Num_Acc,an,mois,jour,hrmn,lum,agg,int,atm,col,com,gps,lat,long,dep
201700000607,17,5,15,1940,1,1,2,1.0,3.0,22286,M,4852311.0,-238257.0,22
201700000608,17,5,18,1515,1,1,1,1.0,6.0,22012,M,4858193.0,-244153.0,22
201700000609,17,5,25,1105,1,1,1,1.0,7.0,22179,M,4865375.0,-237154.0,22
201700000610,17,7,2,1755,1,1,1,1.0,6.0,22143,M,4859007.0,-230384.0,22
201700000611,17,7,17,1145,1,1,1,1.0,4.0,22143,M,4859088.0,-229834.0,22
201700000612,17,7,22,945,1,2,3,1.0,3.0,22282,M,4857872.0,-224938.0,22
201700000613,17,8,11,1405,1,2,2,1.0,3.0,22076,M,4856094.0,-237700.0,22
201700000614,17,1,3,1230,1,1,1,1.0,2.0,22040,M,4852448.0,-316959.0,22
201700000615,17,2,19,1145,1,2,3,1.0,3.0,22070,M,4856023.0,-314853.0,22
201700000616,17,4,7,1140,1,2,6,1.0,3.0,22070,M,4856860.0,-315879.0,22
201700000617,17,5,14,1855,1,2,3,1.0,7.0,22225,M,4854828.0,-313325.0,22
201700000618,17,6,1,1830,1,2,1,1.0,2.0,22070,M,4856070.0,-314788.0,22
201700000619,17,6,20,1810,1,1,2,1.0,3.0,22156,M,4852931.0,-321513.0,22
201700000620,17,7,17,1535,1,1,1,1.0,6.0,22156,M,4852928.0,-321508.0,22
201700000621,17,8,18,1535,1,1,1,1.0,3.0,22272,M,4856688.0,-310434.0,22
201700000622,17,9,14,1655,1,1,2,2.0,3.0,22272,M,4857249.0,-313517.0,22
201700000623,17,10,13,1610,1,2,7,1.0,3.0,22070,M,4856302.0,-314997.0,22
201700000624,17,10,13,900,1,2,1,2.0,6.0,22161,M,4857155.0,-314694.0,22
201700000625,17,11,8,1515,1,2,3,1.0,3.0,22067,M,4855008.0,-317091.0,22
201700000626,17,11,10,1850,3,1,3,1.0,2.0,22272,M,4856207.0,-312173.0,22
201700000627,17,11,18,50,5,2,3,1.0,6.0,22070,M,4856178.0,-315301.0,22
201700000628,17,12,9,1830,3,2,1,2.0,1.0,22070,M,4856122.0,-315303.0,22
201700000629,17,12,20,1245,1,1,1,2.0,1.0,22156,M,4852988.0,-321209.0,22
201700000630,17,3,22,1855,1,2,6,2.0,3.0,22090,M,4877207.0,-336613.0,22
201700000631,17,3,27,1900,1,1,1,1.0,7.0,22324,M,4878544.0,-344815.0,22
201700000632,17,5,25,1800,1,2,1,1.0,6.0,22363,M,4881471.0,-337515.0,22
201700000633,17,6,17,1908,1,1,2,7.0,5.0,22343,M,4879167.0,-355328.0,22
201700000634,17,6,16,1838,1,2,2,1.0,6.0,22168,M,4880285.0,-344322.0,22
201700000635,17,8,1,2320,5,2,2,1.0,3.0,22168,M,4881030.0,-346257.0,22
201700000636,17,8,14,1850,1,2,3,1.0,3.0,22353,M,4882321.0,-350301.0,22
201700000637,17,8,18,1000,1,2,6,1.0,3.0,22168,M,4880646.0,-345952.0,22
201700000638,17,9,17,817,1,2,1,1.0,1.0,22198,M,4879341.0,-352159.0,22
201700000639,17,11,27,1830,5,2,1,3.0,6.0,22134,M,4879489.0,-341367.0,22
201700000640,17,12,18,845,1,1,1,1.0,1.0,22090,M,4878320.0,-336617.0,22
201700000641,17,2,2,1630,1,2,2,1.0,6.0,29046,M,4809009.0,-432857.0,29
201700000642,17,2,7,1050,1,2,3,1.0,3.0,29046,M,4809028.0,-433143.0,29
201700000643,17,4,17,1940,1,2,1,1.0,6.0,29046,M,4809595.0,-434127.0,29
201700000644,17,5,23,1200,1,2,2,1.0,3.0,29046,M,4809314.0,-432892.0,29
201700000645,17,7,23,1600,1,1,1,2.0,6.0,29169,M,4806847.0,-419598.0,29
201700000646,17,9,10,1045,1,2,9,1.0,6.0,29046,M,4807886.0,-433174.0,29
201700000647,17,9,11,1730,1,1,4,2.0,3.0,29169,M,4807762.0,-414552.0,29
201700000648,17,10,4,1220,1,2,2,1.0,3.0,29046,M,4809151.0,-432740.0,29
201700000649,17,10,27,1830,2,1,1,1.0,6.0,29224,M,4805047.0,-432025.0,29
201700000650,17,11,10,2300,3,2,1,2.0,6.0,29046,M,4807931.0,-431378.0,29
201700000651,17,11,16,1900,5,2,1,1.0,6.0,29046,M,4809473.0,-432714.0,29
201700000652,17,2,6,1945,3,1,1,3.0,6.0,29058,M,4787669.0,-399877.0,29
201700000653,17,2,17,1620,1,1,1,1.0,3.0,29057,M,4791477.0,-394735.0,29
201700000654,17,3,25,2304,3,1,3,1.0,3.0,29161,M,4792426.0,-407223.0,29
201700000655,17,5,1,1530,1,1,1,1.0,1.0,29057,M,4790575.0,-399294.0,29
201700000656,17,7,23,500,3,1,3,1.0,1.0,29006,M,4788044.0,-404440.0,29
201700000657,17,8,16,1825,2,1,1,2.0,5.0,29032,M,4789732.0,-408526.0,29
201700000658,17,9,7,1110,1,2,1,8.0,6.0,29058,M,4787355.0,-401130.0,29
201700000659,17,9,17,1630,1,2,1,1.0,1.0,29058,M,4787925.0,-402124.0,29
201700000660,17,10,25,1815,2,1,2,1.0,3.0,29057,M,4791419.0,-400061.0,29
201700000661,17,12,29,415,3,1,3,8.0,6.0,29058,M,4785899.0,-402960.0,29
201700000662,17,2,18,1800,2,2,2,1.0,3.0,29144,M,4844890.0,-416258.0,29
201700000663,17,2,25,1145,1,1,1,1.0,6.0,29294,M,4839115.0,-413288.0,29
201700000664,17,3,10,1540,1,1,3,1.0,3.0,29144,M,4843118.0,-413876.0,29
201700000665,17,3,24,100,3,1,1,1.0,6.0,29181,M,4846931.0,-422935.0,29
201700000666,17,3,27,715,5,2,1,1.0,3.0,29103,M,4845365.0,-426449.0,29
201700000667,17,5,16,715,1,1,2,1.0,7.0,29237,M,4846658.0,-420815.0,29
201700000668,17,6,25,330,3,1,1,1.0,6.0,29237,M,4846390.0,-421781.0,29
201700000669,17,8,24,1915,1,1,1,1.0,7.0,29181,M,4849298.0,-423861.0,29
201700000670,17,9,6,2050,2,2,2,1.0,3.0,29237,M,4847502.0,-420459.0,29
201700000671,17,10,13,1531,1,1,1,1.0,1.0,29180,M,4843844.0,-410083.0,29
201700000672,17,11,3,1815,5,2,6,2.0,3.0,29103,M,4844947.0,-427312.0,29
201700000673,17,11,25,1730,5,2,1,1.0,6.0,29103,M,4845040.0,-424941.0,29
201700000674,17,1,8,2330,3,1,1,1.0,6.0,29248,M,4861406.0,-436402.0,29
201700000675,17,1,20,1650,1,2,6,1.0,3.0,29124,M,4856222.0,-432601.0,29
201700000676,17,1,21,1535,1,1,1,1.0,6.0,29288,M,4855918.0,-428972.0,29
201700000677,17,1,28,2100,5,2,9,2.0,6.0,29055,M,4856503.0,-433555.0,29
201700000678,17,2,23,1800,1,1,2,1.0,3.0,29055,M,4857761.0,-436469.0,29
201700000679,17,2,24,1630,1,2,1,1.0,6.0,29198,M,4860069.0,-430527.0,29
201700000680,17,3,3,230,3,1,1,2.0,6.0,29094,M,4859514.0,-435255.0,29
201700000681,17,3,10,1645,1,1,2,1.0,2.0,29248,M,4861174.0,-437870.0,29
201700000682,17,8,22,1645,1,2,1,1.0,6.0,29124,M,4857584.0,-431844.0,29
201700000683,17,8,31,1600,1,1,1,1.0,3.0,29203,M,4866517.0,-430489.0,29
201700000684,17,9,2,1730,1,1,3,1.0,3.0,29091,M,4863700.0,-439700.0,29
201700000685,17,9,6,1955,1,1,1,1.0,7.0,29288,M,4854807.0,-428025.0,29
201700000686,17,10,29,1745,1,1,1,1.0,6.0,29179,M,4852296.0,-431368.0,29
201700000687,17,12,2,1923,3,1,1,3.0,3.0,29179,M,4853447.0,-431642.0,29
201700000688,17,12,12,1840,3,1,1,2.0,1.0,29248,M,4859935.0,-438592.0,29
201700000689,17,1,1,1415,1,1,1,1.0,1.0,29209,M,4854427.0,-450030.0,29
201700000690,17,3,12,1815,1,1,3,1.0,3.0,29280,M,4822962.0,-433684.0,29
201700000691,17,3,25,1700,1,1,1,6.0,6.0,29042,M,4828693.0,-450575.0,29
201700000692,17,4,2,1615,1,2,1,1.0,6.0,29022,M,4827949.0,-460051.0,29
201700000693,17,5,1,1800,1,2,1,1.0,2.0,29042,M,4822909.0,-450289.0,29
201700000694,17,5,22,1625,1,1,6,1.0,3.0,29042,M,4827957.0,-452892.0,29
201700000695,17,5,26,1130,1,1,1,1.0,1.0,29042,M,4828905.0,-456587.0,29
201700000696,17,7,8,1730,1,2,1,1.0,6.0,29001,M,4823990.0,-431414.0,29
201700000697,17,8,9,1820,1,2,1,2.0,3.0,29256,M,4819413.0,-430233.0,29
201700000698,17,10,6,2335,3,1,1,1.0,6.0,29280,M,4822751.0,-432407.0,29
201700000699,17,10,13,1840,2,1,2,5.0,5.0,29104,M,4826282.0,-433501.0,29
201700000700,17,2,4,2355,3,1,1,3.0,1.0,56157,M,4778842.0,-272729.0,56
201700000701,17,1,1,415,3,1,1,5.0,6.0,56247,M,4765537.0,-257144.0,56
201700000702,17,1,16,1640,1,1,1,2.0,1.0,56023,M,4769181.0,-299392.0,56
201700000703,17,1,22,825,2,1,1,1.0,7.0,56023,M,4771954.0,-306552.0,56
201700000704,17,1,26,1855,3,1,1,1.0,7.0,56023,M,4773779.0,-301669.0,56
201700000705,17,2,8,2150,5,2,1,1.0,3.0,56007,M,4767407.0,-300104.0,56
201700000706,17,2,9,1055,1,2,1,7.0,6.0,56007,M,4767091.0,-299237.0,56
201700000707,17,2,8,1845,2,2,6,1.0,3.0,56007,M,4767044.0,-299035.0,56
201700000708,17,3,24,1000,1,2,1,7.0,2.0,56007,M,4766543.0,-298231.0,56
201700000709,17,3,28,830,1,2,1,1.0,6.0,56176,M,4767543.0,-295786.0,56
201700000710,17,4,7,1410,1,1,3,1.0,4.0,56023,M,4769932.0,-300693.0,56
201700000711,17,4,29,1940,1,1,1,1.0,2.0,56046,M,4765691.0,-302158.0,56
201700000712,17,5,26,2315,3,1,1,1.0,6.0,56046,M,4761161.0,-297127.0,56
201700000713,17,6,13,1436,1,2,1,1.0,2.0,56007,M,4767661.0,-300611.0,56
201700000714,17,6,19,940,1,1,6,1.0,3.0,56263,M,4770360.0,-293840.0,56
201700000715,17,7,6,2050,1,2,1,1.0,6.0,56007,M,4766752.0,-297162.0,56
201700000716,17,7,12,1110,1,2,4,1.0,1.0,56176,M,4766482.0,-295656.0,56
201700000717,17,7,18,1410,1,2,6,1.0,6.0,56007,M,4766459.0,-300604.0,56
201700000718,17,7,30,1,5,2,3,1.0,3.0,56263,M,4770161.0,-295533.0,56
201700000719,17,9,16,1245,1,1,6,8.0,3.0,56046,M,4766589.0,-302305.0,56
201700000720,17,9,20,1000,1,2,3,1.0,3.0,56007,M,4767287.0,-298268.0,56
201700000721,17,10,3,945,1,2,6,1.0,6.0,56176,M,4767486.0,-295761.0,56
201700000722,17,10,30,1430,1,1,1,1.0,7.0,56176,M,4767173.0,-292698.0,56
201700000723,17,11,25,2000,5,2,1,1.0,6.0,56007,M,4767066.0,-298833.0,56
201700000724,17,12,11,630,3,1,1,6.0,7.0,56007,M,4765891.0,-300389.0,56
201700000725,17,12,30,2000,3,1,1,6.0,6.0,56023,M,4772986.0,-302368.0,56
201700000726,17,5,24,1800,1,1,1,1.0,1.0,56241,M,4734236.0,-322832.0,56
201700000727,17,5,27,2005,1,1,1,1.0,1.0,56152,M,4733373.0,-314804.0,56
201700000728,17,7,19,1130,1,1,1,1.0,7.0,56114,M,4732027.0,-311904.0,56
201700000729,17,8,2,1545,1,1,1,1.0,6.0,56152,M,4735246.0,-317758.0,56
201700000730,17,8,8,1810,1,1,3,1.0,3.0,56152,M,4735592.0,-316858.0,56
201700000731,17,8,20,543,3,2,1,1.0,6.0,56152,M,4733531.0,-316245.0,56
201700000732,17,8,20,245,3,1,1,1.0,1.0,56152,M,4735925.0,-320213.0,56
201700000733,17,10,1,110,3,1,1,3.0,5.0,56241,M,4736366.0,-321763.0,56
201700000734,17,11,20,900,1,1,1,1.0,6.0,56152,M,4733288.0,-316415.0,56
201700000735,17,12,25,1015,1,1,1,6.0,6.0,56009,M,4732752.0,-319334.0,56
201700000736,17,9,8,1830,1,2,1,2.0,6.0,56069,M,4763839.0,-345607.0,56
201700000737,17,2,10,1725,1,1,1,1.0,3.0,14691,M,4910910.0,-31792.0,14
201700000738,17,4,7,700,2,1,1,1.0,7.0,14088,M,4896100.0,-22831.0,14
201700000739,17,4,21,410,3,1,1,1.0,2.0,14554,M,4908650.0,-30496.0,14
201700000740,17,4,26,815,1,1,1,4.0,3.0,14691,M,4911050.0,-31875.0,14
201700000741,17,6,22,840,1,1,1,1.0,2.0,14160,M,4906972.0,-29512.0,14
201700000742,17,6,26,113,3,1,1,1.0,6.0,14554,M,4907326.0,-29715.0,14
201700000743,17,3,24,2030,5,2,1,1.0,7.0,14562,M,4932970.0,-39343.0,14
201700000744,17,3,31,1815,1,2,1,1.0,6.0,14228,M,4929560.0,-37652.0,14
201700000745,17,4,21,1455,1,1,1,1.0,2.0,14170,M,4926450.0,-42113.0,14
201700000746,17,11,15,1730,2,2,1,1.0,6.0,14228,M,4929693.0,-37339.0,14
201700000747,17,12,18,1745,5,2,1,9.0,6.0,14228,M,4929399.0,-37889.0,14
201700000748,17,2,3,845,1,2,1,6.0,6.0,14076,M,,,14
201700000749,17,3,7,1230,1,1,1,1.0,2.0,14076,M,4922030.0,-31321.0,14
201700000750,17,4,15,1110,1,2,1,1.0,6.0,14488,M,4928460.0,-26222.0,14
201700000751,17,5,29,648,1,2,1,1.0,6.0,14060,M,4924230.0,-27390.0,14
201700000752,17,7,7,735,1,1,1,1.0,6.0,14407,M,4925259.0,-37990.0,14
201700000753,17,8,4,1505,1,2,3,1.0,3.0,14488,M,4928833.0,-25273.0,14
201700000754,17,8,26,1030,1,1,1,1.0,2.0,14407,M,4924105.0,-37193.0,14
201700000755,17,8,27,20,3,1,1,1.0,6.0,14060,M,4924775.0,-28494.0,14
201700000756,17,10,11,735,2,2,6,1.0,3.0,14488,M,4926490.0,-26140.0,14
201700000757,17,10,14,1410,1,2,1,1.0,1.0,14325,M,4929558.0,-29677.0,14
201700000758,17,10,14,1525,1,1,1,7.0,1.0,14166,M,4926356.0,-31088.0,14
201700000759,17,11,28,800,2,1,1,2.0,5.0,14365,M,4929924.0,-33259.0,14
201700000760,17,1,6,1830,5,2,1,1.0,6.0,14712,M,4917950.0,-18969.0,14
201700000761,17,1,23,1030,1,1,1,9.0,7.0,14530,M,4922500.0,-26526.0,14
201700000762,17,3,27,630,2,2,1,1.0,3.0,14712,M,4918260.0,-18028.0,14
201700000763,17,4,9,1700,1,2,2,1.0,2.0,14409,M,4928480.0,-20239.0,14
201700000764,17,4,11,1430,1,1,1,1.0,1.0,14328,M,,,14
201700000765,17,4,15,1415,1,1,2,1.0,3.0,14530,M,4923620.0,-23810.0,14
201700000766,17,6,4,1530,1,2,1,7.0,7.0,14409,M,4928263.0,-19240.0,14
201700000767,17,6,11,1550,1,1,1,1.0,7.0,14036,M,4916661.0,-21385.0,14
201700000768,17,7,9,1200,1,1,1,1.0,6.0,14724,M,4925606.0,-13404.0,14
201700000769,17,9,5,1640,1,1,2,1.0,5.0,14698,M,4920649.0,-22104.0,14
201700000770,17,11,5,300,3,1,1,2.0,1.0,14306,M,4926039.0,-20036.0,14
201700000771,17,1,19,815,1,1,2,1.0,3.0,14047,M,4926650.0,-70982.0,14
201700000772,17,2,10,1815,5,2,1,3.0,6.0,14047,M,4927830.0,-71904.0,14
201700000773,17,2,21,1405,1,2,1,8.0,6.0,14047,M,4927990.0,-70958.0,14
201700000774,17,3,27,1720,1,1,2,1.0,3.0,14047,M,4926650.0,-70982.0,14
201700000775,17,4,3,1130,1,2,2,1.0,3.0,14047,M,4927550.0,-71635.0,14
201700000776,17,4,10,1650,1,2,1,1.0,2.0,14047,M,4927740.0,-71250.0,14
201700000777,17,6,26,1550,1,2,1,7.0,6.0,14047,M,4928084.0,-70648.0,14
201700000778,17,7,8,2345,3,1,1,1.0,7.0,14732,M,4929719.0,-70304.0,14
201700000779,17,7,10,2130,2,2,9,1.0,1.0,14236,M,4921657.0,-71145.0,14
201700000780,17,9,29,1450,1,2,9,8.0,4.0,14047,M,4927768.0,-71798.0,14
201700000781,17,10,27,145,3,1,1,5.0,2.0,14159,M,4920183.0,-64605.0,14
201700000782,17,11,4,110,5,2,6,1.0,6.0,14047,M,4928248.0,-71964.0,14
201700000783,17,11,16,1630,1,2,6,1.0,3.0,14047,M,4927359.0,-71295.0,14
201700000784,17,12,5,1930,5,2,6,1.0,1.0,14047,M,4927186.0,-70303.0,14
201700000785,17,12,13,1800,5,2,1,2.0,6.0,14663,M,,,14
201700000786,17,3,3,2210,3,1,1,2.0,6.0,14720,M,4895780.0,-29962.0,14
201700000787,17,3,8,1500,1,1,1,1.0,6.0,14064,M,4894820.0,-8522.0,14
201700000788,17,3,26,1430,1,1,1,1.0,1.0,14452,M,4890550.0,-10783.0,14
201700000789,17,4,5,1810,1,2,1,1.0,7.0,14720,M,4895210.0,-27912.0,14
201700000790,17,7,31,1720,1,1,1,1.0,6.0,14332,M,4886067.0,-17404.0,14
201700000791,17,8,6,2145,3,1,1,1.0,6.0,14240,M,4893789.0,-15486.0,14
201700000792,17,10,13,1600,1,1,1,1.0,6.0,14649,M,4887305.0,-19726.0,14
201700000793,17,10,25,655,5,2,3,1.0,3.0,14452,M,4892450.0,-7121.0,14
201700000794,17,11,14,825,1,1,1,1.0,2.0,14498,M,4888743.0,-10689.0,14
201700000795,17,11,16,950,1,1,6,1.0,7.0,14332,M,4885393.0,-17892.0,14
201700000796,17,11,22,1130,1,1,3,1.0,2.0,14737,M,4892007.0,-18534.0,14
201700000797,17,1,4,1615,1,1,1,1.0,5.0,14127,M,,,14
201700000798,17,2,6,1115,1,1,1,1.0,7.0,14671,M,4885700.0,-103523.0,14
201700000799,17,3,27,2205,3,1,1,1.0,6.0,14187,M,,,14
201700000800,17,5,25,1735,1,2,1,1.0,1.0,14762,M,4883543.0,-89368.0,14
201700000801,17,6,11,1015,1,1,4,1.0,7.0,14511,M,4892915.0,-97702.0,14
201700000802,17,7,21,1815,1,1,1,1.0,4.0,14762,M,4888203.0,-85638.0,14
201700000803,17,9,8,1100,1,2,3,1.0,3.0,14762,M,4885652.0,-87956.0,14
201700000804,17,9,8,1200,1,1,3,2.0,1.0,14584,M,4879305.0,-89433.0,14
201700000805,17,10,13,2000,2,1,2,1.0,3.0,14417,M,4884031.0,-98668.0,14
201700000806,17,11,13,800,1,2,6,1.0,6.0,14762,M,4883840.0,-88906.0,14
201700000807,17,11,18,1345,1,2,1,1.0,3.0,14762,M,4885008.0,-88207.0,14
201700000808,17,6,20,1655,1,1,1,1.0,7.0,50099,M,4929669.0,-125538.0,50
201700000809,17,7,8,1620,1,1,1,7.0,6.0,50631,M,4930865.0,-114055.0,50
201700000810,17,7,10,1445,1,1,3,1.0,1.0,50445,M,4922809.0,-125446.0,50
201700000811,17,7,13,1615,1,1,1,1.0,2.0,50099,M,4931265.0,-125778.0,50
201700000812,17,7,19,1200,1,2,1,1.0,1.0,50099,M,4929915.0,-124551.0,50
201700000813,17,8,16,2120,2,2,1,1.0,7.0,50099,M,4930179.0,-126230.0,50
201700000814,17,8,24,1625,1,1,1,1.0,1.0,50023,M,4929597.0,-129524.0,50
201700000815,17,9,25,1445,1,2,2,1.0,6.0,50099,M,4930430.0,-124531.0,50
201700000816,17,11,9,740,2,1,1,1.0,3.0,50422,M,,,50
201700000817,17,1,18,1535,1,1,3,1.0,3.0,50202,M,4901857.0,-99307.0,50
201700000818,17,1,30,1600,1,1,2,1.0,3.0,50202,M,4902520.0,-99610.0,50
201700000819,17,2,13,1440,1,1,4,1.0,2.0,94054,M,4872940.0,236882.0,94
201700000820,17,3,14,1240,1,1,4,1.0,4.0,94054,M,4873010.0,237073.0,94
201700000821,17,3,16,1500,1,1,1,1.0,2.0,94054,M,,,94
201700000822,17,3,31,1430,1,1,1,1.0,6.0,94054,M,4873300.0,237170.0,94
201700000823,17,3,24,545,2,1,1,1.0,3.0,94054,M,4872930.0,235960.0,94
201700000824,17,4,6,1800,1,1,1,1.0,2.0,94054,M,4873760.0,236495.0,94
201700000825,17,4,7,1430,1,1,1,1.0,2.0,94054,M,4873290.0,236713.0,94
201700000826,17,4,12,1720,1,1,1,1.0,6.0,94054,M,4872770.0,236015.0,94
201700000827,17,4,25,450,5,1,1,1.0,6.0,94054,M,4872930.0,237049.0,94
201700000828,17,5,1,600,2,1,1,1.0,6.0,94054,M,4872830.0,236659.0,94
201700000829,17,5,28,530,2,1,1,1.0,6.0,50404,M,4903969.0,-91565.0,50
201700000830,17,5,16,800,1,1,1,1.0,2.0,94054,M,4873030.0,236801.0,94
201700000831,17,5,22,700,1,2,1,1.0,5.0,94054,M,4873810.0,236458.0,94
201700000832,17,6,16,1525,1,1,1,1.0,7.0,50492,M,4908747.0,-102248.0,50
201700000833,17,7,12,1150,1,1,1,2.0,5.0,50032,M,4911757.0,-103872.0,50
201700000834,17,6,16,1020,1,1,1,1.0,6.0,94054,M,4872880.0,236023.0,94
201700000835,17,9,24,1845,2,1,1,2.0,3.0,50139,M,4903785.0,-100014.0,50
201700000836,17,10,2,615,3,1,2,1.0,3.0,50224,M,4898581.0,-95501.0,50
201700000837,17,10,6,2015,3,1,1,1.0,7.0,50601,M,4903479.0,-99055.0,50
201700000838,17,10,26,650,3,1,3,5.0,6.0,50556,M,4906463.0,-104758.0,50
201700000839,17,10,26,700,2,1,1,5.0,6.0,50492,M,4909080.0,-100535.0,50
201700000840,17,11,12,45,3,2,1,2.0,6.0,50444,M,4901812.0,-91837.0,50
201700000841,17,12,6,1615,1,1,1,1.0,6.0,50444,M,4903624.0,-93326.0,50
201700000842,17,12,9,640,5,2,1,9.0,6.0,50139,M,4905257.0,-104010.0,50
201700000843,17,12,22,805,3,1,1,2.0,5.0,50601,M,4902637.0,-98838.0,50
201700000844,17,8,31,1300,1,1,1,1.0,2.0,94054,M,,,94
201700000845,17,9,20,1310,1,1,1,1.0,6.0,94054,M,,,94
201700000846,17,10,6,1700,1,1,1,1.0,5.0,94054,M,,,94
201700000847,17,10,9,1125,1,1,1,1.0,6.0,94054,M,,,94
201700000848,17,10,31,1830,5,1,1,1.0,2.0,94054,M,,,94
201700000849,17,11,16,1635,1,1,1,1.0,5.0,94054,M,,,94
201700000850,17,11,14,2110,5,1,1,1.0,4.0,94054,M,,,94
201700000851,17,3,25,1800,1,1,1,1.0,7.0,50288,M,4868758.0,-138101.0,50
201700000852,17,4,10,1820,1,1,3,1.0,3.0,50616,M,4866207.0,-135353.0,50
201700000853,17,4,21,1720,1,2,1,1.0,2.0,50025,M,4868356.0,-135383.0,50
201700000854,17,5,23,1725,1,1,3,1.0,3.0,50616,M,4867173.0,-137324.0,50
201700000855,17,6,8,1925,1,2,6,1.0,7.0,50025,M,4868919.0,-136289.0,50
201700000856,17,6,14,1500,1,1,1,1.0,6.0,50616,M,4866207.0,-135353.0,50
201700000857,17,6,27,1220,1,2,3,1.0,3.0,50025,M,4869118.0,-135338.0,50
201700000858,17,7,7,1715,1,1,1,7.0,5.0,50616,M,4863961.0,-135171.0,50
201700000859,17,9,2,1155,1,1,6,1.0,7.0,50411,M,4871326.0,-134304.0,50
201700000860,17,9,20,1315,1,2,3,1.0,2.0,50516,M,4867854.0,-135513.0,50
201700000861,17,9,30,1230,1,2,6,1.0,3.0,50025,M,4869827.0,-134518.0,50
201700000862,17,10,1,1245,1,1,3,2.0,7.0,50554,M,4869126.0,-132697.0,50
201700000863,17,10,28,1410,1,1,1,1.0,3.0,50505,M,4867386.0,-129031.0,50
201700000864,17,11,6,1600,1,2,1,1.0,6.0,50025,M,4869496.0,-134837.0,50
201700000865,17,12,5,700,3,1,1,2.0,1.0,50489,M,4873574.0,-134669.0,50
201700000866,17,1,25,900,1,1,3,1.0,3.0,50242,M,4967360.0,-186857.0,50
201700000867,17,2,4,1600,1,1,1,1.0,1.0,50519,M,4955956.0,-163788.0,50
201700000868,17,3,4,845,1,1,1,8.0,7.0,50220,M,4967766.0,-176438.0,50
201700000869,17,2,24,1700,1,1,1,1.0,6.0,50163,M,4968066.0,-186227.0,50
201700000870,17,3,7,645,2,1,1,1.0,7.0,50294,M,4958523.0,-165515.0,50
201700000871,17,3,27,730,2,1,3,1.0,5.0,50643,M,4957439.0,-171551.0,50
201700000872,17,4,23,730,2,1,1,1.0,7.0,50386,M,4970738.0,-184252.0,50
201700000873,17,4,26,1720,1,1,1,1.0,4.0,50575,M,4958762.0,-168557.0,50
201700000874,17,5,20,1130,1,1,1,1.0,2.0,50643,M,4957230.0,-172763.0,50
201700000875,17,5,26,655,1,1,1,1.0,1.0,50230,M,4958960.0,-163048.0,50
201700000876,17,6,23,510,2,1,1,1.0,6.0,50575,M,4958560.0,-169068.0,50
201700000877,17,7,9,240,5,2,1,1.0,6.0,50149,M,4955086.0,-167081.0,50
201700000878,17,7,12,945,1,1,1,3.0,7.0,50386,M,4969730.0,-184113.0,50
201700000879,17,9,3,1840,1,1,1,3.0,6.0,50001,M,4959784.0,-175257.0,50
201700000880,17,9,10,230,3,1,1,1.0,6.0,50230,M,4956869.0,-166348.0,50
201700000881,17,9,25,315,3,1,1,5.0,6.0,50001,M,4961776.0,-174705.0,50
201700000882,17,10,14,1745,1,1,1,1.0,2.0,50643,M,4957207.0,-172023.0,50
201700000883,17,12,6,1815,5,2,1,1.0,6.0,50041,M,4966331.0,-183708.0,50
201700000884,17,12,14,1745,5,1,1,2.0,6.0,50294,M,4960326.0,-166280.0,50
201700000885,17,1,5,1045,1,2,3,1.0,3.0,01053,M,4621116.0,524383.0,01
201700000886,17,1,7,1429,1,1,2,1.0,3.0,01344,M,4619070.0,519675.0,01
201700000887,17,1,11,1225,1,2,1,1.0,6.0,01053,M,4620002.0,521548.0,01
201700000888,17,1,14,1400,1,2,1,1.0,6.0,01053,M,4619577.0,522063.0,01
201700000889,17,1,16,1432,1,1,2,1.0,3.0,01451,M,4624999.0,520584.0,01
201700000890,17,2,1,1215,1,2,1,1.0,6.0,01451,M,4625566.0,521463.0,01
201700000891,17,3,26,145,5,2,7,1.0,6.0,01053,M,4620693.0,522788.0,01
201700000892,17,4,10,1339,1,2,3,1.0,3.0,01053,M,4621126.0,524665.0,01
201700000893,17,4,14,1925,1,2,2,1.0,1.0,01053,M,4619635.0,526561.0,01
201700000894,17,4,19,2110,5,2,3,1.0,3.0,01053,M,4621727.0,521995.0,01
201700000895,17,4,22,2105,5,2,1,1.0,6.0,01053,M,4618969.0,523099.0,01
201700000896,17,4,23,1610,1,2,1,1.0,3.0,01289,M,4617831.0,520883.0,01
201700000897,17,5,2,1450,1,2,2,3.0,1.0,01451,M,4622222.0,520891.0,01
201700000898,17,5,2,1645,1,2,1,2.0,5.0,01053,M,4621377.0,521747.0,01
201700000899,17,5,5,1105,1,2,1,1.0,7.0,01053,M,4620269.0,524528.0,01
201700000900,17,6,4,1615,1,1,1,1.0,1.0,01344,M,4620800.0,520200.0,01
201700000901,17,6,8,1455,1,2,3,1.0,3.0,01053,M,4620174.0,524205.0,01
201700000902,17,6,8,1955,1,2,3,1.0,3.0,01053,M,4621022.0,522149.0,01
201700000903,17,6,14,1730,1,2,1,2.0,6.0,01344,M,4620026.0,519355.0,01
201700000904,17,6,21,1915,1,1,1,1.0,1.0,01289,M,4616910.0,520490.0,01
201700000905,17,6,26,2055,1,1,1,1.0,3.0,01451,M,4621438.0,520556.0,01
201700000906,17,6,26,2340,3,1,1,1.0,7.0,01451,M,4623913.0,519443.0,01
201700000907,17,7,10,2050,2,2,5,8.0,3.0,01053,M,4620789.0,523584.0,01
201700000908,17,7,12,1415,1,2,2,7.0,6.0,01053,M,4620190.0,522097.0,01
201700000909,17,7,16,2110,2,2,3,1.0,6.0,01053,M,4620027.0,521540.0,01