Num_Acc,an,mois,jour,hrmn,lum,agg,int,atm,col,com,gps,lat,long,dep
201700000910,17,7,19,1325,1,2,2,1.0,1.0,01053,M,4621022.0,522150.0,01
201700000911,17,8,5,1100,1,2,6,1.0,3.0,01053,M,4622801.0,522893.0,01
201700000912,17,8,6,635,1,2,1,1.0,1.0,01053,M,4620359.0,523399.0,01
201700000913,17,8,8,1416,1,2,1,2.0,1.0,01053,M,4621844.0,524526.0,01
201700000914,17,8,17,1630,1,2,2,1.0,3.0,01053,M,4620351.0,524288.0,01
201700000915,17,9,1,1020,1,2,1,1.0,2.0,01053,M,4619587.0,521972.0,01
201700000916,17,9,14,150,5,2,6,1.0,6.0,01053,M,4620596.0,523463.0,01
201700000917,17,9,23,1655,1,2,3,1.0,3.0,01053,M,4620313.0,523367.0,01
201700000918,17,9,30,1300,1,2,1,3.0,3.0,01451,M,4621335.0,521801.0,01
201700000919,17,10,12,740,1,2,1,1.0,3.0,01053,M,4620763.0,522576.0,01
201700000920,17,10,17,1055,1,2,1,1.0,6.0,01053,M,4620202.0,521468.0,01
201700000921,17,10,19,815,1,1,1,1.0,4.0,01451,M,4623498.0,519791.0,01
201700000922,17,10,21,830,1,2,1,1.0,4.0,01053,M,4619545.0,523670.0,01
201700000923,17,10,26,645,4,2,2,1.0,3.0,01053,M,4620355.0,524241.0,01
201700000924,17,10,28,1920,5,2,1,1.0,3.0,01344,M,4619984.0,518939.0,01
201700000925,17,11,9,1735,5,2,1,1.0,1.0,01451,M,4625594.0,521447.0,01
201700000926,17,11,30,1425,1,2,3,2.0,6.0,01053,M,4620255.0,521534.0,01
201700000927,17,12,2,850,1,1,1,8.0,1.0,01451,M,4622748.0,520446.0,01
201700000928,17,12,6,2215,5,2,1,1.0,6.0,01053,M,4620983.0,521840.0,01
201700000929,17,12,8,310,5,2,8,3.0,6.0,01053,M,4619251.0,522095.0,01
201700000930,17,12,8,740,5,1,1,3.0,5.0,01451,M,4622233.0,520621.0,01
201700000931,17,12,13,1640,2,1,1,2.0,1.0,01344,M,4619508.0,519828.0,01
201700000932,17,12,13,1840,5,2,2,2.0,6.0,01053,M,4620985.0,522560.0,01
201700000933,17,12,13,1750,5,2,2,2.0,1.0,01053,M,4619577.0,523713.0,01
201700000934,17,12,13,1840,5,2,1,2.0,6.0,01053,M,4620572.0,523567.0,01
201700000935,17,12,14,1815,3,2,1,2.0,6.0,01053,M,4620461.0,523907.0,01
201700000936,17,12,18,1655,2,2,2,2.0,6.0,01053,M,4620010.0,522030.0,01
201700000937,17,12,20,1744,5,2,1,2.0,6.0,01053,M,4620801.0,523791.0,01
201700000938,17,12,22,1905,5,2,1,2.0,3.0,01053,M,4619412.0,521411.0,01
201700000939,17,1,23,1640,1,1,1,1.0,1.0,61182,M,4845806.0,-6524.0,61
201700000940,17,1,30,950,1,1,1,5.0,6.0,61203,M,4838656.0,2011.0,61
201700000941,17,2,3,1135,1,1,1,2.0,3.0,61213,M,4847372.0,-12164.0,61
201700000942,17,3,28,1555,1,1,1,1.0,3.0,61080,M,4855681.0,-10490.0,61
201700000943,17,5,21,1750,1,1,2,1.0,3.0,61111,M,4847769.0,3284.0,61
201700000944,17,5,28,1915,1,1,1,1.0,1.0,61074,M,4857605.0,-16825.0,61
201700000945,17,6,1,2245,4,1,1,1.0,6.0,61321,M,4844733.0,-1048.0,61
201700000946,17,10,19,1900,2,1,2,1.0,3.0,61453,M,4857341.0,-9561.0,61
201700000947,17,11,18,345,5,1,1,5.0,6.0,61234,M,4845134.0,5856.0,61
201700000948,17,12,22,1455,1,1,1,1.0,7.0,61509,M,4851485.0,13563.0,61
201700000949,17,1,1,1810,3,2,3,2.0,3.0,61163,M,4865684.0,-50659.0,61
201700000950,17,1,2,835,2,1,1,4.0,6.0,61091,M,4861641.0,-55120.0,61
201700000951,17,2,8,1320,1,2,6,1.0,3.0,44204,M,4726649.0,-144120.0,44
201700000952,17,4,15,215,5,1,1,1.0,2.0,44172,M,4727673.0,-146531.0,44
201700000953,17,4,11,1543,1,1,1,1.0,3.0,44026,M,4731355.0,-143832.0,44
201700000954,17,10,7,850,1,2,1,1.0,1.0,44026,M,4728328.0,-147483.0,44
201700000955,17,12,25,1800,5,1,1,1.0,6.0,44026,M,4726592.0,-148781.0,44
201700000956,17,1,12,1235,1,2,2,2.0,3.0,44198,M,4713575.0,-152067.0,44
201700000957,17,1,16,830,2,2,1,2.0,6.0,44215,M,4717249.0,-147095.0,44
201700000958,17,1,18,700,3,1,1,1.0,6.0,44037,M,4712709.0,-144945.0,44
201700000959,17,1,26,1020,1,1,3,1.0,3.0,44037,M,4710519.0,-144119.0,44
201700000960,17,2,5,1635,1,2,1,2.0,3.0,44198,M,4713352.0,-151865.0,44
201700000961,17,4,7,1825,1,2,1,7.0,6.0,44215,M,4716958.0,-147305.0,44
201700000962,17,11,6,710,5,2,9,1.0,6.0,44215,M,4717793.0,-150432.0,44
201700000963,17,12,12,1805,3,1,1,1.0,1.0,44215,M,4714968.0,-146396.0,44
201700000964,17,1,6,1915,3,1,1,1.0,1.0,44073,M,4739306.0,-165039.0,44
201700000965,17,4,1,1630,1,1,2,1.0,3.0,44122,M,4742313.0,-143572.0,44
201700000966,17,5,21,2000,1,1,1,1.0,6.0,44073,M,4744247.0,-157858.0,44
201700000967,17,6,18,350,3,1,1,1.0,6.0,44110,M,4742834.0,-155522.0,44
201700000968,17,6,17,1800,1,1,1,1.0,1.0,44110,M,4744262.0,-148102.0,44
201700000969,17,10,9,1330,1,1,1,1.0,6.0,44110,M,4743153.0,-152948.0,44
201700000970,17,11,8,800,2,1,1,1.0,5.0,44073,M,4742432.0,-162442.0,44
201700000971,17,11,19,2120,3,1,1,8.0,3.0,44122,M,4741475.0,-147192.0,44
201700000972,17,6,21,2005,1,2,1,7.0,6.0,44047,M,4721335.0,-172540.0,44
201700000973,17,9,1,2355,5,2,1,1.0,7.0,44047,M,4721010.0,-171172.0,44
201700000974,17,10,3,945,1,2,6,1.0,3.0,44047,M,4721494.0,-168590.0,44
201700000975,17,11,2,815,2,2,6,5.0,3.0,44047,M,4722036.0,-168841.0,44
201700000976,17,11,12,1610,2,2,1,7.0,1.0,44047,M,4721388.0,-173067.0,44
201700000977,17,12,9,1000,1,2,1,1.0,2.0,44047,M,4721339.0,-172164.0,44
201700000978,17,2,25,915,1,2,1,1.0,6.0,44103,M,4733156.0,-215907.0,44
201700000979,17,3,29,1640,1,2,1,1.0,6.0,44052,M,4732158.0,-206247.0,44
201700000980,17,6,26,1005,1,1,9,1.0,7.0,44103,M,4730027.0,-217888.0,44
201700000981,17,7,7,1245,1,1,1,1.0,6.0,44103,M,4731795.0,-216004.0,44
201700000982,17,8,18,1805,1,1,1,1.0,7.0,44103,M,4731677.0,-214973.0,44
201700000983,17,8,20,30,3,1,1,1.0,6.0,44103,M,4729928.0,-217900.0,44
201700000984,17,8,25,1715,1,2,1,1.0,6.0,44210,M,4730180.0,-221246.0,44
201700000985,17,10,5,1120,1,2,3,1.0,3.0,44210,M,4730789.0,-218493.0,44
201700000986,17,10,23,2230,3,1,1,2.0,7.0,44210,M,4729424.0,-220785.0,44
201700000987,17,1,22,100,3,1,1,1.0,7.0,44025,M,4743496.0,-196540.0,44
201700000988,17,1,25,1957,3,1,1,1.0,1.0,44089,M,4734393.0,-186683.0,44
201700000989,17,2,28,1330,1,1,1,1.0,6.0,44025,M,4741719.0,-198635.0,44
201700000990,17,6,28,1615,1,2,1,1.0,6.0,44195,M,4735840.0,-193894.0,44
201700000991,17,7,26,430,3,1,1,1.0,6.0,44089,M,4735634.0,-186321.0,44
201700000992,17,9,2,1415,1,1,2,1.0,3.0,44025,M,4740992.0,-193344.0,44
201700000993,17,10,15,700,3,1,1,5.0,6.0,44195,M,4734012.0,-191915.0,44
201700000994,17,11,23,1500,1,2,1,1.0,3.0,44195,M,4735731.0,-194128.0,44
201700000995,17,3,29,835,1,1,2,7.0,5.0,49280,M,4749338.0,-20678.0,49
201700000996,17,3,31,2125,5,2,1,1.0,3.0,49201,M,4740215.0,-26909.0,49
201700000997,17,5,7,700,1,1,1,1.0,6.0,49021,M,4743532.0,-21561.0,49
201700000998,17,5,21,955,1,1,6,1.0,7.0,49021,M,4743429.0,-20333.0,49
201700000999,17,7,3,820,1,2,9,1.0,7.0,49147,M,4746763.0,-23042.0,49
201700001000,17,7,12,2020,1,1,1,1.0,7.0,49049,M,4744692.0,-17003.0,49
201700001001,17,7,22,430,3,1,1,3.0,7.0,49201,M,4741553.0,-25077.0,49
201700001002,17,8,29,2140,3,2,1,1.0,1.0,49147,M,4745599.0,-22940.0,49
201700001003,17,11,1,1530,1,1,1,1.0,7.0,49201,M,4741392.0,-23546.0,49
201700001004,17,12,8,1810,3,1,1,1.0,4.0,49194,M,4747374.0,-29045.0,49
201700001005,17,12,28,1625,1,2,1,1.0,3.0,49021,M,4743609.0,-20622.0,49
201700001006,17,1,4,741,3,1,1,5.0,1.0,49243,M,4722397.0,-89524.0,49
201700001007,17,3,26,715,2,1,1,1.0,2.0,49072,M,4718742.0,-100364.0,49
201700001008,17,5,10,1235,1,1,1,1.0,3.0,49162,M,4720131.0,-84399.0,49
201700001009,17,6,20,555,2,2,1,1.0,3.0,49006,M,4717557.0,-95129.0,49
201700001010,17,6,23,1745,1,2,1,1.0,6.0,49006,M,4717165.0,-95143.0,49
201700001011,17,7,29,1655,1,1,1,1.0,1.0,49151,M,4720159.0,-113758.0,49
201700001012,17,8,24,1205,1,1,1,1.0,3.0,49243,M,4723111.0,-92885.0,49
201700001013,17,9,7,845,1,1,1,1.0,7.0,49375,M,4715928.0,-105266.0,49
201700001014,17,11,20,1345,1,1,1,1.0,6.0,49239,M,4725721.0,-89331.0,49
201700001015,17,11,20,1755,3,1,1,1.0,4.0,49006,M,4718371.0,-98127.0,49
201700001016,17,12,28,1745,2,1,1,1.0,7.0,49023,M,4720741.0,-93805.0,49
201700001017,17,1,2,1515,1,1,1,1.0,6.0,49301,M,4713660.0,-95709.0,49
201700001018,17,1,9,1845,5,2,1,2.0,6.0,49299,M,4709246.0,-91018.0,49
201700001019,17,1,11,1645,1,2,1,1.0,6.0,49332,M,4706231.0,-93817.0,49
201700001020,17,1,15,230,3,1,1,1.0,6.0,49349,M,4714241.0,-117696.0,49
201700001021,17,2,5,200,3,1,1,2.0,3.0,49193,M,4715188.0,-89390.0,49
201700001022,17,2,7,1210,1,2,9,1.0,6.0,49193,M,4713702.0,-89119.0,49
201700001023,17,2,25,1820,1,2,1,1.0,6.0,49285,M,4712269.0,-112111.0,49
201700001024,17,3,4,1645,1,2,9,1.0,1.0,49350,M,4703696.0,-111624.0,49
201700001025,17,3,11,1826,1,1,1,1.0,2.0,49260,M,4705699.0,-98498.0,49
201700001026,17,3,16,1225,1,1,1,1.0,6.0,49258,M,4712809.0,-105616.0,49
201700001027,17,4,2,1255,1,2,1,1.0,6.0,49301,M,4712359.0,-99209.0,49
201700001028,17,4,3,1820,1,1,1,7.0,1.0,49273,M,4710383.0,-123083.0,49
201700001029,17,4,4,1320,1,2,9,2.0,2.0,49260,M,4706283.0,-102648.0,49
201700001030,17,4,9,1220,1,2,2,1.0,3.0,49301,M,4711606.0,-99330.0,49
201700001031,17,4,16,2100,2,2,1,1.0,6.0,49299,M,4709242.0,-91460.0,49
201700001032,17,4,28,1355,1,1,1,1.0,6.0,49349,M,4713840.0,-116293.0,49
201700001033,17,5,1,1355,1,1,1,2.0,7.0,49179,M,4702152.0,-103821.0,49
201700001034,17,6,8,740,1,1,2,1.0,3.0,49258,M,4711882.0,-106469.0,49
201700001035,17,6,9,1215,1,1,1,1.0,7.0,49301,M,4713836.0,-98078.0,49
201700001036,17,6,29,1845,1,1,1,1.0,7.0,49350,M,4703516.0,-110577.0,49
201700001037,17,9,4,1705,1,1,1,1.0,6.0,49193,M,4714910.0,-91484.0,49
201700001038,17,9,5,710,2,1,1,2.0,7.0,49260,M,4707250.0,-102187.0,49
201700001039,17,9,14,1230,1,1,1,1.0,3.0,49193,M,4711318.0,-87095.0,49
201700001040,17,9,15,1605,1,1,1,2.0,7.0,49332,M,4707994.0,-93092.0,49
201700001041,17,10,29,1640,1,2,6,1.0,7.0,49332,M,4707195.0,-93582.0,49
201700001042,17,12,7,1750,2,1,1,2.0,1.0,49349,M,4713087.0,-116841.0,49
201700001043,17,12,18,800,4,1,1,2.0,6.0,49350,M,4701618.0,-110998.0,49
201700001044,17,1,2,1845,3,1,9,1.0,1.0,49368,M,4738684.0,4634.0,49
201700001045,17,12,31,1910,3,1,1,9.0,3.0,53158,M,4802111.0,-92885.0,53
201700001046,17,1,17,1105,1,2,1,1.0,6.0,53119,M,4802280.0,-77001.0,53
201700001047,17,3,16,1817,1,1,1,1.0,6.0,53007,M,4809424.0,-68850.0,53
201700001048,17,4,18,2230,3,1,1,1.0,6.0,53009,M,4797912.0,-60677.0,53
201700001049,17,5,16,1945,2,1,1,1.0,1.0,53158,M,4799396.0,-92639.0,53
201700001050,17,6,16,1850,1,1,1,1.0,2.0,53158,M,4802101.0,-92876.0,53
201700001051,17,9,1,815,1,1,1,1.0,7.0,53082,M,4799139.0,-89047.0,53
201700001052,17,9,12,1700,1,1,1,1.0,5.0,53094,M,4802609.0,-73508.0,53
201700001053,17,9,26,715,2,1,3,2.0,1.0,53157,M,4801840.0,-82974.0,53
201700001054,17,11,1,1700,2,1,1,1.0,5.0,53157,M,4803610.0,-80391.0,53
201700001055,17,1,19,2200,5,2,1,9.0,2.0,01283,M,4626063.0,564493.0,01
201700001056,17,1,13,1620,1,2,1,4.0,6.0,01283,M,4625004.0,564695.0,01
201700001057,17,4,23,215,5,2,1,1.0,6.0,01283,M,4624070.0,566695.0,01
201700001058,17,4,11,1705,1,2,1,1.0,6.0,01283,M,4615303.0,539136.0,01
201700001059,17,5,3,2020,1,2,1,1.0,6.0,01283,M,,,01
201700001060,17,5,17,830,1,2,1,1.0,3.0,01283,M,4625547.0,565313.0,01
201700001061,17,6,26,840,1,2,1,1.0,6.0,01283,M,4625835.0,564599.0,01
201700001062,17,8,3,15,5,2,1,1.0,6.0,01283,M,4626568.0,564630.0,01
201700001063,17,9,11,1410,1,2,1,1.0,6.0,01283,M,4626018.0,565262.0,01
201700001064,17,9,13,1825,1,2,1,1.0,6.0,01283,M,4624630.0,564783.0,01
201700001065,17,12,31,200,5,2,1,1.0,6.0,01283,M,4624800.0,564800.0,01
201700001066,17,3,6,1715,1,1,1,1.0,1.0,72025,M,4765810.0,-17985.0,72
201700001067,17,3,13,900,1,2,1,1.0,3.0,72154,M,4769980.0,-7889.0,72
201700001068,17,3,28,1755,1,2,6,1.0,3.0,72154,M,4770798.0,-6837.0,72
201700001069,17,5,9,650,2,2,9,1.0,3.0,72154,M,4769757.0,-6181.0,72
201700001070,17,5,23,1800,1,2,1,1.0,3.0,72154,M,4769738.0,-6940.0,72
201700001071,17,7,7,2000,1,2,1,1.0,3.0,72154,M,4769748.0,-7501.0,72
201700001072,17,8,16,1100,1,2,1,1.0,6.0,72154,M,4770090.0,-8170.0,72
201700001073,17,9,6,1205,1,2,1,1.0,6.0,72154,M,4770381.0,-6866.0,72
201700001074,17,9,7,1515,1,1,9,1.0,3.0,72154,M,4769570.0,-9815.0,72
201700001075,17,9,9,1330,1,1,1,1.0,1.0,72154,M,4768069.0,-8836.0,72
201700001076,17,11,25,1710,1,2,1,1.0,6.0,72154,M,4771111.0,-8502.0,72
201700001077,17,12,13,1740,5,2,6,3.0,6.0,72154,M,4770196.0,-9101.0,72
201700001078,17,2,1,1819,2,1,1,1.0,1.0,72016,M,4787182.0,-35526.0,72
201700001079,17,2,23,1410,1,1,1,2.0,6.0,72151,M,4786231.0,-27310.0,72
201700001080,17,3,12,1505,1,1,1,2.0,6.0,72016,M,4788303.0,-34355.0,72
201700001081,17,3,19,15,3,1,1,1.0,2.0,72378,M,4781673.0,-29121.0,72
201700001082,17,4,2,1230,1,2,7,1.0,6.0,72264,M,4784005.0,-33325.0,72
201700001083,17,4,6,1835,1,2,1,1.0,1.0,72264,M,4780482.0,-34830.0,72
201700001084,17,4,19,810,1,2,1,7.0,3.0,72264,M,4782619.0,-31754.0,72
201700001085,17,4,21,1330,1,2,9,1.0,3.0,72264,M,4783879.0,-30749.0,72
201700001086,17,4,25,915,1,2,6,2.0,6.0,72264,M,4783892.0,-32765.0,72
201700001087,17,6,16,1410,1,2,1,1.0,3.0,72264,M,4783671.0,-34483.0,72
201700001088,17,6,18,1030,1,1,1,1.0,6.0,72244,M,4773241.0,-29989.0,72
201700001089,17,7,11,835,1,1,1,1.0,7.0,72244,M,4776014.0,-36284.0,72
201700001090,17,8,7,1250,1,2,1,1.0,5.0,72264,M,4784896.0,-34971.0,72
201700001091,17,10,20,2250,3,1,1,1.0,7.0,72244,M,4779018.0,-30482.0,72
201700001092,17,11,16,2120,3,1,1,1.0,6.0,72244,M,4774705.0,-33683.0,72
201700001093,17,11,19,1,3,1,1,5.0,6.0,72106,M,4780557.0,-31601.0,72
201700001094,17,4,20,950,1,1,1,1.0,3.0,85016,M,4668660.0,-162374.0,85
201700001095,17,1,1,830,2,1,1,5.0,5.0,85302,M,4697392.0,-96710.0,85
201700001096,17,2,1,830,1,1,1,2.0,7.0,85097,M,4693427.0,-105624.0,85
201700001097,17,6,20,2350,3,1,1,1.0,6.0,85293,M,4701210.0,-112375.0,85
201700001098,17,7,10,50,3,1,1,1.0,3.0,85302,M,4695777.0,-98705.0,85
201700001099,17,7,29,220,3,1,1,1.0,7.0,85247,M,4697215.0,-104834.0,85
201700001100,17,8,1,2050,1,2,6,1.0,3.0,85048,M,4691909.0,-95931.0,85
201700001101,17,8,30,1900,2,1,6,2.0,7.0,85302,M,4694793.0,-98399.0,85
201700001102,17,9,5,240,3,1,6,2.0,6.0,85302,M,4695223.0,-100903.0,85
201700001103,17,9,15,1145,1,1,1,1.0,3.0,85048,M,4692477.0,-99112.0,85
201700001104,17,11,9,2130,5,2,1,2.0,6.0,85198,M,4699033.0,-103994.0,85
201700001105,17,12,11,550,3,1,1,6.0,6.0,85151,M,4701547.0,-99905.0,85
201700001106,17,12,14,1215,1,2,6,2.0,3.0,85302,M,4695858.0,-100327.0,85
201700001107,17,12,26,1620,1,1,1,2.0,1.0,85048,M,4690484.0,-99149.0,85
201700001108,17,12,27,1815,5,2,1,2.0,2.0,85238,M,4695885.0,-89323.0,85
201700001109,17,3,4,1940,5,2,3,2.0,3.0,85003,M,4673603.0,-159769.0,85
201700001110,17,3,11,320,3,1,1,1.0,2.0,85300,M,4671127.0,-152636.0,85
201700001111,17,4,18,1845,1,1,2,1.0,5.0,85178,M,4674983.0,-145801.0,85
201700001112,17,7,7,2300,3,1,1,1.0,1.0,85003,M,4672363.0,-165716.0,85
201700001113,17,7,20,1400,1,1,1,1.0,6.0,85300,M,4667858.0,-152404.0,85
201700001114,17,8,21,1200,1,2,1,1.0,6.0,85129,M,4683556.0,-149415.0,85
201700001115,17,9,21,1445,1,1,2,1.0,6.0,85003,M,4665736.0,-165736.0,85
201700001116,17,9,22,1400,1,1,2,1.0,1.0,85129,M,4683075.0,-148106.0,85
201700001117,17,10,4,1723,1,2,1,7.0,3.0,85178,M,4673458.0,-142197.0,85
201700001118,17,10,7,1800,1,2,2,1.0,3.0,85155,M,4672044.0,-145180.0,85
201700001119,17,10,23,745,2,1,1,1.0,4.0,85178,M,4675998.0,-151174.0,85
201700001120,17,11,7,1700,2,1,1,1.0,6.0,85178,M,4676146.0,-147751.0,85
201700001121,17,11,18,2200,3,2,1,5.0,7.0,85129,M,4684326.0,-150188.0,85
201700001122,17,11,21,1650,1,2,1,5.0,6.0,85178,M,4677081.0,-150635.0,85
201700001123,17,11,22,1315,1,2,4,1.0,3.0,85155,M,4672201.0,-146359.0,85
201700001124,17,11,28,1640,2,1,1,1.0,6.0,85155,M,4669891.0,-146182.0,85
201700001125,17,12,9,900,1,2,6,1.0,3.0,85300,M,4669061.0,-151543.0,85
201700001126,17,1,23,1730,1,2,2,1.0,3.0,85092,M,4646662.0,-80164.0,85
201700001127,17,2,4,1745,2,2,1,2.0,1.0,85092,M,4647214.0,-79194.0,85
201700001128,17,2,4,1945,3,1,1,3.0,5.0,85299,M,4639112.0,-87482.0,85
201700001129,17,4,28,1300,1,1,2,1.0,3.0,85092,M,4646744.0,-84438.0,85
201700001130,17,5,18,930,1,1,2,2.0,3.0,85126,M,4648248.0,-84733.0,85
201700001131,17,6,6,1745,1,2,6,1.0,3.0,85092,M,4646394.0,-79218.0,85
201700001132,17,8,6,1120,1,1,1,1.0,2.0,85299,M,4639978.0,-87003.0,85
201700001133,17,11,13,1635,1,2,1,7.0,6.0,85092,M,4646009.0,-79773.0,85
201700001134,17,11,20,755,2,1,2,5.0,3.0,85091,M,4642877.0,-83501.0,85
201700001135,17,11,21,30,3,1,6,5.0,6.0,85126,M,4646644.0,-87678.0,85
201700001136,17,11,24,2045,5,1,1,3.0,6.0,85121,M,4641547.0,-96715.0,85
201700001137,17,11,27,1820,5,2,6,1.0,1.0,85092,M,4646230.0,-80458.0,85
201700001138,17,12,16,1105,1,2,1,1.0,6.0,85092,M,4646231.0,-80424.0,85
201700001139,17,11,29,1400,1,1,2,1.0,3.0,85113,M,4671679.0,-236122.0,85
201700001140,17,8,11,1300,1,1,1,1.0,2.0,85112,M,4657526.0,-176601.0,85
201700001141,17,9,17,215,3,1,1,2.0,6.0,85138,M,4664882.0,-166736.0,85
201700001142,17,12,3,1630,1,2,1,1.0,6.0,85161,M,4657152.0,-150909.0,85
201700001143,17,4,21,1520,1,2,1,1.0,3.0,85163,M,4700312.0,-223516.0,85
201700001144,17,5,10,800,1,1,1,1.0,1.0,85106,M,4697283.0,-223927.0,85
201700001145,17,6,19,1715,1,1,1,1.0,7.0,85163,M,4699915.0,-226316.0,85
201700001146,17,1,20,1830,3,1,1,1.0,2.0,85071,M,4677092.0,-182731.0,85
201700001147,17,2,27,740,2,2,6,3.0,3.0,85226,M,4671802.0,-193982.0,85
201700001148,17,3,31,1845,2,2,2,1.0,3.0,85222,M,4668840.0,-191740.0,85
201700001149,17,4,6,1230,1,1,2,1.0,1.0,85088,M,4670588.0,-189453.0,85
201700001150,17,4,8,15,3,1,1,1.0,7.0,85035,M,4665089.0,-187614.0,85
201700001151,17,5,23,1830,1,1,1,1.0,5.0,85088,M,4672840.0,-188080.0,85
201700001152,17,6,1,2130,2,2,1,1.0,3.0,85189,M,4674233.0,-191589.0,85
201700001153,17,6,9,1640,1,2,3,1.0,3.0,85070,M,4670441.0,-175734.0,85
201700001154,17,6,21,1845,1,1,1,1.0,3.0,85035,M,4666178.0,-190054.0,85
201700001155,17,7,25,1535,1,1,1,1.0,1.0,85243,M,4660927.0,-179271.0,85
201700001156,17,7,29,655,2,1,1,8.0,1.0,85226,M,4674684.0,-197649.0,85
201700001157,17,8,8,1900,1,2,1,1.0,2.0,85226,M,4672192.0,-197461.0,85
201700001158,17,8,18,1900,1,2,1,1.0,2.0,85035,M,4662238.0,-187269.0,85
201700001159,17,9,7,1155,1,1,2,1.0,3.0,85243,M,4661334.0,-182652.0,85
201700001160,17,11,13,2125,3,1,2,1.0,3.0,85268,M,4670508.0,-186029.0,85
201700001161,17,11,24,1930,3,1,1,1.0,3.0,85226,M,4673813.0,-192713.0,85
201700001162,17,12,31,1600,1,2,1,3.0,6.0,85226,M,4674996.0,-201898.0,85
201700001163,17,5,16,1040,1,1,3,1.0,3.0,33029,M,4459534.0,-75257.0,33
201700001164,17,7,15,1845,1,1,1,1.0,1.0,33498,M,4456053.0,-81701.0,33
201700001165,17,8,27,1930,1,1,3,1.0,1.0,33498,M,4458103.0,-88497.0,33
201700001166,17,9,22,1720,1,1,1,1.0,7.0,33436,M,4454350.0,-68115.0,33
201700001167,17,9,29,2040,4,1,2,1.0,3.0,33436,M,4452141.0,-62685.0,33
201700001168,17,11,14,1615,1,1,1,1.0,2.0,33029,M,4463110.0,-79402.0,33
201700001169,17,1,14,1150,1,2,3,1.0,6.0,33051,M,4463544.0,-96348.0,33
201700001170,17,1,23,1710,1,2,1,1.0,6.0,33051,M,4464730.0,-96831.0,33
201700001171,17,1,28,1700,1,1,5,8.0,3.0,33284,M,4462898.0,-89989.0,33
201700001172,17,2,16,1310,1,1,1,1.0,1.0,33284,M,4458473.0,-95048.0,33
201700001173,17,3,3,1730,1,2,1,1.0,3.0,33051,M,4463579.0,-97284.0,33
201700001174,17,4,9,115,5,2,3,1.0,7.0,33019,M,4469074.0,-101539.0,33
201700001175,17,4,10,710,2,1,1,5.0,1.0,33019,M,4471806.0,-89408.0,33
201700001176,17,4,13,800,1,2,2,1.0,3.0,33051,M,4464189.0,-96875.0,33
201700001177,17,5,18,1640,1,1,1,1.0,5.0,33284,M,4467977.0,-84231.0,33
201700001178,17,5,20,1145,1,1,1,1.0,1.0,33051,M,4465369.0,-93313.0,33
201700001179,17,6,11,705,1,1,1,1.0,6.0,33019,M,4474717.0,-91065.0,33
201700001180,17,7,17,1645,1,1,1,1.0,3.0,33284,M,4463797.0,-88750.0,33
201700001181,17,8,9,1030,1,2,2,1.0,3.0,33051,M,4464979.0,-98529.0,33
201700001182,17,8,9,1110,1,2,1,8.0,6.0,33284,M,4460572.0,-93789.0,33
201700001183,17,10,19,1410,1,1,1,1.0,2.0,33555,M,4468350.0,-87177.0,33
201700001184,17,10,19,1830,1,2,1,1.0,6.0,33051,M,4464278.0,-96939.0,33
201700001185,17,12,5,1710,1,1,1,1.0,4.0,33284,M,4463498.0,-89120.0,33
201700001186,17,1,5,1830,5,2,1,1.0,6.0,33056,M,4492920.0,-63516.0,33
201700001187,17,1,3,1942,3,1,1,1.0,1.0,33056,M,4492752.0,-56217.0,33
201700001188,17,1,10,1915,3,1,1,1.0,6.0,33056,M,4491101.0,-59170.0,33
201700001189,17,3,3,2045,5,1,3,3.0,6.0,33056,M,4491091.0,-59319.0,33
201700001190,17,4,21,2020,5,2,1,1.0,6.0,33056,M,4492402.0,-60777.0,33
201700001191,17,4,27,1530,1,1,1,1.0,3.0,33312,M,4496890.0,-55441.0,33
201700001192,17,6,20,900,1,1,1,1.0,3.0,33519,M,4490219.0,-68510.0,33
201700001193,17,7,1,2220,5,2,3,1.0,3.0,33056,M,4492089.0,-63573.0,33
201700001194,17,7,3,1230,1,2,1,1.0,6.0,33519,M,4490420.0,-70031.0,33
201700001195,17,8,26,1130,1,2,9,1.0,3.0,33056,M,4490994.0,-63504.0,33
201700001196,17,9,7,1800,1,2,3,1.0,3.0,33056,M,4491121.0,-61901.0,33
201700001197,17,9,9,905,1,2,3,2.0,5.0,33519,M,4490794.0,-65901.0,33
201700001198,17,10,5,800,1,1,1,1.0,4.0,33519,M,4490608.0,-70019.0,33
201700001199,17,3,16,1600,1,1,1,1.0,1.0,33422,M,4481391.0,-73990.0,33
201700001200,17,3,18,1930,3,1,1,1.0,1.0,33422,M,4481810.0,-75292.0,33
201700001201,17,4,10,651,1,1,1,1.0,1.0,33422,M,4481410.0,-73523.0,33
201700001202,17,6,1,715,1,1,1,5.0,1.0,33273,M,4483462.0,-81068.0,33
201700001203,17,6,23,1500,1,1,1,1.0,2.0,33422,M,4480963.0,-74366.0,33
201700001204,17,11,1,1000,1,1,1,1.0,1.0,33273,M,4483387.0,-81735.0,33
201700001205,17,12,4,800,1,1,1,8.0,5.0,33273,M,4482977.0,-77667.0,33
201700001206,17,2,1,840,1,2,1,1.0,6.0,33449,M,4488865.0,-69719.0,33
201700001207,17,7,14,2305,5,2,3,1.0,3.0,33449,M,4487721.0,-70432.0,33
201700001208,17,8,5,1930,1,2,1,1.0,6.0,33449,M,4488820.0,-70254.0,33
201700001209,17,8,19,2255,5,2,2,1.0,3.0,33449,M,4489250.0,-71019.0,33
201700001210,17,9,13,820,1,2,3,3.0,4.0,33449,M,4489263.0,-71591.0,33