Num_Acc,an,mois,jour,hrmn,lum,agg,int,atm,col,com,gps,lat,long,dep
201700001211,17,9,14,715,3,2,1,3.0,6.0,33449,M,4489705.0,-74879.0,33
201700001212,17,10,11,1750,1,2,1,1.0,2.0,33449,M,4488359.0,-70831.0,33
201700001213,17,10,25,300,3,1,1,1.0,6.0,33449,M,4488702.0,-83287.0,33
201700001214,17,9,21,900,1,2,1,7.0,6.0,33449,M,4488820.0,-70249.0,33
201700001215,17,12,18,1850,5,2,1,1.0,6.0,33376,M,4491276.0,-72428.0,33
201700001216,17,2,28,1705,1,2,3,1.0,1.0,33058,M,4512775.0,-66285.0,33
201700001217,17,5,16,1700,1,1,2,1.0,3.0,33458,M,4514103.0,-59738.0,33
201700001218,17,6,22,50,5,2,2,1.0,3.0,33058,M,4512427.0,-64990.0,33
201700001219,17,6,21,1630,1,1,1,1.0,1.0,33047,M,4512253.0,-57644.0,33
201700001220,17,9,1,1015,1,1,2,8.0,6.0,33100,M,4513459.0,-63782.0,33
201700001221,17,9,15,1600,1,1,3,2.0,5.0,33100,M,4512900.0,-63429.0,33
201700001222,17,9,24,1010,1,2,1,1.0,6.0,33058,M,4512842.0,-66248.0,33
201700001223,17,10,16,1150,1,2,1,1.0,3.0,33058,M,4513389.0,-65409.0,33
201700001224,17,11,9,1815,3,1,1,1.0,1.0,33441,M,4514527.0,-63310.0,33
201700001225,17,11,22,1415,1,2,4,1.0,3.0,33058,M,4513609.0,-65227.0,33
201700001226,17,1,15,605,5,2,1,8.0,6.0,33325,M,4510089.0,-64212.0,33
201700001227,17,2,2,1850,3,1,1,2.0,6.0,33172,M,4517811.0,-65552.0,33
201700001228,17,7,22,830,1,2,2,1.0,1.0,33530,M,4510223.0,-54116.0,33
201700001229,17,7,24,1145,1,1,3,1.0,6.0,33475,M,4504692.0,-57851.0,33
201700001230,17,11,3,1930,3,1,3,1.0,3.0,33341,M,4506851.0,-48839.0,33
201700001231,17,1,10,1855,3,1,1,1.0,6.0,33073,M,4524489.0,-64010.0,33
201700001232,17,3,25,1730,1,1,1,1.0,1.0,33351,M,4521481.0,-52430.0,33
201700001233,17,4,2,1650,1,1,2,1.0,5.0,33159,M,4523959.0,-57151.0,33
201700001234,17,7,1,555,2,1,1,8.0,6.0,33351,M,4524150.0,-53658.0,33
201700001235,17,7,4,1750,1,1,2,1.0,3.0,33159,M,4523952.0,-57153.0,33
201700001236,17,8,20,1500,1,1,1,1.0,7.0,33456,M,4531713.0,-63324.0,33
201700001237,17,10,14,1730,1,1,1,1.0,3.0,33456,M,4530441.0,-57536.0,33
201700001238,17,1,8,1545,1,1,2,1.0,6.0,33434,M,4494008.0,-52332.0,33
201700001239,17,3,7,1645,1,2,1,2.0,6.0,33433,M,4490981.0,-42772.0,33
201700001240,17,3,13,1605,1,2,6,1.0,3.0,33003,M,4491902.0,-48051.0,33
201700001241,17,4,27,50,3,1,2,2.0,1.0,33434,M,4494008.0,-52340.0,33
201700001242,17,5,15,1720,1,2,1,1.0,6.0,33003,M,4493553.0,-48419.0,33
201700001243,17,6,2,750,1,2,6,1.0,3.0,33003,M,4493693.0,-48104.0,33
201700001244,17,6,6,1440,1,2,3,1.0,3.0,33003,M,4493194.0,-48045.0,33
201700001245,17,7,24,1440,1,1,1,1.0,3.0,33003,M,4494380.0,-52186.0,33
201700001246,17,8,1,2103,3,1,1,1.0,6.0,33433,M,4494005.0,-40923.0,33
201700001247,17,9,11,1210,1,1,2,2.0,3.0,33487,M,4495989.0,-48380.0,33
201700001248,17,9,9,2220,5,2,2,8.0,5.0,33433,M,4491957.0,-43996.0,33
201700001249,17,9,16,1710,1,2,1,1.0,6.0,33003,M,4494240.0,-50278.0,33
201700001250,17,9,25,1645,1,2,2,7.0,1.0,33487,M,4495396.0,-46820.0,33
201700001251,17,11,7,2300,3,1,1,2.0,6.0,33433,M,4493400.0,-41727.0,33
201700001252,17,11,25,1810,3,1,9,2.0,3.0,33003,M,4492643.0,-52003.0,33
201700001253,17,12,7,1500,1,2,3,1.0,3.0,33434,M,4496120.0,-53371.0,33
201700001254,17,12,15,2100,5,2,3,2.0,3.0,33433,M,4491718.0,-42878.0,33
201700001255,17,1,23,915,1,2,6,7.0,6.0,33397,M,4490739.0,-48654.0,33
201700001256,17,4,2,2310,3,1,1,1.0,2.0,33293,M,4487733.0,-41012.0,33
201700001257,17,7,12,1500,1,2,3,1.0,3.0,33096,M,4489705.0,-49759.0,33
201700001258,17,9,9,1330,1,2,9,2.0,3.0,33397,M,4490479.0,-48801.0,33
201700001259,17,9,22,855,1,2,1,1.0,6.0,33293,M,4488118.0,-42793.0,33
201700001260,17,10,17,645,4,2,1,1.0,6.0,33554,M,4486557.0,-47222.0,33
201700001261,17,10,19,450,3,1,1,1.0,6.0,33049,M,4487531.0,-39765.0,33
201700001262,17,12,7,710,2,1,3,1.0,3.0,33554,M,4487005.0,-46938.0,33
201700001263,17,1,3,1600,1,2,8,1.0,3.0,33037,M,4470320.0,-45628.0,33
201700001264,17,2,1,2145,5,2,1,1.0,1.0,33109,M,4469690.0,-44551.0,33
201700001265,17,6,27,1930,1,1,3,1.0,3.0,33023,M,4469355.0,-49704.0,33
201700001266,17,7,8,530,3,1,2,2.0,3.0,33023,M,4469646.0,-48242.0,33
201700001267,17,8,4,1810,1,1,1,1.0,1.0,33474,M,4465426.0,-45550.0,33
201700001268,17,8,6,1525,1,1,3,1.0,1.0,33023,M,4469399.0,-49573.0,33
201700001269,17,11,28,1815,5,2,3,2.0,5.0,33213,M,4468929.0,-50700.0,33
201700001270,17,4,26,2145,3,1,1,1.0,1.0,33330,M,4486880.0,-44245.0,33
201700001271,17,7,14,1822,1,1,1,1.0,4.0,33330,M,4486814.0,-44458.0,33
201700001272,17,8,4,1859,1,2,1,1.0,7.0,33165,M,4482428.0,-44522.0,33
201700001273,17,11,17,740,2,1,1,1.0,6.0,33535,M,4483393.0,-47186.0,33
201700001274,17,11,26,2335,3,2,1,1.0,6.0,33496,M,4484046.0,-40457.0,33
201700001275,17,12,12,1235,1,2,1,1.0,3.0,33165,M,4482504.0,-45031.0,33
201700001276,17,1,6,1655,1,1,2,7.0,1.0,33550,M,4474669.0,-56389.0,33
201700001277,17,1,5,1700,2,2,1,1.0,6.0,33238,M,4474705.0,-59105.0,33
201700001278,17,2,9,1815,2,1,1,1.0,1.0,33238,M,4471982.0,-56965.0,33
201700001279,17,2,25,30,5,2,1,1.0,6.0,33274,M,4470928.0,-54644.0,33
201700001280,17,4,6,1010,1,1,1,1.0,6.0,33238,M,4471219.0,-60667.0,33
201700001281,17,5,9,1800,1,1,1,1.0,1.0,33077,M,4461546.0,-57288.0,33
201700001282,17,5,22,1835,1,2,3,1.0,3.0,33501,M,4465495.0,-59257.0,33
201700001283,17,8,29,1140,1,1,1,1.0,6.0,33238,M,4471787.0,-57838.0,33
201700001284,17,9,1,1445,1,1,1,1.0,3.0,33501,M,4468289.0,-66085.0,33
201700001285,17,10,25,1050,1,2,1,1.0,2.0,33080,M,4474835.0,-53095.0,33
201700001286,17,3,8,1500,1,2,1,1.0,1.0,33018,M,4501113.0,-40067.0,33
201700001287,17,4,7,1940,2,2,1,7.0,3.0,33415,M,4502187.0,-46774.0,33
201700001288,17,7,31,2200,3,2,1,1.0,6.0,33366,M,4501068.0,-42705.0,33
201700001289,17,8,5,130,3,1,1,1.0,3.0,33366,M,4498906.0,-42260.0,33
201700001290,17,8,26,2115,5,2,1,1.0,3.0,33018,M,4501600.0,-39912.0,33
201700001291,17,9,23,450,5,2,1,1.0,6.0,33366,M,4501433.0,-42715.0,33
201700001292,17,10,25,2110,5,2,3,9.0,6.0,33415,M,4501512.0,-46938.0,33
201700001293,17,11,24,1830,5,2,3,2.0,1.0,33415,M,4501609.0,-47058.0,33
201700001294,17,11,25,2130,3,1,2,1.0,1.0,33366,M,4498252.0,-40787.0,33
201700001295,17,1,31,1150,1,1,1,1.0,6.0,33323,M,4457623.0,-22148.0,33
201700001296,17,3,1,2120,3,1,1,1.0,7.0,33457,M,4454148.0,-19947.0,33
201700001297,17,3,31,1235,1,1,2,1.0,3.0,33504,M,4452689.0,-32544.0,33
201700001298,17,4,3,850,2,2,2,5.0,6.0,33227,M,4454990.0,-24698.0,33
201700001299,17,4,7,1915,2,1,1,1.0,6.0,33411,M,4463784.0,-23143.0,33
201700001300,17,4,21,1150,1,2,3,1.0,1.0,33457,M,4455213.0,-17872.0,33
201700001301,17,5,8,1630,1,2,6,1.0,3.0,33227,M,4455211.0,-25727.0,33
201700001302,17,5,17,1530,1,2,9,1.0,6.0,33227,M,4455304.0,-24524.0,33
201700001303,17,6,4,1930,1,2,9,2.0,1.0,33130,M,4451241.0,-22266.0,33
201700001304,17,6,23,1230,1,1,1,1.0,6.0,33357,M,4451318.0,-26860.0,33
201700001305,17,6,28,1245,1,1,3,2.0,1.0,33543,M,4458475.0,-27014.0,33
201700001306,17,7,23,10,5,1,1,1.0,6.0,33533,M,4454915.0,-26850.0,33
201700001307,17,7,27,318,5,1,1,1.0,6.0,33367,M,4460779.0,-17672.0,33
201700001308,17,9,24,345,3,1,1,1.0,6.0,33457,M,4455130.0,-19690.0,33
201700001309,17,10,15,1225,1,1,3,1.0,1.0,33463,M,4457722.0,-19346.0,33
201700001310,17,10,26,1000,1,2,6,1.0,6.0,33227,M,4455647.0,-25300.0,33
201700001311,17,10,30,1750,2,1,1,1.0,6.0,33435,M,4456407.0,-24404.0,33
201700001312,17,11,30,1900,3,1,3,2.0,3.0,33130,M,4449034.0,-23409.0,33
201700001313,17,2,10,1402,1,1,1,1.0,1.0,33177,M,4529807.0,-94850.0,33
201700001314,17,4,24,1020,1,1,1,1.0,3.0,33038,M,4536210.0,-91059.0,33
201700001315,17,5,22,2015,1,2,1,1.0,6.0,33309,M,4530733.0,-83545.0,33
201700001316,17,7,23,1530,1,1,2,1.0,3.0,33412,M,4526364.0,-90627.0,33
201700001317,17,7,24,2015,1,1,1,1.0,6.0,33300,M,4526920.0,-98090.0,33
201700001318,17,11,19,225,3,1,1,1.0,6.0,33038,M,4535819.0,-91190.0,33
201700001319,17,2,15,1930,3,1,1,1.0,2.0,33248,M,4504193.0,-88600.0,33
201700001320,17,2,16,810,1,2,1,1.0,6.0,33104,M,4501964.0,-79896.0,33
201700001321,17,2,25,1520,1,1,1,1.0,3.0,33104,M,4503856.0,-79897.0,33
201700001322,17,3,10,620,5,2,1,1.0,6.0,33248,M,4509916.0,-78755.0,33
201700001323,17,4,6,1535,1,1,2,1.0,3.0,33220,M,4509551.0,-72645.0,33
201700001324,17,4,29,2010,1,1,1,1.0,6.0,33104,M,4502958.0,-82613.0,33
201700001325,17,4,30,1130,1,1,6,2.0,3.0,33494,M,4493776.0,-82800.0,33
201700001326,17,5,17,130,3,1,1,1.0,6.0,33297,M,4506323.0,-76336.0,33
201700001327,17,6,5,1800,1,1,1,1.0,6.0,33022,M,4502045.0,-73519.0,33
201700001328,17,6,15,1230,1,1,3,1.0,3.0,33297,M,4504954.0,-78003.0,33
201700001329,17,7,2,1605,1,1,1,1.0,1.0,33146,M,4513662.0,-73264.0,33
201700001330,17,7,8,720,2,2,1,3.0,1.0,33297,M,4504973.0,-79801.0,33
201700001331,17,7,24,900,1,1,1,2.0,6.0,33022,M,4502945.0,-77957.0,33
201700001332,17,8,28,1715,1,1,2,1.0,3.0,33022,M,4503192.0,-75354.0,33
201700001333,17,9,20,1225,1,1,1,1.0,5.0,33104,M,4503495.0,-79224.0,33
201700001334,17,10,10,1715,1,1,1,1.0,1.0,33248,M,4505581.0,-79620.0,33
201700001335,17,10,14,620,3,1,1,1.0,6.0,33417,M,4499525.0,-90810.0,33
201700001336,17,1,23,2130,3,1,1,1.0,1.0,33091,M,4502591.0,-64553.0,33
201700001337,17,2,10,1700,1,2,3,1.0,3.0,33322,M,4494563.0,-63145.0,33
201700001338,17,2,17,723,2,1,1,5.0,1.0,33256,M,4498245.0,-62222.0,33
201700001339,17,2,20,1015,1,1,1,1.0,1.0,33012,M,4501288.0,-67976.0,33
201700001340,17,3,21,1030,1,1,1,2.0,1.0,33322,M,4495090.0,-69900.0,33
201700001341,17,3,28,1020,1,1,1,1.0,1.0,33268,M,4504781.0,-69012.0,33
201700001342,17,4,10,2145,3,2,1,1.0,7.0,33012,M,4501199.0,-67968.0,33
201700001343,17,4,21,1600,1,2,6,1.0,3.0,33322,M,4494831.0,-63079.0,33
201700001344,17,5,6,1620,1,2,1,1.0,7.0,33322,M,4494742.0,-65017.0,33
201700001345,17,5,26,1500,1,2,1,1.0,1.0,33211,M,4501500.0,-63936.0,33
201700001346,17,6,23,1545,1,1,2,1.0,5.0,33012,M,4497022.0,-72340.0,33
201700001347,17,7,29,1515,1,1,1,1.0,1.0,33256,M,4499249.0,-58507.0,33
201700001348,17,8,2,1845,1,2,6,1.0,7.0,33010,M,4506965.0,-72330.0,33
201700001349,17,8,3,2015,2,2,8,7.0,3.0,33256,M,4498342.0,-61248.0,33
201700001350,17,8,25,1715,1,2,1,1.0,3.0,33256,M,4497599.0,-62382.0,33
201700001351,17,9,15,2315,3,1,1,1.0,6.0,33256,M,4497995.0,-56338.0,33
201700001352,17,9,19,1730,1,1,6,1.0,3.0,33322,M,4494831.0,-63083.0,33
201700001353,17,10,5,2110,5,2,1,1.0,1.0,33322,M,4494318.0,-69025.0,33
201700001354,17,11,5,1630,1,2,1,1.0,1.0,33268,M,4503417.0,-67879.0,33
201700001355,17,2,5,850,1,2,6,1.0,3.0,33207,M,4491966.0,-35917.0,33
201700001356,17,6,6,1330,1,1,1,1.0,6.0,33015,M,4490410.0,-25500.0,33
201700001357,17,6,10,640,2,2,2,1.0,1.0,33243,M,4492204.0,-22488.0,33
201700001358,17,8,7,2250,3,1,1,1.0,7.0,33015,M,4489617.0,-27239.0,33
201700001359,17,8,31,1030,1,2,2,1.0,3.0,33222,M,4495691.0,-18407.0,33
201700001360,17,9,8,1800,1,1,2,1.0,3.0,33328,M,4493227.0,-22145.0,33
201700001361,17,9,27,1950,2,2,1,1.0,5.0,33243,M,4492286.0,-24128.0,33
201700001362,17,10,20,1700,1,2,3,1.0,3.0,33243,M,4493539.0,-23627.0,33
201700001363,17,10,28,2350,3,1,3,1.0,3.0,33222,M,4494279.0,-20550.0,33
201700001364,17,11,18,1500,1,2,3,1.0,1.0,33243,M,4492588.0,-23991.0,33
201700001365,17,11,16,635,2,2,5,1.0,3.0,33243,M,4492206.0,-22479.0,33
201700001366,17,12,11,1325,1,2,6,2.0,6.0,33243,M,4491733.0,-24077.0,33
201700001367,17,1,2,700,3,1,1,5.0,1.0,33181,M,,,33
201700001368,17,2,13,1750,1,1,1,1.0,6.0,33362,M,4501236.0,-16348.0,33
201700001369,17,4,7,2000,1,2,2,1.0,3.0,33387,M,4504974.0,-29913.0,33
201700001370,17,6,29,745,1,1,1,3.0,3.0,33362,M,4501234.0,-16354.0,33
201700001371,17,8,22,1715,1,1,2,1.0,3.0,33393,M,4499321.0,-14658.0,33
201700001372,17,8,27,1045,1,1,2,1.0,5.0,33393,M,4496804.0,-22076.0,33
201700001373,17,9,1,2345,3,1,1,1.0,6.0,33393,M,4498365.0,-22849.0,33
201700001374,17,9,19,845,1,2,3,1.0,3.0,33362,M,4502457.0,-19396.0,33
201700001375,17,11,10,715,2,1,1,9.0,3.0,33393,M,4498492.0,-14202.0,33
201700001376,17,1,25,1716,1,1,1,1.0,6.0,33378,M,4486691.0,24344.0,33
201700001377,17,4,6,1225,1,1,2,1.0,3.0,33360,M,4479219.0,21939.0,33
201700001378,17,7,30,1400,1,1,1,1.0,7.0,33369,M,4481347.0,21791.0,33
201700001379,17,1,14,1230,1,2,4,1.0,3.0,33179,M,4497812.0,-24874.0,33
201700001380,17,2,24,1615,1,1,4,1.0,3.0,33174,M,4491980.0,-27098.0,33
201700001381,17,3,11,1745,1,1,2,1.0,3.0,33219,M,4497611.0,-39341.0,33
201700001382,17,6,10,2050,1,2,1,1.0,1.0,33451,M,4492419.0,-30108.0,33
201700001383,17,6,11,1830,1,1,4,7.0,1.0,33317,M,4502704.0,-31875.0,33
201700001384,17,6,25,1425,1,1,1,1.0,6.0,33179,M,4500966.0,-29095.0,33
201700001385,17,7,11,1930,1,1,1,1.0,7.0,33179,M,4498804.0,-27651.0,33
201700001386,17,7,16,1500,1,1,1,1.0,7.0,33179,M,4500530.0,-28436.0,33
201700001387,17,11,6,745,1,1,1,1.0,6.0,33548,M,4497979.0,-28925.0,33
201700001388,17,11,26,1815,3,2,6,1.0,3.0,33179,M,4498671.0,-26172.0,33
201700001389,17,12,1,705,3,1,1,9.0,1.0,33174,M,4492115.0,-26213.0,33
201700001390,17,12,12,750,3,1,3,1.0,3.0,33174,M,4492023.0,-25700.0,33
201700001391,17,2,11,30,3,1,1,1.0,6.0,24497,M,4468804.0,75388.0,24
201700001392,17,3,26,1325,1,1,1,1.0,7.0,24068,M,4484115.0,86958.0,24
201700001393,17,8,21,650,2,1,1,1.0,6.0,24068,M,4481493.0,88577.0,24
201700001394,17,11,9,1152,1,1,1,8.0,6.0,24068,M,4484666.0,84190.0,24
201700001395,17,2,12,1750,1,1,1,8.0,5.0,24023,M,4483845.0,67712.0,24
201700001396,17,5,24,1930,1,1,1,7.0,7.0,24558,M,4488219.0,82602.0,24
201700001397,17,6,6,1220,1,1,1,1.0,5.0,24240,M,4491278.0,88623.0,24
201700001398,17,8,8,1900,1,1,9,1.0,5.0,24361,M,4484730.0,61153.0,24
201700001399,17,8,19,1655,1,1,1,1.0,7.0,24362,M,4495290.0,80725.0,24
201700001400,17,9,24,1650,1,1,3,1.0,7.0,24240,M,4490537.0,90944.0,24
201700001401,17,10,1,1530,1,1,1,2.0,7.0,24223,M,4486495.0,77331.0,24
201700001402,17,1,1,1930,1,1,1,1.0,7.0,24264,M,4501307.0,11637.0,24
201700001403,17,8,16,1550,1,2,3,1.0,6.0,40209,M,4356330.0,-144451.0,40
201700001404,17,11,29,1614,1,1,1,1.0,3.0,40322,M,4402979.0,-118199.0,40
201700001405,17,2,12,1715,1,1,1,1.0,3.0,40283,M,4377444.0,-99654.0,40
201700001406,17,4,9,645,3,1,1,1.0,7.0,40283,M,4376604.0,-100069.0,40
201700001407,17,5,1,1815,1,1,1,2.0,6.0,40314,M,4367278.0,-110265.0,40
201700001408,17,6,14,1649,1,1,5,1.0,3.0,40123,M,4381340.0,-108653.0,40
201700001409,17,6,23,655,2,1,1,2.0,3.0,40035,M,4363588.0,-104400.0,40
201700001410,17,2,26,2045,3,2,3,1.0,3.0,40184,M,4421162.0,-126691.0,40
201700001411,17,6,9,1930,1,2,1,1.0,3.0,40182,M,4407814.0,-116311.0,40
201700001412,17,8,19,1945,1,2,1,1.0,5.0,40184,M,4420611.0,-122670.0,40
201700001413,17,11,24,1200,1,2,2,1.0,1.0,40278,M,4422269.0,-115559.0,40
201700001414,17,12,26,1850,5,2,3,2.0,3.0,40184,M,4421072.0,-125562.0,40
201700001415,17,1,1,930,1,1,1,1.0,7.0,47019,M,4424450.0,70839.0,47
201700001416,17,1,20,1905,4,1,1,1.0,6.0,47157,M,4448865.0,14755.0,47
201700001417,17,1,28,1940,4,2,1,1.0,7.0,47157,M,4451950.0,17711.0,47
201700001418,17,2,1,1850,5,2,1,1.0,2.0,47157,M,4450350.0,17683.0,47
201700001419,17,2,2,800,2,1,1,1.0,6.0,47024,M,4452727.0,14747.0,47
201700001420,17,4,21,1830,1,1,2,1.0,2.0,47094,M,4444873.0,24083.0,47
201700001421,17,5,13,2315,3,1,1,1.0,7.0,47157,M,4450310.0,14656.0,47
201700001422,17,5,16,2005,1,1,6,7.0,1.0,47157,M,4451160.0,13526.0,47
201700001423,17,6,14,725,1,1,1,1.0,4.0,47094,M,4445120.0,23863.0,47
201700001424,17,7,14,1900,1,1,2,7.0,3.0,47157,M,4451390.0,13028.0,47
201700001425,17,8,2,1500,1,1,1,1.0,3.0,47094,M,4444490.0,24411.0,47
201700001426,17,9,16,1830,1,2,1,1.0,5.0,47168,M,4458980.0,34629.0,47
201700001427,17,11,17,1500,1,2,1,1.0,6.0,47157,M,4450510.0,16454.0,47
201700001428,17,12,12,1830,5,2,1,2.0,3.0,47157,M,4450760.0,14438.0,47
201700001429,17,12,14,1540,1,2,1,1.0,1.0,47157,M,4449890.0,18256.0,47
201700001430,17,1,1,45,3,1,1,5.0,7.0,47203,M,4437200.0,84040.0,47
201700001431,17,1,7,1045,1,2,1,7.0,6.0,64230,M,4322536.0,-38918.0,64
201700001432,17,2,6,2015,3,1,1,2.0,3.0,64067,M,4325778.0,-28808.0,64
201700001433,17,2,16,1309,1,1,1,1.0,2.0,64230,M,4318623.0,-39297.0,64
201700001434,17,2,18,1500,1,2,1,1.0,6.0,64067,M,4324890.0,-30250.0,64
201700001435,17,4,5,755,1,1,1,2.0,6.0,64230,M,4325048.0,-38889.0,64
201700001436,17,4,30,1115,1,1,1,1.0,1.0,64478,M,4328001.0,-44035.0,64
201700001437,17,5,30,1047,1,1,1,3.0,2.0,64230,M,4325135.0,-38904.0,64
201700001438,17,6,29,1624,1,2,1,1.0,7.0,64219,M,4322301.0,-54495.0,64
201700001439,17,7,5,1025,1,2,1,1.0,6.0,64230,M,4322952.0,-38677.0,64
201700001440,17,4,9,1545,1,1,1,1.0,1.0,64407,M,4344584.0,-138523.0,64
201700001441,17,9,13,1640,1,1,4,1.0,1.0,64304,M,4349262.0,-142460.0,64
201700001442,17,2,13,1450,1,1,3,1.0,3.0,64422,M,4320172.0,-63084.0,64
201700001443,17,3,16,1050,1,2,1,1.0,6.0,64422,M,4319207.0,-60918.0,64
201700001444,17,3,24,1900,2,2,3,1.0,3.0,64421,M,4315315.0,-50725.0,64
201700001445,17,6,6,1430,1,2,1,1.0,3.0,64126,M,4318242.0,-60595.0,64
201700001446,17,6,24,1515,1,2,1,1.0,3.0,64422,M,4319903.0,-61247.0,64
201700001447,17,8,12,620,3,1,1,1.0,2.0,64064,M,4314298.0,-60268.0,64
201700001448,17,8,26,1030,1,2,9,1.0,6.0,64422,M,4319162.0,-62075.0,64
201700001449,17,10,18,1818,1,2,3,2.0,3.0,64241,M,4323888.0,-68828.0,64
201700001450,17,10,30,915,1,2,1,1.0,6.0,64422,M,4319240.0,-60681.0,64
201700001451,17,11,15,715,2,2,1,1.0,6.0,64422,M,4318922.0,-61147.0,64
201700001452,17,1,25,140,3,1,1,1.0,6.0,64430,M,4348944.0,-79704.0,64
201700001453,17,2,19,955,1,2,3,1.0,3.0,64430,M,4348673.0,-75942.0,64
201700001454,17,2,22,1245,1,2,3,1.0,3.0,64430,M,4348944.0,-79668.0,64
201700001455,17,7,4,1430,1,2,6,1.0,3.0,64430,M,4348983.0,-78573.0,64
201700001456,17,12,3,1830,5,2,1,1.0,6.0,64430,M,4349280.0,-78121.0,64
201700001457,17,6,3,545,5,2,1,1.0,6.0,86062,M,4664289.0,35973.0,86
201700001458,17,6,10,600,2,1,1,1.0,7.0,86163,M,4663589.0,42975.0,86
201700001459,17,9,4,2110,3,1,1,1.0,6.0,86019,M,,,86
201700001460,17,9,18,2300,5,2,1,1.0,6.0,86095,M,4670640.0,40817.0,86
201700001461,17,10,2,820,1,1,9,9.0,1.0,86163,M,4663257.0,49020.0,86
201700001462,17,10,4,600,5,2,6,1.0,3.0,86062,M,4666839.0,36061.0,86
201700001463,17,11,4,1610,1,1,1,1.0,7.0,86146,M,4675235.0,39012.0,86
201700001464,17,2,5,145,3,2,3,2.0,7.0,86137,M,4700713.0,7405.0,86
201700001465,17,4,14,1515,1,1,1,1.0,3.0,86137,M,4700874.0,10829.0,86
201700001466,17,5,7,1140,1,1,1,1.0,3.0,86079,M,4696786.0,13975.0,86
201700001467,17,6,4,1800,1,1,1,1.0,7.0,86008,M,4694932.0,-700.0,86
201700001468,17,7,6,2240,3,1,2,1.0,3.0,86229,M,4706978.0,-5298.0,86
201700001469,17,7,15,1920,1,1,1,1.0,1.0,86036,M,4703891.0,4429.0,86
201700001470,17,7,15,1950,2,2,3,1.0,6.0,86137,M,4701335.0,7786.0,86
201700001471,17,9,21,320,3,1,1,1.0,6.0,86026,M,4708745.0,17369.0,86
201700001472,17,10,1,1145,1,1,2,1.0,1.0,86137,M,4701881.0,6877.0,86
201700001473,17,11,21,1950,3,1,1,1.0,7.0,86079,M,4696873.0,17853.0,86
201700001474,17,4,17,1715,1,1,1,1.0,6.0,86061,M,4613807.0,43893.0,86
201700001475,17,8,18,1900,1,1,6,1.0,7.0,86061,M,4614318.0,41784.0,86
201700001476,17,10,26,1430,1,1,2,1.0,5.0,86104,M,4611189.0,32823.0,86
201700001477,17,3,31,2000,2,2,1,1.0,7.0,16078,M,4568777.0,17879.0,16
201700001478,17,4,17,1120,1,1,2,1.0,3.0,16061,M,4573056.0,25209.0,16
201700001479,17,6,2,2045,1,1,1,1.0,6.0,16078,M,4569451.0,18913.0,16
201700001480,17,6,20,1515,1,2,1,1.0,1.0,16078,M,4569977.0,14895.0,16
201700001481,17,6,26,1630,1,2,1,1.0,6.0,16026,M,4571382.0,14397.0,16
201700001482,17,7,12,2030,1,1,1,1.0,6.0,16061,M,4571866.0,25519.0,16
201700001483,17,7,19,100,3,1,1,1.0,6.0,16078,M,4570434.0,16954.0,16
201700001484,17,10,17,1200,1,1,1,1.0,1.0,16078,M,4570289.0,19166.0,16
201700001485,17,10,25,945,1,1,1,1.0,6.0,16078,M,4571770.0,18365.0,16
201700001486,17,11,3,400,3,1,1,1.0,6.0,16320,M,4575998.0,252.0,16
201700001487,17,3,7,1645,1,1,1,2.0,7.0,16193,M,4573445.0,-39298.0,16
201700001488,17,5,17,1200,1,1,1,1.0,2.0,16097,M,4575288.0,-33928.0,16
201700001489,17,6,27,725,1,1,1,1.0,3.0,16355,M,4575979.0,-40119.0,16
201700001490,17,10,16,1633,1,2,7,1.0,6.0,16018,M,4564247.0,-38420.0,16
201700001491,17,11,12,1234,1,1,2,2.0,3.0,16152,M,4565695.0,-36101.0,16
201700001492,17,1,19,750,2,1,2,1.0,3.0,16320,M,4576223.0,3542.0,16
201700001493,17,4,22,1005,1,1,1,1.0,6.0,16348,M,4564593.0,3410.0,16
201700001494,17,4,27,1300,1,1,2,1.0,3.0,16320,M,4576231.0,3548.0,16
201700001495,17,5,27,800,1,1,3,1.0,3.0,16163,M,4567109.0,2138.0,16
201700001496,17,12,2,1045,1,1,1,1.0,7.0,16388,M,4564510.0,6404.0,16
201700001497,17,12,31,2000,5,2,9,8.0,6.0,17369,M,4620461.0,-136298.0,17
201700001498,17,1,3,1900,3,1,1,1.0,6.0,17161,M,4619216.0,-133823.0,17
201700001499,17,1,21,330,3,1,1,9.0,6.0,17121,M,4620244.0,-145232.0,17
201700001500,17,3,14,2135,3,1,1,1.0,6.0,17360,M,4615972.0,-131848.0,17
201700001501,17,4,27,730,1,2,4,1.0,3.0,17051,M,4618487.0,-139334.0,17
201700001502,17,5,3,830,1,1,1,1.0,5.0,17297,M,4615249.0,-128041.0,17
201700001503,17,5,13,2300,5,2,6,1.0,3.0,17369,M,4619704.0,-135514.0,17
201700001504,17,5,21,1705,1,1,1,1.0,5.0,17121,M,4620027.0,-140413.0,17
201700001505,17,7,17,1140,1,2,3,1.0,3.0,17369,M,4620020.0,-136249.0,17
201700001506,17,7,19,2205,5,2,6,1.0,3.0,17369,M,4619811.0,-135462.0,17
201700001507,17,7,28,1000,1,2,2,1.0,3.0,17360,M,4615611.0,-133040.0,17
201700001508,17,8,15,1715,1,1,1,1.0,7.0,17121,M,4619677.0,-142684.0,17
201700001509,17,8,17,945,1,2,1,1.0,6.0,17360,M,4615947.0,-133143.0,17
201700001510,17,9,18,2210,5,2,1,1.0,6.0,17297,M,4615532.0,-126937.0,17
201700001511,17,3,3,2135,5,2,8,3.0,3.0,17074,M,4521242.0,-36799.0,17
201700001512,17,3,2,1000,1,1,3,1.0,6.0,17081,M,4530963.0,-45400.0,17
201700001513,17,3,21,1830,1,1,1,1.0,6.0,17305,M,4533900.0,-45893.0,17
201700001514,17,4,29,1935,1,1,1,1.0,1.0,17305,M,4535945.0,-46211.0,17