Num_Acc,an,mois,jour,hrmn,lum,agg,int,atm,col,com,gps,lat,long,dep
201700001515,17,5,21,645,2,1,1,1.0,6.0,17243,M,4524729.0,-28796.0,17
201700001516,17,8,13,325,3,1,8,1.0,7.0,17074,M,4516333.0,-37269.0,17
201700001517,17,8,17,10,3,1,1,1.0,7.0,17240,M,4529599.0,-41213.0,17
201700001518,17,9,2,230,3,1,1,1.0,6.0,17454,M,4536201.0,-43351.0,17
201700001519,17,1,13,1530,1,1,1,1.0,1.0,17351,M,4580843.0,-106585.0,17
201700001520,17,4,8,1735,1,1,3,1.0,5.0,17219,M,4582297.0,-108678.0,17
201700001521,17,5,11,805,2,1,1,3.0,7.0,17219,M,4583972.0,-109050.0,17
201700001522,17,5,25,1500,1,2,9,1.0,1.0,17058,M,4584649.0,-115777.0,17
201700001523,17,5,25,1415,1,1,2,1.0,3.0,17219,M,4582301.0,-108684.0,17
201700001524,17,6,18,2245,2,1,2,1.0,3.0,17265,M,4575610.0,-98412.0,17
201700001525,17,6,24,1445,1,1,1,1.0,2.0,17189,M,4583255.0,-103360.0,17
201700001526,17,6,24,1555,1,1,2,1.0,3.0,17219,M,4583098.0,-111497.0,17
201700001527,17,7,15,1120,1,1,2,1.0,2.0,17351,M,4579399.0,-103645.0,17
201700001528,17,7,24,1245,1,1,6,1.0,7.0,17351,M,4579902.0,-104715.0,17
201700001529,17,8,21,5,3,1,1,1.0,6.0,17219,M,4583038.0,-110365.0,17
201700001530,17,11,17,1720,1,2,2,1.0,3.0,17219,M,4584259.0,-111363.0,17
201700001531,17,12,25,1750,2,2,3,1.0,5.0,17058,M,4584122.0,-114101.0,17
201700001532,17,12,30,2351,3,2,2,1.0,3.0,17219,M,4582961.0,-109795.0,17
201700001533,17,5,6,400,4,2,1,2.0,6.0,17083,M,4583114.0,-90515.0,17
201700001534,17,6,12,730,1,1,1,1.0,4.0,17184,M,4576582.0,-93950.0,17
201700001535,17,7,30,2140,5,2,1,1.0,6.0,17484,M,4594887.0,-108804.0,17
201700001536,17,8,2,1500,1,2,1,1.0,3.0,17348,M,4581909.0,-94707.0,17
201700001537,17,8,7,2230,3,2,1,2.0,7.0,17375,M,4593557.0,-104899.0,17
201700001538,17,8,27,1040,1,2,1,1.0,6.0,17329,M,4591711.0,-105431.0,17
201700001539,17,11,15,2300,5,2,1,1.0,6.0,17237,M,4590366.0,-103742.0,17
201700001540,17,1,26,1900,3,1,2,1.0,3.0,17086,M,4574745.0,-54086.0,17
201700001541,17,2,9,1810,2,2,1,1.0,6.0,17143,M,4582200.0,-56379.0,17
201700001542,17,2,9,1820,2,1,1,1.0,6.0,17462,M,4578736.0,-53476.0,17
201700001543,17,3,15,1356,1,1,3,7.0,2.0,17148,M,4579534.0,-70384.0,17
201700001544,17,4,6,731,2,1,1,1.0,6.0,17102,M,4570896.0,-65450.0,17
201700001545,17,4,21,2230,3,1,2,1.0,3.0,17073,M,4578628.0,-63347.0,17
201700001546,17,4,17,1058,1,1,1,1.0,1.0,17462,M,4578359.0,-54218.0,17
201700001547,17,5,11,445,5,2,9,2.0,6.0,17164,M,4576526.0,-58385.0,17
201700001548,17,5,22,715,1,2,1,1.0,1.0,17148,M,4578719.0,-67107.0,17
201700001549,17,6,4,1710,1,1,1,1.0,5.0,17086,M,4574165.0,-55012.0,17
201700001550,17,8,4,1220,1,1,1,1.0,1.0,17164,M,4576814.0,-58102.0,17
201700001551,17,8,29,800,1,1,2,1.0,2.0,17444,M,4567067.0,-68528.0,17
201700001552,17,10,30,1915,3,1,9,1.0,1.0,17100,M,4569010.0,-46819.0,17
201700001553,17,12,2,515,3,1,1,5.0,7.0,17100,M,4568496.0,-44823.0,17
201700001554,17,12,5,1850,3,1,2,5.0,5.0,17336,M,4578481.0,-71432.0,17
201700001555,17,2,9,2234,4,1,6,1.0,6.0,17283,M,4557299.0,-59392.0,17
201700001556,17,3,7,1900,3,1,1,2.0,6.0,17039,M,4551825.0,-56273.0,17
201700001557,17,3,31,2140,3,2,1,1.0,6.0,17273,M,4562721.0,-45923.0,17
201700001558,17,5,23,1715,1,1,3,1.0,3.0,17354,M,4562813.0,-57203.0,17
201700001559,17,9,24,1405,1,1,1,1.0,6.0,17400,M,4570569.0,-52958.0,17
201700001560,17,10,1,1525,1,2,1,2.0,3.0,17283,M,4557885.0,-53760.0,17
201700001561,17,10,10,1300,1,1,1,1.0,6.0,17354,M,4560766.0,-59981.0,17
201700001562,17,1,21,1645,1,1,2,1.0,3.0,17228,M,4563612.0,-93242.0,17
201700001563,17,4,21,1400,1,1,3,1.0,3.0,17119,M,4564567.0,-86330.0,17
201700001564,17,5,29,1530,1,1,1,1.0,6.0,17097,M,4563716.0,-88020.0,17
201700001565,17,11,9,1220,1,1,2,1.0,3.0,17119,M,4562653.0,-83820.0,17
201700001566,17,1,3,725,2,1,1,1.0,6.0,79246,M,4638055.0,-12636.0,79
201700001567,17,12,29,1415,1,2,1,1.0,6.0,79270,M,4641531.0,-19946.0,79
201700001568,17,1,30,1530,1,1,1,2.0,1.0,79302,M,4643454.0,-20439.0,79
201700001569,17,2,23,2000,3,1,1,2.0,2.0,79302,M,4642273.0,-25852.0,79
201700001570,17,3,2,423,5,2,1,5.0,6.0,79270,M,4641735.0,-19382.0,79
201700001571,17,3,29,1940,2,1,1,1.0,1.0,79048,M,4636418.0,-30638.0,79
201700001572,17,4,16,550,3,2,1,1.0,1.0,79020,M,4644142.0,-29122.0,79
201700001573,17,4,24,1930,1,2,1,1.0,3.0,79020,M,4645091.0,-27710.0,79
201700001574,17,5,2,1330,1,1,1,1.0,2.0,79319,M,4633709.0,-15449.0,79
201700001575,17,6,17,445,3,1,1,1.0,6.0,79316,M,4642063.0,-8321.0,79
201700001576,17,7,27,1815,1,2,1,1.0,6.0,79020,M,4642789.0,-30326.0,79
201700001577,17,10,7,810,2,1,1,1.0,1.0,79246,M,4638390.0,-13396.0,79
201700001578,17,11,28,1755,3,1,1,5.0,1.0,79302,M,4643590.0,-23786.0,79
201700001579,17,1,3,1500,1,2,8,1.0,6.0,79049,M,4684939.0,-48075.0,79
201700001580,17,2,13,1640,1,2,1,1.0,6.0,79049,M,4683447.0,-47181.0,79
201700001581,17,2,19,1755,1,2,1,1.0,6.0,79049,M,4683999.0,-50136.0,79
201700001582,17,2,25,1530,1,1,1,1.0,7.0,79116,M,4683513.0,-30093.0,79
201700001583,17,4,27,1800,1,1,1,1.0,6.0,79049,M,4685330.0,-51990.0,79
201700001584,17,7,12,1450,1,1,1,1.0,1.0,79049,M,4680599.0,-48578.0,79
201700001585,17,8,4,1120,1,2,1,1.0,3.0,79049,M,4682350.0,-41548.0,79
201700001586,17,8,20,1950,1,2,4,7.0,3.0,79049,M,4685116.0,-46328.0,79
201700001587,17,9,20,805,1,2,1,1.0,6.0,79049,M,4684114.0,-48529.0,79
201700001588,17,10,21,2300,5,2,2,1.0,6.0,79049,M,4684010.0,-49276.0,79
201700001589,17,11,14,1225,1,2,1,7.0,6.0,79049,M,4684501.0,-49307.0,79
201700001590,17,11,25,955,1,2,2,1.0,2.0,79049,M,4683621.0,-48046.0,79
201700001591,17,7,14,1820,1,1,1,1.0,7.0,87190,M,4591680.0,160952.0,87
201700001592,17,7,25,1650,1,2,1,1.0,2.0,87161,M,4583340.0,149026.0,87
201700001593,17,9,17,2000,5,2,1,3.0,6.0,87161,M,4584480.0,149254.0,87
201700001594,17,9,24,1615,1,1,1,1.0,3.0,87035,M,4583660.0,160037.0,87
201700001595,17,10,9,1500,1,1,1,1.0,1.0,87142,M,4577400.0,151627.0,87
201700001596,17,10,30,1400,1,1,9,1.0,1.0,87156,M,4585630.0,136101.0,87
201700001597,17,12,2,1440,1,1,1,4.0,6.0,87161,M,4584650.0,145701.0,87
201700001598,17,11,22,1230,1,2,1,1.0,1.0,87161,M,4584020.0,149769.0,87
201700001599,17,1,1,215,3,1,1,5.0,7.0,87154,M,4590860.0,95788.0,87
201700001600,17,1,2,200,5,2,1,1.0,6.0,87030,M,4587740.0,87102.0,87
201700001601,17,1,31,1700,1,2,3,1.0,3.0,19038,M,4523920.0,173504.0,19
201700001602,17,3,23,1610,1,1,1,8.0,6.0,19207,M,4527489.0,164646.0,19
201700001603,17,8,28,820,1,1,1,1.0,6.0,19220,M,4528981.0,188694.0,19
201700001604,17,5,16,1830,1,1,1,1.0,6.0,23115,M,4579427.0,227034.0,23
201700001605,17,6,20,1535,1,1,1,9.0,6.0,23067,M,4571816.0,231453.0,23
201700001606,17,6,23,909,1,1,1,5.0,6.0,23224,M,4571690.0,231283.0,23
201700001607,17,8,13,1123,1,2,1,1.0,6.0,23067,M,4570107.0,226382.0,23
201700001608,17,2,4,1904,2,1,1,3.0,2.0,31438,M,4364225.0,115961.0,31
201700001609,17,2,9,1945,3,1,1,1.0,6.0,31291,M,4359119.0,125140.0,31
201700001610,17,7,4,1200,1,1,1,1.0,7.0,31417,M,4362514.0,125624.0,31
201700001611,17,8,28,1930,1,1,1,1.0,7.0,31291,M,4358210.0,121698.0,31
201700001612,17,9,15,800,1,1,2,1.0,7.0,31438,M,4363816.0,115359.0,31
201700001613,17,10,2,1545,1,1,1,2.0,5.0,31297,M,4365329.0,120023.0,31
201700001614,17,11,6,830,1,1,1,1.0,7.0,31297,M,,,31
201700001615,17,11,28,700,2,2,1,1.0,4.0,31417,M,4362599.0,125846.0,31
201700001616,17,1,20,1940,3,1,1,1.0,5.0,31458,M,4350743.0,136382.0,31
201700001617,17,3,1,740,1,2,1,1.0,3.0,31458,M,4350675.0,136027.0,31
201700001618,17,3,10,1900,2,2,1,1.0,1.0,31420,M,4350987.0,138688.0,31
201700001619,17,10,9,2230,5,2,2,1.0,3.0,31433,M,4353456.0,140928.0,31
201700001620,17,10,14,800,2,1,1,1.0,6.0,31420,M,4349632.0,140615.0,31
201700001621,17,11,25,2030,4,2,1,1.0,6.0,31433,M,4353587.0,140189.0,31
201700001622,17,1,5,1930,5,2,3,1.0,1.0,31395,M,4348511.0,133961.0,31
201700001623,17,1,13,2025,3,1,1,1.0,5.0,31248,M,4345745.0,139598.0,31
201700001624,17,2,9,2015,5,2,1,1.0,1.0,31248,M,4344425.0,138417.0,31
201700001625,17,3,18,1600,1,1,1,1.0,6.0,31248,M,4344919.0,138809.0,31
201700001626,17,3,24,1105,1,2,2,1.0,3.0,31165,M,4343485.0,136490.0,31
201700001627,17,4,8,1450,1,1,1,1.0,5.0,31395,M,4346370.0,130664.0,31
201700001628,17,4,12,1230,1,1,2,1.0,3.0,31395,M,4346585.0,127016.0,31
201700001629,17,6,14,910,1,2,1,1.0,6.0,31395,M,4346204.0,132341.0,31
201700001630,17,8,18,1630,1,2,3,1.0,3.0,31165,M,4341597.0,136196.0,31
201700001631,17,9,5,825,1,2,6,7.0,6.0,31165,M,4342800.0,135473.0,31
201700001632,17,9,28,1615,1,1,1,1.0,3.0,31395,M,4344840.0,127461.0,31
201700001633,17,10,14,1420,1,1,1,1.0,6.0,31395,M,4347920.0,131878.0,31
201700001634,17,12,11,1900,5,2,6,1.0,6.0,31395,M,4345735.0,130774.0,31
201700001635,17,12,12,1845,4,2,1,1.0,6.0,31395,M,4346891.0,133092.0,31
201700001636,17,12,16,1950,3,2,2,1.0,5.0,31165,M,4345899.0,137287.0,31
201700001637,17,3,2,730,2,2,1,1.0,6.0,31162,M,4346911.0,155231.0,31
201700001638,17,4,29,1055,1,2,3,1.0,3.0,31381,M,4345497.0,158310.0,31
201700001639,17,6,22,925,1,1,1,1.0,1.0,31004,M,4344385.0,160080.0,31
201700001640,17,6,22,2325,3,1,1,1.0,5.0,31366,M,4346177.0,150758.0,31
201700001641,17,7,12,615,2,1,1,1.0,6.0,31381,M,4346103.0,157221.0,31
201700001642,17,7,21,2045,2,1,3,1.0,3.0,31161,M,4348785.0,152999.0,31
201700001643,17,11,1,1150,1,1,1,1.0,6.0,31048,M,4346020.0,161683.0,31
201700001644,17,11,23,840,1,1,1,1.0,7.0,31366,M,4345926.0,151137.0,31
201700001645,17,1,9,730,3,1,1,4.0,6.0,09049,M,4294516.0,154068.0,09
201700001646,17,2,5,1500,1,1,9,1.0,3.0,09099,M,4297227.0,158283.0,09
201700001647,17,4,9,1015,1,1,1,1.0,7.0,09108,M,4302327.0,132954.0,09
201700001648,17,11,1,1205,1,1,1,1.0,7.0,09269,M,4298428.0,154883.0,09
201700001649,17,11,23,1930,3,1,1,1.0,7.0,09292,M,4293115.0,140619.0,09
201700001650,17,1,12,1405,1,2,1,1.0,3.0,09160,M,4294126.0,185530.0,09
201700001651,17,1,29,1845,3,1,1,1.0,7.0,09003,M,4291861.0,189351.0,09
201700001652,17,2,1,1845,5,1,1,1.0,2.0,09160,M,4292458.0,183740.0,09
201700001653,17,2,12,500,3,2,1,1.0,6.0,09206,M,4284606.0,174506.0,09
201700001654,17,3,10,1645,1,2,1,1.0,6.0,09106,M,4294776.0,185617.0,09
201700001655,17,3,31,1710,1,2,1,1.0,6.0,09160,M,4293388.0,184927.0,09
201700001656,17,4,12,1720,1,2,1,1.0,3.0,09160,M,4292557.0,186399.0,09
201700001657,17,4,16,1800,1,1,1,1.0,3.0,09250,M,4296245.0,174999.0,09
201700001658,17,4,29,2315,5,2,1,1.0,6.0,09160,M,4293000.0,185542.0,09
201700001659,17,6,6,1815,1,1,1,1.0,5.0,09157,M,4295689.0,186265.0,09
201700001660,17,7,25,930,1,2,1,1.0,5.0,09157,M,4296873.0,186596.0,09
201700001661,17,9,8,1410,1,1,1,1.0,1.0,09093,M,4293134.0,170703.0,09
201700001662,17,11,5,40,5,2,1,3.0,6.0,09157,M,4297123.0,186662.0,09
201700001663,17,1,20,1815,4,2,9,1.0,6.0,09306,M,4284543.0,160091.0,09
201700001664,17,1,26,1545,1,1,1,1.0,3.0,09217,M,4281887.0,159117.0,09
201700001665,17,2,13,1850,4,1,1,1.0,6.0,09210,M,4290371.0,163729.0,09
201700001666,17,2,21,1915,3,1,9,1.0,6.0,09236,M,4292908.0,162190.0,09
201700001667,17,3,19,1115,1,1,1,1.0,4.0,09015,M,4286616.0,160486.0,09
201700001668,17,4,1,50,3,1,1,2.0,7.0,09321,M,4281174.0,163638.0,09
201700001669,17,4,1,1345,1,2,1,1.0,6.0,09306,M,4285037.0,160804.0,09
201700001670,17,4,17,1550,1,2,1,1.0,6.0,09306,M,4284700.0,160497.0,09
201700001671,17,4,18,1630,1,2,1,1.0,6.0,09303,M,4285880.0,157679.0,09
201700001672,17,6,3,1030,1,1,9,1.0,6.0,09280,M,4288019.0,151650.0,09
201700001673,17,6,17,2325,3,1,1,1.0,6.0,09280,M,4288713.0,149316.0,09
201700001674,17,6,18,1915,1,1,1,1.0,2.0,09015,M,4286630.0,160517.0,09
201700001675,17,9,21,700,2,1,6,1.0,6.0,09188,M,4287495.0,162201.0,09
201700001676,17,3,21,1920,3,1,1,2.0,5.0,09314,M,4307202.0,179854.0,09
201700001677,17,6,26,800,1,1,1,1.0,5.0,09260,M,4312335.0,191352.0,09
201700001678,17,11,12,2010,5,1,1,2.0,4.0,09274,M,4303308.0,189702.0,09
201700001679,17,12,21,1105,1,2,1,8.0,7.0,09194,M,4308859.0,187016.0,09
201700001680,17,12,29,1400,1,1,3,2.0,3.0,09244,M,4307689.0,177298.0,09
201700001681,17,2,19,1720,1,1,1,1.0,6.0,09270,M,4316184.0,149853.0,09
201700001682,17,2,21,1630,1,2,1,1.0,3.0,09185,M,4324727.0,168073.0,09
201700001683,17,3,31,1150,1,1,1,1.0,2.0,09282,M,4323876.0,158441.0,09
201700001684,17,6,22,1700,1,1,2,1.0,3.0,09282,M,4323277.0,156347.0,09
201700001685,17,8,14,2100,1,2,1,1.0,3.0,09282,M,4322943.0,157719.0,09
201700001686,17,9,14,1600,1,1,1,1.0,5.0,09282,M,4321218.0,160798.0,09
201700001687,17,9,26,1915,1,2,1,1.0,3.0,09282,M,4324202.0,156664.0,09
201700001688,17,10,23,1750,1,1,1,1.0,2.0,09331,M,4318565.0,161036.0,09
201700001689,17,11,6,200,5,2,1,1.0,6.0,09282,M,4324331.0,157054.0,09
201700001690,17,11,7,1840,3,1,1,1.0,7.0,09282,M,4324282.0,158717.0,09
201700001691,17,11,17,745,1,1,2,1.0,3.0,09199,M,4320485.0,162476.0,09
201700001692,17,4,22,920,1,2,9,7.0,6.0,09268,M,4299239.0,114173.0,09
201700001693,17,4,27,1150,1,2,1,8.0,3.0,09214,M,4296404.0,109490.0,09
201700001694,17,7,17,1145,1,1,1,1.0,7.0,09164,M,4300028.0,123238.0,09
201700001695,17,10,1,1745,1,1,1,2.0,1.0,09289,M,4302290.0,109559.0,09
201700001696,17,11,17,2300,3,1,1,1.0,7.0,09214,M,4296838.0,110562.0,09
201700001697,17,12,9,1430,1,1,1,1.0,7.0,09209,M,4301287.0,117673.0,09
201700001698,17,1,1,1400,1,2,1,1.0,3.0,09235,M,4302968.0,102613.0,09
201700001699,17,2,8,840,1,2,1,1.0,6.0,02168,M,4904057.0,340478.0,02
201700001700,17,3,5,1930,3,1,1,8.0,6.0,02168,M,4904763.0,337232.0,02
201700001701,17,3,12,1825,1,2,1,1.0,6.0,02168,M,4904121.0,340435.0,02
201700001702,17,4,3,1845,1,2,1,1.0,3.0,02168,M,4904939.0,337994.0,02
201700001703,17,6,16,1708,1,2,1,1.0,6.0,02168,M,4904042.0,340042.0,02
201700001704,17,7,13,1900,1,2,1,1.0,3.0,02168,M,4904057.0,340460.0,02
201700001705,17,8,19,1930,2,1,9,8.0,2.0,02168,M,4905677.0,339618.0,02
201700001706,17,3,20,1715,1,1,2,1.0,3.0,32207,M,4366110.0,65562.0,32
201700001707,17,3,22,2355,3,1,1,3.0,7.0,32013,M,4362820.0,63428.0,32
201700001708,17,5,14,815,2,1,1,1.0,6.0,32312,M,4360670.0,64702.0,32
201700001709,17,6,24,1815,1,1,1,1.0,1.0,32453,M,4375140.0,69901.0,32
201700001710,17,8,4,830,2,2,3,1.0,3.0,32307,M,4361100.0,59512.0,32
201700001711,17,9,8,40,3,1,1,1.0,1.0,32368,M,4377240.0,61883.0,32
201700001712,17,10,6,1820,1,2,2,1.0,3.0,32307,M,4360860.0,59279.0,32
201700001713,17,1,5,1830,3,1,1,1.0,6.0,46202,M,4429119.0,150155.0,46
201700001714,17,2,27,1510,1,1,2,1.0,3.0,46263,M,4435518.0,122950.0,46
201700001715,17,8,18,521,3,1,1,1.0,6.0,46202,M,4427363.0,150537.0,46
201700001716,17,10,28,15,3,1,1,1.0,6.0,46138,M,4464500.0,155463.0,46
201700001717,17,11,7,731,2,1,1,1.0,6.0,46070,M,4435510.0,149675.0,46
201700001718,17,3,25,815,1,1,1,1.0,3.0,46055,M,4458184.0,206604.0,46
201700001719,17,7,29,1130,1,2,6,1.0,7.0,46102,M,4459451.0,203364.0,46
201700001720,17,8,9,900,1,1,1,1.0,6.0,46102,M,4462031.0,205690.0,46
201700001721,17,8,15,1945,1,1,1,1.0,3.0,46055,M,4457705.0,206880.0,46
201700001722,17,12,11,1320,1,1,1,2.0,5.0,46085,M,4457518.0,213195.0,46
201700001723,17,3,31,1630,1,1,1,1.0,1.0,65295,M,4285844.0,-572.0,65
201700001724,17,9,28,1500,1,1,1,1.0,3.0,65481,M,4290336.0,10051.0,65
201700001725,17,12,16,2035,3,1,1,1.0,1.0,65481,M,4289217.0,5129.0,65
201700001726,17,5,4,510,3,1,1,1.0,6.0,65221,M,4313736.0,11194.0,65
201700001727,17,6,10,1440,1,1,1,1.0,3.0,65078,M,4303253.0,16607.0,65
201700001728,17,6,12,1050,1,1,1,1.0,6.0,65059,M,4292703.0,19884.0,65
201700001729,17,6,14,1130,1,1,1,1.0,7.0,65123,M,4293659.0,20880.0,65
201700001730,17,6,11,1630,1,2,9,1.0,5.0,65123,M,4296016.0,25367.0,65
201700001731,17,6,24,1815,1,1,1,2.0,6.0,65123,M,4293621.0,20868.0,65
201700001732,17,6,26,900,1,1,1,8.0,6.0,65370,M,4308961.0,12700.0,65
201700001733,17,7,1,1630,1,2,1,3.0,6.0,65370,M,4309135.0,13280.0,65
201700001734,17,7,6,1510,1,1,1,1.0,7.0,65451,M,4308986.0,10908.0,65
201700001735,17,7,27,1900,1,2,1,1.0,2.0,65059,M,4306662.0,14895.0,65
201700001736,17,8,3,1420,1,2,2,1.0,3.0,65451,M,4310170.0,12107.0,65
201700001737,17,8,17,1400,1,2,9,1.0,2.0,65059,M,4307211.0,15565.0,65
201700001738,17,8,29,1830,1,1,9,5.0,6.0,65059,M,4291379.0,18662.0,65
201700001739,17,9,10,1020,1,2,1,1.0,7.0,65059,M,4305914.0,14759.0,65
201700001740,17,10,4,1208,1,2,1,1.0,6.0,65059,M,4306157.0,15119.0,65
201700001741,17,10,20,1150,1,2,6,1.0,3.0,65370,M,4307844.0,14086.0,65
201700001742,17,10,23,1430,1,1,1,1.0,7.0,65096,M,4311026.0,24606.0,65
201700001743,17,10,26,1610,1,1,1,1.0,6.0,65451,M,4308939.0,10457.0,65
201700001744,17,11,29,1815,3,1,1,4.0,1.0,65123,M,4296202.0,21620.0,65
201700001745,17,2,3,900,1,1,1,2.0,1.0,81219,M,4356836.0,196035.0,81
201700001746,17,3,8,1040,1,1,1,2.0,3.0,81239,M,4348930.0,245753.0,81
201700001747,17,7,5,1224,1,1,1,1.0,7.0,81092,M,4368898.0,192535.0,81
201700001748,17,2,2,2300,5,1,1,2.0,1.0,81105,M,4376098.0,202652.0,81
201700001749,17,3,9,1630,1,2,3,7.0,3.0,81039,M,4375114.0,191538.0,81
201700001750,17,4,1,2110,5,2,1,3.0,6.0,81105,M,4375989.0,199529.0,81
201700001751,17,4,14,1820,1,2,2,1.0,3.0,81105,M,4376396.0,200283.0,81
201700001752,17,4,18,1400,1,2,2,1.0,3.0,81105,M,4375603.0,199779.0,81
201700001753,17,5,28,2050,2,2,1,1.0,7.0,81105,M,4375560.0,197183.0,81
201700001754,17,6,2,1400,1,2,1,1.0,1.0,81105,M,4377292.0,199128.0,81
201700001755,17,10,22,1000,1,2,1,2.0,6.0,81140,M,4370409.0,179466.0,81
201700001756,17,1,9,600,5,1,1,9.0,1.0,81099,M,4391117.0,186291.0,81
201700001757,17,1,9,2300,3,1,1,8.0,6.0,81138,M,4381913.0,203039.0,81
201700001758,17,1,29,1630,1,1,1,1.0,7.0,81099,M,4392053.0,193017.0,81
201700001759,17,2,19,945,1,1,6,1.0,1.0,81038,M,4387640.0,190804.0,81
201700001760,17,3,27,1930,1,2,1,1.0,6.0,81099,M,4390200.0,189777.0,81
201700001761,17,4,22,2200,5,2,4,1.0,6.0,81117,M,4380306.0,200272.0,81
201700001762,17,5,13,455,3,1,3,2.0,3.0,81112,M,4392005.0,199655.0,81
201700001763,17,5,15,915,1,1,1,7.0,6.0,81099,M,4388572.0,186709.0,81
201700001764,17,5,26,1530,1,1,1,1.0,7.0,81038,M,4388811.0,192936.0,81
201700001765,17,7,4,802,1,1,1,1.0,1.0,81138,M,4383402.0,205379.0,81
201700001766,17,7,24,815,1,1,1,2.0,7.0,81099,M,4392482.0,189362.0,81
201700001767,17,7,28,1645,1,1,1,1.0,6.0,81099,M,4391117.0,186291.0,81
201700001768,17,8,1,740,1,1,1,1.0,6.0,81099,M,4390272.0,188749.0,81
201700001769,17,8,26,845,1,1,1,1.0,7.0,81283,M,4396943.0,194602.0,81
201700001770,17,9,2,1550,1,1,2,1.0,6.0,81093,M,4387952.0,202104.0,81
201700001771,17,9,21,945,1,2,1,1.0,6.0,81117,M,4380594.0,198725.0,81
201700001772,17,10,8,630,3,2,3,5.0,7.0,81131,M,4388950.0,197117.0,81
201700001773,17,12,18,1400,1,1,1,2.0,6.0,81131,M,4389384.0,200175.0,81
201700001774,17,12,18,1700,2,2,1,2.0,2.0,81099,M,4389308.0,188103.0,81
201700001775,17,12,22,1230,1,1,3,1.0,3.0,81099,M,4391378.0,187358.0,81
201700001776,17,12,31,1730,5,2,1,1.0,6.0,69069,M,4574733.0,471781.0,69
201700001777,17,2,24,300,5,2,1,1.0,7.0,69089,M,4574735.0,477716.0,69
201700001778,17,5,14,2330,5,2,1,1.0,2.0,69069,M,4574738.0,471118.0,69
201700001779,17,6,16,745,1,2,1,1.0,1.0,69089,M,4574069.0,477259.0,69
201700001780,17,7,14,2130,2,2,1,1.0,7.0,69069,M,4574735.0,474549.0,69
201700001781,17,8,28,1845,1,2,1,1.0,6.0,69089,M,4573529.0,477231.0,69
201700001782,17,9,9,810,1,2,1,3.0,1.0,69069,M,4574735.0,473590.0,69
201700001783,17,9,19,1420,1,2,1,1.0,5.0,69089,M,4574926.0,475994.0,69
201700001784,17,11,12,1035,1,2,1,1.0,6.0,69069,M,4574734.0,471701.0,69
201700001785,17,12,22,1120,1,2,1,1.0,3.0,69069,M,4574273.0,471839.0,69
201700001786,17,2,1,1718,1,2,3,8.0,3.0,02408,M,4956928.0,361776.0,02
201700001787,17,2,9,1545,1,1,1,1.0,1.0,02028,M,4955216.0,367971.0,02
201700001788,17,3,14,1200,1,2,6,1.0,2.0,02408,M,4957018.0,363352.0,02
201700001789,17,3,19,1800,1,2,1,1.0,2.0,02408,M,4956885.0,364584.0,02
201700001790,17,3,23,1215,1,1,2,1.0,6.0,02408,M,4956432.0,364184.0,02
201700001791,17,4,14,2000,1,2,9,1.0,3.0,02157,M,4958899.0,364728.0,02
201700001792,17,4,11,1930,1,2,1,1.0,3.0,02408,M,4957529.0,365097.0,02
201700001793,17,4,18,1820,1,1,1,1.0,5.0,02408,M,4955568.0,363128.0,02
201700001794,17,4,22,1200,1,2,6,1.0,1.0,02028,M,4957550.0,367900.0,02
201700001795,17,5,2,1000,1,2,3,1.0,2.0,02408,M,4955353.0,360658.0,02
201700001796,17,6,6,1725,1,2,7,1.0,6.0,02408,M,4956460.0,364361.0,02
201700001797,17,7,10,122,5,2,1,2.0,6.0,02408,M,4956332.0,360597.0,02
201700001798,17,7,15,2350,5,2,1,1.0,6.0,02408,M,4956198.0,362761.0,02
201700001799,17,7,17,1450,1,2,3,1.0,3.0,02408,M,4957623.0,365440.0,02
201700001800,17,7,18,1030,1,2,2,1.0,3.0,02408,M,4956521.0,364216.0,02
201700001801,17,9,21,1515,1,1,1,1.0,5.0,02408,M,4955498.0,363001.0,02
201700001802,17,9,25,900,1,2,2,1.0,1.0,02408,M,4956432.0,364183.0,02
201700001803,17,10,24,810,1,2,1,2.0,6.0,02408,M,4956584.0,362350.0,02
201700001804,17,11,7,1533,1,2,1,1.0,6.0,02408,M,4958275.0,364329.0,02
201700001805,17,11,30,1800,2,2,1,1.0,2.0,02408,M,4954976.0,361606.0,02
201700001806,17,1,5,1925,5,1,2,1.0,3.0,81142,M,4351995.0,207198.0,81
201700001807,17,3,6,1330,1,1,1,6.0,7.0,81050,M,4357997.0,183732.0,81
201700001808,17,4,16,1210,1,2,1,1.0,6.0,81219,M,4357408.0,201085.0,81
201700001809,17,7,6,1530,1,1,1,1.0,7.0,81143,M,4353954.0,208907.0,81
201700001810,17,8,4,1200,1,1,1,1.0,6.0,81143,M,4353623.0,210711.0,81
201700001811,17,8,22,1745,1,1,1,1.0,1.0,81219,M,4358084.0,200911.0,81
201700001812,17,8,26,350,5,2,4,1.0,6.0,81054,M,4358074.0,212023.0,81
201700001813,17,10,9,1550,1,1,1,1.0,1.0,81050,M,4358288.0,182400.0,81
201700001814,17,1,7,1845,5,1,1,1.0,2.0,69076,M,4584440.0,473381.0,69
201700001815,17,1,20,1555,1,1,1,1.0,5.0,69072,M,4583350.0,474537.0,69
201700001816,17,1,24,1740,5,1,1,1.0,2.0,69072,M,,,69
201700001817,17,1,28,2230,5,2,1,2.0,6.0,69250,M,,,69