Num_Acc,an,mois,jour,hrmn,lum,agg,int,atm,col,com,gps,lat,long,dep
201700001818,17,2,3,1407,1,1,1,8.0,4.0,69072,M,4581439.0,474667.0,69
201700001819,17,2,10,1705,1,2,1,1.0,1.0,69250,M,4580450.0,471669.0,69
201700001820,17,2,18,1330,1,2,6,1.0,2.0,69072,M,4582644.0,475697.0,69
201700001821,17,2,28,820,1,1,1,1.0,3.0,69250,M,4581867.0,472537.0,69
201700001822,17,3,1,235,3,1,9,1.0,6.0,69250,M,4581995.0,470404.0,69
201700001823,17,3,21,1630,1,2,1,1.0,1.0,69127,M,4577535.0,470510.0,69
201700001824,17,4,11,1030,1,1,1,1.0,3.0,69250,M,4583100.0,474250.0,69
201700001825,17,4,13,930,1,1,3,1.0,3.0,69072,M,4580281.0,473245.0,69
201700001826,17,4,27,1400,1,1,9,1.0,2.0,69072,M,4582619.0,473848.0,69
201700001827,17,6,6,1910,1,2,1,1.0,6.0,69250,M,4582242.0,471612.0,69
201700001828,17,6,18,120,3,1,1,1.0,1.0,69072,M,4583445.0,474805.0,69
201700001829,17,6,25,1330,1,1,1,1.0,6.0,69072,M,4581439.0,474667.0,69
201700001830,17,7,9,2000,1,2,1,1.0,1.0,69127,M,4579065.0,470846.0,69
201700001831,17,7,17,910,1,2,1,1.0,2.0,69076,M,4583371.0,471568.0,69
201700001832,17,7,24,810,1,2,6,2.0,2.0,69127,M,4578456.0,471738.0,69
201700001833,17,7,29,1915,1,1,1,1.0,2.0,69250,M,4581967.0,469805.0,69
201700001834,17,11,7,2110,3,1,1,2.0,1.0,69072,M,4580846.0,473568.0,69
201700001835,17,1,2,520,5,1,1,1.0,6.0,69117,M,4587657.0,474730.0,69
201700001836,17,1,29,1745,2,1,1,1.0,1.0,69116,M,4584711.0,476565.0,69
201700001837,17,2,25,1545,1,1,1,1.0,3.0,69116,M,4584243.0,478451.0,69
201700001838,17,4,8,1830,1,2,6,1.0,6.0,69116,M,4581354.0,477654.0,69
201700001839,17,4,9,530,2,1,1,1.0,6.0,69191,M,4582774.0,481374.0,69
201700001840,17,5,18,2100,2,2,1,1.0,1.0,69116,M,4583540.0,477864.0,69
201700001841,17,6,9,715,1,2,2,2.0,5.0,69040,M,4580011.0,478701.0,69
201700001842,17,6,17,955,1,2,1,1.0,6.0,69040,M,4579455.0,479309.0,69
201700001843,17,6,19,1810,1,1,1,1.0,5.0,69194,M,4580305.0,480220.0,69
201700001844,17,6,19,1800,1,1,1,1.0,2.0,69117,M,4588402.0,474496.0,69
201700001845,17,6,20,1420,1,1,1,1.0,2.0,69055,M,4587993.0,474612.0,69
201700001846,17,6,9,855,1,2,9,1.0,6.0,69194,M,4580632.0,480198.0,69
201700001847,17,6,28,1855,1,2,1,8.0,6.0,69116,M,4583684.0,477065.0,69
201700001848,17,8,23,1230,1,1,1,1.0,1.0,69117,M,4585317.0,475873.0,69
201700001849,17,9,16,2000,2,2,1,1.0,6.0,69040,M,4579735.0,478492.0,69
201700001850,17,9,23,1600,1,2,1,1.0,2.0,69049,M,4587235.0,476055.0,69
201700001851,17,9,24,230,3,1,8,1.0,3.0,69059,M,4586524.0,471482.0,69
201700001852,17,1,25,750,2,2,1,1.0,6.0,69143,M,4588780.0,482979.0,69
201700001853,17,1,27,1515,1,2,3,1.0,1.0,69143,M,4587786.0,483818.0,69
201700001854,17,1,30,850,1,2,3,1.0,3.0,69003,M,4585455.0,483079.0,69
201700001855,17,3,7,710,1,2,1,1.0,3.0,69278,M,4589753.0,482853.0,69
201700001856,17,2,25,1510,1,2,1,1.0,3.0,69233,M,4583629.0,482271.0,69
201700001857,17,2,23,1545,1,2,9,1.0,3.0,69207,M,4588004.0,480747.0,69
201700001858,17,3,25,1430,1,1,1,9.0,2.0,69163,M,4593197.0,476590.0,69
201700001859,17,4,1,1425,1,1,6,2.0,6.0,69278,M,4589959.0,481736.0,69
201700001860,17,4,7,930,1,2,1,1.0,2.0,69003,M,4587885.0,482946.0,69
201700001861,17,4,9,1905,1,2,1,1.0,3.0,69003,M,4587547.0,483178.0,69
201700001862,17,4,17,850,1,1,1,1.0,2.0,69143,M,4587164.0,483479.0,69
201700001863,17,4,21,930,1,2,1,1.0,3.0,69143,M,4587152.0,483971.0,69
201700001864,17,4,21,1620,1,2,1,1.0,6.0,69003,M,4587804.0,483370.0,69
201700001865,17,4,22,1730,1,2,9,1.0,7.0,69071,M,4586887.0,481925.0,69
201700001866,17,4,29,1745,1,1,1,1.0,3.0,69085,M,4586080.0,484108.0,69
201700001867,17,5,9,800,1,2,1,1.0,1.0,69143,M,4587500.0,484094.0,69
201700001868,17,5,17,1440,1,1,1,1.0,7.0,69068,M,4584894.0,481101.0,69
201700001869,17,5,18,230,3,1,1,1.0,7.0,69153,M,4585588.0,479280.0,69
201700001870,17,3,15,1900,3,1,2,1.0,7.0,69163,M,4593551.0,477450.0,69
201700001871,17,5,25,750,1,1,1,1.0,3.0,69163,M,4591803.0,477257.0,69
201700001872,17,5,30,2300,3,1,1,1.0,6.0,69163,M,4591856.0,476491.0,69
201700001873,17,6,8,1345,1,2,6,1.0,3.0,69207,M,4588936.0,480575.0,69
201700001874,17,6,12,1035,1,1,1,1.0,5.0,69278,M,4589213.0,482475.0,69
201700001875,17,6,29,1320,1,2,6,1.0,3.0,69278,M,4589075.0,482581.0,69
201700001876,17,7,2,1100,1,1,1,1.0,1.0,69071,M,4586056.0,481246.0,69
201700001877,17,7,8,1850,2,2,9,1.0,6.0,69143,M,4587084.0,484019.0,69
201700001878,17,7,7,1925,1,1,1,7.0,2.0,69163,M,4590943.0,479173.0,69
201700001879,17,9,1,1700,1,2,6,1.0,6.0,69207,M,4588931.0,480553.0,69
201700001880,17,9,9,1040,1,2,1,1.0,1.0,69163,M,4592146.0,475490.0,69
201700001881,17,9,17,1550,1,2,1,2.0,6.0,69068,M,4584647.0,483162.0,69
201700001882,17,9,23,1000,1,2,1,1.0,6.0,69003,M,4586588.0,483434.0,69
201700001883,17,10,17,910,1,2,1,1.0,1.0,69143,M,4588426.0,483680.0,69
201700001884,17,10,14,1410,1,2,1,1.0,6.0,69143,M,4587744.0,483843.0,69
201700001885,17,10,21,2100,5,2,1,2.0,3.0,69143,M,4587152.0,483971.0,69
201700001886,17,11,14,1745,5,2,1,2.0,1.0,69143,M,4586781.0,484223.0,69
201700001887,17,12,3,2100,5,2,1,1.0,6.0,69278,M,4589254.0,483480.0,69
201700001888,17,12,5,1615,1,2,1,1.0,7.0,69085,M,4586293.0,484934.0,69
201700001889,17,12,6,1348,1,2,1,1.0,2.0,69143,M,4588179.0,483450.0,69
201700001890,17,12,13,1730,5,2,8,3.0,6.0,69143,M,4587500.0,484094.0,69
201700001891,17,12,15,1230,1,2,1,1.0,1.0,69284,M,4588124.0,485391.0,69
201700001892,17,2,8,745,1,2,1,1.0,6.0,69204,M,4568086.0,478760.0,69
201700001893,17,2,17,725,1,1,1,1.0,6.0,69204,M,4569842.0,476723.0,69
201700001894,17,3,28,2030,5,1,1,1.0,6.0,69043,M,4570883.0,474511.0,69
201700001895,17,5,2,2215,5,2,1,2.0,1.0,69204,M,4567504.0,479098.0,69
201700001896,17,5,3,710,1,2,1,1.0,6.0,69204,M,4568515.0,479309.0,69
201700001897,17,1,6,1900,3,1,1,1.0,1.0,69298,M,4564987.0,498895.0,69
201700001898,17,1,23,1325,1,2,1,1.0,6.0,69287,M,4568688.0,503487.0,69
201700001899,17,3,5,1055,1,2,6,1.0,1.0,69287,M,4568443.0,502529.0,69
201700001900,17,3,12,2245,4,2,1,1.0,6.0,69287,M,4571049.0,504249.0,69
201700001901,17,4,6,1755,1,2,1,1.0,3.0,69287,M,4569515.0,502249.0,69
201700001902,17,7,10,1930,1,1,1,2.0,2.0,69288,M,4568865.0,507012.0,69
201700001903,17,8,11,1920,1,1,1,1.0,3.0,69289,M,4566064.0,500063.0,69
201700001904,17,9,10,1000,1,1,1,1.0,6.0,69288,M,4568364.0,506080.0,69
201700001905,17,9,27,1840,1,1,1,1.0,1.0,69298,M,4565206.0,498847.0,69
201700001906,17,1,11,2045,5,2,1,1.0,6.0,69273,M,4566451.0,490298.0,69
201700001907,17,1,6,1500,1,2,6,1.0,6.0,69273,M,4567579.0,491727.0,69
201700001908,17,2,10,1619,2,1,1,1.0,5.0,69273,M,4567433.0,492193.0,69
201700001909,17,2,22,1125,1,2,1,1.0,6.0,69273,M,4568830.0,491418.0,69
201700001910,17,3,13,2000,3,1,1,1.0,6.0,69281,M,4563253.0,490982.0,69
201700001911,17,8,22,530,2,2,1,1.0,6.0,69273,M,4566935.0,492865.0,69
201700001912,17,8,30,1645,1,2,7,1.0,6.0,69273,M,4567109.0,489890.0,69
201700001913,17,9,5,1910,1,2,1,1.0,3.0,69273,M,4565334.0,490624.0,69
201700001914,17,10,14,110,3,2,1,1.0,5.0,69273,M,4567278.0,491309.0,69
201700001915,17,12,13,1850,5,2,1,2.0,1.0,69273,M,4568410.0,493134.0,69
201700001916,17,1,8,1809,3,1,1,9.0,3.0,69086,M,4582944.0,464668.0,69
201700001917,17,3,20,2300,5,2,1,1.0,3.0,69231,M,4579325.0,461099.0,69
201700001918,17,3,26,700,3,1,1,1.0,7.0,69112,M,4581883.0,467929.0,69
201700001919,17,4,4,1455,1,1,1,1.0,1.0,69112,M,4581960.0,468982.0,69
201700001920,17,4,27,2045,2,1,1,2.0,1.0,69175,M,4582225.0,458800.0,69
201700001921,17,4,29,1730,1,2,1,1.0,7.0,69173,M,4587060.0,455958.0,69
201700001922,17,5,14,540,2,1,1,1.0,7.0,69175,M,4581617.0,456124.0,69
201700001923,17,5,21,1640,1,2,1,1.0,3.0,69112,M,4579749.0,466328.0,69
201700001924,17,6,23,1430,1,1,1,9.0,1.0,69175,M,4582225.0,458800.0,69
201700001925,17,6,28,1645,1,1,1,1.0,1.0,69032,M,4585892.0,457822.0,69
201700001926,17,7,6,1150,1,1,1,1.0,1.0,69021,M,4577038.0,454791.0,69
201700001927,17,9,8,1315,1,2,1,1.0,3.0,69010,M,4583752.0,462174.0,69
201700001928,17,9,14,1850,1,1,1,1.0,6.0,69057,M,4576961.0,459785.0,69
201700001929,17,9,16,1620,1,2,1,1.0,6.0,69010,M,4583662.0,461828.0,69
201700001930,17,10,12,1745,1,1,1,1.0,1.0,69032,M,4585385.0,457649.0,69
201700001931,17,12,26,1800,5,1,1,1.0,6.0,69032,M,4585756.0,456638.0,69
201700001932,17,12,27,840,1,2,1,8.0,6.0,69010,M,4583574.0,461615.0,69
201700001933,17,5,9,1700,1,1,1,1.0,1.0,69139,M,4579459.0,445004.0,69
201700001934,17,6,7,800,1,1,1,8.0,1.0,69220,M,4571969.0,447338.0,69
201700001935,17,9,29,1600,1,1,1,1.0,6.0,69038,M,4578129.0,439506.0,69
201700001936,17,1,12,805,2,2,1,1.0,6.0,69238,M,4563554.0,445992.0,69
201700001937,17,3,27,1930,1,1,1,1.0,1.0,69227,M,4565803.0,455868.0,69
201700001938,17,4,7,830,1,2,1,1.0,3.0,69238,M,4563550.0,445987.0,69
201700001939,17,4,7,1600,1,1,1,1.0,5.0,69110,M,4563854.0,448720.0,69
201700001940,17,7,21,1550,1,1,1,2.0,6.0,69078,M,4569063.0,450411.0,69
201700001941,17,7,23,1730,1,1,1,1.0,2.0,69078,M,4569093.0,454089.0,69
201700001942,17,8,12,1150,1,1,1,1.0,7.0,69227,M,4566569.0,456037.0,69
201700001943,17,11,25,1230,1,1,9,8.0,6.0,69155,M,4565240.0,447286.0,69
201700001944,17,11,26,1935,5,2,9,1.0,6.0,69238,M,4562954.0,446041.0,69
201700001945,17,2,4,315,4,2,1,2.0,6.0,69255,M,4573545.0,466837.0,69
201700001946,17,3,28,1910,1,1,1,1.0,7.0,69249,M,4567628.0,463280.0,69
201700001947,17,4,9,1155,1,1,1,1.0,6.0,69249,M,4568528.0,463782.0,69
201700001948,17,4,21,1435,1,2,6,1.0,3.0,69028,M,4572201.0,469822.0,69
201700001949,17,6,14,1750,1,1,1,1.0,3.0,69028,M,4570938.0,470488.0,69
201700001950,17,6,28,1930,1,1,1,3.0,3.0,69255,M,4572919.0,467423.0,69
201700001951,17,8,4,1310,1,2,1,1.0,6.0,69255,M,4573752.0,468525.0,69
201700001952,17,8,6,1133,1,2,1,1.0,5.0,69028,M,4573614.0,471385.0,69
201700001953,17,8,30,2000,2,1,1,2.0,3.0,69249,M,4566703.0,458431.0,69
201700001954,17,11,11,1200,1,1,1,8.0,7.0,69154,M,4575596.0,463219.0,69
201700001955,17,12,19,1100,1,1,1,2.0,7.0,69094,M,4574493.0,469766.0,69
201700001956,17,3,19,1730,1,2,1,1.0,6.0,69296,M,4564044.0,483365.0,69
201700001957,17,3,24,1035,1,2,1,2.0,6.0,69294,M,4562893.0,482318.0,69
201700001958,17,3,30,1715,1,2,1,7.0,6.0,69296,M,4563946.0,484671.0,69
201700001959,17,4,5,1800,1,1,1,1.0,6.0,69296,M,4565266.0,484828.0,69
201700001960,17,4,16,555,5,2,1,1.0,3.0,69291,M,4563603.0,485619.0,69
201700001961,17,5,6,520,2,1,6,1.0,7.0,69296,M,4564601.0,483817.0,69
201700001962,17,7,2,1615,1,2,1,1.0,6.0,69291,M,4562697.0,485529.0,69
201700001963,17,7,16,1800,1,2,1,7.0,6.0,69291,M,4563023.0,485393.0,69
201700001964,17,7,20,1610,1,1,1,1.0,7.0,69296,M,4564474.0,483064.0,69
201700001965,17,7,24,1740,1,2,1,1.0,3.0,69296,M,4564312.0,481807.0,69
201700001966,17,8,26,1210,1,1,1,7.0,2.0,69291,M,4562642.0,485660.0,69
201700001967,17,8,31,1350,1,2,1,8.0,3.0,69297,M,4560715.0,480765.0,69
201700001968,17,9,29,1755,1,2,1,1.0,3.0,69294,M,4563094.0,482380.0,69
201700001969,17,10,12,1235,1,1,9,1.0,6.0,69296,M,4564264.0,482691.0,69
201700001970,17,12,12,1250,1,2,1,1.0,2.0,69291,M,4563895.0,485291.0,69
201700001971,17,12,11,1710,2,1,1,1.0,3.0,69272,M,4558941.0,486133.0,69
201700001972,17,2,18,1700,1,1,1,1.0,3.0,69241,M,4564176.0,474116.0,69
201700001973,17,4,14,1530,1,1,3,1.0,3.0,69179,M,4560387.0,469083.0,69
201700001974,17,8,5,2220,5,1,1,1.0,3.0,69136,M,4562958.0,475813.0,69
201700001975,17,8,25,1815,1,2,1,1.0,6.0,69141,M,4561843.0,467021.0,69
201700001976,17,9,25,1515,1,1,1,2.0,3.0,69141,M,4560429.0,468868.0,69
201700001977,17,11,4,1655,3,1,1,2.0,1.0,69228,M,4556038.0,463949.0,69
201700001978,17,3,26,30,3,1,1,1.0,6.0,69061,M,4599551.0,461963.0,69
201700001979,17,4,29,1615,1,1,1,1.0,1.0,69167,M,4600818.0,458855.0,69
201700001980,17,5,18,1630,1,1,2,1.0,3.0,69074,M,4599642.0,466324.0,69
201700001981,17,6,27,1800,1,1,1,1.0,3.0,69151,M,4606510.0,457850.0,69
201700001982,17,8,19,1900,1,1,2,1.0,3.0,69172,M,4605565.0,463681.0,69
201700001983,17,8,21,1550,1,1,2,7.0,3.0,69105,M,4599715.0,464672.0,69
201700001984,17,2,19,1515,1,1,1,1.0,7.0,69020,M,4586759.0,466027.0,69
201700001985,17,2,24,1350,1,1,2,1.0,3.0,69140,M,4590208.0,467656.0,69
201700001986,17,3,17,1830,1,1,9,1.0,6.0,69114,M,4596268.0,466825.0,69
201700001987,17,3,27,805,1,1,1,1.0,3.0,69009,M,4592895.0,472652.0,69
201700001988,17,4,24,1810,1,2,1,1.0,3.0,69140,M,4589163.0,470058.0,69
201700001989,17,5,15,1655,1,2,1,1.0,3.0,69140,M,4588935.0,470186.0,69
201700001990,17,5,25,1215,1,1,3,1.0,6.0,69020,M,4587014.0,467116.0,69
201700001991,17,6,2,1000,1,2,1,1.0,1.0,69047,M,4589303.0,466544.0,69
201700001992,17,7,10,1640,1,2,1,3.0,3.0,69140,M,4589672.0,470483.0,69
201700001993,17,7,22,1855,1,2,1,2.0,1.0,69052,M,4587578.0,471095.0,69
201700001994,17,7,26,1530,1,1,1,1.0,1.0,69052,M,4587354.0,471314.0,69
201700001995,17,8,21,1010,1,2,1,7.0,3.0,69121,M,4585685.0,466918.0,69
201700001996,17,9,8,1515,1,2,1,1.0,6.0,69140,M,4589577.0,470576.0,69
201700001997,17,9,16,1300,1,2,1,8.0,2.0,69140,M,4590227.0,470061.0,69
201700001998,17,10,30,1130,1,2,1,1.0,6.0,69009,M,4593534.0,471563.0,69
201700001999,17,11,2,1515,1,2,1,1.0,3.0,69052,M,4587415.0,470592.0,69
201700002000,17,12,17,1445,1,2,1,2.0,1.0,69140,M,4590227.0,470061.0,69
201700002001,17,12,23,1145,1,2,1,8.0,3.0,69121,M,4585557.0,468748.0,69
201700002002,17,2,1,705,5,2,1,5.0,6.0,69019,M,4611295.0,472865.0,69
201700002003,17,2,17,2315,3,1,1,1.0,6.0,69077,M,4616572.0,478326.0,69
201700002004,17,3,11,1115,1,2,1,1.0,6.0,69197,M,4606819.0,464974.0,69
201700002005,17,3,19,440,3,1,1,2.0,7.0,69218,M,4611951.0,469182.0,69
201700002006,17,4,10,755,2,2,1,7.0,6.0,69019,M,4610686.0,474464.0,69
201700002007,17,4,17,1630,1,2,1,1.0,3.0,69145,M,4609572.0,464205.0,69
201700002008,17,5,28,1900,1,2,6,1.0,3.0,69019,M,4610680.0,475141.0,69
201700002009,17,6,27,1755,1,2,1,1.0,6.0,69206,M,4604859.0,472130.0,69
201700002010,17,7,8,1240,1,1,2,1.0,3.0,69019,M,4610171.0,471909.0,69
201700002011,17,7,22,1800,1,1,1,1.0,6.0,69019,M,4608042.0,472669.0,69
201700002012,17,8,12,1915,1,1,1,7.0,3.0,69206,M,4605748.0,473398.0,69
201700002013,17,9,25,1620,1,1,1,3.0,1.0,69206,M,4608098.0,472754.0,69
201700002014,17,9,27,1735,1,1,1,1.0,6.0,69045,M,4608676.0,468729.0,69
201700002015,17,10,31,1450,1,2,6,7.0,3.0,69242,M,4611452.0,475216.0,69
201700002016,17,11,9,600,3,1,1,8.0,1.0,69211,M,4614066.0,474183.0,69
201700002017,17,11,17,1855,5,2,6,1.0,3.0,69211,M,4612725.0,473867.0,69
201700002018,17,12,7,1120,1,1,1,8.0,7.0,69045,M,4608015.0,469987.0,69
201700002019,17,12,12,845,1,1,1,2.0,3.0,69019,M,4610008.0,473156.0,69
201700002020,17,1,21,300,3,1,1,1.0,1.0,69239,M,4590984.0,450895.0,69
201700002021,17,2,19,1715,1,1,1,1.0,1.0,69111,M,4590484.0,456945.0,69
201700002022,17,2,23,1020,1,1,1,1.0,1.0,69090,M,4592475.0,463148.0,69
201700002023,17,4,13,1735,1,1,1,1.0,6.0,69056,M,4589464.0,462115.0,69
201700002024,17,4,30,1750,1,2,1,1.0,3.0,69039,M,4598462.0,450973.0,69
201700002025,17,5,14,1730,1,2,1,1.0,6.0,69017,M,4591869.0,460889.0,69
201700002026,17,7,12,1421,1,1,1,1.0,1.0,69050,M,4588907.0,464353.0,69
201700002027,17,7,22,1755,1,1,1,8.0,1.0,69090,M,4592684.0,465565.0,69
201700002028,17,8,14,1900,1,1,1,8.0,3.0,69050,M,4588220.0,463027.0,69
201700002029,17,10,18,835,1,2,1,7.0,6.0,69056,M,4588618.0,462339.0,69
201700002030,17,11,5,550,3,1,1,2.0,1.0,69090,M,4592460.0,463108.0,69
201700002031,17,11,14,1700,5,2,1,1.0,6.0,69024,M,4592573.0,458205.0,69
201700002032,17,1,27,350,5,1,1,4.0,7.0,69147,M,,,69
201700002033,17,2,23,1930,3,1,1,1.0,3.0,69147,M,4587804.0,452504.0,69
201700002034,17,2,24,1815,2,1,1,1.0,1.0,69223,M,4589008.0,449900.0,69
201700002035,17,2,25,1455,1,1,1,1.0,3.0,69254,M,4596547.0,441894.0,69
201700002036,17,2,25,1650,1,2,1,1.0,1.0,69157,M,4587695.0,449928.0,69
201700002037,17,3,11,930,1,1,1,1.0,6.0,69243,M,4592087.0,441009.0,69
201700002038,17,3,31,1015,1,2,7,9.0,6.0,69243,M,4589614.0,443870.0,69
201700002039,17,4,3,800,1,1,2,7.0,3.0,69234,M,4586704.0,454633.0,69
201700002040,17,4,7,1930,1,2,1,1.0,3.0,69008,M,4583848.0,451380.0,69
201700002041,17,5,2,1015,1,1,1,2.0,7.0,69254,M,4596710.0,441731.0,69
201700002042,17,5,3,830,1,1,1,8.0,6.0,69102,M,4587377.0,437662.0,69
201700002043,17,5,18,645,2,1,1,1.0,7.0,69254,M,4597130.0,440914.0,69
201700002044,17,5,21,1150,1,2,1,1.0,6.0,69243,M,4591348.0,442270.0,69
201700002045,17,6,12,645,1,1,1,1.0,6.0,69254,M,4596547.0,441894.0,69
201700002046,17,6,22,1240,1,1,1,1.0,6.0,69001,M,4584336.0,439436.0,69
201700002047,17,7,1,945,1,2,1,8.0,6.0,69200,M,4585407.0,445850.0,69
201700002048,17,7,3,530,2,2,1,1.0,6.0,69243,M,4589267.0,444102.0,69
201700002049,17,7,8,2050,1,2,1,1.0,6.0,69157,M,4587680.0,450317.0,69
201700002050,17,8,20,1630,1,1,1,1.0,6.0,69225,M,4586471.0,441116.0,69
201700002051,17,8,29,2030,5,2,1,1.0,3.0,69243,M,4589064.0,444487.0,69
201700002052,17,11,18,1800,3,1,1,1.0,3.0,69188,M,4592532.0,445996.0,69
201700002053,17,11,22,805,1,2,1,1.0,6.0,69200,M,4585407.0,445850.0,69
201700002054,17,4,24,1430,1,1,6,1.0,3.0,69160,M,4616718.0,444152.0,69
201700002055,17,6,23,1840,1,2,1,1.0,6.0,69160,M,4614984.0,445762.0,69
201700002056,17,6,28,2320,3,1,1,1.0,6.0,69037,M,4602664.0,449812.0,69
201700002057,17,9,10,200,3,1,1,5.0,6.0,69229,M,4609110.0,446056.0,69
201700002058,17,9,14,1745,1,1,1,1.0,1.0,69107,M,4604886.0,449013.0,69
201700002059,17,4,3,815,1,1,1,1.0,1.0,01211,M,4613305.0,520996.0,01
201700002060,17,5,7,1515,1,1,1,8.0,1.0,01405,M,4611944.0,515510.0,01
201700002061,17,6,10,955,1,1,3,1.0,3.0,01301,M,4624794.0,513758.0,01
201700002062,17,8,15,2015,3,1,1,2.0,6.0,01259,M,4620841.0,511806.0,01
201700002063,17,9,15,740,1,1,3,1.0,3.0,01301,M,4624622.0,513802.0,01
201700002064,17,11,18,945,1,1,1,1.0,5.0,01211,M,4611634.0,520151.0,01
201700002065,17,4,22,1635,1,2,5,1.0,3.0,01185,M,4597468.0,559585.0,01
201700002066,17,8,3,2025,2,2,4,1.0,1.0,01060,M,4607560.0,561439.0,01
201700002067,17,12,8,1515,1,1,1,4.0,5.0,01185,M,4598170.0,557827.0,01
201700002068,17,1,18,720,2,1,1,1.0,1.0,01390,M,4581721.0,527854.0,01
201700002069,17,3,5,1530,1,1,1,8.0,1.0,01431,M,4592301.0,534636.0,01
201700002070,17,6,7,2105,2,1,2,1.0,3.0,01390,M,4582028.0,524396.0,01
201700002071,17,6,22,1755,1,1,3,1.0,3.0,01099,M,4590708.0,524194.0,01
201700002072,17,7,14,2255,3,1,1,1.0,2.0,01213,M,4594463.0,531011.0,01
201700002073,17,9,13,1845,1,2,1,1.0,6.0,01213,M,4592181.0,529925.0,01
201700002074,17,9,26,2145,5,2,1,1.0,1.0,01396,M,4584993.0,541629.0,01
201700002075,17,10,7,1630,1,1,1,1.0,1.0,01396,M,4587004.0,538859.0,01
201700002076,17,10,10,1430,1,1,1,1.0,2.0,01047,M,4585698.0,523407.0,01
201700002077,17,10,18,2100,3,1,2,1.0,3.0,01213,M,4593105.0,528731.0,01
201700002078,17,11,13,1315,1,1,1,3.0,1.0,01213,M,4591925.0,529128.0,01
201700002079,17,1,13,615,3,1,1,2.0,6.0,01313,M,4624809.0,606833.0,01
201700002080,17,6,16,2040,1,2,2,1.0,2.0,01281,M,4627616.0,609278.0,01
201700002081,17,7,19,813,1,1,1,1.0,3.0,01313,M,4624809.0,606833.0,01
201700002082,17,7,24,1730,1,1,1,1.0,2.0,01397,M,4631190.0,610386.0,01
201700002083,17,9,22,730,1,2,1,1.0,3.0,01160,M,4625820.0,611308.0,01
201700002084,17,12,14,815,2,1,1,3.0,5.0,01313,M,4627070.0,607195.0,01
201700002085,17,6,7,1930,1,1,6,1.0,3.0,01043,M,4582184.0,499474.0,01
201700002086,17,6,18,1845,1,2,1,1.0,1.0,01249,M,4582280.0,494996.0,01
201700002087,17,7,23,300,5,2,1,1.0,6.0,01418,M,4549141.0,515410.0,01
201700002088,17,8,9,650,2,2,1,7.0,6.0,01376,M,4582990.0,497998.0,01
201700002089,17,8,13,730,1,2,1,1.0,6.0,01376,M,4583573.0,497637.0,01
201700002090,17,9,8,1700,1,2,1,1.0,6.0,01249,M,4582457.0,495439.0,01
201700002091,17,9,23,1135,1,1,1,1.0,3.0,01249,M,4585874.0,491063.0,01
201700002092,17,9,27,300,5,2,3,1.0,6.0,01249,M,4582667.0,496811.0,01
201700002093,17,11,20,1450,1,2,1,1.0,3.0,01376,M,4583012.0,498086.0,01
201700002094,17,11,24,1807,5,2,8,2.0,3.0,01376,M,4582736.0,497680.0,01
201700002095,17,2,2,1820,3,1,1,1.0,1.0,01032,M,4584828.0,515773.0,01
201700002096,17,3,3,2000,5,1,3,6.0,5.0,01032,M,4585892.0,513798.0,01
201700002097,17,4,21,1815,1,1,3,1.0,1.0,01049,M,4583432.0,504652.0,01
201700002098,17,5,12,1930,1,1,1,2.0,1.0,01142,M,4586136.0,507302.0,01
201700002099,17,6,2,730,1,1,3,7.0,3.0,01262,M,4588473.0,503323.0,01
201700002100,17,6,29,2125,5,2,2,8.0,3.0,01027,M,4583379.0,509725.0,01
201700002101,17,7,14,2130,2,1,1,1.0,7.0,01297,M,4588515.0,507802.0,01
201700002102,17,8,29,1515,1,2,1,1.0,3.0,01142,M,4584540.0,507596.0,01
201700002103,17,12,6,1200,1,1,1,1.0,6.0,01027,M,4583083.0,509678.0,01
201700002104,17,3,22,1925,3,1,1,3.0,1.0,07264,M,4433566.0,461072.0,07
201700002105,17,5,3,930,1,2,1,1.0,6.0,07042,M,4438302.0,461389.0,07
201700002106,17,6,2,1535,1,1,3,1.0,6.0,07133,M,4444539.0,458997.0,07
201700002107,17,8,6,550,2,1,1,2.0,6.0,07042,M,4438302.0,461389.0,07
201700002108,17,12,27,1205,1,1,1,8.0,3.0,07042,M,4440300.0,460581.0,07
201700002109,17,1,22,1830,3,1,1,2.0,1.0,07247,M,4458460.0,453275.0,07
201700002110,17,2,18,420,3,2,1,1.0,6.0,07272,M,4452198.0,439932.0,07
201700002111,17,2,19,1530,1,1,1,7.0,7.0,07273,M,4449764.0,448674.0,07
201700002112,17,3,9,1715,1,1,1,1.0,1.0,07287,M,4459982.0,457187.0,07
201700002113,17,4,20,1530,1,2,1,1.0,6.0,07341,M,4456106.0,450601.0,07
201700002114,17,6,18,1330,1,1,6,1.0,6.0,07241,M,4456292.0,447459.0,07
201700002115,17,10,8,1230,1,1,1,1.0,3.0,07341,M,4454899.0,450350.0,07
201700002116,17,4,23,710,1,2,1,1.0,6.0,07025,M,4467084.0,415896.0,07
201700002117,17,7,2,1525,1,2,1,1.0,6.0,07127,M,4465282.0,432018.0,07
201700002118,17,7,15,955,1,2,1,1.0,6.0,07322,M,4467519.0,422218.0,07
201700002119,17,7,26,2010,2,1,1,1.0,6.0,07322,M,4467490.0,421240.0,07