Num_Acc,an,mois,jour,hrmn,lum,agg,int,atm,col,com,gps,lat,long,dep
201700002120,17,7,27,1130,1,2,1,1.0,7.0,07203,M,4478920.0,422567.0,07
201700002121,17,8,16,625,2,1,1,1.0,7.0,07322,M,4467819.0,423476.0,07
201700002122,17,9,29,1840,1,1,1,1.0,2.0,07182,M,4463297.0,430986.0,07
201700002123,17,10,10,140,3,1,1,1.0,6.0,07322,M,4467490.0,421240.0,07
201700002124,17,10,14,900,1,2,1,1.0,2.0,07322,M,4467311.0,421234.0,07
201700002125,17,11,18,1145,1,1,1,1.0,5.0,07107,M,4462992.0,424723.0,07
201700002126,17,2,25,1700,1,1,1,7.0,1.0,07217,M,4504510.0,474345.0,07
201700002127,17,3,4,45,5,2,1,1.0,6.0,07152,M,4504060.0,483173.0,07
201700002128,17,3,17,515,3,1,1,1.0,6.0,07169,M,4516655.0,480752.0,07
201700002129,17,3,19,1740,1,1,6,1.0,7.0,07140,M,4509891.0,481823.0,07
201700002130,17,5,21,1745,1,2,1,1.0,6.0,07015,M,4513994.0,479581.0,07
201700002131,17,5,24,1650,1,1,9,1.0,3.0,07217,M,4504510.0,474345.0,07
201700002132,17,6,13,1340,1,2,1,1.0,1.0,07324,M,4504821.0,483354.0,07
201700002133,17,6,19,1830,1,2,1,1.0,6.0,07324,M,4506563.0,483469.0,07
201700002134,17,6,22,1115,1,2,1,1.0,2.0,07324,M,4507389.0,481748.0,07
201700002135,17,7,6,1714,1,1,1,1.0,3.0,07068,M,4501104.0,470810.0,07
201700002136,17,7,21,1950,1,1,1,1.0,1.0,07324,M,4505305.0,483734.0,07
201700002137,17,8,1,1130,1,1,1,1.0,7.0,07323,M,4489074.0,478648.0,07
201700002138,17,8,12,1120,1,2,1,1.0,3.0,07324,M,4505433.0,483891.0,07
201700002139,17,9,5,750,1,2,9,1.0,2.0,07324,M,4506864.0,481441.0,07
201700002140,17,10,7,1445,1,1,1,1.0,7.0,07323,M,4490199.0,479206.0,07
201700002141,17,11,27,715,1,1,1,9.0,6.0,07152,M,4503472.0,480976.0,07
201700002142,17,1,1,1730,3,2,1,1.0,1.0,07010,M,,,07
201700002143,17,2,9,1725,2,1,9,2.0,3.0,26170,M,,,26
201700002144,17,3,11,1950,3,1,1,1.0,6.0,26100,M,,,26
201700002145,17,4,12,1030,1,1,1,1.0,2.0,26206,M,,,26
201700002146,17,5,2,1300,1,1,4,8.0,6.0,26037,M,,,26
201700002147,17,5,9,1645,1,2,1,1.0,6.0,26170,M,4490065.0,495745.0,26
201700002148,17,5,30,1800,1,2,2,1.0,3.0,26064,M,4490237.0,500955.0,26
201700002149,17,6,8,1635,1,1,2,1.0,3.0,26064,M,4491591.0,500525.0,26
201700002150,17,6,20,1450,1,2,1,1.0,7.0,26037,M,,,26
201700002151,17,7,17,1815,1,2,2,1.0,3.0,26232,M,,,26
201700002152,17,7,22,315,4,1,1,1.0,1.0,26037,M,,,26
201700002153,17,8,3,1130,1,1,9,1.0,7.0,26024,M,4487804.0,504196.0,26
201700002154,17,8,15,950,1,1,3,1.0,7.0,26064,M,,,26
201700002155,17,8,27,933,1,2,3,7.0,3.0,26196,M,,,26
201700002156,17,8,31,1545,1,1,2,3.0,3.0,26206,M,4482440.0,499147.0,26
201700002157,17,10,17,1630,1,1,2,1.0,3.0,26232,M,,,26
201700002158,17,10,17,1740,1,2,1,1.0,6.0,26197,M,4493631.0,503156.0,26
201700002159,17,12,16,1215,1,2,1,2.0,2.0,26064,M,4490144.0,501861.0,26
201700002160,17,12,30,1740,5,1,3,1.0,3.0,26064,M,,,26
201700002161,17,7,28,1800,1,1,1,1.0,7.0,26364,M,,,26
201700002162,17,4,13,1430,1,1,1,1.0,7.0,26142,M,,,26
201700002163,17,11,6,35,3,1,1,4.0,7.0,26168,M,,,26
201700002164,17,3,29,1730,1,1,2,1.0,3.0,26116,M,,,26
201700002165,17,4,12,2221,3,1,1,1.0,7.0,26085,M,,,26
201700002166,17,5,18,1320,1,1,1,1.0,6.0,26116,M,4442726.0,471969.0,26
201700002167,17,6,8,1810,1,1,2,1.0,5.0,26169,M,4448603.0,474876.0,26
201700002168,17,6,25,530,3,1,1,1.0,6.0,26085,M,,,26
201700002169,17,7,21,2215,3,1,1,1.0,2.0,26085,M,,,26
201700002170,17,7,22,2205,4,1,1,1.0,3.0,26169,M,,,26
201700002171,17,9,2,520,5,1,9,1.0,1.0,26085,M,,,26
201700002172,17,9,12,1220,1,1,3,1.0,3.0,26169,M,,,26
201700002173,17,9,14,2100,3,1,1,1.0,2.0,26085,M,,,26
201700002174,17,10,7,1627,1,1,1,1.0,1.0,26169,M,,,26
201700002175,17,7,9,1430,1,1,1,1.0,7.0,26138,M,4438080.0,475437.0,26
201700002176,17,7,28,2250,3,1,9,1.0,6.0,26235,M,,,26
201700002177,17,8,1,825,1,1,1,1.0,3.0,26235,M,4436126.0,469395.0,26
201700002178,17,8,10,543,3,1,1,1.0,6.0,26324,M,,,26
201700002179,17,9,5,840,1,2,1,7.0,6.0,26235,M,4437910.0,470260.0,26
201700002180,17,11,5,1630,1,2,9,1.0,7.0,26235,M,4438953.0,471287.0,26
201700002181,17,11,8,606,3,1,1,1.0,1.0,26138,M,,,26
201700002182,17,11,19,1610,1,2,4,7.0,6.0,26138,M,4439676.0,475788.0,26
201700002183,17,11,24,2200,3,1,2,2.0,5.0,26235,M,4436103.0,468612.0,26
201700002184,17,1,19,1645,1,2,1,1.0,6.0,26220,M,4436007.0,513227.0,26
201700002185,17,2,13,840,1,1,2,1.0,3.0,26226,M,,,26
201700002186,17,5,3,2300,3,1,1,1.0,7.0,26220,M,4437157.0,510873.0,26
201700002187,17,5,15,1415,1,2,1,7.0,6.0,26220,M,4436108.0,513617.0,26
201700002188,17,6,4,1540,1,1,1,1.0,6.0,26016,M,,,26
201700002189,17,7,7,445,3,1,1,1.0,6.0,26322,M,,,26
201700002190,17,7,4,1900,1,1,1,1.0,1.0,26220,M,4437371.0,512729.0,26
201700002191,17,7,31,900,1,1,1,1.0,6.0,26220,M,,,26
201700002192,17,10,3,1730,1,1,1,1.0,7.0,26285,M,,,26
201700002193,17,12,7,2030,3,1,1,1.0,6.0,26192,M,,,26
201700002194,17,12,13,715,3,1,1,9.0,6.0,26233,M,,,26
201700002195,17,12,28,840,1,1,1,1.0,6.0,26233,M,,,26
201700002196,17,10,25,1415,1,2,1,1.0,6.0,02691,M,4985793.0,328954.0,02
201700002197,17,10,3,915,1,2,7,1.0,2.0,02691,M,4984888.0,327975.0,02
201700002198,17,10,19,1610,1,2,3,1.0,3.0,02691,M,4984544.0,327000.0,02
201700002199,17,11,24,430,5,2,3,1.0,3.0,02691,M,4983475.0,326396.0,02
201700002200,17,1,11,1830,5,2,1,1.0,6.0,02340,M,4982291.0,326893.0,02
201700002201,17,11,13,1755,5,2,1,1.0,6.0,02691,M,4985329.0,329528.0,02
201700002202,17,1,20,925,1,2,1,4.0,6.0,02691,M,4985338.0,330017.0,02
201700002203,17,12,13,810,5,2,1,3.0,6.0,02691,M,4984059.0,331018.0,02
201700002204,17,3,25,505,5,1,1,1.0,1.0,02691,M,,,02
201700002205,17,12,28,640,5,2,3,2.0,6.0,02371,M,4984115.0,332301.0,02
201700002206,17,3,1,1950,5,2,6,1.0,6.0,02691,M,4983956.0,330020.0,02
201700002207,17,4,3,1640,1,1,1,1.0,3.0,02659,M,4986285.0,332768.0,02
201700002208,17,8,14,1421,1,1,1,1.0,5.0,02340,M,4982805.0,329616.0,02
201700002209,17,7,21,1545,1,2,1,1.0,6.0,02691,M,4985276.0,328793.0,02
201700002210,17,8,7,1600,1,2,2,1.0,3.0,02691,M,4984896.0,327028.0,02
201700002211,17,10,7,1430,1,2,1,1.0,3.0,02691,M,4984478.0,327669.0,02
201700002212,17,11,3,1950,3,1,1,1.0,6.0,26070,M,,,26
201700002213,17,11,4,1510,1,1,1,1.0,7.0,26261,M,,,26
201700002214,17,2,2,830,1,1,1,1.0,3.0,26084,M,4501471.0,499897.0,26
201700002215,17,3,7,1740,1,1,1,1.0,3.0,26004,M,4500761.0,501352.0,26
201700002216,17,3,25,1650,1,1,1,2.0,5.0,26039,M,,,26
201700002217,17,4,8,1815,1,1,9,1.0,1.0,26084,M,,,26
201700002218,17,4,16,1855,1,1,1,1.0,6.0,26039,M,,,26
201700002219,17,5,26,1145,1,1,1,1.0,7.0,26173,M,,,26
201700002220,17,6,29,445,2,1,1,1.0,6.0,26084,M,,,26
201700002221,17,7,13,1540,1,1,1,1.0,3.0,26088,M,,,26
201700002222,17,7,28,1725,1,1,9,1.0,2.0,26088,M,,,26
201700002223,17,7,31,2220,5,2,1,1.0,3.0,26088,M,,,26
201700002224,17,8,7,245,3,1,1,1.0,6.0,26149,M,,,26
201700002225,17,7,31,1130,1,1,1,1.0,1.0,26039,M,,,26
201700002226,17,9,14,1130,1,1,2,2.0,3.0,26313,M,,,26
201700002227,17,9,11,1305,1,1,9,1.0,3.0,26088,M,,,26
201700002228,17,11,3,1740,3,1,3,1.0,1.0,26079,M,,,26
201700002229,17,11,21,850,2,2,1,1.0,6.0,26088,M,,,26
201700002230,17,1,30,1045,1,1,1,2.0,1.0,26331,M,,,26
201700002231,17,4,29,2030,3,1,1,1.0,7.0,26307,M,,,26
201700002232,17,6,23,1650,1,1,1,1.0,6.0,26311,M,,,26
201700002233,17,8,5,1515,1,1,1,1.0,7.0,26059,M,,,26
201700002234,17,11,12,1030,1,1,1,2.0,1.0,26320,M,,,26
201700002235,17,11,22,745,1,1,1,1.0,1.0,26311,M,,,26
201700002236,17,2,9,1730,2,1,1,2.0,2.0,26271,M,,,26
201700002237,17,3,4,1430,1,2,3,2.0,1.0,26119,M,,,26
201700002238,17,3,9,1000,1,1,2,1.0,3.0,26038,M,,,26
201700002239,17,3,10,2010,3,1,1,1.0,7.0,26271,M,4499499.0,486038.0,26
201700002240,17,4,14,1850,1,1,1,1.0,2.0,26179,M,,,26
201700002241,17,4,29,1000,1,2,1,1.0,6.0,26347,M,,,26
201700002242,17,5,27,2015,1,1,1,1.0,1.0,26072,M,4514419.0,490680.0,26
201700002243,17,7,18,1840,1,1,1,1.0,1.0,26038,M,,,26
201700002244,17,7,24,140,3,1,1,9.0,6.0,26058,M,,,26
201700002245,17,8,4,1645,1,1,1,7.0,2.0,26072,M,,,26
201700002246,17,9,4,750,1,1,2,1.0,3.0,26366,M,,,26
201700002247,17,9,9,945,1,1,1,2.0,3.0,26038,M,,,26
201700002248,17,9,9,2255,5,2,1,8.0,1.0,26347,M,,,26
201700002249,17,10,4,1825,1,2,1,1.0,2.0,26250,M,,,26
201700002250,17,11,5,1436,1,1,1,1.0,1.0,26038,M,,,26
201700002251,17,12,4,820,1,1,1,8.0,3.0,26179,M,,,26
201700002252,17,12,10,1825,5,2,1,1.0,6.0,26347,M,,,26
201700002253,17,12,29,2145,5,2,3,2.0,3.0,26347,M,,,26
201700002254,17,1,21,905,1,2,3,1.0,3.0,02243,M,4939686.0,335445.0,02
201700002255,17,2,2,1510,1,2,2,1.0,6.0,02722,M,4938232.0,332755.0,02
201700002256,17,2,17,1809,1,2,1,1.0,4.0,02722,M,4938384.0,333780.0,02
201700002257,17,4,21,1950,1,2,3,1.0,6.0,02722,M,4938256.0,332994.0,02
201700002258,17,5,9,1640,1,2,9,1.0,6.0,02722,M,4938129.0,330833.0,02
201700002259,17,5,28,930,1,2,6,1.0,1.0,02722,M,4937616.0,332953.0,02
201700002260,17,6,1,2105,2,2,3,1.0,6.0,02722,M,4939023.0,332718.0,02
201700002261,17,6,6,1900,1,2,2,1.0,6.0,02722,M,4938782.0,333559.0,02
201700002262,17,2,1,750,2,2,3,5.0,6.0,02722,M,4937320.0,334343.0,02
201700002263,17,11,20,1805,3,2,6,1.0,2.0,02722,M,4935993.0,331549.0,02
201700002264,17,1,30,2000,5,2,2,2.0,3.0,38309,M,4515833.0,575958.0,38
201700002265,17,3,28,1815,1,2,1,1.0,3.0,38309,M,4515729.0,575680.0,38
201700002266,17,4,19,845,1,2,2,1.0,3.0,38158,M,4515241.0,574828.0,38
201700002267,17,4,20,1750,1,2,1,1.0,2.0,38158,M,4515936.0,574515.0,38
201700002268,17,1,30,915,1,2,1,1.0,7.0,38317,M,4513260.0,570039.0,38
201700002269,17,3,27,730,2,1,1,1.0,1.0,38317,M,4514238.0,569045.0,38
201700002270,17,9,19,645,2,2,1,1.0,1.0,38111,M,4512064.0,569617.0,38
201700002271,17,9,19,1730,1,2,1,8.0,2.0,38317,M,4513260.0,570039.0,38
201700002272,17,2,4,1545,1,2,1,1.0,6.0,38382,M,4523118.0,568106.0,38
201700002273,17,2,6,1810,3,2,1,3.0,6.0,38382,M,4522938.0,568273.0,38
201700002274,17,2,16,845,1,2,1,1.0,1.0,38382,M,4523334.0,569213.0,38
201700002275,17,3,3,1008,1,2,4,1.0,1.0,38382,M,4523434.0,567054.0,38
201700002276,17,4,5,1805,1,2,3,1.0,3.0,38382,M,4523707.0,568004.0,38
201700002277,17,4,19,1626,1,2,8,1.0,3.0,38382,M,4523424.0,567100.0,38
201700002278,17,5,23,1330,1,2,1,1.0,3.0,38382,M,4522981.0,568281.0,38
201700002279,17,6,25,1800,1,2,1,1.0,3.0,38472,M,4529265.0,576750.0,38
201700002280,17,7,6,1330,1,2,1,1.0,6.0,38382,M,4523787.0,566325.0,38
201700002281,17,8,6,702,1,1,3,1.0,3.0,38382,M,4522348.0,568823.0,38
201700002282,17,9,16,1240,1,2,1,1.0,2.0,38382,M,4524025.0,568282.0,38
201700002283,17,8,23,750,2,2,1,1.0,6.0,38382,M,4522169.0,568202.0,38
201700002284,17,1,18,830,1,1,1,8.0,7.0,38405,M,4536099.0,567339.0,38
201700002285,17,4,6,1905,1,1,1,1.0,6.0,38236,M,4541683.0,570399.0,38
201700002286,17,4,7,800,1,2,3,1.0,3.0,38412,M,4539571.0,573546.0,38
201700002287,17,5,16,950,1,2,1,1.0,6.0,38446,M,4541610.0,584935.0,38
201700002288,17,5,31,1438,1,1,1,1.0,3.0,38376,M,4543744.0,577648.0,38
201700002289,17,6,18,1750,1,1,1,1.0,6.0,38412,M,4536710.0,575062.0,38
201700002290,17,6,29,1010,1,2,1,2.0,6.0,38412,M,4538845.0,572544.0,38
201700002291,17,7,9,1,3,2,1,1.0,6.0,38376,M,4542917.0,577804.0,38
201700002292,17,8,26,1330,1,2,1,1.0,6.0,38446,M,4538549.0,585122.0,38
201700002293,17,2,9,1900,5,2,2,2.0,6.0,38281,M,4524572.0,562995.0,38
201700002294,17,2,15,1800,2,1,1,1.0,1.0,38153,M,4518680.0,562211.0,38
201700002295,17,3,10,1650,1,1,1,1.0,7.0,38540,M,4526395.0,558593.0,38
201700002296,17,3,21,820,1,1,1,1.0,2.0,38540,M,4527428.0,561861.0,38
201700002297,17,4,23,1630,1,2,1,1.0,2.0,38540,M,4526989.0,561777.0,38
201700002298,17,5,8,2215,3,1,1,1.0,4.0,38540,M,4527919.0,561783.0,38
201700002299,17,5,12,1515,1,1,9,1.0,3.0,38474,M,4521866.0,564901.0,38
201700002300,17,6,11,1930,1,2,1,1.0,2.0,38474,M,4520584.0,568253.0,38
201700002301,17,7,4,1515,1,1,1,1.0,1.0,38540,M,4528389.0,561399.0,38
201700002302,17,7,23,1610,1,1,1,1.0,7.0,38474,M,4521555.0,565439.0,38
201700002303,17,8,13,1700,1,2,1,1.0,5.0,38474,M,4520413.0,568101.0,38
201700002304,17,10,5,915,1,1,1,1.0,3.0,38474,M,4522875.0,565055.0,38
201700002305,17,10,25,1100,1,1,1,1.0,5.0,38474,M,4521939.0,566905.0,38
201700002306,17,1,23,1215,1,2,9,1.0,6.0,38545,M,4505614.0,566746.0,38
201700002307,17,2,9,1700,2,2,1,2.0,6.0,38524,M,4508809.0,568344.0,38
201700002308,17,2,12,1715,1,1,1,1.0,7.0,38524,M,4509871.0,563319.0,38
201700002309,17,5,8,1215,1,1,1,8.0,4.0,38524,M,4507254.0,567640.0,38
201700002310,17,5,9,915,1,2,1,1.0,3.0,38545,M,4506391.0,567709.0,38
201700002311,17,5,29,2100,2,1,1,1.0,7.0,38545,M,4506672.0,570007.0,38
201700002312,17,6,9,250,5,2,1,1.0,6.0,38545,M,4505981.0,566836.0,38
201700002313,17,6,10,1035,1,2,3,1.0,3.0,38545,M,4504125.0,567184.0,38
201700002314,17,6,18,1910,1,1,1,1.0,7.0,38187,M,4500827.0,563251.0,38
201700002315,17,7,23,842,1,2,1,1.0,6.0,38524,M,4508388.0,568275.0,38
201700002316,17,8,17,945,1,2,1,1.0,6.0,38545,M,4504841.0,566844.0,38
201700002317,17,9,13,1353,1,2,1,1.0,6.0,38524,M,4508437.0,568184.0,38
201700002318,17,9,15,700,2,1,1,1.0,6.0,38545,M,4504052.0,566227.0,38
201700002319,17,9,18,1810,1,1,2,1.0,3.0,38436,M,4508513.0,566723.0,38
201700002320,17,10,6,1820,1,1,1,6.0,2.0,38187,M,4499569.0,562727.0,38
201700002321,17,10,17,1845,2,1,3,1.0,3.0,38545,M,4503067.0,566463.0,38
201700002322,17,11,18,1600,1,2,1,1.0,5.0,38545,M,4505098.0,567279.0,38
201700002323,17,1,7,1115,1,1,1,1.0,7.0,38205,M,4514460.0,560864.0,38
201700002324,17,2,18,2230,3,1,1,1.0,7.0,38205,M,4510640.0,556298.0,38
201700002325,17,3,15,1815,1,1,3,1.0,3.0,38225,M,4512258.0,553062.0,38
201700002326,17,4,24,655,2,1,1,1.0,6.0,38205,M,4514248.0,559400.0,38
201700002327,17,5,23,1600,1,1,1,1.0,1.0,38548,M,4508178.0,552122.0,38
201700002328,17,6,2,900,1,1,1,1.0,6.0,38548,M,4507661.0,553701.0,38
201700002329,17,6,10,300,3,1,1,1.0,6.0,38205,M,4509307.0,557908.0,38
201700002330,17,6,25,1600,1,1,1,1.0,6.0,38205,M,4513130.0,558160.0,38
201700002331,17,7,8,945,1,1,1,1.0,6.0,38548,M,4507485.0,549174.0,38
201700002332,17,7,11,1845,1,1,1,1.0,3.0,38205,M,4512747.0,557612.0,38
201700002333,17,8,16,1450,1,1,1,1.0,3.0,38548,M,4507925.0,553454.0,38
201700002334,17,10,8,1140,1,1,1,1.0,7.0,38548,M,4507324.0,554058.0,38
201700002335,17,1,5,1540,1,1,1,7.0,3.0,02212,M,4963776.0,326990.0,02
201700002336,17,1,11,2050,3,1,1,1.0,1.0,02059,M,4964633.0,334323.0,02
201700002337,17,2,1,1920,5,2,6,9.0,3.0,02212,M,4965031.0,327960.0,02
201700002338,17,3,16,1800,1,1,2,7.0,3.0,02059,M,4964681.0,335274.0,02
201700002339,17,3,26,1620,1,2,1,1.0,6.0,02738,M,4965629.0,331445.0,02
201700002340,17,5,10,1236,1,2,1,1.0,7.0,02304,M,4965980.0,337950.0,02
201700002341,17,5,30,800,1,1,1,1.0,6.0,02738,M,4966084.0,326382.0,02
201700002342,17,6,11,20,3,2,1,8.0,6.0,02738,M,4964542.0,329380.0,02
201700002343,17,7,6,1435,1,2,3,1.0,6.0,02059,M,4965907.0,334609.0,02
201700002344,17,7,9,1805,1,2,3,1.0,6.0,02304,M,4966083.0,336955.0,02
201700002345,17,7,17,1445,1,1,1,1.0,1.0,02059,M,,,02
201700002346,17,9,20,1725,1,2,2,1.0,6.0,02212,M,4964440.0,326511.0,02
201700002347,17,9,26,1755,1,2,1,1.0,7.0,02212,M,4963151.0,328076.0,02
201700002348,17,10,16,655,3,1,1,1.0,1.0,02016,M,4964814.0,336700.0,02
201700002349,17,11,17,1935,5,2,3,8.0,3.0,02304,M,4966322.0,336056.0,02
201700002350,17,2,17,1700,1,1,1,1.0,2.0,38565,M,4528290.0,562397.0,38
201700002351,17,2,28,1915,5,2,2,1.0,3.0,38565,M,4528119.0,564617.0,38
201700002352,17,3,6,1545,1,1,1,6.0,7.0,38565,M,4529492.0,562011.0,38
201700002353,17,3,11,1845,3,2,1,1.0,2.0,38170,M,4524669.0,566295.0,38
201700002354,17,3,16,1625,1,1,1,1.0,3.0,38565,M,4529849.0,562823.0,38
201700002355,17,3,28,1145,1,2,1,1.0,6.0,38312,M,4532933.0,565835.0,38
201700002356,17,4,14,1500,1,2,1,1.0,6.0,38061,M,4533520.0,562122.0,38
201700002357,17,4,22,1915,1,2,1,1.0,6.0,38170,M,4525781.0,566176.0,38
201700002358,17,4,28,137,3,1,1,3.0,6.0,38565,M,4531265.0,562253.0,38
201700002359,17,5,29,1710,1,1,1,1.0,2.0,38565,M,4553154.0,560473.0,38
201700002360,17,7,14,1100,1,1,1,1.0,4.0,38312,M,4532767.0,565686.0,38
201700002361,17,8,2,430,5,1,6,1.0,6.0,38565,M,4528290.0,562397.0,38
201700002362,17,8,9,830,1,2,1,1.0,6.0,38565,M,4529587.0,563772.0,38
201700002363,17,10,5,1640,1,2,1,1.0,2.0,38565,M,4527355.0,562668.0,38
201700002364,17,11,12,1650,1,1,1,2.0,1.0,38565,M,4530639.0,563665.0,38
201700002365,17,1,9,1945,3,1,1,1.0,6.0,38528,M,4510129.0,579780.0,38
201700002366,17,1,11,1435,1,2,3,1.0,3.0,38562,M,4508054.0,577415.0,38
201700002367,17,2,3,2230,3,1,1,2.0,6.0,38279,M,4505886.0,575297.0,38
201700002368,17,2,26,1620,1,1,1,1.0,1.0,38478,M,4505407.0,581672.0,38
201700002369,17,3,17,1415,1,1,1,9.0,1.0,38478,M,4505413.0,581596.0,38
201700002370,17,3,25,1500,1,2,6,3.0,3.0,38059,M,4513542.0,577149.0,38
201700002371,17,4,5,1900,1,1,1,1.0,1.0,38277,M,4532569.0,555155.0,38
201700002372,17,5,9,1210,1,2,1,1.0,1.0,38388,M,4502982.0,570452.0,38
201700002373,17,5,13,11,5,1,1,8.0,5.0,38200,M,4510541.0,574831.0,38
201700002374,17,5,29,1115,1,1,1,1.0,7.0,38402,M,4501228.0,576237.0,38
201700002375,17,6,15,2000,2,2,1,1.0,7.0,38562,M,4508154.0,577016.0,38
201700002376,17,6,21,707,1,1,6,1.0,3.0,38068,M,4510225.0,571401.0,38
201700002377,17,7,1,1225,1,2,3,1.0,3.0,38200,M,4510514.0,574558.0,38
201700002378,17,7,9,1355,1,2,1,1.0,6.0,38071,M,,,38
201700002379,17,7,20,1900,1,1,1,8.0,6.0,38445,M,4504676.0,575832.0,38
201700002380,17,7,25,1915,1,1,1,2.0,7.0,38068,M,4512830.0,572205.0,38
201700002381,17,8,5,1645,1,2,1,1.0,6.0,38071,M,4505788.0,571653.0,38
201700002382,17,8,6,1549,1,1,6,1.0,2.0,38562,M,4507232.0,578050.0,38
201700002383,17,8,11,1050,1,2,1,1.0,2.0,38562,M,4508127.0,577138.0,38
201700002384,17,8,31,1310,1,1,1,2.0,1.0,38203,M,4502969.0,579231.0,38
201700002385,17,9,6,1600,1,1,9,1.0,3.0,38562,M,4506850.0,576220.0,38
201700002386,17,9,8,800,1,2,1,1.0,1.0,38200,M,4509883.0,574163.0,38
201700002387,17,9,19,1745,1,1,1,2.0,1.0,38203,M,4504908.0,575547.0,38
201700002388,17,9,30,1700,1,1,1,3.0,3.0,38562,M,4505871.0,576883.0,38
201700002389,17,10,5,1421,1,2,3,1.0,3.0,38200,M,4508673.0,574151.0,38
201700002390,17,10,11,1600,1,2,1,1.0,7.0,38562,M,4507834.0,576953.0,38
201700002391,17,12,10,1800,5,2,1,3.0,6.0,38562,M,4508116.0,577147.0,38
201700002392,17,2,1,1620,1,1,1,1.0,5.0,38374,M,4564249.0,533482.0,38
201700002393,17,3,25,1410,1,2,1,1.0,6.0,38223,M,4557531.0,526833.0,38
201700002394,17,3,29,1735,1,2,1,1.0,5.0,38152,M,4549810.0,530074.0,38
201700002395,17,7,2,2000,1,1,1,1.0,1.0,38455,M,4562721.0,528719.0,38
201700002396,17,7,8,1435,1,1,3,1.0,2.0,38276,M,4557641.0,530196.0,38
201700002397,17,8,4,2045,2,1,1,1.0,6.0,38374,M,4564268.0,533476.0,38
201700002398,17,8,27,2115,3,1,1,1.0,6.0,38467,M,,,38
201700002399,17,9,3,1930,1,2,1,1.0,1.0,38152,M,4549314.0,530025.0,38
201700002400,17,9,5,1755,1,2,1,1.0,3.0,38149,M,4572407.0,532738.0,38
201700002401,17,9,6,742,2,1,3,1.0,3.0,38455,M,4562510.0,528745.0,38
201700002402,17,9,8,1800,1,2,1,1.0,7.0,38024,M,4550506.0,531075.0,38
201700002403,17,9,29,2145,5,1,1,1.0,3.0,38455,M,4563700.0,529614.0,38
201700002404,17,11,10,740,1,2,1,1.0,6.0,38374,M,4566119.0,532502.0,38
201700002405,17,12,10,440,3,1,1,8.0,6.0,38481,M,4556849.0,534438.0,38
201700002406,17,1,12,1900,3,1,4,2.0,6.0,38494,M,4569019.0,538178.0,38
201700002407,17,1,19,2355,5,2,1,1.0,6.0,38260,M,4568709.0,526294.0,38
201700002408,17,2,23,30,3,1,1,1.0,6.0,38138,M,4572943.0,525463.0,38
201700002409,17,2,25,1405,1,1,4,1.0,6.0,38494,M,4568959.0,538314.0,38
201700002410,17,4,1,2015,3,1,1,2.0,7.0,38494,M,4570845.0,535277.0,38
201700002411,17,5,6,2045,2,1,1,2.0,7.0,38138,M,4573471.0,525217.0,38
201700002412,17,5,9,1500,1,1,1,1.0,6.0,38138,M,4572865.0,523132.0,38
201700002413,17,5,14,1800,1,1,4,1.0,1.0,38210,M,4576252.0,523313.0,38
201700002414,17,5,19,2040,1,1,6,1.0,3.0,38109,M,4569772.0,520800.0,38
201700002415,17,7,5,1,5,2,1,1.0,6.0,38494,M,4570791.0,534955.0,38
201700002416,17,8,7,1900,1,1,1,1.0,1.0,38210,M,4575241.0,525285.0,38
201700002417,17,8,27,540,3,1,1,1.0,6.0,38190,M,4578738.0,526941.0,38
201700002418,17,10,26,830,1,2,3,1.0,1.0,38176,M,4565207.0,517533.0,38
201700002419,17,11,29,1430,1,1,1,1.0,1.0,38535,M,4577800.0,526244.0,38
201700002420,17,12,20,725,2,2,1,1.0,6.0,38138,M,4572456.0,524851.0,38
201700002421,17,2,15,1710,1,1,3,1.0,3.0,38135,M,4575060.0,540411.0,38
201700002422,17,2,17,1905,3,2,9,1.0,3.0,38247,M,4581646.0,540447.0,38
201700002423,17,3,8,1815,2,2,2,1.0,2.0,38247,M,4581645.0,540447.0,38
201700002424,17,5,5,1315,1,1,2,1.0,1.0,38247,M,4581412.0,539751.0,38
201700002425,17,12,10,950,1,1,1,3.0,6.0,38026,M,4582847.0,531624.0,38
201700002426,17,6,4,2048,2,2,1,1.0,6.0,38509,M,4556762.0,545031.0,38
201700002427,17,12,27,1815,3,1,2,1.0,3.0,44035,M,4730306.0,-156040.0,44
201700002428,17,1,4,1050,1,1,6,1.0,3.0,44035,M,4727634.0,-154796.0,44
201700002429,17,1,8,1100,1,2,1,2.0,1.0,44035,M,4730306.0,-156040.0,44
201700002430,17,1,16,1710,1,2,1,2.0,3.0,44035,M,4730222.0,-154809.0,44
201700002431,17,2,2,730,5,1,1,2.0,6.0,44209,M,4727876.0,-159759.0,44
201700002432,17,2,10,645,3,1,1,1.0,6.0,44035,M,4727657.0,-157064.0,44
201700002433,17,4,27,1010,1,2,6,7.0,3.0,44035,M,4728193.0,-156002.0,44
201700002434,17,5,6,1455,1,1,2,2.0,3.0,44035,M,4728314.0,-158650.0,44
201700002435,17,6,2,1010,1,2,6,1.0,2.0,44035,M,4729550.0,-155497.0,44
201700002436,17,6,17,2300,3,1,1,1.0,7.0,44035,M,4726138.0,-154273.0,44
201700002437,17,9,2,925,1,2,6,1.0,2.0,44035,M,4728169.0,-156096.0,44
201700002438,17,9,5,1815,1,1,1,1.0,2.0,44066,M,4733970.0,-161391.0,44
201700002439,17,11,3,645,3,1,1,1.0,6.0,44066,M,4737535.0,-160446.0,44
201700002440,17,12,14,755,2,2,6,2.0,6.0,44035,M,4728661.0,-154305.0,44
201700002441,17,1,30,725,2,2,9,2.0,6.0,38215,M,4558915.0,495104.0,38