Num_Acc,an,mois,jour,hrmn,lum,agg,int,atm,col,com,gps,lat,long,dep
201700002442,17,3,27,1845,1,1,1,1.0,1.0,38110,M,4558934.0,486093.0,38
201700002443,17,4,5,1155,1,1,3,1.0,6.0,38110,M,4557018.0,487858.0,38
201700002444,17,4,24,745,2,1,1,1.0,1.0,38487,M,4555968.0,482301.0,38
201700002445,17,5,3,1920,1,2,1,8.0,5.0,38558,M,4559175.0,491526.0,38
201700002446,17,7,5,1845,1,2,1,1.0,3.0,38215,M,4558647.0,495466.0,38
201700002447,17,10,11,720,3,1,2,5.0,3.0,38215,M,4558647.0,495466.0,38
201700002448,17,12,9,445,3,1,1,9.0,6.0,38484,M,4555731.0,492169.0,38
201700002449,17,1,28,1955,3,1,1,2.0,1.0,38197,M,4575245.0,511411.0,38
201700002450,17,5,31,1430,1,2,1,1.0,6.0,38507,M,4575179.0,519578.0,38
201700002451,17,6,13,1245,1,1,1,1.0,6.0,38097,M,4576166.0,515166.0,38
201700002452,17,7,23,1140,1,2,1,1.0,2.0,38197,M,4575161.0,508996.0,38
201700002453,17,7,24,1605,1,1,1,8.0,6.0,38097,M,4577127.0,518361.0,38
201700002454,17,8,24,1130,1,1,1,8.0,1.0,38557,M,4578589.0,507798.0,38
201700002455,17,8,25,1627,1,2,1,7.0,3.0,38507,M,4575179.0,519578.0,38
201700002456,17,12,9,1910,5,2,9,1.0,3.0,38507,M,4575179.0,519578.0,38
201700002457,17,3,9,1120,1,2,2,1.0,3.0,38344,M,4537764.0,481068.0,38
201700002458,17,3,17,1715,1,1,1,1.0,7.0,38468,M,4533622.0,483145.0,38
201700002459,17,4,15,546,3,2,1,1.0,6.0,38468,M,4534000.0,480333.0,38
201700002460,17,4,15,1930,1,2,6,1.0,7.0,38072,M,4531759.0,483136.0,38
201700002461,17,4,28,1115,1,2,1,1.0,2.0,38298,M,4537744.0,479343.0,38
201700002462,17,5,7,1735,1,1,1,8.0,5.0,38344,M,4540444.0,481043.0,38
201700002463,17,5,17,1330,1,1,1,1.0,6.0,38072,M,4531113.0,480914.0,38
201700002464,17,5,22,2240,3,1,2,1.0,3.0,38072,M,4532334.0,485648.0,38
201700002465,17,6,15,737,1,1,1,1.0,2.0,38344,M,4538295.0,481691.0,38
201700002466,17,6,16,1955,1,2,1,1.0,6.0,38298,M,4537599.0,479993.0,38
201700002467,17,7,23,920,1,1,1,1.0,6.0,38072,M,4530344.0,481789.0,38
201700002468,17,8,1,705,1,1,2,1.0,3.0,38344,M,4536722.0,483713.0,38
201700002469,17,10,11,1544,1,1,3,1.0,3.0,38051,M,4533088.0,490164.0,38
201700002470,17,12,3,940,1,2,9,1.0,6.0,38003,M,4534548.0,485102.0,38
201700002471,17,12,8,620,5,2,2,2.0,3.0,38298,M,4537129.0,480110.0,38
201700002472,17,1,12,550,3,1,1,8.0,6.0,38475,M,4569471.0,514347.0,38
201700002473,17,2,26,1535,1,1,1,1.0,7.0,38449,M,4562943.0,509743.0,38
201700002474,17,4,23,2300,3,1,1,1.0,1.0,38449,M,4564035.0,509969.0,38
201700002475,17,6,23,1230,1,1,3,7.0,2.0,38449,M,4562463.0,508729.0,38
201700002476,17,9,8,1550,1,1,3,1.0,6.0,38449,M,4563744.0,508496.0,38
201700002477,17,10,13,1930,5,1,1,1.0,7.0,38537,M,4564523.0,513108.0,38
201700002478,17,10,19,820,2,1,1,1.0,2.0,38537,M,4564520.0,514579.0,38
201700002479,17,10,28,2245,5,1,1,1.0,2.0,38449,M,4565079.0,512162.0,38
201700002480,17,10,30,1830,3,1,1,1.0,1.0,38475,M,4569471.0,514347.0,38
201700002481,17,12,11,1640,3,1,1,2.0,1.0,38449,M,4565709.0,513388.0,38
201700002482,17,3,15,1510,1,1,1,1.0,1.0,42094,M,4574265.0,420500.0,42
201700002483,17,5,18,2032,2,1,1,1.0,3.0,42202,M,4564595.0,434814.0,42
201700002484,17,7,21,810,1,2,6,1.0,7.0,42022,M,4552292.0,421525.0,42
201700002485,17,7,24,527,3,1,1,2.0,6.0,42214,M,4568971.0,427698.0,42
201700002486,17,10,11,629,3,1,1,1.0,1.0,42091,M,4541971.0,401860.0,42
201700002487,17,10,14,1500,1,1,1,1.0,6.0,42304,M,4555722.0,420416.0,42
201700002488,17,11,15,1738,5,2,1,1.0,6.0,42147,M,4561143.0,406611.0,42
201700002489,17,2,13,1735,2,2,1,1.0,2.0,42147,M,4560747.0,406008.0,42
201700002490,17,2,22,1600,1,1,1,1.0,6.0,42012,M,4559876.0,403453.0,42
201700002491,17,3,12,530,2,1,1,1.0,7.0,42046,M,4564117.0,405551.0,42
201700002492,17,3,15,1800,1,2,1,1.0,6.0,42285,M,4555386.0,412399.0,42
201700002493,17,3,18,1450,1,1,1,1.0,2.0,42147,M,4559732.0,407751.0,42
201700002494,17,3,24,1200,1,2,6,2.0,3.0,42299,M,4560802.0,408819.0,42
201700002495,17,3,24,2255,3,1,1,1.0,6.0,42147,M,4559047.0,409382.0,42
201700002496,17,3,26,1520,1,1,1,1.0,3.0,42328,M,4557151.0,400612.0,42
201700002497,17,3,28,1235,1,2,6,1.0,1.0,42285,M,4556168.0,411613.0,42
201700002498,17,4,27,15,3,1,1,1.0,6.0,42147,M,4558006.0,410961.0,42
201700002499,17,4,27,2200,5,2,1,2.0,6.0,42147,M,4561099.0,405889.0,42
201700002500,17,4,29,1430,1,1,1,1.0,1.0,42147,M,4559732.0,407751.0,42
201700002501,17,5,13,1225,1,1,1,2.0,1.0,42151,M,4566110.0,409611.0,42
201700002502,17,5,17,645,1,2,6,1.0,3.0,42299,M,4561019.0,409624.0,42
201700002503,17,5,20,400,3,1,1,1.0,7.0,42285,M,4556660.0,413448.0,42
201700002504,17,5,20,1030,1,2,3,1.0,3.0,42299,M,4560843.0,408986.0,42
201700002505,17,5,22,1750,1,2,1,1.0,7.0,42147,M,4560421.0,404865.0,42
201700002506,17,5,23,758,1,1,1,7.0,6.0,42180,M,4558029.0,414877.0,42
201700002507,17,6,24,1120,1,1,3,1.0,1.0,42299,M,4563981.0,409921.0,42
201700002508,17,6,26,1720,1,2,2,1.0,3.0,42147,M,4561399.0,405772.0,42
201700002509,17,7,5,1700,1,1,4,1.0,2.0,42299,M,4562359.0,407868.0,42
201700002510,17,7,29,1138,1,1,1,7.0,2.0,42328,M,4557162.0,398199.0,42
201700002511,17,7,31,1325,1,2,3,1.0,3.0,42147,M,4559670.0,407132.0,42
201700002512,17,8,27,210,5,2,1,1.0,3.0,42147,M,4560615.0,407770.0,42
201700002513,17,8,28,1215,1,2,1,1.0,6.0,42147,M,4560492.0,406576.0,42
201700002514,17,9,23,1710,1,2,3,1.0,3.0,42147,M,4560983.0,406806.0,42
201700002515,17,10,2,1700,1,2,1,1.0,2.0,42147,M,4559732.0,407751.0,42
201700002516,17,10,3,915,1,1,2,2.0,3.0,42285,M,4555605.0,415391.0,42
201700002517,17,10,13,2135,5,2,3,1.0,1.0,42299,M,4560734.0,408532.0,42
201700002518,17,10,16,1605,1,1,1,7.0,2.0,42299,M,4561062.0,408943.0,42
201700002519,17,10,20,1815,1,2,4,1.0,1.0,42147,M,4560837.0,406400.0,42
201700002520,17,11,3,1713,1,1,9,1.0,1.0,42299,M,4561063.0,409448.0,42
201700002521,17,11,10,1805,3,1,3,2.0,3.0,42299,M,4560019.0,409725.0,42
201700002522,17,12,17,500,3,1,1,1.0,6.0,42147,M,4559250.0,408610.0,42
201700002523,17,1,21,1555,1,1,1,1.0,3.0,42304,M,4554191.0,416948.0,42
201700002524,17,2,18,1650,1,2,1,1.0,6.0,42005,M,4552572.0,427193.0,42
201700002525,17,4,17,1920,1,2,9,8.0,3.0,42304,M,4554143.0,418229.0,42
201700002526,17,4,22,1137,1,2,2,1.0,1.0,42211,M,4552977.0,424752.0,42
201700002527,17,4,22,1930,1,2,1,1.0,3.0,42211,M,4553373.0,423266.0,42
201700002528,17,4,25,1040,1,2,3,3.0,3.0,42005,M,4552444.0,425722.0,42
201700002529,17,5,17,1212,1,2,1,1.0,4.0,42005,M,4552825.0,426285.0,42
201700002530,17,10,14,1515,1,1,1,1.0,6.0,42075,M,4557058.0,423155.0,42
201700002531,17,12,7,2335,3,1,1,9.0,3.0,42304,M,4554658.0,417132.0,42
201700002532,17,9,10,1750,1,1,1,1.0,7.0,42214,M,4567752.0,431378.0,42
201700002533,17,9,10,1800,1,1,1,1.0,2.0,42251,M,4567978.0,422888.0,42
201700002534,17,10,16,1430,1,1,2,1.0,1.0,42296,M,4573216.0,428834.0,42
201700002535,17,10,29,1706,1,1,1,2.0,6.0,42175,M,4580789.0,422193.0,42
201700002536,17,11,2,1617,1,2,3,1.0,2.0,42094,M,4574450.0,422373.0,42
201700002537,17,11,25,125,3,1,1,9.0,1.0,42165,M,4575939.0,431518.0,42
201700002538,17,12,15,1030,1,1,1,1.0,6.0,42065,M,4577966.0,426257.0,42
201700002539,17,12,24,1630,1,1,5,1.0,6.0,42296,M,4573201.0,428887.0,42
201700002540,17,12,29,750,2,1,1,8.0,3.0,42251,M,4569380.0,422790.0,42
201700002541,17,2,15,2210,5,2,1,1.0,7.0,42168,M,4542179.0,467374.0,42
201700002542,17,3,26,1630,1,1,1,1.0,7.0,42168,M,4542369.0,463991.0,42
201700002543,17,4,16,1630,1,1,1,1.0,6.0,42168,M,4541988.0,462510.0,42
201700002544,17,4,26,1135,1,1,1,1.0,6.0,42272,M,4538999.0,474536.0,42
201700002545,17,4,29,1635,1,1,1,1.0,2.0,42168,M,4542254.0,467355.0,42
201700002546,17,5,2,1415,1,1,1,3.0,5.0,42056,M,4541540.0,471559.0,42
201700002547,17,5,17,2000,1,1,1,1.0,7.0,42064,M,4546811.0,472108.0,42
201700002548,17,5,24,855,1,2,4,1.0,3.0,42168,M,4541638.0,467484.0,42
201700002549,17,6,2,1250,1,1,1,1.0,4.0,42056,M,4541277.0,474235.0,42
201700002550,17,7,10,2200,5,1,1,2.0,7.0,42056,M,4540134.0,473699.0,42
201700002551,17,7,29,1935,1,1,1,1.0,7.0,42132,M,4538334.0,473424.0,42
201700002552,17,9,9,1430,1,1,1,8.0,1.0,42272,M,4538278.0,475413.0,42
201700002553,17,9,10,1430,1,1,1,1.0,7.0,42056,M,4541445.0,471316.0,42
201700002554,17,10,10,815,1,2,1,1.0,6.0,42056,M,4542554.0,469833.0,42
201700002555,17,10,12,730,2,1,1,1.0,6.0,42327,M,4545599.0,475464.0,42
201700002556,17,10,16,720,2,1,1,1.0,6.0,42201,M,4534990.0,466246.0,42
201700002557,17,10,28,2025,5,2,3,1.0,1.0,42056,M,4541223.0,473646.0,42
201700002558,17,1,3,852,1,1,1,1.0,5.0,73232,M,4558823.0,692696.0,73
201700002559,17,1,2,145,3,1,1,1.0,7.0,73303,M,4577506.0,647669.0,73
201700002560,17,1,7,545,3,1,1,1.0,1.0,73227,M,4542993.0,662575.0,73
201700002561,17,4,18,1221,1,1,1,1.0,7.0,73015,M,4542300.0,655587.0,73
201700002562,17,6,12,1600,1,1,1,1.0,5.0,73297,M,4563139.0,632814.0,73
201700002563,17,7,11,1652,1,2,1,1.0,6.0,73150,M,4550638.0,670861.0,73
201700002564,17,8,3,1450,1,1,1,1.0,3.0,73150,M,4554676.0,667147.0,73
201700002565,17,8,16,1730,1,1,1,1.0,3.0,73303,M,4577758.0,648609.0,73
201700002566,17,8,30,1353,1,1,4,1.0,1.0,73303,M,4576685.0,636624.0,73
201700002567,17,3,27,1400,1,1,1,1.0,3.0,73328,M,4564811.0,589163.0,73
201700002568,17,5,12,545,2,1,4,1.0,4.0,73329,M,4562381.0,588964.0,73
201700002569,17,5,28,1930,1,1,1,1.0,7.0,73328,M,4565774.0,589460.0,73
201700002570,17,6,9,1445,1,2,1,1.0,6.0,73329,M,4561623.0,588400.0,73
201700002571,17,11,5,1320,1,1,1,2.0,1.0,73160,M,4554444.0,591497.0,73
201700002572,17,12,9,230,4,1,1,4.0,6.0,73329,M,4563703.0,589231.0,73
201700002573,17,12,13,1410,1,1,6,1.0,3.0,73328,M,4564278.0,591082.0,73
201700002574,17,1,26,2240,3,1,1,1.0,1.0,73243,M,4559362.0,600620.0,73
201700002575,17,5,25,1820,1,1,1,1.0,3.0,73243,M,4558420.0,598042.0,73
201700002576,17,6,3,1925,1,2,2,1.0,3.0,73213,M,4555817.0,595834.0,73
201700002577,17,6,10,1630,1,1,3,1.0,1.0,73098,M,4562111.0,600814.0,73
201700002578,17,7,23,2230,3,1,1,1.0,6.0,73064,M,4554149.0,596890.0,73
201700002579,17,10,6,1444,1,2,8,1.0,1.0,73213,M,4555362.0,595424.0,73
201700002580,17,10,13,2100,5,1,3,1.0,3.0,73213,M,4554833.0,595684.0,73
201700002581,17,11,30,2140,5,2,1,2.0,2.0,73064,M,4555185.0,598187.0,73
201700002582,17,12,14,750,2,2,3,2.0,3.0,73213,M,4557103.0,595242.0,73
201700002583,17,3,31,1750,1,1,2,1.0,6.0,73139,M,4566170.0,617716.0,73
201700002584,17,6,9,1045,1,1,1,1.0,1.0,73050,M,4568928.0,585413.0,73
201700002585,17,6,29,1900,1,2,3,3.0,6.0,73179,M,4559039.0,588831.0,73
201700002586,17,9,23,1715,1,1,1,1.0,7.0,73179,M,4558265.0,582590.0,73
201700002587,17,12,27,400,5,1,1,2.0,6.0,73050,M,4568506.0,585173.0,73
201700002588,17,2,16,1700,1,1,1,1.0,1.0,73089,M,4550634.0,611141.0,73
201700002589,17,4,7,2009,1,1,1,1.0,1.0,73075,M,4545169.0,605999.0,73
201700002590,17,5,7,1130,1,1,1,2.0,6.0,73068,M,4556398.0,620270.0,73
201700002591,17,5,15,1510,1,2,3,7.0,3.0,73099,M,4544780.0,609607.0,73
201700002592,17,8,20,950,1,2,2,1.0,3.0,73215,M,4545171.0,611925.0,73
201700002593,17,11,20,815,3,1,1,5.0,6.0,73089,M,4553992.0,613416.0,73
201700002594,17,3,5,230,3,1,1,4.0,6.0,73150,M,4553504.0,667136.0,73
201700002595,17,4,10,1440,1,1,1,1.0,7.0,73142,M,4555377.0,675051.0,73
201700002596,17,4,12,715,1,1,1,1.0,1.0,73006,M,4555893.0,665347.0,73
201700002597,17,4,23,30,3,1,1,1.0,6.0,73150,M,4554432.0,666815.0,73
201700002598,17,6,23,1715,1,1,1,1.0,1.0,73093,M,4555957.0,666620.0,73
201700002599,17,6,25,1400,1,1,1,1.0,7.0,73038,M,4556836.0,671415.0,73
201700002600,17,6,28,1830,1,1,1,2.0,5.0,73006,M,4554232.0,661353.0,73
201700002601,17,7,14,230,3,1,1,1.0,6.0,73197,M,4554529.0,676000.0,73
201700002602,17,8,8,840,1,1,1,1.0,1.0,73038,M,4557335.0,672359.0,73
201700002603,17,5,7,1300,1,1,1,2.0,6.0,73211,M,4571713.0,646143.0,73
201700002604,17,8,5,1045,1,1,1,1.0,3.0,73034,M,4568800.0,658675.0,73
201700002605,17,9,23,1345,1,1,4,1.0,3.0,73034,M,4571430.0,657777.0,73
201700002606,17,10,7,1615,1,1,1,1.0,1.0,73034,M,4569124.0,668937.0,73
201700002607,17,11,27,1340,1,1,1,1.0,6.0,73211,M,4571546.0,646974.0,73
201700002608,17,1,21,1000,1,2,6,1.0,6.0,73054,M,4561184.0,676525.0,73
201700002609,17,2,5,1410,1,1,1,4.0,6.0,73232,M,4556723.0,688935.0,73
201700002610,17,6,5,1350,1,1,1,1.0,1.0,73285,M,4562660.0,682052.0,73
201700002611,17,6,18,1445,1,1,3,1.0,6.0,73054,M,4568519.0,673670.0,73
201700002612,17,7,1,1120,1,1,1,8.0,5.0,73176,M,4560768.0,684479.0,73
201700002613,17,9,21,1845,2,1,2,1.0,3.0,73285,M,4562398.0,680891.0,73
201700002614,17,1,13,1815,3,1,1,4.0,7.0,73003,M,4549593.0,651564.0,73
201700002615,17,1,30,1900,5,2,1,2.0,6.0,73003,M,4550093.0,650960.0,73
201700002616,17,3,6,1940,5,2,4,3.0,6.0,73003,M,4550322.0,650727.0,73
201700002617,17,3,17,400,3,2,1,1.0,6.0,73024,M,4545689.0,644274.0,73
201700002618,17,4,14,900,1,2,1,7.0,1.0,73227,M,4542704.0,664281.0,73
201700002619,17,4,27,1445,1,1,1,2.0,3.0,73057,M,4545152.0,656236.0,73
201700002620,17,5,18,840,1,2,7,1.0,6.0,73181,M,4548507.0,653112.0,73
201700002621,17,7,30,700,2,1,1,2.0,6.0,73112,M,4554612.0,646667.0,73
201700002622,17,7,30,1700,1,2,1,9.0,6.0,73015,M,4537545.0,657192.0,73
201700002623,17,8,2,1600,1,1,1,1.0,6.0,73253,M,4549030.0,654943.0,73
201700002624,17,8,2,1620,1,1,2,1.0,3.0,73024,M,4548742.0,646656.0,73
201700002625,17,8,6,1600,1,2,1,1.0,1.0,73227,M,4541283.0,664842.0,73
201700002626,17,8,23,1130,1,2,1,1.0,6.0,73003,M,4551205.0,648708.0,73
201700002627,17,9,12,630,2,1,1,2.0,6.0,73284,M,4548051.0,652490.0,73
201700002628,17,9,26,1825,1,1,1,1.0,7.0,73187,M,4554788.0,646012.0,73
201700002629,17,10,6,645,3,1,1,1.0,6.0,73198,M,4544699.0,658708.0,73
201700002630,17,10,17,1640,1,1,9,1.0,6.0,73112,M,4557393.0,646291.0,73
201700002631,17,11,25,748,2,2,1,2.0,6.0,73284,M,4546634.0,652693.0,73
201700002632,17,1,1,1045,1,1,1,1.0,3.0,73203,M,4531109.0,634120.0,73
201700002633,17,1,8,35,5,2,6,1.0,6.0,73261,M,4522048.0,646012.0,73
201700002634,17,2,1,1915,5,2,6,1.0,6.0,73306,M,4516424.0,642462.0,73
201700002635,17,3,14,745,1,2,1,1.0,6.0,73248,M,4527598.0,635459.0,73
201700002636,17,4,1,200,3,1,1,1.0,7.0,73116,M,4525182.0,629065.0,73
201700002637,17,4,10,610,2,1,1,1.0,6.0,73307,M,4519627.0,645890.0,73
201700002638,17,4,12,1545,1,1,3,1.0,1.0,73248,M,4525400.0,632343.0,73
201700002639,17,6,8,1615,1,1,1,1.0,7.0,73116,M,4522521.0,631029.0,73
201700002640,17,6,10,545,2,1,4,1.0,6.0,73267,M,4526870.0,633219.0,73
201700002641,17,6,11,1530,1,1,2,1.0,7.0,73306,M,4517303.0,643298.0,73
201700002642,17,6,19,745,1,1,1,1.0,7.0,73256,M,4520347.0,646190.0,73
201700002643,17,6,24,1100,1,1,1,1.0,7.0,73256,M,4520700.0,645950.0,73
201700002644,17,6,25,1430,1,1,1,1.0,7.0,73116,M,4523144.0,631027.0,73
201700002645,17,8,3,1320,1,1,1,1.0,6.0,73306,M,4509919.0,642894.0,73
201700002646,17,8,5,1530,1,1,1,7.0,7.0,73256,M,4520992.0,646950.0,73
201700002647,17,9,21,1600,1,1,1,1.0,3.0,73013,M,4519686.0,633241.0,73
201700002648,17,10,1,1910,2,1,1,1.0,6.0,73138,M,4528641.0,630491.0,73
201700002649,17,11,15,1735,3,1,3,1.0,3.0,73258,M,4524215.0,643350.0,73
201700002650,17,11,16,1215,1,2,4,1.0,6.0,73258,M,4524146.0,645968.0,73
201700002651,17,11,30,1215,1,1,1,1.0,6.0,73138,M,4527841.0,631119.0,73
201700002652,17,12,29,925,1,2,3,1.0,6.0,73248,M,4527783.0,634385.0,73
201700002653,17,4,17,1725,1,1,1,1.0,7.0,73023,M,4522265.0,672399.0,73
201700002654,17,5,20,1700,1,2,1,1.0,3.0,73157,M,4519438.0,666000.0,73
201700002655,17,6,11,1300,1,1,1,1.0,7.0,73023,M,4523598.0,676569.0,73
201700002656,17,7,5,945,1,1,1,1.0,3.0,73023,M,4521672.0,675384.0,73
201700002657,17,7,17,1025,1,1,1,1.0,7.0,73223,M,4520488.0,662982.0,73
201700002658,17,7,29,1200,1,1,1,1.0,7.0,74290,M,4602472.0,690861.0,74
201700002659,17,3,4,1730,1,2,9,4.0,6.0,74080,M,4589206.0,643133.0,74
201700002660,17,3,14,1520,1,1,9,1.0,6.0,74160,M,4587688.0,640516.0,74
201700002661,17,4,22,1215,1,1,3,1.0,3.0,74280,M,4589894.0,634357.0,74
201700002662,17,5,28,1050,1,1,1,7.0,6.0,74136,M,4593432.0,647450.0,74
201700002663,17,6,25,1610,1,1,1,1.0,6.0,74003,M,4589848.0,621687.0,74
201700002664,17,7,6,1115,1,1,1,1.0,1.0,74239,M,4593356.0,641529.0,74
201700002665,17,8,25,1645,1,1,1,1.0,1.0,74239,M,4592169.0,642892.0,74
201700002666,17,7,31,1230,1,2,1,1.0,5.0,74080,M,4590606.0,642742.0,74
201700002667,17,7,31,2143,5,2,6,1.0,1.0,74280,M,4590606.0,642742.0,74
201700002668,17,8,13,225,3,1,1,1.0,6.0,74160,M,4585522.0,639815.0,74
201700002669,17,10,29,250,3,1,1,1.0,6.0,74280,M,4588499.0,631903.0,74
201700002670,17,10,31,1915,3,1,1,1.0,7.0,74102,M,4591396.0,620451.0,74
201700002671,17,11,1,1605,1,1,1,1.0,1.0,74136,M,4594005.0,642629.0,74
201700002672,17,1,19,745,1,2,1,1.0,6.0,74042,M,4607321.0,640061.0,74
201700002673,17,3,1,1800,2,2,6,2.0,6.0,74042,M,4607496.0,640476.0,74
201700002674,17,5,21,2050,2,2,4,1.0,6.0,74024,M,4608195.0,643004.0,74
201700002675,17,5,23,1145,1,2,2,1.0,6.0,74042,M,4607657.0,641278.0,74
201700002676,17,7,2,753,1,1,6,1.0,6.0,74042,M,4607146.0,642580.0,74
201700002677,17,7,2,1515,1,2,3,1.0,6.0,74024,M,4607910.0,644121.0,74
201700002678,17,7,24,1945,2,1,1,2.0,1.0,74042,M,4608730.0,638891.0,74
201700002679,17,7,28,805,1,2,3,1.0,6.0,74024,M,4608185.0,642998.0,74
201700002680,17,7,30,1627,1,2,1,1.0,3.0,74042,M,4607669.0,640181.0,74
201700002681,17,8,23,330,3,1,1,1.0,2.0,74042,M,4607160.0,642351.0,74
201700002682,17,9,16,1030,1,1,6,1.0,4.0,74087,M,4613599.0,633425.0,74
201700002683,17,9,16,1750,1,1,1,2.0,6.0,74042,M,4608631.0,640006.0,74
201700002684,17,10,24,1650,1,2,6,7.0,6.0,74042,M,4607509.0,640475.0,74
201700002685,17,11,19,820,2,2,1,2.0,6.0,74087,M,4613174.0,633799.0,74
201700002686,17,12,23,2145,5,1,1,1.0,7.0,74087,M,4613012.0,635946.0,74
201700002687,17,1,8,1640,1,1,1,8.0,3.0,74290,M,4601744.0,687504.0,74
201700002688,17,1,28,10,5,2,1,1.0,6.0,74056,M,4591696.0,686011.0,74
201700002689,17,2,18,100,3,1,1,1.0,6.0,74056,M,4593283.0,688651.0,74
201700002690,17,3,7,900,1,2,1,4.0,6.0,74056,M,4591218.0,685425.0,74
201700002691,17,9,27,1705,1,2,1,1.0,2.0,74143,M,4589375.0,678408.0,74
201700002692,17,10,4,1645,1,1,1,1.0,5.0,74056,M,4593130.0,692387.0,74
201700002693,17,1,12,1900,3,2,1,3.0,3.0,74250,M,4606558.0,637783.0,74
201700002694,17,4,9,800,1,2,3,1.0,3.0,74250,M,4605964.0,636854.0,74
201700002695,17,4,19,1345,1,1,1,1.0,1.0,74116,M,4604449.0,625507.0,74
201700002696,17,5,2,1150,1,1,1,1.0,6.0,74224,M,4603634.0,629334.0,74
201700002697,17,5,25,1900,1,1,1,1.0,6.0,74116,M,4607484.0,629070.0,74
201700002698,17,7,10,1345,1,1,2,1.0,5.0,74090,M,4610402.0,631367.0,74
201700002699,17,7,18,1905,1,1,1,1.0,3.0,74250,M,4604672.0,637571.0,74
201700002700,17,8,7,1130,1,2,6,1.0,6.0,74250,M,4605727.0,637527.0,74
201700002701,17,9,17,1240,1,1,1,1.0,1.0,74007,M,4607138.0,632993.0,74
201700002702,17,9,24,925,1,1,3,1.0,1.0,74007,M,4607085.0,632474.0,74
201700002703,17,10,19,800,1,1,1,1.0,7.0,74224,M,4604363.0,629741.0,74
201700002704,17,11,20,1830,3,1,1,1.0,5.0,74090,M,4609589.0,631366.0,74
201700002705,17,12,11,1840,5,2,1,3.0,6.0,74224,M,4606697.0,631186.0,74
201700002706,17,6,17,1830,1,1,1,1.0,2.0,74016,M,4612151.0,614083.0,74
201700002707,17,7,11,1930,1,2,9,1.0,2.0,74243,M,4614204.0,609442.0,74
201700002708,17,8,4,945,1,1,1,1.0,3.0,74201,M,4612673.0,609139.0,74
201700002709,17,12,6,1910,5,2,1,8.0,6.0,74216,M,4609083.0,608043.0,74
201700002710,17,12,13,2015,3,1,1,3.0,2.0,74031,M,4610409.0,610504.0,74
201700002711,17,4,6,1845,1,2,2,1.0,3.0,74220,M,4613199.0,629692.0,74
201700002712,17,4,10,1700,1,2,2,1.0,3.0,74197,M,4615576.0,629823.0,74
201700002713,17,4,19,1700,1,1,1,1.0,7.0,74094,M,4618323.0,630405.0,74
201700002714,17,5,13,900,1,2,1,1.0,1.0,74220,M,4612633.0,624434.0,74
201700002715,17,5,21,110,3,1,1,1.0,1.0,74193,M,4613278.0,621062.0,74
201700002716,17,6,21,1840,1,1,1,1.0,7.0,74094,M,4621732.0,630615.0,74
201700002717,17,6,16,630,2,1,3,1.0,3.0,74220,M,4615638.0,624625.0,74
201700002718,17,6,4,1700,1,2,2,1.0,3.0,74145,M,4622142.0,629429.0,74
201700002719,17,6,16,1915,1,2,2,1.0,3.0,74220,M,4615653.0,623725.0,74
201700002720,17,7,17,1120,1,1,4,1.0,3.0,74229,M,4620298.0,629087.0,74
201700002721,17,8,7,715,1,2,3,1.0,6.0,74197,M,4614980.0,631427.0,74
201700002722,17,8,30,1520,1,2,3,8.0,1.0,74040,M,4616820.0,632070.0,74
201700002723,17,9,3,1600,1,1,1,1.0,6.0,74040,M,4617208.0,631982.0,74
201700002724,17,10,6,1615,1,2,1,1.0,1.0,74153,M,4619078.0,630994.0,74
201700002725,17,10,9,2030,5,2,1,1.0,6.0,74193,M,4611646.0,619620.0,74
201700002726,17,10,16,950,1,1,1,1.0,6.0,74229,M,4622015.0,631012.0,74
201700002727,17,11,17,1555,1,1,9,1.0,2.0,74094,M,4617766.0,630721.0,74
201700002728,17,11,19,2045,3,1,1,1.0,3.0,74220,M,4614551.0,626481.0,74
201700002729,17,11,26,1855,5,2,1,1.0,1.0,74211,M,4611009.0,627533.0,74
201700002730,17,1,19,815,1,2,9,1.0,1.0,74058,M,4628655.0,680907.0,74
201700002731,17,2,18,1620,1,1,1,7.0,6.0,74063,M,4624867.0,680582.0,74
201700002732,17,9,5,1430,1,1,1,1.0,6.0,74063,M,4627497.0,682636.0,74
201700002733,17,9,11,130,3,2,1,1.0,6.0,74063,M,4627230.0,684220.0,74
201700002734,17,1,13,855,1,1,1,4.0,6.0,74301,M,4621077.0,642653.0,74
201700002735,17,2,19,1251,1,1,1,7.0,1.0,74140,M,4624367.0,648352.0,74
201700002736,17,4,9,1500,1,1,1,1.0,7.0,74222,M,4632695.0,656387.0,74
201700002737,17,6,24,1530,1,1,1,1.0,3.0,74032,M,4623531.0,652364.0,74
201700002738,17,6,21,830,1,1,1,1.0,3.0,74226,M,4619647.0,638985.0,74
201700002739,17,8,16,415,3,1,1,1.0,7.0,74032,M,4619219.0,657646.0,74
201700002740,17,9,15,930,1,2,1,1.0,7.0,74140,M,4624495.0,646740.0,74
201700002741,17,9,16,1445,1,2,3,1.0,3.0,74037,M,4620686.0,640073.0,74
201700002742,17,10,14,1400,1,1,4,1.0,7.0,74032,M,4625269.0,650816.0,74
201700002743,17,11,3,654,2,2,3,1.0,3.0,74037,M,4620585.0,639882.0,74