Num_Acc,an,mois,jour,hrmn,lum,agg,int,atm,col,com,gps,lat,long,dep
201700002744,17,11,16,1745,3,2,1,1.0,6.0,74226,M,4619369.0,638822.0,74
201700002745,17,11,29,2330,3,1,1,4.0,7.0,74038,M,4619374.0,643972.0,74
201700002746,17,5,17,1715,1,1,1,1.0,2.0,74154,M,4640573.0,664881.0,74
201700002747,17,6,19,2015,1,2,1,1.0,6.0,74249,M,4637171.0,663345.0,74
201700002748,17,8,17,1815,1,1,1,1.0,1.0,74127,M,4633690.0,657256.0,74
201700002749,17,8,24,1800,1,1,1,1.0,1.0,74249,M,4636778.0,661749.0,74
201700002750,17,12,13,1700,3,2,1,2.0,1.0,74200,M,4638385.0,660742.0,74
201700002751,17,4,14,525,3,1,1,1.0,4.0,63307,M,,,63
201700002752,17,5,23,1530,1,1,1,1.0,7.0,63307,M,4571439.0,307019.0,63
201700002753,17,6,5,1924,1,2,9,1.0,1.0,63263,M,4577984.0,301285.0,63
201700002754,17,7,25,2015,1,2,1,1.0,7.0,63307,M,4573086.0,310648.0,63
201700002755,17,11,17,1650,1,2,6,1.0,6.0,63307,M,4573652.0,310228.0,63
201700002756,17,3,14,1230,1,2,1,1.0,1.0,63263,M,4579003.0,302119.0,63
201700002757,17,3,16,950,1,1,3,1.0,1.0,63417,M,4582692.0,306298.0,63
201700002758,17,3,30,720,1,1,1,1.0,6.0,63417,M,4583526.0,303822.0,63
201700002759,17,4,23,1815,1,1,2,1.0,3.0,63254,M,4581678.0,305618.0,63
201700002760,17,6,5,1750,1,2,1,1.0,2.0,63263,M,4579746.0,299268.0,63
201700002761,17,2,25,2000,5,2,1,1.0,1.0,63200,M,4583717.0,325993.0,63
201700002762,17,4,3,1027,1,1,1,1.0,1.0,63133,M,4578271.0,324844.0,63
201700002763,17,5,9,1545,1,1,1,1.0,4.0,63180,M,4585104.0,328400.0,63
201700002764,17,6,12,1200,1,2,5,1.0,3.0,63213,M,4583911.0,327050.0,63
201700002765,17,6,30,1715,1,1,1,8.0,6.0,63284,M,4579003.0,320167.0,63
201700002766,17,7,5,1715,1,1,1,1.0,1.0,63284,M,4579810.0,323989.0,63
201700002767,17,12,18,1140,1,1,1,2.0,5.0,63213,M,4581682.0,324873.0,63
201700002768,17,6,5,1330,1,2,1,1.0,6.0,63247,M,4557134.0,295182.0,63
201700002769,17,6,24,1815,1,1,4,1.0,4.0,63383,M,4550181.0,298405.0,63
201700002770,17,11,6,1035,1,1,1,1.0,7.0,63335,M,4553934.0,301760.0,63
201700002771,17,6,20,1345,1,1,1,1.0,6.0,63150,M,4588893.0,306154.0,63
201700002772,17,11,12,500,3,1,1,1.0,6.0,63470,M,,,63
201700002773,17,1,12,600,3,1,1,8.0,6.0,03040,M,4653523.0,331919.0,03
201700002774,17,1,24,1700,1,1,1,1.0,6.0,03229,M,4667337.0,341891.0,03
201700002775,17,2,19,1730,1,1,1,1.0,3.0,03085,M,4654545.0,322904.0,03
201700002776,17,3,18,1345,1,1,1,1.0,4.0,03316,M,4667082.0,323797.0,03
201700002777,17,6,8,1730,1,1,1,7.0,3.0,03121,M,4661650.0,336790.0,03
201700002778,17,6,16,1140,1,1,3,1.0,3.0,03286,M,4650044.0,336285.0,03
201700002779,17,7,14,620,2,1,1,1.0,6.0,03200,M,4658908.0,328113.0,03
201700002780,17,8,9,1540,1,1,9,1.0,3.0,03286,M,4651243.0,335607.0,03
201700002781,17,8,25,2100,5,1,1,1.0,7.0,03316,M,4667017.0,324857.0,03
201700002782,17,9,1,1840,1,1,1,1.0,7.0,03121,M,4662785.0,337652.0,03
201700002783,17,9,2,120,3,1,1,1.0,6.0,03200,M,4657718.0,325472.0,03
201700002784,17,9,28,1445,1,1,1,1.0,1.0,03321,M,4653938.0,341954.0,03
201700002785,17,9,30,1145,1,1,1,2.0,3.0,03200,M,4657117.0,328265.0,03
201700002786,17,10,25,1100,1,1,1,1.0,6.0,03286,M,4651040.0,336341.0,03
201700002787,17,3,3,955,1,2,1,1.0,6.0,03102,M,4651896.0,368533.0,03
201700002788,17,5,21,930,1,1,1,1.0,7.0,03102,M,4652206.0,367844.0,03
201700002789,17,5,25,1955,1,1,1,1.0,3.0,03102,M,4653150.0,366456.0,03
201700002790,17,6,2,1650,1,1,1,1.0,1.0,03086,M,4647251.0,385626.0,03
201700002791,17,6,10,1010,1,2,1,7.0,1.0,03300,M,4644648.0,363005.0,03
201700002792,17,7,4,1630,1,2,3,1.0,3.0,03102,M,4651656.0,367789.0,03
201700002793,17,11,19,1740,3,1,1,2.0,3.0,03253,M,4649163.0,365859.0,03
201700002794,17,12,12,1828,3,2,3,2.0,6.0,03102,M,4653164.0,366538.0,03
201700002795,17,1,17,1130,1,2,1,1.0,1.0,03104,M,4633575.0,280341.0,03
201700002796,17,4,11,830,1,1,1,1.0,6.0,03256,M,4635764.0,289061.0,03
201700002797,17,7,3,1145,1,1,1,1.0,1.0,03070,M,4640329.0,293849.0,03
201700002798,17,7,29,1100,1,1,1,1.0,7.0,03270,M,4634398.0,295620.0,03
201700002799,17,10,13,814,1,1,1,1.0,7.0,03104,M,4633507.0,279016.0,03
201700002800,17,3,1,1944,3,1,1,1.0,6.0,03174,M,4611222.0,354555.0,03
201700002801,17,3,29,1108,1,1,1,1.0,6.0,03056,M,4608659.0,361227.0,03
201700002802,17,4,4,1500,1,2,1,1.0,7.0,03165,M,4607220.0,366618.0,03
201700002803,17,4,6,1202,1,1,3,1.0,7.0,03008,M,4602793.0,357653.0,03
201700002804,17,4,24,1710,1,1,1,1.0,6.0,03131,M,4613833.0,364408.0,03
201700002805,17,6,10,1810,1,1,1,1.0,7.0,03056,M,4609130.0,356573.0,03
201700002806,17,6,11,1927,1,1,1,1.0,7.0,03139,M,4599896.0,382166.0,03
201700002807,17,7,25,1839,1,1,1,1.0,6.0,03174,M,4610970.0,358930.0,03
201700002808,17,8,20,1550,1,1,1,1.0,7.0,03066,M,4610067.0,371323.0,03
201700002809,17,9,8,1010,1,1,3,1.0,3.0,03201,M,4610468.0,364412.0,03
201700002810,17,9,12,809,1,1,1,1.0,7.0,03165,M,4607411.0,361735.0,03
201700002811,17,10,18,600,3,1,1,1.0,6.0,03139,M,4601310.0,372234.0,03
201700002812,17,3,2,1725,1,1,1,1.0,7.0,03091,M,4626447.0,343028.0,03
201700002813,17,4,12,1330,1,1,1,1.0,7.0,03091,M,4626887.0,342306.0,03
201700002814,17,5,3,1700,1,1,1,1.0,6.0,03091,M,4626887.0,342306.0,03
201700002815,17,5,8,930,1,1,1,2.0,1.0,03187,M,4633767.0,345097.0,03
201700002816,17,7,2,945,1,2,9,1.0,6.0,03298,M,4631223.0,340469.0,03
201700002817,17,7,16,540,2,1,1,1.0,6.0,03298,M,4630282.0,340337.0,03
201700002818,17,7,17,945,1,1,2,7.0,2.0,03235,M,4626798.0,349093.0,03
201700002819,17,8,17,1830,1,1,1,1.0,7.0,03298,M,4630472.0,343042.0,03
201700002820,17,8,25,1745,1,1,2,1.0,1.0,03091,M,4626486.0,343021.0,03
201700002821,17,8,28,1750,1,2,1,7.0,7.0,03298,M,4631128.0,340394.0,03
201700002822,17,8,28,1000,1,1,2,1.0,3.0,03298,M,4633155.0,340606.0,03
201700002823,17,9,29,1410,1,1,1,1.0,7.0,03187,M,4633714.0,343688.0,03
201700002824,17,11,21,1245,1,2,3,1.0,7.0,03298,M,4631935.0,339307.0,03
201700002825,17,12,8,1330,1,2,1,8.0,4.0,03298,M,4631436.0,339822.0,03
201700002826,17,1,2,1515,1,2,1,1.0,6.0,15187,M,4503800.0,310100.0,15
201700002827,17,12,31,630,3,1,1,1.0,6.0,03185,M,4637888.0,259300.0,03
201700002828,17,12,6,1818,5,2,2,1.0,3.0,03185,M,4634708.0,258203.0,03
201700002829,17,2,12,2245,5,2,1,1.0,2.0,03185,M,,,03
201700002830,17,12,15,1700,5,2,1,2.0,6.0,03185,M,4633590.0,257749.0,03
201700002831,17,1,16,1253,1,2,1,1.0,2.0,03185,M,4635570.0,258725.0,03
201700002832,17,1,6,1400,1,1,1,1.0,6.0,03101,M,,,03
201700002833,17,1,16,1838,5,2,1,1.0,6.0,03185,M,,,03
201700002834,17,3,10,2110,5,2,1,1.0,1.0,03185,M,,,03
201700002835,17,3,17,1605,1,2,1,1.0,1.0,03101,M,4635785.0,257722.0,03
201700002836,17,3,26,2345,5,2,3,1.0,3.0,03185,M,,,03
201700002837,17,4,8,1030,1,1,1,1.0,6.0,03211,M,,,03
201700002838,17,4,21,1751,1,2,1,1.0,2.0,03185,M,,,03
201700002839,17,5,21,605,2,2,1,1.0,1.0,03098,M,4634621.0,263269.0,03
201700002840,17,3,10,515,5,2,2,1.0,3.0,03185,M,4634034.0,259995.0,03
201700002841,17,6,3,235,5,2,1,2.0,6.0,03185,M,4634761.0,259576.0,03
201700002842,17,6,18,2040,1,2,3,1.0,3.0,03185,M,4634592.0,260902.0,03
201700002843,17,3,19,1851,2,2,2,1.0,3.0,03185,M,4634948.0,259381.0,03
201700002844,17,3,28,1525,1,2,6,1.0,6.0,03185,M,4634761.0,260258.0,03
201700002845,17,6,8,1855,1,2,6,1.0,6.0,03185,M,4633109.0,260003.0,03
201700002846,17,5,10,1700,1,2,1,1.0,6.0,03185,M,4634230.0,260125.0,03
201700002847,17,5,15,835,1,2,1,1.0,6.0,03101,M,4636241.0,253478.0,03
201700002848,17,7,20,2038,1,2,6,1.0,6.0,03101,M,4636989.0,257250.0,03
201700002849,17,7,30,1200,1,2,3,1.0,3.0,03185,M,4634928.0,259388.0,03
201700002850,17,8,7,644,1,2,3,1.0,3.0,03185,M,4634593.0,260893.0,03
201700002851,17,8,26,1130,1,2,6,1.0,3.0,03101,M,4635905.0,54692.0,03
201700002852,17,6,14,350,3,1,1,2.0,6.0,03101,M,4639392.0,541962.0,03
201700002853,17,6,15,1800,1,2,4,1.0,3.0,03185,M,4635236.0,259068.0,03
201700002854,17,6,17,2000,1,2,1,1.0,6.0,03185,M,4634351.0,260224.0,03
201700002855,17,9,16,1100,1,2,9,1.0,3.0,03185,M,4634711.0,258214.0,03
201700002856,17,8,21,1340,1,2,9,1.0,3.0,03185,M,4634054.0,259328.0,03
201700002857,17,7,16,753,1,2,3,1.0,3.0,03185,M,4634630.0,258889.0,03
201700002858,17,9,2,1425,1,2,3,1.0,3.0,03185,M,4634242.0,259355.0,03
201700002859,17,8,3,2128,2,2,1,1.0,6.0,03185,M,4635028.0,261173.0,03
201700002860,17,11,21,2155,5,2,1,1.0,6.0,03185,M,4634773.0,259555.0,03
201700002861,17,9,4,1800,1,2,3,1.0,6.0,03185,M,4632271.0,261103.0,03
201700002862,17,9,6,1535,1,2,1,1.0,6.0,03211,M,4631472.0,253546.0,03
201700002863,17,12,22,1730,2,2,1,1.0,6.0,03190,M,4653997.0,334476.0,03
201700002864,17,2,14,1752,1,2,1,1.0,6.0,03013,M,4658919.0,332717.0,03
201700002865,17,4,29,1645,1,2,1,1.0,6.0,03190,M,,,03
201700002866,17,6,2,1830,1,1,1,1.0,6.0,03321,M,4655925.0,333360.0,03
201700002867,17,6,16,1925,1,2,1,1.0,6.0,03321,M,4655600.0,335147.0,03
201700002868,17,8,21,1045,1,2,1,1.0,6.0,03190,M,4656292.0,333655.0,03
201700002869,17,9,8,1707,1,2,1,1.0,3.0,03190,M,4656114.0,332679.0,03
201700002870,17,10,12,1658,1,2,1,1.0,2.0,03190,M,4655248.0,333749.0,03
201700002871,17,12,6,1605,1,2,1,1.0,6.0,03190,M,4656296.0,332627.0,03
201700002872,17,3,6,1750,1,1,2,1.0,5.0,57707,M,4914881.0,600671.0,57
201700002873,17,3,25,1037,1,2,1,1.0,2.0,57620,M,4919137.0,600380.0,57
201700002874,17,5,14,1825,1,1,1,1.0,6.0,57415,M,4914185.0,610086.0,57
201700002875,17,7,29,2051,1,1,9,1.0,7.0,57620,M,4919690.0,598995.0,57
201700002876,17,9,3,630,2,2,1,5.0,2.0,57622,M,4918525.0,603862.0,57
201700002877,17,1,10,1630,1,1,3,2.0,3.0,57039,M,4905354.0,611787.0,57
201700002878,17,1,31,735,4,2,1,2.0,6.0,57032,M,4907928.0,606616.0,57
201700002879,17,4,25,1145,1,2,3,8.0,3.0,57578,M,4909803.0,599027.0,57
201700002880,17,5,7,845,1,1,1,2.0,5.0,57184,M,4904940.0,605915.0,57
201700002881,17,6,26,1800,1,2,9,1.0,3.0,57350,M,4907348.0,609800.0,57
201700002882,17,7,27,1345,1,1,1,2.0,3.0,57032,M,4909272.0,603403.0,57
201700002883,17,7,28,1510,1,2,1,1.0,6.0,57032,M,4907495.0,607561.0,57
201700002884,17,9,24,1200,1,2,2,1.0,3.0,57153,M,4903651.0,606146.0,57
201700002885,17,1,23,1800,5,2,1,1.0,6.0,57663,M,4922952.0,618103.0,57
201700002886,17,2,14,1505,1,2,6,7.0,1.0,57663,M,4924231.0,617400.0,57
201700002887,17,2,15,1530,1,2,3,1.0,3.0,57663,M,4923430.0,616815.0,57
201700002888,17,2,16,1250,1,1,3,1.0,3.0,57433,M,4919397.0,616047.0,57
201700002889,17,2,17,1350,1,2,1,1.0,6.0,57433,M,4921549.0,616124.0,57
201700002890,17,3,3,2329,3,1,6,1.0,7.0,57645,M,4919919.0,614582.0,57
201700002891,17,4,4,1200,1,2,1,1.0,1.0,57433,M,4921572.0,615968.0,57
201700002892,17,4,7,1330,1,2,1,1.0,2.0,57303,M,4921750.0,617598.0,57
201700002893,17,7,2,1105,1,2,1,1.0,6.0,57663,M,4922716.0,616697.0,57
201700002894,17,7,3,1130,1,2,1,1.0,6.0,57433,M,4920567.0,616107.0,57
201700002895,17,7,20,1845,1,2,1,1.0,3.0,57433,M,4920769.0,616135.0,57
201700002896,17,8,2,1600,1,1,6,1.0,3.0,57645,M,4919617.0,613842.0,57
201700002897,17,8,21,1435,1,2,2,1.0,3.0,57663,M,4923799.0,617946.0,57
201700002898,17,8,28,1330,1,2,1,1.0,3.0,57433,M,4920619.0,616038.0,57
201700002899,17,10,4,1650,1,2,1,1.0,3.0,57433,M,4920904.0,614267.0,57
201700002900,17,5,5,1600,1,2,1,1.0,6.0,57460,M,4925222.0,666644.0,57
201700002901,17,5,24,247,3,1,1,1.0,1.0,57123,M,,,57
201700002902,17,7,22,1012,1,2,1,1.0,6.0,57460,M,4925322.0,666064.0,57
201700002903,17,9,2,1900,1,2,3,1.0,3.0,57205,M,4922013.0,663275.0,57
201700002904,17,1,20,712,4,2,1,1.0,6.0,57209,M,4904839.0,659526.0,57
201700002905,17,3,15,2210,3,1,1,1.0,7.0,57190,M,4906013.0,654939.0,57
201700002906,17,5,7,430,3,1,1,2.0,6.0,57047,M,4908592.0,660092.0,57
201700002907,17,5,24,1345,1,1,1,7.0,6.0,57413,M,4911218.0,667455.0,57
201700002908,17,5,25,1930,1,2,1,1.0,7.0,57159,M,4907452.0,658391.0,57
201700002909,17,6,19,1200,1,1,1,1.0,7.0,57209,M,,,57
201700002910,17,9,21,1730,1,2,1,1.0,6.0,57159,M,4906969.0,658747.0,57
201700002911,17,11,1,1730,2,2,2,1.0,3.0,57230,M,4909329.0,650693.0,57
201700002912,17,12,14,1715,5,2,1,2.0,6.0,57209,M,4904698.0,659725.0,57
201700002913,17,12,17,1550,1,1,1,2.0,6.0,57413,M,4911915.0,661298.0,57
201700002914,17,5,20,1130,1,2,1,1.0,6.0,57058,M,4916792.0,693258.0,57
201700002915,17,7,1,1110,1,1,3,2.0,3.0,57058,M,,,57
201700002916,17,7,13,1725,1,1,1,1.0,7.0,57202,M,4918842.0,695523.0,57
201700002917,17,7,14,2025,1,2,4,1.0,6.0,57058,M,4917388.0,693667.0,57
201700002918,17,8,26,1330,1,1,1,1.0,1.0,57659,M,4919113.0,695044.0,57
201700002919,17,9,1,924,1,2,1,1.0,6.0,57058,M,4917125.0,693404.0,57
201700002920,17,9,15,1230,1,2,1,1.0,3.0,57484,M,4917225.0,687998.0,57
201700002921,17,10,7,1305,1,1,1,1.0,1.0,57360,M,4915682.0,697173.0,57
201700002922,17,10,7,1500,1,2,3,1.0,1.0,57013,M,4918208.0,699102.0,57
201700002923,17,1,21,1915,3,1,1,1.0,1.0,57316,M,4909910.0,685600.0,57
201700002924,17,4,30,1645,1,1,1,1.0,5.0,57052,M,4906246.0,681165.0,57
201700002925,17,5,3,1705,1,2,3,1.0,1.0,57208,M,4909282.0,689839.0,57
201700002926,17,6,1,1545,1,2,1,1.0,1.0,57176,M,4911006.0,693928.0,57
201700002927,17,6,11,250,3,1,1,1.0,7.0,57466,M,4908793.0,695537.0,57
201700002928,17,6,25,900,1,1,1,1.0,6.0,57052,M,4906166.0,680844.0,57
201700002929,17,6,25,1120,1,2,6,1.0,3.0,57669,M,4911783.0,688513.0,57
201700002930,17,9,16,1510,1,2,3,2.0,3.0,57316,M,4909744.0,685144.0,57
201700002931,17,9,17,1950,3,1,1,1.0,7.0,57466,M,4908961.0,695721.0,57
201700002932,17,11,15,1615,1,1,1,1.0,7.0,57669,M,4912949.0,689329.0,57
201700002933,17,2,21,1904,5,1,1,2.0,1.0,57206,M,4931066.0,611877.0,57
201700002934,17,3,2,1815,2,1,1,1.0,6.0,57724,M,4927500.0,611684.0,57
201700002935,17,3,28,2130,3,1,1,1.0,7.0,57724,M,4927503.0,611697.0,57
201700002936,17,5,25,1920,1,2,4,1.0,1.0,57724,M,4927064.0,611335.0,57
201700002937,17,1,8,150,5,2,1,2.0,6.0,57683,M,4930466.0,616098.0,57
201700002938,17,1,10,2205,3,1,1,2.0,6.0,57683,M,4930348.0,616147.0,57
201700002939,17,1,25,1500,1,2,6,1.0,6.0,57474,M,4925867.0,615969.0,57
201700002940,17,1,6,1545,1,2,3,7.0,6.0,57683,M,4930159.0,615097.0,57
201700002941,17,3,3,2330,5,2,1,1.0,6.0,57582,M,4927650.0,616099.0,57
201700002942,17,3,29,1740,1,2,4,1.0,6.0,57474,M,4926283.0,615219.0,57
201700002943,17,6,26,1305,1,2,1,1.0,3.0,57474,M,4926248.0,615583.0,57
201700002944,17,8,1,1345,1,1,3,8.0,1.0,57582,M,4928819.0,617033.0,57
201700002945,17,9,30,315,5,2,1,1.0,6.0,57474,M,4925720.0,616991.0,57
201700002946,17,11,28,725,5,2,7,2.0,6.0,57474,M,4926108.0,617506.0,57
201700002947,17,12,12,1735,5,2,6,1.0,6.0,57683,M,4929994.0,614709.0,57
201700002948,17,3,25,1645,1,2,1,1.0,3.0,54090,M,4874936.0,616344.0,54
201700002949,17,5,30,739,1,1,1,1.0,4.0,54305,M,4874138.0,618888.0,54
201700002950,17,6,11,1730,1,2,6,1.0,6.0,54150,M,4879019.0,614295.0,54
201700002951,17,11,20,745,1,2,1,1.0,6.0,54090,M,4875720.0,616570.0,54
201700002952,17,11,24,1910,5,1,1,2.0,6.0,54430,M,4877073.0,610789.0,54
201700002953,17,12,19,1820,5,2,9,1.0,6.0,54090,M,4874964.0,616334.0,54
201700002954,17,12,27,2020,5,2,9,2.0,1.0,54215,M,4875442.0,614200.0,54
201700002955,17,12,30,2000,3,1,1,2.0,6.0,54090,M,4874647.0,617100.0,54
201700002956,17,1,23,2130,3,1,1,1.0,5.0,54364,M,4859885.0,613181.0,54
201700002957,17,1,25,1226,1,1,1,8.0,1.0,54336,M,4857839.0,606801.0,54
201700002958,17,5,2,1835,1,1,1,1.0,7.0,54196,M,4858291.0,619768.0,54
201700002959,17,6,24,1000,1,1,1,1.0,3.0,54527,M,4855481.0,622774.0,54
201700002960,17,7,5,1500,1,2,1,1.0,6.0,54437,M,4854436.0,613640.0,54
201700002961,17,7,27,600,2,1,1,1.0,3.0,54596,M,4857021.0,610290.0,54
201700002962,17,7,29,1630,1,1,1,1.0,3.0,54352,M,4866305.0,602222.0,54
201700002963,17,9,16,1800,1,2,1,2.0,7.0,54596,M,4856717.0,609341.0,54
201700002964,17,9,22,1935,2,2,3,1.0,3.0,54397,M,4862623.0,610826.0,54
201700002965,17,11,22,1022,1,2,2,7.0,3.0,54397,M,4860808.0,609996.0,54
201700002966,17,12,18,1315,1,2,3,1.0,3.0,54366,M,4861031.0,614300.0,54
201700002967,17,12,19,1520,1,2,3,1.0,3.0,03310,M,4613659.0,342744.0,03
201700002968,17,12,18,830,1,2,6,1.0,6.0,03310,M,4611937.0,343568.0,03
201700002969,17,2,10,1210,1,2,1,1.0,1.0,03310,M,4612907.0,341810.0,03
201700002970,17,12,22,1515,1,2,3,2.0,6.0,03310,M,4612402.0,342392.0,03
201700002971,17,2,10,1310,1,2,1,1.0,6.0,03310,M,4612022.0,341847.0,03
201700002972,17,2,10,1830,5,2,1,1.0,6.0,03310,M,4612640.0,343017.0,03
201700002973,17,3,2,1935,5,2,6,1.0,6.0,03310,M,4612857.0,341653.0,03
201700002974,17,3,14,1920,5,2,1,1.0,6.0,03310,M,4614296.0,341458.0,03
201700002975,17,3,16,1700,1,2,1,1.0,3.0,03095,M,4613063.0,343588.0,03
201700002976,17,3,25,2000,5,2,1,1.0,6.0,03310,M,4612194.0,343097.0,03
201700002977,17,4,11,1620,1,2,5,1.0,3.0,03310,M,4612312.0,342231.0,03
201700002978,17,4,4,5,3,2,1,1.0,6.0,03001,M,4610125.0,344297.0,03
201700002979,17,3,30,1800,1,2,2,1.0,3.0,03095,M,4614022.0,343751.0,03
201700002980,17,4,21,2120,5,2,2,1.0,3.0,03310,M,4613277.0,341923.0,03
201700002981,17,4,23,1855,2,2,1,1.0,6.0,03094,M,4616769.0,342476.0,03
201700002982,17,5,8,1535,1,1,3,1.0,1.0,03001,M,4609557.0,343451.0,03
201700002983,17,5,9,1640,1,2,1,1.0,6.0,03310,M,4612624.0,342513.0,03
201700002984,17,5,29,1520,1,2,3,1.0,3.0,03310,M,4611988.0,342978.0,03
201700002985,17,6,2,1826,1,2,1,1.0,3.0,03095,M,4613767.0,343378.0,03
201700002986,17,6,29,1325,1,2,1,2.0,3.0,03310,M,4613222.0,343040.0,03
201700002987,17,7,6,1345,1,2,2,1.0,3.0,03310,M,4612992.0,341181.0,03
201700002988,17,7,6,1613,1,2,1,1.0,3.0,03095,M,4613699.0,343152.0,03
201700002989,17,7,9,1320,1,2,2,2.0,5.0,03310,M,4612857.0,342664.0,03
201700002990,17,7,17,1845,1,2,2,1.0,3.0,03310,M,4613679.0,342296.0,03
201700002991,17,7,16,1720,1,2,1,1.0,3.0,03023,M,4610659.0,340669.0,03
201700002992,17,8,4,2125,1,2,1,1.0,2.0,03310,M,4612183.0,341452.0,03
201700002993,17,8,14,937,1,2,3,1.0,3.0,03310,M,4612183.0,341452.0,03
201700002994,17,8,23,2210,5,2,3,1.0,1.0,03095,M,4612787.0,300000.0,03
201700002995,17,8,30,1932,1,2,3,1.0,3.0,03001,M,4610543.0,344403.0,03
201700002996,17,9,12,1020,1,2,7,1.0,6.0,03310,M,4612826.0,342502.0,03
201700002997,17,9,28,1710,1,1,1,1.0,6.0,03001,M,4609680.0,343266.0,03
201700002998,17,10,9,1710,1,2,3,1.0,6.0,03023,M,4612701.0,339569.0,03
201700002999,17,11,10,1000,1,2,7,1.0,6.0,03310,M,4612287.0,342226.0,03
201700003000,17,11,17,1739,5,2,2,1.0,6.0,03095,M,4613212.0,343541.0,03
201700003001,17,11,22,1900,3,2,3,1.0,3.0,03310,M,4613520.0,341677.0,03
201700003002,17,12,2,1655,1,2,2,1.0,3.0,03095,M,4613184.0,343568.0,03
201700003003,17,1,1,1215,1,1,1,9.0,1.0,54337,M,,,54
201700003004,17,3,28,800,1,1,1,7.0,7.0,54588,M,4858650.0,643930.0,54
201700003005,17,11,9,1045,1,1,1,8.0,2.0,54020,M,4860390.0,643786.0,54
201700003006,17,11,29,1252,1,1,1,4.0,2.0,54588,M,4859046.0,642453.0,54
201700003007,17,4,21,815,1,1,1,1.0,7.0,54365,M,4847997.0,677331.0,54
201700003008,17,12,29,1915,3,1,1,4.0,1.0,54217,M,4847641.0,673148.0,54
201700003009,17,12,31,1300,1,1,3,1.0,2.0,54466,M,4878784.0,585892.0,54
201700003010,17,2,5,1520,1,1,1,8.0,6.0,54057,M,4885744.0,580183.0,54
201700003011,17,2,26,1540,1,1,3,9.0,3.0,54557,M,4869355.0,607353.0,54
201700003012,17,3,10,1035,1,2,1,1.0,1.0,54557,M,4869208.0,604427.0,54
201700003013,17,4,30,1000,1,1,1,7.0,1.0,54532,M,4880133.0,595633.0,54
201700003014,17,6,12,1900,1,1,1,1.0,7.0,54340,M,4888135.0,596216.0,54
201700003015,17,8,25,810,1,1,1,1.0,6.0,54340,M,4889254.0,597373.0,54
201700003016,17,8,28,2045,3,1,1,1.0,7.0,54348,M,4882158.0,592250.0,54
201700003017,17,10,25,1330,1,1,2,1.0,1.0,54272,M,4876086.0,596360.0,54
201700003018,17,4,7,945,1,2,1,1.0,6.0,55122,M,4875917.0,558776.0,55
201700003019,17,4,8,2350,5,2,1,1.0,6.0,55553,M,4877019.0,560503.0,55
201700003020,17,5,25,130,5,2,1,1.0,6.0,55252,M,4947613.0,538700.0,55
201700003021,17,7,26,1500,1,1,2,1.0,3.0,55156,M,4938809.0,545356.0,55
201700003022,17,11,10,1630,2,1,2,3.0,3.0,55252,M,4946562.0,538145.0,55
201700003023,17,2,10,850,1,1,1,4.0,6.0,88388,M,4813721.0,639065.0,88
201700003024,17,4,11,1705,1,1,3,1.0,3.0,88253,M,4819085.0,648543.0,88
201700003025,17,6,17,1825,1,1,2,1.0,3.0,88388,M,4813936.0,636874.0,88
201700003026,17,8,13,1850,1,1,1,1.0,6.0,88160,M,4817511.0,648309.0,88
201700003027,17,10,7,1520,1,1,9,1.0,2.0,88160,M,4819311.0,647613.0,88
201700003028,17,10,27,1135,1,1,1,3.0,6.0,88160,M,4816165.0,648699.0,88
201700003029,17,1,13,1130,1,2,1,4.0,5.0,88064,M,4825361.0,678830.0,88
201700003030,17,2,12,145,3,1,1,2.0,7.0,88464,M,4810445.0,669407.0,88
201700003031,17,2,23,2245,3,2,1,1.0,6.0,88222,M,4824388.0,662305.0,88
201700003032,17,6,11,1155,1,1,1,1.0,1.0,88266,M,4817318.0,667619.0,88
201700003033,17,6,24,245,4,2,1,1.0,6.0,88266,M,4817451.0,667327.0,88
201700003034,17,7,17,1650,1,2,1,1.0,2.0,88086,M,4819555.0,672888.0,88
201700003035,17,8,17,535,2,2,1,2.0,6.0,88175,M,4822343.0,658798.0,88
201700003036,17,9,23,1725,1,2,1,1.0,3.0,88078,M,4820993.0,672065.0,88
201700003037,17,10,14,1535,1,1,9,1.0,7.0,88175,M,4823204.0,659452.0,88
201700003038,17,4,1,1115,1,1,1,1.0,7.0,88090,M,4835555.0,629693.0,88
201700003039,17,6,11,1910,1,1,3,1.0,4.0,88173,M,4836220.0,625908.0,88
201700003040,17,7,29,1558,1,1,1,1.0,7.0,88286,M,4840090.0,616042.0,88
201700003041,17,9,8,745,1,1,9,1.0,6.0,88090,M,4835821.0,630661.0,88
201700003042,17,10,27,905,1,2,2,2.0,3.0,88084,M,4840870.0,628056.0,88
201700003043,17,12,16,1710,3,2,1,1.0,7.0,88166,M,4832462.0,629677.0,88
201700003044,17,12,19,1649,2,2,2,2.0,6.0,88090,M,4837165.0,629303.0,88
201700003045,17,2,19,2125,3,1,1,1.0,6.0,88168,M,4837515.0,655252.0,88
201700003046,17,4,8,100,3,1,1,1.0,6.0,88077,M,4834726.0,666421.0,88
201700003047,17,5,28,1140,1,1,1,7.0,6.0,88410,M,4838891.0,676058.0,88
201700003048,17,5,26,935,1,2,1,1.0,3.0,88367,M,,,88