Num_Acc,an,mois,jour,hrmn,lum,agg,int,atm,col,com,gps,lat,long,dep
201700003049,17,5,29,718,1,1,1,1.0,1.0,88410,M,4838276.0,679330.0,88
201700003050,17,6,10,1815,1,1,1,1.0,6.0,88410,M,4838583.0,680611.0,88
201700003051,17,6,18,2100,1,1,6,7.0,3.0,88417,M,4831228.0,663855.0,88
201700003052,17,8,17,1544,1,1,1,1.0,3.0,88318,M,4833960.0,653617.0,88
201700003053,17,8,17,1640,1,1,1,1.0,2.0,88412,M,4835338.0,671890.0,88
201700003054,17,8,31,800,2,1,1,2.0,6.0,88340,M,4828050.0,657498.0,88
201700003055,17,11,13,1845,3,1,1,1.0,7.0,88130,M,4829734.0,662796.0,88
201700003056,17,1,11,1600,1,1,2,2.0,3.0,88095,M,4830147.0,581592.0,88
201700003057,17,2,10,1330,1,1,1,8.0,1.0,88460,M,4839585.0,572606.0,88
201700003058,17,3,2,1100,1,1,1,1.0,1.0,88321,M,4835274.0,571682.0,88
201700003059,17,3,19,1150,1,1,1,8.0,7.0,88523,M,4833546.0,575325.0,88
201700003060,17,3,27,910,1,1,1,7.0,6.0,88387,M,4835058.0,585223.0,88
201700003061,17,4,10,1815,1,1,1,1.0,2.0,88401,M,4830442.0,577684.0,88
201700003062,17,5,21,630,1,1,1,1.0,7.0,88183,M,4838373.0,567614.0,88
201700003063,17,5,24,1950,1,1,3,1.0,7.0,88036,M,4838402.0,577292.0,88
201700003064,17,7,6,1000,1,2,2,1.0,3.0,88321,M,4836320.0,569674.0,88
201700003065,17,8,6,1010,1,1,1,1.0,3.0,88376,M,4832627.0,570630.0,88
201700003066,17,10,6,1750,1,2,1,7.0,6.0,88321,M,4837003.0,570705.0,88
201700003067,17,12,5,1800,3,1,1,5.0,7.0,88241,M,4830588.0,588995.0,88
201700003068,17,3,26,1730,1,1,1,1.0,1.0,88196,M,4802999.0,687098.0,88
201700003069,17,4,17,1205,1,1,1,2.0,3.0,88196,M,4807259.0,684378.0,88
201700003070,17,4,18,1705,1,2,1,1.0,6.0,88196,M,4808010.0,689084.0,88
201700003071,17,4,23,1715,1,1,1,1.0,6.0,88531,M,4805420.0,700431.0,88
201700003072,17,5,29,1640,1,1,3,1.0,7.0,88470,M,4808368.0,675698.0,88
201700003073,17,6,18,1350,1,1,6,7.0,3.0,88196,M,4807347.0,682235.0,88
201700003074,17,7,14,1250,1,1,9,1.0,4.0,88531,M,4808333.0,693944.0,88
201700003075,17,10,15,1430,1,1,1,1.0,1.0,88196,M,4806478.0,686117.0,88
201700003076,17,10,15,1700,1,1,1,1.0,3.0,88531,M,4805202.0,701455.0,88
201700003077,17,1,31,2015,3,1,1,2.0,6.0,67028,M,4835322.0,760450.0,67
201700003078,17,3,17,845,1,1,1,1.0,2.0,67464,M,4835017.0,755458.0,67
201700003079,17,4,15,1305,1,2,1,8.0,3.0,67216,M,4836459.0,758578.0,67
201700003080,17,5,15,1300,1,1,1,1.0,1.0,67433,M,4837556.0,761764.0,67
201700003081,17,5,31,1550,1,1,1,7.0,1.0,67146,M,4830334.0,766730.0,67
201700003082,17,7,8,1715,1,1,1,7.0,6.0,67216,M,4836250.0,757451.0,67
201700003083,17,9,12,45,3,1,1,1.0,6.0,67233,M,4838280.0,756066.0,67
201700003084,17,9,18,1535,1,2,1,1.0,3.0,67028,M,4837420.0,759754.0,67
201700003085,17,12,7,1740,3,1,1,8.0,5.0,67397,M,4832862.0,772684.0,67
201700003086,17,3,12,1450,1,2,1,1.0,3.0,67131,M,4848862.0,771022.0,67
201700003087,17,5,6,1115,1,2,1,1.0,3.0,67131,M,4847982.0,772947.0,67
201700003088,17,6,19,1240,1,1,1,1.0,4.0,67137,M,4849770.0,768944.0,67
201700003089,17,6,30,1400,1,2,1,1.0,3.0,67378,M,4846440.0,772086.0,67
201700003090,17,7,3,2220,5,2,2,1.0,3.0,67131,M,4848583.0,772941.0,67
201700003091,17,7,11,1700,1,2,1,1.0,7.0,67131,M,4848858.0,771309.0,67
201700003092,17,9,1,1602,1,2,1,1.0,3.0,67131,M,4848154.0,772499.0,67
201700003093,17,1,14,1035,1,1,1,4.0,5.0,67336,M,4844828.0,766082.0,67
201700003094,17,1,27,745,1,2,6,1.0,6.0,67130,M,4842219.0,764251.0,67
201700003095,17,4,15,1910,1,1,1,1.0,6.0,67130,M,4842846.0,764326.0,67
201700003096,17,7,2,1730,1,2,6,2.0,6.0,67130,M,4842151.0,765837.0,67
201700003097,17,7,13,2120,2,2,1,1.0,3.0,67130,M,4842135.0,766303.0,67
201700003098,17,7,29,1640,1,1,1,1.0,6.0,67526,M,4840649.0,757219.0,67
201700003099,17,8,29,936,1,2,1,7.0,3.0,67130,M,4842147.0,765363.0,67
201700003100,17,10,20,700,2,1,1,1.0,7.0,67197,M,4846759.0,762241.0,67
201700003101,17,11,5,726,2,1,1,3.0,7.0,67200,M,4846445.0,766321.0,67
201700003102,17,11,13,1754,3,1,1,2.0,7.0,67154,M,4839278.0,769836.0,67
201700003103,17,3,15,1245,1,2,9,1.0,6.0,67348,M,4847256.0,750047.0,67
201700003104,17,5,3,1210,1,2,1,1.0,6.0,67348,M,4846361.0,748101.0,67
201700003105,17,7,9,1145,1,2,1,1.0,1.0,67348,M,4846891.0,748742.0,67
201700003106,17,1,16,1140,1,2,1,1.0,6.0,67523,M,4875353.0,778034.0,67
201700003107,17,3,22,1700,1,2,1,1.0,6.0,67458,M,4881530.0,773959.0,67
201700003108,17,8,11,515,5,2,1,5.0,1.0,67301,M,4875669.0,764752.0,67
201700003109,17,10,12,805,1,2,1,8.0,6.0,67304,M,4881950.0,762715.0,67
201700003110,17,10,21,1005,1,2,9,8.0,3.0,67458,M,4882283.0,774122.0,67
201700003111,17,11,14,855,1,1,1,1.0,5.0,67087,M,4883338.0,766497.0,67
201700003112,17,11,20,947,1,2,1,1.0,3.0,67458,M,4882157.0,773452.0,67
201700003113,17,12,22,800,1,2,1,8.0,6.0,67087,M,4882847.0,765895.0,67
201700003114,17,6,2,1100,1,1,1,1.0,1.0,67345,M,4878022.0,788672.0,67
201700003115,17,6,30,1725,1,1,3,1.0,6.0,67252,M,4874274.0,781588.0,67
201700003116,17,1,27,1110,1,2,1,1.0,6.0,67300,M,4853734.0,749920.0,67
201700003117,17,2,4,1430,1,2,1,2.0,6.0,67101,M,4852218.0,750135.0,67
201700003118,17,3,26,1400,1,2,6,1.0,3.0,67101,M,4852678.0,750627.0,67
201700003119,17,11,28,1150,1,1,1,1.0,7.0,67098,M,4854371.0,741112.0,67
201700003120,17,4,21,1530,1,2,1,1.0,1.0,67300,M,4853240.0,750525.0,67
201700003121,17,4,30,800,1,1,1,7.0,6.0,67300,M,4854367.0,753277.0,67
201700003122,17,5,12,1200,1,2,1,1.0,3.0,67300,M,4854163.0,748953.0,67
201700003123,17,5,27,2300,3,2,1,1.0,1.0,67300,M,4854461.0,750001.0,67
201700003124,17,7,14,1405,1,2,1,1.0,1.0,67313,M,4853858.0,745624.0,67
201700003125,17,7,13,2230,3,1,1,1.0,6.0,67080,M,4855126.0,751971.0,67
201700003126,17,7,17,1615,1,2,1,1.0,3.0,67300,M,4853217.0,750286.0,67
201700003127,17,7,23,1425,1,1,1,1.0,1.0,67473,M,4856460.0,747807.0,67
201700003128,17,8,3,1430,1,2,1,1.0,3.0,67313,M,4853816.0,745768.0,67
201700003129,17,8,24,1845,1,1,1,1.0,1.0,67492,M,4858990.0,744867.0,67
201700003130,17,8,31,2155,5,2,1,1.0,2.0,67313,M,4853855.0,745660.0,67
201700003131,17,9,30,1610,1,2,1,8.0,2.0,67313,M,4853754.0,743552.0,67
201700003132,17,10,6,1750,1,2,8,1.0,3.0,67080,M,4854301.0,753331.0,67
201700003133,17,10,13,1340,1,1,1,1.0,1.0,67008,M,4853697.0,753086.0,67
201700003134,17,10,19,1255,1,2,6,1.0,6.0,67300,M,4854159.0,749907.0,67
201700003135,17,11,12,45,5,2,1,3.0,6.0,67101,M,4852516.0,749846.0,67
201700003136,17,12,19,1925,5,2,1,1.0,6.0,67313,M,4853924.0,745057.0,67
201700003137,17,3,13,1625,1,2,1,1.0,6.0,67167,M,4849097.0,731822.0,67
201700003138,17,5,25,1005,1,1,1,1.0,3.0,67368,M,4843893.0,736323.0,67
201700003139,17,6,17,1630,1,1,1,1.0,1.0,67428,M,4844034.0,741694.0,67
201700003140,17,9,22,1500,1,2,1,1.0,2.0,67411,M,4849584.0,747846.0,67
201700003141,17,11,18,1015,1,1,1,1.0,7.0,67167,M,4849027.0,731132.0,67
201700003142,17,2,23,645,2,1,1,1.0,6.0,67525,M,4860341.0,747031.0,67
201700003143,17,5,27,1730,1,2,1,1.0,7.0,67139,M,4857270.0,743462.0,67
201700003144,17,6,13,930,1,1,3,1.0,3.0,67030,M,4857924.0,745134.0,67
201700003145,17,7,15,1800,1,1,1,1.0,7.0,67520,M,4862651.0,744885.0,67
201700003146,17,9,27,1610,1,1,1,1.0,5.0,67282,M,4861614.0,752234.0,67
201700003147,17,10,25,1615,1,1,1,1.0,2.0,67282,M,4861814.0,750247.0,67
201700003148,17,10,31,830,1,1,1,7.0,7.0,67520,M,4863942.0,742349.0,67
201700003149,17,11,1,1805,3,1,1,1.0,6.0,67018,M,4857451.0,741870.0,67
201700003150,17,11,23,1730,2,2,1,1.0,6.0,67520,M,4864313.0,744780.0,67
201700003151,17,12,30,1850,5,2,1,2.0,6.0,67520,M,4863803.0,743732.0,67
201700003152,17,1,1,1715,1,1,1,1.0,6.0,67468,M,,,67
201700003153,17,2,7,1420,1,2,1,1.0,6.0,67067,M,4872920.0,771088.0,67
201700003154,17,2,21,1740,2,2,1,2.0,2.0,67067,M,4873405.0,771055.0,67
201700003155,17,3,11,1445,1,2,1,1.0,1.0,67067,M,4871508.0,770679.0,67
201700003156,17,4,5,1330,1,2,1,1.0,2.0,67067,M,4873053.0,770965.0,67
201700003157,17,4,22,100,5,2,1,1.0,6.0,67067,M,4873251.0,771266.0,67
201700003158,17,8,24,1450,1,1,1,1.0,3.0,67067,M,4872465.0,771430.0,67
201700003159,17,2,28,630,2,1,1,1.0,1.0,67237,M,4868268.0,784573.0,67
201700003160,17,4,28,800,1,2,6,1.0,3.0,67205,M,4867214.0,778138.0,67
201700003161,17,8,21,1715,1,2,1,1.0,3.0,67205,M,4869776.0,778633.0,67
201700003162,17,10,26,2145,3,1,1,5.0,1.0,67529,M,4871685.0,783029.0,67
201700003163,17,2,27,900,1,2,1,1.0,3.0,67118,M,4858658.0,768309.0,67
201700003164,17,4,16,1625,1,2,1,1.0,7.0,67226,M,4860375.0,758758.0,67
201700003165,17,6,7,1800,1,1,1,1.0,1.0,67350,M,4860823.0,763524.0,67
201700003166,17,6,13,1335,1,2,1,1.0,3.0,67118,M,4858309.0,768877.0,67
201700003167,17,6,12,735,1,1,1,1.0,5.0,67551,M,4859109.0,767035.0,67
201700003168,17,6,26,1420,1,1,1,1.0,3.0,67118,M,4858658.0,768309.0,67
201700003169,17,6,30,1900,1,1,1,1.0,1.0,67226,M,4860368.0,758778.0,67
201700003170,17,9,1,1400,1,2,1,1.0,6.0,67350,M,4858572.0,764686.0,67
201700003171,17,9,10,1900,1,2,1,1.0,6.0,67118,M,4858106.0,768577.0,67
201700003172,17,10,10,710,5,2,1,1.0,3.0,67551,M,4859290.0,766899.0,67
201700003173,17,12,6,1815,5,2,1,8.0,3.0,67551,M,4859221.0,767143.0,67
201700003174,17,2,27,1545,1,1,1,1.0,3.0,67125,M,4835693.0,746390.0,67
201700003175,17,3,8,1900,3,1,1,2.0,3.0,67481,M,4837482.0,750171.0,67
201700003176,17,3,18,935,1,1,1,2.0,6.0,67155,M,4841119.0,747209.0,67
201700003177,17,3,28,1820,1,1,1,1.0,6.0,67010,M,4839251.0,736720.0,67
201700003178,17,5,11,1410,1,1,1,1.0,3.0,67084,M,4832125.0,745908.0,67
201700003179,17,5,13,1330,1,1,1,1.0,6.0,67295,M,4839119.0,744670.0,67
201700003180,17,5,27,1125,1,2,1,1.0,1.0,67010,M,4838597.0,741976.0,67
201700003181,17,9,29,805,1,1,1,1.0,3.0,67125,M,4835571.0,746779.0,67
201700003182,17,11,6,1625,3,1,1,1.0,6.0,67010,M,4838908.0,742491.0,67
201700003183,17,11,16,1345,1,1,1,1.0,6.0,67210,M,4842743.0,731469.0,67
201700003184,17,1,13,1800,5,2,1,1.0,6.0,67351,M,4897203.0,799222.0,67
201700003185,17,5,10,1615,1,1,1,1.0,7.0,67451,M,4898552.0,803205.0,67
201700003186,17,5,21,1520,1,1,1,1.0,7.0,67544,M,4901860.0,796202.0,67
201700003187,17,5,4,1600,1,1,1,1.0,7.0,67544,M,4902602.0,797092.0,67
201700003188,17,5,27,1845,1,1,1,1.0,7.0,67544,M,4902602.0,797092.0,67
201700003189,17,5,26,1015,1,1,1,1.0,7.0,67544,M,4901860.0,796202.0,67
201700003190,17,6,11,1215,1,1,1,1.0,1.0,67544,M,4902602.0,797092.0,67
201700003191,17,6,12,1025,1,1,1,1.0,7.0,67544,M,4899426.0,797860.0,67
201700003192,17,6,16,1655,1,1,1,1.0,1.0,67479,M,4901429.0,793210.0,67
201700003193,17,6,30,1520,1,1,1,1.0,6.0,67544,M,4902683.0,789122.0,67
201700003194,17,7,15,1245,1,2,9,1.0,6.0,67544,M,4901860.0,796202.0,67
201700003195,17,8,5,1540,1,2,1,1.0,7.0,67074,M,4900120.0,789281.0,67
201700003196,17,8,17,430,3,1,1,1.0,6.0,67544,M,4903120.0,795382.0,67
201700003197,17,8,17,1410,1,1,1,1.0,7.0,67544,M,4902237.0,794368.0,67
201700003198,17,2,22,1750,3,1,1,2.0,2.0,67455,M,4895074.0,791701.0,67
201700003199,17,4,2,1705,1,2,1,1.0,7.0,67339,M,4889927.0,789316.0,67
201700003200,17,5,11,1700,1,2,9,2.0,6.0,67474,M,4893694.0,788418.0,67
201700003201,17,8,18,1350,1,1,1,1.0,5.0,67474,M,4892919.0,788956.0,67
201700003202,17,8,17,1717,1,2,1,1.0,2.0,67474,M,4894006.0,788482.0,67
201700003203,17,8,27,1100,1,2,1,1.0,6.0,67404,M,4890246.0,795822.0,67
201700003204,17,9,26,900,1,2,1,1.0,3.0,67339,M,4889097.0,791809.0,67
201700003205,17,9,29,1940,5,2,9,1.0,6.0,67184,M,4890172.0,797777.0,67
201700003206,17,10,27,2050,3,1,1,1.0,6.0,67487,M,4891024.0,783585.0,67
201700003207,17,2,25,1430,1,1,1,1.0,6.0,67303,M,4889011.0,772634.0,67
201700003208,17,6,23,810,1,1,1,1.0,7.0,67141,M,4890454.0,770558.0,67
201700003209,17,6,26,1705,1,2,1,1.0,6.0,67379,M,4894092.0,780888.0,67
201700003210,17,6,29,1425,1,2,1,1.0,6.0,67550,M,4893939.0,774236.0,67
201700003211,17,7,4,2020,1,2,1,1.0,1.0,67550,M,4893888.0,774330.0,67
201700003212,17,7,12,1925,1,2,1,1.0,6.0,67271,M,4896512.0,784137.0,67
201700003213,17,8,6,1200,1,2,1,1.0,6.0,67259,M,4897080.0,773145.0,67
201700003214,17,8,19,1800,1,1,1,1.0,6.0,67303,M,4891043.0,774958.0,67
201700003215,17,1,4,1635,1,2,3,4.0,2.0,68226,M,4803945.0,714413.0,68
201700003216,17,1,4,1715,2,1,3,4.0,3.0,68223,M,4802200.0,707666.0,68
201700003217,17,1,13,2140,5,2,3,4.0,6.0,68226,M,4804183.0,714336.0,68
201700003218,17,2,16,650,2,2,4,1.0,6.0,68226,M,4803699.0,714017.0,68
201700003219,17,2,26,1600,2,2,3,7.0,1.0,68051,M,4802702.0,710011.0,68
201700003220,17,4,9,2150,5,2,1,1.0,6.0,68083,M,4802815.0,714591.0,68
201700003221,17,5,27,1335,1,2,2,1.0,2.0,68226,M,4804099.0,713888.0,68
201700003222,17,6,2,1010,1,1,1,1.0,1.0,68329,M,4806062.0,704233.0,68
201700003223,17,6,6,1240,1,2,3,1.0,1.0,68226,M,4803988.0,715081.0,68
201700003224,17,6,11,1550,1,1,1,1.0,1.0,68316,M,4801322.0,719717.0,68
201700003225,17,7,7,1330,1,2,1,7.0,5.0,68226,M,4804295.0,712860.0,68
201700003226,17,7,11,1700,1,1,1,1.0,5.0,68226,M,4804210.0,716743.0,68
201700003227,17,7,13,5,3,1,1,2.0,6.0,68204,M,4801040.0,705358.0,68
201700003228,17,7,16,1615,1,1,1,1.0,3.0,68317,M,4808202.0,711049.0,68
201700003229,17,7,16,1645,1,1,1,1.0,6.0,68329,M,4805499.0,706062.0,68
201700003230,17,9,3,2000,3,1,1,1.0,2.0,68193,M,4803041.0,710638.0,68
201700003231,17,9,28,945,1,2,6,1.0,3.0,68226,M,4804196.0,713148.0,68
201700003232,17,9,30,2250,5,2,3,2.0,6.0,68051,M,4802704.0,710010.0,68
201700003233,17,12,6,1500,1,2,4,7.0,4.0,68193,M,4803608.0,711915.0,68
201700003234,17,12,6,1400,1,2,1,1.0,6.0,68368,M,4804761.0,721081.0,68
201700003235,17,1,9,945,1,1,1,1.0,7.0,68352,M,4802932.0,755255.0,68
201700003236,17,1,10,1345,1,2,1,4.0,3.0,68036,M,4804170.0,753913.0,68
201700003237,17,1,13,1100,1,1,1,1.0,4.0,68036,M,4803794.0,755877.0,68
201700003238,17,1,18,430,3,1,1,1.0,6.0,68016,M,4793093.0,753023.0,68
201700003239,17,1,23,330,3,1,1,1.0,6.0,68379,M,4802491.0,751598.0,68
201700003240,17,2,17,1500,1,2,2,1.0,3.0,68352,M,4801936.0,755224.0,68
201700003241,17,3,8,1550,1,1,1,6.0,3.0,68231,M,4801317.0,753315.0,68
201700003242,17,4,12,1730,1,1,3,1.0,7.0,68036,M,4805198.0,751965.0,68
201700003243,17,5,10,2330,3,1,1,1.0,6.0,68352,M,4802733.0,754035.0,68
201700003244,17,7,27,1514,1,2,2,1.0,3.0,68231,M,4801626.0,753097.0,68
201700003245,17,8,27,1645,1,2,1,1.0,6.0,68351,M,4801978.0,757693.0,68
201700003246,17,9,16,1700,1,2,3,1.0,3.0,68352,M,4801692.0,753856.0,68
201700003247,17,12,11,1445,1,1,2,8.0,3.0,68231,M,4801795.0,752819.0,68
201700003248,17,12,22,1320,1,1,1,1.0,2.0,68352,M,4802232.0,756608.0,68
201700003249,17,2,5,650,2,1,1,8.0,2.0,68296,M,4821797.0,740377.0,68
201700003250,17,2,18,15,3,1,1,1.0,6.0,68028,M,4821359.0,733788.0,68
201700003251,17,3,27,1930,2,1,1,1.0,7.0,68296,M,4823612.0,736151.0,68
201700003252,17,4,9,930,1,1,1,1.0,5.0,68028,M,4822373.0,731399.0,68
201700003253,17,5,20,1500,1,1,1,1.0,6.0,68296,M,4824417.0,732357.0,68
201700003254,17,6,12,1615,1,1,1,1.0,7.0,68296,M,4823979.0,735957.0,68
201700003255,17,7,26,1430,1,1,1,1.0,6.0,68269,M,4817630.0,743283.0,68
201700003256,17,8,26,1955,1,1,3,1.0,3.0,68269,M,4818911.0,735028.0,68
201700003257,17,9,24,1600,1,1,1,1.0,7.0,68296,M,4826055.0,729659.0,68
201700003258,17,10,6,520,3,1,1,1.0,6.0,68296,M,4822287.0,740662.0,68
201700003259,17,12,2,1630,2,1,2,1.0,3.0,68269,M,4818889.0,736015.0,68
201700003260,17,2,22,1750,1,2,3,1.0,6.0,68298,M,4824495.0,718323.0,68
201700003261,17,3,4,1335,1,1,1,1.0,7.0,68185,M,4826646.0,730127.0,68
201700003262,17,3,13,1145,1,2,1,1.0,6.0,68298,M,4824772.0,718691.0,68
201700003263,17,4,25,1640,1,2,6,2.0,3.0,68298,M,4828869.0,718946.0,68
201700003264,17,5,5,1705,1,2,1,1.0,2.0,68298,M,4824701.0,718555.0,68
201700003265,17,5,21,1130,1,1,1,1.0,6.0,68283,M,4829460.0,725438.0,68
201700003266,17,6,7,1630,1,2,6,1.0,3.0,68298,M,4824873.0,718949.0,68
201700003267,17,6,11,1615,1,1,1,1.0,7.0,68283,M,4829457.0,725552.0,68
201700003268,17,8,6,1645,1,1,1,1.0,6.0,68298,M,4819872.0,712916.0,68
201700003269,17,8,15,1705,1,1,1,1.0,6.0,68283,M,4828565.0,726020.0,68
201700003270,17,10,1,1810,1,1,1,1.0,7.0,68298,M,4819492.0,712420.0,68
201700003271,17,10,5,1535,1,1,1,2.0,1.0,68298,M,4824566.0,721818.0,68
201700003272,17,10,11,1705,1,1,1,1.0,7.0,68298,M,4820117.0,712682.0,68
201700003273,17,10,24,435,3,1,1,8.0,6.0,68185,M,4826686.0,729939.0,68
201700003274,17,11,28,1230,1,1,1,2.0,6.0,68283,M,4828686.0,723692.0,68
201700003275,17,1,1,1700,1,1,3,1.0,6.0,68374,M,4807595.0,725724.0,68
201700003276,17,1,1,2000,5,2,1,9.0,5.0,68289,M,4783090.0,731457.0,68
201700003277,17,1,2,630,5,2,1,9.0,6.0,68205,M,4799359.0,734732.0,68
201700003278,17,1,2,800,1,1,1,5.0,6.0,68235,M,,,68
201700003279,17,1,17,1545,1,2,2,1.0,6.0,68318,M,4796023.0,724060.0,68
201700003280,17,3,2,1245,1,2,9,1.0,1.0,68287,M,4796137.0,730944.0,68
201700003281,17,3,23,450,3,1,1,1.0,7.0,68287,M,4794711.0,729536.0,68
201700003282,17,3,25,2000,5,2,1,1.0,6.0,68287,M,4795427.0,729860.0,68
201700003283,17,4,12,1200,1,1,4,1.0,6.0,68287,M,4794498.0,728812.0,68
201700003284,17,5,13,1115,1,1,1,1.0,3.0,68251,M,4800153.0,720476.0,68
201700003285,17,6,27,300,5,2,1,1.0,6.0,68318,M,4797638.0,719406.0,68
201700003286,17,12,25,1705,3,2,3,1.0,6.0,68318,M,4796790.0,723032.0,68
201700003287,17,1,3,755,2,2,1,4.0,6.0,68154,M,4777890.0,735640.0,68
201700003288,17,1,20,1030,1,2,2,1.0,3.0,68154,M,4778480.0,735310.0,68
201700003289,17,1,31,1205,1,2,2,2.0,2.0,68154,M,4776982.0,738797.0,68
201700003290,17,1,31,1940,5,2,2,3.0,6.0,68154,M,4776935.0,736025.0,68
201700003291,17,2,14,1745,2,2,6,1.0,3.0,68154,M,4779464.0,734907.0,68
201700003292,17,2,28,1415,1,2,1,2.0,2.0,68154,M,4776664.0,737810.0,68
201700003293,17,2,28,1920,4,2,1,2.0,6.0,68154,M,4777907.0,734792.0,68
201700003294,17,3,25,740,2,2,6,1.0,3.0,68154,M,4777399.0,736153.0,68
201700003295,17,3,31,825,2,2,1,1.0,3.0,68154,M,4777178.0,735627.0,68
201700003296,17,4,7,1930,1,2,1,1.0,6.0,68154,M,4776360.0,736387.0,68
201700003297,17,4,24,1730,1,2,1,1.0,1.0,68154,M,4776508.0,736600.0,68
201700003298,17,4,26,1815,2,2,1,2.0,6.0,68154,M,4778132.0,734756.0,68
201700003299,17,6,19,1605,1,2,2,1.0,1.0,68154,M,4776819.0,738409.0,68
201700003300,17,7,16,1015,1,2,2,1.0,3.0,68154,M,4776264.0,734899.0,68
201700003301,17,7,19,515,2,2,4,1.0,3.0,68154,M,4776543.0,735997.0,68
201700003302,17,9,6,1310,1,2,1,1.0,3.0,68154,M,4777212.0,738647.0,68
201700003303,17,9,29,1115,1,2,3,1.0,5.0,68154,M,4777272.0,736125.0,68
201700003304,17,10,8,1045,1,2,1,2.0,6.0,68154,M,4777390.0,736142.0,68
201700003305,17,11,25,1515,1,2,2,3.0,3.0,68154,M,4777929.0,734249.0,68
201700003306,17,11,24,1815,5,2,2,2.0,6.0,68154,M,4777950.0,734546.0,68
201700003307,17,1,3,1430,1,2,3,1.0,2.0,68072,M,4769301.0,740317.0,68
201700003308,17,2,20,2000,5,2,1,2.0,3.0,68021,M,4763569.0,747573.0,68
201700003309,17,3,13,625,2,1,1,1.0,7.0,68021,M,4763551.0,749369.0,68
201700003310,17,4,14,40,3,1,1,1.0,6.0,68327,M,4762951.0,742616.0,68
201700003311,17,4,26,1220,1,1,1,2.0,1.0,68301,M,4768284.0,742904.0,68
201700003312,17,5,11,1620,1,1,9,1.0,6.0,68353,M,4762938.0,734518.0,68
201700003313,17,6,19,1605,1,1,1,1.0,6.0,68072,M,4770828.0,742166.0,68
201700003314,17,6,26,2250,3,2,4,1.0,6.0,68198,M,4763217.0,739905.0,68
201700003315,17,7,17,1705,1,2,2,1.0,2.0,68163,M,4765955.0,750509.0,68
201700003316,17,7,17,2020,1,2,2,1.0,3.0,68132,M,4760440.0,741459.0,68
201700003317,17,8,14,1820,2,2,3,1.0,3.0,68163,M,4768567.0,750179.0,68
201700003318,17,8,23,1845,1,1,3,1.0,6.0,68021,M,4762966.0,748896.0,68
201700003319,17,9,3,1100,1,1,1,1.0,7.0,68163,M,4769793.0,750548.0,68
201700003320,17,10,27,1333,1,1,1,8.0,6.0,68160,M,4762109.0,743174.0,68
201700003321,17,11,26,530,3,1,1,1.0,7.0,68197,M,4763906.0,741200.0,68
201700003322,17,12,1,830,1,1,1,8.0,6.0,68174,M,4768227.0,738451.0,68
201700003323,17,2,2,1713,1,2,1,1.0,6.0,68334,M,4780256.0,711576.0,68
201700003324,17,2,9,1358,1,2,3,1.0,4.0,68372,M,4784213.0,707220.0,68
201700003325,17,2,14,1455,1,2,3,7.0,6.0,68334,M,4780711.0,710985.0,68
201700003326,17,2,22,1945,5,2,2,1.0,3.0,68334,M,4781062.0,710290.0,68
201700003327,17,2,28,850,1,2,7,2.0,6.0,68334,M,4781128.0,710508.0,68
201700003328,17,4,1,1440,1,1,4,1.0,1.0,68348,M,4779463.0,711424.0,68
201700003329,17,4,9,1800,1,2,1,1.0,6.0,68334,M,4781226.0,709574.0,68
201700003330,17,4,8,1450,1,1,2,1.0,3.0,68106,M,4787549.0,712739.0,68
201700003331,17,7,8,855,1,2,3,1.0,3.0,68040,M,4782882.0,707997.0,68
201700003332,17,9,10,1634,1,1,1,1.0,3.0,68372,M,4785187.0,708008.0,68
201700003333,17,11,13,1255,1,2,1,8.0,1.0,68372,M,4784174.0,707257.0,68
201700003334,17,12,7,715,5,2,2,1.0,3.0,68334,M,4781245.0,709589.0,68
201700003335,17,12,13,1400,1,2,3,3.0,3.0,68348,M,4780412.0,713546.0,68
201700003336,17,1,5,1630,1,2,1,4.0,1.0,68063,M,4780801.0,713902.0,68
201700003337,17,1,12,1200,1,2,4,8.0,2.0,68063,M,4780290.0,717613.0,68
201700003338,17,1,26,1045,1,2,1,1.0,2.0,68063,M,4780309.0,717826.0,68
201700003339,17,1,27,1545,1,2,1,1.0,2.0,68063,M,4779605.0,716286.0,68
201700003340,17,2,3,1650,1,2,1,1.0,6.0,68063,M,4779968.0,717465.0,68
201700003341,17,2,18,1600,1,1,1,1.0,6.0,68342,M,4782361.0,716347.0,68
201700003342,17,2,27,1640,1,1,4,1.0,2.0,68063,M,4778990.0,717669.0,68
201700003343,17,3,12,1855,2,1,1,1.0,1.0,68342,M,4782266.0,718350.0,68
201700003344,17,3,28,1710,1,1,2,1.0,2.0,68063,M,4778898.0,717782.0,68
201700003345,17,4,14,1835,1,1,1,1.0,7.0,68359,M,4784020.0,715042.0,68
201700003346,17,5,27,1305,1,1,6,1.0,3.0,68063,M,4779195.0,717009.0,68
201700003347,17,5,31,1650,1,2,1,1.0,6.0,68063,M,4781035.0,718157.0,68
201700003348,17,6,10,300,3,1,1,1.0,6.0,68063,M,4777839.0,720379.0,68
201700003349,17,7,7,2000,2,1,1,1.0,6.0,68063,M,4778301.0,719232.0,68
201700003350,17,7,9,1915,1,2,3,3.0,1.0,68063,M,4781043.0,717881.0,68