Num_Acc,an,mois,jour,hrmn,lum,agg,int,atm,col,com,gps,lat,long,dep
201700003351,17,9,30,40,3,1,1,1.0,6.0,68342,M,4782918.0,716306.0,68
201700003352,17,11,14,1530,1,2,2,1.0,6.0,68063,M,4781003.0,717242.0,68
201700003353,17,12,8,630,5,2,8,2.0,3.0,68063,M,4780042.0,717930.0,68
201700003354,17,1,29,530,5,2,1,1.0,6.0,68089,M,4789531.0,698698.0,68
201700003355,17,2,17,730,2,1,1,2.0,3.0,68292,M,4790253.0,706326.0,68
201700003356,17,2,19,1320,1,1,4,1.0,5.0,68171,M,4792064.0,697049.0,68
201700003357,17,2,26,810,1,2,3,1.0,3.0,68151,M,4788406.0,699444.0,68
201700003358,17,3,2,1610,1,2,1,1.0,6.0,68217,M,4785909.0,704312.0,68
201700003359,17,3,10,800,1,2,1,5.0,2.0,68089,M,4789865.0,698108.0,68
201700003360,17,3,13,1200,1,2,3,1.0,3.0,68171,M,4792921.0,696555.0,68
201700003361,17,3,26,1520,1,1,1,1.0,1.0,68292,M,4790253.0,706326.0,68
201700003362,17,5,14,1100,1,1,3,2.0,1.0,68089,M,4790058.0,697335.0,68
201700003363,17,5,14,1130,1,1,1,3.0,1.0,68292,M,4790253.0,706326.0,68
201700003364,17,5,21,1925,1,2,1,1.0,3.0,68292,M,4787552.0,702017.0,68
201700003365,17,6,10,1115,1,2,1,1.0,1.0,68171,M,4792897.0,696705.0,68
201700003366,17,6,18,1130,1,1,1,1.0,7.0,68247,M,4791911.0,697112.0,68
201700003367,17,7,29,1,5,2,6,1.0,6.0,68151,M,4788713.0,700004.0,68
201700003368,17,8,9,1740,1,1,1,1.0,1.0,68292,M,4786944.0,703576.0,68
201700003369,17,8,22,1600,1,1,1,1.0,6.0,68247,M,4791738.0,694885.0,68
201700003370,17,8,27,1015,1,1,1,1.0,3.0,68247,M,4793292.0,701055.0,68
201700003371,17,9,4,1655,1,1,1,1.0,7.0,68344,M,4787798.0,693471.0,68
201700003372,17,9,10,1715,1,1,1,1.0,7.0,68089,M,4792338.0,703428.0,68
201700003373,17,9,24,1530,1,1,1,1.0,7.0,68171,M,4774161.0,697593.0,68
201700003374,17,10,4,840,1,2,1,1.0,3.0,68262,M,4788300.0,700502.0,68
201700003375,17,10,15,1125,1,1,1,1.0,7.0,68171,M,4794796.0,696390.0,68
201700003376,17,11,13,1725,2,1,1,1.0,1.0,68171,M,4792089.0,697043.0,68
201700003377,17,12,8,1845,3,1,1,4.0,6.0,68247,M,4791964.0,694572.0,68
201700003378,17,12,25,1745,2,2,1,1.0,1.0,68217,M,4786146.0,704788.0,68
201700003379,17,2,19,1940,3,1,1,1.0,6.0,51250,M,4932207.0,368957.0,51
201700003380,17,3,10,720,2,1,1,5.0,3.0,51250,M,4929588.0,368312.0,51
201700003381,17,4,22,1130,1,1,1,1.0,6.0,51448,M,4930129.0,383440.0,51
201700003382,17,9,3,1800,1,1,1,1.0,6.0,51464,M,4932587.0,376665.0,51
201700003383,17,9,12,630,2,2,1,2.0,1.0,51308,M,4928366.0,381817.0,51
201700003384,17,12,16,153,3,1,1,1.0,3.0,51250,M,4929180.0,368272.0,51
201700003385,17,1,3,1610,1,1,1,8.0,6.0,08491,M,4972056.0,486349.0,08
201700003386,17,1,3,1715,3,1,1,1.0,4.0,08142,M,4971645.0,487673.0,08
201700003387,17,2,17,2100,3,1,1,8.0,6.0,08053,M,4968534.0,498508.0,08
201700003388,17,2,20,1500,1,1,1,2.0,2.0,08491,M,4973807.0,485701.0,08
201700003389,17,3,10,550,3,1,1,5.0,2.0,08488,M,4972546.0,483629.0,08
201700003390,17,6,9,800,1,1,1,3.0,5.0,08488,M,4972741.0,482018.0,08
201700003391,17,10,8,1810,1,1,1,1.0,7.0,08488,M,4973176.0,482350.0,08
201700003392,17,11,8,1625,2,1,1,2.0,4.0,08488,M,4972741.0,482018.0,08
201700003393,17,2,28,715,2,1,1,1.0,6.0,08328,M,4981855.0,472415.0,08
201700003394,17,6,25,1800,1,2,1,1.0,7.0,08081,M,4984681.0,476913.0,08
201700003395,17,7,30,1915,1,2,1,1.0,7.0,08081,M,4985611.0,473872.0,08
201700003396,17,9,1,1955,1,2,1,1.0,7.0,08081,M,4985450.0,475912.0,08
201700003397,17,11,12,1840,5,2,3,3.0,6.0,08316,M,4981032.0,479462.0,08
201700003398,17,12,12,655,5,2,1,1.0,7.0,08081,M,4984495.0,477226.0,08
201700003399,17,1,2,1230,1,1,1,1.0,1.0,10206,M,4842900.0,426400.0,10
201700003400,17,1,1,730,2,1,1,5.0,7.0,10096,M,4823200.0,384700.0,10
201700003401,17,1,2,1615,1,1,3,2.0,3.0,10276,M,4824800.0,370900.0,10
201700003402,17,1,2,1630,2,1,1,4.0,6.0,10109,M,4814900.0,429480.0,10
201700003403,17,1,29,2100,3,2,1,9.0,6.0,52190,M,4812978.0,535191.0,52
201700003404,17,6,14,2045,1,1,1,1.0,7.0,52352,M,4806447.0,544715.0,52
201700003405,17,11,30,1730,3,1,1,4.0,1.0,52305,M,4807284.0,532073.0,52
201700003406,17,12,4,1020,1,1,1,5.0,7.0,52074,M,4811077.0,559009.0,52
201700003407,17,1,12,2030,3,2,1,2.0,6.0,52269,M,4786021.0,534393.0,52
201700003408,17,1,13,1100,1,1,1,8.0,3.0,52246,M,4790796.0,529368.0,52
201700003409,17,1,13,1320,1,1,2,2.0,3.0,52036,M,4782885.0,538538.0,52
201700003410,17,1,24,1645,1,1,1,1.0,6.0,52541,M,4796874.0,533658.0,52
201700003411,17,3,8,850,1,1,3,2.0,1.0,52507,M,4788728.0,515990.0,52
201700003412,17,3,7,1025,1,2,1,2.0,3.0,52269,M,4785845.0,534454.0,52
201700003413,17,3,14,1150,1,1,1,1.0,1.0,52147,M,4782863.0,519981.0,52
201700003414,17,5,7,1540,1,2,1,2.0,1.0,52269,M,4786859.0,533264.0,52
201700003415,17,5,22,1910,1,2,9,1.0,3.0,52449,M,4783155.0,533582.0,52
201700003416,17,5,26,1720,1,1,2,1.0,3.0,52036,M,4782882.0,538537.0,52
201700003417,17,5,29,1516,1,2,7,1.0,6.0,52269,M,4786190.0,533388.0,52
201700003418,17,6,26,935,1,1,1,1.0,5.0,52246,M,4791601.0,528952.0,52
201700003419,17,7,14,525,3,1,3,1.0,3.0,52449,M,4782623.0,532699.0,52
201700003420,17,7,30,920,1,1,3,8.0,3.0,52366,M,4791729.0,518688.0,52
201700003421,17,9,20,715,2,1,1,5.0,1.0,52036,M,4783309.0,537761.0,52
201700003422,17,9,20,2330,3,1,3,1.0,6.0,52246,M,4790743.0,529473.0,52
201700003423,17,9,30,1100,1,2,1,2.0,2.0,52269,M,4784985.0,533379.0,52
201700003424,17,10,18,1210,1,1,1,1.0,6.0,52307,M,4791559.0,519661.0,52
201700003425,17,12,14,1650,5,2,3,3.0,6.0,52269,M,4786332.0,533240.0,52
201700003426,17,12,12,1545,1,1,1,8.0,6.0,52147,M,4783875.0,523316.0,52
201700003427,17,3,17,1130,1,1,1,7.0,3.0,21535,M,4735602.0,509443.0,21
201700003428,17,4,3,1520,1,1,1,1.0,4.0,21105,M,4731155.0,518991.0,21
201700003429,17,6,14,1728,1,2,1,1.0,7.0,21209,M,4733107.0,514913.0,21
201700003430,17,8,7,1835,1,1,1,1.0,7.0,21105,M,4731394.0,519964.0,21
201700003431,17,11,14,1930,3,1,1,1.0,1.0,21535,M,4737079.0,508033.0,21
201700003432,17,3,6,1835,2,1,2,2.0,3.0,21699,M,4720301.0,534709.0,21
201700003433,17,4,22,750,1,1,1,1.0,1.0,21038,M,4719340.0,544875.0,21
201700003434,17,5,31,1755,1,1,1,1.0,4.0,21699,M,4719671.0,537082.0,21
201700003435,17,6,15,1410,1,1,1,1.0,6.0,21138,M,4720474.0,532538.0,21
201700003436,17,6,27,900,1,2,1,1.0,6.0,21493,M,4724116.0,538479.0,21
201700003437,17,7,16,2040,2,1,1,1.0,1.0,21074,M,4714234.0,541946.0,21
201700003438,17,9,27,1740,1,1,1,1.0,1.0,21268,M,4714050.0,538457.0,21
201700003439,17,12,11,1825,5,2,1,1.0,3.0,21038,M,4719970.0,539562.0,21
201700003440,17,4,13,1005,1,1,1,1.0,6.0,21292,M,4723723.0,522517.0,21
201700003441,17,5,24,1940,1,1,1,1.0,1.0,21213,M,4726958.0,512960.0,21
201700003442,17,6,21,150,5,2,1,1.0,7.0,21292,M,4723984.0,522278.0,21
201700003443,17,8,13,1615,1,1,2,1.0,6.0,21486,M,4721767.0,525860.0,21
201700003444,17,8,15,1115,1,1,3,1.0,3.0,21213,M,4726861.0,512934.0,21
201700003445,17,9,22,620,3,1,3,1.0,3.0,21656,M,4722239.0,518659.0,21
201700003446,17,10,15,215,5,2,6,1.0,6.0,21292,M,4723189.0,523309.0,21
201700003447,17,11,2,730,3,1,1,1.0,7.0,21622,M,4721822.0,520818.0,21
201700003448,17,11,22,1530,1,1,1,1.0,3.0,21261,M,4725663.0,515438.0,21
201700003449,17,3,15,1848,5,2,1,1.0,6.0,21586,M,4721968.0,506374.0,21
201700003450,17,5,14,1310,1,1,1,1.0,7.0,21625,M,4720167.0,481754.0,21
201700003451,17,6,15,1415,1,2,6,1.0,3.0,21390,M,4728031.0,500590.0,21
201700003452,17,6,24,2030,1,1,1,1.0,6.0,21601,M,4722169.0,487397.0,21
201700003453,17,7,21,1200,1,1,1,1.0,7.0,21295,M,4722359.0,493333.0,21
201700003454,17,7,23,1500,1,2,3,1.0,3.0,21585,M,4720966.0,508598.0,21
201700003455,17,7,23,1935,1,1,1,1.0,7.0,21048,M,4720910.0,507479.0,21
201700003456,17,9,9,650,2,1,3,2.0,3.0,21458,M,4718878.0,507908.0,21
201700003457,17,9,28,815,1,1,1,1.0,7.0,21200,M,4726252.0,499684.0,21
201700003458,17,3,23,1700,1,1,1,2.0,7.0,21010,M,4707114.0,485810.0,21
201700003459,17,4,9,1530,1,1,1,1.0,6.0,21407,M,4715602.0,488371.0,21
201700003460,17,4,25,1630,1,2,1,2.0,3.0,21186,M,4710415.0,492198.0,21
201700003461,17,6,5,700,2,1,1,1.0,1.0,21564,M,4711497.0,504987.0,21
201700003462,17,6,17,1130,1,1,1,1.0,6.0,21169,M,4715716.0,485429.0,21
201700003463,17,7,5,705,1,2,1,1.0,7.0,21010,M,4706552.0,486098.0,21
201700003464,17,7,16,1015,1,1,1,1.0,7.0,21714,M,4716458.0,494994.0,21
201700003465,17,7,20,1950,1,1,1,1.0,6.0,21267,M,4715606.0,498757.0,21
201700003466,17,8,24,1710,1,2,2,1.0,3.0,21464,M,4713615.0,494678.0,21
201700003467,17,9,19,1315,1,1,2,7.0,3.0,21606,M,4705937.0,488145.0,21
201700003468,17,9,23,650,3,1,1,1.0,6.0,21173,M,4705278.0,485713.0,21
201700003469,17,3,11,1900,5,2,1,1.0,6.0,58117,M,4702215.0,308276.0,58
201700003470,17,5,21,1030,1,2,1,1.0,7.0,58117,M,4701642.0,308279.0,58
201700003471,17,5,21,1615,1,2,1,1.0,1.0,58121,M,4704614.0,311892.0,58
201700003472,17,6,5,1200,1,2,1,1.0,3.0,58160,M,4699661.0,309036.0,58
201700003473,17,7,22,1900,1,2,1,1.0,3.0,58214,M,4707110.0,310497.0,58
201700003474,17,9,14,840,1,2,1,3.0,6.0,58117,M,4701284.0,308217.0,58
201700003475,17,11,6,910,1,1,2,2.0,3.0,58160,M,4699260.0,308994.0,58
201700003476,17,11,15,2105,5,2,1,2.0,6.0,58121,M,4703436.0,309861.0,58
201700003477,17,11,24,1905,3,1,1,3.0,1.0,58121,M,4702049.0,310672.0,58
201700003478,17,12,16,1800,5,2,2,8.0,3.0,58214,M,4707291.0,310039.0,58
201700003479,17,1,16,1155,1,2,1,1.0,6.0,71371,M,4634633.0,471671.0,71
201700003480,17,4,2,2305,5,2,6,1.0,6.0,71556,M,4627653.0,480121.0,71
201700003481,17,3,12,230,3,1,1,1.0,3.0,71360,M,4632822.0,475383.0,71
201700003482,17,3,12,2050,5,2,1,1.0,6.0,71360,M,4632386.0,474241.0,71
201700003483,17,3,17,1500,1,1,1,1.0,2.0,71299,M,,,71
201700003484,17,3,24,1550,1,2,3,1.0,3.0,71360,M,4632210.0,474835.0,71
201700003485,17,5,11,1840,1,1,2,3.0,3.0,71360,M,4632340.0,476472.0,71
201700003486,17,5,19,745,1,1,1,2.0,3.0,71513,M,4639410.0,487471.0,71
201700003487,17,6,3,615,2,1,1,1.0,6.0,71448,M,4637777.0,486323.0,71
201700003488,17,6,9,1400,1,1,1,1.0,2.0,71525,M,4637091.0,467405.0,71
201700003489,17,6,15,1730,1,1,1,3.0,4.0,71360,M,4631532.0,477989.0,71
201700003490,17,7,5,2330,4,2,9,1.0,6.0,71513,M,4639437.0,485991.0,71
201700003491,17,7,6,1428,1,1,4,1.0,3.0,71360,M,4632405.0,474888.0,71
201700003492,17,7,16,230,3,1,1,1.0,6.0,71583,M,4626648.0,478054.0,71
201700003493,17,8,1,900,1,1,1,1.0,3.0,71583,M,4626988.0,477994.0,71
201700003494,17,9,9,700,2,2,1,2.0,6.0,71360,M,4632161.0,474450.0,71
201700003495,17,10,16,1200,1,1,1,1.0,4.0,71556,M,4627685.0,480146.0,71
201700003496,17,12,7,1900,3,1,1,1.0,1.0,71526,M,4628854.0,470405.0,71
201700003497,17,12,19,1510,1,1,3,2.0,3.0,71371,M,4634236.0,472329.0,71
201700003498,17,12,27,200,5,2,1,2.0,7.0,71518,M,4630602.0,467310.0,71
201700003499,17,2,10,745,1,2,1,1.0,2.0,71090,M,4621773.0,477847.0,71
201700003500,17,4,9,1825,1,1,1,7.0,2.0,71251,M,4691427.0,417490.0,71
201700003501,17,4,26,1515,1,1,1,2.0,6.0,71223,M,4697705.0,416619.0,71
201700003502,17,7,30,1615,1,1,1,1.0,6.0,71466,M,4679980.0,415193.0,71
201700003503,17,1,3,2335,3,1,1,1.0,6.0,71384,M,4666718.0,480806.0,71
201700003504,17,3,12,425,3,1,1,1.0,7.0,71384,M,,,71
201700003505,17,6,9,2206,4,1,1,1.0,7.0,71052,M,4660189.0,490357.0,71
201700003506,17,1,8,427,3,1,1,9.0,6.0,71106,M,4644714.0,428011.0,71
201700003507,17,1,9,300,3,1,1,8.0,6.0,71529,M,4644204.0,442452.0,71
201700003508,17,1,14,1020,1,1,1,4.0,1.0,71025,M,4643620.0,440117.0,71
201700003509,17,8,9,1620,1,1,1,1.0,1.0,71106,M,4644180.0,429117.0,71
201700003510,17,9,6,1857,1,1,1,1.0,1.0,71268,M,4640508.0,420194.0,71
201700003511,17,10,7,200,3,1,1,5.0,6.0,71433,M,4635902.0,420738.0,71
201700003512,17,5,13,1740,1,1,1,1.0,1.0,71382,M,4651387.0,388688.0,71
201700003513,17,6,26,830,1,2,1,1.0,6.0,71176,M,4648585.0,398998.0,71
201700003514,17,9,1,925,1,2,3,1.0,6.0,71557,M,4642429.0,402858.0,71
201700003515,17,12,5,1415,1,2,2,1.0,3.0,71176,M,4648328.0,398310.0,71
201700003516,17,1,12,1140,1,1,1,1.0,1.0,71077,M,4626809.0,401905.0,71
201700003517,17,1,27,745,2,1,2,1.0,3.0,71307,M,4634821.0,403556.0,71
201700003518,17,2,6,1215,1,1,2,2.0,2.0,71581,M,4636534.0,401572.0,71
201700003519,17,4,16,1045,1,1,1,1.0,7.0,71434,M,4623981.0,414308.0,71
201700003520,17,5,21,1800,1,2,1,1.0,6.0,71011,M,4632034.0,406008.0,71
201700003521,17,6,2,2207,5,2,1,1.0,7.0,71238,M,4620591.0,407657.0,71
201700003522,17,8,5,1100,1,1,1,1.0,7.0,71415,M,4627612.0,412080.0,71
201700003523,17,8,8,1600,1,1,1,1.0,1.0,71011,M,4630958.0,408354.0,71
201700003524,17,3,3,2240,3,1,1,1.0,6.0,71588,M,,,71
201700003525,17,3,14,1740,1,2,1,1.0,6.0,71491,M,4641028.0,403486.0,71
201700003526,17,3,23,1450,1,1,1,3.0,1.0,71439,M,,,71
201700003527,17,6,1,1515,1,1,1,1.0,4.0,71590,M,4646576.0,415337.0,71
201700003528,17,7,15,1905,1,1,1,1.0,7.0,71331,M,4640301.0,416578.0,71
201700003529,17,7,28,1840,2,1,1,1.0,4.0,71232,M,4643691.0,417196.0,71
201700003530,17,1,16,1500,1,1,1,1.0,2.0,89037,M,4791739.0,328802.0,89
201700003531,17,2,15,2300,3,1,1,1.0,2.0,89366,M,4792704.0,327113.0,89
201700003532,17,3,1,825,1,1,1,1.0,2.0,89263,M,4785551.0,354840.0,89
201700003533,17,4,20,1700,1,1,1,1.0,7.0,89013,M,4785974.0,353688.0,89
201700003534,17,5,20,1500,1,1,1,1.0,6.0,89438,M,4779252.0,366714.0,89
201700003535,17,6,7,1420,1,1,1,1.0,6.0,89263,M,4785520.0,355328.0,89
201700003536,17,6,24,700,1,1,1,1.0,6.0,89013,M,4786155.0,353349.0,89
201700003537,17,6,30,1020,1,1,1,2.0,2.0,89167,M,4788216.0,343370.0,89
201700003538,17,7,22,2330,3,1,1,1.0,2.0,89024,M,4783428.0,362051.0,89
201700003539,17,8,31,1700,1,1,1,1.0,6.0,89313,M,4797218.0,320104.0,89
201700003540,17,9,30,105,3,1,1,1.0,6.0,89388,M,4794843.0,323407.0,89
201700003541,17,10,11,1700,1,1,1,1.0,7.0,89108,M,4776481.0,372901.0,89
201700003542,17,1,13,410,3,1,1,2.0,6.0,89255,M,4832406.0,322832.0,89
201700003543,17,1,31,2100,3,1,1,5.0,3.0,89466,M,4818559.0,318073.0,89
201700003544,17,4,8,145,3,1,1,1.0,6.0,89255,M,4831312.0,324176.0,89
201700003545,17,5,2,1440,1,1,1,1.0,7.0,89380,M,4807609.0,306278.0,89
201700003546,17,5,14,1640,1,1,1,1.0,6.0,89111,M,4823621.0,344439.0,89
201700003547,17,6,17,2350,3,1,1,1.0,6.0,89380,M,4807236.0,307026.0,89
201700003548,17,7,4,350,3,1,1,1.0,6.0,89399,M,4825161.0,333978.0,89
201700003549,17,7,18,1145,1,1,1,1.0,2.0,89350,M,4801500.0,314551.0,89
201700003550,17,7,18,2240,3,1,1,1.0,6.0,89171,M,4824441.0,350327.0,89
201700003551,17,8,18,600,3,1,9,2.0,6.0,89298,M,4804807.0,311242.0,89
201700003552,17,10,12,620,3,1,1,1.0,4.0,89399,M,4824957.0,334266.0,89
201700003553,17,10,13,2320,3,1,1,1.0,7.0,89172,M,4823496.0,342146.0,89
201700003554,17,10,26,2230,3,1,1,5.0,6.0,89171,M,4824357.0,349262.0,89
201700003555,17,11,9,2140,3,1,1,9.0,6.0,89136,M,4825367.0,327730.0,89
201700003556,17,2,19,215,3,1,3,5.0,6.0,89083,M,4783826.0,350018.0,89
201700003557,17,2,19,1830,1,2,2,1.0,3.0,89102,M,4774298.0,347198.0,89
201700003558,17,3,31,2030,5,2,2,2.0,3.0,89438,M,4781276.0,362056.0,89
201700003559,17,5,7,1545,1,1,1,1.0,6.0,89295,M,4781749.0,355890.0,89
201700003560,17,7,20,750,1,1,1,1.0,2.0,89337,M,4775261.0,367400.0,89
201700003561,17,7,25,1212,1,1,1,2.0,1.0,89102,M,4776026.0,351261.0,89
201700003562,17,8,3,2030,1,1,1,1.0,7.0,89438,M,4780536.0,365969.0,89
201700003563,17,7,12,1105,1,1,2,1.0,3.0,89083,M,4781990.0,345246.0,89
201700003564,17,10,23,1930,2,2,1,2.0,4.0,89013,M,4787431.0,353244.0,89
201700003565,17,11,28,1000,1,1,1,2.0,1.0,89263,M,4784089.0,355117.0,89
201700003566,17,1,10,2015,3,1,1,1.0,6.0,89075,M,4795913.0,344294.0,89
201700003567,17,5,27,1030,1,2,3,1.0,3.0,89206,M,4797449.0,339477.0,89
201700003568,17,9,14,2045,5,2,1,1.0,7.0,89206,M,4798677.0,337614.0,89
201700003569,17,10,31,1420,1,1,1,1.0,5.0,89206,M,4796754.0,339496.0,89
201700003570,17,11,29,600,3,1,1,1.0,1.0,89452,M,4800963.0,331728.0,89
201700003571,17,1,17,1930,5,2,1,1.0,7.0,89099,M,4795527.0,354183.0,89
201700003572,17,3,24,1620,2,1,1,1.0,5.0,89257,M,4795468.0,350482.0,89
201700003573,17,5,22,2130,2,1,6,1.0,7.0,89085,M,4793804.0,350118.0,89
201700003574,17,5,25,1045,1,2,1,1.0,1.0,89257,M,4796358.0,351009.0,89
201700003575,17,5,25,1045,1,1,3,1.0,3.0,89218,M,4796657.0,345510.0,89
201700003576,17,6,16,435,5,2,1,1.0,6.0,89218,M,4796417.0,348568.0,89
201700003577,17,8,4,1220,1,1,1,1.0,3.0,89257,M,4797517.0,353119.0,89
201700003578,17,9,13,1530,1,1,1,2.0,6.0,89029,M,4792384.0,351143.0,89
201700003579,17,9,22,2335,3,1,1,5.0,6.0,89257,M,4793860.0,353226.0,89
201700003580,17,10,9,1300,1,2,2,1.0,3.0,89257,M,4796644.0,352712.0,89
201700003581,17,12,21,1700,2,1,3,8.0,3.0,89257,M,4795849.0,350406.0,89
201700003582,17,1,16,1330,1,2,1,1.0,1.0,25048,M,4747945.0,676170.0,25
201700003583,17,4,25,2145,3,1,1,3.0,6.0,25632,M,4747627.0,675151.0,25
201700003584,17,6,16,1405,1,2,1,1.0,6.0,25632,M,4747627.0,675396.0,25
201700003585,17,6,24,1100,1,2,1,1.0,1.0,25043,M,4749451.0,677151.0,25
201700003586,17,7,20,630,2,2,1,1.0,6.0,25048,M,4747945.0,676184.0,25
201700003587,17,10,26,1805,1,2,1,1.0,7.0,25048,M,4748352.0,672394.0,25
201700003588,17,11,22,1105,1,2,3,1.0,3.0,25048,M,4748302.0,674571.0,25
201700003589,17,2,5,1950,3,1,1,8.0,1.0,04070,M,4411590.0,623342.0,04
201700003590,17,3,27,1540,1,1,1,1.0,4.0,04070,M,,,04
201700003591,17,3,31,940,1,2,1,1.0,6.0,04070,M,4408089.0,619529.0,04
201700003592,17,4,4,950,1,1,1,1.0,6.0,04070,M,4407238.0,621217.0,04
201700003593,17,5,18,1625,1,2,1,1.0,6.0,04070,M,4409060.0,623103.0,04
201700003594,17,7,8,2030,2,2,6,1.0,6.0,04070,M,4409400.0,623630.0,04
201700003595,17,7,13,1155,1,2,1,1.0,3.0,04070,M,4408610.0,621243.0,04
201700003596,17,7,29,1740,1,2,1,1.0,2.0,04070,M,4409158.0,623289.0,04
201700003597,17,8,6,910,1,2,1,2.0,6.0,04070,M,4408240.0,617446.0,04
201700003598,17,9,4,1700,1,2,3,1.0,3.0,04070,M,4408145.0,619717.0,04
201700003599,17,10,2,1005,1,2,1,1.0,6.0,04070,M,4408360.0,620430.0,04
201700003600,17,2,2,855,1,1,1,1.0,7.0,39481,M,4677023.0,593782.0,39
201700003601,17,2,25,1115,1,1,1,1.0,6.0,39120,M,4666849.0,591892.0,39
201700003602,17,4,12,1830,1,1,1,7.0,7.0,39183,M,4675166.0,583951.0,39
201700003603,17,4,29,1045,1,1,1,1.0,3.0,39120,M,4665954.0,592972.0,39
201700003604,17,5,11,1630,1,1,1,2.0,1.0,39183,M,4675156.0,583390.0,39
201700003605,17,5,14,1740,1,2,2,1.0,3.0,39009,M,4685287.0,593270.0,39
201700003606,17,7,30,1505,1,1,1,1.0,1.0,39153,M,4671362.0,592709.0,39
201700003607,17,8,7,1100,1,2,1,7.0,6.0,39097,M,4674915.0,590304.0,39
201700003608,17,10,13,1800,1,2,1,1.0,6.0,39389,M,4673462.0,588481.0,39
201700003609,17,10,21,2230,3,1,1,2.0,6.0,39009,M,4685409.0,590899.0,39
201700003610,17,12,26,2102,3,1,1,9.0,6.0,39517,M,4673408.0,600195.0,39
201700003611,17,1,28,2200,3,1,1,1.0,1.0,04112,M,4381070.0,577121.0,04
201700003612,17,2,15,2105,5,2,3,1.0,3.0,04112,M,4383620.0,580246.0,04
201700003613,17,2,22,1910,5,2,1,1.0,7.0,04124,M,4376030.0,608040.0,04
201700003614,17,3,10,1745,1,1,3,1.0,3.0,04112,M,4383240.0,576250.0,04
201700003615,17,4,16,1010,1,2,1,1.0,6.0,04112,M,4382730.0,578162.0,04
201700003616,17,4,22,1100,1,2,3,1.0,3.0,04112,M,4383050.0,578633.0,04
201700003617,17,5,4,1220,1,2,1,1.0,2.0,04112,M,4383060.0,578087.0,04
201700003618,17,5,8,1600,1,2,9,1.0,3.0,04112,M,4382150.0,578739.0,04
201700003619,17,5,14,30,3,2,1,8.0,6.0,04112,M,4383910.0,580232.0,04
201700003620,17,6,10,1300,1,2,1,1.0,7.0,04112,M,4384210.0,578618.0,04
201700003621,17,6,12,2115,2,1,1,1.0,6.0,04112,M,4383130.0,576183.0,04
201700003622,17,6,12,1205,1,2,1,1.0,6.0,04112,M,4383730.0,578097.0,04
201700003623,17,6,8,2110,1,1,1,1.0,1.0,04197,M,4380640.0,578014.0,04
201700003624,17,7,3,1845,1,1,1,1.0,2.0,04230,M,4380890.0,581459.0,04
201700003625,17,8,22,1930,1,1,1,1.0,6.0,04230,M,4380780.0,581694.0,04
201700003626,17,8,25,215,5,1,6,1.0,6.0,04197,M,4381130.0,578256.0,04
201700003627,17,9,29,1734,1,2,6,1.0,3.0,04112,M,4382720.0,578137.0,04
201700003628,17,10,17,2335,5,2,1,1.0,6.0,04112,M,4383970.0,577825.0,04
201700003629,17,10,20,1730,1,2,3,1.0,6.0,04112,M,4382870.0,578586.0,04
201700003630,17,11,27,1110,1,2,1,1.0,6.0,04112,M,4383000.0,578516.0,04
201700003631,17,11,30,1750,5,2,1,1.0,3.0,04112,M,4381900.0,579587.0,04
201700003632,17,12,13,1735,2,2,1,1.0,6.0,04112,M,4382130.0,579800.0,04
201700003633,17,12,20,1055,1,1,2,1.0,3.0,04112,M,4381370.0,580379.0,04
201700003634,17,12,23,1820,3,2,1,1.0,1.0,04112,M,4384330.0,580930.0,04
201700003635,17,12,28,1510,1,2,6,1.0,6.0,04112,M,4383050.0,578486.0,04
201700003636,17,3,5,420,3,1,1,2.0,7.0,70178,M,4769632.0,658510.0,70
201700003637,17,4,22,1755,1,2,1,1.0,3.0,70321,M,4766356.0,647871.0,70
201700003638,17,5,17,1900,1,1,2,1.0,3.0,70046,M,4761996.0,643679.0,70
201700003639,17,11,24,1155,1,1,1,1.0,1.0,70416,M,4766054.0,635741.0,70
201700003640,17,12,3,2045,3,2,1,1.0,1.0,70262,M,4767017.0,637946.0,70
201700003641,17,1,14,1307,1,1,3,1.0,2.0,70124,M,4737635.0,566311.0,70
201700003642,17,1,27,1845,3,1,1,1.0,6.0,70026,M,4746819.0,560301.0,70
201700003643,17,2,21,1800,3,1,1,8.0,5.0,70220,M,4739732.0,543859.0,70
201700003644,17,3,21,1345,1,1,1,2.0,7.0,70505,M,4737726.0,557881.0,70
201700003645,17,3,30,1430,1,1,1,7.0,6.0,70132,M,4749425.0,556117.0,70
201700003646,17,6,4,1830,1,2,6,1.0,3.0,70279,M,4744130.0,559154.0,70
201700003647,17,6,12,1640,1,2,3,7.0,3.0,70026,M,4746810.0,558127.0,70
201700003648,17,8,13,1710,1,1,1,1.0,7.0,70523,M,4752893.0,553271.0,70
201700003649,17,9,29,1700,1,2,1,1.0,3.0,70279,M,4743801.0,558939.0,70
201700003650,17,1,29,30,3,1,1,2.0,6.0,26332,M,,,26
201700003651,17,2,7,1655,1,1,1,1.0,2.0,26332,M,,,26
201700003652,17,2,28,300,3,1,1,3.0,6.0,38072,M,4531410.0,481189.0,38
201700003653,17,3,11,245,3,1,1,1.0,3.0,26295,M,,,26
201700003654,17,3,17,2145,3,1,1,1.0,3.0,38019,M,4542442.0,482639.0,38