Num_Acc,an,mois,jour,hrmn,lum,agg,int,atm,col,com,gps,lat,long,dep
201700003655,17,5,9,1500,1,1,1,1.0,2.0,38468,M,4533249.0,480527.0,38
201700003656,17,5,18,1615,1,1,1,1.0,5.0,26332,M,,,26
201700003657,17,5,26,1940,1,1,1,1.0,6.0,26002,M,,,26
201700003658,17,6,5,1825,1,1,1,1.0,2.0,38336,M,4547958.0,484401.0,38
201700003659,17,6,9,1809,1,2,9,1.0,3.0,38087,M,4557510.0,480790.0,38
201700003660,17,6,15,310,3,1,9,1.0,2.0,38072,M,4531759.0,483136.0,38
201700003661,17,7,5,530,3,1,1,1.0,2.0,26002,M,,,26
201700003662,17,7,8,905,1,1,1,1.0,6.0,38468,M,4534888.0,480661.0,38
201700003663,17,7,19,1800,1,2,1,1.0,1.0,38019,M,4542765.0,480960.0,38
201700003664,17,7,25,2000,1,1,1,1.0,2.0,26332,M,,,26
201700003665,17,8,19,1523,1,1,1,1.0,2.0,38344,M,4538295.0,481691.0,38
201700003666,17,9,20,1435,1,1,1,1.0,6.0,26002,M,,,26
201700003667,17,10,20,1542,1,1,1,1.0,5.0,26041,M,,,26
201700003668,17,10,27,615,3,1,1,1.0,2.0,38019,M,4542442.0,482639.0,38
201700003669,17,10,31,1645,1,1,1,1.0,6.0,26332,M,,,26
201700003670,17,11,19,1127,1,1,1,1.0,3.0,38468,M,4534213.0,480833.0,38
201700003671,17,11,25,2009,3,1,1,1.0,5.0,26295,M,4516250.0,487683.0,26
201700003672,17,11,26,1610,1,1,1,1.0,2.0,26295,M,4516250.0,487683.0,26
201700003673,17,1,3,1850,3,1,1,1.0,6.0,26252,M,,,26
201700003674,17,1,19,1303,1,1,1,1.0,5.0,26165,M,,,26
201700003675,17,2,26,900,1,1,1,1.0,6.0,26250,M,,,26
201700003676,17,3,9,1915,3,1,1,1.0,3.0,26124,M,,,26
201700003677,17,4,21,1815,1,1,1,1.0,4.0,26165,M,,,26
201700003678,17,5,20,1625,1,1,1,1.0,6.0,26072,M,,,26
201700003679,17,6,10,1140,1,1,1,1.0,5.0,26362,M,,,26
201700003680,17,8,9,1130,1,1,1,1.0,6.0,26058,M,,,26
201700003681,17,8,13,1030,1,1,1,1.0,3.0,26124,M,,,26
201700003682,17,9,14,825,1,1,1,1.0,3.0,26058,M,,,26
201700003683,17,2,10,1145,1,1,9,1.0,3.0,13095,M,4354105.0,549673.0,13
201700003684,17,3,27,1520,1,2,1,1.0,1.0,13109,M,4352202.0,548434.0,13
201700003685,17,4,13,1520,1,2,1,1.0,6.0,13109,M,4350882.0,549233.0,13
201700003686,17,10,16,1800,1,2,3,1.0,3.0,13001,M,4352427.0,537890.0,13
201700003687,17,1,14,955,1,1,1,1.0,1.0,13041,M,4345018.0,547412.0,13
201700003688,17,3,7,1015,1,1,1,1.0,1.0,13041,M,,,13
201700003689,17,3,19,1635,1,1,2,1.0,1.0,13041,M,4345946.0,548933.0,13
201700003690,17,4,14,1830,1,1,3,1.0,5.0,13041,M,4344574.0,552352.0,13
201700003691,17,4,17,1630,1,1,2,1.0,3.0,13060,M,4347055.0,550379.0,13
201700003692,17,4,25,2100,3,1,1,1.0,2.0,13062,M,4342289.0,548923.0,13
201700003693,17,5,6,2200,5,2,1,1.0,6.0,13060,M,,,13
201700003694,17,5,11,1300,1,2,1,1.0,2.0,13041,M,4346438.0,548731.0,13
201700003695,17,5,16,2245,5,2,1,1.0,6.0,13041,M,4344510.0,548660.0,13
201700003696,17,6,25,1050,1,1,1,1.0,3.0,13060,M,4349080.0,550048.0,13
201700003697,17,6,26,825,1,1,1,1.0,6.0,13041,M,4345022.0,545156.0,13
201700003698,17,7,15,815,1,2,1,1.0,6.0,13041,M,4344918.0,544919.0,13
201700003699,17,9,29,245,5,2,6,1.0,1.0,13041,M,4345002.0,544843.0,13
201700003700,17,10,9,945,2,1,9,1.0,3.0,13062,M,4342696.0,547508.0,13
201700003701,17,10,21,2235,5,2,6,1.0,2.0,13041,M,4345080.0,547664.0,13
201700003702,17,1,17,1455,1,1,1,1.0,1.0,13059,M,4364479.0,549673.0,13
201700003703,17,1,25,645,5,2,1,4.0,6.0,13074,M,4364627.0,559344.0,13
201700003704,17,1,26,910,1,1,1,8.0,6.0,13059,M,4361232.0,550024.0,13
201700003705,17,3,10,1425,1,1,9,1.0,6.0,13074,M,4364691.0,556043.0,13
201700003706,17,3,12,330,3,1,1,1.0,6.0,13074,M,,,13
201700003707,17,5,14,230,3,1,1,1.0,6.0,13048,M,4365898.0,563438.0,13
201700003708,17,6,6,2300,3,1,1,1.0,6.0,13048,M,4364536.0,561736.0,13
201700003709,17,7,24,2340,5,2,1,1.0,1.0,13074,M,4364606.0,558214.0,13
201700003710,17,8,7,500,3,1,1,1.0,6.0,13074,M,4364499.0,556310.0,13
201700003711,17,9,8,720,2,1,9,1.0,3.0,13099,M,4369180.0,572500.0,13
201700003712,17,9,14,1,3,1,1,1.0,6.0,13059,M,4364311.0,554345.0,13
201700003713,17,10,11,345,3,1,1,1.0,1.0,13059,M,4362205.0,549080.0,13
201700003714,17,12,8,830,1,2,1,2.0,6.0,13048,M,4363723.0,564032.0,13
201700003715,17,4,19,1400,1,1,1,1.0,2.0,13107,M,4342947.0,545185.0,13
201700003716,17,6,26,1015,1,1,3,1.0,2.0,13015,M,4343088.0,541368.0,13
201700003717,17,9,2,2300,3,1,1,1.0,6.0,13107,M,4343533.0,542527.0,13
201700003718,17,11,8,710,2,2,3,1.0,6.0,13107,M,4343636.0,542147.0,13
201700003719,17,11,22,2230,5,2,6,1.0,3.0,13015,M,4343775.0,539721.0,13
201700003720,17,4,17,1800,1,1,1,1.0,6.0,13110,M,4345884.0,565138.0,13
201700003721,17,6,17,1840,1,1,1,1.0,2.0,13072,M,4344675.0,565221.0,13
201700003722,17,11,9,2030,3,1,1,1.0,6.0,13072,M,4343363.0,562699.0,13
201700003723,17,2,27,1600,1,1,1,2.0,1.0,13004,M,4369448.0,471451.0,13
201700003724,17,3,19,2345,3,1,1,1.0,3.0,13004,M,,,13
201700003725,17,4,15,130,3,1,1,1.0,6.0,13004,M,4367790.0,456520.0,13
201700003726,17,6,17,1230,1,1,1,1.0,6.0,13004,M,4368302.0,455863.0,13
201700003727,17,6,26,1040,1,1,1,1.0,2.0,13004,M,4362730.0,453043.0,13
201700003728,17,7,2,2330,3,1,1,1.0,6.0,13004,M,4363981.0,455976.0,13
201700003729,17,8,14,1750,1,1,1,1.0,3.0,13004,M,4362299.0,451402.0,13
201700003730,17,11,5,1030,1,1,1,2.0,6.0,13004,M,4363865.0,454297.0,13
201700003731,17,11,15,830,1,1,1,1.0,6.0,13004,M,4367935.0,450881.0,13
201700003732,17,11,15,700,3,1,1,1.0,2.0,13004,M,4363990.0,472044.0,13
201700003733,17,12,24,1430,1,1,1,1.0,1.0,13004,M,4362730.0,453043.0,13
201700003734,17,1,21,2215,3,1,9,1.0,7.0,13066,M,4384035.0,488389.0,13
201700003735,17,1,19,1540,1,1,3,1.0,5.0,13066,M,4388608.0,489158.0,13
201700003736,17,2,14,1430,1,2,1,1.0,1.0,13066,M,4387938.0,490794.0,13
201700003737,17,3,3,1445,1,1,2,1.0,3.0,13027,M,4386485.0,483851.0,13
201700003738,17,4,27,730,1,1,2,8.0,5.0,13066,M,4388109.0,491559.0,13
201700003739,17,5,19,1120,1,2,1,1.0,6.0,13027,M,4388529.0,486145.0,13
201700003740,17,5,21,1045,1,2,1,1.0,7.0,13027,M,4387332.0,485279.0,13
201700003741,17,6,3,1445,1,1,1,1.0,1.0,13066,M,,,13
201700003742,17,6,11,400,3,1,1,1.0,1.0,13027,M,,,13
201700003743,17,6,27,1130,1,2,1,1.0,2.0,13027,M,4388231.0,485211.0,13
201700003744,17,7,1,1926,2,1,1,1.0,2.0,13066,M,4385877.0,489947.0,13
201700003745,17,7,3,1050,1,1,2,1.0,3.0,13027,M,,,13
201700003746,17,7,12,1320,1,1,2,1.0,3.0,13027,M,4386203.0,483960.0,13
201700003747,17,7,25,1700,1,1,1,1.0,6.0,13027,M,4388285.0,484385.0,13
201700003748,17,8,2,2130,5,2,6,1.0,3.0,13027,M,4388285.0,486269.0,13
201700003749,17,9,5,1615,1,1,2,1.0,2.0,13066,M,4388109.0,491559.0,13
201700003750,17,9,19,1950,3,1,1,1.0,6.0,13027,M,4387432.0,482450.0,13
201700003751,17,10,10,1740,1,1,3,7.0,3.0,13066,M,4387224.0,492169.0,13
201700003752,17,11,30,850,1,2,1,7.0,2.0,13027,M,4389193.0,483857.0,13
201700003753,17,12,21,1830,3,1,2,1.0,3.0,13066,M,4384336.0,489498.0,13
201700003754,17,12,23,545,3,1,1,1.0,3.0,13066,M,,,13
201700003755,17,12,29,2215,3,1,1,1.0,2.0,13066,M,4386289.0,491329.0,13
201700003756,17,1,6,1700,1,1,1,1.0,6.0,13096,M,4355211.0,438654.0,13
201700003757,17,3,14,50,3,1,1,1.0,6.0,13096,M,4348387.0,438730.0,13
201700003758,17,6,22,1000,1,1,1,1.0,3.0,13096,M,4357993.0,443582.0,13
201700003759,17,6,24,1650,1,1,1,1.0,6.0,13096,M,,,13
201700003760,17,7,21,840,1,1,1,1.0,1.0,13096,M,,,13
201700003761,17,8,22,1855,1,1,1,1.0,1.0,13096,M,4346301.0,442008.0,13
201700003762,17,1,19,745,2,1,1,1.0,1.0,13097,M,,,13
201700003763,17,2,20,1900,2,1,2,1.0,5.0,13097,M,4363811.0,491540.0,13
201700003764,17,3,25,700,2,1,1,2.0,6.0,13097,M,4352021.0,484346.0,13
201700003765,17,5,4,2000,1,1,6,1.0,3.0,13097,M,4364436.0,482074.0,13
201700003766,17,7,13,900,1,1,1,1.0,5.0,13097,M,4366857.0,479768.0,13
201700003767,17,8,12,1425,1,1,1,1.0,2.0,13097,M,4361579.0,480869.0,13
201700003768,17,9,1,835,1,2,6,1.0,3.0,13097,M,4363828.0,482348.0,13
201700003769,17,9,2,1915,1,1,1,1.0,6.0,13004,M,4359058.0,467490.0,13
201700003770,17,12,5,1710,2,1,1,1.0,6.0,13004,M,4358830.0,472633.0,13
201700003771,17,12,24,1845,3,1,1,1.0,6.0,13097,M,4363968.0,490549.0,13
201700003772,17,1,29,755,2,1,2,1.0,3.0,13100,M,4378015.0,487171.0,13
201700003773,17,3,4,140,3,1,1,1.0,6.0,13100,M,4379721.0,479759.0,13
201700003774,17,4,26,1930,1,1,1,8.0,5.0,13100,M,4380180.0,482687.0,13
201700003775,17,5,20,810,1,1,1,1.0,6.0,13100,M,,,13
201700003776,17,5,27,1745,1,2,1,1.0,1.0,13094,M,4378205.0,473466.0,13
201700003777,17,7,8,1115,1,1,3,1.0,3.0,13100,M,4378889.0,486282.0,13
201700003778,17,8,7,1700,1,1,4,1.0,7.0,13100,M,4378901.0,483352.0,13
201700003779,17,9,17,1315,1,1,3,1.0,3.0,13094,M,4378793.0,471764.0,13
201700003780,17,10,4,1140,1,2,4,1.0,6.0,13100,M,4379026.0,483340.0,13
201700003781,17,10,11,1340,3,1,1,1.0,6.0,13100,M,4380253.0,486066.0,13
201700003782,17,11,30,1900,3,1,1,1.0,6.0,13100,M,4378908.0,482380.0,13
201700003783,17,2,12,1930,3,1,1,1.0,1.0,13004,M,4357303.0,466655.0,13
201700003784,17,10,6,1410,1,1,1,1.0,7.0,13039,M,4346241.0,483825.0,13
201700003785,17,7,25,1615,1,1,6,1.0,4.0,13042,M,4327762.0,561990.0,13
201700003786,17,9,3,1750,1,1,1,1.0,2.0,13042,M,4327484.0,563364.0,13
201700003787,17,9,17,1400,1,1,1,1.0,1.0,13030,M,4327580.0,570388.0,13
201700003788,17,9,24,1840,1,1,1,1.0,3.0,13030,M,4328261.0,571024.0,13
201700003789,17,9,24,1200,1,2,9,1.0,6.0,13030,M,4328261.0,571024.0,13
201700003790,17,10,21,1615,1,1,1,1.0,6.0,13042,M,,,13
201700003791,17,2,28,840,1,2,1,1.0,1.0,13023,M,4322039.0,564218.0,13
201700003792,17,3,16,2125,3,1,1,1.0,7.0,13022,M,4323028.0,552411.0,13
201700003793,17,4,17,1835,1,1,9,1.0,2.0,13022,M,,,13
201700003794,17,4,26,1810,1,1,1,9.0,6.0,13022,M,4323028.0,552411.0,13
201700003795,17,5,15,1820,1,1,1,1.0,7.0,13022,M,4323024.0,552578.0,13
201700003796,17,5,25,1940,1,1,1,1.0,5.0,13022,M,4322295.0,557906.0,13
201700003797,17,5,26,1840,1,2,1,1.0,3.0,13022,M,4321923.0,554432.0,13
201700003798,17,6,15,1215,1,1,1,1.0,1.0,13022,M,4322092.0,554384.0,13
201700003799,17,9,17,1720,1,1,1,1.0,5.0,13022,M,4323041.0,558654.0,13
201700003800,17,10,12,945,1,2,4,1.0,2.0,13022,M,4323504.0,555613.0,13
201700003801,17,9,24,330,5,2,1,8.0,1.0,13119,M,4326049.0,557315.0,13
201700003802,17,5,8,515,5,2,9,1.0,7.0,13073,M,4337434.0,559050.0,13
201700003803,17,6,9,1120,1,2,1,1.0,5.0,13020,M,4339437.0,554441.0,13
201700003804,17,1,11,715,5,2,1,9.0,6.0,13031,M,,,13
201700003805,17,3,31,1629,1,2,1,1.0,6.0,13086,M,4335273.0,560551.0,13
201700003806,17,4,1,1115,1,2,1,8.0,2.0,13007,M,4337211.0,564572.0,13
201700003807,17,4,5,2030,3,1,1,2.0,7.0,13086,M,4334710.0,561640.0,13
201700003808,17,5,20,1710,1,1,1,1.0,2.0,13007,M,4337001.0,565985.0,13
201700003809,17,5,23,645,2,2,1,1.0,3.0,13086,M,4334868.0,560361.0,13
201700003810,17,7,29,1700,1,1,1,1.0,6.0,13086,M,,,13
201700003811,17,7,31,1300,1,2,1,1.0,6.0,13086,M,4332726.0,559715.0,13
201700003812,17,8,27,1830,1,1,1,1.0,3.0,13007,M,4332510.0,567473.0,13
201700003813,17,8,27,625,2,2,6,1.0,6.0,13016,M,4339852.0,559279.0,13
201700003814,17,8,28,1830,1,1,9,1.0,3.0,13086,M,4333318.0,560645.0,13
201700003815,17,9,3,1010,1,2,1,1.0,2.0,13031,M,4338388.0,560221.0,13
201700003816,17,11,10,1040,1,2,1,1.0,6.0,13007,M,4336916.0,563681.0,13
201700003817,17,12,10,420,3,2,1,1.0,7.0,13007,M,4336551.0,563799.0,13
201700003818,17,12,12,1800,2,2,1,2.0,6.0,13031,M,4338513.0,560157.0,13
201700003819,17,1,12,815,1,2,1,1.0,1.0,13092,M,4354694.0,503862.0,13
201700003820,17,3,18,1650,1,1,1,1.0,6.0,13029,M,4356081.0,506429.0,13
201700003821,17,3,24,1800,1,1,1,1.0,1.0,13092,M,4356791.0,503940.0,13
201700003822,17,4,2,100,3,1,1,1.0,6.0,13092,M,4352757.0,506895.0,13
201700003823,17,5,20,1040,1,1,1,1.0,3.0,13014,M,4351344.0,520317.0,13
201700003824,17,9,7,1630,1,2,3,1.0,2.0,13014,M,4349010.0,515759.0,13
201700003825,17,11,22,850,1,1,1,1.0,3.0,13014,M,4349058.0,515860.0,13
201700003826,17,12,1,1753,5,2,3,1.0,6.0,13014,M,4348747.0,516766.0,13
201700003827,17,12,17,1000,1,2,3,1.0,6.0,13014,M,4348086.0,516932.0,13
201700003828,17,4,3,2010,2,1,1,1.0,6.0,13035,M,4368161.0,506475.0,13
201700003829,17,5,12,1600,1,1,3,1.0,3.0,13035,M,,,13
201700003830,17,7,24,1315,1,2,1,1.0,2.0,13035,M,4368721.0,503084.0,13
201700003831,17,12,28,1740,2,1,1,1.0,1.0,13035,M,4370815.0,504408.0,13
201700003832,17,2,5,550,3,1,3,8.0,6.0,13035,M,4365658.0,502063.0,13
201700003833,17,2,17,2015,3,1,1,1.0,6.0,13105,M,,,13
201700003834,17,5,18,1700,1,2,1,1.0,6.0,13105,M,4374466.0,507769.0,13
201700003835,17,6,2,845,1,1,1,1.0,1.0,13053,M,4372722.0,515960.0,13
201700003836,17,7,25,1830,1,1,1,1.0,3.0,13003,M,4370914.0,511550.0,13
201700003837,17,7,30,2225,5,2,3,1.0,3.0,13105,M,4374362.0,508382.0,13
201700003838,17,9,27,740,1,1,4,1.0,3.0,13105,M,4374770.0,507318.0,13
201700003839,17,12,17,600,3,1,1,1.0,6.0,13035,M,,,13
201700003840,17,2,6,1456,1,2,2,1.0,6.0,13067,M,4379196.0,503940.0,13
201700003841,17,3,5,1540,1,1,2,1.0,3.0,13034,M,4378660.0,494126.0,13
201700003842,17,3,18,1100,1,1,2,1.0,3.0,13076,M,4380078.0,500527.0,13
201700003843,17,4,14,2100,3,1,1,1.0,6.0,13067,M,4380333.0,502669.0,13
201700003844,17,4,28,410,3,1,2,1.0,1.0,13076,M,4382221.0,500616.0,13
201700003845,17,5,17,1550,1,1,3,1.0,3.0,13067,M,4380435.0,502653.0,13
201700003846,17,10,3,1900,2,1,2,1.0,3.0,13076,M,4379579.0,498822.0,13
201700003847,17,12,4,1845,3,1,5,1.0,3.0,13116,M,4383759.0,492648.0,13
201700003848,17,3,10,2059,3,1,3,1.0,6.0,13081,M,4350142.0,521175.0,13
201700003849,17,7,2,20,3,1,1,1.0,6.0,13081,M,,,13
201700003850,17,8,5,427,3,1,1,1.0,6.0,13081,M,4349290.0,522268.0,13
201700003851,17,9,16,2000,3,1,2,1.0,2.0,13081,M,4350246.0,521403.0,13
201700003852,17,2,26,1300,1,1,1,1.0,6.0,13082,M,,,13
201700003853,17,3,21,910,1,1,1,1.0,6.0,13082,M,4365571.0,535557.0,13
201700003854,17,7,21,1400,1,1,1,1.0,7.0,13024,M,,,13
201700003855,17,7,23,1915,1,1,1,1.0,7.0,13024,M,4371985.0,526600.0,13
201700003856,17,8,9,840,2,1,1,1.0,3.0,13093,M,4369259.0,538968.0,13
201700003857,17,9,19,1030,1,1,1,1.0,4.0,13084,M,4371753.0,530168.0,13
201700003858,17,11,16,2355,3,1,1,1.0,7.0,13050,M,4367272.0,523886.0,13
201700003859,17,3,6,1514,1,1,1,6.0,6.0,04219,M,4410000.0,656831.0,04
201700003860,17,4,21,1655,1,1,5,1.0,3.0,04143,M,4388482.0,590843.0,04
201700003861,17,4,30,630,2,1,1,1.0,7.0,04138,M,4392650.0,581725.0,04
201700003862,17,5,3,1530,1,2,1,1.0,2.0,04143,M,4391720.0,591884.0,04
201700003863,17,6,16,1530,1,1,3,1.0,3.0,04143,M,4392040.0,590662.0,04
201700003864,17,6,20,750,1,2,7,1.0,3.0,04242,M,4389420.0,587022.0,04
201700003865,17,8,22,655,2,2,2,1.0,3.0,04143,M,4392830.0,589056.0,04
201700003866,17,10,14,230,3,1,1,1.0,6.0,04106,M,4396270.0,590107.0,04
201700003867,17,1,8,2030,3,1,1,1.0,7.0,04096,M,4438530.0,678046.0,04
201700003868,17,2,21,2115,3,1,1,1.0,1.0,04226,M,4437530.0,662664.0,04
201700003869,17,2,27,700,2,2,1,1.0,6.0,04195,M,4439110.0,661740.0,04
201700003870,17,4,14,1545,1,1,1,1.0,1.0,04096,M,4441890.0,673376.0,04
201700003871,17,4,24,630,2,1,1,1.0,6.0,04120,M,4447150.0,680631.0,04
201700003872,17,6,15,1540,1,1,1,1.0,1.0,04096,M,4434300.0,678434.0,04
201700003873,17,6,13,2200,2,1,1,9.0,6.0,04086,M,4441680.0,669476.0,04
201700003874,17,6,18,1830,1,1,1,1.0,7.0,04120,M,4447660.0,677928.0,04
201700003875,17,6,20,1100,1,1,1,1.0,7.0,04226,M,4431100.0,673610.0,04
201700003876,17,7,1,1115,1,1,1,1.0,3.0,04096,M,4436496.0,678854.0,04
201700003877,17,7,16,20,5,1,1,1.0,6.0,04073,M,4437250.0,668281.0,04
201700003878,17,8,10,2000,2,1,1,1.0,7.0,04062,M,4446650.0,672897.0,04
201700003879,17,8,19,1245,1,1,1,1.0,7.0,04096,M,4436420.0,678804.0,04
201700003880,17,8,19,1830,1,1,1,1.0,7.0,04120,M,4447960.0,675936.0,04
201700003881,17,9,10,1245,1,1,1,1.0,7.0,04096,M,4437080.0,678359.0,04
201700003882,17,9,12,1045,1,1,1,1.0,1.0,04062,M,4447440.0,676551.0,04
201700003883,17,9,25,1450,1,1,1,1.0,3.0,04193,M,4448010.0,675843.0,04
201700003884,17,12,4,1840,3,1,1,1.0,2.0,04086,M,4439160.0,667906.0,04
201700003885,17,1,22,1600,1,1,1,2.0,6.0,04069,M,4384220.0,653917.0,04
201700003886,17,3,11,1445,1,1,1,1.0,1.0,04039,M,4383890.0,649350.0,04
201700003887,17,3,30,1620,1,1,1,1.0,1.0,04171,M,4379300.0,642110.0,04
201700003888,17,4,8,1150,1,1,1,1.0,1.0,04148,M,4381610.0,660623.0,04
201700003889,17,4,16,1630,1,2,1,1.0,7.0,04039,M,4384820.0,651045.0,04
201700003890,17,4,17,1315,1,1,1,1.0,7.0,04171,M,4379610.0,640951.0,04
201700003891,17,5,26,1545,1,1,1,1.0,1.0,04039,M,4382830.0,642597.0,04
201700003892,17,5,28,1650,1,1,1,1.0,7.0,04039,M,4383450.0,654875.0,04
201700003893,17,6,15,1310,1,1,1,1.0,6.0,04171,M,4380030.0,643817.0,04
201700003894,17,6,18,1915,1,1,1,1.0,7.0,04069,M,4387600.0,653275.0,04
201700003895,17,7,15,1937,1,1,1,1.0,7.0,04183,M,4390680.0,654349.0,04
201700003896,17,8,25,1430,1,1,1,1.0,6.0,04171,M,4381430.0,643806.0,04
201700003897,17,9,3,1525,1,1,1,1.0,6.0,04183,M,4390540.0,654248.0,04
201700003898,17,10,28,1645,1,1,1,1.0,7.0,04039,M,4383600.0,654715.0,04
201700003899,17,1,20,1620,1,1,1,1.0,5.0,04197,M,4380200.0,577799.0,04
201700003900,17,2,7,1750,2,1,1,1.0,5.0,04197,M,4377880.0,576823.0,04
201700003901,17,4,9,1950,2,2,3,1.0,3.0,04245,M,4387340.0,584318.0,04
201700003902,17,3,1,1025,1,2,3,1.0,3.0,04197,M,4378820.0,577120.0,04
201700003903,17,6,24,950,1,1,1,1.0,1.0,04241,M,4384660.0,571028.0,04
201700003904,17,8,12,750,1,1,1,1.0,2.0,04063,M,4374620.0,574495.0,04
201700003905,17,11,27,1435,1,2,7,7.0,6.0,04245,M,4387700.0,584281.0,04
201700003906,17,1,13,1703,1,1,1,4.0,1.0,05073,M,4434695.0,584444.0,05
201700003907,17,4,8,1525,1,2,1,1.0,1.0,05014,M,4426270.0,573471.0,05
201700003908,17,6,7,1130,1,1,3,1.0,3.0,05078,M,4438707.0,593595.0,05
201700003909,17,8,5,940,1,2,3,1.0,1.0,05070,M,4431621.0,582089.0,05
201700003910,17,12,6,1620,1,1,1,1.0,1.0,05178,M,4436198.0,592050.0,05
201700003911,17,7,13,500,2,1,1,1.0,6.0,05139,M,4469092.0,594164.0,05
201700003912,17,12,26,857,1,1,1,2.0,7.0,05139,M,4470114.0,592860.0,05
201700003913,17,1,14,730,2,1,1,4.0,6.0,05081,M,4441926.0,564293.0,05
201700003914,17,2,26,1640,1,1,1,1.0,6.0,05021,M,4439865.0,573477.0,05
201700003915,17,5,12,1250,1,1,1,1.0,6.0,05166,M,4441005.0,572691.0,05
201700003916,17,7,28,1545,1,1,1,1.0,1.0,05081,M,4441591.0,567108.0,05
201700003917,17,9,21,948,1,1,1,1.0,6.0,05089,M,4440215.0,575648.0,05
201700003918,17,11,20,530,3,1,1,1.0,6.0,05126,M,4437703.0,543936.0,05
201700003919,17,1,7,1040,1,1,1,1.0,1.0,05180,M,4482783.0,651867.0,05
201700003920,17,3,3,955,1,1,1,1.0,6.0,05180,M,4482337.0,655042.0,05
201700003921,17,4,22,1620,1,1,3,1.0,3.0,05151,M,4483253.0,658322.0,05
201700003922,17,5,10,1555,1,1,1,1.0,4.0,05122,M,4473794.0,658369.0,05
201700003923,17,7,2,1205,1,1,1,1.0,7.0,05006,M,4480336.0,656801.0,05
201700003924,17,7,27,1600,1,2,1,1.0,6.0,05151,M,4484509.0,658349.0,05
201700003925,17,8,10,1830,1,2,4,1.0,1.0,05180,M,4482237.0,653489.0,05
201700003926,17,8,25,1145,1,1,1,1.0,7.0,05151,M,4486332.0,655911.0,05
201700003927,17,9,3,1540,1,2,3,1.0,3.0,05181,M,4504311.0,633834.0,05
201700003928,17,10,2,2000,3,1,1,8.0,6.0,05181,M,4503521.0,640510.0,05
201700003929,17,12,13,1500,1,1,1,8.0,1.0,05181,M,4504560.0,633193.0,05
201700003930,17,8,14,1500,1,1,3,1.0,3.0,05038,M,4475463.0,678221.0,05
201700003931,17,9,24,1615,1,1,1,1.0,7.0,05077,M,4470496.0,693194.0,05
201700003932,17,1,14,1630,1,1,1,1.0,6.0,05134,M,4463669.0,657836.0,05
201700003933,17,2,14,1055,1,2,1,1.0,6.0,05177,M,4457308.0,668076.0,05
201700003934,17,4,17,940,1,2,3,1.0,6.0,05065,M,4466084.0,665192.0,05
201700003935,17,5,8,1335,1,2,1,1.0,6.0,05065,M,4465991.0,664061.0,05
201700003936,17,5,23,1200,1,1,1,1.0,7.0,05065,M,4463804.0,666614.0,05
201700003937,17,6,17,1400,1,1,2,1.0,3.0,05136,M,4470662.0,660425.0,05
201700003938,17,7,15,1815,2,1,2,7.0,3.0,05136,M,4470663.0,660438.0,05
201700003939,17,8,17,1720,1,1,1,1.0,1.0,05065,M,4464392.0,665956.0,05
201700003940,17,9,23,1400,1,1,1,1.0,3.0,05065,M,4466241.0,669769.0,05
201700003941,17,9,26,1450,1,1,1,1.0,6.0,05134,M,4465136.0,658658.0,05
201700003942,17,10,27,1725,1,2,3,1.0,2.0,05065,M,4465843.0,665404.0,05
201700003943,17,12,15,2200,3,1,1,8.0,6.0,05065,M,4467210.0,668188.0,05
201700003944,17,12,17,1430,1,2,1,1.0,6.0,05177,M,4457071.0,668255.0,05
201700003945,17,4,7,1610,1,2,1,1.0,3.0,06048,M,4378727.0,734477.0,06
201700003946,17,5,4,650,2,1,1,1.0,2.0,06048,M,4381692.0,734545.0,06
201700003947,17,6,30,2345,3,2,1,1.0,6.0,06039,M,4380724.0,729540.0,06
201700003948,17,7,30,1415,1,2,1,1.0,1.0,06048,M,4378870.0,733189.0,06
201700003949,17,1,5,800,1,2,1,1.0,6.0,06019,M,4377925.0,733799.0,06
201700003950,17,2,8,2330,3,1,1,2.0,6.0,06019,M,4381327.0,735644.0,06
201700003951,17,2,27,1905,5,2,1,2.0,1.0,06057,M,4383470.0,735417.0,06
201700003952,17,7,29,1315,1,1,1,1.0,6.0,06077,M,4389791.0,735047.0,06
201700003953,17,8,4,1830,1,1,9,1.0,7.0,06077,M,,,06
201700003954,17,8,25,1850,1,1,1,1.0,3.0,06091,M,4381263.0,740418.0,06
201700003955,17,8,26,1345,1,1,1,1.0,6.0,06091,M,,,06
201700003956,17,8,31,1300,1,2,1,1.0,7.0,06019,M,4377846.0,734028.0,06
201700003957,17,9,6,1645,1,2,1,1.0,3.0,06019,M,4379212.0,737285.0,06
201700003958,17,9,15,645,2,2,3,1.0,3.0,06019,M,4377986.0,733794.0,06
201700003959,17,10,28,2330,5,2,1,1.0,6.0,06092,M,4378744.0,737361.0,06
201700003960,17,11,2,1429,1,2,4,1.0,3.0,06092,M,4376500.0,734642.0,06
201700003961,17,11,7,1240,1,2,1,1.0,1.0,06019,M,,,06
201700003962,17,4,17,1710,1,2,1,1.0,6.0,06147,M,4378818.0,727300.0,06
201700003963,17,5,26,2215,5,1,1,1.0,6.0,06147,M,4375776.0,727835.0,06
201700003964,17,7,19,915,1,2,1,1.0,6.0,06075,M,4385737.0,722957.0,06
201700003965,17,8,22,1330,1,2,3,1.0,1.0,06075,M,4385588.0,723122.0,06
201700003966,17,10,6,1430,1,1,1,1.0,6.0,06147,M,4376260.0,728208.0,06
201700003967,17,10,8,1540,1,2,1,1.0,6.0,06075,M,4385588.0,723122.0,06