Num_Acc,an,mois,jour,hrmn,lum,agg,int,atm,col,com,gps,lat,long,dep
201700003968,17,10,8,2145,5,1,1,1.0,6.0,06147,M,4378189.0,727507.0,06
201700003969,17,10,14,45,5,2,1,1.0,6.0,06147,M,4379410.0,727023.0,06
201700003970,17,10,14,1725,1,1,1,1.0,6.0,06147,M,4378832.0,727305.0,06
201700003971,17,2,10,1540,1,2,1,1.0,2.0,06011,M,4370326.0,733007.0,06
201700003972,17,6,24,1825,1,2,1,1.0,6.0,06011,M,4370560.0,733433.0,06
201700003973,17,7,7,1810,1,2,3,1.0,6.0,06011,M,4370884.0,733027.0,06
201700003974,17,7,31,1050,1,2,1,1.0,3.0,06121,M,4370107.0,732543.0,06
201700003975,17,8,2,1450,1,2,1,1.0,6.0,06011,M,4370800.0,733183.0,06
201700003976,17,8,5,1015,1,2,1,1.0,3.0,06011,M,4371387.0,734170.0,06
201700003977,17,8,16,2250,5,2,1,1.0,1.0,06011,M,4370269.0,732933.0,06
201700003978,17,10,3,1619,1,2,3,1.0,6.0,06011,M,4370393.0,733113.0,06
201700003979,17,10,15,1255,1,2,3,1.0,6.0,06011,M,4370379.0,733364.0,06
201700003980,17,6,2,1205,1,1,1,1.0,6.0,06058,M,4374219.0,676276.0,06
201700003981,17,7,17,740,1,1,1,7.0,7.0,06003,M,4378146.0,682807.0,06
201700003982,17,8,5,1314,1,1,1,1.0,7.0,06134,M,4377080.0,668753.0,06
201700003983,17,8,6,2305,3,1,1,1.0,7.0,06070,M,4382054.0,689431.0,06
201700003984,17,1,1,330,5,2,1,1.0,6.0,06157,M,4372287.0,710971.0,06
201700003985,17,1,3,2130,5,2,1,1.0,6.0,06157,M,4370305.0,713250.0,06
201700003986,17,1,27,1250,1,2,1,1.0,1.0,06157,M,4372938.0,711967.0,06
201700003987,17,2,12,2040,5,2,1,1.0,7.0,06157,M,4372659.0,710414.0,06
201700003988,17,2,24,1745,1,2,9,1.0,6.0,06128,M,4368582.0,712421.0,06
201700003989,17,4,10,1730,1,2,9,1.0,2.0,06122,M,4374536.0,713642.0,06
201700003990,17,4,24,2225,3,1,1,1.0,6.0,06157,M,4374328.0,713179.0,06
201700003991,17,4,29,1700,1,2,9,1.0,3.0,06065,M,4372616.0,715425.0,06
201700003992,17,5,16,1655,1,1,1,1.0,6.0,06157,M,4373220.0,711938.0,06
201700003993,17,6,1,1245,1,1,1,1.0,6.0,06128,M,4369912.0,712998.0,06
201700003994,17,6,10,1325,1,1,1,1.0,1.0,06065,M,4372963.0,717302.0,06
201700003995,17,7,3,1730,1,1,1,1.0,7.0,06157,M,4374640.0,710090.0,06
201700003996,17,7,31,1535,1,2,1,1.0,2.0,06157,M,4372380.0,709572.0,06
201700003997,17,8,9,1830,1,1,1,1.0,3.0,06050,M,4378935.0,703756.0,06
201700003998,17,8,11,1538,1,1,1,1.0,6.0,06157,M,4374941.0,709592.0,06
201700003999,17,9,18,1335,1,2,8,8.0,6.0,06157,M,4371694.0,711458.0,06
201700004000,17,12,10,1045,1,2,1,3.0,6.0,06157,M,4372201.0,711331.0,06
201700004001,17,12,14,1740,5,2,3,1.0,3.0,06065,M,4372158.0,716554.0,06
201700004002,17,12,21,1645,1,2,9,1.0,6.0,06157,M,4372682.0,712204.0,06
201700004003,17,1,1,1450,1,1,1,1.0,1.0,06158,M,4393587.0,707131.0,06
201700004004,17,2,24,1415,1,1,1,1.0,6.0,06101,M,4396490.0,700328.0,06
201700004005,17,3,30,1920,1,2,1,1.0,6.0,06143,M,4394717.0,701350.0,06
201700004006,17,8,4,1445,1,1,1,1.0,5.0,06144,M,4393802.0,716534.0,06
201700004007,17,8,10,1830,1,1,1,1.0,6.0,06101,M,4394833.0,697209.0,06
201700004008,17,8,18,1040,1,1,1,1.0,3.0,06099,M,4395419.0,691719.0,06
201700004009,17,8,19,1800,1,1,1,1.0,1.0,06144,M,4394272.0,718870.0,06
201700004010,17,9,14,1450,1,2,1,1.0,1.0,06143,M,4394744.0,700416.0,06
201700004011,17,10,7,1610,1,1,1,1.0,6.0,06151,M,4388351.0,719036.0,06
201700004012,17,1,5,1300,1,1,1,1.0,1.0,06141,M,4390038.0,710844.0,06
201700004013,17,2,25,1510,1,1,9,1.0,3.0,06066,M,4384057.0,718576.0,06
201700004014,17,9,20,1705,1,1,9,1.0,3.0,06066,M,4385261.0,716041.0,06
201700004015,17,11,30,1635,1,2,1,1.0,7.0,06066,M,4384885.0,716474.0,06
201700004016,17,1,15,1815,3,1,1,1.0,7.0,83055,M,4359459.0,667997.0,83
201700004017,17,2,16,2230,3,1,1,1.0,6.0,83055,M,4362536.0,666773.0,83
201700004018,17,2,18,1610,1,1,1,1.0,7.0,83133,M,,,83
201700004019,17,2,22,2020,3,1,1,1.0,5.0,83138,M,4361631.0,671597.0,83
201700004020,17,3,3,1730,1,1,1,1.0,6.0,83133,M,4358280.0,683008.0,83
201700004021,17,4,12,1545,1,1,1,1.0,3.0,83133,M,4359217.0,686327.0,83
201700004022,17,4,23,1530,1,1,1,1.0,7.0,83008,M,4353885.0,669276.0,83
201700004023,17,5,23,1745,1,1,3,1.0,3.0,83008,M,4352113.0,664974.0,83
201700004024,17,6,4,1911,1,1,9,1.0,6.0,83081,M,4358385.0,680057.0,83
201700004025,17,6,11,2330,3,1,1,1.0,6.0,83124,M,4358751.0,663243.0,83
201700004026,17,7,6,325,5,2,1,1.0,6.0,83081,M,4361749.0,676401.0,83
201700004027,17,7,24,1615,1,1,1,1.0,1.0,83133,M,4358698.0,689645.0,83
201700004028,17,8,22,1150,1,1,1,1.0,6.0,83080,M,4368956.0,670809.0,83
201700004029,17,9,4,1940,2,1,1,1.0,2.0,83081,M,4360579.0,676642.0,83
201700004030,17,10,2,630,2,1,1,1.0,6.0,83055,M,4358953.0,667876.0,83
201700004031,17,12,15,1315,1,1,3,1.0,3.0,83008,M,4355035.0,669846.0,83
201700004032,17,12,17,1820,3,2,1,1.0,7.0,83133,M,4357389.0,685347.0,83
201700004033,17,3,12,1650,1,1,1,2.0,6.0,83023,M,4340587.0,615976.0,83
201700004034,17,6,1,1905,1,2,4,1.0,1.0,83023,M,4340701.0,605692.0,83
201700004035,17,7,28,1130,1,2,2,1.0,1.0,83023,M,4341091.0,606245.0,83
201700004036,17,8,26,1030,1,1,1,1.0,2.0,83023,M,4341365.0,607295.0,83
201700004037,17,9,15,1750,1,1,1,1.0,6.0,83037,M,4339802.0,599360.0,83
201700004038,17,10,24,2045,5,2,1,1.0,1.0,83023,M,4341511.0,606896.0,83
201700004039,17,11,2,1115,1,2,9,1.0,3.0,83023,M,4340561.0,607765.0,83
201700004040,17,12,18,2000,5,2,6,1.0,6.0,83023,M,4340959.0,606281.0,83
201700004041,17,3,16,1015,1,1,1,1.0,7.0,83104,M,4363894.0,580236.0,83
201700004042,17,4,8,2042,5,2,1,1.0,1.0,83104,M,4364565.0,577863.0,83
201700004043,17,6,4,1020,1,1,1,1.0,1.0,83104,M,4360387.0,573406.0,83
201700004044,17,6,14,1505,1,2,1,1.0,1.0,83104,M,4360498.0,575355.0,83
201700004045,17,6,16,1700,1,1,1,1.0,6.0,83066,M,4365666.0,584734.0,83
201700004046,17,7,4,1730,1,1,1,1.0,1.0,83150,M,4370156.0,582859.0,83
201700004047,17,7,30,1800,1,1,1,1.0,6.0,83146,M,4365839.0,598263.0,83
201700004048,17,9,22,1430,1,1,1,1.0,7.0,83150,M,4370705.0,581663.0,83
201700004049,17,11,12,2345,3,1,1,1.0,7.0,83150,M,4371905.0,581195.0,83
201700004050,17,12,8,1200,1,1,1,1.0,3.0,83150,M,4372841.0,583568.0,83
201700004051,17,3,1,2005,5,2,1,1.0,3.0,83106,M,4331279.0,607505.0,83
201700004052,17,3,13,910,1,1,1,1.0,3.0,83077,M,4327780.0,597348.0,83
201700004053,17,3,15,1550,1,1,1,1.0,6.0,83076,M,4334686.0,593234.0,83
201700004054,17,6,8,1625,1,2,1,1.0,3.0,83064,M,4332983.0,604347.0,83
201700004055,17,7,16,2205,3,1,1,1.0,6.0,83059,M,4333911.0,610575.0,83
201700004056,17,8,8,1150,1,1,1,1.0,3.0,83106,M,4330648.0,608392.0,83
201700004057,17,9,14,1044,1,1,1,1.0,1.0,83106,M,4330504.0,607493.0,83
201700004058,17,1,16,830,1,1,1,1.0,1.0,83107,M,4347430.0,663652.0,83
201700004059,17,2,7,815,1,1,9,1.0,6.0,83099,M,4345554.0,669016.0,83
201700004060,17,2,25,1500,1,2,9,1.0,1.0,83001,M,4353039.0,682071.0,83
201700004061,17,3,5,110,3,1,1,8.0,6.0,83107,M,4334645.0,667669.0,83
201700004062,17,4,5,1805,1,1,1,1.0,5.0,83107,M,4343606.0,665998.0,83
201700004063,17,5,5,1728,1,1,1,1.0,2.0,83107,M,4339851.0,667580.0,83
201700004064,17,6,27,1956,1,2,1,1.0,6.0,83099,M,4345676.0,667767.0,83
201700004065,17,7,11,1550,1,1,1,1.0,4.0,83099,M,4347191.0,668622.0,83
201700004066,17,7,17,2000,1,1,9,1.0,7.0,83107,M,4338814.0,667667.0,83
201700004067,17,7,26,750,1,2,1,1.0,3.0,83107,M,4346291.0,663401.0,83
201700004068,17,8,4,115,3,1,1,1.0,7.0,83107,M,4342529.0,667540.0,83
201700004069,17,8,5,1133,1,2,3,1.0,3.0,83107,M,4344792.0,663323.0,83
201700004070,17,9,5,1700,1,1,1,1.0,1.0,83001,M,4354387.0,681128.0,83
201700004071,17,9,9,715,1,2,1,1.0,3.0,83099,M,4345275.0,669081.0,83
201700004072,17,11,9,1950,5,2,6,3.0,2.0,83099,M,4347191.0,668622.0,83
201700004073,17,11,12,812,3,1,1,1.0,6.0,83107,M,,,83
201700004074,17,11,25,2330,3,1,1,1.0,7.0,83107,M,4350594.0,663577.0,83
201700004075,17,12,15,1420,1,2,3,1.0,2.0,83099,M,4345545.0,669192.0,83
201700004076,17,1,17,20,3,1,1,1.0,7.0,83079,M,4321155.0,648284.0,83
201700004077,17,1,23,1815,5,1,1,1.0,3.0,83068,M,4326925.0,654048.0,83
201700004078,17,2,19,1500,1,1,9,1.0,3.0,83068,M,4329548.0,661748.0,83
201700004079,17,2,4,1635,1,1,1,1.0,2.0,83068,M,4327275.0,654064.0,83
201700004080,17,2,28,2300,5,2,1,1.0,7.0,83042,M,4326271.0,651518.0,83
201700004081,17,3,14,1315,1,2,1,1.0,6.0,83042,M,4325627.0,653251.0,83
201700004082,17,3,25,755,1,2,1,8.0,1.0,83068,M,4327338.0,651274.0,83
201700004083,17,4,9,500,3,1,1,1.0,6.0,83068,M,4328227.0,653298.0,83
201700004084,17,4,12,1905,1,2,1,1.0,3.0,83079,M,4321155.0,648284.0,83
201700004085,17,4,26,750,1,2,1,2.0,3.0,83068,M,4326446.0,654614.0,83
201700004086,17,5,14,40,3,1,1,1.0,6.0,83068,M,4327275.0,654064.0,83
201700004087,17,5,24,700,2,1,1,1.0,6.0,83042,M,4324225.0,650196.0,83
201700004088,17,6,3,1725,1,1,1,1.0,4.0,83068,M,4329345.0,661413.0,83
201700004089,17,6,13,1540,1,1,1,1.0,3.0,83068,M,4326924.0,654441.0,83
201700004090,17,6,29,1130,1,1,1,1.0,1.0,83042,M,4322954.0,651374.0,83
201700004091,17,7,4,830,1,1,1,1.0,1.0,83042,M,4325743.0,656657.0,83
201700004092,17,7,9,2045,1,1,1,1.0,3.0,83068,M,4327894.0,657847.0,83
201700004093,17,7,26,400,5,2,1,1.0,7.0,83068,M,4328227.0,653298.0,83
201700004094,17,8,8,2250,5,1,1,1.0,6.0,83068,M,4328470.0,659533.0,83
201700004095,17,8,9,1525,1,1,1,7.0,3.0,83042,M,4326162.0,656725.0,83
201700004096,17,9,2,630,1,2,1,1.0,3.0,83068,M,4328227.0,653298.0,83
201700004097,17,10,25,1720,1,1,1,1.0,5.0,83042,M,4325416.0,655694.0,83
201700004098,17,10,29,525,3,1,1,1.0,1.0,83068,M,4326061.0,653093.0,83
201700004099,17,11,3,1845,3,1,1,1.0,3.0,83063,M,4330067.0,647641.0,83
201700004100,17,11,20,1713,2,1,1,1.0,3.0,83079,M,4320371.0,647457.0,83
201700004101,17,12,5,1420,1,1,1,1.0,1.0,83079,M,4322784.0,651030.0,83
201700004102,17,2,10,830,1,2,1,1.0,6.0,83115,M,4330951.0,663417.0,83
201700004103,17,2,19,1705,1,1,1,1.0,5.0,83115,M,4332475.0,666468.0,83
201700004104,17,4,11,1725,1,1,1,1.0,6.0,83094,M,4334144.0,656174.0,83
201700004105,17,4,17,1125,1,1,1,1.0,6.0,83107,M,4335287.0,671260.0,83
201700004106,17,5,8,800,1,1,1,1.0,2.0,83115,M,4331319.0,666949.0,83
201700004107,17,5,13,1045,1,2,1,1.0,6.0,83115,M,4330937.0,663634.0,83
201700004108,17,6,8,2235,5,2,1,1.0,6.0,83115,M,4331130.0,663674.0,83
201700004109,17,6,9,1700,1,1,1,1.0,2.0,83107,M,,,83
201700004110,17,7,22,2330,3,1,1,1.0,6.0,83094,M,4331598.0,654289.0,83
201700004111,17,8,5,415,3,1,1,1.0,6.0,83115,M,4333083.0,658166.0,83
201700004112,17,8,7,1105,1,2,1,1.0,6.0,83107,M,4334192.0,669232.0,83
201700004113,17,8,7,2340,5,1,4,1.0,3.0,83107,M,4336808.0,670339.0,83
201700004114,17,8,30,1715,1,2,1,1.0,6.0,83107,M,4336736.0,671217.0,83
201700004115,17,9,1,2145,5,2,1,6.0,1.0,83115,M,4331785.0,666573.0,83
201700004116,17,9,3,1430,1,2,1,1.0,6.0,83115,M,4331907.0,666486.0,83
201700004117,17,10,3,615,2,2,1,1.0,3.0,83115,M,4330598.0,663240.0,83
201700004118,17,10,9,1800,2,2,1,1.0,1.0,83107,M,4334529.0,671061.0,83
201700004119,17,3,2,815,1,1,1,1.0,3.0,83065,M,4325982.0,659250.0,83
201700004120,17,3,29,710,2,1,1,1.0,6.0,83101,M,4321316.0,664200.0,83
201700004121,17,3,30,1125,1,1,1,1.0,6.0,83065,M,4324946.0,657281.0,83
201700004122,17,4,24,900,1,2,1,1.0,7.0,83119,M,4326495.0,664108.0,83
201700004123,17,4,25,850,1,1,1,1.0,3.0,83101,M,4322410.0,664975.0,83
201700004124,17,4,30,1710,1,1,1,1.0,3.0,83065,M,4326222.0,660174.0,83
201700004125,17,5,7,1320,1,2,1,1.0,6.0,83119,M,4326527.0,662504.0,83
201700004126,17,4,30,935,1,2,1,1.0,6.0,83119,M,4326751.0,664272.0,83
201700004127,17,5,25,1900,1,2,1,1.0,6.0,83119,M,4326990.0,664032.0,83
201700004128,17,5,29,830,1,2,1,1.0,1.0,83119,M,4326372.0,666790.0,83
201700004129,17,5,31,615,1,2,1,1.0,7.0,83119,M,4326516.0,662588.0,83
201700004130,17,7,4,1900,1,2,1,1.0,3.0,83119,M,4326808.0,663189.0,83
201700004131,17,7,4,2200,3,1,1,5.0,1.0,83101,M,4322410.0,664975.0,83
201700004132,17,7,6,2110,2,1,3,1.0,6.0,83065,M,4326146.0,657903.0,83
201700004133,17,8,6,1530,1,1,1,1.0,4.0,83101,M,4322211.0,664932.0,83
201700004134,17,8,15,500,5,1,9,1.0,1.0,83065,M,4326219.0,660310.0,83
201700004135,17,8,18,430,3,1,1,1.0,3.0,83065,M,4326233.0,660382.0,83
201700004136,17,8,19,420,3,1,1,1.0,6.0,83101,M,4321271.0,662501.0,83
201700004137,17,8,22,1100,1,1,1,1.0,2.0,83065,M,4323928.0,658719.0,83
201700004138,17,9,10,430,3,1,1,1.0,6.0,83101,M,4325108.0,664452.0,83
201700004139,17,9,14,30,5,2,1,1.0,6.0,83119,M,4326680.0,662803.0,83
201700004140,17,1,18,1330,1,2,1,1.0,6.0,83016,M,4319767.0,580378.0,83
201700004141,17,3,2,1740,1,2,1,1.0,7.0,83035,M,4320747.0,577132.0,83
201700004142,17,4,16,1645,1,1,1,1.0,5.0,83035,M,4321241.0,578912.0,83
201700004143,17,6,14,1835,1,2,1,1.0,6.0,83127,M,4329032.0,586372.0,83
201700004144,17,6,25,1240,1,1,1,1.0,7.0,83127,M,4326178.0,580708.0,83
201700004145,17,7,12,1445,1,1,9,1.0,1.0,83016,M,4318240.0,582204.0,83
201700004146,17,7,12,2100,1,1,1,1.0,1.0,83035,M,4325212.0,577786.0,83
201700004147,17,7,21,1527,1,2,6,1.0,6.0,83016,M,4319581.0,580653.0,83
201700004148,17,7,31,1130,1,1,1,1.0,1.0,83035,M,4324586.0,580606.0,83
201700004149,17,9,10,945,1,1,1,1.0,7.0,83016,M,4319312.0,580989.0,83
201700004150,17,9,15,1745,1,1,1,8.0,3.0,83035,M,4324582.0,579201.0,83
201700004151,17,9,28,1900,1,2,1,1.0,3.0,83016,M,4320023.0,581105.0,83
201700004152,17,9,29,1710,1,1,1,1.0,5.0,83016,M,4318184.0,582252.0,83
201700004153,17,10,25,1720,1,2,1,1.0,7.0,83016,M,4319419.0,581633.0,83
201700004154,17,12,16,1440,1,1,1,1.0,6.0,83016,M,4321336.0,581476.0,83
201700004155,17,12,23,1830,3,1,1,1.0,6.0,83127,M,4328555.0,584697.0,83
201700004156,17,2,3,915,1,2,1,1.0,6.0,83047,M,4314786.0,607562.0,83
201700004157,17,5,21,1655,1,1,1,1.0,3.0,83047,M,4313158.0,607029.0,83
201700004158,17,12,3,500,3,1,1,1.0,6.0,83047,M,4313140.0,604537.0,83
201700004159,17,1,24,900,1,1,1,1.0,6.0,83071,M,4315000.0,628234.0,83
201700004160,17,8,20,1330,1,2,1,1.0,6.0,83071,M,4312860.0,624147.0,83
201700004161,17,9,1,1300,1,2,1,1.0,1.0,83071,M,4313633.0,622989.0,83
201700004162,17,9,10,1030,1,2,1,1.0,6.0,83071,M,4313594.0,623309.0,83
201700004163,17,11,14,805,1,1,1,1.0,3.0,83071,M,4312943.0,627075.0,83
201700004164,17,2,16,1945,5,2,1,1.0,6.0,83112,M,4318225.0,568952.0,83
201700004165,17,2,28,1320,1,2,1,1.0,3.0,83112,M,4318373.0,570057.0,83
201700004166,17,3,2,1600,1,1,1,1.0,1.0,83112,M,4317436.0,572780.0,83
201700004167,17,5,28,1740,1,1,1,1.0,1.0,83112,M,4315653.0,571478.0,83
201700004168,17,6,6,2240,5,2,1,1.0,3.0,83112,M,4317467.0,570082.0,83
201700004169,17,7,14,1430,1,1,1,1.0,2.0,83112,M,4318069.0,568055.0,83
201700004170,17,7,16,1400,1,1,1,1.0,7.0,83112,M,4317153.0,570563.0,83
201700004171,17,7,19,1800,1,2,1,1.0,7.0,83112,M,4319239.0,568072.0,83
201700004172,17,7,24,2345,5,2,6,1.0,6.0,83112,M,4317153.0,570563.0,83
201700004173,17,8,1,1000,1,2,1,1.0,6.0,83112,M,4318197.0,568993.0,83
201700004174,17,8,4,1500,1,1,1,1.0,3.0,83112,M,4317153.0,570563.0,83
201700004175,17,8,19,1645,1,2,1,1.0,6.0,83112,M,4317922.0,570009.0,83
201700004176,17,8,25,1030,1,2,1,1.0,6.0,83112,M,4317275.0,569792.0,83
201700004177,17,9,5,1750,1,1,1,1.0,2.0,83027,M,4316735.0,576905.0,83
201700004178,17,10,11,1720,1,1,1,1.0,7.0,83027,M,4320275.0,572338.0,83
201700004179,17,10,23,830,1,2,1,8.0,6.0,83112,M,4318208.0,569545.0,83
201700004180,17,11,11,2122,3,1,1,1.0,6.0,83027,M,4318406.0,573819.0,83
201700004181,17,12,16,1420,1,2,1,1.0,1.0,83112,M,4316838.0,569618.0,83
201700004182,17,1,21,1715,2,2,1,1.0,6.0,84141,M,4397973.0,490616.0,84
201700004183,17,4,19,1710,1,2,6,1.0,6.0,84119,M,4395688.0,493085.0,84
201700004184,17,4,26,950,1,2,1,1.0,6.0,84119,M,4395524.0,492958.0,84
201700004185,17,5,28,1720,1,2,3,1.0,1.0,84036,M,4392747.0,494892.0,84
201700004186,17,6,13,1630,1,1,1,7.0,1.0,84034,M,4388420.0,497566.0,84
201700004187,17,6,20,1710,1,1,9,1.0,3.0,84141,M,4396111.0,489917.0,84
201700004188,17,6,24,48,5,2,3,1.0,3.0,84141,M,4397541.0,490216.0,84
201700004189,17,7,13,1820,1,2,6,1.0,3.0,84081,M,4393969.0,490327.0,84
201700004190,17,9,29,1125,1,1,1,1.0,2.0,84141,M,4398084.0,488689.0,84
201700004191,17,10,20,40,5,1,1,1.0,6.0,84141,M,4397227.0,490567.0,84
201700004192,17,10,20,909,1,2,9,1.0,6.0,84141,M,4398527.0,490157.0,84
201700004193,17,10,24,1545,1,2,9,2.0,6.0,84081,M,4395273.0,490208.0,84
201700004194,17,12,6,1230,1,1,3,1.0,5.0,84034,M,4390376.0,494774.0,84
201700004195,17,1,23,1500,1,1,1,1.0,2.0,84054,M,4390190.0,505478.0,84
201700004196,17,1,29,2030,3,1,6,1.0,7.0,84132,M,4388275.0,500675.0,84
201700004197,17,2,11,1725,1,1,1,1.0,1.0,84054,M,4394256.0,506052.0,84
201700004198,17,4,25,1745,1,1,1,1.0,3.0,84054,M,4388615.0,504095.0,84
201700004199,17,5,20,2230,3,1,1,1.0,1.0,84054,M,4392038.0,508025.0,84
201700004200,17,5,23,1000,1,2,1,1.0,2.0,84054,M,4391736.0,506225.0,84
201700004201,17,5,24,1030,1,1,3,1.0,3.0,84054,M,4391910.0,502913.0,84
201700004202,17,5,25,740,1,1,1,1.0,1.0,84054,M,4391201.0,503428.0,84
201700004203,17,6,9,2145,3,1,1,1.0,1.0,84054,M,4387778.0,503910.0,84
201700004204,17,6,15,1015,1,1,1,1.0,5.0,84054,M,4388314.0,504065.0,84
201700004205,17,8,20,545,3,1,1,1.0,6.0,84054,M,4390416.0,501833.0,84
201700004206,17,8,30,120,3,2,1,1.0,6.0,84132,M,4392913.0,499688.0,84
201700004207,17,10,4,1930,3,1,1,1.0,6.0,84132,M,4389729.0,498759.0,84
201700004208,17,10,6,539,3,1,1,1.0,6.0,84054,M,4391082.0,503199.0,84
201700004209,17,11,8,1130,1,2,1,1.0,2.0,84054,M,4392227.0,504257.0,84
201700004210,17,12,9,1930,3,1,1,1.0,1.0,84132,M,4391667.0,499637.0,84
201700004211,17,3,28,800,1,2,2,1.0,3.0,84092,M,4396255.0,486325.0,84
201700004212,17,4,18,950,1,2,1,6.0,7.0,84092,M,,,84
201700004213,17,4,23,1805,1,2,3,1.0,3.0,84092,M,4396276.0,486623.0,84
201700004214,17,5,27,1500,1,1,3,1.0,1.0,84092,M,4397752.0,485900.0,84
201700004215,17,8,14,1235,1,2,1,1.0,7.0,84092,M,4396151.0,485802.0,84
201700004216,17,9,15,755,1,2,1,1.0,3.0,84092,M,4396127.0,486339.0,84
201700004217,17,11,12,815,1,2,1,1.0,6.0,84092,M,4395544.0,484189.0,84
201700004218,17,11,15,1745,5,2,3,1.0,2.0,84092,M,4396547.0,486321.0,84
201700004219,17,11,20,1240,1,2,3,1.0,3.0,84092,M,4395363.0,485827.0,84
201700004220,17,11,28,715,2,2,1,1.0,3.0,84092,M,4395597.0,484413.0,84
201700004221,17,12,18,1450,1,2,2,1.0,5.0,84092,M,4396389.0,485829.0,84
201700004222,17,1,26,830,1,1,1,4.0,1.0,84016,M,4404712.0,487958.0,84
201700004223,17,2,2,725,1,2,1,1.0,1.0,84129,M,4400475.0,489255.0,84
201700004224,17,2,4,330,5,1,1,1.0,6.0,84129,M,4400812.0,488491.0,84
201700004225,17,2,9,1855,5,2,1,1.0,6.0,84129,M,4400344.0,488155.0,84
201700004226,17,2,14,1935,5,2,4,2.0,6.0,84129,M,4400852.0,487271.0,84
201700004227,17,2,16,1400,1,2,1,1.0,3.0,84129,M,4400485.0,487204.0,84
201700004228,17,2,24,1730,2,2,1,6.0,6.0,84016,M,4403717.0,488932.0,84
201700004229,17,3,6,840,1,2,1,2.0,1.0,84129,M,4402591.0,488625.0,84
201700004230,17,3,8,1800,2,2,1,1.0,3.0,84129,M,4401166.0,486650.0,84
201700004231,17,3,9,1530,1,1,1,6.0,4.0,84016,M,4405009.0,488868.0,84
201700004232,17,3,10,30,5,2,1,1.0,6.0,84129,M,4399783.0,488229.0,84
201700004233,17,3,18,1406,1,1,1,1.0,3.0,84129,M,4400812.0,488491.0,84
201700004234,17,4,1,1900,1,1,1,1.0,7.0,84129,M,4398971.0,488105.0,84
201700004235,17,4,2,2130,5,2,1,8.0,1.0,84129,M,4401734.0,487604.0,84
201700004236,17,4,15,1240,1,1,2,1.0,3.0,84129,M,4397460.0,485800.0,84
201700004237,17,4,24,2240,5,2,5,1.0,2.0,84129,M,4399248.0,486414.0,84
201700004238,17,4,27,1750,1,2,1,1.0,3.0,84129,M,4400762.0,487763.0,84
201700004239,17,5,26,520,2,1,1,1.0,6.0,84016,M,4404183.0,489949.0,84
201700004240,17,6,1,1610,1,2,6,3.0,3.0,84129,M,4400812.0,488491.0,84
201700004241,17,6,5,1830,1,2,1,1.0,6.0,84129,M,4401892.0,487791.0,84
201700004242,17,6,12,630,1,2,4,1.0,1.0,84016,M,4403973.0,489714.0,84
201700004243,17,6,16,415,2,2,2,1.0,3.0,84016,M,4404451.0,488916.0,84
201700004244,17,6,16,1630,1,1,1,1.0,6.0,84129,M,4399300.0,488453.0,84
201700004245,17,6,30,545,2,2,2,1.0,6.0,84129,M,4396111.0,489917.0,84
201700004246,17,7,13,1830,1,1,1,1.0,3.0,84016,M,4404821.0,490078.0,84
201700004247,17,7,15,900,1,1,1,1.0,6.0,84016,M,4403168.0,492063.0,84
201700004248,17,7,26,1400,1,2,1,1.0,6.0,84016,M,4404821.0,490078.0,84
201700004249,17,8,4,1715,1,2,4,1.0,1.0,84129,M,4400406.0,487407.0,84
201700004250,17,8,7,1205,1,2,6,1.0,2.0,84129,M,4400594.0,488713.0,84
201700004251,17,9,17,525,3,1,1,1.0,6.0,84129,M,4403138.0,486750.0,84
201700004252,17,10,4,825,1,2,1,1.0,7.0,84129,M,4398493.0,488890.0,84
201700004253,17,10,8,2214,3,1,2,1.0,7.0,84016,M,4403262.0,491338.0,84
201700004254,17,10,15,2040,4,2,1,1.0,7.0,84129,M,4401228.0,488584.0,84
201700004255,17,10,16,1630,1,2,2,1.0,4.0,84129,M,4399461.0,486531.0,84
201700004256,17,10,18,1620,1,2,3,1.0,3.0,84016,M,4404132.0,489295.0,84
201700004257,17,10,31,1715,2,1,1,1.0,3.0,84129,M,4398456.0,488657.0,84
201700004258,17,12,10,1045,1,1,6,2.0,3.0,84129,M,4398484.0,489024.0,84
201700004259,17,2,7,1900,5,1,6,1.0,3.0,84003,M,4388453.0,536004.0,84
201700004260,17,4,3,1200,1,1,1,1.0,6.0,84105,M,4386027.0,543791.0,84
201700004261,17,5,18,1235,1,1,1,1.0,6.0,84003,M,4388133.0,542570.0,84
201700004262,17,6,7,855,1,2,1,1.0,6.0,84003,M,4387603.0,540003.0,84
201700004263,17,6,20,1430,1,2,3,1.0,1.0,84003,M,4388537.0,538105.0,84
201700004264,17,6,21,715,1,1,4,1.0,6.0,84145,M,4392867.0,542117.0,84
201700004265,17,7,13,1010,1,2,1,1.0,6.0,84118,M,4394650.0,538761.0,84
201700004266,17,7,21,220,5,2,1,1.0,6.0,84047,M,4389279.0,536651.0,84
201700004267,17,9,3,1610,1,1,1,1.0,6.0,84048,M,4394314.0,552467.0,84
201700004268,17,9,9,1300,1,1,1,2.0,1.0,84105,M,4386819.0,545542.0,84
201700004269,17,7,19,2240,3,1,1,1.0,6.0,84003,M,4387623.0,537155.0,84
201700004270,17,11,8,1130,1,2,3,1.0,6.0,84003,M,4388103.0,539490.0,84