Num_Acc,an,mois,jour,hrmn,lum,agg,int,atm,col,com,gps,lat,long,dep
201700004271,17,11,18,1455,1,1,3,1.0,3.0,84118,M,4393046.0,534643.0,84
201700004272,17,11,26,515,4,2,1,1.0,6.0,84047,M,4389297.0,534713.0,84
201700004273,17,12,15,1600,1,2,3,1.0,6.0,84003,M,4388543.0,537461.0,84
201700004274,17,2,6,1605,1,1,3,1.0,3.0,84026,M,4372022.0,539180.0,84
201700004275,17,2,7,2040,3,2,1,1.0,7.0,84065,M,4375147.0,530361.0,84
201700004276,17,5,5,145,5,2,6,1.0,6.0,84026,M,4373007.0,538621.0,84
201700004277,17,6,25,900,1,1,1,1.0,1.0,84074,M,4374324.0,517771.0,84
201700004278,17,6,26,1300,1,1,1,8.0,6.0,84147,M,4371749.0,541736.0,84
201700004279,17,7,9,1130,1,1,1,2.0,1.0,84026,M,4374138.0,534513.0,84
201700004280,17,7,22,2150,3,1,1,1.0,2.0,84026,M,4373007.0,538621.0,84
201700004281,17,7,22,2015,2,1,1,1.0,1.0,84026,M,4371144.0,536557.0,84
201700004282,17,8,6,800,1,1,1,2.0,6.0,84095,M,4374671.0,534015.0,84
201700004283,17,9,5,1500,1,2,1,1.0,7.0,84026,M,4373677.0,536611.0,84
201700004284,17,9,16,1029,1,1,1,1.0,3.0,84065,M,4374359.0,531364.0,84
201700004285,17,9,23,100,3,1,1,1.0,7.0,84074,M,4375288.0,518081.0,84
201700004286,17,9,29,2235,3,1,1,1.0,7.0,84095,M,4374447.0,534004.0,84
201700004287,17,2,25,2030,3,2,1,1.0,6.0,84122,M,4407877.0,496708.0,84
201700004288,17,3,2,1840,2,1,3,1.0,3.0,84049,M,4415748.0,501488.0,84
201700004289,17,3,31,1750,1,1,3,1.0,3.0,84067,M,4406474.0,500216.0,84
201700004290,17,5,1,1730,1,1,1,1.0,1.0,84012,M,4412022.0,501767.0,84
201700004291,17,5,28,1545,1,1,1,1.0,1.0,84122,M,4411430.0,497878.0,84
201700004292,17,5,24,1745,1,1,3,1.0,3.0,84012,M,4411629.0,501657.0,84
201700004293,17,6,11,1130,1,1,1,1.0,1.0,84004,M,4411407.0,501844.0,84
201700004294,17,7,1,1815,1,1,1,1.0,7.0,84067,M,4408406.0,501330.0,84
201700004295,17,10,27,745,2,2,1,1.0,6.0,84004,M,4409733.0,502541.0,84
201700004296,17,11,30,1750,3,1,3,1.0,3.0,84004,M,4407461.0,504125.0,84
201700004297,17,1,6,2345,3,2,1,6.0,6.0,84078,M,4424302.0,470714.0,84
201700004298,17,1,9,1415,1,2,6,1.0,4.0,84019,M,4427752.0,475839.0,84
201700004299,17,1,14,1100,1,1,9,1.0,6.0,84063,M,4427544.0,466798.0,84
201700004300,17,1,16,1450,1,1,1,6.0,6.0,84063,M,4426135.0,466238.0,84
201700004301,17,2,15,745,1,1,1,1.0,1.0,84064,M,4431280.0,468563.0,84
201700004302,17,3,2,1630,1,2,6,1.0,3.0,84019,M,4428297.0,475085.0,84
201700004303,17,5,1,1700,1,1,1,1.0,6.0,84078,M,4425374.0,468895.0,84
201700004304,17,5,21,1115,1,1,1,1.0,1.0,84078,M,4424381.0,472224.0,84
201700004305,17,6,15,1000,1,2,1,1.0,3.0,84019,M,4429204.0,475347.0,84
201700004306,17,6,20,845,1,2,3,1.0,3.0,84019,M,4431070.0,475019.0,84
201700004307,17,7,11,1215,1,1,4,1.0,2.0,84019,M,4427396.0,475895.0,84
201700004308,17,7,21,430,3,1,1,1.0,6.0,84078,M,4424644.0,470812.0,84
201700004309,17,9,3,845,1,1,1,1.0,4.0,84063,M,4426428.0,467523.0,84
201700004310,17,9,21,1745,1,2,2,1.0,3.0,84019,M,4428850.0,475245.0,84
201700004311,17,10,10,2045,5,1,1,1.0,2.0,84064,M,4431265.0,468562.0,84
201700004312,17,10,30,1525,1,1,1,1.0,5.0,84078,M,4423226.0,471210.0,84
201700004313,17,11,11,1525,1,1,1,1.0,6.0,84063,M,4427636.0,467519.0,84
201700004314,17,1,16,1920,3,1,1,4.0,7.0,84150,M,4432683.0,494406.0,84
201700004315,17,1,24,700,5,2,6,1.0,6.0,84138,M,4438722.0,499055.0,84
201700004316,17,3,18,245,3,1,1,1.0,6.0,84097,M,4435532.0,490808.0,84
201700004317,17,4,18,1700,1,2,1,7.0,6.0,84138,M,4438653.0,499046.0,84
201700004318,17,4,22,1945,1,1,1,1.0,5.0,84150,M,4430658.0,496876.0,84
201700004319,17,5,29,1150,1,1,3,1.0,3.0,84138,M,4437518.0,494334.0,84
201700004320,17,9,20,1050,1,2,1,1.0,6.0,84138,M,4438396.0,499374.0,84
201700004321,17,9,30,430,3,1,1,1.0,6.0,84150,M,4433180.0,494709.0,84
201700004322,17,10,29,1000,1,1,3,1.0,2.0,84150,M,4433541.0,494718.0,84
201700004323,17,3,14,1330,1,2,1,1.0,6.0,34090,M,4365302.0,393636.0,34
201700004324,17,4,11,845,1,1,1,1.0,3.0,34057,M,4364758.0,391102.0,34
201700004325,17,5,23,1130,1,2,1,1.0,3.0,34057,M,4364370.0,391549.0,34
201700004326,17,6,5,930,1,2,6,1.0,3.0,34057,M,4363761.0,391119.0,34
201700004327,17,6,11,2330,5,2,6,1.0,7.0,34057,M,4363119.0,390828.0,34
201700004328,17,10,25,1030,1,2,1,1.0,6.0,34090,M,4363698.0,394028.0,34
201700004329,17,11,6,1145,1,2,1,1.0,2.0,34057,M,4364654.0,392993.0,34
201700004330,17,11,28,1400,1,2,1,1.0,2.0,34057,M,4362748.0,391280.0,34
201700004331,17,12,31,2300,3,1,6,1.0,6.0,34244,M,4366510.0,403897.0,34
201700004332,17,1,24,1615,1,1,1,1.0,6.0,34227,M,4374140.0,405075.0,34
201700004333,17,1,26,635,3,1,6,2.0,7.0,34058,M,4366771.0,397509.0,34
201700004334,17,2,25,1440,1,1,1,1.0,3.0,34327,M,4364394.0,395014.0,34
201700004335,17,3,29,1810,1,1,1,1.0,3.0,34327,M,4366265.0,397897.0,34
201700004336,17,3,31,800,1,2,1,1.0,7.0,34244,M,4366297.0,403178.0,34
201700004337,17,3,31,2035,3,1,1,1.0,6.0,34244,M,4367260.0,402681.0,34
201700004338,17,4,6,1030,1,1,1,1.0,2.0,34033,M,4374504.0,408211.0,34
201700004339,17,5,10,1730,1,2,1,1.0,3.0,34327,M,4366070.0,396260.0,34
201700004340,17,5,16,1110,1,1,6,1.0,3.0,34058,M,4366803.0,397571.0,34
201700004341,17,5,19,1730,1,1,1,1.0,2.0,34058,M,4367156.0,397978.0,34
201700004342,17,6,5,1720,1,1,2,1.0,3.0,34256,M,4370444.0,402522.0,34
201700004343,17,6,30,1850,1,2,1,1.0,2.0,34327,M,4365364.0,397043.0,34
201700004344,17,7,7,700,1,1,1,1.0,6.0,34256,M,4369723.0,403768.0,34
201700004345,17,7,22,1030,1,1,1,1.0,6.0,34256,M,4369565.0,403784.0,34
201700004346,17,7,29,835,1,1,1,1.0,3.0,34249,M,4373552.0,399037.0,34
201700004347,17,8,9,1550,1,1,1,1.0,6.0,34256,M,4369902.0,402032.0,34
201700004348,17,8,19,235,5,2,1,1.0,6.0,34022,M,4365809.0,401247.0,34
201700004349,17,10,31,2139,3,1,1,1.0,6.0,34227,M,4371523.0,404654.0,34
201700004350,17,10,11,1115,1,2,9,1.0,6.0,34058,M,4367692.0,398377.0,34
201700004351,17,11,16,705,2,2,9,1.0,6.0,34022,M,4365873.0,401534.0,34
201700004352,17,11,22,1915,5,2,9,1.0,3.0,34058,M,4367778.0,398380.0,34
201700004353,17,11,28,1615,1,2,6,1.0,3.0,34022,M,4365470.0,400009.0,34
201700004354,17,2,25,1215,1,2,1,1.0,3.0,34344,M,4356127.0,407699.0,34
201700004355,17,3,28,1230,1,1,1,1.0,6.0,34344,M,4356150.0,403660.0,34
201700004356,17,4,9,1845,1,2,1,1.0,3.0,34344,M,4356264.0,408031.0,34
201700004357,17,6,16,456,5,2,1,1.0,3.0,34344,M,4356085.0,408181.0,34
201700004358,17,7,4,1530,1,2,1,1.0,6.0,34344,M,4356157.0,408356.0,34
201700004359,17,7,4,1820,1,2,1,7.0,3.0,34344,M,4356130.0,407709.0,34
201700004360,17,8,9,915,1,2,1,1.0,6.0,34344,M,4355968.0,408276.0,34
201700004361,17,10,8,1220,1,2,1,1.0,6.0,34344,M,4355970.0,408904.0,34
201700004362,17,10,21,625,3,2,1,1.0,5.0,34344,M,4357089.0,407870.0,34
201700004363,17,1,12,805,1,1,1,1.0,5.0,34151,M,4361993.0,411720.0,34
201700004364,17,1,18,1130,1,1,1,1.0,1.0,34033,M,4376392.0,408594.0,34
201700004365,17,2,7,950,1,2,1,1.0,6.0,34145,M,4367252.0,414161.0,34
201700004366,17,2,13,35,3,1,1,1.0,7.0,34151,M,4366325.0,417028.0,34
201700004367,17,2,18,1815,2,1,1,1.0,1.0,34272,M,4365721.0,411390.0,34
201700004368,17,2,28,1755,1,2,1,1.0,3.0,34145,M,4367722.0,412084.0,34
201700004369,17,3,10,1130,1,1,1,1.0,6.0,34151,M,4367561.0,415681.0,34
201700004370,17,3,16,800,1,1,1,1.0,7.0,34146,M,4369141.0,405779.0,34
201700004371,17,3,28,1940,2,2,6,1.0,6.0,34145,M,4368655.0,412310.0,34
201700004372,17,4,3,1150,1,2,1,1.0,7.0,34340,M,4373216.0,413701.0,34
201700004373,17,4,7,1810,1,2,1,1.0,6.0,34151,M,4366343.0,417861.0,34
201700004374,17,4,26,1845,1,1,1,1.0,6.0,34145,M,4368294.0,411542.0,34
201700004375,17,5,16,1010,1,2,1,1.0,6.0,34151,M,4366317.0,416716.0,34
201700004376,17,5,21,1945,1,1,1,1.0,7.0,34145,M,4364969.0,413987.0,34
201700004377,17,5,22,15,3,1,1,1.0,6.0,34033,M,4375090.0,406935.0,34
201700004378,17,7,3,2030,2,1,1,1.0,7.0,34146,M,4368585.0,407704.0,34
201700004379,17,7,14,515,2,1,1,1.0,1.0,34294,M,4370815.0,411752.0,34
201700004380,17,7,27,15,3,2,1,1.0,7.0,34145,M,4366650.0,414088.0,34
201700004381,17,8,19,1600,1,1,1,1.0,3.0,34272,M,4365809.0,411294.0,34
201700004382,17,8,22,905,1,1,1,1.0,3.0,34145,M,4366879.0,414355.0,34
201700004383,17,9,11,1340,1,2,1,1.0,6.0,34151,M,4366833.0,417504.0,34
201700004384,17,10,3,1915,1,1,1,1.0,6.0,34321,M,4366938.0,406883.0,34
201700004385,17,10,11,645,3,2,9,1.0,2.0,34272,M,4366505.0,412066.0,34
201700004386,17,10,16,1610,1,1,1,1.0,3.0,34151,M,4364863.0,416692.0,34
201700004387,17,10,22,1125,1,1,6,1.0,2.0,34145,M,4365979.0,413800.0,34
201700004388,17,10,29,25,3,1,1,1.0,6.0,34151,M,4365952.0,418069.0,34
201700004389,17,10,30,1210,1,2,1,1.0,6.0,34145,M,4367288.0,413129.0,34
201700004390,17,11,13,1050,1,2,6,6.0,3.0,34145,M,4367478.0,413211.0,34
201700004391,17,11,18,957,1,2,3,1.0,3.0,34145,M,4367658.0,412964.0,34
201700004392,17,12,9,115,3,2,1,1.0,6.0,34145,M,4368355.0,413351.0,34
201700004393,17,12,20,2055,3,1,1,1.0,6.0,34151,M,4365741.0,418189.0,34
201700004394,17,12,31,1300,1,1,1,1.0,1.0,34146,M,4369286.0,408016.0,34
201700004395,17,1,12,915,1,1,1,1.0,3.0,34154,M,4361520.0,397863.0,34
201700004396,17,2,12,1650,1,1,1,8.0,7.0,34154,M,4362195.0,402196.0,34
201700004397,17,3,22,2100,3,1,1,1.0,5.0,34154,M,4361933.0,397612.0,34
201700004398,17,6,28,1835,1,2,1,2.0,3.0,34127,M,4364923.0,407343.0,34
201700004399,17,7,3,1330,1,1,1,1.0,1.0,34154,M,4360113.0,399379.0,34
201700004400,17,7,19,2330,4,1,9,1.0,6.0,34154,M,4362700.0,400924.0,34
201700004401,17,7,21,1930,1,2,1,1.0,3.0,34127,M,4364808.0,406909.0,34
201700004402,17,7,28,1800,1,1,1,1.0,3.0,34154,M,4360401.0,396373.0,34
201700004403,17,8,13,210,3,2,1,1.0,7.0,34154,M,4361824.0,398581.0,34
201700004404,17,8,24,1650,1,1,1,1.0,5.0,34176,M,4362708.0,403275.0,34
201700004405,17,10,16,1200,1,2,1,1.0,1.0,34154,M,4362717.0,400959.0,34
201700004406,17,10,28,1120,1,2,1,1.0,6.0,34176,M,4364844.0,404364.0,34
201700004407,17,11,23,545,3,1,9,1.0,3.0,34240,M,4365393.0,398440.0,34
201700004408,17,11,25,1440,1,1,1,1.0,1.0,34154,M,4360398.0,399837.0,34
201700004409,17,12,16,115,3,1,1,1.0,1.0,34240,M,4363610.0,396190.0,34
201700004410,17,1,8,1620,1,1,3,1.0,3.0,34314,M,4374646.0,386002.0,34
201700004411,17,2,9,30,3,1,1,1.0,6.0,34110,M,4377332.0,403423.0,34
201700004412,17,2,14,730,2,1,1,1.0,6.0,34164,M,4374427.0,395945.0,34
201700004413,17,4,15,540,3,1,1,1.0,6.0,34276,M,4375708.0,385019.0,34
201700004414,17,7,13,1740,1,2,1,1.0,3.0,34276,M,4376671.0,386684.0,34
201700004415,17,12,26,1330,1,1,1,1.0,3.0,34322,M,4381402.0,388982.0,34
201700004416,17,1,26,30,3,2,1,1.0,1.0,34189,M,4328720.0,271483.0,34
201700004417,17,3,6,1955,3,1,1,6.0,7.0,34026,M,4330067.0,275252.0,34
201700004418,17,3,14,1630,1,1,9,1.0,1.0,34183,M,4329387.0,311467.0,34
201700004419,17,5,26,730,1,2,1,1.0,7.0,34052,M,4332928.0,304761.0,34
201700004420,17,6,2,1215,1,1,1,1.0,6.0,34226,M,4335696.0,299508.0,34
201700004421,17,7,9,1015,1,2,1,1.0,3.0,34183,M,4329348.0,312713.0,34
201700004422,17,7,13,1030,1,1,1,1.0,1.0,34052,M,4331748.0,301185.0,34
201700004423,17,7,30,425,3,1,1,1.0,7.0,34052,M,4332564.0,303827.0,34
201700004424,17,8,8,1730,1,1,1,1.0,6.0,34183,M,4328719.0,311018.0,34
201700004425,17,8,15,1801,1,1,1,1.0,1.0,34020,M,4332789.0,274174.0,34
201700004426,17,8,16,1935,1,1,1,1.0,7.0,34161,M,4332293.0,309130.0,34
201700004427,17,9,4,1040,1,1,1,1.0,3.0,34135,M,4328593.0,317959.0,34
201700004428,17,9,5,700,1,1,1,1.0,1.0,34052,M,4334530.0,300977.0,34
201700004429,17,9,14,1730,1,1,1,1.0,6.0,34092,M,4337545.0,294154.0,34
201700004430,17,11,4,135,3,1,1,1.0,7.0,34052,M,4332201.0,304796.0,34
201700004431,17,11,6,1750,2,1,1,1.0,1.0,34135,M,4327546.0,316363.0,34
201700004432,17,11,27,1445,1,1,6,1.0,2.0,34081,M,4330839.0,316793.0,34
201700004433,17,12,25,1935,3,1,1,1.0,6.0,34092,M,4331871.0,295259.0,34
201700004434,17,1,23,1800,5,2,3,1.0,1.0,34189,M,4328327.0,273143.0,34
201700004435,17,5,19,1600,1,1,2,1.0,2.0,34141,M,4330333.0,264274.0,34
201700004436,17,7,1,1805,1,1,1,1.0,7.0,34190,M,4328481.0,276128.0,34
201700004437,17,8,25,100,3,1,1,1.0,6.0,34052,M,4331215.0,303177.0,34
201700004438,17,1,22,1830,3,1,1,2.0,6.0,34166,M,4335793.0,337119.0,34
201700004439,17,1,28,1710,1,1,1,2.0,1.0,34166,M,4339855.0,334989.0,34
201700004440,17,2,18,1600,1,1,1,1.0,7.0,34063,M,4349122.0,338645.0,34
201700004441,17,2,23,1655,1,2,1,1.0,3.0,34063,M,4350583.0,336597.0,34
201700004442,17,3,2,1420,1,1,1,1.0,1.0,34162,M,4347883.0,346421.0,34
201700004443,17,4,10,1730,1,1,1,1.0,6.0,34166,M,4335249.0,336009.0,34
201700004444,17,5,16,1600,1,1,1,1.0,7.0,34289,M,4339146.0,340369.0,34
201700004445,17,5,18,1815,1,1,1,1.0,6.0,34017,M,4346725.0,345248.0,34
201700004446,17,6,1,1500,1,2,1,1.0,6.0,34199,M,4345969.0,342680.0,34
201700004447,17,6,16,2000,1,1,1,1.0,5.0,34289,M,4340187.0,341170.0,34
201700004448,17,7,8,1035,1,1,1,1.0,1.0,34199,M,4344198.0,341694.0,34
201700004449,17,7,30,1430,1,1,1,1.0,1.0,34162,M,4347863.0,346219.0,34
201700004450,17,8,20,1445,1,1,1,1.0,6.0,34199,M,4345523.0,342916.0,34
201700004451,17,9,7,1135,1,1,2,1.0,5.0,34184,M,4351637.0,342677.0,34
201700004452,17,10,3,525,3,1,1,1.0,7.0,34325,M,4342809.0,335589.0,34
201700004453,17,10,14,700,3,1,1,1.0,2.0,34199,M,4347411.0,340113.0,34
201700004454,17,5,8,1435,1,2,1,1.0,6.0,34324,M,4325388.0,328755.0,34
201700004455,17,5,21,750,1,1,1,1.0,6.0,34209,M,4331401.0,335816.0,34
201700004456,17,5,17,1040,1,2,1,1.0,2.0,34299,M,4327976.0,328199.0,34
201700004457,17,6,13,1515,1,2,1,1.0,7.0,34299,M,4328292.0,328452.0,34
201700004458,17,6,14,1400,1,1,1,1.0,3.0,34299,M,4328197.0,329601.0,34
201700004459,17,6,29,1900,1,2,9,1.0,6.0,34298,M,4329630.0,324598.0,34
201700004460,17,7,12,1755,1,2,1,1.0,3.0,34299,M,4327556.0,328393.0,34
201700004461,17,7,15,1140,1,1,1,1.0,6.0,34299,M,4328737.0,328973.0,34
201700004462,17,7,18,1915,2,2,1,1.0,3.0,34299,M,4326881.0,327514.0,34
201700004463,17,8,12,8,3,1,1,1.0,1.0,34329,M,4328143.0,322114.0,34
201700004464,17,8,18,1850,1,1,1,1.0,3.0,34299,M,4327494.0,330033.0,34
201700004465,17,9,11,810,1,2,6,1.0,2.0,34299,M,4326949.0,328438.0,34
201700004466,17,9,15,1545,1,2,1,1.0,3.0,34324,M,4324477.0,329053.0,34
201700004467,17,9,28,1055,1,2,1,1.0,6.0,34324,M,4324640.0,329182.0,34
201700004468,17,9,27,1430,1,2,1,1.0,3.0,34209,M,4330455.0,333193.0,34
201700004469,17,10,3,1445,1,1,1,1.0,6.0,34299,M,4326956.0,332487.0,34
201700004470,17,11,28,740,1,1,1,1.0,5.0,34209,M,4329517.0,336130.0,34
201700004471,17,12,4,1620,2,2,1,1.0,6.0,34299,M,4327557.0,328247.0,34
201700004472,17,2,4,1000,1,2,1,1.0,6.0,34023,M,4344180.0,367926.0,34
201700004473,17,3,26,2350,3,1,1,1.0,6.0,34087,M,4352942.0,369473.0,34
201700004474,17,4,21,220,3,1,1,1.0,6.0,34088,M,4351314.0,377293.0,34
201700004475,17,4,21,1050,1,2,1,1.0,3.0,34087,M,4355358.0,370908.0,34
201700004476,17,4,29,1250,1,2,1,1.0,1.0,34088,M,4356112.0,372894.0,34
201700004477,17,4,29,2100,3,1,1,1.0,3.0,34088,M,4356803.0,373490.0,34
201700004478,17,5,8,1735,1,1,1,1.0,3.0,34088,M,4356961.0,370699.0,34
201700004479,17,5,9,2010,2,2,1,1.0,6.0,34023,M,4344337.0,369668.0,34
201700004480,17,5,19,1500,1,1,1,1.0,2.0,34165,M,4351829.0,369209.0,34
201700004481,17,5,26,815,1,1,1,1.0,1.0,34024,M,4346759.0,369105.0,34
201700004482,17,6,10,215,3,1,1,1.0,6.0,34088,M,4356200.0,372943.0,34
201700004483,17,6,16,1010,1,2,1,1.0,3.0,34023,M,4344895.0,367919.0,34
201700004484,17,6,18,150,3,2,1,1.0,6.0,34165,M,4351539.0,368432.0,34
201700004485,17,6,27,1610,1,1,1,1.0,7.0,34165,M,4352878.0,369364.0,34
201700004486,17,8,1,1445,1,1,1,1.0,1.0,34113,M,4348408.0,369984.0,34
201700004487,17,8,17,1815,1,2,1,1.0,3.0,34088,M,4355150.0,372284.0,34
201700004488,17,9,8,1820,1,1,1,7.0,7.0,34023,M,4344233.0,369766.0,34
201700004489,17,9,28,920,1,2,1,7.0,6.0,34023,M,4344141.0,367739.0,34
201700004490,17,10,15,2000,5,2,2,1.0,3.0,34113,M,4349928.0,371375.0,34
201700004491,17,11,10,645,2,1,1,1.0,2.0,34113,M,4350003.0,371454.0,34
201700004492,17,12,1,2300,3,1,1,1.0,6.0,34088,M,4354686.0,373838.0,34
201700004493,17,3,24,1745,2,1,1,3.0,3.0,34213,M,4347161.0,368059.0,34
201700004494,17,6,10,1425,1,1,1,1.0,3.0,34341,M,4348929.0,360357.0,34
201700004495,17,6,25,1700,1,1,1,1.0,3.0,34213,M,4347200.0,368204.0,34
201700004496,17,6,27,1820,1,2,1,1.0,3.0,34157,M,4342932.0,360085.0,34
201700004497,17,7,7,600,1,1,6,1.0,7.0,34039,M,4344910.0,364528.0,34
201700004498,17,7,12,2100,2,1,1,9.0,2.0,34213,M,4349193.0,366273.0,34
201700004499,17,8,16,1235,1,1,1,1.0,5.0,34213,M,4346861.0,367415.0,34
201700004500,17,9,19,1020,1,2,1,1.0,6.0,34157,M,4342948.0,360851.0,34
201700004501,17,10,22,1010,1,1,1,1.0,6.0,34213,M,4348855.0,370332.0,34
201700004502,17,6,15,1240,1,1,1,1.0,1.0,11264,M,4320522.0,288716.0,11
201700004503,17,1,2,1730,2,2,1,1.0,1.0,11280,M,4329728.0,268096.0,11
201700004504,17,3,31,1813,1,2,4,1.0,1.0,11315,M,4328299.0,260134.0,11
201700004505,17,5,7,2345,3,1,1,1.0,7.0,11396,M,4331319.0,258111.0,11
201700004506,17,5,22,1440,1,1,4,1.0,1.0,11081,M,4331362.0,250164.0,11
201700004507,17,5,24,1835,2,1,9,1.0,2.0,11022,M,4328679.0,263068.0,11
201700004508,17,6,8,2200,5,2,2,1.0,3.0,11081,M,4332573.0,252359.0,11
201700004509,17,8,17,1955,2,1,1,1.0,4.0,11190,M,4325417.0,268164.0,11
201700004510,17,10,13,2145,3,1,1,8.0,7.0,11198,M,4324777.0,248453.0,11
201700004511,17,12,22,1945,3,1,1,1.0,1.0,11280,M,4329514.0,269003.0,11
201700004512,17,2,28,1200,1,1,1,1.0,6.0,11313,M,4333761.0,188415.0,11
201700004513,17,6,29,1920,2,1,1,2.0,6.0,11076,M,4329019.0,196685.0,11
201700004514,17,7,19,1614,1,1,3,6.0,1.0,11192,M,4328965.0,205344.0,11
201700004515,17,8,10,2150,3,1,1,1.0,1.0,11284,M,4336691.0,196533.0,11
201700004516,17,8,22,857,1,1,1,1.0,1.0,11356,M,4328588.0,200137.0,11
201700004517,17,9,6,755,1,1,9,1.0,1.0,11225,M,4333546.0,190083.0,11
201700004518,17,11,26,1340,1,1,1,1.0,6.0,11430,M,4328765.0,190656.0,11
201700004519,17,5,21,15,3,1,1,1.0,6.0,11336,M,4296856.0,199437.0,11
201700004520,17,6,2,1915,1,2,1,8.0,6.0,11091,M,4298245.0,200812.0,11
201700004521,17,3,18,940,1,1,1,6.0,7.0,11322,M,4299690.0,297005.0,11
201700004522,17,3,21,545,3,1,1,1.0,1.0,11379,M,4306595.0,293939.0,11
201700004523,17,5,2,220,3,1,1,1.0,1.0,11188,M,4296721.0,298206.0,11
201700004524,17,5,8,1930,2,1,2,1.0,3.0,11285,M,4309055.0,294596.0,11
201700004525,17,9,4,650,2,1,1,1.0,1.0,11188,M,4296721.0,298206.0,11
201700004526,17,9,20,1835,1,1,1,1.0,1.0,11295,M,4306726.0,293047.0,11
201700004527,17,9,21,1650,1,1,1,1.0,6.0,11322,M,4299690.0,297005.0,11
201700004528,17,5,31,1445,1,2,1,1.0,3.0,30189,M,4382724.0,437513.0,30
201700004529,17,1,21,405,5,2,1,1.0,6.0,30211,M,4383281.0,449919.0,30
201700004530,17,2,18,1015,1,2,1,1.0,2.0,30156,M,4386090.0,444919.0,30
201700004531,17,2,28,1515,1,2,2,2.0,3.0,30156,M,4385287.0,443328.0,30
201700004532,17,5,20,2045,1,1,1,1.0,3.0,30155,M,4382812.0,447668.0,30
201700004533,17,7,1,600,1,1,1,1.0,7.0,30166,M,,,30
201700004534,17,7,19,2200,5,1,1,1.0,7.0,30156,M,4385729.0,443263.0,30
201700004535,17,9,16,915,1,1,1,1.0,5.0,30145,M,4389537.0,451292.0,30
201700004536,17,12,4,930,1,2,1,1.0,6.0,30156,M,4386344.0,444466.0,30
201700004537,17,2,2,1530,1,2,1,1.0,6.0,30258,M,4367565.0,443091.0,30
201700004538,17,4,9,1840,1,2,4,1.0,3.0,30258,M,4368009.0,443320.0,30
201700004539,17,4,29,1830,1,2,1,1.0,7.0,30128,M,4373267.0,435180.0,30
201700004540,17,5,4,840,1,1,1,2.0,1.0,30258,M,4366686.0,437794.0,30
201700004541,17,7,16,1650,1,1,1,1.0,7.0,30128,M,4371635.0,436315.0,30
201700004542,17,8,6,1300,1,1,1,1.0,2.0,30258,M,4374958.0,440801.0,30
201700004543,17,8,15,1015,1,1,1,1.0,3.0,30258,M,4370655.0,442190.0,30
201700004544,17,10,16,840,1,1,1,1.0,7.0,30128,M,4371752.0,436172.0,30
201700004545,17,10,17,1800,1,2,1,1.0,6.0,30258,M,4367719.0,441522.0,30
201700004546,17,11,5,1420,1,1,1,1.0,5.0,30258,M,4364682.0,443386.0,30
201700004547,17,12,15,440,3,2,1,2.0,7.0,30258,M,4366682.0,437622.0,30
201700004548,17,12,19,1100,1,1,3,1.0,3.0,30258,M,4368987.0,442769.0,30
201700004549,17,12,20,615,3,1,1,1.0,6.0,30258,M,4368696.0,439904.0,30
201700004550,17,5,23,1210,1,1,1,1.0,1.0,30159,M,4425785.0,407350.0,30
201700004551,17,6,25,1200,1,1,1,1.0,3.0,30307,M,4419352.0,404340.0,30
201700004552,17,8,30,1832,1,2,1,1.0,6.0,30132,M,4420594.0,404035.0,30
201700004553,17,9,27,910,1,1,3,1.0,3.0,30307,M,4417050.0,404946.0,30
201700004554,17,10,15,1938,5,2,3,1.0,1.0,30307,M,4419934.0,404068.0,30
201700004555,17,1,22,1400,1,2,1,1.0,6.0,30130,M,4434618.0,395017.0,30
201700004556,17,2,3,1535,1,1,1,2.0,6.0,30201,M,4439001.0,393519.0,30
201700004557,17,5,8,1400,1,1,1,1.0,7.0,30316,M,4434843.0,398219.0,30
201700004558,17,7,2,1800,1,1,1,1.0,1.0,30130,M,4430947.0,396841.0,30
201700004559,17,7,15,1945,1,1,2,1.0,6.0,30130,M,4433622.0,395811.0,30
201700004560,17,10,29,1620,1,2,1,1.0,6.0,30090,M,4437398.0,394250.0,30
201700004561,17,7,2,1715,1,1,1,8.0,7.0,30297,M,4411382.0,348425.0,30
201700004562,17,11,4,800,1,1,1,2.0,7.0,30297,M,4410499.0,345913.0,30
201700004563,17,11,25,1400,1,1,1,2.0,7.0,30139,M,4413990.0,333527.0,30
201700004564,17,3,26,945,1,1,1,1.0,7.0,48135,M,4441784.0,394207.0,48
201700004565,17,6,24,1220,1,1,1,1.0,7.0,48004,M,4447785.0,386463.0,48
201700004566,17,7,22,1830,1,1,1,1.0,2.0,48198,M,4444444.0,393047.0,48
201700004567,17,9,23,830,1,1,1,1.0,6.0,48198,M,4444428.0,393184.0,48
201700004568,17,5,27,1800,1,1,1,1.0,5.0,66182,M,,,66
201700004569,17,5,28,540,2,1,1,5.0,1.0,66037,M,,,66
201700004570,17,7,14,1210,1,1,1,1.0,1.0,66037,M,4268523.0,299638.0,66
201700004571,17,8,12,2030,1,2,1,1.0,1.0,66037,M,4270392.0,302168.0,66
201700004572,17,8,20,1510,1,1,1,1.0,3.0,66037,M,4266768.0,303321.0,66
201700004573,17,8,24,50,5,2,2,1.0,3.0,66037,M,4270097.0,303348.0,66