Num_Acc,an,mois,jour,hrmn,lum,agg,int,atm,col,com,gps,lat,long,dep
201700004574,17,8,24,1825,1,2,9,8.0,3.0,66037,M,4270219.0,300212.0,66
201700004575,17,9,14,1830,1,2,2,1.0,3.0,66037,M,4269279.0,302915.0,66
201700004576,17,3,3,300,3,1,1,1.0,6.0,66208,M,4264007.0,293522.0,66
201700004577,17,5,12,1620,1,2,6,1.0,6.0,66065,M,4260035.0,297043.0,66
201700004578,17,6,11,400,3,1,1,1.0,2.0,66059,M,,,66
201700004579,17,8,6,1145,1,2,2,1.0,3.0,66065,M,4260012.0,297407.0,66
201700004580,17,9,1,1500,1,1,9,1.0,3.0,66011,M,,,66
201700004581,17,9,24,1055,1,1,1,1.0,2.0,66208,M,,,66
201700004582,17,11,6,1710,2,2,1,7.0,6.0,66065,M,4259800.0,297430.0,66
201700004583,17,4,23,945,1,1,6,1.0,3.0,66056,M,,,66
201700004584,17,6,2,1215,1,1,1,1.0,5.0,66055,M,4265054.0,266141.0,66
201700004585,17,10,14,245,3,1,9,2.0,6.0,66195,M,,,66
201700004586,17,12,14,1605,1,1,8,1.0,3.0,66108,M,4268528.0,270384.0,66
201700004587,17,1,26,1845,5,1,6,1.0,6.0,66164,M,4278021.0,289974.0,66
201700004588,17,2,23,800,1,2,9,1.0,3.0,66164,M,4275983.0,287362.0,66
201700004589,17,5,29,1745,1,1,3,1.0,3.0,66069,M,4279660.0,282211.0,66
201700004590,17,6,3,1530,1,1,1,3.0,5.0,66069,M,4275976.0,285390.0,66
201700004591,17,6,17,1635,1,1,1,1.0,7.0,66014,M,,,66
201700004592,17,7,30,830,1,1,1,1.0,6.0,66138,M,,,66
201700004593,17,9,27,1550,1,1,4,1.0,6.0,66190,M,,,66
201700004594,17,10,27,1415,1,2,1,1.0,2.0,66164,M,4279492.0,290831.0,66
201700004595,17,11,12,2000,3,1,1,2.0,1.0,66172,M,4272823.0,283026.0,66
201700004596,17,6,22,2140,2,2,2,1.0,3.0,66171,M,4263480.0,303327.0,66
201700004597,17,7,6,1125,1,1,1,1.0,1.0,66171,M,,,66
201700004598,17,9,17,420,3,1,1,1.0,6.0,66002,M,,,66
201700004599,17,10,11,758,1,2,1,1.0,2.0,66171,M,4262259.0,301144.0,66
201700004600,17,11,18,1520,1,2,9,1.0,3.0,66094,M,4260987.0,299874.0,66
201700004601,17,1,11,830,1,2,1,1.0,3.0,66180,M,4277005.0,298387.0,66
201700004602,17,4,29,1530,1,2,1,1.0,6.0,66017,M,4279843.0,302923.0,66
201700004603,17,6,22,1245,1,2,1,1.0,6.0,66176,M,4278468.0,296889.0,66
201700004604,17,7,7,940,1,2,1,1.0,6.0,66212,M,4275453.0,299309.0,66
201700004605,17,7,8,1730,1,2,1,1.0,3.0,66017,M,4277846.0,303250.0,66
201700004606,17,8,6,615,3,1,1,3.0,2.0,66017,M,4281274.0,302783.0,66
201700004607,17,12,13,830,1,2,1,7.0,6.0,66180,M,4277295.0,301732.0,66
201700004608,17,4,5,1930,1,1,1,1.0,6.0,66226,M,,,66
201700004609,17,4,28,1030,1,2,1,1.0,6.0,66101,M,,,66
201700004610,17,6,5,1330,1,2,1,1.0,6.0,66144,M,4263721.0,287358.0,66
201700004611,17,6,5,1530,1,1,1,1.0,1.0,66210,M,,,66
201700004612,17,6,10,20,3,1,1,1.0,6.0,66144,M,,,66
201700004613,17,7,30,115,3,1,1,1.0,1.0,66144,M,,,66
201700004614,17,8,19,1819,1,1,1,1.0,4.0,66217,M,4260953.0,283913.0,66
201700004615,17,9,16,1925,2,1,1,2.0,1.0,66084,M,,,66
201700004616,17,9,30,1218,1,1,1,1.0,6.0,66210,M,,,66
201700004617,17,11,28,1155,1,1,1,1.0,7.0,66145,M,4264015.0,282207.0,66
201700004618,17,12,29,600,5,2,6,2.0,1.0,66210,M,4263193.0,276006.0,66
201700004619,17,2,1,1730,1,1,9,1.0,3.0,66008,M,4258358.0,303164.0,66
201700004620,17,2,4,330,3,1,1,6.0,6.0,66008,M,4255674.0,300620.0,66
201700004621,17,5,15,2000,2,2,1,7.0,6.0,66008,M,4255025.0,301952.0,66
201700004622,17,7,3,600,2,1,9,1.0,7.0,66008,M,4253506.0,302431.0,66
201700004623,17,7,11,1505,1,1,1,1.0,5.0,66008,M,4258262.0,297977.0,66
201700004624,17,7,13,600,1,1,1,1.0,6.0,66008,M,4256241.0,300692.0,66
201700004625,17,9,5,1430,1,2,1,1.0,6.0,66008,M,4256525.0,304241.0,66
201700004626,17,10,18,815,2,1,1,1.0,6.0,66168,M,4255262.0,299379.0,66
201700004627,17,11,30,2135,3,1,1,1.0,7.0,66008,M,4253625.0,303138.0,66
201700004628,17,12,9,345,3,1,1,1.0,6.0,66008,M,,,66
201700004629,17,4,4,1720,1,1,1,1.0,6.0,66196,M,,,66
201700004630,17,5,5,800,1,1,1,1.0,1.0,66115,M,,,66
201700004631,17,5,27,2210,3,1,1,1.0,7.0,66160,M,,,66
201700004632,17,12,19,1840,3,1,1,1.0,6.0,66133,M,4256645.0,296086.0,66
201700004633,17,2,3,2230,3,1,1,1.0,1.0,66103,M,4264345.0,248947.0,66
201700004634,17,5,21,1820,1,1,1,1.0,2.0,66023,M,,,66
201700004635,17,7,15,1755,1,1,1,1.0,1.0,66103,M,4264354.0,248995.0,66
201700004636,17,7,24,1730,1,1,1,1.0,1.0,66185,M,4264457.0,262647.0,66
201700004637,17,11,6,1935,3,1,1,6.0,7.0,66165,M,4264685.0,256599.0,66
201700004638,17,11,10,240,5,2,1,1.0,7.0,66165,M,,,66
201700004639,17,11,12,1655,1,1,1,8.0,6.0,66165,M,,,66
201700004640,17,11,27,1145,1,1,8,1.0,3.0,66023,M,4265413.0,258079.0,66
201700004641,17,12,11,1845,3,1,1,1.0,5.0,66088,M,,,66
201700004642,17,12,30,1315,1,1,1,1.0,6.0,66230,M,4264647.0,252227.0,66
201700004643,17,1,9,1245,1,1,1,1.0,6.0,20215,M,4149692.0,904373.0,201
201700004644,17,6,24,1810,1,1,1,1.0,1.0,20041,M,4148191.0,923815.0,201
201700004645,17,7,6,1845,1,1,1,1.0,5.0,20163,M,4149092.0,897746.0,201
201700004646,17,9,5,2020,3,1,3,1.0,1.0,20041,M,4147009.0,909782.0,201
201700004647,17,10,31,1120,1,2,9,1.0,6.0,20114,M,4148725.0,912782.0,201
201700004648,17,11,11,1650,2,1,3,1.0,6.0,20114,M,4152619.0,916027.0,201
201700004649,17,11,18,1450,1,1,1,1.0,5.0,20163,M,4149395.0,895899.0,201
201700004650,17,2,10,1615,1,2,1,1.0,4.0,20247,M,4157696.0,927489.0,201
201700004651,17,2,11,1840,3,1,1,1.0,7.0,20288,M,4154693.0,920629.0,201
201700004652,17,3,18,215,5,2,9,1.0,6.0,20247,M,4160101.0,928125.0,201
201700004653,17,3,22,1315,1,1,1,1.0,3.0,20288,M,4153047.0,919435.0,201
201700004654,17,4,9,1615,1,1,1,1.0,3.0,20247,M,4156200.0,932278.0,201
201700004655,17,4,13,2015,2,2,1,1.0,2.0,20247,M,4160015.0,927143.0,201
201700004656,17,4,15,2050,5,2,1,1.0,1.0,20247,M,4159995.0,926928.0,201
201700004657,17,4,19,830,1,2,4,1.0,3.0,20247,M,4158039.0,927546.0,201
201700004658,17,4,21,1100,1,1,1,1.0,1.0,20247,M,4158211.0,927557.0,201
201700004659,17,4,26,1458,1,2,3,1.0,1.0,20247,M,4158335.0,927964.0,201
201700004660,17,5,3,1650,1,1,1,1.0,7.0,20247,M,4168597.0,919559.0,201
201700004661,17,5,6,1530,1,1,1,2.0,1.0,20247,M,4159341.0,922898.0,201
201700004662,17,5,7,1840,1,1,1,1.0,6.0,20247,M,4164455.0,923116.0,201
201700004663,17,5,23,1200,1,2,3,1.0,3.0,20247,M,4157010.0,927401.0,201
201700004664,17,5,28,1605,1,2,1,1.0,2.0,20247,M,4158313.0,927934.0,201
201700004665,17,5,31,1805,1,2,1,1.0,2.0,20247,M,4160534.0,927739.0,201
201700004666,17,6,13,915,1,2,2,1.0,5.0,20247,M,4160203.0,927880.0,201
201700004667,17,6,19,515,2,1,3,1.0,6.0,20300,M,4167427.0,922737.0,201
201700004668,17,6,22,1310,1,1,1,1.0,3.0,20247,M,4166619.0,930563.0,201
201700004669,17,6,25,430,5,2,1,1.0,6.0,20247,M,4158176.0,927555.0,201
201700004670,17,6,25,2130,5,2,1,1.0,6.0,20247,M,4158211.0,927557.0,201
201700004671,17,6,26,300,3,1,1,1.0,7.0,20247,M,4163028.0,931371.0,201
201700004672,17,7,2,900,1,2,3,1.0,3.0,20247,M,4158739.0,928240.0,201
201700004673,17,7,2,950,1,2,3,1.0,6.0,20247,M,4158955.0,928112.0,201
201700004674,17,7,28,500,3,1,1,1.0,7.0,20247,M,4156499.0,928577.0,201
201700004675,17,8,5,1200,1,2,1,1.0,5.0,20247,M,4160534.0,927739.0,201
201700004676,17,8,10,1225,1,2,1,1.0,3.0,20247,M,4161150.0,928587.0,201
201700004677,17,8,19,515,5,2,3,1.0,3.0,20247,M,4158337.0,927957.0,201
201700004678,17,8,23,1710,1,2,1,1.0,6.0,20247,M,4159026.0,928246.0,201
201700004679,17,8,24,940,1,1,4,1.0,1.0,20247,M,4159467.0,925851.0,201
201700004680,17,8,26,1450,1,1,1,1.0,3.0,20247,M,4161840.0,929985.0,201
201700004681,17,9,3,1610,1,1,1,1.0,2.0,20247,M,4151138.0,925583.0,201
201700004682,17,9,4,1845,1,2,1,1.0,1.0,20247,M,4157896.0,927517.0,201
201700004683,17,9,5,930,1,2,1,1.0,1.0,20247,M,4156385.0,926006.0,201
201700004684,17,9,14,950,1,1,1,1.0,3.0,20247,M,4156466.0,927338.0,201
201700004685,17,10,2,1715,1,2,6,1.0,6.0,20247,M,4159970.0,927208.0,201
201700004686,17,11,19,1650,2,2,1,1.0,5.0,20247,M,4161198.0,927902.0,201
201700004687,17,11,23,1835,2,2,4,1.0,1.0,20247,M,4158678.0,927619.0,201
201700004688,17,12,13,205,5,2,1,1.0,6.0,20247,M,4158015.0,927519.0,201
201700004689,17,1,5,800,2,1,1,9.0,1.0,20055,M,4250616.0,931138.0,202
201700004690,17,1,8,1530,1,1,1,1.0,3.0,20148,M,4253960.0,949238.0,202
201700004691,17,1,20,700,2,1,1,1.0,1.0,20055,M,4250727.0,932587.0,202
201700004692,17,1,25,1245,1,1,1,1.0,7.0,20350,M,4251370.0,939303.0,202
201700004693,17,3,3,900,1,1,1,1.0,1.0,20148,M,4254847.0,950238.0,202
201700004694,17,2,24,1715,2,1,1,3.0,3.0,20350,M,4252405.0,941633.0,202
201700004695,17,3,9,705,1,1,1,1.0,2.0,20042,M,4257101.0,944112.0,202
201700004696,17,3,15,820,1,2,1,1.0,2.0,20148,M,4254961.0,944288.0,202
201700004697,17,4,2,1755,1,1,1,2.0,5.0,20355,M,4251042.0,933881.0,202
201700004698,17,3,31,1810,1,1,1,1.0,1.0,20036,M,4252784.0,930413.0,202
201700004699,17,4,6,1400,1,1,1,1.0,5.0,20148,M,4253022.0,944956.0,202
201700004700,17,4,17,1730,1,1,1,1.0,3.0,20042,M,4256685.0,945352.0,202
201700004701,17,5,26,720,1,1,1,1.0,7.0,20355,M,4250921.0,937292.0,202
201700004702,17,6,7,1150,1,1,2,1.0,3.0,20148,M,4253867.0,944850.0,202
201700004703,17,6,8,815,1,1,6,1.0,4.0,20148,M,4254847.0,950238.0,202
201700004704,17,7,16,1530,1,1,1,1.0,7.0,20148,M,4253792.0,950747.0,202
201700004705,17,9,12,1615,1,2,1,6.0,2.0,20148,M,4254989.0,944753.0,202
201700004706,17,9,20,1340,1,1,1,1.0,1.0,20042,M,4256645.0,946197.0,202
201700004707,17,11,20,930,1,1,1,1.0,4.0,20042,M,4257398.0,945576.0,202
201700004708,17,12,5,1130,1,2,1,1.0,6.0,20042,M,4256448.0,945195.0,202
201700004709,17,12,10,1900,3,1,1,2.0,3.0,20350,M,4252537.0,941345.0,202
201700004710,17,7,16,600,2,1,1,1.0,6.0,20185,M,4264779.0,931354.0,202
201700004711,17,7,20,830,1,2,1,1.0,6.0,20029,M,4268946.0,937736.0,202
201700004712,17,8,12,1650,1,1,1,1.0,3.0,20314,M,4261378.0,927258.0,202
201700004713,17,8,18,230,3,1,1,1.0,6.0,20172,M,,,202
201700004714,17,9,4,1200,1,1,1,1.0,7.0,20314,M,4267730.0,918682.0,202
201700004715,17,9,10,220,3,2,1,2.0,2.0,20298,M,4267831.0,931021.0,202
201700004716,17,9,22,315,3,2,1,1.0,6.0,20109,M,4273152.0,934459.0,202
201700004717,17,9,29,1530,1,2,1,1.0,2.0,20029,M,4269019.0,937756.0,202
201700004718,17,11,19,600,2,1,1,1.0,6.0,20188,M,4260276.0,935889.0,202
201700004719,17,11,20,1740,3,1,1,1.0,6.0,20298,M,4266960.0,928920.0,202
201700004720,17,11,28,1750,3,2,1,1.0,1.0,20205,M,4270679.0,936689.0,202
201700004721,17,11,30,2020,3,1,1,1.0,2.0,20265,M,4259797.0,940691.0,202
201700004722,17,12,16,1550,1,1,1,2.0,1.0,20109,M,4273628.0,934620.0,202
201700004723,17,2,14,740,2,1,1,1.0,6.0,20097,M,4257310.0,899763.0,202
201700004724,17,2,15,1615,1,1,1,1.0,7.0,20199,M,4265022.0,908843.0,202
201700004725,17,3,24,1630,1,1,1,1.0,6.0,20316,M,4259794.0,893097.0,202
201700004726,17,3,26,1145,1,2,1,1.0,6.0,20134,M,4263259.0,893877.0,202
201700004727,17,3,27,1205,1,2,3,1.0,6.0,20134,M,4263255.0,894057.0,202
201700004728,17,3,30,1455,1,2,1,1.0,7.0,20025,M,4256157.0,889339.0,202
201700004729,17,4,23,1950,1,2,1,1.0,7.0,20134,M,4262976.0,893134.0,202
201700004730,17,5,15,1140,1,1,1,1.0,3.0,20093,M,4260924.0,888091.0,202
201700004731,17,5,19,1250,1,2,1,1.0,7.0,20134,M,4262882.0,893292.0,202
201700004732,17,6,20,2115,2,1,1,1.0,7.0,20316,M,4261467.0,893538.0,202
201700004733,17,6,26,2340,5,2,3,1.0,1.0,20168,M,4263134.0,895038.0,202
201700004734,17,7,27,1140,1,2,1,1.0,6.0,20134,M,4263469.0,893836.0,202
201700004735,17,7,30,1850,1,1,1,1.0,1.0,20182,M,4257134.0,901724.0,202
201700004736,17,7,30,2300,5,2,1,1.0,6.0,20134,M,4264100.0,893612.0,202
201700004737,17,8,21,1155,1,2,9,1.0,3.0,20134,M,4262737.0,892556.0,202
201700004738,17,8,25,1730,1,1,1,1.0,3.0,20020,M,4260864.0,887559.0,202
201700004739,17,10,28,1715,1,2,8,1.0,1.0,20020,M,4260785.0,886934.0,202
201700004740,17,12,1,1250,1,1,1,2.0,7.0,20199,M,4263257.0,906083.0,202
201700004741,17,12,17,1600,1,1,1,1.0,1.0,20047,M,4233463.0,902476.0,202
201700004742,17,2,1,1630,1,1,1,1.0,6.0,20083,M,4238268.0,915960.0,202
201700004743,17,3,14,1730,1,1,1,1.0,6.0,20162,M,4247670.0,914923.0,202
201700004744,17,4,22,1420,1,1,1,1.0,6.0,20337,M,4246253.0,925946.0,202
201700004745,17,5,9,1848,1,1,1,1.0,7.0,20169,M,4244699.0,924101.0,202
201700004746,17,6,2,1100,1,1,1,1.0,6.0,20083,M,4238097.0,913224.0,202
201700004747,17,6,19,1650,1,1,1,1.0,1.0,20023,M,4245869.0,908105.0,202
201700004748,17,8,14,2240,3,1,1,1.0,1.0,20079,M,4249299.0,928974.0,202
201700004749,17,9,19,920,1,1,1,1.0,2.0,20193,M,4238211.0,919187.0,202
201700004750,17,9,25,550,2,2,1,1.0,6.0,20169,M,4246106.0,920696.0,202
201700004751,17,10,16,1525,1,1,1,1.0,6.0,20193,M,4237019.0,918351.0,202
201700004752,17,11,15,1920,5,2,1,2.0,2.0,20169,M,4246380.0,920740.0,202
201700004753,17,11,20,1900,3,1,1,1.0,7.0,20162,M,4247491.0,917687.0,202
201700004754,17,12,16,2310,3,2,1,1.0,6.0,20169,M,4246454.0,920427.0,202
201700004755,17,1,8,1730,5,2,1,3.0,4.0,20087,M,4231922.0,954021.0,202
201700004756,17,2,13,740,2,2,1,1.0,6.0,20307,M,4240628.0,953140.0,202
201700004757,17,3,11,1655,1,2,1,1.0,1.0,20313,M,4237091.0,952980.0,202
201700004758,17,3,22,2140,5,2,1,1.0,6.0,20307,M,4238388.0,953044.0,202
201700004759,17,4,9,1300,1,1,3,1.0,6.0,20307,M,4238543.0,952466.0,202
201700004760,17,4,14,315,5,2,1,1.0,6.0,20307,M,4238026.0,953013.0,202
201700004761,17,4,26,1650,1,1,9,1.0,3.0,20057,M,4224737.0,954563.0,202
201700004762,17,5,29,1810,1,2,1,1.0,6.0,20313,M,4236279.0,951364.0,202
201700004763,17,6,7,1545,1,2,1,1.0,4.0,20307,M,4239182.0,953054.0,202
201700004764,17,7,4,840,1,2,3,1.0,3.0,20307,M,4238180.0,952754.0,202
201700004765,17,7,13,100,5,1,1,1.0,6.0,20087,M,4232071.0,952723.0,202
201700004766,17,8,19,1817,1,2,1,1.0,6.0,20303,M,4225720.0,954584.0,202
201700004767,17,8,22,350,3,1,1,1.0,6.0,20335,M,4233798.0,953557.0,202
201700004768,17,10,7,1135,1,1,1,1.0,1.0,20087,M,4230942.0,954254.0,202
201700004769,17,10,19,115,5,1,1,1.0,6.0,20311,M,4235225.0,953582.0,202
201700004770,17,11,19,1635,1,1,1,1.0,1.0,20088,M,4228742.0,947818.0,202
201700004771,17,1,25,1655,1,2,1,8.0,2.0,05023,M,4489013.0,662815.0,05
201700004772,17,2,23,1605,1,2,4,1.0,2.0,05023,M,4490933.0,662639.0,05
201700004773,17,3,19,215,5,2,4,1.0,1.0,05023,M,4490267.0,663125.0,05
201700004774,17,3,30,1715,1,2,3,1.0,3.0,05023,M,4489860.0,664006.0,05
201700004775,17,4,6,1050,1,2,1,1.0,6.0,05023,M,4489394.0,663526.0,05
201700004776,17,4,12,900,1,2,4,1.0,3.0,05023,M,4490274.0,663119.0,05
201700004777,17,5,13,1506,1,2,1,1.0,3.0,05023,M,4488146.0,662338.0,05
201700004778,17,6,2,1425,1,2,7,1.0,6.0,05023,M,4489906.0,664158.0,05
201700004779,17,6,4,1300,1,1,1,1.0,1.0,05023,M,4490282.0,665065.0,05
201700004780,17,6,12,830,1,2,1,7.0,6.0,05023,M,4489662.0,663481.0,05
201700004781,17,6,13,1830,1,2,1,1.0,6.0,05023,M,4489580.0,663544.0,05
201700004782,17,6,16,925,1,1,1,1.0,2.0,05023,M,4487343.0,661016.0,05
201700004783,17,6,24,1425,1,2,1,1.0,1.0,05023,M,4489265.0,664530.0,05
201700004784,17,6,23,1045,1,2,3,1.0,1.0,05023,M,4490202.0,663343.0,05
201700004785,17,7,14,950,1,2,1,1.0,6.0,05023,M,4490426.0,662851.0,05
201700004786,17,7,27,1230,1,2,1,1.0,2.0,05023,M,4491446.0,662307.0,05
201700004787,17,8,1,905,1,1,3,1.0,7.0,05023,M,4490971.0,666361.0,05
201700004788,17,8,2,2020,1,2,1,1.0,6.0,05023,M,4490032.0,663785.0,05
201700004789,17,9,3,1355,1,2,1,1.0,6.0,05023,M,4489754.0,663389.0,05
201700004790,17,9,10,1200,1,2,1,1.0,6.0,05023,M,4489641.0,663426.0,05
201700004791,17,9,16,845,1,2,1,1.0,3.0,05023,M,4489057.0,662860.0,05
201700004792,17,9,26,1425,1,2,4,1.0,3.0,05023,M,4488366.0,662710.0,05
201700004793,17,10,13,1715,1,2,6,1.0,5.0,05023,M,4488709.0,663365.0,05
201700004794,17,10,26,1650,1,2,7,1.0,3.0,05023,M,4489554.0,663794.0,05
201700004795,17,1,20,1650,1,2,1,9.0,6.0,05061,M,4456437.0,608193.0,05
201700004796,17,1,30,1030,1,2,1,1.0,3.0,05061,M,4455926.0,607771.0,05
201700004797,17,2,13,1625,1,2,1,1.0,6.0,05061,M,4455926.0,608391.0,05
201700004798,17,2,22,1105,1,2,1,1.0,7.0,05061,M,4456475.0,609065.0,05
201700004799,17,3,22,1020,1,2,1,1.0,6.0,05061,M,4452144.0,605798.0,05
201700004800,17,3,30,1540,1,2,1,1.0,2.0,05061,M,4455606.0,607111.0,05
201700004801,17,4,7,1535,1,2,4,1.0,3.0,05061,M,4456999.0,609103.0,05
201700004802,17,4,4,1750,1,2,1,1.0,6.0,05061,M,4456344.0,608386.0,05
201700004803,17,4,19,1050,1,2,1,1.0,4.0,05061,M,4456819.0,609902.0,05
201700004804,17,4,24,1540,1,2,1,1.0,2.0,05061,M,4456876.0,608327.0,05
201700004805,17,4,26,1145,1,2,7,1.0,3.0,05061,M,4454204.0,605233.0,05
201700004806,17,4,27,2355,5,2,1,2.0,1.0,05061,M,4456916.0,610269.0,05
201700004807,17,5,9,1605,1,2,6,1.0,3.0,05061,M,4455779.0,606877.0,05
201700004808,17,5,11,726,1,2,2,1.0,3.0,05061,M,4456644.0,605809.0,05
201700004809,17,5,11,1715,1,2,1,3.0,3.0,05061,M,4455219.0,607137.0,05
201700004810,17,5,15,2000,1,2,3,1.0,7.0,05061,M,4456737.0,608338.0,05
201700004811,17,5,16,937,1,1,1,1.0,7.0,05061,M,4455832.0,609359.0,05
201700004812,17,5,22,1445,1,2,7,1.0,3.0,05061,M,4456476.0,609061.0,05
201700004813,17,5,26,2125,3,2,1,1.0,7.0,05061,M,4452447.0,605955.0,05
201700004814,17,6,2,1342,1,1,1,1.0,7.0,05061,M,4451588.0,606566.0,05
201700004815,17,6,5,1151,1,2,6,1.0,3.0,05061,M,4453267.0,608382.0,05
201700004816,17,6,7,1930,1,2,1,1.0,6.0,05061,M,4453267.0,604278.0,05
201700004817,17,6,10,2049,1,2,1,1.0,6.0,05061,M,4456996.0,609880.0,05
201700004818,17,6,12,815,1,2,1,1.0,2.0,05061,M,4455755.0,605655.0,05
201700004819,17,6,12,1700,1,1,3,1.0,3.0,05061,M,4455763.0,605336.0,05
201700004820,17,6,13,1450,1,2,1,1.0,2.0,05061,M,4454220.0,605916.0,05
201700004821,17,6,16,1206,1,1,1,1.0,7.0,05061,M,4457422.0,607463.0,05
201700004822,17,6,16,1625,1,2,1,1.0,6.0,05061,M,4455960.0,607770.0,05
201700004823,17,6,24,1745,1,2,6,1.0,5.0,05061,M,4455779.0,606871.0,05
201700004824,17,6,27,1240,1,2,1,1.0,6.0,05061,M,4454527.0,607967.0,05
201700004825,17,7,1,200,5,2,1,2.0,7.0,05061,M,4450512.0,605674.0,05
201700004826,17,7,5,1340,1,2,1,1.0,7.0,05061,M,4456940.0,606569.0,05
201700004827,17,7,7,25,3,1,6,1.0,7.0,05061,M,4450938.0,604571.0,05
201700004828,17,7,7,2150,2,1,1,1.0,7.0,05061,M,4454818.0,603805.0,05
201700004829,17,7,10,1348,1,2,1,1.0,6.0,05061,M,4456187.0,607732.0,05
201700004830,17,7,11,1404,1,2,2,1.0,3.0,05061,M,4454976.0,606518.0,05
201700004831,17,7,11,1618,1,2,1,1.0,6.0,05061,M,4454783.0,606600.0,05
201700004832,17,7,15,1015,1,2,1,1.0,6.0,05061,M,4454894.0,606653.0,05
201700004833,17,7,24,1153,1,2,1,1.0,6.0,05061,M,4455794.0,608227.0,05
201700004834,17,7,29,1825,1,2,1,1.0,2.0,05061,M,4456930.0,610355.0,05
201700004835,17,8,3,745,1,2,3,1.0,3.0,05061,M,4456651.0,610616.0,05
201700004836,17,8,8,1620,1,2,3,2.0,3.0,05061,M,4455507.0,607410.0,05
201700004837,17,8,8,1920,1,2,1,2.0,7.0,05061,M,4457291.0,608200.0,05
201700004838,17,8,15,2304,3,1,1,9.0,7.0,05061,M,4455067.0,602927.0,05
201700004839,17,8,8,1805,2,2,1,3.0,3.0,05061,M,4456564.0,610228.0,05
201700004840,17,8,17,1750,1,2,1,1.0,6.0,05061,M,4456191.0,608360.0,05
201700004841,17,8,26,1241,1,2,3,1.0,1.0,05061,M,4456389.0,609988.0,05
201700004842,17,8,21,1907,1,2,6,1.0,3.0,05061,M,4455786.0,606876.0,05
201700004843,17,8,27,2055,2,2,1,1.0,2.0,05061,M,4454705.0,606502.0,05
201700004844,17,8,29,1053,1,2,1,1.0,6.0,05061,M,4455638.0,607923.0,05
201700004845,17,8,29,1350,1,2,1,1.0,4.0,05061,M,4456480.0,609080.0,05
201700004846,17,8,29,1515,1,2,1,1.0,3.0,05061,M,4456087.0,608450.0,05
201700004847,17,9,1,1855,1,2,6,7.0,3.0,05061,M,4455780.0,606864.0,05
201700004848,17,8,25,1125,1,2,1,1.0,6.0,05061,M,4456152.0,608263.0,05
201700004849,17,9,9,1850,2,2,9,2.0,2.0,05061,M,4456230.0,608475.0,05
201700004850,17,9,13,1020,1,2,3,1.0,6.0,05061,M,4456719.0,608344.0,05
201700004851,17,9,13,1610,1,2,1,1.0,6.0,05061,M,4455096.0,606710.0,05
201700004852,17,9,14,1800,1,2,1,1.0,3.0,05061,M,4454431.0,606170.0,05
201700004853,17,9,18,1355,1,2,1,1.0,1.0,05061,M,4454579.0,605345.0,05
201700004854,17,9,27,1510,1,2,1,1.0,6.0,05061,M,4455776.0,606834.0,05
201700004855,17,9,29,1815,1,2,3,1.0,1.0,05061,M,4454934.0,606357.0,05
201700004856,17,9,24,730,2,2,1,1.0,6.0,05061,M,4456100.0,607880.0,05
201700004857,17,10,3,2230,5,2,6,1.0,1.0,05061,M,4453760.0,605121.0,05
201700004858,17,10,9,1018,1,2,1,1.0,6.0,05061,M,4455951.0,608417.0,05
201700004859,17,10,13,1630,1,2,9,1.0,6.0,05061,M,4455914.0,607317.0,05
201700004860,17,10,14,530,5,2,1,1.0,6.0,05061,M,4456965.0,610419.0,05
201700004861,17,10,14,940,1,2,7,1.0,6.0,05061,M,4456121.0,608184.0,05
201700004862,17,10,15,1545,1,2,1,1.0,6.0,05061,M,4455929.0,608276.0,05
201700004863,17,10,15,2020,4,2,9,1.0,1.0,05061,M,4456706.0,609623.0,05
201700004864,17,10,10,1810,1,2,1,1.0,2.0,05061,M,4455997.0,607538.0,05
201700004865,17,10,16,1945,5,2,6,1.0,2.0,05061,M,4456215.0,608424.0,05
201700004866,17,10,17,1750,1,2,1,1.0,6.0,05061,M,4456006.0,607579.0,05
201700004867,17,10,19,1410,1,2,1,1.0,6.0,05061,M,4456906.0,610344.0,05
201700004868,17,10,21,1400,1,2,6,1.0,3.0,05061,M,4454310.0,606510.0,05
201700004869,17,10,23,1615,1,2,1,1.0,6.0,05061,M,4454671.0,606467.0,05
201700004870,17,10,25,1725,1,2,1,1.0,6.0,05061,M,4456147.0,608250.0,05
201700004871,17,10,31,1340,1,2,6,1.0,3.0,05061,M,4456379.0,608399.0,05
201700004872,17,11,2,1615,1,1,1,1.0,7.0,05061,M,4461054.0,612649.0,05
201700004873,17,11,6,830,1,2,1,8.0,4.0,05061,M,4456736.0,608343.0,05
201700004874,17,11,12,20,5,2,6,1.0,6.0,05061,M,4455479.0,607499.0,05
201700004875,17,11,4,1245,1,2,1,1.0,4.0,05061,M,4456584.0,609315.0,05
201700004876,17,11,14,1130,1,2,1,1.0,4.0,05061,M,4455369.0,607316.0,05
201700004877,17,11,15,1455,1,2,3,1.0,3.0,05061,M,4457736.0,608400.0,05
201700004878,17,11,16,1240,1,2,1,1.0,4.0,05061,M,4456706.0,609623.0,05
201700004879,17,11,18,1755,5,2,1,1.0,6.0,05061,M,4455762.0,608164.0,05