Num_Acc,an,mois,jour,hrmn,lum,agg,int,atm,col,com,gps,lat,long,dep
201700004880,17,12,4,1400,1,2,1,1.0,3.0,05061,M,4456610.0,609390.0,05
201700004881,17,12,6,1440,1,2,1,1.0,6.0,05061,M,4455760.0,606810.0,05
201700004882,17,12,21,1015,1,2,1,1.0,3.0,05061,M,4455720.0,607520.0,05
201700004883,17,12,21,1530,1,2,1,1.0,2.0,05061,M,4455100.0,606990.0,05
201700004884,17,12,21,2330,5,1,1,1.0,6.0,05061,M,4458560.0,611640.0,05
201700004885,17,12,12,1000,1,2,1,1.0,6.0,05061,M,4454929.0,606734.0,05
201700004886,17,1,27,900,2,1,1,9.0,6.0,78668,M,4902239.0,150067.0,78
201700004887,17,3,16,450,3,1,1,5.0,2.0,78531,M,4899700.0,161577.0,78
201700004888,17,4,1,1520,1,1,1,1.0,2.0,78531,M,4899700.0,161577.0,78
201700004889,17,4,7,845,1,1,1,1.0,6.0,78531,M,4899724.0,161501.0,78
201700004890,17,4,23,400,3,1,1,1.0,6.0,78531,M,4899644.0,160772.0,78
201700004891,17,6,23,750,1,1,1,1.0,7.0,78531,M,4899700.0,161577.0,78
201700004892,17,8,20,735,1,1,1,1.0,1.0,78089,M,4902510.0,158605.0,78
201700004893,17,9,23,500,3,1,1,1.0,2.0,78068,M,4903485.0,146232.0,78
201700004894,17,9,25,1530,1,1,1,1.0,3.0,78531,M,4899700.0,161577.0,78
201700004895,17,9,29,605,3,1,1,1.0,6.0,78531,M,4899700.0,161577.0,78
201700004896,17,10,13,510,3,1,1,1.0,2.0,78147,M,4902058.0,150995.0,78
201700004897,17,10,29,440,3,1,1,1.0,2.0,78531,M,4899700.0,161577.0,78
201700004898,17,11,24,1950,3,1,1,1.0,1.0,78118,M,4898480.0,167547.0,78
201700004899,17,12,18,1530,1,1,1,1.0,2.0,78668,M,4901973.0,152509.0,78
201700004900,17,2,1,1900,3,1,1,7.0,6.0,78057,M,4904618.0,158203.0,78
201700004901,17,3,17,2220,5,2,1,1.0,3.0,78528,M,4902035.0,161079.0,78
201700004902,17,3,24,645,2,1,1,2.0,2.0,78147,M,4901990.0,148714.0,78
201700004903,17,5,11,1530,1,2,4,1.0,7.0,78089,M,4903476.0,157229.0,78
201700004904,17,5,23,1945,1,2,1,1.0,1.0,78255,M,4904942.0,159977.0,78
201700004905,17,6,19,2300,5,2,1,1.0,1.0,78528,M,4901909.0,161076.0,78
201700004906,17,10,29,925,1,1,1,2.0,3.0,78147,M,4901607.0,148441.0,78
201700004907,17,11,4,1610,2,2,1,8.0,6.0,78528,M,4902606.0,161122.0,78
201700004908,17,1,24,1325,1,1,1,9.0,6.0,78484,M,4897971.0,160138.0,78
201700004909,17,3,27,1455,1,1,1,1.0,1.0,78444,M,4893271.0,152315.0,78
201700004910,17,4,19,1810,1,2,1,1.0,3.0,78346,M,4892081.0,158398.0,78
201700004911,17,5,26,1610,1,1,1,1.0,6.0,78346,M,4892277.0,157980.0,78
201700004912,17,5,9,1230,1,1,1,1.0,3.0,78567,M,4904848.0,169154.0,78
201700004913,17,6,6,950,1,1,1,1.0,1.0,78460,M,4902802.0,186279.0,78
201700004914,17,8,24,1635,1,2,1,1.0,6.0,78239,M,4901278.0,169628.0,78
201700004915,17,7,1,1935,1,2,3,1.0,3.0,78140,M,4897041.0,194587.0,78
201700004916,17,7,28,1320,1,1,1,1.0,6.0,78206,M,4894494.0,192107.0,78
201700004917,17,4,6,1130,1,1,1,1.0,1.0,78381,M,4878907.0,162647.0,78
201700004918,17,7,25,2045,1,1,1,1.0,1.0,78194,M,4876756.0,160480.0,78
201700004919,17,2,3,1720,1,2,1,2.0,3.0,78451,M,4894271.0,183977.0,78
201700004920,17,2,12,1800,2,2,1,1.0,6.0,78380,M,4891300.0,185315.0,78
201700004921,17,3,25,450,3,1,1,1.0,6.0,78013,M,4888196.0,182604.0,78
201700004922,17,5,16,2200,5,2,1,1.0,7.0,78380,M,4891604.0,186299.0,78
201700004923,17,6,12,1045,1,2,1,1.0,2.0,78380,M,4891754.0,186525.0,78
201700004924,17,8,6,2010,1,1,3,1.0,3.0,78380,M,4891167.0,185475.0,78
201700004925,17,12,12,1510,1,2,3,7.0,6.0,78380,M,4890886.0,185143.0,78
201700004926,17,2,2,830,1,2,1,1.0,6.0,78497,M,4867750.0,177457.0,78
201700004927,17,3,28,1800,1,1,1,1.0,6.0,78108,M,4871888.0,181803.0,78
201700004928,17,7,23,1210,1,2,1,1.0,7.0,78307,M,4865095.0,168798.0,78
201700004929,17,7,19,1750,1,1,1,1.0,1.0,78655,M,4867332.0,187574.0,78
201700004930,17,1,21,430,3,1,1,1.0,6.0,78003,M,4852857.0,185070.0,78
201700004931,17,1,25,1100,1,1,1,1.0,6.0,78003,M,4850570.0,182396.0,78
201700004932,17,2,16,1845,3,1,1,1.0,6.0,78506,M,4855138.0,180182.0,78
201700004933,17,4,1,1730,1,1,6,1.0,1.0,78003,M,4852857.0,185070.0,78
201700004934,17,4,11,1725,1,1,1,1.0,7.0,78003,M,4850489.0,182441.0,78
201700004935,17,5,3,1915,1,1,1,2.0,7.0,78003,M,4853915.0,182936.0,78
201700004936,17,5,14,2330,3,1,1,1.0,6.0,78003,M,4853554.0,182982.0,78
201700004937,17,5,22,745,1,1,1,1.0,6.0,78003,M,4850491.0,182315.0,78
201700004938,17,6,14,715,1,1,6,1.0,2.0,78003,M,4851650.0,184115.0,78
201700004939,17,7,4,1659,1,1,1,1.0,3.0,78003,M,4852857.0,185070.0,78
201700004940,17,7,7,2020,1,1,1,7.0,3.0,78564,M,4852265.0,191278.0,78
201700004941,17,8,7,550,2,1,1,1.0,3.0,78470,M,4857781.0,178547.0,78
201700004942,17,9,8,1420,1,1,2,1.0,3.0,78071,M,4848389.0,184868.0,78
201700004943,17,10,21,935,2,1,1,2.0,3.0,78478,M,4846712.0,187296.0,78
201700004944,17,11,6,1320,1,1,1,1.0,5.0,78003,M,4850786.0,183416.0,78
201700004945,17,1,26,1055,1,2,2,7.0,6.0,78160,M,4870680.0,203768.0,78
201700004946,17,4,2,1800,1,1,1,1.0,3.0,78160,M,4870718.0,203731.0,78
201700004947,17,4,9,1735,1,1,1,7.0,6.0,78160,M,4870377.0,203667.0,78
201700004948,17,4,7,1510,1,2,3,1.0,2.0,78160,M,4870436.0,204462.0,78
201700004949,17,6,8,2245,2,1,1,1.0,6.0,78590,M,4868751.0,196914.0,78
201700004950,17,6,25,1250,1,1,1,1.0,7.0,78334,M,4872926.0,193341.0,78
201700004951,17,6,29,1215,1,1,1,1.0,6.0,78128,M,4867384.0,196146.0,78
201700004952,17,7,5,830,1,1,1,1.0,6.0,78128,M,4866967.0,198545.0,78
201700004953,17,7,14,1600,1,2,3,1.0,5.0,78160,M,4870718.0,203731.0,78
201700004954,17,7,21,2000,1,1,1,1.0,3.0,78590,M,4869069.0,197257.0,78
201700004955,17,10,17,1800,1,2,1,1.0,5.0,78575,M,4870953.0,208155.0,78
201700004956,17,1,1,245,3,1,1,1.0,7.0,78443,M,4881700.0,186100.0,78
201700004957,17,1,20,1155,1,2,1,1.0,1.0,78576,M,4875637.0,188154.0,78
201700004958,17,3,27,1535,1,1,1,7.0,3.0,78389,M,4880843.0,181693.0,78
201700004959,17,4,13,1359,1,1,1,1.0,3.0,78443,M,4880358.0,185445.0,78
201700004960,17,9,14,950,1,1,1,1.0,7.0,78562,M,4872309.0,179106.0,78
201700004961,17,9,15,1050,1,1,3,1.0,3.0,78366,M,4878094.0,183601.0,78
201700004962,17,11,20,2215,3,1,1,1.0,7.0,78443,M,4881561.0,185885.0,78
201700004963,17,1,9,840,1,2,1,2.0,3.0,78321,M,4880164.0,190270.0,78
201700004964,17,1,10,756,3,1,1,2.0,1.0,78623,M,4878139.0,187421.0,78
201700004965,17,3,17,1510,1,2,1,1.0,3.0,78683,M,4881446.0,187228.0,78
201700004966,17,4,25,1550,1,1,1,1.0,3.0,78442,M,4880375.0,191351.0,78
201700004967,17,5,27,930,1,2,1,1.0,2.0,78321,M,4880145.0,190319.0,78
201700004968,17,5,30,1150,1,2,9,1.0,2.0,78442,M,4880935.0,190812.0,78
201700004969,17,6,11,1515,1,1,1,1.0,7.0,78623,M,4878766.0,187159.0,78
201700004970,17,7,3,1750,1,2,1,1.0,1.0,78623,M,4876953.0,187971.0,78
201700004971,17,7,8,1450,1,2,1,1.0,2.0,78062,M,4886746.0,187096.0,78
201700004972,17,7,9,745,1,2,3,1.0,6.0,78442,M,4881170.0,189465.0,78
201700004973,17,7,27,2030,1,2,6,1.0,6.0,78321,M,4878887.0,189952.0,78
201700004974,17,8,1,2140,2,1,1,1.0,2.0,78623,M,4877812.0,187638.0,78
201700004975,17,8,3,2000,1,1,6,1.0,6.0,78615,M,4883609.0,193532.0,78
201700004976,17,9,13,1639,1,1,1,3.0,6.0,78321,M,4879351.0,189897.0,78
201700004977,17,9,18,2015,5,2,3,2.0,1.0,78062,M,4885272.0,187673.0,78
201700004978,17,9,22,1940,1,2,1,1.0,3.0,78683,M,4882117.0,189440.0,78
201700004979,17,9,28,1645,1,2,1,1.0,6.0,78550,M,4883410.0,190040.0,78
201700004980,17,10,4,2140,3,1,1,1.0,2.0,78615,M,4884277.0,192951.0,78
201700004981,17,10,17,1730,1,1,3,1.0,5.0,78588,M,4884254.0,184146.0,78
201700004982,17,10,20,1926,3,1,1,1.0,3.0,78062,M,4884187.0,184259.0,78
201700004983,17,10,22,1800,3,2,1,2.0,7.0,78062,M,4885577.0,186697.0,78
201700004984,17,11,2,1015,1,2,1,1.0,6.0,78062,M,4885187.0,187931.0,78
201700004985,17,11,20,830,2,1,1,8.0,2.0,78062,M,4884268.0,191221.0,78
201700004986,17,11,29,1800,3,1,1,9.0,1.0,78615,M,4883962.0,195989.0,78
201700004987,17,12,4,1700,5,2,1,8.0,1.0,78442,M,4881364.0,189743.0,78
201700004988,17,12,6,1935,3,1,1,1.0,7.0,78623,M,4878139.0,187421.0,78
201700004989,17,12,28,1250,1,1,1,1.0,4.0,78615,M,4883580.0,195787.0,78
201700004990,17,12,28,1545,1,1,2,1.0,1.0,78062,M,4884259.0,184137.0,78
201700004991,17,1,20,1300,1,1,2,1.0,3.0,78364,M,4885681.0,181028.0,78
201700004992,17,2,20,2015,3,1,1,9.0,5.0,78513,M,4879927.0,174765.0,78
201700004993,17,6,11,655,1,1,1,1.0,6.0,78513,M,4879931.0,176091.0,78
201700004994,17,6,27,1620,1,1,1,2.0,6.0,78236,M,4885461.0,174124.0,78
201700004995,17,10,11,1800,1,2,3,1.0,3.0,78278,M,4888441.0,177706.0,78
201700004996,17,10,26,1723,1,2,1,1.0,2.0,78262,M,4879611.0,179621.0,78
201700004997,17,11,10,1520,1,2,1,1.0,3.0,78513,M,4880343.0,175929.0,78
201700004998,17,12,29,1205,1,2,1,8.0,6.0,78616,M,4886894.0,178976.0,78
201700004999,17,2,15,400,3,2,1,1.0,6.0,78569,M,4852860.0,196375.0,78
201700005000,17,4,23,2030,1,1,1,1.0,7.0,78087,M,4861316.0,202427.0,78
201700005001,17,4,29,1250,1,1,1,1.0,2.0,78601,M,4859569.0,185024.0,78
201700005002,17,5,28,1400,1,1,1,1.0,7.0,78120,M,4863081.0,199743.0,78
201700005003,17,6,18,1955,1,1,1,1.0,7.0,78537,M,4858162.0,193920.0,78
201700005004,17,7,9,1855,1,1,1,2.0,6.0,78601,M,4859569.0,185024.0,78
201700005005,17,8,6,1840,1,1,1,1.0,7.0,78601,M,4859153.0,190233.0,78
201700005006,17,10,4,1340,1,1,1,7.0,3.0,78087,M,4862251.0,201539.0,78
201700005007,17,10,28,1015,1,2,1,1.0,3.0,78537,M,4857115.0,193721.0,78
201700005008,17,12,14,1700,2,1,1,2.0,5.0,78164,M,4859957.0,192707.0,78
201700005009,17,12,25,1210,1,2,1,1.0,6.0,78537,M,4857141.0,193396.0,78
201700005010,17,1,16,1545,1,2,1,1.0,6.0,91659,M,4858945.0,245020.0,91
201700005011,17,2,1,600,3,1,1,2.0,6.0,91340,M,4857935.0,243229.0,91
201700005012,17,2,16,1315,1,1,1,2.0,6.0,91340,M,4857805.0,241429.0,91
201700005013,17,3,22,1540,1,1,6,1.0,3.0,91386,M,4856162.0,244412.0,91
201700005014,17,4,9,700,2,2,1,1.0,6.0,91179,M,4856141.0,250874.0,91
201700005015,17,4,21,1455,1,2,1,1.0,4.0,91468,M,4857044.0,246243.0,91
201700005016,17,4,29,2010,1,2,1,1.0,6.0,91179,M,4857394.0,247710.0,91
201700005017,17,7,10,1930,1,2,1,3.0,1.0,91386,M,4855422.0,243704.0,91
201700005018,17,2,3,1,3,1,1,1.0,6.0,91180,M,4843627.0,247796.0,91
201700005019,17,7,2,2000,1,1,1,1.0,6.0,91180,M,4842780.0,246401.0,91
201700005020,17,10,10,1810,1,1,1,1.0,6.0,91405,M,4838179.0,243293.0,91
201700005021,17,11,21,2215,3,1,1,1.0,6.0,91195,M,4845716.0,247143.0,91
201700005022,17,12,24,1050,1,1,1,2.0,3.0,91405,M,4842590.0,246881.0,91
201700005023,17,1,28,2040,3,1,1,8.0,1.0,91175,M,4850752.0,197774.0,91
201700005024,17,2,3,1520,1,2,1,8.0,7.0,91200,M,4852566.0,201535.0,91
201700005025,17,3,14,1300,1,1,1,1.0,7.0,91525,M,4853771.0,205027.0,91
201700005026,17,3,16,1455,1,1,1,1.0,2.0,91547,M,4841574.0,196607.0,91
201700005027,17,4,8,1200,1,2,1,1.0,3.0,91525,M,4853510.0,205116.0,91
201700005028,17,4,21,1430,1,2,1,1.0,6.0,91200,M,4853443.0,199057.0,91
201700005029,17,5,15,1315,1,2,1,1.0,3.0,91547,M,4842815.0,196590.0,91
201700005030,17,5,17,1015,1,1,9,1.0,7.0,91145,M,4847490.0,193163.0,91
201700005031,17,5,21,1900,1,1,1,1.0,3.0,91145,M,4844756.0,192441.0,91
201700005032,17,5,23,1050,1,2,1,1.0,3.0,91200,M,4853465.0,199597.0,91
201700005033,17,9,6,420,3,1,1,1.0,7.0,91175,M,4849464.0,196072.0,91
201700005034,17,9,17,1910,2,1,1,2.0,6.0,91175,M,4849247.0,195953.0,91
201700005035,17,10,20,1800,1,2,1,7.0,6.0,91525,M,4853027.0,202735.0,91
201700005036,17,1,28,400,3,1,1,2.0,2.0,91226,M,4850274.0,220067.0,91
201700005037,17,2,22,1035,1,2,1,1.0,3.0,91318,M,4851233.0,225503.0,91
201700005038,17,3,7,1650,1,1,1,1.0,4.0,91226,M,4848866.0,219643.0,91
201700005039,17,3,11,1510,1,1,1,1.0,3.0,91132,M,4853360.0,220943.0,91
201700005040,17,5,1,1635,1,2,1,1.0,6.0,91330,M,4852539.0,229099.0,91
201700005041,17,6,25,515,2,2,1,1.0,6.0,91038,M,4849065.0,221707.0,91
201700005042,17,8,2,1935,1,1,1,1.0,3.0,91226,M,4850787.0,220120.0,91
201700005043,17,8,11,940,1,2,1,1.0,4.0,91038,M,4848780.0,221212.0,91
201700005044,17,10,13,800,2,2,1,5.0,6.0,91330,M,4853214.0,229253.0,91
201700005045,17,10,19,1439,1,2,1,1.0,3.0,91671,M,4845384.0,225591.0,91
201700005046,17,12,3,1600,1,1,1,2.0,2.0,91226,M,4850470.0,220045.0,91
201700005047,17,1,12,1335,1,1,1,2.0,6.0,91080,M,4847157.0,228670.0,91
201700005048,17,1,14,930,1,2,1,8.0,6.0,91232,M,4848200.0,234825.0,91
201700005049,17,1,28,1500,1,1,1,1.0,6.0,91654,M,4847300.0,238987.0,91
201700005050,17,1,28,2020,3,1,1,1.0,7.0,91100,M,4842022.0,228860.0,91
201700005051,17,3,23,840,1,2,1,1.0,2.0,91129,M,4848078.0,232359.0,91
201700005052,17,3,26,1525,1,2,1,1.0,1.0,91129,M,4849103.0,235166.0,91
201700005053,17,3,27,1635,1,1,1,1.0,3.0,91047,M,4849436.0,236574.0,91
201700005054,17,3,29,745,1,1,1,7.0,2.0,91654,M,4847423.0,243093.0,91
201700005055,17,4,4,1330,1,2,1,1.0,2.0,91129,M,4849116.0,235155.0,91
201700005056,17,4,4,1850,1,2,4,1.0,7.0,91047,M,4848716.0,235231.0,91
201700005057,17,4,5,1827,1,2,1,1.0,3.0,91080,M,4847427.0,228599.0,91
201700005058,17,4,20,1625,1,2,1,1.0,6.0,91129,M,4847809.0,232685.0,91
201700005059,17,5,9,1530,1,2,2,1.0,2.0,91232,M,4848111.0,234857.0,91
201700005060,17,5,17,822,1,2,3,7.0,3.0,91129,M,4848766.0,234339.0,91
201700005061,17,7,7,1628,1,2,1,1.0,1.0,91315,M,4852681.0,234541.0,91
201700005062,17,12,17,1520,1,2,1,1.0,1.0,91129,M,4849353.0,235127.0,91
201700005063,17,1,2,415,3,1,1,4.0,6.0,91248,M,4838162.0,223130.0,91
201700005064,17,1,2,1330,1,1,1,4.0,6.0,91399,M,4835293.0,228045.0,91
201700005065,17,1,3,1850,3,1,1,1.0,6.0,91540,M,4854313.0,209911.0,91
201700005066,17,2,2,610,3,1,1,1.0,6.0,91568,M,4857650.0,212583.0,91
201700005067,17,2,18,1800,2,1,1,1.0,1.0,91662,M,4851322.0,213346.0,91
201700005068,17,2,18,1551,1,2,3,1.0,1.0,91540,M,4854823.0,212515.0,91
201700005069,17,2,21,845,1,1,1,1.0,6.0,91568,M,4856822.0,210504.0,91
201700005070,17,2,24,1715,1,2,9,1.0,6.0,91540,M,4855390.0,212521.0,91
201700005071,17,7,16,1100,1,2,1,1.0,7.0,91662,M,4851426.0,212371.0,91
201700005072,17,10,11,1210,1,1,1,1.0,6.0,91568,M,4857607.0,210574.0,91
201700005073,17,11,22,748,2,2,1,1.0,6.0,91540,M,4855444.0,213245.0,91
201700005074,17,12,19,1000,1,2,1,1.0,3.0,91540,M,4855525.0,213340.0,91
201700005075,17,1,19,750,3,2,1,1.0,6.0,91661,M,4870333.0,225631.0,91
201700005076,17,2,23,1246,1,2,1,1.0,2.0,91661,M,4869656.0,224233.0,91
201700005077,17,8,2,655,2,2,6,1.0,3.0,91661,M,4870405.0,225433.0,91
201700005078,17,9,20,1250,1,2,1,1.0,6.0,91661,M,4869982.0,226614.0,91
201700005079,17,9,22,830,1,2,9,1.0,3.0,91661,M,4869009.0,221563.0,91
201700005080,17,10,23,1620,1,2,3,2.0,3.0,91661,M,4869988.0,224672.0,91
201700005081,17,11,6,940,1,2,1,7.0,6.0,91661,M,4870211.0,225320.0,91
201700005082,17,2,17,1720,1,2,1,1.0,6.0,91461,M,4859398.0,221640.0,91
201700005083,17,4,28,2250,5,1,9,1.0,2.0,91041,M,4855751.0,224386.0,91
201700005084,17,6,17,2120,1,1,1,1.0,2.0,91041,M,4855794.0,222425.0,91
201700005085,17,7,7,1800,1,1,1,7.0,3.0,91207,M,4857528.0,220159.0,91
201700005086,17,10,23,730,2,1,1,8.0,1.0,91115,M,4858210.0,216778.0,91
201700005087,17,12,17,2310,3,1,6,3.0,7.0,91156,M,4855846.0,226669.0,91
201700005088,17,12,21,2300,5,2,6,2.0,7.0,91292,M,4856917.0,226549.0,91
201700005089,17,12,30,1315,1,2,1,8.0,3.0,91461,M,4859863.0,223395.0,91
201700005090,17,3,25,1320,1,2,1,7.0,3.0,91579,M,4853363.0,230513.0,91
201700005091,17,7,31,1545,1,2,6,1.0,1.0,91376,M,4856084.0,230458.0,91
201700005092,17,1,6,1730,3,1,1,1.0,7.0,91319,M,4865490.0,214441.0,91
201700005093,17,1,28,1115,1,1,6,8.0,5.0,91338,M,4867671.0,213221.0,91
201700005094,17,2,7,2245,5,2,1,1.0,6.0,91093,M,4866875.0,205167.0,91
201700005095,17,2,12,1856,3,1,1,1.0,3.0,91338,M,4865738.0,208033.0,91
201700005096,17,2,21,1235,1,1,1,1.0,6.0,91111,M,4864246.0,212162.0,91
201700005097,17,2,22,1525,1,1,1,8.0,7.0,91249,M,4861452.0,207461.0,91
201700005098,17,3,8,1720,1,1,2,8.0,1.0,91338,M,4863469.0,206365.0,91
201700005099,17,4,10,945,1,1,3,1.0,3.0,91482,M,4864815.0,204310.0,91
201700005100,17,4,14,1345,1,2,6,1.0,3.0,91338,M,4864167.0,209160.0,91
201700005101,17,4,14,1950,1,2,3,1.0,3.0,91111,M,4862106.0,212557.0,91
201700005102,17,4,17,1050,1,2,3,2.0,3.0,91111,M,4862201.0,213507.0,91
201700005103,17,4,27,1130,1,2,3,1.0,7.0,91338,M,4864199.0,207080.0,91
201700005104,17,4,30,1130,1,1,1,1.0,3.0,91093,M,4866907.0,204083.0,91
201700005105,17,5,6,1915,1,1,2,3.0,6.0,91338,M,4863478.0,206368.0,91
201700005106,17,5,22,740,1,2,2,1.0,3.0,91338,M,4864883.0,210467.0,91
201700005107,17,6,12,350,3,2,2,1.0,3.0,91243,M,4861270.0,216740.0,91
201700005108,17,7,9,1,5,2,1,1.0,6.0,91338,M,4864442.0,206268.0,91
201700005109,17,7,18,845,1,2,1,1.0,6.0,91338,M,4864799.0,210396.0,91
201700005110,17,9,29,1440,1,1,3,1.0,3.0,91249,M,4862879.0,206666.0,91
201700005111,17,10,13,750,1,1,3,1.0,3.0,91338,M,4865466.0,207722.0,91
201700005112,17,10,17,905,1,1,1,1.0,5.0,91249,M,4863406.0,210947.0,91
201700005113,17,10,26,800,2,2,1,5.0,1.0,91243,M,4861143.0,217285.0,91
201700005114,17,12,14,2230,3,1,3,2.0,5.0,91338,M,4866134.0,209153.0,91
201700005115,17,2,2,750,2,1,1,1.0,2.0,91136,M,4869872.0,228540.0,91
201700005116,17,2,6,2040,3,2,6,1.0,2.0,91136,M,4870742.0,225895.0,91
201700005117,17,3,26,1600,1,1,1,1.0,7.0,91587,M,4868465.0,224982.0,91
201700005118,17,4,5,1310,1,1,1,1.0,5.0,91587,M,4868268.0,228450.0,91
201700005119,17,4,11,1130,1,2,6,1.0,3.0,91044,M,4866819.0,228572.0,91
201700005120,17,5,4,1150,1,1,1,1.0,4.0,91587,M,4868332.0,226478.0,91
201700005121,17,5,24,1830,1,1,1,1.0,6.0,91044,M,4866865.0,229646.0,91
201700005122,17,6,13,730,1,1,9,1.0,3.0,91044,M,4867094.0,228016.0,91
201700005123,17,6,27,1119,1,1,1,1.0,6.0,91044,M,4868500.0,228556.0,91
201700005124,17,7,3,1405,1,1,1,1.0,1.0,91587,M,4869589.0,227022.0,91
201700005125,17,10,2,905,1,1,1,1.0,4.0,91587,M,4868689.0,222971.0,91
201700005126,17,12,1,800,3,2,1,2.0,6.0,91136,M,4871131.0,226453.0,91
201700005127,17,12,16,2200,5,2,1,8.0,3.0,91587,M,4869427.0,228163.0,91
201700005128,17,6,23,1325,1,1,6,1.0,3.0,91534,M,4873054.0,216356.0,91
201700005129,17,7,8,1529,1,2,2,1.0,1.0,91534,M,4872878.0,217549.0,91
201700005130,17,11,14,1750,5,1,1,1.0,3.0,91534,M,4873673.0,216411.0,91
201700005131,17,11,26,1145,1,2,3,1.0,2.0,91635,M,4873361.0,220452.0,91
201700005132,17,1,12,930,1,1,1,2.0,3.0,95012,M,4909890.0,163040.0,95
201700005133,17,6,23,2030,1,1,1,1.0,6.0,95523,M,4908490.0,163040.0,95
201700005134,17,6,25,1815,1,1,1,1.0,1.0,95523,M,4908680.0,164250.0,95
201700005135,17,7,27,1955,1,1,1,1.0,1.0,95309,M,4914330.0,175210.0,95
201700005136,17,9,20,2030,3,1,1,1.0,1.0,95008,M,4907390.0,178180.0,95
201700005137,17,9,21,1445,1,1,1,1.0,7.0,95355,M,4915770.0,181410.0,95
201700005138,17,10,20,720,2,1,1,1.0,5.0,95309,M,4914340.0,175380.0,95
201700005139,17,11,3,1615,1,1,1,1.0,6.0,95690,M,4907880.0,181480.0,95
201700005140,17,11,30,800,2,1,1,8.0,6.0,95462,M,4914660.0,171870.0,95
201700005141,17,12,1,1420,1,1,1,7.0,6.0,95012,M,4911110.0,164860.0,95
201700005142,17,12,1,2250,3,1,1,1.0,2.0,95355,M,4914550.0,180180.0,95
201700005143,17,1,24,810,2,1,1,1.0,6.0,95102,M,4914190.0,202490.0,95
201700005144,17,2,24,1930,3,1,1,1.0,1.0,95298,M,4917180.0,204840.0,95
201700005145,17,3,28,1930,1,1,1,1.0,6.0,95298,M,4917390.0,206990.0,95
201700005146,17,3,28,1800,1,1,1,1.0,6.0,95102,M,4913850.0,200610.0,95
201700005147,17,6,7,1850,1,2,3,1.0,3.0,95142,M,4916010.0,193710.0,95
201700005148,17,8,13,230,3,1,1,1.0,6.0,95287,M,4913760.0,204550.0,95
201700005149,17,8,23,940,1,1,1,1.0,3.0,95142,M,4915660.0,194960.0,95
201700005150,17,9,23,2000,3,1,1,1.0,6.0,95213,M,4911140.0,205520.0,95
201700005151,17,1,1,1945,3,1,1,5.0,6.0,95308,M,4909490.0,214090.0,95
201700005152,17,3,20,1730,1,2,1,1.0,7.0,95039,M,4907060.0,217780.0,95
201700005153,17,7,2,915,1,1,1,2.0,7.0,95308,M,4909730.0,212250.0,95
201700005154,17,10,14,2230,5,2,1,1.0,6.0,95039,M,4906790.0,215950.0,95
201700005155,17,3,11,1540,1,1,1,1.0,2.0,95535,M,4906350.0,198410.0,95
201700005156,17,5,4,900,1,1,1,1.0,6.0,95169,M,4911920.0,188710.0,95
201700005157,17,5,7,1825,1,1,1,1.0,6.0,95002,M,4907150.0,196270.0,95
201700005158,17,5,17,1540,1,1,1,1.0,7.0,95040,M,4908867.0,186957.0,95
201700005159,17,5,27,1922,2,1,1,1.0,7.0,95040,M,4909670.0,187740.0,95
201700005160,17,6,22,505,2,1,1,1.0,2.0,95040,M,4910160.0,189310.0,95
201700005161,17,9,25,1200,1,1,1,1.0,1.0,95170,M,4904140.0,194610.0,95
201700005162,17,10,15,1045,1,2,1,1.0,2.0,95295,M,4910630.0,184770.0,95
201700005163,17,11,4,1915,3,1,1,2.0,6.0,95535,M,4905230.0,195740.0,95
201700005164,17,11,11,845,1,1,1,2.0,6.0,95002,M,4907110.0,196530.0,95
201700005165,17,11,1,1950,5,2,1,1.0,3.0,95489,M,4901990.0,234830.0,95
201700005166,17,12,20,1709,3,1,1,2.0,6.0,95199,M,4903110.0,234650.0,95
201700005167,17,12,20,2300,3,1,1,2.0,7.0,95489,M,4901950.0,235150.0,95
201700005168,17,3,25,1645,1,1,1,1.0,2.0,95351,M,4902640.0,249960.0,95
201700005169,17,5,24,802,1,1,1,1.0,3.0,95641,M,4906370.0,256690.0,95
201700005170,17,10,18,810,1,1,1,1.0,1.0,95241,M,4905080.0,244540.0,95
201700005171,17,12,7,645,3,1,1,1.0,2.0,95641,M,4906220.0,256810.0,95
201700005172,17,12,13,400,5,2,1,2.0,6.0,95675,M,4905860.0,253720.0,95
201700005173,17,9,18,830,2,1,1,5.0,1.0,77437,M,4903999.0,278338.0,77
201700005174,17,3,23,1250,1,1,1,2.0,7.0,77175,M,4864985.0,268502.0,77
201700005175,17,8,18,1400,1,1,3,3.0,6.0,77175,M,4863752.0,262935.0,77
201700005176,17,9,16,755,1,2,2,1.0,6.0,77127,M,4867097.0,269252.0,77
201700005177,17,9,27,1615,1,1,1,1.0,1.0,77457,M,4865913.0,274051.0,77
201700005178,17,1,17,1555,1,1,1,1.0,1.0,77100,M,4849522.0,280821.0,77
201700005179,17,3,22,1710,1,1,1,1.0,1.0,77295,M,4855707.0,274536.0,77
201700005180,17,5,5,1645,1,1,2,1.0,3.0,77453,M,4854747.0,276575.0,77
201700005181,17,5,21,700,1,1,1,1.0,6.0,77453,M,4853442.0,271644.0,77