Num_Acc,an,mois,jour,hrmn,lum,agg,int,atm,col,com,gps,lat,long,dep
201700005799,17,11,17,1830,2,2,1,1.0,6.0,06029,M,4356202.0,701747.0,06
201700005800,17,11,18,1716,1,2,1,1.0,1.0,06030,M,4355519.0,703961.0,06
201700005801,17,11,19,1012,1,2,1,1.0,3.0,06029,M,4354906.0,699142.0,06
201700005802,17,11,24,635,2,2,1,1.0,3.0,06029,M,4354949.0,697759.0,06
201700005803,17,12,9,1515,1,2,1,1.0,3.0,06029,M,,,06
201700005804,17,12,9,55,5,2,1,1.0,3.0,06030,M,4357272.0,701291.0,06
201700005805,17,12,3,1800,2,2,1,1.0,3.0,06029,M,4355861.0,696811.0,06
201700005806,17,12,9,1518,1,2,1,1.0,3.0,06029,M,4355290.0,695640.0,06
201700005807,17,12,13,1157,1,2,1,1.0,3.0,06029,M,4355105.0,697169.0,06
201700005808,17,12,21,1700,2,2,1,1.0,3.0,06030,M,4357616.0,701838.0,06
201700005809,17,1,5,1055,1,2,1,1.0,1.0,06069,M,4367991.0,695148.0,06
201700005810,17,1,5,1200,1,2,1,1.0,6.0,06069,M,,,06
201700005811,17,1,10,455,3,2,1,1.0,3.0,06069,M,,,06
201700005812,17,1,10,1645,1,2,1,2.0,6.0,06069,M,,,06
201700005813,17,1,10,1425,1,2,1,1.0,2.0,06069,M,,,06
201700005814,17,1,12,1644,1,2,3,1.0,3.0,06069,M,,,06
201700005815,17,1,13,1240,1,2,6,1.0,4.0,06069,M,4365349.0,692502.0,06
201700005816,17,1,18,1125,1,2,3,1.0,3.0,06069,M,4364116.0,695689.0,06
201700005817,17,1,18,1730,3,2,1,1.0,1.0,06069,M,4364259.0,696594.0,06
201700005818,17,1,20,1640,1,2,1,1.0,6.0,06069,M,4364305.0,694924.0,06
201700005819,17,1,22,615,5,2,1,2.0,6.0,06069,M,4364266.0,600000.0,06
201700005820,17,1,23,1845,1,2,1,1.0,2.0,06069,M,4365346.0,692111.0,06
201700005821,17,1,24,850,1,2,3,1.0,3.0,06069,M,,,06
201700005822,17,1,25,1330,1,2,1,1.0,6.0,06069,M,4365107.0,692208.0,06
201700005823,17,1,28,1730,3,1,1,2.0,6.0,06069,M,4361000.0,692000.0,06
201700005824,17,1,22,1345,1,2,1,1.0,6.0,06069,M,,,06
201700005825,17,1,30,2130,3,1,1,1.0,6.0,06069,M,,,06
201700005826,17,1,30,1715,1,2,1,1.0,6.0,06069,M,,,06
201700005827,17,2,3,2215,5,2,1,2.0,7.0,06069,M,,,06
201700005828,17,2,10,1845,5,2,1,1.0,6.0,06069,M,,,06
201700005829,17,2,10,1920,5,2,1,1.0,1.0,06069,M,,,06
201700005830,17,2,14,1945,5,2,1,1.0,1.0,06069,M,4364113.0,698697.0,06
201700005831,17,2,24,1648,1,2,1,1.0,3.0,06069,M,4365044.0,692216.0,06
201700005832,17,2,27,2030,5,2,1,2.0,3.0,06069,M,,,06
201700005833,17,2,28,1040,1,2,1,8.0,2.0,06069,M,4365978.0,695560.0,06
201700005834,17,3,1,1045,1,2,1,1.0,6.0,06069,M,4364000.0,693000.0,06
201700005835,17,3,1,1620,1,2,1,1.0,6.0,06069,M,4365367.0,693628.0,06
201700005836,17,3,2,915,1,2,1,1.0,6.0,06069,M,,,06
201700005837,17,3,2,1800,2,2,1,1.0,2.0,06069,M,,,06
201700005838,17,3,7,1735,1,2,1,1.0,3.0,06069,M,4364805.0,692721.0,06
201700005839,17,3,8,1110,1,2,1,1.0,1.0,06069,M,,,06
201700005840,17,3,9,1235,1,2,1,1.0,7.0,06069,M,,,06
201700005841,17,3,11,859,1,2,1,1.0,6.0,06069,M,4365074.0,692252.0,06
201700005842,17,3,12,310,5,1,1,1.0,6.0,06069,M,,,06
201700005843,17,3,17,900,1,2,1,1.0,6.0,06069,M,,,06
201700005844,17,3,22,754,1,1,1,1.0,1.0,06069,M,,,06
201700005845,17,3,23,1735,1,1,1,5.0,1.0,06069,M,,,06
201700005846,17,3,29,1500,1,2,1,1.0,3.0,06069,M,,,06
201700005847,17,3,30,1650,1,2,2,1.0,3.0,06069,M,4366219.0,693424.0,06
201700005848,17,4,2,1800,1,2,1,2.0,7.0,06069,M,4366641.0,690177.0,06
201700005849,17,4,7,1400,1,2,1,1.0,2.0,06069,M,4366544.0,693883.0,06
201700005850,17,4,11,1415,1,2,6,1.0,6.0,06069,M,4365074.0,692257.0,06
201700005851,17,4,12,1110,1,2,6,1.0,3.0,06069,M,4365642.0,692269.0,06
201700005852,17,4,13,1350,1,2,1,1.0,3.0,06069,M,4365642.0,692264.0,06
201700005853,17,4,19,1640,1,2,1,1.0,5.0,06069,M,4363958.0,694926.0,06
201700005854,17,4,20,2155,5,2,1,1.0,6.0,06069,M,4365650.0,692778.0,06
201700005855,17,4,25,1110,1,2,1,1.0,6.0,06069,M,4366321.0,693713.0,06
201700005856,17,4,25,1705,1,2,1,1.0,3.0,06069,M,4364906.0,691917.0,06
201700005857,17,4,27,830,1,2,1,2.0,5.0,06069,M,4365916.0,692095.0,06
201700005858,17,4,29,2200,5,1,1,1.0,1.0,06069,M,4364294.0,690850.0,06
201700005859,17,5,3,740,1,2,1,1.0,4.0,06069,M,4364079.0,691719.0,06
201700005860,17,5,3,1500,1,2,1,1.0,3.0,06069,M,4364378.0,694178.0,06
201700005861,17,5,3,1600,1,2,1,1.0,4.0,06069,M,4363735.0,695097.0,06
201700005862,17,5,6,1840,1,2,1,1.0,3.0,06069,M,4364579.0,693963.0,06
201700005863,17,5,7,1505,1,2,1,1.0,2.0,06069,M,4365628.0,692673.0,06
201700005864,17,5,7,1840,1,2,1,1.0,7.0,06069,M,4364832.0,692926.0,06
201700005865,17,5,15,1645,1,2,1,1.0,6.0,06069,M,4365814.0,691259.0,06
201700005866,17,5,16,1217,1,2,1,1.0,6.0,06069,M,4365415.0,693049.0,06
201700005867,17,5,16,1645,1,1,1,1.0,2.0,06069,M,4364605.0,691059.0,06
201700005868,17,5,18,1330,1,2,1,1.0,2.0,06069,M,4365208.0,694768.0,06
201700005869,17,5,19,1735,1,1,1,1.0,6.0,06069,M,4367088.0,691112.0,06
201700005870,17,5,23,820,1,2,1,1.0,6.0,06069,M,4364263.0,693796.0,06
201700005871,17,5,24,755,1,2,3,1.0,3.0,06069,M,4364852.0,691869.0,06
201700005872,17,5,26,1855,1,2,1,1.0,3.0,06069,M,4368158.0,696621.0,06
201700005873,17,5,28,330,5,2,1,1.0,7.0,06069,M,4364471.0,694055.0,06
201700005874,17,5,30,1700,1,2,1,1.0,3.0,06069,M,4365150.0,692029.0,06
201700005875,17,6,1,745,1,1,1,1.0,4.0,06069,M,4363711.0,692685.0,06
201700005876,17,6,3,1810,1,2,1,1.0,5.0,06069,M,4363000.0,694000.0,06
201700005877,17,6,5,1055,1,2,1,1.0,2.0,06069,M,4362000.0,696000.0,06
201700005878,17,6,6,719,1,2,1,1.0,2.0,06069,M,4366458.0,693422.0,06
201700005879,17,6,8,1826,1,2,1,1.0,7.0,06069,M,4363825.0,692287.0,06
201700005880,17,6,9,1710,1,2,1,1.0,3.0,06069,M,4365000.0,693000.0,06
201700005881,17,6,10,1445,1,2,1,1.0,2.0,06069,M,4365000.0,694000.0,06
201700005882,17,6,12,1245,1,2,1,1.0,1.0,06069,M,4364976.0,694138.0,06
201700005883,17,6,12,1645,1,2,1,1.0,7.0,06069,M,4362821.0,692762.0,06
201700005884,17,6,16,925,1,2,1,1.0,6.0,06069,M,4365945.0,692230.0,06
201700005885,17,6,16,1900,1,2,1,1.0,7.0,06069,M,4365388.0,692111.0,06
201700005886,17,6,20,1245,1,2,1,1.0,7.0,06069,M,4364296.0,690594.0,06
201700005887,17,6,20,1329,1,2,1,1.0,7.0,06069,M,4364181.0,694716.0,06
201700005888,17,6,21,1002,1,2,2,1.0,3.0,06069,M,4366000.0,693000.0,06
201700005889,17,6,21,1300,1,1,1,1.0,3.0,06069,M,4363444.0,695750.0,06
201700005890,17,6,22,1745,1,2,2,8.0,7.0,06069,M,,,06
201700005891,17,6,24,1300,1,2,1,1.0,2.0,06069,M,4364395.0,695494.0,06
201700005892,17,6,26,1830,1,2,1,8.0,4.0,06069,M,4365441.0,692100.0,06
201700005893,17,6,30,1720,1,2,1,1.0,7.0,06069,M,4364265.0,690784.0,06
201700005894,17,7,2,435,2,2,1,1.0,6.0,06069,M,4364805.0,693615.0,06
201700005895,17,7,3,630,1,2,3,1.0,1.0,06069,M,4365782.0,693359.0,06
201700005896,17,7,1,1950,1,2,1,1.0,6.0,06069,M,4364539.0,693970.0,06
201700005897,17,7,6,930,1,2,1,1.0,7.0,06069,M,4365700.0,691800.0,06
201700005898,17,7,8,1655,1,2,1,1.0,7.0,06069,M,4364344.0,694636.0,06
201700005899,17,7,8,1550,1,2,1,1.0,3.0,06069,M,4364412.0,694699.0,06
201700005900,17,7,10,1520,1,2,1,1.0,3.0,06069,M,4365621.0,693040.0,06
201700005901,17,7,11,1015,1,2,1,1.0,2.0,06069,M,4364278.0,693793.0,06
201700005902,17,7,15,1747,1,1,1,1.0,1.0,06069,M,4363000.0,691000.0,06
201700005903,17,7,16,730,1,2,1,1.0,6.0,06069,M,4364386.0,691359.0,06
201700005904,17,7,17,835,1,2,1,1.0,2.0,06069,M,4364400.0,694000.0,06
201700005905,17,7,18,1440,1,2,1,1.0,7.0,06069,M,4363735.0,693282.0,06
201700005906,17,7,18,1740,1,2,1,1.0,3.0,06069,M,4364089.0,694767.0,06
201700005907,17,7,19,1020,1,2,3,1.0,3.0,06069,M,4364083.0,691277.0,06
201700005908,17,7,21,1855,1,2,3,1.0,7.0,06069,M,4365600.0,691900.0,06
201700005909,17,7,23,1845,1,1,1,1.0,7.0,06069,M,4365919.0,690197.0,06
201700005910,17,7,26,800,1,2,1,1.0,3.0,06069,M,4365400.0,693084.0,06
201700005911,17,7,28,1350,1,2,6,1.0,3.0,06069,M,4363166.0,695778.0,06
201700005912,17,7,30,1700,1,2,6,1.0,2.0,06069,M,4365062.0,692194.0,06
201700005913,17,8,1,1450,1,2,1,1.0,5.0,06069,M,4364080.0,691290.0,06
201700005914,17,8,2,1300,1,2,1,1.0,7.0,06069,M,4364245.0,695843.0,06
201700005915,17,8,5,1945,1,2,1,1.0,1.0,06069,M,4364317.0,690345.0,06
201700005916,17,8,7,906,1,2,6,1.0,6.0,06069,M,4365440.0,692114.0,06
201700005917,17,8,15,600,2,2,1,1.0,7.0,06069,M,4363987.0,691153.0,06
201700005918,17,8,26,1220,1,2,1,1.0,6.0,06069,M,4366129.0,692277.0,06
201700005919,17,8,30,1720,1,2,1,1.0,6.0,06069,M,4365020.0,691985.0,06
201700005920,17,8,29,1750,1,2,1,1.0,6.0,06069,M,4365438.0,691865.0,06
201700005921,17,9,11,1700,1,2,1,1.0,3.0,06069,M,4364416.0,691391.0,06
201700005922,17,9,15,1330,1,2,9,1.0,6.0,06069,M,4365436.0,692117.0,06
201700005923,17,9,17,945,1,1,1,1.0,7.0,06069,M,4367689.0,694700.0,06
201700005924,17,9,18,1430,1,2,1,1.0,5.0,06069,M,4362741.0,691382.0,06
201700005925,17,9,20,1700,1,2,1,1.0,1.0,06069,M,4363970.0,693000.0,06
201700005926,17,9,22,1850,2,2,1,1.0,3.0,06069,M,4365285.0,692550.0,06
201700005927,17,9,24,1910,2,2,3,1.0,1.0,06069,M,4364938.0,693341.0,06
201700005928,17,9,25,1700,1,2,1,1.0,2.0,06069,M,4363000.0,694000.0,06
201700005929,17,9,29,1348,1,2,1,1.0,2.0,06069,M,4363000.0,695000.0,06
201700005930,17,9,29,1548,1,2,1,1.0,6.0,06069,M,4366000.0,692000.0,06
201700005931,17,9,30,1530,1,2,1,1.0,1.0,06069,M,4362633.0,694017.0,06
201700005932,17,10,1,430,3,2,1,1.0,5.0,06069,M,4363138.0,693131.0,06
201700005933,17,10,2,705,1,2,1,1.0,7.0,06069,M,4364808.0,692711.0,06
201700005934,17,10,5,2110,5,2,1,1.0,1.0,06069,M,4364220.0,693802.0,06
201700005935,17,10,6,1040,1,2,1,1.0,3.0,06069,M,4364597.0,694020.0,06
201700005936,17,10,6,1645,1,2,1,1.0,2.0,06069,M,4365870.0,692891.0,06
201700005937,17,10,7,1630,1,1,1,1.0,7.0,06069,M,4365000.0,691000.0,06
201700005938,17,10,7,1650,1,2,1,1.0,6.0,06069,M,4365362.0,694646.0,06
201700005939,17,10,9,1715,1,1,1,1.0,3.0,06069,M,4362293.0,692564.0,06
201700005940,17,10,12,815,1,2,1,1.0,6.0,06069,M,4363637.0,697438.0,06
201700005941,17,10,17,745,1,2,3,1.0,3.0,06069,M,4366213.0,693405.0,06
201700005942,17,10,17,1524,1,2,1,1.0,2.0,06069,M,4364079.0,691728.0,06
201700005943,17,10,17,2355,5,2,1,1.0,6.0,06069,M,4365746.0,691610.0,06
201700005944,17,10,20,1735,1,2,1,1.0,6.0,06069,M,4364267.0,691125.0,06
201700005945,17,10,20,1750,1,2,1,1.0,4.0,06069,M,4366000.0,693000.0,06
201700005946,17,10,24,840,1,2,1,1.0,3.0,06069,M,4363737.0,695099.0,06
201700005947,17,10,27,1700,1,2,1,1.0,2.0,06069,M,4363034.0,695870.0,06
201700005948,17,10,28,1130,1,1,1,1.0,1.0,06069,M,4364194.0,693527.0,06
201700005949,17,10,28,2000,5,2,3,1.0,1.0,06069,M,4364092.0,691048.0,06
201700005950,17,11,1,1420,1,2,1,1.0,7.0,06069,M,4368190.0,696054.0,06
201700005951,17,11,1,1400,1,1,1,1.0,2.0,06069,M,4364470.0,690110.0,06
201700005952,17,11,2,845,1,2,1,1.0,2.0,06069,M,4365434.0,692099.0,06
201700005953,17,11,5,1450,1,2,1,1.0,6.0,06069,M,4365689.0,691944.0,06
201700005954,17,11,6,2010,5,2,1,2.0,7.0,06069,M,4365065.0,692166.0,06
201700005955,17,11,6,2200,5,2,1,2.0,6.0,06069,M,4365535.0,692180.0,06
201700005956,17,11,7,730,1,2,1,2.0,2.0,06069,M,4366222.0,693418.0,06
201700005957,17,11,13,1350,1,2,1,1.0,3.0,06069,M,4364003.0,690941.0,06
201700005958,17,11,14,1155,1,2,2,1.0,7.0,06069,M,4364909.0,693178.0,06
201700005959,17,11,14,1335,1,2,1,1.0,3.0,06069,M,4363362.0,695794.0,06
201700005960,17,11,15,1515,1,2,1,1.0,1.0,06069,M,4365700.0,692330.0,06
201700005961,17,11,15,1700,2,2,6,1.0,7.0,06069,M,4368032.0,696773.0,06
201700005962,17,11,15,1720,2,1,1,1.0,7.0,06069,M,4364118.0,693568.0,06
201700005963,17,11,15,1550,1,2,1,7.0,6.0,06069,M,4365684.0,692211.0,06
201700005964,17,11,17,605,5,2,4,1.0,3.0,06069,M,4463944.0,694943.0,06
201700005965,17,11,17,1640,1,2,1,1.0,6.0,06069,M,4365019.0,692945.0,06
201700005966,17,11,21,2120,5,2,6,1.0,3.0,06069,M,4364081.0,691159.0,06
201700005967,17,11,25,745,2,2,1,8.0,6.0,06069,M,4366606.0,690232.0,06
201700005968,17,11,26,1020,1,2,1,1.0,3.0,06069,M,4364075.0,691365.0,06
201700005969,17,11,25,1345,1,2,1,1.0,2.0,06069,M,4365071.0,692185.0,06
201700005970,17,11,27,1000,1,2,1,1.0,3.0,06069,M,4365000.0,692000.0,06
201700005971,17,11,27,1405,1,2,1,1.0,3.0,06069,M,4364514.0,695384.0,06
201700005972,17,11,29,1830,3,2,1,1.0,7.0,06069,M,4364220.0,693200.0,06
201700005973,17,11,30,1225,1,2,3,1.0,3.0,06069,M,4366215.0,693415.0,06
201700005974,17,11,30,1410,1,2,1,1.0,7.0,06069,M,4366000.0,692200.0,06
201700005975,17,12,1,740,1,2,1,1.0,2.0,06069,M,4363882.0,693376.0,06
201700005976,17,12,3,1852,5,2,1,1.0,6.0,06069,M,4367200.0,694270.0,06
201700005977,17,12,9,1650,2,2,1,1.0,6.0,06069,M,4366193.0,692527.0,06
201700005978,17,12,10,1200,1,2,1,2.0,4.0,06069,M,4365622.0,693013.0,06
201700005979,17,12,10,2200,3,1,1,3.0,6.0,06069,M,4364318.0,690445.0,06
201700005980,17,12,12,1608,2,2,1,1.0,7.0,06069,M,4364800.0,693000.0,06
201700005981,17,12,13,1500,1,2,9,1.0,3.0,06069,M,4365000.0,694400.0,06
201700005982,17,12,17,1345,1,2,1,1.0,6.0,06069,M,4365663.0,691652.0,06
201700005983,17,12,19,1900,3,1,1,2.0,6.0,06069,M,4365100.0,696100.0,06
201700005984,17,12,20,1730,5,2,1,1.0,6.0,06069,M,4364866.0,691905.0,06
201700005985,17,12,24,1027,1,2,1,1.0,6.0,06069,M,4364315.0,697587.0,06
201700005986,17,12,27,1115,1,2,1,1.0,6.0,06069,M,4365618.0,693016.0,06
201700005987,17,12,28,435,5,2,1,1.0,6.0,06069,M,4366231.0,692105.0,06
201700005988,17,1,12,1220,1,2,1,1.0,6.0,06083,M,4377900.0,750728.0,06
201700005989,17,1,15,1625,1,2,3,1.0,3.0,06083,M,,,06
201700005990,17,1,31,1315,1,2,4,1.0,6.0,06083,M,4377488.0,749981.0,06
201700005991,17,2,11,100,5,2,6,1.0,6.0,06083,M,4379480.0,749053.0,06
201700005992,17,2,28,1743,1,2,1,1.0,3.0,06083,M,,,06
201700005993,17,3,3,914,1,2,1,1.0,7.0,06083,M,4378444.0,751797.0,06
201700005994,17,3,9,1825,2,2,1,1.0,1.0,06104,M,,,06
201700005995,17,3,13,1320,1,1,1,1.0,6.0,06083,M,4377087.0,749546.0,06
201700005996,17,3,19,1025,1,2,2,1.0,6.0,06083,M,4377336.0,749956.0,06
201700005997,17,3,21,1810,1,2,1,1.0,1.0,06083,M,4377653.0,748995.0,06
201700005998,17,3,27,1359,1,2,3,1.0,3.0,06083,M,4377933.0,749364.0,06
201700005999,17,3,27,1936,1,2,1,1.0,2.0,06083,M,4376735.0,748994.0,06
201700006000,17,3,30,930,1,2,6,1.0,6.0,06083,M,,,06
201700006001,17,4,7,806,1,2,1,1.0,6.0,06104,M,4376224.0,748156.0,06
201700006002,17,4,7,1810,1,2,1,1.0,1.0,06104,M,4375250.0,748708.0,06
201700006003,17,4,4,1045,1,1,1,1.0,3.0,06104,M,4376838.0,745109.0,06
201700006004,17,4,12,2200,5,2,1,1.0,7.0,06104,M,4375900.0,747752.0,06
201700006005,17,4,12,1510,1,2,3,1.0,3.0,06083,M,4377123.0,749512.0,06
201700006006,17,4,15,415,5,2,1,1.0,3.0,06104,M,4376210.0,746260.0,06
201700006007,17,4,19,1539,1,2,1,1.0,6.0,06104,M,4376439.0,748690.0,06
201700006008,17,4,20,1530,1,2,1,1.0,6.0,06104,M,4375062.0,744017.0,06
201700006009,17,4,14,1645,1,1,1,1.0,1.0,06104,M,4376850.0,745110.0,06
201700006010,17,4,15,1310,1,2,3,1.0,3.0,06104,M,4376307.0,748545.0,06
201700006011,17,4,26,1533,1,2,1,1.0,6.0,06012,M,4374098.0,741976.0,06
201700006012,17,5,5,2145,5,2,1,2.0,7.0,06083,M,4377366.0,749175.0,06
201700006013,17,5,3,755,1,2,1,1.0,2.0,06104,M,4376143.0,745413.0,06
201700006014,17,5,14,2328,5,1,1,1.0,1.0,06104,M,4377570.0,746200.0,06
201700006015,17,5,16,1905,1,2,1,1.0,1.0,06083,M,4377133.0,749538.0,06
201700006016,17,5,20,1405,1,1,1,1.0,6.0,06104,M,4375480.0,748330.0,06
201700006017,17,5,28,1845,1,2,1,1.0,1.0,06104,M,4375316.0,748464.0,06
201700006018,17,5,23,1917,1,1,1,1.0,5.0,06104,M,4375430.0,743480.0,06
201700006019,17,5,26,1731,1,2,6,1.0,3.0,06104,M,4376033.0,745254.0,06
201700006020,17,6,10,1318,1,1,1,1.0,5.0,06083,M,4378515.0,752665.0,06
201700006021,17,6,19,1940,1,2,1,1.0,6.0,06083,M,4377552.0,750851.0,06
201700006022,17,6,22,605,2,2,6,1.0,1.0,06104,M,4376000.0,748000.0,06
201700006023,17,6,12,1155,1,2,6,1.0,3.0,06104,M,4376000.0,748000.0,06
201700006024,17,6,23,1110,1,2,1,1.0,3.0,06083,M,4377000.0,749000.0,06
201700006025,17,6,25,1745,1,2,1,1.0,3.0,06083,M,4377000.0,750800.0,06
201700006026,17,7,5,730,1,2,3,1.0,6.0,06083,M,4377000.0,749000.0,06
201700006027,17,7,5,920,1,2,4,1.0,3.0,06012,M,4375263.0,742160.0,06
201700006028,17,7,6,2005,1,1,1,1.0,6.0,06104,M,4376000.0,745000.0,06
201700006029,17,7,9,855,1,2,2,1.0,3.0,06083,M,4377566.0,750285.0,06
201700006030,17,7,10,812,1,2,1,1.0,6.0,06083,M,4378917.0,749276.0,06
201700006031,17,7,18,230,5,2,1,1.0,3.0,06083,M,4377900.0,750703.0,06
201700006032,17,7,18,722,1,1,1,1.0,5.0,06012,M,4375236.0,741948.0,06
201700006033,17,7,19,1830,1,2,3,1.0,3.0,06083,M,4377153.0,749667.0,06
201700006034,17,7,1,1020,1,2,6,1.0,3.0,06083,M,4376600.0,748714.0,06
201700006035,17,7,31,1715,1,2,1,1.0,7.0,06083,M,4377942.0,750055.0,06
201700006036,17,8,10,810,1,2,3,1.0,3.0,06012,M,4375220.0,742644.0,06
201700006037,17,8,15,635,2,2,1,1.0,6.0,06012,M,4374318.0,742404.0,06
201700006038,17,8,24,755,1,2,1,1.0,6.0,06083,M,4377482.0,749662.0,06
201700006039,17,9,8,1600,1,1,9,1.0,3.0,06083,M,4380587.0,748569.0,06
201700006040,17,9,13,1310,1,2,1,1.0,3.0,06104,M,4375672.0,747910.0,06
201700006041,17,9,17,1150,1,2,1,1.0,3.0,06104,M,4375727.0,744926.0,06
201700006042,17,9,28,30,5,2,1,1.0,7.0,06104,M,4375434.0,744549.0,06
201700006043,17,9,26,1245,1,2,1,1.0,3.0,06104,M,4376159.0,745410.0,06
201700006044,17,10,29,2025,5,2,1,1.0,6.0,06083,M,4377844.0,750733.0,06
201700006045,17,11,2,1515,1,2,4,1.0,3.0,06012,M,4373665.0,741255.0,06
201700006046,17,10,30,1905,5,2,1,1.0,3.0,06083,M,4378239.0,751154.0,06
201700006047,17,11,1,1000,1,1,1,1.0,7.0,06083,M,4382076.0,748885.0,06
201700006048,17,11,19,1200,1,2,1,1.0,6.0,06104,M,4376041.0,747078.0,06
201700006049,17,11,24,1430,1,2,3,1.0,3.0,06012,M,4374565.0,742549.0,06
201700006050,17,12,6,835,1,1,3,1.0,6.0,06104,M,4375640.0,743427.0,06
201700006051,17,12,15,1625,1,2,1,1.0,3.0,06012,M,4374561.0,742537.0,06
201700006052,17,12,18,2030,5,2,1,1.0,1.0,06083,M,4377746.0,748851.0,06
201700006053,17,12,25,2119,5,2,1,2.0,7.0,06083,M,,,06
201700006054,17,1,1,2230,5,2,1,1.0,7.0,06088,M,,,06
201700006055,17,1,2,1635,1,2,1,1.0,6.0,06088,M,,,06
201700006056,17,1,6,1500,1,1,1,1.0,6.0,06088,M,,,06
201700006057,17,1,6,1730,5,2,1,1.0,6.0,06088,M,,,06
201700006058,17,1,8,1139,1,1,1,1.0,3.0,06088,M,,,06
201700006059,17,1,9,2142,5,2,6,1.0,3.0,06088,M,,,06
201700006060,17,1,12,730,2,2,2,1.0,6.0,06088,M,,,06
201700006061,17,1,13,855,1,2,1,1.0,2.0,06088,M,,,06
201700006062,17,1,14,1135,1,1,1,1.0,4.0,06088,M,,,06
201700006063,17,1,16,1115,1,2,3,1.0,2.0,06088,M,4372276.0,729210.0,06
201700006064,17,1,16,1520,1,2,1,1.0,3.0,06088,M,,,06
201700006065,17,1,17,1320,1,2,1,1.0,2.0,06088,M,,,06
201700006066,17,1,17,2012,5,2,1,1.0,6.0,06088,M,,,06
201700006067,17,1,18,815,1,2,1,1.0,6.0,06088,M,,,06
201700006068,17,1,20,1120,1,2,3,1.0,1.0,06088,M,,,06
201700006069,17,1,20,1440,1,1,1,1.0,2.0,06088,M,,,06
201700006070,17,1,20,1910,5,2,1,1.0,3.0,06088,M,,,06
201700006071,17,1,22,1430,1,2,2,1.0,3.0,06088,M,4370513.0,728781.0,06
201700006072,17,1,22,1900,5,2,1,8.0,2.0,06088,M,,,06
201700006073,17,1,23,800,1,2,3,1.0,5.0,06088,M,,,06
201700006074,17,1,23,2334,5,2,2,1.0,3.0,06088,M,4370061.0,728424.0,06
201700006075,17,1,24,1235,1,2,1,1.0,2.0,06088,M,,,06
201700006076,17,1,25,1815,2,2,1,1.0,6.0,06088,M,,,06
201700006077,17,1,26,1255,1,2,1,1.0,2.0,06088,M,,,06
201700006078,17,1,27,340,5,2,1,1.0,6.0,06088,M,,,06
201700006079,17,1,26,1920,5,2,1,1.0,1.0,06159,M,,,06
201700006080,17,1,27,750,2,2,1,1.0,2.0,06088,M,4371265.0,718738.0,06
201700006081,17,1,27,900,1,2,2,1.0,3.0,06088,M,,,06
201700006082,17,1,27,1145,1,2,1,1.0,6.0,06088,M,4372191.0,725091.0,06
201700006083,17,1,28,1020,1,2,1,1.0,6.0,06088,M,,,06
201700006084,17,1,29,1810,5,2,3,1.0,5.0,06088,M,,,06
201700006085,17,1,30,1530,1,1,1,1.0,6.0,06088,M,,,06
201700006086,17,1,31,630,5,2,1,1.0,3.0,06088,M,,,06
201700006087,17,1,31,735,1,2,1,1.0,3.0,06088,M,,,06
201700006088,17,1,31,1720,1,2,2,1.0,3.0,06088,M,,,06
201700006089,17,2,1,1005,1,2,1,1.0,1.0,06088,M,,,06
201700006090,17,2,2,615,5,2,3,1.0,3.0,06088,M,4371734.0,729217.0,06
201700006091,17,2,3,500,5,2,2,2.0,1.0,06088,M,,,06
201700006092,17,2,3,2000,5,2,1,2.0,2.0,06088,M,,,06
201700006093,17,2,4,540,5,2,1,2.0,6.0,06088,M,4370730.0,723173.0,06
201700006094,17,2,6,850,1,2,2,1.0,3.0,06088,M,,,06
201700006095,17,2,11,510,5,2,1,1.0,2.0,06088,M,4367048.0,721243.0,06
201700006096,17,2,11,33,5,2,1,1.0,6.0,06088,M,4370799.0,722395.0,06
201700006097,17,2,15,1515,1,2,1,1.0,6.0,06088,M,4367428.0,722472.0,06
201700006098,17,2,15,2238,5,2,3,1.0,3.0,06088,M,,,06
201700006099,17,2,16,1735,1,2,1,1.0,6.0,06088,M,4370269.0,725430.0,06
201700006100,17,2,18,745,2,2,1,1.0,5.0,06088,M,,,06
201700006101,17,2,18,1010,1,2,1,1.0,6.0,06088,M,4370092.0,726771.0,06
201700006102,17,2,18,1525,1,2,1,1.0,6.0,06088,M,,,06
201700006103,17,2,18,1815,2,2,1,1.0,6.0,06088,M,,,06
201700006104,17,2,19,1925,5,2,3,1.0,3.0,06088,M,,,06
201700006105,17,2,22,1250,1,2,2,1.0,6.0,06088,M,4370600.0,726732.0,06
201700006106,17,2,22,2319,5,2,1,1.0,3.0,06088,M,,,06
201700006107,17,2,23,117,5,2,1,1.0,6.0,06088,M,,,06
201700006108,17,2,24,545,5,2,1,1.0,1.0,06159,M,,,06
201700006109,17,2,24,830,1,2,2,1.0,6.0,06088,M,4371226.0,726093.0,06
201700006110,17,2,24,940,1,2,1,1.0,4.0,06088,M,4369382.0,724338.0,06
201700006111,17,2,26,1115,1,2,1,1.0,6.0,06088,M,4370520.0,729099.0,06
201700006112,17,2,27,1300,1,2,1,1.0,3.0,06088,M,4367679.0,722870.0,06
201700006113,17,2,27,1750,2,2,1,1.0,3.0,06088,M,,,06
201700006114,17,2,28,2100,5,2,2,1.0,6.0,06088,M,,,06
201700006115,17,3,1,110,4,2,1,1.0,3.0,06088,M,4368990.0,724340.0,06
201700006116,17,3,1,1610,1,2,2,1.0,6.0,06088,M,4367882.0,722804.0,06
201700006117,17,3,2,845,1,2,1,1.0,6.0,06088,M,,,06
201700006118,17,3,3,820,1,2,1,1.0,3.0,06088,M,,,06