Num_Acc,an,mois,jour,hrmn,lum,agg,int,atm,col,com,gps,lat,long,dep
201700006119,17,3,3,856,1,2,1,1.0,2.0,06088,M,4370912.0,726701.0,06
201700006120,17,3,3,1220,1,2,7,1.0,7.0,06088,M,,,06
201700006121,17,3,3,1615,1,2,1,1.0,2.0,06088,M,,,06
201700006122,17,3,3,1905,5,2,1,1.0,6.0,06088,M,,,06
201700006123,17,3,4,952,1,2,1,8.0,6.0,06088,M,,,06
201700006124,17,3,6,1004,1,2,1,1.0,6.0,06088,M,,,06
201700006125,17,3,10,1810,5,2,1,1.0,2.0,06088,M,,,06
201700006126,17,3,10,2250,5,2,2,1.0,3.0,06088,M,,,06
201700006127,17,3,11,1525,1,2,2,1.0,6.0,06088,M,,,06
201700006128,17,3,12,1810,1,2,1,1.0,6.0,06088,M,,,06
201700006129,17,3,13,2345,5,2,3,1.0,3.0,06088,M,4369049.0,724293.0,06
201700006130,17,3,14,1745,1,2,1,1.0,6.0,06088,M,4370727.0,728613.0,06
201700006131,17,3,14,1930,5,2,1,1.0,2.0,06088,M,,,06
201700006132,17,3,15,1400,1,2,1,1.0,6.0,06088,M,,,06
201700006133,17,3,15,1415,1,2,1,1.0,2.0,06088,M,,,06
201700006134,17,3,15,1530,1,2,1,1.0,3.0,06088,M,4370350.0,727608.0,06
201700006135,17,3,17,846,1,2,1,1.0,6.0,06088,M,4368550.0,720653.0,06
201700006136,17,3,17,2038,5,2,3,1.0,6.0,06088,M,,,06
201700006137,17,3,19,1555,1,2,1,1.0,2.0,06088,M,4369958.0,726232.0,06
201700006138,17,3,19,1702,1,2,1,1.0,3.0,06159,M,,,06
201700006139,17,3,19,1915,5,2,1,1.0,4.0,06088,M,4366798.0,720979.0,06
201700006140,17,3,21,1715,1,2,1,1.0,6.0,06088,M,4370947.0,726411.0,06
201700006141,17,3,21,2205,5,2,2,1.0,3.0,06088,M,,,06
201700006142,17,3,22,1900,5,2,1,1.0,3.0,06088,M,,,06
201700006143,17,3,23,110,5,2,1,1.0,2.0,06088,M,4368150.0,723183.0,06
201700006144,17,3,25,25,5,2,2,1.0,5.0,06088,M,4370593.0,728296.0,06
201700006145,17,3,25,400,5,2,2,8.0,3.0,06088,M,,,06
201700006146,17,3,25,930,1,2,1,1.0,6.0,06088,M,,,06
201700006147,17,3,25,939,1,2,1,1.0,6.0,06088,M,4371636.0,724726.0,06
201700006148,17,3,26,1030,1,2,1,1.0,5.0,06088,M,,,06
201700006149,17,3,26,2219,5,2,1,1.0,3.0,06088,M,4369166.0,724450.0,06
201700006150,17,3,28,1115,1,2,1,1.0,6.0,06088,M,,,06
201700006151,17,4,2,1550,1,2,1,2.0,3.0,06088,M,4371459.0,726248.0,06
201700006152,17,4,3,845,1,2,1,1.0,6.0,06088,M,4369675.0,727052.0,06
201700006153,17,4,4,745,1,2,1,1.0,6.0,06088,M,4371339.0,727408.0,06
201700006154,17,4,4,857,1,2,1,1.0,6.0,06088,M,4370276.0,725171.0,06
201700006155,17,4,4,1700,1,2,2,1.0,6.0,06088,M,4367412.0,722115.0,06
201700006156,17,4,5,930,1,2,3,1.0,6.0,06088,M,4368045.0,723004.0,06
201700006157,17,4,6,900,1,2,1,1.0,6.0,06088,M,4368076.0,719937.0,06
201700006158,17,4,6,1630,1,2,1,1.0,4.0,06088,M,4368033.0,723118.0,06
201700006159,17,4,6,1800,1,2,1,1.0,6.0,06088,M,4366693.0,721593.0,06
201700006160,17,4,6,2123,5,2,1,1.0,6.0,06088,M,4368862.0,724111.0,06
201700006161,17,4,6,2100,5,2,1,1.0,6.0,06088,M,4367120.0,722443.0,06
201700006162,17,4,8,2236,5,2,2,1.0,3.0,06088,M,4369962.0,725782.0,06
201700006163,17,4,9,1450,1,2,1,1.0,6.0,06088,M,4371625.0,725345.0,06
201700006164,17,4,10,825,1,2,1,1.0,3.0,06088,M,4373298.0,729050.0,06
201700006165,17,4,10,1425,1,2,1,1.0,2.0,06088,M,4367279.0,722493.0,06
201700006166,17,4,10,1500,1,2,1,1.0,6.0,06088,M,4367356.0,720782.0,06
201700006167,17,4,11,17,5,2,3,1.0,3.0,06088,M,4370254.0,727543.0,06
201700006168,17,4,11,1245,1,2,1,1.0,1.0,06088,M,4369722.0,725605.0,06
201700006169,17,4,11,1720,1,2,2,1.0,3.0,06088,M,4369934.0,728313.0,06
201700006170,17,4,13,120,5,2,3,1.0,3.0,06088,M,4369737.0,725621.0,06
201700006171,17,4,13,1115,1,2,1,1.0,6.0,06088,M,4368718.0,725689.0,06
201700006172,17,4,14,1728,1,2,1,1.0,5.0,06088,M,4371018.0,728262.0,06
201700006173,17,4,15,1445,1,2,1,1.0,2.0,06088,M,4370567.0,726294.0,06
201700006174,17,4,17,1115,1,2,1,1.0,4.0,06088,M,4367677.0,722875.0,06
201700006175,17,4,17,1405,1,2,1,1.0,2.0,06088,M,4367934.0,723013.0,06
201700006176,17,4,18,248,5,2,1,1.0,3.0,06088,M,4373183.0,725358.0,06
201700006177,17,4,19,900,1,2,1,1.0,6.0,06088,M,4371824.0,729197.0,06
201700006178,17,4,19,1730,1,2,1,1.0,7.0,06088,M,4372267.0,729265.0,06
201700006179,17,4,19,1750,1,2,1,1.0,5.0,06088,M,4373244.0,728939.0,06
201700006180,17,4,20,1910,1,2,1,1.0,6.0,06088,M,4367100.0,722418.0,06
201700006181,17,4,21,1810,1,2,1,1.0,3.0,06088,M,4373695.0,729918.0,06
201700006182,17,4,22,845,1,2,2,1.0,3.0,06088,M,4370480.0,728456.0,06
201700006183,17,4,25,1020,1,2,1,1.0,6.0,06088,M,4371645.0,725741.0,06
201700006184,17,4,25,1000,1,2,1,1.0,6.0,06088,M,4370828.0,728936.0,06
201700006185,17,4,27,1025,1,2,1,1.0,5.0,06088,M,4370570.0,726292.0,06
201700006186,17,4,28,1820,1,2,2,1.0,3.0,06088,M,4370082.0,725940.0,06
201700006187,17,4,29,1525,1,2,1,1.0,3.0,06088,M,4370297.0,725612.0,06
201700006188,17,4,30,2015,1,2,1,1.0,2.0,06088,M,4370275.0,724697.0,06
201700006189,17,5,1,45,5,2,1,1.0,2.0,06088,M,4369111.0,724676.0,06
201700006190,17,5,1,1130,1,2,1,1.0,6.0,06088,M,4370620.0,726866.0,06
201700006191,17,5,1,1915,1,2,1,1.0,2.0,06088,M,4368750.0,723909.0,06
201700006192,17,5,3,1820,1,1,1,1.0,3.0,06088,M,4368312.0,723237.0,06
201700006193,17,5,4,1830,1,1,1,1.0,6.0,06088,M,4369761.0,726465.0,06
201700006194,17,5,4,2030,2,2,2,1.0,3.0,06088,M,4370607.0,726215.0,06
201700006195,17,5,5,1250,1,2,1,1.0,1.0,06088,M,4371008.0,725906.0,06
201700006196,17,5,5,2320,5,2,2,1.0,3.0,06088,M,4367017.0,721720.0,06
201700006197,17,5,6,1020,1,2,9,1.0,3.0,06088,M,4370241.0,728108.0,06
201700006198,17,5,7,830,1,2,2,1.0,3.0,06088,M,4370644.0,726855.0,06
201700006199,17,5,8,2141,5,2,4,1.0,3.0,06088,M,4372531.0,725202.0,06
201700006200,17,5,11,700,1,1,1,1.0,6.0,06088,M,4371239.0,727142.0,06
201700006201,17,5,12,950,1,2,4,1.0,3.0,06088,M,4366739.0,720836.0,06
201700006202,17,5,12,2335,5,2,1,1.0,3.0,06088,M,4371447.0,728013.0,06
201700006203,17,5,13,1920,1,2,2,1.0,1.0,06088,M,4370077.0,725814.0,06
201700006204,17,5,14,244,5,2,2,1.0,3.0,06088,M,4369961.0,726134.0,06
201700006205,17,5,14,1940,1,2,1,1.0,3.0,06088,M,4370570.0,726290.0,06
201700006206,17,5,15,1230,1,1,2,1.0,1.0,06088,M,4371964.0,726289.0,06
201700006207,17,5,15,1700,1,2,1,1.0,3.0,06088,M,4373193.0,729024.0,06
201700006208,17,5,17,720,1,2,1,1.0,6.0,06088,M,4372683.0,728574.0,06
201700006209,17,8,6,1820,1,2,3,1.0,3.0,06088,M,4369319.0,725317.0,06
201700006210,17,5,17,735,1,2,2,1.0,3.0,06088,M,4371333.0,728890.0,06
201700006211,17,5,17,1040,1,1,4,1.0,3.0,06088,M,4370680.0,728043.0,06
201700006212,17,5,18,950,1,2,6,1.0,6.0,06088,M,4366607.0,720834.0,06
201700006213,17,5,20,2221,5,2,1,1.0,6.0,06088,M,4370219.0,727353.0,06
201700006214,17,5,22,800,1,2,1,1.0,1.0,06088,M,4371077.0,726409.0,06
201700006215,17,5,23,430,5,2,1,1.0,6.0,06088,M,4375217.0,719316.0,06
201700006216,17,5,23,1120,1,2,1,1.0,2.0,06088,M,4370505.0,724084.0,06
201700006217,17,5,23,2115,2,2,1,1.0,1.0,06088,M,4367097.0,720750.0,06
201700006218,17,5,25,1,5,2,3,1.0,3.0,06088,M,4369080.0,724584.0,06
201700006219,17,5,26,1215,1,2,2,1.0,6.0,06088,M,4370411.0,726841.0,06
201700006220,17,5,26,1750,1,2,1,1.0,3.0,06088,M,4369758.0,725618.0,06
201700006221,17,5,26,2329,5,2,1,1.0,3.0,06088,M,4369417.0,725769.0,06
201700006222,17,5,27,2030,2,2,1,1.0,1.0,06159,M,4369724.0,730470.0,06
201700006223,17,5,29,1445,1,2,1,1.0,6.0,06088,M,4370077.0,728820.0,06
201700006224,17,5,30,1320,1,2,1,1.0,3.0,06088,M,4370419.0,727925.0,06
201700006225,17,5,31,1020,1,2,1,1.0,6.0,06159,M,4370986.0,731116.0,06
201700006226,17,5,31,1230,1,2,9,1.0,6.0,06088,M,4371469.0,729287.0,06
201700006227,17,5,31,1530,1,2,1,1.0,3.0,06088,M,4368821.0,729562.0,06
201700006228,17,5,31,1745,1,2,1,1.0,3.0,06088,M,4367782.0,720514.0,06
201700006229,17,6,1,900,1,2,1,1.0,6.0,06088,M,4371012.0,726233.0,06
201700006230,17,6,2,1800,1,1,1,1.0,6.0,06088,M,4366931.0,722005.0,06
201700006231,17,6,4,700,1,2,1,1.0,6.0,06088,M,4369337.0,724344.0,06
201700006232,17,6,4,1745,1,2,1,1.0,3.0,06088,M,4371122.0,726550.0,06
201700006233,17,6,7,119,5,2,1,1.0,3.0,06088,M,4370630.0,723248.0,06
201700006234,17,6,7,720,1,2,1,1.0,1.0,06088,M,4367546.0,721238.0,06
201700006235,17,6,7,1020,1,1,4,1.0,3.0,06159,M,4371448.0,733182.0,06
201700006236,17,6,7,1510,1,2,1,1.0,3.0,06088,M,4369676.0,719946.0,06
201700006237,17,6,7,1900,1,2,1,1.0,3.0,06088,M,4370110.0,719721.0,06
201700006238,17,6,8,1030,1,2,1,1.0,3.0,06088,M,4371330.0,725502.0,06
201700006239,17,6,9,845,1,2,1,1.0,6.0,06088,M,4372309.0,728800.0,06
201700006240,17,6,9,1220,1,2,1,1.0,2.0,06088,M,4368307.0,723786.0,06
201700006241,17,6,9,1635,1,2,1,1.0,1.0,06088,M,4370939.0,725601.0,06
201700006242,17,6,10,1700,1,2,1,1.0,3.0,06088,M,4367679.0,722872.0,06
201700006243,17,6,12,820,1,2,1,1.0,3.0,06088,M,4366397.0,719900.0,06
201700006244,17,6,12,1600,1,2,1,1.0,6.0,06088,M,4372053.0,725280.0,06
201700006245,17,6,13,2000,1,1,1,1.0,1.0,06159,M,4371323.0,732838.0,06
201700006246,17,6,14,845,1,2,3,1.0,3.0,06088,M,4370288.0,727274.0,06
201700006247,17,6,14,1300,1,2,1,1.0,1.0,06088,M,4369498.0,726385.0,06
201700006248,17,6,15,1205,1,2,1,1.0,3.0,06088,M,4372622.0,727210.0,06
201700006249,17,6,15,1345,1,2,1,1.0,6.0,06088,M,4372529.0,725649.0,06
201700006250,17,6,15,1930,1,2,1,1.0,6.0,06088,M,4369852.0,728454.0,06
201700006251,17,6,16,1430,1,2,1,1.0,1.0,06088,M,4371852.0,726309.0,06
201700006252,17,6,16,2205,5,2,3,1.0,6.0,06088,M,4372329.0,728728.0,06
201700006253,17,6,17,155,5,2,1,1.0,6.0,06088,M,4369508.0,726948.0,06
201700006254,17,6,19,1257,1,2,2,1.0,3.0,06088,M,4370724.0,726057.0,06
201700006255,17,6,20,530,2,2,1,1.0,6.0,06088,M,4371160.0,728450.0,06
201700006256,17,6,20,640,2,2,2,1.0,5.0,06088,M,4370590.0,728301.0,06
201700006257,17,6,21,1615,1,2,7,8.0,6.0,06088,M,4369603.0,726558.0,06
201700006258,17,6,21,1950,1,2,1,1.0,3.0,06088,M,4372754.0,726150.0,06
201700006259,17,6,23,744,1,2,3,1.0,3.0,06159,M,4370793.0,731272.0,06
201700006260,17,6,23,1320,1,2,1,1.0,6.0,06088,M,4366390.0,720051.0,06
201700006261,17,6,24,940,1,2,3,1.0,6.0,06088,M,4370812.0,726072.0,06
201700006262,17,6,25,1745,1,2,1,1.0,2.0,06088,M,4366779.0,720922.0,06
201700006263,17,6,26,1300,1,2,2,1.0,3.0,06088,M,,,06
201700006264,17,6,27,2239,5,2,1,1.0,6.0,06088,M,4368869.0,724145.0,06
201700006265,17,6,30,1730,1,2,1,1.0,3.0,06159,M,4370262.0,730860.0,06
201700006266,17,7,1,1010,1,2,2,1.0,3.0,06088,M,4370816.0,725980.0,06
201700006267,17,7,1,1205,1,2,1,1.0,6.0,06088,M,4367612.0,723206.0,06
201700006268,17,7,1,1930,1,2,1,1.0,6.0,06088,M,4371145.0,728793.0,06
201700006269,17,7,1,2200,5,2,3,1.0,1.0,06159,M,4370989.0,731810.0,06
201700006270,17,7,3,1830,1,2,1,1.0,6.0,06088,M,,,06
201700006271,17,7,3,1910,1,2,1,1.0,3.0,06088,M,4373820.0,730707.0,06
201700006272,17,7,5,830,1,2,1,1.0,3.0,06088,M,4373633.0,729829.0,06
201700006273,17,7,5,930,1,2,1,1.0,3.0,06088,M,4770045.0,728654.0,06
201700006274,17,7,5,1145,1,2,1,1.0,5.0,06088,M,4372466.0,728029.0,06
201700006275,17,7,5,415,5,2,1,1.0,1.0,06159,M,4371021.0,731504.0,06
201700006276,17,7,6,100,5,2,1,1.0,1.0,06088,M,4367689.0,720121.0,06
201700006277,17,7,6,545,2,2,1,1.0,6.0,06088,M,4372539.0,727520.0,06
201700006278,17,7,6,1500,1,2,1,1.0,5.0,06088,M,4369790.0,724850.0,06
201700006279,17,7,6,1625,1,2,1,1.0,3.0,06088,M,4366595.0,720448.0,06
201700006280,17,7,6,1630,1,2,1,1.0,1.0,06088,M,4371133.0,724559.0,06
201700006281,17,7,6,1920,1,2,2,1.0,3.0,06088,M,4369740.0,719649.0,06
201700006282,17,7,6,2148,5,2,2,1.0,3.0,06088,M,4371183.0,729001.0,06
201700006283,17,7,9,1,5,1,1,1.0,3.0,06088,M,4369245.0,730704.0,06
201700006284,17,7,10,1800,1,2,1,1.0,6.0,06088,M,4367750.0,721932.0,06
201700006285,17,7,11,1115,1,2,1,1.0,6.0,06088,M,4367561.0,720365.0,06
201700006286,17,7,11,1750,1,2,2,1.0,3.0,06088,M,4367681.0,720138.0,06
201700006287,17,7,12,710,1,2,1,1.0,3.0,06088,M,4771431.0,727171.0,06
201700006288,17,7,12,1900,1,2,2,1.0,3.0,06088,M,4367688.0,720147.0,06
201700006289,17,7,12,1950,1,2,1,1.0,6.0,06088,M,4370466.0,728266.0,06
201700006290,17,7,13,915,1,2,2,7.0,3.0,06088,M,4370512.0,729091.0,06
201700006291,17,7,13,905,1,2,2,1.0,3.0,06088,M,4370276.0,725154.0,06
201700006292,17,7,13,1810,1,2,1,1.0,6.0,06088,M,4369536.0,727330.0,06
201700006293,17,7,15,1950,1,2,1,7.0,6.0,06088,M,4370834.0,729255.0,06
201700006294,17,7,16,530,2,2,1,1.0,7.0,06088,M,4373162.0,728634.0,06
201700006295,17,7,16,2320,5,2,1,1.0,2.0,06088,M,4360000.0,720000.0,06
201700006296,17,7,17,20,5,2,2,1.0,3.0,06088,M,4370532.0,726921.0,06
201700006297,17,7,18,835,1,2,1,1.0,2.0,06088,M,4367633.0,720016.0,06
201700006298,17,7,18,1325,1,2,1,1.0,3.0,06088,M,4369672.0,728807.0,06
201700006299,17,7,18,1435,1,2,2,1.0,6.0,06088,M,4370830.0,729076.0,06
201700006300,17,7,20,1630,1,2,1,8.0,6.0,06088,M,4367475.0,720468.0,06
201700006301,17,7,22,845,1,2,1,1.0,6.0,06088,M,4370000.0,725634.0,06
201700006302,17,7,22,2050,1,2,1,1.0,2.0,06088,M,4366754.0,720458.0,06
201700006303,17,7,24,1945,1,2,1,1.0,6.0,06088,M,4369661.0,720000.0,06
201700006304,17,7,25,1930,1,2,4,1.0,6.0,06088,M,4369790.0,725220.0,06
201700006305,17,7,26,920,1,2,2,1.0,6.0,06088,M,4370998.0,726001.0,06
201700006306,17,7,28,1300,1,2,2,1.0,3.0,06088,M,4371012.0,725905.0,06
201700006307,17,7,29,1345,1,2,9,1.0,1.0,06088,M,4367515.0,721566.0,06
201700006308,17,7,29,1900,1,2,1,1.0,1.0,06088,M,4370032.0,720839.0,06
201700006309,17,7,30,1815,1,1,1,1.0,3.0,06088,M,4373054.0,728455.0,06
201700006310,17,8,1,1026,1,2,1,1.0,5.0,06088,M,4370831.0,727144.0,06
201700006311,17,8,1,1200,1,2,1,1.0,1.0,06088,M,4374332.0,725011.0,06
201700006312,17,8,1,1735,1,2,3,1.0,2.0,06088,M,4370570.0,729155.0,06
201700006313,17,8,2,1026,1,2,2,1.0,3.0,06088,M,4371314.0,728432.0,06
201700006314,17,8,2,2045,2,2,1,1.0,1.0,06088,M,4371658.0,724963.0,06
201700006315,17,8,3,1800,1,2,2,1.0,6.0,06088,M,4372284.0,729021.0,06
201700006316,17,8,4,1730,1,2,3,1.0,3.0,06088,M,4370229.0,728147.0,06
201700006317,17,8,4,1630,1,2,1,1.0,1.0,06088,M,4367476.0,721137.0,06
201700006318,17,8,4,2210,5,2,2,1.0,3.0,06088,M,4370533.0,726920.0,06
201700006319,17,8,5,1,3,2,1,1.0,6.0,06088,M,4372565.0,721630.0,06
201700006320,17,8,5,1630,1,2,1,1.0,6.0,06088,M,4369506.0,734400.0,06
201700006321,17,8,6,510,5,2,3,8.0,3.0,06088,M,4367162.0,722482.0,06
201700006322,17,8,6,1538,1,2,1,1.0,5.0,06088,M,4369285.0,725190.0,06
201700006323,17,8,6,1925,1,2,1,1.0,3.0,06088,M,4367663.0,720616.0,06
201700006324,17,8,9,30,5,2,1,1.0,6.0,06088,M,4368811.0,729589.0,06
201700006325,17,8,9,1215,1,2,1,1.0,1.0,06088,M,4370891.0,724964.0,06
201700006326,17,8,11,2043,5,2,3,1.0,1.0,06088,M,4371947.0,728373.0,06
201700006327,17,8,12,1210,1,2,1,1.0,3.0,06088,M,4367934.0,720448.0,06
201700006328,17,8,13,800,1,2,1,1.0,6.0,06088,M,,,06
201700006329,17,8,15,2200,5,2,2,1.0,6.0,06088,M,4370641.0,726851.0,06
201700006330,17,8,18,1920,1,2,1,1.0,6.0,06088,M,4371142.0,728831.0,06
201700006331,17,8,19,1804,1,2,1,1.0,6.0,06088,M,4367188.0,722506.0,06
201700006332,17,8,23,1230,1,2,1,1.0,6.0,06088,M,4371208.0,727874.0,06
201700006333,17,8,23,1500,1,2,1,1.0,2.0,06088,M,4368122.0,723166.0,06
201700006334,17,8,23,1550,1,2,1,1.0,2.0,06088,M,,,06
201700006335,17,8,23,1855,1,2,1,1.0,5.0,06088,M,4370462.0,729971.0,06
201700006336,17,8,24,1540,1,2,1,1.0,3.0,06088,M,4370675.0,725613.0,06
201700006337,17,8,26,900,1,2,1,1.0,3.0,06088,M,4367639.0,722513.0,06
201700006338,17,8,29,236,5,2,1,1.0,3.0,06088,M,4369000.0,726000.0,06
201700006339,17,8,29,1610,1,2,1,1.0,6.0,06088,M,4371508.0,726068.0,06
201700006340,17,8,29,1700,1,2,1,1.0,3.0,06088,M,4370835.0,728939.0,06
201700006341,17,8,30,1825,1,2,1,1.0,2.0,06088,M,4367349.0,722105.0,06
201700006342,17,8,30,2253,5,2,1,1.0,2.0,06088,M,4868344.0,719862.0,06
201700006343,17,8,31,2150,5,2,2,1.0,3.0,06088,M,4371984.0,726291.0,06
201700006344,17,9,1,800,1,2,1,1.0,3.0,06088,M,4371070.0,726360.0,06
201700006345,17,9,2,1015,1,2,1,2.0,6.0,06088,M,4371333.0,726181.0,06
201700006346,17,9,3,305,5,2,1,1.0,5.0,06088,M,4369506.0,727568.0,06
201700006347,17,9,3,2354,5,2,1,1.0,6.0,06088,M,4369483.0,726358.0,06
201700006348,17,9,5,1915,1,2,1,1.0,3.0,06088,M,4370987.0,726396.0,06
201700006349,17,9,7,1825,2,2,2,1.0,3.0,06088,M,4373334.0,728912.0,06
201700006350,17,9,8,1540,1,2,1,1.0,6.0,06088,M,4371653.0,728133.0,06
201700006351,17,9,9,1435,1,1,1,3.0,4.0,06088,M,4370765.0,718784.0,06
201700006352,17,9,11,1010,1,2,2,1.0,3.0,06159,M,4370279.0,731098.0,06
201700006353,17,9,12,130,5,2,9,1.0,6.0,06088,M,4368409.0,723263.0,06
201700006354,17,9,12,1031,1,2,1,1.0,3.0,06088,M,4367813.0,722665.0,06
201700006355,17,9,12,1445,1,2,1,1.0,3.0,06088,M,4372273.0,729199.0,06
201700006356,17,9,14,345,3,1,1,1.0,3.0,06088,M,,,06
201700006357,17,9,14,900,1,2,3,7.0,6.0,06088,M,4372060.0,727555.0,06
201700006358,17,9,14,1100,1,2,1,1.0,3.0,06088,M,,,06
201700006359,17,9,16,1730,1,1,1,1.0,2.0,06088,M,4372620.0,718570.0,06
201700006360,17,9,17,430,5,2,1,1.0,6.0,06088,M,4371847.0,728477.0,06
201700006361,17,9,17,1500,1,2,1,1.0,3.0,06159,M,4370144.0,730658.0,06
201700006362,17,9,18,2220,5,2,1,1.0,3.0,06088,M,4370610.0,726059.0,06
201700006363,17,9,19,1120,1,2,1,1.0,6.0,06088,M,4370206.0,725393.0,06
201700006364,17,9,20,830,1,2,1,1.0,6.0,06088,M,4367832.0,722039.0,06
201700006365,17,9,20,740,2,2,1,1.0,3.0,06088,M,4372028.0,729174.0,06
201700006366,17,9,21,1735,1,2,2,1.0,7.0,06088,M,4367800.0,722820.0,06
201700006367,17,9,22,2225,4,2,3,1.0,3.0,06088,M,4371779.0,728484.0,06
201700006368,17,9,22,2145,3,1,1,1.0,6.0,06088,M,4373103.0,718475.0,06
201700006369,17,9,24,930,1,2,3,1.0,3.0,06088,M,4369633.0,729215.0,06
201700006370,17,9,24,1913,5,2,1,1.0,4.0,06088,M,4370848.0,726993.0,06
201700006371,17,9,25,2100,5,2,1,1.0,2.0,06088,M,,,06
201700006372,17,9,29,422,5,2,2,1.0,3.0,06088,M,4370244.0,728101.0,06
201700006373,17,9,30,317,5,2,3,1.0,3.0,06088,M,4367525.0,722757.0,06
201700006374,17,10,2,625,5,2,2,1.0,5.0,06088,M,4370645.0,729185.0,06
201700006375,17,10,2,1035,1,2,1,1.0,2.0,06088,M,4371667.0,718669.0,06
201700006376,17,10,3,1245,1,2,1,1.0,1.0,06088,M,4371378.0,727287.0,06
201700006377,17,10,5,850,1,2,1,1.0,2.0,06088,M,4369978.0,724919.0,06
201700006378,17,10,5,2120,5,2,1,1.0,2.0,06088,M,4367538.0,722789.0,06
201700006379,17,10,6,1830,2,2,1,1.0,6.0,06088,M,4369606.0,726331.0,06
201700006380,17,10,7,705,1,2,2,1.0,3.0,06088,M,4370644.0,726852.0,06
201700006381,17,10,7,940,1,2,1,1.0,6.0,06088,M,4369375.0,724239.0,06
201700006382,17,10,7,1920,5,2,1,1.0,2.0,06088,M,4372348.0,729002.0,06
201700006383,17,10,7,2150,5,2,9,1.0,3.0,06088,M,4368379.0,720292.0,06
201700006384,17,10,8,2330,5,2,1,1.0,6.0,06088,M,4771842.0,725241.0,06
201700006385,17,10,9,940,1,2,1,1.0,6.0,06088,M,4370247.0,728777.0,06
201700006386,17,10,10,1945,5,2,1,1.0,3.0,06088,M,4370890.0,727050.0,06
201700006387,17,10,11,1010,1,2,1,1.0,3.0,06088,M,4366686.0,721632.0,06
201700006388,17,10,12,610,5,2,1,1.0,2.0,06088,M,4371728.0,729258.0,06
201700006389,17,10,13,1135,1,2,1,1.0,6.0,06088,M,4370869.0,725705.0,06
201700006390,17,10,13,1750,1,2,1,1.0,1.0,06088,M,,,06
201700006391,17,10,16,1800,1,2,1,1.0,1.0,06088,M,4371167.0,719691.0,06
201700006392,17,10,17,1320,1,2,1,1.0,1.0,06088,M,4369817.0,729201.0,06
201700006393,17,10,18,1300,1,2,2,1.0,3.0,06088,M,4369858.0,726447.0,06
201700006394,17,10,20,825,1,2,1,1.0,6.0,06088,M,4367909.0,720025.0,06
201700006395,17,10,20,820,1,2,1,1.0,3.0,06088,M,4369953.0,729380.0,06
201700006396,17,10,20,2350,5,2,1,1.0,3.0,06088,M,4375000.0,723000.0,06
201700006397,17,10,23,850,1,2,1,1.0,6.0,06088,M,4370959.0,729045.0,06
201700006398,17,10,24,740,3,2,1,1.0,3.0,06088,M,4372462.0,725596.0,06
201700006399,17,10,24,1050,1,2,1,1.0,2.0,06088,M,4369512.0,726829.0,06
201700006400,17,10,24,1035,1,2,1,1.0,6.0,06088,M,4371283.0,728263.0,06
201700006401,17,10,25,1345,1,2,1,1.0,3.0,06088,M,4368569.0,723655.0,06
201700006402,17,10,27,1150,1,2,1,1.0,3.0,06088,M,,,06
201700006403,17,10,27,2120,5,2,1,1.0,3.0,06088,M,4369518.0,727367.0,06
201700006404,17,10,28,2025,5,2,1,1.0,2.0,06088,M,4372473.0,728948.0,06
201700006405,17,10,31,615,5,2,1,1.0,6.0,06088,M,4370582.0,729164.0,06
201700006406,17,10,31,1056,1,2,1,1.0,6.0,06088,M,,,06
201700006407,17,11,1,955,1,2,1,1.0,6.0,06088,M,4373696.0,729918.0,06
201700006408,17,11,1,1615,1,2,1,1.0,3.0,06088,M,4370677.0,720944.0,06
201700006409,17,11,2,1045,1,2,1,1.0,2.0,06088,M,4370532.0,719982.0,06
201700006410,17,11,2,1900,5,2,1,1.0,3.0,06088,M,4369545.0,725289.0,06
201700006411,17,11,4,447,5,2,1,1.0,7.0,06088,M,4371795.0,729184.0,06
201700006412,17,11,7,1500,1,2,1,1.0,1.0,06159,M,4370711.0,731233.0,06
201700006413,17,11,9,1550,1,2,3,1.0,3.0,06088,M,4369961.0,726963.0,06
201700006414,17,11,10,440,5,2,1,1.0,2.0,06088,M,4369438.0,725946.0,06
201700006415,17,11,10,1120,1,2,2,1.0,3.0,06088,M,4370182.0,725644.0,06
201700006416,17,11,10,2140,5,2,1,1.0,3.0,06088,M,4370207.0,728216.0,06
201700006417,17,11,11,1025,1,2,1,1.0,6.0,06088,M,4371800.0,725689.0,06
201700006418,17,11,11,1023,1,2,9,1.0,3.0,06088,M,4370723.0,725981.0,06
201700006419,17,11,11,1200,1,2,1,1.0,6.0,06088,M,4371020.0,726196.0,06
201700006420,17,11,12,1605,1,2,1,1.0,1.0,06088,M,4373042.0,729587.0,06
201700006421,17,11,15,900,1,2,1,1.0,2.0,06088,M,4367985.0,723079.0,06
201700006422,17,11,16,750,1,2,3,1.0,3.0,06088,M,4371618.0,725748.0,06
201700006423,17,11,19,1235,1,2,3,1.0,5.0,06088,M,4367212.0,721877.0,06
201700006424,17,11,20,1950,5,2,3,1.0,3.0,06088,M,4370993.0,728773.0,06
201700006425,17,11,21,1850,5,2,1,1.0,6.0,06088,M,4370520.0,729027.0,06
201700006426,17,11,22,1300,1,2,1,1.0,3.0,06088,M,4367082.0,720966.0,06
201700006427,17,11,23,825,1,2,1,1.0,2.0,06088,M,4369796.0,727216.0,06
201700006428,17,11,23,1230,1,2,1,1.0,3.0,06088,M,4371065.0,726354.0,06