Num_Acc,an,mois,jour,hrmn,lum,agg,int,atm,col,com,gps,lat,long,dep
201700006429,17,11,24,835,1,2,1,1.0,3.0,06088,M,4367970.0,722703.0,06
201700006430,17,11,24,1035,1,2,1,1.0,6.0,06088,M,4369890.0,726570.0,06
201700006431,17,11,24,1120,1,2,1,1.0,6.0,06088,M,4371530.0,729290.0,06
201700006432,17,11,26,1950,5,2,2,1.0,3.0,06088,M,4370601.0,726301.0,06
201700006433,17,11,27,1530,1,2,1,1.0,3.0,06088,M,4370107.0,723694.0,06
201700006434,17,11,29,2125,5,2,2,1.0,3.0,06088,M,4372297.0,725161.0,06
201700006435,17,11,30,1515,1,2,1,1.0,3.0,06088,M,4367502.0,722239.0,06
201700006436,17,11,30,1900,5,2,1,1.0,2.0,06088,M,4369304.0,725246.0,06
201700006437,17,12,1,1745,5,2,1,1.0,6.0,06088,M,4370508.0,730024.0,06
201700006438,17,12,2,1115,1,2,1,1.0,2.0,06088,M,4370938.0,728228.0,06
201700006439,17,12,4,1840,5,2,1,1.0,4.0,06088,M,4372108.0,725665.0,06
201700006440,17,12,5,1010,1,2,1,1.0,6.0,06088,M,4373034.0,728274.0,06
201700006441,17,12,7,1800,4,2,1,1.0,6.0,06088,M,4367271.0,720200.0,06
201700006442,17,12,8,1325,1,2,1,1.0,3.0,06088,M,4372502.0,729069.0,06
201700006443,17,12,9,1030,1,2,1,1.0,1.0,06088,M,4371783.0,725444.0,06
201700006444,17,12,10,20,5,2,1,1.0,2.0,06088,M,4370960.0,726524.0,06
201700006445,17,12,11,1330,1,2,2,3.0,5.0,06088,M,4368519.0,723590.0,06
201700006446,17,12,11,1530,1,2,2,3.0,3.0,06088,M,4369966.0,727187.0,06
201700006447,17,12,13,1610,1,1,1,1.0,3.0,06088,M,4375642.0,719756.0,06
201700006448,17,12,14,835,1,2,2,1.0,3.0,06088,M,4368311.0,722272.0,06
201700006449,17,12,17,1130,1,2,1,1.0,6.0,06088,M,4370600.0,723600.0,06
201700006450,17,12,15,800,1,2,1,1.0,6.0,06088,M,4370694.0,725137.0,06
201700006451,17,12,19,757,2,2,1,1.0,7.0,06088,M,4367139.0,720592.0,06
201700006452,17,12,21,1450,1,2,1,1.0,6.0,06088,M,4369077.0,724615.0,06
201700006453,17,12,21,1910,5,2,1,1.0,6.0,06088,M,4372363.0,728339.0,06
201700006454,17,12,23,1145,1,2,1,1.0,3.0,06088,M,4367668.0,720124.0,06
201700006455,17,12,24,1355,1,2,2,1.0,1.0,06088,M,4370183.0,729458.0,06
201700006456,17,12,25,1105,1,2,2,1.0,3.0,06088,M,4370303.0,728414.0,06
201700006457,17,12,25,340,5,2,1,1.0,6.0,06088,M,4367005.0,722257.0,06
201700006458,17,12,27,130,3,2,1,1.0,3.0,06088,M,4367525.0,722756.0,06
201700006459,17,12,28,152,5,2,1,1.0,3.0,06088,M,4367491.0,722745.0,06
201700006460,17,12,30,405,5,2,2,1.0,3.0,06088,M,4370215.0,728873.0,06
201700006461,17,1,5,1830,3,1,1,8.0,7.0,33099,M,,,33
201700006462,17,5,21,1215,1,2,1,1.0,6.0,33234,M,4479089.0,-49140.0,33
201700006463,17,5,28,1540,1,1,1,1.0,7.0,33165,M,4480325.0,-45060.0,33
201700006464,17,7,5,1045,1,1,3,1.0,6.0,33234,M,4478076.0,-49071.0,33
201700006465,17,10,5,1525,1,2,2,1.0,3.0,33234,M,4478488.0,-50473.0,33
201700006466,17,4,3,1845,1,2,1,1.0,6.0,21171,M,4729386.0,512740.0,21
201700006467,17,6,14,1200,1,2,1,1.0,6.0,21515,M,4731260.0,510219.0,21
201700006468,17,6,22,2010,1,2,1,1.0,4.0,21540,M,4733145.0,508523.0,21
201700006469,17,7,7,120,3,1,1,1.0,6.0,21540,M,4732500.0,510085.0,21
201700006470,17,7,26,1735,1,2,6,1.0,4.0,21540,M,4733855.0,510584.0,21
201700006471,17,10,5,1645,1,2,1,1.0,7.0,21657,M,4735441.0,512895.0,21
201700006472,17,1,27,2330,3,1,1,1.0,6.0,13040,M,4344762.0,557115.0,13
201700006473,17,3,2,1700,1,2,2,7.0,6.0,13040,M,4345413.0,556432.0,13
201700006474,17,3,20,755,1,2,1,1.0,5.0,13040,M,,,13
201700006475,17,3,26,1200,1,2,1,1.0,2.0,13087,M,4348138.0,562407.0,13
201700006476,17,4,7,815,1,1,2,1.0,3.0,13025,M,,,13
201700006477,17,4,8,1710,1,1,3,1.0,5.0,13040,M,4347955.0,555532.0,13
201700006478,17,4,30,730,1,1,1,1.0,6.0,13040,M,4347530.0,552530.0,13
201700006479,17,5,16,1920,1,2,3,1.0,3.0,13040,M,4345408.0,555822.0,13
201700006480,17,5,20,1655,1,1,3,7.0,3.0,13025,M,4348940.0,559086.0,13
201700006481,17,7,3,2030,1,2,7,1.0,6.0,13040,M,4345404.0,556285.0,13
201700006482,17,8,15,510,3,1,1,1.0,7.0,13040,M,4347968.0,555041.0,13
201700006483,17,8,15,1100,1,1,1,1.0,3.0,13040,M,4344576.0,557740.0,13
201700006484,17,10,2,1645,1,2,3,1.0,3.0,13087,M,4348924.0,562992.0,13
201700006485,17,12,22,2207,5,2,6,1.0,1.0,13087,M,4346941.0,560649.0,13
201700006486,17,2,8,1005,1,2,6,1.0,3.0,07116,M,4464000.0,436900.0,07
201700006487,17,3,17,425,3,1,1,1.0,1.0,07019,M,4463688.0,437663.0,07
201700006488,17,4,2,1635,1,1,1,1.0,5.0,07116,M,4464100.0,434100.0,07
201700006489,17,4,9,1535,1,2,7,1.0,1.0,07331,M,4465970.0,436781.0,07
201700006490,17,4,5,1825,1,2,1,1.0,4.0,07019,M,4461512.0,439345.0,07
201700006491,17,5,23,1640,1,2,1,1.0,6.0,07116,M,4464861.0,436710.0,07
201700006492,17,5,31,1835,1,2,1,1.0,3.0,07019,M,4460493.0,438590.0,07
201700006493,17,6,3,955,1,1,1,1.0,6.0,07229,M,4461248.0,440846.0,07
201700006494,17,6,14,1230,1,2,6,1.0,3.0,07019,M,4461808.0,439363.0,07
201700006495,17,6,24,1645,1,1,1,1.0,2.0,07231,M,4459377.0,438995.0,07
201700006496,17,7,10,1200,1,1,6,1.0,2.0,07019,M,4461570.0,440427.0,07
201700006497,17,8,20,1040,1,1,3,1.0,3.0,07019,M,4463275.0,438524.0,07
201700006498,17,8,22,1800,1,2,1,1.0,5.0,07116,M,4463917.0,437172.0,07
201700006499,17,8,28,1230,1,1,2,1.0,3.0,07019,M,4462902.0,438068.0,07
201700006500,17,9,1,2025,2,2,3,1.0,3.0,07116,M,4463800.0,437200.0,07
201700006501,17,9,15,1830,1,1,1,1.0,6.0,07231,M,4459365.0,439147.0,07
201700006502,17,9,21,1720,1,2,1,1.0,3.0,07019,M,4461589.0,440385.0,07
201700006503,17,10,9,1140,1,1,1,1.0,5.0,07019,M,4462188.0,439372.0,07
201700006504,17,9,29,1830,1,1,2,1.0,3.0,07019,M,4462903.0,438064.0,07
201700006505,17,10,19,1655,1,1,1,1.0,2.0,07019,M,4460000.0,442000.0,07
201700006506,17,11,17,2220,5,2,1,1.0,6.0,07019,M,4461296.0,438802.0,07
201700006507,17,11,21,1030,1,2,1,7.0,6.0,07019,M,4461000.0,439000.0,07
201700006508,17,12,14,1755,5,2,9,1.0,6.0,07019,M,4462571.0,439322.0,07
201700006509,17,12,13,1130,1,2,1,1.0,6.0,07019,M,4461992.0,438743.0,07
201700006510,17,12,30,1155,1,1,1,1.0,1.0,07019,M,4461966.0,439988.0,07
201700006511,17,1,20,1515,1,2,1,1.0,4.0,07281,M,,,07
201700006512,17,12,19,940,1,2,1,1.0,6.0,07281,M,4494361.0,483416.0,07
201700006513,17,1,20,1535,1,2,1,1.0,5.0,07316,M,,,07
201700006514,17,3,17,1435,1,2,6,1.0,2.0,07102,M,,,07
201700006515,17,4,1,510,5,2,1,1.0,2.0,07281,M,,,07
201700006516,17,4,4,1500,1,2,6,1.0,3.0,07102,M,,,07
201700006517,17,4,20,1030,1,2,6,1.0,6.0,07281,M,4494000.0,484000.0,07
201700006518,17,9,18,1430,1,1,1,1.0,1.0,07316,M,4490027.0,485250.0,07
201700006519,17,9,26,805,1,2,6,1.0,3.0,07102,M,4492638.0,486805.0,07
201700006520,17,10,5,1910,2,2,6,1.0,3.0,07102,M,4493777.0,486416.0,07
201700006521,17,10,24,1105,1,1,1,1.0,6.0,07281,M,4494916.0,487361.0,07
201700006522,17,10,29,2020,3,1,3,1.0,7.0,07281,M,4494805.0,485722.0,07
201700006523,17,11,21,1600,1,2,6,1.0,3.0,07102,M,4493805.0,486388.0,07
201700006524,17,1,25,1120,1,1,1,1.0,1.0,11202,M,4284632.0,303902.0,11
201700006525,17,5,7,1055,1,1,9,1.0,5.0,11202,M,4290149.0,302473.0,11
201700006526,17,8,1,1910,1,1,3,1.0,2.0,11144,M,4292441.0,299480.0,11
201700006527,17,8,23,2100,4,1,1,1.0,1.0,11202,M,4290330.0,302512.0,11
201700006528,17,8,28,800,1,1,1,1.0,1.0,11202,M,4290220.0,303139.0,11
201700006529,17,9,29,930,1,2,9,1.0,2.0,11202,M,4285937.0,303867.0,11
201700006530,17,9,29,2000,5,1,9,1.0,1.0,11202,M,4290016.0,299821.0,11
201700006531,17,1,1,1040,1,1,3,5.0,7.0,07008,M,4471316.0,461994.0,07
201700006532,17,1,19,1440,1,2,1,1.0,6.0,07186,M,4471956.0,460424.0,07
201700006533,17,1,20,1022,1,2,7,1.0,7.0,07186,M,4473405.0,459508.0,07
201700006534,17,2,4,1120,1,1,1,2.0,5.0,07008,M,4471500.0,463200.0,07
201700006535,17,6,12,1715,1,1,1,1.0,7.0,07186,M,4471436.0,460704.0,07
201700006536,17,6,9,1030,1,2,1,1.0,6.0,07186,M,4473473.0,459820.0,07
201700006537,17,6,28,1420,1,2,1,1.0,6.0,07186,M,4473440.0,459810.0,07
201700006538,17,7,11,1130,1,1,1,1.0,7.0,07186,M,4472722.0,460011.0,07
201700006539,17,7,1,225,3,1,1,8.0,6.0,07186,M,4471629.0,461662.0,07
201700006540,17,8,11,1550,1,2,1,1.0,7.0,07186,M,4444483.0,436093.0,07
201700006541,17,8,23,1720,1,1,1,1.0,7.0,07340,M,4472700.0,456497.0,07
201700006542,17,8,22,1835,1,1,9,1.0,1.0,07340,M,4472813.0,454454.0,07
201700006543,17,8,22,1935,1,2,1,1.0,6.0,07340,M,4472944.0,456895.0,07
201700006544,17,8,23,1003,1,2,1,1.0,6.0,07186,M,4473400.0,459600.0,07
201700006545,17,9,24,610,3,1,1,1.0,6.0,07072,M,4472899.0,461724.0,07
201700006546,17,9,3,1652,1,1,1,1.0,6.0,07186,M,4473370.0,460700.0,07
201700006547,17,11,6,810,1,2,1,1.0,6.0,07340,M,4472922.0,457444.0,07
201700006548,17,11,18,1530,1,1,6,1.0,3.0,07008,M,4471242.0,462525.0,07
201700006549,17,11,24,1426,1,2,1,1.0,6.0,07186,M,4473538.0,459937.0,07
201700006550,17,12,11,1200,1,2,1,3.0,6.0,07186,M,4473694.0,461515.0,07
201700006551,17,1,4,1415,1,2,1,1.0,3.0,34123,M,4361744.0,380861.0,34
201700006552,17,3,15,1040,1,2,1,1.0,3.0,34123,M,4361466.0,381532.0,34
201700006553,17,3,29,1455,1,1,1,1.0,7.0,34259,M,4360828.0,379058.0,34
201700006554,17,5,23,600,2,1,1,1.0,3.0,34134,M,4359006.0,380094.0,34
201700006555,17,5,31,1350,1,1,1,1.0,2.0,34134,M,4358587.0,378939.0,34
201700006556,17,7,5,950,1,1,1,1.0,1.0,34259,M,4362630.0,376793.0,34
201700006557,17,7,7,1440,1,2,3,1.0,3.0,34123,M,4361012.0,380276.0,34
201700006558,17,7,16,1700,1,1,1,1.0,1.0,34134,M,4359006.0,380094.0,34
201700006559,17,8,11,1655,1,1,1,1.0,3.0,34134,M,4359006.0,380094.0,34
201700006560,17,9,28,1750,1,1,9,1.0,3.0,34179,M,4359976.0,372721.0,34
201700006561,17,9,28,1710,1,2,1,1.0,3.0,34123,M,4361137.0,380571.0,34
201700006562,17,12,5,1345,1,2,1,1.0,6.0,34163,M,4364920.0,369960.0,34
201700006563,17,12,13,1750,5,2,1,1.0,3.0,34134,M,4358495.0,380289.0,34
201700006564,17,12,24,1400,1,2,1,1.0,1.0,34134,M,4358495.0,380289.0,34
201700006565,17,1,7,1746,3,1,1,1.0,6.0,28092,M,4837006.0,188426.0,28
201700006566,17,1,20,1725,1,1,1,1.0,6.0,28092,M,4836327.0,188019.0,28
201700006567,17,1,27,730,2,1,1,9.0,2.0,78349,M,4857448.0,200175.0,78
201700006568,17,3,20,520,3,1,1,8.0,1.0,28092,M,4833788.0,186764.0,28
201700006569,17,4,9,5,3,1,1,1.0,2.0,28363,M,4839261.0,189166.0,28
201700006570,17,4,10,50,3,1,1,1.0,6.0,78009,M,4846693.0,191271.0,78
201700006571,17,5,25,755,1,1,1,1.0,6.0,78564,M,4851497.0,190802.0,78
201700006572,17,5,25,1345,1,1,1,1.0,7.0,78564,M,4851497.0,190802.0,78
201700006573,17,6,21,800,1,1,1,1.0,6.0,78506,M,4852407.0,180459.0,78
201700006574,17,6,22,1915,1,1,1,1.0,2.0,78499,M,4855385.0,193024.0,78
201700006575,17,7,8,1920,1,1,1,1.0,2.0,78506,M,4851477.0,177948.0,78
201700006576,17,8,19,930,1,1,1,1.0,2.0,78009,M,4846693.0,191271.0,78
201700006577,17,9,10,740,1,1,1,8.0,2.0,91319,M,4863698.0,214865.0,91
201700006578,17,9,24,700,3,1,1,1.0,6.0,91249,M,4862004.0,208310.0,91
201700006579,17,10,1,810,1,1,1,1.0,6.0,91249,M,4860352.0,207493.0,91
201700006580,17,10,5,2110,3,1,1,1.0,6.0,91111,M,4862032.0,213183.0,91
201700006581,17,10,1,1455,1,1,1,1.0,6.0,78003,M,4852616.0,183243.0,78
201700006582,17,9,27,2049,3,1,1,1.0,2.0,91319,M,4865073.0,217097.0,91
201700006583,17,10,26,135,3,1,1,5.0,2.0,91111,M,4862032.0,213183.0,91
201700006584,17,10,30,700,3,1,1,1.0,2.0,78506,M,4851872.0,179492.0,78
201700006585,17,11,13,1645,1,1,1,1.0,6.0,91017,M,4859591.0,205056.0,91
201700006586,17,11,27,730,3,1,1,1.0,4.0,78506,M,4851872.0,179492.0,78
201700006587,17,2,1,1440,1,1,1,1.0,7.0,69097,M,4551653.0,471711.0,69
201700006588,17,2,21,1605,1,1,9,1.0,3.0,69064,M,4546872.0,477071.0,69
201700006589,17,3,15,1755,1,2,1,1.0,4.0,69235,M,4552842.0,487209.0,69
201700006590,17,3,29,1320,1,2,1,1.0,6.0,69235,M,4553400.0,485548.0,69
201700006591,17,5,21,1900,1,1,2,1.0,3.0,69080,M,4552233.0,474355.0,69
201700006592,17,6,18,30,3,1,1,1.0,7.0,69253,M,4548535.0,477733.0,69
201700006593,17,6,17,1738,1,1,1,1.0,1.0,69097,M,4550693.0,472140.0,69
201700006594,17,7,12,945,1,2,1,1.0,6.0,69007,M,4548872.0,480889.0,69
201700006595,17,7,26,1700,1,1,1,1.0,7.0,69080,M,4555246.0,471456.0,69
201700006596,17,7,28,1115,1,1,1,1.0,5.0,69253,M,4547340.0,477844.0,69
201700006597,17,9,8,730,1,2,1,1.0,4.0,69118,M,4556202.0,480658.0,69
201700006598,17,10,22,245,3,1,1,1.0,7.0,69080,M,4554871.0,475432.0,69
201700006599,17,11,23,1545,1,1,1,1.0,3.0,69007,M,4548789.0,480393.0,69
201700006600,17,12,5,730,2,2,1,1.0,6.0,69235,M,4553186.0,486343.0,69
201700006601,17,1,4,1340,1,2,2,5.0,6.0,33005,M,4473973.0,-109400.0,33
201700006602,17,1,9,745,3,1,1,2.0,6.0,33229,M,4470065.0,-102550.0,33
201700006603,17,1,20,1525,1,2,1,1.0,6.0,33229,M,4472313.0,-106758.0,33
201700006604,17,2,13,1730,1,2,2,2.0,3.0,33005,M,4473202.0,-107764.0,33
201700006605,17,2,26,15,3,1,1,1.0,7.0,33229,M,4474188.0,-102609.0,33
201700006606,17,6,7,2200,5,2,1,1.0,6.0,33229,M,4470649.0,-102492.0,33
201700006607,17,6,24,1530,1,2,1,1.0,1.0,33229,M,4471583.0,-106288.0,33
201700006608,17,7,15,330,3,1,1,1.0,7.0,33005,M,4477321.0,-105495.0,33
201700006609,17,10,5,1130,1,1,6,1.0,6.0,33229,M,4477838.0,-101879.0,33
201700006610,17,10,19,1120,1,2,1,1.0,1.0,33005,M,4473342.0,-108174.0,33
201700006611,17,10,20,815,1,2,1,1.0,1.0,33229,M,4471271.0,-105488.0,33
201700006612,17,7,3,1740,1,2,1,1.0,3.0,60142,M,4911994.0,253292.0,60
201700006613,17,9,22,1125,1,1,1,8.0,3.0,60494,M,4911741.0,256711.0,60
201700006614,17,4,26,1120,1,1,1,1.0,7.0,51545,M,4872055.0,421729.0,51
201700006615,17,5,15,1953,1,1,1,1.0,6.0,51147,M,4902715.0,451802.0,51
201700006616,17,7,24,5,3,1,1,2.0,5.0,51545,M,4874291.0,422804.0,51
201700006617,17,8,6,1505,1,1,1,1.0,3.0,51205,M,4903405.0,436529.0,51
201700006618,17,8,11,555,2,1,1,5.0,2.0,51545,M,4871850.0,421628.0,51
201700006619,17,9,2,345,3,1,1,1.0,6.0,51160,M,4892234.0,428320.0,51
201700006620,17,9,4,1530,1,1,1,1.0,6.0,51545,M,4875147.0,423080.0,51
201700006621,17,1,23,1635,1,1,1,1.0,6.0,77071,M,4819670.0,280816.0,77
201700006622,17,2,5,410,3,1,1,3.0,6.0,77333,M,4826276.0,272268.0,77
201700006623,17,2,10,2230,3,1,1,1.0,2.0,77333,M,4826276.0,272268.0,77
201700006624,17,2,22,445,3,1,1,1.0,2.0,77359,M,4848248.0,251406.0,77
201700006625,17,3,9,430,3,1,1,2.0,7.0,45032,M,4814844.0,290251.0,45
201700006626,17,3,28,630,5,1,1,1.0,6.0,77185,M,4843704.0,253570.0,77
201700006627,17,3,29,1630,1,1,1,1.0,6.0,77006,M,,,77
201700006628,17,5,26,2040,1,1,1,1.0,6.0,77339,M,4838335.0,255846.0,77
201700006629,17,6,23,1550,1,1,1,1.0,7.0,77407,M,4851910.0,250479.0,77
201700006630,17,7,14,945,1,1,1,1.0,2.0,77477,M,4833941.0,259219.0,77
201700006631,17,8,1,1420,1,1,4,1.0,6.0,77370,M,4821988.0,276952.0,77
201700006632,17,8,5,650,1,1,1,1.0,6.0,77185,M,4846430.0,255222.0,77
201700006633,17,8,9,1612,1,1,1,3.0,6.0,77333,M,4826276.0,272268.0,77
201700006634,17,8,11,740,1,1,1,8.0,6.0,77168,M,4816317.0,287463.0,77
201700006635,17,9,9,1205,1,1,1,1.0,7.0,77185,M,4843704.0,253570.0,77
201700006636,17,9,17,1230,1,1,1,1.0,6.0,77477,M,4833915.0,259353.0,77
201700006637,17,10,14,1700,1,1,1,1.0,7.0,77071,M,4820388.0,278888.0,77
201700006638,17,10,15,1815,1,1,2,1.0,3.0,77069,M,4846737.0,261169.0,77
201700006639,17,10,16,1035,1,1,1,1.0,3.0,77333,M,4828222.0,270083.0,77
201700006640,17,10,19,1330,1,1,1,1.0,2.0,77370,M,4823666.0,275333.0,77
201700006641,17,10,25,510,5,1,9,2.0,6.0,77185,M,4843704.0,253570.0,77
201700006642,17,10,30,203,3,1,1,8.0,6.0,77065,M,4847114.0,252433.0,77
201700006643,17,11,5,120,3,1,1,3.0,6.0,77065,M,4845289.0,252530.0,77
201700006644,17,11,6,1350,1,1,1,1.0,6.0,77435,M,4850016.0,251305.0,77
201700006645,17,12,14,1455,1,1,1,1.0,6.0,77216,M,4829841.0,266937.0,77
201700006646,17,12,19,2020,3,1,2,1.0,3.0,77069,M,4845751.0,258809.0,77
201700006647,17,12,20,1732,3,1,1,2.0,6.0,77333,M,4826276.0,272268.0,77
201700006648,17,12,25,740,2,1,1,8.0,1.0,77520,M,4831376.0,263543.0,77
201700006649,17,1,14,710,3,1,1,1.0,2.0,62121,M,,,62
201700006650,17,2,16,2130,3,1,9,1.0,7.0,62873,M,,,62
201700006651,17,2,17,845,1,1,1,1.0,2.0,62873,M,,,62
201700006652,17,3,1,2110,3,1,1,2.0,6.0,62326,M,,,62
201700006653,17,3,14,1345,1,1,1,1.0,6.0,62718,M,5030611.0,289172.0,62
201700006654,17,4,30,1245,1,1,1,1.0,6.0,62761,M,,,62
201700006655,17,5,11,1510,1,1,1,1.0,7.0,62594,M,,,62
201700006656,17,6,11,1320,1,1,1,1.0,6.0,62476,M,,,62
201700006657,17,7,23,1750,1,1,1,1.0,6.0,62355,M,5033542.0,292693.0,62
201700006658,17,8,29,810,1,1,1,1.0,6.0,62476,M,5035086.0,294732.0,62
201700006659,17,9,22,1100,1,1,1,1.0,6.0,62829,M,,,62
201700006660,17,9,18,1400,1,1,1,1.0,6.0,62384,M,,,62
201700006661,17,10,20,1700,1,1,1,1.0,5.0,62080,M,,,62
201700006662,17,11,3,1120,1,1,1,1.0,7.0,62494,M,,,62
201700006663,17,12,5,830,1,1,1,8.0,2.0,62624,M,,,62
201700006664,17,12,18,1320,1,1,1,1.0,5.0,62427,M,,,62
201700006665,17,1,1,1040,1,1,1,5.0,6.0,80300,M,4983588.0,295484.0,80
201700006666,17,1,5,615,3,1,1,2.0,3.0,80101,M,4964673.0,276025.0,80
201700006667,17,2,1,40,3,1,1,5.0,6.0,80034,M,4983784.0,299018.0,80
201700006668,17,3,1,2030,3,1,1,8.0,6.0,80101,M,4964435.0,275967.0,80
201700006669,17,3,18,800,2,1,1,2.0,6.0,80421,M,4976594.0,279564.0,80
201700006670,17,6,3,140,3,1,1,1.0,2.0,80421,M,4976594.0,279564.0,80
201700006671,17,6,14,1200,1,1,1,1.0,2.0,80204,M,5000848.0,287694.0,80
201700006672,17,6,25,1610,1,1,1,1.0,6.0,80521,M,4998104.0,286764.0,80
201700006673,17,6,27,1600,1,1,1,1.0,2.0,80685,M,4969578.0,277191.0,80
201700006674,17,7,20,30,3,1,1,1.0,2.0,80447,M,4982053.0,282261.0,80
201700006675,17,7,25,40,3,1,1,1.0,7.0,80421,M,4976594.0,279564.0,80
201700006676,17,8,12,1425,1,1,1,1.0,6.0,80313,M,4991960.0,285103.0,80
201700006677,17,9,8,1248,1,1,1,3.0,5.0,80090,M,4984812.0,283149.0,80
201700006678,17,11,8,702,2,1,1,1.0,2.0,80288,M,4987991.0,283725.0,80
201700006679,17,12,8,910,1,1,1,2.0,7.0,80313,M,4991960.0,285103.0,80
201700006680,17,1,4,1620,1,1,1,1.0,2.0,13037,M,,,13
201700006681,17,1,17,1330,1,1,1,1.0,7.0,13118,M,4355216.0,524895.0,13
201700006682,17,1,30,1014,1,1,1,1.0,2.0,13051,M,,,13
201700006683,17,2,5,1310,1,1,1,2.0,3.0,13067,M,4378102.0,505430.0,13
201700006684,17,2,17,1635,1,1,1,1.0,2.0,13051,M,4358845.0,519589.0,13
201700006685,17,2,26,2330,3,1,1,1.0,2.0,13069,M,4362464.0,513089.0,13
201700006686,17,3,9,920,1,1,1,1.0,6.0,13018,M,,,13
201700006687,17,3,12,1930,3,1,1,1.0,5.0,13051,M,,,13
201700006688,17,3,26,640,3,1,1,1.0,5.0,13097,M,,,13
201700006689,17,4,14,1700,1,1,1,1.0,4.0,13051,M,,,13
201700006690,17,4,24,50,3,1,1,1.0,2.0,13105,M,,,13
201700006691,17,5,6,230,3,1,1,1.0,2.0,13049,M,,,13
201700006692,17,5,11,1030,1,1,1,1.0,2.0,13051,M,,,13
201700006693,17,5,14,845,1,1,1,1.0,6.0,13066,M,,,13
201700006694,17,5,14,1935,1,1,9,1.0,6.0,13067,M,,,13
201700006695,17,5,18,400,3,1,9,1.0,2.0,13103,M,,,13
201700006696,17,6,8,745,1,1,9,1.0,7.0,13051,M,,,13
201700006697,17,6,13,505,3,1,1,1.0,6.0,13112,M,,,13
201700006698,17,6,24,1040,1,1,1,1.0,4.0,13051,M,,,13
201700006699,17,7,17,5,3,1,1,1.0,2.0,13103,M,,,13
201700006700,17,7,23,1125,1,1,1,1.0,4.0,13118,M,,,13
201700006701,17,7,28,1410,1,1,1,1.0,4.0,13051,M,,,13
201700006702,17,8,1,1030,1,1,1,1.0,5.0,13118,M,,,13
201700006703,17,8,3,1310,1,1,1,7.0,3.0,13081,M,4350984.0,523439.0,13
201700006704,17,8,5,1210,1,1,1,1.0,2.0,13103,M,,,13
201700006705,17,8,7,1445,1,1,1,1.0,2.0,13103,M,4362751.0,510675.0,13
201700006706,17,8,25,730,1,1,1,7.0,5.0,13051,M,4359287.0,517807.0,13
201700006707,17,9,17,1015,1,1,1,1.0,4.0,13037,M,4355952.0,522905.0,13
201700006708,17,10,16,2130,3,1,1,1.0,6.0,13049,M,,,13
201700006709,17,11,19,600,5,1,4,1.0,2.0,13051,M,,,13
201700006710,17,11,18,1840,4,1,1,1.0,2.0,13103,M,,,13
201700006711,17,12,5,800,1,1,1,1.0,5.0,13103,M,,,13
201700006712,17,12,12,810,1,1,1,9.0,2.0,13103,M,,,13
201700006713,17,12,22,1150,1,1,1,1.0,5.0,13051,M,,,13
201700006714,17,12,26,2040,3,1,1,1.0,6.0,13103,M,,,13
201700006715,17,2,2,700,2,1,1,1.0,2.0,84091,M,4417157.0,476003.0,84
201700006716,17,3,10,900,1,1,1,6.0,6.0,84016,M,4404762.0,488803.0,84
201700006717,17,5,9,945,1,1,9,1.0,7.0,84091,M,4417157.0,476003.0,84
201700006718,17,7,30,110,3,1,1,1.0,4.0,84078,M,4424454.0,470816.0,84
201700006719,17,8,8,701,1,1,1,1.0,2.0,30221,M,4404577.0,476478.0,30
201700006720,17,8,14,1535,1,1,9,9.0,6.0,84087,M,4410288.0,478922.0,84
201700006721,17,8,17,1525,1,1,1,1.0,2.0,84019,M,4429180.0,474448.0,84
201700006722,17,8,28,1140,1,1,1,1.0,4.0,84087,M,4412891.0,481020.0,84
201700006723,17,12,27,1430,1,1,1,2.0,6.0,84129,M,4401068.0,489021.0,84
201700006724,17,1,20,1315,1,1,4,1.0,1.0,76391,M,4934136.0,93420.0,76
201700006725,17,1,25,1017,1,1,2,1.0,4.0,27102,M,4935760.0,78140.0,27
201700006726,17,4,22,100,4,1,1,1.0,2.0,76705,M,4932748.0,109062.0,76
201700006727,17,4,24,1545,1,1,1,1.0,2.0,76484,M,4934328.0,105475.0,76
201700006728,17,5,23,1100,1,1,4,1.0,1.0,27260,M,4941102.0,41041.0,27
201700006729,17,5,25,1245,1,1,1,1.0,2.0,27091,M,4936278.0,85087.0,27
201700006730,17,5,30,1420,1,1,1,1.0,6.0,76484,M,4934316.0,105582.0,76
201700006731,17,6,17,1225,1,1,1,7.0,4.0,76391,M,4933988.0,94504.0,76
201700006732,17,6,25,1600,1,1,1,1.0,6.0,27581,M,4938998.0,55252.0,27
201700006733,17,7,27,1120,1,1,1,1.0,6.0,27340,M,4936447.0,82253.0,27
201700006734,17,8,15,430,3,1,1,8.0,2.0,27661,M,4935990.0,86720.0,27
201700006735,17,9,3,2230,3,1,1,2.0,7.0,76682,M,4931605.0,110722.0,76
201700006736,17,10,22,850,1,1,1,2.0,2.0,76319,M,4933767.0,100266.0,76
201700006737,17,10,23,1830,5,1,1,2.0,4.0,76484,M,4934328.0,105475.0,76
201700006738,17,10,31,1150,1,1,1,1.0,6.0,76484,M,4932421.0,109649.0,76
201700006739,17,11,16,755,2,1,1,1.0,4.0,76484,M,4933270.0,108137.0,76
201700006740,17,11,23,1902,3,1,1,1.0,2.0,27228,M,4937143.0,69470.0,27
201700006741,17,12,12,730,5,1,1,1.0,4.0,76705,M,4932748.0,109062.0,76
201700006742,17,1,7,930,1,1,1,2.0,6.0,27351,M,4925286.0,116460.0,27