Num_Acc,an,mois,jour,hrmn,lum,agg,int,atm,col,com,gps,lat,long,dep
201700006743,17,1,7,930,1,1,1,2.0,6.0,27351,M,4925276.0,116487.0,27
201700006744,17,1,12,810,2,1,1,8.0,5.0,27517,M,4912955.0,132067.0,27
201700006745,17,4,13,315,3,1,1,1.0,2.0,27351,M,4925159.0,116876.0,27
201700006746,17,4,18,1000,1,1,1,1.0,6.0,27351,M,4923798.0,118611.0,27
201700006747,17,5,6,10,3,1,1,1.0,7.0,27553,M,4914581.0,129758.0,27
201700006748,17,6,6,1730,1,1,1,3.0,4.0,27375,M,4921412.0,118087.0,27
201700006749,17,6,6,1730,1,1,1,2.0,4.0,27375,M,4920176.0,117692.0,27
201700006750,17,7,6,1700,1,1,1,1.0,2.0,27003,M,4915363.0,118258.0,27
201700006751,17,7,12,1542,1,1,1,1.0,6.0,27249,M,4917966.0,124848.0,27
201700006752,17,7,30,200,3,1,1,1.0,2.0,27517,M,4910920.0,134000.0,27
201700006753,17,8,26,800,1,1,1,1.0,6.0,27188,M,4929290.0,112280.0,27
201700006754,17,9,8,1625,1,1,1,2.0,5.0,27375,M,4922210.0,117950.0,27
201700006755,17,10,22,720,3,1,1,1.0,5.0,27003,M,4918540.0,117015.0,27
201700006756,17,11,14,1855,3,1,1,1.0,2.0,27336,M,4906937.0,141054.0,27
201700006757,17,1,8,430,3,1,1,5.0,5.0,60558,M,4959840.0,275233.0,60
201700006758,17,2,3,745,2,1,1,1.0,2.0,60541,M,4929293.0,269080.0,60
201700006759,17,2,3,1800,2,1,1,8.0,7.0,60024,M,4939294.0,269862.0,60
201700006760,17,2,10,345,3,1,1,2.0,2.0,60558,M,4959646.0,275177.0,60
201700006761,17,2,13,2220,3,1,1,1.0,6.0,60508,M,4931026.0,268441.0,60
201700006762,17,3,6,146,3,1,1,2.0,2.0,60138,M,4921936.0,263421.0,60
201700006763,17,3,18,55,3,1,1,1.0,5.0,60508,M,4931026.0,268441.0,60
201700006764,17,4,19,1510,1,1,1,1.0,6.0,60100,M,4924970.0,267890.0,60
201700006765,17,5,7,120,3,1,1,3.0,6.0,60541,M,4930066.0,268843.0,60
201700006766,17,5,17,615,1,1,1,1.0,2.0,60281,M,4948845.0,271410.0,60
201700006767,17,6,18,1210,1,2,3,1.0,3.0,60612,M,4920898.0,260636.0,60
201700006768,17,6,23,345,3,1,1,1.0,6.0,60531,M,4943028.0,269555.0,60
201700006769,17,7,16,1630,1,1,1,1.0,2.0,60024,M,4940597.0,269432.0,60
201700006770,17,9,20,445,3,1,1,1.0,2.0,60558,M,4959840.0,275233.0,60
201700006771,17,9,26,620,3,1,1,1.0,2.0,60531,M,4943028.0,269555.0,60
201700006772,17,1,2,610,3,1,1,5.0,6.0,69019,M,4611147.0,476082.0,69
201700006773,17,1,2,740,2,1,1,9.0,3.0,69242,M,4612346.0,476405.0,69
201700006774,17,1,2,2106,5,1,1,1.0,6.0,69115,M,4597694.0,473504.0,69
201700006775,17,3,4,2335,3,1,1,1.0,4.0,69077,M,4615882.0,477102.0,69
201700006776,17,3,12,1540,1,1,1,1.0,6.0,69206,M,4607883.0,474252.0,69
201700006777,17,4,29,1135,1,1,1,1.0,2.0,69206,M,4605916.0,473622.0,69
201700006778,17,5,8,1315,1,1,1,1.0,2.0,69206,M,4605916.0,473622.0,69
201700006779,17,5,24,1740,1,1,1,1.0,2.0,69206,M,4605916.0,473622.0,69
201700006780,17,6,9,1620,1,1,9,1.0,3.0,69242,M,4612346.0,476405.0,69
201700006781,17,6,16,2000,1,1,1,1.0,6.0,69264,M,4598926.0,473689.0,69
201700006782,17,6,28,1530,1,1,1,1.0,4.0,69115,M,4597045.0,472926.0,69
201700006783,17,7,22,1830,1,1,9,3.0,7.0,69206,M,4604035.0,472679.0,69
201700006784,17,8,13,700,1,1,1,1.0,6.0,69206,M,4605916.0,473622.0,69
201700006785,17,8,17,210,3,1,1,1.0,5.0,69013,M,4601625.0,472750.0,69
201700006786,17,12,11,645,3,1,1,2.0,6.0,69206,M,4605916.0,473622.0,69
201700006787,17,12,12,705,3,1,1,1.0,5.0,69013,M,4601625.0,472750.0,69
201700006788,17,1,2,1130,1,1,1,5.0,4.0,59593,M,,,59
201700006789,17,6,18,1000,1,1,1,1.0,2.0,59597,M,5020060.0,321564.0,59
201700006790,17,3,25,941,1,1,1,2.0,3.0,64124,M,4326657.0,-133064.0,64
201700006791,17,1,1,1645,1,1,1,5.0,7.0,38357,M,,,38
201700006792,17,1,29,718,3,1,1,1.0,7.0,38053,M,4559967.0,527180.0,38
201700006793,17,3,3,927,1,1,1,1.0,1.0,38144,M,4559921.0,507444.0,38
201700006794,17,4,21,1450,1,1,1,1.0,4.0,38193,M,4561183.0,521852.0,38
201700006795,17,6,12,755,1,1,1,1.0,5.0,38064,M,4555968.0,540387.0,38
201700006796,17,6,17,458,2,1,1,1.0,7.0,38064,M,4556174.0,537825.0,38
201700006797,17,10,10,1234,1,1,1,1.0,5.0,38348,M,4559439.0,537456.0,38
201700006798,17,12,24,440,3,1,1,1.0,4.0,38193,M,4561824.0,522296.0,38
201700006799,17,12,25,1400,1,1,1,1.0,7.0,38509,M,4557351.0,544519.0,38
201700006800,17,1,4,730,2,2,4,1.0,6.0,68278,M,4774632.0,739961.0,68
201700006801,17,9,27,1315,1,2,1,1.0,2.0,68278,M,4776679.0,739296.0,68
201700006802,17,10,8,1200,1,2,2,2.0,2.0,68278,M,4776210.0,739705.0,68
201700006803,17,11,8,1400,1,2,3,1.0,6.0,68118,M,4773818.0,741760.0,68
201700006804,17,12,13,1740,5,2,1,3.0,6.0,68278,M,4775178.0,740622.0,68
201700006805,17,12,19,1705,5,2,1,1.0,6.0,68278,M,4774964.0,739281.0,68
201700006806,17,1,27,950,1,2,1,1.0,6.0,95250,M,4909750.0,252870.0,95
201700006807,17,3,15,620,2,1,1,1.0,2.0,95580,M,4909170.0,253050.0,95
201700006808,17,3,16,1135,1,2,1,1.0,3.0,95371,M,4909460.0,250410.0,95
201700006809,17,5,18,1235,1,2,1,1.0,6.0,95250,M,4910130.0,250460.0,95
201700006810,17,5,26,1000,1,1,6,1.0,3.0,95580,M,4908670.0,255210.0,95
201700006811,17,5,29,1815,1,1,1,1.0,7.0,95580,M,4908530.0,254470.0,95
201700006812,17,6,4,910,1,1,1,1.0,5.0,95580,M,4909150.0,253160.0,95
201700006813,17,6,21,815,1,1,1,1.0,2.0,95580,M,4909160.0,252950.0,95
201700006814,17,6,29,30,3,1,1,1.0,1.0,95371,M,4907170.0,250460.0,95
201700006815,17,9,29,1330,1,2,1,1.0,6.0,95250,M,4909710.0,248830.0,95
201700006816,17,10,19,1545,1,1,1,1.0,4.0,95250,M,4909770.0,253090.0,95
201700006817,17,12,18,540,5,2,1,1.0,6.0,95250,M,4910150.0,252260.0,95
201700006818,17,11,13,940,1,1,1,1.0,7.0,51046,M,4924284.0,426702.0,51
201700006819,17,3,28,1120,1,1,1,1.0,4.0,17010,M,4611418.0,-110413.0,17
201700006820,17,5,12,1450,1,1,3,1.0,3.0,17318,M,4622257.0,-153269.0,17
201700006821,17,1,8,940,1,1,1,5.0,6.0,17444,M,4568797.0,-64640.0,17
201700006822,17,1,9,1935,3,1,1,2.0,2.0,17227,M,4556688.0,-60112.0,17
201700006823,17,4,6,2100,3,1,1,1.0,6.0,17436,M,4582707.0,-63593.0,17
201700006824,17,4,21,830,1,1,1,1.0,5.0,17252,M,4587369.0,-69934.0,17
201700006825,17,7,7,455,3,1,1,1.0,2.0,17415,M,4572677.0,-66157.0,17
201700006826,17,7,13,730,1,1,1,1.0,2.0,17444,M,4566362.0,-63652.0,17
201700006827,17,7,19,1015,1,1,2,1.0,3.0,17344,M,4584260.0,-50233.0,17
201700006828,17,8,4,1745,1,1,1,1.0,6.0,17213,M,4604517.0,-53704.0,17
201700006829,17,9,7,1600,1,1,1,8.0,6.0,17044,M,4562544.0,-61071.0,17
201700006830,17,11,15,1515,1,2,1,1.0,1.0,17112,M,4573387.0,-75724.0,17
201700006831,17,11,27,810,2,1,1,1.0,4.0,17299,M,4596830.0,-98159.0,17
201700006832,17,12,10,845,2,1,1,3.0,6.0,17354,M,4561470.0,-60421.0,17
201700006833,17,3,23,1525,1,2,1,1.0,5.0,25157,M,4687540.0,637555.0,25
201700006834,17,4,26,1937,2,1,2,2.0,3.0,25282,M,4697958.0,633770.0,25
201700006835,17,6,28,920,1,2,1,1.0,6.0,25432,M,4712903.0,652457.0,25
201700006836,17,10,31,1147,1,1,6,1.0,2.0,25309,M,4691199.0,632544.0,25
201700006837,17,12,28,600,3,1,1,4.0,3.0,25157,M,4685103.0,637155.0,25
201700006838,17,7,20,1015,1,1,1,1.0,4.0,83096,M,4347844.0,576899.0,83
201700006839,17,8,6,705,2,1,1,1.0,6.0,83097,M,4348135.0,574060.0,83
201700006840,17,10,1,1715,1,1,1,1.0,5.0,13087,M,,,13
201700006841,17,10,9,640,3,1,1,1.0,2.0,13087,M,,,13
201700006842,17,12,16,1020,1,1,1,1.0,2.0,83140,M,4342910.0,594324.0,83
201700006843,17,1,24,709,2,2,2,8.0,3.0,51328,M,4875805.0,454059.0,51
201700006844,17,1,30,1620,1,1,1,2.0,1.0,51095,M,4875722.0,474078.0,51
201700006845,17,1,20,1945,5,1,1,1.0,4.0,74133,M,4618507.0,621142.0,74
201700006846,17,10,17,1040,1,1,1,1.0,3.0,74042,M,4606864.0,642608.0,74
201700006847,17,1,2,1800,4,1,6,1.0,6.0,34294,M,4370429.0,412118.0,34
201700006848,17,1,21,1315,1,1,1,1.0,3.0,34240,M,4363520.0,396690.0,34
201700006849,17,2,11,2030,3,1,9,1.0,6.0,34294,M,4370258.0,411622.0,34
201700006850,17,3,12,515,3,1,1,1.0,7.0,34240,M,4363358.0,396951.0,34
201700006851,17,4,9,730,1,1,1,1.0,2.0,34244,M,4367775.0,403132.0,34
201700006852,17,5,10,1325,1,1,1,1.0,5.0,34327,M,4365494.0,399357.0,34
201700006853,17,5,12,1500,1,1,1,1.0,2.0,30344,M,4375096.0,422254.0,30
201700006854,17,5,24,1050,1,1,4,1.0,4.0,30189,M,4380764.0,435398.0,30
201700006855,17,6,14,420,3,1,1,1.0,2.0,34340,M,4371747.0,413888.0,34
201700006856,17,6,28,1150,1,1,1,1.0,2.0,34294,M,4370270.0,411650.0,34
201700006857,17,7,18,1855,1,1,4,9.0,2.0,30189,M,4380691.0,435958.0,30
201700006858,17,8,4,600,2,1,1,1.0,6.0,30189,M,4381945.0,437485.0,30
201700006859,17,8,10,645,3,1,1,1.0,6.0,30123,M,4372704.0,418268.0,30
201700006860,17,9,30,435,3,1,1,1.0,3.0,30034,M,4373292.0,447120.0,30
201700006861,17,10,15,1755,1,1,1,1.0,6.0,30185,M,4373409.0,419330.0,30
201700006862,17,10,20,2040,3,1,1,1.0,5.0,30189,M,4381946.0,437482.0,30
201700006863,17,10,21,1500,1,1,1,1.0,7.0,30034,M,4373292.0,447121.0,30
201700006864,17,11,2,2020,3,1,1,1.0,3.0,34340,M,4371747.0,413888.0,34
201700006865,17,11,13,1220,1,1,1,6.0,2.0,34294,M,4370257.0,411639.0,34
201700006866,17,12,7,2125,3,1,1,1.0,1.0,30123,M,4372464.0,416824.0,30
201700006867,17,12,8,1510,1,1,1,7.0,4.0,34294,M,4370947.0,412552.0,34
201700006868,17,12,18,2210,3,1,1,9.0,2.0,34154,M,4360869.0,393730.0,34
201700006869,17,1,26,2350,3,1,1,1.0,6.0,11145,M,4324549.0,315092.0,11
201700006870,17,1,27,1550,1,1,1,8.0,6.0,11262,M,4315159.0,297909.0,11
201700006871,17,3,22,1000,1,1,1,1.0,3.0,11322,M,4300808.0,295589.0,11
201700006872,17,7,30,630,2,1,1,1.0,7.0,11262,M,4313450.0,297107.0,11
201700006873,17,8,1,1425,1,1,1,1.0,6.0,11370,M,4322755.0,310376.0,11
201700006874,17,8,24,530,3,1,1,1.0,4.0,11370,M,4322755.0,310376.0,11
201700006875,17,9,19,2230,3,1,1,1.0,6.0,11144,M,4289404.0,299177.0,11
201700006876,17,12,18,1927,3,1,1,1.0,6.0,11262,M,4317010.0,301399.0,11
201700006877,17,1,6,1258,1,1,1,1.0,5.0,28303,M,4810277.0,185145.0,28
201700006878,17,1,22,2250,3,1,1,1.0,4.0,28303,M,4809495.0,185198.0,28
201700006879,17,2,1,1909,3,1,1,1.0,3.0,28121,M,4811851.0,185091.0,28
201700006880,17,2,18,1030,1,1,1,5.0,7.0,28303,M,4809593.0,185168.0,28
201700006881,17,2,20,1550,1,1,1,8.0,5.0,45020,M,4783311.0,166474.0,45
201700006882,17,3,6,1102,1,1,1,3.0,2.0,45093,M,4805538.0,184327.0,45
201700006883,17,3,21,1635,1,1,1,1.0,7.0,45169,M,4791893.0,184859.0,45
201700006884,17,3,22,1230,1,1,1,1.0,6.0,45169,M,4791893.0,184859.0,45
201700006885,17,4,10,1140,1,1,1,1.0,2.0,28392,M,4822959.0,184834.0,28
201700006886,17,4,12,1520,1,1,1,1.0,6.0,28276,M,4829183.0,186111.0,28
201700006887,17,5,23,1505,1,1,1,1.0,7.0,45169,M,4791893.0,184859.0,45
201700006888,17,5,29,1300,1,1,9,1.0,2.0,28303,M,4810137.0,185147.0,28
201700006889,17,6,18,1230,1,1,1,1.0,3.0,45344,M,4779742.0,161103.0,45
201700006890,17,6,29,1035,1,1,1,1.0,2.0,45146,M,4770988.0,190023.0,45
201700006891,17,7,2,2300,3,1,1,1.0,2.0,28367,M,4815342.0,186172.0,28
201700006892,17,7,9,1605,1,1,1,1.0,6.0,45317,M,4777373.0,158031.0,45
201700006893,17,8,9,1025,1,1,1,8.0,2.0,45203,M,4784872.0,168546.0,45
201700006894,17,8,10,802,1,1,1,1.0,6.0,28002,M,4818983.0,185312.0,28
201700006895,17,8,16,1750,1,1,1,1.0,5.0,28303,M,4810277.0,185145.0,28
201700006896,17,8,24,940,1,1,1,1.0,6.0,45313,M,4805538.0,184327.0,45
201700006897,17,8,26,1815,1,1,1,1.0,4.0,45075,M,4789679.0,185004.0,45
201700006898,17,9,24,1225,1,1,1,1.0,7.0,45302,M,4796246.0,185459.0,45
201700006899,17,10,3,1015,1,2,1,1.0,6.0,28303,M,4810241.0,185135.0,28
201700006900,17,11,2,2104,3,1,1,1.0,5.0,45269,M,4787769.0,173626.0,45
201700006901,17,11,8,950,1,1,1,2.0,6.0,45067,M,4789447.0,177294.0,45
201700006902,17,4,24,904,1,2,1,1.0,6.0,73304,M,4545033.0,697425.0,73
201700006903,17,1,24,1645,1,2,1,1.0,1.0,13032,M,4356665.0,537360.0,13
201700006904,17,1,27,955,1,2,1,8.0,3.0,13032,M,4356109.0,536059.0,13
201700006905,17,2,1,730,1,2,1,1.0,2.0,13032,M,4357535.0,536282.0,13
201700006906,17,2,7,1530,1,2,6,1.0,3.0,13114,M,4354022.0,526717.0,13
201700006907,17,3,1,1945,3,1,1,1.0,3.0,13032,M,4354489.0,536791.0,13
201700006908,17,3,19,2030,3,1,1,1.0,2.0,13032,M,4354362.0,535497.0,13
201700006909,17,4,7,1555,1,2,1,1.0,3.0,13032,M,4354363.0,535498.0,13
201700006910,17,5,7,740,1,2,6,1.0,6.0,13114,M,4354701.0,529342.0,13
201700006911,17,5,15,1345,1,1,1,1.0,1.0,13032,M,4354088.0,536870.0,13
201700006912,17,5,19,1920,2,2,6,7.0,3.0,13114,M,4354131.0,529953.0,13
201700006913,17,5,29,850,1,1,1,7.0,1.0,13032,M,4356077.0,535186.0,13
201700006914,17,6,13,820,1,2,1,1.0,5.0,13114,M,4354485.0,527905.0,13
201700006915,17,6,24,930,1,2,3,1.0,7.0,13114,M,4354456.0,527828.0,13
201700006916,17,7,15,1140,1,1,3,1.0,1.0,13114,M,4354610.0,533138.0,13
201700006917,17,8,4,930,1,1,1,1.0,3.0,13032,M,4358619.0,531145.0,13
201700006918,17,8,29,1920,1,2,3,1.0,6.0,13032,M,4356683.0,537326.0,13
201700006919,17,10,10,1900,2,1,1,1.0,3.0,13032,M,4354386.0,535212.0,13
201700006920,17,11,26,1700,2,1,1,6.0,6.0,13032,M,4358216.0,532281.0,13
201700006921,17,5,29,1930,1,1,1,1.0,1.0,46090,M,4467298.0,177877.0,46
201700006922,17,6,6,740,1,1,1,7.0,6.0,56228,M,4782362.0,-241093.0,56
201700006923,17,1,16,1305,1,1,1,1.0,6.0,21054,M,4701393.0,486766.0,21
201700006924,17,2,6,1130,1,1,1,1.0,7.0,21481,M,4724466.0,502813.0,21
201700006925,17,2,25,736,1,1,1,1.0,2.0,21517,M,4710482.0,495406.0,21
201700006926,17,4,5,1555,1,1,1,1.0,6.0,21436,M,4703370.0,507118.0,21
201700006927,17,5,10,2310,3,1,1,1.0,2.0,21088,M,4713477.0,497618.0,21
201700006928,17,7,5,845,1,1,1,1.0,5.0,21423,M,4698699.0,485110.0,21
201700006929,17,7,22,800,1,1,1,1.0,2.0,21099,M,4705838.0,477933.0,21
201700006930,17,11,20,745,1,1,1,8.0,3.0,21606,M,4705032.0,490090.0,21
201700006931,17,2,10,1017,1,1,1,1.0,2.0,73104,M,4555474.0,574685.0,73
201700006932,17,5,7,743,1,1,4,1.0,2.0,73179,M,4560479.0,588541.0,73
201700006933,17,6,13,438,5,1,1,1.0,6.0,73184,M,4557939.0,581079.0,73
201700006934,17,7,16,1730,1,1,1,1.0,4.0,73239,M,4577364.0,595995.0,73
201700006935,17,7,17,1222,1,1,1,1.0,4.0,73008,M,4570130.0,592910.0,73
201700006936,17,8,11,752,1,1,1,2.0,7.0,73179,M,4560411.0,586814.0,73
201700006937,17,9,2,1445,1,1,1,2.0,3.0,73179,M,4560186.0,588918.0,73
201700006938,17,9,28,2155,3,1,1,1.0,4.0,73239,M,4579435.0,597098.0,73
201700006939,17,10,6,1620,1,1,1,1.0,2.0,73008,M,4570130.0,592910.0,73
201700006940,17,11,19,2222,3,1,1,1.0,4.0,73329,M,4562276.0,589963.0,73
201700006941,17,12,25,1904,3,1,1,1.0,6.0,73025,M,4556283.0,568289.0,73
201700006942,17,1,31,1511,1,1,1,1.0,2.0,38065,M,4544960.0,542896.0,38
201700006943,17,2,14,2330,3,1,1,1.0,3.0,38382,M,4522729.0,566802.0,38
201700006944,17,3,5,2123,3,1,1,3.0,3.0,38331,M,4535525.0,552524.0,38
201700006945,17,5,12,250,5,1,9,1.0,2.0,38508,M,4553279.0,540718.0,38
201700006946,17,5,28,420,3,1,1,1.0,6.0,38170,M,4525404.0,567190.0,38
201700006947,17,6,26,142,3,1,1,1.0,7.0,38565,M,4530306.0,562137.0,38
201700006948,17,7,16,649,1,1,1,1.0,2.0,38400,M,4534180.0,557191.0,38
201700006949,17,7,20,955,1,1,1,1.0,6.0,38565,M,4526811.0,562828.0,38
201700006950,17,7,26,1727,1,1,1,1.0,6.0,38118,M,4539431.0,544927.0,38
201700006951,17,8,17,1212,1,1,1,1.0,2.0,38464,M,4553890.0,536415.0,38
201700006952,17,9,2,1708,1,1,1,8.0,6.0,38565,M,4529470.0,560217.0,38
201700006953,17,10,15,1448,1,1,1,1.0,2.0,38287,M,4541096.0,546287.0,38
201700006954,17,11,29,1330,1,1,1,4.0,5.0,38331,M,4535537.0,552418.0,38
201700006955,17,11,30,2200,3,1,1,2.0,4.0,38170,M,4525404.0,567190.0,38
201700006956,17,2,28,1800,1,1,1,3.0,2.0,55117,M,4909380.0,508867.0,55
201700006957,17,1,28,830,1,1,1,2.0,7.0,55276,M,4910274.0,532020.0,55
201700006958,17,4,26,1240,1,1,1,1.0,6.0,55497,M,4909120.0,523242.0,55
201700006959,17,5,9,2055,2,1,1,1.0,7.0,55237,M,4911846.0,553329.0,55
201700006960,17,10,22,2310,3,1,1,2.0,4.0,55317,M,4912190.0,559358.0,55
201700006961,17,9,8,140,3,1,1,1.0,4.0,55117,M,4909380.0,508867.0,55
201700006962,17,11,22,1630,1,2,1,1.0,6.0,08105,M,4975880.0,473664.0,08
201700006963,17,11,25,1900,5,2,1,1.0,6.0,08105,M,4977617.0,472916.0,08
201700006964,17,11,27,1800,5,2,1,3.0,6.0,08105,M,4976310.0,470140.0,08
201700006965,17,11,27,1800,5,2,6,2.0,6.0,08480,M,4973272.0,475390.0,08
201700006966,17,12,4,1312,1,2,3,1.0,3.0,08105,M,4975734.0,471835.0,08
201700006967,17,12,21,1850,5,2,3,2.0,3.0,08480,M,4973510.0,475068.0,08
201700006968,17,12,29,1300,1,2,3,1.0,6.0,08105,M,4975080.0,472438.0,08
201700006969,17,12,29,1545,1,2,1,4.0,7.0,08346,M,4975232.0,468634.0,08
201700006970,17,1,3,1715,3,2,3,2.0,3.0,08105,M,4978424.0,471024.0,08
201700006971,17,1,20,1225,1,2,3,1.0,6.0,08105,M,4977857.0,471625.0,08
201700006972,17,1,19,1525,1,2,1,1.0,2.0,08105,M,4975913.0,472117.0,08
201700006973,17,1,26,2045,5,2,1,1.0,6.0,08105,M,4976249.0,471908.0,08
201700006974,17,1,24,1030,1,2,3,1.0,6.0,08105,M,4974140.0,471322.0,08
201700006975,17,2,3,140,5,1,1,1.0,5.0,08105,M,4975813.0,471852.0,08
201700006976,17,2,3,900,1,2,6,1.0,6.0,08105,M,4971194.0,442650.0,08
201700006977,17,2,9,1330,1,2,1,1.0,6.0,08105,M,4976120.0,471904.0,08
201700006978,17,2,10,1810,1,2,3,1.0,3.0,08105,M,,,08
201700006979,17,3,12,1850,1,2,2,1.0,3.0,08105,M,4974880.0,472477.0,08
201700006980,17,3,13,1215,1,2,3,1.0,3.0,08105,M,4974524.0,471434.0,08
201700006981,17,3,14,900,1,2,1,1.0,3.0,08480,M,4973496.0,475079.0,08
201700006982,17,3,14,1650,1,2,3,1.0,1.0,08105,M,4976490.0,469432.0,08
201700006983,17,3,30,1230,1,2,1,1.0,6.0,08346,M,4975525.0,469972.0,08
201700006984,17,4,9,315,5,2,1,1.0,6.0,08105,M,4974470.0,472060.0,08
201700006985,17,4,9,1425,1,1,1,1.0,6.0,08497,M,4977632.0,468024.0,08
201700006986,17,4,24,545,5,2,1,1.0,3.0,08105,M,4976277.0,469856.0,08
201700006987,17,4,29,1000,1,2,3,1.0,3.0,08105,M,4977211.0,471557.0,08
201700006988,17,6,1,1450,1,2,3,1.0,6.0,08105,M,4975198.0,473173.0,08
201700006989,17,5,12,1400,1,2,1,1.0,6.0,08105,M,4976959.0,472413.0,08
201700006990,17,5,16,905,1,2,3,1.0,3.0,08105,M,4977216.0,473629.0,08
201700006991,17,5,18,1050,1,2,1,1.0,6.0,08105,M,4977073.0,471989.0,08
201700006992,17,5,30,1732,1,2,1,1.0,6.0,08497,M,4978438.0,468243.0,08
201700006993,17,6,4,1810,1,2,1,1.0,7.0,08105,M,4978890.0,471408.0,08
201700006994,17,6,2,2110,2,2,1,1.0,3.0,08497,M,4977794.0,469579.0,08
201700006995,17,6,24,2235,5,2,1,1.0,6.0,08105,M,4978280.0,471301.0,08
201700006996,17,6,26,755,1,2,1,1.0,6.0,08105,M,4976720.0,471784.0,08
201700006997,17,6,28,2315,3,1,1,1.0,7.0,08105,M,4974050.0,470875.0,08
201700006998,17,7,2,615,2,2,1,1.0,7.0,08105,M,4979450.0,471333.0,08
201700006999,17,7,19,1850,1,1,9,1.0,3.0,08497,M,4977091.0,465872.0,08
201700007000,17,7,21,1115,1,2,1,1.0,6.0,08105,M,4976933.0,471948.0,08
201700007001,17,8,8,2210,5,2,1,1.0,7.0,08105,M,4974344.0,472580.0,08
201700007002,17,8,11,1630,1,2,3,1.0,2.0,08105,M,4977001.0,471210.0,08
201700007003,17,9,23,1710,1,2,1,1.0,2.0,08105,M,4976726.0,469427.0,08
201700007004,17,9,24,1835,1,2,1,1.0,2.0,08105,M,4975318.0,472254.0,08
201700007005,17,10,1,1521,1,2,3,1.0,3.0,08105,M,4977244.0,472579.0,08
201700007006,17,10,24,2210,5,2,1,1.0,7.0,08105,M,4978353.0,471602.0,08
201700007007,17,11,4,1825,5,1,1,2.0,2.0,08480,M,4973448.0,473775.0,08
201700007008,17,11,7,745,2,2,3,1.0,6.0,08105,M,4974578.0,472010.0,08
201700007009,17,11,10,650,2,2,3,1.0,3.0,08346,M,4975355.0,469735.0,08
201700007010,17,11,14,1240,1,2,3,1.0,3.0,08105,M,4974580.0,473542.0,08
201700007011,17,10,30,1755,2,1,1,1.0,6.0,24220,M,4504069.0,85694.0,24
201700007012,17,7,7,1230,1,1,1,1.0,5.0,24077,M,4494162.0,56774.0,24
201700007013,17,1,29,950,1,1,1,1.0,6.0,14032,M,4929990.0,25890.0,14
201700007014,17,2,21,1515,1,1,1,8.0,2.0,14682,M,4929690.0,21383.0,14
201700007015,17,2,28,310,3,1,1,1.0,5.0,14119,M,4916820.0,-25140.0,14
201700007016,17,3,7,2352,3,1,1,2.0,2.0,14593,M,4926650.0,16654.0,14
201700007017,17,3,22,845,1,1,1,1.0,6.0,14203,M,4923070.0,-7025.0,14
201700007018,17,4,13,1320,1,1,1,1.0,7.0,14712,M,4918770.0,-19243.0,14
201700007019,17,4,21,840,1,1,1,7.0,6.0,14036,M,4916820.0,-23777.0,14
201700007020,17,4,21,1000,1,1,1,1.0,5.0,14119,M,4916820.0,-25579.0,14
201700007021,17,5,10,810,1,1,1,1.0,2.0,14712,M,4919192.0,-18799.0,14
201700007022,17,6,15,400,3,1,1,1.0,2.0,14055,M,4925956.0,11091.0,14
201700007023,17,6,30,1300,1,1,1,1.0,6.0,14032,M,4929996.0,26588.0,14
201700007024,17,7,5,1410,1,1,1,7.0,2.0,14055,M,4926171.0,12548.0,14
201700007025,17,7,19,1730,1,1,1,1.0,6.0,14185,M,4930729.0,16964.0,14
201700007026,17,7,20,900,1,1,1,2.0,6.0,14563,M,4932971.0,27109.0,14
201700007027,17,7,30,1200,1,1,1,1.0,2.0,14528,M,4932577.0,29233.0,14
201700007028,17,8,23,300,3,1,1,1.0,6.0,14712,M,4919018.0,-18973.0,14
201700007029,17,11,5,935,1,1,1,4.0,5.0,14055,M,4925516.0,8117.0,14
201700007030,17,11,25,1220,1,1,1,4.0,5.0,14593,M,4926644.0,16655.0,14
201700007031,17,12,8,745,3,1,9,4.0,6.0,14016,M,4924775.0,5649.0,14
201700007032,17,12,8,1100,1,1,1,4.0,1.0,14016,M,4924249.0,-2371.0,14
201700007033,17,11,29,955,1,1,1,4.0,6.0,14308,M,4922234.0,-10779.0,14
201700007034,17,12,27,1340,1,1,9,6.0,2.0,14301,M,4916723.0,-28009.0,14
201700007035,17,5,15,1630,1,1,1,1.0,1.0,13011,M,4373840.0,482786.0,13
201700007036,17,6,6,615,1,1,1,1.0,7.0,13065,M,,,13
201700007037,17,7,3,1749,1,2,2,7.0,1.0,13058,M,4372167.0,480230.0,13
201700007038,17,7,31,1045,1,2,1,1.0,6.0,13058,M,4372089.0,480520.0,13
201700007039,17,10,17,830,1,1,3,5.0,3.0,13058,M,4370975.0,480011.0,13
201700007040,17,11,7,1725,2,1,1,1.0,6.0,13065,M,4367783.0,489137.0,13
201700007041,17,11,28,1735,2,1,1,1.0,5.0,13058,M,4369620.0,484207.0,13
201700007042,17,9,30,1605,1,2,1,1.0,6.0,44074,M,4719998.0,-167691.0,44
201700007043,17,8,4,1300,1,1,9,1.0,2.0,72300,M,4802631.0,34964.0,72
201700007044,17,10,12,1740,1,1,1,1.0,5.0,72090,M,4804103.0,45620.0,72
201700007045,17,10,19,1500,1,1,1,1.0,7.0,72240,M,4776545.0,65786.0,72
201700007046,17,6,19,1704,1,1,1,1.0,3.0,27679,M,4873930.0,90340.0,27
201700007047,17,9,14,1201,1,2,1,1.0,6.0,27679,M,4873510.0,92090.0,27