Num_Acc,an,mois,jour,hrmn,lum,agg,int,atm,col,com,gps,lat,long,dep
201700007048,17,10,4,1117,1,1,2,1.0,3.0,27350,M,4881610.0,129500.0,27
201700007049,17,1,6,1310,1,1,1,1.0,6.0,69043,M,4569585.0,475214.0,69
201700007050,17,2,18,1135,1,1,9,1.0,3.0,69268,M,4566378.0,477955.0,69
201700007051,17,2,21,1210,1,2,6,1.0,4.0,69043,M,4569989.0,476002.0,69
201700007052,17,4,14,1520,1,1,1,1.0,3.0,69043,M,4570469.0,476779.0,69
201700007053,17,4,17,1020,1,1,1,1.0,1.0,69027,M,4567068.0,474509.0,69
201700007054,17,5,2,840,1,2,1,2.0,6.0,69027,M,4567472.0,476025.0,69
201700007055,17,6,15,1805,1,2,1,2.0,1.0,69027,M,4567516.0,476086.0,69
201700007056,17,6,22,2245,3,2,9,1.0,3.0,69027,M,4566879.0,475947.0,69
201700007057,17,6,13,650,2,2,1,1.0,3.0,69043,M,4569522.0,476479.0,69
201700007058,17,7,25,1235,1,1,1,2.0,6.0,69268,M,4566176.0,476375.0,69
201700007059,17,7,27,1200,1,1,1,1.0,3.0,69268,M,4565017.0,475127.0,69
201700007060,17,11,29,2140,5,2,1,2.0,3.0,69027,M,4567652.0,476163.0,69
201700007061,17,2,7,1215,1,1,1,2.0,3.0,69136,M,4564403.0,474444.0,69
201700007062,17,2,7,1355,1,1,6,1.0,3.0,69072,M,4581439.0,474667.0,69
201700007063,17,2,17,2000,3,1,1,1.0,4.0,69072,M,4581439.0,474667.0,69
201700007064,17,4,4,1843,1,1,1,1.0,1.0,69072,M,4582619.0,473848.0,69
201700007065,17,5,17,1000,1,1,1,1.0,7.0,69112,M,4579471.0,468927.0,69
201700007066,17,5,22,550,2,2,1,1.0,6.0,69116,M,4583108.0,477111.0,69
201700007067,17,7,17,935,1,2,1,1.0,2.0,69003,M,4586613.0,483435.0,69
201700007068,17,9,22,2020,4,1,3,1.0,3.0,69171,M,4581397.0,460191.0,69
201700007069,17,10,24,1025,1,2,1,1.0,3.0,69244,M,4575070.0,476075.0,69
201700007070,17,5,4,600,2,1,1,8.0,1.0,69245,M,4594314.0,453963.0,69
201700007071,17,11,28,1510,1,1,1,2.0,7.0,69167,M,4600611.0,458336.0,69
201700007072,17,7,17,1200,1,1,1,1.0,6.0,86061,M,4613675.0,44530.0,86
201700007073,17,3,8,1141,1,2,1,1.0,2.0,86140,M,4640348.0,71847.0,86
201700007074,17,3,31,426,3,1,1,1.0,3.0,86114,M,4656872.0,55195.0,86
201700007075,17,4,6,1015,1,2,1,1.0,4.0,86140,M,4640202.0,72515.0,86
201700007076,17,5,15,1540,1,1,1,1.0,7.0,86190,M,4633112.0,72707.0,86
201700007077,17,8,11,417,4,2,2,1.0,3.0,86187,M,4657522.0,78879.0,86
201700007078,17,9,9,18,3,1,6,3.0,7.0,86120,M,4627611.0,85848.0,86
201700007079,17,10,13,950,1,1,1,1.0,7.0,86001,M,4626472.0,78991.0,86
201700007080,17,1,3,307,3,1,1,1.0,6.0,34135,M,4326835.0,317800.0,34
201700007081,17,1,4,630,3,1,1,1.0,5.0,34113,M,4349513.0,372098.0,34
201700007082,17,1,9,1700,1,1,1,1.0,2.0,34032,M,4332922.0,327747.0,34
201700007083,17,1,22,1420,1,1,1,3.0,6.0,34129,M,4358581.0,389386.0,34
201700007084,17,1,13,130,3,1,1,1.0,6.0,34113,M,4349513.0,372098.0,34
201700007085,17,2,4,900,1,1,1,1.0,2.0,34203,M,4341083.0,350785.0,34
201700007086,17,2,6,1430,1,1,1,6.0,7.0,34101,M,4338555.0,346394.0,34
201700007087,17,2,12,130,3,1,1,1.0,6.0,34270,M,4356552.0,383691.0,34
201700007088,17,2,21,220,3,1,1,1.0,2.0,34143,M,4346074.0,361889.0,34
201700007089,17,3,3,20,3,2,1,1.0,2.0,34095,M,4353265.0,377753.0,34
201700007090,17,3,11,830,1,1,1,1.0,3.0,34213,M,4347967.0,366842.0,34
201700007091,17,3,30,1714,1,1,1,1.0,6.0,34135,M,4326835.0,317800.0,34
201700007092,17,5,20,1840,1,1,1,1.0,2.0,34157,M,4344515.0,357514.0,34
201700007093,17,5,25,850,1,1,1,1.0,6.0,34301,M,4346339.0,362673.0,34
201700007094,17,5,29,1045,1,1,1,1.0,2.0,34095,M,4353265.0,377753.0,34
201700007095,17,6,5,515,3,1,1,1.0,6.0,34270,M,4356552.0,383691.0,34
201700007096,17,6,10,1440,1,1,1,1.0,6.0,34095,M,4354341.0,379097.0,34
201700007097,17,6,13,1730,1,1,1,1.0,7.0,34157,M,4342704.0,355747.0,34
201700007098,17,6,18,1745,1,1,1,1.0,6.0,34157,M,4343630.0,356611.0,34
201700007099,17,6,26,157,3,1,1,1.0,6.0,34270,M,4356552.0,383691.0,34
201700007100,17,7,1,330,3,1,1,1.0,4.0,34113,M,4349513.0,372098.0,34
201700007101,17,7,2,1843,1,1,1,1.0,7.0,34032,M,4330640.0,323968.0,34
201700007102,17,7,15,1105,1,1,1,1.0,2.0,34095,M,4353265.0,377753.0,34
201700007103,17,8,10,2315,3,1,1,2.0,2.0,34157,M,4343630.0,356611.0,34
201700007104,17,9,19,825,3,1,1,1.0,2.0,34032,M,4330640.0,323968.0,34
201700007105,17,9,27,730,1,1,1,1.0,4.0,34135,M,4326835.0,317800.0,34
201700007106,17,10,6,230,3,1,1,1.0,6.0,34143,M,4346074.0,361889.0,34
201700007107,17,10,13,1740,1,1,9,1.0,6.0,34032,M,4330640.0,323968.0,34
201700007108,17,10,30,700,2,1,9,1.0,6.0,34101,M,4337732.0,343769.0,34
201700007109,17,11,17,230,3,1,1,1.0,7.0,34336,M,4330640.0,323968.0,34
201700007110,17,12,1,1730,5,1,1,1.0,6.0,34172,M,4358668.0,389433.0,34
201700007111,17,1,19,235,3,1,1,1.0,7.0,33552,M,4463186.0,-41256.0,33
201700007112,17,3,2,2305,3,1,9,1.0,6.0,33337,M,4456401.0,-30086.0,33
201700007113,17,4,2,1210,1,1,1,1.0,3.0,33474,M,4466611.0,-46519.0,33
201700007114,17,4,22,1625,1,1,1,1.0,7.0,33205,M,4462476.0,-39817.0,33
201700007115,17,7,4,532,2,1,1,1.0,2.0,33508,M,4453206.0,-9565.0,33
201700007116,17,7,24,750,1,1,1,1.0,7.0,33508,M,4453456.0,-11954.0,33
201700007117,17,8,4,2115,2,1,1,7.0,2.0,33343,M,4458159.0,-33809.0,33
201700007118,17,2,18,1355,1,1,2,1.0,3.0,31036,M,4353337.0,156865.0,31
201700007119,17,5,29,1650,1,1,1,1.0,5.0,31192,M,4350032.0,161997.0,31
201700007120,17,8,31,1925,1,1,1,1.0,2.0,31192,M,4349631.0,160983.0,31
201700007121,17,9,27,1015,1,2,2,1.0,6.0,31169,M,4351814.0,154625.0,31
201700007122,17,11,24,835,2,2,1,2.0,2.0,31506,M,4355725.0,152844.0,31
201700007123,17,12,1,1335,1,2,1,1.0,1.0,31254,M,4353609.0,151453.0,31
201700007124,17,12,25,610,3,1,1,5.0,7.0,31284,M,4355999.0,155205.0,31
201700007125,17,1,19,1045,1,1,1,1.0,6.0,26140,M,,,26
201700007126,17,7,4,2000,1,1,1,1.0,1.0,26271,M,,,26
201700007127,17,9,20,1025,1,1,2,1.0,1.0,26088,M,,,26
201700007128,17,11,21,1335,1,1,3,1.0,2.0,26038,M,,,26
201700007129,17,12,22,730,3,1,1,8.0,1.0,26088,M,,,26
201700007130,17,12,22,1820,3,1,1,8.0,5.0,26341,M,,,26
201700007131,17,12,26,1535,1,1,1,1.0,5.0,26320,M,,,26
201700007132,17,4,19,720,1,1,1,1.0,5.0,63193,M,4577849.0,318576.0,63
201700007133,17,5,16,2351,3,1,1,1.0,5.0,63193,M,4577849.0,318576.0,63
201700007134,17,6,26,1906,2,1,9,3.0,4.0,63021,M,4563158.0,319223.0,63
201700007135,17,10,14,345,3,1,9,1.0,6.0,63126,M,4569168.0,314915.0,63
201700007136,17,10,26,1820,1,1,1,1.0,4.0,63455,M,4565698.0,316032.0,63
201700007137,17,11,11,540,3,1,9,1.0,5.0,63302,M,4571283.0,315131.0,63
201700007138,17,1,26,845,1,1,9,1.0,5.0,64102,M,4349242.0,-146586.0,64
201700007139,17,2,8,1810,1,1,1,1.0,5.0,64102,M,4351083.0,-144325.0,64
201700007140,17,2,9,1930,3,1,1,1.0,6.0,64024,M,4346099.0,-149971.0,64
201700007141,17,4,11,639,2,1,1,1.0,6.0,64102,M,4347004.0,-147001.0,64
201700007142,17,4,30,410,3,1,9,1.0,6.0,64147,M,4345262.0,-133779.0,64
201700007143,17,5,27,2000,1,1,1,1.0,2.0,64024,M,4346144.0,-150889.0,64
201700007144,17,6,23,1715,1,1,1,1.0,7.0,64102,M,4348970.0,-144972.0,64
201700007145,17,9,21,1645,1,1,1,1.0,7.0,64024,M,4346130.0,-149464.0,64
201700007146,17,11,28,853,1,1,1,1.0,2.0,64147,M,4344965.0,-132551.0,64
201700007147,17,2,25,2145,3,1,1,1.0,6.0,08174,M,4972834.0,492486.0,08
201700007148,17,3,23,1120,1,2,1,1.0,7.0,08043,M,,,08
201700007149,17,1,19,1150,1,2,1,1.0,6.0,08409,M,,,08
201700007150,17,5,3,1215,1,2,2,3.0,6.0,08409,M,4969792.0,494558.0,08
201700007151,17,7,11,950,1,2,1,1.0,3.0,08409,M,4970000.0,495000.0,08
201700007152,17,7,17,1700,1,2,3,1.0,2.0,08174,M,4972249.0,492893.0,08
201700007153,17,10,10,1005,1,2,2,1.0,6.0,08409,M,4969990.0,494820.0,08
201700007154,17,11,4,28,3,1,1,1.0,6.0,08409,M,4941170.0,456240.0,08
201700007155,17,11,18,1145,1,2,1,1.0,6.0,08409,M,4970357.0,493176.0,08
201700007156,17,10,11,1700,1,1,1,1.0,7.0,08174,M,4972691.0,494108.0,08
201700007157,17,12,23,1810,5,2,1,2.0,6.0,08409,M,4969901.0,492644.0,08
201700007158,17,6,21,1141,1,1,1,1.0,1.0,02089,M,4936640.0,337308.0,02
201700007159,17,1,26,1600,1,1,1,1.0,6.0,51115,M,4920527.0,401553.0,51
201700007160,17,2,14,1555,1,1,1,1.0,2.0,51102,M,4936946.0,394893.0,51
201700007161,17,6,26,1010,1,1,1,1.0,7.0,51044,M,4917363.0,416789.0,51
201700007162,17,7,25,2130,2,1,9,1.0,6.0,51183,M,4932127.0,398445.0,51
201700007163,17,8,11,1220,1,1,9,1.0,2.0,51362,M,4927931.0,396961.0,51
201700007164,17,8,15,2020,1,1,1,2.0,7.0,51418,M,4924726.0,395064.0,51
201700007165,17,9,9,1015,1,1,1,1.0,7.0,51418,M,4924457.0,396203.0,51
201700007166,17,10,27,1815,2,1,1,1.0,4.0,51437,M,4921842.0,380893.0,51
201700007167,17,10,31,357,3,1,1,5.0,2.0,51454,M,4923953.0,403406.0,51
201700007168,17,11,30,1358,1,1,9,1.0,6.0,51569,M,4924953.0,395586.0,51
201700007169,17,2,7,1220,1,1,1,1.0,6.0,91105,M,4857219.0,214177.0,91
201700007170,17,8,14,1830,1,2,1,1.0,3.0,91105,M,4856939.0,215505.0,91
201700007171,17,11,26,730,2,1,1,2.0,2.0,91085,M,4854842.0,221700.0,91
201700007172,17,12,20,1420,1,1,1,1.0,2.0,91085,M,4854695.0,221571.0,91
201700007173,17,1,3,1359,1,1,1,5.0,7.0,01056,M,4601451.0,547234.0,01
201700007174,17,8,28,720,1,1,1,1.0,1.0,01390,M,4579270.0,524540.0,01
201700007175,17,5,31,1642,1,2,1,1.0,3.0,07129,M,4498241.0,459062.0,07
201700007176,17,9,20,1040,1,1,1,1.0,7.0,07007,M,4493920.0,475553.0,07
201700007177,17,2,7,800,1,2,3,2.0,3.0,38486,M,4515674.0,569562.0,38
201700007178,17,3,10,1730,1,2,2,1.0,7.0,38485,M,4518466.0,569451.0,38
201700007179,17,3,21,1204,1,2,1,1.0,7.0,38486,M,4516553.0,569180.0,38
201700007180,17,4,1,1700,1,1,1,3.0,6.0,38433,M,,,38
201700007181,17,9,18,1800,1,2,1,1.0,3.0,38485,M,4518089.0,569669.0,38
201700007182,17,9,28,1250,1,2,1,1.0,2.0,38486,M,4516153.0,567312.0,38
201700007183,17,1,1,145,3,1,1,1.0,7.0,38177,M,4505945.0,604966.0,38
201700007184,17,1,2,1915,3,1,1,9.0,1.0,38212,M,4511423.0,595779.0,38
201700007185,17,1,16,1015,1,2,1,9.0,6.0,38052,M,4507193.0,603922.0,38
201700007186,17,2,16,45,5,2,1,1.0,6.0,38191,M,4509295.0,606606.0,38
201700007187,17,3,10,1655,1,1,1,1.0,6.0,38212,M,4508754.0,590137.0,38
201700007188,17,3,14,1650,1,1,1,1.0,1.0,38212,M,4511399.0,595834.0,38
201700007189,17,3,19,1930,2,1,1,1.0,3.0,38478,M,4505295.0,583837.0,38
201700007190,17,4,23,1815,1,1,1,1.0,6.0,38177,M,4506555.0,604048.0,38
201700007191,17,5,27,1330,1,1,1,1.0,7.0,38112,M,4508697.0,614905.0,38
201700007192,17,5,27,1515,1,1,1,1.0,7.0,38285,M,4503844.0,597685.0,38
201700007193,17,5,28,1210,1,1,1,1.0,6.0,38375,M,4496285.0,616634.0,38
201700007194,17,6,9,1730,1,2,1,1.0,6.0,38285,M,4505141.0,598778.0,38
201700007195,17,7,17,1550,1,1,1,1.0,3.0,38005,M,4515898.0,604295.0,38
201700007196,17,7,30,1020,1,2,1,1.0,7.0,38173,M,4504651.0,612743.0,38
201700007197,17,8,10,1630,1,1,1,1.0,6.0,38285,M,4503131.0,597493.0,38
201700007198,17,8,12,1500,1,1,1,1.0,3.0,38375,M,4496290.0,616434.0,38
201700007199,17,8,13,1310,1,1,1,1.0,6.0,38005,M,4511852.0,601656.0,38
201700007200,17,8,18,1633,1,1,1,1.0,7.0,38177,M,4507014.0,604602.0,38
201700007201,17,8,26,1615,1,1,1,1.0,7.0,38550,M,4510055.0,603536.0,38
201700007202,17,9,23,1430,1,1,1,1.0,3.0,38173,M,4504295.0,612428.0,38
201700007203,17,8,26,2115,3,1,1,1.0,7.0,38052,M,4506814.0,603924.0,38
201700007204,17,9,30,1009,1,1,1,1.0,6.0,38285,M,4505833.0,599426.0,38
201700007205,17,10,3,1030,1,1,1,2.0,6.0,38173,M,4507798.0,612252.0,38
201700007206,17,12,13,1040,1,2,1,1.0,6.0,38052,M,4505706.0,602938.0,38
201700007207,17,12,26,1600,1,1,1,8.0,1.0,38052,M,4506380.0,603194.0,38
201700007208,17,12,27,1537,2,1,1,4.0,6.0,38191,M,4508355.0,606168.0,38
201700007209,17,6,27,1410,1,1,1,1.0,2.0,51588,M,4906570.0,472796.0,51
201700007210,17,10,1,1530,1,1,1,1.0,7.0,51027,M,4905604.0,468778.0,51
201700007211,17,2,1,730,1,1,1,5.0,4.0,57303,M,4920115.0,618246.0,57
201700007212,17,3,2,1945,3,1,1,1.0,5.0,57155,M,4913869.0,639852.0,57
201700007213,17,4,25,2050,2,1,1,1.0,6.0,57204,M,4915718.0,625324.0,57
201700007214,17,4,27,813,1,1,9,1.0,4.0,57694,M,4914935.0,624982.0,57
201700007215,17,4,30,1310,1,1,9,1.0,3.0,57227,M,4917280.0,688180.0,57
201700007216,17,5,29,820,1,1,1,1.0,3.0,57645,M,4920430.0,614143.0,57
201700007217,17,7,1,1320,1,1,1,2.0,7.0,57482,M,4912699.0,628589.0,57
201700007218,17,7,14,623,2,1,1,2.0,7.0,57289,M,,,57
201700007219,17,8,24,1905,1,1,1,1.0,6.0,57693,M,4912435.0,623793.0,57
201700007220,17,10,2,1100,1,1,1,2.0,5.0,57695,M,4913455.0,649993.0,57
201700007221,17,10,5,1435,1,1,1,2.0,3.0,57762,M,4913540.0,658826.0,57
201700007222,17,12,5,1700,3,1,1,1.0,6.0,57289,M,4904284.0,705500.0,57
201700007223,17,12,7,1710,3,1,1,1.0,1.0,57692,M,4887416.0,653440.0,57
201700007224,17,1,11,1400,1,1,1,2.0,2.0,86027,M,4659524.0,31122.0,86
201700007225,17,2,21,2350,3,1,1,1.0,3.0,86115,M,4669438.0,36802.0,86
201700007226,17,3,3,1025,1,1,1,1.0,6.0,86019,M,4674336.0,43649.0,86
201700007227,17,3,10,930,1,1,1,1.0,2.0,86297,M,4655966.0,28596.0,86
201700007228,17,4,7,1645,1,1,1,1.0,3.0,86194,M,4661136.0,33001.0,86
201700007229,17,6,25,940,1,1,1,1.0,6.0,86194,M,4661136.0,33001.0,86
201700007230,17,7,17,1720,1,2,1,1.0,7.0,86022,M,4706292.0,-7478.0,86
201700007231,17,7,27,1035,1,1,1,2.0,6.0,86019,M,,,86
201700007232,17,9,4,1130,1,1,1,1.0,5.0,86007,M,4685802.0,52496.0,86
201700007233,17,10,9,1750,1,1,2,7.0,3.0,86128,M,4680751.0,30369.0,86
201700007234,17,10,28,1510,1,1,1,1.0,2.0,86115,M,4669438.0,36802.0,86
201700007235,17,4,28,1200,1,1,1,1.0,6.0,17243,M,4524775.0,-26681.0,17
201700007236,17,7,27,1705,1,1,1,2.0,5.0,17240,M,4527683.0,-37740.0,17
201700007237,17,9,19,1345,1,1,1,1.0,2.0,17038,M,4521524.0,-29217.0,17
201700007238,17,12,6,1125,1,1,1,5.0,2.0,17104,M,4531292.0,-23199.0,17
201700007239,17,2,24,811,1,1,2,1.0,3.0,79156,M,4677452.0,-21904.0,79
201700007240,17,10,25,1500,1,1,9,1.0,3.0,36230,M,,,36
201700007241,17,10,27,2000,3,1,1,1.0,6.0,36026,M,4693933.0,175005.0,36
201700007242,17,1,2,1038,1,1,1,8.0,1.0,37151,M,4744501.0,61864.0,37
201700007243,17,9,25,1145,1,1,1,8.0,2.0,37018,M,4733338.0,61134.0,37
201700007244,17,10,30,1415,1,1,1,1.0,7.0,37021,M,4756880.0,67230.0,37
201700007245,17,1,11,854,1,1,1,8.0,5.0,37049,M,4717325.0,97513.0,37
201700007246,17,5,31,1111,1,2,1,1.0,3.0,37266,M,4729945.0,71605.0,37
201700007247,17,11,22,1555,1,1,1,1.0,1.0,37085,M,4724866.0,88626.0,37
201700007248,17,12,4,935,1,1,6,5.0,5.0,37234,M,4717181.0,102841.0,37
201700007249,17,4,11,1035,1,1,1,1.0,6.0,37242,M,4721405.0,9440.0,37
201700007250,17,5,13,550,2,1,1,1.0,1.0,37210,M,4719234.0,30031.0,37
201700007251,17,6,28,1525,1,2,1,1.0,1.0,37123,M,4735016.0,36752.0,37
201700007252,17,2,15,1733,1,1,2,1.0,3.0,49222,M,4734590.0,-57167.0,49
201700007253,17,2,15,1642,1,1,1,1.0,1.0,49078,M,4732906.0,-42022.0,49
201700007254,17,5,21,400,3,1,1,1.0,2.0,49321,M,4742484.0,-94079.0,49
201700007255,17,6,24,1040,1,1,1,1.0,7.0,49129,M,4750355.0,-50111.0,49
201700007256,17,6,29,1745,1,1,1,1.0,6.0,49278,M,4743925.0,-57558.0,49
201700007257,17,9,29,1640,1,1,9,2.0,3.0,49106,M,4747387.0,-33481.0,49
201700007258,17,10,20,1050,1,1,2,1.0,3.0,49035,M,4744511.0,-61959.0,49
201700007259,17,12,27,1130,1,1,1,4.0,7.0,49223,M,4739375.0,-53853.0,49
201700007260,17,2,17,245,5,1,6,1.0,6.0,31458,M,4349134.0,134287.0,31
201700007261,17,8,20,415,3,1,1,1.0,7.0,31435,M,4342285.0,118467.0,31
201700007262,17,1,7,1740,3,1,1,9.0,6.0,02280,M,,,02
201700007263,17,5,30,615,2,1,1,1.0,7.0,02465,M,4903976.0,323596.0,02
201700007264,17,10,24,645,3,1,1,2.0,2.0,02809,M,4916022.0,372659.0,02
201700007265,17,11,25,1320,1,1,1,4.0,6.0,02280,M,4910486.0,345100.0,02
201700007266,17,1,12,810,1,1,1,9.0,6.0,09035,M,4294613.0,104402.0,09
201700007267,17,1,31,1655,1,1,1,1.0,6.0,09111,M,4294480.0,104059.0,09
201700007268,17,2,13,200,3,1,1,1.0,6.0,09035,M,4296360.0,102556.0,09
201700007269,17,1,25,920,1,1,1,1.0,2.0,06150,M,4374316.0,734112.0,06
201700007270,17,2,28,145,5,1,1,1.0,2.0,06012,M,4375012.0,742278.0,06
201700007271,17,3,3,840,1,1,1,1.0,2.0,06083,M,4379730.0,748302.0,06
201700007272,17,3,17,1330,1,1,1,1.0,7.0,06149,M,4374120.0,732991.0,06
201700007273,17,3,22,1800,1,1,1,1.0,4.0,06088,M,4372940.0,723527.0,06
201700007274,17,4,11,800,1,1,9,1.0,2.0,06059,M,4374636.0,737862.0,06
201700007275,17,4,22,905,1,1,1,1.0,2.0,06104,M,4375876.0,743703.0,06
201700007276,17,5,9,1040,1,1,1,1.0,7.0,06088,M,4370760.0,719159.0,06
201700007277,17,4,30,1330,1,1,1,1.0,7.0,06088,M,4366692.0,719342.0,06
201700007278,17,5,27,1930,1,1,1,1.0,3.0,06149,M,4374379.0,735220.0,06
201700007279,17,5,31,625,2,1,1,1.0,7.0,06088,M,4367117.0,720320.0,06
201700007280,17,6,4,1130,1,1,1,1.0,2.0,06059,M,4374483.0,737181.0,06
201700007281,17,6,22,5,3,1,1,1.0,5.0,06149,M,4374141.0,733164.0,06
201700007282,17,6,23,1945,1,1,1,1.0,7.0,06088,M,4371603.0,725144.0,06
201700007283,17,7,7,1710,1,1,1,1.0,7.0,06088,M,4371202.0,721305.0,06
201700007284,17,7,20,1858,1,1,9,1.0,6.0,06088,M,4366898.0,720113.0,06
201700007285,17,8,2,700,1,1,1,1.0,2.0,06150,M,4375332.0,739294.0,06
201700007286,17,8,2,1750,1,1,1,1.0,6.0,06088,M,4367075.0,720219.0,06
201700007287,17,8,2,2230,5,1,1,1.0,7.0,06088,M,4373185.0,727400.0,06
201700007288,17,9,20,1730,1,1,1,1.0,2.0,06088,M,4373211.0,727885.0,06
201700007289,17,10,21,2300,5,1,1,1.0,7.0,06059,M,4374503.0,737288.0,06
201700007290,17,11,1,2100,3,2,1,1.0,2.0,06088,M,4371202.0,721305.0,06
201700007291,17,11,4,620,2,1,1,1.0,6.0,06150,M,4374407.0,737810.0,06
201700007292,17,11,8,1000,1,1,1,3.0,6.0,06012,M,4375583.0,742243.0,06
201700007293,17,11,14,2345,5,1,1,1.0,7.0,06150,M,4374696.0,739743.0,06
201700007294,17,11,16,825,1,1,1,1.0,2.0,06088,M,4371202.0,721305.0,06
201700007295,17,11,29,2340,5,1,1,1.0,6.0,06088,M,4370011.0,718828.0,06
201700007296,17,12,20,2230,3,1,1,1.0,3.0,06149,M,4374141.0,733164.0,06
201700007297,17,2,17,800,1,1,9,8.0,2.0,57540,M,4877601.0,725873.0,57
201700007298,17,9,3,535,3,1,1,5.0,5.0,57320,M,4868752.0,695795.0,57
201700007299,17,10,5,1945,3,1,1,2.0,3.0,57320,M,,,57
201700007300,17,10,30,1524,1,1,9,1.0,2.0,67136,M,4886746.0,712085.0,67
201700007301,17,12,21,1750,3,1,1,3.0,5.0,57377,M,4867865.0,695131.0,57
201700007302,17,5,17,810,1,1,1,1.0,5.0,68059,M,4772742.0,717321.0,68
201700007303,17,7,23,1630,1,1,1,1.0,1.0,90059,M,4766678.0,695791.0,90
201700007304,17,9,27,2330,3,1,1,1.0,2.0,68129,M,4773200.0,719700.0,68
201700007305,17,10,2,5,3,1,1,1.0,6.0,68218,M,4774442.0,726312.0,68
201700007306,17,10,24,905,1,1,1,2.0,1.0,90076,M,4763709.0,688194.0,90
201700007307,17,12,1,1225,1,1,1,1.0,4.0,90011,M,4758147.0,685679.0,90
201700007308,17,12,19,2210,3,1,3,2.0,3.0,90012,M,4764725.0,691713.0,90
201700007309,17,3,18,2045,3,1,1,2.0,6.0,67506,M,4867235.0,773613.0,67
201700007310,17,6,8,950,1,1,1,1.0,1.0,67067,M,4871723.0,769702.0,67
201700007311,17,12,6,2035,3,1,1,2.0,2.0,67067,M,4871333.0,769953.0,67
201700007312,17,6,6,1725,1,1,1,6.0,4.0,62848,M,,,62
201700007313,17,6,29,715,1,1,1,1.0,4.0,62032,M,,,62
201700007314,17,10,29,1520,1,1,1,1.0,6.0,62801,M,,,62
201700007315,17,11,2,650,3,1,1,1.0,5.0,62810,M,,,62
201700007316,17,11,3,1730,3,1,1,1.0,2.0,62609,M,,,62
201700007317,17,1,24,940,1,1,1,7.0,1.0,56151,M,4806238.0,-285953.0,56
201700007318,17,12,1,750,2,1,1,4.0,7.0,56141,M,4785043.0,-286646.0,56
201700007319,17,12,18,1230,1,2,6,7.0,2.0,61310,M,4870693.0,22326.0,61
201700007320,17,4,7,1804,1,1,1,1.0,3.0,44103,M,4733260.0,-216095.0,44
201700007321,17,7,19,1045,1,1,1,2.0,1.0,44151,M,4731456.0,-232072.0,44
201700007322,17,3,2,743,1,1,1,1.0,1.0,49305,M,4766725.0,-75404.0,49
201700007323,17,11,30,1328,1,1,1,1.0,1.0,49043,M,4759030.0,-80658.0,49
201700007324,17,11,6,1445,1,1,1,1.0,1.0,53085,M,4836436.0,-29678.0,53
201700007325,17,11,21,1700,2,1,1,1.0,3.0,53013,M,4835975.0,-21335.0,53
201700007326,17,5,27,607,2,1,1,1.0,2.0,62423,M,5068978.0,224984.0,62
201700007327,17,10,7,1345,1,1,1,2.0,2.0,62674,M,,,62
201700007328,17,12,29,630,3,1,1,1.0,7.0,62621,M,,,62
201700007329,17,8,10,755,1,2,1,2.0,1.0,76235,M,4988886.0,125753.0,76
201700007330,17,11,25,1115,1,1,1,4.0,7.0,76197,M,4978771.0,107640.0,76
201700007331,17,2,14,1610,1,1,3,1.0,2.0,27617,M,4931038.0,151934.0,27
201700007332,17,4,12,814,1,1,2,1.0,3.0,40046,M,4441029.0,-107448.0,40
201700007333,17,8,19,1200,1,1,1,1.0,1.0,40287,M,4450320.0,-105990.0,40
201700007334,17,10,5,945,1,1,1,1.0,1.0,40227,M,4433362.0,-77693.0,40
201700007335,17,5,5,1125,1,1,1,1.0,2.0,17093,M,4588641.0,-122947.0,17
201700007336,17,9,25,1840,1,1,2,1.0,3.0,17429,M,4591923.0,-101960.0,17
201700007337,17,10,26,1651,1,1,4,1.0,3.0,17351,M,4581677.0,-108036.0,17
201700007338,17,2,17,1350,1,2,1,1.0,1.0,09221,M,4282260.0,162012.0,09
201700007339,17,4,12,910,1,2,1,1.0,6.0,09157,M,4297200.0,186356.0,09
201700007340,17,9,1,1600,1,2,1,1.0,3.0,09261,M,4297926.0,112705.0,09
201700007341,17,1,24,835,1,1,1,8.0,5.0,91534,M,4872687.0,215957.0,91
201700007342,17,4,26,1740,1,1,1,2.0,5.0,77252,M,4863240.0,269352.0,77
201700007343,17,6,2,713,2,2,1,1.0,1.0,77174,M,4846831.0,325304.0,77
201700007344,17,7,13,1039,1,1,1,1.0,3.0,77066,M,4869098.0,334282.0,77
201700007345,17,4,24,945,1,1,1,1.0,6.0,18245,M,4660390.0,250938.0,18
201700007346,17,5,17,1300,1,1,1,1.0,6.0,18221,M,4682488.0,242452.0,18
201700007347,17,6,24,1000,1,1,1,1.0,6.0,18267,M,4702146.0,238072.0,18
201700007348,17,7,10,600,2,1,1,2.0,2.0,18267,M,4702146.0,238072.0,18
201700007349,17,9,7,1100,1,1,1,1.0,2.0,18063,M,4688544.0,241976.0,18
201700007350,17,10,8,1750,1,1,1,1.0,6.0,18063,M,4688331.0,241931.0,18
201700007351,17,12,8,740,2,1,1,2.0,2.0,18063,M,4686388.0,242790.0,18
201700007352,17,2,1,1418,1,1,1,8.0,3.0,07189,M,4450803.0,421333.0,07
201700007353,17,10,6,725,2,1,1,1.0,3.0,07280,M,4431990.0,415214.0,07
201700007354,17,12,5,1035,1,1,1,1.0,7.0,07031,M,4436592.0,420023.0,07