Num_Acc,an,mois,jour,hrmn,lum,agg,int,atm,col,com,gps,lat,long,dep
201700007355,17,5,26,605,2,1,2,1.0,3.0,42274,M,4591130.0,398854.0,42
201700007356,17,9,6,1657,1,1,1,1.0,4.0,42231,M,4610879.0,396431.0,42
201700007357,17,1,24,1300,1,1,1,1.0,1.0,39510,M,4635716.0,590208.0,39
201700007358,17,6,30,1730,1,1,1,1.0,5.0,13007,M,4336663.0,561491.0,13
201700007359,17,3,31,515,2,1,1,1.0,7.0,06163,M,4412814.0,756394.0,06
201700007360,17,3,16,800,1,2,1,1.0,3.0,84003,M,4387623.0,538927.0,84
201700007361,17,11,23,843,1,1,1,1.0,7.0,84060,M,4398454.0,547301.0,84
201700007362,17,1,12,1800,3,1,1,3.0,6.0,38503,M,4531337.0,593587.0,38
201700007363,17,7,6,819,1,1,1,1.0,4.0,38062,M,4539644.0,599091.0,38
201700007364,17,9,22,2140,3,1,1,1.0,4.0,38229,M,4521161.0,578690.0,38
201700007365,17,9,30,2025,3,1,1,2.0,4.0,38397,M,4523226.0,583234.0,38
201700007366,17,10,14,430,3,1,1,1.0,6.0,38229,M,4521161.0,578690.0,38
201700007367,17,2,18,240,3,1,1,1.0,1.0,13086,M,,,13
201700007368,17,3,13,1920,3,1,1,1.0,4.0,13001,M,4352049.0,541755.0,13
201700007369,17,3,21,1617,1,1,9,1.0,5.0,13109,M,,,13
201700007370,17,6,1,1720,1,1,1,1.0,3.0,13025,M,,,13
201700007371,17,6,29,1445,1,1,1,1.0,3.0,13013,M,,,13
201700007372,17,7,5,1030,1,1,1,1.0,5.0,13086,M,,,13
201700007373,17,7,17,1240,1,1,1,1.0,2.0,13013,M,,,13
201700007374,17,7,28,1110,1,1,1,7.0,2.0,13001,M,,,13
201700007375,17,10,12,1505,1,1,9,1.0,6.0,13073,M,4339845.0,557752.0,13
201700007376,17,10,14,900,1,1,1,1.0,2.0,13007,M,,,13
201700007377,17,10,17,1140,1,1,1,7.0,3.0,13086,M,,,13
201700007378,17,10,23,1945,3,1,1,1.0,3.0,13001,M,,,13
201700007379,17,10,30,1505,3,1,1,1.0,2.0,13001,M,,,13
201700007380,17,11,13,745,1,1,1,1.0,5.0,13086,M,,,13
201700007381,17,11,24,2200,3,1,1,1.0,5.0,13086,M,,,13
201700007382,17,12,2,1000,1,1,1,4.0,4.0,13007,M,,,13
201700007383,17,12,1,730,2,1,1,4.0,3.0,13060,M,,,13
201700007384,17,12,4,2015,3,1,9,1.0,5.0,13025,M,,,13
201700007385,17,12,26,945,1,1,9,9.0,6.0,13060,M,,,13
201700007386,17,1,27,705,3,1,1,1.0,3.0,83001,M,4354324.0,681673.0,83
201700007387,17,2,10,900,1,1,1,1.0,7.0,06027,M,4364793.0,713893.0,06
201700007388,17,3,17,1650,1,1,1,1.0,4.0,06029,M,4355754.0,695490.0,06
201700007389,17,3,23,921,1,1,1,3.0,2.0,06027,M,4366039.0,715291.0,06
201700007390,17,3,31,1320,1,1,1,1.0,6.0,83061,M,4349097.0,674149.0,83
201700007391,17,4,7,1415,1,1,1,1.0,7.0,06027,M,4365935.0,714830.0,06
201700007392,17,4,10,930,1,1,1,1.0,3.0,06004,M,4360763.0,709526.0,06
201700007393,17,4,17,500,3,1,1,1.0,7.0,06004,M,4361325.0,711200.0,06
201700007394,17,4,19,1730,1,1,9,1.0,2.0,83061,M,4349097.0,674149.0,83
201700007395,17,5,16,2210,2,1,1,1.0,3.0,83001,M,4354324.0,681673.0,83
201700007396,17,5,18,810,1,1,1,1.0,4.0,06161,M,4362650.0,711639.0,06
201700007397,17,5,20,2100,2,1,1,1.0,2.0,06029,M,4355897.0,696377.0,06
201700007398,17,5,31,1510,1,1,1,1.0,7.0,06079,M,4354374.0,694079.0,06
201700007399,17,6,21,1430,1,1,1,1.0,4.0,06004,M,4360384.0,708700.0,06
201700007400,17,7,1,1202,1,1,1,1.0,2.0,06004,M,4360744.0,709489.0,06
201700007401,17,7,1,1540,1,1,1,1.0,3.0,83133,M,4353646.0,686183.0,83
201700007402,17,6,29,1540,1,1,1,1.0,7.0,06123,M,4370554.0,717464.0,06
201700007403,17,7,6,325,3,1,1,1.0,2.0,06085,M,4359818.0,700444.0,06
201700007404,17,7,11,1900,1,1,1,1.0,4.0,06085,M,4358609.0,700682.0,06
201700007405,17,7,16,1030,1,1,1,1.0,2.0,06027,M,4366036.0,715986.0,06
201700007406,17,7,18,235,3,1,1,1.0,7.0,06161,M,4363580.0,712739.0,06
201700007407,17,7,28,551,2,1,1,1.0,7.0,06085,M,4358610.0,700307.0,06
201700007408,17,7,28,1030,1,1,1,1.0,2.0,06030,M,4358151.0,701564.0,06
201700007409,17,8,31,30,3,1,1,1.0,3.0,06085,M,4358388.0,701220.0,06
201700007410,17,9,5,1723,1,1,1,1.0,7.0,06027,M,4366036.0,715986.0,06
201700007411,17,9,7,833,1,1,1,1.0,4.0,06085,M,4358388.0,701220.0,06
201700007412,17,9,17,2220,3,1,1,1.0,6.0,06123,M,4366612.0,718838.0,06
201700007413,17,9,20,745,1,1,9,1.0,3.0,06079,M,4355784.0,695080.0,06
201700007414,17,10,10,1845,3,1,1,1.0,4.0,06123,M,4370554.0,717464.0,06
201700007415,17,10,13,500,5,1,1,1.0,2.0,06161,M,4363580.0,712739.0,06
201700007416,17,11,15,1845,3,1,1,1.0,2.0,06123,M,4366612.0,718838.0,06
201700007417,17,11,25,1400,1,1,1,1.0,6.0,06079,M,4355754.0,695511.0,06
201700007418,17,12,14,1115,1,1,1,1.0,5.0,83001,M,4354324.0,681673.0,83
201700007419,17,12,20,1040,1,1,1,8.0,6.0,83061,M,4349097.0,674149.0,83
201700007420,17,12,28,1225,1,1,1,1.0,7.0,06085,M,4358569.0,700374.0,06
201700007421,17,8,19,1430,1,1,9,1.0,2.0,64520,M,4332190.0,-26354.0,64
201700007422,17,9,9,830,1,1,1,2.0,6.0,64430,M,4346966.0,-74970.0,64
201700007423,17,10,9,1500,1,1,1,1.0,1.0,64430,M,4347798.0,-73994.0,64
201700007424,17,10,20,2030,3,1,1,1.0,5.0,64146,M,4343890.0,-40108.0,64
201700007425,17,11,19,644,3,1,1,5.0,6.0,64560,M,4346177.0,-37601.0,64
201700007426,17,1,19,750,2,1,1,1.0,1.0,66012,M,4269998.0,283577.0,66
201700007427,17,6,30,725,1,1,1,1.0,3.0,66136,M,,,66
201700007428,17,8,28,340,3,1,1,1.0,6.0,66012,M,,,66
201700007429,17,7,5,2245,3,2,1,1.0,7.0,29141,M,4831955.0,-385587.0,29
201700007430,17,12,31,1940,3,1,1,1.0,2.0,63430,M,,,63
201700007431,17,1,11,740,3,1,1,2.0,2.0,63265,M,4584979.0,342744.0,63
201700007432,17,2,22,2020,3,1,1,1.0,2.0,63430,M,4586759.0,353549.0,63
201700007433,17,7,17,1105,1,1,1,1.0,5.0,63213,M,4582809.0,323850.0,63
201700007434,17,11,14,1830,3,1,1,1.0,5.0,63200,M,4582773.0,321544.0,63
201700007435,17,2,9,730,2,2,1,1.0,6.0,74169,M,4605476.0,653446.0,74
201700007436,17,2,27,1425,1,2,1,1.0,6.0,74081,M,4606848.0,657219.0,74
201700007437,17,3,15,1725,1,2,1,1.0,6.0,74081,M,4607431.0,656599.0,74
201700007438,17,3,15,1630,1,1,1,1.0,3.0,74169,M,4605556.0,651817.0,74
201700007439,17,4,2,310,3,1,1,1.0,6.0,74169,M,4605559.0,652982.0,74
201700007440,17,4,29,720,1,2,3,1.0,3.0,74081,M,4607831.0,656012.0,74
201700007441,17,5,27,1305,1,2,1,1.0,6.0,74081,M,4607047.0,657112.0,74
201700007442,17,5,30,800,1,1,1,1.0,6.0,74169,M,4606486.0,652633.0,74
201700007443,17,6,17,955,1,2,1,1.0,6.0,74081,M,4606754.0,656735.0,74
201700007444,17,6,23,1730,1,1,1,7.0,3.0,74169,M,4606486.0,652633.0,74
201700007445,17,7,2,25,3,1,9,1.0,6.0,74169,M,4605248.0,653101.0,74
201700007446,17,7,9,1550,1,2,1,1.0,3.0,74264,M,4605652.0,656801.0,74
201700007447,17,7,18,1930,1,2,1,1.0,6.0,74081,M,4606331.0,657931.0,74
201700007448,17,7,27,1715,1,2,3,1.0,3.0,74081,M,4606792.0,657913.0,74
201700007449,17,8,4,2330,4,2,1,1.0,6.0,74169,M,4607289.0,653243.0,74
201700007450,17,8,29,2235,3,1,1,1.0,7.0,74196,M,4603307.0,657592.0,74
201700007451,17,9,4,930,1,2,6,1.0,3.0,74081,M,4606915.0,656771.0,74
201700007452,17,9,5,1250,1,2,3,1.0,1.0,74169,M,4605248.0,653101.0,74
201700007453,17,9,8,1856,2,1,1,1.0,7.0,74169,M,4605556.0,651817.0,74
201700007454,17,9,9,2125,5,2,2,8.0,6.0,74081,M,4606565.0,656261.0,74
201700007455,17,10,2,750,1,2,1,8.0,6.0,74264,M,4605748.0,654910.0,74
201700007456,17,10,28,1155,1,2,3,1.0,3.0,74169,M,4606267.0,652769.0,74
201700007457,17,10,29,1915,5,2,1,1.0,6.0,74264,M,4605682.0,654464.0,74
201700007458,17,11,1,1230,1,2,1,1.0,6.0,74081,M,4607451.0,655414.0,74
201700007459,17,12,1,1845,5,2,1,1.0,4.0,74081,M,4605531.0,658126.0,74
201700007460,17,11,24,1715,2,2,1,1.0,3.0,74264,M,4606674.0,654283.0,74
201700007461,17,12,13,800,1,2,1,1.0,6.0,74081,M,4606747.0,656003.0,74
201700007462,17,12,19,1915,3,1,1,1.0,6.0,74264,M,4606232.0,654773.0,74
201700007463,17,12,26,1500,1,1,1,1.0,1.0,74081,M,4605387.0,658288.0,74
201700007464,17,5,29,800,1,1,1,1.0,1.0,24520,M,4488288.0,120392.0,24
201700007465,17,2,15,1010,1,1,1,1.0,2.0,72093,M,4813337.0,69115.0,72
201700007466,17,3,31,1045,1,1,1,1.0,7.0,72300,M,4805453.0,36164.0,72
201700007467,17,4,7,1435,1,1,1,7.0,7.0,72300,M,4805453.0,36164.0,72
201700007468,17,5,15,415,3,1,1,1.0,2.0,72080,M,4813907.0,65254.0,72
201700007469,17,5,18,1455,1,1,1,3.0,1.0,72132,M,4816476.0,62503.0,72
201700007470,17,5,24,1520,1,1,1,1.0,5.0,72105,M,4816430.0,72928.0,72
201700007471,17,6,12,1415,1,1,1,1.0,6.0,72031,M,4808820.0,50577.0,72
201700007472,17,7,5,205,3,1,1,1.0,4.0,72093,M,4814856.0,68844.0,72
201700007473,17,10,10,100,3,1,1,1.0,2.0,72105,M,4816033.0,73534.0,72
201700007474,17,12,6,400,3,1,1,1.0,2.0,72241,M,4806272.0,39643.0,72
201700007475,17,4,18,1945,1,1,1,7.0,2.0,89379,M,4750540.0,408850.0,89
201700007476,17,5,22,1210,1,1,1,1.0,7.0,89208,M,4763511.0,390657.0,89
201700007477,17,5,24,1812,1,1,1,1.0,7.0,89341,M,4770983.0,378857.0,89
201700007478,17,6,15,1,3,1,1,1.0,2.0,89277,M,4765927.0,388659.0,89
201700007479,17,6,15,1810,1,1,1,1.0,7.0,89341,M,4770705.0,379428.0,89
201700007480,17,7,8,1000,1,1,9,1.0,6.0,89379,M,4749820.0,411369.0,89
201700007481,17,8,13,2215,3,1,1,1.0,2.0,89235,M,4750618.0,401171.0,89
201700007482,17,10,10,1030,1,1,1,1.0,2.0,89415,M,4758751.0,391967.0,89
201700007483,17,11,13,1900,3,1,1,2.0,2.0,89341,M,4770426.0,380065.0,89
201700007484,17,12,9,235,3,1,1,1.0,7.0,89333,M,4750449.0,404790.0,89
201700007485,17,3,11,423,5,2,3,1.0,1.0,85298,M,4660634.0,-176155.0,85
201700007486,17,4,5,1525,1,2,4,1.0,2.0,85234,M,4679568.0,-206086.0,85
201700007487,17,6,12,745,1,1,1,1.0,1.0,85015,M,4682146.0,-154205.0,85
201700007488,17,8,28,1232,1,1,1,1.0,4.0,85003,M,4671861.0,-167524.0,85
201700007489,17,9,13,1450,1,1,3,1.0,3.0,85070,M,4670491.0,-172511.0,85
201700007490,17,10,17,902,1,1,1,1.0,6.0,85260,M,4680908.0,-166829.0,85
201700007491,17,10,17,1741,1,1,1,1.0,6.0,85204,M,4680929.0,-174282.0,85
201700007492,17,11,9,1710,1,1,3,1.0,5.0,85100,M,4669303.0,-188767.0,85
201700007493,17,12,1,1630,1,2,4,1.0,3.0,85222,M,4668685.0,-190914.0,85
201700007494,17,12,15,1821,3,1,1,1.0,5.0,85226,M,4675092.0,-194860.0,85
201700007495,17,2,24,1700,1,2,1,1.0,7.0,09122,M,4296130.0,160915.0,09
201700007496,17,6,7,1606,1,1,1,1.0,1.0,09122,M,4295632.0,162399.0,09
201700007497,17,6,26,1130,1,2,3,2.0,3.0,09122,M,4295298.0,162651.0,09
201700007498,17,6,11,924,1,2,1,1.0,6.0,09122,M,4296203.0,161331.0,09
201700007499,17,8,5,1915,1,1,1,1.0,5.0,09122,M,4296051.0,158478.0,09
201700007500,17,8,27,1930,1,2,1,3.0,6.0,09122,M,4297265.0,160792.0,09
201700007501,17,9,28,847,1,2,1,7.0,6.0,09122,M,4296400.0,160200.0,09
201700007502,17,10,30,1630,1,2,4,2.0,4.0,09122,M,4297490.0,160806.0,09
201700007503,17,11,27,1300,1,2,1,1.0,3.0,09122,M,4295154.0,162438.0,09
201700007504,17,3,26,634,5,1,1,9.0,1.0,38253,M,4502714.0,607783.0,38
201700007505,17,8,21,1240,1,1,1,1.0,1.0,38253,M,4502462.0,613582.0,38
201700007506,17,1,22,620,5,2,1,1.0,6.0,09225,M,4312544.0,162096.0,09
201700007507,17,2,3,1230,1,1,1,2.0,6.0,09225,M,4312491.0,162882.0,09
201700007508,17,3,19,750,1,2,1,1.0,6.0,09225,M,4312316.0,161757.0,09
201700007509,17,4,13,1010,1,2,1,1.0,6.0,09225,M,4311562.0,161517.0,09
201700007510,17,5,14,140,5,2,1,1.0,6.0,09225,M,4312313.0,162084.0,09
201700007511,17,6,8,845,1,2,1,1.0,1.0,09225,M,4313762.0,160650.0,09
201700007512,17,7,18,1300,1,2,1,1.0,6.0,09225,M,4311553.0,161421.0,09
201700007513,17,8,25,1025,1,2,1,1.0,6.0,09225,M,4311646.0,161036.0,09
201700007514,17,9,22,1650,1,1,1,1.0,6.0,09225,M,4309772.0,163328.0,09
201700007515,17,10,6,1115,1,1,1,1.0,6.0,09225,M,4314186.0,163241.0,09
201700007516,17,11,30,1940,5,2,4,1.0,3.0,09225,M,4310567.0,162382.0,09
201700007517,17,1,31,1715,1,2,6,1.0,3.0,31254,M,4353866.0,151553.0,31
201700007518,17,2,16,1602,1,1,1,1.0,2.0,31374,M,4343078.0,162717.0,31
201700007519,17,4,4,950,1,1,1,1.0,6.0,31026,M,4352540.0,179183.0,31
201700007520,17,4,18,1928,1,1,1,1.0,5.0,31254,M,4352926.0,152150.0,31
201700007521,17,5,15,1550,1,1,3,1.0,5.0,31033,M,4337984.0,144494.0,31
201700007522,17,6,14,2255,3,1,1,1.0,3.0,31254,M,4352301.0,152582.0,31
201700007523,17,6,17,330,3,1,1,1.0,2.0,31037,M,4336430.0,177260.0,31
201700007524,17,6,23,1215,1,1,1,8.0,3.0,09225,M,4315449.0,161596.0,09
201700007525,17,6,27,1840,1,1,1,3.0,4.0,31210,M,4340399.0,167989.0,31
201700007526,17,7,15,100,5,1,1,1.0,2.0,31381,M,4346131.0,158298.0,31
201700007527,17,7,16,1530,1,1,1,1.0,6.0,11225,M,4332250.0,186291.0,11
201700007528,17,8,12,840,1,1,1,1.0,4.0,11225,M,4332424.0,185843.0,11
201700007529,17,11,22,1425,1,1,1,1.0,6.0,31576,M,4341314.0,165229.0,31
201700007530,17,1,13,1550,1,1,1,1.0,2.0,33029,M,4468150.0,-78953.0,33
201700007531,17,4,13,1420,1,1,1,1.0,4.0,33122,M,4470695.0,-75222.0,33
201700007532,17,4,20,1430,1,1,1,1.0,4.0,33498,M,4457498.0,-83423.0,33
201700007533,17,5,9,940,1,1,1,1.0,2.0,33498,M,4453046.0,-83714.0,33
201700007534,17,5,17,1250,1,1,1,1.0,2.0,33498,M,4457037.0,-83330.0,33
201700007535,17,5,24,1521,1,1,1,1.0,3.0,33498,M,4458262.0,-83744.0,33
201700007536,17,5,27,1805,1,1,1,1.0,4.0,33284,M,4462316.0,-87197.0,33
201700007537,17,6,7,1925,1,1,1,1.0,7.0,33527,M,4461171.0,-101949.0,33
201700007538,17,8,13,230,3,1,1,1.0,5.0,33284,M,4464811.0,-83691.0,33
201700007539,17,8,21,945,1,1,9,1.0,2.0,33527,M,4461424.0,-105042.0,33
201700007540,17,10,3,1300,1,1,1,1.0,5.0,33122,M,4471768.0,-74113.0,33
201700007541,17,10,12,850,1,1,1,5.0,2.0,33527,M,4461357.0,-99632.0,33
201700007542,17,10,27,1700,1,1,1,1.0,3.0,33284,M,4462904.0,-90265.0,33
201700007543,17,10,28,409,3,1,1,5.0,2.0,33284,M,4460616.0,-84935.0,33
201700007544,17,11,11,1120,1,1,1,2.0,2.0,33284,M,4466570.0,-81780.0,33
201700007545,17,11,18,600,3,1,1,1.0,6.0,33199,M,4461497.0,-109604.0,33
201700007546,17,11,27,1300,1,1,1,1.0,2.0,33284,M,4466796.0,-81304.0,33
201700007547,17,7,1,2300,3,1,1,2.0,6.0,74143,M,4594527.0,678467.0,74
201700007548,17,7,28,1800,1,1,1,1.0,1.0,74056,M,4593130.0,692387.0,74
201700007549,17,8,8,1600,1,1,1,2.0,2.0,74208,M,4592852.0,673539.0,74
201700007550,17,8,25,1500,1,1,1,1.0,6.0,74056,M,4593130.0,692387.0,74
201700007551,17,8,31,900,1,1,1,2.0,6.0,74208,M,4594327.0,669796.0,74
201700007552,17,1,29,230,5,2,7,2.0,7.0,35085,M,4841074.0,-174876.0,35
201700007553,17,1,11,1010,1,1,1,1.0,4.0,69225,M,4588442.0,442372.0,69
201700007554,17,2,15,1300,1,1,1,1.0,7.0,69173,M,4588524.0,455463.0,69
201700007555,17,3,8,625,2,1,1,8.0,5.0,69050,M,4587284.0,463630.0,69
201700007556,17,3,19,1830,1,1,1,1.0,6.0,69225,M,4588896.0,441085.0,69
201700007557,17,3,27,1250,1,1,1,1.0,6.0,69086,M,4583944.0,465238.0,69
201700007558,17,5,20,1540,1,1,1,1.0,6.0,69200,M,4587230.0,448107.0,69
201700007559,17,5,29,1150,1,1,1,1.0,1.0,69112,M,4582338.0,468706.0,69
201700007560,17,7,24,900,1,1,1,2.0,6.0,69086,M,4585021.0,467086.0,69
201700007561,17,10,7,1600,1,1,1,1.0,6.0,69234,M,4585845.0,452915.0,69
201700007562,17,12,15,1832,3,1,1,1.0,2.0,69086,M,4583944.0,465238.0,69
201700007563,17,2,25,1225,1,1,1,7.0,6.0,72278,M,4801280.0,-29917.0,72
201700007564,17,5,28,1115,1,1,1,1.0,6.0,72278,M,4800977.0,-29227.0,72
201700007565,17,6,12,915,1,1,1,1.0,6.0,72177,M,4793109.0,-5643.0,72
201700007566,17,6,18,1220,1,1,1,1.0,6.0,72249,M,4805937.0,3128.0,72
201700007567,17,7,14,1500,1,1,1,1.0,2.0,72045,M,4800962.0,-2750.0,72
201700007568,17,10,25,1015,1,1,1,1.0,2.0,72061,M,4775240.0,-23759.0,72
201700007569,17,1,10,820,1,1,1,4.0,7.0,68297,M,4759149.0,754514.0,68
201700007570,17,1,26,2035,3,1,1,1.0,7.0,68300,M,4778621.0,741693.0,68
201700007571,17,2,13,1820,3,1,1,1.0,5.0,68154,M,4777568.0,738875.0,68
201700007572,17,2,28,2250,3,1,1,1.0,6.0,68278,M,4773204.0,742119.0,68
201700007573,17,3,13,1203,1,1,1,1.0,2.0,68297,M,4760204.0,753455.0,68
201700007574,17,3,23,830,1,1,1,1.0,2.0,68301,M,4768651.0,745261.0,68
201700007575,17,4,15,350,3,1,4,1.0,6.0,68297,M,4758962.0,754700.0,68
201700007576,17,4,27,540,1,1,1,2.0,3.0,68297,M,4758430.0,755092.0,68
201700007577,17,5,8,200,5,1,1,3.0,4.0,68042,M,4760434.0,753115.0,68
201700007578,17,5,21,530,2,1,1,1.0,6.0,68297,M,4760736.0,752672.0,68
201700007579,17,6,14,1705,1,1,1,1.0,4.0,68297,M,4760428.0,749530.0,68
201700007580,17,6,16,1630,1,1,1,1.0,2.0,68021,M,4763267.0,750274.0,68
201700007581,17,7,13,1620,1,1,1,1.0,2.0,68253,M,4778797.0,749275.0,68
201700007582,17,7,13,2235,3,1,1,1.0,6.0,68118,M,4772658.0,743404.0,68
201700007583,17,8,16,1214,1,1,4,1.0,2.0,68042,M,4759007.0,752459.0,68
201700007584,17,9,7,1250,1,1,1,1.0,2.0,68253,M,4778086.0,749271.0,68
201700007585,17,10,10,1400,1,1,1,1.0,6.0,68253,M,4778673.0,746517.0,68
201700007586,17,10,19,150,3,1,1,1.0,2.0,68301,M,4769339.0,744586.0,68
201700007587,17,11,9,2140,3,1,1,1.0,6.0,68042,M,4761772.0,751493.0,68
201700007588,17,12,25,1850,3,1,4,1.0,6.0,68021,M,4763764.0,750087.0,68
201700007589,17,1,16,544,3,1,1,2.0,2.0,53140,M,4810759.0,-74368.0,53
201700007590,17,1,16,1920,3,1,3,1.0,3.0,53168,M,4796769.0,-78905.0,53
201700007591,17,1,19,1240,1,1,9,1.0,7.0,53007,M,4807525.0,-61102.0,53
201700007592,17,1,24,1613,1,1,1,1.0,2.0,53105,M,4813836.0,-57539.0,53
201700007593,17,2,23,1235,1,2,6,8.0,7.0,53097,M,4814522.0,-39177.0,53
201700007594,17,6,19,518,2,1,1,1.0,5.0,53007,M,4809234.0,-68389.0,53
201700007595,17,6,26,410,3,1,1,1.0,2.0,53054,M,4810832.0,-74766.0,53
201700007596,17,11,2,1300,1,1,1,1.0,6.0,53007,M,4808811.0,-67547.0,53
201700007597,17,11,27,1315,1,1,1,1.0,6.0,53267,M,4805249.0,-46870.0,53
201700007598,17,12,11,1910,3,1,9,1.0,2.0,53007,M,4807509.0,-60708.0,53
201700007599,17,3,23,1725,1,1,2,3.0,5.0,44093,M,4749304.0,-113652.0,44
201700007600,17,4,3,1805,1,1,1,1.0,4.0,44026,M,4728666.0,-150719.0,44
201700007601,17,4,27,1630,1,1,1,8.0,4.0,44048,M,4737159.0,-127866.0,44
201700007602,17,5,29,1645,1,1,1,1.0,6.0,44003,M,4740016.0,-119527.0,44
201700007603,17,6,11,245,3,1,1,1.0,1.0,44035,M,4727490.0,-154812.0,44
201700007604,17,7,20,1215,1,2,3,1.0,7.0,44003,M,4739478.0,-118945.0,44
201700007605,17,9,17,800,1,1,1,3.0,6.0,44035,M,4727561.0,-154607.0,44
201700007606,17,11,14,1100,1,1,1,9.0,6.0,44035,M,4727549.0,-154334.0,44
201700007607,17,12,21,825,2,2,1,9.0,6.0,44213,M,4740620.0,-102038.0,44
201700007608,17,3,19,1930,3,1,1,1.0,4.0,82049,M,4407066.0,81682.0,82
201700007609,17,5,6,820,1,1,1,2.0,5.0,47201,M,4416210.0,60544.0,47
201700007610,17,8,6,1600,1,1,1,1.0,6.0,47097,M,4422180.0,36743.0,47
201700007611,17,9,9,1110,1,1,1,8.0,6.0,82050,M,4409207.0,78833.0,82
201700007612,17,10,2,640,3,1,1,2.0,2.0,82008,M,4405836.0,91845.0,82
201700007613,17,12,12,1250,1,1,1,1.0,2.0,47041,M,4421370.0,39875.0,47
201700007614,17,1,3,1005,1,1,1,5.0,7.0,82043,M,4386635.0,109072.0,82
201700007615,17,1,18,1610,1,1,1,1.0,5.0,82033,M,4405532.0,112358.0,82
201700007616,17,1,30,1000,1,1,1,8.0,6.0,82025,M,4395236.0,132575.0,82
201700007617,17,3,4,730,1,1,1,2.0,6.0,82171,M,4401198.0,120773.0,82
201700007618,17,4,7,615,2,1,1,1.0,5.0,82027,M,4388668.0,131713.0,82
201700007619,17,6,15,1530,1,1,1,1.0,6.0,82031,M,4404148.0,104922.0,82
201700007620,17,6,15,1100,1,1,1,1.0,6.0,82123,M,4391344.0,128667.0,82
201700007621,17,6,21,1714,1,1,1,1.0,6.0,82149,M,4412114.0,147603.0,82
201700007622,17,9,17,920,1,1,1,2.0,6.0,82025,M,4393726.0,132094.0,82
201700007623,17,1,10,444,3,1,1,4.0,1.0,39323,M,4716409.0,549468.0,39
201700007624,17,3,23,2210,3,1,1,1.0,6.0,39198,M,4710012.0,546489.0,39
201700007625,17,6,6,1230,1,1,1,6.0,6.0,39285,M,4716593.0,563563.0,39
201700007626,17,8,14,700,1,1,1,1.0,6.0,39014,M,4713741.0,551898.0,39
201700007627,17,8,29,512,3,1,4,1.0,3.0,39448,M,4700852.0,549578.0,39
201700007628,17,1,13,1745,5,2,3,1.0,3.0,06085,M,4360253.0,700602.0,06
201700007629,17,2,3,908,1,2,6,8.0,3.0,06085,M,4358555.0,700610.0,06
201700007630,17,2,12,710,2,2,2,1.0,3.0,06085,M,4358021.0,700571.0,06
201700007631,17,2,17,1450,1,2,2,1.0,3.0,06085,M,4358291.0,700954.0,06
201700007632,17,3,10,215,5,2,3,1.0,6.0,06085,M,4358371.0,700939.0,06
201700007633,17,3,21,1920,5,1,1,1.0,4.0,06085,M,4360521.0,699017.0,06
201700007634,17,3,26,2050,3,1,1,1.0,6.0,06085,M,4358783.0,703435.0,06
201700007635,17,4,4,850,1,2,1,1.0,3.0,06085,M,4360160.0,703568.0,06
201700007636,17,4,4,1620,1,2,3,1.0,3.0,06085,M,4360551.0,699292.0,06
201700007637,17,4,4,1845,1,2,1,1.0,2.0,06085,M,4360888.0,698245.0,06
201700007638,17,4,15,15,4,2,3,1.0,6.0,06085,M,4360590.0,699503.0,06
201700007639,17,4,17,730,1,1,1,1.0,2.0,06085,M,4360488.0,699399.0,06
201700007640,17,5,16,900,1,2,1,1.0,2.0,06085,M,4357995.0,699913.0,06
201700007641,17,5,29,1315,1,2,4,1.0,3.0,06085,M,4361047.0,701438.0,06
201700007642,17,5,31,320,5,2,1,1.0,5.0,06085,M,4357622.0,699082.0,06
201700007643,17,5,31,720,1,2,1,1.0,6.0,06085,M,4358767.0,699862.0,06
201700007644,17,6,13,500,2,2,1,1.0,6.0,06085,M,4360850.0,696454.0,06
201700007645,17,6,20,806,1,2,1,1.0,3.0,06085,M,4360583.0,697418.0,06
201700007646,17,7,14,630,2,2,1,1.0,6.0,06085,M,4357480.0,697934.0,06
201700007647,17,7,31,1850,1,2,6,1.0,7.0,06085,M,4361098.0,697825.0,06
201700007648,17,9,20,1710,1,2,2,1.0,3.0,06085,M,4358387.0,700901.0,06
201700007649,17,12,6,545,3,1,1,1.0,6.0,06085,M,4358764.0,700351.0,06
201700007650,17,6,24,2110,2,1,1,1.0,6.0,78466,M,4893234.0,196820.0,78
201700007651,17,1,4,710,2,1,1,1.0,6.0,33122,M,4476752.0,-72044.0,33
201700007652,17,2,7,1330,1,2,1,1.0,3.0,33122,M,4477606.0,-68782.0,33
201700007653,17,2,9,658,3,1,9,5.0,3.0,33122,M,4468598.0,-72024.0,33
201700007654,17,2,23,1015,1,1,4,1.0,3.0,33090,M,4475994.0,-67884.0,33
201700007655,17,3,11,1530,1,1,2,1.0,3.0,33090,M,4476557.0,-67247.0,33
201700007656,17,3,22,2230,3,1,1,2.0,6.0,33122,M,4469834.0,-70841.0,33
201700007657,17,4,23,1300,1,2,1,1.0,6.0,33122,M,4476565.0,-69282.0,33
201700007658,17,5,18,745,1,1,1,3.0,4.0,33122,M,4475912.0,-68711.0,33
201700007659,17,6,2,1650,1,1,3,1.0,3.0,33122,M,4476845.0,-71878.0,33
201700007660,17,7,23,1720,1,2,3,1.0,1.0,33090,M,4474812.0,-64025.0,33
201700007661,17,7,26,1310,1,1,2,2.0,3.0,33090,M,4475980.0,-67998.0,33