Num_Acc,an,mois,jour,hrmn,lum,agg,int,atm,col,com,gps,lat,long,dep
201700007662,17,7,29,2030,2,2,1,1.0,6.0,33122,M,4476229.0,-69502.0,33
201700007663,17,8,23,2215,3,2,1,1.0,7.0,33122,M,4473238.0,-67432.0,33
201700007664,17,9,1,1940,1,1,1,1.0,6.0,33122,M,4468792.0,-71829.0,33
201700007665,17,9,14,1255,1,2,4,1.0,7.0,33122,M,4475015.0,-67666.0,33
201700007666,17,10,12,1728,1,1,1,1.0,3.0,33090,M,4476323.0,-66985.0,33
201700007667,17,10,17,2220,3,1,3,1.0,3.0,33122,M,4471856.0,-73949.0,33
201700007668,17,10,24,930,1,1,3,1.0,2.0,33122,M,4473037.0,-75650.0,33
201700007669,17,11,8,1945,3,1,2,2.0,3.0,33090,M,4475983.0,-67993.0,33
201700007670,17,6,17,1640,1,2,6,1.0,2.0,66195,M,4268170.0,279550.0,66
201700007671,17,6,26,1400,1,1,1,1.0,1.0,66195,M,4267619.0,278527.0,66
201700007672,17,7,29,830,1,1,1,1.0,7.0,66195,M,,,66
201700007673,17,8,3,1920,1,1,1,1.0,7.0,66108,M,4269154.0,269838.0,66
201700007674,17,9,26,1900,1,1,3,1.0,3.0,66140,M,4270057.0,276317.0,66
201700007675,17,11,27,2110,3,1,3,1.0,3.0,66058,M,,,66
201700007676,17,12,5,1802,5,2,1,1.0,3.0,66213,M,4266328.0,281785.0,66
201700007677,17,12,4,700,2,2,3,1.0,6.0,66195,M,4268145.0,279133.0,66
201700007678,17,12,16,1010,1,1,1,6.0,1.0,66213,M,,,66
201700007679,17,5,15,715,1,1,1,1.0,2.0,67060,M,4842230.0,748720.0,67
201700007680,17,6,28,1110,1,1,1,1.0,7.0,67164,M,4843117.0,749495.0,67
201700007681,17,7,25,2340,3,1,1,1.0,2.0,67445,M,4829095.0,744275.0,67
201700007682,17,8,7,630,1,1,9,1.0,4.0,67329,M,4844942.0,751883.0,67
201700007683,17,9,14,845,1,1,1,2.0,3.0,67112,M,4852429.0,756992.0,67
201700007684,17,12,23,715,3,1,1,1.0,6.0,67411,M,4849882.0,746541.0,67
201700007685,17,1,2,1515,1,1,1,1.0,3.0,79290,M,4639964.0,-62388.0,79
201700007686,17,1,3,1800,4,1,1,1.0,2.0,79355,M,4631369.0,-35094.0,79
201700007687,17,1,19,931,1,1,1,1.0,2.0,79003,M,4628078.0,-39861.0,79
201700007688,17,4,3,2330,3,1,1,1.0,6.0,79284,M,4642363.0,-45810.0,79
201700007689,17,5,15,850,1,1,9,1.0,7.0,79048,M,4634699.0,-30671.0,79
201700007690,17,6,3,1100,1,1,1,1.0,7.0,79351,M,4642867.0,-52451.0,79
201700007691,17,7,2,245,3,1,1,1.0,6.0,79189,M,4640588.0,-15007.0,79
201700007692,17,8,11,1405,1,1,1,1.0,6.0,79031,M,4619362.0,-48610.0,79
201700007693,17,8,14,1450,1,1,1,1.0,3.0,79351,M,4642827.0,-50719.0,79
201700007694,17,9,3,100,3,1,1,1.0,2.0,79351,M,4642376.0,-54683.0,79
201700007695,17,11,22,2000,3,1,1,1.0,2.0,79256,M,4645105.0,-2201.0,79
201700007696,17,12,8,1649,1,1,1,8.0,3.0,79048,M,4637226.0,-28515.0,79
201700007697,17,3,24,1150,1,1,1,1.0,2.0,17050,M,4548638.0,-61647.0,17
201700007698,17,3,28,1755,1,1,1,1.0,2.0,33123,M,4508076.0,-46892.0,33
201700007699,17,3,31,400,3,1,1,1.0,2.0,33382,M,4510834.0,-48308.0,33
201700007700,17,6,6,2054,2,1,1,1.0,6.0,17236,M,4535017.0,-58070.0,17
201700007701,17,8,6,1445,1,1,1,1.0,2.0,33351,M,4521338.0,-50578.0,33
201700007702,17,9,28,920,1,1,1,1.0,2.0,17052,M,4531444.0,-55900.0,17
201700007703,17,11,5,1332,1,1,1,2.0,6.0,33321,M,4503232.0,-44079.0,33
201700007704,17,12,12,1943,3,1,1,1.0,6.0,35360,M,4809468.0,-118888.0,35
201700007705,17,1,9,745,2,1,1,8.0,1.0,74067,M,4587907.0,603214.0,74
201700007706,17,3,25,1615,1,1,1,8.0,1.0,74186,M,4586644.0,603315.0,74
201700007707,17,6,20,630,1,2,2,7.0,3.0,74268,M,4586646.0,607117.0,74
201700007708,17,8,7,2135,2,2,2,1.0,2.0,74268,M,4589252.0,611079.0,74
201700007709,17,11,2,1725,2,2,3,1.0,3.0,74268,M,4584123.0,605840.0,74
201700007710,17,4,9,1649,1,1,1,1.0,7.0,01099,M,4591356.0,524984.0,01
201700007711,17,4,13,1100,1,1,1,1.0,7.0,01007,M,4603646.0,531967.0,01
201700007712,17,6,4,315,3,1,1,9.0,6.0,01290,M,4586363.0,518253.0,01
201700007713,17,6,21,651,1,1,1,7.0,2.0,01090,M,4603414.0,521044.0,01
201700007714,17,6,26,400,5,1,9,1.0,7.0,01043,M,4581904.0,498911.0,01
201700007715,17,8,11,918,1,1,1,3.0,6.0,01032,M,4586417.0,514481.0,01
201700007716,17,9,29,1500,1,1,1,1.0,3.0,01290,M,4587464.0,519508.0,01
201700007717,17,10,1,2200,3,1,1,1.0,7.0,69280,M,4579868.0,507400.0,69
201700007718,17,12,19,1510,1,1,1,1.0,6.0,01047,M,4584389.0,525136.0,01
201700007719,17,4,18,1530,1,1,1,1.0,7.0,37229,M,4758688.0,101896.0,37
201700007720,17,4,21,1539,1,1,1,1.0,1.0,37273,M,4739210.0,77456.0,37
201700007721,17,4,28,1748,1,1,1,1.0,5.0,37153,M,4749213.0,77757.0,37
201700007722,17,5,18,625,1,1,1,1.0,1.0,37153,M,4748948.0,77441.0,37
201700007723,17,6,6,1440,1,1,1,1.0,3.0,37185,M,4743156.0,100990.0,37
201700007724,17,9,29,1145,1,1,1,1.0,1.0,37156,M,4737839.0,79341.0,37
201700007725,17,2,3,845,1,2,1,1.0,6.0,42279,M,4550472.0,426459.0,42
201700007726,17,3,1,1805,1,1,1,1.0,1.0,42042,M,4546067.0,422741.0,42
201700007727,17,4,3,700,2,2,6,1.0,3.0,42279,M,4551028.0,423849.0,42
201700007728,17,6,6,1545,1,2,1,1.0,6.0,42256,M,4549805.0,417009.0,42
201700007729,17,7,5,930,1,2,3,7.0,3.0,42279,M,4550186.0,425425.0,42
201700007730,17,7,15,1120,1,1,1,1.0,7.0,42042,M,4545281.0,423009.0,42
201700007731,17,8,6,1930,1,1,1,1.0,7.0,42256,M,4549475.0,416341.0,42
201700007732,17,8,6,745,1,2,1,1.0,6.0,42256,M,4549865.0,416831.0,42
201700007733,17,10,7,1415,1,2,9,1.0,3.0,42279,M,4549839.0,422363.0,42
201700007734,17,3,15,2030,3,1,1,1.0,7.0,91159,M,4852789.0,245796.0,91
201700007735,17,3,19,1730,1,1,1,1.0,6.0,91045,M,4850813.0,237562.0,91
201700007736,17,3,28,1415,1,1,1,1.0,6.0,91037,M,4852665.0,248706.0,91
201700007737,17,4,14,900,1,1,6,1.0,3.0,91244,M,4854455.0,240240.0,91
201700007738,17,4,17,1020,1,1,6,1.0,7.0,91649,M,4856131.0,235203.0,91
201700007739,17,4,22,2300,3,1,1,1.0,7.0,91441,M,4850969.0,248493.0,91
201700007740,17,7,17,655,1,1,1,1.0,3.0,91135,M,4852432.0,245845.0,91
201700007741,17,11,17,1655,2,1,1,8.0,3.0,91244,M,4854393.0,240124.0,91
201700007742,17,1,2,715,1,2,1,1.0,7.0,06152,M,4361754.0,703615.0,06
201700007743,17,1,5,830,1,2,1,8.0,7.0,06018,M,4362304.0,709848.0,06
201700007744,17,1,14,1130,1,1,6,1.0,3.0,06152,M,4360450.0,705146.0,06
201700007745,17,1,17,900,1,1,1,1.0,3.0,06018,M,4361687.0,711133.0,06
201700007746,17,1,21,300,4,2,1,1.0,7.0,06152,M,4364246.0,703569.0,06
201700007747,17,3,6,1150,1,2,9,1.0,3.0,06018,M,4362309.0,710489.0,06
201700007748,17,3,17,1400,1,2,1,1.0,1.0,06152,M,4362357.0,701310.0,06
201700007749,17,4,3,450,5,2,6,8.0,6.0,06018,M,4362456.0,705716.0,06
201700007750,17,4,6,1815,1,2,9,1.0,2.0,06152,M,4362350.0,700833.0,06
201700007751,17,4,10,1820,1,2,2,1.0,3.0,06152,M,4362371.0,700718.0,06
201700007752,17,4,11,1715,1,1,9,1.0,2.0,06152,M,4361849.0,703313.0,06
201700007753,17,4,16,1200,1,2,2,1.0,7.0,06152,M,4364381.0,701443.0,06
201700007754,17,4,25,1500,1,2,3,1.0,6.0,06152,M,4364248.0,701010.0,06
201700007755,17,4,30,130,5,2,1,1.0,6.0,06152,M,4362534.0,699895.0,06
201700007756,17,5,11,1635,1,2,1,1.0,6.0,06152,M,4364516.0,704964.0,06
201700007757,17,6,2,1200,1,1,1,1.0,7.0,06152,M,4361250.0,704745.0,06
201700007758,17,6,10,1025,1,2,1,1.0,6.0,06018,M,4361790.0,711379.0,06
201700007759,17,6,27,840,1,1,1,1.0,7.0,06152,M,4361261.0,702802.0,06
201700007760,17,7,2,2345,5,2,1,1.0,6.0,06018,M,4362087.0,706200.0,06
201700007761,17,7,3,1415,1,1,1,1.0,2.0,06152,M,4364133.0,703313.0,06
201700007762,17,7,5,1921,1,1,1,1.0,7.0,06152,M,4363655.0,704695.0,06
201700007763,17,7,25,1430,1,1,1,1.0,6.0,06152,M,4361848.0,703313.0,06
201700007764,17,8,9,1545,1,1,2,1.0,2.0,06152,M,4360692.0,705638.0,06
201700007765,17,8,16,1137,1,2,4,1.0,3.0,06018,M,4362486.0,710205.0,06
201700007766,17,8,24,820,1,2,6,1.0,3.0,06152,M,4364238.0,703512.0,06
201700007767,17,9,14,1250,1,2,1,1.0,1.0,06018,M,4362593.0,710291.0,06
201700007768,17,9,17,15,5,2,1,1.0,6.0,06152,M,4363968.0,700553.0,06
201700007769,17,9,16,1845,1,1,4,1.0,3.0,06152,M,4360491.0,706062.0,06
201700007770,17,9,20,900,1,1,1,1.0,3.0,06152,M,4360898.0,705402.0,06
201700007771,17,10,7,845,1,2,1,1.0,1.0,06018,M,4362364.0,708777.0,06
201700007772,17,10,14,2030,5,2,1,1.0,1.0,06152,M,4362359.0,701292.0,06
201700007773,17,10,25,1230,1,2,9,1.0,2.0,06018,M,4361651.0,706840.0,06
201700007774,17,11,7,820,1,1,1,8.0,6.0,06152,M,4361448.0,703473.0,06
201700007775,17,11,10,2130,5,2,1,1.0,1.0,06018,M,4361520.0,707987.0,06
201700007776,17,11,28,1830,5,1,1,1.0,3.0,06152,M,4363742.0,700433.0,06
201700007777,17,12,20,1535,1,1,1,1.0,6.0,06152,M,4361140.0,704883.0,06
201700007778,17,1,9,830,1,2,1,1.0,3.0,69244,M,4575175.0,477033.0,69
201700007779,17,3,13,2305,5,2,1,1.0,6.0,69244,M,4575851.0,476406.0,69
201700007780,17,4,13,1755,1,2,1,1.0,6.0,69244,M,4575503.0,477102.0,69
201700007781,17,5,12,855,1,1,1,2.0,3.0,69244,M,4576975.0,474212.0,69
201700007782,17,6,19,2150,2,2,1,1.0,1.0,69244,M,4575816.0,477480.0,69
201700007783,17,6,27,1533,1,2,1,1.0,6.0,69244,M,4576913.0,479077.0,69
201700007784,17,7,26,1630,1,2,1,1.0,5.0,69244,M,4577323.0,479218.0,69
201700007785,17,9,8,1845,1,2,1,1.0,3.0,69244,M,4576391.0,477794.0,69
201700007786,17,11,9,2335,5,2,1,1.0,6.0,69244,M,4575310.0,476875.0,69
201700007787,17,11,13,920,1,2,1,2.0,6.0,69244,M,4575231.0,477137.0,69
201700007788,17,11,16,1310,1,2,1,1.0,3.0,69244,M,4576382.0,477758.0,69
201700007789,17,9,14,1055,1,1,1,1.0,3.0,34255,M,4368348.0,379545.0,34
201700007790,17,2,15,2130,3,1,1,1.0,5.0,01304,M,4605361.0,532735.0,01
201700007791,17,3,27,735,1,1,1,1.0,6.0,01445,M,4635314.0,528747.0,01
201700007792,17,4,18,1953,2,1,1,1.0,7.0,01024,M,4626190.0,516673.0,01
201700007793,17,5,19,1530,1,1,1,8.0,2.0,01451,M,4623460.0,527976.0,01
201700007794,17,6,7,2258,4,2,1,1.0,3.0,01320,M,4629901.0,488085.0,01
201700007795,17,7,11,1630,1,1,1,1.0,6.0,01304,M,4605560.0,532787.0,01
201700007796,17,7,25,2010,1,1,1,3.0,6.0,01038,M,4630422.0,525500.0,01
201700007797,17,8,6,1150,1,1,1,1.0,7.0,01029,M,4641688.0,527672.0,01
201700007798,17,8,14,740,1,1,1,1.0,2.0,01195,M,4621480.0,531242.0,01
201700007799,17,8,28,1720,1,1,6,1.0,6.0,01038,M,4632242.0,526944.0,01
201700007800,17,9,5,1010,1,1,1,1.0,1.0,01175,M,4640958.0,492540.0,01
201700007801,17,11,6,600,5,1,1,1.0,7.0,01195,M,4621075.0,529483.0,01
201700007802,17,11,7,745,2,1,1,1.0,5.0,01389,M,4608315.0,491006.0,01
201700007803,17,11,12,1720,2,1,1,3.0,6.0,01195,M,4621849.0,529148.0,01
201700007804,17,11,20,1430,1,1,1,1.0,2.0,01254,M,4616708.0,530059.0,01
201700007805,17,11,20,1945,3,1,1,5.0,7.0,01451,M,4625072.0,522307.0,01
201700007806,17,12,8,1915,3,1,2,1.0,3.0,01001,M,4613477.0,492515.0,01
201700007807,17,12,9,1330,1,1,1,1.0,6.0,01451,M,4625072.0,522307.0,01
201700007808,17,12,14,726,2,1,9,2.0,7.0,01343,M,4627917.0,498222.0,01
201700007809,17,11,7,845,1,1,1,1.0,7.0,77270,M,4884702.0,299029.0,77
201700007810,17,12,7,923,1,2,3,8.0,6.0,77192,M,4870259.0,287332.0,77
201700007811,17,1,30,625,3,1,1,2.0,1.0,78152,M,4885448.0,196672.0,78
201700007812,17,2,25,1720,1,2,1,1.0,3.0,78152,M,4884347.0,198718.0,78
201700007813,17,3,21,820,1,2,1,1.0,3.0,78233,M,4887907.0,198483.0,78
201700007814,17,4,11,1420,1,1,1,7.0,2.0,78571,M,4886038.0,203106.0,78
201700007815,17,5,30,1340,1,1,1,1.0,1.0,78043,M,4882546.0,208416.0,78
201700007816,17,6,4,1030,1,1,1,1.0,6.0,78043,M,4883690.0,208047.0,78
201700007817,17,6,24,2035,1,2,3,7.0,1.0,78043,M,4884125.0,207500.0,78
201700007818,17,8,21,1615,1,1,1,1.0,3.0,78233,M,4888260.0,197593.0,78
201700007819,17,9,17,1015,1,1,1,1.0,6.0,78043,M,4883444.0,208483.0,78
201700007820,17,11,23,915,1,1,1,1.0,6.0,78571,M,4886226.0,201687.0,78
201700007821,17,1,15,1033,1,1,1,1.0,6.0,13112,M,4352615.0,524292.0,13
201700007822,17,3,14,1726,1,2,2,1.0,3.0,13112,M,4353137.0,524816.0,13
201700007823,17,4,1,2030,5,2,1,2.0,3.0,13037,M,4354987.0,520484.0,13
201700007824,17,6,26,830,1,2,1,1.0,6.0,13037,M,4355103.0,519168.0,13
201700007825,17,8,6,1205,1,2,6,1.0,3.0,13037,M,4354724.0,519358.0,13
201700007826,17,11,10,2020,3,1,3,1.0,5.0,13112,M,4351944.0,523266.0,13
201700007827,17,7,8,2350,3,1,1,1.0,6.0,95042,M,4906780.0,228970.0,95
201700007828,17,7,16,1035,1,1,1,1.0,7.0,95042,M,4905790.0,228140.0,95
201700007829,17,8,7,1700,1,1,1,1.0,6.0,95042,M,4905640.0,228910.0,95
201700007830,17,10,15,935,1,1,1,7.0,6.0,95430,M,4906740.0,232790.0,95
201700007831,17,2,19,30,3,1,1,1.0,6.0,35275,M,4815959.0,-183461.0,35
201700007832,17,3,5,730,2,1,1,2.0,6.0,35275,M,4815957.0,-183403.0,35
201700007833,17,3,7,1830,3,1,1,2.0,6.0,35189,M,4814635.0,-169868.0,35
201700007834,17,3,13,805,1,1,1,1.0,2.0,35210,M,4813531.0,-178251.0,35
201700007835,17,3,24,1745,1,1,1,1.0,4.0,35210,M,4814697.0,-178813.0,35
201700007836,17,4,2,1420,1,1,1,1.0,2.0,35210,M,4817185.0,-178836.0,35
201700007837,17,4,28,745,1,1,1,1.0,4.0,35353,M,4812807.0,-174781.0,35
201700007838,17,4,30,1030,1,2,8,2.0,7.0,35131,M,4812309.0,-182241.0,35
201700007839,17,6,8,1410,1,1,6,1.0,6.0,35131,M,4811414.0,-182546.0,35
201700007840,17,6,11,1044,1,1,1,1.0,2.0,35353,M,4812707.0,-174160.0,35
201700007841,17,6,18,1855,1,1,1,1.0,6.0,35189,M,4815505.0,-170272.0,35
201700007842,17,6,27,1245,1,2,1,2.0,3.0,35189,M,4815132.0,-170967.0,35
201700007843,17,7,9,700,1,1,1,1.0,6.0,35275,M,4816300.0,-187162.0,35
201700007844,17,7,18,1720,1,1,3,1.0,3.0,35353,M,4812202.0,-173501.0,35
201700007845,17,8,27,1405,1,1,1,1.0,7.0,35275,M,4817049.0,-188945.0,35
201700007846,17,10,1,935,1,1,1,1.0,7.0,35353,M,4812578.0,-174243.0,35
201700007847,17,11,14,1210,1,2,3,1.0,3.0,35353,M,4810516.0,-173499.0,35
201700007848,17,11,18,1355,1,1,6,1.0,3.0,35131,M,4812896.0,-182813.0,35
201700007849,17,12,1,1138,1,2,3,7.0,6.0,35059,M,4817748.0,-173349.0,35
201700007850,17,12,22,1920,3,1,2,1.0,5.0,35131,M,4811603.0,-181666.0,35
201700007851,17,3,24,1925,3,1,1,8.0,6.0,42209,M,4586774.0,428300.0,42
201700007852,17,4,1,1105,1,1,9,1.0,4.0,42324,M,4556063.0,424185.0,42
201700007853,17,4,29,1945,1,1,1,1.0,6.0,42155,M,4581185.0,412735.0,42
201700007854,17,7,13,1600,1,1,1,1.0,6.0,42155,M,4582451.0,413262.0,42
201700007855,17,8,13,1650,1,1,1,1.0,2.0,42038,M,4563556.0,419313.0,42
201700007856,17,8,26,1440,1,1,1,1.0,6.0,42038,M,4564190.0,418743.0,42
201700007857,17,7,19,920,1,1,1,1.0,2.0,42243,M,4586206.0,399738.0,42
201700007858,17,11,9,1050,1,1,1,8.0,2.0,42155,M,4580313.0,412490.0,42
201700007859,17,1,1,1700,3,1,1,2.0,7.0,88123,M,4809612.0,564151.0,88
201700007860,17,4,27,1800,1,1,1,4.0,5.0,88013,M,4839555.0,588119.0,88
201700007861,17,1,30,1930,3,2,1,2.0,6.0,38553,M,4560826.0,515639.0,38
201700007862,17,6,16,1655,1,2,1,1.0,6.0,38553,M,4561239.0,515507.0,38
201700007863,17,6,29,1304,1,2,2,3.0,3.0,38553,M,4561775.0,515939.0,38
201700007864,17,7,3,1305,1,1,3,1.0,3.0,38339,M,4555055.0,513820.0,38
201700007865,17,8,24,1530,1,2,2,1.0,3.0,38553,M,4562217.0,514618.0,38
201700007866,17,11,29,1830,3,1,1,1.0,6.0,38144,M,4558812.0,508905.0,38
201700007867,17,12,31,1030,1,2,1,9.0,6.0,38553,M,4561775.0,515939.0,38
201700007868,17,5,1,1830,1,1,1,1.0,2.0,13099,M,,,13
201700007869,17,9,19,1000,1,1,1,1.0,7.0,13099,M,4370383.0,572833.0,13
201700007870,17,9,27,825,1,1,1,1.0,7.0,13113,M,4359262.0,548305.0,13
201700007871,17,11,18,2350,3,1,2,1.0,6.0,13059,M,,,13
201700007872,17,12,26,1640,1,1,1,8.0,7.0,13099,M,,,13
201700007873,17,1,16,815,2,1,1,1.0,6.0,18141,M,4715739.0,218327.0,18
201700007874,17,4,5,1110,1,1,1,1.0,6.0,18141,M,4714194.0,218605.0,18
201700007875,17,7,11,117,3,1,1,1.0,2.0,18140,M,4715727.0,198207.0,18
201700007876,17,9,3,1643,1,1,1,1.0,2.0,18279,M,4720961.0,204007.0,18
201700007877,17,10,24,750,3,1,1,2.0,5.0,18138,M,4708540.0,226132.0,18
201700007878,17,10,25,515,3,1,1,1.0,7.0,18190,M,4712671.0,219007.0,18
201700007879,17,11,7,1535,1,1,1,1.0,2.0,18190,M,4712671.0,219007.0,18
201700007880,17,11,9,1520,1,1,9,8.0,7.0,18103,M,4710677.0,188189.0,18
201700007881,17,4,17,1400,1,1,1,1.0,1.0,34337,M,4355248.0,384635.0,34
201700007882,17,6,10,1740,1,1,1,1.0,3.0,34333,M,4347161.0,379524.0,34
201700007883,17,6,15,1100,1,1,1,1.0,7.0,34337,M,4355370.0,384146.0,34
201700007884,17,7,17,1145,1,2,1,1.0,6.0,34337,M,4353512.0,385940.0,34
201700007885,17,8,16,1855,1,1,1,1.0,7.0,34159,M,4351671.0,382226.0,34
201700007886,17,8,15,1500,1,2,1,1.0,6.0,34337,M,4352559.0,385814.0,34
201700007887,17,8,27,1615,1,1,1,1.0,2.0,34337,M,4353944.0,388790.0,34
201700007888,17,9,2,1215,1,1,1,1.0,2.0,34333,M,4347163.0,378196.0,34
201700007889,17,9,29,900,1,2,1,1.0,6.0,34337,M,4353356.0,386442.0,34
201700007890,17,11,12,145,3,1,1,1.0,6.0,34159,M,4350619.0,380788.0,34
201700007891,17,12,31,1415,1,1,1,1.0,7.0,01228,M,4613791.0,552962.0,01
201700007892,17,1,24,1630,1,1,1,1.0,7.0,01273,M,4608398.0,536676.0,01
201700007893,17,1,29,430,3,1,1,2.0,6.0,01373,M,4612758.0,557140.0,01
201700007894,17,5,10,1230,1,1,1,1.0,7.0,01283,M,4626772.0,564404.0,01
201700007895,17,5,21,545,2,1,1,1.0,6.0,01273,M,4608398.0,536676.0,01
201700007896,17,6,14,1845,1,1,1,1.0,2.0,01067,M,4611430.0,548947.0,01
201700007897,17,6,22,1116,1,1,1,1.0,5.0,01067,M,4611474.0,549039.0,01
201700007898,17,7,21,1148,1,1,1,1.0,6.0,01274,M,4615113.0,564142.0,01
201700007899,17,11,15,1805,1,1,1,1.0,7.0,01373,M,4612769.0,555610.0,01
201700007900,17,11,19,720,2,1,1,2.0,6.0,01373,M,4612758.0,557140.0,01
201700007901,17,11,20,335,3,1,1,1.0,7.0,01087,M,4616926.0,569055.0,01
201700007902,17,11,11,830,1,1,1,1.0,6.0,01067,M,4612150.0,549542.0,01
201700007903,17,11,21,1520,1,1,1,1.0,6.0,01181,M,4622647.0,561259.0,01
201700007904,17,11,26,1940,3,1,1,2.0,6.0,01087,M,4616829.0,567546.0,01
201700007905,17,11,26,2025,3,1,1,9.0,3.0,01087,M,4616829.0,567546.0,01
201700007906,17,12,3,910,1,1,1,1.0,6.0,01303,M,4608914.0,541633.0,01
201700007907,17,12,3,2225,3,1,1,9.0,4.0,01303,M,4609451.0,541689.0,01
201700007908,17,12,27,1115,1,1,1,1.0,7.0,13044,M,4361252.0,506814.0,13
201700007909,17,1,27,2230,3,1,1,1.0,1.0,13069,M,4362034.0,514312.0,13
201700007910,17,2,9,1720,1,1,1,1.0,6.0,13044,M,4359620.0,504301.0,13
201700007911,17,2,23,1645,1,1,1,1.0,3.0,13009,M,4361961.0,523413.0,13
201700007912,17,3,4,500,3,1,1,2.0,2.0,13051,M,4356151.0,516148.0,13
201700007913,17,4,10,630,2,1,6,1.0,3.0,13069,M,4362626.0,515066.0,13
201700007914,17,4,16,1842,1,2,1,1.0,6.0,13069,M,4363233.0,514298.0,13
201700007915,17,6,1,800,1,1,2,1.0,3.0,13044,M,4362795.0,505767.0,13
201700007916,17,8,1,945,1,1,6,1.0,3.0,13069,M,4362653.0,514843.0,13
201700007917,17,8,5,835,1,2,3,7.0,3.0,13069,M,4363232.0,514309.0,13
201700007918,17,8,14,245,3,1,1,1.0,6.0,13069,M,4364945.0,518051.0,13
201700007919,17,8,21,1815,1,1,1,1.0,3.0,13029,M,4358544.0,504975.0,13
201700007920,17,9,30,1600,1,2,3,2.0,6.0,13044,M,4360766.0,506304.0,13
201700007921,17,10,2,750,1,1,1,8.0,7.0,13051,M,,,13
201700007922,17,10,11,800,1,1,3,1.0,6.0,13051,M,4361196.0,514808.0,13
201700007923,17,10,21,1300,1,1,1,1.0,3.0,13044,M,4362014.0,507235.0,13
201700007924,17,10,24,1800,1,1,2,1.0,3.0,13009,M,4359216.0,525421.0,13
201700007925,17,11,6,109,3,1,1,6.0,7.0,13044,M,4362198.0,501569.0,13
201700007926,17,11,15,2000,3,1,1,1.0,5.0,13103,M,4364017.0,504691.0,13
201700007927,17,11,19,2000,3,1,1,1.0,1.0,13044,M,4361855.0,503510.0,13
201700007928,17,11,19,1600,1,1,1,1.0,7.0,13051,M,4356838.0,513022.0,13
201700007929,17,12,2,725,3,1,1,4.0,6.0,13051,M,4358449.0,518520.0,13
201700007930,17,12,7,1730,3,1,1,1.0,2.0,13051,M,,,13
201700007931,17,12,9,2230,5,2,3,1.0,1.0,13051,M,4359489.0,512950.0,13
201700007932,17,4,9,400,3,1,1,1.0,2.0,03270,M,4632966.0,296895.0,03
201700007933,17,6,25,1515,1,1,1,1.0,7.0,03277,M,4628438.0,304665.0,03
201700007934,17,7,7,1205,1,1,9,1.0,7.0,03075,M,4620886.0,309746.0,03
201700007935,17,8,19,1130,1,1,1,1.0,2.0,03118,M,4611192.0,313325.0,03
201700007936,17,11,7,1808,3,1,1,1.0,2.0,03118,M,4609441.0,313689.0,03
201700007937,17,12,23,740,3,1,1,8.0,2.0,03277,M,4628438.0,304665.0,03
201700007938,17,6,8,1415,1,1,1,1.0,4.0,63113,M,4579160.0,314621.0,63
201700007939,17,7,16,1438,1,1,1,1.0,7.0,63300,M,4589427.0,313258.0,63
201700007940,17,10,29,2005,3,1,1,1.0,6.0,63113,M,4580651.0,315352.0,63
201700007941,17,11,2,1900,3,1,1,1.0,5.0,63113,M,,,63
201700007942,17,2,15,1430,1,2,6,1.0,3.0,06084,M,4361815.0,697242.0,06
201700007943,17,9,18,1520,1,2,1,8.0,6.0,06084,M,4361769.0,697280.0,06
201700007944,17,1,8,400,3,1,1,2.0,6.0,49323,M,4751831.0,-43063.0,49
201700007945,17,2,9,2105,3,1,1,1.0,2.0,49019,M,4751860.0,-37571.0,49
201700007946,17,7,28,1110,1,1,1,1.0,4.0,49019,M,4751860.0,-37571.0,49
201700007947,17,9,22,1158,1,1,1,1.0,2.0,49019,M,4752454.0,-36593.0,49
201700007948,17,2,14,1330,1,1,1,1.0,4.0,40036,M,4364221.0,-137726.0,40
201700007949,17,3,6,2330,3,1,1,8.0,7.0,40261,M,4370048.0,-122853.0,40
201700007950,17,7,5,2230,3,1,1,1.0,2.0,40133,M,4358448.0,-142071.0,40
201700007951,17,3,20,115,3,1,1,1.0,5.0,40152,M,4396990.0,-108305.0,40
201700007952,17,6,11,900,1,1,1,1.0,7.0,40134,M,4420046.0,-93118.0,40
201700007953,17,7,31,1640,1,1,1,1.0,3.0,40210,M,4407430.0,-100536.0,40
201700007954,17,11,10,1550,1,1,1,1.0,6.0,40295,M,4437729.0,-84067.0,40
201700007955,17,11,17,1140,1,2,1,1.0,6.0,10387,M,4827440.0,407986.0,10
201700007956,17,12,1,803,1,2,1,9.0,3.0,10387,M,4830977.0,405611.0,10
201700007957,17,12,8,1812,4,2,1,9.0,6.0,10387,M,4828857.0,407366.0,10
201700007958,17,12,14,1809,5,2,1,1.0,6.0,10387,M,4829417.0,407796.0,10
201700007959,17,12,9,1904,5,2,3,1.0,3.0,10387,M,4830128.0,406418.0,10
201700007960,17,1,13,1928,5,2,1,2.0,6.0,10387,M,4829973.0,407314.0,10
201700007961,17,12,13,1750,2,2,3,1.0,3.0,10333,M,4828383.0,406890.0,10
201700007962,17,2,9,1513,1,2,1,8.0,2.0,10387,M,4829590.0,409537.0,10
201700007963,17,12,5,655,3,1,1,1.0,6.0,10081,M,4831029.0,400779.0,10
201700007964,17,2,1,1404,1,2,3,1.0,3.0,10387,M,4828080.0,407177.0,10
201700007965,17,12,2,740,2,2,9,9.0,6.0,10387,M,4830530.0,409230.0,10