Num_Acc,an,mois,jour,hrmn,lum,agg,int,atm,col,com,gps,lat,long,dep
201700007966,17,2,16,1846,5,2,1,8.0,6.0,10387,M,4831370.0,406466.0,10
201700007967,17,12,15,1533,1,2,9,1.0,6.0,10387,M,4830245.0,407612.0,10
201700007968,17,2,18,1755,2,1,1,1.0,6.0,10333,M,4827000.0,404500.0,10
201700007969,17,12,21,1832,3,1,1,2.0,4.0,10357,M,4828029.0,412660.0,10
201700007970,17,3,6,1212,1,2,2,3.0,3.0,10081,M,4831444.0,402669.0,10
201700007971,17,12,16,1348,1,2,1,9.0,2.0,10343,M,4827111.0,408660.0,10
201700007972,17,3,13,1542,1,2,1,1.0,3.0,10387,M,4830231.0,407599.0,10
201700007973,17,12,22,1705,3,1,1,2.0,1.0,10357,M,4829348.0,414475.0,10
201700007974,17,3,4,1346,1,2,6,1.0,3.0,10387,M,4829486.0,408180.0,10
201700007975,17,12,21,1540,1,2,3,1.0,3.0,10081,M,4830754.0,403327.0,10
201700007976,17,3,28,730,1,2,3,1.0,3.0,10387,M,4829345.0,406873.0,10
201700007977,17,3,29,1636,1,2,1,1.0,1.0,10343,M,4827314.0,410306.0,10
201700007978,17,1,21,1030,1,2,1,1.0,6.0,10362,M,4829410.0,405768.0,10
201700007979,17,3,31,2058,5,2,3,1.0,3.0,10387,M,4829950.0,407680.0,10
201700007980,17,4,8,1442,1,2,1,1.0,3.0,10333,M,4828233.0,405424.0,10
201700007981,17,4,30,1149,1,2,6,1.0,3.0,10387,M,4828998.0,406780.0,10
201700007982,17,5,12,1351,1,1,1,1.0,1.0,10357,M,4830759.0,410318.0,10
201700007983,17,5,30,947,1,2,6,1.0,7.0,10333,M,4828001.0,405002.0,10
201700007984,17,5,24,2057,2,2,2,1.0,2.0,10343,M,4826902.0,408800.0,10
201700007985,17,5,29,1708,1,2,1,1.0,6.0,10387,M,4829504.0,408075.0,10
201700007986,17,5,23,956,1,2,1,1.0,6.0,10387,M,4829717.0,406939.0,10
201700007987,17,5,19,1857,1,2,1,2.0,4.0,10387,M,4829459.0,408258.0,10
201700007988,17,2,19,1825,2,2,3,1.0,5.0,10387,M,4829486.0,408180.0,10
201700007989,17,6,7,2220,5,2,2,1.0,3.0,10333,M,4827408.0,405830.0,10
201700007990,17,6,7,1855,1,2,1,1.0,6.0,10387,M,4830713.0,406984.0,10
201700007991,17,6,14,1254,1,2,1,1.0,3.0,10333,M,4828715.0,406688.0,10
201700007992,17,6,10,1838,1,2,1,1.0,3.0,10357,M,4829692.0,413338.0,10
201700007993,17,4,22,1310,1,2,1,1.0,6.0,10343,M,4828073.0,409510.0,10
201700007994,17,4,9,1330,1,2,1,1.0,1.0,10387,M,4829980.0,407632.0,10
201700007995,17,6,23,845,1,1,1,1.0,5.0,10081,M,4831639.0,406207.0,10
201700007996,17,6,8,1225,1,2,1,1.0,6.0,10387,M,4828528.0,408279.0,10
201700007997,17,6,27,1134,1,2,1,1.0,2.0,10387,M,4830632.0,409428.0,10
201700007998,17,6,17,1406,1,2,2,1.0,3.0,10387,M,4828662.0,407751.0,10
201700007999,17,7,4,1434,1,2,2,1.0,3.0,10387,M,4829474.0,408262.0,10
201700008000,17,7,3,1340,1,2,1,1.0,3.0,10333,M,4828851.0,404537.0,10
201700008001,17,7,1,1121,1,2,1,1.0,6.0,10333,M,4828274.0,405330.0,10
201700008002,17,8,7,2321,5,2,1,2.0,7.0,10387,M,4829919.0,408668.0,10
201700008003,17,7,18,911,1,2,1,1.0,6.0,10081,M,4831222.0,404952.0,10
201700008004,17,8,8,750,1,2,3,2.0,3.0,10387,M,4829343.0,406874.0,10
201700008005,17,7,20,1209,1,2,1,8.0,1.0,10387,M,4827740.0,407601.0,10
201700008006,17,7,18,1840,1,2,1,1.0,6.0,10362,M,4829286.0,404627.0,10
201700008007,17,8,27,1411,1,2,2,1.0,3.0,10387,M,4830823.0,405617.0,10
201700008008,17,8,11,1321,1,2,3,1.0,3.0,10081,M,4831329.0,402381.0,10
201700008009,17,8,10,2315,5,2,1,1.0,7.0,10387,M,4829673.0,409504.0,10
201700008010,17,8,8,1141,1,2,2,1.0,3.0,10333,M,4827851.0,406644.0,10
201700008011,17,8,16,1354,1,2,1,1.0,6.0,10387,M,4830408.0,409654.0,10
201700008012,17,6,9,950,1,2,1,1.0,6.0,10362,M,4829613.0,405574.0,10
201700008013,17,9,19,2300,5,2,1,1.0,6.0,10081,M,4832033.0,405266.0,10
201700008014,17,9,2,1846,1,2,1,1.0,1.0,10387,M,4828758.0,408138.0,10
201700008015,17,9,7,1800,1,2,1,1.0,3.0,10387,M,4828871.0,408038.0,10
201700008016,17,9,25,1551,1,2,3,1.0,6.0,10362,M,4829087.0,406332.0,10
201700008017,17,9,27,1501,1,2,3,1.0,3.0,10387,M,4830559.0,407788.0,10
201700008018,17,9,18,1010,1,1,1,1.0,6.0,10387,M,4828727.0,408059.0,10
201700008019,17,10,13,1213,1,1,3,1.0,3.0,10060,M,4826035.0,412293.0,10
201700008020,17,9,18,652,5,2,3,1.0,3.0,10387,M,4828897.0,407677.0,10
201700008021,17,7,29,1855,1,2,9,1.0,3.0,10081,M,4830509.0,402689.0,10
201700008022,17,10,7,1354,1,1,3,1.0,2.0,10357,M,4829754.0,413447.0,10
201700008023,17,10,13,1904,2,2,3,1.0,2.0,10362,M,4800000.0,400000.0,10
201700008024,17,10,5,1959,5,2,2,8.0,2.0,10387,M,4827996.0,407735.0,10
201700008025,17,10,5,811,1,2,2,1.0,3.0,10387,M,4829484.0,408187.0,10
201700008026,17,10,10,1331,1,2,1,1.0,6.0,10343,M,4827236.0,408577.0,10
201700008027,17,10,2,1835,1,2,3,1.0,3.0,10387,M,4827635.0,407040.0,10
201700008028,17,10,13,1515,1,2,1,1.0,6.0,10357,M,4829656.0,412973.0,10
201700008029,17,10,18,739,2,2,1,1.0,2.0,10387,M,4830560.0,406250.0,10
201700008030,17,10,17,1805,1,2,1,1.0,6.0,10343,M,4828212.0,409145.0,10
201700008031,17,10,22,640,3,2,2,1.0,3.0,10387,M,4830676.0,407674.0,10
201700008032,17,10,19,1205,1,2,2,1.0,7.0,10387,M,4829009.0,410085.0,10
201700008033,17,11,9,2014,3,2,1,1.0,2.0,10343,M,4827113.0,408657.0,10
201700008034,17,11,6,1636,1,2,5,1.0,2.0,10387,M,4828798.0,408157.0,10
201700008035,17,11,27,1738,2,2,6,1.0,3.0,10387,M,4831486.0,406339.0,10
201700008036,17,2,4,1040,1,1,9,2.0,1.0,67152,M,4854255.0,768298.0,67
201700008037,17,3,22,1700,1,2,1,1.0,6.0,67152,M,4852258.0,770012.0,67
201700008038,17,4,21,1530,1,1,1,1.0,7.0,67152,M,4851428.0,765795.0,67
201700008039,17,4,30,1730,1,1,1,1.0,6.0,67212,M,4855828.0,766860.0,67
201700008040,17,5,16,1900,1,1,1,7.0,7.0,67152,M,4851428.0,765795.0,67
201700008041,17,5,20,215,5,2,1,1.0,7.0,67152,M,4852564.0,769499.0,67
201700008042,17,9,16,2000,3,1,1,3.0,1.0,67108,M,4852661.0,759799.0,67
201700008043,17,12,2,830,1,1,1,8.0,7.0,67124,M,4854300.0,765327.0,67
201700008044,17,3,1,920,1,2,1,2.0,2.0,67506,M,4866799.0,771588.0,67
201700008045,17,4,29,1400,1,1,1,1.0,1.0,67389,M,4864579.0,777146.0,67
201700008046,17,6,8,1120,1,2,1,1.0,3.0,67296,M,4861205.0,769173.0,67
201700008047,17,6,28,1830,1,2,1,1.0,3.0,67343,M,4860334.0,770677.0,67
201700008048,17,11,1,1810,5,2,9,1.0,1.0,67326,M,4862345.0,771529.0,67
201700008049,17,1,8,1400,1,1,1,1.0,6.0,65389,M,4310229.0,48009.0,65
201700008050,17,6,18,930,1,1,1,1.0,6.0,65127,M,4309976.0,35689.0,65
201700008051,17,7,8,1042,1,1,1,1.0,3.0,65482,M,4310851.0,45569.0,65
201700008052,17,8,13,400,3,1,1,1.0,3.0,64216,M,4326022.0,-14150.0,64
201700008053,17,12,27,1915,3,1,1,4.0,4.0,65226,M,4323253.0,-4080.0,65
201700008054,17,5,14,1900,1,1,9,3.0,6.0,02157,M,4960752.0,365743.0,02
201700008055,17,5,31,1755,1,1,1,1.0,6.0,02498,M,4954936.0,384097.0,02
201700008056,17,7,21,1410,1,1,1,1.0,7.0,02559,M,4968487.0,348427.0,02
201700008057,17,2,10,1440,1,2,4,1.0,1.0,38193,M,4561231.0,522139.0,38
201700008058,17,4,6,1740,1,1,3,1.0,3.0,38530,M,4561803.0,518434.0,38
201700008059,17,5,28,430,3,1,1,1.0,2.0,38530,M,4561685.0,518789.0,38
201700008060,17,7,30,1800,1,2,2,1.0,3.0,38193,M,4562242.0,522340.0,38
201700008061,17,10,24,1745,2,2,9,1.0,6.0,38193,M,4561780.0,521918.0,38
201700008062,17,5,3,1354,1,1,1,1.0,2.0,03158,M,4649113.0,266145.0,03
201700008063,17,7,4,915,1,1,1,1.0,2.0,03256,M,4635396.0,287722.0,03
201700008064,17,8,20,1630,1,1,1,1.0,2.0,03186,M,4632913.0,295066.0,03
201700008065,17,11,8,1440,1,1,1,2.0,6.0,03027,M,4633138.0,285733.0,03
201700008066,17,12,8,2215,3,1,1,1.0,6.0,03217,M,4635914.0,269554.0,03
201700008067,17,2,24,1055,1,1,1,1.0,6.0,05173,M,4430593.0,590003.0,05
201700008068,17,3,26,1840,1,1,9,1.0,2.0,04143,M,4392390.0,589348.0,04
201700008069,17,6,14,1430,1,1,1,1.0,6.0,04149,M,4403690.0,596274.0,04
201700008070,17,8,22,1620,1,1,1,1.0,2.0,04063,M,4374150.0,575695.0,04
201700008071,17,9,3,1210,1,1,1,1.0,2.0,04209,M,4423200.0,591758.0,04
201700008072,17,12,10,915,1,1,1,4.0,2.0,04143,M,4391150.0,588815.0,04
201700008073,17,3,27,956,1,1,3,1.0,5.0,48018,M,4451494.0,340362.0,48
201700008074,17,7,9,1120,1,2,9,1.0,6.0,13113,M,4359724.0,548503.0,13
201700008075,17,11,21,1545,1,2,3,1.0,6.0,13113,M,4359387.0,547879.0,13
201700008076,17,12,15,615,3,1,1,1.0,6.0,13080,M,,,13
201700008077,17,3,10,1020,1,1,1,1.0,5.0,73118,M,4550384.0,601620.0,73
201700008078,17,6,9,438,5,1,1,1.0,2.0,73237,M,4551135.0,630655.0,73
201700008079,17,11,3,1930,3,1,3,1.0,3.0,73007,M,4555875.0,626756.0,73
201700008080,17,12,31,1707,1,1,1,1.0,6.0,73183,M,4553335.0,597063.0,73
201700008081,17,2,16,1635,1,1,1,1.0,4.0,26088,M,,,26
201700008082,17,2,23,1710,1,1,1,1.0,7.0,38033,M,4518668.0,539712.0,38
201700008083,17,3,21,1710,1,1,1,1.0,7.0,38450,M,4529195.0,558622.0,38
201700008084,17,4,18,850,1,1,1,1.0,2.0,26057,M,4501827.0,503110.0,26
201700008085,17,8,17,1745,1,1,1,1.0,1.0,38559,M,4519791.0,542216.0,38
201700008086,17,9,19,1810,1,1,1,2.0,6.0,38565,M,4529778.0,562103.0,38
201700008087,17,11,30,850,1,1,1,1.0,1.0,38416,M,4513894.0,532821.0,38
201700008088,17,12,27,1532,1,1,1,4.0,1.0,38394,M,4508787.0,524087.0,38
201700008089,17,1,18,1150,1,2,6,1.0,6.0,35352,M,4804382.0,-160163.0,35
201700008090,17,2,4,500,3,1,1,3.0,6.0,35206,M,4805258.0,-166494.0,35
201700008091,17,7,6,1800,1,1,1,1.0,7.0,35206,M,4807701.0,-169410.0,35
201700008092,17,8,8,1030,1,1,1,2.0,3.0,35206,M,4804083.0,-167795.0,35
201700008093,17,10,2,1710,1,2,3,8.0,5.0,35352,M,4805801.0,-160295.0,35
201700008094,17,10,16,1615,1,1,1,1.0,6.0,35208,M,4800388.0,-167480.0,35
201700008095,17,11,8,1930,5,2,3,1.0,3.0,35206,M,4804506.0,-165600.0,35
201700008096,17,12,2,1450,1,2,3,1.0,3.0,35032,M,4799725.0,-161322.0,35
201700008097,17,12,24,1810,5,1,6,2.0,6.0,35352,M,4803573.0,-159998.0,35
201700008098,17,1,13,1415,1,1,1,1.0,7.0,67205,M,4869032.0,778562.0,67
201700008099,17,2,18,1730,1,1,1,1.0,7.0,67106,M,4877648.0,794565.0,67
201700008100,17,2,23,1600,1,1,1,1.0,6.0,67506,M,4867357.0,774528.0,67
201700008101,17,6,19,1520,1,1,1,1.0,2.0,67463,M,4890360.0,809759.0,67
201700008102,17,10,12,1910,3,1,1,1.0,6.0,67443,M,4896920.0,814500.0,67
201700008103,17,10,29,145,3,1,1,2.0,7.0,67194,M,4875237.0,792162.0,67
201700008104,17,12,31,30,5,1,6,1.0,2.0,11069,M,4323370.0,236670.0,11
201700008105,17,1,7,1827,5,1,3,1.0,2.0,11069,M,4320848.0,238383.0,11
201700008106,17,1,3,1729,2,2,1,1.0,6.0,11069,M,4320343.0,232962.0,11
201700008107,17,1,17,1535,1,1,1,1.0,3.0,11069,M,4319194.0,233468.0,11
201700008108,17,1,3,1820,3,1,1,1.0,4.0,11069,M,4320361.0,233412.0,11
201700008109,17,1,4,715,5,2,5,1.0,3.0,11069,M,4321285.0,232688.0,11
201700008110,17,1,21,2019,3,1,6,1.0,3.0,11069,M,4322616.0,233103.0,11
201700008111,17,1,25,1615,1,1,1,1.0,6.0,11069,M,4322499.0,232897.0,11
201700008112,17,3,10,750,1,2,1,1.0,3.0,11069,M,4321617.0,236095.0,11
201700008113,17,3,6,1147,1,1,1,1.0,1.0,11069,M,4321366.0,229697.0,11
201700008114,17,3,24,545,3,1,1,1.0,7.0,11069,M,4322882.0,233936.0,11
201700008115,17,3,25,2100,5,1,1,1.0,5.0,11069,M,4321080.0,236040.0,11
201700008116,17,3,25,1148,1,2,1,1.0,2.0,11069,M,4321224.0,234384.0,11
201700008117,17,3,27,1835,1,1,1,1.0,1.0,11069,M,4323500.0,236900.0,11
201700008118,17,3,27,2220,3,1,1,1.0,7.0,11069,M,4321327.0,230490.0,11
201700008119,17,4,6,1050,1,2,1,1.0,2.0,11069,M,4320787.0,237381.0,11
201700008120,17,4,6,1230,1,1,1,1.0,2.0,11069,M,4322684.0,233155.0,11
201700008121,17,4,6,2030,3,2,6,1.0,6.0,11069,M,4322626.0,233103.0,11
201700008122,17,4,7,2210,3,1,1,1.0,7.0,11069,M,4320560.0,238910.0,11
201700008123,17,4,8,900,1,2,1,1.0,3.0,11069,M,4320880.0,237990.0,11
201700008124,17,3,15,1716,1,2,3,1.0,3.0,11069,M,4321859.0,233837.0,11
201700008125,17,4,10,1435,1,2,1,1.0,4.0,11069,M,4321148.0,235531.0,11
201700008126,17,4,2,1743,1,1,1,1.0,7.0,11069,M,4320480.0,240360.0,11
201700008127,17,4,2,1430,1,2,1,1.0,6.0,11069,M,4320746.0,236130.0,11
201700008128,17,3,23,2115,5,2,2,1.0,3.0,11069,M,4321190.0,235445.0,11
201700008129,17,3,29,1145,1,1,1,1.0,6.0,11069,M,4320954.0,233211.0,11
201700008130,17,4,4,1015,1,2,1,1.0,2.0,11069,M,4321195.0,235824.0,11
201700008131,17,4,27,1125,1,2,1,1.0,3.0,11069,M,4320425.0,238313.0,11
201700008132,17,4,28,1756,1,1,1,1.0,2.0,11069,M,4323281.0,237093.0,11
201700008133,17,3,18,1330,1,1,1,1.0,3.0,11069,M,4320957.0,230731.0,11
201700008134,17,4,8,1320,1,1,1,1.0,6.0,11069,M,4320423.0,238268.0,11
201700008135,17,4,20,1805,1,1,1,1.0,2.0,11069,M,4320439.0,233333.0,11
201700008136,17,4,23,711,1,2,1,1.0,6.0,11069,M,4322219.0,235699.0,11
201700008137,17,5,8,537,3,1,1,1.0,7.0,11069,M,4321237.0,231463.0,11
201700008138,17,4,21,745,1,1,1,1.0,1.0,11069,M,4320130.0,232937.0,11
201700008139,17,4,23,1235,1,2,1,1.0,6.0,11069,M,4321346.0,235585.0,11
201700008140,17,4,24,1910,2,2,2,1.0,3.0,11069,M,4321012.0,236443.0,11
201700008141,17,5,7,140,5,1,1,1.0,6.0,11069,M,4322459.0,233398.0,11
201700008142,17,5,3,1605,1,1,6,1.0,3.0,11069,M,4322616.0,233113.0,11
201700008143,17,4,5,2315,3,1,1,1.0,6.0,11069,M,4319179.0,233446.0,11
201700008144,17,4,8,1840,1,2,2,1.0,3.0,11069,M,4321633.0,235613.0,11
201700008145,17,4,9,1438,1,1,6,1.0,3.0,11069,M,4321029.0,238736.0,11
201700008146,17,5,9,950,1,2,2,1.0,6.0,11069,M,4321189.0,235057.0,11
201700008147,17,4,22,1946,1,2,1,1.0,6.0,11069,M,4321265.0,235543.0,11
201700008148,17,5,22,1855,1,2,1,1.0,6.0,11069,M,4322779.0,236029.0,11
201700008149,17,5,30,1835,1,1,1,1.0,1.0,11069,M,4320438.0,238718.0,11
201700008150,17,6,5,407,3,1,1,1.0,7.0,11069,M,4322423.0,232773.0,11
201700008151,17,6,14,2045,1,1,1,1.0,6.0,11069,M,4322456.0,236804.0,11
201700008152,17,6,19,1,5,2,1,1.0,6.0,11069,M,4321487.0,235505.0,11
201700008153,17,6,26,1228,2,2,1,2.0,1.0,11069,M,4322441.0,233415.0,11
201700008154,17,6,23,1759,1,2,2,1.0,3.0,11069,M,4321084.0,234112.0,11
201700008155,17,7,4,1750,1,2,1,1.0,6.0,11069,M,4321719.0,234673.0,11
201700008156,17,7,10,910,1,2,1,1.0,4.0,11069,M,4320575.0,236067.0,11
201700008157,17,5,3,225,5,2,9,9.0,6.0,11069,M,4321840.0,234468.0,11
201700008158,17,7,6,1217,1,1,1,1.0,1.0,11069,M,4320398.0,238707.0,11
201700008159,17,5,4,1530,1,2,2,1.0,3.0,11069,M,4321932.0,234399.0,11
201700008160,17,5,16,1236,1,2,1,1.0,3.0,11069,M,4322906.0,234385.0,11
201700008161,17,7,6,2005,1,2,3,1.0,3.0,11069,M,4321412.0,234510.0,11
201700008162,17,5,22,2300,5,2,1,1.0,7.0,11069,M,4322551.0,234846.0,11
201700008163,17,5,25,35,3,1,1,1.0,4.0,11069,M,4320216.0,233019.0,11
201700008164,17,5,27,1950,1,1,6,1.0,1.0,11069,M,4319015.0,231390.0,11
201700008165,17,7,11,1700,1,2,1,1.0,6.0,11069,M,4320714.0,238316.0,11
201700008166,17,7,14,1310,1,1,3,1.0,7.0,11069,M,4320445.0,240121.0,11
201700008167,17,7,15,310,3,1,1,1.0,7.0,11069,M,4319885.0,235068.0,11
201700008168,17,7,15,1500,1,2,1,1.0,7.0,11069,M,4321053.0,236037.0,11
201700008169,17,7,12,1920,1,1,1,1.0,2.0,11069,M,4320766.0,231602.0,11
201700008170,17,7,15,2150,5,2,1,1.0,6.0,11069,M,4321642.0,235198.0,11
201700008171,17,7,18,955,1,1,6,1.0,3.0,11069,M,4319632.0,232182.0,11
201700008172,17,7,30,1630,1,2,1,1.0,2.0,11069,M,4321648.0,234902.0,11
201700008173,17,7,29,1430,1,2,1,1.0,7.0,11069,M,4319627.0,232161.0,11
201700008174,17,8,1,1220,1,2,1,1.0,2.0,11069,M,4320805.0,231895.0,11
201700008175,17,7,31,1735,1,1,1,1.0,7.0,11069,M,4319987.0,235762.0,11
201700008176,17,8,5,1800,1,2,2,1.0,3.0,11069,M,4321081.0,234008.0,11
201700008177,17,8,8,1815,1,1,1,1.0,3.0,11069,M,4322958.0,234180.0,11
201700008178,17,8,10,842,1,1,1,1.0,3.0,11069,M,4322610.0,232910.0,11
201700008179,17,8,10,755,1,2,1,1.0,2.0,11069,M,4321773.0,235160.0,11
201700008180,17,8,17,1433,1,2,2,1.0,3.0,11069,M,4321188.0,235344.0,11
201700008181,17,8,18,1415,1,2,2,1.0,3.0,11069,M,4321470.0,235900.0,11
201700008182,17,8,24,928,1,1,6,1.0,3.0,11069,M,4322064.0,237990.0,11
201700008183,17,8,25,1153,1,2,1,1.0,6.0,11069,M,4321710.0,235210.0,11
201700008184,17,8,31,1315,1,1,1,8.0,3.0,11069,M,4320790.0,237990.0,11
201700008185,17,9,18,1150,1,1,1,2.0,7.0,11069,M,4320118.0,231525.0,11
201700008186,17,9,19,1820,1,2,1,8.0,6.0,11069,M,4320527.0,236588.0,11
201700008187,17,9,29,950,1,2,1,1.0,6.0,11069,M,4322855.0,234054.0,11
201700008188,17,9,29,1505,1,1,1,1.0,2.0,11069,M,4320820.0,231982.0,11
201700008189,17,9,29,1745,1,1,1,1.0,4.0,11069,M,4322340.0,232630.0,11
201700008190,17,9,30,1723,1,1,1,1.0,7.0,11069,M,4322730.0,235910.0,11
201700008191,17,9,5,1913,1,1,1,1.0,3.0,11069,M,4320078.0,239260.0,11
201700008192,17,10,2,745,1,1,1,2.0,1.0,11069,M,4323098.0,234401.0,11
201700008193,17,10,5,1020,1,1,6,1.0,3.0,11069,M,4322861.0,235307.0,11
201700008194,17,10,4,840,1,1,1,1.0,3.0,11069,M,4320690.0,238500.0,11
201700008195,17,10,6,1210,1,2,1,1.0,6.0,11069,M,4320822.0,237141.0,11
201700008196,17,9,9,1411,1,1,1,8.0,6.0,11069,M,4320247.0,231515.0,11
201700008197,17,9,25,1340,1,2,3,2.0,3.0,11069,M,4320855.0,237053.0,11
201700008198,17,10,7,304,5,2,1,1.0,6.0,11069,M,4321096.0,234046.0,11
201700008199,17,10,12,1220,1,2,1,1.0,4.0,11069,M,4321176.0,235671.0,11
201700008200,17,10,19,2000,5,2,3,2.0,3.0,11069,M,4322368.0,233521.0,11
201700008201,17,10,19,905,1,1,1,2.0,7.0,11069,M,4321507.0,237322.0,11
201700008202,17,10,30,1730,2,1,1,1.0,2.0,11069,M,4320265.0,231505.0,11
201700008203,17,10,31,1518,1,1,1,1.0,2.0,11069,M,4323375.0,236623.0,11
201700008204,17,10,31,1604,1,1,1,1.0,4.0,11069,M,4322200.0,232470.0,11
201700008205,17,10,6,605,3,1,1,1.0,3.0,11069,M,4321470.0,232200.0,11
201700008206,17,11,12,1316,1,1,1,1.0,7.0,11069,M,4319570.0,236060.0,11
201700008207,17,10,24,1645,2,1,1,1.0,2.0,11069,M,4323611.0,236991.0,11
201700008208,17,10,24,2345,5,1,1,1.0,6.0,11069,M,4323629.0,236695.0,11
201700008209,17,11,15,1145,1,2,2,1.0,2.0,11037,M,4321445.0,240934.0,11
201700008210,17,11,15,745,1,2,1,1.0,2.0,11069,M,4322197.0,234492.0,11
201700008211,17,10,20,235,3,1,1,2.0,6.0,11069,M,4320559.0,239553.0,11
201700008212,17,11,3,1859,5,1,1,1.0,5.0,11069,M,4322476.0,232871.0,11
201700008213,17,11,17,911,1,2,1,1.0,3.0,11069,M,4322390.0,233465.0,11
201700008214,17,11,23,1145,1,2,2,1.0,3.0,11069,M,4321085.0,234113.0,11
201700008215,17,11,25,1310,1,2,1,2.0,1.0,11069,M,4322057.0,236300.0,11
201700008216,17,11,24,1020,1,2,1,2.0,6.0,11069,M,4321188.0,235131.0,11
201700008217,17,11,19,1540,1,1,1,1.0,3.0,11069,M,4321270.0,232700.0,11
201700008218,17,12,1,900,1,2,1,8.0,7.0,11069,M,4322260.0,233678.0,11
201700008219,17,11,29,1845,2,2,2,1.0,3.0,11069,M,4321968.0,234154.0,11
201700008220,17,11,23,1720,2,1,1,1.0,4.0,11069,M,4323235.0,237224.0,11
201700008221,17,12,7,755,1,2,1,1.0,6.0,11069,M,4321400.0,234740.0,11
201700008222,17,12,5,1650,1,1,1,1.0,5.0,11069,M,4322420.0,232770.0,11
201700008223,17,11,2,1840,5,2,1,2.0,3.0,11069,M,4321000.0,233980.0,11
201700008224,17,11,6,720,2,2,1,1.0,6.0,11069,M,4321550.0,234510.0,11
201700008225,17,12,5,1309,1,1,1,1.0,7.0,11069,M,4322820.0,237430.0,11
201700008226,17,12,8,1624,1,2,1,1.0,3.0,11069,M,4320860.0,238350.0,11
201700008227,17,12,9,1640,1,2,1,1.0,6.0,11069,M,4320800.0,238370.0,11
201700008228,17,12,6,1555,1,1,1,1.0,3.0,11069,M,4322884.0,233933.0,11
201700008229,17,12,5,1525,1,2,2,1.0,3.0,11069,M,4321186.0,234097.0,11
201700008230,17,12,5,1550,1,2,1,7.0,6.0,11069,M,4320503.0,233317.0,11
201700008231,17,12,7,1510,1,2,1,1.0,1.0,11069,M,4320939.0,233870.0,11
201700008232,17,12,16,1925,3,1,2,1.0,3.0,11069,M,4324100.0,236317.0,11
201700008233,17,12,12,1535,1,1,1,1.0,2.0,11069,M,4320254.0,231518.0,11
201700008234,17,12,18,1311,1,2,1,3.0,7.0,11069,M,4321264.0,234998.0,11
201700008235,17,10,10,1215,1,1,1,1.0,6.0,11069,M,4322790.0,232800.0,11
201700008236,17,12,18,1810,5,2,2,2.0,3.0,11069,M,4321269.0,234739.0,11
201700008237,17,12,21,1220,1,1,1,1.0,1.0,11037,M,4321625.0,239062.0,11
201700008238,17,12,28,730,2,1,6,1.0,6.0,11069,M,4323369.0,236772.0,11
201700008239,17,12,28,2040,5,2,2,2.0,3.0,11069,M,4320758.0,237720.0,11
201700008240,17,12,23,35,3,1,1,1.0,3.0,11069,M,4321355.0,238591.0,11
201700008241,17,1,13,714,3,1,1,3.0,5.0,31583,M,4382685.0,149328.0,31
201700008242,17,2,6,919,1,1,9,1.0,1.0,31490,M,4372933.0,137852.0,31
201700008243,17,3,21,1900,3,1,1,2.0,2.0,31216,M,4374148.0,159443.0,31
201700008244,17,4,18,1755,1,1,1,1.0,6.0,31516,M,4374963.0,138694.0,31
201700008245,17,4,19,1225,1,1,1,1.0,3.0,31553,M,4372006.0,115155.0,31
201700008246,17,4,30,205,3,1,1,1.0,2.0,31053,M,4365995.0,154845.0,31
201700008247,17,6,16,1300,1,1,1,7.0,6.0,31216,M,4374148.0,159443.0,31
201700008248,17,7,16,220,3,1,9,1.0,3.0,31094,M,4374721.0,162608.0,31
201700008249,17,7,16,1840,1,1,9,1.0,6.0,31118,M,4381189.0,136082.0,31
201700008250,17,7,29,2105,2,1,1,1.0,6.0,31555,M,4365738.0,142742.0,31
201700008251,17,7,31,2350,3,1,1,1.0,7.0,31462,M,4365441.0,152838.0,31
201700008252,17,8,24,2010,1,1,1,1.0,5.0,31462,M,4365506.0,153777.0,31
201700008253,17,9,6,1700,1,1,1,1.0,7.0,31202,M,4386965.0,141669.0,31
201700008254,17,10,8,930,1,1,1,1.0,6.0,31358,M,4371754.0,156640.0,31
201700008255,17,11,6,1020,1,1,1,1.0,4.0,31118,M,4379922.0,137125.0,31
201700008256,17,11,17,40,3,1,9,9.0,1.0,31091,M,4370482.0,140533.0,31
201700008257,17,12,6,725,3,1,1,5.0,5.0,31407,M,4374830.0,153853.0,31
201700008258,17,4,17,1325,1,1,1,1.0,7.0,77086,M,4852744.0,281246.0,77
201700008259,17,6,9,1750,1,1,1,1.0,2.0,77194,M,4841859.0,294178.0,77
201700008260,17,6,22,1236,1,1,1,1.0,6.0,77306,M,4858980.0,265158.0,77
201700008261,17,8,29,730,1,1,1,1.0,2.0,77034,M,4856400.0,276085.0,77
201700008262,17,12,9,2300,3,1,1,1.0,2.0,77034,M,4855615.0,277018.0,77
201700008263,17,1,3,1525,1,2,1,1.0,6.0,11262,M,4317860.0,299539.0,11
201700008264,17,1,4,755,2,2,1,1.0,6.0,11262,M,4318733.0,300179.0,11
201700008265,17,1,5,1500,1,2,3,1.0,1.0,11262,M,4313415.0,296453.0,11
201700008266,17,7,6,455,5,2,1,1.0,6.0,11262,M,4318997.0,302957.0,11
201700008267,17,1,9,925,1,2,1,1.0,2.0,11262,M,4315981.0,297886.0,11
201700008268,17,1,11,2225,5,2,3,1.0,3.0,11262,M,4319165.0,301493.0,11