Num_Acc,an,mois,jour,hrmn,lum,agg,int,atm,col,com,gps,lat,long,dep
201700008269,17,1,16,1105,1,2,2,1.0,3.0,11262,M,4318893.0,300609.0,11
201700008270,17,1,23,905,1,2,1,2.0,6.0,11262,M,4318435.0,297673.0,11
201700008271,17,1,22,2005,5,2,6,2.0,7.0,11262,M,4316313.0,297879.0,11
201700008272,17,2,2,840,1,2,1,1.0,1.0,11262,M,4317497.0,297407.0,11
201700008273,17,1,26,1220,1,2,6,1.0,3.0,11262,M,4318955.0,298533.0,11
201700008274,17,2,1,1700,1,2,1,1.0,2.0,11262,M,4318924.0,300774.0,11
201700008275,17,2,11,2000,5,2,3,1.0,3.0,11262,M,4318227.0,299553.0,11
201700008276,17,1,21,2115,5,2,1,1.0,6.0,11262,M,4318611.0,300035.0,11
201700008277,17,2,23,850,1,2,3,1.0,6.0,11262,M,4318506.0,299949.0,11
201700008278,17,2,28,1300,1,2,1,1.0,1.0,11262,M,4318508.0,300082.0,11
201700008279,17,3,3,1345,1,2,2,1.0,3.0,11262,M,4319014.0,299646.0,11
201700008280,17,2,27,925,1,2,1,1.0,2.0,11262,M,4318289.0,299362.0,11
201700008281,17,2,27,2320,5,2,3,1.0,3.0,11262,M,4319122.0,301620.0,11
201700008282,17,2,27,1758,1,1,1,1.0,5.0,11262,M,4316596.0,298688.0,11
201700008283,17,3,3,1940,2,2,3,1.0,3.0,11262,M,4317814.0,299512.0,11
201700008284,17,3,15,1210,1,2,1,1.0,6.0,11262,M,4319101.0,300685.0,11
201700008285,17,3,19,1400,1,2,1,1.0,6.0,11262,M,4317996.0,302308.0,11
201700008286,17,3,19,1130,1,2,1,1.0,6.0,11262,M,4318867.0,300467.0,11
201700008287,17,3,18,2000,2,2,1,1.0,3.0,11262,M,4318696.0,299098.0,11
201700008288,17,3,24,1010,1,2,1,1.0,6.0,11262,M,4318078.0,300490.0,11
201700008289,17,3,29,815,1,2,1,1.0,2.0,11262,M,4317505.0,300891.0,11
201700008290,17,4,7,1330,1,2,6,1.0,6.0,11262,M,4318791.0,300846.0,11
201700008291,17,4,6,1645,1,2,2,1.0,3.0,11262,M,4317764.0,299627.0,11
201700008292,17,4,10,1150,1,2,3,1.0,6.0,11262,M,4317824.0,299508.0,11
201700008293,17,4,2,1700,1,2,1,1.0,2.0,11262,M,4318283.0,301643.0,11
201700008294,17,4,4,1826,1,1,1,1.0,2.0,11262,M,4316935.0,298271.0,11
201700008295,17,4,15,1300,1,2,1,8.0,3.0,11262,M,4318385.0,297583.0,11
201700008296,17,4,16,1615,1,2,6,1.0,2.0,11262,M,4318857.0,300875.0,11
201700008297,17,4,15,1205,1,2,3,1.0,3.0,11262,M,4318636.0,299228.0,11
201700008298,17,4,14,1845,1,2,1,1.0,6.0,11262,M,4318256.0,299782.0,11
201700008299,17,5,2,1410,1,2,1,3.0,6.0,11262,M,4317796.0,302895.0,11
201700008300,17,2,6,1350,1,2,1,1.0,3.0,11262,M,4317683.0,302803.0,11
201700008301,17,2,26,230,5,2,1,1.0,2.0,11262,M,4318234.0,299763.0,11
201700008302,17,5,14,1125,1,2,1,1.0,1.0,11262,M,4318102.0,297088.0,11
201700008303,17,5,18,745,1,2,2,1.0,3.0,11262,M,4318709.0,299069.0,11
201700008304,17,5,18,1600,1,1,3,1.0,3.0,11262,M,4317587.0,299352.0,11
201700008305,17,5,19,745,1,2,3,1.0,3.0,11262,M,4318345.0,301437.0,11
201700008306,17,5,23,1315,1,2,2,1.0,6.0,11262,M,4317797.0,299500.0,11
201700008307,17,6,1,1600,1,2,3,1.0,1.0,11262,M,4318500.0,299957.0,11
201700008308,17,6,1,755,1,2,1,1.0,3.0,11262,M,4315726.0,298361.0,11
201700008309,17,6,6,1350,1,2,1,1.0,2.0,11262,M,4317944.0,303116.0,11
201700008310,17,6,7,1545,1,2,1,1.0,2.0,11262,M,4317806.0,300338.0,11
201700008311,17,6,6,1300,1,2,2,1.0,7.0,11262,M,4318191.0,299556.0,11
201700008312,17,6,19,1340,1,2,1,1.0,2.0,11262,M,4318648.0,299782.0,11
201700008313,17,6,25,1550,1,2,1,1.0,1.0,11262,M,4317752.0,303126.0,11
201700008314,17,6,24,1410,1,2,1,1.0,3.0,11262,M,4318096.0,300925.0,11
201700008315,17,6,27,1100,1,1,1,1.0,2.0,11262,M,4317493.0,300566.0,11
201700008316,17,7,4,1040,1,1,1,1.0,2.0,11262,M,4319385.0,298771.0,11
201700008317,17,7,10,1810,1,1,1,1.0,3.0,11262,M,4313437.0,296346.0,11
201700008318,17,7,15,1030,1,2,6,1.0,4.0,11262,M,4317999.0,301922.0,11
201700008319,17,7,9,2025,1,1,1,1.0,1.0,11262,M,4319365.0,298238.0,11
201700008320,17,7,17,2310,5,2,2,1.0,3.0,11262,M,4318821.0,298067.0,11
201700008321,17,7,22,1930,1,2,3,1.0,6.0,11262,M,4318869.0,301093.0,11
201700008322,17,7,25,1450,1,2,4,1.0,6.0,11262,M,4316416.0,298871.0,11
201700008323,17,7,27,1535,1,1,6,1.0,3.0,11262,M,4320032.0,301264.0,11
201700008324,17,8,17,1635,1,2,1,1.0,3.0,11262,M,4318289.0,299360.0,11
201700008325,17,8,22,555,2,1,1,1.0,1.0,11262,M,4318022.0,296752.0,11
201700008326,17,8,23,1535,1,2,1,1.0,6.0,11262,M,4318713.0,299771.0,11
201700008327,17,8,23,1640,1,2,3,1.0,6.0,11262,M,4318414.0,300277.0,11
201700008328,17,9,4,830,1,2,1,1.0,4.0,11262,M,4317433.0,299257.0,11
201700008329,17,9,5,1635,1,1,6,1.0,7.0,11262,M,4319290.0,298069.0,11
201700008330,17,9,9,1055,1,2,1,1.0,2.0,11262,M,4318260.0,301763.0,11
201700008331,17,9,8,1905,1,2,1,1.0,6.0,11262,M,4318601.0,300023.0,11
201700008332,17,9,13,1720,1,2,1,1.0,6.0,11262,M,4316054.0,298210.0,11
201700008333,17,9,13,1245,1,1,6,1.0,3.0,11262,M,4314484.0,297566.0,11
201700008334,17,9,14,50,5,2,6,1.0,6.0,11262,M,4317914.0,303001.0,11
201700008335,17,9,14,1047,1,2,1,1.0,6.0,11262,M,4319192.0,301417.0,11
201700008336,17,9,16,1640,1,2,1,1.0,2.0,11262,M,4316001.0,298111.0,11
201700008337,17,9,17,355,5,2,9,1.0,7.0,11262,M,4318558.0,298498.0,11
201700008338,17,9,18,1330,1,2,9,2.0,6.0,11262,M,4318325.0,300578.0,11
201700008339,17,9,20,1059,1,2,1,1.0,2.0,11262,M,4319661.0,301280.0,11
201700008340,17,9,23,1755,1,2,6,1.0,3.0,11262,M,4316808.0,298824.0,11
201700008341,17,9,30,945,1,2,2,1.0,3.0,11262,M,4318307.0,301347.0,11
201700008342,17,10,2,1149,1,2,1,2.0,1.0,11262,M,4316636.0,297707.0,11
201700008343,17,10,10,1430,1,2,1,1.0,7.0,11262,M,4318012.0,300222.0,11
201700008344,17,10,16,1536,1,2,1,1.0,6.0,11262,M,4318679.0,299154.0,11
201700008345,17,10,17,1750,1,2,1,1.0,3.0,11262,M,4318439.0,297674.0,11
201700008346,17,10,18,1742,1,2,2,1.0,3.0,11262,M,4318752.0,301502.0,11
201700008347,17,10,13,1335,1,2,2,1.0,5.0,11262,M,4319609.0,301304.0,11
201700008348,17,10,19,1045,1,2,1,2.0,3.0,11262,M,4319135.0,301462.0,11
201700008349,17,10,23,920,1,2,1,1.0,3.0,11262,M,4317806.0,301217.0,11
201700008350,17,10,26,1615,1,2,1,1.0,6.0,11262,M,4317898.0,299682.0,11
201700008351,17,10,29,1740,1,2,1,1.0,3.0,11262,M,4318863.0,300701.0,11
201700008352,17,10,30,1455,1,2,1,1.0,6.0,11262,M,4318876.0,298471.0,11
201700008353,17,10,31,2050,5,2,2,1.0,3.0,11262,M,4318837.0,300439.0,11
201700008354,17,11,1,955,1,2,1,1.0,3.0,11262,M,4319294.0,301167.0,11
201700008355,17,11,3,1815,5,2,3,8.0,6.0,11262,M,4319123.0,301619.0,11
201700008356,17,11,8,1840,5,1,1,1.0,4.0,11262,M,4316751.0,298410.0,11
201700008357,17,11,9,1610,1,2,2,1.0,3.0,11262,M,4318614.0,302384.0,11
201700008358,17,11,15,1500,1,2,2,1.0,2.0,11262,M,4319118.0,301773.0,11
201700008359,17,11,16,1558,1,2,2,1.0,2.0,11262,M,4318789.0,301031.0,11
201700008360,17,11,17,1211,1,2,1,1.0,3.0,11262,M,4315428.0,298389.0,11
201700008361,17,11,20,1230,1,2,1,1.0,3.0,11262,M,4316219.0,298883.0,11
201700008362,17,11,20,1715,1,2,1,1.0,5.0,11262,M,4318115.0,297547.0,11
201700008363,17,11,21,1550,1,2,2,1.0,3.0,11262,M,4318164.0,298386.0,11
201700008364,17,11,26,1415,1,2,6,1.0,3.0,11262,M,4318673.0,297288.0,11
201700008365,17,11,24,1905,3,1,1,1.0,4.0,11262,M,4316819.0,298308.0,11
201700008366,17,11,24,1700,1,2,1,1.0,6.0,11262,M,4318728.0,300963.0,11
201700008367,17,11,27,1030,1,2,2,1.0,6.0,11262,M,4318572.0,299860.0,11
201700008368,17,11,28,927,1,2,1,1.0,6.0,11262,M,4318417.0,298200.0,11
201700008369,17,12,3,530,3,2,1,1.0,2.0,11262,M,4314775.0,300489.0,11
201700008370,17,12,7,825,1,2,1,1.0,6.0,11262,M,4319286.0,301166.0,11
201700008371,17,12,8,1835,5,2,1,1.0,6.0,11262,M,4318527.0,301471.0,11
201700008372,17,12,12,1745,2,2,1,8.0,3.0,11262,M,4316159.0,298780.0,11
201700008373,17,12,17,130,3,1,1,1.0,6.0,11262,M,4317028.0,297949.0,11
201700008374,17,12,15,1220,1,2,1,1.0,4.0,11262,M,4316198.0,298375.0,11
201700008375,17,12,23,1010,1,2,2,1.0,3.0,11262,M,4318708.0,298297.0,11
201700008376,17,12,29,1935,5,2,2,1.0,3.0,11262,M,4318502.0,299933.0,11
201700008377,17,1,7,1235,1,1,1,4.0,6.0,60453,M,4932021.0,208604.0,60
201700008378,17,2,26,2340,3,1,1,1.0,6.0,60395,M,4923082.0,210623.0,60
201700008379,17,4,10,1415,1,1,1,1.0,6.0,60570,M,4926262.0,209369.0,60
201700008380,17,4,23,1540,1,1,1,1.0,2.0,60692,M,4963845.0,221259.0,60
201700008381,17,5,7,1000,1,1,1,2.0,2.0,60480,M,4949858.0,217109.0,60
201700008382,17,7,5,750,1,1,9,1.0,2.0,60009,M,4939431.0,211991.0,60
201700008383,17,8,13,1920,1,1,1,1.0,6.0,60299,M,4961648.0,220917.0,60
201700008384,17,8,24,1100,1,1,1,1.0,6.0,60009,M,4939431.0,211991.0,60
201700008385,17,11,10,356,3,1,1,2.0,1.0,60082,M,4968272.0,223771.0,60
201700008386,17,3,10,1730,1,1,1,1.0,2.0,13091,M,4362621.0,529194.0,13
201700008387,17,5,15,1145,1,2,8,7.0,6.0,13050,M,4364901.0,526537.0,13
201700008388,17,6,4,2045,1,1,1,1.0,1.0,13050,M,4369007.0,528182.0,13
201700008389,17,6,9,600,1,1,1,1.0,6.0,13082,M,,,13
201700008390,17,7,5,1945,1,1,1,1.0,7.0,13050,M,4362148.0,526210.0,13
201700008391,17,7,17,820,1,1,1,7.0,2.0,13050,M,4365409.0,527303.0,13
201700008392,17,10,25,745,2,1,1,1.0,4.0,13050,M,4365177.0,524570.0,13
201700008393,17,11,12,1730,1,1,1,1.0,6.0,13091,M,4360753.0,531008.0,13
201700008394,17,1,9,1300,1,1,1,1.0,2.0,30036,M,4378041.0,429298.0,30
201700008395,17,2,10,1340,1,1,1,1.0,5.0,30344,M,4373964.0,424324.0,30
201700008396,17,2,17,730,2,1,1,5.0,3.0,30169,M,4378404.0,431282.0,30
201700008397,17,2,27,1015,1,1,1,8.0,7.0,30036,M,4377173.0,427833.0,30
201700008398,17,5,7,2330,3,1,1,1.0,1.0,30344,M,4373511.0,423561.0,30
201700008399,17,6,10,840,1,2,1,1.0,1.0,30036,M,4377988.0,429217.0,30
201700008400,17,6,18,2000,2,1,3,7.0,1.0,30033,M,4373339.0,429665.0,30
201700008401,17,6,22,230,5,2,6,1.0,7.0,30169,M,4379944.0,431620.0,30
201700008402,17,6,23,1515,1,1,2,1.0,1.0,30169,M,4378336.0,429876.0,30
201700008403,17,9,5,1430,1,1,1,1.0,1.0,30169,M,,,30
201700008404,17,9,25,922,1,1,1,1.0,6.0,30344,M,4373085.0,423827.0,30
201700008405,17,10,20,1755,1,1,3,1.0,1.0,30333,M,4373787.0,428495.0,30
201700008406,17,11,20,1400,1,1,1,1.0,1.0,30344,M,4374242.0,420988.0,30
201700008407,17,1,14,40,3,1,1,8.0,2.0,31107,M,4330910.0,119903.0,31
201700008408,17,2,8,1100,1,1,1,3.0,4.0,31181,M,4340953.0,129451.0,31
201700008409,17,4,22,115,3,1,1,1.0,6.0,31476,M,4327495.0,113929.0,31
201700008410,17,8,3,1815,1,1,1,1.0,2.0,31104,M,4334081.0,125362.0,31
201700008411,17,8,23,1519,1,1,1,1.0,2.0,31458,M,4350615.0,135295.0,31
201700008412,17,10,15,1520,1,1,1,1.0,6.0,31458,M,4351667.0,137796.0,31
201700008413,17,11,14,1545,1,2,3,1.0,3.0,31157,M,4353832.0,134054.0,31
201700008414,17,11,21,815,1,1,1,1.0,2.0,31395,M,4347256.0,131835.0,31
201700008415,17,11,29,820,1,1,1,1.0,7.0,31458,M,4350730.0,135427.0,31
201700008416,17,12,4,835,1,2,1,1.0,2.0,31157,M,4353640.0,136484.0,31
201700008417,17,3,21,815,1,1,1,1.0,1.0,76494,M,4956929.0,39334.0,76
201700008418,17,6,13,736,1,1,1,1.0,5.0,76533,M,4949921.0,27361.0,76
201700008419,17,7,8,1645,1,1,1,1.0,6.0,76533,M,4949261.0,26464.0,76
201700008420,17,7,25,1400,1,1,1,1.0,6.0,76239,M,4952224.0,30498.0,76
201700008421,17,8,14,1145,1,1,1,1.0,6.0,76489,M,4950133.0,28641.0,76
201700008422,17,11,4,1215,1,1,1,3.0,7.0,76657,M,4946807.0,34642.0,76
201700008423,17,4,5,1630,1,1,1,1.0,6.0,31537,M,4312621.0,80512.0,31
201700008424,17,4,21,845,1,1,1,1.0,6.0,31083,M,4323399.0,87401.0,31
201700008425,17,11,20,1505,1,1,1,1.0,6.0,31124,M,4312983.0,85224.0,31
201700008426,17,4,24,1215,1,1,1,7.0,1.0,49125,M,4718051.0,-27842.0,49
201700008427,17,8,11,1515,1,1,1,1.0,3.0,49215,M,4712843.0,-12467.0,49
201700008428,17,10,4,1400,1,1,3,9.0,3.0,49180,M,4742070.0,-10776.0,49
201700008429,17,10,11,1549,1,1,1,7.0,1.0,49368,M,4736186.0,2930.0,49
201700008430,17,11,4,1842,5,2,3,2.0,6.0,49234,M,4743792.0,15690.0,49
201700008431,17,11,29,1450,1,1,1,1.0,1.0,49052,M,4760595.0,22204.0,49
201700008432,17,12,14,1455,1,1,1,8.0,2.0,49138,M,4747632.0,-19997.0,49
201700008433,17,12,22,755,2,1,1,1.0,6.0,49123,M,4722338.0,-12372.0,49
201700008434,17,12,23,1340,1,1,1,1.0,6.0,49280,M,4749537.0,-22074.0,49
201700008435,17,12,23,1736,3,1,1,1.0,6.0,49049,M,4743078.0,-15676.0,49
201700008436,17,6,15,1620,1,2,1,1.0,6.0,01194,M,4598466.0,475596.0,01
201700008437,17,7,17,640,1,1,1,1.0,1.0,01443,M,4599238.0,504853.0,01
201700008438,17,11,13,2025,5,2,1,3.0,3.0,01443,M,,,01
201700008439,17,1,7,915,1,1,1,9.0,6.0,80160,M,4985220.0,235160.0,80
201700008440,17,1,7,950,1,1,1,9.0,6.0,80799,M,4985399.0,251311.0,80
201700008441,17,1,24,2120,3,1,1,5.0,2.0,80261,M,4985787.0,227700.0,80
201700008442,17,1,28,2130,3,1,1,1.0,6.0,80485,M,4976751.0,223249.0,80
201700008443,17,3,27,1638,1,1,1,1.0,3.0,80159,M,4985708.0,249308.0,80
201700008444,17,5,25,1255,1,1,1,1.0,6.0,80793,M,5000902.0,216303.0,80
201700008445,17,6,2,1125,1,1,1,1.0,2.0,80100,M,5001251.0,212622.0,80
201700008446,17,8,14,810,1,1,1,1.0,2.0,80159,M,4985898.0,247917.0,80
201700008447,17,9,14,2339,3,1,1,2.0,6.0,80632,M,4988130.0,222080.0,80
201700008448,17,10,6,1640,1,1,1,1.0,2.0,80724,M,4987161.0,219483.0,80
201700008449,17,1,6,835,1,1,1,1.0,2.0,71177,M,4648961.0,531186.0,71
201700008450,17,2,18,1950,3,1,1,1.0,3.0,39180,M,4652796.0,545825.0,39
201700008451,17,3,6,1520,1,1,1,6.0,6.0,71027,M,,,71
201700008452,17,3,30,1644,1,1,1,1.0,3.0,39177,M,4669563.0,566258.0,39
201700008453,17,5,23,1130,1,1,1,1.0,7.0,39489,M,4682497.0,563822.0,39
201700008454,17,6,22,705,1,1,1,1.0,6.0,39508,M,4681670.0,553746.0,39
201700008455,17,7,3,830,1,1,1,1.0,1.0,39423,M,4652535.0,562776.0,39
201700008456,17,7,15,645,2,1,1,1.0,6.0,71300,M,4654271.0,532921.0,71
201700008457,17,10,11,1830,1,2,4,1.0,3.0,39431,M,4659636.0,562936.0,39
201700008458,17,10,19,1220,1,1,1,1.0,7.0,71300,M,4653046.0,531698.0,71
201700008459,17,10,20,1945,3,1,1,1.0,7.0,71506,M,4663608.0,539353.0,71
201700008460,17,11,2,530,3,1,1,1.0,6.0,39471,M,4672498.0,550572.0,39
201700008461,17,11,27,1430,1,1,1,1.0,2.0,71300,M,4653770.0,532563.0,71
201700008462,17,5,6,2000,1,1,1,2.0,1.0,12013,M,4454680.0,225079.0,12
201700008463,17,5,16,1501,1,2,6,1.0,2.0,12089,M,4456090.0,225466.0,12
201700008464,17,5,17,1850,1,2,2,1.0,1.0,12083,M,4452510.0,227473.0,12
201700008465,17,5,30,1805,1,2,1,1.0,2.0,12089,M,4456310.0,224294.0,12
201700008466,17,6,13,1220,1,2,1,1.0,1.0,12100,M,4453390.0,232008.0,12
201700008467,17,6,9,1155,1,1,2,1.0,3.0,12089,M,4455770.0,227697.0,12
201700008468,17,6,20,1835,1,2,1,1.0,1.0,12100,M,4453860.0,231455.0,12
201700008469,17,9,4,1030,1,2,1,1.0,3.0,12089,M,4456710.0,225152.0,12
201700008470,17,8,27,1930,1,2,1,1.0,1.0,12089,M,4455470.0,225244.0,12
201700008471,17,12,3,1730,2,1,4,1.0,2.0,12089,M,4459380.0,225057.0,12
201700008472,17,3,10,2000,5,2,2,1.0,3.0,12145,M,,,12
201700008473,17,4,2,1830,1,2,7,1.0,3.0,12145,M,4410360.0,307989.0,12
201700008474,17,4,4,1210,1,2,3,1.0,3.0,12145,M,4410790.0,307366.0,12
201700008475,17,4,28,1735,1,2,1,1.0,6.0,12145,M,4409490.0,307719.0,12
201700008476,17,6,9,1105,1,1,1,1.0,6.0,12145,M,,,12
201700008477,17,6,30,1845,1,2,3,8.0,3.0,12145,M,,,12
201700008478,17,8,24,1515,1,2,8,1.0,3.0,12145,M,,,12
201700008479,17,9,20,1653,1,2,4,1.0,3.0,12145,M,4408880.0,306035.0,12
201700008480,17,12,25,1725,2,2,1,1.0,3.0,12145,M,4410180.0,307318.0,12
201700008481,17,1,25,645,5,2,3,1.0,6.0,12176,M,,,12
201700008482,17,1,25,815,2,1,1,2.0,1.0,12176,M,,,12
201700008483,17,2,16,1605,1,1,2,1.0,6.0,12176,M,4437900.0,253610.0,12
201700008484,17,3,17,900,1,2,1,1.0,4.0,12202,M,,,12
201700008485,17,4,4,1245,1,1,1,1.0,6.0,12176,M,4437330.0,263528.0,12
201700008486,17,4,23,1620,1,2,1,1.0,6.0,12202,M,,,12
201700008487,17,5,5,1555,1,2,1,1.0,7.0,12202,M,,,12
201700008488,17,5,17,915,1,2,4,1.0,6.0,12202,M,4435280.0,257771.0,12
201700008489,17,5,21,1820,1,1,1,1.0,1.0,12146,M,4432890.0,258478.0,12
201700008490,17,5,29,1105,1,2,1,1.0,3.0,12202,M,,,12
201700008491,17,6,5,1500,1,1,1,1.0,3.0,12202,M,,,12
201700008492,17,6,13,1630,1,1,1,1.0,6.0,12202,M,,,12
201700008493,17,7,22,1805,1,2,1,1.0,6.0,12202,M,,,12
201700008494,17,8,21,1510,1,1,1,7.0,2.0,12176,M,,,12
201700008495,17,10,13,2,3,1,6,1.0,6.0,12176,M,4437120.0,256833.0,12
201700008496,17,10,21,50,3,1,1,5.0,7.0,12176,M,4437260.0,261679.0,12
201700008497,17,10,25,2005,5,1,1,1.0,3.0,12174,M,,,12
201700008498,17,11,16,800,2,1,1,1.0,5.0,12176,M,,,12
201700008499,17,12,19,2020,5,2,1,1.0,3.0,12176,M,,,12
201700008500,17,12,20,1815,2,2,1,1.0,6.0,12202,M,,,12
201700008501,17,5,4,1204,1,1,1,1.0,2.0,46240,M,4480162.0,166961.0,46
201700008502,17,4,13,1845,1,1,1,1.0,7.0,38524,M,4507650.0,567927.0,38
201700008503,17,6,7,1510,1,1,9,1.0,3.0,38329,M,4483917.0,587534.0,38
201700008504,17,6,12,1150,1,1,1,1.0,7.0,38524,M,4509113.0,566930.0,38
201700008505,17,10,19,905,1,1,9,1.0,2.0,38052,M,4507116.0,601881.0,38
201700008506,17,4,9,1428,1,1,1,1.0,6.0,45061,M,4806213.0,276710.0,45
201700008507,17,6,2,105,3,1,1,1.0,7.0,45036,M,4779097.0,270627.0,45
201700008508,17,2,10,1910,3,1,1,1.0,1.0,24289,M,4485324.0,7927.0,24
201700008509,17,3,5,2130,3,1,1,2.0,7.0,24189,M,4488168.0,20223.0,24
201700008510,17,3,8,1820,1,1,9,1.0,3.0,24370,M,4484597.0,14549.0,24
201700008511,17,3,14,850,1,2,3,1.0,4.0,24226,M,4485161.0,2676.0,24
201700008512,17,5,11,1140,1,1,1,1.0,1.0,24494,M,4493921.0,18403.0,24
201700008513,17,9,11,810,1,1,1,8.0,3.0,24335,M,4485238.0,20960.0,24
201700008514,17,9,23,1745,1,1,1,1.0,6.0,24584,M,4495058.0,5974.0,24
201700008515,17,9,25,1735,1,2,1,7.0,6.0,24335,M,4484348.0,20432.0,24
201700008516,17,12,12,1235,1,2,9,7.0,6.0,24289,M,4485283.0,6386.0,24
201700008517,17,1,25,1825,2,1,1,1.0,2.0,24538,M,4481967.0,99180.0,24
201700008518,17,3,20,820,1,1,1,8.0,7.0,24538,M,4481437.0,99597.0,24
201700008519,17,4,8,2000,1,2,1,1.0,7.0,24035,M,4477470.0,100638.0,24
201700008520,17,7,7,1807,1,1,1,1.0,6.0,24035,M,4477008.0,101598.0,24
201700008521,17,8,1,1655,1,1,1,1.0,6.0,24039,M,4467146.0,114558.0,24
201700008522,17,1,31,1008,1,1,1,2.0,3.0,53240,M,4782153.0,-104648.0,53
201700008523,17,11,7,701,3,1,1,1.0,2.0,53077,M,4791643.0,-92280.0,53
201700008524,17,11,23,726,3,1,1,8.0,2.0,53101,M,4785610.0,-69268.0,53
201700008525,17,12,17,2305,5,2,1,1.0,1.0,53084,M,4784350.0,-94714.0,53
201700008526,17,3,27,1005,1,1,1,1.0,7.0,10379,M,4852391.0,416830.0,10
201700008527,17,4,27,240,3,1,1,1.0,2.0,10426,M,4811246.0,477970.0,10
201700008528,17,6,17,1900,1,1,1,1.0,7.0,10095,M,4856258.0,417543.0,10
201700008529,17,8,19,2100,2,1,1,1.0,2.0,10426,M,4811556.0,476479.0,10
201700008530,17,9,5,920,1,1,1,1.0,7.0,10379,M,4852391.0,416830.0,10
201700008531,17,1,12,510,4,1,4,8.0,1.0,13001,M,4348862.0,540898.0,13
201700008532,17,1,16,650,5,2,1,1.0,7.0,13001,M,4352353.0,543770.0,13
201700008533,17,1,19,1850,3,1,1,1.0,4.0,13001,M,,,13
201700008534,17,1,31,1440,1,2,1,1.0,7.0,13001,M,,,13
201700008535,17,2,1,1545,1,2,3,1.0,6.0,13001,M,,,13
201700008536,17,2,3,2245,3,1,1,1.0,5.0,13001,M,4357660.0,538528.0,13
201700008537,17,2,3,730,2,2,1,1.0,6.0,13001,M,4351782.0,546567.0,13
201700008538,17,2,8,2015,3,1,4,1.0,4.0,13001,M,,,13
201700008539,17,2,21,1,5,2,1,1.0,3.0,13001,M,,,13
201700008540,17,2,22,855,1,1,1,1.0,3.0,13001,M,,,13
201700008541,17,2,24,1220,1,1,1,1.0,3.0,13001,M,4350628.0,540807.0,13
201700008542,17,3,1,805,1,2,1,1.0,6.0,13001,M,4351731.0,543796.0,13
201700008543,17,3,1,1925,5,1,2,1.0,3.0,13001,M,4356179.0,546266.0,13
201700008544,17,3,2,20,5,2,1,1.0,3.0,13001,M,4352713.0,544361.0,13
201700008545,17,3,3,1203,1,1,1,1.0,6.0,13001,M,,,13
201700008546,17,3,4,1400,1,1,1,2.0,6.0,13001,M,,,13
201700008547,17,3,4,2030,3,1,1,1.0,1.0,13001,M,4350957.0,538416.0,13
201700008548,17,3,9,708,1,1,1,1.0,7.0,13001,M,,,13
201700008549,17,3,10,15,5,2,6,1.0,6.0,13001,M,4351303.0,544251.0,13
201700008550,17,2,26,1745,1,2,1,1.0,2.0,13001,M,,,13
201700008551,17,3,29,2130,5,2,1,1.0,6.0,13001,M,4353552.0,540660.0,13
201700008552,17,3,30,1340,1,2,1,1.0,3.0,13001,M,,,13
201700008553,17,4,1,1600,1,1,1,3.0,6.0,13001,M,4345744.0,530681.0,13
201700008554,17,4,8,15,3,2,1,1.0,6.0,13001,M,,,13
201700008555,17,4,8,925,1,1,1,1.0,6.0,13001,M,4356842.0,539872.0,13
201700008556,17,4,9,620,2,1,6,1.0,7.0,13001,M,4356476.0,540487.0,13
201700008557,17,4,14,1920,1,2,3,1.0,6.0,13001,M,4352395.0,544657.0,13
201700008558,17,4,15,5,3,2,1,1.0,7.0,13001,M,4351249.0,547794.0,13
201700008559,17,4,19,1740,1,1,1,1.0,1.0,13001,M,4352508.0,538823.0,13
201700008560,17,4,23,1255,1,2,3,1.0,3.0,13001,M,4352094.0,543425.0,13
201700008561,17,5,12,1045,1,1,9,1.0,2.0,13001,M,,,13
201700008562,17,5,12,2100,2,2,2,1.0,3.0,13001,M,4353087.0,544027.0,13
201700008563,17,5,19,1940,1,2,1,1.0,6.0,13001,M,4352477.0,546038.0,13
201700008564,17,5,21,200,3,1,1,1.0,1.0,13001,M,,,13
201700008565,17,5,27,2015,1,2,1,1.0,6.0,13001,M,4353327.0,541744.0,13
201700008566,17,5,30,745,1,1,1,1.0,3.0,13001,M,4355810.0,541584.0,13
201700008567,17,6,5,2300,5,2,1,1.0,3.0,13001,M,4350949.0,544099.0,13
201700008568,17,6,6,1845,1,1,1,1.0,5.0,13001,M,4356178.0,543108.0,13
201700008569,17,6,8,1200,1,2,3,1.0,3.0,13001,M,4349093.0,537051.0,13
201700008570,17,6,2,1510,1,1,1,1.0,4.0,13001,M,,,13
201700008571,17,6,7,1655,1,1,1,1.0,3.0,13001,M,4350625.0,540956.0,13
201700008572,17,7,1,1520,1,1,6,1.0,3.0,13001,M,4355782.0,543417.0,13
201700008573,17,6,29,715,1,2,1,1.0,6.0,13001,M,4352825.0,543216.0,13
201700008574,17,7,4,945,1,1,1,1.0,1.0,13001,M,4346791.0,535093.0,13
201700008575,17,7,5,1350,1,1,1,1.0,1.0,13001,M,4350947.0,538414.0,13
201700008576,17,7,11,225,3,1,1,1.0,6.0,13001,M,,,13
201700008577,17,7,8,1010,1,1,2,1.0,1.0,13001,M,4350298.0,534788.0,13
201700008578,17,6,16,1230,1,1,1,1.0,3.0,13001,M,4349666.0,540355.0,13
201700008579,17,7,21,450,5,2,9,1.0,2.0,13001,M,4352930.0,545375.0,13
201700008580,17,7,23,125,5,1,2,1.0,3.0,13001,M,4355898.0,544276.0,13