Num_Acc,an,mois,jour,hrmn,lum,agg,int,atm,col,com,gps,lat,long,dep
201700008581,17,7,23,1040,1,2,1,1.0,1.0,13001,M,4352838.0,542802.0,13
201700008582,17,7,23,2045,1,2,1,1.0,3.0,13001,M,4353202.0,542276.0,13
201700008583,17,7,27,1030,1,2,2,1.0,1.0,13001,M,4350809.0,540644.0,13
201700008584,17,7,28,1610,1,2,1,1.0,3.0,13001,M,4354312.0,544081.0,13
201700008585,17,8,3,1130,1,1,1,1.0,3.0,13001,M,4353845.0,543057.0,13
201700008586,17,8,9,1300,1,1,1,1.0,6.0,13001,M,,,13
201700008587,17,8,10,500,5,2,3,1.0,6.0,13001,M,4353034.0,543835.0,13
201700008588,17,8,10,1930,1,2,1,1.0,3.0,13001,M,4886272.0,228759.0,13
201700008589,17,8,12,1025,1,1,1,1.0,3.0,13001,M,,,13
201700008590,17,8,12,1945,2,2,1,7.0,6.0,13001,M,4352136.0,542155.0,13
201700008591,17,8,18,945,1,2,1,1.0,1.0,13001,M,4352000.0,546000.0,13
201700008592,17,8,9,1350,1,1,4,1.0,6.0,13001,M,4356142.0,545535.0,13
201700008593,17,8,24,1840,1,1,1,1.0,6.0,13001,M,4350439.0,539408.0,13
201700008594,17,9,4,2050,3,1,6,1.0,3.0,13001,M,4350578.0,541197.0,13
201700008595,17,9,5,1,3,1,1,1.0,7.0,13001,M,4353683.0,543180.0,13
201700008596,17,9,5,2020,3,2,1,1.0,6.0,13001,M,4353564.0,534842.0,13
201700008597,17,9,12,1010,1,2,1,1.0,1.0,13001,M,4348944.0,540746.0,13
201700008598,17,9,14,1710,1,1,9,1.0,2.0,13001,M,,,13
201700008599,17,9,26,1610,1,2,1,1.0,2.0,13001,M,4352346.0,544981.0,13
201700008600,17,9,30,315,5,2,1,1.0,6.0,13001,M,4352294.0,543713.0,13
201700008601,17,10,8,520,3,1,1,1.0,6.0,13001,M,4349702.0,537707.0,13
201700008602,17,10,3,1300,1,2,1,1.0,3.0,13001,M,4348525.0,541864.0,13
201700008603,17,10,13,1200,1,1,1,1.0,1.0,13001,M,4355201.0,546461.0,13
201700008604,17,10,17,900,1,2,1,1.0,3.0,13001,M,4348532.0,538428.0,13
201700008605,17,10,25,1755,1,2,1,1.0,2.0,13001,M,,,13
201700008606,17,11,1,1100,1,2,1,1.0,6.0,13001,M,4352413.0,543502.0,13
201700008607,17,11,3,1030,1,2,6,1.0,3.0,13001,M,4353213.0,541823.0,13
201700008608,17,11,4,1300,1,2,1,1.0,3.0,13001,M,4351273.0,546086.0,13
201700008609,17,11,7,650,3,1,1,1.0,2.0,13001,M,4351653.0,531497.0,13
201700008610,17,11,5,340,5,2,1,3.0,6.0,13001,M,4351548.0,545296.0,13
201700008611,17,11,8,1215,1,1,2,1.0,3.0,13001,M,4359884.0,546394.0,13
201700008612,17,11,9,1000,1,2,1,1.0,2.0,13001,M,4352900.0,545388.0,13
201700008613,17,11,9,1715,2,2,7,1.0,6.0,13001,M,4352479.0,543909.0,13
201700008614,17,11,17,2030,5,2,1,1.0,7.0,13001,M,4350568.0,539415.0,13
201700008615,17,11,23,1800,2,2,1,1.0,2.0,13001,M,4351444.0,546448.0,13
201700008616,17,10,4,600,3,1,1,1.0,6.0,13001,M,4354087.0,537498.0,13
201700008617,17,11,27,750,1,2,1,1.0,6.0,13001,M,4353372.0,545108.0,13
201700008618,17,11,27,1235,1,2,9,1.0,2.0,13001,M,4351924.0,543627.0,13
201700008619,17,11,28,1740,3,2,1,1.0,6.0,13001,M,4352827.0,543102.0,13
201700008620,17,12,1,2230,4,1,9,1.0,7.0,13001,M,4352900.0,542700.0,13
201700008621,17,12,2,1747,5,2,1,8.0,6.0,13001,M,4351424.0,546261.0,13
201700008622,17,12,2,2300,3,1,1,1.0,6.0,13001,M,4359800.0,537800.0,13
201700008623,17,12,2,910,1,1,1,4.0,6.0,13001,M,4351471.0,535529.0,13
201700008624,17,12,3,2330,3,2,1,1.0,7.0,13001,M,4355050.0,543270.0,13
201700008625,17,12,6,1310,1,2,2,1.0,3.0,13001,M,4351405.0,546140.0,13
201700008626,17,12,10,1750,5,2,3,2.0,3.0,13001,M,4352439.0,543971.0,13
201700008627,17,12,13,755,2,2,6,9.0,2.0,13001,M,4353481.0,543460.0,13
201700008628,17,12,12,1950,3,1,4,1.0,1.0,13001,M,4349939.0,538387.0,13
201700008629,17,12,17,600,5,1,3,1.0,3.0,13001,M,4355634.0,541875.0,13
201700008630,17,12,17,1230,1,1,1,1.0,2.0,13001,M,4353327.0,543025.0,13
201700008631,17,12,22,1034,1,2,1,1.0,6.0,13001,M,4355012.0,542889.0,13
201700008632,17,12,24,925,1,2,1,1.0,6.0,13001,M,4353207.0,541158.0,13
201700008633,17,12,22,1130,1,2,1,1.0,6.0,13001,M,4352487.0,542901.0,13
201700008634,17,12,31,1330,1,1,1,8.0,1.0,13001,M,4351739.0,541265.0,13
201700008635,17,1,17,1930,3,1,3,1.0,3.0,13004,M,,,13
201700008636,17,11,21,800,3,1,3,1.0,7.0,13004,M,4368293.0,465060.0,13
201700008637,17,1,18,1645,1,2,1,1.0,6.0,13004,M,4367513.0,462644.0,13
201700008638,17,2,3,1900,5,2,1,1.0,6.0,13004,M,,,13
201700008639,17,6,7,805,1,2,7,1.0,6.0,13004,M,4369694.0,464159.0,13
201700008640,17,6,25,2040,2,1,9,1.0,6.0,13004,M,,,13
201700008641,17,7,30,630,2,1,1,1.0,6.0,13004,M,4371587.0,464393.0,13
201700008642,17,8,29,2130,3,1,1,1.0,6.0,13004,M,4366321.0,468956.0,13
201700008643,17,8,26,1345,1,2,2,1.0,3.0,13004,M,,,13
201700008644,17,10,3,1140,1,2,2,1.0,3.0,13004,M,4368789.0,463578.0,13
201700008645,17,10,7,1315,1,2,1,1.0,3.0,13004,M,4366972.0,461923.0,13
201700008646,17,10,25,945,1,2,1,1.0,6.0,13004,M,4367518.0,463096.0,13
201700008647,17,11,15,1040,1,2,7,1.0,2.0,13004,M,4367717.0,462438.0,13
201700008648,17,11,23,100,3,1,1,1.0,7.0,13004,M,4365800.0,464600.0,13
201700008649,17,12,1,1230,1,2,3,1.0,2.0,13004,M,4368196.0,463459.0,13
201700008650,17,11,24,1740,3,1,1,1.0,6.0,13004,M,4365849.0,464727.0,13
201700008651,17,12,18,1215,1,2,6,2.0,2.0,13004,M,4368989.0,464373.0,13
201700008652,17,1,11,1500,1,2,1,1.0,6.0,13005,M,4328941.0,556752.0,13
201700008653,17,1,11,805,1,2,3,9.0,6.0,13005,M,4329150.0,558406.0,13
201700008654,17,1,14,1120,1,2,1,1.0,6.0,13070,M,4327712.0,552201.0,13
201700008655,17,1,16,1620,1,2,2,1.0,3.0,13070,M,4328193.0,551501.0,13
201700008656,17,1,17,1320,1,2,1,1.0,3.0,13005,M,4329766.0,558809.0,13
201700008657,17,1,18,1740,2,2,1,1.0,5.0,13005,M,4329645.0,556864.0,13
201700008658,17,1,19,1515,1,2,1,1.0,7.0,13005,M,4328326.0,553535.0,13
201700008659,17,1,22,1520,1,2,1,1.0,3.0,13005,M,4330158.0,557085.0,13
201700008660,17,1,26,1005,1,2,3,2.0,3.0,13005,M,4329434.0,555735.0,13
201700008661,17,2,4,345,5,2,6,2.0,6.0,13005,M,4328859.0,554764.0,13
201700008662,17,2,12,1600,1,2,1,1.0,2.0,13005,M,4330177.0,557096.0,13
201700008663,17,2,14,2200,5,1,1,1.0,3.0,13005,M,,,13
201700008664,17,2,16,915,1,2,1,1.0,3.0,13070,M,4328265.0,552996.0,13
201700008665,17,2,24,2110,5,2,2,1.0,3.0,13005,M,4328321.0,553313.0,13
201700008666,17,3,9,900,1,1,1,1.0,1.0,13005,M,4329597.0,558365.0,13
201700008667,17,3,9,1150,1,2,1,1.0,2.0,13070,M,4328501.0,551415.0,13
201700008668,17,3,9,1300,1,2,1,1.0,3.0,13005,M,4328614.0,560018.0,13
201700008669,17,3,15,1305,1,2,1,1.0,3.0,13005,M,4328800.0,554465.0,13
201700008670,17,3,27,1200,1,2,1,1.0,6.0,13005,M,,,13
201700008671,17,3,18,900,1,1,1,1.0,6.0,13070,M,,,13
201700008672,17,4,3,1405,1,1,1,1.0,4.0,13005,M,4329950.0,559096.0,13
201700008673,17,4,9,1745,1,1,6,1.0,2.0,13005,M,4329281.0,556277.0,13
201700008674,17,4,19,1505,1,2,1,1.0,7.0,13005,M,4330208.0,555895.0,13
201700008675,17,4,24,805,1,2,3,1.0,6.0,13005,M,4329580.0,556657.0,13
201700008676,17,4,22,1205,1,1,1,1.0,6.0,13005,M,4329513.0,559464.0,13
201700008677,17,4,24,1715,1,2,3,1.0,1.0,13005,M,4329406.0,556377.0,13
201700008678,17,5,10,1645,1,2,2,1.0,3.0,13005,M,4328769.0,558718.0,13
201700008679,17,5,11,1110,1,1,2,1.0,3.0,13005,M,4330876.0,560799.0,13
201700008680,17,5,14,1110,1,2,3,1.0,3.0,13005,M,4332581.0,559397.0,13
201700008681,17,5,14,1720,1,2,6,1.0,3.0,13070,M,4328685.0,551405.0,13
201700008682,17,5,18,800,1,1,3,1.0,2.0,13005,M,4331514.0,560075.0,13
201700008683,17,5,23,1730,1,2,1,1.0,2.0,13005,M,4329785.0,556911.0,13
201700008684,17,5,28,1120,1,2,1,1.0,7.0,13005,M,4329445.0,555774.0,13
201700008685,17,6,1,1350,1,1,1,1.0,7.0,13005,M,4327898.0,558698.0,13
201700008686,17,6,9,1250,1,1,1,1.0,3.0,13005,M,4331978.0,559441.0,13
201700008687,17,6,10,530,2,2,1,1.0,6.0,13005,M,4331761.0,558260.0,13
201700008688,17,6,17,1115,1,2,1,1.0,3.0,13005,M,4329493.0,556111.0,13
201700008689,17,6,21,1510,1,1,1,1.0,2.0,13005,M,4332364.0,559026.0,13
201700008690,17,6,27,1350,1,2,3,1.0,2.0,13005,M,4329752.0,557379.0,13
201700008691,17,6,29,1245,1,2,1,1.0,3.0,13005,M,4329480.0,556702.0,13
201700008692,17,7,4,1200,1,2,1,1.0,3.0,13005,M,4328682.0,558831.0,13
201700008693,17,7,6,1410,1,1,3,1.0,3.0,13005,M,4330512.0,559216.0,13
201700008694,17,8,9,2100,2,2,3,1.0,6.0,13070,M,4328149.0,552274.0,13
201700008695,17,8,9,2010,1,1,1,1.0,2.0,13005,M,4327294.0,559007.0,13
201700008696,17,8,14,1445,1,2,3,1.0,6.0,13005,M,4329573.0,556664.0,13
201700008697,17,8,18,1635,1,2,1,1.0,1.0,13005,M,4329577.0,556659.0,13
201700008698,17,9,6,1830,1,2,1,1.0,1.0,13005,M,4328295.0,554601.0,13
201700008699,17,9,14,925,1,2,1,1.0,3.0,13005,M,4330477.0,560245.0,13
201700008700,17,9,22,1045,1,2,6,1.0,3.0,13005,M,4329640.0,556862.0,13
201700008701,17,9,22,1615,1,1,1,1.0,2.0,13005,M,4331437.0,557894.0,13
201700008702,17,9,23,905,1,1,1,1.0,1.0,13005,M,4332086.0,558679.0,13
201700008703,17,9,23,1740,1,2,1,1.0,2.0,13005,M,4330116.0,557036.0,13
201700008704,17,9,27,1950,5,2,1,1.0,3.0,13005,M,4328804.0,554479.0,13
201700008705,17,9,27,1030,1,2,1,1.0,3.0,13005,M,4330228.0,557129.0,13
201700008706,17,10,3,835,1,2,2,1.0,5.0,13005,M,4330547.0,557256.0,13
201700008707,17,10,4,750,1,2,1,1.0,4.0,13070,M,4328137.0,551673.0,13
201700008708,17,10,13,1730,1,2,1,1.0,2.0,13005,M,4328436.0,559399.0,13
201700008709,17,10,16,2356,5,2,9,1.0,6.0,13005,M,4329128.0,556410.0,13
201700008710,17,10,20,1239,1,2,1,1.0,6.0,13005,M,4330153.0,557079.0,13
201700008711,17,10,30,1200,1,1,1,1.0,3.0,13005,M,4328528.0,559074.0,13
201700008712,17,10,19,1510,1,1,1,1.0,3.0,13005,M,4330386.0,560653.0,13
201700008713,17,11,3,1800,5,2,4,1.0,3.0,13070,M,4328151.0,552272.0,13
201700008714,17,11,4,2100,5,1,9,1.0,3.0,13005,M,4330731.0,557354.0,13
201700008715,17,11,5,920,1,2,6,1.0,2.0,13005,M,4328733.0,558254.0,13
201700008716,17,11,10,845,1,2,7,7.0,2.0,13005,M,4329309.0,557136.0,13
201700008717,17,11,16,1730,5,1,3,1.0,3.0,13005,M,4330922.0,559275.0,13
201700008718,17,11,21,930,1,1,9,7.0,6.0,13070,M,4328207.0,551502.0,13
201700008719,17,11,22,720,5,2,1,1.0,6.0,13005,M,4328781.0,557883.0,13
201700008720,17,11,19,1735,2,2,2,1.0,3.0,13005,M,4330057.0,556971.0,13
201700008721,17,11,25,1300,1,1,1,8.0,5.0,13005,M,4330730.0,559230.0,13
201700008722,17,11,27,1030,1,2,1,1.0,6.0,13005,M,4329302.0,556760.0,13
201700008723,17,12,5,2130,5,2,1,1.0,3.0,13005,M,4328986.0,557163.0,13
201700008724,17,12,6,1855,5,1,1,1.0,1.0,13005,M,4328803.0,553934.0,13
201700008725,17,12,7,2010,3,1,1,2.0,3.0,13005,M,4327588.0,559048.0,13
201700008726,17,12,11,1700,5,2,1,2.0,6.0,13005,M,4328483.0,558170.0,13
201700008727,17,12,13,1030,1,1,1,1.0,1.0,13005,M,4330864.0,554798.0,13
201700008728,17,11,30,2340,5,2,1,1.0,2.0,13005,M,4329439.0,555792.0,13
201700008729,17,12,25,1505,1,2,2,8.0,2.0,13070,M,4328264.0,552998.0,13
201700008730,17,12,24,1205,1,1,3,1.0,3.0,13005,M,4327987.0,556519.0,13
201700008731,17,1,3,850,1,2,3,1.0,1.0,13028,M,4318907.0,560885.0,13
201700008732,17,1,4,800,2,2,2,1.0,2.0,13028,M,4319459.0,560058.0,13
201700008733,17,1,4,1345,1,2,4,1.0,7.0,13028,M,4317518.0,560524.0,13
201700008734,17,1,11,1950,3,2,1,1.0,3.0,13028,M,4319683.0,561320.0,13
201700008735,17,1,20,740,2,2,2,1.0,1.0,13028,M,4318302.0,561265.0,13
201700008736,17,1,30,1150,1,2,1,1.0,3.0,13028,M,4318538.0,560754.0,13
201700008737,17,2,3,1700,1,2,1,2.0,7.0,13028,M,4318684.0,560057.0,13
201700008738,17,2,14,1545,1,2,1,1.0,1.0,13028,M,4319296.0,560946.0,13
201700008739,17,2,17,1350,1,2,2,1.0,3.0,13028,M,4319271.0,563505.0,13
201700008740,17,2,17,1500,1,2,1,1.0,7.0,13028,M,4319005.0,562463.0,13
201700008741,17,2,18,1130,1,2,1,1.0,3.0,13028,M,4318707.0,560044.0,13
201700008742,17,2,18,1355,1,2,1,1.0,3.0,13028,M,4318515.0,560855.0,13
201700008743,17,2,23,730,1,2,6,1.0,3.0,13028,M,4319246.0,560955.0,13
201700008744,17,3,10,2210,5,2,3,1.0,2.0,13028,M,4318418.0,560647.0,13
201700008745,17,3,11,1605,1,2,1,1.0,5.0,13028,M,4319364.0,561035.0,13
201700008746,17,3,15,1730,1,2,1,1.0,1.0,13028,M,4319673.0,562075.0,13
201700008747,17,3,20,940,1,2,1,1.0,2.0,13028,M,4319230.0,560961.0,13
201700008748,17,3,20,1715,1,2,3,1.0,3.0,13028,M,4317817.0,560094.0,13
201700008749,17,3,27,1730,1,2,6,1.0,3.0,13028,M,4318903.0,562780.0,13
201700008750,17,3,28,1640,1,2,2,1.0,7.0,13028,M,4318592.0,560758.0,13
201700008751,17,4,6,1740,1,2,1,1.0,3.0,13028,M,4318935.0,564698.0,13
201700008752,17,4,7,1645,1,2,6,1.0,2.0,13028,M,4319242.0,560885.0,13
201700008753,17,4,8,1500,1,2,1,1.0,2.0,13028,M,4320893.0,562811.0,13
201700008754,17,4,11,1830,1,2,2,1.0,7.0,13028,M,4318574.0,560778.0,13
201700008755,17,4,16,1200,1,1,1,1.0,1.0,13028,M,,,13
201700008756,17,4,16,1615,1,2,1,1.0,3.0,13028,M,4317928.0,560191.0,13
201700008757,17,4,29,815,1,2,4,1.0,3.0,13028,M,4319076.0,564079.0,13
201700008758,17,5,8,2245,5,2,1,1.0,3.0,13028,M,4318186.0,561406.0,13
201700008759,17,5,3,1630,1,2,1,1.0,6.0,13028,M,,,13
201700008760,17,5,7,900,1,1,3,1.0,3.0,13028,M,4318079.0,567181.0,13
201700008761,17,5,13,1130,1,2,1,1.0,1.0,13028,M,4318171.0,560952.0,13
201700008762,17,5,15,1720,1,2,1,1.0,3.0,13028,M,4319045.0,563784.0,13
201700008763,17,5,24,1930,1,2,1,1.0,2.0,13028,M,4318985.0,562623.0,13
201700008764,17,5,28,1425,1,1,1,1.0,2.0,13028,M,4319460.0,559918.0,13
201700008765,17,5,31,1350,1,2,6,1.0,4.0,13028,M,4319246.0,560896.0,13
201700008766,17,6,2,1900,1,1,1,1.0,2.0,13028,M,4318963.0,564951.0,13
201700008767,17,6,13,2200,5,2,1,1.0,1.0,13028,M,4317656.0,560260.0,13
201700008768,17,6,21,915,1,2,1,1.0,3.0,13028,M,4318963.0,561686.0,13
201700008769,17,6,22,2315,3,2,2,1.0,3.0,13028,M,4319438.0,559988.0,13
201700008770,17,6,24,1615,1,2,2,1.0,3.0,13028,M,4318575.0,560775.0,13
201700008771,17,7,3,1200,1,1,1,1.0,4.0,13028,M,4320388.0,558831.0,13
201700008772,17,7,7,945,1,2,1,1.0,3.0,13028,M,4319129.0,562774.0,13
201700008773,17,7,14,200,5,2,1,1.0,2.0,13028,M,4318476.0,560704.0,13
201700008774,17,7,15,45,5,2,3,1.0,3.0,13028,M,4319821.0,563279.0,13
201700008775,17,7,14,2220,5,2,1,1.0,2.0,13028,M,4318571.0,562044.0,13
201700008776,17,7,15,2100,1,2,1,1.0,5.0,13028,M,4318383.0,561680.0,13
201700008777,17,7,12,1700,1,2,6,1.0,2.0,13028,M,4320024.0,559425.0,13
201700008778,17,7,18,1425,1,2,6,1.0,2.0,13028,M,4319183.0,560501.0,13
201700008779,17,7,24,1840,1,2,3,1.0,7.0,13028,M,4317673.0,561076.0,13
201700008780,17,8,3,752,1,2,1,1.0,6.0,13028,M,4318957.0,562887.0,13
201700008781,17,8,7,1430,1,2,1,1.0,4.0,13028,M,4318927.0,563462.0,13
201700008782,17,8,14,1550,1,2,3,1.0,3.0,13028,M,4318887.0,562876.0,13
201700008783,17,8,30,2220,5,2,1,1.0,3.0,13028,M,4318112.0,561306.0,13
201700008784,17,8,28,2000,1,2,6,1.0,2.0,13028,M,4319899.0,561666.0,13
201700008785,17,9,3,1540,1,2,9,1.0,2.0,13028,M,4318414.0,560649.0,13
201700008786,17,9,3,1830,1,1,1,1.0,3.0,13028,M,4320239.0,558909.0,13
201700008787,17,9,1,1600,1,2,1,1.0,3.0,13028,M,4319145.0,560232.0,13
201700008788,17,9,27,2030,5,2,2,1.0,3.0,13028,M,4318610.0,560746.0,13
201700008789,17,10,18,2010,5,2,2,1.0,3.0,13028,M,4319821.0,563280.0,13
201700008790,17,10,20,1750,1,2,2,1.0,3.0,13028,M,4319273.0,563504.0,13
201700008791,17,10,28,1045,1,2,1,1.0,6.0,13028,M,4319512.0,561182.0,13
201700008792,17,10,30,1700,1,2,1,1.0,3.0,13028,M,4318354.0,560190.0,13
201700008793,17,11,18,1400,1,2,1,1.0,2.0,13028,M,4318993.0,563616.0,13
201700008794,17,12,12,1430,1,2,1,1.0,6.0,13028,M,4318961.0,560343.0,13
201700008795,17,12,25,1830,5,2,1,1.0,6.0,13063,M,4358818.0,499767.0,13
201700008796,17,12,31,1600,1,1,1,1.0,7.0,13047,M,4348942.0,496995.0,13
201700008797,17,2,3,250,3,1,1,1.0,6.0,13047,M,,,13
201700008798,17,4,19,700,1,1,1,1.0,1.0,13047,M,,,13
201700008799,17,6,14,1650,1,1,1,1.0,1.0,13047,M,,,13
201700008800,17,7,2,450,3,1,1,1.0,6.0,13047,M,,,13
201700008801,17,6,17,2100,2,2,1,1.0,5.0,13063,M,,,13
201700008802,17,6,14,1700,1,1,1,1.0,1.0,13047,M,4355180.0,501146.0,13
201700008803,17,8,17,2235,3,1,2,1.0,3.0,13047,M,4359951.0,493555.0,13
201700008804,17,8,14,525,3,1,1,1.0,1.0,13047,M,4359296.0,496589.0,13
201700008805,17,5,1,1400,1,1,1,1.0,1.0,13063,M,4357522.0,498300.0,13
201700008806,17,5,17,810,1,2,3,1.0,3.0,13063,M,4358308.0,499468.0,13
201700008807,17,5,23,1100,1,1,1,1.0,4.0,13047,M,4359884.0,499317.0,13
201700008808,17,11,5,1000,1,1,1,2.0,5.0,13047,M,4333470.0,505800.0,13
201700008809,17,1,3,1800,2,2,1,1.0,2.0,13043,M,4339528.0,523038.0,13
201700008810,17,1,16,1530,1,2,1,1.0,6.0,13054,M,4341561.0,521511.0,13
201700008811,17,2,3,1000,1,2,1,8.0,1.0,13054,M,4340151.0,520087.0,13
201700008812,17,2,10,1325,1,2,1,1.0,1.0,13054,M,,,13
201700008813,17,2,10,1740,1,2,9,1.0,2.0,13043,M,4338679.0,522224.0,13
201700008814,17,2,14,1920,5,2,1,1.0,3.0,13054,M,4342419.0,521353.0,13
201700008815,17,2,15,1645,1,2,1,1.0,2.0,13102,M,4342046.0,523367.0,13
201700008816,17,2,17,1458,1,1,1,1.0,4.0,13054,M,,,13
201700008817,17,2,24,1720,1,2,2,1.0,3.0,13054,M,4341477.0,520739.0,13
201700008818,17,3,1,1730,1,1,1,1.0,2.0,13043,M,,,13
201700008819,17,3,3,1530,1,2,2,1.0,3.0,13043,M,4339500.0,523064.0,13
201700008820,17,3,6,700,2,2,1,2.0,5.0,13043,M,4339781.0,525535.0,13
201700008821,17,3,14,1250,1,2,1,1.0,3.0,13054,M,4341133.0,521901.0,13
201700008822,17,3,19,540,5,2,6,1.0,3.0,13054,M,4341121.0,521088.0,13
201700008823,17,3,25,1830,1,2,1,1.0,4.0,13054,M,,,13
201700008824,17,3,27,945,1,2,1,1.0,1.0,13054,M,,,13
201700008825,17,3,29,1130,1,2,1,1.0,2.0,13054,M,,,13
201700008826,17,3,29,1240,1,2,1,1.0,1.0,13102,M,4341270.0,525317.0,13
201700008827,17,3,31,1800,1,2,1,1.0,4.0,13043,M,4339650.0,524502.0,13
201700008828,17,1,1,531,5,2,2,1.0,6.0,13055,M,4330278.0,539661.0,13
201700008829,17,1,1,530,5,2,2,1.0,3.0,13055,M,4326481.0,540936.0,13
201700008830,17,1,1,1300,1,2,1,1.0,5.0,13055,M,4331768.0,544733.0,13
201700008831,17,1,1,2310,5,2,1,1.0,7.0,13055,M,4330044.0,538943.0,13
201700008832,17,1,2,1040,1,1,1,1.0,6.0,13055,M,4327020.0,538820.0,13
201700008833,17,1,3,950,1,2,1,1.0,3.0,13055,M,4323487.0,543798.0,13
201700008834,17,1,3,1020,1,2,3,1.0,6.0,13055,M,4334583.0,536615.0,13
201700008835,17,1,3,1121,1,2,1,1.0,6.0,13055,M,4328296.0,543277.0,13
201700008836,17,1,3,1015,1,1,1,1.0,3.0,13055,M,4332234.0,539229.0,13
201700008837,17,1,3,2110,5,2,1,1.0,5.0,13055,M,4332779.0,542727.0,13
201700008838,17,1,4,840,1,2,1,1.0,2.0,13055,M,4326988.0,537134.0,13
201700008839,17,1,4,1605,1,2,1,1.0,4.0,13055,M,4332988.0,540193.0,13
201700008840,17,1,1,530,5,2,1,1.0,6.0,13055,M,4332419.0,536276.0,13
201700008841,17,1,5,1340,1,2,1,1.0,6.0,13055,M,4332384.0,543696.0,13
201700008842,17,1,5,1730,5,2,1,1.0,2.0,13055,M,4329830.0,547880.0,13
201700008843,17,1,5,1205,1,2,1,1.0,7.0,13055,M,4329217.0,539532.0,13
201700008844,17,1,6,1110,1,2,1,1.0,3.0,13055,M,4328190.0,542748.0,13
201700008845,17,1,6,1416,1,2,1,1.0,2.0,13055,M,4324545.0,542892.0,13
201700008846,17,1,6,1650,1,1,1,1.0,7.0,13055,M,4324982.0,544641.0,13
201700008847,17,1,7,530,5,2,6,1.0,6.0,13055,M,4332823.0,539787.0,13
201700008848,17,12,26,330,5,2,3,2.0,3.0,13055,M,4329693.0,538120.0,13
201700008849,17,1,7,530,4,2,3,1.0,3.0,13055,M,4330064.0,538836.0,13
201700008850,17,1,7,1635,1,2,3,1.0,3.0,13055,M,4326767.0,537197.0,13
201700008851,17,1,7,1615,1,2,1,1.0,2.0,13055,M,4329360.0,549363.0,13
201700008852,17,1,7,1245,1,2,1,1.0,1.0,13055,M,4333662.0,545211.0,13
201700008853,17,1,8,1100,1,2,1,1.0,3.0,13055,M,4334266.0,537793.0,13
201700008854,17,1,8,2150,5,2,1,1.0,3.0,13055,M,4330451.0,541301.0,13
201700008855,17,1,1,1540,1,2,1,1.0,6.0,13055,M,4329882.0,539088.0,13
201700008856,17,1,4,820,1,2,1,1.0,1.0,13055,M,4328932.0,536314.0,13
201700008857,17,1,9,900,1,2,2,1.0,2.0,13055,M,4334913.0,535821.0,13
201700008858,17,1,9,1445,1,2,1,1.0,7.0,13002,M,4333267.0,548391.0,13
201700008859,17,1,9,1430,1,2,3,1.0,6.0,13055,M,4328891.0,543034.0,13
201700008860,17,1,10,830,1,2,1,1.0,2.0,13055,M,4326503.0,540909.0,13
201700008861,17,1,10,1200,1,2,1,2.0,3.0,13055,M,4327466.0,536063.0,13
201700008862,17,1,10,1730,5,2,1,2.0,2.0,13055,M,4324705.0,543080.0,13
201700008863,17,1,10,1300,1,2,2,2.0,6.0,13055,M,4329082.0,538107.0,13
201700008864,17,1,10,2230,5,2,1,1.0,6.0,13055,M,4330041.0,537448.0,13
201700008865,17,1,11,330,5,2,3,1.0,3.0,13055,M,4326596.0,537297.0,13
201700008866,17,1,9,2100,5,2,1,1.0,6.0,13055,M,4329999.0,538363.0,13
201700008867,17,1,11,800,1,2,3,1.0,1.0,13055,M,4325416.0,542082.0,13
201700008868,17,1,11,1915,5,2,3,1.0,3.0,13055,M,4331502.0,542980.0,13
201700008869,17,1,12,935,1,2,1,1.0,2.0,13055,M,4324274.0,539681.0,13
201700008870,17,1,12,1035,1,2,1,1.0,6.0,13002,M,4335578.0,548687.0,13
201700008871,17,1,11,1630,1,1,1,1.0,6.0,13055,M,4328850.0,537886.0,13
201700008872,17,1,12,1300,1,2,1,1.0,3.0,13055,M,4336570.0,535472.0,13
201700008873,17,1,12,1610,1,2,2,1.0,3.0,13055,M,4334429.0,544335.0,13
201700008874,17,1,12,1735,2,2,1,1.0,3.0,13055,M,4328463.0,543716.0,13
201700008875,17,1,12,1935,5,2,3,1.0,3.0,13055,M,4324414.0,537141.0,13
201700008876,17,1,12,2040,5,2,3,1.0,3.0,13055,M,4327927.0,541160.0,13
201700008877,17,1,12,2100,5,2,1,1.0,6.0,13055,M,4327225.0,539140.0,13
201700008878,17,1,13,648,5,2,1,1.0,3.0,13055,M,4326595.0,540329.0,13
201700008879,17,1,13,915,1,2,1,1.0,3.0,13055,M,4326771.0,538923.0,13
201700008880,17,1,13,1045,1,2,3,1.0,2.0,13055,M,4328090.0,540137.0,13
201700008881,17,1,2,1945,5,2,9,1.0,3.0,13055,M,4336729.0,535729.0,13
201700008882,17,1,10,1038,1,2,1,1.0,5.0,13055,M,4328719.0,538872.0,13
201700008883,17,1,13,1234,1,2,1,1.0,3.0,13055,M,4326725.0,540791.0,13
201700008884,17,1,13,1245,1,2,5,1.0,3.0,13055,M,4331727.0,538994.0,13
201700008885,17,1,13,1630,1,2,1,1.0,6.0,13055,M,4332467.0,543513.0,13
201700008886,17,1,13,1300,1,2,1,1.0,6.0,13055,M,4331394.0,537096.0,13
201700008887,17,1,13,2200,5,2,1,1.0,3.0,13055,M,4330313.0,537908.0,13
201700008888,17,1,14,230,5,2,3,1.0,3.0,13055,M,4330273.0,539819.0,13