Num_Acc,an,mois,jour,hrmn,lum,agg,int,atm,col,com,gps,lat,long,dep
201700008889,17,1,14,1045,1,2,1,1.0,1.0,13055,M,4332705.0,543694.0,13
201700008890,17,1,13,1815,5,2,1,6.0,6.0,13055,M,4328115.0,543963.0,13
201700008891,17,1,4,750,1,2,1,1.0,3.0,13055,M,4328518.0,539107.0,13
201700008892,17,1,14,1600,1,2,1,1.0,6.0,13055,M,4333211.0,542915.0,13
201700008893,17,1,15,220,5,2,3,1.0,3.0,13055,M,4328136.0,537852.0,13
201700008894,17,1,15,220,5,2,1,1.0,6.0,13055,M,4330922.0,550049.0,13
201700008895,17,1,14,1830,5,2,1,1.0,6.0,13055,M,4330709.0,537374.0,13
201700008896,17,1,15,1220,1,2,1,1.0,1.0,13055,M,4334689.0,536776.0,13
201700008897,17,1,12,1200,1,2,1,1.0,6.0,13055,M,4329470.0,538568.0,13
201700008898,17,1,15,1350,1,2,1,1.0,3.0,13055,M,4337670.0,535635.0,13
201700008899,17,1,15,1430,1,2,1,1.0,6.0,13055,M,4334123.0,536062.0,13
201700008900,17,1,15,1745,5,2,1,1.0,6.0,13055,M,4329363.0,537822.0,13
201700008901,17,1,15,1830,2,2,1,1.0,3.0,13055,M,4327384.0,540032.0,13
201700008902,17,1,15,2200,5,2,1,1.0,7.0,13055,M,4334886.0,537251.0,13
201700008903,17,1,16,800,1,2,1,1.0,6.0,13055,M,4330656.0,550997.0,13
201700008904,17,1,16,810,1,2,1,1.0,6.0,13055,M,4330664.0,541822.0,13
201700008905,17,1,16,900,1,2,2,1.0,6.0,13055,M,4324729.0,538256.0,13
201700008906,17,1,16,900,1,2,1,1.0,3.0,13055,M,4326798.0,541767.0,13
201700008907,17,1,15,2100,5,2,1,1.0,3.0,13055,M,4330980.0,536865.0,13
201700008908,17,1,3,1835,1,2,1,1.0,4.0,13055,M,4328932.0,535481.0,13
201700008909,17,1,16,1315,1,2,1,1.0,3.0,13055,M,4328332.0,543364.0,13
201700008910,17,1,11,940,1,2,1,1.0,6.0,13055,M,4329508.0,537449.0,13
201700008911,17,1,16,1620,2,2,1,1.0,7.0,13055,M,4330747.0,540178.0,13
201700008912,17,1,16,1850,5,2,1,1.0,6.0,13055,M,4330253.0,539690.0,13
201700008913,17,1,16,1750,2,2,1,1.0,6.0,13055,M,4334658.0,535502.0,13
201700008914,17,1,16,2320,5,2,1,1.0,6.0,13055,M,4323568.0,543604.0,13
201700008915,17,1,17,715,5,2,2,1.0,3.0,13055,M,4329560.0,538257.0,13
201700008916,17,1,17,800,1,2,3,1.0,3.0,13055,M,4328478.0,544245.0,13
201700008917,17,1,17,1020,1,2,1,1.0,2.0,13055,M,4330019.0,547717.0,13
201700008918,17,1,12,1200,1,2,1,1.0,3.0,13055,M,4328437.0,539055.0,13
201700008919,17,1,17,1330,1,1,1,1.0,6.0,13055,M,4330461.0,541852.0,13
201700008920,17,1,17,1245,1,2,2,1.0,3.0,13055,M,4333331.0,543074.0,13
201700008921,17,1,17,2130,5,2,1,1.0,7.0,13055,M,4327775.0,539530.0,13
201700008922,17,1,17,2220,5,2,3,1.0,3.0,13055,M,4327459.0,538682.0,13
201700008923,17,1,4,1745,5,2,1,1.0,6.0,13055,M,4328754.0,539012.0,13
201700008924,17,1,4,1740,5,2,1,1.0,3.0,13055,M,4328417.0,538559.0,13
201700008925,17,1,18,1830,5,2,2,1.0,3.0,13002,M,4333809.0,547400.0,13
201700008926,17,1,19,740,2,2,1,1.0,6.0,13055,M,4331690.0,537673.0,13
201700008927,17,1,19,750,1,2,2,1.0,1.0,13055,M,4332645.0,542147.0,13
201700008928,17,1,19,945,1,2,1,1.0,3.0,13055,M,4328224.0,539955.0,13
201700008929,17,1,19,1455,1,2,2,1.0,3.0,13055,M,4331204.0,541906.0,13
201700008930,17,1,19,2025,5,2,1,1.0,6.0,13055,M,4328164.0,539157.0,13
201700008931,17,1,20,815,1,2,1,1.0,6.0,13055,M,4325377.0,539378.0,13
201700008932,17,1,20,830,1,2,1,1.0,6.0,13055,M,4329333.0,547973.0,13
201700008933,17,1,20,910,1,2,1,1.0,6.0,13055,M,4332842.0,543334.0,13
201700008934,17,1,20,950,1,2,3,1.0,6.0,13055,M,4336570.0,535682.0,13
201700008935,17,1,20,1310,1,2,1,1.0,3.0,13055,M,4326555.0,538056.0,13
201700008936,17,1,20,1620,1,2,9,1.0,3.0,13055,M,4330786.0,537634.0,13
201700008937,17,1,20,1745,4,2,1,1.0,2.0,13055,M,4325953.0,539863.0,13
201700008938,17,1,20,1950,5,2,1,2.0,6.0,13055,M,4327921.0,541711.0,13
201700008939,17,1,20,2030,5,1,1,1.0,3.0,13055,M,4330907.0,537065.0,13
201700008940,17,1,20,1530,1,2,4,1.0,3.0,13075,M,4334095.0,545737.0,13
201700008941,17,1,21,950,1,2,7,1.0,6.0,13055,M,4331481.0,538779.0,13
201700008942,17,1,21,1535,1,1,1,1.0,2.0,13055,M,4332428.0,542107.0,13
201700008943,17,1,21,1900,3,2,1,1.0,7.0,13055,M,4332756.0,536155.0,13
201700008944,17,1,22,1355,1,2,1,1.0,6.0,13055,M,4327312.0,540062.0,13
201700008945,17,1,22,1335,1,2,1,1.0,3.0,13055,M,4331254.0,538193.0,13
201700008946,17,1,10,1950,2,2,1,1.0,3.0,13055,M,4329893.0,540227.0,13
201700008947,17,1,4,1355,1,2,1,1.0,6.0,13055,M,4328501.0,538952.0,13
201700008948,17,1,22,1930,5,2,1,2.0,6.0,13055,M,4329420.0,538572.0,13
201700008949,17,1,23,800,1,2,1,2.0,3.0,13055,M,4331085.0,540073.0,13
201700008950,17,11,30,1215,1,2,2,1.0,3.0,13055,M,4328913.0,538744.0,13
201700008951,17,1,23,1350,1,2,6,1.0,2.0,13055,M,4332620.0,542072.0,13
201700008952,17,1,23,1450,1,2,1,1.0,2.0,13055,M,4333272.0,535881.0,13
201700008953,17,1,23,1935,2,2,3,1.0,3.0,13055,M,4328365.0,539969.0,13
201700008954,17,1,23,1200,1,2,4,1.0,3.0,13055,M,4333999.0,538819.0,13
201700008955,17,1,23,1035,1,2,1,2.0,3.0,13055,M,4328914.0,539599.0,13
201700008956,17,1,24,735,2,2,3,1.0,3.0,13055,M,4325639.0,539011.0,13
201700008957,17,1,24,925,1,1,2,1.0,6.0,13055,M,4330257.0,536907.0,13
201700008958,17,1,24,830,1,2,1,1.0,7.0,13055,M,4332995.0,539331.0,13
201700008959,17,1,24,1030,1,2,1,1.0,6.0,13055,M,4328267.0,537422.0,13
201700008960,17,1,24,1045,1,2,1,1.0,2.0,13055,M,4328945.0,549627.0,13
201700008961,17,1,24,850,1,2,1,1.0,3.0,13055,M,4332345.0,544926.0,13
201700008962,17,1,24,1730,1,2,1,1.0,6.0,13055,M,4330344.0,537391.0,13
201700008963,17,1,24,1715,2,2,1,1.0,2.0,13055,M,4335633.0,534444.0,13
201700008964,17,1,24,1643,1,2,3,1.0,1.0,13055,M,4328860.0,545479.0,13
201700008965,17,1,24,1700,1,2,1,1.0,3.0,13055,M,4328386.0,542718.0,13
201700008966,17,1,24,1815,5,2,1,1.0,5.0,13055,M,4336989.0,536082.0,13
201700008967,17,1,24,1745,5,2,1,1.0,3.0,13055,M,4327398.0,539039.0,13
201700008968,17,1,24,2140,5,2,1,1.0,6.0,13055,M,4328135.0,539052.0,13
201700008969,17,1,24,1840,5,2,1,1.0,3.0,13055,M,4324864.0,539805.0,13
201700008970,17,1,23,1830,5,2,1,1.0,5.0,13055,M,4333241.0,543502.0,13
201700008971,17,1,13,1610,1,2,2,1.0,3.0,13055,M,4329339.0,538650.0,13
201700008972,17,1,21,1000,1,2,1,1.0,6.0,13055,M,4328258.0,537699.0,13
201700008973,17,1,25,1520,1,2,1,2.0,6.0,13055,M,4330719.0,539986.0,13
201700008974,17,1,25,1645,2,2,1,1.0,3.0,13055,M,4333123.0,537371.0,13
201700008975,17,1,19,950,1,2,1,1.0,3.0,13055,M,4328916.0,536267.0,13
201700008976,17,1,26,730,2,2,1,2.0,6.0,13055,M,4332281.0,540647.0,13
201700008977,17,1,26,743,1,2,1,2.0,1.0,13055,M,4328858.0,545466.0,13
201700008978,17,1,25,745,1,2,1,1.0,1.0,13055,M,4332160.0,536492.0,13
201700008979,17,1,26,845,1,2,1,2.0,3.0,13055,M,4326597.0,540851.0,13
201700008980,17,1,26,1718,5,1,1,3.0,6.0,13075,M,4335106.0,547170.0,13
201700008981,17,1,26,1800,5,2,1,2.0,6.0,13055,M,4333576.0,542078.0,13
201700008982,17,1,27,1420,1,2,3,1.0,6.0,13055,M,4334148.0,536035.0,13
201700008983,17,1,23,1200,1,2,3,1.0,3.0,13055,M,4329178.0,535651.0,13
201700008984,17,1,28,1230,1,2,1,1.0,6.0,13055,M,4334628.0,539198.0,13
201700008985,17,1,28,1500,1,2,1,1.0,6.0,13055,M,4330163.0,545960.0,13
201700008986,17,1,28,1815,2,2,1,1.0,6.0,13055,M,4329514.0,538177.0,13
201700008987,17,1,28,1840,5,2,9,1.0,6.0,13055,M,4330598.0,539356.0,13
201700008988,17,1,28,2130,5,2,1,1.0,6.0,13106,M,4339325.0,536449.0,13
201700008989,17,11,7,1820,5,2,1,1.0,6.0,13055,M,4327010.0,536488.0,13
201700008990,17,1,29,2120,5,2,2,1.0,3.0,13055,M,4331848.0,537956.0,13
201700008991,17,1,30,800,1,2,1,1.0,2.0,13055,M,4329201.0,535847.0,13
201700008992,17,1,30,655,5,2,2,1.0,6.0,13055,M,4327594.0,541743.0,13
201700008993,17,1,30,1310,1,2,3,1.0,3.0,13055,M,4329342.0,543982.0,13
201700008994,17,1,30,1530,1,2,1,1.0,3.0,13055,M,4331589.0,546128.0,13
201700008995,17,1,30,1640,2,2,1,1.0,6.0,13055,M,4328028.0,539919.0,13
201700008996,17,1,30,1915,5,2,1,1.0,6.0,13055,M,4329370.0,547992.0,13
201700008997,17,1,30,2100,5,2,1,1.0,6.0,13055,M,4328919.0,536284.0,13
201700008998,17,1,30,2057,5,2,2,1.0,3.0,13055,M,4328583.0,544260.0,13
201700008999,17,1,31,845,1,2,1,1.0,7.0,13055,M,4330580.0,537324.0,13
201700009000,17,1,12,1415,1,2,3,1.0,6.0,13002,M,4332728.0,548223.0,13
201700009001,17,1,31,1500,1,2,3,1.0,2.0,13055,M,4329040.0,539983.0,13
201700009002,17,1,31,1700,1,2,1,1.0,6.0,13055,M,4328997.0,536712.0,13
201700009003,17,1,31,1800,5,1,1,1.0,3.0,13055,M,4332699.0,535824.0,13
201700009004,17,1,31,2140,5,2,1,1.0,7.0,13055,M,4333299.0,536421.0,13
201700009005,17,2,1,730,1,2,1,1.0,7.0,13055,M,4331119.0,536736.0,13
201700009006,17,2,1,700,1,2,2,1.0,3.0,13055,M,4330752.0,542484.0,13
201700009007,17,2,1,615,5,2,3,1.0,1.0,13055,M,4333576.0,539875.0,13
201700009008,17,2,1,1340,1,2,2,1.0,2.0,13055,M,4328733.0,538907.0,13
201700009009,17,2,1,1410,1,2,3,1.0,5.0,13055,M,4335145.0,544057.0,13
201700009010,17,2,1,1700,1,2,1,1.0,3.0,13055,M,4324555.0,543741.0,13
201700009011,17,2,1,1600,1,2,1,1.0,3.0,13055,M,4327332.0,539895.0,13
201700009012,17,2,1,1306,1,2,1,1.0,6.0,13055,M,4337071.0,536384.0,13
201700009013,17,2,1,1730,1,2,1,1.0,3.0,13055,M,4329771.0,543545.0,13
201700009014,17,2,1,1945,5,2,1,1.0,3.0,13055,M,4325067.0,537545.0,13
201700009015,17,2,2,950,1,2,1,1.0,3.0,13055,M,4326589.0,538106.0,13
201700009016,17,2,2,755,2,2,1,1.0,3.0,13055,M,4330780.0,542844.0,13
201700009017,17,2,2,1930,5,2,1,1.0,1.0,13055,M,4336389.0,535817.0,13
201700009018,17,2,2,2118,5,2,1,1.0,2.0,13055,M,4325775.0,540358.0,13
201700009019,17,2,2,2200,5,2,1,2.0,3.0,13055,M,4329985.0,538074.0,13
201700009020,17,2,2,2210,5,2,1,2.0,2.0,13055,M,4324994.0,537536.0,13
201700009021,17,2,3,1,5,1,1,2.0,2.0,13055,M,4328642.0,539915.0,13
201700009022,17,2,2,2330,5,2,1,2.0,2.0,13055,M,4328993.0,540008.0,13
201700009023,17,2,3,740,1,2,2,1.0,3.0,13055,M,4330027.0,538070.0,13
201700009024,17,2,3,1545,1,2,1,2.0,6.0,13055,M,4329102.0,541777.0,13
201700009025,17,2,2,1900,2,2,1,1.0,7.0,13055,M,4328469.0,537651.0,13
201700009026,17,2,2,1258,1,2,1,1.0,3.0,13055,M,4332516.0,536699.0,13
201700009027,17,2,1,1220,1,2,1,1.0,6.0,13055,M,4325001.0,538933.0,13
201700009028,17,2,4,1334,1,2,1,1.0,3.0,13055,M,4325383.0,538204.0,13
201700009029,17,2,4,1735,2,2,6,1.0,3.0,13055,M,4332881.0,536573.0,13
201700009030,17,2,4,1730,1,2,1,1.0,3.0,13055,M,4327894.0,542624.0,13
201700009031,17,2,4,2315,5,2,3,2.0,1.0,13055,M,4328913.0,538744.0,13
201700009032,17,2,5,210,5,2,2,2.0,3.0,13055,M,4330348.0,538593.0,13
201700009033,17,2,3,1650,1,2,3,2.0,3.0,13055,M,4329726.0,540729.0,13
201700009034,17,2,4,2000,5,2,1,1.0,6.0,13055,M,4336892.0,535412.0,13
201700009035,17,2,5,1420,1,2,3,2.0,3.0,13055,M,4326669.0,540288.0,13
201700009036,17,2,6,1050,1,2,1,1.0,3.0,13055,M,4333055.0,540973.0,13
201700009037,17,2,3,1220,1,2,1,1.0,4.0,13055,M,4330355.0,547305.0,13
201700009038,17,2,6,1630,1,2,1,6.0,3.0,13055,M,4330025.0,547529.0,13
201700009039,17,2,6,1630,1,1,1,1.0,6.0,13055,M,4332720.0,541810.0,13
201700009040,17,2,6,2110,5,2,1,1.0,5.0,13055,M,4329041.0,536997.0,13
201700009041,17,2,7,750,1,2,1,1.0,6.0,13055,M,4333361.0,543115.0,13
201700009042,17,2,7,720,2,2,1,1.0,6.0,13055,M,4333419.0,542884.0,13
201700009043,17,2,7,1200,1,2,3,1.0,3.0,13055,M,4332644.0,537475.0,13
201700009044,17,2,7,1430,1,2,1,1.0,6.0,13055,M,4328102.0,540628.0,13
201700009045,17,2,7,1700,1,2,3,1.0,3.0,13055,M,4329926.0,538087.0,13
201700009046,17,2,8,508,5,2,1,1.0,1.0,13055,M,4333943.0,536182.0,13
201700009047,17,2,8,905,1,2,1,1.0,3.0,13055,M,4330447.0,537635.0,13
201700009048,17,2,8,1311,1,2,9,9.0,6.0,13055,M,4327488.0,538871.0,13
201700009049,17,2,8,1230,1,1,1,1.0,1.0,13055,M,4329019.0,537520.0,13
201700009050,17,2,8,1220,1,2,2,2.0,1.0,13055,M,4328911.0,536207.0,13
201700009051,17,2,8,2130,4,1,3,8.0,3.0,13055,M,4327037.0,539247.0,13
201700009052,17,2,8,300,5,2,1,2.0,7.0,13055,M,4329412.0,539903.0,13
201700009053,17,2,8,2250,5,2,1,2.0,6.0,13055,M,4329199.0,547909.0,13
201700009054,17,1,30,100,5,2,1,1.0,7.0,13055,M,4329566.0,537827.0,13
201700009055,17,2,6,1645,1,2,1,1.0,2.0,13055,M,4328618.0,539872.0,13
201700009056,17,2,8,800,1,2,1,1.0,5.0,13055,M,4327084.0,542489.0,13
201700009057,17,2,9,2120,3,2,1,2.0,3.0,13055,M,4329040.0,537710.0,13
201700009058,17,2,9,2205,5,2,1,2.0,7.0,13055,M,4328659.0,539276.0,13
201700009059,17,2,10,8,5,2,2,1.0,1.0,13055,M,4330664.0,540069.0,13
201700009060,17,2,2,1500,1,2,2,1.0,3.0,13055,M,4328779.0,537823.0,13
201700009061,17,2,9,1630,1,2,1,1.0,6.0,13055,M,4327580.0,538977.0,13
201700009062,17,2,10,720,1,2,1,1.0,3.0,13055,M,4328131.0,539214.0,13
201700009063,17,2,10,1315,1,2,1,1.0,6.0,13055,M,4329350.0,538814.0,13
201700009064,17,2,10,1820,2,2,7,1.0,6.0,13055,M,4329265.0,540870.0,13
201700009065,17,2,10,2225,5,2,2,1.0,3.0,13055,M,4328639.0,538578.0,13
201700009066,17,2,10,2245,5,2,1,1.0,2.0,13055,M,4329303.0,538244.0,13
201700009067,17,2,11,1035,1,1,1,8.0,5.0,13002,M,4336982.0,552918.0,13
201700009068,17,2,12,1615,1,2,5,1.0,1.0,13055,M,4331318.0,538626.0,13
201700009069,17,2,12,1700,1,2,1,1.0,3.0,13055,M,4337881.0,535695.0,13
201700009070,17,2,9,2045,5,2,1,1.0,6.0,13055,M,4329421.0,538572.0,13
201700009071,17,2,12,2230,5,2,1,1.0,3.0,13055,M,4327408.0,540017.0,13
201700009072,17,2,13,1200,1,2,1,1.0,6.0,13055,M,4328536.0,538400.0,13
201700009073,17,2,13,1445,1,1,2,1.0,3.0,13055,M,4333307.0,535864.0,13
201700009074,17,2,13,1640,1,2,1,1.0,2.0,13055,M,4333602.0,545156.0,13
201700009075,17,2,13,1850,5,2,1,6.0,2.0,13055,M,4326210.0,540423.0,13
201700009076,17,2,12,1945,5,2,1,1.0,3.0,13055,M,4331356.0,540253.0,13
201700009077,17,2,13,1420,1,2,1,1.0,2.0,13055,M,4337313.0,535246.0,13
201700009078,17,2,14,1105,1,2,1,1.0,2.0,13055,M,4324634.0,540405.0,13
201700009079,17,2,14,1340,1,2,1,1.0,6.0,13055,M,4332259.0,541259.0,13
201700009080,17,2,14,1800,2,2,1,1.0,6.0,13055,M,4325755.0,540000.0,13
201700009081,17,2,12,1915,5,2,1,1.0,3.0,13055,M,4330390.0,542522.0,13
201700009082,17,2,15,1150,1,2,1,1.0,1.0,13055,M,4335974.0,531620.0,13
201700009083,17,2,16,1850,1,1,1,1.0,3.0,13055,M,4337378.0,535582.0,13
201700009084,17,2,13,2115,5,2,3,1.0,3.0,13055,M,4328256.0,543136.0,13
201700009085,17,2,17,900,1,2,1,1.0,6.0,13055,M,4326948.0,539191.0,13
201700009086,17,2,17,1735,1,2,2,1.0,5.0,13055,M,4329241.0,537493.0,13
201700009087,17,2,17,1745,2,2,1,1.0,3.0,13055,M,4329441.0,544243.0,13
201700009088,17,2,17,2215,5,2,1,1.0,6.0,13055,M,4331594.0,541545.0,13
201700009089,17,2,18,2000,5,2,1,1.0,6.0,13055,M,4333374.0,539631.0,13
201700009090,17,2,13,1900,5,2,1,1.0,2.0,13055,M,4328995.0,539894.0,13
201700009091,17,1,2,1420,1,2,1,1.0,1.0,13055,M,4328787.0,539111.0,13
201700009092,17,2,19,1715,1,2,1,1.0,2.0,13055,M,4324167.0,536413.0,13
201700009093,17,2,18,1915,4,2,3,1.0,3.0,13055,M,4332354.0,538914.0,13
201700009094,17,2,19,1800,2,2,2,1.0,6.0,13055,M,4328986.0,536629.0,13
201700009095,17,2,20,620,5,2,1,1.0,1.0,13055,M,4326481.0,540940.0,13
201700009096,17,2,20,830,1,2,1,7.0,2.0,13055,M,4328946.0,549624.0,13
201700009097,17,2,20,1130,1,1,1,1.0,1.0,13055,M,4328100.0,542230.0,13
201700009098,17,2,20,1900,5,2,1,1.0,3.0,13055,M,4325582.0,538231.0,13
201700009099,17,1,16,1230,1,2,1,1.0,6.0,13055,M,4333256.0,543241.0,13
201700009100,17,2,3,1000,1,1,1,1.0,2.0,13055,M,4329483.0,537453.0,13
201700009101,17,2,18,1400,1,2,1,1.0,1.0,13055,M,4334723.0,536883.0,13
201700009102,17,2,21,1005,1,2,3,1.0,3.0,13055,M,4327631.0,539464.0,13
201700009103,17,2,21,1210,1,2,1,1.0,3.0,13055,M,4328543.0,548007.0,13
201700009104,17,2,9,1530,1,1,7,1.0,6.0,13055,M,,,13
201700009105,17,2,21,1605,1,2,1,1.0,6.0,13055,M,4329063.0,535923.0,13
201700009106,17,2,17,950,1,2,1,1.0,2.0,13055,M,4329477.0,540095.0,13
201700009107,17,2,21,1530,1,2,2,1.0,3.0,13055,M,4328911.0,536207.0,13
201700009108,17,2,11,825,1,2,2,1.0,3.0,13055,M,4328418.0,538206.0,13
201700009109,17,2,21,1725,1,2,1,1.0,3.0,13055,M,4326483.0,537930.0,13
201700009110,17,2,21,1730,1,2,1,1.0,3.0,13055,M,4326512.0,537988.0,13
201700009111,17,2,21,2045,5,2,1,1.0,2.0,13055,M,4327097.0,540210.0,13
201700009112,17,2,21,2210,5,2,1,1.0,3.0,13055,M,4328370.0,540070.0,13
201700009113,17,2,22,340,5,2,1,1.0,6.0,13055,M,4328652.0,539957.0,13
201700009114,17,2,22,814,1,2,1,1.0,6.0,13055,M,4329318.0,538903.0,13
201700009115,17,2,22,705,2,2,1,1.0,3.0,13055,M,4332248.0,544023.0,13
201700009116,17,2,22,1125,1,2,1,1.0,6.0,13075,M,4335175.0,547355.0,13
201700009117,17,2,22,1910,2,2,3,1.0,1.0,13055,M,4325483.0,540717.0,13
201700009118,17,2,22,2130,5,2,3,1.0,3.0,13055,M,4328863.0,539105.0,13
201700009119,17,2,23,615,5,2,1,1.0,3.0,13055,M,4328514.0,542591.0,13
201700009120,17,2,23,830,1,2,1,1.0,2.0,13055,M,4327323.0,539086.0,13
201700009121,17,1,17,1840,2,2,1,1.0,6.0,13055,M,4331086.0,540090.0,13
201700009122,17,2,23,1250,1,2,2,1.0,6.0,13055,M,4329231.0,540150.0,13
201700009123,17,2,23,1900,2,2,1,1.0,6.0,13055,M,4331554.0,537313.0,13
201700009124,17,2,23,2030,5,2,2,1.0,1.0,13055,M,4327539.0,539589.0,13
201700009125,17,2,24,20,5,2,1,1.0,1.0,13055,M,4332401.0,543721.0,13
201700009126,17,2,24,830,1,2,2,1.0,3.0,13055,M,4329193.0,536833.0,13
201700009127,17,2,24,920,1,2,1,1.0,1.0,13055,M,4330508.0,536655.0,13
201700009128,17,1,26,1630,1,2,2,3.0,6.0,13055,M,4330957.0,540845.0,13
201700009129,17,2,24,1700,1,2,1,1.0,2.0,13055,M,4332654.0,535865.0,13
201700009130,17,1,28,600,1,1,2,1.0,3.0,13055,M,4329047.0,537036.0,13
201700009131,17,2,24,1645,1,2,3,1.0,3.0,13055,M,4326827.0,541356.0,13
201700009132,17,2,24,1957,5,2,1,1.0,3.0,13055,M,4328157.0,540461.0,13
201700009133,17,2,24,2050,5,2,1,1.0,6.0,13055,M,4328775.0,544870.0,13
201700009134,17,2,24,1030,1,2,1,1.0,2.0,13055,M,4335117.0,535263.0,13
201700009135,17,2,25,1010,1,2,1,1.0,3.0,13055,M,4324230.0,539697.0,13
201700009136,17,2,25,1215,1,1,1,1.0,6.0,13055,M,4329225.0,542830.0,13
201700009137,17,2,21,1230,1,2,2,1.0,1.0,13055,M,4329303.0,549507.0,13
201700009138,17,2,24,1435,1,2,1,1.0,3.0,13055,M,4332554.0,545047.0,13
201700009139,17,2,25,1740,1,2,1,1.0,6.0,13055,M,4337606.0,535610.0,13
201700009140,17,2,26,1120,1,2,1,1.0,6.0,13055,M,4327832.0,539236.0,13
201700009141,17,2,26,1645,1,2,1,1.0,3.0,13055,M,4333105.0,538907.0,13
201700009142,17,2,27,1310,1,2,1,1.0,1.0,13055,M,4327773.0,540333.0,13
201700009143,17,2,27,1745,1,2,1,2.0,3.0,13055,M,4326938.0,540499.0,13
201700009144,17,2,27,1830,5,2,1,2.0,1.0,13055,M,4336080.0,534256.0,13
201700009145,17,2,27,1720,1,2,1,2.0,3.0,13055,M,4330005.0,547576.0,13
201700009146,17,2,27,2215,5,2,1,8.0,3.0,13055,M,4330108.0,539133.0,13
201700009147,17,2,27,2150,5,2,1,2.0,2.0,13055,M,4328116.0,540579.0,13
201700009148,17,2,28,820,1,2,1,1.0,6.0,13055,M,4326540.0,537625.0,13
201700009149,17,2,28,1705,2,2,1,3.0,4.0,13055,M,4333050.0,536510.0,13
201700009150,17,2,28,1900,5,2,9,1.0,6.0,13055,M,4328201.0,538594.0,13
201700009151,17,2,28,2030,5,2,4,1.0,3.0,13055,M,4328589.0,535096.0,13
201700009152,17,3,1,1150,1,2,1,1.0,1.0,13055,M,4327946.0,539930.0,13
201700009153,17,2,28,1450,1,2,1,1.0,3.0,13055,M,4330272.0,537951.0,13
201700009154,17,3,1,1240,1,2,1,1.0,3.0,13055,M,4338181.0,536352.0,13
201700009155,17,3,1,1400,1,2,1,1.0,3.0,13055,M,4328486.0,543915.0,13
201700009156,17,3,1,1710,1,2,1,1.0,2.0,13055,M,4330163.0,540050.0,13
201700009157,17,3,1,1705,1,2,2,1.0,3.0,13055,M,4330252.0,539404.0,13
201700009158,17,3,2,640,5,2,3,1.0,6.0,13055,M,4331897.0,537918.0,13
201700009159,17,3,2,1440,1,2,1,1.0,6.0,13055,M,4329102.0,541778.0,13
201700009160,17,3,2,1556,1,1,1,1.0,6.0,13055,M,4328628.0,541746.0,13
201700009161,17,3,2,1830,2,1,3,1.0,3.0,13055,M,4329382.0,547418.0,13
201700009162,17,3,2,2020,5,2,3,1.0,1.0,13055,M,4327024.0,540271.0,13
201700009163,17,3,2,2100,5,2,1,1.0,2.0,13055,M,4329163.0,544448.0,13
201700009164,17,3,3,110,5,2,4,1.0,5.0,13055,M,4328863.0,542552.0,13
201700009165,17,3,2,1425,1,2,1,1.0,2.0,13055,M,4328526.0,544080.0,13
201700009166,17,2,23,1130,1,2,1,1.0,6.0,13055,M,4329547.0,538200.0,13
201700009167,17,3,3,1325,1,2,3,1.0,3.0,13055,M,4325012.0,539595.0,13
201700009168,17,3,3,1130,1,1,9,1.0,6.0,13055,M,4333136.0,539841.0,13
201700009169,17,3,3,1515,1,2,1,1.0,2.0,13055,M,4328031.0,540864.0,13
201700009170,17,3,3,1700,1,2,1,1.0,6.0,13055,M,4324913.0,539694.0,13
201700009171,17,3,3,1540,1,2,3,1.0,3.0,13055,M,4327949.0,538492.0,13
201700009172,17,3,4,1135,1,2,2,2.0,3.0,13055,M,4329637.0,539079.0,13
201700009173,17,3,4,1010,1,1,1,3.0,6.0,13002,M,4336929.0,550529.0,13
201700009174,17,3,4,1200,1,2,1,6.0,6.0,13055,M,4334210.0,535239.0,13
201700009175,17,3,4,1315,1,2,2,2.0,3.0,13055,M,4328163.0,542751.0,13
201700009176,17,3,4,1800,2,2,1,1.0,6.0,13055,M,4331473.0,537126.0,13
201700009177,17,3,4,2040,5,2,1,2.0,2.0,13055,M,4328200.0,542696.0,13
201700009178,17,3,5,255,5,2,2,1.0,3.0,13055,M,4330081.0,538164.0,13
201700009179,17,3,5,1100,1,2,3,1.0,6.0,13055,M,4332359.0,538665.0,13
201700009180,17,3,5,1330,1,2,1,1.0,6.0,13055,M,4327512.0,538448.0,13
201700009181,17,1,14,1200,1,2,1,1.0,2.0,13055,M,4334387.0,535947.0,13
201700009182,17,2,28,930,1,2,1,1.0,3.0,13055,M,4331050.0,539636.0,13
201700009183,17,3,5,1615,1,1,1,2.0,7.0,13055,M,4324260.0,545277.0,13
201700009184,17,3,3,1430,1,2,1,1.0,1.0,13055,M,4328314.0,537359.0,13
201700009185,17,3,6,855,1,2,6,2.0,7.0,13055,M,4331144.0,542832.0,13
201700009186,17,3,6,910,1,2,1,2.0,6.0,13055,M,4327064.0,539212.0,13
201700009187,17,3,6,945,1,2,1,2.0,6.0,13055,M,4329005.0,539872.0,13
201700009188,17,3,2,1350,1,2,8,1.0,1.0,13055,M,4329325.0,539132.0,13
201700009189,17,3,6,1900,5,2,1,6.0,2.0,13055,M,4336885.0,534502.0,13
201700009190,17,3,6,2120,5,2,1,1.0,6.0,13055,M,4332693.0,536059.0,13
201700009191,17,3,2,1845,5,2,1,1.0,1.0,13055,M,4325258.0,541993.0,13