Num_Acc,an,mois,jour,hrmn,lum,agg,int,atm,col,com,gps,lat,long,dep
201700009192,17,3,6,1157,1,2,1,2.0,2.0,13055,M,4328823.0,539227.0,13
201700009193,17,3,6,1030,1,2,4,8.0,3.0,13055,M,4330471.0,536732.0,13
201700009194,17,3,7,836,1,2,3,1.0,3.0,13055,M,4328800.0,537906.0,13
201700009195,17,3,6,1700,1,2,1,6.0,3.0,13055,M,4325229.0,539462.0,13
201700009196,17,3,7,1223,1,2,1,1.0,5.0,13055,M,4327306.0,539211.0,13
201700009197,17,3,7,2135,5,2,3,1.0,3.0,13055,M,4328162.0,542749.0,13
201700009198,17,3,8,1015,1,2,3,1.0,1.0,13055,M,4329065.0,537103.0,13
201700009199,17,3,8,1515,1,2,1,1.0,3.0,13055,M,4328589.0,541940.0,13
201700009200,17,3,8,1615,1,1,1,1.0,7.0,13055,M,4324481.0,540545.0,13
201700009201,17,3,8,2125,5,2,2,1.0,3.0,13055,M,4327933.0,539930.0,13
201700009202,17,3,9,740,1,2,1,1.0,3.0,13055,M,4333509.0,542063.0,13
201700009203,17,3,9,830,1,2,1,1.0,4.0,13055,M,4328563.0,544266.0,13
201700009204,17,3,9,845,1,2,1,1.0,3.0,13055,M,4326814.0,541609.0,13
201700009205,17,3,8,2130,5,2,1,1.0,2.0,13055,M,4329648.0,538126.0,13
201700009206,17,3,10,700,1,2,1,1.0,6.0,13055,M,4336133.0,532869.0,13
201700009207,17,3,10,925,1,2,1,1.0,3.0,13055,M,4328026.0,539937.0,13
201700009208,17,3,10,720,1,2,3,1.0,3.0,13055,M,4334299.0,543214.0,13
201700009209,17,3,10,1000,1,2,3,1.0,3.0,13055,M,4334148.0,537313.0,13
201700009210,17,3,10,1120,1,2,1,1.0,2.0,13055,M,4327921.0,541699.0,13
201700009211,17,3,10,1340,1,2,1,1.0,2.0,13055,M,4330857.0,537744.0,13
201700009212,17,3,10,1129,1,2,1,1.0,6.0,13055,M,4329801.0,540357.0,13
201700009213,17,3,10,1520,1,2,1,1.0,2.0,13055,M,4331515.0,539143.0,13
201700009214,17,3,10,1645,1,2,2,1.0,3.0,13055,M,4328584.0,544256.0,13
201700009215,17,3,10,1715,1,2,1,1.0,2.0,13002,M,4331355.0,546561.0,13
201700009216,17,3,9,2215,5,2,2,1.0,5.0,13055,M,4328150.0,542569.0,13
201700009217,17,3,11,30,5,2,1,1.0,6.0,13055,M,4330958.0,537986.0,13
201700009218,17,3,8,1930,5,2,1,1.0,5.0,13055,M,4325802.0,539947.0,13
201700009219,17,2,24,1825,2,2,1,1.0,3.0,13055,M,4329364.0,540520.0,13
201700009220,17,3,11,1215,1,2,1,1.0,3.0,13055,M,4337667.0,535629.0,13
201700009221,17,3,11,1800,1,2,1,1.0,6.0,13055,M,4326326.0,537411.0,13
201700009222,17,3,11,2310,5,2,1,1.0,3.0,13055,M,4330577.0,538383.0,13
201700009223,17,3,11,1130,1,2,1,1.0,6.0,13055,M,4332797.0,541873.0,13
201700009224,17,3,11,1205,1,2,1,1.0,5.0,13055,M,4329117.0,546189.0,13
201700009225,17,3,8,1005,1,2,8,1.0,3.0,13055,M,4328994.0,537264.0,13
201700009226,17,3,12,1700,1,1,1,1.0,1.0,13055,M,4331812.0,542076.0,13
201700009227,17,3,12,1730,1,2,1,1.0,2.0,13055,M,4327717.0,539875.0,13
201700009228,17,3,5,820,1,2,3,1.0,1.0,13055,M,4331324.0,536629.0,13
201700009229,17,3,13,745,1,2,1,1.0,6.0,13055,M,4327061.0,540244.0,13
201700009230,17,3,13,710,1,2,1,1.0,6.0,13055,M,4337660.0,535685.0,13
201700009231,17,3,13,1130,1,2,1,1.0,2.0,13055,M,4333538.0,543291.0,13
201700009232,17,3,13,1220,1,2,1,1.0,2.0,13055,M,4329673.0,547591.0,13
201700009233,17,3,13,1430,1,2,1,1.0,6.0,13055,M,4329958.0,537139.0,13
201700009234,17,3,1,1645,1,2,3,1.0,3.0,13055,M,4330464.0,540003.0,13
201700009235,17,3,13,1710,1,2,1,1.0,4.0,13055,M,4334690.0,545112.0,13
201700009236,17,3,14,1320,1,2,1,1.0,2.0,13055,M,4328351.0,541726.0,13
201700009237,17,3,14,1745,1,2,1,1.0,2.0,13055,M,4330022.0,547703.0,13
201700009238,17,3,15,1010,1,2,1,1.0,3.0,13055,M,4328176.0,539946.0,13
201700009239,17,3,15,920,1,1,1,1.0,2.0,13002,M,4333233.0,548447.0,13
201700009240,17,3,14,1815,1,2,1,1.0,1.0,13055,M,4330456.0,537526.0,13
201700009241,17,3,15,1615,1,2,1,1.0,6.0,13055,M,4327859.0,538306.0,13
201700009242,17,3,14,1825,1,2,1,1.0,6.0,13055,M,4326810.0,538481.0,13
201700009243,17,3,16,1045,1,2,1,1.0,3.0,13055,M,4329309.0,547960.0,13
201700009244,17,3,16,1320,1,2,1,1.0,7.0,13055,M,4328820.0,538329.0,13
201700009245,17,3,16,1315,1,2,3,1.0,2.0,13055,M,4334655.0,537825.0,13
201700009246,17,3,16,1700,1,2,1,1.0,6.0,13055,M,4330058.0,536672.0,13
201700009247,17,3,16,1745,1,2,1,1.0,7.0,13055,M,4331756.0,537440.0,13
201700009248,17,3,17,1430,1,2,1,1.0,2.0,13055,M,4328597.0,538509.0,13
201700009249,17,3,17,1543,1,2,1,1.0,1.0,13055,M,4328552.0,548099.0,13
201700009250,17,3,16,1715,1,2,1,1.0,7.0,13002,M,4333225.0,548467.0,13
201700009251,17,3,17,1800,1,2,3,1.0,3.0,13055,M,4329383.0,547420.0,13
201700009252,17,3,15,1330,1,2,3,1.0,6.0,13055,M,4331687.0,536904.0,13
201700009253,17,3,18,635,5,2,1,1.0,3.0,13055,M,4325686.0,540009.0,13
201700009254,17,3,18,1550,1,2,1,1.0,3.0,13055,M,4333467.0,535804.0,13
201700009255,17,3,18,440,5,2,1,1.0,6.0,13055,M,4327720.0,535671.0,13
201700009256,17,3,18,2015,1,1,1,1.0,7.0,13055,M,4329603.0,548677.0,13
201700009257,17,3,19,336,5,2,2,1.0,5.0,13055,M,4329041.0,537576.0,13
201700009258,17,3,19,1340,1,2,1,1.0,5.0,13055,M,4331803.0,538020.0,13
201700009259,17,3,19,1645,1,2,1,1.0,1.0,13055,M,4332153.0,536494.0,13
201700009260,17,3,19,1720,1,2,1,1.0,6.0,13055,M,4333653.0,535231.0,13
201700009261,17,2,3,720,2,2,2,1.0,3.0,13055,M,4329922.0,538574.0,13
201700009262,17,3,20,1025,1,1,1,1.0,6.0,13055,M,4336827.0,535653.0,13
201700009263,17,3,20,1300,1,1,1,1.0,3.0,13055,M,4336374.0,535710.0,13
201700009264,17,3,20,1400,1,2,1,1.0,1.0,13055,M,4328867.0,545663.0,13
201700009265,17,3,20,1535,1,2,1,1.0,6.0,13055,M,4329092.0,537556.0,13
201700009266,17,3,20,1515,1,2,3,1.0,3.0,13055,M,4328934.0,536313.0,13
201700009267,17,3,20,1400,1,2,1,1.0,6.0,13055,M,4328877.0,545933.0,13
201700009268,17,2,8,1100,1,2,1,2.0,7.0,13055,M,4327973.0,536385.0,13
201700009269,17,2,13,1845,5,2,1,1.0,6.0,13055,M,4330290.0,538492.0,13
201700009270,17,3,21,740,1,2,1,1.0,6.0,13055,M,4328570.0,544265.0,13
201700009271,17,3,21,900,1,2,1,1.0,3.0,13055,M,4329202.0,539414.0,13
201700009272,17,3,20,1930,5,2,1,1.0,3.0,13055,M,4329289.0,536902.0,13
201700009273,17,3,21,1220,1,2,5,1.0,3.0,13055,M,4332221.0,541243.0,13
201700009274,17,3,21,1320,1,2,1,1.0,2.0,13055,M,4336337.0,534250.0,13
201700009275,17,3,21,1530,1,2,3,1.0,3.0,13055,M,4328489.0,539059.0,13
201700009276,17,3,21,1930,5,2,1,1.0,6.0,13055,M,4327909.0,542271.0,13
201700009277,17,3,22,3,5,1,1,1.0,6.0,13055,M,4329914.0,537606.0,13
201700009278,17,3,22,100,5,2,1,1.0,7.0,13055,M,4328104.0,539642.0,13
201700009279,17,3,21,930,1,2,1,1.0,2.0,13055,M,4329050.0,537661.0,13
201700009280,17,3,10,1730,1,2,2,1.0,3.0,13055,M,4329036.0,539983.0,13
201700009281,17,2,21,1215,1,2,1,1.0,2.0,13055,M,4328502.0,538391.0,13
201700009282,17,3,22,810,1,2,1,1.0,6.0,13055,M,4333302.0,536428.0,13
201700009283,17,3,22,745,1,2,1,1.0,3.0,13055,M,4330548.0,536734.0,13
201700009284,17,3,22,1050,1,2,1,1.0,2.0,13055,M,4335378.0,535278.0,13
201700009285,17,3,22,850,1,2,3,1.0,6.0,13055,M,4335202.0,543752.0,13
201700009286,17,3,21,1940,5,2,9,1.0,3.0,13055,M,4323361.0,541230.0,13
201700009287,17,3,22,1500,1,2,1,1.0,6.0,13055,M,4328633.0,546936.0,13
201700009288,17,3,22,1415,1,2,1,1.0,3.0,13055,M,4332502.0,538826.0,13
201700009289,17,3,18,1700,1,2,1,1.0,6.0,13055,M,4325632.0,541972.0,13
201700009290,17,3,22,1135,1,2,1,1.0,2.0,13055,M,4331520.0,543238.0,13
201700009291,17,3,23,500,5,2,1,2.0,2.0,13055,M,4329051.0,541946.0,13
201700009292,17,3,23,1145,1,2,6,1.0,6.0,13055,M,4330612.0,547009.0,13
201700009293,17,3,15,1840,2,2,1,1.0,6.0,13055,M,4330374.0,547252.0,13
201700009294,17,3,23,1600,1,2,1,1.0,6.0,13055,M,4328398.0,538759.0,13
201700009295,17,3,23,1540,1,2,1,1.0,2.0,13055,M,4327161.0,540551.0,13
201700009296,17,3,23,425,5,2,1,2.0,7.0,13055,M,4325166.0,539470.0,13
201700009297,17,3,24,930,1,1,1,1.0,6.0,13055,M,4330962.0,537646.0,13
201700009298,17,3,24,1500,1,2,1,1.0,3.0,13055,M,4324502.0,538998.0,13
201700009299,17,3,24,1630,1,2,1,1.0,2.0,13055,M,4329980.0,540071.0,13
201700009300,17,3,24,1730,1,2,1,1.0,1.0,13055,M,4327667.0,542691.0,13
201700009301,17,3,24,1815,2,2,1,8.0,3.0,13055,M,4328184.0,540410.0,13
201700009302,17,3,24,2005,1,2,1,1.0,6.0,13055,M,4331705.0,539843.0,13
201700009303,17,3,25,200,5,2,1,1.0,6.0,13055,M,4324264.0,536960.0,13
201700009304,17,3,25,1830,1,1,1,1.0,6.0,13055,M,4331466.0,543795.0,13
201700009305,17,3,25,2100,5,2,1,1.0,3.0,13055,M,4330486.0,541598.0,13
201700009306,17,3,25,930,1,2,1,3.0,6.0,13055,M,4329876.0,539778.0,13
201700009307,17,3,26,654,1,2,9,1.0,6.0,13055,M,4328195.0,539460.0,13
201700009308,17,3,26,545,5,2,1,1.0,6.0,13055,M,4328987.0,548283.0,13
201700009309,17,3,27,640,2,2,2,1.0,3.0,13055,M,4328331.0,541284.0,13
201700009310,17,3,27,745,1,2,3,1.0,3.0,13055,M,4333089.0,540752.0,13
201700009311,17,3,27,855,1,2,9,1.0,3.0,13055,M,4325786.0,539956.0,13
201700009312,17,3,24,1930,5,2,1,2.0,4.0,13055,M,4328941.0,538390.0,13
201700009313,17,3,27,1645,1,1,1,1.0,6.0,13002,M,4337239.0,553613.0,13
201700009314,17,3,27,1855,1,2,3,1.0,3.0,13055,M,4328584.0,544256.0,13
201700009315,17,3,28,705,2,1,1,1.0,1.0,13055,M,4326956.0,542146.0,13
201700009316,17,3,28,1035,1,2,1,1.0,2.0,13055,M,4337859.0,535693.0,13
201700009317,17,3,28,1258,1,2,1,1.0,6.0,13055,M,4328224.0,540512.0,13
201700009318,17,3,28,1545,1,2,1,1.0,6.0,13055,M,4331558.0,537311.0,13
201700009319,17,3,23,1145,1,2,1,2.0,2.0,13055,M,4329197.0,540270.0,13
201700009320,17,3,28,1720,1,2,1,1.0,3.0,13055,M,4332514.0,542276.0,13
201700009321,17,3,28,2230,4,2,2,1.0,3.0,13055,M,4327404.0,539050.0,13
201700009322,17,3,28,2315,5,2,1,1.0,5.0,13055,M,4327945.0,539931.0,13
201700009323,17,3,28,800,1,2,3,1.0,3.0,13055,M,4332913.0,543077.0,13
201700009324,17,3,26,1750,1,2,1,1.0,2.0,13055,M,4328741.0,538918.0,13
201700009325,17,3,29,637,2,1,1,1.0,3.0,13055,M,4329227.0,540094.0,13
201700009326,17,3,29,1110,1,2,1,1.0,3.0,13055,M,4330513.0,539332.0,13
201700009327,17,3,29,945,1,2,1,1.0,1.0,13055,M,4331778.0,542222.0,13
201700009328,17,3,29,1040,1,2,1,1.0,6.0,13055,M,4330016.0,538070.0,13
201700009329,17,3,29,1210,1,2,1,1.0,3.0,13055,M,4328343.0,541401.0,13
201700009330,17,3,29,1345,1,2,2,1.0,3.0,13055,M,4337726.0,535972.0,13
201700009331,17,3,29,1410,1,2,1,1.0,6.0,13055,M,4327938.0,540856.0,13
201700009332,17,3,29,1245,1,2,1,1.0,4.0,13055,M,4336379.0,535713.0,13
201700009333,17,3,29,1550,1,2,3,1.0,3.0,13055,M,4335061.0,544268.0,13
201700009334,17,3,29,1750,1,2,1,1.0,1.0,13106,M,4340236.0,537033.0,13
201700009335,17,3,29,1800,1,2,1,1.0,1.0,13055,M,4332374.0,538769.0,13
201700009336,17,3,29,1845,2,2,1,1.0,3.0,13055,M,4330055.0,547690.0,13
201700009337,17,3,29,2230,5,2,3,1.0,1.0,13055,M,4336634.0,535679.0,13
201700009338,17,3,20,1000,1,2,3,1.0,3.0,13055,M,4326394.0,539106.0,13
201700009339,17,3,30,800,1,2,3,1.0,1.0,13055,M,4331635.0,538809.0,13
201700009340,17,3,30,1155,1,2,1,1.0,6.0,13055,M,4330357.0,540580.0,13
201700009341,17,3,30,1400,1,2,1,1.0,6.0,13055,M,4329219.0,539560.0,13
201700009342,17,3,30,1600,1,2,2,1.0,3.0,13055,M,4330324.0,537895.0,13
201700009343,17,3,30,1700,1,2,1,1.0,6.0,13055,M,4329113.0,538312.0,13
201700009344,17,3,30,1720,1,1,1,1.0,2.0,13055,M,4329573.0,544655.0,13
201700009345,17,3,30,2200,5,2,3,1.0,3.0,13055,M,4331560.0,540372.0,13
201700009346,17,3,30,2200,5,2,1,1.0,3.0,13055,M,4329224.0,536213.0,13
201700009347,17,3,31,340,5,2,2,1.0,2.0,13055,M,4329642.0,537786.0,13
201700009348,17,3,30,1945,1,2,1,1.0,7.0,13055,M,4333560.0,541838.0,13
201700009349,17,3,31,1540,1,2,1,1.0,3.0,13055,M,4329298.0,543797.0,13
201700009350,17,3,31,1540,1,2,1,1.0,3.0,13055,M,4325500.0,538215.0,13
201700009351,17,3,31,1745,1,2,1,1.0,3.0,13055,M,4328932.0,539661.0,13
201700009352,17,3,31,1750,1,2,3,1.0,3.0,13055,M,4330384.0,542028.0,13
201700009353,17,3,31,2140,5,2,3,1.0,1.0,13055,M,4328923.0,547015.0,13
201700009354,17,3,31,2245,5,2,1,1.0,2.0,13055,M,4330776.0,537144.0,13
201700009355,17,4,1,1320,1,2,1,3.0,3.0,13055,M,4326870.0,540148.0,13
201700009356,17,3,23,915,1,2,4,1.0,6.0,13055,M,4328942.0,537158.0,13
201700009357,17,2,28,1245,1,2,1,1.0,3.0,13055,M,4329051.0,537026.0,13
201700009358,17,4,2,1610,1,2,1,2.0,6.0,13055,M,4333086.0,536634.0,13
201700009359,17,4,2,2122,5,2,1,2.0,7.0,13055,M,4329563.0,539596.0,13
201700009360,17,3,31,1810,1,2,1,1.0,4.0,13055,M,4324553.0,541260.0,13
201700009361,17,4,3,1436,1,2,6,1.0,6.0,13055,M,4329439.0,539792.0,13
201700009362,17,4,3,1650,1,2,1,1.0,3.0,13055,M,4328876.0,543645.0,13
201700009363,17,4,3,1545,1,2,1,1.0,3.0,13055,M,4331629.0,540018.0,13
201700009364,17,4,3,1720,1,2,1,1.0,3.0,13055,M,4324500.0,542485.0,13
201700009365,17,4,3,1715,1,2,2,1.0,2.0,13055,M,4329228.0,540092.0,13
201700009366,17,4,3,1550,1,2,1,1.0,3.0,13055,M,4336536.0,532937.0,13
201700009367,17,4,3,2100,5,2,1,1.0,5.0,13055,M,4333144.0,537556.0,13
201700009368,17,4,4,329,5,2,2,1.0,3.0,13055,M,4330188.0,539955.0,13
201700009369,17,3,25,1100,1,2,1,1.0,2.0,13055,M,4329921.0,538576.0,13
201700009370,17,4,4,930,1,2,1,1.0,1.0,13055,M,4332644.0,536656.0,13
201700009371,17,3,6,1940,5,2,1,1.0,6.0,13055,M,4330657.0,539294.0,13
201700009372,17,4,4,1545,1,2,1,1.0,3.0,13055,M,4331643.0,546092.0,13
201700009373,17,4,4,2245,5,2,1,1.0,2.0,13055,M,4334579.0,535925.0,13
201700009374,17,4,5,827,1,2,1,1.0,6.0,13055,M,4328355.0,543429.0,13
201700009375,17,2,15,835,1,2,2,1.0,2.0,13055,M,4330940.0,540294.0,13
201700009376,17,4,5,1515,1,2,1,1.0,7.0,13055,M,4328691.0,537438.0,13
201700009377,17,4,5,1630,1,2,6,3.0,3.0,13055,M,4335323.0,533748.0,13
201700009378,17,4,5,1715,1,2,2,3.0,3.0,13055,M,4330326.0,544979.0,13
201700009379,17,4,5,1935,2,2,1,1.0,6.0,13055,M,4334333.0,535960.0,13
201700009380,17,4,5,2208,5,2,2,1.0,3.0,13055,M,4329727.0,538013.0,13
201700009381,17,4,5,2145,5,2,1,1.0,7.0,13055,M,4331928.0,537897.0,13
201700009382,17,4,5,2215,5,2,1,1.0,6.0,13055,M,4338269.0,536420.0,13
201700009383,17,4,5,2230,5,2,1,1.0,6.0,13055,M,4330855.0,536805.0,13
201700009384,17,4,6,1145,1,2,1,1.0,3.0,13055,M,4332553.0,537413.0,13
201700009385,17,4,6,1530,1,2,2,1.0,1.0,13055,M,4328321.0,541182.0,13
201700009386,17,4,6,1530,1,2,1,1.0,6.0,13055,M,4331293.0,538628.0,13
201700009387,17,4,6,1530,1,2,1,1.0,4.0,13055,M,4328550.0,539881.0,13
201700009388,17,4,6,1530,1,2,1,1.0,3.0,13055,M,4331910.0,537909.0,13
201700009389,17,4,6,1845,1,2,1,1.0,6.0,13055,M,4333713.0,540909.0,13
201700009390,17,4,6,1630,1,2,1,1.0,3.0,13055,M,4330544.0,547240.0,13
201700009391,17,4,6,1730,1,2,1,1.0,3.0,13055,M,4333628.0,543820.0,13
201700009392,17,4,6,2130,5,2,1,1.0,6.0,13055,M,4329211.0,540224.0,13
201700009393,17,4,7,235,5,2,3,1.0,7.0,13055,M,4327923.0,541698.0,13
201700009394,17,3,17,2005,5,2,1,1.0,6.0,13055,M,4328220.0,539944.0,13
201700009395,17,3,8,1815,5,1,3,1.0,3.0,13055,M,4331354.0,536726.0,13
201700009396,17,4,6,1800,2,2,1,1.0,1.0,13055,M,4333314.0,543221.0,13
201700009397,17,4,7,1700,1,2,1,1.0,2.0,13055,M,4332715.0,537499.0,13
201700009398,17,4,7,2133,5,2,2,1.0,6.0,13055,M,4330114.0,538790.0,13
201700009399,17,4,8,1130,1,2,1,1.0,6.0,13055,M,4329694.0,548376.0,13
201700009400,17,4,8,1445,1,1,2,1.0,5.0,13055,M,4328639.0,538578.0,13
201700009401,17,4,8,2230,5,2,5,1.0,1.0,13055,M,4331319.0,538627.0,13
201700009402,17,4,8,2330,5,2,1,1.0,3.0,13055,M,4331519.0,537015.0,13
201700009403,17,4,9,129,5,2,1,1.0,1.0,13055,M,4328466.0,534984.0,13
201700009404,17,4,9,315,5,2,1,1.0,6.0,13055,M,4328219.0,542998.0,13
201700009405,17,4,9,350,5,2,1,1.0,2.0,13055,M,4328551.0,539881.0,13
201700009406,17,4,9,545,5,2,1,1.0,6.0,13055,M,4328751.0,540027.0,13
201700009407,17,4,9,1230,1,2,2,1.0,3.0,13055,M,4324785.0,538388.0,13
201700009408,17,4,9,1420,1,2,1,1.0,6.0,13055,M,4332845.0,539785.0,13
201700009409,17,4,9,2200,5,2,4,1.0,3.0,13055,M,4332213.0,541240.0,13
201700009410,17,4,9,2215,5,2,2,1.0,6.0,13055,M,4328645.0,538550.0,13
201700009411,17,4,9,2345,5,2,1,1.0,3.0,13055,M,4328909.0,535807.0,13
201700009412,17,4,10,920,1,2,1,1.0,3.0,13055,M,4329603.0,542494.0,13
201700009413,17,4,10,1030,1,2,1,1.0,2.0,13055,M,4331553.0,546158.0,13
201700009414,17,4,10,1040,1,2,9,1.0,3.0,13055,M,4328576.0,539111.0,13
201700009415,17,4,10,900,1,2,1,1.0,3.0,13055,M,4325571.0,539043.0,13
201700009416,17,4,10,1310,1,2,1,1.0,6.0,13055,M,4329913.0,538256.0,13
201700009417,17,4,10,1345,1,2,1,1.0,3.0,13055,M,4330679.0,536774.0,13
201700009418,17,4,10,1835,1,2,1,1.0,3.0,13055,M,4328166.0,538614.0,13
201700009419,17,4,10,1330,1,2,1,1.0,2.0,13055,M,4332839.0,539802.0,13
201700009420,17,4,7,1230,1,2,1,1.0,6.0,13055,M,4329602.0,538148.0,13
201700009421,17,4,2,900,1,2,1,2.0,2.0,13055,M,4329398.0,537372.0,13
201700009422,17,4,11,945,1,2,1,1.0,5.0,13055,M,4335814.0,528843.0,13
201700009423,17,4,12,530,1,1,3,1.0,1.0,13075,M,4334068.0,546661.0,13
201700009424,17,4,5,1530,1,2,1,1.0,4.0,13055,M,4331005.0,536869.0,13
201700009425,17,4,12,1338,1,2,1,1.0,6.0,13055,M,4331404.0,536987.0,13
201700009426,17,4,12,1715,1,2,1,1.0,3.0,13055,M,4329978.0,538085.0,13
201700009427,17,4,12,1845,1,2,1,1.0,2.0,13055,M,4329628.0,536569.0,13
201700009428,17,4,12,1947,1,2,6,1.0,3.0,13055,M,4329475.0,543336.0,13
201700009429,17,4,12,2130,5,2,1,1.0,7.0,13055,M,4328633.0,536314.0,13
201700009430,17,4,13,1,5,2,1,1.0,1.0,13055,M,4331595.0,538871.0,13
201700009431,17,4,13,300,5,2,2,1.0,3.0,13055,M,4327908.0,538286.0,13
201700009432,17,4,13,1230,1,1,1,1.0,1.0,13055,M,4326411.0,540538.0,13
201700009433,17,4,13,1715,1,2,1,1.0,3.0,13055,M,4333026.0,541013.0,13
201700009434,17,4,13,1810,1,2,1,1.0,2.0,13055,M,4325619.0,540474.0,13
201700009435,17,4,13,1645,1,2,1,1.0,6.0,13055,M,4325623.0,541993.0,13
201700009436,17,4,13,1815,1,2,1,1.0,3.0,13055,M,4326949.0,538141.0,13
201700009437,17,4,14,1125,1,2,1,1.0,6.0,13055,M,4329511.0,537437.0,13
201700009438,17,4,14,1130,1,2,1,1.0,3.0,13055,M,4332816.0,542519.0,13
201700009439,17,4,14,1320,1,2,1,1.0,3.0,13055,M,4325517.0,539408.0,13
201700009440,17,4,14,1900,1,2,9,1.0,3.0,13055,M,4329308.0,547967.0,13
201700009441,17,4,14,1930,1,2,1,1.0,2.0,13055,M,4334357.0,538532.0,13
201700009442,17,4,14,1730,1,2,1,1.0,6.0,13055,M,4329446.0,538194.0,13
201700009443,17,4,14,2200,5,2,1,1.0,3.0,13055,M,4332087.0,537479.0,13
201700009444,17,4,15,45,5,2,1,1.0,6.0,13055,M,4331167.0,540363.0,13
201700009445,17,4,14,2350,5,2,1,1.0,2.0,13055,M,4332529.0,535964.0,13
201700009446,17,4,15,46,3,1,1,1.0,1.0,13055,M,4323980.0,545221.0,13
201700009447,17,4,15,1050,1,2,1,1.0,3.0,13055,M,4323680.0,536284.0,13
201700009448,17,4,15,1230,1,2,1,1.0,2.0,13055,M,4325788.0,539962.0,13
201700009449,17,4,15,1550,1,2,3,1.0,3.0,13055,M,4329499.0,542298.0,13
201700009450,17,4,15,2250,5,2,2,1.0,5.0,13055,M,4331894.0,537917.0,13
201700009451,17,4,16,1030,1,2,2,1.0,3.0,13055,M,4329711.0,539146.0,13
201700009452,17,4,16,2210,5,2,3,1.0,1.0,13055,M,4328155.0,539168.0,13
201700009453,17,4,16,2030,2,2,6,1.0,6.0,13002,M,4335336.0,548792.0,13
201700009454,17,4,13,1300,1,2,2,1.0,3.0,13055,M,4332696.0,535668.0,13
201700009455,17,4,17,1123,1,1,1,1.0,6.0,13055,M,4331194.0,536691.0,13
201700009456,17,4,17,1340,1,2,1,1.0,2.0,13055,M,4330150.0,536706.0,13
201700009457,17,4,17,1610,1,2,8,1.0,6.0,13055,M,4331363.0,546581.0,13
201700009458,17,4,18,720,1,2,3,1.0,3.0,13055,M,4330347.0,540533.0,13
201700009459,17,4,18,900,1,2,4,1.0,6.0,13055,M,4327721.0,541995.0,13
201700009460,17,4,18,900,1,2,2,1.0,4.0,13075,M,4335188.0,547592.0,13
201700009461,17,4,18,835,1,2,1,1.0,2.0,13055,M,4329725.0,538012.0,13
201700009462,17,4,17,1145,1,2,1,1.0,6.0,13055,M,4326229.0,537456.0,13
201700009463,17,4,18,1600,1,2,3,1.0,1.0,13055,M,4332062.0,540996.0,13
201700009464,17,4,18,1350,1,2,3,1.0,3.0,13055,M,4333342.0,541012.0,13
201700009465,17,4,18,1755,1,2,3,1.0,3.0,13055,M,4331674.0,538241.0,13
201700009466,17,4,18,1650,1,2,2,1.0,6.0,13075,M,4334560.0,546152.0,13
201700009467,17,4,13,1450,1,2,1,1.0,2.0,13055,M,4330324.0,540435.0,13
201700009468,17,4,19,750,1,2,1,1.0,3.0,13055,M,4329559.0,545229.0,13
201700009469,17,4,19,1015,1,2,2,1.0,3.0,13055,M,4331646.0,536837.0,13
201700009470,17,4,6,1500,1,2,1,1.0,6.0,13055,M,4328766.0,537950.0,13
201700009471,17,3,14,850,1,2,2,1.0,3.0,13055,M,4328996.0,538836.0,13
201700009472,17,3,30,1525,1,2,1,1.0,6.0,13055,M,4329843.0,539755.0,13
201700009473,17,4,19,2100,2,2,1,1.0,6.0,13055,M,4326618.0,538153.0,13
201700009474,17,4,19,1130,1,2,3,1.0,3.0,13055,M,4328872.0,545833.0,13
201700009475,17,2,9,1555,1,2,1,2.0,7.0,13055,M,4330582.0,539945.0,13
201700009476,17,4,16,1930,1,2,1,1.0,7.0,13055,M,4326720.0,540318.0,13
201700009477,17,4,15,1930,1,2,2,1.0,2.0,13055,M,4330324.0,536589.0,13
201700009478,17,4,20,750,1,2,1,1.0,2.0,13055,M,4332262.0,537461.0,13
201700009479,17,4,20,945,1,2,1,1.0,3.0,13055,M,4334265.0,537793.0,13
201700009480,17,4,20,1440,1,2,2,1.0,3.0,13055,M,4324552.0,539816.0,13
201700009481,17,4,20,1735,1,2,1,1.0,6.0,13055,M,4326251.0,537574.0,13
201700009482,17,4,20,2205,5,2,1,1.0,1.0,13055,M,4327539.0,538436.0,13
201700009483,17,4,21,540,5,2,1,1.0,6.0,13075,M,4333942.0,545507.0,13
201700009484,17,4,21,715,1,2,1,1.0,2.0,13055,M,4328932.0,543774.0,13
201700009485,17,4,21,850,1,2,1,1.0,2.0,13055,M,4333450.0,544895.0,13
201700009486,17,4,20,1845,1,2,1,1.0,3.0,13055,M,4325863.0,538410.0,13
201700009487,17,4,21,1500,1,2,1,1.0,6.0,13055,M,4335769.0,533883.0,13
201700009488,17,4,21,1810,1,1,1,1.0,1.0,13055,M,4335851.0,531858.0,13
201700009489,17,4,21,1900,1,2,2,1.0,3.0,13055,M,4334253.0,535968.0,13
201700009490,17,4,18,1805,1,2,3,1.0,1.0,13055,M,4331377.0,536803.0,13
201700009491,17,4,22,800,1,2,1,1.0,6.0,13055,M,4329497.0,540669.0,13
201700009492,17,4,13,900,1,2,1,1.0,7.0,13055,M,4330102.0,539127.0,13
201700009493,17,4,22,1000,1,2,3,1.0,6.0,13055,M,4332185.0,538936.0,13
201700009494,17,4,22,1915,2,2,1,1.0,6.0,13055,M,4329993.0,537742.0,13