Num_Acc,an,mois,jour,hrmn,lum,agg,int,atm,col,com,gps,lat,long,dep
201700009495,17,4,22,2105,5,2,3,1.0,3.0,13055,M,4332911.0,543084.0,13
201700009496,17,4,22,2220,5,2,2,1.0,3.0,13055,M,4336809.0,536259.0,13
201700009497,17,4,23,1550,1,2,1,1.0,2.0,13055,M,4330341.0,544186.0,13
201700009498,17,4,23,1600,1,1,1,1.0,3.0,13055,M,4336532.0,534839.0,13
201700009499,17,4,23,1800,1,2,1,1.0,4.0,13055,M,4328032.0,536578.0,13
201700009500,17,4,23,1800,1,2,1,1.0,3.0,13055,M,4329618.0,544781.0,13
201700009501,17,4,23,1900,2,2,2,1.0,1.0,13055,M,4328526.0,538159.0,13
201700009502,17,4,23,2350,5,2,2,1.0,3.0,13055,M,4330289.0,536752.0,13
201700009503,17,4,24,600,2,2,1,1.0,3.0,13055,M,4332121.0,538036.0,13
201700009504,17,4,24,820,1,2,1,1.0,2.0,13055,M,4333066.0,537167.0,13
201700009505,17,4,24,600,2,1,1,1.0,7.0,13055,M,4328988.0,548482.0,13
201700009506,17,4,24,1150,1,2,3,1.0,6.0,13055,M,4328564.0,540159.0,13
201700009507,17,4,24,1240,1,2,1,1.0,3.0,13055,M,4324586.0,539462.0,13
201700009508,17,4,24,1940,1,2,1,1.0,3.0,13055,M,4329294.0,537471.0,13
201700009509,17,4,21,1900,1,2,1,1.0,3.0,13055,M,4329588.0,545829.0,13
201700009510,17,4,25,815,1,2,1,7.0,6.0,13055,M,4334633.0,536637.0,13
201700009511,17,4,7,1600,1,2,2,1.0,3.0,13055,M,4329229.0,538348.0,13
201700009512,17,4,25,1240,1,2,1,1.0,2.0,13055,M,4329169.0,540027.0,13
201700009513,17,4,25,1430,1,2,1,1.0,7.0,13002,M,4333715.0,547166.0,13
201700009514,17,4,25,1730,1,1,1,1.0,4.0,13055,M,4325685.0,540403.0,13
201700009515,17,4,25,2100,5,2,1,1.0,2.0,13055,M,4330583.0,536551.0,13
201700009516,17,4,26,720,1,2,3,2.0,6.0,13055,M,4329285.0,536868.0,13
201700009517,17,4,26,1350,1,2,1,1.0,2.0,13055,M,4325387.0,540182.0,13
201700009518,17,4,27,930,1,2,1,1.0,7.0,13055,M,4333296.0,542005.0,13
201700009519,17,4,27,1600,1,2,1,1.0,7.0,13055,M,4328928.0,536333.0,13
201700009520,17,4,27,1930,1,2,1,1.0,2.0,13055,M,4328637.0,536323.0,13
201700009521,17,4,28,1330,1,2,1,1.0,3.0,13055,M,4328754.0,544801.0,13
201700009522,17,4,28,1300,1,2,3,1.0,3.0,13055,M,4326595.0,540024.0,13
201700009523,17,4,28,1436,1,2,1,1.0,3.0,13055,M,4328330.0,538527.0,13
201700009524,17,4,28,2335,5,2,3,1.0,3.0,13055,M,4328941.0,536396.0,13
201700009525,17,4,29,445,5,2,1,1.0,6.0,13055,M,4327292.0,536296.0,13
201700009526,17,4,29,540,5,2,2,1.0,3.0,13055,M,4328474.0,538182.0,13
201700009527,17,4,29,1015,1,2,1,1.0,6.0,13055,M,4331600.0,537323.0,13
201700009528,17,4,24,1800,1,2,1,1.0,7.0,13055,M,4330244.0,538395.0,13
201700009529,17,4,29,1200,1,2,1,1.0,3.0,13055,M,4331022.0,540732.0,13
201700009530,17,4,29,1420,1,2,1,1.0,6.0,13055,M,4329010.0,538661.0,13
201700009531,17,4,29,2140,5,2,1,1.0,2.0,13055,M,4325410.0,537608.0,13
201700009532,17,4,30,840,1,2,1,1.0,6.0,13055,M,4333645.0,535319.0,13
201700009533,17,4,30,1315,1,2,1,1.0,2.0,13055,M,4328870.0,545793.0,13
201700009534,17,4,30,2215,5,2,1,2.0,3.0,13055,M,4327873.0,542823.0,13
201700009535,17,4,30,2050,2,1,2,1.0,3.0,13055,M,4331401.0,540275.0,13
201700009536,17,5,1,950,1,2,3,1.0,3.0,13055,M,4328506.0,542525.0,13
201700009537,17,5,1,1100,1,1,1,1.0,6.0,13055,M,4328290.0,543245.0,13
201700009538,17,5,1,1500,1,2,3,1.0,2.0,13055,M,4330347.0,538597.0,13
201700009539,17,5,1,2350,5,2,1,1.0,6.0,13055,M,4329446.0,544266.0,13
201700009540,17,5,2,755,1,2,1,1.0,1.0,13055,M,4334022.0,538677.0,13
201700009541,17,5,2,945,1,1,1,1.0,1.0,13055,M,4329101.0,539999.0,13
201700009542,17,4,27,1515,1,2,1,1.0,1.0,13055,M,4333505.0,535464.0,13
201700009543,17,5,2,1420,1,2,1,1.0,7.0,13055,M,4329633.0,537225.0,13
201700009544,17,5,2,1925,1,2,1,1.0,7.0,13055,M,4332462.0,544497.0,13
201700009545,17,5,2,1850,1,2,2,1.0,3.0,13055,M,4329775.0,537209.0,13
201700009546,17,5,3,710,1,1,2,1.0,6.0,13055,M,4328997.0,539884.0,13
201700009547,17,5,3,900,1,2,3,1.0,3.0,13055,M,4332341.0,538930.0,13
201700009548,17,5,3,1150,1,2,8,1.0,6.0,13055,M,4328503.0,539441.0,13
201700009549,17,4,19,1700,1,2,1,1.0,6.0,13055,M,4325561.0,537643.0,13
201700009550,17,4,26,915,1,2,3,1.0,3.0,13055,M,4331371.0,540627.0,13
201700009551,17,4,19,840,1,2,3,1.0,6.0,13055,M,4329699.0,537422.0,13
201700009552,17,5,3,945,1,2,2,1.0,2.0,13055,M,4328911.0,549701.0,13
201700009553,17,4,28,1200,1,2,2,1.0,7.0,13055,M,4329009.0,537252.0,13
201700009554,17,5,3,1325,1,2,9,1.0,1.0,13055,M,4327759.0,539898.0,13
201700009555,17,5,3,1330,1,2,1,1.0,5.0,13055,M,4323421.0,540917.0,13
201700009556,17,5,2,1235,1,2,2,2.0,6.0,13055,M,4329169.0,537182.0,13
201700009557,17,5,3,1830,2,2,1,1.0,6.0,13055,M,4329995.0,545031.0,13
201700009558,17,5,2,2345,5,2,1,1.0,6.0,13055,M,4323969.0,540751.0,13
201700009559,17,5,3,2125,5,2,3,1.0,3.0,13055,M,4328837.0,545158.0,13
201700009560,17,5,4,1225,1,2,1,1.0,5.0,13055,M,4326354.0,538925.0,13
201700009561,17,4,26,1755,1,2,4,1.0,7.0,13055,M,4328394.0,537567.0,13
201700009562,17,4,26,1950,2,1,3,1.0,3.0,13055,M,4328989.0,538684.0,13
201700009563,17,5,4,1630,1,2,1,1.0,6.0,13055,M,4328427.0,538463.0,13
201700009564,17,5,5,640,1,2,1,1.0,2.0,13055,M,4327731.0,541998.0,13
201700009565,17,5,5,1640,1,2,1,1.0,6.0,13055,M,4327861.0,542442.0,13
201700009566,17,5,5,1800,1,2,1,1.0,6.0,13055,M,4325724.0,539992.0,13
201700009567,17,5,5,1745,1,2,1,1.0,4.0,13055,M,4331917.0,538511.0,13
201700009568,17,5,5,1830,1,1,1,1.0,3.0,13055,M,4332483.0,542202.0,13
201700009569,17,5,6,14,5,2,1,1.0,6.0,13055,M,4328482.0,537805.0,13
201700009570,17,5,6,110,5,2,2,1.0,3.0,13055,M,4330313.0,536645.0,13
201700009571,17,4,14,1845,1,2,1,1.0,6.0,13055,M,4331512.0,536621.0,13
201700009572,17,5,6,620,1,2,1,1.0,6.0,13055,M,4330701.0,540123.0,13
201700009573,17,5,6,1145,1,2,1,3.0,6.0,13075,M,4334356.0,546660.0,13
201700009574,17,5,6,1745,1,2,1,1.0,6.0,13055,M,4330459.0,536514.0,13
201700009575,17,5,7,112,5,2,2,1.0,3.0,13055,M,4330031.0,538235.0,13
201700009576,17,5,7,1645,1,2,2,1.0,3.0,13055,M,4331377.0,536803.0,13
201700009577,17,5,7,1620,1,2,1,1.0,6.0,13055,M,4331176.0,540511.0,13
201700009578,17,5,7,1900,1,2,3,1.0,1.0,13055,M,4326572.0,539820.0,13
201700009579,17,4,26,1345,1,2,1,2.0,2.0,13055,M,4328924.0,535471.0,13
201700009580,17,5,5,1325,1,2,1,1.0,5.0,13055,M,4325756.0,539980.0,13
201700009581,17,4,6,1400,1,2,2,1.0,3.0,13055,M,4329023.0,535745.0,13
201700009582,17,4,24,1333,1,2,1,1.0,2.0,13055,M,4331576.0,540110.0,13
201700009583,17,5,7,830,1,2,1,1.0,1.0,13055,M,4337556.0,535809.0,13
201700009584,17,5,9,1130,1,2,1,1.0,5.0,13055,M,4327816.0,539925.0,13
201700009585,17,5,9,1136,1,2,6,1.0,3.0,13055,M,4333018.0,540975.0,13
201700009586,17,5,9,1210,1,2,1,1.0,6.0,13055,M,4329756.0,544079.0,13
201700009587,17,5,9,1140,1,2,1,1.0,6.0,13055,M,4330736.0,540390.0,13
201700009588,17,5,9,1555,1,2,3,1.0,3.0,13055,M,4332957.0,540355.0,13
201700009589,17,5,9,1615,1,2,1,1.0,2.0,13055,M,4328865.0,539415.0,13
201700009590,17,5,9,1700,1,1,1,1.0,1.0,13002,M,4336754.0,552478.0,13
201700009591,17,5,9,1740,1,2,1,1.0,6.0,13055,M,4328346.0,538828.0,13
201700009592,17,5,9,2245,5,2,1,1.0,3.0,13055,M,4328758.0,550902.0,13
201700009593,17,4,28,1730,1,2,1,1.0,4.0,13055,M,4328614.0,535117.0,13
201700009594,17,5,2,1020,1,2,1,1.0,3.0,13055,M,4329248.0,539174.0,13
201700009595,17,5,10,500,2,2,1,1.0,3.0,13055,M,4328583.0,544256.0,13
201700009596,17,5,10,820,1,2,1,1.0,3.0,13055,M,4326914.0,542494.0,13
201700009597,17,5,10,1405,1,2,3,1.0,3.0,13055,M,4334960.0,537524.0,13
201700009598,17,5,10,1430,1,2,1,1.0,6.0,13055,M,4328622.0,539874.0,13
201700009599,17,5,11,1026,1,2,6,1.0,6.0,13075,M,4334681.0,546589.0,13
201700009600,17,5,10,1920,1,2,1,1.0,6.0,13055,M,4329561.0,539685.0,13
201700009601,17,5,11,1727,1,2,1,1.0,3.0,13055,M,4328157.0,537870.0,13
201700009602,17,5,11,1820,1,2,1,1.0,6.0,13055,M,4329431.0,540902.0,13
201700009603,17,5,11,1700,1,2,6,1.0,3.0,13055,M,4325060.0,540346.0,13
201700009604,17,5,11,2320,5,2,1,1.0,6.0,13055,M,4326194.0,537484.0,13
201700009605,17,5,11,2315,5,2,1,1.0,6.0,13002,M,4336362.0,549608.0,13
201700009606,17,5,12,10,3,1,1,1.0,1.0,13055,M,4323986.0,545587.0,13
201700009607,17,5,12,6,5,2,3,1.0,2.0,13055,M,4328918.0,535455.0,13
201700009608,17,5,12,750,1,2,1,1.0,2.0,13055,M,4331762.0,541740.0,13
201700009609,17,5,12,1115,1,2,1,1.0,2.0,13055,M,4329435.0,548090.0,13
201700009610,17,5,3,1530,1,2,1,1.0,7.0,13055,M,4328438.0,538425.0,13
201700009611,17,5,12,1320,1,2,1,1.0,2.0,13055,M,4329529.0,538171.0,13
201700009612,17,5,12,1930,1,2,1,1.0,2.0,13055,M,4325606.0,540060.0,13
201700009613,17,5,13,400,5,2,2,1.0,3.0,13055,M,4329762.0,538102.0,13
201700009614,17,5,13,407,1,1,1,1.0,6.0,13055,M,4331115.0,540098.0,13
201700009615,17,5,13,835,1,2,1,1.0,3.0,13055,M,4327668.0,541875.0,13
201700009616,17,5,13,845,1,2,1,1.0,3.0,13055,M,4328946.0,536403.0,13
201700009617,17,5,13,1200,1,2,1,1.0,5.0,13055,M,4330893.0,537824.0,13
201700009618,17,5,9,1030,1,2,1,1.0,3.0,13055,M,4329791.0,537682.0,13
201700009619,17,5,13,1245,1,2,1,1.0,3.0,13055,M,4324994.0,540451.0,13
201700009620,17,5,13,1150,1,1,3,1.0,3.0,13055,M,4331401.0,540282.0,13
201700009621,17,5,13,1126,1,2,3,1.0,3.0,13055,M,4329003.0,544104.0,13
201700009622,17,5,13,1840,1,2,1,1.0,6.0,13055,M,4329869.0,539764.0,13
201700009623,17,5,13,2200,5,2,9,1.0,3.0,13055,M,4326609.0,537283.0,13
201700009624,17,4,20,1600,1,2,1,1.0,6.0,13055,M,4330271.0,539777.0,13
201700009625,17,5,14,955,1,2,2,1.0,3.0,13055,M,4331453.0,537052.0,13
201700009626,17,5,15,745,1,2,3,1.0,3.0,13055,M,4326387.0,540436.0,13
201700009627,17,5,15,1145,1,2,7,1.0,6.0,13055,M,4330129.0,537398.0,13
201700009628,17,5,15,1420,1,2,1,1.0,3.0,13055,M,4335447.0,533344.0,13
201700009629,17,5,15,1250,1,2,6,1.0,3.0,13002,M,4335596.0,548677.0,13
201700009630,17,5,15,1600,1,2,1,1.0,6.0,13055,M,4332539.0,541442.0,13
201700009631,17,5,15,1700,1,2,1,1.0,3.0,13055,M,4324161.0,539388.0,13
201700009632,17,5,15,1812,1,2,3,1.0,7.0,13055,M,4329890.0,542975.0,13
201700009633,17,5,15,2345,5,2,1,1.0,3.0,13055,M,4328775.0,544897.0,13
201700009634,17,5,16,440,4,2,3,1.0,3.0,13055,M,4330309.0,536664.0,13
201700009635,17,5,16,840,1,2,1,1.0,3.0,13055,M,4328135.0,538631.0,13
201700009636,17,5,16,1745,1,1,1,1.0,6.0,13055,M,4328220.0,539051.0,13
201700009637,17,5,12,1145,1,2,1,1.0,6.0,13055,M,4328096.0,536891.0,13
201700009638,17,5,10,1930,1,2,1,1.0,2.0,13055,M,4330078.0,538146.0,13
201700009639,17,5,17,850,1,2,1,1.0,3.0,13055,M,4330786.0,542990.0,13
201700009640,17,5,17,910,1,1,1,1.0,3.0,13055,M,4324293.0,543817.0,13
201700009641,17,5,17,1400,1,2,1,1.0,1.0,13055,M,4335561.0,535732.0,13
201700009642,17,5,16,1930,1,2,1,1.0,3.0,13106,M,4338811.0,536010.0,13
201700009643,17,5,17,1650,1,2,2,1.0,3.0,13055,M,4329694.0,537366.0,13
201700009644,17,5,17,1530,1,2,2,1.0,5.0,13055,M,4328987.0,542635.0,13
201700009645,17,5,17,1315,1,2,1,1.0,3.0,13055,M,4325795.0,539435.0,13
201700009646,17,5,17,1715,1,2,1,1.0,6.0,13055,M,4331286.0,541288.0,13
201700009647,17,4,12,1110,1,2,2,1.0,3.0,13055,M,4329213.0,536898.0,13
201700009648,17,5,8,1220,1,2,3,1.0,6.0,13055,M,4329531.0,537432.0,13
201700009649,17,5,18,855,1,2,1,1.0,2.0,13055,M,4326315.0,538865.0,13
201700009650,17,5,13,1345,1,2,1,1.0,6.0,13055,M,4329170.0,535899.0,13
201700009651,17,5,18,1125,1,1,1,1.0,3.0,13055,M,4335800.0,528770.0,13
201700009652,17,5,18,1350,1,2,1,1.0,3.0,13055,M,4329170.0,541316.0,13
201700009653,17,5,18,1550,1,1,1,1.0,6.0,13055,M,4330841.0,536821.0,13
201700009654,17,5,18,1900,1,2,6,1.0,3.0,13055,M,4330024.0,547710.0,13
201700009655,17,5,18,1750,1,2,1,1.0,3.0,13055,M,4330261.0,537755.0,13
201700009656,17,5,18,2130,5,2,1,1.0,1.0,13055,M,4335257.0,543779.0,13
201700009657,17,5,19,550,2,2,1,2.0,6.0,13055,M,4328877.0,545948.0,13
201700009658,17,5,3,1910,1,2,2,1.0,3.0,13055,M,4328588.0,539002.0,13
201700009659,17,5,19,750,1,2,3,1.0,6.0,13055,M,4327625.0,541797.0,13
201700009660,17,5,19,745,1,2,1,2.0,7.0,13055,M,4329218.0,539553.0,13
201700009661,17,5,19,1200,1,2,1,1.0,3.0,13055,M,4328089.0,540687.0,13
201700009662,17,5,19,1320,1,2,1,1.0,7.0,13055,M,4330069.0,539030.0,13
201700009663,17,5,19,1755,1,2,3,1.0,3.0,13055,M,4328157.0,542564.0,13
201700009664,17,5,19,2100,5,2,1,1.0,3.0,13055,M,4326919.0,538872.0,13
201700009665,17,5,19,1930,1,2,1,1.0,6.0,13055,M,4332782.0,539687.0,13
201700009666,17,5,20,1500,1,2,1,1.0,6.0,13055,M,4335679.0,536880.0,13
201700009667,17,5,20,1700,1,2,1,1.0,6.0,13055,M,4326538.0,537688.0,13
201700009668,17,5,20,2000,1,2,3,1.0,3.0,13055,M,4330674.0,537411.0,13
201700009669,17,5,21,1355,1,2,6,1.0,3.0,13055,M,4328600.0,538399.0,13
201700009670,17,5,16,900,1,2,7,1.0,3.0,13055,M,4330601.0,539354.0,13
201700009671,17,5,22,530,2,2,1,1.0,6.0,13055,M,4326831.0,540574.0,13
201700009672,17,5,19,1330,1,2,1,1.0,3.0,13055,M,4332479.0,538835.0,13
201700009673,17,5,22,815,1,2,1,1.0,6.0,13055,M,4329881.0,537209.0,13
201700009674,17,5,22,1418,1,2,1,1.0,6.0,13055,M,4331484.0,537169.0,13
201700009675,17,5,22,1635,1,2,1,1.0,7.0,13055,M,4329508.0,542418.0,13
201700009676,17,5,23,2230,5,2,1,1.0,1.0,13055,M,4331824.0,538321.0,13
201700009677,17,5,22,715,2,2,3,1.0,3.0,13055,M,4334124.0,538038.0,13
201700009678,17,5,23,710,1,2,1,1.0,6.0,13055,M,4324930.0,539031.0,13
201700009679,17,5,23,1230,1,2,1,1.0,1.0,13055,M,4327640.0,542157.0,13
201700009680,17,5,23,1350,1,2,1,1.0,2.0,13055,M,4329188.0,538277.0,13
201700009681,17,5,22,1125,1,2,1,1.0,2.0,13055,M,4330806.0,540211.0,13
201700009682,17,5,23,1600,1,2,3,1.0,2.0,13055,M,4328980.0,539816.0,13
201700009683,17,5,24,725,1,2,2,1.0,3.0,13055,M,4329627.0,538881.0,13
201700009684,17,5,24,810,1,2,3,1.0,3.0,13055,M,4331469.0,537553.0,13
201700009685,17,5,24,1050,1,2,1,1.0,6.0,13055,M,4328136.0,540447.0,13
201700009686,17,5,24,1225,1,2,4,1.0,3.0,13055,M,4330765.0,536799.0,13
201700009687,17,5,24,1345,1,2,6,1.0,3.0,13055,M,4330022.0,547685.0,13
201700009688,17,5,18,900,1,2,1,1.0,6.0,13055,M,4332658.0,536650.0,13
201700009689,17,5,24,1545,1,1,1,1.0,7.0,13055,M,4332713.0,535791.0,13
201700009690,17,4,20,1000,1,1,1,1.0,2.0,13055,M,4329375.0,537433.0,13
201700009691,17,5,24,1820,1,2,2,1.0,2.0,13055,M,4329340.0,538198.0,13
201700009692,17,5,24,1800,1,2,1,1.0,6.0,13055,M,4336699.0,534358.0,13
201700009693,17,5,24,2000,2,2,2,1.0,6.0,13055,M,4330988.0,540065.0,13
201700009694,17,5,24,2240,5,1,1,1.0,1.0,13055,M,4329734.0,542775.0,13
201700009695,17,5,24,1930,1,2,1,1.0,3.0,13055,M,4331259.0,536678.0,13
201700009696,17,5,25,109,5,2,2,1.0,3.0,13055,M,4330265.0,536868.0,13
201700009697,17,5,25,30,5,2,9,1.0,3.0,13055,M,4327946.0,542333.0,13
201700009698,17,5,25,1930,2,2,2,1.0,3.0,13055,M,4331559.0,536888.0,13
201700009699,17,5,25,2200,3,2,1,1.0,6.0,13055,M,4331835.0,537979.0,13
201700009700,17,5,26,1,5,2,1,1.0,1.0,13055,M,4327539.0,538436.0,13
201700009701,17,5,26,645,1,2,3,1.0,3.0,13055,M,4331909.0,536757.0,13
201700009702,17,5,26,900,1,2,1,1.0,5.0,13055,M,4328887.0,535517.0,13
201700009703,17,5,26,1545,1,2,1,1.0,2.0,13055,M,4327015.0,542335.0,13
201700009704,17,5,26,1925,1,2,1,1.0,2.0,13055,M,4329780.0,538102.0,13
201700009705,17,5,26,2040,2,2,1,1.0,6.0,13055,M,4331350.0,537066.0,13
201700009706,17,5,27,245,5,2,1,1.0,7.0,13055,M,4330968.0,546117.0,13
201700009707,17,5,27,915,1,2,1,1.0,6.0,13055,M,4328249.0,543100.0,13
201700009708,17,5,27,1900,1,2,1,1.0,3.0,13055,M,4328484.0,539490.0,13
201700009709,17,5,27,2100,1,2,1,1.0,2.0,13055,M,4334711.0,537861.0,13
201700009710,17,5,27,1850,1,2,2,1.0,3.0,13055,M,4329320.0,540505.0,13
201700009711,17,5,27,2330,4,2,1,1.0,6.0,13055,M,4332789.0,535492.0,13
201700009712,17,5,28,315,5,2,1,1.0,6.0,13055,M,4325726.0,538304.0,13
201700009713,17,5,28,605,1,2,2,1.0,1.0,13055,M,4330427.0,541305.0,13
201700009714,17,5,28,1930,1,1,1,1.0,1.0,13055,M,4330278.0,539660.0,13
201700009715,17,5,28,1850,1,2,3,1.0,3.0,13055,M,4333582.0,539866.0,13
201700009716,17,5,28,1945,1,2,1,1.0,6.0,13055,M,4327202.0,541040.0,13
201700009717,17,5,29,20,5,2,1,1.0,6.0,13075,M,4333945.0,545891.0,13
201700009718,17,5,29,345,5,2,1,1.0,6.0,13055,M,4325800.0,537630.0,13
201700009719,17,5,29,730,1,2,1,1.0,3.0,13055,M,4333237.0,540405.0,13
201700009720,17,5,29,850,1,2,1,1.0,7.0,13055,M,4333592.0,535419.0,13
201700009721,17,5,29,750,1,2,1,1.0,3.0,13055,M,4329874.0,548122.0,13
201700009722,17,5,29,1348,1,2,3,1.0,1.0,13055,M,4326018.0,541583.0,13
201700009723,17,5,29,1640,1,2,1,1.0,2.0,13055,M,4328670.0,538436.0,13
201700009724,17,5,29,1750,1,2,1,1.0,2.0,13055,M,4327422.0,539403.0,13
201700009725,17,5,30,700,1,2,1,1.0,6.0,13055,M,4331275.0,537583.0,13
201700009726,17,5,30,900,1,2,3,1.0,2.0,13055,M,4325888.0,539899.0,13
201700009727,17,5,30,1300,1,2,1,1.0,2.0,13055,M,4328457.0,534977.0,13
201700009728,17,5,30,1535,1,2,2,1.0,6.0,13055,M,4328462.0,537484.0,13
201700009729,17,5,30,2300,5,2,3,1.0,3.0,13055,M,4330061.0,537995.0,13
201700009730,17,5,2,1100,1,2,1,1.0,3.0,13055,M,4330945.0,540302.0,13
201700009731,17,5,15,1630,1,2,2,1.0,3.0,13055,M,4331401.0,540283.0,13
201700009732,17,5,31,650,1,2,1,2.0,4.0,13055,M,4332720.0,541896.0,13
201700009733,17,5,31,845,1,2,1,1.0,2.0,13055,M,4329563.0,544597.0,13
201700009734,17,5,30,1835,1,2,1,1.0,3.0,13055,M,4328186.0,535107.0,13
201700009735,17,5,31,1450,1,2,1,1.0,6.0,13055,M,4333307.0,541025.0,13
201700009736,17,5,31,1615,1,2,3,1.0,3.0,13055,M,4329063.0,537118.0,13
201700009737,17,5,31,1830,1,2,1,1.0,3.0,13055,M,4328311.0,538074.0,13
201700009738,17,5,31,2245,5,1,1,1.0,1.0,13055,M,4328982.0,542850.0,13
201700009739,17,6,1,845,1,2,1,1.0,6.0,13055,M,4328767.0,536673.0,13
201700009740,17,6,1,1100,1,2,1,1.0,6.0,13055,M,4329090.0,537206.0,13
201700009741,17,6,1,1120,1,1,1,1.0,3.0,13055,M,4330846.0,543737.0,13
201700009742,17,6,1,1300,1,2,2,1.0,3.0,13055,M,4330741.0,537158.0,13
201700009743,17,6,1,1330,1,2,1,1.0,3.0,13055,M,4328629.0,547283.0,13
201700009744,17,6,1,1300,1,2,1,1.0,3.0,13055,M,4332557.0,545108.0,13
201700009745,17,6,1,1500,1,2,3,1.0,1.0,13055,M,4331511.0,539784.0,13
201700009746,17,6,1,1650,1,2,3,1.0,3.0,13055,M,4334632.0,536609.0,13
201700009747,17,6,1,1500,1,2,1,1.0,3.0,13055,M,4334347.0,536573.0,13
201700009748,17,6,1,2330,5,2,1,1.0,3.0,13055,M,4328317.0,549681.0,13
201700009749,17,6,2,800,1,2,2,1.0,1.0,13055,M,4327912.0,541223.0,13
201700009750,17,6,2,830,1,2,1,1.0,6.0,13055,M,4329661.0,548519.0,13
201700009751,17,6,2,815,1,2,1,1.0,6.0,13055,M,4329043.0,540582.0,13
201700009752,17,6,2,930,1,2,1,1.0,2.0,13055,M,4327490.0,539970.0,13
201700009753,17,5,22,1230,1,2,1,1.0,6.0,13055,M,4328653.0,538583.0,13
201700009754,17,6,2,1245,1,2,3,1.0,3.0,13055,M,4328986.0,537601.0,13
201700009755,17,6,2,1250,1,2,1,1.0,7.0,13055,M,4327953.0,542355.0,13
201700009756,17,6,2,1650,1,2,1,1.0,5.0,13055,M,4334375.0,542186.0,13
201700009757,17,6,3,227,5,2,3,1.0,3.0,13055,M,4330526.0,536540.0,13
201700009758,17,6,3,940,1,1,1,1.0,3.0,13002,M,4336643.0,550360.0,13
201700009759,17,6,3,1940,1,2,1,1.0,3.0,13055,M,4329446.0,544266.0,13
201700009760,17,6,3,2030,2,2,1,1.0,3.0,13055,M,4327206.0,536273.0,13
201700009761,17,6,3,2325,5,2,1,1.0,3.0,13055,M,4334088.0,535233.0,13
201700009762,17,6,3,1100,1,2,3,1.0,3.0,13055,M,4330407.0,538724.0,13
201700009763,17,6,4,2000,2,2,1,1.0,7.0,13055,M,4324566.0,541523.0,13
201700009764,17,6,2,1400,1,2,5,1.0,6.0,13055,M,4331319.0,538627.0,13
201700009765,17,6,5,1215,1,2,1,1.0,1.0,13055,M,4328236.0,537705.0,13
201700009766,17,6,6,645,1,2,1,1.0,3.0,13055,M,4327632.0,539039.0,13
201700009767,17,6,6,1030,1,2,3,1.0,1.0,13055,M,4327323.0,541267.0,13
201700009768,17,6,6,1230,1,2,1,1.0,1.0,13055,M,4327982.0,540001.0,13
201700009769,17,6,6,1530,1,2,1,1.0,1.0,13055,M,4335394.0,533606.0,13
201700009770,17,6,6,1805,1,2,1,1.0,6.0,13055,M,4329870.0,539049.0,13
201700009771,17,6,6,1700,1,2,1,1.0,6.0,13055,M,4329788.0,537284.0,13
201700009772,17,6,6,1535,1,2,1,1.0,3.0,13055,M,4328013.0,544138.0,13
201700009773,17,6,6,1700,1,2,1,1.0,7.0,13055,M,4335724.0,534487.0,13
201700009774,17,6,6,2050,2,2,1,1.0,6.0,13055,M,4329363.0,549365.0,13
201700009775,17,6,6,1915,1,2,1,1.0,1.0,13055,M,4327724.0,543645.0,13
201700009776,17,6,7,815,1,2,1,1.0,3.0,13055,M,4328893.0,542955.0,13
201700009777,17,6,7,1040,1,2,2,1.0,6.0,13055,M,4330313.0,536644.0,13
201700009778,17,6,7,720,1,2,1,1.0,3.0,13055,M,4326945.0,540510.0,13
201700009779,17,5,8,1845,1,2,1,1.0,1.0,13055,M,4335952.0,541406.0,13
201700009780,17,6,7,1600,1,2,1,1.0,6.0,13055,M,4330460.0,539784.0,13
201700009781,17,6,7,1540,1,2,1,1.0,3.0,13002,M,4335791.0,548797.0,13
201700009782,17,6,7,1749,1,2,1,1.0,7.0,13055,M,4329122.0,543080.0,13
201700009783,17,6,3,1225,1,2,2,1.0,3.0,13055,M,4329694.0,537366.0,13
201700009784,17,6,4,1920,1,2,1,1.0,3.0,13055,M,4327229.0,540623.0,13
201700009785,17,5,30,1555,1,2,1,1.0,2.0,13055,M,4328864.0,538434.0,13
201700009786,17,6,8,1200,1,2,1,1.0,2.0,13055,M,4336359.0,534272.0,13
201700009787,17,6,8,1700,1,2,1,1.0,6.0,13055,M,4327817.0,538320.0,13
201700009788,17,6,8,2028,1,2,3,1.0,7.0,13055,M,4331664.0,537334.0,13
201700009789,17,6,8,2015,1,2,3,1.0,1.0,13055,M,4329588.0,543340.0,13
201700009790,17,6,8,2330,5,2,1,1.0,6.0,13055,M,4329515.0,537436.0,13
201700009791,17,6,9,315,3,1,1,1.0,7.0,13055,M,4336497.0,534259.0,13
201700009792,17,6,9,805,1,2,2,7.0,3.0,13002,M,4333141.0,546627.0,13
201700009793,17,6,10,45,5,2,1,1.0,1.0,13055,M,4328859.0,535351.0,13
201700009794,17,6,6,1900,1,2,3,1.0,1.0,13055,M,4333331.0,539893.0,13
201700009795,17,6,10,1145,1,2,1,1.0,6.0,13055,M,4329771.0,539763.0,13
201700009796,17,6,10,1111,1,2,1,1.0,2.0,13055,M,4329329.0,538236.0,13
201700009797,17,6,10,1040,1,2,1,1.0,6.0,13106,M,4340843.0,536776.0,13