Num_Acc,an,mois,jour,hrmn,lum,agg,int,atm,col,com,gps,lat,long,dep
201700009798,17,6,10,2040,1,2,1,1.0,2.0,13055,M,4328895.0,539498.0,13
201700009799,17,6,10,2000,2,2,3,1.0,6.0,13055,M,4326681.0,537525.0,13
201700009800,17,6,10,2200,5,1,1,1.0,1.0,13055,M,4331141.0,545548.0,13
201700009801,17,6,10,2320,3,2,3,1.0,3.0,13055,M,4328851.0,539644.0,13
201700009802,17,6,11,55,5,1,1,1.0,3.0,13055,M,4332483.0,539376.0,13
201700009803,17,6,11,1,3,2,3,1.0,3.0,13055,M,4329611.0,548661.0,13
201700009804,17,6,11,10,5,2,1,1.0,2.0,13055,M,4325112.0,537557.0,13
201700009805,17,6,11,350,5,2,1,1.0,1.0,13055,M,4329553.0,548129.0,13
201700009806,17,6,11,350,5,2,2,1.0,3.0,13055,M,4328995.0,537255.0,13
201700009807,17,6,11,630,1,2,1,1.0,6.0,13055,M,4329176.0,540857.0,13
201700009808,17,6,11,1045,1,2,1,1.0,6.0,13055,M,4328267.0,539256.0,13
201700009809,17,6,10,1130,1,2,1,1.0,3.0,13055,M,4328590.0,538404.0,13
201700009810,17,6,11,1715,1,2,1,1.0,4.0,13055,M,4327003.0,539269.0,13
201700009811,17,6,9,1600,1,2,1,1.0,7.0,13055,M,4329264.0,537588.0,13
201700009812,17,6,12,1020,1,2,2,1.0,6.0,13055,M,4328374.0,538352.0,13
201700009813,17,6,12,1100,1,2,1,1.0,3.0,13055,M,4332749.0,543609.0,13
201700009814,17,6,12,1515,1,2,1,1.0,6.0,13106,M,4340709.0,537099.0,13
201700009815,17,6,12,2015,1,2,1,1.0,2.0,13055,M,4329432.0,537641.0,13
201700009816,17,6,12,1920,1,2,3,1.0,3.0,13055,M,4326522.0,539542.0,13
201700009817,17,6,12,2115,2,1,3,1.0,3.0,13055,M,4328601.0,538495.0,13
201700009818,17,6,12,2300,3,2,1,1.0,4.0,13055,M,4330719.0,540127.0,13
201700009819,17,5,13,700,1,2,3,1.0,6.0,13055,M,4328894.0,536645.0,13
201700009820,17,6,13,930,1,2,1,1.0,3.0,13055,M,4329199.0,545971.0,13
201700009821,17,6,13,1130,1,2,1,1.0,3.0,13055,M,4330105.0,538312.0,13
201700009822,17,6,13,1245,1,2,4,1.0,6.0,13055,M,4328931.0,536314.0,13
201700009823,17,6,13,1435,1,2,1,1.0,1.0,13055,M,4336436.0,535803.0,13
201700009824,17,6,9,945,1,2,1,1.0,7.0,13055,M,4327206.0,536271.0,13
201700009825,17,6,13,1700,1,2,1,1.0,3.0,13055,M,4332672.0,542545.0,13
201700009826,17,6,13,1805,1,2,1,1.0,6.0,13055,M,4328398.0,538077.0,13
201700009827,17,6,13,1730,1,2,2,1.0,5.0,13055,M,4329976.0,539858.0,13
201700009828,17,6,13,2353,5,2,2,1.0,1.0,13055,M,4330201.0,539434.0,13
201700009829,17,6,13,1045,1,2,2,1.0,7.0,13055,M,4328641.0,538563.0,13
201700009830,17,6,14,720,1,2,1,1.0,3.0,13055,M,4333061.0,541045.0,13
201700009831,17,6,14,720,1,2,1,1.0,4.0,13055,M,4328937.0,536331.0,13
201700009832,17,6,14,840,1,2,2,1.0,6.0,13055,M,4328175.0,537451.0,13
201700009833,17,6,14,845,1,2,1,1.0,5.0,13055,M,4331381.0,546606.0,13
201700009834,17,6,14,850,1,2,1,1.0,6.0,13055,M,4328276.0,543214.0,13
201700009835,17,6,14,1025,1,2,1,1.0,1.0,13055,M,4334145.0,540840.0,13
201700009836,17,6,14,1230,1,2,3,1.0,2.0,13055,M,4328162.0,539157.0,13
201700009837,17,6,3,1840,1,2,1,1.0,6.0,13055,M,4330959.0,540912.0,13
201700009838,17,6,14,1430,1,2,1,1.0,6.0,13055,M,4329661.0,537658.0,13
201700009839,17,6,14,1645,1,2,1,1.0,1.0,13055,M,4328534.0,548193.0,13
201700009840,17,6,14,1730,1,2,1,1.0,2.0,13055,M,4329562.0,544613.0,13
201700009841,17,6,14,1740,1,2,1,1.0,3.0,13055,M,4328988.0,548517.0,13
201700009842,17,6,14,500,2,2,3,1.0,3.0,13055,M,4332360.0,538911.0,13
201700009843,17,6,14,2055,1,2,3,1.0,6.0,13055,M,4328663.0,538627.0,13
201700009844,17,6,14,1935,1,2,1,1.0,6.0,13055,M,4326624.0,540311.0,13
201700009845,17,6,14,1000,1,2,1,1.0,1.0,13055,M,4332691.0,544469.0,13
201700009846,17,6,15,1245,1,2,1,1.0,3.0,13055,M,4338498.0,536124.0,13
201700009847,17,6,15,1900,1,2,1,1.0,5.0,13055,M,4333001.0,538534.0,13
201700009848,17,6,15,1820,1,2,1,1.0,3.0,13055,M,4332984.0,538345.0,13
201700009849,17,6,15,2300,5,2,3,1.0,3.0,13055,M,4330571.0,537324.0,13
201700009850,17,6,16,100,5,2,1,1.0,6.0,13055,M,4327939.0,541502.0,13
201700009851,17,6,16,845,1,2,1,1.0,6.0,13055,M,4332941.0,537529.0,13
201700009852,17,5,18,840,1,2,2,1.0,1.0,13055,M,4329369.0,540168.0,13
201700009853,17,5,22,1415,1,2,1,1.0,2.0,13055,M,4331076.0,536720.0,13
201700009854,17,6,16,1500,1,2,1,1.0,4.0,13055,M,4332807.0,535488.0,13
201700009855,17,6,16,1818,1,2,1,1.0,3.0,13055,M,4329020.0,538653.0,13
201700009856,17,6,16,1855,1,2,6,1.0,3.0,13055,M,4332864.0,536574.0,13
201700009857,17,6,16,2025,1,2,1,1.0,6.0,13055,M,4327998.0,540019.0,13
201700009858,17,6,17,320,5,2,3,1.0,3.0,13055,M,4329128.0,537328.0,13
201700009859,17,6,17,1600,1,2,2,1.0,3.0,13055,M,4331326.0,540350.0,13
201700009860,17,6,17,2245,5,2,1,1.0,1.0,13055,M,4328320.0,549697.0,13
201700009861,17,6,18,45,5,2,1,1.0,6.0,13055,M,4326994.0,542366.0,13
201700009862,17,6,14,1800,1,2,1,1.0,6.0,13055,M,4331533.0,539812.0,13
201700009863,17,6,18,1530,1,2,1,1.0,2.0,13055,M,4329490.0,540094.0,13
201700009864,17,6,18,1600,1,2,1,1.0,6.0,13055,M,4324627.0,543216.0,13
201700009865,17,6,18,1800,1,2,1,1.0,5.0,13055,M,4324873.0,543969.0,13
201700009866,17,6,18,2310,3,2,1,1.0,3.0,13055,M,4327729.0,535668.0,13
201700009867,17,6,19,120,5,2,1,1.0,6.0,13055,M,4332763.0,536614.0,13
201700009868,17,6,19,950,1,2,1,1.0,6.0,13055,M,4327622.0,538920.0,13
201700009869,17,6,19,1455,1,2,3,1.0,3.0,13055,M,4327060.0,540746.0,13
201700009870,17,6,19,1700,1,2,1,1.0,6.0,13055,M,4333739.0,536720.0,13
201700009871,17,6,19,2150,5,2,1,1.0,2.0,13055,M,4326394.0,537369.0,13
201700009872,17,6,19,2220,5,2,9,1.0,6.0,13055,M,4327718.0,538362.0,13
201700009873,17,6,19,2330,5,2,1,1.0,7.0,13055,M,4325770.0,537628.0,13
201700009874,17,6,20,700,2,2,3,1.0,4.0,13055,M,4329912.0,538090.0,13
201700009875,17,6,20,905,1,2,1,1.0,2.0,13106,M,4339411.0,536492.0,13
201700009876,17,6,20,1505,1,2,1,1.0,1.0,13055,M,4332594.0,542206.0,13
201700009877,17,6,20,1230,1,2,1,1.0,3.0,13055,M,4325431.0,538078.0,13
201700009878,17,6,20,1710,1,2,2,1.0,1.0,13055,M,4328911.0,536207.0,13
201700009879,17,6,20,1736,1,2,1,1.0,6.0,13055,M,4330173.0,540152.0,13
201700009880,17,6,20,1910,1,2,2,1.0,3.0,13055,M,4329878.0,540085.0,13
201700009881,17,6,20,2235,5,2,1,1.0,3.0,13055,M,4329054.0,546298.0,13
201700009882,17,6,21,430,5,2,1,1.0,6.0,13055,M,4327913.0,541314.0,13
201700009883,17,6,21,1615,1,2,1,1.0,3.0,13055,M,4331686.0,540465.0,13
201700009884,17,6,21,2140,2,2,3,1.0,2.0,13055,M,4330219.0,538340.0,13
201700009885,17,6,22,30,5,2,1,1.0,2.0,13055,M,4325427.0,538081.0,13
201700009886,17,6,21,2050,1,2,3,1.0,2.0,13055,M,4330335.0,540433.0,13
201700009887,17,6,22,300,5,2,2,1.0,3.0,13055,M,4328863.0,537882.0,13
201700009888,17,6,22,1400,1,2,1,1.0,1.0,13055,M,4328618.0,546100.0,13
201700009889,17,6,22,1705,1,2,1,1.0,6.0,13055,M,4332450.0,536239.0,13
201700009890,17,6,22,1640,1,2,6,1.0,2.0,13055,M,4325060.0,540376.0,13
201700009891,17,6,23,815,1,2,1,1.0,2.0,13055,M,4327780.0,537238.0,13
201700009892,17,6,12,1800,1,2,3,1.0,3.0,13055,M,4334721.0,536903.0,13
201700009893,17,6,23,1500,1,2,1,1.0,6.0,13055,M,4326967.0,542014.0,13
201700009894,17,6,21,2030,1,2,1,1.0,3.0,13055,M,4326739.0,538368.0,13
201700009895,17,6,23,1345,1,2,1,1.0,6.0,13055,M,4332789.0,543529.0,13
201700009896,17,6,23,1425,1,2,1,1.0,3.0,13055,M,4333228.0,538141.0,13
201700009897,17,6,23,1330,1,2,1,1.0,6.0,13055,M,4327827.0,538357.0,13
201700009898,17,6,24,10,5,2,1,1.0,2.0,13055,M,4330759.0,537385.0,13
201700009899,17,6,24,1250,1,2,1,1.0,3.0,13055,M,4336997.0,534629.0,13
201700009900,17,6,24,1310,1,2,1,1.0,3.0,13055,M,4328893.0,542907.0,13
201700009901,17,6,24,1640,1,2,1,1.0,1.0,13055,M,4328074.0,539320.0,13
201700009902,17,6,24,1900,1,2,2,1.0,3.0,13055,M,4330674.0,537410.0,13
201700009903,17,6,24,2215,5,2,1,1.0,3.0,13055,M,4332182.0,541721.0,13
201700009904,17,6,25,1250,1,2,1,1.0,1.0,13055,M,4331368.0,537451.0,13
201700009905,17,6,25,1510,1,2,1,1.0,6.0,13055,M,4331628.0,539547.0,13
201700009906,17,6,25,1740,1,2,3,1.0,3.0,13055,M,4335127.0,544117.0,13
201700009907,17,6,26,40,5,2,1,1.0,6.0,13055,M,4333015.0,536933.0,13
201700009908,17,6,26,805,1,2,1,1.0,6.0,13055,M,4329291.0,536902.0,13
201700009909,17,6,26,820,1,2,9,1.0,4.0,13055,M,4332972.0,542896.0,13
201700009910,17,6,26,1335,1,2,4,1.0,3.0,13055,M,4328916.0,535455.0,13
201700009911,17,6,27,1,5,2,6,1.0,7.0,13055,M,4324941.0,538696.0,13
201700009912,17,6,27,850,1,2,1,1.0,2.0,13055,M,4329283.0,536855.0,13
201700009913,17,6,27,1130,1,2,3,1.0,2.0,13055,M,4325425.0,542082.0,13
201700009914,17,6,27,1720,1,2,1,1.0,2.0,13055,M,4324111.0,536825.0,13
201700009915,17,6,27,1923,1,2,1,1.0,2.0,13055,M,4326450.0,537350.0,13
201700009916,17,6,27,2100,2,2,1,1.0,3.0,13055,M,4336881.0,536289.0,13
201700009917,17,6,28,15,5,2,1,1.0,1.0,13055,M,4327649.0,539755.0,13
201700009918,17,6,28,1210,1,2,1,1.0,6.0,13055,M,4330640.0,538138.0,13
201700009919,17,6,28,1130,1,2,2,7.0,1.0,13055,M,4328771.0,536241.0,13
201700009920,17,6,28,1330,1,2,6,1.0,3.0,13075,M,4334666.0,545851.0,13
201700009921,17,6,27,1610,1,2,1,1.0,2.0,13055,M,4331554.0,540163.0,13
201700009922,17,6,27,1945,1,2,3,1.0,7.0,13055,M,4328162.0,542563.0,13
201700009923,17,6,28,1730,1,1,1,1.0,6.0,13055,M,4324008.0,545719.0,13
201700009924,17,6,28,1715,1,2,1,1.0,6.0,13055,M,4329730.0,545710.0,13
201700009925,17,6,28,1515,1,2,1,1.0,2.0,13055,M,4335594.0,532757.0,13
201700009926,17,6,29,1000,1,2,1,1.0,6.0,13055,M,4332504.0,538213.0,13
201700009927,17,6,29,1140,1,2,1,1.0,6.0,13055,M,4327916.0,541346.0,13
201700009928,17,6,29,1630,1,2,3,1.0,3.0,13055,M,4325338.0,539455.0,13
201700009929,17,6,29,1806,1,2,1,1.0,3.0,13055,M,4331629.0,537326.0,13
201700009930,17,6,29,1940,1,2,1,1.0,3.0,13055,M,4327509.0,539532.0,13
201700009931,17,6,29,2300,5,2,1,1.0,3.0,13055,M,4334149.0,536037.0,13
201700009932,17,6,30,105,5,2,3,1.0,3.0,13055,M,4328396.0,538451.0,13
201700009933,17,6,30,630,1,2,1,1.0,2.0,13055,M,4331491.0,541446.0,13
201700009934,17,6,29,1910,1,2,3,1.0,3.0,13055,M,4330739.0,542480.0,13
201700009935,17,6,30,1230,1,2,2,1.0,3.0,13055,M,4328760.0,538574.0,13
201700009936,17,6,30,1320,1,2,3,1.0,3.0,13055,M,4333320.0,539890.0,13
201700009937,17,6,30,1430,1,2,3,1.0,3.0,13055,M,4328083.0,539635.0,13
201700009938,17,6,30,1315,1,2,1,1.0,5.0,13055,M,4326005.0,541602.0,13
201700009939,17,6,30,2200,5,2,1,1.0,5.0,13055,M,4326907.0,538598.0,13
201700009940,17,6,30,2040,1,2,1,1.0,6.0,13055,M,4329214.0,546487.0,13
201700009941,17,7,1,45,5,2,3,1.0,3.0,13055,M,4329408.0,537650.0,13
201700009942,17,7,1,330,5,2,1,1.0,7.0,13055,M,4335143.0,533961.0,13
201700009943,17,6,26,1545,1,2,1,1.0,6.0,13055,M,4329588.0,538730.0,13
201700009944,17,7,1,730,1,2,3,1.0,3.0,13075,M,4334850.0,546596.0,13
201700009945,17,7,1,1310,1,2,2,1.0,3.0,13055,M,4330784.0,538169.0,13
201700009946,17,7,1,1610,1,2,1,1.0,3.0,13055,M,4327281.0,539955.0,13
201700009947,17,7,1,2200,5,2,5,1.0,3.0,13055,M,4326670.0,540292.0,13
201700009948,17,7,2,300,3,2,1,1.0,3.0,13055,M,4335650.0,535741.0,13
201700009949,17,7,2,2330,5,2,1,1.0,2.0,13055,M,4325001.0,537536.0,13
201700009950,17,7,2,2330,5,2,3,1.0,3.0,13055,M,4331893.0,536767.0,13
201700009951,17,7,1,1645,1,2,1,1.0,2.0,13055,M,4330483.0,536899.0,13
201700009952,17,7,3,955,1,2,1,1.0,7.0,13055,M,4332396.0,544417.0,13
201700009953,17,7,3,1040,1,2,1,1.0,2.0,13055,M,4324338.0,536933.0,13
201700009954,17,7,3,1130,1,2,3,1.0,3.0,13055,M,4328860.0,545478.0,13
201700009955,17,7,3,1435,1,2,1,1.0,2.0,13055,M,4330864.0,540245.0,13
201700009956,17,7,3,1630,1,2,1,1.0,2.0,13055,M,4336133.0,531206.0,13
201700009957,17,7,4,225,5,2,2,1.0,2.0,13055,M,4329772.0,538132.0,13
201700009958,17,6,30,1830,1,2,2,1.0,3.0,13055,M,4330412.0,537794.0,13
201700009959,17,7,4,720,1,2,2,1.0,6.0,13055,M,4328733.0,538907.0,13
201700009960,17,7,4,715,1,2,1,1.0,3.0,13055,M,,,13
201700009961,17,7,4,1015,1,2,1,1.0,2.0,13055,M,4333022.0,538781.0,13
201700009962,17,7,4,715,1,2,1,1.0,2.0,13055,M,4331935.0,537933.0,13
201700009963,17,7,4,1130,1,2,1,1.0,6.0,13055,M,4326854.0,540460.0,13
201700009964,17,7,4,1225,1,2,6,1.0,3.0,13055,M,4337726.0,535975.0,13
201700009965,17,7,3,1900,1,2,3,1.0,7.0,13055,M,4328772.0,536241.0,13
201700009966,17,7,4,1345,1,2,1,1.0,3.0,13055,M,4328889.0,536088.0,13
201700009967,17,7,4,1145,1,2,1,1.0,1.0,13055,M,4332916.0,536534.0,13
201700009968,17,7,4,2120,2,2,1,1.0,3.0,13055,M,4337318.0,535357.0,13
201700009969,17,7,4,2115,2,2,1,1.0,7.0,13055,M,4328708.0,538079.0,13
201700009970,17,7,5,130,3,2,1,1.0,2.0,13055,M,4331863.0,537959.0,13
201700009971,17,7,5,915,1,2,2,1.0,3.0,13055,M,4329892.0,540228.0,13
201700009972,17,7,4,1524,1,2,1,1.0,6.0,13055,M,4330040.0,538923.0,13
201700009973,17,7,3,1635,1,2,1,1.0,6.0,13055,M,4327317.0,539232.0,13
201700009974,17,6,2,1705,1,2,1,1.0,2.0,13055,M,4330291.0,538490.0,13
201700009975,17,7,5,850,1,2,3,1.0,3.0,13055,M,4330687.0,537362.0,13
201700009976,17,6,29,820,1,2,3,1.0,3.0,13055,M,4330411.0,537794.0,13
201700009977,17,7,3,1600,1,2,9,1.0,7.0,13055,M,4338199.0,536407.0,13
201700009978,17,7,5,1630,1,2,1,1.0,3.0,13055,M,4328942.0,539694.0,13
201700009979,17,7,5,2020,2,2,2,1.0,1.0,13055,M,4328864.0,549900.0,13
201700009980,17,7,5,2300,5,2,1,1.0,1.0,13055,M,4335248.0,536501.0,13
201700009981,17,7,5,1540,1,2,3,1.0,2.0,13055,M,4329087.0,535912.0,13
201700009982,17,7,5,1910,1,2,1,1.0,1.0,13055,M,4333187.0,538715.0,13
201700009983,17,7,6,2158,5,2,3,1.0,3.0,13055,M,4328921.0,537859.0,13
201700009984,17,7,6,1900,2,2,1,1.0,6.0,13055,M,4334299.0,538544.0,13
201700009985,17,7,7,1345,1,2,2,1.0,2.0,13055,M,4326883.0,540360.0,13
201700009986,17,7,7,1455,1,2,1,1.0,6.0,13055,M,4326830.0,541388.0,13
201700009987,17,7,7,1700,1,2,1,1.0,6.0,13055,M,4326249.0,537571.0,13
201700009988,17,7,7,1700,1,2,1,1.0,3.0,13055,M,4328489.0,542282.0,13
201700009989,17,7,8,42,5,2,2,1.0,3.0,13055,M,4329967.0,539773.0,13
201700009990,17,7,8,1300,1,2,1,1.0,6.0,13055,M,4329848.0,537406.0,13
201700009991,17,7,8,1230,1,2,1,1.0,3.0,13055,M,4328373.0,542796.0,13
201700009992,17,7,8,1500,1,2,1,1.0,6.0,13055,M,4324695.0,538312.0,13
201700009993,17,7,8,2000,1,2,3,1.0,3.0,13055,M,4329996.0,542274.0,13
201700009994,17,7,8,1900,1,2,6,1.0,3.0,13055,M,4323919.0,537502.0,13
201700009995,17,7,9,150,5,2,6,1.0,3.0,13055,M,4323527.0,539908.0,13
201700009996,17,7,9,1915,1,2,1,1.0,3.0,13055,M,4328827.0,550132.0,13
201700009997,17,7,10,15,5,2,1,1.0,6.0,13055,M,4328697.0,544562.0,13
201700009998,17,7,10,1030,1,2,1,1.0,6.0,13055,M,4331608.0,539403.0,13
201700009999,17,7,10,1100,1,2,1,1.0,3.0,13055,M,4326259.0,541272.0,13
201700010000,17,7,10,1245,1,2,1,1.0,3.0,13055,M,4329046.0,542016.0,13
201700010001,17,7,9,2330,3,2,1,1.0,6.0,13055,M,4332086.0,537495.0,13
201700010002,17,7,11,910,1,2,1,1.0,6.0,13055,M,4330347.0,537323.0,13
201700010003,17,7,11,1630,1,2,3,1.0,6.0,13055,M,4330335.0,540433.0,13
201700010004,17,7,11,1600,1,2,1,1.0,6.0,13055,M,4326219.0,537447.0,13
201700010005,17,7,11,1740,1,2,2,1.0,3.0,13055,M,4329493.0,542699.0,13
201700010006,17,7,11,2020,1,2,1,1.0,3.0,13055,M,4329054.0,537076.0,13
201700010007,17,7,11,1930,1,2,1,1.0,3.0,13055,M,4326368.0,537758.0,13
201700010008,17,7,12,600,1,2,3,1.0,3.0,13055,M,4328554.0,544164.0,13
201700010009,17,6,19,2323,5,2,1,1.0,6.0,13055,M,4326428.0,537365.0,13
201700010010,17,7,12,840,1,2,1,1.0,6.0,13055,M,4336762.0,535660.0,13
201700010011,17,7,12,1140,1,2,1,1.0,2.0,13055,M,4329951.0,537181.0,13
201700010012,17,7,12,1440,1,2,1,1.0,6.0,13055,M,4330175.0,538336.0,13
201700010013,17,7,12,1600,1,2,1,1.0,3.0,13055,M,4329808.0,537265.0,13
201700010014,17,7,12,1520,1,2,7,1.0,6.0,13055,M,4325372.0,538201.0,13
201700010015,17,7,12,2050,1,2,1,1.0,6.0,13055,M,4331354.0,537118.0,13
201700010016,17,7,13,1,5,2,6,1.0,3.0,13055,M,4330023.0,547697.0,13
201700010017,17,7,12,2340,5,2,1,1.0,2.0,13055,M,4324860.0,537495.0,13
201700010018,17,7,13,40,5,2,2,1.0,3.0,13055,M,4330621.0,537226.0,13
201700010019,17,7,13,1,5,2,3,1.0,3.0,13055,M,4328014.0,538667.0,13
201700010020,17,7,13,1021,1,2,6,1.0,6.0,13055,M,4329018.0,539965.0,13
201700010021,17,7,12,1715,1,2,9,1.0,6.0,13055,M,4330234.0,538103.0,13
201700010022,17,7,13,1525,1,2,3,1.0,3.0,13055,M,4331529.0,543406.0,13
201700010023,17,7,13,2035,2,2,3,1.0,3.0,13055,M,4326032.0,539399.0,13
201700010024,17,7,13,2130,2,2,1,1.0,2.0,13055,M,4327447.0,539734.0,13
201700010025,17,7,13,2115,2,2,1,1.0,4.0,13055,M,4331529.0,540237.0,13
201700010026,17,7,13,2130,2,2,3,1.0,3.0,13055,M,4328333.0,541285.0,13
201700010027,17,7,13,1845,1,2,2,1.0,3.0,13055,M,4331140.0,538734.0,13
201700010028,17,7,14,45,5,2,1,1.0,6.0,13055,M,4330134.0,538780.0,13
201700010029,17,7,13,1305,1,2,1,1.0,7.0,13055,M,4336196.0,534469.0,13
201700010030,17,7,14,1030,1,2,3,1.0,3.0,13055,M,4326365.0,538946.0,13
201700010031,17,7,14,2120,2,2,1,1.0,2.0,13055,M,4330295.0,540097.0,13
201700010032,17,7,14,2144,5,2,1,1.0,7.0,13075,M,4335410.0,546637.0,13
201700010033,17,7,15,227,5,2,2,1.0,3.0,13055,M,4330770.0,537388.0,13
201700010034,17,7,15,1100,1,2,4,1.0,3.0,13055,M,4329149.0,538296.0,13
201700010035,17,7,15,1430,1,1,9,1.0,6.0,13055,M,4323989.0,545641.0,13
201700010036,17,7,15,2010,1,2,9,1.0,3.0,13055,M,4329027.0,536954.0,13
201700010037,17,7,15,2205,5,2,1,1.0,2.0,13055,M,4327144.0,536282.0,13
201700010038,17,7,16,900,1,2,2,1.0,3.0,13055,M,4328816.0,539521.0,13
201700010039,17,7,16,1020,1,2,1,1.0,2.0,13055,M,4330190.0,539997.0,13
201700010040,17,7,11,1045,1,2,3,1.0,3.0,13055,M,4323500.0,536022.0,13
201700010041,17,7,16,1300,1,2,3,1.0,2.0,13055,M,4328396.0,538431.0,13
201700010042,17,7,16,1430,1,2,1,1.0,6.0,13055,M,4329515.0,537449.0,13
201700010043,17,7,11,725,1,2,1,1.0,3.0,13055,M,4331326.0,540357.0,13
201700010044,17,7,16,1640,1,2,1,1.0,4.0,13055,M,4327925.0,542299.0,13
201700010045,17,7,17,1230,1,2,3,1.0,3.0,13055,M,4330740.0,542480.0,13
201700010046,17,7,17,1150,1,2,1,1.0,3.0,13055,M,4333428.0,542880.0,13
201700010047,17,7,17,1500,1,2,2,1.0,7.0,13055,M,4328574.0,539270.0,13
201700010048,17,7,17,1550,1,2,1,1.0,3.0,13055,M,4332353.0,544538.0,13
201700010049,17,7,17,1745,1,2,1,1.0,2.0,13055,M,4328862.0,535354.0,13
201700010050,17,7,17,1820,1,2,1,1.0,6.0,13055,M,4332021.0,541501.0,13
201700010051,17,7,17,1510,1,2,1,1.0,6.0,13055,M,4333169.0,541063.0,13
201700010052,17,7,17,1830,1,2,1,1.0,3.0,13055,M,4329326.0,547862.0,13
201700010053,17,7,18,30,5,2,1,1.0,6.0,13055,M,4324997.0,537530.0,13
201700010054,17,7,18,1510,1,2,1,1.0,2.0,13055,M,4327940.0,541504.0,13
201700010055,17,7,18,1600,1,2,6,1.0,3.0,13055,M,4337885.0,535761.0,13
201700010056,17,7,18,1800,1,2,3,1.0,3.0,13055,M,4328987.0,537163.0,13
201700010057,17,7,19,1040,1,2,1,1.0,6.0,13055,M,4328983.0,543991.0,13
201700010058,17,7,18,1930,1,2,1,1.0,7.0,13055,M,4327113.0,538918.0,13
201700010059,17,7,10,1530,1,2,4,1.0,3.0,13055,M,4329832.0,541676.0,13
201700010060,17,7,19,1600,1,2,3,1.0,6.0,13055,M,4330761.0,540274.0,13
201700010061,17,7,19,1840,1,2,2,1.0,3.0,13055,M,4330903.0,537841.0,13
201700010062,17,7,19,1810,1,2,1,1.0,3.0,13055,M,4334050.0,544280.0,13
201700010063,17,7,19,2000,1,2,1,1.0,6.0,13055,M,4331783.0,546005.0,13
201700010064,17,7,19,1855,1,2,1,1.0,2.0,13055,M,4324746.0,541140.0,13
201700010065,17,7,19,1918,1,2,1,1.0,6.0,13055,M,4331335.0,540593.0,13
201700010066,17,7,20,715,1,2,1,1.0,3.0,13055,M,4328951.0,546541.0,13
201700010067,17,7,20,1400,1,2,1,1.0,6.0,13055,M,4333529.0,540750.0,13
201700010068,17,7,20,1645,1,2,1,2.0,3.0,13055,M,4330391.0,539807.0,13
201700010069,17,7,20,1710,1,2,3,1.0,1.0,13055,M,4324589.0,539074.0,13
201700010070,17,7,20,1950,1,2,1,1.0,6.0,13055,M,4326281.0,541216.0,13
201700010071,17,7,20,1110,1,2,3,1.0,3.0,13055,M,4329323.0,540504.0,13
201700010072,17,7,21,1630,1,1,1,1.0,6.0,13002,M,4336852.0,551491.0,13
201700010073,17,7,21,2200,4,2,7,1.0,6.0,13055,M,4326934.0,536716.0,13
201700010074,17,7,23,550,5,2,1,1.0,6.0,13055,M,4327676.0,539916.0,13
201700010075,17,7,23,1015,1,2,1,1.0,7.0,13055,M,4333635.0,541801.0,13
201700010076,17,7,23,2050,2,2,1,1.0,3.0,13055,M,4330088.0,538218.0,13
201700010077,17,7,10,1741,1,2,1,1.0,6.0,13055,M,4334242.0,540808.0,13
201700010078,17,7,24,715,1,2,2,1.0,3.0,13055,M,4330309.0,536663.0,13
201700010079,17,3,15,1201,1,2,1,1.0,7.0,13055,M,4326893.0,536913.0,13
201700010080,17,7,24,1550,1,2,1,1.0,7.0,13055,M,4331866.0,537956.0,13
201700010081,17,7,24,1925,1,2,1,1.0,7.0,13055,M,4325677.0,539107.0,13
201700010082,17,7,24,2140,2,2,1,1.0,3.0,13055,M,4324396.0,537103.0,13
201700010083,17,7,24,2140,2,2,1,1.0,1.0,13055,M,4331039.0,538947.0,13
201700010084,17,7,24,2345,5,2,1,1.0,3.0,13055,M,4335036.0,536202.0,13
201700010085,17,7,25,645,1,2,1,1.0,6.0,13055,M,4331380.0,540592.0,13
201700010086,17,7,24,1900,1,2,2,1.0,3.0,13055,M,4328799.0,537902.0,13
201700010087,17,7,25,1500,1,2,1,1.0,5.0,13055,M,4328464.0,534980.0,13
201700010088,17,7,25,1750,1,2,1,6.0,7.0,13055,M,4329203.0,535907.0,13
201700010089,17,7,25,1820,1,2,7,1.0,2.0,13055,M,4327756.0,539931.0,13
201700010090,17,7,25,2005,2,2,1,1.0,3.0,13055,M,4332049.0,536238.0,13
201700010091,17,7,25,2115,5,2,3,1.0,2.0,13055,M,4325728.0,539746.0,13
201700010092,17,7,26,130,3,2,2,1.0,3.0,13055,M,4331671.0,536913.0,13
201700010093,17,7,26,1320,1,2,1,1.0,6.0,13055,M,4331237.0,538638.0,13
201700010094,17,7,26,1505,1,2,2,1.0,3.0,13055,M,4328899.0,537637.0,13
201700010095,17,7,26,1600,1,2,1,1.0,6.0,13055,M,4328857.0,545949.0,13
201700010096,17,7,26,1650,1,2,6,1.0,3.0,13055,M,4332868.0,536581.0,13
201700010097,17,7,27,30,5,2,1,1.0,6.0,13055,M,4327359.0,540048.0,13
201700010098,17,7,27,200,5,2,3,1.0,3.0,13055,M,4336132.0,533722.0,13
201700010099,17,7,23,1930,1,2,1,1.0,3.0,13055,M,4331143.0,540354.0,13
201700010100,17,7,27,1600,1,2,1,1.0,6.0,13055,M,4327168.0,540557.0,13