Num_Acc,an,mois,jour,hrmn,lum,agg,int,atm,col,com,gps,lat,long,dep
201700010101,17,7,27,1730,1,2,1,1.0,3.0,13055,M,4334733.0,537810.0,13
201700010102,17,7,28,100,3,2,1,1.0,6.0,13055,M,4328456.0,539866.0,13
201700010103,17,7,28,1410,1,2,1,1.0,2.0,13055,M,4326941.0,538648.0,13
201700010104,17,7,28,1430,1,2,1,1.0,6.0,13055,M,4328926.0,538734.0,13
201700010105,17,7,28,2040,2,2,3,1.0,3.0,13055,M,4328584.0,544256.0,13
201700010106,17,7,28,2220,5,2,1,1.0,6.0,13055,M,4326039.0,540311.0,13
201700010107,17,7,28,2045,1,2,2,1.0,6.0,13055,M,4332083.0,537473.0,13
201700010108,17,7,29,10,5,2,1,1.0,7.0,13055,M,4323133.0,536291.0,13
201700010109,17,7,29,1300,1,2,1,1.0,6.0,13055,M,4329847.0,538549.0,13
201700010110,17,7,29,1430,1,2,1,1.0,6.0,13055,M,4337975.0,535724.0,13
201700010111,17,7,29,1600,1,2,1,1.0,1.0,13055,M,4328015.0,542543.0,13
201700010112,17,7,29,1930,1,2,1,1.0,6.0,13055,M,4323914.0,543681.0,13
201700010113,17,7,30,700,1,2,1,1.0,6.0,13055,M,4328135.0,535146.0,13
201700010114,17,7,30,1545,1,2,2,1.0,3.0,13055,M,4330159.0,538168.0,13
201700010115,17,7,30,1830,1,2,1,1.0,4.0,13055,M,4329300.0,545608.0,13
201700010116,17,7,30,1700,1,2,1,1.0,6.0,13055,M,4325526.0,537619.0,13
201700010117,17,7,30,1745,1,2,1,1.0,2.0,13055,M,4324232.0,537216.0,13
201700010118,17,7,31,130,5,2,1,1.0,3.0,13055,M,4331263.0,536675.0,13
201700010119,17,7,28,1900,1,2,7,1.0,6.0,13055,M,4330640.0,537361.0,13
201700010120,17,7,31,930,1,2,1,1.0,6.0,13055,M,4325770.0,537639.0,13
201700010121,17,7,31,1050,1,2,1,1.0,7.0,13055,M,4330842.0,537733.0,13
201700010122,17,4,15,1250,1,2,1,1.0,3.0,13055,M,4329236.0,537070.0,13
201700010123,17,7,31,1250,1,2,8,1.0,3.0,13055,M,4329467.0,537446.0,13
201700010124,17,7,31,1445,1,2,1,1.0,6.0,13055,M,4332805.0,536595.0,13
201700010125,17,7,31,1755,1,2,1,1.0,2.0,13055,M,4332663.0,543792.0,13
201700010126,17,7,31,1558,1,2,2,1.0,3.0,13055,M,4333212.0,540416.0,13
201700010127,17,7,31,2115,5,2,1,1.0,6.0,13055,M,4328101.0,538914.0,13
201700010128,17,7,23,1540,1,2,1,1.0,1.0,13055,M,4333878.0,536234.0,13
201700010129,17,8,1,1520,1,2,1,1.0,6.0,13055,M,4330374.0,536806.0,13
201700010130,17,8,1,2245,5,2,3,1.0,3.0,13055,M,4339062.0,537568.0,13
201700010131,17,8,2,1320,1,2,1,1.0,2.0,13055,M,4335307.0,537214.0,13
201700010132,17,8,2,1620,1,2,1,1.0,3.0,13055,M,4329087.0,535913.0,13
201700010133,17,8,2,2230,5,2,2,1.0,3.0,13055,M,4330297.0,540059.0,13
201700010134,17,8,2,1920,1,2,1,1.0,6.0,13055,M,4330264.0,536368.0,13
201700010135,17,8,3,1100,1,2,1,1.0,2.0,13055,M,4327915.0,539933.0,13
201700010136,17,8,3,555,2,2,1,1.0,3.0,13055,M,4328620.0,548387.0,13
201700010137,17,8,2,1915,1,2,1,1.0,5.0,13055,M,4327341.0,541308.0,13
201700010138,17,8,3,1355,1,2,1,1.0,3.0,13002,M,4333153.0,546480.0,13
201700010139,17,8,3,1510,1,2,1,1.0,6.0,13055,M,4330511.0,536531.0,13
201700010140,17,8,4,221,5,2,2,1.0,3.0,13055,M,4328823.0,538451.0,13
201700010141,17,8,3,1830,1,2,1,1.0,2.0,13055,M,4328379.0,542680.0,13
201700010142,17,8,4,1155,1,2,3,1.0,2.0,13055,M,4326840.0,540530.0,13
201700010143,17,8,3,1830,1,2,1,1.0,3.0,13055,M,4335310.0,537170.0,13
201700010144,17,8,4,1530,1,2,1,1.0,6.0,13055,M,4328561.0,538007.0,13
201700010145,17,8,5,730,1,2,3,1.0,3.0,13055,M,4331238.0,541152.0,13
201700010146,17,8,5,1200,1,2,1,1.0,6.0,13055,M,4325569.0,537665.0,13
201700010147,17,8,5,1300,1,2,3,1.0,3.0,13055,M,4328874.0,545834.0,13
201700010148,17,8,5,1325,1,2,1,1.0,6.0,13055,M,4330510.0,536632.0,13
201700010149,17,8,5,1920,1,2,1,1.0,3.0,13055,M,4328013.0,542548.0,13
201700010150,17,8,5,1940,1,2,1,1.0,6.0,13055,M,4325927.0,539422.0,13
201700010151,17,8,6,140,5,2,3,3.0,3.0,13055,M,4326445.0,539631.0,13
201700010152,17,8,6,200,5,2,1,1.0,3.0,13055,M,4328190.0,540739.0,13
201700010153,17,8,5,1645,1,2,2,1.0,1.0,13055,M,4336141.0,533720.0,13
201700010154,17,8,6,1420,1,2,1,1.0,6.0,13055,M,4326505.0,537362.0,13
201700010155,17,8,6,1725,1,2,3,1.0,3.0,13055,M,4329043.0,546320.0,13
201700010156,17,8,6,2230,5,2,1,1.0,3.0,13055,M,4328537.0,538966.0,13
201700010157,17,8,7,305,5,2,1,1.0,3.0,13055,M,4330762.0,538160.0,13
201700010158,17,8,7,815,1,2,1,1.0,6.0,13055,M,4323999.0,536685.0,13
201700010159,17,8,7,715,1,2,1,1.0,6.0,13055,M,4327067.0,539344.0,13
201700010160,17,8,7,1315,1,2,2,1.0,6.0,13055,M,4330452.0,537610.0,13
201700010161,17,8,7,1550,1,2,3,1.0,6.0,13055,M,4332477.0,545692.0,13
201700010162,17,8,8,30,5,2,2,1.0,3.0,13055,M,4328520.0,539086.0,13
201700010163,17,8,8,630,2,2,6,1.0,2.0,13055,M,4327237.0,542835.0,13
201700010164,17,8,8,1140,1,2,3,1.0,6.0,13055,M,4328591.0,538493.0,13
201700010165,17,8,8,1300,1,2,3,1.0,3.0,13055,M,4329679.0,540398.0,13
201700010166,17,8,8,1330,1,2,1,1.0,2.0,13055,M,4328636.0,546297.0,13
201700010167,17,8,8,1400,1,1,1,1.0,7.0,13055,M,4333977.0,534884.0,13
201700010168,17,8,8,1430,1,2,1,1.0,6.0,13055,M,4328476.0,543838.0,13
201700010169,17,8,8,1955,2,2,1,8.0,6.0,13055,M,4331424.0,538096.0,13
201700010170,17,8,6,1300,1,2,1,1.0,5.0,13055,M,4334527.0,538254.0,13
201700010171,17,8,6,1400,1,2,3,1.0,3.0,13055,M,4330092.0,538176.0,13
201700010172,17,7,24,850,1,2,1,1.0,3.0,13055,M,4333156.0,535493.0,13
201700010173,17,8,6,1400,1,2,1,1.0,2.0,13055,M,4327464.0,536062.0,13
201700010174,17,6,6,830,1,1,1,1.0,2.0,13055,M,4329275.0,540008.0,13
201700010175,17,8,10,1100,1,2,1,1.0,3.0,13055,M,4323549.0,540161.0,13
201700010176,17,8,10,1335,1,2,1,1.0,1.0,13106,M,4338727.0,535928.0,13
201700010177,17,8,10,1900,1,2,9,1.0,3.0,13055,M,4328047.0,543409.0,13
201700010178,17,8,11,1650,1,2,1,1.0,5.0,13055,M,4331533.0,540220.0,13
201700010179,17,8,11,2330,5,2,1,1.0,6.0,13055,M,4334026.0,537875.0,13
201700010180,17,8,12,920,1,2,2,1.0,3.0,13055,M,4329775.0,540080.0,13
201700010181,17,8,3,1730,1,2,1,1.0,3.0,13055,M,4333980.0,544580.0,13
201700010182,17,8,12,1510,1,2,1,1.0,6.0,13055,M,4330673.0,546908.0,13
201700010183,17,8,12,1500,1,2,1,1.0,6.0,13055,M,4330308.0,536733.0,13
201700010184,17,8,12,1530,1,2,1,1.0,2.0,13055,M,4330227.0,539436.0,13
201700010185,17,8,9,515,5,2,1,1.0,6.0,13055,M,4333023.0,536990.0,13
201700010186,17,8,12,1806,1,2,3,1.0,6.0,13055,M,4328892.0,535949.0,13
201700010187,17,8,13,215,5,2,1,1.0,2.0,13055,M,4329298.0,537049.0,13
201700010188,17,8,13,500,5,2,2,1.0,3.0,13055,M,4326400.0,540900.0,13
201700010189,17,8,13,730,1,2,1,1.0,1.0,13002,M,4335197.0,547884.0,13
201700010190,17,8,2,1915,1,2,1,1.0,6.0,13055,M,4329714.0,537408.0,13
201700010191,17,8,13,1100,1,2,1,1.0,6.0,13055,M,4328574.0,538624.0,13
201700010192,17,8,13,1430,1,2,3,1.0,3.0,13055,M,4336043.0,532973.0,13
201700010193,17,8,13,1915,1,2,1,1.0,6.0,13055,M,4327034.0,540312.0,13
201700010194,17,8,14,1,5,2,1,1.0,3.0,13055,M,4330307.0,538516.0,13
201700010195,17,8,14,700,2,2,1,1.0,7.0,13055,M,4335464.0,537082.0,13
201700010196,17,8,14,825,1,2,2,1.0,3.0,13055,M,4327594.0,541738.0,13
201700010197,17,7,14,1400,1,2,1,1.0,6.0,13055,M,4328673.0,541422.0,13
201700010198,17,8,14,1330,1,2,1,1.0,7.0,13055,M,4329590.0,536302.0,13
201700010199,17,8,14,1500,1,2,1,1.0,6.0,13055,M,4331172.0,544705.0,13
201700010200,17,8,14,1500,1,2,1,1.0,2.0,13055,M,4329156.0,544791.0,13
201700010201,17,8,14,1645,1,2,1,1.0,6.0,13055,M,4330743.0,538384.0,13
201700010202,17,8,14,1800,1,2,1,1.0,2.0,13055,M,4328372.0,542671.0,13
201700010203,17,8,14,2115,5,2,1,1.0,1.0,13055,M,4329222.0,545901.0,13
201700010204,17,8,14,2200,5,2,5,1.0,3.0,13055,M,4328670.0,539037.0,13
201700010205,17,8,15,1,5,2,1,1.0,5.0,13055,M,4327041.0,538701.0,13
201700010206,17,8,15,224,5,2,1,1.0,3.0,13055,M,4331531.0,539810.0,13
201700010207,17,7,13,1203,1,2,3,1.0,3.0,13055,M,4335806.0,528786.0,13
201700010208,17,8,15,2210,5,2,1,1.0,3.0,13055,M,4327254.0,539137.0,13
201700010209,17,8,16,10,5,2,1,1.0,3.0,13055,M,4332506.0,538826.0,13
201700010210,17,8,15,1115,1,2,1,1.0,6.0,13055,M,4333019.0,541283.0,13
201700010211,17,8,5,1050,1,2,3,1.0,3.0,13055,M,4331943.0,537010.0,13
201700010212,17,8,16,1040,1,2,4,1.0,2.0,13055,M,4329044.0,537016.0,13
201700010213,17,8,16,1545,1,2,1,1.0,6.0,13055,M,4327773.0,541778.0,13
201700010214,17,8,16,1650,1,2,1,1.0,3.0,13055,M,4329061.0,542402.0,13
201700010215,17,8,16,2030,1,2,1,1.0,7.0,13055,M,4329696.0,544160.0,13
201700010216,17,8,17,1450,1,2,1,1.0,2.0,13055,M,4328237.0,543047.0,13
201700010217,17,8,17,1555,1,2,1,1.0,3.0,13055,M,4326577.0,538073.0,13
201700010218,17,8,17,1550,1,2,1,1.0,2.0,13055,M,4333400.0,539095.0,13
201700010219,17,8,17,1830,1,2,1,1.0,1.0,13055,M,4322970.0,540128.0,13
201700010220,17,8,17,1225,1,2,2,1.0,3.0,13055,M,4331252.0,541455.0,13
201700010221,17,8,17,1840,1,2,1,1.0,6.0,13055,M,4326545.0,539696.0,13
201700010222,17,8,17,1830,1,2,1,1.0,6.0,13055,M,4327353.0,539283.0,13
201700010223,17,8,17,1915,1,2,1,1.0,6.0,13055,M,4328110.0,540672.0,13
201700010224,17,8,17,2005,2,2,1,1.0,2.0,13055,M,4328798.0,536652.0,13
201700010225,17,8,18,1840,1,2,9,1.0,6.0,13055,M,4330482.0,539052.0,13
201700010226,17,8,18,2030,2,2,1,1.0,1.0,13055,M,4327938.0,541134.0,13
201700010227,17,8,19,135,5,2,1,1.0,3.0,13055,M,4327221.0,539132.0,13
201700010228,17,8,19,230,5,2,1,1.0,6.0,13055,M,4335175.0,533962.0,13
201700010229,17,8,19,400,5,2,1,1.0,4.0,13055,M,4326506.0,537322.0,13
201700010230,17,8,20,1030,1,1,1,1.0,6.0,13002,M,4338079.0,554403.0,13
201700010231,17,8,20,812,1,2,3,1.0,6.0,13055,M,4327929.0,539926.0,13
201700010232,17,8,20,1015,1,2,1,1.0,6.0,13055,M,4332685.0,541955.0,13
201700010233,17,8,20,1215,1,2,1,1.0,6.0,13055,M,4329520.0,537471.0,13
201700010234,17,8,19,1958,1,2,7,7.0,7.0,13055,M,4328603.0,538355.0,13
201700010235,17,8,21,1255,1,2,1,1.0,2.0,13055,M,4329373.0,538219.0,13
201700010236,17,8,21,1714,1,2,2,1.0,3.0,13055,M,4329591.0,540033.0,13
201700010237,17,8,21,1730,1,2,3,1.0,3.0,13055,M,4332350.0,538914.0,13
201700010238,17,8,21,1800,1,2,3,1.0,1.0,13055,M,4333974.0,541369.0,13
201700010239,17,8,22,920,1,2,1,1.0,6.0,13055,M,4330380.0,541763.0,13
201700010240,17,8,22,1330,1,2,9,1.0,3.0,13055,M,4330299.0,538488.0,13
201700010241,17,8,22,1500,1,2,1,1.0,6.0,13055,M,4332852.0,542605.0,13
201700010242,17,8,22,1600,1,2,1,1.0,3.0,13055,M,4325590.0,537665.0,13
201700010243,17,8,22,2045,5,2,1,1.0,7.0,13055,M,4332408.0,544379.0,13
201700010244,17,8,23,715,2,2,1,1.0,6.0,13055,M,4329931.0,538080.0,13
201700010245,17,8,23,1710,1,2,1,1.0,2.0,13055,M,4328697.0,535839.0,13
201700010246,17,8,23,1825,1,2,1,1.0,2.0,13055,M,4337320.0,535340.0,13
201700010247,17,8,23,2220,5,2,3,1.0,3.0,13055,M,4327060.0,540750.0,13
201700010248,17,8,24,910,1,2,1,2.0,6.0,13055,M,4335850.0,531867.0,13
201700010249,17,8,24,1150,1,2,1,1.0,6.0,13055,M,4329780.0,537091.0,13
201700010250,17,8,24,1440,1,2,2,1.0,1.0,13055,M,4328983.0,536634.0,13
201700010251,17,8,24,1430,1,2,1,1.0,3.0,13055,M,4327541.0,538925.0,13
201700010252,17,8,24,1824,1,2,1,1.0,2.0,13055,M,4328921.0,542384.0,13
201700010253,17,8,25,920,1,2,1,1.0,2.0,13055,M,4328892.0,539483.0,13
201700010254,17,8,25,1530,1,2,6,1.0,2.0,13055,M,4328549.0,542521.0,13
201700010255,17,8,26,1300,1,2,2,1.0,3.0,13055,M,4330911.0,537173.0,13
201700010256,17,8,26,1815,1,2,1,1.0,3.0,13055,M,4330740.0,542466.0,13
201700010257,17,8,26,2140,5,2,9,1.0,2.0,13055,M,4328294.0,538915.0,13
201700010258,17,8,27,1,5,2,1,1.0,6.0,13055,M,4324511.0,537284.0,13
201700010259,17,8,27,30,5,2,1,1.0,3.0,13055,M,4326643.0,538148.0,13
201700010260,17,8,27,1025,1,2,1,1.0,2.0,13055,M,4328343.0,539757.0,13
201700010261,17,8,27,1300,1,2,1,1.0,2.0,13055,M,4329605.0,548683.0,13
201700010262,17,8,26,1345,1,1,1,1.0,7.0,13002,M,4337303.0,553787.0,13
201700010263,17,8,27,1945,1,1,1,1.0,5.0,13002,M,4336948.0,550536.0,13
201700010264,17,8,27,2135,3,2,1,1.0,1.0,13055,M,4336454.0,536121.0,13
201700010265,17,8,27,2330,5,1,1,1.0,6.0,13055,M,4327840.0,539738.0,13
201700010266,17,8,27,2230,5,2,1,1.0,6.0,13055,M,4329363.0,537943.0,13
201700010267,17,8,28,147,5,2,1,1.0,7.0,13055,M,4328310.0,549621.0,13
201700010268,17,8,28,616,5,2,1,1.0,2.0,13055,M,4329150.0,538290.0,13
201700010269,17,8,23,1225,1,2,1,1.0,7.0,13055,M,4329027.0,537808.0,13
201700010270,17,8,28,2015,5,2,2,1.0,3.0,13055,M,4329755.0,540072.0,13
201700010271,17,8,29,15,5,2,3,1.0,6.0,13055,M,4334598.0,538125.0,13
201700010272,17,8,29,25,5,2,3,1.0,3.0,13055,M,4334631.0,536613.0,13
201700010273,17,8,29,225,5,2,1,1.0,3.0,13055,M,4329459.0,548148.0,13
201700010274,17,8,29,810,1,2,1,1.0,6.0,13055,M,4329102.0,535598.0,13
201700010275,17,7,18,1345,1,2,1,1.0,1.0,13055,M,4327276.0,536279.0,13
201700010276,17,8,29,1000,1,2,3,1.0,2.0,13055,M,4328976.0,546426.0,13
201700010277,17,8,29,940,1,2,1,1.0,2.0,13055,M,4326189.0,539334.0,13
201700010278,17,8,29,915,1,2,3,1.0,3.0,13055,M,4333780.0,540740.0,13
201700010279,17,8,29,1615,1,2,6,1.0,3.0,13055,M,4329785.0,547938.0,13
201700010280,17,8,29,1830,1,2,1,1.0,3.0,13055,M,4323626.0,542481.0,13
201700010281,17,8,29,2310,4,2,1,1.0,2.0,13055,M,4328630.0,538615.0,13
201700010282,17,8,30,240,5,2,2,1.0,7.0,13055,M,4329260.0,537885.0,13
201700010283,17,8,30,1315,1,2,1,1.0,6.0,13055,M,4330712.0,537289.0,13
201700010284,17,8,30,1145,1,2,1,1.0,2.0,13055,M,4326324.0,540447.0,13
201700010285,17,8,30,1220,1,2,1,1.0,3.0,13055,M,4333508.0,543294.0,13
201700010286,17,8,30,1445,1,2,9,1.0,6.0,13055,M,4333089.0,540417.0,13
201700010287,17,8,30,2115,5,2,1,1.0,6.0,13055,M,4327822.0,538848.0,13
201700010288,17,8,31,720,1,2,1,2.0,5.0,13055,M,4333092.0,540691.0,13
201700010289,17,8,31,830,1,2,1,2.0,6.0,13002,M,4333388.0,548136.0,13
201700010290,17,8,31,1230,1,1,1,2.0,1.0,13002,M,4336844.0,551448.0,13
201700010291,17,8,31,1455,1,2,1,1.0,3.0,13055,M,4328282.0,543239.0,13
201700010292,17,8,31,1725,2,2,1,8.0,2.0,13055,M,4328812.0,539241.0,13
201700010293,17,8,31,1810,1,2,1,2.0,7.0,13055,M,4328925.0,538253.0,13
201700010294,17,8,31,1600,1,2,1,1.0,3.0,13055,M,4332721.0,542351.0,13
201700010295,17,8,31,2230,5,2,6,1.0,3.0,13055,M,4327466.0,538892.0,13
201700010296,17,9,1,10,5,2,3,1.0,3.0,13055,M,4329146.0,535903.0,13
201700010297,17,9,1,930,1,2,1,1.0,6.0,13055,M,4328402.0,538516.0,13
201700010298,17,9,1,810,1,2,3,1.0,3.0,13055,M,4329681.0,540399.0,13
201700010299,17,9,1,1320,1,2,1,1.0,6.0,13055,M,4328064.0,536648.0,13
201700010300,17,9,1,1350,1,2,3,1.0,6.0,13055,M,4331102.0,540216.0,13
201700010301,17,9,1,1345,1,2,3,1.0,1.0,13055,M,4330896.0,539146.0,13
201700010302,17,9,1,2205,5,2,1,1.0,6.0,13055,M,4331000.0,540370.0,13
201700010303,17,9,1,2200,5,2,1,1.0,2.0,13055,M,4332670.0,536650.0,13
201700010304,17,9,2,440,5,2,1,6.0,6.0,13055,M,4324984.0,537513.0,13
201700010305,17,9,2,1600,1,2,1,1.0,2.0,13055,M,4330375.0,547275.0,13
201700010306,17,9,2,2100,5,2,1,1.0,3.0,13055,M,4335015.0,535872.0,13
201700010307,17,9,2,2105,5,2,1,1.0,6.0,13055,M,4323799.0,538184.0,13
201700010308,17,9,3,600,5,2,1,1.0,1.0,13055,M,4334078.0,536087.0,13
201700010309,17,9,3,1600,1,2,3,1.0,3.0,13055,M,4329015.0,538197.0,13
201700010310,17,9,3,1800,1,2,1,1.0,6.0,13055,M,4330308.0,537400.0,13
201700010311,17,9,3,2300,4,2,2,1.0,1.0,13055,M,4327593.0,538689.0,13
201700010312,17,9,4,25,5,2,1,1.0,3.0,13055,M,4326974.0,538685.0,13
201700010313,17,9,3,2130,5,2,1,1.0,6.0,13055,M,4336685.0,536311.0,13
201700010314,17,9,4,523,5,2,1,1.0,6.0,13055,M,4331644.0,537331.0,13
201700010315,17,9,4,625,1,2,1,1.0,3.0,13055,M,4331498.0,537044.0,13
201700010316,17,9,4,1010,1,2,1,1.0,7.0,13055,M,4329884.0,539138.0,13
201700010317,17,9,4,1100,1,2,3,1.0,1.0,13055,M,4327060.0,540752.0,13
201700010318,17,9,4,1625,1,2,1,1.0,6.0,13055,M,4330178.0,536975.0,13
201700010319,17,9,4,1645,1,2,1,1.0,6.0,13055,M,4333365.0,543794.0,13
201700010320,17,9,4,1600,1,2,1,1.0,3.0,13055,M,4326579.0,539359.0,13
201700010321,17,9,4,1700,1,2,1,1.0,4.0,13055,M,4337008.0,533460.0,13
201700010322,17,9,4,2045,5,2,3,1.0,6.0,13055,M,4331257.0,538189.0,13
201700010323,17,9,4,1200,1,2,1,1.0,6.0,13055,M,4324797.0,537482.0,13
201700010324,17,8,21,1855,1,2,3,1.0,3.0,13055,M,4332359.0,538906.0,13
201700010325,17,8,31,1430,1,2,1,1.0,2.0,13055,M,4328988.0,537229.0,13
201700010326,17,9,5,945,1,2,1,1.0,6.0,13002,M,4333186.0,548613.0,13
201700010327,17,9,5,1115,1,2,2,1.0,6.0,13055,M,4329290.0,539290.0,13
201700010328,17,9,5,910,1,2,1,1.0,2.0,13055,M,4335422.0,533270.0,13
201700010329,17,9,5,830,1,2,1,1.0,4.0,13106,M,4338649.0,535216.0,13
201700010330,17,9,5,1700,1,2,6,1.0,2.0,13055,M,4332958.0,536698.0,13
201700010331,17,9,5,1415,1,2,3,1.0,1.0,13055,M,4331392.0,541355.0,13
201700010332,17,9,6,650,1,2,1,1.0,5.0,13055,M,4328900.0,535427.0,13
201700010333,17,9,6,500,5,2,1,1.0,6.0,13055,M,4331895.0,537898.0,13
201700010334,17,9,6,900,1,2,1,1.0,6.0,13106,M,4341053.0,537155.0,13
201700010335,17,9,6,1135,1,2,1,1.0,3.0,13055,M,4330295.0,538476.0,13
201700010336,17,8,31,900,1,2,1,2.0,7.0,13055,M,4326200.0,539600.0,13
201700010337,17,9,7,725,1,2,9,1.0,3.0,13055,M,4336509.0,534261.0,13
201700010338,17,9,7,1210,1,2,9,1.0,2.0,13055,M,4333522.0,543320.0,13
201700010339,17,9,7,950,1,2,1,1.0,6.0,13055,M,4332349.0,538907.0,13
201700010340,17,9,7,1700,1,2,1,1.0,2.0,13055,M,4330654.0,546917.0,13
201700010341,17,9,7,1820,1,2,1,1.0,2.0,13055,M,4330121.0,551056.0,13
201700010342,17,9,7,1705,1,2,1,1.0,6.0,13055,M,4330404.0,542263.0,13
201700010343,17,9,7,1740,1,2,1,1.0,6.0,13055,M,4328974.0,537509.0,13
201700010344,17,9,7,1730,1,2,1,1.0,6.0,13055,M,4333903.0,542836.0,13
201700010345,17,9,8,830,1,2,1,1.0,3.0,13055,M,4324656.0,538617.0,13
201700010346,17,9,8,1310,1,2,1,1.0,6.0,13055,M,4332212.0,539218.0,13
201700010347,17,9,8,1330,1,2,1,1.0,6.0,13055,M,4335985.0,535757.0,13
201700010348,17,9,8,1350,1,2,3,1.0,3.0,13055,M,4328596.0,537756.0,13
201700010349,17,9,8,1345,1,2,1,1.0,2.0,13055,M,4330517.0,547101.0,13
201700010350,17,9,8,1710,1,2,1,1.0,2.0,13055,M,4329907.0,538281.0,13
201700010351,17,9,8,2000,5,2,1,1.0,3.0,13055,M,4331327.0,536599.0,13
201700010352,17,9,9,918,1,2,1,1.0,3.0,13055,M,4333399.0,535818.0,13
201700010353,17,9,9,1115,1,2,1,2.0,5.0,13055,M,4332105.0,537559.0,13
201700010354,17,9,9,1510,1,2,7,1.0,7.0,13055,M,4329860.0,539721.0,13
201700010355,17,9,1,530,2,2,1,1.0,7.0,13055,M,4330904.0,540047.0,13
201700010356,17,9,10,1000,1,2,4,1.0,6.0,13055,M,4327698.0,537769.0,13
201700010357,17,9,10,1030,1,2,2,1.0,3.0,13055,M,4332020.0,541490.0,13
201700010358,17,9,10,2100,5,2,2,1.0,3.0,13055,M,4327862.0,538746.0,13
201700010359,17,9,11,1010,1,2,2,1.0,3.0,13055,M,4329234.0,538347.0,13
201700010360,17,9,11,1315,1,2,1,1.0,2.0,13055,M,4326120.0,538742.0,13
201700010361,17,9,11,1620,1,2,1,1.0,6.0,13055,M,4332736.0,536626.0,13
201700010362,17,9,11,2000,2,2,5,1.0,3.0,13055,M,4324893.0,540181.0,13
201700010363,17,9,12,830,1,2,1,1.0,1.0,13055,M,4331185.0,538775.0,13
201700010364,17,9,12,845,1,2,2,1.0,6.0,13055,M,4330579.0,541851.0,13
201700010365,17,9,12,845,1,1,1,1.0,2.0,13055,M,4323989.0,545586.0,13
201700010366,17,9,12,1030,1,2,1,1.0,3.0,13055,M,4324628.0,543109.0,13
201700010367,17,9,6,1930,1,2,4,1.0,1.0,13055,M,4334918.0,537527.0,13
201700010368,17,9,12,1700,1,2,1,1.0,3.0,13055,M,4326812.0,541558.0,13
201700010369,17,9,12,1605,1,2,1,1.0,6.0,13055,M,4333382.0,539888.0,13
201700010370,17,9,12,1700,1,2,1,1.0,5.0,13055,M,4337880.0,535700.0,13
201700010371,17,9,12,1815,1,2,1,1.0,2.0,13055,M,4331506.0,540307.0,13
201700010372,17,9,12,1615,1,2,1,1.0,3.0,13055,M,4334867.0,537153.0,13
201700010373,17,9,12,2045,2,2,1,1.0,3.0,13055,M,4334775.0,534413.0,13
201700010374,17,9,12,2345,5,2,1,1.0,2.0,13055,M,4328629.0,547188.0,13
201700010375,17,9,11,2010,5,2,1,1.0,1.0,13055,M,4335660.0,534346.0,13
201700010376,17,9,13,1445,1,2,1,1.0,3.0,13055,M,4329063.0,536001.0,13
201700010377,17,9,13,1430,1,2,1,1.0,3.0,13055,M,4328293.0,543291.0,13
201700010378,17,9,13,1640,1,2,1,1.0,1.0,13055,M,4330108.0,543191.0,13
201700010379,17,9,13,1730,1,2,1,1.0,6.0,13055,M,4331895.0,537119.0,13
201700010380,17,9,13,1840,1,2,1,1.0,3.0,13055,M,4327593.0,536231.0,13
201700010381,17,9,13,1945,5,2,1,1.0,3.0,13055,M,4329910.0,538540.0,13
201700010382,17,9,14,835,1,2,1,1.0,3.0,13055,M,4326743.0,538940.0,13
201700010383,17,9,14,1515,1,2,1,1.0,6.0,13055,M,4331258.0,536679.0,13
201700010384,17,9,14,1615,1,2,3,1.0,3.0,13055,M,4329226.0,538743.0,13
201700010385,17,9,14,1745,1,2,1,1.0,6.0,13055,M,4325837.0,540974.0,13
201700010386,17,9,15,55,5,2,1,1.0,7.0,13055,M,4327346.0,536281.0,13
201700010387,17,9,15,750,1,2,1,1.0,2.0,13055,M,4330785.0,541557.0,13
201700010388,17,9,15,810,1,2,3,1.0,1.0,13055,M,4333974.0,541378.0,13
201700010389,17,9,15,1630,1,2,1,2.0,6.0,13055,M,4324672.0,537962.0,13
201700010390,17,9,15,1300,1,2,1,1.0,6.0,13055,M,4329398.0,537385.0,13
201700010391,17,9,13,1715,1,2,1,1.0,3.0,13055,M,4331979.0,536992.0,13
201700010392,17,9,14,1745,1,2,1,1.0,3.0,13055,M,4329230.0,544148.0,13
201700010393,17,9,15,1740,1,2,1,2.0,6.0,13055,M,4327409.0,540021.0,13
201700010394,17,9,15,1745,1,2,1,2.0,1.0,13055,M,4333665.0,545187.0,13
201700010395,17,9,15,2030,5,2,1,2.0,3.0,13055,M,4330740.0,539240.0,13
201700010396,17,9,16,1130,1,2,1,1.0,2.0,13055,M,4331643.0,546093.0,13
201700010397,17,9,16,2000,2,2,3,1.0,3.0,13055,M,4331324.0,536627.0,13
201700010398,17,9,17,245,5,2,3,1.0,5.0,13055,M,4330251.0,539580.0,13
201700010399,17,9,17,530,5,2,1,1.0,6.0,13055,M,4328631.0,542984.0,13
201700010400,17,9,17,1020,1,2,6,1.0,3.0,13055,M,4326280.0,540458.0,13
201700010401,17,9,16,1920,2,2,1,1.0,1.0,13055,M,4332960.0,540252.0,13
201700010402,17,9,17,1250,1,2,1,1.0,2.0,13055,M,4332761.0,536024.0,13
201700010403,17,9,17,1700,1,2,1,1.0,2.0,13055,M,4330511.0,537217.0,13
201700010404,17,9,17,1630,1,2,1,1.0,2.0,13055,M,4325975.0,537545.0,13