Num_Acc,an,mois,jour,hrmn,lum,agg,int,atm,col,com,gps,lat,long,dep
201700010405,17,9,17,1900,1,2,1,1.0,3.0,13055,M,4330921.0,540441.0,13
201700010406,17,9,15,750,1,2,1,1.0,3.0,13055,M,4325560.0,542009.0,13
201700010407,17,9,18,1500,1,2,2,2.0,7.0,13055,M,4326161.0,538493.0,13
201700010408,17,9,18,1700,1,2,6,1.0,3.0,13055,M,4329446.0,548295.0,13
201700010409,17,9,18,1800,1,2,1,1.0,2.0,13055,M,4330418.0,537721.0,13
201700010410,17,9,18,1845,1,2,3,1.0,2.0,13055,M,4329494.0,541879.0,13
201700010411,17,9,19,1315,1,2,2,8.0,3.0,13055,M,4330379.0,542570.0,13
201700010412,17,9,19,1215,1,2,1,1.0,1.0,13075,M,4334496.0,546074.0,13
201700010413,17,9,19,1530,1,2,1,1.0,2.0,13055,M,4329269.0,539949.0,13
201700010414,17,9,19,1900,1,2,1,1.0,3.0,13055,M,4326957.0,536641.0,13
201700010415,17,9,16,235,5,2,1,1.0,6.0,13055,M,4329621.0,536728.0,13
201700010416,17,9,17,245,5,2,1,1.0,6.0,13055,M,4330052.0,536403.0,13
201700010417,17,9,20,520,5,2,1,1.0,3.0,13055,M,4328042.0,538691.0,13
201700010418,17,9,13,1733,1,2,1,1.0,1.0,13055,M,4886272.0,228759.0,13
201700010419,17,9,15,800,1,2,3,1.0,7.0,13055,M,4328925.0,535473.0,13
201700010420,17,9,20,1130,1,2,1,1.0,4.0,13055,M,4334117.0,534863.0,13
201700010421,17,9,19,1830,1,2,3,1.0,3.0,13055,M,4329220.0,537727.0,13
201700010422,17,9,20,1115,1,2,1,1.0,6.0,13055,M,4331765.0,545918.0,13
201700010423,17,9,20,1230,1,2,1,1.0,3.0,13055,M,4326840.0,538468.0,13
201700010424,17,9,20,1630,1,2,3,1.0,3.0,13055,M,4328686.0,546709.0,13
201700010425,17,9,20,1645,1,2,1,1.0,2.0,13055,M,4327706.0,541193.0,13
201700010426,17,9,20,1750,1,2,1,1.0,6.0,13055,M,4328633.0,538474.0,13
201700010427,17,9,20,1845,1,2,1,1.0,3.0,13055,M,4336628.0,535681.0,13
201700010428,17,9,20,1900,1,2,1,1.0,2.0,13055,M,4328585.0,542563.0,13
201700010429,17,9,20,2020,5,2,1,1.0,3.0,13055,M,4332858.0,549950.0,13
201700010430,17,9,21,915,1,2,1,1.0,6.0,13055,M,4328877.0,546159.0,13
201700010431,17,9,21,910,1,2,1,1.0,6.0,13055,M,4333238.0,535899.0,13
201700010432,17,6,28,1815,1,2,1,1.0,3.0,13055,M,4329193.0,545968.0,13
201700010433,17,9,11,1200,1,2,1,1.0,6.0,13055,M,4329600.0,540070.0,13
201700010434,17,9,11,1645,1,2,1,1.0,3.0,13055,M,4329128.0,539333.0,13
201700010435,17,9,21,1330,1,2,1,1.0,3.0,13055,M,4328831.0,537881.0,13
201700010436,17,9,21,1635,1,2,1,1.0,6.0,13055,M,4333491.0,536035.0,13
201700010437,17,9,21,1900,2,2,1,1.0,6.0,13055,M,4328849.0,546230.0,13
201700010438,17,9,21,1830,1,2,1,1.0,3.0,13055,M,4328915.0,549710.0,13
201700010439,17,9,21,2055,5,2,1,1.0,6.0,13055,M,4325125.0,540334.0,13
201700010440,17,9,21,2030,5,2,1,1.0,3.0,13055,M,4329537.0,537461.0,13
201700010441,17,9,21,2230,5,2,2,1.0,3.0,13055,M,4329330.0,537690.0,13
201700010442,17,9,22,140,5,2,1,1.0,6.0,13055,M,4328755.0,540024.0,13
201700010443,17,9,8,1800,1,2,1,1.0,6.0,13055,M,4326545.0,539696.0,13
201700010444,17,9,11,840,1,2,1,1.0,6.0,13055,M,4334583.0,538181.0,13
201700010445,17,9,6,2000,1,2,1,1.0,5.0,13055,M,4336680.0,536302.0,13
201700010446,17,9,22,730,1,2,1,1.0,6.0,13055,M,4332139.0,538944.0,13
201700010447,17,9,22,920,1,2,1,1.0,2.0,13055,M,4332099.0,537536.0,13
201700010448,17,9,22,950,1,2,3,1.0,3.0,13055,M,4336168.0,530636.0,13
201700010449,17,9,22,1320,1,2,3,1.0,3.0,13055,M,4328233.0,542736.0,13
201700010450,17,9,22,1600,1,2,1,1.0,6.0,13055,M,4328128.0,539217.0,13
201700010451,17,9,22,1620,1,2,1,1.0,6.0,13055,M,4325589.0,538234.0,13
201700010452,17,9,22,1700,1,2,1,1.0,6.0,13055,M,4335322.0,534183.0,13
201700010453,17,9,22,2245,5,2,1,1.0,4.0,13055,M,4326485.0,537339.0,13
201700010454,17,9,23,400,5,2,1,1.0,7.0,13055,M,4330488.0,537542.0,13
201700010455,17,9,23,1910,2,2,1,1.0,2.0,13055,M,4327284.0,540084.0,13
201700010456,17,9,23,2200,5,2,1,1.0,3.0,13055,M,4331408.0,540524.0,13
201700010457,17,9,24,140,5,2,1,1.0,2.0,13055,M,4330108.0,536422.0,13
201700010458,17,9,24,2030,5,2,1,1.0,1.0,13055,M,4326386.0,540429.0,13
201700010459,17,9,24,2050,5,2,2,1.0,3.0,13055,M,4328862.0,549900.0,13
201700010460,17,9,25,740,1,2,6,1.0,2.0,13055,M,4328411.0,542691.0,13
201700010461,17,9,25,1045,1,2,1,1.0,6.0,13055,M,4328421.0,538507.0,13
201700010462,17,9,25,1340,1,2,1,1.0,3.0,13055,M,4331430.0,536565.0,13
201700010463,17,9,25,1815,1,2,2,1.0,3.0,13055,M,4334828.0,536238.0,13
201700010464,17,9,25,2240,5,2,6,1.0,3.0,13055,M,4327268.0,539192.0,13
201700010465,17,9,26,315,5,2,1,1.0,7.0,13055,M,4331157.0,544659.0,13
201700010466,17,9,20,902,1,2,3,1.0,3.0,13055,M,4330791.0,543015.0,13
201700010467,17,9,26,710,2,2,1,1.0,2.0,13055,M,4329214.0,540149.0,13
201700010468,17,9,22,828,1,2,9,1.0,3.0,13055,M,4327790.0,540600.0,13
201700010469,17,9,26,1500,1,2,3,1.0,3.0,13055,M,4327985.0,538680.0,13
201700010470,17,9,26,1620,1,2,1,1.0,6.0,13055,M,4336068.0,532922.0,13
201700010471,17,9,26,1550,1,2,1,1.0,3.0,13055,M,4326803.0,539244.0,13
201700010472,17,9,26,1625,1,2,1,1.0,3.0,13055,M,4331325.0,537139.0,13
201700010473,17,9,26,1630,1,2,1,1.0,3.0,13055,M,4329070.0,537121.0,13
201700010474,17,9,26,1555,1,2,1,1.0,6.0,13055,M,4329648.0,548043.0,13
201700010475,17,9,26,1840,2,2,1,1.0,6.0,13055,M,4325514.0,540107.0,13
201700010476,17,9,26,2000,5,2,2,1.0,3.0,13055,M,4328860.0,537645.0,13
201700010477,17,9,26,2015,5,2,1,1.0,6.0,13055,M,4329529.0,538910.0,13
201700010478,17,9,27,150,5,2,2,1.0,3.0,13055,M,4329226.0,540128.0,13
201700010479,17,9,27,440,5,2,1,1.0,6.0,13055,M,4329938.0,540089.0,13
201700010480,17,9,27,745,1,2,3,1.0,3.0,13055,M,4328881.0,539478.0,13
201700010481,17,9,27,1020,1,2,1,1.0,2.0,13055,M,4330200.0,536800.0,13
201700010482,17,9,27,1417,1,2,6,1.0,3.0,13055,M,4329776.0,547924.0,13
201700010483,17,9,27,1435,1,2,1,1.0,2.0,13055,M,4328073.0,535234.0,13
201700010484,17,9,27,1800,1,2,1,1.0,3.0,13055,M,4332504.0,538213.0,13
201700010485,17,9,27,1840,1,2,1,1.0,6.0,13055,M,4328798.0,536341.0,13
201700010486,17,9,28,930,1,2,2,1.0,3.0,13055,M,4329096.0,539211.0,13
201700010487,17,9,28,1115,1,2,1,1.0,6.0,13055,M,4325017.0,540306.0,13
201700010488,17,9,28,728,1,2,3,1.0,3.0,13055,M,4334152.0,543272.0,13
201700010489,17,9,28,1310,1,2,1,1.0,6.0,13055,M,4329055.0,537657.0,13
201700010490,17,9,28,1210,1,2,1,1.0,4.0,13055,M,4331465.0,546221.0,13
201700010491,17,9,28,1730,1,2,1,1.0,3.0,13055,M,4330121.0,538651.0,13
201700010492,17,9,28,2045,5,2,3,1.0,3.0,13055,M,4328965.0,536437.0,13
201700010493,17,9,28,2030,4,2,1,1.0,3.0,13055,M,4336568.0,534301.0,13
201700010494,17,9,28,1600,1,2,9,1.0,7.0,13055,M,4326451.0,542296.0,13
201700010495,17,9,29,1025,1,2,2,1.0,3.0,13055,M,4324620.0,538864.0,13
201700010496,17,9,29,1315,1,2,1,1.0,6.0,13055,M,4328618.0,535127.0,13
201700010497,17,9,29,1420,1,2,1,1.0,1.0,13055,M,4332979.0,540370.0,13
201700010498,17,9,29,1430,1,2,1,1.0,2.0,13055,M,4327432.0,541487.0,13
201700010499,17,9,29,1845,1,2,1,1.0,5.0,13055,M,4331633.0,539980.0,13
201700010500,17,9,29,2100,5,2,2,1.0,3.0,13055,M,4327535.0,539595.0,13
201700010501,17,9,29,2005,5,2,2,1.0,3.0,13055,M,4327983.0,538684.0,13
201700010502,17,9,25,1220,1,2,1,1.0,6.0,13055,M,4335332.0,536929.0,13
201700010503,17,9,30,830,1,2,1,1.0,3.0,13055,M,4327980.0,537886.0,13
201700010504,17,9,30,945,1,2,3,1.0,3.0,13055,M,4334407.0,535950.0,13
201700010505,17,9,30,1010,1,2,1,1.0,3.0,13055,M,4324589.0,541720.0,13
201700010506,17,9,30,600,5,2,1,1.0,6.0,13055,M,4334516.0,535939.0,13
201700010507,17,9,30,1300,1,2,1,1.0,6.0,13055,M,4331695.0,536897.0,13
201700010508,17,9,30,2110,5,2,1,1.0,6.0,13055,M,4333023.0,539007.0,13
201700010509,17,10,1,1315,1,2,1,1.0,3.0,13055,M,4331063.0,542781.0,13
201700010510,17,10,1,2040,5,2,6,1.0,6.0,13055,M,4337302.0,535222.0,13
201700010511,17,10,1,1850,2,2,2,1.0,3.0,13055,M,4330048.0,538320.0,13
201700010512,17,10,2,1030,1,2,1,8.0,2.0,13055,M,4334560.0,537827.0,13
201700010513,17,10,2,1120,1,2,1,1.0,2.0,13055,M,4328927.0,539627.0,13
201700010514,17,10,2,1250,1,2,1,1.0,7.0,13055,M,4324103.0,537840.0,13
201700010515,17,9,18,900,1,2,1,1.0,7.0,13055,M,4326414.0,539191.0,13
201700010516,17,10,2,2150,5,2,3,1.0,3.0,13055,M,4329531.0,537432.0,13
201700010517,17,10,3,1015,1,2,1,1.0,2.0,13055,M,4329389.0,540165.0,13
201700010518,17,10,2,1400,1,2,2,1.0,3.0,13055,M,4328332.0,541287.0,13
201700010519,17,10,2,1855,1,2,1,1.0,6.0,13055,M,4324043.0,543875.0,13
201700010520,17,10,3,1235,1,2,2,1.0,3.0,13055,M,4329001.0,538139.0,13
201700010521,17,10,3,1330,1,2,3,1.0,3.0,13055,M,4328594.0,535095.0,13
201700010522,17,10,3,1700,1,2,3,1.0,3.0,13055,M,4331554.0,536516.0,13
201700010523,17,7,20,2240,5,2,9,1.0,3.0,13055,M,4331378.0,540591.0,13
201700010524,17,10,3,2055,5,2,1,1.0,3.0,13055,M,4328908.0,544138.0,13
201700010525,17,10,3,2045,3,2,1,1.0,6.0,13055,M,4324680.0,544980.0,13
201700010526,17,10,4,630,5,2,1,1.0,2.0,13055,M,4328484.0,542537.0,13
201700010527,17,10,4,1130,1,2,2,1.0,3.0,13055,M,4330309.0,536661.0,13
201700010528,17,10,4,1210,1,2,1,1.0,2.0,13055,M,4335766.0,536607.0,13
201700010529,17,10,4,1350,1,2,1,1.0,1.0,13055,M,4327565.0,542620.0,13
201700010530,17,10,4,1600,1,2,1,1.0,6.0,13055,M,4329071.0,535915.0,13
201700010531,17,10,4,1745,1,1,1,1.0,6.0,13055,M,4331297.0,540943.0,13
201700010532,17,10,4,2130,5,2,6,1.0,6.0,13055,M,4329517.0,548141.0,13
201700010533,17,10,5,210,5,2,1,9.0,3.0,13055,M,4329587.0,536763.0,13
201700010534,17,9,30,1620,1,2,1,1.0,2.0,13055,M,4329052.0,539999.0,13
201700010535,17,10,5,745,2,2,1,1.0,3.0,13055,M,4329167.0,541256.0,13
201700010536,17,10,5,815,1,2,1,1.0,2.0,13055,M,4332008.0,537182.0,13
201700010537,17,10,5,1636,1,2,7,1.0,3.0,13055,M,4331960.0,536928.0,13
201700010538,17,10,5,1745,2,2,1,1.0,2.0,13055,M,4327696.0,541934.0,13
201700010539,17,10,5,2050,5,2,1,1.0,3.0,13055,M,4336781.0,535659.0,13
201700010540,17,10,5,2005,5,2,1,1.0,3.0,13055,M,4326833.0,541312.0,13
201700010541,17,10,6,320,5,2,2,1.0,6.0,13055,M,4331428.0,536970.0,13
201700010542,17,9,12,1700,1,2,9,1.0,4.0,13055,M,4329712.0,540071.0,13
201700010543,17,10,6,825,1,2,1,1.0,6.0,13055,M,4328242.0,540289.0,13
201700010544,17,10,6,840,1,2,3,1.0,3.0,13055,M,4327414.0,543499.0,13
201700010545,17,10,6,1030,1,2,1,1.0,3.0,13055,M,4327280.0,540084.0,13
201700010546,17,10,6,1215,1,2,1,1.0,5.0,13055,M,4333372.0,543124.0,13
201700010547,17,10,6,1210,1,2,1,1.0,3.0,13055,M,4329801.0,538097.0,13
201700010548,17,10,6,1100,1,2,1,1.0,2.0,13055,M,4333053.0,535493.0,13
201700010549,17,10,6,1226,1,2,1,1.0,2.0,13055,M,4326793.0,540740.0,13
201700010550,17,10,6,1215,1,2,1,1.0,6.0,13055,M,4336061.0,531391.0,13
201700010551,17,10,6,1620,1,2,1,1.0,6.0,13055,M,4332867.0,537492.0,13
201700010552,17,10,6,1715,1,2,1,1.0,6.0,13055,M,4330786.0,538167.0,13
201700010553,17,10,6,1715,1,2,1,6.0,1.0,13055,M,4336316.0,532512.0,13
201700010554,17,10,6,1930,5,2,1,1.0,6.0,13055,M,4330990.0,539886.0,13
201700010555,17,10,7,1430,1,2,1,1.0,4.0,13075,M,4334330.0,546775.0,13
201700010556,17,10,7,2015,5,2,3,1.0,6.0,13055,M,4329131.0,541697.0,13
201700010557,17,10,7,2335,5,2,1,1.0,4.0,13055,M,4327889.0,538770.0,13
201700010558,17,10,8,402,5,2,1,1.0,6.0,13055,M,4328315.0,538113.0,13
201700010559,17,10,3,1730,1,2,2,1.0,6.0,13055,M,4328474.0,538183.0,13
201700010560,17,10,7,1235,1,2,1,1.0,6.0,13055,M,4329241.0,536597.0,13
201700010561,17,10,7,1040,1,2,1,1.0,6.0,13055,M,4327053.0,541439.0,13
201700010562,17,10,8,1845,1,2,1,1.0,1.0,13055,M,4331716.0,537285.0,13
201700010563,17,10,8,2100,4,2,2,1.0,3.0,13055,M,4329928.0,537413.0,13
201700010564,17,10,8,2200,5,2,1,1.0,6.0,13055,M,4328624.0,547300.0,13
201700010565,17,10,8,2340,5,2,2,1.0,3.0,13055,M,4330277.0,539665.0,13
201700010566,17,10,9,630,5,2,1,1.0,2.0,13055,M,4332588.0,535657.0,13
201700010567,17,10,9,820,1,2,3,1.0,6.0,13055,M,4329568.0,539932.0,13
201700010568,17,10,9,1115,1,2,7,1.0,3.0,13055,M,4325058.0,540366.0,13
201700010569,17,10,9,1600,1,2,1,1.0,4.0,13055,M,4324748.0,537419.0,13
201700010570,17,10,9,1615,1,2,3,1.0,2.0,13055,M,4328702.0,546663.0,13
201700010571,17,10,9,1705,1,2,1,1.0,6.0,13055,M,4329015.0,536801.0,13
201700010572,17,10,10,630,5,2,3,1.0,6.0,13055,M,4331453.0,537051.0,13
201700010573,17,10,10,1100,1,2,3,1.0,2.0,13055,M,4325452.0,540176.0,13
201700010574,17,10,10,1650,1,2,1,1.0,3.0,13055,M,4328834.0,546288.0,13
201700010575,17,10,10,1710,1,2,1,1.0,4.0,13055,M,4330414.0,541145.0,13
201700010576,17,10,10,1940,5,2,3,1.0,3.0,13055,M,4325980.0,540225.0,13
201700010577,17,10,10,1935,5,2,2,1.0,3.0,13075,M,4334747.0,546375.0,13
201700010578,17,10,10,2330,4,2,1,1.0,6.0,13055,M,4326787.0,539392.0,13
201700010579,17,10,10,2345,5,2,1,1.0,3.0,13055,M,4329220.0,536031.0,13
201700010580,17,10,3,820,1,2,2,1.0,3.0,13055,M,4329121.0,538303.0,13
201700010581,17,10,11,910,1,2,7,1.0,6.0,13055,M,4330475.0,536575.0,13
201700010582,17,10,11,1000,1,2,1,1.0,6.0,13055,M,4332868.0,536342.0,13
201700010583,17,10,11,1045,1,2,2,1.0,3.0,13055,M,4333213.0,540416.0,13
201700010584,17,9,30,1930,5,2,1,2.0,7.0,13055,M,4329232.0,537779.0,13
201700010585,17,10,6,1020,1,2,1,1.0,3.0,13055,M,4328855.0,539359.0,13
201700010586,17,10,11,1330,1,2,1,1.0,3.0,13055,M,4335675.0,534288.0,13
201700010587,17,9,16,1135,1,2,1,1.0,3.0,13055,M,4328908.0,536248.0,13
201700010588,17,10,8,1153,1,2,1,1.0,3.0,13055,M,4327221.0,541073.0,13
201700010589,17,10,9,1850,1,2,1,1.0,2.0,13055,M,4329220.0,536032.0,13
201700010590,17,10,9,1430,1,2,1,1.0,6.0,13055,M,4329212.0,540395.0,13
201700010591,17,10,11,1830,1,2,1,1.0,2.0,13055,M,4332710.0,538766.0,13
201700010592,17,9,23,1730,1,2,2,1.0,3.0,13055,M,4330091.0,538292.0,13
201700010593,17,10,11,2110,3,2,2,1.0,3.0,13055,M,4331405.0,536893.0,13
201700010594,17,10,11,2005,5,2,6,1.0,7.0,13055,M,4329246.0,540131.0,13
201700010595,17,10,12,640,5,2,1,1.0,2.0,13055,M,4326497.0,539555.0,13
201700010596,17,10,12,1825,1,2,1,1.0,1.0,13055,M,4331846.0,537250.0,13
201700010597,17,10,12,1700,1,2,1,1.0,6.0,13055,M,4330108.0,539129.0,13
201700010598,17,10,12,1710,1,2,1,1.0,3.0,13055,M,4329691.0,537429.0,13
201700010599,17,7,26,1945,2,2,1,1.0,6.0,13055,M,4330219.0,538339.0,13
201700010600,17,10,13,140,3,2,2,1.0,3.0,13055,M,4331674.0,538241.0,13
201700010601,17,10,13,200,5,2,1,1.0,2.0,13055,M,4330417.0,539832.0,13
201700010602,17,10,13,1335,1,2,6,1.0,3.0,13055,M,4328334.0,539851.0,13
201700010603,17,10,13,1800,1,2,1,1.0,5.0,13055,M,4331499.0,540320.0,13
201700010604,17,10,13,2122,5,2,6,1.0,6.0,13055,M,4328970.0,548140.0,13
201700010605,17,10,13,2024,5,2,1,1.0,2.0,13055,M,4325421.0,538173.0,13
201700010606,17,10,13,2115,5,2,2,1.0,5.0,13055,M,4328935.0,535761.0,13
201700010607,17,10,14,205,5,2,1,1.0,6.0,13055,M,4322334.0,534630.0,13
201700010608,17,10,14,235,4,2,1,1.0,6.0,13055,M,4333004.0,539580.0,13
201700010609,17,10,14,245,5,2,1,1.0,6.0,13055,M,4329675.0,538126.0,13
201700010610,17,10,14,505,5,2,1,1.0,3.0,13055,M,4328333.0,549593.0,13
201700010611,17,10,14,1350,1,2,1,1.0,6.0,13055,M,4331077.0,540348.0,13
201700010612,17,10,14,1730,1,2,2,1.0,3.0,13055,M,4328827.0,538452.0,13
201700010613,17,10,14,2015,5,2,1,1.0,6.0,13055,M,4327326.0,539246.0,13
201700010614,17,10,15,55,5,2,1,1.0,2.0,13055,M,4329585.0,538153.0,13
201700010615,17,10,15,720,5,2,1,1.0,2.0,13055,M,4326744.0,539422.0,13
201700010616,17,10,15,540,5,2,1,1.0,6.0,13055,M,4328676.0,537725.0,13
201700010617,17,10,15,1410,1,2,6,1.0,7.0,13055,M,4336006.0,533849.0,13
201700010618,17,10,15,1300,1,2,6,1.0,2.0,13055,M,4326260.0,540464.0,13
201700010619,17,10,15,1815,1,2,1,1.0,6.0,13055,M,4333870.0,543268.0,13
201700010620,17,10,15,1800,1,2,1,1.0,6.0,13055,M,4334665.0,534473.0,13
201700010621,17,10,16,1500,1,2,2,1.0,6.0,13055,M,4329467.0,539574.0,13
201700010622,17,10,16,1615,1,2,3,1.0,6.0,13055,M,4328566.0,544203.0,13
201700010623,17,10,16,1620,1,2,1,1.0,2.0,13055,M,4333156.0,537468.0,13
201700010624,17,10,16,1700,1,2,3,1.0,3.0,13055,M,4331726.0,539002.0,13
201700010625,17,10,17,1440,1,2,1,1.0,4.0,13055,M,4328665.0,535157.0,13
201700010626,17,10,16,1830,3,2,1,1.0,7.0,13002,M,4335987.0,549404.0,13
201700010627,17,10,17,1500,1,2,1,1.0,5.0,13055,M,4337343.0,535443.0,13
201700010628,17,10,17,1745,1,2,1,7.0,6.0,13002,M,4333854.0,547958.0,13
201700010629,17,10,17,1822,1,2,7,1.0,3.0,13055,M,4326075.0,540652.0,13
201700010630,17,10,18,825,1,2,1,1.0,6.0,13055,M,4332028.0,540932.0,13
201700010631,17,10,18,940,1,2,3,1.0,3.0,13055,M,4333083.0,541924.0,13
201700010632,17,10,18,1430,1,2,2,1.0,3.0,13106,M,4341062.0,537235.0,13
201700010633,17,10,18,1840,2,2,1,1.0,7.0,13055,M,,,13
201700010634,17,10,18,2230,5,2,2,1.0,3.0,13055,M,4327539.0,538436.0,13
201700010635,17,10,6,1501,1,2,1,1.0,6.0,13055,M,4329895.0,538084.0,13
201700010636,17,10,19,1230,1,2,1,1.0,6.0,13055,M,4337055.0,535620.0,13
201700010637,17,10,19,1000,1,2,3,1.0,6.0,13055,M,4332295.0,538940.0,13
201700010638,17,10,19,1315,1,2,1,1.0,3.0,13055,M,4329253.0,536701.0,13
201700010639,17,9,2,1930,1,2,1,1.0,6.0,13055,M,4333090.0,538894.0,13
201700010640,17,10,19,1620,1,2,1,1.0,7.0,13055,M,4329074.0,537564.0,13
201700010641,17,10,20,10,5,2,1,1.0,6.0,13055,M,4327517.0,536009.0,13
201700010642,17,10,20,845,1,2,1,1.0,3.0,13055,M,4326647.0,542633.0,13
201700010643,17,10,20,815,1,2,1,1.0,3.0,13055,M,4327902.0,536330.0,13
201700010644,17,10,19,1630,1,2,3,1.0,3.0,13055,M,4330890.0,540264.0,13
201700010645,17,10,20,1420,1,2,1,1.0,2.0,13055,M,4328826.0,535709.0,13
201700010646,17,10,20,1540,1,2,1,1.0,3.0,13055,M,4325415.0,538223.0,13
201700010647,17,10,20,1500,1,2,1,1.0,3.0,13055,M,4328361.0,538505.0,13
201700010648,17,10,20,1550,1,2,2,1.0,3.0,13055,M,4331915.0,536753.0,13
201700010649,17,10,21,110,5,2,1,1.0,2.0,13055,M,4331665.0,541081.0,13
201700010650,17,10,21,600,5,2,1,1.0,6.0,13055,M,4327780.0,537544.0,13
201700010651,17,10,21,1230,1,2,1,1.0,2.0,13055,M,4329060.0,537836.0,13
201700010652,17,10,21,1745,1,2,1,1.0,3.0,13055,M,4325073.0,540379.0,13
201700010653,17,10,20,2215,5,2,1,1.0,1.0,13055,M,4332779.0,542729.0,13
201700010654,17,10,21,1920,2,2,3,1.0,1.0,13055,M,4332777.0,535998.0,13
201700010655,17,10,22,1120,1,2,1,1.0,3.0,13055,M,4331275.0,537584.0,13
201700010656,17,10,22,1130,1,2,1,1.0,3.0,13055,M,4331777.0,537415.0,13
201700010657,17,10,22,2150,5,2,1,1.0,5.0,13055,M,4331086.0,540090.0,13
201700010658,17,10,22,2330,5,2,1,1.0,7.0,13055,M,4330795.0,541841.0,13
201700010659,17,10,22,2350,5,2,1,1.0,3.0,13055,M,4328098.0,539940.0,13
201700010660,17,10,23,839,1,2,1,1.0,6.0,13055,M,4328954.0,538711.0,13
201700010661,17,10,23,1620,1,2,1,1.0,1.0,13055,M,4326848.0,540488.0,13
201700010662,17,10,23,1930,5,2,2,1.0,3.0,13055,M,4330430.0,538883.0,13
201700010663,17,10,23,1940,5,2,1,1.0,6.0,13055,M,4330931.0,540283.0,13
201700010664,17,10,23,1050,1,2,1,1.0,4.0,13055,M,4329036.0,540003.0,13
201700010665,17,10,24,815,1,2,1,1.0,6.0,13055,M,4330576.0,538413.0,13
201700010666,17,10,24,900,1,2,1,1.0,2.0,13055,M,4327959.0,539930.0,13
201700010667,17,10,24,1030,1,2,1,1.0,2.0,13055,M,4331783.0,536839.0,13
201700010668,17,10,24,1105,1,2,4,1.0,3.0,13055,M,4324745.0,538147.0,13
201700010669,17,10,24,1300,1,2,1,1.0,6.0,13055,M,4330739.0,537378.0,13
201700010670,17,10,20,1555,1,2,1,1.0,6.0,13055,M,4328540.0,538371.0,13
201700010671,17,10,24,1615,1,2,1,1.0,6.0,13055,M,4324688.0,540209.0,13
201700010672,17,10,24,1655,1,2,4,1.0,3.0,13055,M,4329487.0,541752.0,13
201700010673,17,10,22,1930,2,2,1,1.0,3.0,13055,M,4330617.0,539956.0,13
201700010674,17,10,25,600,5,2,1,1.0,1.0,13055,M,4324833.0,542358.0,13
201700010675,17,10,22,1930,2,2,1,1.0,2.0,13055,M,4329375.0,540913.0,13
201700010676,17,10,25,1245,1,2,1,1.0,6.0,13055,M,4329931.0,537345.0,13
201700010677,17,10,25,1130,1,2,1,1.0,1.0,13055,M,4323648.0,536227.0,13
201700010678,17,10,25,1230,1,2,6,1.0,2.0,13055,M,4329537.0,544519.0,13
201700010679,17,10,25,1350,1,2,2,1.0,3.0,13055,M,4329488.0,542694.0,13
201700010680,17,10,25,1510,1,2,2,1.0,3.0,13055,M,4331259.0,543058.0,13
201700010681,17,10,25,1520,1,2,1,1.0,2.0,13055,M,4332776.0,542721.0,13
201700010682,17,10,25,1635,1,2,1,1.0,6.0,13055,M,4325263.0,539197.0,13
201700010683,17,10,25,1845,5,2,1,1.0,6.0,13055,M,4332715.0,537499.0,13
201700010684,17,10,26,900,1,2,1,1.0,6.0,13055,M,4330960.0,540296.0,13
201700010685,17,10,26,900,1,2,1,1.0,2.0,13055,M,4330988.0,540874.0,13
201700010686,17,10,26,1200,1,2,1,1.0,6.0,13055,M,4329380.0,548038.0,13
201700010687,17,10,26,1245,1,2,1,1.0,6.0,13055,M,4330112.0,537251.0,13
201700010688,17,10,26,1610,1,2,1,1.0,3.0,13055,M,4331332.0,546348.0,13
201700010689,17,10,26,1315,1,2,9,1.0,7.0,13055,M,4327497.0,539674.0,13
201700010690,17,10,26,1642,1,1,1,1.0,3.0,13055,M,4329187.0,547907.0,13
201700010691,17,10,26,1730,1,2,2,1.0,6.0,13055,M,4329775.0,537294.0,13
201700010692,17,10,27,910,1,2,6,1.0,2.0,13055,M,4328970.0,548146.0,13
201700010693,17,10,26,1700,1,2,1,1.0,3.0,13055,M,4330548.0,550113.0,13
201700010694,17,10,26,1915,4,2,1,1.0,2.0,13055,M,4331482.0,540339.0,13
201700010695,17,10,27,1400,1,2,1,1.0,2.0,13055,M,4330347.0,540091.0,13
201700010696,17,10,27,1900,5,2,2,6.0,6.0,13055,M,4330283.0,539951.0,13
201700010697,17,10,27,2040,5,2,1,1.0,1.0,13055,M,4330324.0,543906.0,13
201700010698,17,10,27,2200,5,2,3,6.0,3.0,13055,M,4328870.0,540030.0,13
201700010699,17,10,27,2315,3,2,1,1.0,6.0,13055,M,4325019.0,537534.0,13
201700010700,17,10,28,540,5,2,2,1.0,3.0,13055,M,4327924.0,539926.0,13
201700010701,17,10,28,1000,1,2,9,1.0,3.0,13055,M,4326177.0,540402.0,13
201700010702,17,10,28,1730,1,2,7,1.0,6.0,13055,M,4330004.0,537100.0,13
201700010703,17,10,28,1810,2,1,1,1.0,2.0,13055,M,4332344.0,536116.0,13
201700010704,17,10,29,230,5,2,3,1.0,3.0,13055,M,4324186.0,536528.0,13