Num_Acc,an,mois,jour,hrmn,lum,agg,int,atm,col,com,gps,lat,long,dep
201700010705,17,10,29,1330,1,2,1,6.0,3.0,13055,M,4333727.0,535768.0,13
201700010706,17,10,29,1900,5,2,2,1.0,6.0,13055,M,4329569.0,539789.0,13
201700010707,17,10,26,2045,5,2,1,1.0,6.0,13055,M,4328860.0,540014.0,13
201700010708,17,10,29,2015,4,2,1,1.0,4.0,13055,M,4333614.0,539216.0,13
201700010709,17,10,30,1030,1,2,1,1.0,3.0,13055,M,4331848.0,537490.0,13
201700010710,17,10,30,1235,1,2,1,1.0,6.0,13055,M,4333725.0,535762.0,13
201700010711,17,10,30,615,5,2,2,1.0,3.0,13055,M,4330299.0,544676.0,13
201700010712,17,10,30,1445,1,2,1,1.0,3.0,13055,M,4332275.0,541441.0,13
201700010713,17,10,30,1350,1,2,1,1.0,3.0,13055,M,4329669.0,537385.0,13
201700010714,17,10,30,1230,1,2,2,1.0,3.0,13055,M,4327905.0,539174.0,13
201700010715,17,10,30,1600,1,2,6,1.0,3.0,13055,M,4333062.0,540980.0,13
201700010716,17,10,30,1650,1,2,1,1.0,2.0,13055,M,4332040.0,537249.0,13
201700010717,17,10,30,1630,1,2,3,1.0,3.0,13055,M,4324656.0,540816.0,13
201700010718,17,10,30,1915,2,2,1,1.0,1.0,13055,M,4327119.0,540892.0,13
201700010719,17,10,31,545,5,2,1,1.0,3.0,13055,M,4328360.0,539920.0,13
201700010720,17,10,27,800,1,2,3,1.0,3.0,13055,M,4332475.0,542433.0,13
201700010721,17,10,31,1245,1,2,1,1.0,6.0,13055,M,4338024.0,535741.0,13
201700010722,17,10,31,1250,1,2,1,1.0,1.0,13055,M,4333695.0,543262.0,13
201700010723,17,10,31,1550,1,2,2,1.0,6.0,13055,M,4334733.0,537840.0,13
201700010724,17,10,31,1650,1,2,1,1.0,6.0,13055,M,4332359.0,541537.0,13
201700010725,17,10,31,2000,5,2,1,1.0,2.0,13055,M,4328361.0,538505.0,13
201700010726,17,10,28,1630,1,2,1,1.0,6.0,13055,M,4331833.0,540659.0,13
201700010727,17,10,23,830,1,2,1,1.0,2.0,13055,M,4329117.0,536346.0,13
201700010728,17,11,1,520,3,2,2,1.0,3.0,13055,M,4330216.0,539186.0,13
201700010729,17,11,1,1130,1,2,2,1.0,6.0,13055,M,4329844.0,538383.0,13
201700010730,17,11,1,1815,5,2,1,1.0,6.0,13055,M,4327176.0,539013.0,13
201700010731,17,11,1,2040,5,2,1,1.0,2.0,13055,M,4328065.0,538627.0,13
201700010732,17,11,3,630,5,2,1,1.0,6.0,13055,M,4337737.0,535659.0,13
201700010733,17,11,3,915,1,2,1,1.0,2.0,13055,M,4329050.0,542103.0,13
201700010734,17,11,3,1040,1,2,3,1.0,3.0,13055,M,4329525.0,542283.0,13
201700010735,17,11,2,1945,5,2,2,1.0,3.0,13055,M,4332685.0,535967.0,13
201700010736,17,11,3,1300,1,2,1,1.0,6.0,13055,M,4329473.0,544494.0,13
201700010737,17,11,4,545,5,2,1,1.0,3.0,13055,M,4334620.0,538406.0,13
201700010738,17,11,4,1630,1,2,1,1.0,6.0,13055,M,4330305.0,537402.0,13
201700010739,17,11,4,1650,2,2,1,1.0,6.0,13055,M,4333419.0,535817.0,13
201700010740,17,11,4,2215,5,2,1,8.0,6.0,13055,M,4327492.0,539510.0,13
201700010741,17,11,4,2240,3,1,1,1.0,4.0,13055,M,4332626.0,535888.0,13
201700010742,17,11,5,500,5,2,1,2.0,1.0,13055,M,4327507.0,538978.0,13
201700010743,17,11,4,1800,2,2,1,1.0,3.0,13055,M,4334708.0,539418.0,13
201700010744,17,11,5,2010,5,2,1,1.0,2.0,13055,M,4327409.0,539363.0,13
201700010745,17,11,6,645,5,2,1,1.0,3.0,13055,M,4329222.0,536444.0,13
201700010746,17,11,6,815,1,2,1,6.0,3.0,13055,M,4331638.0,538310.0,13
201700010747,17,11,6,1242,1,2,1,8.0,3.0,13055,M,4330452.0,537867.0,13
201700010748,17,11,6,1315,1,2,1,1.0,6.0,13055,M,4324070.0,539722.0,13
201700010749,17,11,6,1515,1,2,1,1.0,4.0,13055,M,4331057.0,542759.0,13
201700010750,17,11,6,1447,1,2,1,1.0,7.0,13055,M,4324382.0,539653.0,13
201700010751,17,11,6,1557,1,2,1,1.0,6.0,13055,M,4329160.0,544735.0,13
201700010752,17,11,6,1925,5,2,3,1.0,3.0,13055,M,4329160.0,544735.0,13
201700010753,17,11,6,2005,5,2,1,1.0,3.0,13055,M,4329216.0,538261.0,13
201700010754,17,11,7,740,1,2,1,1.0,6.0,13055,M,4328631.0,547154.0,13
201700010755,17,10,20,1600,1,2,1,1.0,1.0,13055,M,4329923.0,537429.0,13
201700010756,17,11,7,1400,1,2,1,1.0,3.0,13055,M,4324546.0,541209.0,13
201700010757,17,11,7,1615,1,2,3,1.0,3.0,13055,M,4331248.0,541161.0,13
201700010758,17,11,7,2300,5,2,1,1.0,3.0,13055,M,4330209.0,538295.0,13
201700010759,17,11,8,915,1,2,1,1.0,1.0,13055,M,4333646.0,544399.0,13
201700010760,17,11,8,1150,1,2,1,1.0,6.0,13055,M,4336465.0,533522.0,13
201700010761,17,10,27,900,1,2,3,1.0,6.0,13055,M,4331529.0,540024.0,13
201700010762,17,11,8,1500,1,2,1,1.0,2.0,13055,M,4329398.0,544495.0,13
201700010763,17,11,8,1750,2,2,1,1.0,3.0,13055,M,4334107.0,536266.0,13
201700010764,17,11,8,1740,5,2,2,1.0,2.0,13055,M,4329872.0,540027.0,13
201700010765,17,11,8,2215,5,2,4,1.0,3.0,13055,M,4333772.0,542068.0,13
201700010766,17,11,9,1115,1,1,1,1.0,3.0,13055,M,4331798.0,536594.0,13
201700010767,17,11,9,845,1,2,1,1.0,6.0,13055,M,4330048.0,540059.0,13
201700010768,17,11,8,620,5,2,1,1.0,2.0,13055,M,4331403.0,540536.0,13
201700010769,17,11,9,930,1,2,3,1.0,1.0,13055,M,4329894.0,542973.0,13
201700010770,17,11,9,1055,1,2,3,1.0,3.0,13055,M,4329291.0,549474.0,13
201700010771,17,11,9,1800,5,2,1,1.0,6.0,13055,M,4330988.0,540207.0,13
201700010772,17,11,9,2110,5,2,6,1.0,7.0,13055,M,4329706.0,543412.0,13
201700010773,17,11,9,2205,5,2,1,1.0,5.0,13055,M,4332697.0,542585.0,13
201700010774,17,11,10,215,5,2,7,1.0,7.0,13055,M,4330501.0,536685.0,13
201700010775,17,11,10,430,5,2,2,1.0,1.0,13055,M,4328498.0,539055.0,13
201700010776,17,11,10,750,1,2,1,1.0,2.0,13055,M,4352384.0,541507.0,13
201700010777,17,11,10,745,1,2,1,1.0,6.0,13055,M,4331555.0,538570.0,13
201700010778,17,8,20,150,5,2,6,1.0,3.0,13055,M,4328617.0,538374.0,13
201700010779,17,11,11,30,5,2,1,1.0,6.0,13055,M,4331599.0,539368.0,13
201700010780,17,11,11,240,5,2,1,1.0,6.0,13055,M,4333019.0,539583.0,13
201700010781,17,11,11,510,5,2,1,1.0,6.0,13055,M,4325729.0,541857.0,13
201700010782,17,11,11,1140,1,2,2,1.0,3.0,13055,M,4329773.0,539191.0,13
201700010783,17,11,7,1820,2,2,1,1.0,2.0,13055,M,4336186.0,535735.0,13
201700010784,17,11,11,700,1,2,1,1.0,3.0,13055,M,4334100.0,538600.0,13
201700010785,17,11,11,1805,4,2,1,1.0,6.0,13055,M,4328026.0,542529.0,13
201700010786,17,11,11,1920,5,2,1,1.0,3.0,13055,M,4328867.0,545982.0,13
201700010787,17,11,11,2113,5,2,2,1.0,3.0,13055,M,4329692.0,537684.0,13
201700010788,17,11,12,420,5,2,1,1.0,6.0,13055,M,4332340.0,538528.0,13
201700010789,17,11,12,400,5,2,1,1.0,5.0,13055,M,4325678.0,540018.0,13
201700010790,17,11,12,1115,1,1,1,1.0,3.0,13002,M,4336636.0,550366.0,13
201700010791,17,11,12,1216,1,2,1,1.0,6.0,13055,M,4328793.0,537939.0,13
201700010792,17,11,12,2340,5,2,1,1.0,2.0,13055,M,4331421.0,539373.0,13
201700010793,17,11,13,845,1,2,3,6.0,1.0,13055,M,4325127.0,539482.0,13
201700010794,17,11,13,905,1,2,1,6.0,3.0,13055,M,4328068.0,542129.0,13
201700010795,17,11,13,1145,1,2,1,1.0,2.0,13055,M,4328164.0,542697.0,13
201700010796,17,11,13,1250,1,2,3,1.0,3.0,13055,M,4332690.0,538428.0,13
201700010797,17,11,13,1650,1,2,1,6.0,4.0,13055,M,4330291.0,538454.0,13
201700010798,17,11,13,1715,2,2,3,1.0,3.0,13055,M,4329248.0,538257.0,13
201700010799,17,11,14,815,1,2,1,1.0,6.0,13055,M,4324478.0,540072.0,13
201700010800,17,11,14,900,1,2,1,7.0,6.0,13055,M,4330157.0,539813.0,13
201700010801,17,11,14,1030,1,2,1,1.0,6.0,13055,M,4325304.0,542363.0,13
201700010802,17,11,14,1215,1,2,1,1.0,1.0,13055,M,4333875.0,535730.0,13
201700010803,17,11,14,1438,1,2,1,1.0,6.0,13055,M,4329737.0,538030.0,13
201700010804,17,11,14,1630,2,2,1,1.0,3.0,13055,M,4328924.0,539670.0,13
201700010805,17,11,14,2255,5,2,1,1.0,1.0,13055,M,4332605.0,536114.0,13
201700010806,17,11,15,1010,1,2,1,1.0,2.0,13055,M,4327665.0,542696.0,13
201700010807,17,11,15,905,1,2,1,1.0,3.0,13055,M,4325062.0,540378.0,13
201700010808,17,11,15,1010,1,2,1,1.0,3.0,13055,M,4333138.0,543304.0,13
201700010809,17,8,10,1145,1,2,1,1.0,3.0,13055,M,4328876.0,539477.0,13
201700010810,17,11,15,1500,1,2,1,1.0,2.0,13055,M,4328802.0,539463.0,13
201700010811,17,11,15,1400,1,2,1,1.0,2.0,13055,M,4331653.0,539698.0,13
201700010812,17,11,15,1540,1,2,1,1.0,3.0,13055,M,4327489.0,541571.0,13
201700010813,17,11,15,1615,1,2,1,1.0,6.0,13055,M,4332493.0,538276.0,13
201700010814,17,11,15,1930,5,2,1,1.0,3.0,13055,M,4334459.0,541639.0,13
201700010815,17,11,15,2145,5,2,3,1.0,3.0,13055,M,4327238.0,541467.0,13
201700010816,17,11,15,2200,5,2,1,1.0,6.0,13055,M,4328063.0,539672.0,13
201700010817,17,11,16,100,5,2,3,1.0,6.0,13055,M,4330269.0,536821.0,13
201700010818,17,11,16,800,1,2,1,1.0,2.0,13055,M,4328219.0,539053.0,13
201700010819,17,11,16,920,1,2,5,1.0,2.0,13055,M,4332268.0,545549.0,13
201700010820,17,11,16,1100,1,2,7,1.0,3.0,13055,M,4328570.0,540431.0,13
201700010821,17,11,16,1635,1,2,6,1.0,6.0,13055,M,4325248.0,542153.0,13
201700010822,17,11,16,1745,2,2,3,1.0,3.0,13055,M,4333067.0,540470.0,13
201700010823,17,11,16,1935,5,2,1,1.0,4.0,13055,M,4330079.0,538819.0,13
201700010824,17,11,16,1800,3,2,1,1.0,3.0,13055,M,4332433.0,541142.0,13
201700010825,17,11,16,2335,5,2,1,1.0,3.0,13055,M,4329646.0,536765.0,13
201700010826,17,11,12,1844,2,2,1,1.0,6.0,13055,M,4328769.0,535924.0,13
201700010827,17,11,17,815,1,2,2,1.0,3.0,13055,M,4329755.0,540075.0,13
201700010828,17,11,17,840,1,2,1,1.0,4.0,13055,M,4331821.0,539022.0,13
201700010829,17,11,17,1220,1,2,1,1.0,2.0,13055,M,4333032.0,537063.0,13
201700010830,17,11,17,1220,1,2,1,1.0,1.0,13055,M,4327482.0,539659.0,13
201700010831,17,11,17,1340,1,2,1,1.0,6.0,13055,M,4328115.0,538640.0,13
201700010832,17,11,17,1400,1,2,2,1.0,3.0,13055,M,4330223.0,536985.0,13
201700010833,17,11,17,1515,1,2,1,1.0,6.0,13055,M,4332995.0,536877.0,13
201700010834,17,11,17,1800,5,2,1,1.0,3.0,13055,M,4333958.0,538046.0,13
201700010835,17,11,17,1500,1,2,1,1.0,3.0,13055,M,4329266.0,548446.0,13
201700010836,17,11,17,2115,5,2,1,1.0,2.0,13055,M,4338198.0,536366.0,13
201700010837,17,11,18,1115,2,2,3,1.0,7.0,13055,M,4326145.0,539354.0,13
201700010838,17,11,18,1200,1,2,1,1.0,2.0,13055,M,4327532.0,542487.0,13
201700010839,17,11,18,1600,1,1,1,1.0,1.0,13055,M,4327549.0,542641.0,13
201700010840,17,11,19,1100,1,2,1,1.0,3.0,13055,M,4325723.0,542449.0,13
201700010841,17,11,19,1200,1,2,1,1.0,6.0,13055,M,4327893.0,539183.0,13
201700010842,17,11,19,2255,5,2,1,1.0,6.0,13055,M,4335127.0,537378.0,13
201700010843,17,11,16,1345,1,2,9,1.0,3.0,13055,M,4331673.0,539569.0,13
201700010844,17,11,20,705,1,2,9,1.0,6.0,13055,M,4333017.0,539332.0,13
201700010845,17,11,20,740,1,2,3,1.0,3.0,13055,M,4326366.0,538945.0,13
201700010846,17,11,20,900,1,2,1,1.0,6.0,13055,M,4328566.0,538412.0,13
201700010847,17,11,20,1130,1,2,3,1.0,7.0,13055,M,4328670.0,537001.0,13
201700010848,17,11,17,1800,5,2,1,1.0,2.0,13055,M,4331047.0,536987.0,13
201700010849,17,11,20,1355,1,2,1,1.0,3.0,13055,M,4327560.0,542393.0,13
201700010850,17,11,20,1700,1,2,1,1.0,6.0,13055,M,4333154.0,543338.0,13
201700010851,17,11,20,1645,1,2,1,1.0,6.0,13055,M,4324056.0,540071.0,13
201700010852,17,11,20,1830,5,2,2,1.0,1.0,13055,M,4331433.0,535794.0,13
201700010853,17,11,21,1320,1,2,1,1.0,6.0,13055,M,4328359.0,548106.0,13
201700010854,17,11,21,1820,5,2,1,1.0,3.0,13055,M,4330845.0,537735.0,13
201700010855,17,11,22,36,5,2,3,1.0,3.0,13055,M,4334266.0,541946.0,13
201700010856,17,11,9,1905,5,2,1,1.0,7.0,13055,M,4325000.0,539000.0,13
201700010857,17,11,21,1530,1,2,1,1.0,3.0,13055,M,4326608.0,538171.0,13
201700010858,17,11,22,755,1,2,1,1.0,2.0,13055,M,4331311.0,546373.0,13
201700010859,17,11,14,1845,2,2,1,2.0,6.0,13055,M,4329199.0,538538.0,13
201700010860,17,11,22,1800,5,2,2,1.0,1.0,13055,M,4326420.0,539211.0,13
201700010861,17,11,17,1730,2,2,1,9.0,6.0,13055,M,4329746.0,540067.0,13
201700010862,17,11,23,1350,1,2,3,1.0,3.0,13055,M,4327223.0,539969.0,13
201700010863,17,11,23,1300,1,2,3,1.0,2.0,13055,M,4328856.0,545475.0,13
201700010864,17,11,23,1435,1,2,1,8.0,6.0,13055,M,4329086.0,538846.0,13
201700010865,17,11,23,2015,5,2,2,1.0,6.0,13055,M,4329116.0,538172.0,13
201700010866,17,11,22,1119,1,2,2,1.0,2.0,13055,M,4333140.0,537690.0,13
201700010867,17,11,23,1139,1,2,3,1.0,3.0,13055,M,4333147.0,543318.0,13
201700010868,17,11,24,945,1,2,1,8.0,2.0,13055,M,4328057.0,544018.0,13
201700010869,17,11,24,1740,2,2,1,1.0,6.0,13055,M,4328356.0,541796.0,13
201700010870,17,11,24,1650,1,2,1,1.0,5.0,13055,M,4332512.0,544200.0,13
201700010871,17,11,25,510,5,2,1,1.0,2.0,13055,M,4333962.0,541793.0,13
201700010872,17,11,25,1100,1,2,3,1.0,3.0,13075,M,4334514.0,545804.0,13
201700010873,17,11,25,1230,1,2,1,1.0,3.0,13055,M,4334890.0,536308.0,13
201700010874,17,11,25,1345,1,2,1,1.0,6.0,13055,M,4336028.0,533295.0,13
201700010875,17,11,25,1150,1,2,1,1.0,3.0,13055,M,4333072.0,541029.0,13
201700010876,17,11,25,1530,1,2,3,1.0,3.0,13055,M,4328369.0,540074.0,13
201700010877,17,11,25,1830,5,2,1,1.0,3.0,13055,M,4329485.0,536544.0,13
201700010878,17,11,26,40,5,2,2,1.0,3.0,13055,M,4329220.0,537729.0,13
201700010879,17,11,26,306,5,2,1,1.0,7.0,13055,M,4327101.0,539664.0,13
201700010880,17,11,26,600,5,2,1,1.0,1.0,13055,M,4327787.0,540562.0,13
201700010881,17,11,26,1800,5,2,1,1.0,6.0,13055,M,4329293.0,547372.0,13
201700010882,17,11,26,1900,4,2,1,1.0,2.0,13055,M,4330600.0,540076.0,13
201700010883,17,11,27,445,5,2,1,1.0,1.0,13055,M,4332810.0,542490.0,13
201700010884,17,11,27,1210,1,2,1,1.0,6.0,13055,M,4331829.0,537504.0,13
201700010885,17,11,27,1145,1,2,2,1.0,3.0,13055,M,4325881.0,539332.0,13
201700010886,17,11,27,1250,1,2,3,1.0,6.0,13055,M,4329700.0,537390.0,13
201700010887,17,11,27,1540,1,2,1,1.0,6.0,13055,M,4329780.0,539322.0,13
201700010888,17,11,27,1830,4,2,3,1.0,3.0,13055,M,4325884.0,539804.0,13
201700010889,17,11,27,1730,2,2,1,1.0,6.0,13055,M,4328886.0,536657.0,13
201700010890,17,11,27,1700,1,2,1,1.0,6.0,13055,M,4329137.0,542795.0,13
201700010891,17,11,27,2130,5,2,1,1.0,7.0,13055,M,4328239.0,543047.0,13
201700010892,17,11,27,2145,5,2,1,1.0,7.0,13055,M,4328239.0,543047.0,13
201700010893,17,11,23,500,5,2,2,2.0,7.0,13055,M,4330064.0,538074.0,13
201700010894,17,11,27,2150,5,2,1,1.0,3.0,13055,M,4328727.0,538839.0,13
201700010895,17,11,13,1800,5,2,3,1.0,5.0,13055,M,4331661.0,543601.0,13
201700010896,17,11,27,620,5,2,1,1.0,2.0,13055,M,4326661.0,538207.0,13
201700010897,17,11,28,1245,1,2,1,1.0,2.0,13055,M,4326319.0,537829.0,13
201700010898,17,11,28,1310,1,2,1,1.0,3.0,13055,M,4332895.0,541709.0,13
201700010899,17,11,28,1427,1,2,1,1.0,6.0,13055,M,4329010.0,537887.0,13
201700010900,17,11,28,1700,1,2,1,1.0,6.0,13055,M,4333064.0,537650.0,13
201700010901,17,11,28,1748,5,2,1,1.0,3.0,13055,M,4331374.0,536559.0,13
201700010902,17,11,28,1900,5,2,1,1.0,7.0,13055,M,4327508.0,538453.0,13
201700010903,17,11,28,1155,1,2,2,1.0,5.0,13055,M,4329760.0,538100.0,13
201700010904,17,11,29,900,1,2,1,1.0,6.0,13055,M,4325712.0,542317.0,13
201700010905,17,11,29,935,1,2,1,1.0,2.0,13055,M,4327940.0,538456.0,13
201700010906,17,11,29,1145,1,2,3,1.0,3.0,13055,M,4334792.0,544752.0,13
201700010907,17,11,29,1200,1,2,1,1.0,7.0,13055,M,4326895.0,538842.0,13
201700010908,17,11,29,1745,5,2,1,1.0,2.0,13055,M,4325895.0,538524.0,13
201700010909,17,11,29,2010,3,2,3,1.0,1.0,13055,M,4329056.0,546295.0,13
201700010910,17,11,30,120,5,2,2,1.0,6.0,13055,M,4330122.0,539198.0,13
201700010911,17,11,30,1125,1,2,1,1.0,3.0,13055,M,4334692.0,537812.0,13
201700010912,17,11,30,1135,1,2,1,1.0,3.0,13055,M,4328534.0,539887.0,13
201700010913,17,11,30,1430,1,2,1,1.0,3.0,13055,M,4325878.0,539408.0,13
201700010914,17,11,30,1405,1,2,1,1.0,2.0,13055,M,4328215.0,542992.0,13
201700010915,17,11,30,1500,1,2,1,1.0,6.0,13055,M,4337922.0,535780.0,13
201700010916,17,11,30,1715,1,2,1,1.0,1.0,13055,M,4332557.0,545110.0,13
201700010917,17,11,30,2330,5,2,1,1.0,1.0,13055,M,4324795.0,543639.0,13
201700010918,17,12,1,30,5,2,2,1.0,3.0,13055,M,4328548.0,539096.0,13
201700010919,17,12,1,600,5,2,1,1.0,4.0,13055,M,4328955.0,539988.0,13
201700010920,17,12,1,522,5,2,3,1.0,6.0,13055,M,4328871.0,545833.0,13
201700010921,17,12,1,750,2,2,1,2.0,7.0,13055,M,4334292.0,537196.0,13
201700010922,17,12,1,800,2,2,1,4.0,6.0,13002,M,4336185.0,549381.0,13
201700010923,17,12,1,1020,1,2,1,1.0,6.0,13055,M,4327023.0,539249.0,13
201700010924,17,12,1,1130,1,2,2,1.0,3.0,13055,M,4328743.0,538490.0,13
201700010925,17,12,1,900,1,2,1,1.0,7.0,13055,M,4325876.0,539881.0,13
201700010926,17,12,1,903,1,2,1,2.0,3.0,13055,M,4329531.0,544556.0,13
201700010927,17,12,1,1100,1,2,1,1.0,6.0,13055,M,4330165.0,545946.0,13
201700010928,17,12,1,1730,5,2,1,1.0,6.0,13055,M,4326133.0,539767.0,13
201700010929,17,12,1,1730,2,2,4,1.0,7.0,13055,M,4326206.0,541666.0,13
201700010930,17,12,1,1815,5,2,1,1.0,3.0,13055,M,4332032.0,537288.0,13
201700010931,17,12,2,1050,1,2,1,4.0,3.0,13055,M,4329540.0,548175.0,13
201700010932,17,12,2,1210,1,2,1,2.0,3.0,13055,M,4329330.0,547891.0,13
201700010933,17,12,3,610,2,2,1,1.0,2.0,13055,M,4332076.0,541638.0,13
201700010934,17,12,3,1230,1,2,1,1.0,6.0,13055,M,4333384.0,540006.0,13
201700010935,17,12,3,1740,5,2,2,1.0,3.0,13055,M,4328926.0,535770.0,13
201700010936,17,12,4,515,5,2,1,1.0,7.0,13055,M,4327954.0,539949.0,13
201700010937,17,12,4,755,1,2,2,1.0,3.0,13055,M,4331081.0,542189.0,13
201700010938,17,12,4,1220,1,2,1,1.0,6.0,13055,M,4327359.0,540048.0,13
201700010939,17,12,4,1825,5,2,1,1.0,2.0,13055,M,4328269.0,540250.0,13
201700010940,17,12,4,2045,5,2,1,1.0,1.0,13055,M,4327527.0,538435.0,13
201700010941,17,12,5,730,1,2,3,1.0,2.0,13055,M,4328488.0,539058.0,13
201700010942,17,12,5,710,2,1,1,9.0,6.0,13002,M,4337117.0,553519.0,13
201700010943,17,12,4,1820,5,2,1,1.0,3.0,13055,M,4326947.0,542128.0,13
201700010944,17,12,5,1430,1,2,1,1.0,1.0,13055,M,4335308.0,541761.0,13
201700010945,17,12,5,1700,1,2,1,1.0,6.0,13055,M,4327970.0,542440.0,13
201700010946,17,12,6,810,1,2,1,9.0,2.0,13055,M,4330763.0,541825.0,13
201700010947,17,12,6,1230,1,2,1,1.0,2.0,13055,M,4330040.0,550299.0,13
201700010948,17,12,6,1515,1,2,1,1.0,6.0,13055,M,4328560.0,544206.0,13
201700010949,17,12,6,1725,5,2,1,1.0,7.0,13055,M,4323361.0,541153.0,13
201700010950,17,12,6,1915,5,2,1,1.0,3.0,13055,M,4327139.0,540181.0,13
201700010951,17,12,6,1125,1,2,1,1.0,3.0,13055,M,4337766.0,535649.0,13
201700010952,17,12,7,845,1,2,1,1.0,7.0,13055,M,4329005.0,547602.0,13
201700010953,17,12,7,1200,1,2,1,1.0,3.0,13055,M,4325840.0,538910.0,13
201700010954,17,12,7,1930,5,2,1,1.0,6.0,13055,M,4331416.0,543245.0,13
201700010955,17,12,8,1,5,2,2,1.0,3.0,13055,M,4327953.0,539345.0,13
201700010956,17,12,8,750,1,2,1,2.0,5.0,13055,M,4335872.0,532574.0,13
201700010957,17,12,8,915,1,2,1,2.0,4.0,13055,M,4328276.0,543218.0,13
201700010958,17,12,8,1115,1,2,1,2.0,5.0,13055,M,4332554.0,538041.0,13
201700010959,17,12,8,1140,1,2,1,2.0,6.0,13055,M,4328407.0,538481.0,13
201700010960,17,12,8,1345,1,2,1,1.0,2.0,13055,M,4326574.0,539513.0,13
201700010961,17,12,8,1750,5,2,1,1.0,6.0,13055,M,4332457.0,544248.0,13
201700010962,17,12,8,1745,1,2,1,1.0,6.0,13055,M,4330642.0,537309.0,13
201700010963,17,12,8,1930,5,2,1,1.0,3.0,13055,M,4326811.0,537139.0,13
201700010964,17,12,9,750,1,2,1,1.0,7.0,13055,M,4330553.0,537315.0,13
201700010965,17,12,9,950,1,2,3,1.0,3.0,13075,M,4335651.0,546659.0,13
201700010966,17,12,5,720,1,2,1,1.0,3.0,13055,M,4335821.0,544096.0,13
201700010967,17,12,9,1430,1,2,1,1.0,6.0,13055,M,4333242.0,541973.0,13
201700010968,17,12,9,1715,5,2,1,1.0,3.0,13055,M,4329707.0,540032.0,13
201700010969,17,12,9,1700,1,2,2,1.0,3.0,13055,M,4328751.0,537697.0,13
201700010970,17,12,9,1230,1,2,1,1.0,6.0,13055,M,4333071.0,542772.0,13
201700010971,17,12,9,1846,5,2,3,1.0,2.0,13055,M,4329122.0,538302.0,13
201700010972,17,12,9,2340,5,2,1,1.0,2.0,13055,M,4330506.0,551212.0,13
201700010973,17,12,10,840,1,2,1,2.0,3.0,13055,M,4330430.0,541336.0,13
201700010974,17,12,5,1745,5,2,1,1.0,2.0,13055,M,4333507.0,543304.0,13
201700010975,17,12,11,1215,1,2,9,2.0,3.0,13055,M,4329603.0,544354.0,13
201700010976,17,12,11,1410,1,2,1,3.0,6.0,13055,M,4329858.0,538802.0,13
201700010977,17,12,11,1500,1,2,1,2.0,6.0,13055,M,4326262.0,539310.0,13
201700010978,17,12,11,1645,1,2,3,2.0,3.0,13055,M,4328924.0,542746.0,13
201700010979,17,12,11,1600,1,2,1,2.0,2.0,13055,M,4329739.0,547827.0,13
201700010980,17,12,11,1645,1,2,1,2.0,3.0,13055,M,4327823.0,538321.0,13
201700010981,17,12,11,1650,1,2,2,8.0,3.0,13055,M,4324787.0,538387.0,13
201700010982,17,12,11,1930,5,2,1,1.0,1.0,13055,M,4327408.0,541903.0,13
201700010983,17,12,12,830,1,2,3,1.0,2.0,13055,M,4330145.0,545769.0,13
201700010984,17,12,6,1720,1,2,1,1.0,2.0,13055,M,4329070.0,537151.0,13
201700010985,17,12,12,830,1,2,3,1.0,3.0,13055,M,4330799.0,543208.0,13
201700010986,17,12,12,915,1,2,1,1.0,6.0,13055,M,4328883.0,538772.0,13
201700010987,17,12,12,1400,1,2,1,1.0,3.0,13055,M,4332643.0,541007.0,13
201700010988,17,12,12,1545,1,2,1,1.0,6.0,13055,M,4329903.0,538564.0,13
201700010989,17,12,12,1650,1,2,1,1.0,3.0,13055,M,,,13
201700010990,17,12,12,1625,1,2,1,1.0,6.0,13055,M,4326532.0,537319.0,13
201700010991,17,12,13,1150,1,2,1,1.0,5.0,13055,M,4331137.0,544296.0,13
201700010992,17,12,13,1020,1,1,1,1.0,6.0,13002,M,4337102.0,550788.0,13
201700010993,17,12,13,1545,1,2,1,1.0,3.0,13055,M,4337666.0,535629.0,13
201700010994,17,12,13,2030,5,2,1,2.0,6.0,13055,M,4330046.0,538638.0,13
201700010995,17,12,1,1409,1,2,1,8.0,7.0,13055,M,4330204.0,537177.0,13
201700010996,17,12,14,745,1,2,1,1.0,2.0,13055,M,4328766.0,550797.0,13
201700010997,17,12,14,1030,1,2,3,1.0,3.0,13055,M,4327697.0,543887.0,13
201700010998,17,12,14,1450,1,2,1,1.0,2.0,13055,M,4328333.0,549802.0,13
201700010999,17,12,14,1740,5,2,1,1.0,2.0,13055,M,4326069.0,538710.0,13
201700011000,17,12,15,1400,1,2,1,1.0,3.0,13055,M,4329907.0,538287.0,13
201700011001,17,12,15,1640,1,2,1,1.0,1.0,13055,M,4327214.0,541064.0,13
201700011002,17,12,15,1725,5,2,1,1.0,3.0,13055,M,4334195.0,544423.0,13
201700011003,17,12,16,130,3,2,1,1.0,1.0,13055,M,4328367.0,539927.0,13