Num_Acc,an,mois,jour,hrmn,lum,agg,int,atm,col,com,gps,lat,long,dep
201700011004,17,12,15,2330,5,2,1,1.0,3.0,13055,M,4327594.0,541742.0,13
201700011005,17,12,16,110,5,2,1,1.0,2.0,13106,M,4340051.0,535639.0,13
201700011006,17,12,17,130,5,2,1,6.0,2.0,13055,M,4325036.0,537539.0,13
201700011007,17,12,17,220,5,2,2,1.0,3.0,13055,M,4329220.0,537728.0,13
201700011008,17,12,17,355,5,2,1,1.0,6.0,13055,M,4328343.0,539936.0,13
201700011009,17,12,17,1745,5,2,1,1.0,6.0,13055,M,4334940.0,535990.0,13
201700011010,17,12,17,2045,5,2,3,1.0,3.0,13055,M,4329879.0,540084.0,13
201700011011,17,12,17,2240,5,2,3,1.0,3.0,13055,M,4331914.0,545923.0,13
201700011012,17,12,18,745,1,2,1,1.0,3.0,13055,M,4335331.0,537189.0,13
201700011013,17,12,18,1100,1,2,3,2.0,3.0,13055,M,4327134.0,538918.0,13
201700011014,17,12,18,1238,1,2,2,1.0,3.0,13055,M,4330397.0,542572.0,13
201700011015,17,12,18,1710,2,2,1,1.0,2.0,13055,M,4326890.0,536838.0,13
201700011016,17,12,18,1935,5,2,2,1.0,3.0,13055,M,4330293.0,540079.0,13
201700011017,17,12,18,2230,5,2,1,1.0,1.0,13055,M,4338201.0,535794.0,13
201700011018,17,12,19,140,5,2,3,1.0,6.0,13055,M,4329234.0,539689.0,13
201700011019,17,12,18,1000,1,2,2,2.0,3.0,13055,M,4329373.0,537498.0,13
201700011020,17,12,19,1055,1,2,1,1.0,6.0,13055,M,4324722.0,539667.0,13
201700011021,17,12,19,805,1,2,3,1.0,3.0,13055,M,4336113.0,536335.0,13
201700011022,17,12,19,1315,1,1,1,1.0,3.0,13055,M,4331210.0,536181.0,13
201700011023,17,12,19,1530,1,2,1,1.0,6.0,13055,M,4330407.0,542341.0,13
201700011024,17,12,19,1700,2,2,1,1.0,6.0,13055,M,4328990.0,537644.0,13
201700011025,17,12,19,1630,2,2,1,1.0,2.0,13055,M,4328119.0,539011.0,13
201700011026,17,12,19,2055,5,2,1,1.0,6.0,13055,M,4329546.0,539078.0,13
201700011027,17,12,20,1105,1,2,1,1.0,7.0,13055,M,4330966.0,544130.0,13
201700011028,17,12,19,1900,5,2,1,1.0,4.0,13055,M,4327380.0,539060.0,13
201700011029,17,12,20,1215,1,2,1,1.0,6.0,13055,M,4328925.0,538734.0,13
201700011030,17,12,20,1340,1,2,1,8.0,3.0,13055,M,4331623.0,536944.0,13
201700011031,17,12,20,1340,1,2,1,1.0,2.0,13055,M,4329220.0,540100.0,13
201700011032,17,12,20,1930,5,2,1,1.0,1.0,13055,M,4326636.0,538141.0,13
201700011033,17,12,20,1700,5,2,1,1.0,6.0,13055,M,4325635.0,538246.0,13
201700011034,17,12,21,910,1,2,1,1.0,7.0,13055,M,4327841.0,538796.0,13
201700011035,17,12,21,1015,1,1,1,1.0,3.0,13055,M,4329380.0,548038.0,13
201700011036,17,12,21,1200,1,2,1,1.0,2.0,13055,M,4327746.0,542750.0,13
201700011037,17,12,21,1610,1,2,1,1.0,3.0,13055,M,4334647.0,536679.0,13
201700011038,17,12,18,2030,5,2,1,1.0,2.0,13055,M,4328600.0,538490.0,13
201700011039,17,12,21,1945,5,2,3,1.0,3.0,13055,M,4326175.0,541443.0,13
201700011040,17,12,22,1412,1,2,1,1.0,6.0,13055,M,4331436.0,540643.0,13
201700011041,17,12,22,1205,1,2,1,1.0,3.0,13055,M,4328211.0,537712.0,13
201700011042,17,12,22,1525,1,2,1,1.0,4.0,13055,M,4332998.0,539298.0,13
201700011043,17,12,22,1400,1,2,1,1.0,6.0,13055,M,4329179.0,537747.0,13
201700011044,17,12,22,1655,2,2,1,1.0,6.0,13055,M,4327208.0,543087.0,13
201700011045,17,12,23,730,2,2,1,1.0,6.0,13055,M,4331286.0,538282.0,13
201700011046,17,12,23,850,1,2,1,1.0,6.0,13055,M,4327098.0,542483.0,13
201700011047,17,12,23,1020,1,2,1,1.0,6.0,13055,M,4325067.0,539538.0,13
201700011048,17,12,23,1430,1,2,1,1.0,2.0,13055,M,4331818.0,539115.0,13
201700011049,17,12,24,455,5,2,1,1.0,6.0,13055,M,4327975.0,539941.0,13
201700011050,17,12,24,1246,1,2,2,1.0,3.0,13055,M,4329727.0,538012.0,13
201700011051,17,12,21,1950,5,2,1,1.0,2.0,13055,M,4327759.0,538347.0,13
201700011052,17,12,24,1450,1,2,2,7.0,6.0,13055,M,4333143.0,537471.0,13
201700011053,17,12,24,1745,2,2,1,1.0,2.0,13055,M,4328964.0,536504.0,13
201700011054,17,12,25,100,5,2,1,1.0,6.0,13055,M,4327362.0,538514.0,13
201700011055,17,12,25,620,3,2,1,1.0,6.0,13055,M,,,13
201700011056,17,12,25,1650,2,2,1,2.0,7.0,13055,M,4324680.0,538357.0,13
201700011057,17,12,25,1930,3,1,1,8.0,1.0,13055,M,4323994.0,545665.0,13
201700011058,17,12,26,1040,1,1,1,1.0,6.0,13055,M,4324603.0,544573.0,13
201700011059,17,12,26,1525,1,2,1,1.0,6.0,13055,M,4330814.0,538134.0,13
201700011060,17,12,26,1420,1,2,3,1.0,3.0,13055,M,4332778.0,535992.0,13
201700011061,17,12,26,2000,5,2,1,1.0,6.0,13055,M,4331492.0,544087.0,13
201700011062,17,12,27,140,5,2,1,2.0,6.0,13055,M,4330133.0,550462.0,13
201700011063,17,12,27,540,5,2,6,2.0,2.0,13055,M,4327266.0,539144.0,13
201700011064,17,12,27,730,2,2,3,3.0,2.0,13055,M,4332912.0,543091.0,13
201700011065,17,12,23,1745,2,2,1,1.0,2.0,13055,M,4329089.0,544251.0,13
201700011066,17,12,27,1600,1,2,1,1.0,2.0,13055,M,4326388.0,537750.0,13
201700011067,17,12,27,1745,5,2,1,1.0,3.0,13055,M,4327636.0,543627.0,13
201700011068,17,12,27,1800,5,2,1,1.0,6.0,13055,M,4328961.0,548135.0,13
201700011069,17,12,28,810,2,2,1,1.0,1.0,13055,M,4332659.0,536084.0,13
201700011070,17,12,23,1040,1,2,1,1.0,3.0,13055,M,4334088.0,536270.0,13
201700011071,17,12,29,1130,1,2,6,1.0,6.0,13075,M,4334376.0,546396.0,13
201700011072,17,12,29,1415,1,2,1,3.0,2.0,13055,M,4333929.0,535652.0,13
201700011073,17,12,29,1645,2,2,1,2.0,2.0,13055,M,4330633.0,537276.0,13
201700011074,17,12,30,545,5,2,1,2.0,6.0,13055,M,4329215.0,544588.0,13
201700011075,17,12,30,725,5,2,1,2.0,3.0,13055,M,4337121.0,535612.0,13
201700011076,17,12,30,1510,1,2,1,1.0,2.0,13055,M,4331301.0,536643.0,13
201700011077,17,12,30,2310,5,2,1,1.0,3.0,13055,M,4330727.0,550897.0,13
201700011078,17,12,31,615,5,2,1,1.0,2.0,13055,M,4328024.0,538692.0,13
201700011079,17,12,31,1315,1,2,2,1.0,3.0,13055,M,4331283.0,541796.0,13
201700011080,17,11,11,950,1,2,2,1.0,3.0,13039,M,4345053.0,493887.0,13
201700011081,17,11,13,1125,1,2,1,1.0,6.0,13039,M,4345628.0,494146.0,13
201700011082,17,11,11,2030,5,2,1,1.0,1.0,13056,M,4342177.0,505291.0,13
201700011083,17,11,10,2105,3,1,1,1.0,7.0,13039,M,4346150.0,491997.0,13
201700011084,17,10,7,1710,1,2,1,1.0,3.0,13056,M,4339676.0,508752.0,13
201700011085,17,10,5,1800,1,2,1,1.0,3.0,13077,M,4340515.0,498325.0,13
201700011086,17,10,2,1150,1,1,1,1.0,4.0,13026,M,4339103.0,514426.0,13
201700011087,17,3,17,20,5,2,1,1.0,1.0,13056,M,4339881.0,505230.0,13
201700011088,17,1,4,1625,1,2,1,1.0,6.0,13056,M,4340600.0,504710.0,13
201700011089,17,12,9,1240,1,1,1,1.0,4.0,13039,M,4347158.0,495166.0,13
201700011090,17,1,5,940,1,2,3,1.0,3.0,13077,M,4341124.0,499780.0,13
201700011091,17,12,2,1020,1,1,1,1.0,1.0,13056,M,4341125.0,502388.0,13
201700011092,17,1,10,726,1,2,1,1.0,3.0,13026,M,4338040.0,517400.0,13
201700011093,17,1,13,720,2,1,1,1.0,2.0,13039,M,4348757.0,488470.0,13
201700011094,17,1,26,1125,1,2,1,1.0,6.0,13077,M,4341040.0,499060.0,13
201700011095,17,1,20,1900,1,1,1,1.0,2.0,13039,M,,,13
201700011096,17,2,3,2240,3,1,1,1.0,3.0,13077,M,,,13
201700011097,17,2,10,2140,5,2,1,1.0,2.0,13056,M,4341269.0,505066.0,13
201700011098,17,2,20,1600,1,2,1,1.0,6.0,13056,M,4340871.0,505639.0,13
201700011099,17,2,4,2000,5,2,9,1.0,3.0,13056,M,4342178.0,505267.0,13
201700011100,17,2,5,1605,1,2,1,1.0,2.0,13056,M,4340329.0,505103.0,13
201700011101,17,5,13,640,2,2,1,1.0,1.0,13039,M,4345174.0,493968.0,13
201700011102,17,2,22,1800,1,2,1,1.0,3.0,13056,M,4339596.0,505799.0,13
201700011103,17,4,10,750,1,1,1,1.0,6.0,13056,M,4338410.0,502020.0,13
201700011104,17,3,3,1630,1,1,1,1.0,2.0,13039,M,4349300.0,487819.0,13
201700011105,17,3,17,1715,1,1,1,1.0,7.0,13039,M,4344520.0,491570.0,13
201700011106,17,3,22,1000,1,1,1,1.0,2.0,13077,M,4342762.0,500316.0,13
201700011107,17,3,22,1135,1,2,1,1.0,2.0,13056,M,4341980.0,505430.0,13
201700011108,17,4,25,800,1,2,1,1.0,2.0,13026,M,4339290.0,515055.0,13
201700011109,17,4,3,803,1,1,1,1.0,2.0,13039,M,4348411.0,488959.0,13
201700011110,17,4,5,1105,1,1,1,1.0,3.0,13077,M,4342240.0,497666.0,13
201700011111,17,6,29,1532,1,2,1,1.0,3.0,13056,M,4341040.0,503120.0,13
201700011112,17,7,15,240,5,2,1,1.0,2.0,13056,M,4341610.0,505663.0,13
201700011113,17,5,6,5,5,2,1,2.0,6.0,13039,M,4345550.0,494396.0,13
201700011114,17,6,26,1200,1,1,1,1.0,2.0,13077,M,4341342.0,499815.0,13
201700011115,17,6,27,648,2,2,1,1.0,6.0,13039,M,4346031.0,494370.0,13
201700011116,17,6,11,1650,1,2,9,1.0,6.0,13077,M,4341344.0,498567.0,13
201700011117,17,6,15,755,1,1,6,1.0,2.0,13039,M,4348630.0,488657.0,13
201700011118,17,7,5,1845,1,2,1,1.0,3.0,13039,M,4344101.0,494701.0,13
201700011119,17,7,24,1550,1,2,1,1.0,6.0,13056,M,4339903.0,506468.0,13
201700011120,17,7,10,915,1,2,1,1.0,6.0,13077,M,4340690.0,498540.0,13
201700011121,17,9,26,40,3,1,6,1.0,7.0,13039,M,4346124.0,492006.0,13
201700011122,17,8,11,1850,1,2,1,1.0,3.0,13026,M,4338625.0,515339.0,13
201700011123,17,11,7,2315,3,1,1,1.0,1.0,13056,M,4337374.0,506332.0,13
201700011124,17,9,4,1435,1,1,1,1.0,2.0,13039,M,4346950.0,493970.0,13
201700011125,17,9,9,1030,1,2,1,1.0,2.0,13026,M,4339737.0,511359.0,13
201700011126,17,9,18,1604,1,1,1,2.0,1.0,13056,M,4340387.0,502413.0,13
201700011127,17,9,23,450,5,2,1,1.0,6.0,13077,M,4340871.0,500168.0,13
201700011128,17,9,20,815,2,1,1,1.0,5.0,13039,M,4343595.0,492555.0,13
201700011129,17,9,18,1800,2,1,1,1.0,4.0,13039,M,4348444.0,487652.0,13
201700011130,17,9,28,1938,5,2,1,2.0,6.0,13056,M,4341281.0,505068.0,13
201700011131,17,9,25,1803,2,1,1,1.0,6.0,13039,M,4342612.0,485287.0,13
201700011132,17,9,7,1930,1,2,1,1.0,6.0,13026,M,4338870.0,514758.0,13
201700011133,17,12,8,1110,1,2,1,8.0,1.0,13056,M,4341870.0,502400.0,13
201700011134,17,11,15,600,3,1,1,1.0,6.0,13039,M,4347664.0,489919.0,13
201700011135,17,3,8,1310,1,2,1,1.0,6.0,13103,M,,,13
201700011136,17,5,19,1940,1,1,1,1.0,1.0,13103,M,4364049.0,505795.0,13
201700011137,17,7,13,1845,1,1,9,1.0,2.0,13103,M,,,13
201700011138,17,7,20,1920,1,1,3,1.0,3.0,13103,M,4366879.0,507623.0,13
201700011139,17,8,4,225,3,1,1,1.0,6.0,13103,M,,,13
201700011140,17,9,2,1130,1,2,1,1.0,3.0,13103,M,4362867.0,510317.0,13
201700011141,17,9,4,1855,1,2,1,1.0,6.0,13103,M,4363927.0,508708.0,13
201700011142,17,10,4,630,3,1,1,8.0,7.0,13103,M,4364616.0,501982.0,13
201700011143,17,11,7,735,1,2,1,1.0,6.0,13103,M,4364035.0,510277.0,13
201700011144,17,11,10,2230,5,2,3,1.0,1.0,13103,M,4364043.0,505353.0,13
201700011145,17,11,25,1450,1,1,1,1.0,1.0,13103,M,4366210.0,509579.0,13
201700011146,17,1,5,2300,3,2,1,1.0,6.0,13108,M,4381975.0,465179.0,13
201700011147,17,12,23,1415,1,2,2,1.0,3.0,30032,M,4380148.0,461454.0,30
201700011148,17,1,19,2100,3,1,1,1.0,1.0,13108,M,4382403.0,469411.0,13
201700011149,17,12,24,1930,3,1,2,1.0,3.0,13108,M,,,13
201700011150,17,3,22,2030,2,1,6,1.0,7.0,13108,M,4376851.0,469110.0,13
201700011151,17,3,22,1525,1,1,3,1.0,3.0,13108,M,4380459.0,469731.0,13
201700011152,17,5,12,1900,1,2,1,1.0,6.0,13108,M,4380270.0,465810.0,13
201700011153,17,6,7,1149,1,1,3,1.0,3.0,13108,M,4378830.0,468500.0,13
201700011154,17,6,15,1755,1,1,1,1.0,7.0,13108,M,4376746.0,469353.0,13
201700011155,17,6,19,1230,1,1,1,1.0,1.0,13108,M,4374518.0,467631.0,13
201700011156,17,6,21,830,1,1,1,1.0,7.0,30032,M,4383359.0,461996.0,30
201700011157,17,7,24,1320,1,2,1,1.0,6.0,13108,M,4380590.0,466390.0,13
201700011158,17,7,28,1135,1,2,6,1.0,6.0,30032,M,4380686.0,463820.0,30
201700011159,17,8,7,825,1,1,9,1.0,3.0,13108,M,4379010.0,465920.0,13
201700011160,17,9,9,2105,3,1,1,1.0,1.0,30032,M,4380860.0,461058.0,30
201700011161,17,9,19,1310,1,2,1,1.0,6.0,30032,M,4381047.0,463991.0,30
201700011162,17,10,8,1635,1,2,3,1.0,3.0,30032,M,4381259.0,462877.0,30
201700011163,17,10,20,1700,1,1,3,1.0,3.0,30032,M,4381371.0,461101.0,30
201700011164,17,11,3,1820,5,2,1,1.0,6.0,30032,M,4380472.0,464702.0,30
201700011165,17,11,12,1145,1,1,1,1.0,1.0,30032,M,4382267.0,459860.0,30
201700011166,17,1,4,1730,2,1,1,1.0,4.0,13019,M,,,13
201700011167,17,1,6,1805,5,2,1,1.0,6.0,13117,M,4344241.0,525267.0,13
201700011168,17,1,10,1100,1,1,1,2.0,2.0,13117,M,4344897.0,523040.0,13
201700011169,17,1,11,845,1,2,3,1.0,3.0,13071,M,4338346.0,534488.0,13
201700011170,17,1,17,900,1,2,1,1.0,1.0,13117,M,4342988.0,527280.0,13
201700011171,17,1,17,1850,3,1,1,1.0,5.0,13019,M,4345672.0,532966.0,13
201700011172,17,1,19,830,1,2,1,1.0,5.0,13117,M,4343568.0,524205.0,13
201700011173,17,1,19,1645,1,2,1,1.0,2.0,13071,M,4341328.0,535755.0,13
201700011174,17,1,21,1600,1,2,1,1.0,3.0,13117,M,4343048.0,526440.0,13
201700011175,17,1,22,1500,1,2,1,1.0,3.0,13071,M,4341811.0,536709.0,13
201700011176,17,1,23,1715,2,2,2,8.0,3.0,13117,M,4342846.0,524955.0,13
201700011177,17,1,25,2000,3,1,1,1.0,7.0,13019,M,4345694.0,532968.0,13
201700011178,17,1,26,1730,2,2,1,4.0,3.0,13117,M,4343895.0,525441.0,13
201700011179,17,1,27,200,5,2,1,1.0,6.0,13071,M,,,13
201700011180,17,1,22,2310,3,1,1,2.0,2.0,13117,M,4342700.0,525320.0,13
201700011181,17,1,28,1720,2,2,6,1.0,2.0,13071,M,4340926.0,532465.0,13
201700011182,17,1,29,1100,1,2,1,1.0,1.0,13117,M,,,13
201700011183,17,1,29,335,3,1,1,9.0,7.0,13117,M,4344328.0,524169.0,13
201700011184,17,2,5,1520,1,1,1,8.0,6.0,13117,M,4342479.0,523653.0,13
201700011185,17,2,5,1430,1,1,1,1.0,6.0,13117,M,4344059.0,524834.0,13
201700011186,17,2,9,1800,2,2,1,2.0,3.0,13071,M,4337653.0,535328.0,13
201700011187,17,2,14,1815,2,2,1,1.0,1.0,13071,M,4340878.0,532015.0,13
201700011188,17,2,15,1300,1,2,1,1.0,2.0,13117,M,,,13
201700011189,17,2,15,2300,3,1,1,1.0,6.0,13071,M,4340855.0,532637.0,13
201700011190,17,2,16,1040,1,2,1,1.0,3.0,13117,M,,,13
201700011191,17,2,17,250,3,1,1,1.0,5.0,13117,M,,,13
201700011192,17,2,20,1820,3,1,1,1.0,4.0,13117,M,4341954.0,527092.0,13
201700011193,17,2,21,1420,1,2,1,1.0,4.0,13117,M,,,13
201700011194,17,2,22,640,1,2,1,1.0,6.0,13117,M,4343268.0,524649.0,13
201700011195,17,2,22,1525,1,2,6,1.0,3.0,13117,M,4347064.0,523141.0,13
201700011196,17,2,24,1530,1,2,1,1.0,6.0,13117,M,4344237.0,525270.0,13
201700011197,17,2,26,1430,1,1,1,1.0,2.0,13019,M,4342191.0,536809.0,13
201700011198,17,2,27,800,1,2,1,1.0,3.0,13117,M,4346849.0,523340.0,13
201700011199,17,2,28,1100,1,2,1,1.0,3.0,13071,M,4338183.0,534645.0,13
201700011200,17,3,3,1330,1,2,1,1.0,3.0,13117,M,4342997.0,524913.0,13
201700011201,17,3,5,200,3,1,1,1.0,2.0,13117,M,4344350.0,529692.0,13
201700011202,17,3,4,2015,3,2,1,1.0,6.0,13117,M,4342834.0,527138.0,13
201700011203,17,3,5,1700,1,1,1,1.0,6.0,13019,M,,,13
201700011204,17,3,5,1815,2,1,1,1.0,6.0,13117,M,4344921.0,529755.0,13
201700011205,17,3,6,1000,1,2,1,2.0,3.0,13117,M,,,13
201700011206,17,3,11,215,3,1,1,1.0,2.0,13071,M,4341279.0,530200.0,13
201700011207,17,3,11,830,1,2,7,1.0,1.0,13117,M,4344734.0,524900.0,13
201700011208,17,3,10,1950,1,1,1,1.0,6.0,13117,M,4343614.0,525826.0,13
201700011209,17,3,11,1845,2,1,1,1.0,3.0,13071,M,4341116.0,531215.0,13
201700011210,17,3,12,450,5,1,1,1.0,6.0,13071,M,4341116.0,531228.0,13
201700011211,17,3,13,1335,1,2,1,1.0,4.0,13117,M,4342764.0,525898.0,13
201700011212,17,3,15,1115,1,2,1,1.0,3.0,13071,M,4341119.0,531227.0,13
201700011213,17,3,17,1245,1,2,3,1.0,2.0,13117,M,4343624.0,525811.0,13
201700011214,17,3,20,2030,5,2,1,1.0,6.0,13071,M,4339155.0,534381.0,13
201700011215,17,3,24,1245,1,2,2,1.0,3.0,13117,M,4342473.0,523563.0,13
201700011216,17,3,29,750,1,2,1,1.0,2.0,13071,M,4338873.0,534503.0,13
201700011217,17,3,30,800,1,1,3,1.0,5.0,13019,M,4344486.0,537239.0,13
201700011218,17,3,31,2130,5,1,1,1.0,6.0,13071,M,4340578.0,528473.0,13
201700011219,17,4,3,745,1,1,6,1.0,6.0,13117,M,4347061.0,523140.0,13
201700011220,17,4,3,1950,1,2,3,1.0,4.0,13054,M,4341720.0,522314.0,13
201700011221,17,4,4,1215,1,1,1,1.0,2.0,13071,M,4340339.0,527775.0,13
201700011222,17,4,5,820,1,1,3,1.0,3.0,13117,M,,,13
201700011223,17,3,31,1755,1,2,2,1.0,3.0,13054,M,4341563.0,521065.0,13
201700011224,17,4,5,1710,1,2,3,3.0,2.0,13054,M,4341720.0,522314.0,13
201700011225,17,4,5,2000,2,1,1,8.0,7.0,13019,M,4343092.0,536726.0,13
201700011226,17,4,11,1300,1,1,1,1.0,3.0,13102,M,4341625.0,526528.0,13
201700011227,17,4,5,1800,1,2,1,3.0,3.0,13117,M,4346678.0,523718.0,13
201700011228,17,4,12,730,1,1,6,1.0,4.0,13043,M,4339517.0,521946.0,13
201700011229,17,4,12,825,1,1,2,1.0,3.0,13043,M,4339487.0,520698.0,13
201700011230,17,4,13,1730,1,1,6,1.0,2.0,13117,M,4347061.0,523139.0,13
201700011231,17,4,14,915,1,1,1,1.0,2.0,13117,M,,,13
201700011232,17,4,14,1000,1,2,1,1.0,7.0,13054,M,4343570.0,519946.0,13
201700011233,17,4,17,1930,1,2,1,1.0,3.0,13071,M,4341672.0,536663.0,13
201700011234,17,4,18,1510,1,1,1,1.0,3.0,13043,M,4339774.0,525485.0,13
201700011235,17,4,19,1800,1,1,3,1.0,3.0,13071,M,4341536.0,529692.0,13
201700011236,17,4,20,850,1,1,1,1.0,4.0,13019,M,4346257.0,533696.0,13
201700011237,17,4,21,1340,1,1,1,1.0,3.0,13081,M,4347681.0,522775.0,13
201700011238,17,4,21,1700,1,1,1,1.0,4.0,13117,M,4343347.0,525664.0,13
201700011239,17,4,22,1300,1,2,3,1.0,3.0,13102,M,4341605.0,523144.0,13
201700011240,17,4,23,1738,1,1,2,1.0,2.0,13071,M,4340339.0,527771.0,13
201700011241,17,4,24,1625,1,1,1,1.0,7.0,13117,M,4344441.0,529780.0,13
201700011242,17,4,24,1750,1,2,6,1.0,2.0,13117,M,4344385.0,524593.0,13
201700011243,17,4,25,1255,1,1,1,1.0,1.0,13019,M,4345557.0,538566.0,13
201700011244,17,4,26,1425,1,1,1,2.0,7.0,13019,M,4342902.0,536752.0,13
201700011245,17,4,29,2320,3,1,1,1.0,2.0,13117,M,4343856.0,528537.0,13
201700011246,17,5,2,1045,1,2,1,1.0,2.0,13054,M,4341277.0,521748.0,13
201700011247,17,5,2,1130,1,2,1,2.0,6.0,13043,M,4338706.0,522222.0,13
201700011248,17,5,3,800,1,2,1,1.0,4.0,13043,M,4338280.0,522067.0,13
201700011249,17,5,3,1150,1,2,1,1.0,2.0,13117,M,4343502.0,524230.0,13
201700011250,17,5,4,540,5,2,2,1.0,3.0,13117,M,4344407.0,525166.0,13
201700011251,17,5,4,810,1,2,2,2.0,5.0,13117,M,4342720.0,523538.0,13
201700011252,17,5,4,1100,1,2,3,1.0,3.0,13102,M,4342136.0,522908.0,13
201700011253,17,5,5,715,1,1,1,1.0,4.0,13102,M,4342352.0,523206.0,13
201700011254,17,5,5,1340,1,1,1,1.0,6.0,13117,M,4342159.0,526823.0,13
201700011255,17,5,5,2300,5,2,1,1.0,2.0,13071,M,4339822.0,534217.0,13
201700011256,17,5,8,2115,5,1,1,1.0,7.0,13019,M,4341571.0,536747.0,13
201700011257,17,5,9,1030,1,1,1,1.0,3.0,13043,M,4340058.0,526601.0,13
201700011258,17,5,9,1625,1,1,2,1.0,3.0,13071,M,4341549.0,529645.0,13
201700011259,17,5,10,1245,1,1,1,8.0,3.0,13117,M,4342528.0,524887.0,13
201700011260,17,5,15,800,1,2,1,1.0,3.0,13117,M,4344018.0,525682.0,13
201700011261,17,5,16,1225,1,2,9,1.0,6.0,13117,M,4343070.0,526695.0,13
201700011262,17,5,16,1700,1,2,1,1.0,2.0,13071,M,4341122.0,530566.0,13
201700011263,17,5,22,1315,1,2,6,1.0,2.0,13071,M,4339945.0,533315.0,13
201700011264,17,5,20,1110,1,1,1,1.0,4.0,13071,M,4341416.0,534698.0,13
201700011265,17,5,28,520,5,2,4,1.0,6.0,13071,M,4341120.0,531232.0,13
201700011266,17,6,2,1630,1,1,1,1.0,1.0,13071,M,4341674.0,529253.0,13
201700011267,17,6,4,1800,1,2,3,1.0,3.0,13117,M,4343788.0,525638.0,13
201700011268,17,6,6,2000,1,2,3,1.0,6.0,13117,M,4344527.0,524478.0,13
201700011269,17,6,4,1040,1,2,1,1.0,6.0,13117,M,4342481.0,527182.0,13
201700011270,17,6,8,1610,1,1,1,1.0,4.0,13071,M,4341656.0,527848.0,13
201700011271,17,6,9,1030,1,2,1,1.0,2.0,13071,M,4341094.0,530809.0,13
201700011272,17,6,9,1630,1,2,1,1.0,2.0,13117,M,4342770.0,524967.0,13
201700011273,17,6,13,900,1,2,1,1.0,3.0,13071,M,4337900.0,534484.0,13
201700011274,17,6,12,1815,1,2,3,1.0,5.0,13117,M,4344605.0,524965.0,13
201700011275,17,6,13,1650,1,2,1,1.0,6.0,13117,M,4342610.0,528012.0,13
201700011276,17,6,13,1750,1,1,1,1.0,3.0,13117,M,4347303.0,522928.0,13
201700011277,17,6,17,1350,1,2,6,1.0,3.0,13019,M,4342020.0,535935.0,13
201700011278,17,6,17,1800,1,1,1,1.0,2.0,13019,M,4342491.0,538156.0,13
201700011279,17,6,18,135,3,2,2,1.0,3.0,13071,M,4338542.0,534555.0,13
201700011280,17,6,21,1720,1,1,1,1.0,6.0,13071,M,4339480.0,527420.0,13
201700011281,17,6,24,2230,3,1,1,1.0,6.0,13071,M,4340333.0,527740.0,13
201700011282,17,6,26,1005,1,2,1,1.0,6.0,13117,M,4343408.0,526128.0,13
201700011283,17,6,26,2115,1,2,2,1.0,6.0,13117,M,4344408.0,525168.0,13
201700011284,17,6,30,1945,1,2,1,1.0,4.0,13102,M,4341096.0,525204.0,13
201700011285,17,7,1,710,2,2,2,1.0,3.0,13117,M,4346857.0,523439.0,13
201700011286,17,7,2,650,2,2,1,1.0,6.0,13117,M,4342791.0,525623.0,13
201700011287,17,7,3,2150,3,1,6,1.0,1.0,13019,M,4342182.0,536740.0,13
201700011288,17,7,5,1815,1,2,6,1.0,3.0,13102,M,4341879.0,524514.0,13
201700011289,17,7,7,1930,2,1,1,7.0,1.0,13019,M,4342833.0,536983.0,13
201700011290,17,7,9,2010,1,2,2,1.0,1.0,13117,M,4343930.0,525566.0,13
201700011291,17,7,11,1705,1,1,1,1.0,3.0,13071,M,4340658.0,533037.0,13
201700011292,17,7,18,2150,5,1,1,1.0,5.0,13117,M,4342740.0,525500.0,13
201700011293,17,7,21,1220,1,1,1,1.0,1.0,13019,M,4345582.0,538463.0,13
201700011294,17,7,29,1300,1,2,2,1.0,1.0,13071,M,4338206.0,534631.0,13
201700011295,17,7,29,1710,1,2,2,1.0,3.0,13117,M,4342323.0,524108.0,13
201700011296,17,8,1,2215,3,1,1,1.0,1.0,13043,M,4338713.0,521531.0,13
201700011297,17,8,5,915,1,1,1,1.0,7.0,13043,M,4339486.0,522231.0,13
201700011298,17,8,17,1320,1,1,1,1.0,4.0,13019,M,4342102.0,536239.0,13
201700011299,17,8,17,1815,1,2,6,1.0,6.0,13019,M,4342031.0,536691.0,13
201700011300,17,8,25,1350,1,1,1,1.0,2.0,13117,M,4342768.0,526238.0,13
201700011301,17,8,27,1250,1,2,1,1.0,6.0,13019,M,4347202.0,535488.0,13
201700011302,17,8,28,2145,4,2,2,1.0,3.0,13054,M,4342111.0,520775.0,13
201700011303,17,8,28,1945,1,2,1,1.0,7.0,13117,M,4346000.0,523280.0,13
201700011304,17,9,2,1300,1,1,3,1.0,3.0,13117,M,4346850.0,523338.0,13
201700011305,17,9,6,2350,5,2,6,1.0,6.0,13117,M,4344455.0,524619.0,13
201700011306,17,9,7,1610,1,1,6,1.0,5.0,13071,M,4340976.0,532506.0,13
201700011307,17,9,9,1730,1,2,9,2.0,3.0,13117,M,4342721.0,523543.0,13
201700011308,17,9,11,735,1,2,1,1.0,6.0,13117,M,4345012.0,524546.0,13
201700011309,17,9,12,1615,1,1,1,1.0,2.0,13071,M,4341727.0,528767.0,13