Num_Acc,an,mois,jour,hrmn,lum,agg,int,atm,col,com,gps,lat,long,dep
201700011310,17,9,15,1315,1,1,9,1.0,3.0,13071,M,4340262.0,527533.0,13
201700011311,17,9,19,955,1,2,1,1.0,3.0,13071,M,4341000.0,530054.0,13
201700011312,17,10,1,1150,2,1,4,2.0,6.0,13117,M,4342731.0,526704.0,13
201700011313,17,9,23,715,2,2,3,1.0,3.0,13117,M,4342718.0,523538.0,13
201700011314,17,10,2,1940,5,1,1,1.0,3.0,13019,M,4345236.0,535889.0,13
201700011315,17,10,5,757,2,2,1,1.0,6.0,13071,M,4339842.0,533558.0,13
201700011316,17,10,16,745,1,2,1,1.0,3.0,13054,M,4341359.0,521145.0,13
201700011317,17,10,19,740,2,2,1,8.0,6.0,13117,M,4343240.0,524909.0,13
201700011318,17,10,20,2200,5,2,3,1.0,1.0,13054,M,4340228.0,522353.0,13
201700011319,17,10,28,1410,1,2,1,1.0,3.0,13071,M,4341095.0,530984.0,13
201700011320,17,10,29,2330,5,2,1,1.0,7.0,13071,M,4340849.0,531834.0,13
201700011321,17,10,31,1950,3,1,2,1.0,1.0,13054,M,4340290.0,521647.0,13
201700011322,17,11,1,1615,1,2,9,1.0,6.0,13071,M,4340898.0,532156.0,13
201700011323,17,11,5,1,5,2,1,3.0,6.0,13117,M,4344558.0,524700.0,13
201700011324,17,11,5,1430,1,2,2,6.0,3.0,13043,M,4338655.0,522230.0,13
201700011325,17,11,3,1830,5,2,1,1.0,6.0,13054,M,4341616.0,522776.0,13
201700011326,17,11,14,1500,1,1,1,1.0,2.0,13019,M,4343303.0,533819.0,13
201700011327,17,11,18,1015,1,1,1,1.0,3.0,13117,M,4341979.0,527144.0,13
201700011328,17,11,18,1700,2,2,2,1.0,3.0,13071,M,4341333.0,535831.0,13
201700011329,17,11,18,2140,3,1,6,1.0,3.0,13102,M,4342366.0,523199.0,13
201700011330,17,11,21,1730,5,1,1,1.0,3.0,13071,M,4340715.0,532995.0,13
201700011331,17,11,26,1445,1,2,1,1.0,4.0,13071,M,4341451.0,534950.0,13
201700011332,17,11,27,1400,1,2,1,1.0,2.0,13019,M,4343000.0,534000.0,13
201700011333,17,11,16,1430,1,2,1,1.0,2.0,13054,M,4342031.0,522680.0,13
201700011334,17,11,28,1930,5,2,1,1.0,6.0,13117,M,4344000.0,524000.0,13
201700011335,17,12,1,900,1,1,1,1.0,4.0,13043,M,4339492.0,521863.0,13
201700011336,17,12,11,910,1,2,1,3.0,6.0,13071,M,4338296.0,534535.0,13
201700011337,17,12,15,1700,5,2,1,1.0,5.0,13102,M,4341976.0,522999.0,13
201700011338,17,12,12,200,5,1,1,8.0,6.0,13071,M,4340920.0,532549.0,13
201700011339,17,12,20,1540,1,1,1,1.0,3.0,13071,M,4340887.0,532069.0,13
201700011340,17,12,21,820,1,1,1,8.0,2.0,13117,M,4343969.0,523400.0,13
201700011341,17,12,21,1830,5,2,9,1.0,6.0,13071,M,4341309.0,530194.0,13
201700011342,17,12,26,1830,5,2,3,1.0,2.0,13117,M,4342334.0,527349.0,13
201700011343,17,2,3,100,3,1,1,3.0,7.0,70018,M,4743837.0,564262.0,70
201700011344,17,1,9,1940,3,1,1,8.0,2.0,68266,M,4790352.0,736875.0,68
201700011345,17,1,15,37,3,1,1,8.0,2.0,68066,M,4808079.0,738458.0,68
201700011346,17,1,28,2350,3,1,1,1.0,2.0,68022,M,4780838.0,739243.0,68
201700011347,17,2,8,1050,1,1,1,8.0,2.0,68066,M,4807994.0,738475.0,68
201700011348,17,2,20,1315,1,1,1,1.0,6.0,68228,M,4792849.0,735972.0,68
201700011349,17,3,1,135,3,1,1,2.0,4.0,68295,M,4801056.0,737631.0,68
201700011350,17,3,28,1237,1,1,1,1.0,2.0,68234,M,4795519.0,736695.0,68
201700011351,17,3,29,850,1,1,1,1.0,5.0,68082,M,4787258.0,738756.0,68
201700011352,17,4,6,1620,1,1,1,1.0,6.0,68082,M,4786754.0,739022.0,68
201700011353,17,4,11,835,1,1,1,1.0,2.0,68028,M,4821034.0,740144.0,68
201700011354,17,4,14,300,3,1,1,8.0,6.0,68028,M,4821323.0,740232.0,68
201700011355,17,4,13,1230,1,1,1,1.0,6.0,68113,M,4819161.0,739419.0,68
201700011356,17,5,1,2120,3,1,1,1.0,6.0,68082,M,4785395.0,739431.0,68
201700011357,17,5,4,420,3,1,1,8.0,2.0,68082,M,4787595.0,738534.0,68
201700011358,17,5,17,1005,1,1,1,1.0,2.0,68234,M,4795047.0,736545.0,68
201700011359,17,5,29,1,3,1,1,1.0,2.0,68022,M,4782508.0,739367.0,68
201700011360,17,6,3,30,3,1,1,1.0,2.0,68082,M,4785327.0,739420.0,68
201700011361,17,6,7,245,3,1,1,1.0,5.0,68066,M,4805809.0,737810.0,68
201700011362,17,7,4,940,1,1,1,1.0,2.0,68295,M,4802627.0,737241.0,68
201700011363,17,7,4,1100,1,1,1,1.0,4.0,68252,M,4814370.0,736775.0,68
201700011364,17,8,7,740,1,1,1,1.0,2.0,68066,M,4806782.0,738429.0,68
201700011365,17,8,13,615,2,1,1,1.0,6.0,68022,M,4780802.0,739242.0,68
201700011366,17,8,17,1329,1,1,1,1.0,7.0,68252,M,4815596.0,737534.0,68
201700011367,17,9,2,220,3,1,1,1.0,6.0,68082,M,4786161.0,739260.0,68
201700011368,17,10,5,934,1,1,1,1.0,4.0,68066,M,4810540.0,738262.0,68
201700011369,17,10,30,1410,1,1,1,1.0,2.0,68241,M,4794208.0,736280.0,68
201700011370,17,10,11,800,1,1,1,1.0,5.0,68066,M,4808785.0,738331.0,68
201700011371,17,11,4,1258,1,1,1,1.0,3.0,68295,M,4804115.0,737059.0,68
201700011372,17,2,7,1625,1,1,1,1.0,3.0,78356,M,4874100.0,205230.0,78
201700011373,17,3,16,1430,1,1,1,1.0,1.0,78561,M,4873375.0,200874.0,78
201700011374,17,3,24,1840,1,1,1,2.0,7.0,78356,M,4873909.0,206286.0,78
201700011375,17,4,20,2020,1,1,1,1.0,2.0,78356,M,4874031.0,202299.0,78
201700011376,17,8,4,1555,1,2,1,1.0,3.0,78356,M,4875051.0,205142.0,78
201700011377,17,8,24,1840,1,1,1,1.0,7.0,78143,M,4873998.0,209552.0,78
201700011378,17,9,6,1400,1,2,1,8.0,2.0,78356,M,4872447.0,209306.0,78
201700011379,17,9,20,610,3,1,1,1.0,7.0,78356,M,4873890.0,206393.0,78
201700011380,17,11,15,1115,1,1,1,1.0,5.0,78356,M,4873061.0,207878.0,78
201700011381,17,9,25,1830,1,1,1,1.0,2.0,33393,M,4497403.0,-19109.0,33
201700011382,17,1,22,1215,1,1,1,1.0,6.0,72320,M,4805547.0,17669.0,72
201700011383,17,7,20,2005,1,1,1,1.0,2.0,72217,M,4805895.0,22442.0,72
201700011384,17,10,12,1500,1,2,1,1.0,2.0,72386,M,4802337.0,28149.0,72
201700011385,17,12,16,1935,3,1,1,1.0,2.0,72320,M,4804891.0,16271.0,72
201700011386,17,1,17,1130,1,2,1,1.0,1.0,95392,M,4907450.0,221690.0,95
201700011387,17,2,2,800,1,2,1,1.0,3.0,95394,M,4905470.0,219410.0,95
201700011388,17,6,13,750,1,2,1,1.0,4.0,95394,M,4905490.0,219530.0,95
201700011389,17,7,2,640,1,1,6,2.0,3.0,95308,M,4910530.0,212890.0,95
201700011390,17,7,15,1143,1,2,2,1.0,2.0,95256,M,4904840.0,220090.0,95
201700011391,17,11,18,1900,3,1,1,1.0,2.0,95308,M,4910520.0,212860.0,95
201700011392,17,1,1,1730,2,1,1,4.0,4.0,72056,M,,,72
201700011393,17,6,4,1645,1,1,1,1.0,6.0,72380,M,4823337.0,16347.0,72
201700011394,17,6,21,1110,1,1,1,7.0,6.0,72097,M,4829342.0,15371.0,72
201700011395,17,7,26,120,3,1,1,1.0,7.0,72024,M,4810257.0,14419.0,72
201700011396,17,11,25,1820,2,1,1,1.0,6.0,72290,M,4816262.0,14227.0,72
201700011397,17,11,29,1435,1,1,1,4.0,7.0,72036,M,4836454.0,9136.0,72
201700011398,17,1,6,745,2,1,1,5.0,6.0,49153,M,4720740.0,-65794.0,49
201700011399,17,3,2,959,1,1,1,1.0,7.0,49040,M,4734254.0,-110262.0,49
201700011400,17,3,6,740,1,1,1,6.0,4.0,49072,M,4718742.0,-100364.0,49
201700011401,17,6,21,1000,1,1,1,1.0,7.0,49099,M,4701633.0,-87783.0,49
201700011402,17,7,6,1515,1,1,1,1.0,3.0,49092,M,4724435.0,-67909.0,49
201700011403,17,9,1,1230,1,1,1,1.0,6.0,49092,M,4723970.0,-73123.0,49
201700011404,17,9,1,1013,1,1,1,1.0,1.0,49381,M,4706176.0,-72509.0,49
201700011405,17,10,7,208,3,1,1,1.0,2.0,49092,M,4724757.0,-69460.0,49
201700011406,17,11,27,1239,1,2,1,1.0,3.0,49355,M,4710204.0,-76588.0,49
201700011407,17,11,28,840,1,1,1,1.0,7.0,49263,M,4707934.0,-107084.0,49
201700011408,17,2,2,1350,1,1,1,1.0,6.0,24373,M,4467495.0,48723.0,24
201700011409,17,2,24,2130,3,1,1,1.0,1.0,24274,M,4480129.0,46979.0,24
201700011410,17,2,24,1200,1,1,1,1.0,1.0,24349,M,4482549.0,26850.0,24
201700011411,17,5,10,730,1,1,1,1.0,6.0,24274,M,4480703.0,47918.0,24
201700011412,17,6,27,2140,2,1,1,3.0,3.0,24274,M,4480919.0,47416.0,24
201700011413,17,7,24,638,2,1,1,2.0,2.0,24194,M,4483758.0,31945.0,24
201700011414,17,12,17,715,3,1,1,2.0,6.0,24383,M,4469766.0,52375.0,24
201700011415,17,12,21,720,2,1,1,1.0,7.0,24282,M,4472021.0,55813.0,24
201700011416,17,1,25,2020,3,1,1,9.0,7.0,68321,M,4781893.0,724722.0,68
201700011417,17,4,29,1155,1,2,6,1.0,3.0,68375,M,4780812.0,722427.0,68
201700011418,17,4,30,1415,1,2,3,1.0,3.0,68375,M,4778735.0,722522.0,68
201700011419,17,5,17,1630,1,2,3,1.0,1.0,68375,M,4780711.0,724434.0,68
201700011420,17,6,4,1750,1,2,1,1.0,6.0,68375,M,4779758.0,723185.0,68
201700011421,17,10,12,830,1,2,1,1.0,3.0,68375,M,4780716.0,723587.0,68
201700011422,17,12,13,1825,5,2,2,2.0,6.0,68375,M,4780858.0,723980.0,68
201700011423,17,1,24,915,1,1,1,1.0,2.0,19146,M,4532684.0,175562.0,19
201700011424,17,2,3,1630,1,1,1,4.0,6.0,19194,M,4530694.0,168166.0,19
201700011425,17,5,5,1308,1,1,1,1.0,6.0,19287,M,4536243.0,194236.0,19
201700011426,17,7,22,1530,1,1,6,1.0,3.0,19085,M,4532135.0,184923.0,19
201700011427,17,7,30,756,1,1,1,1.0,6.0,19146,M,4532095.0,174699.0,19
201700011428,17,8,5,615,2,1,1,1.0,6.0,19146,M,4531487.0,175046.0,19
201700011429,17,8,24,1400,1,1,1,1.0,6.0,19287,M,4537047.0,196056.0,19
201700011430,17,2,16,900,1,2,9,1.0,6.0,67388,M,4893224.0,766484.0,67
201700011431,17,3,27,1758,1,2,1,1.0,3.0,67558,M,4891787.0,758885.0,67
201700011432,17,4,30,1640,1,1,1,1.0,6.0,67340,M,4893549.0,760508.0,67
201700011433,17,4,27,1410,1,2,1,8.0,1.0,67176,M,4890709.0,765872.0,67
201700011434,17,6,23,1555,1,2,1,1.0,6.0,67324,M,4895195.0,764066.0,67
201700011435,17,8,8,645,2,2,1,1.0,1.0,67176,M,4890040.0,766132.0,67
201700011436,17,8,9,1900,1,2,1,1.0,3.0,67176,M,4890543.0,765551.0,67
201700011437,17,11,18,145,5,1,2,1.0,3.0,67176,M,4889465.0,765805.0,67
201700011438,17,12,8,2345,3,1,1,4.0,6.0,67358,M,4891235.0,755037.0,67
201700011439,17,12,11,1851,5,2,1,3.0,6.0,14118,M,4919799.0,-40109.0,14
201700011440,17,1,6,1245,1,2,6,1.0,6.0,14118,M,4921150.0,-35652.0,14
201700011441,17,1,15,305,5,2,1,1.0,6.0,14118,M,4918420.0,-35560.0,14
201700011442,17,1,23,955,1,2,1,7.0,6.0,14118,M,4918650.0,-38687.0,14
201700011443,17,1,23,1706,2,1,1,7.0,6.0,14341,M,4914600.0,-33961.0,14
201700011444,17,1,28,241,5,2,2,1.0,3.0,14118,M,4918300.0,-35810.0,14
201700011445,17,2,1,1216,1,2,1,2.0,6.0,14118,M,4918390.0,-37577.0,14
201700011446,17,2,7,1636,1,2,1,1.0,6.0,14118,M,4918760.0,-35756.0,14
201700011447,17,2,16,1735,1,2,1,1.0,3.0,14118,M,4918680.0,-38090.0,14
201700011448,17,2,22,1924,5,2,3,1.0,3.0,14118,M,4918570.0,-39832.0,14
201700011449,17,2,26,1608,1,2,3,1.0,3.0,14118,M,,,14
201700011450,17,3,25,1824,1,2,2,7.0,3.0,14118,M,4918840.0,-35969.0,14
201700011451,17,3,28,1701,1,2,1,2.0,6.0,14118,M,4919930.0,-38529.0,14
201700011452,17,4,3,1553,1,2,1,1.0,6.0,14118,M,,,14
201700011453,17,4,5,2007,2,2,1,1.0,3.0,14118,M,,,14
201700011454,17,4,7,143,3,2,1,1.0,6.0,14327,M,4920090.0,-32554.0,14
201700011455,17,4,12,1615,1,2,1,1.0,2.0,14327,M,4919060.0,-32078.0,14
201700011456,17,4,28,1030,1,2,1,1.0,2.0,14118,M,4919010.0,-34406.0,14
201700011457,17,5,15,1310,1,2,9,1.0,3.0,14118,M,4917229.0,38423.0,14
201700011458,17,5,8,403,5,2,1,1.0,6.0,14118,M,4920146.0,-37850.0,14
201700011459,17,5,17,800,1,2,1,1.0,6.0,14437,M,4916794.0,32833.0,14
201700011460,17,7,13,2333,5,2,1,1.0,3.0,14271,M,4915580.0,36951.0,14
201700011461,17,7,8,248,5,2,2,1.0,3.0,14118,M,4918597.0,33487.0,14
201700011462,17,7,20,1650,1,2,1,1.0,6.0,14118,M,4918721.0,-40376.0,14
201700011463,17,8,5,428,3,1,1,1.0,1.0,14221,M,4917299.0,27040.0,14
201700011464,17,8,7,1550,1,2,1,1.0,6.0,14118,M,4918329.0,36058.0,14
201700011465,17,8,1,1035,1,1,1,1.0,2.0,14587,M,4919416.0,40868.0,14
201700011466,17,8,4,530,5,2,1,1.0,6.0,14118,M,4919392.0,37009.0,14
201700011467,17,8,7,1000,1,2,1,1.0,6.0,14327,M,4920200.0,-33638.0,14
201700011468,17,10,22,900,1,1,1,1.0,1.0,14587,M,4919503.0,-43881.0,14
201700011469,17,9,18,1500,1,2,2,1.0,5.0,14118,M,4918221.0,-35973.0,14
201700011470,17,9,21,1120,1,2,6,1.0,3.0,14301,M,4917232.0,-28218.0,14
201700011471,17,9,22,1155,1,2,1,1.0,6.0,14118,M,4917914.0,-36654.0,14
201700011472,17,9,23,1437,1,2,1,1.0,6.0,14327,M,4920252.0,-33671.0,14
201700011473,17,9,27,1800,1,1,1,1.0,4.0,14118,M,4919566.0,-33865.0,14
201700011474,17,9,28,1900,1,2,6,1.0,6.0,14341,M,4913950.0,-34498.0,14
201700011475,17,10,23,2140,5,2,2,1.0,3.0,14437,M,4916668.0,31367.0,14
201700011476,17,11,27,1820,5,2,1,3.0,6.0,14118,M,4918827.0,-37769.0,14
201700011477,17,10,25,1255,1,2,1,1.0,6.0,14118,M,4919243.0,-40024.0,14
201700011478,17,11,3,620,3,1,6,5.0,3.0,14271,M,4913360.0,-37767.0,14
201700011479,17,12,11,742,5,2,1,3.0,1.0,14118,M,4919176.0,-34579.0,14
201700011480,17,12,2,530,5,2,1,1.0,7.0,14118,M,4916862.0,-36530.0,14
201700011481,17,11,27,1903,4,2,1,3.0,6.0,14118,M,4917338.0,39275.0,14
201700011482,17,12,19,1745,5,2,9,2.0,6.0,14566,M,4920152.0,-40123.0,14
201700011483,17,3,10,2120,5,2,1,1.0,6.0,14271,M,4913980.0,-37828.0,14
201700011484,17,2,18,1625,1,2,3,1.0,6.0,14024,M,4930710.0,-3092.0,14
201700011485,17,3,14,15,3,1,1,5.0,6.0,14117,M,4927400.0,-12130.0,14
201700011486,17,3,21,1104,1,2,2,1.0,3.0,14117,M,4928580.0,-12283.0,14
201700011487,17,3,31,2207,5,2,6,1.0,3.0,14225,M,4927570.0,-10244.0,14
201700011488,17,4,8,1200,1,2,2,1.0,3.0,14117,M,4928540.0,-13950.0,14
201700011489,17,4,24,800,1,2,2,1.0,3.0,14225,M,4928350.0,-10761.0,14
201700011490,17,5,13,1450,1,2,2,1.0,6.0,14117,M,4928953.0,11637.0,14
201700011491,17,9,21,1405,1,2,1,1.0,3.0,14225,M,4927814.0,-10312.0,14
201700011492,17,9,28,1300,1,2,3,1.0,2.0,14225,M,,,14
201700011493,17,10,18,1234,1,2,2,9.0,3.0,14117,M,,,14
201700011494,17,10,21,1730,1,2,9,2.0,2.0,14117,M,4928681.0,11713.0,14
201700011495,17,11,26,1127,1,2,6,1.0,3.0,14225,M,4917080.0,-6320.0,14
201700011496,17,11,26,1730,5,2,1,2.0,4.0,14225,M,4928526.0,-10467.0,14
201700011497,17,11,30,2019,5,2,9,3.0,6.0,14225,M,4916490.0,-5580.0,14
201700011498,17,12,13,1815,5,2,3,2.0,1.0,14117,M,4928625.0,-11372.0,14
201700011499,17,3,4,1730,1,1,1,3.0,7.0,88094,M,4830936.0,640079.0,88
201700011500,17,4,18,1715,1,2,1,1.0,3.0,88204,M,4825748.0,643698.0,88
201700011501,17,5,26,2220,5,2,1,1.0,6.0,88094,M,4831557.0,640326.0,88
201700011502,17,8,12,1820,1,1,1,1.0,7.0,88027,M,4829325.0,652867.0,88
201700011503,17,12,11,1245,1,2,1,2.0,6.0,88465,M,4825215.0,640974.0,88
201700011504,17,1,6,1128,1,2,1,9.0,7.0,88134,M,4814058.0,647864.0,88
201700011505,17,3,26,759,1,2,1,1.0,7.0,88530,M,4804829.0,639469.0,88
201700011506,17,12,24,1945,5,2,1,1.0,6.0,88530,M,4804400.0,640131.0,88
201700011507,17,3,11,2100,3,1,1,1.0,7.0,88456,M,4808966.0,589040.0,88
201700011508,17,3,14,1020,1,1,2,1.0,3.0,88162,M,4816336.0,605589.0,88
201700011509,17,4,17,2010,1,1,1,1.0,7.0,88096,M,4794520.0,587088.0,88
201700011510,17,5,27,1800,1,1,1,1.0,7.0,88016,M,4805491.0,603158.0,88
201700011511,17,6,10,1100,1,1,1,1.0,7.0,88289,M,4811050.0,581769.0,88
201700011512,17,7,6,1815,1,2,1,1.0,5.0,88330,M,4809200.0,598362.0,88
201700011513,17,11,3,1711,2,2,3,1.0,3.0,88258,M,4807013.0,578120.0,88
201700011514,17,1,22,730,2,1,1,1.0,6.0,88364,M,4834519.0,611505.0,88
201700011515,17,3,14,1809,1,2,3,1.0,3.0,88304,M,4830070.0,614188.0,88
201700011516,17,5,14,410,3,1,6,1.0,6.0,88151,M,4821858.0,621641.0,88
201700011517,17,7,29,1500,1,1,9,1.0,1.0,88006,M,4834112.0,613975.0,88
201700011518,17,8,15,1120,1,1,1,1.0,7.0,88525,M,4828956.0,616562.0,88
201700011519,17,8,19,330,3,1,1,2.0,6.0,88129,M,4827521.0,628195.0,88
201700011520,17,9,28,2111,5,2,1,1.0,2.0,88304,M,4831011.0,613241.0,88
201700011521,17,11,26,915,3,2,1,1.0,6.0,88001,M,4819172.0,619037.0,88
201700011522,17,1,3,1900,3,1,1,1.0,1.0,88516,M,4818767.0,595140.0,88
201700011523,17,7,12,1535,1,1,2,1.0,2.0,88325,M,4821456.0,602094.0,88
201700011524,17,7,30,1325,1,1,1,2.0,6.0,88496,M,4822100.0,580989.0,88
201700011525,17,10,28,2310,5,2,1,1.0,7.0,88524,M,4817544.0,570449.0,88
201700011526,17,12,13,1855,5,2,1,2.0,6.0,88516,M,4820223.0,594235.0,88
201700011527,17,3,4,2330,3,2,1,3.0,6.0,88487,M,4793301.0,649289.0,88
201700011528,17,5,13,1727,1,2,1,3.0,3.0,88158,M,4808806.0,661030.0,88
201700011529,17,5,22,1400,1,2,1,1.0,1.0,88358,M,4809905.0,657527.0,88
201700011530,17,6,15,1040,1,1,1,1.0,7.0,88205,M,4794986.0,653908.0,88
201700011531,17,7,5,1301,1,1,1,1.0,6.0,88011,M,4811586.0,654013.0,88
201700011532,17,11,4,2045,3,1,1,2.0,1.0,88012,M,4812427.0,653478.0,88
201700011533,17,1,4,1530,1,2,4,4.0,3.0,88188,M,4786808.0,679781.0,88
201700011534,17,4,13,114,3,2,3,1.0,7.0,88188,M,4786460.0,679411.0,88
201700011535,17,4,29,1445,1,1,1,1.0,5.0,88408,M,4792520.0,666373.0,88
201700011536,17,6,17,1642,1,1,1,7.0,7.0,88426,M,4783655.0,682638.0,88
201700011537,17,6,16,1515,1,2,1,7.0,6.0,88369,M,4789420.0,673978.0,88
201700011538,17,9,17,130,4,2,1,8.0,6.0,88426,M,4786457.0,682703.0,88
201700011539,17,10,15,230,3,1,1,1.0,6.0,88170,M,4791071.0,669990.0,88
201700011540,17,12,6,1640,2,2,1,8.0,6.0,88369,M,4789367.0,674305.0,88
201700011541,17,3,8,1215,1,2,1,2.0,6.0,88075,M,4800286.0,687310.0,88
201700011542,17,3,11,945,1,2,1,1.0,6.0,88447,M,4795036.0,678283.0,88
201700011543,17,3,16,1630,1,2,1,1.0,3.0,88116,M,4796900.0,683342.0,88
201700011544,17,3,24,1445,1,2,1,1.0,3.0,88391,M,4802320.0,678650.0,88
201700011545,17,6,9,815,1,2,7,1.0,3.0,88486,M,4800606.0,671603.0,88
201700011546,17,6,15,1535,1,2,3,1.0,3.0,88116,M,4795110.0,682845.0,88
201700011547,17,7,17,855,1,1,1,7.0,3.0,88391,M,4801763.0,676663.0,88
201700011548,17,8,20,550,2,1,1,1.0,2.0,88447,M,4795733.0,674364.0,88
201700011549,17,12,7,655,3,1,1,8.0,3.0,88447,M,4794995.0,674890.0,88
201700011550,17,4,8,1630,1,1,1,1.0,3.0,88375,M,4826612.0,704619.0,88
201700011551,17,5,6,1622,1,2,1,1.0,6.0,88320,M,4828034.0,698573.0,88
201700011552,17,7,8,1730,1,1,1,1.0,3.0,88276,M,4829232.0,708097.0,88
201700011553,17,8,31,1430,1,1,1,8.0,5.0,88375,M,4825344.0,705920.0,88
201700011554,17,10,2,1232,1,2,1,1.0,6.0,88320,M,4827966.0,698545.0,88
201700011555,17,10,17,1130,1,1,1,7.0,2.0,88445,M,4825472.0,697413.0,88
201700011556,17,11,5,1730,3,1,1,1.0,1.0,88193,M,4825265.0,707575.0,88
201700011557,17,2,27,1900,5,2,1,6.0,6.0,88319,M,4837639.0,691322.0,88
201700011558,17,4,27,1650,1,1,1,2.0,5.0,88438,M,4832950.0,680021.0,88
201700011559,17,5,17,1555,1,1,1,1.0,6.0,88438,M,4832138.0,683208.0,88
201700011560,17,6,4,1715,1,1,1,1.0,7.0,88068,M,4830029.0,678892.0,88
201700011561,17,6,26,1030,1,2,1,1.0,6.0,88068,M,4830886.0,681843.0,88
201700011562,17,7,9,1400,1,2,1,1.0,1.0,88372,M,4840360.0,683772.0,88
201700011563,17,8,24,30,4,1,1,1.0,7.0,88319,M,4838555.0,694361.0,88
201700011564,17,8,30,1800,1,1,4,1.0,2.0,88319,M,4839413.0,685770.0,88
201700011565,17,12,8,1620,2,1,1,4.0,6.0,88328,M,4832724.0,686238.0,88
201700011566,17,2,8,2125,3,1,1,2.0,7.0,08322,M,4974002.0,458775.0,08
201700011567,17,3,28,1820,1,1,3,1.0,5.0,08058,M,4977320.0,463802.0,08
201700011568,17,4,5,530,3,1,1,1.0,7.0,08251,M,4974882.0,445568.0,08
201700011569,17,4,11,445,4,2,1,1.0,3.0,08125,M,4981184.0,461081.0,08
201700011570,17,6,2,1630,1,1,1,1.0,2.0,08121,M,4983964.0,447095.0,08
201700011571,17,6,18,1317,1,1,1,1.0,3.0,08284,M,4989022.0,463108.0,08
201700011572,17,9,5,1235,1,1,1,1.0,7.0,08419,M,4971821.0,440882.0,08
201700011573,17,10,16,600,5,2,3,1.0,6.0,08419,M,4970131.0,441636.0,08
201700011574,17,10,27,1830,3,1,1,1.0,7.0,08212,M,4983594.0,457381.0,08
201700011575,17,1,6,1720,2,1,1,1.0,7.0,08150,M,4956731.0,429492.0,08
201700011576,17,12,25,225,5,2,1,2.0,6.0,08107,M,4953020.0,424957.0,08
201700011577,17,1,20,900,1,2,1,1.0,6.0,08185,M,4999220.0,470256.0,08
201700011578,17,1,23,1125,1,2,1,1.0,6.0,08185,M,4998533.0,469140.0,08
201700011579,17,2,2,1930,3,1,1,1.0,6.0,08448,M,4987738.0,478494.0,08
201700011580,17,3,22,1645,1,1,1,1.0,6.0,08363,M,4993739.0,464029.0,08
201700011581,17,6,21,1830,1,1,1,1.0,1.0,08302,M,4989967.0,474780.0,08
201700011582,17,9,27,1700,1,1,1,1.0,3.0,08302,M,4987826.0,473217.0,08
201700011583,17,11,4,400,3,1,1,1.0,6.0,08302,M,4989967.0,474780.0,08
201700011584,17,11,22,1415,1,2,1,7.0,6.0,08185,M,4999153.0,470170.0,08
201700011585,17,12,23,1750,5,1,1,2.0,3.0,08302,M,4988308.0,476162.0,08
201700011586,17,3,12,1530,1,2,2,7.0,7.0,08190,M,5013254.0,483663.0,08
201700011587,17,4,20,1655,1,1,3,1.0,5.0,08122,M,5011678.0,478923.0,08
201700011588,17,6,10,1800,1,1,1,1.0,1.0,08190,M,5014178.0,480998.0,08
201700011589,17,6,17,250,3,1,1,1.0,6.0,08226,M,5009641.0,473546.0,08
201700011590,17,7,18,1515,1,1,1,1.0,3.0,08190,M,5013619.0,482679.0,08
201700011591,17,11,22,1620,1,2,4,1.0,6.0,08190,M,5013403.0,483571.0,08
201700011592,17,12,5,1945,5,2,4,1.0,6.0,08190,M,5014808.0,485763.0,08
201700011593,17,12,12,1100,1,2,9,1.0,6.0,08190,M,5013187.0,483520.0,08
201700011594,17,8,30,615,2,1,1,2.0,6.0,08254,M,4976456.0,434284.0,08
201700011595,17,10,22,1130,1,2,9,2.0,6.0,08367,M,4994422.0,451756.0,08
201700011596,17,1,29,2010,3,1,1,1.0,6.0,08034,M,4960875.0,501966.0,08
201700011597,17,2,24,2045,5,2,1,1.0,5.0,08311,M,4960340.0,507123.0,08
201700011598,17,5,20,2300,3,1,3,1.0,6.0,08067,M,4961739.0,518778.0,08
201700011599,17,5,20,350,3,2,1,1.0,6.0,08281,M,4966087.0,519564.0,08
201700011600,17,2,13,700,2,2,1,8.0,6.0,08170,M,4974832.0,494771.0,08
201700011601,17,3,6,1725,1,1,9,1.0,3.0,08263,M,4973797.0,478243.0,08
201700011602,17,5,14,10,3,1,1,2.0,7.0,08076,M,4970427.0,470613.0,08
201700011603,17,5,16,1620,1,1,1,1.0,7.0,08235,M,4975688.0,482820.0,08
201700011604,17,8,7,2050,1,1,1,1.0,7.0,08263,M,4974430.0,479641.0,08
201700011605,17,9,22,1304,1,1,1,1.0,7.0,08283,M,4962695.0,461384.0,08
201700011606,17,10,14,2015,3,1,1,1.0,3.0,08491,M,4973501.0,487711.0,08
201700011607,17,10,18,1200,1,2,1,1.0,7.0,08491,M,4973844.0,485923.0,08
201700011608,17,12,2,1445,1,1,1,1.0,2.0,08096,M,4970810.0,476819.0,08
201700011609,17,12,23,900,1,2,1,2.0,1.0,08483,M,4975358.0,478665.0,08
201700011610,17,3,10,1920,3,1,1,1.0,1.0,08193,M,4950393.0,451484.0,08
201700011611,17,3,17,1330,1,1,2,1.0,3.0,08410,M,4934469.0,456349.0,08
201700011612,17,5,9,945,1,1,1,1.0,1.0,08135,M,4940789.0,480374.0,08
201700011613,17,5,25,645,1,1,1,1.0,1.0,08303,M,4932610.0,471213.0,08