Num_Acc,an,mois,jour,hrmn,lum,agg,int,atm,col,com,gps,lat,long,dep
201700011614,17,7,1,1445,1,1,1,8.0,2.0,08490,M,4941683.0,468810.0,08
201700011615,17,10,2,1705,1,1,1,8.0,1.0,08045,M,4942109.0,473685.0,08
201700011616,17,12,8,2100,3,1,1,1.0,5.0,08493,M,4943296.0,467299.0,08
201700011617,17,3,21,2115,3,1,1,1.0,6.0,08116,M,4950791.0,477120.0,08
201700011618,17,4,9,1750,1,1,2,7.0,3.0,08198,M,4934325.0,484746.0,08
201700011619,17,6,3,1500,1,1,4,1.0,1.0,08383,M,4933319.0,494047.0,08
201700011620,17,9,1,50,3,1,1,2.0,7.0,08383,M,4934008.0,495170.0,08
201700011621,17,12,9,930,1,1,1,9.0,7.0,08085,M,4947376.0,486495.0,08
201700011622,17,2,24,2250,3,1,1,1.0,6.0,52008,M,4822807.0,528934.0,52
201700011623,17,6,22,1720,1,1,1,7.0,6.0,52008,M,4824087.0,529303.0,52
201700011624,17,7,18,1525,1,1,2,1.0,3.0,52423,M,4826138.0,532899.0,52
201700011625,17,11,24,1800,3,1,1,2.0,1.0,52420,M,4828439.0,533411.0,52
201700011626,17,1,4,1450,1,1,1,3.0,3.0,52058,M,4819164.0,512436.0,52
201700011627,17,2,26,1400,1,1,1,1.0,6.0,52506,M,4811759.0,491742.0,52
201700011628,17,5,28,1615,1,1,1,1.0,6.0,52472,M,4819831.0,502527.0,52
201700011629,17,6,16,2130,2,1,1,1.0,6.0,52140,M,4824716.0,491586.0,52
201700011630,17,6,24,1455,1,1,1,1.0,3.0,52253,M,4819176.0,500661.0,52
201700011631,17,6,24,1635,1,1,1,1.0,7.0,52031,M,4814239.0,493539.0,52
201700011632,17,8,28,1720,1,2,1,1.0,6.0,52211,M,4829932.0,514062.0,52
201700011633,17,9,29,1325,1,2,1,1.0,1.0,52058,M,4819801.0,516538.0,52
201700011634,17,6,28,230,3,1,1,3.0,6.0,52185,M,4790783.0,584295.0,52
201700011635,17,11,13,2125,3,1,1,1.0,1.0,52332,M,4797822.0,548457.0,52
201700011636,17,1,25,1545,1,1,1,8.0,7.0,52354,M,4780149.0,536656.0,52
201700011637,17,5,11,2020,2,1,1,2.0,6.0,52388,M,4782360.0,567487.0,52
201700011638,17,5,12,1930,1,1,1,1.0,7.0,52390,M,4782277.0,573022.0,52
201700011639,17,6,16,1750,1,1,1,1.0,1.0,52155,M,4784237.0,544636.0,52
201700011640,17,8,24,1810,1,2,1,1.0,6.0,52197,M,4777605.0,559750.0,52
201700011641,17,11,19,1700,2,1,1,1.0,3.0,52083,M,4781414.0,550914.0,52
201700011642,17,1,3,25,3,1,1,9.0,6.0,14333,M,4942130.0,20664.0,14
201700011643,17,1,22,1220,1,1,1,1.0,6.0,14243,M,4939680.0,20332.0,14
201700011644,17,2,20,800,1,1,4,1.0,7.0,14243,M,4941450.0,22320.0,14
201700011645,17,3,9,645,5,2,2,1.0,3.0,14333,M,4941770.0,23726.0,14
201700011646,17,3,22,1410,1,1,6,1.0,1.0,14333,M,4941200.0,26541.0,14
201700011647,17,4,5,2210,2,2,1,1.0,6.0,14333,M,4941870.0,23693.0,14
201700011648,17,4,8,1335,1,2,2,1.0,7.0,14243,M,,,14
201700011649,17,4,11,945,1,2,1,1.0,2.0,14001,M,,,14
201700011650,17,4,19,1621,1,2,1,1.0,6.0,14333,M,,,14
201700011651,17,4,22,915,1,1,1,1.0,6.0,14304,M,,,14
201700011652,17,4,23,115,5,2,1,1.0,7.0,14333,M,4941450.0,24616.0,14
201700011653,17,4,29,945,1,1,1,1.0,3.0,14333,M,4941690.0,25779.0,14
201700011654,17,6,12,747,1,2,9,1.0,1.0,14333,M,4940700.0,24487.0,14
201700011655,17,6,26,1240,1,2,7,1.0,7.0,14333,M,4941684.0,23063.0,14
201700011656,17,6,26,1648,1,2,1,1.0,7.0,14333,M,4940361.0,23944.0,14
201700011657,17,8,14,1640,1,1,6,1.0,7.0,14536,M,4941047.0,25954.0,14
201700011658,17,8,21,805,1,1,1,8.0,6.0,14001,M,4938805.0,27606.0,14
201700011659,17,8,29,200,3,1,1,1.0,7.0,14333,M,4942270.0,20935.0,14
201700011660,17,9,3,345,3,1,1,1.0,6.0,14304,M,4939612.0,22424.0,14
201700011661,17,9,14,2015,3,1,1,3.0,7.0,14243,M,4939993.0,21821.0,14
201700011662,17,9,16,2150,5,2,1,1.0,7.0,14333,M,4941579.0,24375.0,14
201700011663,17,9,21,1740,1,1,1,1.0,5.0,14304,M,4937391.0,22958.0,14
201700011664,17,9,28,1100,1,1,2,1.0,3.0,14001,M,4962810.0,27571.0,14
201700011665,17,10,2,1405,1,2,1,1.0,2.0,14536,M,4940772.0,25164.0,14
201700011666,17,10,12,1900,2,2,1,1.0,6.0,14333,M,4941762.0,23679.0,14
201700011667,17,10,29,1620,1,2,1,1.0,6.0,14333,M,4942082.0,23187.0,14
201700011668,17,1,26,1215,1,1,4,1.0,1.0,52170,M,4768925.0,535267.0,52
201700011669,17,6,19,1035,1,2,1,1.0,6.0,52509,M,4766284.0,527997.0,52
201700011670,17,7,16,1350,1,1,1,1.0,6.0,52529,M,4772720.0,531127.0,52
201700011671,17,8,28,1910,1,1,2,1.0,3.0,52529,M,4773969.0,530478.0,52
201700011672,17,9,17,25,3,1,1,1.0,7.0,52113,M,4772839.0,536746.0,52
201700011673,17,10,3,920,1,1,1,2.0,1.0,52027,M,4776768.0,518804.0,52
201700011674,17,3,12,640,2,1,1,1.0,7.0,52440,M,4836283.0,514433.0,52
201700011675,17,3,25,310,3,1,9,1.0,6.0,52230,M,4833069.0,513302.0,52
201700011676,17,5,2,1220,1,1,2,1.0,1.0,52429,M,4860538.0,502649.0,52
201700011677,17,5,29,1840,1,1,1,1.0,1.0,52203,M,4855811.0,513702.0,52
201700011678,17,5,31,1700,1,1,3,1.0,4.0,52346,M,4837627.0,515665.0,52
201700011679,17,9,23,1845,1,1,1,1.0,3.0,52212,M,4839572.0,515223.0,52
201700011680,17,10,1,430,3,1,1,5.0,7.0,52177,M,4832838.0,519274.0,52
201700011681,17,10,8,1630,1,1,1,8.0,7.0,52231,M,4845141.0,504872.0,52
201700011682,17,10,26,1800,1,1,1,1.0,6.0,52194,M,4856899.0,504345.0,52
201700011683,17,12,15,1600,2,1,9,3.0,6.0,52414,M,4852523.0,508960.0,52
201700011684,17,7,6,2145,2,1,1,1.0,7.0,52543,M,4849231.0,488152.0,52
201700011685,17,8,17,1745,1,2,9,1.0,3.0,52550,M,4849679.0,493719.0,52
201700011686,17,9,1,1525,1,2,3,1.0,1.0,52300,M,4851277.0,500842.0,52
201700011687,17,9,20,1050,1,2,1,1.0,6.0,52550,M,4849730.0,494942.0,52
201700011688,17,10,5,1900,3,1,2,3.0,3.0,52543,M,4849313.0,486788.0,52
201700011689,17,10,26,2310,3,1,1,5.0,6.0,52543,M,4849250.0,488105.0,52
201700011690,17,11,17,745,2,2,2,8.0,1.0,52550,M,4849779.0,495042.0,52
201700011691,17,12,20,1520,1,1,1,8.0,2.0,52039,M,4839248.0,496965.0,52
201700011692,17,1,20,1040,1,1,1,1.0,3.0,48111,M,4453973.0,360866.0,48
201700011693,17,6,29,1419,1,1,1,2.0,7.0,48016,M,4447590.0,344100.0,48
201700011694,17,7,3,1700,1,1,1,1.0,7.0,48057,M,4467445.0,349399.0,48
201700011695,17,7,10,1545,1,1,1,1.0,1.0,48053,M,4448839.0,380066.0,48
201700011696,17,9,26,1430,1,1,1,1.0,7.0,48016,M,4447839.0,344748.0,48
201700011697,17,10,11,730,2,1,1,1.0,6.0,48042,M,4457085.0,349246.0,48
201700011698,17,11,28,1650,2,1,1,2.0,7.0,48016,M,4447898.0,346274.0,48
201700011699,17,5,18,1700,1,2,7,1.0,6.0,48043,M,4464079.0,367524.0,48
201700011700,17,5,26,1830,1,1,1,1.0,7.0,48139,M,4480385.0,374963.0,48
201700011701,17,5,27,1130,1,1,1,1.0,1.0,48070,M,4480318.0,366121.0,48
201700011702,17,6,10,1650,1,1,1,1.0,7.0,48184,M,4484781.0,360091.0,48
201700011703,17,7,29,830,1,2,1,1.0,6.0,48080,M,4472603.0,385499.0,48
201700011704,17,8,15,855,1,2,1,1.0,6.0,48080,M,4472703.0,385621.0,48
201700011705,17,5,26,1145,1,1,1,1.0,6.0,48115,M,4419345.0,368597.0,48
201700011706,17,7,14,1715,1,1,1,1.0,7.0,48075,M,4439139.0,356311.0,48
201700011707,17,8,4,1530,1,1,1,1.0,1.0,48075,M,4438845.0,352221.0,48
201700011708,17,8,22,1330,1,1,1,1.0,3.0,48061,M,4434348.0,358273.0,48
201700011709,17,9,20,1620,1,1,1,1.0,7.0,48075,M,4436242.0,356249.0,48
201700011710,17,10,14,900,1,1,1,1.0,1.0,48028,M,4435913.0,360906.0,48
201700011711,17,10,14,1320,1,1,1,1.0,6.0,48075,M,4438682.0,355914.0,48
201700011712,17,10,28,943,1,1,1,1.0,6.0,48186,M,4431712.0,368804.0,48
201700011713,17,11,19,1445,1,1,1,7.0,3.0,48022,M,4435418.0,363220.0,48
201700011714,17,4,28,1815,1,1,1,1.0,7.0,48136,M,4429438.0,377712.0,48
201700011715,17,5,7,1550,1,1,1,1.0,7.0,48069,M,4416715.0,354712.0,48
201700011716,17,7,23,1955,2,1,1,1.0,7.0,48096,M,4419293.0,341106.0,48
201700011717,17,8,12,520,3,2,1,1.0,7.0,48074,M,4424435.0,334070.0,48
201700011718,17,8,12,1915,1,1,1,1.0,6.0,48094,M,4429546.0,316211.0,48
201700011719,17,10,7,545,5,2,4,1.0,6.0,48096,M,4417924.0,343166.0,48
201700011720,17,5,29,1230,1,1,1,1.0,6.0,48168,M,4460618.0,327271.0,48
201700011721,17,6,28,1820,1,1,1,3.0,1.0,48092,M,4456639.0,329793.0,48
201700011722,17,8,22,710,2,1,1,1.0,6.0,48049,M,4453421.0,327264.0,48
201700011723,17,9,3,2000,1,1,1,1.0,6.0,48039,M,4448163.0,330746.0,48
201700011724,17,11,16,1345,1,2,6,7.0,6.0,48092,M,4455763.0,328811.0,48
201700011725,17,12,7,2117,3,1,1,2.0,7.0,48017,M,4444230.0,318487.0,48
201700011726,17,12,21,1745,3,2,1,1.0,6.0,48092,M,4455132.0,329271.0,48
201700011727,17,12,28,1700,1,2,1,8.0,6.0,48092,M,4454259.0,328505.0,48
201700011728,17,4,9,1200,1,1,1,1.0,7.0,48091,M,4464570.0,310686.0,48
201700011729,17,7,19,1425,1,1,1,1.0,7.0,48104,M,4466319.0,305164.0,48
201700011730,17,8,11,1530,1,2,1,8.0,6.0,48190,M,4482171.0,318891.0,48
201700011731,17,5,24,1350,1,1,1,1.0,7.0,48060,M,4473901.0,320993.0,48
201700011732,17,6,2,720,1,1,1,1.0,6.0,48183,M,4465160.0,327463.0,48
201700011733,17,8,14,1120,1,1,1,1.0,6.0,48063,M,4477663.0,334792.0,48
201700011734,17,8,22,1810,1,1,1,1.0,1.0,48128,M,4479193.0,330071.0,48
201700011735,17,12,30,1525,1,1,1,1.0,5.0,30122,M,4388874.0,424372.0,30
201700011736,17,1,3,605,3,1,1,1.0,5.0,30088,M,4385915.0,412199.0,30
201700011737,17,1,8,1700,1,1,3,1.0,3.0,30061,M,4395148.0,424737.0,30
201700011738,17,1,12,1815,3,1,4,1.0,3.0,30102,M,4393190.0,428388.0,30
201700011739,17,3,12,1700,1,1,1,1.0,3.0,30122,M,4391145.0,422826.0,30
201700011740,17,6,8,1140,1,2,1,1.0,1.0,30184,M,4398167.0,423442.0,30
201700011741,17,6,9,2021,2,2,3,1.0,1.0,30184,M,4398396.0,422702.0,30
201700011742,17,6,20,1700,1,2,1,1.0,6.0,30112,M,4390784.0,420490.0,30
201700011743,17,6,23,1725,1,1,1,1.0,6.0,30088,M,4385938.0,412373.0,30
201700011744,17,6,25,1518,1,1,1,1.0,6.0,30228,M,4393457.0,438503.0,30
201700011745,17,8,10,1450,1,1,1,1.0,1.0,30228,M,4393087.0,438789.0,30
201700011746,17,8,15,1200,1,1,1,1.0,1.0,30349,M,4385948.0,409757.0,30
201700011747,17,10,13,1740,1,2,3,1.0,3.0,30241,M,4396924.0,427959.0,30
201700011748,17,10,19,730,2,1,1,2.0,5.0,30281,M,4388220.0,419104.0,30
201700011749,17,5,4,230,3,2,1,1.0,6.0,30330,M,4403830.0,400017.0,30
201700011750,17,6,26,1845,2,2,3,2.0,1.0,30269,M,4410243.0,388316.0,30
201700011751,17,6,30,800,1,1,1,1.0,6.0,30042,M,4404839.0,403204.0,30
201700011752,17,7,15,1711,1,1,3,1.0,3.0,30168,M,4412547.0,391774.0,30
201700011753,17,7,31,915,1,2,1,1.0,6.0,30010,M,4405180.0,398778.0,30
201700011754,17,9,11,1525,1,1,1,1.0,1.0,30010,M,4406010.0,398208.0,30
201700011755,17,10,15,1645,1,2,1,7.0,1.0,30010,M,4405915.0,397792.0,30
201700011756,17,12,15,945,1,2,1,1.0,3.0,30010,M,4405971.0,398421.0,30
201700011757,17,3,18,2000,5,2,1,1.0,6.0,30294,M,4413927.0,412631.0,30
201700011758,17,4,11,1615,1,1,1,1.0,7.0,30223,M,4418956.0,418811.0,30
201700011759,17,5,29,1055,1,2,1,1.0,4.0,30284,M,4416579.0,408387.0,30
201700011760,17,6,8,1000,1,1,1,1.0,7.0,30270,M,,,30
201700011761,17,6,23,1930,1,1,1,1.0,1.0,30077,M,4415450.0,403367.0,30
201700011762,17,9,11,1600,1,2,6,1.0,6.0,30294,M,4413048.0,412218.0,30
201700011763,17,11,22,122,3,2,6,1.0,6.0,30284,M,4415342.0,408502.0,30
201700011764,17,12,12,2300,5,2,1,1.0,6.0,30284,M,4416629.0,407700.0,30
201700011765,17,12,13,1735,2,2,1,1.0,5.0,30294,M,4412957.0,413116.0,30
201700011766,17,1,19,1145,1,2,3,1.0,3.0,30152,M,4422822.0,416418.0,30
201700011767,17,2,10,2245,3,1,9,2.0,7.0,30008,M,4421633.0,424382.0,30
201700011768,17,4,11,1205,1,1,1,1.0,3.0,30029,M,4430976.0,434607.0,30
201700011769,17,4,15,1430,1,1,1,1.0,1.0,30152,M,4422695.0,415957.0,30
201700011770,17,4,16,2045,2,1,1,1.0,1.0,30045,M,4431074.0,407529.0,30
201700011771,17,5,19,1525,1,1,1,1.0,6.0,30029,M,4430464.0,432804.0,30
201700011772,17,7,13,1445,1,1,1,1.0,1.0,30268,M,4423035.0,414816.0,30
201700011773,17,8,31,1100,1,2,1,1.0,1.0,30037,M,4429495.0,409028.0,30
201700011774,17,8,31,1900,1,1,1,8.0,1.0,30152,M,4422695.0,415963.0,30
201700011775,17,10,8,20,3,1,4,1.0,3.0,30167,M,4427459.0,415184.0,30
201700011776,17,10,22,1345,1,1,1,1.0,6.0,30152,M,4422134.0,417410.0,30
201700011777,17,11,6,1630,1,1,1,7.0,1.0,30167,M,4427125.0,418362.0,30
201700011778,17,12,14,2345,3,1,1,1.0,7.0,30237,M,4427249.0,418907.0,30
201700011779,17,4,15,2220,3,1,1,1.0,6.0,30053,M,4399615.0,422061.0,30
201700011780,17,4,20,1315,1,1,2,1.0,3.0,30259,M,4407704.0,411582.0,30
201700011781,17,6,15,1135,1,1,1,1.0,6.0,30002,M,4395904.0,413223.0,30
201700011782,17,6,27,1025,1,1,3,1.0,2.0,30146,M,,,30
201700011783,17,7,22,1945,1,1,1,1.0,6.0,30068,M,4402268.0,409579.0,30
201700011784,17,8,13,930,1,1,1,1.0,7.0,30109,M,4407110.0,423027.0,30
201700011785,17,9,3,1900,1,1,1,1.0,7.0,30046,M,4401182.0,416558.0,30
201700011786,17,9,13,1825,2,2,2,7.0,3.0,30160,M,4400569.0,413180.0,30
201700011787,17,9,30,645,2,1,1,1.0,6.0,30188,M,4401964.0,417866.0,30
201700011788,17,11,10,2110,3,1,1,1.0,3.0,30259,M,4407525.0,411746.0,30
201700011789,17,11,16,1820,3,1,1,1.0,6.0,30046,M,4399674.0,418785.0,30
201700011790,17,12,12,2200,3,1,1,9.0,6.0,30147,M,4401997.0,405001.0,30
201700011791,17,1,10,1013,1,1,1,2.0,5.0,30336,M,4385334.0,461736.0,30
201700011792,17,2,18,950,1,1,1,1.0,6.0,30073,M,4395177.0,455591.0,30
201700011793,17,3,17,2005,3,1,1,1.0,1.0,30116,M,4394956.0,463445.0,30
201700011794,17,3,26,700,2,1,1,1.0,6.0,30073,M,4397528.0,457673.0,30
201700011795,17,7,17,730,2,1,1,1.0,1.0,30073,M,4396996.0,457446.0,30
201700011796,17,7,20,825,1,1,6,1.0,6.0,30116,M,4393983.0,459689.0,30
201700011797,17,7,30,2130,5,1,2,1.0,3.0,30179,M,4387042.0,458422.0,30
201700011798,17,8,1,1200,1,1,1,1.0,6.0,30212,M,4395080.0,456770.0,30
201700011799,17,7,27,1600,1,1,1,1.0,3.0,30012,M,4390417.0,470616.0,30
201700011800,17,8,9,1215,1,1,1,1.0,1.0,30336,M,4386125.0,461853.0,30
201700011801,17,8,23,1830,1,1,1,1.0,7.0,30317,M,4390805.0,454769.0,30
201700011802,17,9,10,1650,1,2,3,1.0,1.0,30212,M,4393448.0,455696.0,30
201700011803,17,9,25,645,2,1,4,1.0,3.0,30103,M,4396063.0,466015.0,30
201700011804,17,10,17,1350,1,1,1,1.0,6.0,30179,M,4386536.0,458814.0,30
201700011805,17,11,6,715,2,1,1,1.0,1.0,30073,M,4398278.0,457555.0,30
201700011806,17,12,6,1845,3,1,1,1.0,2.0,30107,M,4394574.0,462635.0,30
201700011807,17,12,16,1930,3,1,3,1.0,2.0,30212,M,4393932.0,457919.0,30
201700011808,17,2,3,2030,5,2,1,2.0,6.0,30229,M,4399897.0,366801.0,30
201700011809,17,3,26,1530,1,1,1,1.0,1.0,30229,M,4404452.0,368038.0,30
201700011810,17,4,14,1030,1,2,2,1.0,6.0,30350,M,4399172.0,360704.0,30
201700011811,17,5,24,1924,1,1,1,1.0,7.0,30339,M,4408689.0,360422.0,30
201700011812,17,5,26,1140,1,1,1,1.0,3.0,30219,M,4388427.0,354200.0,30
201700011813,17,8,1,1115,1,2,1,1.0,1.0,30350,M,4399024.0,360038.0,30
201700011814,17,9,10,1640,3,1,9,1.0,6.0,30009,M,4396906.0,344809.0,30
201700011815,17,9,30,2005,3,1,1,1.0,6.0,30229,M,4400405.0,367498.0,30
201700011816,17,10,15,1500,1,1,1,1.0,7.0,30339,M,4409229.0,356619.0,30
201700011817,17,12,22,1530,1,1,1,8.0,4.0,30272,M,4397125.0,369023.0,30
201700011818,17,6,11,1830,1,1,1,1.0,6.0,30172,M,4399533.0,385131.0,30
201700011819,17,1,15,1210,1,1,1,6.0,6.0,30208,M,4393449.0,405924.0,30
201700011820,17,3,18,1105,1,2,1,1.0,3.0,30311,M,4393663.0,396029.0,30
201700011821,17,4,26,1645,1,1,1,2.0,1.0,30121,M,4384263.0,402817.0,30
201700011822,17,10,2,755,2,1,1,8.0,3.0,30121,M,4384368.0,402135.0,30
201700011823,17,11,13,2320,3,1,1,1.0,6.0,30054,M,4385739.0,397171.0,30
201700011824,17,12,1,1025,1,1,4,1.0,5.0,30121,M,4385297.0,401743.0,30
201700011825,17,1,19,1530,1,2,1,1.0,2.0,30033,M,4371533.0,427463.0,30
201700011826,17,1,30,1540,1,1,1,8.0,6.0,30004,M,4370752.0,419332.0,30
201700011827,17,5,26,1410,1,1,1,1.0,1.0,30006,M,4369114.0,421396.0,30
201700011828,17,6,27,326,3,2,1,1.0,7.0,30341,M,4370464.0,426910.0,30
201700011829,17,6,30,1855,1,1,1,1.0,1.0,30059,M,4370898.0,421506.0,30
201700011830,17,7,8,415,3,1,1,1.0,6.0,30004,M,4371226.0,419808.0,30
201700011831,17,9,7,1115,1,2,1,1.0,7.0,30033,M,4371971.0,432355.0,30
201700011832,17,9,29,855,1,2,2,1.0,3.0,30341,M,4369086.0,427402.0,30
201700011833,17,10,12,1145,1,2,6,1.0,3.0,30341,M,,,30
201700011834,17,11,10,135,3,1,1,1.0,1.0,30341,M,4361462.0,432594.0,30
201700011835,17,12,2,1915,3,1,1,6.0,7.0,30341,M,4354779.0,434716.0,30
201700011836,17,12,24,1230,1,1,2,1.0,3.0,30083,M,4372415.0,421405.0,30
201700011837,17,1,26,1335,1,1,1,3.0,1.0,30062,M,4376621.0,420115.0,30
201700011838,17,2,5,1800,3,2,3,1.0,3.0,30018,M,4380832.0,404699.0,30
201700011839,17,2,5,1835,3,1,3,1.0,1.0,30249,M,4380838.0,422322.0,30
201700011840,17,2,13,2140,5,2,1,2.0,1.0,30138,M,4379869.0,424753.0,30
201700011841,17,2,27,1350,1,2,1,1.0,1.0,30023,M,4379034.0,412531.0,30
201700011842,17,3,7,2130,3,1,1,1.0,2.0,30062,M,4377949.0,419466.0,30
201700011843,17,4,6,1130,1,2,7,1.0,6.0,30321,M,4378186.0,408586.0,30
201700011844,17,5,6,1330,1,1,1,1.0,6.0,30352,M,4380172.0,408657.0,30
201700011845,17,5,19,1600,1,2,3,1.0,4.0,30352,M,4379106.0,409532.0,30
201700011846,17,5,28,945,1,1,1,1.0,6.0,30062,M,4377472.0,419825.0,30
201700011847,17,6,17,945,1,1,1,1.0,5.0,30091,M,4377540.0,417127.0,30
201700011848,17,6,26,1350,1,1,1,1.0,1.0,30321,M,4377183.0,408486.0,30
201700011849,17,7,2,230,3,1,1,1.0,6.0,30321,M,4379056.0,408033.0,30
201700011850,17,7,27,145,3,1,9,1.0,6.0,30136,M,4375389.0,411509.0,30
201700011851,17,8,24,2300,3,2,6,1.0,6.0,30075,M,4382228.0,426441.0,30
201700011852,17,9,29,1745,1,2,1,1.0,6.0,30082,M,4382033.0,423154.0,30
201700011853,17,11,4,930,1,2,6,1.0,6.0,30075,M,4382400.0,426321.0,30
201700011854,17,10,28,950,1,1,1,1.0,6.0,30306,M,4379369.0,407620.0,30
201700011855,17,12,19,2300,3,1,1,1.0,7.0,30082,M,4385292.0,421681.0,30
201700011856,17,12,27,1030,1,1,1,1.0,6.0,30091,M,4377510.0,417628.0,30
201700011857,17,1,14,2300,3,1,1,1.0,6.0,30133,M,4355278.0,414303.0,30
201700011858,17,1,19,1445,1,1,1,1.0,5.0,30276,M,4363865.0,419310.0,30
201700011859,17,4,11,1600,1,1,1,1.0,1.0,30003,M,4356064.0,418468.0,30
201700011860,17,4,15,635,2,1,6,1.0,6.0,30133,M,4356596.0,412369.0,30
201700011861,17,4,25,1630,1,2,3,1.0,6.0,30003,M,4357020.0,419064.0,30
201700011862,17,7,5,915,1,2,6,7.0,3.0,30133,M,4353996.0,414349.0,30
201700011863,17,7,10,1435,1,1,1,1.0,6.0,30003,M,,,30
201700011864,17,7,12,1000,1,1,6,1.0,3.0,30133,M,4356000.0,415322.0,30
201700011865,17,7,30,1300,1,1,1,6.0,2.0,30133,M,4354642.0,413959.0,30
201700011866,17,9,23,1445,1,2,9,1.0,6.0,30003,M,4356839.0,419492.0,30
201700011867,17,10,8,45,3,1,1,1.0,2.0,30003,M,4358893.0,421021.0,30
201700011868,17,10,10,1700,1,2,1,1.0,1.0,30003,M,4356527.0,419326.0,30
201700011869,17,10,19,800,2,2,1,8.0,6.0,30276,M,4363763.0,419432.0,30
201700011870,17,2,9,810,1,2,1,1.0,6.0,37050,M,4734239.0,70748.0,37
201700011871,17,2,13,900,1,1,1,1.0,6.0,37050,M,4733259.0,69769.0,37
201700011872,17,2,17,745,2,1,1,5.0,1.0,37243,M,4734651.0,55808.0,37
201700011873,17,2,24,1000,1,2,1,1.0,4.0,37050,M,4734436.0,70208.0,37
201700011874,17,3,7,1810,1,2,1,2.0,7.0,37050,M,4734933.0,70078.0,37
201700011875,17,4,7,1520,1,2,3,1.0,5.0,37050,M,4733094.0,70245.0,37
201700011876,17,4,8,1140,1,2,2,1.0,3.0,37050,M,4734911.0,70085.0,37
201700011877,17,4,11,1745,1,1,1,7.0,2.0,37099,M,4727856.0,53717.0,37
201700011878,17,4,15,1540,1,2,3,1.0,6.0,37050,M,4733811.0,69832.0,37
201700011879,17,4,26,1900,1,1,1,1.0,2.0,37018,M,4731943.0,59716.0,37
201700011880,17,6,2,2230,5,2,6,1.0,6.0,37050,M,4733217.0,68435.0,37
201700011881,17,6,6,1800,1,2,1,1.0,5.0,37050,M,4734878.0,70098.0,37
201700011882,17,7,6,2140,1,2,6,1.0,3.0,37018,M,4733444.0,61261.0,37
201700011883,17,8,31,840,1,2,6,1.0,2.0,37050,M,4733671.0,69144.0,37
201700011884,17,10,2,2030,5,2,1,2.0,1.0,37050,M,4733928.0,71912.0,37
201700011885,17,10,3,2000,3,1,2,1.0,6.0,37099,M,4729325.0,53726.0,37
201700011886,17,11,12,1140,1,1,3,2.0,6.0,37018,M,4735834.0,60103.0,37
201700011887,17,11,23,1336,1,2,1,2.0,6.0,37050,M,4733774.0,70102.0,37
201700011888,17,12,12,730,2,2,2,1.0,6.0,37050,M,4734508.0,71930.0,37
201700011889,17,1,17,933,1,1,1,1.0,7.0,37249,M,4750517.0,47954.0,37
201700011890,17,2,5,1740,2,1,1,4.0,1.0,37021,M,4756880.0,67230.0,37
201700011891,17,2,8,2005,3,1,1,1.0,6.0,37170,M,4762473.0,59255.0,37
201700011892,17,2,16,805,2,1,1,8.0,7.0,37059,M,4747117.0,61695.0,37
201700011893,17,3,1,730,2,1,1,2.0,7.0,37021,M,4754207.0,69114.0,37
201700011894,17,3,19,1000,1,1,1,1.0,7.0,37149,M,4763691.0,69128.0,37
201700011895,17,3,31,1900,1,1,1,1.0,7.0,37167,M,4753134.0,53158.0,37
201700011896,17,4,18,1300,1,1,1,1.0,7.0,37170,M,4762577.0,57472.0,37
201700011897,17,4,25,1430,1,1,1,1.0,1.0,37249,M,4754474.0,47106.0,37
201700011898,17,5,5,715,2,2,2,1.0,3.0,37054,M,4747035.0,69485.0,37
201700011899,17,5,18,1520,1,2,1,2.0,2.0,37167,M,4754950.0,55716.0,37
201700011900,17,6,25,830,1,1,1,1.0,1.0,37151,M,4745138.0,62956.0,37
201700011901,17,7,16,2115,1,1,2,1.0,1.0,37204,M,4752895.0,67467.0,37
201700011902,17,7,24,1510,1,1,1,1.0,7.0,37170,M,4759886.0,54395.0,37
201700011903,17,4,30,2000,3,1,6,1.0,6.0,37021,M,4757733.0,67076.0,37
201700011904,17,10,14,1635,1,1,1,1.0,6.0,37204,M,4752858.0,64054.0,37
201700011905,17,10,25,1745,1,1,1,1.0,6.0,37214,M,4742910.0,64096.0,37
201700011906,17,10,27,855,2,1,2,5.0,3.0,37204,M,4754241.0,63923.0,37
201700011907,17,10,30,708,2,1,1,1.0,7.0,37245,M,4751804.0,58560.0,37
201700011908,17,10,29,1150,1,1,1,2.0,6.0,37101,M,4769066.0,62976.0,37
201700011909,17,11,10,805,1,1,1,8.0,3.0,37021,M,4758297.0,64416.0,37
201700011910,17,12,6,1500,1,1,1,1.0,7.0,37207,M,4762176.0,38237.0,37
201700011911,17,12,25,1900,3,1,1,1.0,2.0,37245,M,4747023.0,55384.0,37
201700011912,17,1,5,955,1,1,1,8.0,6.0,37251,M,4753478.0,41959.0,37
201700011913,17,1,14,1800,5,2,1,1.0,7.0,37217,M,4736586.0,50592.0,37
201700011914,17,1,18,1519,1,2,1,1.0,1.0,37109,M,4740341.0,62594.0,37
201700011915,17,1,20,1000,1,1,9,7.0,6.0,37081,M,4747595.0,36986.0,37
201700011916,17,1,27,630,3,1,1,1.0,6.0,37279,M,4757574.0,34648.0,37
201700011917,17,2,11,1815,2,1,1,1.0,6.0,37198,M,4745066.0,24391.0,37
201700011918,17,2,18,1600,1,2,1,1.0,6.0,37217,M,4736586.0,50592.0,37