Num_Acc,an,mois,jour,hrmn,lum,agg,int,atm,col,com,gps,lat,long,dep
201700011919,17,3,16,1340,1,2,1,1.0,1.0,37139,M,4739486.0,53181.0,37
201700011920,17,3,22,1855,2,2,1,1.0,6.0,37084,M,,,37
201700011921,17,3,24,1945,3,2,1,1.0,2.0,37237,M,4743576.0,58861.0,37
201700011922,17,3,28,1400,1,1,1,1.0,7.0,37198,M,4744777.0,23685.0,37
201700011923,17,4,7,1630,1,1,1,7.0,7.0,37182,M,4745338.0,51759.0,37
201700011924,17,5,4,1400,1,1,1,1.0,2.0,37109,M,4738299.0,58240.0,37
201700011925,17,5,14,450,3,1,1,1.0,6.0,37081,M,4741318.0,39951.0,37
201700011926,17,6,3,1900,1,1,1,2.0,6.0,37182,M,4743676.0,52497.0,37
201700011927,17,6,10,250,3,1,1,1.0,6.0,37217,M,4739062.0,52505.0,37
201700011928,17,6,10,1200,1,1,1,1.0,3.0,37084,M,4756593.0,35914.0,37
201700011929,17,7,5,1735,1,1,1,1.0,6.0,37109,M,4739645.0,64753.0,37
201700011930,17,7,17,855,1,1,3,1.0,3.0,37109,M,4741271.0,60306.0,37
201700011931,17,8,14,1750,1,1,1,1.0,7.0,37109,M,4741218.0,58290.0,37
201700011932,17,8,22,1150,1,1,1,1.0,3.0,37217,M,4739285.0,52444.0,37
201700011933,17,8,22,1725,1,1,1,1.0,6.0,37081,M,4743412.0,35912.0,37
201700011934,17,8,30,1725,1,1,1,2.0,6.0,37013,M,4739311.0,30021.0,37
201700011935,17,9,11,1815,1,1,1,1.0,7.0,37081,M,4744310.0,37599.0,37
201700011936,17,10,13,1040,1,1,1,1.0,6.0,37109,M,4740052.0,64668.0,37
201700011937,17,11,24,740,2,2,1,1.0,6.0,37109,M,4740381.0,64075.0,37
201700011938,17,11,25,1600,1,1,1,1.0,1.0,37139,M,4737759.0,56096.0,37
201700011939,17,1,3,1820,3,2,3,1.0,5.0,37079,M,4732149.0,104438.0,37
201700011940,17,1,5,800,2,1,1,9.0,3.0,37008,M,4730004.0,89784.0,37
201700011941,17,3,3,2130,3,1,3,1.0,1.0,37225,M,4735215.0,91824.0,37
201700011942,17,3,23,1230,1,1,1,2.0,6.0,37079,M,4736177.0,103800.0,37
201700011943,17,4,15,345,3,1,6,1.0,6.0,37273,M,4739210.0,77456.0,37
201700011944,17,4,16,115,5,2,1,1.0,2.0,37027,M,4732207.0,99963.0,37
201700011945,17,5,1,120,5,1,6,1.0,6.0,37156,M,4736484.0,85555.0,37
201700011946,17,5,15,110,3,1,1,1.0,6.0,37015,M,4733460.0,84525.0,37
201700011947,17,5,16,1920,1,2,1,1.0,6.0,37104,M,4729267.0,79054.0,37
201700011948,17,6,17,2235,5,2,1,1.0,3.0,37267,M,4735427.0,82349.0,37
201700011949,17,6,19,1005,1,1,1,7.0,3.0,37270,M,4742725.0,84756.0,37
201700011950,17,6,22,433,3,1,1,1.0,6.0,37273,M,4740273.0,77081.0,37
201700011951,17,6,29,1800,1,1,1,1.0,5.0,37281,M,4739570.0,82871.0,37
201700011952,17,7,1,1930,1,1,3,1.0,1.0,37156,M,4737879.0,84299.0,37
201700011953,17,8,10,1730,1,1,1,3.0,4.0,37156,M,4740223.0,79879.0,37
201700011954,17,10,6,740,1,1,6,1.0,3.0,37273,M,4738367.0,78445.0,37
201700011955,17,10,26,1750,1,2,3,1.0,2.0,37273,M,4739821.0,75847.0,37
201700011956,17,11,14,1950,3,1,1,1.0,1.0,37156,M,4739341.0,79599.0,37
201700011957,17,12,6,740,2,1,1,1.0,1.0,37156,M,4737083.0,81886.0,37
201700011958,17,12,13,1228,1,2,1,2.0,3.0,37267,M,4735431.0,82350.0,37
201700011959,17,12,23,115,3,1,1,5.0,7.0,37156,M,4739708.0,89217.0,37
201700011960,17,1,2,1420,1,1,1,8.0,6.0,37281,M,4744387.0,81085.0,37
201700011961,17,1,28,2015,3,2,1,1.0,6.0,37063,M,4758844.0,90454.0,37
201700011962,17,2,3,1320,1,1,1,2.0,3.0,37169,M,4762003.0,92958.0,37
201700011963,17,2,28,1820,2,1,1,1.0,1.0,37194,M,4748086.0,88386.0,37
201700011964,17,3,23,2000,3,1,1,1.0,3.0,37153,M,4749886.0,78670.0,37
201700011965,17,1,12,1740,5,2,1,2.0,2.0,14366,M,4914100.0,23138.0,14
201700011966,17,1,14,1240,1,1,1,2.0,3.0,14574,M,4913800.0,18552.0,14
201700011967,17,1,24,1240,1,2,1,1.0,6.0,14366,M,4915310.0,22342.0,14
201700011968,17,1,25,655,2,1,1,5.0,7.0,14574,M,4915390.0,19935.0,14
201700011969,17,12,22,1145,1,2,1,2.0,6.0,14366,M,4914558.0,241520.0,14
201700011970,17,1,31,1740,1,1,1,8.0,7.0,14487,M,4917300.0,21284.0,14
201700011971,17,2,2,1045,1,2,6,8.0,3.0,14366,M,4914400.0,22120.0,14
201700011972,17,2,15,1110,1,1,2,1.0,3.0,14574,M,4915990.0,19274.0,14
201700011973,17,2,28,1400,1,1,1,1.0,2.0,14487,M,4918020.0,20918.0,14
201700011974,17,3,4,1845,4,2,1,2.0,3.0,14366,M,4914510.0,22356.0,14
201700011975,17,3,11,1410,1,2,1,1.0,1.0,14326,M,4914680.0,26857.0,14
201700011976,17,3,14,1230,1,2,3,1.0,3.0,14069,M,4913060.0,24609.0,14
201700011977,17,3,27,1830,1,2,2,1.0,6.0,14366,M,4914310.0,22391.0,14
201700011978,17,4,7,1240,1,2,6,1.0,3.0,14366,M,4914420.0,25360.0,14
201700011979,17,4,9,1055,1,2,1,1.0,6.0,14366,M,4914610.0,22428.0,14
201700011980,17,4,11,1720,1,2,6,1.0,3.0,14366,M,4914320.0,22683.0,14
201700011981,17,4,18,1820,1,1,1,1.0,1.0,14366,M,4916320.0,20672.0,14
201700011982,17,4,29,1355,1,1,1,1.0,3.0,14366,M,4914390.0,26701.0,14
201700011983,17,4,29,1715,1,2,1,1.0,6.0,14366,M,4914540.0,22842.0,14
201700011984,17,5,3,1530,1,1,1,1.0,4.0,14069,M,4912196.0,250535.0,14
201700011985,17,5,4,1305,1,1,3,1.0,3.0,14366,M,,,14
201700011986,17,5,6,1300,1,2,1,2.0,7.0,14366,M,4914433.0,27599.0,14
201700011987,17,5,7,30,3,1,2,2.0,3.0,14574,M,,,14
201700011988,17,5,22,900,1,2,1,1.0,7.0,14366,M,4914557.0,212431.0,14
201700011989,17,5,23,1320,1,1,1,1.0,6.0,14366,M,4915072.0,222299.0,14
201700011990,17,5,24,840,1,1,1,1.0,2.0,14487,M,4919048.0,228346.0,14
201700011991,17,5,31,1030,1,2,1,1.0,6.0,14366,M,4914584.0,225028.0,14
201700011992,17,6,9,1215,1,2,1,1.0,2.0,14069,M,4913059.0,246759.0,14
201700011993,17,6,13,1640,1,1,1,1.0,6.0,14366,M,4913052.0,186150.0,14
201700011994,17,6,27,1625,1,2,1,3.0,6.0,14366,M,4914291.0,248073.0,14
201700011995,17,6,29,1430,1,2,1,1.0,6.0,14366,M,4914587.0,225882.0,14
201700011996,17,7,1,1110,1,2,1,2.0,6.0,14366,M,4914596.0,248033.0,14
201700011997,17,7,1,2215,5,2,1,1.0,6.0,14069,M,4913064.0,258671.0,14
201700011998,17,7,7,1605,1,1,3,1.0,1.0,14574,M,4915247.0,172068.0,14
201700011999,17,7,24,1030,1,2,1,2.0,6.0,14366,M,4914401.0,230506.0,14
201700012000,17,7,24,1215,1,2,3,8.0,3.0,14366,M,4914922.0,256268.0,14
201700012001,17,7,24,2115,1,2,1,1.0,6.0,14366,M,4914624.0,262606.0,14
201700012002,17,7,26,1750,1,2,1,8.0,1.0,14366,M,4914945.0,252106.0,14
201700012003,17,7,27,1355,1,2,6,1.0,3.0,14366,M,4914444.0,262605.0,14
201700012004,17,7,27,1940,1,1,1,1.0,7.0,14574,M,4917892.0,179534.0,14
201700012005,17,8,28,1945,1,2,1,1.0,7.0,14366,M,4914071.0,23136.0,14
201700012006,17,8,30,1405,1,1,1,2.0,6.0,14366,M,4915625.0,23464.0,14
201700012007,17,8,30,1740,1,2,1,2.0,6.0,14366,M,4914308.0,22882.0,14
201700012008,17,9,1,1640,1,1,1,1.0,7.0,14366,M,4912835.0,189313.0,14
201700012009,17,9,1,1715,1,2,1,1.0,7.0,14366,M,4913365.0,226271.0,14
201700012010,17,9,8,1755,1,2,1,2.0,7.0,14366,M,4914610.0,227685.0,14
201700012011,17,9,8,1945,2,2,1,2.0,7.0,14366,M,4914691.0,243448.0,14
201700012012,17,9,11,1905,1,2,4,1.0,3.0,14366,M,4914255.0,227272.0,14
201700012013,17,9,14,1415,1,2,3,2.0,3.0,14366,M,4914056.0,23197.0,14
201700012014,17,9,21,635,3,1,1,1.0,7.0,14487,M,4917705.0,210235.0,14
201700012015,17,9,27,1745,1,2,1,1.0,7.0,14366,M,4914603.0,229427.0,14
201700012016,17,10,12,2340,5,2,1,1.0,7.0,14366,M,4914241.0,230673.0,14
201700012017,17,10,15,1720,1,2,6,1.0,2.0,14366,M,4914337.0,218519.0,14
201700012018,17,10,20,1345,1,2,6,1.0,6.0,14366,M,4914345.0,229303.0,14
201700012019,17,10,23,1730,1,2,1,2.0,7.0,14366,M,4914852.0,251970.0,14
201700012020,17,10,26,1425,1,2,3,1.0,3.0,14366,M,4914842.0,255079.0,14
201700012021,17,11,1,100,5,2,1,1.0,6.0,14366,M,4914412.0,25240.0,14
201700012022,17,11,3,1055,1,1,1,1.0,3.0,14366,M,4914437.0,26547.0,14
201700012023,17,11,9,2115,5,2,6,2.0,6.0,14366,M,4914356.0,228770.0,14
201700012024,17,12,2,1355,1,2,1,1.0,3.0,14366,M,4914506.0,230131.0,14
201700012025,17,12,9,440,3,1,1,4.0,6.0,14366,M,4916398.0,224772.0,14
201700012026,17,12,9,540,3,2,1,4.0,6.0,14366,M,4913987.0,257272.0,14
201700012027,17,12,15,1750,3,1,1,8.0,1.0,14487,M,4917439.0,226278.0,14
201700012028,17,12,16,1640,1,2,1,2.0,6.0,14366,M,4914597.0,221795.0,14
201700012029,17,1,11,950,1,2,1,2.0,1.0,37074,M,4724517.0,14986.0,37
201700012030,17,2,7,2030,3,1,1,1.0,6.0,37022,M,4721225.0,20505.0,37
201700012031,17,2,20,1015,1,1,1,2.0,3.0,37202,M,4714378.0,19340.0,37
201700012032,17,3,25,2305,4,2,1,1.0,1.0,37220,M,4718553.0,11198.0,37
201700012033,17,4,7,2050,2,1,1,1.0,7.0,37074,M,4725021.0,11964.0,37
201700012034,17,4,16,1345,1,2,2,1.0,3.0,37022,M,4720158.0,18434.0,37
201700012035,17,5,21,1715,1,2,1,1.0,3.0,37228,M,4729853.0,12174.0,37
201700012036,17,5,24,1955,1,2,1,7.0,3.0,37031,M,4728519.0,17334.0,37
201700012037,17,6,17,2220,3,1,1,1.0,6.0,37202,M,4714840.0,20098.0,37
201700012038,17,6,28,915,1,2,1,2.0,3.0,37031,M,4728936.0,16603.0,37
201700012039,17,7,23,345,3,2,1,1.0,6.0,37072,M,4716897.0,21984.0,37
201700012040,17,7,22,1110,1,1,2,1.0,3.0,37242,M,4722152.0,15175.0,37
201700012041,17,7,24,1400,1,1,2,1.0,3.0,37074,M,4724793.0,12591.0,37
201700012042,17,8,26,425,5,2,1,1.0,7.0,37072,M,4716758.0,22813.0,37
201700012043,17,10,17,1630,1,1,1,1.0,6.0,37118,M,4723382.0,25335.0,37
201700012044,17,11,10,2150,3,1,1,1.0,7.0,37072,M,4717204.0,24507.0,37
201700012045,17,12,21,1930,3,2,1,8.0,6.0,37058,M,4724196.0,16331.0,37
201700012046,17,2,7,1530,1,1,1,1.0,6.0,37038,M,4730532.0,38478.0,37
201700012047,17,4,21,1930,1,1,1,7.0,1.0,37264,M,4730891.0,44605.0,37
201700012048,17,12,9,1648,2,1,1,8.0,7.0,37012,M,4720950.0,43335.0,37
201700012049,17,12,14,1550,1,2,1,2.0,6.0,37271,M,4722249.0,49365.0,37
201700012050,17,1,8,1545,1,1,1,5.0,1.0,37216,M,4716748.0,65187.0,37
201700012051,17,3,11,142,5,2,1,1.0,6.0,37226,M,4711511.0,61936.0,37
201700012052,17,3,23,1050,1,1,2,8.0,3.0,37216,M,4715907.0,57696.0,37
201700012053,17,4,18,1715,1,2,1,1.0,6.0,37216,M,4714676.0,54141.0,37
201700012054,17,4,29,900,1,1,1,7.0,2.0,37226,M,4707757.0,59774.0,37
201700012055,17,6,30,1130,1,1,1,2.0,6.0,37071,M,4706701.0,44349.0,37
201700012056,17,7,12,915,1,1,2,1.0,3.0,37212,M,4715906.0,64760.0,37
201700012057,17,7,30,20,3,1,1,1.0,1.0,37012,M,4721177.0,45852.0,37
201700012058,17,8,1,740,1,1,3,1.0,3.0,37180,M,4711111.0,45820.0,37
201700012059,17,9,6,1810,1,1,1,1.0,6.0,37216,M,4716407.0,54471.0,37
201700012060,17,10,26,1820,2,2,6,1.0,2.0,37226,M,4709662.0,60674.0,37
201700012061,17,11,5,1515,1,1,1,1.0,1.0,37142,M,4703945.0,58141.0,37
201700012062,17,11,12,1845,3,2,1,1.0,6.0,37148,M,4697559.0,45381.0,37
201700012063,17,11,18,700,2,1,1,1.0,6.0,37216,M,4712870.0,54341.0,37
201700012064,17,11,22,1445,1,1,1,1.0,2.0,37119,M,4713081.0,42594.0,37
201700012065,17,11,27,1850,3,1,1,1.0,2.0,37212,M,4714203.0,64447.0,37
201700012066,17,1,5,1045,1,1,1,1.0,6.0,37177,M,4721772.0,124525.0,37
201700012067,17,2,3,1430,1,1,2,6.0,3.0,37049,M,4718117.0,95903.0,37
201700012068,17,2,13,845,1,2,1,1.0,6.0,37046,M,4726097.0,118317.0,37
201700012069,17,2,21,1445,1,1,1,8.0,6.0,37111,M,4721271.0,114128.0,37
201700012070,17,4,16,1520,1,1,1,1.0,7.0,37127,M,4723573.0,109415.0,37
201700012071,17,5,28,1030,1,2,1,7.0,3.0,37173,M,4713376.0,130151.0,37
201700012072,17,6,24,530,2,1,1,1.0,5.0,37016,M,4719537.0,92129.0,37
201700012073,17,6,30,1030,1,1,9,2.0,4.0,37222,M,4708184.0,103841.0,37
201700012074,17,7,3,930,1,1,1,2.0,1.0,37265,M,4706521.0,91911.0,37
201700012075,17,8,12,1025,1,1,1,1.0,3.0,37277,M,4713508.0,123620.0,37
201700012076,17,8,16,1730,1,1,1,1.0,3.0,37173,M,4708993.0,127192.0,37
201700012077,17,9,9,1055,1,1,1,1.0,1.0,37039,M,4703963.0,107994.0,37
201700012078,17,10,13,1945,3,1,2,1.0,3.0,37269,M,4703622.0,103387.0,37
201700012079,17,10,23,1110,1,1,1,1.0,6.0,37234,M,4720385.0,102573.0,37
201700012080,17,11,24,1445,1,1,1,2.0,1.0,37269,M,4705990.0,104322.0,37
201700012081,17,12,2,1420,1,1,2,1.0,3.0,37192,M,4720604.0,90633.0,37
201700012082,17,12,5,1945,3,1,1,1.0,7.0,37133,M,4709033.0,123617.0,37
201700012083,17,12,29,1846,3,1,8,1.0,3.0,37049,M,4715045.0,99976.0,37
201700012084,17,1,27,1605,1,2,1,1.0,6.0,37115,M,4697597.0,69758.0,37
201700012085,17,2,14,2030,4,1,6,1.0,6.0,37130,M,4704823.0,79638.0,37
201700012086,17,5,25,1915,1,1,1,7.0,3.0,37143,M,4714248.0,80058.0,37
201700012087,17,6,26,1430,1,1,1,1.0,1.0,37130,M,4702056.0,84404.0,37
201700012088,17,7,15,1954,1,2,1,1.0,6.0,37103,M,4703165.0,90418.0,37
201700012089,17,7,17,1845,1,1,1,1.0,1.0,37001,M,4694246.0,71007.0,37
201700012090,17,8,5,1815,1,1,3,1.0,6.0,37078,M,4705787.0,86514.0,37
201700012091,17,10,21,1800,1,1,1,1.0,3.0,37143,M,4712215.0,79210.0,37
201700012092,17,11,18,1535,1,1,1,1.0,7.0,37098,M,4705754.0,61621.0,37
201700012093,17,11,24,1626,1,2,7,1.0,6.0,37130,M,4704249.0,81907.0,37
201700012094,17,10,19,2330,5,2,1,1.0,6.0,37218,M,4696878.0,102769.0,37
201700012095,17,1,8,2200,3,1,1,2.0,7.0,37250,M,4721949.0,66407.0,37
201700012096,17,2,15,1040,1,1,1,1.0,3.0,37104,M,4729290.0,78090.0,37
201700012097,17,3,15,1205,1,2,1,1.0,6.0,37154,M,4728423.0,70760.0,37
201700012098,17,4,1,1900,1,1,1,1.0,7.0,37159,M,4727181.0,65889.0,37
201700012099,17,5,13,1425,1,2,1,1.0,6.0,37266,M,4730635.0,69861.0,37
201700012100,17,7,17,1055,1,1,1,1.0,6.0,37083,M,4725324.0,84691.0,37
201700012101,17,8,3,115,3,1,1,1.0,7.0,37211,M,4722473.0,78549.0,37
201700012102,17,8,29,1900,1,2,1,1.0,6.0,37083,M,4726309.0,83604.0,37
201700012103,17,10,6,1900,1,2,1,1.0,6.0,37266,M,4729430.0,72202.0,37
201700012104,17,10,19,840,1,1,1,1.0,4.0,37104,M,4729267.0,79054.0,37
201700012105,17,11,11,630,3,1,1,3.0,6.0,37250,M,4719770.0,66836.0,37
201700012106,17,12,11,555,3,1,1,6.0,1.0,37250,M,4722986.0,68770.0,37
201700012107,17,12,14,1715,5,2,1,3.0,6.0,37083,M,4726923.0,83501.0,37
201700012108,17,12,16,1100,1,2,9,1.0,6.0,37266,M,4728670.0,73663.0,37
201700012109,17,12,10,1045,1,1,9,3.0,3.0,87064,M,4573980.0,172502.0,87
201700012110,17,9,26,1645,1,1,1,1.0,5.0,87174,M,4573470.0,145997.0,87
201700012111,17,10,15,1200,1,1,1,1.0,1.0,87174,M,4576360.0,149740.0,87
201700012112,17,11,28,900,1,1,1,1.0,6.0,87192,M,4575720.0,126219.0,87
201700012113,17,2,2,1940,3,1,3,2.0,3.0,87116,M,4614290.0,106000.0,87
201700012114,17,2,8,740,2,1,1,2.0,2.0,87116,M,4615640.0,106240.0,87
201700012115,17,2,16,1120,1,1,1,1.0,1.0,87055,M,4623400.0,93516.0,87
201700012116,17,3,4,311,3,1,1,3.0,7.0,87116,M,4612720.0,100363.0,87
201700012117,17,4,29,1300,1,1,1,1.0,1.0,87116,M,4614480.0,106155.0,87
201700012118,17,8,6,1150,1,2,2,1.0,3.0,87139,M,4616620.0,95488.0,87
201700012119,17,8,9,1749,1,1,1,2.0,1.0,87103,M,4598530.0,115685.0,87
201700012120,17,8,23,1200,1,1,1,1.0,2.0,87116,M,4613810.0,105422.0,87
201700012121,17,9,13,520,3,1,1,2.0,1.0,87116,M,4612500.0,97464.0,87
201700012122,17,9,20,1358,1,1,1,1.0,7.0,87028,M,4622660.0,90120.0,87
201700012123,17,10,29,420,3,1,1,1.0,1.0,87116,M,4612890.0,102282.0,87
201700012124,17,11,5,1510,1,1,1,1.0,5.0,87116,M,4612860.0,103218.0,87
201700012125,17,1,17,730,2,1,1,1.0,1.0,87180,M,4619930.0,131423.0,87
201700012126,17,2,3,1530,1,1,9,4.0,6.0,87047,M,4597280.0,131944.0,87
201700012127,17,5,29,1415,1,1,1,1.0,1.0,87067,M,4614730.0,145836.0,87
201700012128,17,6,21,1215,1,1,1,1.0,1.0,87173,M,4605260.0,126255.0,87
201700012129,17,6,28,1350,1,1,1,1.0,3.0,87121,M,4615340.0,120090.0,87
201700012130,17,8,12,1945,1,1,1,1.0,2.0,87180,M,4619660.0,127456.0,87
201700012131,17,6,30,1430,1,1,1,2.0,6.0,87182,M,4630120.0,138321.0,87
201700012132,17,7,29,1530,1,1,1,1.0,5.0,87089,M,4618390.0,118114.0,87
201700012133,17,12,21,2325,3,1,1,1.0,3.0,87061,M,4616940.0,114619.0,87
201700012134,17,2,10,930,1,1,1,1.0,7.0,87185,M,4587740.0,100414.0,87
201700012135,17,2,16,1520,1,1,1,1.0,6.0,87110,M,4591600.0,97040.0,87
201700012136,17,2,22,1900,3,1,1,1.0,7.0,87140,M,4590240.0,99038.0,87
201700012137,17,5,4,725,1,2,1,1.0,1.0,87185,M,4587780.0,101384.0,87
201700012138,17,5,30,1300,1,1,1,8.0,1.0,87126,M,4582040.0,87691.0,87
201700012139,17,6,14,2230,3,1,1,1.0,6.0,87126,M,4582050.0,81184.0,87
201700012140,17,6,29,1100,1,2,1,1.0,6.0,87154,M,4589580.0,90698.0,87
201700012141,17,9,13,1815,1,1,1,2.0,3.0,87154,M,4587610.0,89081.0,87
201700012142,17,10,3,1120,1,2,1,8.0,6.0,87154,M,4588550.0,90189.0,87
201700012143,17,10,25,1330,1,1,1,1.0,2.0,87078,M,4595680.0,95352.0,87
201700012144,17,11,21,1130,1,2,9,1.0,2.0,87154,M,4590090.0,93339.0,87
201700012145,17,1,11,1440,1,1,1,2.0,7.0,87168,M,4572340.0,77779.0,87
201700012146,17,3,13,1845,2,1,1,1.0,6.0,87027,M,4561590.0,103399.0,87
201700012147,17,4,24,1800,1,2,1,1.0,4.0,87032,M,4565660.0,98264.0,87
201700012148,17,5,23,1620,1,1,1,1.0,3.0,87066,M,4572260.0,110020.0,87
201700012149,17,6,19,1930,2,1,1,1.0,7.0,87027,M,4563250.0,101123.0,87
201700012150,17,9,17,1500,1,1,3,2.0,3.0,87091,M,4571270.0,72408.0,87
201700012151,17,11,13,630,3,1,1,1.0,1.0,87111,M,4572080.0,86347.0,87
201700012152,17,11,25,1430,1,1,1,1.0,6.0,87204,M,4578620.0,71936.0,87
201700012153,17,12,8,1720,2,1,1,1.0,1.0,87036,M,4569950.0,94896.0,87
201700012154,17,12,13,1855,5,2,1,2.0,6.0,87032,M,4565210.0,98085.0,87
201700012155,17,1,27,830,1,1,1,9.0,7.0,87031,M,4554360.0,113871.0,87
201700012156,17,3,12,845,1,1,1,2.0,6.0,87176,M,4564710.0,127330.0,87
201700012157,17,4,10,945,1,1,1,1.0,2.0,87187,M,4552870.0,120866.0,87
201700012158,17,4,29,1910,1,1,1,1.0,3.0,87077,M,4567150.0,126057.0,87
201700012159,17,4,30,2350,3,1,1,2.0,7.0,87096,M,4560530.0,122961.0,87
201700012160,17,6,8,1910,1,2,9,1.0,3.0,87187,M,4552830.0,120900.0,87
201700012161,17,6,10,1800,1,2,1,7.0,6.0,87187,M,4552350.0,120997.0,87
201700012162,17,6,12,710,1,1,2,1.0,4.0,87106,M,4568400.0,122597.0,87
201700012163,17,10,14,1120,1,1,1,1.0,6.0,87187,M,4551940.0,117217.0,87
201700012164,17,10,7,2200,5,1,1,1.0,6.0,87187,M,4551760.0,118998.0,87
201700012165,17,11,4,1500,1,1,9,1.0,2.0,87127,M,4560940.0,122683.0,87
201700012166,17,9,19,1405,1,2,6,8.0,2.0,23030,M,4595159.0,175778.0,23
201700012167,17,9,23,2045,5,2,1,1.0,6.0,23197,M,4599342.0,197070.0,23
201700012168,17,12,23,2240,3,1,1,1.0,7.0,23168,M,4605136.0,187712.0,23
201700012169,17,6,1,835,1,1,1,1.0,7.0,23112,M,4638730.0,179288.0,23
201700012170,17,6,13,1320,1,1,1,1.0,7.0,23102,M,4622581.0,205458.0,23
201700012171,17,7,23,100,5,2,3,1.0,3.0,23031,M,4634769.0,222765.0,23
201700012172,17,8,4,1830,1,1,1,1.0,1.0,23089,M,4635366.0,199163.0,23
201700012173,17,8,6,230,3,1,1,1.0,6.0,23213,M,4640566.0,218897.0,23
201700012174,17,10,22,2045,3,1,1,1.0,1.0,23146,M,4639775.0,210240.0,23
201700012175,17,11,8,1510,1,1,1,2.0,1.0,23089,M,4634522.0,199589.0,23
201700012176,17,11,10,2150,3,1,1,2.0,7.0,23025,M,4632837.0,194539.0,23
201700012177,17,1,20,1400,1,1,1,1.0,6.0,23106,M,4624525.0,238408.0,23
201700012178,17,3,11,2100,5,2,1,1.0,6.0,23076,M,4617490.0,248869.0,23
201700012179,17,4,21,345,3,1,1,1.0,6.0,23255,M,4624933.0,224367.0,23
201700012180,17,4,30,20,3,1,1,1.0,6.0,23023,M,4622518.0,208445.0,23
201700012181,17,6,21,1420,1,1,1,1.0,6.0,23045,M,4618831.0,239491.0,23
201700012182,17,8,19,1435,1,1,1,1.0,3.0,23149,M,4619922.0,214274.0,23
201700012183,17,8,27,1130,1,1,1,1.0,7.0,23083,M,4609556.0,249789.0,23
201700012184,17,6,21,2100,2,1,1,1.0,6.0,23008,M,4594955.0,216794.0,23
201700012185,17,7,27,2320,3,1,1,1.0,6.0,23185,M,4613846.0,219784.0,23
201700012186,17,7,30,1430,1,1,5,1.0,3.0,23008,M,4593993.0,214520.0,23
201700012187,17,8,2,1715,1,2,1,1.0,7.0,23024,M,4595340.0,213606.0,23
201700012188,17,8,25,1800,1,1,4,1.0,1.0,23179,M,4597056.0,222697.0,23
201700012189,17,7,16,1105,1,1,1,1.0,7.0,23013,M,4601707.0,252022.0,23
201700012190,17,8,12,2135,2,1,1,1.0,7.0,23013,M,4602420.0,251559.0,23
201700012191,17,8,26,1145,1,1,1,1.0,1.0,23226,M,4586505.0,234341.0,23
201700012192,17,9,15,1310,1,1,1,8.0,6.0,23164,M,4606815.0,249978.0,23
201700012193,17,1,14,1615,1,1,3,1.0,3.0,17396,M,4622324.0,-87817.0,17
201700012194,17,1,15,630,2,2,1,1.0,6.0,17008,M,4624671.0,-101971.0,17
201700012195,17,5,13,1650,1,2,3,1.0,3.0,17127,M,4624723.0,-81730.0,17
201700012196,17,5,23,1820,1,2,2,1.0,3.0,17127,M,4624606.0,-81393.0,17
201700012197,17,6,1,1745,1,1,1,1.0,1.0,17041,M,4621862.0,-80895.0,17
201700012198,17,7,16,10,3,1,1,1.0,7.0,17091,M,4625989.0,-110872.0,17
201700012199,17,8,14,455,3,1,1,1.0,6.0,17127,M,4625348.0,-81786.0,17
201700012200,17,8,31,2113,3,1,1,1.0,6.0,17218,M,4633806.0,-99817.0,17
201700012201,17,9,8,1840,1,2,1,1.0,1.0,17186,M,4618953.0,-86366.0,17
201700012202,17,9,10,1800,1,1,1,8.0,6.0,17008,M,4628276.0,-99492.0,17
201700012203,17,9,23,2310,3,1,1,1.0,1.0,17218,M,4632379.0,-97808.0,17
201700012204,17,10,22,930,1,2,6,1.0,3.0,17218,M,4630604.0,-100569.0,17
201700012205,17,11,8,830,1,1,1,1.0,7.0,17322,M,4625750.0,-84095.0,17
201700012206,17,1,22,1945,3,1,1,1.0,7.0,17403,M,4541090.0,-45072.0,17
201700012207,17,2,26,1335,1,2,2,2.0,3.0,17197,M,4544747.0,-43489.0,17
201700012208,17,2,27,730,2,1,2,1.0,2.0,17316,M,4544464.0,-28965.0,17
201700012209,17,3,18,2000,3,1,1,1.0,1.0,17270,M,4541614.0,-41641.0,17
201700012210,17,4,24,1850,1,1,2,1.0,3.0,17108,M,4550686.0,-45475.0,17
201700012211,17,6,15,1730,1,1,3,1.0,3.0,17270,M,4541485.0,-41579.0,17
201700012212,17,7,15,640,1,1,1,1.0,6.0,17363,M,4546546.0,-44527.0,17
201700012213,17,8,13,845,1,1,1,8.0,6.0,17106,M,4557149.0,-30989.0,17
201700012214,17,9,30,2245,3,1,9,1.0,6.0,17020,M,4550661.0,-30130.0,17
201700012215,17,10,12,2030,3,2,3,1.0,1.0,17108,M,4548559.0,-44507.0,17
201700012216,17,11,13,1525,1,2,9,1.0,3.0,17197,M,4544174.0,-43584.0,17
201700012217,17,12,6,900,1,1,1,9.0,6.0,17204,M,4536261.0,-32452.0,17
201700012218,17,4,4,1520,1,1,1,1.0,1.0,17317,M,4541739.0,-62559.0,17
201700012219,17,4,25,630,2,1,1,1.0,6.0,17263,M,4541719.0,-56434.0,17
201700012220,17,5,17,1800,1,1,2,2.0,1.0,17068,M,4550649.0,-73266.0,17
201700012221,17,7,4,1940,2,2,2,7.0,3.0,17430,M,4535380.0,-51504.0,17
201700012222,17,8,6,145,5,2,3,1.0,6.0,17331,M,4547862.0,-56943.0,17