Num_Acc,an,mois,jour,hrmn,lum,agg,int,atm,col,com,gps,lat,long,dep
201700012223,17,8,21,745,1,1,1,7.0,1.0,17332,M,4549639.0,-48389.0,17
201700012224,17,9,1,1500,1,1,1,1.0,6.0,17423,M,4539844.0,-59609.0,17
201700012225,17,10,15,1800,1,1,1,1.0,1.0,17331,M,4547691.0,-58595.0,17
201700012226,17,11,9,815,1,1,3,1.0,7.0,17084,M,4550356.0,-63355.0,17
201700012227,17,1,3,830,1,1,1,9.0,7.0,17260,M,4525107.0,-20436.0,17
201700012228,17,4,22,1750,1,1,3,1.0,3.0,17365,M,4520913.0,-18806.0,17
201700012229,17,5,10,645,2,1,4,1.0,5.0,17365,M,4520974.0,-18824.0,17
201700012230,17,10,27,1805,1,1,2,1.0,3.0,17167,M,4519165.0,-15691.0,17
201700012231,17,12,12,750,3,1,1,5.0,5.0,17365,M,4522456.0,-20601.0,17
201700012232,17,2,6,1715,2,1,1,2.0,6.0,17174,M,4604680.0,-79302.0,17
201700012233,17,2,12,1045,1,1,1,1.0,6.0,17174,M,4604837.0,-79307.0,17
201700012234,17,2,13,1600,1,1,1,2.0,1.0,17205,M,4599087.0,-92115.0,17
201700012235,17,3,7,1610,1,1,1,2.0,1.0,17253,M,4600689.0,-87646.0,17
201700012236,17,3,16,700,2,1,1,1.0,6.0,17353,M,4599277.0,-103533.0,17
201700012237,17,3,19,1135,1,1,1,1.0,7.0,17253,M,4600689.0,-87646.0,17
201700012238,17,7,30,1515,1,1,1,1.0,6.0,17075,M,4591249.0,-83273.0,17
201700012239,17,8,4,1430,1,1,1,1.0,6.0,17253,M,4598658.0,-87420.0,17
201700012240,17,7,23,1615,1,1,1,1.0,6.0,17168,M,4598649.0,-109007.0,17
201700012241,17,8,18,1725,1,1,3,1.0,3.0,17394,M,4611373.0,-69120.0,17
201700012242,17,9,13,100,3,1,1,2.0,2.0,17253,M,4601580.0,-85409.0,17
201700012243,17,11,4,1915,3,1,2,8.0,6.0,17253,M,4598648.0,-90164.0,17
201700012244,17,12,30,1720,2,1,1,1.0,1.0,17253,M,4601234.0,-86009.0,17
201700012245,17,2,20,755,1,2,1,1.0,6.0,17021,M,4575009.0,-115695.0,17
201700012246,17,3,17,1720,1,2,3,1.0,3.0,17452,M,4576142.0,-114168.0,17
201700012247,17,4,22,2000,1,2,1,1.0,6.0,17155,M,4573112.0,-109701.0,17
201700012248,17,5,16,745,1,1,1,1.0,7.0,17409,M,4567819.0,-99846.0,17
201700012249,17,6,7,2025,1,1,1,1.0,6.0,17452,M,4578980.0,-115289.0,17
201700012250,17,7,3,1200,1,1,1,1.0,1.0,17064,M,4570925.0,-106348.0,17
201700012251,17,7,6,1400,1,2,1,1.0,1.0,17225,M,4572921.0,-114172.0,17
201700012252,17,7,9,1650,1,1,1,1.0,7.0,17452,M,4578725.0,-121548.0,17
201700012253,17,8,2,720,1,2,2,1.0,1.0,17452,M,4576096.0,-113796.0,17
201700012254,17,8,6,1355,1,2,1,1.0,3.0,17225,M,4568140.0,-115774.0,17
201700012255,17,8,9,2320,3,1,1,2.0,6.0,17021,M,4573581.0,-112925.0,17
201700012256,17,10,10,730,2,1,1,2.0,3.0,17064,M,4566606.0,-105579.0,17
201700012257,17,10,19,1320,1,1,1,1.0,6.0,17064,M,4566802.0,-105502.0,17
201700012258,17,11,13,200,4,2,1,1.0,6.0,17452,M,4577409.0,-114306.0,17
201700012259,17,12,14,1040,1,2,3,1.0,1.0,17452,M,4577667.0,-114529.0,17
201700012260,17,12,20,1700,1,1,1,1.0,5.0,17064,M,4570834.0,-106213.0,17
201700012261,17,1,22,25,4,2,6,1.0,6.0,17140,M,4591112.0,-126592.0,17
201700012262,17,4,19,1515,1,2,3,1.0,3.0,17385,M,4594031.0,-130304.0,17
201700012263,17,5,4,15,5,1,1,1.0,2.0,17093,M,4585640.0,-118567.0,17
201700012264,17,6,3,1710,1,2,6,1.0,3.0,17411,M,4584509.0,-120942.0,17
201700012265,17,6,16,1620,1,1,1,1.0,6.0,17385,M,4596020.0,-131935.0,17
201700012266,17,7,9,1625,1,2,9,1.0,6.0,17337,M,4597810.0,-135439.0,17
201700012267,17,7,22,1615,1,1,1,1.0,3.0,17093,M,4586599.0,-122166.0,17
201700012268,17,8,2,1550,1,1,3,1.0,3.0,17140,M,4589737.0,-124843.0,17
201700012269,17,8,6,2205,3,1,1,1.0,7.0,17486,M,4600150.0,-136105.0,17
201700012270,17,8,11,1010,1,1,3,1.0,3.0,17140,M,4591662.0,-127429.0,17
201700012271,17,8,10,840,1,1,2,1.0,3.0,17093,M,4588131.0,-122256.0,17
201700012272,17,8,13,1445,1,1,3,1.0,3.0,17486,M,4600737.0,-136904.0,17
201700012273,17,8,15,1850,1,1,9,1.0,6.0,17337,M,4595943.0,-136539.0,17
201700012274,17,8,16,230,3,1,1,1.0,6.0,17385,M,4595263.0,-135047.0,17
201700012275,17,9,2,1645,1,1,1,1.0,3.0,17385,M,4593110.0,-130290.0,17
201700012276,17,9,6,1530,1,2,2,1.0,7.0,17385,M,4594578.0,-130895.0,17
201700012277,17,1,6,1610,1,2,1,1.0,6.0,17107,M,4605325.0,-93336.0,17
201700012278,17,1,12,915,1,1,1,2.0,6.0,17434,M,4611363.0,-73629.0,17
201700012279,17,2,11,545,5,2,1,1.0,6.0,17359,M,4610011.0,-67453.0,17
201700012280,17,2,28,645,3,1,1,3.0,6.0,17447,M,4608911.0,-93913.0,17
201700012281,17,3,10,1550,1,1,1,1.0,6.0,17203,M,4606498.0,-85334.0,17
201700012282,17,3,12,1730,1,2,1,2.0,6.0,17394,M,4611563.0,-67872.0,17
201700012283,17,3,11,1855,1,1,1,1.0,3.0,17359,M,4610141.0,-66455.0,17
201700012284,17,3,20,1045,1,1,1,1.0,2.0,17447,M,4609615.0,-94159.0,17
201700012285,17,3,26,1150,1,2,2,1.0,2.0,17434,M,4611292.0,-74748.0,17
201700012286,17,4,10,1605,1,2,1,1.0,6.0,17434,M,4611356.0,-74890.0,17
201700012287,17,4,13,1815,1,1,9,1.0,3.0,17359,M,4609636.0,-72486.0,17
201700012288,17,4,13,1310,1,2,1,1.0,6.0,17434,M,4610669.0,-75203.0,17
201700012289,17,5,27,1215,1,1,2,7.0,3.0,17480,M,4614355.0,-85629.0,17
201700012290,17,6,1,2055,1,1,1,1.0,6.0,17221,M,4613320.0,-58387.0,17
201700012291,17,6,9,1735,1,1,1,1.0,3.0,17340,M,4607784.0,-78155.0,17
201700012292,17,6,22,515,2,1,1,1.0,6.0,17293,M,4612519.0,-77198.0,17
201700012293,17,7,2,1100,1,2,1,1.0,3.0,17434,M,4610653.0,-74803.0,17
201700012294,17,8,22,1115,1,1,2,1.0,3.0,17394,M,4613275.0,-66668.0,17
201700012295,17,9,21,830,1,2,9,1.0,6.0,17434,M,4610568.0,-75156.0,17
201700012296,17,9,22,1745,1,1,9,1.0,5.0,17340,M,4605566.0,-80893.0,17
201700012297,17,9,29,1720,1,1,4,1.0,7.0,17293,M,4613407.0,-78642.0,17
201700012298,17,9,29,2030,2,1,1,1.0,6.0,17482,M,4613466.0,-78834.0,17
201700012299,17,10,27,805,2,1,2,1.0,2.0,17166,M,4609957.0,-89462.0,17
201700012300,17,11,2,1845,2,2,4,1.0,3.0,17480,M,4614182.0,-90299.0,17
201700012301,17,11,4,1140,1,1,4,1.0,2.0,17166,M,4610115.0,-87178.0,17
201700012302,17,11,10,1515,1,1,1,1.0,7.0,17434,M,4612904.0,-69580.0,17
201700012303,17,11,20,1810,3,1,1,1.0,3.0,17340,M,4606342.0,-79623.0,17
201700012304,17,11,22,1645,2,1,1,1.0,2.0,17003,M,4612379.0,-92685.0,17
201700012305,17,11,24,1645,1,1,2,8.0,3.0,17434,M,4609459.0,-75319.0,17
201700012306,17,12,16,830,1,2,1,1.0,1.0,17003,M,4611599.0,-93633.0,17
201700012307,17,2,10,1350,1,2,2,1.0,3.0,17347,M,4594342.0,-51407.0,17
201700012308,17,3,30,1830,1,2,1,1.0,6.0,17226,M,4593348.0,-53362.0,17
201700012309,17,4,12,1615,1,1,3,1.0,1.0,17344,M,4585062.0,-51715.0,17
201700012310,17,5,10,1300,1,1,1,3.0,1.0,17022,M,4590956.0,-53667.0,17
201700012311,17,6,18,20,5,2,2,1.0,3.0,17440,M,4594345.0,-53931.0,17
201700012312,17,7,24,2020,1,1,1,1.0,6.0,17022,M,4589886.0,-53066.0,17
201700012313,17,8,13,1720,1,1,1,1.0,6.0,17017,M,4595616.0,-69649.0,17
201700012314,17,8,31,1620,1,2,1,1.0,2.0,17347,M,4594287.0,-51534.0,17
201700012315,17,9,7,2230,5,2,1,1.0,6.0,17448,M,4596647.0,-71237.0,17
201700012316,17,12,27,1900,5,2,2,1.0,3.0,17347,M,4593981.0,-51141.0,17
201700012317,17,1,9,1630,1,1,1,2.0,6.0,17177,M,4593673.0,-24754.0,17
201700012318,17,2,18,1715,1,1,1,1.0,7.0,17043,M,4609921.0,-65243.0,17
201700012319,17,3,19,1115,1,2,1,1.0,6.0,17177,M,4593015.0,-24589.0,17
201700012320,17,3,21,1035,1,2,1,2.0,6.0,17024,M,4602199.0,-34990.0,17
201700012321,17,5,21,1115,1,1,4,1.0,6.0,17384,M,4603163.0,-44423.0,17
201700012322,17,8,5,520,2,1,1,1.0,7.0,17478,M,4604260.0,-21655.0,17
201700012323,17,9,1,1820,1,1,1,2.0,6.0,17473,M,4599925.0,-29564.0,17
201700012324,17,12,31,400,3,1,1,1.0,6.0,17383,M,4597307.0,-39668.0,17
201700012325,17,1,16,1300,1,2,3,1.0,3.0,17023,M,4584240.0,-39745.0,17
201700012326,17,4,7,1845,1,2,1,1.0,6.0,17314,M,4576285.0,-49796.0,17
201700012327,17,4,13,1255,1,2,2,1.0,3.0,17224,M,4586442.0,-31697.0,17
201700012328,17,5,12,1330,1,1,1,1.0,7.0,17048,M,4587219.0,-36047.0,17
201700012329,17,5,13,30,3,1,1,1.0,6.0,17188,M,4587132.0,-24822.0,17
201700012330,17,5,24,1005,1,2,1,1.0,1.0,17224,M,4587579.0,-30941.0,17
201700012331,17,8,29,1840,1,2,1,1.0,6.0,17072,M,4577511.0,-41907.0,17
201700012332,17,10,10,740,4,1,1,1.0,6.0,17377,M,4587225.0,-17311.0,17
201700012333,17,7,9,550,2,2,1,1.0,6.0,28147,M,4853980.0,124253.0,28
201700012334,17,7,20,730,1,1,1,1.0,6.0,28386,M,4856116.0,125221.0,28
201700012335,17,8,26,2115,3,1,1,1.0,1.0,28393,M,4863266.0,141130.0,28
201700012336,17,12,14,2215,3,1,1,2.0,6.0,28116,M,4845144.0,123151.0,28
201700012337,17,12,15,1115,1,1,1,6.0,1.0,28386,M,4854836.0,124576.0,28
201700012338,17,12,25,1745,3,1,1,1.0,6.0,28339,M,4843103.0,123404.0,28
201700012339,17,2,13,1715,1,2,1,1.0,3.0,28195,M,4856681.0,160660.0,28
201700012340,17,2,18,1600,1,1,2,1.0,3.0,28421,M,4839732.0,171079.0,28
201700012341,17,2,24,1915,3,1,2,1.0,3.0,28317,M,4843133.0,174416.0,28
201700012342,17,2,24,1150,1,2,1,7.0,1.0,28140,M,4859224.0,168494.0,28
201700012343,17,3,9,2010,3,1,1,1.0,1.0,28195,M,4857627.0,160334.0,28
201700012344,17,4,3,1506,1,2,2,1.0,6.0,28285,M,4846417.0,170251.0,28
201700012345,17,4,9,2355,3,1,1,1.0,6.0,28201,M,4852874.0,153523.0,28
201700012346,17,4,10,2315,5,2,1,1.0,6.0,28294,M,4839388.0,195832.0,28
201700012347,17,6,4,1800,1,1,1,1.0,6.0,28015,M,4851863.0,176289.0,28
201700012348,17,6,22,715,1,2,6,1.0,1.0,28140,M,4860398.0,167258.0,28
201700012349,17,7,5,800,2,2,6,1.0,3.0,28023,M,4854077.0,164033.0,28
201700012350,17,8,11,1615,1,2,1,1.0,3.0,28039,M,4843562.0,171876.0,28
201700012351,17,8,17,522,3,1,1,1.0,3.0,28015,M,4846514.0,175509.0,28
201700012352,17,9,24,40,3,1,1,1.0,6.0,28425,M,4849859.0,170906.0,28
201700012353,17,11,18,1945,3,1,4,1.0,6.0,28249,M,4856830.0,159303.0,28
201700012354,17,11,30,645,5,2,3,1.0,6.0,28227,M,4858365.0,158968.0,28
201700012355,17,12,7,1745,3,1,1,2.0,5.0,28084,M,4857153.0,156432.0,28
201700012356,17,8,20,1715,1,1,4,1.0,6.0,28311,M,4820669.0,184257.0,28
201700012357,17,9,21,728,1,2,3,1.0,3.0,28383,M,4834565.0,155985.0,28
201700012358,17,10,8,2015,3,1,1,1.0,5.0,28025,M,4827363.0,197549.0,28
201700012359,17,1,14,1855,3,1,9,2.0,7.0,28157,M,4816524.0,165699.0,28
201700012360,17,1,26,1715,1,1,2,1.0,3.0,28277,M,4818483.0,153063.0,28
201700012361,17,1,28,1655,1,2,1,1.0,6.0,28051,M,4817872.0,138101.0,28
201700012362,17,2,3,745,2,1,2,1.0,3.0,28418,M,4813770.0,149228.0,28
201700012363,17,2,10,720,2,1,1,1.0,4.0,28287,M,4815128.0,171452.0,28
201700012364,17,2,20,1910,3,1,2,2.0,1.0,28305,M,4818570.0,149873.0,28
201700012365,17,4,6,1700,1,2,1,1.0,6.0,28051,M,4818112.0,138606.0,28
201700012366,17,4,30,1825,2,1,1,2.0,5.0,28259,M,4823128.0,141190.0,28
201700012367,17,5,13,1045,1,1,1,1.0,1.0,28419,M,4826750.0,141514.0,28
201700012368,17,6,25,2215,3,1,1,1.0,1.0,28370,M,4824902.0,131147.0,28
201700012369,17,1,20,2035,3,1,1,1.0,6.0,28405,M,4874640.0,127888.0,28
201700012370,17,1,25,2310,5,2,1,1.0,6.0,28348,M,4875768.0,121116.0,28
201700012371,17,3,14,1835,1,1,1,2.0,2.0,28359,M,4875475.0,125256.0,28
201700012372,17,4,28,1945,1,1,1,1.0,3.0,28239,M,4868055.0,137441.0,28
201700012373,17,6,21,1305,1,1,1,1.0,5.0,28405,M,4875045.0,126291.0,28
201700012374,17,6,23,1425,1,1,1,7.0,5.0,28003,M,4871565.0,128522.0,28
201700012375,17,7,2,1920,1,2,1,1.0,6.0,28359,M,4876343.0,124162.0,28
201700012376,17,7,16,1120,1,2,2,1.0,3.0,28003,M,4872274.0,129985.0,28
201700012377,17,5,15,1054,1,2,4,1.0,1.0,28373,M,4855957.0,104553.0,28
201700012378,17,5,18,1415,1,2,1,3.0,1.0,28046,M,4869565.0,89940.0,28
201700012379,17,7,17,100,3,1,1,1.0,6.0,28130,M,4853777.0,114830.0,28
201700012380,17,7,31,1357,1,1,1,1.0,7.0,28226,M,4813475.0,107878.0,28
201700012381,17,8,29,550,3,1,1,1.0,1.0,28226,M,4861432.0,116321.0,28
201700012382,17,9,14,715,2,1,1,2.0,3.0,28206,M,4870280.0,116054.0,28
201700012383,17,9,20,1640,1,1,1,1.0,7.0,28346,M,4871108.0,110797.0,28
201700012384,17,10,13,1310,1,1,1,1.0,6.0,28206,M,4869573.0,118964.0,28
201700012385,17,12,7,800,2,2,1,5.0,6.0,28149,M,4861471.0,88630.0,28
201700012386,17,4,16,545,3,1,1,1.0,1.0,28078,M,4810822.0,86993.0,28
201700012387,17,4,24,1130,1,2,1,1.0,6.0,28236,M,4833349.0,83367.0,28
201700012388,17,7,5,1650,1,1,3,1.0,1.0,28063,M,4832006.0,94959.0,28
201700012389,17,7,15,1910,1,1,1,1.0,6.0,28080,M,4817579.0,95811.0,28
201700012390,17,8,25,530,3,1,1,1.0,7.0,28273,M,4821394.0,100879.0,28
201700012391,17,10,30,1325,1,2,3,1.0,1.0,28280,M,4831269.0,82072.0,28
201700012392,17,11,5,658,3,1,4,1.0,6.0,28072,M,4830955.0,89249.0,28
201700012393,17,1,26,825,1,1,2,1.0,3.0,28240,M,4849146.0,97261.0,28
201700012394,17,2,14,1900,2,1,1,1.0,6.0,28354,M,4848375.0,105653.0,28
201700012395,17,2,26,1750,1,1,1,8.0,6.0,28109,M,4835065.0,117035.0,28
201700012396,17,3,2,2130,3,1,2,1.0,3.0,28166,M,4842471.0,113359.0,28
201700012397,17,7,15,2350,3,1,1,1.0,3.0,28156,M,4850466.0,98791.0,28
201700012398,17,8,25,910,1,1,1,1.0,7.0,28156,M,4849436.0,99020.0,28
201700012399,17,9,1,1940,1,1,1,1.0,7.0,28166,M,4842247.0,112449.0,28
201700012400,17,9,23,1340,1,1,1,1.0,6.0,28109,M,4836789.0,115866.0,28
201700012401,17,10,6,930,1,2,1,1.0,6.0,28214,M,4847175.0,101391.0,28
201700012402,17,12,8,2138,3,1,1,4.0,6.0,28071,M,4839655.0,107390.0,28
201700012403,17,12,8,2300,3,1,1,9.0,6.0,28214,M,4846136.0,99933.0,28
201700012404,17,1,11,1835,5,2,1,1.0,6.0,27198,M,4886558.0,106995.0,27
201700012405,17,2,23,1645,1,2,3,1.0,3.0,27423,M,4877076.0,133082.0,27
201700012406,17,3,28,1345,1,1,1,1.0,1.0,27543,M,4879355.0,136139.0,27
201700012407,17,4,11,2200,3,1,6,1.0,1.0,27390,M,4883403.0,119949.0,27
201700012408,17,4,23,1415,1,1,9,7.0,6.0,27181,M,4881296.0,125865.0,27
201700012409,17,6,14,800,1,1,1,1.0,6.0,27198,M,4887079.0,107713.0,27
201700012410,17,6,15,1640,1,1,5,1.0,3.0,27166,M,4882384.0,100783.0,27
201700012411,17,7,7,2000,1,1,9,1.0,3.0,27166,M,4882371.0,100777.0,27
201700012412,17,7,8,1450,1,1,2,1.0,3.0,27350,M,4882052.0,129007.0,27
201700012413,17,7,21,1130,1,1,1,1.0,7.0,27390,M,4881421.0,119279.0,27
201700012414,17,8,20,1600,1,1,2,1.0,3.0,27491,M,4882370.0,100790.0,27
201700012415,17,9,21,745,1,1,3,1.0,3.0,27423,M,4877540.0,133680.0,27
201700012416,17,1,12,1455,1,1,2,3.0,3.0,27383,M,4874400.0,84272.0,27
201700012417,17,1,25,1430,1,1,1,1.0,1.0,27481,M,4871389.0,85630.0,27
201700012418,17,1,30,615,5,2,2,2.0,3.0,27679,M,4873268.0,92816.0,27
201700012419,17,2,10,1205,1,2,1,1.0,2.0,27679,M,4874926.0,92987.0,27
201700012420,17,4,26,1310,1,1,2,1.0,3.0,27643,M,4876903.0,105451.0,27
201700012421,17,5,4,910,1,1,2,8.0,3.0,27108,M,4874603.0,81837.0,27
201700012422,17,5,9,1235,1,1,9,1.0,5.0,27019,M,4868254.0,80389.0,27
201700012423,17,5,16,5,3,2,1,1.0,6.0,27019,M,4868530.0,80964.0,27
201700012424,17,5,30,2120,2,1,6,1.0,6.0,27112,M,4886976.0,86937.0,27
201700012425,17,6,1,1405,1,1,1,1.0,7.0,27225,M,4887878.0,99390.0,27
201700012426,17,6,24,100,5,2,1,1.0,6.0,27112,M,4883939.0,90972.0,27
201700012427,17,7,15,700,2,1,1,1.0,6.0,27069,M,4881802.0,74575.0,27
201700012428,17,7,15,1540,1,1,2,1.0,1.0,27578,M,4880094.0,92199.0,27
201700012429,17,9,8,1910,2,1,1,2.0,7.0,27508,M,4883790.0,68880.0,27
201700012430,17,11,9,755,1,1,2,1.0,3.0,27036,M,4874744.0,97730.0,27
201700012431,17,11,1,1915,3,1,1,1.0,2.0,27108,M,4874693.0,80740.0,27
201700012432,17,11,19,1255,1,1,1,1.0,6.0,27291,M,4871739.0,77554.0,27
201700012433,17,12,2,335,5,2,1,1.0,6.0,27679,M,4874087.0,93792.0,27
201700012434,17,12,23,1128,1,1,2,1.0,3.0,27491,M,4882373.0,100790.0,27
201700012435,17,12,30,2345,3,1,1,2.0,2.0,27679,M,4872530.0,89719.0,27
201700012436,17,2,9,630,3,1,1,1.0,1.0,27129,M,4907864.0,55903.0,27
201700012437,17,3,4,2040,5,2,1,2.0,6.0,27629,M,4909737.0,145765.0,27
201700012438,17,3,20,2005,3,2,2,1.0,6.0,27056,M,4908252.0,58857.0,27
201700012439,17,4,3,730,2,1,1,5.0,7.0,27455,M,4917137.0,40764.0,27
201700012440,17,4,12,1410,1,1,1,1.0,3.0,27252,M,4914592.0,46858.0,27
201700012441,17,4,16,115,5,2,7,1.0,7.0,27627,M,4915410.0,53815.0,27
201700012442,17,4,23,610,2,1,1,5.0,2.0,27056,M,4909868.0,56302.0,27
201700012443,17,4,24,945,1,1,1,1.0,6.0,27129,M,4908003.0,56788.0,27
201700012444,17,7,21,2040,1,1,1,1.0,3.0,27455,M,4916960.0,41712.0,27
201700012445,17,7,30,1729,1,1,2,1.0,3.0,27455,M,4917510.0,40410.0,27
201700012446,17,8,14,1200,1,1,1,1.0,7.0,27552,M,4902218.0,46220.0,27
201700012447,17,8,18,1440,1,2,1,7.0,6.0,27208,M,4914860.0,50380.0,27
201700012448,17,8,29,1010,1,1,2,1.0,2.0,27600,M,4905480.0,56940.0,27
201700012449,17,9,13,1200,1,1,1,1.0,1.0,27514,M,4900252.0,48864.0,27
201700012450,17,9,15,700,2,1,1,3.0,7.0,27455,M,4917320.0,41120.0,27
201700012451,17,9,19,1400,1,2,1,1.0,6.0,27056,M,4908772.0,60028.0,27
201700012452,17,9,21,1315,1,2,1,1.0,3.0,27398,M,4909669.0,62464.0,27
201700012453,17,10,20,2010,5,2,9,1.0,3.0,27056,M,4908730.0,59502.0,27
201700012454,17,9,25,1340,1,1,1,1.0,3.0,27179,M,4914022.0,54207.0,27
201700012455,17,9,27,1820,1,1,1,1.0,6.0,27295,M,4902308.0,53032.0,27
201700012456,17,10,8,2025,2,1,1,2.0,7.0,27117,M,4899842.0,52594.0,27
201700012457,17,10,16,1145,1,2,1,1.0,3.0,27629,M,4913741.0,45721.0,27
201700012458,17,11,26,633,5,2,1,2.0,6.0,27056,M,4907756.0,59183.0,27
201700012459,17,1,1,1730,3,1,1,5.0,5.0,27210,M,4913150.0,81696.0,27
201700012460,17,1,20,1550,1,1,1,1.0,1.0,27444,M,4899753.0,74897.0,27
201700012461,17,2,14,2040,3,2,4,1.0,3.0,27622,M,4910903.0,72590.0,27
201700012462,17,2,16,1220,1,1,1,1.0,1.0,27210,M,4912983.0,81686.0,27
201700012463,17,4,22,950,1,1,2,1.0,3.0,27210,M,4913063.0,81329.0,27
201700012464,17,5,6,1140,1,1,2,2.0,6.0,27125,M,4917688.0,76361.0,27
201700012465,17,6,4,935,1,2,1,1.0,6.0,27356,M,4902713.0,61588.0,27
201700012466,17,7,9,1725,1,1,1,1.0,6.0,27050,M,4909930.0,75520.0,27
201700012467,17,9,7,1925,1,1,1,1.0,7.0,27516,M,4904200.0,62178.0,27
201700012468,17,9,26,1405,1,1,1,1.0,7.0,27109,M,4910118.0,82130.0,27
201700012469,17,11,26,1855,3,1,2,2.0,3.0,27131,M,4914682.0,66212.0,27
201700012470,17,12,13,1845,3,2,2,3.0,3.0,27290,M,4913001.0,79233.0,27
201700012471,17,12,31,1627,1,1,1,3.0,6.0,27373,M,4941992.0,147906.0,27
201700012472,17,1,5,1545,1,2,1,7.0,6.0,27453,M,4941020.0,134673.0,27
201700012473,17,3,17,800,1,1,1,1.0,6.0,27488,M,4937644.0,132766.0,27
201700012474,17,4,16,1905,1,1,1,1.0,6.0,27453,M,4939046.0,137499.0,27
201700012475,17,4,24,1,3,1,1,1.0,6.0,27214,M,4930765.0,140573.0,27
201700012476,17,6,17,1730,1,1,1,1.0,1.0,27013,M,4930232.0,126514.0,27
201700012477,17,7,8,1000,1,2,1,1.0,6.0,27470,M,4933112.0,128025.0,27
201700012478,17,7,21,855,1,1,1,1.0,3.0,27453,M,4938737.0,137575.0,27
201700012479,17,9,12,1815,1,1,1,8.0,1.0,27407,M,4932278.0,146543.0,27
201700012480,17,10,6,1700,1,2,1,1.0,1.0,27214,M,4930890.0,143459.0,27
201700012481,17,1,7,930,1,2,1,8.0,6.0,27067,M,4929485.0,170333.0,27
201700012482,17,1,17,1220,1,1,2,7.0,3.0,27690,M,4924816.0,161128.0,27
201700012483,17,2,19,1035,1,2,1,1.0,7.0,27284,M,4927873.0,177667.0,27
201700012484,17,2,19,2030,3,1,2,1.0,3.0,27026,M,4923045.0,162222.0,27
201700012485,17,2,25,1710,1,2,3,1.0,6.0,27284,M,4928152.0,178256.0,27
201700012486,17,3,1,340,3,1,1,1.0,6.0,27059,M,4930011.0,165302.0,27
201700012487,17,2,28,1830,2,2,3,1.0,4.0,27284,M,4927371.0,177553.0,27
201700012488,17,6,14,930,1,2,1,1.0,6.0,27226,M,4930760.0,160995.0,27
201700012489,17,7,9,1830,1,1,1,1.0,2.0,27490,M,4926430.0,154160.0,27
201700012490,17,7,14,1715,1,2,1,1.0,7.0,27480,M,4934163.0,153359.0,27
201700012491,17,8,24,1830,1,1,1,1.0,2.0,27632,M,4931110.0,153270.0,27
201700012492,17,9,6,1900,1,1,1,1.0,7.0,27690,M,4924967.0,157874.0,27
201700012493,17,9,12,2030,5,2,1,2.0,1.0,27304,M,4922100.0,168100.0,27
201700012494,17,10,15,1630,1,1,1,1.0,7.0,27377,M,4938263.0,151879.0,27
201700012495,17,10,13,2230,3,1,2,1.0,3.0,27226,M,4931837.0,163341.0,27
201700012496,17,10,21,1550,1,1,4,1.0,7.0,27682,M,4923870.0,164121.0,27
201700012497,17,10,28,1555,1,1,1,1.0,5.0,27633,M,4923940.0,160090.0,27
201700012498,17,11,13,915,1,1,1,1.0,6.0,27026,M,4921730.0,165350.0,27
201700012499,17,11,22,1830,5,2,3,1.0,1.0,27284,M,4927923.0,177797.0,27
201700012500,17,3,4,640,3,1,1,2.0,6.0,27210,M,4912127.0,85489.0,27
201700012501,17,4,6,2130,3,1,2,1.0,1.0,27282,M,4904894.0,106359.0,27
201700012502,17,4,30,2020,3,2,1,2.0,6.0,27595,M,4924382.0,91524.0,27
201700012503,17,5,3,745,1,1,2,1.0,6.0,27011,M,4922042.0,91619.0,27
201700012504,17,5,23,1935,1,1,2,1.0,3.0,27057,M,4906915.0,102928.0,27
201700012505,17,6,8,1740,1,1,1,1.0,7.0,27638,M,4924583.0,91990.0,27
201700012506,17,8,19,1045,1,2,1,1.0,3.0,27428,M,4914960.0,91770.0,27
201700012507,17,9,6,1515,1,1,1,1.0,6.0,27638,M,4926220.0,92500.0,27
201700012508,17,9,7,2045,2,2,1,1.0,6.0,27638,M,4926080.0,94160.0,27
201700012509,17,9,21,1540,1,1,2,1.0,2.0,27545,M,4924439.0,99087.0,27
201700012510,17,10,7,2335,3,1,1,2.0,6.0,27215,M,4916170.0,100800.0,27
201700012511,17,10,10,2000,3,1,1,1.0,2.0,27524,M,4910590.0,92340.0,27
201700012512,17,10,18,1330,1,1,9,1.0,6.0,27534,M,4925180.0,104240.0,27
201700012513,17,10,28,820,2,1,1,1.0,3.0,27302,M,4922150.0,82600.0,27
201700012514,17,12,15,2315,3,1,2,2.0,3.0,27572,M,4922180.0,88168.0,27
201700012515,17,3,12,2135,3,1,9,1.0,6.0,27263,M,4938370.0,57104.0,27
201700012516,17,3,25,1610,1,1,1,1.0,6.0,27107,M,4938729.0,63808.0,27
201700012517,17,3,27,1900,1,1,1,1.0,7.0,27107,M,4939007.0,64403.0,27
201700012518,17,4,16,2145,3,1,1,1.0,6.0,27656,M,4936448.0,46900.0,27
201700012519,17,7,24,1310,1,1,1,8.0,1.0,27100,M,4935890.0,37643.0,27
201700012520,17,8,4,1230,1,1,1,1.0,5.0,27563,M,4936770.0,52049.0,27
201700012521,17,8,27,400,3,2,1,1.0,7.0,27646,M,4933980.0,38680.0,27
201700012522,17,12,25,1730,5,1,1,1.0,3.0,27549,M,4933988.0,52566.0,27
201700012523,17,1,11,2030,3,1,1,1.0,1.0,27091,M,4935922.0,86407.0,27
201700012524,17,2,17,1605,1,2,1,1.0,3.0,27085,M,4932019.0,80712.0,27
201700012525,17,3,7,1945,3,1,1,1.0,1.0,27497,M,4936985.0,75862.0,27