Num_Acc,an,mois,jour,hrmn,lum,agg,int,atm,col,com,gps,lat,long,dep
201700012526,17,3,18,35,3,2,1,2.0,6.0,27316,M,4939532.0,78558.0,27
201700012527,17,4,7,2235,5,1,1,1.0,6.0,27105,M,4931350.0,89235.0,27
201700012528,17,4,10,2004,1,1,1,1.0,6.0,27084,M,4930818.0,85377.0,27
201700012529,17,5,28,2130,2,2,2,1.0,3.0,27102,M,4936350.0,78536.0,27
201700012530,17,6,21,1045,1,1,2,1.0,3.0,27105,M,4928901.0,88976.0,27
201700012531,17,7,5,1800,1,1,3,1.0,3.0,27039,M,4937436.0,85126.0,27
201700012532,17,11,17,2112,3,2,4,1.0,3.0,27105,M,4931022.0,88803.0,27
201700012533,17,12,2,1820,5,2,1,8.0,6.0,27500,M,4937615.0,72946.0,27
201700012534,17,5,5,2300,3,1,1,1.0,2.0,27434,M,4922613.0,49046.0,27
201700012535,17,6,24,2300,3,1,1,1.0,6.0,27367,M,4923946.0,52765.0,27
201700012536,17,7,6,815,1,1,1,1.0,2.0,27218,M,4928941.0,44928.0,27
201700012537,17,7,22,1635,1,2,1,2.0,1.0,27594,M,4926848.0,60175.0,27
201700012538,17,10,29,1120,1,1,1,3.0,1.0,27542,M,4923450.0,58797.0,27
201700012539,17,11,9,1845,3,1,1,2.0,6.0,27349,M,4931160.0,69930.0,27
201700012540,17,4,6,1100,1,1,1,1.0,2.0,85046,M,4666604.0,-129689.0,85
201700012541,17,4,7,734,1,1,2,1.0,3.0,85073,M,4650960.0,-116077.0,85
201700012542,17,5,23,2230,3,1,2,1.0,3.0,85073,M,4650960.0,-116074.0,85
201700012543,17,6,5,1120,1,2,1,1.0,1.0,85135,M,4653594.0,-122322.0,85
201700012544,17,7,11,1045,1,1,1,1.0,2.0,85046,M,4666459.0,-128893.0,85
201700012545,17,7,16,720,2,1,1,1.0,6.0,85046,M,4662755.0,-131958.0,85
201700012546,17,7,27,2310,5,2,1,1.0,6.0,85135,M,4653314.0,-121640.0,85
201700012547,17,8,3,2300,3,1,2,1.0,3.0,85171,M,4649575.0,-124623.0,85
201700012548,17,8,17,230,3,1,1,1.0,6.0,85069,M,4663680.0,-143840.0,85
201700012549,17,10,2,1515,1,2,1,1.0,1.0,85008,M,4660239.0,-145260.0,85
201700012550,17,10,4,1800,1,1,1,7.0,7.0,85069,M,4665426.0,-148515.0,85
201700012551,17,10,15,1500,1,1,2,1.0,1.0,85135,M,4654389.0,-124215.0,85
201700012552,17,10,26,2310,3,1,1,5.0,6.0,85036,M,4650328.0,-126669.0,85
201700012553,17,11,5,1715,1,1,1,7.0,7.0,85291,M,4660682.0,-127207.0,85
201700012554,17,1,5,620,5,2,1,8.0,6.0,85089,M,4671503.0,-131229.0,85
201700012555,17,1,9,915,1,2,9,2.0,6.0,85051,M,4668516.0,-104953.0,85
201700012556,17,2,14,1800,2,1,3,1.0,3.0,85084,M,4678994.0,-118671.0,85
201700012557,17,3,16,1240,1,1,1,1.0,2.0,85282,M,4672463.0,-100459.0,85
201700012558,17,3,17,1635,1,2,1,1.0,3.0,85220,M,4672246.0,-102443.0,85
201700012559,17,4,6,1435,1,2,1,1.0,3.0,85212,M,4679885.0,-115180.0,85
201700012560,17,4,29,615,5,1,1,1.0,6.0,85081,M,4673745.0,-143092.0,85
201700012561,17,5,24,1120,1,1,1,1.0,3.0,85051,M,4671030.0,-102794.0,85
201700012562,17,6,3,2350,3,1,1,1.0,7.0,85165,M,4676933.0,-110923.0,85
201700012563,17,8,6,950,1,2,6,1.0,3.0,85084,M,4677505.0,-123216.0,85
201700012564,17,9,16,830,1,1,1,5.0,7.0,85220,M,4672914.0,-104400.0,85
201700012565,17,9,28,1300,1,2,1,1.0,3.0,85051,M,4670195.0,-103926.0,85
201700012566,17,10,2,2000,3,1,2,1.0,1.0,85081,M,4674316.0,-141242.0,85
201700012567,17,11,13,1700,1,1,3,1.0,5.0,85089,M,4670353.0,-133694.0,85
201700012568,17,11,22,700,3,2,1,5.0,6.0,85282,M,4670392.0,-97954.0,85
201700012569,17,12,15,2020,3,1,3,1.0,1.0,85084,M,4677805.0,-124914.0,85
201700012570,17,1,12,755,3,1,2,2.0,3.0,85107,M,4696425.0,-127298.0,85
201700012571,17,2,6,1230,1,2,1,1.0,1.0,85146,M,4697782.0,-131275.0,85
201700012572,17,2,16,1625,1,2,1,1.0,6.0,85027,M,4697002.0,-132482.0,85
201700012573,17,3,1,730,2,2,6,3.0,3.0,85146,M,4697888.0,-130265.0,85
201700012574,17,4,24,705,2,1,3,7.0,3.0,85027,M,4695144.0,-134763.0,85
201700012575,17,5,4,1210,1,1,1,7.0,3.0,85217,M,4692454.0,-130708.0,85
201700012576,17,7,21,1215,1,1,3,1.0,1.0,85039,M,4700724.0,-118520.0,85
201700012577,17,8,15,715,1,1,1,1.0,5.0,85262,M,4696976.0,-151696.0,85
201700012578,17,9,15,1710,1,2,1,1.0,6.0,85027,M,4695991.0,-134201.0,85
201700012579,17,10,26,615,3,1,1,5.0,6.0,85190,M,4692534.0,-149798.0,85
201700012580,17,10,31,1915,3,1,1,1.0,7.0,85295,M,4698010.0,-121505.0,85
201700012581,17,11,3,1945,3,1,1,2.0,6.0,85025,M,4697179.0,-120639.0,85
201700012582,17,12,9,1930,3,1,1,3.0,5.0,85108,M,4693622.0,-135778.0,85
201700012583,17,3,2,1040,1,1,1,1.0,2.0,85104,M,4634902.0,-132763.0,85
201700012584,17,3,28,1500,1,2,2,1.0,3.0,85001,M,4633719.0,-131177.0,85
201700012585,17,8,3,1556,1,2,3,1.0,3.0,85105,M,4636906.0,-91836.0,85
201700012586,17,8,9,1400,1,2,3,1.0,3.0,85185,M,4637618.0,-107800.0,85
201700012587,17,8,17,1140,1,1,1,1.0,6.0,85128,M,4646844.0,-115435.0,85
201700012588,17,8,22,755,1,2,1,1.0,2.0,85128,M,4645832.0,-114716.0,85
201700012589,17,8,25,1725,1,1,1,1.0,5.0,85149,M,4642480.0,-109491.0,85
201700012590,17,9,1,2030,2,1,1,1.0,7.0,85049,M,4640494.0,-113743.0,85
201700012591,17,11,8,1905,5,2,2,1.0,6.0,85233,M,4652338.0,-108296.0,85
201700012592,17,11,14,1154,1,1,2,1.0,4.0,85128,M,4648448.0,-118535.0,85
201700012593,17,12,19,835,2,2,1,1.0,6.0,85128,M,4645588.0,-117391.0,85
201700012594,17,1,26,1745,1,2,6,1.0,3.0,85303,M,4635326.0,-84178.0,85
201700012595,17,3,25,1700,1,1,1,1.0,6.0,85028,M,4637909.0,-66041.0,85
201700012596,17,4,9,1745,1,1,1,1.0,6.0,85265,M,4639159.0,-74486.0,85
201700012597,17,4,26,1905,1,1,2,1.0,3.0,85244,M,4643459.0,-77499.0,85
201700012598,17,6,5,2040,2,1,2,1.0,3.0,85306,M,4643875.0,-69873.0,85
201700012599,17,6,16,1615,1,2,1,1.0,1.0,85020,M,4634496.0,-64634.0,85
201700012600,17,7,11,913,1,1,1,1.0,3.0,85303,M,4638351.0,-87311.0,85
201700012601,17,9,2,1740,1,1,1,1.0,7.0,85227,M,4650575.0,-64756.0,85
201700012602,17,9,4,745,2,1,1,2.0,3.0,85227,M,4644863.0,-63264.0,85
201700012603,17,9,27,857,1,2,1,7.0,6.0,85168,M,4639975.0,-66406.0,85
201700012604,17,11,2,1825,3,1,2,1.0,3.0,85244,M,4643713.0,-74268.0,85
201700012605,17,11,11,1625,1,1,1,2.0,7.0,85227,M,4649212.0,-66921.0,85
201700012606,17,2,2,1500,1,1,1,2.0,6.0,85090,M,4683940.0,-84908.0,85
201700012607,17,3,3,1920,3,1,1,1.0,2.0,85187,M,4670882.0,-82133.0,85
201700012608,17,3,22,1615,1,2,6,2.0,3.0,85182,M,4678353.0,-82799.0,85
201700012609,17,5,22,800,1,1,1,1.0,6.0,85090,M,4681342.0,-85398.0,85
201700012610,17,5,25,1825,1,2,1,1.0,7.0,85067,M,4666438.0,-78559.0,85
201700012611,17,5,28,1750,1,1,3,1.0,3.0,85145,M,4670027.0,-95850.0,85
201700012612,17,6,4,1730,1,1,1,1.0,6.0,85289,M,4664695.0,-69806.0,85
201700012613,17,6,29,1630,1,1,9,2.0,6.0,85005,M,4663627.0,-75807.0,85
201700012614,17,7,26,1635,1,1,1,1.0,7.0,85014,M,4668021.0,-96996.0,85
201700012615,17,8,4,1630,1,1,1,8.0,7.0,85031,M,4680762.0,-93192.0,85
201700012616,17,9,23,230,3,1,1,1.0,7.0,85264,M,4670640.0,-67209.0,85
201700012617,17,11,3,1430,1,2,1,1.0,3.0,85264,M,4669030.0,-70612.0,85
201700012618,17,12,5,345,3,1,1,1.0,6.0,85257,M,4686413.0,-89019.0,85
201700012619,17,12,6,2330,3,1,1,5.0,6.0,85014,M,4667894.0,-90875.0,85
201700012620,17,1,13,945,1,2,1,1.0,6.0,85047,M,4684267.0,-189148.0,85
201700012621,17,1,29,630,3,1,2,1.0,3.0,85204,M,4681690.0,-176785.0,85
201700012622,17,3,3,1620,1,2,3,1.0,5.0,85047,M,4683590.0,-187503.0,85
201700012623,17,3,14,1800,1,2,3,1.0,3.0,85047,M,4683863.0,-190270.0,85
201700012624,17,3,14,1700,1,2,1,1.0,1.0,85096,M,4689384.0,-183184.0,85
201700012625,17,4,23,1145,1,2,2,1.0,5.0,85047,M,4684223.0,-187362.0,85
201700012626,17,5,20,1730,1,2,3,1.0,3.0,85204,M,4682377.0,-176136.0,85
201700012627,17,6,3,1730,1,1,1,1.0,1.0,85024,M,4693648.0,-183944.0,85
201700012628,17,7,27,1115,1,1,1,1.0,6.0,85130,M,4676834.0,-167099.0,85
201700012629,17,8,16,1115,1,1,1,7.0,3.0,85024,M,4695350.0,-193820.0,85
201700012630,17,8,27,1500,1,1,1,1.0,1.0,85086,M,4687740.0,-172257.0,85
201700012631,17,9,16,1200,1,2,2,1.0,3.0,85047,M,4682437.0,-185618.0,85
201700012632,17,10,12,835,2,1,6,1.0,3.0,85096,M,4686338.0,-186477.0,85
201700012633,17,11,1,2030,3,1,1,5.0,5.0,85280,M,4685078.0,-195723.0,85
201700012634,17,11,20,1315,1,2,1,1.0,6.0,85260,M,4679649.0,-166265.0,85
201700012635,17,2,4,300,3,1,2,3.0,3.0,85277,M,4653534.0,-143859.0,85
201700012636,17,2,17,1745,1,2,2,1.0,3.0,85114,M,4641120.0,-159503.0,85
201700012637,17,4,2,1630,1,2,1,1.0,1.0,85288,M,4646873.0,-161818.0,85
201700012638,17,4,11,1130,1,2,1,1.0,7.0,85294,M,4635009.0,-143162.0,85
201700012639,17,4,24,1325,1,2,3,1.0,3.0,85294,M,4635309.0,-143236.0,85
201700012640,17,4,29,1630,1,2,1,1.0,5.0,85288,M,4645625.0,-171204.0,85
201700012641,17,5,6,850,1,1,1,1.0,1.0,85156,M,4649164.0,-144456.0,85
201700012642,17,5,12,1210,1,1,3,1.0,3.0,85201,M,4642915.0,-134415.0,85
201700012643,17,6,2,1800,1,1,1,1.0,6.0,85127,M,4643112.0,-148263.0,85
201700012644,17,6,8,1530,1,1,2,1.0,3.0,85022,M,4646061.0,-141910.0,85
201700012645,17,6,14,1040,1,2,1,1.0,6.0,85200,M,4651557.0,-148844.0,85
201700012646,17,6,17,530,2,2,1,1.0,6.0,85288,M,4647043.0,-161758.0,85
201700012647,17,6,18,1910,1,1,1,1.0,3.0,85156,M,4649498.0,-144480.0,85
201700012648,17,7,10,10,3,1,1,2.0,1.0,85288,M,4646851.0,-157715.0,85
201700012649,17,7,19,930,1,1,2,1.0,3.0,85277,M,4652407.0,-140997.0,85
201700012650,17,7,27,1240,1,2,6,1.0,3.0,85294,M,4635425.0,-142481.0,85
201700012651,17,7,29,950,1,1,2,8.0,6.0,85294,M,4635742.0,-142307.0,85
201700012652,17,8,6,1800,1,2,2,1.0,6.0,85288,M,4646360.0,-165235.0,85
201700012653,17,8,27,1230,1,1,1,1.0,5.0,85288,M,4650197.0,-157623.0,85
201700012654,17,9,22,1630,1,1,1,1.0,6.0,85103,M,4654582.0,-159886.0,85
201700012655,17,9,26,1805,1,1,3,1.0,3.0,85103,M,4654639.0,-159713.0,85
201700012656,17,11,10,2210,5,2,1,1.0,6.0,85050,M,4651296.0,-134004.0,85
201700012657,17,11,10,1845,5,2,3,1.0,3.0,85156,M,4649883.0,-142610.0,85
201700012658,17,11,11,1010,1,1,1,2.0,6.0,85010,M,4646370.0,-146240.0,85
201700012659,17,12,23,1655,2,2,1,1.0,6.0,85201,M,4642246.0,-136292.0,85
201700012660,17,2,5,550,3,1,9,2.0,6.0,85273,M,4689252.0,-197966.0,85
201700012661,17,3,17,1815,1,2,1,1.0,4.0,85221,M,4690379.0,-201323.0,85
201700012662,17,3,26,1829,1,2,2,1.0,3.0,85234,M,4679183.0,-206340.0,85
201700012663,17,4,14,1520,1,1,2,1.0,6.0,85029,M,4694897.0,-202290.0,85
201700012664,17,4,16,1900,1,1,1,1.0,7.0,85221,M,4690682.0,-195658.0,85
201700012665,17,6,13,340,3,1,1,1.0,2.0,85012,M,4685605.0,-206027.0,85
201700012666,17,6,17,1750,1,1,1,1.0,7.0,85221,M,4693041.0,-197723.0,85
201700012667,17,7,16,1220,1,1,1,1.0,2.0,85012,M,4688296.0,-212222.0,85
201700012668,17,7,25,1807,1,1,2,1.0,1.0,85018,M,4687814.0,-205853.0,85
201700012669,17,8,6,20,3,1,1,1.0,6.0,85234,M,4682080.0,-204341.0,85
201700012670,17,8,22,2010,2,1,6,1.0,3.0,85172,M,4683217.0,-192042.0,85
201700012671,17,8,25,1300,1,1,2,1.0,4.0,85234,M,4679666.0,-206999.0,85
201700012672,17,8,30,1010,1,2,3,8.0,2.0,85164,M,4683763.0,-212644.0,85
201700012673,17,9,1,1615,1,1,1,1.0,1.0,85029,M,4697749.0,-198636.0,85
201700012674,17,9,18,830,1,2,4,1.0,1.0,85234,M,4679645.0,-205520.0,85
201700012675,17,9,23,1640,1,1,1,1.0,2.0,85234,M,4678254.0,-200774.0,85
201700012676,17,9,23,2225,3,2,1,1.0,7.0,85284,M,4679119.0,-189278.0,85
201700012677,17,9,30,1545,1,2,6,1.0,1.0,85273,M,4688096.0,-200799.0,85
201700012678,17,10,13,800,1,1,2,5.0,2.0,85284,M,4679107.0,-188198.0,85
201700012679,17,10,30,1815,2,1,2,1.0,3.0,85018,M,4687816.0,-205854.0,85
201700012680,17,12,9,740,3,1,1,1.0,6.0,85273,M,4689205.0,-200538.0,85
201700012681,17,4,25,1145,1,2,1,1.0,7.0,04047,M,4409270.0,615113.0,04
201700012682,17,5,12,1415,1,2,1,1.0,6.0,04021,M,4410210.0,611294.0,04
201700012683,17,5,16,745,1,1,1,1.0,2.0,04110,M,4404610.0,613549.0,04
201700012684,17,5,27,1950,1,1,1,1.0,7.0,04047,M,4410010.0,615538.0,04
201700012685,17,5,31,45,3,2,1,1.0,6.0,04022,M,4394280.0,638637.0,04
201700012686,17,6,10,1225,1,1,1,1.0,6.0,04070,M,4417600.0,625709.0,04
201700012687,17,7,9,1635,1,1,1,1.0,1.0,04072,M,4413510.0,632598.0,04
201700012688,17,7,19,715,1,1,3,1.0,4.0,04110,M,4404980.0,614634.0,04
201700012689,17,7,24,500,3,1,1,1.0,2.0,04024,M,4419090.0,636621.0,04
201700012690,17,8,17,1545,1,1,1,1.0,1.0,04021,M,4411400.0,611888.0,04
201700012691,17,8,31,1555,1,1,1,2.0,7.0,04024,M,4424000.0,636057.0,04
201700012692,17,10,6,1410,1,1,1,1.0,3.0,04036,M,4416870.0,633485.0,04
201700012693,17,10,28,1525,1,1,1,1.0,7.0,04024,M,4417970.0,635759.0,04
201700012694,17,11,26,2300,3,1,1,1.0,6.0,04110,M,4404940.0,614419.0,04
201700012695,17,12,21,1815,5,1,1,1.0,1.0,04113,M,4413110.0,628478.0,04
201700012696,17,1,8,1509,1,1,1,1.0,6.0,04189,M,4377480.0,595785.0,04
201700012697,17,2,28,745,1,1,1,2.0,7.0,04230,M,4382690.0,594223.0,04
201700012698,17,3,11,100,3,1,1,1.0,5.0,04094,M,4378250.0,582194.0,04
201700012699,17,4,27,550,3,1,1,8.0,1.0,04230,M,4381690.0,593282.0,04
201700012700,17,4,30,1130,1,1,1,1.0,1.0,04230,M,4382200.0,593685.0,04
201700012701,17,5,10,945,1,1,1,1.0,4.0,04094,M,4375780.0,580594.0,04
201700012702,17,6,10,1135,1,2,1,1.0,6.0,04230,M,4383750.0,598678.0,04
201700012703,17,6,17,1920,1,1,1,1.0,7.0,04230,M,4384220.0,598487.0,04
201700012704,17,8,13,40,3,1,1,1.0,1.0,04094,M,4374130.0,587712.0,04
201700012705,17,10,22,1950,3,1,1,6.0,2.0,04094,M,4378860.0,582527.0,04
201700012706,17,11,1,2015,3,1,1,1.0,6.0,04230,M,4386220.0,589281.0,04
201700012707,17,11,11,540,3,1,1,1.0,6.0,04094,M,4379140.0,582754.0,04
201700012708,17,11,10,1425,1,2,7,1.0,6.0,04094,M,4376290.0,589488.0,04
201700012709,17,11,16,1640,2,1,1,1.0,3.0,04230,M,4382860.0,594439.0,04
201700012710,17,4,4,1320,1,1,1,1.0,6.0,04244,M,4411460.0,599519.0,04
201700012711,17,4,11,1909,2,1,2,1.0,3.0,04149,M,4404430.0,595477.0,04
201700012712,17,5,16,1130,1,2,3,1.0,3.0,04244,M,4410010.0,600988.0,04
201700012713,17,6,6,1710,1,2,1,1.0,6.0,04116,M,4403040.0,597632.0,04
201700012714,17,6,19,2150,5,2,1,1.0,6.0,04079,M,4409200.0,600894.0,04
201700012715,17,7,12,1459,1,1,1,1.0,5.0,04108,M,4405230.0,602239.0,04
201700012716,17,7,13,1715,1,1,3,1.0,3.0,04149,M,4404290.0,595625.0,04
201700012717,17,7,16,415,4,2,1,1.0,6.0,04145,M,4413960.0,595940.0,04
201700012718,17,8,7,1020,1,1,1,1.0,2.0,04116,M,4403500.0,598803.0,04
201700012719,17,8,9,1500,1,1,3,1.0,2.0,04116,M,4403520.0,598838.0,04
201700012720,17,8,9,1845,1,2,3,1.0,3.0,04127,M,4407160.0,598838.0,04
201700012721,17,8,12,238,5,2,1,1.0,6.0,04053,M,4408910.0,594351.0,04
201700012722,17,11,23,1855,3,1,1,1.0,1.0,04116,M,4404660.0,602013.0,04
201700012723,17,12,2,450,5,2,1,4.0,6.0,04244,M,4410030.0,600980.0,04
201700012724,17,12,10,1350,1,1,1,2.0,6.0,04108,M,4404270.0,600673.0,04
201700012725,17,3,11,10,5,1,1,1.0,6.0,04055,M,4397680.0,631168.0,04
201700012726,17,6,8,1410,1,1,1,1.0,1.0,04031,M,4391000.0,613876.0,04
201700012727,17,6,10,1615,1,1,1,1.0,7.0,04204,M,4391260.0,641394.0,04
201700012728,17,6,29,1750,1,1,1,1.0,4.0,04084,M,4393720.0,616101.0,04
201700012729,17,7,4,1620,1,1,1,1.0,5.0,04055,M,4397070.0,631155.0,04
201700012730,17,7,21,1730,1,1,1,1.0,1.0,04084,M,4393140.0,615305.0,04
201700012731,17,9,1,1000,1,1,1,1.0,1.0,04028,M,4400490.0,620019.0,04
201700012732,17,11,10,2330,3,1,1,1.0,6.0,04059,M,4400620.0,638186.0,04
201700012733,17,11,20,1,3,1,1,1.0,6.0,04084,M,4394010.0,616463.0,04
201700012734,17,4,5,1325,1,1,1,1.0,6.0,04076,M,4395200.0,684057.0,04
201700012735,17,4,16,1430,1,1,1,1.0,6.0,04183,M,4391470.0,656207.0,04
201700012736,17,4,28,1925,1,1,1,2.0,6.0,04076,M,4396610.0,677823.0,04
201700012737,17,5,30,1555,1,1,3,1.0,2.0,04076,M,4396170.0,678620.0,04
201700012738,17,6,13,1700,1,1,1,7.0,6.0,04236,M,4391370.0,657057.0,04
201700012739,17,8,13,355,3,1,1,1.0,6.0,04076,M,4395400.0,685700.0,04
201700012740,17,5,21,1700,1,1,1,1.0,7.0,04133,M,4396190.0,646698.0,04
201700012741,17,6,29,1915,1,1,1,1.0,6.0,04133,M,4396530.0,644980.0,04
201700012742,17,8,11,1430,1,1,3,1.0,3.0,04173,M,4394510.0,651547.0,04
201700012743,17,8,14,1800,1,1,1,1.0,1.0,04136,M,4401220.0,655957.0,04
201700012744,17,8,19,1717,1,1,1,1.0,6.0,04006,M,4428080.0,657394.0,04
201700012745,17,8,27,1515,1,1,1,1.0,3.0,04022,M,4396210.0,643676.0,04
201700012746,17,3,1,1900,5,2,1,1.0,6.0,04166,M,4381780.0,609073.0,04
201700012747,17,5,8,1500,1,2,1,1.0,6.0,04004,M,4378280.0,601051.0,04
201700012748,17,5,14,1645,1,1,1,1.0,7.0,04135,M,4380700.0,623475.0,04
201700012749,17,5,21,1557,1,1,1,1.0,6.0,04166,M,4380310.0,611936.0,04
201700012750,17,6,24,1430,1,1,2,1.0,1.0,04124,M,4376580.0,609571.0,04
201700012751,17,6,28,1510,1,2,1,1.0,4.0,04176,M,4376010.0,614775.0,04
201700012752,17,7,3,2245,3,1,3,1.0,6.0,04124,M,4378490.0,614150.0,04
201700012753,17,8,12,300,3,1,1,1.0,6.0,04166,M,4381080.0,607146.0,04
201700012754,17,9,5,855,1,2,1,1.0,6.0,04158,M,4370900.0,603680.0,04
201700012755,17,9,28,1505,1,1,1,1.0,7.0,04135,M,4380730.0,625460.0,04
201700012756,17,10,8,1605,1,1,1,1.0,3.0,04166,M,4380710.0,611191.0,04
201700012757,17,10,8,1150,1,1,1,1.0,7.0,04124,M,4374790.0,609990.0,04
201700012758,17,10,16,1715,2,1,1,7.0,3.0,04166,M,4381140.0,607230.0,04
201700012759,17,12,24,145,3,1,1,1.0,7.0,04166,M,4380500.0,610123.0,04
201700012760,17,2,4,1630,1,1,1,1.0,6.0,04104,M,4396940.0,573447.0,04
201700012761,17,2,25,1030,1,1,1,1.0,1.0,04111,M,4392180.0,575685.0,04
201700012762,17,3,4,850,1,1,1,2.0,6.0,04088,M,4395580.0,581410.0,04
201700012763,17,3,10,1845,2,1,1,1.0,1.0,04088,M,4394470.0,577252.0,04
201700012764,17,3,29,1000,1,1,1,1.0,7.0,04241,M,4385780.0,570316.0,04
201700012765,17,5,14,100,3,1,2,1.0,3.0,04241,M,4386430.0,567973.0,04
201700012766,17,6,3,1910,1,1,1,1.0,3.0,04206,M,4398850.0,585444.0,04
201700012767,17,6,25,1925,1,1,1,7.0,1.0,04088,M,4394250.0,579537.0,04
201700012768,17,7,20,900,1,1,3,2.0,6.0,04104,M,4399040.0,573679.0,04
201700012769,17,7,25,1130,1,1,1,1.0,1.0,04192,M,4389080.0,571832.0,04
201700012770,17,8,2,1420,1,2,1,1.0,7.0,04088,M,4395800.0,577742.0,04
201700012771,17,8,20,1130,1,1,2,1.0,3.0,04241,M,4386430.0,567973.0,04
201700012772,17,9,10,100,3,1,1,5.0,7.0,04138,M,4393750.0,584318.0,04
201700012773,17,11,18,1500,1,1,1,1.0,7.0,04190,M,4389490.0,573361.0,04
201700012774,17,11,19,1500,1,1,1,1.0,7.0,04045,M,4385920.0,563328.0,04
201700012775,17,1,13,900,1,1,1,9.0,7.0,04018,M,4401450.0,564649.0,04
201700012776,17,7,9,1700,1,1,1,1.0,6.0,04208,M,4399100.0,556486.0,04
201700012777,17,7,25,914,1,1,1,1.0,6.0,04178,M,4404690.0,580074.0,04
201700012778,17,5,20,918,1,1,6,1.0,1.0,04075,M,4417330.0,594807.0,04
201700012779,17,7,8,2030,2,1,1,1.0,6.0,04139,M,4412240.0,582652.0,04
201700012780,17,7,31,1450,1,2,1,1.0,6.0,04209,M,4419340.0,594402.0,04
201700012781,17,7,15,2200,3,1,1,1.0,6.0,04209,M,4420770.0,593163.0,04
201700012782,17,7,22,1840,1,1,3,1.0,3.0,04209,M,4420750.0,593187.0,04
201700012783,17,9,24,1348,1,2,1,1.0,6.0,04209,M,4419500.0,594292.0,04
201700012784,17,9,26,1730,1,1,1,1.0,2.0,04123,M,4425900.0,586579.0,04
201700012785,17,10,22,105,3,1,1,9.0,6.0,04016,M,4423850.0,612552.0,04
201700012786,17,6,8,750,1,1,1,1.0,1.0,04037,M,4438240.0,607664.0,04
201700012787,17,8,15,1110,1,1,1,1.0,2.0,04134,M,,,04
201700012788,17,1,3,1735,2,1,3,1.0,3.0,24115,M,4524858.0,68399.0,24
201700012789,17,1,8,1630,1,2,1,1.0,6.0,24044,M,4518134.0,90741.0,24
201700012790,17,1,21,1235,1,1,3,1.0,3.0,24190,M,4498229.0,66173.0,24
201700012791,17,1,27,830,1,1,1,1.0,7.0,24571,M,4502790.0,67441.0,24
201700012792,17,2,21,1805,2,1,1,2.0,1.0,24115,M,4526733.0,67624.0,24
201700012793,17,2,22,1650,1,1,1,1.0,1.0,24220,M,4503305.0,87325.0,24
201700012794,17,3,11,1530,1,1,1,1.0,7.0,24571,M,4502056.0,68800.0,24
201700012795,17,3,13,2015,3,1,1,1.0,6.0,24571,M,4505382.0,71574.0,24
201700012796,17,3,15,1645,1,1,1,1.0,6.0,24220,M,4504871.0,83126.0,24
201700012797,17,4,23,2000,1,1,1,1.0,7.0,24146,M,4506470.0,68224.0,24
201700012798,17,5,4,1750,1,1,1,1.0,6.0,24115,M,4524511.0,71610.0,24
201700012799,17,5,5,1335,1,1,1,1.0,1.0,24258,M,4509048.0,79222.0,24
201700012800,17,5,10,640,1,1,1,1.0,6.0,24571,M,4505055.0,72388.0,24
201700012801,17,6,26,1415,1,1,1,8.0,6.0,24115,M,4525743.0,68224.0,24
201700012802,17,7,6,1210,1,1,3,1.0,3.0,24098,M,4522294.0,71093.0,24
201700012803,17,7,10,1200,1,1,1,8.0,5.0,24156,M,4508163.0,86282.0,24
201700012804,17,7,14,430,3,1,1,1.0,1.0,24065,M,4506834.0,75518.0,24
201700012805,17,8,7,2100,1,1,1,1.0,6.0,24220,M,4505709.0,83216.0,24
201700012806,17,10,15,1635,1,1,1,1.0,7.0,24459,M,4501525.0,65775.0,24
201700012807,17,11,9,1800,2,1,1,1.0,6.0,24042,M,4528762.0,67110.0,24
201700012808,17,11,21,2000,3,1,1,5.0,6.0,24190,M,4499457.0,67547.0,24
201700012809,17,11,22,1720,2,1,1,1.0,6.0,24571,M,4501987.0,69110.0,24
201700012810,17,12,25,2100,3,2,1,1.0,1.0,24098,M,4521806.0,73772.0,24
201700012811,17,12,26,750,3,1,1,1.0,6.0,24146,M,4505860.0,66085.0,24
201700012812,17,1,24,400,3,1,1,1.0,6.0,24025,M,4510227.0,102247.0,24
201700012813,17,3,14,1730,1,1,1,1.0,7.0,24417,M,4536071.0,99817.0,24
201700012814,17,4,9,1155,1,1,1,1.0,1.0,24550,M,4513589.0,107017.0,24
201700012815,17,6,21,1300,1,1,1,1.0,6.0,24513,M,4525281.0,89827.0,24
201700012816,17,6,25,1225,1,1,1,1.0,7.0,24004,M,4516031.0,101866.0,24
201700012817,17,7,5,1830,1,1,1,7.0,2.0,24011,M,4521940.0,83776.0,24
201700012818,17,7,10,1059,1,2,1,8.0,6.0,24550,M,4514132.0,106798.0,24
201700012819,17,7,14,1045,1,1,1,1.0,1.0,24448,M,4532803.0,103994.0,24
201700012820,17,8,28,515,3,1,1,1.0,3.0,24011,M,4522232.0,85130.0,24
201700012821,17,10,12,1030,1,1,3,7.0,3.0,24417,M,4534432.0,98112.0,24
201700012822,17,12,19,2340,3,1,1,1.0,1.0,24521,M,4524874.0,86556.0,24
201700012823,17,1,14,1605,1,1,3,1.0,1.0,24340,M,4485979.0,39243.0,24
201700012824,17,2,26,1745,3,1,1,2.0,6.0,24426,M,4504619.0,50155.0,24
201700012825,17,3,21,1800,1,1,1,8.0,7.0,24191,M,4495360.0,29532.0,24
201700012826,17,6,9,1600,1,1,1,1.0,1.0,24222,M,4487807.0,37235.0,24
201700012827,17,6,25,1245,1,1,1,1.0,7.0,24340,M,4487689.0,42255.0,24