Num_Acc,an,mois,jour,hrmn,lum,agg,int,atm,col,com,gps,lat,long,dep
201700012828,17,7,27,2100,1,1,1,2.0,7.0,24413,M,4490620.0,37377.0,24
201700012829,17,8,11,1630,1,1,2,1.0,3.0,24340,M,4488498.0,39998.0,24
201700012830,17,8,31,600,5,1,3,1.0,3.0,24197,M,4491701.0,44358.0,24
201700012831,17,9,10,2200,3,1,1,2.0,5.0,24234,M,4497041.0,40393.0,24
201700012832,17,9,27,1905,1,2,3,1.0,1.0,24259,M,4492680.0,48219.0,24
201700012833,17,9,30,2150,3,1,1,1.0,7.0,24487,M,4486188.0,32734.0,24
201700012834,17,10,6,1245,1,1,1,1.0,5.0,24224,M,4489570.0,55502.0,24
201700012835,17,11,2,1430,1,1,3,1.0,3.0,24259,M,4495506.0,47995.0,24
201700012836,17,11,14,830,1,1,2,7.0,1.0,24487,M,4486300.0,31307.0,24
201700012837,17,12,2,1340,1,1,1,1.0,7.0,24472,M,4480397.0,55260.0,24
201700012838,17,2,19,1433,1,1,1,1.0,6.0,24163,M,4560859.0,60873.0,24
201700012839,17,4,13,1045,1,2,1,1.0,6.0,24498,M,4554599.0,81853.0,24
201700012840,17,4,14,1930,2,1,1,1.0,7.0,24528,M,4546165.0,66588.0,24
201700012841,17,7,28,1820,1,2,1,1.0,7.0,24311,M,4554396.0,67046.0,24
201700012842,17,8,1,45,3,1,1,1.0,7.0,24016,M,4558166.0,70218.0,24
201700012843,17,8,2,100,4,1,1,1.0,6.0,24479,M,4549634.0,74059.0,24
201700012844,17,8,15,1855,1,1,1,8.0,1.0,24451,M,4552171.0,65963.0,24
201700012845,17,10,9,1740,1,1,1,1.0,6.0,24479,M,4550920.0,80541.0,24
201700012846,17,10,13,1225,1,1,1,1.0,6.0,24565,M,4558931.0,51905.0,24
201700012847,17,10,17,1130,1,2,2,7.0,3.0,24328,M,4562287.0,70124.0,24
201700012848,17,1,5,1915,5,1,3,1.0,2.0,24064,M,4536441.0,68137.0,24
201700012849,17,4,11,1854,1,1,3,1.0,3.0,24055,M,4528869.0,57121.0,24
201700012850,17,4,23,1750,1,1,9,1.0,2.0,24064,M,4538490.0,64535.0,24
201700012851,17,5,8,1450,1,1,1,1.0,7.0,24055,M,4532369.0,59406.0,24
201700012852,17,10,26,954,1,2,1,1.0,6.0,24353,M,4548591.0,38272.0,24
201700012853,17,10,26,1056,1,1,1,1.0,6.0,24391,M,4540757.0,58318.0,24
201700012854,17,11,7,1255,1,1,1,1.0,1.0,24561,M,4532370.0,64694.0,24
201700012855,17,1,21,1915,3,1,1,1.0,6.0,24453,M,4543594.0,85444.0,24
201700012856,17,2,6,1545,1,2,1,1.0,6.0,24227,M,4539746.0,114122.0,24
201700012857,17,3,5,1745,2,1,1,2.0,6.0,24489,M,4554150.0,102518.0,24
201700012858,17,4,29,1815,1,1,1,1.0,3.0,24453,M,4543150.0,82906.0,24
201700012859,17,5,2,820,1,1,1,2.0,3.0,24551,M,4543943.0,93247.0,24
201700012860,17,6,9,40,3,1,1,2.0,1.0,24227,M,4536603.0,112687.0,24
201700012861,17,7,25,1430,1,1,1,1.0,6.0,24171,M,4539582.0,90757.0,24
201700012862,17,8,1,1415,1,1,1,1.0,4.0,24425,M,4541248.0,83659.0,24
201700012863,17,8,20,1,3,1,1,1.0,6.0,24481,M,4548388.0,99632.0,24
201700012864,17,9,25,1710,1,1,1,3.0,5.0,24095,M,4548691.0,94119.0,24
201700012865,17,10,4,1515,1,2,1,1.0,6.0,24269,M,4555074.0,90341.0,24
201700012866,17,1,13,200,3,1,1,1.0,6.0,24199,M,4544172.0,39780.0,24
201700012867,17,1,28,2330,5,2,1,2.0,7.0,24352,M,4524892.0,33690.0,24
201700012868,17,4,22,1800,1,2,1,1.0,3.0,24553,M,4525370.0,49188.0,24
201700012869,17,4,24,1635,1,1,1,1.0,7.0,24564,M,4524204.0,28589.0,24
201700012870,17,5,14,535,2,1,1,1.0,7.0,24564,M,4520884.0,28275.0,24
201700012871,17,5,22,1155,1,1,1,1.0,6.0,24553,M,4524754.0,46816.0,24
201700012872,17,8,19,940,1,1,2,1.0,1.0,24482,M,4531400.0,27760.0,24
201700012873,17,9,11,650,1,1,1,2.0,3.0,24038,M,4530547.0,36152.0,24
201700012874,17,10,8,1720,1,1,1,1.0,7.0,24564,M,4520824.0,28262.0,24
201700012875,17,10,26,1250,1,1,1,1.0,1.0,24243,M,4527991.0,53780.0,24
201700012876,17,11,10,2130,3,1,1,2.0,6.0,24199,M,4543850.0,37889.0,24
201700012877,17,3,17,1122,1,1,1,1.0,7.0,24216,M,4516284.0,25406.0,24
201700012878,17,3,23,715,2,1,1,8.0,6.0,24354,M,4515772.0,350.0,24
201700012879,17,4,16,1715,1,1,1,1.0,7.0,24159,M,4511510.0,22683.0,24
201700012880,17,5,14,855,1,1,1,1.0,1.0,24490,M,4521609.0,19589.0,24
201700012881,17,6,6,1450,1,2,1,1.0,3.0,24376,M,4520117.0,13674.0,24
201700012882,17,6,13,1300,1,2,1,1.0,2.0,24354,M,4515271.0,805.0,24
201700012883,17,9,13,1725,1,1,1,2.0,3.0,24354,M,4513948.0,4723.0,24
201700012884,17,9,29,1640,1,1,1,1.0,6.0,24354,M,4515773.0,280.0,24
201700012885,17,9,18,840,2,1,1,5.0,6.0,24216,M,4514813.0,25538.0,24
201700012886,17,11,19,1845,3,1,2,1.0,3.0,24178,M,4523169.0,26335.0,24
201700012887,17,4,17,1430,1,1,1,1.0,3.0,24587,M,4484370.0,126067.0,24
201700012888,17,4,30,200,3,1,1,1.0,1.0,24252,M,4495740.0,123177.0,24
201700012889,17,5,9,2020,1,1,1,1.0,6.0,24516,M,4496435.0,137046.0,24
201700012890,17,6,20,1100,1,2,1,1.0,6.0,24520,M,4489292.0,121272.0,24
201700012891,17,8,19,1000,1,1,3,1.0,1.0,24516,M,4496032.0,133709.0,24
201700012892,17,9,8,1550,1,1,1,1.0,7.0,24520,M,4488082.0,119625.0,24
201700012893,17,10,12,2245,3,1,1,1.0,6.0,24520,M,4490254.0,125270.0,24
201700012894,17,11,6,740,1,2,3,1.0,3.0,24520,M,4487112.0,120814.0,24
201700012895,17,1,3,1000,1,2,1,1.0,6.0,24356,M,4505309.0,97758.0,24
201700012896,17,3,24,2100,3,1,2,1.0,3.0,24268,M,4489433.0,104913.0,24
201700012897,17,4,14,1730,1,2,1,1.0,2.0,24172,M,4493560.0,101970.0,24
201700012898,17,4,21,1125,1,1,3,1.0,5.0,24087,M,4485300.0,107521.0,24
201700012899,17,4,21,1550,1,1,1,1.0,1.0,24510,M,4483660.0,111491.0,24
201700012900,17,4,28,1350,1,1,1,1.0,1.0,24388,M,4487870.0,90428.0,24
201700012901,17,5,25,1500,1,1,1,1.0,7.0,24261,M,4500609.0,93751.0,24
201700012902,17,5,24,1950,1,1,1,1.0,1.0,24087,M,4488455.0,107190.0,24
201700012903,17,5,31,1205,1,2,1,1.0,6.0,24356,M,4505235.0,96316.0,24
201700012904,17,6,30,1720,1,1,1,3.0,7.0,24172,M,4492624.0,108054.0,24
201700012905,17,7,20,1030,1,2,1,1.0,7.0,24356,M,4505726.0,94413.0,24
201700012906,17,8,19,1435,1,1,2,1.0,1.0,24087,M,4486477.0,104894.0,24
201700012907,17,8,26,1015,1,1,1,1.0,7.0,24510,M,4483561.0,110177.0,24
201700012908,17,12,8,825,1,1,1,1.0,6.0,24388,M,4486501.0,89921.0,24
201700012909,17,3,19,1750,1,2,2,1.0,3.0,24291,M,4506780.0,115878.0,24
201700012910,17,3,24,1040,1,1,2,1.0,1.0,24547,M,4513728.0,126770.0,24
201700012911,17,4,1,1220,1,1,1,1.0,6.0,24130,M,4510449.0,125912.0,24
201700012912,17,4,5,740,2,1,1,5.0,7.0,24364,M,4506026.0,127492.0,24
201700012913,17,4,13,1200,1,1,2,1.0,3.0,24014,M,4509094.0,117819.0,24
201700012914,17,5,21,1510,1,1,1,1.0,6.0,24117,M,4509217.0,138294.0,24
201700012915,17,7,4,1835,1,2,1,1.0,6.0,24547,M,4513093.0,128847.0,24
201700012916,17,8,4,1115,1,2,1,1.0,6.0,24229,M,4512839.0,122624.0,24
201700012917,17,8,30,940,1,1,1,1.0,6.0,24018,M,4510383.0,112822.0,24
201700012918,17,9,7,1405,1,1,1,1.0,1.0,24117,M,4509591.0,139370.0,24
201700012919,17,11,23,2000,3,1,2,1.0,6.0,24547,M,4512776.0,134022.0,24
201700012920,17,2,8,1740,1,1,2,1.0,3.0,40320,M,4391470.0,-53612.0,40
201700012921,17,2,17,1745,1,1,6,1.0,3.0,40250,M,4391658.0,-45244.0,40
201700012922,17,2,25,230,3,1,6,1.0,3.0,40250,M,4394186.0,-40754.0,40
201700012923,17,3,11,1935,3,1,1,1.0,2.0,40250,M,4392907.0,-43054.0,40
201700012924,17,4,9,2145,3,1,1,1.0,7.0,40105,M,4404910.0,-65540.0,40
201700012925,17,5,10,1225,1,1,1,3.0,7.0,40135,M,4409408.0,-50875.0,40
201700012926,17,7,7,1430,1,1,1,1.0,5.0,40105,M,4403256.0,-64352.0,40
201700012927,17,7,9,1310,1,1,9,1.0,1.0,40164,M,4412208.0,-29073.0,40
201700012928,17,11,20,1445,1,1,1,1.0,6.0,40288,M,4400517.0,-35819.0,40
201700012929,17,12,11,720,3,1,1,2.0,2.0,40234,M,4399866.0,-36497.0,40
201700012930,17,5,4,1600,1,1,1,1.0,5.0,40051,M,4388926.0,-40368.0,40
201700012931,17,5,29,1615,1,1,2,1.0,3.0,40259,M,4381296.0,-29658.0,40
201700012932,17,6,6,1600,1,1,1,1.0,6.0,40158,M,4406383.0,-5777.0,40
201700012933,17,6,14,1400,1,1,1,1.0,6.0,40267,M,4309830.0,-18579.0,40
201700012934,17,6,21,815,1,2,2,1.0,3.0,40331,M,4388450.0,-30603.0,40
201700012935,17,7,9,345,3,1,1,3.0,7.0,40267,M,4397820.0,-21390.0,40
201700012936,17,7,30,1724,1,1,3,1.0,3.0,40102,M,4396894.0,552.0,40
201700012937,17,4,17,2200,3,1,1,1.0,7.0,40322,M,4404754.0,-118304.0,40
201700012938,17,3,30,1025,1,1,1,1.0,6.0,40157,M,4406367.0,-127891.0,40
201700012939,17,9,27,1440,1,1,9,1.0,1.0,40075,M,4388299.0,-118632.0,40
201700012940,17,9,22,725,2,1,1,1.0,6.0,40150,M,4387312.0,-128932.0,40
201700012941,17,9,29,1735,1,1,1,1.0,3.0,40075,M,4385251.0,-116927.0,40
201700012942,17,2,24,1050,1,2,9,1.0,1.0,40059,M,4359875.0,-106820.0,40
201700012943,17,3,16,1745,1,2,1,1.0,6.0,40224,M,4354514.0,-110580.0,40
201700012944,17,4,12,1720,1,1,3,1.0,1.0,40222,M,4361775.0,-120515.0,40
201700012945,17,5,4,1115,1,1,3,1.0,3.0,40132,M,4355030.0,-100171.0,40
201700012946,17,6,15,1230,1,2,1,1.0,1.0,40224,M,4354877.0,-109191.0,40
201700012947,17,6,27,1445,1,2,9,1.0,3.0,40224,M,4355340.0,-113306.0,40
201700012948,17,7,10,1850,1,1,1,1.0,7.0,40212,M,4358285.0,-114519.0,40
201700012949,17,2,20,1545,1,1,1,1.0,1.0,40168,M,4377232.0,-123729.0,40
201700012950,17,5,9,1415,1,2,1,1.0,6.0,40261,M,4368344.0,-124057.0,40
201700012951,17,6,13,1230,1,1,9,1.0,1.0,40261,M,4368976.0,-123450.0,40
201700012952,17,6,27,1430,1,1,1,1.0,7.0,40181,M,4381551.0,-137330.0,40
201700012953,17,7,7,15,5,2,1,1.0,7.0,40261,M,4368891.0,-122359.0,40
201700012954,17,7,11,1010,1,2,2,1.0,5.0,40187,M,4385106.0,-138240.0,40
201700012955,17,7,24,1400,1,1,1,8.0,5.0,40310,M,4378739.0,-125806.0,40
201700012956,17,7,31,1050,1,2,2,1.0,3.0,40284,M,4365877.0,-130027.0,40
201700012957,17,8,3,1725,1,2,3,1.0,3.0,40187,M,4384131.0,-138186.0,40
201700012958,17,8,3,1915,1,1,1,1.0,3.0,40129,M,4363200.0,-123079.0,40
201700012959,17,1,13,2020,5,2,2,2.0,3.0,40209,M,4356656.0,-144401.0,40
201700012960,17,2,14,1515,1,1,3,1.0,5.0,40312,M,4351919.0,-142259.0,40
201700012961,17,3,28,820,1,2,2,1.0,3.0,40273,M,4354250.0,-137908.0,40
201700012962,17,6,13,1030,1,2,1,1.0,3.0,40312,M,4352136.0,-146456.0,40
201700012963,17,7,16,1130,1,1,1,1.0,2.0,40209,M,4356826.0,-145746.0,40
201700012964,17,7,18,1100,1,2,1,1.0,6.0,40209,M,4357140.0,-146999.0,40
201700012965,17,8,8,1845,1,2,1,1.0,1.0,40312,M,4353481.0,-146097.0,40
201700012966,17,10,5,2133,3,1,1,1.0,6.0,40273,M,4354146.0,-136448.0,40
201700012967,17,10,13,1800,1,1,1,1.0,6.0,40268,M,4354045.0,-128052.0,40
201700012968,17,11,8,1005,1,2,2,7.0,6.0,40312,M,4353882.0,-146079.0,40
201700012969,17,12,5,800,1,2,3,1.0,3.0,40272,M,4358171.0,-126921.0,40
201700012970,17,12,23,1912,3,1,1,1.0,1.0,40042,M,4355732.0,-127461.0,40
201700012971,17,2,12,2010,5,2,3,1.0,6.0,40257,M,4427322.0,-118373.0,40
201700012972,17,2,17,1710,1,1,1,1.0,6.0,40217,M,4432136.0,-111600.0,40
201700012973,17,3,27,1730,1,2,3,1.0,3.0,40217,M,4435137.0,-107814.0,40
201700012974,17,4,29,145,5,1,6,1.0,6.0,40287,M,4449692.0,-105671.0,40
201700012975,17,5,23,2000,1,1,1,1.0,6.0,40287,M,4442811.0,-103083.0,40
201700012976,17,8,2,1720,1,1,1,1.0,1.0,40257,M,4429261.0,-117072.0,40
201700012977,17,8,25,1000,1,1,1,1.0,1.0,40046,M,4444460.0,-125302.0,40
201700012978,17,8,30,1715,1,2,9,1.0,3.0,40046,M,4440811.0,-116052.0,40
201700012979,17,9,29,910,1,2,4,1.0,1.0,40046,M,4439632.0,-116652.0,40
201700012980,17,1,30,815,1,1,1,2.0,6.0,40163,M,4422073.0,-93495.0,40
201700012981,17,2,19,1925,3,1,1,1.0,1.0,40006,M,4403530.0,-77536.0,40
201700012982,17,6,1,945,1,1,2,1.0,3.0,40303,M,4414502.0,-89667.0,40
201700012983,17,7,12,1315,1,2,1,1.0,7.0,40134,M,4418640.0,-91669.0,40
201700012984,17,8,12,2200,3,1,1,1.0,6.0,40134,M,4421420.0,-87225.0,40
201700012985,17,9,29,2020,4,1,1,1.0,1.0,40094,M,4417860.0,-101692.0,40
201700012986,17,9,29,700,2,1,1,5.0,6.0,40094,M,4419581.0,-106474.0,40
201700012987,17,10,4,1750,1,2,1,1.0,3.0,40197,M,4402693.0,-90603.0,40
201700012988,17,9,30,915,1,1,1,2.0,6.0,40182,M,4412704.0,-108779.0,40
201700012989,17,10,15,1655,1,2,1,1.0,7.0,40134,M,4418781.0,-91684.0,40
201700012990,17,12,12,910,1,2,3,2.0,6.0,40134,M,4421201.0,-91842.0,40
201700012991,17,12,16,1720,2,1,1,2.0,6.0,40094,M,4417005.0,-102979.0,40
201700012992,17,12,28,800,2,1,1,2.0,6.0,40134,M,4422972.0,-95978.0,40
201700012993,17,1,28,1120,1,2,1,2.0,7.0,40020,M,4381205.0,-60530.0,40
201700012994,17,2,9,1415,1,1,1,1.0,4.0,40282,M,4372652.0,-57526.0,40
201700012995,17,3,2,1056,1,1,1,1.0,7.0,40138,M,4361383.0,-59309.0,40
201700012996,17,4,23,1745,1,1,1,1.0,6.0,40253,M,4363685.0,-67826.0,40
201700012997,17,7,4,1000,1,2,3,1.0,1.0,40282,M,4377377.0,-56822.0,40
201700012998,17,9,2,1225,1,2,1,1.0,6.0,40282,M,4375846.0,-57402.0,40
201700012999,17,9,4,1606,1,1,1,1.0,2.0,40128,M,4369552.0,-58079.0,40
201700013000,17,10,8,900,1,1,1,1.0,6.0,40232,M,4357578.0,-58723.0,40
201700013001,17,11,12,1455,1,1,1,3.0,6.0,40098,M,4371517.0,-55211.0,40
201700013002,17,12,4,905,1,2,1,1.0,2.0,40119,M,4364198.0,-59031.0,40
201700013003,17,12,12,1145,1,1,1,1.0,7.0,40191,M,4373763.0,-63950.0,40
201700013004,17,2,24,1150,1,1,1,1.0,1.0,40001,M,4370436.0,-25369.0,40
201700013005,17,3,2,1000,1,2,2,1.0,6.0,40110,M,4363999.0,-37807.0,40
201700013006,17,6,12,1600,1,1,2,1.0,2.0,40022,M,4367509.0,-32175.0,40
201700013007,17,10,15,1045,1,2,3,1.0,1.0,40117,M,4377372.0,-42842.0,40
201700013008,17,11,11,1525,1,1,3,3.0,5.0,40275,M,4380220.0,-45099.0,40
201700013009,17,1,14,1525,1,1,4,8.0,3.0,40204,M,4375765.0,-73098.0,40
201700013010,17,3,30,1540,1,1,3,1.0,7.0,40084,M,4364354.0,-89143.0,40
201700013011,17,4,1,934,1,2,1,2.0,6.0,40126,M,4370046.0,-92552.0,40
201700013012,17,4,9,1635,1,1,1,1.0,7.0,40126,M,4372186.0,-94038.0,40
201700013013,17,4,29,930,1,2,1,1.0,6.0,40308,M,4368797.0,-94483.0,40
201700013014,17,5,16,1815,1,2,2,1.0,5.0,40235,M,4375564.0,-81835.0,40
201700013015,17,6,3,1050,1,1,1,3.0,6.0,40260,M,4376120.0,-84185.0,40
201700013016,17,6,11,1430,1,1,4,1.0,2.0,40228,M,4362386.0,-85041.0,40
201700013017,17,6,19,420,4,2,1,1.0,6.0,40228,M,4362710.0,-82648.0,40
201700013018,17,8,11,1245,1,1,1,1.0,3.0,40203,M,4360200.0,-69068.0,40
201700013019,17,8,18,1230,1,1,1,1.0,6.0,40203,M,4359934.0,-71078.0,40
201700013020,17,11,28,1015,1,1,1,1.0,6.0,40191,M,4371572.0,-67984.0,40
201700013021,17,7,1,340,3,1,1,3.0,6.0,40309,M,4380947.0,-71667.0,40
201700013022,17,8,21,820,1,1,1,1.0,6.0,40243,M,4393692.0,-96046.0,40
201700013023,17,2,8,1700,1,1,9,1.0,7.0,21190,M,4695841.0,478502.0,21
201700013024,17,8,13,1450,1,1,1,1.0,7.0,21527,M,4694773.0,467177.0,21
201700013025,17,9,9,935,1,1,1,2.0,6.0,21037,M,4698753.0,473869.0,21
201700013026,17,9,25,1600,1,1,1,1.0,1.0,21412,M,4697441.0,478109.0,21
201700013027,17,10,18,1500,1,1,1,1.0,3.0,21050,M,4700260.0,466232.0,21
201700013028,17,12,31,1920,5,2,1,2.0,6.0,21023,M,4713298.0,448857.0,21
201700013029,17,1,7,2140,3,1,1,9.0,7.0,21210,M,4726409.0,458298.0,21
201700013030,17,2,12,1130,1,2,1,1.0,6.0,21673,M,4719130.0,471547.0,21
201700013031,17,2,17,1030,1,1,2,1.0,6.0,21567,M,4711285.0,448730.0,21
201700013032,17,3,14,1625,1,2,3,1.0,3.0,21210,M,4725262.0,459345.0,21
201700013033,17,5,28,2015,1,1,2,1.0,3.0,21062,M,4727440.0,451625.0,21
201700013034,17,5,30,1430,1,1,1,1.0,6.0,21092,M,4714969.0,478909.0,21
201700013035,17,6,7,2108,1,2,2,1.0,3.0,21274,M,4712554.0,456990.0,21
201700013036,17,6,20,1815,1,1,1,7.0,6.0,21382,M,4723638.0,438566.0,21
201700013037,17,6,23,840,1,1,1,1.0,7.0,21399,M,4720588.0,455093.0,21
201700013038,17,6,23,1200,1,1,1,1.0,1.0,21399,M,4720588.0,455093.0,21
201700013039,17,6,29,815,1,1,1,2.0,1.0,21243,M,4708432.0,462284.0,21
201700013040,17,9,10,1525,1,1,1,1.0,6.0,21325,M,4716799.0,443357.0,21
201700013041,17,11,25,730,2,2,1,2.0,6.0,21567,M,4711284.0,450456.0,21
201700013042,17,1,8,330,3,2,1,2.0,6.0,21475,M,4704030.0,520749.0,21
201700013043,17,3,27,1115,1,1,2,1.0,3.0,21607,M,4701354.0,516008.0,21
201700013044,17,4,12,815,1,2,1,1.0,3.0,21577,M,4711059.0,525782.0,21
201700013045,17,4,14,510,3,1,1,1.0,6.0,21301,M,4703597.0,510059.0,21
201700013046,17,4,18,1825,1,1,1,1.0,1.0,21131,M,4702304.0,516751.0,21
201700013047,17,8,11,800,1,2,1,1.0,1.0,21103,M,4714574.0,520769.0,21
201700013048,17,8,11,1130,1,2,1,1.0,6.0,21103,M,4713724.0,521230.0,21
201700013049,17,8,18,1930,2,2,1,1.0,3.0,21356,M,4707963.0,527209.0,21
201700013050,17,2,6,1815,2,1,1,2.0,3.0,21211,M,4756304.0,515032.0,21
201700013051,17,3,11,400,3,1,1,1.0,6.0,21702,M,4755593.0,511735.0,21
201700013052,17,5,2,740,1,1,3,1.0,3.0,21290,M,4748159.0,514921.0,21
201700013053,17,5,11,138,3,2,7,1.0,6.0,21702,M,4756276.0,511639.0,21
201700013054,17,8,12,530,2,1,1,1.0,7.0,21692,M,4751858.0,504281.0,21
201700013055,17,2,21,150,5,2,1,1.0,6.0,21369,M,4738177.0,525775.0,21
201700013056,17,3,11,2040,3,1,1,1.0,7.0,21619,M,4740929.0,527626.0,21
201700013057,17,4,15,1115,1,2,1,1.0,6.0,21056,M,4741403.0,520487.0,21
201700013058,17,5,15,1050,1,1,1,1.0,7.0,21680,M,4727372.0,545569.0,21
201700013059,17,6,16,1830,1,1,1,1.0,6.0,21562,M,4756869.0,538488.0,21
201700013060,17,9,17,2310,3,1,1,2.0,7.0,21437,M,4735099.0,537266.0,21
201700013061,17,11,9,1715,2,1,3,1.0,3.0,21016,M,4736313.0,516753.0,21
201700013062,17,3,1,1035,1,1,1,2.0,6.0,21142,M,4752639.0,470617.0,21
201700013063,17,6,13,930,1,1,1,1.0,5.0,21338,M,4753376.0,484386.0,21
201700013064,17,7,16,730,1,1,1,1.0,6.0,21284,M,4742119.0,486892.0,21
201700013065,17,11,13,1745,3,1,1,2.0,6.0,21408,M,4742807.0,499759.0,21
201700013066,17,1,27,715,2,1,1,1.0,1.0,21641,M,4768165.0,440580.0,21
201700013067,17,1,26,1115,1,2,1,1.0,6.0,21425,M,4762483.0,434285.0,21
201700013068,17,3,6,900,1,1,1,3.0,1.0,21389,M,4763839.0,438402.0,21
201700013069,17,3,9,1630,1,1,3,2.0,3.0,21603,M,4748374.0,434701.0,21
201700013070,17,3,24,1930,3,1,1,1.0,7.0,21247,M,4752790.0,417149.0,21
201700013071,17,3,28,30,3,2,1,1.0,6.0,21205,M,4745594.0,429972.0,21
201700013072,17,5,21,1315,1,1,1,1.0,7.0,21676,M,4747093.0,422901.0,21
201700013073,17,7,17,1415,1,1,1,1.0,3.0,21114,M,4765306.0,425835.0,21
201700013074,17,7,17,1500,1,2,1,1.0,6.0,21425,M,4762562.0,434933.0,21
201700013075,17,10,12,1750,1,1,1,1.0,3.0,21641,M,4768585.0,441119.0,21
201700013076,17,6,25,730,1,1,1,1.0,6.0,21055,M,4767507.0,468578.0,21
201700013077,17,9,16,1410,1,1,1,1.0,7.0,21438,M,4774213.0,477934.0,21
201700013078,17,1,27,1925,3,1,2,1.0,5.0,21653,M,4791312.0,455475.0,21
201700013079,17,6,12,1415,1,1,1,1.0,6.0,21201,M,4777255.0,450600.0,21
201700013080,17,9,2,530,3,1,1,1.0,3.0,21201,M,4776165.0,449309.0,21
201700013081,17,9,29,825,1,1,1,7.0,3.0,21154,M,4786947.0,459657.0,21
201700013082,17,9,30,1215,1,2,1,2.0,6.0,21154,M,4786622.0,457344.0,21
201700013083,17,10,25,1148,1,2,1,1.0,3.0,21296,M,4798463.0,478013.0,21
201700013084,17,10,27,1244,1,2,1,8.0,3.0,21154,M,4787902.0,456414.0,21
201700013085,17,10,28,2230,3,1,1,1.0,7.0,21034,M,4799245.0,462049.0,21
201700013086,17,11,21,1320,1,1,3,1.0,1.0,21435,M,4789296.0,454983.0,21
201700013087,17,6,18,1120,1,1,1,1.0,6.0,21280,M,4734268.0,437362.0,21
201700013088,17,6,22,1540,1,1,1,1.0,6.0,21615,M,4719867.0,437784.0,21
201700013089,17,7,6,1405,1,1,1,1.0,7.0,21560,M,4724256.0,424470.0,21
201700013090,17,8,4,1930,1,1,2,7.0,5.0,21505,M,4741424.0,431310.0,21
201700013091,17,9,13,1400,1,2,3,1.0,3.0,21422,M,4734148.0,419746.0,21
201700013092,17,9,13,1630,1,1,3,1.0,3.0,21139,M,4725694.0,419570.0,21
201700013093,17,9,18,2000,3,1,1,1.0,6.0,21505,M,4738542.0,431015.0,21
201700013094,17,10,6,1925,3,1,1,1.0,6.0,21445,M,4732268.0,432227.0,21
201700013095,17,12,9,2245,5,2,1,1.0,1.0,21531,M,4741786.0,410419.0,21
201700013096,17,2,4,1840,3,1,1,1.0,6.0,21226,M,4755073.0,458570.0,21
201700013097,17,4,10,220,3,1,1,1.0,6.0,21404,M,4755463.0,444926.0,21
201700013098,17,11,5,1810,3,1,1,1.0,6.0,21580,M,4745501.0,465509.0,21
201700013099,17,6,16,1045,1,1,1,1.0,2.0,53009,M,4799503.0,-60339.0,53
201700013100,17,6,24,2200,5,2,6,1.0,6.0,53140,M,4811979.0,-72333.0,53
201700013101,17,6,27,1745,1,1,1,1.0,6.0,53228,M,4805668.0,-42381.0,53
201700013102,17,9,29,1600,1,1,1,2.0,6.0,53267,M,4802149.0,-46736.0,53
201700013103,17,10,13,1650,1,1,1,1.0,3.0,53067,M,4797353.0,-42889.0,53
201700013104,17,12,6,2145,3,1,1,5.0,7.0,53267,M,4807181.0,-49672.0,53
201700013105,17,12,8,735,5,2,1,2.0,6.0,53140,M,4811950.0,-72243.0,53
201700013106,17,12,16,930,1,1,1,1.0,7.0,53152,M,4793747.0,-54825.0,53
201700013107,17,4,21,100,3,1,1,1.0,6.0,53105,M,4814638.0,-61189.0,53
201700013108,17,5,20,1825,1,1,1,1.0,6.0,53050,M,4806036.0,-38799.0,53
201700013109,17,6,2,640,2,1,1,1.0,7.0,53097,M,4815905.0,-44008.0,53
201700013110,17,7,21,655,1,1,1,1.0,1.0,53218,M,4821697.0,-36312.0,53
201700013111,17,8,4,2230,3,1,1,3.0,2.0,53153,M,4820111.0,-43539.0,53
201700013112,17,9,23,2100,3,1,1,1.0,7.0,53244,M,4816245.0,-54220.0,53
201700013113,17,10,24,2000,3,1,1,1.0,6.0,53161,M,4812299.0,-56432.0,53
201700013114,17,2,12,1715,1,1,1,1.0,7.0,53243,M,4813404.0,-86397.0,53
201700013115,17,4,10,120,3,1,1,1.0,6.0,53229,M,4815246.0,-75837.0,53
201700013116,17,4,14,1145,1,1,1,1.0,3.0,53005,M,4815959.0,-82793.0,53
201700013117,17,5,27,1135,1,1,3,1.0,6.0,53086,M,4819766.0,-104398.0,53
201700013118,17,6,4,1900,1,2,6,1.0,3.0,53103,M,4809907.0,-88868.0,53
201700013119,17,6,28,1900,1,2,1,1.0,6.0,53243,M,4813815.0,-90719.0,53
201700013120,17,8,11,1515,1,1,1,1.0,6.0,53247,M,4811078.0,-99941.0,53
201700013121,17,10,7,1725,1,2,1,1.0,6.0,53103,M,4810322.0,-87845.0,53
201700013122,17,10,12,545,3,1,1,1.0,7.0,53005,M,4816769.0,-79788.0,53
201700013123,17,10,24,200,3,1,1,5.0,6.0,53226,M,4822972.0,-91387.0,53
201700013124,17,11,6,845,1,1,1,7.0,6.0,53194,M,4805617.0,-96993.0,53
201700013125,17,12,14,1555,1,2,1,2.0,1.0,53225,M,4820804.0,-82276.0,53
201700013126,17,1,9,720,3,1,1,5.0,7.0,53184,M,4793303.0,-47299.0,53
201700013127,17,3,8,830,1,1,1,1.0,7.0,53184,M,4795686.0,-46593.0,53
201700013128,17,4,7,1915,1,1,1,1.0,7.0,53273,M,4794576.0,-66415.0,53
201700013129,17,4,22,1925,1,1,1,1.0,6.0,53029,M,4780491.0,-51556.0,53