Num_Acc,an,mois,jour,hrmn,lum,agg,int,atm,col,com,gps,lat,long,dep
201700013130,17,4,23,1605,1,1,1,1.0,3.0,53215,M,4778925.0,-72925.0,53
201700013131,17,6,2,1115,1,1,1,1.0,6.0,53104,M,4785524.0,-60266.0,53
201700013132,17,6,6,1415,1,1,1,1.0,7.0,53136,M,4784786.0,-70315.0,53
201700013133,17,6,22,1545,1,1,1,1.0,7.0,53101,M,4786805.0,-65850.0,53
201700013134,17,6,29,1300,1,1,1,2.0,1.0,53110,M,4785857.0,-52974.0,53
201700013135,17,7,14,855,1,1,2,1.0,3.0,53062,M,4784483.0,-71663.0,53
201700013136,17,7,21,1705,1,2,1,1.0,2.0,53014,M,4782428.0,-69140.0,53
201700013137,17,7,28,2230,3,2,1,1.0,7.0,53215,M,4780506.0,-71707.0,53
201700013138,17,8,3,640,2,2,1,1.0,6.0,53062,M,4783631.0,-72931.0,53
201700013139,17,8,9,2340,3,1,1,8.0,6.0,53006,M,4777782.0,-61811.0,53
201700013140,17,8,30,1415,1,1,4,3.0,6.0,53273,M,4792221.0,-70333.0,53
201700013141,17,10,17,2130,3,2,1,1.0,6.0,53138,M,4786619.0,-61427.0,53
201700013142,17,10,23,1555,1,1,1,2.0,6.0,53138,M,4787224.0,-61804.0,53
201700013143,17,10,25,2125,5,2,1,1.0,6.0,53150,M,4778103.0,-67495.0,53
201700013144,17,1,25,1830,3,1,1,1.0,1.0,53186,M,4791249.0,-80798.0,53
201700013145,17,1,26,1924,5,2,1,1.0,6.0,53084,M,4784974.0,-95627.0,53
201700013146,17,3,26,745,2,1,1,1.0,7.0,53135,M,4787530.0,-97172.0,53
201700013147,17,4,2,30,3,2,1,1.0,6.0,53188,M,4779136.0,-105796.0,53
201700013148,17,5,29,1845,1,1,1,1.0,7.0,53151,M,4792371.0,-100533.0,53
201700013149,17,9,22,1715,1,1,1,1.0,6.0,53188,M,4778336.0,-104140.0,53
201700013150,17,11,1,1935,3,1,1,8.0,7.0,53258,M,4786455.0,-108137.0,53
201700013151,17,11,28,850,1,1,1,2.0,1.0,53073,M,4780188.0,-115186.0,53
201700013152,17,3,10,1100,1,2,9,1.0,6.0,53147,M,4830219.0,-62677.0,53
201700013153,17,3,11,100,3,1,1,1.0,6.0,53249,M,4820368.0,-20433.0,53
201700013154,17,6,25,1310,1,1,1,1.0,6.0,53219,M,4827897.0,-69935.0,53
201700013155,17,7,4,745,1,1,3,1.0,1.0,53174,M,4830692.0,-65331.0,53
201700013156,17,7,28,1240,1,2,1,1.0,6.0,53147,M,4828794.0,-62184.0,53
201700013157,17,9,4,1605,1,1,1,1.0,2.0,53072,M,4825370.0,-63994.0,53
201700013158,17,9,26,1730,1,1,1,1.0,3.0,53146,M,4820303.0,-65999.0,53
201700013159,17,1,20,1630,1,1,1,1.0,6.0,53213,M,4840032.0,-102723.0,53
201700013160,17,3,1,2015,3,1,1,1.0,1.0,53100,M,4849142.0,-96645.0,53
201700013161,17,4,6,1727,1,2,1,7.0,6.0,53125,M,4847847.0,-103024.0,53
201700013162,17,6,22,900,1,1,2,1.0,3.0,53155,M,4826475.0,-91128.0,53
201700013163,17,7,28,1245,1,1,1,1.0,7.0,53042,M,4840241.0,-79359.0,53
201700013164,17,8,1,1110,1,2,7,1.0,3.0,53181,M,4843884.0,-105936.0,53
201700013165,17,9,7,1500,1,1,1,1.0,6.0,53155,M,4829950.0,-88812.0,53
201700013166,17,10,19,1153,1,1,1,2.0,7.0,53155,M,4826316.0,-95985.0,53
201700013167,17,10,25,800,2,1,1,1.0,1.0,53155,M,4828301.0,-92055.0,53
201700013168,17,3,12,1130,1,1,2,2.0,3.0,53116,M,4840793.0,-49692.0,53
201700013169,17,4,4,1245,1,1,1,2.0,6.0,53190,M,4836620.0,-40841.0,53
201700013170,17,4,8,1130,1,1,1,1.0,6.0,53111,M,4833984.0,-61535.0,53
201700013171,17,5,20,2105,1,1,1,1.0,6.0,53111,M,4837460.0,-61004.0,53
201700013172,17,5,25,1145,1,1,1,1.0,7.0,53003,M,4840308.0,-60916.0,53
201700013173,17,7,17,1530,1,2,1,1.0,7.0,53127,M,4843976.0,-50149.0,53
201700013174,17,7,29,1625,1,1,1,1.0,5.0,53144,M,4835923.0,-46299.0,53
201700013175,17,7,30,2130,2,1,1,1.0,6.0,53176,M,4841668.0,-67158.0,53
201700013176,17,9,17,1735,1,1,1,2.0,6.0,53057,M,4833015.0,-44872.0,53
201700013177,17,10,31,1530,1,1,2,1.0,3.0,53112,M,4836029.0,-31492.0,53
201700013178,17,1,17,1110,1,2,1,7.0,6.0,53185,M,4845747.0,-19952.0,53
201700013179,17,5,1,1610,1,2,1,3.0,7.0,53080,M,4848411.0,-29606.0,53
201700013180,17,7,9,1940,1,1,1,1.0,6.0,53185,M,4844867.0,-23325.0,53
201700013181,17,7,25,1,3,1,1,1.0,6.0,53246,M,4838010.0,-8889.0,53
201700013182,17,8,1,1610,1,1,1,1.0,6.0,53121,M,4842446.0,-33643.0,53
201700013183,17,9,12,1510,1,2,4,1.0,3.0,53185,M,4846105.0,-19824.0,53
201700013184,17,9,15,845,1,1,1,7.0,6.0,53083,M,4830812.0,-29481.0,53
201700013185,17,10,5,2105,3,1,1,1.0,1.0,53133,M,4852302.0,-16543.0,53
201700013186,17,12,15,1620,1,1,1,1.0,6.0,53106,M,4836884.0,-16994.0,53
201700013187,17,1,5,1735,2,2,1,8.0,3.0,07349,M,4480177.0,478047.0,07
201700013188,17,3,13,1630,1,1,1,1.0,3.0,07240,M,4484029.0,481568.0,07
201700013189,17,4,7,1200,1,1,1,1.0,3.0,07288,M,4471159.0,453859.0,07
201700013190,17,4,30,1515,1,1,1,3.0,3.0,07288,M,4472377.0,451482.0,07
201700013191,17,5,8,1920,2,2,1,7.0,1.0,07349,M,4479889.0,478571.0,07
201700013192,17,5,20,1540,1,1,1,1.0,3.0,07027,M,4481524.0,480415.0,07
201700013193,17,5,21,1500,1,1,1,1.0,5.0,07237,M,4481822.0,470729.0,07
201700013194,17,5,23,2105,2,2,9,1.0,5.0,07349,M,4480043.0,478380.0,07
201700013195,17,5,26,1033,1,1,1,1.0,3.0,07179,M,4474010.0,448205.0,07
201700013196,17,5,28,105,3,1,1,1.0,3.0,07237,M,4483827.0,468450.0,07
201700013197,17,6,14,900,1,1,1,1.0,5.0,07022,M,4470444.0,476424.0,07
201700013198,17,6,18,600,1,1,1,1.0,7.0,07260,M,4469514.0,470967.0,07
201700013199,17,6,30,1030,1,1,9,1.0,2.0,07055,M,4486701.0,483825.0,07
201700013200,17,7,15,1005,1,1,1,1.0,3.0,07066,M,4470903.0,467494.0,07
201700013201,17,9,10,2220,3,1,1,1.0,6.0,07198,M,4476137.0,472275.0,07
201700013202,17,9,27,1820,1,1,1,1.0,3.0,07022,M,4471643.0,475898.0,07
201700013203,17,11,11,1930,5,2,1,1.0,7.0,07349,M,4481246.0,478970.0,07
201700013204,17,11,19,1903,5,2,1,1.0,6.0,07349,M,4479549.0,477855.0,07
201700013205,17,12,2,1000,1,1,1,1.0,5.0,07288,M,4471854.0,449298.0,07
201700013206,17,12,5,2145,3,1,1,1.0,1.0,07066,M,4470885.0,468310.0,07
201700013207,17,12,9,1100,1,2,1,1.0,6.0,07261,M,4482324.0,474570.0,07
201700013208,17,12,15,1805,3,1,1,8.0,1.0,07027,M,4482581.0,480835.0,07
201700013209,17,12,19,1245,1,1,1,1.0,5.0,07240,M,4483882.0,481563.0,07
201700013210,17,1,18,915,1,2,1,1.0,3.0,07346,M,4448619.0,468374.0,07
201700013211,17,2,7,750,1,1,1,1.0,1.0,07076,M,4463443.0,474563.0,07
201700013212,17,2,17,850,1,1,1,5.0,1.0,07302,M,4465768.0,470742.0,07
201700013213,17,4,11,1900,1,1,1,1.0,1.0,07319,M,4454348.0,466658.0,07
201700013214,17,4,11,1740,1,2,1,7.0,3.0,07270,M,4462689.0,467360.0,07
201700013215,17,5,9,1920,1,2,1,1.0,1.0,07346,M,4448763.0,467439.0,07
201700013216,17,5,22,1700,1,2,1,1.0,6.0,07319,M,4455027.0,468844.0,07
201700013217,17,5,31,1120,1,1,1,1.0,3.0,07020,M,4456340.0,464589.0,07
201700013218,17,6,1,1000,1,1,1,1.0,7.0,07302,M,4465369.0,469583.0,07
201700013219,17,6,24,1815,1,2,1,1.0,3.0,07346,M,4449593.0,465393.0,07
201700013220,17,7,17,1445,1,1,1,1.0,1.0,07319,M,4455047.0,466062.0,07
201700013221,17,7,16,1625,1,2,1,1.0,3.0,07157,M,4460760.0,472238.0,07
201700013222,17,9,29,750,2,1,1,1.0,3.0,07191,M,4459503.0,471337.0,07
201700013223,17,10,9,1455,1,1,1,1.0,6.0,07300,M,4450871.0,462718.0,07
201700013224,17,11,2,2310,5,1,1,1.0,3.0,07191,M,4459118.0,470957.0,07
201700013225,17,11,26,1520,1,1,1,1.0,3.0,07332,M,4450124.0,457914.0,07
201700013226,17,11,19,1430,1,1,1,1.0,2.0,07300,M,4451155.0,462761.0,07
201700013227,17,12,16,1340,1,1,1,1.0,1.0,07076,M,4466580.0,476860.0,07
201700013228,17,12,28,1515,1,1,1,1.0,7.0,07020,M,4456765.0,460584.0,07
201700013229,17,1,14,1200,1,1,1,4.0,7.0,07233,M,4479102.0,453979.0,07
201700013230,17,1,16,1025,1,1,1,4.0,6.0,07184,M,4477667.0,460982.0,07
201700013231,17,2,3,900,1,1,1,8.0,6.0,07295,M,4486274.0,456641.0,07
201700013232,17,2,9,1840,3,1,1,1.0,6.0,07278,M,4484720.0,462306.0,07
201700013233,17,4,2,2145,3,1,1,1.0,6.0,07167,M,4481324.0,463864.0,07
201700013234,17,4,16,1420,1,2,1,1.0,7.0,07295,M,4481826.0,459668.0,07
201700013235,17,4,22,1644,1,1,1,1.0,6.0,07083,M,4483824.0,464760.0,07
201700013236,17,5,17,1530,1,1,1,1.0,6.0,07295,M,4482765.0,457434.0,07
201700013237,17,5,25,1545,1,1,1,1.0,7.0,07253,M,4476902.0,441789.0,07
201700013238,17,6,7,1430,1,1,1,1.0,7.0,07096,M,4482944.0,451271.0,07
201700013239,17,6,11,2111,2,1,1,1.0,6.0,07096,M,4485075.0,453616.0,07
201700013240,17,6,21,1215,1,1,1,1.0,7.0,07303,M,4479177.0,463797.0,07
201700013241,17,6,29,1150,1,1,1,2.0,2.0,07295,M,4483558.0,455438.0,07
201700013242,17,7,9,605,2,1,1,2.0,6.0,07253,M,4476793.0,444839.0,07
201700013243,17,9,5,930,1,1,1,1.0,6.0,07083,M,4482502.0,466195.0,07
201700013244,17,9,11,1045,1,1,1,1.0,6.0,07233,M,4481176.0,453221.0,07
201700013245,17,9,26,1100,1,1,1,1.0,2.0,07295,M,4483596.0,457735.0,07
201700013246,17,10,2,2000,3,1,1,1.0,6.0,07295,M,4482220.0,456375.0,07
201700013247,17,10,15,1450,1,1,1,1.0,7.0,07295,M,4483730.0,457764.0,07
201700013248,17,10,27,1130,1,1,1,1.0,6.0,07030,M,4487758.0,453297.0,07
201700013249,17,1,20,1125,1,1,1,1.0,6.0,07199,M,4449275.0,426155.0,07
201700013250,17,2,16,1825,3,1,1,1.0,6.0,07343,M,4453752.0,434594.0,07
201700013251,17,3,3,1530,1,2,1,1.0,3.0,07134,M,4450126.0,429344.0,07
201700013252,17,3,5,210,3,1,1,8.0,6.0,07110,M,4447073.0,424739.0,07
201700013253,17,3,15,1945,3,1,1,1.0,6.0,07134,M,4450126.0,429344.0,07
201700013254,17,4,15,1115,1,2,1,1.0,3.0,07199,M,4448712.0,427008.0,07
201700013255,17,4,11,1550,1,2,1,1.0,6.0,07199,M,4449275.0,426155.0,07
201700013256,17,4,29,1925,1,1,1,1.0,6.0,07058,M,4455197.0,428958.0,07
201700013257,17,5,21,1750,1,1,1,7.0,6.0,07327,M,4452224.0,433792.0,07
201700013258,17,5,26,800,1,1,1,1.0,6.0,07343,M,4454611.0,433330.0,07
201700013259,17,6,3,545,2,1,1,1.0,6.0,07117,M,4444617.0,424117.0,07
201700013260,17,7,4,1535,1,2,1,1.0,1.0,07327,M,4451800.0,432665.0,07
201700013261,17,7,13,1755,1,1,1,1.0,6.0,07117,M,4447180.0,419006.0,07
201700013262,17,8,29,1250,1,2,1,1.0,3.0,07117,M,4447180.0,419006.0,07
201700013263,17,9,5,1035,1,1,1,1.0,5.0,07162,M,4452223.0,429413.0,07
201700013264,17,10,19,1500,1,1,1,1.0,6.0,07058,M,4455817.0,429952.0,07
201700013265,17,11,18,200,3,1,1,1.0,7.0,07199,M,4448020.0,424910.0,07
201700013266,17,12,10,2015,3,1,1,3.0,7.0,07327,M,4452064.0,433140.0,07
201700013267,17,12,30,2115,3,1,1,5.0,6.0,07343,M,4452422.0,433850.0,07
201700013268,17,4,8,1645,1,1,1,1.0,3.0,07230,M,4471524.0,448699.0,07
201700013269,17,4,12,1915,2,1,1,1.0,7.0,07210,M,4468688.0,439541.0,07
201700013270,17,5,2,1430,1,1,1,1.0,6.0,07230,M,4470744.0,448868.0,07
201700013271,17,5,6,1930,1,1,1,1.0,1.0,07158,M,4478711.0,434621.0,07
201700013272,17,5,14,400,5,1,1,1.0,6.0,07122,M,4456971.0,436815.0,07
201700013273,17,9,7,830,1,1,1,1.0,6.0,07296,M,4457095.0,438382.0,07
201700013274,17,10,14,1630,1,1,1,1.0,1.0,07158,M,4480619.0,434161.0,07
201700013275,17,11,1,113,3,1,1,1.0,6.0,07122,M,4454469.0,435607.0,07
201700013276,17,2,2,1015,1,1,1,2.0,7.0,07153,M,4466467.0,410109.0,07
201700013277,17,6,6,2325,3,1,1,1.0,7.0,07018,M,4469480.0,402902.0,07
201700013278,17,6,18,1845,1,1,1,1.0,3.0,07130,M,4473388.0,400297.0,07
201700013279,17,8,20,1130,1,1,1,1.0,3.0,07018,M,4469647.0,402590.0,07
201700013280,17,1,14,1355,1,2,1,1.0,1.0,07334,M,4440769.0,411512.0,07
201700013281,17,1,19,930,1,1,1,9.0,7.0,07024,M,4435857.0,418648.0,07
201700013282,17,4,21,740,1,1,1,1.0,1.0,07334,M,4439199.0,414339.0,07
201700013283,17,6,17,1500,1,1,1,1.0,4.0,07017,M,4441747.0,416195.0,07
201700013284,17,6,20,1420,1,2,1,1.0,6.0,07211,M,4431555.0,421221.0,07
201700013285,17,7,9,1700,1,2,1,1.0,3.0,07031,M,4440203.0,421846.0,07
201700013286,17,9,15,1710,1,2,1,1.0,6.0,07334,M,4439221.0,411472.0,07
201700013287,17,9,20,2000,3,1,1,1.0,1.0,07028,M,4434181.0,422156.0,07
201700013288,17,1,7,1835,3,1,1,1.0,1.0,07126,M,4440192.0,445656.0,07
201700013289,17,1,11,1500,1,1,1,1.0,6.0,07183,M,4447686.0,437021.0,07
201700013290,17,2,19,1251,1,1,1,1.0,7.0,07291,M,4436349.0,447813.0,07
201700013291,17,3,18,10,3,2,1,1.0,6.0,07168,M,4430842.0,442962.0,07
201700013292,17,5,18,1845,1,1,1,1.0,7.0,07291,M,4441148.0,451413.0,07
201700013293,17,6,3,1420,1,1,1,1.0,2.0,07330,M,4438593.0,440865.0,07
201700013294,17,6,7,1245,1,2,1,1.0,3.0,07330,M,4441660.0,440059.0,07
201700013295,17,6,10,935,1,1,1,1.0,1.0,07126,M,4440452.0,446857.0,07
201700013296,17,7,7,2055,1,2,1,1.0,6.0,07330,M,4441114.0,435845.0,07
201700013297,17,8,14,1400,1,1,1,7.0,5.0,07291,M,4437776.0,449608.0,07
201700013298,17,8,17,1630,1,2,1,1.0,2.0,07201,M,4445357.0,434531.0,07
201700013299,17,9,8,200,3,2,1,1.0,6.0,07126,M,4441941.0,441232.0,07
201700013300,17,9,20,1545,1,1,1,1.0,3.0,07291,M,4439765.0,448157.0,07
201700013301,17,10,31,1630,1,2,1,1.0,6.0,07201,M,4445760.0,434378.0,07
201700013302,17,12,28,1637,1,2,1,1.0,1.0,07101,M,4440945.0,429564.0,07
201700013303,17,2,4,500,5,2,1,3.0,6.0,07337,M,4523961.0,471242.0,07
201700013304,17,2,8,1630,1,1,1,1.0,4.0,07010,M,4523550.0,463379.0,07
201700013305,17,3,16,700,1,2,1,1.0,2.0,07010,M,4524328.0,466856.0,07
201700013306,17,3,28,1452,1,1,1,1.0,6.0,07265,M,4529632.0,464220.0,07
201700013307,17,6,17,2330,3,1,1,1.0,6.0,07342,M,4523665.0,461475.0,07
201700013308,17,4,6,1630,1,2,1,1.0,5.0,07010,M,4523511.0,467415.0,07
201700013309,17,4,9,1650,1,1,1,1.0,1.0,07265,M,4529596.0,464203.0,07
201700013310,17,4,29,820,1,2,1,1.0,6.0,07010,M,4524175.0,467232.0,07
201700013311,17,5,16,1850,1,2,1,1.0,7.0,07234,M,4524925.0,477218.0,07
201700013312,17,5,28,1710,1,1,1,1.0,2.0,07041,M,4526296.0,462056.0,07
201700013313,17,7,23,2035,1,1,1,1.0,1.0,07313,M,4530997.0,475327.0,07
201700013314,17,9,1,1510,1,1,1,1.0,1.0,07089,M,4530812.0,474073.0,07
201700013315,17,9,6,750,1,2,1,1.0,3.0,07010,M,4524052.0,468091.0,07
201700013316,17,10,1,105,3,2,1,8.0,3.0,07041,M,4527150.0,467202.0,07
201700013317,17,10,4,1325,1,2,2,1.0,3.0,07010,M,4524187.0,466882.0,07
201700013318,17,10,30,2110,3,1,1,1.0,1.0,07234,M,4524375.0,478768.0,07
201700013319,17,11,12,930,1,2,1,1.0,3.0,07078,M,4525477.0,468624.0,07
201700013320,17,11,25,1050,1,2,1,1.0,2.0,07041,M,4527143.0,466228.0,07
201700013321,17,11,29,1225,1,2,1,1.0,3.0,07010,M,4524608.0,467541.0,07
201700013322,17,12,2,1118,1,1,1,1.0,5.0,07010,M,4524126.0,465169.0,07
201700013323,17,12,18,650,5,2,1,4.0,6.0,07265,M,4528642.0,463116.0,07
201700013324,17,1,10,745,2,1,1,4.0,6.0,07129,M,4499538.0,460191.0,07
201700013325,17,1,17,1845,3,1,1,4.0,6.0,07338,M,4489648.0,464510.0,07
201700013326,17,3,11,1523,1,1,1,1.0,7.0,07035,M,4491012.0,470234.0,07
201700013327,17,3,16,1945,5,2,1,1.0,1.0,07007,M,4494492.0,472830.0,07
201700013328,17,6,11,1700,1,1,1,1.0,3.0,07073,M,4501360.0,465053.0,07
201700013329,17,6,23,300,3,1,1,1.0,2.0,07129,M,4497207.0,459678.0,07
201700013330,17,6,25,1116,1,1,1,1.0,6.0,07216,M,4495500.0,467260.0,07
201700013331,17,8,11,1945,2,1,1,1.0,6.0,07073,M,4501052.0,463643.0,07
201700013332,17,8,18,1045,1,1,1,1.0,3.0,07085,M,4503288.0,462156.0,07
201700013333,17,8,26,1545,1,1,1,1.0,2.0,07007,M,4494839.0,471781.0,07
201700013334,17,10,15,840,1,1,1,1.0,1.0,07035,M,4493345.0,467859.0,07
201700013335,17,10,28,1600,1,1,1,1.0,6.0,07085,M,4502055.0,462079.0,07
201700013336,17,11,18,45,3,1,1,5.0,6.0,07338,M,4491393.0,460780.0,07
201700013337,17,1,23,1200,1,2,1,1.0,1.0,07269,M,4494274.0,436592.0,07
201700013338,17,2,28,800,2,1,1,8.0,7.0,07204,M,4494176.0,447119.0,07
201700013339,17,4,9,1700,1,1,1,1.0,7.0,07222,M,4491740.0,445104.0,07
201700013340,17,4,20,1325,1,1,1,1.0,7.0,07204,M,4499359.0,438292.0,07
201700013341,17,5,25,1600,1,1,1,1.0,7.0,07204,M,4502111.0,440752.0,07
201700013342,17,6,5,1445,1,1,1,1.0,1.0,07212,M,4512975.0,442130.0,07
201700013343,17,6,16,825,1,1,1,1.0,6.0,07150,M,4489032.0,438766.0,07
201700013344,17,6,17,2250,5,2,1,1.0,7.0,07212,M,4512068.0,440931.0,07
201700013345,17,6,18,2315,5,2,1,1.0,6.0,07012,M,4489953.0,432370.0,07
201700013346,17,6,24,1630,1,2,1,1.0,6.0,07204,M,4500991.0,441868.0,07
201700013347,17,7,5,1330,1,1,1,1.0,7.0,07064,M,4489425.0,443104.0,07
201700013348,17,7,6,1530,1,2,1,1.0,2.0,07012,M,4490560.0,432730.0,07
201700013349,17,7,8,1800,1,1,9,1.0,7.0,07267,M,4485987.0,425032.0,07
201700013350,17,7,9,1055,1,1,1,1.0,7.0,07249,M,4505430.0,449005.0,07
201700013351,17,8,7,1320,1,1,1,1.0,1.0,07108,M,4491692.0,441038.0,07
201700013352,17,8,25,1845,1,1,1,1.0,7.0,07165,M,4493062.0,448140.0,07
201700013353,17,8,26,1500,1,1,1,1.0,7.0,07037,M,4488827.0,420972.0,07
201700013354,17,9,1,1510,1,2,1,1.0,6.0,07123,M,4494760.0,433115.0,07
201700013355,17,9,11,1705,1,1,1,8.0,6.0,07222,M,4492640.0,445394.0,07
201700013356,17,9,16,1215,1,1,1,1.0,7.0,07212,M,4509458.0,440232.0,07
201700013357,17,10,13,30,3,1,1,1.0,6.0,07204,M,4502137.0,438470.0,07
201700013358,17,11,3,1200,1,2,1,1.0,1.0,07001,M,4487886.0,437994.0,07
201700013359,17,12,6,2020,3,1,1,2.0,7.0,07064,M,4490220.0,442147.0,07
201700013360,17,12,12,1210,1,1,1,1.0,1.0,07108,M,4492293.0,440169.0,07
201700013361,17,3,18,2020,3,1,1,1.0,7.0,07084,M,4515189.0,475185.0,07
201700013362,17,3,28,1540,1,1,1,1.0,6.0,07185,M,4515250.0,464028.0,07
201700013363,17,7,1,2230,5,2,1,1.0,2.0,07013,M,4517823.0,472658.0,07
201700013364,17,7,3,1040,1,1,1,1.0,6.0,07301,M,4510424.0,470291.0,07
201700013365,17,9,8,100,5,2,1,1.0,6.0,07205,M,4518619.0,463114.0,07
201700013366,17,10,1,1130,1,2,6,1.0,6.0,07188,M,4518728.0,468284.0,07
201700013367,17,10,26,2105,5,2,1,1.0,6.0,07309,M,4515273.0,461959.0,07
201700013368,17,12,20,1644,2,1,1,2.0,1.0,07205,M,4519875.0,462304.0,07
201700013369,17,3,29,1710,1,1,1,1.0,7.0,16287,M,4559198.0,5342.0,16
201700013370,17,7,7,2050,1,1,1,1.0,7.0,16287,M,4560157.0,7573.0,16
201700013371,17,8,4,300,3,1,1,1.0,7.0,16125,M,4549205.0,35291.0,16
201700013372,17,8,14,1840,1,1,1,1.0,6.0,16394,M,4542088.0,24267.0,16
201700013373,17,10,26,1345,1,1,4,1.0,1.0,16236,M,4557086.0,8456.0,16
201700013374,17,10,28,1345,1,1,1,7.0,7.0,16047,M,4548816.0,28840.0,16
201700013375,17,12,20,1120,1,1,1,1.0,5.0,16418,M,4557367.0,16501.0,16
201700013376,17,1,13,1420,1,1,1,1.0,7.0,16328,M,4536303.0,10547.0,16
201700013377,17,5,13,1700,1,1,1,1.0,6.0,16170,M,4536876.0,14363.0,16
201700013378,17,6,11,130,3,1,3,1.0,6.0,16350,M,4529986.0,22868.0,16
201700013379,17,7,31,340,3,1,1,1.0,7.0,16049,M,4523108.0,14198.0,16
201700013380,17,10,22,1910,3,1,1,1.0,7.0,16314,M,4540783.0,12050.0,16
201700013381,17,12,12,1830,3,1,4,1.0,3.0,16424,M,4526224.0,361.0,16
201700013382,17,2,19,1745,1,1,1,1.0,6.0,16223,M,4570260.0,50698.0,16
201700013383,17,3,22,1830,1,1,1,2.0,3.0,16280,M,4575462.0,38601.0,16
201700013384,17,6,10,1923,1,1,5,1.0,6.0,16353,M,4569031.0,42349.0,16
201700013385,17,6,26,1410,1,1,1,8.0,6.0,16323,M,4563498.0,43043.0,16
201700013386,17,12,1,1130,1,2,6,1.0,7.0,16003,M,4578236.0,33145.0,16
201700013387,17,12,19,1615,1,2,1,1.0,6.0,16223,M,4566348.0,49694.0,16
201700013388,17,1,24,1715,2,1,1,1.0,4.0,16405,M,4551166.0,-10974.0,16
201700013389,17,1,26,820,2,1,1,1.0,1.0,16342,M,4554838.0,-30702.0,16
201700013390,17,6,7,1700,1,1,1,1.0,6.0,16099,M,4537744.0,-10624.0,16
201700013391,17,6,30,1815,1,1,1,3.0,6.0,16405,M,4552098.0,-9852.0,16
201700013392,17,7,11,1730,1,1,1,1.0,3.0,16028,M,4550869.0,-17378.0,16
201700013393,17,7,26,1940,1,1,3,2.0,3.0,16384,M,4538790.0,-22242.0,16
201700013394,17,8,1,1720,1,2,6,1.0,3.0,16028,M,4547155.0,-15221.0,16
201700013395,17,8,10,1240,1,1,1,8.0,1.0,16276,M,4543884.0,-15319.0,16
201700013396,17,8,25,1020,1,1,1,1.0,2.0,16028,M,4548945.0,-13018.0,16
201700013397,17,8,25,2335,3,1,1,1.0,6.0,16405,M,4551483.0,-10668.0,16
201700013398,17,10,20,1705,1,2,1,1.0,3.0,16028,M,4547759.0,-14985.0,16
201700013399,17,11,13,835,1,1,1,1.0,1.0,16224,M,4545230.0,-19962.0,16
201700013400,17,11,19,1745,2,1,3,1.0,6.0,16030,M,4549736.0,-23786.0,16
201700013401,17,11,25,1538,1,1,1,1.0,2.0,16405,M,4552192.0,-9400.0,16
201700013402,17,11,30,1640,1,1,1,1.0,2.0,16405,M,4551850.0,-10225.0,16
201700013403,17,12,10,1225,1,1,1,3.0,6.0,16384,M,4535275.0,-19871.0,16
201700013404,17,12,29,2130,5,2,1,1.0,6.0,16028,M,4548474.0,-13938.0,16
201700013405,17,4,12,2310,5,2,1,1.0,6.0,16207,M,4584421.0,4443.0,16
201700013406,17,7,12,1214,1,2,3,1.0,3.0,16167,M,4568739.0,-17577.0,16
201700013407,17,8,1,2145,3,1,1,1.0,3.0,16088,M,4569188.0,-19969.0,16
201700013408,17,9,3,330,3,1,1,1.0,6.0,16145,M,4569299.0,-11566.0,16
201700013409,17,10,20,755,2,1,3,1.0,1.0,16165,M,4575296.0,-21462.0,16
201700013410,17,11,11,1545,1,1,1,2.0,3.0,16286,M,4578648.0,-11055.0,16
201700013411,17,12,4,2038,3,1,3,1.0,6.0,16156,M,4582879.0,-1801.0,16
201700013412,17,1,19,1640,2,1,1,1.0,6.0,16009,M,4586299.0,53143.0,16
201700013413,17,2,15,1845,5,2,9,1.0,3.0,16106,M,4602181.0,65681.0,16
201700013414,17,4,6,319,4,1,1,1.0,1.0,16134,M,4587181.0,65384.0,16
201700013415,17,5,1,1030,1,2,3,3.0,1.0,16128,M,4606305.0,53740.0,16
201700013416,17,5,22,16,3,1,1,1.0,6.0,16001,M,4606924.0,72201.0,16
201700013417,17,6,10,620,2,1,1,1.0,7.0,16106,M,4603734.0,67128.0,16
201700013418,17,6,11,1710,1,1,3,1.0,6.0,16306,M,4599832.0,85781.0,16
201700013419,17,8,8,1740,1,1,1,1.0,6.0,16071,M,4591180.0,75075.0,16
201700013420,17,11,17,2345,3,1,1,1.0,6.0,16001,M,4607673.0,70201.0,16
201700013421,17,11,20,615,3,1,1,5.0,6.0,16181,M,4606322.0,69027.0,16
201700013422,17,12,22,1107,1,1,1,2.0,6.0,16065,M,4607785.0,79254.0,16
201700013423,17,12,24,2245,3,1,1,1.0,6.0,16064,M,4595523.0,84360.0,16
201700013424,17,11,4,1206,1,1,2,1.0,3.0,16295,M,4581345.0,14674.0,16
201700013425,17,12,4,1740,2,1,1,1.0,6.0,16206,M,4586827.0,17962.0,16
201700013426,17,12,12,1930,3,1,1,1.0,1.0,16024,M,4581435.0,19286.0,16
201700013427,17,1,28,1730,1,1,1,1.0,1.0,16213,M,4573676.0,51954.0,16
201700013428,17,2,4,1520,1,1,2,1.0,3.0,16149,M,4584454.0,58968.0,16
201700013429,17,2,13,2100,5,2,3,2.0,3.0,16192,M,4588631.0,57959.0,16
201700013430,17,3,11,1005,1,1,1,1.0,1.0,16068,M,4587584.0,41165.0,16
201700013431,17,4,7,1930,2,1,2,1.0,2.0,16308,M,4590676.0,48914.0,16
201700013432,17,4,19,1915,1,1,2,1.0,1.0,16085,M,4584056.0,44030.0,16