Num_Acc,an,mois,jour,hrmn,lum,agg,int,atm,col,com,gps,lat,long,dep
201700013433,17,4,25,430,3,1,1,1.0,6.0,16085,M,4583346.0,44436.0,16
201700013434,17,5,14,1015,1,1,1,1.0,3.0,16085,M,4581581.0,44919.0,16
201700013435,17,7,6,1915,1,1,3,1.0,3.0,16096,M,4579886.0,58786.0,16
201700013436,17,7,9,845,1,1,1,1.0,1.0,16192,M,4594198.0,54422.0,16
201700013437,17,7,10,1642,1,1,1,3.0,1.0,16192,M,4594284.0,54733.0,16
201700013438,17,11,17,1200,1,1,1,1.0,3.0,16157,M,4593866.0,44841.0,16
201700013439,17,11,14,640,4,1,9,1.0,3.0,16292,M,4603431.0,17977.0,16
201700013440,17,3,2,1735,1,1,1,1.0,1.0,36194,M,4690430.0,135697.0,36
201700013441,17,3,20,1510,1,1,1,1.0,1.0,36241,M,4684360.0,155658.0,36
201700013442,17,4,5,1620,1,2,1,1.0,3.0,36069,M,4708025.0,134903.0,36
201700013443,17,6,9,2045,1,1,1,1.0,3.0,36069,M,,,36
201700013444,17,8,26,1120,1,2,1,1.0,3.0,36045,M,4699209.0,116643.0,36
201700013445,17,8,31,2200,5,2,1,1.0,1.0,36031,M,4689199.0,139764.0,36
201700013446,17,10,7,925,1,2,1,7.0,6.0,36241,M,4684835.0,153495.0,36
201700013447,17,10,27,610,3,1,1,5.0,5.0,36055,M,,,36
201700013448,17,10,22,1145,1,1,1,1.0,6.0,36045,M,4696990.0,116343.0,36
201700013449,17,11,6,1110,1,2,1,1.0,6.0,36031,M,4688808.0,143386.0,36
201700013450,17,11,10,1545,1,1,1,2.0,1.0,36045,M,4697562.0,118245.0,36
201700013451,17,11,24,1830,5,2,1,2.0,3.0,36198,M,4688140.0,145090.0,36
201700013452,17,4,10,1900,1,1,1,1.0,6.0,36064,M,4683409.0,183480.0,36
201700013453,17,6,12,1000,1,1,1,1.0,6.0,36222,M,4690190.0,195134.0,36
201700013454,17,7,7,810,1,1,1,1.0,2.0,36064,M,4682810.0,178253.0,36
201700013455,17,9,14,1115,1,1,1,1.0,6.0,36181,M,4686707.0,202131.0,36
201700013456,17,10,31,1815,3,1,1,1.0,7.0,36215,M,4687700.0,207981.0,36
201700013457,17,12,8,1102,1,1,1,1.0,2.0,36128,M,4684301.0,174253.0,36
201700013458,17,3,22,1945,5,2,2,1.0,3.0,36046,M,4657820.0,197392.0,36
201700013459,17,9,20,1050,1,2,9,1.0,6.0,36001,M,4643684.0,182793.0,36
201700013460,17,10,20,1610,1,1,1,1.0,1.0,36143,M,4662931.0,198038.0,36
201700013461,17,11,8,1810,5,2,1,1.0,6.0,36001,M,4643440.0,182556.0,36
201700013462,17,11,22,910,1,2,1,1.0,6.0,36046,M,4658173.0,199734.0,36
201700013463,17,11,28,1210,1,1,2,3.0,3.0,36214,M,4644440.0,202975.0,36
201700013464,17,12,25,950,1,1,1,1.0,6.0,36127,M,4660306.0,201912.0,36
201700013465,17,2,1,1915,3,1,1,1.0,3.0,36141,M,4660544.0,179672.0,36
201700013466,17,2,7,1910,4,2,2,1.0,3.0,36071,M,4677899.0,177950.0,36
201700013467,17,4,29,1525,1,1,1,1.0,6.0,36056,M,4653680.0,172819.0,36
201700013468,17,8,28,1930,1,1,1,1.0,1.0,36211,M,4676750.0,187110.0,36
201700013469,17,11,8,1410,1,1,1,1.0,6.0,36110,M,4660680.0,164746.0,36
201700013470,17,12,14,442,3,1,1,2.0,1.0,36141,M,4661112.0,178434.0,36
201700013471,17,2,10,1415,1,1,1,1.0,6.0,36018,M,4664520.0,104756.0,36
201700013472,17,3,22,920,1,1,2,1.0,3.0,36124,M,,,36
201700013473,17,8,12,1630,1,2,1,1.0,1.0,36018,M,4663165.0,106258.0,36
201700013474,17,8,16,1900,1,2,1,1.0,7.0,36018,M,4664250.0,107756.0,36
201700013475,17,9,6,1150,1,1,1,1.0,1.0,36094,M,4648660.0,119724.0,36
201700013476,17,9,17,1110,1,1,1,2.0,1.0,36165,M,4666721.0,109133.0,36
201700013477,17,10,24,1200,1,1,1,1.0,3.0,36172,M,4664040.0,138774.0,36
201700013478,17,10,28,900,1,1,1,5.0,1.0,36087,M,4659600.0,97029.0,36
201700013479,17,11,3,1650,1,1,1,1.0,6.0,36148,M,4658950.0,127056.0,36
201700013480,17,11,15,130,3,1,1,5.0,6.0,36053,M,4663658.0,130167.0,36
201700013481,17,11,21,2150,3,2,1,1.0,6.0,36176,M,4662946.0,116996.0,36
201700013482,17,1,30,930,1,2,1,2.0,6.0,36182,M,4644560.0,139626.0,36
201700013483,17,3,14,1930,3,1,1,1.0,6.0,36048,M,4658710.0,161373.0,36
201700013484,17,4,9,1835,1,1,1,1.0,7.0,36047,M,4641752.0,139295.0,36
201700013485,17,6,2,915,1,2,1,7.0,6.0,36006,M,4658824.0,151383.0,36
201700013486,17,6,14,2055,2,1,1,1.0,1.0,36131,M,,,36
201700013487,17,8,20,330,3,1,1,1.0,6.0,36231,M,4670450.0,166877.0,36
201700013488,17,8,26,1730,1,2,1,1.0,6.0,36154,M,4658759.0,155212.0,36
201700013489,17,10,15,1645,1,1,1,1.0,7.0,36062,M,,,36
201700013490,17,10,30,1740,1,2,1,1.0,6.0,36154,M,4658093.0,152935.0,36
201700013491,17,11,24,1630,1,1,1,2.0,6.0,36200,M,4661320.0,153756.0,36
201700013492,17,12,20,1730,3,1,2,2.0,3.0,36154,M,,,36
201700013493,17,1,24,1405,1,2,1,1.0,6.0,10195,M,4857453.0,424636.0,10
201700013494,17,4,14,653,2,1,1,1.0,7.0,10021,M,4844830.0,428864.0,10
201700013495,17,5,31,730,1,1,1,1.0,3.0,10430,M,4863804.0,412007.0,10
201700013496,17,6,11,1720,1,2,4,7.0,1.0,10300,M,4844571.0,436170.0,10
201700013497,17,6,20,1430,1,2,1,1.0,6.0,10272,M,4855358.0,411225.0,10
201700013498,17,7,15,1555,1,1,1,1.0,6.0,10101,M,4847124.0,432679.0,10
201700013499,17,7,22,1025,1,1,1,1.0,3.0,10095,M,4855649.0,413671.0,10
201700013500,17,8,30,545,3,1,1,1.0,7.0,10361,M,4847790.0,412737.0,10
201700013501,17,10,18,630,5,2,3,1.0,3.0,10216,M,4866949.0,420135.0,10
201700013502,17,10,26,700,3,1,6,5.0,7.0,10084,M,4840856.0,414376.0,10
201700013503,17,11,16,430,3,1,1,1.0,6.0,10256,M,4845080.0,412151.0,10
201700013504,17,11,28,725,3,1,1,1.0,7.0,10269,M,4851217.0,410822.0,10
201700013505,17,12,23,2200,3,2,3,2.0,6.0,10130,M,4861403.0,423214.0,10
201700013506,17,1,9,1530,1,2,1,2.0,6.0,10074,M,4812138.0,396637.0,10
201700013507,17,2,12,2237,5,2,1,1.0,1.0,10425,M,4817230.0,401532.0,10
201700013508,17,2,28,1040,1,1,1,6.0,7.0,10116,M,4815200.0,401661.0,10
201700013509,17,5,4,2030,2,1,1,1.0,7.0,10080,M,4805484.0,413971.0,10
201700013510,17,5,8,1640,1,2,1,1.0,1.0,10140,M,4805553.0,390501.0,10
201700013511,17,5,29,1230,1,2,9,1.0,2.0,10394,M,4799942.0,406008.0,10
201700013512,17,5,30,1840,1,1,1,1.0,6.0,10104,M,4813202.0,412399.0,10
201700013513,17,6,25,2310,3,1,1,1.0,6.0,10177,M,4815364.0,401778.0,10
201700013514,17,7,15,900,1,1,1,1.0,6.0,10051,M,4818228.0,396896.0,10
201700013515,17,8,15,100,3,1,1,1.0,6.0,10324,M,4819644.0,404476.0,10
201700013516,17,8,22,2319,3,1,1,1.0,1.0,10395,M,4803671.0,402308.0,10
201700013517,17,10,15,1810,1,1,3,1.0,3.0,10120,M,4800929.0,410020.0,10
201700013518,17,11,1,530,3,1,1,1.0,6.0,10051,M,4816830.0,397332.0,10
201700013519,17,11,11,200,4,2,1,1.0,7.0,10241,M,4807262.0,411598.0,10
201700013520,17,11,25,900,1,2,1,1.0,6.0,10099,M,4802574.0,391291.0,10
201700013521,17,11,22,1712,5,1,2,1.0,1.0,10116,M,4814598.0,401008.0,10
201700013522,17,12,6,1720,3,1,1,1.0,2.0,10051,M,4818228.0,396896.0,10
201700013523,17,2,14,1500,1,1,2,1.0,3.0,10019,M,4840840.0,436089.0,10
201700013524,17,2,25,1740,1,1,1,1.0,7.0,10209,M,4827737.0,425976.0,10
201700013525,17,5,14,1705,1,1,2,3.0,3.0,10328,M,4835288.0,425734.0,10
201700013526,17,7,30,2045,1,1,1,1.0,6.0,10328,M,4833461.0,427929.0,10
201700013527,17,8,15,810,1,1,1,2.0,6.0,10238,M,4824069.0,432205.0,10
201700013528,17,8,18,1615,1,1,1,2.0,5.0,10239,M,4834382.0,420372.0,10
201700013529,17,9,27,1430,1,1,1,1.0,6.0,10287,M,4833884.0,433621.0,10
201700013530,17,10,15,1515,1,1,1,1.0,3.0,10249,M,4822642.0,432975.0,10
201700013531,17,1,3,1700,5,2,9,7.0,6.0,10033,M,4824021.0,469820.0,10
201700013532,17,1,14,310,5,2,4,4.0,6.0,10050,M,4827982.0,460444.0,10
201700013533,17,3,13,813,1,1,1,5.0,6.0,10008,M,4825703.0,458469.0,10
201700013534,17,3,16,945,1,1,1,1.0,7.0,10035,M,4834632.0,509987.0,10
201700013535,17,3,23,1615,1,1,3,1.0,3.0,10389,M,4831766.0,452581.0,10
201700013536,17,3,26,1520,1,1,1,1.0,7.0,10076,M,4815531.0,467838.0,10
201700013537,17,7,8,1725,1,2,1,1.0,6.0,10389,M,4831573.0,454465.0,10
201700013538,17,7,10,205,3,1,1,8.0,6.0,10401,M,4823580.0,451155.0,10
201700013539,17,8,15,1000,1,1,1,1.0,1.0,10012,M,4828010.0,465104.0,10
201700013540,17,9,9,945,1,1,1,1.0,1.0,10050,M,4827980.0,460433.0,10
201700013541,17,10,14,1100,1,2,2,7.0,6.0,10033,M,4823469.0,470444.0,10
201700013542,17,2,5,530,5,2,1,2.0,6.0,10158,M,4814937.0,426433.0,10
201700013543,17,3,8,620,3,1,1,2.0,7.0,10187,M,4807008.0,446638.0,10
201700013544,17,3,17,2220,3,1,1,1.0,6.0,10437,M,4814075.0,429777.0,10
201700013545,17,3,26,2000,2,1,1,1.0,6.0,10317,M,4796948.0,435380.0,10
201700013546,17,4,21,1220,1,1,1,1.0,1.0,10159,M,4815841.0,437088.0,10
201700013547,17,4,29,2030,1,1,1,1.0,6.0,10261,M,4798610.0,448587.0,10
201700013548,17,5,20,1845,1,1,1,1.0,2.0,10070,M,4807351.0,442243.0,10
201700013549,17,5,28,1800,1,2,1,1.0,3.0,10418,M,4808911.0,430786.0,10
201700013550,17,6,4,2108,1,1,1,1.0,7.0,10418,M,4807960.0,425552.0,10
201700013551,17,6,15,1900,1,1,1,1.0,6.0,10232,M,4809575.0,438015.0,10
201700013552,17,6,18,1130,1,1,1,1.0,7.0,10187,M,4807766.0,442863.0,10
201700013553,17,6,20,900,1,2,1,1.0,3.0,10232,M,4809669.0,438660.0,10
201700013554,17,7,23,1005,1,1,3,1.0,3.0,10213,M,4818076.0,443593.0,10
201700013555,17,8,25,330,3,1,1,1.0,6.0,10034,M,4812579.0,435588.0,10
201700013556,17,9,1,1445,1,1,1,2.0,6.0,10262,M,4804356.0,439583.0,10
201700013557,17,9,7,630,3,1,1,1.0,6.0,10055,M,4812778.0,434942.0,10
201700013558,17,9,29,1900,2,1,2,1.0,3.0,10181,M,4811962.0,423395.0,10
201700013559,17,10,22,1545,1,2,1,1.0,6.0,10034,M,4810630.0,437460.0,10
201700013560,17,11,18,1900,3,1,1,1.0,3.0,10158,M,4814656.0,426890.0,10
201700013561,17,1,31,2335,5,2,1,5.0,6.0,10193,M,4842823.0,441216.0,10
201700013562,17,2,15,2120,3,1,1,1.0,6.0,10073,M,4845221.0,442252.0,10
201700013563,17,2,23,1310,1,2,1,6.0,2.0,10345,M,4841964.0,452931.0,10
201700013564,17,3,30,2100,3,1,1,1.0,6.0,10345,M,4841766.0,453486.0,10
201700013565,17,5,20,1340,1,1,1,1.0,7.0,10123,M,4833674.0,453382.0,10
201700013566,17,5,26,1759,1,1,1,1.0,6.0,10389,M,4831573.0,454465.0,10
201700013567,17,9,6,1343,1,2,1,1.0,3.0,10064,M,4840005.0,452670.0,10
201700013568,17,11,25,200,3,1,1,2.0,6.0,10403,M,4831322.0,467961.0,10
201700013569,17,2,14,820,1,2,1,1.0,6.0,10268,M,4849336.0,350167.0,10
201700013570,17,2,17,1558,1,1,1,1.0,5.0,10268,M,4849084.0,352101.0,10
201700013571,17,5,26,2220,3,1,1,1.0,6.0,10367,M,4853351.0,352505.0,10
201700013572,17,7,9,1030,1,2,1,1.0,3.0,10145,M,4833147.0,373961.0,10
201700013573,17,10,13,2000,3,1,2,1.0,3.0,10231,M,4850973.0,343162.0,10
201700013574,17,10,11,1415,1,2,9,1.0,1.0,10268,M,4848661.0,349236.0,10
201700013575,17,10,20,2300,5,2,1,1.0,6.0,10268,M,4850166.0,349691.0,10
201700013576,17,11,4,330,5,2,1,1.0,6.0,10254,M,4857104.0,351732.0,10
201700013577,17,11,3,1815,3,1,1,1.0,7.0,10308,M,4836717.0,378262.0,10
201700013578,17,11,20,1658,1,2,1,1.0,6.0,10268,M,4849245.0,349713.0,10
201700013579,17,12,3,1855,3,1,2,8.0,5.0,10259,M,4846412.0,343247.0,10
201700013580,17,12,11,800,1,1,1,1.0,2.0,10224,M,4842487.0,369351.0,10
201700013581,17,12,15,1400,1,2,6,1.0,6.0,10420,M,4858831.0,355954.0,10
201700013582,17,12,29,825,1,1,1,9.0,7.0,10153,M,4846050.0,350149.0,10
201700013583,17,1,14,2235,5,2,1,1.0,1.0,10151,M,4842222.0,391976.0,10
201700013584,17,2,7,1725,2,1,1,2.0,2.0,10166,M,4847175.0,403192.0,10
201700013585,17,2,26,2015,5,2,3,1.0,6.0,10323,M,4850336.0,373222.0,10
201700013586,17,3,30,2210,4,2,1,1.0,7.0,10271,M,4845955.0,377058.0,10
201700013587,17,4,1,500,5,2,1,2.0,6.0,10220,M,4850920.0,378599.0,10
201700013588,17,4,11,1945,1,2,6,1.0,3.0,10323,M,4852009.0,372648.0,10
201700013589,17,4,30,530,2,1,1,1.0,6.0,10132,M,4849243.0,392659.0,10
201700013590,17,5,2,1205,1,2,1,1.0,6.0,10275,M,4843452.0,373636.0,10
201700013591,17,5,4,1000,1,2,1,1.0,6.0,10323,M,4851995.0,372570.0,10
201700013592,17,5,8,1815,1,1,1,2.0,7.0,10164,M,4847615.0,366754.0,10
201700013593,17,5,18,1820,1,2,9,1.0,3.0,10114,M,4851671.0,364883.0,10
201700013594,17,6,11,1545,1,2,1,1.0,6.0,10220,M,4850906.0,378611.0,10
201700013595,17,6,13,2255,5,2,1,1.0,6.0,10323,M,4851176.0,374478.0,10
201700013596,17,7,8,1700,1,2,2,1.0,3.0,10275,M,4843463.0,372761.0,10
201700013597,17,10,5,1820,2,2,6,2.0,7.0,10323,M,4851726.0,372277.0,10
201700013598,17,10,30,1050,1,2,2,1.0,3.0,10220,M,4851326.0,379876.0,10
201700013599,17,10,31,830,1,2,1,5.0,2.0,10151,M,4842431.0,391817.0,10
201700013600,17,11,5,1205,1,1,1,1.0,6.0,10089,M,4849906.0,386280.0,10
201700013601,17,11,13,1000,1,2,3,1.0,3.0,10323,M,4850834.0,373821.0,10
201700013602,17,11,13,1030,1,2,1,1.0,6.0,10323,M,4850930.0,371643.0,10
201700013603,17,11,18,1,3,1,1,5.0,6.0,10233,M,4850211.0,388587.0,10
201700013604,17,12,8,1855,3,1,1,1.0,2.0,10368,M,4840982.0,393494.0,10
201700013605,17,12,14,1015,1,2,1,1.0,6.0,10323,M,4851961.0,371495.0,10
201700013606,17,1,22,835,1,1,1,8.0,6.0,43111,M,4484180.0,382267.0,43
201700013607,17,5,18,1535,1,1,1,1.0,6.0,43241,M,4496820.0,390372.0,43
201700013608,17,6,5,1510,1,1,2,1.0,3.0,43018,M,4501860.0,379232.0,43
201700013609,17,6,8,1145,1,1,1,1.0,6.0,43241,M,4496910.0,390488.0,43
201700013610,17,6,10,1705,1,1,3,7.0,3.0,43154,M,4478180.0,388880.0,43
201700013611,17,6,14,1630,1,1,1,1.0,6.0,43221,M,4498160.0,367511.0,43
201700013612,17,7,7,1545,1,1,1,1.0,1.0,43241,M,4495490.0,384400.0,43
201700013613,17,8,2,1710,1,1,1,1.0,6.0,43241,M,4496750.0,390274.0,43
201700013614,17,8,12,1330,1,1,1,1.0,5.0,43019,M,4483470.0,386143.0,43
201700013615,17,10,30,1600,1,1,2,1.0,1.0,43174,M,4499500.0,381880.0,43
201700013616,17,10,31,1605,1,1,1,1.0,6.0,43174,M,4497300.0,380217.0,43
201700013617,17,2,18,1345,1,1,1,1.0,6.0,43190,M,,,43
201700013618,17,4,23,1845,2,1,1,1.0,3.0,43194,M,4507800.0,403583.0,43
201700013619,17,6,24,1530,1,1,1,1.0,3.0,43010,M,,,43
201700013620,17,6,26,1730,1,2,1,1.0,6.0,43150,M,4509550.0,405786.0,43
201700013621,17,7,18,850,1,1,1,1.0,6.0,43010,M,4499690.0,396376.0,43
201700013622,17,8,5,510,4,2,1,1.0,6.0,43092,M,4498590.0,422663.0,43
201700013623,17,9,2,1500,1,2,3,2.0,2.0,43010,M,4497910.0,395461.0,43
201700013624,17,9,23,1825,1,1,1,1.0,3.0,43194,M,4508640.0,405077.0,43
201700013625,17,10,4,1700,1,1,1,1.0,1.0,43194,M,4506440.0,402803.0,43
201700013626,17,12,16,2345,3,1,1,4.0,6.0,43157,M,4502870.0,393237.0,43
201700013627,17,2,19,1540,1,1,1,1.0,6.0,43230,M,4516160.0,392809.0,43
201700013628,17,3,12,1630,1,1,1,2.0,1.0,43230,M,,,43
201700013629,17,3,19,2200,3,1,1,1.0,6.0,43216,M,4512080.0,382096.0,43
201700013630,17,3,21,850,1,2,1,1.0,6.0,43216,M,4513630.0,381383.0,43
201700013631,17,3,25,1500,1,2,1,1.0,6.0,43229,M,,,43
201700013632,17,5,16,1525,1,1,3,1.0,2.0,43026,M,4521450.0,381806.0,43
201700013633,17,5,5,1800,1,1,1,1.0,1.0,43267,M,4517480.0,390124.0,43
201700013634,17,6,14,1145,1,1,1,1.0,6.0,43061,M,4510700.0,389648.0,43
201700013635,17,6,21,1805,1,1,1,1.0,5.0,43152,M,4508320.0,385761.0,43
201700013636,17,7,8,1930,1,1,1,1.0,6.0,43230,M,4515310.0,392385.0,43
201700013637,17,7,15,1445,1,1,1,1.0,7.0,43216,M,4513560.0,379079.0,43
201700013638,17,7,21,1715,1,1,1,3.0,1.0,43036,M,4509720.0,379277.0,43
201700013639,17,8,5,1805,1,1,4,1.0,1.0,43197,M,4507230.0,369585.0,43
201700013640,17,8,28,1425,1,1,2,1.0,3.0,43152,M,4507790.0,383723.0,43
201700013641,17,8,31,1750,1,1,1,2.0,6.0,43062,M,4506660.0,377213.0,43
201700013642,17,9,5,2100,5,2,1,1.0,6.0,43030,M,4510530.0,384399.0,43
201700013643,17,9,27,1845,2,2,1,1.0,7.0,43030,M,,,43
201700013644,17,10,10,1430,1,1,1,1.0,6.0,43124,M,4510270.0,377283.0,43
201700013645,17,10,28,2000,3,1,1,1.0,6.0,43164,M,4523640.0,394754.0,43
201700013646,17,12,11,1410,1,1,1,2.0,6.0,43267,M,4520290.0,394364.0,43
201700013647,17,12,15,800,1,1,1,1.0,1.0,43140,M,4505640.0,391452.0,43
201700013648,17,5,17,1050,1,1,1,1.0,1.0,43060,M,4502730.0,354388.0,43
201700013649,17,7,25,1355,1,1,1,8.0,1.0,43234,M,,,43
201700013650,17,9,14,635,2,1,1,8.0,3.0,43060,M,4502350.0,354260.0,43
201700013651,17,9,21,2000,2,1,1,1.0,1.0,43202,M,,,43
201700013652,17,10,26,1025,1,2,1,1.0,6.0,43112,M,,,43
201700013653,17,11,11,1120,1,1,1,8.0,6.0,43245,M,4486640.0,358638.0,43
201700013654,17,1,28,1150,1,2,1,2.0,6.0,43185,M,,,43
201700013655,17,2,4,1830,2,1,1,1.0,6.0,43017,M,4535980.0,337947.0,43
201700013656,17,2,14,1900,3,1,1,1.0,6.0,43261,M,4540490.0,334048.0,43
201700013657,17,7,9,1445,1,1,1,1.0,6.0,43099,M,4539110.0,330614.0,43
201700013658,17,7,22,1300,1,1,1,1.0,6.0,43120,M,4537750.0,328387.0,43
201700013659,17,12,5,1515,1,1,1,1.0,6.0,43185,M,4541140.0,330676.0,43
201700013660,17,2,13,1145,1,1,2,1.0,5.0,43007,M,4503810.0,417303.0,43
201700013661,17,4,9,1415,1,1,1,1.0,6.0,43162,M,,,43
201700013662,17,5,21,630,2,2,1,1.0,6.0,43268,M,4515170.0,413062.0,43
201700013663,17,5,27,1810,1,1,1,1.0,3.0,43007,M,4507460.0,413661.0,43
201700013664,17,6,2,1830,1,1,1,3.0,5.0,43268,M,4513790.0,410151.0,43
201700013665,17,6,19,915,1,1,1,7.0,1.0,43024,M,4517010.0,406365.0,43
201700013666,17,6,25,1840,1,1,1,1.0,1.0,43025,M,4523950.0,407291.0,43
201700013667,17,7,7,1830,1,1,1,1.0,6.0,43268,M,4512000.0,415189.0,43
201700013668,17,7,19,1620,1,1,1,1.0,6.0,43162,M,4522760.0,400913.0,43
201700013669,17,7,19,2125,2,1,1,2.0,7.0,43102,M,4517120.0,418761.0,43
201700013670,17,8,3,1130,1,1,1,1.0,1.0,43268,M,4514740.0,409417.0,43
201700013671,17,8,17,1110,1,2,1,1.0,6.0,43268,M,4514410.0,411496.0,43
201700013672,17,8,27,1810,1,1,2,1.0,3.0,43025,M,,,43
201700013673,17,9,6,1810,1,1,1,1.0,3.0,43268,M,4517310.0,408821.0,43
201700013674,17,9,9,1640,1,1,1,2.0,5.0,43025,M,4527960.0,411134.0,43
201700013675,17,9,14,1250,1,1,1,2.0,6.0,43024,M,4517010.0,406808.0,43
201700013676,17,9,24,1345,1,2,4,1.0,3.0,43028,M,4514080.0,407212.0,43
201700013677,17,10,8,20,3,1,1,1.0,6.0,43102,M,4518950.0,418977.0,43
201700013678,17,12,18,1340,1,1,4,1.0,5.0,43162,M,4521810.0,402196.0,43
201700013679,17,3,12,1530,1,1,1,3.0,3.0,43012,M,4538770.0,422854.0,43
201700013680,17,4,25,1245,1,1,1,2.0,5.0,43137,M,4527580.0,418323.0,43
201700013681,17,4,24,1615,1,2,6,1.0,3.0,43012,M,4536950.0,420397.0,43
201700013682,17,6,25,200,4,1,1,1.0,6.0,43020,M,4529830.0,412857.0,43
201700013683,17,7,5,1455,1,2,3,1.0,3.0,43012,M,,,43
201700013684,17,7,20,1830,1,1,3,1.0,3.0,43137,M,,,43
201700013685,17,8,22,1030,1,2,1,7.0,6.0,43137,M,,,43
201700013686,17,9,22,1220,1,1,1,1.0,1.0,43020,M,4532780.0,413699.0,43
201700013687,17,12,25,1400,1,1,3,1.0,3.0,43012,M,4537720.0,421767.0,43
201700013688,17,1,6,1330,1,1,1,1.0,6.0,43184,M,4536720.0,426294.0,43
201700013689,17,2,21,1410,1,1,1,1.0,3.0,43224,M,4525760.0,420189.0,43
201700013690,17,4,9,1335,1,1,9,1.0,3.0,43224,M,4523190.0,420945.0,43
201700013691,17,4,30,1430,1,2,1,1.0,6.0,43153,M,,,43
201700013692,17,5,7,1745,1,1,1,3.0,6.0,43213,M,4523690.0,427846.0,43
201700013693,17,7,14,110,3,1,1,1.0,6.0,43224,M,4527410.0,424837.0,43
201700013694,17,7,28,2250,4,1,1,1.0,3.0,43205,M,4535830.0,431009.0,43
201700013695,17,9,27,1630,1,1,1,1.0,7.0,43184,M,4535550.0,425300.0,43
201700013696,17,11,17,2245,5,2,1,1.0,3.0,43224,M,,,43
201700013697,17,12,20,1000,1,1,2,5.0,3.0,43177,M,4531650.0,429475.0,43
201700013698,17,2,1,1240,1,1,1,1.0,6.0,43087,M,4520140.0,431768.0,43
201700013699,17,3,9,800,1,1,1,1.0,7.0,43244,M,4514090.0,429474.0,43
201700013700,17,3,24,1400,1,2,1,2.0,6.0,43087,M,4522080.0,433577.0,43
201700013701,17,3,23,1115,1,1,1,4.0,6.0,43244,M,4512190.0,428843.0,43
201700013702,17,4,21,1300,1,1,2,1.0,3.0,43159,M,4517520.0,429384.0,43
201700013703,17,7,13,1610,1,1,1,1.0,6.0,43087,M,4522830.0,435074.0,43
201700013704,17,7,25,1415,1,1,1,2.0,1.0,43223,M,4524390.0,435805.0,43
201700013705,17,10,3,1210,1,2,1,2.0,6.0,43087,M,4522100.0,434714.0,43
201700013706,17,10,11,1800,2,1,2,1.0,3.0,43114,M,4516590.0,422740.0,43
201700013707,17,11,5,1115,1,1,1,2.0,6.0,43163,M,4523730.0,435835.0,43
201700013708,17,12,19,1945,3,1,1,4.0,3.0,43051,M,4508050.0,432194.0,43
201700013709,17,1,28,515,3,1,1,2.0,6.0,18110,M,4721315.0,294897.0,18
201700013710,17,2,16,15,3,2,1,1.0,6.0,18118,M,4706203.0,301911.0,18
201700013711,17,3,3,1415,1,1,1,1.0,7.0,18139,M,4706309.0,300404.0,18
201700013712,17,3,25,2120,5,2,6,1.0,6.0,18075,M,4702760.0,303089.0,18
201700013713,17,4,20,1850,1,1,1,1.0,6.0,18247,M,4704967.0,256032.0,18
201700013714,17,5,16,730,1,2,1,1.0,7.0,18118,M,4705617.0,298228.0,18
201700013715,17,6,22,650,1,1,1,1.0,6.0,18247,M,4703826.0,254079.0,18
201700013716,17,6,27,1540,1,1,1,1.0,1.0,18027,M,4701001.0,273199.0,18
201700013717,17,7,21,1130,1,2,1,1.0,1.0,18118,M,4706127.0,301609.0,18
201700013718,17,8,8,1900,1,1,1,1.0,6.0,18239,M,4704796.0,275898.0,18
201700013719,17,9,23,1630,1,1,1,1.0,3.0,18061,M,4713912.0,276975.0,18
201700013720,17,10,26,1800,2,1,1,1.0,6.0,18220,M,4711818.0,300864.0,18
201700013721,17,10,27,1,3,2,1,1.0,6.0,18247,M,4704288.0,256078.0,18
201700013722,17,11,2,45,3,1,1,1.0,7.0,18154,M,4704117.0,286284.0,18
201700013723,17,11,7,1745,3,1,1,1.0,5.0,18120,M,4712944.0,293039.0,18
201700013724,17,11,30,1730,3,1,2,9.0,3.0,18174,M,4705952.0,250941.0,18
201700013725,17,12,16,2,3,1,1,2.0,6.0,18239,M,4702425.0,276700.0,18
201700013726,17,12,16,1910,3,1,1,1.0,6.0,18265,M,4698802.0,300237.0,18
201700013727,17,12,26,1130,1,1,1,1.0,7.0,18018,M,4702012.0,269129.0,18
201700013728,17,1,2,815,1,1,1,9.0,1.0,18097,M,,,18
201700013729,17,1,28,2345,3,1,1,9.0,6.0,18035,M,4712932.0,263155.0,18
201700013730,17,3,1,2300,3,1,1,3.0,6.0,18223,M,4719967.0,239189.0,18
201700013731,17,4,3,1215,1,2,1,1.0,7.0,18179,M,4717448.0,244217.0,18
201700013732,17,4,10,1705,1,2,1,1.0,6.0,18211,M,4718626.0,241730.0,18
201700013733,17,4,20,1715,1,1,1,1.0,6.0,18156,M,4723524.0,261657.0,18
201700013734,17,4,27,920,1,1,1,8.0,7.0,18151,M,4722758.0,264161.0,18
201700013735,17,5,23,1430,1,1,1,7.0,6.0,18253,M,4717409.0,249167.0,18
201700013736,17,6,18,1700,1,1,1,1.0,7.0,18109,M,4729860.0,253698.0,18
201700013737,17,6,15,730,1,1,1,1.0,6.0,18151,M,4722224.0,272630.0,18
201700013738,17,7,5,2230,5,2,1,1.0,6.0,18235,M,4713359.0,254257.0,18
201700013739,17,7,22,950,1,1,1,1.0,6.0,18001,M,4728243.0,246001.0,18