Num_Acc,an,mois,jour,hrmn,lum,agg,int,atm,col,com,gps,lat,long,dep
201700013740,17,8,20,1640,1,2,1,1.0,7.0,18097,M,4714375.0,243537.0,18
201700013741,17,8,22,1945,1,1,3,1.0,3.0,18156,M,4724391.0,259732.0,18
201700013742,17,9,18,2045,3,1,1,1.0,7.0,18145,M,4720966.0,249783.0,18
201700013743,17,9,20,1745,1,1,3,1.0,5.0,18206,M,4714697.0,235699.0,18
201700013744,17,10,1,2225,3,1,1,2.0,6.0,18226,M,4713148.0,247021.0,18
201700013745,17,11,14,1215,1,1,3,1.0,1.0,18097,M,4714237.0,243500.0,18
201700013746,17,11,28,1855,3,1,1,2.0,5.0,18179,M,4716598.0,244715.0,18
201700013747,17,12,2,1650,1,1,1,8.0,3.0,18271,M,4716161.0,240299.0,18
201700013748,17,12,24,750,3,1,1,2.0,1.0,18003,M,4719303.0,257247.0,18
201700013749,17,3,26,720,2,2,1,1.0,6.0,18038,M,4676599.0,243469.0,18
201700013750,17,3,29,1820,1,2,1,1.0,6.0,18038,M,4676913.0,242942.0,18
201700013751,17,4,9,305,3,1,3,1.0,7.0,18076,M,4668475.0,258993.0,18
201700013752,17,5,22,2345,3,1,1,1.0,6.0,18029,M,4674752.0,277466.0,18
201700013753,17,8,25,1115,1,1,1,1.0,6.0,18197,M,4671609.0,254196.0,18
201700013754,17,8,25,2115,2,1,1,1.0,6.0,18038,M,4677580.0,243204.0,18
201700013755,17,9,16,1630,1,2,1,2.0,1.0,18042,M,4676869.0,244668.0,18
201700013756,17,9,27,1755,1,2,1,7.0,6.0,18197,M,4672923.0,249567.0,18
201700013757,17,1,15,940,1,1,2,2.0,3.0,18057,M,4655461.0,218695.0,18
201700013758,17,2,14,100,3,1,1,2.0,6.0,18199,M,4684385.0,220812.0,18
201700013759,17,3,1,2040,5,2,1,2.0,1.0,18065,M,4682197.0,211950.0,18
201700013760,17,5,26,1700,1,1,1,1.0,5.0,18266,M,4671055.0,220643.0,18
201700013761,17,7,4,1000,1,1,1,1.0,7.0,18127,M,4677326.0,222745.0,18
201700013762,17,8,18,1120,1,1,1,2.0,1.0,18057,M,4655128.0,222128.0,18
201700013763,17,12,19,1840,3,1,1,1.0,5.0,18199,M,4684366.0,221210.0,18
201700013764,17,12,22,1330,1,1,1,2.0,7.0,18153,M,4674166.0,235601.0,18
201700013765,17,2,21,1200,1,2,3,8.0,1.0,18201,M,4698014.0,227727.0,18
201700013766,17,2,23,1745,1,1,2,1.0,2.0,18006,M,4696366.0,255243.0,18
201700013767,17,3,9,700,2,1,1,1.0,1.0,18008,M,,,18
201700013768,17,4,19,1700,1,2,3,1.0,1.0,18087,M,4688798.0,257460.0,18
201700013769,17,4,20,930,1,1,2,1.0,3.0,18040,M,4692797.0,261203.0,18
201700013770,17,4,28,2015,1,1,1,8.0,7.0,18121,M,4691744.0,267131.0,18
201700013771,17,5,13,1900,1,2,7,1.0,3.0,18058,M,4685866.0,231457.0,18
201700013772,17,6,27,725,1,1,3,1.0,6.0,18177,M,4686496.0,255648.0,18
201700013773,17,6,28,1515,1,1,1,1.0,6.0,18268,M,4681999.0,242516.0,18
201700013774,17,9,23,1905,2,1,1,1.0,1.0,18180,M,4700343.0,244490.0,18
201700013775,17,12,19,1730,3,1,2,1.0,3.0,18177,M,4685138.0,255576.0,18
201700013776,17,2,19,1900,3,1,3,1.0,2.0,18031,M,4689485.0,273863.0,18
201700013777,17,4,2,1400,1,2,1,1.0,6.0,18175,M,4693060.0,278346.0,18
201700013778,17,4,3,1350,1,1,1,1.0,4.0,18275,M,4684514.0,286908.0,18
201700013779,17,4,19,2130,3,1,1,1.0,6.0,18101,M,4692018.0,289890.0,18
201700013780,17,4,21,800,1,2,1,1.0,3.0,18106,M,4687263.0,293987.0,18
201700013781,17,5,25,1825,1,1,3,1.0,3.0,18155,M,4681655.0,303747.0,18
201700013782,17,5,26,1552,1,1,1,7.0,2.0,18031,M,4689485.0,273863.0,18
201700013783,17,6,30,1120,1,1,1,2.0,1.0,18082,M,4696506.0,305033.0,18
201700013784,17,7,21,1315,1,1,1,1.0,3.0,18160,M,4698389.0,285980.0,18
201700013785,17,8,2,2010,1,1,1,7.0,7.0,18101,M,4691511.0,288319.0,18
201700013786,17,8,12,1835,1,1,1,1.0,1.0,18275,M,4684023.0,289310.0,18
201700013787,17,9,8,2000,3,1,1,1.0,1.0,18062,M,4698906.0,296836.0,18
201700013788,17,9,24,50,3,1,1,1.0,6.0,18242,M,4682230.0,294746.0,18
201700013789,17,9,21,830,1,1,1,1.0,5.0,18082,M,4697159.0,303715.0,18
201700013790,17,11,9,1826,3,1,1,1.0,6.0,18108,M,4694386.0,294505.0,18
201700013791,17,1,26,510,5,2,3,1.0,1.0,18015,M,4747961.0,242833.0,18
201700013792,17,2,26,1225,1,1,1,1.0,1.0,18159,M,4736822.0,215945.0,18
201700013793,17,3,2,715,2,1,1,2.0,6.0,18165,M,4732733.0,223879.0,18
201700013794,17,3,4,905,1,1,1,3.0,5.0,18011,M,4753453.0,244655.0,18
201700013795,17,3,27,1245,1,1,1,1.0,6.0,18159,M,4733211.0,223070.0,18
201700013796,17,4,25,1155,1,1,1,2.0,6.0,18047,M,4733801.0,243100.0,18
201700013797,17,5,20,2000,1,1,1,1.0,7.0,18115,M,4734691.0,248008.0,18
201700013798,17,6,11,1605,1,1,2,7.0,3.0,18227,M,4752545.0,238446.0,18
201700013799,17,6,13,1430,1,1,1,1.0,7.0,18115,M,4737601.0,249638.0,18
201700013800,17,6,24,1200,1,1,1,1.0,2.0,18015,M,4748615.0,242101.0,18
201700013801,17,10,10,2020,3,1,1,2.0,6.0,18170,M,4745759.0,250827.0,18
201700013802,17,11,20,2040,5,2,1,1.0,6.0,18037,M,4756416.0,225802.0,18
201700013803,17,12,24,1915,2,1,1,2.0,1.0,18115,M,4736066.0,251883.0,18
201700013804,17,2,23,1730,2,1,2,2.0,3.0,18005,M,4717537.0,224593.0,18
201700013805,17,2,27,1700,1,1,1,6.0,7.0,18044,M,4711096.0,210517.0,18
201700013806,17,3,16,1430,1,1,3,1.0,5.0,18281,M,4719039.0,218131.0,18
201700013807,17,3,23,1330,1,2,2,2.0,6.0,18141,M,4714432.0,220718.0,18
201700013808,17,4,22,1810,1,2,1,1.0,3.0,18134,M,4713047.0,205646.0,18
201700013809,17,5,20,1110,1,1,1,1.0,3.0,18148,M,4719058.0,205616.0,18
201700013810,17,6,7,1730,1,2,3,1.0,1.0,18138,M,4710359.0,228428.0,18
201700013811,17,6,11,1910,1,2,1,7.0,7.0,18096,M,4717703.0,216664.0,18
201700013812,17,7,5,2120,2,2,1,1.0,6.0,18140,M,4715355.0,199370.0,18
201700013813,17,7,12,1035,1,1,3,1.0,3.0,18138,M,4708413.0,227632.0,18
201700013814,17,7,15,1905,1,2,1,1.0,6.0,18141,M,4714570.0,221975.0,18
201700013815,17,10,18,1500,1,1,3,1.0,5.0,18028,M,4713293.0,229695.0,18
201700013816,17,10,27,715,5,1,3,5.0,5.0,18281,M,4721136.0,213808.0,18
201700013817,17,12,2,2250,3,1,1,1.0,6.0,18150,M,4724135.0,200721.0,18
201700013818,17,4,9,1730,1,1,1,1.0,2.0,73085,M,4579833.0,586241.0,73
201700013819,17,4,24,1725,1,2,3,7.0,1.0,73059,M,4571850.0,588654.0,73
201700013820,17,5,12,100,3,1,2,1.0,7.0,73103,M,4566725.0,593868.0,73
201700013821,17,5,27,2200,3,1,1,1.0,2.0,73128,M,4571156.0,591457.0,73
201700013822,17,5,28,1800,1,1,1,1.0,7.0,73059,M,4573333.0,589009.0,73
201700013823,17,6,3,1526,1,1,1,2.0,1.0,73059,M,4575527.0,587808.0,73
201700013824,17,8,5,1530,1,1,1,1.0,6.0,73164,M,4570471.0,599778.0,73
201700013825,17,8,11,1100,1,2,6,2.0,7.0,73128,M,4572632.0,592071.0,73
201700013826,17,8,7,1800,1,1,3,1.0,6.0,73108,M,4573532.0,596578.0,73
201700013827,17,8,21,1500,1,1,3,1.0,3.0,73059,M,4573276.0,588930.0,73
201700013828,17,9,4,2255,3,2,6,1.0,6.0,73300,M,4568346.0,589466.0,73
201700013829,17,9,10,1100,1,1,6,1.0,3.0,73128,M,4571754.0,592243.0,73
201700013830,17,9,22,1705,1,1,1,1.0,3.0,73128,M,4572142.0,593716.0,73
201700013831,17,11,19,500,3,1,1,1.0,6.0,73043,M,4577126.0,591283.0,73
201700013832,17,11,21,300,3,1,1,1.0,6.0,73300,M,4567101.0,589347.0,73
201700013833,17,10,14,1825,1,1,1,1.0,4.0,73236,M,4560829.0,564531.0,73
201700013834,17,10,27,1400,1,1,1,1.0,1.0,73229,M,4545664.0,580221.0,73
201700013835,17,12,15,650,3,2,1,8.0,6.0,73282,M,4550254.0,584522.0,73
201700013836,17,2,1,1300,1,1,1,9.0,6.0,73270,M,4557012.0,616864.0,73
201700013837,17,1,24,1800,5,1,1,1.0,6.0,73096,M,4551814.0,609869.0,73
201700013838,17,3,30,1315,1,2,6,1.0,3.0,73151,M,4549879.0,600041.0,73
201700013839,17,3,31,1355,1,2,3,1.0,3.0,73171,M,4550063.0,604943.0,73
201700013840,17,7,12,1110,1,1,2,1.0,1.0,73151,M,4550508.0,600249.0,73
201700013841,17,8,9,1530,1,2,1,1.0,5.0,73151,M,4549693.0,600135.0,73
201700013842,17,11,17,1845,3,1,1,1.0,1.0,73118,M,4550576.0,603119.0,73
201700013843,17,3,30,1140,1,1,1,1.0,3.0,73123,M,4586807.0,648800.0,73
201700013844,17,4,7,1630,1,1,1,1.0,3.0,73241,M,4560190.0,630388.0,73
201700013845,17,4,11,1435,1,2,1,1.0,3.0,73124,M,4565565.0,636031.0,73
201700013846,17,4,13,1445,1,1,1,1.0,2.0,73241,M,4559779.0,629455.0,73
201700013847,17,4,15,1200,1,1,1,1.0,6.0,73186,M,4581659.0,652362.0,73
201700013848,17,5,6,400,3,1,1,1.0,6.0,73114,M,4582356.0,653481.0,73
201700013849,17,5,19,1130,1,1,4,2.0,6.0,73186,M,4580460.0,654195.0,73
201700013850,17,5,29,850,1,1,1,1.0,3.0,73268,M,4560117.0,644035.0,73
201700013851,17,5,30,1700,1,1,1,1.0,1.0,73188,M,4562016.0,633965.0,73
201700013852,17,6,18,1515,1,1,1,1.0,7.0,73308,M,4568797.0,640514.0,73
201700013853,17,7,9,230,3,1,1,1.0,6.0,73188,M,4563258.0,634637.0,73
201700013854,17,8,14,1500,1,1,4,1.0,1.0,73114,M,4583081.0,655238.0,73
201700013855,17,8,19,1345,1,1,1,7.0,7.0,73153,M,4573225.0,641361.0,73
201700013856,17,8,30,1630,1,1,1,1.0,3.0,73308,M,4568976.0,641136.0,73
201700013857,17,10,11,500,3,2,1,5.0,1.0,73121,M,4562600.0,631944.0,73
201700013858,17,10,12,2020,3,1,1,1.0,1.0,73303,M,4576198.0,647410.0,73
201700013859,17,11,26,345,3,1,1,2.0,6.0,73303,M,4579270.0,648654.0,73
201700013860,17,12,16,140,3,2,1,4.0,6.0,73124,M,4566617.0,635611.0,73
201700013861,17,4,29,1850,1,2,1,1.0,6.0,73007,M,4556217.0,624785.0,73
201700013862,17,5,31,1445,1,1,4,1.0,3.0,73272,M,4546324.0,628925.0,73
201700013863,17,7,1,150,3,1,1,2.0,2.0,73007,M,4556924.0,625682.0,73
201700013864,17,7,9,950,1,2,1,1.0,6.0,73002,M,4554208.0,630496.0,73
201700013865,17,8,30,1740,1,1,1,1.0,6.0,73235,M,4541421.0,635490.0,73
201700013866,17,10,12,1830,1,2,1,1.0,6.0,73002,M,4554411.0,629998.0,73
201700013867,17,12,15,1745,5,2,1,2.0,6.0,73067,M,4536018.0,629939.0,73
201700013868,17,2,4,230,5,1,1,3.0,6.0,64549,M,4338542.0,-41268.0,64
201700013869,17,4,6,240,5,1,6,1.0,6.0,64519,M,4335763.0,-38011.0,64
201700013870,17,4,11,1300,1,1,1,1.0,6.0,64448,M,4337118.0,-45063.0,64
201700013871,17,6,12,1730,1,2,1,1.0,1.0,64387,M,4345434.0,-43848.0,64
201700013872,17,8,23,1850,1,1,2,1.0,3.0,64037,M,4333209.0,-49038.0,64
201700013873,17,10,7,2030,3,1,3,1.0,3.0,64448,M,4336319.0,-44557.0,64
201700013874,17,12,6,1820,5,2,1,1.0,7.0,64519,M,4337055.0,-37619.0,64
201700013875,17,1,15,1830,3,1,1,3.0,1.0,64405,M,4333791.0,-25329.0,64
201700013876,17,3,15,2030,3,1,1,1.0,4.0,64518,M,4330657.0,-27565.0,64
201700013877,17,3,28,1720,1,1,1,1.0,6.0,64419,M,4327222.0,-20675.0,64
201700013878,17,4,14,321,3,1,1,1.0,6.0,64152,M,4334421.0,-32184.0,64
201700013879,17,4,23,1115,1,1,1,1.0,3.0,64216,M,4325338.0,-17701.0,64
201700013880,17,5,16,2230,5,1,1,1.0,6.0,64405,M,4332805.0,-28862.0,64
201700013881,17,6,2,1240,1,2,1,1.0,3.0,64212,M,4330520.0,-18512.0,64
201700013882,17,6,14,745,1,2,1,1.0,1.0,64159,M,4352662.0,-15461.0,64
201700013883,17,6,24,315,3,1,1,2.0,6.0,64174,M,4340756.0,-3442.0,64
201700013884,17,9,30,900,1,1,1,3.0,6.0,64238,M,4324636.0,-4006.0,64
201700013885,17,10,9,750,2,2,2,1.0,1.0,64329,M,4329435.0,-28904.0,64
201700013886,17,10,11,1940,2,1,1,1.0,3.0,64216,M,4326013.0,-17138.0,64
201700013887,17,10,18,1110,1,1,6,7.0,1.0,64405,M,4335069.0,-25724.0,64
201700013888,17,2,7,725,3,1,1,3.0,6.0,64119,M,4321768.0,-24664.0,64
201700013889,17,3,27,1730,1,2,1,1.0,7.0,64400,M,4312623.0,-20268.0,64
201700013890,17,4,8,2200,3,1,1,1.0,1.0,64138,M,4325368.0,-28352.0,64
201700013891,17,4,29,2125,3,2,1,1.0,6.0,64386,M,4318582.0,-25332.0,64
201700013892,17,7,24,600,2,1,1,2.0,6.0,64453,M,4318528.0,-13441.0,64
201700013893,17,7,28,725,1,1,1,1.0,7.0,64292,M,4318395.0,-15524.0,64
201700013894,17,8,22,1320,1,1,1,1.0,7.0,64138,M,4324538.0,-26931.0,64
201700013895,17,9,26,745,1,1,1,1.0,3.0,64386,M,4319410.0,-24791.0,64
201700013896,17,9,30,1450,1,2,6,2.0,7.0,64109,M,4318624.0,-23996.0,64
201700013897,17,10,12,2330,4,2,2,1.0,3.0,64453,M,4318210.0,-12172.0,64
201700013898,17,11,21,1315,1,2,1,1.0,6.0,64417,M,4317892.0,-26173.0,64
201700013899,17,1,15,1830,3,1,1,3.0,6.0,64405,M,4343207.0,-31089.0,64
201700013900,17,3,2,2230,3,1,3,1.0,6.0,64070,M,4344661.0,-32506.0,64
201700013901,17,4,8,1934,2,2,1,1.0,3.0,64536,M,4347200.0,-34351.0,64
201700013902,17,5,7,1420,1,2,1,1.0,1.0,64415,M,4342179.0,-34743.0,64
201700013903,17,7,5,935,1,2,1,7.0,6.0,64233,M,4355913.0,-27403.0,64
201700013904,17,8,16,1730,1,1,1,1.0,6.0,64406,M,4349324.0,-57393.0,64
201700013905,17,11,3,1715,1,1,2,1.0,3.0,64455,M,4357969.0,-16735.0,64
201700013906,17,3,12,1405,1,1,2,3.0,3.0,64256,M,4340699.0,-131170.0,64
201700013907,17,4,25,1145,1,2,9,8.0,6.0,64123,M,4348157.0,-114395.0,64
201700013908,17,6,27,1100,1,1,1,1.0,7.0,64134,M,4336604.0,-127241.0,64
201700013909,17,7,20,1600,1,2,9,1.0,7.0,64289,M,4342507.0,-125329.0,64
201700013910,17,7,27,1955,1,1,1,1.0,1.0,64256,M,4338256.0,-131988.0,64
201700013911,17,8,26,1230,1,1,1,1.0,1.0,64546,M,4348979.0,-130187.0,64
201700013912,17,9,6,1025,1,1,1,2.0,6.0,64161,M,4350310.0,-111667.0,64
201700013913,17,11,5,725,2,2,1,2.0,1.0,64256,M,4336662.0,-136295.0,64
201700013914,17,12,1,1730,1,2,1,2.0,6.0,64256,M,4338358.0,-130655.0,64
201700013915,17,12,7,655,3,1,1,9.0,6.0,64123,M,4348977.0,-115946.0,64
201700013916,17,12,15,1850,4,1,1,2.0,3.0,64256,M,4338256.0,-131988.0,64
201700013917,17,3,19,200,3,1,1,1.0,6.0,64009,M,4340846.0,-156419.0,64
201700013918,17,3,26,2048,3,1,1,1.0,6.0,64495,M,4331833.0,-153361.0,64
201700013919,17,4,1,1240,1,1,1,3.0,6.0,64495,M,4337978.0,-153946.0,64
201700013920,17,4,10,45,3,1,1,1.0,7.0,64065,M,4333643.0,-161490.0,64
201700013921,17,6,26,2030,2,2,1,1.0,5.0,64495,M,4336099.0,-161058.0,64
201700013922,17,7,15,1945,1,1,1,1.0,1.0,64495,M,4338828.0,-153880.0,64
201700013923,17,7,20,1645,1,1,1,1.0,7.0,64495,M,4331499.0,-152032.0,64
201700013924,17,7,23,1845,1,1,1,1.0,2.0,64065,M,4333897.0,-164893.0,64
201700013925,17,7,26,1000,1,2,3,1.0,3.0,64495,M,4335622.0,-156131.0,64
201700013926,17,8,2,1840,1,2,1,1.0,2.0,64495,M,4335586.0,-156817.0,64
201700013927,17,8,7,2130,2,1,1,1.0,7.0,64495,M,4337296.0,-159404.0,64
201700013928,17,9,2,2215,3,2,1,1.0,1.0,64495,M,4335660.0,-155926.0,64
201700013929,17,9,10,230,3,2,1,3.0,6.0,64504,M,4331046.0,-157773.0,64
201700013930,17,9,13,1715,1,1,1,1.0,1.0,64495,M,4338223.0,-154159.0,64
201700013931,17,9,25,1040,1,1,1,3.0,1.0,64495,M,4339079.0,-153484.0,64
201700013932,17,10,28,1730,1,1,1,1.0,1.0,64065,M,4333429.0,-160867.0,64
201700013933,17,11,26,2115,3,1,1,1.0,3.0,64495,M,4335615.0,-155738.0,64
201700013934,17,12,29,1730,2,1,1,2.0,1.0,64495,M,4336306.0,-158811.0,64
201700013935,17,12,31,2320,3,1,3,2.0,3.0,64527,M,4333635.0,-146209.0,64
201700013936,17,12,8,1500,1,1,1,2.0,2.0,64317,M,4336792.0,-142610.0,64
201700013937,17,4,17,1830,1,1,1,1.0,6.0,64317,M,4335396.0,-142529.0,64
201700013938,17,4,28,2345,5,1,6,1.0,6.0,64038,M,4342696.0,-148691.0,64
201700013939,17,5,8,830,1,2,1,1.0,3.0,64160,M,4335821.0,-140735.0,64
201700013940,17,5,14,530,3,1,1,1.0,6.0,64100,M,4344642.0,-149054.0,64
201700013941,17,5,18,1915,1,2,1,3.0,6.0,64213,M,4333942.0,-144453.0,64
201700013942,17,5,28,1020,1,2,1,1.0,7.0,64160,M,4336071.0,-139998.0,64
201700013943,17,5,24,1510,1,2,1,1.0,3.0,64547,M,4339988.0,-145648.0,64
201700013944,17,6,8,1715,1,1,1,1.0,3.0,64527,M,4332762.0,-147532.0,64
201700013945,17,7,20,1610,1,1,1,8.0,1.0,64014,M,4329525.0,-149573.0,64
201700013946,17,8,5,1345,1,1,1,2.0,6.0,64495,M,4335608.0,-155535.0,64
201700013947,17,8,25,1030,1,2,1,1.0,6.0,64038,M,4342529.0,-152450.0,64
201700013948,17,9,1,1040,1,2,3,2.0,3.0,64350,M,4330863.0,-135638.0,64
201700013949,17,9,4,730,1,1,1,2.0,1.0,64350,M,4330505.0,-135402.0,64
201700013950,17,9,5,1723,1,2,1,1.0,6.0,64547,M,4341319.0,-149211.0,64
201700013951,17,9,23,1215,1,2,1,1.0,6.0,64035,M,4343986.0,-155232.0,64
201700013952,17,11,9,1715,2,2,1,2.0,1.0,64038,M,4345724.0,-153492.0,64
201700013953,17,11,15,1650,1,2,1,1.0,5.0,64160,M,4335880.0,-140544.0,64
201700013954,17,11,28,1750,2,1,3,2.0,3.0,64213,M,4335036.0,-143542.0,64
201700013955,17,12,6,700,5,1,1,1.0,2.0,64100,M,4344084.0,-148841.0,64
201700013956,17,12,24,1440,1,1,3,7.0,1.0,64038,M,4345240.0,-152967.0,64
201700013957,17,2,25,1330,1,1,1,1.0,7.0,64316,M,4303571.0,-104409.0,64
201700013958,17,4,21,1115,1,1,1,1.0,6.0,64187,M,4328970.0,-87709.0,64
201700013959,17,5,7,1730,1,1,3,1.0,3.0,64188,M,4323958.0,-86995.0,64
201700013960,17,5,15,1825,1,2,6,1.0,3.0,64371,M,4321966.0,-89015.0,64
201700013961,17,5,31,2030,1,2,1,1.0,6.0,64268,M,4318060.0,-91620.0,64
201700013962,17,9,23,1815,1,1,1,1.0,6.0,64342,M,4306289.0,-87659.0,64
201700013963,17,10,20,1840,2,2,1,1.0,2.0,64391,M,4326609.0,-84625.0,64
201700013964,17,2,25,1110,1,1,1,7.0,3.0,64166,M,4314779.0,-121065.0,64
201700013965,17,6,10,1430,1,1,1,1.0,7.0,64379,M,4306497.0,-108871.0,64
201700013966,17,7,5,1725,1,1,1,1.0,6.0,64543,M,4306075.0,-141195.0,64
201700013967,17,7,7,1210,1,1,1,1.0,6.0,64379,M,4308701.0,-110742.0,64
201700013968,17,11,27,1845,5,2,3,1.0,6.0,64538,M,4315390.0,-124972.0,64
201700013969,17,2,18,1630,1,2,1,1.0,7.0,64436,M,4323363.0,-127518.0,64
201700013970,17,2,24,1400,1,1,1,1.0,7.0,64010,M,4332883.0,-101885.0,64
201700013971,17,3,21,915,1,1,3,1.0,3.0,64010,M,4333313.0,-101538.0,64
201700013972,17,7,23,30,3,1,1,1.0,1.0,64259,M,4330607.0,-124567.0,64
201700013973,17,7,31,1615,1,1,1,1.0,7.0,64202,M,4332412.0,-95354.0,64
201700013974,17,9,10,1815,1,1,1,8.0,6.0,64539,M,4327618.0,-102584.0,64
201700013975,17,9,18,820,1,1,1,2.0,6.0,64528,M,4323188.0,-120408.0,64
201700013976,17,11,8,1545,1,1,3,3.0,3.0,64362,M,4337000.0,-107773.0,64
201700013977,17,8,13,1630,1,1,1,1.0,7.0,64185,M,4293874.0,-60009.0,64
201700013978,17,9,25,810,1,1,1,8.0,1.0,64506,M,4304698.0,-60140.0,64
201700013979,17,1,9,910,1,1,1,8.0,7.0,64204,M,4296644.0,-36132.0,64
201700013980,17,10,8,1700,1,1,1,1.0,7.0,64204,M,4296210.0,-33064.0,64
201700013981,17,5,17,1645,1,2,9,1.0,6.0,64178,M,4332437.0,-77678.0,64
201700013982,17,5,29,1705,1,1,1,1.0,6.0,64381,M,4332851.0,-76243.0,64
201700013983,17,9,27,1555,1,2,1,1.0,6.0,64393,M,4332221.0,-57840.0,64
201700013984,17,10,4,2130,3,1,3,5.0,1.0,64530,M,4331061.0,-77483.0,64
201700013985,17,11,20,1900,3,1,1,1.0,1.0,64359,M,4329961.0,-66078.0,64
201700013986,17,4,6,740,1,1,1,5.0,5.0,64205,M,4344019.0,-99610.0,64
201700013987,17,9,27,530,3,1,1,1.0,1.0,64499,M,4344418.0,-92852.0,64
201700013988,17,10,26,1035,1,2,6,7.0,6.0,64499,M,4347703.0,-93603.0,64
201700013989,17,12,21,1840,3,2,1,1.0,3.0,64096,M,4338487.0,-90122.0,64
201700013990,17,1,18,1920,3,1,1,1.0,1.0,45130,M,4778406.0,170824.0,45
201700013991,17,1,21,1945,5,2,1,1.0,1.0,45067,M,4788040.0,177782.0,45
201700013992,17,3,15,835,1,2,1,1.0,6.0,45203,M,4782801.0,169419.0,45
201700013993,17,3,16,1825,1,2,1,1.0,3.0,45020,M,4783848.0,166056.0,45
201700013994,17,4,14,1220,1,2,1,1.0,2.0,45067,M,4789396.0,180215.0,45
201700013995,17,4,28,200,3,1,1,2.0,6.0,45204,M,4781087.0,181705.0,45
201700013996,17,9,5,935,1,1,1,2.0,7.0,45203,M,4784734.0,168202.0,45
201700013997,17,9,12,1510,1,1,1,1.0,7.0,45019,M,4788461.0,162366.0,45
201700013998,17,9,23,1805,1,2,1,1.0,7.0,45098,M,4781621.0,175177.0,45
201700013999,17,11,1,1955,3,1,1,1.0,7.0,45019,M,4785846.0,160581.0,45
201700014000,17,12,2,430,3,1,1,9.0,6.0,45081,M,4791106.0,160979.0,45
201700014001,17,12,4,1830,3,1,1,1.0,1.0,45081,M,4793597.0,158066.0,45
201700014002,17,12,30,1320,1,1,1,2.0,3.0,45098,M,4781696.0,175749.0,45
201700014003,17,1,21,850,1,1,1,1.0,6.0,45272,M,4781528.0,200498.0,45
201700014004,17,2,4,1930,5,2,1,1.0,7.0,45006,M,4778761.0,188273.0,45
201700014005,17,5,5,1730,1,1,1,1.0,2.0,45175,M,4777543.0,182041.0,45
201700014006,17,5,14,1415,1,2,1,1.0,1.0,45146,M,4770306.0,193510.0,45
201700014007,17,6,13,937,1,1,1,1.0,7.0,45146,M,4772757.0,197813.0,45
201700014008,17,6,15,240,3,1,1,1.0,6.0,45146,M,4771431.0,194159.0,45
201700014009,17,7,9,2040,2,1,1,1.0,7.0,45006,M,4777633.0,189769.0,45
201700014010,17,7,10,1810,1,1,1,1.0,7.0,45182,M,4768294.0,179138.0,45
201700014011,17,8,2,340,3,1,1,1.0,1.0,45272,M,4781114.0,192886.0,45
201700014012,17,8,11,1215,1,1,1,1.0,7.0,45146,M,4771049.0,194199.0,45
201700014013,17,9,27,730,2,1,1,5.0,7.0,45272,M,4781761.0,199735.0,45
201700014014,17,11,5,1915,3,1,1,1.0,3.0,45193,M,4779907.0,207853.0,45
201700014015,17,11,12,2100,3,1,1,2.0,5.0,45146,M,4771431.0,194159.0,45
201700014016,17,11,24,1700,1,2,2,1.0,3.0,45146,M,4771904.0,193852.0,45
201700014017,17,12,29,1420,1,2,1,1.0,2.0,45182,M,4768716.0,177886.0,45
201700014018,17,5,19,845,1,2,1,1.0,6.0,45093,M,4803227.0,190944.0,45
201700014019,17,6,11,530,2,1,1,1.0,6.0,45313,M,4805669.0,178385.0,45
201700014020,17,7,8,1850,1,2,1,1.0,6.0,45062,M,4798401.0,187083.0,45
201700014021,17,11,6,1030,1,2,1,1.0,6.0,45008,M,4808066.0,187608.0,45
201700014022,17,12,26,1831,5,1,2,2.0,3.0,45046,M,4797615.0,174735.0,45
201700014023,17,4,26,2030,2,1,9,1.0,6.0,45143,M,4774666.0,283736.0,45
201700014024,17,5,15,1750,1,1,1,1.0,3.0,45040,M,4759211.0,280088.0,45
201700014025,17,6,27,2200,3,1,1,3.0,6.0,45029,M,4755656.0,279212.0,45
201700014026,17,7,10,2000,1,1,1,3.0,6.0,45029,M,4751558.0,282034.0,45
201700014027,17,9,18,1640,1,1,1,1.0,2.0,45040,M,4756876.0,285824.0,45
201700014028,17,10,5,1700,1,1,1,1.0,6.0,45053,M,4762627.0,277147.0,45
201700014029,17,11,6,1830,3,1,1,1.0,6.0,45052,M,4768462.0,290181.0,45
201700014030,17,12,13,2325,3,1,1,1.0,1.0,45238,M,4759696.0,279246.0,45
201700014031,17,1,24,415,3,1,1,5.0,6.0,45083,M,4795001.0,294477.0,45
201700014032,17,4,3,800,1,1,1,1.0,1.0,45073,M,4802867.0,296613.0,45
201700014033,17,6,2,1328,1,1,1,8.0,2.0,45306,M,4801856.0,288611.0,45
201700014034,17,7,1,1800,1,2,1,3.0,7.0,45115,M,4804111.0,306022.0,45
201700014035,17,7,5,1105,1,1,2,1.0,3.0,45102,M,4794841.0,277989.0,45
201700014036,17,7,12,1920,1,1,2,2.0,3.0,45165,M,4790774.0,285197.0,45
201700014037,17,8,28,1415,1,1,2,1.0,3.0,45165,M,4791645.0,285111.0,45
201700014038,17,9,13,1200,1,1,1,2.0,6.0,45329,M,4793908.0,297129.0,45
201700014039,17,1,5,1630,1,1,1,8.0,1.0,45032,M,4815493.0,291471.0,45
201700014040,17,1,14,1100,1,2,1,9.0,6.0,45207,M,4805397.0,260055.0,45