Num_Acc,an,mois,jour,hrmn,lum,agg,int,atm,col,com,gps,lat,long,dep
201700014041,17,2,24,1705,1,1,9,1.0,1.0,45148,M,4809000.0,277221.0,45
201700014042,17,4,28,1020,1,1,3,1.0,1.0,45156,M,4807763.0,272791.0,45
201700014043,17,5,15,750,1,2,1,1.0,3.0,45303,M,4811329.0,264328.0,45
201700014044,17,5,26,1845,1,2,1,1.0,6.0,45104,M,4804308.0,270259.0,45
201700014045,17,6,5,1510,1,1,1,1.0,6.0,45061,M,4804727.0,275490.0,45
201700014046,17,6,26,910,1,2,5,1.0,6.0,45127,M,4814729.0,276387.0,45
201700014047,17,7,18,1515,1,1,1,1.0,7.0,45303,M,4810880.0,261034.0,45
201700014048,17,11,16,1235,1,1,2,1.0,3.0,45343,M,4803891.0,263637.0,45
201700014049,17,11,16,1750,3,1,1,5.0,1.0,45303,M,4811614.0,257135.0,45
201700014050,17,11,21,820,1,2,3,1.0,2.0,45145,M,4809049.0,279891.0,45
201700014051,17,1,5,850,1,1,1,9.0,6.0,45056,M,4818264.0,246135.0,45
201700014052,17,1,14,1115,1,1,1,9.0,3.0,45014,M,4819209.0,237098.0,45
201700014053,17,1,20,1330,1,1,1,1.0,6.0,45035,M,4802966.0,236865.0,45
201700014054,17,5,20,1345,1,1,2,1.0,3.0,45131,M,4816998.0,242142.0,45
201700014055,17,8,29,1750,1,1,1,1.0,7.0,45035,M,4803889.0,235692.0,45
201700014056,17,8,29,1530,1,2,2,1.0,3.0,45258,M,4820393.0,246119.0,45
201700014057,17,10,1,200,3,1,1,1.0,7.0,45228,M,4800195.0,230766.0,45
201700014058,17,11,19,1250,1,1,1,1.0,7.0,45033,M,4815903.0,241035.0,45
201700014059,17,12,11,1410,1,1,2,6.0,3.0,45131,M,4817437.0,240797.0,45
201700014060,17,1,8,1935,3,1,1,5.0,6.0,45168,M,4798704.0,219413.0,45
201700014061,17,4,23,2000,2,2,1,1.0,6.0,45080,M,4823103.0,212494.0,45
201700014062,17,5,27,1652,1,1,1,1.0,3.0,45333,M,4794622.0,206362.0,45
201700014063,17,6,6,1850,1,1,3,1.0,6.0,45009,M,4811646.0,203335.0,45
201700014064,17,6,20,20,5,2,1,9.0,6.0,45095,M,4805876.0,212931.0,45
201700014065,17,7,2,2050,1,1,1,1.0,1.0,45025,M,4817613.0,203461.0,45
201700014066,17,7,14,1330,1,2,1,1.0,1.0,45118,M,4810751.0,206941.0,45
201700014067,17,8,1,2130,2,1,1,1.0,3.0,45240,M,4820191.0,201687.0,45
201700014068,17,8,21,1105,1,2,1,1.0,2.0,45224,M,4807070.0,206185.0,45
201700014069,17,9,12,1135,1,1,1,1.0,3.0,45301,M,4809969.0,213314.0,45
201700014070,17,10,26,1900,5,1,3,5.0,3.0,45025,M,4815829.0,204261.0,45
201700014071,17,12,6,1510,1,1,3,1.0,3.0,45224,M,4809421.0,203065.0,45
201700014072,17,1,11,710,3,1,1,1.0,1.0,60103,M,4941182.0,226239.0,60
201700014073,17,2,15,805,1,2,1,1.0,1.0,60639,M,4945687.0,209949.0,60
201700014074,17,3,16,1930,5,1,1,1.0,2.0,60646,M,4947900.0,206637.0,60
201700014075,17,3,17,2205,3,1,6,1.0,7.0,60646,M,4949054.0,203632.0,60
201700014076,17,1,5,620,5,2,3,1.0,3.0,60103,M,4940861.0,225058.0,60
201700014077,17,4,14,2130,5,2,1,1.0,6.0,60646,M,4948373.0,203629.0,60
201700014078,17,4,7,1740,1,1,4,1.0,1.0,60328,M,4952843.0,209983.0,60
201700014079,17,4,14,1635,1,1,1,1.0,3.0,60041,M,4941185.0,222597.0,60
201700014080,17,5,2,805,1,1,1,1.0,4.0,60628,M,4942396.0,214544.0,60
201700014081,17,5,13,250,3,1,1,1.0,7.0,60586,M,4940747.0,206138.0,60
201700014082,17,5,17,1830,1,2,1,1.0,7.0,60646,M,4948242.0,203810.0,60
201700014083,17,6,19,1940,1,2,1,1.0,3.0,60041,M,4938129.0,222896.0,60
201700014084,17,7,22,2340,5,2,9,1.0,5.0,60103,M,4940521.0,225125.0,60
201700014085,17,7,24,1400,1,1,1,2.0,6.0,60103,M,4942307.0,225807.0,60
201700014086,17,8,16,1515,1,2,2,1.0,6.0,60542,M,4940492.0,218240.0,60
201700014087,17,8,23,1630,1,2,2,1.0,1.0,60628,M,,,60
201700014088,17,9,16,1649,1,1,9,1.0,2.0,60009,M,4941432.0,214411.0,60
201700014089,17,9,24,1700,1,1,1,1.0,7.0,60041,M,4939469.0,220844.0,60
201700014090,17,9,25,615,3,1,2,1.0,6.0,60222,M,4946895.0,226204.0,60
201700014091,17,10,10,1625,1,1,1,1.0,1.0,60277,M,4942148.0,204215.0,60
201700014092,17,11,15,2122,4,1,1,5.0,7.0,60668,M,4949868.0,208823.0,60
201700014093,17,1,8,2050,5,2,1,5.0,2.0,60626,M,4938387.0,174223.0,60
201700014094,17,3,9,1001,1,1,3,2.0,3.0,60264,M,4938040.0,210255.0,60
201700014095,17,5,2,1315,1,1,1,1.0,5.0,60577,M,4946069.0,177201.0,60
201700014096,17,5,30,1310,1,1,1,1.0,6.0,60401,M,4932113.0,200752.0,60
201700014097,17,6,1,1035,1,2,1,1.0,2.0,60662,M,4938154.0,191560.0,60
201700014098,17,6,13,2135,1,1,1,1.0,6.0,60164,M,4938959.0,182332.0,60
201700014099,17,8,3,1730,1,2,1,1.0,6.0,60333,M,4944381.0,190077.0,60
201700014100,17,8,3,2120,5,2,1,1.0,1.0,60616,M,4934575.0,177247.0,60
201700014101,17,9,20,1850,2,1,1,1.0,7.0,60235,M,4932478.0,181040.0,60
201700014102,17,10,5,1720,1,1,1,1.0,1.0,60567,M,4941160.0,187600.0,60
201700014103,17,10,30,2145,3,2,9,1.0,6.0,60591,M,4942161.0,196790.0,60
201700014104,17,11,22,800,1,1,1,1.0,1.0,60477,M,4942003.0,191579.0,60
201700014105,17,12,4,1445,1,1,2,1.0,3.0,60343,M,4939336.0,176875.0,60
201700014106,17,12,12,1840,5,2,1,2.0,6.0,60029,M,4936953.0,198680.0,60
201700014107,17,12,14,845,1,2,3,2.0,6.0,60591,M,4942292.0,199158.0,60
201700014108,17,3,11,1015,1,1,1,1.0,3.0,60004,M,4954653.0,198908.0,60
201700014109,17,3,11,1930,3,1,3,1.0,1.0,60136,M,4965859.0,195849.0,60
201700014110,17,4,10,1245,1,1,3,1.0,3.0,60098,M,4965213.0,174068.0,60
201700014111,17,5,19,1700,1,1,1,1.0,1.0,60387,M,4958140.0,195004.0,60
201700014112,17,5,23,1905,1,1,1,1.0,1.0,60109,M,4964074.0,188444.0,60
201700014113,17,7,9,535,2,2,1,1.0,6.0,60387,M,4957083.0,195208.0,60
201700014114,17,9,1,2021,2,1,1,8.0,1.0,60687,M,4947480.0,178991.0,60
201700014115,17,9,22,1950,4,1,9,1.0,1.0,60604,M,4967799.0,186265.0,60
201700014116,17,11,16,1116,1,1,2,1.0,1.0,60365,M,4960136.0,205546.0,60
201700014117,17,1,30,1220,1,1,1,2.0,3.0,60086,M,4916844.0,234440.0,60
201700014118,17,4,29,1643,1,2,1,1.0,6.0,60584,M,4922369.0,242320.0,60
201700014119,17,6,19,2145,1,1,1,1.0,6.0,60651,M,4926387.0,229779.0,60
201700014120,17,6,24,1630,1,2,1,1.0,6.0,60584,M,4921696.0,241965.0,60
201700014121,17,7,12,1910,1,2,2,1.0,4.0,60584,M,4921459.0,241290.0,60
201700014122,17,7,25,1520,1,2,1,1.0,6.0,60044,M,4929833.0,233369.0,60
201700014123,17,9,8,1330,1,2,2,1.0,5.0,60584,M,4921582.0,241702.0,60
201700014124,17,10,1,2135,5,2,1,2.0,7.0,60185,M,4921613.0,231428.0,60
201700014125,17,10,12,1630,1,1,1,8.0,1.0,60651,M,4926713.0,224555.0,60
201700014126,17,12,8,837,2,2,2,8.0,3.0,60601,M,4926556.0,239366.0,60
201700014127,17,3,18,1800,2,1,1,2.0,5.0,60465,M,4954720.0,220402.0,60
201700014128,17,4,9,1710,1,2,1,1.0,6.0,60039,M,4962710.0,238023.0,60
201700014129,17,4,10,1900,1,1,1,1.0,6.0,60104,M,4961382.0,231595.0,60
201700014130,17,5,11,1900,1,1,1,1.0,6.0,60178,M,4963434.0,207799.0,60
201700014131,17,5,20,1740,1,1,3,1.0,3.0,60485,M,4961269.0,217087.0,60
201700014132,17,5,25,1645,1,1,1,1.0,7.0,60372,M,4954943.0,209550.0,60
201700014133,17,6,18,1815,1,1,1,1.0,3.0,60664,M,4961712.0,229155.0,60
201700014134,17,6,23,1725,1,1,9,1.0,7.0,60470,M,4954796.0,225377.0,60
201700014135,17,9,7,1845,1,2,1,1.0,3.0,60104,M,4963024.0,229532.0,60
201700014136,17,9,24,1730,1,2,2,1.0,7.0,60104,M,4963290.0,228982.0,60
201700014137,17,9,30,1740,1,2,1,1.0,6.0,60436,M,4959208.0,239047.0,60
201700014138,17,10,13,2350,5,1,1,1.0,6.0,60664,M,4960197.0,228346.0,60
201700014139,17,11,11,20,3,1,1,1.0,6.0,60104,M,4964044.0,230899.0,60
201700014140,17,11,19,1740,5,2,9,1.0,6.0,60664,M,4961324.0,229056.0,60
201700014141,17,12,5,1740,3,1,2,1.0,3.0,60615,M,4963162.0,243824.0,60
201700014142,17,12,21,1510,1,1,1,8.0,3.0,60199,M,4961496.0,217425.0,60
201700014143,17,1,4,1420,1,2,1,8.0,1.0,60581,M,4949988.0,243903.0,60
201700014144,17,2,19,430,3,1,1,5.0,6.0,60232,M,4958857.0,250983.0,60
201700014145,17,3,25,1939,5,2,1,1.0,6.0,60581,M,4950559.0,243090.0,60
201700014146,17,4,19,1650,1,1,1,1.0,7.0,60364,M,4947230.0,250681.0,60
201700014147,17,5,13,1945,1,2,9,1.0,3.0,60374,M,4955194.0,250888.0,60
201700014148,17,6,2,1744,1,2,1,1.0,2.0,60581,M,4951048.0,243031.0,60
201700014149,17,7,29,1600,1,2,1,1.0,6.0,60374,M,4955198.0,251244.0,60
201700014150,17,8,18,800,1,1,2,3.0,3.0,60468,M,4950163.0,236136.0,60
201700014151,17,8,30,2355,3,1,1,2.0,6.0,60168,M,4956463.0,262931.0,60
201700014152,17,11,10,2115,3,1,1,1.0,5.0,60396,M,4955171.0,260889.0,60
201700014153,17,12,15,1950,3,1,2,8.0,3.0,60040,M,4941498.0,260032.0,60
201700014154,17,1,8,1205,1,2,1,1.0,6.0,60119,M,4950027.0,291435.0,60
201700014155,17,2,3,340,3,2,1,1.0,7.0,60636,M,4947031.0,288930.0,60
201700014156,17,2,3,710,4,2,9,2.0,6.0,60150,M,4954459.0,295652.0,60
201700014157,17,2,10,2045,5,2,1,1.0,2.0,60150,M,4954362.0,295493.0,60
201700014158,17,2,15,1615,1,1,1,1.0,3.0,60151,M,4944810.0,290288.0,60
201700014159,17,3,14,1500,1,2,1,1.0,3.0,60188,M,4940362.0,299961.0,60
201700014160,17,3,30,1445,1,1,1,7.0,6.0,60492,M,4951153.0,294466.0,60
201700014161,17,4,2,1845,1,2,1,1.0,7.0,60636,M,4948187.0,287727.0,60
201700014162,17,4,12,1405,1,2,6,1.0,3.0,60188,M,4939618.0,300430.0,60
201700014163,17,5,13,2200,3,1,1,1.0,6.0,60151,M,4944931.0,290712.0,60
201700014164,17,6,13,810,1,1,1,1.0,3.0,60537,M,4951849.0,292540.0,60
201700014165,17,6,27,1615,1,2,1,1.0,6.0,60119,M,4949753.0,289793.0,60
201700014166,17,7,9,1500,1,1,1,1.0,6.0,60537,M,4952577.0,293107.0,60
201700014167,17,8,13,55,3,1,1,1.0,6.0,60273,M,4947301.0,283454.0,60
201700014168,17,8,22,1420,1,2,2,1.0,1.0,60156,M,4944253.0,286178.0,60
201700014169,17,9,3,915,1,1,1,1.0,6.0,60647,M,4939946.0,296592.0,60
201700014170,17,9,16,1720,1,2,1,1.0,1.0,60492,M,4951565.0,295401.0,60
201700014171,17,10,6,1720,1,2,3,7.0,1.0,60537,M,4950966.0,292227.0,60
201700014172,17,11,4,1915,3,1,1,2.0,6.0,60150,M,4954295.0,298251.0,60
201700014173,17,12,22,2045,5,2,1,2.0,6.0,60156,M,4943067.0,283664.0,60
201700014174,17,1,6,1010,1,2,1,1.0,6.0,60471,M,4957831.0,299485.0,60
201700014175,17,1,12,1735,5,2,1,3.0,6.0,60189,M,4953048.0,309792.0,60
201700014176,17,2,1,1445,1,2,1,8.0,6.0,60471,M,4957979.0,301528.0,60
201700014177,17,2,3,1405,1,2,1,1.0,6.0,60471,M,4957900.0,300619.0,60
201700014178,17,3,2,930,1,2,1,1.0,6.0,60471,M,4957876.0,300484.0,60
201700014179,17,3,25,1830,1,2,1,1.0,6.0,60471,M,4957596.0,299964.0,60
201700014180,17,4,13,1,3,2,3,1.0,6.0,60471,M,4957492.0,300869.0,60
201700014181,17,4,30,1655,1,1,1,1.0,6.0,60471,M,4956828.0,298165.0,60
201700014182,17,5,7,840,1,2,2,2.0,3.0,60381,M,4966271.0,286350.0,60
201700014183,17,5,12,1645,1,2,9,2.0,1.0,60471,M,4957810.0,299506.0,60
201700014184,17,5,17,100,3,1,1,1.0,6.0,60488,M,4956130.0,296852.0,60
201700014185,17,6,20,1815,1,1,1,1.0,1.0,60021,M,4958802.0,312112.0,60
201700014186,17,8,22,1900,1,1,2,1.0,3.0,60350,M,4959263.0,284699.0,60
201700014187,17,9,2,1645,1,1,1,1.0,1.0,60126,M,4954964.0,289326.0,60
201700014188,17,9,12,745,1,2,1,2.0,1.0,60506,M,4956732.0,298707.0,60
201700014189,17,9,18,230,3,1,1,5.0,7.0,60507,M,4954695.0,305844.0,60
201700014190,17,12,6,210,3,1,1,1.0,1.0,60488,M,4956455.0,296999.0,60
201700014191,17,1,16,340,3,1,1,2.0,6.0,60318,M,4932760.0,264605.0,60
201700014192,17,3,4,100,3,1,2,2.0,6.0,60408,M,4948016.0,274908.0,60
201700014193,17,5,27,1645,1,2,1,1.0,6.0,60318,M,4934379.0,264126.0,60
201700014194,17,8,29,115,3,1,1,1.0,7.0,60318,M,4932324.0,266000.0,60
201700014195,17,9,24,1550,1,1,1,1.0,7.0,60408,M,4947453.0,275376.0,60
201700014196,17,9,30,2200,3,1,1,1.0,6.0,60531,M,4943279.0,267043.0,60
201700014197,17,10,3,1115,1,2,3,1.0,6.0,60533,M,4954024.0,274528.0,60
201700014198,17,11,1,915,1,1,9,1.0,3.0,60024,M,4940130.0,269567.0,60
201700014199,17,11,5,145,3,1,1,2.0,7.0,60149,M,4933019.0,267140.0,60
201700014200,17,11,7,800,2,1,1,7.0,1.0,60337,M,4943708.0,276146.0,60
201700014201,17,4,20,1820,1,2,1,1.0,7.0,60600,M,4930810.0,275206.0,60
201700014202,17,5,6,1309,1,2,3,2.0,1.0,60509,M,4929233.0,260213.0,60
201700014203,17,5,6,1655,1,2,1,2.0,6.0,60509,M,4930546.0,260427.0,60
201700014204,17,5,12,850,1,2,1,1.0,3.0,60560,M,4923358.0,272772.0,60
201700014205,17,6,5,1700,1,1,4,1.0,3.0,60560,M,4923530.0,272834.0,60
201700014206,17,6,15,1550,1,2,1,1.0,6.0,60509,M,4929994.0,260542.0,60
201700014207,17,8,28,1244,1,1,1,1.0,3.0,60238,M,4926215.0,259244.0,60
201700014208,17,8,30,1600,1,1,1,1.0,1.0,60667,M,4930981.0,272704.0,60
201700014209,17,9,11,1700,1,2,1,2.0,6.0,60066,M,4928168.0,287760.0,60
201700014210,17,9,16,147,3,2,1,1.0,6.0,60066,M,4928465.0,287778.0,60
201700014211,17,11,2,2000,5,2,1,1.0,1.0,60509,M,4931091.0,260584.0,60
201700014212,17,11,19,1330,1,2,1,1.0,6.0,60509,M,4930309.0,259290.0,60
201700014213,17,1,9,120,3,1,1,5.0,6.0,09283,M,4273192.0,180787.0,09
201700014214,17,1,12,750,2,2,1,1.0,6.0,09032,M,4270847.0,183408.0,09
201700014215,17,1,19,940,1,1,1,1.0,6.0,09326,M,4277046.0,173293.0,09
201700014216,17,2,19,2150,5,2,1,1.0,6.0,09326,M,4277181.0,171538.0,09
201700014217,17,3,18,1110,1,1,1,1.0,7.0,09189,M,4268329.0,182696.0,09
201700014218,17,3,18,1915,3,1,1,1.0,6.0,09283,M,4272910.0,181743.0,09
201700014219,17,3,28,1710,1,1,1,1.0,6.0,09053,M,4276830.0,179258.0,09
201700014220,17,4,20,855,1,1,1,1.0,3.0,09032,M,4272265.0,184912.0,09
201700014221,17,6,1,1830,1,1,1,1.0,1.0,09032,M,4272259.0,184195.0,09
201700014222,17,8,1,200,5,1,1,1.0,5.0,09283,M,4272720.0,182916.0,09
201700014223,17,9,2,1650,1,1,1,1.0,6.0,09318,M,4275118.0,177208.0,09
201700014224,17,12,12,1050,1,1,1,4.0,1.0,09189,M,4268185.0,182837.0,09
201700014225,17,12,13,1530,1,1,1,1.0,1.0,09228,M,4273528.0,179166.0,09
201700014226,17,12,18,1430,1,1,1,4.0,6.0,09139,M,4257520.0,179278.0,09
201700014227,17,12,23,1720,1,1,1,9.0,1.0,09032,M,4268681.0,182343.0,09
201700014228,17,12,23,1615,1,2,1,1.0,6.0,09032,M,4271684.0,184049.0,09
201700014229,17,1,1,700,3,1,1,1.0,6.0,09264,M,4303203.0,161899.0,09
201700014230,17,1,21,10,3,1,1,1.0,7.0,09081,M,4313941.0,168825.0,09
201700014231,17,1,22,1830,3,1,1,2.0,5.0,09312,M,4309313.0,168919.0,09
201700014232,17,1,31,1345,1,1,1,1.0,1.0,09312,M,4309244.0,168116.0,09
201700014233,17,2,19,1130,1,1,1,1.0,7.0,09339,M,4316418.0,163598.0,09
201700014234,17,3,6,1425,1,2,1,6.0,6.0,09265,M,4308465.0,162874.0,09
201700014235,17,5,7,500,5,1,1,1.0,6.0,09238,M,4309351.0,171640.0,09
201700014236,17,6,12,130,3,1,1,1.0,6.0,09137,M,4302357.0,166378.0,09
201700014237,17,8,24,100,5,2,1,1.0,6.0,09332,M,4308051.0,163931.0,09
201700014238,17,9,1,1650,1,2,1,1.0,6.0,09324,M,4305626.0,164536.0,09
201700014239,17,9,27,1400,1,1,1,1.0,7.0,09312,M,4310096.0,165440.0,09
201700014240,17,10,20,1150,1,1,1,1.0,3.0,09324,M,4306405.0,163862.0,09
201700014241,17,11,2,1815,3,1,1,1.0,6.0,09264,M,4303133.0,161868.0,09
201700014242,17,11,29,1520,1,1,1,3.0,7.0,09264,M,4303387.0,162045.0,09
201700014243,17,2,26,330,3,1,1,1.0,6.0,09299,M,4290535.0,121154.0,09
201700014244,17,4,23,1825,1,1,1,1.0,1.0,09223,M,4288510.0,121502.0,09
201700014245,17,5,28,1530,1,1,1,1.0,7.0,09029,M,4279395.0,137524.0,09
201700014246,17,9,15,1430,1,1,1,1.0,6.0,09148,M,4303763.0,101338.0,09
201700014247,17,1,3,1140,1,2,7,1.0,6.0,83012,M,4355906.0,600420.0,83
201700014248,17,4,13,1645,1,2,1,1.0,1.0,83039,M,4350846.0,601846.0,83
201700014249,17,5,12,1245,1,1,1,1.0,6.0,83012,M,4355242.0,598768.0,83
201700014250,17,5,21,1705,1,1,1,1.0,7.0,83135,M,4359333.0,604868.0,83
201700014251,17,6,2,1930,2,1,1,1.0,6.0,83095,M,4355080.0,606266.0,83
201700014252,17,6,3,550,2,1,1,1.0,6.0,83012,M,4355242.0,598768.0,83
201700014253,17,6,7,1155,1,1,1,1.0,6.0,83032,M,4347163.0,617563.0,83
201700014254,17,6,9,1145,1,2,1,1.0,7.0,83032,M,4346379.0,621154.0,83
201700014255,17,6,21,600,1,1,1,1.0,6.0,83025,M,4352754.0,593703.0,83
201700014256,17,6,23,1834,1,1,1,1.0,6.0,83012,M,4356845.0,599599.0,83
201700014257,17,7,9,1310,1,1,1,1.0,6.0,83084,M,4364841.0,606125.0,83
201700014258,17,7,26,1920,2,1,1,1.0,1.0,83051,M,4350524.0,622959.0,83
201700014259,17,8,5,2345,3,1,1,1.0,6.0,83083,M,4348108.0,612509.0,83
201700014260,17,9,1,1309,1,1,9,1.0,3.0,83136,M,4348587.0,621610.0,83
201700014261,17,10,11,1630,1,1,1,1.0,3.0,83012,M,4355242.0,598768.0,83
201700014262,17,11,1,1700,1,1,1,1.0,7.0,83032,M,4346379.0,621154.0,83
201700014263,17,11,12,1120,1,1,1,1.0,7.0,83095,M,4355577.0,610070.0,83
201700014264,17,11,25,700,2,1,1,1.0,6.0,83060,M,4359700.0,610439.0,83
201700014265,17,11,29,1530,1,1,1,1.0,6.0,83060,M,,,83
201700014266,17,12,6,1740,3,2,1,1.0,1.0,83032,M,4347027.0,617104.0,83
201700014267,17,12,27,1430,1,2,1,2.0,1.0,83025,M,4352727.0,594464.0,83
201700014268,17,7,8,1720,1,1,1,1.0,3.0,83007,M,4363321.0,621422.0,83
201700014269,17,7,19,1550,1,1,1,1.0,2.0,83007,M,4362211.0,620089.0,83
201700014270,17,8,27,1225,1,1,1,1.0,3.0,83002,M,4377512.0,624124.0,83
201700014271,17,9,16,1900,1,1,1,1.0,2.0,83149,M,4355745.0,628435.0,83
201700014272,17,9,18,1830,1,1,1,1.0,6.0,83121,M,4357081.0,624210.0,83
201700014273,17,11,1,1930,3,1,1,1.0,1.0,83121,M,4357152.0,622044.0,83
201700014274,17,11,18,1645,1,1,1,1.0,7.0,83149,M,4355745.0,628435.0,83
201700014275,17,2,26,1500,1,1,1,1.0,7.0,83082,M,4363493.0,648247.0,83
201700014276,17,5,5,1325,1,1,9,1.0,3.0,83082,M,4363639.0,647853.0,83
201700014277,17,5,16,1920,2,1,1,1.0,7.0,83082,M,4363493.0,648247.0,83
201700014278,17,6,7,2215,3,1,1,1.0,6.0,83044,M,4371582.0,650288.0,83
201700014279,17,7,1,2000,2,1,1,1.0,1.0,83056,M,4355518.0,651676.0,83
201700014280,17,7,14,300,5,2,1,1.0,7.0,83056,M,4355589.0,651633.0,83
201700014281,17,7,25,1500,1,1,1,1.0,3.0,83028,M,4357157.0,653433.0,83
201700014282,17,8,8,1800,1,1,1,1.0,6.0,83028,M,4356550.0,657363.0,83
201700014283,17,12,31,140,3,2,1,1.0,6.0,83109,M,4372498.0,662656.0,83
201700014284,17,1,7,1300,1,2,1,1.0,3.0,90093,M,4768449.0,683919.0,90
201700014285,17,6,8,1400,1,1,1,1.0,1.0,90007,M,4759645.0,680493.0,90
201700014286,17,6,5,1630,1,2,1,1.0,1.0,90087,M,4767376.0,692682.0,90
201700014287,17,6,13,1225,1,1,1,7.0,4.0,90015,M,4759715.0,684117.0,90
201700014288,17,8,15,1610,1,1,1,1.0,1.0,90093,M,4767895.0,684312.0,90
201700014289,17,10,14,1600,1,1,1,1.0,1.0,90104,M,4762030.0,689520.0,90
201700014290,17,10,27,2355,3,1,1,1.0,6.0,90097,M,4757896.0,685977.0,90
201700014291,17,11,10,1530,1,1,1,2.0,1.0,90007,M,4759947.0,681370.0,90
201700014292,17,11,22,1430,1,1,1,1.0,1.0,90011,M,4758157.0,685915.0,90
201700014293,17,12,12,2115,3,2,1,1.0,7.0,90042,M,4767548.0,680459.0,90
201700014294,17,1,4,1550,1,1,1,4.0,3.0,90033,M,4750495.0,697626.0,90
201700014295,17,3,21,1331,1,1,3,2.0,6.0,90025,M,4758884.0,703435.0,90
201700014296,17,6,20,1630,1,1,1,1.0,6.0,90081,M,4752153.0,710880.0,90
201700014297,17,8,10,1120,1,2,1,8.0,7.0,90033,M,4751526.0,700101.0,90
201700014298,17,9,19,1155,1,2,1,1.0,3.0,90056,M,4753358.0,700674.0,90
201700014299,17,12,24,2300,5,2,1,1.0,6.0,90033,M,4750641.0,699635.0,90
201700014300,17,1,19,1625,1,2,1,1.0,6.0,90041,M,4771194.0,692465.0,90
201700014301,17,5,27,1110,1,1,1,1.0,3.0,90065,M,4778514.0,683365.0,90
201700014302,17,5,28,1010,1,2,1,1.0,3.0,90078,M,4772369.0,700321.0,90
201700014303,17,6,5,1700,1,1,6,1.0,3.0,90067,M,4768577.0,695293.0,90
201700014304,17,7,15,2102,2,2,1,1.0,6.0,90041,M,4771616.0,693022.0,90
201700014305,17,8,28,1615,1,2,1,1.0,7.0,90041,M,4772287.0,691803.0,90
201700014306,17,10,7,1630,1,1,1,1.0,7.0,90065,M,4780121.0,683391.0,90
201700014307,17,11,19,1830,3,1,1,5.0,1.0,90005,M,4774195.0,679896.0,90
201700014308,17,1,9,2005,3,2,1,1.0,6.0,90031,M,4762105.0,699840.0,90
201700014309,17,2,7,1005,1,2,1,1.0,6.0,90053,M,4753687.0,698140.0,90
201700014310,17,4,14,1950,1,2,1,1.0,1.0,90018,M,4757772.0,697410.0,90
201700014311,17,4,20,1855,1,2,1,1.0,3.0,90053,M,4753913.0,696886.0,90
201700014312,17,9,5,2045,3,1,1,1.0,1.0,90017,M,4757222.0,691256.0,90
201700014313,17,12,7,745,2,2,1,1.0,1.0,90071,M,4761144.0,699785.0,90
201700014314,17,12,27,1350,1,1,1,1.0,6.0,90014,M,4755629.0,700498.0,90
201700014315,17,1,28,1050,1,1,2,1.0,3.0,50239,M,4911687.0,-116752.0,50
201700014316,17,4,7,1725,1,1,1,1.0,3.0,50046,M,4913326.0,-98099.0,50
201700014317,17,4,11,630,2,1,1,5.0,6.0,50119,M,4918962.0,-120107.0,50
201700014318,17,6,20,1700,1,1,2,1.0,6.0,50123,M,4914965.0,-122755.0,50
201700014319,17,6,26,1710,1,1,3,1.0,2.0,50292,M,4909137.0,-123834.0,50
201700014320,17,7,1,805,1,1,1,1.0,6.0,50321,M,4913727.0,-108311.0,50
201700014321,17,7,31,1800,1,1,1,1.0,3.0,50248,M,4918325.0,-117926.0,50
201700014322,17,9,9,950,1,1,1,1.0,7.0,50297,M,4915518.0,-110893.0,50
201700014323,17,9,23,1540,1,1,3,1.0,3.0,50239,M,4912614.0,-117537.0,50
201700014324,17,10,27,2000,3,1,1,1.0,3.0,50239,M,4912624.0,-118003.0,50
201700014325,17,10,29,1945,3,2,1,1.0,2.0,50502,M,4910414.0,-111726.0,50
201700014326,17,12,16,2115,3,1,1,2.0,7.0,50455,M,4919302.0,-104160.0,50
201700014327,17,12,17,215,3,1,1,1.0,2.0,50046,M,4914710.0,-94958.0,50
201700014328,17,12,29,830,3,2,1,6.0,6.0,50455,M,4919189.0,-103040.0,50
201700014329,17,1,24,1550,1,1,1,1.0,6.0,50167,M,4870084.0,-148466.0,50
201700014330,17,2,4,1400,1,2,3,1.0,2.0,50247,M,4881358.0,-140558.0,50
201700014331,17,3,11,1510,1,1,1,1.0,3.0,50355,M,4875095.0,-140410.0,50
201700014332,17,4,9,1935,1,2,1,1.0,1.0,50188,M,4883531.0,-140505.0,50
201700014333,17,6,4,1730,1,1,3,1.0,3.0,50117,M,4873405.0,-154310.0,50
201700014334,17,7,7,1935,1,1,3,7.0,2.0,50493,M,4883670.0,-146835.0,50
201700014335,17,7,13,2245,5,2,1,1.0,7.0,50102,M,4876004.0,-156797.0,50
201700014336,17,8,24,930,1,1,1,1.0,1.0,50541,M,4883720.0,-151762.0,50
201700014337,17,9,22,1820,1,1,2,1.0,6.0,50027,M,4869931.0,-143393.0,50
201700014338,17,10,25,1116,1,1,2,5.0,1.0,50361,M,4877529.0,-136816.0,50
201700014339,17,11,4,2340,3,1,1,2.0,1.0,50027,M,4872325.0,-142465.0,50
201700014340,17,12,24,1515,1,2,9,8.0,6.0,50066,M,4877075.0,-156972.0,50
201700014341,17,1,25,1500,1,1,2,1.0,3.0,50130,M,4879148.0,-119597.0,50
201700014342,17,2,26,1824,1,1,3,1.0,3.0,50453,M,4883255.0,-120446.0,50