Num_Acc,an,mois,jour,hrmn,lum,agg,int,atm,col,com,gps,lat,long,dep
201700014343,17,3,15,720,1,1,3,2.0,3.0,50597,M,4872458.0,-127565.0,50
201700014344,17,4,7,2020,1,2,1,1.0,6.0,50639,M,4885341.0,-122253.0,50
201700014345,17,5,2,730,1,1,1,5.0,6.0,50542,M,4874655.0,-105958.0,50
201700014346,17,6,16,1850,1,1,3,1.0,3.0,50597,M,4870734.0,-128283.0,50
201700014347,17,8,6,445,4,2,1,1.0,6.0,50262,M,4881635.0,-129016.0,50
201700014348,17,10,13,1000,1,1,1,1.0,6.0,50121,M,4881198.0,-117407.0,50
201700014349,17,11,4,2015,3,1,1,2.0,5.0,50453,M,4883253.0,-120218.0,50
201700014350,17,12,3,1405,1,1,1,2.0,6.0,50121,M,4881030.0,-115718.0,50
201700014351,17,1,30,915,1,1,1,5.0,6.0,50260,M,4867705.0,-106025.0,50
201700014352,17,5,26,1110,1,1,1,1.0,7.0,50043,M,4869755.0,-98215.0,50
201700014353,17,6,16,1820,1,1,3,1.0,3.0,50450,M,4868443.0,-96112.0,50
201700014354,17,8,8,930,1,2,2,3.0,6.0,50582,M,4872403.0,-92389.0,50
201700014355,17,8,15,500,3,1,1,1.0,6.0,50260,M,4867472.0,-102533.0,50
201700014356,17,8,21,1230,1,1,1,1.0,6.0,50200,M,4866381.0,-83501.0,50
201700014357,17,1,14,1010,1,2,3,1.0,3.0,50410,M,4854692.0,-150216.0,50
201700014358,17,1,23,1845,3,1,1,1.0,6.0,50042,M,4861516.0,-149624.0,50
201700014359,17,3,2,1055,1,1,1,1.0,1.0,50253,M,4861514.0,-146843.0,50
201700014360,17,3,15,145,3,1,1,1.0,6.0,50589,M,4857519.0,-145377.0,50
201700014361,17,3,27,2205,3,2,3,1.0,6.0,50410,M,4861633.0,-151067.0,50
201700014362,17,4,16,645,2,1,1,1.0,7.0,50259,M,4858656.0,-134716.0,50
201700014363,17,6,1,1145,1,1,4,1.0,6.0,50487,M,4854079.0,-133463.0,50
201700014364,17,6,2,840,1,2,6,1.0,3.0,50168,M,4861809.0,-128546.0,50
201700014365,17,6,8,1450,1,1,1,1.0,7.0,50448,M,4857372.0,-129275.0,50
201700014366,17,6,16,1600,1,1,9,1.0,3.0,50410,M,4855871.0,-145903.0,50
201700014367,17,6,25,445,3,1,1,2.0,6.0,50154,M,4854487.0,-139684.0,50
201700014368,17,6,30,830,1,1,2,2.0,3.0,50574,M,4859463.0,-141042.0,50
201700014369,17,7,2,1215,1,1,1,2.0,3.0,50448,M,4853422.0,-127220.0,50
201700014370,17,7,6,1030,1,1,2,1.0,3.0,50290,M,4865108.0,-122321.0,50
201700014371,17,7,17,240,3,1,1,1.0,7.0,50443,M,4851454.0,-145446.0,50
201700014372,17,9,6,1600,1,1,1,1.0,2.0,50410,M,4855871.0,-145903.0,50
201700014373,17,9,9,45,3,1,9,8.0,7.0,50229,M,4854375.0,-124981.0,50
201700014374,17,9,15,2300,3,1,1,1.0,6.0,50410,M,4857619.0,-151966.0,50
201700014375,17,10,19,1420,1,1,2,1.0,3.0,50589,M,4858546.0,-142395.0,50
201700014376,17,10,28,2310,3,1,1,2.0,6.0,50154,M,4856171.0,-138004.0,50
201700014377,17,12,2,1430,1,2,1,1.0,1.0,50443,M,4850203.0,-146021.0,50
201700014378,17,12,8,1130,1,2,1,1.0,1.0,50487,M,4852280.0,-132368.0,50
201700014379,17,12,24,1200,1,1,2,2.0,3.0,50410,M,4855355.0,-143446.0,50
201700014380,17,2,12,1230,1,1,3,1.0,3.0,50391,M,4860275.0,-105587.0,50
201700014381,17,2,16,1900,5,2,1,1.0,6.0,50484,M,4857981.0,-109238.0,50
201700014382,17,4,1,1730,1,2,1,2.0,1.0,50484,M,4857679.0,-109482.0,50
201700014383,17,4,9,1500,1,1,2,7.0,6.0,50274,M,4852149.0,-108838.0,50
201700014384,17,4,15,1745,1,1,3,1.0,7.0,50256,M,4862517.0,-112618.0,50
201700014385,17,5,31,1530,1,1,1,7.0,3.0,50256,M,4859804.0,-119273.0,50
201700014386,17,6,17,500,2,2,1,1.0,6.0,50484,M,4857667.0,-109463.0,50
201700014387,17,6,21,1930,1,2,2,1.0,3.0,50515,M,4854559.0,-117412.0,50
201700014388,17,6,26,805,1,2,1,1.0,6.0,50484,M,4857630.0,-109193.0,50
201700014389,17,8,11,1845,1,1,1,1.0,3.0,50515,M,4855085.0,-118257.0,50
201700014390,17,8,13,400,3,1,1,1.0,6.0,50391,M,4859205.0,-111536.0,50
201700014391,17,8,15,1310,1,1,1,1.0,6.0,50256,M,4858239.0,-119037.0,50
201700014392,17,8,29,1320,1,1,1,1.0,7.0,50591,M,4853410.0,-86170.0,50
201700014393,17,9,21,2340,3,1,1,2.0,6.0,50391,M,4860084.0,-111731.0,50
201700014394,17,9,27,1430,1,2,1,1.0,1.0,50484,M,4857761.0,-109440.0,50
201700014395,17,1,29,1800,5,2,1,2.0,6.0,50613,M,4964055.0,-129664.0,50
201700014396,17,3,8,1610,1,1,1,2.0,6.0,50335,M,4956449.0,-141640.0,50
201700014397,17,3,13,945,1,1,1,1.0,7.0,50270,M,4949147.0,-146175.0,50
201700014398,17,5,6,1050,1,1,1,3.0,3.0,50162,M,4964202.0,-152991.0,50
201700014399,17,5,22,1620,1,1,1,1.0,3.0,50596,M,4965572.0,-141623.0,50
201700014400,17,5,27,1245,1,1,2,1.0,3.0,50615,M,4951816.0,-149292.0,50
201700014401,17,6,16,1645,1,2,1,1.0,6.0,50615,M,4951248.0,-146835.0,50
201700014402,17,6,24,2020,1,1,1,2.0,6.0,50648,M,4950829.0,-151901.0,50
201700014403,17,7,1,5,3,2,1,1.0,6.0,50375,M,4969162.0,-133925.0,50
201700014404,17,7,15,1915,1,1,3,1.0,7.0,50209,M,4964368.0,-147562.0,50
201700014405,17,8,10,1330,1,2,6,1.0,6.0,50615,M,4950994.0,-146966.0,50
201700014406,17,8,13,930,1,2,4,1.0,1.0,50615,M,4950530.0,-147040.0,50
201700014407,17,8,13,1220,1,2,3,1.0,3.0,50615,M,4950052.0,-146944.0,50
201700014408,17,9,1,900,1,1,1,2.0,1.0,50013,M,4963317.0,-128119.0,50
201700014409,17,9,20,1830,1,2,1,1.0,6.0,50615,M,4950893.0,-147211.0,50
201700014410,17,10,21,2055,3,1,2,3.0,1.0,50648,M,4949617.0,-151461.0,50
201700014411,17,10,26,500,3,1,1,5.0,6.0,50593,M,4958774.0,-136077.0,50
201700014412,17,12,9,1500,1,1,1,1.0,6.0,50305,M,4960091.0,-152888.0,50
201700014413,17,12,17,700,3,1,1,1.0,6.0,50087,M,4956669.0,-159240.0,50
201700014414,17,1,22,1615,1,1,1,1.0,6.0,50285,M,4946017.0,-154434.0,50
201700014415,17,1,23,910,1,2,1,9.0,6.0,50083,M,4953163.0,-171840.0,50
201700014416,17,1,25,1400,1,1,4,1.0,3.0,50503,M,4932136.0,-167028.0,50
201700014417,17,1,29,830,1,1,1,2.0,6.0,50425,M,4952205.0,-165559.0,50
201700014418,17,2,26,545,3,1,1,2.0,7.0,50580,M,4954728.0,-175783.0,50
201700014419,17,4,16,1825,1,2,1,1.0,3.0,50412,M,4933522.0,-169746.0,50
201700014420,17,4,23,1705,1,1,1,1.0,6.0,50480,M,4949708.0,-179958.0,50
201700014421,17,5,13,1910,1,1,6,1.0,7.0,50402,M,4950656.0,-180369.0,50
201700014422,17,5,19,1047,1,1,1,1.0,6.0,50031,M,4939693.0,-174914.0,50
201700014423,17,5,20,1912,1,2,3,1.0,6.0,50435,M,4949929.0,-160313.0,50
201700014424,17,6,8,1450,1,1,1,1.0,7.0,50183,M,4940978.0,-165269.0,50
201700014425,17,6,21,1325,1,2,1,1.0,6.0,50369,M,4949394.0,-154622.0,50
201700014426,17,7,2,850,1,1,6,1.0,3.0,50402,M,4951658.0,-179912.0,50
201700014427,17,7,2,1245,1,1,1,1.0,3.0,50082,M,4946136.0,-163606.0,50
201700014428,17,7,22,2214,3,1,1,3.0,6.0,50222,M,4950722.0,-173303.0,50
201700014429,17,8,22,20,3,1,1,1.0,6.0,50412,M,4935823.0,-170768.0,50
201700014430,17,8,24,1900,1,1,2,1.0,1.0,50579,M,4951589.0,-162630.0,50
201700014431,17,9,6,1940,2,2,3,1.0,6.0,50082,M,4946980.0,-162728.0,50
201700014432,17,9,15,1415,1,1,1,1.0,6.0,50401,M,4947345.0,-178917.0,50
201700014433,17,9,20,1415,1,1,1,1.0,2.0,50577,M,4941941.0,-171849.0,50
201700014434,17,9,24,55,3,1,1,1.0,7.0,50412,M,4936193.0,-169807.0,50
201700014435,17,12,11,230,3,1,6,2.0,6.0,50412,M,4936084.0,-169635.0,50
201700014436,17,2,5,2320,5,2,1,1.0,6.0,50523,M,4940782.0,-132139.0,50
201700014437,17,2,6,1030,1,2,1,1.0,7.0,50341,M,4949030.0,-137587.0,50
201700014438,17,2,8,1800,2,1,2,1.0,1.0,50153,M,4933803.0,-139016.0,50
201700014439,17,2,21,1655,1,1,3,1.0,1.0,50523,M,4940648.0,-134688.0,50
201700014440,17,5,15,1,3,1,1,1.0,6.0,50400,M,4936375.0,-138249.0,50
201700014441,17,6,10,1115,1,1,1,1.0,3.0,50103,M,4938094.0,-130478.0,50
201700014442,17,6,13,1905,1,2,3,1.0,6.0,50400,M,4937930.0,-141920.0,50
201700014443,17,6,21,30,3,2,1,1.0,6.0,50153,M,4934072.0,-139435.0,50
201700014444,17,6,26,1230,1,1,1,1.0,1.0,50551,M,4939740.0,-155968.0,50
201700014445,17,7,8,1445,1,1,1,1.0,3.0,50169,M,4947215.0,-136592.0,50
201700014446,17,7,9,545,2,1,1,1.0,6.0,50421,M,4951101.0,-130374.0,50
201700014447,17,8,14,2315,3,1,1,1.0,6.0,50333,M,4935677.0,-143258.0,50
201700014448,17,9,16,1450,1,1,1,1.0,6.0,50523,M,4939750.0,-130981.0,50
201700014449,17,11,2,1100,1,2,1,1.0,6.0,50551,M,4940535.0,-153187.0,50
201700014450,17,11,22,1715,2,1,3,1.0,3.0,50387,M,4942236.0,-144936.0,50
201700014451,17,12,24,940,1,2,1,2.0,7.0,50138,M,4945920.0,-149105.0,50
201700014452,17,3,8,1950,3,1,1,2.0,6.0,50111,M,4903881.0,-129498.0,50
201700014453,17,3,17,1934,2,1,1,1.0,2.0,50093,M,4908730.0,-126837.0,50
201700014454,17,4,3,2245,5,2,1,1.0,7.0,50603,M,4904797.0,-153927.0,50
201700014455,17,4,13,1745,1,1,1,1.0,1.0,50044,M,4907107.0,-136670.0,50
201700014456,17,4,27,2140,3,1,1,1.0,7.0,50219,M,4907237.0,-151199.0,50
201700014457,17,6,15,2015,1,1,1,1.0,7.0,50350,M,4900517.0,-132863.0,50
201700014458,17,6,16,1835,1,2,6,1.0,3.0,50437,M,4898515.0,-133183.0,50
201700014459,17,6,25,810,1,2,3,1.0,7.0,50279,M,4909619.0,-130237.0,50
201700014460,17,6,28,1715,1,1,1,1.0,3.0,50437,M,4898536.0,-135047.0,50
201700014461,17,7,13,1915,1,2,1,1.0,6.0,50094,M,4909032.0,-133016.0,50
201700014462,17,7,31,500,4,2,1,1.0,6.0,50624,M,4907791.0,-147820.0,50
201700014463,17,8,21,2140,3,1,1,1.0,7.0,50058,M,4908538.0,-159692.0,50
201700014464,17,9,19,2100,3,1,1,1.0,6.0,50279,M,4908077.0,-129877.0,50
201700014465,17,11,10,1428,1,1,3,1.0,5.0,50145,M,4906604.0,-139084.0,50
201700014466,17,12,7,1728,2,1,1,8.0,3.0,50279,M,4907899.0,-130892.0,50
201700014467,17,12,11,800,3,1,1,6.0,1.0,50464,M,4900815.0,-139033.0,50
201700014468,17,1,25,1300,1,1,1,9.0,6.0,50626,M,4889513.0,-138315.0,50
201700014469,17,3,15,1630,1,1,1,1.0,1.0,50085,M,4891823.0,-153289.0,50
201700014470,17,6,9,1150,1,1,1,1.0,3.0,50076,M,4889632.0,-152803.0,50
201700014471,17,7,7,1225,1,2,1,1.0,6.0,50109,M,4891679.0,-143525.0,50
201700014472,17,7,13,1200,1,1,2,1.0,3.0,50365,M,4893267.0,-147011.0,50
201700014473,17,7,18,1700,1,1,1,1.0,7.0,50349,M,4899120.0,-154613.0,50
201700014474,17,8,3,1745,1,1,2,1.0,3.0,50419,M,4897579.0,-148598.0,50
201700014475,17,8,10,1220,1,2,1,8.0,6.0,50109,M,4891691.0,-143498.0,50
201700014476,17,8,15,1800,1,1,1,1.0,2.0,50605,M,4897344.0,-140762.0,50
201700014477,17,9,8,1823,1,1,1,3.0,6.0,50605,M,4896141.0,-139018.0,50
201700014478,17,9,23,1800,1,1,3,1.0,6.0,50231,M,4897031.0,-153644.0,50
201700014479,17,11,29,1340,1,2,2,1.0,3.0,50277,M,4885492.0,-154989.0,50
201700014480,17,12,2,1836,3,1,1,1.0,6.0,50085,M,4892376.0,-152968.0,50
201700014481,17,12,5,1530,1,1,1,1.0,6.0,50419,M,4896731.0,-144726.0,50
201700014482,17,1,8,1335,1,1,1,8.0,6.0,50364,M,4913791.0,-147092.0,50
201700014483,17,1,27,1640,1,1,1,1.0,6.0,50403,M,4917807.0,-151911.0,50
201700014484,17,1,29,1645,1,1,2,2.0,3.0,50481,M,4923741.0,-159720.0,50
201700014485,17,2,12,2145,3,1,1,1.0,6.0,50273,M,4929304.0,-151592.0,50
201700014486,17,2,8,1800,1,1,1,1.0,6.0,50629,M,4922840.0,-147150.0,50
201700014487,17,3,10,1315,1,1,1,1.0,3.0,50273,M,4929778.0,-148957.0,50
201700014488,17,3,30,1610,1,1,1,1.0,2.0,50510,M,4918105.0,-137939.0,50
201700014489,17,4,5,400,3,1,1,1.0,7.0,50586,M,4927851.0,-165689.0,50
201700014490,17,4,13,1720,1,1,1,1.0,7.0,50622,M,4916373.0,-141102.0,50
201700014491,17,5,3,130,3,1,6,1.0,6.0,50394,M,4918736.0,-141460.0,50
201700014492,17,5,10,940,1,2,1,1.0,6.0,50236,M,4929123.0,-154617.0,50
201700014493,17,5,14,1615,1,1,1,1.0,7.0,50550,M,4912757.0,-140149.0,50
201700014494,17,5,27,2130,2,1,1,1.0,6.0,50267,M,4921150.0,-151880.0,50
201700014495,17,6,2,1435,1,1,2,1.0,1.0,50364,M,4912210.0,-148872.0,50
201700014496,17,6,28,1530,1,1,1,8.0,3.0,50182,M,4916955.0,-147494.0,50
201700014497,17,6,29,1225,1,1,2,1.0,6.0,50550,M,4914899.0,-141235.0,50
201700014498,17,7,21,1300,1,1,1,1.0,6.0,50016,M,4932492.0,-134556.0,50
201700014499,17,8,1,1920,1,1,2,1.0,3.0,50014,M,4912897.0,-159026.0,50
201700014500,17,8,5,315,3,1,3,1.0,6.0,50198,M,4912165.0,-154771.0,50
201700014501,17,8,6,1830,1,1,1,1.0,5.0,50036,M,4931064.0,-136559.0,50
201700014502,17,8,21,2015,2,1,2,1.0,3.0,50151,M,4921203.0,-157317.0,50
201700014503,17,8,23,1440,1,1,1,1.0,6.0,50166,M,4934264.0,-152722.0,50
201700014504,17,9,21,1850,1,1,2,2.0,3.0,50308,M,4912622.0,-135405.0,50
201700014505,17,9,27,1924,2,1,1,2.0,3.0,50394,M,4920328.0,-142663.0,50
201700014506,17,9,30,1500,1,2,3,1.0,6.0,50510,M,4916585.0,-134974.0,50
201700014507,17,10,1,1525,1,1,2,2.0,5.0,50160,M,4930926.0,-167837.0,50
201700014508,17,10,27,430,3,1,1,1.0,7.0,50151,M,4919242.0,-157976.0,50
201700014509,17,1,27,100,3,1,1,2.0,7.0,05037,M,4448205.0,603602.0,05
201700014510,17,4,9,1900,1,1,1,8.0,7.0,05168,M,4449784.0,599065.0,05
201700014511,17,7,1,1855,1,1,4,7.0,1.0,05162,M,4442062.0,599373.0,05
201700014512,17,8,20,1630,1,1,1,1.0,1.0,05176,M,4447436.0,612393.0,05
201700014513,17,11,18,100,5,1,1,1.0,6.0,05170,M,4444304.0,603140.0,05
201700014514,17,1,8,815,1,1,9,1.0,6.0,05054,M,4466546.0,608192.0,05
201700014515,17,1,16,1150,1,1,1,1.0,1.0,05072,M,4465854.0,608471.0,05
201700014516,17,2,5,1330,1,1,1,4.0,6.0,05056,M,4462512.0,615137.0,05
201700014517,17,3,5,30,3,1,1,4.0,6.0,05032,M,4468860.0,626339.0,05
201700014518,17,3,16,1235,1,1,9,1.0,1.0,05072,M,4464775.0,608634.0,05
201700014519,17,4,22,1140,1,1,1,1.0,3.0,05145,M,4465781.0,620669.0,05
201700014520,17,5,16,920,1,1,1,1.0,7.0,05095,M,4472293.0,601465.0,05
201700014521,17,6,9,1415,1,2,4,1.0,7.0,05144,M,4477387.0,603466.0,05
201700014522,17,7,23,600,2,1,1,1.0,6.0,05054,M,4467225.0,607490.0,05
201700014523,17,7,27,1830,1,1,1,1.0,5.0,05040,M,4454985.0,626257.0,05
201700014524,17,8,5,930,1,1,3,1.0,6.0,05039,M,4476569.0,601334.0,05
201700014525,17,8,19,1130,1,1,1,1.0,7.0,05009,M,4480540.0,595526.0,05
201700014526,17,10,28,1605,1,1,1,1.0,7.0,05009,M,4479934.0,597025.0,05
201700014527,17,1,13,920,1,1,1,4.0,1.0,05010,M,4455226.0,577301.0,05
201700014528,17,1,13,2130,4,1,4,1.0,3.0,05179,M,4455195.0,586461.0,05
201700014529,17,3,3,1450,1,1,1,1.0,7.0,05010,M,4455316.0,576779.0,05
201700014530,17,4,18,1130,1,1,1,1.0,4.0,05146,M,4461949.0,570280.0,05
201700014531,17,6,27,1630,1,2,1,1.0,1.0,05179,M,4453185.0,581781.0,05
201700014532,17,8,12,1515,1,1,1,1.0,1.0,05008,M,4448508.0,572867.0,05
201700014533,17,9,14,400,3,1,1,1.0,6.0,05179,M,4452589.0,580636.0,05
201700014534,17,9,24,200,3,1,1,1.0,6.0,05146,M,4461771.0,570594.0,05
201700014535,17,10,23,815,1,2,1,1.0,7.0,05123,M,4455925.0,595709.0,05
201700014536,17,11,25,2040,3,1,1,1.0,6.0,05124,M,4458109.0,612590.0,05
201700014537,17,1,24,1830,3,1,2,1.0,3.0,05017,M,4456342.0,619662.0,05
201700014538,17,4,23,1915,1,1,1,1.0,6.0,05011,M,4453550.0,618860.0,05
201700014539,17,7,4,1430,1,1,1,1.0,5.0,05040,M,4453570.0,629972.0,05
201700014540,17,8,12,1940,1,1,1,1.0,3.0,05106,M,4452966.0,633355.0,05
201700014541,17,1,28,1740,2,1,1,1.0,5.0,05046,M,4455637.0,655636.0,05
201700014542,17,2,10,1500,1,2,1,1.0,1.0,05164,M,4452406.0,640003.0,05
201700014543,17,4,21,2010,5,2,1,1.0,6.0,05164,M,4452394.0,639998.0,05
201700014544,17,7,5,1345,1,2,7,1.0,3.0,05164,M,4452512.0,640071.0,05
201700014545,17,8,18,1615,1,1,1,1.0,7.0,05046,M,4455778.0,646818.0,05
201700014546,17,1,8,1400,1,1,1,1.0,6.0,14157,M,4917350.0,-54389.0,14
201700014547,17,1,8,1850,5,2,2,2.0,3.0,14311,M,4913540.0,-52639.0,14
201700014548,17,1,9,800,2,1,1,8.0,6.0,14006,M,4909290.0,-42050.0,14
201700014549,17,1,26,950,1,1,2,1.0,2.0,14157,M,4917440.0,-53558.0,14
201700014550,17,6,2,1051,1,1,2,1.0,3.0,14592,M,4908507.0,-47983.0,14
201700014551,17,6,10,1600,1,1,1,1.0,1.0,14542,M,4922293.0,-44570.0,14
201700014552,17,7,23,1630,1,1,1,1.0,6.0,14288,M,4924417.0,-48539.0,14
201700014553,17,8,20,1515,1,1,3,1.0,6.0,14249,M,4911920.0,-47516.0,14
201700014554,17,10,22,854,1,1,1,1.0,3.0,14670,M,4922894.0,-50832.0,14
201700014555,17,10,26,1800,1,1,3,1.0,3.0,14157,M,4917712.0,-51217.0,14
201700014556,17,10,28,945,1,2,3,1.0,3.0,14288,M,4926625.0,-48539.0,14
201700014557,17,11,7,1110,1,1,1,1.0,3.0,14670,M,4923055.0,-52141.0,14
201700014558,17,12,7,1140,1,2,3,6.0,6.0,14257,M,4909893.0,-50315.0,14
201700014559,17,12,18,1333,1,1,1,1.0,1.0,14254,M,4914264.0,-41825.0,14
201700014560,17,1,5,1615,1,1,1,1.0,7.0,14727,M,4919260.0,-84565.0,14
201700014561,17,1,16,1000,1,1,1,2.0,1.0,14370,M,4923400.0,-87193.0,14
201700014562,17,3,8,805,1,1,1,2.0,7.0,14439,M,4930850.0,-102936.0,14
201700014563,17,3,19,1015,1,1,1,8.0,1.0,14445,M,4920620.0,-86803.0,14
201700014564,17,4,26,1630,1,2,3,1.0,7.0,14256,M,4932220.0,-78961.0,14
201700014565,17,4,27,1713,1,1,1,1.0,3.0,14716,M,4918030.0,-72359.0,14
201700014566,17,5,8,400,3,1,4,1.0,6.0,14256,M,4932471.0,-76340.0,14
201700014567,17,5,25,2300,3,2,3,1.0,6.0,14605,M,4936063.0,-87661.0,14
201700014568,17,5,27,1400,1,2,1,1.0,5.0,14605,M,4935800.0,-87601.0,14
201700014569,17,6,4,1745,1,1,1,1.0,7.0,14643,M,4922071.0,-76732.0,14
201700014570,17,6,14,1855,1,1,1,1.0,3.0,14370,M,4922688.0,-87124.0,14
201700014571,17,6,9,1345,1,1,1,1.0,6.0,14397,M,4930691.0,-88664.0,14
201700014572,17,6,24,245,3,1,9,1.0,6.0,14132,M,4932818.0,-96971.0,14
201700014573,17,7,10,750,1,1,1,2.0,7.0,14397,M,4930867.0,-84367.0,14
201700014574,17,9,7,1120,1,1,1,1.0,7.0,14705,M,4923228.0,-93818.0,14
201700014575,17,9,24,1530,1,1,1,1.0,3.0,14369,M,4915312.0,-93961.0,14
201700014576,17,10,25,725,2,1,1,1.0,3.0,14298,M,4936216.0,-106836.0,14
201700014577,17,10,31,1730,2,2,2,1.0,3.0,14370,M,4924822.0,-87790.0,14
201700014578,17,12,19,600,3,1,1,9.0,6.0,14445,M,4917891.0,-89452.0,14
201700014579,17,12,22,1800,3,1,1,3.0,1.0,14136,M,4933965.0,-105832.0,14
201700014580,17,1,17,1415,1,1,1,1.0,6.0,14200,M,4930490.0,-54782.0,14
201700014581,17,2,17,2050,3,1,2,1.0,3.0,14062,M,,,14
201700014582,17,3,24,1050,1,2,1,1.0,6.0,14515,M,,,14
201700014583,17,7,3,500,3,1,1,1.0,6.0,14318,M,4932396.0,-47568.0,14
201700014584,17,7,24,5,3,1,1,1.0,6.0,14191,M,4932974.0,-43979.0,14
201700014585,17,7,29,2030,1,2,3,1.0,3.0,14191,M,4933138.0,-46244.0,14
201700014586,17,10,19,1,3,2,1,1.0,6.0,14739,M,4934116.0,-51983.0,14
201700014587,17,10,28,1755,1,2,1,1.0,3.0,14569,M,4931645.0,-51607.0,14
201700014588,17,10,29,750,1,1,1,8.0,6.0,14577,M,4927404.0,-58219.0,14
201700014589,17,12,13,810,2,1,1,2.0,6.0,14021,M,4933548.0,-61916.0,14
201700014590,17,12,16,240,3,1,1,9.0,6.0,14200,M,4928031.0,-53741.0,14
201700014591,17,2,11,1340,1,1,1,4.0,2.0,14722,M,4909360.0,-83750.0,14
201700014592,17,4,17,2120,3,1,1,1.0,7.0,14120,M,4906720.0,-73257.0,14
201700014593,17,5,13,1015,1,1,1,1.0,5.0,14449,M,4912355.0,-62911.0,14
201700014594,17,5,15,1930,1,1,1,1.0,7.0,14506,M,4914502.0,-84276.0,14
201700014595,17,5,12,1830,1,1,2,2.0,3.0,14684,M,4915672.0,-56165.0,14
201700014596,17,6,11,2325,3,1,1,1.0,6.0,14282,M,4912519.0,-80727.0,14
201700014597,17,6,14,1350,1,2,1,1.0,6.0,14241,M,4907616.0,-62091.0,14
201700014598,17,7,9,1,4,1,1,1.0,7.0,14380,M,4923336.0,-57990.0,14
201700014599,17,7,26,1535,1,1,2,8.0,3.0,14475,M,4911193.0,-59506.0,14
201700014600,17,8,3,1530,1,1,3,1.0,3.0,14182,M,4912952.0,-88121.0,14
201700014601,17,8,11,600,2,1,1,1.0,7.0,14695,M,4913608.0,-70276.0,14
201700014602,17,8,27,1830,1,1,3,1.0,3.0,14702,M,4910034.0,-58604.0,14
201700014603,17,9,19,930,1,1,1,1.0,6.0,14449,M,4912355.0,-62911.0,14
201700014604,17,10,6,1045,1,1,1,1.0,7.0,14672,M,4906886.0,-82210.0,14
201700014605,17,12,12,815,2,1,1,9.0,7.0,14475,M,4911907.0,-56532.0,14
201700014606,17,2,25,1840,2,1,1,1.0,3.0,14500,M,4925650.0,20735.0,14
201700014607,17,5,19,1352,1,1,1,1.0,1.0,14131,M,4931674.0,13581.0,14
201700014608,17,7,8,1400,1,1,1,1.0,5.0,14104,M,4922870.0,29925.0,14
201700014609,17,7,15,1615,1,1,1,1.0,2.0,14578,M,4936246.0,19981.0,14
201700014610,17,7,15,1215,1,1,1,1.0,3.0,14578,M,4934268.0,14133.0,14
201700014611,17,8,8,5,3,1,1,1.0,6.0,14593,M,4926673.0,16055.0,14
201700014612,17,8,21,1650,1,1,2,1.0,3.0,14578,M,4935542.0,17082.0,14
201700014613,17,9,28,1010,1,1,1,8.0,1.0,14492,M,4939390.0,19025.0,14
201700014614,17,10,1,910,1,1,1,1.0,7.0,14032,M,4928720.0,29640.0,14
201700014615,17,10,7,1755,1,1,2,2.0,3.0,14302,M,4928977.0,7869.0,14
201700014616,17,10,19,1200,1,1,4,1.0,5.0,14682,M,4930385.0,25271.0,14
201700014617,17,10,21,945,1,1,1,1.0,1.0,14578,M,4936019.0,15786.0,14
201700014618,17,10,28,715,2,2,1,1.0,1.0,14131,M,4931742.0,13484.0,14
201700014619,17,10,29,845,1,1,1,3.0,7.0,14086,M,4933950.0,12428.0,14
201700014620,17,11,2,1552,1,1,8,1.0,3.0,14086,M,4932812.0,11582.0,14
201700014621,17,11,5,1430,1,1,1,8.0,1.0,14185,M,4930665.0,18407.0,14
201700014622,17,11,14,1415,1,1,1,1.0,6.0,14578,M,4937830.0,12956.0,14
201700014623,17,1,14,1320,1,1,1,1.0,1.0,14305,M,4928650.0,-2378.0,14
201700014624,17,3,17,800,1,1,2,2.0,3.0,14723,M,4923510.0,9681.0,14
201700014625,17,3,31,840,1,1,1,2.0,6.0,14203,M,4923140.0,-6810.0,14
201700014626,17,6,17,1300,1,1,2,1.0,3.0,14723,M,4924564.0,7492.0,14
201700014627,17,6,21,2019,2,2,1,1.0,6.0,14126,M,4914832.0,5534.0,14
201700014628,17,6,25,145,3,1,1,2.0,6.0,14494,M,4926239.0,-9466.0,14
201700014629,17,6,25,1845,1,1,3,1.0,3.0,14731,M,4932389.0,5394.0,14
201700014630,17,8,6,1130,1,2,1,1.0,7.0,14016,M,4925535.0,5856.0,14
201700014631,17,8,9,1910,1,1,1,1.0,1.0,14227,M,4927795.0,-994.0,14
201700014632,17,8,31,1425,1,1,1,2.0,1.0,14335,M,4917307.0,-6210.0,14
201700014633,17,9,3,2000,2,1,1,2.0,1.0,14524,M,4921086.0,-6856.0,14
201700014634,17,9,12,1820,1,1,1,1.0,1.0,14016,M,4924168.0,6283.0,14
201700014635,17,9,15,220,3,1,1,2.0,6.0,14645,M,4929649.0,5811.0,14
201700014636,17,9,13,1645,1,1,1,2.0,3.0,14300,M,4920178.0,-872.0,14
201700014637,17,10,4,1520,1,1,1,1.0,7.0,14126,M,4914802.0,5568.0,14
201700014638,17,10,8,1220,1,1,9,1.0,3.0,14203,M,4923050.0,-8647.0,14
201700014639,17,10,30,840,1,1,1,1.0,1.0,14723,M,4922883.0,10606.0,14
201700014640,17,12,3,1810,3,1,1,2.0,6.0,14110,M,4925667.0,-10403.0,14
201700014641,17,1,16,1340,1,1,2,2.0,3.0,14276,M,4896980.0,-26860.0,14
201700014642,17,2,2,1135,1,1,1,6.0,6.0,14623,M,4913070.0,-36343.0,14
201700014643,17,2,15,845,1,1,1,2.0,4.0,14057,M,,,14
201700014644,17,3,7,740,1,1,1,1.0,2.0,14287,M,4913530.0,-23069.0,14