Num_Acc,an,mois,jour,hrmn,lum,agg,int,atm,col,com,gps,lat,long,dep
201700014645,17,3,14,814,1,1,3,1.0,2.0,14277,M,4909220.0,-35531.0,14
201700014646,17,3,15,1500,1,1,3,1.0,3.0,14554,M,4907490.0,-29658.0,14
201700014647,17,3,16,700,2,2,1,5.0,7.0,14057,M,,,14
201700014648,17,4,13,1400,1,1,6,1.0,7.0,14277,M,,,14
201700014649,17,5,3,950,1,2,1,1.0,6.0,14761,M,4912240.0,-19952.0,14
201700014650,17,5,5,1705,1,2,2,1.0,4.0,14623,M,4911362.0,-37430.0,14
201700014651,17,5,10,840,1,2,1,1.0,1.0,14005,M,4909595.0,-14077.0,14
201700014652,17,5,12,1740,1,2,1,1.0,6.0,14020,M,4911859.0,-17544.0,14
201700014653,17,5,14,1,3,1,1,1.0,7.0,14057,M,4911694.0,-24146.0,14
201700014654,17,5,15,920,1,1,1,1.0,7.0,14456,M,4910783.0,-17567.0,14
201700014655,17,5,27,1325,1,1,1,7.0,6.0,14556,M,4912666.0,-38754.0,14
201700014656,17,6,7,705,1,2,9,7.0,1.0,14119,M,4914842.0,-25928.0,14
201700014657,17,6,26,1900,1,2,3,1.0,3.0,14020,M,4912140.0,-17815.0,14
201700014658,17,6,27,745,1,1,1,2.0,2.0,14057,M,4912919.0,-21670.0,14
201700014659,17,7,29,1630,1,2,1,1.0,7.0,14057,M,4912491.0,-20751.0,14
201700014660,17,8,7,1520,1,1,3,1.0,3.0,14119,M,4914076.0,-24775.0,14
201700014661,17,9,11,755,1,1,1,2.0,6.0,14455,M,4899753.0,-36325.0,14
201700014662,17,9,15,1715,1,2,3,8.0,3.0,14100,M,4904192.0,-31765.0,14
201700014663,17,10,14,1520,1,1,1,7.0,5.0,14761,M,4912112.0,-19210.0,14
201700014664,17,10,18,1330,1,1,1,1.0,2.0,14277,M,4908565.0,-34292.0,14
201700014665,17,10,18,750,3,1,1,2.0,6.0,14659,M,4906823.0,-21866.0,14
201700014666,17,10,24,1930,5,2,2,1.0,3.0,14119,M,4914724.0,-25646.0,14
201700014667,17,11,24,1652,2,1,1,3.0,6.0,14623,M,4911577.0,-35439.0,14
201700014668,17,12,4,1640,2,1,1,2.0,4.0,14119,M,4915372.0,-27513.0,14
201700014669,17,12,28,745,5,2,3,2.0,6.0,14020,M,4913230.0,-16323.0,14
201700014670,17,1,12,1000,1,2,1,2.0,6.0,14371,M,4900470.0,15057.0,14
201700014671,17,1,17,2015,5,1,1,1.0,6.0,14626,M,,,14
201700014672,17,4,5,1245,1,1,1,1.0,2.0,14330,M,4898790.0,14963.0,14
201700014673,17,5,2,1645,1,1,1,1.0,5.0,14576,M,4895181.0,18873.0,14
201700014674,17,5,21,1500,1,1,3,1.0,3.0,14326,M,4915622.0,27148.0,14
201700014675,17,6,25,1715,1,1,1,1.0,1.0,14582,M,4909525.0,20007.0,14
201700014676,17,7,28,1845,1,1,1,1.0,5.0,14371,M,4899741.0,14873.0,14
201700014677,17,7,30,1820,1,2,2,1.0,3.0,14478,M,4902155.0,40535.0,14
201700014678,17,8,19,230,3,1,1,1.0,7.0,14194,M,4908296.0,38169.0,14
201700014679,17,8,31,1945,1,1,1,8.0,6.0,14371,M,4899890.0,16158.0,14
201700014680,17,9,8,1850,1,1,4,2.0,3.0,14194,M,4908044.0,37650.0,14
201700014681,17,10,7,600,3,1,1,2.0,6.0,14265,M,4904193.0,27433.0,14
201700014682,17,10,13,1645,1,1,1,1.0,6.0,14459,M,4897001.0,26763.0,14
201700014683,17,10,18,730,2,1,1,2.0,1.0,14303,M,4914494.0,28332.0,14
201700014684,17,10,24,1700,1,1,1,1.0,3.0,14105,M,4897290.0,16204.0,14
201700014685,17,11,24,735,3,1,1,8.0,5.0,14371,M,4902188.0,15350.0,14
201700014686,17,12,5,630,5,1,1,1.0,5.0,14371,M,4901145.0,15151.0,14
201700014687,17,12,7,918,1,1,1,1.0,5.0,14615,M,4899744.0,20509.0,14
201700014688,17,2,3,2017,5,1,3,1.0,6.0,14331,M,4902670.0,-2923.0,14
201700014689,17,2,14,830,1,1,1,1.0,3.0,14345,M,4897380.0,-7069.0,14
201700014690,17,2,16,100,3,1,1,1.0,6.0,14337,M,4912900.0,10800.0,14
201700014691,17,2,23,1700,1,1,1,6.0,2.0,14697,M,4899410.0,-1959.0,14
201700014692,17,3,2,1610,1,1,2,1.0,3.0,14749,M,4905450.0,-11833.0,14
201700014693,17,3,4,1740,1,1,2,2.0,3.0,14735,M,4901730.0,-9245.0,14
201700014694,17,3,17,2220,3,1,6,1.0,6.0,14654,M,4902530.0,-4978.0,14
201700014695,17,3,23,745,1,1,1,3.0,1.0,14697,M,4899040.0,-2613.0,14
201700014696,17,3,23,1550,1,1,3,1.0,5.0,14331,M,4902670.0,-2923.0,14
201700014697,17,3,28,850,1,1,2,1.0,5.0,14749,M,4906860.0,-13044.0,14
201700014698,17,4,22,1740,1,2,2,1.0,3.0,14099,M,4903760.0,-2051.0,14
201700014699,17,4,21,1345,1,1,2,1.0,3.0,14654,M,4902100.0,-4647.0,14
201700014700,17,6,10,730,1,1,1,1.0,6.0,14345,M,4896955.0,-9867.0,14
201700014701,17,6,12,1245,1,2,3,1.0,6.0,14431,M,4907338.0,-7985.0,14
201700014702,17,6,14,1150,1,2,1,7.0,6.0,14431,M,4907424.0,-8745.0,14
201700014703,17,6,26,1555,1,1,2,1.0,3.0,14345,M,4897113.0,-7831.0,14
201700014704,17,7,13,1500,1,2,3,1.0,3.0,14654,M,4902054.0,-3216.0,14
201700014705,17,7,29,715,1,1,3,1.0,6.0,14654,M,4900293.0,-4885.0,14
201700014706,17,7,29,300,3,1,1,1.0,6.0,14688,M,4903184.0,-3007.0,14
201700014707,17,8,29,1750,1,1,1,1.0,6.0,14520,M,4913507.0,15368.0,14
201700014708,17,9,8,1740,1,1,1,1.0,7.0,14735,M,4897298.0,-9367.0,14
201700014709,17,9,17,200,3,1,1,2.0,6.0,14654,M,4897000.0,6763.0,14
201700014710,17,11,1,1731,2,2,1,1.0,3.0,14431,M,4907381.0,-8325.0,14
201700014711,17,12,14,1240,1,1,1,3.0,6.0,14654,M,4894809.0,4553.0,14
201700014712,17,12,20,2150,3,1,2,1.0,6.0,14749,M,4906861.0,-13063.0,14
201700014713,17,1,19,1510,1,2,1,7.0,6.0,14174,M,4884490.0,-55437.0,14
201700014714,17,2,4,1120,1,2,1,2.0,2.0,14762,M,4883740.0,-88576.0,14
201700014715,17,2,20,2010,5,2,1,1.0,6.0,14174,M,4884870.0,-54890.0,14
201700014716,17,2,27,850,1,2,2,3.0,3.0,14442,M,4892030.0,-76736.0,14
201700014717,17,3,6,1845,3,1,1,1.0,6.0,14253,M,4892390.0,-71094.0,14
201700014718,17,4,1,1545,1,2,1,1.0,3.0,14174,M,4884790.0,-55163.0,14
201700014719,17,4,23,1450,1,1,1,1.0,3.0,14113,M,,,14
201700014720,17,5,13,400,3,1,1,1.0,6.0,14521,M,4888967.0,-76890.0,14
201700014721,17,5,19,1435,1,1,1,3.0,2.0,14585,M,4885589.0,-59718.0,14
201700014722,17,7,9,1740,1,1,3,1.0,1.0,14549,M,4883818.0,-75016.0,14
201700014723,17,7,15,1100,1,1,1,1.0,6.0,14726,M,4886280.0,-66668.0,14
201700014724,17,9,23,1745,1,1,3,1.0,3.0,14253,M,4889172.0,-75655.0,14
201700014725,17,9,30,1700,1,1,1,8.0,7.0,14756,M,4890271.0,-53606.0,14
201700014726,17,10,8,1720,1,1,1,1.0,5.0,14572,M,4886381.0,-52877.0,14
201700014727,17,10,14,1255,1,2,1,1.0,5.0,14523,M,4888244.0,-53693.0,14
201700014728,17,12,2,1015,1,2,1,1.0,7.0,14572,M,4885024.0,-51835.0,14
201700014729,17,12,3,1130,1,1,9,8.0,3.0,14174,M,4883603.0,-56005.0,14
201700014730,17,1,18,1030,1,2,4,1.0,3.0,06079,M,4353161.0,694811.0,06
201700014731,17,2,7,1520,1,1,1,1.0,7.0,06138,M,4348501.0,693604.0,06
201700014732,17,2,13,1650,1,2,1,1.0,6.0,06138,M,4348436.0,693103.0,06
201700014733,17,2,18,1800,1,2,3,1.0,3.0,06108,M,4358872.0,693736.0,06
201700014734,17,3,14,1710,1,2,1,1.0,6.0,06079,M,4356526.0,693974.0,06
201700014735,17,3,26,2015,1,2,1,1.0,1.0,06138,M,4350633.0,694124.0,06
201700014736,17,4,4,1615,1,2,4,1.0,3.0,06079,M,4352951.0,694761.0,06
201700014737,17,4,15,2140,3,2,1,1.0,6.0,06079,M,4354528.0,694958.0,06
201700014738,17,5,1,1715,1,1,1,1.0,5.0,06079,M,4352570.0,691389.0,06
201700014739,17,5,6,1015,1,2,1,1.0,3.0,06079,M,4355121.0,693785.0,06
201700014740,17,5,15,845,1,2,1,1.0,1.0,06090,M,4357052.0,693998.0,06
201700014741,17,6,7,835,1,2,1,1.0,1.0,06090,M,4358031.0,692947.0,06
201700014742,17,6,11,440,2,1,1,1.0,3.0,06138,M,4349337.0,694510.0,06
201700014743,17,6,15,1030,1,2,1,1.0,2.0,06007,M,4362424.0,691533.0,06
201700014744,17,6,25,930,1,1,6,1.0,3.0,06079,M,4356083.0,695114.0,06
201700014745,17,6,29,1035,1,2,1,1.0,3.0,06079,M,4353461.0,694561.0,06
201700014746,17,7,12,1500,1,2,1,1.0,1.0,06090,M,4358404.0,692518.0,06
201700014747,17,7,25,1645,1,2,4,1.0,2.0,06079,M,4352666.0,692555.0,06
201700014748,17,7,31,1315,1,2,1,1.0,1.0,06079,M,4353461.0,694561.0,06
201700014749,17,8,6,1915,2,2,1,1.0,6.0,06079,M,4354242.0,693677.0,06
201700014750,17,8,11,1245,1,2,1,1.0,5.0,06079,M,4351899.0,693982.0,06
201700014751,17,8,12,1230,1,2,1,7.0,3.0,06079,M,4354367.0,694869.0,06
201700014752,17,8,27,1835,2,1,1,1.0,7.0,06079,M,4352502.0,690337.0,06
201700014753,17,8,30,1700,1,2,1,1.0,3.0,06090,M,4358404.0,692518.0,06
201700014754,17,9,6,945,1,2,1,1.0,6.0,06079,M,4355906.0,693772.0,06
201700014755,17,9,10,1220,1,2,1,8.0,1.0,06090,M,4358823.0,692673.0,06
201700014756,17,9,15,1240,1,2,1,2.0,1.0,06079,M,4354564.0,692872.0,06
201700014757,17,10,13,830,1,2,9,1.0,6.0,06090,M,4358988.0,692857.0,06
201700014758,17,10,13,1545,1,2,1,1.0,5.0,06079,M,4353357.0,695026.0,06
201700014759,17,10,13,1735,1,2,1,1.0,6.0,06079,M,4356004.0,695104.0,06
201700014760,17,10,19,2320,5,1,1,1.0,5.0,06108,M,4358472.0,694166.0,06
201700014761,17,10,24,845,2,2,1,1.0,6.0,06108,M,4358164.0,694458.0,06
201700014762,17,11,15,1630,1,2,1,1.0,1.0,06138,M,4350584.0,694086.0,06
201700014763,17,12,6,630,3,2,1,1.0,6.0,06108,M,4358502.0,695675.0,06
201700014764,17,12,12,730,2,2,1,1.0,6.0,06090,M,4360103.0,692282.0,06
201700014765,17,1,13,700,5,2,1,6.0,6.0,06112,M,4367663.0,701343.0,06
201700014766,17,2,9,1915,5,1,1,1.0,6.0,06105,M,4367169.0,702880.0,06
201700014767,17,4,25,1745,1,1,1,1.0,3.0,06105,M,4368460.0,706220.0,06
201700014768,17,5,8,1530,1,1,1,1.0,1.0,06148,M,4370607.0,704272.0,06
201700014769,17,5,23,1156,1,1,1,1.0,6.0,06049,M,4372836.0,699701.0,06
201700014770,17,6,4,1920,1,2,4,1.0,3.0,06069,M,4362525.0,696393.0,06
201700014771,17,6,7,1445,1,1,1,1.0,7.0,06148,M,4370745.0,704127.0,06
201700014772,17,6,8,1445,1,2,1,1.0,6.0,06105,M,4366333.0,705530.0,06
201700014773,17,6,9,805,1,2,1,1.0,1.0,06112,M,4367420.0,700842.0,06
201700014774,17,6,10,1015,1,1,1,1.0,3.0,06105,M,4367207.0,703507.0,06
201700014775,17,7,7,1700,1,1,9,1.0,3.0,06105,M,4368095.0,707748.0,06
201700014776,17,8,3,1600,1,1,3,1.0,3.0,06038,M,4366066.0,697401.0,06
201700014777,17,9,7,1015,1,1,1,1.0,7.0,06010,M,4369427.0,697095.0,06
201700014778,17,9,8,1935,3,1,1,1.0,3.0,06148,M,4370390.0,701425.0,06
201700014779,17,9,30,1120,1,1,3,1.0,3.0,06089,M,4366980.0,698409.0,06
201700014780,17,11,12,700,2,1,1,1.0,6.0,06089,M,4365232.0,700983.0,06
201700014781,17,11,16,750,1,1,1,1.0,5.0,06105,M,4367219.0,703641.0,06
201700014782,17,11,3,1615,1,1,9,1.0,1.0,06089,M,4365768.0,699978.0,06
201700014783,17,12,9,1330,1,2,1,1.0,3.0,06105,M,4367219.0,703641.0,06
201700014784,17,12,21,20,3,1,1,1.0,1.0,06038,M,4364129.0,699768.0,06
201700014785,17,3,8,715,2,1,1,1.0,1.0,06036,M,4382766.0,747816.0,06
201700014786,17,4,11,1925,1,1,1,1.0,1.0,06036,M,4383844.0,746566.0,06
201700014787,17,7,4,830,1,1,1,1.0,1.0,06036,M,4383485.0,746919.0,06
201700014788,17,10,21,1830,2,2,1,1.0,1.0,06113,M,4378948.0,746645.0,06
201700014789,17,11,29,1530,1,1,1,1.0,3.0,06113,M,4378948.0,746645.0,06
201700014790,17,2,26,2215,3,1,1,1.0,6.0,06163,M,4410154.0,758596.0,06
201700014791,17,3,8,704,5,1,1,1.0,6.0,06023,M,4394823.0,751898.0,06
201700014792,17,3,8,1525,1,2,1,1.0,6.0,06162,M,4406080.0,761640.0,06
201700014793,17,4,12,2100,3,1,1,1.0,6.0,06062,M,4402825.0,757676.0,06
201700014794,17,4,30,1100,1,1,1,1.0,6.0,06062,M,4402815.0,757655.0,06
201700014795,17,5,25,830,1,1,1,1.0,6.0,06162,M,4404439.0,762712.0,06
201700014796,17,6,6,1150,1,2,1,1.0,6.0,06023,M,4394814.0,751897.0,06
201700014797,17,6,9,1224,1,1,1,1.0,6.0,06062,M,4403171.0,750773.0,06
201700014798,17,6,24,1648,1,1,1,2.0,7.0,06163,M,4410291.0,757879.0,06
201700014799,17,7,9,1350,1,1,1,1.0,7.0,06023,M,4393834.0,749750.0,06
201700014800,17,7,15,1512,1,1,1,1.0,6.0,06023,M,4393709.0,748534.0,06
201700014801,17,7,16,1430,1,1,1,1.0,7.0,06163,M,4404449.0,758613.0,06
201700014802,17,7,30,1909,1,1,1,1.0,1.0,06023,M,4392847.0,752189.0,06
201700014803,17,2,15,525,5,2,1,1.0,7.0,06032,M,4372484.0,739416.0,06
201700014804,17,2,28,1451,1,1,1,1.0,1.0,06150,M,4373697.0,739675.0,06
201700014805,17,3,8,1500,1,2,1,1.0,1.0,06032,M,4372433.0,740342.0,06
201700014806,17,3,13,833,1,2,2,1.0,2.0,06032,M,4372516.0,740074.0,06
201700014807,17,3,14,2000,3,2,1,1.0,7.0,06150,M,4373713.0,739686.0,06
201700014808,17,3,25,530,2,2,1,1.0,3.0,06032,M,4372587.0,739801.0,06
201700014809,17,3,28,740,1,1,1,1.0,2.0,06059,M,4373346.0,738699.0,06
201700014810,17,4,23,1300,1,1,1,1.0,3.0,06059,M,4372710.0,735305.0,06
201700014811,17,4,28,1737,1,2,1,1.0,7.0,06032,M,4372255.0,740669.0,06
201700014812,17,5,20,1400,1,2,1,1.0,3.0,06150,M,4374686.0,739005.0,06
201700014813,17,5,26,2045,1,2,9,1.0,6.0,06032,M,4372256.0,740668.0,06
201700014814,17,5,23,1400,1,2,1,1.0,7.0,06032,M,4372729.0,741151.0,06
201700014815,17,6,4,1510,1,1,1,1.0,1.0,06059,M,4373566.0,736469.0,06
201700014816,17,6,28,1735,1,2,2,1.0,7.0,06032,M,4372507.0,740112.0,06
201700014817,17,7,1,500,2,2,1,1.0,1.0,06032,M,4372560.0,740687.0,06
201700014818,17,7,7,820,1,2,1,1.0,1.0,06032,M,4372404.0,739616.0,06
201700014819,17,7,14,2327,5,1,1,1.0,6.0,06059,M,,,06
201700014820,17,9,13,2200,5,1,1,1.0,6.0,06059,M,4371893.0,735109.0,06
201700014821,17,9,16,2310,3,2,1,1.0,6.0,06150,M,4373240.0,739559.0,06
201700014822,17,9,17,1550,1,2,1,1.0,6.0,06032,M,4372222.0,739820.0,06
201700014823,17,9,17,415,3,1,1,1.0,6.0,06032,M,4372643.0,740170.0,06
201700014824,17,9,20,600,5,2,1,1.0,3.0,06032,M,4372405.0,740500.0,06
201700014825,17,9,20,1848,1,1,1,1.0,7.0,06032,M,4372618.0,738891.0,06
201700014826,17,11,6,1622,2,2,1,3.0,6.0,06059,M,4373566.0,736469.0,06
201700014827,17,12,18,1630,1,1,1,2.0,2.0,06059,M,4372899.0,736739.0,06
201700014828,17,6,25,1200,1,1,1,1.0,1.0,06094,M,4408915.0,693984.0,06
201700014829,17,7,2,1500,1,1,1,1.0,7.0,06125,M,4414282.0,674736.0,06
201700014830,17,10,18,1750,1,1,1,1.0,7.0,06071,M,4408537.0,690966.0,06
201700014831,17,10,28,1500,1,1,1,1.0,2.0,06125,M,4414282.0,674736.0,06
201700014832,17,5,7,1135,1,2,1,1.0,6.0,06153,M,4406668.0,720087.0,06
201700014833,17,6,11,1725,1,1,1,1.0,3.0,06102,M,4405573.0,713393.0,06
201700014834,17,6,13,2010,1,1,1,1.0,6.0,06073,M,4419449.0,700954.0,06
201700014835,17,6,28,1630,1,1,1,3.0,6.0,06119,M,4432000.0,687450.0,06
201700014836,17,7,2,1415,1,1,1,1.0,6.0,06119,M,4433156.0,686058.0,06
201700014837,17,7,23,1810,1,1,1,1.0,3.0,06073,M,4416382.0,708896.0,06
201700014838,17,7,30,1944,1,1,1,1.0,7.0,06080,M,4403624.0,712820.0,06
201700014839,17,8,2,1730,1,1,1,1.0,6.0,06129,M,4411300.0,709692.0,06
201700014840,17,8,5,1135,1,1,9,1.0,1.0,06120,M,4423293.0,695096.0,06
201700014841,17,8,15,1245,1,1,1,1.0,6.0,06073,M,4420666.0,710999.0,06
201700014842,17,9,1,1545,1,1,3,1.0,1.0,06120,M,4423439.0,694840.0,06
201700014843,17,9,18,1605,1,1,1,1.0,6.0,06080,M,4402876.0,713135.0,06
201700014844,17,12,30,1010,1,1,1,1.0,6.0,06120,M,4424913.0,692484.0,06
201700014845,17,4,8,1145,1,1,1,1.0,1.0,06151,M,4387691.0,722672.0,06
201700014846,17,5,13,1445,1,1,1,1.0,5.0,06103,M,4403927.0,729087.0,06
201700014847,17,1,9,1140,1,2,1,2.0,1.0,72249,M,4805744.0,4176.0,72
201700014848,17,1,29,120,3,1,1,1.0,7.0,72257,M,4800145.0,13248.0,72
201700014849,17,2,5,1640,1,1,1,1.0,1.0,72074,M,4804463.0,-20908.0,72
201700014850,17,2,8,1457,1,1,1,1.0,3.0,72346,M,4787450.0,1743.0,72
201700014851,17,2,16,1645,1,1,1,1.0,5.0,72075,M,4793076.0,400.0,72
201700014852,17,3,29,1210,1,1,1,1.0,6.0,72346,M,4789916.0,2894.0,72
201700014853,17,5,20,1140,1,1,1,1.0,1.0,72346,M,4788199.0,-35.0,72
201700014854,17,5,27,330,3,1,6,2.0,6.0,72149,M,4802100.0,-21399.0,72
201700014855,17,5,27,220,3,1,1,1.0,6.0,72348,M,4799284.0,-8723.0,72
201700014856,17,6,2,240,3,1,1,1.0,1.0,72344,M,4791815.0,16234.0,72
201700014857,17,6,3,1830,1,1,1,1.0,7.0,72247,M,4798570.0,11174.0,72
201700014858,17,6,6,1320,1,1,1,6.0,3.0,72247,M,4800027.0,10719.0,72
201700014859,17,6,12,1720,1,2,1,1.0,7.0,72257,M,4799401.0,14391.0,72
201700014860,17,6,14,730,1,1,1,1.0,1.0,72096,M,4799303.0,1612.0,72
201700014861,17,7,4,2215,5,2,1,1.0,7.0,72247,M,4798944.0,10367.0,72
201700014862,17,7,10,1810,1,1,1,1.0,5.0,72073,M,4802356.0,5440.0,72
201700014863,17,8,19,545,3,1,1,1.0,6.0,72107,M,4797813.0,-5484.0,72
201700014864,17,8,19,925,1,2,1,1.0,6.0,72346,M,4788958.0,2738.0,72
201700014865,17,8,22,1840,1,1,1,1.0,6.0,72230,M,4785956.0,13270.0,72
201700014866,17,8,28,1400,1,1,1,1.0,6.0,72126,M,4802861.0,-9988.0,72
201700014867,17,9,1,1620,1,1,1,3.0,3.0,72127,M,4797361.0,7468.0,72
201700014868,17,10,30,2100,5,1,1,1.0,6.0,72073,M,4802483.0,8313.0,72
201700014869,17,11,8,810,1,1,1,2.0,1.0,72073,M,4802410.0,6471.0,72
201700014870,17,11,14,750,1,1,1,1.0,2.0,72070,M,4802226.0,-12723.0,72
201700014871,17,12,4,1705,2,2,1,1.0,6.0,72344,M,4792726.0,15299.0,72
201700014872,17,12,6,1315,1,1,1,1.0,3.0,72169,M,4794147.0,4883.0,72
201700014873,17,2,10,1552,1,1,1,1.0,3.0,72099,M,4814926.0,29351.0,72
201700014874,17,3,29,1735,1,2,6,1.0,3.0,72329,M,4807424.0,30046.0,72
201700014875,17,5,18,1330,1,1,1,3.0,3.0,72205,M,4815929.0,16691.0,72
201700014876,17,5,19,1415,1,2,1,2.0,2.0,72335,M,4810806.0,33700.0,72
201700014877,17,5,20,715,1,1,1,5.0,1.0,72335,M,4810723.0,33602.0,72
201700014878,17,5,21,1710,1,1,6,1.0,3.0,72329,M,4807468.0,30653.0,72
201700014879,17,5,24,1736,1,1,1,7.0,7.0,72205,M,4815591.0,20004.0,72
201700014880,17,6,10,945,1,1,1,1.0,7.0,72205,M,4816131.0,17486.0,72
201700014881,17,6,20,1010,1,1,1,1.0,1.0,72340,M,4812614.0,23747.0,72
201700014882,17,6,19,930,1,1,1,1.0,6.0,72335,M,4811404.0,34530.0,72
201700014883,17,7,3,820,1,1,1,1.0,1.0,72335,M,4810460.0,34796.0,72
201700014884,17,6,17,20,3,1,1,1.0,2.0,72310,M,4804605.0,20210.0,72
201700014885,17,8,21,1200,1,1,1,1.0,6.0,72329,M,4809978.0,32090.0,72
201700014886,17,12,11,1800,5,2,1,1.0,6.0,72329,M,4807566.0,29314.0,72
201700014887,17,1,11,750,3,2,1,2.0,6.0,72269,M,4791193.0,74496.0,72
201700014888,17,2,27,1750,2,1,1,2.0,3.0,72333,M,4801130.0,67903.0,72
201700014889,17,4,27,1515,1,1,1,1.0,1.0,72272,M,4790662.0,71288.0,72
201700014890,17,5,12,1710,1,2,1,2.0,3.0,72269,M,4792115.0,74321.0,72
201700014891,17,5,28,2015,1,1,1,1.0,7.0,72304,M,4786407.0,62367.0,72
201700014892,17,7,4,1640,1,2,1,1.0,6.0,72158,M,4805329.0,64589.0,72
201700014893,17,8,20,30,3,1,1,1.0,6.0,72269,M,4791807.0,74257.0,72
201700014894,17,8,25,500,3,1,1,1.0,7.0,72118,M,4805647.0,55510.0,72
201700014895,17,8,29,2115,3,1,1,1.0,6.0,72373,M,4805809.0,72130.0,72
201700014896,17,9,21,1420,1,1,1,1.0,6.0,72094,M,4798532.0,63293.0,72
201700014897,17,9,30,1945,2,2,1,1.0,1.0,72035,M,4783201.0,72905.0,72
201700014898,17,10,2,1650,1,2,1,2.0,6.0,72373,M,4805949.0,73642.0,72
201700014899,17,11,21,720,3,1,1,2.0,6.0,72269,M,4791738.0,76188.0,72
201700014900,17,12,20,800,2,1,1,5.0,6.0,72087,M,4797208.0,72758.0,72
201700014901,17,1,23,800,1,1,1,1.0,5.0,72122,M,4807046.0,53214.0,72
201700014902,17,1,28,1500,1,2,1,1.0,7.0,72241,M,4803795.0,40654.0,72
201700014903,17,1,30,1630,1,1,3,2.0,5.0,72241,M,4803434.0,40712.0,72
201700014904,17,1,31,1300,1,1,1,2.0,7.0,72358,M,4803568.0,49543.0,72
201700014905,17,2,9,1715,1,2,1,1.0,6.0,72054,M,4801917.0,33592.0,72
201700014906,17,3,20,1747,1,1,1,1.0,1.0,72358,M,4805045.0,51674.0,72
201700014907,17,3,25,1740,1,1,1,1.0,4.0,72046,M,4799704.0,44118.0,72
201700014908,17,3,28,1625,1,2,1,1.0,3.0,72363,M,4811028.0,52322.0,72
201700014909,17,4,3,2230,3,1,1,1.0,6.0,72341,M,4801802.0,46349.0,72
201700014910,17,4,17,1705,1,1,1,1.0,2.0,72054,M,4802004.0,34137.0,72
201700014911,17,5,10,1420,1,2,1,1.0,3.0,72386,M,4801215.0,26675.0,72
201700014912,17,5,18,910,1,1,9,2.0,2.0,72386,M,4804906.0,29366.0,72
201700014913,17,6,1,1100,1,1,1,1.0,6.0,72300,M,4804859.0,37062.0,72
201700014914,17,6,4,640,2,1,1,1.0,1.0,72386,M,4801017.0,30276.0,72
201700014915,17,6,7,2030,1,1,6,1.0,7.0,72386,M,4800253.0,24793.0,72
201700014916,17,6,21,1430,1,1,1,1.0,3.0,72341,M,4802246.0,44117.0,72
201700014917,17,7,18,1015,1,2,1,7.0,5.0,72300,M,4802826.0,38040.0,72
201700014918,17,7,19,1500,1,1,1,1.0,1.0,72341,M,4801817.0,46447.0,72
201700014919,17,7,21,1,3,1,1,1.0,7.0,72241,M,4806441.0,38660.0,72
201700014920,17,7,21,2050,1,2,1,1.0,6.0,72300,M,4802862.0,38127.0,72
201700014921,17,8,5,2245,4,2,1,1.0,4.0,72165,M,4807753.0,41839.0,72
201700014922,17,8,24,250,3,1,1,1.0,6.0,72358,M,4801033.0,54763.0,72
201700014923,17,9,5,1745,1,1,1,1.0,1.0,72054,M,4801978.0,33752.0,72
201700014924,17,11,29,1130,1,1,1,1.0,3.0,72172,M,4806995.0,59151.0,72
201700014925,17,12,2,1620,1,1,1,1.0,7.0,72386,M,4801842.0,28644.0,72
201700014926,17,12,24,2010,3,1,1,2.0,7.0,72090,M,4803872.0,44190.0,72
201700014927,17,12,26,1450,1,2,1,1.0,3.0,72090,M,4805898.0,49214.0,72
201700014928,17,2,4,1440,1,1,1,1.0,1.0,72211,M,4822735.0,-13986.0,72
201700014929,17,2,10,1825,5,2,1,1.0,6.0,72256,M,4813845.0,-11418.0,72
201700014930,17,2,21,1445,1,1,1,1.0,1.0,72218,M,4808319.0,-19801.0,72
201700014931,17,3,2,1915,3,1,1,1.0,6.0,72229,M,4812705.0,-20822.0,72
201700014932,17,4,27,2200,3,1,1,1.0,1.0,72001,M,4808124.0,10543.0,72
201700014933,17,5,16,1720,1,1,1,1.0,3.0,72089,M,4810248.0,-2793.0,72
201700014934,17,5,21,830,1,1,6,1.0,2.0,72320,M,4806779.0,16889.0,72
201700014935,17,6,22,630,1,2,1,1.0,6.0,72001,M,4807948.0,11123.0,72
201700014936,17,7,5,2003,1,1,1,1.0,6.0,72234,M,4819371.0,-1336.0,72
201700014937,17,7,8,1725,1,1,1,1.0,3.0,72256,M,4814981.0,-6376.0,72
201700014938,17,8,2,2030,1,1,1,1.0,7.0,72315,M,4818317.0,-9213.0,72
201700014939,17,8,3,2315,3,1,1,1.0,3.0,72334,M,4820581.0,-14429.0,72
201700014940,17,8,14,2155,3,1,1,1.0,6.0,72198,M,4805282.0,14539.0,72
201700014941,17,9,27,1235,1,2,1,1.0,2.0,72001,M,4807820.0,11543.0,72
201700014942,17,10,17,1650,1,1,9,1.0,3.0,72351,M,4810315.0,-10272.0,72
201700014943,17,10,22,1330,1,1,2,2.0,3.0,72315,M,4818177.0,-10295.0,72
201700014944,17,11,25,1030,1,1,1,1.0,7.0,72089,M,4811014.0,-2472.0,72
201700014945,17,12,8,1505,1,1,2,1.0,3.0,72229,M,4810593.0,-19484.0,72
201700014946,17,3,24,5,5,2,1,1.0,6.0,72143,M,4786675.0,46339.0,72
201700014947,17,3,30,1920,1,1,1,1.0,6.0,72052,M,4774191.0,50585.0,72
201700014948,17,4,19,1945,1,1,1,1.0,1.0,72143,M,4785972.0,44629.0,72
201700014949,17,4,20,1740,1,2,1,1.0,3.0,72143,M,4786989.0,46805.0,72
201700014950,17,5,5,110,3,1,1,1.0,6.0,72376,M,4786925.0,49678.0,72