Num_Acc,an,mois,jour,hrmn,lum,agg,int,atm,col,com,gps,lat,long,dep
201700014951,17,5,14,200,5,2,1,1.0,7.0,72071,M,4768751.0,42195.0,72
201700014952,17,6,4,2000,1,1,1,1.0,6.0,72210,M,4786131.0,59031.0,72
201700014953,17,6,4,1920,1,1,1,1.0,1.0,72248,M,4784626.0,42713.0,72
201700014954,17,6,17,1805,1,2,1,7.0,3.0,72071,M,4769442.0,41786.0,72
201700014955,17,7,12,1545,1,2,1,1.0,3.0,72071,M,4768370.0,41760.0,72
201700014956,17,7,25,1005,1,2,1,8.0,2.0,72384,M,4768651.0,43829.0,72
201700014957,17,8,2,200,3,1,1,1.0,6.0,72028,M,4775737.0,38339.0,72
201700014958,17,8,9,1550,1,1,1,1.0,6.0,72071,M,4771398.0,43383.0,72
201700014959,17,9,21,2030,3,1,1,1.0,6.0,72143,M,4789637.0,44106.0,72
201700014960,17,9,22,1010,1,1,1,1.0,7.0,72248,M,4783748.0,43279.0,72
201700014961,17,10,12,740,2,1,1,1.0,1.0,72221,M,4765090.0,39966.0,72
201700014962,17,10,27,2000,5,2,1,5.0,3.0,72314,M,4780533.0,52325.0,72
201700014963,17,11,25,750,1,1,1,1.0,7.0,72183,M,4773076.0,53776.0,72
201700014964,17,1,28,1015,1,1,1,1.0,6.0,72195,M,4780876.0,-4211.0,72
201700014965,17,2,6,1620,1,1,1,2.0,6.0,72021,M,4786722.0,-19407.0,72
201700014966,17,2,13,1620,1,1,1,1.0,3.0,72022,M,4776507.0,-19107.0,72
201700014967,17,3,26,1230,1,1,1,1.0,7.0,72179,M,4780211.0,-11016.0,72
201700014968,17,3,30,400,3,2,1,1.0,6.0,72179,M,4781575.0,-8187.0,72
201700014969,17,4,27,245,3,1,1,5.0,7.0,72223,M,4785916.0,-10005.0,72
201700014970,17,5,20,2315,3,2,1,1.0,1.0,72059,M,4791688.0,-16865.0,72
201700014971,17,7,30,2020,2,1,1,1.0,3.0,72347,M,4787928.0,-14942.0,72
201700014972,17,8,27,610,2,1,1,1.0,7.0,72059,M,4791984.0,-15718.0,72
201700014973,17,9,1,25,3,1,1,1.0,6.0,72239,M,4791635.0,-27148.0,72
201700014974,17,9,21,1345,1,1,1,1.0,1.0,72184,M,4798187.0,-19828.0,72
201700014975,17,10,13,2045,3,1,1,1.0,6.0,72059,M,4789652.0,-14771.0,72
201700014976,17,11,6,2120,5,2,1,5.0,6.0,72050,M,4797437.0,-22624.0,72
201700014977,17,12,17,1800,3,1,1,8.0,1.0,72019,M,4794987.0,-28620.0,72
201700014978,17,4,6,1720,1,1,1,1.0,5.0,72098,M,4769184.0,19546.0,72
201700014979,17,4,23,1150,1,2,1,1.0,3.0,72182,M,4774359.0,13529.0,72
201700014980,17,5,19,1530,1,1,1,1.0,3.0,72175,M,4769354.0,12889.0,72
201700014981,17,5,22,730,1,1,1,1.0,3.0,72160,M,4770289.0,37243.0,72
201700014982,17,6,16,2100,1,1,1,7.0,1.0,72252,M,4779545.0,13852.0,72
201700014983,17,7,10,1735,1,1,1,1.0,1.0,72135,M,4778505.0,3654.0,72
201700014984,17,7,15,1940,1,1,1,1.0,3.0,72243,M,4775354.0,21472.0,72
201700014985,17,8,8,1510,1,1,3,1.0,1.0,72176,M,4765918.0,11272.0,72
201700014986,17,8,14,1645,1,1,1,1.0,1.0,72077,M,4757620.0,35851.0,72
201700014987,17,8,14,1005,1,1,1,1.0,3.0,72154,M,4768926.0,-6464.0,72
201700014988,17,10,13,1150,1,1,1,1.0,3.0,72077,M,4762062.0,32573.0,72
201700014989,17,10,29,1140,1,1,1,2.0,7.0,72191,M,4777099.0,33386.0,72
201700014990,17,2,20,545,3,1,1,2.0,6.0,72276,M,4827010.0,46062.0,72
201700014991,17,4,5,2220,3,1,1,1.0,3.0,72276,M,4827736.0,44275.0,72
201700014992,17,4,11,2335,3,1,1,1.0,6.0,72374,M,4836988.0,28421.0,72
201700014993,17,4,17,930,1,1,1,1.0,6.0,72196,M,4818995.0,31307.0,72
201700014994,17,4,18,2200,3,1,1,1.0,1.0,72112,M,4824827.0,27630.0,72
201700014995,17,4,26,455,2,1,1,1.0,2.0,72039,M,4818073.0,41085.0,72
201700014996,17,4,29,1855,1,1,1,1.0,2.0,72104,M,4828171.0,27868.0,72
201700014997,17,5,5,2055,1,1,1,1.0,1.0,72259,M,4824978.0,44629.0,72
201700014998,17,5,13,1935,1,2,2,1.0,3.0,72276,M,4827406.0,44802.0,72
201700014999,17,5,14,1640,1,1,1,1.0,2.0,72317,M,4834733.0,25145.0,72
201700015000,17,6,6,1930,1,2,3,2.0,3.0,72180,M,4836014.0,36792.0,72
201700015001,17,6,20,700,1,2,1,1.0,3.0,72189,M,4825555.0,31786.0,72
201700015002,17,6,24,1015,1,1,1,1.0,7.0,72039,M,4819053.0,41832.0,72
201700015003,17,7,10,1755,1,1,1,1.0,5.0,72295,M,4835963.0,30351.0,72
201700015004,17,7,12,2355,3,1,1,1.0,7.0,72116,M,4823528.0,29586.0,72
201700015005,17,7,20,1325,1,1,1,2.0,1.0,72104,M,4828900.0,25854.0,72
201700015006,17,7,23,2105,1,2,1,2.0,6.0,72039,M,4817436.0,42672.0,72
201700015007,17,7,28,1525,1,2,1,1.0,3.0,72189,M,4825082.0,31446.0,72
201700015008,17,9,25,930,1,2,1,1.0,6.0,72180,M,4835056.0,37500.0,72
201700015009,17,10,20,850,1,2,1,1.0,6.0,72112,M,4824843.0,25682.0,72
201700015010,17,10,28,1050,1,1,1,1.0,6.0,72194,M,4823588.0,21834.0,72
201700015011,17,11,4,1450,1,1,1,3.0,6.0,72112,M,4824314.0,25163.0,72
201700015012,17,11,30,1645,1,1,1,1.0,6.0,72180,M,4835577.0,38352.0,72
201700015013,17,12,14,1400,1,1,1,2.0,6.0,72039,M,4815238.0,43824.0,72
201700015014,17,2,7,2100,3,1,1,8.0,6.0,72020,M,4824936.0,66441.0,72
201700015015,17,3,5,1440,1,1,1,3.0,6.0,72020,M,4820235.0,71697.0,72
201700015016,17,3,11,945,1,2,1,1.0,6.0,72245,M,4823572.0,62376.0,72
201700015017,17,4,27,1010,1,2,1,1.0,6.0,72132,M,4818890.0,65371.0,72
201700015018,17,5,29,1610,1,1,1,1.0,1.0,72322,M,4814624.0,80528.0,72
201700015019,17,6,20,1500,1,1,1,1.0,7.0,72132,M,4817871.0,62920.0,72
201700015020,17,6,20,1415,1,2,1,7.0,2.0,72132,M,4817821.0,65877.0,72
201700015021,17,6,24,950,1,1,2,1.0,3.0,72375,M,4813401.0,60838.0,72
201700015022,17,7,17,100,5,2,1,1.0,7.0,72132,M,4818105.0,65273.0,72
201700015023,17,7,23,2010,1,1,1,2.0,3.0,72375,M,4813918.0,62440.0,72
201700015024,17,8,4,2030,1,2,1,1.0,7.0,72038,M,4813250.0,56911.0,72
201700015025,17,8,8,1530,1,2,1,1.0,6.0,72208,M,4810398.0,79490.0,72
201700015026,17,10,10,1650,1,2,1,1.0,6.0,72132,M,4818955.0,65183.0,72
201700015027,17,11,3,1410,1,1,1,1.0,7.0,72193,M,4808809.0,77884.0,72
201700015028,17,11,19,1510,1,2,1,1.0,6.0,72132,M,4817843.0,63374.0,72
201700015029,17,2,8,1900,3,1,1,1.0,6.0,72097,M,4829558.0,12853.0,72
201700015030,17,3,27,1945,2,2,1,1.0,3.0,72308,M,4841581.0,11642.0,72
201700015031,17,3,29,1800,1,1,1,1.0,6.0,72199,M,4825027.0,7654.0,72
201700015032,17,4,5,745,1,1,1,1.0,2.0,72308,M,4841486.0,12445.0,72
201700015033,17,4,7,1500,1,1,3,1.0,3.0,72011,M,4829240.0,2078.0,72
201700015034,17,5,5,2250,5,2,1,1.0,6.0,72337,M,4830669.0,-6060.0,72
201700015035,17,5,14,1125,1,1,1,1.0,6.0,72337,M,4830905.0,-4108.0,72
201700015036,17,7,9,1100,1,2,1,1.0,6.0,72186,M,4822156.0,13095.0,72
201700015037,17,7,13,1910,1,1,9,1.0,4.0,72011,M,4828962.0,2034.0,72
201700015038,17,7,24,1840,1,1,1,1.0,2.0,72284,M,4829031.0,8171.0,72
201700015039,17,8,16,1745,1,1,1,1.0,1.0,72305,M,4828860.0,5184.0,72
201700015040,17,8,26,1850,1,1,1,1.0,3.0,72212,M,4834931.0,-1624.0,72
201700015041,17,9,26,740,2,1,1,1.0,7.0,72186,M,4819444.0,16193.0,72
201700015042,17,10,12,1200,1,1,1,1.0,7.0,72012,M,4820719.0,6193.0,72
201700015043,17,10,24,545,3,1,1,5.0,6.0,72318,M,4840180.0,19623.0,72
201700015044,17,11,5,1930,5,2,1,2.0,6.0,72005,M,4836838.0,17643.0,72
201700015045,17,11,11,1225,1,1,1,2.0,6.0,72284,M,4829598.0,7881.0,72
201700015046,17,12,13,1500,1,1,1,3.0,3.0,72006,M,4839521.0,6474.0,72
201700015047,17,2,25,1750,1,1,1,1.0,7.0,54091,M,4895244.0,611857.0,54
201700015048,17,3,25,1515,1,1,1,1.0,2.0,54024,M,4884177.0,628255.0,54
201700015049,17,6,17,1120,1,1,1,1.0,7.0,54315,M,4880437.0,628704.0,54
201700015050,17,6,26,1445,1,2,1,1.0,6.0,54059,M,4885603.0,619780.0,54
201700015051,17,7,3,1845,1,1,1,1.0,6.0,54508,M,4882667.0,623037.0,54
201700015052,17,7,6,1215,1,1,1,7.0,7.0,54313,M,4887277.0,626638.0,54
201700015053,17,9,10,1500,1,1,1,1.0,7.0,54315,M,4879607.0,624568.0,54
201700015054,17,9,18,820,1,2,1,8.0,6.0,54157,M,4884361.0,606982.0,54
201700015055,17,10,13,1200,1,1,3,1.0,3.0,54369,M,4880839.0,612330.0,54
201700015056,17,11,4,1810,5,2,1,1.0,6.0,54157,M,4883076.0,606894.0,54
201700015057,17,11,24,1855,3,1,9,3.0,1.0,54027,M,4889016.0,610060.0,54
201700015058,17,12,15,2335,5,2,1,1.0,1.0,54279,M,4886707.0,604200.0,54
201700015059,17,2,12,1610,1,2,1,1.0,6.0,54284,M,4929183.0,576818.0,54
201700015060,17,3,26,1050,1,1,1,1.0,7.0,54081,M,4940750.0,574684.0,54
201700015061,17,4,18,120,3,1,1,1.0,7.0,54533,M,4933364.0,591672.0,54
201700015062,17,9,24,1645,1,1,1,1.0,1.0,54282,M,4939131.0,582334.0,54
201700015063,17,1,30,1015,1,2,1,3.0,6.0,54076,M,4855388.0,639693.0,54
201700015064,17,2,17,700,4,2,1,8.0,6.0,54399,M,4849207.0,628798.0,54
201700015065,17,5,14,1915,1,1,1,1.0,6.0,54152,M,4856168.0,638322.0,54
201700015066,17,5,14,1115,1,2,1,1.0,6.0,54383,M,4855777.0,645666.0,54
201700015067,17,6,3,1800,1,2,4,1.0,1.0,54175,M,4849225.0,639244.0,54
201700015068,17,6,12,1650,1,1,1,1.0,1.0,54585,M,4845536.0,631924.0,54
201700015069,17,7,29,1455,1,1,1,1.0,7.0,54567,M,4845916.0,637305.0,54
201700015070,17,9,22,2035,3,2,1,1.0,6.0,54359,M,4850752.0,637001.0,54
201700015071,17,12,7,1715,3,2,1,1.0,6.0,54222,M,,,54
201700015072,17,1,20,1330,1,1,1,1.0,6.0,54077,M,4859975.0,684127.0,54
201700015073,17,3,28,1020,1,1,1,1.0,5.0,54230,M,4862038.0,687905.0,54
201700015074,17,4,19,1915,1,1,1,1.0,1.0,54129,M,4858549.0,696727.0,54
201700015075,17,7,1,200,5,2,1,1.0,6.0,54484,M,4850800.0,683043.0,54
201700015076,17,8,25,1800,1,2,1,1.0,3.0,54458,M,4860473.0,683931.0,54
201700015077,17,1,3,1040,1,2,1,1.0,6.0,54010,M,4854513.0,579697.0,54
201700015078,17,3,2,1330,1,1,2,1.0,3.0,54327,M,4872476.0,584549.0,54
201700015079,17,5,21,604,2,1,1,1.0,7.0,54073,M,4863386.0,590854.0,54
201700015080,17,6,6,2340,3,1,1,1.0,1.0,54523,M,,,54
201700015081,17,6,27,1625,1,1,2,1.0,7.0,54102,M,4871109.0,585893.0,54
201700015082,17,6,22,740,1,1,1,1.0,3.0,54135,M,4851482.0,590029.0,54
201700015083,17,9,3,1820,1,2,3,1.0,1.0,54426,M,4863948.0,598052.0,54
201700015084,17,10,5,1815,1,1,1,2.0,1.0,54080,M,4860268.0,584952.0,54
201700015085,17,10,16,620,2,2,1,1.0,6.0,54008,M,4855114.0,591164.0,54
201700015086,17,12,14,815,2,1,1,1.0,6.0,54500,M,4849165.0,596041.0,54
201700015087,17,4,16,1523,1,1,1,1.0,7.0,66183,M,4252362.0,260759.0,66
201700015088,17,4,28,2240,3,1,1,1.0,6.0,66160,M,,,66
201700015089,17,6,9,1145,1,1,1,1.0,3.0,66150,M,,,66
201700015090,17,7,3,1005,1,2,1,1.0,3.0,66009,M,4245723.0,262918.0,66
201700015091,17,7,5,1110,1,1,1,1.0,3.0,66179,M,4238882.0,260962.0,66
201700015092,17,7,21,1008,1,1,1,1.0,3.0,66160,M,4248784.0,270109.0,66
201700015093,17,8,4,850,1,2,1,1.0,3.0,66049,M,4249515.0,273120.0,66
201700015094,17,8,4,1455,1,1,1,1.0,3.0,66049,M,4250128.0,275694.0,66
201700015095,17,8,31,1830,1,1,1,2.0,1.0,66116,M,4243289.0,259067.0,66
201700015096,17,10,4,1000,1,1,1,1.0,1.0,66049,M,,,66
201700015097,17,10,16,930,1,2,4,1.0,6.0,66150,M,4240329.0,248536.0,66
201700015098,17,12,9,1410,1,2,1,1.0,6.0,66003,M,4247308.0,266876.0,66
201700015099,17,12,20,120,3,1,1,5.0,6.0,14079,M,4933825.0,2961.0,14
201700015100,17,1,16,1340,1,1,1,2.0,6.0,14699,M,,,14
201700015101,17,1,22,1812,2,2,1,4.0,6.0,14557,M,,,14
201700015102,17,1,24,705,5,2,1,4.0,6.0,14079,M,,,14
201700015103,17,1,27,1401,1,1,1,1.0,6.0,14079,M,,,14
201700015104,17,1,26,1940,1,2,1,1.0,3.0,14220,M,,,14
201700015105,17,1,27,2125,5,2,1,1.0,6.0,14220,M,4935980.0,8069.0,14
201700015106,17,1,19,1103,1,1,1,1.0,2.0,14699,M,,,14
201700015107,17,3,12,540,3,2,1,1.0,6.0,14059,M,4934830.0,4943.0,14
201700015108,17,3,14,2045,3,1,1,1.0,6.0,14699,M,4936550.0,12366.0,14
201700015109,17,2,2,1821,5,2,1,2.0,6.0,14220,M,,,14
201700015110,17,2,25,245,5,2,1,1.0,6.0,14220,M,,,14
201700015111,17,2,6,1247,1,2,1,1.0,6.0,14220,M,,,14
201700015112,17,2,4,530,5,2,1,1.0,6.0,14079,M,,,14
201700015113,17,3,20,2000,2,2,1,2.0,6.0,14715,M,,,14
201700015114,17,4,21,851,1,2,1,1.0,3.0,14220,M,,,14
201700015115,17,6,10,1445,1,2,1,1.0,1.0,14701,M,4935364.0,5630.0,14
201700015116,17,3,11,500,4,2,1,1.0,7.0,14557,M,,,14
201700015117,17,4,8,1315,1,2,6,1.0,2.0,14220,M,,,14
201700015118,17,4,13,1430,1,2,1,1.0,7.0,14715,M,,,14
201700015119,17,4,13,1630,1,1,2,1.0,3.0,14079,M,,,14
201700015120,17,4,14,1740,1,2,1,1.0,7.0,14557,M,,,14
201700015121,17,4,29,1645,1,2,1,1.0,6.0,14220,M,,,14
201700015122,17,6,23,1230,1,2,1,1.0,6.0,14715,M,4936359.0,8424.0,14
201700015123,17,5,1,1455,1,2,1,1.0,6.0,14220,M,4936045.0,8451.0,14
201700015124,17,5,7,1145,1,2,1,1.0,7.0,14220,M,4935973.0,7677.0,14
201700015125,17,5,13,830,1,1,1,1.0,7.0,14079,M,4930858.0,4279.0,14
201700015126,17,5,25,2015,1,2,1,1.0,6.0,14699,M,4935106.0,10209.0,14
201700015127,17,5,28,2120,2,2,2,1.0,3.0,14220,M,4936082.0,8448.0,14
201700015128,17,5,29,1220,1,1,1,1.0,7.0,14699,M,4935876.0,12106.0,14
201700015129,17,6,7,1045,1,2,1,1.0,7.0,14220,M,4936051.0,8439.0,14
201700015130,17,6,11,1625,1,2,1,1.0,2.0,14079,M,4933614.0,2229.0,14
201700015131,17,6,17,1905,1,2,1,1.0,3.0,14220,M,4936022.0,8395.0,14
201700015132,17,9,23,1701,1,2,1,1.0,6.0,14715,M,4938167.0,10297.0,14
201700015133,17,9,25,1455,1,2,1,2.0,2.0,14220,M,4936206.0,7352.0,14
201700015134,17,7,1,2250,5,2,1,1.0,2.0,14220,M,4935233.0,8913.0,14
201700015135,17,7,8,940,1,2,1,1.0,7.0,14220,M,4935582.0,70021.0,14
201700015136,17,7,28,1815,1,2,1,1.0,2.0,14715,M,4937147.0,8363.0,14
201700015137,17,8,6,1715,1,2,1,1.0,2.0,14079,M,4933618.0,2241.0,14
201700015138,17,10,1,600,3,2,1,2.0,6.0,14220,M,4934517.0,7684.0,14
201700015139,17,8,14,1910,1,2,2,1.0,7.0,14557,M,4933596.0,9183.0,14
201700015140,17,8,28,1245,1,2,1,1.0,7.0,14715,M,4936494.0,8247.0,14
201700015141,17,9,1,1305,1,2,2,2.0,3.0,14220,M,4936068.0,7783.0,14
201700015142,17,9,8,1035,1,2,1,1.0,7.0,14715,M,4936416.0,8465.0,14
201700015143,17,12,11,700,5,1,1,3.0,6.0,14557,M,4933679.0,8218.0,14
201700015144,17,10,13,2250,4,1,1,1.0,6.0,14079,M,4931166.0,2399.0,14
201700015145,17,10,17,1735,1,1,1,1.0,6.0,14701,M,4934998.0,5430.0,14
201700015146,17,10,15,1131,1,2,1,1.0,3.0,14715,M,4936501.0,8398.0,14
201700015147,17,11,2,1750,1,1,1,1.0,6.0,14699,M,4937453.0,12839.0,14
201700015148,17,10,10,1120,1,2,1,1.0,4.0,14715,M,4936122.0,9036.0,14
201700015149,17,11,2,2145,5,2,1,1.0,6.0,14059,M,4934703.0,4600.0,14
201700015150,17,11,18,1000,1,2,1,2.0,6.0,14079,M,4933818.0,8879.0,14
201700015151,17,11,10,1240,1,2,3,1.0,3.0,14220,M,4935845.0,7571.0,14
201700015152,17,11,17,1605,1,2,3,1.0,3.0,14699,M,4935254.0,9633.0,14
201700015153,17,12,5,812,2,2,3,1.0,2.0,14079,M,4933980.0,3090.0,14
201700015154,17,12,6,1009,1,1,1,1.0,1.0,14699,M,4934937.0,9494.0,14
201700015155,17,3,11,920,1,2,6,1.0,3.0,66024,M,4251401.0,282995.0,66
201700015156,17,3,11,1450,1,2,1,1.0,6.0,66137,M,4246354.0,286330.0,66
201700015157,17,5,28,1145,1,1,1,1.0,1.0,66063,M,,,66
201700015158,17,6,10,925,1,1,1,1.0,1.0,66178,M,,,66
201700015159,17,6,18,815,1,1,1,1.0,3.0,66015,M,4255438.0,285889.0,66
201700015160,17,7,29,2230,5,2,1,1.0,4.0,66024,M,4252546.0,283344.0,66
201700015161,17,9,28,1335,1,1,1,1.0,1.0,66137,M,,,66
201700015162,17,10,22,815,1,1,1,1.0,6.0,66015,M,4256312.0,285188.0,66
201700015163,17,11,14,1605,1,1,1,1.0,1.0,66137,M,,,66
201700015164,17,12,23,330,3,1,1,1.0,7.0,66196,M,4254058.0,294856.0,66
201700015165,17,3,5,910,1,1,1,1.0,7.0,66148,M,,,66
201700015166,17,7,4,1700,1,1,1,1.0,3.0,66048,M,4244793.0,316396.0,66
201700015167,17,7,23,1100,1,1,1,1.0,1.0,66053,M,4252328.0,309767.0,66
201700015168,17,9,2,1515,1,1,1,1.0,6.0,66048,M,,,66
201700015169,17,10,4,1400,1,1,3,7.0,2.0,66148,M,,,66
201700015170,17,10,6,2035,3,1,1,1.0,1.0,66048,M,4243545.0,315836.0,66
201700015171,17,4,8,852,1,1,1,1.0,6.0,66036,M,,,66
201700015172,17,7,28,1630,1,1,4,1.0,3.0,66125,M,4255066.0,226705.0,66
201700015173,17,8,5,1315,1,1,1,1.0,1.0,66193,M,4256906.0,232780.0,66
201700015174,17,9,1,1810,1,1,1,1.0,3.0,66085,M,4258113.0,235209.0,66
201700015175,17,9,29,1600,1,2,1,1.0,6.0,66149,M,4262057.0,241586.0,66
201700015176,17,11,27,1725,1,2,1,1.0,3.0,66149,M,4262341.0,243397.0,66
201700015177,17,12,6,1750,2,1,1,1.0,5.0,66095,M,4247124.0,188165.0,66
201700015178,17,12,7,1813,3,1,1,1.0,4.0,66025,M,,,66
201700015179,17,1,24,929,1,1,1,1.0,3.0,66004,M,,,66
201700015180,17,6,18,1245,1,1,1,1.0,5.0,66098,M,,,66
201700015181,17,7,21,2055,2,1,1,8.0,7.0,66004,M,4255401.0,207555.0,66
201700015182,17,11,15,2045,3,1,1,1.0,6.0,66192,M,4250625.0,216102.0,66
201700015183,17,4,17,1730,1,1,1,1.0,7.0,66107,M,4281708.0,261913.0,66
201700015184,17,9,22,1405,1,1,1,1.0,3.0,66042,M,,,66
201700015185,17,12,26,1145,1,1,3,1.0,3.0,66071,M,4277279.0,269813.0,66
201700015186,17,2,4,1545,1,2,1,1.0,6.0,58095,M,4682840.0,345871.0,58
201700015187,17,3,10,1750,2,1,1,1.0,4.0,58095,M,4683756.0,347912.0,58
201700015188,17,5,19,620,1,1,1,3.0,6.0,58306,M,4686363.0,358149.0,58
201700015189,17,5,17,2200,5,2,1,8.0,7.0,58095,M,4683321.0,345799.0,58
201700015190,17,6,18,1100,1,1,1,1.0,7.0,58046,M,4686505.0,367590.0,58
201700015191,17,7,14,430,4,1,1,1.0,7.0,58118,M,4682306.0,370457.0,58
201700015192,17,7,15,1125,1,1,1,1.0,3.0,58245,M,4674553.0,365126.0,58
201700015193,17,10,23,1045,1,1,1,1.0,3.0,58118,M,4682196.0,370789.0,58
201700015194,17,10,30,845,1,2,1,1.0,1.0,58118,M,4681494.0,371968.0,58
201700015195,17,10,31,1710,1,1,1,1.0,3.0,58290,M,4687100.0,369328.0,58
201700015196,17,11,8,1345,1,1,1,1.0,7.0,58306,M,4684474.0,359286.0,58
201700015197,17,11,9,1910,3,1,1,8.0,6.0,58055,M,4683257.0,354372.0,58
201700015198,17,3,5,730,2,1,9,1.0,6.0,58144,M,4678002.0,308217.0,58
201700015199,17,4,23,1500,1,1,1,1.0,7.0,58144,M,4675653.0,305918.0,58
201700015200,17,6,4,630,2,1,1,1.0,6.0,58104,M,4671710.0,333747.0,58
201700015201,17,6,11,2000,1,1,2,1.0,3.0,58192,M,4676264.0,329201.0,58
201700015202,17,7,14,430,2,1,1,1.0,6.0,58264,M,4679744.0,314482.0,58
201700015203,17,7,18,855,1,1,9,1.0,6.0,58146,M,4669800.0,350245.0,58
201700015204,17,7,29,1730,1,1,1,1.0,7.0,58264,M,4679234.0,314781.0,58
201700015205,17,8,7,1110,1,1,1,7.0,1.0,58104,M,4671714.0,337599.0,58
201700015206,17,8,30,1355,1,1,1,1.0,6.0,58152,M,4687690.0,315702.0,58
201700015207,17,1,3,1845,5,1,1,1.0,6.0,58231,M,4715862.0,321642.0,58
201700015208,17,3,8,1455,1,2,6,3.0,2.0,58303,M,4701294.0,314582.0,58
201700015209,17,3,25,415,3,2,1,1.0,6.0,58207,M,4709251.0,316837.0,58
201700015210,17,5,5,850,1,2,1,1.0,6.0,58131,M,4708821.0,319618.0,58
201700015211,17,5,5,1845,1,2,1,1.0,3.0,58303,M,4701398.0,316129.0,58
201700015212,17,5,31,730,1,1,1,1.0,1.0,58207,M,4709699.0,318689.0,58
201700015213,17,6,16,415,5,2,1,1.0,1.0,58303,M,4700313.0,313897.0,58
201700015214,17,6,12,810,1,1,1,1.0,3.0,58088,M,4701796.0,320799.0,58
201700015215,17,6,23,1225,1,1,1,1.0,7.0,58303,M,4701206.0,312222.0,58
201700015216,17,6,23,1155,1,2,1,1.0,3.0,58303,M,4701031.0,312805.0,58
201700015217,17,8,29,2130,5,2,1,2.0,7.0,58131,M,4709541.0,319843.0,58
201700015218,17,10,20,1020,1,2,1,2.0,1.0,58300,M,4707503.0,319626.0,58
201700015219,17,10,27,1330,1,2,1,1.0,6.0,58300,M,4703929.0,318913.0,58
201700015220,17,1,21,945,1,2,1,1.0,6.0,58232,M,4700483.0,339833.0,58
201700015221,17,2,12,2210,3,1,1,1.0,7.0,58134,M,4694156.0,327987.0,58
201700015222,17,2,22,730,2,1,1,1.0,1.0,58273,M,4695522.0,325356.0,58
201700015223,17,4,15,10,5,2,2,1.0,3.0,58134,M,4692740.0,326265.0,58
201700015224,17,9,5,1800,1,1,1,1.0,3.0,58278,M,4695124.0,319829.0,58
201700015225,17,9,19,1255,1,1,3,1.0,5.0,58031,M,4700963.0,348105.0,58
201700015226,17,10,11,1515,1,1,3,1.0,3.0,58232,M,4700300.0,336762.0,58
201700015227,17,10,18,1815,1,2,3,1.0,3.0,58278,M,4696297.0,315723.0,58
201700015228,17,11,21,1350,1,1,1,1.0,3.0,58278,M,4694766.0,320038.0,58
201700015229,17,6,3,1000,1,1,1,1.0,6.0,58309,M,4695964.0,398321.0,58
201700015230,17,6,20,1445,1,1,1,1.0,7.0,58063,M,4703785.0,394005.0,58
201700015231,17,7,12,1710,1,2,1,1.0,6.0,58262,M,4706828.0,380341.0,58
201700015232,17,8,8,2025,2,1,1,1.0,6.0,58268,M,4674532.0,380972.0,58
201700015233,17,9,20,1615,1,1,1,1.0,7.0,58140,M,4690924.0,400117.0,58
201700015234,17,10,5,1915,2,1,1,1.0,7.0,58221,M,4682982.0,379325.0,58
201700015235,17,11,26,1230,1,2,1,5.0,6.0,58062,M,4706517.0,392940.0,58
201700015236,17,1,26,1115,1,1,1,9.0,7.0,58185,M,4718402.0,408607.0,58
201700015237,17,3,16,1540,1,2,1,1.0,6.0,58037,M,4726189.0,393382.0,58
201700015238,17,3,23,945,1,2,1,1.0,6.0,58083,M,4725529.0,368393.0,58
201700015239,17,3,25,530,3,1,1,1.0,6.0,58080,M,4718443.0,364857.0,58
201700015240,17,4,3,1300,1,1,1,1.0,7.0,58145,M,4727407.0,380062.0,58
201700015241,17,5,19,1800,1,1,1,1.0,3.0,58075,M,4725526.0,365932.0,58
201700015242,17,5,26,1100,1,1,1,1.0,7.0,58205,M,4718633.0,393247.0,58
201700015243,17,6,7,1317,1,2,1,1.0,7.0,58180,M,4719763.0,405511.0,58
201700015244,17,6,25,1117,1,2,1,1.0,7.0,58145,M,4729791.0,382326.0,58
201700015245,17,7,11,1845,1,1,1,1.0,7.0,58132,M,4722857.0,357953.0,58
201700015246,17,7,22,1600,1,1,1,1.0,6.0,58210,M,4712708.0,400406.0,58
201700015247,17,7,27,700,2,1,1,8.0,6.0,58083,M,4725967.0,368168.0,58
201700015248,17,7,27,2140,4,2,1,1.0,6.0,58106,M,4726989.0,402933.0,58
201700015249,17,8,5,1600,1,1,1,1.0,1.0,58075,M,4728620.0,366984.0,58
201700015250,17,2,24,2300,3,1,1,1.0,6.0,58267,M,4710177.0,351909.0,58
201700015251,17,4,7,1730,1,2,1,1.0,3.0,58065,M,4704125.0,365461.0,58
201700015252,17,4,9,1300,1,1,1,1.0,7.0,58024,M,4716406.0,361510.0,58
201700015253,17,6,19,1200,1,1,1,1.0,1.0,58132,M,4723968.0,358061.0,58
201700015254,17,7,1,1535,1,1,1,2.0,1.0,58004,M,4713132.0,358941.0,58
201700015255,17,8,2,1745,1,1,1,1.0,1.0,58092,M,4713808.0,351292.0,58
201700015256,17,12,2,1130,1,1,1,1.0,1.0,58065,M,4705191.0,365460.0,58
201700015257,17,1,7,1015,1,2,1,1.0,6.0,58215,M,4728343.0,295615.0,58
201700015258,17,1,12,1705,5,1,1,2.0,3.0,58067,M,4710957.0,309424.0,58
201700015259,17,3,29,1945,1,1,1,1.0,7.0,58256,M,4737091.0,297614.0,58
201700015260,17,4,28,1500,1,1,1,1.0,3.0,58067,M,4710085.0,307498.0,58
201700015261,17,7,1,445,3,1,1,2.0,6.0,58067,M,4710020.0,307649.0,58
201700015262,17,7,7,2045,1,2,1,1.0,6.0,58189,M,4723620.0,306918.0,58