Num_Acc,an,mois,jour,hrmn,lum,agg,int,atm,col,com,gps,lat,long,dep
201700015263,17,10,24,1315,1,1,1,2.0,6.0,58067,M,4713314.0,311036.0,58
201700015264,17,12,10,1900,3,1,1,2.0,6.0,58218,M,4718107.0,331546.0,58
201700015265,17,2,19,2050,5,2,1,1.0,6.0,58011,M,4746658.0,356530.0,58
201700015266,17,3,31,1245,1,2,1,1.0,6.0,58079,M,4746113.0,351947.0,58
201700015267,17,4,18,1130,1,2,1,1.0,1.0,58058,M,4739426.0,334417.0,58
201700015268,17,6,18,700,2,2,1,1.0,6.0,58098,M,4731836.0,364237.0,58
201700015269,17,6,30,1650,1,1,9,2.0,2.0,58304,M,4734948.0,336962.0,58
201700015270,17,9,17,1830,1,1,1,1.0,6.0,58005,M,4739308.0,355243.0,58
201700015271,17,10,21,2315,3,1,1,1.0,6.0,58032,M,4747580.0,339072.0,58
201700015272,17,11,10,2135,3,1,1,1.0,7.0,58039,M,4742019.0,360568.0,58
201700015273,17,2,1,755,1,2,1,1.0,6.0,26166,M,,,26
201700015274,17,2,17,1515,1,2,1,1.0,1.0,26166,M,,,26
201700015275,17,2,22,1200,1,1,1,1.0,1.0,26124,M,,,26
201700015276,17,2,25,2230,5,2,1,1.0,6.0,26166,M,,,26
201700015277,17,3,5,1245,1,2,1,3.0,7.0,26124,M,4483960.0,488795.0,26
201700015278,17,4,9,645,1,2,1,1.0,7.0,26166,M,,,26
201700015279,17,4,12,1450,1,1,1,1.0,6.0,26042,M,,,26
201700015280,17,4,23,645,1,2,1,1.0,6.0,26165,M,,,26
201700015281,17,5,3,1720,1,1,1,1.0,6.0,26144,M,,,26
201700015282,17,6,13,2313,3,1,1,1.0,6.0,26252,M,,,26
201700015283,17,6,23,1500,1,1,3,1.0,3.0,26006,M,,,26
201700015284,17,7,2,1745,1,1,1,1.0,6.0,26165,M,,,26
201700015285,17,8,20,2330,3,1,1,1.0,6.0,26165,M,,,26
201700015286,17,9,25,1720,1,1,1,1.0,3.0,26166,M,,,26
201700015287,17,10,11,715,3,1,9,1.0,5.0,26208,M,4479545.0,493599.0,26
201700015288,17,10,14,2325,3,1,1,1.0,6.0,26337,M,,,26
201700015289,17,10,20,745,1,2,1,2.0,7.0,26166,M,,,26
201700015290,17,11,5,630,3,1,1,3.0,1.0,26042,M,,,26
201700015291,17,11,7,1600,1,2,1,1.0,7.0,26165,M,4480069.0,481913.0,26
201700015292,17,11,29,1529,1,1,1,1.0,5.0,26124,M,,,26
201700015293,17,12,8,735,3,1,2,2.0,3.0,26006,M,,,26
201700015294,17,2,19,500,3,1,1,1.0,1.0,26289,M,,,26
201700015295,17,4,3,1415,1,1,1,1.0,3.0,26183,M,,,26
201700015296,17,8,19,1515,1,1,1,1.0,1.0,26020,M,,,26
201700015297,17,8,31,1140,1,1,1,9.0,1.0,26289,M,,,26
201700015298,17,9,5,1100,1,1,9,1.0,6.0,26125,M,,,26
201700015299,17,12,12,2230,3,1,1,1.0,7.0,26277,M,,,26
201700015300,17,12,12,1915,3,1,1,1.0,7.0,26065,M,,,26
201700015301,17,1,17,750,2,1,1,4.0,6.0,26086,M,,,26
201700015302,17,4,1,1045,1,1,9,8.0,3.0,26204,M,,,26
201700015303,17,4,23,1530,1,1,1,1.0,3.0,26069,M,,,26
201700015304,17,5,6,2250,3,2,1,1.0,6.0,26086,M,,,26
201700015305,17,5,12,1840,1,1,9,8.0,6.0,26299,M,,,26
201700015306,17,5,28,1515,1,1,1,1.0,7.0,26069,M,,,26
201700015307,17,6,10,508,5,2,6,1.0,6.0,26113,M,,,26
201700015308,17,6,25,1510,1,1,1,1.0,1.0,26167,M,,,26
201700015309,17,7,11,1220,1,1,1,1.0,5.0,26205,M,,,26
201700015310,17,7,29,1000,1,2,7,1.0,6.0,26113,M,4475340.0,537108.0,26
201700015311,17,8,16,1630,1,1,1,1.0,6.0,26113,M,4473665.0,536182.0,26
201700015312,17,8,19,2020,3,1,1,1.0,1.0,26178,M,,,26
201700015313,17,9,7,1350,1,1,1,1.0,1.0,26299,M,,,26
201700015314,17,9,24,1630,1,1,1,1.0,7.0,26248,M,,,26
201700015315,17,10,4,1035,1,2,1,1.0,6.0,26113,M,,,26
201700015316,17,2,4,1255,1,1,3,1.0,3.0,26106,M,,,26
201700015317,17,2,12,1845,2,1,1,1.0,7.0,26157,M,4459710.0,485233.0,26
201700015318,17,4,9,300,5,2,1,1.0,6.0,26106,M,,,26
201700015319,17,9,10,1140,1,1,6,1.0,3.0,26005,M,,,26
201700015320,17,12,15,1803,5,1,3,2.0,3.0,26338,M,,,26
201700015321,17,12,28,630,3,1,1,1.0,6.0,26106,M,,,26
201700015322,17,5,26,1305,1,1,1,1.0,3.0,26056,M,,,26
201700015323,17,6,3,1800,1,1,1,1.0,6.0,26101,M,,,26
201700015324,17,6,18,10,3,1,1,1.0,6.0,26276,M,,,26
201700015325,17,8,9,1015,1,1,1,1.0,6.0,26336,M,,,26
201700015326,17,10,1,2110,3,1,1,1.0,7.0,26336,M,,,26
201700015327,17,3,30,1915,1,2,1,1.0,6.0,26324,M,4436274.0,477966.0,26
201700015328,17,4,2,845,1,2,9,2.0,6.0,26324,M,4434439.0,475329.0,26
201700015329,17,6,9,1115,1,2,1,1.0,7.0,26357,M,,,26
201700015330,17,6,20,1755,1,1,3,1.0,3.0,26138,M,4439435.0,473707.0,26
201700015331,17,7,15,1415,1,1,1,1.0,1.0,26033,M,,,26
201700015332,17,8,9,2140,3,1,3,2.0,3.0,26326,M,,,26
201700015333,17,8,17,230,3,1,1,1.0,6.0,26345,M,,,26
201700015334,17,8,28,2320,3,1,1,1.0,6.0,26324,M,4436155.0,478130.0,26
201700015335,17,10,12,1950,3,1,3,1.0,3.0,26342,M,,,26
201700015336,17,10,16,1320,1,1,6,1.0,3.0,26324,M,,,26
201700015337,17,10,26,1515,1,2,1,1.0,6.0,26345,M,,,26
201700015338,17,12,9,1930,3,1,9,1.0,3.0,26357,M,,,26
201700015339,17,7,14,1800,1,1,3,1.0,3.0,26306,M,,,26
201700015340,17,4,13,1545,1,2,2,1.0,3.0,26135,M,,,26
201700015341,17,5,16,1745,1,1,1,7.0,6.0,26188,M,4421898.0,522825.0,26
201700015342,17,7,17,1430,1,1,1,1.0,1.0,26292,M,,,26
201700015343,17,8,16,350,3,1,1,1.0,7.0,26022,M,,,26
201700015344,17,9,12,1705,1,1,1,1.0,6.0,26193,M,,,26
201700015345,17,9,18,1420,1,1,1,1.0,7.0,26188,M,,,26
201700015346,17,10,3,1245,1,1,1,1.0,7.0,26063,M,,,26
201700015347,17,11,11,1230,1,1,1,1.0,6.0,26126,M,,,26
201700015348,17,1,20,1600,1,1,9,1.0,6.0,26162,M,,,26
201700015349,17,1,26,2110,3,1,1,4.0,6.0,26330,M,,,26
201700015350,17,3,26,1900,2,2,1,1.0,1.0,26172,M,,,26
201700015351,17,4,16,1750,1,1,1,1.0,7.0,26330,M,,,26
201700015352,17,4,22,1600,1,1,1,7.0,3.0,26330,M,,,26
201700015353,17,5,29,1600,1,1,3,1.0,2.0,26083,M,,,26
201700015354,17,6,21,1800,1,2,1,1.0,1.0,26330,M,,,26
201700015355,17,6,26,20,3,1,1,1.0,7.0,26118,M,,,26
201700015356,17,6,27,900,1,1,3,1.0,3.0,26155,M,,,26
201700015357,17,7,12,1150,1,1,1,1.0,3.0,26118,M,,,26
201700015358,17,10,10,1515,1,2,1,1.0,6.0,26162,M,,,26
201700015359,17,12,11,1245,1,1,1,3.0,1.0,26330,M,,,26
201700015360,17,3,2,915,1,2,1,2.0,3.0,70433,M,4761710.0,617448.0,70
201700015361,17,5,7,125,3,1,1,3.0,6.0,70563,M,4756642.0,623110.0,70
201700015362,17,5,14,400,3,1,1,2.0,7.0,70278,M,4767729.0,608971.0,70
201700015363,17,6,7,1605,1,1,3,1.0,1.0,70134,M,4762754.0,607183.0,70
201700015364,17,7,26,1730,1,2,1,1.0,2.0,70428,M,4764990.0,613319.0,70
201700015365,17,7,7,2100,1,1,1,8.0,7.0,70390,M,4761823.0,626237.0,70
201700015366,17,8,14,1805,1,1,1,1.0,7.0,70199,M,4763473.0,624722.0,70
201700015367,17,8,28,1600,1,1,3,1.0,2.0,70199,M,4762486.0,620861.0,70
201700015368,17,10,15,132,3,1,1,1.0,5.0,70162,M,4762563.0,621516.0,70
201700015369,17,3,21,2000,3,1,3,3.0,3.0,70153,M,4774291.0,577586.0,70
201700015370,17,4,14,1945,1,1,1,1.0,7.0,70291,M,4793890.0,592746.0,70
201700015371,17,6,2,1140,1,1,1,7.0,6.0,70236,M,4775164.0,607840.0,70
201700015372,17,6,21,1815,1,1,1,1.0,7.0,70572,M,4781658.0,577214.0,70
201700015373,17,7,3,1409,1,1,1,1.0,7.0,70476,M,4786883.0,601264.0,70
201700015374,17,9,24,115,3,2,1,1.0,6.0,70373,M,4768702.0,578674.0,70
201700015375,17,10,22,30,3,1,1,1.0,6.0,70576,M,4793370.0,600262.0,70
201700015376,17,2,14,1415,1,2,1,1.0,6.0,70439,M,4758484.0,601292.0,70
201700015377,17,5,5,1630,1,1,3,1.0,3.0,70138,M,4764163.0,599403.0,70
201700015378,17,5,20,840,1,2,6,1.0,3.0,70138,M,4764518.0,597798.0,70
201700015379,17,6,21,1435,1,1,2,1.0,3.0,70175,M,4767895.0,585626.0,70
201700015380,17,7,10,1835,1,1,1,3.0,6.0,70267,M,4780831.0,598251.0,70
201700015381,17,7,31,1155,1,2,1,1.0,7.0,70324,M,4752307.0,603449.0,70
201700015382,17,9,3,1720,1,1,3,1.0,3.0,70275,M,4752482.0,601014.0,70
201700015383,17,11,2,930,1,1,1,1.0,3.0,70387,M,4756723.0,593313.0,70
201700015384,17,11,4,100,3,1,1,1.0,6.0,70324,M,4754231.0,605662.0,70
201700015385,17,12,9,530,2,2,1,2.0,2.0,70272,M,4772106.0,584504.0,70
201700015386,17,1,5,800,1,1,1,4.0,1.0,70085,M,4736722.0,599543.0,70
201700015387,17,1,17,1215,1,1,1,1.0,1.0,70407,M,4736530.0,602406.0,70
201700015388,17,1,22,700,3,1,1,1.0,6.0,70243,M,4749296.0,622371.0,70
201700015389,17,5,21,1030,1,1,1,1.0,7.0,70456,M,4745558.0,612890.0,70
201700015390,17,7,12,1530,1,1,1,1.0,1.0,70208,M,4752175.0,612680.0,70
201700015391,17,7,22,1215,1,1,3,1.0,3.0,70197,M,4755113.0,623488.0,70
201700015392,17,8,18,1515,1,1,1,1.0,1.0,70325,M,4749771.0,597810.0,70
201700015393,17,9,23,2145,3,1,1,1.0,1.0,70383,M,4741319.0,606937.0,70
201700015394,17,3,31,1140,1,1,2,1.0,3.0,70122,M,4766599.0,555044.0,70
201700015395,17,4,7,1415,1,1,1,1.0,6.0,70122,M,4765312.0,554269.0,70
201700015396,17,6,5,1445,1,1,3,1.0,1.0,70481,M,4755277.0,572550.0,70
201700015397,17,7,24,44,3,1,1,1.0,1.0,70122,M,4758219.0,554136.0,70
201700015398,17,9,17,2000,5,2,1,2.0,6.0,70122,M,4761587.0,551681.0,70
201700015399,17,10,8,1640,1,2,1,8.0,6.0,70299,M,4762437.0,578467.0,70
201700015400,17,10,30,1505,1,1,3,1.0,3.0,70463,M,4751069.0,584167.0,70
201700015401,17,12,19,1805,3,1,1,5.0,7.0,70257,M,4748942.0,593815.0,70
201700015402,17,3,13,1945,3,1,1,1.0,1.0,70527,M,4746738.0,591919.0,70
201700015403,17,6,5,1930,1,1,4,1.0,3.0,70129,M,4747408.0,581133.0,70
201700015404,17,6,13,1205,1,1,1,1.0,7.0,70410,M,4732234.0,588218.0,70
201700015405,17,6,29,2100,1,1,1,1.0,5.0,70374,M,4731365.0,566764.0,70
201700015406,17,8,12,1610,1,1,2,8.0,3.0,70152,M,4738279.0,577663.0,70
201700015407,17,9,29,1415,1,1,1,7.0,1.0,70510,M,4733896.0,556932.0,70
201700015408,17,11,27,1900,3,1,1,1.0,6.0,70045,M,4732922.0,576491.0,70
201700015409,17,12,5,2030,3,1,1,1.0,2.0,70152,M,4739703.0,575397.0,70
201700015410,17,2,4,1012,1,2,2,2.0,3.0,70451,M,4769919.0,660696.0,70
201700015411,17,3,22,2130,5,2,1,1.0,6.0,70063,M,4776300.0,661449.0,70
201700015412,17,3,30,1830,1,1,1,1.0,6.0,70413,M,4770519.0,672196.0,70
201700015413,17,4,13,1808,1,2,2,1.0,3.0,70248,M,4766271.0,673717.0,70
201700015414,17,4,13,1738,1,1,1,1.0,7.0,70339,M,4774416.0,653298.0,70
201700015415,17,6,11,1555,1,1,1,1.0,7.0,70413,M,4772490.0,675617.0,70
201700015416,17,7,10,1920,1,1,2,2.0,1.0,70339,M,4774345.0,655642.0,70
201700015417,17,7,23,1600,1,1,2,1.0,1.0,70413,M,4769234.0,673658.0,70
201700015418,17,8,17,1459,1,1,1,1.0,1.0,70413,M,4775147.0,672643.0,70
201700015419,17,10,12,1255,1,2,1,1.0,6.0,70413,M,4774097.0,672835.0,70
201700015420,17,11,11,320,3,2,1,1.0,6.0,70413,M,4773099.0,673058.0,70
201700015421,17,11,19,1550,1,1,1,2.0,5.0,70120,M,4768624.0,668622.0,70
201700015422,17,2,2,2245,5,2,1,1.0,6.0,70216,M,4779528.0,642743.0,70
201700015423,17,2,12,2200,3,1,1,5.0,6.0,70103,M,4781355.0,647086.0,70
201700015424,17,3,25,830,1,1,1,7.0,1.0,70128,M,4777419.0,636412.0,70
201700015425,17,4,10,1745,1,1,1,1.0,7.0,70435,M,4786461.0,644021.0,70
201700015426,17,4,27,1151,1,1,1,1.0,5.0,70311,M,4780714.0,634767.0,70
201700015427,17,5,21,1945,1,1,1,1.0,3.0,70098,M,4775562.0,633616.0,70
201700015428,17,6,17,1140,1,2,3,1.0,3.0,70155,M,4773824.0,640307.0,70
201700015429,17,7,15,1800,1,1,1,7.0,6.0,70227,M,4781558.0,661448.0,70
201700015430,17,8,15,1120,1,2,1,1.0,6.0,70093,M,4780360.0,633614.0,70
201700015431,17,9,29,1645,1,2,6,2.0,6.0,70473,M,4780787.0,638339.0,70
201700015432,17,1,10,800,1,1,1,4.0,1.0,70240,M,4786901.0,635267.0,70
201700015433,17,4,10,2245,3,1,1,1.0,7.0,70013,M,4797528.0,616171.0,70
201700015434,17,8,28,1840,1,1,2,1.0,3.0,70245,M,4788267.0,638483.0,70
201700015435,17,10,13,1455,1,1,3,1.0,1.0,70419,M,4795600.0,612715.0,70
201700015436,17,12,4,900,1,1,1,2.0,1.0,70323,M,4791074.0,615253.0,70
201700015437,17,3,28,1730,1,1,1,1.0,6.0,70064,M,4763446.0,663954.0,70
201700015438,17,4,4,1750,1,1,1,1.0,1.0,70149,M,4763038.0,671771.0,70
201700015439,17,7,31,1015,1,2,1,1.0,6.0,70477,M,4756499.0,663425.0,70
201700015440,17,8,27,50,3,1,1,1.0,6.0,70312,M,4760344.0,671682.0,70
201700015441,17,9,9,1230,1,1,1,1.0,1.0,70484,M,4755707.0,657739.0,70
201700015442,17,10,5,1521,1,1,1,1.0,1.0,70506,M,4755981.0,671167.0,70
201700015443,17,10,20,1500,1,1,2,1.0,1.0,70561,M,4754313.0,643084.0,70
201700015444,17,1,16,1626,1,1,1,2.0,1.0,64421,M,4316675.0,-51870.0,64
201700015445,17,1,13,1655,1,1,2,1.0,3.0,85021,M,4702375.0,-126852.0,85
201700015446,17,2,10,1110,1,1,1,1.0,3.0,85051,M,4667762.0,-107498.0,85
201700015447,17,2,14,1025,1,1,1,5.0,2.0,85208,M,4681010.0,-137129.0,85
201700015448,17,2,14,913,1,1,1,5.0,6.0,85191,M,4667263.0,-134650.0,85
201700015449,17,3,27,1517,1,1,1,1.0,1.0,85109,M,4685699.0,-97730.0,85
201700015450,17,4,21,541,3,1,1,1.0,6.0,85027,M,4695243.0,-135474.0,85
201700015451,17,5,15,1708,1,2,1,1.0,1.0,85051,M,4669714.0,-104158.0,85
201700015452,17,5,25,1230,1,1,1,1.0,2.0,85046,M,4669680.0,-130359.0,85
201700015453,17,9,19,1314,1,1,1,1.0,1.0,85107,M,4696482.0,-129444.0,85
201700015454,17,4,23,2000,2,1,1,1.0,1.0,01321,M,4616188.0,535580.0,01
201700015455,17,5,25,1200,1,2,1,1.0,2.0,01184,M,4616135.0,542958.0,01
201700015456,17,6,19,1830,1,2,3,1.0,3.0,01072,M,4617895.0,532211.0,01
201700015457,17,6,26,1615,1,1,2,1.0,3.0,01426,M,4628531.0,534176.0,01
201700015458,17,7,20,1945,1,2,1,1.0,3.0,01408,M,4623021.0,540349.0,01
201700015459,17,8,5,1010,1,1,3,1.0,1.0,01095,M,4625283.0,541336.0,01
201700015460,17,8,4,1755,1,1,1,1.0,1.0,01195,M,4621176.0,531678.0,01
201700015461,17,8,27,5,3,1,3,1.0,3.0,01072,M,4618560.0,530049.0,01
201700015462,17,9,3,1725,1,1,1,1.0,2.0,01254,M,4617430.0,528720.0,01
201700015463,17,9,28,1740,1,1,1,1.0,6.0,01447,M,4621155.0,541017.0,01
201700015464,17,10,15,1515,1,2,1,1.0,2.0,01125,M,4625547.0,549482.0,01
201700015465,17,12,6,1800,3,1,1,1.0,3.0,01254,M,4617430.0,528720.0,01
201700015466,17,12,7,835,1,2,1,1.0,6.0,01150,M,4621736.0,536814.0,01
201700015467,17,4,10,1530,1,2,1,7.0,6.0,01457,M,4619521.0,499400.0,01
201700015468,17,4,14,1150,1,1,1,1.0,6.0,01272,M,4614372.0,498172.0,01
201700015469,17,4,27,1035,1,2,3,1.0,1.0,01457,M,4622719.0,499289.0,01
201700015470,17,5,19,1801,1,1,1,8.0,1.0,01272,M,4616791.0,503275.0,01
201700015471,17,5,30,1007,1,2,6,1.0,6.0,01093,M,4611849.0,496010.0,01
201700015472,17,6,25,2305,3,1,1,1.0,6.0,01028,M,4611375.0,489546.0,01
201700015473,17,9,28,1548,1,1,1,1.0,3.0,01093,M,4612885.0,495521.0,01
201700015474,17,10,7,1205,1,1,3,1.0,3.0,01028,M,4612074.0,491668.0,01
201700015475,17,11,21,714,2,1,1,1.0,6.0,01319,M,4610866.0,494142.0,01
201700015476,17,12,4,1751,3,1,1,1.0,3.0,01093,M,4613677.0,497289.0,01
201700015477,17,12,21,1145,1,1,1,2.0,7.0,01028,M,4610767.0,490398.0,01
201700015478,17,1,29,1900,5,1,2,1.0,3.0,01115,M,4625235.0,509624.0,01
201700015479,17,2,4,425,3,1,1,1.0,6.0,01230,M,4643763.0,509255.0,01
201700015480,17,3,2,2300,3,1,1,1.0,6.0,01163,M,4636086.0,515647.0,01
201700015481,17,3,3,830,1,1,1,1.0,7.0,01364,M,4640162.0,504370.0,01
201700015482,17,3,3,700,2,1,1,1.0,7.0,01232,M,4632687.0,524790.0,01
201700015483,17,3,19,1245,1,1,1,1.0,7.0,01139,M,4646860.0,515753.0,01
201700015484,17,3,25,1430,1,1,1,1.0,5.0,01266,M,4634188.0,511852.0,01
201700015485,17,4,9,618,2,2,1,1.0,6.0,01140,M,4626063.0,510041.0,01
201700015486,17,4,7,420,3,1,1,1.0,7.0,01388,M,4644853.0,507707.0,01
201700015487,17,6,29,745,1,1,1,2.0,6.0,01154,M,4633807.0,524486.0,01
201700015488,17,7,19,920,1,1,1,1.0,7.0,01432,M,4634921.0,534987.0,01
201700015489,17,8,21,1100,1,1,3,1.0,1.0,01038,M,4633409.0,529299.0,01
201700015490,17,8,26,1050,1,2,1,1.0,7.0,01147,M,4640180.0,529140.0,01
201700015491,17,9,19,2020,3,1,1,9.0,6.0,01367,M,4640004.0,510382.0,01
201700015492,17,9,30,1145,1,1,1,2.0,1.0,01437,M,4647969.0,502382.0,01
201700015493,17,10,4,2153,3,1,1,1.0,7.0,01232,M,4631447.0,523903.0,01
201700015494,17,11,13,745,1,1,1,2.0,6.0,01364,M,4636905.0,506573.0,01
201700015495,17,11,15,1845,5,2,1,1.0,6.0,01266,M,4633344.0,511622.0,01
201700015496,17,11,18,500,3,1,1,1.0,6.0,01266,M,4632492.0,511247.0,01
201700015497,17,11,26,1020,1,1,1,2.0,1.0,01038,M,4631673.0,529464.0,01
201700015498,17,11,29,1845,3,1,1,4.0,5.0,01229,M,4632353.0,513703.0,01
201700015499,17,12,1,1050,1,1,2,1.0,6.0,01163,M,4637404.0,518156.0,01
201700015500,17,12,18,1010,1,2,1,4.0,7.0,01163,M,4637857.0,518456.0,01
201700015501,17,1,16,1730,5,2,3,1.0,2.0,01320,M,4629435.0,486869.0,01
201700015502,17,1,17,1815,5,2,1,1.0,6.0,01306,M,4626134.0,488735.0,01
201700015503,17,4,7,1805,1,1,2,1.0,3.0,01102,M,4638759.0,494661.0,01
201700015504,17,4,12,1545,1,1,2,1.0,3.0,01332,M,4629535.0,491783.0,01
201700015505,17,4,29,1115,1,2,1,1.0,1.0,01332,M,4628909.0,491387.0,01
201700015506,17,4,29,1310,1,2,6,1.0,3.0,01370,M,4630200.0,483611.0,01
201700015507,17,5,14,1855,1,1,2,1.0,3.0,01175,M,4641356.0,495055.0,01
201700015508,17,5,24,815,1,1,9,1.0,1.0,01159,M,4635243.0,488313.0,01
201700015509,17,6,1,1700,1,2,1,1.0,6.0,01305,M,4643396.0,493612.0,01
201700015510,17,8,15,1047,1,1,1,1.0,3.0,01123,M,4624183.0,481964.0,01
201700015511,17,8,18,1600,1,2,2,1.0,3.0,01123,M,4623716.0,482745.0,01
201700015512,17,8,29,1130,1,2,2,1.0,3.0,01323,M,4642838.0,492259.0,01
201700015513,17,9,5,1118,1,2,1,1.0,3.0,01025,M,4635371.0,494182.0,01
201700015514,17,9,13,2045,5,2,1,1.0,3.0,01320,M,4630069.0,487472.0,01
201700015515,17,10,4,750,1,2,1,1.0,1.0,01284,M,4638839.0,491490.0,01
201700015516,17,10,25,1755,1,1,1,1.0,3.0,01352,M,4638602.0,501096.0,01
201700015517,17,10,27,1930,3,2,1,1.0,6.0,01305,M,4643306.0,493696.0,01
201700015518,17,12,9,1320,1,1,3,1.0,2.0,01337,M,4644911.0,494783.0,01
201700015519,17,1,18,1045,1,2,1,1.0,6.0,01034,M,4575880.0,568976.0,01
201700015520,17,5,19,2045,2,1,1,1.0,1.0,01061,M,4571377.0,568624.0,01
201700015521,17,5,24,2000,1,2,1,1.0,3.0,01058,M,4564131.0,561672.0,01
201700015522,17,9,8,825,2,2,1,1.0,6.0,01034,M,4574203.0,567326.0,01
201700015523,17,9,17,705,1,1,1,1.0,7.0,01133,M,4577291.0,576008.0,01
201700015524,17,10,2,1040,1,1,1,2.0,7.0,01182,M,4571826.0,554126.0,01
201700015525,17,10,5,652,5,1,3,5.0,3.0,01098,M,4577770.0,568808.0,01
201700015526,17,10,7,1345,1,2,1,1.0,3.0,01034,M,4575904.0,569046.0,01
201700015527,17,10,15,1750,2,1,1,1.0,3.0,01310,M,4567621.0,564568.0,01
201700015528,17,11,18,515,5,2,1,1.0,6.0,01182,M,,,01
201700015529,17,11,17,1826,3,1,1,1.0,2.0,01454,M,4570869.0,572305.0,01
201700015530,17,11,22,2255,3,1,1,1.0,6.0,01034,M,4574796.0,570796.0,01
201700015531,17,12,16,1915,3,1,1,8.0,1.0,01239,M,4575993.0,573907.0,01
201700015532,17,1,9,1330,1,1,9,5.0,6.0,01036,M,4590771.0,563740.0,01
201700015533,17,1,25,815,1,1,1,1.0,2.0,01138,M,4583372.0,579160.0,01
201700015534,17,2,4,1930,3,2,1,1.0,6.0,01118,M,4598333.0,580092.0,01
201700015535,17,3,10,1455,1,1,3,1.0,5.0,01118,M,4594674.0,581935.0,01
201700015536,17,3,19,2140,5,2,1,1.0,6.0,01022,M,4587673.0,569249.0,01
201700015537,17,4,14,1815,1,2,1,7.0,6.0,01138,M,4584808.0,578079.0,01
201700015538,17,5,5,1535,1,1,1,1.0,7.0,01066,M,4586319.0,553765.0,01
201700015539,17,5,7,1524,1,1,1,1.0,5.0,01066,M,4586319.0,553765.0,01
201700015540,17,6,10,1130,1,1,1,1.0,7.0,01066,M,4584973.0,555308.0,01
201700015541,17,6,16,1745,1,1,1,1.0,7.0,01118,M,4594476.0,578867.0,01
201700015542,17,7,16,1745,1,2,1,1.0,6.0,01407,M,4595864.0,583232.0,01
201700015543,17,8,3,1245,1,1,3,1.0,3.0,01118,M,4594242.0,581429.0,01
201700015544,17,8,8,630,2,1,1,3.0,1.0,01133,M,4580122.0,577179.0,01
201700015545,17,9,10,430,3,1,1,2.0,6.0,01407,M,4594980.0,582740.0,01
201700015546,17,9,11,845,1,1,1,1.0,6.0,01133,M,4579436.0,577060.0,01
201700015547,17,2,10,2220,5,2,1,1.0,6.0,01265,M,4618147.0,557942.0,01
201700015548,17,3,4,1100,1,2,1,3.0,6.0,01269,M,4615193.0,560698.0,01
201700015549,17,3,8,840,1,1,1,1.0,7.0,01240,M,4625639.0,553924.0,01
201700015550,17,5,3,1650,1,2,3,1.0,1.0,01267,M,4618038.0,552039.0,01
201700015551,17,5,11,1630,1,1,1,3.0,3.0,01204,M,4616792.0,568673.0,01
201700015552,17,5,27,2120,2,2,1,1.0,6.0,01373,M,4613764.0,555225.0,01
201700015553,17,6,2,1336,1,2,1,1.0,1.0,01170,M,4619169.0,554325.0,01
201700015554,17,6,24,1315,1,1,1,1.0,7.0,01051,M,4621331.0,547461.0,01
201700015555,17,7,8,140,5,2,1,1.0,7.0,01265,M,4617876.0,558101.0,01
201700015556,17,7,22,900,1,2,2,1.0,3.0,01204,M,4615530.0,571924.0,01
201700015557,17,8,1,1900,1,1,1,1.0,5.0,01269,M,4616119.0,559955.0,01
201700015558,17,8,27,1047,1,1,3,1.0,1.0,01274,M,4615658.0,565270.0,01
201700015559,17,10,17,150,3,1,1,1.0,1.0,01204,M,4616763.0,571574.0,01
201700015560,17,2,6,745,2,1,1,2.0,1.0,01422,M,4613178.0,529007.0,01
201700015561,17,3,2,700,2,2,1,2.0,6.0,01273,M,4655652.0,523107.0,01
201700015562,17,3,29,2245,3,1,1,1.0,1.0,01374,M,4608927.0,531529.0,01
201700015563,17,3,31,1930,2,1,1,1.0,3.0,01314,M,4602408.0,528044.0,01
201700015564,17,5,20,2110,5,2,1,1.0,7.0,01197,M,4614731.0,533229.0,01
201700015565,17,5,25,1000,1,1,1,1.0,1.0,01068,M,4608385.0,547641.0,01
201700015566,17,5,30,1720,1,2,1,1.0,1.0,01363,M,4603266.0,536745.0,01
201700015567,17,6,3,1300,1,1,1,7.0,6.0,01304,M,4604714.0,531989.0,01
201700015568,17,6,17,1445,1,2,2,1.0,3.0,01304,M,4604902.0,533575.0,01
201700015569,17,6,30,1715,1,1,1,2.0,6.0,01069,M,4612780.0,524664.0,01
201700015570,17,7,13,1905,1,1,1,1.0,5.0,01145,M,4606481.0,521694.0,01
201700015571,17,7,25,1105,1,1,2,3.0,3.0,01363,M,4603861.0,535269.0,01
201700015572,17,8,17,1745,1,2,1,1.0,3.0,01304,M,4605691.0,533290.0,01
201700015573,17,9,21,1815,1,2,1,1.0,6.0,01304,M,4605514.0,535435.0,01
201700015574,17,10,16,1745,1,1,1,1.0,2.0,01007,M,4601319.0,533154.0,01
201700015575,17,10,22,500,3,2,1,8.0,6.0,01304,M,4605696.0,533268.0,01
201700015576,17,11,13,1910,5,2,1,1.0,1.0,01363,M,4602956.0,539137.0,01
201700015577,17,11,19,2205,3,1,1,8.0,6.0,01430,M,4604626.0,531202.0,01
201700015578,17,12,13,545,3,1,2,5.0,3.0,01363,M,4603877.0,535263.0,01
201700015579,17,12,21,655,5,2,1,1.0,6.0,01145,M,4606481.0,521694.0,01
201700015580,17,1,29,1800,2,1,3,1.0,3.0,01188,M,4618520.0,488096.0,01
201700015581,17,4,24,730,1,1,1,1.0,5.0,01252,M,4615374.0,481548.0,01
201700015582,17,5,21,825,1,2,2,1.0,3.0,01263,M,4607487.0,476996.0,01
201700015583,17,6,18,1905,1,1,1,1.0,3.0,01446,M,4603128.0,489697.0,01