Num_Acc,an,mois,jour,hrmn,lum,agg,int,atm,col,com,gps,lat,long,dep
201700015584,17,7,6,1515,1,2,6,1.0,3.0,01183,M,4610231.0,477321.0,01
201700015585,17,7,25,1730,1,2,1,1.0,6.0,01263,M,4607953.0,475899.0,01
201700015586,17,7,31,845,1,1,1,1.0,2.0,01263,M,4606791.0,477147.0,01
201700015587,17,8,19,1420,1,2,1,1.0,7.0,01351,M,4615254.0,484578.0,01
201700015588,17,9,17,2330,3,2,1,1.0,6.0,01165,M,4606379.0,480316.0,01
201700015589,17,9,19,2250,5,2,6,1.0,6.0,01263,M,4608776.0,475913.0,01
201700015590,17,11,7,1945,3,1,1,2.0,1.0,01348,M,4618476.0,483324.0,01
201700015591,17,2,9,440,3,1,1,9.0,7.0,15140,M,4495065.0,241633.0,15
201700015592,17,5,1,2030,3,1,1,2.0,1.0,15191,M,4505594.0,234642.0,15
201700015593,17,6,14,1430,1,1,1,2.0,1.0,15221,M,4488485.0,231248.0,15
201700015594,17,6,18,1645,1,1,1,1.0,5.0,15267,M,4493236.0,235799.0,15
201700015595,17,6,27,2130,3,1,1,3.0,7.0,15267,M,4489148.0,239238.0,15
201700015596,17,8,6,940,1,1,1,1.0,6.0,15228,M,4495843.0,213285.0,15
201700015597,17,8,7,1600,1,1,1,1.0,3.0,15233,M,4497267.0,234992.0,15
201700015598,17,9,8,1642,1,1,1,1.0,5.0,15094,M,4498265.0,221027.0,15
201700015599,17,9,29,2020,3,1,1,1.0,6.0,15072,M,4500219.0,235656.0,15
201700015600,17,10,1,1623,1,1,1,2.0,7.0,15088,M,4492211.0,227169.0,15
201700015601,17,10,19,1650,1,1,1,2.0,7.0,15175,M,4504853.0,242255.0,15
201700015602,17,4,20,855,1,2,7,1.0,6.0,15122,M,4471275.0,219872.0,15
201700015603,17,7,9,1430,1,1,1,1.0,1.0,15157,M,4477551.0,218913.0,15
201700015604,17,7,15,30,3,1,1,1.0,6.0,15150,M,4488847.0,222998.0,15
201700015605,17,7,20,1010,1,1,1,2.0,7.0,15163,M,4483139.0,237647.0,15
201700015606,17,8,10,2038,3,1,1,2.0,6.0,15184,M,4471016.0,222647.0,15
201700015607,17,10,11,1356,1,1,1,1.0,2.0,15157,M,4475907.0,218823.0,15
201700015608,17,11,6,1555,1,1,1,1.0,5.0,15196,M,4484822.0,230631.0,15
201700015609,17,2,1,730,2,1,1,1.0,6.0,15090,M,4478559.0,244677.0,15
201700015610,17,5,11,2145,3,1,1,2.0,7.0,15090,M,4478434.0,244457.0,15
201700015611,17,6,6,720,2,1,1,8.0,6.0,15090,M,4478154.0,245646.0,15
201700015612,17,8,10,1138,1,2,1,2.0,6.0,15134,M,4471257.0,250235.0,15
201700015613,17,11,19,200,5,2,1,1.0,6.0,15090,M,4478828.0,245950.0,15
201700015614,17,1,20,930,1,2,1,9.0,6.0,15255,M,4489436.0,251784.0,15
201700015615,17,4,20,1935,1,2,1,1.0,3.0,15258,M,4497369.0,261607.0,15
201700015616,17,5,26,1020,1,1,1,1.0,3.0,15154,M,4495217.0,257585.0,15
201700015617,17,6,21,1320,1,1,1,1.0,6.0,15154,M,4495562.0,258621.0,15
201700015618,17,7,1,1805,1,1,1,8.0,7.0,15236,M,4500776.0,262774.0,15
201700015619,17,7,2,1315,1,1,1,1.0,7.0,15236,M,4500776.0,262774.0,15
201700015620,17,7,22,2150,3,1,1,1.0,6.0,15258,M,4498947.0,263163.0,15
201700015621,17,9,18,752,1,1,1,8.0,1.0,15192,M,4507174.0,272237.0,15
201700015622,17,9,22,945,1,1,1,1.0,7.0,15236,M,4501963.0,266719.0,15
201700015623,17,9,24,1740,1,1,1,1.0,7.0,15085,M,4487209.0,253752.0,15
201700015624,17,10,10,1630,1,2,2,1.0,3.0,15258,M,4497894.0,262747.0,15
201700015625,17,10,10,1730,1,2,1,1.0,6.0,15154,M,4495217.0,257585.0,15
201700015626,17,12,22,605,3,1,1,5.0,6.0,15154,M,4495217.0,257585.0,15
201700015627,17,6,2,1905,1,1,1,1.0,7.0,15079,M,4526707.0,236196.0,15
201700015628,17,6,16,1805,1,1,9,1.0,3.0,15036,M,4525557.0,228757.0,15
201700015629,17,6,25,1230,1,1,1,7.0,6.0,15079,M,4525260.0,238347.0,15
201700015630,17,7,17,1105,1,1,1,1.0,6.0,15261,M,4523281.0,235606.0,15
201700015631,17,7,26,1120,1,2,9,1.0,3.0,15153,M,4513517.0,222528.0,15
201700015632,17,8,20,1915,1,1,1,1.0,1.0,15261,M,4521247.0,237455.0,15
201700015633,17,11,19,1410,1,1,1,1.0,6.0,15003,M,4516166.0,236200.0,15
201700015634,17,4,8,2100,3,1,1,1.0,6.0,15185,M,4534447.0,261944.0,15
201700015635,17,5,23,1615,1,1,1,1.0,1.0,15185,M,4532620.0,260118.0,15
201700015636,17,6,3,1425,1,1,1,2.0,7.0,15185,M,4532644.0,260060.0,15
201700015637,17,6,13,1440,1,1,1,1.0,6.0,15185,M,4533439.0,258532.0,15
201700015638,17,7,18,1200,1,1,1,1.0,6.0,15009,M,4525097.0,271761.0,15
201700015639,17,7,21,1700,1,1,1,1.0,1.0,15054,M,4534843.0,275942.0,15
201700015640,17,5,9,1620,1,1,1,1.0,7.0,15006,M,4522287.0,244398.0,15
201700015641,17,6,17,1100,1,1,1,1.0,3.0,15202,M,4510471.0,240226.0,15
201700015642,17,2,4,40,3,1,1,3.0,6.0,15250,M,4536643.0,251290.0,15
201700015643,17,3,31,1825,2,2,1,2.0,6.0,15111,M,4537424.0,246493.0,15
201700015644,17,5,19,1420,1,1,1,1.0,6.0,15265,M,4535168.0,247105.0,15
201700015645,17,5,28,130,3,1,1,1.0,6.0,15265,M,4534200.0,245344.0,15
201700015646,17,6,15,750,1,2,1,1.0,7.0,15037,M,4535339.0,243427.0,15
201700015647,17,6,26,1645,1,1,1,1.0,6.0,15240,M,4540121.0,267602.0,15
201700015648,17,7,3,1040,1,1,1,1.0,7.0,15019,M,4530493.0,240864.0,15
201700015649,17,7,12,1600,1,1,1,1.0,5.0,15037,M,4535330.0,241232.0,15
201700015650,17,8,3,850,1,1,1,1.0,6.0,15206,M,4538034.0,238910.0,15
201700015651,17,9,13,925,1,1,1,2.0,6.0,15019,M,4530128.0,240770.0,15
201700015652,17,10,10,1435,1,2,1,1.0,6.0,15265,M,4535071.0,243429.0,15
201700015653,17,11,2,958,1,1,9,1.0,6.0,15038,M,4542978.0,261818.0,15
201700015654,17,11,6,1715,2,2,3,2.0,3.0,15008,M,4535193.0,256187.0,15
201700015655,17,12,22,2015,3,1,1,1.0,1.0,15265,M,4535405.0,244086.0,15
201700015656,17,1,24,1500,1,1,1,1.0,7.0,15188,M,4503322.0,312201.0,15
201700015657,17,6,19,2000,1,2,1,7.0,7.0,15187,M,4503872.0,310536.0,15
201700015658,17,7,3,1955,1,1,2,1.0,3.0,15232,M,4502037.0,302194.0,15
201700015659,17,9,8,1430,1,2,1,1.0,6.0,15187,M,4503268.0,308812.0,15
201700015660,17,9,14,1345,1,1,1,1.0,3.0,15262,M,4499745.0,305526.0,15
201700015661,17,9,23,2215,3,1,1,1.0,7.0,15051,M,4498325.0,328319.0,15
201700015662,17,10,10,529,3,1,1,1.0,1.0,15164,M,4504874.0,301627.0,15
201700015663,17,12,14,1445,1,1,1,2.0,6.0,15034,M,4499243.0,323479.0,15
201700015664,17,3,28,1905,1,1,1,1.0,2.0,15045,M,4482493.0,298023.0,15
201700015665,17,5,14,800,1,1,1,1.0,6.0,15139,M,4492958.0,277750.0,15
201700015666,17,6,8,1720,1,1,2,1.0,3.0,15201,M,4494923.0,277817.0,15
201700015667,17,6,10,1410,1,1,1,1.0,1.0,15142,M,4494910.0,295782.0,15
201700015668,17,7,7,1615,1,1,1,1.0,6.0,15149,M,4487663.0,285278.0,15
201700015669,17,8,8,1130,1,1,1,1.0,7.0,15152,M,4490661.0,283404.0,15
201700015670,17,8,12,1615,1,2,1,1.0,6.0,15045,M,4485185.0,300314.0,15
201700015671,17,10,15,1720,1,2,1,1.0,6.0,15235,M,4500002.0,301067.0,15
201700015672,17,12,23,1645,1,1,1,1.0,6.0,15045,M,4487467.0,300064.0,15
201700015673,17,12,24,430,3,1,1,5.0,7.0,15142,M,4496427.0,297086.0,15
201700015674,17,3,12,1445,1,2,1,1.0,6.0,15119,M,4524526.0,319963.0,15
201700015675,17,5,3,1115,1,1,9,1.0,3.0,15141,M,4513339.0,297698.0,15
201700015676,17,6,23,920,1,1,1,1.0,7.0,15042,M,4518844.0,324370.0,15
201700015677,17,7,4,1745,1,1,1,1.0,6.0,15080,M,4516165.0,303033.0,15
201700015678,17,11,27,1505,1,1,1,1.0,3.0,15141,M,4513096.0,296628.0,15
201700015679,17,3,18,1715,1,1,1,1.0,6.0,15025,M,4505264.0,279421.0,15
201700015680,17,3,30,2015,2,1,1,1.0,6.0,15138,M,4511113.0,286141.0,15
201700015681,17,5,9,1810,1,1,1,1.0,7.0,15041,M,4509977.0,292533.0,15
201700015682,17,5,15,1110,1,2,2,1.0,3.0,15244,M,4506429.0,297744.0,15
201700015683,17,7,1,1900,2,1,1,2.0,7.0,15102,M,4512551.0,273212.0,15
201700015684,17,7,14,910,1,1,1,1.0,7.0,15138,M,4511113.0,286141.0,15
201700015685,17,7,18,1730,1,1,1,1.0,1.0,15213,M,4525538.0,282334.0,15
201700015686,17,8,8,845,1,1,1,2.0,1.0,15061,M,4515344.0,281399.0,15
201700015687,17,8,6,1445,1,1,1,1.0,7.0,15253,M,4521816.0,288221.0,15
201700015688,17,8,9,1420,1,1,1,1.0,2.0,15061,M,4514846.0,281316.0,15
201700015689,17,12,8,1935,5,1,1,1.0,1.0,15244,M,4508436.0,292681.0,15
201700015690,17,12,13,1820,3,1,1,2.0,4.0,15244,M,4508436.0,292681.0,15
201700015691,17,2,1,1500,1,1,1,1.0,3.0,03155,M,4676898.0,292599.0,03
201700015692,17,5,25,1330,1,2,1,1.0,6.0,03155,M,4672947.0,293730.0,03
201700015693,17,11,23,1630,1,1,2,1.0,3.0,03036,M,4658369.0,305187.0,03
201700015694,17,12,6,500,3,1,1,5.0,7.0,03087,M,4664409.0,288309.0,03
201700015695,17,2,14,1450,1,1,1,1.0,6.0,03019,M,4656708.0,361458.0,03
201700015696,17,2,23,2013,3,1,1,1.0,6.0,03120,M,4663067.0,367226.0,03
201700015697,17,3,16,1150,1,2,2,1.0,3.0,03057,M,4666932.0,352704.0,03
201700015698,17,3,18,2310,3,1,1,1.0,7.0,03180,M,4650843.0,346609.0,03
201700015699,17,5,13,500,3,1,1,1.0,6.0,03197,M,4644346.0,346088.0,03
201700015700,17,6,2,1655,1,1,2,1.0,3.0,03234,M,4637750.0,341277.0,03
201700015701,17,6,15,1110,1,1,2,1.0,3.0,03180,M,4650963.0,346390.0,03
201700015702,17,7,2,1550,1,1,1,2.0,7.0,03180,M,4653358.0,348473.0,03
201700015703,17,7,20,1030,1,1,1,1.0,4.0,03076,M,4662412.0,348058.0,03
201700015704,17,7,25,1100,1,2,4,1.0,1.0,03019,M,4660330.0,367975.0,03
201700015705,17,10,16,1015,1,1,1,7.0,1.0,03019,M,4657098.0,361128.0,03
201700015706,17,10,20,1920,3,1,1,1.0,3.0,03025,M,4644978.0,337105.0,03
201700015707,17,10,29,415,3,1,1,5.0,7.0,03180,M,4653667.0,349705.0,03
201700015708,17,1,3,1030,1,1,1,1.0,6.0,03073,M,4647661.0,332103.0,03
201700015709,17,3,24,1445,1,1,1,8.0,7.0,03069,M,4644858.0,311632.0,03
201700015710,17,3,30,1350,1,1,1,1.0,3.0,03026,M,4650795.0,326464.0,03
201700015711,17,4,8,925,1,1,2,1.0,3.0,03292,M,4638807.0,310364.0,03
201700015712,17,5,21,600,2,1,1,1.0,7.0,03247,M,4658332.0,317198.0,03
201700015713,17,6,3,120,4,2,1,1.0,6.0,03073,M,4648791.0,331555.0,03
201700015714,17,6,3,2355,3,1,1,2.0,6.0,03092,M,4645588.0,316696.0,03
201700015715,17,6,14,1800,1,1,1,1.0,3.0,03247,M,4658331.0,317450.0,03
201700015716,17,6,24,2106,1,1,9,1.0,3.0,03260,M,4640373.0,301814.0,03
201700015717,17,8,25,1800,1,1,1,7.0,7.0,03292,M,4643977.0,309639.0,03
201700015718,17,11,25,1220,1,1,1,1.0,7.0,03275,M,4650940.0,315811.0,03
201700015719,17,11,29,1130,1,1,1,1.0,6.0,03183,M,4640586.0,305275.0,03
201700015720,17,2,16,1805,1,1,2,7.0,3.0,03246,M,4632990.0,244542.0,03
201700015721,17,5,21,1910,1,2,3,7.0,3.0,03195,M,4628937.0,265161.0,03
201700015722,17,6,19,1300,1,1,1,1.0,7.0,03055,M,4644081.0,247897.0,03
201700015723,17,8,4,1315,1,1,1,1.0,2.0,03195,M,4629004.0,268792.0,03
201700015724,17,8,22,1330,1,2,3,1.0,3.0,03195,M,4628443.0,266757.0,03
201700015725,17,8,25,430,3,1,1,1.0,6.0,03217,M,4634786.0,267796.0,03
201700015726,17,1,8,1045,1,1,1,2.0,7.0,03130,M,4665145.0,275207.0,03
201700015727,17,2,20,215,3,2,1,1.0,6.0,03084,M,4663188.0,364930.0,03
201700015728,17,2,24,2330,3,1,1,1.0,7.0,03084,M,4647396.0,282686.0,03
201700015729,17,4,11,630,2,2,3,1.0,3.0,03084,M,4647257.0,283325.0,03
201700015730,17,4,23,700,2,1,1,1.0,6.0,03297,M,4652658.0,258472.0,03
201700015731,17,5,12,645,1,1,1,1.0,7.0,03297,M,4654661.0,261829.0,03
201700015732,17,8,3,1415,1,1,1,1.0,2.0,03048,M,4662258.0,280821.0,03
201700015733,17,8,15,2030,2,2,9,8.0,6.0,03003,M,4671359.0,268841.0,03
201700015734,17,8,26,1735,1,1,9,1.0,7.0,03048,M,4662258.0,280821.0,03
201700015735,17,10,22,1845,2,1,1,2.0,6.0,03318,M,4660471.0,265958.0,03
201700015736,17,2,28,1840,2,1,1,8.0,1.0,03007,M,4623190.0,266578.0,03
201700015737,17,4,10,1419,1,2,1,1.0,3.0,03082,M,4629339.0,274009.0,03
201700015738,17,8,18,1740,1,1,1,1.0,1.0,03106,M,4623764.0,267289.0,03
201700015739,17,9,3,1715,1,1,1,1.0,7.0,03007,M,4623051.0,266438.0,03
201700015740,17,11,21,1520,1,2,1,1.0,6.0,03082,M,4628480.0,275497.0,03
201700015741,17,11,20,650,2,1,6,5.0,7.0,03052,M,4633266.0,271216.0,03
201700015742,17,12,3,1750,3,1,3,4.0,3.0,03007,M,4623367.0,269258.0,03
201700015743,17,1,22,1300,1,1,1,1.0,7.0,03232,M,4622257.0,345781.0,03
201700015744,17,2,3,2350,3,1,1,1.0,6.0,03157,M,4622132.0,351646.0,03
201700015745,17,3,22,1511,1,1,1,1.0,3.0,03236,M,4619239.0,342903.0,03
201700015746,17,4,3,1950,1,1,1,1.0,7.0,03080,M,4610730.0,329697.0,03
201700015747,17,4,9,1430,1,1,1,7.0,7.0,03029,M,4623188.0,344008.0,03
201700015748,17,4,9,1715,1,1,1,7.0,3.0,03126,M,4607734.0,343898.0,03
201700015749,17,4,16,1535,1,2,4,1.0,6.0,03045,M,4606113.0,351364.0,03
201700015750,17,5,24,1230,1,2,1,7.0,4.0,03060,M,4616323.0,339346.0,03
201700015751,17,6,13,2100,1,1,1,1.0,7.0,03157,M,4620986.0,350916.0,03
201700015752,17,8,7,1855,1,1,1,2.0,1.0,03271,M,4609096.0,333224.0,03
201700015753,17,9,30,315,3,2,1,1.0,6.0,03157,M,4621821.0,350976.0,03
201700015754,17,10,5,1300,1,2,1,1.0,5.0,03093,M,4618052.0,345405.0,03
201700015755,17,10,12,1730,1,2,3,7.0,1.0,03258,M,4618855.0,337458.0,03
201700015756,17,10,15,1425,1,2,1,1.0,3.0,03126,M,4607769.0,344130.0,03
201700015757,17,11,3,2355,3,2,1,1.0,2.0,03093,M,4616313.0,345995.0,03
201700015758,17,11,5,1500,1,2,1,1.0,6.0,03264,M,4606976.0,346401.0,03
201700015759,17,1,8,700,3,1,1,5.0,6.0,03118,M,4611077.0,312983.0,03
201700015760,17,4,20,1405,1,2,9,1.0,2.0,03118,M,4608577.0,319990.0,03
201700015761,17,5,1,1920,1,1,1,1.0,6.0,03109,M,4612819.0,326431.0,03
201700015762,17,5,8,1120,1,1,1,2.0,2.0,03109,M,4613999.0,325664.0,03
201700015763,17,5,17,1715,1,2,1,1.0,2.0,03118,M,4609973.0,321235.0,03
201700015764,17,8,15,1410,1,1,2,1.0,3.0,03080,M,4610786.0,330021.0,03
201700015765,17,8,19,735,1,1,1,1.0,1.0,03268,M,4613871.0,321387.0,03
201700015766,17,10,5,1745,1,1,2,1.0,3.0,03182,M,4610346.0,326060.0,03
201700015767,17,10,14,2205,5,2,1,1.0,7.0,03118,M,4610019.0,321489.0,03
201700015768,17,10,19,730,2,2,1,1.0,6.0,03118,M,4609941.0,319593.0,03
201700015769,17,11,8,1125,1,1,1,2.0,1.0,03311,M,4614931.0,309029.0,03
201700015770,17,11,29,1705,3,1,1,9.0,7.0,03220,M,4615053.0,314067.0,03
201700015771,17,12,12,1450,1,1,1,1.0,6.0,03078,M,4612191.0,297084.0,03
201700015772,17,2,18,1520,1,2,1,1.0,7.0,03014,M,4633628.0,398351.0,03
201700015773,17,3,14,1725,1,1,1,1.0,6.0,03105,M,4621668.0,372762.0,03
201700015774,17,3,17,1155,1,1,1,1.0,1.0,03257,M,4625062.0,365342.0,03
201700015775,17,3,22,1030,1,1,6,1.0,3.0,03138,M,4624725.0,361682.0,03
201700015776,17,4,22,1630,1,1,1,1.0,7.0,03223,M,4615993.0,356111.0,03
201700015777,17,5,25,1215,1,1,1,1.0,6.0,03291,M,4633331.0,358074.0,03
201700015778,17,6,1,1415,1,1,3,1.0,1.0,03230,M,4614914.0,352319.0,03
201700015779,17,6,20,2010,2,1,1,1.0,7.0,03138,M,4627268.0,364550.0,03
201700015780,17,7,10,650,1,1,1,8.0,6.0,03105,M,4621701.0,370533.0,03
201700015781,17,7,30,1500,1,1,1,1.0,7.0,03274,M,4636662.0,363489.0,03
201700015782,17,8,5,1605,1,2,1,1.0,1.0,03181,M,4635431.0,369154.0,03
201700015783,17,8,10,1810,1,1,1,2.0,1.0,03063,M,4642911.0,397408.0,03
201700015784,17,8,14,1630,1,1,1,1.0,7.0,03138,M,4629740.0,365009.0,03
201700015785,17,9,23,1530,1,2,7,1.0,6.0,03138,M,4624992.0,363971.0,03
201700015786,17,10,7,1535,1,1,2,1.0,3.0,03230,M,4619364.0,353187.0,03
201700015787,17,12,5,1157,1,1,1,1.0,3.0,03138,M,4627268.0,364550.0,03
201700015788,17,1,3,1345,1,1,1,8.0,6.0,03059,M,4627746.0,322953.0,03
201700015789,17,1,17,1445,1,1,1,1.0,3.0,03267,M,4634037.0,328652.0,03
201700015790,17,1,23,2010,3,1,1,1.0,7.0,03115,M,4630610.0,314894.0,03
201700015791,17,2,19,1450,1,2,1,1.0,6.0,03018,M,4624324.0,327228.0,03
201700015792,17,3,2,2245,3,1,2,1.0,3.0,03319,M,4632293.0,308589.0,03
201700015793,17,3,9,1845,2,2,1,1.0,4.0,03254,M,4630930.0,328940.0,03
201700015794,17,4,22,1500,1,1,3,1.0,3.0,03204,M,4632033.0,335821.0,03
201700015795,17,7,14,1530,1,1,1,1.0,7.0,03049,M,4631086.0,319948.0,03
201700015796,17,7,24,1210,1,1,1,1.0,7.0,03059,M,4627178.0,321808.0,03
201700015797,17,8,8,1445,1,1,1,1.0,3.0,03254,M,4628440.0,332361.0,03
201700015798,17,9,14,1135,1,1,3,1.0,3.0,03115,M,4626271.0,320168.0,03
201700015799,17,9,25,1500,1,2,1,1.0,6.0,03254,M,4630938.0,328733.0,03
201700015800,17,11,1,1715,1,1,1,1.0,6.0,03075,M,4621597.0,312074.0,03
201700015801,17,1,4,1855,3,1,1,1.0,1.0,84050,M,4389768.0,519027.0,84
201700015802,17,1,9,2215,3,1,1,2.0,7.0,84102,M,4390136.0,529210.0,84
201700015803,17,2,18,1110,1,1,3,1.0,1.0,84050,M,4388877.0,522537.0,84
201700015804,17,3,10,1535,1,1,1,1.0,2.0,84020,M,4382324.0,531653.0,84
201700015805,17,3,26,1115,1,1,1,1.0,1.0,84020,M,4382046.0,534834.0,84
201700015806,17,4,16,1,3,1,1,1.0,6.0,84051,M,4385780.0,524165.0,84
201700015807,17,7,16,1550,1,1,1,1.0,1.0,84085,M,4397331.0,523924.0,84
201700015808,17,8,6,2030,1,1,1,1.0,6.0,84050,M,4392305.0,520397.0,84
201700015809,17,9,2,1630,1,2,1,1.0,3.0,84050,M,4390840.0,519815.0,84
201700015810,17,10,1,1700,1,1,1,1.0,2.0,84020,M,4382324.0,531653.0,84
201700015811,17,1,15,1730,2,1,1,1.0,7.0,84089,M,4368946.0,547185.0,84
201700015812,17,1,19,1935,5,2,1,1.0,6.0,84089,M,4368644.0,550220.0,84
201700015813,17,3,3,1845,4,1,1,1.0,3.0,84010,M,4370016.0,557287.0,84
201700015814,17,3,24,1630,1,1,2,8.0,2.0,84133,M,4371549.0,553113.0,84
201700015815,17,4,12,1915,1,2,9,7.0,6.0,84089,M,4369534.0,550069.0,84
201700015816,17,4,26,1755,2,1,1,2.0,1.0,84014,M,4371810.0,571987.0,84
201700015817,17,4,30,200,3,1,1,1.0,6.0,84151,M,4378997.0,560578.0,84
201700015818,17,5,24,1215,1,2,9,1.0,5.0,84089,M,4369746.0,551634.0,84
201700015819,17,5,31,1205,1,2,1,1.0,1.0,84089,M,4368331.0,553510.0,84
201700015820,17,6,26,1925,1,1,1,1.0,6.0,84090,M,4378167.0,555960.0,84
201700015821,17,8,4,1025,1,2,1,1.0,6.0,84133,M,4373342.0,555485.0,84
201700015822,17,8,11,945,1,2,2,1.0,6.0,84089,M,4368930.0,549974.0,84
201700015823,17,12,11,1745,2,2,1,2.0,6.0,84089,M,4368331.0,553510.0,84
201700015824,17,12,16,1745,3,1,1,1.0,3.0,84089,M,4369174.0,549932.0,84
201700015825,17,12,20,2035,5,2,1,1.0,6.0,84133,M,4372233.0,554422.0,84
201700015826,17,12,21,1430,1,1,1,7.0,1.0,84151,M,4380814.0,559230.0,84
201700015827,17,1,1,1145,1,1,1,1.0,3.0,84123,M,,,84
201700015828,17,3,11,940,1,1,1,1.0,6.0,84082,M,4408637.0,517849.0,84
201700015829,17,4,11,1200,1,1,1,1.0,7.0,84017,M,4414323.0,528063.0,84
201700015830,17,4,23,530,2,1,1,1.0,6.0,84017,M,4412468.0,525356.0,84
201700015831,17,5,21,1830,1,1,3,1.0,3.0,84041,M,4410359.0,515044.0,84
201700015832,17,6,8,1400,1,1,1,1.0,7.0,84017,M,4412250.0,524976.0,84
201700015833,17,6,13,1100,1,1,1,1.0,6.0,84148,M,4406838.0,530680.0,84
201700015834,17,6,22,1315,1,1,1,1.0,7.0,84017,M,4416154.0,530063.0,84
201700015835,17,6,30,1840,1,1,1,1.0,6.0,84017,M,4412008.0,520943.0,84
201700015836,17,8,2,1920,1,1,1,1.0,1.0,84017,M,4412894.0,528568.0,84
201700015837,17,8,25,1835,1,1,1,1.0,1.0,84123,M,4408769.0,541618.0,84
201700015838,17,8,26,1555,1,1,1,1.0,3.0,84041,M,4410472.0,515327.0,84
201700015839,17,8,26,1745,1,2,1,1.0,1.0,84072,M,4405453.0,512160.0,84
201700015840,17,9,2,1440,1,1,1,1.0,7.0,84017,M,4412852.0,528408.0,84
201700015841,17,9,26,45,3,1,1,2.0,1.0,84041,M,4410343.0,514866.0,84
201700015842,17,9,17,1814,1,1,1,1.0,6.0,84017,M,4412491.0,526668.0,84
201700015843,17,10,15,800,2,1,1,5.0,2.0,84123,M,4409001.0,536862.0,84
201700015844,17,10,22,1900,3,1,1,1.0,6.0,84148,M,4407107.0,528244.0,84
201700015845,17,12,8,1730,2,1,1,1.0,1.0,84030,M,4408736.0,509404.0,84
201700015846,17,1,26,800,1,1,3,1.0,3.0,02787,M,4964051.0,368367.0,02
201700015847,17,8,28,1210,1,2,1,1.0,1.0,02468,M,4974063.0,376787.0,02
201700015848,17,9,7,145,3,2,1,1.0,6.0,02638,M,4968041.0,352031.0,02
201700015849,17,10,6,1740,1,2,8,1.0,6.0,02497,M,4954375.0,357655.0,02
201700015850,17,1,17,1815,5,2,1,1.0,1.0,02173,M,4961507.0,322040.0,02
201700015851,17,3,14,1630,1,2,1,1.0,6.0,02041,M,4959529.0,323092.0,02
201700015852,17,5,4,1400,1,2,3,1.0,1.0,02566,M,4960730.0,318918.0,02
201700015853,17,7,4,2105,2,1,6,1.0,3.0,02820,M,,,02
201700015854,17,9,11,740,1,2,1,1.0,7.0,02173,M,4961468.0,321608.0,02
201700015855,17,10,23,1315,1,2,3,2.0,3.0,02746,M,4968705.0,335790.0,02
201700015856,17,11,1,1840,3,1,1,1.0,1.0,02336,M,4967701.0,325685.0,02
201700015857,17,2,1,1820,3,1,1,2.0,1.0,02750,M,4953181.0,323482.0,02
201700015858,17,6,20,1215,1,1,1,1.0,1.0,02140,M,4952337.0,314333.0,02
201700015859,17,8,12,1935,1,1,1,1.0,6.0,02602,M,4948197.0,346098.0,02
201700015860,17,8,29,1410,1,1,1,1.0,1.0,02602,M,,,02
201700015861,17,9,6,1735,1,2,1,1.0,1.0,02159,M,4954769.0,324949.0,02
201700015862,17,10,7,1955,3,1,1,2.0,1.0,02602,M,4948696.0,343525.0,02
201700015863,17,1,31,630,3,1,1,5.0,5.0,02215,M,4944603.0,384483.0,02
201700015864,17,2,17,630,3,1,1,1.0,5.0,02215,M,4947065.0,381380.0,02
201700015865,17,5,31,1256,1,1,3,1.0,1.0,02150,M,4945921.0,366777.0,02
201700015866,17,6,7,2225,3,2,1,1.0,6.0,02211,M,4942555.0,395889.0,02
201700015867,17,6,11,1145,1,1,1,1.0,2.0,02656,M,4938204.0,383926.0,02
201700015868,17,8,8,222,3,2,1,1.0,6.0,02215,M,,,02
201700015869,17,8,29,1750,1,2,2,1.0,3.0,02360,M,4943644.0,396562.0,02
201700015870,17,10,18,2150,4,2,1,1.0,1.0,02073,M,4939636.0,390301.0,02
201700015871,17,1,25,1645,1,2,1,8.0,6.0,02389,M,4908379.0,352916.0,02
201700015872,17,2,13,1840,5,2,1,1.0,1.0,02085,M,,,02
201700015873,17,4,25,1110,1,2,1,1.0,6.0,02290,M,4902964.0,337491.0,02
201700015874,17,6,11,1930,1,1,1,7.0,7.0,02328,M,4904521.0,348122.0,02
201700015875,17,6,23,800,1,1,1,1.0,6.0,02524,M,4906636.0,348070.0,02
201700015876,17,7,6,1245,1,2,1,1.0,1.0,02187,M,4903962.0,341774.0,02
201700015877,17,7,30,155,3,1,4,1.0,6.0,02094,M,4902576.0,346825.0,02
201700015878,17,8,14,1535,1,2,3,1.0,6.0,02645,M,4905864.0,355994.0,02
201700015879,17,9,5,737,1,1,2,1.0,3.0,02085,M,4910420.0,339843.0,02
201700015880,17,10,7,1930,3,2,1,2.0,1.0,02228,M,4907300.0,354938.0,02
201700015881,17,10,14,1830,1,1,1,7.0,3.0,02228,M,4907300.0,354938.0,02
201700015882,17,1,3,830,1,1,1,5.0,3.0,02083,M,,,02
201700015883,17,4,8,1925,1,1,1,1.0,6.0,02524,M,4909840.0,351226.0,02
201700015884,17,5,10,1822,1,1,4,1.0,3.0,02090,M,4922629.0,329400.0,02
201700015885,17,7,3,1155,1,1,4,1.0,3.0,02579,M,4921016.0,335745.0,02
201700015886,17,7,19,1720,1,1,2,1.0,4.0,02121,M,4917919.0,336612.0,02