Num_Acc,an,mois,jour,hrmn,lum,agg,int,atm,col,com,gps,lat,long,dep
201700015887,17,10,6,844,1,1,2,1.0,1.0,02241,M,4917910.0,336618.0,02
201700015888,17,12,13,950,1,2,1,3.0,6.0,02538,M,4919234.0,341335.0,02
201700015889,17,12,28,2203,3,1,1,9.0,1.0,02127,M,4918699.0,345853.0,02
201700015890,17,2,28,1030,1,1,1,8.0,2.0,02359,M,4980749.0,328654.0,02
201700015891,17,3,6,2100,3,1,1,2.0,2.0,02359,M,4980589.0,328623.0,02
201700015892,17,3,10,1430,1,1,1,1.0,6.0,02359,M,4980589.0,328623.0,02
201700015893,17,5,19,1740,1,2,1,1.0,1.0,02199,M,4974622.0,323592.0,02
201700015894,17,6,2,1650,1,1,2,1.0,1.0,02571,M,4987930.0,330348.0,02
201700015895,17,7,31,1515,1,1,1,1.0,6.0,02815,M,4977088.0,309829.0,02
201700015896,17,11,21,1325,1,1,1,1.0,5.0,02383,M,4984588.0,338022.0,02
201700015897,17,12,3,330,3,1,1,1.0,6.0,02359,M,4981189.0,328794.0,02
201700015898,17,2,19,1500,1,2,1,1.0,1.0,02057,M,4999640.0,329855.0,02
201700015899,17,5,3,2005,1,2,4,1.0,3.0,02095,M,4998548.0,345770.0,02
201700015900,17,7,3,1730,1,2,1,1.0,2.0,02095,M,4998972.0,344784.0,02
201700015901,17,7,6,2145,1,2,3,1.0,3.0,02095,M,4998411.0,345159.0,02
201700015902,17,7,10,1700,1,1,1,2.0,1.0,02323,M,4992559.0,336834.0,02
201700015903,17,7,30,815,1,1,1,1.0,2.0,02095,M,5000970.0,349450.0,02
201700015904,17,8,28,2323,5,2,1,1.0,6.0,02057,M,4999595.0,330883.0,02
201700015905,17,10,30,830,2,1,2,7.0,3.0,02539,M,4994931.0,325713.0,02
201700015906,17,10,31,1820,5,2,1,1.0,6.0,02095,M,4998525.0,345638.0,02
201700015907,17,3,17,1840,1,2,1,1.0,3.0,02313,M,4989755.0,367032.0,02
201700015908,17,4,22,1940,1,2,1,1.0,2.0,02361,M,4990093.0,362109.0,02
201700015909,17,6,23,2000,1,1,3,1.0,3.0,02569,M,5002260.0,367430.0,02
201700015910,17,6,26,1620,1,2,1,1.0,3.0,02422,M,4991890.0,362737.0,02
201700015911,17,11,19,1730,2,1,1,8.0,2.0,02455,M,4993593.0,373137.0,02
201700015912,17,11,26,1900,3,1,1,1.0,3.0,02422,M,4991798.0,362740.0,02
201700015913,17,12,5,2140,3,1,1,5.0,6.0,02757,M,4991728.0,356261.0,02
201700015914,17,4,6,530,3,1,1,1.0,5.0,02639,M,4971139.0,327630.0,02
201700015915,17,4,14,1330,1,1,1,1.0,7.0,02592,M,,,02
201700015916,17,5,6,1400,1,1,1,2.0,3.0,02123,M,4971581.0,337376.0,02
201700015917,17,6,13,2130,1,1,1,1.0,1.0,02636,M,4983657.0,342051.0,02
201700015918,17,11,22,745,2,1,1,1.0,5.0,02756,M,4978571.0,332707.0,02
201700015919,17,3,21,1430,1,1,3,8.0,3.0,02643,M,,,02
201700015920,17,4,28,1745,1,2,1,1.0,3.0,02610,M,4938120.0,328167.0,02
201700015921,17,6,14,1135,1,1,1,1.0,6.0,02011,M,4938473.0,319642.0,02
201700015922,17,6,23,2215,1,1,1,1.0,3.0,02598,M,4938706.0,324011.0,02
201700015923,17,7,27,930,1,1,1,1.0,6.0,02663,M,4933786.0,338911.0,02
201700015924,17,8,22,850,1,1,2,1.0,3.0,02770,M,4935297.0,328055.0,02
201700015925,17,10,6,645,2,1,3,9.0,1.0,02793,M,4946634.0,322272.0,02
201700015926,17,3,19,825,1,1,2,8.0,3.0,02589,M,4945037.0,353983.0,02
201700015927,17,3,20,1530,1,1,1,1.0,5.0,02003,M,,,02
201700015928,17,3,27,530,3,1,1,1.0,1.0,02054,M,,,02
201700015929,17,5,1,1900,1,1,2,1.0,6.0,02003,M,,,02
201700015930,17,5,17,2005,1,1,1,1.0,3.0,02174,M,,,02
201700015931,17,5,31,1830,1,2,3,1.0,1.0,02110,M,4933905.0,352699.0,02
201700015932,17,6,10,2200,3,1,1,1.0,4.0,02811,M,,,02
201700015933,17,6,12,815,1,1,6,1.0,7.0,02110,M,4932819.0,354902.0,02
201700015934,17,6,25,225,3,2,1,1.0,7.0,02110,M,4934302.0,354383.0,02
201700015935,17,8,3,340,3,1,1,1.0,7.0,02174,M,4946736.0,351786.0,02
201700015936,17,10,27,1727,1,2,1,1.0,1.0,02620,M,4938780.0,350765.0,02
201700015937,17,11,1,1650,1,1,1,1.0,6.0,02167,M,4937968.0,351236.0,02
201700015938,17,11,3,1010,1,1,1,1.0,2.0,02432,M,4933171.0,355463.0,02
201700015939,17,11,27,1145,1,1,1,1.0,6.0,02255,M,4939683.0,357091.0,02
201700015940,17,1,14,1215,1,2,1,4.0,6.0,02810,M,4924997.0,308562.0,02
201700015941,17,1,14,1633,1,1,1,1.0,7.0,02749,M,4919471.0,317632.0,02
201700015942,17,3,11,1920,2,2,3,1.0,3.0,02543,M,4916808.0,325986.0,02
201700015943,17,4,2,1540,1,1,1,1.0,1.0,02810,M,,,02
201700015944,17,4,26,1820,1,2,1,1.0,6.0,02822,M,4929942.0,310312.0,02
201700015945,17,5,6,1200,1,2,2,1.0,6.0,02810,M,4925052.0,308439.0,02
201700015946,17,6,13,1540,1,2,3,1.0,1.0,02810,M,4924685.0,308737.0,02
201700015947,17,6,18,1810,1,2,1,1.0,3.0,02307,M,4917564.0,313917.0,02
201700015948,17,9,6,1550,1,1,1,1.0,2.0,02441,M,,,02
201700015949,17,9,12,815,1,1,1,8.0,1.0,02810,M,4928227.0,311431.0,02
201700015950,17,10,3,1420,1,1,2,1.0,5.0,02594,M,4916214.0,318109.0,02
201700015951,17,10,7,1950,3,1,1,1.0,2.0,02232,M,4923535.0,305120.0,02
201700015952,17,11,4,1250,1,1,1,2.0,6.0,02644,M,4932382.0,300869.0,02
201700015953,17,11,15,1925,3,1,1,1.0,6.0,02506,M,4929222.0,317532.0,02
201700015954,17,11,25,1230,1,1,1,4.0,1.0,02810,M,4926650.0,311528.0,02
201700015955,17,12,23,1915,5,2,1,2.0,6.0,02307,M,4917573.0,312612.0,02
201700015956,17,12,31,20,3,1,1,1.0,6.0,02810,M,4927209.0,314443.0,02
201700015957,17,3,6,1045,1,2,1,1.0,6.0,02666,M,4970872.0,412515.0,02
201700015958,17,3,14,745,1,2,1,5.0,1.0,02264,M,4963077.0,402195.0,02
201700015959,17,4,14,1600,1,2,1,1.0,2.0,02160,M,,,02
201700015960,17,8,2,2330,4,2,1,1.0,6.0,02642,M,4974603.0,421805.0,02
201700015961,17,9,1,930,1,2,1,1.0,6.0,02666,M,4970944.0,412493.0,02
201700015962,17,9,30,545,3,1,9,3.0,3.0,02321,M,4984674.0,391950.0,02
201700015963,17,11,7,2325,3,1,1,1.0,6.0,02819,M,4971359.0,404507.0,02
201700015964,17,11,20,1710,5,2,1,2.0,6.0,02789,M,4983938.0,391557.0,02
201700015965,17,1,14,1815,3,1,1,4.0,7.0,02558,M,5002155.0,375703.0,02
201700015966,17,2,18,1900,3,1,1,5.0,6.0,02135,M,4996034.0,382275.0,02
201700015967,17,4,10,1700,1,2,1,1.0,1.0,02650,M,,,02
201700015968,17,5,23,1800,1,1,1,1.0,1.0,02135,M,4995520.0,380385.0,02
201700015969,17,6,3,815,1,2,1,1.0,3.0,02244,M,4992562.0,375698.0,02
201700015970,17,6,14,910,1,2,1,7.0,2.0,02135,M,4996516.0,384077.0,02
201700015971,17,7,21,1415,1,2,2,1.0,3.0,02141,M,,,02
201700015972,17,8,3,1930,1,2,1,1.0,2.0,02342,M,4993068.0,392974.0,02
201700015973,17,10,1,1150,1,1,1,1.0,3.0,02141,M,4997336.0,391869.0,02
201700015974,17,12,17,1930,3,1,1,2.0,7.0,02548,M,4999240.0,372157.0,02
201700015975,17,12,29,205,3,1,1,9.0,4.0,02197,M,4996376.0,398595.0,02
201700015976,17,1,29,2100,3,1,1,1.0,7.0,13036,M,4385833.0,484209.0,13
201700015977,17,2,19,1340,1,1,1,1.0,1.0,13045,M,,,13
201700015978,17,2,23,910,1,1,1,1.0,3.0,13045,M,4384893.0,475947.0,13
201700015979,17,5,28,1800,1,1,2,1.0,3.0,13083,M,4389242.0,479740.0,13
201700015980,17,6,13,2130,3,1,1,1.0,7.0,13036,M,4383503.0,483663.0,13
201700015981,17,7,21,1730,1,1,6,1.0,2.0,13045,M,4384693.0,475218.0,13
201700015982,17,8,9,1200,1,1,1,1.0,3.0,13010,M,4391265.0,475639.0,13
201700015983,17,9,10,630,3,1,1,1.0,6.0,13010,M,4389471.0,474956.0,13
201700015984,17,9,17,1225,1,1,1,1.0,2.0,13036,M,4384106.0,484929.0,13
201700015985,17,10,10,820,1,1,1,1.0,1.0,13036,M,4385491.0,484066.0,13
201700015986,17,10,19,1752,1,2,2,1.0,2.0,13036,M,4384379.0,483932.0,13
201700015987,17,11,5,125,3,1,1,3.0,7.0,13010,M,4389471.0,474956.0,13
201700015988,17,12,27,1740,3,1,1,1.0,5.0,13045,M,4384893.0,475947.0,13
201700015989,17,1,10,1630,1,1,1,4.0,1.0,38304,M,4494695.0,577958.0,38
201700015990,17,1,16,900,1,1,1,1.0,7.0,38254,M,4498841.0,569872.0,38
201700015991,17,3,10,1850,2,2,1,1.0,7.0,38266,M,4496383.0,572167.0,38
201700015992,17,4,9,1525,1,1,1,1.0,6.0,38265,M,4496465.0,572971.0,38
201700015993,17,4,28,525,4,1,1,4.0,7.0,38304,M,4494837.0,575810.0,38
201700015994,17,4,28,2120,3,1,1,1.0,1.0,38499,M,4493714.0,576973.0,38
201700015995,17,5,3,930,1,1,3,1.0,1.0,38497,M,4491395.0,579979.0,38
201700015996,17,5,21,1530,1,1,1,1.0,7.0,38518,M,4489747.0,592482.0,38
201700015997,17,6,6,1045,1,1,1,3.0,6.0,38073,M,4499941.0,597016.0,38
201700015998,17,7,28,145,3,1,1,1.0,7.0,38106,M,4499858.0,577412.0,38
201700015999,17,9,2,1240,1,1,1,8.0,7.0,38470,M,4485712.0,585735.0,38
201700016000,17,11,6,745,1,2,1,4.0,6.0,38254,M,4496592.0,570071.0,38
201700016001,17,1,12,2120,3,1,2,2.0,3.0,38089,M,4550132.0,549819.0,38
201700016002,17,1,16,2000,3,1,1,6.0,1.0,38042,M,4536924.0,540928.0,38
201700016003,17,5,16,845,1,1,2,1.0,3.0,38520,M,4549735.0,552786.0,38
201700016004,17,6,9,1830,1,2,1,1.0,7.0,38082,M,4542689.0,551621.0,38
201700016005,17,7,6,1830,1,2,1,1.0,2.0,38305,M,4545267.0,552292.0,38
201700016006,17,7,16,735,1,2,1,1.0,7.0,38296,M,4551821.0,551827.0,38
201700016007,17,7,18,2328,5,2,3,1.0,1.0,38182,M,4539708.0,541996.0,38
201700016008,17,7,20,500,2,2,1,8.0,6.0,38560,M,4548474.0,547525.0,38
201700016009,17,8,6,1825,1,1,1,1.0,7.0,38065,M,4544063.0,542845.0,38
201700016010,17,9,11,1350,1,1,1,1.0,3.0,38182,M,4538064.0,542525.0,38
201700016011,17,10,15,1715,1,1,1,1.0,7.0,38560,M,4547865.0,550141.0,38
201700016012,17,11,9,2200,3,1,1,1.0,1.0,38013,M,4538411.0,549740.0,38
201700016013,17,11,24,45,3,1,1,1.0,6.0,38287,M,4541877.0,545499.0,38
201700016014,17,11,25,1140,1,1,1,2.0,1.0,38287,M,4541795.0,545689.0,38
201700016015,17,3,6,1120,1,1,1,8.0,1.0,38165,M,4555742.0,556906.0,38
201700016016,17,4,21,2100,5,2,6,1.0,1.0,38315,M,4553961.0,566849.0,38
201700016017,17,5,29,1650,1,1,1,1.0,1.0,38323,M,4553407.0,563660.0,38
201700016018,17,6,24,1830,1,1,1,1.0,1.0,38354,M,4550064.0,570972.0,38
201700016019,17,7,2,115,3,1,1,2.0,6.0,38357,M,4554743.0,553210.0,38
201700016020,17,10,18,816,1,1,1,1.0,7.0,38256,M,4547938.0,558918.0,38
201700016021,17,11,10,700,2,1,3,1.0,1.0,38222,M,4543669.0,558110.0,38
201700016022,17,11,21,1220,1,2,7,1.0,6.0,38386,M,4545636.0,563501.0,38
201700016023,17,3,13,725,2,1,2,1.0,5.0,38297,M,4569104.0,541916.0,38
201700016024,17,6,5,1000,1,2,1,1.0,6.0,38543,M,4565071.0,547038.0,38
201700016025,17,6,14,2205,3,2,1,1.0,7.0,38543,M,4565308.0,547137.0,38
201700016026,17,6,8,1820,1,2,1,1.0,2.0,38012,M,4559604.0,562634.0,38
201700016027,17,7,7,2205,5,1,1,1.0,5.0,38050,M,4567067.0,549801.0,38
201700016028,17,7,9,1320,1,1,1,1.0,2.0,38543,M,4564696.0,549126.0,38
201700016029,17,10,7,635,2,2,1,5.0,1.0,38543,M,4564955.0,544518.0,38
201700016030,17,11,23,1745,3,1,9,1.0,3.0,38261,M,4566534.0,545597.0,38
201700016031,17,11,23,1215,1,2,9,1.0,3.0,38261,M,4567400.0,546336.0,38
201700016032,17,1,11,1500,1,2,1,1.0,6.0,38229,M,4519824.0,579029.0,38
201700016033,17,2,8,1305,1,1,6,2.0,6.0,38249,M,4522468.0,582004.0,38
201700016034,17,3,5,620,2,2,1,2.0,6.0,38229,M,4520964.0,578139.0,38
201700016035,17,4,7,1855,1,2,2,1.0,6.0,38229,M,4520655.0,578072.0,38
201700016036,17,4,23,900,1,2,9,7.0,3.0,38039,M,4527368.0,586515.0,38
201700016037,17,4,6,2115,1,2,1,,1.0,38045,M,4523850.0,581697.0,38
201700016038,17,6,19,740,1,2,1,1.0,6.0,38249,M,4522467.0,579707.0,38
201700016039,17,6,21,820,1,2,2,1.0,1.0,38397,M,4524970.0,583601.0,38
201700016040,17,6,20,1840,1,2,9,1.0,3.0,38140,M,4529041.0,589076.0,38
201700016041,17,6,27,1520,1,2,1,1.0,2.0,38140,M,4527876.0,587880.0,38
201700016042,17,7,3,850,1,1,6,1.0,3.0,38397,M,4523981.0,584948.0,38
201700016043,17,7,29,1120,1,2,1,1.0,3.0,38140,M,4527945.0,587568.0,38
201700016044,17,8,17,1230,1,2,1,1.0,6.0,38435,M,4529005.0,585108.0,38
201700016045,17,8,25,808,1,2,1,1.0,3.0,38126,M,4521276.0,576044.0,38
201700016046,17,9,2,1130,1,1,1,2.0,1.0,38126,M,4522829.0,576858.0,38
201700016047,17,10,8,1630,1,1,1,1.0,2.0,38229,M,4520035.0,575859.0,38
201700016048,17,9,29,1828,1,2,1,7.0,6.0,38229,M,4521139.0,579169.0,38
201700016049,17,10,24,1710,2,2,1,1.0,3.0,38397,M,4524011.0,582056.0,38
201700016050,17,10,24,1855,5,2,1,1.0,6.0,38229,M,4520382.0,576248.0,38
201700016051,17,11,16,1820,5,2,9,1.0,3.0,38229,M,4520702.0,575497.0,38
201700016052,17,12,13,1750,5,2,1,1.0,6.0,38249,M,4521931.0,581051.0,38
201700016053,17,12,29,1110,1,2,1,1.0,6.0,38126,M,4522120.0,576479.0,38
201700016054,17,3,17,1555,1,2,1,1.0,3.0,38175,M,4526746.0,591813.0,38
201700016055,17,3,14,820,1,1,6,1.0,3.0,38150,M,4521007.0,583232.0,38
201700016056,17,3,26,1200,1,2,3,1.0,3.0,38422,M,4515222.0,584777.0,38
201700016057,17,4,5,1750,1,2,1,1.0,3.0,38547,M,4524019.0,589055.0,38
201700016058,17,4,21,1830,1,1,1,1.0,1.0,38334,M,4519861.0,584780.0,38
201700016059,17,5,17,855,1,1,1,1.0,6.0,38334,M,4518821.0,585740.0,38
201700016060,17,5,17,1000,1,2,1,1.0,5.0,38538,M,4521804.0,586498.0,38
201700016061,17,5,18,1550,1,1,1,1.0,2.0,38334,M,4519405.0,585185.0,38
201700016062,17,5,26,1725,1,1,1,1.0,7.0,38350,M,4524015.0,591557.0,38
201700016063,17,6,22,2300,3,1,1,1.0,7.0,38334,M,4519861.0,584780.0,38
201700016064,17,7,9,1750,1,2,1,1.0,6.0,38538,M,4521409.0,586065.0,38
201700016065,17,7,14,1530,1,1,1,1.0,1.0,38422,M,4516385.0,583440.0,38
201700016066,17,7,18,2030,1,2,6,1.0,6.0,38150,M,4521039.0,583171.0,38
201700016067,17,7,26,2100,1,1,1,1.0,7.0,38334,M,4518402.0,587819.0,38
201700016068,17,9,13,1515,1,2,9,1.0,6.0,38422,M,4514146.0,582888.0,38
201700016069,17,11,1,20,3,1,1,1.0,6.0,38175,M,4526758.0,591104.0,38
201700016070,17,11,6,920,1,1,1,1.0,4.0,38175,M,4527200.0,591448.0,38
201700016071,17,12,4,1205,1,2,1,1.0,3.0,38547,M,4525776.0,590769.0,38
201700016072,17,1,8,1950,4,1,1,1.0,6.0,38501,M,4531555.0,594575.0,38
201700016073,17,4,23,145,5,1,1,1.0,6.0,38181,M,4533360.0,597208.0,38
201700016074,17,9,13,630,2,1,1,1.0,1.0,38503,M,4532768.0,593704.0,38
201700016075,17,9,24,1718,1,1,1,1.0,5.0,38511,M,4534676.0,596838.0,38
201700016076,17,10,10,757,2,1,3,5.0,1.0,38303,M,4529522.0,594538.0,38
201700016077,17,3,12,1630,1,1,1,1.0,6.0,38268,M,4543625.0,609339.0,38
201700016078,17,4,8,1509,1,1,4,7.0,7.0,38027,M,4543575.0,598037.0,38
201700016079,17,4,8,1530,1,2,1,1.0,1.0,38075,M,4546027.0,599351.0,38
201700016080,17,5,4,2350,3,1,1,2.0,6.0,38268,M,4543362.0,609430.0,38
201700016081,17,7,16,500,2,1,1,1.0,3.0,38314,M,4544309.0,603217.0,38
201700016082,17,7,28,1945,1,2,4,1.0,3.0,38075,M,4546381.0,598855.0,38
201700016083,17,8,27,1115,1,1,1,1.0,7.0,38075,M,4547726.0,592329.0,38
201700016084,17,1,10,1215,1,1,1,2.0,7.0,38410,M,4512609.0,518936.0,38
201700016085,17,1,19,635,3,1,3,1.0,6.0,38409,M,4506216.0,527090.0,38
201700016086,17,1,20,700,2,1,1,8.0,7.0,38463,M,4517052.0,532090.0,38
201700016087,17,2,9,1905,5,2,6,2.0,6.0,38416,M,4515149.0,531745.0,38
201700016088,17,2,14,1820,5,2,1,1.0,1.0,38409,M,4507199.0,528066.0,38
201700016089,17,3,5,410,5,2,1,2.0,6.0,38409,M,4507199.0,528066.0,38
201700016090,17,4,15,935,1,1,2,8.0,1.0,38099,M,4518604.0,528160.0,38
201700016091,17,5,20,1235,1,1,1,1.0,1.0,38333,M,4514455.0,547966.0,38
201700016092,17,5,20,1930,2,1,1,1.0,2.0,38410,M,4507934.0,515418.0,38
201700016093,17,5,25,1725,1,1,1,1.0,5.0,38453,M,4509480.0,530362.0,38
201700016094,17,6,4,1050,1,2,1,2.0,6.0,38319,M,4506230.0,534109.0,38
201700016095,17,6,27,2015,2,1,3,1.0,3.0,38495,M,4512346.0,529016.0,38
201700016096,17,7,19,1400,1,1,2,1.0,3.0,38195,M,4515212.0,536909.0,38
201700016097,17,11,12,1500,1,1,1,2.0,6.0,38099,M,4516498.0,527804.0,38
201700016098,17,11,18,530,3,1,1,1.0,6.0,38108,M,4506538.0,539677.0,38
201700016099,17,11,21,1510,2,2,2,1.0,1.0,38416,M,4515002.0,531210.0,38
201700016100,17,12,14,1145,1,1,1,1.0,6.0,38463,M,4518995.0,534635.0,38
201700016101,17,12,29,1715,2,1,1,2.0,6.0,38443,M,4511311.0,537356.0,38
201700016102,17,1,9,1900,3,1,1,4.0,6.0,38561,M,4530415.0,521845.0,38
201700016103,17,1,11,1130,1,1,1,9.0,6.0,38561,M,4529604.0,521190.0,38
201700016104,17,1,23,840,1,1,1,1.0,7.0,38347,M,4523289.0,530666.0,38
201700016105,17,1,31,514,5,2,3,2.0,6.0,38174,M,4539001.0,536260.0,38
201700016106,17,2,13,2140,5,2,3,1.0,1.0,38218,M,4533961.0,518113.0,38
201700016107,17,3,29,2300,3,1,6,1.0,7.0,38218,M,4534211.0,520697.0,38
201700016108,17,6,7,1530,1,1,1,1.0,7.0,38093,M,4534374.0,522161.0,38
201700016109,17,6,20,1340,1,2,2,1.0,3.0,38218,M,4543150.0,518105.0,38
201700016110,17,7,1,530,1,1,1,1.0,2.0,38093,M,4534374.0,522161.0,38
201700016111,17,7,1,1700,1,1,2,1.0,3.0,38058,M,4534771.0,529438.0,38
201700016112,17,8,19,1830,1,1,1,1.0,6.0,38347,M,4524267.0,521512.0,38
201700016113,17,8,28,1725,1,2,2,7.0,3.0,38457,M,4531048.0,526419.0,38
201700016114,17,10,4,1600,1,1,1,1.0,1.0,38093,M,4534315.0,521663.0,38
201700016115,17,10,24,1600,1,1,1,1.0,3.0,38457,M,4532293.0,526706.0,38
201700016116,17,11,3,1210,1,2,6,1.0,3.0,38384,M,4534792.0,533886.0,38
201700016117,17,12,17,1700,3,1,2,1.0,5.0,38490,M,4535082.0,539492.0,38
201700016118,17,2,11,1546,1,2,1,1.0,7.0,38004,M,4522372.0,544358.0,38
201700016119,17,2,18,949,1,1,1,1.0,6.0,38437,M,4532304.0,545023.0,38
201700016120,17,2,19,1835,2,1,9,1.0,6.0,38450,M,4529249.0,557947.0,38
201700016121,17,4,1,1835,1,1,1,2.0,6.0,38559,M,4521763.0,543370.0,38
201700016122,17,4,18,1015,1,2,4,1.0,3.0,38517,M,4530400.0,548977.0,38
201700016123,17,5,9,1610,1,2,9,1.0,6.0,38517,M,4529723.0,548608.0,38
201700016124,17,6,22,40,5,2,9,1.0,6.0,38517,M,4529958.0,548582.0,38
201700016125,17,7,5,1558,1,1,1,1.0,5.0,38450,M,4529195.0,558622.0,38
201700016126,17,7,7,800,1,1,1,1.0,7.0,38500,M,4516556.0,536385.0,38
201700016127,17,8,14,1410,1,1,1,1.0,6.0,38345,M,4519894.0,545010.0,38
201700016128,17,9,7,1320,1,1,1,8.0,2.0,38074,M,4524427.0,545156.0,38
201700016129,17,9,16,630,2,1,1,1.0,6.0,38500,M,4516831.0,536659.0,38
201700016130,17,10,5,720,2,1,1,5.0,3.0,38517,M,4529015.0,551713.0,38
201700016131,17,12,5,30,3,1,1,1.0,7.0,38517,M,4527537.0,547713.0,38
201700016132,17,1,4,1830,3,1,2,1.0,3.0,38130,M,4539264.0,523934.0,38
201700016133,17,1,11,1140,1,2,3,1.0,3.0,38034,M,4533137.0,505701.0,38
201700016134,17,1,17,1430,1,1,2,1.0,1.0,38291,M,4536176.0,512918.0,38
201700016135,17,2,7,1700,2,1,2,2.0,5.0,38130,M,4539274.0,523885.0,38
201700016136,17,3,5,1215,1,1,1,8.0,6.0,38134,M,4542551.0,501819.0,38
201700016137,17,3,16,2015,3,1,1,1.0,6.0,38324,M,4541061.0,503228.0,38
201700016138,17,3,31,2045,3,1,1,1.0,6.0,38130,M,4536455.0,526410.0,38
201700016139,17,4,10,1330,1,2,2,1.0,6.0,38034,M,4533984.0,505259.0,38
201700016140,17,6,9,1820,1,2,1,1.0,6.0,38335,M,4537790.0,503780.0,38
201700016141,17,7,8,1500,1,1,1,1.0,6.0,38324,M,4540752.0,501724.0,38
201700016142,17,7,8,945,1,1,3,1.0,3.0,38034,M,4534133.0,504108.0,38
201700016143,17,7,20,1415,1,1,1,1.0,3.0,38069,M,4546001.0,528664.0,38
201700016144,17,7,21,1900,1,1,1,8.0,1.0,38034,M,4533568.0,504054.0,38
201700016145,17,7,23,220,3,1,1,1.0,6.0,38130,M,4540628.0,527191.0,38
201700016146,17,7,30,1540,1,2,1,1.0,7.0,38034,M,4532345.0,505315.0,38
201700016147,17,8,2,2120,3,2,1,1.0,6.0,38473,M,4536898.0,521450.0,38
201700016148,17,9,12,650,2,1,2,1.0,3.0,38259,M,4544108.0,498077.0,38
201700016149,17,9,12,1556,1,2,3,1.0,3.0,38034,M,4533170.0,503355.0,38
201700016150,17,9,22,1640,1,2,2,1.0,3.0,38363,M,4534608.0,507790.0,38
201700016151,17,9,23,1900,2,1,1,1.0,6.0,38134,M,4544045.0,501830.0,38
201700016152,17,9,30,2100,4,1,6,2.0,6.0,38034,M,4532374.0,505360.0,38
201700016153,17,10,12,2025,3,2,1,1.0,7.0,38363,M,4534629.0,508226.0,38
201700016154,17,10,25,1615,1,1,1,1.0,6.0,38069,M,4546587.0,528596.0,38
201700016155,17,10,25,1915,3,1,2,1.0,3.0,38198,M,4534044.0,494923.0,38
201700016156,17,11,6,1550,1,1,2,1.0,3.0,38035,M,4552311.0,507728.0,38
201700016157,17,2,8,745,1,1,4,1.0,1.0,38480,M,4555200.0,498328.0,38
201700016158,17,2,12,1500,1,2,1,1.0,6.0,38184,M,4566375.0,508538.0,38
201700016159,17,3,1,1830,5,2,3,2.0,6.0,38094,M,4548673.0,520463.0,38
201700016160,17,3,13,1420,1,1,1,1.0,6.0,38408,M,4559421.0,500269.0,38
201700016161,17,3,20,1535,1,2,1,1.0,6.0,38389,M,4555525.0,508428.0,38
201700016162,17,3,30,1530,1,1,4,1.0,7.0,38555,M,4542721.0,510730.0,38
201700016163,17,4,5,1600,1,1,1,1.0,1.0,38555,M,4546528.0,515508.0,38
201700016164,17,4,5,1910,1,2,7,1.0,6.0,38189,M,4563088.0,505826.0,38
201700016165,17,4,9,1630,1,1,1,1.0,1.0,38094,M,4549579.0,518624.0,38
201700016166,17,4,15,1100,1,1,1,1.0,7.0,38480,M,4555732.0,495620.0,38
201700016167,17,4,16,1810,1,2,1,1.0,1.0,38358,M,4549244.0,523631.0,38
201700016168,17,4,28,1825,1,1,1,1.0,6.0,38399,M,4551577.0,514767.0,38
201700016169,17,5,3,1820,1,1,1,3.0,1.0,38399,M,4550399.0,511491.0,38
201700016170,17,5,5,755,1,1,1,7.0,1.0,38351,M,4554119.0,522653.0,38
201700016171,17,5,24,2020,2,2,2,1.0,3.0,38399,M,4549324.0,514247.0,38
201700016172,17,5,30,1045,1,1,2,1.0,3.0,38389,M,4555337.0,513137.0,38
201700016173,17,5,31,1330,1,1,1,1.0,7.0,38389,M,4559255.0,506875.0,38
201700016174,17,6,9,1815,1,1,1,1.0,1.0,38346,M,4549996.0,510022.0,38
201700016175,17,6,17,2110,2,2,1,1.0,2.0,38449,M,4565557.0,511229.0,38
201700016176,17,6,19,1130,1,1,1,6.0,6.0,38015,M,4553812.0,514536.0,38
201700016177,17,8,11,1208,1,2,3,1.0,3.0,38519,M,4561223.0,501467.0,38
201700016178,17,9,7,530,3,1,1,1.0,3.0,38449,M,4562648.0,508056.0,38
201700016179,17,9,17,1900,1,2,1,1.0,6.0,38015,M,4553501.0,516393.0,38
201700016180,17,9,29,1110,1,1,3,1.0,3.0,38184,M,4566412.0,509505.0,38
201700016181,17,10,13,145,3,1,1,1.0,6.0,38184,M,4565751.0,505782.0,38
201700016182,17,10,13,1505,1,1,1,1.0,1.0,38389,M,4554959.0,509488.0,38
201700016183,17,10,15,1340,1,2,2,1.0,3.0,38189,M,4563638.0,506125.0,38
201700016184,17,10,22,1700,1,1,6,1.0,6.0,38389,M,4559646.0,505965.0,38
201700016185,17,10,29,1045,1,1,1,1.0,6.0,38555,M,4546321.0,512919.0,38
201700016186,17,11,2,805,1,1,9,1.0,3.0,38288,M,4557279.0,502542.0,38
201700016187,17,11,25,1245,1,1,1,1.0,1.0,38189,M,4564406.0,505926.0,38
201700016188,17,12,18,700,3,2,1,4.0,6.0,38189,M,4562700.0,506159.0,38
201700016189,17,12,18,845,2,1,1,4.0,6.0,38480,M,4556146.0,498002.0,38
201700016190,17,1,7,1635,1,2,1,1.0,6.0,31490,M,4373957.0,135992.0,31
201700016191,17,3,22,1525,1,1,1,1.0,1.0,31516,M,4373499.0,140191.0,31
201700016192,17,3,29,1710,1,2,1,1.0,1.0,31230,M,4371843.0,142539.0,31