Num_Acc,an,mois,jour,hrmn,lum,agg,int,atm,col,com,gps,lat,long,dep
201700016193,17,5,3,1940,1,1,3,1.0,3.0,31182,M,4369721.0,139976.0,31
201700016194,17,5,4,1100,1,1,1,1.0,1.0,31182,M,4369685.0,139953.0,31
201700016195,17,6,23,2050,1,2,1,8.0,3.0,31182,M,4369915.0,139813.0,31
201700016196,17,9,26,2240,5,2,1,1.0,3.0,31182,M,4368746.0,140512.0,31
201700016197,17,9,29,800,1,2,1,1.0,2.0,31490,M,4374064.0,137142.0,31
201700016198,17,10,14,730,2,2,1,1.0,5.0,31182,M,4368746.0,140512.0,31
201700016199,17,11,24,1640,1,1,1,1.0,3.0,31136,M,4374664.0,143621.0,31
201700016200,17,11,11,1920,5,2,1,1.0,2.0,31182,M,4368418.0,140628.0,31
201700016201,17,1,25,1855,5,2,1,1.0,6.0,31118,M,4377704.0,136034.0,31
201700016202,17,8,6,1750,1,1,1,1.0,7.0,31583,M,4383053.0,149570.0,31
201700016203,17,9,22,1000,1,2,5,1.0,6.0,31584,M,4386124.0,150331.0,31
201700016204,17,12,7,1030,1,1,1,1.0,1.0,31587,M,4377778.0,144640.0,31
201700016205,17,2,4,449,3,1,1,2.0,6.0,31094,M,4376121.0,163571.0,31
201700016206,17,5,3,1155,1,2,9,1.0,6.0,31561,M,4365724.0,148296.0,31
201700016207,17,5,5,1915,1,1,1,1.0,1.0,31383,M,4377333.0,151215.0,31
201700016208,17,5,6,1650,1,1,3,2.0,3.0,31094,M,4375198.0,161687.0,31
201700016209,17,5,13,513,4,2,1,2.0,6.0,31462,M,4366137.0,153233.0,31
201700016210,17,5,16,1520,1,2,1,1.0,1.0,31358,M,4372220.0,158576.0,31
201700016211,17,6,20,2000,1,2,1,1.0,3.0,31561,M,4366367.0,150211.0,31
201700016212,17,7,26,1230,1,2,1,1.0,3.0,31358,M,4371986.0,157980.0,31
201700016213,17,9,13,1405,1,1,2,1.0,4.0,31117,M,4368192.0,154036.0,31
201700016214,17,10,8,1415,1,2,1,1.0,1.0,31561,M,4364998.0,147186.0,31
201700016215,17,10,29,400,3,2,1,1.0,6.0,31049,M,4374269.0,152113.0,31
201700016216,17,11,10,710,2,1,1,5.0,1.0,31117,M,4369910.0,154580.0,31
201700016217,17,11,26,1845,3,2,1,1.0,6.0,31489,M,4370336.0,161390.0,31
201700016218,17,1,12,1413,1,1,1,2.0,6.0,31341,M,4372263.0,124643.0,31
201700016219,17,3,1,1955,3,1,1,1.0,6.0,31341,M,4372810.0,125074.0,31
201700016220,17,3,3,1645,1,1,2,1.0,3.0,31592,M,4372889.0,123786.0,31
201700016221,17,5,9,1400,1,1,1,1.0,5.0,31341,M,4371097.0,133852.0,31
201700016222,17,6,7,2230,5,2,2,1.0,3.0,31098,M,4372867.0,104992.0,31
201700016223,17,6,11,1225,1,1,1,1.0,1.0,31356,M,4369289.0,123016.0,31
201700016224,17,7,23,1350,1,1,1,1.0,7.0,31232,M,4375081.0,128581.0,31
201700016225,17,7,26,1745,1,1,2,1.0,2.0,31553,M,4371687.0,116237.0,31
201700016226,17,8,2,850,1,1,1,1.0,3.0,31160,M,4367667.0,127088.0,31
201700016227,17,8,8,700,1,1,1,1.0,2.0,31232,M,4376541.0,125525.0,31
201700016228,17,8,15,1245,1,1,2,1.0,3.0,31553,M,4371716.0,116201.0,31
201700016229,17,8,31,1045,1,1,1,8.0,7.0,31090,M,4375535.0,102590.0,31
201700016230,17,10,7,1125,1,2,3,1.0,6.0,31232,M,4376925.0,129229.0,31
201700016231,17,10,17,1300,1,1,1,1.0,1.0,31232,M,4376308.0,133660.0,31
201700016232,17,11,20,1000,1,1,1,8.0,6.0,31341,M,4372203.0,129562.0,31
201700016233,17,3,11,730,1,1,1,1.0,6.0,31206,M,4326636.0,147888.0,31
201700016234,17,3,23,615,3,1,1,2.0,6.0,31345,M,4339356.0,143026.0,31
201700016235,17,3,30,1722,1,2,8,1.0,6.0,31345,M,4337798.0,143920.0,31
201700016236,17,4,9,1725,1,1,1,1.0,7.0,31264,M,4333450.0,139017.0,31
201700016237,17,4,10,1440,1,1,1,1.0,6.0,31345,M,4335678.0,142511.0,31
201700016238,17,5,2,835,1,1,1,2.0,6.0,31231,M,4330461.0,142672.0,31
201700016239,17,5,2,940,1,2,1,2.0,3.0,31574,M,4343893.0,142515.0,31
201700016240,17,5,13,1610,1,1,1,1.0,6.0,31345,M,4338369.0,141549.0,31
201700016241,17,8,25,730,1,1,3,1.0,1.0,31345,M,4340059.0,142853.0,31
201700016242,17,8,30,1810,1,1,1,1.0,5.0,31033,M,4333738.0,148029.0,31
201700016243,17,9,20,2045,5,2,9,1.0,3.0,31033,M,4335433.0,147010.0,31
201700016244,17,11,10,705,2,2,1,1.0,5.0,31145,M,4331422.0,150860.0,31
201700016245,17,11,22,415,3,1,1,1.0,6.0,31033,M,4336465.0,145594.0,31
201700016246,17,11,24,1700,1,1,2,1.0,6.0,31145,M,4329835.0,152891.0,31
201700016247,17,12,1,215,3,1,1,2.0,6.0,31033,M,4336297.0,147598.0,31
201700016248,17,1,5,1740,2,1,1,1.0,6.0,31492,M,4325330.0,115632.0,31
201700016249,17,1,10,2120,3,1,1,2.0,6.0,31361,M,4333896.0,128092.0,31
201700016250,17,2,9,700,3,1,1,8.0,6.0,31225,M,4321619.0,117476.0,31
201700016251,17,2,16,1615,1,2,1,1.0,7.0,31517,M,4333021.0,132155.0,31
201700016252,17,2,22,1230,1,1,1,1.0,2.0,31111,M,4322820.0,133468.0,31
201700016253,17,3,1,1820,1,2,2,7.0,3.0,31107,M,4330483.0,122761.0,31
201700016254,17,3,16,1635,1,1,2,1.0,3.0,31107,M,4328680.0,124537.0,31
201700016255,17,3,26,730,1,1,1,1.0,6.0,31312,M,4324988.0,125344.0,31
201700016256,17,4,8,1550,1,1,1,1.0,7.0,31334,M,4336813.0,132073.0,31
201700016257,17,5,4,1125,1,1,1,1.0,6.0,31326,M,4322768.0,137811.0,31
201700016258,17,5,12,1710,1,2,3,1.0,3.0,31107,M,4330559.0,122444.0,31
201700016259,17,5,15,820,1,1,1,1.0,7.0,31492,M,4324104.0,114932.0,31
201700016260,17,5,23,1525,1,1,1,1.0,6.0,31474,M,4319509.0,113524.0,31
201700016261,17,5,27,155,3,2,1,1.0,6.0,31365,M,4312783.0,126614.0,31
201700016262,17,7,16,1620,1,1,1,1.0,7.0,31320,M,4332059.0,128701.0,31
201700016263,17,7,30,1130,1,1,1,1.0,7.0,31361,M,4334663.0,132420.0,31
201700016264,17,8,23,1340,1,1,1,1.0,6.0,31107,M,4332003.0,121577.0,31
201700016265,17,9,17,225,5,2,1,1.0,6.0,31399,M,4334990.0,126927.0,31
201700016266,17,10,1,1910,5,2,1,2.0,7.0,31399,M,4334616.0,125377.0,31
201700016267,17,10,3,650,2,1,1,1.0,2.0,31399,M,4335575.0,126971.0,31
201700016268,17,10,21,730,1,1,1,1.0,6.0,31071,M,4334601.0,114071.0,31
201700016269,17,10,24,1730,1,1,1,1.0,7.0,31052,M,4338559.0,132149.0,31
201700016270,17,3,21,1805,1,2,3,1.0,6.0,31135,M,4320697.0,108726.0,31
201700016271,17,5,8,1630,1,1,1,1.0,6.0,31261,M,4330193.0,116810.0,31
201700016272,17,8,13,1400,1,1,1,1.0,7.0,31349,M,4326043.0,102441.0,31
201700016273,17,8,22,1335,1,1,1,1.0,6.0,31261,M,4330411.0,117081.0,31
201700016274,17,9,20,1830,1,2,1,1.0,6.0,31135,M,4321210.0,108167.0,31
201700016275,17,11,15,1800,5,2,1,1.0,3.0,31324,M,4319375.0,99803.0,31
201700016276,17,12,10,650,3,1,1,2.0,7.0,31406,M,4320701.0,105681.0,31
201700016277,17,12,19,1945,5,2,1,1.0,5.0,31406,M,4320242.0,106909.0,31
201700016278,17,2,9,1530,1,2,3,1.0,6.0,31187,M,4354536.0,122929.0,31
201700016279,17,2,22,1345,1,1,1,1.0,7.0,31424,M,4359126.0,129316.0,31
201700016280,17,3,2,1350,1,1,6,1.0,3.0,31188,M,4355668.0,118000.0,31
201700016281,17,3,7,1000,1,1,1,2.0,3.0,31424,M,4354069.0,129999.0,31
201700016282,17,4,8,15,3,1,2,1.0,3.0,31166,M,4352451.0,108765.0,31
201700016283,17,5,27,1620,1,2,3,1.0,1.0,31499,M,4351704.0,118039.0,31
201700016284,17,6,3,1950,1,1,1,1.0,6.0,31187,M,4353107.0,124485.0,31
201700016285,17,6,23,1810,1,2,1,1.0,5.0,31526,M,4357548.0,125133.0,31
201700016286,17,9,23,550,3,2,1,1.0,7.0,31499,M,4351444.0,120354.0,31
201700016287,17,10,13,540,5,2,3,1.0,3.0,31187,M,4354939.0,124253.0,31
201700016288,17,11,11,1214,1,2,1,1.0,6.0,31188,M,4354566.0,118790.0,31
201700016289,17,1,25,1830,5,2,1,2.0,6.0,31390,M,4308425.0,57108.0,31
201700016290,17,2,26,1330,1,2,1,1.0,6.0,31255,M,4303620.0,59315.0,31
201700016291,17,3,4,650,2,2,1,2.0,6.0,31390,M,4309180.0,54527.0,31
201700016292,17,3,15,2115,5,2,6,1.0,6.0,31390,M,4308673.0,57491.0,31
201700016293,17,3,26,1542,1,1,3,1.0,3.0,31585,M,4310603.0,68778.0,31
201700016294,17,3,27,755,1,1,2,1.0,3.0,31255,M,4303689.0,60614.0,31
201700016295,17,3,29,1120,1,2,1,1.0,6.0,31390,M,4308552.0,56685.0,31
201700016296,17,4,8,1115,1,2,1,1.0,7.0,31539,M,4314783.0,54730.0,31
201700016297,17,4,29,215,5,1,1,1.0,7.0,31556,M,4310608.0,55508.0,31
201700016298,17,5,2,1115,1,2,1,3.0,6.0,31224,M,4306058.0,59057.0,31
201700016299,17,5,10,1320,1,1,1,1.0,6.0,31536,M,4316270.0,74921.0,31
201700016300,17,6,4,1827,1,1,1,3.0,7.0,65175,M,4292065.0,49495.0,65
201700016301,17,6,29,1450,1,1,3,1.0,3.0,31308,M,4301180.0,61701.0,31
201700016302,17,7,2,2100,2,2,1,1.0,6.0,65158,M,4294483.0,56126.0,65
201700016303,17,8,12,1830,1,2,1,1.0,2.0,31031,M,4309503.0,58927.0,31
201700016304,17,8,24,2040,2,2,1,1.0,6.0,31247,M,4308186.0,67432.0,31
201700016305,17,8,24,1430,1,2,5,1.0,3.0,31013,M,4307216.0,63892.0,31
201700016306,17,10,21,440,3,1,1,1.0,6.0,65305,M,4294999.0,56742.0,65
201700016307,17,10,29,215,5,1,1,1.0,6.0,31323,M,4308006.0,63108.0,31
201700016308,17,12,4,830,1,2,1,1.0,6.0,31390,M,4308537.0,56259.0,31
201700016309,17,12,21,1540,1,1,1,1.0,5.0,31247,M,4308861.0,66923.0,31
201700016310,17,12,27,1700,2,1,1,3.0,1.0,31405,M,4297845.0,64354.0,31
201700016311,17,4,13,1450,1,1,1,1.0,3.0,31177,M,4292472.0,68083.0,31
201700016312,17,4,18,1350,1,1,1,1.0,1.0,31190,M,4285452.0,73707.0,31
201700016313,17,6,8,1010,1,2,1,1.0,3.0,31017,M,4288299.0,71571.0,31
201700016314,17,8,21,2230,3,2,1,1.0,6.0,31133,M,4280740.0,53134.0,31
201700016315,17,9,3,1625,1,1,1,1.0,6.0,31142,M,4285202.0,60263.0,31
201700016316,17,3,19,440,3,1,1,1.0,6.0,31276,M,4319727.0,60783.0,31
201700016317,17,3,23,1550,1,1,1,1.0,6.0,31301,M,4328629.0,80978.0,31
201700016318,17,4,9,1325,1,2,7,1.0,7.0,31028,M,4321779.0,88043.0,31
201700016319,17,4,29,1600,1,1,1,1.0,6.0,31008,M,4336034.0,82249.0,31
201700016320,17,5,17,905,1,2,1,1.0,6.0,31080,M,4329049.0,65062.0,31
201700016321,17,6,30,2250,3,1,1,2.0,6.0,31412,M,4331619.0,68304.0,31
201700016322,17,9,26,2330,3,1,1,1.0,6.0,31028,M,4322269.0,86947.0,31
201700016323,17,10,30,1510,1,1,1,1.0,6.0,31276,M,4320368.0,61700.0,31
201700016324,17,12,9,805,1,1,1,1.0,6.0,31028,M,4322146.0,85363.0,31
201700016325,17,1,8,2130,3,1,1,2.0,6.0,31237,M,4307529.0,96135.0,31
201700016326,17,1,12,800,1,1,1,1.0,6.0,31544,M,4298968.0,79114.0,31
201700016327,17,3,2,1930,1,1,1,1.0,6.0,31550,M,4305127.0,78274.0,31
201700016328,17,5,7,1025,1,1,1,1.0,1.0,31110,M,4313896.0,98601.0,31
201700016329,17,5,21,756,1,2,1,1.0,5.0,31523,M,4310210.0,94950.0,31
201700016330,17,6,5,1600,1,1,1,1.0,6.0,31131,M,4299098.0,69395.0,31
201700016331,17,6,18,1230,1,2,1,1.0,6.0,31336,M,4313293.0,97392.0,31
201700016332,17,7,8,945,1,2,1,1.0,6.0,31315,M,4308357.0,95233.0,31
201700016333,17,9,16,1545,1,1,1,1.0,1.0,31110,M,4310865.0,96958.0,31
201700016334,17,9,23,2230,5,2,4,1.0,7.0,31114,M,4304312.0,92743.0,31
201700016335,17,10,3,750,1,2,1,8.0,3.0,31523,M,4310404.0,95477.0,31
201700016336,17,10,11,1650,1,1,1,1.0,3.0,31544,M,4293679.0,76564.0,31
201700016337,17,10,27,1620,1,1,1,1.0,6.0,31237,M,4306349.0,97141.0,31
201700016338,17,2,16,2300,3,1,1,1.0,6.0,31374,M,4338878.0,162835.0,31
201700016339,17,3,25,810,1,1,1,3.0,6.0,31054,M,4335103.0,174283.0,31
201700016340,17,4,6,900,1,1,4,1.0,2.0,31210,M,4337847.0,168270.0,31
201700016341,17,4,7,945,1,1,3,1.0,3.0,31002,M,4333443.0,160605.0,31
201700016342,17,4,11,845,1,1,3,1.0,3.0,31374,M,4341746.0,163947.0,31
201700016343,17,5,1,1900,1,1,1,1.0,7.0,31100,M,4327974.0,163870.0,31
201700016344,17,5,27,1350,1,1,1,1.0,3.0,31099,M,4331900.0,169754.0,31
201700016345,17,6,25,900,1,2,2,1.0,2.0,31582,M,4340991.0,170564.0,31
201700016346,17,7,14,1728,1,1,1,1.0,2.0,31037,M,4337371.0,176295.0,31
201700016347,17,9,12,1230,1,1,1,1.0,6.0,31576,M,4340366.0,166735.0,31
201700016348,17,10,29,1620,1,1,3,1.0,3.0,31582,M,4341278.0,173791.0,31
201700016349,17,12,4,1915,3,1,1,1.0,1.0,31137,M,4345725.0,174231.0,31
201700016350,17,12,18,1850,3,1,1,2.0,6.0,31377,M,4342341.0,172043.0,31
201700016351,17,12,19,744,2,1,1,9.0,7.0,31589,M,4343137.0,167195.0,31
201700016352,17,1,2,930,1,2,3,5.0,3.0,31451,M,4344756.0,199667.0,31
201700016353,17,1,29,1158,1,1,2,1.0,5.0,31451,M,4348511.0,202821.0,31
201700016354,17,3,23,1010,1,2,1,2.0,6.0,31451,M,4345547.0,199803.0,31
201700016355,17,4,13,2010,3,1,1,1.0,6.0,31106,M,4351441.0,179040.0,31
201700016356,17,4,17,1005,1,1,1,1.0,1.0,31478,M,4344146.0,190164.0,31
201700016357,17,4,22,1426,1,2,1,1.0,6.0,31451,M,4344453.0,198870.0,31
201700016358,17,5,15,1500,1,1,1,1.0,6.0,31527,M,4354029.0,180501.0,31
201700016359,17,6,11,1940,1,1,1,1.0,3.0,31571,M,4358887.0,176799.0,31
201700016360,17,6,12,1400,1,1,1,1.0,2.0,31451,M,4349886.0,204564.0,31
201700016361,17,6,25,1330,1,2,6,1.0,6.0,31451,M,4346416.0,199592.0,31
201700016362,17,7,6,1415,1,1,1,1.0,1.0,31097,M,4352166.0,186916.0,31
201700016363,17,9,18,720,3,1,1,2.0,3.0,31304,M,4358113.0,178550.0,31
201700016364,17,10,4,1720,1,2,1,1.0,3.0,31451,M,4346262.0,199769.0,31
201700016365,17,12,9,2030,5,2,6,1.0,6.0,31451,M,4346114.0,200572.0,31
201700016366,17,12,15,1924,3,1,1,2.0,6.0,31325,M,4355847.0,175287.0,31
201700016367,17,12,16,649,5,2,1,1.0,6.0,31451,M,4345672.0,200851.0,31
201700016368,17,1,3,1900,3,2,1,1.0,7.0,29145,M,4805189.0,-442698.0,29
201700016369,17,1,18,1050,1,1,2,1.0,3.0,29216,M,4798867.0,-418802.0,29
201700016370,17,3,4,300,3,1,9,2.0,6.0,29218,M,4805376.0,-448950.0,29
201700016371,17,3,25,1700,1,2,3,1.0,3.0,29167,M,4798206.0,-427246.0,29
201700016372,17,4,9,1630,1,1,3,7.0,3.0,29215,M,4797080.0,-443536.0,29
201700016373,17,4,13,1825,1,1,1,1.0,3.0,29216,M,4797786.0,-415829.0,29
201700016374,17,4,19,1715,1,1,2,1.0,2.0,29215,M,4799403.0,-440345.0,29
201700016375,17,4,15,245,4,1,1,1.0,6.0,29143,M,4803625.0,-447789.0,29
201700016376,17,5,10,1635,1,1,9,1.0,4.0,29218,M,4804179.0,-450269.0,29
201700016377,17,5,26,955,1,1,3,1.0,1.0,29173,M,4801888.0,-421969.0,29
201700016378,17,6,7,1430,1,1,2,1.0,2.0,29216,M,4799303.0,-422961.0,29
201700016379,17,7,5,1645,1,1,1,1.0,7.0,29216,M,4800169.0,-417593.0,29
201700016380,17,7,5,530,2,1,2,1.0,1.0,29028,M,4805461.0,-465426.0,29
201700016381,17,7,6,1305,1,1,4,1.0,7.0,29197,M,4800457.0,-449808.0,29
201700016382,17,7,26,1800,1,1,1,2.0,1.0,29167,M,4797647.0,-423324.0,29
201700016383,17,8,25,1415,1,2,1,1.0,6.0,29003,M,4802295.0,-453908.0,29
201700016384,17,8,29,1320,1,1,6,1.0,3.0,29216,M,4796852.0,-418148.0,29
201700016385,17,9,3,1220,1,1,6,3.0,3.0,29173,M,4799889.0,-419465.0,29
201700016386,17,9,17,1305,1,1,1,1.0,6.0,29173,M,4800634.0,-417444.0,29
201700016387,17,10,15,45,3,1,1,1.0,6.0,29108,M,4799803.0,-437028.0,29
201700016388,17,11,3,1108,1,1,1,1.0,2.0,29216,M,4795071.0,-419177.0,29
201700016389,17,12,10,1800,5,2,1,2.0,6.0,29003,M,4802064.0,-453661.0,29
201700016390,17,1,6,1900,5,2,3,1.0,1.0,29171,M,4784039.0,-428507.0,29
201700016391,17,1,22,1730,2,2,1,1.0,3.0,29135,M,4782817.0,-417191.0,29
201700016392,17,3,23,1245,1,2,1,1.0,6.0,29220,M,4786420.0,-423352.0,29
201700016393,17,3,21,1210,1,1,3,1.0,3.0,29072,M,4781012.0,-428192.0,29
201700016394,17,5,7,2000,1,1,1,1.0,7.0,29174,M,4791986.0,-425868.0,29
201700016395,17,5,9,2320,5,2,1,1.0,1.0,29158,M,4779692.0,-435643.0,29
201700016396,17,5,27,1120,1,1,9,1.0,2.0,29135,M,4784122.0,-419665.0,29
201700016397,17,6,16,2010,1,1,1,1.0,1.0,29171,M,4784600.0,-426544.0,29
201700016398,17,6,20,1900,1,1,2,1.0,2.0,29037,M,4787197.0,-416549.0,29
201700016399,17,6,25,530,3,2,1,1.0,7.0,29037,M,4792305.0,-418468.0,29
201700016400,17,7,1,930,1,1,1,1.0,2.0,29037,M,4787858.0,-413776.0,29
201700016401,17,7,11,2215,4,1,3,2.0,3.0,29170,M,4796368.0,-414522.0,29
201700016402,17,7,14,415,5,2,1,1.0,6.0,29252,M,4786595.0,-428052.0,29
201700016403,17,7,18,1750,1,2,1,1.0,2.0,29158,M,4781365.0,-433781.0,29
201700016404,17,7,16,1445,1,1,6,1.0,2.0,29037,M,4788427.0,-416872.0,29
201700016405,17,7,27,1420,1,1,2,1.0,2.0,29158,M,4782494.0,-431060.0,29
201700016406,17,7,29,1620,1,1,1,1.0,3.0,29292,M,4788770.0,-434554.0,29
201700016407,17,8,17,2030,1,2,6,1.0,3.0,29165,M,4781838.0,-422972.0,29
201700016408,17,8,21,730,1,2,6,5.0,6.0,29220,M,4785526.0,-424265.0,29
201700016409,17,9,7,2300,3,1,1,2.0,6.0,29037,M,4788776.0,-417122.0,29
201700016410,17,10,3,800,2,2,1,1.0,6.0,29174,M,4789433.0,-429157.0,29
201700016411,17,10,14,1410,1,1,6,1.0,3.0,29037,M,4787795.0,-413473.0,29
201700016412,17,10,18,1940,3,1,1,1.0,1.0,29174,M,4788415.0,-429385.0,29
201700016413,17,10,29,115,3,2,9,1.0,6.0,29158,M,4781656.0,-430477.0,29
201700016414,17,11,1,400,5,1,1,1.0,1.0,29174,M,4787044.0,-424621.0,29
201700016415,17,11,13,740,3,1,6,1.0,3.0,29220,M,4786256.0,-424577.0,29
201700016416,17,11,20,1950,3,1,1,1.0,1.0,29165,M,4782129.0,-425958.0,29
201700016417,17,11,19,1820,3,1,3,1.0,3.0,29284,M,4782121.0,-426069.0,29
201700016418,17,11,26,2115,3,1,1,2.0,6.0,29171,M,4782932.0,-428333.0,29
201700016419,17,11,29,815,2,1,2,1.0,3.0,29158,M,4781508.0,-432324.0,29
201700016420,17,11,30,415,3,1,1,1.0,5.0,29165,M,4782222.0,-424854.0,29
201700016421,17,12,8,1634,1,2,9,1.0,6.0,29072,M,4780524.0,-428012.0,29
201700016422,17,1,28,510,3,1,1,8.0,6.0,29075,M,4843486.0,-436469.0,29
201700016423,17,1,29,1125,1,2,6,3.0,2.0,29061,M,4845698.0,-446059.0,29
201700016424,17,2,10,850,1,1,1,1.0,2.0,29075,M,4842272.0,-442182.0,29
201700016425,17,3,10,2100,3,1,1,1.0,3.0,29235,M,4841255.0,-438661.0,29
201700016426,17,3,15,1345,1,2,1,1.0,4.0,29235,M,4839708.0,-441957.0,29
201700016427,17,3,17,910,1,2,3,7.0,6.0,29235,M,4840737.0,-439403.0,29
201700016428,17,4,14,125,5,2,6,1.0,6.0,29235,M,4839875.0,-440950.0,29
201700016429,17,5,3,2300,3,1,1,1.0,6.0,29075,M,4842987.0,-443884.0,29
201700016430,17,6,4,1625,1,1,2,1.0,3.0,29075,M,4841146.0,-437369.0,29
201700016431,17,6,13,1945,1,2,1,1.0,3.0,29075,M,4841456.0,-443862.0,29
201700016432,17,6,30,920,1,2,1,2.0,1.0,29075,M,4843985.0,-439597.0,29
201700016433,17,10,30,750,1,2,1,1.0,6.0,29075,M,4841977.0,-444320.0,29
201700016434,17,12,5,900,1,2,1,1.0,5.0,29075,M,4843358.0,-440270.0,29
201700016435,17,12,24,610,3,1,1,1.0,6.0,29056,M,4843492.0,-434121.0,29
201700016436,17,1,17,1447,1,1,1,1.0,1.0,29195,M,4861383.0,-445990.0,29
201700016437,17,1,28,650,5,2,1,1.0,6.0,29015,M,4849729.0,-450924.0,29
201700016438,17,2,4,1405,1,2,6,1.0,7.0,29160,M,4849815.0,-442763.0,29
201700016439,17,2,5,1030,1,2,3,3.0,3.0,29160,M,4849896.0,-443088.0,29
201700016440,17,2,7,850,1,2,1,1.0,6.0,29117,M,4856563.0,-451701.0,29
201700016441,17,2,14,2245,3,1,3,1.0,6.0,29160,M,4848843.0,-440733.0,29
201700016442,17,3,16,1035,1,1,2,1.0,3.0,29015,M,4847745.0,-452788.0,29
201700016443,17,3,19,330,3,1,1,1.0,6.0,29015,M,4849324.0,-449535.0,29
201700016444,17,4,9,615,2,1,1,1.0,6.0,29101,M,4858574.0,-455453.0,29
201700016445,17,4,14,900,1,1,3,1.0,3.0,29160,M,4848767.0,-437854.0,29
201700016446,17,5,5,1355,1,1,1,1.0,6.0,29209,M,4852354.0,-446466.0,29
201700016447,17,5,30,733,1,1,3,1.0,3.0,29195,M,4861127.0,-453509.0,29
201700016448,17,6,7,1510,1,2,9,1.0,3.0,29160,M,4850328.0,-442554.0,29
201700016449,17,6,20,1300,1,2,2,1.0,6.0,29015,M,4849935.0,-450534.0,29
201700016450,17,6,27,1630,1,1,1,1.0,3.0,29160,M,4846915.0,-445062.0,29
201700016451,17,7,4,2254,5,2,3,1.0,1.0,29160,M,4849815.0,-442763.0,29
201700016452,17,7,11,1449,1,2,1,2.0,6.0,29077,M,4863467.0,-441134.0,29
201700016453,17,7,13,1500,1,1,1,1.0,5.0,29015,M,4849863.0,-449663.0,29
201700016454,17,7,26,1429,1,1,1,2.0,6.0,29015,M,4848504.0,-448262.0,29
201700016455,17,8,4,45,3,1,1,1.0,2.0,29117,M,4855866.0,-450525.0,29
201700016456,17,8,5,1355,1,1,3,1.0,1.0,29209,M,4855197.0,-450741.0,29
201700016457,17,9,25,2230,3,1,1,5.0,7.0,29209,M,4854495.0,-450442.0,29
201700016458,17,10,3,1815,1,1,3,1.0,3.0,29093,M,4859105.0,-441238.0,29
201700016459,17,10,9,1710,1,1,9,1.0,3.0,29160,M,4851515.0,-440748.0,29
201700016460,17,11,24,1800,3,1,1,8.0,2.0,29160,M,4851122.0,-441422.0,29
201700016461,17,12,17,1210,1,2,6,1.0,3.0,29117,M,4857092.0,-452304.0,29
201700016462,17,1,27,1430,1,2,3,1.0,6.0,29040,M,4835490.0,-475770.0,29
201700016463,17,1,25,945,1,1,1,1.0,2.0,29130,M,4839030.0,-468056.0,29
201700016464,17,2,3,1450,1,1,1,1.0,1.0,29190,M,4834033.0,-472030.0,29
201700016465,17,2,8,1035,1,2,2,1.0,3.0,29130,M,4836372.0,-467103.0,29
201700016466,17,2,15,1600,1,2,6,1.0,7.0,29011,M,4841395.0,-452662.0,29
201700016467,17,3,4,1024,1,1,1,3.0,6.0,29201,M,4840485.0,-466311.0,29
201700016468,17,3,13,1745,1,1,1,7.0,6.0,29212,M,4837552.0,-456396.0,29
201700016469,17,4,6,2309,3,1,2,1.0,3.0,29190,M,4836187.0,-468991.0,29
201700016470,17,4,17,1850,1,2,1,1.0,2.0,29212,M,4838141.0,-461539.0,29
201700016471,17,4,27,1315,1,1,1,1.0,6.0,29212,M,4834609.0,-462284.0,29
201700016472,17,5,2,745,1,2,2,1.0,3.0,29011,M,4841792.0,-452436.0,29
201700016473,17,6,14,1515,1,2,6,1.0,7.0,29069,M,4842551.0,-457021.0,29
201700016474,17,6,28,1600,1,1,1,1.0,7.0,29212,M,4834627.0,-461151.0,29
201700016475,17,6,30,1340,1,1,2,3.0,3.0,29212,M,4836399.0,-459156.0,29
201700016476,17,7,6,1725,1,2,1,1.0,6.0,29069,M,4842645.0,-455602.0,29
201700016477,17,8,5,1030,1,2,6,7.0,1.0,29069,M,4842910.0,-456206.0,29
201700016478,17,8,27,1900,1,1,1,1.0,1.0,29177,M,4842168.0,-468639.0,29
201700016479,17,9,15,720,2,1,1,1.0,2.0,29190,M,4835370.0,-472229.0,29
201700016480,17,9,24,555,3,2,1,1.0,6.0,29212,M,4838368.0,-461075.0,29
201700016481,17,11,6,830,1,2,2,1.0,6.0,29069,M,4842107.0,-455870.0,29
201700016482,17,11,17,750,2,1,1,1.0,1.0,29069,M,4840552.0,-456568.0,29
201700016483,17,1,8,1945,5,2,6,1.0,6.0,29260,M,4843490.0,-461827.0,29
201700016484,17,1,11,1430,1,2,6,2.0,4.0,29260,M,4843521.0,-461850.0,29
201700016485,17,1,22,200,3,1,1,1.0,6.0,29208,M,4849672.0,-469454.0,29
201700016486,17,1,22,650,3,1,1,1.0,1.0,29119,M,4848118.0,-466802.0,29
201700016487,17,1,25,730,3,1,1,9.0,6.0,29208,M,4848692.0,-467052.0,29
201700016488,17,2,5,545,5,2,1,3.0,5.0,29260,M,4843490.0,-461827.0,29
201700016489,17,2,7,1715,1,1,1,8.0,1.0,29257,M,4855643.0,-460521.0,29
201700016490,17,3,14,1320,1,1,1,1.0,6.0,29178,M,4852310.0,-466339.0,29
201700016491,17,4,6,1900,1,1,4,1.0,3.0,29017,M,4847725.0,-471832.0,29
201700016492,17,4,7,830,1,1,3,5.0,1.0,29257,M,4856248.0,-461790.0,29
201700016493,17,4,16,230,3,1,1,1.0,6.0,29178,M,4851426.0,-465834.0,29