Num_Acc,an,mois,jour,hrmn,lum,agg,int,atm,col,com,gps,lat,long,dep
201700016494,17,5,25,1345,1,1,1,7.0,1.0,29149,M,4844119.0,-457894.0,29
201700016495,17,5,31,620,1,1,6,1.0,7.0,29149,M,4844820.0,-455450.0,29
201700016496,17,6,4,1930,1,2,1,1.0,1.0,29112,M,4847436.0,-475080.0,29
201700016497,17,6,16,2215,5,2,1,1.0,6.0,29098,M,4844409.0,-477098.0,29
201700016498,17,6,23,1930,1,2,1,1.0,6.0,29178,M,4853629.0,-466057.0,29
201700016499,17,6,30,2045,2,1,1,1.0,1.0,29119,M,4845410.0,-462483.0,29
201700016500,17,8,14,1855,1,1,9,1.0,6.0,29221,M,4849245.0,-476502.0,29
201700016501,17,8,24,1530,1,1,1,1.0,6.0,29260,M,4841985.0,-462938.0,29
201700016502,17,9,5,1920,1,1,1,1.0,1.0,29099,M,4853988.0,-464148.0,29
201700016503,17,9,13,1040,1,1,1,2.0,1.0,29017,M,4845595.0,-467166.0,29
201700016504,17,9,29,1710,1,2,2,1.0,3.0,29196,M,4852123.0,-460753.0,29
201700016505,17,10,15,1105,1,2,3,1.0,3.0,29017,M,4847728.0,-471795.0,29
201700016506,17,10,23,1335,1,1,2,1.0,1.0,29119,M,4845548.0,-462621.0,29
201700016507,17,10,31,1314,1,1,6,1.0,2.0,29019,M,4844894.0,-451185.0,29
201700016508,17,11,5,1820,2,1,1,1.0,1.0,29177,M,4843656.0,-465440.0,29
201700016509,17,12,15,830,2,1,3,2.0,1.0,29260,M,4841605.0,-464320.0,29
201700016510,17,12,17,1155,1,2,2,1.0,3.0,29178,M,4856022.0,-468540.0,29
201700016511,17,12,22,2130,3,1,1,5.0,6.0,29011,M,4843506.0,-453933.0,29
201700016512,17,2,7,1330,1,1,1,8.0,6.0,29176,M,4811017.0,-420521.0,29
201700016513,17,4,5,1455,1,1,3,1.0,3.0,29176,M,4813444.0,-422705.0,29
201700016514,17,6,22,1825,1,1,1,1.0,7.0,29026,M,4818436.0,-410988.0,29
201700016515,17,7,2,1248,1,1,1,8.0,7.0,29243,M,4818728.0,-408737.0,29
201700016516,17,7,7,2330,3,1,1,1.0,5.0,29166,M,4814834.0,-419637.0,29
201700016517,17,9,8,2100,3,1,1,2.0,1.0,29302,M,4828632.0,-412342.0,29
201700016518,17,10,10,1030,1,2,7,1.0,6.0,29053,M,4829443.0,-417969.0,29
201700016519,17,10,23,620,3,1,9,1.0,6.0,29044,M,4819284.0,-413962.0,29
201700016520,17,10,27,1800,1,2,3,1.0,3.0,29053,M,4829717.0,-418103.0,29
201700016521,17,11,8,1210,1,1,1,1.0,6.0,29172,M,4817445.0,-422857.0,29
201700016522,17,12,13,105,3,1,3,2.0,6.0,29025,M,4815444.0,-407632.0,29
201700016523,17,1,28,1130,1,2,1,1.0,6.0,29211,M,4831409.0,-373691.0,29
201700016524,17,4,2,1615,1,1,3,7.0,3.0,29205,M,4829725.0,-358878.0,29
201700016525,17,4,12,1545,1,1,3,7.0,3.0,29029,M,4826738.0,-361662.0,29
201700016526,17,4,23,625,2,1,3,1.0,6.0,29278,M,4818932.0,-368317.0,29
201700016527,17,4,22,1415,1,1,3,1.0,3.0,29227,M,4835553.0,-360468.0,29
201700016528,17,4,26,1930,1,2,1,1.0,3.0,29024,M,4827449.0,-357742.0,29
201700016529,17,4,30,1530,1,2,1,3.0,3.0,29024,M,4827136.0,-358618.0,29
201700016530,17,5,3,1800,1,1,1,1.0,7.0,29275,M,4844237.0,-366602.0,29
201700016531,17,6,11,630,2,1,1,5.0,6.0,29278,M,4816573.0,-366006.0,29
201700016532,17,7,22,1215,1,1,1,2.0,6.0,29227,M,4831195.0,-361057.0,29
201700016533,17,8,10,1515,1,2,1,1.0,6.0,29024,M,4827669.0,-356943.0,29
201700016534,17,8,26,2355,3,1,1,1.0,6.0,29211,M,4833955.0,-376627.0,29
201700016535,17,10,10,1725,1,2,7,1.0,6.0,29024,M,4827669.0,-356409.0,29
201700016536,17,11,4,2225,3,1,1,2.0,6.0,29054,M,4839519.0,-385970.0,29
201700016537,17,11,25,1445,1,2,1,1.0,6.0,29024,M,4827712.0,-356673.0,29
201700016538,17,12,7,1715,2,1,2,2.0,3.0,29227,M,4835348.0,-359938.0,29
201700016539,17,12,9,1545,1,2,2,2.0,6.0,29024,M,4827635.0,-357116.0,29
201700016540,17,12,15,1405,1,1,3,2.0,6.0,29054,M,4837385.0,-382181.0,29
201700016541,17,12,21,1200,1,1,1,2.0,1.0,29278,M,4820578.0,-370448.0,29
201700016542,17,1,29,110,3,1,1,1.0,7.0,29016,M,4829860.0,-398249.0,29
201700016543,17,1,27,805,3,1,1,1.0,6.0,29048,M,4812545.0,-392699.0,29
201700016544,17,2,14,1800,1,1,1,1.0,1.0,29267,M,4816071.0,-387548.0,29
201700016545,17,2,15,1450,1,2,1,1.0,6.0,29123,M,4819852.0,-389971.0,29
201700016546,17,3,17,1652,1,1,1,1.0,7.0,29261,M,4834902.0,-398768.0,29
201700016547,17,3,18,1615,1,2,2,8.0,7.0,29020,M,4809721.0,-399657.0,29
201700016548,17,4,11,1715,1,1,1,1.0,7.0,29016,M,4830031.0,-396291.0,29
201700016549,17,4,22,1830,1,1,2,1.0,5.0,29020,M,4807328.0,-399016.0,29
201700016550,17,4,23,2320,4,2,1,1.0,7.0,29062,M,4816882.0,-397553.0,29
201700016551,17,4,25,940,1,1,3,1.0,7.0,29249,M,4813789.0,-379769.0,29
201700016552,17,5,10,1805,1,1,1,1.0,6.0,29175,M,4826676.0,-380739.0,29
201700016553,17,5,16,1800,1,1,6,1.0,4.0,29020,M,4809997.0,-401736.0,29
201700016554,17,6,17,330,3,1,1,1.0,6.0,29162,M,4822599.0,-402494.0,29
201700016555,17,6,24,1430,1,1,2,1.0,6.0,29123,M,4822989.0,-390255.0,29
201700016556,17,7,18,1500,1,1,9,1.0,1.0,29249,M,4815026.0,-376025.0,29
201700016557,17,7,20,1215,1,1,3,1.0,1.0,29141,M,4832908.0,-380940.0,29
201700016558,17,7,21,1345,1,1,3,2.0,2.0,29175,M,4821604.0,-375849.0,29
201700016559,17,8,15,1720,1,1,1,1.0,3.0,29291,M,4808837.0,-388477.0,29
201700016560,17,9,23,2145,3,1,3,1.0,6.0,29020,M,4812463.0,-401963.0,29
201700016561,17,10,7,1430,1,1,3,1.0,2.0,29020,M,4805199.0,-404101.0,29
201700016562,17,10,15,600,4,2,1,1.0,6.0,29122,M,4813622.0,-383905.0,29
201700016563,17,10,15,1515,1,1,1,1.0,6.0,29062,M,4815552.0,-401376.0,29
201700016564,17,11,3,1145,1,1,2,1.0,2.0,29027,M,4820564.0,-379715.0,29
201700016565,17,11,29,1650,1,1,6,1.0,4.0,29142,M,4816403.0,-403440.0,29
201700016566,17,12,19,810,2,1,5,1.0,3.0,29142,M,4816158.0,-403965.0,29
201700016567,17,2,5,1920,5,2,1,2.0,6.0,29199,M,4856629.0,-370960.0,29
201700016568,17,2,19,635,3,2,1,1.0,6.0,29191,M,4852148.0,-371182.0,29
201700016569,17,4,1,1000,1,1,3,8.0,2.0,29199,M,4859077.0,-369386.0,29
201700016570,17,5,16,1055,1,1,1,1.0,6.0,29067,M,4853316.0,-359796.0,29
201700016571,17,6,12,1130,1,1,2,1.0,3.0,29191,M,4851795.0,-371259.0,29
201700016572,17,6,30,1230,1,2,1,2.0,1.0,29067,M,4852072.0,-358631.0,29
201700016573,17,7,5,1020,1,1,1,7.0,5.0,29199,M,4857347.0,-374359.0,29
201700016574,17,8,28,1850,1,1,3,1.0,3.0,29182,M,4862465.0,-369139.0,29
201700016575,17,11,4,2015,3,2,1,3.0,1.0,29067,M,4851658.0,-358172.0,29
201700016576,17,12,12,835,2,1,1,1.0,1.0,29191,M,4855651.0,-372319.0,29
201700016577,17,12,14,1250,1,1,1,3.0,6.0,29188,M,4867453.0,-378531.0,29
201700016578,17,12,18,1510,1,2,1,1.0,6.0,29207,M,4856531.0,-382290.0,29
201700016579,17,1,15,1839,5,2,1,2.0,6.0,29193,M,4855393.0,-408545.0,29
201700016580,17,3,26,1900,1,1,1,1.0,3.0,29213,M,4856911.0,-409633.0,29
201700016581,17,4,9,1835,1,1,1,1.0,1.0,29202,M,4843838.0,-388116.0,29
201700016582,17,5,10,1730,1,1,1,1.0,1.0,29038,M,4841147.0,-396837.0,29
201700016583,17,6,2,2100,1,2,6,2.0,3.0,29265,M,4856006.0,-388946.0,29
201700016584,17,7,3,1330,1,1,1,1.0,3.0,29074,M,4848324.0,-398781.0,29
201700016585,17,7,29,1015,1,1,1,2.0,6.0,29204,M,4855988.0,-424309.0,29
201700016586,17,8,2,2300,3,1,1,2.0,6.0,29038,M,4840574.0,-392135.0,29
201700016587,17,9,5,915,1,1,1,1.0,1.0,29163,M,4854608.0,-382878.0,29
201700016588,17,9,19,810,2,1,1,1.0,6.0,29163,M,4852307.0,-390548.0,29
201700016589,17,9,21,830,1,1,2,2.0,3.0,29163,M,4850433.0,-389951.0,29
201700016590,17,9,23,1858,1,2,1,1.0,3.0,29204,M,4851632.0,-421237.0,29
201700016591,17,10,2,1030,1,1,1,1.0,6.0,29204,M,4855986.0,-424319.0,29
201700016592,17,10,28,1545,1,1,1,1.0,3.0,29266,M,4847274.0,-396484.0,29
201700016593,17,12,8,2040,3,1,6,9.0,3.0,29163,M,4853461.0,-387299.0,29
201700016594,17,1,26,1750,1,1,1,1.0,6.0,29213,M,4859393.0,-407113.0,29
201700016595,17,4,16,1815,1,1,1,1.0,7.0,29068,M,4858484.0,-392516.0,29
201700016596,17,4,20,700,2,1,1,1.0,1.0,29187,M,4857474.0,-412378.0,29
201700016597,17,4,22,1815,1,2,1,1.0,3.0,29023,M,4866621.0,-391602.0,29
201700016598,17,5,21,1110,1,1,1,1.0,7.0,29148,M,4860639.0,-402109.0,29
201700016599,17,5,25,2100,1,2,1,7.0,1.0,29184,M,4862710.0,-398552.0,29
201700016600,17,5,29,1700,1,2,1,1.0,6.0,29276,M,4866669.0,-407022.0,29
201700016601,17,6,6,1040,1,2,1,6.0,6.0,29285,M,4862159.0,-407624.0,29
201700016602,17,6,16,1945,1,1,5,1.0,3.0,29192,M,4864814.0,-404306.0,29
201700016603,17,6,21,1330,1,1,2,1.0,3.0,29279,M,4861217.0,-390749.0,29
201700016604,17,6,15,1830,1,1,3,1.0,3.0,29030,M,4865860.0,-410975.0,29
201700016605,17,7,22,1915,1,1,1,2.0,3.0,29192,M,4867587.0,-403015.0,29
201700016606,17,7,26,1315,1,2,3,2.0,3.0,29259,M,4867794.0,-400005.0,29
201700016607,17,8,2,1930,2,1,4,2.0,2.0,29239,M,4870337.0,-398772.0,29
201700016608,17,8,16,1820,1,1,3,1.0,3.0,29187,M,4853942.0,-411561.0,29
201700016609,17,8,20,900,1,2,2,1.0,3.0,29185,M,4865590.0,-417880.0,29
201700016610,17,9,22,145,3,1,1,1.0,6.0,29187,M,4855646.0,-412866.0,29
201700016611,17,9,19,1335,1,2,9,1.0,2.0,29259,M,4867630.0,-398073.0,29
201700016612,17,10,2,1753,1,1,4,2.0,3.0,29068,M,4852485.0,-399019.0,29
201700016613,17,10,6,725,3,2,1,1.0,6.0,29279,M,4859852.0,-390091.0,29
201700016614,17,10,14,1500,1,2,3,1.0,3.0,29273,M,4871124.0,-401689.0,29
201700016615,17,10,25,2300,5,1,1,5.0,1.0,29259,M,4869619.0,-398769.0,29
201700016616,17,10,27,2020,3,1,1,1.0,6.0,29023,M,4865214.0,-391634.0,29
201700016617,17,11,17,544,3,1,1,2.0,1.0,29210,M,4859539.0,-405204.0,29
201700016618,17,12,21,1805,3,1,3,1.0,4.0,29192,M,4863852.0,-405216.0,29
201700016619,17,12,23,1745,2,2,1,1.0,6.0,29276,M,4866604.0,-406311.0,29
201700016620,17,4,9,1000,1,1,1,7.0,3.0,29147,M,4789717.0,-359361.0,29
201700016621,17,4,29,1445,1,1,3,7.0,3.0,29005,M,4786400.0,-359373.0,29
201700016622,17,5,2,1830,1,1,9,1.0,1.0,29002,M,4787940.0,-345168.0,29
201700016623,17,5,27,1415,1,2,1,8.0,1.0,29233,M,4787547.0,-354687.0,29
201700016624,17,6,24,645,2,2,9,7.0,6.0,29233,M,4786815.0,-355151.0,29
201700016625,17,7,16,800,1,1,1,1.0,3.0,29230,M,4796793.0,-357328.0,29
201700016626,17,7,19,2320,5,2,6,2.0,6.0,29233,M,4787016.0,-357021.0,29
201700016627,17,8,5,2035,1,2,3,1.0,3.0,29233,M,4787279.0,-356619.0,29
201700016628,17,9,7,200,3,1,6,1.0,7.0,29233,M,4784072.0,-358260.0,29
201700016629,17,9,7,2120,3,1,1,1.0,7.0,29002,M,4790560.0,-344684.0,29
201700016630,17,10,16,1230,1,1,3,1.0,3.0,29230,M,4796487.0,-350021.0,29
201700016631,17,12,21,1030,1,2,3,1.0,6.0,29233,M,4787227.0,-351921.0,29
201700016632,17,12,23,1615,1,1,1,2.0,2.0,29233,M,4787069.0,-357599.0,29
201700016633,17,3,12,1,3,2,1,1.0,6.0,29150,M,4780421.0,-368837.0,29
201700016634,17,3,31,1430,1,2,1,1.0,3.0,29293,M,4787727.0,-384936.0,29
201700016635,17,4,5,1130,1,2,9,1.0,6.0,29150,M,4781091.0,-363361.0,29
201700016636,17,4,24,2245,4,2,1,1.0,6.0,29293,M,4785663.0,-387709.0,29
201700016637,17,5,13,1100,1,1,1,1.0,6.0,29236,M,4788722.0,-370860.0,29
201700016638,17,5,21,835,1,1,1,1.0,6.0,29293,M,4783795.0,-384497.0,29
201700016639,17,6,18,1100,1,1,1,7.0,1.0,29150,M,4781015.0,-360513.0,29
201700016640,17,6,21,2358,3,1,1,1.0,6.0,29150,M,4778184.0,-364362.0,29
201700016641,17,6,23,130,3,2,6,1.0,7.0,29293,M,4785679.0,-385781.0,29
201700016642,17,6,23,1617,1,1,1,1.0,3.0,29031,M,4779349.0,-355107.0,29
201700016643,17,7,14,1730,1,1,9,1.0,2.0,29293,M,4779849.0,-383931.0,29
201700016644,17,7,25,925,1,1,2,1.0,4.0,29293,M,4782694.0,-383902.0,29
201700016645,17,8,1,230,3,1,1,1.0,6.0,29217,M,4786177.0,-373313.0,29
201700016646,17,8,4,1610,1,2,1,1.0,6.0,29150,M,4780283.0,-371968.0,29
201700016647,17,8,17,1820,1,2,1,1.0,6.0,29236,M,4783336.0,-371998.0,29
201700016648,17,9,1,1800,1,1,1,1.0,6.0,29293,M,4784212.0,-386520.0,29
201700016649,17,9,26,1905,2,1,1,7.0,3.0,29153,M,4781890.0,-377777.0,29
201700016650,17,12,8,1350,1,1,1,1.0,6.0,29150,M,4779985.0,-371168.0,29
201700016651,17,1,3,815,2,1,1,1.0,1.0,29274,M,4798931.0,-371874.0,29
201700016652,17,1,6,730,5,2,1,1.0,6.0,29241,M,4795844.0,-377758.0,29
201700016653,17,1,12,1810,3,1,1,6.0,6.0,29146,M,4789617.0,-385808.0,29
201700016654,17,1,27,1820,3,1,1,2.0,5.0,29049,M,4796724.0,-387228.0,29
201700016655,17,2,11,735,2,1,1,1.0,6.0,29004,M,4792005.0,-362825.0,29
201700016656,17,2,17,1120,1,2,2,1.0,1.0,29049,M,4799402.0,-389267.0,29
201700016657,17,3,26,1730,1,1,1,1.0,6.0,29146,M,4788812.0,-384615.0,29
201700016658,17,5,17,1820,1,1,1,2.0,6.0,29241,M,4794458.0,-377068.0,29
201700016659,17,6,12,1710,1,2,2,1.0,2.0,29241,M,4796159.0,-382977.0,29
201700016660,17,7,2,1225,1,1,3,1.0,3.0,29274,M,4796672.0,-371030.0,29
201700016661,17,7,28,1645,1,1,1,6.0,6.0,29272,M,4796014.0,-396079.0,29
201700016662,17,8,14,2000,1,1,3,1.0,3.0,29049,M,4797148.0,-390361.0,29
201700016663,17,10,3,1045,1,1,2,1.0,3.0,29274,M,4803301.0,-372932.0,29
201700016664,17,10,29,1235,1,1,2,2.0,3.0,29274,M,4803300.0,-372935.0,29
201700016665,17,12,31,12,3,1,1,6.0,6.0,29300,M,4789520.0,-365545.0,29
201700016666,17,1,15,1745,3,1,1,1.0,6.0,34154,M,4355356.0,400446.0,34
201700016667,17,4,4,650,2,2,1,1.0,6.0,34192,M,4353186.0,392006.0,34
201700016668,17,4,18,139,3,2,1,1.0,6.0,34192,M,4353437.0,390657.0,34
201700016669,17,4,29,1125,1,1,1,1.0,7.0,34154,M,4355709.0,403535.0,34
201700016670,17,7,22,1130,1,1,9,1.0,1.0,34192,M,4353483.0,394209.0,34
201700016671,17,7,23,850,1,1,1,1.0,1.0,34192,M,4353427.0,391922.0,34
201700016672,17,11,21,1510,1,2,1,1.0,6.0,34192,M,4352939.0,393005.0,34
201700016673,17,1,18,1100,1,2,7,1.0,6.0,35184,M,4819928.0,-204753.0,35
201700016674,17,2,7,1915,2,2,8,3.0,6.0,35234,M,4824857.0,-214524.0,35
201700016675,17,2,7,1935,3,1,1,2.0,6.0,35297,M,4820108.0,-217474.0,35
201700016676,17,3,18,1435,1,2,3,1.0,3.0,35297,M,4818564.0,-217862.0,35
201700016677,17,4,7,1550,1,1,3,1.0,1.0,35171,M,4827507.0,-203066.0,35
201700016678,17,5,26,2115,1,1,2,1.0,3.0,35027,M,4815519.0,-205008.0,35
201700016679,17,6,16,1524,1,1,1,1.0,1.0,35297,M,4819334.0,-217030.0,35
201700016680,17,7,20,1957,1,1,2,1.0,1.0,35060,M,4820050.0,-199262.0,35
201700016681,17,8,26,1135,1,1,3,1.0,3.0,35297,M,4821132.0,-217598.0,35
201700016682,17,11,15,1350,1,1,1,1.0,1.0,35302,M,4818098.0,-215602.0,35
201700016683,17,2,21,1815,2,1,3,1.0,1.0,35223,M,4800974.0,-208720.0,35
201700016684,17,3,19,1020,1,1,3,1.0,3.0,35351,M,4805724.0,-193724.0,35
201700016685,17,4,9,530,3,1,1,1.0,7.0,35227,M,4817488.0,-192145.0,35
201700016686,17,4,10,2040,2,1,1,1.0,7.0,35227,M,4817781.0,-192494.0,35
201700016687,17,4,22,1255,1,1,2,1.0,3.0,35133,M,4815507.0,-201609.0,35
201700016688,17,4,11,1250,1,1,1,1.0,3.0,35340,M,4802714.0,-201694.0,35
201700016689,17,5,1,2215,3,1,1,2.0,1.0,35188,M,4812486.0,-193772.0,35
201700016690,17,5,6,1000,1,1,1,1.0,6.0,35188,M,4815144.0,-196705.0,35
201700016691,17,5,7,1630,1,1,2,1.0,3.0,35133,M,4815448.0,-201398.0,35
201700016692,17,5,7,630,1,1,1,1.0,6.0,35223,M,4801329.0,-206841.0,35
201700016693,17,5,14,1035,1,1,1,1.0,1.0,35277,M,4811041.0,-210012.0,35
201700016694,17,5,15,2200,2,1,1,1.0,2.0,35188,M,4812935.0,-196767.0,35
201700016695,17,5,27,1120,1,1,2,1.0,5.0,35331,M,4807459.0,-189617.0,35
201700016696,17,6,21,1615,1,2,1,1.0,1.0,35227,M,4818199.0,-191262.0,35
201700016697,17,6,23,1635,1,1,1,1.0,6.0,35023,M,4816351.0,-194560.0,35
201700016698,17,7,1,530,2,1,1,1.0,7.0,35223,M,4799001.0,-209192.0,35
201700016699,17,9,7,740,2,1,1,1.0,1.0,35023,M,4820065.0,-199093.0,35
201700016700,17,9,23,2330,5,2,2,1.0,3.0,35188,M,4813833.0,-196281.0,35
201700016701,17,10,1,2030,3,1,1,2.0,2.0,35319,M,4803924.0,-195943.0,35
201700016702,17,11,13,945,1,1,1,1.0,2.0,35023,M,4818759.0,-196905.0,35
201700016703,17,11,12,1805,3,1,2,2.0,3.0,35331,M,4807204.0,-191271.0,35
201700016704,17,1,16,830,2,1,1,2.0,1.0,35100,M,4828090.0,-115134.0,35
201700016705,17,1,25,835,2,1,1,5.0,6.0,35324,M,4831531.0,-114931.0,35
201700016706,17,3,16,1700,1,1,2,7.0,3.0,35267,M,4836939.0,-130629.0,35
201700016707,17,5,25,1830,1,1,3,1.0,3.0,35174,M,4846762.0,-118407.0,35
201700016708,17,7,18,1950,1,1,1,1.0,7.0,35324,M,4831566.0,-112636.0,35
201700016709,17,8,10,841,1,1,6,8.0,3.0,35021,M,4834293.0,-117027.0,35
201700016710,17,9,23,935,1,1,2,1.0,3.0,35112,M,4838147.0,-109453.0,35
201700016711,17,10,23,1840,2,1,1,2.0,7.0,35243,M,4835114.0,-127364.0,35
201700016712,17,11,14,1645,1,1,6,1.0,2.0,35137,M,4833612.0,-119176.0,35
201700016713,17,11,20,715,3,1,3,5.0,6.0,35138,M,4839534.0,-112167.0,35
201700016714,17,4,8,510,2,1,1,1.0,1.0,35191,M,4845723.0,-130589.0,35
201700016715,17,4,8,2355,3,1,1,1.0,6.0,35244,M,4837001.0,-149844.0,35
201700016716,17,5,27,1415,1,1,1,1.0,1.0,35303,M,4845717.0,-145725.0,35
201700016717,17,5,27,1840,1,1,1,1.0,7.0,35273,M,4841521.0,-125666.0,35
201700016718,17,6,30,2230,3,1,1,8.0,7.0,35083,M,4844277.0,-140154.0,35
201700016719,17,7,10,1330,1,1,2,1.0,2.0,35019,M,4844874.0,-158775.0,35
201700016720,17,8,13,1835,1,1,1,1.0,6.0,35341,M,4841800.0,-150400.0,35
201700016721,17,8,18,450,3,1,1,1.0,3.0,35257,M,4842208.0,-133849.0,35
201700016722,17,8,25,2045,2,1,1,1.0,6.0,35273,M,4839702.0,-126999.0,35
201700016723,17,9,29,1015,1,1,3,8.0,2.0,35273,M,4839749.0,-130124.0,35
201700016724,17,10,9,730,5,2,1,1.0,3.0,35257,M,4841011.0,-136489.0,35
201700016725,17,11,3,1000,1,1,9,1.0,7.0,35083,M,4845111.0,-136604.0,35
201700016726,17,11,5,1200,1,1,3,2.0,6.0,35341,M,4840569.0,-148320.0,35
201700016727,17,11,6,750,2,2,2,5.0,6.0,35257,M,4841173.0,-136262.0,35
201700016728,17,11,16,1700,3,1,1,1.0,7.0,35309,M,4836029.0,-156317.0,35
201700016729,17,3,30,1420,1,2,9,1.0,6.0,35012,M,4784557.0,-168742.0,35
201700016730,17,4,23,1700,1,1,1,1.0,7.0,35089,M,4790983.0,-149861.0,35
201700016731,17,6,20,1110,1,1,1,1.0,6.0,35012,M,4783076.0,-164204.0,35
201700016732,17,7,4,1725,1,1,1,1.0,1.0,35231,M,4789761.0,-170125.0,35
201700016733,17,7,6,30,3,1,1,1.0,1.0,35321,M,4791308.0,-159175.0,35
201700016734,17,8,7,1600,1,1,1,1.0,1.0,35202,M,4779998.0,-174542.0,35
201700016735,17,8,12,1240,1,1,2,2.0,3.0,35202,M,4780495.0,-174536.0,35
201700016736,17,9,3,1552,1,1,2,2.0,3.0,35322,M,4789898.0,-160752.0,35
201700016737,17,10,13,2030,3,2,1,1.0,1.0,35322,M,4790017.0,-160653.0,35
201700016738,17,11,6,100,3,1,1,8.0,6.0,35012,M,4782815.0,-170854.0,35
201700016739,17,12,15,2330,3,1,1,1.0,1.0,35202,M,4777405.0,-177337.0,35
201700016740,17,7,3,1110,1,1,1,1.0,2.0,35132,M,4857435.0,-180092.0,35
201700016741,17,7,24,2200,3,1,2,1.0,1.0,35132,M,4859450.0,-179090.0,35
201700016742,17,7,29,830,1,1,1,1.0,6.0,35263,M,4866767.0,-194419.0,35
201700016743,17,8,5,1615,1,1,1,1.0,6.0,35263,M,4868834.0,-190655.0,35
201700016744,17,9,3,415,3,1,1,1.0,6.0,35299,M,4864447.0,-188418.0,35
201700016745,17,11,5,1115,1,1,1,4.0,7.0,35224,M,4854361.0,-187925.0,35
201700016746,17,12,3,2128,3,1,1,5.0,1.0,35306,M,4859027.0,-190443.0,35
201700016747,17,12,8,1015,1,1,1,7.0,6.0,35179,M,4852074.0,-190473.0,35
201700016748,17,12,22,840,2,2,1,2.0,5.0,35255,M,4862098.0,-185289.0,35
201700016749,17,1,5,940,1,2,1,1.0,1.0,35222,M,4853249.0,-156166.0,35
201700016750,17,1,6,1040,1,2,9,7.0,6.0,35095,M,4855186.0,-175070.0,35
201700016751,17,5,2,520,3,1,1,4.0,1.0,35010,M,4855763.0,-170313.0,35
201700016752,17,5,13,1015,1,1,2,1.0,3.0,35246,M,4855976.0,-180547.0,35
201700016753,17,6,24,1620,1,1,1,1.0,7.0,35186,M,4857674.0,-177256.0,35
201700016754,17,7,14,1300,1,1,1,1.0,7.0,35222,M,4855306.0,-156566.0,35
201700016755,17,8,7,1220,1,2,1,1.0,6.0,35095,M,4854890.0,-175813.0,35
201700016756,17,8,10,1635,1,1,3,1.0,4.0,35222,M,4853866.0,-154459.0,35
201700016757,17,8,18,1910,1,2,1,1.0,6.0,35339,M,4849513.0,-159760.0,35
201700016758,17,9,9,2315,3,1,1,2.0,7.0,35009,M,4850011.0,-176466.0,35
201700016759,17,9,13,130,3,1,1,2.0,6.0,35248,M,4854806.0,-158857.0,35
201700016760,17,9,30,830,1,1,1,1.0,6.0,35259,M,4857566.0,-168914.0,35
201700016761,17,9,30,2005,2,1,1,2.0,1.0,35259,M,4856400.0,-161428.0,35
201700016762,17,11,13,1800,2,2,6,1.0,3.0,35095,M,4854958.0,-175659.0,35
201700016763,17,12,7,825,2,2,1,2.0,6.0,35095,M,4855042.0,-174888.0,35
201700016764,17,12,12,1730,5,2,3,1.0,6.0,35095,M,4855104.0,-173902.0,35
201700016765,17,1,15,300,3,1,1,3.0,6.0,35217,M,4802277.0,-108951.0,35
201700016766,17,2,27,740,2,2,1,3.0,6.0,35360,M,4810948.0,-119865.0,35
201700016767,17,3,3,1000,1,1,2,1.0,3.0,35061,M,4813381.0,-110067.0,35
201700016768,17,3,24,715,1,1,1,1.0,6.0,35109,M,4807205.0,-122177.0,35
201700016769,17,3,31,2115,3,1,1,3.0,1.0,35166,M,4814908.0,-134725.0,35
201700016770,17,4,3,1630,1,1,1,1.0,1.0,35300,M,4817754.0,-109598.0,35
201700016771,17,4,12,1215,1,1,1,1.0,1.0,35015,M,4817622.0,-116741.0,35
201700016772,17,4,14,2340,4,2,2,1.0,3.0,35347,M,4817432.0,-129599.0,35
201700016773,17,5,10,1150,1,1,3,1.0,3.0,35183,M,4807754.0,-110788.0,35
201700016774,17,6,16,1915,1,1,1,1.0,7.0,35015,M,4819158.0,-118243.0,35
201700016775,17,8,18,1345,1,1,1,1.0,6.0,35192,M,4824029.0,-121210.0,35
201700016776,17,8,23,1850,1,1,3,1.0,3.0,35038,M,4810220.0,-106316.0,35
201700016777,17,9,1,2310,3,1,1,1.0,6.0,35194,M,4813440.0,-125182.0,35
201700016778,17,9,19,1800,1,2,3,1.0,3.0,35360,M,4811695.0,-121136.0,35
201700016779,17,9,23,1535,1,1,2,7.0,3.0,35229,M,4812338.0,-126140.0,35
201700016780,17,10,21,1645,1,1,1,7.0,2.0,35105,M,4809156.0,-110098.0,35
201700016781,17,11,17,1830,3,1,3,1.0,2.0,35360,M,4814182.0,-121819.0,35
201700016782,17,11,27,1050,1,2,6,1.0,6.0,35360,M,4811141.0,-120510.0,35
201700016783,17,12,5,1115,1,2,1,8.0,6.0,35360,M,4812111.0,-120981.0,35
201700016784,17,2,27,1930,3,1,1,2.0,3.0,35099,M,4806689.0,-156516.0,35
201700016785,17,3,23,1705,1,1,1,1.0,6.0,35207,M,4812476.0,-153188.0,35
201700016786,17,4,1,1105,1,1,1,1.0,1.0,35207,M,4812622.0,-153237.0,35
201700016787,17,7,21,730,1,1,2,1.0,3.0,35069,M,4803324.0,-150391.0,35
201700016788,17,8,7,1555,1,1,3,1.0,3.0,35161,M,4804009.0,-135345.0,35
201700016789,17,8,8,1415,1,1,1,1.0,7.0,35327,M,4810371.0,-146370.0,35
201700016790,17,9,10,2210,3,1,2,2.0,3.0,35327,M,4810425.0,-146508.0,35
201700016791,17,10,2,1520,1,1,1,1.0,3.0,35207,M,4810809.0,-152320.0,35