Num_Acc,an,mois,jour,hrmn,lum,agg,int,atm,col,com,gps,lat,long,dep
201700016792,17,12,16,1,3,1,2,2.0,6.0,35204,M,4804466.0,-156285.0,35
201700016793,17,12,27,1830,5,2,3,2.0,3.0,35069,M,4804806.0,-150265.0,35
201700016794,17,1,20,1120,1,2,1,9.0,3.0,44045,M,4729034.0,-187818.0,44
201700016795,17,2,24,1300,1,2,6,1.0,3.0,44194,M,4726114.0,-166516.0,44
201700016796,17,3,20,1815,1,1,1,1.0,2.0,44158,M,4726135.0,-176123.0,44
201700016797,17,4,15,2205,3,1,1,2.0,7.0,44045,M,4728087.0,-183762.0,44
201700016798,17,5,9,1840,1,1,2,7.0,3.0,44217,M,4731571.0,-168929.0,44
201700016799,17,8,6,1555,1,1,1,9.0,7.0,44194,M,4727353.0,-166711.0,44
201700016800,17,8,17,1905,2,1,1,2.0,3.0,44217,M,4732841.0,-172884.0,44
201700016801,17,8,30,1050,1,1,1,8.0,6.0,44194,M,4728654.0,-169744.0,44
201700016802,17,9,21,1005,1,1,1,1.0,7.0,44045,M,4730149.0,-178572.0,44
201700016803,17,11,16,200,3,1,1,1.0,6.0,44158,M,4725607.0,-175501.0,44
201700016804,17,1,5,820,2,2,1,1.0,6.0,44003,M,4737328.0,-117904.0,44
201700016805,17,1,24,420,3,1,1,1.0,6.0,44004,M,4738658.0,-109602.0,44
201700016806,17,5,8,20,3,1,1,1.0,3.0,44034,M,4745188.0,-101389.0,44
201700016807,17,8,6,1750,1,1,1,1.0,6.0,44011,M,4750071.0,-102882.0,44
201700016808,17,10,30,2005,3,1,1,1.0,5.0,44160,M,4736593.0,-122522.0,44
201700016809,17,10,17,1745,1,2,6,1.0,2.0,44003,M,4736466.0,-118893.0,44
201700016810,17,11,25,1640,1,1,1,7.0,6.0,44096,M,4741704.0,-124815.0,44
201700016811,17,2,3,5,3,1,1,1.0,1.0,44028,M,4733972.0,-135021.0,44
201700016812,17,7,5,1840,1,1,3,7.0,3.0,44077,M,4752238.0,-139602.0,44
201700016813,17,10,10,1725,1,1,3,1.0,1.0,44115,M,4735176.0,-129967.0,44
201700016814,17,10,26,1945,3,1,2,5.0,3.0,44107,M,4743304.0,-135695.0,44
201700016815,17,11,20,510,3,1,1,5.0,2.0,44202,M,4746943.0,-127152.0,44
201700016816,17,3,2,1715,1,1,1,1.0,6.0,44153,M,4770880.0,-142202.0,44
201700016817,17,3,10,2030,3,1,1,1.0,6.0,44095,M,4757645.0,-139249.0,44
201700016818,17,3,30,1115,1,1,1,1.0,5.0,44099,M,4765681.0,-137869.0,44
201700016819,17,4,14,1355,1,2,6,1.0,7.0,44036,M,4771536.0,-136307.0,44
201700016820,17,6,2,2130,1,1,1,1.0,6.0,44153,M,4770433.0,-148788.0,44
201700016821,17,7,2,130,3,1,1,1.0,6.0,44218,M,4777508.0,-126724.0,44
201700016822,17,7,11,730,2,1,1,1.0,6.0,44170,M,4766209.0,-124911.0,44
201700016823,17,8,13,245,3,1,1,1.0,6.0,44099,M,4761790.0,-142114.0,44
201700016824,17,8,23,1910,1,2,1,1.0,6.0,44036,M,4770375.0,-139556.0,44
201700016825,17,10,25,1415,1,1,1,1.0,1.0,44095,M,4756065.0,-139013.0,44
201700016826,17,11,5,1845,3,1,1,3.0,6.0,44200,M,4782940.0,-148080.0,44
201700016827,17,11,17,745,2,1,1,5.0,5.0,44170,M,4763889.0,-122497.0,44
201700016828,17,1,5,1955,3,1,1,1.0,6.0,44062,M,4751927.0,-174283.0,44
201700016829,17,1,8,720,3,1,1,1.0,6.0,44123,M,4769820.0,-178673.0,44
201700016830,17,2,26,530,3,1,1,1.0,6.0,44023,M,4740142.0,-183945.0,44
201700016831,17,2,28,2040,3,1,1,2.0,7.0,44056,M,4739051.0,-179276.0,44
201700016832,17,4,3,2100,3,1,1,1.0,1.0,44067,M,4760265.0,-184512.0,44
201700016833,17,4,7,955,1,2,1,1.0,6.0,44015,M,4747582.0,-176075.0,44
201700016834,17,4,23,2030,1,1,1,1.0,6.0,44067,M,4766054.0,-186114.0,44
201700016835,17,5,4,1830,1,1,1,1.0,3.0,44062,M,4750208.0,-175214.0,44
201700016836,17,5,6,1757,1,1,1,1.0,6.0,44067,M,4762330.0,-182223.0,44
201700016837,17,5,13,1715,1,1,2,1.0,6.0,44015,M,4740973.0,-173540.0,44
201700016838,17,5,26,650,1,1,9,1.0,6.0,44067,M,4762516.0,-188794.0,44
201700016839,17,6,10,2240,3,1,1,1.0,1.0,44123,M,4767427.0,-176978.0,44
201700016840,17,6,14,1540,1,1,3,1.0,3.0,44023,M,4741569.0,-183725.0,44
201700016841,17,6,16,1855,1,2,2,1.0,3.0,44023,M,4741715.0,-189392.0,44
201700016842,17,6,17,130,3,1,1,1.0,6.0,44128,M,4758062.0,-192490.0,44
201700016843,17,6,19,1830,1,1,1,7.0,1.0,44056,M,4743715.0,-178227.0,44
201700016844,17,6,19,1900,1,1,1,7.0,7.0,44056,M,4740931.0,-176002.0,44
201700016845,17,7,19,1815,1,1,1,1.0,4.0,44056,M,4741646.0,-182693.0,44
201700016846,17,7,21,2220,5,2,6,2.0,3.0,44067,M,4762834.0,-183311.0,44
201700016847,17,9,17,1930,2,2,1,2.0,7.0,44023,M,4743541.0,-185453.0,44
201700016848,17,10,16,905,1,1,1,2.0,6.0,44067,M,4766354.0,-186255.0,44
201700016849,17,10,27,1900,3,1,2,1.0,5.0,44007,M,4764028.0,-201216.0,44
201700016850,17,10,28,1645,1,1,1,1.0,5.0,44057,M,4759402.0,-204240.0,44
201700016851,17,11,12,1900,3,1,1,1.0,1.0,44056,M,4742506.0,-179763.0,44
201700016852,17,11,13,1715,1,1,1,7.0,5.0,44128,M,4753294.0,-193780.0,44
201700016853,17,11,27,1600,1,2,1,1.0,1.0,44007,M,4766485.0,-194068.0,44
201700016854,17,11,29,830,1,2,2,1.0,6.0,44015,M,4747794.0,-176501.0,44
201700016855,17,12,3,1900,3,1,9,2.0,6.0,44128,M,4752720.0,-195159.0,44
201700016856,17,12,11,1700,2,1,1,2.0,1.0,44128,M,4754458.0,-194137.0,44
201700016857,17,12,28,1315,1,1,1,1.0,1.0,44023,M,4739903.0,-184736.0,44
201700016858,17,3,25,1745,1,1,1,1.0,5.0,44005,M,4712065.0,-194197.0,44
201700016859,17,4,22,2000,1,2,1,1.0,2.0,44131,M,4713565.0,-210636.0,44
201700016860,17,5,9,1030,1,1,1,1.0,1.0,44131,M,4711119.0,-198813.0,44
201700016861,17,5,21,1545,1,2,3,1.0,3.0,44136,M,4713573.0,-223464.0,44
201700016862,17,6,18,1930,1,1,1,1.0,6.0,44059,M,4704254.0,-186052.0,44
201700016863,17,7,16,900,1,2,1,1.0,6.0,44126,M,4713714.0,-218989.0,44
201700016864,17,8,3,2315,3,2,1,1.0,1.0,44126,M,4715295.0,-222171.0,44
201700016865,17,8,18,1320,1,2,3,1.0,3.0,44131,M,4711875.0,-209351.0,44
201700016866,17,8,19,1530,1,1,1,1.0,5.0,44182,M,4715412.0,-214071.0,44
201700016867,17,9,19,2050,3,1,1,1.0,6.0,44131,M,4711048.0,-199405.0,44
201700016868,17,10,15,1325,1,1,1,1.0,2.0,44005,M,4718937.0,-196990.0,44
201700016869,17,11,2,1435,1,1,1,1.0,2.0,44059,M,4701119.0,-185309.0,44
201700016870,17,12,28,815,2,2,2,1.0,1.0,44131,M,4710574.0,-207174.0,44
201700016871,17,3,12,1600,1,1,1,2.0,1.0,44087,M,4699211.0,-177824.0,44
201700016872,17,4,7,1920,1,1,1,1.0,4.0,44186,M,4707659.0,-180189.0,44
201700016873,17,5,10,1620,1,1,1,1.0,5.0,44133,M,4713343.0,-177297.0,44
201700016874,17,6,18,500,2,1,1,1.0,6.0,44090,M,4699587.0,-169024.0,44
201700016875,17,6,28,910,1,1,1,1.0,2.0,44087,M,4695750.0,-185623.0,44
201700016876,17,7,17,1725,1,1,1,1.0,1.0,44133,M,4712861.0,-188951.0,44
201700016877,17,7,24,845,1,1,2,1.0,3.0,44181,M,4702554.0,-182062.0,44
201700016878,17,8,12,1240,1,1,1,2.0,1.0,44087,M,4699011.0,-184124.0,44
201700016879,17,8,16,900,1,2,1,1.0,6.0,44087,M,4699101.0,-181934.0,44
201700016880,17,8,20,1715,1,1,2,1.0,3.0,44133,M,4713138.0,-180911.0,44
201700016881,17,8,26,930,1,1,3,1.0,3.0,44220,M,4719994.0,-190099.0,44
201700016882,17,9,4,2200,3,1,3,1.0,3.0,44119,M,4699334.0,-175522.0,44
201700016883,17,11,17,1520,1,2,1,1.0,3.0,44157,M,4693307.0,-174205.0,44
201700016884,17,11,25,1950,3,1,6,1.0,3.0,44087,M,4698968.0,-179588.0,44
201700016885,17,12,11,1515,1,1,1,1.0,5.0,44186,M,4707740.0,-180116.0,44
201700016886,17,1,20,2300,3,1,1,1.0,6.0,44192,M,4722954.0,-198074.0,44
201700016887,17,3,28,840,1,1,1,1.0,3.0,44187,M,4722226.0,-212529.0,44
201700016888,17,4,29,50,3,2,1,1.0,6.0,44182,M,4716213.0,-215561.0,44
201700016889,17,5,4,1530,1,1,2,1.0,3.0,44061,M,4724315.0,-195205.0,44
201700016890,17,5,5,1150,1,2,1,1.0,6.0,44154,M,4724391.0,-215661.0,44
201700016891,17,5,21,1135,1,1,3,1.0,6.0,44046,M,4727676.0,-207941.0,44
201700016892,17,6,4,1035,1,1,1,1.0,6.0,44187,M,4722107.0,-208806.0,44
201700016893,17,6,12,1205,1,2,3,7.0,3.0,44116,M,4728786.0,-203494.0,44
201700016894,17,6,24,1435,1,1,1,1.0,1.0,44187,M,4722040.0,-207019.0,44
201700016895,17,6,19,650,1,2,1,1.0,1.0,44046,M,4727340.0,-209084.0,44
201700016896,17,7,25,1620,1,1,1,1.0,6.0,44187,M,4721602.0,-211845.0,44
201700016897,17,7,28,1406,1,1,1,1.0,6.0,44182,M,4717807.0,-212204.0,44
201700016898,17,7,27,820,1,1,9,8.0,3.0,44154,M,4720613.0,-214002.0,44
201700016899,17,9,14,1400,1,2,1,1.0,3.0,44154,M,4726481.0,-216211.0,44
201700016900,17,9,24,1500,1,1,1,1.0,3.0,44046,M,4727452.0,-209252.0,44
201700016901,17,9,30,1955,3,1,1,8.0,1.0,44187,M,4719456.0,-205141.0,44
201700016902,17,10,21,745,3,1,1,8.0,6.0,44131,M,4715776.0,-208021.0,44
201700016903,17,12,20,745,3,1,1,5.0,3.0,44061,M,4724527.0,-192417.0,44
201700016904,17,1,27,1,3,1,1,1.0,6.0,44127,M,4702914.0,-145392.0,44
201700016905,17,1,28,1730,2,1,1,2.0,5.0,44223,M,4705997.0,-153123.0,44
201700016906,17,2,5,1010,1,1,1,2.0,7.0,44014,M,4708579.0,-154327.0,44
201700016907,17,2,7,1730,1,2,1,3.0,6.0,44043,M,4709167.0,-128988.0,44
201700016908,17,2,14,1045,1,2,1,1.0,3.0,44014,M,4709812.0,-149084.0,44
201700016909,17,2,17,1900,3,1,1,1.0,1.0,44216,M,4698098.0,-147486.0,44
201700016910,17,4,19,1940,1,2,9,1.0,1.0,44002,M,4708345.0,-141199.0,44
201700016911,17,6,30,1815,1,1,1,3.0,1.0,44173,M,4707823.0,-135674.0,44
201700016912,17,7,2,1030,1,1,2,1.0,3.0,44022,M,4705858.0,-118108.0,44
201700016913,17,8,26,600,2,2,2,5.0,3.0,44223,M,4705628.0,-151303.0,44
201700016914,17,10,19,245,3,1,1,1.0,6.0,44102,M,4705974.0,-145964.0,44
201700016915,17,10,26,1045,1,1,1,1.0,3.0,44102,M,4705700.0,-144318.0,44
201700016916,17,10,31,1220,1,2,1,1.0,6.0,44216,M,4697447.0,-143496.0,44
201700016917,17,12,4,1200,1,2,1,1.0,3.0,44043,M,4709363.0,-129022.0,44
201700016918,17,12,8,910,1,1,6,8.0,2.0,44043,M,4709701.0,-127175.0,44
201700016919,17,12,18,1135,1,2,1,7.0,6.0,44223,M,4705359.0,-151078.0,44
201700016920,17,12,19,1050,1,2,1,7.0,6.0,44002,M,4708072.0,-141101.0,44
201700016921,17,1,11,720,5,2,1,2.0,6.0,44212,M,4716369.0,-127450.0,44
201700016922,17,3,1,1430,1,1,1,3.0,6.0,44029,M,4728502.0,-136822.0,44
201700016923,17,3,13,1815,1,1,1,1.0,6.0,44029,M,4730013.0,-134190.0,44
201700016924,17,4,20,2300,3,2,1,1.0,6.0,44169,M,4724649.0,-138845.0,44
201700016925,17,4,29,1820,1,2,1,1.0,1.0,44212,M,4716281.0,-126619.0,44
201700016926,17,5,10,845,1,2,1,1.0,6.0,44212,M,4716142.0,-126586.0,44
201700016927,17,5,13,915,1,1,2,1.0,3.0,44212,M,4714432.0,-125201.0,44
201700016928,17,5,27,1050,1,1,2,1.0,3.0,44084,M,4724645.0,-135110.0,44
201700016929,17,6,16,25,3,1,2,1.0,2.0,44108,M,4712667.0,-124942.0,44
201700016930,17,6,15,2130,1,1,2,1.0,3.0,44108,M,4712641.0,-124921.0,44
201700016931,17,6,24,1900,1,1,2,1.0,3.0,44140,M,4719717.0,-120707.0,44
201700016932,17,8,14,1250,1,2,3,1.0,3.0,44029,M,4726704.0,-132254.0,44
201700016933,17,11,15,1620,1,1,2,1.0,3.0,44029,M,4726490.0,-131486.0,44
201700016934,17,3,6,435,5,1,1,3.0,6.0,44150,M,4715378.0,-159904.0,44
201700016935,17,4,11,1950,1,2,6,7.0,3.0,44018,M,4714415.0,-168686.0,44
201700016936,17,4,21,1700,1,1,1,1.0,4.0,44130,M,4710194.0,-154871.0,44
201700016937,17,7,28,1240,1,2,1,1.0,6.0,44130,M,4712381.0,-158680.0,44
201700016938,17,9,25,2345,3,1,1,1.0,6.0,44130,M,4714701.0,-156316.0,44
201700016939,17,10,27,715,2,1,4,1.0,5.0,44130,M,4715142.0,-155995.0,44
201700016940,17,11,8,740,1,1,1,1.0,4.0,44130,M,4710976.0,-154352.0,44
201700016941,17,12,2,2015,5,2,1,1.0,6.0,44018,M,4714394.0,-169269.0,44
201700016942,17,12,10,1145,1,1,1,1.0,1.0,44039,M,4718677.0,-179646.0,44
201700016943,17,12,15,425,5,2,1,1.0,6.0,44120,M,4720052.0,-176252.0,44
201700016944,17,12,23,300,4,2,1,1.0,6.0,44101,M,4719209.0,-169015.0,44
201700016945,17,12,26,1725,5,1,2,6.0,3.0,44130,M,4715379.0,-155883.0,44
201700016946,17,3,21,930,1,1,1,1.0,6.0,44041,M,4707982.0,-156523.0,44
201700016947,17,3,28,745,2,1,1,8.0,5.0,44081,M,4686747.0,-155421.0,44
201700016948,17,7,7,2000,1,2,1,1.0,3.0,44156,M,4697142.0,-156621.0,44
201700016949,17,8,21,745,1,1,1,1.0,1.0,44155,M,4703244.0,-158305.0,44
201700016950,17,10,17,2030,3,2,1,1.0,7.0,44155,M,4703563.0,-158277.0,44
201700016951,17,12,12,1930,3,1,1,1.0,6.0,44174,M,4705377.0,-171728.0,44
201700016952,17,1,14,1040,1,2,1,7.0,6.0,44175,M,4739914.0,-230383.0,44
201700016953,17,2,28,1630,1,2,1,1.0,6.0,44097,M,4739740.0,-245483.0,44
201700016954,17,3,4,1410,1,2,1,1.0,1.0,44069,M,4731751.0,-240210.0,44
201700016955,17,4,22,1530,1,2,1,1.0,1.0,44069,M,4732488.0,-241102.0,44
201700016956,17,4,28,1255,1,1,1,1.0,1.0,44151,M,4732038.0,-228305.0,44
201700016957,17,5,19,800,1,1,2,1.0,3.0,44069,M,4734435.0,-235254.0,44
201700016958,17,5,23,1610,1,2,1,7.0,3.0,44030,M,4744888.0,-223944.0,44
201700016959,17,6,14,940,1,1,1,1.0,3.0,44072,M,4739603.0,-236451.0,44
201700016960,17,6,14,2100,1,2,1,1.0,6.0,44125,M,4736378.0,-252772.0,44
201700016961,17,6,18,1100,1,2,1,1.0,1.0,44097,M,4739308.0,-245918.0,44
201700016962,17,7,6,1040,1,1,1,1.0,1.0,44072,M,4744825.0,-228271.0,44
201700016963,17,6,26,1800,1,2,1,1.0,6.0,44069,M,4733107.0,-242614.0,44
201700016964,17,8,2,1315,1,1,1,1.0,6.0,44072,M,4743255.0,-231204.0,44
201700016965,17,8,5,1230,1,1,2,1.0,1.0,44069,M,4734971.0,-244429.0,44
201700016966,17,8,10,1800,1,1,1,1.0,1.0,44006,M,4742445.0,-240656.0,44
201700016967,17,7,17,740,2,2,6,7.0,6.0,44072,M,4744925.0,-231306.0,44
201700016968,17,8,29,1500,1,1,2,1.0,3.0,44183,M,4739062.0,-237295.0,44
201700016969,17,9,9,1320,1,2,1,1.0,7.0,44069,M,4732863.0,-240731.0,44
201700016970,17,11,30,350,3,1,1,1.0,6.0,44069,M,4730967.0,-242980.0,44
201700016971,17,6,26,1000,1,2,4,1.0,3.0,44129,M,4743847.0,-208915.0,44
201700016972,17,7,10,705,1,1,1,1.0,6.0,44050,M,4739829.0,-213578.0,44
201700016973,17,7,20,2130,1,2,3,1.0,3.0,44129,M,4744352.0,-209640.0,44
201700016974,17,8,31,740,1,1,1,1.0,3.0,44129,M,4739938.0,-206434.0,44
201700016975,17,9,15,1835,1,1,3,8.0,5.0,44098,M,4747055.0,-219987.0,44
201700016976,17,10,1,1920,3,1,1,2.0,3.0,44129,M,4744801.0,-208875.0,44
201700016977,17,10,7,1700,1,1,3,1.0,3.0,44013,M,4738629.0,-208433.0,44
201700016978,17,12,23,1740,5,2,1,2.0,6.0,44098,M,4748218.0,-216124.0,44
201700016979,17,1,26,630,5,1,1,9.0,7.0,25058,M,4721388.0,600257.0,25
201700016980,17,3,10,1140,1,1,1,1.0,2.0,25058,M,4721382.0,600172.0,25
201700016981,17,4,8,2300,3,1,1,1.0,6.0,25267,M,4724273.0,614625.0,25
201700016982,17,4,21,2000,1,1,1,1.0,5.0,25058,M,4719743.0,598471.0,25
201700016983,17,4,29,1220,1,1,1,1.0,1.0,25410,M,4722468.0,607522.0,25
201700016984,17,5,22,720,1,1,1,1.0,3.0,25328,M,4718107.0,596270.0,25
201700016985,17,6,25,900,1,1,3,1.0,3.0,25152,M,4721574.0,618546.0,25
201700016986,17,6,30,1220,1,1,1,1.0,5.0,25410,M,4722175.0,607949.0,25
201700016987,17,7,20,2110,2,1,1,1.0,6.0,25278,M,4723203.0,630797.0,25
201700016988,17,7,21,1150,1,1,1,1.0,6.0,25418,M,4724309.0,615265.0,25
201700016989,17,9,30,1925,3,1,1,2.0,6.0,25364,M,4719885.0,616198.0,25
201700016990,17,11,25,850,1,2,6,3.0,1.0,25058,M,4720956.0,600039.0,25
201700016991,17,1,22,1730,2,1,1,1.0,1.0,25200,M,4732368.0,601782.0,25
201700016992,17,2,24,2025,3,1,2,1.0,7.0,25510,M,4727988.0,577717.0,25
201700016993,17,4,27,1940,1,1,1,4.0,6.0,25455,M,4726609.0,585377.0,25
201700016994,17,5,20,1125,1,1,1,1.0,6.0,25381,M,4728136.0,598638.0,25
201700016995,17,6,4,1100,1,2,1,1.0,1.0,25482,M,4727253.0,582649.0,25
201700016996,17,8,21,820,1,2,4,1.0,1.0,25258,M,4722983.0,593820.0,25
201700016997,17,9,29,1408,1,1,2,1.0,3.0,25482,M,4726797.0,583730.0,25
201700016998,17,11,24,2000,3,1,1,2.0,1.0,25258,M,4722500.0,594580.0,25
201700016999,17,2,1,1935,3,1,1,1.0,1.0,25558,M,4716429.0,611135.0,25
201700017000,17,2,17,1705,1,2,4,1.0,1.0,25434,M,4710430.0,613770.0,25
201700017001,17,3,12,1445,1,1,1,1.0,6.0,25180,M,4695410.0,601087.0,25
201700017002,17,3,31,1645,1,1,1,1.0,7.0,25334,M,4701663.0,617957.0,25
201700017003,17,9,8,30,3,1,1,1.0,7.0,25015,M,4702800.0,609264.0,25
201700017004,17,10,7,1200,1,1,1,1.0,6.0,25558,M,4714272.0,611547.0,25
201700017005,17,3,25,1810,1,2,3,1.0,7.0,25468,M,4732741.0,620500.0,25
201700017006,17,5,14,245,3,1,1,5.0,7.0,25163,M,4736649.0,618232.0,25
201700017007,17,6,6,2100,3,1,1,3.0,7.0,25538,M,4733335.0,627459.0,25
201700017008,17,12,11,1825,3,1,1,3.0,6.0,25197,M,4729040.0,618399.0,25
201700017009,17,12,18,735,2,1,1,4.0,1.0,25111,M,4727156.0,608623.0,25
201700017010,17,1,19,810,1,2,1,1.0,6.0,25527,M,4718279.0,581061.0,25
201700017011,17,3,15,1735,1,1,1,1.0,2.0,25195,M,4719787.0,586484.0,25
201700017012,17,6,4,1146,1,2,1,1.0,6.0,25450,M,4706940.0,588127.0,25
201700017013,17,6,10,2030,2,1,2,7.0,3.0,25488,M,4701149.0,586366.0,25
201700017014,17,6,16,2105,1,1,1,1.0,5.0,25147,M,4720725.0,590022.0,25
201700017015,17,6,25,1656,1,1,1,1.0,5.0,25631,M,4715029.0,593727.0,25
201700017016,17,7,13,1820,1,1,1,1.0,7.0,25147,M,4720501.0,588653.0,25
201700017017,17,8,9,1545,1,2,1,1.0,3.0,25527,M,4718453.0,581781.0,25
201700017018,17,10,18,1650,1,1,1,1.0,6.0,25195,M,4719885.0,586803.0,25
201700017019,17,12,19,2030,3,1,1,2.0,5.0,25154,M,4710692.0,590345.0,25
201700017020,17,12,23,2000,3,1,1,2.0,6.0,25416,M,4700895.0,594031.0,25
201700017021,17,3,30,1600,1,1,4,1.0,4.0,25377,M,4743575.0,637332.0,25
201700017022,17,4,30,1515,1,1,9,1.0,7.0,25446,M,4727823.0,639482.0,25
201700017023,17,5,24,1245,1,1,1,1.0,1.0,25279,M,4745447.0,635976.0,25
201700017024,17,5,26,942,1,1,1,1.0,5.0,25184,M,4748136.0,638046.0,25
201700017025,17,9,24,1615,1,1,2,7.0,3.0,25009,M,4726036.0,632143.0,25
201700017026,17,10,13,1630,1,1,1,1.0,6.0,25311,M,4737790.0,662986.0,25
201700017027,17,11,4,1340,1,1,1,1.0,7.0,25524,M,4743630.0,663216.0,25
201700017028,17,8,7,1615,1,1,1,1.0,1.0,25177,M,4735529.0,653145.0,25
201700017029,17,1,23,930,1,2,4,9.0,1.0,25480,M,4711182.0,637404.0,25
201700017030,17,2,19,1500,1,1,1,1.0,5.0,25343,M,4708458.0,645425.0,25
201700017031,17,3,11,2330,5,2,3,1.0,7.0,25424,M,4709891.0,633607.0,25
201700017032,17,3,20,1715,1,1,1,1.0,2.0,25039,M,4714587.0,643754.0,25
201700017033,17,4,18,1230,1,1,1,1.0,6.0,25432,M,4714502.0,653444.0,25
201700017034,17,4,30,815,1,1,1,1.0,6.0,25432,M,4711910.0,651125.0,25
201700017035,17,5,5,1615,1,1,1,1.0,1.0,25424,M,4708648.0,634933.0,25
201700017036,17,5,27,1520,1,2,4,1.0,3.0,25453,M,4721510.0,654438.0,25
201700017037,17,6,1,1200,1,2,3,1.0,1.0,25432,M,4713032.0,652551.0,25
201700017038,17,6,22,1640,1,2,1,1.0,6.0,25453,M,4721258.0,653411.0,25
201700017039,17,7,3,2210,5,2,2,1.0,3.0,25432,M,4713414.0,652497.0,25
201700017040,17,7,25,1850,1,2,6,1.0,7.0,25578,M,4714678.0,634886.0,25
201700017041,17,8,26,545,2,1,1,1.0,6.0,25333,M,4724885.0,654718.0,25
201700017042,17,11,21,1740,3,1,1,1.0,2.0,25039,M,4714519.0,644973.0,25
201700017043,17,11,22,1500,1,2,9,9.0,6.0,25578,M,4714977.0,633645.0,25
201700017044,17,11,24,1845,5,2,1,2.0,6.0,25578,M,4714799.0,633441.0,25
201700017045,17,1,2,1415,1,1,1,4.0,6.0,25071,M,4743089.0,684541.0,25
201700017046,17,2,5,940,1,2,4,2.0,6.0,25555,M,4749437.0,684086.0,25
201700017047,17,3,24,1210,1,2,4,1.0,3.0,25367,M,4744459.0,681656.0,25
201700017048,17,5,25,1515,1,1,1,1.0,1.0,25238,M,4728045.0,691706.0,25
201700017049,17,7,15,1515,1,1,1,1.0,7.0,25588,M,4725670.0,668213.0,25
201700017050,17,9,17,640,2,1,1,1.0,1.0,25091,M,4726928.0,681190.0,25
201700017051,17,9,30,5,3,1,1,1.0,1.0,25193,M,4721969.0,686033.0,25
201700017052,17,10,28,1705,1,1,1,1.0,3.0,25256,M,4721897.0,676217.0,25
201700017053,17,6,21,1000,1,1,1,1.0,6.0,25519,M,4731039.0,680720.0,25
201700017054,17,7,7,1525,1,2,4,1.0,1.0,25591,M,4734595.0,692208.0,25
201700017055,17,7,18,2000,1,1,3,1.0,3.0,25370,M,4744462.0,677718.0,25
201700017056,17,7,18,1815,1,1,1,1.0,3.0,25063,M,4738301.0,682602.0,25
201700017057,17,8,2,1655,1,1,1,1.0,5.0,25519,M,4729511.0,680520.0,25
201700017058,17,10,12,1530,1,2,1,1.0,6.0,25519,M,4731778.0,681194.0,25
201700017059,17,2,17,1230,1,1,1,1.0,1.0,25029,M,4704593.0,634546.0,25
201700017060,17,2,26,1610,1,1,1,1.0,7.0,25029,M,4703620.0,633799.0,25
201700017061,17,5,16,1645,1,1,1,1.0,5.0,25440,M,4700138.0,632714.0,25
201700017062,17,6,18,1454,1,1,1,1.0,7.0,25259,M,4683455.0,615572.0,25
201700017063,17,6,20,2040,2,2,1,7.0,6.0,25254,M,4684016.0,641565.0,25
201700017064,17,8,15,1245,1,1,1,1.0,6.0,25085,M,4686025.0,621008.0,25
201700017065,17,8,19,420,3,1,1,2.0,1.0,25176,M,4686669.0,613504.0,25
201700017066,17,8,18,1805,1,2,3,2.0,3.0,25157,M,4685828.0,637197.0,25
201700017067,17,9,24,1700,1,1,1,1.0,7.0,25517,M,4701798.0,631773.0,25
201700017068,17,1,21,2350,3,1,1,1.0,5.0,25413,M,4671917.0,621183.0,25
201700017069,17,5,26,1715,1,2,3,1.0,1.0,25413,M,4670432.0,618760.0,25
201700017070,17,5,29,1715,1,1,1,1.0,3.0,25514,M,4677185.0,633350.0,25
201700017071,17,6,5,1100,1,1,1,1.0,7.0,25361,M,4679775.0,630272.0,25
201700017072,17,8,21,1020,1,1,1,1.0,7.0,25592,M,4681597.0,624519.0,25
201700017073,17,9,24,2030,3,1,1,1.0,6.0,25361,M,4678921.0,631746.0,25
201700017074,17,1,9,920,1,1,3,5.0,1.0,25425,M,4710003.0,665870.0,25
201700017075,17,1,17,1745,3,1,1,6.0,6.0,25403,M,4702257.0,662099.0,25
201700017076,17,1,29,120,3,1,1,1.0,6.0,25240,M,4704892.0,662615.0,25
201700017077,17,5,13,2130,3,1,1,8.0,6.0,25271,M,4706907.0,651473.0,25
201700017078,17,5,31,134,3,1,1,1.0,7.0,25240,M,4704995.0,662545.0,25
201700017079,17,6,16,2050,1,1,1,1.0,1.0,25347,M,4703700.0,650742.0,25
201700017080,17,7,2,1130,1,1,1,1.0,6.0,25042,M,4712308.0,673182.0,25
201700017081,17,7,15,1740,1,2,3,1.0,3.0,25285,M,4702597.0,657053.0,25
201700017082,17,7,19,1530,1,1,1,1.0,1.0,25148,M,4711254.0,669855.0,25
201700017083,17,8,4,1940,1,2,1,1.0,3.0,25240,M,4707857.0,662902.0,25
201700017084,17,9,4,1820,1,1,1,1.0,6.0,25160,M,4702851.0,652510.0,25
201700017085,17,12,24,1730,3,2,1,5.0,6.0,25321,M,4706299.0,667244.0,25
201700017086,17,2,16,1115,1,2,1,1.0,5.0,39170,M,4667664.0,549927.0,39
201700017087,17,3,24,1555,1,2,1,1.0,6.0,39170,M,4667153.0,549698.0,39
201700017088,17,4,9,1222,1,1,4,1.0,3.0,39109,M,4661052.0,573017.0,39
201700017089,17,4,23,1150,1,2,6,1.0,2.0,39154,M,4657427.0,574730.0,39
201700017090,17,5,14,1850,1,2,1,1.0,7.0,39201,M,4664741.0,575986.0,39