Num_Acc,an,mois,jour,hrmn,lum,agg,int,atm,col,com,gps,lat,long,dep
201700017091,17,5,26,1555,1,1,1,1.0,7.0,39122,M,4666283.0,572717.0,39
201700017092,17,6,3,515,2,1,1,1.0,6.0,39241,M,4664760.0,548756.0,39
201700017093,17,6,13,1210,1,1,1,1.0,1.0,39240,M,4661686.0,587005.0,39
201700017094,17,6,23,1830,1,1,3,1.0,3.0,39177,M,4667875.0,562580.0,39
201700017095,17,6,28,1710,1,2,1,1.0,6.0,39154,M,4657502.0,575096.0,39
201700017096,17,7,10,1430,1,1,1,1.0,3.0,39326,M,4658866.0,568719.0,39
201700017097,17,8,27,1248,1,1,1,1.0,6.0,39492,M,4660931.0,559615.0,39
201700017098,17,10,3,2025,3,1,1,1.0,6.0,39458,M,4664068.0,560182.0,39
201700017099,17,12,17,5,3,1,1,4.0,6.0,39348,M,4665310.0,557433.0,39
201700017100,17,3,3,1715,1,1,1,1.0,1.0,39423,M,4652665.0,563298.0,39
201700017101,17,8,31,1500,1,1,3,2.0,3.0,39253,M,4643815.0,545698.0,39
201700017102,17,12,18,500,3,1,1,4.0,7.0,39194,M,4677549.0,544346.0,39
201700017103,17,2,15,4,3,1,1,1.0,6.0,39310,M,4679957.0,554042.0,39
201700017104,17,3,15,1100,1,1,2,7.0,3.0,39279,M,4671730.0,547401.0,39
201700017105,17,4,21,45,3,1,6,1.0,7.0,39508,M,4683828.0,556952.0,39
201700017106,17,6,24,1025,1,1,2,1.0,2.0,39422,M,4671929.0,555680.0,39
201700017107,17,8,5,1640,1,1,1,1.0,6.0,39288,M,4671590.0,560317.0,39
201700017108,17,11,4,2200,3,1,1,2.0,6.0,39114,M,4676648.0,566520.0,39
201700017109,17,11,9,1555,1,1,2,8.0,3.0,39407,M,4680023.0,561325.0,39
201700017110,17,10,28,1735,1,1,1,1.0,1.0,39582,M,4675890.0,561792.0,39
201700017111,17,5,3,1845,1,1,1,3.0,6.0,39021,M,4655580.0,552798.0,39
201700017112,17,8,9,1130,1,1,1,1.0,6.0,39173,M,4652489.0,539240.0,39
201700017113,17,9,16,1605,1,2,1,1.0,6.0,39027,M,4655306.0,549191.0,39
201700017114,17,11,30,1210,1,1,1,5.0,1.0,39532,M,4642570.0,539464.0,39
201700017115,17,12,21,1730,5,2,3,5.0,6.0,39475,M,4643744.0,534383.0,39
201700017116,17,1,7,2030,3,1,1,4.0,1.0,39331,M,4680335.0,613252.0,39
201700017117,17,4,26,1555,1,1,1,1.0,7.0,39214,M,4682715.0,604031.0,39
201700017118,17,6,30,1857,1,1,2,2.0,1.0,39214,M,4681403.0,604444.0,39
201700017119,17,9,23,1810,1,1,1,1.0,3.0,39221,M,4674728.0,603718.0,39
201700017120,17,11,15,1720,2,1,1,1.0,6.0,39391,M,4678065.0,605281.0,39
201700017121,17,1,20,1715,1,1,2,1.0,3.0,39539,M,4692249.0,570204.0,39
201700017122,17,5,1,1230,1,1,3,1.0,3.0,39426,M,4678877.0,567039.0,39
201700017123,17,10,26,1600,1,1,1,1.0,1.0,39116,M,4685785.0,581458.0,39
201700017124,17,7,11,2015,1,1,1,7.0,2.0,39006,M,4694809.0,581596.0,39
201700017125,17,9,11,1949,5,2,1,8.0,6.0,39013,M,4690917.0,576891.0,39
201700017126,17,9,18,845,1,1,1,8.0,7.0,39081,M,4685830.0,573021.0,39
201700017127,17,10,15,1400,1,1,1,1.0,2.0,39434,M,4681629.0,575721.0,39
201700017128,17,2,24,100,3,1,1,2.0,6.0,39315,M,4696084.0,583376.0,39
201700017129,17,3,1,1810,2,1,1,3.0,6.0,39500,M,4695342.0,586443.0,39
201700017130,17,3,31,1620,1,1,2,1.0,3.0,39436,M,4686266.0,589961.0,39
201700017131,17,4,14,1945,1,1,1,1.0,6.0,39202,M,4692602.0,598537.0,39
201700017132,17,5,5,1810,1,1,4,1.0,5.0,39436,M,4686266.0,589961.0,39
201700017133,17,8,9,1720,1,1,1,1.0,1.0,39495,M,4697498.0,590236.0,39
201700017134,17,8,29,1750,1,2,4,1.0,3.0,39500,M,4694635.0,587847.0,39
201700017135,17,9,11,630,5,2,1,2.0,6.0,39500,M,4693527.0,587724.0,39
201700017136,17,9,11,1700,1,1,1,8.0,6.0,39500,M,4695794.0,589136.0,39
201700017137,17,9,19,1745,1,1,1,2.0,1.0,39103,M,4697616.0,584659.0,39
201700017138,17,10,13,715,2,1,1,1.0,1.0,39370,M,4697568.0,580626.0,39
201700017139,17,11,30,1110,1,1,1,2.0,1.0,39500,M,4695625.0,586125.0,39
201700017140,17,2,2,30,3,1,1,1.0,1.0,39099,M,4702083.0,538383.0,39
201700017141,17,4,23,530,2,1,1,1.0,1.0,39462,M,4712303.0,556623.0,39
201700017142,17,5,11,230,3,1,1,1.0,1.0,39198,M,4710435.0,545634.0,39
201700017143,17,9,6,1832,1,2,3,1.0,3.0,39501,M,4712635.0,546128.0,39
201700017144,17,10,13,1720,1,1,2,1.0,3.0,39252,M,4704465.0,544587.0,39
201700017145,17,11,2,1840,3,2,2,1.0,3.0,39476,M,4702776.0,533548.0,39
201700017146,17,1,7,1325,1,2,4,1.0,3.0,39365,M,4698076.0,560633.0,39
201700017147,17,2,18,1515,1,2,1,1.0,4.0,39546,M,4697408.0,562109.0,39
201700017148,17,3,4,1230,1,1,1,2.0,1.0,39160,M,4678947.0,543927.0,39
201700017149,17,3,17,1755,1,2,3,1.0,2.0,39128,M,4696692.0,541451.0,39
201700017150,17,6,4,1745,1,1,1,1.0,1.0,39160,M,4680845.0,546757.0,39
201700017151,17,9,3,1315,1,1,1,1.0,6.0,39128,M,4695239.0,538937.0,39
201700017152,17,9,9,1530,1,1,4,1.0,3.0,39448,M,4700882.0,549578.0,39
201700017153,17,9,13,1400,1,2,3,1.0,3.0,39149,M,4702124.0,571962.0,39
201700017154,17,10,17,1730,1,1,3,1.0,1.0,39448,M,4700682.0,549641.0,39
201700017155,17,10,27,1430,1,1,1,1.0,6.0,39520,M,4695983.0,554110.0,39
201700017156,17,11,11,1545,1,2,1,3.0,6.0,39266,M,4690194.0,538646.0,39
201700017157,17,12,4,1330,1,1,1,1.0,6.0,39365,M,4695919.0,560373.0,39
201700017158,17,12,19,1050,1,2,1,5.0,6.0,39415,M,4694166.0,534762.0,39
201700017159,17,3,31,2015,3,1,1,1.0,7.0,39528,M,4723817.0,562837.0,39
201700017160,17,6,16,1540,1,1,1,1.0,7.0,39449,M,4716297.0,547612.0,39
201700017161,17,8,25,1620,1,2,1,1.0,6.0,39096,M,4725950.0,551687.0,39
201700017162,17,9,29,520,3,1,1,1.0,1.0,39074,M,4724256.0,555345.0,39
201700017163,17,11,10,1715,2,1,1,3.0,1.0,39584,M,4717484.0,557496.0,39
201700017164,17,3,11,1230,1,1,2,1.0,5.0,39339,M,4635294.0,575968.0,39
201700017165,17,4,13,1800,1,2,1,7.0,6.0,39286,M,4638501.0,578361.0,39
201700017166,17,4,23,1715,1,1,1,1.0,7.0,39453,M,4643021.0,581049.0,39
201700017167,17,5,6,1100,1,1,1,3.0,7.0,39106,M,4645096.0,571166.0,39
201700017168,17,5,17,1810,1,1,1,1.0,7.0,39184,M,4645157.0,580325.0,39
201700017169,17,5,15,1855,1,1,2,7.0,3.0,39339,M,4635294.0,576968.0,39
201700017170,17,6,10,1105,1,1,1,1.0,3.0,39275,M,4641251.0,599545.0,39
201700017171,17,6,16,1230,1,1,3,1.0,5.0,39440,M,4637612.0,576406.0,39
201700017172,17,5,31,1600,1,1,1,1.0,1.0,39478,M,4641580.0,586521.0,39
201700017173,17,6,20,800,1,1,1,1.0,6.0,39561,M,4639647.0,573544.0,39
201700017174,17,6,21,1620,1,1,2,1.0,3.0,39106,M,4646594.0,571532.0,39
201700017175,17,6,24,2300,3,1,1,1.0,7.0,39184,M,4645079.0,580369.0,39
201700017176,17,7,7,1010,1,1,1,1.0,3.0,39274,M,4639991.0,603795.0,39
201700017177,17,7,9,245,3,1,1,1.0,6.0,39579,M,4629985.0,572109.0,39
201700017178,17,7,14,1620,1,1,3,1.0,6.0,39269,M,4636246.0,570667.0,39
201700017179,17,7,15,1610,1,1,1,1.0,6.0,39510,M,4635667.0,590443.0,39
201700017180,17,7,20,1245,1,1,1,1.0,3.0,39113,M,4636527.0,580263.0,39
201700017181,17,9,15,1740,2,2,1,1.0,6.0,39561,M,4641696.0,573562.0,39
201700017182,17,9,17,2005,3,1,1,3.0,6.0,39463,M,4631197.0,575245.0,39
201700017183,17,10,6,1230,1,2,1,1.0,6.0,39478,M,4637769.0,587370.0,39
201700017184,17,10,11,1150,1,2,3,1.0,1.0,39478,M,4639219.0,586121.0,39
201700017185,17,10,15,1630,1,1,1,1.0,3.0,39510,M,4636337.0,589065.0,39
201700017186,17,10,28,1510,1,1,1,1.0,2.0,39561,M,4639833.0,573433.0,39
201700017187,17,11,17,2110,3,1,1,1.0,3.0,39478,M,4640861.0,586383.0,39
201700017188,17,12,18,2120,3,1,1,4.0,1.0,39440,M,4638479.0,574600.0,39
201700017189,17,5,7,1100,1,1,1,3.0,1.0,39047,M,4656352.0,607523.0,39
201700017190,17,5,27,1400,1,1,1,1.0,3.0,39494,M,4657592.0,593581.0,39
201700017191,17,8,8,1620,1,1,1,2.0,1.0,39470,M,4650124.0,603027.0,39
201700017192,17,9,2,615,2,1,1,2.0,3.0,39470,M,4648208.0,604609.0,39
201700017193,17,9,23,1900,2,1,1,1.0,7.0,39441,M,4643681.0,606016.0,39
201700017194,17,10,11,1700,1,2,1,1.0,3.0,39271,M,4660792.0,599960.0,39
201700017195,17,10,23,1925,3,1,1,9.0,6.0,39131,M,4660774.0,589596.0,39
201700017196,17,11,19,800,2,1,1,4.0,6.0,39130,M,4648443.0,584069.0,39
201700017197,17,12,16,2350,3,1,1,4.0,1.0,39297,M,4643564.0,596649.0,39
201700017198,17,3,5,1545,1,1,1,1.0,2.0,22251,M,4857972.0,-282329.0,22
201700017199,17,3,12,815,1,1,1,2.0,1.0,22222,M,4866209.0,-291783.0,22
201700017200,17,3,12,2000,3,2,1,2.0,6.0,22007,M,4859899.0,-282570.0,22
201700017201,17,4,13,1445,1,1,3,1.0,3.0,22055,M,4863368.0,-282435.0,22
201700017202,17,4,18,1605,1,2,1,1.0,3.0,22007,M,4859995.0,-282631.0,22
201700017203,17,8,30,1810,1,1,1,1.0,5.0,22367,M,4855011.0,-284874.0,22
201700017204,17,12,5,1020,1,2,1,8.0,6.0,22251,M,4857114.0,-281785.0,22
201700017205,17,12,7,1022,1,2,7,2.0,6.0,22222,M,4867597.0,-292873.0,22
201700017206,17,2,9,920,1,1,1,5.0,5.0,22147,M,4819501.0,-237425.0,22
201700017207,17,4,19,1200,1,1,1,1.0,7.0,22183,M,4817956.0,-254976.0,22
201700017208,17,6,27,1030,1,1,1,2.0,1.0,22183,M,4816562.0,-259702.0,22
201700017209,17,9,10,1720,1,1,1,2.0,7.0,22122,M,4818857.0,-253423.0,22
201700017210,17,9,17,1804,1,1,1,7.0,6.0,22191,M,4827375.0,-260205.0,22
201700017211,17,9,25,715,4,1,6,2.0,3.0,22066,M,4833114.0,-248825.0,22
201700017212,17,10,11,1345,1,1,2,1.0,3.0,22183,M,4817850.0,-261029.0,22
201700017213,17,10,18,750,3,1,2,5.0,3.0,22297,M,4827228.0,-253118.0,22
201700017214,17,10,25,750,2,1,1,5.0,3.0,22039,M,4814076.0,-266581.0,22
201700017215,17,11,24,2230,3,1,1,1.0,6.0,22191,M,4824376.0,-259578.0,22
201700017216,17,12,5,1800,2,1,2,1.0,3.0,22183,M,4817853.0,-261026.0,22
201700017217,17,12,17,1130,1,1,1,1.0,2.0,22147,M,4819460.0,-245388.0,22
201700017218,17,3,17,1313,1,1,1,1.0,1.0,22184,M,4835118.0,-267252.0,22
201700017219,17,4,8,1600,1,1,1,1.0,7.0,22219,M,4831548.0,-272433.0,22
201700017220,17,5,19,1120,1,1,1,1.0,7.0,22258,M,4841999.0,-262611.0,22
201700017221,17,8,1,1315,1,1,1,1.0,6.0,22203,M,4832046.0,-273312.0,22
201700017222,17,8,26,2300,3,1,1,1.0,6.0,22346,M,4836306.0,-262542.0,22
201700017223,17,9,1,1158,1,1,1,1.0,1.0,22258,M,4844665.0,-264327.0,22
201700017224,17,10,28,1651,1,1,1,1.0,7.0,22060,M,4828244.0,-274549.0,22
201700017225,17,11,6,815,1,1,1,1.0,6.0,22258,M,4843222.0,-267006.0,22
201700017226,17,12,12,645,3,1,1,9.0,6.0,22079,M,4839404.0,-262673.0,22
201700017227,17,2,18,1700,1,1,1,1.0,6.0,22095,M,4864293.0,-319406.0,22
201700017228,17,8,31,2000,1,1,1,1.0,7.0,22310,M,4861575.0,-323741.0,22
201700017229,17,9,15,1215,1,1,1,3.0,6.0,22004,M,4864601.0,-326492.0,22
201700017230,17,9,16,1100,1,1,4,3.0,5.0,22004,M,4863935.0,-331733.0,22
201700017231,17,9,23,1640,1,1,1,1.0,7.0,22004,M,4866322.0,-328989.0,22
201700017232,17,10,13,1620,1,2,1,1.0,1.0,22248,M,4861990.0,-308706.0,22
201700017233,17,10,24,2130,3,1,1,1.0,7.0,22248,M,4862690.0,-313040.0,22
201700017234,17,4,21,2010,2,1,1,1.0,6.0,22328,M,4837828.0,-336647.0,22
201700017235,17,4,26,800,1,1,1,4.0,1.0,22322,M,4846659.0,-308078.0,22
201700017236,17,5,9,1440,1,1,4,1.0,3.0,22024,M,4843629.0,-346965.0,22
201700017237,17,6,19,1530,1,2,2,7.0,3.0,22025,M,4840438.0,-343068.0,22
201700017238,17,7,7,2130,1,2,1,1.0,2.0,22135,M,4856694.0,-332626.0,22
201700017239,17,7,11,1500,1,1,2,2.0,3.0,22023,M,4843312.0,-335964.0,22
201700017240,17,9,18,1700,1,1,1,1.0,1.0,22189,M,4843366.0,-311563.0,22
201700017241,17,12,12,800,3,1,3,2.0,3.0,22249,M,4846994.0,-331310.0,22
201700017242,17,12,23,2345,3,1,1,2.0,6.0,22025,M,4840888.0,-340352.0,22
201700017243,17,1,2,2315,3,1,6,1.0,6.0,22298,M,4820036.0,-289045.0,22
201700017244,17,2,16,1915,3,1,1,1.0,6.0,22295,M,4824027.0,-300643.0,22
201700017245,17,3,21,1700,1,1,1,1.0,1.0,22074,M,4833178.0,-305546.0,22
201700017246,17,4,10,1055,1,1,2,1.0,3.0,22158,M,4820865.0,-297336.0,22
201700017247,17,5,13,255,3,1,1,8.0,6.0,22244,M,4828929.0,-305718.0,22
201700017248,17,6,29,700,1,1,1,1.0,6.0,22074,M,4833123.0,-303669.0,22
201700017249,17,6,29,1120,1,1,1,2.0,7.0,22158,M,4819569.0,-298379.0,22
201700017250,17,7,30,130,3,2,1,2.0,6.0,22290,M,4822460.0,-309623.0,22
201700017251,17,10,23,830,2,1,1,2.0,1.0,22181,M,4819864.0,-318625.0,22
201700017252,17,11,10,800,2,2,4,2.0,3.0,22158,M,4819978.0,-298783.0,22
201700017253,17,11,29,745,2,1,1,1.0,7.0,22107,M,4823213.0,-315928.0,22
201700017254,17,2,2,1315,1,1,1,3.0,6.0,22344,M,4829828.0,-350302.0,22
201700017255,17,4,14,1630,1,1,3,1.0,3.0,22229,M,4830023.0,-322968.0,22
201700017256,17,6,22,1640,1,2,1,1.0,6.0,22266,M,4823840.0,-331737.0,22
201700017257,17,7,7,1045,1,2,6,1.0,6.0,22266,M,4823697.0,-331963.0,22
201700017258,17,7,7,2015,1,1,1,1.0,6.0,22294,M,4836685.0,-308631.0,22
201700017259,17,7,28,815,1,1,1,1.0,1.0,22128,M,4834527.0,-343486.0,22
201700017260,17,10,15,1610,1,1,1,1.0,7.0,22029,M,4831626.0,-310776.0,22
201700017261,17,1,8,1530,1,1,1,1.0,3.0,22226,M,4869003.0,-355850.0,22
201700017262,17,1,11,1215,1,1,1,1.0,1.0,22235,M,4864749.0,-352632.0,22
201700017263,17,1,28,910,1,1,1,9.0,6.0,22245,M,4863432.0,-335492.0,22
201700017264,17,3,10,200,3,1,9,5.0,5.0,22228,M,4856204.0,-350144.0,22
201700017265,17,3,19,145,3,1,1,2.0,6.0,22207,M,4861929.0,-345578.0,22
201700017266,17,3,25,1715,1,1,1,1.0,1.0,22359,M,4860424.0,-340098.0,22
201700017267,17,4,19,920,1,1,1,1.0,6.0,22194,M,4864752.0,-362877.0,22
201700017268,17,5,26,930,1,2,1,1.0,7.0,22207,M,4860901.0,-347790.0,22
201700017269,17,6,12,2145,1,2,2,1.0,6.0,22194,M,4866219.0,-363217.0,22
201700017270,17,6,21,1830,1,1,1,1.0,7.0,22387,M,4858553.0,-343580.0,22
201700017271,17,7,13,1715,1,2,2,7.0,3.0,22194,M,4866879.0,-361685.0,22
201700017272,17,7,21,1440,1,1,4,2.0,7.0,22030,M,4870819.0,-334935.0,22
201700017273,17,8,2,1450,1,1,2,3.0,3.0,22228,M,4853626.0,-343628.0,22
201700017274,17,8,15,1915,1,2,3,1.0,7.0,22226,M,4867984.0,-352097.0,22
201700017275,17,10,4,1615,1,1,1,1.0,2.0,22226,M,4867904.0,-350613.0,22
201700017276,17,10,13,430,3,1,1,1.0,7.0,22366,M,4861623.0,-361992.0,22
201700017277,17,10,21,1800,1,1,1,1.0,6.0,22265,M,4874584.0,-337080.0,22
201700017278,17,12,3,730,3,2,1,1.0,6.0,22226,M,4867838.0,-352601.0,22
201700017279,17,12,8,1100,1,2,1,7.0,6.0,22207,M,4861195.0,-347357.0,22
201700017280,17,1,13,1840,5,2,1,2.0,6.0,22362,M,4878042.0,-323020.0,22
201700017281,17,3,7,840,1,1,1,3.0,1.0,22381,M,4874603.0,-336007.0,22
201700017282,17,3,18,1630,1,1,1,1.0,1.0,22199,M,4879242.0,-315132.0,22
201700017283,17,4,10,1730,1,1,1,1.0,6.0,22218,M,4884213.0,-324786.0,22
201700017284,17,6,26,2330,3,1,1,1.0,7.0,22254,M,4867507.0,-330845.0,22
201700017285,17,7,29,1450,1,1,1,1.0,1.0,22347,M,4877192.0,-319185.0,22
201700017286,17,8,5,1450,1,1,2,1.0,3.0,22152,M,4875721.0,-327876.0,22
201700017287,17,8,16,1545,1,1,1,1.0,7.0,22247,M,4874223.0,-324497.0,22
201700017288,17,9,28,1230,1,2,3,1.0,2.0,22221,M,4879363.0,-323559.0,22
201700017289,17,10,15,1920,2,2,9,1.0,6.0,22152,M,4877519.0,-324713.0,22
201700017290,17,10,18,1120,1,2,3,1.0,4.0,22362,M,4879060.0,-322812.0,22
201700017291,17,10,30,1815,2,2,3,1.0,6.0,22166,M,4881228.0,-329037.0,22
201700017292,17,11,27,1710,2,2,1,2.0,6.0,22362,M,4877908.0,-323222.0,22
201700017293,17,1,6,830,1,2,2,1.0,3.0,68374,M,4806839.0,730974.0,68
201700017294,17,1,13,1745,5,2,9,1.0,3.0,68155,M,4809044.0,731664.0,68
201700017295,17,1,16,1815,3,2,2,1.0,1.0,68374,M,4806835.0,730966.0,68
201700017296,17,1,22,1700,2,2,1,5.0,7.0,68155,M,4808953.0,730856.0,68
201700017297,17,2,9,15,3,1,1,1.0,7.0,68155,M,4811255.0,730558.0,68
201700017298,17,2,16,1515,1,2,2,1.0,6.0,68237,M,4809975.0,727331.0,68
201700017299,17,2,23,1710,2,1,1,1.0,5.0,68374,M,4808697.0,731385.0,68
201700017300,17,3,4,440,5,2,1,1.0,6.0,68374,M,4807146.0,729558.0,68
201700017301,17,3,12,1520,1,2,2,1.0,3.0,68374,M,4807314.0,728929.0,68
201700017302,17,3,16,1930,5,2,2,1.0,3.0,68338,M,4808585.0,728008.0,68
201700017303,17,3,21,1840,2,2,1,2.0,3.0,68374,M,4806772.0,731917.0,68
201700017304,17,3,29,1450,1,1,1,1.0,4.0,68374,M,4808315.0,731218.0,68
201700017305,17,4,9,545,5,2,1,1.0,6.0,68155,M,4809712.0,730332.0,68
201700017306,17,4,9,1705,1,1,3,1.0,3.0,68374,M,4807024.0,725210.0,68
201700017307,17,4,23,1215,1,2,3,1.0,3.0,68374,M,4807403.0,728968.0,68
201700017308,17,5,9,1750,1,2,2,1.0,1.0,68374,M,4808749.0,732032.0,68
201700017309,17,5,23,1145,1,2,2,1.0,5.0,68374,M,4807618.0,728660.0,68
201700017310,17,5,16,1530,1,1,1,1.0,7.0,68338,M,4808127.0,725317.0,68
201700017311,17,5,27,1530,1,1,1,1.0,2.0,68374,M,4807474.0,725493.0,68
201700017312,17,5,28,1900,1,1,1,1.0,2.0,68374,M,4807713.0,727820.0,68
201700017313,17,6,5,100,3,1,1,1.0,6.0,68150,M,4803282.0,727690.0,68
201700017314,17,6,8,845,1,1,1,1.0,4.0,68374,M,4807764.0,726103.0,68
201700017315,17,6,11,1140,1,1,2,1.0,3.0,68161,M,4830063.0,728770.0,68
201700017316,17,7,14,1230,1,1,3,1.0,7.0,68374,M,4807029.0,725211.0,68
201700017317,17,7,19,915,1,2,1,1.0,7.0,68338,M,4808533.0,728346.0,68
201700017318,17,7,29,1750,1,1,3,1.0,3.0,68150,M,4802737.0,727643.0,68
201700017319,17,8,10,650,2,2,6,2.0,2.0,68155,M,4808986.0,731709.0,68
201700017320,17,8,24,1845,1,2,4,1.0,1.0,68374,M,4808545.0,731995.0,68
201700017321,17,8,27,1230,1,1,1,7.0,6.0,68134,M,4802723.0,731347.0,68
201700017322,17,8,30,745,1,1,1,1.0,2.0,68338,M,4807727.0,725989.0,68
201700017323,17,9,28,955,1,2,2,1.0,5.0,68338,M,4808582.0,727052.0,68
201700017324,17,10,18,1045,1,1,6,1.0,7.0,68155,M,4810370.0,730350.0,68
201700017325,17,10,30,1635,2,1,1,1.0,6.0,68155,M,4810147.0,731356.0,68
201700017326,17,11,11,1740,5,2,3,2.0,6.0,68374,M,4808901.0,732033.0,68
201700017327,17,11,23,1500,1,2,2,1.0,3.0,68374,M,4808563.0,731496.0,68
201700017328,17,12,11,1630,2,2,2,2.0,3.0,68338,M,4808594.0,728040.0,68
201700017329,17,12,14,1135,1,1,6,1.0,2.0,68374,M,4805611.0,725007.0,68
201700017330,17,12,22,335,3,1,6,1.0,6.0,68066,M,4809185.0,733407.0,68
201700017331,17,1,5,800,2,1,1,4.0,6.0,68377,M,4760931.0,726160.0,68
201700017332,17,1,6,1120,1,1,1,1.0,6.0,68075,M,4752603.0,732780.0,68
201700017333,17,1,7,2030,3,1,1,4.0,6.0,68124,M,4761227.0,732521.0,68
201700017334,17,1,8,435,5,2,2,4.0,6.0,68158,M,4759962.0,737737.0,68
201700017335,17,1,9,1800,3,1,1,1.0,6.0,68062,M,4763513.0,719068.0,68
201700017336,17,1,13,836,1,1,1,4.0,7.0,68133,M,4757731.0,728458.0,68
201700017337,17,10,8,1058,1,1,2,1.0,2.0,68062,M,4762609.0,721282.0,68
201700017338,17,1,15,1200,1,1,3,1.0,2.0,68148,M,4761155.0,733727.0,68
201700017339,17,1,18,750,2,1,1,1.0,6.0,68138,M,4758169.0,727176.0,68
201700017340,17,1,19,1330,1,1,1,1.0,7.0,68124,M,4761189.0,732655.0,68
201700017341,17,1,25,1520,1,1,7,1.0,3.0,68139,M,4757120.0,720479.0,68
201700017342,17,1,28,2215,5,1,3,1.0,3.0,68062,M,4762859.0,722155.0,68
201700017343,17,2,10,1005,1,2,9,4.0,6.0,68138,M,4758619.0,725890.0,68
201700017344,17,3,3,1850,3,1,1,1.0,6.0,68139,M,4757190.0,720652.0,68
201700017345,17,3,8,715,2,1,1,1.0,7.0,68096,M,4760065.0,735055.0,68
201700017346,17,3,16,1640,1,1,1,1.0,1.0,68138,M,4759673.0,723865.0,68
201700017347,17,4,4,1750,1,1,2,1.0,3.0,68096,M,4760973.0,735373.0,68
201700017348,17,4,21,1840,1,1,1,1.0,7.0,68139,M,4760339.0,721871.0,68
201700017349,17,5,28,1545,1,1,1,1.0,6.0,68133,M,4757449.0,729331.0,68
201700017350,17,7,4,1900,1,1,3,1.0,2.0,68096,M,4760729.0,736551.0,68
201700017351,17,7,14,1548,1,2,3,1.0,3.0,68062,M,4761263.0,721694.0,68
201700017352,17,7,30,1907,1,1,1,1.0,6.0,68240,M,4755182.0,729729.0,68
201700017353,17,8,14,1130,1,2,3,7.0,2.0,68139,M,4760653.0,722371.0,68
201700017354,17,8,17,1800,1,1,1,1.0,3.0,68080,M,4762109.0,729467.0,68
201700017355,17,8,29,935,1,2,1,1.0,6.0,68138,M,4758764.0,725431.0,68
201700017356,17,9,1,540,3,1,1,1.0,1.0,68017,M,4762914.0,714462.0,68
201700017357,17,9,6,1015,1,2,1,7.0,2.0,68284,M,4753647.0,733585.0,68
201700017358,17,9,9,2020,5,2,1,1.0,6.0,68371,M,4758803.0,732437.0,68
201700017359,17,9,13,1430,1,2,1,2.0,1.0,68004,M,4762318.0,723888.0,68
201700017360,17,9,16,1515,1,1,1,2.0,7.0,68222,M,4755454.0,740826.0,68
201700017361,17,10,22,325,3,1,1,1.0,6.0,68333,M,4762195.0,730664.0,68
201700017362,17,12,11,736,5,2,2,2.0,6.0,68377,M,4762018.0,727706.0,68
201700017363,17,12,27,1835,3,1,1,2.0,3.0,68124,M,4761154.0,733025.0,68
201700017364,17,1,4,1345,1,2,1,4.0,6.0,68057,M,4765695.0,714491.0,68
201700017365,17,1,11,955,1,2,2,1.0,1.0,68282,M,4760690.0,706763.0,68
201700017366,17,1,25,2050,3,1,1,1.0,6.0,68057,M,4765908.0,715800.0,68
201700017367,17,1,27,1950,5,2,1,1.0,6.0,68337,M,4766737.0,708690.0,68
201700017368,17,1,28,1530,1,2,1,1.0,3.0,68068,M,4763063.0,712889.0,68
201700017369,17,2,13,700,2,1,4,1.0,3.0,68052,M,4769655.0,707788.0,68
201700017370,17,2,25,500,3,1,6,5.0,4.0,68127,M,4765630.0,722183.0,68
201700017371,17,2,26,40,3,1,1,1.0,2.0,68356,M,4763603.0,726388.0,68
201700017372,17,3,18,420,3,1,1,2.0,6.0,68152,M,4767705.0,726811.0,68
201700017373,17,3,28,1905,1,1,1,1.0,7.0,68245,M,4765022.0,732590.0,68
201700017374,17,4,7,1520,1,2,1,7.0,2.0,68068,M,4762702.0,711584.0,68
201700017375,17,4,12,1430,1,1,1,1.0,2.0,68031,M,4769130.0,715988.0,68
201700017376,17,4,25,1715,1,1,1,2.0,7.0,68200,M,4760465.0,710158.0,68
201700017377,17,6,23,1530,1,1,1,1.0,1.0,68057,M,4765665.0,712747.0,68
201700017378,17,6,25,200,3,1,1,1.0,6.0,68152,M,4768338.0,727656.0,68
201700017379,17,6,28,1140,1,2,2,7.0,3.0,68002,M,4760982.0,711956.0,68
201700017380,17,7,3,1628,1,2,1,1.0,7.0,68152,M,4767320.0,725223.0,68
201700017381,17,7,8,1735,1,1,1,2.0,6.0,68081,M,4765929.0,721170.0,68
201700017382,17,7,28,1408,1,2,2,1.0,3.0,68077,M,4766052.0,718225.0,68
201700017383,17,8,22,1640,1,2,3,1.0,3.0,68068,M,4763238.0,712146.0,68
201700017384,17,9,24,1100,1,1,1,7.0,3.0,68320,M,4768689.0,720782.0,68
201700017385,17,10,1,2100,5,2,1,1.0,6.0,68052,M,4769776.0,707270.0,68
201700017386,17,1,10,1400,1,1,1,4.0,1.0,68248,M,4750382.0,742991.0,68
201700017387,17,1,17,1650,1,1,1,4.0,1.0,68087,M,4753046.0,725838.0,68
201700017388,17,1,26,925,1,2,1,1.0,6.0,68259,M,4747467.0,736391.0,68
201700017389,17,2,8,1430,1,1,1,2.0,6.0,68087,M,4754751.0,725399.0,68
201700017390,17,3,19,1645,1,1,1,8.0,3.0,68373,M,4745750.0,725464.0,68