Num_Acc,an,mois,jour,hrmn,lum,agg,int,atm,col,com,gps,lat,long,dep
201700017391,17,3,19,1900,3,1,1,1.0,7.0,68305,M,4753043.0,713876.0,68
201700017392,17,3,25,1530,1,1,1,1.0,7.0,68035,M,4746978.0,744051.0,68
201700017393,17,3,30,2030,3,1,1,1.0,7.0,68128,M,4756260.0,723982.0,68
201700017394,17,4,30,1155,1,1,1,1.0,1.0,68216,M,4750694.0,719935.0,68
201700017395,17,5,28,1430,1,1,1,1.0,6.0,68373,M,4745760.0,725455.0,68
201700017396,17,6,2,1630,1,2,1,1.0,6.0,68087,M,4753580.0,726472.0,68
201700017397,17,6,8,755,1,2,3,1.0,6.0,68305,M,4753777.0,717335.0,68
201700017398,17,6,8,1530,1,1,1,1.0,6.0,68306,M,4752842.0,719367.0,68
201700017399,17,7,9,1720,1,1,1,3.0,6.0,68128,M,4756225.0,723679.0,68
201700017400,17,7,22,1715,1,1,1,3.0,6.0,68212,M,4750734.0,724562.0,68
201700017401,17,9,4,1815,1,1,1,1.0,6.0,68035,M,4746977.0,744073.0,68
201700017402,17,10,5,1740,1,2,1,1.0,6.0,68090,M,4749899.0,730822.0,68
201700017403,17,10,27,1805,1,1,1,1.0,6.0,68373,M,4744331.0,725229.0,68
201700017404,17,12,5,730,2,1,1,5.0,1.0,68373,M,4745205.0,725108.0,68
201700017405,17,12,8,1650,2,1,4,4.0,6.0,68090,M,4748695.0,730652.0,68
201700017406,17,12,8,2100,5,2,1,4.0,6.0,68305,M,4753566.0,717452.0,68
201700017407,17,12,22,1810,3,1,1,2.0,6.0,68380,M,4746917.0,740684.0,68
201700017408,17,1,4,1510,1,1,1,1.0,6.0,68129,M,4771771.0,722738.0,68
201700017409,17,1,16,1745,3,2,3,1.0,2.0,68270,M,4778869.0,729158.0,68
201700017410,17,1,20,2110,5,2,4,1.0,6.0,68195,M,4775970.0,727968.0,68
201700017411,17,2,22,630,2,1,1,1.0,7.0,68195,M,4776569.0,725449.0,68
201700017412,17,4,7,1430,1,2,1,1.0,3.0,68267,M,4774916.0,723091.0,68
201700017413,17,5,14,125,3,1,1,1.0,6.0,68195,M,4776123.0,727246.0,68
201700017414,17,5,31,940,1,2,1,1.0,6.0,68129,M,4772736.0,722696.0,68
201700017415,17,6,3,2115,3,2,1,2.0,3.0,68195,M,4775413.0,728671.0,68
201700017416,17,6,5,1000,1,2,3,1.0,3.0,68384,M,4769256.0,730291.0,68
201700017417,17,6,8,750,1,2,2,1.0,3.0,68384,M,4769688.0,729187.0,68
201700017418,17,8,6,1115,1,2,2,1.0,3.0,68384,M,4769687.0,729188.0,68
201700017419,17,9,22,925,1,2,3,1.0,1.0,68267,M,4774952.0,722919.0,68
201700017420,17,10,7,1710,1,1,1,1.0,7.0,68070,M,4770393.0,729703.0,68
201700017421,17,12,13,1015,1,1,1,1.0,6.0,68129,M,4771842.0,722732.0,68
201700017422,17,3,6,1010,1,2,3,1.0,5.0,68042,M,4760548.0,750537.0,68
201700017423,17,3,10,1845,3,1,1,1.0,1.0,68286,M,4762585.0,754833.0,68
201700017424,17,3,29,1235,1,1,3,1.0,3.0,68135,M,4758240.0,751234.0,68
201700017425,17,4,8,1500,1,2,3,1.0,6.0,68042,M,4760144.0,749596.0,68
201700017426,17,5,1,330,3,1,1,6.0,6.0,68094,M,4754180.0,743495.0,68
201700017427,17,5,5,1540,1,2,4,1.0,1.0,68182,M,4749188.0,747497.0,68
201700017428,17,5,13,710,2,2,1,1.0,6.0,68042,M,4760748.0,750217.0,68
201700017429,17,5,24,1750,1,1,1,1.0,2.0,68349,M,4761712.0,756569.0,68
201700017430,17,6,25,1145,1,1,4,1.0,7.0,68094,M,4754218.0,743527.0,68
201700017431,17,8,6,1945,1,2,1,1.0,1.0,68135,M,4757831.0,751996.0,68
201700017432,17,8,10,930,1,2,1,1.0,6.0,68126,M,4755583.0,751793.0,68
201700017433,17,8,15,1725,1,2,1,1.0,7.0,68349,M,4760087.0,759129.0,68
201700017434,17,8,22,815,1,2,4,1.0,6.0,68120,M,4752622.0,747919.0,68
201700017435,17,8,29,2122,5,2,1,1.0,6.0,68126,M,4756730.0,753715.0,68
201700017436,17,9,14,1250,1,2,1,2.0,6.0,68042,M,4760177.0,750252.0,68
201700017437,17,9,25,1650,1,1,1,1.0,7.0,68094,M,4754251.0,743516.0,68
201700017438,17,9,25,1940,5,2,6,1.0,1.0,68286,M,4763085.0,753995.0,68
201700017439,17,9,30,815,1,2,3,1.0,3.0,68042,M,4760428.0,749530.0,68
201700017440,17,10,18,1745,2,2,3,7.0,1.0,68121,M,4752211.0,746947.0,68
201700017441,17,11,17,2000,3,1,3,1.0,3.0,68135,M,4757339.0,749468.0,68
201700017442,17,1,28,1530,1,1,3,1.0,3.0,68205,M,4790458.0,740176.0,68
201700017443,17,2,5,1440,1,1,1,2.0,6.0,68258,M,4784115.0,727604.0,68
201700017444,17,2,11,1130,1,2,1,1.0,3.0,68258,M,4783848.0,730914.0,68
201700017445,17,2,22,815,1,1,4,1.0,1.0,68082,M,4787591.0,738488.0,68
201700017446,17,2,26,725,1,1,1,1.0,7.0,68140,M,4791797.0,744622.0,68
201700017447,17,3,25,1615,1,1,9,7.0,3.0,68258,M,4782621.0,728520.0,68
201700017448,17,5,14,2150,3,1,1,2.0,6.0,68082,M,4785121.0,732559.0,68
201700017449,17,5,12,1800,1,2,1,1.0,1.0,68140,M,4790543.0,744112.0,68
201700017450,17,5,10,1635,1,2,3,7.0,3.0,68082,M,4786582.0,735862.0,68
201700017451,17,5,20,1755,1,2,1,1.0,1.0,68266,M,4788819.0,735360.0,68
201700017452,17,5,22,1745,1,1,1,1.0,6.0,68281,M,4788868.0,744378.0,68
201700017453,17,6,17,1755,1,1,3,1.0,5.0,68258,M,4782690.0,728671.0,68
201700017454,17,7,12,1130,1,2,3,1.0,6.0,68242,M,4796834.0,738381.0,68
201700017455,17,7,21,1240,1,1,1,1.0,1.0,68241,M,4795391.0,734583.0,68
201700017456,17,8,3,950,1,1,3,1.0,3.0,68082,M,4787662.0,738648.0,68
201700017457,17,8,9,1219,1,2,2,1.0,3.0,68082,M,4787328.0,732999.0,68
201700017458,17,9,22,2140,3,1,1,1.0,6.0,68082,M,4786339.0,736959.0,68
201700017459,17,9,10,1855,1,1,2,1.0,3.0,68234,M,4794219.0,741714.0,68
201700017460,17,10,10,1620,1,1,1,1.0,6.0,68228,M,4792704.0,735795.0,68
201700017461,17,10,19,1810,1,1,1,1.0,1.0,68091,M,4790176.0,755732.0,68
201700017462,17,10,23,1230,1,1,1,1.0,3.0,68234,M,4795546.0,735456.0,68
201700017463,17,11,1,2010,3,1,4,1.0,4.0,68258,M,4782665.0,728562.0,68
201700017464,17,12,6,1420,1,1,3,7.0,3.0,68228,M,4792824.0,735837.0,68
201700017465,17,12,7,1845,3,1,1,1.0,6.0,68225,M,4786007.0,741300.0,68
201700017466,17,1,10,800,1,2,1,4.0,3.0,68059,M,4771941.0,716401.0,68
201700017467,17,1,21,2030,3,1,1,9.0,7.0,68179,M,4775709.0,701866.0,68
201700017468,17,1,24,1830,3,1,1,2.0,3.0,68302,M,4774477.0,715080.0,68
201700017469,17,1,27,100,3,1,1,1.0,6.0,68308,M,4777914.0,698333.0,68
201700017470,17,2,1,1845,3,1,1,5.0,7.0,68313,M,4771290.0,709373.0,68
201700017471,17,2,12,330,5,2,1,2.0,6.0,68059,M,4770809.0,716595.0,68
201700017472,17,3,11,1145,1,1,1,1.0,1.0,68115,M,4776277.0,708950.0,68
201700017473,17,3,12,1420,1,2,1,1.0,2.0,68179,M,4775764.0,701532.0,68
201700017474,17,5,12,1955,2,2,1,1.0,6.0,68073,M,4780577.0,692864.0,68
201700017475,17,6,1,1530,1,1,1,1.0,1.0,68304,M,4775764.0,703766.0,68
201700017476,17,7,16,2245,5,2,3,1.0,3.0,68304,M,4775635.0,704938.0,68
201700017477,17,8,13,1130,1,2,1,1.0,3.0,68239,M,4780861.0,694176.0,68
201700017478,17,9,17,2030,3,1,1,2.0,6.0,68059,M,4772446.0,717132.0,68
201700017479,17,10,7,1650,1,1,1,1.0,7.0,68046,M,4780524.0,703818.0,68
201700017480,17,10,20,1810,1,1,1,1.0,6.0,68011,M,4776744.0,716072.0,68
201700017481,17,10,26,1850,3,1,2,1.0,3.0,68011,M,4776656.0,715128.0,68
201700017482,17,11,3,815,1,1,1,1.0,4.0,68060,M,4774152.0,713782.0,68
201700017483,17,12,1,2020,3,1,1,1.0,5.0,68059,M,4771370.0,715068.0,68
201700017484,17,12,16,1825,3,1,1,1.0,3.0,68060,M,4773239.0,713058.0,68
201700017485,17,1,20,1800,5,2,1,1.0,6.0,34312,M,4363621.0,310935.0,34
201700017486,17,3,9,1705,1,1,1,1.0,6.0,34096,M,4356918.0,318346.0,34
201700017487,17,4,9,1100,1,1,1,1.0,7.0,34144,M,4371949.0,324507.0,34
201700017488,17,5,9,1540,1,2,1,1.0,6.0,34028,M,4360940.0,314870.0,34
201700017489,17,6,3,1040,1,1,1,1.0,6.0,34055,M,4368326.0,296144.0,34
201700017490,17,6,14,800,1,2,6,1.0,3.0,34126,M,4358719.0,308370.0,34
201700017491,17,7,2,1630,1,1,1,1.0,7.0,34096,M,4356386.0,317539.0,34
201700017492,17,7,8,1100,1,1,1,1.0,6.0,34144,M,4371956.0,324509.0,34
201700017493,17,7,10,1400,1,1,1,1.0,6.0,34260,M,4366259.0,308162.0,34
201700017494,17,8,4,1130,1,2,6,1.0,3.0,34126,M,4358964.0,308309.0,34
201700017495,17,8,14,1529,1,1,1,1.0,6.0,34312,M,4364748.0,316459.0,34
201700017496,17,8,26,1730,1,1,1,1.0,6.0,34096,M,4355485.0,319501.0,34
201700017497,17,11,4,1215,1,1,1,3.0,6.0,34312,M,4364087.0,316583.0,34
201700017498,17,11,11,1630,1,2,1,1.0,6.0,34126,M,4359709.0,307982.0,34
201700017499,17,11,12,1500,1,1,1,2.0,6.0,34055,M,4368556.0,293777.0,34
201700017500,17,3,28,930,1,2,1,7.0,1.0,34074,M,4345570.0,303838.0,34
201700017501,17,4,10,1945,1,1,1,1.0,7.0,34310,M,4341329.0,313750.0,34
201700017502,17,4,25,1530,1,1,1,8.0,5.0,34084,M,4340218.0,319576.0,34
201700017503,17,4,30,1510,1,1,1,1.0,7.0,34084,M,4338893.0,319553.0,34
201700017504,17,5,4,800,1,1,1,2.0,7.0,34061,M,4345724.0,311335.0,34
201700017505,17,5,17,1415,1,1,1,1.0,1.0,34178,M,4343634.0,311530.0,34
201700017506,17,5,21,645,2,1,1,1.0,6.0,34201,M,4344704.0,294781.0,34
201700017507,17,5,23,1830,1,1,1,1.0,6.0,34130,M,4353720.0,369238.0,34
201700017508,17,8,11,815,1,1,9,7.0,1.0,34223,M,4343763.0,321587.0,34
201700017509,17,8,12,440,3,1,1,1.0,2.0,34310,M,4341104.0,316932.0,34
201700017510,17,8,15,845,1,1,1,1.0,1.0,34021,M,4345123.0,290462.0,34
201700017511,17,9,3,1520,1,1,1,1.0,6.0,34245,M,4341809.0,297173.0,34
201700017512,17,11,4,2145,3,1,1,3.0,3.0,34018,M,4349711.0,318788.0,34
201700017513,17,11,8,755,1,1,1,1.0,1.0,34178,M,4342420.0,314443.0,34
201700017514,17,12,11,905,2,1,1,1.0,7.0,34074,M,4346336.0,302561.0,34
201700017515,17,2,2,750,2,2,1,1.0,5.0,34001,M,4345656.0,329718.0,34
201700017516,17,2,11,520,3,2,1,2.0,7.0,34139,M,4341421.0,324007.0,34
201700017517,17,3,19,700,1,2,9,1.0,3.0,34224,M,4346094.0,323458.0,34
201700017518,17,4,26,755,1,1,1,1.0,6.0,34300,M,4343038.0,328062.0,34
201700017519,17,5,15,1345,1,1,1,1.0,2.0,34300,M,4341264.0,330155.0,34
201700017520,17,6,16,1420,1,1,1,1.0,6.0,34025,M,4340994.0,324111.0,34
201700017521,17,6,22,530,3,1,1,5.0,1.0,34234,M,4353558.0,322246.0,34
201700017522,17,8,13,1530,1,2,2,1.0,3.0,34300,M,4342595.0,329806.0,34
201700017523,17,8,18,1030,1,1,1,1.0,2.0,34139,M,4340155.0,322902.0,34
201700017524,17,12,13,1420,1,1,1,1.0,4.0,34147,M,4347585.0,320701.0,34
201700017525,17,12,15,1400,1,1,1,1.0,2.0,34139,M,4340808.0,322917.0,34
201700017526,17,3,18,1530,1,1,1,8.0,7.0,34284,M,4345242.0,275151.0,34
201700017527,17,5,8,1450,1,1,1,1.0,6.0,34284,M,4348908.0,275775.0,34
201700017528,17,5,17,910,1,2,1,1.0,7.0,34284,M,4348891.0,275814.0,34
201700017529,17,6,10,1600,1,1,1,1.0,7.0,34284,M,4344755.0,273484.0,34
201700017530,17,6,11,1910,1,1,1,1.0,6.0,34284,M,4348557.0,278106.0,34
201700017531,17,6,15,1500,1,1,1,7.0,7.0,34284,M,4346055.0,275069.0,34
201700017532,17,6,27,1845,1,1,1,2.0,6.0,34293,M,4364912.0,265105.0,34
201700017533,17,7,1,1720,1,1,1,1.0,6.0,34284,M,4348573.0,278103.0,34
201700017534,17,7,8,750,2,1,1,1.0,6.0,34293,M,4359427.0,268683.0,34
201700017535,17,7,16,1840,2,1,1,1.0,1.0,34331,M,4345982.0,268241.0,34
201700017536,17,8,15,1600,1,2,1,1.0,6.0,34160,M,4357192.0,294559.0,34
201700017537,17,8,16,1500,1,2,1,1.0,7.0,34219,M,4352916.0,283445.0,34
201700017538,17,8,19,1500,1,1,1,1.0,7.0,34229,M,4351940.0,281524.0,34
201700017539,17,8,22,1720,1,1,1,1.0,6.0,34229,M,4350103.0,279126.0,34
201700017540,17,9,21,1656,1,2,1,7.0,7.0,34284,M,4348849.0,276057.0,34
201700017541,17,4,13,1715,1,1,1,1.0,7.0,34317,M,4379380.0,348083.0,34
201700017542,17,5,27,1600,1,1,1,1.0,3.0,34277,M,4384773.0,351942.0,34
201700017543,17,5,25,1115,1,1,1,1.0,6.0,34142,M,4372302.0,327403.0,34
201700017544,17,7,4,1550,1,2,1,1.0,7.0,34142,M,4373244.0,331635.0,34
201700017545,17,7,16,1815,1,1,1,1.0,7.0,34277,M,4385482.0,350636.0,34
201700017546,17,8,14,1135,1,1,1,1.0,7.0,34283,M,4378518.0,341530.0,34
201700017547,17,9,13,1650,1,2,1,1.0,6.0,34142,M,4373246.0,332002.0,34
201700017548,17,9,22,1850,1,1,1,1.0,7.0,34251,M,4378222.0,341335.0,34
201700017549,17,10,23,1430,1,1,1,1.0,1.0,34064,M,4388582.0,330894.0,34
201700017550,17,11,20,1210,1,2,1,1.0,3.0,34142,M,4373106.0,332394.0,34
201700017551,17,12,22,1620,1,1,1,1.0,6.0,34064,M,4385891.0,332466.0,34
201700017552,17,12,30,1630,1,1,1,2.0,7.0,34286,M,4373063.0,344036.0,34
201700017553,17,1,23,812,2,2,3,8.0,1.0,34254,M,4366283.0,346225.0,34
201700017554,17,5,11,1820,1,2,1,1.0,7.0,34194,M,4354033.0,346175.0,34
201700017555,17,6,16,230,3,1,1,1.0,7.0,34079,M,4363614.0,341835.0,34
201700017556,17,6,19,1910,1,1,9,1.0,3.0,34210,M,4360623.0,350312.0,34
201700017557,17,7,27,1415,1,1,1,1.0,7.0,34076,M,4364659.0,346281.0,34
201700017558,17,8,2,1500,1,1,1,1.0,7.0,34051,M,4359837.0,348324.0,34
201700017559,17,8,8,1445,1,1,1,1.0,2.0,34281,M,4352832.0,348512.0,34
201700017560,17,9,10,1715,1,1,1,1.0,6.0,34051,M,4359907.0,348962.0,34
201700017561,17,9,16,200,3,1,1,1.0,7.0,34137,M,4364772.0,333271.0,34
201700017562,17,10,3,1030,1,2,1,1.0,1.0,34194,M,4354216.0,345784.0,34
201700017563,17,10,17,1750,1,1,1,2.0,6.0,34281,M,4353160.0,354342.0,34
201700017564,17,11,29,2000,3,1,1,1.0,7.0,34210,M,4359359.0,354862.0,34
201700017565,17,12,9,30,3,1,1,1.0,6.0,34210,M,4359792.0,350108.0,34
201700017566,17,12,23,2040,3,1,1,1.0,6.0,34313,M,4357317.0,348193.0,34
201700017567,17,1,18,1520,1,2,1,1.0,3.0,34239,M,4365081.0,351013.0,34
201700017568,17,3,9,2030,3,1,1,1.0,7.0,34114,M,4363724.0,353488.0,34
201700017569,17,5,4,1135,1,1,1,1.0,7.0,34114,M,4365679.0,356174.0,34
201700017570,17,5,10,1855,1,2,1,1.0,1.0,34239,M,4364245.0,349736.0,34
201700017571,17,6,20,1725,1,2,1,1.0,6.0,34114,M,4365511.0,355458.0,34
201700017572,17,6,26,914,1,1,1,1.0,1.0,34125,M,4366792.0,354349.0,34
201700017573,17,9,30,1940,3,1,1,1.0,1.0,34035,M,4366265.0,364451.0,34
201700017574,17,12,23,1540,1,2,1,7.0,6.0,34114,M,4364469.0,354172.0,34
201700017575,17,1,6,1600,1,2,1,1.0,6.0,15014,M,,,15
201700017576,17,1,24,1625,1,2,1,7.0,6.0,15014,M,,,15
201700017577,17,2,1,820,1,1,1,1.0,1.0,15012,M,4488796.0,243403.0,15
201700017578,17,3,15,1740,1,2,1,1.0,6.0,15014,M,4492278.0,244461.0,15
201700017579,17,4,8,710,2,2,3,1.0,3.0,15012,M,4489954.0,248199.0,15
201700017580,17,4,10,1625,1,2,9,8.0,6.0,15014,M,4491195.0,243465.0,15
201700017581,17,5,24,1110,1,2,2,1.0,6.0,15014,M,4491993.0,243919.0,15
201700017582,17,6,2,900,1,2,1,1.0,6.0,15012,M,4490074.0,246002.0,15
201700017583,17,7,15,835,1,2,1,1.0,6.0,15012,M,4490074.0,245956.0,15
201700017584,17,7,22,2210,5,2,1,1.0,3.0,15014,M,,,15
201700017585,17,7,28,1950,1,2,1,1.0,3.0,15014,M,4492112.0,243001.0,15
201700017586,17,7,29,1754,1,1,1,1.0,6.0,15012,M,4488667.0,243120.0,15
201700017587,17,8,5,1755,1,2,2,1.0,3.0,15014,M,4491259.0,243481.0,15
201700017588,17,9,6,1330,1,2,1,1.0,6.0,15014,M,4492170.0,244639.0,15
201700017589,17,9,19,1715,1,2,3,1.0,3.0,15014,M,4492308.0,242902.0,15
201700017590,17,10,3,900,1,1,1,2.0,6.0,15014,M,4492615.0,242455.0,15
201700017591,17,10,11,245,3,1,1,1.0,6.0,15012,M,4484915.0,246165.0,15
201700017592,17,10,18,840,1,2,1,1.0,6.0,15014,M,4491600.0,243570.0,15
201700017593,17,10,27,2350,5,2,1,1.0,1.0,15014,M,4493304.0,244641.0,15
201700017594,17,11,2,1229,1,2,1,1.0,4.0,15014,M,4491097.0,245188.0,15
201700017595,17,11,8,735,1,1,1,4.0,3.0,15012,M,4489847.0,247327.0,15
201700017596,17,11,9,950,1,2,1,8.0,3.0,15014,M,,,15
201700017597,17,11,20,825,1,1,1,1.0,6.0,15014,M,,,15
201700017598,17,11,20,1040,1,2,6,1.0,3.0,15014,M,,,15
201700017599,17,11,24,1300,1,2,1,8.0,6.0,15014,M,,,15
201700017600,17,12,11,1940,5,2,1,3.0,6.0,15014,M,4491000.0,243000.0,15
201700017601,17,12,22,1510,1,2,2,1.0,5.0,15014,M,4491612.0,243775.0,15
201700017602,17,1,26,1000,1,1,1,2.0,1.0,34207,M,4338548.0,350151.0,34
201700017603,17,3,28,530,5,2,1,1.0,6.0,34150,M,4335474.0,352477.0,34
201700017604,17,4,5,705,1,2,1,1.0,3.0,34203,M,4340507.0,351048.0,34
201700017605,17,4,15,430,5,2,1,1.0,3.0,34031,M,4336452.0,342012.0,34
201700017606,17,4,23,1210,1,2,9,1.0,6.0,34332,M,4331339.0,341501.0,34
201700017607,17,5,7,730,1,1,1,1.0,7.0,34150,M,4337404.0,351823.0,34
201700017608,17,5,19,1640,1,1,1,1.0,3.0,34150,M,4336007.0,349911.0,34
201700017609,17,7,1,1750,1,1,1,1.0,1.0,34031,M,4336296.0,339237.0,34
201700017610,17,7,22,1200,1,1,1,1.0,3.0,34332,M,4331334.0,338959.0,34
201700017611,17,8,7,1715,1,1,1,1.0,7.0,34031,M,4338168.0,343702.0,34
201700017612,17,8,10,1750,1,2,1,1.0,1.0,34332,M,4329942.0,340371.0,34
201700017613,17,8,14,1330,1,2,1,1.0,6.0,34150,M,4331508.0,355192.0,34
201700017614,17,8,29,820,1,2,1,1.0,3.0,34150,M,4336029.0,354739.0,34
201700017615,17,10,4,1445,1,2,1,1.0,3.0,34031,M,4335929.0,341556.0,34
201700017616,17,10,30,1425,1,1,1,1.0,3.0,34332,M,4330084.0,341262.0,34
201700017617,17,2,5,1420,1,1,1,2.0,7.0,86284,M,4643823.0,47147.0,86
201700017618,17,3,18,2020,3,1,1,1.0,7.0,86263,M,4650876.0,35718.0,86
201700017619,17,4,12,1500,1,2,7,1.0,7.0,86264,M,4627912.0,37216.0,86
201700017620,17,5,23,1845,1,2,1,1.0,6.0,86290,M,4645891.0,36701.0,86
201700017621,17,6,24,1730,1,2,9,1.0,7.0,86103,M,4637357.0,40022.0,86
201700017622,17,7,7,1640,1,2,1,1.0,5.0,86235,M,4637864.0,40267.0,86
201700017623,17,7,18,1110,1,1,1,7.0,6.0,86248,M,4633172.0,46828.0,86
201700017624,17,7,26,1420,1,1,1,1.0,3.0,86099,M,4647559.0,52191.0,86
201700017625,17,1,9,2010,3,1,1,2.0,6.0,86244,M,4636455.0,11426.0,86
201700017626,17,2,19,1530,1,1,2,1.0,3.0,86213,M,4638861.0,5275.0,86
201700017627,17,3,9,945,1,1,1,1.0,6.0,86213,M,4638351.0,4484.0,86
201700017628,17,5,5,2215,3,1,1,2.0,6.0,86068,M,,,86
201700017629,17,5,5,1425,1,1,2,1.0,3.0,86145,M,4645459.0,20055.0,86
201700017630,17,8,19,1015,1,1,1,1.0,1.0,86039,M,4626098.0,14746.0,86
201700017631,17,12,23,1230,1,1,1,2.0,3.0,86139,M,4642905.0,10908.0,86
201700017632,17,12,23,1920,3,1,1,2.0,1.0,86293,M,4638559.0,23203.0,86
201700017633,17,12,22,1120,1,1,1,2.0,6.0,86113,M,4647654.0,29831.0,86
201700017634,17,2,18,1547,1,1,2,1.0,1.0,86281,M,4670276.0,29952.0,86
201700017635,17,3,24,1130,1,1,1,1.0,6.0,86016,M,4667429.0,27932.0,86
201700017636,17,3,26,1450,1,1,2,1.0,3.0,86208,M,4670140.0,14977.0,86
201700017637,17,4,20,745,2,2,1,1.0,6.0,86016,M,4666298.0,30471.0,86
201700017638,17,7,18,1915,1,2,1,1.0,3.0,86177,M,4668613.0,26610.0,86
201700017639,17,8,11,1010,1,2,1,2.0,6.0,86281,M,4673549.0,30974.0,86
201700017640,17,10,16,1945,3,2,2,1.0,3.0,86277,M,4674891.0,21376.0,86
201700017641,17,11,1,1750,2,2,9,1.0,3.0,86208,M,4670447.0,15317.0,86
201700017642,17,5,29,915,1,1,1,1.0,3.0,86202,M,4666443.0,72968.0,86
201700017643,17,6,12,1200,1,1,1,1.0,6.0,86245,M,4680315.0,64362.0,86
201700017644,17,7,15,1815,1,1,1,1.0,6.0,86207,M,4678001.0,75908.0,86
201700017645,17,7,28,1730,1,1,1,1.0,3.0,86164,M,4673507.0,60351.0,86
201700017646,17,10,30,330,3,1,1,1.0,6.0,86125,M,4674688.0,69909.0,86
201700017647,17,3,24,1035,1,1,4,1.0,3.0,86225,M,4685663.0,10440.0,86
201700017648,17,4,6,1745,1,1,1,1.0,2.0,86225,M,4682015.0,6216.0,86
201700017649,17,4,9,950,1,1,1,1.0,7.0,86225,M,4680558.0,3583.0,86
201700017650,17,6,28,1420,1,1,1,1.0,1.0,86108,M,4680479.0,3001.0,86
201700017651,17,10,14,240,3,1,1,1.0,6.0,86075,M,4678965.0,17706.0,86
201700017652,17,4,21,640,2,1,1,1.0,7.0,29189,M,4835333.0,-440064.0,29
201700017653,17,4,28,1645,1,2,1,1.0,6.0,29189,M,4837449.0,-436933.0,29
201700017654,17,5,5,1340,1,1,1,8.0,6.0,29086,M,4837927.0,-417877.0,29
201700017655,17,5,17,630,3,1,9,2.0,6.0,29078,M,4834396.0,-413916.0,29
201700017656,17,6,11,930,1,1,1,1.0,6.0,29140,M,4841002.0,-430402.0,29
201700017657,17,6,17,2245,3,1,1,1.0,6.0,29078,M,4835413.0,-412101.0,29
201700017658,17,6,14,1630,1,1,2,1.0,7.0,29140,M,4837909.0,-432247.0,29
201700017659,17,9,16,1430,1,2,1,1.0,6.0,29189,M,4838188.0,-434969.0,29
201700017660,17,11,3,1300,1,2,1,1.0,1.0,29189,M,4837790.0,-435538.0,29
201700017661,17,12,16,1630,1,2,9,1.0,3.0,29189,M,4838365.0,-439619.0,29
201700017662,17,12,19,1100,1,2,1,1.0,6.0,29043,M,4836124.0,-425862.0,29
201700017663,17,1,6,1530,1,1,1,1.0,6.0,41242,M,4726742.0,154691.0,41
201700017664,17,2,6,2110,3,1,1,2.0,7.0,41242,M,4726152.0,156518.0,41
201700017665,17,4,13,2000,1,1,1,1.0,6.0,41242,M,4725912.0,154795.0,41
201700017666,17,5,25,815,1,1,1,1.0,7.0,41044,M,4731325.0,192251.0,41
201700017667,17,6,3,1800,1,2,1,2.0,7.0,41110,M,4727443.0,185282.0,41
201700017668,17,6,14,1720,1,1,2,1.0,3.0,41097,M,4730071.0,165149.0,41
201700017669,17,7,18,1715,1,1,1,1.0,1.0,41242,M,4728978.0,160740.0,41
201700017670,17,7,21,715,1,2,1,7.0,6.0,41218,M,4728002.0,177462.0,41
201700017671,17,10,5,1830,1,1,9,1.0,1.0,41185,M,4733662.0,170732.0,41
201700017672,17,10,28,940,1,1,1,5.0,6.0,41097,M,4729372.0,162743.0,41
201700017673,17,12,15,430,5,1,1,1.0,3.0,41242,M,4726646.0,155348.0,41
201700017674,17,1,21,1730,1,1,3,1.0,6.0,41170,M,4746670.0,131371.0,41
201700017675,17,2,14,1140,1,1,1,1.0,3.0,41059,M,4741596.0,144495.0,41
201700017676,17,3,3,545,3,1,1,1.0,6.0,41092,M,4745337.0,133858.0,41
201700017677,17,3,16,1750,2,2,2,1.0,3.0,41059,M,4741801.0,143480.0,41
201700017678,17,3,27,2015,2,2,1,1.0,6.0,41164,M,4728055.0,139243.0,41
201700017679,17,3,29,1320,1,2,1,1.0,2.0,41164,M,4727294.0,137628.0,41
201700017680,17,4,6,1315,1,2,1,1.0,6.0,41051,M,4733569.0,113198.0,41
201700017681,17,4,13,925,1,2,2,7.0,3.0,41257,M,4738481.0,128686.0,41
201700017682,17,4,24,1535,1,1,1,1.0,3.0,41181,M,4732129.0,129412.0,41
201700017683,17,5,7,1145,1,1,9,2.0,6.0,41258,M,4730953.0,133837.0,41
201700017684,17,5,14,1200,1,1,2,1.0,3.0,41002,M,4733479.0,123914.0,41
201700017685,17,5,18,1735,1,2,1,3.0,6.0,41164,M,4729306.0,138884.0,41
201700017686,17,5,23,1845,1,2,1,1.0,6.0,41198,M,4726885.0,137203.0,41
201700017687,17,5,28,1255,1,2,1,1.0,6.0,41059,M,4742220.0,142856.0,41
201700017688,17,6,11,1330,1,1,2,7.0,3.0,41233,M,4743303.0,129844.0,41
201700017689,17,6,12,2120,2,1,1,1.0,1.0,41233,M,4742208.0,129823.0,41
201700017690,17,6,22,500,2,2,1,1.0,6.0,41082,M,4746116.0,138131.0,41
201700017691,17,6,25,1700,1,2,1,1.0,1.0,41146,M,4733802.0,126949.0,41
201700017692,17,6,26,1555,1,1,1,2.0,1.0,41043,M,4726753.0,148833.0,41
201700017693,17,7,24,530,2,2,1,1.0,6.0,41051,M,4733617.0,113719.0,41
201700017694,17,8,6,1015,1,1,2,1.0,3.0,41059,M,4740967.0,138783.0,41
201700017695,17,9,15,2154,5,2,1,1.0,3.0,41164,M,4727228.0,137609.0,41