Num_Acc,an,mois,jour,hrmn,lum,agg,int,atm,col,com,gps,lat,long,dep
201700017696,17,10,4,1030,1,2,1,1.0,6.0,41198,M,4726228.0,137096.0,41
201700017697,17,10,24,1915,3,2,1,1.0,7.0,41051,M,4734444.0,114778.0,41
201700017698,17,10,27,1440,1,1,1,1.0,2.0,41180,M,4738504.0,124756.0,41
201700017699,17,11,1,1950,5,1,1,1.0,1.0,41059,M,4742120.0,144101.0,41
201700017700,17,11,15,1300,1,1,1,1.0,1.0,41211,M,4731051.0,112062.0,41
201700017701,17,1,26,850,1,1,1,7.0,2.0,41152,M,4755242.0,173293.0,41
201700017702,17,1,31,1645,1,2,1,8.0,1.0,41152,M,4755422.0,172813.0,41
201700017703,17,2,18,1115,1,1,1,1.0,3.0,41232,M,4747941.0,208718.0,41
201700017704,17,3,9,910,1,1,1,8.0,1.0,41256,M,4732071.0,205761.0,41
201700017705,17,4,7,730,1,1,1,1.0,6.0,41159,M,4751134.0,185215.0,41
201700017706,17,4,9,210,5,2,1,1.0,6.0,41074,M,4758510.0,165427.0,41
201700017707,17,5,1,1855,1,2,3,1.0,3.0,41074,M,4758915.0,165843.0,41
201700017708,17,5,1,1845,1,1,2,1.0,3.0,41168,M,4731778.0,214781.0,41
201700017709,17,5,12,1900,2,1,1,2.0,6.0,41084,M,4733564.0,195079.0,41
201700017710,17,6,4,1215,1,1,1,1.0,6.0,41159,M,4757276.0,182909.0,41
201700017711,17,6,8,1700,1,1,1,1.0,1.0,41161,M,4748320.0,203944.0,41
201700017712,17,6,16,2220,3,1,1,1.0,6.0,41159,M,4755375.0,181075.0,41
201700017713,17,7,9,430,3,1,1,1.0,2.0,41083,M,4753822.0,184223.0,41
201700017714,17,7,17,1800,1,2,3,1.0,3.0,41251,M,4764368.0,216329.0,41
201700017715,17,8,12,530,3,1,1,1.0,7.0,41249,M,4745663.0,219219.0,41
201700017716,17,8,13,1820,1,1,1,1.0,7.0,41161,M,4751471.0,206372.0,41
201700017717,17,9,8,1010,1,2,1,2.0,7.0,41074,M,4757884.0,165944.0,41
201700017718,17,9,11,2300,3,1,1,1.0,1.0,41256,M,4735811.0,205612.0,41
201700017719,17,9,12,1615,1,1,2,1.0,3.0,41161,M,4749959.0,198953.0,41
201700017720,17,9,19,1250,1,1,1,1.0,7.0,41084,M,4746268.0,193497.0,41
201700017721,17,9,24,1650,1,1,1,1.0,1.0,41074,M,4758805.0,165047.0,41
201700017722,17,11,2,1715,2,1,1,1.0,1.0,41231,M,4754918.0,196328.0,41
201700017723,17,12,8,1355,1,2,1,1.0,2.0,41106,M,4760188.0,202407.0,41
201700017724,17,12,9,2120,5,2,1,1.0,6.0,41159,M,4753598.0,179647.0,41
201700017725,17,12,17,830,1,1,1,1.0,1.0,41046,M,4767635.0,191841.0,41
201700017726,17,1,4,1600,1,1,1,2.0,7.0,41073,M,4789441.0,100895.0,41
201700017727,17,2,7,1640,1,2,1,1.0,1.0,41143,M,4797603.0,91020.0,41
201700017728,17,5,29,900,1,1,3,1.0,3.0,41073,M,4789219.0,103856.0,41
201700017729,17,6,9,900,1,1,9,1.0,3.0,41235,M,4791648.0,82951.0,41
201700017730,17,7,30,715,1,1,1,1.0,6.0,41175,M,4788729.0,116418.0,41
201700017731,17,10,8,1855,1,1,1,1.0,7.0,41053,M,4798675.0,92913.0,41
201700017732,17,10,13,955,1,1,2,5.0,3.0,41275,M,4789227.0,108256.0,41
201700017733,17,10,14,1050,1,1,1,1.0,6.0,41143,M,4797475.0,91288.0,41
201700017734,17,10,14,1800,1,1,1,7.0,3.0,41116,M,4785031.0,111168.0,41
201700017735,17,11,8,745,5,2,1,2.0,3.0,41143,M,4798047.0,89989.0,41
201700017736,17,12,26,1746,3,1,2,2.0,3.0,41216,M,4796117.0,122208.0,41
201700017737,17,7,3,1954,1,2,9,1.0,3.0,47210,M,4425000.0,38624.0,47
201700017738,17,9,2,520,3,1,1,1.0,7.0,47190,M,4435960.0,51587.0,47
201700017739,17,9,21,1820,1,1,1,1.0,2.0,47210,M,4424950.0,40009.0,47
201700017740,17,11,27,710,2,1,1,5.0,6.0,47140,M,4428860.0,62491.0,47
201700017741,17,1,12,845,1,1,1,2.0,1.0,47138,M,4426490.0,75749.0,47
201700017742,17,9,23,800,1,1,1,1.0,7.0,47138,M,4425800.0,72888.0,47
201700017743,17,10,22,930,1,1,1,2.0,6.0,47234,M,4421890.0,76079.0,47
201700017744,17,11,12,1600,1,2,1,1.0,1.0,47051,M,4417430.0,68828.0,47
201700017745,17,11,23,1125,1,1,3,8.0,3.0,47138,M,4428990.0,75920.0,47
201700017746,17,1,23,815,1,1,1,1.0,7.0,47216,M,4451878.0,34642.0,47
201700017747,17,3,24,1430,1,1,1,1.0,7.0,47301,M,4453643.0,29472.0,47
201700017748,17,6,26,1345,1,1,3,1.0,3.0,47271,M,4464430.0,19461.0,47
201700017749,17,7,17,1045,1,2,7,1.0,6.0,47168,M,4460130.0,36012.0,47
201700017750,17,9,16,1600,1,1,1,1.0,1.0,47235,M,4460620.0,48034.0,47
201700017751,17,10,1,1420,1,1,1,2.0,6.0,47147,M,4463380.0,19882.0,47
201700017752,17,10,12,900,1,1,1,5.0,6.0,47088,M,4453780.0,24572.0,47
201700017753,17,2,1,1645,1,1,1,1.0,7.0,47253,M,4440910.0,15671.0,47
201700017754,17,3,18,324,3,1,1,1.0,6.0,47095,M,4442043.0,30594.0,47
201700017755,17,3,28,1435,1,1,1,1.0,1.0,47095,M,4442920.0,27659.0,47
201700017756,17,4,13,2325,3,1,1,1.0,7.0,47095,M,,,47
201700017757,17,5,19,1945,1,1,1,3.0,7.0,47065,M,4433940.0,35696.0,47
201700017758,17,5,23,1615,1,2,2,1.0,3.0,47310,M,4438930.0,30787.0,47
201700017759,17,6,4,1420,1,1,1,1.0,7.0,47065,M,4434230.0,35913.0,47
201700017760,17,6,18,2000,1,2,2,1.0,1.0,47310,M,4439210.0,30580.0,47
201700017761,17,6,21,1950,1,1,1,1.0,7.0,47135,M,4438530.0,44445.0,47
201700017762,17,6,23,1600,1,1,3,1.0,3.0,47159,M,4440050.0,22461.0,47
201700017763,17,6,26,1045,1,1,1,1.0,7.0,47310,M,4437830.0,33853.0,47
201700017764,17,7,9,1940,1,1,1,1.0,7.0,47316,M,4441600.0,35768.0,47
201700017765,17,7,17,755,1,2,9,1.0,3.0,47159,M,4440930.0,21880.0,47
201700017766,17,8,3,1420,1,2,2,1.0,3.0,47065,M,4436110.0,37636.0,47
201700017767,17,9,27,1725,1,1,2,1.0,3.0,47310,M,4441720.0,32071.0,47
201700017768,17,11,11,2115,3,1,1,1.0,7.0,47310,M,4440380.0,32280.0,47
201700017769,17,11,13,755,1,2,1,1.0,7.0,47310,M,4439060.0,30192.0,47
201700017770,17,11,27,1115,1,2,1,1.0,6.0,47310,M,4439460.0,30283.0,47
201700017771,17,11,28,2045,4,2,1,5.0,6.0,47135,M,4438860.0,44758.0,47
201700017772,17,1,10,815,2,2,1,2.0,6.0,47021,M,4416830.0,28493.0,47
201700017773,17,2,17,1150,1,1,2,1.0,3.0,47009,M,4409653.0,28249.0,47
201700017774,17,4,15,1650,1,1,2,1.0,3.0,47009,M,4409594.0,28223.0,47
201700017775,17,6,4,445,3,1,1,1.0,7.0,47318,M,4419700.0,32625.0,47
201700017776,17,6,22,1550,1,1,3,1.0,5.0,47207,M,4419940.0,21097.0,47
201700017777,17,8,7,1730,1,2,1,1.0,6.0,47195,M,4413490.0,34158.0,47
201700017778,17,10,22,1300,1,2,1,1.0,6.0,47195,M,4413570.0,33485.0,47
201700017779,17,11,4,530,3,1,1,1.0,6.0,47195,M,4412490.0,29536.0,47
201700017780,17,11,6,1815,3,1,1,1.0,6.0,47041,M,4420800.0,40623.0,47
201700017781,17,12,31,1000,1,1,1,1.0,6.0,47134,M,4401030.0,30807.0,47
201700017782,17,1,2,545,3,1,1,1.0,7.0,47093,M,,,47
201700017783,17,2,13,1455,1,2,1,6.0,1.0,47250,M,4428907.0,31832.0,47
201700017784,17,2,22,1045,1,1,1,1.0,7.0,47320,M,4427246.0,19131.0,47
201700017785,17,3,16,1025,1,2,3,1.0,3.0,47052,M,4432560.0,8221.0,47
201700017786,17,7,16,2200,3,1,1,1.0,7.0,47058,M,4426780.0,22771.0,47
201700017787,17,7,25,1640,1,1,1,1.0,3.0,47119,M,4417360.0,2639.0,47
201700017788,17,11,10,2340,5,1,1,2.0,6.0,47043,M,4425960.0,28947.0,47
201700017789,17,2,19,450,3,1,1,5.0,7.0,47315,M,4443853.0,86744.0,47
201700017790,17,3,12,1540,1,1,1,2.0,5.0,47203,M,4438240.0,85457.0,47
201700017791,17,3,24,1830,2,1,1,2.0,1.0,47106,M,4450278.0,94792.0,47
201700017792,17,5,12,2215,3,1,1,1.0,7.0,47117,M,4433630.0,78289.0,47
201700017793,17,7,8,810,1,2,1,1.0,7.0,47283,M,4446930.0,93558.0,47
201700017794,17,7,12,955,1,1,3,1.0,3.0,47077,M,4455910.0,94857.0,47
201700017795,17,7,23,1315,1,1,1,1.0,7.0,47072,M,4437830.0,103346.0,47
201700017796,17,9,10,930,1,1,1,8.0,1.0,47328,M,4443160.0,90615.0,47
201700017797,17,12,12,720,5,2,1,1.0,6.0,47292,M,4459150.0,101140.0,47
201700017798,17,12,26,1750,3,1,1,1.0,1.0,47077,M,4454900.0,94535.0,47
201700017799,17,3,4,1150,1,2,1,1.0,6.0,47252,M,4439910.0,59805.0,47
201700017800,17,3,12,1640,1,2,1,8.0,7.0,47252,M,4439910.0,59763.0,47
201700017801,17,3,17,1850,2,2,2,1.0,3.0,47049,M,4444494.0,62400.0,47
201700017802,17,4,20,1400,1,2,1,1.0,7.0,47252,M,4440220.0,58669.0,47
201700017803,17,5,8,515,2,1,1,1.0,7.0,47239,M,4440620.0,56954.0,47
201700017804,17,5,12,120,3,1,1,1.0,7.0,47206,M,4442990.0,58055.0,47
201700017805,17,5,26,750,2,2,3,7.0,3.0,47252,M,4439760.0,58574.0,47
201700017806,17,6,1,1700,1,2,1,1.0,2.0,47252,M,4440020.0,59080.0,47
201700017807,17,6,25,1500,1,2,1,1.0,1.0,47252,M,4440160.0,59055.0,47
201700017808,17,7,31,1340,1,1,1,1.0,5.0,47049,M,4444410.0,59914.0,47
201700017809,17,8,14,1745,1,1,2,1.0,7.0,47099,M,4440500.0,53329.0,47
201700017810,17,10,4,1555,1,1,4,1.0,3.0,47252,M,4439050.0,56695.0,47
201700017811,17,11,18,720,2,1,1,5.0,5.0,47306,M,4438330.0,53848.0,47
201700017812,17,12,18,1400,1,1,1,2.0,6.0,47173,M,4442310.0,49974.0,47
201700017813,17,3,29,820,2,2,1,7.0,6.0,46225,M,4450368.0,118877.0,46
201700017814,17,6,12,1205,1,1,1,1.0,1.0,46231,M,4451419.0,113828.0,46
201700017815,17,7,4,615,1,2,3,1.0,3.0,46301,M,4441633.0,125897.0,46
201700017816,17,10,5,1855,1,2,1,1.0,3.0,46321,M,4449728.0,105505.0,46
201700017817,17,10,8,745,3,1,1,5.0,6.0,46307,M,4449076.0,104172.0,46
201700017818,17,3,4,1500,1,1,1,3.0,6.0,46007,M,4445131.0,152025.0,46
201700017819,17,7,22,1430,1,1,2,1.0,3.0,46010,M,,,46
201700017820,17,7,28,1510,1,2,1,1.0,3.0,46320,M,4447873.0,169382.0,46
201700017821,17,8,12,1525,1,1,1,1.0,6.0,46270,M,4443154.0,181751.0,46
201700017822,17,9,9,2020,3,1,1,2.0,7.0,46320,M,4446574.0,170764.0,46
201700017823,17,5,16,940,1,1,2,1.0,3.0,46090,M,4466957.0,179415.0,46
201700017824,17,6,7,1605,1,1,3,1.0,3.0,46034,M,4470001.0,191599.0,46
201700017825,17,5,7,835,1,2,1,1.0,6.0,46117,M,4494013.0,186897.0,46
201700017826,17,6,25,1709,1,1,1,1.0,3.0,46122,M,4489504.0,177441.0,46
201700017827,17,8,17,1805,1,1,1,1.0,1.0,46311,M,4487482.0,205364.0,46
201700017828,17,9,23,1650,1,1,9,1.0,1.0,46115,M,4487451.0,195647.0,46
201700017829,17,10,10,1135,1,2,1,1.0,6.0,46029,M,4492379.0,184353.0,46
201700017830,17,1,21,1515,1,1,1,1.0,6.0,46219,M,4464395.0,137876.0,46
201700017831,17,5,14,1451,1,1,1,1.0,1.0,46334,M,4474394.0,145114.0,46
201700017832,17,5,19,1700,1,1,1,2.0,3.0,46334,M,4474233.0,143439.0,46
201700017833,17,6,5,625,2,1,1,1.0,7.0,46216,M,4475140.0,133967.0,46
201700017834,17,7,8,530,3,1,1,2.0,6.0,46334,M,4474356.0,146539.0,46
201700017835,17,8,17,2230,3,1,1,1.0,7.0,46127,M,4471427.0,132508.0,46
201700017836,17,8,27,1030,1,1,1,1.0,2.0,46297,M,4466565.0,123257.0,46
201700017837,17,9,11,1000,1,1,1,2.0,6.0,46169,M,4470840.0,132933.0,46
201700017838,17,11,2,1820,5,2,1,1.0,6.0,46127,M,4471992.0,136708.0,46
201700017839,17,5,29,710,1,1,1,1.0,1.0,46059,M,4471250.0,163983.0,46
201700017840,17,9,4,1802,1,1,1,1.0,1.0,46204,M,4469799.0,158724.0,46
201700017841,17,10,3,1215,1,1,1,2.0,6.0,46128,M,4476745.0,172265.0,46
201700017842,17,1,22,630,2,1,1,1.0,6.0,46083,M,4502702.0,151621.0,46
201700017843,17,2,15,1745,1,1,1,1.0,6.0,46086,M,4496349.0,156421.0,46
201700017844,17,4,5,1450,1,1,3,1.0,3.0,46232,M,4500373.0,163128.0,46
201700017845,17,4,25,1640,1,1,1,3.0,3.0,46153,M,4484563.0,145867.0,46
201700017846,17,6,18,1048,1,1,3,1.0,3.0,46084,M,4488962.0,159263.0,46
201700017847,17,7,7,1500,1,1,2,1.0,3.0,46185,M,4494136.0,160067.0,46
201700017848,17,9,16,1600,1,1,1,3.0,6.0,46106,M,4492679.0,167059.0,46
201700017849,17,10,7,1830,2,1,4,1.0,1.0,46065,M,4500012.0,165145.0,46
201700017850,17,11,15,725,5,2,3,5.0,3.0,46185,M,4493823.0,161653.0,46
201700017851,17,12,17,1615,1,1,1,1.0,1.0,46208,M,4488730.0,161984.0,46
201700017852,17,2,17,2120,5,2,3,1.0,3.0,42023,M,4529672.0,455921.0,42
201700017853,17,2,28,1120,1,1,1,1.0,1.0,42023,M,4530872.0,458118.0,42
201700017854,17,3,18,1540,1,1,1,1.0,1.0,42115,M,4532925.0,434842.0,42
201700017855,17,4,1,730,2,2,1,3.0,7.0,42172,M,4537640.0,444208.0,42
201700017856,17,5,6,2030,2,1,1,1.0,6.0,42329,M,4557646.0,432223.0,42
201700017857,17,5,28,1720,1,1,1,1.0,1.0,42329,M,4531689.0,451215.0,42
201700017858,17,6,10,2350,3,1,1,1.0,7.0,42067,M,4536089.0,457467.0,42
201700017859,17,9,3,1730,1,1,1,1.0,6.0,42280,M,4531476.0,446353.0,42
201700017860,17,9,29,1635,1,2,1,1.0,3.0,42023,M,4529966.0,457837.0,42
201700017861,17,9,30,1938,3,1,1,1.0,7.0,42023,M,4529947.0,456836.0,42
201700017862,17,10,27,1000,1,1,1,1.0,6.0,42329,M,4531458.0,453786.0,42
201700017863,17,12,9,230,3,2,1,4.0,1.0,42023,M,4528978.0,459828.0,42
201700017864,17,2,10,1635,1,1,1,8.0,1.0,42097,M,4548749.0,432248.0,42
201700017865,17,2,10,1010,1,2,1,1.0,7.0,42302,M,4548562.0,445186.0,42
201700017866,17,2,14,820,1,2,6,8.0,6.0,42302,M,4548856.0,444996.0,42
201700017867,17,2,26,1135,1,1,9,1.0,2.0,42092,M,4548187.0,434975.0,42
201700017868,17,3,4,1240,1,2,1,2.0,3.0,42302,M,4548257.0,444091.0,42
201700017869,17,3,25,750,1,2,1,5.0,1.0,42302,M,4548030.0,445192.0,42
201700017870,17,4,8,930,1,1,2,7.0,3.0,42234,M,4553848.0,435857.0,42
201700017871,17,4,13,830,1,1,4,1.0,3.0,42208,M,4551948.0,444782.0,42
201700017872,17,5,2,1835,1,2,4,1.0,6.0,42208,M,4554448.0,448582.0,42
201700017873,17,7,1,1100,1,2,1,8.0,6.0,42096,M,4554790.0,443902.0,42
201700017874,17,7,3,1945,1,1,1,1.0,1.0,42208,M,4553536.0,447692.0,42
201700017875,17,7,5,1850,1,1,1,1.0,1.0,42097,M,4549351.0,432199.0,42
201700017876,17,7,7,1350,1,1,1,1.0,4.0,42097,M,4551931.0,428823.0,42
201700017877,17,7,7,1820,1,2,2,1.0,5.0,42302,M,4548395.0,444850.0,42
201700017878,17,7,19,1305,1,1,1,1.0,6.0,42208,M,4555808.0,446658.0,42
201700017879,17,9,13,1905,1,1,1,1.0,7.0,42097,M,4550614.0,430214.0,42
201700017880,17,9,17,2015,5,2,1,1.0,3.0,42208,M,4554546.0,448705.0,42
201700017881,17,10,4,2200,3,1,1,1.0,7.0,42234,M,4553830.0,438946.0,42
201700017882,17,1,6,1847,3,1,1,9.0,6.0,42291,M,4580761.0,389945.0,42
201700017883,17,1,28,1630,1,2,1,1.0,7.0,42219,M,4573383.0,410220.0,42
201700017884,17,2,18,1415,1,1,1,1.0,2.0,42219,M,4572309.0,409335.0,42
201700017885,17,3,18,145,3,1,1,1.0,6.0,42002,M,4578345.0,392519.0,42
201700017886,17,4,10,1745,1,2,1,1.0,6.0,42150,M,4571735.0,406914.0,42
201700017887,17,4,10,2000,1,1,1,1.0,6.0,42221,M,4579964.0,408416.0,42
201700017888,17,4,16,1805,1,1,1,1.0,7.0,42030,M,4579392.0,399203.0,42
201700017889,17,4,18,1715,1,1,2,1.0,3.0,42159,M,4580837.0,373438.0,42
201700017890,17,4,19,1630,1,1,1,1.0,7.0,42245,M,4583523.0,381141.0,42
201700017891,17,4,21,1815,1,2,1,1.0,6.0,42278,M,4580404.0,381204.0,42
201700017892,17,5,11,2215,5,1,1,5.0,6.0,42159,M,4581068.0,377405.0,42
201700017893,17,5,20,1935,1,2,1,1.0,6.0,42159,M,4581035.0,377533.0,42
201700017894,17,5,25,1530,1,1,1,1.0,6.0,42195,M,4571934.0,396926.0,42
201700017895,17,5,27,1157,1,2,3,1.0,6.0,42019,M,4574047.0,400782.0,42
201700017896,17,5,28,1730,1,1,3,1.0,2.0,42295,M,4584305.0,379423.0,42
201700017897,17,6,4,1530,1,1,1,1.0,7.0,42039,M,4568355.0,382539.0,42
201700017898,17,6,4,1440,1,2,1,1.0,7.0,42295,M,4584935.0,379859.0,42
201700017899,17,6,17,1720,1,1,1,1.0,3.0,42136,M,4571412.0,401396.0,42
201700017900,17,6,18,1810,1,1,1,1.0,7.0,42205,M,4564098.0,392695.0,42
201700017901,17,7,5,1800,1,1,1,1.0,7.0,42195,M,4573903.0,396029.0,42
201700017902,17,7,30,1325,1,1,1,1.0,6.0,42159,M,4578400.0,373796.0,42
201700017903,17,8,2,1730,1,2,3,1.0,1.0,42019,M,4575002.0,400860.0,42
201700017904,17,9,3,1556,1,1,2,1.0,1.0,42136,M,4571172.0,403249.0,42
201700017905,17,9,3,1413,1,2,1,1.0,7.0,42109,M,4577287.0,393550.0,42
201700017906,17,9,15,900,1,2,1,1.0,7.0,42195,M,4573366.0,396864.0,42
201700017907,17,9,26,1830,1,2,1,2.0,7.0,42119,M,4575362.0,397161.0,42
201700017908,17,10,22,335,5,2,1,1.0,6.0,42030,M,4579620.0,403407.0,42
201700017909,17,10,30,1700,1,2,1,1.0,6.0,42134,M,4569011.0,402693.0,42
201700017910,17,12,31,1800,3,1,1,1.0,1.0,42219,M,4573837.0,409358.0,42
201700017911,17,3,19,1215,1,1,1,1.0,3.0,42296,M,4573201.0,428887.0,42
201700017912,17,4,9,1638,1,2,1,1.0,7.0,42094,M,4574434.0,423777.0,42
201700017913,17,5,22,815,1,1,3,1.0,1.0,42066,M,4573780.0,417856.0,42
201700017914,17,7,9,1330,1,1,1,1.0,7.0,42175,M,4578470.0,421876.0,42
201700017915,17,7,12,1600,1,1,1,1.0,6.0,42094,M,4571201.0,422642.0,42
201700017916,17,3,10,1915,3,1,1,1.0,5.0,42021,M,4550844.0,411399.0,42
201700017917,17,4,9,1600,1,1,3,1.0,7.0,42312,M,4541008.0,410280.0,42
201700017918,17,4,15,1815,1,1,1,1.0,7.0,42318,M,4538920.0,393979.0,42
201700017919,17,4,28,1515,1,1,3,1.0,1.0,42262,M,4540827.0,420031.0,42
201700017920,17,5,12,1125,1,1,1,1.0,7.0,42140,M,4547250.0,404893.0,42
201700017921,17,6,3,1905,1,1,1,2.0,1.0,42228,M,4555769.0,409539.0,42
201700017922,17,7,22,1805,1,1,1,1.0,6.0,42126,M,4544494.0,407531.0,42
201700017923,17,8,3,2105,2,2,2,1.0,6.0,42006,M,4537467.0,400391.0,42
201700017924,17,8,9,1730,1,1,1,1.0,1.0,42262,M,4541288.0,418117.0,42
201700017925,17,9,9,1645,1,1,1,2.0,6.0,42091,M,4543032.0,400589.0,42
201700017926,17,10,5,1125,1,1,4,1.0,6.0,42126,M,4546625.0,409061.0,42
201700017927,17,10,13,850,2,2,3,7.0,1.0,42228,M,4556090.0,409748.0,42
201700017928,17,10,13,1650,1,1,1,1.0,7.0,42006,M,4536945.0,399402.0,42
201700017929,17,10,22,1615,1,1,1,3.0,7.0,42107,M,4554507.0,395862.0,42
201700017930,17,12,25,215,3,1,1,9.0,1.0,42204,M,4543795.0,407022.0,42
201700017931,17,12,27,1745,3,1,1,4.0,7.0,42318,M,4538877.0,395401.0,42
201700017932,17,2,18,1440,1,2,6,7.0,3.0,42149,M,4563573.0,424048.0,42
201700017933,17,5,8,1445,1,1,1,1.0,6.0,42043,M,4556595.0,431695.0,42
201700017934,17,5,17,1750,1,2,8,1.0,3.0,42323,M,4556968.0,429321.0,42
201700017935,17,7,14,415,3,1,1,1.0,7.0,42038,M,4563407.0,419209.0,42
201700017936,17,9,12,1145,1,2,1,1.0,2.0,42323,M,4554940.0,428196.0,42
201700017937,17,12,12,730,4,2,1,8.0,6.0,42323,M,4555361.0,428254.0,42
201700017938,17,4,9,130,5,2,1,1.0,7.0,42118,M,4595624.0,421848.0,42
201700017939,17,4,27,2030,3,1,1,2.0,6.0,42178,M,4600028.0,417598.0,42
201700017940,17,6,17,1200,1,1,1,1.0,7.0,42171,M,4586763.0,413112.0,42
201700017941,17,7,2,1845,1,2,4,8.0,3.0,42145,M,4599985.0,424128.0,42
201700017942,17,8,18,1450,1,2,2,1.0,6.0,42011,M,4581386.0,421091.0,42
201700017943,17,8,29,1120,1,1,1,1.0,3.0,42289,M,4594197.0,425098.0,42
201700017944,17,9,1,2330,3,1,1,1.0,6.0,42212,M,4594706.0,409351.0,42
201700017945,17,9,16,1440,1,2,6,2.0,7.0,42212,M,4596573.0,413595.0,42
201700017946,17,10,11,1005,1,2,1,1.0,6.0,42011,M,4581890.0,418365.0,42
201700017947,17,10,12,1030,1,1,1,1.0,7.0,42181,M,4601186.0,420391.0,42
201700017948,17,10,15,1300,1,2,1,1.0,2.0,42334,M,4585162.0,435787.0,42
201700017949,17,12,12,1645,2,1,1,1.0,1.0,42077,M,4590438.0,420880.0,42
201700017950,17,1,12,1115,1,1,1,2.0,1.0,42131,M,4618289.0,423898.0,42
201700017951,17,2,25,1500,1,1,1,1.0,6.0,42086,M,4615131.0,430582.0,42
201700017952,17,3,18,640,2,1,1,1.0,6.0,42177,M,4614660.0,413367.0,42
201700017953,17,3,18,1920,3,1,1,1.0,7.0,42131,M,4617595.0,424334.0,42
201700017954,17,3,27,835,1,2,3,7.0,3.0,42177,M,4614404.0,410992.0,42
201700017955,17,4,10,1450,1,2,1,7.0,7.0,42015,M,4616702.0,434825.0,42
201700017956,17,5,15,1920,1,1,3,1.0,3.0,42267,M,4616809.0,411601.0,42
201700017957,17,6,3,1708,1,1,2,1.0,3.0,42014,M,4617927.0,441259.0,42
201700017958,17,7,17,1137,1,1,3,1.0,1.0,42026,M,4613561.0,407655.0,42
201700017959,17,8,2,2155,3,1,1,1.0,7.0,42152,M,4609371.0,415475.0,42
201700017960,17,9,14,855,1,2,2,3.0,3.0,42052,M,4615929.0,417380.0,42
201700017961,17,10,24,1410,1,2,3,8.0,6.0,42052,M,4615989.0,416953.0,42
201700017962,17,10,26,805,2,1,2,1.0,3.0,42273,M,4617754.0,412739.0,42
201700017963,17,10,28,1148,1,1,2,1.0,3.0,42014,M,4617908.0,441278.0,42
201700017964,17,10,30,1500,1,1,1,1.0,6.0,42052,M,4617709.0,419598.0,42
201700017965,17,11,21,1100,1,2,3,1.0,6.0,42052,M,4615904.0,417314.0,42
201700017966,17,12,18,1753,5,2,1,2.0,6.0,42052,M,4616171.0,417122.0,42
201700017967,17,3,9,1615,1,1,1,1.0,6.0,42248,M,4592042.0,383194.0,42
201700017968,17,4,19,1030,1,2,1,7.0,6.0,42230,M,4583107.0,401429.0,42
201700017969,17,5,5,1445,1,1,1,1.0,1.0,42076,M,4589514.0,391430.0,42
201700017970,17,5,19,2100,2,1,1,1.0,6.0,42173,M,4583286.0,405117.0,42
201700017971,17,6,5,1230,1,1,1,1.0,6.0,42260,M,4583159.0,397385.0,42
201700017972,17,6,8,1505,1,1,1,1.0,6.0,42004,M,4589394.0,402571.0,42
201700017973,17,6,13,2030,1,1,1,1.0,6.0,42030,M,4579020.0,403390.0,42
201700017974,17,10,16,1100,1,1,1,1.0,6.0,42173,M,4584501.0,408509.0,42
201700017975,17,10,25,1430,1,1,3,1.0,3.0,01034,M,4574203.0,567326.0,01
201700017976,17,2,20,945,1,1,3,1.0,3.0,12188,M,4427370.0,275110.0,12
201700017977,17,2,24,1915,3,1,1,1.0,3.0,12102,M,4428920.0,258078.0,12
201700017978,17,3,15,1100,1,1,1,1.0,1.0,12056,M,4428000.0,246630.0,12
201700017979,17,4,6,1845,1,1,3,1.0,3.0,12133,M,4429710.0,254547.0,12
201700017980,17,4,25,2305,3,1,1,2.0,7.0,12102,M,4429450.0,260167.0,12
201700017981,17,6,3,1405,1,1,1,8.0,6.0,12010,M,4431280.0,280275.0,12
201700017982,17,6,23,2340,3,1,1,8.0,2.0,12056,M,4428060.0,246759.0,12
201700017983,17,7,27,1650,1,1,1,1.0,3.0,12043,M,4425430.0,255204.0,12
201700017984,17,7,28,945,1,1,1,1.0,3.0,12050,M,4421470.0,277809.0,12
201700017985,17,8,19,1815,1,1,1,1.0,2.0,12188,M,4426990.0,279285.0,12
201700017986,17,9,8,2135,3,1,1,1.0,6.0,12043,M,4426290.0,255730.0,12
201700017987,17,9,22,1710,1,1,1,7.0,1.0,12162,M,4431810.0,244068.0,12
201700017988,17,10,13,920,1,2,1,1.0,6.0,12264,M,4440790.0,259548.0,12
201700017989,17,11,11,1200,1,1,1,5.0,7.0,12241,M,4436730.0,264023.0,12
201700017990,17,12,5,1605,2,1,1,8.0,2.0,12133,M,,,12
201700017991,17,12,23,1715,2,1,1,1.0,7.0,12162,M,4434440.0,239844.0,12
201700017992,17,1,29,840,1,1,1,5.0,7.0,12016,M,4451092.0,231144.0,12
201700017993,17,3,5,1450,1,1,1,3.0,1.0,12218,M,4455340.0,244653.0,12
201700017994,17,3,29,2230,3,1,1,1.0,6.0,12142,M,4440180.0,235646.0,12
201700017995,17,4,23,1550,1,1,1,1.0,7.0,12268,M,4435190.0,256557.0,12
201700017996,17,5,4,1430,1,1,2,1.0,4.0,12142,M,4439910.0,236588.0,12
201700017997,17,5,12,1120,1,1,1,2.0,1.0,12288,M,4444550.0,243392.0,12
201700017998,17,6,24,1835,1,1,1,1.0,1.0,12142,M,4439880.0,236675.0,12
201700017999,17,7,16,415,3,1,1,1.0,6.0,12288,M,4444350.0,243910.0,12