Num_Acc,an,mois,jour,hrmn,lum,agg,int,atm,col,com,gps,lat,long,dep
201700018000,17,10,26,835,1,1,1,1.0,1.0,12254,M,4445400.0,256258.0,12
201700018001,17,11,3,1800,5,2,1,1.0,6.0,12288,M,4444010.0,244103.0,12
201700018002,17,11,23,1300,1,1,1,1.0,6.0,12254,M,,,12
201700018003,17,9,2,1320,1,2,4,1.0,6.0,12223,M,4480260.0,276175.0,12
201700018004,17,9,21,1130,1,2,1,1.0,1.0,12119,M,4468590.0,285401.0,12
201700018005,17,10,29,2240,3,1,1,1.0,6.0,12223,M,,,12
201700018006,17,11,20,947,1,1,1,1.0,6.0,12119,M,4466280.0,281630.0,12
201700018007,17,3,15,1510,1,2,1,1.0,6.0,12094,M,4463740.0,257001.0,12
201700018008,17,6,25,1526,1,1,1,1.0,1.0,12116,M,4470880.0,273735.0,12
201700018009,17,6,26,1415,1,1,1,1.0,6.0,12164,M,4485430.0,266309.0,12
201700018010,17,10,26,1620,1,1,1,1.0,6.0,12226,M,,,12
201700018011,17,1,18,2015,3,1,1,1.0,1.0,12026,M,4439543.0,277275.0,12
201700018012,17,4,12,1615,1,1,1,7.0,6.0,12182,M,4443030.0,291280.0,12
201700018013,17,8,26,1500,1,1,1,1.0,1.0,12120,M,4439450.0,282691.0,12
201700018014,17,12,23,1815,5,1,2,1.0,3.0,12271,M,4436770.0,285146.0,12
201700018015,17,6,27,145,3,1,1,1.0,6.0,12160,M,4419880.0,319169.0,12
201700018016,17,8,9,1325,1,2,4,1.0,3.0,12063,M,4400840.0,316043.0,12
201700018017,17,8,12,1025,1,1,1,1.0,3.0,12122,M,,,12
201700018018,17,9,1,1440,1,1,1,1.0,7.0,12077,M,4394210.0,322007.0,12
201700018019,17,9,6,1440,1,1,1,1.0,3.0,12225,M,4404080.0,296699.0,12
201700018020,17,10,13,1615,1,1,1,1.0,1.0,12225,M,4408010.0,300112.0,12
201700018021,17,1,30,1645,1,1,3,2.0,3.0,12238,M,4422081.0,298345.0,12
201700018022,17,5,29,1439,1,1,1,1.0,3.0,12238,M,4420740.0,301440.0,12
201700018023,17,9,24,1630,1,1,1,1.0,6.0,12299,M,4412480.0,276361.0,12
201700018024,17,10,26,1100,1,2,9,1.0,6.0,12253,M,4416460.0,277873.0,12
201700018025,17,11,8,600,2,1,1,4.0,2.0,12294,M,,,12
201700018026,17,4,7,1400,1,1,3,1.0,3.0,12196,M,4434760.0,295454.0,12
201700018027,17,2,3,1635,1,1,1,1.0,7.0,12243,M,4402460.0,293644.0,12
201700018028,17,3,21,1440,1,1,1,1.0,7.0,12208,M,4398100.0,294146.0,12
201700018029,17,3,23,1251,1,1,1,4.0,7.0,12208,M,4399580.0,293033.0,12
201700018030,17,5,27,1630,1,2,1,1.0,6.0,12243,M,4396110.0,289267.0,12
201700018031,17,5,29,1030,1,2,1,1.0,1.0,12208,M,,,12
201700018032,17,7,7,950,1,1,1,1.0,2.0,12203,M,4396310.0,296445.0,12
201700018033,17,7,21,1745,1,1,1,1.0,1.0,12243,M,,,12
201700018034,17,7,24,1423,1,1,1,1.0,7.0,12243,M,4398930.0,293560.0,12
201700018035,17,8,10,1316,1,2,1,1.0,7.0,12208,M,4394080.0,289552.0,12
201700018036,17,8,11,1525,1,2,2,2.0,1.0,12208,M,4395130.0,289434.0,12
201700018037,17,8,25,1020,1,1,1,1.0,7.0,12229,M,,,12
201700018038,17,10,6,1515,1,1,1,1.0,6.0,12286,M,4389470.0,281673.0,12
201700018039,17,10,18,1445,1,1,1,1.0,3.0,12203,M,,,12
201700018040,17,11,25,1100,1,1,1,2.0,7.0,12203,M,4396590.0,296419.0,12
201700018041,17,12,24,1225,1,1,6,5.0,6.0,12022,M,4401610.0,306371.0,12
201700018042,17,1,21,1800,2,1,1,1.0,6.0,12044,M,4381051.0,288863.0,12
201700018043,17,5,19,2050,3,1,1,2.0,7.0,12080,M,4396670.0,256030.0,12
201700018044,17,7,10,1800,1,1,1,1.0,6.0,12186,M,4381810.0,259877.0,12
201700018045,17,8,4,1215,1,1,1,1.0,6.0,12195,M,4389670.0,275324.0,12
201700018046,17,8,29,2100,3,1,1,1.0,7.0,12080,M,4395240.0,260275.0,12
201700018047,17,9,8,1445,1,2,1,1.0,2.0,12044,M,4382200.0,287840.0,12
201700018048,17,9,14,830,2,1,1,2.0,6.0,12125,M,4380000.0,260990.0,12
201700018049,17,9,23,1735,1,1,1,1.0,6.0,12248,M,4388320.0,259199.0,12
201700018050,17,9,23,1830,1,2,1,1.0,7.0,12154,M,,,12
201700018051,17,10,31,2350,3,1,1,1.0,6.0,12025,M,4385520.0,274689.0,12
201700018052,17,11,22,725,2,1,1,9.0,7.0,12269,M,4388150.0,262789.0,12
201700018053,17,4,20,1939,1,2,1,1.0,1.0,12052,M,4456890.0,208643.0,12
201700018054,17,8,27,2040,2,1,1,1.0,7.0,12052,M,,,12
201700018055,17,11,30,730,2,1,1,5.0,4.0,12289,M,,,12
201700018056,17,12,17,520,3,1,1,5.0,6.0,12121,M,4442350.0,217314.0,12
201700018057,17,12,28,15,3,1,1,4.0,6.0,12121,M,,,12
201700018058,17,2,12,1350,1,1,1,6.0,6.0,12021,M,4434230.0,214214.0,12
201700018059,17,6,4,1810,1,1,1,1.0,6.0,12198,M,4432630.0,220418.0,12
201700018060,17,10,1,1410,1,1,1,1.0,7.0,12068,M,4431630.0,231837.0,12
201700018061,17,2,4,1000,1,2,3,1.0,1.0,49196,M,4751628.0,-66334.0,49
201700018062,17,6,21,805,1,1,2,1.0,3.0,49278,M,4743204.0,-55498.0,49
201700018063,17,7,22,1630,1,1,1,1.0,7.0,49035,M,4744796.0,-63623.0,49
201700018064,17,9,29,1115,1,1,3,1.0,3.0,49035,M,4743423.0,-61426.0,49
201700018065,17,11,19,1810,3,2,1,2.0,6.0,49214,M,4752932.0,-60526.0,49
201700018066,17,12,27,1210,1,2,3,6.0,3.0,49020,M,4746381.0,-61639.0,49
201700018067,17,1,9,1030,1,1,1,1.0,1.0,49167,M,4737982.0,-47441.0,49
201700018068,17,2,8,1415,1,1,3,1.0,6.0,49167,M,4738781.0,-49369.0,49
201700018069,17,3,6,715,2,1,6,2.0,3.0,49050,M,4734407.0,-43658.0,49
201700018070,17,3,17,755,1,2,1,1.0,6.0,49223,M,4739561.0,-55217.0,49
201700018071,17,3,19,1940,3,1,9,1.0,3.0,49153,M,4724629.0,-60726.0,49
201700018072,17,3,24,730,1,1,1,1.0,1.0,49191,M,4725324.0,-46403.0,49
201700018073,17,3,24,1450,1,1,6,1.0,2.0,49050,M,4733115.0,-45361.0,49
201700018074,17,4,7,2000,2,1,3,7.0,3.0,49265,M,4734106.0,-69718.0,49
201700018075,17,4,30,400,3,1,9,9.0,7.0,49318,M,4738215.0,-43972.0,49
201700018076,17,5,14,545,2,1,3,1.0,3.0,49167,M,4738500.0,-48476.0,49
201700018077,17,6,17,1600,1,2,1,1.0,3.0,49345,M,4726676.0,-50346.0,49
201700018078,17,7,14,1130,1,1,1,1.0,3.0,49133,M,4720924.0,-51241.0,49
201700018079,17,9,30,1620,1,1,1,1.0,1.0,49227,M,4732567.0,-44128.0,49
201700018080,17,12,16,210,3,1,2,1.0,3.0,49227,M,4731475.0,-44497.0,49
201700018081,17,12,16,1500,1,1,1,1.0,5.0,49222,M,4737880.0,-55224.0,49
201700018082,17,4,7,2155,3,1,1,1.0,6.0,49032,M,4743309.0,-39521.0,49
201700018083,17,4,9,1700,1,1,1,1.0,6.0,49129,M,4753936.0,-51496.0,49
201700018084,17,4,16,1800,1,1,1,1.0,1.0,49107,M,4749429.0,-31911.0,49
201700018085,17,5,2,736,1,1,3,8.0,3.0,49323,M,4751697.0,-48064.0,49
201700018086,17,8,23,2345,4,2,1,1.0,6.0,49307,M,4740871.0,-31860.0,49
201700018087,17,9,3,720,1,2,1,1.0,6.0,49117,M,4742363.0,-42831.0,49
201700018088,17,9,8,830,1,1,1,1.0,7.0,49307,M,4741452.0,-32549.0,49
201700018089,17,10,11,748,2,1,1,1.0,6.0,49042,M,4745920.0,-42827.0,49
201700018090,17,11,8,740,2,1,1,2.0,1.0,49377,M,4753237.0,-41657.0,49
201700018091,17,11,22,1945,5,2,2,1.0,3.0,49238,M,4751956.0,-43612.0,49
201700018092,17,12,22,1630,1,2,4,1.0,2.0,49129,M,4749785.0,-51371.0,49
201700018093,17,12,26,1723,2,2,2,2.0,1.0,49377,M,4751955.0,-43607.0,49
201700018094,17,1,10,400,5,2,1,2.0,6.0,49039,M,4731529.0,-83725.0,49
201700018095,17,2,10,825,1,2,1,1.0,1.0,49244,M,4735208.0,-85809.0,49
201700018096,17,2,25,2050,3,1,1,1.0,6.0,49259,M,4735427.0,-65069.0,49
201700018097,17,3,27,1605,1,2,6,1.0,3.0,49063,M,4735110.0,-76288.0,49
201700018098,17,4,28,1720,1,2,1,1.0,6.0,49283,M,4740833.0,-76247.0,49
201700018099,17,6,4,1640,1,2,1,1.0,6.0,49247,M,4737422.0,-69022.0,49
201700018100,17,6,17,1225,1,1,1,1.0,6.0,49068,M,4743942.0,-85633.0,49
201700018101,17,7,7,1130,1,1,1,1.0,2.0,49295,M,4733349.0,-79270.0,49
201700018102,17,7,24,1445,1,1,1,1.0,7.0,49068,M,4743008.0,-87434.0,49
201700018103,17,8,19,2120,2,1,1,1.0,3.0,49212,M,4737292.0,-83684.0,49
201700018104,17,10,20,550,3,1,1,1.0,6.0,49289,M,4745819.0,-69909.0,49
201700018105,17,10,24,2200,3,1,1,1.0,1.0,49283,M,4736828.0,-75424.0,49
201700018106,17,11,3,1920,5,2,2,2.0,3.0,49212,M,4738059.0,-85877.0,49
201700018107,17,1,6,1700,1,2,1,1.0,2.0,49218,M,4726285.0,-104527.0,49
201700018108,17,1,20,1010,1,2,1,1.0,6.0,49276,M,4736321.0,-101970.0,49
201700018109,17,1,20,1700,1,1,1,1.0,7.0,49145,M,4728436.0,-111997.0,49
201700018110,17,2,7,1530,1,1,1,1.0,7.0,49069,M,4730768.0,-126078.0,49
201700018111,17,2,17,2015,5,2,1,1.0,1.0,49296,M,4728755.0,-118828.0,49
201700018112,17,3,11,1330,1,1,1,1.0,6.0,49276,M,4735845.0,-98088.0,49
201700018113,17,3,31,1500,1,1,1,1.0,6.0,49252,M,4725468.0,-105134.0,49
201700018114,17,4,2,1730,1,1,1,1.0,7.0,49320,M,4728190.0,-125121.0,49
201700018115,17,4,4,2045,5,2,1,2.0,3.0,49313,M,4726932.0,-103021.0,49
201700018116,17,4,9,1300,1,2,6,1.0,7.0,49313,M,4726546.0,-102816.0,49
201700018117,17,4,21,1300,1,2,2,1.0,3.0,49313,M,4726642.0,-102534.0,49
201700018118,17,4,24,1550,1,1,1,1.0,3.0,49316,M,4727724.0,-110503.0,49
201700018119,17,4,24,1515,1,1,1,1.0,6.0,49324,M,4726355.0,-100684.0,49
201700018120,17,5,14,1720,1,2,2,1.0,3.0,49276,M,4736369.0,-101472.0,49
201700018121,17,5,24,2045,1,2,1,1.0,3.0,49075,M,4733045.0,-105497.0,49
201700018122,17,6,13,1649,1,1,3,1.0,4.0,49126,M,4734523.0,-118818.0,49
201700018123,17,6,13,1845,1,2,2,1.0,3.0,49024,M,4731984.0,-92581.0,49
201700018124,17,6,17,150,5,2,1,1.0,7.0,49313,M,4726935.0,-101933.0,49
201700018125,17,7,2,200,3,1,1,1.0,6.0,49034,M,4730694.0,-101103.0,49
201700018126,17,7,25,1600,1,1,1,1.0,6.0,49069,M,4733257.0,-124793.0,49
201700018127,17,7,25,1900,1,1,1,1.0,3.0,49126,M,4731800.0,-123680.0,49
201700018128,17,8,25,1006,1,2,2,1.0,3.0,49252,M,4724205.0,-113260.0,49
201700018129,17,9,14,1833,1,1,1,3.0,1.0,49314,M,4729555.0,-91657.0,49
201700018130,17,9,22,2200,5,2,1,1.0,7.0,49172,M,4726229.0,-123959.0,49
201700018131,17,9,24,1530,1,1,1,1.0,3.0,49190,M,4735625.0,-105973.0,49
201700018132,17,9,26,940,1,2,1,1.0,1.0,49313,M,4726816.0,-103637.0,49
201700018133,17,10,29,1115,1,1,2,1.0,3.0,49040,M,4734690.0,-111572.0,49
201700018134,17,11,20,130,3,1,1,5.0,7.0,49083,M,4727131.0,-100983.0,49
201700018135,17,11,23,1945,3,1,1,2.0,7.0,49075,M,4732570.0,-105620.0,49
201700018136,17,12,17,1820,5,1,2,1.0,3.0,49204,M,4739854.0,-91681.0,49
201700018137,17,1,28,1550,1,1,1,7.0,6.0,49303,M,4755942.0,-10084.0,49
201700018138,17,5,30,700,1,1,1,1.0,2.0,49101,M,4761094.0,-7608.0,49
201700018139,17,6,2,1400,1,1,1,1.0,6.0,49018,M,4757221.0,-3490.0,49
201700018140,17,6,11,700,1,1,1,1.0,6.0,49175,M,4746145.0,6800.0,49
201700018141,17,6,16,845,1,1,1,1.0,7.0,49018,M,4751217.0,-5351.0,49
201700018142,17,6,30,945,1,1,1,2.0,7.0,49097,M,4758402.0,-16436.0,49
201700018143,17,7,10,830,1,1,1,2.0,3.0,49128,M,4755422.0,-16451.0,49
201700018144,17,8,18,1500,1,2,1,1.0,3.0,49228,M,4751149.0,12092.0,49
201700018145,17,11,8,800,1,1,1,2.0,6.0,49018,M,4754725.0,-11985.0,49
201700018146,17,1,19,2330,5,2,1,1.0,7.0,49191,M,4723216.0,-43089.0,49
201700018147,17,1,27,1825,5,2,6,1.0,7.0,49125,M,4720444.0,-28438.0,49
201700018148,17,2,21,1740,1,1,9,1.0,3.0,49125,M,4718804.0,-24329.0,49
201700018149,17,2,24,1900,2,1,2,1.0,3.0,49373,M,4713678.0,-58059.0,49
201700018150,17,2,26,900,1,1,1,1.0,1.0,49059,M,4711583.0,-48427.0,49
201700018151,17,3,7,1900,3,1,1,2.0,1.0,49310,M,4709301.0,-51996.0,49
201700018152,17,3,28,500,3,1,1,1.0,6.0,49102,M,4706638.0,-46626.0,49
201700018153,17,5,10,1815,1,1,1,1.0,6.0,49109,M,4712638.0,-67159.0,49
201700018154,17,5,14,1845,1,1,9,1.0,7.0,49109,M,4711977.0,-64364.0,49
201700018155,17,6,18,905,1,2,9,1.0,6.0,49191,M,4723210.0,-42873.0,49
201700018156,17,6,23,2350,4,2,6,1.0,6.0,49125,M,4719244.0,-28947.0,49
201700018157,17,6,30,1800,1,2,1,3.0,6.0,49373,M,4714039.0,-53592.0,49
201700018158,17,7,7,530,2,1,1,1.0,7.0,49003,M,4724502.0,-35579.0,49
201700018159,17,7,9,1155,1,2,1,1.0,1.0,49232,M,4712266.0,-37156.0,49
201700018160,17,9,29,850,2,2,3,1.0,3.0,49262,M,4725084.0,-14655.0,49
201700018161,17,10,14,1500,1,2,1,1.0,3.0,49125,M,4719137.0,-27252.0,49
201700018162,17,10,31,800,1,1,3,1.0,3.0,49211,M,4720099.0,-51598.0,49
201700018163,17,11,2,2040,3,1,1,1.0,6.0,49365,M,4716433.0,-25735.0,49
201700018164,17,12,9,1230,1,2,1,1.0,3.0,49211,M,4718593.0,-50556.0,49
201700018165,17,2,7,1200,1,1,1,1.0,7.0,49149,M,4732849.0,-25804.0,49
201700018166,17,4,9,1610,1,1,1,1.0,3.0,49002,M,4731338.0,1520.0,49
201700018167,17,5,31,1150,1,1,1,1.0,1.0,49374,M,4725146.0,-2765.0,49
201700018168,17,6,7,1730,1,1,1,1.0,6.0,49180,M,4735645.0,-12948.0,49
201700018169,17,6,10,1525,1,1,1,1.0,3.0,49030,M,4735653.0,-8509.0,49
201700018170,17,6,17,1830,1,1,1,7.0,6.0,49180,M,4739197.0,-12395.0,49
201700018171,17,6,28,1630,1,1,1,7.0,6.0,49181,M,4729540.0,-32206.0,49
201700018172,17,7,3,1315,1,1,1,1.0,6.0,49311,M,4739069.0,-5325.0,49
201700018173,17,7,20,545,2,1,1,1.0,7.0,49180,M,4739799.0,-13509.0,49
201700018174,17,8,6,1000,1,1,1,1.0,2.0,49311,M,4739161.0,-3064.0,49
201700018175,17,8,26,1400,1,1,3,1.0,3.0,49180,M,4736337.0,-12574.0,49
201700018176,17,9,2,1120,1,2,1,1.0,3.0,49149,M,4734381.0,-23157.0,49
201700018177,17,9,25,1755,1,1,2,1.0,3.0,49002,M,4731122.0,-435.0,49
201700018178,17,10,7,1645,1,2,1,1.0,3.0,49094,M,4731766.0,-17607.0,49
201700018179,17,10,15,1115,1,1,1,1.0,7.0,49180,M,4739913.0,-12437.0,49
201700018180,17,1,6,930,1,2,1,5.0,3.0,49341,M,4723135.0,-820.0,49
201700018181,17,1,16,1210,1,2,1,8.0,6.0,49215,M,4713366.0,-15223.0,49
201700018182,17,1,23,913,1,1,1,7.0,1.0,49112,M,4717363.0,-13701.0,49
201700018183,17,4,25,700,1,1,1,1.0,6.0,49215,M,4712843.0,-12467.0,49
201700018184,17,5,13,1945,1,2,1,1.0,6.0,49215,M,4713347.0,-15593.0,49
201700018185,17,6,12,1900,1,2,1,1.0,6.0,49235,M,4723164.0,946.0,49
201700018186,17,6,21,1750,1,1,1,1.0,3.0,49046,M,4716920.0,-4555.0,49
201700018187,17,6,21,1915,1,2,1,1.0,3.0,49215,M,4712849.0,-14571.0,49
201700018188,17,6,25,1345,1,1,1,1.0,7.0,49364,M,4713167.0,-19235.0,49
201700018189,17,7,9,2230,5,1,1,1.0,3.0,49219,M,4721958.0,4770.0,49
201700018190,17,8,13,2015,1,2,2,1.0,3.0,49341,M,4723216.0,-1283.0,49
201700018191,17,8,25,925,1,1,6,1.0,3.0,49219,M,4722310.0,4726.0,49
201700018192,17,9,16,500,3,1,6,1.0,6.0,49123,M,4721416.0,-11571.0,49
201700018193,17,9,18,854,1,1,1,5.0,5.0,49215,M,4712843.0,-12467.0,49
201700018194,17,10,20,955,1,2,2,1.0,3.0,49123,M,4722952.0,-13318.0,49
201700018195,17,11,11,2245,3,2,1,2.0,7.0,49046,M,4718072.0,-5946.0,49
201700018196,17,12,27,1700,2,1,1,2.0,5.0,49215,M,4711236.0,-16338.0,49
201700018197,17,1,2,1300,1,1,3,5.0,6.0,49277,M,4767835.0,-89815.0,49
201700018198,17,3,13,1720,1,1,1,1.0,6.0,49144,M,4753495.0,-107229.0,49
201700018199,17,5,1,200,3,1,1,1.0,6.0,49064,M,4770006.0,-68866.0,49
201700018200,17,5,21,1730,1,1,1,1.0,7.0,49309,M,4768923.0,-114142.0,49
201700018201,17,6,1,1045,1,2,1,1.0,1.0,49248,M,4774039.0,-117247.0,49
201700018202,17,5,31,805,1,1,1,1.0,1.0,49178,M,4762618.0,-96445.0,49
201700018203,17,7,4,2015,1,1,1,1.0,7.0,49331,M,4769260.0,-89232.0,49
201700018204,17,7,15,1530,1,1,1,1.0,2.0,49248,M,4777050.0,-122771.0,49
201700018205,17,7,18,1850,1,2,1,1.0,6.0,49305,M,4770599.0,-74215.0,49
201700018206,17,9,4,120,3,1,1,1.0,6.0,49061,M,4762386.0,-104055.0,49
201700018207,17,9,11,1335,1,1,1,1.0,6.0,49305,M,4771450.0,-72611.0,49
201700018208,17,10,4,745,1,2,3,1.0,3.0,49331,M,4768275.0,-87619.0,49
201700018209,17,10,10,1535,1,2,2,1.0,3.0,49054,M,4756148.0,-104116.0,49
201700018210,17,10,13,1620,1,1,1,1.0,6.0,49187,M,4763687.0,-85308.0,49
201700018211,17,10,15,1145,1,1,4,1.0,7.0,49056,M,4772204.0,-121776.0,49
201700018212,17,10,26,745,3,2,3,5.0,3.0,49158,M,4774496.0,-88896.0,49
201700018213,17,12,2,1515,1,2,2,1.0,3.0,49054,M,4755991.0,-103936.0,49
201700018214,17,12,10,730,5,2,2,3.0,3.0,49103,M,4771120.0,-99088.0,49
201700018215,17,2,19,1530,1,1,1,1.0,7.0,49330,M,4764914.0,-62359.0,49
201700018216,17,3,1,2015,3,1,2,1.0,3.0,49176,M,4763166.0,-76917.0,49
201700018217,17,5,4,2230,3,1,1,1.0,6.0,49294,M,4748146.0,-68991.0,49
201700018218,17,7,17,2330,3,1,1,1.0,7.0,49183,M,4749511.0,-88876.0,49
201700018219,17,8,31,1945,1,1,1,1.0,1.0,49064,M,4767114.0,-70358.0,49
201700018220,17,9,4,1635,1,1,6,1.0,6.0,49294,M,4748699.0,-66229.0,49
201700018221,17,9,23,1100,1,1,1,1.0,3.0,49183,M,4752086.0,-89772.0,49
201700018222,17,10,3,25,3,1,2,2.0,3.0,49026,M,4752664.0,-80501.0,49
201700018223,17,10,10,1300,1,1,1,1.0,1.0,49026,M,4750004.0,-78560.0,49
201700018224,17,11,15,2115,3,1,1,1.0,6.0,49249,M,4755575.0,-81184.0,49
201700018225,17,1,9,1200,1,1,1,1.0,1.0,49132,M,4766777.0,-47418.0,49
201700018226,17,2,2,755,2,2,1,3.0,7.0,49216,M,4760912.0,-40622.0,49
201700018227,17,2,24,1900,5,2,1,1.0,7.0,49065,M,4766168.0,-57344.0,49
201700018228,17,3,13,1640,1,1,1,1.0,1.0,49132,M,4765252.0,-45963.0,49
201700018229,17,5,22,1711,1,1,1,1.0,3.0,49170,M,4763869.0,-49333.0,49
201700018230,17,6,22,1740,1,2,1,1.0,6.0,49205,M,4775795.0,-48929.0,49
201700018231,17,7,5,1230,1,2,1,1.0,6.0,49080,M,4768030.0,-48796.0,49
201700018232,17,7,17,2145,3,1,9,1.0,3.0,49096,M,4772262.0,-58779.0,49
201700018233,17,7,26,2010,1,2,1,1.0,3.0,49170,M,4765538.0,-50194.0,49
201700018234,17,8,25,330,5,2,1,1.0,7.0,49080,M,4767479.0,-49593.0,49
201700018235,17,9,1,900,1,1,1,1.0,7.0,49170,M,4765802.0,-51405.0,49
201700018236,17,9,24,1400,1,2,6,1.0,7.0,49347,M,4761441.0,-47312.0,49
201700018237,17,9,29,1330,1,2,2,1.0,3.0,49065,M,4766068.0,-56974.0,49
201700018238,17,10,27,2015,3,2,1,1.0,7.0,49090,M,4762286.0,-50171.0,49
201700018239,17,11,10,2205,3,1,1,8.0,1.0,49339,M,4758749.0,-55360.0,49
201700018240,17,11,18,800,2,1,1,5.0,6.0,49347,M,4761847.0,-49023.0,49
201700018241,17,4,16,950,1,2,9,1.0,3.0,55291,M,4868173.0,532533.0,55
201700018242,17,4,19,710,2,2,1,1.0,6.0,55079,M,4871028.0,509380.0,55
201700018243,17,4,16,2200,3,1,1,1.0,6.0,55300,M,4863927.0,532875.0,55
201700018244,17,5,25,1345,1,2,3,1.0,3.0,55291,M,4868734.0,532379.0,55
201700018245,17,5,26,1350,1,2,1,1.0,3.0,55296,M,4871799.0,504459.0,55
201700018246,17,7,29,1920,1,1,1,1.0,7.0,55358,M,4867845.0,539041.0,55
201700018247,17,9,8,1200,1,1,1,1.0,6.0,55466,M,4874119.0,532695.0,55
201700018248,17,9,26,635,3,1,1,2.0,2.0,55291,M,4869400.0,532983.0,55
201700018249,17,10,8,1330,1,1,1,2.0,1.0,55335,M,4863849.0,519567.0,55
201700018250,17,10,3,1630,1,2,1,1.0,6.0,55132,M,4861295.0,508194.0,55
201700018251,17,11,14,2030,3,1,1,8.0,6.0,55373,M,4866880.0,521901.0,55
201700018252,17,11,24,1930,3,1,1,3.0,7.0,55501,M,4864645.0,517880.0,55
201700018253,17,2,12,2245,3,1,1,1.0,6.0,55530,M,4892760.0,561662.0,55
201700018254,17,5,14,1625,1,1,1,1.0,2.0,55521,M,4901111.0,545703.0,55
201700018255,17,5,31,1725,1,2,1,1.0,3.0,55463,M,4889503.0,553317.0,55
201700018256,17,6,29,1615,1,2,1,1.0,6.0,55463,M,4889110.0,554020.0,55
201700018257,17,7,19,1400,1,2,6,1.0,3.0,55463,M,4889459.0,553692.0,55
201700018258,17,8,8,431,3,1,1,1.0,7.0,55046,M,4897396.0,579749.0,55
201700018259,17,8,19,1120,1,2,1,1.0,6.0,55463,M,4889318.0,554192.0,55
201700018260,17,3,16,450,3,1,1,5.0,6.0,55573,M,4870678.0,561231.0,55
201700018261,17,4,20,1730,1,2,1,1.0,6.0,55097,M,4859836.0,568491.0,55
201700018262,17,5,31,830,1,1,1,1.0,7.0,55215,M,4849954.0,553103.0,55
201700018263,17,6,24,1840,1,1,1,1.0,6.0,55573,M,4868569.0,565619.0,55
201700018264,17,10,8,1400,1,2,1,8.0,7.0,55328,M,4853889.0,566549.0,55
201700018265,17,12,29,610,3,1,1,1.0,6.0,55334,M,4870527.0,550115.0,55
201700018266,17,7,5,1730,1,1,1,1.0,3.0,55073,M,4919348.0,537623.0,55
201700018267,17,11,6,1350,1,1,1,1.0,1.0,55154,M,4907969.0,542412.0,55
201700018268,17,11,24,1650,3,1,1,2.0,5.0,55523,M,4923242.0,536594.0,55
201700018269,17,9,2,112,5,2,1,5.0,6.0,55117,M,4910200.0,508982.0,55
201700018270,17,7,8,1225,1,1,4,1.0,2.0,55365,M,4939443.0,526785.0,55
201700018271,17,1,9,740,2,1,1,9.0,7.0,55557,M,4913025.0,563216.0,55
201700018272,17,1,25,1650,1,1,2,1.0,3.0,55445,M,4939809.0,562425.0,55
201700018273,17,2,19,1650,1,2,1,1.0,6.0,55443,M,4922109.0,568969.0,55
201700018274,17,3,14,1730,1,1,1,1.0,2.0,55181,M,4921820.0,560987.0,55
201700018275,17,3,31,1314,1,1,8,1.0,3.0,55458,M,4916728.0,572591.0,55
201700018276,17,5,19,1750,1,2,3,1.0,6.0,55399,M,4911749.0,571013.0,55
201700018277,17,6,23,950,1,1,1,1.0,6.0,55201,M,4920956.0,558868.0,55
201700018278,17,8,9,1840,1,2,1,1.0,6.0,55461,M,4939433.0,552899.0,55
201700018279,17,9,12,1600,1,1,1,2.0,6.0,55013,M,4940598.0,562104.0,55
201700018280,17,10,23,745,1,1,1,2.0,1.0,55053,M,4933556.0,555223.0,55
201700018281,17,11,25,1330,1,1,1,1.0,6.0,55243,M,4905214.0,564717.0,55
201700018282,17,1,2,1210,1,1,1,5.0,6.0,61156,M,4854225.0,23015.0,61
201700018283,17,1,15,1420,1,1,1,6.0,7.0,61464,M,4859275.0,20509.0,61
201700018284,17,2,18,1330,1,1,4,1.0,2.0,61464,M,4869966.0,16531.0,61
201700018285,17,3,1,2020,3,1,3,2.0,6.0,61240,M,4862626.0,13505.0,61
201700018286,17,3,21,720,1,2,2,1.0,3.0,61240,M,4863667.0,14180.0,61
201700018287,17,4,22,915,1,1,1,1.0,6.0,61415,M,4851281.0,33975.0,61
201700018288,17,4,22,1047,1,1,1,1.0,7.0,61403,M,4857441.0,3168.0,61
201700018289,17,5,8,1940,1,1,1,1.0,6.0,61164,M,4858168.0,9330.0,61
201700018290,17,6,1,645,1,1,2,1.0,3.0,61133,M,4862109.0,34630.0,61
201700018291,17,6,8,1720,1,2,1,1.0,2.0,61294,M,4863972.0,7759.0,61
201700018292,17,6,15,1720,1,1,1,1.0,7.0,61156,M,4854815.0,23245.0,61
201700018293,17,6,18,1830,1,1,3,1.0,3.0,61301,M,4855331.0,17197.0,61
201700018294,17,6,26,2041,1,2,8,1.0,6.0,61464,M,4860895.0,16292.0,61
201700018295,17,7,8,1505,1,2,1,1.0,3.0,61202,M,4846902.0,19461.0,61
201700018296,17,7,15,130,4,2,4,1.0,6.0,61215,M,4855098.0,37893.0,61
201700018297,17,7,19,1230,1,1,2,1.0,3.0,61511,M,4868240.0,-1516.0,61
201700018298,17,7,19,1945,1,2,2,1.0,3.0,61294,M,4864441.0,6381.0,61
201700018299,17,7,23,230,3,1,1,1.0,6.0,61360,M,4862153.0,44061.0,61
201700018300,17,8,26,1900,1,1,2,1.0,1.0,61068,M,4853867.0,21178.0,61
201700018301,17,9,16,1800,1,1,1,2.0,6.0,61261,M,4847922.0,24430.0,61
201700018302,17,9,18,1130,1,1,2,1.0,3.0,61015,M,4859295.0,22891.0,61
201700018303,17,10,20,805,2,1,1,1.0,6.0,61015,M,4859036.0,24918.0,61
201700018304,17,2,4,2330,3,1,1,1.0,6.0,61474,M,4874905.0,4186.0,61