Num_Acc,an,mois,jour,hrmn,lum,agg,int,atm,col,com,gps,lat,long,dep
201700018305,17,2,7,1000,1,1,1,1.0,6.0,61339,M,4875910.0,-23428.0,61
201700018306,17,4,19,1500,1,2,3,1.0,3.0,61444,M,4884329.0,-37897.0,61
201700018307,17,5,9,1355,1,2,1,1.0,3.0,61496,M,4875598.0,400.0,61
201700018308,17,5,27,1745,1,2,1,1.0,7.0,61302,M,4884388.0,7154.0,61
201700018309,17,6,25,1200,1,1,1,1.0,1.0,61479,M,4870472.0,-6492.0,61
201700018310,17,6,27,1205,1,2,2,1.0,6.0,61494,M,4884298.0,3339.0,61
201700018311,17,8,7,1430,1,1,3,1.0,3.0,61170,M,4869517.0,-4354.0,61
201700018312,17,9,6,15,3,1,1,1.0,6.0,61265,M,4874066.0,-29552.0,61
201700018313,17,9,13,700,5,1,6,1.0,6.0,61496,M,4874904.0,900.0,61
201700018314,17,10,1,245,3,2,3,1.0,6.0,61298,M,4875873.0,-7100.0,61
201700018315,17,10,20,1320,1,2,1,1.0,6.0,61494,M,4884421.0,3091.0,61
201700018316,17,11,23,1800,3,1,1,1.0,7.0,61505,M,4881173.0,1355.0,61
201700018317,17,11,25,2330,3,1,1,1.0,6.0,61314,M,4881029.0,-6429.0,61
201700018318,17,11,28,1700,1,1,1,1.0,6.0,61153,M,4871358.0,-9825.0,61
201700018319,17,12,13,2130,3,1,1,3.0,6.0,61354,M,4878195.0,-24820.0,61
201700018320,17,3,18,1530,1,1,1,1.0,3.0,61508,M,4892363.0,22329.0,61
201700018321,17,3,19,615,3,1,1,1.0,6.0,61198,M,4889426.0,20043.0,61
201700018322,17,4,22,1905,1,1,1,1.0,6.0,61449,M,4881510.0,19090.0,61
201700018323,17,5,28,225,3,1,1,1.0,6.0,61157,M,4875748.0,19937.0,61
201700018324,17,6,23,1135,1,2,1,1.0,7.0,61508,M,4893028.0,19562.0,61
201700018325,17,8,9,1534,1,1,1,2.0,6.0,61103,M,4885127.0,35722.0,61
201700018326,17,12,29,1345,1,1,1,4.0,6.0,61138,M,4874989.0,27303.0,61
201700018327,17,1,8,845,1,1,1,8.0,6.0,61163,M,4864521.0,-48733.0,61
201700018328,17,1,21,1900,3,1,1,1.0,6.0,61102,M,4866997.0,-59129.0,61
201700018329,17,1,25,845,2,1,1,5.0,1.0,61102,M,4869650.0,-57467.0,61
201700018330,17,4,27,1955,1,1,2,1.0,3.0,61278,M,4872942.0,-50090.0,61
201700018331,17,5,26,1500,1,2,3,1.0,3.0,61145,M,4858518.0,-63429.0,61
201700018332,17,6,12,420,3,1,1,1.0,6.0,61278,M,4872923.0,-50737.0,61
201700018333,17,7,18,1715,1,2,2,1.0,3.0,61232,M,4866936.0,-65781.0,61
201700018334,17,7,20,1723,1,2,1,1.0,1.0,61163,M,4866073.0,-51829.0,61
201700018335,17,8,7,1800,1,1,1,1.0,7.0,61248,M,4848888.0,-79822.0,61
201700018336,17,10,6,1030,1,1,1,1.0,6.0,61387,M,4850744.0,-74210.0,61
201700018337,17,11,3,1105,1,2,7,1.0,6.0,61163,M,4866138.0,-51811.0,61
201700018338,17,11,19,530,3,1,1,2.0,6.0,61387,M,4849191.0,-70477.0,61
201700018339,17,12,21,2030,3,1,1,2.0,2.0,61145,M,4857035.0,-58708.0,61
201700018340,17,12,25,1615,1,2,1,1.0,6.0,61146,M,4863163.0,-55196.0,61
201700018341,17,2,27,1820,2,1,2,2.0,3.0,61486,M,4874185.0,-69798.0,61
201700018342,17,4,14,1920,1,1,3,1.0,3.0,61070,M,4881146.0,-60954.0,61
201700018343,17,5,28,1800,1,1,1,1.0,7.0,61443,M,4873756.0,-62076.0,61
201700018344,17,6,15,2240,4,2,3,1.0,3.0,61223,M,4869452.0,-68341.0,61
201700018345,17,6,24,2345,3,1,1,1.0,7.0,61443,M,4873572.0,-63275.0,61
201700018346,17,7,3,950,1,2,1,1.0,6.0,61445,M,4880884.0,-65233.0,61
201700018347,17,7,6,1120,1,1,1,7.0,7.0,61069,M,4886574.0,-43424.0,61
201700018348,17,7,12,800,1,1,1,2.0,7.0,61031,M,4867598.0,-71515.0,61
201700018349,17,7,14,1830,1,1,1,1.0,6.0,61222,M,4876317.0,-63651.0,61
201700018350,17,8,16,1200,1,1,1,1.0,6.0,61070,M,4880573.0,-59298.0,61
201700018351,17,8,18,1820,1,1,3,1.0,3.0,61030,M,4877568.0,-60144.0,61
201700018352,17,8,24,720,2,1,1,1.0,6.0,61070,M,4880211.0,-59940.0,61
201700018353,17,9,17,1245,1,1,1,1.0,6.0,61313,M,4879975.0,-41289.0,61
201700018354,17,10,1,1540,1,1,1,8.0,1.0,61222,M,4875567.0,-62191.0,61
201700018355,17,10,3,1755,1,1,1,1.0,6.0,61221,M,4874360.0,-47298.0,61
201700018356,17,11,9,850,1,1,1,1.0,2.0,61070,M,4880087.0,-56336.0,61
201700018357,17,11,28,1100,1,2,3,7.0,6.0,61486,M,4876581.0,-73245.0,61
201700018358,17,12,3,1110,1,1,2,5.0,6.0,61223,M,4869707.0,-67130.0,61
201700018359,17,1,30,850,1,1,1,5.0,1.0,61332,M,4870518.0,-33990.0,61
201700018360,17,2,10,2030,5,2,1,1.0,1.0,61168,M,4859509.0,-34996.0,61
201700018361,17,3,18,515,3,1,1,1.0,6.0,61211,M,4854591.0,-50247.0,61
201700018362,17,4,13,1405,1,2,1,1.0,3.0,61135,M,4851299.0,-41092.0,61
201700018363,17,6,4,1410,1,1,4,1.0,5.0,61135,M,4852764.0,-40822.0,61
201700018364,17,6,6,1615,1,1,4,1.0,1.0,61135,M,4852764.0,-40822.0,61
201700018365,17,6,22,1215,1,1,4,1.0,7.0,61243,M,4854929.0,-31944.0,61
201700018366,17,8,2,1500,1,1,3,1.0,1.0,61439,M,4852133.0,-32680.0,61
201700018367,17,8,12,530,5,1,1,1.0,6.0,61200,M,4851417.0,-42237.0,61
201700018368,17,8,16,1435,1,1,1,1.0,3.0,61380,M,4852090.0,-55278.0,61
201700018369,17,8,26,1700,1,1,1,1.0,6.0,61063,M,4870986.0,-39021.0,61
201700018370,17,7,13,1900,1,1,1,7.0,2.0,61211,M,4855180.0,-52119.0,61
201700018371,17,10,11,1535,1,2,1,1.0,3.0,61168,M,4860215.0,-34453.0,61
201700018372,17,10,21,1045,1,1,1,1.0,1.0,61200,M,4852153.0,-45235.0,61
201700018373,17,12,1,940,1,1,2,7.0,6.0,61096,M,4854175.0,-47162.0,61
201700018374,17,1,3,1820,3,1,1,5.0,7.0,61048,M,4851818.0,45985.0,61
201700018375,17,1,5,1320,1,2,1,1.0,1.0,61329,M,4844075.0,54663.0,61
201700018376,17,1,9,925,1,1,1,5.0,1.0,61327,M,4845465.0,40080.0,61
201700018377,17,1,18,2250,3,1,1,1.0,6.0,61277,M,4850892.0,43344.0,61
201700018378,17,1,22,1210,1,1,1,1.0,6.0,61404,M,4855993.0,53531.0,61
201700018379,17,3,27,1315,1,1,1,1.0,6.0,61255,M,4843746.0,61266.0,61
201700018380,17,3,28,1803,1,1,1,1.0,7.0,61476,M,4838133.0,41157.0,61
201700018381,17,3,30,1920,1,1,1,1.0,6.0,61475,M,4862980.0,51236.0,61
201700018382,17,7,5,1710,1,1,1,1.0,1.0,61154,M,4843093.0,54748.0,61
201700018383,17,8,1,1035,1,1,1,1.0,7.0,61450,M,4848221.0,41503.0,61
201700018384,17,8,1,1445,1,2,1,1.0,3.0,61293,M,4850943.0,55777.0,61
201700018385,17,8,2,2330,3,1,1,1.0,1.0,61411,M,4845713.0,47175.0,61
201700018386,17,8,29,1755,1,1,2,1.0,3.0,61438,M,4860102.0,47788.0,61
201700018387,17,9,2,1140,1,2,1,1.0,6.0,61293,M,4852101.0,54456.0,61
201700018388,17,9,22,930,1,1,1,1.0,6.0,61129,M,4846794.0,61541.0,61
201700018389,17,10,22,100,4,2,9,1.0,6.0,61329,M,4844460.0,54725.0,61
201700018390,17,10,31,1530,1,1,1,1.0,1.0,61329,M,4845676.0,54706.0,61
201700018391,17,11,15,1020,1,2,1,1.0,6.0,61293,M,4852345.0,53931.0,61
201700018392,17,1,30,730,5,2,2,2.0,3.0,61214,M,4876421.0,62388.0,61
201700018393,17,1,21,1930,3,1,1,1.0,6.0,61214,M,4877642.0,57955.0,61
201700018394,17,2,9,1340,1,2,1,1.0,3.0,61456,M,4876215.0,65195.0,61
201700018395,17,2,26,1910,3,1,1,1.0,6.0,61297,M,4864270.0,48943.0,61
201700018396,17,4,11,1710,1,2,1,1.0,3.0,61456,M,4876113.0,64845.0,61
201700018397,17,4,15,1750,1,1,6,2.0,7.0,61406,M,4873214.0,50736.0,61
201700018398,17,4,4,1715,1,1,1,1.0,2.0,61456,M,4876015.0,66900.0,61
201700018399,17,4,16,1210,1,1,1,1.0,7.0,61282,M,4889294.0,40115.0,61
201700018400,17,4,29,1925,1,1,1,1.0,2.0,61422,M,4869120.0,61073.0,61
201700018401,17,5,19,1010,1,1,1,1.0,3.0,61191,M,4884195.0,60550.0,61
201700018402,17,6,1,1045,1,2,6,1.0,6.0,61214,M,4876298.0,62854.0,61
201700018403,17,6,21,450,2,1,1,1.0,2.0,61423,M,4879703.0,68269.0,61
201700018404,17,6,21,1215,1,1,1,1.0,6.0,61423,M,4877965.0,69199.0,61
201700018405,17,9,17,800,1,1,1,1.0,7.0,61100,M,4871910.0,61878.0,61
201700018406,17,10,19,200,3,1,1,1.0,6.0,61488,M,4879646.0,42375.0,61
201700018407,17,10,20,1945,3,1,1,1.0,3.0,61214,M,4873996.0,61933.0,61
201700018408,17,10,22,40,5,2,3,1.0,6.0,61214,M,4876599.0,62752.0,61
201700018409,17,11,9,45,3,1,1,2.0,6.0,61432,M,4875694.0,69996.0,61
201700018410,17,11,27,2254,3,1,1,3.0,1.0,61282,M,4889578.0,37890.0,61
201700018411,17,12,22,1500,1,2,2,2.0,3.0,61214,M,4875283.0,63660.0,61
201700018412,17,1,10,1955,3,1,1,2.0,6.0,61405,M,4833275.0,73939.0,61
201700018413,17,3,23,2030,3,1,1,1.0,6.0,61359,M,4830548.0,71460.0,61
201700018414,17,4,12,2115,3,1,1,1.0,7.0,61394,M,4824684.0,61882.0,61
201700018415,17,4,18,1700,1,1,1,1.0,6.0,61394,M,4825831.0,60851.0,61
201700018416,17,5,1,1845,1,2,1,1.0,6.0,61079,M,4822396.0,75180.0,61
201700018417,17,5,27,1520,1,2,1,1.0,6.0,61426,M,4837644.0,55192.0,61
201700018418,17,6,1,1830,1,1,4,1.0,1.0,61079,M,4823934.0,75246.0,61
201700018419,17,6,16,1200,1,2,2,1.0,3.0,61043,M,4834527.0,74605.0,61
201700018420,17,8,4,1545,1,2,3,1.0,3.0,61043,M,4835286.0,74389.0,61
201700018421,17,8,25,111,3,1,1,1.0,2.0,61246,M,4826855.0,77095.0,61
201700018422,17,8,26,1910,1,1,1,1.0,7.0,61484,M,4826481.0,64913.0,61
201700018423,17,10,4,1724,2,1,2,7.0,3.0,61426,M,4836387.0,56158.0,61
201700018424,17,10,26,1445,1,2,1,1.0,1.0,61196,M,4837510.0,52586.0,61
201700018425,17,11,1,1715,2,1,1,1.0,6.0,61246,M,4824900.0,70380.0,61
201700018426,17,12,23,1115,1,1,2,5.0,5.0,61426,M,4836390.0,56163.0,61
201700018427,17,12,30,2150,3,1,1,1.0,6.0,61501,M,4840053.0,76677.0,61
201700018428,17,12,27,1800,3,1,1,4.0,1.0,61299,M,4863502.0,80880.0,61
201700018429,17,1,19,1010,1,1,1,1.0,2.0,61491,M,4858930.0,67803.0,61
201700018430,17,2,28,2110,3,1,1,6.0,6.0,61345,M,4843140.0,74984.0,61
201700018431,17,3,1,1719,1,2,1,3.0,6.0,61343,M,4864167.0,66054.0,61
201700018432,17,3,14,1752,1,1,1,7.0,1.0,61300,M,4845604.0,82165.0,61
201700018433,17,3,25,1715,1,2,1,1.0,2.0,61147,M,4842396.0,80054.0,61
201700018434,17,4,13,1100,1,1,1,1.0,3.0,61061,M,4844119.0,89221.0,61
201700018435,17,5,21,115,3,1,1,1.0,6.0,61230,M,4853743.0,74625.0,61
201700018436,17,5,22,800,1,1,1,1.0,6.0,61116,M,4836476.0,85949.0,61
201700018437,17,5,22,1615,1,2,1,1.0,3.0,61343,M,4864986.0,67353.0,61
201700018438,17,6,20,2020,1,1,2,1.0,3.0,61226,M,4859995.0,58659.0,61
201700018439,17,6,26,115,3,1,1,1.0,6.0,61046,M,4849997.0,74830.0,61
201700018440,17,6,30,430,3,1,1,2.0,6.0,61241,M,4847999.0,91910.0,61
201700018441,17,10,1,2320,3,1,1,2.0,6.0,61395,M,4841079.0,85355.0,61
201700018442,17,10,16,2125,3,1,1,1.0,6.0,61128,M,4844722.0,68158.0,61
201700018443,17,10,26,2035,3,1,1,5.0,6.0,61116,M,4837576.0,86468.0,61
201700018444,17,11,16,1400,1,1,1,1.0,1.0,61458,M,4852196.0,69509.0,61
201700018445,17,1,5,1440,1,2,4,1.0,1.0,76711,M,5005792.0,137020.0,76
201700018446,17,2,28,2110,3,1,1,3.0,6.0,76255,M,5002846.0,142495.0,76
201700018447,17,4,13,1820,1,2,1,1.0,7.0,76618,M,4995353.0,123341.0,76
201700018448,17,4,16,820,1,1,1,1.0,6.0,76438,M,4997971.0,147730.0,76
201700018449,17,7,5,1720,1,1,1,7.0,1.0,76618,M,4995747.0,121482.0,76
201700018450,17,7,7,1153,1,2,6,1.0,3.0,80533,M,5007058.0,139229.0,80
201700018451,17,7,8,1530,1,2,1,1.0,6.0,76255,M,5005860.0,141754.0,76
201700018452,17,8,13,2130,2,2,1,1.0,6.0,76192,M,5004555.0,133162.0,76
201700018453,17,8,16,1630,1,2,7,1.0,6.0,76711,M,5006297.0,136941.0,76
201700018454,17,11,14,935,1,2,1,1.0,6.0,76255,M,5004304.0,141944.0,76
201700018455,17,11,18,1230,1,2,1,1.0,6.0,76711,M,5005817.0,138328.0,76
201700018456,17,12,2,1335,1,1,1,2.0,7.0,76671,M,4995955.0,141720.0,76
201700018457,17,1,17,1545,1,1,4,1.0,6.0,63040,M,4574068.0,333318.0,63
201700018458,17,2,28,1300,1,1,1,1.0,7.0,63434,M,4569185.0,359306.0,63
201700018459,17,4,10,1215,1,2,4,1.0,6.0,63453,M,4578593.0,328787.0,63
201700018460,17,4,2,610,2,1,1,1.0,6.0,63155,M,4567448.0,344269.0,63
201700018461,17,4,14,1600,1,2,4,1.0,7.0,63273,M,4572732.0,323710.0,63
201700018462,17,5,23,1600,1,1,1,1.0,7.0,63368,M,4568790.0,328863.0,63
201700018463,17,7,26,815,1,2,7,1.0,6.0,63040,M,4572335.0,334008.0,63
201700018464,17,8,7,1855,1,1,2,1.0,3.0,63229,M,4578016.0,335090.0,63
201700018465,17,8,12,2235,2,2,1,1.0,6.0,63049,M,4577818.0,331506.0,63
201700018466,17,9,7,820,1,1,1,1.0,3.0,63154,M,4574828.0,332376.0,63
201700018467,17,1,5,1230,1,1,1,1.0,6.0,63306,M,4570854.0,321936.0,63
201700018468,17,3,20,1625,1,1,1,1.0,6.0,63282,M,4562014.0,314810.0,63
201700018469,17,4,8,1845,1,1,1,1.0,7.0,63407,M,4563122.0,289203.0,63
201700018470,17,4,29,2100,2,1,2,1.0,3.0,63350,M,4572478.0,327834.0,63
201700018471,17,5,7,2030,2,2,1,1.0,7.0,63457,M,4564354.0,324267.0,63
201700018472,17,5,13,1410,1,1,1,2.0,7.0,63282,M,4563106.0,315534.0,63
201700018473,17,5,10,1145,1,1,1,1.0,1.0,63084,M,4570595.0,305658.0,63
201700018474,17,5,19,1715,1,1,1,1.0,6.0,63205,M,4560174.0,336704.0,63
201700018475,17,8,3,730,1,2,3,1.0,3.0,63026,M,4566990.0,300508.0,63
201700018476,17,8,22,1255,1,2,4,1.0,6.0,63126,M,4568647.0,312538.0,63
201700018477,17,9,16,1800,1,1,1,1.0,1.0,63282,M,4560530.0,315244.0,63
201700018478,17,10,11,1735,1,1,1,1.0,5.0,63026,M,4568309.0,295555.0,63
201700018479,17,10,15,205,5,2,1,1.0,6.0,63026,M,4567099.0,299996.0,63
201700018480,17,10,26,1355,1,1,1,1.0,4.0,63302,M,4571999.0,315519.0,63
201700018481,17,10,29,1715,1,2,1,1.0,6.0,63315,M,4566941.0,310726.0,63
201700018482,17,11,4,1335,1,2,1,1.0,1.0,63214,M,,,63
201700018483,17,12,8,1615,1,1,1,1.0,5.0,63126,M,,,63
201700018484,17,12,11,1835,3,2,1,2.0,3.0,63026,M,,,63
201700018485,17,2,5,1920,5,2,1,1.0,6.0,63003,M,4554791.0,374533.0,63
201700018486,17,2,19,1415,1,2,1,1.0,6.0,63010,M,4542072.0,372302.0,63
201700018487,17,2,20,1700,1,1,6,1.0,3.0,63341,M,4553240.0,372790.0,63
201700018488,17,2,21,1400,1,2,1,1.0,7.0,63179,M,4561033.0,374434.0,63
201700018489,17,3,3,2345,3,1,1,6.0,7.0,63179,M,4562127.0,374470.0,63
201700018490,17,3,13,1315,1,1,1,1.0,7.0,63139,M,4537105.0,376938.0,63
201700018491,17,4,21,1520,1,2,2,1.0,6.0,63003,M,4555056.0,373992.0,63
201700018492,17,6,2,705,1,1,2,1.0,1.0,63211,M,4546071.0,372520.0,63
201700018493,17,6,5,500,2,1,1,1.0,6.0,63003,M,4556263.0,375723.0,63
201700018494,17,6,18,2200,3,1,1,1.0,6.0,63010,M,4541215.0,376991.0,63
201700018495,17,6,19,950,1,1,2,1.0,3.0,63003,M,4552466.0,375294.0,63
201700018496,17,7,8,1130,1,1,9,1.0,2.0,63003,M,4555083.0,379346.0,63
201700018497,17,7,14,1730,1,1,4,1.0,2.0,63139,M,4538852.0,374329.0,63
201700018498,17,7,15,1530,1,1,1,1.0,7.0,63003,M,,,63
201700018499,17,8,16,740,1,1,1,1.0,6.0,63341,M,4555350.0,367652.0,63
201700018500,17,9,23,1500,1,2,2,1.0,3.0,63010,M,4541242.0,372497.0,63
201700018501,17,9,26,800,1,1,1,2.0,6.0,63412,M,4537715.0,387322.0,63
201700018502,17,10,14,1020,1,1,1,1.0,6.0,63003,M,4554361.0,370853.0,63
201700018503,17,12,10,1830,3,1,1,8.0,2.0,63341,M,4551589.0,372739.0,63
201700018504,17,5,24,1620,1,1,1,1.0,5.0,63207,M,4564632.0,366627.0,63
201700018505,17,7,4,1410,1,1,1,1.0,7.0,63258,M,4567688.0,363778.0,63
201700018506,17,7,8,1640,1,2,1,1.0,6.0,63207,M,4564734.0,369939.0,63
201700018507,17,7,14,1130,1,1,1,1.0,7.0,63086,M,4563005.0,362881.0,63
201700018508,17,2,7,745,2,2,1,2.0,6.0,63178,M,4555010.0,324820.0,63
201700018509,17,3,20,715,1,2,1,1.0,1.0,63121,M,4561356.0,321091.0,63
201700018510,17,4,2,425,5,2,3,1.0,6.0,63178,M,4554354.0,323799.0,63
201700018511,17,4,15,1130,1,1,1,1.0,1.0,63054,M,4550400.0,325426.0,63
201700018512,17,4,24,1735,1,2,3,1.0,3.0,63330,M,4555349.0,314169.0,63
201700018513,17,5,24,835,1,2,3,1.0,3.0,63261,M,4556246.0,329199.0,63
201700018514,17,6,9,950,1,1,1,7.0,2.0,63222,M,4555063.0,317034.0,63
201700018515,17,7,2,800,1,1,1,8.0,1.0,63111,M,,,63
201700018516,17,6,16,1245,1,2,2,1.0,3.0,63178,M,4555173.0,326082.0,63
201700018517,17,7,11,1815,1,1,2,1.0,3.0,63422,M,4552477.0,321854.0,63
201700018518,17,7,15,1730,1,1,1,1.0,7.0,63342,M,4554583.0,308066.0,63
201700018519,17,9,23,1157,1,2,1,1.0,1.0,63380,M,4558773.0,299329.0,63
201700018520,17,9,27,1745,1,1,1,1.0,6.0,63250,M,4560415.0,318125.0,63
201700018521,17,10,4,745,2,2,1,1.0,6.0,63178,M,4554656.0,324495.0,63
201700018522,17,10,7,1130,1,2,1,1.0,3.0,63178,M,4554628.0,322370.0,63
201700018523,17,12,7,1230,1,1,3,1.0,3.0,63109,M,4555093.0,314936.0,63
201700018524,17,12,12,1915,5,2,3,1.0,3.0,63178,M,4554679.0,324534.0,63
201700018525,17,12,14,1700,2,1,1,9.0,1.0,63054,M,4548613.0,325438.0,63
201700018526,17,12,14,1515,1,2,1,2.0,6.0,63178,M,4554352.0,323082.0,63
201700018527,17,2,13,900,1,1,1,6.0,6.0,63448,M,4547519.0,345998.0,63
201700018528,17,9,20,1730,1,1,1,7.0,1.0,63340,M,4550705.0,338421.0,63
201700018529,17,11,4,1030,1,2,1,1.0,7.0,63182,M,4542874.0,333991.0,63
201700018530,17,11,30,1915,3,1,1,2.0,1.0,63022,M,,,63
201700018531,17,1,20,1709,3,1,1,1.0,6.0,63242,M,4541531.0,326031.0,63
201700018532,17,3,19,1615,1,1,1,1.0,1.0,63009,M,4539716.0,313383.0,63
201700018533,17,12,6,1420,1,2,1,7.0,6.0,63352,M,4545659.0,323729.0,63
201700018534,17,1,30,600,3,1,1,2.0,7.0,63426,M,4553520.0,262140.0,63
201700018535,17,3,11,1720,1,1,1,1.0,1.0,63336,M,4547700.0,273387.0,63
201700018536,17,3,26,1150,1,2,1,1.0,7.0,63397,M,4561001.0,269261.0,63
201700018537,17,5,3,920,1,1,3,1.0,7.0,63236,M,4558647.0,279414.0,63
201700018538,17,5,18,815,1,1,1,2.0,1.0,63397,M,4560324.0,270445.0,63
201700018539,17,5,27,1320,1,1,1,7.0,3.0,63236,M,4554213.0,281412.0,63
201700018540,17,6,5,1200,1,1,1,1.0,1.0,63236,M,4559081.0,282456.0,63
201700018541,17,7,29,1615,1,1,1,1.0,7.0,63236,M,4559468.0,283387.0,63
201700018542,17,8,8,815,1,1,1,2.0,3.0,63048,M,4567190.0,256772.0,63
201700018543,17,8,13,2030,2,1,1,1.0,7.0,63397,M,4561525.0,271576.0,63
201700018544,17,8,26,1405,1,1,1,1.0,6.0,63236,M,4558271.0,281648.0,63
201700018545,17,9,4,2055,3,1,1,1.0,6.0,63421,M,4556180.0,254843.0,63
201700018546,17,10,27,1415,1,1,1,1.0,1.0,63397,M,4560795.0,269686.0,63
201700018547,17,12,31,1125,1,2,3,1.0,3.0,63295,M,4601856.0,335500.0,63
201700018548,17,1,11,1240,1,1,1,1.0,1.0,63322,M,4584423.0,317860.0,63
201700018549,17,2,14,1140,1,1,1,1.0,1.0,63387,M,4601811.0,342434.0,63
201700018550,17,3,26,550,3,1,1,1.0,6.0,63322,M,4585450.0,317781.0,63
201700018551,17,3,21,1700,1,1,1,3.0,6.0,63387,M,4600975.0,346287.0,63
201700018552,17,4,17,420,3,1,1,1.0,7.0,63372,M,4590246.0,329300.0,63
201700018553,17,6,24,1935,1,1,3,1.0,7.0,63295,M,4601726.0,337286.0,63
201700018554,17,10,6,630,3,1,1,8.0,1.0,63295,M,4599584.0,335175.0,63
201700018555,17,10,15,710,2,1,3,1.0,3.0,63400,M,4604236.0,336379.0,63
201700018556,17,10,17,1935,3,1,4,1.0,5.0,63322,M,4585642.0,318098.0,63
201700018557,17,11,15,1640,2,2,1,1.0,6.0,63322,M,4585389.0,317844.0,63
201700018558,17,3,3,2135,3,1,1,1.0,6.0,63085,M,4589270.0,285568.0,63
201700018559,17,3,21,645,3,1,1,1.0,7.0,63115,M,4583947.0,263915.0,63
201700018560,17,4,18,1154,1,1,1,1.0,1.0,63170,M,4585201.0,269164.0,63
201700018561,17,4,18,1820,1,1,2,1.0,3.0,63170,M,4583740.0,273010.0,63
201700018562,17,5,26,2000,2,1,1,1.0,6.0,63085,M,4588864.0,281719.0,63
201700018563,17,8,9,1155,1,1,3,1.0,6.0,63165,M,4580071.0,247050.0,63
201700018564,17,8,31,1945,2,1,1,1.0,6.0,63381,M,4586085.0,296637.0,63
201700018565,17,9,6,1615,1,1,1,1.0,1.0,63381,M,4586187.0,291725.0,63
201700018566,17,9,29,1252,1,1,1,1.0,7.0,63283,M,4587138.0,267250.0,63
201700018567,17,11,11,630,2,1,1,2.0,6.0,63165,M,4581855.0,244972.0,63
201700018568,17,12,8,2050,5,1,1,9.0,1.0,63085,M,4591613.0,285177.0,63
201700018569,17,12,11,730,2,1,1,2.0,1.0,63228,M,4590772.0,271802.0,63
201700018570,17,12,13,1700,2,1,1,2.0,1.0,63085,M,4587365.0,288419.0,63
201700018571,17,2,14,845,1,1,1,2.0,5.0,63286,M,4608478.0,296916.0,63
201700018572,17,3,11,1415,1,1,1,1.0,6.0,63062,M,4620733.0,282819.0,63
201700018573,17,3,16,1830,2,2,3,1.0,3.0,63382,M,4605456.0,302001.0,63
201700018574,17,3,18,1515,1,2,1,1.0,6.0,63338,M,4615563.0,283692.0,63
201700018575,17,3,26,2230,3,1,1,1.0,7.0,63391,M,4608887.0,292698.0,63
201700018576,17,4,17,1840,1,1,1,1.0,6.0,63338,M,4614711.0,283232.0,63
201700018577,17,4,22,245,3,1,1,1.0,7.0,63391,M,4606854.0,295755.0,63
201700018578,17,5,9,1445,1,1,1,1.0,7.0,63428,M,4608139.0,279607.0,63
201700018579,17,6,8,2250,3,1,1,1.0,7.0,63338,M,4614419.0,285186.0,63
201700018580,17,8,19,1115,1,2,1,1.0,2.0,63223,M,4613710.0,286074.0,63
201700018581,17,11,22,815,1,1,1,1.0,1.0,63223,M,,,63
201700018582,17,11,27,1715,2,1,2,1.0,1.0,63233,M,4617464.0,280252.0,63
201700018583,17,12,14,1520,1,1,2,1.0,3.0,63281,M,4612136.0,268103.0,63
201700018584,17,1,26,830,1,2,1,1.0,6.0,63430,M,4586000.0,354570.0,63
201700018585,17,2,1,1800,5,2,6,1.0,6.0,63430,M,4585019.0,353848.0,63
201700018586,17,3,30,1210,1,2,1,1.0,2.0,63430,M,4584789.0,353121.0,63
201700018587,17,7,15,1420,1,2,1,1.0,6.0,63430,M,4584098.0,352239.0,63
201700018588,17,7,16,1010,1,2,4,1.0,3.0,63066,M,4586815.0,363576.0,63
201700018589,17,8,12,1530,1,1,1,1.0,6.0,63430,M,4586711.0,351308.0,63
201700018590,17,8,23,2200,5,1,6,1.0,6.0,63231,M,4587026.0,362795.0,63
201700018591,17,8,27,120,3,1,1,1.0,6.0,63066,M,4586066.0,365349.0,63
201700018592,17,9,13,900,1,2,1,1.0,6.0,63430,M,4586549.0,353364.0,63
201700018593,17,9,15,955,1,1,2,8.0,3.0,63276,M,4583041.0,347834.0,63
201700018594,17,9,23,410,4,2,1,1.0,6.0,63430,M,4585738.0,353573.0,63
201700018595,17,10,11,950,1,2,1,1.0,6.0,63430,M,4585790.0,354242.0,63
201700018596,17,10,26,1645,1,1,1,1.0,3.0,63151,M,,,63
201700018597,17,10,28,1214,1,2,1,1.0,7.0,63066,M,4587023.0,365450.0,63
201700018598,17,11,5,1900,3,1,1,2.0,6.0,63151,M,,,63
201700018599,17,11,10,2025,3,1,1,3.0,1.0,63231,M,4586980.0,359011.0,63
201700018600,17,11,13,1452,1,2,1,2.0,7.0,63430,M,4585882.0,354414.0,63
201700018601,17,11,17,1750,5,2,1,1.0,6.0,63430,M,4584569.0,352422.0,63
201700018602,17,12,21,1000,1,2,1,5.0,6.0,63402,M,4592434.0,363321.0,63
201700018603,17,1,3,1130,1,1,1,1.0,7.0,63249,M,4579963.0,350742.0,63
201700018604,17,4,20,1810,1,2,4,1.0,6.0,63016,M,4572417.0,361679.0,63
201700018605,17,4,24,1815,1,1,2,1.0,5.0,63418,M,4577390.0,350382.0,63
201700018606,17,5,1,1800,1,1,1,1.0,3.0,63420,M,4581238.0,333207.0,63
201700018607,17,5,9,1750,1,1,2,1.0,3.0,63418,M,4577390.0,350382.0,63
201700018608,17,5,24,1610,1,1,2,7.0,3.0,63418,M,4577388.0,350382.0,63
201700018609,17,5,27,1000,1,1,1,1.0,6.0,63298,M,4573246.0,373099.0,63