Num_Acc,an,mois,jour,hrmn,lum,agg,int,atm,col,com,gps,lat,long,dep
201700018610,17,6,14,1940,1,2,1,1.0,1.0,63125,M,4574664.0,354595.0,63
201700018611,17,9,29,2005,5,2,3,1.0,3.0,63195,M,4582704.0,337402.0,63
201700018612,17,9,30,1930,3,1,1,1.0,6.0,63125,M,4576898.0,352180.0,63
201700018613,17,10,7,1600,1,1,1,1.0,7.0,63469,M,4578462.0,362803.0,63
201700018614,17,10,14,1750,1,1,1,1.0,6.0,63469,M,4576838.0,360120.0,63
201700018615,17,11,14,1700,2,1,1,1.0,6.0,63125,M,4574483.0,355431.0,63
201700018616,17,3,2,1308,1,2,2,1.0,2.0,63128,M,4591622.0,337228.0,63
201700018617,17,3,15,1520,1,2,1,1.0,1.0,63271,M,4593085.0,348889.0,63
201700018618,17,4,11,1230,1,1,1,1.0,7.0,63301,M,4600264.0,349050.0,63
201700018619,17,6,26,1750,1,1,1,3.0,1.0,63210,M,4592165.0,333904.0,63
201700018620,17,8,18,1755,2,1,1,1.0,6.0,63271,M,4594234.0,345745.0,63
201700018621,17,8,25,900,1,2,9,1.0,6.0,63210,M,4591660.0,333017.0,63
201700018622,17,9,3,1230,1,1,1,1.0,7.0,63271,M,4592324.0,352683.0,63
201700018623,17,10,3,1100,1,1,1,2.0,6.0,63128,M,4589390.0,342182.0,63
201700018624,17,10,29,30,3,1,1,1.0,6.0,63291,M,4596381.0,345684.0,63
201700018625,17,11,4,1715,2,2,5,2.0,7.0,63291,M,4595998.0,347407.0,63
201700018626,17,11,8,1315,1,1,1,2.0,3.0,63128,M,4591665.0,336433.0,63
201700018627,17,3,28,2030,5,2,1,1.0,7.0,89118,M,4769908.0,357709.0,89
201700018628,17,4,14,615,2,1,3,1.0,3.0,89256,M,4769178.0,353565.0,89
201700018629,17,5,16,1855,1,1,1,1.0,1.0,89441,M,4765158.0,373696.0,89
201700018630,17,9,30,2240,3,1,1,1.0,2.0,89155,M,4771799.0,361488.0,89
201700018631,17,5,17,1730,1,2,1,1.0,1.0,89263,M,4784425.0,356333.0,89
201700018632,17,9,8,725,1,2,2,1.0,7.0,89031,M,4791697.0,355890.0,89
201700018633,17,9,30,1730,1,1,1,1.0,5.0,89263,M,4786184.0,357830.0,89
201700018634,17,10,6,1345,1,1,1,1.0,1.0,89096,M,4787941.0,356833.0,89
201700018635,17,1,18,1130,1,1,1,1.0,7.0,89186,M,4798671.0,379493.0,89
201700018636,17,1,29,30,5,2,1,2.0,6.0,89345,M,4800558.0,368466.0,89
201700018637,17,2,21,1835,3,1,1,2.0,5.0,89219,M,4806813.0,381288.0,89
201700018638,17,6,12,1530,1,1,1,1.0,7.0,89436,M,4804358.0,371198.0,89
201700018639,17,10,3,1940,5,2,1,1.0,6.0,89169,M,4795204.0,389014.0,89
201700018640,17,10,16,1745,2,2,1,1.0,6.0,89345,M,4800607.0,372678.0,89
201700018641,17,11,2,1640,1,1,1,2.0,7.0,89076,M,4806876.0,363389.0,89
201700018642,17,11,26,140,3,1,1,9.0,6.0,89292,M,4796573.0,381100.0,89
201700018643,17,12,9,45,3,1,1,1.0,7.0,89101,M,4795840.0,376755.0,89
201700018644,17,1,26,1245,1,1,1,1.0,6.0,89179,M,4765888.0,329079.0,89
201700018645,17,2,19,1900,3,1,2,1.0,3.0,89073,M,4779085.0,310861.0,89
201700018646,17,7,9,830,1,1,1,1.0,6.0,89273,M,4760603.0,320238.0,89
201700018647,17,7,29,300,4,2,1,1.0,6.0,89046,M,4770025.0,294815.0,89
201700018648,17,7,29,1545,1,1,1,1.0,1.0,89220,M,4760522.0,300564.0,89
201700018649,17,8,9,1108,1,2,1,1.0,2.0,89254,M,4769907.0,317276.0,89
201700018650,17,8,17,1730,1,1,1,1.0,6.0,89150,M,4780328.0,336519.0,89
201700018651,17,10,18,1600,1,1,1,1.0,6.0,89179,M,4765434.0,330543.0,89
201700018652,17,11,1,1705,2,1,1,1.0,6.0,89324,M,4774368.0,286667.0,89
201700018653,17,1,24,1505,1,2,9,4.0,1.0,89025,M,4749512.0,390217.0,89
201700018654,17,3,24,2020,3,1,1,1.0,6.0,89020,M,4749137.0,362179.0,89
201700018655,17,4,2,1745,1,2,1,1.0,6.0,89392,M,4753295.0,379528.0,89
201700018656,17,5,6,1330,1,2,1,3.0,6.0,89025,M,4749366.0,390589.0,89
201700018657,17,5,16,1915,1,2,1,1.0,3.0,89025,M,4750078.0,390864.0,89
201700018658,17,5,23,1510,1,1,1,1.0,6.0,89485,M,4756144.0,379094.0,89
201700018659,17,7,6,1030,1,1,1,1.0,2.0,89347,M,4743091.0,389297.0,89
201700018660,17,7,20,1620,1,2,3,1.0,3.0,89025,M,4749936.0,390855.0,89
201700018661,17,7,24,1050,1,1,3,8.0,3.0,89235,M,4748600.0,399030.0,89
201700018662,17,12,28,1510,1,2,1,1.0,6.0,89446,M,4746391.0,374334.0,89
201700018663,17,1,11,1700,3,2,1,2.0,7.0,89277,M,4767399.0,388004.0,89
201700018664,17,4,30,1045,1,1,1,1.0,3.0,89022,M,4754015.0,399283.0,89
201700018665,17,7,9,730,2,1,1,1.0,3.0,89379,M,4749631.0,409121.0,89
201700018666,17,7,21,1130,1,1,1,1.0,1.0,89312,M,4759169.0,382852.0,89
201700018667,17,5,31,2115,2,1,1,1.0,6.0,89417,M,4785374.0,390684.0,89
201700018668,17,6,8,215,5,2,1,1.0,7.0,89418,M,4786157.0,397227.0,89
201700018669,17,6,24,1220,1,2,1,1.0,6.0,89418,M,4785584.0,397300.0,89
201700018670,17,8,25,1550,1,2,1,1.0,1.0,89321,M,4773086.0,422451.0,89
201700018671,17,9,28,1910,2,2,1,1.0,6.0,89418,M,4786105.0,398630.0,89
201700018672,17,11,4,1625,1,2,1,1.0,2.0,89137,M,4789612.0,395471.0,89
201700018673,17,12,10,645,3,1,1,4.0,6.0,89262,M,4788540.0,400363.0,89
201700018674,17,12,26,1720,3,1,1,2.0,2.0,89418,M,4786375.0,400743.0,89
201700018675,17,3,3,1730,1,1,1,1.0,7.0,89086,M,4789657.0,309151.0,89
201700018676,17,4,4,900,1,2,2,1.0,3.0,89086,M,4788177.0,310554.0,89
201700018677,17,4,9,1150,1,2,1,1.0,6.0,89360,M,4782088.0,335175.0,89
201700018678,17,6,10,815,1,1,1,7.0,5.0,89384,M,4793107.0,336673.0,89
201700018679,17,6,11,1945,1,2,1,7.0,6.0,89334,M,4782389.0,330878.0,89
201700018680,17,6,25,835,1,1,2,1.0,6.0,89167,M,4787208.0,344597.0,89
201700018681,17,8,13,1535,1,1,1,1.0,7.0,89163,M,4787989.0,324456.0,89
201700018682,17,2,4,55,3,1,1,1.0,7.0,89456,M,4830292.0,317967.0,89
201700018683,17,2,21,945,1,1,1,1.0,1.0,89189,M,4826652.0,323541.0,89
201700018684,17,4,1,1055,1,1,2,1.0,3.0,89136,M,4825852.0,323999.0,89
201700018685,17,4,8,1740,1,1,3,1.0,3.0,89309,M,4827614.0,322286.0,89
201700018686,17,3,25,1400,1,1,2,1.0,1.0,89255,M,4831320.0,322035.0,89
201700018687,17,4,16,2145,5,2,3,1.0,1.0,89074,M,4831761.0,314245.0,89
201700018688,17,5,13,1515,1,1,1,1.0,6.0,89460,M,4834160.0,305542.0,89
201700018689,17,6,23,2240,3,1,9,1.0,1.0,89162,M,4826254.0,325658.0,89
201700018690,17,10,25,1945,5,2,2,1.0,3.0,89391,M,4834593.0,326236.0,89
201700018691,17,11,10,245,4,2,1,1.0,6.0,89465,M,4826223.0,323156.0,89
201700018692,17,11,9,800,1,1,1,1.0,2.0,89189,M,4828520.0,326174.0,89
201700018693,17,12,5,836,2,1,1,5.0,3.0,89342,M,4825176.0,324576.0,89
201700018694,17,12,17,2020,5,2,1,1.0,2.0,89460,M,4833837.0,307027.0,89
201700018695,17,2,1,450,3,2,3,5.0,2.0,89404,M,4816853.0,320818.0,89
201700018696,17,2,20,1805,2,1,2,2.0,3.0,89450,M,4822459.0,315639.0,89
201700018697,17,2,26,1000,1,2,1,1.0,6.0,89229,M,4823797.0,309417.0,89
201700018698,17,3,14,1715,1,1,3,1.0,2.0,89442,M,4809950.0,313502.0,89
201700018699,17,6,16,1500,1,1,2,7.0,3.0,89442,M,4808061.0,311652.0,89
201700018700,17,6,24,1647,1,1,3,1.0,2.0,89274,M,4822194.0,324029.0,89
201700018701,17,7,28,815,1,1,1,1.0,7.0,89274,M,4822444.0,318967.0,89
201700018702,17,7,31,2130,5,2,1,1.0,3.0,89370,M,4817651.0,309670.0,89
201700018703,17,8,23,1859,1,1,2,1.0,3.0,89450,M,4822445.0,315638.0,89
201700018704,17,9,21,1750,1,2,1,1.0,3.0,89370,M,4818125.0,308694.0,89
201700018705,17,10,25,1400,1,2,2,1.0,3.0,89100,M,4820241.0,299705.0,89
201700018706,17,2,2,1700,1,1,1,1.0,5.0,89464,M,4806716.0,329108.0,89
201700018707,17,3,1,520,5,2,4,2.0,3.0,89464,M,4807918.0,328394.0,89
201700018708,17,6,16,1550,1,2,2,1.0,6.0,89464,M,4808248.0,329675.0,89
201700018709,17,10,1,1650,1,1,1,1.0,1.0,89051,M,4810482.0,336612.0,89
201700018710,17,10,15,1515,1,1,1,1.0,6.0,89142,M,4808838.0,342471.0,89
201700018711,17,12,6,750,2,1,1,5.0,7.0,89313,M,4798054.0,321971.0,89
201700018712,17,12,12,1330,1,2,9,1.0,6.0,89464,M,4808557.0,327703.0,89
201700018713,17,1,13,915,1,1,1,8.0,5.0,71547,M,4639055.0,448762.0,71
201700018714,17,5,9,1910,2,1,1,1.0,2.0,71316,M,4632132.0,439512.0,71
201700018715,17,6,4,1445,1,2,1,1.0,7.0,71137,M,4643381.0,465439.0,71
201700018716,17,6,12,2215,3,1,1,1.0,6.0,71495,M,4652752.0,461641.0,71
201700018717,17,9,2,1615,1,1,1,3.0,3.0,71137,M,4643079.0,466997.0,71
201700018718,17,10,14,1925,2,2,1,1.0,6.0,71289,M,4630542.0,447628.0,71
201700018719,17,10,30,1110,1,1,1,1.0,6.0,71582,M,4646015.0,460126.0,71
201700018720,17,11,12,1700,2,1,1,2.0,7.0,71287,M,4648103.0,467567.0,71
201700018721,17,11,11,1200,1,1,1,2.0,3.0,71264,M,4645193.0,463671.0,71
201700018722,17,11,22,1515,1,1,1,1.0,6.0,71055,M,4634353.0,458303.0,71
201700018723,17,12,21,1900,3,2,1,2.0,6.0,71137,M,4644381.0,466121.0,71
201700018724,17,1,4,1215,1,2,1,1.0,6.0,71267,M,4649117.0,482436.0,71
201700018725,17,4,16,1820,1,2,1,1.0,7.0,71135,M,4642371.0,482225.0,71
201700018726,17,5,14,1500,1,1,1,1.0,7.0,71345,M,4644383.0,480414.0,71
201700018727,17,6,4,935,1,1,1,1.0,7.0,71345,M,4645029.0,482062.0,71
201700018728,17,7,5,2320,3,1,1,1.0,6.0,71248,M,4655722.0,494333.0,71
201700018729,17,8,2,1330,1,1,1,1.0,3.0,71305,M,4646475.0,489382.0,71
201700018730,17,8,20,2010,2,2,1,1.0,6.0,71543,M,4655859.0,491457.0,71
201700018731,17,10,6,1415,1,2,1,1.0,6.0,71543,M,4655700.0,490472.0,71
201700018732,17,1,27,1800,1,1,1,1.0,1.0,71020,M,4707991.0,433628.0,71
201700018733,17,4,1,1550,1,2,1,1.0,7.0,71190,M,4699089.0,452411.0,71
201700018734,17,4,7,1910,1,1,9,1.0,6.0,71184,M,4700919.0,432087.0,71
201700018735,17,4,12,1845,2,1,1,1.0,2.0,71014,M,4695788.0,426009.0,71
201700018736,17,5,6,1645,1,1,1,3.0,7.0,71313,M,4695715.0,424396.0,71
201700018737,17,5,22,1815,1,2,1,1.0,6.0,71190,M,4698710.0,453666.0,71
201700018738,17,5,23,1900,1,1,2,1.0,3.0,71162,M,4699442.0,437526.0,71
201700018739,17,5,26,900,1,2,1,7.0,3.0,71014,M,4695341.0,429560.0,71
201700018740,17,6,22,910,1,2,1,1.0,6.0,71014,M,4695454.0,429415.0,71
201700018741,17,6,25,1930,1,2,1,1.0,2.0,71014,M,4695564.0,431309.0,71
201700018742,17,7,5,50,3,1,1,5.0,6.0,71014,M,4698194.0,425411.0,71
201700018743,17,7,12,1800,1,1,1,8.0,1.0,71014,M,4692891.0,436592.0,71
201700018744,17,7,20,800,1,1,1,1.0,7.0,71493,M,4693264.0,459557.0,71
201700018745,17,8,10,1545,1,2,1,1.0,6.0,71014,M,4694229.0,430031.0,71
201700018746,17,8,13,1700,1,1,1,1.0,1.0,71162,M,4700267.0,440378.0,71
201700018747,17,8,19,1500,1,1,1,1.0,7.0,71535,M,4699275.0,423076.0,71
201700018748,17,8,19,1600,1,1,1,1.0,7.0,71015,M,4695335.0,437971.0,71
201700018749,17,8,22,1530,1,1,1,7.0,7.0,71535,M,4700924.0,422840.0,71
201700018750,17,8,22,1845,1,1,1,1.0,7.0,71015,M,4695335.0,437971.0,71
201700018751,17,9,10,1930,2,1,2,1.0,3.0,71010,M,4688943.0,439054.0,71
201700018752,17,9,25,1530,1,1,1,1.0,6.0,71509,M,4700790.0,417164.0,71
201700018753,17,9,26,853,1,2,6,1.0,5.0,71014,M,4695667.0,428717.0,71
201700018754,17,9,29,1820,1,1,1,1.0,7.0,71493,M,4696217.0,455804.0,71
201700018755,17,10,8,645,3,1,1,2.0,7.0,71162,M,4697556.0,438371.0,71
201700018756,17,12,13,715,2,2,1,1.0,6.0,71509,M,4701174.0,418526.0,71
201700018757,17,12,20,1640,2,1,1,2.0,7.0,71313,M,4695465.0,425253.0,71
201700018758,17,12,22,1350,1,1,1,2.0,6.0,71535,M,4699949.0,422309.0,71
201700018759,17,1,25,1130,1,2,1,1.0,6.0,71073,M,4691081.0,475482.0,71
201700018760,17,1,29,1739,2,1,1,1.0,6.0,71409,M,4689084.0,447763.0,71
201700018761,17,3,13,1548,1,1,3,1.0,3.0,71378,M,,,71
201700018762,17,5,21,1045,1,2,1,1.0,1.0,71409,M,4690384.0,448537.0,71
201700018763,17,6,21,1215,1,1,1,1.0,2.0,71149,M,4686093.0,459278.0,71
201700018764,17,7,15,2005,1,1,3,7.0,3.0,71442,M,4683837.0,461890.0,71
201700018765,17,7,25,1710,1,2,1,1.0,2.0,71122,M,4689782.0,466614.0,71
201700018766,17,7,30,1920,1,1,4,1.0,5.0,71378,M,4687768.0,474618.0,71
201700018767,17,8,29,1555,1,1,1,1.0,7.0,71369,M,4691348.0,472287.0,71
201700018768,17,9,24,2000,3,1,1,1.0,6.0,71409,M,4690488.0,448075.0,71
201700018769,17,10,7,1515,1,1,3,1.0,3.0,71391,M,4681671.0,461385.0,71
201700018770,17,10,25,1740,1,1,1,7.0,4.0,71202,M,4686373.0,476004.0,71
201700018771,17,11,29,1733,5,1,1,1.0,1.0,71442,M,4685625.0,464237.0,71
201700018772,17,12,1,1127,1,1,1,8.0,7.0,71170,M,4693740.0,486039.0,71
201700018773,17,2,25,1745,1,1,1,1.0,2.0,71221,M,4678438.0,476772.0,71
201700018774,17,5,17,1730,1,2,1,1.0,1.0,71221,M,4677361.0,473790.0,71
201700018775,17,7,7,1200,1,1,1,1.0,5.0,71102,M,4670995.0,481072.0,71
201700018776,17,8,14,1120,1,2,1,1.0,2.0,71269,M,4675514.0,484639.0,71
201700018777,17,9,15,1900,1,1,3,1.0,2.0,71241,M,4678001.0,469039.0,71
201700018778,17,10,7,1835,1,1,1,1.0,7.0,71102,M,4673675.0,479443.0,71
201700018779,17,11,29,1130,1,1,5,1.0,6.0,71422,M,4669592.0,476141.0,71
201700018780,17,3,5,1730,1,1,1,2.0,1.0,71435,M,4678391.0,455443.0,71
201700018781,17,3,28,1345,1,1,1,7.0,6.0,71412,M,,,71
201700018782,17,4,14,1245,1,1,1,1.0,5.0,71412,M,,,71
201700018783,17,8,1,1849,1,1,1,8.0,7.0,71482,M,4683137.0,429804.0,71
201700018784,17,10,14,1425,1,1,3,1.0,3.0,71187,M,4674996.0,449366.0,71
201700018785,17,10,24,1715,1,1,1,1.0,5.0,71412,M,4673072.0,443856.0,71
201700018786,17,11,30,1654,1,1,1,4.0,2.0,71482,M,4685127.0,432749.0,71
201700018787,17,2,27,1830,2,1,1,1.0,1.0,71185,M,4634424.0,426815.0,71
201700018788,17,4,28,1640,1,1,1,1.0,3.0,71463,M,4624035.0,426417.0,71
201700018789,17,9,10,1650,1,2,2,1.0,3.0,71120,M,4620855.0,432332.0,71
201700018790,17,9,22,1855,2,2,3,1.0,5.0,71120,M,4620760.0,433687.0,71
201700018791,17,10,28,1740,1,2,5,1.0,3.0,71120,M,4620304.0,433850.0,71
201700018792,17,2,27,1115,1,2,1,1.0,6.0,71230,M,4658887.0,406461.0,71
201700018793,17,4,9,1155,1,1,1,1.0,3.0,71230,M,4659517.0,403303.0,71
201700018794,17,4,10,1145,1,2,1,1.0,3.0,71230,M,4660319.0,405989.0,71
201700018795,17,4,26,1630,1,1,1,2.0,3.0,71395,M,4651619.0,425533.0,71
201700018796,17,5,19,1900,1,1,1,8.0,7.0,71565,M,4663387.0,409115.0,71
201700018797,17,5,19,2200,3,1,1,8.0,7.0,71340,M,4653169.0,421291.0,71
201700018798,17,5,29,910,1,1,1,1.0,5.0,71132,M,4661928.0,432582.0,71
201700018799,17,7,12,1555,1,1,1,1.0,3.0,71111,M,4658336.0,411144.0,71
201700018800,17,7,17,1700,1,2,1,1.0,6.0,71230,M,4659563.0,406693.0,71
201700018801,17,7,25,130,3,1,1,2.0,7.0,71111,M,4660067.0,410247.0,71
201700018802,17,7,29,1420,1,1,1,1.0,5.0,71340,M,4657044.0,420153.0,71
201700018803,17,10,12,1615,1,1,1,1.0,3.0,71370,M,4653374.0,404253.0,71
201700018804,17,10,20,1010,1,2,1,1.0,6.0,71230,M,4660039.0,406005.0,71
201700018805,17,10,27,2210,3,1,1,1.0,6.0,71370,M,4653130.0,404230.0,71
201700018806,17,11,26,1350,1,1,1,1.0,6.0,71370,M,4654839.0,404535.0,71
201700018807,17,1,12,1855,3,1,1,2.0,5.0,71367,M,4664468.0,530193.0,71
201700018808,17,1,27,2330,3,1,1,1.0,6.0,71379,M,4660434.0,533768.0,71
201700018809,17,2,2,1925,3,1,1,3.0,2.0,71079,M,4647630.0,536251.0,71
201700018810,17,2,1,845,1,1,2,1.0,3.0,71303,M,4667068.0,527086.0,71
201700018811,17,2,10,1950,5,2,3,1.0,3.0,71056,M,4664313.0,518586.0,71
201700018812,17,2,18,505,3,1,1,1.0,1.0,71367,M,4665146.0,531759.0,71
201700018813,17,3,11,1115,1,1,1,1.0,2.0,71484,M,,,71
201700018814,17,5,14,1940,1,2,1,1.0,6.0,71263,M,4662785.0,522071.0,71
201700018815,17,6,16,1300,1,1,1,1.0,3.0,71056,M,4664557.0,519601.0,71
201700018816,17,6,17,2330,3,1,1,1.0,6.0,71092,M,4660408.0,519994.0,71
201700018817,17,7,6,1550,1,1,1,1.0,7.0,71064,M,4659586.0,525287.0,71
201700018818,17,7,13,1500,1,1,1,1.0,1.0,71177,M,4649126.0,532712.0,71
201700018819,17,8,3,1545,1,1,1,1.0,7.0,71379,M,4660659.0,531690.0,71
201700018820,17,9,18,1130,1,2,6,1.0,6.0,71263,M,4662801.0,522151.0,71
201700018821,17,10,2,2000,5,1,1,2.0,6.0,71056,M,4665494.0,518850.0,71
201700018822,17,10,30,735,1,1,1,1.0,2.0,71056,M,4664121.0,519923.0,71
201700018823,17,12,6,1810,5,1,2,1.0,3.0,71528,M,4663061.0,517591.0,71
201700018824,17,12,9,1115,1,1,1,1.0,6.0,71379,M,4658697.0,533639.0,71
201700018825,17,12,26,1503,1,1,1,1.0,2.0,71263,M,4663721.0,524200.0,71
201700018826,17,12,29,1800,5,2,1,1.0,4.0,71056,M,4664525.0,516704.0,71
201700018827,17,12,30,633,5,1,1,3.0,6.0,71056,M,4665083.0,516164.0,71
201700018828,17,2,14,2130,3,2,1,1.0,6.0,71332,M,4663161.0,495622.0,71
201700018829,17,2,26,720,1,1,1,1.0,6.0,71401,M,4655881.0,523816.0,71
201700018830,17,3,17,905,1,2,1,1.0,3.0,71508,M,4662770.0,509190.0,71
201700018831,17,6,12,1745,1,1,1,1.0,6.0,71508,M,4662476.0,510422.0,71
201700018832,17,6,21,1600,2,2,1,1.0,6.0,71522,M,4662089.0,498740.0,71
201700018833,17,7,8,530,1,1,1,1.0,6.0,71523,M,4669243.0,519066.0,71
201700018834,17,7,9,115,3,1,1,3.0,1.0,71319,M,4667129.0,511529.0,71
201700018835,17,8,6,1300,1,1,1,1.0,6.0,71489,M,4667790.0,504601.0,71
201700018836,17,8,7,1245,1,1,1,1.0,3.0,71522,M,4660193.0,498683.0,71
201700018837,17,8,24,1410,1,2,1,1.0,6.0,71523,M,4672043.0,518035.0,71
201700018838,17,9,16,1750,1,1,1,1.0,3.0,71261,M,4657908.0,498687.0,71
201700018839,17,9,17,2335,3,1,1,1.0,6.0,71522,M,4662566.0,498781.0,71
201700018840,17,11,22,1830,5,1,2,1.0,5.0,71261,M,4658850.0,498558.0,71
201700018841,17,11,27,1635,1,2,7,1.0,6.0,71158,M,4655713.0,499992.0,71
201700018842,17,11,29,2125,5,2,3,1.0,3.0,71158,M,4655414.0,499363.0,71
201700018843,17,12,6,910,1,1,1,1.0,2.0,71373,M,4649864.0,506765.0,71
201700018844,17,1,12,1940,3,1,1,2.0,6.0,71419,M,4675110.0,527580.0,71
201700018845,17,2,6,1815,2,2,1,2.0,3.0,71205,M,,,71
201700018846,17,5,7,2150,3,1,1,2.0,6.0,71419,M,4673571.0,525213.0,71
201700018847,17,5,24,900,1,1,1,1.0,5.0,71295,M,4680962.0,513987.0,71
201700018848,17,9,18,1715,1,1,2,1.0,3.0,71173,M,4674879.0,517451.0,71
201700018849,17,10,17,915,1,2,1,1.0,2.0,71205,M,4672975.0,528409.0,71
201700018850,17,12,10,1,3,1,1,1.0,7.0,71357,M,4696004.0,526055.0,71
201700018851,17,3,31,630,3,1,1,1.0,1.0,11279,M,4325004.0,228314.0,11
201700018852,17,5,11,2210,5,2,1,2.0,6.0,11410,M,4325962.0,241848.0,11
201700018853,17,7,20,100,3,2,1,3.0,6.0,11413,M,4333046.0,230307.0,11
201700018854,17,11,14,2015,3,1,1,1.0,7.0,11279,M,4324819.0,228634.0,11
201700018855,17,12,19,742,2,1,1,1.0,6.0,11099,M,4327872.0,235812.0,11
201700018856,17,12,29,1730,5,2,1,1.0,1.0,11426,M,4328478.0,243840.0,11
201700018857,17,3,26,1745,1,1,1,1.0,7.0,11137,M,4298573.0,260916.0,11
201700018858,17,4,29,945,1,2,1,1.0,3.0,11185,M,4308975.0,262046.0,11
201700018859,17,6,17,1430,1,1,1,1.0,6.0,11260,M,4296007.0,252988.0,11
201700018860,17,7,10,2100,2,2,1,1.0,3.0,11251,M,4312666.0,255382.0,11
201700018861,17,1,11,1205,1,1,1,1.0,2.0,11261,M,4318509.0,265159.0,11
201700018862,17,1,20,840,1,1,1,1.0,3.0,11397,M,4320260.0,247415.0,11
201700018863,17,3,3,1650,1,1,1,1.0,6.0,11330,M,4321635.0,248049.0,11
201700018864,17,7,15,1905,1,1,1,1.0,6.0,11257,M,4315383.0,246258.0,11
201700018865,17,9,10,2350,3,2,1,1.0,6.0,11220,M,4321031.0,254931.0,11
201700018866,17,3,29,1720,1,2,3,1.0,3.0,11288,M,4325341.0,226914.0,11
201700018867,17,4,11,900,1,1,1,1.0,3.0,11254,M,4320753.0,217177.0,11
201700018868,17,4,13,1115,1,1,1,1.0,6.0,11357,M,4330835.0,217900.0,11
201700018869,17,5,16,1700,1,1,1,1.0,7.0,11049,M,4324068.0,208673.0,11
201700018870,17,5,23,1550,1,2,1,1.0,6.0,11434,M,4327851.0,209496.0,11
201700018871,17,6,13,1835,1,1,2,1.0,3.0,11087,M,4318646.0,194881.0,11
201700018872,17,7,16,450,3,1,1,1.0,6.0,11018,M,4320814.0,218217.0,11
201700018873,17,7,15,1247,1,1,2,1.0,3.0,11418,M,4323466.0,205401.0,11
201700018874,17,8,8,1810,1,1,1,1.0,6.0,11434,M,4327851.0,209496.0,11
201700018875,17,11,13,1330,1,1,1,1.0,6.0,11418,M,4323850.0,202103.0,11
201700018876,17,3,9,1930,3,1,1,1.0,7.0,11226,M,4322946.0,183885.0,11
201700018877,17,6,1,1909,1,1,1,1.0,6.0,11334,M,4327628.0,177315.0,11
201700018878,17,6,3,330,3,1,1,1.0,6.0,11290,M,4318294.0,181532.0,11
201700018879,17,6,30,2200,3,1,9,1.0,6.0,11033,M,4318867.0,172481.0,11
201700018880,17,7,1,630,2,1,9,1.0,6.0,11419,M,4317725.0,183606.0,11
201700018881,17,7,2,700,1,1,1,1.0,6.0,11371,M,4328378.0,180917.0,11
201700018882,17,8,13,1445,1,1,2,1.0,3.0,11359,M,4332636.0,175101.0,11
201700018883,17,10,6,1645,1,1,1,1.0,1.0,11278,M,4321183.0,183639.0,11
201700018884,17,12,7,730,2,1,9,9.0,6.0,11159,M,4318693.0,188313.0,11
201700018885,17,2,16,1045,1,1,4,7.0,1.0,11008,M,4298230.0,226500.0,11
201700018886,17,3,12,1300,1,2,1,2.0,6.0,11206,M,4306764.0,221171.0,11
201700018887,17,3,15,1630,1,2,4,1.0,1.0,11344,M,4308094.0,231845.0,11
201700018888,17,4,4,2200,4,2,3,1.0,3.0,11206,M,4305342.0,219126.0,11
201700018889,17,4,9,215,3,1,1,1.0,6.0,11206,M,4307103.0,222632.0,11
201700018890,17,4,15,1200,1,1,1,1.0,7.0,11008,M,4298171.0,227682.0,11
201700018891,17,4,21,1515,1,1,1,1.0,1.0,11105,M,4302286.0,225160.0,11
201700018892,17,5,7,640,2,2,1,1.0,6.0,11004,M,4310072.0,209646.0,11
201700018893,17,5,8,1615,1,2,1,1.0,6.0,11206,M,4305524.0,222262.0,11
201700018894,17,7,6,1800,1,1,1,2.0,7.0,11206,M,4304402.0,224438.0,11
201700018895,17,7,1,1155,1,2,1,1.0,6.0,11206,M,4305305.0,221877.0,11
201700018896,17,7,22,1230,1,1,1,1.0,7.0,11029,M,4304521.0,233186.0,11
201700018897,17,8,24,1730,1,2,1,1.0,3.0,11206,M,4304751.0,222309.0,11
201700018898,17,9,14,1228,1,2,2,2.0,3.0,11206,M,4305087.0,221955.0,11
201700018899,17,9,16,1630,1,1,1,1.0,7.0,11090,M,4309419.0,223006.0,11
201700018900,17,9,18,1430,1,1,1,8.0,3.0,11211,M,4302895.0,220089.0,11
201700018901,17,10,13,1435,1,1,1,1.0,6.0,11102,M,4315989.0,231865.0,11
201700018902,17,10,24,1558,1,2,1,1.0,5.0,11206,M,4306308.0,221553.0,11
201700018903,17,10,27,720,3,1,1,8.0,3.0,11299,M,4314876.0,229121.0,11
201700018904,17,11,15,1745,2,2,1,1.0,6.0,11206,M,4306099.0,221454.0,11
201700018905,17,11,23,1518,1,2,1,1.0,6.0,11206,M,4305254.0,221554.0,11
201700018906,17,12,3,625,3,1,1,9.0,6.0,11008,M,4299469.0,225414.0,11
201700018907,17,1,25,1400,1,1,3,1.0,3.0,11129,M,4292825.0,221952.0,11
201700018908,17,5,20,700,2,1,1,1.0,6.0,11103,M,4293934.0,224386.0,11
201700018909,17,7,3,2120,5,2,2,1.0,3.0,11304,M,4287596.0,218379.0,11
201700018910,17,7,30,1200,1,1,1,1.0,3.0,11129,M,4293091.0,222766.0,11
201700018911,17,8,28,1430,1,1,1,1.0,3.0,11304,M,4287845.0,217366.0,11
201700018912,17,9,2,1015,1,1,1,1.0,7.0,11038,M,4277117.0,216350.0,11