Num_Acc,an,mois,jour,hrmn,lum,agg,int,atm,col,com,gps,lat,long,dep
201700018913,17,12,15,2100,5,1,4,2.0,7.0,11063,M,4290717.0,218842.0,11
201700018914,17,12,30,740,2,1,1,1.0,1.0,11131,M,4294087.0,218761.0,11
201700018915,17,1,25,1105,1,1,1,1.0,1.0,11262,M,4320185.0,296684.0,11
201700018916,17,2,12,1130,1,1,1,6.0,6.0,11262,M,4320997.0,293049.0,11
201700018917,17,5,7,1600,1,1,3,1.0,5.0,11370,M,4323295.0,307688.0,11
201700018918,17,5,11,1220,1,2,1,1.0,6.0,11106,M,4323384.0,305684.0,11
201700018919,17,5,27,2145,5,2,3,1.0,3.0,11106,M,4323621.0,305698.0,11
201700018920,17,7,1,2245,3,1,1,1.0,4.0,11370,M,4323405.0,309974.0,11
201700018921,17,7,10,1,5,1,1,1.0,6.0,11170,M,4309970.0,309913.0,11
201700018922,17,7,12,750,1,1,6,1.0,2.0,11262,M,4317342.0,306461.0,11
201700018923,17,7,26,625,2,1,1,1.0,1.0,11262,M,4312642.0,306166.0,11
201700018924,17,8,5,1830,1,2,1,1.0,1.0,11170,M,4311807.0,310848.0,11
201700018925,17,9,5,325,3,1,1,1.0,1.0,11264,M,4319252.0,290533.0,11
201700018926,17,9,5,2100,5,2,3,1.0,3.0,11145,M,4323044.0,312700.0,11
201700018927,17,9,9,1000,1,2,3,8.0,6.0,11116,M,4324439.0,299779.0,11
201700018928,17,9,26,1549,1,1,1,1.0,1.0,11145,M,4320078.0,315189.0,11
201700018929,17,11,15,1730,2,1,1,1.0,3.0,11262,M,4319587.0,299738.0,11
201700018930,17,12,4,1540,1,1,1,1.0,3.0,11255,M,4316931.0,291491.0,11
201700018931,17,1,7,1700,1,1,1,1.0,6.0,11176,M,4303566.0,275637.0,11
201700018932,17,2,26,1200,1,1,1,1.0,6.0,11390,M,4307363.0,280626.0,11
201700018933,17,3,26,1930,1,1,1,1.0,6.0,11125,M,4294568.0,282316.0,11
201700018934,17,5,29,1014,1,1,1,1.0,1.0,11390,M,4310838.0,274879.0,11
201700018935,17,9,20,1540,1,1,1,1.0,7.0,11351,M,4310523.0,271586.0,11
201700018936,17,1,17,1615,1,1,1,1.0,6.0,71182,M,4680869.0,476461.0,71
201700018937,17,7,7,930,1,2,1,1.0,2.0,71294,M,4683407.0,472117.0,71
201700018938,17,9,4,1325,1,1,1,1.0,1.0,71459,M,4681070.0,471846.0,71
201700018939,17,9,24,1728,1,2,1,1.0,1.0,71154,M,4681846.0,489319.0,71
201700018940,17,10,24,755,2,1,1,8.0,7.0,71294,M,4682615.0,473465.0,71
201700018941,17,12,14,1435,1,1,1,3.0,1.0,71194,M,4683878.0,481697.0,71
201700018942,17,1,14,1255,1,1,1,1.0,5.0,32268,M,4360400.0,99628.0,32
201700018943,17,2,8,1415,1,1,1,8.0,6.0,32249,M,4373010.0,89006.0,32
201700018944,17,5,16,855,1,1,3,1.0,3.0,32237,M,4365020.0,74416.0,32
201700018945,17,8,12,30,5,2,1,1.0,6.0,32335,M,4374800.0,74480.0,32
201700018946,17,8,21,1900,1,1,1,1.0,7.0,32448,M,4370010.0,89767.0,32
201700018947,17,9,26,635,3,1,1,5.0,1.0,32154,M,4381600.0,84741.0,32
201700018948,17,9,27,1040,1,1,2,1.0,3.0,32268,M,4360740.0,97680.0,32
201700018949,17,10,30,1915,5,2,3,1.0,6.0,32012,M,4364640.0,78091.0,32
201700018950,17,12,15,1845,3,1,3,8.0,6.0,32406,M,4368580.0,82974.0,32
201700018951,17,1,14,1630,1,1,1,1.0,6.0,32106,M,4372340.0,96407.0,32
201700018952,17,2,3,1620,1,1,1,2.0,3.0,32106,M,4370690.0,99150.0,32
201700018953,17,7,8,30,3,1,1,1.0,6.0,32121,M,4357430.0,103801.0,32
201700018954,17,8,8,940,1,1,1,1.0,6.0,32334,M,4358820.0,116276.0,32
201700018955,17,10,14,1840,1,1,3,1.0,1.0,32160,M,4359620.0,106312.0,32
201700018956,17,10,29,2105,5,2,1,2.0,7.0,32106,M,4372110.0,97873.0,32
201700018957,17,1,5,1745,3,1,1,1.0,6.0,32321,M,4352960.0,85432.0,32
201700018958,17,1,9,1900,3,1,1,1.0,6.0,32061,M,4353730.0,77183.0,32
201700018959,17,1,21,115,3,1,1,9.0,6.0,32321,M,4352840.0,85609.0,32
201700018960,17,5,19,805,1,1,1,2.0,6.0,32153,M,4355840.0,65625.0,32
201700018961,17,6,12,1600,1,1,1,7.0,6.0,32418,M,4344830.0,86526.0,32
201700018962,17,9,28,1615,1,2,1,1.0,3.0,32213,M,4347420.0,91602.0,32
201700018963,17,12,22,2125,3,1,1,2.0,6.0,32213,M,4346720.0,90770.0,32
201700018964,17,3,12,1745,1,1,1,2.0,1.0,32462,M,4374990.0,28048.0,32
201700018965,17,4,29,1415,1,1,1,1.0,7.0,32231,M,4377080.0,32002.0,32
201700018966,17,6,5,45,3,1,1,2.0,6.0,32462,M,4373370.0,29676.0,32
201700018967,17,6,19,1020,1,2,1,1.0,6.0,32043,M,4369030.0,24064.0,32
201700018968,17,6,22,1820,1,1,1,1.0,7.0,32301,M,4367600.0,51764.0,32
201700018969,17,9,12,1440,1,2,3,1.0,3.0,32462,M,4376570.0,30347.0,32
201700018970,17,11,14,1530,1,1,9,1.0,7.0,32162,M,4375310.0,49186.0,32
201700018971,17,11,20,1715,2,1,1,1.0,6.0,32316,M,4374560.0,54262.0,32
201700018972,17,12,12,810,2,2,1,2.0,6.0,32462,M,4375810.0,30026.0,32
201700018973,17,12,26,1620,1,1,1,1.0,3.0,32065,M,4365400.0,40409.0,32
201700018974,17,2,25,1220,1,1,1,1.0,7.0,32197,M,4397830.0,26529.0,32
201700018975,17,3,7,955,1,2,3,2.0,6.0,32107,M,4395680.0,37595.0,32
201700018976,17,3,9,1530,1,1,1,1.0,7.0,32224,M,4387770.0,39583.0,32
201700018977,17,4,25,1830,1,1,1,2.0,1.0,32107,M,4390610.0,37370.0,32
201700018978,17,7,14,1205,1,1,2,1.0,3.0,32149,M,4386170.0,28425.0,32
201700018979,17,7,21,1740,1,1,1,1.0,7.0,32052,M,4381610.0,37322.0,32
201700018980,17,8,12,1930,1,1,1,1.0,7.0,32107,M,4396350.0,38955.0,32
201700018981,17,8,20,1830,1,1,1,1.0,6.0,32052,M,4382650.0,33944.0,32
201700018982,17,9,18,750,1,1,1,1.0,6.0,32345,M,4398020.0,48332.0,32
201700018983,17,10,27,1420,1,1,1,1.0,6.0,32107,M,4394510.0,37264.0,32
201700018984,17,11,16,930,1,2,1,1.0,6.0,32107,M,4395700.0,37694.0,32
201700018985,17,12,3,1900,5,2,1,1.0,6.0,32107,M,4395640.0,36210.0,32
201700018986,17,1,6,330,3,1,1,1.0,6.0,32025,M,4386630.0,-4935.0,32
201700018987,17,2,19,630,3,1,1,1.0,6.0,32119,M,4385240.0,12270.0,32
201700018988,17,3,1,715,2,1,1,2.0,6.0,32119,M,4385770.0,7975.0,32
201700018989,17,7,1,1920,1,1,1,1.0,1.0,32125,M,4378080.0,11759.0,32
201700018990,17,7,22,430,3,1,1,2.0,6.0,32115,M,4376970.0,14326.0,32
201700018991,17,8,13,2330,3,1,1,1.0,6.0,32096,M,4393790.0,-3801.0,32
201700018992,17,8,15,730,1,1,1,1.0,6.0,32096,M,4392630.0,-2586.0,32
201700018993,17,10,26,1600,1,1,1,1.0,7.0,32190,M,4379320.0,25546.0,32
201700018994,17,11,21,1240,1,1,1,7.0,6.0,32271,M,4384860.0,-18464.0,32
201700018995,17,11,30,900,1,1,1,5.0,3.0,32246,M,4384430.0,-13915.0,32
201700018996,17,12,22,1850,3,1,1,2.0,6.0,32246,M,4384310.0,-12881.0,32
201700018997,17,1,13,1600,1,1,1,1.0,6.0,32429,M,4402120.0,67470.0,32
201700018998,17,4,1,545,3,1,1,2.0,1.0,32306,M,4390410.0,63728.0,32
201700018999,17,4,18,1500,1,1,3,1.0,7.0,32208,M,4392840.0,66728.0,32
201700019000,17,5,10,1345,1,1,1,8.0,7.0,32078,M,4388760.0,66918.0,32
201700019001,17,8,24,1800,1,2,6,1.0,6.0,32370,M,4388750.0,76516.0,32
201700019002,17,8,28,20,3,1,1,1.0,6.0,32208,M,4396470.0,66308.0,32
201700019003,17,9,23,1805,1,1,4,7.0,3.0,32405,M,4385010.0,59713.0,32
201700019004,17,10,25,1925,2,2,1,1.0,1.0,32132,M,4385030.0,65883.0,32
201700019005,17,11,12,825,1,1,1,2.0,6.0,32208,M,4395580.0,61451.0,32
201700019006,17,12,28,1505,1,1,1,1.0,6.0,32452,M,4386050.0,80370.0,32
201700019007,17,2,3,1030,1,1,1,8.0,1.0,32169,M,4345710.0,57846.0,32
201700019008,17,2,27,1720,1,2,1,1.0,1.0,32256,M,4351840.0,39727.0,32
201700019009,17,3,1,1530,1,1,1,1.0,7.0,32375,M,4343150.0,49329.0,32
201700019010,17,3,16,1600,1,1,2,1.0,3.0,32156,M,4350150.0,46272.0,32
201700019011,17,4,29,1830,1,1,2,1.0,3.0,32254,M,4354020.0,45458.0,32
201700019012,17,5,18,1725,1,1,1,2.0,1.0,32256,M,4352310.0,41732.0,32
201700019013,17,6,18,950,1,1,1,1.0,7.0,32393,M,4347130.0,34204.0,32
201700019014,17,7,2,1900,1,1,1,1.0,6.0,32181,M,4341900.0,25313.0,32
201700019015,17,7,14,550,3,1,1,1.0,6.0,32242,M,4341720.0,57874.0,32
201700019016,17,7,20,1345,1,2,1,8.0,6.0,32103,M,4334340.0,54344.0,32
201700019017,17,9,24,1800,1,1,1,1.0,6.0,32103,M,4333290.0,53825.0,32
201700019018,17,10,3,1710,1,1,1,1.0,1.0,32126,M,4341000.0,27279.0,32
201700019019,17,11,17,1350,1,1,1,1.0,5.0,32256,M,4351800.0,41462.0,32
201700019020,17,12,9,1605,1,2,4,2.0,6.0,32159,M,4358360.0,41481.0,32
201700019021,17,12,22,250,3,1,1,2.0,6.0,32389,M,4352390.0,36178.0,32
201700019022,17,12,28,1830,3,1,1,2.0,3.0,32256,M,4352960.0,41662.0,32
201700019023,17,1,20,1350,1,1,2,1.0,1.0,32319,M,4360070.0,3060.0,32
201700019024,17,6,17,1605,1,1,1,7.0,6.0,32032,M,4359210.0,23120.0,32
201700019025,17,11,29,2100,3,1,1,1.0,6.0,32330,M,4359990.0,-1046.0,32
201700019026,17,3,11,2315,3,1,1,2.0,6.0,32245,M,4361290.0,-10049.0,32
201700019027,17,3,17,1600,1,1,1,1.0,6.0,32001,M,4370370.0,10744.0,32
201700019028,17,3,25,1110,1,1,1,1.0,1.0,32398,M,4365460.0,-15091.0,32
201700019029,17,7,20,1240,1,1,2,1.0,3.0,32296,M,4375430.0,-4825.0,32
201700019030,17,7,27,1050,1,1,1,1.0,1.0,32219,M,4367610.0,18259.0,32
201700019031,17,8,5,330,5,2,1,1.0,6.0,32344,M,4366070.0,-8462.0,32
201700019032,17,8,6,1935,1,1,1,1.0,7.0,32369,M,4380010.0,-3024.0,32
201700019033,17,10,14,1830,1,1,2,1.0,1.0,32017,M,4361750.0,-20779.0,32
201700019034,17,11,4,600,3,1,1,1.0,6.0,32463,M,4361490.0,-15181.0,32
201700019035,17,11,8,700,2,1,1,2.0,3.0,32245,M,4360970.0,-8478.0,32
201700019036,17,12,5,1250,1,2,3,1.0,7.0,32296,M,4375390.0,-3281.0,32
201700019037,17,8,17,1930,1,1,1,1.0,6.0,81048,M,4396370.0,212585.0,81
201700019038,17,2,12,1645,1,1,1,6.0,6.0,81308,M,4400872.0,236624.0,81
201700019039,17,4,19,1550,1,2,1,1.0,6.0,81168,M,4414610.0,214991.0,81
201700019040,17,6,25,1825,1,1,1,1.0,7.0,81089,M,4402359.0,244384.0,81
201700019041,17,8,23,1010,1,1,1,1.0,3.0,81201,M,4410850.0,222804.0,81
201700019042,17,10,21,835,2,1,3,7.0,3.0,81047,M,4398382.0,248995.0,81
201700019043,17,12,22,2020,3,1,1,2.0,6.0,81308,M,4401160.0,236215.0,81
201700019044,17,4,25,1945,2,1,1,2.0,5.0,81188,M,4370716.0,277969.0,81
201700019045,17,6,21,1830,1,1,1,1.0,3.0,81031,M,4361676.0,244967.0,81
201700019046,17,8,13,1750,1,1,1,1.0,6.0,81124,M,4368578.0,263074.0,81
201700019047,17,1,10,750,2,2,6,3.0,6.0,81140,M,4369690.0,181570.0,81
201700019048,17,4,13,1445,1,2,1,1.0,6.0,81140,M,4369360.0,181794.0,81
201700019049,17,6,21,1425,1,1,3,1.0,3.0,81271,M,4375927.0,168657.0,81
201700019050,17,7,8,1915,1,2,6,1.0,6.0,81271,M,4377440.0,168372.0,81
201700019051,17,7,16,2010,1,1,1,7.0,2.0,81271,M,4375384.0,168488.0,81
201700019052,17,8,31,1615,1,2,1,1.0,6.0,81140,M,4369745.0,179822.0,81
201700019053,17,2,25,1800,1,1,3,7.0,1.0,81042,M,4362747.0,235362.0,81
201700019054,17,5,11,1800,1,1,2,1.0,5.0,81042,M,4362763.0,235317.0,81
201700019055,17,5,25,1705,1,1,1,1.0,6.0,81128,M,4366168.0,236077.0,81
201700019056,17,6,25,1710,1,1,3,7.0,3.0,81177,M,4368971.0,221741.0,81
201700019057,17,8,13,1700,1,1,1,1.0,6.0,81183,M,4379077.0,237074.0,81
201700019058,17,10,27,1805,1,1,1,1.0,3.0,81042,M,4362823.0,236471.0,81
201700019059,17,12,13,1540,1,1,1,2.0,7.0,81182,M,4371664.0,236651.0,81
201700019060,17,1,6,1020,1,2,1,7.0,6.0,81069,M,4406129.0,195982.0,81
201700019061,17,4,15,1500,1,1,3,1.0,3.0,81320,M,4406400.0,190381.0,81
201700019062,17,6,26,1130,1,1,2,1.0,1.0,81148,M,4403683.0,189044.0,81
201700019063,17,8,27,830,2,1,1,1.0,7.0,81035,M,4410957.0,197395.0,81
201700019064,17,9,23,1750,1,1,1,1.0,7.0,81206,M,4407895.0,172412.0,81
201700019065,17,11,22,1040,1,2,1,7.0,6.0,81069,M,4406640.0,195104.0,81
201700019066,17,1,24,845,1,1,9,1.0,7.0,81149,M,4381858.0,177170.0,81
201700019067,17,2,3,1905,3,1,1,1.0,3.0,81220,M,4383777.0,175535.0,81
201700019068,17,4,16,645,2,1,1,1.0,6.0,81106,M,4383917.0,167513.0,81
201700019069,17,5,3,1755,1,1,1,1.0,6.0,81145,M,4387844.0,185033.0,81
201700019070,17,5,19,1930,1,1,9,1.0,1.0,81202,M,4379080.0,181985.0,81
201700019071,17,7,9,1800,1,1,1,8.0,6.0,81070,M,4380090.0,170042.0,81
201700019072,17,7,15,1635,1,1,2,1.0,3.0,81220,M,4383918.0,173028.0,81
201700019073,17,9,15,1920,1,1,1,1.0,6.0,81106,M,4384740.0,164901.0,81
201700019074,17,9,20,1355,1,1,1,1.0,3.0,81202,M,4381285.0,180149.0,81
201700019075,17,10,9,1240,1,1,2,1.0,3.0,81145,M,4387960.0,179497.0,81
201700019076,17,10,16,1930,3,1,1,1.0,2.0,81070,M,4379954.0,176877.0,81
201700019077,17,11,1,1210,1,1,1,1.0,6.0,81145,M,4386538.0,181961.0,81
201700019078,17,11,15,2323,3,1,1,1.0,5.0,81202,M,4380488.0,177820.0,81
201700019079,17,2,3,1840,2,2,1,1.0,6.0,81081,M,4349429.0,214954.0,81
201700019080,17,2,10,2040,5,2,1,1.0,1.0,81120,M,4350918.0,226689.0,81
201700019081,17,3,25,400,3,1,1,3.0,7.0,81002,M,4351035.0,233147.0,81
201700019082,17,5,4,1115,1,2,1,1.0,6.0,81242,M,4351912.0,210840.0,81
201700019083,17,7,12,825,1,1,3,1.0,3.0,81204,M,4353928.0,235153.0,81
201700019084,17,7,22,1020,1,1,2,1.0,6.0,81120,M,4351279.0,225938.0,81
201700019085,17,7,26,1040,1,2,1,1.0,6.0,81055,M,4341070.0,207772.0,81
201700019086,17,8,12,1325,1,1,1,1.0,7.0,81195,M,4355135.0,222761.0,81
201700019087,17,8,19,750,1,1,1,1.0,6.0,81325,M,4355284.0,216137.0,81
201700019088,17,9,9,1340,1,1,1,1.0,6.0,81129,M,4350962.0,210100.0,81
201700019089,17,10,19,1800,1,2,3,2.0,7.0,81002,M,4349499.0,234230.0,81
201700019090,17,12,17,1645,2,1,3,2.0,5.0,81120,M,4352102.0,230013.0,81
201700019091,17,2,2,810,1,2,1,1.0,6.0,69088,M,4581580.0,486322.0,69
201700019092,17,2,3,840,1,2,6,8.0,3.0,69063,M,4577473.0,480833.0,69
201700019093,17,2,15,900,1,2,1,1.0,3.0,69088,M,4582762.0,485527.0,69
201700019094,17,4,13,1510,1,2,1,1.0,6.0,69088,M,4583281.0,484866.0,69
201700019095,17,5,1,2300,5,2,1,2.0,3.0,69168,M,4584484.0,483515.0,69
201700019096,17,4,6,1700,1,2,1,1.0,3.0,69033,M,4585345.0,486582.0,69
201700019097,17,8,7,1100,1,1,1,1.0,3.0,69033,M,4586141.0,489109.0,69
201700019098,17,9,14,1745,1,2,1,1.0,1.0,69088,M,4583202.0,485447.0,69
201700019099,17,10,29,1,5,2,1,1.0,7.0,69088,M,4583189.0,485287.0,69
201700019100,17,12,14,1904,5,2,1,1.0,4.0,69088,M,4582762.0,485527.0,69
201700019101,17,12,21,1120,1,2,1,2.0,6.0,69292,M,4582311.0,487342.0,69
201700019102,17,1,7,2110,3,2,1,1.0,1.0,69161,M,4619752.0,443742.0,69
201700019103,17,5,5,1500,1,1,1,1.0,3.0,69162,M,4611806.0,464238.0,69
201700019104,17,5,5,1630,1,2,3,7.0,3.0,69162,M,4612511.0,463211.0,69
201700019105,17,5,8,950,1,1,1,1.0,6.0,69135,M,4621075.0,453164.0,69
201700019106,17,6,11,1635,1,1,9,1.0,6.0,69018,M,4615939.0,457807.0,69
201700019107,17,6,23,1640,1,2,1,1.0,1.0,69053,M,4621351.0,470562.0,69
201700019108,17,10,4,1715,1,1,1,1.0,1.0,69108,M,4616775.0,470803.0,69
201700019109,17,12,2,345,3,1,1,2.0,6.0,69162,M,4611351.0,464376.0,69
201700019110,17,1,1,25,3,1,1,5.0,6.0,69006,M,4596283.0,433386.0,69
201700019111,17,2,19,1640,1,1,1,1.0,1.0,69169,M,4597498.0,439126.0,69
201700019112,17,3,17,1705,1,2,1,1.0,6.0,69070,M,4602193.0,438091.0,69
201700019113,17,4,9,1540,1,1,1,1.0,1.0,69169,M,4597477.0,439098.0,69
201700019114,17,4,21,1810,1,2,3,1.0,3.0,69006,M,4597730.0,433161.0,69
201700019115,17,4,30,1110,1,1,1,6.0,7.0,69006,M,4596165.0,431724.0,69
201700019116,17,5,2,1240,1,2,1,2.0,3.0,69066,M,4610064.0,431331.0,69
201700019117,17,6,4,1745,1,2,1,1.0,6.0,69066,M,4609821.0,431616.0,69
201700019118,17,6,22,1645,1,2,1,1.0,3.0,69006,M,4598160.0,433410.0,69
201700019119,17,9,3,1600,1,1,1,1.0,1.0,69169,M,4598285.0,437404.0,69
201700019120,17,10,12,1930,5,1,4,1.0,1.0,69066,M,4609354.0,431331.0,69
201700019121,17,11,25,915,1,1,1,2.0,7.0,69006,M,4597223.0,434924.0,69
201700019122,17,12,7,2110,5,2,2,2.0,1.0,69248,M,4603522.0,431532.0,69
201700019123,17,12,19,1345,1,2,3,1.0,3.0,33140,M,4477541.0,-35116.0,33
201700019124,17,1,12,1819,5,2,1,3.0,6.0,33226,M,4471333.0,-39552.0,33
201700019125,17,2,17,1430,1,1,1,1.0,1.0,33505,M,4476799.0,-30665.0,33
201700019126,17,2,17,900,1,2,3,7.0,1.0,33140,M,4477850.0,-35211.0,33
201700019127,17,3,18,1510,1,2,1,1.0,6.0,33534,M,4471266.0,-39780.0,33
201700019128,17,4,9,2025,2,1,9,1.0,3.0,33033,M,4472685.0,-45218.0,33
201700019129,17,4,23,1630,1,1,1,1.0,6.0,33408,M,4476258.0,-38595.0,33
201700019130,17,7,7,2035,1,2,1,1.0,3.0,33140,M,4477383.0,-35212.0,33
201700019131,17,7,28,1830,1,1,3,7.0,7.0,33311,M,4467784.0,-35983.0,33
201700019132,17,8,20,1020,1,1,1,1.0,3.0,33140,M,4478375.0,-32539.0,33
201700019133,17,9,5,1555,1,1,1,1.0,2.0,33099,M,4482667.0,-45733.0,33
201700019134,17,9,3,345,3,1,1,1.0,1.0,33141,M,4483626.0,-34688.0,33
201700019135,17,1,4,2015,5,2,2,5.0,3.0,33011,M,4476509.0,-113637.0,33
201700019136,17,2,20,950,1,2,1,1.0,2.0,33236,M,4475592.0,-118009.0,33
201700019137,17,3,3,1049,1,2,2,1.0,3.0,33011,M,4476284.0,-113243.0,33
201700019138,17,4,6,2045,5,2,3,1.0,3.0,33236,M,4470292.0,-122784.0,33
201700019139,17,4,27,1115,1,1,1,1.0,2.0,33011,M,4477502.0,-109630.0,33
201700019140,17,6,19,1700,1,2,3,1.0,3.0,33236,M,4480156.0,-113541.0,33
201700019141,17,9,13,930,1,2,2,2.0,3.0,33236,M,4463994.0,-125242.0,33
201700019142,17,10,26,1150,1,2,6,1.0,3.0,33011,M,4476915.0,-113310.0,33
201700019143,17,11,23,2145,5,2,1,1.0,6.0,33236,M,4474400.0,-118142.0,33
201700019144,17,2,23,2327,3,1,1,2.0,6.0,33382,M,4515442.0,-47190.0,33
201700019145,17,7,4,2030,1,2,1,1.0,3.0,33114,M,4510052.0,-38954.0,33
201700019146,17,7,29,1100,1,1,1,1.0,6.0,33502,M,4518138.0,-52806.0,33
201700019147,17,8,4,1530,1,1,1,1.0,1.0,33114,M,4508810.0,-38407.0,33
201700019148,17,9,20,1900,1,2,3,1.0,1.0,33114,M,4511045.0,-38131.0,33
201700019149,17,10,14,2100,3,2,1,1.0,6.0,33473,M,4519245.0,-45642.0,33
201700019150,17,11,17,1700,1,1,2,1.0,3.0,33184,M,4515995.0,-55707.0,33
201700019151,17,7,28,1615,1,2,1,1.0,6.0,33195,M,4439092.0,-3908.0,33
201700019152,17,11,1,1005,1,1,2,1.0,3.0,33036,M,4444166.0,-21872.0,33
201700019153,17,11,14,930,1,2,3,1.0,6.0,33036,M,4443231.0,-21658.0,33
201700019154,17,11,22,1700,1,1,1,1.0,1.0,33095,M,4426790.0,-26140.0,33
201700019155,17,12,19,749,2,2,6,1.0,3.0,33036,M,4444389.0,-23611.0,33
201700019156,17,3,16,940,1,2,2,1.0,3.0,33345,M,4466122.0,7291.0,33
201700019157,17,4,3,1835,1,1,1,1.0,6.0,33277,M,4475388.0,11197.0,33
201700019158,17,5,4,1945,1,1,1,1.0,7.0,33359,M,4461960.0,2542.0,33
201700019159,17,5,4,1735,1,1,3,1.0,2.0,33359,M,4463224.0,2519.0,33
201700019160,17,9,18,720,2,1,1,2.0,6.0,33316,M,4474872.0,6726.0,33
201700019161,17,1,5,1415,1,1,1,1.0,6.0,33482,M,4468327.0,-11748.0,33
201700019162,17,1,11,1450,1,1,1,2.0,6.0,33506,M,4469594.0,-9090.0,33
201700019163,17,2,15,1450,1,2,7,1.0,6.0,33506,M,4469249.0,-8621.0,33
201700019164,17,3,7,1830,5,2,9,3.0,3.0,33506,M,4469801.0,-8894.0,33
201700019165,17,3,30,730,1,1,1,1.0,6.0,33515,M,4469992.0,-31174.0,33
201700019166,17,4,24,1630,1,1,2,1.0,3.0,33482,M,4468272.0,-11994.0,33
201700019167,17,7,8,1030,1,1,3,1.0,2.0,33057,M,4475331.0,-7401.0,33
201700019168,17,7,24,1855,1,1,3,1.0,6.0,33506,M,4471215.0,-6559.0,33
201700019169,17,10,6,830,1,1,2,1.0,3.0,33275,M,4470386.0,-16784.0,33
201700019170,17,11,6,1200,1,1,2,1.0,3.0,33299,M,4464325.0,-23386.0,33
201700019171,17,12,15,1205,1,1,2,2.0,3.0,33163,M,4474895.0,-23878.0,33
201700019172,17,2,16,2250,3,1,1,1.0,6.0,33429,M,4444319.0,-43555.0,33
201700019173,17,5,25,745,1,1,1,1.0,2.0,33026,M,4450959.0,-43771.0,33
201700019174,17,6,1,1555,1,1,1,1.0,6.0,33547,M,4446599.0,-36829.0,33
201700019175,17,6,25,445,5,2,1,1.0,6.0,33307,M,4448292.0,-36696.0,33
201700019176,17,12,7,120,5,2,1,5.0,6.0,33429,M,4443246.0,-46751.0,33
201700019177,17,1,6,1620,1,1,2,1.0,1.0,33545,M,4524740.0,-84339.0,33
201700019178,17,1,14,1400,1,2,1,1.0,6.0,33125,M,4522491.0,-84009.0,33
201700019179,17,1,14,1600,1,1,1,1.0,6.0,33395,M,4525137.0,-78575.0,33
201700019180,17,1,22,500,3,1,6,1.0,7.0,33125,M,4521622.0,-87059.0,33
201700019181,17,1,30,835,1,1,9,2.0,3.0,33424,M,4513945.0,-81822.0,33
201700019182,17,3,3,430,3,1,1,1.0,6.0,33424,M,4511810.0,-80970.0,33
201700019183,17,3,5,1815,1,1,1,1.0,6.0,33424,M,4516958.0,-83482.0,33
201700019184,17,3,16,1710,1,1,1,1.0,6.0,33471,M,4520968.0,-83245.0,33
201700019185,17,3,17,1815,1,2,9,1.0,7.0,33423,M,4516521.0,-74074.0,33
201700019186,17,3,29,815,1,1,1,1.0,1.0,33423,M,4515133.0,-74014.0,33
201700019187,17,3,30,820,1,2,1,1.0,6.0,33424,M,4514779.0,-82366.0,33
201700019188,17,4,12,1235,1,1,1,7.0,3.0,33314,M,4520993.0,-74849.0,33
201700019189,17,4,21,1735,1,1,2,1.0,3.0,33424,M,4511406.0,-80773.0,33
201700019190,17,4,26,1010,1,1,3,1.0,2.0,33424,M,4513919.0,-81831.0,33
201700019191,17,4,27,730,1,1,1,5.0,2.0,33412,M,4520980.0,-89123.0,33
201700019192,17,5,7,1200,1,2,4,1.0,3.0,33423,M,4514739.0,-74134.0,33
201700019193,17,5,20,1145,1,1,2,2.0,3.0,33395,M,4524016.0,-77390.0,33
201700019194,17,5,31,1659,1,1,1,2.0,1.0,33395,M,4527289.0,-76199.0,33
201700019195,17,6,18,2140,1,2,3,1.0,6.0,33314,M,4519871.0,-74822.0,33
201700019196,17,7,8,1130,1,1,1,1.0,1.0,33424,M,4513039.0,-85754.0,33
201700019197,17,8,2,1843,1,1,1,1.0,1.0,33424,M,4512044.0,-85656.0,33
201700019198,17,8,3,1100,1,1,2,1.0,3.0,33395,M,4526463.0,-79064.0,33
201700019199,17,9,25,1600,1,1,3,1.0,2.0,33125,M,4519496.0,-85467.0,33
201700019200,17,9,29,1530,1,1,3,1.0,1.0,33423,M,4515620.0,-73910.0,33
201700019201,17,10,2,1038,1,2,1,1.0,6.0,33395,M,4526708.0,-78956.0,33
201700019202,17,11,19,1500,1,1,1,1.0,6.0,33314,M,4521437.0,-74883.0,33
201700019203,17,12,2,1755,3,1,1,1.0,6.0,33424,M,4516062.0,-85039.0,33
201700019204,17,2,20,435,3,1,1,1.0,6.0,33521,M,4548139.0,-109204.0,33
201700019205,17,5,8,1710,1,1,2,1.0,3.0,33514,M,4550617.0,-109282.0,33
201700019206,17,6,25,1230,1,1,1,1.0,2.0,33541,M,4539160.0,-115911.0,33
201700019207,17,8,3,645,1,1,1,1.0,6.0,33348,M,4536753.0,-99314.0,33
201700019208,17,10,13,1000,1,2,9,1.0,2.0,33521,M,4546531.0,-104990.0,33
201700019209,17,10,20,1840,1,1,1,1.0,6.0,33490,M,4544014.0,-100964.0,33
201700019210,17,1,21,955,1,1,3,1.0,6.0,33466,M,4481787.0,-26185.0,33
201700019211,17,1,25,800,2,1,1,9.0,6.0,33301,M,4479117.0,-19350.0,33
201700019212,17,2,28,1900,5,2,6,2.0,3.0,33466,M,4482264.0,-29373.0,33
201700019213,17,4,23,1630,1,1,4,1.0,3.0,33194,M,4480951.0,-22168.0,33
201700019214,17,5,9,730,1,1,1,1.0,5.0,33466,M,4481793.0,-26320.0,33
201700019215,17,6,20,1230,1,2,1,1.0,6.0,33185,M,4485365.0,-25944.0,33
201700019216,17,6,23,1330,1,2,1,1.0,1.0,33466,M,4481684.0,-28424.0,33