Num_Acc,an,mois,jour,hrmn,lum,agg,int,atm,col,com,gps,lat,long,dep
201700019217,17,7,13,1630,1,1,1,1.0,5.0,33350,M,4476454.0,-11459.0,33
201700019218,17,9,9,1055,1,1,1,2.0,1.0,33147,M,4480045.0,-23812.0,33
201700019219,17,9,21,1200,1,2,1,7.0,6.0,33071,M,4482920.0,-18745.0,33
201700019220,17,11,17,1715,1,1,1,1.0,3.0,33257,M,4481849.0,-18542.0,33
201700019221,17,1,10,1330,1,2,1,1.0,6.0,33459,M,4485551.0,-10900.0,33
201700019222,17,6,14,1700,1,1,1,1.0,5.0,33394,M,4489103.0,-19346.0,33
201700019223,17,7,12,1750,1,2,3,1.0,3.0,33480,M,4487397.0,-19036.0,33
201700019224,17,7,18,1445,1,2,2,1.0,3.0,33108,M,4485323.0,-5103.0,33
201700019225,17,7,26,1810,1,1,2,2.0,3.0,33426,M,4486314.0,-13446.0,33
201700019226,17,8,12,525,3,1,1,1.0,6.0,33394,M,4490746.0,-14616.0,33
201700019227,17,8,13,1840,1,2,3,1.0,7.0,33390,M,4487807.0,-6999.0,33
201700019228,17,8,21,300,3,1,1,1.0,6.0,33173,M,4495146.0,-474.0,33
201700019229,17,10,3,630,5,2,1,2.0,1.0,33480,M,4487802.0,-16452.0,33
201700019230,17,12,11,1050,1,1,3,2.0,3.0,33394,M,4492487.0,-16754.0,33
201700019231,17,3,6,205,3,1,1,2.0,6.0,65340,M,4327642.0,11728.0,65
201700019232,17,3,23,815,1,2,1,1.0,5.0,65002,M,4314301.0,-2613.0,65
201700019233,17,4,8,1530,1,1,1,1.0,5.0,65062,M,4319935.0,13833.0,65
201700019234,17,5,1,1045,1,2,1,1.0,6.0,65072,M,4328949.0,6613.0,65
201700019235,17,5,3,1630,1,2,1,1.0,1.0,65002,M,4313364.0,-2686.0,65
201700019236,17,5,26,2120,5,2,1,1.0,3.0,65235,M,4320325.0,3873.0,65
201700019237,17,6,29,1230,1,1,3,1.0,2.0,65108,M,4329031.0,9409.0,65
201700019238,17,8,7,1515,1,2,2,1.0,3.0,65002,M,4313862.0,-2771.0,65
201700019239,17,11,13,1740,5,2,2,8.0,6.0,65344,M,4318727.0,-2388.0,65
201700019240,17,1,13,1900,3,1,2,1.0,3.0,65442,M,4329395.0,62780.0,65
201700019241,17,4,16,1335,1,1,1,1.0,6.0,65289,M,4329858.0,27978.0,65
201700019242,17,4,29,1910,1,2,1,1.0,7.0,65293,M,4327294.0,33262.0,65
201700019243,17,9,9,1030,1,1,1,8.0,6.0,65315,M,4323897.0,51025.0,65
201700019244,17,11,8,1220,1,1,1,2.0,6.0,65448,M,4328698.0,33847.0,65
201700019245,17,1,30,800,1,1,1,1.0,6.0,65425,M,4332481.0,3356.0,65
201700019246,17,4,7,45,3,1,1,1.0,7.0,65372,M,4333949.0,6978.0,65
201700019247,17,4,11,1010,1,1,1,1.0,6.0,65130,M,4357948.0,-2152.0,65
201700019248,17,6,8,1250,1,1,1,1.0,1.0,65460,M,4339577.0,3896.0,65
201700019249,17,6,14,1815,1,2,3,1.0,1.0,65460,M,4339270.0,5320.0,65
201700019250,17,6,15,1810,1,2,7,1.0,6.0,65460,M,4338617.0,5577.0,65
201700019251,17,7,20,1720,1,1,1,1.0,5.0,65007,M,4332548.0,6927.0,65
201700019252,17,7,22,1,5,2,2,1.0,6.0,65007,M,4332040.0,6345.0,65
201700019253,17,7,21,900,1,1,2,1.0,3.0,65472,M,4349935.0,439.0,65
201700019254,17,7,27,2025,1,1,1,1.0,6.0,65304,M,4347151.0,4779.0,65
201700019255,17,8,10,1400,1,1,1,2.0,6.0,65007,M,4333500.0,6959.0,65
201700019256,17,10,8,1930,2,1,9,1.0,1.0,65432,M,4352784.0,-1591.0,65
201700019257,17,10,12,1135,1,2,1,1.0,6.0,65304,M,4346603.0,3546.0,65
201700019258,17,10,17,1440,1,1,1,1.0,6.0,65460,M,4340529.0,5250.0,65
201700019259,17,1,30,1630,1,1,1,1.0,7.0,65176,M,4301658.0,-24143.0,65
201700019260,17,2,1,1730,2,1,1,1.0,1.0,65395,M,4310389.0,-14209.0,65
201700019261,17,2,14,1130,1,2,1,1.0,6.0,65025,M,4300691.0,-10089.0,65
201700019262,17,2,22,1045,1,2,2,1.0,3.0,65025,M,4300692.0,-9523.0,65
201700019263,17,3,14,1700,1,1,1,1.0,7.0,65029,M,4299906.0,-11145.0,65
201700019264,17,3,25,1700,1,2,1,1.0,6.0,65362,M,4296246.0,-6769.0,65
201700019265,17,4,18,750,1,2,1,1.0,6.0,65025,M,4300145.0,-10027.0,65
201700019266,17,5,13,1426,1,1,1,1.0,6.0,65428,M,4296353.0,-15702.0,65
201700019267,17,5,13,1440,1,1,1,1.0,6.0,65077,M,4297325.0,-2742.0,65
201700019268,17,6,16,1615,1,1,1,1.0,7.0,65200,M,4304839.0,6508.0,65
201700019269,17,6,18,1145,1,1,1,7.0,3.0,65237,M,4305377.0,-848.0,65
201700019270,17,6,22,2130,1,1,1,7.0,7.0,65371,M,4299386.0,-7610.0,65
201700019271,17,7,5,1130,1,2,1,1.0,3.0,65138,M,4289811.0,-11105.0,65
201700019272,17,7,16,1015,1,1,1,1.0,3.0,65077,M,4297329.0,-2756.0,65
201700019273,17,10,30,1615,1,1,4,1.0,7.0,65055,M,4300391.0,-7922.0,65
201700019274,17,12,2,735,2,1,1,4.0,6.0,65138,M,4294425.0,-8678.0,65
201700019275,17,12,6,1930,5,2,1,1.0,2.0,65025,M,4300549.0,-9873.0,65
201700019276,17,12,30,1245,1,2,6,1.0,7.0,65025,M,4300686.0,-9861.0,65
201700019277,17,6,17,1215,1,2,3,1.0,7.0,65394,M,4308279.0,51046.0,65
201700019278,17,7,15,1520,1,2,1,1.0,7.0,65389,M,4307900.0,48181.0,65
201700019279,17,7,26,1205,1,2,3,1.0,1.0,65051,M,4306832.0,51971.0,65
201700019280,17,4,29,1047,1,1,1,1.0,6.0,65017,M,4275646.0,19318.0,65
201700019281,17,5,26,1040,1,1,1,1.0,6.0,65017,M,4278901.0,23121.0,65
201700019282,17,6,26,815,1,1,1,8.0,1.0,65092,M,4294616.0,37375.0,65
201700019283,17,8,9,1200,1,1,1,1.0,2.0,65017,M,4281922.0,18910.0,65
201700019284,17,5,12,1335,1,1,1,1.0,2.0,41217,M,4729949.0,119760.0,41
201700019285,17,9,12,800,1,1,1,1.0,2.0,41211,M,4729421.0,113308.0,41
201700019286,17,9,21,1410,1,1,1,1.0,6.0,41185,M,4733881.0,166332.0,41
201700019287,17,1,10,920,1,2,3,2.0,6.0,82037,M,4416163.0,154247.0,82
201700019288,17,1,15,330,3,1,1,1.0,6.0,82087,M,4414429.0,118941.0,82
201700019289,17,1,31,840,1,1,1,7.0,2.0,82078,M,4427090.0,158445.0,82
201700019290,17,2,10,1100,1,2,3,1.0,3.0,82179,M,4417902.0,161586.0,82
201700019291,17,2,11,1550,1,1,1,1.0,6.0,82119,M,4420956.0,152601.0,82
201700019292,17,2,18,2315,4,1,1,1.0,6.0,82039,M,4410993.0,149060.0,82
201700019293,17,3,3,1700,1,1,3,1.0,3.0,82076,M,4412698.0,136204.0,82
201700019294,17,3,10,2115,3,1,1,1.0,6.0,82087,M,4414891.0,126005.0,82
201700019295,17,4,10,1720,1,2,1,7.0,6.0,82149,M,4411796.0,148245.0,82
201700019296,17,4,19,1600,1,1,1,1.0,1.0,82174,M,4417050.0,144640.0,82
201700019297,17,5,8,120,5,1,1,1.0,2.0,82179,M,4417156.0,159341.0,82
201700019298,17,5,25,1450,1,1,2,1.0,3.0,82159,M,4412302.0,158598.0,82
201700019299,17,5,28,1750,1,1,1,1.0,2.0,82119,M,4420547.0,152995.0,82
201700019300,17,6,1,1500,1,1,2,1.0,3.0,82144,M,4417201.0,136337.0,82
201700019301,17,6,5,1630,1,1,6,1.0,3.0,82037,M,4416674.0,153197.0,82
201700019302,17,7,2,2207,3,1,1,1.0,6.0,82077,M,4420488.0,130639.0,82
201700019303,17,7,14,1100,1,1,4,1.0,3.0,82195,M,4407066.0,128647.0,82
201700019304,17,7,30,2140,2,1,1,1.0,6.0,82090,M,4409503.0,140887.0,82
201700019305,17,8,27,115,3,1,6,1.0,7.0,82149,M,4412931.0,149758.0,82
201700019306,17,9,10,530,3,1,1,1.0,6.0,82040,M,4421602.0,161879.0,82
201700019307,17,9,15,1735,1,1,1,3.0,6.0,82144,M,4415720.0,127040.0,82
201700019308,17,9,18,1040,1,1,1,3.0,6.0,82087,M,4411806.0,126649.0,82
201700019309,17,10,4,1645,1,1,1,1.0,3.0,82110,M,4410694.0,142413.0,82
201700019310,17,10,9,1421,1,1,1,1.0,1.0,82195,M,4407128.0,128592.0,82
201700019311,17,10,7,2002,5,2,1,1.0,6.0,82179,M,4417612.0,161638.0,82
201700019312,17,10,17,1334,1,1,1,1.0,6.0,82110,M,4413193.0,144523.0,82
201700019313,17,11,5,1435,1,1,1,2.0,6.0,82113,M,4420040.0,138029.0,82
201700019314,17,11,18,650,3,1,1,5.0,3.0,82087,M,4409563.0,126052.0,82
201700019315,17,12,8,930,1,2,1,8.0,2.0,82037,M,4415445.0,153027.0,82
201700019316,17,12,12,1600,1,1,1,2.0,1.0,82179,M,4417912.0,162770.0,82
201700019317,17,12,13,1414,1,2,3,1.0,3.0,82087,M,4412756.0,124098.0,82
201700019318,17,2,1,743,2,2,3,5.0,3.0,82136,M,4390578.0,140635.0,82
201700019319,17,2,25,1250,1,2,1,1.0,1.0,82079,M,4391844.0,136002.0,82
201700019320,17,3,8,1505,1,1,1,1.0,5.0,82075,M,4384166.0,129030.0,82
201700019321,17,3,10,2115,3,1,1,1.0,6.0,82079,M,4391027.0,133944.0,82
201700019322,17,5,1,800,1,1,1,1.0,6.0,82194,M,4391011.0,144251.0,82
201700019323,17,5,10,1445,1,2,1,1.0,6.0,82114,M,4389259.0,123994.0,82
201700019324,17,5,24,850,1,1,1,1.0,1.0,82027,M,4387306.0,131853.0,82
201700019325,17,6,25,800,1,1,1,1.0,1.0,82188,M,4392370.0,149204.0,82
201700019326,17,7,2,240,3,1,1,1.0,6.0,82044,M,4395689.0,136333.0,82
201700019327,17,7,5,1325,1,1,1,1.0,1.0,82079,M,4392786.0,134349.0,82
201700019328,17,7,11,705,1,1,1,1.0,2.0,82136,M,4389913.0,139679.0,82
201700019329,17,8,15,1930,1,1,1,1.0,6.0,82075,M,4383868.0,129919.0,82
201700019330,17,9,1,2110,5,2,1,1.0,1.0,82044,M,4394423.0,136806.0,82
201700019331,17,9,22,1625,1,1,1,1.0,5.0,82028,M,4385836.0,129343.0,82
201700019332,17,9,29,1810,1,2,1,1.0,3.0,82135,M,4415083.0,137990.0,82
201700019333,17,11,24,1830,5,2,1,1.0,6.0,82167,M,4396508.0,142773.0,82
201700019334,17,1,6,805,1,2,3,9.0,3.0,82190,M,4384298.0,123917.0,82
201700019335,17,1,18,1630,1,2,1,1.0,6.0,82190,M,4385345.0,123167.0,82
201700019336,17,2,6,430,5,2,1,1.0,6.0,82123,M,4391889.0,127643.0,82
201700019337,17,2,27,2015,3,1,1,1.0,7.0,82052,M,4399827.0,122568.0,82
201700019338,17,3,8,2035,5,2,1,1.0,1.0,82052,M,4398139.0,119740.0,82
201700019339,17,4,6,450,3,2,1,1.0,6.0,82005,M,4380464.0,121183.0,82
201700019340,17,4,28,1100,1,2,1,1.0,3.0,82075,M,4382454.0,129192.0,82
201700019341,17,5,25,415,3,1,1,1.0,6.0,82190,M,4385726.0,125299.0,82
201700019342,17,6,15,1045,1,2,1,1.0,6.0,82005,M,4380315.0,121485.0,82
201700019343,17,6,22,35,3,1,9,1.0,7.0,82124,M,4402564.0,129037.0,82
201700019344,17,6,25,940,1,1,1,1.0,1.0,82085,M,4397010.0,127467.0,82
201700019345,17,7,15,1800,1,1,9,1.0,6.0,82125,M,4394492.0,121969.0,82
201700019346,17,9,8,1135,1,1,1,1.0,6.0,82171,M,4401536.0,117462.0,82
201700019347,17,9,17,1900,2,1,1,2.0,6.0,82123,M,4392580.0,128181.0,82
201700019348,17,9,15,1750,1,2,7,1.0,6.0,82124,M,4401114.0,128869.0,82
201700019349,17,11,19,1900,3,1,1,1.0,6.0,82020,M,4385395.0,113144.0,82
201700019350,17,11,18,1710,1,2,1,1.0,6.0,82105,M,4389147.0,119203.0,82
201700019351,17,12,1,1855,5,2,1,2.0,6.0,82125,M,4392907.0,128927.0,82
201700019352,17,4,30,905,1,1,1,1.0,6.0,82026,M,4407234.0,163834.0,82
201700019353,17,5,4,2150,3,1,1,1.0,1.0,82134,M,4406487.0,150046.0,82
201700019354,17,6,6,1435,1,1,1,1.0,6.0,82026,M,4407119.0,161661.0,82
201700019355,17,7,3,1905,1,1,3,1.0,3.0,82115,M,4397361.0,159701.0,82
201700019356,17,10,25,925,1,1,1,1.0,1.0,82018,M,4409703.0,152510.0,82
201700019357,17,11,17,2100,3,1,1,1.0,6.0,82176,M,4396571.0,155101.0,82
201700019358,17,4,13,1415,1,1,1,1.0,7.0,82038,M,4424175.0,174657.0,82
201700019359,17,6,7,837,1,1,1,1.0,2.0,82137,M,4427764.0,185749.0,82
201700019360,17,6,25,920,1,1,1,1.0,6.0,82038,M,4424626.0,172350.0,82
201700019361,17,8,12,2350,3,1,1,1.0,6.0,82147,M,4430732.0,185027.0,82
201700019362,17,8,14,1740,1,1,1,1.0,1.0,82147,M,4429388.0,185879.0,82
201700019363,17,8,13,940,1,1,1,1.0,3.0,82155,M,4415032.0,177020.0,82
201700019364,17,9,6,1925,2,1,1,1.0,6.0,82187,M,4415451.0,189184.0,82
201700019365,17,9,10,250,3,1,1,2.0,6.0,82172,M,,,82
201700019366,17,9,13,720,2,2,3,1.0,3.0,82155,M,4415355.0,175201.0,82
201700019367,17,9,14,730,1,1,1,1.0,6.0,82137,M,4426366.0,182832.0,82
201700019368,17,10,22,2010,3,1,1,2.0,6.0,82038,M,4418866.0,175634.0,82
201700019369,17,10,30,1600,1,1,1,1.0,6.0,82061,M,4412840.0,182141.0,82
201700019370,17,11,27,2330,3,1,1,1.0,6.0,82191,M,4419604.0,188450.0,82
201700019371,17,12,17,1340,1,1,1,8.0,6.0,82061,M,4413839.0,182306.0,82
201700019372,17,2,19,1345,1,1,1,1.0,7.0,82106,M,4379187.0,91705.0,82
201700019373,17,6,29,1540,1,1,1,1.0,7.0,82180,M,4393732.0,104072.0,82
201700019374,17,8,9,700,1,1,1,1.0,6.0,82180,M,4390219.0,102597.0,82
201700019375,17,10,14,1630,1,1,1,1.0,6.0,82097,M,4396005.0,92502.0,82
201700019376,17,12,22,1620,1,1,1,2.0,6.0,82034,M,4399929.0,90442.0,82
201700019377,17,1,13,1630,1,1,1,1.0,1.0,82111,M,4424753.0,105986.0,82
201700019378,17,1,29,1905,3,1,1,1.0,6.0,82042,M,4417492.0,126338.0,82
201700019379,17,2,2,1110,1,1,1,1.0,6.0,82117,M,4433512.0,100925.0,82
201700019380,17,2,10,515,3,1,1,1.0,6.0,82117,M,4435710.0,105445.0,82
201700019381,17,3,17,2130,3,1,1,1.0,6.0,82164,M,4429970.0,116363.0,82
201700019382,17,4,5,1805,1,1,1,1.0,6.0,82117,M,4433262.0,100203.0,82
201700019383,17,4,22,2045,2,1,1,1.0,6.0,82094,M,4427695.0,114606.0,82
201700019384,17,6,15,1250,1,1,1,1.0,6.0,82022,M,4425060.0,95017.0,82
201700019385,17,6,19,800,1,1,1,1.0,1.0,82168,M,4419643.0,102696.0,82
201700019386,17,9,5,1036,1,1,2,1.0,3.0,82111,M,4420633.0,105126.0,82
201700019387,17,9,13,1610,1,1,1,1.0,1.0,82117,M,4436311.0,101164.0,82
201700019388,17,10,14,1245,1,1,1,1.0,6.0,82151,M,4430459.0,93007.0,82
201700019389,17,10,22,2300,3,1,1,1.0,6.0,82022,M,4425254.0,93705.0,82
201700019390,17,11,19,1445,1,1,2,1.0,1.0,82182,M,4428651.0,105490.0,82
201700019391,17,12,22,1430,1,1,1,2.0,6.0,82116,M,4423710.0,109912.0,82
201700019392,17,1,14,1915,3,1,1,1.0,6.0,82169,M,4404983.0,101723.0,82
201700019393,17,1,31,1015,1,1,2,1.0,3.0,82011,M,4407162.0,126946.0,82
201700019394,17,3,11,2105,5,2,1,1.0,3.0,82112,M,4409659.0,108235.0,82
201700019395,17,4,8,1720,1,1,3,1.0,3.0,82035,M,4402460.0,99634.0,82
201700019396,17,5,21,230,3,1,1,1.0,6.0,82046,M,4395812.0,98808.0,82
201700019397,17,7,3,1805,1,1,2,1.0,5.0,82012,M,4407340.0,117411.0,82
201700019398,17,9,19,1050,1,1,1,1.0,3.0,82127,M,4416467.0,111045.0,82
201700019399,17,9,30,936,1,1,1,3.0,3.0,82096,M,4404196.0,122109.0,82
201700019400,17,11,8,1240,1,1,1,1.0,6.0,82112,M,4414224.0,105642.0,82
201700019401,17,11,18,1337,1,1,1,1.0,1.0,82011,M,4407497.0,126677.0,82
201700019402,17,12,24,515,5,2,1,5.0,6.0,82101,M,4409190.0,97169.0,82
201700019403,17,12,27,830,1,2,1,2.0,6.0,82112,M,4411232.0,110387.0,82
201700019404,17,1,26,850,1,1,1,1.0,3.0,82073,M,4411084.0,91543.0,82
201700019405,17,3,7,315,3,1,1,2.0,6.0,82141,M,4409869.0,93945.0,82
201700019406,17,3,17,2045,5,2,6,1.0,6.0,82186,M,4411170.0,89025.0,82
201700019407,17,3,16,1014,1,1,2,1.0,3.0,82032,M,4416683.0,98475.0,82
201700019408,17,3,28,1800,1,1,1,1.0,6.0,82054,M,4409086.0,90215.0,82
201700019409,17,4,25,1350,1,1,1,8.0,1.0,82165,M,4407790.0,86857.0,82
201700019410,17,5,4,1700,1,2,1,1.0,6.0,82073,M,4410878.0,91385.0,82
201700019411,17,5,9,735,1,2,1,1.0,2.0,82186,M,4411200.0,87699.0,82
201700019412,17,9,17,130,3,1,1,2.0,6.0,82049,M,4412243.0,81907.0,82
201700019413,17,12,9,210,3,1,1,1.0,6.0,82139,M,4404647.0,97195.0,82
201700019414,17,12,10,2220,5,2,6,2.0,6.0,82072,M,4411316.0,85569.0,82
201700019415,17,12,18,740,2,2,1,2.0,5.0,82186,M,4411701.0,89568.0,82
201700019416,17,5,3,1700,1,1,1,2.0,7.0,80036,M,4989448.0,247354.0,80
201700019417,17,5,10,1540,1,2,2,1.0,3.0,80463,M,4987302.0,258976.0,80
201700019418,17,6,26,2013,1,1,1,1.0,7.0,80458,M,4995561.0,248977.0,80
201700019419,17,7,11,1436,1,2,2,1.0,1.0,80234,M,4990208.0,244842.0,80
201700019420,17,7,29,1015,1,1,3,1.0,3.0,80799,M,4985104.0,252483.0,80
201700019421,17,10,5,1345,1,1,1,2.0,1.0,80426,M,4996454.0,251814.0,80
201700019422,17,10,27,1435,1,1,3,1.0,5.0,80672,M,4997458.0,255555.0,80
201700019423,17,11,2,1605,1,1,2,1.0,3.0,80338,M,4988302.0,249794.0,80
201700019424,17,12,28,800,2,1,1,1.0,7.0,80672,M,4996991.0,253897.0,80
201700019425,17,1,18,1600,1,1,5,1.0,3.0,80655,M,4995942.0,199074.0,80
201700019426,17,1,30,1635,1,1,3,5.0,4.0,80443,M,4984345.0,191228.0,80
201700019427,17,2,9,1920,3,1,1,1.0,3.0,80592,M,4986845.0,173649.0,80
201700019428,17,2,11,1450,1,1,1,8.0,6.0,80606,M,4994749.0,177583.0,80
201700019429,17,4,3,930,1,1,1,1.0,6.0,80443,M,4985209.0,191455.0,80
201700019430,17,6,2,1225,1,1,4,1.0,1.0,80591,M,4996555.0,177482.0,80
201700019431,17,6,7,1800,1,1,3,1.0,6.0,80443,M,4984162.0,194697.0,80
201700019432,17,6,17,1450,1,1,1,1.0,6.0,80143,M,4985475.0,183976.0,80
201700019433,17,6,22,745,1,1,1,1.0,7.0,80143,M,4985374.0,183047.0,80
201700019434,17,7,2,1915,1,1,1,1.0,3.0,80013,M,4997388.0,199013.0,80
201700019435,17,7,3,930,1,1,2,1.0,3.0,80800,M,4986384.0,184186.0,80
201700019436,17,7,16,1445,1,1,1,7.0,7.0,80013,M,4997413.0,193349.0,80
201700019437,17,8,25,1815,1,1,4,1.0,3.0,80606,M,4995882.0,177435.0,80
201700019438,17,9,27,1730,1,1,1,1.0,1.0,80828,M,4995926.0,182583.0,80
201700019439,17,1,4,1410,1,2,1,2.0,2.0,80630,M,4977696.0,198061.0,80
201700019440,17,1,28,1910,5,2,1,1.0,6.0,80643,M,4981539.0,220824.0,80
201700019441,17,2,17,845,1,1,1,5.0,6.0,80577,M,4979610.0,203422.0,80
201700019442,17,3,14,1520,1,1,3,1.0,6.0,80198,M,4985016.0,217579.0,80
201700019443,17,3,27,2050,2,1,2,1.0,2.0,80670,M,4984502.0,214999.0,80
201700019444,17,5,16,1500,1,1,1,1.0,7.0,80211,M,4977123.0,214887.0,80
201700019445,17,7,4,1945,1,1,1,1.0,7.0,80696,M,4981371.0,231880.0,80
201700019446,17,8,4,1700,1,1,2,1.0,3.0,80157,M,4982784.0,202389.0,80
201700019447,17,8,12,545,2,1,2,2.0,6.0,80198,M,4985219.0,218461.0,80
201700019448,17,9,2,1520,1,1,1,1.0,1.0,80436,M,4973329.0,190203.0,80
201700019449,17,10,3,1820,1,2,1,1.0,2.0,80211,M,4974115.0,215311.0,80
201700019450,17,11,10,1305,1,1,2,1.0,4.0,80198,M,4985176.0,218339.0,80
201700019451,17,11,13,1600,1,2,4,1.0,6.0,80630,M,4977452.0,198261.0,80
201700019452,17,11,26,2150,3,1,1,2.0,6.0,80114,M,4974010.0,219336.0,80
201700019453,17,12,21,845,1,2,1,5.0,6.0,80656,M,4982265.0,208588.0,80
201700019454,17,3,3,1215,1,2,6,1.0,7.0,80798,M,5002237.0,231835.0,80
201700019455,17,3,9,1450,1,1,1,1.0,1.0,80024,M,4993962.0,223610.0,80
201700019456,17,5,13,410,3,1,1,1.0,6.0,80622,M,4994209.0,215108.0,80
201700019457,17,5,12,1745,1,1,1,2.0,6.0,80718,M,4994897.0,221171.0,80
201700019458,17,5,18,1820,1,1,1,2.0,7.0,80634,M,4992526.0,244051.0,80
201700019459,17,7,3,1015,1,2,2,1.0,3.0,80082,M,4996534.0,213454.0,80
201700019460,17,7,15,1450,1,1,1,1.0,3.0,80798,M,5000527.0,231312.0,80
201700019461,17,9,15,1815,1,1,2,1.0,3.0,80020,M,4994561.0,236008.0,80
201700019462,17,9,22,2040,3,1,1,1.0,2.0,80746,M,5004412.0,232318.0,80
201700019463,17,9,29,2007,3,1,1,3.0,1.0,80650,M,4992926.0,239791.0,80
201700019464,17,11,12,1830,3,1,1,2.0,1.0,80722,M,4996551.0,221235.0,80
201700019465,17,11,19,1130,1,1,1,1.0,1.0,80773,M,5000788.0,249391.0,80
201700019466,17,12,28,730,2,1,1,9.0,6.0,80316,M,5002220.0,223823.0,80
201700019467,17,1,4,800,2,2,1,2.0,6.0,80635,M,5005134.0,190270.0,80
201700019468,17,1,15,1800,3,1,1,2.0,6.0,80546,M,5009852.0,174354.0,80
201700019469,17,1,29,1445,1,1,1,1.0,6.0,80574,M,5004458.0,205779.0,80
201700019470,17,3,8,1315,1,1,1,2.0,6.0,80163,M,5010339.0,176195.0,80
201700019471,17,5,3,1700,1,1,1,1.0,3.0,80546,M,5009307.0,170970.0,80
201700019472,17,6,10,445,2,2,1,1.0,6.0,80444,M,5004196.0,179709.0,80
201700019473,17,6,23,1030,1,2,1,1.0,2.0,80171,M,5012725.0,188115.0,80
201700019474,17,7,22,1945,1,2,1,1.0,1.0,80488,M,5001313.0,198922.0,80
201700019475,17,9,3,1315,1,1,2,1.0,6.0,80078,M,5008600.0,191203.0,80
201700019476,17,10,19,1945,3,1,2,1.0,3.0,80078,M,5008600.0,191203.0,80
201700019477,17,10,29,1130,1,1,2,1.0,3.0,80282,M,5004386.0,185816.0,80
201700019478,17,11,4,1945,5,2,1,2.0,7.0,80512,M,5008200.0,181632.0,80
201700019479,17,11,18,1830,3,1,2,3.0,6.0,80147,M,5008458.0,192882.0,80
201700019480,17,12,18,1445,1,2,1,1.0,6.0,80251,M,5000041.0,176836.0,80
201700019481,17,12,28,1730,3,1,3,1.0,3.0,80019,M,4996058.0,191124.0,80
201700019482,17,1,29,1200,1,1,1,1.0,7.0,80760,M,4998238.0,160297.0,80
201700019483,17,2,11,1130,1,1,1,8.0,2.0,80235,M,5004617.0,152774.0,80
201700019484,17,3,24,2105,5,2,1,1.0,3.0,80127,M,5002935.0,149126.0,80
201700019485,17,3,26,1540,1,1,3,1.0,3.0,80518,M,5001425.0,171287.0,80
201700019486,17,4,30,1655,1,1,1,1.0,3.0,80500,M,5002009.0,162402.0,80
201700019487,17,5,6,645,1,2,1,1.0,3.0,80827,M,5005863.0,153559.0,80
201700019488,17,5,15,1113,1,1,1,1.0,7.0,80360,M,5007381.0,156653.0,80
201700019489,17,5,25,935,1,1,1,1.0,3.0,80343,M,4994793.0,168392.0,80
201700019490,17,6,16,1700,1,1,1,1.0,1.0,80368,M,5007203.0,152413.0,80
201700019491,17,7,29,1045,1,1,1,1.0,2.0,80039,M,5009001.0,145545.0,80
201700019492,17,8,6,1745,1,1,1,1.0,3.0,80714,M,5006337.0,146965.0,80
201700019493,17,8,11,1930,1,2,1,1.0,6.0,80834,M,5005831.0,149732.0,80
201700019494,17,9,10,1100,1,2,1,1.0,1.0,80096,M,5007887.0,149826.0,80
201700019495,17,9,24,1950,2,1,1,1.0,1.0,80126,M,4994088.0,162866.0,80
201700019496,17,10,15,1415,1,2,2,1.0,3.0,80710,M,5000528.0,172513.0,80
201700019497,17,11,30,1425,1,1,2,2.0,5.0,80308,M,5006814.0,161088.0,80
201700019498,17,12,6,753,3,1,1,1.0,3.0,80360,M,5007329.0,155251.0,80
201700019499,17,12,15,1800,3,1,1,2.0,1.0,80126,M,4995014.0,160795.0,80
201700019500,17,4,10,1940,1,1,1,1.0,7.0,80374,M,5016141.0,194317.0,80
201700019501,17,5,9,910,1,1,1,7.0,2.0,80688,M,5026348.0,168626.0,80
201700019502,17,5,26,1515,1,1,2,1.0,3.0,80832,M,5016710.0,201195.0,80
201700019503,17,7,12,1320,1,1,1,1.0,1.0,80637,M,5013661.0,176679.0,80
201700019504,17,7,28,145,3,2,1,1.0,6.0,80649,M,5031652.0,164721.0,80
201700019505,17,9,19,920,1,1,3,1.0,6.0,80600,M,5017659.0,171469.0,80
201700019506,17,9,21,1845,1,2,4,1.0,1.0,80713,M,5027206.0,161593.0,80
201700019507,17,9,25,1715,1,1,1,1.0,7.0,80633,M,5022471.0,171611.0,80
201700019508,17,10,16,1445,1,2,9,1.0,6.0,80222,M,5025180.0,188516.0,80
201700019509,17,11,4,1826,3,2,1,2.0,7.0,80688,M,5025233.0,167149.0,80
201700019510,17,12,22,1700,3,1,1,1.0,5.0,80250,M,5021532.0,191406.0,80
201700019511,17,1,6,1515,1,2,1,1.0,3.0,80253,M,5015380.0,234353.0,80
201700019512,17,6,13,1005,1,1,1,1.0,1.0,80071,M,5008901.0,232669.0,80
201700019513,17,7,16,1900,1,1,4,1.0,3.0,80253,M,5016755.0,230864.0,80
201700019514,17,9,19,710,2,1,1,1.0,1.0,80071,M,5009758.0,233034.0,80
201700019515,17,9,24,845,1,2,1,1.0,2.0,80253,M,5014940.0,234584.0,80
201700019516,17,9,30,1800,1,1,2,1.0,3.0,80425,M,5004262.0,257048.0,80
201700019517,17,12,9,2230,5,2,1,2.0,6.0,80495,M,5019378.0,240236.0,80
201700019518,17,12,10,735,3,1,1,4.0,6.0,80043,M,5011900.0,248934.0,80
201700019519,17,12,20,958,1,2,9,1.0,6.0,80253,M,5016017.0,234156.0,80