Num_Acc,an,mois,jour,hrmn,lum,agg,int,atm,col,com,gps,lat,long,dep
201700019520,17,2,3,1220,1,1,1,1.0,6.0,80795,M,5002844.0,209828.0,80
201700019521,17,2,8,945,1,2,1,1.0,3.0,80318,M,5001663.0,207953.0,80
201700019522,17,2,12,1930,3,1,3,9.0,6.0,80100,M,5001344.0,213219.0,80
201700019523,17,2,12,2035,5,2,2,8.0,3.0,80711,M,5003446.0,212354.0,80
201700019524,17,6,9,1745,1,1,1,1.0,6.0,80416,M,4999361.0,204416.0,80
201700019525,17,6,22,1610,1,1,1,1.0,1.0,80168,M,5009959.0,228082.0,80
201700019526,17,7,31,2230,3,1,1,1.0,1.0,80793,M,5000144.0,219650.0,80
201700019527,17,10,2,445,5,2,1,1.0,2.0,80310,M,5012060.0,222751.0,80
201700019528,17,11,3,1518,1,1,1,1.0,7.0,80241,M,5007403.0,212077.0,80
201700019529,17,11,7,530,3,1,1,1.0,6.0,80241,M,5008470.0,208074.0,80
201700019530,17,12,23,1630,1,2,3,2.0,6.0,80711,M,5004305.0,212141.0,80
201700019531,17,8,8,2030,1,2,1,1.0,7.0,80711,M,,,80
201700019532,17,1,22,1610,1,2,2,1.0,5.0,80678,M,4958787.0,266376.0,80
201700019533,17,3,6,1130,1,1,1,1.0,2.0,80803,M,4971556.0,274821.0,80
201700019534,17,5,2,1250,1,1,1,1.0,7.0,80293,M,4967078.0,260750.0,80
201700019535,17,6,1,1115,1,2,2,1.0,3.0,80561,M,4964368.0,256095.0,80
201700019536,17,6,15,635,1,1,2,1.0,3.0,80302,M,4964735.0,262742.0,80
201700019537,17,6,30,1435,1,1,2,1.0,3.0,80685,M,4968413.0,278965.0,80
201700019538,17,7,3,531,2,2,2,5.0,1.0,80383,M,4972114.0,276312.0,80
201700019539,17,7,7,200,3,2,1,8.0,7.0,80561,M,4964244.0,257744.0,80
201700019540,17,7,8,1240,1,1,2,1.0,3.0,80561,M,4964446.0,257695.0,80
201700019541,17,7,13,1855,1,2,1,1.0,7.0,80561,M,4965453.0,258683.0,80
201700019542,17,7,21,2240,5,2,1,1.0,6.0,80685,M,4971155.0,278928.0,80
201700019543,17,7,24,1700,1,1,2,2.0,3.0,80230,M,4977648.0,286298.0,80
201700019544,17,7,29,1145,1,2,1,7.0,6.0,80561,M,4965070.0,256855.0,80
201700019545,17,8,22,1200,1,2,1,1.0,6.0,80561,M,4964622.0,256772.0,80
201700019546,17,9,19,1030,1,2,1,7.0,6.0,80561,M,4964965.0,256895.0,80
201700019547,17,9,27,1600,1,1,4,1.0,3.0,80302,M,4964742.0,262749.0,80
201700019548,17,10,4,1405,1,2,1,1.0,2.0,80561,M,4964710.0,258511.0,80
201700019549,17,10,7,1500,1,2,1,1.0,7.0,80359,M,4973776.0,277767.0,80
201700019550,17,10,16,1840,5,1,4,1.0,4.0,80685,M,4970887.0,276553.0,80
201700019551,17,10,19,1530,1,1,1,1.0,7.0,80395,M,4968289.0,267812.0,80
201700019552,17,12,8,2045,5,2,1,1.0,6.0,80561,M,4964778.0,257077.0,80
201700019553,17,2,20,900,1,1,2,1.0,3.0,80094,M,4982835.0,246189.0,80
201700019554,17,4,3,745,1,1,2,5.0,3.0,80752,M,4981658.0,244452.0,80
201700019555,17,4,19,900,1,1,2,1.0,1.0,80752,M,4981778.0,243975.0,80
201700019556,17,5,28,1700,1,1,1,1.0,5.0,80595,M,4973189.0,252322.0,80
201700019557,17,6,1,1130,1,1,1,1.0,2.0,80064,M,4978692.0,257853.0,80
201700019558,17,6,6,1330,1,1,1,6.0,6.0,80349,M,4971549.0,224836.0,80
201700019559,17,6,17,1930,1,1,3,1.0,7.0,80570,M,4979640.0,246563.0,80
201700019560,17,6,22,850,1,1,1,1.0,7.0,80010,M,4975542.0,232134.0,80
201700019561,17,6,28,1800,1,2,4,1.0,6.0,80570,M,4977077.0,248534.0,80
201700019562,17,6,30,1235,1,1,1,1.0,6.0,80403,M,4978188.0,235381.0,80
201700019563,17,9,7,2230,3,1,1,1.0,2.0,80315,M,4972757.0,225482.0,80
201700019564,17,9,12,1030,1,2,4,1.0,3.0,80031,M,4973383.0,263535.0,80
201700019565,17,1,14,1830,3,1,1,1.0,1.0,80102,M,4992577.0,290017.0,80
201700019566,17,1,26,1845,3,1,1,1.0,7.0,80313,M,4992692.0,287854.0,80
201700019567,17,2,9,1835,5,2,2,1.0,3.0,80620,M,4993142.0,293565.0,80
201700019568,17,2,12,1530,1,2,1,1.0,7.0,80397,M,5005995.0,284247.0,80
201700019569,17,3,10,1030,1,2,2,1.0,3.0,80620,M,4993450.0,293210.0,80
201700019570,17,3,10,1515,1,1,1,1.0,4.0,80601,M,5001262.0,302737.0,80
201700019571,17,3,11,1840,1,1,3,1.0,2.0,80240,M,4993341.0,295063.0,80
201700019572,17,4,15,1850,1,2,1,1.0,1.0,80102,M,4991941.0,292186.0,80
201700019573,17,8,20,1530,1,2,1,7.0,6.0,80557,M,4987765.0,300508.0,80
201700019574,17,8,24,440,3,1,3,1.0,2.0,80240,M,4992903.0,295952.0,80
201700019575,17,10,27,1630,1,1,3,1.0,3.0,80115,M,4997398.0,291918.0,80
201700019576,17,11,28,1800,5,2,1,2.0,3.0,80240,M,4993087.0,295654.0,80
201700019577,17,12,6,1200,1,2,2,1.0,6.0,80620,M,4993463.0,293201.0,80
201700019578,17,12,23,1705,3,1,1,1.0,2.0,80601,M,5000076.0,301346.0,80
201700019579,17,12,31,600,3,1,2,1.0,6.0,80313,M,4992156.0,285975.0,80
201700019580,17,2,12,330,3,1,1,5.0,6.0,80002,M,4984680.0,281537.0,80
201700019581,17,2,12,940,1,1,1,8.0,7.0,80617,M,4973564.0,269936.0,80
201700019582,17,2,17,1600,1,1,3,1.0,3.0,80807,M,4996170.0,262250.0,80
201700019583,17,3,30,1900,1,2,1,1.0,6.0,80172,M,4992966.0,274866.0,80
201700019584,17,4,8,1500,1,2,1,1.0,6.0,80162,M,4981580.0,265041.0,80
201700019585,17,4,17,445,3,1,1,1.0,7.0,80680,M,4981092.0,271793.0,80
201700019586,17,4,30,1545,1,1,1,1.0,3.0,80647,M,4979389.0,282434.0,80
201700019587,17,5,4,905,1,1,1,1.0,1.0,80814,M,4978850.0,268939.0,80
201700019588,17,5,5,2210,5,2,1,1.0,6.0,80136,M,4993833.0,271806.0,80
201700019589,17,5,15,755,1,2,9,1.0,2.0,80342,M,4986575.0,272398.0,80
201700019590,17,5,28,300,3,1,3,1.0,6.0,80807,M,4995723.0,260471.0,80
201700019591,17,6,12,1715,1,2,1,1.0,3.0,80680,M,4981169.0,269711.0,80
201700019592,17,6,21,655,1,1,3,1.0,1.0,80647,M,4979534.0,282250.0,80
201700019593,17,6,22,2015,1,1,2,1.0,1.0,80288,M,4986923.0,281689.0,80
201700019594,17,6,29,1140,1,1,3,1.0,3.0,80058,M,4987205.0,261925.0,80
201700019595,17,7,11,130,3,1,1,1.0,7.0,80417,M,4987243.0,266368.0,80
201700019596,17,7,27,1735,1,1,9,1.0,3.0,80417,M,4985003.0,267060.0,80
201700019597,17,8,7,1930,1,1,3,1.0,6.0,80617,M,4974690.0,274646.0,80
201700019598,17,8,23,1800,1,1,2,7.0,7.0,80694,M,4993661.0,259405.0,80
201700019599,17,8,24,2050,2,1,1,1.0,7.0,80823,M,4977437.0,268404.0,80
201700019600,17,8,21,1635,1,1,1,2.0,7.0,80693,M,4988772.0,259912.0,80
201700019601,17,9,9,335,5,2,1,2.0,6.0,80769,M,4995789.0,259245.0,80
201700019602,17,9,18,115,4,2,1,1.0,6.0,80162,M,4981428.0,264623.0,80
201700019603,17,9,15,1345,1,1,1,2.0,3.0,80172,M,4991886.0,277026.0,80
201700019604,17,10,10,745,1,1,2,1.0,1.0,80288,M,4986919.0,281684.0,80
201700019605,17,11,14,1730,2,1,2,1.0,3.0,80647,M,4978822.0,283152.0,80
201700019606,17,11,24,1430,1,2,3,1.0,6.0,80680,M,4981304.0,270187.0,80
201700019607,17,12,7,2345,4,2,1,2.0,6.0,80417,M,4984817.0,267096.0,80
201700019608,17,12,8,1620,1,1,2,1.0,3.0,80694,M,4993607.0,258943.0,80
201700019609,17,12,11,840,1,2,1,2.0,6.0,80247,M,4990431.0,279086.0,80
201700019610,17,12,25,1730,3,1,1,1.0,6.0,80680,M,4981329.0,271980.0,80
201700019611,17,1,7,1135,1,1,1,2.0,7.0,80585,M,4974794.0,288920.0,80
201700019612,17,2,14,1700,1,1,1,1.0,7.0,80474,M,4981167.0,289818.0,80
201700019613,17,2,18,850,1,2,1,5.0,7.0,80144,M,4971546.0,309362.0,80
201700019614,17,3,4,1015,1,1,2,3.0,3.0,80684,M,4975417.0,295042.0,80
201700019615,17,3,10,2100,3,1,1,1.0,7.0,80034,M,4984747.0,298926.0,80
201700019616,17,3,25,1805,1,1,1,1.0,7.0,80465,M,4973884.0,293563.0,80
201700019617,17,4,4,1630,1,2,3,1.0,3.0,80410,M,4974188.0,307850.0,80
201700019618,17,4,7,1900,1,2,6,1.0,7.0,80585,M,4976961.0,291533.0,80
201700019619,17,5,5,1550,1,2,1,1.0,6.0,80579,M,4972428.0,306667.0,80
201700019620,17,6,1,1647,1,2,1,7.0,7.0,80034,M,4985180.0,298550.0,80
201700019621,17,6,3,115,3,2,1,1.0,6.0,80447,M,4982263.0,283109.0,80
201700019622,17,6,23,1800,1,1,1,1.0,7.0,80585,M,4976378.0,292439.0,80
201700019623,17,7,12,2230,3,2,2,1.0,6.0,80284,M,4971468.0,300847.0,80
201700019624,17,7,21,805,1,2,2,1.0,3.0,80750,M,4986252.0,306731.0,80
201700019625,17,8,11,1745,1,1,1,1.0,7.0,80568,M,4980429.0,290902.0,80
201700019626,17,10,13,1741,1,2,1,1.0,6.0,80410,M,4974997.0,307704.0,80
201700019627,17,10,20,1805,2,2,1,1.0,1.0,80585,M,4976054.0,290732.0,80
201700019628,17,12,6,1400,1,2,1,1.0,1.0,80519,M,4980474.0,300673.0,80
201700019629,17,4,27,1830,1,2,4,1.0,7.0,60013,M,4932104.0,249747.0,60
201700019630,17,6,1,815,1,1,1,1.0,3.0,60539,M,4929782.0,251927.0,60
201700019631,17,8,31,1815,1,2,2,1.0,3.0,60509,M,4930523.0,260027.0,60
201700019632,17,9,22,43,3,2,1,1.0,6.0,60562,M,4935595.0,254084.0,60
201700019633,17,1,2,1045,1,1,1,5.0,6.0,19066,M,,,19
201700019634,17,6,28,1930,1,1,1,3.0,6.0,19030,M,4516073.0,133471.0,19
201700019635,17,9,16,1510,1,1,1,3.0,6.0,24044,M,4515494.0,89847.0,24
201700019636,17,1,10,830,1,2,1,2.0,3.0,20305,M,4271985.0,945458.0,202
201700019637,17,1,29,1230,1,2,1,1.0,7.0,20309,M,4273811.0,946114.0,202
201700019638,17,1,29,1550,1,2,1,1.0,7.0,20233,M,4290620.0,935094.0,202
201700019639,17,2,17,1500,1,1,1,1.0,7.0,20152,M,4289992.0,939615.0,202
201700019640,17,2,25,240,5,2,1,8.0,6.0,20043,M,4277677.0,946687.0,202
201700019641,17,3,16,800,1,2,1,1.0,4.0,20305,M,4272865.0,945920.0,202
201700019642,17,4,5,1210,1,1,1,1.0,2.0,20305,M,4272997.0,945941.0,202
201700019643,17,4,16,1600,1,1,1,1.0,7.0,20281,M,4281349.0,946575.0,202
201700019644,17,4,27,2000,5,2,1,2.0,2.0,20305,M,4273935.0,946084.0,202
201700019645,17,4,29,1630,1,1,1,1.0,7.0,20233,M,4290513.0,935373.0,202
201700019646,17,4,30,1005,1,1,1,1.0,3.0,20046,M,4287865.0,947695.0,202
201700019647,17,6,11,530,2,1,1,1.0,7.0,20152,M,4289694.0,947214.0,202
201700019648,17,6,15,1700,1,1,3,1.0,3.0,20327,M,4294366.0,943647.0,202
201700019649,17,7,13,1500,1,1,1,1.0,7.0,20030,M,4286784.0,934904.0,202
201700019650,17,7,31,230,3,1,1,1.0,1.0,20043,M,4275574.0,946702.0,202
201700019651,17,8,3,1420,1,1,1,1.0,1.0,20046,M,4286991.0,947793.0,202
201700019652,17,8,8,400,3,1,1,1.0,6.0,20281,M,4281519.0,948868.0,202
201700019653,17,8,21,1910,1,2,1,1.0,3.0,20305,M,4273799.0,946120.0,202
201700019654,17,8,30,2353,5,2,1,1.0,7.0,20305,M,4273597.0,946199.0,202
201700019655,17,9,2,325,5,2,2,1.0,6.0,20261,M,4295879.0,945175.0,202
201700019656,17,10,13,230,3,1,1,1.0,6.0,20281,M,4281479.0,945744.0,202
201700019657,17,12,3,955,1,2,1,1.0,3.0,20043,M,4275574.0,946702.0,202
201700019658,17,1,13,1450,1,2,1,1.0,7.0,20207,M,4244808.0,950693.0,202
201700019659,17,1,16,1135,1,1,1,2.0,5.0,20319,M,4242181.0,952513.0,202
201700019660,17,1,24,1130,1,2,1,1.0,2.0,20242,M,4241207.0,953039.0,202
201700019661,17,2,2,1900,3,1,1,1.0,2.0,20346,M,4250760.0,947358.0,202
201700019662,17,2,4,15,3,1,1,1.0,7.0,20343,M,4248213.0,944900.0,202
201700019663,17,2,8,840,1,2,1,1.0,2.0,20207,M,4244406.0,951097.0,202
201700019664,17,2,19,1225,1,2,1,1.0,3.0,20207,M,4244430.0,950804.0,202
201700019665,17,3,1,1905,3,1,1,1.0,6.0,20166,M,4248738.0,941171.0,202
201700019666,17,3,7,1745,2,1,1,1.0,6.0,20343,M,4251395.0,951563.0,202
201700019667,17,4,1,1730,1,1,1,1.0,4.0,20207,M,4244094.0,950912.0,202
201700019668,17,4,5,1130,1,2,1,1.0,6.0,20207,M,4244799.0,950643.0,202
201700019669,17,4,7,1615,1,1,1,1.0,2.0,20319,M,4242040.0,952868.0,202
201700019670,17,4,13,1820,2,1,1,1.0,2.0,20346,M,4250207.0,946619.0,202
201700019671,17,4,30,1200,1,1,9,1.0,7.0,20346,M,4249799.0,946850.0,202
201700019672,17,6,12,500,2,1,6,1.0,6.0,20242,M,4239732.0,953094.0,202
201700019673,17,7,5,1100,1,1,1,7.0,6.0,20343,M,4248910.0,946285.0,202
201700019674,17,7,6,1945,1,2,6,1.0,3.0,20346,M,4250139.0,946562.0,202
201700019675,17,7,24,1500,1,1,1,1.0,2.0,20242,M,4240162.0,953099.0,202
201700019676,17,7,29,935,1,1,1,1.0,1.0,20246,M,4243248.0,936287.0,202
201700019677,17,8,6,1915,1,1,1,1.0,7.0,20206,M,4247690.0,937185.0,202
201700019678,17,8,13,305,3,1,1,1.0,6.0,20286,M,4248321.0,948762.0,202
201700019679,17,8,12,400,3,1,1,1.0,7.0,20246,M,4243373.0,937687.0,202
201700019680,17,8,18,1830,1,1,1,1.0,7.0,20318,M,4243450.0,947707.0,202
201700019681,17,8,24,1130,1,1,4,7.0,5.0,20207,M,4246402.0,949597.0,202
201700019682,17,8,30,140,5,1,1,1.0,6.0,20346,M,4250905.0,945836.0,202
201700019683,17,9,9,515,3,1,6,1.0,2.0,20346,M,4250844.0,947159.0,202
201700019684,17,9,14,950,1,1,1,1.0,6.0,20291,M,4237196.0,937319.0,202
201700019685,17,9,18,1440,1,1,1,2.0,6.0,20291,M,4238910.0,938200.0,202
201700019686,17,9,19,1630,1,1,1,1.0,3.0,20207,M,4245932.0,949977.0,202
201700019687,17,9,29,700,1,2,1,1.0,4.0,20207,M,4244999.0,950650.0,202
201700019688,17,10,3,1655,1,1,1,1.0,5.0,20207,M,4245271.0,950504.0,202
201700019689,17,10,14,1223,1,1,2,1.0,3.0,20077,M,4247052.0,948720.0,202
201700019690,17,10,18,1040,1,1,1,1.0,6.0,20072,M,4244694.0,940861.0,202
201700019691,17,10,14,1445,1,1,1,1.0,7.0,20318,M,4243619.0,951905.0,202
201700019692,17,10,21,1228,1,1,1,7.0,5.0,20286,M,4247643.0,948211.0,202
201700019693,17,10,26,1030,1,2,1,1.0,6.0,20318,M,4243573.0,946997.0,202
201700019694,17,11,4,1140,1,1,1,1.0,4.0,20077,M,4246192.0,949766.0,202
201700019695,17,11,6,800,1,1,9,1.0,4.0,20319,M,4241514.0,952968.0,202
201700019696,17,11,6,840,1,1,3,1.0,2.0,20077,M,4247051.0,948715.0,202
201700019697,17,11,7,1730,5,2,3,1.0,3.0,20343,M,4249827.0,946794.0,202
201700019698,17,11,12,1200,1,1,1,1.0,4.0,20318,M,4243769.0,951755.0,202
201700019699,17,12,14,1730,3,1,1,1.0,6.0,20077,M,4247098.0,948675.0,202
201700019700,17,12,15,1100,1,2,1,1.0,1.0,20286,M,4248260.0,948820.0,202
201700019701,17,2,2,1545,1,1,1,1.0,3.0,20205,M,4269520.0,933374.0,202
201700019702,17,2,4,1610,1,1,1,6.0,7.0,20314,M,4266274.0,920836.0,202
201700019703,17,3,20,1600,1,2,4,1.0,1.0,20185,M,4262887.0,935478.0,202
201700019704,17,4,17,1435,1,1,1,1.0,7.0,20205,M,4269475.0,934391.0,202
201700019705,17,5,5,1105,1,2,3,1.0,7.0,20185,M,4263063.0,935325.0,202
201700019706,17,5,21,120,5,2,1,1.0,6.0,20298,M,4268149.0,929896.0,202
201700019707,17,5,24,2100,3,2,1,1.0,7.0,20188,M,4261227.0,936390.0,202
201700019708,17,5,26,1515,1,1,1,1.0,7.0,20314,M,4272022.0,920254.0,202
201700019709,17,6,4,420,3,2,1,1.0,7.0,20185,M,4263776.0,935758.0,202
201700019710,17,6,21,1730,1,1,1,1.0,6.0,20029,M,4268064.0,938085.0,202
201700019711,17,6,26,1120,1,1,4,1.0,1.0,20188,M,4262012.0,935370.0,202
201700019712,17,1,27,1120,1,1,6,1.0,3.0,20049,M,4252392.0,884470.0,202
201700019713,17,5,24,1515,1,1,1,1.0,2.0,20150,M,4256617.0,882056.0,202
201700019714,17,6,6,1105,1,1,1,1.0,7.0,20121,M,4237794.0,867844.0,202
201700019715,17,6,28,1445,1,1,1,1.0,6.0,20049,M,4251997.0,872067.0,202
201700019716,17,7,26,1900,1,1,1,1.0,1.0,20050,M,4254925.0,878348.0,202
201700019717,17,8,3,2240,3,1,1,1.0,7.0,20167,M,4254480.0,881753.0,202
201700019718,17,9,25,1700,1,2,1,1.0,2.0,20050,M,4256120.0,875566.0,202
201700019719,17,10,6,1425,1,2,1,1.0,7.0,20050,M,4255665.0,874597.0,202
201700019720,17,10,17,1205,1,1,3,1.0,2.0,20049,M,4253280.0,882268.0,202
201700019721,17,11,4,1935,3,1,1,1.0,1.0,20050,M,4255435.0,879354.0,202
201700019722,17,11,10,2220,3,2,4,1.0,7.0,20150,M,4256988.0,883334.0,202
201700019723,17,12,1,1315,1,1,1,1.0,6.0,20049,M,4252795.0,882164.0,202
201700019724,17,2,23,1210,1,1,1,1.0,1.0,20096,M,4227921.0,916653.0,202
201700019725,17,3,24,135,3,1,1,1.0,6.0,20096,M,4227017.0,908304.0,202
201700019726,17,3,30,1500,1,2,1,1.0,3.0,20096,M,4231324.0,915149.0,202
201700019727,17,4,14,1500,1,1,1,1.0,6.0,20354,M,4217769.0,916667.0,202
201700019728,17,5,31,1040,1,2,9,7.0,6.0,20096,M,4230189.0,916350.0,202
201700019729,17,8,2,910,1,1,1,9.0,7.0,20126,M,4219226.0,936304.0,202
201700019730,17,8,10,1450,1,1,1,1.0,3.0,20126,M,4217900.0,938687.0,202
201700019731,17,9,7,1540,1,2,1,1.0,7.0,20096,M,4230315.0,915954.0,202
201700019732,17,9,22,1521,1,2,1,1.0,6.0,20096,M,4231061.0,914965.0,202
201700019733,17,10,28,1740,2,1,1,1.0,3.0,20238,M,4228623.0,920858.0,202
201700019734,17,2,17,1930,5,2,1,1.0,7.0,20251,M,4199782.0,938640.0,202
201700019735,17,2,18,1515,1,1,1,7.0,1.0,20277,M,4197887.0,929594.0,202
201700019736,17,3,4,920,1,1,1,8.0,7.0,20123,M,4203589.0,942073.0,202
201700019737,17,3,12,1100,1,1,1,1.0,1.0,20251,M,4203245.0,936484.0,202
201700019738,17,4,9,1030,1,1,1,1.0,3.0,20283,M,4189523.0,939098.0,202
201700019739,17,6,3,1415,1,2,3,1.0,3.0,20251,M,4199527.0,940268.0,202
201700019740,17,6,12,1450,1,1,1,1.0,7.0,20123,M,4209266.0,934774.0,202
201700019741,17,6,21,10,3,1,1,1.0,7.0,20123,M,4200452.0,942939.0,202
201700019742,17,7,20,1945,1,1,1,1.0,6.0,20365,M,4196179.0,925820.0,202
201700019743,17,7,26,645,2,1,1,1.0,6.0,20283,M,4189283.0,939240.0,202
201700019744,17,7,30,2000,1,1,1,1.0,1.0,20123,M,4200623.0,942449.0,202
201700019745,17,8,13,305,3,1,1,1.0,7.0,20135,M,4199146.0,929591.0,202
201700019746,17,8,16,100,3,1,1,1.0,6.0,20251,M,4201896.0,934896.0,202
201700019747,17,8,29,2230,5,2,6,1.0,7.0,20342,M,4191874.0,938939.0,202
201700019748,17,11,16,1945,3,1,1,1.0,6.0,20283,M,4190216.0,939008.0,202
201700019749,17,2,6,1140,1,2,1,1.0,3.0,31150,M,4365526.0,132397.0,31
201700019750,17,2,22,1658,1,1,1,1.0,3.0,31150,M,4366088.0,135026.0,31
201700019751,17,3,2,1045,1,2,1,1.0,6.0,31351,M,4367168.0,128625.0,31
201700019752,17,3,13,750,1,2,1,1.0,3.0,31032,M,4368429.0,133439.0,31
201700019753,17,4,2,645,5,2,1,2.0,6.0,31032,M,4368389.0,132307.0,31
201700019754,17,3,30,1300,1,2,2,1.0,3.0,31150,M,4364618.0,131688.0,31
201700019755,17,4,18,1710,1,2,1,1.0,3.0,31541,M,4367924.0,136698.0,31
201700019756,17,6,1,1110,1,2,1,1.0,2.0,31032,M,4368689.0,133505.0,31
201700019757,17,6,7,1200,1,2,1,1.0,3.0,31032,M,4368491.0,133208.0,31
201700019758,17,8,22,845,1,2,6,1.0,3.0,31150,M,4364688.0,133592.0,31
201700019759,17,9,13,740,2,2,2,1.0,3.0,31150,M,4364510.0,133475.0,31
201700019760,17,9,28,740,1,1,1,1.0,3.0,31150,M,4365783.0,134009.0,31
201700019761,17,9,30,305,5,1,1,2.0,6.0,31056,M,4366656.0,135932.0,31
201700019762,17,10,5,715,2,1,1,5.0,3.0,31351,M,4367527.0,127901.0,31
201700019763,17,12,2,1440,1,2,1,1.0,1.0,31150,M,4363971.0,133299.0,31
201700019764,17,1,19,2345,3,1,1,1.0,1.0,20323,M,4202684.0,890652.0,201
201700019765,17,4,24,1925,1,1,3,1.0,3.0,20330,M,4204712.0,898250.0,201
201700019766,17,5,26,1245,1,1,2,1.0,3.0,20017,M,4200116.0,875654.0,201
201700019767,17,5,31,1730,1,1,3,1.0,1.0,20345,M,4204574.0,892481.0,201
201700019768,17,6,14,2005,1,2,3,1.0,3.0,20271,M,4195648.0,879884.0,201
201700019769,17,6,21,810,1,1,1,1.0,4.0,20271,M,4197757.0,882983.0,201
201700019770,17,7,2,900,1,1,3,1.0,1.0,20336,M,4201547.0,882678.0,201
201700019771,17,7,12,2230,3,1,3,1.0,1.0,20271,M,4195253.0,878476.0,201
201700019772,17,7,18,1745,1,1,1,1.0,1.0,20040,M,4209098.0,907496.0,201
201700019773,17,7,21,1430,1,1,1,1.0,1.0,20103,M,4197683.0,884463.0,201
201700019774,17,8,2,2230,3,1,1,1.0,6.0,20006,M,4197626.0,878033.0,201
201700019775,17,8,7,1400,1,2,1,1.0,3.0,20271,M,4196990.0,881812.0,201
201700019776,17,9,8,1415,1,1,3,1.0,1.0,20345,M,4204636.0,892578.0,201
201700019777,17,10,17,800,1,1,2,1.0,6.0,20271,M,4199141.0,883505.0,201
201700019778,17,10,14,545,3,1,1,1.0,6.0,20001,M,4198095.0,877945.0,201
201700019779,17,10,15,845,1,1,1,1.0,3.0,20271,M,4202143.0,885045.0,201
201700019780,17,12,7,1045,1,1,1,2.0,5.0,20345,M,4206098.0,892212.0,201
201700019781,17,4,27,1755,1,1,1,3.0,1.0,20085,M,4190351.0,888550.0,201
201700019782,17,4,27,2315,5,2,1,1.0,2.0,20130,M,4188523.0,892815.0,201
201700019783,17,4,29,1730,1,1,3,1.0,3.0,20085,M,4191861.0,888855.0,201
201700019784,17,5,10,1035,1,2,1,1.0,3.0,20085,M,4190667.0,882274.0,201
201700019785,17,6,14,1100,1,1,1,1.0,6.0,20008,M,4184216.0,887622.0,201
201700019786,17,8,10,1515,1,2,1,1.0,6.0,20130,M,4186983.0,893012.0,201
201700019787,17,9,7,1045,1,1,1,1.0,7.0,20008,M,4185203.0,885861.0,201
201700019788,17,9,26,825,1,2,1,2.0,2.0,20130,M,4189780.0,880935.0,201
201700019789,17,10,3,1655,1,1,1,1.0,1.0,20085,M,4190443.0,893419.0,201
201700019790,17,10,7,1750,1,1,9,1.0,6.0,20085,M,4190351.0,888550.0,201
201700019791,17,10,24,1200,1,1,1,1.0,3.0,20130,M,4188523.0,892815.0,201
201700019792,17,11,27,1802,3,1,1,1.0,5.0,20085,M,4189881.0,892805.0,201
201700019793,17,12,7,1720,5,2,6,2.0,2.0,20008,M,4185565.0,887380.0,201
201700019794,17,12,24,1825,5,2,1,1.0,3.0,20130,M,4189758.0,880922.0,201
201700019795,17,1,12,1750,3,1,9,1.0,3.0,20092,M,4172713.0,940257.0,201
201700019796,17,3,4,1430,1,1,1,6.0,6.0,20092,M,4172210.0,940466.0,201
201700019797,17,7,9,1,5,1,1,1.0,1.0,20269,M,4181353.0,935230.0,201
201700019798,17,9,14,930,1,1,1,1.0,7.0,20092,M,4173551.0,936242.0,201
201700019799,17,9,22,1545,1,1,1,1.0,2.0,20269,M,4181364.0,940179.0,201
201700019800,17,10,13,1640,1,1,1,1.0,6.0,20139,M,4168262.0,931943.0,201
201700019801,17,12,2,1345,1,1,1,1.0,2.0,20092,M,4170565.0,937186.0,201
201700019802,17,1,5,1450,1,2,1,1.0,7.0,79101,M,4648865.0,-59935.0,79
201700019803,17,2,5,600,3,1,1,3.0,1.0,79066,M,4647769.0,-36091.0,79
201700019804,17,2,8,445,3,1,1,2.0,6.0,79309,M,4659762.0,-56485.0,79
201700019805,17,6,18,100,3,1,1,1.0,6.0,79109,M,4635781.0,-43566.0,79
201700019806,17,6,20,2110,1,2,1,1.0,6.0,79117,M,4644955.0,-52911.0,79
201700019807,17,6,30,2030,1,2,1,2.0,6.0,79101,M,4648120.0,-60181.0,79
201700019808,17,6,13,1815,1,1,3,1.0,2.0,79066,M,4647371.0,-37483.0,79
201700019809,17,7,31,1730,1,1,5,1.0,3.0,79263,M,4652556.0,-58295.0,79
201700019810,17,8,21,1330,1,1,1,1.0,6.0,79012,M,4646397.0,-57720.0,79
201700019811,17,9,12,1150,1,1,2,1.0,3.0,79059,M,4654800.0,-60174.0,79
201700019812,17,9,18,1355,1,1,1,1.0,6.0,79012,M,4646425.0,-54969.0,79
201700019813,17,10,10,1445,1,1,1,1.0,1.0,79066,M,4647486.0,-37610.0,79
201700019814,17,10,18,2340,3,1,1,1.0,7.0,79281,M,4638374.0,-48710.0,79
201700019815,17,10,23,1700,1,1,1,2.0,6.0,79200,M,4651565.0,-42230.0,79
201700019816,17,10,26,100,3,2,1,1.0,6.0,79086,M,4643173.0,-37864.0,79
201700019817,17,11,10,900,1,1,1,2.0,6.0,79117,M,4645108.0,-50571.0,79
201700019818,17,12,14,1230,1,1,1,3.0,7.0,79309,M,4661060.0,-56596.0,79
201700019819,17,1,16,2100,3,1,1,1.0,6.0,79170,M,4618532.0,-64477.0,79
201700019820,17,2,11,2100,3,1,1,1.0,6.0,79355,M,4630109.0,-34890.0,79