Num_Acc,an,mois,jour,hrmn,lum,agg,int,atm,col,com,gps,lat,long,dep
201700019821,17,2,8,1836,3,1,1,1.0,3.0,79298,M,4628791.0,-46598.0,79
201700019822,17,3,9,1300,1,1,1,1.0,2.0,79220,M,4621865.0,-63889.0,79
201700019823,17,3,16,2015,3,1,1,1.0,1.0,79170,M,4618821.0,-67217.0,79
201700019824,17,4,5,1900,1,1,1,1.0,1.0,79304,M,4629550.0,-58641.0,79
201700019825,17,6,2,1500,1,1,1,1.0,1.0,79125,M,4623806.0,-42004.0,79
201700019826,17,7,16,1120,1,1,2,7.0,1.0,79334,M,4617835.0,-60591.0,79
201700019827,17,7,20,1515,1,1,2,1.0,7.0,79273,M,4623025.0,-33307.0,79
201700019828,17,7,21,755,1,1,1,1.0,3.0,79137,M,4622010.0,-46697.0,79
201700019829,17,9,19,1315,1,1,1,1.0,1.0,79355,M,4630032.0,-34438.0,79
201700019830,17,10,3,2015,2,1,1,1.0,6.0,79337,M,4631611.0,-67236.0,79
201700019831,17,10,16,2330,3,1,1,1.0,7.0,79355,M,4630050.0,-34570.0,79
201700019832,17,12,1,1835,3,1,2,1.0,3.0,79130,M,4624284.0,-54221.0,79
201700019833,17,12,14,905,3,1,1,2.0,3.0,79034,M,4628703.0,-54209.0,79
201700019834,17,2,12,1205,1,1,2,1.0,3.0,79301,M,4622617.0,-5175.0,79
201700019835,17,2,11,1600,1,2,1,1.0,6.0,79174,M,4623176.0,-14014.0,79
201700019836,17,4,10,1605,1,1,1,1.0,7.0,79030,M,4629502.0,-14987.0,79
201700019837,17,4,28,1720,1,2,2,1.0,1.0,79174,M,4622433.0,-15389.0,79
201700019838,17,5,11,750,1,2,1,3.0,6.0,79030,M,4628414.0,-19968.0,79
201700019839,17,5,28,445,3,1,2,1.0,6.0,79015,M,4607815.0,-21616.0,79
201700019840,17,7,24,1320,1,1,1,1.0,1.0,79279,M,4621619.0,-15739.0,79
201700019841,17,9,12,2100,3,1,1,1.0,6.0,79160,M,4613845.0,-17604.0,79
201700019842,17,10,14,1840,2,1,2,1.0,1.0,79174,M,4621631.0,-15740.0,79
201700019843,17,11,21,1145,1,1,2,1.0,3.0,79314,M,4617631.0,-11341.0,79
201700019844,17,11,25,900,1,1,2,1.0,3.0,79057,M,4615263.0,-21097.0,79
201700019845,17,12,2,450,3,1,1,1.0,6.0,79217,M,4630829.0,-19531.0,79
201700019846,17,1,19,930,1,2,2,1.0,3.0,79195,M,4695069.0,-59041.0,79
201700019847,17,2,25,1420,1,2,1,1.0,6.0,79079,M,4697776.0,-83770.0,79
201700019848,17,3,15,930,1,1,1,1.0,6.0,79103,M,4676687.0,-56816.0,79
201700019849,17,3,15,2005,3,1,1,1.0,1.0,79207,M,4687786.0,-73794.0,79
201700019850,17,4,16,2200,3,1,1,1.0,6.0,79183,M,4683740.0,-75086.0,79
201700019851,17,4,18,1610,1,2,1,1.0,6.0,79062,M,4682010.0,-67196.0,79
201700019852,17,5,5,2250,3,1,1,2.0,6.0,79123,M,4674153.0,-67975.0,79
201700019853,17,5,17,1100,1,1,1,1.0,7.0,79079,M,4691458.0,-74347.0,79
201700019854,17,6,12,1910,1,2,3,7.0,1.0,79235,M,4687381.0,-79861.0,79
201700019855,17,8,4,1525,1,2,1,2.0,7.0,79195,M,4694371.0,-59240.0,79
201700019856,17,8,26,200,3,1,1,1.0,6.0,79235,M,4688471.0,-79427.0,79
201700019857,17,10,25,1545,1,1,1,7.0,3.0,79091,M,4683139.0,-64005.0,79
201700019858,17,11,22,1000,1,1,1,7.0,4.0,79079,M,4694906.0,-87161.0,79
201700019859,17,12,1,1140,1,1,1,3.0,1.0,79091,M,4685221.0,-61074.0,79
201700019860,17,12,30,1810,5,2,3,2.0,1.0,79079,M,4692478.0,-74055.0,79
201700019861,17,1,6,900,1,1,1,5.0,6.0,79171,M,4692957.0,-25318.0,79
201700019862,17,1,23,1110,1,2,2,1.0,3.0,79265,M,4697001.0,-14314.0,79
201700019863,17,9,27,609,3,1,1,5.0,3.0,79203,M,4697367.0,-8767.0,79
201700019864,17,2,15,2130,3,1,1,1.0,7.0,79265,M,4697153.0,-12417.0,79
201700019865,17,3,27,2010,3,1,1,1.0,2.0,79178,M,4696558.0,-17473.0,79
201700019866,17,4,27,1300,1,1,1,1.0,7.0,79157,M,4700238.0,-16879.0,79
201700019867,17,5,9,1612,1,1,9,1.0,6.0,79063,M,4705068.0,-34579.0,79
201700019868,17,6,1,1000,1,2,1,1.0,6.0,79161,M,4692603.0,-19176.0,79
201700019869,17,6,14,1230,1,2,3,1.0,1.0,79250,M,4690235.0,-28518.0,79
201700019870,17,7,7,1615,1,1,1,1.0,2.0,79171,M,4693645.0,-24411.0,79
201700019871,17,8,9,2000,1,1,1,1.0,7.0,79044,M,4704007.0,-33134.0,79
201700019872,17,8,19,1224,1,1,3,1.0,2.0,79321,M,4692892.0,-10611.0,79
201700019873,17,8,28,725,1,1,2,1.0,3.0,79013,M,4701411.0,-42415.0,79
201700019874,17,10,17,910,1,2,3,1.0,6.0,79292,M,4699080.0,-23528.0,79
201700019875,17,10,31,1920,3,1,2,1.0,5.0,79178,M,4696667.0,-17720.0,79
201700019876,17,11,15,1350,1,1,1,1.0,1.0,79161,M,4694637.0,-20467.0,79
201700019877,17,12,15,1615,1,1,4,1.0,2.0,79209,M,4684701.0,-33412.0,79
201700019878,17,12,24,710,3,1,1,1.0,7.0,79157,M,4702435.0,-20264.0,79
201700019879,17,2,24,620,3,1,1,1.0,6.0,79040,M,4655271.0,-38341.0,79
201700019880,17,2,28,1520,1,1,1,2.0,7.0,79285,M,4650351.0,-33495.0,79
201700019881,17,6,4,635,1,2,1,1.0,6.0,79202,M,4665080.0,-24175.0,79
201700019882,17,6,7,1200,1,2,3,1.0,3.0,79080,M,4665490.0,-24850.0,79
201700019883,17,6,21,1650,1,1,1,1.0,5.0,79339,M,4659117.0,566.0,79
201700019884,17,8,8,739,1,1,1,1.0,5.0,79202,M,4664702.0,-21607.0,79
201700019885,17,10,12,1840,2,1,1,1.0,2.0,79347,M,4669557.0,-27632.0,79
201700019886,17,10,14,430,3,1,1,1.0,6.0,79008,M,4672232.0,-29810.0,79
201700019887,17,11,5,1015,1,1,1,1.0,6.0,79322,M,4662691.0,-28874.0,79
201700019888,17,11,21,1845,5,2,3,5.0,3.0,79176,M,4649567.0,-5892.0,79
201700019889,17,11,23,1857,3,1,1,1.0,5.0,79347,M,4668939.0,-27145.0,79
201700019890,17,6,3,930,1,1,9,1.0,3.0,79016,M,4680882.0,-532.0,79
201700019891,17,7,27,1515,1,1,1,1.0,6.0,79135,M,4669772.0,-19941.0,79
201700019892,17,8,13,2045,2,1,4,1.0,6.0,79326,M,4669551.0,-3917.0,79
201700019893,17,9,1,1745,1,1,1,1.0,6.0,79005,M,4685467.0,-16866.0,79
201700019894,17,10,6,1900,1,1,9,1.0,7.0,79135,M,4674309.0,-13810.0,79
201700019895,17,10,31,1530,1,1,3,1.0,1.0,79208,M,4665186.0,-16239.0,79
201700019896,17,10,31,1015,1,1,5,1.0,3.0,79005,M,4682423.0,-12303.0,79
201700019897,17,1,18,1230,1,1,1,9.0,1.0,79007,M,4658779.0,-36293.0,79
201700019898,17,2,1,1755,2,1,1,8.0,1.0,79147,M,4669861.0,-52379.0,79
201700019899,17,2,12,1005,1,1,1,8.0,6.0,79239,M,4664694.0,-37598.0,79
201700019900,17,3,13,945,1,1,1,8.0,1.0,79311,M,4662106.0,-46610.0,79
201700019901,17,4,9,645,2,1,1,1.0,6.0,79342,M,4664144.0,-54340.0,79
201700019902,17,4,10,610,3,1,1,1.0,6.0,79076,M,4673624.0,-46950.0,79
201700019903,17,4,29,1830,1,1,2,1.0,3.0,79311,M,4658629.0,-44220.0,79
201700019904,17,6,1,745,1,1,4,1.0,3.0,79069,M,4675599.0,-54120.0,79
201700019905,17,7,2,409,3,1,1,1.0,6.0,79179,M,4671641.0,-57245.0,79
201700019906,17,7,17,1520,1,1,1,1.0,6.0,79311,M,4659789.0,-46386.0,79
201700019907,17,10,3,1515,1,2,1,1.0,6.0,79179,M,4672544.0,-58750.0,79
201700019908,17,11,11,2100,3,1,3,1.0,6.0,79094,M,4672896.0,-39856.0,79
201700019909,17,12,23,1400,1,1,1,8.0,6.0,79286,M,4664326.0,-62446.0,79
201700019910,17,12,28,2130,3,1,1,2.0,1.0,79311,M,4661938.0,-46010.0,79
201700019911,17,1,26,1035,1,1,1,9.0,1.0,76123,M,4953138.0,113010.0,76
201700019912,17,3,28,1715,1,2,3,1.0,7.0,76452,M,4954133.0,106888.0,76
201700019913,17,6,27,715,1,1,1,1.0,3.0,76271,M,4955359.0,115267.0,76
201700019914,17,8,22,2155,3,1,1,1.0,3.0,76517,M,4953472.0,121166.0,76
201700019915,17,10,17,1530,1,2,1,1.0,6.0,76152,M,4957688.0,123362.0,76
201700019916,17,11,3,1855,3,1,2,1.0,3.0,76517,M,4952177.0,114155.0,76
201700019917,17,12,5,40,3,1,1,1.0,7.0,76367,M,4950014.0,109068.0,76
201700019918,17,7,20,930,1,1,3,2.0,1.0,76127,M,4958833.0,138906.0,76
201700019919,17,9,21,853,1,1,1,1.0,7.0,76230,M,4948240.0,138291.0,76
201700019920,17,9,30,2010,3,1,1,1.0,6.0,76591,M,4944189.0,118753.0,76
201700019921,17,12,29,810,3,1,1,2.0,6.0,76573,M,4947285.0,136016.0,76
201700019922,17,1,21,1500,1,1,1,1.0,7.0,76492,M,4986768.0,100097.0,76
201700019923,17,2,13,1715,1,1,1,7.0,2.0,76482,M,4985980.0,104288.0,76
201700019924,17,4,29,1525,1,2,1,1.0,3.0,76482,M,4986992.0,102238.0,76
201700019925,17,5,28,435,3,2,1,1.0,6.0,76047,M,4974186.0,93168.0,76
201700019926,17,6,18,1900,1,1,2,1.0,3.0,76133,M,4987212.0,92342.0,76
201700019927,17,6,26,1610,1,2,2,1.0,1.0,76400,M,4982729.0,91938.0,76
201700019928,17,7,7,150,3,1,1,1.0,6.0,76133,M,4986711.0,89144.0,76
201700019929,17,12,5,1412,1,1,1,1.0,7.0,76570,M,4978302.0,110890.0,76
201700019930,17,12,17,1515,1,1,1,8.0,7.0,76458,M,4975634.0,120963.0,76
201700019931,17,12,23,210,4,2,1,2.0,6.0,76051,M,4978616.0,99683.0,76
201700019932,17,2,4,610,3,1,1,3.0,6.0,76574,M,4969321.0,106032.0,76
201700019933,17,6,2,1600,1,1,2,8.0,3.0,76621,M,4962234.0,129716.0,76
201700019934,17,7,4,1515,1,1,1,1.0,6.0,76648,M,4967141.0,124899.0,76
201700019935,17,7,30,2045,1,1,2,1.0,3.0,76063,M,4973927.0,104740.0,76
201700019936,17,8,27,500,3,1,1,1.0,7.0,76621,M,4963606.0,131108.0,76
201700019937,17,9,23,1227,1,2,1,1.0,7.0,76188,M,4963259.0,121561.0,76
201700019938,17,11,28,1750,3,1,1,2.0,6.0,76723,M,4969404.0,106308.0,76
201700019939,17,1,1,1815,3,1,1,9.0,1.0,76470,M,4968087.0,59673.0,76
201700019940,17,1,14,915,1,1,1,1.0,3.0,76002,M,4960109.0,62108.0,76
201700019941,17,5,25,1915,1,2,2,1.0,3.0,76715,M,4957281.0,60016.0,76
201700019942,17,6,6,1630,1,1,2,6.0,3.0,76281,M,4952490.0,58194.0,76
201700019943,17,6,18,2000,1,2,1,1.0,3.0,76525,M,4963831.0,60950.0,76
201700019944,17,7,30,1800,1,1,1,1.0,5.0,76080,M,4963004.0,64030.0,76
201700019945,17,3,21,1410,1,1,1,1.0,2.0,76606,M,4977309.0,170874.0,76
201700019946,17,4,1,2130,3,1,1,2.0,7.0,76598,M,4983769.0,159423.0,76
201700019947,17,4,6,1230,1,2,1,1.0,3.0,76523,M,4982348.0,158947.0,76
201700019948,17,6,13,1505,1,1,1,1.0,3.0,76598,M,4982497.0,161978.0,76
201700019949,17,8,2,20,3,1,1,1.0,3.0,76344,M,4953745.0,149249.0,76
201700019950,17,8,10,1610,1,1,3,1.0,3.0,76035,M,4976010.0,173329.0,76
201700019951,17,8,10,1210,1,2,3,1.0,3.0,76101,M,4993030.0,163841.0,76
201700019952,17,8,27,520,5,2,3,1.0,6.0,76527,M,4981147.0,164294.0,76
201700019953,17,1,7,600,3,1,1,9.0,6.0,76208,M,4951263.0,166016.0,76
201700019954,17,7,22,2345,5,2,1,1.0,6.0,76260,M,4947893.0,173993.0,76
201700019955,17,9,23,1410,1,1,2,1.0,3.0,76263,M,4946353.0,147265.0,76
201700019956,17,11,19,830,3,1,1,5.0,6.0,76142,M,4951705.0,165342.0,76
201700019957,17,12,4,730,2,1,1,5.0,5.0,76048,M,4947282.0,167578.0,76
201700019958,17,2,22,1800,2,1,3,2.0,4.0,76594,M,4950812.0,99964.0,76
201700019959,17,3,11,1150,1,1,1,1.0,6.0,76728,M,4948766.0,98511.0,76
201700019960,17,3,20,530,3,2,1,1.0,6.0,76709,M,4947181.0,81547.0,76
201700019961,17,3,15,1630,1,1,2,1.0,3.0,76503,M,4954002.0,100905.0,76
201700019962,17,4,21,840,1,2,1,1.0,6.0,76378,M,4943213.0,81803.0,76
201700019963,17,5,28,945,1,1,1,1.0,7.0,76594,M,4949862.0,100837.0,76
201700019964,17,6,11,2110,2,2,1,2.0,6.0,76378,M,4941791.0,82882.0,76
201700019965,17,6,20,1715,1,1,1,1.0,7.0,76354,M,4947404.0,95075.0,76
201700019966,17,8,26,1345,1,1,1,1.0,5.0,76728,M,4948194.0,99411.0,76
201700019967,17,8,26,545,3,2,1,1.0,6.0,76222,M,4949220.0,85156.0,76
201700019968,17,9,16,415,3,1,1,2.0,6.0,76222,M,4949626.0,89466.0,76
201700019969,17,9,16,245,5,2,1,1.0,6.0,76222,M,4948082.0,87455.0,76
201700019970,17,11,8,1720,5,2,1,2.0,6.0,76222,M,4948089.0,87477.0,76
201700019971,17,11,18,1100,1,2,2,1.0,3.0,76222,M,4948858.0,88402.0,76
201700019972,17,12,11,1840,5,2,1,2.0,6.0,76709,M,4948087.0,80933.0,76
201700019973,17,6,16,2250,3,2,2,1.0,6.0,76129,M,4972699.0,88420.0,76
201700019974,17,7,18,1805,1,1,1,1.0,6.0,76668,M,4964166.0,91057.0,76
201700019975,17,9,19,1900,1,1,1,1.0,1.0,76355,M,4969575.0,70399.0,76
201700019976,17,9,21,1725,1,2,1,1.0,1.0,76023,M,4970260.0,74258.0,76
201700019977,17,9,27,519,3,1,2,1.0,3.0,76077,M,4975914.0,83878.0,76
201700019978,17,10,20,1100,1,1,1,8.0,5.0,76737,M,4968921.0,91268.0,76
201700019979,17,11,3,1745,3,1,2,1.0,5.0,76219,M,4970975.0,79916.0,76
201700019980,17,1,5,1800,3,1,1,1.0,6.0,76196,M,4964466.0,27576.0,76
201700019981,17,2,3,1930,3,1,2,2.0,3.0,76014,M,4959180.0,30393.0,76
201700019982,17,2,7,1517,1,1,2,1.0,5.0,76033,M,4968095.0,36151.0,76
201700019983,17,2,10,1650,2,1,1,1.0,6.0,76595,M,4965142.0,16642.0,76
201700019984,17,4,30,2100,2,2,1,1.0,6.0,76254,M,4970838.0,20285.0,76
201700019985,17,5,11,1015,1,1,1,1.0,6.0,76196,M,4963243.0,27065.0,76
201700019986,17,5,30,1135,1,2,1,1.0,6.0,76615,M,4960095.0,20242.0,76
201700019987,17,7,2,750,1,1,1,2.0,1.0,76595,M,4963967.0,18664.0,76
201700019988,17,7,11,1715,1,1,2,1.0,5.0,76361,M,4961994.0,16236.0,76
201700019989,17,8,22,1550,1,1,2,1.0,3.0,76595,M,4964358.0,18508.0,76
201700019990,17,8,7,1915,1,1,2,1.0,3.0,76021,M,4967618.0,43827.0,76
201700019991,17,12,16,2150,3,1,1,2.0,3.0,76390,M,4969981.0,27883.0,76
201700019992,17,8,2,1700,1,1,2,8.0,3.0,76504,M,4980789.0,75317.0,76
201700019993,17,8,17,245,3,1,1,1.0,7.0,76646,M,4981976.0,67197.0,76
201700019994,17,9,16,1813,1,1,2,7.0,3.0,76140,M,4978485.0,86943.0,76
201700019995,17,9,18,445,5,2,2,2.0,3.0,76159,M,4978661.0,63281.0,76
201700019996,17,9,26,1330,1,1,2,1.0,3.0,76159,M,4977069.0,60808.0,76
201700019997,17,2,16,1025,1,1,2,1.0,3.0,76587,M,4977472.0,44484.0,76
201700019998,17,3,2,1545,1,1,3,1.0,3.0,76240,M,4969964.0,36379.0,76
201700019999,17,5,9,2020,1,1,1,1.0,6.0,76686,M,4975761.0,55377.0,76
201700020000,17,5,22,1420,1,1,2,1.0,3.0,76013,M,4977852.0,52349.0,76
201700020001,17,5,26,2355,3,1,2,1.0,5.0,76013,M,4977871.0,51926.0,76
201700020002,17,6,2,1450,1,1,1,8.0,1.0,76706,M,4970399.0,40443.0,76
201700020003,17,6,9,1125,1,1,1,1.0,2.0,76187,M,4972758.0,43685.0,76
201700020004,17,8,13,1705,1,1,1,1.0,7.0,76663,M,4980792.0,52896.0,76
201700020005,17,2,8,1745,5,2,9,5.0,3.0,67066,M,4847146.0,721462.0,67
201700020006,17,2,11,1645,1,1,1,3.0,1.0,67066,M,4845182.0,719943.0,67
201700020007,17,3,2,2205,3,1,1,1.0,6.0,67414,M,4845712.0,720758.0,67
201700020008,17,4,20,1255,1,1,1,1.0,2.0,67500,M,4852269.0,733502.0,67
201700020009,17,5,16,1715,1,1,1,1.0,1.0,67448,M,4848142.0,722295.0,67
201700020010,17,5,21,1515,1,1,1,7.0,3.0,67026,M,4838602.0,725821.0,67
201700020011,17,5,31,1730,1,1,1,1.0,7.0,67066,M,4846027.0,717322.0,67
201700020012,17,6,5,1030,1,1,1,1.0,7.0,67384,M,4837364.0,719594.0,67
201700020013,17,7,26,1250,1,1,1,1.0,7.0,67066,M,4845653.0,717159.0,67
201700020014,17,8,4,2100,3,1,1,1.0,6.0,67513,M,4841230.0,721422.0,67
201700020015,17,8,10,1535,1,1,1,2.0,7.0,67436,M,4840421.0,715360.0,67
201700020016,17,9,23,1900,3,1,1,1.0,6.0,67165,M,4849790.0,714648.0,67
201700020017,17,9,25,1710,1,1,1,1.0,1.0,67342,M,4856141.0,733838.0,67
201700020018,17,11,7,1715,5,2,1,2.0,6.0,67448,M,4848252.0,723047.0,67
201700020019,17,3,26,656,2,1,1,1.0,6.0,67435,M,4890961.0,708373.0,67
201700020020,17,5,2,1240,1,1,1,1.0,1.0,67508,M,4896772.0,713712.0,67
201700020021,17,7,9,1230,1,1,1,1.0,6.0,67435,M,4890961.0,708373.0,67
201700020022,17,7,30,1210,1,1,1,1.0,6.0,67435,M,4890305.0,706534.0,67
201700020023,17,8,6,1700,1,1,1,1.0,1.0,67468,M,4905988.0,709257.0,67
201700020024,17,8,25,545,2,1,1,1.0,1.0,67029,M,4888947.0,713402.0,67
201700020025,17,8,27,1912,1,2,1,1.0,3.0,67386,M,4881150.0,710850.0,67
201700020026,17,8,16,1530,1,1,1,7.0,7.0,67191,M,4902568.0,709757.0,67
201700020027,17,9,21,910,1,1,1,1.0,5.0,67355,M,4900485.0,710859.0,67
201700020028,17,9,28,1915,5,2,1,2.0,3.0,67095,M,4893903.0,719365.0,67
201700020029,17,10,15,1700,1,2,1,1.0,2.0,67355,M,4900073.0,712763.0,67
201700020030,17,10,23,750,2,1,1,1.0,6.0,67522,M,4891895.0,725675.0,67
201700020031,17,12,28,110,3,1,1,4.0,6.0,67435,M,4892396.0,708856.0,67
201700020032,17,2,12,1730,2,1,1,1.0,1.0,67281,M,4814766.0,756387.0,67
201700020033,17,4,6,1705,1,2,1,1.0,1.0,67196,M,4829046.0,756745.0,67
201700020034,17,5,10,1318,1,1,1,1.0,1.0,67281,M,4816141.0,756339.0,67
201700020035,17,6,9,1615,1,1,1,1.0,5.0,67187,M,4820971.0,750786.0,67
201700020036,17,7,7,1345,1,1,1,1.0,1.0,67310,M,4821769.0,749985.0,67
201700020037,17,7,21,1000,1,1,1,1.0,2.0,67281,M,4816696.0,755455.0,67
201700020038,17,7,21,2020,2,2,1,6.0,1.0,67486,M,4824915.0,761423.0,67
201700020039,17,8,7,1735,1,2,6,1.0,3.0,67547,M,4826666.0,759616.0,67
201700020040,17,9,2,2130,3,1,1,1.0,1.0,67277,M,4818375.0,755964.0,67
201700020041,17,10,1,1200,1,1,1,1.0,6.0,67011,M,4821127.0,758416.0,67
201700020042,17,1,30,730,1,1,1,5.0,7.0,67261,M,4896218.0,819079.0,67
201700020043,17,3,30,1715,1,2,6,1.0,7.0,67463,M,4889416.0,810136.0,67
201700020044,17,4,17,650,2,1,1,2.0,7.0,67463,M,4888673.0,809108.0,67
201700020045,17,7,16,1845,1,2,1,1.0,7.0,67330,M,4890590.0,804824.0,67
201700020046,17,9,7,940,1,1,1,1.0,6.0,67315,M,4895039.0,810507.0,67
201700020047,17,11,13,1530,1,1,1,8.0,2.0,67463,M,4890360.0,809759.0,67
201700020048,17,3,17,1350,1,2,1,1.0,6.0,78474,M,4886076.0,163856.0,78
201700020049,17,4,22,855,1,1,1,5.0,1.0,78234,M,4893096.0,164185.0,78
201700020050,17,5,21,1900,1,2,1,1.0,6.0,78325,M,4891220.0,178732.0,78
201700020051,17,6,3,1950,2,1,2,1.0,3.0,78591,M,4890002.0,167182.0,78
201700020052,17,7,4,825,1,2,1,1.0,1.0,78031,M,4896068.0,170839.0,78
201700020053,17,7,11,340,3,1,9,1.0,3.0,78591,M,4888745.0,167383.0,78
201700020054,17,7,21,1815,1,2,1,1.0,7.0,78530,M,4891703.0,167553.0,78
201700020055,17,8,13,1200,1,1,1,1.0,6.0,78300,M,4888542.0,173616.0,78
201700020056,17,12,20,1645,2,2,1,1.0,1.0,78192,M,4890065.0,162354.0,78
201700020057,17,2,6,2145,3,1,1,1.0,1.0,77020,M,4869261.0,319836.0,77
201700020058,17,2,5,1300,1,1,1,1.0,7.0,77239,M,4868991.0,314227.0,77
201700020059,17,3,30,907,1,1,2,1.0,3.0,77414,M,4861594.0,329346.0,77
201700020060,17,4,15,1530,1,1,2,1.0,3.0,77239,M,4865748.0,310334.0,77
201700020061,17,5,6,1730,1,1,1,2.0,6.0,77026,M,4860608.0,337779.0,77
201700020062,17,6,14,2325,3,1,2,1.0,2.0,77239,M,4869029.0,314842.0,77
201700020063,17,6,22,2345,3,1,1,1.0,5.0,77066,M,4869158.0,336431.0,77
201700020064,17,6,30,1200,1,1,1,2.0,7.0,77109,M,4861572.0,318827.0,77
201700020065,17,7,13,640,2,1,1,1.0,6.0,77239,M,4864337.0,310286.0,77
201700020066,17,8,20,2330,3,1,1,1.0,6.0,77519,M,4863968.0,339883.0,77
201700020067,17,10,5,1830,1,1,2,2.0,3.0,77239,M,4865785.0,310389.0,77
201700020068,17,10,19,2045,3,1,2,1.0,7.0,77239,M,4869052.0,314881.0,77
201700020069,17,11,19,2045,3,1,1,1.0,2.0,77020,M,4869242.0,319026.0,77
201700020070,17,11,25,730,2,1,1,1.0,7.0,77036,M,4869189.0,321660.0,77
201700020071,17,12,17,1005,1,1,1,2.0,7.0,77020,M,4869263.0,317571.0,77
201700020072,17,2,23,1850,3,1,2,1.0,3.0,77289,M,4849759.0,338929.0,77
201700020073,17,4,2,1200,1,1,1,1.0,1.0,77325,M,4843762.0,324204.0,77
201700020074,17,4,4,500,3,1,1,1.0,3.0,77347,M,4848642.0,321051.0,77
201700020075,17,5,16,1220,1,1,1,1.0,3.0,77456,M,4851898.0,330349.0,77
201700020076,17,7,21,1700,1,1,2,1.0,3.0,77355,M,4848341.0,320148.0,77
201700020077,17,8,1,1545,1,1,1,1.0,7.0,77076,M,4849796.0,324150.0,77
201700020078,17,8,6,900,1,1,1,1.0,1.0,77242,M,4849217.0,320954.0,77
201700020079,17,8,6,1640,1,1,2,1.0,3.0,77446,M,4851149.0,320363.0,77
201700020080,17,9,27,1600,1,1,1,1.0,6.0,77286,M,4850413.0,310684.0,77
201700020081,17,10,8,1530,1,1,1,1.0,5.0,77507,M,4842584.0,330441.0,77
201700020082,17,10,25,1900,5,2,1,1.0,6.0,77509,M,4850369.0,304406.0,77
201700020083,17,10,25,1815,1,1,1,7.0,2.0,77524,M,4844909.0,317538.0,77
201700020084,17,10,30,1810,2,1,2,1.0,1.0,77355,M,4848701.0,321235.0,77
201700020085,17,12,5,1622,1,1,2,9.0,3.0,77341,M,4844631.0,335903.0,77
201700020086,17,12,8,1130,1,2,9,1.0,6.0,77356,M,4842476.0,334849.0,77
201700020087,17,1,17,30,3,1,1,1.0,6.0,74011,M,4591824.0,618718.0,74
201700020088,17,2,18,1616,1,1,1,1.0,3.0,74120,M,4602402.0,623477.0,74
201700020089,17,5,9,1400,1,2,1,1.0,6.0,74011,M,4591079.0,614498.0,74
201700020090,17,5,24,1200,1,2,3,1.0,6.0,74011,M,4590708.0,615052.0,74
201700020091,17,6,1,1901,1,1,1,1.0,5.0,74137,M,4600576.0,619186.0,74
201700020092,17,6,3,1530,1,1,1,1.0,7.0,74120,M,4605238.0,621694.0,74
201700020093,17,6,20,1200,1,2,2,1.0,1.0,74011,M,4590843.0,614570.0,74
201700020094,17,7,6,1210,1,1,3,1.0,7.0,74120,M,4602402.0,623477.0,74
201700020095,17,7,7,1130,1,2,6,7.0,6.0,74299,M,4589432.0,616784.0,74
201700020096,17,7,22,2039,3,1,1,2.0,1.0,74137,M,4600295.0,618722.0,74
201700020097,17,7,23,620,2,1,1,2.0,1.0,74245,M,4595828.0,613268.0,74
201700020098,17,7,26,2050,2,1,1,1.0,3.0,74303,M,4593945.0,617024.0,74
201700020099,17,8,20,1805,1,2,1,1.0,5.0,74245,M,4596123.0,616551.0,74
201700020100,17,8,22,1100,1,1,3,1.0,3.0,74303,M,4594011.0,617010.0,74
201700020101,17,8,25,1725,1,2,1,1.0,6.0,74011,M,4592243.0,615170.0,74
201700020102,17,8,31,1734,1,2,1,3.0,6.0,74011,M,4590560.0,614682.0,74
201700020103,17,9,8,930,1,2,1,1.0,3.0,74011,M,4591278.0,614140.0,74
201700020104,17,9,10,100,3,1,1,1.0,6.0,74022,M,4599174.0,624812.0,74
201700020105,17,10,13,1935,3,1,1,1.0,1.0,74120,M,4601863.0,621879.0,74
201700020106,17,11,1,1645,1,1,1,1.0,1.0,74011,M,4592216.0,616738.0,74
201700020107,17,11,21,1615,2,2,1,7.0,1.0,74282,M,4602115.0,630428.0,74
201700020108,17,1,7,1245,1,2,1,1.0,1.0,74242,M,4582969.0,618514.0,74
201700020109,17,3,16,1600,1,1,1,1.0,7.0,74275,M,4582141.0,622675.0,74
201700020110,17,4,9,1710,1,1,1,1.0,3.0,74267,M,4584344.0,615087.0,74
201700020111,17,5,7,1855,1,1,1,1.0,3.0,74104,M,4579106.0,621583.0,74
201700020112,17,6,3,1645,1,1,1,2.0,7.0,74187,M,4581886.0,626119.0,74
201700020113,17,6,10,1555,1,2,6,1.0,3.0,74275,M,4583697.0,621692.0,74
201700020114,17,6,19,1745,1,2,3,7.0,3.0,74267,M,4585896.0,614201.0,74
201700020115,17,6,19,1920,1,1,1,1.0,3.0,74104,M,4578982.0,623177.0,74
201700020116,17,6,25,1750,1,1,1,1.0,3.0,74104,M,4577731.0,623368.0,74
201700020117,17,7,2,620,2,1,1,2.0,6.0,74270,M,4571975.0,629876.0,74
201700020118,17,7,15,1225,1,2,4,1.0,1.0,74123,M,4574925.0,629520.0,74
201700020119,17,7,29,2025,2,1,6,1.0,6.0,74234,M,4576024.0,632201.0,74
201700020120,17,8,4,1845,1,1,1,1.0,6.0,74242,M,4584049.0,615473.0,74
201700020121,17,8,5,1200,1,1,1,7.0,6.0,74187,M,4580972.0,626055.0,74
201700020122,17,8,13,1115,1,2,3,1.0,2.0,74275,M,4582844.0,622103.0,74
201700020123,17,8,14,1130,1,1,1,1.0,6.0,74267,M,4585551.0,613807.0,74