Num_Acc,an,mois,jour,hrmn,lum,agg,int,atm,col,com,gps,lat,long,dep
201700020124,17,8,27,1040,1,1,1,1.0,1.0,74148,M,4577465.0,611870.0,74
201700020125,17,9,23,1,3,1,1,1.0,1.0,74242,M,4584045.0,615501.0,74
201700020126,17,9,22,1700,1,1,1,1.0,6.0,74267,M,4584922.0,613849.0,74
201700020127,17,9,29,1500,1,1,1,1.0,6.0,74108,M,4582340.0,620818.0,74
201700020128,17,10,8,1240,1,1,1,1.0,3.0,74275,M,4582844.0,622103.0,74
201700020129,17,12,12,945,1,2,1,4.0,6.0,74123,M,4574747.0,629161.0,74
201700020130,17,1,21,140,4,2,6,1.0,6.0,74225,M,4584531.0,596265.0,74
201700020131,17,2,3,2005,4,1,1,1.0,6.0,74002,M,4581890.0,600421.0,74
201700020132,17,2,13,1545,1,2,3,1.0,2.0,74225,M,4585928.0,594902.0,74
201700020133,17,3,11,1900,5,2,1,1.0,7.0,74225,M,4585338.0,594236.0,74
201700020134,17,5,17,1625,1,1,1,1.0,1.0,74255,M,4588135.0,596063.0,74
201700020135,17,5,19,1115,1,1,2,2.0,6.0,74165,M,4582545.0,597503.0,74
201700020136,17,5,21,1700,1,1,9,1.0,7.0,74054,M,4577560.0,599813.0,74
201700020137,17,5,31,1140,1,2,1,1.0,6.0,74225,M,4586093.0,594790.0,74
201700020138,17,6,25,500,2,1,1,1.0,7.0,74161,M,4587107.0,600473.0,74
201700020139,17,7,3,1140,1,1,1,1.0,6.0,74097,M,4577374.0,602343.0,74
201700020140,17,7,6,1050,1,2,2,1.0,3.0,74225,M,4585839.0,594520.0,74
201700020141,17,7,15,1000,1,2,2,1.0,1.0,74165,M,4582876.0,598609.0,74
201700020142,17,7,24,920,1,1,1,2.0,5.0,74161,M,4587790.0,597585.0,74
201700020143,17,8,2,1140,1,1,3,1.0,3.0,74310,M,4582891.0,605036.0,74
201700020144,17,9,15,942,1,1,1,5.0,3.0,74297,M,4592596.0,593370.0,74
201700020145,17,9,16,1040,1,1,1,1.0,6.0,74097,M,4575704.0,600474.0,74
201700020146,17,9,30,335,3,1,1,1.0,7.0,74289,M,4591365.0,593343.0,74
201700020147,17,10,1,840,1,1,1,5.0,6.0,74151,M,4591367.0,589287.0,74
201700020148,17,10,9,1650,1,1,1,1.0,5.0,74002,M,4581982.0,602165.0,74
201700020149,17,10,13,730,2,1,3,1.0,3.0,74002,M,4581720.0,600282.0,74
201700020150,17,10,14,2025,3,1,3,1.0,5.0,74233,M,4580857.0,598285.0,74
201700020151,17,10,19,1930,5,1,2,1.0,3.0,74233,M,4580302.0,597617.0,74
201700020152,17,11,10,1555,1,2,3,8.0,3.0,74225,M,4583143.0,595173.0,74
201700020153,17,12,14,745,2,1,3,2.0,3.0,74255,M,4587016.0,596157.0,74
201700020154,17,3,16,1750,1,2,1,1.0,3.0,74164,M,4608945.0,650544.0,74
201700020155,17,3,24,1610,1,2,1,1.0,1.0,74278,M,4608296.0,653447.0,74
201700020156,17,7,2,1800,1,2,1,1.0,1.0,74189,M,4605226.0,648819.0,74
201700020157,17,7,16,1720,1,2,1,1.0,6.0,74164,M,4608385.0,649108.0,74
201700020158,17,12,4,935,1,2,1,1.0,1.0,74312,M,4606707.0,648475.0,74
201700020159,17,6,18,1215,1,2,1,1.0,3.0,74183,M,4614078.0,653650.0,74
201700020160,17,6,17,2345,3,1,1,1.0,1.0,74223,M,4609606.0,660590.0,74
201700020161,17,8,13,915,1,1,1,1.0,7.0,74134,M,4615186.0,665723.0,74
201700020162,17,8,27,630,2,1,1,1.0,7.0,74258,M,4608571.0,670262.0,74
201700020163,17,1,23,1600,1,2,1,1.0,6.0,74040,M,4616365.0,631970.0,74
201700020164,17,3,1,1215,1,1,1,1.0,1.0,74094,M,4620682.0,629052.0,74
201700020165,17,3,27,610,2,1,1,1.0,1.0,74094,M,4617591.0,630446.0,74
201700020166,17,3,31,500,3,2,1,1.0,6.0,74040,M,4616688.0,632919.0,74
201700020167,17,3,30,610,5,1,2,1.0,3.0,74262,M,4612337.0,631119.0,74
201700020168,17,2,8,1835,5,2,1,1.0,6.0,74309,M,4611787.0,603689.0,74
201700020169,17,4,13,2030,2,1,3,1.0,6.0,74177,M,4604971.0,616021.0,74
201700020170,17,4,23,1130,1,1,3,1.0,3.0,74309,M,4628941.0,573070.0,74
201700020171,17,5,17,1745,1,1,1,7.0,6.0,74096,M,4603349.0,613169.0,74
201700020172,17,5,18,2210,3,1,4,3.0,3.0,74009,M,4606788.0,607775.0,74
201700020173,17,5,22,1020,1,2,2,1.0,3.0,74096,M,4603524.0,611081.0,74
201700020174,17,5,30,1900,1,2,1,1.0,3.0,74309,M,4611888.0,603810.0,74
201700020175,17,6,12,1955,1,2,1,1.0,3.0,74096,M,4603605.0,610795.0,74
201700020176,17,8,3,1545,1,1,3,1.0,3.0,74088,M,4604860.0,606665.0,74
201700020177,17,8,8,2235,5,1,2,1.0,1.0,74074,M,4611245.0,592025.0,74
201700020178,17,8,9,1830,1,1,1,1.0,5.0,74309,M,4611305.0,600421.0,74
201700020179,17,8,22,730,1,1,1,1.0,1.0,74288,M,4610926.0,597306.0,74
201700020180,17,11,17,1830,3,1,1,1.0,6.0,74101,M,4609322.0,595818.0,74
201700020181,17,2,3,600,3,2,1,8.0,1.0,74131,M,4601751.0,591836.0,74
201700020182,17,2,21,1540,1,1,3,1.0,1.0,74269,M,4597643.0,583844.0,74
201700020183,17,4,29,555,2,1,1,1.0,6.0,74269,M,4594461.0,583742.0,74
201700020184,17,6,19,1745,1,1,1,1.0,1.0,74291,M,4602680.0,587423.0,74
201700020185,17,7,12,1655,1,1,1,1.0,7.0,74269,M,4596237.0,585308.0,74
201700020186,17,8,5,1640,1,1,1,1.0,7.0,74075,M,4599741.0,593084.0,74
201700020187,17,8,31,2000,2,1,1,2.0,3.0,74291,M,4603913.0,588850.0,74
201700020188,17,9,11,1830,1,1,1,1.0,7.0,74184,M,4604682.0,598025.0,74
201700020189,17,9,30,1700,2,1,1,2.0,7.0,74068,M,4606242.0,586891.0,74
201700020190,17,11,6,1730,3,1,2,6.0,2.0,74100,M,4600418.0,586164.0,74
201700020191,17,12,22,1435,1,1,1,1.0,7.0,74285,M,4598213.0,584508.0,74
201700020192,17,2,14,1150,1,2,1,1.0,6.0,74173,M,4589512.0,664496.0,74
201700020193,17,2,19,45,3,1,1,1.0,6.0,74236,M,4586831.0,672398.0,74
201700020194,17,3,13,1845,5,2,3,1.0,7.0,74173,M,4585848.0,662067.0,74
201700020195,17,3,25,1820,1,1,1,1.0,1.0,74103,M,4591094.0,663835.0,74
201700020196,17,4,17,1815,1,2,1,1.0,3.0,74173,M,4585370.0,660480.0,74
201700020197,17,8,15,1045,1,2,1,1.0,6.0,74236,M,4585373.0,672358.0,74
201700020198,17,8,17,920,1,1,3,1.0,6.0,74099,M,4587861.0,664330.0,74
201700020199,17,9,15,1030,1,1,1,1.0,6.0,74099,M,4587180.0,663034.0,74
201700020200,17,12,24,1535,1,2,1,1.0,1.0,74173,M,4585371.0,663200.0,74
201700020201,17,3,15,1650,1,1,1,1.0,7.0,74256,M,4594718.0,661619.0,74
201700020202,17,4,11,1115,1,2,2,1.0,6.0,74256,M,4593502.0,663411.0,74
201700020203,17,4,17,2100,5,2,1,1.0,7.0,74256,M,4592856.0,662918.0,74
201700020204,17,4,25,2200,5,2,3,2.0,3.0,74256,M,4595110.0,662979.0,74
201700020205,17,4,30,2205,3,1,1,1.0,7.0,74089,M,4591819.0,660761.0,74
201700020206,17,6,18,1130,1,1,3,1.0,3.0,74236,M,4590737.0,671200.0,74
201700020207,17,8,7,1115,1,2,3,7.0,1.0,74208,M,4591413.0,670710.0,74
201700020208,17,8,13,1815,1,1,1,1.0,6.0,74208,M,4593435.0,672729.0,74
201700020209,17,9,13,1615,1,2,3,1.0,2.0,74208,M,4591044.0,670655.0,74
201700020210,17,11,25,1610,3,1,9,2.0,6.0,74208,M,4590776.0,670868.0,74
201700020211,17,2,5,1919,5,2,1,3.0,6.0,59094,M,5094889.0,219370.0,59
201700020212,17,2,26,1810,2,1,1,8.0,5.0,59130,M,5088743.0,223131.0,59
201700020213,17,6,1,820,1,1,1,1.0,3.0,59130,M,5090656.0,221854.0,59
201700020214,17,6,22,1145,1,1,1,1.0,6.0,59307,M,5085318.0,220527.0,59
201700020215,17,7,20,1327,1,1,1,1.0,1.0,59358,M,5092412.0,224653.0,59
201700020216,17,7,22,1923,1,1,1,1.0,3.0,59130,M,5089688.0,223761.0,59
201700020217,17,7,22,1515,1,2,4,1.0,6.0,59094,M,5094672.0,219259.0,59
201700020218,17,8,8,1830,1,1,9,1.0,3.0,59110,M,5095559.0,226822.0,59
201700020219,17,11,19,1830,3,1,1,1.0,1.0,59532,M,5097118.0,216915.0,59
201700020220,17,11,21,1910,3,1,2,1.0,3.0,59094,M,5094561.0,222172.0,59
201700020221,17,12,18,1730,5,2,2,2.0,3.0,59159,M,5096778.0,223516.0,59
201700020222,17,1,20,1130,1,2,3,1.0,6.0,59666,M,5088721.0,237934.0,59
201700020223,17,3,4,1450,1,1,1,2.0,6.0,59337,M,5081430.0,229698.0,59
201700020224,17,3,20,1100,1,1,1,2.0,7.0,59089,M,5086262.0,234556.0,59
201700020225,17,4,1,2125,3,1,1,1.0,6.0,59089,M,5087242.0,235605.0,59
201700020226,17,4,6,1314,1,1,3,1.0,2.0,59305,M,5087620.0,251171.0,59
201700020227,17,4,9,1300,1,1,1,1.0,7.0,59663,M,5086038.0,249135.0,59
201700020228,17,4,17,1,3,1,1,1.0,6.0,59663,M,5087794.0,247865.0,59
201700020229,17,5,17,1000,1,1,3,1.0,1.0,59628,M,5083963.0,229737.0,59
201700020230,17,6,17,1650,1,1,3,7.0,2.0,59663,M,5088449.0,250257.0,59
201700020231,17,10,9,745,1,1,1,1.0,5.0,59628,M,5083963.0,229737.0,59
201700020232,17,10,27,1630,2,2,2,7.0,3.0,59663,M,5088338.0,248858.0,59
201700020233,17,4,9,1010,1,1,1,1.0,1.0,59135,M,5080050.0,246674.0,59
201700020234,17,5,14,1140,1,1,1,1.0,2.0,59662,M,5083974.0,257099.0,59
201700020235,17,6,3,1710,1,1,6,1.0,6.0,59135,M,5080057.0,250082.0,59
201700020236,17,6,4,1145,1,1,1,1.0,6.0,59282,M,5081853.0,248121.0,59
201700020237,17,8,26,1120,1,1,4,1.0,5.0,59580,M,5081968.0,253383.0,59
201700020238,17,11,19,1215,1,1,1,1.0,6.0,59587,M,5080094.0,255182.0,59
201700020239,17,11,25,1000,1,1,1,8.0,1.0,59135,M,5079088.0,248428.0,59
201700020240,17,12,2,1520,1,1,1,1.0,6.0,59135,M,5076498.0,247666.0,59
201700020241,17,1,23,1745,2,1,1,1.0,6.0,56008,M,4762471.0,-294258.0,56
201700020242,17,2,4,2230,5,2,1,2.0,6.0,56206,M,4770144.0,-274433.0,56
201700020243,17,2,7,730,2,1,1,2.0,2.0,56132,M,4771867.0,-275871.0,56
201700020244,17,3,31,920,1,2,6,1.0,6.0,56206,M,4768214.0,-273725.0,56
201700020245,17,4,17,1915,1,1,1,1.0,4.0,56164,M,4766138.0,-283128.0,56
201700020246,17,4,17,1530,1,2,2,1.0,6.0,56008,M,4761905.0,-291575.0,56
201700020247,17,4,18,2024,2,1,2,1.0,3.0,56022,M,4781180.0,-288758.0,56
201700020248,17,4,20,1325,1,1,1,1.0,6.0,56115,M,4778619.0,-279937.0,56
201700020249,17,4,26,1300,1,2,1,1.0,3.0,56164,M,4766668.0,-280090.0,56
201700020250,17,6,13,1610,1,2,1,1.0,2.0,56206,M,4769020.0,-273346.0,56
201700020251,17,7,7,1520,1,1,1,1.0,2.0,56164,M,4766120.0,-287093.0,56
201700020252,17,7,19,1945,1,1,1,8.0,6.0,56120,M,4775661.0,-274167.0,56
201700020253,17,7,29,245,3,1,1,2.0,7.0,56132,M,4771955.0,-275813.0,56
201700020254,17,7,28,1600,1,2,3,1.0,3.0,56206,M,4771377.0,-275273.0,56
201700020255,17,9,13,915,1,2,6,2.0,1.0,56003,M,4762639.0,-282914.0,56
201700020256,17,10,4,1300,1,2,1,1.0,1.0,56206,M,4769777.0,-275789.0,56
201700020257,17,10,9,1700,1,2,2,1.0,3.0,56206,M,4767982.0,-273523.0,56
201700020258,17,10,14,1500,1,1,1,1.0,6.0,56067,M,4778688.0,-289464.0,56
201700020259,17,11,1,1945,5,1,1,1.0,3.0,56003,M,4764826.0,-280147.0,56
201700020260,17,11,25,205,3,1,1,1.0,6.0,56022,M,4777929.0,-291674.0,56
201700020261,17,12,31,1215,1,1,1,6.0,6.0,56194,M,4762357.0,-212900.0,56
201700020262,17,2,17,115,3,1,6,1.0,7.0,56194,M,4761261.0,-214771.0,56
201700020263,17,4,9,1945,1,1,1,1.0,7.0,56171,M,4771755.0,-232615.0,56
201700020264,17,5,6,1800,1,1,4,1.0,3.0,56194,M,4762418.0,-211500.0,56
201700020265,17,6,21,755,1,1,1,8.0,7.0,56194,M,4758866.0,-211018.0,56
201700020266,17,6,22,451,3,1,1,1.0,7.0,56001,M,4763597.0,-220866.0,56
201700020267,17,7,8,1800,1,1,1,7.0,1.0,56232,M,4767791.0,-211275.0,56
201700020268,17,7,9,600,2,1,1,1.0,6.0,56171,M,4770685.0,-235171.0,56
201700020269,17,11,26,400,3,1,1,1.0,6.0,56001,M,4761797.0,-216553.0,56
201700020270,17,2,13,1450,1,1,1,1.0,7.0,56143,M,4754874.0,-244824.0,56
201700020271,17,8,18,2030,1,1,1,1.0,3.0,56155,M,4745601.0,-249462.0,56
201700020272,17,8,24,1540,1,1,2,1.0,3.0,56126,M,4756002.0,-239574.0,56
201700020273,17,10,9,910,1,1,1,5.0,1.0,56004,M,4753220.0,-239231.0,56
201700020274,17,10,26,2210,3,1,1,5.0,6.0,56153,M,4758555.0,-237610.0,56
201700020275,17,11,14,800,2,2,2,1.0,3.0,56149,M,4759354.0,-246170.0,56
201700020276,17,12,1,735,5,2,1,1.0,6.0,56052,M,4751565.0,-260559.0,56
201700020277,17,12,20,1125,1,1,1,1.0,1.0,56153,M,4758267.0,-237764.0,56
201700020278,17,1,8,1400,1,1,1,1.0,1.0,56184,M,4763393.0,-241796.0,56
201700020279,17,1,28,745,2,1,1,9.0,7.0,56255,M,4767643.0,-264753.0,56
201700020280,17,2,5,2100,3,1,4,1.0,7.0,56184,M,4764848.0,-242882.0,56
201700020281,17,2,11,1015,1,1,1,1.0,1.0,56015,M,4764735.0,-249600.0,56
201700020282,17,4,6,10,3,2,1,1.0,1.0,56247,M,4767515.0,-256448.0,56
201700020283,17,4,8,640,2,1,6,1.0,7.0,56231,M,4769507.0,-263237.0,56
201700020284,17,5,9,830,1,1,1,1.0,5.0,56231,M,4767254.0,-270665.0,56
201700020285,17,5,10,1500,1,1,1,1.0,7.0,56109,M,4761591.0,-253905.0,56
201700020286,17,6,20,1320,1,1,3,1.0,3.0,56184,M,4768910.0,-247051.0,56
201700020287,17,7,25,1545,1,2,1,1.0,3.0,56184,M,4766054.0,-245691.0,56
201700020288,17,8,20,715,2,1,1,1.0,6.0,56053,M,4775435.0,-254941.0,56
201700020289,17,9,24,2115,5,2,2,3.0,3.0,56184,M,4766105.0,-245202.0,56
201700020290,17,11,7,750,2,1,1,1.0,3.0,56231,M,4769007.0,-267146.0,56
201700020291,17,12,24,1420,1,1,1,1.0,6.0,56184,M,4765647.0,-239262.0,56
201700020292,17,2,24,935,1,2,1,1.0,6.0,56251,M,4761708.0,-268366.0,56
201700020293,17,2,24,935,1,2,1,1.0,6.0,56243,M,4765353.0,-273461.0,56
201700020294,17,3,6,1715,1,2,1,1.0,2.0,56243,M,4765116.0,-272599.0,56
201700020295,17,3,13,1710,1,2,9,7.0,3.0,56243,M,4764244.0,-273000.0,56
201700020296,17,3,27,1300,1,2,1,1.0,2.0,56243,M,4765393.0,-273594.0,56
201700020297,17,5,27,1145,1,2,4,1.0,3.0,56243,M,4764963.0,-271627.0,56
201700020298,17,6,2,940,1,1,1,1.0,6.0,56205,M,4756499.0,-270907.0,56
201700020299,17,6,8,1534,1,1,1,1.0,1.0,56240,M,4753033.0,-282800.0,56
201700020300,17,6,12,1950,2,1,6,1.0,6.0,56251,M,4761232.0,-261232.0,56
201700020301,17,6,26,1108,1,1,1,1.0,1.0,56251,M,4765694.0,-263668.0,56
201700020302,17,8,13,1240,1,2,9,1.0,3.0,56005,M,4754124.0,-287866.0,56
201700020303,17,9,5,840,1,1,1,1.0,1.0,56251,M,4765942.0,-264752.0,56
201700020304,17,1,14,1630,1,2,6,1.0,3.0,56186,M,4748377.0,-311564.0,56
201700020305,17,4,2,1225,1,1,1,1.0,6.0,56034,M,4760741.0,-306994.0,56
201700020306,17,4,20,1521,1,1,1,7.0,3.0,56168,M,4761039.0,-309347.0,56
201700020307,17,4,22,1815,1,1,1,1.0,7.0,56186,M,4748419.0,-314268.0,56
201700020308,17,7,13,930,1,1,8,1.0,3.0,56234,M,4754260.0,-313478.0,56
201700020309,17,7,19,1200,1,2,4,1.0,3.0,56116,M,4756005.0,-293726.0,56
201700020310,17,7,30,540,3,1,1,1.0,1.0,56034,M,4763575.0,-304753.0,56
201700020311,17,8,5,1355,1,2,2,1.0,3.0,56034,M,4759267.0,-308049.0,56
201700020312,17,8,14,945,1,2,6,1.0,3.0,56186,M,4747767.0,-312874.0,56
201700020313,17,8,20,1735,1,1,1,1.0,6.0,56186,M,4748283.0,-309724.0,56
201700020314,17,8,23,920,1,1,2,1.0,6.0,56168,M,4760189.0,-310695.0,56
201700020315,17,9,7,1000,1,2,1,1.0,3.0,56234,M,4752751.0,-314368.0,56
201700020316,17,9,9,445,5,2,1,1.0,7.0,56258,M,4758891.0,-303100.0,56
201700020317,17,9,22,1635,1,2,9,1.0,6.0,56186,M,4748577.0,-312078.0,56
201700020318,17,11,2,845,1,2,2,1.0,3.0,56186,M,4748024.0,-312608.0,56
201700020319,17,1,28,1030,1,1,1,9.0,5.0,56101,M,4782774.0,-314671.0,56
201700020320,17,1,28,930,1,1,1,1.0,7.0,56148,M,4776667.0,-320200.0,56
201700020321,17,2,1,1420,1,1,1,1.0,7.0,56097,M,4778825.0,-311745.0,56
201700020322,17,2,5,1245,1,1,1,2.0,1.0,56148,M,4775426.0,-319407.0,56
201700020323,17,2,11,1600,1,1,1,1.0,6.0,56096,M,4772872.0,-308793.0,56
201700020324,17,3,1,200,3,1,1,2.0,6.0,56101,M,4783096.0,-319230.0,56
201700020325,17,3,21,1545,1,1,3,1.0,6.0,56177,M,4779867.0,-306297.0,56
201700020326,17,4,3,330,3,1,1,1.0,1.0,56101,M,4784195.0,-314251.0,56
201700020327,17,4,10,2030,2,1,1,1.0,7.0,56097,M,4775573.0,-311097.0,56
201700020328,17,4,12,1850,1,2,3,1.0,3.0,56177,M,4777007.0,-300936.0,56
201700020329,17,4,23,1030,1,2,2,1.0,1.0,56096,M,4774729.0,-307689.0,56
201700020330,17,5,1,830,1,2,1,1.0,6.0,56101,M,4783409.0,-316095.0,56
201700020331,17,5,1,1200,1,1,1,1.0,2.0,56177,M,4775948.0,-302093.0,56
201700020332,17,5,18,810,1,1,1,1.0,3.0,56175,M,4775017.0,-290823.0,56
201700020333,17,6,5,855,1,1,1,1.0,1.0,56096,M,4772328.0,-309408.0,56
201700020334,17,6,5,200,3,1,6,1.0,6.0,56094,M,4776048.0,-326908.0,56
201700020335,17,6,9,2130,2,2,1,1.0,1.0,56090,M,4782910.0,-324488.0,56
201700020336,17,7,5,910,1,2,1,1.0,6.0,56101,M,4783108.0,-315789.0,56
201700020337,17,7,19,1400,1,1,1,1.0,1.0,56101,M,4786501.0,-319863.0,56
201700020338,17,8,17,545,3,1,3,3.0,3.0,56175,M,4775814.0,-290437.0,56
201700020339,17,9,13,1835,1,1,1,2.0,7.0,56094,M,4775028.0,-327037.0,56
201700020340,17,10,15,1515,1,1,1,1.0,3.0,56094,M,4778845.0,-323039.0,56
201700020341,17,11,3,1515,1,1,1,3.0,7.0,56101,M,4782770.0,-319429.0,56
201700020342,17,11,4,5,3,1,3,2.0,6.0,56101,M,4785374.0,-316628.0,56
201700020343,17,11,5,1515,1,1,1,2.0,7.0,56096,M,4772838.0,-308775.0,56
201700020344,17,11,17,845,2,1,1,5.0,6.0,56177,M,4779574.0,-297511.0,56
201700020345,17,11,19,1700,1,1,3,1.0,1.0,56094,M,4778144.0,-325930.0,56
201700020346,17,11,17,550,3,1,1,5.0,6.0,56096,M,4774695.0,-309011.0,56
201700020347,17,11,22,1220,1,2,2,1.0,3.0,56175,M,4774155.0,-291803.0,56
201700020348,17,11,28,1100,1,1,1,7.0,6.0,56096,M,4775595.0,-308416.0,56
201700020349,17,12,22,715,3,1,1,1.0,6.0,56094,M,4779822.0,-325117.0,56
201700020350,17,1,22,615,3,1,1,1.0,6.0,56185,M,4777804.0,-340841.0,56
201700020351,17,2,7,830,1,2,1,1.0,6.0,56179,M,4783172.0,-340219.0,56
201700020352,17,2,14,1615,1,1,3,1.0,3.0,56078,M,4780590.0,-345815.0,56
201700020353,17,3,6,910,1,1,1,6.0,6.0,56185,M,4780778.0,-340444.0,56
201700020354,17,4,2,1700,1,2,1,1.0,6.0,56188,M,4790531.0,-311047.0,56
201700020355,17,4,16,1515,1,2,1,1.0,6.0,56078,M,4777340.0,-352537.0,56
201700020356,17,4,20,1610,1,1,1,1.0,7.0,56078,M,4775468.0,-350833.0,56
201700020357,17,5,7,550,2,1,1,1.0,5.0,56036,M,4777612.0,-336322.0,56
201700020358,17,5,10,1434,1,2,3,1.0,3.0,56089,M,4794278.0,-326757.0,56
201700020359,17,5,11,1345,1,1,1,2.0,3.0,56078,M,4780631.0,-346748.0,56
201700020360,17,5,26,1000,1,1,2,1.0,3.0,56179,M,4782210.0,-341191.0,56
201700020361,17,6,11,1510,1,1,1,1.0,6.0,56179,M,4781900.0,-340686.0,56
201700020362,17,6,24,1500,1,1,1,1.0,3.0,56036,M,4781936.0,-336366.0,56
201700020363,17,6,25,1100,1,2,1,1.0,3.0,56166,M,4790677.0,-333591.0,56
201700020364,17,7,7,1600,1,1,1,1.0,5.0,56036,M,4780913.0,-333492.0,56
201700020365,17,7,27,2343,3,1,6,1.0,2.0,56166,M,4792712.0,-335687.0,56
201700020366,17,8,3,1815,1,1,1,1.0,5.0,56185,M,4776924.0,-342360.0,56
201700020367,17,8,6,2230,3,1,1,1.0,6.0,56078,M,4783008.0,-350466.0,56
201700020368,17,8,16,1550,1,2,1,1.0,6.0,56078,M,4778990.0,-348767.0,56
201700020369,17,8,28,1130,1,1,4,1.0,1.0,56036,M,4779069.0,-332050.0,56
201700020370,17,8,20,1200,1,1,1,1.0,6.0,56078,M,4777417.0,-351966.0,56
201700020371,17,9,8,1220,1,1,3,2.0,3.0,56078,M,4780589.0,-345820.0,56
201700020372,17,9,10,100,3,1,1,1.0,1.0,56166,M,4790663.0,-334652.0,56
201700020373,17,9,12,744,1,1,1,1.0,5.0,56036,M,4780232.0,-335799.0,56
201700020374,17,9,29,2345,3,2,1,1.0,6.0,56179,M,4783575.0,-340699.0,56
201700020375,17,10,4,750,1,1,1,1.0,6.0,56036,M,4779564.0,-337304.0,56
201700020376,17,10,14,1300,1,2,1,1.0,6.0,56036,M,4778128.0,-336264.0,56
201700020377,17,10,28,1400,1,2,3,1.0,3.0,56078,M,4776637.0,-352407.0,56
201700020378,17,11,23,1845,3,1,1,3.0,2.0,56040,M,4785213.0,-331652.0,56
201700020379,17,11,29,800,2,1,9,1.0,3.0,56185,M,4777194.0,-341119.0,56
201700020380,17,12,6,1740,2,1,3,1.0,1.0,56036,M,4782224.0,-336229.0,56
201700020381,17,12,16,1040,1,2,1,1.0,6.0,56185,M,4778258.0,-341298.0,56
201700020382,17,4,8,1720,1,1,3,1.0,3.0,56119,M,4766918.0,-312148.0,56
201700020383,17,4,10,1320,1,2,2,1.0,3.0,56118,M,4772579.0,-334130.0,56
201700020384,17,4,18,1120,1,2,1,1.0,3.0,56013,M,4766557.0,-317992.0,56
201700020385,17,5,11,2345,3,1,1,1.0,7.0,56119,M,4769273.0,-311793.0,56
201700020386,17,5,24,1000,1,2,6,1.0,3.0,56054,M,4764652.0,-315965.0,56
201700020387,17,6,12,1810,1,1,1,1.0,7.0,56013,M,4767469.0,-315402.0,56
201700020388,17,6,13,1750,1,2,1,1.0,1.0,56013,M,4767234.0,-318825.0,56
201700020389,17,6,20,1920,1,1,1,1.0,3.0,56062,M,4769390.0,-331709.0,56
201700020390,17,7,29,50,3,1,1,1.0,6.0,56054,M,4765238.0,-318388.0,56
201700020391,17,9,18,1015,1,2,2,1.0,3.0,56062,M,4769735.0,-334995.0,56
201700020392,17,9,20,1215,1,2,9,1.0,6.0,56118,M,4772476.0,-332635.0,56
201700020393,17,10,4,1250,1,2,1,1.0,3.0,56130,M,4773466.0,-323830.0,56
201700020394,17,12,12,1845,5,1,6,1.0,3.0,56130,M,4773863.0,-322620.0,56
201700020395,17,2,1,1910,5,2,1,2.0,6.0,56165,M,4793983.0,-240434.0,56
201700020396,17,1,28,1030,1,1,1,1.0,1.0,56032,M,4797355.0,-233262.0,56
201700020397,17,3,30,830,2,1,1,1.0,7.0,56165,M,4791453.0,-240623.0,56
201700020398,17,4,2,1510,1,1,1,1.0,6.0,56080,M,4804941.0,-239328.0,56
201700020399,17,4,29,2150,3,1,1,1.0,6.0,56138,M,4788488.0,-235900.0,56
201700020400,17,5,15,1820,1,1,1,1.0,6.0,56165,M,4790409.0,-237717.0,56
201700020401,17,6,1,953,1,2,1,1.0,7.0,56127,M,4804625.0,-228023.0,56
201700020402,17,6,18,1530,1,1,1,1.0,6.0,56080,M,4802349.0,-241834.0,56
201700020403,17,6,22,1200,1,1,1,1.0,6.0,56032,M,4794818.0,-231504.0,56
201700020404,17,6,28,1230,1,1,1,1.0,6.0,56227,M,4802471.0,-245263.0,56
201700020405,17,7,9,1300,1,2,1,1.0,6.0,56127,M,4808555.0,-228062.0,56
201700020406,17,7,9,1925,1,1,1,1.0,1.0,56127,M,4812556.0,-234296.0,56
201700020407,17,7,30,30,3,1,1,1.0,7.0,56129,M,4809419.0,-245340.0,56
201700020408,17,9,12,1900,1,1,1,8.0,7.0,56134,M,4803788.0,-251075.0,56
201700020409,17,9,24,300,3,1,6,1.0,7.0,56122,M,4797601.0,-237976.0,56
201700020410,17,9,28,900,1,1,1,2.0,7.0,56129,M,4808460.0,-244666.0,56
201700020411,17,10,4,1410,1,1,1,1.0,1.0,56165,M,4794159.0,-238687.0,56
201700020412,17,10,20,2145,3,1,1,2.0,7.0,56165,M,4788805.0,-242688.0,56
201700020413,17,12,1,820,1,1,1,4.0,1.0,56032,M,4796114.0,-223145.0,56
201700020414,17,3,8,1550,1,1,1,1.0,6.0,56006,M,4792226.0,-230257.0,56
201700020415,17,3,25,1150,1,1,1,1.0,7.0,56191,M,4785178.0,-225625.0,56
201700020416,17,3,30,1825,1,1,1,1.0,6.0,56200,M,4781454.0,-229571.0,56
201700020417,17,4,20,1615,1,1,1,1.0,6.0,56075,M,4792663.0,-214266.0,56
201700020418,17,4,29,1915,1,2,4,1.0,3.0,56124,M,4781542.0,-237529.0,56
201700020419,17,5,6,2315,3,1,1,1.0,7.0,56044,M,4775625.0,-213247.0,56
201700020420,17,5,9,1815,1,1,9,1.0,3.0,56012,M,4797834.0,-215205.0,56
201700020421,17,5,29,1645,1,1,1,1.0,6.0,56044,M,4774024.0,-211329.0,56
201700020422,17,6,11,1830,1,1,1,1.0,6.0,56033,M,4783882.0,-209551.0,56
201700020423,17,6,23,1400,1,1,1,1.0,7.0,56159,M,4776701.0,-237892.0,56