Num_Acc,an,mois,jour,hrmn,lum,agg,int,atm,col,com,gps,lat,long,dep
201700020424,17,7,2,600,2,2,1,2.0,6.0,56064,M,4772699.0,-213355.0,56
201700020425,17,8,8,1915,1,1,2,1.0,3.0,56006,M,4789201.0,-230224.0,56
201700020426,17,8,15,1015,1,1,1,1.0,2.0,56180,M,4791475.0,-218558.0,56
201700020427,17,8,15,1600,1,1,1,1.0,2.0,56211,M,4776150.0,-231725.0,56
201700020428,17,8,28,1215,1,1,1,1.0,6.0,56038,M,4778716.0,-208326.0,56
201700020429,17,8,30,2215,3,1,1,2.0,6.0,56136,M,4786574.0,-218947.0,56
201700020430,17,9,16,800,2,1,1,1.0,3.0,56124,M,4781931.0,-237719.0,56
201700020431,17,9,23,1615,1,1,1,1.0,1.0,56075,M,4789047.0,-212401.0,56
201700020432,17,10,4,1730,1,1,1,7.0,6.0,56244,M,4780523.0,-250230.0,56
201700020433,17,1,14,345,3,1,1,9.0,6.0,56222,M,4784254.0,-268180.0,56
201700020434,17,1,23,820,1,2,1,1.0,6.0,56091,M,4795928.0,-255043.0,56
201700020435,17,1,28,1015,1,1,1,9.0,7.0,56222,M,4783989.0,-276920.0,56
201700020436,17,3,30,2000,1,2,3,1.0,6.0,56082,M,4796999.0,-247458.0,56
201700020437,17,3,30,2145,3,1,1,1.0,7.0,56079,M,4790211.0,-246290.0,56
201700020438,17,4,14,800,2,1,9,1.0,7.0,56024,M,4804955.0,-272994.0,56
201700020439,17,4,29,1000,1,2,3,1.0,1.0,56102,M,4795890.0,-257574.0,56
201700020440,17,5,8,1030,1,1,1,1.0,6.0,56071,M,4789733.0,-262890.0,56
201700020441,17,6,1,1815,1,1,2,1.0,6.0,56160,M,4797305.0,-270217.0,56
201700020442,17,7,21,1655,1,1,1,1.0,6.0,56027,M,4792336.0,-267852.0,56
201700020443,17,8,6,1010,1,1,1,1.0,2.0,56198,M,4807964.0,-276024.0,56
201700020444,17,8,10,2000,1,2,1,1.0,6.0,56222,M,4784534.0,-272357.0,56
201700020445,17,8,24,1340,1,1,1,1.0,7.0,56017,M,4787418.0,-271778.0,56
201700020446,17,9,23,1710,1,1,1,1.0,7.0,56222,M,4781798.0,-271191.0,56
201700020447,17,10,27,55,3,1,1,1.0,6.0,56189,M,4796477.0,-273065.0,56
201700020448,17,11,18,1100,1,1,1,1.0,3.0,56047,M,4804885.0,-273999.0,56
201700020449,17,12,11,1800,5,1,1,2.0,7.0,56091,M,4795368.0,-253060.0,56
201700020450,17,1,3,1500,1,1,2,7.0,3.0,56237,M,4802304.0,-293187.0,56
201700020451,17,1,23,1710,1,1,1,1.0,6.0,56092,M,4804791.0,-291298.0,56
201700020452,17,1,27,1550,1,2,1,1.0,6.0,56178,M,4806411.0,-296640.0,56
201700020453,17,3,7,1405,1,2,1,2.0,1.0,56237,M,4804152.0,-295581.0,56
201700020454,17,3,15,720,1,2,1,1.0,6.0,56178,M,4806558.0,-296724.0,56
201700020455,17,4,10,755,1,2,1,1.0,6.0,56246,M,4805454.0,-296747.0,56
201700020456,17,4,29,1640,1,1,1,1.0,1.0,56237,M,4801192.0,-297448.0,56
201700020457,17,5,31,1425,1,1,1,1.0,6.0,56076,M,4804718.0,-314585.0,56
201700020458,17,6,24,2050,1,2,3,1.0,3.0,56178,M,4806912.0,-296698.0,56
201700020459,17,8,9,1035,1,2,6,1.0,3.0,56178,M,4805898.0,-296966.0,56
201700020460,17,8,14,1835,1,2,1,1.0,6.0,56178,M,4805810.0,-296530.0,56
201700020461,17,9,8,1030,1,1,1,2.0,7.0,56163,M,4808335.0,-323492.0,56
201700020462,17,10,3,1415,1,1,2,1.0,3.0,56092,M,4802442.0,-283568.0,56
201700020463,17,10,22,1800,1,1,1,1.0,1.0,56237,M,4801557.0,-297185.0,56
201700020464,17,11,5,2100,3,1,1,1.0,1.0,56041,M,4812871.0,-304565.0,56
201700020465,17,11,27,1045,1,1,1,1.0,7.0,56213,M,4810221.0,-289709.0,56
201700020466,17,1,7,1055,1,1,3,1.0,6.0,56010,M,4786682.0,-304943.0,56
201700020467,17,1,19,1425,1,2,1,1.0,6.0,56117,M,4788864.0,-283615.0,56
201700020468,17,2,27,1130,1,1,1,6.0,6.0,56174,M,4789567.0,-291209.0,56
201700020469,17,3,22,1045,1,1,3,1.0,5.0,56207,M,4793677.0,-304942.0,56
201700020470,17,4,10,2200,3,1,1,1.0,6.0,56141,M,4785602.0,-281982.0,56
201700020471,17,4,27,1830,1,1,1,1.0,6.0,56010,M,4789543.0,-301135.0,56
201700020472,17,6,17,818,1,1,1,1.0,7.0,56010,M,4788012.0,-306211.0,56
201700020473,17,7,20,1945,1,2,1,1.0,6.0,56117,M,4788675.0,-284232.0,56
201700020474,17,7,22,1005,1,1,1,2.0,6.0,56010,M,4789444.0,-301903.0,56
201700020475,17,8,1,2230,3,2,1,1.0,6.0,56141,M,4783690.0,-287263.0,56
201700020476,17,7,24,2200,2,1,1,1.0,7.0,56074,M,4789281.0,-298810.0,56
201700020477,17,9,2,400,3,1,1,5.0,6.0,56140,M,4792206.0,-285094.0,56
201700020478,17,10,13,1930,5,2,2,1.0,3.0,56010,M,4787207.0,-302092.0,56
201700020479,17,10,3,950,1,1,1,1.0,3.0,56144,M,4799557.0,-285919.0,56
201700020480,17,1,16,1130,1,1,1,2.0,3.0,56182,M,4809060.0,-344757.0,56
201700020481,17,1,29,920,1,1,1,2.0,1.0,56105,M,4799378.0,-355225.0,56
201700020482,17,3,11,1930,2,1,1,1.0,6.0,56081,M,4802677.0,-363648.0,56
201700020483,17,4,16,750,2,1,1,1.0,6.0,56081,M,4803344.0,-361156.0,56
201700020484,17,6,30,1340,1,1,1,2.0,6.0,56100,M,4812468.0,-349930.0,56
201700020485,17,7,23,1030,1,2,9,2.0,6.0,56057,M,4803323.0,-349068.0,56
201700020486,17,8,22,2000,1,1,1,1.0,6.0,56182,M,4802077.0,-343381.0,56
201700020487,17,9,3,1930,1,1,1,2.0,6.0,56100,M,4809570.0,-348934.0,56
201700020488,17,7,29,1405,1,1,1,8.0,7.0,56113,M,4805431.0,-321415.0,56
201700020489,17,10,29,240,3,1,1,2.0,6.0,56057,M,4807145.0,-353241.0,56
201700020490,17,11,19,1740,1,2,1,1.0,6.0,56105,M,4799931.0,-354196.0,56
201700020491,17,12,8,1829,3,1,9,1.0,1.0,56014,M,4799620.0,-337638.0,56
201700020492,17,2,18,1300,1,1,1,1.0,6.0,95612,M,4900420.0,246410.0,95
201700020493,17,4,18,1235,1,1,1,1.0,7.0,95633,M,4900030.0,248460.0,95
201700020494,17,8,30,545,3,1,1,1.0,6.0,95612,M,4899590.0,248040.0,95
201700020495,17,9,27,730,2,2,1,1.0,6.0,95612,M,4900420.0,246410.0,95
201700020496,17,10,7,2140,3,1,1,8.0,6.0,95633,M,4900010.0,248440.0,95
201700020497,17,5,20,1515,1,1,1,1.0,6.0,19045,M,4503610.0,193092.0,19
201700020498,17,6,16,1100,1,1,3,1.0,3.0,19173,M,4516641.0,218273.0,19
201700020499,17,11,19,1930,3,1,1,1.0,6.0,19084,M,4516912.0,186228.0,19
201700020500,17,10,26,1810,1,1,1,1.0,3.0,19145,M,4539225.0,210023.0,19
201700020501,17,11,24,2000,3,2,1,5.0,7.0,19051,M,4545134.0,186201.0,19
201700020502,17,8,19,1850,1,2,1,1.0,6.0,19264,M,4525030.0,219807.0,19
201700020503,17,1,4,1715,1,1,2,1.0,3.0,19248,M,4546113.0,155103.0,19
201700020504,17,4,27,545,2,2,1,1.0,6.0,19269,M,4553261.0,178679.0,19
201700020505,17,9,9,1640,1,1,1,1.0,3.0,19194,M,4533100.0,168716.0,19
201700020506,17,9,23,1311,1,1,3,1.0,5.0,19255,M,4537562.0,169141.0,19
201700020507,17,10,6,1130,1,1,1,1.0,6.0,19079,M,4544921.0,162077.0,19
201700020508,17,4,9,1640,1,1,1,9.0,5.0,19063,M,4511911.0,155722.0,19
201700020509,17,5,7,515,2,1,1,1.0,1.0,19043,M,4513900.0,164399.0,19
201700020510,17,5,11,1630,1,1,1,8.0,1.0,19107,M,4512145.0,142831.0,19
201700020511,17,5,21,1800,1,1,1,1.0,1.0,19123,M,4516357.0,159078.0,19
201700020512,17,6,4,1035,1,1,1,1.0,7.0,19147,M,4505116.0,151513.0,19
201700020513,17,8,3,2045,1,2,1,1.0,7.0,19229,M,4514288.0,145461.0,19
201700020514,17,9,20,645,3,1,1,5.0,6.0,19124,M,4516917.0,137692.0,19
201700020515,17,9,22,1640,1,1,1,1.0,5.0,19123,M,4518774.0,158166.0,19
201700020516,17,12,15,1400,1,1,1,2.0,1.0,19117,M,4511983.0,145432.0,19
201700020517,17,3,18,1700,1,1,1,1.0,7.0,19156,M,4516459.0,169759.0,19
201700020518,17,4,2,600,3,1,1,1.0,6.0,19007,M,4498544.0,185157.0,19
201700020519,17,5,9,130,3,1,1,1.0,7.0,19150,M,4506406.0,160843.0,19
201700020520,17,6,3,1615,1,1,1,8.0,7.0,19057,M,4506949.0,164583.0,19
201700020521,17,8,4,1830,1,1,1,1.0,1.0,19099,M,4507188.0,170396.0,19
201700020522,17,12,22,1540,1,1,1,8.0,3.0,19013,M,4519784.0,165936.0,19
201700020523,17,7,19,2230,5,1,9,1.0,6.0,19278,M,4519109.0,143647.0,19
201700020524,17,10,27,1215,1,2,1,2.0,7.0,19202,M,4522593.0,158236.0,19
201700020525,17,12,1,2025,5,1,1,8.0,6.0,19278,M,4520207.0,142828.0,19
201700020526,17,1,21,1630,1,1,1,1.0,6.0,19285,M,4536485.0,154067.0,19
201700020527,17,1,27,900,1,1,1,4.0,7.0,19162,M,4534054.0,156840.0,19
201700020528,17,5,5,2130,3,1,1,1.0,7.0,19285,M,4536911.0,153495.0,19
201700020529,17,6,17,1920,1,1,1,1.0,7.0,19154,M,4533896.0,146570.0,19
201700020530,17,7,19,1845,1,1,1,1.0,3.0,19162,M,4531738.0,155950.0,19
201700020531,17,1,5,737,2,1,1,1.0,1.0,19153,M,4527698.0,140222.0,19
201700020532,17,3,10,1630,1,1,1,1.0,7.0,19279,M,4526307.0,137473.0,19
201700020533,17,3,11,1800,1,1,1,1.0,6.0,19094,M,4530844.0,131475.0,19
201700020534,17,7,11,2015,1,2,1,1.0,6.0,19153,M,4525748.0,141510.0,19
201700020535,17,9,10,2240,3,1,1,1.0,6.0,19242,M,4530697.0,141459.0,19
201700020536,17,9,18,1530,1,1,1,1.0,7.0,19288,M,4527275.0,143376.0,19
201700020537,17,11,2,1130,1,1,1,1.0,3.0,19059,M,4535728.0,130980.0,19
201700020538,17,11,17,1500,1,1,1,1.0,2.0,19015,M,4526683.0,132547.0,19
201700020539,17,12,12,1000,1,1,1,4.0,1.0,19083,M,4567738.0,245886.0,19
201700020540,17,8,28,30,3,1,1,1.0,7.0,19102,M,4537616.0,216433.0,19
201700020541,17,9,15,2000,3,1,1,2.0,1.0,19148,M,4537452.0,221827.0,19
201700020542,17,10,8,1240,1,1,1,1.0,6.0,19157,M,4544017.0,222637.0,19
201700020543,17,12,20,1605,1,1,1,1.0,7.0,19102,M,4537584.0,213610.0,19
201700020544,17,4,18,1345,1,1,3,1.0,5.0,19238,M,4565010.0,226557.0,19
201700020545,17,5,16,2150,2,2,1,1.0,3.0,19241,M,4569348.0,209579.0,19
201700020546,17,5,29,1255,1,1,9,1.0,3.0,19265,M,4565834.0,200571.0,19
201700020547,17,4,6,1545,1,2,3,1.0,3.0,59474,M,5008177.0,376458.0,59
201700020548,17,4,9,1500,1,1,1,1.0,7.0,59353,M,5022419.0,374540.0,59
201700020549,17,4,14,1910,1,2,1,1.0,6.0,59464,M,5019195.0,362492.0,59
201700020550,17,12,5,1825,5,2,2,1.0,1.0,59194,M,5019201.0,363913.0,59
201700020551,17,12,9,1945,3,1,1,1.0,1.0,59099,M,5016881.0,361050.0,59
201700020552,17,12,15,1915,5,2,1,2.0,6.0,59331,M,5012753.0,368683.0,59
201700020553,17,1,29,2000,5,2,1,2.0,6.0,59261,M,5005966.0,406421.0,59
201700020554,17,4,18,1130,1,2,1,1.0,1.0,59525,M,5008546.0,400746.0,59
201700020555,17,4,21,730,1,2,1,1.0,2.0,59601,M,5005847.0,410597.0,59
201700020556,17,5,27,1550,1,1,1,1.0,6.0,59347,M,5009857.0,409191.0,59
201700020557,17,7,13,1630,1,1,1,1.0,1.0,59601,M,5005650.0,412518.0,59
201700020558,17,7,15,2310,3,1,1,2.0,6.0,59045,M,5006515.0,418724.0,59
201700020559,17,8,11,1000,1,2,1,1.0,6.0,59261,M,5004436.0,406311.0,59
201700020560,17,10,11,1705,1,2,3,1.0,6.0,59525,M,5009205.0,400483.0,59
201700020561,17,10,13,700,2,2,1,1.0,6.0,59445,M,5002901.0,414269.0,59
201700020562,17,2,16,420,5,2,1,1.0,6.0,59622,M,5022772.0,341068.0,59
201700020563,17,2,20,1120,1,1,3,2.0,5.0,59567,M,5013569.0,327815.0,59
201700020564,17,5,2,1950,2,1,1,2.0,7.0,59213,M,5015661.0,331470.0,59
201700020565,17,5,21,330,3,1,1,1.0,6.0,59037,M,5019500.0,338897.0,59
201700020566,17,6,10,1920,1,1,1,1.0,7.0,59502,M,5019957.0,336334.0,59
201700020567,17,9,2,545,3,1,1,5.0,6.0,59213,M,5015832.0,330585.0,59
201700020568,17,10,8,1530,1,2,1,1.0,6.0,59141,M,5016957.0,329701.0,59
201700020569,17,3,16,1345,1,2,2,1.0,1.0,59624,M,5002994.0,330788.0,59
201700020570,17,3,22,800,1,2,1,1.0,6.0,59394,M,5007439.0,346750.0,59
201700020571,17,3,26,40,3,1,1,1.0,7.0,59382,M,5004661.0,340507.0,59
201700020572,17,5,18,1610,1,2,1,1.0,6.0,59631,M,5006567.0,333078.0,59
201700020573,17,5,21,1700,1,1,1,1.0,6.0,59074,M,5008250.0,343991.0,59
201700020574,17,6,3,950,1,1,1,1.0,7.0,59631,M,5007962.0,332546.0,59
201700020575,17,7,3,2300,5,2,2,1.0,3.0,59631,M,5006113.0,332854.0,59
201700020576,17,7,10,2300,3,2,1,1.0,7.0,59624,M,5003284.0,329640.0,59
201700020577,17,7,13,50,3,1,1,1.0,6.0,59118,M,5003148.0,347104.0,59
201700020578,17,10,28,615,3,1,1,1.0,6.0,59311,M,5006699.0,348812.0,59
201700020579,17,4,12,845,1,2,1,1.0,3.0,59157,M,5024399.0,416615.0,59
201700020580,17,4,12,1620,1,1,1,1.0,6.0,59151,M,5025282.0,410247.0,59
201700020581,17,4,29,1740,1,2,3,1.0,1.0,59555,M,5017032.0,402679.0,59
201700020582,17,5,7,1845,1,1,1,1.0,3.0,59187,M,5019862.0,395055.0,59
201700020583,17,5,9,1720,1,1,3,1.0,3.0,59231,M,5023981.0,400676.0,59
201700020584,17,8,5,928,1,1,1,8.0,7.0,59157,M,5022930.0,417462.0,59
201700020585,17,11,13,840,1,1,1,1.0,1.0,59142,M,5026817.0,400996.0,59
201700020586,17,11,26,1410,1,1,1,1.0,7.0,59058,M,5022711.0,397361.0,59
201700020587,17,3,10,310,3,1,1,1.0,6.0,51409,M,4885324.0,426787.0,51
201700020588,17,3,16,1920,3,1,1,1.0,6.0,51354,M,4891815.0,450448.0,51
201700020589,17,3,30,2050,3,1,1,1.0,6.0,51231,M,4897456.0,445403.0,51
201700020590,17,4,2,415,5,2,1,1.0,6.0,51231,M,4897868.0,447346.0,51
201700020591,17,4,21,1840,1,1,1,1.0,6.0,51409,M,4887498.0,428427.0,51
201700020592,17,5,2,807,1,1,1,1.0,5.0,51278,M,4907894.0,428397.0,51
201700020593,17,5,20,2230,3,1,1,1.0,6.0,51502,M,4881842.0,448917.0,51
201700020594,17,5,26,540,1,1,1,1.0,6.0,51354,M,4892433.0,452707.0,51
201700020595,17,6,14,1200,1,1,1,1.0,6.0,51260,M,4889892.0,468038.0,51
201700020596,17,8,10,730,2,1,1,8.0,1.0,51208,M,4889797.0,456431.0,51
201700020597,17,8,10,845,1,2,1,1.0,6.0,51634,M,4895872.0,426750.0,51
201700020598,17,8,20,1950,1,1,1,1.0,1.0,51161,M,4904585.0,417312.0,51
201700020599,17,9,3,1230,1,2,2,1.0,3.0,51149,M,4891536.0,447216.0,51
201700020600,17,9,24,1820,2,1,1,1.0,7.0,51616,M,4886744.0,446852.0,51
201700020601,17,11,16,1525,1,1,3,1.0,3.0,51617,M,4903886.0,432209.0,51
201700020602,17,12,5,806,2,1,1,5.0,4.0,51482,M,4888485.0,445868.0,51
201700020603,17,12,6,820,1,1,1,5.0,5.0,51161,M,4906291.0,417571.0,51
201700020604,17,12,24,740,2,1,1,2.0,6.0,51617,M,4902551.0,432506.0,51
201700020605,17,2,25,630,1,1,1,1.0,6.0,51200,M,4900852.0,394995.0,51
201700020606,17,5,20,200,3,2,1,1.0,6.0,51655,M,4892407.0,411460.0,51
201700020607,17,6,17,1816,1,1,1,1.0,1.0,51029,M,4897899.0,399969.0,51
201700020608,17,7,18,1422,1,2,1,1.0,3.0,51093,M,4900273.0,389777.0,51
201700020609,17,7,19,225,3,1,1,1.0,6.0,51558,M,4890360.0,393604.0,51
201700020610,17,7,18,315,3,1,1,1.0,7.0,51107,M,4889856.0,408785.0,51
201700020611,17,9,28,545,3,1,1,1.0,2.0,51239,M,4887051.0,395455.0,51
201700020612,17,10,26,925,1,2,1,5.0,7.0,51196,M,4898740.0,399625.0,51
201700020613,17,11,28,1410,1,1,1,1.0,7.0,51154,M,4880977.0,409536.0,51
201700020614,17,7,24,1610,1,1,1,2.0,1.0,51380,M,4886529.0,355797.0,51
201700020615,17,9,23,144,3,1,3,5.0,6.0,51359,M,4886513.0,348250.0,51
201700020616,17,9,28,2140,3,1,1,1.0,1.0,51381,M,4891197.0,383506.0,51
201700020617,17,10,22,615,3,2,6,1.0,1.0,51113,M,4888101.0,377601.0,51
201700020618,17,1,15,930,1,1,1,8.0,7.0,51432,M,4869248.0,384367.0,51
201700020619,17,3,2,1845,2,1,2,1.0,3.0,51237,M,4871849.0,354728.0,51
201700020620,17,5,11,1530,1,1,1,1.0,3.0,51369,M,4872725.0,368608.0,51
201700020621,17,5,19,1620,1,1,1,1.0,6.0,51535,M,4873942.0,372058.0,51
201700020622,17,7,8,1730,1,1,1,1.0,7.0,51535,M,4871989.0,369893.0,51
201700020623,17,7,28,1005,1,1,1,1.0,6.0,51236,M,4864795.0,356398.0,51
201700020624,17,11,5,1220,1,1,2,1.0,3.0,51137,M,4872819.0,357167.0,51
201700020625,17,12,7,1300,1,1,1,1.0,1.0,51185,M,4871195.0,347772.0,51
201700020626,17,1,22,445,3,1,1,1.0,6.0,51153,M,4903347.0,399107.0,51
201700020627,17,2,13,925,1,1,2,1.0,3.0,51643,M,4900889.0,391652.0,51
201700020628,17,2,17,745,2,1,2,1.0,3.0,51564,M,4908758.0,410592.0,51
201700020629,17,3,2,1545,1,1,1,1.0,6.0,51064,M,4904740.0,410052.0,51
201700020630,17,3,25,1430,1,1,1,1.0,6.0,51331,M,4913320.0,410283.0,51
201700020631,17,3,30,2055,5,2,1,1.0,7.0,51597,M,4906220.0,386987.0,51
201700020632,17,6,11,1525,1,1,1,7.0,6.0,51576,M,4905502.0,412469.0,51
201700020633,17,9,24,1440,1,1,2,7.0,3.0,51028,M,4906247.0,405492.0,51
201700020634,17,10,12,1600,1,1,1,1.0,7.0,51007,M,4909511.0,417624.0,51
201700020635,17,10,20,1715,1,2,1,1.0,3.0,51643,M,4900934.0,390551.0,51
201700020636,17,10,21,1900,5,2,1,2.0,6.0,51488,M,4910866.0,397387.0,51
201700020637,17,11,15,918,1,1,1,1.0,1.0,51597,M,4906365.0,387472.0,51
201700020638,17,3,28,1800,1,2,2,1.0,3.0,51471,M,4919796.0,395216.0,51
201700020639,17,5,10,1815,1,2,1,1.0,6.0,51118,M,4926547.0,397096.0,51
201700020640,17,5,21,1346,1,1,1,1.0,7.0,51527,M,4924954.0,378083.0,51
201700020641,17,6,9,410,3,1,1,2.0,1.0,51171,M,4937135.0,392415.0,51
201700020642,17,7,23,1925,1,1,1,2.0,6.0,51171,M,4938151.0,385955.0,51
201700020643,17,7,27,1410,1,2,3,2.0,3.0,51291,M,4933502.0,391302.0,51
201700020644,17,8,31,1210,1,1,1,1.0,6.0,51518,M,4929878.0,399449.0,51
201700020645,17,9,4,1340,1,2,1,1.0,3.0,51118,M,4927030.0,396457.0,51
201700020646,17,9,16,30,3,1,1,8.0,6.0,51112,M,4917813.0,397840.0,51
201700020647,17,9,30,1330,1,1,1,2.0,6.0,51391,M,4927309.0,388866.0,51
201700020648,17,10,6,1155,1,1,1,1.0,1.0,51291,M,4933527.0,388436.0,51
201700020649,17,10,11,645,5,1,2,1.0,6.0,51391,M,4927352.0,388238.0,51
201700020650,17,10,25,1645,1,2,1,1.0,6.0,51365,M,4921803.0,395700.0,51
201700020651,17,3,5,1915,3,1,1,2.0,1.0,51629,M,4915216.0,401089.0,51
201700020652,17,3,16,1740,1,1,1,7.0,7.0,51623,M,4912312.0,409506.0,51
201700020653,17,6,1,1110,1,1,9,7.0,3.0,51449,M,4920753.0,418298.0,51
201700020654,17,7,28,325,3,1,9,1.0,3.0,51571,M,4914703.0,421644.0,51
201700020655,17,8,25,1815,1,1,3,8.0,3.0,51571,M,4916514.0,419609.0,51
201700020656,17,10,17,730,2,1,9,1.0,3.0,51536,M,4919004.0,415086.0,51
201700020657,17,11,2,1710,2,1,1,2.0,1.0,51044,M,4916937.0,418004.0,51
201700020658,17,12,15,2000,3,1,1,9.0,1.0,51629,M,4914817.0,400741.0,51
201700020659,17,1,20,700,5,2,1,1.0,6.0,51440,M,4929744.0,431455.0,51
201700020660,17,2,27,1350,1,1,1,1.0,3.0,51439,M,4934133.0,417475.0,51
201700020661,17,5,28,1950,1,2,1,1.0,3.0,51440,M,4929824.0,432354.0,51
201700020662,17,8,19,1500,1,1,1,1.0,6.0,51075,M,4934838.0,405567.0,51
201700020663,17,7,9,600,2,1,3,1.0,6.0,51090,M,4878687.0,387031.0,51
201700020664,17,7,19,145,4,2,1,1.0,6.0,51508,M,4861934.0,441360.0,51
201700020665,17,7,22,2357,3,2,1,8.0,6.0,51212,M,4878558.0,427838.0,51
201700020666,17,8,24,1400,1,1,1,9.0,1.0,51463,M,4865493.0,455255.0,51
201700020667,17,9,23,1620,1,1,1,1.0,5.0,51167,M,4873920.0,436973.0,51
201700020668,17,11,11,1545,1,1,1,6.0,6.0,51545,M,4874117.0,420669.0,51
201700020669,17,12,3,700,3,1,1,5.0,7.0,51545,M,4878550.0,422408.0,51
201700020670,17,5,16,820,1,2,1,1.0,6.0,62005,M,5013076.0,277930.0,62
201700020671,17,10,31,1400,1,1,1,1.0,3.0,62829,M,5004434.0,291051.0,62
201700020672,17,12,18,230,5,2,1,1.0,2.0,62829,M,5005868.0,289690.0,62
201700020673,17,5,17,845,1,2,1,1.0,5.0,62693,M,5044086.0,255475.0,62
201700020674,17,6,15,1500,1,1,1,1.0,5.0,62366,M,5041221.0,258560.0,62
201700020675,17,7,26,1930,1,2,1,2.0,6.0,62170,M,5042326.0,267232.0,62
201700020676,17,10,26,1455,1,1,9,1.0,6.0,62443,M,5045444.0,263162.0,62
201700020677,17,3,5,345,3,1,1,3.0,6.0,62896,M,5068108.0,176817.0,62
201700020678,17,3,11,1230,1,1,1,1.0,2.0,62075,M,5068634.0,172743.0,62
201700020679,17,5,21,1127,1,2,1,1.0,1.0,62448,M,5066125.0,167509.0,62
201700020680,17,6,7,1250,1,1,9,1.0,3.0,62214,M,5065484.0,171095.0,62
201700020681,17,7,15,2025,1,2,1,1.0,7.0,62076,M,5076187.0,191826.0,62
201700020682,17,9,15,1852,1,2,1,1.0,6.0,62773,M,5064257.0,174273.0,62
201700020683,17,12,12,1900,3,1,1,4.0,1.0,62880,M,5075513.0,179474.0,62
201700020684,17,12,21,1815,3,2,1,1.0,1.0,62255,M,5069661.0,178835.0,62
201700020685,17,12,29,1730,3,1,1,8.0,2.0,51404,M,4893099.0,477337.0,51
201700020686,17,1,27,1645,2,1,1,1.0,6.0,51621,M,4918915.0,494577.0,51
201700020687,17,3,12,820,1,2,1,1.0,6.0,51053,M,4916224.0,479835.0,51
201700020688,17,11,4,2220,3,1,1,2.0,7.0,51272,M,4895198.0,490361.0,51
201700020689,17,2,11,1645,1,2,1,1.0,3.0,91553,M,4861717.0,249008.0,91
201700020690,17,2,14,530,3,1,6,2.0,3.0,91617,M,4863724.0,250085.0,91
201700020691,17,2,16,1840,5,2,3,2.0,3.0,91553,M,4863043.0,249193.0,91
201700020692,17,2,21,915,1,2,1,1.0,7.0,91573,M,4861597.0,250323.0,91
201700020693,17,3,25,1522,1,1,1,1.0,3.0,91577,M,4859269.0,250327.0,91
201700020694,17,4,9,430,5,2,1,1.0,6.0,91577,M,4858814.0,248945.0,91
201700020695,17,5,2,745,2,2,6,2.0,3.0,91225,M,4863840.0,245958.0,91
201700020696,17,5,13,150,5,2,1,2.0,6.0,91577,M,4859974.0,249633.0,91
201700020697,17,6,11,1915,1,2,6,1.0,7.0,91225,M,4862729.0,247291.0,91
201700020698,17,6,12,1645,1,2,6,1.0,6.0,91225,M,4864273.0,246688.0,91
201700020699,17,8,5,700,1,1,1,1.0,2.0,91617,M,4865572.0,252336.0,91
201700020700,17,9,8,945,1,2,1,2.0,2.0,91600,M,4865157.0,244805.0,91
201700020701,17,9,17,1035,1,2,1,1.0,6.0,91553,M,4862643.0,249147.0,91
201700020702,17,9,20,800,1,1,1,1.0,4.0,91617,M,4864261.0,250256.0,91
201700020703,17,9,19,1410,1,2,1,1.0,1.0,91225,M,4863574.0,245682.0,91
201700020704,17,9,24,745,2,1,1,1.0,2.0,91617,M,4864395.0,251904.0,91
201700020705,17,9,26,1730,1,1,1,1.0,3.0,91617,M,4864679.0,250500.0,91
201700020706,17,10,1,730,3,2,9,2.0,3.0,91225,M,4863192.0,246787.0,91
201700020707,17,10,17,800,1,1,1,1.0,2.0,91514,M,4866380.0,251367.0,91
201700020708,17,11,25,2100,4,2,3,1.0,3.0,91553,M,4862663.0,249154.0,91
201700020709,17,12,29,1845,5,2,1,1.0,2.0,91553,M,4862386.0,247588.0,91
201700020710,17,2,3,810,2,2,1,1.0,7.0,91272,M,4870355.0,210695.0,91
201700020711,17,3,13,755,1,1,1,1.0,2.0,91679,M,4873002.0,212350.0,91
201700020712,17,2,23,1830,2,1,1,1.0,7.0,91538,M,4872359.0,213819.0,91
201700020713,17,3,25,1200,1,1,1,1.0,6.0,91560,M,4867464.0,216649.0,91
201700020714,17,4,8,1420,1,2,1,1.0,6.0,91274,M,4867372.0,212699.0,91
201700020715,17,4,11,1140,1,1,2,1.0,5.0,91679,M,4873285.0,210370.0,91
201700020716,17,4,12,2200,5,2,1,1.0,6.0,91272,M,4870231.0,215278.0,91
201700020717,17,4,26,1240,1,1,1,1.0,6.0,91272,M,4870810.0,213486.0,91
201700020718,17,4,26,830,1,1,1,1.0,2.0,91275,M,4867954.0,213910.0,91
201700020719,17,5,17,930,1,1,2,1.0,3.0,91538,M,4870871.0,213079.0,91
201700020720,17,6,13,1750,1,2,6,1.0,3.0,91272,M,4869798.0,212296.0,91
201700020721,17,6,14,1700,1,1,1,1.0,2.0,91274,M,4866678.0,212821.0,91
201700020722,17,6,27,945,1,2,1,1.0,2.0,91272,M,4870538.0,212251.0,91
201700020723,17,7,2,1015,1,1,1,2.0,1.0,91274,M,4866734.0,213263.0,91
201700020724,17,7,13,2140,3,1,1,3.0,6.0,91272,M,4870838.0,213140.0,91