Num_Acc,an,mois,jour,hrmn,lum,agg,int,atm,col,com,gps,lat,long,dep
201700020725,17,7,27,940,1,1,6,2.0,6.0,91679,M,4872804.0,211956.0,91
201700020726,17,7,28,1730,1,1,1,1.0,3.0,91679,M,4872904.0,213048.0,91
201700020727,17,8,29,1930,2,1,1,1.0,7.0,91679,M,4873459.0,210525.0,91
201700020728,17,9,14,1700,1,1,1,1.0,3.0,91272,M,4870778.0,213331.0,91
201700020729,17,9,26,800,1,2,2,2.0,1.0,91272,M,4870993.0,212886.0,91
201700020730,17,10,22,1750,1,1,1,2.0,3.0,91274,M,4869372.0,210425.0,91
201700020731,17,12,22,1430,1,1,1,2.0,1.0,91538,M,4870791.0,213288.0,91
201700020732,17,12,27,1330,1,2,6,2.0,6.0,91272,M,4868728.0,211520.0,91
201700020733,17,2,23,2100,3,1,1,1.0,6.0,95214,M,4908210.0,241360.0,95
201700020734,17,5,12,1415,1,1,1,1.0,5.0,95365,M,4907120.0,240690.0,95
201700020735,17,6,1,2004,1,2,1,1.0,7.0,95365,M,4907130.0,242550.0,95
201700020736,17,7,2,1145,1,1,1,8.0,5.0,95214,M,4908230.0,241360.0,95
201700020737,17,7,26,35,3,1,1,1.0,2.0,95214,M,4908740.0,241570.0,95
201700020738,17,8,20,1100,1,1,3,1.0,1.0,95365,M,4906860.0,243480.0,95
201700020739,17,9,29,525,3,1,1,1.0,2.0,95365,M,4906290.0,240210.0,95
201700020740,17,10,4,1757,1,1,1,1.0,1.0,95493,M,4909930.0,245120.0,95
201700020741,17,10,17,2340,3,1,1,5.0,1.0,95352,M,4911570.0,240190.0,95
201700020742,17,11,10,1850,3,1,1,8.0,3.0,95365,M,4907660.0,241010.0,95
201700020743,17,1,7,2210,3,1,1,4.0,6.0,89432,M,4810747.0,357346.0,89
201700020744,17,2,18,2330,3,1,1,5.0,6.0,89014,M,4809846.0,358632.0,89
201700020745,17,4,14,1840,1,1,1,1.0,6.0,89471,M,4820836.0,338604.0,89
201700020746,17,4,28,1130,1,1,1,1.0,3.0,89240,M,4817465.0,340019.0,89
201700020747,17,6,2,1228,1,1,1,1.0,1.0,89239,M,4818337.0,332956.0,89
201700020748,17,6,4,1630,1,2,2,1.0,3.0,89461,M,4823524.0,355626.0,89
201700020749,17,6,27,1205,1,2,2,1.0,3.0,89239,M,4817017.0,334212.0,89
201700020750,17,7,11,915,1,2,1,1.0,4.0,89236,M,4814670.0,330719.0,89
201700020751,17,8,4,1620,1,1,1,1.0,7.0,89195,M,4817414.0,325946.0,89
201700020752,17,8,23,855,1,1,1,1.0,3.0,89291,M,4810841.0,328506.0,89
201700020753,17,9,2,1520,1,1,1,1.0,7.0,89399,M,4825363.0,332995.0,89
201700020754,17,11,7,855,1,2,1,5.0,4.0,89387,M,4814602.0,330661.0,89
201700020755,17,12,1,1721,5,2,1,4.0,3.0,89014,M,4809307.0,359641.0,89
201700020756,17,12,10,1040,1,2,1,2.0,7.0,89122,M,4828489.0,355204.0,89
201700020757,17,12,30,2217,3,1,1,6.0,6.0,89171,M,4822192.0,351924.0,89
201700020758,17,1,4,1300,1,1,1,1.0,6.0,04205,M,4437590.0,635294.0,04
201700020759,17,4,6,1130,1,1,1,1.0,6.0,04033,M,4443290.0,630159.0,04
201700020760,17,6,13,1615,1,1,1,1.0,2.0,04161,M,4441950.0,644607.0,04
201700020761,17,6,25,1300,1,1,1,1.0,7.0,04033,M,4445260.0,631874.0,04
201700020762,17,7,22,1215,1,2,9,1.0,7.0,04126,M,4441380.0,635225.0,04
201700020763,17,8,13,1420,1,1,1,1.0,3.0,04102,M,4444620.0,639274.0,04
201700020764,17,8,20,1345,1,2,1,1.0,6.0,04102,M,4443230.0,642734.0,04
201700020765,17,8,22,1407,1,1,1,1.0,6.0,04198,M,4444790.0,637106.0,04
201700020766,17,10,6,1820,1,1,1,1.0,7.0,04161,M,4440020.0,649559.0,04
201700020767,17,11,6,1310,1,1,1,1.0,1.0,04161,M,4439730.0,647975.0,04
201700020768,17,1,1,2100,3,1,9,1.0,6.0,57534,M,4906713.0,624381.0,57
201700020769,17,2,3,1235,1,1,1,1.0,4.0,57425,M,4898757.0,633600.0,57
201700020770,17,5,30,1615,1,1,1,1.0,1.0,57057,M,4899038.0,638797.0,57
201700020771,17,6,2,1750,1,2,1,1.0,6.0,57057,M,4898545.0,637802.0,57
201700020772,17,6,9,2045,1,2,1,1.0,1.0,57534,M,4907426.0,623977.0,57
201700020773,17,8,30,1700,1,2,4,1.0,3.0,57552,M,4904825.0,618446.0,57
201700020774,17,12,21,1815,3,1,5,2.0,5.0,57627,M,4904343.0,633799.0,57
201700020775,17,3,29,824,1,1,2,1.0,5.0,57563,M,4909627.0,648898.0,57
201700020776,17,7,5,1600,1,1,1,1.0,3.0,57612,M,4921357.0,636201.0,57
201700020777,17,7,16,1815,1,1,3,1.0,3.0,57043,M,4925562.0,620088.0,57
201700020778,17,9,9,1820,1,2,3,1.0,3.0,57523,M,4911601.0,630329.0,57
201700020779,17,2,5,2040,3,1,1,5.0,7.0,57695,M,4914060.0,646454.0,57
201700020780,17,2,21,211,3,1,1,2.0,7.0,57097,M,4917939.0,650959.0,57
201700020781,17,2,24,1300,1,2,1,1.0,1.0,57167,M,4930687.0,640278.0,57
201700020782,17,3,31,2010,3,1,1,1.0,7.0,57329,M,4925006.0,648721.0,57
201700020783,17,6,9,1900,1,1,2,1.0,2.0,57542,M,4924598.0,642064.0,57
201700020784,17,7,26,620,1,1,1,1.0,6.0,57167,M,4930455.0,638328.0,57
201700020785,17,7,28,830,1,1,2,1.0,3.0,57235,M,4929434.0,650339.0,57
201700020786,17,8,12,1520,1,2,3,1.0,6.0,57106,M,4929168.0,653409.0,57
201700020787,17,9,17,1600,1,2,1,1.0,6.0,57106,M,4929872.0,652665.0,57
201700020788,17,10,7,1412,1,2,1,1.0,4.0,57106,M,4929177.0,653882.0,57
201700020789,17,3,13,1620,1,1,1,1.0,7.0,57171,M,4888267.0,638495.0,57
201700020790,17,4,23,800,1,1,1,1.0,1.0,57018,M,4883314.0,650421.0,57
201700020791,17,5,29,1045,1,1,1,1.0,6.0,57151,M,4890016.0,665517.0,57
201700020792,17,8,14,650,1,1,1,1.0,6.0,57238,M,4884110.0,645609.0,57
201700020793,17,8,25,1100,1,2,1,1.0,1.0,57132,M,4882394.0,649493.0,57
201700020794,17,9,18,700,1,1,1,1.0,6.0,57434,M,4872156.0,678095.0,57
201700020795,17,11,9,415,3,1,1,2.0,1.0,57559,M,4889048.0,637683.0,57
201700020796,17,11,22,1150,1,2,1,1.0,6.0,57132,M,4882366.0,649999.0,57
201700020797,17,12,25,525,3,1,1,2.0,6.0,57126,M,4877807.0,647098.0,57
201700020798,17,2,2,1100,1,1,1,1.0,5.0,57174,M,4893568.0,659515.0,57
201700020799,17,4,5,830,1,2,1,1.0,6.0,57275,M,4902609.0,667466.0,57
201700020800,17,4,25,2110,3,1,1,1.0,1.0,57687,M,4895701.0,667876.0,57
201700020801,17,12,10,2015,3,1,1,8.0,6.0,57262,M,4896506.0,672572.0,57
201700020802,17,2,3,1555,1,1,1,1.0,6.0,57504,M,4862587.0,701442.0,57
201700020803,17,4,21,2030,1,2,1,1.0,1.0,57321,M,4869455.0,704902.0,57
201700020804,17,5,17,1345,1,1,3,7.0,3.0,57044,M,4873860.0,681842.0,57
201700020805,17,6,23,1530,1,1,1,1.0,7.0,57682,M,4861124.0,703493.0,57
201700020806,17,3,8,1135,1,2,1,2.0,6.0,57540,M,4876672.0,725880.0,57
201700020807,17,5,4,1405,1,1,1,1.0,2.0,57427,M,,,57
201700020808,17,5,13,1845,1,2,1,1.0,7.0,57334,M,4868076.0,717983.0,57
201700020809,17,6,5,700,2,2,9,1.0,6.0,57114,M,4876402.0,715625.0,57
201700020810,17,6,6,1830,1,1,1,2.0,2.0,57721,M,4878337.0,724343.0,57
201700020811,17,6,11,1952,1,2,4,1.0,3.0,57334,M,4867665.0,717723.0,57
201700020812,17,6,12,1845,1,2,1,1.0,1.0,57742,M,4865309.0,715157.0,57
201700020813,17,7,7,840,1,1,1,1.0,6.0,57244,M,4871438.0,722077.0,57
201700020814,17,7,10,930,1,1,1,1.0,6.0,57300,M,4869570.0,720562.0,57
201700020815,17,8,1,1000,1,1,1,1.0,6.0,57407,M,4877964.0,714521.0,57
201700020816,17,8,1,1700,1,2,3,1.0,3.0,57064,M,4880181.0,724241.0,57
201700020817,17,8,6,2130,3,1,1,1.0,6.0,57163,M,4860106.0,725489.0,57
201700020818,17,8,15,955,1,1,5,1.0,3.0,57468,M,4876426.0,722103.0,57
201700020819,17,9,1,1110,1,2,3,1.0,3.0,57540,M,4876558.0,725414.0,57
201700020820,17,10,14,1640,1,1,1,1.0,6.0,57334,M,4869374.0,713151.0,57
201700020821,17,11,12,905,1,1,1,3.0,6.0,57540,M,4876116.0,724746.0,57
201700020822,17,12,6,2330,3,1,6,5.0,6.0,57540,M,4876899.0,723901.0,57
201700020823,17,7,15,2035,1,2,3,1.0,6.0,57633,M,4908975.0,711007.0,57
201700020824,17,8,20,340,3,1,1,1.0,7.0,57535,M,4905178.0,731695.0,57
201700020825,17,9,11,630,2,2,9,2.0,6.0,57589,M,4904770.0,726409.0,57
201700020826,17,12,23,520,3,1,1,9.0,2.0,57408,M,4914963.0,699520.0,57
201700020827,17,1,10,1000,1,1,1,4.0,6.0,57489,M,4898254.0,747849.0,57
201700020828,17,2,2,1840,5,2,4,1.0,6.0,57089,M,4904972.0,742954.0,57
201700020829,17,2,25,1945,3,1,1,1.0,6.0,57089,M,4903542.0,747691.0,57
201700020830,17,5,25,1600,1,1,2,1.0,3.0,57089,M,4904617.0,745878.0,57
201700020831,17,6,25,210,3,1,1,1.0,6.0,57089,M,4904412.0,743029.0,57
201700020832,17,10,18,1240,1,1,1,1.0,6.0,57658,M,4896473.0,730087.0,57
201700020833,17,10,14,1625,1,1,1,1.0,4.0,57338,M,4907618.0,738067.0,57
201700020834,17,12,19,700,3,1,1,8.0,7.0,57732,M,4912516.0,738262.0,57
201700020835,17,4,9,1645,1,1,9,1.0,3.0,57628,M,4900915.0,699411.0,57
201700020836,17,6,12,1825,1,1,1,1.0,1.0,57267,M,4897855.0,692404.0,57
201700020837,17,8,21,1401,1,1,2,1.0,3.0,57628,M,4899579.0,701393.0,57
201700020838,17,2,5,1110,1,1,1,2.0,6.0,57498,M,4929268.0,600365.0,57
201700020839,17,2,16,830,2,1,1,1.0,6.0,57498,M,4932305.0,603803.0,57
201700020840,17,2,19,1945,3,1,1,2.0,5.0,57038,M,,,57
201700020841,17,4,2,1210,1,1,1,1.0,7.0,57565,M,4949206.0,591732.0,57
201700020842,17,7,2,2015,1,1,1,1.0,1.0,57038,M,4945546.0,595536.0,57
201700020843,17,8,7,1530,1,2,2,1.0,2.0,57678,M,4941396.0,599204.0,57
201700020844,17,10,17,1810,2,2,1,1.0,6.0,57096,M,4937310.0,595126.0,57
201700020845,17,11,6,1620,1,2,2,1.0,3.0,57041,M,4942022.0,593989.0,57
201700020846,17,2,15,1915,5,2,1,1.0,6.0,57269,M,4930689.0,621472.0,57
201700020847,17,3,4,200,5,2,1,1.0,6.0,57067,M,4931225.0,619650.0,57
201700020848,17,4,28,2200,3,1,1,5.0,6.0,57359,M,4933121.0,639306.0,57
201700020849,17,5,5,1700,1,1,1,1.0,7.0,57331,M,4929860.0,635738.0,57
201700020850,17,5,10,1830,1,1,1,1.0,1.0,57704,M,4934088.0,638066.0,57
201700020851,17,5,16,830,1,1,1,1.0,6.0,57102,M,4926611.0,618793.0,57
201700020852,17,7,4,1750,1,1,1,1.0,3.0,57287,M,4937734.0,625115.0,57
201700020853,17,7,9,1645,1,2,1,1.0,6.0,57331,M,4929731.0,634766.0,57
201700020854,17,9,8,115,3,1,6,1.0,7.0,57370,M,4939321.0,626948.0,57
201700020855,17,11,10,2030,3,2,1,1.0,6.0,57102,M,4927198.0,619764.0,57
201700020856,17,1,8,1015,2,1,1,5.0,2.0,35251,M,4827415.0,-159986.0,35
201700020857,17,2,4,2030,3,1,2,2.0,1.0,35173,M,4823075.0,-170643.0,35
201700020858,17,4,6,1350,1,2,7,1.0,6.0,35024,M,4818098.0,-163635.0,35
201700020859,17,6,20,1805,1,1,1,1.0,1.0,35024,M,4816590.0,-164538.0,35
201700020860,17,7,3,1725,1,1,1,1.0,5.0,35173,M,4819589.0,-169501.0,35
201700020861,17,8,1,740,1,1,1,1.0,1.0,35024,M,4818192.0,-162474.0,35
201700020862,17,8,23,1825,1,1,2,1.0,3.0,35251,M,4825596.0,-160387.0,35
201700020863,17,9,20,830,1,1,3,1.0,3.0,35173,M,4819840.0,-169198.0,35
201700020864,17,9,20,815,1,1,9,1.0,3.0,35173,M,4820431.0,-169570.0,35
201700020865,17,9,28,900,2,1,1,1.0,4.0,35024,M,4817431.0,-162577.0,35
201700020866,17,10,5,1920,1,1,1,1.0,1.0,35251,M,4825272.0,-160921.0,35
201700020867,17,10,31,1045,1,1,1,1.0,2.0,35193,M,4825622.0,-172064.0,35
201700020868,17,12,26,1700,2,2,1,3.0,6.0,35024,M,4818122.0,-163811.0,35
201700020869,17,3,12,500,5,2,1,1.0,6.0,31157,M,4353762.0,134253.0,31
201700020870,17,5,13,1025,1,2,1,1.0,6.0,31157,M,4353901.0,135108.0,31
201700020871,17,6,13,908,1,2,1,1.0,7.0,31588,M,4352461.0,134400.0,31
201700020872,17,8,1,1100,1,2,6,1.0,2.0,31157,M,4354550.0,135065.0,31
201700020873,17,8,24,1750,1,2,2,1.0,1.0,31588,M,4352626.0,133517.0,31
201700020874,17,3,18,445,3,2,1,2.0,6.0,29237,M,4846881.0,-419589.0,29
201700020875,17,11,26,210,5,2,3,1.0,6.0,29181,M,4848588.0,-424519.0,29
201700020876,17,8,18,1400,1,1,1,1.0,7.0,03180,M,4653358.0,348473.0,03
201700020877,17,8,31,700,2,1,1,1.0,1.0,03086,M,4647891.0,383209.0,03
201700020878,17,10,25,1035,1,1,1,1.0,4.0,33272,M,4506641.0,-39282.0,33
201700020879,17,1,14,628,3,2,1,1.0,1.0,30047,M,4380614.0,443447.0,30
201700020880,17,1,22,730,3,1,1,2.0,7.0,30034,M,4376770.0,447445.0,30
201700020881,17,1,24,1330,1,2,6,1.0,7.0,30125,M,4376315.0,442699.0,30
201700020882,17,2,13,1410,1,1,1,1.0,7.0,30135,M,4384329.0,454690.0,30
201700020883,17,4,7,1900,1,1,3,1.0,3.0,30047,M,4380021.0,440999.0,30
201700020884,17,4,18,930,2,2,9,1.0,6.0,30034,M,4375696.0,451275.0,30
201700020885,17,6,15,735,1,1,3,7.0,1.0,30034,M,4374562.0,452019.0,30
201700020886,17,7,4,2030,1,1,1,1.0,1.0,30034,M,4375968.0,448886.0,30
201700020887,17,7,11,1545,1,1,1,1.0,1.0,30034,M,4376429.0,447632.0,30
201700020888,17,7,20,620,2,1,1,2.0,6.0,30034,M,4376694.0,447484.0,30
201700020889,17,8,19,1435,1,1,1,1.0,1.0,30125,M,4379163.0,443019.0,30
201700020890,17,10,7,150,3,1,1,6.0,6.0,30047,M,4379164.0,443018.0,30
201700020891,17,11,10,2100,3,1,1,1.0,7.0,30034,M,4377332.0,451865.0,30
201700020892,17,4,16,955,1,2,4,1.0,2.0,62297,M,5081336.0,217458.0,62
201700020893,17,5,23,1550,1,1,1,1.0,7.0,62595,M,5078756.0,216854.0,62
201700020894,17,10,8,1725,1,1,2,1.0,3.0,62297,M,5079541.0,212981.0,62
201700020895,17,10,12,745,2,2,3,8.0,3.0,62595,M,5078768.0,216889.0,62
201700020896,17,10,16,700,2,1,1,1.0,3.0,62297,M,5082230.0,219628.0,62
201700020897,17,12,6,800,3,2,1,1.0,6.0,62297,M,5082155.0,219408.0,62
201700020898,17,2,5,815,1,1,1,8.0,6.0,83087,M,4339081.0,578208.0,83
201700020899,17,2,10,1355,1,2,1,1.0,2.0,83116,M,4343514.0,585424.0,83
201700020900,17,2,11,1100,1,1,9,8.0,3.0,83097,M,4346872.0,574729.0,83
201700020901,17,2,17,1500,1,1,1,1.0,3.0,83116,M,4346161.0,582756.0,83
201700020902,17,2,21,1800,1,1,1,1.0,6.0,83116,M,4343995.0,586314.0,83
201700020903,17,2,27,30,3,1,1,1.0,2.0,83097,M,4348337.0,570736.0,83
201700020904,17,3,3,830,1,1,1,1.0,4.0,83125,M,4349937.0,590091.0,83
201700020905,17,3,3,1850,2,1,1,1.0,1.0,83125,M,4351454.0,587705.0,83
201700020906,17,3,11,2230,3,1,1,1.0,6.0,83120,M,4337902.0,571425.0,83
201700020907,17,5,21,1020,1,1,1,1.0,3.0,83125,M,4352587.0,586470.0,83
201700020908,17,5,26,105,3,1,1,1.0,6.0,83087,M,4339451.0,579957.0,83
201700020909,17,6,2,1530,1,1,1,1.0,5.0,83087,M,4339081.0,578208.0,83
201700020910,17,7,8,1255,1,1,1,1.0,1.0,83140,M,4340877.0,592701.0,83
201700020911,17,7,17,2015,1,2,1,1.0,2.0,83116,M,4345559.0,584999.0,83
201700020912,17,8,4,2015,2,1,1,1.0,1.0,83021,M,4346186.0,595477.0,83
201700020913,17,8,15,1635,1,1,1,1.0,1.0,83125,M,4351454.0,587705.0,83
201700020914,17,8,18,1230,1,1,1,1.0,2.0,83120,M,4338560.0,571387.0,83
201700020915,17,8,29,1835,2,1,1,1.0,6.0,83096,M,4346810.0,578391.0,83
201700020916,17,10,29,905,1,1,1,1.0,2.0,83116,M,4346298.0,582613.0,83
201700020917,17,11,11,200,3,1,1,1.0,1.0,83096,M,4347038.0,577552.0,83
201700020918,17,12,8,2015,3,1,1,1.0,1.0,83140,M,4340532.0,593825.0,83
201700020919,17,12,15,740,2,2,6,1.0,6.0,83116,M,,,83
201700020920,17,12,30,1255,1,1,1,9.0,6.0,83087,M,4339064.0,577928.0,83
201700020921,17,1,5,1225,1,1,1,1.0,1.0,83018,M,4336027.0,620015.0,83
201700020922,17,2,6,635,2,1,1,1.0,3.0,83031,M,4337379.0,637544.0,83
201700020923,17,2,23,1550,1,1,1,1.0,6.0,83018,M,4334765.0,619266.0,83
201700020924,17,3,22,1810,1,2,1,1.0,3.0,83067,M,4332037.0,628572.0,83
201700020925,17,4,10,1600,1,1,1,1.0,1.0,83026,M,4341811.0,623532.0,83
201700020926,17,4,12,1421,1,1,1,1.0,2.0,83026,M,4344493.0,620761.0,83
201700020927,17,4,13,1700,1,1,1,1.0,3.0,83018,M,4334628.0,617985.0,83
201700020928,17,5,26,1855,1,1,1,1.0,7.0,83067,M,4333541.0,629693.0,83
201700020929,17,6,11,1820,1,1,1,1.0,1.0,83031,M,4340779.0,635186.0,83
201700020930,17,6,17,1600,1,2,1,1.0,3.0,83057,M,4337648.0,622169.0,83
201700020931,17,6,17,1930,1,1,1,1.0,6.0,83073,M,4338010.0,631396.0,83
201700020932,17,7,11,1100,1,2,1,1.0,3.0,83092,M,4329969.0,622829.0,83
201700020933,17,7,12,1915,1,1,4,1.0,1.0,83092,M,,,83
201700020934,17,8,23,715,1,1,1,1.0,7.0,83018,M,4335758.0,619384.0,83
201700020935,17,8,28,1515,1,2,1,1.0,6.0,83031,M,4339487.0,634471.0,83
201700020936,17,9,16,2310,3,1,1,1.0,6.0,83018,M,4335687.0,619413.0,83
201700020937,17,9,27,1430,1,2,1,1.0,1.0,83031,M,4337379.0,637544.0,83
201700020938,17,10,11,1835,1,1,1,1.0,3.0,83031,M,4338248.0,635923.0,83
201700020939,17,11,17,2245,3,1,1,1.0,3.0,83067,M,4331577.0,629735.0,83
201700020940,17,12,15,730,2,2,6,1.0,6.0,83073,M,4339116.0,631139.0,83
201700020941,17,2,10,1840,5,2,1,1.0,6.0,74263,M,4633338.0,638750.0,74
201700020942,17,4,5,630,2,1,1,2.0,6.0,74048,M,4627446.0,639639.0,74
201700020943,17,4,8,1845,1,2,1,1.0,1.0,74171,M,4631299.0,633897.0,74
201700020944,17,4,20,1700,1,2,3,1.0,3.0,74180,M,4635024.0,628426.0,74
201700020945,17,5,13,100,3,1,3,2.0,1.0,74005,M,4634377.0,646462.0,74
201700020946,17,5,22,1940,1,2,1,1.0,1.0,74043,M,4625130.0,637528.0,74
201700020947,17,5,27,40,3,1,1,1.0,7.0,74263,M,4631996.0,639602.0,74
201700020948,17,6,2,1200,1,1,1,1.0,7.0,74150,M,4628115.0,631033.0,74
201700020949,17,6,22,2115,2,1,1,1.0,6.0,74005,M,4631709.0,644157.0,74
201700020950,17,7,7,1906,1,2,4,1.0,3.0,74263,M,4632681.0,638018.0,74
201700020951,17,7,17,1915,1,1,1,1.0,1.0,74105,M,4629437.0,627571.0,74
201700020952,17,7,18,1900,1,1,1,1.0,3.0,74263,M,4633203.0,637777.0,74
201700020953,17,7,23,1220,1,1,1,1.0,5.0,74156,M,4628601.0,641832.0,74
201700020954,17,7,25,1655,1,1,3,1.0,1.0,74163,M,4634030.0,641568.0,74
201700020955,17,8,26,1325,1,1,9,1.0,4.0,74106,M,4628124.0,647052.0,74
201700020956,17,9,11,1540,1,2,1,2.0,3.0,74171,M,4632021.0,633617.0,74
201700020957,17,9,21,1750,1,1,1,1.0,2.0,74070,M,4629116.0,627131.0,74
201700020958,17,9,29,1150,1,2,4,1.0,2.0,74005,M,4633978.0,645666.0,74
201700020959,17,10,2,740,1,1,2,1.0,3.0,74043,M,4627294.0,634201.0,74
201700020960,17,10,26,1822,2,1,1,1.0,5.0,74043,M,4625932.0,634488.0,74
201700020961,17,10,27,1630,1,1,1,1.0,6.0,74293,M,4627035.0,628240.0,74
201700020962,17,11,4,1727,5,2,6,2.0,1.0,74157,M,4634193.0,652005.0,74
201700020963,17,11,10,1145,1,1,1,1.0,6.0,74163,M,4631970.0,642399.0,74
201700020964,17,11,20,1210,1,2,3,7.0,6.0,74263,M,4632727.0,638937.0,74
201700020965,17,2,17,834,1,1,1,1.0,6.0,24439,M,4514438.0,79521.0,24
201700020966,17,4,27,835,1,1,1,1.0,6.0,24309,M,4510090.0,48699.0,24
201700020967,17,7,8,530,3,1,1,1.0,3.0,24013,M,4513565.0,75493.0,24
201700020968,17,10,29,1830,2,1,1,1.0,2.0,24234,M,4500636.0,37184.0,24
201700020969,17,1,7,115,3,1,1,1.0,6.0,34217,M,4372211.0,386898.0,34
201700020970,17,1,31,810,1,1,1,2.0,1.0,34217,M,4373016.0,387108.0,34
201700020971,17,3,3,2040,3,1,1,1.0,6.0,34309,M,4367263.0,394447.0,34
201700020972,17,3,6,1150,1,2,1,1.0,3.0,34309,M,4368835.0,392753.0,34
201700020973,17,4,4,740,1,1,1,1.0,3.0,34169,M,4365905.0,386791.0,34
201700020974,17,6,12,1450,1,1,1,1.0,3.0,34217,M,4373273.0,386803.0,34
201700020975,17,9,11,1015,1,1,1,1.0,4.0,34118,M,4373279.0,391286.0,34
201700020976,17,9,20,1635,1,1,6,1.0,3.0,34077,M,4365073.0,388350.0,34
201700020977,17,11,4,715,5,2,9,2.0,6.0,34120,M,4366319.0,391183.0,34
201700020978,17,12,3,1710,1,1,1,1.0,7.0,34217,M,4372201.0,386853.0,34
201700020979,17,12,9,1200,1,2,1,1.0,6.0,34169,M,4367131.0,385175.0,34
201700020980,17,1,18,1150,1,1,2,1.0,5.0,16271,M,4562167.0,14663.0,16
201700020981,17,12,25,1715,2,1,1,1.0,7.0,16154,M,4569796.0,14991.0,16
201700020982,17,12,22,750,2,2,1,2.0,3.0,16291,M,4568045.0,20441.0,16
201700020983,17,12,27,1700,2,2,6,1.0,6.0,16154,M,4567857.0,15699.0,16
201700020984,17,3,19,240,5,2,1,1.0,1.0,16015,M,4565413.0,15785.0,16
201700020985,17,4,15,2050,2,2,3,1.0,3.0,16291,M,4567762.0,22221.0,16
201700020986,17,4,29,2300,5,2,1,1.0,3.0,16015,M,4564971.0,17112.0,16
201700020987,17,5,17,1415,1,2,3,1.0,3.0,16374,M,4564189.0,18564.0,16
201700020988,17,6,9,1015,1,1,1,1.0,2.0,16358,M,4567376.0,14200.0,16
201700020989,17,9,20,425,5,2,1,1.0,6.0,16154,M,4566799.0,17217.0,16
201700020990,17,7,28,445,3,1,1,1.0,6.0,16015,M,4565408.0,11943.0,16
201700020991,17,10,11,1815,5,2,1,1.0,6.0,16358,M,4566233.0,13440.0,16
201700020992,17,9,16,1700,1,1,1,1.0,1.0,16015,M,4564124.0,14722.0,16
201700020993,17,10,26,1045,1,2,1,1.0,6.0,16015,M,4566015.0,14080.0,16
201700020994,17,10,18,1215,1,2,6,1.0,3.0,16015,M,4565855.0,14210.0,16
201700020995,17,9,27,1600,1,1,1,1.0,3.0,16166,M,4567333.0,19077.0,16
201700020996,17,10,29,1815,3,1,1,2.0,2.0,16358,M,4567850.0,14844.0,16
201700020997,17,1,9,910,1,1,6,8.0,3.0,16150,M,4568165.0,-29209.0,16
201700020998,17,1,9,1830,5,2,1,2.0,6.0,16102,M,4568665.0,-32264.0,16
201700020999,17,5,18,1710,1,2,1,1.0,1.0,16102,M,4568810.0,-31863.0,16
201700021000,17,6,1,1010,1,2,2,1.0,3.0,16102,M,4570404.0,-33882.0,16
201700021001,17,6,10,2135,2,2,1,1.0,7.0,16102,M,4569134.0,-34681.0,16
201700021002,17,8,2,1655,1,2,2,1.0,3.0,16102,M,4568779.0,-31444.0,16
201700021003,17,8,16,1442,1,2,1,1.0,6.0,16102,M,4569060.0,-32137.0,16
201700021004,17,9,5,1340,1,2,6,1.0,7.0,16102,M,4568503.0,-32916.0,16
201700021005,17,9,15,1515,1,2,6,1.0,7.0,16089,M,4569042.0,-29991.0,16
201700021006,17,10,4,1455,1,2,1,1.0,6.0,16102,M,4568848.0,-31455.0,16
201700021007,17,10,4,1545,1,2,1,1.0,6.0,16102,M,4569000.0,-32026.0,16
201700021008,17,10,14,2120,5,2,4,1.0,3.0,16102,M,4569317.0,-32566.0,16
201700021009,17,10,22,1620,1,1,1,2.0,3.0,16089,M,4566320.0,-29937.0,16
201700021010,17,11,15,1825,5,2,2,1.0,3.0,16089,M,4567524.0,-32813.0,16
201700021011,17,12,4,1525,1,2,6,1.0,2.0,16089,M,4567882.0,-31131.0,16
201700021012,17,12,10,1745,5,2,6,3.0,3.0,16102,M,4569422.0,-34872.0,16
201700021013,17,12,12,1035,1,2,1,1.0,7.0,16102,M,4569505.0,-32587.0,16
201700021014,17,7,5,1600,1,1,1,1.0,3.0,77006,M,4841339.0,258406.0,77
201700021015,17,9,21,2245,5,1,2,1.0,6.0,77069,M,4846210.0,260806.0,77
201700021016,17,10,1,1245,1,2,1,2.0,6.0,77006,M,4841740.0,256537.0,77
201700021017,17,11,17,830,1,1,1,2.0,5.0,77359,M,4848326.0,256795.0,77
201700021018,17,6,15,1540,1,2,1,1.0,3.0,69260,M,4564152.0,480887.0,69
201700021019,17,6,30,515,2,1,1,1.0,7.0,69260,M,4565007.0,480977.0,69
201700021020,17,7,3,830,1,2,1,1.0,6.0,69100,M,4567564.0,482288.0,69
201700021021,17,7,11,1520,1,2,1,1.0,3.0,69100,M,4565782.0,481970.0,69
201700021022,17,7,20,505,5,1,1,9.0,6.0,69133,M,4563449.0,480490.0,69
201700021023,17,9,4,1700,1,2,1,1.0,1.0,69100,M,4569066.0,482163.0,69
201700021024,17,10,16,1600,1,2,1,1.0,1.0,69100,M,4568223.0,482875.0,69
201700021025,17,11,3,1245,1,2,1,1.0,1.0,69100,M,4568680.0,482671.0,69
201700021026,17,11,25,635,5,2,1,3.0,6.0,69046,M,4564820.0,479373.0,69
201700021027,17,12,1,725,2,2,1,2.0,2.0,69260,M,4564797.0,480441.0,69