Num_Acc,an,mois,jour,hrmn,lum,agg,int,atm,col,com,gps,lat,long,dep
201700021028,17,11,30,1315,1,2,1,1.0,6.0,69260,M,4565131.0,481319.0,69
201700021029,17,12,28,2130,3,1,1,8.0,6.0,69046,M,4566819.0,479435.0,69
201700021030,17,2,10,740,1,2,1,1.0,3.0,59301,M,5049497.0,355082.0,59
201700021031,17,4,23,1142,1,2,1,1.0,2.0,59114,M,5047157.0,348742.0,59
201700021032,17,6,2,1700,1,2,1,1.0,6.0,59335,M,5045670.0,342282.0,59
201700021033,17,7,8,1915,1,2,1,7.0,6.0,59301,M,5046703.0,354516.0,59
201700021034,17,11,19,330,5,2,3,2.0,3.0,59335,M,5048233.0,342514.0,59
201700021035,17,1,26,1710,2,2,6,1.0,6.0,66189,M,4265467.0,295359.0,66
201700021036,17,6,11,700,1,2,1,1.0,6.0,66028,M,,,66
201700021037,17,9,13,1340,1,2,9,1.0,3.0,66189,M,4265845.0,295399.0,66
201700021038,17,10,17,850,1,2,1,1.0,6.0,66028,M,4267770.0,294171.0,66
201700021039,17,12,7,1950,3,2,1,1.0,5.0,17299,M,4593064.0,-98106.0,17
201700021040,17,1,4,845,1,2,1,1.0,7.0,17299,M,4594776.0,-97633.0,17
201700021041,17,1,24,1720,1,1,1,1.0,3.0,17299,M,4595570.0,-98184.0,17
201700021042,17,1,31,1545,1,1,1,1.0,7.0,17299,M,4596508.0,-95936.0,17
201700021043,17,2,7,1705,1,1,6,1.0,6.0,17449,M,4595352.0,-87892.0,17
201700021044,17,2,10,1045,1,1,3,1.0,3.0,17449,M,4595953.0,-93093.0,17
201700021045,17,2,16,1445,1,2,4,1.0,6.0,17299,M,4593592.0,-96911.0,17
201700021046,17,3,14,1630,1,2,1,1.0,2.0,17299,M,4593395.0,-95866.0,17
201700021047,17,3,18,1730,1,2,1,1.0,3.0,17299,M,4592340.0,-95934.0,17
201700021048,17,3,21,705,2,2,1,2.0,7.0,17299,M,4593281.0,95920.0,17
201700021049,17,3,28,1810,1,2,1,1.0,3.0,17449,M,4594929.0,-92060.0,17
201700021050,17,4,7,1740,1,2,2,1.0,3.0,17299,M,4592564.0,-95998.0,17
201700021051,17,4,12,1835,1,2,1,1.0,3.0,17449,M,4595003.0,-92544.0,17
201700021052,17,4,25,2000,1,2,1,1.0,1.0,17299,M,4595227.0,-95401.0,17
201700021053,17,5,17,845,1,2,6,1.0,3.0,17299,M,4593709.0,-98285.0,17
201700021054,17,6,2,1540,1,2,1,1.0,3.0,17449,M,4594436.0,-89324.0,17
201700021055,17,6,28,1505,1,1,2,1.0,2.0,17449,M,4594444.0,-86479.0,17
201700021056,17,7,4,1545,1,2,3,1.0,3.0,17299,M,4595556.0,-96912.0,17
201700021057,17,8,2,1445,1,2,1,1.0,4.0,17449,M,4594835.0,-91406.0,17
201700021058,17,8,3,710,2,2,6,1.0,3.0,17299,M,4594337.0,-96031.0,17
201700021059,17,8,15,2220,3,1,1,1.0,6.0,17449,M,4596222.0,-88610.0,17
201700021060,17,8,16,120,4,1,1,1.0,7.0,17299,M,4596117.0,-97921.0,17
201700021061,17,8,23,1425,1,1,1,1.0,1.0,17299,M,4592725.0,-97749.0,17
201700021062,17,9,13,1730,1,1,1,1.0,4.0,17299,M,4592665.0,-97677.0,17
201700021063,17,9,26,740,2,2,6,1.0,3.0,17449,M,4594818.0,-91053.0,17
201700021064,17,9,27,1345,1,2,1,1.0,3.0,17449,M,4594248.0,-89096.0,17
201700021065,17,9,28,755,1,2,1,1.0,4.0,17449,M,4594990.0,-89873.0,17
201700021066,17,10,6,2230,5,2,1,1.0,3.0,17299,M,4593497.0,-97959.0,17
201700021067,17,10,20,1115,1,2,1,1.0,2.0,17299,M,4594600.0,-95519.0,17
201700021068,17,11,14,1440,1,2,1,1.0,6.0,17299,M,4593735.0,-96407.0,17
201700021069,17,11,25,855,1,2,1,2.0,6.0,17299,M,4595167.0,-97722.0,17
201700021070,17,11,27,1045,1,2,1,1.0,2.0,17299,M,4594610.0,-98860.0,17
201700021071,17,11,30,1755,5,2,1,2.0,6.0,17299,M,4594312.0,-96073.0,17
201700021072,17,12,5,1635,1,2,1,7.0,6.0,17299,M,4594185.0,-96285.0,17
201700021073,17,1,4,914,1,2,2,5.0,3.0,17200,M,4618950.0,-114297.0,17
201700021074,17,1,4,1213,1,2,2,1.0,6.0,17300,M,4615910.0,-118278.0,17
201700021075,17,1,4,1650,1,2,2,1.0,3.0,17300,M,4614790.0,-114800.0,17
201700021076,17,1,5,1209,1,2,1,1.0,5.0,17274,M,4615340.0,-111320.0,17
201700021077,17,1,5,2005,5,2,6,1.0,2.0,17274,M,4615341.0,-111303.0,17
201700021078,17,1,8,40,5,1,1,1.0,2.0,17291,M,4617557.0,-110874.0,17
201700021079,17,1,14,1630,1,2,1,1.0,6.0,17300,M,4616965.0,-114792.0,17
201700021080,17,1,18,1200,1,2,3,1.0,6.0,17300,M,4616933.0,-118519.0,17
201700021081,17,1,23,1630,1,1,1,1.0,7.0,17300,M,4616882.0,-114523.0,17
201700021082,17,1,24,935,1,2,3,1.0,6.0,17300,M,4616225.0,-114231.0,17
201700021083,17,1,24,1025,1,2,1,1.0,6.0,17300,M,4616919.0,-112896.0,17
201700021084,17,1,25,1005,1,2,1,1.0,6.0,17300,M,4616566.0,-118796.0,17
201700021085,17,1,25,1105,1,2,2,1.0,7.0,17300,M,4615491.0,-113586.0,17
201700021086,17,1,26,750,2,2,3,1.0,3.0,17300,M,4616650.0,-115321.0,17
201700021087,17,1,27,1510,1,2,1,1.0,4.0,17300,M,4616733.0,-113467.0,17
201700021088,17,1,27,1645,1,2,1,1.0,4.0,17300,M,4616802.0,-113255.0,17
201700021089,17,1,28,1135,1,2,1,2.0,3.0,17274,M,4616435.0,-110890.0,17
201700021090,17,1,29,215,5,2,1,5.0,2.0,17291,M,4617920.0,-109665.0,17
201700021091,17,1,31,1525,1,2,1,1.0,6.0,17300,M,4616919.0,-117859.0,17
201700021092,17,1,31,1703,1,2,6,1.0,3.0,17300,M,4615190.0,-113975.0,17
201700021093,17,1,31,1829,5,2,6,1.0,5.0,17300,M,4616571.0,-118826.0,17
201700021094,17,2,1,110,5,2,9,1.0,6.0,17300,M,4615883.0,-114774.0,17
201700021095,17,2,1,746,2,2,1,1.0,2.0,17300,M,4617371.0,-115037.0,17
201700021096,17,2,2,755,5,2,3,2.0,3.0,17300,M,4616174.0,-115284.0,17
201700021097,17,2,4,1600,1,1,1,1.0,7.0,17274,M,4615745.0,-107514.0,17
201700021098,17,2,6,1501,1,2,3,2.0,2.0,17300,M,4616036.0,-119255.0,17
201700021099,17,2,6,1815,5,2,1,2.0,2.0,17028,M,4613327.0,111304.0,17
201700021100,17,2,7,850,1,1,1,8.0,4.0,17300,M,4617554.0,-112475.0,17
201700021101,17,2,7,1040,1,1,1,1.0,6.0,17028,M,4613725.0,-110362.0,17
201700021102,17,2,7,1715,1,2,6,1.0,6.0,17291,M,4617920.0,-112266.0,17
201700021103,17,2,8,1820,1,1,1,1.0,4.0,17300,M,4617368.0,-117829.0,17
201700021104,17,2,8,1846,3,1,1,1.0,4.0,17200,M,4617939.0,-115397.0,17
201700021105,17,2,9,2335,5,2,1,1.0,6.0,17300,M,4615893.0,-120227.0,17
201700021106,17,2,10,705,5,2,6,1.0,3.0,17300,M,4616145.0,-113972.0,17
201700021107,17,2,10,1324,1,2,2,1.0,3.0,17300,M,4616354.0,-115467.0,17
201700021108,17,2,13,2015,5,2,6,1.0,3.0,17300,M,4614601.0,-115241.0,17
201700021109,17,2,10,1635,1,2,1,1.0,6.0,17028,M,4613725.0,-110361.0,17
201700021110,17,2,10,2125,5,2,6,1.0,3.0,17300,M,4616480.0,-118360.0,17
201700021111,17,2,16,1802,1,2,1,1.0,3.0,17300,M,4610416.0,-113009.0,17
201700021112,17,2,16,1815,1,2,1,1.0,2.0,17300,M,4616861.0,-112869.0,17
201700021113,17,2,19,703,2,2,1,1.0,6.0,17300,M,4616110.0,-117480.0,17
201700021114,17,2,20,1426,1,2,2,2.0,6.0,17300,M,4616732.0,-118166.0,17
201700021115,17,2,23,2235,5,2,7,1.0,6.0,17300,M,4615722.0,-115694.0,17
201700021116,17,2,27,725,2,1,1,1.0,4.0,17291,M,4617557.0,-110875.0,17
201700021117,17,2,28,820,1,1,1,6.0,6.0,17200,M,4618199.0,-117187.0,17
201700021118,17,2,28,1530,1,2,2,1.0,3.0,17300,M,4615206.0,-112405.0,17
201700021119,17,2,28,1945,5,2,1,1.0,2.0,17300,M,4615199.0,-112367.0,17
201700021120,17,3,5,650,5,2,2,3.0,6.0,17300,M,4614206.0,115830.0,17
201700021121,17,3,6,1515,1,2,6,6.0,3.0,17300,M,4613880.0,-115455.0,17
201700021122,17,3,9,1215,1,2,2,1.0,3.0,17200,M,4618971.0,-115545.0,17
201700021123,17,3,10,850,1,1,1,1.0,3.0,17300,M,4613714.0,114993.0,17
201700021124,17,3,10,1415,1,2,1,1.0,3.0,17300,M,4616483.0,-120419.0,17
201700021125,17,3,10,1655,1,2,1,1.0,6.0,17300,M,4615951.0,114888.0,17
201700021126,17,3,10,1735,1,1,1,1.0,4.0,17291,M,4617242.0,112143.0,17
201700021127,17,3,11,1455,1,2,1,1.0,6.0,17300,M,4615142.0,-111802.0,17
201700021128,17,3,13,930,1,2,6,2.0,3.0,17300,M,4616910.0,-114990.0,17
201700021129,17,3,14,820,1,2,1,1.0,2.0,17291,M,4617480.0,-111135.0,17
201700021130,17,3,14,1816,1,2,3,1.0,3.0,17300,M,4615945.0,-120001.0,17
201700021131,17,3,18,1309,1,2,2,2.0,3.0,17300,M,4617140.0,-117700.0,17
201700021132,17,3,20,200,3,2,1,1.0,6.0,17300,M,4617033.0,-120474.0,17
201700021133,17,3,24,345,5,2,3,1.0,6.0,17300,M,4614402.0,-113677.0,17
201700021134,17,3,24,2200,5,1,1,2.0,6.0,17300,M,4617554.0,-121502.0,17
201700021135,17,3,27,1840,1,2,3,1.0,3.0,17300,M,4615312.0,-112778.0,17
201700021136,17,3,27,1920,1,2,1,1.0,2.0,17291,M,4618765.0,-111835.0,17
201700021137,17,3,30,1620,1,2,1,1.0,6.0,17300,M,4615975.0,-116569.0,17
201700021138,17,3,30,1741,1,2,2,1.0,3.0,17300,M,4616245.0,-115846.0,17
201700021139,17,4,3,1730,1,2,1,1.0,3.0,17300,M,4615016.0,-114575.0,17
201700021140,17,4,5,1635,1,2,1,1.0,2.0,17300,M,4617236.0,-112454.0,17
201700021141,17,4,8,1329,1,1,1,1.0,1.0,17291,M,4617331.0,-111589.0,17
201700021142,17,4,10,1600,1,2,1,1.0,3.0,17300,M,4616812.0,-113260.0,17
201700021143,17,4,11,1145,1,1,1,1.0,2.0,17291,M,4617922.0,-109661.0,17
201700021144,17,4,12,210,5,2,1,1.0,6.0,17300,M,4616146.0,-113970.0,17
201700021145,17,4,15,1236,1,1,1,1.0,6.0,17300,M,4615461.0,-111472.0,17
201700021146,17,4,16,330,3,2,1,1.0,6.0,17300,M,4613925.0,-115518.0,17
201700021147,17,4,19,1135,1,2,3,1.0,3.0,17291,M,4617662.0,-111484.0,17
201700021148,17,4,19,1220,1,1,1,1.0,2.0,17291,M,4617922.0,-109666.0,17
201700021149,17,4,21,850,1,2,1,1.0,3.0,17300,M,4614147.0,-113887.0,17
201700021150,17,4,22,1140,1,2,2,1.0,3.0,17300,M,4615485.0,-113581.0,17
201700021151,17,4,23,1950,1,2,2,1.0,3.0,17300,M,4615887.0,-114645.0,17
201700021152,17,4,24,1228,1,2,1,1.0,6.0,17300,M,4616773.0,-113342.0,17
201700021153,17,4,26,1041,1,2,1,1.0,6.0,17300,M,4615985.0,-117958.0,17
201700021154,17,4,26,2019,1,2,1,1.0,1.0,17300,M,4616335.0,-114536.0,17
201700021155,17,4,27,935,1,2,6,1.0,7.0,17300,M,4616160.0,-113991.0,17
201700021156,17,4,29,648,1,2,6,1.0,7.0,17300,M,4616154.0,-120256.0,17
201700021157,17,5,1,1335,1,2,3,1.0,3.0,17028,M,4613180.0,-110710.0,17
201700021158,17,5,3,1424,1,1,1,1.0,3.0,17274,M,4616722.0,-109230.0,17
201700021159,17,5,4,755,1,2,2,1.0,3.0,17300,M,4615298.0,-114888.0,17
201700021160,17,5,5,1730,1,1,1,1.0,1.0,17300,M,4617583.0,-117493.0,17
201700021161,17,5,6,1710,1,1,1,1.0,6.0,17274,M,4615769.0,-107183.0,17
201700021162,17,5,7,440,5,2,2,1.0,6.0,17300,M,4616424.0,-120272.0,17
201700021163,17,5,7,1620,1,2,2,1.0,3.0,17300,M,4616820.0,-113223.0,17
201700021164,17,5,9,1755,1,2,1,1.0,3.0,17300,M,4616265.0,-115397.0,17
201700021165,17,5,12,1810,1,1,1,1.0,5.0,17200,M,4617739.0,-116252.0,17
201700021166,17,5,17,800,1,1,1,1.0,3.0,17291,M,4619074.0,-111508.0,17
201700021167,17,5,18,1515,1,2,3,2.0,6.0,17300,M,4616138.0,-116203.0,17
201700021168,17,5,19,823,1,2,1,2.0,6.0,17300,M,4615227.0,-113718.0,17
201700021169,17,5,22,1614,1,2,1,1.0,4.0,17300,M,4613726.0,-110362.0,17
201700021170,17,5,22,1744,1,2,2,1.0,3.0,17300,M,4616331.0,-118205.0,17
201700021171,17,5,23,829,1,2,1,1.0,3.0,17300,M,4616914.0,-114650.0,17
201700021172,17,5,24,845,1,2,2,1.0,3.0,17300,M,4615869.0,-115953.0,17
201700021173,17,5,26,1426,1,1,1,1.0,7.0,17028,M,4612850.0,-110312.0,17
201700021174,17,5,26,1740,1,1,1,1.0,4.0,17291,M,4617350.0,-111527.0,17
201700021175,17,5,27,834,1,2,3,1.0,3.0,17300,M,4616222.0,-114223.0,17
201700021176,17,5,30,826,1,2,9,1.0,3.0,17300,M,4615381.0,-118378.0,17
201700021177,17,6,1,1705,1,1,1,1.0,2.0,17291,M,4617920.0,-109665.0,17
201700021178,17,6,1,1900,1,2,1,1.0,3.0,17300,M,4616654.0,115305.0,17
201700021179,17,6,2,1713,1,2,1,1.0,2.0,17291,M,4617194.0,-112082.0,17
201700021180,17,6,2,1713,1,2,2,1.0,6.0,17300,M,4617542.0,-113279.0,17
201700021181,17,6,11,410,5,2,1,1.0,6.0,17300,M,4615880.0,-115137.0,17
201700021182,17,6,11,1300,1,2,2,1.0,3.0,17300,M,4615685.0,-118035.0,17
201700021183,17,6,12,1305,1,2,1,1.0,6.0,17300,M,4614005.0,116468.0,17
201700021184,17,6,12,1955,1,1,1,1.0,4.0,17200,M,4618158.0,-114152.0,17
201700021185,17,6,14,750,1,2,2,1.0,2.0,17300,M,4616727.0,-119505.0,17
201700021186,17,6,14,835,1,2,1,1.0,6.0,17300,M,4617001.0,-114652.0,17
201700021187,17,6,17,756,1,2,1,1.0,6.0,17291,M,4617729.0,-111591.0,17
201700021188,17,6,17,1005,1,2,3,1.0,3.0,17300,M,4616120.0,-115305.0,17
201700021189,17,6,17,1909,1,1,1,1.0,1.0,17300,M,4614181.0,-113985.0,17
201700021190,17,6,23,1700,1,2,1,1.0,6.0,17274,M,4616194.0,-109444.0,17
201700021191,17,6,24,1531,1,1,1,1.0,4.0,17142,M,4617907.0,-109657.0,17
201700021192,17,6,26,1152,1,2,1,1.0,1.0,17028,M,4613726.0,-110892.0,17
201700021193,17,6,27,2045,1,1,1,1.0,6.0,17274,M,4616472.0,-111156.0,17
201700021194,17,6,28,1600,1,2,3,2.0,3.0,17300,M,4616776.0,-118299.0,17
201700021195,17,7,4,1300,1,2,2,1.0,3.0,17028,M,4614152.0,-112152.0,17
201700021196,17,7,6,745,1,2,1,2.0,3.0,17300,M,4616102.0,-118689.0,17
201700021197,17,7,6,1745,1,2,2,1.0,2.0,17300,M,4615620.0,-113069.0,17
201700021198,17,7,7,1255,1,2,3,1.0,3.0,17300,M,4616038.0,-115568.0,17
201700021199,17,7,9,450,3,1,1,1.0,6.0,17200,M,4619373.0,-114124.0,17
201700021200,17,7,13,330,5,2,1,2.0,6.0,17200,M,4618961.0,-115364.0,17
201700021201,17,7,13,1145,1,2,1,1.0,4.0,17200,M,4618624.0,-115096.0,17
201700021202,17,7,14,545,5,2,1,1.0,6.0,17274,M,4615380.0,-109858.0,17
201700021203,17,7,15,1240,1,1,1,1.0,5.0,17300,M,4617405.0,-120236.0,17
201700021204,17,7,16,1620,1,2,1,1.0,3.0,17300,M,4615995.0,-114115.0,17
201700021205,17,7,17,1330,1,2,1,1.0,5.0,17028,M,4613315.0,-111989.0,17
201700021206,17,7,17,1830,1,2,1,1.0,1.0,17300,M,4615699.0,-114262.0,17
201700021207,17,7,18,1155,1,2,2,1.0,3.0,17291,M,4617126.0,112299.0,17
201700021208,17,7,20,1145,1,2,1,1.0,3.0,17300,M,4615383.0,-114833.0,17
201700021209,17,7,21,1805,1,2,1,1.0,2.0,17300,M,4616720.0,-113893.0,17
201700021210,17,7,23,1150,1,2,2,1.0,3.0,17300,M,4616722.0,-117773.0,17
201700021211,17,7,23,1450,1,2,1,1.0,1.0,17300,M,4615187.0,-114056.0,17
201700021212,17,7,24,1110,1,2,1,1.0,3.0,17300,M,4614094.0,-115754.0,17
201700021213,17,7,24,1330,1,1,1,1.0,7.0,17300,M,4616248.0,-112194.0,17
201700021214,17,7,27,905,1,1,1,8.0,2.0,17028,M,4612563.0,-110822.0,17
201700021215,17,7,27,1015,1,2,1,2.0,6.0,17300,M,4616121.0,-116203.0,17
201700021216,17,8,4,1735,1,1,1,1.0,2.0,17300,M,4617092.0,-118923.0,17
201700021217,17,8,8,1050,1,2,6,1.0,3.0,17300,M,4616900.0,-114970.0,17
201700021218,17,8,10,910,1,2,1,1.0,3.0,17300,M,4616341.0,-116942.0,17
201700021219,17,8,13,715,1,2,1,1.0,6.0,17300,M,4616607.0,-118952.0,17
201700021220,17,8,13,1903,1,2,1,1.0,7.0,17300,M,4615452.0,-117119.0,17
201700021221,17,8,14,1310,1,2,1,1.0,3.0,17300,M,4614998.0,-120608.0,17
201700021222,17,8,15,605,5,2,6,8.0,7.0,17300,M,4615268.0,-111550.0,17
201700021223,17,8,16,1840,1,2,2,1.0,2.0,17300,M,4615802.0,-114232.0,17
201700021224,17,8,18,1250,1,2,1,8.0,2.0,17300,M,4615948.0,-119986.0,17
201700021225,17,8,18,2200,5,2,1,1.0,7.0,17300,M,4616310.0,-115527.0,17
201700021226,17,8,21,845,1,2,1,7.0,3.0,17300,M,4615939.0,-116364.0,17
201700021227,17,8,22,830,1,2,3,1.0,3.0,17300,M,4616224.0,-114225.0,17
201700021228,17,8,22,1400,1,2,6,1.0,3.0,17300,M,4616169.0,-120276.0,17
201700021229,17,8,24,855,1,2,1,1.0,3.0,17300,M,4616768.0,-114027.0,17
201700021230,17,8,24,1259,1,2,1,1.0,1.0,17300,M,4615613.0,-113962.0,17
201700021231,17,8,25,105,5,2,1,1.0,3.0,17300,M,4617124.0,-112304.0,17
201700021232,17,8,27,1915,1,2,1,1.0,2.0,17200,M,4617645.0,-116594.0,17
201700021233,17,8,28,1605,1,2,3,1.0,1.0,17300,M,4616416.0,-120372.0,17
201700021234,17,9,3,1855,1,2,3,2.0,3.0,17300,M,4616174.0,-114668.0,17
201700021235,17,9,4,30,5,2,1,2.0,6.0,17300,M,4615460.0,-113625.0,17
201700021236,17,9,4,915,1,2,6,1.0,3.0,17291,M,4617762.0,-111656.0,17
201700021237,17,9,4,1345,1,1,9,1.0,4.0,17300,M,4617544.0,-121492.0,17
201700021238,17,9,5,1824,1,2,1,1.0,3.0,17200,M,4618090.0,-115289.0,17
201700021239,17,9,11,2050,5,2,1,2.0,7.0,17291,M,4618256.0,-112081.0,17
201700021240,17,9,12,745,2,1,1,3.0,2.0,17291,M,4617614.0,-112549.0,17
201700021241,17,9,14,1611,1,2,1,1.0,6.0,17300,M,4616202.0,-115411.0,17
201700021242,17,9,16,715,3,1,1,1.0,6.0,17200,M,4619238.0,-114795.0,17
201700021243,17,9,19,845,1,2,1,1.0,2.0,17300,M,4615473.0,-111709.0,17
201700021244,17,9,20,1435,1,1,1,1.0,7.0,17200,M,4617938.0,-115406.0,17
201700021245,17,9,20,1708,1,1,1,1.0,2.0,17028,M,4613034.0,-109832.0,17
201700021246,17,9,22,1755,1,1,1,1.0,3.0,17274,M,4615703.0,-110803.0,17
201700021247,17,9,24,535,5,2,2,1.0,3.0,17300,M,4616737.0,-116384.0,17
201700021248,17,9,28,1530,1,2,1,1.0,1.0,17300,M,4615840.0,-115070.0,17
201700021249,17,9,29,726,2,2,3,1.0,6.0,17300,M,4616919.0,-112906.0,17
201700021250,17,9,29,850,1,2,1,1.0,4.0,17300,M,4616617.0,-115103.0,17
201700021251,17,9,29,1610,1,2,3,1.0,1.0,17300,M,4613986.0,-115610.0,17
201700021252,17,10,2,1420,1,2,3,1.0,3.0,17300,M,4616207.0,-114344.0,17
201700021253,17,10,3,755,2,2,1,8.0,3.0,17300,M,4615691.0,111942.0,17
201700021254,17,10,6,715,3,1,1,1.0,6.0,17028,M,4612800.0,-113300.0,17
201700021255,17,10,6,1445,1,2,1,1.0,6.0,17300,M,4615455.0,-113195.0,17
201700021256,17,10,7,1235,1,2,3,1.0,3.0,17200,M,4617931.0,115604.0,17
201700021257,17,10,7,1430,1,2,1,1.0,6.0,17300,M,4616905.0,-112907.0,17
201700021258,17,10,8,805,1,2,1,1.0,7.0,17300,M,4616495.0,-117515.0,17
201700021259,17,10,9,1653,1,1,1,1.0,4.0,17300,M,4617873.0,-115538.0,17
201700021260,17,10,10,750,2,1,1,2.0,4.0,17300,M,4617886.0,-112892.0,17
201700021261,17,10,10,1010,1,1,1,2.0,2.0,17300,M,4617906.0,-115329.0,17
201700021262,17,10,10,1645,1,2,1,1.0,6.0,17300,M,4614756.0,-115366.0,17
201700021263,17,10,11,905,1,2,1,1.0,6.0,17300,M,4617380.0,-112730.0,17
201700021264,17,10,12,1315,1,2,4,1.0,3.0,17300,M,4616253.0,-118223.0,17
201700021265,17,10,12,1400,1,2,1,1.0,3.0,17300,M,4615142.0,-114400.0,17
201700021266,17,10,12,1730,1,2,3,1.0,3.0,17300,M,4614098.0,114129.0,17
201700021267,17,10,12,1805,1,2,1,1.0,2.0,17200,M,4618795.0,-116041.0,17
201700021268,17,10,14,1409,1,2,6,1.0,1.0,17300,M,4613977.0,-114520.0,17
201700021269,17,10,14,1740,1,2,1,1.0,6.0,17300,M,4617418.0,-114605.0,17
201700021270,17,10,15,1130,1,2,3,1.0,2.0,17300,M,4616493.0,-119492.0,17
201700021271,17,10,16,800,1,1,1,1.0,2.0,17028,M,4613730.0,-110347.0,17
201700021272,17,10,17,1630,1,2,1,1.0,3.0,17300,M,4616087.0,-112310.0,17
201700021273,17,10,18,740,2,2,6,2.0,7.0,17200,M,4619027.0,-114654.0,17
201700021274,17,10,18,1050,1,2,1,1.0,1.0,17300,M,4615859.0,-114816.0,17
201700021275,17,10,19,1505,1,2,6,1.0,2.0,17200,M,4619021.0,-114660.0,17
201700021276,17,10,19,1540,1,2,6,1.0,7.0,17028,M,4613642.0,-112493.0,17
201700021277,17,10,20,800,2,2,2,1.0,3.0,17300,M,4615796.0,-114230.0,17
201700021278,17,10,21,2025,5,2,1,2.0,2.0,17300,M,4615321.0,-111574.0,17
201700021279,17,10,22,1100,1,2,1,2.0,6.0,17300,M,4614078.0,-116913.0,17
201700021280,17,10,23,1450,1,2,1,1.0,3.0,17291,M,4617454.0,-111633.0,17
201700021281,17,10,25,745,5,2,1,1.0,7.0,17300,M,4616969.0,-114674.0,17
201700021282,17,10,26,1807,2,1,1,1.0,4.0,17028,M,4612086.0,-110936.0,17
201700021283,17,10,26,1828,1,1,1,1.0,2.0,17028,M,4613726.0,-110363.0,17
201700021284,17,10,28,405,5,2,1,1.0,7.0,17200,M,4618371.0,-115224.0,17
201700021285,17,10,31,1444,1,2,1,1.0,6.0,17300,M,4616004.0,-115346.0,17
201700021286,17,10,31,1655,1,2,1,1.0,2.0,17300,M,4616508.0,-118518.0,17
201700021287,17,11,2,1640,1,2,1,1.0,2.0,17300,M,4616951.0,-112804.0,17
201700021288,17,11,3,810,1,2,1,1.0,6.0,17300,M,4616245.0,-115922.0,17
201700021289,17,11,3,1125,1,2,9,1.0,3.0,17200,M,4617517.0,-116903.0,17
201700021290,17,11,4,1140,1,2,1,1.0,2.0,17300,M,4614451.0,-113773.0,17
201700021291,17,11,9,750,1,2,3,1.0,3.0,17300,M,4616367.0,-117120.0,17
201700021292,17,11,9,1100,1,2,1,1.0,6.0,17274,M,4615338.0,-108470.0,17
201700021293,17,11,10,815,1,2,3,1.0,2.0,17291,M,4618252.0,-112515.0,17
201700021294,17,11,14,1710,1,2,3,1.0,3.0,17300,M,4616277.0,-115236.0,17
201700021295,17,11,15,1455,1,2,3,1.0,3.0,17300,M,4616551.0,-118891.0,17
201700021296,17,11,17,940,1,2,6,1.0,6.0,17300,M,4616958.0,-115125.0,17
201700021297,17,11,18,1300,1,2,6,1.0,3.0,17300,M,4616449.0,-118180.0,17
201700021298,17,11,20,1910,3,2,1,1.0,4.0,17300,M,4615582.0,-111596.0,17
201700021299,17,11,20,2120,5,2,1,1.0,3.0,17300,M,4615607.0,-113198.0,17
201700021300,17,11,23,1325,1,2,2,1.0,7.0,17300,M,4614738.0,-115306.0,17
201700021301,17,11,24,1250,1,2,3,2.0,2.0,17300,M,4615927.0,-120009.0,17
201700021302,17,11,25,1523,1,2,1,1.0,2.0,17028,M,4613580.0,-112265.0,17
201700021303,17,11,26,1100,1,2,1,1.0,6.0,17300,M,4616159.0,-120397.0,17
201700021304,17,11,28,822,1,2,1,3.0,1.0,17300,M,4616003.0,-114784.0,17
201700021305,17,11,28,815,1,2,3,3.0,3.0,17300,M,4617199.0,-116367.0,17
201700021306,17,12,4,1225,1,2,3,1.0,3.0,17200,M,4617930.0,-115605.0,17
201700021307,17,12,6,855,1,2,2,1.0,6.0,17300,M,4616957.0,-117000.0,17
201700021308,17,12,6,1811,5,2,3,5.0,3.0,17300,M,4615946.0,-120006.0,17
201700021309,17,12,8,2055,5,2,1,1.0,3.0,17028,M,4608170.0,-107450.0,17
201700021310,17,12,12,1017,1,2,6,1.0,3.0,17300,M,4616734.0,-114016.0,17
201700021311,17,12,14,800,2,2,1,9.0,2.0,17300,M,4616257.0,-116006.0,17
201700021312,17,12,15,1847,5,2,3,1.0,3.0,17200,M,4618421.0,-114245.0,17
201700021313,17,12,15,1957,3,1,1,1.0,2.0,17291,M,4617922.0,-109664.0,17
201700021314,17,12,16,1854,5,2,1,1.0,6.0,17300,M,4616504.0,-118490.0,17
201700021315,17,12,18,710,5,2,1,2.0,6.0,17300,M,4615898.0,-114740.0,17
201700021316,17,12,18,1230,1,1,1,2.0,7.0,17291,M,4617881.0,-112877.0,17
201700021317,17,12,18,1850,5,2,6,1.0,3.0,17300,M,4616907.0,-114967.0,17
201700021318,17,12,18,1950,3,2,1,1.0,7.0,17300,M,4616224.0,-115862.0,17
201700021319,17,12,19,830,1,2,1,1.0,2.0,17300,M,4614045.0,-116550.0,17
201700021320,17,12,21,230,5,2,1,1.0,6.0,17300,M,4615819.0,-117298.0,17
201700021321,17,12,21,850,2,2,2,5.0,3.0,17200,M,4618951.0,-114298.0,17
201700021322,17,12,22,1348,1,2,6,2.0,3.0,17291,M,4618143.0,-112473.0,17
201700021323,17,12,23,1240,1,2,1,1.0,3.0,17291,M,4617750.0,-111003.0,17
201700021324,17,12,25,1830,5,2,2,1.0,7.0,17300,M,4616827.0,-113225.0,17
201700021325,17,12,27,1813,3,2,1,1.0,2.0,17291,M,4617382.0,-111461.0,17
201700021326,17,12,30,305,5,2,2,2.0,6.0,17300,M,4615793.0,-114216.0,17