Num_Acc,an,mois,jour,hrmn,lum,agg,int,atm,col,com,gps,lat,long,dep
201700021327,17,11,14,1031,1,2,1,1.0,3.0,17306,M,4562775.0,-102817.0,17
201700021328,17,11,15,1922,5,2,1,1.0,2.0,17306,M,4562403.0,-102912.0,17
201700021329,17,1,3,1200,1,2,2,1.0,6.0,17306,M,4563107.0,-103673.0,17
201700021330,17,11,16,1144,1,2,1,1.0,1.0,17461,M,4563177.0,-105683.0,17
201700021331,17,11,19,1059,1,2,3,1.0,3.0,17306,M,4562505.0,-100423.0,17
201700021332,17,1,10,1015,1,2,1,1.0,6.0,17306,M,4562089.0,-103071.0,17
201700021333,17,11,20,1810,5,2,1,1.0,6.0,17333,M,4560665.0,-99053.0,17
201700021334,17,1,12,1805,1,2,1,1.0,6.0,17306,M,4562457.0,-100262.0,17
201700021335,17,11,24,1750,3,1,1,1.0,1.0,17306,M,4563508.0,-101455.0,17
201700021336,17,1,13,1628,1,2,1,1.0,2.0,17306,M,4564761.0,-102433.0,17
201700021337,17,11,30,1538,1,2,1,1.0,3.0,17306,M,4563234.0,-100011.0,17
201700021338,17,1,14,1005,1,2,1,1.0,6.0,17306,M,4562111.0,-100241.0,17
201700021339,17,1,26,1400,1,2,1,1.0,6.0,17380,M,4565193.0,-106361.0,17
201700021340,17,12,1,815,1,2,1,9.0,6.0,17333,M,4559151.0,-98049.0,17
201700021341,17,12,7,1310,1,2,2,1.0,3.0,17333,M,4560646.0,-99011.0,17
201700021342,17,2,13,1600,1,2,2,1.0,3.0,17306,M,4562414.0,-104489.0,17
201700021343,17,12,11,1800,5,2,1,1.0,6.0,17306,M,4562487.0,-102542.0,17
201700021344,17,2,17,1800,1,2,2,1.0,3.0,17333,M,4561282.0,-99100.0,17
201700021345,17,12,19,1140,1,2,1,1.0,3.0,17306,M,4563101.0,-99964.0,17
201700021346,17,2,21,1530,1,2,1,1.0,6.0,17306,M,4562326.0,-103053.0,17
201700021347,17,2,23,2030,5,2,1,1.0,2.0,17306,M,4563184.0,-98588.0,17
201700021348,17,3,1,850,1,2,1,1.0,3.0,17306,M,4563265.0,-101838.0,17
201700021349,17,3,2,703,2,1,1,5.0,4.0,17306,M,4563209.0,-100909.0,17
201700021350,17,3,4,1537,1,2,1,1.0,6.0,17306,M,4562470.0,-102919.0,17
201700021351,17,3,15,1440,1,2,1,1.0,3.0,17306,M,4562676.0,-101901.0,17
201700021352,17,3,20,1935,2,2,2,1.0,3.0,17306,M,4563561.0,-102636.0,17
201700021353,17,3,23,1537,1,2,1,1.0,2.0,17306,M,4562994.0,-99315.0,17
201700021354,17,3,29,1830,1,2,1,1.0,2.0,17306,M,4564129.0,-102473.0,17
201700021355,17,4,11,1752,1,2,1,1.0,1.0,17306,M,4565057.0,-102427.0,17
201700021356,17,4,12,840,1,2,6,1.0,3.0,17333,M,4560756.0,-99232.0,17
201700021357,17,4,17,1115,1,2,1,1.0,1.0,17306,M,4562813.0,-102146.0,17
201700021358,17,4,19,1820,1,1,1,1.0,4.0,17306,M,4563969.0,-102947.0,17
201700021359,17,4,24,1555,1,1,1,1.0,1.0,17306,M,4564281.0,-103851.0,17
201700021360,17,4,26,2138,2,2,1,1.0,2.0,17380,M,4565144.0,-108040.0,17
201700021361,17,5,3,2130,5,2,1,1.0,6.0,17306,M,4563069.0,-102776.0,17
201700021362,17,5,7,230,5,1,1,1.0,6.0,17461,M,4564844.0,-104999.0,17
201700021363,17,5,9,835,1,2,1,7.0,2.0,17306,M,4563305.0,-101945.0,17
201700021364,17,5,12,1750,1,2,1,1.0,2.0,17306,M,4562297.0,-100641.0,17
201700021365,17,5,17,1730,1,2,1,2.0,3.0,17461,M,4564718.0,-104958.0,17
201700021366,17,5,25,1111,1,2,1,1.0,2.0,17306,M,4564774.0,-102431.0,17
201700021367,17,5,26,1650,1,1,1,1.0,6.0,17380,M,4566241.0,-113315.0,17
201700021368,17,5,27,1405,1,2,1,1.0,2.0,17333,M,4559526.0,-99183.0,17
201700021369,17,5,28,552,3,1,1,1.0,6.0,17306,M,4563908.0,-102437.0,17
201700021370,17,5,31,1045,1,2,1,1.0,1.0,17333,M,4560689.0,-97437.0,17
201700021371,17,6,1,825,1,2,1,1.0,3.0,17380,M,4564733.0,-110993.0,17
201700021372,17,6,2,1530,1,2,1,1.0,3.0,17380,M,4566176.0,-107220.0,17
201700021373,17,6,7,817,1,2,1,1.0,2.0,17306,M,4564305.0,-102473.0,17
201700021374,17,6,7,905,1,2,1,1.0,6.0,17306,M,4563018.0,-99273.0,17
201700021375,17,6,26,1106,1,2,1,1.0,6.0,17306,M,4562695.0,-101869.0,17
201700021376,17,7,4,905,1,2,1,1.0,6.0,17306,M,4562353.0,-102086.0,17
201700021377,17,7,6,900,1,2,2,1.0,3.0,17306,M,4562830.0,-102418.0,17
201700021378,17,7,9,1430,1,2,1,1.0,6.0,17306,M,4562470.0,-102387.0,17
201700021379,17,7,16,115,5,2,1,1.0,6.0,17306,M,4562010.0,-100613.0,17
201700021380,17,7,18,1150,1,2,1,1.0,6.0,17306,M,4562556.0,-102367.0,17
201700021381,17,7,18,2145,2,2,1,1.0,3.0,17306,M,4564020.0,-102505.0,17
201700021382,17,7,23,115,5,2,2,1.0,6.0,17306,M,4562325.0,-100315.0,17
201700021383,17,7,24,2245,5,2,1,1.0,6.0,17306,M,4561907.0,-101664.0,17
201700021384,17,7,28,1230,1,1,6,1.0,3.0,17380,M,4566383.0,-107228.0,17
201700021385,17,7,30,1142,1,1,6,1.0,3.0,17461,M,4564873.0,-104733.0,17
201700021386,17,7,31,1810,1,2,1,1.0,3.0,17306,M,4563233.0,-103118.0,17
201700021387,17,8,4,1,5,2,1,1.0,1.0,17380,M,4564352.0,-108963.0,17
201700021388,17,8,4,1635,1,2,1,1.0,6.0,17306,M,4562936.0,-102440.0,17
201700021389,17,8,5,1410,1,2,1,1.0,3.0,17333,M,4559971.0,-98175.0,17
201700021390,17,8,6,1330,1,2,1,1.0,2.0,17461,M,4563368.0,-106599.0,17
201700021391,17,8,7,807,1,2,6,1.0,3.0,17306,M,4562440.0,-100200.0,17
201700021392,17,8,8,1615,1,2,1,1.0,3.0,17306,M,4562037.0,-103517.0,17
201700021393,17,8,8,1615,1,2,6,1.0,3.0,17333,M,4560395.0,-100407.0,17
201700021394,17,8,10,1202,1,2,1,1.0,6.0,17333,M,4560357.0,-99678.0,17
201700021395,17,8,11,1746,1,2,1,1.0,3.0,17306,M,4562058.0,-101859.0,17
201700021396,17,8,12,1028,1,1,1,1.0,5.0,17333,M,4561244.0,-98166.0,17
201700021397,17,8,12,1436,1,2,1,1.0,3.0,17306,M,4561957.0,-103309.0,17
201700021398,17,8,14,955,1,2,1,1.0,3.0,17306,M,4561967.0,-101742.0,17
201700021399,17,8,16,1852,1,2,1,1.0,6.0,17306,M,4561854.0,-100945.0,17
201700021400,17,8,19,600,3,2,1,1.0,6.0,17380,M,4565184.0,-108835.0,17
201700021401,17,8,22,900,1,2,1,1.0,6.0,17306,M,4562725.0,-105216.0,17
201700021402,17,8,27,1750,1,2,1,1.0,6.0,17333,M,4560579.0,-100879.0,17
201700021403,17,8,28,1645,1,2,1,1.0,6.0,17306,M,4563107.0,-99005.0,17
201700021404,17,9,1,125,5,2,1,1.0,6.0,17461,M,4564379.0,-106248.0,17
201700021405,17,9,3,1720,1,2,1,1.0,2.0,17306,M,4562925.0,-99390.0,17
201700021406,17,9,9,2335,5,2,1,1.0,7.0,17461,M,4564398.0,-105526.0,17
201700021407,17,9,17,1845,2,1,1,1.0,2.0,17306,M,4563879.0,-102265.0,17
201700021408,17,9,19,900,1,2,6,1.0,3.0,17306,M,4564304.0,-104779.0,17
201700021409,17,9,19,915,1,2,1,1.0,2.0,17306,M,4563898.0,-104233.0,17
201700021410,17,9,23,1613,1,2,1,1.0,6.0,17306,M,4562279.0,-102967.0,17
201700021411,17,9,24,1845,1,2,2,1.0,1.0,17306,M,4564898.0,-102442.0,17
201700021412,17,10,3,1120,1,2,1,1.0,6.0,17306,M,4562904.0,-103244.0,17
201700021413,17,10,4,1250,1,2,1,1.0,2.0,17306,M,4562993.0,-101637.0,17
201700021414,17,10,7,1630,1,2,1,1.0,3.0,17333,M,4560245.0,-99737.0,17
201700021415,17,10,7,1752,1,2,1,1.0,3.0,17333,M,4562534.0,-102252.0,17
201700021416,17,10,18,1815,1,2,1,1.0,2.0,17306,M,4563108.0,-99005.0,17
201700021417,17,10,20,1814,1,2,1,1.0,6.0,17333,M,4560441.0,-100322.0,17
201700021418,17,10,25,1745,2,2,1,1.0,6.0,17306,M,4562079.0,-103058.0,17
201700021419,17,10,30,1850,2,2,1,1.0,2.0,17306,M,4562725.0,-99753.0,17
201700021420,17,1,14,1145,1,1,1,4.0,7.0,27130,M,4904529.0,44901.0,27
201700021421,17,3,6,1230,1,1,1,1.0,1.0,27516,M,4904917.0,60203.0,27
201700021422,17,3,24,820,1,1,1,5.0,2.0,27056,M,4907574.0,58229.0,27
201700021423,17,3,24,1615,1,1,9,1.0,4.0,27398,M,4910978.0,59479.0,27
201700021424,17,9,4,742,1,1,1,2.0,3.0,27052,M,4920838.0,74425.0,27
201700021425,17,9,14,1530,1,1,3,2.0,3.0,27629,M,4914390.0,43740.0,27
201700021426,17,11,26,1100,1,1,1,4.0,6.0,27552,M,4900960.0,44520.0,27
201700021427,17,12,8,730,3,1,1,4.0,4.0,27699,M,4927273.0,76775.0,27
201700021428,17,12,8,740,3,1,1,4.0,6.0,27077,M,4927039.0,76645.0,27
201700021429,17,3,16,1950,3,1,1,1.0,3.0,40200,M,4435032.0,-76840.0,40
201700021430,17,4,23,1200,1,2,3,1.0,3.0,40200,M,4436000.0,-76154.0,40
201700021431,17,8,7,635,1,1,1,1.0,6.0,40200,M,4436800.0,-77256.0,40
201700021432,17,8,22,1830,1,1,1,1.0,6.0,40085,M,4419908.0,-81193.0,40
201700021433,17,9,1,1008,1,1,1,1.0,7.0,40295,M,4438214.0,-83599.0,40
201700021434,17,1,6,745,3,1,1,5.0,6.0,61464,M,4858775.0,18316.0,61
201700021435,17,1,9,1725,3,1,1,1.0,6.0,61264,M,4873533.0,26290.0,61
201700021436,17,1,14,1600,1,1,1,4.0,4.0,61282,M,4890321.0,39691.0,61
201700021437,17,1,28,720,3,1,1,1.0,6.0,61240,M,4864357.0,14173.0,61
201700021438,17,2,14,940,1,1,9,1.0,3.0,61464,M,4863072.0,19469.0,61
201700021439,17,4,7,1600,1,1,1,1.0,6.0,61205,M,4886081.0,37996.0,61
201700021440,17,6,12,1530,1,1,1,1.0,6.0,61497,M,4846209.0,12415.0,61
201700021441,17,6,16,155,3,1,1,1.0,6.0,61256,M,4866430.0,6577.0,61
201700021442,17,6,17,1730,1,1,1,1.0,6.0,61264,M,4873308.0,26194.0,61
201700021443,17,7,2,1405,1,1,1,1.0,7.0,61175,M,4849724.0,12449.0,61
201700021444,17,7,7,1730,1,1,1,1.0,6.0,61240,M,4864346.0,16542.0,61
201700021445,17,8,20,243,3,1,1,1.0,6.0,14332,M,4885458.0,-17871.0,14
201700021446,17,8,20,1600,1,1,1,1.0,6.0,61385,M,4880211.0,34189.0,61
201700021447,17,8,21,830,1,1,1,1.0,6.0,61175,M,4848781.0,-12051.0,61
201700021448,17,9,6,1630,1,1,1,1.0,7.0,61282,M,4890473.0,39857.0,61
201700021449,17,9,24,1630,1,1,1,1.0,7.0,61393,M,4871093.0,25287.0,61
201700021450,17,9,27,1815,1,1,1,1.0,2.0,61181,M,4878452.0,31965.0,61
201700021451,17,10,8,1600,1,1,1,1.0,7.0,61282,M,4887832.0,38170.0,61
201700021452,17,10,16,130,3,1,1,1.0,6.0,61385,M,4879622.0,33622.0,61
201700021453,17,10,21,1335,1,1,1,1.0,2.0,61464,M,4861328.0,19315.0,61
201700021454,17,12,30,2249,5,1,1,1.0,7.0,17415,M,4575223.0,-60072.0,17
201700021455,17,1,4,1315,1,2,2,1.0,1.0,17415,M,4574313.0,-64001.0,17
201700021456,17,1,9,1600,1,2,1,1.0,6.0,17415,M,4574704.0,-63050.0,17
201700021457,17,1,17,1645,1,2,1,1.0,6.0,17415,M,4574306.0,-63752.0,17
201700021458,17,1,23,1700,2,2,1,1.0,4.0,17415,M,4573974.0,-61912.0,17
201700021459,17,1,24,900,1,2,1,1.0,1.0,17415,M,4574923.0,-66234.0,17
201700021460,17,2,7,1515,1,2,3,1.0,3.0,17415,M,4574515.0,-63870.0,17
201700021461,17,2,21,1050,1,2,1,1.0,6.0,17415,M,4574577.0,-63830.0,17
201700021462,17,2,28,940,1,2,6,1.0,1.0,17415,M,4575776.0,-64476.0,17
201700021463,17,3,4,145,5,1,1,3.0,6.0,17415,M,4575192.0,-65974.0,17
201700021464,17,3,14,155,3,1,6,1.0,6.0,17415,M,4574565.0,-69180.0,17
201700021465,17,3,14,1540,1,2,6,1.0,2.0,17415,M,4574611.0,-61617.0,17
201700021466,17,3,21,1830,2,2,1,1.0,4.0,17415,M,4573640.0,-64436.0,17
201700021467,17,3,28,2150,5,2,1,1.0,2.0,17415,M,4573815.0,-61684.0,17
201700021468,17,3,31,800,2,2,1,2.0,1.0,17415,M,4574176.0,-63672.0,17
201700021469,17,4,15,1050,1,1,6,1.0,2.0,17415,M,4572401.0,-63927.0,17
201700021470,17,4,21,1210,1,1,1,1.0,6.0,17415,M,4578451.0,-65694.0,17
201700021471,17,5,19,1445,1,2,1,1.0,6.0,17415,M,4574574.0,-65604.0,17
201700021472,17,5,19,1730,1,2,1,1.0,4.0,17415,M,4574632.0,-63786.0,17
201700021473,17,5,26,1155,1,1,3,1.0,2.0,17415,M,4572298.0,-68656.0,17
201700021474,17,5,29,1650,1,2,6,1.0,3.0,17415,M,4575302.0,-63100.0,17
201700021475,17,6,1,1617,1,2,6,1.0,2.0,17415,M,4574067.0,-62671.0,17
201700021476,17,6,9,1845,1,2,3,1.0,1.0,17415,M,4573611.0,-61933.0,17
201700021477,17,6,10,2015,1,2,1,1.0,2.0,17415,M,4574607.0,-67462.0,17
201700021478,17,6,20,1930,1,2,1,1.0,6.0,17415,M,4573532.0,-61195.0,17
201700021479,17,6,26,1500,1,1,1,1.0,6.0,17415,M,4571629.0,-66060.0,17
201700021480,17,7,6,1625,1,2,1,1.0,4.0,17415,M,4574074.0,-62286.0,17
201700021481,17,7,15,240,5,2,6,1.0,6.0,17415,M,4573674.0,-64433.0,17
201700021482,17,7,18,1535,1,2,1,1.0,3.0,17415,M,4574344.0,-63187.0,17
201700021483,17,7,20,752,1,1,3,1.0,3.0,17415,M,4572000.0,-64613.0,17
201700021484,17,8,9,830,1,2,6,3.0,6.0,17415,M,4574643.0,-62024.0,17
201700021485,17,8,13,710,1,2,6,1.0,3.0,17415,M,4574058.0,-66218.0,17
201700021486,17,8,14,1445,1,2,1,1.0,6.0,17415,M,4573984.0,-62365.0,17
201700021487,17,8,16,1735,1,2,3,1.0,3.0,17415,M,4573782.0,-64869.0,17
201700021488,17,8,18,2015,2,1,1,1.0,6.0,17415,M,4571601.0,-67763.0,17
201700021489,17,8,24,1140,1,2,9,2.0,7.0,17415,M,4576309.0,-63966.0,17
201700021490,17,9,15,1715,1,2,1,1.0,2.0,17415,M,4573589.0,-64459.0,17
201700021491,17,9,19,1520,1,2,1,1.0,6.0,17415,M,4574791.0,-67156.0,17
201700021492,17,9,19,1740,1,1,3,1.0,3.0,17415,M,4574304.0,-66879.0,17
201700021493,17,9,21,1110,1,2,1,1.0,6.0,17415,M,4574047.0,-62120.0,17
201700021494,17,9,27,900,1,2,1,1.0,2.0,17415,M,4574387.0,-64528.0,17
201700021495,17,9,29,940,1,1,2,1.0,3.0,17415,M,4571873.0,-69648.0,17
201700021496,17,10,2,1045,1,1,1,1.0,3.0,17415,M,4577732.0,-67266.0,17
201700021497,17,10,11,450,4,2,6,1.0,3.0,17415,M,4574104.0,-62231.0,17
201700021498,17,10,18,810,2,2,1,1.0,6.0,17415,M,4573967.0,-61899.0,17
201700021499,17,11,3,1930,5,2,1,1.0,6.0,17415,M,4575576.0,-63899.0,17
201700021500,17,11,10,1830,2,2,1,2.0,4.0,17415,M,4574027.0,-65890.0,17
201700021501,17,11,11,1925,5,2,1,1.0,2.0,17415,M,4574191.0,-62173.0,17
201700021502,17,11,13,2210,5,2,1,1.0,6.0,17415,M,4574285.0,-64841.0,17
201700021503,17,11,19,1730,2,2,1,1.0,1.0,17415,M,4573566.0,-62313.0,17
201700021504,17,12,1,1315,1,2,1,1.0,7.0,17415,M,4575301.0,-64590.0,17
201700021505,17,12,1,1700,2,2,1,1.0,6.0,17415,M,4574884.0,-60948.0,17
201700021506,17,12,1,1840,2,2,1,1.0,6.0,17415,M,4574533.0,-62722.0,17
201700021507,17,12,2,820,2,1,1,1.0,7.0,17415,M,4572659.0,-66752.0,17
201700021508,17,12,2,1824,2,2,1,2.0,7.0,17415,M,4574639.0,-61876.0,17
201700021509,17,12,4,810,5,2,1,7.0,6.0,17415,M,4574712.0,-63045.0,17
201700021510,17,12,8,1446,1,2,1,1.0,7.0,17415,M,4575325.0,-63617.0,17
201700021511,17,12,12,948,1,2,1,1.0,3.0,17415,M,4574720.0,-63742.0,17
201700021512,17,12,12,1132,1,2,1,1.0,3.0,17415,M,4574276.0,-61995.0,17
201700021513,17,12,17,1735,2,2,1,1.0,3.0,17415,M,4574186.0,-63703.0,17
201700021514,17,12,18,1625,1,2,1,7.0,6.0,17415,M,4574206.0,-63693.0,17
201700021515,17,12,20,902,1,2,1,1.0,6.0,17415,M,4574681.0,-62699.0,17
201700021516,17,1,17,1145,1,1,1,1.0,2.0,37194,M,4749370.0,83208.0,37
201700021517,17,1,18,245,3,1,1,1.0,6.0,37166,M,4751703.0,91223.0,37
201700021518,17,2,10,400,5,1,9,1.0,4.0,37010,M,4754651.0,98699.0,37
201700021519,17,3,15,1615,1,1,1,1.0,3.0,37206,M,4751260.0,63334.0,37
201700021520,17,4,8,1730,1,1,1,1.0,7.0,37167,M,4755819.0,59361.0,37
201700021521,17,4,17,1100,1,1,1,1.0,2.0,37153,M,4748186.0,79182.0,37
201700021522,17,4,23,1745,1,1,1,1.0,6.0,37170,M,4758517.0,56330.0,37
201700021523,17,4,25,610,2,1,1,1.0,2.0,37010,M,4753375.0,95798.0,37
201700021524,17,9,9,2212,3,1,1,1.0,2.0,37229,M,4756904.0,104742.0,37
201700021525,17,12,7,750,2,1,1,1.0,2.0,37153,M,4748186.0,79182.0,37
201700021526,17,1,3,800,2,2,1,1.0,3.0,34270,M,4356192.0,384519.0,34
201700021527,17,1,10,1720,2,2,1,1.0,7.0,34270,M,4357926.0,384821.0,34
201700021528,17,2,9,2220,3,1,6,1.0,7.0,34270,M,4356951.0,384959.0,34
201700021529,17,3,8,1800,1,1,1,1.0,3.0,34270,M,4358569.0,384263.0,34
201700021530,17,3,19,730,1,2,1,1.0,1.0,34270,M,4358059.0,384810.0,34
201700021531,17,4,14,1050,1,1,1,1.0,4.0,34270,M,4358947.0,382176.0,34
201700021532,17,6,8,1030,1,1,1,1.0,3.0,34270,M,4357543.0,382692.0,34
201700021533,17,7,30,20,5,2,1,1.0,5.0,34095,M,4354931.0,378039.0,34
201700021534,17,8,22,1430,1,1,1,7.0,5.0,34095,M,4352323.0,376208.0,34
201700021535,17,9,8,850,1,1,9,1.0,6.0,34270,M,4357533.0,383290.0,34
201700021536,17,9,6,1730,1,2,6,1.0,7.0,34270,M,4358327.0,382832.0,34
201700021537,17,9,22,401,3,1,1,1.0,3.0,34270,M,4356847.0,384980.0,34
201700021538,17,11,2,1930,3,1,1,1.0,1.0,34095,M,4355541.0,379129.0,34
201700021539,17,12,12,1830,3,2,1,1.0,3.0,34270,M,4358014.0,384811.0,34
201700021540,17,12,19,1800,5,2,1,1.0,5.0,34270,M,4357521.0,385419.0,34
201700021541,17,2,3,2230,3,1,1,1.0,4.0,66050,M,4277369.0,292803.0,66
201700021542,17,3,3,230,5,1,9,1.0,2.0,66141,M,4276023.0,289767.0,66
201700021543,17,3,27,2025,2,2,9,1.0,3.0,66021,M,4273153.0,293310.0,66
201700021544,17,9,11,1345,1,1,3,1.0,3.0,66164,M,4277039.0,289974.0,66
201700021545,17,11,3,1210,1,2,3,8.0,3.0,66021,M,4273076.0,292584.0,66
201700021546,17,11,19,1745,5,2,2,1.0,3.0,66141,M,4273763.0,290652.0,66
201700021547,17,2,1,745,2,1,1,2.0,1.0,30331,M,4412454.0,461474.0,30
201700021548,17,2,6,1950,3,1,1,1.0,6.0,30092,M,4409542.0,459835.0,30
201700021549,17,2,10,1730,1,1,1,1.0,2.0,30331,M,4412828.0,461406.0,30
201700021550,17,3,8,1455,1,2,3,1.0,3.0,30292,M,4410206.0,455651.0,30
201700021551,17,3,10,1445,1,1,1,1.0,6.0,30141,M,4410817.0,491582.0,30
201700021552,17,3,11,1005,1,1,4,1.0,3.0,30081,M,4415534.0,471379.0,30
201700021553,17,3,26,840,1,2,1,1.0,6.0,30191,M,4413386.0,465975.0,30
201700021554,17,4,22,510,3,1,1,1.0,6.0,30191,M,4414426.0,465979.0,30
201700021555,17,4,22,900,1,1,1,1.0,6.0,30127,M,4406458.0,457558.0,30
201700021556,17,4,23,1920,1,1,1,1.0,3.0,30141,M,4410395.0,460909.0,30
201700021557,17,5,25,335,3,1,1,1.0,7.0,30225,M,4416008.0,454353.0,30
201700021558,17,6,17,2245,3,1,3,1.0,7.0,30141,M,4408445.0,470503.0,30
201700021559,17,8,7,1020,1,1,1,1.0,2.0,30207,M,4404588.0,457604.0,30
201700021560,17,9,8,2015,2,1,1,1.0,3.0,30141,M,4409877.0,463143.0,30
201700021561,17,11,9,1510,1,1,1,1.0,1.0,30081,M,4413627.0,469199.0,30
201700021562,17,12,8,945,1,1,1,2.0,7.0,30225,M,4416192.0,455157.0,30
201700021563,17,12,18,1540,1,1,4,1.0,1.0,30127,M,4407760.0,458683.0,30
201700021564,17,12,27,750,2,1,1,2.0,6.0,30127,M,4406915.0,457953.0,30
201700021565,17,1,4,1737,2,1,1,2.0,5.0,41103,M,4772770.0,102502.0,41
201700021566,17,3,5,855,1,1,2,3.0,3.0,41287,M,4775439.0,104574.0,41
201700021567,17,5,16,1740,1,1,1,1.0,6.0,41238,M,4786396.0,86119.0,41
201700021568,17,6,30,1830,1,2,1,2.0,7.0,41225,M,4774068.0,81034.0,41
201700021569,17,7,29,800,1,1,1,1.0,1.0,41287,M,4774067.0,103503.0,41
201700021570,17,9,12,1300,1,1,2,1.0,3.0,41087,M,4781584.0,86169.0,41
201700021571,17,10,1,1625,1,1,1,2.0,1.0,41102,M,4776327.0,93684.0,41
201700021572,17,10,20,1710,1,1,1,9.0,6.0,41236,M,4773237.0,91885.0,41
201700021573,17,10,26,640,3,2,1,5.0,3.0,41238,M,4788313.0,80042.0,41
201700021574,17,11,4,1350,1,1,1,2.0,3.0,41103,M,4772139.0,101998.0,41
201700021575,17,1,3,1855,3,1,1,9.0,1.0,77093,M,4876441.0,337997.0,77
201700021576,17,1,4,2330,3,1,1,1.0,2.0,77432,M,4878733.0,324324.0,77
201700021577,17,1,7,315,3,1,1,1.0,6.0,77240,M,4878802.0,325675.0,77
201700021578,17,4,8,1330,1,1,3,1.0,2.0,77240,M,4878545.0,326443.0,77
201700021579,17,5,12,1015,1,1,2,7.0,3.0,77002,M,4874065.0,310917.0,77
201700021580,17,6,16,2115,1,2,1,1.0,2.0,77247,M,4876023.0,335031.0,77
201700021581,17,7,8,1955,1,1,1,1.0,7.0,77423,M,4880221.0,334567.0,77
201700021582,17,7,9,1610,1,1,1,2.0,1.0,77002,M,4874847.0,311349.0,77
201700021583,17,7,12,1900,1,1,2,1.0,3.0,77405,M,4893066.0,320195.0,77
201700021584,17,9,12,1515,1,1,1,1.0,7.0,77228,M,4888998.0,330266.0,77
201700021585,17,9,23,1255,1,1,4,1.0,3.0,77405,M,4890553.0,314917.0,77
201700021586,17,12,15,1825,3,1,2,2.0,5.0,77116,M,4878917.0,320883.0,77
201700021587,17,12,23,2230,3,1,1,8.0,1.0,77405,M,4890690.0,315814.0,77
201700021588,17,2,4,1845,3,1,1,1.0,1.0,62559,M,5020606.0,310639.0,62
201700021589,17,2,23,1905,3,1,1,6.0,6.0,62780,M,5023943.0,309373.0,62
201700021590,17,3,12,420,5,1,1,1.0,6.0,62864,M,5025191.0,292658.0,62
201700021591,17,3,17,1205,1,1,1,1.0,6.0,62873,M,5025679.0,285523.0,62
201700021592,17,4,14,1110,1,1,1,1.0,3.0,62780,M,5022994.0,308584.0,62
201700021593,17,5,15,1400,1,1,3,1.0,3.0,62697,M,5026197.0,302220.0,62
201700021594,17,6,2,1554,1,1,1,1.0,1.0,62374,M,5015208.0,279640.0,62
201700021595,17,6,29,1400,1,1,1,1.0,1.0,62343,M,5021465.0,292356.0,62
201700021596,17,7,10,1800,1,1,1,1.0,7.0,62081,M,5021379.0,305661.0,62
201700021597,17,8,14,1830,1,1,1,1.0,1.0,62858,M,5022508.0,300967.0,62
201700021598,17,8,20,1155,1,2,1,1.0,6.0,62559,M,5021082.0,308540.0,62
201700021599,17,10,14,1325,1,1,1,1.0,3.0,62864,M,5025051.0,293136.0,62
201700021600,17,10,15,20,3,1,1,1.0,7.0,62817,M,5027738.0,282125.0,62
201700021601,17,10,25,2100,3,1,1,1.0,7.0,62184,M,5020140.0,302829.0,62
201700021602,17,10,28,1800,1,1,1,1.0,1.0,62594,M,5014806.0,285475.0,62
201700021603,17,11,26,1610,1,1,1,1.0,1.0,62780,M,5023943.0,309373.0,62
201700021604,17,12,17,2330,3,1,1,2.0,7.0,62042,M,5031508.0,283899.0,62
201700021605,17,2,22,645,2,1,2,2.0,3.0,62712,M,5022502.0,268040.0,62
201700021606,17,4,3,1900,1,1,1,1.0,6.0,62712,M,5023586.0,268601.0,62
201700021607,17,4,8,1350,1,1,1,1.0,7.0,62712,M,5022931.0,268821.0,62
201700021608,17,4,12,2145,3,1,1,1.0,6.0,62068,M,5018255.0,273708.0,62
201700021609,17,4,19,1632,1,2,1,7.0,6.0,62097,M,5024213.0,266042.0,62
201700021610,17,5,26,1420,1,2,1,1.0,7.0,62664,M,5018457.0,259844.0,62
201700021611,17,6,18,1250,1,1,1,7.0,5.0,62011,M,5031884.0,263900.0,62
201700021612,17,7,16,2045,1,1,1,1.0,1.0,62689,M,5021097.0,269268.0,62
201700021613,17,8,10,1045,1,1,1,1.0,1.0,62115,M,5026383.0,267320.0,62
201700021614,17,10,10,1020,1,1,2,1.0,1.0,62147,M,5021068.0,274869.0,62
201700021615,17,11,11,650,3,1,1,3.0,6.0,62649,M,5015555.0,249481.0,62
201700021616,17,11,11,2130,3,1,2,1.0,3.0,62332,M,5021843.0,276020.0,62
201700021617,17,1,5,2130,5,2,1,9.0,2.0,62770,M,5062100.0,251919.0,62
201700021618,17,1,25,30,5,2,1,5.0,6.0,62770,M,5062602.0,250550.0,62
201700021619,17,3,24,1645,1,1,1,1.0,1.0,62632,M,5054961.0,259100.0,62
201700021620,17,6,11,1715,1,1,2,7.0,1.0,62162,M,5057263.0,243688.0,62
201700021621,17,6,14,1211,1,2,2,1.0,3.0,62473,M,5061493.0,247599.0,62
201700021622,17,7,22,2000,1,2,2,8.0,1.0,62049,M,5055995.0,236749.0,62
201700021623,17,11,6,1730,2,2,3,1.0,3.0,62770,M,5061989.0,254167.0,62
201700021624,17,4,28,1220,1,2,1,1.0,1.0,62747,M,5062764.0,257020.0,62
201700021625,17,12,17,1835,5,2,1,2.0,5.0,62564,M,5060318.0,240375.0,62
201700021626,17,1,20,1843,5,2,1,1.0,6.0,62870,M,5040572.0,172692.0,62
201700021627,17,3,31,1430,1,1,1,1.0,2.0,62870,M,5040727.0,173831.0,62