Num_Acc,an,mois,jour,hrmn,lum,agg,int,atm,col,com,gps,lat,long,dep
201700021628,17,4,2,1655,1,1,1,1.0,1.0,62044,M,5049569.0,175576.0,62
201700021629,17,4,24,825,1,1,1,1.0,6.0,62610,M,5046705.0,179936.0,62
201700021630,17,4,29,15,5,2,1,1.0,6.0,62176,M,5049793.0,169807.0,62
201700021631,17,5,4,1700,1,2,2,1.0,1.0,62196,M,5047752.0,171995.0,62
201700021632,17,5,17,1500,1,2,1,1.0,6.0,62124,M,5049076.0,172451.0,62
201700021633,17,6,5,550,2,1,1,1.0,6.0,62241,M,5056613.0,175179.0,62
201700021634,17,6,18,2010,1,2,1,1.0,6.0,62463,M,5056647.0,191435.0,62
201700021635,17,8,29,745,1,1,1,7.0,1.0,62094,M,5044372.0,178986.0,62
201700021636,17,9,2,900,1,1,1,1.0,1.0,62588,M,5046037.0,177352.0,62
201700021637,17,10,23,1720,1,1,1,3.0,7.0,62227,M,5052197.0,186590.0,62
201700021638,17,12,7,1054,1,1,1,2.0,6.0,62527,M,5054934.0,175749.0,62
201700021639,17,1,12,1720,5,2,1,3.0,6.0,62767,M,5038330.0,233862.0,62
201700021640,17,3,8,1600,1,1,1,2.0,3.0,62180,M,5041395.0,238802.0,62
201700021641,17,3,14,1130,1,1,1,1.0,6.0,62036,M,5044776.0,224745.0,62
201700021642,17,4,2,2330,5,2,1,1.0,7.0,62600,M,5050666.0,234848.0,62
201700021643,17,4,15,2145,4,2,1,1.0,1.0,62850,M,5035561.0,210058.0,62
201700021644,17,5,21,2000,1,1,1,1.0,3.0,62647,M,5037484.0,208407.0,62
201700021645,17,6,16,1515,1,1,1,1.0,2.0,62850,M,5035753.0,211398.0,62
201700021646,17,7,15,1825,1,1,1,1.0,6.0,62686,M,5036826.0,229882.0,62
201700021647,17,7,31,540,2,1,1,1.0,1.0,62767,M,5039413.0,235583.0,62
201700021648,17,9,30,1815,1,2,1,1.0,1.0,62342,M,5049180.0,227386.0,62
201700021649,17,10,1,630,3,1,6,1.0,6.0,62767,M,5039106.0,235250.0,62
201700021650,17,11,6,1945,3,1,2,1.0,3.0,62740,M,5047983.0,234897.0,62
201700021651,17,11,12,2130,3,2,1,2.0,6.0,62232,M,5043284.0,248831.0,62
201700021652,17,11,28,910,1,2,3,7.0,6.0,62767,M,5038667.0,233794.0,62
201700021653,17,12,6,1835,2,1,1,1.0,7.0,62436,M,5036546.0,233345.0,62
201700021654,17,1,16,1300,1,1,1,2.0,6.0,62316,M,5026962.0,239835.0,62
201700021655,17,3,28,1800,1,2,1,1.0,3.0,62045,M,5035063.0,258446.0,62
201700021656,17,4,16,1815,1,1,1,1.0,7.0,62784,M,,,62
201700021657,17,5,20,1700,1,1,1,1.0,7.0,62651,M,5033258.0,248686.0,62
201700021658,17,6,4,1200,1,1,2,1.0,3.0,62070,M,5036283.0,244374.0,62
201700021659,17,7,1,1030,1,1,2,1.0,3.0,62507,M,5027351.0,244846.0,62
201700021660,17,8,2,1740,1,2,2,2.0,3.0,62459,M,5029775.0,238263.0,62
201700021661,17,9,12,700,2,1,1,1.0,6.0,62198,M,5038223.0,261945.0,62
201700021662,17,9,22,936,1,1,2,1.0,3.0,62198,M,5037958.0,261114.0,62
201700021663,17,10,17,710,3,1,1,1.0,1.0,62007,M,5034908.0,265516.0,62
201700021664,17,12,7,555,3,1,2,1.0,3.0,62198,M,5037868.0,261321.0,62
201700021665,17,12,18,1610,1,1,2,1.0,3.0,62092,M,5027292.0,248609.0,62
201700021666,17,1,30,1137,1,2,1,2.0,1.0,62047,M,5030478.0,217867.0,62
201700021667,17,3,11,1615,1,1,1,1.0,6.0,62345,M,5030037.0,206386.0,62
201700021668,17,4,19,1420,1,2,7,1.0,6.0,62361,M,5027717.0,229083.0,62
201700021669,17,11,2,1805,3,1,1,1.0,6.0,62234,M,5029516.0,221616.0,62
201700021670,17,11,8,1100,1,1,1,1.0,3.0,62060,M,5026926.0,212293.0,62
201700021671,17,12,30,1415,1,1,1,6.0,6.0,62361,M,5025322.0,229981.0,62
201700021672,17,1,19,740,2,2,6,1.0,6.0,44164,M,4710100.0,-185827.0,44
201700021673,17,7,25,813,1,1,1,1.0,1.0,44012,M,4709982.0,-203839.0,44
201700021674,17,9,12,917,1,1,1,1.0,6.0,44131,M,4712546.0,-211980.0,44
201700021675,17,10,10,1025,1,1,1,8.0,2.0,44186,M,4710956.0,-178469.0,44
201700021676,17,10,12,1700,1,1,1,1.0,1.0,44131,M,4711294.0,-196201.0,44
201700021677,17,1,1,804,2,1,1,5.0,7.0,37100,M,4729369.0,111755.0,37
201700021678,17,1,3,1922,3,1,1,1.0,6.0,37216,M,4716034.0,62694.0,37
201700021679,17,1,11,10,3,1,1,1.0,6.0,37272,M,4732359.0,48582.0,37
201700021680,17,1,20,750,2,1,1,9.0,6.0,37261,M,4738195.0,71172.0,37
201700021681,17,4,18,1845,1,1,1,1.0,7.0,37261,M,4738101.0,67424.0,37
201700021682,17,6,12,920,1,1,1,1.0,6.0,37250,M,4722986.0,68770.0,37
201700021683,17,7,14,635,1,1,1,1.0,7.0,37216,M,4716034.0,62694.0,37
201700021684,17,7,20,450,3,1,1,1.0,5.0,37005,M,4696892.0,54758.0,37
201700021685,17,7,30,1750,1,1,1,1.0,6.0,37250,M,4723419.0,65919.0,37
201700021686,17,8,3,1830,1,1,1,1.0,6.0,37110,M,4729200.0,109711.0,37
201700021687,17,8,5,1015,1,1,1,1.0,6.0,37226,M,4711164.0,59408.0,37
201700021688,17,9,1,845,1,1,1,1.0,2.0,37233,M,4739453.0,70701.0,37
201700021689,17,9,10,1049,1,1,1,1.0,6.0,37261,M,4738101.0,67424.0,37
201700021690,17,9,30,1415,1,1,1,1.0,2.0,37159,M,4726989.0,67235.0,37
201700021691,17,9,30,1415,1,1,1,1.0,2.0,37159,M,4726989.0,67235.0,37
201700021692,17,10,7,1838,1,1,1,1.0,6.0,37050,M,4733233.0,69447.0,37
201700021693,17,10,30,515,3,1,1,1.0,2.0,37216,M,4716034.0,62694.0,37
201700021694,17,11,12,402,3,1,1,2.0,2.0,37226,M,4711164.0,59408.0,37
201700021695,17,5,20,1745,1,2,1,1.0,1.0,21611,M,4730859.0,471662.0,21
201700021696,17,10,1,1900,1,1,1,1.0,7.0,21310,M,4731838.0,459965.0,21
201700021697,17,1,3,1750,4,2,3,1.0,3.0,83131,M,4320551.0,602916.0,83
201700021698,17,1,7,1850,5,2,1,1.0,3.0,83054,M,4316278.0,604141.0,83
201700021699,17,3,19,1715,1,2,1,1.0,3.0,83054,M,4315979.0,605493.0,83
201700021700,17,3,20,1800,1,2,1,1.0,5.0,83131,M,4321802.0,602542.0,83
201700021701,17,3,27,1345,1,1,1,1.0,6.0,83130,M,4318924.0,605806.0,83
201700021702,17,5,6,1900,1,1,3,1.0,5.0,83130,M,4317388.0,606778.0,83
201700021703,17,6,12,1830,1,2,1,1.0,1.0,83131,M,4320668.0,602917.0,83
201700021704,17,7,11,1720,1,2,1,1.0,4.0,83054,M,4315206.0,604273.0,83
201700021705,17,8,7,827,1,1,1,7.0,6.0,83017,M,4324234.0,600245.0,83
201700021706,17,10,22,900,1,1,1,1.0,3.0,83054,M,4315786.0,606587.0,83
201700021707,17,11,6,555,3,2,1,3.0,1.0,83130,M,4318774.0,603796.0,83
201700021708,17,11,6,1345,1,2,9,1.0,3.0,83054,M,4316717.0,604285.0,83
201700021709,17,11,16,1610,1,2,1,7.0,6.0,83054,M,4315750.0,604513.0,83
201700021710,17,3,17,1630,1,1,1,1.0,1.0,87118,M,4595590.0,112654.0,87
201700021711,17,3,21,1620,1,1,1,1.0,2.0,87166,M,4574810.0,111104.0,87
201700021712,17,3,28,630,3,1,1,1.0,6.0,87201,M,4584660.0,116169.0,87
201700021713,17,4,9,2045,2,1,1,1.0,3.0,87143,M,4590440.0,115313.0,87
201700021714,17,7,1,715,1,1,1,2.0,6.0,87201,M,4583500.0,121086.0,87
201700021715,17,7,2,1905,1,1,1,2.0,3.0,87201,M,4584350.0,116134.0,87
201700021716,17,8,16,1110,1,1,1,1.0,1.0,87191,M,4576200.0,107392.0,87
201700021717,17,8,17,1030,1,1,1,1.0,1.0,87166,M,4573350.0,110490.0,87
201700021718,17,9,9,1145,1,1,9,9.0,2.0,87038,M,4593000.0,122992.0,87
201700021719,17,9,20,1220,1,2,1,9.0,2.0,87038,M,4590860.0,125918.0,87
201700021720,17,9,29,1810,1,1,1,1.0,7.0,87118,M,4595270.0,111444.0,87
201700021721,17,10,23,1645,1,2,9,1.0,3.0,87001,M,4579680.0,114219.0,87
201700021722,17,11,18,1815,2,1,1,1.0,1.0,87201,M,4585720.0,115996.0,87
201700021723,17,11,22,1140,1,1,9,1.0,1.0,87201,M,4585580.0,115154.0,87
201700021724,17,2,6,1820,5,1,1,1.0,2.0,20143,M,4220882.0,953423.0,202
201700021725,17,2,10,1050,1,1,1,1.0,2.0,20143,M,4221506.0,953353.0,202
201700021726,17,3,16,1145,1,1,1,1.0,7.0,20320,M,4217609.0,946849.0,202
201700021727,17,4,4,900,1,1,3,1.0,3.0,20143,M,4220334.0,953489.0,202
201700021728,17,4,12,1545,1,1,1,1.0,6.0,20320,M,4217750.0,947703.0,202
201700021729,17,5,12,645,1,1,1,1.0,2.0,20320,M,4215013.0,950628.0,202
201700021730,17,7,16,1730,1,1,1,1.0,6.0,20124,M,4210485.0,920852.0,202
201700021731,17,8,14,1505,1,1,1,1.0,6.0,20009,M,4211711.0,948976.0,202
201700021732,17,8,16,1330,1,1,1,1.0,3.0,20009,M,4209088.0,950960.0,202
201700021733,17,9,1,625,2,1,1,1.0,5.0,20143,M,4218739.0,953054.0,202
201700021734,17,12,18,1408,1,1,1,1.0,6.0,20229,M,4209498.0,936816.0,202
201700021735,17,1,3,915,1,1,1,5.0,1.0,47114,M,,,47
201700021736,17,1,10,1920,3,1,3,1.0,2.0,47034,M,,,47
201700021737,17,2,7,1130,1,1,1,1.0,7.0,47010,M,,,47
201700021738,17,3,31,1810,1,1,1,1.0,1.0,47233,M,,,47
201700021739,17,4,11,1820,1,1,1,1.0,7.0,47165,M,4450774.0,4419.0,47
201700021740,17,6,11,1500,1,1,1,1.0,7.0,47074,M,4451210.0,6361.0,47
201700021741,17,8,5,30,3,1,1,1.0,6.0,47224,M,4439300.0,2341.0,47
201700021742,17,8,28,530,3,1,1,1.0,7.0,47059,M,4459380.0,18057.0,47
201700021743,17,11,18,520,3,1,1,1.0,6.0,47233,M,4452480.0,10923.0,47
201700021744,17,12,8,2200,3,2,6,1.0,3.0,47056,M,4455800.0,13292.0,47
201700021745,17,1,13,1920,3,1,1,8.0,7.0,23140,M,4593379.0,217697.0,23
201700021746,17,5,14,1800,1,2,9,1.0,7.0,23079,M,4588776.0,216725.0,23
201700021747,17,9,15,800,1,1,1,8.0,7.0,23165,M,4581709.0,192652.0,23
201700021748,17,9,12,1215,1,1,1,1.0,7.0,23165,M,4581146.0,193148.0,23
201700021749,17,12,8,1915,3,1,3,8.0,5.0,23238,M,4587102.0,217117.0,23
201700021750,17,1,14,845,1,1,1,4.0,3.0,23207,M,4626964.0,156348.0,23
201700021751,17,1,19,1824,3,1,3,1.0,5.0,23219,M,4620422.0,138446.0,23
201700021752,17,2,17,1615,1,1,1,1.0,3.0,23111,M,4623346.0,154550.0,23
201700021753,17,2,22,740,1,1,1,2.0,6.0,23177,M,4629373.0,147353.0,23
201700021754,17,5,28,1750,1,1,2,1.0,5.0,23095,M,4620521.0,168146.0,23
201700021755,17,6,23,1400,1,1,1,1.0,6.0,23235,M,4616864.0,151929.0,23
201700021756,17,7,17,2135,1,2,1,1.0,6.0,23176,M,4623828.0,149178.0,23
201700021757,17,8,5,1605,1,1,1,1.0,7.0,23070,M,4640240.0,159381.0,23
201700021758,17,8,1,1020,1,1,1,1.0,7.0,23263,M,4633142.0,172847.0,23
201700021759,17,8,16,1045,1,1,1,1.0,6.0,23082,M,4622048.0,168604.0,23
201700021760,17,8,24,1745,1,1,2,1.0,3.0,23095,M,4616140.0,165169.0,23
201700021761,17,9,16,1600,1,1,1,2.0,1.0,23219,M,4621085.0,142332.0,23
201700021762,17,11,6,100,3,1,1,1.0,7.0,23039,M,4631296.0,179123.0,23
201700021763,17,12,18,1630,2,1,1,2.0,6.0,23235,M,4617125.0,155223.0,23
201700021764,17,4,22,15,3,1,1,1.0,7.0,50546,M,4904981.0,-113025.0,50
201700021765,17,5,12,2105,3,1,1,3.0,6.0,50465,M,4908654.0,-113945.0,50
201700021766,17,6,21,1700,1,1,1,1.0,6.0,50287,M,4906301.0,-109292.0,50
201700021767,17,8,31,30,3,1,1,8.0,6.0,50363,M,4900677.0,-109534.0,50
201700021768,17,9,11,1140,1,1,1,2.0,6.0,50363,M,4899743.0,-115352.0,50
201700021769,17,6,14,2230,3,1,1,1.0,3.0,50159,M,4903645.0,-123372.0,50
201700021770,17,10,13,1715,1,1,1,1.0,5.0,50164,M,4899464.0,-103149.0,50
201700021771,17,12,20,1150,1,1,1,1.0,1.0,50545,M,4904415.0,-110199.0,50
201700021772,17,2,4,630,3,1,9,3.0,6.0,22185,M,4838553.0,-238071.0,22
201700021773,17,4,12,1300,1,1,1,7.0,1.0,22114,M,4824815.0,-229226.0,22
201700021774,17,6,1,1850,1,1,1,1.0,1.0,22069,M,4830568.0,-210622.0,22
201700021775,17,8,31,1700,1,1,1,2.0,6.0,22175,M,4845293.0,-239119.0,22
201700021776,17,9,4,1640,1,1,1,1.0,7.0,22175,M,4847137.0,-234134.0,22
201700021777,17,9,23,1030,1,2,1,7.0,6.0,22239,M,4835761.0,-212529.0,22
201700021778,17,10,7,1910,2,1,3,7.0,1.0,22305,M,4827396.0,-218278.0,22
201700021779,17,10,7,1145,1,1,3,1.0,1.0,22193,M,4842753.0,-241202.0,22
201700021780,17,10,28,1730,1,1,9,1.0,2.0,22267,M,4830306.0,-234424.0,22
201700021781,17,10,28,1645,1,1,1,1.0,6.0,22267,M,4830432.0,-234377.0,22
201700021782,17,11,28,1555,1,2,3,7.0,3.0,22084,M,4840909.0,-232336.0,22
201700021783,17,12,2,930,1,1,1,9.0,7.0,22020,M,4830343.0,-227020.0,22
201700021784,17,2,16,1540,1,1,1,1.0,7.0,30014,M,4399796.0,439490.0,30
201700021785,17,2,28,1700,1,1,1,2.0,1.0,30174,M,4406212.0,439650.0,30
201700021786,17,3,19,1735,1,1,1,1.0,6.0,30334,M,4402006.0,440084.0,30
201700021787,17,3,20,1500,1,2,4,1.0,3.0,30295,M,4403355.0,444482.0,30
201700021788,17,5,5,1500,1,2,1,1.0,2.0,30334,M,4401326.0,441446.0,30
201700021789,17,6,1,1830,1,2,1,1.0,7.0,30319,M,4405446.0,436041.0,30
201700021790,17,6,11,1445,1,1,1,1.0,1.0,30001,M,4405152.0,434865.0,30
201700021791,17,6,17,300,3,1,1,1.0,6.0,30308,M,4395520.0,444138.0,30
201700021792,17,7,15,1900,1,1,1,1.0,1.0,30338,M,4412326.0,436711.0,30
201700021793,17,7,29,1000,1,1,3,1.0,3.0,30299,M,4402326.0,446184.0,30
201700021794,17,8,2,2040,1,1,1,1.0,6.0,30334,M,4405814.0,440002.0,30
201700021795,17,8,13,2220,1,1,1,1.0,6.0,30334,M,4401810.0,442781.0,30
201700021796,17,10,12,1805,1,1,1,1.0,6.0,30014,M,4400059.0,437554.0,30
201700021797,17,10,17,1650,1,2,6,1.0,6.0,30334,M,4401148.0,441514.0,30
201700021798,17,11,19,50,3,1,1,1.0,6.0,30334,M,4400332.0,439689.0,30
201700021799,17,2,19,1905,3,1,1,1.0,1.0,30096,M,4421087.0,450133.0,30
201700021800,17,4,23,1715,1,1,1,1.0,1.0,30273,M,4428049.0,457206.0,30
201700021801,17,6,1,1340,1,2,3,1.0,3.0,30288,M,4419592.0,462474.0,30
201700021802,17,8,13,515,3,1,1,1.0,6.0,30290,M,4427619.0,460051.0,30
201700021803,17,1,25,1905,3,1,3,8.0,1.0,30254,M,4406188.0,473194.0,30
201700021804,17,1,29,120,5,1,1,1.0,6.0,30315,M,4395084.0,471054.0,30
201700021805,17,2,1,1200,1,2,1,1.0,7.0,30221,M,4403380.0,478525.0,30
201700021806,17,2,1,1640,1,1,1,1.0,2.0,30221,M,4403558.0,473065.0,30
201700021807,17,3,3,2020,3,1,1,1.0,3.0,30326,M,4400669.0,473535.0,30
201700021808,17,4,18,1850,1,1,1,6.0,1.0,30221,M,4404828.0,478851.0,30
201700021809,17,5,21,2115,2,2,2,1.0,3.0,30312,M,4401237.0,480857.0,30
201700021810,17,8,1,1810,1,1,1,1.0,1.0,30315,M,4394972.0,470310.0,30
201700021811,17,8,10,845,1,2,1,1.0,1.0,30209,M,,,30
201700021812,17,8,28,1030,1,1,1,1.0,5.0,30278,M,4406489.0,470846.0,30
201700021813,17,10,14,1930,3,1,2,1.0,1.0,30326,M,4400764.0,473493.0,30
201700021814,17,11,4,750,2,1,1,1.0,7.0,30278,M,4404289.0,472418.0,30
201700021815,17,12,22,1750,3,1,3,1.0,6.0,30254,M,4406189.0,473196.0,30
201700021816,17,12,24,1245,1,1,1,1.0,6.0,30254,M,4406066.0,473567.0,30
201700021817,17,1,27,1910,5,2,1,8.0,7.0,38113,M,4482808.0,561101.0,38
201700021818,17,2,22,1530,1,1,1,1.0,7.0,38342,M,4487338.0,565352.0,38
201700021819,17,2,26,2230,3,1,1,1.0,7.0,38113,M,4482374.0,561788.0,38
201700021820,17,3,12,1520,1,1,1,1.0,6.0,38204,M,4476542.0,569792.0,38
201700021821,17,3,17,2130,3,1,1,1.0,6.0,38127,M,4484016.0,570420.0,38
201700021822,17,3,18,815,1,2,1,1.0,6.0,38226,M,4481822.0,575172.0,38
201700021823,17,4,24,1200,1,1,1,1.0,7.0,38342,M,4487338.0,565352.0,38
201700021824,17,5,27,1930,1,1,1,1.0,3.0,38301,M,4479705.0,563580.0,38
201700021825,17,6,19,130,3,1,1,1.0,7.0,38208,M,4485897.0,567939.0,38
201700021826,17,6,20,1730,1,1,1,1.0,7.0,38492,M,4495693.0,564890.0,38
201700021827,17,7,9,2030,2,1,1,2.0,3.0,38243,M,4478071.0,564847.0,38
201700021828,17,7,30,1320,1,1,1,1.0,7.0,38204,M,4473881.0,567766.0,38
201700021829,17,8,19,1618,1,1,1,1.0,1.0,38424,M,4477128.0,566189.0,38
201700021830,17,8,31,1610,1,1,1,3.0,1.0,38429,M,4486787.0,561173.0,38
201700021831,17,9,16,1000,1,1,1,1.0,6.0,38419,M,4483979.0,561229.0,38
201700021832,17,9,16,1900,1,1,1,1.0,6.0,38403,M,4485198.0,573892.0,38
201700021833,17,9,28,1800,1,1,1,1.0,6.0,38342,M,4490472.0,562317.0,38
201700021834,17,1,1,400,3,1,1,9.0,3.0,18205,M,4709632.0,233773.0,18
201700021835,17,12,26,1700,1,2,3,1.0,3.0,18205,M,4709815.0,238170.0,18
201700021836,17,1,7,1415,1,2,2,1.0,6.0,18033,M,4707552.0,240543.0,18
201700021837,17,1,22,129,5,2,1,1.0,6.0,18033,M,4708005.0,238062.0,18
201700021838,17,2,2,1920,5,2,1,2.0,1.0,18033,M,4711625.0,241196.0,18
201700021839,17,2,7,2010,5,2,1,1.0,6.0,18033,M,4707197.0,239297.0,18
201700021840,17,2,12,2054,5,2,2,1.0,2.0,18267,M,4706236.0,238548.0,18
201700021841,17,3,2,1300,1,2,2,1.0,6.0,18033,M,4707615.0,237675.0,18
201700021842,17,3,9,110,5,2,3,2.0,6.0,18033,M,4710315.0,240941.0,18
201700021843,17,3,25,1830,1,2,1,1.0,3.0,18033,M,4709907.0,240649.0,18
201700021844,17,3,26,345,4,2,2,1.0,1.0,18033,M,,,18
201700021845,17,3,28,1205,1,2,6,1.0,3.0,18205,M,4709900.0,237300.0,18
201700021846,17,4,7,1820,1,2,1,1.0,3.0,18033,M,4708206.0,238927.0,18
201700021847,17,4,22,2200,5,2,1,1.0,2.0,18033,M,4709387.0,240150.0,18
201700021848,17,4,22,1255,1,1,6,1.0,3.0,18033,M,4712472.0,242444.0,18
201700021849,17,4,25,1145,1,2,3,1.0,3.0,18205,M,4711084.0,236522.0,18
201700021850,17,5,8,1641,1,1,1,1.0,7.0,18050,M,4704665.0,232098.0,18
201700021851,17,4,3,1045,1,2,7,1.0,6.0,18033,M,,,18
201700021852,17,5,19,830,1,2,1,1.0,6.0,18033,M,4712397.0,240271.0,18
201700021853,17,5,19,2140,5,2,1,2.0,6.0,18033,M,4709053.0,242177.0,18
201700021854,17,6,7,1621,1,2,1,1.0,3.0,18033,M,4711504.0,440957.0,18
201700021855,17,6,10,2300,5,2,1,1.0,7.0,18205,M,4709053.0,242177.0,18
201700021856,17,5,23,1745,1,1,1,1.0,3.0,18033,M,4710553.0,242387.0,18
201700021857,17,6,23,1730,1,2,4,1.0,2.0,18033,M,4709458.0,240533.0,18
201700021858,17,6,23,1825,1,2,1,1.0,6.0,18033,M,4708341.0,243216.0,18
201700021859,17,6,26,900,1,2,1,1.0,2.0,18033,M,4708271.0,240265.0,18
201700021860,17,6,28,1745,1,2,1,1.0,7.0,18033,M,4707943.0,239522.0,18
201700021861,17,7,11,2350,3,1,1,1.0,6.0,18267,M,4702120.0,239080.0,18
201700021862,17,7,5,1715,1,2,1,1.0,4.0,18205,M,4709471.0,234813.0,18
201700021863,17,7,19,1745,1,1,1,1.0,1.0,18033,M,4712867.0,239400.0,18
201700021864,17,7,29,1532,1,2,1,1.0,1.0,18205,M,4710420.0,235759.0,18
201700021865,17,8,4,2250,5,2,1,1.0,6.0,18213,M,4709307.0,248866.0,18
201700021866,17,8,5,1950,1,2,1,1.0,6.0,18205,M,4709927.0,238362.0,18
201700021867,17,8,7,1635,1,2,3,1.0,6.0,18033,M,4710750.0,240912.0,18
201700021868,17,8,13,2000,1,2,4,1.0,3.0,18033,M,4708370.0,243324.0,18
201700021869,17,8,23,1145,1,2,4,1.0,2.0,18033,M,4707972.0,238499.0,18
201700021870,17,9,2,2150,5,2,2,1.0,2.0,18033,M,4767081.0,240886.0,18
201700021871,17,9,12,1330,1,2,1,1.0,6.0,18205,M,4709472.0,235906.0,18
201700021872,17,9,22,1649,1,2,1,1.0,6.0,18033,M,4710805.0,241138.0,18
201700021873,17,9,22,1835,1,1,2,1.0,3.0,18033,M,4704588.0,242085.0,18
201700021874,17,9,30,537,3,1,1,2.0,1.0,18213,M,4710050.0,38160.0,18
201700021875,17,9,21,1237,1,2,1,1.0,4.0,18033,M,4709513.0,242274.0,18
201700021876,17,10,9,823,1,2,1,5.0,6.0,18033,M,4711017.0,241581.0,18
201700021877,17,10,11,1804,1,1,1,7.0,2.0,18033,M,,,18
201700021878,17,10,15,30,5,2,1,1.0,6.0,18267,M,4706195.0,238580.0,18
201700021879,17,10,25,1407,1,2,1,1.0,5.0,18033,M,4708800.0,238000.0,18
201700021880,17,11,1,56,5,2,1,1.0,6.0,18033,M,4707375.0,240920.0,18
201700021881,17,12,25,1907,5,2,2,1.0,3.0,18033,M,4710048.0,241529.0,18
201700021882,17,1,15,2045,5,2,1,2.0,6.0,41057,M,4774885.0,129079.0,41
201700021883,17,2,10,1730,1,1,1,1.0,6.0,41244,M,4792212.0,138717.0,41
201700021884,17,2,26,1430,1,1,1,1.0,5.0,41019,M,4777473.0,130089.0,41
201700021885,17,4,19,1510,1,1,1,1.0,6.0,41173,M,4789527.0,153892.0,41
201700021886,17,4,21,1800,1,1,1,1.0,6.0,41057,M,4775741.0,128849.0,41
201700021887,17,5,11,1630,1,1,2,2.0,3.0,41289,M,4785457.0,152166.0,41
201700021888,17,5,22,1800,1,1,1,7.0,1.0,41283,M,4770806.0,116846.0,41
201700021889,17,6,2,115,3,2,1,1.0,1.0,41072,M,4772813.0,108538.0,41
201700021890,17,11,23,1800,3,1,1,3.0,4.0,41105,M,4779168.0,154814.0,41
201700021891,17,11,29,1510,1,1,1,7.0,6.0,41173,M,4792006.0,152148.0,41
201700021892,17,12,11,1500,1,2,1,6.0,6.0,41270,M,4795356.0,142539.0,41
201700021893,17,2,15,1535,1,1,1,1.0,7.0,12244,M,4404030.0,291347.0,12
201700021894,17,3,16,2210,3,1,1,1.0,6.0,12077,M,4393010.0,323471.0,12
201700021895,17,4,28,2330,3,1,1,1.0,6.0,12145,M,4410480.0,302687.0,12
201700021896,17,5,11,1625,1,1,1,2.0,7.0,12115,M,4396280.0,320990.0,12
201700021897,17,6,2,1821,1,1,1,1.0,7.0,12291,M,4424620.0,305486.0,12
201700021898,17,7,26,810,1,1,1,1.0,5.0,12243,M,4400160.0,296687.0,12
201700021899,17,8,6,1355,1,1,9,1.0,6.0,12022,M,4403150.0,306690.0,12
201700021900,17,9,17,1925,1,1,1,3.0,6.0,12270,M,4431120.0,310240.0,12
201700021901,17,10,10,1300,1,1,1,1.0,6.0,12063,M,4399650.0,316930.0,12
201700021902,17,10,14,830,1,1,1,1.0,6.0,12082,M,4390560.0,327268.0,12
201700021903,17,10,31,1200,1,1,1,1.0,2.0,12291,M,4421840.0,307249.0,12
201700021904,17,12,10,550,3,1,1,3.0,6.0,12225,M,4404980.0,305018.0,12
201700021905,17,1,26,2000,3,1,9,9.0,6.0,58214,M,4707472.0,311320.0,58
201700021906,17,3,17,2200,3,1,1,1.0,5.0,58214,M,4707472.0,311320.0,58
201700021907,17,6,7,1155,1,1,1,1.0,6.0,58088,M,4701893.0,319598.0,58
201700021908,17,6,22,1809,1,1,1,1.0,6.0,58238,M,4699091.0,322241.0,58
201700021909,17,11,9,1813,3,1,1,1.0,3.0,58215,M,4728007.0,297245.0,58
201700021910,17,2,11,1135,1,1,1,8.0,3.0,71420,M,4671541.0,498955.0,71
201700021911,17,2,18,530,4,2,1,1.0,6.0,71189,M,4674752.0,490431.0,71
201700021912,17,3,15,1800,1,1,1,7.0,3.0,71215,M,,,71
201700021913,17,3,18,1845,3,1,1,1.0,1.0,71283,M,,,71
201700021914,17,4,15,2150,3,1,1,1.0,6.0,71004,M,4679275.0,497567.0,71
201700021915,17,4,27,350,3,1,1,1.0,3.0,71003,M,4692371.0,494366.0,71
201700021916,17,7,22,1255,1,1,2,1.0,3.0,71023,M,4667132.0,497778.0,71
201700021917,17,8,20,320,3,1,1,1.0,6.0,71456,M,4676328.0,505806.0,71
201700021918,17,8,25,835,1,1,1,1.0,2.0,71462,M,4685110.0,501943.0,71
201700021919,17,9,9,625,2,1,1,2.0,6.0,71517,M,4689465.0,509333.0,71
201700021920,17,10,31,1105,1,1,3,1.0,3.0,71462,M,4684470.0,500884.0,71
201700021921,17,2,10,620,3,1,1,5.0,2.0,36134,M,,,36
201700021922,17,3,4,255,3,1,1,3.0,2.0,36134,M,,,36
201700021923,17,8,22,1410,1,1,1,1.0,7.0,36033,M,,,36
201700021924,17,11,6,1045,1,1,1,1.0,2.0,36219,M,4665510.0,156601.0,36
201700021925,17,11,27,1420,1,1,1,1.0,6.0,36006,M,4657151.0,150036.0,36
201700021926,17,11,4,1605,1,1,1,3.0,6.0,15119,M,4526109.0,320143.0,15
201700021927,17,1,24,815,1,1,1,9.0,6.0,63178,M,4556388.0,325414.0,63
201700021928,17,2,8,920,1,1,1,1.0,6.0,63352,M,4543713.0,327244.0,63
201700021929,17,4,7,315,3,1,1,1.0,6.0,63054,M,4550042.0,325863.0,63
201700021930,17,5,13,1050,1,1,1,2.0,6.0,63404,M,4557276.0,324774.0,63
201700021931,17,8,5,1655,1,1,1,1.0,6.0,63404,M,4557661.0,324266.0,63
201700021932,17,8,24,2300,3,1,1,1.0,6.0,63054,M,4550042.0,325863.0,63
201700021933,17,12,19,1800,3,1,1,8.0,2.0,43120,M,4539290.0,327346.0,43