Num_Acc,an,mois,jour,hrmn,lum,agg,int,atm,col,com,gps,lat,long,dep
201700021934,17,5,7,2055,1,1,1,1.0,7.0,87133,M,4618770.0,138222.0,87
201700021935,17,6,27,1640,1,1,1,3.0,2.0,87182,M,4631950.0,141732.0,87
201700021936,17,7,2,1315,1,1,6,1.0,7.0,87014,M,4613170.0,137288.0,87
201700021937,17,10,1,620,2,1,1,1.0,6.0,87014,M,4611610.0,137529.0,87
201700021938,17,10,28,505,3,1,1,5.0,2.0,87014,M,4612770.0,138152.0,87
201700021939,17,12,18,850,1,1,1,3.0,5.0,87122,M,4603930.0,134982.0,87
201700021940,17,1,7,550,3,1,1,1.0,3.0,34076,M,4365432.0,344783.0,34
201700021941,17,1,28,420,3,1,1,3.0,6.0,34300,M,4341264.0,330155.0,34
201700021942,17,1,29,2020,3,1,1,1.0,4.0,34166,M,4340931.0,335891.0,34
201700021943,17,2,17,1405,1,1,9,1.0,6.0,34136,M,4348936.0,344347.0,34
201700021944,17,2,26,2245,3,1,1,1.0,4.0,34163,M,4363037.0,371631.0,34
201700021945,17,3,11,2038,4,1,1,1.0,6.0,34194,M,4355150.0,345335.0,34
201700021946,17,3,22,915,1,1,1,1.0,5.0,34036,M,4369166.0,334839.0,34
201700021947,17,3,7,755,2,1,1,6.0,7.0,34114,M,4365097.0,354094.0,34
201700021948,17,6,6,1810,1,1,1,1.0,7.0,34199,M,4347269.0,343652.0,34
201700021949,17,6,11,640,2,1,1,1.0,7.0,34194,M,4356588.0,346591.0,34
201700021950,17,6,19,1333,1,1,1,1.0,7.0,34036,M,4369112.0,334942.0,34
201700021951,17,6,29,645,2,1,1,2.0,1.0,34254,M,4365865.0,349151.0,34
201700021952,17,7,9,1820,1,1,1,1.0,7.0,34123,M,4360663.0,380869.0,34
201700021953,17,7,21,1730,1,1,1,1.0,5.0,34076,M,4364905.0,344963.0,34
201700021954,17,8,1,1445,1,1,1,1.0,6.0,34106,M,4374515.0,333079.0,34
201700021955,17,8,13,815,1,1,1,1.0,6.0,34114,M,4363872.0,357888.0,34
201700021956,17,9,3,500,3,1,1,1.0,4.0,34114,M,4362902.0,359283.0,34
201700021957,17,9,3,1030,1,1,9,1.0,6.0,34196,M,4379333.0,332631.0,34
201700021958,17,9,8,2255,3,1,1,1.0,6.0,34114,M,4364924.0,354436.0,34
201700021959,17,9,9,1025,1,1,1,2.0,2.0,34079,M,4361338.0,346095.0,34
201700021960,17,10,1,710,1,1,1,2.0,7.0,34114,M,4364904.0,354449.0,34
201700021961,17,10,4,940,1,1,1,1.0,2.0,34300,M,4339485.0,332716.0,34
201700021962,17,10,9,1845,1,1,1,1.0,6.0,34076,M,4365494.0,345114.0,34
201700021963,17,10,16,2025,3,1,1,1.0,1.0,34142,M,4372952.0,332723.0,34
201700021964,17,10,21,550,3,1,1,5.0,2.0,34123,M,4361684.0,379660.0,34
201700021965,17,10,20,1400,1,1,1,1.0,6.0,34300,M,4339245.0,332289.0,34
201700021966,17,11,11,1710,2,1,1,1.0,3.0,34076,M,4364659.0,346281.0,34
201700021967,17,11,1,1843,3,1,1,1.0,2.0,34300,M,4339265.0,332300.0,34
201700021968,17,11,26,245,3,1,1,1.0,6.0,34035,M,4362490.0,364111.0,34
201700021969,17,12,19,830,1,1,1,1.0,6.0,34136,M,4349849.0,344472.0,34
201700021970,17,1,16,5,3,1,1,1.0,6.0,48009,M,4472233.0,327796.0,48
201700021971,17,1,29,2325,3,1,1,5.0,6.0,48017,M,4442692.0,318664.0,48
201700021972,17,2,16,1843,2,1,1,1.0,2.0,48049,M,4454821.0,325641.0,48
201700021973,17,2,24,1230,1,1,9,1.0,6.0,48049,M,4452596.0,324316.0,48
201700021974,17,5,7,1420,1,1,1,1.0,1.0,48009,M,4472048.0,327446.0,48
201700021975,17,8,6,500,3,1,1,1.0,7.0,48099,M,4450963.0,322621.0,48
201700021976,17,12,22,1450,1,1,9,1.0,7.0,48099,M,4450768.0,324507.0,48
201700021977,17,1,2,1915,3,1,1,5.0,2.0,08435,M,,,08
201700021978,17,5,28,36,3,1,1,1.0,2.0,08479,M,4963750.0,456493.0,08
201700021979,17,2,28,1510,1,1,1,1.0,2.0,67407,M,4875030.0,789761.0,67
201700021980,17,6,8,1750,1,1,1,1.0,7.0,67418,M,4882352.0,799209.0,67
201700021981,17,11,26,100,3,1,1,2.0,6.0,67142,M,4880110.0,805631.0,67
201700021982,17,3,18,2315,3,1,1,1.0,5.0,44149,M,4745706.0,-164022.0,44
201700021983,17,4,11,2145,3,1,1,1.0,6.0,44076,M,4760429.0,-162828.0,44
201700021984,17,4,18,1106,1,1,1,1.0,7.0,44209,M,4730703.0,-160358.0,44
201700021985,17,5,26,1535,1,1,1,1.0,6.0,44138,M,4750939.0,-163928.0,44
201700021986,17,9,29,745,1,2,1,1.0,6.0,44036,M,4771183.0,-137501.0,44
201700021987,17,1,3,1545,1,1,1,1.0,6.0,44158,M,4730180.0,-175891.0,44
201700021988,17,1,16,1950,3,1,9,1.0,5.0,44152,M,4742349.0,-205628.0,44
201700021989,17,2,28,1540,1,1,1,1.0,2.0,44052,M,4734547.0,-208269.0,44
201700021990,17,3,14,1725,1,1,1,1.0,7.0,44137,M,4741428.0,-202708.0,44
201700021991,17,3,9,1630,1,1,1,1.0,6.0,44033,M,4738311.0,-196951.0,44
201700021992,17,3,21,1320,1,1,1,1.0,2.0,44195,M,4735600.0,-189214.0,44
201700021993,17,3,28,900,1,1,1,1.0,7.0,44195,M,4737181.0,-192635.0,44
201700021994,17,4,9,705,2,1,1,1.0,2.0,44158,M,4730549.0,-176107.0,44
201700021995,17,5,21,2030,1,1,1,1.0,6.0,44103,M,4733336.0,-211867.0,44
201700021996,17,6,18,2003,1,1,1,1.0,7.0,44158,M,4727548.0,-172104.0,44
201700021997,17,8,17,1555,1,1,1,3.0,2.0,44203,M,4731936.0,-177383.0,44
201700021998,17,8,25,1730,1,1,9,1.0,2.0,44217,M,4729611.0,-174770.0,44
201700021999,17,9,5,1020,1,1,1,2.0,7.0,44089,M,4734299.0,-184233.0,44
201700022000,17,9,9,545,3,1,1,1.0,2.0,44210,M,4731658.0,-219647.0,44
201700022001,17,10,21,1310,1,1,1,1.0,7.0,44089,M,4734790.0,-186991.0,44
201700022002,17,11,18,2125,3,1,1,5.0,3.0,44089,M,4734132.0,-187094.0,44
201700022003,17,11,23,2155,3,1,1,3.0,7.0,44089,M,4734299.0,-184233.0,44
201700022004,17,1,13,2040,5,1,6,1.0,2.0,85065,M,4691414.0,-124143.0,85
201700022005,17,3,4,300,3,1,1,2.0,6.0,85153,M,4680894.0,-102501.0,85
201700022006,17,3,26,1850,1,1,1,1.0,6.0,85082,M,4691250.0,-87338.0,85
201700022007,17,4,12,1010,1,2,3,1.0,1.0,85109,M,4686722.0,-98473.0,85
201700022008,17,4,14,1803,1,1,1,1.0,7.0,85109,M,4689805.0,-101948.0,85
201700022009,17,4,27,2045,3,1,1,1.0,7.0,85215,M,4686310.0,-113198.0,85
201700022010,17,5,16,1220,1,1,1,1.0,4.0,85109,M,4689000.0,-101199.0,85
201700022011,17,6,6,1140,1,2,3,2.0,4.0,85065,M,4689307.0,-124961.0,85
201700022012,17,6,10,1900,1,1,3,1.0,3.0,85242,M,4685248.0,-90650.0,85
201700022013,17,6,16,1310,1,2,4,1.0,3.0,85109,M,4686775.0,-102477.0,85
201700022014,17,6,16,1815,1,1,1,1.0,1.0,85109,M,4689317.0,-100977.0,85
201700022015,17,6,20,950,1,1,1,1.0,7.0,85153,M,4681803.0,-105664.0,85
201700022016,17,6,30,1800,1,2,1,1.0,3.0,85109,M,4685252.0,-100547.0,85
201700022017,17,7,1,850,1,1,1,1.0,1.0,85065,M,4686585.0,-127011.0,85
201700022018,17,9,18,630,4,1,2,1.0,6.0,85109,M,4686213.0,-99748.0,85
201700022019,17,9,30,1740,1,1,1,1.0,5.0,85064,M,4682254.0,-119712.0,85
201700022020,17,10,26,1615,1,1,1,1.0,5.0,85109,M,4687064.0,-108683.0,85
201700022021,17,11,21,1930,3,1,1,5.0,1.0,85153,M,4679508.0,-110357.0,85
201700022022,17,3,7,2000,3,1,1,1.0,2.0,14454,M,4915700.0,-47624.0,14
201700022023,17,3,27,1100,1,1,1,1.0,2.0,14389,M,4906190.0,-68943.0,14
201700022024,17,4,21,2220,3,1,1,1.0,6.0,14120,M,4904760.0,-77885.0,14
201700022025,17,6,17,1530,1,1,1,1.0,7.0,14188,M,4905221.0,-70663.0,14
201700022026,17,7,30,1520,1,1,1,1.0,6.0,14389,M,4906560.0,-67937.0,14
201700022027,17,8,18,1730,1,1,1,1.0,6.0,14374,M,4903896.0,-80576.0,14
201700022028,17,9,9,1820,1,1,1,2.0,6.0,14449,M,4910464.0,-60765.0,14
201700022029,17,10,23,1735,1,1,1,2.0,7.0,14475,M,4911346.0,-58983.0,14
201700022030,17,12,3,2210,3,1,1,1.0,2.0,14374,M,4904183.0,-79747.0,14
201700022031,17,1,25,1000,1,1,1,2.0,6.0,14513,M,4894760.0,-101784.0,14
201700022032,17,2,10,1230,1,1,1,1.0,3.0,50224,M,4897787.0,-95288.0,50
201700022033,17,2,15,1900,3,1,2,1.0,3.0,50276,M,4872486.0,-141793.0,50
201700022034,17,2,21,1848,3,1,1,2.0,2.0,50224,M,4897787.0,-95288.0,50
201700022035,17,3,11,1930,2,1,1,1.0,6.0,50214,M,,,50
201700022036,17,6,7,1720,1,1,1,1.0,6.0,50291,M,4889520.0,-112442.0,50
201700022037,17,7,16,1544,1,1,1,1.0,6.0,50487,M,4853678.0,-134141.0,50
201700022038,17,7,23,1615,1,1,1,8.0,6.0,50025,M,4868789.0,-136893.0,50
201700022039,17,8,5,1035,1,1,1,1.0,4.0,14513,M,4894616.0,-104054.0,14
201700022040,17,10,7,300,3,1,1,1.0,7.0,14513,M,4894766.0,-103435.0,14
201700022041,17,10,15,1845,1,1,1,1.0,3.0,50214,M,4892062.0,-108349.0,50
201700022042,17,11,11,1345,1,1,1,3.0,3.0,50185,M,4883913.0,-124891.0,50
201700022043,17,1,13,1030,1,1,1,1.0,6.0,50087,M,4955589.0,-157818.0,50
201700022044,17,3,12,640,1,1,1,8.0,7.0,50615,M,4950895.0,-149342.0,50
201700022045,17,4,16,1718,1,1,1,1.0,2.0,50087,M,4954936.0,-156083.0,50
201700022046,17,7,14,100,3,1,1,1.0,1.0,50087,M,4954545.0,-155567.0,50
201700022047,17,7,14,100,3,1,1,1.0,6.0,50599,M,4957411.0,-157801.0,50
201700022048,17,11,25,1540,1,1,1,1.0,3.0,50249,M,4935286.0,-128659.0,50
201700022049,17,1,10,1725,2,2,1,2.0,6.0,18279,M,4722999.0,207927.0,18
201700022050,17,3,21,2005,3,2,1,1.0,6.0,18279,M,4721457.0,212147.0,18
201700022051,17,3,22,1545,1,2,3,1.0,3.0,18279,M,4721072.0,206295.0,18
201700022052,17,3,22,2025,5,2,4,2.0,3.0,18279,M,,,18
201700022053,17,4,1,818,1,1,1,1.0,3.0,18279,M,,,18
201700022054,17,4,9,1730,1,2,3,1.0,3.0,18279,M,4723222.0,206107.0,18
201700022055,17,5,20,1130,1,2,1,1.0,6.0,18279,M,4722280.0,206201.0,18
201700022056,17,5,24,1120,1,2,2,1.0,3.0,18279,M,4722296.0,206596.0,18
201700022057,17,5,31,1650,1,2,1,1.0,6.0,18279,M,4721492.0,210197.0,18
201700022058,17,6,21,2145,1,2,2,1.0,6.0,18279,M,4721555.0,206483.0,18
201700022059,17,6,26,950,1,2,1,1.0,6.0,18279,M,4720371.0,207121.0,18
201700022060,17,7,2,2200,2,1,1,1.0,3.0,18279,M,4726519.0,205973.0,18
201700022061,17,7,13,1734,1,2,2,1.0,3.0,18279,M,,,18
201700022062,17,7,18,2130,1,2,7,1.0,3.0,18279,M,4722322.0,207284.0,18
201700022063,17,9,14,1650,1,2,4,1.0,1.0,18279,M,4721927.0,209139.0,18
201700022064,17,9,27,700,5,2,2,1.0,3.0,18279,M,4722299.0,206599.0,18
201700022065,17,10,12,1318,1,1,1,1.0,6.0,18279,M,4721496.0,203073.0,18
201700022066,17,10,20,1950,2,2,1,1.0,3.0,18279,M,4723642.0,208740.0,18
201700022067,17,1,21,925,1,2,1,1.0,6.0,44113,M,4756551.0,-162741.0,44
201700022068,17,2,26,1225,1,1,1,2.0,3.0,44138,M,4751611.0,-163505.0,44
201700022069,17,6,11,1027,1,1,1,1.0,5.0,44001,M,4755557.0,-148695.0,44
201700022070,17,10,2,1554,1,1,3,1.0,3.0,44149,M,4747913.0,-154226.0,44
201700022071,17,10,12,1405,1,1,1,1.0,1.0,44113,M,4760164.0,-156617.0,44
201700022072,17,11,23,1830,3,1,2,1.0,6.0,44193,M,4764314.0,-147211.0,44
201700022073,17,11,28,1825,3,1,2,2.0,1.0,44113,M,4753905.0,-157569.0,44
201700022074,17,1,13,1755,2,1,1,1.0,2.0,72058,M,4800151.0,29493.0,72
201700022075,17,1,16,1605,1,1,1,1.0,1.0,72058,M,4796049.0,29729.0,72
201700022076,17,2,12,1430,1,1,2,1.0,1.0,72299,M,4786885.0,38090.0,72
201700022077,17,3,30,2120,3,1,1,1.0,6.0,72187,M,4780879.0,36858.0,72
201700022078,17,4,11,2135,3,1,1,1.0,6.0,72213,M,4790336.0,22100.0,72
201700022079,17,4,15,46,3,1,1,1.0,6.0,72047,M,4790310.0,30965.0,72
201700022080,17,5,19,1700,1,2,1,2.0,2.0,72008,M,4793943.0,19027.0,72
201700022081,17,5,21,1225,1,1,1,1.0,6.0,72299,M,4786125.0,31273.0,72
201700022082,17,6,9,405,3,1,1,1.0,6.0,72058,M,4796654.0,27511.0,72
201700022083,17,6,20,1905,1,1,2,1.0,3.0,72231,M,4794901.0,35561.0,72
201700022084,17,6,21,2025,1,1,1,7.0,6.0,72047,M,4791091.0,32744.0,72
201700022085,17,7,13,1511,1,1,1,1.0,6.0,72124,M,4781149.0,31137.0,72
201700022086,17,7,13,1848,1,1,1,1.0,7.0,72260,M,4795292.0,25308.0,72
201700022087,17,7,26,936,1,1,1,2.0,3.0,72053,M,4793320.0,44572.0,72
201700022088,17,7,29,1610,1,1,1,1.0,7.0,72231,M,4797733.0,41044.0,72
201700022089,17,8,25,2300,3,1,1,1.0,6.0,72306,M,4783200.0,19881.0,72
201700022090,17,9,18,717,2,2,1,5.0,3.0,72213,M,4791684.0,25890.0,72
201700022091,17,9,28,2206,5,2,1,1.0,3.0,72124,M,4783024.0,27363.0,72
201700022092,17,10,8,2151,3,1,1,5.0,6.0,72155,M,4786132.0,23186.0,72
201700022093,17,10,13,2055,3,1,1,1.0,6.0,72231,M,4788236.0,42419.0,72
201700022094,17,11,23,1742,3,1,1,1.0,6.0,72213,M,4790318.0,25654.0,72
201700022095,17,12,16,1824,5,1,1,1.0,5.0,72231,M,4793010.0,19405.0,72
201700022096,17,2,22,2300,3,1,1,1.0,1.0,65375,M,4339456.0,17411.0,65
201700022097,17,6,16,1220,1,1,3,1.0,2.0,65409,M,4338571.0,10401.0,65
201700022098,17,9,1,910,1,1,4,1.0,3.0,65101,M,4320805.0,21440.0,65
201700022099,17,10,31,2130,3,1,1,1.0,2.0,65409,M,4338645.0,11571.0,65
201700022100,17,12,9,945,1,1,1,1.0,3.0,65409,M,4338584.0,10179.0,65
201700022101,17,12,25,1315,1,1,2,1.0,3.0,65206,M,4324091.0,22100.0,65
201700022102,17,2,21,1315,1,1,1,1.0,2.0,83019,M,4315565.0,631278.0,83
201700022103,17,2,22,1540,1,2,1,1.0,3.0,83070,M,4313621.0,635845.0,83
201700022104,17,3,26,1810,1,2,3,1.0,3.0,83070,M,4313818.0,636132.0,83
201700022105,17,3,29,2030,2,2,1,1.0,6.0,83070,M,4313904.0,637028.0,83
201700022106,17,4,11,1345,1,1,1,1.0,3.0,83019,M,4319835.0,631445.0,83
201700022107,17,4,14,1935,1,2,9,1.0,3.0,83019,M,4313517.0,633959.0,83
201700022108,17,4,15,1647,1,1,1,1.0,3.0,83019,M,4320858.0,644708.0,83
201700022109,17,4,29,1115,1,1,1,1.0,3.0,83019,M,4316093.0,632162.0,83
201700022110,17,5,2,1020,1,1,1,1.0,6.0,83070,M,4315534.0,644676.0,83
201700022111,17,5,11,730,1,1,1,1.0,1.0,83070,M,4314940.0,642068.0,83
201700022112,17,5,15,1800,1,2,1,1.0,6.0,83070,M,4313904.0,637028.0,83
201700022113,17,6,29,930,1,1,1,1.0,1.0,83019,M,4314621.0,631716.0,83
201700022114,17,7,1,2035,2,2,1,1.0,2.0,83019,M,4314375.0,632709.0,83
201700022115,17,7,6,1940,1,2,1,1.0,6.0,83019,M,4312559.0,636208.0,83
201700022116,17,7,21,1100,1,2,1,1.0,7.0,83070,M,4314453.0,638472.0,83
201700022117,17,8,3,845,1,2,6,1.0,7.0,83019,M,4315178.0,631140.0,83
201700022118,17,7,31,900,1,2,1,1.0,6.0,83070,M,4314892.0,639759.0,83
201700022119,17,8,4,1915,1,1,1,1.0,6.0,83019,M,4320252.0,643209.0,83
201700022120,17,8,6,2015,2,1,1,1.0,7.0,83019,M,4315026.0,628943.0,83
201700022121,17,8,13,45,5,2,1,1.0,2.0,83070,M,4314982.0,640124.0,83
201700022122,17,9,6,1635,1,2,1,1.0,1.0,83019,M,4313906.0,635099.0,83
201700022123,17,9,10,1705,1,2,1,1.0,6.0,83070,M,4314202.0,638035.0,83
201700022124,17,10,5,1055,1,1,1,1.0,6.0,83019,M,4320028.0,640876.0,83
201700022125,17,10,31,1650,1,2,1,1.0,6.0,83019,M,4314609.0,634275.0,83
201700022126,17,12,30,1130,1,1,1,1.0,3.0,83019,M,4318710.0,633074.0,83
201700022127,17,3,29,715,2,2,1,1.0,7.0,60176,M,4923372.0,288746.0,60
201700022128,17,4,19,640,2,2,1,1.0,6.0,45158,M,4805317.0,265055.0,45
201700022129,17,5,30,1300,1,1,9,1.0,2.0,60358,M,4920361.0,293107.0,60
201700022130,17,7,25,900,1,2,1,2.0,3.0,60203,M,4923258.0,285994.0,60
201700022131,17,7,27,1957,1,1,1,1.0,6.0,60552,M,4922148.0,286581.0,60
201700022132,17,8,8,2030,1,1,1,1.0,6.0,60092,M,4913365.0,300065.0,60
201700022133,17,8,29,1500,1,1,3,1.0,3.0,60552,M,4921368.0,290168.0,60
201700022134,17,9,1,1240,1,2,1,1.0,2.0,60101,M,4908532.0,286626.0,60
201700022135,17,9,7,1610,1,2,1,1.0,6.0,60069,M,4915386.0,295369.0,60
201700022136,17,9,8,1800,1,1,1,3.0,1.0,60430,M,4933015.0,289369.0,60
201700022137,17,10,2,1145,1,1,3,1.0,2.0,60479,M,4920839.0,285931.0,60
201700022138,17,9,27,1730,1,1,1,8.0,1.0,60478,M,4918966.0,296602.0,60
201700022139,17,10,13,2130,3,2,1,1.0,3.0,60358,M,4919314.0,291207.0,60
201700022140,17,10,14,1320,1,1,1,1.0,7.0,60101,M,4907596.0,286407.0,60
201700022141,17,10,18,1726,1,1,1,1.0,2.0,60479,M,4919849.0,284695.0,60
201700022142,17,10,21,1450,1,2,1,1.0,6.0,60176,M,4922574.0,288344.0,60
201700022143,17,10,22,1850,3,1,1,2.0,3.0,60279,M,4921110.0,294740.0,60
201700022144,17,10,22,1735,2,1,1,2.0,6.0,60683,M,4914773.0,290961.0,60
201700022145,17,11,21,605,5,2,1,8.0,6.0,60176,M,4923393.0,290485.0,60
201700022146,17,11,29,1740,5,2,4,1.0,6.0,60176,M,4923139.0,288641.0,60
201700022147,17,12,10,415,3,1,1,3.0,6.0,60203,M,4923228.0,286704.0,60
201700022148,17,1,2,1845,5,2,2,1.0,3.0,19031,M,4516059.0,150330.0,19
201700022149,17,1,3,1650,1,2,6,1.0,3.0,19031,M,4514330.0,147078.0,19
201700022150,17,1,4,1220,1,2,6,1.0,3.0,19031,M,4514349.0,147010.0,19
201700022151,17,1,6,1500,1,2,3,1.0,3.0,19031,M,4516034.0,152604.0,19
201700022152,17,1,9,1810,5,2,1,1.0,6.0,19031,M,4514679.0,153037.0,19
201700022153,17,1,11,1835,5,2,1,2.0,6.0,19031,M,4515673.0,153189.0,19
201700022154,17,1,12,1735,2,2,1,3.0,6.0,19031,M,4515882.0,153382.0,19
201700022155,17,1,15,2040,5,2,1,2.0,3.0,19031,M,4515808.0,152632.0,19
201700022156,17,1,15,335,5,2,1,1.0,6.0,19031,M,4516540.0,153643.0,19
201700022157,17,1,31,1710,1,2,1,1.0,6.0,19031,M,4515571.0,151725.0,19
201700022158,17,2,7,1230,1,2,2,1.0,3.0,19031,M,4515565.0,152449.0,19
201700022159,17,2,13,1330,1,2,3,1.0,3.0,19031,M,4515325.0,150801.0,19
201700022160,17,2,17,720,2,2,1,1.0,3.0,19031,M,4515036.0,149720.0,19
201700022161,17,2,19,1205,1,2,3,1.0,3.0,19031,M,4517342.0,152890.0,19
201700022162,17,2,23,1400,1,2,2,1.0,5.0,19031,M,4516059.0,150328.0,19
201700022163,17,2,23,1510,1,2,1,1.0,6.0,19031,M,4514353.0,149098.0,19
201700022164,17,2,28,2025,5,2,1,2.0,2.0,19031,M,4515653.0,150418.0,19
201700022165,17,2,28,1935,5,2,6,8.0,3.0,19031,M,4515350.0,150899.0,19
201700022166,17,3,6,905,1,2,1,1.0,3.0,19031,M,4515313.0,150756.0,19
201700022167,17,3,7,800,1,2,1,1.0,6.0,19031,M,4516513.0,151947.0,19
201700022168,17,3,8,830,1,2,1,2.0,6.0,19031,M,4516476.0,151530.0,19
201700022169,17,3,8,1430,1,2,1,1.0,2.0,19031,M,4515562.0,153714.0,19
201700022170,17,3,12,1840,1,2,2,2.0,3.0,19031,M,4516476.0,151530.0,19
201700022171,17,3,16,1440,1,2,3,1.0,3.0,19031,M,4516199.0,153106.0,19
201700022172,17,3,23,815,2,2,1,3.0,2.0,19031,M,4515361.0,153902.0,19
201700022173,17,3,30,855,1,2,1,1.0,6.0,19031,M,4515678.0,152122.0,19
201700022174,17,3,31,1150,1,2,1,1.0,3.0,19031,M,4515379.0,151262.0,19
201700022175,17,4,2,20,5,2,1,2.0,6.0,19031,M,4514987.0,153922.0,19
201700022176,17,4,3,1725,1,2,2,1.0,6.0,19031,M,4515433.0,153842.0,19
201700022177,17,4,5,1250,1,2,1,1.0,3.0,19031,M,4515797.0,155388.0,19
201700022178,17,4,7,855,1,2,1,1.0,6.0,19031,M,4516296.0,154184.0,19
201700022179,17,4,7,1155,1,2,1,1.0,3.0,19031,M,4515100.0,149965.0,19
201700022180,17,4,8,1115,1,2,1,1.0,2.0,19031,M,4516471.0,150676.0,19
201700022181,17,4,11,1930,1,2,2,1.0,3.0,19031,M,4515652.0,150419.0,19
201700022182,17,4,12,1150,1,2,1,1.0,4.0,19031,M,4516476.0,151334.0,19
201700022183,17,4,12,1455,1,2,2,1.0,3.0,19031,M,4515437.0,151218.0,19
201700022184,17,4,13,1305,1,2,1,1.0,2.0,19031,M,4515574.0,148172.0,19
201700022185,17,4,18,2040,1,2,2,1.0,3.0,19031,M,4516424.0,152148.0,19
201700022186,17,4,21,950,1,2,6,1.0,3.0,19031,M,4515269.0,150508.0,19
201700022187,17,4,27,2045,2,2,2,1.0,3.0,19031,M,4516138.0,152300.0,19
201700022188,17,4,29,1910,1,2,1,7.0,6.0,19031,M,4515085.0,151089.0,19
201700022189,17,5,3,1445,1,2,6,1.0,2.0,19031,M,4516635.0,154188.0,19
201700022190,17,5,5,1340,1,2,1,1.0,2.0,19031,M,4515710.0,153545.0,19
201700022191,17,5,17,1220,1,2,3,1.0,3.0,19031,M,4515285.0,151332.0,19
201700022192,17,5,18,645,2,2,2,1.0,3.0,19031,M,4515564.0,152451.0,19
201700022193,17,5,19,1650,1,2,1,2.0,3.0,19031,M,4517510.0,153045.0,19
201700022194,17,5,19,1745,1,2,1,3.0,2.0,19031,M,4516621.0,153179.0,19
201700022195,17,5,23,1425,1,2,3,1.0,3.0,19031,M,4516586.0,151801.0,19
201700022196,17,5,23,1540,1,2,3,1.0,3.0,19031,M,4516131.0,150311.0,19
201700022197,17,5,27,2225,5,1,1,1.0,6.0,19031,M,4516702.0,151821.0,19
201700022198,17,5,30,1610,1,2,1,1.0,6.0,19031,M,4515727.0,152305.0,19
201700022199,17,6,2,940,1,2,1,1.0,6.0,19031,M,4516348.0,153233.0,19
201700022200,17,6,6,1600,1,2,1,1.0,2.0,19031,M,4515876.0,153370.0,19
201700022201,17,6,10,1605,1,2,2,1.0,3.0,19031,M,4516305.0,154053.0,19
201700022202,17,6,13,1605,1,2,1,1.0,4.0,19031,M,4515257.0,150532.0,19
201700022203,17,6,16,820,1,2,1,1.0,6.0,19031,M,4515705.0,152242.0,19
201700022204,17,6,16,1220,1,2,1,1.0,3.0,19031,M,4513953.0,147468.0,19
201700022205,17,6,20,2220,5,2,6,1.0,3.0,19031,M,4514657.0,148268.0,19
201700022206,17,7,2,2210,5,2,1,1.0,2.0,19031,M,4515371.0,150981.0,19
201700022207,17,7,8,1000,1,2,1,1.0,6.0,19031,M,4516584.0,153992.0,19
201700022208,17,7,11,1645,1,2,2,1.0,3.0,19031,M,4515743.0,152378.0,19
201700022209,17,7,18,900,1,2,3,1.0,3.0,19031,M,4515576.0,152480.0,19
201700022210,17,7,18,1645,1,2,1,1.0,3.0,19031,M,4514986.0,149792.0,19
201700022211,17,7,22,1245,1,2,3,1.0,3.0,19031,M,4514990.0,149554.0,19
201700022212,17,7,27,2215,5,2,3,1.0,3.0,19031,M,4515776.0,154757.0,19
201700022213,17,7,28,415,5,2,2,1.0,3.0,19031,M,4516066.0,152313.0,19
201700022214,17,7,28,915,1,2,1,1.0,3.0,19031,M,4515051.0,149784.0,19
201700022215,17,8,1,800,1,2,2,1.0,3.0,19031,M,4515755.0,154037.0,19
201700022216,17,8,2,1815,1,2,1,1.0,6.0,19031,M,4516517.0,153359.0,19
201700022217,17,8,3,1948,1,2,3,1.0,2.0,19031,M,4517174.0,151432.0,19
201700022218,17,8,8,840,1,2,1,1.0,2.0,19031,M,4515955.0,153393.0,19
201700022219,17,8,22,840,1,2,1,1.0,3.0,19031,M,4516849.0,153127.0,19
201700022220,17,8,25,1640,1,2,1,1.0,5.0,19031,M,4515122.0,150051.0,19
201700022221,17,8,25,1720,1,2,1,1.0,2.0,19031,M,4514339.0,147126.0,19
201700022222,17,8,28,815,1,1,3,1.0,3.0,19031,M,4512267.0,149083.0,19
201700022223,17,9,1,725,2,2,2,1.0,6.0,19031,M,4515414.0,152982.0,19
201700022224,17,9,3,1515,1,2,6,1.0,2.0,19031,M,4515557.0,148029.0,19
201700022225,17,9,12,935,1,2,1,1.0,3.0,19031,M,4516007.0,149931.0,19
201700022226,17,9,18,1825,1,2,1,1.0,4.0,19031,M,4515098.0,149945.0,19
201700022227,17,9,22,1455,1,2,1,1.0,3.0,19031,M,4515190.0,150314.0,19
201700022228,17,9,23,1525,1,2,1,1.0,2.0,19031,M,4516768.0,154035.0,19
201700022229,17,9,26,1659,1,2,1,1.0,4.0,19031,M,4516512.0,153358.0,19
201700022230,17,9,28,745,2,2,2,1.0,3.0,19031,M,4516056.0,150327.0,19
201700022231,17,9,30,1920,1,2,3,1.0,3.0,19031,M,4515185.0,154144.0,19
201700022232,17,10,2,800,1,2,6,2.0,3.0,19031,M,4514309.0,148323.0,19
201700022233,17,10,5,1805,1,2,1,1.0,4.0,19031,M,4515030.0,149715.0,19
201700022234,17,10,7,935,1,2,2,1.0,3.0,19031,M,4516535.0,152052.0,19
201700022235,17,10,9,1450,1,2,1,1.0,3.0,19031,M,4515769.0,154322.0,19
201700022236,17,10,11,1405,1,2,1,1.0,2.0,19031,M,4515327.0,153387.0,19