Num_Acc,an,mois,jour,hrmn,lum,agg,int,atm,col,com,gps,lat,long,dep
201700022237,17,10,12,1815,1,2,1,1.0,6.0,19031,M,4515188.0,154152.0,19
201700022238,17,10,13,1300,1,2,1,1.0,4.0,19031,M,4515019.0,149683.0,19
201700022239,17,10,16,1230,1,2,1,1.0,3.0,19031,M,4515779.0,154923.0,19
201700022240,17,10,17,10,3,1,1,1.0,7.0,19031,M,4513387.0,155226.0,19
201700022241,17,10,18,1430,1,2,1,1.0,3.0,19031,M,4515607.0,154782.0,19
201700022242,17,10,18,1550,1,2,1,1.0,6.0,19031,M,4515917.0,153020.0,19
201700022243,17,10,18,805,1,2,1,1.0,3.0,19031,M,4516495.0,151868.0,19
201700022244,17,10,31,835,1,2,1,7.0,6.0,19031,M,4515326.0,150816.0,19
201700022245,17,10,31,1925,5,2,6,1.0,3.0,19031,M,4515955.0,153393.0,19
201700022246,17,11,8,1810,2,2,1,2.0,6.0,19031,M,4516521.0,153448.0,19
201700022247,17,10,22,1350,1,2,2,1.0,3.0,19031,M,4516299.0,150282.0,19
201700022248,17,10,27,1530,1,2,1,2.0,3.0,19031,M,4515524.0,153649.0,19
201700022249,17,11,10,1430,1,2,1,2.0,4.0,19031,M,4515126.0,150058.0,19
201700022250,17,11,10,1435,1,2,2,2.0,3.0,19031,M,4515389.0,153644.0,19
201700022251,17,11,16,940,1,2,1,1.0,6.0,19031,M,4516218.0,151574.0,19
201700022252,17,11,17,1505,1,2,1,1.0,3.0,19031,M,4514729.0,153029.0,19
201700022253,17,11,25,915,1,2,1,2.0,2.0,19031,M,4516254.0,153274.0,19
201700022254,17,11,25,955,1,2,1,2.0,4.0,19031,M,4516236.0,153293.0,19
201700022255,17,12,4,1725,2,2,1,1.0,2.0,19031,M,4513954.0,147470.0,19
201700022256,17,12,7,1900,5,2,1,2.0,6.0,19031,M,4515369.0,150477.0,19
201700022257,17,12,9,1105,1,2,2,1.0,3.0,19031,M,4515066.0,153176.0,19
201700022258,17,12,11,1545,1,2,2,8.0,3.0,19031,M,4516134.0,150312.0,19
201700022259,17,12,12,1330,1,2,1,1.0,2.0,19031,M,4515651.0,147651.0,19
201700022260,17,12,13,1650,1,2,2,3.0,3.0,19031,M,4516673.0,153747.0,19
201700022261,17,12,14,755,2,2,1,3.0,2.0,19031,M,4515955.0,153393.0,19
201700022262,17,12,15,415,5,1,1,1.0,6.0,19031,M,4514847.0,151001.0,19
201700022263,17,12,20,1640,1,2,2,1.0,6.0,19031,M,4515941.0,149734.0,19
201700022264,17,12,21,1625,1,2,2,1.0,3.0,19031,M,4516752.0,153563.0,19
201700022265,17,12,23,925,1,2,6,1.0,2.0,19031,M,4514304.0,147006.0,19
201700022266,17,12,24,300,5,2,3,1.0,3.0,19031,M,4516874.0,153122.0,19
201700022267,17,1,26,1330,1,2,2,1.0,3.0,59260,M,5104951.0,252864.0,59
201700022268,17,3,5,1600,1,1,1,2.0,6.0,59260,M,5103513.0,250438.0,59
201700022269,17,5,6,715,1,1,1,1.0,1.0,59404,M,5100003.0,255421.0,59
201700022270,17,5,21,1800,1,1,1,1.0,5.0,59326,M,,,59
201700022271,17,6,3,1500,1,1,2,1.0,3.0,59046,M,5091454.0,257807.0,59
201700022272,17,6,8,1,3,2,1,1.0,7.0,59326,M,5096556.0,256233.0,59
201700022273,17,7,6,1205,1,1,2,2.0,3.0,59309,M,5099021.0,256427.0,59
201700022274,17,7,9,1330,1,2,2,1.0,3.0,59668,M,5106617.0,249573.0,59
201700022275,17,8,11,1740,1,1,3,1.0,3.0,59260,M,5104611.0,252875.0,59
201700022276,17,8,17,330,5,2,1,1.0,6.0,59107,M,5107423.0,254502.0,59
201700022277,17,8,31,2215,3,2,2,1.0,3.0,59309,M,5095848.0,258809.0,59
201700022278,17,9,21,1600,1,1,1,1.0,3.0,59309,M,5097637.0,260374.0,59
201700022279,17,10,4,2020,5,2,1,1.0,3.0,59499,M,5093901.0,253904.0,59
201700022280,17,12,11,430,5,2,1,2.0,6.0,59668,M,5106491.0,249140.0,59
201700022281,17,1,1,555,5,2,1,9.0,6.0,19272,M,4526027.0,176959.0,19
201700022282,17,3,16,2050,5,2,9,1.0,3.0,19272,M,4527189.0,177711.0,19
201700022283,17,3,4,1700,1,1,1,3.0,7.0,19272,M,4527462.0,175921.0,19
201700022284,17,5,1,1340,1,2,1,8.0,6.0,19272,M,4528258.0,176935.0,19
201700022285,17,5,22,1550,1,2,1,8.0,3.0,19272,M,4525264.0,176111.0,19
201700022286,17,5,18,1055,1,2,1,1.0,6.0,19272,M,4526164.0,175663.0,19
201700022287,17,7,19,1205,1,2,1,2.0,6.0,19272,M,4527325.0,177666.0,19
201700022288,17,8,10,150,5,2,1,1.0,6.0,19272,M,4525592.0,175426.0,19
201700022289,17,10,19,745,5,2,1,2.0,6.0,19272,M,4526455.0,177112.0,19
201700022290,17,10,16,1550,1,1,1,1.0,6.0,19272,M,4524641.0,174591.0,19
201700022291,17,11,24,1510,1,2,1,2.0,3.0,19272,M,4524096.0,174104.0,19
201700022292,17,12,1,1200,1,2,4,8.0,6.0,19272,M,4526074.0,175798.0,19
201700022293,17,12,11,1715,4,2,1,3.0,6.0,19272,M,4525278.0,176187.0,19
201700022294,17,1,26,2110,3,2,1,1.0,6.0,19275,M,4554533.0,230384.0,19
201700022295,17,4,3,1745,1,1,1,1.0,2.0,19275,M,,,19
201700022296,17,7,15,318,4,1,1,1.0,1.0,19275,M,4557880.0,231171.0,19
201700022297,17,8,26,1129,1,2,1,1.0,6.0,19275,M,4500000.0,200000.0,19
201700022298,17,9,22,1530,1,2,3,1.0,3.0,19275,M,4554890.0,231383.0,19
201700022299,17,11,22,750,1,2,1,8.0,3.0,19275,M,4554894.0,230801.0,19
201700022300,17,11,29,1750,2,1,1,9.0,7.0,19275,M,4554767.0,228977.0,19
201700022301,17,12,1,1210,1,2,1,4.0,1.0,19275,M,4555195.0,232439.0,19
201700022302,17,2,8,820,1,2,1,1.0,6.0,21054,M,4701602.0,483714.0,21
201700022303,17,4,4,1828,1,2,1,1.0,3.0,21054,M,4703189.0,483438.0,21
201700022304,17,5,6,1910,1,1,1,2.0,1.0,21054,M,4700132.0,489020.0,21
201700022305,17,6,2,1715,1,1,6,1.0,3.0,21054,M,4700585.0,484996.0,21
201700022306,17,6,6,1657,1,2,6,8.0,3.0,21054,M,4700600.0,484859.0,21
201700022307,17,6,16,1744,1,2,1,1.0,3.0,21054,M,4702072.0,483760.0,21
201700022308,17,8,19,1533,1,2,3,1.0,3.0,21054,M,4701742.0,483157.0,21
201700022309,17,8,28,1702,1,2,1,1.0,3.0,21054,M,4702600.0,484000.0,21
201700022310,17,9,4,1640,1,2,1,1.0,3.0,21054,M,4702471.0,484361.0,21
201700022311,17,8,11,2325,5,2,3,1.0,6.0,21054,M,4702192.0,484407.0,21
201700022312,17,8,22,2145,5,2,1,1.0,1.0,21054,M,4701794.0,482641.0,21
201700022313,17,9,29,1125,1,2,7,7.0,3.0,21054,M,4702628.0,484643.0,21
201700022314,17,10,23,2055,5,2,2,2.0,3.0,21054,M,4700957.0,485243.0,21
201700022315,17,11,22,1730,5,2,1,1.0,6.0,21054,M,4702466.0,483290.0,21
201700022316,17,12,12,1250,1,2,1,7.0,6.0,21054,M,4704015.0,483775.0,21
201700022317,17,12,13,1055,1,1,1,8.0,3.0,21054,M,4701706.0,487290.0,21
201700022318,17,2,27,1429,1,1,5,7.0,3.0,74005,M,4633461.0,649206.0,74
201700022319,17,6,14,610,2,1,1,1.0,1.0,74048,M,4627837.0,640167.0,74
201700022320,17,7,12,945,1,2,1,1.0,3.0,74263,M,4633338.0,638750.0,74
201700022321,17,10,12,825,1,2,1,1.0,1.0,74005,M,4633932.0,646279.0,74
201700022322,17,1,2,840,1,2,1,1.0,6.0,21231,M,4732122.0,503700.0,21
201700022323,17,1,7,1514,1,2,2,1.0,3.0,21231,M,4731900.0,504791.0,21
201700022324,17,1,11,740,5,2,3,5.0,3.0,21231,M,4735266.0,506272.0,21
201700022325,17,1,11,1818,5,2,1,2.0,6.0,21231,M,4732881.0,506760.0,21
201700022326,17,1,17,1659,1,2,1,1.0,1.0,21355,M,4728458.0,506288.0,21
201700022327,17,1,22,944,1,2,6,1.0,6.0,21355,M,4728700.0,506336.0,21
201700022328,17,1,18,1725,2,2,1,1.0,6.0,21231,M,4735250.0,504591.0,21
201700022329,17,3,8,1725,1,2,3,2.0,3.0,21231,M,4730047.0,506011.0,21
201700022330,17,3,16,2021,5,2,3,1.0,3.0,21231,M,4731508.0,502972.0,21
201700022331,17,3,17,1630,1,2,3,1.0,3.0,21231,M,4734266.0,505822.0,21
201700022332,17,3,23,615,2,2,3,1.0,3.0,21231,M,4731663.0,505091.0,21
201700022333,17,3,29,2144,5,2,2,1.0,3.0,21231,M,4732694.0,502202.0,21
201700022334,17,4,14,1430,1,1,1,1.0,4.0,21278,M,4735746.0,502191.0,21
201700022335,17,4,24,1038,1,2,4,1.0,6.0,21231,M,4731119.0,502636.0,21
201700022336,17,5,12,1706,1,2,1,1.0,3.0,21231,M,4733490.0,504422.0,21
201700022337,17,5,18,1210,1,2,1,1.0,6.0,21231,M,4733950.0,506592.0,21
201700022338,17,6,9,1830,1,2,1,1.0,6.0,21231,M,4733227.0,506747.0,21
201700022339,17,6,16,1940,1,2,1,1.0,6.0,21166,M,4730142.0,500884.0,21
201700022340,17,6,19,830,1,2,1,1.0,6.0,21355,M,4728669.0,506332.0,21
201700022341,17,6,21,1833,1,2,3,1.0,3.0,21231,M,4733007.0,506878.0,21
201700022342,17,6,23,235,3,1,1,1.0,2.0,21231,M,4734082.0,506971.0,21
201700022343,17,6,28,2300,5,2,2,2.0,3.0,21231,M,4732494.0,502903.0,21
201700022344,17,7,6,2327,5,2,1,1.0,2.0,21231,M,4731614.0,502661.0,21
201700022345,17,7,26,1540,1,2,1,1.0,6.0,21231,M,4732086.0,504338.0,21
201700022346,17,8,17,2030,2,1,6,1.0,3.0,21003,M,4735840.0,503146.0,21
201700022347,17,8,29,505,5,2,1,1.0,2.0,21231,M,4732522.0,507796.0,21
201700022348,17,9,8,1310,1,2,6,1.0,3.0,21231,M,4735096.0,503457.0,21
201700022349,17,10,4,1830,1,2,3,1.0,3.0,21166,M,4729252.0,500593.0,21
201700022350,17,10,6,50,5,2,3,2.0,3.0,21231,M,4730998.0,505425.0,21
201700022351,17,10,14,2000,5,2,1,1.0,1.0,21231,M,4731691.0,500803.0,21
201700022352,17,10,15,357,5,2,6,1.0,6.0,21617,M,4734583.0,499861.0,21
201700022353,17,11,10,1430,1,1,1,2.0,4.0,21278,M,4735737.0,502147.0,21
201700022354,17,11,27,1537,1,2,1,3.0,3.0,21231,M,4730839.0,501841.0,21
201700022355,17,4,16,1945,1,1,1,1.0,7.0,42271,M,4547122.0,456102.0,42
201700022356,17,9,9,1810,1,2,2,1.0,3.0,42283,M,4555812.0,453973.0,42
201700022357,17,10,7,1715,1,2,6,1.0,1.0,42242,M,4554699.0,462680.0,42
201700022358,17,10,12,1722,1,2,9,1.0,3.0,42322,M,4543265.0,451273.0,42
201700022359,17,12,10,920,1,2,1,2.0,6.0,42320,M,4552237.0,449129.0,42
201700022360,17,1,8,240,3,1,1,2.0,6.0,22113,M,4873567.0,-343642.0,22
201700022361,17,1,14,1750,2,2,1,1.0,1.0,22113,M,4874674.0,-345601.0,22
201700022362,17,1,13,1800,1,1,1,8.0,7.0,22113,M,4875230.0,-341202.0,22
201700022363,17,1,19,1855,5,2,7,1.0,3.0,22113,M,4874437.0,-347173.0,22
201700022364,17,2,25,2230,3,1,1,1.0,7.0,22113,M,4875686.0,-348554.0,22
201700022365,17,1,19,1200,1,2,1,1.0,6.0,22113,M,4875154.0,-349519.0,22
201700022366,17,2,7,1220,1,2,1,1.0,2.0,22113,M,4872959.0,-346042.0,22
201700022367,17,3,13,910,1,1,6,1.0,3.0,22113,M,4875177.0,-345254.0,22
201700022368,17,3,4,1933,2,2,1,3.0,2.0,22113,M,4874662.0,-346421.0,22
201700022369,17,3,17,1850,1,2,1,1.0,2.0,22113,M,4873458.0,-346796.0,22
201700022370,17,4,4,1745,1,1,3,1.0,3.0,22113,M,4872024.0,-348552.0,22
201700022371,17,3,17,1450,1,2,3,1.0,3.0,22113,M,4873042.0,-346882.0,22
201700022372,17,4,21,1754,1,2,1,1.0,2.0,22113,M,4874671.0,-346205.0,22
201700022373,17,4,23,600,5,2,1,1.0,7.0,22113,M,4873228.0,-346579.0,22
201700022374,17,5,11,930,1,2,6,1.0,3.0,22113,M,4872797.0,-345760.0,22
201700022375,17,5,5,1010,1,2,3,1.0,3.0,22113,M,4874404.0,-346527.0,22
201700022376,17,5,17,1900,1,2,5,3.0,1.0,22113,M,4873044.0,-346880.0,22
201700022377,17,5,26,1210,1,2,1,1.0,6.0,22113,M,4872977.0,-344234.0,22
201700022378,17,6,27,1735,1,2,1,1.0,4.0,22113,M,4874443.0,-347154.0,22
201700022379,17,7,5,845,1,2,6,1.0,3.0,22113,M,4872643.0,-344590.0,22
201700022380,17,7,27,1915,1,2,6,1.0,7.0,22113,M,4873225.0,-346180.0,22
201700022381,17,8,9,1145,1,1,1,1.0,4.0,22113,M,4874651.0,-347994.0,22
201700022382,17,8,10,1200,1,2,1,1.0,2.0,22113,M,4873161.0,-346485.0,22
201700022383,17,9,11,1715,1,2,1,1.0,1.0,22113,M,4875091.0,344352.0,22
201700022384,17,9,16,1100,1,1,1,8.0,2.0,22113,M,4875133.0,-348503.0,22
201700022385,17,10,18,1439,1,2,6,1.0,1.0,22113,M,4874634.0,-346654.0,22
201700022386,17,10,30,1745,1,2,2,1.0,3.0,22113,M,4873892.0,-346360.0,22
201700022387,17,11,29,1520,1,2,6,1.0,6.0,22113,M,4873467.0,-344439.0,22
201700022388,17,11,27,1815,4,2,1,3.0,6.0,22113,M,4875772.0,-344843.0,22
201700022389,17,11,23,1744,2,2,1,1.0,6.0,22113,M,4873406.0,-344236.0,22
201700022390,17,12,15,1620,1,2,1,2.0,4.0,22113,M,4875455.0,-346471.0,22
201700022391,17,12,19,1915,5,2,1,2.0,6.0,22113,M,4874807.0,-345883.0,22
201700022392,17,12,19,1125,1,2,1,2.0,5.0,22113,M,4874656.0,-345584.0,22
201700022393,17,12,20,1440,1,2,1,1.0,7.0,22278,M,4849175.0,-274812.0,22
201700022394,17,12,16,2330,5,2,1,1.0,1.0,22278,M,4851629.0,-276446.0,22
201700022395,17,1,10,840,2,2,2,2.0,3.0,22187,M,4853759.0,-276889.0,22
201700022396,17,12,15,750,5,2,1,2.0,6.0,22278,M,4851372.0,-275735.0,22
201700022397,17,1,7,1600,1,1,6,2.0,3.0,22187,M,4854854.0,-279291.0,22
201700022398,17,12,11,1000,1,2,6,2.0,6.0,22278,M,4851944.0,-279212.0,22
201700022399,17,1,6,915,1,2,1,1.0,6.0,22187,M,4853383.0,-276113.0,22
201700022400,17,1,1,1030,1,1,1,1.0,7.0,22215,M,4846710.0,-279178.0,22
201700022401,17,12,7,1840,3,2,1,1.0,6.0,22215,M,4849976.0,-277763.0,22
201700022402,17,1,17,1912,5,2,1,1.0,2.0,22278,M,4851108.0,-275884.0,22
201700022403,17,1,30,1314,1,1,9,2.0,3.0,22187,M,4854473.0,-278569.0,22
201700022404,17,1,27,730,5,1,3,1.0,3.0,22278,M,4849681.0,-275092.0,22
201700022405,17,2,1,800,2,2,1,2.0,6.0,22278,M,4850655.0,-274410.0,22
201700022406,17,2,6,1935,5,2,1,2.0,6.0,22278,M,4851765.0,-276556.0,22
201700022407,17,2,1,1045,1,2,1,2.0,2.0,22278,M,4850242.0,-273779.0,22
201700022408,17,2,5,115,5,1,2,2.0,3.0,22278,M,4850520.0,-276964.0,22
201700022409,17,2,4,1530,1,2,2,1.0,1.0,22278,M,4849307.0,-274885.0,22
201700022410,17,2,1,1830,2,1,3,2.0,3.0,22187,M,4854469.0,-278573.0,22
201700022411,17,2,12,1605,1,2,1,2.0,6.0,22278,M,4851821.0,-276551.0,22
201700022412,17,2,9,1755,1,2,2,1.0,3.0,22215,M,4848965.0,-281685.0,22
201700022413,17,2,6,1925,2,2,1,2.0,6.0,22215,M,4849537.0,-277570.0,22
201700022414,17,2,17,1730,1,1,1,1.0,4.0,22187,M,4852893.0,-275437.0,22
201700022415,17,2,10,1435,1,1,3,1.0,3.0,22187,M,4854473.0,-278568.0,22
201700022416,17,2,21,1935,2,2,1,1.0,1.0,22278,M,4850827.0,-276025.0,22
201700022417,17,3,4,2020,3,1,1,2.0,6.0,22187,M,4854503.0,-280370.0,22
201700022418,17,3,8,1740,1,2,4,1.0,3.0,22278,M,4851254.0,-276806.0,22
201700022419,17,3,3,1740,1,1,1,1.0,6.0,22215,M,4849367.0,-279575.0,22
201700022420,17,3,10,2250,5,2,4,1.0,3.0,22278,M,4851227.0,-275251.0,22
201700022421,17,3,23,1447,1,2,1,1.0,6.0,22278,M,4851196.0,-275757.0,22
201700022422,17,3,26,1315,1,1,1,1.0,6.0,22278,M,4851952.0,-274764.0,22
201700022423,17,3,30,1440,1,1,1,1.0,2.0,22215,M,4850141.0,-277692.0,22
201700022424,17,4,3,1405,1,1,1,1.0,4.0,22360,M,4849080.0,-276305.0,22
201700022425,17,4,3,1620,1,2,6,1.0,3.0,22360,M,4848623.0,-275056.0,22
201700022426,17,4,5,2235,4,1,1,1.0,4.0,22187,M,4853144.0,-275659.0,22
201700022427,17,3,29,1315,1,2,1,1.0,6.0,22215,M,4849344.0,-279892.0,22
201700022428,17,3,29,2130,4,1,1,1.0,7.0,22187,M,4854526.0,-279894.0,22
201700022429,17,4,5,2035,1,1,1,1.0,2.0,22187,M,4854629.0,-278167.0,22
201700022430,17,4,12,855,1,2,6,1.0,6.0,22187,M,4853353.0,-275921.0,22
201700022431,17,4,15,105,5,2,1,1.0,2.0,22278,M,4851069.0,-275626.0,22
201700022432,17,4,20,835,1,2,1,1.0,2.0,22278,M,4851136.0,-278555.0,22
201700022433,17,4,20,2300,5,1,1,1.0,2.0,22278,M,4850749.0,-273625.0,22
201700022434,17,4,28,2105,1,1,1,1.0,3.0,22106,M,4849040.0,-270002.0,22
201700022435,17,5,5,1700,1,1,1,1.0,6.0,22187,M,4853572.0,-275593.0,22
201700022436,17,5,13,2055,1,2,1,1.0,1.0,22278,M,4850829.0,-276808.0,22
201700022437,17,5,25,1005,1,2,3,1.0,7.0,22187,M,4852521.0,-274873.0,22
201700022438,17,5,26,1645,1,1,1,1.0,2.0,22215,M,4848968.0,-281653.0,22
201700022439,17,5,29,915,1,1,1,1.0,2.0,22215,M,4848958.0,-281724.0,22
201700022440,17,6,4,2323,5,1,6,1.0,3.0,22278,M,4851030.0,-278331.0,22
201700022441,17,6,3,1532,1,1,6,1.0,2.0,22187,M,4854439.0,-277251.0,22
201700022442,17,6,14,1655,1,2,3,1.0,3.0,22278,M,4850160.0,-275898.0,22
201700022443,17,6,9,810,1,1,6,1.0,6.0,22187,M,4853097.0,-276968.0,22
201700022444,17,6,8,1135,1,1,3,1.0,3.0,22187,M,4854476.0,-278569.0,22
201700022445,17,6,19,1705,1,1,1,1.0,2.0,22360,M,4849136.0,-276291.0,22
201700022446,17,6,25,650,2,2,1,1.0,6.0,22278,M,4850345.0,-274703.0,22
201700022447,17,6,21,2320,5,1,1,1.0,6.0,22278,M,4851883.0,-275867.0,22
201700022448,17,6,24,1530,1,1,2,1.0,3.0,22187,M,4854205.0,-283478.0,22
201700022449,17,6,10,315,3,1,1,1.0,7.0,22187,M,4853587.0,-278284.0,22
201700022450,17,6,28,845,1,1,1,2.0,7.0,22187,M,4854214.0,-283367.0,22
201700022451,17,6,29,1620,1,2,1,1.0,2.0,22187,M,4854095.0,-277412.0,22
201700022452,17,6,30,1520,1,1,1,2.0,1.0,22106,M,4850137.0,-272710.0,22
201700022453,17,6,30,1800,1,1,1,1.0,1.0,22215,M,4850525.0,-281109.0,22
201700022454,17,7,4,1908,1,2,1,1.0,6.0,22106,M,4849576.0,-271584.0,22
201700022455,17,7,9,1348,1,2,6,1.0,2.0,22215,M,4849415.0,-276210.0,22
201700022456,17,7,9,1730,1,2,1,1.0,6.0,22187,M,4854074.0,-272061.0,22
201700022457,17,7,10,230,5,2,6,1.0,6.0,22278,M,4851233.0,-276769.0,22
201700022458,17,7,16,320,3,1,1,1.0,7.0,22187,M,4854627.0,-278070.0,22
201700022459,17,7,25,1720,1,1,1,1.0,1.0,22187,M,4855594.0,-273974.0,22
201700022460,17,8,5,1700,1,2,6,1.0,6.0,22215,M,4850664.0,-281218.0,22
201700022461,17,8,8,1945,1,2,2,8.0,6.0,22278,M,4851211.0,-274500.0,22
201700022462,17,8,3,1615,1,1,9,1.0,6.0,22278,M,4850128.0,-273432.0,22
201700022463,17,8,10,1810,1,2,2,1.0,1.0,22278,M,4851557.0,-277360.0,22
201700022464,17,8,7,1525,1,2,3,1.0,2.0,22215,M,4849153.0,-280445.0,22
201700022465,17,5,6,1515,1,1,1,1.0,2.0,22187,M,4853446.0,-275565.0,22
201700022466,17,8,21,1110,1,1,1,1.0,2.0,22187,M,4854170.0,-276553.0,22
201700022467,17,8,31,1800,1,1,4,1.0,3.0,22187,M,4854579.0,-278777.0,22
201700022468,17,9,8,810,1,2,2,1.0,3.0,22106,M,4849563.0,-271793.0,22
201700022469,17,9,9,2040,2,2,6,1.0,3.0,22360,M,4848621.0,-275061.0,22
201700022470,17,9,20,1210,1,2,1,1.0,4.0,22187,M,4853042.0,-277482.0,22
201700022471,17,7,4,245,5,1,1,1.0,6.0,22106,M,4850145.0,-272849.0,22
201700022472,17,9,20,1515,1,2,1,1.0,2.0,22278,M,4851213.0,-274473.0,22
201700022473,17,9,8,1915,1,2,1,2.0,4.0,22278,M,4849735.0,-274697.0,22
201700022474,17,8,20,530,5,2,1,1.0,2.0,22278,M,4851011.0,-274636.0,22
201700022475,17,10,8,200,3,2,1,1.0,2.0,22215,M,4847625.0,-279810.0,22
201700022476,17,10,6,1735,1,2,2,1.0,3.0,22278,M,4850522.0,-276969.0,22
201700022477,17,10,8,905,1,2,6,2.0,3.0,22278,M,4851202.0,-275727.0,22
201700022478,17,9,26,1735,1,1,1,1.0,6.0,22278,M,4850595.0,-276919.0,22
201700022479,17,9,27,1730,1,2,1,1.0,2.0,22278,M,4850781.0,-276309.0,22
201700022480,17,10,11,1215,1,2,6,1.0,3.0,22360,M,4848831.0,-274012.0,22
201700022481,17,10,23,715,5,2,3,2.0,3.0,22215,M,4849825.0,-278682.0,22
201700022482,17,10,25,1100,1,2,1,1.0,7.0,22278,M,4851224.0,-275649.0,22
201700022483,17,11,3,2210,3,2,1,3.0,6.0,22278,M,4850838.0,-276830.0,22
201700022484,17,11,10,1945,5,2,1,2.0,6.0,22187,M,4854952.0,-277266.0,22
201700022485,17,10,21,1740,1,1,1,1.0,1.0,22360,M,4848396.0,-273210.0,22
201700022486,17,10,28,1930,5,2,9,1.0,6.0,22278,M,4851655.0,-273484.0,22
201700022487,17,10,28,1600,1,2,1,1.0,6.0,22278,M,4851591.0,-276411.0,22
201700022488,17,10,16,1000,1,2,1,1.0,6.0,22278,M,4852282.0,-275292.0,22
201700022489,17,10,27,2000,3,2,2,1.0,1.0,22278,M,4850326.0,-275388.0,22
201700022490,17,11,17,1830,5,1,2,1.0,3.0,22360,M,4848634.0,-271535.0,22
201700022491,17,11,25,1058,1,2,6,1.0,4.0,22278,M,4849703.0,-274777.0,22
201700022492,17,11,23,849,1,2,1,2.0,4.0,22278,M,4851455.0,-275316.0,22
201700022493,17,10,17,810,1,2,1,1.0,6.0,22278,M,4851005.0,-275595.0,22
201700022494,17,11,24,1505,1,1,1,7.0,6.0,22106,M,4849497.0,-272914.0,22
201700022495,17,11,14,1915,3,1,1,1.0,6.0,22215,M,4845830.0,-283140.0,22
201700022496,17,11,24,1750,4,2,2,1.0,6.0,22278,M,4851479.0,-273892.0,22
201700022497,17,11,21,1830,5,2,1,1.0,6.0,22278,M,4850904.0,-277362.0,22
201700022498,17,11,21,1720,2,2,2,1.0,3.0,22278,M,4850765.0,-275494.0,22
201700022499,17,12,8,1215,1,2,9,1.0,6.0,22278,M,4850390.0,-274088.0,22
201700022500,17,11,28,1830,3,2,1,1.0,6.0,22360,M,4848424.0,-275679.0,22
201700022501,17,1,11,1705,1,2,1,2.0,3.0,23096,M,4619229.0,187236.0,23
201700022502,17,3,9,1705,1,2,2,1.0,3.0,23096,M,4617313.0,186362.0,23
201700022503,17,3,12,1850,2,1,1,1.0,1.0,23096,M,4618415.0,186781.0,23
201700022504,17,5,4,1717,1,2,1,1.0,6.0,23096,M,4617926.0,187110.0,23
201700022505,17,5,17,1050,1,2,1,1.0,6.0,23096,M,4616834.0,187029.0,23
201700022506,17,5,23,1340,1,2,2,1.0,3.0,23096,M,4617234.0,186762.0,23
201700022507,17,6,4,640,2,2,1,1.0,6.0,23096,M,4617650.0,186647.0,23
201700022508,17,7,19,940,1,2,6,7.0,2.0,23096,M,4678127.0,187979.0,23
201700022509,17,8,24,1920,1,2,1,1.0,6.0,23096,M,4617103.0,187435.0,23
201700022510,17,9,4,2045,5,2,1,1.0,1.0,23096,M,4616039.0,188496.0,23
201700022511,17,8,23,1850,1,2,7,1.0,6.0,23096,M,4616880.0,187095.0,23
201700022512,17,10,7,750,2,2,1,1.0,6.0,23096,M,4617644.0,186652.0,23
201700022513,17,11,30,730,5,2,1,2.0,6.0,23096,M,4617433.0,187024.0,23
201700022514,17,12,20,1835,3,1,1,5.0,5.0,23096,M,4614374.0,186480.0,23
201700022515,17,2,4,1900,5,2,1,2.0,6.0,24037,M,4486554.0,47275.0,24
201700022516,17,3,24,1957,5,2,2,2.0,3.0,24037,M,4485265.0,47606.0,24
201700022517,17,4,2,2143,3,1,1,1.0,6.0,24145,M,4483158.0,52436.0,24
201700022518,17,4,5,2122,3,1,1,1.0,1.0,24437,M,4483310.0,45317.0,24
201700022519,17,5,9,1840,1,1,1,1.0,2.0,24037,M,4482646.0,49384.0,24
201700022520,17,6,8,1545,1,1,1,1.0,1.0,24037,M,4486808.0,45668.0,24
201700022521,17,10,20,1355,1,1,1,1.0,3.0,24437,M,4483421.0,43057.0,24
201700022522,17,10,27,815,2,2,1,1.0,6.0,24037,M,4484863.0,49254.0,24
201700022523,17,11,15,1225,1,2,3,1.0,3.0,24037,M,4485495.0,48631.0,24
201700022524,17,11,29,1215,1,2,1,8.0,3.0,24037,M,4485180.0,50142.0,24
201700022525,17,9,20,1330,1,2,9,1.0,6.0,24322,M,4519477.0,73167.0,24
201700022526,17,11,7,840,1,2,6,1.0,6.0,24138,M,4519150.0,69451.0,24
201700022527,17,3,27,1715,1,2,6,2.0,1.0,24322,M,4519972.0,67498.0,24
201700022528,17,2,15,1850,5,1,1,1.0,2.0,24138,M,4516868.0,68843.0,24
201700022529,17,4,14,1758,1,1,1,1.0,6.0,24557,M,4520052.0,75429.0,24
201700022530,17,5,20,2215,3,1,2,1.0,3.0,24312,M,4513713.0,72499.0,24
201700022531,17,6,15,1715,1,1,3,1.0,3.0,24557,M,4519450.0,77770.0,24
201700022532,17,6,29,1550,1,1,1,3.0,6.0,24102,M,4519747.0,62930.0,24
201700022533,17,6,28,1130,1,2,1,1.0,6.0,24322,M,4518489.0,71912.0,24
201700022534,17,5,23,845,1,2,1,1.0,6.0,24322,M,4518460.0,71428.0,24
201700022535,17,5,19,1716,1,2,1,1.0,6.0,24322,M,4518233.0,71242.0,24
201700022536,17,9,18,1257,1,2,1,1.0,6.0,24322,M,4519455.0,70413.0,24