Num_Acc,an,mois,jour,hrmn,lum,agg,int,atm,col,com,gps,lat,long,dep
201700022537,17,10,2,1130,1,2,3,1.0,3.0,24322,M,4518220.0,71986.0,24
201700022538,17,7,24,1550,1,2,3,1.0,6.0,24322,M,4518104.0,71520.0,24
201700022539,17,10,28,2050,5,2,1,1.0,6.0,24322,M,4518399.0,70576.0,24
201700022540,17,11,16,1555,1,2,2,1.0,2.0,24322,M,4518614.0,70395.0,24
201700022541,17,12,19,950,1,2,1,1.0,6.0,24322,M,4519506.0,73250.0,24
201700022542,17,12,28,525,3,1,1,9.0,3.0,24053,M,4516187.0,77395.0,24
201700022543,17,1,3,1946,5,2,3,1.0,6.0,25056,M,4724508.0,602350.0,25
201700022544,17,1,7,412,5,2,1,1.0,6.0,25056,M,4724267.0,602574.0,25
201700022545,17,1,15,1013,1,2,3,4.0,1.0,25056,M,4724433.0,600460.0,25
201700022546,17,1,27,1220,1,2,9,1.0,6.0,25056,M,4722535.0,597899.0,25
201700022547,17,2,12,334,5,2,2,2.0,6.0,25056,M,4726256.0,604514.0,25
201700022548,17,2,15,1710,1,2,1,1.0,6.0,25056,M,4722113.0,596667.0,25
201700022549,17,2,17,1357,1,1,1,1.0,6.0,25056,M,4724869.0,602157.0,25
201700022550,17,2,24,2013,5,2,1,1.0,2.0,25056,M,4725851.0,600160.0,25
201700022551,17,2,26,2038,5,2,3,1.0,3.0,25056,M,4721718.0,596233.0,25
201700022552,17,2,27,559,5,2,3,1.0,3.0,25056,M,4725406.0,601528.0,25
201700022553,17,3,2,758,1,2,5,1.0,6.0,25056,M,4725946.0,602884.0,25
201700022554,17,3,2,1519,1,2,8,1.0,3.0,25056,M,4723697.0,600311.0,25
201700022555,17,3,8,2158,5,1,1,2.0,6.0,25056,M,4726254.0,600617.0,25
201700022556,17,3,13,1627,1,2,1,1.0,6.0,25056,M,4724265.0,602731.0,25
201700022557,17,3,14,1932,5,2,2,1.0,3.0,25056,M,4724750.0,603257.0,25
201700022558,17,3,15,750,1,2,2,1.0,3.0,25056,M,4724406.0,602708.0,25
201700022559,17,3,16,1623,1,2,1,1.0,6.0,25056,M,4724087.0,603312.0,25
201700022560,17,3,20,1310,1,2,1,1.0,2.0,25056,M,4724629.0,602284.0,25
201700022561,17,3,21,1225,1,2,1,1.0,1.0,25056,M,4722861.0,598706.0,25
201700022562,17,3,25,2013,5,2,9,1.0,3.0,25056,M,4726675.0,602562.0,25
201700022563,17,3,28,100,5,2,2,1.0,6.0,25056,M,4721962.0,597553.0,25
201700022564,17,4,9,2149,5,2,1,1.0,3.0,25056,M,4725199.0,601737.0,25
201700022565,17,4,22,1250,1,2,2,1.0,3.0,25056,M,,,25
201700022566,17,4,22,1750,1,2,1,1.0,7.0,25056,M,4721985.0,596382.0,25
201700022567,17,4,24,1257,1,2,1,1.0,1.0,25056,M,4724608.0,602555.0,25
201700022568,17,4,24,1611,1,2,1,1.0,6.0,25056,M,4723012.0,599526.0,25
201700022569,17,5,4,932,1,2,1,1.0,6.0,25056,M,4723551.0,601323.0,25
201700022570,17,5,9,1224,1,2,1,1.0,6.0,25056,M,4723668.0,598431.0,25
201700022571,17,5,19,532,5,2,1,2.0,6.0,25056,M,4723170.0,602552.0,25
201700022572,17,5,21,1831,1,2,1,1.0,6.0,25056,M,4725010.0,605880.0,25
201700022573,17,5,28,1256,1,2,1,1.0,5.0,25056,M,4726108.0,603408.0,25
201700022574,17,5,30,854,1,2,9,1.0,5.0,25056,M,4724855.0,603674.0,25
201700022575,17,5,31,830,1,2,1,1.0,6.0,25056,M,4723425.0,598410.0,25
201700022576,17,6,4,48,5,2,1,3.0,3.0,25056,M,4725686.0,604545.0,25
201700022577,17,6,5,1911,1,2,1,1.0,6.0,25056,M,4724925.0,599980.0,25
201700022578,17,6,14,1833,1,2,1,1.0,2.0,25056,M,4722887.0,598827.0,25
201700022579,17,6,17,141,5,2,1,1.0,1.0,25056,M,4726035.0,600786.0,25
201700022580,17,6,19,1909,1,2,1,1.0,3.0,25056,M,4724799.0,600528.0,25
201700022581,17,6,25,1725,1,2,1,1.0,6.0,25056,M,4725731.0,599177.0,25
201700022582,17,6,27,1537,1,2,1,1.0,6.0,25056,M,4721656.0,597849.0,25
201700022583,17,7,5,811,1,2,9,1.0,6.0,25056,M,4722787.0,598394.0,25
201700022584,17,7,6,1528,1,2,1,1.0,6.0,25056,M,4722844.0,600528.0,25
201700022585,17,7,19,2032,1,2,1,1.0,7.0,25056,M,4724760.0,605075.0,25
201700022586,17,7,19,1645,1,2,1,1.0,6.0,25056,M,4722201.0,596248.0,25
201700022587,17,7,30,2140,5,2,2,3.0,3.0,25056,M,4724430.0,599580.0,25
201700022588,17,7,1,1535,1,2,1,1.0,6.0,25056,M,4723048.0,606078.0,25
201700022589,17,8,4,923,1,2,1,1.0,6.0,25056,M,4726356.0,605777.0,25
201700022590,17,8,16,1541,1,1,1,1.0,1.0,25056,M,4722758.0,605618.0,25
201700022591,17,8,19,229,5,1,1,1.0,6.0,25056,M,4721268.0,598957.0,25
201700022592,17,8,22,38,5,2,1,1.0,6.0,25056,M,4724809.0,603214.0,25
201700022593,17,8,29,1730,1,2,2,1.0,1.0,25056,M,4725601.0,602020.0,25
201700022594,17,9,5,1722,1,2,1,1.0,6.0,25056,M,4724903.0,604818.0,25
201700022595,17,9,7,1500,1,2,1,1.0,6.0,25056,M,4726377.0,605226.0,25
201700022596,17,9,8,1919,2,2,1,1.0,2.0,25056,M,4722480.0,597110.0,25
201700022597,17,9,12,1659,1,2,1,2.0,4.0,25056,M,4722831.0,603836.0,25
201700022598,17,9,17,1511,1,2,3,1.0,3.0,25056,M,4725285.0,603066.0,25
201700022599,17,9,21,2115,5,2,3,1.0,3.0,25056,M,4725603.0,602048.0,25
201700022600,17,9,22,2054,5,2,2,1.0,6.0,25056,M,4725100.0,600933.0,25
201700022601,17,9,23,852,1,2,3,1.0,6.0,25056,M,4725430.0,603876.0,25
201700022602,17,9,29,2247,5,2,1,1.0,2.0,25056,M,4724745.0,600660.0,25
201700022603,17,9,29,2319,5,2,1,1.0,1.0,25056,M,4722553.0,596550.0,25
201700022604,17,9,30,602,5,2,6,1.0,6.0,25056,M,4726220.0,604957.0,25
201700022605,17,10,4,1643,1,1,1,1.0,2.0,25056,M,4723532.0,598110.0,25
201700022606,17,10,4,1929,2,2,9,1.0,3.0,25056,M,4724278.0,602876.0,25
201700022607,17,10,12,1014,1,2,1,1.0,5.0,25056,M,4722336.0,596605.0,25
201700022608,17,10,13,1349,1,2,6,1.0,6.0,25056,M,4723870.0,603404.0,25
201700022609,17,10,18,734,5,2,1,1.0,6.0,25056,M,4723573.0,601393.0,25
201700022610,17,10,18,810,1,2,1,1.0,3.0,25056,M,4723947.0,603384.0,25
201700022611,17,10,21,215,5,2,3,1.0,3.0,25056,M,4724267.0,602105.0,25
201700022612,17,10,21,752,1,2,1,1.0,6.0,25056,M,4725499.0,602955.0,25
201700022613,17,10,23,1555,1,2,1,2.0,6.0,25056,M,4722094.0,595634.0,25
201700022614,17,10,29,1552,1,2,1,1.0,1.0,25056,M,4722639.0,597792.0,25
201700022615,17,11,2,1235,1,2,2,1.0,3.0,25056,M,4721469.0,595112.0,25
201700022616,17,11,5,1100,1,2,1,1.0,6.0,25056,M,4722590.0,598405.0,25
201700022617,17,11,9,1900,5,2,1,1.0,6.0,25056,M,4725852.0,601010.0,25
201700022618,17,11,13,1647,1,2,1,2.0,6.0,25056,M,4724261.0,603366.0,25
201700022619,17,11,21,1716,5,2,6,1.0,3.0,25056,M,4725839.0,603138.0,25
201700022620,17,11,28,942,1,2,1,3.0,6.0,25056,M,4724104.0,602545.0,25
201700022621,17,11,29,1636,1,2,1,1.0,6.0,25056,M,4722997.0,600954.0,25
201700022622,17,11,30,1900,5,2,1,4.0,6.0,25056,M,4724889.0,599613.0,25
201700022623,17,12,11,1750,5,2,1,2.0,3.0,25056,M,4722793.0,600363.0,25
201700022624,17,12,12,707,5,2,1,1.0,3.0,25056,M,4723331.0,597466.0,25
201700022625,17,12,14,1810,5,2,1,2.0,1.0,25056,M,4721641.0,594931.0,25
201700022626,17,12,14,1905,5,2,1,3.0,6.0,25056,M,4724586.0,602821.0,25
201700022627,17,12,15,1505,1,2,1,2.0,6.0,25056,M,4725282.0,599780.0,25
201700022628,17,12,15,2032,5,2,1,2.0,6.0,25056,M,4724580.0,598282.0,25
201700022629,17,12,18,1342,1,2,1,8.0,6.0,25056,M,4722337.0,597032.0,25
201700022630,17,12,19,1812,5,2,6,1.0,6.0,25056,M,4721529.0,596200.0,25
201700022631,17,12,22,1037,1,2,1,1.0,4.0,25056,M,4724329.0,601728.0,25
201700022632,17,12,24,1612,2,2,1,1.0,6.0,25056,M,4725196.0,601722.0,25
201700022633,17,1,28,1610,1,2,1,1.0,6.0,25388,M,,,25
201700022634,17,3,8,755,2,2,1,8.0,6.0,25388,M,4750874.0,679408.0,25
201700022635,17,3,18,1200,1,2,1,1.0,3.0,70285,M,4757577.0,675948.0,70
201700022636,17,1,17,1355,1,2,3,1.0,6.0,25230,M,4749459.0,683022.0,25
201700022637,17,4,25,1500,1,2,1,2.0,3.0,25539,M,4745918.0,686612.0,25
201700022638,17,5,2,900,1,2,1,1.0,6.0,70285,M,4757361.0,675468.0,70
201700022639,17,5,5,1720,1,2,1,1.0,4.0,70285,M,4757679.0,676146.0,70
201700022640,17,5,12,1345,1,2,3,1.0,3.0,25547,M,4751825.0,683011.0,25
201700022641,17,5,12,2210,5,2,9,3.0,1.0,25388,M,4749828.0,681805.0,25
201700022642,17,5,31,753,1,2,2,1.0,3.0,25388,M,4751566.0,681006.0,25
201700022643,17,6,14,551,2,2,1,1.0,7.0,25388,M,4750593.0,681050.0,25
201700022644,17,5,6,42,5,2,2,1.0,3.0,25580,M,4745922.0,682941.0,25
201700022645,17,6,22,2120,1,1,1,1.0,7.0,70285,M,4755769.0,677466.0,70
201700022646,17,7,5,1418,1,2,4,1.0,6.0,25031,M,4748160.0,684513.0,25
201700022647,17,7,31,1752,1,2,1,1.0,6.0,25031,M,4748692.0,684145.0,25
201700022648,17,9,16,1900,1,2,1,2.0,6.0,25031,M,4748915.0,682152.0,25
201700022649,17,9,20,1844,1,2,1,1.0,6.0,25031,M,4749265.0,684044.0,25
201700022650,17,9,27,1725,1,2,2,1.0,3.0,25388,M,4751563.0,680998.0,25
201700022651,17,11,16,700,5,2,3,1.0,1.0,25388,M,4750916.0,678750.0,25
201700022652,17,11,9,1730,5,2,3,1.0,6.0,25388,M,4750889.0,679343.0,25
201700022653,17,11,25,1345,1,2,2,2.0,3.0,25388,M,4751582.0,681013.0,25
201700022654,17,10,25,1715,1,2,1,1.0,3.0,25388,M,4751558.0,679553.0,25
201700022655,17,12,13,945,1,2,1,1.0,6.0,25580,M,4746604.0,683301.0,25
201700022656,17,12,5,1915,3,1,1,1.0,5.0,70285,M,4754743.0,677495.0,70
201700022657,17,12,13,905,1,2,3,1.0,3.0,25031,M,4748520.0,683555.0,25
201700022658,17,11,29,1730,5,2,4,1.0,6.0,25388,M,4751191.0,679969.0,25
201700022659,17,1,6,1450,1,1,1,1.0,3.0,25204,M,,,25
201700022660,17,2,15,1040,1,2,1,1.0,6.0,25204,M,4692324.0,634509.0,25
201700022661,17,2,16,1005,1,1,1,1.0,2.0,25462,M,4690135.0,635289.0,25
201700022662,17,2,16,1530,1,2,2,1.0,6.0,25462,M,4690543.0,634324.0,25
201700022663,17,2,24,1520,1,1,1,1.0,1.0,25204,M,4693955.0,634319.0,25
201700022664,17,3,12,1010,1,2,1,1.0,3.0,25462,M,4690601.0,635687.0,25
201700022665,17,3,15,1155,1,1,6,1.0,2.0,25204,M,4692455.0,633755.0,25
201700022666,17,4,13,1600,1,2,1,1.0,6.0,25204,M,4692816.0,634354.0,25
201700022667,17,4,21,1129,1,2,3,1.0,3.0,25462,M,4691276.0,634325.0,25
201700022668,17,5,2,1800,1,2,1,2.0,6.0,25462,M,4691311.0,635238.0,25
201700022669,17,5,17,1603,1,2,1,1.0,6.0,25204,M,4692760.0,635085.0,25
201700022670,17,5,17,1741,1,2,1,1.0,2.0,25462,M,4691636.0,634490.0,25
201700022671,17,6,2,1200,1,1,1,1.0,7.0,25204,M,4693046.0,636381.0,25
201700022672,17,6,6,1807,1,1,3,2.0,3.0,25204,M,4693224.0,636660.0,25
201700022673,17,6,10,1534,1,2,6,1.0,2.0,25204,M,4692485.0,633656.0,25
201700022674,17,6,15,2230,5,2,1,1.0,3.0,25462,M,4690052.0,634133.0,25
201700022675,17,6,16,755,1,2,1,1.0,3.0,25462,M,4689418.0,636452.0,25
201700022676,17,6,29,915,1,2,1,2.0,6.0,25462,M,4690082.0,634251.0,25
201700022677,17,7,1,1327,1,2,1,1.0,6.0,25462,M,4690752.0,633443.0,25
201700022678,17,7,16,2312,5,1,1,1.0,1.0,25204,M,4692602.0,634117.0,25
201700022679,17,7,20,830,1,2,6,1.0,3.0,25462,M,4690863.0,633932.0,25
201700022680,17,7,22,930,2,2,1,1.0,3.0,25462,M,4691587.0,634458.0,25
201700022681,17,7,29,1400,1,2,3,1.0,6.0,25462,M,4690226.0,635451.0,25
201700022682,17,8,1,1700,1,2,1,1.0,4.0,25462,M,4690138.0,635118.0,25
201700022683,17,9,4,1600,1,2,2,1.0,6.0,25462,M,4690058.0,635606.0,25
201700022684,17,9,4,1755,1,2,3,1.0,3.0,25462,M,4691050.0,634822.0,25
201700022685,17,9,11,1820,1,2,1,1.0,6.0,25462,M,4690277.0,635392.0,25
201700022686,17,9,17,1210,1,2,2,1.0,3.0,25462,M,4691081.0,635732.0,25
201700022687,17,9,19,1547,1,2,1,1.0,6.0,25462,M,4690522.0,635136.0,25
201700022688,17,9,21,1853,1,2,3,1.0,1.0,25462,M,4689864.0,634905.0,25
201700022689,17,9,26,1140,1,2,2,2.0,3.0,25462,M,4690947.0,635114.0,25
201700022690,17,9,26,1840,1,2,2,1.0,3.0,25462,M,4690992.0,635498.0,25
201700022691,17,9,29,1523,1,1,3,1.0,3.0,25204,M,4694305.0,634291.0,25
201700022692,17,10,5,1000,1,2,3,1.0,3.0,25462,M,4690379.0,635213.0,25
201700022693,17,10,12,1730,1,2,3,1.0,6.0,25462,M,4690600.0,500000.0,25
201700022694,17,10,16,1450,1,2,1,1.0,7.0,25462,M,4689921.0,636191.0,25
201700022695,17,10,25,920,1,2,2,1.0,3.0,25462,M,4691090.0,635724.0,25
201700022696,17,10,26,1751,1,2,1,1.0,2.0,25462,M,4690523.0,635119.0,25
201700022697,17,10,27,1529,1,2,7,2.0,6.0,25462,M,4691042.0,635559.0,25
201700022698,17,10,27,1945,5,2,1,1.0,4.0,25462,M,4690000.0,634000.0,25
201700022699,17,11,1,515,2,2,1,1.0,6.0,25462,M,4690915.0,634147.0,25
201700022700,17,11,7,2040,5,2,1,2.0,7.0,25462,M,4690873.0,634790.0,25
201700022701,17,11,10,830,1,2,1,1.0,7.0,25462,M,4690327.0,635403.0,25
201700022702,17,11,18,1930,5,2,3,1.0,3.0,25462,M,4691379.0,634616.0,25
201700022703,17,11,19,510,5,2,3,4.0,6.0,25462,M,4690765.0,634310.0,25
201700022704,17,11,22,1105,1,2,1,1.0,4.0,25462,M,4691191.0,634050.0,25
201700022705,17,12,4,1200,1,2,1,8.0,2.0,25204,M,4692116.0,634938.0,25
201700022706,17,12,5,1055,1,2,1,1.0,6.0,25462,M,4690819.0,634957.0,25
201700022707,17,12,20,915,1,2,1,4.0,6.0,25462,M,4690304.0,635645.0,25
201700022708,17,12,21,820,1,2,1,4.0,2.0,25204,M,4692765.0,634776.0,25
201700022709,17,3,11,2130,3,1,1,1.0,6.0,26010,M,4525376.0,487624.0,26
201700022710,17,3,17,1200,1,1,1,1.0,6.0,26010,M,,,26
201700022711,17,4,7,2125,3,1,1,1.0,1.0,26333,M,4517563.0,482081.0,26
201700022712,17,4,28,750,2,1,1,1.0,3.0,26010,M,4527254.0,487986.0,26
201700022713,17,5,10,1645,1,1,1,1.0,6.0,26332,M,4520477.0,486879.0,26
201700022714,17,5,21,1920,1,1,1,1.0,2.0,26160,M,,,26
201700022715,17,5,23,1830,1,1,1,1.0,2.0,26094,M,4517482.0,492357.0,26
201700022716,17,7,6,1145,1,2,3,1.0,3.0,26041,M,,,26
201700022717,17,7,9,1500,1,2,1,2.0,1.0,26333,M,4518522.0,481468.0,26
201700022718,17,7,7,1135,1,2,9,7.0,3.0,26325,M,,,26
201700022719,17,7,18,1535,1,2,1,1.0,4.0,26333,M,4516707.0,481879.0,26
201700022720,17,9,9,1915,1,1,1,1.0,1.0,26002,M,,,26
201700022721,17,10,14,2325,3,1,1,1.0,6.0,26160,M,,,26
201700022722,17,11,20,1600,1,1,1,1.0,1.0,26295,M,4514657.0,485994.0,26
201700022723,17,12,7,1420,1,2,3,1.0,3.0,26325,M,4530064.0,483118.0,26
201700022724,17,1,19,2055,3,1,1,1.0,6.0,84062,M,4388144.0,508577.0,84
201700022725,17,3,10,115,3,1,1,1.0,6.0,84025,M,4388218.0,514701.0,84
201700022726,17,3,19,530,3,1,1,1.0,6.0,84071,M,4385321.0,513882.0,84
201700022727,17,6,24,1720,1,2,6,1.0,3.0,84099,M,4384852.0,511212.0,84
201700022728,17,7,20,1600,1,2,1,1.0,2.0,84062,M,4389027.0,511698.0,84
201700022729,17,7,27,1100,1,2,1,1.0,6.0,84099,M,4384390.0,510301.0,84
201700022730,17,9,16,740,1,1,2,1.0,3.0,84099,M,4387377.0,508192.0,84
201700022731,17,12,13,1445,1,1,1,1.0,1.0,84099,M,4387417.0,508308.0,84
201700022732,17,12,13,740,2,1,2,5.0,3.0,84099,M,4387024.0,511307.0,84
201700022733,17,1,12,1320,1,2,2,2.0,3.0,59067,M,5096858.0,243019.0,59
201700022734,17,1,16,230,3,1,1,1.0,6.0,59162,M,5091446.0,238411.0,59
201700022735,17,6,9,1420,1,1,1,1.0,7.0,59319,M,5096687.0,245497.0,59
201700022736,17,7,27,1830,1,2,1,8.0,2.0,59319,M,5098099.0,245911.0,59
201700022737,17,8,9,1015,1,1,1,1.0,3.0,59083,M,5091888.0,241022.0,59
201700022738,17,8,17,1645,1,1,3,1.0,3.0,59478,M,5093814.0,246021.0,59
201700022739,17,11,17,1730,2,2,1,1.0,6.0,59478,M,5096348.0,243446.0,59
201700022740,17,12,9,2230,5,1,1,8.0,6.0,59082,M,5097726.0,241832.0,59
201700022741,17,1,21,2100,3,1,1,1.0,1.0,79163,M,4614945.0,6639.0,79
201700022742,17,3,17,1505,1,2,2,1.0,2.0,79307,M,4612675.0,11409.0,79
201700022743,17,4,14,1155,1,2,6,1.0,6.0,79150,M,4613753.0,17584.0,79
201700022744,17,4,14,1725,1,2,1,1.0,3.0,79148,M,4626532.0,-953.0,79
201700022745,17,4,14,1830,1,2,2,1.0,3.0,79106,M,4599325.0,-8594.0,79
201700022746,17,5,24,820,1,1,1,1.0,6.0,79006,M,4616573.0,-640.0,79
201700022747,17,6,4,1415,1,2,1,1.0,7.0,79307,M,4613854.0,10009.0,79
201700022748,17,9,24,1537,1,1,9,1.0,3.0,79150,M,4613747.0,17283.0,79
201700022749,17,10,12,1615,1,1,1,1.0,6.0,79307,M,4613865.0,9784.0,79
201700022750,17,10,17,1050,1,1,1,1.0,1.0,79095,M,4620405.0,1979.0,79
201700022751,17,12,26,1940,5,2,1,6.0,6.0,79083,M,4610862.0,-7373.0,79
201700022752,17,1,27,1350,1,2,1,2.0,6.0,62571,M,5043579.0,161600.0,62
201700022753,17,2,5,810,1,2,6,2.0,2.0,62261,M,5048585.0,160935.0,62
201700022754,17,2,17,100,3,2,1,1.0,7.0,62849,M,5039496.0,162577.0,62
201700022755,17,2,23,1125,1,2,1,6.0,6.0,62571,M,5045707.0,160450.0,62
201700022756,17,4,8,2115,3,1,1,1.0,7.0,62849,M,5040130.0,165896.0,62
201700022757,17,4,9,1200,1,2,2,7.0,2.0,62390,M,5039119.0,160503.0,62
201700022758,17,5,12,1700,1,2,3,3.0,3.0,62571,M,5045396.0,161382.0,62
201700022759,17,5,20,1120,1,2,6,1.0,3.0,62261,M,5047802.0,159949.0,62
201700022760,17,9,7,825,1,2,1,1.0,2.0,62261,M,5048258.0,160236.0,62
201700022761,17,9,15,1245,1,1,1,1.0,6.0,62742,M,5045403.0,165577.0,62
201700022762,17,11,16,1210,1,2,1,3.0,1.0,62571,M,5044374.0,161745.0,62
201700022763,17,12,9,1620,1,2,1,1.0,3.0,62233,M,5037119.0,166813.0,62
201700022764,17,2,27,945,1,2,3,2.0,6.0,59278,M,5060864.0,296193.0,59
201700022765,17,3,13,900,1,1,1,5.0,5.0,59553,M,5059801.0,293772.0,59
201700022766,17,4,7,900,1,2,1,1.0,5.0,59553,M,5059784.0,295539.0,59
201700022767,17,6,21,1655,1,2,3,1.0,6.0,59553,M,5059200.0,295980.0,59
201700022768,17,6,25,2130,2,1,1,1.0,7.0,59208,M,5061896.0,292754.0,59
201700022769,17,7,13,2050,1,2,1,1.0,6.0,59653,M,5056919.0,295078.0,59
201700022770,17,8,21,1045,1,2,1,1.0,3.0,59056,M,5060464.0,291690.0,59
201700022771,17,9,14,830,1,2,1,1.0,1.0,59202,M,5067213.0,282617.0,59
201700022772,17,10,29,1245,1,2,1,1.0,6.0,59553,M,5059382.0,296552.0,59
201700022773,17,11,20,800,2,1,1,1.0,6.0,59278,M,5060980.0,295180.0,59
201700022774,17,11,24,1230,1,2,1,1.0,3.0,59202,M,5068099.0,285513.0,59
201700022775,17,1,3,1150,1,2,3,1.0,6.0,01033,M,4612108.0,581508.0,01
201700022776,17,2,11,415,3,1,1,1.0,1.0,01033,M,4611736.0,582266.0,01
201700022777,17,2,19,720,1,1,1,1.0,6.0,01091,M,4616046.0,578005.0,01
201700022778,17,3,19,1630,1,2,1,1.0,6.0,01033,M,4610571.0,583539.0,01
201700022779,17,3,29,1745,1,2,3,9.0,3.0,01033,M,4610551.0,582006.0,01
201700022780,17,5,26,930,1,1,1,1.0,1.0,01091,M,4614974.0,579256.0,01
201700022781,17,6,23,1945,1,2,4,1.0,1.0,01091,M,4621070.0,570267.0,01
201700022782,17,8,13,2150,5,2,6,1.0,1.0,01033,M,4610834.0,581707.0,01
201700022783,17,8,17,1130,1,1,1,1.0,7.0,01104,M,4616750.0,581907.0,01
201700022784,17,10,9,1320,1,2,9,1.0,6.0,01091,M,4611407.0,578736.0,01
201700022785,17,12,15,1640,2,2,1,2.0,1.0,01033,M,4609736.0,585067.0,01
201700022786,17,7,11,1000,1,1,1,1.0,1.0,01173,M,4635451.0,604671.0,01
201700022787,17,7,27,1030,1,1,3,1.0,3.0,01419,M,4622958.0,599340.0,01
201700022788,17,7,29,1340,1,2,1,1.0,7.0,01033,M,4611012.0,582701.0,01
201700022789,17,2,28,944,1,1,1,8.0,5.0,83100,M,4327644.0,614911.0,83
201700022790,17,3,6,1100,1,1,1,8.0,1.0,83100,M,,,83
201700022791,17,3,15,1045,1,2,1,1.0,2.0,83049,M,4323573.0,607121.0,83
201700022792,17,4,29,1830,1,1,1,1.0,6.0,83100,M,4326948.0,615000.0,83
201700022793,17,5,15,745,1,2,6,1.0,3.0,83091,M,4321884.0,614414.0,83
201700022794,17,5,29,755,1,2,1,1.0,1.0,83049,M,4323020.0,607019.0,83
201700022795,17,7,8,1130,1,1,1,1.0,6.0,83100,M,4327732.0,612363.0,83
201700022796,17,8,26,1,3,1,3,1.0,7.0,83100,M,4327644.0,614911.0,83
201700022797,17,9,11,850,1,2,1,1.0,1.0,83100,M,4328989.0,613478.0,83
201700022798,17,9,15,1630,1,1,1,1.0,1.0,83091,M,4323241.0,617641.0,83
201700022799,17,9,20,1202,1,1,1,1.0,4.0,83049,M,4324157.0,607808.0,83
201700022800,17,10,5,1700,1,1,1,1.0,5.0,83049,M,4324055.0,609692.0,83
201700022801,17,10,27,2230,3,1,1,1.0,1.0,83091,M,4324718.0,615083.0,83
201700022802,17,11,7,1400,1,1,1,1.0,6.0,83033,M,4329561.0,615627.0,83
201700022803,17,4,9,1010,1,1,1,7.0,7.0,54198,M,4923543.0,577759.0,54
201700022804,17,4,15,1420,1,1,1,1.0,7.0,54249,M,4910874.0,583234.0,54
201700022805,17,4,23,815,1,1,1,1.0,6.0,54353,M,4910468.0,587694.0,54
201700022806,17,4,30,1110,1,1,3,1.0,2.0,54112,M,4904180.0,590204.0,54
201700022807,17,6,15,2200,2,1,1,1.0,7.0,54477,M,4901848.0,590502.0,54
201700022808,17,6,29,1640,1,1,2,1.0,3.0,54112,M,4904145.0,590079.0,54
201700022809,17,7,22,1810,1,1,1,1.0,3.0,54593,M,4901559.0,592603.0,54
201700022810,17,9,29,1835,1,1,9,1.0,1.0,54581,M,4911930.0,586592.0,54
201700022811,17,10,13,1800,1,1,2,1.0,3.0,54112,M,4904117.0,590044.0,54
201700022812,17,11,5,35,3,1,1,2.0,6.0,54353,M,4910270.0,587759.0,54
201700022813,17,12,4,1515,1,1,1,1.0,1.0,26198,M,4455415.0,471209.0,26
201700022814,17,12,22,1745,5,2,3,1.0,3.0,26198,M,4457174.0,474307.0,26
201700022815,17,3,6,1555,1,2,1,1.0,6.0,26198,M,4455578.0,475071.0,26
201700022816,17,2,17,1510,1,1,1,1.0,1.0,26198,M,4453374.0,473847.0,26
201700022817,17,5,27,900,1,2,1,1.0,6.0,26198,M,4455565.0,475167.0,26
201700022818,17,5,31,748,1,1,1,1.0,3.0,26198,M,4455507.0,473029.0,26
201700022819,17,4,1,1230,1,1,1,3.0,7.0,26198,M,,,26
201700022820,17,4,6,1545,1,2,1,1.0,3.0,26198,M,4455701.0,472904.0,26
201700022821,17,4,7,1535,1,2,2,1.0,3.0,26198,M,4453930.0,473178.0,26
201700022822,17,4,16,2020,2,2,2,1.0,3.0,26198,M,4453272.0,473798.0,26
201700022823,17,5,23,730,1,2,1,1.0,3.0,26198,M,4456635.0,474923.0,26
201700022824,17,8,9,1050,1,1,1,1.0,6.0,26198,M,4457883.0,477170.0,26
201700022825,17,6,16,1005,1,2,1,1.0,6.0,26198,M,4456081.0,474625.0,26
201700022826,17,9,14,1910,1,2,3,1.0,3.0,26198,M,4455416.0,474055.0,26
201700022827,17,7,27,2100,1,2,6,1.0,3.0,26198,M,4456745.0,475536.0,26
201700022828,17,9,4,1925,1,1,1,1.0,6.0,26198,M,4458330.0,475250.0,26
201700022829,17,6,29,2130,2,2,1,1.0,6.0,26198,M,4455363.0,472189.0,26
201700022830,17,10,6,1440,1,1,1,1.0,3.0,26198,M,4455272.0,473101.0,26
201700022831,17,10,10,915,1,2,1,1.0,6.0,26198,M,4455595.0,474837.0,26
201700022832,17,8,29,1810,1,1,1,1.0,1.0,26008,M,,,26
201700022833,17,10,20,635,5,2,3,1.0,6.0,26198,M,4456014.0,476054.0,26
201700022834,17,10,22,1655,1,2,1,1.0,6.0,26198,M,4455276.0,475779.0,26
201700022835,17,11,17,830,1,2,1,1.0,6.0,26198,M,4455407.0,474886.0,26
201700022836,17,10,24,1715,1,2,1,1.0,3.0,26198,M,4453213.0,474595.0,26
201700022837,17,1,3,530,2,2,2,8.0,3.0,26057,M,4503302.0,506158.0,26
201700022838,17,1,3,2000,3,2,2,1.0,3.0,26057,M,4503730.0,505499.0,26
201700022839,17,1,12,1920,5,2,1,1.0,6.0,26281,M,4504660.0,506027.0,26
201700022840,17,1,13,1555,1,2,2,1.0,3.0,26057,M,4503992.0,505918.0,26
201700022841,17,1,14,1600,1,2,1,1.0,6.0,26281,M,4504442.0,505200.0,26