Num_Acc,an,mois,jour,hrmn,lum,agg,int,atm,col,com,gps,lat,long,dep
201700022842,17,1,23,1132,1,2,3,1.0,3.0,26281,M,4504837.0,503741.0,26
201700022843,17,1,24,1255,1,2,1,1.0,3.0,26281,M,4504938.0,506790.0,26
201700022844,17,1,30,735,1,2,3,1.0,3.0,26281,M,4504266.0,504717.0,26
201700022845,17,2,4,939,1,2,1,1.0,1.0,26281,M,4505328.0,504839.0,26
201700022846,17,2,4,1820,5,2,3,1.0,6.0,26057,M,4503893.0,504931.0,26
201700022847,17,2,5,1435,1,2,2,1.0,3.0,26057,M,4503456.0,505275.0,26
201700022848,17,2,13,1840,2,2,1,1.0,3.0,26057,M,4503529.0,505847.0,26
201700022849,17,2,14,920,1,2,1,1.0,4.0,26281,M,4504202.0,505598.0,26
201700022850,17,2,15,1330,1,2,1,1.0,6.0,26057,M,4503583.0,505383.0,26
201700022851,17,2,18,2358,5,2,4,1.0,6.0,26281,M,4504836.0,503743.0,26
201700022852,17,3,1,1525,1,2,1,2.0,4.0,26281,M,4504481.0,505641.0,26
201700022853,17,3,6,1435,1,2,1,1.0,3.0,26281,M,4505150.0,505985.0,26
201700022854,17,3,14,1730,1,2,1,1.0,6.0,26281,M,4504666.0,505177.0,26
201700022855,17,3,18,1224,1,2,1,1.0,2.0,26281,M,4505306.0,508612.0,26
201700022856,17,3,27,730,1,2,1,1.0,6.0,26281,M,4504690.0,503523.0,26
201700022857,17,3,29,1700,1,1,6,1.0,3.0,26281,M,4506177.0,501673.0,26
201700022858,17,4,3,755,1,2,1,1.0,3.0,26281,M,4505537.0,504910.0,26
201700022859,17,4,12,748,1,2,1,1.0,6.0,26281,M,4505303.0,506414.0,26
201700022860,17,4,12,1400,1,2,1,1.0,3.0,26281,M,4504103.0,502725.0,26
201700022861,17,4,20,745,1,2,2,1.0,3.0,26281,M,4504951.0,505574.0,26
201700022862,17,5,6,1345,1,2,1,1.0,6.0,26057,M,,,26
201700022863,17,5,12,1635,1,2,1,2.0,2.0,26281,M,4505128.0,508138.0,26
201700022864,17,5,15,840,1,2,2,1.0,3.0,26281,M,4504791.0,507084.0,26
201700022865,17,5,15,1015,1,2,2,1.0,3.0,26057,M,4503302.0,506158.0,26
201700022866,17,5,22,1653,1,2,1,1.0,2.0,26281,M,4504243.0,505733.0,26
201700022867,17,5,24,1210,1,2,2,1.0,3.0,26057,M,4504005.0,505579.0,26
201700022868,17,5,28,1727,1,2,1,1.0,1.0,26281,M,4504226.0,505038.0,26
201700022869,17,5,26,929,1,2,6,1.0,3.0,26281,M,4504870.0,504890.0,26
201700022870,17,5,29,1600,1,2,2,1.0,6.0,26281,M,4504677.0,504410.0,26
201700022871,17,5,31,730,1,2,6,1.0,3.0,26057,M,,,26
201700022872,17,6,12,900,1,2,2,1.0,3.0,26281,M,4505982.0,499706.0,26
201700022873,17,6,17,1750,1,2,2,1.0,3.0,26281,M,4504757.0,505483.0,26
201700022874,17,6,21,950,1,2,2,1.0,3.0,26281,M,4504689.0,508128.0,26
201700022875,17,6,27,1330,1,2,1,1.0,2.0,26057,M,4503466.0,505284.0,26
201700022876,17,6,27,1810,1,2,6,1.0,2.0,26281,M,4504260.0,505790.0,26
201700022877,17,7,3,1830,1,2,6,1.0,3.0,26281,M,4504776.0,506708.0,26
201700022878,17,7,7,1910,1,2,1,1.0,4.0,26281,M,4505775.0,506344.0,26
201700022879,17,7,10,1700,1,2,1,2.0,3.0,26281,M,4504595.0,505190.0,26
201700022880,17,7,11,2000,1,2,2,1.0,3.0,26057,M,4503720.0,505500.0,26
201700022881,17,7,12,1219,1,2,1,1.0,6.0,26281,M,4504473.0,505685.0,26
201700022882,17,7,16,930,1,2,2,1.0,6.0,26057,M,4503720.0,505490.0,26
201700022883,17,7,16,940,1,2,1,1.0,3.0,26057,M,4503299.0,505636.0,26
201700022884,17,7,20,819,1,2,1,1.0,2.0,26281,M,4504580.0,505500.0,26
201700022885,17,7,25,1830,1,2,1,2.0,2.0,26057,M,4504122.0,505633.0,26
201700022886,17,7,26,1310,1,2,1,1.0,1.0,26281,M,4506084.0,509405.0,26
201700022887,17,7,29,20,3,2,2,1.0,2.0,26281,M,4504762.0,505047.0,26
201700022888,17,8,20,45,4,2,1,1.0,6.0,26281,M,4505400.0,503225.0,26
201700022889,17,8,22,1110,1,2,2,1.0,3.0,26057,M,4503958.0,505122.0,26
201700022890,17,8,22,1626,1,2,2,1.0,3.0,26281,M,4504595.0,507941.0,26
201700022891,17,8,30,1515,1,2,2,1.0,3.0,26281,M,4504655.0,505062.0,26
201700022892,17,8,30,1700,1,2,1,1.0,2.0,26281,M,4505663.0,506777.0,26
201700022893,17,9,2,1805,1,2,2,2.0,2.0,26057,M,4503476.0,505932.0,26
201700022894,17,9,7,830,1,1,2,1.0,3.0,26057,M,4501224.0,507414.0,26
201700022895,17,9,11,735,1,2,2,1.0,3.0,26281,M,4504413.0,503474.0,26
201700022896,17,9,14,1115,1,2,1,2.0,6.0,26218,M,,,26
201700022897,17,9,21,1025,1,2,1,1.0,2.0,26281,M,4504530.0,506601.0,26
201700022898,17,10,10,1206,1,2,1,2.0,3.0,26281,M,4504465.0,507136.0,26
201700022899,17,10,18,1108,1,2,2,1.0,6.0,26057,M,4503935.0,504757.0,26
201700022900,17,10,23,1120,1,2,1,1.0,2.0,26281,M,4505002.0,504414.0,26
201700022901,17,10,26,1802,2,2,1,1.0,4.0,26281,M,4505211.0,508359.0,26
201700022902,17,10,26,2320,5,2,2,1.0,3.0,26281,M,4504397.0,505009.0,26
201700022903,17,10,31,1810,2,2,6,1.0,3.0,26281,M,4504443.0,504826.0,26
201700022904,17,11,9,1810,2,2,1,1.0,2.0,26281,M,4504784.0,504212.0,26
201700022905,17,11,16,1450,1,2,1,1.0,6.0,26281,M,4505720.0,506451.0,26
201700022906,17,11,17,1200,1,1,2,1.0,2.0,26057,M,4501278.0,503863.0,26
201700022907,17,11,20,1400,1,2,1,1.0,6.0,26281,M,4504559.0,505819.0,26
201700022908,17,11,24,1350,1,2,1,1.0,6.0,26281,M,4504550.0,505306.0,26
201700022909,17,11,27,820,1,2,2,1.0,3.0,26281,M,4504529.0,509327.0,26
201700022910,17,11,27,1005,1,2,6,1.0,3.0,26281,M,4505195.0,509216.0,26
201700022911,17,11,27,1700,1,2,1,1.0,3.0,26057,M,4503819.0,505546.0,26
201700022912,17,11,28,1955,5,2,3,1.0,3.0,26281,M,4504054.0,505624.0,26
201700022913,17,11,29,745,2,2,2,2.0,6.0,26281,M,4505002.0,504010.0,26
201700022914,17,12,4,1800,2,2,1,2.0,3.0,26281,M,4505660.0,506780.0,26
201700022915,17,12,18,700,2,2,1,4.0,3.0,26057,M,4503890.0,504370.0,26
201700022916,17,12,18,1005,1,2,1,4.0,6.0,26281,M,4505724.0,507327.0,26
201700022917,17,12,22,1145,1,2,2,1.0,5.0,26281,M,4505639.0,501238.0,26
201700022918,17,12,22,1717,2,2,1,1.0,2.0,26281,M,4505650.0,506773.0,26
201700022919,17,12,23,1740,2,2,1,1.0,3.0,26281,M,4505400.0,506803.0,26
201700022920,17,1,7,2045,1,2,3,1.0,6.0,26362,M,4493611.0,489689.0,26
201700022921,17,1,14,2015,5,2,3,1.0,3.0,26362,M,,,26
201700022922,17,1,11,1140,1,2,1,1.0,6.0,26058,M,4494736.0,489749.0,26
201700022923,17,1,15,1820,3,1,2,1.0,3.0,26058,M,,,26
201700022924,17,1,19,2145,3,1,1,1.0,1.0,26252,M,,,26
201700022925,17,3,2,2000,4,2,1,1.0,3.0,26362,M,4494234.0,491857.0,26
201700022926,17,3,8,1540,1,2,2,1.0,6.0,26362,M,4493262.0,491841.0,26
201700022927,17,3,9,1320,1,2,1,1.0,6.0,26362,M,4493242.0,492186.0,26
201700022928,17,3,10,1740,1,2,1,1.0,6.0,26058,M,4494201.0,489483.0,26
201700022929,17,3,10,1940,1,2,1,1.0,1.0,26058,M,4494026.0,489552.0,26
201700022930,17,3,16,1455,1,2,1,1.0,1.0,26362,M,4490136.0,488424.0,26
201700022931,17,3,16,2005,4,2,2,1.0,3.0,26362,M,4493412.0,488816.0,26
201700022932,17,3,25,1034,1,2,2,1.0,1.0,26252,M,4488421.0,488698.0,26
201700022933,17,4,7,1630,1,2,6,1.0,3.0,26362,M,4493256.0,489859.0,26
201700022934,17,4,23,1630,1,1,2,1.0,3.0,26252,M,,,26
201700022935,17,4,25,1034,1,1,1,1.0,3.0,26362,M,4494497.0,493153.0,26
201700022936,17,5,10,1715,1,2,2,1.0,1.0,26362,M,4491605.0,491122.0,26
201700022937,17,5,17,550,5,1,1,1.0,1.0,26362,M,,,26
201700022938,17,5,19,1340,1,2,2,1.0,3.0,26058,M,4493892.0,489609.0,26
201700022939,17,5,23,945,1,1,2,1.0,3.0,26252,M,,,26
201700022940,17,5,24,725,1,2,1,1.0,3.0,26362,M,,,26
201700022941,17,5,24,726,1,1,1,1.0,2.0,26362,M,,,26
201700022942,17,6,5,1510,1,2,2,1.0,3.0,26252,M,4488970.0,487421.0,26
201700022943,17,6,6,1542,1,1,1,1.0,5.0,26362,M,,,26
201700022944,17,6,6,2145,5,2,3,1.0,3.0,26362,M,4493334.0,489637.0,26
201700022945,17,6,14,810,1,1,1,1.0,4.0,26058,M,4496075.0,492427.0,26
201700022946,17,6,16,2325,5,1,1,1.0,7.0,26362,M,,,26
201700022947,17,6,17,1925,1,2,2,1.0,3.0,26362,M,4493677.0,489586.0,26
201700022948,17,6,19,1725,1,2,1,1.0,6.0,26362,M,4490832.0,488301.0,26
201700022949,17,7,18,1535,1,2,2,1.0,3.0,26362,M,4493275.0,491850.0,26
201700022950,17,7,29,1200,1,1,1,1.0,2.0,26058,M,4494127.0,488911.0,26
201700022951,17,9,6,2300,5,2,1,1.0,1.0,26362,M,4490569.0,487508.0,26
201700022952,17,9,15,855,1,2,2,1.0,6.0,26362,M,4492870.0,489047.0,26
201700022953,17,9,29,1840,1,2,3,1.0,6.0,26058,M,4495363.0,489992.0,26
201700022954,17,9,29,2225,3,1,1,1.0,2.0,26313,M,,,26
201700022955,17,9,30,338,3,1,1,1.0,5.0,26362,M,,,26
201700022956,17,10,10,2110,5,2,3,1.0,3.0,26362,M,4489630.0,488735.0,26
201700022957,17,10,17,2026,3,2,1,1.0,5.0,26058,M,,,26
201700022958,17,11,2,1609,1,2,1,1.0,3.0,26058,M,,,26
201700022959,17,11,15,845,1,1,6,1.0,3.0,26362,M,,,26
201700022960,17,11,20,1740,2,2,2,1.0,6.0,26362,M,4493676.0,491828.0,26
201700022961,17,11,17,1405,1,1,1,1.0,4.0,26362,M,4490047.0,487564.0,26
201700022962,17,11,27,1350,1,1,3,1.0,5.0,26362,M,4494592.0,493795.0,26
201700022963,17,12,1,1105,1,2,2,1.0,3.0,26362,M,4491646.0,491086.0,26
201700022964,17,12,1,1330,1,2,1,1.0,6.0,26362,M,4493699.0,489605.0,26
201700022965,17,12,6,1305,1,2,1,1.0,3.0,26058,M,4496124.0,488211.0,26
201700022966,17,12,7,1130,1,2,6,1.0,3.0,26362,M,4493085.0,492457.0,26
201700022967,17,12,17,1600,1,2,1,1.0,6.0,26362,M,4492963.0,489689.0,26
201700022968,17,12,22,1255,1,2,1,1.0,4.0,26362,M,4492681.0,488931.0,26
201700022969,17,2,11,1030,1,1,1,1.0,6.0,84037,M,4404780.0,484290.0,84
201700022970,17,6,25,1915,1,2,3,1.0,3.0,84037,M,4405183.0,483517.0,84
201700022971,17,8,22,1900,1,1,1,1.0,6.0,84027,M,4410882.0,476287.0,84
201700022972,17,9,22,755,1,2,2,1.0,3.0,84037,M,4405496.0,483521.0,84
201700022973,17,10,9,815,1,1,1,6.0,6.0,84039,M,4410055.0,488862.0,84
201700022974,17,10,12,805,1,1,1,1.0,3.0,84056,M,4412611.0,489731.0,84
201700022975,17,10,11,1245,1,2,1,1.0,3.0,84039,M,4409744.0,485400.0,84
201700022976,17,11,17,1825,3,1,1,1.0,5.0,84056,M,4411978.0,490187.0,84
201700022977,17,6,14,140,3,1,1,1.0,6.0,50646,M,4945249.0,-171279.0,50
201700022978,17,1,23,1330,1,2,1,1.0,1.0,06064,M,4375604.0,717246.0,06
201700022979,17,2,3,1130,1,2,9,1.0,2.0,06064,M,4375651.0,718577.0,06
201700022980,17,2,6,2300,5,1,1,1.0,6.0,06064,M,4375676.0,717160.0,06
201700022981,17,2,8,1150,1,1,1,2.0,1.0,06064,M,4376685.0,719015.0,06
201700022982,17,2,18,1050,1,2,3,1.0,7.0,06033,M,4376788.0,720009.0,06
201700022983,17,3,1,1220,1,1,1,1.0,2.0,06046,M,4376580.0,720726.0,06
201700022984,17,3,8,1210,1,1,1,1.0,2.0,06034,M,4378959.0,721508.0,06
201700022985,17,3,12,1715,1,2,1,1.0,6.0,06006,M,4375782.0,724709.0,06
201700022986,17,4,7,1815,1,1,1,1.0,6.0,06033,M,4376999.0,720671.0,06
201700022987,17,4,21,535,5,1,1,1.0,1.0,06109,M,4383505.0,719325.0,06
201700022988,17,5,6,1220,1,1,1,3.0,1.0,06033,M,4378301.0,719582.0,06
201700022989,17,5,8,1135,1,2,3,1.0,3.0,06033,M,4378788.0,718487.0,06
201700022990,17,5,8,815,1,1,1,1.0,2.0,06126,M,4381603.0,718829.0,06
201700022991,17,5,29,1630,1,1,1,1.0,3.0,06006,M,4376640.0,724212.0,06
201700022992,17,5,31,1915,1,2,1,1.0,6.0,06033,M,4376693.0,720014.0,06
201700022993,17,7,1,1135,1,2,3,1.0,1.0,06126,M,4382501.0,718952.0,06
201700022994,17,7,5,640,1,1,1,1.0,1.0,06025,M,4382000.0,718392.0,06
201700022995,17,7,25,2010,2,1,1,1.0,6.0,06006,M,4378201.0,725317.0,06
201700022996,17,7,30,1100,1,1,1,1.0,7.0,06046,M,4376587.0,720723.0,06
201700022997,17,8,3,1005,1,2,1,1.0,1.0,06033,M,4378895.0,718489.0,06
201700022998,17,8,15,1130,1,1,1,1.0,6.0,06126,M,4381603.0,718829.0,06
201700022999,17,9,4,1610,1,2,1,1.0,6.0,06033,M,4378350.0,719808.0,06
201700023000,17,11,14,835,1,1,1,1.0,5.0,06025,M,4380257.0,719006.0,06
201700023001,17,1,11,1240,1,1,1,7.0,7.0,38383,M,4537088.0,566125.0,38
201700023002,17,1,13,1100,1,1,1,1.0,6.0,38194,M,4534464.0,543097.0,38
201700023003,17,1,23,645,3,1,9,1.0,6.0,38239,M,4533684.0,554644.0,38
201700023004,17,2,2,1730,2,1,2,1.0,3.0,38194,M,4536035.0,543384.0,38
201700023005,17,2,19,1600,1,2,6,1.0,3.0,38383,M,4538557.0,563315.0,38
201700023006,17,2,25,910,1,2,1,1.0,6.0,38239,M,4532425.0,557666.0,38
201700023007,17,3,7,2045,5,2,3,1.0,3.0,38239,M,4532411.0,556649.0,38
201700023008,17,4,1,500,5,2,1,1.0,6.0,38133,M,4536579.0,562275.0,38
201700023009,17,4,5,1425,1,1,1,1.0,2.0,38239,M,4532569.0,555155.0,38
201700023010,17,4,15,1245,1,1,1,1.0,6.0,38030,M,4534601.0,547799.0,38
201700023011,17,4,22,1955,1,1,1,1.0,7.0,38373,M,4533804.0,554294.0,38
201700023012,17,5,6,530,3,1,1,1.0,6.0,38383,M,4536738.0,563174.0,38
201700023013,17,5,27,1715,1,1,1,1.0,2.0,38383,M,4536712.0,562879.0,38
201700023014,17,5,31,1816,1,1,1,8.0,1.0,38332,M,4534315.0,549002.0,38
201700023015,17,6,2,915,1,1,1,1.0,6.0,38383,M,4537502.0,565895.0,38
201700023016,17,6,24,1345,1,1,9,1.0,6.0,38105,M,4540034.0,554085.0,38
201700023017,17,6,25,1100,1,1,1,1.0,1.0,38432,M,4540995.0,561069.0,38
201700023018,17,7,2,715,2,1,1,2.0,6.0,38373,M,4537186.0,554981.0,38
201700023019,17,7,12,1335,1,2,6,1.0,3.0,38337,M,4535144.0,549093.0,38
201700023020,17,8,25,835,1,2,1,1.0,1.0,38432,M,4540040.0,560234.0,38
201700023021,17,9,21,650,2,1,1,1.0,6.0,38362,M,4540193.0,566601.0,38
201700023022,17,9,27,1251,1,1,1,1.0,3.0,38368,M,4539133.0,552172.0,38
201700023023,17,10,9,735,2,1,1,1.0,6.0,38239,M,4533794.0,554301.0,38
201700023024,17,10,11,505,3,1,1,1.0,1.0,38368,M,4538975.0,550527.0,38
201700023025,17,10,16,1630,1,1,1,1.0,7.0,38331,M,4536807.0,553365.0,38
201700023026,17,10,23,1846,3,1,6,1.0,6.0,38194,M,4536506.0,542117.0,38
201700023027,17,12,23,1800,3,1,1,8.0,6.0,38383,M,4536968.0,566413.0,38
201700023028,17,1,1,615,3,2,1,8.0,6.0,38239,M,4532617.0,558179.0,38
201700023029,17,1,2,1800,4,2,1,8.0,6.0,69283,M,4566372.0,495890.0,69
201700023030,17,1,22,1830,3,1,1,1.0,2.0,69283,M,,,69
201700023031,17,4,2,1445,1,2,1,1.0,6.0,69283,M,4566989.0,494932.0,69
201700023032,17,7,6,820,1,2,1,1.0,3.0,69283,M,,,69
201700023033,17,9,6,1615,1,1,1,1.0,6.0,38519,M,4561372.0,501831.0,38
201700023034,17,9,20,1710,1,2,1,1.0,5.0,69283,M,4565221.0,494932.0,69
201700023035,17,9,26,1810,2,2,6,1.0,3.0,69283,M,4567210.0,493335.0,69
201700023036,17,10,7,1625,1,2,1,1.0,6.0,69283,M,4567228.0,494963.0,69
201700023037,17,12,6,1600,1,1,1,1.0,1.0,69283,M,4564793.0,495849.0,69
201700023038,17,3,16,1620,1,1,1,1.0,2.0,62043,M,5090056.0,193248.0,62
201700023039,17,7,17,1430,1,1,2,1.0,3.0,62203,M,5084629.0,190325.0,62
201700023040,17,9,15,2130,3,1,1,1.0,6.0,62397,M,5086633.0,186010.0,62
201700023041,17,9,16,1845,2,1,4,8.0,3.0,62156,M,5090320.0,176988.0,62
201700023042,17,1,13,1600,1,2,1,1.0,6.0,58002,M,4745402.0,306186.0,58
201700023043,17,1,16,812,1,2,6,1.0,6.0,58086,M,4741257.0,292184.0,58
201700023044,17,1,31,700,3,1,1,2.0,6.0,58209,M,4739636.0,315963.0,58
201700023045,17,2,23,1530,1,1,1,1.0,6.0,58187,M,4746342.0,295890.0,58
201700023046,17,2,28,850,1,2,1,3.0,3.0,58086,M,4738010.0,290539.0,58
201700023047,17,4,14,1700,1,2,6,1.0,3.0,58086,M,4740991.0,292508.0,58
201700023048,17,5,3,2320,3,1,1,3.0,6.0,58044,M,4749032.0,292132.0,58
201700023049,17,5,5,1020,1,1,1,1.0,1.0,58002,M,4744217.0,303565.0,58
201700023050,17,6,1,1850,1,2,1,1.0,7.0,58213,M,4741982.0,302356.0,58
201700023051,17,6,25,2150,2,2,1,1.0,6.0,58086,M,4739929.0,291547.0,58
201700023052,17,7,21,2015,2,1,1,1.0,6.0,58270,M,4747292.0,305598.0,58
201700023053,17,8,11,510,3,1,1,1.0,6.0,58252,M,4730642.0,328560.0,58
201700023054,17,9,10,1705,1,2,1,1.0,7.0,58086,M,4738132.0,291219.0,58
201700023055,17,10,6,1500,1,1,1,1.0,3.0,58102,M,4734962.0,311224.0,58
201700023056,17,10,12,1400,1,1,1,2.0,6.0,58227,M,4751581.0,303525.0,58
201700023057,17,11,17,745,2,1,6,5.0,7.0,58261,M,4740408.0,297733.0,58
201700023058,17,11,19,1300,1,1,1,5.0,1.0,58094,M,4750238.0,312940.0,58
201700023059,17,12,15,1030,1,2,1,8.0,6.0,58086,M,4741354.0,293103.0,58
201700023060,17,1,3,1555,1,1,1,8.0,6.0,41136,M,4771778.0,148417.0,41
201700023061,17,2,20,2145,3,1,1,2.0,2.0,41114,M,4776070.0,155593.0,41
201700023062,17,3,9,630,2,1,1,1.0,6.0,41252,M,4769404.0,143653.0,41
201700023063,17,5,30,750,1,1,1,1.0,6.0,41252,M,4769744.0,144227.0,41
201700023064,17,6,16,1520,1,1,1,1.0,2.0,41234,M,4758523.0,107685.0,41
201700023065,17,7,1,1239,1,1,1,1.0,2.0,41101,M,4761259.0,114450.0,41
201700023066,17,8,8,645,1,1,1,1.0,6.0,41223,M,4761794.0,121933.0,41
201700023067,17,8,17,1355,1,1,1,1.0,6.0,41093,M,4760496.0,111873.0,41
201700023068,17,9,3,820,1,1,1,1.0,6.0,41252,M,4769173.0,143374.0,41
201700023069,17,9,6,2145,3,1,1,1.0,6.0,41101,M,4761443.0,115495.0,41
201700023070,17,9,10,1350,1,1,1,1.0,6.0,41093,M,4760570.0,112049.0,41
201700023071,17,9,20,1750,1,1,1,1.0,3.0,41252,M,4770997.0,146259.0,41
201700023072,17,10,27,1640,1,1,1,1.0,6.0,41018,M,4761814.0,132748.0,41
201700023073,17,11,1,33,3,1,1,1.0,7.0,41252,M,4770131.0,144689.0,41
201700023074,17,12,22,1835,5,1,1,2.0,6.0,41288,M,4766707.0,138941.0,41
201700023075,17,1,5,1840,1,2,3,1.0,6.0,27229,M,4902042.0,114894.0,27
201700023076,17,3,29,1125,1,2,1,1.0,3.0,27229,M,4901987.0,111968.0,27
201700023077,17,5,4,1015,1,2,1,1.0,3.0,27229,M,4902470.0,114304.0,27
201700023078,17,2,1,1540,1,2,3,1.0,3.0,27229,M,,,27
201700023079,17,2,17,1855,5,2,2,1.0,6.0,27229,M,4901954.0,113886.0,27
201700023080,17,2,20,1250,1,1,6,1.0,3.0,27229,M,,,27
201700023081,17,6,29,1115,1,2,1,1.0,6.0,27229,M,4900994.0,116200.0,27
201700023082,17,7,21,1345,1,2,1,1.0,6.0,27229,M,4902238.0,114879.0,27
201700023083,17,6,21,2035,1,2,1,1.0,6.0,27229,M,4902814.0,114612.0,27
201700023084,17,10,3,835,1,2,1,1.0,6.0,27229,M,4903223.0,115663.0,27
201700023085,17,10,10,750,2,2,1,1.0,6.0,27229,M,4902270.0,114071.0,27
201700023086,17,11,28,755,5,2,1,2.0,6.0,27229,M,4901766.0,115805.0,27
201700023087,17,6,13,1120,1,1,1,1.0,1.0,60554,M,4909882.0,303658.0,60
201700023088,17,9,7,1605,1,2,3,1.0,6.0,60176,M,4922773.0,289479.0,60
201700023089,17,1,7,1840,3,1,1,2.0,7.0,51203,M,4903848.0,443859.0,51
201700023090,17,3,4,530,3,1,1,3.0,6.0,51388,M,4913430.0,434048.0,51
201700023091,17,3,27,815,1,1,1,1.0,5.0,51486,M,4918165.0,444055.0,51
201700023092,17,4,10,1930,1,2,3,1.0,3.0,51388,M,4913508.0,436651.0,51
201700023093,17,7,24,955,1,1,1,1.0,1.0,51307,M,4915159.0,447935.0,51
201700023094,17,8,4,1500,1,1,1,1.0,3.0,51559,M,4912469.0,452255.0,51
201700023095,17,8,29,800,2,2,1,7.0,1.0,51388,M,4913928.0,435681.0,51
201700023096,17,10,25,1240,1,1,2,2.0,3.0,51476,M,4902677.0,441417.0,51
201700023097,17,10,28,1820,2,2,1,1.0,1.0,51388,M,4913778.0,435015.0,51
201700023098,17,1,27,2155,5,2,3,1.0,3.0,27375,M,4922222.0,117083.0,27
201700023099,17,1,29,930,1,2,3,1.0,3.0,27528,M,,,27
201700023100,17,2,27,1645,1,2,1,2.0,6.0,27701,M,4927528.0,120937.0,27
201700023101,17,1,13,1215,1,2,1,2.0,6.0,27701,M,4926443.0,122031.0,27
201700023102,17,3,2,1630,1,1,2,1.0,3.0,27375,M,4922286.0,116448.0,27
201700023103,17,4,10,1320,1,2,6,1.0,6.0,27375,M,4921040.0,117079.0,27
201700023104,17,4,12,840,1,2,1,1.0,6.0,27375,M,4921005.0,116905.0,27
201700023105,17,6,18,2100,1,2,1,1.0,3.0,27375,M,4921545.0,116951.0,27
201700023106,17,9,21,1915,1,2,1,1.0,7.0,27701,M,4924981.0,120890.0,27
201700023107,17,7,18,1310,1,1,1,1.0,7.0,27351,M,4923499.0,118590.0,27
201700023108,17,11,15,1850,5,2,1,1.0,7.0,27701,M,4927138.0,121608.0,27
201700023109,17,8,21,1650,1,2,1,1.0,6.0,27701,M,4926420.0,120820.0,27
201700023110,17,7,9,900,1,2,2,1.0,3.0,27701,M,4927111.0,120784.0,27
201700023111,17,1,29,1710,1,1,1,3.0,6.0,14543,M,4920120.0,-48854.0,14
201700023112,17,3,3,1240,1,1,1,1.0,6.0,14281,M,4933070.0,-89336.0,14
201700023113,17,3,26,1500,1,1,1,1.0,6.0,14004,M,4933460.0,-91853.0,14
201700023114,17,5,27,1220,1,1,1,1.0,6.0,14124,M,4933913.0,-100482.0,14
201700023115,17,6,5,340,3,1,1,1.0,6.0,14281,M,4932981.0,-88959.0,14
201700023116,17,6,18,2205,2,1,9,1.0,2.0,14322,M,4925433.0,-72099.0,14
201700023117,17,6,29,1800,1,1,1,1.0,2.0,14480,M,4933836.0,-105998.0,14
201700023118,17,7,10,255,3,1,1,1.0,6.0,14342,M,4930809.0,-111220.0,14
201700023119,17,7,14,1700,1,1,1,1.0,6.0,14135,M,4923904.0,-60048.0,14
201700023120,17,7,14,1220,1,1,1,1.0,7.0,14465,M,4925012.0,-63387.0,14
201700023121,17,10,8,1750,1,1,1,1.0,7.0,14342,M,4930818.0,-111908.0,14
201700023122,17,10,21,2030,3,1,1,6.0,6.0,14098,M,4920721.0,-50993.0,14
201700023123,17,11,1,1135,1,1,1,1.0,6.0,14681,M,4932004.0,-85621.0,14
201700023124,17,1,18,1618,1,2,1,1.0,6.0,06095,M,4364170.0,687915.0,06
201700023125,17,6,23,830,1,1,1,1.0,6.0,06026,M,4366646.0,688732.0,06
201700023126,17,7,23,2100,2,1,1,1.0,6.0,06130,M,4369495.0,685482.0,06
201700023127,17,8,6,114,3,1,1,1.0,6.0,06118,M,4362683.0,682057.0,06
201700023128,17,8,12,200,3,1,1,1.0,1.0,06130,M,4370267.0,684835.0,06
201700023129,17,9,5,1855,2,1,3,1.0,3.0,06130,M,4368732.0,687528.0,06
201700023130,17,9,26,1039,1,2,9,1.0,6.0,06095,M,4364378.0,688294.0,06
201700023131,17,10,11,1755,1,2,1,1.0,6.0,06095,M,4364387.0,688643.0,06
201700023132,17,11,4,1735,3,2,1,8.0,5.0,06118,M,4366746.0,679655.0,06
201700023133,17,12,4,1330,1,2,1,1.0,6.0,06137,M,4365056.0,686428.0,06
201700023134,17,7,3,1545,1,1,1,1.0,5.0,39129,M,4666661.0,594222.0,39
201700023135,17,3,3,1105,1,2,6,8.0,6.0,27562,M,,,27
201700023136,17,6,17,315,5,2,1,1.0,7.0,27681,M,4909961.0,147374.0,27
201700023137,17,6,4,1745,1,2,1,1.0,2.0,27554,M,4911419.0,144841.0,27
201700023138,17,6,1,1745,1,2,1,1.0,2.0,27681,M,4909501.0,148674.0,27
201700023139,17,5,16,1530,1,2,3,1.0,3.0,27681,M,4907165.0,472558.0,27
201700023140,17,11,6,1115,1,2,1,1.0,6.0,27681,M,4909463.0,148607.0,27
201700023141,17,11,17,2010,5,2,1,1.0,1.0,27681,M,4908593.0,146356.0,27
201700023142,17,1,31,840,1,1,1,1.0,6.0,17407,M,4619024.0,-102891.0,17
201700023143,17,4,1,1545,1,2,1,1.0,6.0,17222,M,4623154.0,-113012.0,17
201700023144,17,6,23,1430,1,2,4,1.0,3.0,17407,M,4619097.0,-101298.0,17
201700023145,17,1,19,1905,3,1,1,1.0,2.0,25032,M,4737488.0,639049.0,25
201700023146,17,7,4,1415,1,1,1,1.0,2.0,25306,M,4740745.0,645780.0,25
201700023147,17,10,19,1520,1,1,1,1.0,3.0,25463,M,4737481.0,676297.0,25
201700023148,17,11,7,1705,3,1,1,2.0,2.0,25614,M,4751908.0,685266.0,25
201700023149,17,11,12,1830,3,1,1,3.0,4.0,25306,M,4740745.0,645780.0,25