Num_Acc,an,mois,jour,hrmn,lum,agg,int,atm,col,com,gps,lat,long,dep
201700023150,17,2,10,1845,5,2,1,1.0,2.0,91363,M,4864451.0,223313.0,91
201700023151,17,2,22,1700,1,2,1,1.0,5.0,91665,M,4865994.0,227583.0,91
201700023152,17,3,4,1320,1,1,1,2.0,1.0,91363,M,4865746.0,220858.0,91
201700023153,17,3,18,1600,1,1,1,8.0,7.0,91363,M,4864855.0,218756.0,91
201700023154,17,3,24,1335,1,2,1,1.0,4.0,91665,M,4865561.0,227424.0,91
201700023155,17,4,2,1535,1,2,6,1.0,2.0,91666,M,4868259.0,223552.0,91
201700023156,17,4,26,645,1,2,1,1.0,3.0,91665,M,4866997.0,227778.0,91
201700023157,17,4,28,650,2,2,1,2.0,6.0,91665,M,4866593.0,227441.0,91
201700023158,17,4,28,920,1,2,1,2.0,3.0,91665,M,4866860.0,227925.0,91
201700023159,17,6,12,830,1,2,3,1.0,6.0,91458,M,4866065.0,224086.0,91
201700023160,17,6,28,850,1,2,3,1.0,3.0,91363,M,4863991.0,224461.0,91
201700023161,17,6,30,940,1,1,3,2.0,5.0,91363,M,4864966.0,219438.0,91
201700023162,17,9,14,1940,1,2,1,1.0,3.0,91665,M,4865852.0,226745.0,91
201700023163,17,9,27,717,2,2,6,5.0,7.0,91363,M,4862773.0,226709.0,91
201700023164,17,1,7,720,3,1,1,2.0,6.0,76126,M,4967080.0,131741.0,76
201700023165,17,1,7,745,2,1,1,2.0,6.0,76278,M,4984081.0,154088.0,76
201700023166,17,2,24,820,1,1,1,4.0,6.0,76645,M,4988565.0,159913.0,76
201700023167,17,3,26,735,1,1,1,1.0,6.0,76584,M,4975001.0,148000.0,76
201700023168,17,5,16,800,1,1,1,1.0,2.0,76244,M,4971076.0,138266.0,76
201700023169,17,5,28,620,1,1,1,1.0,7.0,76262,M,4978811.0,149086.0,76
201700023170,17,6,19,2100,2,1,9,1.0,4.0,76265,M,4974180.0,158793.0,76
201700023171,17,7,15,1520,1,1,1,1.0,4.0,76606,M,4977743.0,172621.0,76
201700023172,17,7,19,1215,1,1,1,1.0,2.0,76244,M,4971076.0,138266.0,76
201700023173,17,7,30,1154,1,1,1,1.0,7.0,76262,M,4978811.0,149086.0,76
201700023174,17,11,19,848,1,1,1,1.0,6.0,76454,M,4973858.0,154379.0,76
201700023175,17,1,1,900,1,1,1,9.0,2.0,87119,M,4569670.0,136418.0,87
201700023176,17,2,21,1130,1,1,1,2.0,6.0,87203,M,4565840.0,139927.0,87
201700023177,17,4,25,1050,1,1,1,8.0,3.0,87202,M,4587990.0,108423.0,87
201700023178,17,6,13,1740,1,1,1,1.0,2.0,87146,M,4558860.0,146743.0,87
201700023179,17,8,13,1020,1,1,1,1.0,1.0,87205,M,4576720.0,129142.0,87
201700023180,17,12,22,1630,1,1,1,2.0,6.0,87019,M,4574770.0,133949.0,87
201700023181,17,12,31,738,2,1,1,1.0,2.0,87203,M,4564280.0,141541.0,87
201700023182,17,1,11,1723,5,1,1,2.0,2.0,19274,M,4516886.0,147147.0,19
201700023183,17,4,19,1030,1,1,1,1.0,6.0,19072,M,4523110.0,151289.0,19
201700023184,17,2,27,1800,2,1,1,2.0,6.0,59462,M,5052729.0,300784.0,59
201700023185,17,3,31,1005,1,2,1,1.0,6.0,59022,M,5052595.0,305406.0,59
201700023186,17,4,6,1625,1,2,3,1.0,3.0,59266,M,5054186.0,298218.0,59
201700023187,17,6,10,1830,1,1,1,1.0,7.0,59123,M,5051790.0,298992.0,59
201700023188,17,8,26,1345,1,2,2,1.0,1.0,59123,M,5051555.0,298672.0,59
201700023189,17,1,23,805,2,1,6,8.0,7.0,28085,M,4842753.0,151497.0,28
201700023190,17,2,10,1525,1,2,2,1.0,6.0,28229,M,4845344.0,145463.0,28
201700023191,17,2,24,730,2,2,3,1.0,1.0,28085,M,4843908.0,151660.0,28
201700023192,17,2,25,1635,1,2,1,1.0,3.0,28220,M,4842668.0,147224.0,28
201700023193,17,3,13,1530,1,2,1,1.0,6.0,28085,M,4844336.0,148347.0,28
201700023194,17,3,25,642,2,1,1,1.0,1.0,28229,M,4845124.0,144477.0,28
201700023195,17,3,30,2255,5,2,1,1.0,3.0,28229,M,4845304.0,145619.0,28
201700023196,17,4,5,1330,1,2,2,1.0,3.0,28229,M,4845013.0,146930.0,28
201700023197,17,3,27,1800,1,2,1,7.0,6.0,28218,M,4843681.0,147048.0,28
201700023198,17,4,7,2040,2,2,7,1.0,6.0,28085,M,4844779.0,148204.0,28
201700023199,17,4,30,1130,1,1,3,1.0,3.0,28085,M,4844452.0,148059.0,28
201700023200,17,5,3,1250,1,2,1,3.0,2.0,28085,M,4843855.0,152345.0,28
201700023201,17,6,13,1410,1,1,1,1.0,3.0,28218,M,4844076.0,147146.0,28
201700023202,17,6,20,1755,1,1,1,1.0,5.0,28229,M,4845264.0,144666.0,28
201700023203,17,7,11,1040,1,2,1,1.0,6.0,28085,M,4844580.0,152089.0,28
201700023204,17,7,11,1650,1,2,1,1.0,6.0,28085,M,4844654.0,152085.0,28
201700023205,17,8,30,445,5,2,1,1.0,6.0,28085,M,4844362.0,149623.0,28
201700023206,17,10,3,1020,1,2,6,1.0,7.0,28085,M,4845123.0,151329.0,28
201700023207,17,10,15,1900,1,1,1,1.0,3.0,28110,M,4841562.0,150277.0,28
201700023208,17,11,3,1315,1,2,2,1.0,3.0,28085,M,4844765.0,152622.0,28
201700023209,17,10,17,715,5,2,3,1.0,5.0,28085,M,4843973.0,150209.0,28
201700023210,17,11,14,1730,5,2,1,1.0,2.0,28218,M,4843582.0,145371.0,28
201700023211,17,11,16,1250,1,2,8,8.0,6.0,28085,M,4845181.0,148650.0,28
201700023212,17,11,18,2345,5,2,1,1.0,6.0,28085,M,4845311.0,148849.0,28
201700023213,17,11,29,1710,2,2,1,1.0,6.0,28085,M,4843822.0,151124.0,28
201700023214,17,11,8,1735,3,1,1,1.0,4.0,28110,M,4841614.0,147891.0,28
201700023215,17,12,9,1120,1,2,3,9.0,6.0,28085,M,4844144.0,149516.0,28
201700023216,17,12,9,1820,5,2,1,2.0,6.0,28229,M,4844812.0,146412.0,28
201700023217,17,1,15,930,1,1,1,4.0,7.0,42158,M,4603184.0,386625.0,42
201700023218,17,1,20,630,2,1,1,9.0,6.0,42253,M,4605057.0,400537.0,42
201700023219,17,1,29,1740,1,1,1,1.0,6.0,42233,M,4606944.0,391694.0,42
201700023220,17,2,18,1533,1,1,1,1.0,7.0,42231,M,4610780.0,396504.0,42
201700023221,17,5,15,2130,3,1,1,1.0,6.0,42049,M,4613805.0,389975.0,42
201700023222,17,6,11,1200,1,2,9,1.0,3.0,42182,M,4605155.0,392383.0,42
201700023223,17,6,17,1815,1,1,2,1.0,5.0,42198,M,4601177.0,395050.0,42
201700023224,17,6,16,1535,1,1,1,1.0,1.0,42284,M,4609467.0,397848.0,42
201700023225,17,6,28,1845,1,1,2,6.0,7.0,42198,M,4601191.0,395046.0,42
201700023226,17,6,29,730,2,1,1,2.0,7.0,42163,M,4619050.0,387317.0,42
201700023227,17,7,1,1925,1,1,3,8.0,1.0,42231,M,4609454.0,394156.0,42
201700023228,17,8,27,1,3,1,1,1.0,7.0,42049,M,4613063.0,389707.0,42
201700023229,17,9,13,925,1,2,1,1.0,6.0,42253,M,4604389.0,399831.0,42
201700023230,17,1,20,1740,1,1,1,1.0,2.0,28404,M,4871488.0,136745.0,28
201700023231,17,4,7,2145,3,1,1,1.0,3.0,28134,M,4874272.0,133684.0,28
201700023232,17,4,14,1450,1,2,1,1.0,2.0,28134,M,4874270.0,133676.0,28
201700023233,17,4,23,335,3,1,1,1.0,1.0,28404,M,4870049.0,137460.0,28
201700023234,17,4,28,2250,5,2,1,1.0,6.0,28134,M,4873324.0,135530.0,28
201700023235,17,5,17,1800,1,2,1,3.0,6.0,28134,M,4875034.0,135509.0,28
201700023236,17,7,4,1810,1,2,1,1.0,6.0,28404,M,4871673.0,136265.0,28
201700023237,17,5,18,2110,1,2,1,2.0,1.0,28404,M,4873721.0,138143.0,28
201700023238,17,5,26,1750,1,2,3,1.0,3.0,28134,M,4873728.0,138131.0,28
201700023239,17,6,13,1600,1,2,1,1.0,3.0,28134,M,4875521.0,133716.0,28
201700023240,17,6,14,1215,1,2,1,1.0,6.0,28134,M,4873668.0,138879.0,28
201700023241,17,7,28,1710,1,2,3,1.0,1.0,28404,M,4872886.0,132203.0,28
201700023242,17,8,2,40,5,2,1,1.0,6.0,28134,M,4874606.0,136533.0,28
201700023243,17,9,2,2340,3,1,1,1.0,7.0,28223,M,4872673.0,139956.0,28
201700023244,17,9,13,2045,5,2,6,3.0,6.0,28134,M,4873029.0,136684.0,28
201700023245,17,9,1,2130,1,2,9,1.0,6.0,28404,M,4873322.0,132896.0,28
201700023246,17,9,16,1720,1,2,1,1.0,6.0,28404,M,4872683.0,133213.0,28
201700023247,17,12,7,755,5,2,1,2.0,6.0,28134,M,4873967.0,134702.0,28
201700023248,17,2,19,215,3,1,1,1.0,3.0,71520,M,4673409.0,483557.0,71
201700023249,17,3,11,615,3,1,1,1.0,6.0,71520,M,,,71
201700023250,17,5,11,1805,1,1,1,3.0,6.0,71170,M,4692696.0,482029.0,71
201700023251,17,5,19,2040,1,1,1,1.0,2.0,71512,M,4663054.0,486067.0,71
201700023252,17,6,10,1520,1,1,1,1.0,6.0,71118,M,4678949.0,482053.0,71
201700023253,17,12,17,1545,1,1,1,8.0,6.0,71118,M,4678949.0,482053.0,71
201700023254,17,1,12,830,1,1,1,9.0,7.0,74026,M,4596808.0,605196.0,74
201700023255,17,1,17,750,2,2,6,1.0,6.0,74181,M,4593821.0,610473.0,74
201700023256,17,1,23,1845,5,2,6,1.0,3.0,74181,M,4593653.0,610298.0,74
201700023257,17,2,18,2130,3,1,1,1.0,6.0,74217,M,4594763.0,612073.0,74
201700023258,17,2,18,815,2,2,1,1.0,6.0,74182,M,4591761.0,609693.0,74
201700023259,17,3,2,1050,1,2,1,3.0,6.0,74182,M,4591560.0,609093.0,74
201700023260,17,4,8,1934,1,1,1,1.0,5.0,74257,M,4601018.0,599455.0,74
201700023261,17,4,22,2225,5,2,3,1.0,1.0,74182,M,4590906.0,609675.0,74
201700023262,17,7,6,820,1,2,6,1.0,3.0,74217,M,4593816.0,612651.0,74
201700023263,17,8,7,1705,1,2,3,1.0,3.0,74272,M,4594751.0,603854.0,74
201700023264,17,10,6,1410,1,1,1,1.0,3.0,74019,M,4593782.0,614541.0,74
201700023265,17,10,9,730,2,2,3,1.0,3.0,74272,M,4595025.0,601602.0,74
201700023266,17,10,9,1645,1,1,9,1.0,2.0,74179,M,4599161.0,601370.0,74
201700023267,17,12,11,1735,3,1,1,3.0,1.0,74257,M,4601018.0,599455.0,74
201700023268,17,1,8,200,3,1,1,5.0,6.0,14629,M,4901490.0,-80650.0,14
201700023269,17,2,3,2330,3,1,2,1.0,6.0,14629,M,4900550.0,-83605.0,14
201700023270,17,3,31,1450,1,1,1,1.0,6.0,14636,M,4902500.0,-83381.0,14
201700023271,17,4,8,935,1,1,1,1.0,1.0,14618,M,4891410.0,-90803.0,14
201700023272,17,5,21,1355,1,1,2,1.0,3.0,14096,M,4899111.0,-79756.0,14
201700023273,17,5,26,1515,1,1,4,1.0,7.0,14443,M,4894605.0,-70030.0,14
201700023274,17,8,4,745,1,1,1,1.0,4.0,14052,M,4890570.0,-83263.0,14
201700023275,17,8,10,830,1,1,1,2.0,1.0,14129,M,4896381.0,-93425.0,14
201700023276,17,11,24,2015,3,1,1,3.0,6.0,14532,M,4890408.0,-83452.0,14
201700023277,17,12,3,715,3,2,3,1.0,6.0,14027,M,4901405.0,-63994.0,14
201700023278,17,12,7,1620,2,1,1,2.0,1.0,14027,M,4902936.0,-64065.0,14
201700023279,17,12,24,1345,1,1,1,8.0,3.0,14129,M,4896374.0,-93420.0,14
201700023280,17,2,1,1430,1,1,1,6.0,6.0,22372,M,4852535.0,-286665.0,22
201700023281,17,2,25,2230,3,1,4,1.0,3.0,22223,M,4856455.0,-319551.0,22
201700023282,17,3,25,1735,1,1,1,6.0,2.0,22182,M,4853123.0,-294469.0,22
201700023283,17,4,17,2215,3,1,1,1.0,2.0,22182,M,4853061.0,-295562.0,22
201700023284,17,5,17,1745,1,1,1,8.0,2.0,22225,M,4854660.0,-309604.0,22
201700023285,17,6,20,2200,2,1,1,1.0,7.0,22164,M,4856899.0,-328016.0,22
201700023286,17,6,21,810,1,1,1,1.0,4.0,22182,M,4853134.0,-293117.0,22
201700023287,17,8,6,610,2,1,1,1.0,2.0,22135,M,4856523.0,-332680.0,22
201700023288,17,8,15,30,3,1,1,1.0,7.0,22034,M,4866387.0,-334394.0,22
201700023289,17,9,2,830,1,1,4,7.0,5.0,22206,M,4853002.0,-296524.0,22
201700023290,17,11,5,1220,1,1,1,4.0,3.0,22188,M,4852339.0,-287159.0,22
201700023291,17,11,5,1215,1,1,1,4.0,7.0,22372,M,4852443.0,-286840.0,22
201700023292,17,11,18,115,3,1,1,1.0,3.0,22182,M,4852863.0,-290500.0,22
201700023293,17,11,25,810,1,1,1,4.0,6.0,22304,M,4853622.0,-305311.0,22
201700023294,17,11,25,835,1,1,1,4.0,6.0,22304,M,4853559.0,-303823.0,22
201700023295,17,12,14,1745,3,1,1,4.0,6.0,22135,M,4855937.0,-334485.0,22
201700023296,17,2,24,2030,3,1,1,1.0,2.0,22044,M,4847564.0,-258036.0,22
201700023297,17,3,27,100,3,1,1,1.0,7.0,22044,M,4847698.0,-259950.0,22
201700023298,17,4,30,1220,1,1,1,8.0,6.0,22388,M,4843518.0,-214906.0,22
201700023299,17,6,6,815,1,1,1,1.0,4.0,22389,M,4848041.0,-265259.0,22
201700023300,17,7,14,1450,1,1,1,1.0,7.0,22337,M,4835397.0,-230708.0,22
201700023301,17,9,3,1800,1,1,1,8.0,2.0,22160,M,4844495.0,-247978.0,22
201700023302,17,9,26,820,1,1,1,1.0,2.0,22081,M,4848123.0,-263931.0,22
201700023303,17,9,29,1515,1,1,1,1.0,1.0,22389,M,4848070.0,-264876.0,22
201700023304,17,10,1,45,3,1,1,2.0,7.0,22213,M,4853656.0,-197587.0,22
201700023305,17,10,6,915,1,1,1,1.0,5.0,22081,M,4847990.0,-262796.0,22
201700023306,17,10,21,1710,1,1,1,1.0,6.0,22093,M,4845469.0,-249565.0,22
201700023307,17,10,20,800,2,1,1,8.0,3.0,22389,M,4847942.0,-267004.0,22
201700023308,17,11,25,950,1,1,1,4.0,4.0,22084,M,4841206.0,-236466.0,22
201700023309,17,12,17,710,3,1,1,1.0,6.0,22364,M,4844581.0,-210407.0,22
201700023310,17,12,27,1120,1,1,1,4.0,2.0,22337,M,4835504.0,-230959.0,22
201700023311,17,1,1,1530,1,1,1,1.0,3.0,29095,M,4846159.0,-435520.0,29
201700023312,17,1,4,2015,3,1,1,1.0,4.0,29181,M,4847941.0,-425308.0,29
201700023313,17,1,9,1410,1,1,1,2.0,6.0,29068,M,4853145.0,-400232.0,29
201700023314,17,1,25,1230,1,1,1,1.0,2.0,29199,M,4857615.0,-370620.0,29
201700023315,17,2,10,200,3,1,1,1.0,6.0,29264,M,4850260.0,-415815.0,29
201700023316,17,3,14,1030,1,1,1,1.0,6.0,29264,M,4850119.0,-416485.0,29
201700023317,17,3,29,1400,1,1,1,1.0,6.0,29264,M,4850203.0,-416725.0,29
201700023318,17,4,3,1530,1,1,9,1.0,1.0,29265,M,4855609.0,-387365.0,29
201700023319,17,4,5,1830,1,1,1,1.0,4.0,29075,M,4844027.0,-441376.0,29
201700023320,17,4,5,1905,2,1,1,1.0,5.0,29075,M,4843367.0,-444272.0,29
201700023321,17,4,7,750,2,1,1,1.0,6.0,29095,M,4845590.0,-436921.0,29
201700023322,17,4,25,1325,1,1,1,1.0,6.0,29183,M,4856801.0,-358901.0,29
201700023323,17,5,28,2100,2,1,1,1.0,6.0,29075,M,4844702.0,-439355.0,29
201700023324,17,6,19,825,1,1,1,1.0,2.0,29075,M,4844181.0,-440801.0,29
201700023325,17,7,11,1500,1,1,1,3.0,4.0,29075,M,4844181.0,-440801.0,29
201700023326,17,7,30,1815,1,1,1,1.0,6.0,29075,M,4843845.0,-442021.0,29
201700023327,17,9,30,2053,3,1,1,2.0,2.0,29075,M,4843355.0,-444249.0,29
201700023328,17,10,3,1804,1,1,1,1.0,5.0,29075,M,4844181.0,-440801.0,29
201700023329,17,10,26,800,2,1,1,1.0,2.0,29204,M,4850180.0,-417002.0,29
201700023330,17,11,7,1830,3,1,1,2.0,6.0,29075,M,4845163.0,-438051.0,29
201700023331,17,11,9,1835,3,1,1,2.0,4.0,29010,M,4850746.0,-410615.0,29
201700023332,17,12,3,1000,1,1,1,9.0,5.0,29075,M,4843342.0,-444691.0,29
201700023333,17,12,12,1805,3,1,1,1.0,6.0,29105,M,4852096.0,-404171.0,29
201700023334,17,12,12,1805,3,1,1,1.0,5.0,29105,M,4851830.0,-406205.0,29
201700023335,17,1,19,2000,1,1,1,1.0,6.0,29053,M,4830027.0,-417664.0,29
201700023336,17,9,17,1430,1,1,1,1.0,6.0,29020,M,4805833.0,-405469.0,29
201700023337,17,12,9,1330,1,1,1,2.0,6.0,29302,M,4826259.0,-411336.0,29
201700023338,17,12,19,1740,2,2,1,1.0,6.0,29042,M,4824498.0,-448859.0,29
201700023339,17,1,14,1510,1,1,1,1.0,4.0,35206,M,4807246.0,-167597.0,35
201700023340,17,1,28,1615,1,1,1,4.0,6.0,35124,M,4775250.0,-171516.0,35
201700023341,17,2,7,1000,1,2,6,1.0,3.0,35066,M,4804826.0,-170888.0,35
201700023342,17,3,6,1515,1,1,1,1.0,4.0,35066,M,4804600.0,-168399.0,35
201700023343,17,3,20,1910,2,1,1,2.0,6.0,35033,M,4792137.0,-167603.0,35
201700023344,17,3,30,50,3,1,1,1.0,7.0,35231,M,4790743.0,-168388.0,35
201700023345,17,4,25,930,1,1,1,1.0,4.0,35206,M,4807565.0,-167535.0,35
201700023346,17,6,16,1330,1,1,1,1.0,6.0,35221,M,4786696.0,-169103.0,35
201700023347,17,6,26,1845,1,1,1,1.0,2.0,35139,M,4794170.0,-167611.0,35
201700023348,17,7,10,1405,1,1,1,1.0,5.0,35139,M,4796760.0,-171065.0,35
201700023349,17,7,23,2030,1,1,1,2.0,3.0,35231,M,4788673.0,-169037.0,35
201700023350,17,8,6,1505,1,1,1,1.0,6.0,35363,M,4801130.0,-169177.0,35
201700023351,17,9,1,1920,1,1,1,1.0,3.0,35139,M,4797864.0,-169537.0,35
201700023352,17,9,18,1247,1,1,1,1.0,2.0,35206,M,4803723.0,-168703.0,35
201700023353,17,11,6,715,2,1,1,1.0,2.0,35012,M,4781708.0,-168928.0,35
201700023354,17,11,12,645,3,1,1,1.0,6.0,35139,M,4794673.0,-167728.0,35
201700023355,17,3,27,720,2,1,1,1.0,2.0,35310,M,4837050.0,-130353.0,35
201700023356,17,8,25,2210,3,1,1,1.0,2.0,35152,M,4818477.0,-155206.0,35
201700023357,17,10,23,715,3,1,1,2.0,6.0,35334,M,4815763.0,-159751.0,35
201700023358,17,2,9,30,3,1,1,2.0,1.0,01419,M,4625249.0,594388.0,01
201700023359,17,2,24,1505,1,2,1,8.0,6.0,01135,M,4628981.0,601586.0,01
201700023360,17,2,27,1750,1,2,3,1.0,3.0,01354,M,4626181.0,602996.0,01
201700023361,17,3,16,2040,5,2,2,1.0,3.0,01078,M,4617959.0,598349.0,01
201700023362,17,4,30,1200,1,1,1,1.0,6.0,01078,M,4618551.0,596660.0,01
201700023363,17,5,1,315,3,1,1,3.0,7.0,01288,M,4618185.0,592898.0,01
201700023364,17,5,26,803,1,1,3,1.0,6.0,01354,M,4624828.0,604160.0,01
201700023365,17,5,26,1655,1,1,1,1.0,1.0,01354,M,4625484.0,604122.0,01
201700023366,17,7,15,2030,2,2,1,1.0,3.0,01354,M,4626474.0,603129.0,01
201700023367,17,7,12,1910,1,2,1,1.0,2.0,01354,M,4624526.0,602339.0,01
201700023368,17,7,27,1725,1,1,3,1.0,3.0,01419,M,4624127.0,599921.0,01
201700023369,17,9,8,1610,1,1,4,1.0,3.0,01109,M,4614240.0,590407.0,01
201700023370,17,9,17,1749,1,1,1,2.0,1.0,01209,M,4610309.0,587460.0,01
201700023371,17,9,16,955,1,1,1,1.0,1.0,01209,M,4612230.0,589611.0,01
201700023372,17,10,5,1730,1,2,1,1.0,6.0,01401,M,4624520.0,601658.0,01
201700023373,17,10,16,1525,1,1,3,7.0,1.0,01313,M,4624809.0,606833.0,01
201700023374,17,11,21,1518,1,1,1,1.0,3.0,01209,M,4610622.0,587712.0,01
201700023375,17,11,24,1200,1,2,1,7.0,1.0,01354,M,4624171.0,603086.0,01
201700023376,17,12,8,750,2,2,1,3.0,6.0,01354,M,4624445.0,602136.0,01
201700023377,17,3,26,1745,1,1,1,1.0,5.0,54212,M,4950575.0,567528.0,54
201700023378,17,4,26,2100,3,1,1,1.0,1.0,54314,M,4949589.0,573748.0,54
201700023379,17,5,3,330,3,1,1,2.0,6.0,54172,M,4944712.0,570138.0,54
201700023380,17,6,9,2010,1,1,1,1.0,6.0,54067,M,4943545.0,569391.0,54
201700023381,17,6,11,1120,1,1,1,1.0,7.0,54067,M,4943540.0,565894.0,54
201700023382,17,7,12,415,3,1,1,2.0,7.0,54067,M,4942493.0,567603.0,54
201700023383,17,7,19,1600,1,1,1,1.0,6.0,54574,M,4950563.0,569362.0,54
201700023384,17,7,18,755,1,1,1,1.0,6.0,54067,M,4944833.0,570212.0,54
201700023385,17,10,24,2115,5,2,1,2.0,6.0,54322,M,4944735.0,559930.0,54
201700023386,17,11,11,1700,3,1,1,2.0,5.0,54212,M,4950734.0,565972.0,54
201700023387,17,11,14,1720,5,1,1,8.0,1.0,54314,M,4950309.0,572997.0,54
201700023388,17,1,13,1610,1,1,1,1.0,2.0,67425,M,4876713.0,738089.0,67
201700023389,17,2,23,1445,1,1,6,6.0,3.0,67302,M,4875062.0,738560.0,67
201700023390,17,6,23,1615,1,1,1,1.0,3.0,67089,M,4876076.0,745420.0,67
201700023391,17,8,27,1855,1,2,1,1.0,1.0,67006,M,4872056.0,746963.0,67
201700023392,17,10,16,1615,1,2,1,1.0,6.0,67437,M,4873385.0,736641.0,67
201700023393,17,10,17,830,1,2,1,1.0,6.0,67437,M,4874185.0,735991.0,67
201700023394,17,10,21,1210,1,2,1,1.0,3.0,67117,M,4876776.0,735733.0,67
201700023395,17,12,7,1545,1,2,1,1.0,6.0,67437,M,4873899.0,736393.0,67
201700023396,17,3,18,345,3,1,1,1.0,7.0,83048,M,4319730.0,656420.0,83
201700023397,17,4,14,1345,1,2,1,1.0,3.0,83048,M,4319520.0,656978.0,83
201700023398,17,5,22,2015,2,2,1,1.0,1.0,83048,M,4321146.0,657424.0,83
201700023399,17,6,25,1220,1,1,1,1.0,1.0,83036,M,4316255.0,650436.0,83
201700023400,17,7,20,1705,1,2,1,1.0,3.0,83048,M,4318762.0,659078.0,83
201700023401,17,8,16,730,1,2,1,1.0,4.0,83036,M,4318489.0,654439.0,83
201700023402,17,9,19,925,1,2,1,1.0,6.0,83048,M,4320634.0,656819.0,83
201700023403,17,10,22,1030,1,1,1,1.0,2.0,83048,M,4319651.0,655070.0,83
201700023404,17,1,6,1520,1,2,1,7.0,6.0,67548,M,4864240.0,760140.0,67
201700023405,17,6,26,540,1,1,1,7.0,3.0,67485,M,4862660.0,762729.0,67
201700023406,17,9,22,2000,3,1,1,1.0,3.0,67214,M,4861865.0,760199.0,67
201700023407,17,9,30,1945,5,2,1,1.0,3.0,67058,M,4878157.0,755988.0,67
201700023408,17,10,6,1608,1,2,1,1.0,1.0,67530,M,4877484.0,755174.0,67
201700023409,17,1,27,1645,1,2,2,1.0,7.0,35176,M,4782398.0,-180639.0,35
201700023410,17,3,31,1545,1,1,1,1.0,6.0,35268,M,4776147.0,-189668.0,35
201700023411,17,3,28,1100,1,2,1,1.0,6.0,35175,M,4789787.0,-196839.0,35
201700023412,17,5,13,1800,1,1,1,1.0,1.0,35151,M,4785958.0,-195465.0,35
201700023413,17,5,20,1425,1,2,1,2.0,7.0,35035,M,4794629.0,-197760.0,35
201700023414,17,7,22,1145,1,1,1,1.0,1.0,35057,M,4794647.0,-190730.0,35
201700023415,17,8,9,1145,1,1,1,1.0,6.0,35168,M,4791049.0,-206954.0,35
201700023416,17,8,16,1955,1,1,1,1.0,3.0,35175,M,4788912.0,-197542.0,35
201700023417,17,9,1,400,3,1,3,1.0,7.0,35151,M,4786187.0,-196243.0,35
201700023418,17,10,30,1245,1,1,1,1.0,6.0,35311,M,4785856.0,-200206.0,35
201700023419,17,11,17,1230,1,2,1,1.0,6.0,35289,M,4787528.0,-178785.0,35
201700023420,17,12,4,1800,3,2,1,1.0,1.0,35328,M,4777241.0,-208781.0,35
201700023421,17,12,22,1830,3,1,1,2.0,5.0,35219,M,4782067.0,-190771.0,35
201700023422,17,2,1,1055,1,1,1,2.0,6.0,35239,M,4789159.0,-130680.0,35
201700023423,17,2,1,2350,3,2,1,1.0,6.0,35359,M,4795781.0,-130331.0,35
201700023424,17,4,24,1905,1,1,3,1.0,3.0,35235,M,4790556.0,-118834.0,35
201700023425,17,9,11,1957,1,1,1,1.0,1.0,35235,M,4792553.0,-121448.0,35
201700023426,17,10,18,2040,3,1,3,1.0,5.0,35167,M,4781223.0,-129016.0,35
201700023427,17,10,26,555,5,2,6,5.0,3.0,35125,M,4795130.0,-122534.0,35
201700023428,17,12,11,800,5,2,1,2.0,2.0,35239,M,4791456.0,-137757.0,35
201700023429,17,12,14,730,3,1,1,1.0,1.0,35200,M,4796276.0,-120970.0,35
201700023430,17,12,26,1315,1,1,1,3.0,2.0,35125,M,4795399.0,-121755.0,35
201700023431,17,2,9,430,5,2,5,1.0,3.0,86294,M,4664658.0,17061.0,86
201700023432,17,7,24,339,3,1,1,2.0,6.0,86188,M,4635556.0,19276.0,86
201700023433,17,1,19,1550,1,1,1,1.0,1.0,62491,M,5060018.0,278628.0,62
201700023434,17,1,25,1745,3,1,1,1.0,3.0,62491,M,5058338.0,276913.0,62
201700023435,17,3,16,825,1,1,3,1.0,3.0,62338,M,5063029.0,281186.0,62
201700023436,17,4,15,1600,1,1,1,1.0,7.0,62502,M,5062049.0,266441.0,62
201700023437,17,4,16,1130,1,2,1,1.0,6.0,62520,M,5057057.0,266604.0,62
201700023438,17,4,30,1200,1,2,1,1.0,2.0,62252,M,5056130.0,271564.0,62
201700023439,17,5,17,2315,5,2,1,2.0,6.0,62706,M,5056926.0,276133.0,62
201700023440,17,6,21,2130,2,1,1,1.0,1.0,62502,M,5050575.0,266738.0,62
201700023441,17,6,29,1735,1,1,2,7.0,3.0,62529,M,5056611.0,278233.0,62
201700023442,17,7,1,1800,1,1,1,1.0,6.0,62736,M,5064157.0,278882.0,62
201700023443,17,11,11,230,5,2,1,1.0,6.0,62252,M,5058538.0,268043.0,62
201700023444,17,12,1,1330,1,2,1,7.0,1.0,62338,M,5064786.0,284312.0,62
201700023445,17,2,18,1720,1,1,1,1.0,2.0,21362,M,4722581.0,458955.0,21
201700023446,17,2,23,850,1,1,1,1.0,2.0,21128,M,4727334.0,451256.0,21
201700023447,17,2,25,615,3,1,1,9.0,7.0,21033,M,4729219.0,464487.0,21
201700023448,17,4,12,1545,1,1,1,1.0,6.0,21676,M,4745969.0,425370.0,21
201700023449,17,4,24,1925,1,1,1,1.0,7.0,21002,M,4730268.0,476605.0,21
201700023450,17,5,10,1440,1,1,4,1.0,5.0,21485,M,4733756.0,496670.0,21