Num_Acc,an,mois,jour,hrmn,lum,agg,int,atm,col,com,gps,lat,long,dep
201700023451,17,7,31,1745,1,1,1,1.0,2.0,21485,M,4733834.0,495118.0,21
201700023452,17,9,8,1157,1,1,1,1.0,3.0,21630,M,4726178.0,452190.0,21
201700023453,17,11,10,1500,1,1,1,3.0,2.0,21611,M,4730526.0,472572.0,21
201700023454,17,12,12,1650,1,1,1,1.0,2.0,21282,M,4747241.0,422104.0,21
201700023455,17,12,20,1630,1,1,1,2.0,6.0,21244,M,4730837.0,450168.0,21
201700023456,17,12,28,2010,3,1,1,2.0,2.0,21630,M,4725946.0,452726.0,21
201700023457,17,8,12,1750,1,1,6,1.0,6.0,21617,M,4734620.0,499690.0,21
201700023458,17,1,9,945,1,1,1,2.0,6.0,86233,M,4651578.0,63363.0,86
201700023459,17,3,13,620,2,1,1,1.0,1.0,86031,M,4658798.0,61830.0,86
201700023460,17,4,2,2300,3,1,1,1.0,6.0,86031,M,4660054.0,60959.0,86
201700023461,17,4,15,1025,1,1,1,1.0,7.0,86070,M,4655411.0,67849.0,86
201700023462,17,4,29,1215,1,1,1,1.0,7.0,86070,M,4654152.0,67392.0,86
201700023463,17,7,12,800,1,2,2,1.0,3.0,86070,M,4656922.0,63940.0,86
201700023464,17,9,15,500,3,1,1,1.0,7.0,86256,M,4654170.0,44249.0,86
201700023465,17,9,23,1020,1,1,1,1.0,3.0,86070,M,4651690.0,69568.0,86
201700023466,17,10,6,1110,1,1,3,1.0,5.0,86239,M,4663500.0,70100.0,86
201700023467,17,10,13,1615,1,1,1,1.0,4.0,86070,M,4654434.0,67732.0,86
201700023468,17,10,19,1750,1,1,1,1.0,7.0,86233,M,4645867.0,66855.0,86
201700023469,17,12,10,1810,3,1,1,3.0,1.0,86261,M,4658343.0,44239.0,86
201700023470,17,3,11,945,1,2,1,1.0,6.0,86165,M,4643085.0,88471.0,86
201700023471,17,8,6,1710,1,2,6,1.0,6.0,86165,M,4643407.0,88078.0,86
201700023472,17,11,12,1215,1,1,1,2.0,7.0,86165,M,4643351.0,85980.0,86
201700023473,17,1,25,1805,3,2,1,9.0,6.0,01103,M,4628083.0,605508.0,01
201700023474,17,2,9,2025,3,1,1,9.0,7.0,01143,M,4635044.0,613150.0,01
201700023475,17,2,28,1530,1,2,1,1.0,1.0,01399,M,4629532.0,607644.0,01
201700023476,17,3,21,650,1,1,1,1.0,3.0,01173,M,4634072.0,608534.0,01
201700023477,17,5,4,340,5,1,1,1.0,6.0,01071,M,4630520.0,606617.0,01
201700023478,17,5,26,2155,3,1,1,1.0,6.0,01436,M,4634415.0,609560.0,01
201700023479,17,8,8,2340,3,1,1,8.0,3.0,01071,M,4630668.0,606628.0,01
201700023480,17,8,30,20,3,2,1,1.0,2.0,01173,M,4633838.0,607540.0,01
201700023481,17,9,3,1630,1,1,1,1.0,1.0,01173,M,4635386.0,605424.0,01
201700023482,17,10,2,2230,3,1,9,2.0,1.0,01436,M,4634283.0,609272.0,01
201700023483,17,2,23,740,1,1,1,1.0,6.0,12033,M,4446660.0,274172.0,12
201700023484,17,4,9,2100,3,1,1,1.0,6.0,12061,M,4451600.0,285056.0,12
201700023485,17,6,18,1805,1,1,1,1.0,1.0,12172,M,4460040.0,261249.0,12
201700023486,17,7,1,400,3,1,1,1.0,6.0,12033,M,,,12
201700023487,17,8,30,1815,1,1,3,1.0,3.0,12096,M,4451370.0,275253.0,12
201700023488,17,12,9,2200,3,1,1,1.0,7.0,12201,M,4452530.0,258192.0,12
201700023489,17,12,26,2100,5,2,1,1.0,6.0,12033,M,,,12
201700023490,17,3,21,855,1,1,2,2.0,3.0,12197,M,4407860.0,258851.0,12
201700023491,17,4,13,1545,1,1,1,1.0,7.0,12011,M,4417110.0,262458.0,12
201700023492,17,5,19,710,1,1,1,3.0,3.0,12057,M,4420660.0,253203.0,12
201700023493,17,6,12,830,1,1,1,8.0,6.0,12255,M,4417560.0,259188.0,12
201700023494,17,6,11,1550,1,1,1,7.0,6.0,12073,M,4421620.0,253840.0,12
201700023495,17,6,23,1820,1,1,1,1.0,1.0,12194,M,4425480.0,241444.0,12
201700023496,17,10,11,1540,1,1,1,7.0,1.0,12207,M,,,12
201700023497,17,10,30,900,1,1,1,7.0,1.0,12197,M,4407890.0,260932.0,12
201700023498,17,11,3,1600,1,1,1,1.0,6.0,12230,M,4403940.0,251469.0,12
201700023499,17,11,3,1730,2,1,1,1.0,7.0,12197,M,4400160.0,251981.0,12
201700023500,17,1,3,1155,1,1,1,5.0,7.0,64301,M,4335700.0,-67446.0,64
201700023501,17,2,7,815,2,2,1,1.0,2.0,64300,M,4341447.0,-62512.0,64
201700023502,17,3,16,1150,1,2,1,1.0,7.0,64410,M,4338184.0,-59516.0,64
201700023503,17,4,29,2300,3,1,1,1.0,1.0,64301,M,4336475.0,-63742.0,64
201700023504,17,5,2,850,1,2,1,2.0,6.0,64410,M,4337041.0,-62513.0,64
201700023505,17,6,15,1800,1,1,3,8.0,1.0,64172,M,4350893.0,-55603.0,64
201700023506,17,10,26,1251,1,1,1,1.0,6.0,64382,M,4348338.0,-65302.0,64
201700023507,17,10,30,1315,1,1,3,1.0,6.0,64548,M,4345482.0,-50168.0,64
201700023508,17,11,20,1640,1,1,1,1.0,7.0,64061,M,4339196.0,-57930.0,64
201700023509,17,12,15,2045,5,1,3,1.0,3.0,64431,M,4338967.0,-60999.0,64
201700023510,17,1,6,1630,1,1,1,8.0,6.0,68253,M,4778867.0,751948.0,68
201700023511,17,1,9,1930,3,1,3,1.0,3.0,68238,M,4770869.0,751204.0,68
201700023512,17,1,12,1317,1,1,3,1.0,3.0,68300,M,4779328.0,738816.0,68
201700023513,17,1,17,2110,5,1,2,1.0,3.0,68300,M,4777835.0,743727.0,68
201700023514,17,1,31,1950,3,1,1,5.0,3.0,68015,M,4779398.0,738681.0,68
201700023515,17,2,4,1630,1,2,9,3.0,6.0,68154,M,4777107.0,738376.0,68
201700023516,17,2,7,1200,1,2,1,1.0,6.0,68300,M,4777659.0,736689.0,68
201700023517,17,2,15,2115,3,1,4,1.0,1.0,68300,M,4779337.0,738687.0,68
201700023518,17,2,25,1110,1,1,2,1.0,3.0,68253,M,4777525.0,751696.0,68
201700023519,17,3,29,1630,1,1,3,1.0,3.0,68064,M,4784831.0,755355.0,68
201700023520,17,3,30,230,3,1,1,1.0,6.0,68300,M,4778037.0,741922.0,68
201700023521,17,3,30,1130,1,2,1,1.0,3.0,68020,M,4782461.0,751539.0,68
201700023522,17,5,24,1645,1,1,2,1.0,3.0,68154,M,4777416.0,738015.0,68
201700023523,17,7,15,755,1,1,1,1.0,1.0,68144,M,4776734.0,749908.0,68
201700023524,17,9,20,1815,1,2,1,1.0,6.0,68022,M,4782098.0,738230.0,68
201700023525,17,9,26,645,2,1,4,1.0,7.0,68300,M,4778808.0,741864.0,68
201700023526,17,10,5,1845,2,2,6,1.0,2.0,68064,M,4781688.0,754171.0,68
201700023527,17,10,15,1615,1,2,3,7.0,3.0,68253,M,4778329.0,751505.0,68
201700023528,17,12,9,1915,5,2,6,1.0,6.0,68064,M,4781621.0,753952.0,68
201700023529,17,1,11,700,3,1,1,8.0,1.0,01322,M,4593886.0,483550.0,01
201700023530,17,2,17,1150,1,2,1,7.0,3.0,01322,M,4556222.0,447577.0,01
201700023531,17,3,17,2025,5,1,1,1.0,3.0,01322,M,4592990.0,480600.0,01
201700023532,17,3,30,815,1,2,1,1.0,2.0,01398,M,4600071.0,484920.0,01
201700023533,17,4,8,1020,1,1,1,1.0,3.0,01194,M,4599038.0,475621.0,01
201700023534,17,4,16,740,1,1,1,1.0,1.0,01446,M,4602473.0,484002.0,01
201700023535,17,4,18,1520,1,2,1,7.0,6.0,01353,M,4596843.0,480204.0,01
201700023536,17,6,5,1625,1,1,1,1.0,3.0,01194,M,4595788.0,475538.0,01
201700023537,17,6,21,820,1,1,1,1.0,1.0,01021,M,4600191.0,481419.0,01
201700023538,17,6,20,1430,1,1,6,1.0,3.0,01446,M,4600489.0,481767.0,01
201700023539,17,7,2,1320,1,1,1,1.0,3.0,01030,M,4599637.0,475712.0,01
201700023540,17,7,9,1610,1,1,1,2.0,1.0,01322,M,4593847.0,485421.0,01
201700023541,17,7,3,1800,1,1,1,1.0,3.0,01322,M,4594275.0,482931.0,01
201700023542,17,9,15,730,1,1,2,1.0,3.0,01427,M,4594520.0,479052.0,01
201700023543,17,9,6,745,1,1,1,2.0,3.0,01075,M,4602748.0,479628.0,01
201700023544,17,9,29,745,1,1,1,1.0,1.0,01353,M,4598284.0,478994.0,01
201700023545,17,10,3,2015,3,1,1,1.0,1.0,01347,M,4595655.0,477783.0,01
201700023546,17,11,17,1220,1,2,1,1.0,6.0,01427,M,4594041.0,477072.0,01
201700023547,17,11,25,1010,1,2,3,2.0,6.0,01194,M,4598377.0,475428.0,01
201700023548,17,11,7,1350,1,2,3,1.0,3.0,01339,M,4594492.0,473657.0,01
201700023549,17,12,22,1020,1,2,9,2.0,6.0,01238,M,4590853.0,483309.0,01
201700023550,17,2,12,1815,3,1,1,1.0,1.0,28158,M,4840888.0,146035.0,28
201700023551,17,2,17,1600,1,1,1,1.0,3.0,28358,M,4851765.0,152224.0,28
201700023552,17,2,22,2035,3,1,1,1.0,6.0,28278,M,4844927.0,160585.0,28
201700023553,17,2,26,2218,5,1,6,1.0,6.0,28158,M,4841301.0,142883.0,28
201700023554,17,3,24,2300,3,1,1,1.0,2.0,28173,M,4847390.0,156112.0,28
201700023555,17,4,3,842,1,1,1,1.0,7.0,28177,M,4842627.0,155473.0,28
201700023556,17,5,7,1445,1,1,1,1.0,1.0,28158,M,4840595.0,140468.0,28
201700023557,17,6,13,1531,1,1,2,1.0,3.0,28048,M,4829899.0,142299.0,28
201700023558,17,6,21,1400,1,1,1,1.0,1.0,28173,M,4848184.0,157484.0,28
201700023559,17,6,27,1627,1,1,1,2.0,7.0,28035,M,4834667.0,162763.0,28
201700023560,17,8,26,845,1,1,2,5.0,3.0,28358,M,4849495.0,149594.0,28
201700023561,17,9,2,327,4,2,1,1.0,6.0,28358,M,4849755.0,153472.0,28
201700023562,17,10,3,1545,1,1,1,1.0,7.0,28022,M,4848102.0,140191.0,28
201700023563,17,12,19,1020,1,2,1,5.0,6.0,28269,M,4841196.0,148939.0,28
201700023564,17,12,20,1436,1,2,2,2.0,6.0,28278,M,4845122.0,157784.0,28
201700023565,17,12,28,1142,1,2,2,4.0,3.0,29019,M,4840722.0,-449342.0,29
201700023566,17,12,21,1310,1,2,1,2.0,6.0,29019,M,4837977.0,-452687.0,29
201700023567,17,1,6,1725,1,2,2,1.0,3.0,29019,M,4840980.0,-451480.0,29
201700023568,17,12,15,1834,2,2,6,3.0,2.0,29019,M,4838660.0,-447130.0,29
201700023569,17,1,11,2055,5,2,1,1.0,6.0,29019,M,4841302.0,450163.0,29
201700023570,17,1,3,1130,1,2,1,1.0,6.0,29019,M,4840411.0,-450775.0,29
201700023571,17,12,5,1915,5,2,1,2.0,5.0,29019,M,4838463.0,-448337.0,29
201700023572,17,1,13,1025,1,2,3,1.0,6.0,29019,M,4839954.0,-444352.0,29
201700023573,17,12,18,836,5,2,1,2.0,3.0,29019,M,4841233.0,446832.0,29
201700023574,17,12,17,150,5,2,2,1.0,1.0,29019,M,4838313.0,-450917.0,29
201700023575,17,1,10,755,4,2,2,1.0,1.0,29019,M,4838210.0,-452370.0,29
201700023576,17,12,29,2239,5,2,3,3.0,3.0,29019,M,4841375.0,-448255.0,29
201700023577,17,1,15,2145,5,2,1,2.0,1.0,29019,M,4840766.0,-451096.0,29
201700023578,17,12,18,1325,1,2,2,1.0,3.0,29019,M,4841610.0,-446800.0,29
201700023579,17,1,16,820,2,2,3,1.0,3.0,29019,M,4838415.0,-450248.0,29
201700023580,17,12,22,1509,1,2,6,1.0,6.0,29019,M,4839755.0,-448906.0,29
201700023581,17,1,14,1535,1,2,1,2.0,1.0,29019,M,4841452.0,-446837.0,29
201700023582,17,1,18,1605,1,2,1,4.0,6.0,29019,M,4837945.0,-453461.0,29
201700023583,17,1,6,815,5,2,1,1.0,6.0,29019,M,4839972.0,-450022.0,29
201700023584,17,12,20,811,5,2,2,1.0,3.0,29019,M,4841433.0,-448022.0,29
201700023585,17,1,17,1805,5,2,3,1.0,1.0,29019,M,4840485.0,447488.0,29
201700023586,17,1,20,800,5,2,1,1.0,6.0,29019,M,4840257.0,-449849.0,29
201700023587,17,2,3,720,3,2,1,3.0,6.0,29019,M,4838264.0,-450854.0,29
201700023588,17,12,27,20,5,2,1,1.0,6.0,29019,M,4839350.0,-448420.0,29
201700023589,17,2,3,815,2,2,1,1.0,6.0,29019,M,4840691.0,-449526.0,29
201700023590,17,1,3,910,1,2,2,1.0,1.0,29019,M,4840474.0,-447713.0,29
201700023591,17,2,6,1810,4,2,3,3.0,3.0,29019,M,4838494.0,-447917.0,29
201700023592,17,12,15,1500,1,2,1,9.0,2.0,29019,M,4841913.0,-446909.0,29
201700023593,17,2,10,1710,1,2,1,1.0,3.0,29019,M,4837470.0,-455760.0,29
201700023594,17,2,13,1720,1,2,3,1.0,6.0,29019,M,4838295.0,-453765.0,29
201700023595,17,2,11,1115,1,2,6,1.0,6.0,29019,M,4839149.0,-448039.0,29
201700023596,17,12,18,1130,1,2,1,1.0,6.0,29019,M,4840610.0,-449659.0,29
201700023597,17,2,21,2340,5,2,3,1.0,3.0,29019,M,4841005.0,-449086.0,29
201700023598,17,2,16,1830,1,2,1,1.0,3.0,29019,M,4840485.0,-449529.0,29
201700023599,17,1,16,1000,1,2,1,1.0,6.0,29019,M,4838418.0,-450163.0,29
201700023600,17,2,19,1940,4,2,6,2.0,6.0,29019,M,4840485.0,-449529.0,29
201700023601,17,2,23,1715,1,2,1,1.0,3.0,29019,M,4841078.0,-451295.0,29
201700023602,17,2,27,810,1,2,2,3.0,3.0,29019,M,4837880.0,-452692.0,29
201700023603,17,2,28,1310,1,2,4,1.0,3.0,29019,M,4841087.0,-445693.0,29
201700023604,17,2,27,1910,1,2,2,1.0,3.0,29019,M,4840390.0,-448990.0,29
201700023605,17,3,4,1150,1,2,2,1.0,3.0,29019,M,4840465.0,-450970.0,29
201700023606,17,2,23,2000,5,2,2,1.0,2.0,29019,M,4839810.0,-446512.0,29
201700023607,17,3,2,805,1,2,3,1.0,1.0,29019,M,4840568.0,-447877.0,29
201700023608,17,2,27,1940,4,2,6,1.0,3.0,29019,M,4840950.0,-448313.0,29
201700023609,17,3,7,1235,1,2,3,2.0,3.0,29019,M,4840255.0,-446244.0,29
201700023610,17,3,13,1820,1,2,6,1.0,1.0,29019,M,4839529.0,-453827.0,29
201700023611,17,3,11,1100,1,2,1,1.0,2.0,29019,M,4841426.0,-447876.0,29
201700023612,17,3,14,1650,1,2,1,1.0,3.0,29019,M,4840771.0,-447174.0,29
201700023613,17,3,17,135,3,2,1,1.0,7.0,29019,M,4839508.0,-453912.0,29
201700023614,17,2,10,750,1,2,1,1.0,6.0,29019,M,4840476.0,-447727.0,29
201700023615,17,3,21,1720,1,2,1,1.0,4.0,29019,M,4839831.0,-448832.0,29
201700023616,17,3,27,1215,1,2,2,1.0,6.0,29019,M,4841691.0,-448684.0,29
201700023617,17,3,31,1830,1,2,1,2.0,3.0,29019,M,4840861.0,-446852.0,29
201700023618,17,2,21,1150,1,2,2,1.0,1.0,29019,M,4840386.0,-447485.0,29
201700023619,17,2,28,900,1,2,4,1.0,1.0,29019,M,4839221.0,-446916.0,29
201700023620,17,3,8,1835,1,2,3,1.0,3.0,29019,M,4838325.0,-453233.0,29
201700023621,17,4,5,720,1,2,1,1.0,6.0,29019,M,4843042.0,-447315.0,29
201700023622,17,4,1,1345,1,2,1,2.0,3.0,29019,M,4838870.0,-443770.0,29
201700023623,17,3,29,1320,1,2,3,1.0,6.0,29019,M,4839643.0,-444345.0,29
201700023624,17,4,4,1645,1,2,2,1.0,6.0,29019,M,4841434.0,-449573.0,29
201700023625,17,4,12,1433,1,2,2,1.0,3.0,29019,M,4839638.0,-446840.0,29
201700023626,17,4,15,1705,1,2,6,1.0,3.0,29019,M,4840350.0,-447099.0,29
201700023627,17,4,8,2345,5,2,2,1.0,3.0,29019,M,4838831.0,-451560.0,29
201700023628,17,4,20,1710,1,2,1,1.0,6.0,29019,M,4839655.0,-448879.0,29
201700023629,17,3,31,2320,5,2,2,3.0,2.0,29019,M,4839141.0,-448850.0,29
201700023630,17,4,7,110,5,2,1,1.0,6.0,29019,M,4840494.0,-449536.0,29
201700023631,17,4,5,1415,1,2,1,1.0,3.0,29019,M,4841495.0,-447246.0,29
201700023632,17,4,26,1244,1,2,3,1.0,6.0,29019,M,4842761.0,-447654.0,29
201700023633,17,3,24,810,1,2,4,7.0,3.0,29019,M,4838866.0,-451691.0,29
201700023634,17,4,5,930,1,2,2,1.0,3.0,29019,M,4841640.0,-446280.0,29
201700023635,17,5,7,1500,1,2,1,1.0,2.0,29019,M,4840221.0,-446252.0,29
201700023636,17,5,9,1740,1,2,3,1.0,2.0,29019,M,4840235.0,-446411.0,29
201700023637,17,4,4,1420,1,2,1,1.0,6.0,29019,M,4838956.0,-448315.0,29
201700023638,17,4,7,1730,1,1,1,1.0,6.0,29019,M,4840376.0,-446537.0,29
201700023639,17,5,16,1640,1,2,1,1.0,6.0,29019,M,4838602.0,-453300.0,29
201700023640,17,5,25,230,5,1,6,1.0,7.0,29019,M,4839485.0,-453863.0,29
201700023641,17,5,24,2147,3,2,1,1.0,6.0,29019,M,4839271.0,-446974.0,29
201700023642,17,5,26,1520,1,2,1,1.0,3.0,29019,M,4839310.0,-443480.0,29
201700023643,17,5,29,1733,1,2,1,1.0,2.0,29019,M,4840587.0,-445728.0,29
201700023644,17,5,27,1810,1,2,3,1.0,6.0,29019,M,4841163.0,-447127.0,29
201700023645,17,5,16,1725,1,2,3,1.0,2.0,29019,M,4839148.0,-452335.0,29
201700023646,17,6,3,330,5,2,6,3.0,1.0,29019,M,4839035.0,-448964.0,29
201700023647,17,6,5,1855,1,2,2,1.0,3.0,29019,M,4841322.0,-448665.0,29
201700023648,17,4,30,1840,1,2,2,1.0,1.0,29019,M,4837962.0,-452027.0,29
201700023649,17,6,7,1440,1,2,1,1.0,1.0,29019,M,4838970.0,-448850.0,29
201700023650,17,5,30,1730,1,2,3,1.0,3.0,29019,M,4839937.0,-447786.0,29
201700023651,17,6,7,1150,1,2,1,1.0,6.0,29019,M,4838588.0,-453377.0,29
201700023652,17,6,15,1635,1,2,2,1.0,3.0,29019,M,4838943.0,-449266.0,29
201700023653,17,6,4,2220,5,2,6,1.0,1.0,29019,M,4840927.0,-448213.0,29
201700023654,17,6,21,1130,1,2,2,1.0,6.0,29019,M,4840105.0,-448409.0,29
201700023655,17,6,19,1735,1,2,1,1.0,4.0,29019,M,4838350.0,-449094.0,29
201700023656,17,5,21,1520,1,1,6,1.0,7.0,29019,M,4839311.0,-454516.0,29
201700023657,17,6,24,2000,1,2,3,2.0,6.0,29019,M,4840219.0,-446183.0,29
201700023658,17,6,27,319,5,2,2,1.0,6.0,29019,M,4838212.0,-450196.0,29
201700023659,17,6,28,1840,1,2,3,1.0,6.0,29019,M,4840495.0,-440176.0,29
201700023660,17,6,29,1740,1,2,3,2.0,3.0,29019,M,4841299.0,-450159.0,29
201700023661,17,5,24,1300,1,2,1,1.0,2.0,29019,M,4840668.0,-446777.0,29
201700023662,17,5,23,1600,1,2,1,1.0,4.0,29019,M,4838768.0,-451292.0,29
201700023663,17,6,27,1410,1,2,2,1.0,3.0,29019,M,4839971.0,-448600.0,29
201700023664,17,6,17,1903,1,2,1,1.0,3.0,29019,M,4840813.0,-450998.0,29
201700023665,17,6,29,1040,1,2,2,2.0,6.0,29019,M,4838582.0,-449079.0,29
201700023666,17,6,24,1925,1,2,1,1.0,2.0,29019,M,4839537.0,-447703.0,29
201700023667,17,6,30,1505,1,2,1,2.0,2.0,29019,M,4840916.0,-448508.0,29
201700023668,17,7,5,1005,1,2,9,1.0,3.0,29019,M,4837463.0,-455768.0,29
201700023669,17,7,11,1830,1,2,3,1.0,3.0,29019,M,4838811.0,-448309.0,29
201700023670,17,6,20,905,1,2,1,1.0,6.0,29019,M,4840810.0,-448680.0,29
201700023671,17,7,4,100,5,2,2,1.0,3.0,29019,M,4840960.0,-445640.0,29
201700023672,17,7,18,1845,1,2,2,1.0,3.0,29019,M,4839704.0,-448201.0,29
201700023673,17,6,17,1450,1,2,1,1.0,2.0,29019,M,4839254.0,-449068.0,29
201700023674,17,6,12,100,5,2,2,1.0,6.0,29019,M,4838612.0,-450425.0,29
201700023675,17,7,25,710,1,2,1,1.0,2.0,29019,M,4841279.0,-450849.0,29
201700023676,17,6,20,1900,1,2,1,1.0,3.0,29019,M,4840629.0,-450211.0,29
201700023677,17,6,28,1355,1,2,1,1.0,1.0,29019,M,4841190.0,-448114.0,29
201700023678,17,8,3,1500,1,2,9,1.0,1.0,29019,M,4839396.0,-449316.0,29
201700023679,17,7,4,1405,1,2,1,1.0,2.0,29019,M,4841225.0,-445839.0,29
201700023680,17,8,17,1050,1,2,1,1.0,2.0,29019,M,4840590.0,-447711.0,29
201700023681,17,7,30,1915,1,2,3,1.0,3.0,29019,M,4838524.0,-452462.0,29
201700023682,17,8,8,1715,1,2,6,1.0,3.0,29019,M,4842183.0,-448653.0,29
201700023683,17,8,18,1440,1,2,1,1.0,2.0,29019,M,4841183.0,-446855.0,29
201700023684,17,7,6,25,4,2,1,1.0,6.0,29019,M,4839549.0,-443452.0,29
201700023685,17,8,3,1125,1,2,3,1.0,1.0,29019,M,4840422.0,-446476.0,29
201700023686,17,8,27,1935,1,2,1,1.0,1.0,29019,M,4843086.0,-450316.0,29
201700023687,17,9,5,1230,1,2,1,1.0,6.0,29019,M,4841585.0,-447263.0,29
201700023688,17,8,18,2110,1,2,1,1.0,1.0,29019,M,4840397.0,-448909.0,29
201700023689,17,9,5,2025,1,2,3,1.0,6.0,29019,M,4841418.0,-447317.0,29
201700023690,17,9,7,1300,1,2,2,1.0,3.0,29019,M,4841618.0,-446807.0,29
201700023691,17,8,25,2005,1,2,2,1.0,3.0,29019,M,4841301.0,-450145.0,29
201700023692,17,7,31,1805,1,2,3,7.0,3.0,29019,M,4839152.0,-446107.0,29
201700023693,17,8,10,1007,1,2,1,1.0,6.0,29019,M,4838415.0,-448458.0,29
201700023694,17,8,31,1925,1,2,1,1.0,1.0,29019,M,4837926.0,-454288.0,29
201700023695,17,8,14,2010,1,2,3,1.0,3.0,29019,M,4840318.0,-450637.0,29
201700023696,17,9,10,115,5,2,3,1.0,6.0,29019,M,4838672.0,-451093.0,29
201700023697,17,9,7,255,5,2,1,1.0,6.0,29019,M,4838185.0,-452542.0,29
201700023698,17,8,22,1705,1,2,1,1.0,2.0,29019,M,4839232.0,-448749.0,29
201700023699,17,9,13,1045,1,2,2,2.0,3.0,29019,M,4838604.0,-450122.0,29
201700023700,17,8,8,1700,1,2,1,1.0,2.0,29019,M,4838412.0,-448348.0,29
201700023701,17,9,6,1235,1,2,1,3.0,2.0,29019,M,4841101.0,-445419.0,29
201700023702,17,9,5,1635,1,1,1,1.0,7.0,29019,M,4836370.0,-455040.0,29
201700023703,17,9,18,1005,1,2,3,7.0,3.0,29019,M,4841312.0,-449609.0,29
201700023704,17,9,7,905,1,2,1,1.0,4.0,29019,M,4839917.0,-448712.0,29
201700023705,17,9,17,30,5,2,1,1.0,6.0,29019,M,4839492.0,-447767.0,29
201700023706,17,9,25,1555,1,2,1,1.0,6.0,29019,M,4839652.0,-448528.0,29
201700023707,17,9,22,1130,1,2,3,1.0,3.0,29019,M,4838633.0,-453503.0,29
201700023708,17,9,27,2150,5,2,2,1.0,3.0,29019,M,4840996.0,-451465.0,29
201700023709,17,9,15,2055,2,2,1,2.0,2.0,29019,M,4840122.0,-450713.0,29
201700023710,17,10,3,945,1,2,1,1.0,6.0,29019,M,4840290.0,-450760.0,29
201700023711,17,10,4,749,5,2,1,1.0,6.0,29019,M,4839068.0,-450989.0,29
201700023712,17,10,6,1547,1,2,1,1.0,2.0,29019,M,4839598.0,-448872.0,29
201700023713,17,10,14,1500,1,2,2,1.0,6.0,29019,M,4839550.0,-452670.0,29
201700023714,17,10,5,1645,1,2,3,1.0,5.0,29019,M,4840587.0,-447890.0,29
201700023715,17,10,6,1145,1,2,2,1.0,1.0,29019,M,4840390.0,-448900.0,29
201700023716,17,10,24,1913,5,2,3,1.0,1.0,29019,M,4838115.0,-450661.0,29
201700023717,17,10,19,810,2,2,3,1.0,6.0,29019,M,4840330.0,-448893.0,29
201700023718,17,10,28,1351,1,2,3,1.0,3.0,29019,M,4840347.0,-447108.0,29
201700023719,17,10,2,1705,1,2,1,2.0,3.0,29019,M,4838652.0,-447151.0,29
201700023720,17,10,27,1730,1,2,1,1.0,2.0,29019,M,4841385.0,-448242.0,29
201700023721,17,10,28,1100,1,2,2,1.0,1.0,29019,M,4840202.0,-448870.0,29
201700023722,17,11,7,1556,1,2,6,1.0,6.0,29019,M,4840745.0,-451061.0,29
201700023723,17,11,6,1130,1,2,1,1.0,1.0,29019,M,4838211.0,-449990.0,29
201700023724,17,10,19,1025,1,2,1,1.0,1.0,29019,M,4841167.0,-446671.0,29
201700023725,17,10,21,118,5,2,1,1.0,6.0,29019,M,4838959.0,-448363.0,29
201700023726,17,11,2,706,2,2,2,1.0,3.0,29019,M,4840398.0,-448904.0,29
201700023727,17,11,1,1840,5,2,1,1.0,6.0,29019,M,4839868.0,-445216.0,29
201700023728,17,10,30,1720,2,2,2,1.0,3.0,29019,M,4839974.0,-448606.0,29
201700023729,17,10,12,1410,1,2,1,3.0,6.0,29019,M,4840967.0,-447615.0,29
201700023730,17,11,8,1655,2,2,1,1.0,6.0,29019,M,4840733.0,-446669.0,29
201700023731,17,11,15,805,2,2,6,2.0,3.0,29019,M,4839507.0,-453902.0,29
201700023732,17,11,12,253,5,2,2,1.0,3.0,29019,M,4841431.0,-449582.0,29
201700023733,17,11,13,1515,1,2,1,1.0,6.0,29019,M,4841990.0,-449080.0,29
201700023734,17,11,14,1050,1,2,3,1.0,6.0,29019,M,4841242.0,-449135.0,29
201700023735,17,11,17,1633,1,2,2,1.0,6.0,29019,M,4838546.0,-448828.0,29
201700023736,17,10,15,550,5,2,1,1.0,4.0,29019,M,4838973.0,-448575.0,29
201700023737,17,11,8,1000,1,2,6,1.0,7.0,29019,M,4838885.0,-445842.0,29
201700023738,17,11,24,751,2,2,3,2.0,6.0,29019,M,4840370.0,-446550.0,29
201700023739,17,11,21,2345,5,2,1,1.0,3.0,29019,M,4839789.0,-448901.0,29
201700023740,17,11,28,1835,5,2,1,2.0,6.0,29019,M,4838476.0,-449333.0,29
201700023741,17,11,13,818,2,2,1,1.0,1.0,29019,M,4840523.0,-451725.0,29
201700023742,17,11,2,1827,5,2,1,1.0,3.0,29019,M,4839073.0,-453743.0,29
201700023743,17,11,21,1725,5,2,3,1.0,3.0,29019,M,4840503.0,-448008.0,29
201700023744,17,11,30,1343,1,2,1,4.0,6.0,29019,M,4840660.0,-447590.0,29
201700023745,17,11,25,955,1,2,1,1.0,6.0,29019,M,4841306.0,-448920.0,29
201700023746,17,11,29,1744,5,2,1,2.0,6.0,29019,M,4840952.0,-448494.0,29
201700023747,17,12,12,1330,1,2,2,1.0,6.0,29019,M,4838779.0,-450445.0,29
201700023748,17,12,14,800,2,2,1,2.0,2.0,29019,M,4840360.0,-452382.0,29
201700023749,17,12,18,730,1,2,1,1.0,3.0,29019,M,4840351.0,-447148.0,29
201700023750,17,11,24,2255,5,2,2,2.0,3.0,29019,M,4839974.0,-448603.0,29