Num_Acc,an,mois,jour,hrmn,lum,agg,int,atm,col,com,gps,lat,long,dep
201700023751,17,12,2,1055,1,2,3,1.0,6.0,29019,M,4840177.0,-446706.0,29
201700023752,17,12,16,1655,1,2,2,1.0,3.0,29019,M,4839002.0,-450353.0,29
201700023753,17,11,30,1110,1,2,1,1.0,6.0,29019,M,4839564.0,-448419.0,29
201700023754,17,12,21,825,5,2,3,2.0,6.0,29019,M,4841919.0,-448671.0,29
201700023755,17,4,15,438,3,1,1,1.0,1.0,40234,M,4397717.0,-31701.0,40
201700023756,17,7,14,1925,1,1,1,1.0,7.0,40259,M,4382458.0,-31547.0,40
201700023757,17,7,26,1605,1,1,1,1.0,6.0,40161,M,4409330.0,-1994.0,40
201700023758,17,1,14,925,1,1,1,9.0,6.0,29039,M,4794067.0,-392347.0,29
201700023759,17,1,18,1540,1,2,6,1.0,6.0,29039,M,4788522.0,-391954.0,29
201700023760,17,1,30,1430,1,1,1,8.0,6.0,29039,M,4792511.0,-389697.0,29
201700023761,17,3,2,1452,1,2,6,1.0,7.0,29039,M,4788991.0,-391619.0,29
201700023762,17,3,7,1434,1,1,2,2.0,3.0,29039,M,4792078.0,-391736.0,29
201700023763,17,3,8,745,2,2,1,8.0,1.0,29039,M,4787651.0,-390835.0,29
201700023764,17,3,13,1800,1,2,1,1.0,6.0,29039,M,4786886.0,-391612.0,29
201700023765,17,4,14,1640,1,2,9,1.0,6.0,29039,M,4788886.0,-391776.0,29
201700023766,17,4,15,110,3,1,3,1.0,1.0,29039,M,4790727.0,-390550.0,29
201700023767,17,4,29,1850,1,1,1,1.0,5.0,29039,M,4787349.0,-389813.0,29
201700023768,17,5,9,1835,1,1,1,1.0,2.0,29039,M,4787836.0,-390211.0,29
201700023769,17,5,11,1740,1,2,7,1.0,1.0,29039,M,4787310.0,-391763.0,29
201700023770,17,5,12,225,3,1,1,8.0,6.0,29039,M,4790038.0,-394302.0,29
201700023771,17,5,17,1110,1,1,3,3.0,3.0,29039,M,4791748.0,-393144.0,29
201700023772,17,6,5,2205,3,1,9,3.0,3.0,29039,M,4792371.0,-389771.0,29
201700023773,17,6,21,1150,1,2,1,1.0,2.0,29039,M,4787878.0,-386364.0,29
201700023774,17,7,7,2018,1,2,1,1.0,2.0,29039,M,4787346.0,-391815.0,29
201700023775,17,7,11,1645,1,1,6,2.0,2.0,29039,M,4787971.0,-390660.0,29
201700023776,17,7,17,855,1,2,1,1.0,3.0,29039,M,4787723.0,-391152.0,29
201700023777,17,7,24,1940,1,1,1,1.0,2.0,29039,M,4787960.0,-390574.0,29
201700023778,17,7,26,1735,1,1,1,2.0,2.0,29039,M,4787079.0,-389645.0,29
201700023779,17,8,2,1450,1,1,1,8.0,7.0,29039,M,4791339.0,-392354.0,29
201700023780,17,8,8,1255,1,2,3,1.0,3.0,29039,M,4788359.0,-392973.0,29
201700023781,17,8,9,1108,1,1,1,2.0,7.0,29039,M,4786193.0,-388710.0,29
201700023782,17,8,12,240,3,2,1,1.0,6.0,29039,M,4786454.0,-390244.0,29
201700023783,17,8,24,820,1,1,1,1.0,2.0,29039,M,4790958.0,-391649.0,29
201700023784,17,9,13,1000,2,2,1,3.0,7.0,29039,M,4787939.0,-390643.0,29
201700023785,17,9,14,1700,1,2,1,1.0,7.0,29039,M,4787734.0,-391384.0,29
201700023786,17,9,14,1735,1,2,1,1.0,3.0,29039,M,4788082.0,-393128.0,29
201700023787,17,9,22,1125,1,2,9,1.0,6.0,29039,M,4787525.0,-392075.0,29
201700023788,17,10,1,1210,1,1,1,2.0,6.0,29039,M,4792460.0,-389700.0,29
201700023789,17,10,9,1640,1,1,1,1.0,7.0,29039,M,4792123.0,-388686.0,29
201700023790,17,10,11,1140,1,2,1,1.0,6.0,29039,M,4787184.0,-390533.0,29
201700023791,17,10,13,1325,1,1,1,1.0,4.0,29039,M,4789475.0,-391391.0,29
201700023792,17,10,15,650,3,1,1,1.0,6.0,29039,M,4787721.0,-389972.0,29
201700023793,17,10,17,1740,1,2,1,2.0,6.0,29039,M,4787862.0,-393008.0,29
201700023794,17,10,18,1100,1,2,1,1.0,6.0,29039,M,4787555.0,-391736.0,29
201700023795,17,10,20,1640,1,1,1,1.0,2.0,29039,M,4790842.0,-391857.0,29
201700023796,17,10,23,1633,1,1,3,2.0,3.0,29039,M,4791516.0,-394569.0,29
201700023797,17,10,24,1030,1,2,1,1.0,6.0,29039,M,4787109.0,-392033.0,29
201700023798,17,10,24,1705,1,2,1,1.0,7.0,29039,M,4787931.0,-393032.0,29
201700023799,17,10,25,1300,1,1,1,1.0,7.0,29039,M,4788873.0,-390227.0,29
201700023800,17,11,4,1615,1,2,2,2.0,4.0,29039,M,4788148.0,-391022.0,29
201700023801,17,11,8,1925,3,2,6,1.0,3.0,29039,M,4789001.0,-391597.0,29
201700023802,17,11,25,1120,1,2,2,1.0,6.0,29039,M,4787906.0,-391992.0,29
201700023803,17,12,8,2300,5,2,1,1.0,6.0,29039,M,4786471.0,-390080.0,29
201700023804,17,1,9,1913,5,2,1,2.0,6.0,29151,M,4857599.0,-382367.0,29
201700023805,17,1,9,955,1,2,1,1.0,6.0,29151,M,4858448.0,-383432.0,29
201700023806,17,3,20,1230,1,2,1,1.0,3.0,29151,M,,,29
201700023807,17,4,19,1330,1,1,1,1.0,1.0,29254,M,4858071.0,-386164.0,29
201700023808,17,5,21,705,1,1,1,1.0,7.0,29151,M,4858453.0,-380418.0,29
201700023809,17,5,24,1800,1,1,1,1.0,1.0,29151,M,4858986.0,-379330.0,29
201700023810,17,8,5,2035,1,2,1,1.0,6.0,29151,M,4858797.0,381924.0,29
201700023811,17,9,7,1630,1,2,2,1.0,3.0,29151,M,4858938.0,-382730.0,29
201700023812,17,9,7,1310,1,2,1,2.0,3.0,29151,M,4859392.0,-381892.0,29
201700023813,17,10,15,1340,1,2,1,1.0,6.0,29151,M,4857548.0,-383036.0,29
201700023814,17,10,17,1620,1,2,1,1.0,2.0,29151,M,4858176.0,-383195.0,29
201700023815,17,11,23,735,5,2,3,2.0,6.0,29151,M,4856827.0,-382904.0,29
201700023816,17,12,7,1005,1,2,1,2.0,6.0,29151,M,4857858.0,-382942.0,29
201700023817,17,12,18,2015,5,2,1,1.0,6.0,29151,M,4857884.0,-382936.0,29
201700023818,17,3,2,2110,3,1,1,1.0,6.0,52519,M,4769413.0,518529.0,52
201700023819,17,3,8,1140,1,1,1,2.0,3.0,52384,M,4781989.0,522443.0,52
201700023820,17,5,3,830,1,1,1,1.0,2.0,52189,M,4769403.0,518479.0,52
201700023821,17,7,13,1045,1,1,1,1.0,7.0,52307,M,4793673.0,520270.0,52
201700023822,17,8,18,350,3,1,1,1.0,2.0,52027,M,4773825.0,519413.0,52
201700023823,17,9,12,455,3,1,9,2.0,2.0,52320,M,4805341.0,557896.0,52
201700023824,17,11,12,1300,1,1,1,3.0,6.0,52147,M,4784585.0,523154.0,52
201700023825,17,12,29,1900,3,1,1,2.0,7.0,52519,M,4768102.0,517844.0,52
201700023826,17,5,9,1145,1,2,1,1.0,3.0,57207,M,4911745.0,688073.0,57
201700023827,17,7,24,1550,1,1,1,1.0,6.0,57428,M,4910448.0,677515.0,57
201700023828,17,5,24,1730,1,1,3,1.0,3.0,76481,M,4959009.0,12750.0,76
201700023829,17,7,17,1740,1,1,1,1.0,7.0,76238,M,4955286.0,24666.0,76
201700023830,17,4,7,840,1,1,1,1.0,2.0,41161,M,4753121.0,200369.0,41
201700023831,17,4,28,1405,1,1,1,1.0,7.0,41046,M,4765673.0,193369.0,41
201700023832,17,6,19,1805,1,1,1,1.0,2.0,41232,M,4741581.0,202188.0,41
201700023833,17,6,21,250,5,1,1,1.0,2.0,41046,M,4766774.0,192392.0,41
201700023834,17,7,5,1720,1,1,1,1.0,3.0,41232,M,4744482.0,200624.0,41
201700023835,17,8,15,1000,1,1,1,1.0,7.0,41256,M,4734786.0,204912.0,41
201700023836,17,8,16,1945,1,1,1,1.0,2.0,41161,M,4759707.0,198117.0,41
201700023837,17,10,9,1815,1,1,1,1.0,7.0,41232,M,4744124.0,200781.0,41
201700023838,17,11,4,2010,3,1,1,1.0,6.0,41161,M,4754543.0,200825.0,41
201700023839,17,12,27,1025,1,1,1,2.0,7.0,41106,M,4758171.0,199515.0,41
201700023840,17,1,7,1915,3,1,1,1.0,6.0,29232,M,4796161.0,-405631.0,29
201700023841,17,1,9,1350,1,1,3,2.0,3.0,29232,M,4797422.0,-409121.0,29
201700023842,17,1,3,315,3,2,1,1.0,6.0,29232,M,4798899.0,-408013.0,29
201700023843,17,1,10,1630,1,2,1,8.0,2.0,29232,M,4798159.0,-412103.0,29
201700023844,17,1,10,1920,5,2,1,1.0,6.0,29232,M,4800682.0,-409711.0,29
201700023845,17,1,7,110,5,2,1,1.0,6.0,29232,M,4799731.0,-411185.0,29
201700023846,17,1,12,1924,3,1,1,6.0,7.0,29232,M,4801252.0,-407296.0,29
201700023847,17,1,7,1730,1,2,6,1.0,7.0,29232,M,4800227.0,-411415.0,29
201700023848,17,1,14,1915,3,2,1,1.0,2.0,29232,M,4797260.0,-408723.0,29
201700023849,17,1,19,1400,1,1,4,1.0,1.0,29232,M,4800100.0,-415376.0,29
201700023850,17,1,21,530,3,1,1,1.0,6.0,29232,M,4796618.0,-406188.0,29
201700023851,17,1,26,148,5,2,1,1.0,7.0,29232,M,4799726.0,-410037.0,29
201700023852,17,1,27,2030,3,1,1,1.0,3.0,29232,M,4797770.0,-409379.0,29
201700023853,17,1,28,931,1,2,1,1.0,7.0,29232,M,4803262.0,-407228.0,29
201700023854,17,1,28,1110,1,2,1,1.0,1.0,29232,M,4798175.0,-407664.0,29
201700023855,17,1,31,1310,1,1,1,1.0,1.0,29051,M,4802863.0,-396001.0,29
201700023856,17,2,1,930,1,1,1,1.0,2.0,29232,M,4798008.0,-409858.0,29
201700023857,17,2,6,1645,1,2,1,2.0,6.0,29232,M,4798429.0,-411306.0,29
201700023858,17,2,15,1955,2,2,1,1.0,6.0,29232,M,4798970.0,-412690.0,29
201700023859,17,2,18,1830,1,2,1,1.0,2.0,29232,M,4800428.0,-409816.0,29
201700023860,17,2,20,1400,1,1,1,1.0,7.0,29232,M,4795704.0,-404519.0,29
201700023861,17,2,21,2100,5,2,1,1.0,2.0,29232,M,4798667.0,-408215.0,29
201700023862,17,3,4,1140,1,2,1,2.0,3.0,29232,M,4799769.0,-411760.0,29
201700023863,17,3,3,1210,1,1,1,2.0,2.0,29232,M,4793405.0,-406922.0,29
201700023864,17,3,10,1950,3,1,1,1.0,7.0,29051,M,4802707.0,-397098.0,29
201700023865,17,3,16,1310,1,1,1,1.0,1.0,29051,M,4799322.0,-403579.0,29
201700023866,17,3,17,1600,1,2,1,1.0,6.0,29232,M,4799546.0,-408687.0,29
201700023867,17,3,15,1205,1,2,1,1.0,3.0,29232,M,4799774.0,-409680.0,29
201700023868,17,3,22,1300,1,2,1,1.0,6.0,29232,M,4797878.0,-409998.0,29
201700023869,17,3,25,1225,1,1,1,1.0,3.0,29232,M,4797980.0,-408770.0,29
201700023870,17,3,29,830,1,2,6,2.0,3.0,29232,M,4798760.0,-410881.0,29
201700023871,17,4,1,100,3,1,1,2.0,6.0,29232,M,4796328.0,-405835.0,29
201700023872,17,3,31,1610,1,1,1,1.0,6.0,29232,M,4799352.0,-409799.0,29
201700023873,17,3,30,1750,1,2,1,1.0,3.0,29232,M,4801560.0,-409522.0,29
201700023874,17,4,1,1200,1,2,1,1.0,6.0,29232,M,4799849.0,-411327.0,29
201700023875,17,4,10,1550,1,2,1,1.0,2.0,29232,M,4801540.0,-408615.0,29
201700023876,17,4,7,650,5,2,1,1.0,6.0,29232,M,4798509.0,-410294.0,29
201700023877,17,4,8,530,3,1,1,1.0,7.0,29232,M,4799921.0,-404955.0,29
201700023878,17,4,6,1600,1,2,6,1.0,3.0,29232,M,4800595.0,-409724.0,29
201700023879,17,4,20,850,1,1,4,1.0,3.0,29232,M,4796693.0,-406160.0,29
201700023880,17,4,24,1840,1,1,1,1.0,7.0,29051,M,4803075.0,-408518.0,29
201700023881,17,4,15,2309,5,2,1,1.0,6.0,29051,M,4801917.0,-402112.0,29
201700023882,17,4,27,1000,1,2,1,1.0,2.0,29232,M,4797991.0,-408072.0,29
201700023883,17,4,28,100,5,2,1,1.0,6.0,29232,M,4799223.0,-410226.0,29
201700023884,17,4,30,1905,1,2,1,3.0,5.0,29232,M,4799870.0,-409367.0,29
201700023885,17,5,1,755,1,2,1,2.0,6.0,29051,M,4799879.0,-405595.0,29
201700023886,17,5,5,2206,5,2,1,1.0,3.0,29232,M,4799552.0,-409665.0,29
201700023887,17,5,12,1630,1,2,2,1.0,6.0,29232,M,4799491.0,-409976.0,29
201700023888,17,5,18,1525,1,2,1,1.0,2.0,29232,M,4799601.0,-407861.0,29
201700023889,17,3,14,1730,1,1,1,1.0,7.0,29232,M,4798118.0,-402991.0,29
201700023890,17,5,17,1320,1,1,1,3.0,7.0,29232,M,4795472.0,-405777.0,29
201700023891,17,5,23,1900,1,2,6,1.0,3.0,29232,M,4801521.0,-408164.0,29
201700023892,17,6,6,800,1,1,1,8.0,2.0,29232,M,4801587.0,-411647.0,29
201700023893,17,6,6,755,1,1,1,1.0,6.0,29232,M,4799733.0,-409523.0,29
201700023894,17,6,10,1856,1,2,1,1.0,6.0,29232,M,4799725.0,-410597.0,29
201700023895,17,6,10,100,3,1,1,1.0,6.0,29232,M,4801603.0,-407924.0,29
201700023896,17,6,13,1938,1,2,1,1.0,2.0,29232,M,4799782.0,-410106.0,29
201700023897,17,6,16,1940,1,1,1,1.0,7.0,29232,M,4802353.0,-410430.0,29
201700023898,17,6,24,2145,1,2,3,1.0,3.0,29232,M,4799490.0,-409987.0,29
201700023899,17,6,24,525,2,1,1,1.0,7.0,29232,M,4797939.0,-407053.0,29
201700023900,17,6,27,1730,1,2,1,2.0,7.0,29232,M,4801519.0,-408247.0,29
201700023901,17,6,13,1408,1,2,1,1.0,7.0,29232,M,4797935.0,-409360.0,29
201700023902,17,7,2,1530,1,1,6,1.0,7.0,29232,M,4797840.0,-401480.0,29
201700023903,17,7,4,2015,1,2,3,1.0,1.0,29051,M,4801200.0,-401173.0,29
201700023904,17,6,30,1010,1,2,1,1.0,2.0,29232,M,,,29
201700023905,17,7,7,1700,1,2,1,1.0,2.0,29232,M,4798760.0,-413434.0,29
201700023906,17,7,8,1045,1,2,1,1.0,6.0,29232,M,4800422.0,-408999.0,29
201700023907,17,7,9,1740,1,1,2,1.0,3.0,29051,M,4800253.0,-401147.0,29
201700023908,17,7,11,2025,1,1,4,3.0,7.0,29232,M,4801149.0,-407883.0,29
201700023909,17,7,17,1300,1,1,1,1.0,7.0,29232,M,4797804.0,-402105.0,29
201700023910,17,7,16,130,5,2,1,1.0,3.0,29232,M,4800233.0,-410726.0,29
201700023911,17,7,23,2310,5,2,6,2.0,7.0,29232,M,4798345.0,-407432.0,29
201700023912,17,7,23,1600,1,2,1,2.0,7.0,29232,M,4798546.0,-411126.0,29
201700023913,17,7,23,1950,1,2,2,2.0,3.0,29232,M,4799855.0,-413137.0,29
201700023914,17,7,26,1740,1,2,1,2.0,3.0,29232,M,4799028.0,-407390.0,29
201700023915,17,7,29,530,3,1,6,3.0,6.0,29232,M,4797303.0,-408804.0,29
201700023916,17,8,2,1555,1,2,1,2.0,6.0,29232,M,4798307.0,-407219.0,29
201700023917,17,8,2,1825,1,1,1,2.0,1.0,29232,M,4799900.0,-413943.0,29
201700023918,17,8,8,1815,1,2,1,1.0,6.0,29051,M,4802300.0,-402155.0,29
201700023919,17,8,2,2020,1,2,1,1.0,7.0,29232,M,4797997.0,-412085.0,29
201700023920,17,8,12,920,1,1,1,2.0,7.0,29232,M,4798250.0,-401550.0,29
201700023921,17,8,12,1315,1,1,1,8.0,7.0,29232,M,4803280.0,-407956.0,29
201700023922,17,8,14,1820,1,2,1,1.0,6.0,29232,M,4800596.0,-409754.0,29
201700023923,17,8,16,1115,1,2,6,1.0,3.0,29232,M,4799088.0,-407260.0,29
201700023924,17,8,19,1400,1,2,1,1.0,6.0,29232,M,4797880.0,-410250.0,29
201700023925,17,8,21,1505,1,1,1,1.0,2.0,29232,M,4798090.0,-407850.0,29
201700023926,17,8,30,1235,1,2,1,2.0,2.0,29232,M,4800176.0,-407920.0,29
201700023927,17,8,30,1526,1,2,1,8.0,2.0,29232,M,4798030.0,-410216.0,29
201700023928,17,9,8,610,5,2,1,2.0,3.0,29232,M,4797610.0,-409647.0,29
201700023929,17,9,11,1702,1,2,6,2.0,6.0,29232,M,4798277.0,-407538.0,29
201700023930,17,7,25,1010,1,2,1,1.0,3.0,29232,M,4797689.0,-406923.0,29
201700023931,17,9,13,1410,1,2,1,2.0,4.0,29232,M,4799463.0,-410247.0,29
201700023932,17,8,22,1350,1,1,1,1.0,2.0,29051,M,4804402.0,-397306.0,29
201700023933,17,9,2,1300,1,2,1,1.0,7.0,29232,M,4799579.0,-414614.0,29
201700023934,17,9,13,1745,1,2,1,2.0,6.0,29232,M,4798968.0,-406447.0,29
201700023935,17,9,11,950,1,2,1,1.0,6.0,29232,M,4800713.0,-409887.0,29
201700023936,17,9,18,745,1,2,6,1.0,3.0,29232,M,4799076.0,-407284.0,29
201700023937,17,9,18,1745,1,1,1,1.0,2.0,29232,M,4796776.0,-406126.0,29
201700023938,17,9,3,1925,1,1,1,2.0,7.0,29232,M,4803000.0,-408756.0,29
201700023939,17,9,24,643,3,1,1,2.0,7.0,29051,M,4800552.0,-406155.0,29
201700023940,17,8,15,1130,1,2,1,1.0,6.0,29051,M,4799507.0,-402808.0,29
201700023941,17,9,23,930,1,2,4,7.0,3.0,29232,M,4798096.0,-410317.0,29
201700023942,17,9,25,1215,1,1,3,1.0,1.0,29051,M,4798953.0,-397264.0,29
201700023943,17,9,29,1422,1,2,1,1.0,6.0,29232,M,4800932.0,-409610.0,29
201700023944,17,10,2,1810,1,2,6,2.0,4.0,29232,M,4798733.0,-410984.0,29
201700023945,17,10,3,2020,4,2,1,1.0,3.0,29232,M,4799589.0,-407314.0,29
201700023946,17,10,16,910,1,1,1,8.0,6.0,29051,M,4799471.0,-405859.0,29
201700023947,17,10,17,815,5,2,1,1.0,6.0,29232,M,4799053.0,-407544.0,29
201700023948,17,10,18,750,5,2,1,1.0,6.0,29232,M,4799174.0,-411834.0,29
201700023949,17,10,18,1500,1,2,9,1.0,6.0,29232,M,4796911.0,-408528.0,29
201700023950,17,10,21,2010,5,2,4,2.0,6.0,29232,M,4799352.0,-409901.0,29
201700023951,17,10,23,1457,1,2,1,3.0,7.0,29232,M,4800434.0,-412001.0,29
201700023952,17,10,27,2222,4,2,1,1.0,7.0,29232,M,4799190.0,-409239.0,29
201700023953,17,10,29,2230,5,2,1,1.0,3.0,29232,M,4799950.0,-410925.0,29
201700023954,17,10,30,2200,5,2,1,1.0,6.0,29232,M,4799120.0,-413490.0,29
201700023955,17,11,1,130,5,2,3,1.0,6.0,29232,M,4799495.0,-410252.0,29
201700023956,17,11,3,36,5,2,1,1.0,6.0,29232,M,4801230.0,-409514.0,29
201700023957,17,11,4,1615,1,2,1,2.0,3.0,29051,M,4800319.0,-406052.0,29
201700023958,17,11,5,246,5,2,6,2.0,6.0,29232,M,4799510.0,-407317.0,29
201700023959,17,11,7,1805,5,2,2,9.0,7.0,29232,M,4799492.0,-409979.0,29
201700023960,17,9,30,2259,3,1,6,2.0,7.0,29232,M,4803018.0,-408842.0,29
201700023961,17,11,8,1730,2,2,1,8.0,2.0,29232,M,4799882.0,-407351.0,29
201700023962,17,10,23,1250,1,2,3,3.0,3.0,29232,M,4798881.0,-411083.0,29
201700023963,17,9,30,1720,1,1,1,1.0,7.0,29232,M,4800193.0,-410901.0,29
201700023964,17,11,13,1750,1,1,3,1.0,2.0,29051,M,4799034.0,-399607.0,29
201700023965,17,11,15,1618,1,2,2,7.0,1.0,29232,M,4797535.0,-412788.0,29
201700023966,17,11,16,1813,5,2,1,1.0,2.0,29232,M,4798135.0,-410884.0,29
201700023967,17,11,18,2210,3,1,9,5.0,6.0,29232,M,4802998.0,-408719.0,29
201700023968,17,11,18,1530,1,2,1,1.0,6.0,29232,M,4798893.0,-406121.0,29
201700023969,17,11,22,1230,1,2,6,1.0,2.0,29232,M,4797941.0,-409527.0,29
201700023970,17,12,1,445,5,2,1,1.0,1.0,29232,M,4801090.0,-408024.0,29
201700023971,17,12,1,505,3,1,1,1.0,2.0,29051,M,4799477.0,-404669.0,29
201700023972,17,11,28,945,1,2,2,1.0,3.0,29232,M,4798682.0,-408017.0,29
201700023973,17,12,2,1640,1,2,1,1.0,2.0,29232,M,4798330.0,-410650.0,29
201700023974,17,12,4,1630,1,2,1,1.0,1.0,29232,M,4797901.0,-407076.0,29
201700023975,17,12,5,1815,5,2,1,1.0,6.0,29232,M,4798814.0,-410576.0,29
201700023976,17,12,6,1830,5,2,1,1.0,6.0,29232,M,4799385.0,-410698.0,29
201700023977,17,12,6,1940,3,1,1,1.0,7.0,29232,M,4800192.0,-415651.0,29
201700023978,17,12,6,1750,2,1,1,1.0,2.0,29051,M,4799863.0,-404952.0,29
201700023979,17,12,1,1510,1,1,1,1.0,3.0,29232,M,4798410.0,-411494.0,29
201700023980,17,12,11,815,5,2,3,3.0,6.0,29232,M,4800368.0,-409829.0,29
201700023981,17,12,12,520,5,2,1,1.0,6.0,29232,M,4799299.0,-410649.0,29
201700023982,17,12,14,1350,1,2,3,2.0,1.0,29232,M,4797526.0,-406729.0,29
201700023983,17,12,19,825,2,2,1,1.0,6.0,29232,M,4799124.0,-411548.0,29
201700023984,17,12,19,1105,1,1,1,1.0,7.0,29232,M,4796086.0,-405513.0,29
201700023985,17,12,19,1945,5,2,1,8.0,6.0,29232,M,4799265.0,-410872.0,29
201700023986,17,12,16,1040,1,2,6,1.0,6.0,29232,M,4799016.0,-407385.0,29
201700023987,17,12,23,1800,5,2,9,2.0,3.0,29232,M,4801069.0,-409759.0,29
201700023988,17,12,27,2234,3,1,1,1.0,3.0,29232,M,4803919.0,-412154.0,29
201700023989,17,12,29,1310,1,1,1,1.0,2.0,29232,M,4799911.0,-413737.0,29
201700023990,17,12,29,2155,3,1,1,3.0,7.0,29232,M,4803138.0,-408549.0,29
201700023991,17,6,1,1700,1,1,1,1.0,6.0,46026,M,4429198.0,162271.0,46
201700023992,17,6,8,744,1,1,9,1.0,3.0,46287,M,4429985.0,146952.0,46
201700023993,17,6,18,1415,1,1,1,1.0,1.0,46103,M,4431942.0,143838.0,46
201700023994,17,7,6,1400,1,2,1,1.0,6.0,46201,M,4433858.0,121146.0,46
201700023995,17,8,9,700,2,1,1,1.0,6.0,46217,M,4433134.0,146411.0,46
201700023996,17,2,13,640,2,1,1,1.0,6.0,88218,M,4813699.0,680514.0,88
201700023997,17,3,13,549,3,1,1,1.0,6.0,88198,M,4810387.0,690626.0,88
201700023998,17,3,30,2231,4,2,1,1.0,6.0,88089,M,4819000.0,677491.0,88
201700023999,17,4,9,1110,1,2,1,7.0,3.0,88009,M,4820422.0,694450.0,88
201700024000,17,4,15,2045,3,1,1,2.0,7.0,88009,M,4817173.0,692729.0,88
201700024001,17,5,17,1445,1,2,4,1.0,3.0,88089,M,4818611.0,678679.0,88
201700024002,17,5,19,800,1,1,4,3.0,1.0,88198,M,4813495.0,691641.0,88
201700024003,17,6,14,1200,1,2,1,1.0,1.0,88009,M,4817760.0,694335.0,88
201700024004,17,7,30,1650,1,1,1,1.0,7.0,88218,M,4812716.0,683218.0,88
201700024005,17,8,20,1140,1,2,1,1.0,4.0,88009,M,4819851.0,694670.0,88
201700024006,17,8,22,1840,1,2,3,1.0,3.0,88349,M,4816989.0,701348.0,88
201700024007,17,8,23,1620,1,1,1,1.0,7.0,88115,M,4816523.0,689782.0,88
201700024008,17,10,17,1930,5,1,1,1.0,3.0,88009,M,4818079.0,693723.0,88
201700024009,17,1,6,1245,1,1,1,1.0,7.0,54408,M,4917396.0,576297.0,54
201700024010,17,4,9,630,2,1,9,1.0,2.0,57511,M,4917964.0,605742.0,57
201700024011,17,4,21,1737,1,1,9,1.0,6.0,57622,M,4917980.0,605569.0,57
201700024012,17,7,13,2135,3,1,1,1.0,6.0,54002,M,4920045.0,584364.0,54
201700024013,17,7,22,1545,1,1,9,1.0,6.0,54253,M,4919820.0,589656.0,54
201700024014,17,8,24,650,1,1,1,1.0,7.0,57645,M,,,57
201700024015,17,1,31,825,1,2,1,5.0,6.0,60395,M,4923093.0,214057.0,60
201700024016,17,5,8,1410,1,1,3,8.0,2.0,60309,M,4920826.0,204373.0,60
201700024017,17,5,21,1500,1,1,9,1.0,6.0,60256,M,4929704.0,202683.0,60
201700024018,17,6,18,2005,1,1,1,1.0,7.0,60395,M,4925132.0,212555.0,60
201700024019,17,6,26,738,1,2,8,1.0,6.0,60395,M,4922122.0,213632.0,60
201700024020,17,7,21,100,3,1,1,1.0,6.0,60395,M,4921806.0,212120.0,60
201700024021,17,10,7,1945,3,1,6,2.0,1.0,60010,M,4921394.0,212793.0,60
201700024022,17,12,14,630,3,1,1,2.0,6.0,60256,M,4928817.0,201117.0,60
201700024023,17,12,28,1140,1,1,1,7.0,6.0,60144,M,4918811.0,197394.0,60
201700024024,17,11,25,2340,5,2,5,1.0,3.0,30007,M,4412001.0,407899.0,30
201700024025,17,12,11,1215,1,2,6,2.0,6.0,30007,M,4412666.0,407197.0,30
201700024026,17,12,14,25,5,2,6,2.0,6.0,30007,M,4412126.0,408024.0,30
201700024027,17,12,29,2150,4,2,3,1.0,3.0,30007,M,4413378.0,408324.0,30
201700024028,17,12,19,1515,1,2,1,1.0,6.0,30007,M,4412595.0,409263.0,30
201700024029,17,2,3,1950,2,2,1,2.0,5.0,30007,M,4412948.0,407971.0,30
201700024030,17,2,13,731,1,2,6,1.0,3.0,30007,M,4410351.0,408234.0,30
201700024031,17,1,16,1310,1,2,1,1.0,6.0,30007,M,4413690.0,410494.0,30
201700024032,17,3,4,650,2,2,1,3.0,1.0,30007,M,4412328.0,407279.0,30
201700024033,17,1,28,1815,5,2,1,2.0,6.0,30007,M,4411991.0,408706.0,30
201700024034,17,1,5,1215,1,1,1,1.0,6.0,30007,M,4414789.0,409944.0,30
201700024035,17,1,21,1120,1,2,2,1.0,6.0,30007,M,4412278.0,408469.0,30
201700024036,17,1,8,810,5,2,1,1.0,6.0,30007,M,4412187.0,407619.0,30
201700024037,17,1,2,1025,1,2,1,1.0,1.0,30007,M,4411746.0,410436.0,30
201700024038,17,2,21,1730,1,2,2,1.0,6.0,30007,M,4412600.0,407908.0,30
201700024039,17,2,21,830,1,1,1,1.0,6.0,30007,M,4413435.0,409123.0,30
201700024040,17,3,22,452,5,2,6,1.0,6.0,30007,M,4412126.0,408025.0,30
201700024041,17,3,9,1430,1,2,1,1.0,3.0,30007,M,4413898.0,410457.0,30
201700024042,17,3,15,1210,1,2,1,1.0,2.0,30007,M,4413469.0,408573.0,30
201700024043,17,3,28,1830,1,2,1,7.0,6.0,30007,M,4412913.0,410324.0,30
201700024044,17,3,23,1715,2,2,1,4.0,1.0,30243,M,4410136.0,408139.0,30
201700024045,17,4,20,1325,1,2,1,1.0,1.0,30007,M,4412962.0,406982.0,30
201700024046,17,4,13,1500,1,2,6,1.0,2.0,30007,M,4413132.0,409593.0,30
201700024047,17,3,29,1605,1,2,1,1.0,6.0,30007,M,4413403.0,409412.0,30
201700024048,17,4,5,1745,1,2,6,1.0,3.0,30007,M,4410351.0,408237.0,30
201700024049,17,4,22,2040,1,2,6,1.0,3.0,30007,M,4412530.0,409117.0,30