Num_Acc,an,mois,jour,hrmn,lum,agg,int,atm,col,com,gps,lat,long,dep
201700024050,17,4,28,1400,1,2,3,1.0,1.0,30007,M,4411587.0,408270.0,30
201700024051,17,5,3,905,1,1,2,1.0,3.0,30243,M,4406105.0,409027.0,30
201700024052,17,5,10,1900,1,2,2,1.0,3.0,30243,M,4408125.0,407089.0,30
201700024053,17,5,11,1320,1,2,1,3.0,6.0,30007,M,4412693.0,407537.0,30
201700024054,17,5,14,2010,1,1,2,1.0,3.0,30243,M,4409588.0,408014.0,30
201700024055,17,5,30,1845,1,2,2,1.0,5.0,30007,M,4412003.0,407878.0,30
201700024056,17,6,10,2030,1,2,6,1.0,2.0,30007,M,4410773.0,409865.0,30
201700024057,17,6,22,1625,1,2,1,1.0,2.0,30007,M,4413372.0,408321.0,30
201700024058,17,6,23,1405,1,2,1,1.0,6.0,30007,M,4414506.0,407259.0,30
201700024059,17,6,6,720,1,2,6,1.0,3.0,30007,M,4413459.0,409046.0,30
201700024060,17,6,23,1100,1,2,6,1.0,1.0,30007,M,4413577.0,408429.0,30
201700024061,17,6,25,50,5,2,1,1.0,7.0,30243,M,4410089.0,407071.0,30
201700024062,17,6,25,830,1,2,6,1.0,3.0,30007,M,4410949.0,410088.0,30
201700024063,17,6,26,1145,1,2,2,1.0,3.0,30007,M,4412586.0,409236.0,30
201700024064,17,7,9,500,5,2,3,1.0,3.0,30007,M,4413370.0,407835.0,30
201700024065,17,7,17,2115,2,2,3,1.0,3.0,30007,M,4413434.0,407709.0,30
201700024066,17,7,23,1925,1,2,6,1.0,3.0,30007,M,4413792.0,408016.0,30
201700024067,17,7,27,1730,1,2,2,1.0,3.0,30007,M,4413517.0,408958.0,30
201700024068,17,7,30,2040,1,1,1,1.0,5.0,30007,M,4411559.0,410798.0,30
201700024069,17,7,29,335,4,2,6,1.0,6.0,30007,M,4412128.0,408025.0,30
201700024070,17,7,17,2210,5,2,1,1.0,6.0,30007,M,4412385.0,408033.0,30
201700024071,17,7,31,2240,5,2,6,1.0,6.0,30007,M,4413928.0,408825.0,30
201700024072,17,8,3,300,4,2,1,1.0,6.0,30007,M,4414093.0,409184.0,30
201700024073,17,8,18,1845,1,2,2,1.0,4.0,30007,M,4413313.0,409340.0,30
201700024074,17,8,24,1958,1,2,3,1.0,6.0,30007,M,4412414.0,407242.0,30
201700024075,17,9,12,1210,1,2,3,1.0,3.0,30243,M,4409543.0,408321.0,30
201700024076,17,9,25,1735,1,2,1,1.0,4.0,30007,M,4412793.0,410667.0,30
201700024077,17,10,13,840,1,2,1,1.0,4.0,30007,M,4414362.0,410309.0,30
201700024078,17,9,29,1750,1,2,1,1.0,7.0,30007,M,4410114.0,407094.0,30
201700024079,17,10,20,1545,1,2,2,1.0,3.0,30007,M,4411686.0,410708.0,30
201700024080,17,10,5,1200,1,2,1,1.0,3.0,30007,M,4412047.0,409306.0,30
201700024081,17,10,5,1730,2,2,2,1.0,4.0,30243,M,4407077.0,408197.0,30
201700024082,17,11,6,855,1,2,2,1.0,1.0,30007,M,4413432.0,407713.0,30
201700024083,17,11,14,1630,1,2,1,1.0,3.0,30007,M,4412071.0,407483.0,30
201700024084,17,11,17,1415,1,1,1,1.0,2.0,30007,M,4414298.0,410374.0,30
201700024085,17,11,17,1640,1,2,2,1.0,3.0,30007,M,4412149.0,408959.0,30
201700024086,17,11,18,1715,1,2,1,1.0,3.0,30243,M,4408012.0,406845.0,30
201700024087,17,11,20,1620,1,2,6,1.0,3.0,30007,M,4413926.0,408847.0,30
201700024088,17,11,21,1325,1,2,6,1.0,3.0,30007,M,4413467.0,409076.0,30
201700024089,17,2,24,1300,1,2,3,1.0,3.0,30028,M,4416320.0,461182.0,30
201700024090,17,3,1,800,1,1,2,1.0,3.0,30028,M,4413773.0,461294.0,30
201700024091,17,3,13,710,2,2,1,5.0,5.0,30028,M,4416738.0,459402.0,30
201700024092,17,4,13,1900,2,2,2,1.0,6.0,30028,M,4415554.0,461799.0,30
201700024093,17,4,19,1040,1,2,1,1.0,6.0,30028,M,4416506.0,462028.0,30
201700024094,17,4,21,1705,1,2,3,1.0,6.0,30028,M,4415614.0,461686.0,30
201700024095,17,5,6,1115,1,2,3,2.0,3.0,30028,M,4415786.0,462345.0,30
201700024096,17,5,7,1120,1,1,1,1.0,6.0,30028,M,4415652.0,463397.0,30
201700024097,17,5,16,925,1,2,1,7.0,6.0,30028,M,4416530.0,461934.0,30
201700024098,17,5,6,1045,1,2,1,2.0,2.0,30028,M,4416902.0,461918.0,30
201700024099,17,5,24,1515,1,2,1,1.0,6.0,30028,M,4416802.0,460814.0,30
201700024100,17,5,9,1100,1,2,1,1.0,6.0,30028,M,4416529.0,461932.0,30
201700024101,17,5,31,1700,1,1,1,1.0,6.0,30028,M,4416399.0,462252.0,30
201700024102,17,5,22,1730,1,1,1,1.0,6.0,30028,M,4413976.0,463025.0,30
201700024103,17,1,1,1030,1,2,3,1.0,1.0,30189,M,4384138.0,437155.0,30
201700024104,17,12,26,1350,1,2,3,1.0,2.0,30189,M,4382887.0,437228.0,30
201700024105,17,12,3,1850,5,2,1,1.0,3.0,30189,M,4383214.0,438047.0,30
201700024106,17,1,5,1355,1,2,1,1.0,6.0,30189,M,4383385.0,434834.0,30
201700024107,17,1,12,1915,2,2,3,1.0,3.0,30189,M,4382182.0,433766.0,30
201700024108,17,1,11,1825,2,2,6,1.0,6.0,30189,M,4382753.0,437447.0,30
201700024109,17,1,15,1500,1,2,1,1.0,3.0,30189,M,4382626.0,433243.0,30
201700024110,17,1,17,820,1,2,3,1.0,3.0,30189,M,4382003.0,433603.0,30
201700024111,17,1,18,2110,5,2,2,1.0,3.0,30189,M,4383891.0,435982.0,30
201700024112,17,1,29,1600,1,2,4,1.0,2.0,30189,M,4383067.0,432335.0,30
201700024113,17,2,20,900,1,1,1,1.0,6.0,30189,M,4383966.0,436277.0,30
201700024114,17,2,20,1455,1,2,3,1.0,2.0,30189,M,4383579.0,439949.0,30
201700024115,17,2,19,2207,5,2,1,1.0,6.0,30189,M,4382737.0,437478.0,30
201700024116,17,1,26,1713,1,2,1,1.0,6.0,30189,M,4384190.0,434124.0,30
201700024117,17,1,9,730,5,2,1,1.0,6.0,30189,M,4382953.0,436200.0,30
201700024118,17,2,22,1150,1,2,1,1.0,4.0,30189,M,4382940.0,432390.0,30
201700024119,17,1,22,545,3,2,6,1.0,6.0,30189,M,4381413.0,433476.0,30
201700024120,17,2,23,2025,5,2,4,1.0,1.0,30189,M,4383707.0,436586.0,30
201700024121,17,1,3,1629,1,2,4,1.0,3.0,30189,M,4382409.0,435222.0,30
201700024122,17,1,2,1710,1,2,1,1.0,2.0,30189,M,4382036.0,433370.0,30
201700024123,17,3,7,1835,5,2,3,1.0,6.0,30189,M,4383879.0,435828.0,30
201700024124,17,2,28,1920,5,2,9,1.0,3.0,30189,M,4384120.0,431660.0,30
201700024125,17,2,13,2128,4,2,1,1.0,1.0,30189,M,4384119.0,436736.0,30
201700024126,17,3,3,1125,1,2,1,1.0,4.0,30189,M,4381890.0,433749.0,30
201700024127,17,3,12,1552,1,2,3,8.0,6.0,30189,M,4383719.0,438510.0,30
201700024128,17,3,11,245,5,2,2,1.0,2.0,30189,M,4383893.0,435918.0,30
201700024129,17,3,18,1810,1,1,1,1.0,3.0,30189,M,4376020.0,440596.0,30
201700024130,17,3,22,1140,1,2,6,1.0,3.0,30189,M,4381806.0,434760.0,30
201700024131,17,4,10,1025,1,2,6,1.0,3.0,30189,M,4381070.0,433070.0,30
201700024132,17,3,31,1425,1,2,1,1.0,2.0,30189,M,,,30
201700024133,17,3,31,430,5,2,2,1.0,3.0,30189,M,4382962.0,435930.0,30
201700024134,17,2,27,1933,1,2,3,1.0,6.0,30189,M,4383003.0,436237.0,30
201700024135,17,2,28,1538,1,2,6,1.0,1.0,30189,M,4382939.0,438317.0,30
201700024136,17,3,30,1900,1,2,2,1.0,3.0,30189,M,4383962.0,437165.0,30
201700024137,17,4,5,30,5,2,1,1.0,6.0,30189,M,4384858.0,437350.0,30
201700024138,17,4,7,1300,1,2,4,1.0,3.0,30189,M,4381877.0,434306.0,30
201700024139,17,4,3,2029,5,2,1,1.0,1.0,30189,M,4382105.0,434731.0,30
201700024140,17,4,11,924,1,2,6,1.0,3.0,30189,M,4381582.0,434835.0,30
201700024141,17,4,9,344,5,2,1,1.0,7.0,30189,M,4386305.0,433049.0,30
201700024142,17,4,22,1545,1,1,1,1.0,6.0,30189,M,4386919.0,440834.0,30
201700024143,17,4,22,1958,1,2,1,1.0,6.0,30189,M,4383002.0,435660.0,30
201700024144,17,4,9,355,3,1,1,1.0,2.0,30189,M,4387227.0,431955.0,30
201700024145,17,4,29,2000,1,1,2,1.0,3.0,30189,M,4380521.0,433645.0,30
201700024146,17,5,6,829,1,1,1,1.0,6.0,30189,M,4383501.0,435116.0,30
201700024147,17,5,7,558,2,2,1,1.0,6.0,30189,M,4383542.0,435061.0,30
201700024148,17,5,8,850,1,1,1,1.0,6.0,30189,M,4389126.0,441769.0,30
201700024149,17,4,30,2310,3,1,1,3.0,7.0,30189,M,,,30
201700024150,17,5,11,1600,1,2,1,1.0,3.0,30189,M,4387010.0,432259.0,30
201700024151,17,4,28,1810,1,2,1,1.0,6.0,30189,M,4384045.0,435936.0,30
201700024152,17,5,13,1430,1,1,3,1.0,2.0,30189,M,4385389.0,432143.0,30
201700024153,17,5,21,1420,1,1,1,1.0,6.0,30189,M,4378153.0,435125.0,30
201700024154,17,5,21,2025,1,2,1,1.0,3.0,30189,M,4383740.0,434198.0,30
201700024155,17,5,23,1015,1,2,1,1.0,6.0,30189,M,4382258.0,436459.0,30
201700024156,17,4,27,200,5,2,1,1.0,7.0,30189,M,,,30
201700024157,17,4,3,1505,1,2,6,1.0,3.0,30189,M,4383012.0,433239.0,30
201700024158,17,5,23,1150,1,1,2,1.0,1.0,30189,M,4380500.0,433667.0,30
201700024159,17,5,17,822,1,2,1,1.0,1.0,30189,M,4386083.0,440243.0,30
201700024160,17,4,7,1720,1,2,3,1.0,3.0,30189,M,4384747.0,439719.0,30
201700024161,17,4,11,340,3,1,1,1.0,7.0,30189,M,4377815.0,434172.0,30
201700024162,17,4,13,2250,5,2,1,1.0,7.0,30189,M,,,30
201700024163,17,4,28,1550,1,2,2,1.0,3.0,30189,M,4383764.0,436704.0,30
201700024164,17,5,18,1743,1,2,1,1.0,6.0,30189,M,4383129.0,438912.0,30
201700024165,17,5,28,850,1,2,2,1.0,3.0,30189,M,4384264.0,438354.0,30
201700024166,17,6,6,1905,1,2,2,1.0,6.0,30189,M,4382961.0,436194.0,30
201700024167,17,6,12,1715,1,1,1,1.0,3.0,30189,M,4385714.0,432400.0,30
201700024168,17,6,13,1650,1,2,1,1.0,6.0,30189,M,4383834.0,434996.0,30
201700024169,17,6,17,850,1,2,2,1.0,2.0,30189,M,4383216.0,435801.0,30
201700024170,17,6,19,1450,1,2,2,1.0,3.0,30189,M,4382262.0,434767.0,30
201700024171,17,6,18,2215,5,2,1,1.0,1.0,30189,M,4382450.0,433491.0,30
201700024172,17,6,20,30,3,1,1,1.0,1.0,30189,M,4388519.0,438034.0,30
201700024173,17,6,25,430,5,2,2,1.0,7.0,30189,M,4385210.0,440031.0,30
201700024174,17,6,29,1800,1,2,3,1.0,6.0,30189,M,4382109.0,436264.0,30
201700024175,17,5,30,1955,2,2,6,1.0,3.0,30189,M,4381624.0,434873.0,30
201700024176,17,6,8,1609,1,2,3,1.0,6.0,30189,M,4384057.0,437215.0,30
201700024177,17,6,30,2254,5,2,3,1.0,3.0,30189,M,4383764.0,436533.0,30
201700024178,17,5,14,1850,2,2,1,1.0,2.0,30189,M,4380020.0,431710.0,30
201700024179,17,5,6,102,5,2,3,1.0,3.0,30189,M,4382306.0,435488.0,30
201700024180,17,7,13,1550,1,2,2,1.0,6.0,30189,M,4382044.0,435768.0,30
201700024181,17,7,18,645,2,1,1,1.0,5.0,30189,M,4388940.0,429330.0,30
201700024182,17,7,5,1138,1,2,6,1.0,3.0,30189,M,4381174.0,436651.0,30
201700024183,17,7,25,810,1,2,3,1.0,3.0,30189,M,4383690.0,437119.0,30
201700024184,17,6,17,2300,4,2,2,1.0,6.0,30189,M,4383402.0,435101.0,30
201700024185,17,7,12,1120,1,2,2,1.0,3.0,30189,M,4384083.0,437107.0,30
201700024186,17,6,17,145,5,2,3,1.0,7.0,30189,M,4384517.0,438398.0,30
201700024187,17,6,25,650,2,2,2,1.0,3.0,30189,M,4383690.0,437110.0,30
201700024188,17,8,4,1620,1,2,3,1.0,6.0,30189,M,4384044.0,436002.0,30
201700024189,17,8,8,120,5,2,2,1.0,3.0,30189,M,4383136.0,435844.0,30
201700024190,17,9,27,2025,4,2,2,1.0,3.0,30189,M,4381277.0,437061.0,30
201700024191,17,8,13,525,5,2,2,1.0,1.0,30189,M,4383833.0,435547.0,30
201700024192,17,8,21,1400,1,2,1,1.0,2.0,30189,M,4381334.0,430950.0,30
201700024193,17,7,12,110,5,2,1,1.0,7.0,30189,M,4384418.0,437299.0,30
201700024194,17,8,10,100,5,2,1,1.0,2.0,30189,M,4382630.0,435373.0,30
201700024195,17,8,25,2340,5,2,1,1.0,2.0,30189,M,4382080.0,433145.0,30
201700024196,17,9,23,2235,5,2,3,1.0,3.0,30189,M,4385355.0,437916.0,30
201700024197,17,9,4,1810,1,2,1,1.0,6.0,30189,M,4381714.0,435571.0,30
201700024198,17,7,27,2200,5,2,1,1.0,7.0,30189,M,4384484.0,439185.0,30
201700024199,17,7,27,1630,1,2,1,1.0,6.0,30189,M,4382800.0,437374.0,30
201700024200,17,7,28,1640,1,2,6,1.0,2.0,30189,M,4381562.0,434092.0,30
201700024201,17,7,18,1635,1,2,3,1.0,6.0,30189,M,4383822.0,435557.0,30
201700024202,17,8,9,2140,5,2,3,1.0,3.0,30189,M,4381689.0,435302.0,30
201700024203,17,9,2,410,5,2,1,1.0,7.0,30189,M,4386229.0,437315.0,30
201700024204,17,9,3,2315,5,1,1,1.0,7.0,30189,M,4383120.0,444551.0,30
201700024205,17,8,25,2145,5,2,1,1.0,7.0,30189,M,4383090.0,436521.0,30
201700024206,17,8,31,240,5,2,1,1.0,6.0,30189,M,4384869.0,436333.0,30
201700024207,17,8,11,2355,5,2,3,1.0,7.0,30189,M,4382853.0,433322.0,30
201700024208,17,9,11,1900,1,2,3,1.0,3.0,30189,M,4382231.0,436232.0,30
201700024209,17,9,14,1820,1,2,3,1.0,3.0,30189,M,4383886.0,436891.0,30
201700024210,17,8,17,1100,1,2,3,1.0,3.0,30189,M,4384043.0,436031.0,30
201700024211,17,8,29,740,1,2,1,1.0,3.0,30189,M,4388503.0,438015.0,30
201700024212,17,9,12,2120,5,2,1,1.0,7.0,30189,M,4382945.0,436166.0,30
201700024213,17,9,26,1115,1,2,1,1.0,7.0,30189,M,4386170.0,429249.0,30
201700024214,17,9,26,2028,5,2,1,1.0,6.0,30189,M,4381843.0,433798.0,30
201700024215,17,9,26,650,2,2,2,1.0,5.0,30189,M,4385570.0,433720.0,30
201700024216,17,8,25,605,3,2,6,1.0,6.0,30189,M,4382430.0,432720.0,30
201700024217,17,8,24,1413,1,2,1,1.0,6.0,30189,M,4381939.0,435874.0,30
201700024218,17,10,7,1515,1,2,2,1.0,3.0,30189,M,4381115.0,433024.0,30
201700024219,17,8,10,910,1,2,1,1.0,3.0,30189,M,4382119.0,430014.0,30
201700024220,17,8,11,14,5,2,1,1.0,4.0,30189,M,4383682.0,438822.0,30
201700024221,17,10,12,2225,5,2,2,1.0,7.0,30189,M,4382841.0,435485.0,30
201700024222,17,9,4,2252,5,2,1,1.0,1.0,30189,M,4384126.0,437512.0,30
201700024223,17,9,13,715,1,2,1,1.0,6.0,30189,M,4382391.0,432769.0,30
201700024224,17,9,27,1655,1,2,1,1.0,6.0,30189,M,4384398.0,437158.0,30
201700024225,17,10,18,1330,1,2,2,1.0,3.0,30189,M,4383051.0,435394.0,30
201700024226,17,10,22,2205,3,1,1,1.0,6.0,30189,M,4389366.0,438797.0,30
201700024227,17,10,20,1925,2,2,1,1.0,6.0,30189,M,,,30
201700024228,17,11,2,1730,3,2,2,1.0,3.0,30189,M,4380521.0,433645.0,30
201700024229,17,11,1,1955,5,2,1,1.0,3.0,30189,M,4383762.0,432750.0,30
201700024230,17,11,3,940,1,2,2,1.0,3.0,30189,M,4384204.0,435852.0,30
201700024231,17,11,5,540,4,2,1,8.0,6.0,30189,M,4383225.0,438368.0,30
201700024232,17,11,3,2235,3,1,1,1.0,7.0,30189,M,4388705.0,429699.0,30
201700024233,17,11,18,1540,1,2,1,1.0,5.0,30189,M,4381620.0,434300.0,30
201700024234,17,10,19,1900,5,2,6,1.0,3.0,30189,M,4382428.0,436962.0,30
201700024235,17,11,16,1310,1,1,1,1.0,1.0,30189,M,4386914.0,440830.0,30
201700024236,17,11,4,2225,5,2,2,3.0,3.0,30189,M,4381824.0,436622.0,30
201700024237,17,10,27,2115,5,2,6,1.0,6.0,30189,M,4381528.0,433972.0,30
201700024238,17,11,28,1649,1,2,1,1.0,6.0,30189,M,,,30
201700024239,17,12,4,1600,1,2,6,1.0,3.0,30189,M,4381771.0,436052.0,30
201700024240,17,12,5,1810,3,2,1,1.0,3.0,30189,M,4378854.0,435189.0,30
201700024241,17,12,6,1810,5,2,1,1.0,1.0,30189,M,4382972.0,432638.0,30
201700024242,17,10,7,1019,1,2,3,1.0,2.0,30189,M,4385194.0,432456.0,30
201700024243,17,10,20,2203,3,1,1,1.0,6.0,30189,M,4387034.0,432200.0,30
201700024244,17,10,31,2350,5,2,3,1.0,3.0,30189,M,4384624.0,439214.0,30
201700024245,17,10,20,2325,5,2,3,1.0,3.0,30189,M,4383033.0,435197.0,30
201700024246,17,12,13,730,2,2,3,1.0,6.0,30189,M,4383797.0,437771.0,30
201700024247,17,12,13,1148,1,2,1,1.0,4.0,30189,M,4382837.0,437644.0,30
201700024248,17,11,29,910,1,2,1,1.0,6.0,30189,M,4384283.0,436976.0,30
201700024249,17,12,15,225,3,1,1,1.0,6.0,30189,M,,,30
201700024250,17,12,21,1135,1,2,1,1.0,4.0,30189,M,4383045.0,432333.0,30
201700024251,17,12,22,2015,3,2,3,1.0,3.0,30189,M,4380273.0,437397.0,30
201700024252,17,12,27,1140,1,2,2,1.0,3.0,30189,M,4382228.0,436230.0,30
201700024253,17,1,25,840,1,1,1,9.0,5.0,63013,M,4597634.0,318071.0,63
201700024254,17,2,27,2110,3,1,1,2.0,6.0,63432,M,4596180.0,327707.0,63
201700024255,17,3,11,700,2,1,1,1.0,6.0,63013,M,4598496.0,318451.0,63
201700024256,17,3,27,1345,1,1,2,1.0,6.0,63473,M,4593846.0,310229.0,63
201700024257,17,4,2,2145,3,1,1,1.0,1.0,63035,M,4596385.0,310502.0,63
201700024258,17,4,22,1735,1,2,3,1.0,3.0,63001,M,4602396.0,320175.0,63
201700024259,17,5,25,1820,1,2,2,1.0,6.0,63061,M,4600567.0,323338.0,63
201700024260,17,6,24,1620,1,2,1,1.0,6.0,63001,M,4601513.0,319834.0,63
201700024261,17,6,24,1943,1,1,2,1.0,3.0,63327,M,4592880.0,314340.0,63
201700024262,17,11,13,1700,2,1,1,2.0,6.0,63311,M,,,63
201700024263,17,12,26,915,1,2,1,1.0,6.0,63327,M,4592611.0,311559.0,63
201700024264,17,2,3,600,3,1,1,9.0,1.0,63198,M,4592372.0,303514.0,63
201700024265,17,4,9,1430,1,1,1,1.0,7.0,63388,M,4593819.0,275884.0,63
201700024266,17,4,23,1200,1,2,3,1.0,2.0,63206,M,4596235.0,293904.0,63
201700024267,17,4,29,1755,1,1,1,1.0,7.0,63408,M,4598290.0,279107.0,63
201700024268,17,5,25,530,2,1,2,1.0,1.0,63349,M,4594547.0,285966.0,63
201700024269,17,8,6,1540,1,1,1,1.0,7.0,63092,M,4594140.0,300444.0,63
201700024270,17,8,13,1855,1,1,9,1.0,7.0,63318,M,4601541.0,292797.0,63
201700024271,17,8,28,1802,1,1,3,1.0,3.0,63354,M,4603665.0,281927.0,63
201700024272,17,9,21,2045,3,1,1,1.0,6.0,63041,M,4599293.0,269544.0,63
201700024273,17,10,17,1550,1,1,1,1.0,1.0,63388,M,4597504.0,279112.0,63
201700024274,17,11,12,2115,3,1,1,2.0,1.0,63349,M,4594843.0,287673.0,63
201700024275,17,12,5,830,1,1,1,5.0,6.0,63354,M,4602579.0,284855.0,63
201700024276,17,4,2,1845,1,1,1,8.0,1.0,63386,M,4572375.0,280195.0,63
201700024277,17,4,23,245,3,1,1,1.0,7.0,63225,M,4561202.0,255943.0,63
201700024278,17,6,5,1700,1,1,1,1.0,1.0,63274,M,4567419.0,278990.0,63
201700024279,17,6,24,1330,1,1,1,1.0,6.0,63189,M,4565997.0,275036.0,63
201700024280,17,7,1,615,1,1,1,8.0,6.0,63071,M,4576781.0,292160.0,63
201700024281,17,8,4,1610,1,1,3,1.0,7.0,63410,M,4576498.0,258801.0,63
201700024282,17,8,12,1615,1,2,1,1.0,6.0,63191,M,4571127.0,256906.0,63
201700024283,17,9,17,2105,3,1,1,2.0,1.0,63248,M,4572225.0,289623.0,63
201700024284,17,9,25,900,1,1,1,2.0,1.0,63163,M,4576103.0,274648.0,63
201700024285,17,11,10,1540,1,2,3,2.0,3.0,63071,M,4576747.0,289740.0,63
201700024286,17,11,13,845,1,1,1,4.0,7.0,63020,M,4568819.0,293323.0,63
201700024287,17,4,18,1745,1,1,1,1.0,6.0,23002,M,4622277.0,203637.0,23
201700024288,17,5,29,2100,3,1,1,1.0,1.0,23262,M,4616652.0,207561.0,23
201700024289,17,6,10,1537,1,1,1,1.0,5.0,23247,M,4621907.0,178926.0,23
201700024290,17,6,25,1835,1,1,1,1.0,3.0,23138,M,4608275.0,206254.0,23
201700024291,17,8,27,1800,1,1,1,1.0,7.0,23002,M,4620299.0,198166.0,23
201700024292,17,10,1,540,3,1,1,1.0,6.0,23154,M,4614806.0,204657.0,23
201700024293,17,12,9,1330,1,1,1,1.0,6.0,23092,M,4623492.0,191086.0,23
201700024294,17,12,30,1210,1,1,2,3.0,3.0,23208,M,4617148.0,180563.0,23
201700024295,17,1,1,1930,3,1,1,1.0,5.0,26106,M,,,26
201700024296,17,1,14,2200,3,1,1,1.0,6.0,26191,M,,,26
201700024297,17,2,27,2340,3,1,1,3.0,1.0,26166,M,,,26
201700024298,17,3,4,2345,3,1,1,1.0,6.0,26005,M,,,26
201700024299,17,3,22,2045,3,1,1,8.0,7.0,26116,M,,,26
201700024300,17,5,14,120,3,1,1,1.0,6.0,26116,M,,,26
201700024301,17,5,21,1930,1,1,1,1.0,6.0,26324,M,,,26
201700024302,17,5,26,10,3,1,1,1.0,2.0,26116,M,,,26
201700024303,17,7,13,1300,1,1,9,1.0,2.0,26005,M,,,26
201700024304,17,7,29,550,2,1,1,1.0,4.0,26337,M,,,26
201700024305,17,8,2,1030,1,1,1,1.0,7.0,26169,M,,,26
201700024306,17,8,16,320,3,1,1,1.0,6.0,26005,M,,,26
201700024307,17,9,24,1820,1,1,1,1.0,3.0,26337,M,,,26
201700024308,17,10,18,1245,1,1,1,1.0,3.0,26095,M,,,26
201700024309,17,12,4,725,2,1,1,1.0,5.0,26116,M,,,26
201700024310,17,12,9,700,3,1,1,8.0,5.0,26169,M,,,26
201700024311,17,12,16,1215,1,1,1,1.0,2.0,26116,M,,,26
201700024312,17,2,11,500,3,1,1,1.0,1.0,84127,M,4420989.0,486837.0,84
201700024313,17,2,25,1645,1,1,1,7.0,6.0,84091,M,4418161.0,479194.0,84
201700024314,17,3,14,1735,1,1,2,1.0,3.0,84029,M,4416497.0,485798.0,84
201700024315,17,5,13,900,1,2,3,1.0,2.0,84106,M,4424019.0,490462.0,84
201700024316,17,7,11,740,1,2,3,1.0,6.0,84029,M,4416546.0,487253.0,84
201700024317,17,9,5,1850,1,1,3,1.0,3.0,84127,M,4418838.0,483580.0,84
201700024318,17,11,29,1240,1,2,1,1.0,6.0,84091,M,4417983.0,476202.0,84
201700024319,17,11,29,1812,4,2,1,1.0,6.0,84091,M,4417981.0,475929.0,84
201700024320,17,12,9,1410,1,1,6,1.0,3.0,84029,M,4415720.0,486360.0,84
201700024321,17,12,20,1620,1,2,1,1.0,1.0,84091,M,4418012.0,475893.0,84
201700024322,17,1,7,300,3,1,1,6.0,7.0,11012,M,4331054.0,291087.0,11
201700024323,17,2,18,2230,5,2,1,1.0,1.0,11203,M,4320129.0,277326.0,11
201700024324,17,4,4,1610,1,1,3,6.0,6.0,11164,M,4328773.0,287012.0,11
201700024325,17,4,19,1100,1,2,9,1.0,2.0,11172,M,4326634.0,272490.0,11
201700024326,17,4,27,1210,1,2,3,1.0,3.0,11353,M,4324691.0,291970.0,11
201700024327,17,6,7,1550,1,1,1,1.0,3.0,11111,M,4319302.0,280094.0,11
201700024328,17,6,29,900,1,2,2,1.0,3.0,11233,M,4328395.0,290027.0,11
201700024329,17,7,1,900,1,1,1,1.0,6.0,11140,M,4313123.0,273306.0,11
201700024330,17,7,13,1735,1,1,3,7.0,3.0,11067,M,4321256.0,284383.0,11
201700024331,17,7,28,120,5,1,6,1.0,2.0,11360,M,4325618.0,291031.0,11
201700024332,17,8,2,945,1,2,6,1.0,6.0,11203,M,4320304.0,275202.0,11
201700024333,17,8,7,1900,1,1,1,1.0,6.0,11148,M,4316868.0,268817.0,11
201700024334,17,8,17,830,1,1,1,1.0,2.0,11164,M,4328986.0,286841.0,11
201700024335,17,8,26,2030,1,2,1,1.0,6.0,11203,M,4320407.0,276205.0,11
201700024336,17,10,4,745,1,1,4,1.0,3.0,11360,M,4326598.0,289973.0,11
201700024337,17,10,24,845,1,2,1,1.0,6.0,11353,M,4324305.0,292246.0,11
201700024338,17,12,5,1710,2,2,3,1.0,3.0,11353,M,4324545.0,292509.0,11
201700024339,17,12,9,1910,3,1,1,1.0,1.0,11393,M,4325854.0,274572.0,11
201700024340,17,10,10,1035,1,2,1,2.0,2.0,67131,M,4848844.0,772262.0,67
201700024341,17,2,21,1755,2,1,3,1.0,3.0,35085,M,4842462.0,-175539.0,35
201700024342,17,2,26,130,3,1,1,1.0,6.0,35085,M,4841336.0,-176246.0,35
201700024343,17,4,20,1900,1,2,1,1.0,1.0,35318,M,4833828.0,-193244.0,35
201700024344,17,5,31,1700,1,1,1,1.0,7.0,35172,M,4843654.0,-180082.0,35
201700024345,17,6,26,1935,2,1,1,1.0,3.0,35085,M,4840625.0,-177633.0,35
201700024346,17,8,13,1900,1,1,1,1.0,6.0,35265,M,4836415.0,-184817.0,35
201700024347,17,8,31,2135,3,1,1,2.0,3.0,35337,M,4833715.0,-186066.0,35
201700024348,17,10,27,1915,3,1,1,5.0,7.0,35172,M,4841506.0,-182102.0,35
201700024349,17,11,3,1945,3,1,3,2.0,5.0,35337,M,4831698.0,-187714.0,35
201700024350,17,11,8,1255,1,1,2,1.0,3.0,35225,M,4839506.0,-191909.0,35
201700024351,17,12,12,825,1,1,1,9.0,1.0,35172,M,4841963.0,-187134.0,35
201700024352,17,1,10,1920,3,1,1,1.0,3.0,27073,M,4885885.0,132820.0,27
201700024353,17,1,18,1930,5,2,2,1.0,3.0,27507,M,4890536.0,128105.0,27
201700024354,17,2,19,1250,1,2,2,1.0,3.0,27271,M,4894866.0,130620.0,27
201700024355,17,3,13,2030,3,1,3,1.0,3.0,27421,M,4890998.0,134604.0,27
201700024356,17,3,23,830,1,2,2,2.0,3.0,27230,M,4885831.0,139695.0,27
201700024357,17,3,30,1645,1,2,1,1.0,2.0,27507,M,4890536.0,127899.0,27