Num_Acc,an,mois,jour,hrmn,lum,agg,int,atm,col,com,gps,lat,long,dep
201700024358,17,4,1,1445,1,2,1,1.0,3.0,27355,M,4888212.0,146091.0,27
201700024359,17,4,30,5,5,2,1,1.0,6.0,27017,M,4899248.0,115615.0,27
201700024360,17,5,16,2300,5,2,2,1.0,3.0,27230,M,4907156.0,147249.0,27
201700024361,17,5,31,2020,1,1,1,1.0,3.0,27391,M,4883539.0,132447.0,27
201700024362,17,5,31,1445,1,1,9,1.0,3.0,27507,M,4889645.0,127023.0,27
201700024363,17,5,31,1815,1,2,3,1.0,1.0,27507,M,4892737.0,128906.0,27
201700024364,17,6,8,1015,1,1,1,1.0,3.0,27309,M,4887428.0,136925.0,27
201700024365,17,7,1,240,5,2,3,1.0,3.0,27507,M,4890990.0,128240.0,27
201700024366,17,8,8,1750,1,1,1,1.0,1.0,27193,M,4883480.0,135850.0,27
201700024367,17,8,24,1620,1,1,3,1.0,3.0,27183,M,4889170.0,141200.0,27
201700024368,17,9,10,1110,1,1,1,1.0,3.0,27230,M,4886908.0,142050.0,27
201700024369,17,10,6,1420,1,2,1,1.0,1.0,27278,M,4891730.0,143020.0,27
201700024370,17,1,23,520,3,1,1,5.0,7.0,62756,M,5088793.0,218044.0,62
201700024371,17,2,23,2120,5,1,1,6.0,6.0,62645,M,5098382.0,197737.0,62
201700024372,17,4,4,1900,1,2,1,1.0,7.0,62906,M,5085077.0,205615.0,62
201700024373,17,5,22,1715,1,1,2,1.0,3.0,62662,M,5085764.0,209901.0,62
201700024374,17,5,29,715,1,2,1,1.0,1.0,62621,M,5088766.0,203881.0,62
201700024375,17,6,14,1835,1,1,1,1.0,5.0,62614,M,5085252.0,200665.0,62
201700024376,17,7,27,430,3,1,1,1.0,6.0,62645,M,5098858.0,207506.0,62
201700024377,17,8,22,1635,1,1,1,1.0,3.0,62531,M,5082298.0,199796.0,62
201700024378,17,8,24,325,5,2,1,1.0,6.0,62038,M,5085686.0,197659.0,62
201700024379,17,8,29,1750,1,1,1,1.0,1.0,62634,M,5095374.0,201437.0,62
201700024380,17,9,1,2220,3,1,1,1.0,6.0,62531,M,5083380.0,202544.0,62
201700024381,17,9,23,615,2,2,1,1.0,6.0,62645,M,5097822.0,204521.0,62
201700024382,17,11,1,300,3,1,1,1.0,6.0,62645,M,5098282.0,197810.0,62
201700024383,17,11,23,720,3,2,3,1.0,3.0,62852,M,5093291.0,208362.0,62
201700024384,17,11,25,1730,3,1,1,1.0,1.0,62155,M,5078322.0,202286.0,62
201700024385,17,1,7,1315,1,1,1,1.0,5.0,83004,M,4344806.0,648541.0,83
201700024386,17,1,26,1230,1,1,6,1.0,6.0,83004,M,4346221.0,648927.0,83
201700024387,17,2,27,2020,3,1,1,2.0,1.0,83134,M,4344038.0,645435.0,83
201700024388,17,2,26,2100,5,1,1,1.0,2.0,83086,M,4347579.0,653197.0,83
201700024389,17,3,13,5,3,1,1,1.0,3.0,83086,M,4343538.0,657185.0,83
201700024390,17,3,15,1630,1,2,1,1.0,3.0,83148,M,4343041.0,643535.0,83
201700024391,17,3,15,2300,5,1,1,1.0,3.0,83148,M,4341895.0,642330.0,83
201700024392,17,3,20,2030,5,2,1,1.0,3.0,83086,M,4347205.0,655565.0,83
201700024393,17,3,22,1425,1,1,1,1.0,1.0,83004,M,4345567.0,651412.0,83
201700024394,17,4,4,140,3,1,1,1.0,6.0,83148,M,4340359.0,639272.0,83
201700024395,17,4,17,1347,1,2,1,1.0,6.0,83086,M,4346948.0,655720.0,83
201700024396,17,5,2,1530,1,1,1,2.0,6.0,83086,M,4346857.0,657701.0,83
201700024397,17,5,13,1945,1,1,1,1.0,1.0,83134,M,4343485.0,644207.0,83
201700024398,17,5,17,1015,1,1,1,1.0,2.0,83004,M,4344806.0,648541.0,83
201700024399,17,4,28,1305,1,2,1,1.0,6.0,83004,M,4345586.0,648191.0,83
201700024400,17,5,25,935,1,1,1,1.0,3.0,83085,M,4353552.0,654323.0,83
201700024401,17,6,24,1200,1,2,1,1.0,6.0,83086,M,4347560.0,654802.0,83
201700024402,17,7,6,1855,1,1,1,1.0,2.0,83148,M,4340557.0,640789.0,83
201700024403,17,8,25,2200,3,1,9,1.0,6.0,83086,M,4346615.0,654564.0,83
201700024404,17,10,9,950,1,1,1,1.0,3.0,83004,M,4345402.0,650990.0,83
201700024405,17,10,11,810,1,2,1,1.0,1.0,83086,M,4347856.0,656629.0,83
201700024406,17,10,30,1820,5,2,1,1.0,6.0,83086,M,4347493.0,656184.0,83
201700024407,17,10,20,1000,1,2,1,1.0,3.0,83148,M,4341620.0,642042.0,83
201700024408,17,11,11,1245,1,1,1,1.0,3.0,83134,M,4343813.0,644905.0,83
201700024409,17,7,17,845,1,2,1,1.0,6.0,51320,M,4906849.0,375674.0,51
201700024410,17,8,25,10,3,1,3,1.0,6.0,51136,M,4909420.0,375655.0,51
201700024411,17,8,24,2150,5,2,1,1.0,6.0,51121,M,4912073.0,363277.0,51
201700024412,17,2,22,1040,1,2,1,1.0,6.0,05133,M,4493399.0,658802.0,05
201700024413,17,5,14,955,1,1,1,1.0,6.0,05027,M,4486743.0,670983.0,05
201700024414,17,6,17,1535,1,1,1,1.0,1.0,05027,M,4482260.0,673597.0,05
201700024415,17,7,10,1145,1,1,1,1.0,1.0,05027,M,4483814.0,672340.0,05
201700024416,17,7,14,1205,1,1,1,1.0,1.0,05027,M,4485389.0,672570.0,05
201700024417,17,7,19,1045,1,2,1,1.0,3.0,05085,M,4492888.0,671503.0,05
201700024418,17,9,17,1410,1,1,3,1.0,3.0,05174,M,4491260.0,667175.0,05
201700024419,17,11,20,1620,1,1,1,1.0,7.0,05174,M,4495720.0,667918.0,05
201700024420,17,3,5,650,2,1,1,1.0,6.0,55178,M,4881644.0,528115.0,55
201700024421,17,3,31,1630,1,1,1,1.0,6.0,55369,M,4879877.0,523784.0,55
201700024422,17,7,12,1730,1,1,1,8.0,6.0,55446,M,4883361.0,529560.0,55
201700024423,17,3,16,1700,1,1,1,1.0,6.0,67116,M,4830207.0,754681.0,67
201700024424,17,5,2,1740,1,1,1,1.0,1.0,67445,M,4829095.0,744275.0,67
201700024425,17,5,13,1545,1,1,1,1.0,7.0,67445,M,4829095.0,744275.0,67
201700024426,17,7,31,1255,1,2,1,8.0,1.0,67426,M,4835048.0,728859.0,67
201700024427,17,8,12,1650,1,2,6,1.0,2.0,67507,M,4834270.0,730770.0,67
201700024428,17,10,4,1845,2,1,1,1.0,6.0,67362,M,4824913.0,734563.0,67
201700024429,17,10,5,1315,1,1,1,1.0,1.0,67239,M,4825486.0,740992.0,67
201700024430,17,10,28,1900,3,1,1,1.0,2.0,67445,M,4829113.0,745777.0,67
201700024431,17,12,15,2030,3,1,1,1.0,1.0,67490,M,4832130.0,734629.0,67
201700024432,17,1,6,2024,3,1,1,1.0,1.0,31344,M,4309701.0,78031.0,31
201700024433,17,1,9,910,1,2,4,1.0,3.0,31483,M,,,31
201700024434,17,1,16,915,1,2,4,2.0,7.0,31483,M,4310634.0,72514.0,31
201700024435,17,1,26,1425,1,1,1,1.0,1.0,31483,M,,,31
201700024436,17,2,2,2210,5,2,1,1.0,7.0,31483,M,4311314.0,75627.0,31
201700024437,17,2,7,1045,1,2,2,2.0,6.0,31483,M,4310747.0,72386.0,31
201700024438,17,2,25,1505,1,2,1,1.0,2.0,31483,M,4311070.0,73669.0,31
201700024439,17,3,10,1825,1,1,1,1.0,7.0,31483,M,4310213.0,70480.0,31
201700024440,17,3,19,2250,5,2,1,1.0,6.0,31483,M,4311626.0,73204.0,31
201700024441,17,3,20,1350,1,1,1,8.0,6.0,31483,M,4312970.0,72405.0,31
201700024442,17,3,24,845,1,2,1,1.0,2.0,31483,M,4311031.0,71852.0,31
201700024443,17,4,24,1700,1,2,1,1.0,7.0,31483,M,4311168.0,74310.0,31
201700024444,17,4,26,1658,1,2,1,1.0,6.0,31483,M,,,31
201700024445,17,4,27,1355,1,2,1,1.0,6.0,31483,M,4310902.0,72300.0,31
201700024446,17,5,29,2100,1,1,1,1.0,6.0,31565,M,4308446.0,69322.0,31
201700024447,17,6,9,1015,1,2,1,1.0,6.0,31483,M,4310941.0,72425.0,31
201700024448,17,6,9,1120,1,2,1,1.0,7.0,31483,M,4310649.0,72503.0,31
201700024449,17,6,9,1125,1,2,1,1.0,2.0,31344,M,,,31
201700024450,17,6,17,1905,1,2,1,1.0,2.0,31483,M,4311151.0,74156.0,31
201700024451,17,6,24,1450,1,1,1,1.0,6.0,31483,M,4313480.0,72672.0,31
201700024452,17,7,4,900,1,2,1,1.0,6.0,31483,M,4311062.0,73727.0,31
201700024453,17,7,3,1930,1,2,1,1.0,7.0,31483,M,4310596.0,71790.0,31
201700024454,17,7,7,1010,1,1,3,1.0,1.0,31483,M,4309736.0,71087.0,31
201700024455,17,7,7,1900,1,1,2,1.0,3.0,31483,M,4313884.0,73428.0,31
201700024456,17,7,10,1350,1,2,7,2.0,7.0,31483,M,4310766.0,72531.0,31
201700024457,17,7,20,1735,1,1,1,2.0,1.0,31344,M,4309228.0,75493.0,31
201700024458,17,7,26,1645,1,1,2,1.0,2.0,31483,M,4312862.0,72423.0,31
201700024459,17,9,5,758,1,2,6,1.0,3.0,31483,M,4311286.0,72089.0,31
201700024460,17,9,20,400,3,1,1,1.0,7.0,31344,M,4309690.0,75947.0,31
201700024461,17,10,13,1100,1,2,1,1.0,2.0,31483,M,4310886.0,72756.0,31
201700024462,17,10,16,1535,1,2,2,1.0,3.0,31483,M,4311023.0,71868.0,31
201700024463,17,10,24,818,1,1,1,1.0,6.0,31483,M,4310054.0,72848.0,31
201700024464,17,11,4,1910,3,2,1,2.0,3.0,31483,M,4312177.0,72560.0,31
201700024465,17,11,9,910,1,2,1,3.0,2.0,31483,M,4310846.0,72083.0,31
201700024466,17,11,20,1140,1,1,1,1.0,7.0,31483,M,4309612.0,73614.0,31
201700024467,17,12,8,1715,2,1,1,8.0,1.0,31344,M,4308868.0,75321.0,31
201700024468,17,12,13,630,3,1,1,1.0,6.0,31483,M,4314576.0,74062.0,31
201700024469,17,12,19,835,2,2,1,8.0,3.0,31565,M,4309512.0,70607.0,31
201700024470,17,12,26,1635,1,2,1,1.0,2.0,31483,M,4311167.0,74209.0,31
201700024471,17,1,6,2100,3,2,1,1.0,6.0,69285,M,4575789.0,505500.0,69
201700024472,17,1,20,1600,1,2,3,1.0,6.0,69285,M,4575969.0,506203.0,69
201700024473,17,2,4,115,5,2,1,1.0,6.0,69285,M,4575458.0,506236.0,69
201700024474,17,2,18,1200,1,2,1,1.0,3.0,69277,M,4572217.0,498093.0,69
201700024475,17,3,7,1510,1,1,1,1.0,6.0,69277,M,4572996.0,501621.0,69
201700024476,17,3,25,1500,1,2,1,1.0,6.0,69277,M,4573453.0,500206.0,69
201700024477,17,4,2,615,2,2,1,3.0,1.0,69277,M,4573508.0,501062.0,69
201700024478,17,4,30,1530,1,2,6,6.0,2.0,69277,M,4572795.0,501828.0,69
201700024479,17,6,12,2045,1,2,1,1.0,1.0,69277,M,4573169.0,501869.0,69
201700024480,17,7,9,1545,1,2,1,2.0,3.0,69277,M,4573438.0,499378.0,69
201700024481,17,7,7,2145,3,1,1,1.0,7.0,69279,M,4578202.0,504953.0,69
201700024482,17,8,1,1930,1,2,9,1.0,1.0,69280,M,4580003.0,507900.0,69
201700024483,17,8,31,1900,1,2,1,2.0,6.0,69277,M,4573451.0,498867.0,69
201700024484,17,9,21,1405,1,2,1,1.0,1.0,69285,M,4575888.0,505175.0,69
201700024485,17,10,1,740,1,2,1,1.0,3.0,69279,M,4579624.0,504604.0,69
201700024486,17,10,16,1600,1,1,1,1.0,2.0,69299,M,4571909.0,506036.0,69
201700024487,17,11,25,1020,1,2,6,2.0,2.0,69279,M,4579624.0,504604.0,69
201700024488,17,1,13,1835,3,2,1,1.0,6.0,85199,M,4651005.0,-106447.0,85
201700024489,17,4,20,2100,3,1,1,1.0,1.0,85033,M,4654356.0,-80688.0,85
201700024490,17,5,4,1415,1,1,2,1.0,3.0,85056,M,4657220.0,-94151.0,85
201700024491,17,5,11,1800,1,1,1,1.0,2.0,85199,M,4650821.0,-105054.0,85
201700024492,17,5,27,2315,3,2,2,1.0,3.0,85209,M,4652499.0,-99752.0,85
201700024493,17,7,22,700,1,1,1,1.0,1.0,85223,M,4658539.0,-111625.0,85
201700024494,17,9,5,1745,1,1,1,1.0,7.0,85223,M,4656173.0,-106822.0,85
201700024495,17,11,8,1822,3,1,2,1.0,5.0,85223,M,4656394.0,-107711.0,85
201700024496,17,12,6,1835,3,1,1,5.0,5.0,85290,M,4654036.0,-102410.0,85
201700024497,17,12,17,615,3,1,1,2.0,7.0,85223,M,4656148.0,-104667.0,85
201700024498,17,1,1,1410,1,2,1,1.0,7.0,31555,M,4364059.0,143910.0,31
201700024499,17,1,3,1035,1,1,1,1.0,4.0,31555,M,4360999.0,141550.0,31
201700024500,17,1,4,1700,1,2,6,1.0,3.0,31555,M,4359781.0,143070.0,31
201700024501,17,1,5,1930,3,1,1,1.0,4.0,31069,M,4366108.0,136153.0,31
201700024502,17,1,6,1615,1,2,3,1.0,3.0,31555,M,4360629.0,146333.0,31
201700024503,17,1,7,2115,5,2,1,1.0,2.0,31555,M,4364342.0,143907.0,31
201700024504,17,1,7,2130,5,2,3,1.0,3.0,31555,M,4361421.0,141126.0,31
201700024505,17,1,6,1840,5,2,1,1.0,6.0,31069,M,4363776.0,140016.0,31
201700024506,17,1,10,1720,5,2,6,2.0,6.0,31069,M,4363717.0,139044.0,31
201700024507,17,1,10,1824,5,2,2,1.0,3.0,31555,M,4357650.0,145100.0,31
201700024508,17,1,11,1800,5,2,8,2.0,3.0,31555,M,4357360.0,147998.0,31
201700024509,17,1,12,1715,1,2,1,1.0,6.0,31555,M,4361152.0,142008.0,31
201700024510,17,1,12,1900,3,2,1,1.0,6.0,31069,M,4363430.0,137773.0,31
201700024511,17,1,13,640,3,2,6,1.0,6.0,31557,M,4358430.0,134411.0,31
201700024512,17,1,13,1030,1,2,3,1.0,3.0,31069,M,4363717.0,139313.0,31
201700024513,17,1,15,8,5,2,1,1.0,1.0,31555,M,4358160.0,146270.0,31
201700024514,17,1,16,905,1,2,6,2.0,3.0,31149,M,4360924.0,135253.0,31
201700024515,17,1,16,1945,5,2,1,1.0,5.0,31555,M,4358446.0,146184.0,31
201700024516,17,1,17,1220,1,2,3,1.0,3.0,31555,M,4359643.0,146175.0,31
201700024517,17,1,17,1738,2,2,1,1.0,3.0,31555,M,4364036.0,147091.0,31
201700024518,17,1,18,1750,4,2,2,1.0,3.0,31555,M,4365994.0,142250.0,31
201700024519,17,1,19,1530,1,2,3,1.0,1.0,31555,M,4361602.0,145321.0,31
201700024520,17,1,19,1755,5,2,3,1.0,5.0,31555,M,4356850.0,145690.0,31
201700024521,17,1,20,610,5,2,3,1.0,3.0,31149,M,4361525.0,134573.0,31
201700024522,17,1,20,1851,5,2,1,1.0,6.0,31557,M,4356037.0,133661.0,31
201700024523,17,1,22,2020,5,1,1,1.0,4.0,31555,M,4360891.0,136383.0,31
201700024524,17,1,22,2245,5,2,6,2.0,6.0,31555,M,4363730.0,142990.0,31
201700024525,17,1,21,2356,5,2,2,1.0,3.0,31555,M,4361620.0,143709.0,31
201700024526,17,1,20,2025,5,2,3,1.0,3.0,31555,M,4362211.0,146785.0,31
201700024527,17,1,23,735,1,1,1,1.0,4.0,31555,M,4357420.0,144875.0,31
201700024528,17,1,24,1720,2,2,6,7.0,6.0,31555,M,4363840.0,148201.0,31
201700024529,17,1,24,1720,2,2,3,1.0,1.0,31149,M,4359705.0,132785.0,31
201700024530,17,1,24,1400,1,2,1,1.0,2.0,31555,M,4355490.0,140540.0,31
201700024531,17,1,25,1620,1,2,6,1.0,3.0,31555,M,4356860.0,137515.0,31
201700024532,17,1,26,1600,1,2,3,1.0,6.0,31555,M,4359749.0,142821.0,31
201700024533,17,1,26,1648,1,2,1,7.0,6.0,31557,M,4358489.0,134492.0,31
201700024534,17,1,27,838,1,2,6,1.0,2.0,31555,M,4356974.0,137420.0,31
201700024535,17,1,27,605,4,2,1,1.0,6.0,31555,M,4362460.0,140130.0,31
201700024536,17,1,28,1956,5,2,1,1.0,2.0,31555,M,4362652.0,143290.0,31
201700024537,17,1,29,1150,1,2,1,1.0,1.0,31555,M,4357750.0,147954.0,31
201700024538,17,1,31,750,2,2,1,1.0,3.0,31555,M,4359288.0,138932.0,31
201700024539,17,1,31,815,1,2,2,1.0,3.0,31555,M,4360955.0,143260.0,31
201700024540,17,2,1,2005,3,2,1,1.0,3.0,31555,M,4362622.0,143240.0,31
201700024541,17,2,2,1800,2,2,3,1.0,3.0,31555,M,4362389.0,144453.0,31
201700024542,17,2,3,800,1,1,1,1.0,4.0,31555,M,4357498.0,144673.0,31
201700024543,17,2,3,830,1,2,1,2.0,3.0,31555,M,4359723.0,144553.0,31
201700024544,17,2,3,850,1,2,2,1.0,3.0,31555,M,4360539.0,140735.0,31
201700024545,17,2,3,705,3,1,1,1.0,2.0,31555,M,4353970.0,139559.0,31
201700024546,17,2,3,1920,5,2,1,1.0,1.0,31555,M,4358798.0,141935.0,31
201700024547,17,2,4,300,3,2,2,1.0,3.0,31555,M,4360568.0,145112.0,31
201700024548,17,2,4,1630,1,2,1,1.0,3.0,31555,M,4360975.0,142566.0,31
201700024549,17,2,4,1900,5,2,3,1.0,3.0,31555,M,4357802.0,145031.0,31
201700024550,17,2,6,1445,1,2,1,1.0,7.0,31555,M,4357758.0,149042.0,31
201700024551,17,2,5,1830,5,2,1,2.0,6.0,31555,M,4357833.0,145007.0,31
201700024552,17,2,7,2000,5,2,1,2.0,2.0,31555,M,4364573.0,142634.0,31
201700024553,17,2,7,1610,1,2,1,1.0,2.0,31555,M,4361088.0,143721.0,31
201700024554,17,2,12,635,5,1,1,1.0,6.0,31555,M,4365528.0,142799.0,31
201700024555,17,2,12,700,4,1,3,6.0,2.0,31555,M,4362817.0,147941.0,31
201700024556,17,2,13,1745,1,2,3,6.0,3.0,31069,M,4364585.0,137687.0,31
201700024557,17,2,13,2045,5,1,1,6.0,1.0,31555,M,4355618.0,149663.0,31
201700024558,17,2,14,750,2,1,1,2.0,2.0,31555,M,4356936.0,147889.0,31
201700024559,17,2,14,1220,1,2,1,1.0,3.0,31555,M,4360535.0,145639.0,31
201700024560,17,2,14,900,1,2,1,2.0,3.0,31555,M,4360669.0,148330.0,31
201700024561,17,2,14,950,1,2,4,2.0,6.0,31555,M,4360922.0,144476.0,31
201700024562,17,2,15,755,2,2,1,8.0,1.0,31555,M,4365103.0,142517.0,31
201700024563,17,2,15,1055,1,2,3,1.0,3.0,31555,M,4362501.0,144564.0,31
201700024564,17,2,17,1740,1,2,4,1.0,6.0,31555,M,4359512.0,144496.0,31
201700024565,17,2,18,1635,1,2,2,1.0,3.0,31149,M,4360250.0,134496.0,31
201700024566,17,2,18,1645,1,2,1,1.0,6.0,31555,M,4358789.0,141837.0,31
201700024567,17,2,17,50,3,2,1,1.0,6.0,31555,M,4358871.0,147220.0,31
201700024568,17,2,17,1740,1,2,1,1.0,4.0,31555,M,4357207.0,149658.0,31
201700024569,17,2,20,950,1,2,1,1.0,4.0,31557,M,4356071.0,134609.0,31
201700024570,17,2,20,2055,5,2,2,1.0,3.0,31555,M,4357233.0,149533.0,31
201700024571,17,2,21,915,1,2,4,1.0,3.0,31555,M,4357357.0,148379.0,31
201700024572,17,2,21,925,1,1,1,1.0,4.0,31149,M,4360689.0,132451.0,31
201700024573,17,2,23,827,1,2,1,1.0,3.0,31555,M,4359340.0,145800.0,31
201700024574,17,2,23,1229,1,2,1,1.0,6.0,31555,M,4359748.0,145601.0,31
201700024575,17,2,23,2000,5,2,1,1.0,6.0,31555,M,4361577.0,144130.0,31
201700024576,17,2,24,2020,5,1,1,1.0,4.0,31555,M,4357500.0,140875.0,31
201700024577,17,2,25,230,5,2,1,1.0,1.0,31555,M,4361053.0,141479.0,31
201700024578,17,2,26,135,5,1,1,1.0,6.0,31555,M,4355824.0,149392.0,31
201700024579,17,2,27,805,1,1,1,1.0,3.0,31555,M,4361595.0,139000.0,31
201700024580,17,2,27,1930,5,2,1,1.0,6.0,31555,M,4360680.0,144720.0,31
201700024581,17,2,28,445,4,1,1,1.0,6.0,31555,M,4357066.0,149428.0,31
201700024582,17,3,1,800,1,2,6,1.0,3.0,31555,M,4357755.0,146618.0,31
201700024583,17,3,1,845,1,1,1,1.0,6.0,31555,M,4356303.0,148722.0,31
201700024584,17,3,1,1635,1,2,1,1.0,2.0,31555,M,4357662.0,148710.0,31
201700024585,17,3,3,1715,1,2,8,1.0,6.0,31555,M,4357387.0,141961.0,31
201700024586,17,3,4,1450,1,1,1,1.0,3.0,31555,M,4363078.0,142021.0,31
201700024587,17,3,6,800,1,2,1,2.0,2.0,31149,M,4362023.0,133424.0,31
201700024588,17,3,6,1750,1,2,1,1.0,6.0,31555,M,4357858.0,141101.0,31
201700024589,17,3,7,638,5,2,2,2.0,3.0,31149,M,4361158.0,134524.0,31
201700024590,17,3,9,1850,2,2,2,1.0,2.0,31555,M,4362769.0,145212.0,31
201700024591,17,3,9,1945,5,1,1,1.0,4.0,31069,M,4362902.0,138300.0,31
201700024592,17,3,9,2015,3,2,2,1.0,3.0,31555,M,4362470.0,144284.0,31
201700024593,17,3,10,933,1,1,1,1.0,5.0,31555,M,4356360.0,138693.0,31
201700024594,17,3,9,1930,5,1,1,1.0,2.0,31555,M,4361201.0,138644.0,31
201700024595,17,3,10,750,1,1,1,1.0,4.0,31555,M,4359266.0,139817.0,31
201700024596,17,3,10,1700,1,2,1,1.0,6.0,31555,M,4360052.0,144405.0,31
201700024597,17,3,13,1135,1,2,1,1.0,3.0,31555,M,4360790.0,144622.0,31
201700024598,17,3,14,1605,1,2,1,1.0,3.0,31555,M,4360833.0,137872.0,31
201700024599,17,3,14,1759,1,2,1,1.0,6.0,31555,M,4357001.0,140276.0,31
201700024600,17,3,14,1950,5,2,1,1.0,2.0,31555,M,4361039.0,145494.0,31
201700024601,17,3,10,1815,1,2,1,1.0,7.0,31557,M,4358816.0,131089.0,31
201700024602,17,3,15,1600,1,2,6,1.0,3.0,31069,M,4364639.0,136845.0,31
201700024603,17,3,16,830,1,2,1,1.0,2.0,31555,M,4364504.0,145478.0,31
201700024604,17,3,16,947,1,1,1,1.0,6.0,31555,M,4358508.0,149654.0,31
201700024605,17,3,16,830,1,2,2,1.0,3.0,31149,M,4359634.0,134475.0,31
201700024606,17,3,16,1600,1,2,2,1.0,6.0,31555,M,4365453.0,143787.0,31
201700024607,17,3,17,820,1,2,1,1.0,6.0,31555,M,4363870.0,145255.0,31
201700024608,17,3,17,1250,1,2,1,1.0,3.0,31557,M,4358553.0,134585.0,31
201700024609,17,3,18,1304,1,1,1,1.0,6.0,31555,M,4361003.0,138353.0,31
201700024610,17,3,17,1945,4,1,1,1.0,4.0,31555,M,4360562.0,139486.0,31
201700024611,17,3,17,2020,5,2,1,1.0,6.0,31555,M,4358526.0,145741.0,31
201700024612,17,3,18,1243,1,2,3,1.0,3.0,31555,M,4356435.0,140219.0,31
201700024613,17,3,20,1500,1,2,1,1.0,6.0,31149,M,4362118.0,133502.0,31
201700024614,17,3,21,1010,1,2,1,1.0,6.0,31555,M,4361233.0,142536.0,31
201700024615,17,3,21,1235,1,2,2,1.0,3.0,31555,M,4361071.0,147356.0,31
201700024616,17,3,22,1415,1,2,1,1.0,4.0,31555,M,4359810.0,141951.0,31
201700024617,17,3,22,1600,1,2,1,1.0,6.0,31555,M,4361777.0,145505.0,31
201700024618,17,3,22,1615,1,2,1,1.0,3.0,31149,M,4361423.0,135139.0,31
201700024619,17,3,23,1514,1,1,1,1.0,5.0,31555,M,4362408.0,138759.0,31
201700024620,17,3,23,1820,1,2,1,1.0,6.0,31069,M,4365185.0,137438.0,31
201700024621,17,3,23,1910,3,2,1,1.0,2.0,31555,M,4359288.0,141900.0,31
201700024622,17,3,25,1555,1,1,1,1.0,5.0,31555,M,4360918.0,135770.0,31
201700024623,17,3,25,1845,1,2,1,1.0,7.0,31555,M,4360199.0,138953.0,31
201700024624,17,3,25,2045,5,2,1,1.0,3.0,31555,M,4359667.0,144542.0,31
201700024625,17,3,26,1715,1,2,1,1.0,6.0,31555,M,4362783.0,147008.0,31
201700024626,17,3,26,1955,5,2,2,1.0,3.0,31555,M,4357040.0,138603.0,31
201700024627,17,3,27,909,1,2,1,1.0,6.0,31149,M,4361801.0,132606.0,31
201700024628,17,3,27,1650,1,2,1,1.0,3.0,31555,M,4357987.0,142407.0,31
201700024629,17,3,28,710,2,2,1,1.0,1.0,31555,M,4359917.0,141676.0,31
201700024630,17,3,28,855,1,2,1,1.0,6.0,31555,M,4359840.0,141863.0,31
201700024631,17,3,28,2045,5,2,1,1.0,1.0,31555,M,4357756.0,148590.0,31
201700024632,17,3,28,1620,1,2,6,1.0,3.0,31149,M,4361290.0,133184.0,31
201700024633,17,3,28,1640,1,2,1,1.0,2.0,31555,M,4359419.0,141053.0,31
201700024634,17,3,29,1205,1,2,2,1.0,3.0,31555,M,4364287.0,141585.0,31
201700024635,17,3,29,720,1,2,1,1.0,3.0,31555,M,4362674.0,147737.0,31
201700024636,17,3,29,1720,1,2,1,1.0,6.0,31555,M,4359502.0,141953.0,31
201700024637,17,3,29,1745,1,2,1,1.0,2.0,31555,M,4359045.0,143282.0,31
201700024638,17,3,29,1800,1,2,1,1.0,1.0,31555,M,4363669.0,144087.0,31
201700024639,17,3,30,940,1,2,1,1.0,3.0,31555,M,4363451.0,144380.0,31
201700024640,17,3,30,1625,1,2,1,1.0,3.0,31555,M,4359662.0,148304.0,31
201700024641,17,3,30,2110,5,2,1,1.0,6.0,31555,M,4363643.0,145293.0,31
201700024642,17,3,30,1000,1,2,1,1.0,6.0,31555,M,4360748.0,145128.0,31
201700024643,17,3,31,1600,1,2,5,1.0,6.0,31555,M,4360675.0,147331.0,31
201700024644,17,3,31,1505,1,2,1,1.0,1.0,31149,M,4360591.0,133494.0,31
201700024645,17,3,31,1920,5,2,1,3.0,3.0,31555,M,4360928.0,143486.0,31
201700024646,17,4,1,2223,5,2,1,2.0,3.0,31555,M,4359948.0,142951.0,31
201700024647,17,3,31,1230,1,1,1,1.0,2.0,31555,M,4360893.0,136652.0,31
201700024648,17,3,31,1635,1,2,1,1.0,3.0,31149,M,4360962.0,132780.0,31
201700024649,17,4,4,1815,1,2,1,1.0,6.0,31149,M,4361094.0,133310.0,31
201700024650,17,4,4,805,1,1,6,1.0,3.0,31555,M,4355878.0,149610.0,31
201700024651,17,4,5,1530,1,2,1,1.0,6.0,31555,M,4359984.0,145482.0,31
201700024652,17,4,5,1700,1,2,1,1.0,2.0,31557,M,4358525.0,134527.0,31
201700024653,17,4,6,1455,1,2,1,1.0,2.0,31555,M,4359709.0,142628.0,31
201700024654,17,4,6,2110,5,2,3,1.0,1.0,31555,M,4355720.0,140126.0,31
201700024655,17,4,7,30,5,2,2,1.0,3.0,31555,M,4360571.0,144870.0,31
201700024656,17,4,8,145,5,2,1,1.0,6.0,31555,M,4360607.0,146204.0,31
201700024657,17,4,8,430,5,2,3,1.0,3.0,31557,M,4358062.0,133416.0,31
201700024658,17,4,8,952,1,2,3,1.0,3.0,31555,M,4355625.0,140045.0,31
201700024659,17,4,8,1500,1,2,1,1.0,1.0,31149,M,4361143.0,134559.0,31
201700024660,17,4,8,1505,1,2,1,1.0,6.0,31555,M,4361082.0,144227.0,31
201700024661,17,4,8,2100,5,2,3,1.0,6.0,31555,M,4359250.0,140170.0,31