Num_Acc,an,mois,jour,hrmn,lum,agg,int,atm,col,com,gps,lat,long,dep
201700024662,17,4,8,2130,5,2,1,1.0,3.0,31555,M,4359329.0,140632.0,31
201700024663,17,4,10,1450,1,2,1,1.0,2.0,31555,M,4366227.0,141603.0,31
201700024664,17,4,12,1405,1,2,2,1.0,3.0,31555,M,4358360.0,145061.0,31
201700024665,17,4,12,1220,1,2,6,1.0,3.0,31555,M,4359671.0,145218.0,31
201700024666,17,4,12,1640,1,2,2,1.0,3.0,31555,M,4364714.0,143909.0,31
201700024667,17,4,12,1820,1,1,1,1.0,3.0,31555,M,4357503.0,140885.0,31
201700024668,17,4,13,731,1,2,1,1.0,6.0,31555,M,4355700.0,141957.0,31
201700024669,17,4,13,900,1,2,1,1.0,2.0,31555,M,4354112.0,139036.0,31
201700024670,17,4,13,1120,1,1,1,1.0,4.0,31069,M,4363109.0,138194.0,31
201700024671,17,4,14,1234,1,2,6,1.0,3.0,31557,M,4358850.0,135889.0,31
201700024672,17,4,14,1430,1,2,3,1.0,3.0,31069,M,4363430.0,139125.0,31
201700024673,17,4,15,655,2,1,1,1.0,6.0,31555,M,4357850.0,149804.0,31
201700024674,17,4,15,2300,5,1,1,1.0,6.0,31555,M,4360902.0,135614.0,31
201700024675,17,4,15,1550,1,2,6,1.0,3.0,31555,M,4354844.0,141992.0,31
201700024676,17,4,18,1700,1,1,1,1.0,7.0,31555,M,4358153.0,140502.0,31
201700024677,17,4,19,1330,1,2,1,1.0,3.0,31555,M,4356140.0,146273.0,31
201700024678,17,4,19,1745,1,2,1,1.0,6.0,31555,M,4360214.0,144800.0,31
201700024679,17,4,21,1227,1,1,1,1.0,4.0,31555,M,4362764.0,138369.0,31
201700024680,17,4,22,1050,1,2,1,1.0,6.0,31555,M,4359746.0,141978.0,31
201700024681,17,4,23,1820,1,1,1,1.0,2.0,31555,M,4360937.0,141295.0,31
201700024682,17,4,24,2020,1,2,3,1.0,3.0,31149,M,4361819.0,133890.0,31
201700024683,17,4,25,900,1,2,1,1.0,1.0,31069,M,4363754.0,137568.0,31
201700024684,17,4,27,1300,1,2,6,1.0,4.0,31555,M,4364912.0,143300.0,31
201700024685,17,4,27,1727,1,2,2,1.0,3.0,31555,M,4360741.0,145387.0,31
201700024686,17,4,27,2110,5,2,1,1.0,4.0,31555,M,4365645.0,142101.0,31
201700024687,17,4,28,530,3,2,3,1.0,3.0,31555,M,4357602.0,148807.0,31
201700024688,17,4,29,2150,4,2,1,1.0,1.0,31555,M,,,31
201700024689,17,4,30,430,3,1,1,1.0,6.0,31555,M,4356910.0,149371.0,31
201700024690,17,5,1,1600,1,2,1,1.0,1.0,31555,M,4362170.0,145803.0,31
201700024691,17,5,2,1325,1,2,1,1.0,6.0,31555,M,4359282.0,144389.0,31
201700024692,17,5,2,2010,1,2,1,3.0,6.0,31555,M,4357837.0,145006.0,31
201700024693,17,5,3,1345,1,2,1,1.0,6.0,31555,M,4359687.0,142621.0,31
201700024694,17,5,3,1105,1,2,1,1.0,3.0,31555,M,4361067.0,143647.0,31
201700024695,17,5,4,1230,1,1,1,1.0,6.0,31555,M,4359124.0,145257.0,31
201700024696,17,5,4,1000,1,2,3,1.0,3.0,31555,M,4356360.0,138686.0,31
201700024697,17,5,5,1,4,1,1,1.0,6.0,31555,M,4363673.0,147810.0,31
201700024698,17,5,5,600,1,2,6,1.0,3.0,31555,M,4360273.0,139309.0,31
201700024699,17,5,5,1047,1,2,1,1.0,2.0,31555,M,4362198.0,143511.0,31
201700024700,17,5,5,1825,1,2,1,1.0,3.0,31555,M,4358969.0,145561.0,31
201700024701,17,5,6,1010,1,1,1,1.0,7.0,31555,M,4355763.0,149395.0,31
201700024702,17,5,6,1500,1,2,3,1.0,3.0,31555,M,4357562.0,142092.0,31
201700024703,17,5,9,1200,1,2,2,1.0,3.0,31555,M,4361095.0,144003.0,31
201700024704,17,5,9,700,1,1,1,1.0,4.0,31149,M,4360549.0,129620.0,31
201700024705,17,5,9,1715,1,1,1,1.0,2.0,31555,M,4357578.0,144388.0,31
201700024706,17,5,9,1830,1,2,2,1.0,3.0,31555,M,4360594.0,142808.0,31
201700024707,17,5,10,2015,1,2,2,1.0,3.0,31555,M,4359460.0,144896.0,31
201700024708,17,5,9,1010,1,2,1,1.0,6.0,31555,M,4358768.0,142466.0,31
201700024709,17,5,11,2130,5,2,1,3.0,3.0,31555,M,4359040.0,144532.0,31
201700024710,17,5,12,1640,1,1,1,1.0,3.0,31555,M,4357029.0,147738.0,31
201700024711,17,5,13,100,5,2,1,2.0,6.0,31555,M,4355647.0,146547.0,31
201700024712,17,5,13,445,3,1,1,2.0,2.0,31555,M,4358329.0,140405.0,31
201700024713,17,5,13,1600,1,2,1,1.0,3.0,31555,M,4360805.0,144626.0,31
201700024714,17,5,13,1640,1,2,1,1.0,2.0,31555,M,4361695.0,143682.0,31
201700024715,17,5,14,1600,1,2,1,1.0,7.0,31555,M,4366353.0,140677.0,31
201700024716,17,5,15,1950,1,2,1,1.0,3.0,31555,M,4360123.0,146112.0,31
201700024717,17,5,16,820,1,2,1,1.0,6.0,31555,M,4363341.0,143471.0,31
201700024718,17,5,16,935,1,1,1,1.0,4.0,31555,M,4360884.0,136502.0,31
201700024719,17,5,17,845,1,1,1,1.0,4.0,31555,M,4356939.0,142323.0,31
201700024720,17,5,17,1905,1,2,3,1.0,6.0,31555,M,4360652.0,148242.0,31
201700024721,17,5,17,2030,1,2,4,1.0,3.0,31555,M,4364753.0,141420.0,31
201700024722,17,5,18,1505,1,2,1,2.0,6.0,31555,M,4360016.0,145417.0,31
201700024723,17,5,19,730,1,2,3,1.0,6.0,31555,M,4361464.0,140078.0,31
201700024724,17,5,19,850,1,2,3,1.0,3.0,31069,M,4362589.0,137949.0,31
201700024725,17,5,19,1440,1,2,1,1.0,6.0,31555,M,4360392.0,143627.0,31
201700024726,17,5,19,1530,1,2,1,2.0,6.0,31555,M,4358911.0,143154.0,31
201700024727,17,5,19,1920,1,1,1,1.0,2.0,31555,M,4362806.0,147898.0,31
201700024728,17,5,20,545,5,2,1,1.0,6.0,31555,M,4358550.0,145525.0,31
201700024729,17,5,20,655,1,2,1,1.0,7.0,31557,M,4357305.0,131530.0,31
201700024730,17,5,20,2145,5,2,2,1.0,3.0,31555,M,4360189.0,145414.0,31
201700024731,17,5,20,2236,3,2,1,1.0,1.0,31555,M,4357373.0,145208.0,31
201700024732,17,5,22,955,1,2,2,1.0,3.0,31555,M,4362427.0,146837.0,31
201700024733,17,5,17,920,1,2,4,1.0,6.0,31555,M,4358675.0,146322.0,31
201700024734,17,5,22,810,1,2,1,1.0,3.0,31555,M,4361534.0,143753.0,31
201700024735,17,5,22,1820,1,2,3,1.0,6.0,31555,M,4359918.0,143634.0,31
201700024736,17,5,24,1840,1,2,1,1.0,6.0,31555,M,4360870.0,144307.0,31
201700024737,17,5,24,1345,1,1,1,1.0,2.0,31555,M,4360574.0,140435.0,31
201700024738,17,5,24,1900,1,2,1,1.0,6.0,31555,M,4360054.0,144797.0,31
201700024739,17,5,25,1930,1,2,3,1.0,3.0,31149,M,4360489.0,131961.0,31
201700024740,17,5,26,815,1,2,3,7.0,3.0,31555,M,4359021.0,136803.0,31
201700024741,17,5,26,1620,1,2,1,1.0,3.0,31554,M,4365448.0,142228.0,31
201700024742,17,5,26,1830,1,2,1,1.0,3.0,31555,M,4358015.0,142423.0,31
201700024743,17,5,26,1845,1,1,1,1.0,6.0,31555,M,4357940.0,140611.0,31
201700024744,17,5,28,840,1,2,6,1.0,7.0,31555,M,4355488.0,145690.0,31
201700024745,17,5,28,1950,1,2,1,1.0,1.0,31555,M,4362687.0,145402.0,31
201700024746,17,5,29,840,1,2,1,1.0,3.0,31555,M,4364769.0,142099.0,31
201700024747,17,5,29,1605,1,2,3,1.0,3.0,31557,M,4357619.0,131464.0,31
201700024748,17,5,29,1100,1,2,1,1.0,6.0,31555,M,4358433.0,141565.0,31
201700024749,17,5,29,1530,1,2,1,1.0,1.0,31555,M,4361110.0,143757.0,31
201700024750,17,5,30,730,1,2,1,2.0,3.0,31557,M,4357973.0,132739.0,31
201700024751,17,5,29,1755,1,1,1,1.0,3.0,31555,M,4357432.0,143962.0,31
201700024752,17,5,31,620,2,2,3,3.0,5.0,31555,M,4364521.0,141952.0,31
201700024753,17,5,30,1635,1,2,1,1.0,6.0,31555,M,4363957.0,145928.0,31
201700024754,17,5,31,1000,1,1,1,1.0,6.0,31555,M,4356469.0,141840.0,31
201700024755,17,5,31,1545,1,2,1,1.0,2.0,31555,M,4359725.0,142762.0,31
201700024756,17,5,31,2245,2,2,3,1.0,3.0,31557,M,4358212.0,134125.0,31
201700024757,17,6,1,1100,1,2,4,1.0,1.0,31555,M,4362312.0,140821.0,31
201700024758,17,6,2,1110,1,2,1,1.0,3.0,31555,M,4357918.0,146757.0,31
201700024759,17,6,2,1600,1,2,2,1.0,3.0,31069,M,4363756.0,138371.0,31
201700024760,17,6,5,1940,1,2,1,1.0,6.0,31555,M,4359375.0,147273.0,31
201700024761,17,6,6,1636,1,1,1,1.0,2.0,31555,M,4905831.0,515115.0,31
201700024762,17,6,6,1537,1,2,1,1.0,6.0,31555,M,4359588.0,147323.0,31
201700024763,17,6,7,1350,1,2,1,1.0,6.0,31555,M,4359042.0,145378.0,31
201700024764,17,6,7,1600,1,2,1,1.0,3.0,31555,M,4359519.0,141627.0,31
201700024765,17,6,8,315,5,2,2,1.0,3.0,31555,M,4360635.0,145585.0,31
201700024766,17,6,7,1225,1,2,1,1.0,1.0,31555,M,4360731.0,141855.0,31
201700024767,17,6,8,1650,1,1,1,1.0,4.0,31555,M,4903163.0,510237.0,31
201700024768,17,6,8,1825,1,2,1,1.0,3.0,31555,M,4364590.0,143319.0,31
201700024769,17,6,9,440,5,2,1,2.0,7.0,31555,M,4361170.0,145214.0,31
201700024770,17,6,8,1420,1,2,1,1.0,2.0,31555,M,4361473.0,144945.0,31
201700024771,17,6,9,1220,1,2,1,1.0,2.0,31555,M,4359601.0,143234.0,31
201700024772,17,6,12,1740,1,2,3,1.0,3.0,31555,M,4354943.0,143965.0,31
201700024773,17,6,13,750,1,2,1,1.0,3.0,31149,M,4360241.0,135072.0,31
201700024774,17,6,13,1220,1,2,1,1.0,6.0,31555,M,4360593.0,144250.0,31
201700024775,17,6,14,1715,1,1,1,1.0,6.0,31555,M,4357575.0,144205.0,31
201700024776,17,6,14,1830,1,2,1,1.0,3.0,31555,M,4358290.0,140719.0,31
201700024777,17,6,14,2245,1,2,1,1.0,6.0,31555,M,4361563.0,144768.0,31
201700024778,17,6,15,1140,1,1,3,1.0,6.0,31557,M,4358446.0,134728.0,31
201700024779,17,6,17,1215,1,2,2,1.0,3.0,31555,M,4363277.0,146509.0,31
201700024780,17,6,18,525,2,1,1,1.0,6.0,31555,M,4356926.0,137395.0,31
201700024781,17,6,19,610,1,2,1,1.0,1.0,31555,M,4362169.0,142488.0,31
201700024782,17,6,19,1840,1,2,1,1.0,4.0,31555,M,4362809.0,143320.0,31
201700024783,17,6,19,1540,1,2,3,1.0,1.0,31555,M,4356358.0,138686.0,31
201700024784,17,6,20,802,1,2,1,1.0,6.0,31557,M,4356929.0,133316.0,31
201700024785,17,6,20,2320,1,2,7,1.0,3.0,31555,M,4359807.0,143209.0,31
201700024786,17,6,21,120,5,2,1,1.0,7.0,31555,M,4360422.0,143454.0,31
201700024787,17,6,21,1320,1,2,1,1.0,2.0,31555,M,4357176.0,145355.0,31
201700024788,17,6,21,1630,1,2,1,1.0,3.0,31149,M,4360042.0,135343.0,31
201700024789,17,6,22,1635,1,1,1,1.0,3.0,31555,M,4358343.0,140384.0,31
201700024790,17,6,22,1810,1,2,1,1.0,4.0,31555,M,4363458.0,141724.0,31
201700024791,17,6,23,1155,1,2,3,1.0,3.0,31555,M,4362755.0,145651.0,31
201700024792,17,6,25,1730,1,2,1,1.0,3.0,31557,M,4359260.0,132155.0,31
201700024793,17,6,26,447,5,2,1,1.0,3.0,31555,M,4362808.0,147931.0,31
201700024794,17,6,26,1740,1,2,1,1.0,4.0,31555,M,4360765.0,144691.0,31
201700024795,17,6,27,809,1,2,1,1.0,3.0,31557,M,4358764.0,135066.0,31
201700024796,17,6,28,915,1,1,1,2.0,5.0,31149,M,4360686.0,132616.0,31
201700024797,17,6,28,1345,1,2,1,1.0,3.0,31555,M,4358679.0,142588.0,31
201700024798,17,6,28,1610,1,2,1,3.0,2.0,31555,M,4357726.0,143762.0,31
201700024799,17,6,29,105,5,2,2,6.0,3.0,31555,M,4360544.0,145850.0,31
201700024800,17,6,29,825,1,2,1,1.0,3.0,31555,M,4356287.0,139519.0,31
201700024801,17,6,29,1255,1,2,2,1.0,3.0,31555,M,4357567.0,145429.0,31
201700024802,17,6,29,1730,1,2,9,1.0,3.0,31555,M,4361103.0,142047.0,31
201700024803,17,6,30,710,1,1,1,1.0,3.0,31555,M,4361523.0,141830.0,31
201700024804,17,7,4,1750,1,2,1,1.0,3.0,31555,M,4359410.0,139333.0,31
201700024805,17,7,5,1815,1,2,2,1.0,3.0,31555,M,4361820.0,142381.0,31
201700024806,17,7,6,1110,1,2,1,1.0,6.0,31555,M,4361154.0,145024.0,31
201700024807,17,7,6,1515,1,1,1,1.0,5.0,31555,M,4364542.0,142168.0,31
201700024808,17,7,6,2125,1,2,1,1.0,6.0,31555,M,4361934.0,146676.0,31
201700024809,17,7,6,2300,5,2,1,1.0,2.0,31555,M,4357202.0,143849.0,31
201700024810,17,7,7,1530,1,2,1,1.0,3.0,31555,M,4356985.0,139376.0,31
201700024811,17,7,8,2046,2,2,1,1.0,3.0,31555,M,4361571.0,140956.0,31
201700024812,17,7,11,915,1,1,1,1.0,3.0,31555,M,4356229.0,141739.0,31
201700024813,17,7,10,850,1,2,1,1.0,6.0,31555,M,4359702.0,145603.0,31
201700024814,17,7,12,910,1,2,1,1.0,2.0,31069,M,4362183.0,139693.0,31
201700024815,17,7,12,1840,1,2,2,1.0,3.0,31555,M,4364528.0,146952.0,31
201700024816,17,7,13,1250,1,1,1,1.0,3.0,31555,M,4361397.0,148354.0,31
201700024817,17,7,14,2120,1,2,3,1.0,3.0,31555,M,4361300.0,147062.0,31
201700024818,17,7,15,955,1,2,1,1.0,2.0,31555,M,4362678.0,143354.0,31
201700024819,17,7,14,1500,1,2,1,1.0,2.0,31149,M,4360602.0,134684.0,31
201700024820,17,7,17,1210,1,2,1,1.0,3.0,31555,M,4360964.0,144430.0,31
201700024821,17,7,17,1510,1,2,1,1.0,6.0,31555,M,4363077.0,143365.0,31
201700024822,17,7,17,1430,1,2,1,1.0,3.0,31555,M,4365735.0,143188.0,31
201700024823,17,7,17,1735,1,2,1,1.0,1.0,31555,M,4357127.0,141117.0,31
201700024824,17,7,20,1130,1,2,1,2.0,7.0,31557,M,4358799.0,135501.0,31
201700024825,17,7,20,2150,5,2,1,1.0,6.0,31555,M,4361497.0,144498.0,31
201700024826,17,7,22,1700,1,2,1,1.0,2.0,31555,M,4357015.0,142476.0,31
201700024827,17,7,23,2110,2,2,1,1.0,3.0,31069,M,4365544.0,137326.0,31
201700024828,17,7,23,335,5,2,2,1.0,3.0,31555,M,4360628.0,143869.0,31
201700024829,17,7,24,2000,1,2,1,1.0,3.0,31555,M,4359792.0,143069.0,31
201700024830,17,7,25,1240,1,1,1,1.0,5.0,31555,M,4362232.0,139176.0,31
201700024831,17,7,25,1850,1,2,1,1.0,3.0,31555,M,4358337.0,147860.0,31
201700024832,17,7,26,225,5,2,1,1.0,6.0,31555,M,4359951.0,144054.0,31
201700024833,17,7,26,1850,1,2,1,1.0,5.0,31555,M,4359461.0,144892.0,31
201700024834,17,7,27,845,1,2,1,1.0,4.0,31555,M,4360976.0,142006.0,31
201700024835,17,7,30,415,5,2,3,1.0,3.0,31555,M,4365897.0,141963.0,31
201700024836,17,7,31,545,5,2,6,1.0,6.0,31555,M,4357938.0,142367.0,31
201700024837,17,7,31,1350,1,2,1,1.0,6.0,31555,M,4359057.0,143298.0,31
201700024838,17,7,31,700,1,2,3,1.0,3.0,31557,M,4358635.0,131699.0,31
201700024839,17,7,31,1850,1,2,3,1.0,3.0,31555,M,4361241.0,145851.0,31
201700024840,17,7,31,1945,1,1,1,1.0,4.0,31555,M,4357946.0,140607.0,31
201700024841,17,8,1,1305,1,2,1,1.0,3.0,31555,M,4361397.0,139350.0,31
201700024842,17,8,1,1810,1,2,1,1.0,2.0,31069,M,4363591.0,139360.0,31
201700024843,17,8,2,1205,1,2,6,1.0,2.0,31555,M,4353775.0,138893.0,31
201700024844,17,8,2,1708,1,2,1,1.0,6.0,31555,M,4363598.0,145291.0,31
201700024845,17,8,4,500,4,1,1,1.0,6.0,31555,M,4364576.0,146680.0,31
201700024846,17,8,4,1020,1,2,1,1.0,4.0,31149,M,4361523.0,134568.0,31
201700024847,17,8,4,1655,1,2,1,1.0,6.0,31555,M,4360025.0,145178.0,31
201700024848,17,8,5,2145,5,2,1,1.0,3.0,31555,M,4361940.0,145710.0,31
201700024849,17,8,6,303,5,1,3,1.0,3.0,31555,M,4364785.0,142216.0,31
201700024850,17,8,7,1240,1,2,1,1.0,6.0,31555,M,4356417.0,140930.0,31
201700024851,17,8,7,1835,1,2,1,1.0,3.0,31555,M,4360593.0,140170.0,31
201700024852,17,8,8,2000,1,2,1,1.0,3.0,31555,M,4360774.0,148130.0,31
201700024853,17,8,9,920,1,2,6,1.0,3.0,31555,M,4361121.0,137272.0,31
201700024854,17,8,9,1745,1,2,3,1.0,6.0,31069,M,4363665.0,139844.0,31
201700024855,17,8,10,1615,1,1,1,1.0,3.0,31555,M,4363473.0,147786.0,31
201700024856,17,8,12,640,2,2,1,1.0,7.0,31555,M,4361052.0,141851.0,31
201700024857,17,8,12,1520,1,2,1,1.0,6.0,31555,M,4361295.0,142815.0,31
201700024858,17,8,12,1650,1,2,1,1.0,3.0,31555,M,4360965.0,144427.0,31
201700024859,17,8,13,1820,1,2,3,1.0,3.0,31555,M,4358474.0,145338.0,31
201700024860,17,8,16,1700,1,2,1,1.0,6.0,31555,M,4360342.0,144589.0,31
201700024861,17,8,17,905,1,2,2,1.0,3.0,31555,M,4360954.0,145449.0,31
201700024862,17,8,16,1845,1,2,2,1.0,3.0,31555,M,4361552.0,142422.0,31
201700024863,17,8,18,200,5,1,1,1.0,6.0,31555,M,4357190.0,147440.0,31
201700024864,17,8,19,400,5,2,1,1.0,7.0,31555,M,4359759.0,142867.0,31
201700024865,17,8,21,1150,1,2,3,1.0,3.0,31555,M,4358427.0,144799.0,31
201700024866,17,8,21,2318,5,2,1,1.0,3.0,31555,M,4362185.0,142497.0,31
201700024867,17,8,23,1335,1,2,1,1.0,3.0,31069,M,4362345.0,139481.0,31
201700024868,17,8,25,2100,3,2,2,1.0,3.0,31555,M,4361922.0,143269.0,31
201700024869,17,8,27,1850,1,1,1,1.0,2.0,31555,M,4357924.0,136628.0,31
201700024870,17,8,28,1400,1,2,1,1.0,6.0,31555,M,4357212.0,140274.0,31
201700024871,17,8,29,1450,1,2,1,1.0,6.0,31555,M,4357864.0,141267.0,31
201700024872,17,8,29,2320,5,2,1,1.0,6.0,31555,M,4360710.0,145071.0,31
201700024873,17,8,30,900,1,2,2,1.0,3.0,31555,M,4358031.0,145886.0,31
201700024874,17,8,31,640,2,1,1,1.0,2.0,31555,M,4356347.0,141834.0,31
201700024875,17,8,31,1815,1,2,1,8.0,6.0,31555,M,4360678.0,145079.0,31
201700024876,17,8,31,2120,5,2,3,1.0,4.0,31555,M,4364445.0,143922.0,31
201700024877,17,8,31,1930,1,1,1,1.0,2.0,31149,M,4359558.0,130030.0,31
201700024878,17,9,1,946,1,2,6,1.0,7.0,31557,M,4358422.0,133850.0,31
201700024879,17,9,3,139,5,2,1,1.0,3.0,31555,M,4362888.0,143501.0,31
201700024880,17,9,2,2025,2,2,2,1.0,3.0,31555,M,4361515.0,142104.0,31
201700024881,17,9,3,220,5,2,2,1.0,3.0,31555,M,4362617.0,143708.0,31
201700024882,17,9,4,1810,1,1,1,1.0,3.0,31555,M,4356225.0,149385.0,31
201700024883,17,9,5,1000,1,1,1,1.0,6.0,31555,M,4360960.0,138423.0,31
201700024884,17,9,6,1735,1,2,1,1.0,6.0,31555,M,4361977.0,144266.0,31
201700024885,17,9,7,2100,5,1,1,1.0,2.0,31555,M,4364715.0,142024.0,31
201700024886,17,9,8,1425,1,2,1,1.0,3.0,31555,M,4361338.0,140152.0,31
201700024887,17,9,9,1445,1,2,3,1.0,2.0,31555,M,4359786.0,142381.0,31
201700024888,17,9,8,1700,1,1,1,1.0,2.0,31555,M,4358678.0,140694.0,31
201700024889,17,9,8,1800,1,2,1,1.0,6.0,31555,M,4358396.0,140844.0,31
201700024890,17,9,9,2030,4,1,1,1.0,3.0,31149,M,4364167.0,144892.0,31
201700024891,17,9,9,930,1,2,1,2.0,4.0,31555,M,4358396.0,140844.0,31
201700024892,17,9,11,850,1,2,1,1.0,3.0,31555,M,4364167.0,144892.0,31
201700024893,17,9,9,1645,1,2,3,1.0,3.0,31555,M,4363427.0,146360.0,31
201700024894,17,9,11,1625,1,2,1,1.0,2.0,31557,M,4356182.0,134830.0,31
201700024895,17,9,11,1906,1,2,1,1.0,6.0,31555,M,4357330.0,141909.0,31
201700024896,17,9,12,745,1,2,1,1.0,6.0,31555,M,4355765.0,140172.0,31
201700024897,17,9,12,950,1,2,3,1.0,3.0,31555,M,4358298.0,144844.0,31
201700024898,17,9,13,800,1,2,1,1.0,1.0,31557,M,4359450.0,131828.0,31
201700024899,17,9,13,815,1,2,1,1.0,2.0,31555,M,4358431.0,144716.0,31
201700024900,17,9,13,455,5,2,3,1.0,3.0,31149,M,4360466.0,130726.0,31
201700024901,17,9,13,645,2,2,1,1.0,3.0,31555,M,4362833.0,146001.0,31
201700024902,17,9,13,1645,1,2,1,1.0,6.0,31557,M,4357778.0,133296.0,31
201700024903,17,9,14,800,1,2,1,1.0,2.0,31555,M,4361628.0,139929.0,31
201700024904,17,9,13,1855,1,1,1,1.0,2.0,31149,M,4360685.0,132867.0,31
201700024905,17,9,15,1000,1,2,1,1.0,3.0,31555,M,4362192.0,145636.0,31
201700024906,17,9,15,730,2,2,1,1.0,3.0,31555,M,4355460.0,144102.0,31
201700024907,17,9,15,850,1,2,1,1.0,3.0,31555,M,4359347.0,145809.0,31
201700024908,17,9,15,945,1,2,1,1.0,7.0,31555,M,4360986.0,140573.0,31
201700024909,17,9,15,1420,1,1,1,1.0,2.0,31555,M,4362632.0,147637.0,31
201700024910,17,9,15,1530,1,1,1,2.0,7.0,31555,M,4360676.0,140655.0,31
201700024911,17,9,15,1600,1,2,1,1.0,6.0,31555,M,4359143.0,146762.0,31
201700024912,17,9,15,1800,1,2,1,2.0,6.0,31555,M,4361080.0,144226.0,31
201700024913,17,9,16,10,5,2,3,2.0,3.0,31555,M,4360053.0,144824.0,31
201700024914,17,9,16,1016,1,2,1,1.0,6.0,31069,M,4363355.0,138843.0,31
201700024915,17,9,18,1750,1,2,2,1.0,3.0,31555,M,4362375.0,143690.0,31
201700024916,17,9,18,1805,1,1,1,2.0,4.0,31555,M,4357242.0,147385.0,31
201700024917,17,9,18,1535,1,1,1,1.0,4.0,31555,M,4362751.0,141981.0,31
201700024918,17,9,19,1340,1,2,1,1.0,3.0,31555,M,4356917.0,137379.0,31
201700024919,17,9,19,825,1,2,1,1.0,7.0,31555,M,4355750.0,140958.0,31
201700024920,17,9,20,800,1,2,6,1.0,2.0,31555,M,4358579.0,140518.0,31
201700024921,17,9,20,1410,1,2,1,1.0,6.0,31555,M,4361208.0,142305.0,31
201700024922,17,9,20,1415,1,2,1,1.0,3.0,31555,M,4362572.0,142262.0,31
201700024923,17,9,20,1715,1,2,1,1.0,3.0,31149,M,4359880.0,129611.0,31
201700024924,17,9,21,2120,5,2,3,1.0,1.0,31555,M,4358055.0,141025.0,31
201700024925,17,9,22,1835,1,2,1,1.0,3.0,31555,M,4356971.0,140407.0,31
201700024926,17,9,23,1030,1,2,1,1.0,6.0,31555,M,4361121.0,143821.0,31
201700024927,17,9,23,1240,1,2,1,1.0,3.0,31555,M,4360060.0,144932.0,31
201700024928,17,9,23,2245,5,2,1,1.0,6.0,31555,M,4361017.0,144048.0,31
201700024929,17,9,24,1246,1,2,1,1.0,6.0,31555,M,4354783.0,143925.0,31
201700024930,17,9,24,1556,1,2,1,1.0,2.0,31555,M,4361652.0,143914.0,31
201700024931,17,9,25,845,1,1,1,1.0,4.0,31555,M,4361672.0,139344.0,31
201700024932,17,9,25,825,2,2,1,1.0,3.0,31555,M,4356660.0,148956.0,31
201700024933,17,9,25,1715,1,2,1,1.0,6.0,31555,M,4357993.0,141218.0,31
201700024934,17,9,25,1924,1,2,1,1.0,2.0,31557,M,4358826.0,135800.0,31
201700024935,17,9,26,900,1,2,1,1.0,6.0,31555,M,4356995.0,142177.0,31
201700024936,17,9,26,1710,1,1,1,1.0,4.0,31555,M,4361997.0,139365.0,31
201700024937,17,9,26,1720,1,1,1,1.0,4.0,31555,M,4361046.0,141501.0,31
201700024938,17,9,26,1725,1,1,1,1.0,2.0,31555,M,4357393.0,144888.0,31
201700024939,17,9,27,900,1,1,1,1.0,3.0,31149,M,4360661.0,131606.0,31
201700024940,17,9,27,1920,2,2,1,1.0,6.0,31555,M,4359760.0,142047.0,31
201700024941,17,9,27,2040,5,2,1,1.0,6.0,31555,M,4359721.0,144569.0,31
201700024942,17,9,17,1655,1,2,1,1.0,3.0,31555,M,4356620.0,141124.0,31
201700024943,17,9,28,1655,1,1,1,1.0,2.0,31555,M,4357269.0,146447.0,31
201700024944,17,9,28,1820,1,2,1,1.0,1.0,31555,M,4356560.0,140465.0,31
201700024945,17,9,29,1350,1,2,2,1.0,3.0,31555,M,4361603.0,143721.0,31
201700024946,17,9,29,1720,1,2,1,1.0,3.0,31555,M,4360600.0,145309.0,31
201700024947,17,9,29,1815,1,2,1,1.0,6.0,31555,M,4358855.0,145082.0,31
201700024948,17,10,1,150,3,2,1,1.0,1.0,31555,M,4358959.0,141997.0,31
201700024949,17,10,2,1550,1,2,2,1.0,3.0,31555,M,4360613.0,144569.0,31
201700024950,17,10,3,830,1,2,3,1.0,3.0,31555,M,4365004.0,141352.0,31
201700024951,17,10,3,745,2,2,1,8.0,6.0,31555,M,4357047.0,145477.0,31
201700024952,17,10,3,1611,1,2,1,1.0,3.0,31555,M,4360556.0,144880.0,31
201700024953,17,10,4,1508,1,2,2,1.0,5.0,31555,M,4361296.0,147052.0,31
201700024954,17,10,5,1115,1,2,1,1.0,3.0,31557,M,4358813.0,132161.0,31
201700024955,17,10,5,1645,1,1,1,1.0,3.0,31555,M,4359757.0,139721.0,31
201700024956,17,10,5,1930,1,2,3,1.0,3.0,31555,M,4355892.0,139851.0,31
201700024957,17,10,6,850,1,2,1,1.0,6.0,31149,M,4360982.0,135243.0,31
201700024958,17,10,6,1740,1,1,1,1.0,2.0,31555,M,4357442.0,146839.0,31
201700024959,17,10,6,1940,2,2,1,1.0,3.0,31555,M,4366458.0,141388.0,31
201700024960,17,10,6,2010,5,2,1,1.0,2.0,31555,M,4358917.0,146075.0,31
201700024961,17,10,7,1330,1,2,1,1.0,6.0,31555,M,4359252.0,143428.0,31
201700024962,17,10,7,1045,1,2,1,1.0,3.0,31555,M,4358472.0,144760.0,31
201700024963,17,10,9,1145,1,2,1,1.0,3.0,31555,M,4361766.0,142719.0,31
201700024964,17,10,9,1455,1,2,1,1.0,3.0,31555,M,4356429.0,148128.0,31
201700024965,17,10,10,1550,1,1,1,1.0,4.0,31555,M,4365242.0,142432.0,31