Num_Acc,an,mois,jour,hrmn,lum,agg,int,atm,col,com,gps,lat,long,dep
201700024966,17,10,11,1750,1,2,1,1.0,2.0,31555,M,4360616.0,144882.0,31
201700024967,17,10,12,850,1,2,3,1.0,5.0,31555,M,,,31
201700024968,17,10,11,2030,5,2,1,1.0,3.0,31555,M,4363221.0,145582.0,31
201700024969,17,10,13,1639,1,2,1,1.0,2.0,31555,M,4360889.0,136311.0,31
201700024970,17,10,13,1750,1,2,4,1.0,3.0,31555,M,4361047.0,141843.0,31
201700024971,17,10,15,140,4,2,1,1.0,6.0,31555,M,4360614.0,145422.0,31
201700024972,17,10,16,1550,1,2,1,1.0,3.0,31555,M,4359757.0,144018.0,31
201700024973,17,10,16,2120,3,2,1,1.0,7.0,31555,M,4355009.0,141676.0,31
201700024974,17,10,16,2140,3,2,1,1.0,7.0,31555,M,4355009.0,141676.0,31
201700024975,17,10,17,1042,1,2,4,1.0,6.0,31555,M,4362692.0,145894.0,31
201700024976,17,10,17,1740,1,2,1,1.0,1.0,31069,M,4362487.0,139245.0,31
201700024977,17,10,17,1750,1,2,1,1.0,7.0,31555,M,4360472.0,144962.0,31
201700024978,17,10,15,900,1,1,1,1.0,6.0,31149,M,4360618.0,133769.0,31
201700024979,17,8,30,1530,1,2,1,1.0,6.0,31555,M,4359798.0,144557.0,31
201700024980,17,10,13,750,2,1,1,1.0,3.0,31555,M,4357350.0,141014.0,31
201700024981,17,10,18,1500,1,1,1,1.0,7.0,31555,M,4359299.0,149357.0,31
201700024982,17,10,20,1040,1,2,1,1.0,3.0,31555,M,4362426.0,143441.0,31
201700024983,17,10,20,1225,1,2,1,1.0,3.0,31555,M,4363382.0,142190.0,31
201700024984,17,10,20,1500,1,2,1,1.0,3.0,31555,M,4360484.0,144954.0,31
201700024985,17,10,21,1425,1,2,1,1.0,4.0,31557,M,4358525.0,134523.0,31
201700024986,17,10,22,645,4,1,1,2.0,7.0,31555,M,4360960.0,138651.0,31
201700024987,17,10,23,930,1,2,2,1.0,1.0,31555,M,4362128.0,145789.0,31
201700024988,17,10,23,1120,1,2,1,1.0,3.0,31555,M,4360039.0,145067.0,31
201700024989,17,10,23,1815,1,1,1,1.0,3.0,31555,M,4357414.0,143930.0,31
201700024990,17,10,24,905,1,2,1,1.0,6.0,31555,M,4357400.0,141228.0,31
201700024991,17,10,24,2045,5,2,1,1.0,7.0,31555,M,4360085.0,147597.0,31
201700024992,17,10,24,1600,1,2,2,1.0,3.0,31555,M,4360434.0,147448.0,31
201700024993,17,10,24,1800,1,2,1,1.0,3.0,31555,M,4360487.0,139487.0,31
201700024994,17,10,26,910,1,2,1,1.0,3.0,31555,M,4356638.0,145889.0,31
201700024995,17,10,27,800,2,2,1,1.0,3.0,31149,M,4360099.0,135487.0,31
201700024996,17,10,30,1035,1,2,1,1.0,3.0,31555,M,4360918.0,143078.0,31
201700024997,17,10,27,1955,4,1,1,1.0,2.0,31555,M,4360893.0,141202.0,31
201700024998,17,10,29,630,4,1,1,1.0,7.0,31555,M,4356902.0,141483.0,31
201700024999,17,10,30,830,1,2,1,1.0,6.0,31555,M,4359885.0,143624.0,31
201700025000,17,10,30,1700,1,1,1,1.0,4.0,31555,M,4361222.0,138650.0,31
201700025001,17,10,31,1245,1,2,1,1.0,3.0,31555,M,4357810.0,145037.0,31
201700025002,17,10,27,1625,1,2,1,1.0,3.0,31555,M,4360470.0,144949.0,31
201700025003,17,11,2,1205,1,2,1,1.0,3.0,31555,M,4363786.0,142983.0,31
201700025004,17,11,3,1205,1,2,1,1.0,6.0,31149,M,4361316.0,133179.0,31
201700025005,17,11,3,905,1,2,1,1.0,3.0,31555,M,4359024.0,141646.0,31
201700025006,17,11,3,1830,5,2,1,1.0,3.0,31555,M,4361343.0,145754.0,31
201700025007,17,11,3,1900,5,1,1,1.0,2.0,31555,M,4360455.0,139948.0,31
201700025008,17,11,4,25,5,2,2,1.0,3.0,31555,M,4360150.0,144364.0,31
201700025009,17,11,4,1110,1,2,1,1.0,6.0,31555,M,4360882.0,137992.0,31
201700025010,17,11,5,100,5,2,1,1.0,2.0,31555,M,4362598.0,143717.0,31
201700025011,17,11,5,605,3,2,1,1.0,2.0,31555,M,4357181.0,149670.0,31
201700025012,17,11,6,1720,5,2,2,1.0,3.0,31555,M,4366167.0,141648.0,31
201700025013,17,11,7,1215,1,1,1,1.0,2.0,31555,M,4361136.0,138193.0,31
201700025014,17,11,7,2200,4,1,1,1.0,7.0,31555,M,4358530.0,149646.0,31
201700025015,17,11,7,1645,1,2,1,1.0,4.0,31149,M,4361351.0,130691.0,31
201700025016,17,11,7,1810,4,1,1,1.0,2.0,31555,M,4357061.0,143214.0,31
201700025017,17,11,8,915,1,2,1,1.0,3.0,31555,M,4358789.0,142426.0,31
201700025018,17,11,8,1800,3,2,1,2.0,3.0,31555,M,4358578.0,140374.0,31
201700025019,17,11,8,1830,5,2,1,2.0,3.0,31555,M,4356982.0,145558.0,31
201700025020,17,11,8,1745,5,2,6,2.0,3.0,31149,M,4360918.0,132633.0,31
201700025021,17,11,8,1817,3,2,1,1.0,2.0,31555,M,4359357.0,140773.0,31
201700025022,17,11,7,1955,5,2,1,1.0,2.0,31555,M,4357426.0,140533.0,31
201700025023,17,11,10,715,2,2,1,1.0,3.0,31555,M,4360911.0,142766.0,31
201700025024,17,11,10,1515,1,1,1,1.0,2.0,31555,M,4364660.0,144561.0,31
201700025025,17,11,11,210,3,2,1,2.0,6.0,31555,M,4355019.0,141730.0,31
201700025026,17,11,11,1540,1,2,2,1.0,3.0,31555,M,4358134.0,141340.0,31
201700025027,17,11,12,730,2,2,1,2.0,6.0,31555,M,4363262.0,148209.0,31
201700025028,17,11,12,1720,2,1,1,2.0,4.0,31555,M,4360923.0,141259.0,31
201700025029,17,11,9,1845,5,2,1,1.0,3.0,31557,M,4358160.0,129728.0,31
201700025030,17,11,13,725,1,2,2,1.0,3.0,31555,M,4359301.0,144441.0,31
201700025031,17,11,13,1247,1,2,1,1.0,1.0,31555,M,4359542.0,145119.0,31
201700025032,17,11,13,1640,1,2,1,1.0,6.0,31555,M,4356806.0,150517.0,31
201700025033,17,11,13,1847,5,1,1,1.0,2.0,31555,M,4363915.0,142123.0,31
201700025034,17,11,14,730,2,2,1,1.0,6.0,31149,M,4359606.0,134917.0,31
201700025035,17,11,14,1700,2,2,1,1.0,3.0,31555,M,4357210.0,149655.0,31
201700025036,17,11,14,1840,2,1,1,1.0,4.0,31555,M,4358310.0,140406.0,31
201700025037,17,11,15,1245,1,2,2,1.0,3.0,31555,M,4359049.0,142021.0,31
201700025038,17,11,15,1010,1,2,1,1.0,6.0,31555,M,4558390.0,144415.0,31
201700025039,17,11,16,945,1,2,1,1.0,3.0,31555,M,4359012.0,144121.0,31
201700025040,17,11,16,1230,1,2,1,1.0,1.0,31555,M,4358517.0,137272.0,31
201700025041,17,11,17,10,5,1,1,1.0,2.0,31555,M,4363867.0,148516.0,31
201700025042,17,11,17,140,5,2,1,1.0,6.0,31555,M,4356972.0,145557.0,31
201700025043,17,11,17,805,1,1,1,1.0,2.0,31149,M,4360468.0,139870.0,31
201700025044,17,11,17,1015,1,2,6,1.0,3.0,31555,M,4359795.0,141989.0,31
201700025045,17,11,19,1520,1,2,1,1.0,6.0,31555,M,4359595.0,145112.0,31
201700025046,17,11,19,1525,1,2,1,1.0,6.0,31149,M,4360606.0,133582.0,31
201700025047,17,11,21,825,1,1,1,1.0,2.0,31555,M,4365298.0,142500.0,31
201700025048,17,11,21,915,1,1,1,1.0,4.0,31555,M,4355956.0,148965.0,31
201700025049,17,11,21,1445,1,1,1,1.0,2.0,31555,M,4360903.0,135641.0,31
201700025050,17,11,22,1910,5,2,1,1.0,3.0,31555,M,4363799.0,144420.0,31
201700025051,17,11,23,740,2,2,3,1.0,1.0,31555,M,4359790.0,145794.0,31
201700025052,17,11,23,2000,5,2,3,1.0,3.0,31555,M,4357458.0,145909.0,31
201700025053,17,11,23,820,1,2,1,1.0,3.0,31555,M,4357525.0,140603.0,31
201700025054,17,11,24,600,5,2,1,2.0,3.0,31555,M,4359328.0,139342.0,31
201700025055,17,11,24,1345,1,2,1,1.0,3.0,31555,M,4363372.0,143796.0,31
201700025056,17,11,24,1745,5,1,1,1.0,4.0,31555,M,4357242.0,145581.0,31
201700025057,17,11,25,300,5,2,1,1.0,6.0,31555,M,4357104.0,143697.0,31
201700025058,17,11,26,630,5,2,1,1.0,7.0,31555,M,4356666.0,150907.0,31
201700025059,17,11,26,1250,1,2,1,1.0,3.0,31555,M,4360351.0,140742.0,31
201700025060,17,11,26,1435,1,2,1,1.0,2.0,31555,M,4365823.0,141961.0,31
201700025061,17,11,26,1620,1,2,1,1.0,3.0,31555,M,4357449.0,142414.0,31
201700025062,17,11,27,1600,1,2,1,1.0,4.0,31555,M,4354626.0,141871.0,31
201700025063,17,11,27,2038,5,1,1,1.0,2.0,31555,M,4364735.0,142012.0,31
201700025064,17,11,28,1830,5,2,1,1.0,6.0,31555,M,4362448.0,147468.0,31
201700025065,17,11,29,1610,1,1,1,1.0,2.0,31555,M,4361001.0,137393.0,31
201700025066,17,11,30,1805,5,2,1,1.0,3.0,31555,M,4359325.0,144294.0,31
201700025067,17,11,30,1855,5,2,1,1.0,3.0,31555,M,4357211.0,142424.0,31
201700025068,17,11,30,1920,5,1,1,1.0,4.0,31069,M,4362678.0,138421.0,31
201700025069,17,12,1,715,2,2,1,1.0,2.0,31555,M,4363793.0,145278.0,31
201700025070,17,12,1,1200,1,1,1,1.0,2.0,31149,M,4360920.0,135864.0,31
201700025071,17,12,1,1300,1,2,1,1.0,3.0,31555,M,4360984.0,143360.0,31
201700025072,17,12,1,1900,5,2,1,2.0,6.0,31555,M,4360721.0,144715.0,31
201700025073,17,12,2,215,3,2,1,1.0,6.0,31555,M,4365470.0,141168.0,31
201700025074,17,12,2,1335,1,2,9,1.0,3.0,31555,M,4363966.0,142930.0,31
201700025075,17,12,2,1620,1,2,2,1.0,3.0,31555,M,4355315.0,146704.0,31
201700025076,17,12,2,1740,5,1,1,1.0,3.0,31555,M,4361120.0,138253.0,31
201700025077,17,12,4,839,1,2,1,1.0,3.0,31557,M,4358774.0,135134.0,31
201700025078,17,12,4,1500,1,2,1,1.0,6.0,31555,M,4361413.0,145095.0,31
201700025079,17,12,4,1600,1,2,3,1.0,6.0,31555,M,4357438.0,146230.0,31
201700025080,17,12,2,350,4,1,1,1.0,7.0,31555,M,4361163.0,138632.0,31
201700025081,17,12,5,2030,5,2,1,1.0,3.0,31555,M,4363020.0,143262.0,31
201700025082,17,12,6,1714,2,2,1,1.0,6.0,31555,M,4363546.0,146464.0,31
201700025083,17,12,7,735,2,2,1,1.0,6.0,31555,M,4364394.0,146122.0,31
201700025084,17,12,8,720,5,2,1,2.0,6.0,31555,M,4360574.0,135935.0,31
201700025085,17,12,8,1250,1,1,1,1.0,5.0,31555,M,4350000.0,133330.0,31
201700025086,17,12,8,2225,4,1,1,2.0,3.0,31555,M,4361455.0,138745.0,31
201700025087,17,12,9,340,5,2,3,1.0,3.0,31555,M,4360908.0,143058.0,31
201700025088,17,12,10,1710,5,2,1,3.0,5.0,31555,M,4364736.0,142016.0,31
201700025089,17,11,23,1800,5,2,1,1.0,6.0,31555,M,4361980.0,146886.0,31
201700025090,17,12,8,1915,5,2,1,1.0,6.0,31069,M,4365284.0,136954.0,31
201700025091,17,12,10,1920,5,2,1,3.0,7.0,31555,M,4364981.0,142541.0,31
201700025092,17,12,12,1615,1,2,1,1.0,6.0,31555,M,4357731.0,143633.0,31
201700025093,17,12,13,650,5,2,1,1.0,3.0,31555,M,4363150.0,143204.0,31
201700025094,17,12,13,750,2,2,1,1.0,4.0,31555,M,4360937.0,142137.0,31
201700025095,17,12,13,1800,2,2,1,1.0,1.0,31555,M,4357599.0,147969.0,31
201700025096,17,12,14,1430,1,2,1,2.0,3.0,31555,M,4357085.0,140494.0,31
201700025097,17,12,15,1840,5,2,1,1.0,3.0,31555,M,4356384.0,140888.0,31
201700025098,17,12,15,2000,5,2,1,1.0,6.0,31555,M,4360967.0,143229.0,31
201700025099,17,12,16,2135,5,2,1,1.0,3.0,31555,M,4360382.0,140686.0,31
201700025100,17,12,16,2200,5,2,6,1.0,3.0,31555,M,4364321.0,145598.0,31
201700025101,17,12,17,315,5,1,1,1.0,6.0,31555,M,4363782.0,147953.0,31
201700025102,17,12,17,2310,4,2,1,1.0,3.0,31555,M,4366420.0,143301.0,31
201700025103,17,12,18,810,1,2,1,1.0,1.0,31557,M,4357068.0,133638.0,31
201700025104,17,12,18,1705,2,2,1,2.0,6.0,31555,M,4360057.0,144821.0,31
201700025105,17,12,18,1800,5,2,1,2.0,6.0,31149,M,4360280.0,133896.0,31
201700025106,17,12,19,820,1,2,3,1.0,5.0,31149,M,4361734.0,131935.0,31
201700025107,17,12,19,1757,3,1,1,1.0,3.0,31555,M,4357220.0,145620.0,31
201700025108,17,12,21,750,5,2,3,1.0,6.0,31555,M,4363746.0,146342.0,31
201700025109,17,12,21,1225,1,1,1,2.0,4.0,31555,M,4353891.0,139443.0,31
201700025110,17,12,21,1855,5,2,1,2.0,3.0,31555,M,4360390.0,142806.0,31
201700025111,17,12,21,2200,5,2,1,2.0,1.0,31555,M,4358985.0,142116.0,31
201700025112,17,12,22,100,5,2,1,2.0,6.0,31555,M,4361137.0,143832.0,31
201700025113,17,12,21,1800,5,1,1,2.0,2.0,31069,M,4362138.0,139672.0,31
201700025114,17,12,22,1745,5,1,1,2.0,2.0,31555,M,4359960.0,139763.0,31
201700025115,17,12,22,1820,5,2,1,2.0,6.0,31555,M,4361328.0,142969.0,31
201700025116,17,12,22,1945,5,2,1,2.0,3.0,31555,M,4358057.0,141270.0,31
201700025117,17,12,23,1612,1,2,1,1.0,6.0,31555,M,4359616.0,148528.0,31
201700025118,17,12,25,1805,5,1,1,1.0,7.0,31149,M,4360672.0,133342.0,31
201700025119,17,12,22,1945,5,2,1,2.0,3.0,31069,M,4363113.0,139172.0,31
201700025120,17,12,28,1,5,2,1,2.0,7.0,31069,M,4362178.0,139671.0,31
201700025121,17,12,28,1825,5,2,1,2.0,1.0,31557,M,4357758.0,132092.0,31
201700025122,17,12,28,2354,5,2,1,2.0,7.0,31555,M,4361659.0,147287.0,31
201700025123,17,1,10,1815,3,1,3,1.0,4.0,28205,M,4806985.0,121765.0,28
201700025124,17,3,8,1945,5,2,4,2.0,6.0,28088,M,4807932.0,133747.0,28
201700025125,17,4,8,2220,3,1,1,1.0,6.0,28211,M,4813307.0,126017.0,28
201700025126,17,4,10,2105,3,2,1,1.0,3.0,28088,M,4808009.0,134801.0,28
201700025127,17,5,26,1345,1,2,1,1.0,7.0,28088,M,4806091.0,133193.0,28
201700025128,17,6,2,1810,2,2,1,1.0,1.0,28088,M,4806926.0,132512.0,28
201700025129,17,6,4,1900,1,1,1,1.0,7.0,28241,M,4802055.0,136950.0,28
201700025130,17,6,26,1400,1,1,1,1.0,6.0,28083,M,4796563.0,132478.0,28
201700025131,17,7,16,1640,1,1,1,1.0,1.0,28410,M,4803082.0,153953.0,28
201700025132,17,7,27,1455,1,1,1,1.0,1.0,28088,M,4809273.0,145781.0,28
201700025133,17,8,16,1215,1,1,9,1.0,7.0,28205,M,4806819.0,123933.0,28
201700025134,17,9,2,2045,5,2,3,1.0,7.0,28088,M,4808399.0,134150.0,28
201700025135,17,9,18,1415,1,2,1,1.0,6.0,28088,M,4807256.0,134495.0,28
201700025136,17,9,22,1700,1,1,1,1.0,7.0,28389,M,4801858.0,135230.0,28
201700025137,17,10,1,1220,1,1,1,2.0,6.0,28103,M,4798044.0,123546.0,28
201700025138,17,10,23,1010,1,1,1,2.0,2.0,28211,M,4815406.0,125528.0,28
201700025139,17,10,23,1700,1,2,3,8.0,2.0,28088,M,4808019.0,133769.0,28
201700025140,17,12,2,2130,3,1,1,5.0,6.0,28340,M,4804738.0,124514.0,28
201700025141,17,5,16,1630,1,2,2,1.0,7.0,28336,M,4832917.0,121780.0,28
201700025142,17,6,16,815,1,1,2,1.0,3.0,28066,M,4823792.0,127657.0,28
201700025143,17,6,28,2134,2,1,1,8.0,7.0,28127,M,4820384.0,128835.0,28
201700025144,17,7,31,1815,1,1,1,1.0,1.0,28041,M,4831982.0,127535.0,28
201700025145,17,8,30,630,2,1,1,1.0,7.0,28041,M,4831621.0,127054.0,28
201700025146,17,1,24,1005,1,1,1,4.0,1.0,10030,M,4831380.0,398170.0,10
201700025147,17,3,26,638,3,1,1,1.0,1.0,10352,M,4835966.0,410450.0,10
201700025148,17,4,24,1745,1,1,1,1.0,6.0,10406,M,4823113.0,414248.0,10
201700025149,17,5,26,945,1,2,1,1.0,3.0,10281,M,4837043.0,389709.0,10
201700025150,17,5,29,830,1,1,1,1.0,6.0,10100,M,4819292.0,421398.0,10
201700025151,17,7,9,1050,1,2,1,1.0,7.0,10100,M,4822890.0,414909.0,10
201700025152,17,6,21,1120,1,2,2,1.0,3.0,10340,M,4825184.0,402710.0,10
201700025153,17,8,19,1325,1,1,1,1.0,3.0,10030,M,4832752.0,403235.0,10
201700025154,17,9,30,2230,5,2,4,1.0,6.0,10363,M,4820502.0,414921.0,10
201700025155,17,10,11,1655,1,1,1,1.0,7.0,10282,M,4837799.0,396012.0,10
201700025156,17,10,13,2115,3,1,1,1.0,7.0,10349,M,4834629.0,398431.0,10
201700025157,17,10,16,720,1,2,4,1.0,3.0,10115,M,4832821.0,412094.0,10
201700025158,17,11,4,1515,1,1,1,1.0,7.0,10248,M,4831302.0,397250.0,10
201700025159,17,11,22,816,2,1,3,7.0,2.0,10260,M,4822106.0,411437.0,10
201700025160,17,12,5,845,1,2,1,1.0,2.0,10340,M,4825608.0,400615.0,10
201700025161,17,1,31,1505,1,2,9,1.0,6.0,10003,M,4819757.0,373577.0,10
201700025162,17,2,23,1830,3,1,1,2.0,7.0,10125,M,4834001.0,381913.0,10
201700025163,17,6,25,2220,3,1,1,1.0,6.0,10222,M,4815137.0,385460.0,10
201700025164,17,7,28,1900,1,1,1,1.0,7.0,10142,M,4825606.0,381109.0,10
201700025165,17,8,17,40,3,2,1,1.0,6.0,10003,M,4822096.0,372622.0,10
201700025166,17,9,25,1800,1,1,1,1.0,6.0,10415,M,4826193.0,374711.0,10
201700025167,17,1,12,1315,1,1,1,1.0,6.0,68295,M,4801584.0,735603.0,68
201700025168,17,2,8,2230,3,1,1,2.0,7.0,68145,M,4809004.0,738857.0,68
201700025169,17,2,13,1115,1,1,1,1.0,7.0,68007,M,4807173.0,743430.0,68
201700025170,17,2,24,2120,3,1,1,1.0,6.0,68227,M,4809803.0,745554.0,68
201700025171,17,2,27,1900,3,1,6,2.0,4.0,68366,M,4810980.0,743827.0,68
201700025172,17,3,9,1410,1,1,1,2.0,6.0,68367,M,4805658.0,750365.0,68
201700025173,17,3,11,1100,1,2,2,1.0,3.0,68172,M,4807642.0,753428.0,68
201700025174,17,3,22,1600,1,1,6,1.0,4.0,68145,M,4807157.0,740897.0,68
201700025175,17,4,8,1450,1,1,1,1.0,2.0,68295,M,4801467.0,736680.0,68
201700025176,17,4,9,340,3,1,1,1.0,7.0,68295,M,4802567.0,740114.0,68
201700025177,17,4,11,1755,1,1,1,1.0,4.0,68007,M,4807120.0,741101.0,68
201700025178,17,4,13,1715,1,1,6,1.0,2.0,68007,M,4807191.0,741022.0,68
201700025179,17,4,29,1915,1,1,3,1.0,3.0,68227,M,4809905.0,745943.0,68
201700025180,17,5,8,1050,1,2,2,2.0,3.0,68295,M,4801233.0,738536.0,68
201700025181,17,5,19,1955,1,1,1,1.0,6.0,68172,M,4808854.0,753422.0,68
201700025182,17,6,22,1530,1,2,1,1.0,6.0,68272,M,4812655.0,744505.0,68
201700025183,17,6,6,745,1,2,1,1.0,4.0,68145,M,4807913.0,740051.0,68
201700025184,17,7,23,1230,1,1,1,1.0,2.0,68143,M,4810972.0,739904.0,68
201700025185,17,8,18,745,1,2,4,1.0,1.0,68146,M,4812233.0,735211.0,68
201700025186,17,10,20,1920,2,2,2,1.0,3.0,68146,M,4812813.0,736835.0,68
201700025187,17,12,1,1335,1,2,2,1.0,2.0,68331,M,4804285.0,741230.0,68
201700025188,17,1,4,1758,5,2,1,9.0,6.0,68026,M,4814460.0,732440.0,68
201700025189,17,1,5,1450,1,1,1,4.0,6.0,68164,M,4815217.0,728813.0,68
201700025190,17,1,10,1520,1,1,1,2.0,7.0,68005,M,4812478.0,731204.0,68
201700025191,17,1,21,1400,1,2,1,1.0,6.0,68162,M,4814728.0,724880.0,68
201700025192,17,2,21,1710,2,1,1,2.0,6.0,68044,M,4816875.0,713651.0,68
201700025193,17,3,4,1715,2,1,2,2.0,1.0,68026,M,4813393.0,734879.0,68
201700025194,17,3,6,850,1,2,2,2.0,3.0,68005,M,4812421.0,728483.0,68
201700025195,17,3,12,1525,1,2,1,1.0,1.0,68026,M,4813158.0,736141.0,68
201700025196,17,3,13,1353,1,2,3,1.0,3.0,68162,M,4813536.0,726590.0,68
201700025197,17,3,26,1350,1,1,1,1.0,5.0,68310,M,4812893.0,731480.0,68
201700025198,17,3,28,1800,1,1,1,1.0,6.0,68005,M,4811984.0,730804.0,68
201700025199,17,4,21,1450,1,1,1,1.0,6.0,68162,M,4815428.0,721103.0,68
201700025200,17,5,16,1800,1,1,6,1.0,3.0,68310,M,4813293.0,731864.0,68
201700025201,17,5,26,30,5,2,1,1.0,6.0,68249,M,4812615.0,715826.0,68
201700025202,17,6,2,1550,1,2,1,1.0,6.0,68162,M,4813633.0,728226.0,68
201700025203,17,6,13,615,2,1,6,7.0,3.0,68310,M,4813260.0,731789.0,68
201700025204,17,7,15,1715,1,1,1,1.0,7.0,68296,M,4824242.0,734978.0,68
201700025205,17,8,22,720,1,1,1,1.0,7.0,68005,M,4813391.0,727446.0,68
201700025206,17,8,26,1100,1,1,1,1.0,6.0,68310,M,4813290.0,730703.0,68
201700025207,17,9,9,1955,3,1,1,2.0,6.0,68005,M,4811563.0,723366.0,68
201700025208,17,9,24,1612,1,1,1,1.0,6.0,68005,M,4811015.0,723739.0,68
201700025209,17,10,13,1410,1,1,1,1.0,3.0,68175,M,4816815.0,714289.0,68
201700025210,17,10,15,1500,1,1,1,1.0,7.0,68173,M,4810708.0,717333.0,68
201700025211,17,10,15,1645,1,1,4,1.0,6.0,68277,M,4816242.0,730825.0,68
201700025212,17,10,23,1200,1,2,1,1.0,6.0,68249,M,4812222.0,716509.0,68
201700025213,17,12,1,2100,3,2,1,1.0,6.0,68173,M,4810232.0,721431.0,68
201700025214,17,12,21,2200,3,1,1,8.0,6.0,68175,M,4815399.0,720508.0,68
201700025215,17,1,30,1530,1,1,1,2.0,5.0,71591,M,4644099.0,487043.0,71
201700025216,17,2,15,2232,3,1,1,1.0,2.0,71550,M,4649583.0,489906.0,71
201700025217,17,3,6,950,1,1,1,3.0,6.0,71550,M,,,71
201700025218,17,3,19,855,1,1,1,2.0,2.0,71090,M,,,71
201700025219,17,4,9,1835,1,1,1,1.0,7.0,71270,M,4628215.0,479378.0,71
201700025220,17,5,1,120,3,1,1,3.0,6.0,71105,M,4628215.0,478888.0,71
201700025221,17,6,26,1720,1,1,1,1.0,3.0,71270,M,4628827.0,480416.0,71
201700025222,17,8,5,1225,1,1,1,1.0,6.0,71270,M,4628827.0,480416.0,71
201700025223,17,8,9,50,3,1,1,1.0,4.0,71105,M,4628433.0,478921.0,71
201700025224,17,10,19,543,3,1,1,1.0,2.0,71270,M,4628290.0,478902.0,71
201700025225,17,11,27,532,3,1,1,1.0,6.0,71481,M,4619311.0,477582.0,71
201700025226,17,12,27,25,3,1,1,8.0,1.0,71591,M,4644207.0,488019.0,71
201700025227,17,1,7,2040,3,1,1,9.0,5.0,54135,M,4851366.0,591417.0,54
201700025228,17,8,3,1300,1,1,1,1.0,2.0,88232,M,4846955.0,587749.0,88
201700025229,17,8,12,545,2,1,1,1.0,7.0,54500,M,4849010.0,590366.0,54
201700025230,17,4,24,2105,2,1,1,1.0,2.0,83073,M,4340459.0,629766.0,83
201700025231,17,5,17,1923,2,1,1,1.0,7.0,83026,M,4340153.0,625009.0,83
201700025232,17,5,30,2215,3,1,1,1.0,2.0,83004,M,4344438.0,649204.0,83
201700025233,17,6,23,1450,1,1,1,1.0,5.0,83054,M,4315249.0,604005.0,83
201700025234,17,6,30,2320,3,1,1,1.0,2.0,83031,M,4339799.0,635542.0,83
201700025235,17,7,1,1625,1,1,1,1.0,5.0,83073,M,4340459.0,629766.0,83
201700025236,17,7,27,1410,1,1,1,1.0,3.0,83062,M,4314584.0,603092.0,83
201700025237,17,8,23,1345,1,1,1,1.0,6.0,83033,M,4329012.0,620803.0,83
201700025238,17,9,30,1720,1,1,1,1.0,7.0,83031,M,4339752.0,634521.0,83
201700025239,17,10,23,1456,1,1,1,1.0,2.0,83086,M,4346202.0,656110.0,83
201700025240,17,11,14,1825,3,1,1,1.0,2.0,83062,M,4314584.0,603092.0,83
201700025241,17,11,18,1445,1,1,1,1.0,7.0,83130,M,4318119.0,607949.0,83
201700025242,17,11,28,620,3,1,1,1.0,2.0,83057,M,4340622.0,619108.0,83
201700025243,17,11,28,609,3,1,1,1.0,4.0,83023,M,4341996.0,607952.0,83
201700025244,17,2,3,1145,1,1,1,6.0,6.0,28018,M,4820509.0,90372.0,28
201700025245,17,2,9,545,3,1,1,1.0,6.0,28188,M,4849841.0,169064.0,28
201700025246,17,2,26,1656,1,1,1,1.0,6.0,28425,M,4850838.0,173464.0,28
201700025247,17,3,28,1140,1,1,1,1.0,6.0,28139,M,4831675.0,133017.0,28
201700025248,17,3,31,1810,1,1,1,1.0,6.0,28196,M,4829306.0,127592.0,28
201700025249,17,4,7,1205,1,1,1,1.0,6.0,28161,M,4823979.0,108050.0,28
201700025250,17,4,17,1520,1,1,1,1.0,2.0,28327,M,4818838.0,80892.0,28
201700025251,17,4,21,1500,1,1,1,1.0,2.0,28085,M,4844228.0,152777.0,28
201700025252,17,5,19,1630,1,1,1,1.0,2.0,28196,M,4828225.0,123204.0,28
201700025253,17,5,29,1600,1,1,1,1.0,7.0,28104,M,4846830.0,158193.0,28
201700025254,17,6,25,1315,1,1,1,1.0,2.0,28161,M,4825918.0,113593.0,28
201700025255,17,6,30,900,1,1,1,2.0,6.0,28425,M,4850452.0,170847.0,28
201700025256,17,7,4,1450,1,2,1,1.0,6.0,28031,M,4821454.0,94297.0,28
201700025257,17,7,30,1915,1,1,1,1.0,2.0,28253,M,4810819.0,110754.0,28
201700025258,17,8,3,2125,3,1,1,1.0,6.0,28110,M,4841690.0,150790.0,28
201700025259,17,8,20,800,1,1,1,1.0,6.0,28104,M,4847563.0,161792.0,28
201700025260,17,8,26,1450,1,1,1,1.0,7.0,28173,M,4846728.0,157806.0,28
201700025261,17,8,31,1545,1,1,1,1.0,6.0,28196,M,4828311.0,123631.0,28
201700025262,17,9,8,1945,2,1,1,3.0,3.0,28403,M,4837817.0,148201.0,28
201700025263,17,9,16,1940,2,1,1,1.0,6.0,28425,M,4851045.0,175383.0,28
201700025264,17,10,24,900,1,1,1,8.0,2.0,28161,M,4824020.0,108453.0,28
201700025265,17,10,27,1356,1,1,1,1.0,6.0,28261,M,4827627.0,118189.0,28
201700025266,17,12,30,1855,3,1,1,6.0,6.0,28219,M,4823347.0,103996.0,28