Num_Acc,an,mois,jour,hrmn,lum,agg,int,atm,col,com,gps,lat,long,dep
201700025267,17,1,14,1934,3,1,1,2.0,5.0,45047,M,4811307.0,225240.0,45
201700025268,17,3,28,1315,1,1,1,1.0,6.0,45330,M,4806785.0,196075.0,45
201700025269,17,10,11,1300,1,1,2,1.0,1.0,45260,M,4822422.0,231205.0,45
201700025270,17,10,25,1708,1,1,1,1.0,6.0,45021,M,4811189.0,239919.0,45
201700025271,17,4,6,1345,1,1,1,1.0,5.0,44041,M,4708431.0,-161314.0,44
201700025272,17,5,11,1000,1,1,2,2.0,3.0,44155,M,4700284.0,-156955.0,44
201700025273,17,6,20,1750,1,1,1,1.0,5.0,44142,M,4704350.0,-136194.0,44
201700025274,17,8,31,1515,1,1,1,1.0,6.0,44102,M,4706524.0,-149901.0,44
201700025275,17,11,23,1045,1,1,1,1.0,3.0,44020,M,4716517.0,-159450.0,44
201700025276,17,12,4,1347,1,1,1,1.0,1.0,44041,M,4709760.0,-155398.0,44
201700025277,17,1,27,1230,1,2,1,8.0,6.0,13078,M,4339104.0,480055.0,13
201700025278,17,6,23,1535,1,1,1,1.0,1.0,13078,M,,,13
201700025279,17,9,26,2000,3,1,1,1.0,7.0,13078,M,4342545.0,476574.0,13
201700025280,17,11,4,1845,5,2,2,2.0,1.0,13078,M,4338952.0,480185.0,13
201700025281,17,2,6,2245,5,1,1,1.0,2.0,77415,M,4895154.0,304274.0,77
201700025282,17,2,8,735,2,1,1,1.0,6.0,77128,M,4887193.0,286326.0,77
201700025283,17,3,30,1400,1,1,1,1.0,1.0,77141,M,4885361.0,286083.0,77
201700025284,17,4,7,930,1,1,9,1.0,2.0,77401,M,4901323.0,315504.0,77
201700025285,17,5,21,1510,1,1,1,1.0,7.0,77415,M,4891792.0,298645.0,77
201700025286,17,7,31,1610,1,1,1,1.0,1.0,77235,M,4898405.0,308274.0,77
201700025287,17,12,8,1945,3,1,1,1.0,5.0,77235,M,4898217.0,307937.0,77
201700025288,17,1,20,1555,1,2,2,1.0,3.0,81156,M,4390923.0,203250.0,81
201700025289,17,3,29,1850,1,2,1,1.0,6.0,81156,M,4391359.0,201921.0,81
201700025290,17,4,16,300,3,1,1,1.0,7.0,81241,M,4379821.0,232112.0,81
201700025291,17,5,24,2215,5,2,9,1.0,1.0,81284,M,4391697.0,210979.0,81
201700025292,17,6,11,2015,1,1,1,1.0,6.0,81198,M,4386018.0,207569.0,81
201700025293,17,7,7,1830,1,1,3,1.0,4.0,81119,M,4378350.0,212084.0,81
201700025294,17,7,27,1955,1,1,1,1.0,6.0,81198,M,4384291.0,206541.0,81
201700025295,17,7,29,1650,1,1,1,1.0,3.0,81241,M,4377834.0,226386.0,81
201700025296,17,8,8,755,1,1,1,2.0,5.0,81147,M,4380245.0,218312.0,81
201700025297,17,9,23,110,3,1,1,1.0,6.0,81147,M,4382311.0,211922.0,81
201700025298,17,10,30,1400,1,1,1,1.0,7.0,81059,M,4388784.0,210864.0,81
201700025299,17,12,8,1320,1,1,1,8.0,1.0,81222,M,4377958.0,219007.0,81
201700025300,17,2,22,1605,1,1,1,1.0,7.0,81097,M,4386085.0,225388.0,81
201700025301,17,6,9,1620,1,2,1,1.0,6.0,81097,M,4388720.0,221132.0,81
201700025302,17,8,6,1745,1,1,1,1.0,3.0,81295,M,4383523.0,233394.0,81
201700025303,17,11,18,115,3,1,1,5.0,6.0,81317,M,4388381.0,233313.0,81
201700025304,17,1,31,1420,1,2,2,1.0,6.0,81078,M,4365705.0,198139.0,81
201700025305,17,3,9,2025,3,2,1,1.0,6.0,81273,M,4358709.0,217986.0,81
201700025306,17,3,17,915,1,1,2,7.0,3.0,81078,M,4366360.0,198024.0,81
201700025307,17,3,19,1730,1,1,3,1.0,5.0,81250,M,4375594.0,217588.0,81
201700025308,17,4,22,1323,1,1,1,1.0,1.0,81109,M,4367723.0,215589.0,81
201700025309,17,5,7,1730,1,2,2,1.0,3.0,81132,M,4364286.0,204809.0,81
201700025310,17,5,8,1645,1,1,1,1.0,6.0,81286,M,4367857.0,203833.0,81
201700025311,17,6,20,1140,1,1,2,1.0,1.0,81315,M,4363468.0,208118.0,81
201700025312,17,8,5,1015,1,1,4,1.0,6.0,81040,M,4370892.0,204963.0,81
201700025313,17,8,27,1825,1,1,1,1.0,1.0,81181,M,4368179.0,221845.0,81
201700025314,17,11,22,1340,1,1,1,1.0,7.0,81118,M,4365759.0,220961.0,81
201700025315,17,1,2,1830,5,2,1,5.0,3.0,81115,M,4347508.0,262892.0,81
201700025316,17,1,7,2211,5,2,1,1.0,7.0,81209,M,4352085.0,236800.0,81
201700025317,17,12,22,1405,1,2,3,1.0,3.0,32013,M,4364690.0,59058.0,32
201700025318,17,1,11,1250,1,2,1,1.0,2.0,32013,M,4365040.0,59389.0,32
201700025319,17,1,14,1030,1,2,1,1.0,6.0,32013,M,4365650.0,56144.0,32
201700025320,17,12,22,1720,2,2,1,1.0,3.0,32013,M,4364300.0,59595.0,32
201700025321,17,12,23,1605,1,2,1,1.0,7.0,32013,M,4366560.0,59406.0,32
201700025322,17,1,14,1130,1,2,3,1.0,3.0,32013,M,4364920.0,59622.0,32
201700025323,17,1,16,1830,5,2,4,1.0,6.0,32013,M,4363720.0,59642.0,32
201700025324,17,3,3,1528,1,2,1,1.0,2.0,32013,M,4364820.0,59277.0,32
201700025325,17,3,8,1335,1,1,1,1.0,6.0,32013,M,4367650.0,61855.0,32
201700025326,17,1,20,1705,1,2,6,1.0,3.0,32013,M,4366500.0,59318.0,32
201700025327,17,1,25,815,1,2,3,1.0,6.0,32013,M,4364530.0,58230.0,32
201700025328,17,1,25,1715,1,2,1,1.0,6.0,32013,M,4362990.0,58051.0,32
201700025329,17,3,16,805,1,2,1,1.0,1.0,32013,M,4363020.0,58756.0,32
201700025330,17,3,26,1935,1,1,1,1.0,7.0,32013,M,4364480.0,52723.0,32
201700025331,17,3,27,1825,1,2,3,1.0,3.0,32013,M,4366440.0,59617.0,32
201700025332,17,3,28,1045,1,2,3,1.0,3.0,32013,M,4363710.0,58977.0,32
201700025333,17,4,1,1620,1,2,1,1.0,6.0,32013,M,4363200.0,58874.0,32
201700025334,17,4,1,1945,2,1,1,1.0,7.0,32013,M,4368700.0,59602.0,32
201700025335,17,4,6,1728,1,1,1,1.0,4.0,32013,M,4362540.0,57741.0,32
201700025336,17,4,7,1915,1,2,1,1.0,7.0,32013,M,4364940.0,59718.0,32
201700025337,17,4,10,1150,1,2,1,1.0,7.0,32013,M,4363420.0,58285.0,32
201700025338,17,4,22,2123,5,2,3,1.0,3.0,32013,M,4365030.0,59382.0,32
201700025339,17,5,9,1449,1,2,1,1.0,4.0,32013,M,4364210.0,58516.0,32
201700025340,17,4,27,1700,1,1,1,1.0,1.0,32013,M,4366540.0,60389.0,32
201700025341,17,4,30,1630,1,2,2,2.0,3.0,32013,M,4364700.0,59003.0,32
201700025342,17,5,5,1510,1,2,1,1.0,2.0,32013,M,4363540.0,58903.0,32
201700025343,17,4,27,1700,1,2,6,8.0,1.0,32013,M,4364080.0,59615.0,32
201700025344,17,5,9,1745,1,2,1,1.0,6.0,32013,M,4364570.0,59125.0,32
201700025345,17,5,10,1650,1,1,1,1.0,6.0,32013,M,4366580.0,60187.0,32
201700025346,17,5,12,20,5,2,1,9.0,7.0,32013,M,4365570.0,56343.0,32
201700025347,17,5,16,1320,1,1,1,1.0,2.0,32013,M,4369780.0,61068.0,32
201700025348,17,5,18,815,1,2,3,1.0,3.0,32013,M,4365180.0,57525.0,32
201700025349,17,5,20,1225,1,2,1,1.0,4.0,32013,M,4365770.0,59764.0,32
201700025350,17,5,28,1830,1,1,6,1.0,3.0,32013,M,4365390.0,61182.0,32
201700025351,17,5,31,1020,1,2,1,1.0,2.0,32013,M,4364940.0,59339.0,32
201700025352,17,6,8,844,1,2,3,1.0,6.0,32013,M,4363670.0,58375.0,32
201700025353,17,6,27,1115,1,2,1,1.0,7.0,32013,M,4364580.0,59139.0,32
201700025354,17,6,27,1950,1,1,1,8.0,3.0,32013,M,4362800.0,51918.0,32
201700025355,17,6,29,715,2,2,1,1.0,2.0,32013,M,4362890.0,57974.0,32
201700025356,17,6,29,818,1,1,1,1.0,3.0,32013,M,4362070.0,57724.0,32
201700025357,17,7,9,2030,1,2,1,1.0,5.0,32013,M,4364630.0,58292.0,32
201700025358,17,7,17,1252,1,2,1,1.0,7.0,32013,M,4364340.0,58805.0,32
201700025359,17,7,29,1300,1,2,9,1.0,7.0,32013,M,4366200.0,59884.0,32
201700025360,17,8,2,1300,1,2,1,1.0,2.0,32013,M,4365750.0,59753.0,32
201700025361,17,8,5,1716,1,1,1,1.0,1.0,32013,M,4366030.0,63030.0,32
201700025362,17,8,3,1355,1,1,1,1.0,2.0,32013,M,4364180.0,52735.0,32
201700025363,17,8,23,1930,1,2,1,1.0,6.0,32013,M,4365700.0,58897.0,32
201700025364,17,8,30,1630,1,2,1,1.0,6.0,32013,M,4364880.0,59045.0,32
201700025365,17,9,5,1840,1,2,6,1.0,3.0,32013,M,4363870.0,59336.0,32
201700025366,17,9,14,1145,1,2,2,1.0,3.0,32013,M,4365880.0,61906.0,32
201700025367,17,9,21,1450,1,1,1,1.0,7.0,32013,M,4365310.0,53540.0,32
201700025368,17,9,30,1025,1,2,1,2.0,2.0,32013,M,4364720.0,58896.0,32
201700025369,17,10,3,700,2,2,1,1.0,1.0,32013,M,4364260.0,58116.0,32
201700025370,17,10,3,736,5,2,2,1.0,3.0,32013,M,4364700.0,58208.0,32
201700025371,17,10,4,1705,1,2,1,1.0,7.0,32013,M,4365430.0,59077.0,32
201700025372,17,10,7,1015,1,2,1,1.0,4.0,32013,M,4364250.0,58647.0,32
201700025373,17,10,11,1355,1,1,1,1.0,2.0,32013,M,4362030.0,57729.0,32
201700025374,17,10,24,1910,5,1,1,1.0,2.0,32013,M,4362940.0,57929.0,32
201700025375,17,10,29,5,5,2,1,1.0,2.0,32013,M,4365140.0,57611.0,32
201700025376,17,11,16,658,5,2,1,1.0,7.0,32013,M,4365100.0,60254.0,32
201700025377,17,11,18,1755,5,2,1,1.0,4.0,32013,M,4363390.0,58276.0,32
201700025378,17,12,8,1420,1,2,1,1.0,7.0,32013,M,4364770.0,59022.0,32
201700025379,17,1,12,1640,1,1,1,1.0,7.0,57518,M,4879142.0,704057.0,57
201700025380,17,1,30,845,1,1,1,3.0,7.0,57177,M,4879340.0,670686.0,57
201700025381,17,2,12,1441,1,1,3,1.0,3.0,57506,M,4886443.0,703377.0,57
201700025382,17,2,26,1130,1,1,1,1.0,7.0,57086,M,4881796.0,687242.0,57
201700025383,17,3,11,1210,1,1,1,1.0,7.0,57255,M,4878876.0,701189.0,57
201700025384,17,4,1,1715,1,1,1,1.0,6.0,57446,M,,,57
201700025385,17,4,2,1547,1,1,9,1.0,7.0,57629,M,4878527.0,707801.0,57
201700025386,17,4,2,1828,1,2,9,1.0,6.0,57404,M,4880171.0,674720.0,57
201700025387,17,4,6,230,3,1,1,1.0,6.0,57494,M,4891011.0,691602.0,57
201700025388,17,4,7,1825,1,1,1,1.0,1.0,57706,M,4883267.0,673857.0,57
201700025389,17,4,29,1530,1,2,1,1.0,6.0,57270,M,4882849.0,670139.0,57
201700025390,17,5,12,1408,1,2,1,1.0,6.0,57177,M,4881164.0,671731.0,57
201700025391,17,5,16,815,1,2,1,1.0,2.0,57066,M,4881717.0,700689.0,57
201700025392,17,5,28,2215,3,1,3,1.0,3.0,57265,M,4882555.0,672714.0,57
201700025393,17,6,23,1345,1,1,1,1.0,6.0,57551,M,4884923.0,706560.0,57
201700025394,17,6,28,1700,1,1,1,1.0,6.0,57494,M,4891137.0,691429.0,57
201700025395,17,7,1,1530,1,2,1,1.0,7.0,57629,M,4877281.0,705952.0,57
201700025396,17,7,21,845,1,1,1,1.0,7.0,57270,M,4883357.0,667745.0,57
201700025397,17,7,28,2306,5,2,1,1.0,6.0,57177,M,4881301.0,670860.0,57
201700025398,17,8,23,620,1,1,1,1.0,5.0,57232,M,4896245.0,679565.0,57
201700025399,17,9,3,1700,1,2,1,1.0,2.0,57177,M,4881252.0,672072.0,57
201700025400,17,10,20,1245,1,1,1,2.0,1.0,57506,M,,,57
201700025401,17,10,27,1200,1,1,3,1.0,3.0,57177,M,4883154.0,680017.0,57
201700025402,17,11,16,1810,3,1,1,1.0,6.0,57210,M,4886299.0,699499.0,57
201700025403,17,11,18,1900,3,1,1,1.0,2.0,57711,M,4888978.0,695004.0,57
201700025404,17,11,23,750,1,2,1,1.0,3.0,57232,M,4896341.0,679799.0,57
201700025405,17,11,23,1215,1,2,1,1.0,1.0,57177,M,4881229.0,671503.0,57
201700025406,17,11,27,1050,1,1,1,2.0,6.0,57011,M,4892874.0,686925.0,57
201700025407,17,11,16,2045,3,1,1,1.0,6.0,57246,M,4876909.0,673445.0,57
201700025408,17,12,12,1519,1,1,1,8.0,6.0,57177,M,4879677.0,673089.0,57
201700025409,17,12,23,1225,1,1,1,2.0,1.0,57518,M,4879219.0,703858.0,57
201700025410,17,1,7,2130,3,1,1,2.0,5.0,21665,M,4767286.0,517531.0,21
201700025411,17,2,9,1915,3,1,1,1.0,5.0,21138,M,4719074.0,532169.0,21
201700025412,17,7,9,1015,1,1,9,3.0,2.0,21371,M,4717306.0,534678.0,21
201700025413,17,10,12,1535,1,1,1,1.0,6.0,21483,M,4747306.0,518808.0,21
201700025414,17,10,16,945,1,1,1,1.0,6.0,21021,M,4733587.0,516678.0,21
201700025415,17,12,17,1900,3,1,1,8.0,6.0,21261,M,4727461.0,514469.0,21
201700025416,17,6,11,1055,1,1,1,1.0,6.0,76290,M,4963339.0,110963.0,76
201700025417,17,6,26,1740,1,1,1,1.0,2.0,76347,M,4963931.0,71308.0,76
201700025418,17,7,9,1120,1,1,1,1.0,5.0,76628,M,4962277.0,104041.0,76
201700025419,17,9,24,1615,1,1,1,1.0,6.0,76225,M,4963532.0,67373.0,76
201700025420,17,1,12,1710,1,1,1,1.0,1.0,31285,M,4361691.0,158722.0,31
201700025421,17,2,10,1700,2,1,3,7.0,5.0,31355,M,4361838.0,158366.0,31
201700025422,17,2,23,1250,1,1,1,1.0,6.0,31029,M,4352456.0,168330.0,31
201700025423,17,3,13,1930,5,2,1,1.0,3.0,31389,M,4364320.0,152024.0,31
201700025424,17,4,1,1450,1,1,1,1.0,3.0,31044,M,4363436.0,149239.0,31
201700025425,17,4,17,1315,1,1,1,7.0,6.0,31285,M,4365429.0,159443.0,31
201700025426,17,5,29,830,1,1,3,1.0,2.0,31445,M,4358424.0,155902.0,31
201700025427,17,6,9,1300,1,2,1,1.0,2.0,31044,M,4360747.0,148549.0,31
201700025428,17,6,25,1800,1,1,3,1.0,3.0,31285,M,4364769.0,157256.0,31
201700025429,17,7,5,1200,2,1,3,7.0,3.0,31445,M,4358568.0,152642.0,31
201700025430,17,7,27,1835,1,1,1,1.0,6.0,31163,M,4358071.0,159657.0,31
201700025431,17,9,1,1245,1,2,1,1.0,3.0,31044,M,4361528.0,149286.0,31
201700025432,17,9,13,1040,1,1,1,1.0,7.0,31501,M,4365085.0,162730.0,31
201700025433,17,10,1,1045,1,1,1,1.0,5.0,31285,M,4364718.0,158971.0,31
201700025434,17,10,16,1730,1,2,1,1.0,2.0,31044,M,4362717.0,148374.0,31
201700025435,17,10,24,1330,1,1,9,1.0,3.0,31029,M,4352659.0,167949.0,31
201700025436,17,10,24,1900,2,1,1,1.0,6.0,31418,M,4361163.0,153167.0,31
201700025437,17,11,14,2145,5,2,6,1.0,3.0,31044,M,4359410.0,149680.0,31
201700025438,17,11,15,1415,1,2,1,1.0,3.0,31044,M,4362961.0,148751.0,31
201700025439,17,12,8,2345,3,1,1,1.0,7.0,31228,M,4366353.0,156883.0,31
201700025440,17,12,11,820,1,2,1,2.0,6.0,31389,M,4364442.0,152355.0,31
201700025441,17,12,22,1700,1,1,1,3.0,1.0,31445,M,4357567.0,154927.0,31
201700025442,17,3,2,1040,1,1,3,1.0,2.0,31454,M,4337840.0,112505.0,31
201700025443,17,3,24,1535,1,2,2,1.0,3.0,31454,M,4342015.0,112315.0,31
201700025444,17,5,12,1620,1,1,1,1.0,6.0,31454,M,4337751.0,112465.0,31
201700025445,17,6,29,1855,1,1,1,1.0,7.0,31269,M,4349413.0,122916.0,31
201700025446,17,6,23,2045,1,1,1,1.0,3.0,31065,M,4338483.0,117188.0,31
201700025447,17,7,25,10,3,1,1,1.0,6.0,31547,M,4349002.0,128580.0,31
201700025448,17,7,25,1805,1,1,2,1.0,3.0,31454,M,4341580.0,112722.0,31
201700025449,17,7,31,1530,1,1,1,1.0,3.0,31065,M,4338227.0,117517.0,31
201700025450,17,12,9,1915,3,1,1,2.0,7.0,31065,M,4337778.0,117419.0,31
201700025451,17,2,9,800,1,1,1,9.0,6.0,31340,M,4350179.0,148339.0,31
201700025452,17,6,17,1135,1,2,3,7.0,3.0,31259,M,4350401.0,141197.0,31
201700025453,17,12,2,1900,5,2,1,1.0,3.0,31113,M,4351660.0,150650.0,31
201700025454,17,1,9,745,2,1,1,1.0,1.0,42338,M,4608147.0,411867.0,42
201700025455,17,2,26,520,3,1,1,1.0,6.0,42161,M,4597417.0,414653.0,42
201700025456,17,3,16,1700,1,1,1,1.0,1.0,42074,M,4608236.0,416835.0,42
201700025457,17,3,28,2345,3,1,1,1.0,6.0,42239,M,4597948.0,399998.0,42
201700025458,17,4,20,1800,1,1,2,1.0,3.0,42120,M,4599200.0,399024.0,42
201700025459,17,5,3,700,1,1,2,8.0,3.0,42239,M,4596248.0,397951.0,42
201700025460,17,5,11,750,1,1,1,1.0,7.0,42070,M,4595515.0,407477.0,42
201700025461,17,5,25,1745,1,1,1,1.0,6.0,42070,M,4596898.0,404272.0,42
201700025462,17,5,30,1215,1,1,1,1.0,6.0,42338,M,4611695.0,411268.0,42
201700025463,17,9,21,740,2,2,1,1.0,6.0,42338,M,4610976.0,411871.0,42
201700025464,17,10,7,630,2,1,1,5.0,6.0,42068,M,4602695.0,427015.0,42
201700025465,17,10,12,1815,1,1,2,1.0,5.0,42338,M,4607284.0,411903.0,42
201700025466,17,11,2,1650,1,1,2,1.0,3.0,42338,M,4607295.0,411887.0,42
201700025467,17,11,10,1745,3,1,1,2.0,3.0,42332,M,4600881.0,404678.0,42
201700025468,17,11,17,1750,3,1,1,1.0,2.0,42145,M,4603270.0,425038.0,42
201700025469,17,2,3,855,1,1,1,1.0,4.0,84137,M,4424909.0,504432.0,84
201700025470,17,3,24,1150,1,1,3,2.0,3.0,84012,M,4411438.0,500700.0,84
201700025471,17,4,12,1950,1,1,1,1.0,7.0,84126,M,4422035.0,502633.0,84
201700025472,17,5,25,1415,1,1,1,1.0,1.0,84069,M,4416161.0,514166.0,84
201700025473,17,5,28,720,1,1,1,1.0,7.0,84126,M,4422035.0,502633.0,84
201700025474,17,6,8,1140,1,1,1,1.0,6.0,84096,M,4422000.0,498020.0,84
201700025475,17,8,28,1350,1,1,1,1.0,3.0,84015,M,4417271.0,522443.0,84
201700025476,17,9,22,2145,3,1,1,1.0,3.0,84116,M,4426425.0,511914.0,84
201700025477,17,10,8,1625,1,1,1,1.0,3.0,84137,M,4422987.0,508900.0,84
201700025478,17,10,9,1100,1,1,1,1.0,1.0,84008,M,4415060.0,510400.0,84
201700025479,17,10,18,1140,1,1,1,1.0,7.0,84022,M,4428312.0,500320.0,84
201700025480,17,11,1,1938,5,2,1,1.0,6.0,84098,M,4424452.0,501330.0,84
201700025481,17,11,8,1530,1,1,6,1.0,3.0,84104,M,4419172.0,501464.0,84
201700025482,17,12,8,1245,1,1,1,2.0,1.0,84116,M,4426051.0,509929.0,84
201700025483,17,12,8,830,1,1,1,3.0,1.0,84008,M,4413784.0,510328.0,84
201700025484,17,12,19,735,1,2,2,9.0,1.0,84137,M,4424419.0,506727.0,84
201700025485,17,4,2,430,5,2,6,2.0,7.0,31467,M,4370309.0,140074.0,31
201700025486,17,4,17,1810,1,1,9,1.0,3.0,31410,M,4371434.0,145608.0,31
201700025487,17,5,2,1245,1,2,1,1.0,6.0,31467,M,4369258.0,141313.0,31
201700025488,17,5,11,1740,1,2,2,1.0,3.0,31116,M,4369535.0,143809.0,31
201700025489,17,6,9,2105,2,2,1,1.0,1.0,31022,M,4366191.0,141833.0,31
201700025490,17,7,3,1345,1,2,1,1.0,1.0,31467,M,4369065.0,142544.0,31
201700025491,17,7,31,2105,2,2,3,1.0,3.0,31116,M,4369645.0,143016.0,31
201700025492,17,8,23,1740,1,2,1,1.0,3.0,31467,M,4368900.0,140505.0,31
201700025493,17,8,26,1600,1,2,1,1.0,3.0,31282,M,4367349.0,144646.0,31
201700025494,17,9,26,1705,1,2,3,1.0,5.0,31022,M,4367079.0,142744.0,31
201700025495,17,10,22,1145,1,1,1,1.0,6.0,31273,M,4371154.0,152448.0,31
201700025496,17,10,28,1110,1,2,1,1.0,1.0,31282,M,4367439.0,144653.0,31
201700025497,17,11,22,1750,5,1,1,1.0,5.0,31282,M,4367886.0,144789.0,31
201700025498,17,11,26,1605,1,2,1,7.0,6.0,31116,M,4369286.0,142903.0,31
201700025499,17,12,19,1800,5,2,1,1.0,3.0,31467,M,4368789.0,141606.0,31
201700025500,17,12,22,1545,1,2,3,2.0,3.0,31186,M,4367637.0,142763.0,31
201700025501,17,12,22,1930,5,2,1,2.0,1.0,31282,M,4368174.0,145185.0,31
201700025502,17,3,7,1840,1,2,3,1.0,3.0,76624,M,4988118.0,121553.0,76
201700025503,17,4,26,2300,3,1,1,8.0,7.0,76590,M,4984546.0,126543.0,76
201700025504,17,5,7,15,5,2,1,2.0,7.0,76553,M,4983012.0,132330.0,76
201700025505,17,12,21,1645,2,2,1,2.0,3.0,76624,M,4987696.0,123168.0,76
201700025506,17,1,12,2330,3,1,1,2.0,6.0,41033,M,4755460.0,123091.0,41
201700025507,17,1,14,1835,3,1,1,2.0,1.0,41167,M,4748745.0,119123.0,41
201700025508,17,6,10,620,2,1,1,1.0,7.0,41029,M,4751575.0,125510.0,41
201700025509,17,6,25,1635,1,1,2,1.0,3.0,41035,M,4772735.0,127138.0,41
201700025510,17,8,9,1720,1,1,1,1.0,7.0,41040,M,4765954.0,126494.0,41
201700025511,17,8,18,1055,1,1,1,3.0,3.0,41091,M,4763674.0,128340.0,41
201700025512,17,9,17,1930,1,1,1,8.0,6.0,41045,M,4749051.0,123313.0,41
201700025513,17,10,4,1815,2,2,1,7.0,1.0,41101,M,4760630.0,114518.0,41
201700025514,17,10,30,745,2,2,1,1.0,3.0,41230,M,4760731.0,127323.0,41
201700025515,17,11,2,1440,1,2,1,1.0,3.0,41167,M,4749257.0,118405.0,41
201700025516,17,12,8,1315,1,1,1,6.0,6.0,41101,M,4761121.0,117720.0,41
201700025517,17,1,3,1540,1,2,1,1.0,6.0,36228,M,4715930.0,156466.0,36
201700025518,17,4,6,820,1,1,1,1.0,6.0,36068,M,4721699.0,176971.0,36
201700025519,17,5,2,715,1,1,1,2.0,7.0,36237,M,,,36
201700025520,17,5,7,440,3,1,1,1.0,6.0,36201,M,4697320.0,153289.0,36
201700025521,17,5,27,1130,1,1,3,1.0,2.0,36004,M,4717760.0,181361.0,36
201700025522,17,6,6,835,1,1,1,1.0,7.0,36228,M,4715180.0,156288.0,36
201700025523,17,7,11,1840,1,1,1,1.0,6.0,36034,M,4725667.0,167628.0,36
201700025524,17,8,27,1412,1,1,1,1.0,7.0,36024,M,4699560.0,168525.0,36
201700025525,17,11,30,2130,3,1,1,4.0,6.0,36093,M,4697318.0,161390.0,36
201700025526,17,12,25,2005,5,2,1,5.0,6.0,36013,M,4705721.0,157304.0,36
201700025527,17,1,8,1820,5,2,3,1.0,3.0,33009,M,4464445.0,-119555.0,33
201700025528,17,1,25,815,1,2,2,1.0,6.0,33529,M,4463165.0,-114797.0,33
201700025529,17,2,6,851,1,2,1,1.0,6.0,33009,M,4465493.0,-115879.0,33
201700025530,17,2,9,2210,5,2,3,1.0,1.0,33009,M,4464770.0,-117870.0,33
201700025531,17,3,13,1140,1,2,2,2.0,6.0,33009,M,4466218.0,-117848.0,33
201700025532,17,3,29,1240,1,2,1,1.0,6.0,33529,M,4463340.0,-113466.0,33
201700025533,17,4,6,1715,1,1,9,1.0,3.0,33529,M,4461344.0,-115190.0,33
201700025534,17,4,22,1650,1,1,3,1.0,3.0,33529,M,4458721.0,-120397.0,33
201700025535,17,4,22,1856,1,1,1,1.0,6.0,33529,M,,,33
201700025536,17,5,2,930,1,2,1,2.0,5.0,33529,M,4463708.0,-115025.0,33
201700025537,17,5,6,1925,1,1,1,1.0,2.0,33529,M,4458158.0,-121203.0,33
201700025538,17,4,16,1900,1,2,1,1.0,6.0,33529,M,4463610.0,-114452.0,33
201700025539,17,6,10,310,5,2,1,1.0,6.0,33529,M,4463248.0,-114467.0,33
201700025540,17,6,10,1820,1,2,1,1.0,6.0,33529,M,4463321.0,-114505.0,33
201700025541,17,6,15,1730,1,2,1,1.0,6.0,33009,M,4466019.0,-116778.0,33
201700025542,17,6,16,1850,1,2,1,1.0,1.0,33529,M,4463748.0,-113683.0,33
201700025543,17,6,20,1450,1,2,3,1.0,3.0,33009,M,4465460.0,-115717.0,33
201700025544,17,6,25,2330,5,2,6,1.0,7.0,33529,M,4465035.0,-114998.0,33
201700025545,17,7,3,1650,1,2,1,1.0,3.0,33529,M,4462280.0,-114754.0,33
201700025546,17,7,5,1110,1,2,1,1.0,6.0,33529,M,4464561.0,-115789.0,33
201700025547,17,6,24,2350,5,2,1,1.0,2.0,33529,M,4463379.0,-113943.0,33
201700025548,17,7,1,1555,1,1,1,1.0,6.0,33529,M,4462730.0,-115783.0,33
201700025549,17,7,17,1205,1,1,2,1.0,3.0,33529,M,4460795.0,-112521.0,33
201700025550,17,7,19,1030,1,1,1,1.0,6.0,33529,M,4456703.0,-122881.0,33
201700025551,17,7,7,810,1,2,1,1.0,6.0,33009,M,4464956.0,-115387.0,33
201700025552,17,7,28,2340,5,2,1,1.0,6.0,33009,M,4465076.0,-115797.0,33
201700025553,17,8,14,1900,1,2,2,1.0,3.0,33009,M,4466011.0,-117372.0,33
201700025554,17,8,16,1910,1,1,1,1.0,6.0,33529,M,4461580.0,-114042.0,33
201700025555,17,8,24,1830,1,1,9,1.0,6.0,33529,M,4462805.0,-115755.0,33
201700025556,17,9,2,1926,1,1,1,1.0,6.0,33529,M,4459856.0,-119527.0,33
201700025557,17,9,23,1735,1,2,1,1.0,1.0,33529,M,4460399.0,-111207.0,33
201700025558,17,9,28,1950,2,1,1,1.0,6.0,33529,M,4448155.0,-123602.0,33
201700025559,17,10,8,1629,1,2,2,1.0,3.0,33009,M,4465396.0,-114442.0,33
201700025560,17,11,7,1305,1,2,2,1.0,3.0,33529,M,4460958.0,-113550.0,33
201700025561,17,11,4,1320,1,1,6,1.0,3.0,33529,M,4461960.0,-113777.0,33
201700025562,17,11,10,820,1,2,3,2.0,3.0,33009,M,4465617.0,-117811.0,33
201700025563,17,1,14,1050,1,1,1,4.0,3.0,74188,M,4621030.0,672813.0,74
201700025564,17,1,28,1930,3,1,1,1.0,6.0,74191,M,4619506.0,668045.0,74
201700025565,17,3,6,915,1,1,1,2.0,1.0,74295,M,4630417.0,661557.0,74
201700025566,17,3,12,1521,1,1,1,1.0,6.0,74030,M,4629003.0,661471.0,74
201700025567,17,3,23,600,5,1,1,2.0,7.0,74238,M,4621216.0,667121.0,74
201700025568,17,5,16,1010,1,2,1,1.0,2.0,74238,M,4622988.0,665833.0,74
201700025569,17,5,27,1600,1,1,1,1.0,6.0,74238,M,4624714.0,663647.0,74