Num_Acc,an,mois,jour,hrmn,lum,agg,int,atm,col,com,gps,lat,long,dep
201700025570,17,6,27,1215,1,2,1,1.0,5.0,74295,M,4630219.0,661446.0,74
201700025571,17,7,15,1730,1,2,1,1.0,3.0,74191,M,4618468.0,669454.0,74
201700025572,17,7,16,1930,1,1,1,7.0,6.0,74188,M,4620241.0,668289.0,74
201700025573,17,7,30,1300,1,1,1,1.0,1.0,74238,M,4624246.0,666580.0,74
201700025574,17,7,30,30,4,2,1,1.0,6.0,74191,M,4617689.0,670779.0,74
201700025575,17,8,4,1420,1,1,1,1.0,7.0,74188,M,4621066.0,677416.0,74
201700025576,17,8,18,45,5,2,1,1.0,6.0,74188,M,4621030.0,672813.0,74
201700025577,17,10,11,800,2,2,1,1.0,6.0,74191,M,4619047.0,677744.0,74
201700025578,17,12,17,820,1,2,1,1.0,7.0,74238,M,4623938.0,665044.0,74
201700025579,17,1,1,720,3,2,3,1.0,6.0,33281,M,4483420.0,-66956.0,33
201700025580,17,1,3,1820,5,2,6,1.0,1.0,33281,M,4483550.0,-68023.0,33
201700025581,17,1,3,1810,5,2,3,1.0,6.0,33063,M,4484860.0,-62303.0,33
201700025582,17,1,3,1845,5,2,3,1.0,3.0,33063,M,4486240.0,-61640.0,33
201700025583,17,1,5,1800,4,2,3,1.0,6.0,33167,M,4484700.0,-51186.0,33
201700025584,17,7,12,1345,1,2,4,1.0,1.0,33162,M,4488500.0,-63649.0,33
201700025585,17,1,6,740,1,2,6,1.0,6.0,33063,M,4484490.0,-57810.0,33
201700025586,17,1,9,1140,1,2,3,1.0,1.0,33063,M,4484050.0,-55428.0,33
201700025587,17,1,8,650,1,2,1,1.0,1.0,33063,M,4482860.0,-55354.0,33
201700025588,17,1,9,1445,1,2,3,1.0,3.0,33063,M,4482390.0,-59177.0,33
201700025589,17,1,10,350,3,1,1,3.0,2.0,33013,M,4486714.0,-49034.0,33
201700025590,17,1,9,1930,5,2,3,1.0,5.0,33281,M,4483220.0,-67423.0,33
201700025591,17,1,11,830,1,2,3,1.0,1.0,33063,M,4485690.0,-63625.0,33
201700025592,17,1,10,2149,5,2,3,1.0,3.0,33063,M,4482050.0,-56831.0,33
201700025593,17,1,11,950,1,2,4,2.0,3.0,33063,M,4485420.0,-60944.0,33
201700025594,17,1,13,2018,5,2,6,1.0,2.0,33119,M,4486412.0,-51973.0,33
201700025595,17,1,9,745,5,2,3,1.0,1.0,33192,M,4478244.0,-60747.0,33
201700025596,17,1,16,1645,1,2,3,8.0,6.0,33063,M,4483500.0,-57434.0,33
201700025597,17,1,11,1800,5,2,1,1.0,6.0,33039,M,4480770.0,-55941.0,33
201700025598,17,1,15,130,5,2,2,1.0,3.0,33281,M,4484200.0,-66075.0,33
201700025599,17,1,17,1700,1,2,3,1.0,6.0,33318,M,4481580.0,-60903.0,33
201700025600,17,1,18,1315,1,2,1,1.0,1.0,33318,M,4478590.0,-63669.0,33
201700025601,17,1,13,2130,5,2,2,1.0,6.0,33075,M,4488560.0,-61100.0,33
201700025602,17,1,11,1640,1,2,4,8.0,6.0,33249,M,4488318.0,-51793.0,33
201700025603,17,1,12,1115,1,2,2,2.0,3.0,33063,M,4484691.0,-60812.0,33
201700025604,17,1,18,1510,1,2,2,1.0,1.0,33063,M,4488047.0,-57033.0,33
201700025605,17,1,14,950,1,2,6,1.0,6.0,33281,M,4481975.0,-64949.0,33
201700025606,17,1,20,215,5,2,7,1.0,6.0,33063,M,4483991.0,-56025.0,33
201700025607,17,1,23,1645,2,2,3,1.0,3.0,33063,M,4484710.0,-55315.0,33
201700025608,17,1,20,710,5,1,2,1.0,6.0,33200,M,4486490.0,-66461.0,33
201700025609,17,1,24,1820,5,2,2,1.0,6.0,33522,M,4481470.0,-60065.0,33
201700025610,17,1,21,1240,1,2,4,1.0,3.0,33013,M,4486730.0,-49731.0,33
201700025611,17,1,20,2210,5,1,4,1.0,3.0,33013,M,4486850.0,-50292.0,33
201700025612,17,1,24,1745,1,2,2,1.0,6.0,33318,M,4480520.0,-63302.0,33
201700025613,17,1,27,400,5,2,6,1.0,3.0,33063,M,4482410.0,-54474.0,33
201700025614,17,1,27,450,5,2,2,1.0,3.0,33063,M,4485430.0,-57225.0,33
201700025615,17,1,29,810,1,2,3,1.0,7.0,33063,M,4483860.0,-54592.0,33
201700025616,17,1,25,1950,5,2,1,1.0,6.0,33550,M,4476510.0,-55288.0,33
201700025617,17,1,28,800,2,2,3,2.0,6.0,33063,M,4484830.0,-59763.0,33
201700025618,17,12,18,2100,5,2,2,1.0,6.0,33249,M,4487280.0,-51596.0,33
201700025619,17,1,26,830,1,2,3,1.0,6.0,33249,M,4488150.0,-52591.0,33
201700025620,17,1,26,1705,1,2,3,1.0,6.0,33522,M,4481950.0,-59804.0,33
201700025621,17,1,28,1550,1,2,1,2.0,3.0,33281,M,4483882.0,-67054.0,33
201700025622,17,1,31,1420,1,2,3,1.0,1.0,33063,M,4482990.0,-55599.0,33
201700025623,17,1,7,950,1,2,4,1.0,6.0,33281,M,4483293.0,-65238.0,33
201700025624,17,2,4,1420,1,2,1,2.0,6.0,33281,M,4484160.0,-64921.0,33
201700025625,17,2,4,1710,1,2,1,8.0,2.0,33192,M,4476670.0,-61535.0,33
201700025626,17,1,19,1840,5,2,2,1.0,1.0,33162,M,4489150.0,-63805.0,33
201700025627,17,2,6,1030,1,2,1,1.0,6.0,33063,M,4486180.0,-55553.0,33
201700025628,17,1,30,735,2,2,2,2.0,6.0,33063,M,4482754.0,-55805.0,33
201700025629,17,2,1,550,5,2,1,1.0,6.0,33119,M,4486600.0,-51231.0,33
201700025630,17,1,28,240,5,2,9,1.0,6.0,33063,M,4483057.0,-55607.0,33
201700025631,17,2,1,230,5,2,2,1.0,3.0,33063,M,4483204.0,-57788.0,33
201700025632,17,1,28,1140,1,1,1,2.0,6.0,33013,M,4486770.0,-49291.0,33
201700025633,17,2,7,1000,1,2,2,1.0,3.0,33063,M,4482790.0,-59325.0,33
201700025634,17,2,8,1545,1,2,3,1.0,6.0,33063,M,4482810.0,-57238.0,33
201700025635,17,2,9,2000,5,2,1,1.0,6.0,33281,M,4484510.0,-65280.0,33
201700025636,17,2,9,1215,1,2,1,1.0,6.0,33063,M,4483520.0,-57029.0,33
201700025637,17,2,7,1710,1,2,1,1.0,6.0,33075,M,4487680.0,-60858.0,33
201700025638,17,2,12,400,5,2,3,1.0,6.0,33063,M,4484300.0,-57316.0,33
201700025639,17,2,7,1900,3,2,3,1.0,6.0,33281,M,4484600.0,-63920.0,33
201700025640,17,2,8,1100,1,2,1,1.0,1.0,33063,M,4485790.0,-55872.0,33
201700025641,17,10,27,705,2,2,3,1.0,3.0,33318,M,4482018.0,-61080.0,33
201700025642,17,2,6,840,1,2,3,1.0,3.0,33075,M,4486930.0,-57618.0,33
201700025643,17,2,10,1820,2,2,1,1.0,6.0,33167,M,4483890.0,-54350.0,33
201700025644,17,2,11,2113,5,2,3,1.0,7.0,33063,M,4485036.0,-56982.0,33
201700025645,17,2,16,900,1,2,1,1.0,6.0,33063,M,4483190.0,-57347.0,33
201700025646,17,2,18,720,2,2,1,1.0,2.0,33063,M,4482857.0,-56243.0,33
201700025647,17,2,17,945,1,2,2,1.0,1.0,33063,M,4483480.0,-57835.0,33
201700025648,17,2,17,1035,1,2,1,1.0,6.0,33063,M,4484060.0,-57328.0,33
201700025649,17,2,17,910,1,2,1,1.0,3.0,33063,M,4484020.0,-58412.0,33
201700025650,17,2,18,1750,1,2,4,1.0,6.0,33063,M,4484280.0,-55044.0,33
201700025651,17,2,12,1910,5,2,1,1.0,2.0,33063,M,4485370.0,-57096.0,33
201700025652,17,2,23,440,5,2,3,1.0,3.0,33063,M,4483630.0,-55012.0,33
201700025653,17,2,18,1930,5,2,1,1.0,7.0,33039,M,4480390.0,-55832.0,33
201700025654,17,2,17,2011,5,2,3,1.0,3.0,33192,M,4477170.0,-60950.0,33
201700025655,17,2,22,2115,5,2,1,1.0,1.0,33063,M,4482960.0,-55550.0,33
201700025656,17,2,25,2050,5,2,3,1.0,1.0,33522,M,4481910.0,-58446.0,33
201700025657,17,3,1,2340,5,2,2,2.0,1.0,33063,M,4485990.0,-56876.0,33
201700025658,17,2,23,730,5,2,6,1.0,1.0,33281,M,4484280.0,-67000.0,33
201700025659,17,2,16,835,1,2,3,1.0,1.0,33063,M,4482320.0,-57515.0,33
201700025660,17,3,5,1940,5,2,4,1.0,6.0,33063,M,4482410.0,-55070.0,33
201700025661,17,3,3,1800,2,2,3,2.0,6.0,33063,M,4482840.0,-56181.0,33
201700025662,17,3,2,1825,1,2,2,1.0,5.0,33063,M,4482320.0,-56278.0,33
201700025663,17,3,7,1252,1,2,1,2.0,6.0,33063,M,4483460.0,-56353.0,33
201700025664,17,3,6,830,1,1,1,6.0,3.0,33281,M,4481320.0,-69287.0,33
201700025665,17,3,6,700,2,2,3,3.0,3.0,33069,M,4486960.0,-61065.0,33
201700025666,17,3,6,2230,5,2,1,2.0,6.0,33192,M,4475750.0,-62495.0,33
201700025667,17,3,2,1605,1,2,3,1.0,6.0,33063,M,4482140.0,-58292.0,33
201700025668,17,3,4,200,5,2,2,2.0,3.0,33200,M,4486490.0,-66461.0,33
201700025669,17,3,9,1555,1,2,1,1.0,6.0,33063,M,4482250.0,-55182.0,33
201700025670,17,3,9,1712,1,2,1,1.0,6.0,33063,M,4482930.0,-56141.0,33
201700025671,17,3,10,1130,1,2,2,1.0,3.0,33063,M,4484700.0,-60900.0,33
201700025672,17,3,10,2250,3,2,1,1.0,6.0,33063,M,4484636.0,-57321.0,33
201700025673,17,3,10,2330,5,2,1,1.0,3.0,33063,M,4484100.0,-56922.0,33
201700025674,17,3,13,1300,1,2,1,1.0,3.0,33249,M,4487690.0,-53462.0,33
201700025675,17,3,15,1650,1,2,2,1.0,6.0,33063,M,4482120.0,-58287.0,33
201700025676,17,3,15,2015,5,2,1,1.0,3.0,33063,M,4484140.0,-55801.0,33
201700025677,17,3,16,1936,5,2,3,1.0,6.0,33063,M,4485030.0,-56989.0,33
201700025678,17,3,18,1640,1,2,3,1.0,3.0,33063,M,4483620.0,-56635.0,33
201700025679,17,3,14,1400,1,2,3,1.0,3.0,33032,M,4490330.0,-51124.0,33
201700025680,17,3,14,1608,1,2,1,1.0,1.0,33167,M,4483380.0,-54095.0,33
201700025681,17,3,11,1330,1,2,2,1.0,3.0,33522,M,4480410.0,-59570.0,33
201700025682,17,3,18,2015,5,2,1,1.0,2.0,33063,M,4483610.0,-55041.0,33
201700025683,17,3,7,1620,1,2,3,1.0,6.0,33249,M,4487990.0,-51361.0,33
201700025684,17,3,21,1320,1,2,1,2.0,6.0,33063,M,4484140.0,-58107.0,33
201700025685,17,3,13,1250,1,2,2,8.0,6.0,33281,M,4482888.0,-66467.0,33
201700025686,17,2,27,2345,5,2,5,2.0,3.0,33063,M,4483330.0,-59873.0,33
201700025687,17,3,22,1920,1,2,3,1.0,6.0,33063,M,4482530.0,-58937.0,33
201700025688,17,3,23,2045,3,2,3,1.0,3.0,33063,M,4482943.0,-55479.0,33
201700025689,17,3,20,1500,1,2,2,1.0,3.0,33200,M,4487680.0,-67989.0,33
201700025690,17,3,21,1710,1,2,2,1.0,3.0,33162,M,4487850.0,-64137.0,33
201700025691,17,3,23,850,1,2,4,2.0,3.0,33281,M,4484300.0,-63950.0,33
201700025692,17,3,23,2105,5,2,3,1.0,1.0,33522,M,4480760.0,-57349.0,33
201700025693,17,3,25,2135,5,2,1,1.0,2.0,33063,M,4481930.0,-57986.0,33
201700025694,17,3,27,1500,1,2,2,1.0,6.0,33063,M,4483430.0,-58855.0,33
201700025695,17,3,24,1505,1,2,1,1.0,6.0,33318,M,4479780.0,-64736.0,33
201700025696,17,3,24,745,1,2,3,1.0,1.0,33281,M,4483982.0,-64681.0,33
201700025697,17,3,24,815,1,2,3,1.0,1.0,33162,M,4486310.0,-65526.0,33
201700025698,17,3,30,1700,1,2,3,1.0,6.0,33063,M,4484690.0,-58051.0,33
201700025699,17,3,24,45,5,2,3,1.0,1.0,33281,M,4484130.0,-64441.0,33
201700025700,17,3,27,1800,1,2,6,1.0,1.0,33281,M,4483060.0,-65767.0,33
201700025701,17,3,28,1340,1,2,1,1.0,1.0,33522,M,4480725.0,-59150.0,33
201700025702,17,4,1,1555,1,2,1,1.0,6.0,33063,M,4483980.0,-60477.0,33
201700025703,17,4,1,2200,5,2,3,1.0,1.0,33063,M,4482700.0,-57024.0,33
201700025704,17,3,26,1835,1,2,1,1.0,1.0,33039,M,4482050.0,-54010.0,33
201700025705,17,3,31,1540,1,2,3,1.0,1.0,33063,M,4483630.0,-55012.0,33
201700025706,17,4,3,1345,1,2,3,1.0,1.0,33063,M,4485830.0,-62330.0,33
201700025707,17,4,5,1045,1,2,2,1.0,6.0,33063,M,4483140.0,-59830.0,33
201700025708,17,3,30,1730,1,2,1,1.0,6.0,33522,M,4480590.0,-60299.0,33
201700025709,17,4,3,1615,1,2,1,1.0,6.0,33522,M,4480740.0,-57457.0,33
201700025710,17,4,1,1225,1,2,1,1.0,4.0,33162,M,4487140.0,-65748.0,33
201700025711,17,4,6,1625,1,1,3,1.0,3.0,33200,M,4486080.0,-69228.0,33
201700025712,17,4,12,1555,1,2,3,1.0,4.0,33063,M,4483360.0,-55007.0,33
201700025713,17,4,10,1240,1,2,3,1.0,3.0,33162,M,4487645.0,-64107.0,33
201700025714,17,4,4,1855,1,2,3,1.0,1.0,33162,M,4486265.0,-65056.0,33
201700025715,17,4,6,2100,5,2,1,1.0,3.0,33039,M,4481320.0,-56327.0,33
201700025716,17,4,6,1600,1,2,1,1.0,6.0,33063,M,4484470.0,-57818.0,33
201700025717,17,4,6,1100,1,2,1,1.0,6.0,33063,M,4485940.0,-58198.0,33
201700025718,17,4,15,2140,5,2,2,1.0,1.0,33281,M,4482572.0,-62816.0,33
201700025719,17,4,8,125,5,2,2,1.0,3.0,33063,M,4482830.0,-55722.0,33
201700025720,17,4,8,230,5,2,1,1.0,1.0,33063,M,4485070.0,-57452.0,33
201700025721,17,4,6,1340,1,2,4,1.0,6.0,33039,M,4478910.0,-56509.0,33
201700025722,17,4,12,820,1,2,2,1.0,3.0,33039,M,4481136.0,-54984.0,33
201700025723,17,4,11,1815,1,2,1,1.0,6.0,33063,M,4486450.0,-55885.0,33
201700025724,17,3,13,1855,1,2,1,1.0,1.0,33063,M,4483590.0,-58784.0,33
201700025725,17,4,11,1610,1,2,3,1.0,6.0,33063,M,4484145.0,-57045.0,33
201700025726,17,4,17,130,5,2,2,1.0,1.0,33063,M,4482690.0,-56922.0,33
201700025727,17,4,7,2120,5,2,6,1.0,1.0,33039,M,4479630.0,-53493.0,33
201700025728,17,4,12,705,2,2,2,1.0,6.0,33075,M,4487400.0,-57684.0,33
201700025729,17,4,12,1525,1,2,1,1.0,6.0,33063,M,4483570.0,-56780.0,33
201700025730,17,4,14,1715,1,2,3,1.0,6.0,33192,M,4478880.0,-61226.0,33
201700025731,17,4,14,530,5,2,3,1.0,6.0,33063,M,4484350.0,-61512.0,33
201700025732,17,4,7,930,1,2,1,1.0,1.0,33281,M,4486240.0,-64571.0,33
201700025733,17,4,11,750,1,2,1,1.0,6.0,33550,M,4475660.0,-58443.0,33
201700025734,17,4,18,1245,1,2,1,1.0,2.0,33063,M,4485729.0,-62410.0,33
201700025735,17,4,22,110,5,2,3,1.0,1.0,33063,M,4483494.0,-57374.0,33
201700025736,17,4,22,2140,5,2,4,1.0,2.0,33063,M,4484542.0,-59879.0,33
201700025737,17,4,22,130,5,2,2,1.0,3.0,33063,M,4485310.0,-58001.0,33
201700025738,17,4,20,2110,2,2,2,1.0,1.0,33522,M,4481470.0,-60065.0,33
201700025739,17,4,21,1605,1,2,1,1.0,6.0,33063,M,4484450.0,-57777.0,33
201700025740,17,4,25,2300,5,2,2,1.0,1.0,33281,M,4484351.0,-67298.0,33
201700025741,17,5,7,730,1,2,4,1.0,6.0,33063,M,4483120.0,-59824.0,33
201700025742,17,4,22,1750,1,2,2,1.0,3.0,33063,M,4484240.0,-55620.0,33
201700025743,17,4,29,459,5,2,3,1.0,6.0,33249,M,4488120.0,-51032.0,33
201700025744,17,5,2,820,1,2,2,1.0,3.0,33162,M,4488014.0,-62766.0,33
201700025745,17,4,30,330,5,2,2,1.0,3.0,33063,M,4482830.0,-55722.0,33
201700025746,17,5,3,2008,1,2,4,1.0,1.0,33522,M,4481410.0,-58879.0,33
201700025747,17,5,4,1208,1,2,3,1.0,6.0,33063,M,4483630.0,-57259.0,33
201700025748,17,5,6,1,5,2,2,1.0,3.0,33063,M,4484265.0,-58143.0,33
201700025749,17,5,7,1800,1,2,2,1.0,1.0,33063,M,4486460.0,-56376.0,33
201700025750,17,5,5,1310,1,2,1,8.0,6.0,33063,M,4484470.0,-57661.0,33
201700025751,17,5,5,745,1,2,3,1.0,1.0,33063,M,4483630.0,-55012.0,33
201700025752,17,5,10,1015,1,2,2,1.0,3.0,33063,M,4485530.0,-60926.0,33
201700025753,17,5,9,1625,1,2,3,1.0,6.0,33063,M,4483840.0,-57947.0,33
201700025754,17,5,10,1615,1,2,2,1.0,3.0,33063,M,4484120.0,-58670.0,33
201700025755,17,5,6,935,1,2,2,1.0,3.0,33550,M,4476200.0,-58389.0,33
201700025756,17,3,28,1550,1,2,1,1.0,4.0,33063,M,4487180.0,-56179.0,33
201700025757,17,5,9,2050,1,2,3,1.0,6.0,33522,M,4480095.0,-59510.0,33
201700025758,17,5,14,1450,1,2,2,1.0,3.0,33063,M,4482370.0,-56584.0,33
201700025759,17,5,13,1430,1,2,3,1.0,1.0,33063,M,4487870.0,-56846.0,33
201700025760,17,5,16,736,1,2,4,1.0,1.0,33063,M,4482734.0,-55638.0,33
201700025761,17,5,12,235,5,1,3,1.0,2.0,33090,M,4477840.0,-64630.0,33
201700025762,17,5,12,2345,5,2,3,1.0,6.0,33063,M,4483390.0,-55075.0,33
201700025763,17,5,13,1910,1,2,2,1.0,3.0,33063,M,4481690.0,-57601.0,33
201700025764,17,5,13,1615,1,1,4,1.0,1.0,33281,M,4483280.0,-64804.0,33
201700025765,17,5,10,1010,1,2,2,1.0,1.0,33162,M,4488730.0,-65915.0,33
201700025766,17,5,17,1250,1,2,3,1.0,6.0,33063,M,4484450.0,-57632.0,33
201700025767,17,2,17,1820,1,2,1,1.0,4.0,33063,M,4484510.0,-55185.0,33
201700025768,17,5,14,1800,1,2,1,1.0,1.0,33063,M,4484987.0,-60353.0,33
201700025769,17,5,18,2330,5,2,2,2.0,1.0,33063,M,4483330.0,-59418.0,33
201700025770,17,5,18,2047,1,1,4,1.0,5.0,33281,M,4483200.0,-67199.0,33
201700025771,17,5,21,420,5,2,1,1.0,6.0,33063,M,4484320.0,-57200.0,33
201700025772,17,5,21,1300,1,2,3,1.0,1.0,33063,M,4487170.0,-56202.0,33
201700025773,17,5,20,2025,1,2,3,1.0,3.0,33063,M,4484280.0,-54699.0,33
201700025774,17,5,24,510,5,2,2,1.0,1.0,33318,M,4478230.0,-68897.0,33
201700025775,17,5,27,2005,1,2,6,1.0,6.0,33318,M,4479100.0,-63204.0,33
201700025776,17,5,17,2335,5,2,1,2.0,2.0,33063,M,4485860.0,-55718.0,33
201700025777,17,5,26,1651,1,2,1,1.0,6.0,33063,M,4485381.0,-56638.0,33
201700025778,17,5,29,1945,1,1,1,1.0,2.0,33281,M,4483910.0,-69378.0,33
201700025779,17,5,22,1145,1,2,2,1.0,1.0,33063,M,4486430.0,-55847.0,33
201700025780,17,5,20,850,1,2,3,1.0,3.0,33192,M,4479050.0,-60523.0,33
201700025781,17,5,22,1705,1,2,2,1.0,6.0,33063,M,4483100.0,-57341.0,33
201700025782,17,5,23,1915,1,2,2,1.0,1.0,33063,M,4484320.0,-57106.0,33
201700025783,17,5,23,1945,1,2,2,1.0,3.0,33318,M,4480420.0,-62562.0,33
201700025784,17,5,30,2125,1,2,3,1.0,3.0,33063,M,4481830.0,-57813.0,33
201700025785,17,5,26,345,5,2,1,1.0,6.0,33249,M,4486830.0,-52285.0,33
201700025786,17,5,22,1110,1,2,3,1.0,3.0,33281,M,4483485.0,-62996.0,33
201700025787,17,6,2,950,1,2,2,1.0,6.0,33063,M,4484830.0,-59763.0,33
201700025788,17,6,1,1635,1,2,3,1.0,1.0,33550,M,4478120.0,-56814.0,33
201700025789,17,6,2,1500,1,2,1,1.0,3.0,33063,M,4484420.0,-57848.0,33
201700025790,17,6,3,1200,1,2,4,2.0,5.0,33063,M,4483170.0,-57338.0,33
201700025791,17,6,5,2244,5,2,3,1.0,1.0,33063,M,4487920.0,-55226.0,33
201700025792,17,6,5,2225,1,2,1,1.0,6.0,33119,M,4485390.0,-53744.0,33
201700025793,17,6,10,2330,5,2,2,1.0,1.0,33063,M,4482118.0,-56582.0,33
201700025794,17,6,11,1810,1,2,2,1.0,6.0,33063,M,4482980.0,-56805.0,33
201700025795,17,6,10,2028,1,2,2,1.0,6.0,33249,M,4486820.0,-51276.0,33
201700025796,17,6,14,1945,1,2,2,1.0,6.0,33063,M,4485320.0,-59403.0,33
201700025797,17,6,17,305,5,2,1,1.0,6.0,33063,M,4485540.0,-61435.0,33
201700025798,17,6,14,1520,1,2,5,1.0,1.0,33281,M,4485250.0,-64517.0,33
201700025799,17,6,13,1625,1,2,1,1.0,6.0,33075,M,4488110.0,-61584.0,33
201700025800,17,6,16,1559,1,2,4,1.0,1.0,33167,M,4484364.0,-53060.0,33
201700025801,17,6,17,2130,1,2,2,1.0,1.0,33281,M,4484040.0,-64018.0,33
201700025802,17,6,21,920,1,2,1,1.0,6.0,33063,M,4484060.0,-58331.0,33
201700025803,17,6,22,2130,1,2,2,1.0,3.0,33063,M,4484829.0,-59762.0,33
201700025804,17,6,26,742,2,2,1,1.0,2.0,33192,M,4477900.0,-59468.0,33
201700025805,17,6,26,940,1,2,2,1.0,1.0,33063,M,4486430.0,-55847.0,33
201700025806,17,6,26,1315,1,2,1,1.0,6.0,33281,M,4482960.0,-64033.0,33
201700025807,17,6,29,1820,1,2,1,1.0,5.0,33281,M,4481370.0,-69023.0,33
201700025808,17,6,30,550,2,2,1,2.0,6.0,33063,M,4486280.0,-55664.0,33
201700025809,17,6,29,2130,5,2,1,2.0,2.0,33039,M,4481081.0,-54911.0,33
201700025810,17,7,1,2135,1,2,3,1.0,6.0,33063,M,4484190.0,-54551.0,33
201700025811,17,7,1,450,5,2,2,9.0,3.0,33063,M,4485530.0,-61396.0,33
201700025812,17,6,30,1230,1,2,1,3.0,2.0,33063,M,4483810.0,-56329.0,33
201700025813,17,6,25,2220,5,2,3,1.0,6.0,33069,M,4486350.0,-58688.0,33
201700025814,17,6,27,1345,1,2,1,3.0,6.0,33550,M,4478040.0,-56570.0,33
201700025815,17,6,22,1230,1,2,3,1.0,5.0,33063,M,4482862.0,-58348.0,33
201700025816,17,7,2,2050,5,2,1,1.0,5.0,33063,M,4483792.0,-54793.0,33
201700025817,17,6,30,1835,1,2,2,2.0,6.0,33063,M,4486120.0,-55788.0,33
201700025818,17,7,5,1745,1,2,1,1.0,6.0,33063,M,4489940.0,-55247.0,33
201700025819,17,7,7,40,5,2,2,1.0,3.0,33281,M,4482890.0,-66452.0,33
201700025820,17,7,5,2130,2,2,1,1.0,6.0,33063,M,4485713.0,-58482.0,33
201700025821,17,7,5,1000,1,2,6,1.0,3.0,33063,M,4482570.0,-59842.0,33
201700025822,17,7,8,2235,5,2,2,1.0,3.0,33063,M,4482202.0,-57653.0,33
201700025823,17,7,10,1525,1,1,1,1.0,6.0,33119,M,4486540.0,-51478.0,33
201700025824,17,7,3,1300,1,2,6,1.0,6.0,33063,M,4487551.0,-55354.0,33
201700025825,17,7,5,1945,1,2,3,1.0,3.0,33522,M,4480369.0,-57584.0,33
201700025826,17,7,7,1425,1,2,3,1.0,6.0,33063,M,4483155.0,-59836.0,33
201700025827,17,7,5,738,1,2,6,1.0,6.0,33550,M,4476570.0,-58005.0,33
201700025828,17,7,9,445,5,2,2,1.0,3.0,33069,M,4485810.0,-60519.0,33
201700025829,17,7,11,900,1,2,2,1.0,3.0,33281,M,4483876.0,-62593.0,33
201700025830,17,7,12,1530,1,2,1,1.0,3.0,33318,M,4479019.0,-63043.0,33
201700025831,17,7,13,1110,1,2,1,1.0,7.0,33063,M,4484352.0,-61017.0,33
201700025832,17,7,17,1025,1,2,1,1.0,6.0,33063,M,4486780.0,-57152.0,33
201700025833,17,7,15,1120,1,2,1,1.0,2.0,33039,M,4479878.0,-54803.0,33
201700025834,17,7,18,1340,1,2,2,1.0,1.0,33063,M,4486599.0,-56101.0,33
201700025835,17,7,15,1,5,2,3,1.0,1.0,33063,M,4482981.0,-56799.0,33
201700025836,17,7,18,1400,1,2,3,1.0,3.0,33063,M,4483530.0,-56956.0,33
201700025837,17,7,13,1300,1,2,3,1.0,1.0,33192,M,4478190.0,-62341.0,33
201700025838,17,7,16,1735,1,2,3,1.0,1.0,33075,M,4487139.0,-59189.0,33
201700025839,17,7,16,2200,3,2,2,1.0,3.0,33063,M,4482130.0,-58277.0,33
201700025840,17,7,17,1400,1,2,1,1.0,6.0,33039,M,4479390.0,-55971.0,33
201700025841,17,7,20,1845,1,2,3,1.0,1.0,33075,M,4488807.0,-61405.0,33
201700025842,17,7,18,2210,5,2,3,2.0,6.0,33281,M,4482730.0,-61372.0,33
201700025843,17,7,22,2140,1,2,3,1.0,1.0,33063,M,4483885.0,-58172.0,33
201700025844,17,7,22,1637,1,2,3,1.0,6.0,33063,M,4483750.0,-57379.0,33
201700025845,17,7,26,1615,1,2,1,2.0,1.0,33039,M,4479800.0,-55765.0,33
201700025846,17,7,27,1915,1,2,1,1.0,6.0,33281,M,4483260.0,-64523.0,33
201700025847,17,7,24,2230,5,2,1,1.0,2.0,33063,M,4486580.0,-56059.0,33
201700025848,17,8,2,725,1,2,3,1.0,6.0,33063,M,4483750.0,-57555.0,33
201700025849,17,7,30,1220,1,2,3,1.0,3.0,33318,M,4481580.0,-60903.0,33
201700025850,17,7,29,10,5,2,1,1.0,6.0,33075,M,4487600.0,-58604.0,33
201700025851,17,8,3,1720,1,2,1,1.0,3.0,33063,M,4484303.0,-55513.0,33
201700025852,17,8,8,1455,1,2,4,1.0,1.0,33063,M,4483490.0,-58050.0,33
201700025853,17,7,31,1420,1,2,2,1.0,6.0,33063,M,4483759.0,-57380.0,33
201700025854,17,8,10,2035,1,2,1,1.0,3.0,33063,M,4483420.0,-56264.0,33
201700025855,17,7,24,1640,1,2,2,1.0,3.0,33522,M,4480677.0,-59178.0,33
201700025856,17,8,15,20,4,2,1,2.0,2.0,33318,M,4475694.0,-73729.0,33
201700025857,17,8,10,2200,5,2,1,1.0,6.0,33063,M,4483400.0,-56236.0,33
201700025858,17,8,4,1850,1,2,1,1.0,6.0,33063,M,4483800.0,-56686.0,33
201700025859,17,8,13,140,5,2,2,1.0,3.0,33063,M,4483292.0,-58413.0,33
201700025860,17,8,11,1435,1,2,1,1.0,6.0,33063,M,4482950.0,-56678.0,33
201700025861,17,8,21,230,5,2,2,1.0,6.0,33063,M,4483770.0,-54815.0,33
201700025862,17,8,21,1350,1,2,2,1.0,3.0,33162,M,4489302.0,-66812.0,33
201700025863,17,8,10,2200,5,2,2,1.0,3.0,33063,M,4482754.0,-58590.0,33
201700025864,17,8,22,1735,1,2,3,1.0,6.0,33063,M,4484000.0,-60261.0,33
201700025865,17,8,19,1315,1,2,6,1.0,3.0,33249,M,4487155.0,-51642.0,33
201700025866,17,8,19,1400,1,2,3,1.0,2.0,33318,M,4479302.0,-64726.0,33
201700025867,17,8,20,1835,1,2,6,1.0,3.0,33281,M,4484054.0,-75211.0,33
201700025868,17,8,25,1750,1,2,2,1.0,6.0,33063,M,4483020.0,-56988.0,33
201700025869,17,8,27,2025,2,2,3,1.0,6.0,33063,M,4483680.0,-58113.0,33
201700025870,17,8,26,1930,1,2,2,1.0,3.0,33063,M,4483190.0,-57727.0,33
201700025871,17,8,29,1530,1,2,2,1.0,3.0,33063,M,4483430.0,-56955.0,33
201700025872,17,8,31,210,5,2,3,1.0,6.0,33063,M,4483090.0,-57317.0,33