Num_Acc,an,mois,jour,hrmn,lum,agg,int,atm,col,com,gps,lat,long,dep
201700025873,17,8,30,1620,1,2,2,1.0,3.0,33063,M,4489070.0,-54683.0,33
201700025874,17,8,25,1500,1,2,4,1.0,3.0,33162,M,4488510.0,-63656.0,33
201700025875,17,8,25,1730,1,2,2,1.0,3.0,33063,M,4484690.0,-62914.0,33
201700025876,17,9,2,1650,1,2,2,1.0,3.0,33281,M,4484809.0,-68580.0,33
201700025877,17,8,31,2240,5,2,4,1.0,7.0,33281,M,4481546.0,-66571.0,33
201700025878,17,8,31,2020,1,2,3,1.0,1.0,33039,M,4481150.0,-55994.0,33
201700025879,17,9,9,2340,5,2,2,2.0,6.0,33522,M,4480680.0,-59172.0,33
201700025880,17,9,10,630,5,2,1,1.0,6.0,33063,M,4482860.0,-55347.0,33
201700025881,17,9,11,2220,3,2,7,2.0,6.0,33063,M,4483055.0,-55629.0,33
201700025882,17,9,7,1830,1,2,3,1.0,3.0,33318,M,4479410.0,-63248.0,33
201700025883,17,9,17,650,3,2,1,3.0,6.0,33063,M,4482790.0,-55197.0,33
201700025884,17,9,15,1645,1,2,1,1.0,6.0,33063,M,4483440.0,-60592.0,33
201700025885,17,9,18,1535,1,2,2,1.0,3.0,33063,M,4487800.0,-57095.0,33
201700025886,17,9,16,655,4,2,3,3.0,1.0,33063,M,4483630.0,-55012.0,33
201700025887,17,9,22,220,5,2,3,1.0,6.0,33063,M,4484770.0,-56416.0,33
201700025888,17,9,25,1004,1,2,2,1.0,3.0,33063,M,4483230.0,-58170.0,33
201700025889,17,5,31,1005,1,2,1,1.0,5.0,33063,M,4486260.0,-61686.0,33
201700025890,17,9,25,2130,5,2,4,1.0,5.0,33063,M,4483599.0,-55042.0,33
201700025891,17,9,24,540,5,2,1,1.0,5.0,33063,M,4483881.0,-56212.0,33
201700025892,17,9,22,2200,5,2,1,1.0,2.0,33063,M,4485730.0,-56008.0,33
201700025893,17,9,24,1730,1,2,5,1.0,3.0,33063,M,4485010.0,-58179.0,33
201700025894,17,9,24,100,5,2,2,1.0,6.0,33063,M,4483770.0,-57201.0,33
201700025895,17,9,26,1550,1,2,1,1.0,6.0,33281,M,4484117.0,-64697.0,33
201700025896,17,9,25,751,1,2,3,1.0,6.0,33063,M,4485430.0,-59838.0,33
201700025897,17,9,27,2335,5,2,1,1.0,6.0,33063,M,4484320.0,-55527.0,33
201700025898,17,9,29,955,1,2,2,1.0,3.0,33063,M,4485830.0,-61594.0,33
201700025899,17,8,31,40,5,2,1,1.0,6.0,33063,M,4484205.0,-55189.0,33
201700025900,17,9,29,2230,5,2,6,1.0,6.0,33063,M,4489630.0,-55083.0,33
201700025901,17,10,2,1640,1,2,3,1.0,6.0,33063,M,4485650.0,-62965.0,33
201700025902,17,9,29,1135,1,2,1,1.0,6.0,33550,M,4476718.0,-56329.0,33
201700025903,17,10,3,1255,1,2,4,1.0,6.0,33063,M,4485307.0,-57428.0,33
201700025904,17,10,7,15,4,1,1,1.0,6.0,33032,M,4492290.0,-53193.0,33
201700025905,17,10,8,230,5,2,2,1.0,1.0,33063,M,4481341.0,-56418.0,33
201700025906,17,10,5,915,1,2,2,1.0,1.0,33281,M,4485320.0,-66955.0,33
201700025907,17,10,15,1440,1,2,3,1.0,6.0,33063,M,4483030.0,-60432.0,33
201700025908,17,10,13,1255,1,2,1,1.0,4.0,33063,M,4485950.0,-55293.0,33
201700025909,17,10,17,1830,1,2,3,1.0,6.0,33063,M,4484347.0,-57900.0,33
201700025910,17,8,24,2125,5,2,3,1.0,1.0,33281,M,4485700.0,-65716.0,33
201700025911,17,10,15,2015,5,2,1,1.0,6.0,33119,M,4485410.0,-51329.0,33
201700025912,17,10,19,535,5,2,3,1.0,1.0,33063,M,4483007.0,-55579.0,33
201700025913,17,9,24,1130,1,2,2,1.0,3.0,33063,M,4486030.0,-55367.0,33
201700025914,17,10,18,1045,1,2,6,1.0,3.0,33522,M,4480053.0,-59594.0,33
201700025915,17,10,16,1859,5,2,1,1.0,6.0,33522,M,4479090.0,-59047.0,33
201700025916,17,10,21,1830,1,2,1,1.0,6.0,33063,M,4487050.0,-56485.0,33
201700025917,17,10,22,2110,5,2,4,1.0,1.0,33063,M,4483142.0,-57537.0,33
201700025918,17,10,14,845,1,2,2,1.0,3.0,33039,M,4478460.0,-56654.0,33
201700025919,17,10,20,2210,5,2,1,1.0,1.0,33281,M,4484786.0,-64014.0,33
201700025920,17,10,26,2210,5,2,2,1.0,1.0,33167,M,4483140.0,-53317.0,33
201700025921,17,10,12,1545,1,2,1,1.0,2.0,33192,M,4477980.0,-61743.0,33
201700025922,17,10,28,300,5,2,7,1.0,6.0,33063,M,4484233.0,-57451.0,33
201700025923,17,10,31,2205,3,2,1,1.0,2.0,33281,M,4484129.0,-69324.0,33
201700025924,17,10,30,2020,3,1,2,1.0,3.0,33162,M,4487960.0,-62687.0,33
201700025925,17,11,4,1053,1,2,2,1.0,1.0,33063,M,4486160.0,-55519.0,33
201700025926,17,11,2,2110,5,2,1,1.0,2.0,33281,M,4484122.0,-65282.0,33
201700025927,17,11,6,1655,1,2,3,1.0,6.0,33281,M,4483145.0,-65599.0,33
201700025928,17,11,7,1635,1,2,5,1.0,3.0,33063,M,4487030.0,-56598.0,33
201700025929,17,10,27,1455,1,2,6,1.0,3.0,33200,M,4486091.0,-69615.0,33
201700025930,17,11,10,750,1,2,1,1.0,3.0,33063,M,4483030.0,-57046.0,33
201700025931,17,11,8,1105,1,2,3,1.0,6.0,33063,M,4486239.0,-56709.0,33
201700025932,17,11,12,855,1,2,2,1.0,3.0,33063,M,4485708.0,-61991.0,33
201700025933,17,11,9,2310,5,2,3,2.0,2.0,33063,M,4481788.0,-57734.0,33
201700025934,17,11,12,825,1,2,2,2.0,2.0,33162,M,4486740.0,-63716.0,33
201700025935,17,11,8,925,1,2,1,1.0,6.0,33167,M,4484490.0,-51115.0,33
201700025936,17,11,12,650,5,2,9,2.0,6.0,33063,M,4484160.0,-56954.0,33
201700025937,17,11,16,745,1,2,2,1.0,3.0,33550,M,4474670.0,-56383.0,33
201700025938,17,11,19,120,5,2,3,1.0,3.0,33063,M,4483890.0,-56798.0,33
201700025939,17,11,17,1035,1,2,9,1.0,6.0,33119,M,4485057.0,-51761.0,33
201700025940,17,11,13,736,1,2,3,1.0,6.0,33039,M,4480680.0,-57310.0,33
201700025941,17,11,21,835,1,2,1,1.0,1.0,33039,M,4479927.0,-55747.0,33
201700025942,17,11,21,1115,1,2,6,1.0,1.0,33522,M,4480179.0,-58539.0,33
201700025943,17,11,20,1205,1,2,2,1.0,1.0,33318,M,4480877.0,-64943.0,33
201700025944,17,10,27,2255,5,2,1,1.0,6.0,33063,M,4485260.0,-56757.0,33
201700025945,17,11,22,913,1,2,2,1.0,1.0,33318,M,4480243.0,-64545.0,33
201700025946,17,11,24,1805,5,2,2,2.0,3.0,33281,M,4484031.0,-63987.0,33
201700025947,17,11,29,1,5,2,3,2.0,6.0,33063,M,4483550.0,-56800.0,33
201700025948,17,11,27,1610,1,2,2,1.0,1.0,33192,M,4478043.0,-60323.0,33
201700025949,17,11,28,2100,5,2,3,8.0,6.0,33318,M,4479968.0,-66864.0,33
201700025950,17,11,28,1400,1,2,2,8.0,3.0,33039,M,4480958.0,-54223.0,33
201700025951,17,12,3,2310,5,2,4,2.0,1.0,33063,M,4482737.0,-59225.0,33
201700025952,17,12,2,2315,5,2,2,1.0,3.0,33063,M,4481480.0,-57263.0,33
201700025953,17,12,1,1535,1,2,2,1.0,4.0,33063,M,4487073.0,-56637.0,33
201700025954,17,12,3,335,5,2,4,1.0,6.0,33013,M,4486251.0,-48487.0,33
201700025955,17,12,9,1655,1,2,2,1.0,6.0,33249,M,4487990.0,-52419.0,33
201700025956,17,12,10,1835,2,2,2,3.0,3.0,33063,M,4484692.0,-62914.0,33
201700025957,17,12,12,705,5,2,4,1.0,6.0,33200,M,4487810.0,-67652.0,33
201700025958,17,12,17,200,5,2,1,1.0,1.0,33063,M,4484500.0,-57058.0,33
201700025959,17,12,17,800,1,2,2,1.0,1.0,33063,M,4483170.0,-55866.0,33
201700025960,17,12,14,1015,1,2,6,2.0,1.0,33522,M,4480450.0,-60076.0,33
201700025961,17,12,17,210,4,2,3,1.0,2.0,33281,M,4484680.0,-64422.0,33
201700025962,17,12,21,1830,5,2,2,1.0,1.0,33063,M,4485352.0,-61040.0,33
201700025963,17,12,19,730,5,2,3,1.0,6.0,33249,M,4488098.0,-52616.0,33
201700025964,17,12,15,1725,5,2,1,3.0,6.0,33063,M,4484230.0,-58517.0,33
201700025965,17,12,18,2000,5,2,2,1.0,3.0,33063,M,4484020.0,-59920.0,33
201700025966,17,12,18,2045,5,2,4,1.0,7.0,33063,M,4485191.0,-60777.0,33
201700025967,17,12,24,2000,5,2,2,1.0,6.0,33063,M,4481710.0,-54848.0,33
201700025968,17,12,22,2125,5,2,2,2.0,1.0,33063,M,4482753.0,-58597.0,33
201700025969,17,12,26,1730,3,2,1,1.0,6.0,33063,M,4485737.0,-56019.0,33
201700025970,17,1,11,1500,1,1,1,8.0,6.0,49169,M,4727305.0,-72811.0,49
201700025971,17,1,23,900,1,2,1,1.0,6.0,49092,M,4721733.0,-72581.0,49
201700025972,17,3,10,730,2,1,2,1.0,3.0,49192,M,4701525.0,-74425.0,49
201700025973,17,3,26,435,3,1,1,1.0,6.0,49092,M,4721515.0,-71178.0,49
201700025974,17,5,3,1030,1,1,2,1.0,3.0,49192,M,4701450.0,-74055.0,49
201700025975,17,6,13,750,1,1,9,1.0,2.0,49355,M,4713655.0,-81503.0,49
201700025976,17,6,21,710,1,1,1,1.0,1.0,49355,M,4712246.0,-79781.0,49
201700025977,17,7,14,1100,1,2,6,1.0,3.0,49192,M,4700675.0,-74525.0,49
201700025978,17,7,22,755,1,1,1,1.0,7.0,49231,M,4709469.0,-81108.0,49
201700025979,17,8,2,1607,1,2,1,1.0,6.0,49351,M,4714499.0,-69743.0,49
201700025980,17,8,7,1735,1,1,1,1.0,3.0,49225,M,4727432.0,-82900.0,49
201700025981,17,8,22,1115,1,1,1,1.0,2.0,49195,M,4705580.0,-80712.0,49
201700025982,17,9,8,1750,1,1,1,2.0,3.0,49351,M,4715110.0,-66054.0,49
201700025983,17,9,11,1236,1,1,1,1.0,1.0,49355,M,4710081.0,-82862.0,49
201700025984,17,9,13,1100,1,1,1,8.0,6.0,49381,M,4706508.0,-72426.0,49
201700025985,17,9,16,1000,1,1,6,5.0,7.0,49355,M,4713072.0,-78236.0,49
201700025986,17,10,8,635,3,1,1,5.0,6.0,49070,M,4709192.0,-73455.0,49
201700025987,17,11,5,940,1,2,4,1.0,3.0,49371,M,4711895.0,-70984.0,49
201700025988,17,10,25,800,1,2,1,1.0,7.0,49058,M,4700385.0,-64612.0,49
201700025989,17,12,16,850,1,1,1,9.0,6.0,49074,M,4720875.0,-81365.0,49
201700025990,17,1,27,845,1,1,1,9.0,6.0,18125,M,4747073.0,289533.0,18
201700025991,17,6,15,725,1,1,3,1.0,6.0,18117,M,4738309.0,269726.0,18
201700025992,17,7,10,1345,1,1,1,1.0,2.0,18168,M,4737005.0,265535.0,18
201700025993,17,7,9,1045,1,1,2,1.0,3.0,18116,M,4722959.0,277967.0,18
201700025994,17,10,14,1840,1,1,1,1.0,6.0,18241,M,4732967.0,284995.0,18
201700025995,17,10,15,1955,5,2,1,1.0,6.0,18233,M,4733870.0,285925.0,18
201700025996,17,1,21,1900,5,2,1,1.0,3.0,06161,M,4363298.0,713426.0,06
201700025997,17,1,24,1205,1,2,6,1.0,3.0,06161,M,4365658.0,712022.0,06
201700025998,17,2,6,1630,1,2,1,1.0,2.0,06161,M,4362516.0,713165.0,06
201700025999,17,2,17,1440,1,2,1,1.0,3.0,06161,M,4365258.0,712741.0,06
201700026000,17,2,13,1530,1,2,9,1.0,6.0,06044,M,4368574.0,710719.0,06
201700026001,17,2,23,930,1,2,9,1.0,6.0,06161,M,4363071.0,713057.0,06
201700026002,17,3,10,1745,1,2,1,7.0,3.0,06161,M,4363068.0,713422.0,06
201700026003,17,3,20,1835,1,2,9,1.0,5.0,06161,M,4362581.0,713192.0,06
201700026004,17,3,24,750,2,2,1,3.0,3.0,06161,M,4363986.0,713339.0,06
201700026005,17,3,29,1945,1,2,3,1.0,3.0,06044,M,4368395.0,711345.0,06
201700026006,17,3,31,1730,1,2,1,1.0,2.0,06044,M,4368578.0,710011.0,06
201700026007,17,4,25,2100,5,2,2,1.0,6.0,06161,M,4366415.0,714226.0,06
201700026008,17,4,29,200,3,1,1,1.0,7.0,06161,M,4365941.0,709584.0,06
201700026009,17,5,7,1240,1,2,1,1.0,7.0,06161,M,4362972.0,712147.0,06
201700026010,17,5,31,1600,1,2,2,1.0,3.0,06161,M,4363598.0,713348.0,06
201700026011,17,5,31,1815,1,2,1,1.0,3.0,06161,M,4364316.0,712187.0,06
201700026012,17,6,3,2100,2,2,1,1.0,7.0,06161,M,4363719.0,713020.0,06
201700026013,17,6,26,1900,1,2,1,1.0,6.0,06161,M,4364272.0,713307.0,06
201700026014,17,7,3,1925,1,1,1,1.0,1.0,06161,M,4362233.0,713037.0,06
201700026015,17,7,4,830,1,1,1,1.0,2.0,06161,M,4364272.0,713307.0,06
201700026016,17,7,11,1115,1,2,1,1.0,3.0,06161,M,4364272.0,713307.0,06
201700026017,17,7,11,1730,1,1,1,1.0,3.0,06161,M,4361888.0,712912.0,06
201700026018,17,7,24,750,1,2,1,1.0,,06044,M,4368615.0,710263.0,06
201700026019,17,7,24,2330,5,2,9,1.0,6.0,06161,M,4364260.0,714340.0,06
201700026020,17,7,25,30,5,2,4,1.0,3.0,06161,M,4364222.0,713612.0,06
201700026021,17,8,4,1400,1,2,9,1.0,3.0,06161,M,4362945.0,713367.0,06
201700026022,17,8,5,200,5,2,1,1.0,3.0,06161,M,4362717.0,713261.0,06
201700026023,17,8,7,645,2,2,4,1.0,6.0,06161,M,4363655.0,713354.0,06
201700026024,17,8,6,2140,3,2,1,1.0,3.0,06044,M,4367753.0,712126.0,06
201700026025,17,8,10,1945,1,2,9,1.0,3.0,06161,M,4363306.0,713430.0,06
201700026026,17,8,16,1600,1,2,1,1.0,3.0,06161,M,4363897.0,713346.0,06
201700026027,17,9,18,930,1,2,1,1.0,3.0,06161,M,4363088.0,713489.0,06
201700026028,17,9,29,1720,1,2,3,1.0,3.0,06161,M,4365369.0,712607.0,06
201700026029,17,10,4,825,1,2,1,1.0,2.0,06161,M,4365257.0,712741.0,06
201700026030,17,10,26,1815,2,2,3,1.0,3.0,06044,M,4368376.0,711087.0,06
201700026031,17,11,13,1715,2,2,1,1.0,3.0,06161,M,4363879.0,713353.0,06
201700026032,17,11,25,1705,1,2,1,1.0,3.0,06161,M,4365678.0,711848.0,06
201700026033,17,12,2,1620,1,2,2,1.0,1.0,06161,M,4363436.0,713384.0,06
201700026034,17,12,4,1810,3,2,1,1.0,2.0,06161,M,4361943.0,713031.0,06
201700026035,17,12,22,1650,1,2,9,1.0,6.0,06161,M,4363325.0,713422.0,06
201700026036,17,12,29,1010,1,2,1,1.0,5.0,06161,M,4365294.0,712682.0,06
201700026037,17,1,12,1830,3,1,9,1.0,6.0,34003,M,4330300.0,346090.0,34
201700026038,17,2,15,1330,1,2,2,2.0,3.0,34003,M,4328294.0,350294.0,34
201700026039,17,2,15,1045,1,2,1,2.0,6.0,34003,M,4330396.0,348453.0,34
201700026040,17,3,30,1830,1,2,1,1.0,6.0,34003,M,4330313.0,346998.0,34
201700026041,17,4,6,1500,1,2,1,1.0,6.0,34003,M,4330000.0,349000.0,34
201700026042,17,3,29,1315,1,2,1,7.0,3.0,34003,M,4328694.0,346733.0,34
201700026043,17,4,11,1445,1,2,3,1.0,3.0,34003,M,4330423.0,348630.0,34
201700026044,17,4,13,1540,1,2,2,1.0,3.0,34003,M,4331270.0,347393.0,34
201700026045,17,5,16,1340,1,2,1,1.0,1.0,34003,M,4331472.0,346960.0,34
201700026046,17,4,21,1730,1,2,1,1.0,4.0,34003,M,4330000.0,346000.0,34
201700026047,17,7,8,1820,1,1,1,1.0,1.0,34003,M,4329000.0,347000.0,34
201700026048,17,8,21,1630,1,2,1,1.0,1.0,34003,M,4329133.0,346237.0,34
201700026049,17,7,19,850,2,1,1,1.0,3.0,34003,M,4329745.0,347484.0,34
201700026050,17,8,24,735,2,2,1,2.0,1.0,34003,M,4329401.0,348038.0,34
201700026051,17,9,13,1835,1,2,1,1.0,2.0,34003,M,4328000.0,351000.0,34
201700026052,17,9,15,2240,5,2,6,1.0,3.0,34003,M,4330877.0,347684.0,34
201700026053,17,9,22,1755,1,2,6,7.0,3.0,34003,M,4328221.0,349816.0,34
201700026054,17,10,11,1715,1,2,7,1.0,2.0,34003,M,4330795.0,347653.0,34
201700026055,17,10,8,1950,3,2,1,1.0,3.0,34003,M,4330050.0,346311.0,34
201700026056,17,11,27,1900,3,1,1,1.0,2.0,34003,M,4332883.0,345840.0,34
201700026057,17,1,5,915,1,1,1,1.0,7.0,34032,M,4334550.0,325507.0,34
201700026058,17,1,14,900,1,1,1,1.0,2.0,34032,M,4335144.0,321448.0,34
201700026059,17,2,14,750,2,2,2,2.0,3.0,34032,M,4333952.0,322524.0,34
201700026060,17,2,17,300,5,2,1,1.0,7.0,34032,M,4333913.0,321024.0,34
201700026061,17,2,21,1800,1,1,3,1.0,7.0,34032,M,4334840.0,321435.0,34
201700026062,17,2,26,800,1,1,1,1.0,5.0,34032,M,4333168.0,318563.0,34
201700026063,17,3,18,1735,1,2,2,1.0,1.0,34032,M,4333996.0,322460.0,34
201700026064,17,3,29,1320,1,2,9,1.0,3.0,34032,M,4333790.0,320346.0,34
201700026065,17,3,29,1625,1,1,3,1.0,7.0,34032,M,4335400.0,323023.0,34
201700026066,17,4,13,1215,1,2,1,1.0,3.0,34032,M,4334453.0,323156.0,34
201700026067,17,5,1,2120,5,2,1,1.0,6.0,34032,M,4335300.0,321848.0,34
201700026068,17,5,2,1540,1,1,1,1.0,1.0,34032,M,4336390.0,323850.0,34
201700026069,17,5,5,1700,1,2,3,1.0,3.0,34032,M,4335406.0,322392.0,34
201700026070,17,5,16,1040,1,1,1,1.0,1.0,34032,M,4335677.0,330620.0,34
201700026071,17,6,1,820,1,2,1,1.0,7.0,34032,M,4333905.0,321530.0,34
201700026072,17,6,7,1230,1,1,1,1.0,1.0,34032,M,4337177.0,320868.0,34
201700026073,17,6,7,940,1,2,3,1.0,1.0,34032,M,4334131.0,322204.0,34
201700026074,17,6,21,1900,1,1,2,1.0,3.0,34032,M,4333320.0,315661.0,34
201700026075,17,7,6,1830,1,2,1,1.0,3.0,34032,M,4333743.0,325170.0,34
201700026076,17,7,7,1600,1,2,1,1.0,5.0,34336,M,4332352.0,326338.0,34
201700026077,17,7,9,450,3,2,6,1.0,7.0,34336,M,4332096.0,328786.0,34
201700026078,17,7,16,1840,1,1,1,1.0,7.0,34032,M,4332958.0,321659.0,34
201700026079,17,7,19,920,1,2,1,1.0,7.0,34032,M,4334388.0,322714.0,34
201700026080,17,8,3,1350,1,1,6,1.0,3.0,34336,M,4332053.0,329391.0,34
201700026081,17,8,21,940,1,1,6,1.0,3.0,34336,M,4332187.0,329289.0,34
201700026082,17,8,28,1830,1,1,1,1.0,6.0,34032,M,4331532.0,318101.0,34
201700026083,17,9,15,1200,1,2,1,1.0,7.0,34032,M,4334363.0,321593.0,34
201700026084,17,9,18,100,3,1,1,1.0,1.0,34032,M,4336669.0,321305.0,34
201700026085,17,9,27,1430,1,2,2,1.0,3.0,34032,M,4333470.0,325150.0,34
201700026086,17,10,4,1415,1,2,4,1.0,3.0,34032,M,4333787.0,324139.0,34
201700026087,17,11,7,1545,1,2,1,1.0,7.0,34032,M,4334773.0,324726.0,34
201700026088,17,12,2,940,1,2,3,1.0,3.0,34032,M,4335160.0,323085.0,34
201700026089,17,12,24,1520,1,2,1,1.0,7.0,34032,M,4335019.0,322303.0,34
201700026090,17,1,3,715,5,2,1,1.0,1.0,34172,M,4362546.0,385205.0,34
201700026091,17,1,3,1345,1,2,1,1.0,6.0,34172,M,4363931.0,388518.0,34
201700026092,17,1,5,1215,1,2,1,1.0,6.0,34172,M,4362322.0,387222.0,34
201700026093,17,1,5,1355,1,2,1,1.0,6.0,34172,M,4361197.0,386644.0,34
201700026094,17,1,5,1810,5,2,1,1.0,3.0,34172,M,4360760.0,386982.0,34
201700026095,17,1,6,800,2,2,2,1.0,1.0,34172,M,4361617.0,391037.0,34
201700026096,17,1,6,1900,5,2,1,1.0,6.0,34172,M,4359409.0,388894.0,34
201700026097,17,1,6,1445,1,2,1,1.0,3.0,34172,M,4363550.0,386986.0,34
201700026098,17,1,6,1735,2,2,1,1.0,7.0,34172,M,4361118.0,387200.0,34
201700026099,17,1,7,1805,5,2,1,1.0,7.0,34172,M,4361491.0,386435.0,34
201700026100,17,1,7,1425,1,2,1,1.0,2.0,34172,M,4361781.0,384357.0,34
201700026101,17,1,11,1030,1,2,1,1.0,6.0,34172,M,4361821.0,391269.0,34
201700026102,17,1,13,730,5,1,1,1.0,1.0,34129,M,4357257.0,389206.0,34
201700026103,17,1,12,1725,2,2,1,1.0,2.0,34172,M,4360140.0,386857.0,34
201700026104,17,1,20,1845,5,2,1,1.0,6.0,34172,M,4361492.0,388165.0,34
201700026105,17,1,20,2300,5,2,1,1.0,1.0,34172,M,4361288.0,384382.0,34
201700026106,17,1,22,440,5,2,1,1.0,6.0,34172,M,4362382.0,386211.0,34
201700026107,17,1,26,2005,5,2,4,1.0,2.0,34172,M,4360030.0,385951.0,34
201700026108,17,1,27,1815,5,2,1,1.0,6.0,34172,M,4361846.0,383886.0,34
201700026109,17,1,22,1625,1,2,1,8.0,1.0,34172,M,4358922.0,385707.0,34
201700026110,17,1,20,1008,1,2,1,1.0,3.0,34172,M,4361486.0,385706.0,34
201700026111,17,1,29,1040,1,1,1,1.0,1.0,34172,M,4360910.0,382120.0,34
201700026112,17,1,27,640,5,2,2,2.0,3.0,34172,M,4360080.0,386776.0,34
201700026113,17,1,31,1215,1,2,1,2.0,6.0,34172,M,4362694.0,381504.0,34
201700026114,17,2,2,1606,1,2,1,8.0,6.0,34172,M,4363857.0,382931.0,34
201700026115,17,2,4,1730,1,1,1,1.0,6.0,34129,M,4356925.0,387254.0,34
201700026116,17,1,30,1230,1,2,1,1.0,6.0,34172,M,4362682.0,386976.0,34
201700026117,17,2,7,1500,1,2,2,1.0,3.0,34172,M,4359110.0,390886.0,34
201700026118,17,2,7,1920,5,2,1,1.0,6.0,34172,M,4359713.0,389992.0,34
201700026119,17,2,12,430,5,2,1,8.0,6.0,34172,M,4360295.0,386616.0,34
201700026120,17,2,14,1500,1,2,1,8.0,2.0,34172,M,4361322.0,384231.0,34
201700026121,17,2,16,1100,1,2,1,1.0,1.0,34172,M,4360575.0,389391.0,34
201700026122,17,2,18,1215,1,2,1,1.0,6.0,34172,M,4362032.0,385601.0,34
201700026123,17,2,19,340,5,2,1,1.0,7.0,34172,M,4360915.0,384045.0,34
201700026124,17,2,20,1400,1,2,1,1.0,4.0,34172,M,4362650.0,385957.0,34
201700026125,17,2,20,1635,1,2,2,1.0,6.0,34172,M,4360638.0,383707.0,34
201700026126,17,2,21,900,1,2,3,1.0,6.0,34172,M,4360921.0,387471.0,34
201700026127,17,2,22,1900,5,2,2,1.0,1.0,34172,M,4362475.0,388917.0,34
201700026128,17,2,24,715,1,2,2,1.0,6.0,34172,M,4361342.0,390496.0,34
201700026129,17,3,1,2030,5,2,2,1.0,3.0,34172,M,4359700.0,388057.0,34
201700026130,17,3,2,820,1,2,1,1.0,6.0,34172,M,4361354.0,384150.0,34
201700026131,17,3,2,900,1,2,1,1.0,1.0,34172,M,4359574.0,383683.0,34
201700026132,17,3,6,2030,3,1,2,1.0,3.0,34198,M,4357703.0,393320.0,34
201700026133,17,3,8,2340,5,1,1,1.0,7.0,34172,M,4364401.0,384406.0,34
201700026134,17,3,9,1820,1,2,1,1.0,3.0,34172,M,4359556.0,389675.0,34
201700026135,17,3,16,720,1,2,1,1.0,6.0,34172,M,4362026.0,385563.0,34
201700026136,17,3,16,1715,1,2,1,1.0,3.0,34172,M,4360590.0,389410.0,34
201700026137,17,3,17,630,1,2,1,1.0,1.0,34172,M,4358579.0,387640.0,34
201700026138,17,3,19,145,5,2,2,1.0,3.0,34172,M,4360550.0,388752.0,34
201700026139,17,2,10,1930,2,2,1,1.0,3.0,34172,M,4358581.0,388859.0,34
201700026140,17,3,22,415,5,1,1,1.0,6.0,34129,M,4358532.0,392007.0,34
201700026141,17,3,22,1745,1,2,1,1.0,2.0,34172,M,4363173.0,384221.0,34
201700026142,17,3,22,1900,5,2,1,1.0,2.0,34172,M,4359350.0,388937.0,34
201700026143,17,3,23,1130,1,2,1,1.0,3.0,34172,M,4360636.0,389108.0,34
201700026144,17,3,24,930,1,2,1,2.0,3.0,34172,M,4362554.0,383669.0,34
201700026145,17,3,26,1850,1,2,2,1.0,3.0,34172,M,4363741.0,382262.0,34
201700026146,17,4,1,1215,1,2,1,1.0,2.0,34172,M,4359926.0,389345.0,34
201700026147,17,4,5,830,1,2,1,1.0,3.0,34172,M,4360716.0,392472.0,34
201700026148,17,4,5,1105,1,2,2,1.0,3.0,34172,M,4361704.0,386127.0,34
201700026149,17,4,1,830,1,1,1,1.0,1.0,34172,M,4360850.0,382046.0,34
201700026150,17,4,6,1315,1,2,3,1.0,3.0,34129,M,4357219.0,390195.0,34
201700026151,17,4,6,2045,5,2,1,1.0,6.0,34172,M,4364348.0,383922.0,34
201700026152,17,4,7,20,5,2,1,1.0,6.0,34172,M,4360702.0,387841.0,34
201700026153,17,4,11,1035,1,2,1,1.0,7.0,34172,M,4361414.0,388024.0,34
201700026154,17,4,11,1830,1,2,1,1.0,6.0,34172,M,,,34
201700026155,17,4,13,2145,5,2,3,1.0,1.0,34172,M,4362611.0,387726.0,34
201700026156,17,4,15,1600,1,2,1,1.0,7.0,34172,M,4360768.0,388139.0,34
201700026157,17,4,15,1825,1,2,1,1.0,2.0,34172,M,4360322.0,390945.0,34
201700026158,17,4,16,1115,1,2,2,1.0,2.0,34172,M,4359266.0,385254.0,34
201700026159,17,4,17,430,3,2,1,1.0,6.0,34172,M,4361362.0,383922.0,34
201700026160,17,4,18,1600,1,2,3,1.0,1.0,34172,M,4361672.0,386033.0,34
201700026161,17,4,25,1620,1,2,1,1.0,1.0,34172,M,4358669.0,388314.0,34
201700026162,17,4,26,1745,1,2,1,1.0,6.0,34172,M,4358243.0,386369.0,34
201700026163,17,4,27,1715,1,1,1,1.0,3.0,34172,M,4361379.0,393011.0,34
201700026164,17,4,28,1230,1,2,1,1.0,3.0,34172,M,4362065.0,386481.0,34
201700026165,17,4,29,1615,1,2,4,1.0,3.0,34172,M,4361136.0,392018.0,34
201700026166,17,4,26,915,1,2,2,1.0,3.0,34172,M,4361761.0,390223.0,34
201700026167,17,5,4,915,1,2,1,8.0,2.0,34172,M,4359695.0,388332.0,34
201700026168,17,5,7,2110,5,2,1,1.0,7.0,34172,M,4360168.0,386295.0,34
201700026169,17,5,8,1325,1,2,1,1.0,7.0,34172,M,4358925.0,385557.0,34
201700026170,17,5,9,1645,1,2,1,1.0,3.0,34172,M,4360329.0,389057.0,34
201700026171,17,5,9,1635,1,2,1,1.0,1.0,34172,M,4358530.0,388207.0,34
201700026172,17,5,9,1745,1,2,1,1.0,3.0,34172,M,4360020.0,387777.0,34
201700026173,17,5,13,2100,2,2,1,1.0,6.0,34172,M,4359490.0,384977.0,34
201700026174,17,5,14,1441,1,2,1,1.0,6.0,34172,M,4360027.0,389642.0,34