Num_Acc,an,mois,jour,hrmn,lum,agg,int,atm,col,com,gps,lat,long,dep
201700026175,17,5,15,1730,1,2,1,1.0,2.0,34172,M,4358582.0,387491.0,34
201700026176,17,5,16,750,1,2,1,1.0,2.0,34172,M,4358911.0,388475.0,34
201700026177,17,5,16,1020,1,2,1,1.0,3.0,34172,M,4362272.0,388478.0,34
201700026178,17,5,16,1325,1,2,3,1.0,3.0,34172,M,4362164.0,381552.0,34
201700026179,17,5,18,2100,2,2,3,1.0,1.0,34172,M,4362290.0,381746.0,34
201700026180,17,5,19,2055,2,1,1,1.0,7.0,34172,M,4361230.0,393500.0,34
201700026181,17,5,20,1245,1,2,1,1.0,6.0,34172,M,4360096.0,388304.0,34
201700026182,17,5,20,1310,1,2,1,1.0,4.0,34172,M,4359370.0,383265.0,34
201700026183,17,5,20,1810,1,2,1,1.0,6.0,34172,M,4361637.0,387451.0,34
201700026184,17,5,21,1925,1,2,1,1.0,2.0,34172,M,4360255.0,386665.0,34
201700026185,17,5,21,2000,1,2,1,1.0,6.0,34198,M,4355731.0,396356.0,34
201700026186,17,5,22,820,1,2,1,1.0,6.0,34172,M,4363711.0,386702.0,34
201700026187,17,5,23,1555,1,2,1,1.0,3.0,34172,M,4362691.0,387072.0,34
201700026188,17,5,24,1615,1,2,1,1.0,7.0,34172,M,4358183.0,386872.0,34
201700026189,17,5,26,1420,1,2,2,1.0,6.0,34172,M,4360676.0,387668.0,34
201700026190,17,5,27,1350,1,2,1,1.0,1.0,34172,M,4361990.0,385023.0,34
201700026191,17,5,28,2035,1,2,3,1.0,3.0,34172,M,4360544.0,387394.0,34
201700026192,17,5,29,15,5,2,1,1.0,2.0,34172,M,4360853.0,391280.0,34
201700026193,17,5,30,1730,1,2,1,1.0,6.0,34172,M,4361644.0,388478.0,34
201700026194,17,5,31,1706,1,2,1,1.0,3.0,34172,M,4359825.0,390309.0,34
201700026195,17,6,1,1720,1,2,1,1.0,7.0,34172,M,4360002.0,387691.0,34
201700026196,17,6,3,1700,1,1,1,8.0,1.0,34129,M,4357452.0,387565.0,34
201700026197,17,6,2,840,1,2,3,1.0,7.0,34129,M,4356850.0,390802.0,34
201700026198,17,6,8,1710,1,2,1,1.0,1.0,34172,M,4360640.0,383708.0,34
201700026199,17,6,8,1650,1,1,1,1.0,3.0,34172,M,4362518.0,383573.0,34
201700026200,17,6,9,1552,1,2,1,1.0,3.0,34172,M,4361524.0,383988.0,34
201700026201,17,6,11,2300,3,1,1,1.0,1.0,34198,M,4356567.0,395754.0,34
201700026202,17,6,12,1430,1,2,1,1.0,4.0,34172,M,4362679.0,385936.0,34
201700026203,17,6,13,1930,1,2,1,1.0,3.0,34172,M,4359669.0,384496.0,34
201700026204,17,6,13,2335,5,2,3,1.0,3.0,34172,M,4359357.0,386011.0,34
201700026205,17,6,14,39,5,2,1,1.0,6.0,34172,M,4363120.0,384090.0,34
201700026206,17,6,14,1350,1,2,1,1.0,6.0,34172,M,4360658.0,387619.0,34
201700026207,17,6,14,1930,1,2,1,1.0,3.0,34172,M,4360257.0,389886.0,34
201700026208,17,6,15,740,1,2,9,1.0,1.0,34172,M,4361912.0,388650.0,34
201700026209,17,6,15,1540,1,2,3,1.0,3.0,34172,M,4360905.0,383981.0,34
201700026210,17,6,16,1200,1,2,1,1.0,6.0,34172,M,4361113.0,387209.0,34
201700026211,17,6,16,1330,1,2,2,1.0,5.0,34172,M,4360875.0,385250.0,34
201700026212,17,6,19,1815,1,2,1,1.0,3.0,34172,M,4360247.0,386799.0,34
201700026213,17,6,20,800,1,2,2,1.0,7.0,34172,M,4363880.0,384750.0,34
201700026214,17,6,22,1640,1,2,3,1.0,3.0,34129,M,4358632.0,392227.0,34
201700026215,17,6,23,1130,1,2,1,1.0,1.0,34172,M,4361450.0,388306.0,34
201700026216,17,6,25,1950,1,2,1,1.0,1.0,34172,M,4362418.0,385235.0,34
201700026217,17,6,27,1000,1,2,1,1.0,3.0,34172,M,4362694.0,386961.0,34
201700026218,17,6,27,1645,1,2,1,1.0,3.0,34172,M,4360523.0,386494.0,34
201700026219,17,6,30,1030,1,2,1,1.0,2.0,34172,M,4361069.0,389868.0,34
201700026220,17,6,30,1445,1,2,1,1.0,2.0,34172,M,4359655.0,389447.0,34
201700026221,17,7,1,1308,1,2,1,1.0,2.0,34172,M,4361118.0,382971.0,34
201700026222,17,7,3,930,1,2,1,1.0,2.0,34172,M,4359665.0,384487.0,34
201700026223,17,7,5,900,1,2,1,1.0,6.0,34172,M,4358820.0,388903.0,34
201700026224,17,7,5,2050,2,2,1,1.0,3.0,34172,M,4362497.0,386126.0,34
201700026225,17,7,6,2120,2,2,2,1.0,6.0,34172,M,4360702.0,388073.0,34
201700026226,17,7,7,1415,1,2,1,1.0,4.0,34172,M,4360910.0,385727.0,34
201700026227,17,7,9,118,5,2,1,1.0,6.0,34172,M,4360916.0,391436.0,34
201700026228,17,7,12,1730,1,2,1,1.0,2.0,34172,M,4362938.0,382231.0,34
201700026229,17,7,13,2005,1,2,1,1.0,3.0,34172,M,4362832.0,381955.0,34
201700026230,17,7,15,315,5,2,7,1.0,3.0,34172,M,4360007.0,386786.0,34
201700026231,17,7,16,905,1,2,1,1.0,3.0,34172,M,4361622.0,384117.0,34
201700026232,17,7,16,1710,1,2,1,7.0,2.0,34172,M,4360809.0,391304.0,34
201700026233,17,7,17,1355,1,2,9,1.0,7.0,34172,M,4359121.0,385752.0,34
201700026234,17,7,21,1950,1,2,1,1.0,3.0,34172,M,4359606.0,384466.0,34
201700026235,17,7,24,1605,1,2,1,1.0,7.0,34172,M,4359616.0,384445.0,34
201700026236,17,7,29,1910,1,2,1,1.0,5.0,34172,M,4361236.0,386831.0,34
201700026237,17,7,31,1245,1,2,1,1.0,1.0,34129,M,4357190.0,389512.0,34
201700026238,17,7,31,1950,1,2,1,1.0,3.0,34172,M,4359668.0,384505.0,34
201700026239,17,8,4,10,3,1,1,1.0,7.0,34129,M,4358438.0,390873.0,34
201700026240,17,8,4,1700,1,2,3,1.0,2.0,34172,M,4361291.0,393700.0,34
201700026241,17,8,5,2345,5,2,3,1.0,2.0,34172,M,4358530.0,385990.0,34
201700026242,17,8,6,1930,1,2,1,1.0,3.0,34172,M,4363757.0,383559.0,34
201700026243,17,8,9,10,5,2,1,1.0,5.0,34172,M,4361018.0,383494.0,34
201700026244,17,8,9,1600,1,2,1,1.0,5.0,34172,M,4360217.0,386698.0,34
201700026245,17,8,12,335,5,2,1,1.0,6.0,34172,M,4361460.0,390765.0,34
201700026246,17,8,12,750,1,2,1,1.0,1.0,34172,M,4361266.0,382702.0,34
201700026247,17,8,15,2238,5,2,3,1.0,3.0,34172,M,4360150.0,385176.0,34
201700026248,17,8,18,1915,1,2,1,2.0,3.0,34172,M,4358330.0,388729.0,34
201700026249,17,8,22,1955,2,2,2,1.0,3.0,34172,M,4363952.0,382833.0,34
201700026250,17,8,28,1850,1,1,1,1.0,7.0,34129,M,4354521.0,389578.0,34
201700026251,17,9,1,1245,1,2,3,1.0,3.0,34172,M,4361219.0,388947.0,34
201700026252,17,9,2,640,2,2,1,1.0,2.0,34172,M,4362909.0,385688.0,34
201700026253,17,9,3,1956,2,2,1,1.0,2.0,34172,M,4362322.0,381214.0,34
201700026254,17,9,5,745,1,2,1,1.0,3.0,34172,M,4360035.0,384074.0,34
201700026255,17,9,6,1215,1,2,1,1.0,1.0,34172,M,4361443.0,388378.0,34
201700026256,17,9,7,1430,1,2,3,1.0,3.0,34172,M,4359310.0,386970.0,34
201700026257,17,9,8,900,1,2,1,1.0,1.0,34172,M,4361523.0,381744.0,34
201700026258,17,9,10,1930,2,2,2,1.0,3.0,34172,M,4359791.0,387115.0,34
201700026259,17,9,12,1930,2,2,1,1.0,2.0,34172,M,4361021.0,383486.0,34
201700026260,17,9,13,1510,1,2,1,1.0,2.0,34172,M,4362637.0,385975.0,34
201700026261,17,9,14,930,1,2,7,8.0,3.0,34172,M,4361719.0,385433.0,34
201700026262,17,9,14,935,1,2,1,8.0,6.0,34172,M,4362214.0,388180.0,34
201700026263,17,9,15,1100,1,2,1,1.0,7.0,34172,M,4361115.0,386449.0,34
201700026264,17,8,2,340,5,2,1,1.0,2.0,34172,M,4361290.0,383890.0,34
201700026265,17,9,16,355,5,2,3,1.0,3.0,34172,M,4360100.0,388460.0,34
201700026266,17,9,16,1605,1,2,9,1.0,3.0,34172,M,4361557.0,381954.0,34
201700026267,17,9,17,1155,1,1,1,1.0,3.0,34198,M,4355924.0,393634.0,34
201700026268,17,8,14,545,5,1,1,1.0,6.0,34129,M,4357901.0,389796.0,34
201700026269,17,9,18,745,1,2,1,2.0,7.0,34172,M,4360339.0,388250.0,34
201700026270,17,9,18,745,1,2,1,2.0,2.0,34172,M,4363057.0,382246.0,34
201700026271,17,9,18,930,1,2,1,2.0,7.0,34172,M,4358987.0,385704.0,34
201700026272,17,9,18,1135,1,2,1,2.0,1.0,34172,M,4360868.0,382042.0,34
201700026273,17,9,19,1835,1,2,1,1.0,3.0,34172,M,4361695.0,384219.0,34
201700026274,17,9,20,1500,1,2,1,1.0,7.0,34172,M,4359062.0,385626.0,34
201700026275,17,9,20,1600,1,2,1,1.0,3.0,34172,M,4358675.0,385289.0,34
201700026276,17,9,21,1340,1,2,3,1.0,3.0,34172,M,4359926.0,384702.0,34
201700026277,17,9,24,940,1,2,1,1.0,3.0,34172,M,4362947.0,382237.0,34
201700026278,17,9,23,1940,1,2,1,1.0,7.0,34172,M,4362456.0,381967.0,34
201700026279,17,9,22,1100,1,2,2,1.0,3.0,34172,M,4360119.0,382828.0,34
201700026280,17,9,26,1405,1,2,1,1.0,6.0,34129,M,4358113.0,389836.0,34
201700026281,17,9,29,125,5,2,1,1.0,6.0,34172,M,4360560.0,386485.0,34
201700026282,17,10,2,1530,1,2,1,1.0,7.0,34172,M,4359694.0,388656.0,34
201700026283,17,10,5,1120,1,2,1,1.0,6.0,34172,M,4360559.0,387565.0,34
201700026284,17,10,6,1007,1,2,1,1.0,6.0,34172,M,4363915.0,385427.0,34
201700026285,17,10,8,1628,1,2,1,1.0,6.0,34172,M,4360016.0,389621.0,34
201700026286,17,10,8,1940,5,2,1,1.0,3.0,34172,M,4362436.0,386270.0,34
201700026287,17,10,5,2025,5,2,6,1.0,3.0,34172,M,4360613.0,389835.0,34
201700026288,17,10,9,850,1,2,1,1.0,3.0,34172,M,4364082.0,384769.0,34
201700026289,17,10,9,1345,1,1,2,1.0,1.0,34129,M,4359084.0,390842.0,34
201700026290,17,10,8,1050,1,2,2,1.0,6.0,34172,M,4363880.0,385064.0,34
201700026291,17,10,13,1720,1,2,1,1.0,6.0,34172,M,4361358.0,384006.0,34
201700026292,17,10,12,1845,1,2,1,1.0,1.0,34172,M,4361489.0,385371.0,34
201700026293,17,10,16,1745,1,2,2,1.0,6.0,34172,M,4362639.0,386614.0,34
201700026294,17,10,17,1210,1,2,1,1.0,6.0,34129,M,4358568.0,392900.0,34
201700026295,17,10,19,2200,5,2,1,8.0,3.0,34172,M,4363440.0,384804.0,34
201700026296,17,10,20,1550,1,2,1,1.0,2.0,34172,M,4363052.0,384215.0,34
201700026297,17,10,20,2139,5,2,2,1.0,3.0,34172,M,4360022.0,389455.0,34
201700026298,17,10,20,2150,5,2,1,1.0,3.0,34172,M,4362690.0,386961.0,34
201700026299,17,10,25,1630,1,2,1,1.0,3.0,34198,M,4357837.0,393701.0,34
201700026300,17,10,25,2314,5,2,2,1.0,3.0,34172,M,4360496.0,386993.0,34
201700026301,17,10,26,1307,1,2,1,1.0,6.0,34172,M,4358283.0,385780.0,34
201700026302,17,10,26,1705,1,2,1,1.0,2.0,34172,M,4360206.0,391675.0,34
201700026303,17,10,28,145,5,2,4,1.0,3.0,34172,M,4357936.0,387860.0,34
201700026304,17,10,28,820,1,2,3,1.0,3.0,34172,M,4360038.0,386746.0,34
201700026305,17,10,31,1840,3,2,1,1.0,3.0,34172,M,4361137.0,382865.0,34
201700026306,17,11,1,450,5,2,2,1.0,3.0,34172,M,4360699.0,389041.0,34
201700026307,17,10,27,1700,1,2,1,1.0,2.0,34172,M,4359806.0,387393.0,34
201700026308,17,11,3,830,1,2,1,1.0,3.0,34172,M,4360815.0,390636.0,34
201700026309,17,11,3,1830,5,2,2,8.0,6.0,34198,M,4357781.0,393536.0,34
201700026310,17,11,5,2255,5,2,1,1.0,3.0,34172,M,4360904.0,384054.0,34
201700026311,17,11,8,2215,5,2,3,1.0,6.0,34172,M,4360320.0,390973.0,34
201700026312,17,11,10,910,1,2,3,1.0,1.0,34172,M,4361527.0,387747.0,34
201700026313,17,10,28,800,2,2,3,8.0,3.0,34172,M,4361145.0,385893.0,34
201700026314,17,11,8,1235,1,2,1,1.0,7.0,34172,M,4359506.0,388827.0,34
201700026315,17,11,11,1430,1,2,1,1.0,4.0,34172,M,4359475.0,384938.0,34
201700026316,17,11,12,615,5,1,1,1.0,2.0,34129,M,4356284.0,389399.0,34
201700026317,17,11,13,1510,1,2,1,1.0,3.0,34172,M,4359743.0,386419.0,34
201700026318,17,11,14,1520,1,2,1,1.0,3.0,34172,M,4360408.0,386513.0,34
201700026319,17,11,16,820,1,2,3,1.0,3.0,34172,M,4359988.0,388079.0,34
201700026320,17,11,16,900,1,2,1,1.0,1.0,34172,M,4360281.0,386353.0,34
201700026321,17,11,17,845,1,2,1,1.0,4.0,34172,M,4361277.0,384631.0,34
201700026322,17,11,19,500,5,2,1,1.0,7.0,34172,M,4361619.0,382056.0,34
201700026323,17,11,19,1840,3,2,1,1.0,7.0,34172,M,4360516.0,385992.0,34
201700026324,17,11,20,1105,1,2,6,1.0,3.0,34172,M,4360884.0,391342.0,34
201700026325,17,11,25,1540,1,2,1,7.0,6.0,34172,M,4361417.0,389035.0,34
201700026326,17,11,25,1810,5,2,1,1.0,7.0,34172,M,4360209.0,386643.0,34
201700026327,17,11,27,1600,1,2,3,1.0,3.0,34172,M,4361159.0,385989.0,34
201700026328,17,11,29,1710,5,2,1,1.0,6.0,34172,M,4361994.0,384999.0,34
201700026329,17,12,2,2254,5,2,1,1.0,6.0,34172,M,4360021.0,386807.0,34
201700026330,17,12,5,1200,1,2,1,1.0,6.0,34198,M,4357767.0,393549.0,34
201700026331,17,12,5,1710,2,2,1,1.0,3.0,34172,M,4361826.0,384456.0,34
201700026332,17,12,10,510,5,2,1,2.0,6.0,34172,M,4359976.0,389391.0,34
201700026333,17,12,12,1745,5,2,1,1.0,3.0,34172,M,4365573.0,384391.0,34
201700026334,17,12,12,1710,5,2,1,1.0,6.0,34172,M,4363436.0,384933.0,34
201700026335,17,12,13,1725,5,2,1,1.0,4.0,34172,M,4359853.0,388914.0,34
201700026336,17,12,14,1545,1,2,3,1.0,3.0,34172,M,4363426.0,387689.0,34
201700026337,17,12,15,2030,5,2,1,1.0,7.0,34198,M,4355841.0,395496.0,34
201700026338,17,12,17,125,5,2,3,1.0,3.0,34172,M,4362398.0,386217.0,34
201700026339,17,12,18,1030,1,2,3,2.0,3.0,34172,M,4360443.0,387366.0,34
201700026340,17,12,18,1130,1,2,2,2.0,3.0,34172,M,4360152.0,386870.0,34
201700026341,17,12,20,1,5,2,1,1.0,7.0,34172,M,4359957.0,387481.0,34
201700026342,17,12,21,2,3,2,1,1.0,6.0,34198,M,4355755.0,396408.0,34
201700026343,17,12,24,1700,2,2,1,1.0,3.0,34172,M,4358217.0,386353.0,34
201700026344,17,12,26,1628,1,2,3,8.0,6.0,34172,M,4360681.0,385806.0,34
201700026345,17,12,27,1803,2,2,1,1.0,6.0,34172,M,4358718.0,388950.0,34
201700026346,17,12,31,1655,1,2,1,8.0,6.0,34172,M,4362152.0,387506.0,34
201700026347,17,1,3,910,1,2,1,1.0,3.0,34301,M,4340959.0,369419.0,34
201700026348,17,11,14,1355,1,2,1,1.0,7.0,34301,M,4341100.0,367890.0,34
201700026349,17,1,6,515,5,2,3,1.0,3.0,34301,M,4340931.0,367331.0,34
201700026350,17,11,14,1750,2,2,3,1.0,3.0,34301,M,4330000.0,330000.0,34
201700026351,17,1,7,2310,5,2,1,1.0,6.0,34108,M,4345722.0,376259.0,34
201700026352,17,11,28,1645,1,2,1,1.0,7.0,34108,M,4343390.0,373640.0,34
201700026353,17,2,16,710,2,1,1,5.0,1.0,34108,M,4343596.0,371952.0,34
201700026354,17,2,19,150,3,1,3,1.0,3.0,34108,M,4342396.0,370825.0,34
201700026355,17,3,1,1620,1,1,1,1.0,5.0,34108,M,4344870.0,376206.0,34
201700026356,17,3,19,1400,1,1,1,1.0,1.0,34108,M,4346785.0,376605.0,34
201700026357,17,4,6,1435,1,2,1,1.0,6.0,34301,M,,,34
201700026358,17,4,10,1455,1,2,1,1.0,5.0,34301,M,4339615.0,366921.0,34
201700026359,17,4,14,800,1,2,1,1.0,3.0,34301,M,4341123.0,369238.0,34
201700026360,17,5,9,1625,1,1,3,1.0,2.0,34108,M,4343346.0,370232.0,34
201700026361,17,5,13,1235,1,1,2,1.0,1.0,34301,M,4339587.0,365913.0,34
201700026362,17,5,17,630,1,1,1,1.0,3.0,34108,M,4343620.0,375975.0,34
201700026363,17,5,21,45,3,1,3,1.0,2.0,34301,M,4341643.0,370635.0,34
201700026364,17,5,22,1720,1,1,1,1.0,5.0,34108,M,4342070.0,376620.0,34
201700026365,17,6,29,1430,1,1,1,1.0,1.0,34301,M,4339016.0,365049.0,34
201700026366,17,7,4,142,5,2,1,1.0,2.0,34301,M,4340681.0,368436.0,34
201700026367,17,7,30,1745,1,1,1,1.0,6.0,34301,M,4342012.0,371744.0,34
201700026368,17,9,15,935,1,2,1,1.0,6.0,34301,M,4341255.0,368539.0,34
201700026369,17,9,20,1400,1,2,1,1.0,7.0,34301,M,4340725.0,370376.0,34
201700026370,17,9,20,1745,1,1,1,1.0,6.0,34108,M,4343788.0,376109.0,34
201700026371,17,9,23,1105,1,1,1,1.0,3.0,34108,M,4342361.0,371218.0,34
201700026372,17,9,24,1225,1,2,1,1.0,3.0,34301,M,4340493.0,369211.0,34
201700026373,17,10,9,1825,1,1,1,1.0,1.0,34108,M,4330000.0,330000.0,34
201700026374,17,1,17,1020,1,2,1,1.0,6.0,35115,M,4835221.0,-119692.0,35
201700026375,17,1,26,1800,2,2,3,1.0,6.0,35115,M,4835038.0,-119662.0,35
201700026376,17,2,9,1130,1,2,6,1.0,6.0,35115,M,4835662.0,-120452.0,35
201700026377,17,3,2,1515,1,2,1,1.0,1.0,35115,M,4835347.0,-121183.0,35
201700026378,17,4,28,1320,1,2,1,1.0,6.0,35115,M,4834530.0,-119420.0,35
201700026379,17,5,7,1730,1,2,1,1.0,7.0,35150,M,4837577.0,-121245.0,35
201700026380,17,5,9,755,1,1,2,1.0,3.0,35150,M,4835503.0,-123035.0,35
201700026381,17,5,22,2005,1,2,1,1.0,3.0,35115,M,4836270.0,-118886.0,35
201700026382,17,6,8,2345,5,2,1,1.0,2.0,35115,M,4836017.0,-119150.0,35
201700026383,17,6,23,1640,1,1,1,1.0,7.0,35150,M,4836883.0,-119349.0,35
201700026384,17,6,25,420,4,2,6,1.0,6.0,35150,M,4836801.0,-121440.0,35
201700026385,17,8,22,2120,5,2,1,1.0,2.0,35150,M,4835236.0,-123420.0,35
201700026386,17,8,28,1545,1,2,1,1.0,6.0,35150,M,4835282.0,-122368.0,35
201700026387,17,10,18,740,5,2,1,2.0,6.0,35115,M,4836210.0,-120800.0,35
201700026388,17,10,23,1610,1,2,3,2.0,6.0,35115,M,4834968.0,-120219.0,35
201700026389,17,10,23,730,5,2,1,2.0,3.0,35115,M,4835408.0,-118652.0,35
201700026390,17,10,28,1938,5,1,1,1.0,2.0,35150,M,4836435.0,-122919.0,35
201700026391,17,11,7,1815,5,2,1,2.0,6.0,35115,M,4836205.0,-118942.0,35
201700026392,17,10,25,1203,1,2,1,1.0,2.0,35150,M,4835320.0,-122120.0,35
201700026393,17,11,7,1850,2,2,1,2.0,6.0,35115,M,4834617.0,-118857.0,35
201700026394,17,11,28,1010,1,2,1,2.0,6.0,35115,M,4835292.0,-120033.0,35
201700026395,17,12,28,1908,5,2,1,1.0,6.0,35238,M,4808373.0,-167704.0,35
201700026396,17,12,11,820,5,2,2,3.0,6.0,35278,M,4815156.0,-168347.0,35
201700026397,17,12,11,1810,5,2,6,2.0,6.0,35238,M,4808948.0,-168278.0,35
201700026398,17,12,11,1219,1,2,3,2.0,3.0,35051,M,4811774.0,-163217.0,35
201700026399,17,12,12,2023,5,2,2,1.0,3.0,35238,M,4810354.0,-169398.0,35
201700026400,17,12,13,1929,3,1,1,2.0,4.0,35238,M,4813101.0,-170963.0,35
201700026401,17,12,13,1353,1,2,3,8.0,3.0,35281,M,4808121.0,-172722.0,35
201700026402,17,12,15,735,5,1,1,8.0,6.0,35238,M,4810492.0,-171696.0,35
201700026403,17,12,15,1250,1,1,1,8.0,2.0,35238,M,4813990.0,-169580.0,35
201700026404,17,12,17,1537,1,1,1,1.0,3.0,35352,M,4808058.0,-163667.0,35
201700026405,17,12,18,1945,5,2,1,1.0,3.0,35238,M,4809199.0,-169175.0,35
201700026406,17,12,20,1234,1,2,1,1.0,7.0,35238,M,4812098.0,-166430.0,35
201700026407,17,12,20,1025,1,2,1,1.0,6.0,35238,M,4810425.0,-167724.0,35
201700026408,17,12,20,1944,5,2,3,1.0,3.0,35238,M,4810902.0,-169009.0,35
201700026409,17,12,21,845,1,1,1,2.0,2.0,35238,M,4812069.0,-172291.0,35
201700026410,17,12,21,805,3,2,1,2.0,6.0,35238,M,4812014.0,-171349.0,35
201700026411,17,12,21,1226,1,1,1,2.0,2.0,35051,M,4814011.0,-162971.0,35
201700026412,17,12,21,1740,3,1,1,8.0,3.0,35238,M,4809231.0,-162622.0,35
201700026413,17,12,22,838,2,2,2,1.0,6.0,35238,M,4810165.0,-167642.0,35
201700026414,17,12,22,1620,1,1,1,1.0,2.0,35278,M,4813797.0,-170122.0,35
201700026415,17,12,26,1441,1,2,1,2.0,6.0,35238,M,4810933.0,-167819.0,35
201700026416,17,1,1,1030,1,1,1,8.0,6.0,35278,M,4813982.0,-169570.0,35
201700026417,17,12,27,1600,1,1,1,1.0,2.0,35238,M,4812587.0,-172445.0,35
201700026418,17,1,2,1202,1,1,1,5.0,4.0,35051,M,4811025.0,-159006.0,35
201700026419,17,12,26,2040,5,2,1,2.0,2.0,35238,M,4810998.0,-169883.0,35
201700026420,17,1,2,1355,1,2,2,8.0,3.0,35238,M,4808365.0,-167451.0,35
201700026421,17,12,28,1511,1,2,1,1.0,2.0,35281,M,4809126.0,-169223.0,35
201700026422,17,1,4,2132,5,2,2,1.0,3.0,35238,M,4809809.0,-165567.0,35
201700026423,17,12,29,1458,1,2,7,8.0,6.0,35238,M,4810981.0,-168018.0,35
201700026424,17,1,5,1150,1,2,1,1.0,7.0,35238,M,4810547.0,-167388.0,35
201700026425,17,12,29,1939,5,2,1,2.0,6.0,35238,M,4810431.0,-171055.0,35
201700026426,17,1,6,515,3,2,1,1.0,6.0,35051,M,4813316.0,-162129.0,35
201700026427,17,12,30,1305,1,1,1,6.0,7.0,35238,M,4808325.0,-164543.0,35
201700026428,17,1,6,255,5,2,3,1.0,6.0,35238,M,4810575.0,-167291.0,35
201700026429,17,12,31,1404,1,2,6,2.0,7.0,35281,M,4808236.0,-171139.0,35
201700026430,17,1,16,1230,1,1,1,2.0,5.0,35055,M,4809373.0,-162359.0,35
201700026431,17,1,16,1254,1,2,2,8.0,3.0,35238,M,4809470.0,-169022.0,35
201700026432,17,1,9,1750,3,1,1,2.0,4.0,35278,M,4815640.0,-170321.0,35
201700026433,17,1,11,856,1,1,1,8.0,2.0,35206,M,4807978.0,-168452.0,35
201700026434,17,1,11,1731,5,2,1,1.0,3.0,35238,M,4808711.0,-166100.0,35
201700026435,17,1,13,1147,1,2,1,1.0,6.0,35051,M,4811836.0,-160492.0,35
201700026436,17,1,14,1521,1,1,1,1.0,5.0,35238,M,4809725.0,-171285.0,35
201700026437,17,1,14,1445,1,1,3,2.0,3.0,35055,M,4808770.0,-162481.0,35
201700026438,17,1,14,1915,3,1,1,1.0,7.0,35238,M,4807926.0,-168978.0,35
201700026439,17,1,14,2035,5,2,1,8.0,1.0,35238,M,4811016.0,-168334.0,35
201700026440,17,1,16,1836,5,2,6,2.0,6.0,35238,M,4812478.0,-163336.0,35
201700026441,17,1,18,1440,1,2,2,1.0,3.0,35238,M,4811175.0,-168026.0,35
201700026442,17,1,19,1144,1,2,1,1.0,3.0,35055,M,4809197.0,-162826.0,35
201700026443,17,1,20,1012,1,2,9,1.0,6.0,35238,M,4809200.0,-167869.0,35
201700026444,17,1,20,1214,1,2,3,1.0,5.0,35238,M,4809464.0,-163414.0,35
201700026445,17,1,21,2318,5,2,2,1.0,1.0,35238,M,4809726.0,-165785.0,35
201700026446,17,1,21,2339,4,1,1,1.0,4.0,35281,M,4808569.0,-169982.0,35
201700026447,17,1,28,2350,5,2,1,1.0,1.0,35238,M,4811498.0,-167924.0,35
201700026448,17,1,22,1420,1,1,1,1.0,3.0,35278,M,4814048.0,-169212.0,35
201700026449,17,1,24,736,5,2,3,1.0,3.0,35238,M,4811325.0,-169621.0,35
201700026450,17,1,24,1440,1,2,6,1.0,3.0,35238,M,4808951.0,-168256.0,35
201700026451,17,1,24,1808,3,1,1,1.0,4.0,35238,M,4810513.0,-171703.0,35
201700026452,17,1,25,1931,5,2,2,1.0,3.0,35238,M,4809867.0,-169455.0,35
201700026453,17,1,27,1840,3,2,6,8.0,3.0,35051,M,4811435.0,-161032.0,35
201700026454,17,1,27,1143,1,2,3,1.0,4.0,35238,M,4811622.0,-170820.0,35
201700026455,17,1,27,1244,1,1,3,2.0,3.0,35281,M,4806740.0,-171442.0,35
201700026456,17,1,28,1636,1,2,2,1.0,3.0,35238,M,4810941.0,-168918.0,35
201700026457,17,1,28,2020,5,2,1,8.0,6.0,35238,M,4811613.0,-171812.0,35
201700026458,17,2,13,1745,1,2,6,1.0,3.0,35238,M,4808191.0,-167512.0,35
201700026459,17,1,29,545,5,2,1,1.0,6.0,35238,M,4810179.0,-171033.0,35
201700026460,17,1,30,914,1,2,1,3.0,3.0,35238,M,4811549.0,-170815.0,35
201700026461,17,1,30,1115,1,1,1,2.0,7.0,35051,M,4814291.0,-162160.0,35
201700026462,17,1,30,815,1,1,6,2.0,1.0,35051,M,4810272.0,-160909.0,35
201700026463,17,1,30,2218,5,2,2,2.0,3.0,35238,M,4809725.0,-165782.0,35
201700026464,17,2,1,1935,3,1,1,1.0,4.0,35238,M,4810631.0,-171701.0,35
201700026465,17,2,1,842,1,1,1,2.0,2.0,35278,M,4814238.0,-165462.0,35
201700026466,17,2,2,1305,1,2,3,2.0,3.0,35238,M,4809891.0,-164511.0,35
201700026467,17,2,2,1545,1,2,1,2.0,6.0,35238,M,4810268.0,-166244.0,35
201700026468,17,2,2,1120,1,1,1,8.0,2.0,35051,M,4811313.0,-158183.0,35
201700026469,17,2,3,1330,1,1,4,2.0,2.0,35281,M,4806743.0,171434.0,35
201700026470,17,2,4,1523,1,1,3,1.0,3.0,35281,M,4806743.0,-171440.0,35
201700026471,17,2,4,2210,5,2,1,2.0,3.0,35051,M,4811419.0,-161751.0,35
201700026472,17,2,6,900,1,1,1,1.0,2.0,35051,M,4811419.0,-155637.0,35
201700026473,17,2,18,258,5,2,1,1.0,6.0,35238,M,4810816.0,-169533.0,35
201700026474,17,2,5,1400,1,1,1,3.0,2.0,35238,M,4813721.0,-170297.0,35
201700026475,17,2,6,1827,3,1,1,2.0,2.0,35238,M,4808171.0,-169706.0,35