Num_Acc,an,mois,jour,hrmn,lum,agg,int,atm,col,com,gps,lat,long,dep
201700026476,17,2,7,1730,1,2,6,8.0,3.0,35238,M,4811862.0,-165560.0,35
201700026477,17,2,7,1919,5,2,2,1.0,6.0,35238,M,4809803.0,-165569.0,35
201700026478,17,2,7,1800,3,2,9,1.0,3.0,35281,M,4808774.0,-170599.0,35
201700026479,17,2,7,1807,5,1,9,2.0,6.0,35278,M,4813838.0,-168442.0,35
201700026480,17,2,8,1550,1,2,3,1.0,2.0,35238,M,4811188.0,-169109.0,35
201700026481,17,2,8,1645,1,2,3,1.0,3.0,35238,M,4810074.0,-165892.0,35
201700026482,17,1,24,755,1,2,2,1.0,2.0,35238,M,4810780.0,-171531.0,35
201700026483,17,2,8,2000,5,2,6,1.0,6.0,35278,M,4813476.0,-169350.0,35
201700026484,17,2,9,1350,1,2,3,1.0,3.0,35238,M,4810187.0,-168428.0,35
201700026485,17,2,9,835,1,2,2,1.0,3.0,35238,M,4811574.0,-164839.0,35
201700026486,17,2,9,1245,1,2,1,1.0,6.0,35278,M,4813748.0,-168823.0,35
201700026487,17,2,14,1825,1,2,1,1.0,2.0,35238,M,4808022.0,-168075.0,35
201700026488,17,2,14,1725,1,2,1,1.0,6.0,35238,M,4810398.0,-166332.0,35
201700026489,17,2,15,1625,1,2,1,1.0,2.0,35281,M,4808569.0,-169539.0,35
201700026490,17,2,16,800,1,2,1,1.0,3.0,35238,M,4811988.0,-164331.0,35
201700026491,17,2,17,320,5,2,1,1.0,6.0,35238,M,4810885.0,-165429.0,35
201700026492,17,2,18,1325,1,2,1,1.0,2.0,35051,M,4811064.0,-158881.0,35
201700026493,17,2,24,1930,5,2,1,1.0,4.0,35238,M,4811740.0,-171948.0,35
201700026494,17,2,24,1845,5,2,1,1.0,1.0,35051,M,4811590.0,-160059.0,35
201700026495,17,2,28,940,1,2,1,1.0,7.0,35051,M,4811406.0,-163322.0,35
201700026496,17,3,15,1930,1,2,9,1.0,3.0,35238,M,4810389.0,-171638.0,35
201700026497,17,3,1,1215,1,2,1,8.0,6.0,35238,M,4812545.0,-166238.0,35
201700026498,17,3,1,1410,1,2,1,2.0,6.0,35238,M,4811395.0,-164581.0,35
201700026499,17,3,1,1915,5,2,5,1.0,6.0,35238,M,4809726.0,-165787.0,35
201700026500,17,3,2,500,5,2,2,1.0,3.0,35238,M,4811249.0,-166623.0,35
201700026501,17,3,2,635,5,2,4,1.0,1.0,35238,M,4812065.0,-167203.0,35
201700026502,17,3,2,700,1,2,1,1.0,3.0,35051,M,4810775.0,-161470.0,35
201700026503,17,3,3,915,1,2,1,2.0,7.0,35353,M,4812720.0,-174241.0,35
201700026504,17,3,3,1750,1,2,2,1.0,3.0,35238,M,4810354.0,-169398.0,35
201700026505,17,3,6,719,1,2,1,2.0,7.0,35051,M,4813812.0,-157826.0,35
201700026506,17,3,6,920,1,2,1,6.0,7.0,35238,M,4807683.0,-167511.0,35
201700026507,17,3,6,2120,5,2,1,1.0,3.0,35055,M,4809734.0,-162015.0,35
201700026508,17,3,8,1630,1,2,2,1.0,3.0,35238,M,4809770.0,-166870.0,35
201700026509,17,3,10,810,1,1,1,1.0,5.0,35055,M,4807883.0,-159700.0,35
201700026510,17,3,10,2156,5,2,3,1.0,3.0,35238,M,4808961.0,-164463.0,35
201700026511,17,3,8,1800,1,2,1,1.0,3.0,35238,M,4812092.0,-166198.0,35
201700026512,17,1,18,1740,1,2,6,1.0,2.0,35238,M,4809290.0,-164006.0,35
201700026513,17,3,11,2000,5,2,6,1.0,3.0,35051,M,4811167.0,-162104.0,35
201700026514,17,3,12,715,5,2,1,1.0,6.0,35238,M,4809739.0,-163427.0,35
201700026515,17,3,14,734,1,2,1,1.0,7.0,35238,M,4810985.0,-167329.0,35
201700026516,17,3,15,106,3,2,2,1.0,6.0,35238,M,4809975.0,-168318.0,35
201700026517,17,3,15,1850,1,2,1,1.0,7.0,35238,M,4812399.0,-166814.0,35
201700026518,17,3,16,1927,1,2,3,1.0,3.0,35238,M,4812453.0,-168176.0,35
201700026519,17,3,17,1228,1,1,3,1.0,6.0,35238,M,4810668.0,-172954.0,35
201700026520,17,3,17,1331,1,2,3,1.0,3.0,35238,M,4812443.0,-170932.0,35
201700026521,17,3,17,1732,1,1,1,1.0,4.0,35051,M,4810613.0,-160066.0,35
201700026522,17,3,17,1930,3,2,1,1.0,2.0,35238,M,4814084.0,-169202.0,35
201700026523,17,3,21,2140,3,1,1,1.0,6.0,35238,M,4807894.0,-169172.0,35
201700026524,17,3,19,1438,1,2,1,1.0,3.0,35238,M,4810413.0,-168431.0,35
201700026525,17,3,17,2210,5,2,1,1.0,6.0,35281,M,4807908.0,-171264.0,35
201700026526,17,3,23,1726,1,2,1,1.0,2.0,35238,M,4809221.0,-164112.0,35
201700026527,17,3,25,1900,1,1,1,1.0,6.0,35238,M,4811735.0,-171961.0,35
201700026528,17,4,6,2306,3,2,4,1.0,2.0,35238,M,4810278.0,-171517.0,35
201700026529,17,3,26,1549,1,1,1,1.0,3.0,35238,M,4812412.0,-171714.0,35
201700026530,17,3,26,2030,2,2,2,1.0,3.0,35238,M,4810858.0,-169295.0,35
201700026531,17,3,27,1357,1,2,3,1.0,3.0,35238,M,4811886.0,-166415.0,35
201700026532,17,3,28,1220,1,2,1,1.0,6.0,35238,M,4810706.0,-169508.0,35
201700026533,17,3,29,1446,1,2,6,1.0,3.0,35238,M,4811160.0,-164654.0,35
201700026534,17,3,29,2011,1,2,1,8.0,7.0,35238,M,4808733.0,-166102.0,35
201700026535,17,3,30,1732,1,1,1,1.0,4.0,35238,M,4811730.0,-171980.0,35
201700026536,17,3,30,2140,5,2,2,1.0,3.0,35238,M,4811241.0,-168664.0,35
201700026537,17,3,31,104,5,2,1,1.0,3.0,35238,M,4810992.0,-169864.0,35
201700026538,17,3,20,916,1,2,2,1.0,2.0,35238,M,4810859.0,-169297.0,35
201700026539,17,3,31,834,1,2,1,1.0,2.0,35281,M,4807231.0,-170965.0,35
201700026540,17,3,31,1800,1,1,1,1.0,2.0,35238,M,4811459.0,-171898.0,35
201700026541,17,3,31,2310,3,1,1,1.0,7.0,35238,M,4808069.0,-167384.0,35
201700026542,17,4,18,2330,3,1,1,1.0,7.0,35281,M,4806130.0,-173266.0,35
201700026543,17,4,1,1135,1,1,6,1.0,3.0,35281,M,4808670.0,-170706.0,35
201700026544,17,4,2,2222,5,2,1,1.0,7.0,35238,M,4811098.0,-167863.0,35
201700026545,17,4,1,956,1,2,1,1.0,3.0,35238,M,4813178.0,-169360.0,35
201700026546,17,4,3,1305,1,2,1,1.0,2.0,35238,M,4811820.0,-171494.0,35
201700026547,17,4,3,1539,1,2,1,1.0,7.0,35238,M,4810858.0,-167680.0,35
201700026548,17,4,4,900,1,2,2,1.0,3.0,35238,M,4809819.0,-168828.0,35
201700026549,17,4,3,805,1,2,3,5.0,3.0,35238,M,4813263.0,-168362.0,35
201700026550,17,4,23,900,1,2,1,1.0,6.0,35238,M,4809351.0,-166949.0,35
201700026551,17,4,4,1745,1,2,1,1.0,3.0,35238,M,4810556.0,-165067.0,35
201700026552,17,4,6,545,4,2,2,1.0,3.0,35238,M,4810696.0,-167059.0,35
201700026553,17,4,6,1014,1,2,2,1.0,6.0,35238,M,4809133.0,-166751.0,35
201700026554,17,4,6,2124,5,2,1,1.0,7.0,35238,M,4810821.0,-168456.0,35
201700026555,17,4,6,1717,1,1,1,1.0,1.0,35051,M,4809944.0,-161364.0,35
201700026556,17,5,3,145,3,1,1,1.0,6.0,35238,M,4814228.0,-164720.0,35
201700026557,17,4,6,1924,1,2,2,1.0,1.0,35238,M,4808365.0,-167449.0,35
201700026558,17,4,7,1144,1,2,1,1.0,6.0,35238,M,4811027.0,-166844.0,35
201700026559,17,4,7,1612,1,2,3,1.0,6.0,35238,M,4811170.0,-165608.0,35
201700026560,17,4,8,1548,1,1,1,1.0,2.0,35238,M,4812515.0,-171626.0,35
201700026561,17,4,8,2104,5,2,1,1.0,7.0,35238,M,4809284.0,-168184.0,35
201700026562,17,4,9,1520,1,1,1,7.0,5.0,35278,M,4814567.0,-169859.0,35
201700026563,17,4,9,1220,1,1,1,1.0,4.0,35278,M,4816703.0,-171123.0,35
201700026564,17,4,11,1515,1,1,1,1.0,3.0,35051,M,4811405.0,-157924.0,35
201700026565,17,4,11,1900,1,2,1,1.0,6.0,35278,M,4813777.0,-168587.0,35
201700026566,17,4,11,1219,1,1,1,1.0,2.0,35238,M,4812200.0,-171936.0,35
201700026567,17,4,12,1740,1,2,6,1.0,3.0,35238,M,4812971.0,-163073.0,35
201700026568,17,4,16,1804,1,2,1,1.0,7.0,35238,M,4810853.0,-169621.0,35
201700026569,17,4,13,2015,1,2,3,1.0,3.0,35238,M,4810743.0,-167909.0,35
201700026570,17,4,16,18,3,1,1,1.0,7.0,35278,M,4817159.0,-171452.0,35
201700026571,17,4,18,51,5,2,1,1.0,6.0,35238,M,4811766.0,-171324.0,35
201700026572,17,4,18,1628,1,1,1,1.0,4.0,35238,M,4808183.0,-169678.0,35
201700026573,17,4,18,1351,1,1,6,1.0,6.0,35278,M,4813673.0,-169231.0,35
201700026574,17,4,19,1250,1,2,3,1.0,2.0,35238,M,4809832.0,-164378.0,35
201700026575,17,4,19,1400,1,2,1,1.0,6.0,35238,M,4811394.0,-169805.0,35
201700026576,17,5,14,145,3,1,1,8.0,2.0,35353,M,4812200.0,-172871.0,35
201700026577,17,4,19,1800,1,2,1,1.0,6.0,35238,M,4810922.0,-168998.0,35
201700026578,17,4,19,2150,5,2,2,1.0,3.0,35238,M,4809375.0,-167283.0,35
201700026579,17,4,20,1647,1,2,7,1.0,6.0,35238,M,4809139.0,-164101.0,35
201700026580,17,4,20,1743,1,1,6,1.0,3.0,35238,M,4808254.0,-164028.0,35
201700026581,17,4,20,121,5,2,2,1.0,6.0,35238,M,4812030.0,-170457.0,35
201700026582,17,4,21,1150,1,2,6,7.0,3.0,35238,M,4811636.0,-167101.0,35
201700026583,17,4,21,1945,1,2,3,1.0,3.0,35238,M,4808661.0,-167187.0,35
201700026584,17,4,24,809,1,2,3,1.0,3.0,35238,M,4811628.0,-166553.0,35
201700026585,17,4,24,1200,1,2,1,1.0,6.0,35238,M,4809114.0,-164875.0,35
201700026586,17,4,24,1540,1,1,1,1.0,6.0,35238,M,4814080.0,-169061.0,35
201700026587,17,4,26,1832,1,1,1,2.0,3.0,35281,M,4809325.0,-170615.0,35
201700026588,17,4,24,2020,1,2,1,1.0,6.0,35278,M,4813568.0,-169185.0,35
201700026589,17,4,27,2050,1,2,2,1.0,3.0,35238,M,4810879.0,-169357.0,35
201700026590,17,4,27,2201,5,2,1,1.0,6.0,35238,M,4810803.0,-169299.0,35
201700026591,17,4,28,1633,1,2,1,1.0,6.0,35051,M,4810761.0,-161791.0,35
201700026592,17,4,28,945,1,2,1,3.0,6.0,35051,M,4812685.0,-161600.0,35
201700026593,17,4,28,1816,1,1,1,1.0,4.0,35238,M,4811012.0,-171827.0,35
201700026594,17,4,29,1048,1,2,1,1.0,6.0,35238,M,4812020.0,-168271.0,35
201700026595,17,4,29,1239,1,1,1,1.0,6.0,35051,M,4811424.0,-157160.0,35
201700026596,17,4,29,1355,1,2,6,1.0,7.0,35281,M,4808223.0,-171147.0,35
201700026597,17,5,11,2345,5,2,2,1.0,3.0,35281,M,4809633.0,-169262.0,35
201700026598,17,5,2,602,1,1,1,1.0,7.0,35278,M,4815762.0,-170414.0,35
201700026599,17,5,3,1129,1,2,6,1.0,4.0,35238,M,4808119.0,-167499.0,35
201700026600,17,5,3,1831,1,2,1,1.0,3.0,35238,M,4812592.0,-166579.0,35
201700026601,17,5,3,1227,1,1,6,1.0,2.0,35051,M,4814013.0,-162848.0,35
201700026602,17,5,4,1016,1,1,1,1.0,3.0,35238,M,4813884.0,-169987.0,35
201700026603,17,5,4,1830,1,2,6,1.0,6.0,35281,M,4808688.0,-170694.0,35
201700026604,17,5,5,710,1,2,3,1.0,1.0,35238,M,4811066.0,-171605.0,35
201700026605,17,5,5,1807,1,1,1,1.0,2.0,35238,M,4814164.0,-166748.0,35
201700026606,17,5,6,1137,1,1,9,1.0,4.0,35278,M,4814679.0,-169871.0,35
201700026607,17,5,9,1303,1,2,2,1.0,3.0,35238,M,4808672.0,-167498.0,35
201700026608,17,5,21,1025,1,2,1,1.0,3.0,35238,M,4809687.0,-165890.0,35
201700026609,17,5,14,1920,1,1,1,1.0,2.0,35278,M,4814076.0,-168675.0,35
201700026610,17,5,15,914,1,2,3,1.0,6.0,35238,M,4810463.0,-164888.0,35
201700026611,17,5,15,1209,1,2,1,1.0,3.0,35278,M,4813808.0,-169738.0,35
201700026612,17,5,15,1323,1,2,1,1.0,7.0,35238,M,4812457.0,-170568.0,35
201700026613,17,5,16,1048,1,2,1,1.0,6.0,35238,M,4809593.0,-169235.0,35
201700026614,17,5,16,2018,1,2,1,1.0,2.0,35238,M,4809389.0,-167701.0,35
201700026615,17,5,17,1229,1,2,2,1.0,7.0,35238,M,4810983.0,-167409.0,35
201700026616,17,5,19,1710,1,1,6,1.0,2.0,35051,M,4810118.0,-160927.0,35
201700026617,17,5,17,1250,1,2,1,1.0,2.0,35238,M,4811218.0,-169179.0,35
201700026618,17,5,17,1835,1,1,9,2.0,2.0,35051,M,4813998.0,-163194.0,35
201700026619,17,5,19,815,1,2,1,1.0,6.0,35055,M,4808870.0,-162024.0,35
201700026620,17,5,11,1831,1,2,1,8.0,6.0,35238,M,4810984.0,-168207.0,35
201700026621,17,5,12,1234,1,1,1,8.0,4.0,35238,M,4811196.0,-163069.0,35
201700026622,17,6,9,1618,1,2,5,1.0,3.0,35238,M,4811464.0,-165709.0,35
201700026623,17,6,11,1940,1,2,6,1.0,2.0,35238,M,4811155.0,-164648.0,35
201700026624,17,5,19,835,1,2,1,1.0,6.0,35238,M,4810788.0,-171473.0,35
201700026625,17,5,19,900,1,2,1,1.0,3.0,35238,M,4811406.0,-163683.0,35
201700026626,17,5,19,1820,1,2,1,1.0,2.0,35051,M,4813386.0,-162938.0,35
201700026627,17,5,22,1420,1,2,2,1.0,2.0,35238,M,4809769.0,-167523.0,35
201700026628,17,5,24,1630,1,2,3,1.0,4.0,35238,M,4811199.0,-167512.0,35
201700026629,17,5,25,1820,1,2,2,1.0,6.0,35238,M,4809474.0,-169021.0,35
201700026630,17,5,25,1115,1,1,1,1.0,2.0,35278,M,4815136.0,-170002.0,35
201700026631,17,5,28,2035,1,2,2,1.0,3.0,35238,M,4808379.0,-167478.0,35
201700026632,17,5,28,1130,1,2,1,1.0,3.0,35238,M,4810895.0,-159353.0,35
201700026633,17,5,29,730,1,2,5,1.0,3.0,35238,M,4811629.0,-171391.0,35
201700026634,17,5,29,908,1,1,3,2.0,3.0,35238,M,4812541.0,-166086.0,35
201700026635,17,5,29,1850,1,2,1,1.0,6.0,35238,M,4812303.0,-170846.0,35
201700026636,17,5,31,1110,1,2,1,1.0,3.0,35238,M,4811111.0,-167466.0,35
201700026637,17,5,31,2000,1,2,6,1.0,3.0,35238,M,4811183.0,-164622.0,35
201700026638,17,5,13,2025,1,2,1,1.0,7.0,35238,M,4810150.0,-167275.0,35
201700026639,17,5,13,1118,1,2,1,1.0,7.0,35238,M,4811558.0,-170458.0,35
201700026640,17,6,1,528,3,1,1,1.0,7.0,35238,M,4813998.0,-163394.0,35
201700026641,17,6,1,1213,1,2,1,1.0,6.0,35238,M,4811959.0,-165803.0,35
201700026642,17,6,19,2151,2,1,1,1.0,7.0,35055,M,4808262.0,-164100.0,35
201700026643,17,6,1,1415,1,2,3,1.0,3.0,35238,M,4808356.0,-166107.0,35
201700026644,17,6,1,1924,1,2,6,1.0,6.0,35238,M,4810356.0,-171200.0,35
201700026645,17,6,2,1739,1,1,1,1.0,4.0,35206,M,4807885.0,-169384.0,35
201700026646,17,6,2,1100,1,2,6,1.0,2.0,35238,M,4809275.0,-164021.0,35
201700026647,17,6,4,1412,1,2,2,1.0,3.0,35238,M,4811214.0,-170266.0,35
201700026648,17,6,5,1743,1,1,1,8.0,2.0,35278,M,4814020.0,-169496.0,35
201700026649,17,4,20,1730,1,2,3,1.0,6.0,35238,M,4808968.0,-168546.0,35
201700026650,17,6,6,1744,1,2,1,1.0,3.0,35238,M,4808826.0,-165679.0,35
201700026651,17,6,7,1743,1,1,1,1.0,4.0,35238,M,4809146.0,-162804.0,35
201700026652,17,6,8,716,1,2,1,1.0,7.0,35281,M,4809270.0,-170264.0,35
201700026653,17,6,8,1320,1,2,2,1.0,3.0,35238,M,4813859.0,-165850.0,35
201700026654,17,6,9,15,5,2,1,1.0,6.0,35238,M,4810953.0,-168875.0,35
201700026655,17,6,9,1404,1,2,2,1.0,6.0,35238,M,4810750.0,-167909.0,35
201700026656,17,6,10,2021,1,2,1,1.0,6.0,35238,M,4808669.0,-167725.0,35
201700026657,17,6,12,1843,1,1,1,1.0,2.0,35051,M,4811496.0,-156398.0,35
201700026658,17,6,12,1911,1,2,1,1.0,4.0,35238,M,4811705.0,-166644.0,35
201700026659,17,6,12,2115,1,1,6,1.0,7.0,35278,M,4815471.0,-170123.0,35
201700026660,17,6,13,1716,1,2,1,1.0,6.0,35238,M,4812456.0,-170551.0,35
201700026661,17,6,13,1753,1,2,1,1.0,6.0,35238,M,4810929.0,-168987.0,35
201700026662,17,6,14,155,5,2,1,1.0,7.0,35238,M,4810884.0,-165422.0,35
201700026663,17,6,14,1719,1,2,3,1.0,6.0,35238,M,4810920.0,-169735.0,35
201700026664,17,6,14,2350,3,1,1,1.0,2.0,35238,M,4814002.0,-163489.0,35
201700026665,17,6,15,1020,1,2,2,1.0,6.0,35238,M,4812350.0,-168466.0,35
201700026666,17,6,16,2135,2,2,1,1.0,7.0,35238,M,4811901.0,-163512.0,35
201700026667,17,6,17,115,5,1,3,1.0,1.0,35238,M,4810243.0,-171507.0,35
201700026668,17,6,17,1538,1,2,1,1.0,6.0,35238,M,4810151.0,-167152.0,35
201700026669,17,6,18,950,1,2,2,1.0,6.0,35278,M,4815197.0,-168488.0,35
201700026670,17,6,19,1942,1,2,2,1.0,3.0,35238,M,4811024.0,-167420.0,35
201700026671,17,6,20,820,1,2,1,1.0,2.0,35238,M,4810709.0,-172177.0,35
201700026672,17,6,20,1946,1,2,3,1.0,6.0,35238,M,4811940.0,-166085.0,35
201700026673,17,6,20,2008,1,2,1,1.0,6.0,35238,M,4808405.0,-168037.0,35
201700026674,17,6,21,1230,1,2,1,1.0,1.0,35238,M,4811697.0,-165895.0,35
201700026675,17,6,21,1150,1,2,1,1.0,3.0,35238,M,4809350.0,-163284.0,35
201700026676,17,6,22,740,1,1,1,1.0,2.0,35055,M,4809734.0,-161759.0,35
201700026677,17,6,22,1252,1,2,1,1.0,3.0,35278,M,4815128.0,-168522.0,35
201700026678,17,6,23,908,1,2,3,1.0,3.0,35238,M,4810393.0,-163463.0,35
201700026679,17,6,23,1409,1,2,1,1.0,2.0,35238,M,4810690.0,-172894.0,35
201700026680,17,6,23,1751,1,1,1,1.0,7.0,35278,M,4814083.0,-168963.0,35
201700026681,17,6,23,1649,1,2,6,1.0,6.0,35055,M,4808814.0,-160862.0,35
201700026682,17,6,25,1809,1,2,2,1.0,3.0,35238,M,4812296.0,-170890.0,35
201700026683,17,6,26,1710,1,1,1,1.0,2.0,35281,M,4808944.0,-170395.0,35
201700026684,17,6,27,1352,1,2,1,1.0,6.0,35238,M,4811016.0,-168184.0,35
201700026685,17,6,28,905,1,2,1,2.0,6.0,35238,M,4810432.0,-168460.0,35
201700026686,17,6,28,1010,1,2,1,2.0,6.0,35238,M,4810741.0,-167613.0,35
201700026687,17,6,28,1345,1,2,1,1.0,6.0,35238,M,4811716.0,-168098.0,35
201700026688,17,6,28,1609,1,2,9,1.0,7.0,35238,M,4809155.0,-164084.0,35
201700026689,17,6,28,1727,1,2,1,1.0,2.0,35238,M,4810917.0,-169032.0,35
201700026690,17,6,29,1806,1,2,2,1.0,6.0,35238,M,4811996.0,-167093.0,35
201700026691,17,6,29,2012,1,1,6,8.0,1.0,35051,M,4812280.0,-162084.0,35
201700026692,17,6,30,259,5,1,1,1.0,6.0,35238,M,4813229.0,-170826.0,35
201700026693,17,6,30,1307,1,1,1,2.0,6.0,35238,M,4808058.0,-167291.0,35
201700026694,17,6,30,926,1,2,6,2.0,7.0,35238,M,4811605.0,-171649.0,35
201700026695,17,7,1,859,1,2,6,8.0,6.0,35238,M,4808950.0,-168274.0,35
201700026696,17,7,1,934,1,2,1,8.0,1.0,35238,M,4810411.0,-170452.0,35
201700026697,17,7,1,1939,1,2,4,1.0,5.0,35238,M,4813849.0,-169835.0,35
201700026698,17,7,2,935,1,1,1,1.0,7.0,35051,M,4815098.0,-159991.0,35
201700026699,17,7,3,657,2,2,2,1.0,3.0,35238,M,4811820.0,-167627.0,35
201700026700,17,7,3,1725,1,1,1,1.0,4.0,35238,M,4811356.0,-171872.0,35
201700026701,17,7,4,1659,1,2,1,1.0,6.0,35238,M,4810984.0,-167940.0,35
201700026702,17,7,4,1305,1,2,1,1.0,3.0,35238,M,4809662.0,-165956.0,35
201700026703,17,7,6,1220,1,2,3,1.0,3.0,35238,M,4811624.0,-171387.0,35
201700026704,17,5,18,744,1,1,1,3.0,7.0,35051,M,4811972.0,-157259.0,35
201700026705,17,5,24,1531,1,2,6,1.0,3.0,35278,M,4815470.0,-170099.0,35
201700026706,17,7,7,855,1,2,6,1.0,6.0,35051,M,4811444.0,-163360.0,35
201700026707,17,7,7,1143,1,2,1,1.0,2.0,35238,M,4810691.0,-172719.0,35
201700026708,17,7,7,1249,1,2,1,2.0,6.0,35238,M,4810627.0,-167753.0,35
201700026709,17,7,7,2139,1,2,2,1.0,3.0,35238,M,4808369.0,-167508.0,35
201700026710,17,7,7,2130,2,1,1,1.0,7.0,35278,M,4814119.0,-167910.0,35
201700026711,17,7,9,2000,1,2,1,1.0,4.0,35238,M,4810633.0,-173143.0,35
201700026712,17,7,8,100,5,2,1,1.0,7.0,35238,M,4809407.0,-163838.0,35
201700026713,17,7,10,1633,1,2,3,1.0,3.0,35051,M,4813090.0,-162115.0,35
201700026714,17,7,10,1805,1,1,1,7.0,6.0,35238,M,4809360.0,-174594.0,35
201700026715,17,7,11,839,1,2,6,1.0,6.0,35051,M,4811430.0,-161539.0,35
201700026716,17,7,13,1222,1,1,1,1.0,2.0,35238,M,4810212.0,-171616.0,35
201700026717,17,7,18,1446,1,1,1,8.0,7.0,35051,M,4814032.0,-158196.0,35
201700026718,17,7,18,1658,1,2,1,1.0,2.0,35238,M,4810152.0,-167630.0,35
201700026719,17,7,19,100,3,1,6,1.0,6.0,35024,M,4815472.0,-162457.0,35
201700026720,17,7,20,34,3,1,1,1.0,7.0,35278,M,4817376.0,-171622.0,35
201700026721,17,7,27,1756,1,1,1,1.0,2.0,35206,M,4807947.0,-168647.0,35
201700026722,17,7,27,2050,1,1,3,1.0,3.0,35055,M,4808681.0,-160040.0,35
201700026723,17,7,28,1234,1,2,1,1.0,6.0,35278,M,4815159.0,-168798.0,35
201700026724,17,7,29,20,5,2,1,1.0,6.0,35238,M,4812121.0,-166224.0,35
201700026725,17,7,29,2203,5,2,1,1.0,7.0,35238,M,4810825.0,-169432.0,35
201700026726,17,7,30,718,1,2,1,1.0,1.0,35238,M,4810143.0,-165426.0,35
201700026727,17,7,30,1616,1,2,3,8.0,3.0,35238,M,4808357.0,-166107.0,35
201700026728,17,8,1,740,1,2,2,1.0,6.0,35238,M,4809374.0,-167455.0,35
201700026729,17,8,2,2050,1,2,1,1.0,6.0,35238,M,4812800.0,-164928.0,35
201700026730,17,8,4,145,5,2,1,1.0,6.0,35281,M,4809365.0,-169999.0,35
201700026731,17,8,4,1625,1,2,1,2.0,6.0,35238,M,4808043.0,-167262.0,35
201700026732,17,8,5,1103,1,2,1,1.0,6.0,35238,M,4810935.0,-167892.0,35
201700026733,17,8,7,840,1,2,2,1.0,3.0,35238,M,4811205.0,-170234.0,35
201700026734,17,8,7,1430,1,2,1,1.0,6.0,35278,M,4813968.0,-168663.0,35
201700026735,17,8,7,2115,1,2,3,1.0,6.0,35055,M,4808877.0,-162066.0,35
201700026736,17,8,8,740,1,2,2,3.0,3.0,35238,M,4811411.0,-164811.0,35
201700026737,17,8,13,1141,1,1,1,1.0,7.0,35238,M,4808062.0,-167607.0,35
201700026738,17,8,18,408,3,2,2,1.0,7.0,35238,M,4811270.0,-169354.0,35
201700026739,17,8,18,805,1,2,6,8.0,6.0,35281,M,4809253.0,-170275.0,35
201700026740,17,8,18,1929,1,2,2,1.0,3.0,35238,M,4808364.0,-167450.0,35
201700026741,17,8,19,2015,1,2,2,1.0,1.0,35238,M,4811720.0,-168083.0,35
201700026742,17,8,19,2210,5,2,2,1.0,3.0,35238,M,4809522.0,-163781.0,35
201700026743,17,8,20,1720,1,2,2,1.0,3.0,35238,M,4809229.0,-165839.0,35
201700026744,17,8,22,1336,1,2,3,1.0,3.0,35238,M,4808437.0,-167693.0,35
201700026745,17,8,22,1034,1,2,1,1.0,2.0,35238,M,4810055.0,-171138.0,35
201700026746,17,8,23,1112,1,2,2,1.0,3.0,35238,M,4810938.0,-167391.0,35
201700026747,17,8,25,1012,1,2,6,1.0,2.0,35278,M,4814028.0,-168685.0,35
201700026748,17,8,25,1058,1,2,1,1.0,6.0,35238,M,4810465.0,-165038.0,35
201700026749,17,8,25,1931,1,2,2,1.0,6.0,35238,M,4810900.0,-170595.0,35
201700026750,17,8,26,1011,1,2,1,1.0,6.0,35055,M,4808609.0,-160063.0,35
201700026751,17,8,31,1927,2,2,3,2.0,6.0,35238,M,4810930.0,-168418.0,35
201700026752,17,8,31,1944,2,2,1,1.0,5.0,35238,M,4812864.0,-168750.0,35
201700026753,17,9,3,1010,1,2,2,2.0,6.0,35238,M,4810182.0,-168436.0,35
201700026754,17,9,1,1806,1,1,1,1.0,2.0,35238,M,4808122.0,-166353.0,35
201700026755,17,9,2,2233,5,2,1,1.0,6.0,35238,M,4812089.0,-168696.0,35
201700026756,17,9,2,1853,1,2,1,1.0,2.0,35238,M,4809398.0,-169058.0,35
201700026757,17,9,3,1625,1,2,6,1.0,2.0,35238,M,4808465.0,-169616.0,35
201700026758,17,9,3,2056,5,2,2,2.0,3.0,35238,M,4810349.0,-167702.0,35
201700026759,17,9,5,1008,1,2,1,1.0,2.0,35238,M,4808963.0,-168375.0,35
201700026760,17,9,6,1452,1,2,1,1.0,2.0,35238,M,4810689.0,-172774.0,35
201700026761,17,9,7,726,2,2,3,1.0,7.0,35238,M,4810810.0,-168943.0,35
201700026762,17,9,7,1200,1,1,1,1.0,6.0,35238,M,4814017.0,-163651.0,35
201700026763,17,9,8,1339,1,2,2,1.0,4.0,35238,M,4810514.0,-169805.0,35
201700026764,17,9,9,1500,1,2,1,1.0,6.0,35051,M,4811498.0,-160892.0,35
201700026765,17,9,12,1010,1,2,1,1.0,6.0,35238,M,4809022.0,-169038.0,35
201700026766,17,9,13,1340,1,2,1,2.0,7.0,35278,M,4815487.0,-169989.0,35
201700026767,17,9,13,1415,1,2,6,3.0,3.0,35238,M,4811180.0,-164613.0,35
201700026768,17,9,15,1717,1,2,4,1.0,3.0,35238,M,4809104.0,-166509.0,35
201700026769,17,9,16,1949,1,2,1,8.0,7.0,35238,M,4809324.0,-165670.0,35
201700026770,17,9,16,1643,1,1,1,2.0,4.0,35238,M,4808059.0,-167816.0,35
201700026771,17,9,16,1323,1,2,6,8.0,3.0,35278,M,4815499.0,-170074.0,35
201700026772,17,9,17,1329,1,2,2,1.0,3.0,35238,M,4808368.0,-167510.0,35
201700026773,17,9,18,636,5,2,3,1.0,6.0,35055,M,4809940.0,-162074.0,35
201700026774,17,9,18,1725,1,2,1,1.0,3.0,35238,M,4811398.0,-163696.0,35