Num_Acc,an,mois,jour,hrmn,lum,agg,int,atm,col,com,gps,lat,long,dep
201700026775,17,9,18,1730,1,1,1,1.0,4.0,35238,M,4813191.0,-170882.0,35
201700026776,17,9,19,850,1,2,6,1.0,3.0,35051,M,4813635.0,-162398.0,35
201700026777,17,9,21,840,1,2,3,1.0,6.0,35238,M,4810117.0,-168393.0,35
201700026778,17,9,21,1115,1,2,1,1.0,6.0,35238,M,4810809.0,-168020.0,35
201700026779,17,10,4,1035,1,2,2,1.0,3.0,35238,M,4810890.0,-171020.0,35
201700026780,17,9,23,2150,5,2,1,1.0,6.0,35238,M,4813172.0,-169367.0,35
201700026781,17,9,22,1250,1,2,3,1.0,3.0,35238,M,4809295.0,-164755.0,35
201700026782,17,9,24,1700,1,1,1,1.0,7.0,35238,M,4808005.0,-168019.0,35
201700026783,17,10,1,1819,1,1,1,2.0,7.0,35051,M,4815417.0,-162440.0,35
201700026784,17,10,2,2030,5,2,1,1.0,6.0,35238,M,4811168.0,-168622.0,35
201700026785,17,10,3,1232,1,1,6,1.0,6.0,35051,M,4814002.0,-158245.0,35
201700026786,17,10,3,1747,1,2,4,1.0,6.0,35238,M,4809049.0,-169264.0,35
201700026787,17,10,4,1515,1,2,1,1.0,6.0,35238,M,4811022.0,-167663.0,35
201700026788,17,10,6,903,1,1,1,1.0,4.0,35238,M,4814188.0,-166259.0,35
201700026789,17,10,6,1220,1,2,1,1.0,6.0,35238,M,4809350.0,-163243.0,35
201700026790,17,10,6,2145,5,2,2,1.0,3.0,35238,M,4810858.0,-169297.0,35
201700026791,17,10,8,446,5,2,6,1.0,7.0,35238,M,4812101.0,-165460.0,35
201700026792,17,10,6,1643,1,2,4,1.0,2.0,35238,M,4811668.0,-165854.0,35
201700026793,17,9,29,811,1,2,2,1.0,3.0,35238,M,4809184.0,-167168.0,35
201700026794,17,9,27,930,1,2,1,1.0,6.0,35238,M,4812515.0,-166753.0,35
201700026795,17,10,8,1111,1,2,2,2.0,3.0,35238,M,4808365.0,-167512.0,35
201700026796,17,10,8,1922,2,2,1,8.0,7.0,35238,M,4812939.0,-169250.0,35
201700026797,17,10,8,1137,1,2,1,2.0,4.0,35238,M,4810348.0,-168854.0,35
201700026798,17,10,27,820,2,2,1,1.0,6.0,35238,M,4812965.0,-163267.0,35
201700026799,17,10,10,1042,1,2,2,1.0,3.0,35238,M,4811198.0,-170242.0,35
201700026800,17,10,11,1610,1,2,1,1.0,6.0,35238,M,4810985.0,-167917.0,35
201700026801,17,10,12,744,5,2,1,1.0,6.0,35051,M,4812127.0,-160283.0,35
201700026802,17,9,23,1925,1,2,2,1.0,3.0,35238,M,4810179.0,-165611.0,35
201700026803,17,10,13,848,1,1,1,1.0,4.0,35238,M,4808030.0,-167942.0,35
201700026804,17,10,13,1126,1,2,1,1.0,2.0,35238,M,4810714.0,-172004.0,35
201700026805,17,10,19,2040,3,1,1,3.0,6.0,35281,M,4807154.0,-171242.0,35
201700026806,17,10,13,1308,1,2,3,1.0,2.0,35238,M,4812135.0,-170868.0,35
201700026807,17,10,13,1705,1,2,1,1.0,2.0,35238,M,4812683.0,-170317.0,35
201700026808,17,10,14,1831,1,1,1,1.0,3.0,35238,M,4815120.0,-162480.0,35
201700026809,17,10,15,529,3,1,1,5.0,6.0,35334,M,4814103.0,-158407.0,35
201700026810,17,10,15,2049,5,2,3,1.0,7.0,35238,M,4811826.0,-167389.0,35
201700026811,17,10,16,756,2,2,1,1.0,6.0,35238,M,4811013.0,-165680.0,35
201700026812,17,10,16,1253,1,2,1,8.0,2.0,35238,M,4812560.0,-169610.0,35
201700026813,17,10,17,1748,1,2,1,1.0,3.0,35278,M,4816200.0,-167621.0,35
201700026814,17,10,17,1349,1,2,1,1.0,3.0,35238,M,4812863.0,-164685.0,35
201700026815,17,10,17,2006,5,2,1,1.0,2.0,35051,M,4813591.0,-162551.0,35
201700026816,17,10,19,2217,5,2,2,2.0,2.0,35238,M,4809728.0,-165781.0,35
201700026817,17,9,24,1200,1,2,1,1.0,2.0,35238,M,4811274.0,-163782.0,35
201700026818,17,9,29,1750,1,1,4,2.0,4.0,35051,M,4811942.0,-157253.0,35
201700026819,17,9,22,1915,1,2,3,1.0,6.0,35238,M,4810853.0,-167617.0,35
201700026820,17,10,13,131,5,2,1,1.0,6.0,35238,M,4811341.0,-168218.0,35
201700026821,17,9,23,1132,1,2,3,1.0,2.0,35238,M,4808478.0,-166058.0,35
201700026822,17,9,23,1405,1,2,6,1.0,3.0,35051,M,4811410.0,-160728.0,35
201700026823,17,9,23,2350,5,2,3,1.0,6.0,35238,M,4810508.0,-167747.0,35
201700026824,17,9,26,1400,1,2,2,1.0,3.0,35238,M,4809421.0,-168180.0,35
201700026825,17,11,10,1701,1,2,9,2.0,3.0,35238,M,4808468.0,-169609.0,35
201700026826,17,10,20,1200,1,1,3,1.0,2.0,35281,M,4806738.0,-171426.0,35
201700026827,17,10,24,800,5,2,1,1.0,3.0,35238,M,4809396.0,-167628.0,35
201700026828,17,11,2,1912,5,2,6,1.0,6.0,35281,M,4808703.0,-170714.0,35
201700026829,17,11,3,1550,1,2,2,1.0,3.0,35238,M,4811786.0,-168556.0,35
201700026830,17,10,24,1400,1,2,1,1.0,2.0,35238,M,4810443.0,-165023.0,35
201700026831,17,10,24,500,4,2,1,1.0,2.0,35051,M,4810175.0,-163003.0,35
201700026832,17,11,3,2040,4,1,1,2.0,4.0,35238,M,4811077.0,-171831.0,35
201700026833,17,12,9,1050,1,2,3,1.0,3.0,35238,M,4809567.0,-165117.0,35
201700026834,17,11,5,1601,1,1,6,1.0,7.0,35238,M,4815459.0,-162492.0,35
201700026835,17,11,11,1915,3,1,9,1.0,4.0,35051,M,4810193.0,-160920.0,35
201700026836,17,11,5,225,5,2,2,1.0,3.0,35238,M,4811632.0,-170785.0,35
201700026837,17,11,7,1820,4,2,1,2.0,6.0,35051,M,4810820.0,-160827.0,35
201700026838,17,11,8,1809,5,2,1,1.0,3.0,35238,M,4811773.0,-167701.0,35
201700026839,17,11,9,820,1,1,1,1.0,2.0,35238,M,4808087.0,-167408.0,35
201700026840,17,10,26,2025,5,1,6,5.0,6.0,35238,M,4808122.0,-167522.0,35
201700026841,17,10,28,209,5,2,6,1.0,6.0,35238,M,4812046.0,-171345.0,35
201700026842,17,10,31,1703,1,2,1,1.0,6.0,35278,M,4815686.0,-168735.0,35
201700026843,17,11,7,1224,1,2,1,1.0,6.0,35238,M,4811607.0,-166608.0,35
201700026844,17,11,7,1826,5,2,1,3.0,6.0,35238,M,4813862.0,-165742.0,35
201700026845,17,11,10,1850,5,1,1,1.0,7.0,35051,M,4811008.0,-159086.0,35
201700026846,17,11,9,1640,1,2,5,2.0,3.0,35238,M,4809730.0,-165783.0,35
201700026847,17,10,30,2150,5,2,1,1.0,6.0,35238,M,4811010.0,-171094.0,35
201700026848,17,12,3,1730,5,2,2,9.0,3.0,35238,M,4808973.0,-168536.0,35
201700026849,17,12,1,100,3,1,1,9.0,6.0,35278,M,4814846.0,-169900.0,35
201700026850,17,11,14,1720,5,2,2,1.0,6.0,35238,M,4810736.0,-168016.0,35
201700026851,17,11,20,835,1,2,6,1.0,2.0,35055,M,4809903.0,-162184.0,35
201700026852,17,11,20,1805,3,2,1,1.0,2.0,35238,M,4811417.0,-169879.0,35
201700026853,17,10,21,2000,3,2,3,1.0,3.0,35238,M,4811834.0,-170801.0,35
201700026854,17,10,25,2030,5,2,1,8.0,3.0,35051,M,4811411.0,-162797.0,35
201700026855,17,10,28,200,5,2,1,1.0,6.0,35238,M,4811018.0,-168207.0,35
201700026856,17,12,1,1300,1,2,2,1.0,3.0,35238,M,4811248.0,-169213.0,35
201700026857,17,11,20,1810,5,1,1,1.0,4.0,35238,M,4814149.0,-167065.0,35
201700026858,17,11,14,1655,1,1,1,1.0,2.0,35051,M,4811548.0,-157176.0,35
201700026859,17,11,9,1830,5,2,3,2.0,3.0,35238,M,4811168.0,-165607.0,35
201700026860,17,11,10,700,5,2,2,2.0,1.0,35238,M,4810167.0,-167637.0,35
201700026861,17,11,10,910,1,2,1,2.0,7.0,35238,M,4813154.0,-164091.0,35
201700026862,17,11,10,1410,1,2,6,1.0,3.0,35055,M,4808762.0,-162559.0,35
201700026863,17,11,11,430,3,1,1,1.0,7.0,35238,M,4811841.0,-171744.0,35
201700026864,17,12,1,310,5,2,1,2.0,6.0,35281,M,4808357.0,-170986.0,35
201700026865,17,11,15,1318,1,2,6,9.0,6.0,35051,M,4810809.0,-161658.0,35
201700026866,17,11,15,1655,1,2,2,1.0,6.0,35238,M,4810848.0,-169330.0,35
201700026867,17,11,24,2045,5,2,4,1.0,6.0,35238,M,4808906.0,-166041.0,35
201700026868,17,11,15,1715,2,1,1,1.0,2.0,35238,M,4808072.0,-169582.0,35
201700026869,17,11,16,1510,1,2,2,8.0,6.0,35238,M,4810065.0,-164975.0,35
201700026870,17,11,16,2100,5,2,3,1.0,3.0,35238,M,4812608.0,-170309.0,35
201700026871,17,11,17,1615,1,2,1,1.0,6.0,35238,M,4811701.0,-165566.0,35
201700026872,17,11,18,935,1,1,1,5.0,7.0,35278,M,4817116.0,-169257.0,35
201700026873,17,11,20,1800,5,1,1,1.0,4.0,35238,M,4814163.0,-166767.0,35
201700026874,17,11,21,840,1,2,2,1.0,3.0,35055,M,4808716.0,-161639.0,35
201700026875,17,11,20,1814,2,2,6,1.0,7.0,35281,M,4807422.0,-171253.0,35
201700026876,17,11,21,1050,1,2,3,1.0,6.0,35238,M,4811487.0,-167697.0,35
201700026877,17,11,22,1130,1,2,2,1.0,3.0,35238,M,4810858.0,-169297.0,35
201700026878,17,11,24,1655,2,2,1,1.0,6.0,35051,M,4810852.0,-161083.0,35
201700026879,17,11,23,1035,1,2,1,3.0,6.0,35238,M,4809372.0,-167342.0,35
201700026880,17,10,9,2026,5,2,2,1.0,3.0,35238,M,4811905.0,-164876.0,35
201700026881,17,11,23,1815,5,2,2,1.0,6.0,35238,M,4812301.0,-170904.0,35
201700026882,17,11,24,920,1,2,1,1.0,3.0,35238,M,4810743.0,-166585.0,35
201700026883,17,11,24,855,1,2,2,1.0,2.0,35238,M,4809978.0,-168315.0,35
201700026884,17,11,30,1755,3,1,1,3.0,4.0,35051,M,4812766.0,-157452.0,35
201700026885,17,11,30,1306,1,2,6,2.0,3.0,35238,M,4811171.0,-164654.0,35
201700026886,17,11,28,900,1,2,1,1.0,6.0,35238,M,4808609.0,-168226.0,35
201700026887,17,11,26,1846,5,2,1,1.0,6.0,35238,M,4810157.0,-167639.0,35
201700026888,17,11,27,1823,3,1,1,8.0,2.0,35051,M,4811080.0,-158902.0,35
201700026889,17,11,28,829,1,2,1,8.0,6.0,35238,M,4808507.0,-169190.0,35
201700026890,17,11,29,1930,5,2,6,1.0,3.0,35281,M,4808693.0,-170740.0,35
201700026891,17,11,29,1031,1,2,6,1.0,3.0,35051,M,4811381.0,-162061.0,35
201700026892,17,11,30,2010,5,2,2,2.0,6.0,35238,M,4809752.0,-167523.0,35
201700026893,17,11,30,1935,5,2,2,4.0,6.0,35238,M,4809875.0,-169466.0,35
201700026894,17,10,21,1816,1,1,1,1.0,4.0,35238,M,4811572.0,-171934.0,35
201700026895,17,10,21,1033,1,2,6,1.0,3.0,35238,M,4808774.0,-164470.0,35
201700026896,17,10,22,215,3,2,1,1.0,6.0,35281,M,4808565.0,-170826.0,35
201700026897,17,10,22,210,5,2,1,1.0,6.0,35238,M,4810039.0,-169451.0,35
201700026898,17,12,7,1554,1,2,3,2.0,6.0,35238,M,4810749.0,-167614.0,35
201700026899,17,12,1,1340,1,2,3,1.0,1.0,35238,M,4810900.0,-169092.0,35
201700026900,17,12,1,1615,1,2,1,1.0,2.0,35238,M,4810449.0,-166885.0,35
201700026901,17,12,1,1820,3,2,2,2.0,6.0,35238,M,4808844.0,-166766.0,35
201700026902,17,12,1,1955,5,2,6,7.0,2.0,35238,M,4808927.0,-168216.0,35
201700026903,17,12,16,400,3,1,1,1.0,6.0,35238,M,4814001.0,-163406.0,35
201700026904,17,12,1,1930,3,1,1,9.0,4.0,35238,M,4811489.0,-157218.0,35
201700026905,17,12,2,1300,1,2,3,1.0,3.0,35238,M,4811118.0,-168767.0,35
201700026906,17,12,3,1710,1,2,1,1.0,7.0,35238,M,4812230.0,-163953.0,35
201700026907,17,12,4,1210,1,2,1,1.0,2.0,35238,M,4809867.0,-164449.0,35
201700026908,17,12,4,1745,5,2,1,1.0,3.0,35278,M,4813959.0,-168990.0,35
201700026909,17,12,5,1316,1,1,1,1.0,2.0,35238,M,4808016.0,-167514.0,35
201700026910,17,12,6,1725,5,2,6,1.0,6.0,35238,M,4809001.0,-168175.0,35
201700026911,17,12,7,730,3,1,1,2.0,4.0,35278,M,4814123.0,-167967.0,35
201700026912,17,12,7,855,1,2,1,2.0,6.0,35238,M,4810032.0,-166943.0,35
201700026913,17,12,7,1350,1,1,1,2.0,3.0,35278,M,4816336.0,-167787.0,35
201700026914,17,12,7,1402,1,2,1,2.0,6.0,35238,M,4812135.0,-170155.0,35
201700026915,17,12,7,1706,1,2,1,2.0,6.0,35238,M,4810203.0,-169491.0,35
201700026916,17,12,8,820,5,2,2,2.0,3.0,35238,M,4808374.0,-167553.0,35
201700026917,17,12,9,1840,3,2,1,2.0,3.0,35281,M,4809128.0,-170377.0,35
201700026918,17,12,10,1805,5,2,2,2.0,3.0,35281,M,4809636.0,-169262.0,35
201700026919,17,12,11,800,2,2,6,2.0,3.0,35278,M,4815922.0,-167739.0,35
201700026920,17,1,28,1240,1,2,1,1.0,6.0,35288,M,4864597.0,-202451.0,35
201700026921,17,5,16,1055,1,1,9,1.0,1.0,35288,M,4862183.0,-198906.0,35
201700026922,17,5,26,1851,1,2,3,1.0,3.0,35288,M,4865151.0,-201834.0,35
201700026923,17,7,21,1825,1,2,1,1.0,6.0,35288,M,4865773.0,-199620.0,35
201700026924,17,8,8,1752,1,2,2,1.0,1.0,35288,M,4863492.0,-200828.0,35
201700026925,17,8,3,1055,1,2,1,1.0,6.0,35288,M,4865241.0,-200297.0,35
201700026926,17,9,30,2326,3,1,1,1.0,1.0,35288,M,4861837.0,-198645.0,35
201700026927,17,10,5,815,2,2,1,1.0,6.0,35288,M,4864858.0,-199134.0,35
201700026928,17,10,28,1049,1,2,2,1.0,3.0,35288,M,4865718.0,-197466.0,35
201700026929,17,10,22,1930,2,2,9,1.0,3.0,35288,M,4862988.0,-200661.0,35
201700026930,17,11,18,1019,1,2,1,1.0,4.0,36159,M,4679328.0,173751.0,36
201700026931,17,11,23,1852,5,2,1,1.0,6.0,36044,M,4681915.0,168454.0,36
201700026932,17,11,6,1629,1,2,1,1.0,3.0,36044,M,4679074.0,170596.0,36
201700026933,17,11,4,1851,3,1,1,1.0,7.0,36202,M,,,36
201700026934,17,11,5,944,1,2,6,1.0,6.0,36044,M,4680794.0,167696.0,36
201700026935,17,1,2,1910,2,1,6,1.0,6.0,36063,M,4685230.0,170125.0,36
201700026936,17,11,9,1949,4,2,1,1.0,6.0,36044,M,4681093.0,167594.0,36
201700026937,17,11,13,704,5,2,1,1.0,6.0,36063,M,4683283.0,170785.0,36
201700026938,17,11,13,1945,5,2,1,1.0,3.0,36044,M,4680725.0,168670.0,36
201700026939,17,1,30,1614,1,1,1,1.0,6.0,36159,M,4671980.0,173907.0,36
201700026940,17,12,22,752,5,2,3,1.0,3.0,36044,M,4680850.0,171061.0,36
201700026941,17,1,9,1020,1,2,1,1.0,3.0,36044,M,4680890.0,169301.0,36
201700026942,17,12,30,2129,5,2,2,2.0,3.0,36044,M,4680430.0,169166.0,36
201700026943,17,12,11,1253,1,2,1,1.0,2.0,36202,M,4680800.0,163720.0,36
201700026944,17,1,16,830,1,2,1,8.0,6.0,36044,M,4681720.0,169701.0,36
201700026945,17,1,2,815,5,2,6,8.0,2.0,36159,M,4675870.0,172120.0,36
201700026946,17,1,2,1807,2,1,3,8.0,3.0,36063,M,4685490.0,166821.0,36
201700026947,17,1,4,825,1,2,1,1.0,6.0,36063,M,4682710.0,170958.0,36
201700026948,17,1,5,1612,1,2,1,1.0,7.0,36044,M,4680600.0,170052.0,36
201700026949,17,1,5,1933,2,2,1,1.0,6.0,36044,M,4680090.0,173786.0,36
201700026950,17,1,6,1219,1,2,1,1.0,4.0,36202,M,4678850.0,165958.0,36
201700026951,17,1,8,3,3,1,1,1.0,7.0,36202,M,4682420.0,164608.0,36
201700026952,17,1,11,1154,1,1,1,1.0,1.0,36044,M,4678810.0,167252.0,36
201700026953,17,2,12,18,5,2,4,8.0,1.0,36044,M,4681984.0,171130.0,36
201700026954,17,1,31,1625,1,2,1,1.0,6.0,36044,M,4681640.0,169690.0,36
201700026955,17,2,28,1625,1,2,1,1.0,2.0,36044,M,4680700.0,168766.0,36
201700026956,17,3,7,1045,1,2,1,1.0,3.0,36044,M,4680890.0,171326.0,36
201700026957,17,2,2,1950,2,2,1,1.0,6.0,36044,M,4680410.0,166629.0,36
201700026958,17,2,2,2015,5,2,1,1.0,1.0,36044,M,4680960.0,168358.0,36
201700026959,17,2,3,1820,2,2,1,1.0,6.0,36044,M,4680880.0,169038.0,36
201700026960,17,2,4,1317,1,2,1,1.0,4.0,36063,M,4682820.0,170372.0,36
201700026961,17,2,6,1645,1,2,6,1.0,7.0,36044,M,4681080.0,169127.0,36
201700026962,17,2,7,1340,1,2,1,1.0,1.0,36044,M,4679440.0,168818.0,36
201700026963,17,2,12,1915,1,2,1,1.0,5.0,36044,M,4681040.0,170572.0,36
201700026964,17,2,12,2314,5,2,2,1.0,3.0,36044,M,4680880.0,170476.0,36
201700026965,17,3,21,1155,1,2,3,1.0,3.0,36044,M,4680390.0,172043.0,36
201700026966,17,2,16,718,2,2,1,1.0,6.0,36159,M,4676920.0,170046.0,36
201700026967,17,2,22,1900,2,2,1,1.0,3.0,36202,M,4678879.0,166510.0,36
201700026968,17,2,22,2025,5,2,1,1.0,6.0,36044,M,4678860.0,169127.0,36
201700026969,17,2,25,2140,5,2,1,1.0,6.0,36202,M,4682030.0,166865.0,36
201700026970,17,4,4,1224,1,2,1,1.0,6.0,36202,M,4677580.0,164814.0,36
201700026971,17,3,14,637,2,2,6,8.0,2.0,36044,M,4681090.0,170128.0,36
201700026972,17,3,2,1810,1,2,1,1.0,7.0,36044,M,4680230.0,167915.0,36
201700026973,17,3,3,1554,1,2,1,1.0,2.0,36044,M,4681550.0,169673.0,36
201700026974,17,3,5,2115,3,1,1,1.0,7.0,36202,M,,,36
201700026975,17,3,8,1230,1,1,1,1.0,6.0,36044,M,4682040.0,172615.0,36
201700026976,17,3,13,1155,1,2,1,1.0,6.0,36044,M,4680770.0,169787.0,36
201700026977,17,1,19,1120,1,1,1,1.0,6.0,36202,M,4677400.0,167048.0,36
201700026978,17,4,21,916,1,2,1,1.0,6.0,36044,M,4680500.0,169823.0,36
201700026979,17,4,29,1158,1,2,1,1.0,7.0,36044,M,4681430.0,169714.0,36
201700026980,17,5,3,921,1,2,1,1.0,6.0,36044,M,4680877.0,167956.0,36
201700026981,17,5,8,1918,1,2,1,1.0,3.0,36044,M,4680763.0,168257.0,36
201700026982,17,5,10,1809,1,1,1,1.0,7.0,36159,M,4675930.0,167711.0,36
201700026983,17,5,13,1740,1,2,1,1.0,2.0,36202,M,4677773.0,165049.0,36
201700026984,17,5,16,822,1,2,1,1.0,7.0,36044,M,4680438.0,168169.0,36
201700026985,17,5,16,1704,1,2,6,1.0,6.0,36044,M,4682092.0,172024.0,36
201700026986,17,5,21,1200,1,2,1,1.0,2.0,36202,M,4682090.0,166515.0,36
201700026987,17,5,26,1214,1,2,6,1.0,7.0,36044,M,4680110.0,170265.0,36
201700026988,17,5,26,1355,1,2,1,1.0,7.0,36044,M,4680620.0,170035.0,36
201700026989,17,7,3,1825,1,2,1,1.0,3.0,36044,M,4681470.0,170823.0,36
201700026990,17,6,9,1957,1,2,1,1.0,6.0,36202,M,4680050.0,163433.0,36
201700026991,17,6,15,1245,1,2,1,1.0,3.0,36044,M,4679940.0,171441.0,36
201700026992,17,6,7,1754,1,2,1,1.0,3.0,36044,M,4679720.0,170971.0,36
201700026993,17,6,23,1816,1,2,2,1.0,7.0,36202,M,4682490.0,164647.0,36
201700026994,17,6,29,1728,1,2,1,1.0,6.0,36044,M,4680682.0,167611.0,36
201700026995,17,7,4,1338,1,2,1,1.0,7.0,36044,M,4681113.0,172473.0,36
201700026996,17,7,5,1848,1,2,1,1.0,3.0,36044,M,4678830.0,169120.0,36
201700026997,17,7,11,1204,1,1,6,1.0,7.0,36159,M,4673865.0,172766.0,36
201700026998,17,7,12,520,2,2,1,1.0,7.0,36159,M,4677930.0,170722.0,36
201700026999,17,8,11,1715,1,2,3,1.0,3.0,36044,M,,,36
201700027000,17,8,21,2032,1,2,1,1.0,6.0,36044,M,4680340.0,170322.0,36
201700027001,17,8,29,1500,1,2,1,1.0,6.0,36044,M,4679950.0,171483.0,36
201700027002,17,7,27,1124,1,2,1,1.0,7.0,36202,M,4678265.0,165072.0,36
201700027003,17,8,25,1940,1,1,1,1.0,1.0,36063,M,,,36
201700027004,17,9,11,657,2,1,1,1.0,7.0,36202,M,,,36
201700027005,17,8,31,1828,1,2,3,1.0,6.0,36044,M,4680904.0,168045.0,36
201700027006,17,9,14,942,1,2,2,1.0,2.0,36044,M,4680860.0,170527.0,36
201700027007,17,9,26,1935,1,2,1,1.0,3.0,36159,M,4676890.0,171455.0,36
201700027008,17,9,9,1320,1,2,1,1.0,7.0,36044,M,4679890.0,169235.0,36
201700027009,17,9,13,1140,1,2,1,1.0,1.0,36044,M,4680550.0,173294.0,36
201700027010,17,9,30,552,5,2,2,1.0,6.0,36044,M,4680480.0,169793.0,36
201700027011,17,9,22,1442,1,1,6,1.0,3.0,36063,M,4684250.0,167390.0,36
201700027012,17,9,30,937,1,2,2,1.0,3.0,36044,M,4682030.0,169956.0,36
201700027013,17,10,2,2150,5,2,1,2.0,6.0,36159,M,4677390.0,171065.0,36
201700027014,17,10,3,1325,1,2,1,1.0,7.0,36159,M,4679290.0,173825.0,36
201700027015,17,10,8,1624,1,2,1,1.0,2.0,36044,M,4680330.0,167444.0,36
201700027016,17,10,9,612,5,2,6,5.0,3.0,36044,M,4679600.0,170785.0,36
201700027017,17,10,12,1000,1,2,1,1.0,6.0,36044,M,4680900.0,168800.0,36
201700027018,17,10,11,920,1,2,1,1.0,7.0,36159,M,4677030.0,171349.0,36
201700027019,17,10,12,1953,2,2,1,1.0,6.0,36044,M,4680337.0,171168.0,36
201700027020,17,10,13,1732,1,2,1,1.0,3.0,36044,M,4679241.0,171159.0,36
201700027021,17,12,1,1811,5,2,1,8.0,1.0,36044,M,4680890.0,172600.0,36
201700027022,17,10,20,1405,1,2,6,1.0,3.0,36044,M,4679300.0,171127.0,36
201700027023,17,10,16,945,1,2,1,1.0,6.0,36202,M,4679630.0,163622.0,36
201700027024,17,10,16,1248,1,2,1,1.0,6.0,36044,M,4680995.0,169227.0,36
201700027025,17,10,27,1933,2,2,6,1.0,6.0,36044,M,4680350.0,170308.0,36
201700027026,17,11,30,739,5,2,1,1.0,6.0,36044,M,4681100.0,169900.0,36
201700027027,17,11,11,2220,5,2,1,1.0,3.0,36044,M,,,36
201700027028,17,1,2,825,2,1,1,2.0,6.0,37122,M,4733639.0,67012.0,37
201700027029,17,1,3,1844,5,2,2,1.0,7.0,37122,M,4734864.0,65915.0,37
201700027030,17,1,4,1730,5,2,1,1.0,2.0,37233,M,4739681.0,70853.0,37
201700027031,17,1,4,1920,5,2,3,1.0,7.0,37261,M,4738060.0,68415.0,37
201700027032,17,1,5,625,5,2,1,1.0,2.0,37214,M,4740002.0,67666.0,37
201700027033,17,1,6,1625,1,2,3,1.0,3.0,37122,M,4730500.0,64900.0,37
201700027034,17,1,6,1650,1,2,1,1.0,6.0,37261,M,4737975.0,69429.0,37
201700027035,17,1,6,2215,3,1,1,1.0,6.0,37122,M,4736720.0,65403.0,37
201700027036,17,1,8,530,5,2,6,2.0,7.0,37261,M,4739700.0,70300.0,37
201700027037,17,1,9,830,2,2,6,5.0,3.0,37261,M,4743055.0,67319.0,37
201700027038,17,1,9,2015,4,2,2,2.0,3.0,37261,M,4741140.0,68969.0,37
201700027039,17,1,11,1400,1,2,2,2.0,6.0,37261,M,,,37
201700027040,17,1,11,1335,1,2,3,1.0,6.0,37122,M,,,37
201700027041,17,1,12,1700,1,2,1,2.0,1.0,37233,M,4738600.0,75900.0,37
201700027042,17,1,13,740,5,2,3,2.0,7.0,37214,M,,,37
201700027043,17,1,13,920,1,2,2,2.0,3.0,37261,M,4737127.0,69761.0,37
201700027044,17,12,26,955,1,1,1,1.0,7.0,37122,M,4733309.0,67295.0,37
201700027045,17,1,13,1835,5,2,1,1.0,6.0,37195,M,4738663.0,65648.0,37
201700027046,17,1,13,2315,5,2,3,1.0,3.0,37122,M,,,37
201700027047,17,1,14,1230,1,2,3,1.0,6.0,37261,M,,,37
201700027048,17,1,16,725,5,2,3,1.0,6.0,37214,M,4741117.0,67656.0,37
201700027049,17,1,16,1830,5,2,9,1.0,3.0,37261,M,4742818.0,70411.0,37
201700027050,17,1,16,2130,5,2,6,1.0,3.0,37261,M,4741847.0,68375.0,37
201700027051,17,1,18,25,5,2,1,1.0,6.0,37233,M,4739676.0,71247.0,37
201700027052,17,1,19,905,1,2,7,1.0,3.0,37195,M,4739100.0,66700.0,37
201700027053,17,1,19,750,5,2,3,1.0,6.0,37261,M,,,37
201700027054,17,1,19,2235,5,2,1,1.0,7.0,37261,M,4739357.0,68762.0,37
201700027055,17,1,20,1225,1,2,2,1.0,3.0,37261,M,4743200.0,69300.0,37
201700027056,17,1,20,1610,1,2,6,1.0,6.0,37261,M,4743042.0,67321.0,37
201700027057,17,1,18,1155,1,2,1,1.0,3.0,37261,M,4737375.0,68050.0,37
201700027058,17,1,22,940,1,2,2,1.0,3.0,37261,M,4739025.0,68654.0,37
201700027059,17,1,22,1640,1,2,2,1.0,3.0,37214,M,4742809.0,67256.0,37
201700027060,17,1,22,1900,5,2,3,1.0,6.0,37261,M,4739710.0,68826.0,37
201700027061,17,1,23,1025,1,2,2,1.0,3.0,37233,M,4739679.0,73833.0,37
201700027062,17,1,24,720,5,2,3,5.0,7.0,37122,M,4735408.0,66633.0,37
201700027063,17,1,18,1600,1,2,1,1.0,6.0,37214,M,,,37
201700027064,17,1,25,1850,5,2,1,1.0,7.0,37233,M,4738167.0,72392.0,37
201700027065,17,1,26,1940,5,2,1,1.0,6.0,37261,M,4741250.0,70200.0,37
201700027066,17,1,29,1314,1,2,2,1.0,4.0,37261,M,4739788.0,69940.0,37
201700027067,17,1,29,1635,1,2,1,1.0,7.0,37122,M,4736495.0,65571.0,37
201700027068,17,1,30,1235,1,2,3,1.0,3.0,37122,M,4735403.0,65158.0,37
201700027069,17,1,30,1605,1,2,1,1.0,3.0,37261,M,4738956.0,68489.0,37
201700027070,17,1,31,845,1,2,1,2.0,2.0,37261,M,4743100.0,70400.0,37
201700027071,17,1,31,825,1,1,1,2.0,7.0,37214,M,4739713.0,66402.0,37
201700027072,17,1,31,1215,1,2,1,1.0,3.0,37261,M,4738200.0,68500.0,37
201700027073,17,2,1,845,1,2,1,1.0,7.0,37122,M,4734718.0,67738.0,37
201700027074,17,2,1,1150,1,2,3,1.0,2.0,37233,M,4737900.0,72100.0,37
201700027075,17,2,1,1310,1,2,7,1.0,2.0,37261,M,4738967.0,68916.0,37
201700027076,17,2,1,1630,1,2,7,1.0,6.0,37261,M,4740914.0,68134.0,37