Num_Acc,an,mois,jour,hrmn,lum,agg,int,atm,col,com,gps,lat,long,dep
201700027077,17,2,2,1350,1,2,2,1.0,3.0,37261,M,4737313.0,68913.0,37
201700027078,17,2,2,1705,1,2,2,2.0,1.0,37261,M,4743545.0,69320.0,37
201700027079,17,2,4,1655,1,2,3,1.0,3.0,37261,M,4738002.0,69037.0,37
201700027080,17,2,5,2355,5,2,6,2.0,7.0,37261,M,4739726.0,70380.0,37
201700027081,17,2,7,800,1,2,3,2.0,3.0,37122,M,,,37
201700027082,17,2,7,1030,1,2,1,1.0,7.0,37261,M,4739071.0,69372.0,37
201700027083,17,2,7,1315,1,2,1,1.0,6.0,37261,M,4738929.0,67099.0,37
201700027084,17,2,7,2145,5,2,3,1.0,2.0,37261,M,4741257.0,68556.0,37
201700027085,17,2,8,830,1,2,1,1.0,2.0,37261,M,4737338.0,68959.0,37
201700027086,17,2,8,1825,5,2,3,2.0,7.0,37195,M,4738973.0,66215.0,37
201700027087,17,2,9,1125,1,2,1,1.0,1.0,37195,M,4738057.0,64976.0,37
201700027088,17,2,9,2130,3,2,1,1.0,6.0,37261,M,4738113.0,64993.0,37
201700027089,17,2,10,910,1,2,6,1.0,3.0,37195,M,4738495.0,65421.0,37
201700027090,17,2,11,1650,1,2,3,1.0,3.0,37122,M,4734586.0,66235.0,37
201700027091,17,2,15,430,3,2,1,1.0,6.0,37195,M,4738242.0,63120.0,37
201700027092,17,2,16,1100,1,2,2,2.0,7.0,37261,M,4739390.0,69460.0,37
201700027093,17,2,16,1450,1,2,9,1.0,7.0,37122,M,4731183.0,67162.0,37
201700027094,17,2,17,1346,1,2,7,1.0,3.0,37261,M,4740166.0,68401.0,37
201700027095,17,2,17,1525,1,2,3,1.0,7.0,37195,M,4737992.0,66385.0,37
201700027096,17,2,18,1810,1,2,2,1.0,6.0,37261,M,4739634.0,69176.0,37
201700027097,17,2,18,2200,5,2,2,1.0,6.0,37261,M,4339287.0,67234.0,37
201700027098,17,2,18,1910,5,2,2,1.0,3.0,37261,M,4741863.0,68221.0,37
201700027099,17,2,22,1155,1,2,3,1.0,6.0,37208,M,4735913.0,72769.0,37
201700027100,17,2,26,200,5,2,4,1.0,6.0,37208,M,4736891.0,73096.0,37
201700027101,17,2,25,2315,5,2,9,1.0,3.0,37261,M,4740749.0,72137.0,37
201700027102,17,2,27,2153,3,2,1,2.0,6.0,37122,M,4734379.0,64635.0,37
201700027103,17,2,28,835,1,2,3,2.0,3.0,37261,M,4743256.0,70342.0,37
201700027104,17,3,1,1730,1,2,1,2.0,6.0,37261,M,4738933.0,68330.0,37
201700027105,17,3,2,945,1,1,1,1.0,2.0,37122,M,4733000.0,68000.0,37
201700027106,17,3,2,1445,1,2,2,1.0,3.0,37261,M,4738401.0,69144.0,37
201700027107,17,3,2,1655,1,2,6,1.0,1.0,37195,M,4738277.0,65466.0,37
201700027108,17,3,3,1855,2,2,4,1.0,2.0,37261,M,4738149.0,70655.0,37
201700027109,17,3,3,2025,5,2,3,2.0,6.0,37233,M,4738077.0,73235.0,37
201700027110,17,2,26,1838,2,2,1,3.0,6.0,37122,M,4735365.0,69291.0,37
201700027111,17,3,5,910,1,2,2,2.0,3.0,37261,M,4739239.0,70026.0,37
201700027112,17,3,6,915,1,2,2,2.0,3.0,37261,M,4738549.0,67287.0,37
201700027113,17,3,6,1630,1,2,1,1.0,6.0,37261,M,4737972.0,70433.0,37
201700027114,17,3,6,2115,5,2,6,2.0,7.0,37261,M,4737040.0,67747.0,37
201700027115,17,3,9,1110,1,2,2,1.0,3.0,37214,M,4742175.0,65485.0,37
201700027116,17,3,9,1440,1,2,1,1.0,2.0,37233,M,4737900.0,72096.0,37
201700027117,17,3,9,1610,1,1,1,1.0,6.0,37122,M,4732105.0,66740.0,37
201700027118,17,1,1,2130,5,2,3,2.0,6.0,37261,M,4741435.0,68544.0,37
201700027119,17,3,11,1350,1,2,2,1.0,3.0,37214,M,4741115.0,67559.0,37
201700027120,17,3,11,1900,2,2,3,1.0,6.0,37208,M,4736542.0,72718.0,37
201700027121,17,3,11,1420,1,2,8,1.0,2.0,37122,M,,,37
201700027122,17,3,14,2145,5,2,3,1.0,6.0,37122,M,,,37
201700027123,17,3,16,600,5,2,1,1.0,6.0,37261,M,4741207.0,68477.0,37
201700027124,17,3,16,845,1,2,4,1.0,2.0,37233,M,4739966.0,72577.0,37
201700027125,17,3,17,930,1,2,6,1.0,6.0,37261,M,4736534.0,67548.0,37
201700027126,17,3,18,101,3,2,4,1.0,7.0,37122,M,4736823.0,65349.0,37
201700027127,17,3,19,1335,1,2,2,1.0,3.0,37261,M,4738300.0,70400.0,37
201700027128,17,3,20,850,1,1,1,1.0,4.0,37122,M,4733000.0,68000.0,37
201700027129,17,3,21,745,1,2,3,2.0,3.0,37195,M,4738000.0,62000.0,37
201700027130,17,3,21,900,1,2,2,2.0,7.0,37261,M,4739291.0,68771.0,37
201700027131,17,1,19,1000,1,1,9,1.0,2.0,37261,M,,,37
201700027132,17,3,23,740,1,2,9,1.0,1.0,37208,M,4736691.0,73047.0,37
201700027133,17,3,23,1215,1,2,2,1.0,3.0,37261,M,4741435.0,69311.0,37
201700027134,17,3,23,1330,1,2,3,2.0,3.0,37261,M,,,37
201700027135,17,3,24,1330,1,2,2,8.0,3.0,37195,M,,,37
201700027136,17,3,24,1540,1,2,1,8.0,6.0,37195,M,,,37
201700027137,17,3,25,915,1,2,2,1.0,3.0,37195,M,4738478.0,65347.0,37
201700027138,17,3,25,1445,1,2,2,1.0,6.0,37261,M,,,37
201700027139,17,3,26,340,5,2,1,1.0,6.0,37261,M,4739759.0,69811.0,37
201700027140,17,3,27,1655,1,2,7,1.0,6.0,37261,M,4738474.0,67628.0,37
201700027141,17,3,27,1755,1,2,1,1.0,6.0,37261,M,4742321.0,68137.0,37
201700027142,17,3,28,800,1,2,1,1.0,7.0,37122,M,4733785.0,65782.0,37
201700027143,17,3,29,1220,1,2,4,1.0,6.0,37122,M,4734613.0,64539.0,37
201700027144,17,3,30,900,1,2,1,1.0,1.0,37122,M,,,37
201700027145,17,4,2,535,5,2,2,1.0,7.0,37233,M,4739200.0,72500.0,37
201700027146,17,4,2,1120,1,2,4,1.0,6.0,37214,M,4740500.0,67500.0,37
201700027147,17,4,3,615,5,2,2,1.0,1.0,37122,M,,,37
201700027148,17,4,3,1050,1,2,6,1.0,3.0,37261,M,4738138.0,70642.0,37
201700027149,17,2,11,2230,5,2,9,1.0,6.0,37261,M,,,37
201700027150,17,4,4,550,3,2,1,1.0,6.0,37122,M,4734490.0,63568.0,37
201700027151,17,4,5,1,5,2,6,1.0,6.0,37214,M,4740067.0,67882.0,37
201700027152,17,4,5,1715,1,2,3,1.0,2.0,37261,M,,,37
201700027153,17,4,6,1700,1,2,1,1.0,1.0,37208,M,4745667.0,73110.0,37
201700027154,17,4,7,645,2,2,2,1.0,5.0,37214,M,4741900.0,66500.0,37
201700027155,17,3,23,1845,3,2,1,2.0,7.0,37195,M,,,37
201700027156,17,4,8,1030,1,2,3,1.0,2.0,37261,M,4738500.0,71000.0,37
201700027157,17,4,8,1730,1,2,3,1.0,3.0,37261,M,4737245.0,71593.0,37
201700027158,17,4,8,1800,1,2,1,1.0,3.0,37233,M,4738833.0,71627.0,37
201700027159,17,4,8,1850,1,2,6,1.0,3.0,37195,M,4738492.0,64199.0,37
201700027160,17,4,10,1520,1,2,2,1.0,6.0,37208,M,4736443.0,73549.0,37
201700027161,17,4,10,2015,1,2,6,1.0,3.0,37122,M,4735050.0,65637.0,37
201700027162,17,4,11,925,1,2,4,1.0,2.0,37261,M,4742638.0,67653.0,37
201700027163,17,4,11,1725,1,2,6,1.0,2.0,37261,M,4741867.0,69297.0,37
201700027164,17,4,12,1320,1,2,5,1.0,2.0,37261,M,,,37
201700027165,17,4,12,1650,1,2,7,1.0,6.0,37195,M,,,37
201700027166,17,4,13,1310,1,2,1,1.0,3.0,37261,M,4737459.0,67875.0,37
201700027167,17,4,14,1500,1,2,1,1.0,3.0,37261,M,4736331.0,69863.0,37
201700027168,17,4,15,1140,1,2,3,1.0,3.0,37214,M,4742360.0,65777.0,37
201700027169,17,4,17,555,2,2,6,1.0,2.0,37261,M,4743158.0,69016.0,37
201700027170,17,4,17,2105,5,2,2,1.0,3.0,37261,M,4737929.0,68231.0,37
201700027171,17,4,18,1335,1,2,1,1.0,2.0,37261,M,4739819.0,68555.0,37
201700027172,17,4,19,1200,1,2,2,1.0,3.0,37261,M,,,37
201700027173,17,4,22,1736,1,2,2,1.0,3.0,37122,M,4734887.0,66353.0,37
201700027174,17,4,24,905,1,2,1,1.0,4.0,37261,M,4739188.0,64756.0,37
201700027175,17,4,24,1350,1,2,6,1.0,2.0,37261,M,,,37
201700027176,17,4,25,705,1,2,3,1.0,7.0,37122,M,4735700.0,68100.0,37
201700027177,17,4,25,1310,1,2,2,2.0,3.0,37233,M,4739681.0,73835.0,37
201700027178,17,4,26,1240,1,2,3,1.0,3.0,37261,M,4741011.0,68270.0,37
201700027179,17,4,27,750,1,2,3,1.0,6.0,37261,M,,,37
201700027180,17,4,28,1225,1,2,1,1.0,2.0,37261,M,4736962.0,67181.0,37
201700027181,17,4,28,1335,1,2,6,1.0,6.0,37261,M,4737057.0,67804.0,37
201700027182,17,4,29,1855,1,2,6,1.0,4.0,37261,M,4737044.0,67616.0,37
201700027183,17,4,30,1150,1,1,1,1.0,2.0,37261,M,4738423.0,65129.0,37
201700027184,17,5,2,1145,1,2,2,1.0,3.0,37122,M,4735400.0,69500.0,37
201700027185,17,5,2,1425,1,2,2,1.0,3.0,37195,M,4737904.0,64383.0,37
201700027186,17,5,3,1150,1,2,2,1.0,3.0,37261,M,4739751.0,69940.0,37
201700027187,17,5,4,845,1,2,1,1.0,3.0,37233,M,4739691.0,70699.0,37
201700027188,17,5,4,1355,1,2,3,1.0,3.0,37214,M,4740339.0,65032.0,37
201700027189,17,5,4,1605,1,2,2,1.0,6.0,37261,M,4738574.0,68265.0,37
201700027190,17,5,3,1945,1,2,2,1.0,7.0,37261,M,,,37
201700027191,17,5,5,1155,1,2,4,1.0,4.0,37261,M,4737097.0,65390.0,37
201700027192,17,5,8,2300,5,2,4,1.0,5.0,37261,M,4738364.0,70222.0,37
201700027193,17,5,10,825,1,2,1,1.0,6.0,37261,M,4738539.0,67237.0,37
201700027194,17,4,12,1710,1,2,1,1.0,7.0,37214,M,,,37
201700027195,17,5,9,2025,1,2,2,7.0,3.0,37261,M,4741886.0,68136.0,37
201700027196,17,5,10,1715,1,2,3,1.0,3.0,37261,M,4738302.0,66894.0,37
201700027197,17,5,11,1635,1,2,1,2.0,2.0,37122,M,4734923.0,66612.0,37
201700027198,17,5,11,1230,1,2,6,2.0,3.0,37214,M,4740043.0,67900.0,37
201700027199,17,5,12,740,1,2,1,1.0,3.0,37261,M,4743256.0,67405.0,37
201700027200,17,5,12,1530,1,2,2,1.0,4.0,37208,M,4736800.0,75500.0,37
201700027201,17,5,13,700,1,2,2,1.0,2.0,37261,M,4742300.0,67200.0,37
201700027202,17,5,14,1950,1,2,2,1.0,3.0,37233,M,4739007.0,72591.0,37
201700027203,17,5,16,905,1,2,1,1.0,6.0,37261,M,4739346.0,68445.0,37
201700027204,17,5,16,930,1,2,1,1.0,6.0,37261,M,4738925.0,69549.0,37
201700027205,17,5,16,1300,1,2,3,1.0,2.0,37261,M,4739907.0,67552.0,37
201700027206,17,5,10,1725,1,2,2,1.0,3.0,37261,M,4736659.0,14574.0,37
201700027207,17,5,18,1530,1,2,1,3.0,6.0,37122,M,4736700.0,65400.0,37
201700027208,17,5,18,2015,1,2,6,2.0,7.0,37261,M,,,37
201700027209,17,5,19,1600,1,2,1,1.0,6.0,37261,M,4739286.0,69035.0,37
201700027210,17,5,19,1830,1,2,1,2.0,3.0,37261,M,4740072.0,70104.0,37
201700027211,17,5,20,1,5,2,4,8.0,3.0,37233,M,4738118.0,73744.0,37
201700027212,17,5,20,1557,1,2,1,1.0,6.0,37261,M,4738954.0,69568.0,37
201700027213,17,5,20,1740,1,2,3,1.0,2.0,37214,M,4741161.0,67533.0,37
201700027214,17,5,20,2200,5,2,2,1.0,3.0,37122,M,4736684.0,64177.0,37
201700027215,17,5,22,1015,1,2,1,1.0,4.0,37122,M,4734259.0,64731.0,37
201700027216,17,5,23,1510,1,2,1,1.0,6.0,37261,M,4739154.0,69040.0,37
201700027217,17,5,23,1540,1,2,1,1.0,7.0,37261,M,4739304.0,68774.0,37
201700027218,17,5,23,2220,5,2,1,1.0,6.0,37261,M,4736382.0,70092.0,37
201700027219,17,5,24,710,1,2,6,1.0,3.0,37214,M,,,37
201700027220,17,4,18,1633,1,2,3,1.0,7.0,37122,M,,,37
201700027221,17,5,25,1115,1,2,2,1.0,4.0,37261,M,4742300.0,69800.0,37
201700027222,17,5,26,400,5,2,1,1.0,6.0,37261,M,4737685.0,69403.0,37
201700027223,17,5,26,1645,1,2,3,1.0,3.0,37208,M,4736108.0,73684.0,37
201700027224,17,5,28,45,5,2,2,1.0,3.0,37261,M,4737856.0,71073.0,37
201700027225,17,4,27,1546,1,2,4,1.0,3.0,37233,M,,,37
201700027226,17,5,30,1750,1,2,4,1.0,4.0,37261,M,4740079.0,68225.0,37
201700027227,17,5,31,1550,1,2,3,1.0,3.0,37261,M,4737334.0,68914.0,37
201700027228,17,5,31,1825,1,2,3,1.0,3.0,37261,M,4736360.0,69960.0,37
201700027229,17,5,18,1625,1,2,2,1.0,6.0,37261,M,4739256.0,67911.0,37
201700027230,17,6,1,710,1,2,3,1.0,3.0,37261,M,4740147.0,68664.0,37
201700027231,17,6,1,1935,1,2,2,1.0,4.0,37261,M,4737262.0,69581.0,37
201700027232,17,5,18,848,1,2,1,2.0,3.0,37261,M,4738625.0,65011.0,37
201700027233,17,6,3,245,5,2,1,1.0,6.0,37261,M,4740787.0,68179.0,37
201700027234,17,6,2,2045,1,2,2,1.0,3.0,37261,M,4739466.0,68705.0,37
201700027235,17,6,3,1537,1,2,2,1.0,3.0,37261,M,4741179.0,68961.0,37
201700027236,17,6,5,1050,1,2,1,1.0,3.0,37233,M,4737961.0,71602.0,37
201700027237,17,6,5,1845,1,2,2,1.0,3.0,37233,M,4737800.0,71500.0,37
201700027238,17,6,8,1050,1,2,2,1.0,2.0,37261,M,4739329.0,68885.0,37
201700027239,17,6,8,1800,1,2,4,1.0,3.0,37208,M,4736247.0,71468.0,37
201700027240,17,6,9,1550,1,2,2,1.0,3.0,37261,M,4740210.0,69335.0,37
201700027241,17,6,9,2030,1,2,1,1.0,2.0,37122,M,4736266.0,64819.0,37
201700027242,17,6,9,2135,2,2,1,1.0,6.0,37261,M,4740160.0,68418.0,37
201700027243,17,6,10,1640,1,2,3,1.0,6.0,37261,M,4739431.0,69277.0,37
201700027244,17,6,11,2155,5,2,3,1.0,2.0,37214,M,4739575.0,65664.0,37
201700027245,17,6,13,1230,1,2,2,1.0,3.0,37261,M,4738663.0,69218.0,37
201700027246,17,6,13,1810,1,1,3,1.0,3.0,37122,M,4732886.0,66449.0,37
201700027247,17,6,13,1905,1,2,2,1.0,3.0,37261,M,4738931.0,70177.0,37
201700027248,17,6,14,1403,1,2,3,1.0,3.0,37261,M,4740660.0,68239.0,37
201700027249,17,6,16,1250,1,2,6,1.0,3.0,37261,M,4737663.0,66241.0,37
201700027250,17,6,16,1440,1,1,1,1.0,5.0,37233,M,4739814.0,73339.0,37
201700027251,17,6,16,1700,1,2,6,1.0,3.0,37214,M,4742653.0,65480.0,37
201700027252,17,6,16,2010,1,2,7,1.0,2.0,37261,M,4737930.0,69244.0,37
201700027253,17,6,17,1810,1,2,3,1.0,4.0,37261,M,4742819.0,67914.0,37
201700027254,17,6,17,2000,1,2,1,1.0,1.0,37208,M,4736673.0,74546.0,37
201700027255,17,6,17,1925,1,2,1,1.0,1.0,37261,M,4740336.0,72345.0,37
201700027256,17,6,18,1725,1,2,1,1.0,7.0,37195,M,4738955.0,65741.0,37
201700027257,17,6,18,1600,1,1,1,1.0,2.0,37122,M,4730577.0,64986.0,37
201700027258,17,6,19,1615,1,2,6,1.0,1.0,37261,M,4739627.0,68412.0,37
201700027259,17,6,19,1805,1,2,1,1.0,6.0,37261,M,4738144.0,70263.0,37
201700027260,17,6,20,2356,5,2,1,1.0,2.0,37261,M,4739779.0,68591.0,37
201700027261,17,6,21,1800,1,2,2,1.0,3.0,37261,M,4738919.0,68317.0,37
201700027262,17,6,21,2105,1,2,1,1.0,6.0,37261,M,4741467.0,68233.0,37
201700027263,17,6,22,1855,1,2,1,1.0,3.0,37261,M,4738766.0,69719.0,37
201700027264,17,6,23,1101,1,2,1,1.0,2.0,37261,M,4741230.0,70274.0,37
201700027265,17,6,23,1720,1,2,1,1.0,3.0,37261,M,4738102.0,70030.0,37
201700027266,17,6,26,2210,5,2,2,8.0,6.0,37261,M,4738862.0,67618.0,37
201700027267,17,6,27,1530,1,2,1,3.0,7.0,37122,M,4735312.0,65896.0,37
201700027268,17,6,28,855,1,2,1,1.0,5.0,37122,M,4735777.0,70165.0,37
201700027269,17,6,29,450,5,2,2,8.0,6.0,37261,M,4738759.0,65057.0,37
201700027270,17,6,29,1225,1,2,2,1.0,3.0,37261,M,4739090.0,68359.0,37
201700027271,17,6,29,1650,1,2,2,1.0,6.0,37261,M,4738300.0,68800.0,37
201700027272,17,6,29,1700,1,2,2,2.0,3.0,37261,M,4738300.0,67200.0,37
201700027273,17,6,30,835,1,2,3,2.0,6.0,37214,M,4740700.0,66900.0,37
201700027274,17,6,30,1355,1,1,1,2.0,5.0,37122,M,4732664.0,65009.0,37
201700027275,17,6,30,1835,1,2,1,1.0,6.0,37208,M,4736703.0,73934.0,37
201700027276,17,7,3,715,1,2,6,1.0,7.0,37261,M,4742999.0,70492.0,37
201700027277,17,7,3,1025,1,2,3,1.0,1.0,37122,M,4735770.0,73934.0,37
201700027278,17,7,3,1430,1,2,1,1.0,6.0,37233,M,4738938.0,71854.0,37
201700027279,17,7,4,1010,1,2,1,1.0,6.0,37208,M,4737117.0,71669.0,37
201700027280,17,7,5,5,3,1,3,1.0,1.0,37122,M,4736734.0,65462.0,37
201700027281,17,7,4,1215,1,2,1,1.0,2.0,37261,M,4743198.0,69704.0,37
201700027282,17,7,5,1830,1,2,9,1.0,6.0,37261,M,4742700.0,70800.0,37
201700027283,17,7,7,2330,5,2,1,1.0,7.0,37261,M,4736281.0,69648.0,37
201700027284,17,7,9,1150,1,2,2,1.0,3.0,37261,M,4741886.0,68141.0,37
201700027285,17,7,9,2245,5,2,2,8.0,3.0,37261,M,4739755.0,69938.0,37
201700027286,17,7,9,1728,1,2,1,2.0,6.0,37261,M,4738221.0,68869.0,37
201700027287,17,7,10,1735,1,1,1,1.0,3.0,37122,M,4730578.0,64987.0,37
201700027288,17,7,11,1805,1,2,1,1.0,6.0,37214,M,4741292.0,66427.0,37
201700027289,17,7,12,805,1,2,2,1.0,3.0,37261,M,4742359.0,63171.0,37
201700027290,17,7,13,450,5,2,1,1.0,6.0,37261,M,4739542.0,69738.0,37
201700027291,17,7,13,1005,1,2,2,1.0,3.0,37122,M,4735920.0,66854.0,37
201700027292,17,7,13,1050,1,2,2,1.0,3.0,37195,M,4738388.0,66033.0,37
201700027293,17,7,14,1715,1,2,1,1.0,2.0,37261,M,4740029.0,67890.0,37
201700027294,17,7,15,50,5,2,1,1.0,7.0,37261,M,4740295.0,70720.0,37
201700027295,17,7,15,449,5,2,1,1.0,6.0,37261,M,4739352.0,70262.0,37
201700027296,17,7,16,2138,2,2,3,1.0,3.0,37261,M,4738252.0,70433.0,37
201700027297,17,7,17,740,1,2,1,1.0,3.0,37122,M,4735485.0,69946.0,37
201700027298,17,7,18,2300,5,2,3,1.0,3.0,37214,M,4740599.0,66672.0,37
201700027299,17,7,19,720,1,2,3,2.0,6.0,37261,M,4740395.0,71061.0,37
201700027300,17,7,19,1330,1,2,1,1.0,3.0,37208,M,4736593.0,71816.0,37
201700027301,17,7,19,1910,1,2,1,1.0,3.0,37261,M,4740308.0,70507.0,37
201700027302,17,7,20,450,5,2,1,1.0,6.0,37122,M,4734246.0,63351.0,37
201700027303,17,7,20,1355,1,2,1,1.0,6.0,37261,M,4739032.0,69420.0,37
201700027304,17,7,20,1745,1,1,1,1.0,2.0,37122,M,4733236.0,67354.0,37
201700027305,17,7,20,1920,1,2,1,1.0,2.0,37261,M,4738409.0,69570.0,37
201700027306,17,7,21,1030,1,2,1,1.0,6.0,37214,M,4741256.0,67185.0,37
201700027307,17,7,21,1500,1,2,1,1.0,2.0,37261,M,4737501.0,70068.0,37
201700027308,17,7,21,1955,1,2,1,1.0,7.0,37261,M,4732279.0,68501.0,37
201700027309,17,7,22,2015,1,2,1,1.0,2.0,37261,M,4740836.0,72110.0,37
201700027310,17,7,24,810,1,2,1,1.0,2.0,37233,M,4739744.0,73135.0,37
201700027311,17,7,24,1615,1,2,1,1.0,2.0,37233,M,4739076.0,74046.0,37
201700027312,17,7,24,1725,1,2,2,1.0,3.0,37261,M,4738248.0,69179.0,37
201700027313,17,7,26,1455,1,2,2,2.0,3.0,37261,M,4739111.0,69777.0,37
201700027314,17,7,26,1825,1,2,1,1.0,3.0,37261,M,4739133.0,69766.0,37
201700027315,17,7,27,1020,1,2,1,2.0,6.0,37261,M,4742691.0,69767.0,37
201700027316,17,7,27,1547,1,2,2,1.0,3.0,37208,M,4735671.0,73179.0,37
201700027317,17,7,27,1618,1,2,3,1.0,3.0,37122,M,4735812.0,69282.0,37
201700027318,17,7,27,1419,1,2,1,1.0,3.0,37261,M,4743177.0,66266.0,37
201700027319,17,7,28,1435,1,2,2,1.0,3.0,37261,M,4741419.0,69664.0,37
201700027320,17,7,29,535,2,2,1,1.0,2.0,37233,M,4737639.0,71515.0,37
201700027321,17,7,29,155,5,2,1,1.0,1.0,37261,M,4740181.0,68946.0,37
201700027322,17,7,29,2345,3,2,1,1.0,7.0,37195,M,4738716.0,64854.0,37
201700027323,17,7,30,525,5,2,1,1.0,2.0,37261,M,4736485.0,70865.0,37
201700027324,17,7,31,1350,1,2,1,1.0,3.0,37261,M,4736414.0,68521.0,37
201700027325,17,7,31,1710,1,2,2,3.0,3.0,37214,M,4741300.0,66723.0,37
201700027326,17,8,1,1420,1,1,1,1.0,2.0,37122,M,4734456.0,64613.0,37
201700027327,17,8,1,1400,1,2,1,1.0,7.0,37122,M,4735439.0,69365.0,37
201700027328,17,8,7,1645,1,2,9,1.0,3.0,37233,M,4737867.0,71664.0,37
201700027329,17,8,8,810,1,2,3,1.0,6.0,37214,M,4741462.0,67000.0,37
201700027330,17,8,9,1055,1,2,1,1.0,6.0,37261,M,4736189.0,70711.0,37
201700027331,17,8,9,1230,1,2,1,1.0,6.0,37261,M,4737567.0,70984.0,37
201700027332,17,8,10,720,2,2,1,1.0,6.0,37261,M,4735910.0,71130.0,37
201700027333,17,8,10,1955,1,2,3,2.0,3.0,37214,M,4723371.0,65774.0,37
201700027334,17,8,11,1000,1,2,4,2.0,7.0,37233,M,4739500.0,70600.0,37
201700027335,17,8,11,1050,1,2,2,2.0,3.0,37122,M,4734775.0,65573.0,37
201700027336,17,8,12,1320,1,2,2,1.0,3.0,37261,M,4738090.0,68916.0,37
201700027337,17,8,15,1745,1,2,3,1.0,3.0,37122,M,4735600.0,69800.0,37
201700027338,17,8,18,550,3,1,1,2.0,7.0,37261,M,4737698.0,65034.0,37
201700027339,17,8,18,1010,1,2,1,3.0,6.0,37261,M,4737900.0,64900.0,37
201700027340,17,8,18,1130,1,1,1,3.0,6.0,37261,M,4734100.0,65200.0,37
201700027341,17,8,18,1240,1,2,1,2.0,6.0,37208,M,4733868.0,73940.0,37
201700027342,17,8,18,1310,1,2,6,2.0,7.0,37261,M,4737487.0,67131.0,37
201700027343,17,8,18,1425,1,1,1,2.0,6.0,37122,M,4734446.0,64625.0,37
201700027344,17,8,19,1105,1,2,6,1.0,3.0,37208,M,4734209.0,73746.0,37
201700027345,17,8,19,1410,1,2,2,1.0,3.0,37122,M,4735560.0,69897.0,37
201700027346,17,8,22,815,1,2,6,1.0,3.0,37261,M,4743043.0,70535.0,37
201700027347,17,8,25,845,1,2,6,2.0,7.0,37261,M,4743687.0,71009.0,37
201700027348,17,8,25,1315,1,2,6,1.0,2.0,37261,M,4737418.0,67875.0,37
201700027349,17,8,25,1459,1,2,1,1.0,2.0,37261,M,4739381.0,68927.0,37
201700027350,17,8,25,1550,1,2,1,1.0,2.0,37261,M,4736426.0,70370.0,37
201700027351,17,8,25,1800,1,2,1,1.0,6.0,37261,M,4738695.0,67652.0,37
201700027352,17,8,26,2200,5,2,3,1.0,2.0,37261,M,4736575.0,69866.0,37
201700027353,17,8,27,720,1,2,2,1.0,3.0,37261,M,4738633.0,68401.0,37
201700027354,17,8,28,1045,1,2,6,1.0,2.0,37261,M,4742624.0,70116.0,37
201700027355,17,8,29,950,1,2,6,1.0,7.0,37261,M,4739731.0,70388.0,37
201700027356,17,8,29,1130,1,2,1,1.0,6.0,37261,M,4737321.0,69552.0,37
201700027357,17,8,29,1850,1,2,2,1.0,3.0,37261,M,4739752.0,69943.0,37
201700027358,17,8,31,750,1,2,1,1.0,3.0,37214,M,4742164.0,66300.0,37
201700027359,17,8,31,750,1,2,2,1.0,3.0,37261,M,,,37
201700027360,17,9,2,345,5,2,1,1.0,6.0,37261,M,4740564.0,70016.0,37
201700027361,17,9,3,1900,1,2,3,1.0,6.0,37122,M,4735500.0,66600.0,37
201700027362,17,9,3,2200,5,2,1,3.0,7.0,37261,M,4739745.0,67639.0,37
201700027363,17,9,4,1325,1,2,1,1.0,6.0,37261,M,4737286.0,68485.0,37
201700027364,17,9,4,1640,1,2,1,1.0,2.0,37261,M,4737165.0,69639.0,37
201700027365,17,7,9,1155,1,2,1,1.0,2.0,37261,M,4740236.0,71250.0,37
201700027366,17,9,6,1425,1,2,1,1.0,6.0,37233,M,4737920.0,71565.0,37
201700027367,17,9,6,2005,5,2,2,1.0,3.0,37261,M,4740150.0,68657.0,37
201700027368,17,9,8,850,1,2,3,2.0,7.0,37261,M,4739222.0,68095.0,37
201700027369,17,9,8,1240,1,2,3,1.0,3.0,37233,M,4738159.0,71442.0,37
201700027370,17,9,8,2050,5,2,3,2.0,1.0,37261,M,4740226.0,69428.0,37
201700027371,17,9,9,1820,1,2,6,2.0,3.0,37122,M,4735074.0,67775.0,37
201700027372,17,9,9,1725,1,2,1,1.0,3.0,37261,M,4736472.0,70799.0,37
201700027373,17,9,9,1920,1,2,1,1.0,6.0,37261,M,4742151.0,69585.0,37
201700027374,17,7,31,1110,1,2,1,1.0,6.0,37122,M,4734832.0,65969.0,37
201700027375,17,9,10,1640,1,2,1,1.0,6.0,37261,M,4737675.0,70833.0,37
201700027376,17,7,30,623,1,2,1,1.0,6.0,37122,M,4734941.0,66801.0,37
201700027377,17,9,10,1835,1,2,2,1.0,3.0,37261,M,4738868.0,68457.0,37
201700027378,17,9,10,315,3,1,1,2.0,6.0,37122,M,4734088.0,65403.0,37
201700027379,17,9,11,925,1,2,2,1.0,2.0,37261,M,4748414.0,69445.0,37
201700027380,17,9,12,1430,1,2,2,1.0,3.0,37261,M,4740892.0,70354.0,37
201700027381,17,9,12,1600,1,2,3,1.0,3.0,37261,M,4738493.0,69607.0,37
201700027382,17,9,13,920,1,2,6,2.0,6.0,37122,M,4734547.0,64339.0,37
201700027383,17,9,13,2235,3,2,1,2.0,7.0,37122,M,4733945.0,67457.0,37
201700027384,17,9,14,755,1,2,1,8.0,3.0,37208,M,4736700.0,72300.0,37
201700027385,17,9,14,2020,5,2,1,2.0,7.0,37261,M,4738431.0,68632.0,37
201700027386,17,9,15,1230,1,2,6,1.0,4.0,37261,M,4741147.0,72003.0,37
201700027387,17,9,14,1850,1,2,1,1.0,6.0,37261,M,4740974.0,69129.0,37
201700027388,17,9,16,1120,1,2,3,1.0,6.0,37261,M,4738917.0,68930.0,37
201700027389,17,9,16,240,5,2,2,1.0,3.0,37261,M,4741422.0,69664.0,37
201700027390,17,9,18,827,1,2,3,1.0,4.0,37261,M,4738035.0,68862.0,37