Num_Acc,an,mois,jour,hrmn,lum,agg,int,atm,col,com,gps,lat,long,dep
201700027391,17,9,18,848,1,2,1,1.0,3.0,37208,M,4736800.0,72900.0,37
201700027392,17,9,18,1740,1,2,6,1.0,2.0,37261,M,4739029.0,68958.0,37
201700027393,17,9,21,1215,1,2,1,1.0,2.0,37261,M,4735800.0,70500.0,37
201700027394,17,9,21,1600,1,2,1,1.0,3.0,37261,M,4738900.0,68400.0,37
201700027395,17,9,21,1850,1,1,1,1.0,2.0,37122,M,,,37
201700027396,17,9,21,2215,5,2,2,1.0,3.0,37122,M,4734766.0,65572.0,37
201700027397,17,9,22,1410,1,2,2,1.0,4.0,37261,M,4741800.0,70400.0,37
201700027398,17,9,22,1500,1,2,1,1.0,3.0,37261,M,4739500.0,67700.0,37
201700027399,17,9,23,835,1,2,1,1.0,3.0,37261,M,4739177.0,68130.0,37
201700027400,17,9,24,1625,1,2,6,1.0,6.0,37261,M,4737380.0,67831.0,37
201700027401,17,9,25,850,1,2,3,1.0,2.0,37261,M,4740500.0,69392.0,37
201700027402,17,9,23,1105,1,1,1,1.0,2.0,37122,M,4734105.0,65046.0,37
201700027403,17,9,25,1620,1,2,1,1.0,2.0,37233,M,4738112.0,73512.0,37
201700027404,17,9,26,951,1,2,1,1.0,6.0,37261,M,4737336.0,69575.0,37
201700027405,17,9,25,1232,1,2,3,1.0,6.0,37261,M,4733935.0,67531.0,37
201700027406,17,9,26,2115,5,2,2,1.0,3.0,37122,M,4734306.0,65843.0,37
201700027407,17,9,27,1,5,2,1,1.0,7.0,37122,M,4735155.0,68267.0,37
201700027408,17,9,8,938,1,2,1,8.0,7.0,37261,M,4737404.0,66362.0,37
201700027409,17,9,26,1000,1,2,1,2.0,7.0,37261,M,4739141.0,68826.0,37
201700027410,17,9,29,2110,5,2,1,2.0,6.0,37261,M,4742390.0,68167.0,37
201700027411,17,9,27,2030,5,2,6,1.0,7.0,37122,M,4735538.0,69840.0,37
201700027412,17,9,30,630,3,2,1,1.0,6.0,37233,M,4739653.0,72163.0,37
201700027413,17,9,29,1020,1,2,1,1.0,2.0,37261,M,4738853.0,69042.0,37
201700027414,17,10,1,1030,1,2,1,2.0,6.0,37261,M,4743530.0,70408.0,37
201700027415,17,10,1,1100,1,2,7,2.0,2.0,37122,M,4735136.0,70012.0,37
201700027416,17,10,1,1430,1,2,6,2.0,7.0,37261,M,4737389.0,67857.0,37
201700027417,17,10,1,2045,5,2,1,2.0,6.0,37261,M,4741911.0,67563.0,37
201700027418,17,10,2,815,1,2,1,8.0,7.0,37214,M,4739900.0,67400.0,37
201700027419,17,10,2,708,5,2,2,8.0,3.0,37261,M,4739752.0,69946.0,37
201700027420,17,10,2,1250,1,2,1,1.0,6.0,37261,M,4737490.0,72627.0,37
201700027421,17,10,2,1335,1,2,6,1.0,6.0,37261,M,4738898.0,69599.0,37
201700027422,17,10,2,1515,1,2,2,1.0,3.0,37261,M,4739408.0,68446.0,37
201700027423,17,10,3,745,1,2,3,2.0,7.0,37261,M,4739400.0,66600.0,37
201700027424,17,10,3,1810,1,2,1,1.0,6.0,37261,M,4739586.0,67714.0,37
201700027425,17,10,3,1855,1,2,1,1.0,6.0,37122,M,4734304.0,66150.0,37
201700027426,17,10,4,1045,1,2,1,1.0,6.0,37214,M,4742211.0,65928.0,37
201700027427,17,10,4,1515,1,2,2,1.0,2.0,37261,M,4738700.0,68400.0,37
201700027428,17,10,5,1610,1,2,3,1.0,3.0,37261,M,4743801.0,70865.0,37
201700027429,17,10,5,1805,1,2,6,1.0,6.0,37261,M,4738912.0,69574.0,37
201700027430,17,10,6,820,1,1,1,1.0,6.0,37122,M,4731082.0,67372.0,37
201700027431,17,10,7,1425,1,2,1,1.0,6.0,37261,M,4741887.0,70274.0,37
201700027432,17,10,7,1740,1,2,3,1.0,2.0,37261,M,4736719.0,65484.0,37
201700027433,17,10,7,1905,2,2,2,1.0,3.0,37208,M,4736501.0,71643.0,37
201700027434,17,10,8,1015,1,2,1,1.0,6.0,37122,M,4735000.0,68500.0,37
201700027435,17,10,9,405,5,2,6,5.0,7.0,37195,M,4738216.0,65303.0,37
201700027436,17,10,10,735,2,2,3,2.0,3.0,37261,M,4736770.0,70039.0,37
201700027437,17,10,10,805,1,1,1,2.0,4.0,37122,M,4736476.0,65062.0,37
201700027438,17,10,11,715,2,2,4,1.0,6.0,37261,M,4737940.0,71352.0,37
201700027439,17,10,11,1730,1,2,2,1.0,6.0,37214,M,4740100.0,66700.0,37
201700027440,17,10,12,720,2,2,1,2.0,7.0,37261,M,4739546.0,67528.0,37
201700027441,17,10,12,1045,1,2,1,1.0,7.0,37261,M,4741879.0,68411.0,37
201700027442,17,10,12,1000,1,2,1,1.0,7.0,37214,M,4740247.0,67517.0,37
201700027443,17,10,12,1330,1,2,1,1.0,6.0,37261,M,4735718.0,70235.0,37
201700027444,17,10,12,1620,1,2,1,1.0,3.0,37261,M,4736640.0,71091.0,37
201700027445,17,10,12,1900,5,2,2,1.0,3.0,37261,M,4742362.0,69815.0,37
201700027446,17,10,13,1555,1,2,1,1.0,7.0,37261,M,4742285.0,68341.0,37
201700027447,17,10,13,1600,1,2,3,1.0,3.0,37195,M,4738017.0,66640.0,37
201700027448,17,10,13,1720,1,2,3,1.0,6.0,37208,M,4738393.0,72587.0,37
201700027449,17,10,14,1915,2,2,1,1.0,2.0,37261,M,4742723.0,69663.0,37
201700027450,17,10,14,2125,5,2,1,1.0,6.0,37261,M,4738137.0,70424.0,37
201700027451,17,10,15,450,5,2,3,1.0,6.0,37233,M,4737920.0,72192.0,37
201700027452,17,10,16,925,1,2,6,1.0,3.0,37214,M,4740042.0,67869.0,37
201700027453,17,10,16,1644,1,2,2,1.0,6.0,37261,M,4739668.0,68595.0,37
201700027454,17,10,17,1145,1,2,2,1.0,3.0,37261,M,4737927.0,68233.0,37
201700027455,17,10,17,1511,1,2,6,1.0,3.0,37261,M,4736376.0,69938.0,37
201700027456,17,10,18,815,1,2,9,1.0,6.0,37261,M,4736000.0,69940.0,37
201700027457,17,10,18,1350,1,2,2,1.0,3.0,37122,M,4735561.0,69883.0,37
201700027458,17,10,18,1405,1,2,1,1.0,6.0,37195,M,4738603.0,65640.0,37
201700027459,17,10,19,1715,1,2,1,1.0,3.0,37261,M,4739597.0,67704.0,37
201700027460,17,10,20,810,1,1,1,8.0,1.0,37122,M,4730832.0,68179.0,37
201700027461,17,10,20,750,2,2,1,1.0,4.0,37261,M,4737255.0,67824.0,37
201700027462,17,10,20,1000,1,1,1,1.0,7.0,37122,M,4733400.0,62900.0,37
201700027463,17,10,20,900,1,2,1,1.0,7.0,37261,M,4736100.0,70800.0,37
201700027464,17,10,20,1440,1,2,1,1.0,2.0,37261,M,4736459.0,70977.0,37
201700027465,17,10,20,2250,5,2,1,1.0,2.0,37261,M,4739150.0,70193.0,37
201700027466,17,10,21,1450,1,2,2,1.0,3.0,37122,M,4736711.0,65472.0,37
201700027467,17,10,23,1600,1,2,6,2.0,2.0,37261,M,4737820.0,71494.0,37
201700027468,17,10,23,2240,5,2,3,2.0,3.0,37261,M,4739373.0,70257.0,37
201700027469,17,10,25,1240,1,2,2,1.0,3.0,37261,M,4737598.0,70575.0,37
201700027470,17,10,25,1455,1,2,6,1.0,3.0,37261,M,4736602.0,69816.0,37
201700027471,17,10,27,902,1,2,1,1.0,6.0,37261,M,4738379.0,71090.0,37
201700027472,17,10,27,1025,1,2,6,1.0,3.0,37261,M,4737363.0,67227.0,37
201700027473,17,10,27,1915,5,2,2,1.0,6.0,37261,M,4739572.0,68892.0,37
201700027474,17,10,27,1908,5,2,6,1.0,7.0,37208,M,,,37
201700027475,17,10,30,830,1,2,1,1.0,3.0,37261,M,4740206.0,71346.0,37
201700027476,17,10,31,1915,5,2,3,1.0,6.0,37261,M,4738070.0,68677.0,37
201700027477,17,11,2,500,5,2,1,1.0,7.0,37261,M,4740300.0,70185.0,37
201700027478,17,11,2,1620,1,2,1,1.0,2.0,37261,M,4740764.0,67944.0,37
201700027479,17,11,2,1720,1,2,1,1.0,1.0,37261,M,4738540.0,68682.0,37
201700027480,17,11,3,1740,5,2,2,1.0,3.0,37261,M,4738626.0,70589.0,37
201700027481,17,11,3,2040,5,2,3,1.0,3.0,37261,M,4700000.0,68947.0,37
201700027482,17,11,2,2001,5,2,6,1.0,2.0,37261,M,4741800.0,70421.0,37
201700027483,17,11,5,920,1,2,1,1.0,6.0,37122,M,4733191.0,63402.0,37
201700027484,17,11,5,1200,1,2,1,1.0,3.0,37261,M,4739338.0,70258.0,37
201700027485,17,11,6,850,1,2,2,1.0,3.0,37261,M,4738500.0,70691.0,37
201700027486,17,11,6,920,1,2,3,1.0,3.0,37122,M,,,37
201700027487,17,11,7,1600,1,1,1,1.0,2.0,37261,M,,,37
201700027488,17,11,7,1800,3,2,1,1.0,3.0,37261,M,4738526.0,69548.0,37
201700027489,17,11,8,720,5,2,3,3.0,6.0,37261,M,4739400.0,67700.0,37
201700027490,17,11,8,900,1,2,3,2.0,3.0,37261,M,4737700.0,71325.0,37
201700027491,17,11,10,1300,1,2,4,2.0,2.0,37261,M,4739639.0,70389.0,37
201700027492,17,11,10,1829,5,2,1,1.0,2.0,37261,M,4739982.0,70048.0,37
201700027493,17,11,11,928,1,2,1,2.0,6.0,37261,M,4738948.0,64713.0,37
201700027494,17,11,10,640,5,2,6,8.0,6.0,37261,M,4737362.0,67829.0,37
201700027495,17,11,11,1840,5,2,1,2.0,2.0,37261,M,4738181.0,70582.0,37
201700027496,17,11,11,1850,5,2,1,2.0,7.0,37261,M,4740202.0,69334.0,37
201700027497,17,11,10,1000,1,2,3,1.0,6.0,37261,M,4736610.0,67673.0,37
201700027498,17,11,9,1050,1,2,1,1.0,3.0,37261,M,4736290.0,69695.0,37
201700027499,17,11,9,745,5,2,6,1.0,7.0,37261,M,4742989.0,70484.0,37
201700027500,17,11,13,900,1,2,6,1.0,3.0,37233,M,4739400.0,71600.0,37
201700027501,17,11,14,800,1,2,6,1.0,3.0,37261,M,4737300.0,67800.0,37
201700027502,17,9,2,344,5,2,1,1.0,6.0,37261,M,4737458.0,70527.0,37
201700027503,17,11,14,1255,1,2,1,1.0,6.0,37195,M,4738615.0,66741.0,37
201700027504,17,11,15,1720,3,1,1,1.0,5.0,37122,M,4734487.0,64622.0,37
201700027505,17,11,15,1830,5,2,1,1.0,2.0,37261,M,4737259.0,67815.0,37
201700027506,17,11,16,1335,1,2,1,1.0,4.0,37261,M,4736749.0,65838.0,37
201700027507,17,11,16,1825,5,2,1,1.0,1.0,37261,M,4738960.0,69062.0,37
201700027508,17,11,17,605,5,2,2,1.0,6.0,37261,M,4738392.0,69136.0,37
201700027509,17,9,4,1930,1,2,1,1.0,6.0,37261,M,4738052.0,68828.0,37
201700027510,17,11,18,545,5,2,1,1.0,7.0,37208,M,4736429.0,71567.0,37
201700027511,17,9,9,2015,2,2,8,2.0,7.0,37122,M,,,37
201700027512,17,11,20,935,1,2,4,1.0,2.0,37122,M,,,37
201700027513,17,9,5,920,2,2,4,2.0,7.0,37122,M,4735575.0,69811.0,37
201700027514,17,11,22,1850,5,2,2,1.0,3.0,37208,M,4735600.0,71560.0,37
201700027515,17,11,23,740,5,2,6,1.0,6.0,37261,M,4742200.0,67940.0,37
201700027516,17,11,23,630,3,2,1,8.0,7.0,37233,M,4740134.0,74608.0,37
201700027517,17,11,23,935,1,2,2,2.0,3.0,37261,M,4737800.0,68700.0,37
201700027518,17,11,23,1735,5,2,3,2.0,3.0,37261,M,4738046.0,69778.0,37
201700027519,17,11,23,1845,5,2,1,2.0,2.0,37261,M,4736377.0,70157.0,37
201700027520,17,10,28,1015,1,2,1,1.0,6.0,37261,M,4740677.0,69536.0,37
201700027521,17,11,24,1701,1,2,2,1.0,4.0,37261,M,4738414.0,68911.0,37
201700027522,17,11,24,1225,1,2,1,1.0,1.0,37261,M,4738808.0,66714.0,37
201700027523,17,11,25,1845,5,2,1,1.0,2.0,37233,M,4738053.0,73096.0,37
201700027524,17,11,25,2205,5,2,1,1.0,2.0,37261,M,4739722.0,68876.0,37
201700027525,17,11,28,655,5,2,1,3.0,2.0,37261,M,4739562.0,68312.0,37
201700027526,17,11,28,815,2,1,1,3.0,4.0,37122,M,4734066.0,66319.0,37
201700027527,17,11,28,1255,1,2,6,1.0,7.0,37122,M,4734616.0,66575.0,37
201700027528,17,11,28,1530,1,2,7,1.0,6.0,37261,M,4741187.0,68476.0,37
201700027529,17,11,29,1325,1,2,1,1.0,6.0,37261,M,4735961.0,69794.0,37
201700027530,17,11,29,1525,1,2,1,1.0,6.0,37261,M,4738955.0,68341.0,37
201700027531,17,11,30,700,5,2,1,9.0,7.0,37261,M,4736355.0,69937.0,37
201700027532,17,11,30,735,2,1,1,4.0,6.0,37261,M,4737120.0,65390.0,37
201700027533,17,11,30,615,3,1,1,9.0,6.0,37261,M,4739167.0,64767.0,37
201700027534,17,11,29,1855,5,2,1,1.0,6.0,37261,M,4736790.0,70677.0,37
201700027535,17,11,30,1345,1,2,1,1.0,6.0,37122,M,4734076.0,66162.0,37
201700027536,17,12,2,800,1,2,1,1.0,6.0,37261,M,4737423.0,70302.0,37
201700027537,17,12,2,1035,1,2,6,1.0,3.0,37261,M,4739492.0,70460.0,37
201700027538,17,12,2,1930,5,2,4,1.0,3.0,37261,M,4736800.0,71058.0,37
201700027539,17,11,10,1312,1,2,7,1.0,3.0,37261,M,4736538.0,70872.0,37
201700027540,17,12,4,1500,1,2,4,1.0,3.0,37122,M,4734800.0,66300.0,37
201700027541,17,12,5,1310,1,2,1,1.0,3.0,37261,M,4737546.0,68449.0,37
201700027542,17,12,5,1645,1,2,3,1.0,3.0,37208,M,4735510.0,72735.0,37
201700027543,17,12,7,730,5,2,1,1.0,6.0,37122,M,4734900.0,66400.0,37
201700027544,17,11,17,854,1,1,1,1.0,2.0,37261,M,4723135.0,38556.0,37
201700027545,17,12,7,1135,1,2,1,1.0,7.0,37261,M,4736500.0,70100.0,37
201700027546,17,11,17,2124,5,2,1,1.0,7.0,37122,M,4724187.0,38812.0,37
201700027547,17,12,7,1710,3,2,1,2.0,6.0,37122,M,4735540.0,66108.0,37
201700027548,17,12,8,220,5,2,1,1.0,6.0,37261,M,4738040.0,70791.0,37
201700027549,17,12,8,1130,1,2,2,1.0,5.0,37261,M,4738300.0,70300.0,37
201700027550,17,12,8,1702,2,2,1,1.0,6.0,37261,M,4739487.0,63453.0,37
201700027551,17,12,8,2105,5,2,2,1.0,3.0,37122,M,4734799.0,65776.0,37
201700027552,17,12,12,750,1,2,1,1.0,4.0,37261,M,4737655.0,65102.0,37
201700027553,17,12,12,915,1,2,6,1.0,3.0,37261,M,4743100.0,67875.0,37
201700027554,17,12,8,1200,1,1,1,8.0,6.0,37261,M,4736730.0,65400.0,37
201700027555,17,12,14,1920,5,2,6,1.0,3.0,37261,M,4737899.0,66772.0,37
201700027556,17,12,16,1040,1,2,2,1.0,6.0,37261,M,4738815.0,67587.0,37
201700027557,17,12,14,1931,3,1,1,2.0,7.0,37122,M,4734088.0,65214.0,37
201700027558,17,12,17,1735,3,2,1,1.0,3.0,37122,M,,,37
201700027559,17,12,18,755,5,2,1,2.0,3.0,37261,M,4737464.0,71632.0,37
201700027560,17,12,18,1055,1,2,2,1.0,6.0,37261,M,4739075.0,69180.0,37
201700027561,17,12,20,1809,3,2,1,1.0,2.0,37122,M,4734800.0,64600.0,37
201700027562,17,12,25,1040,1,2,4,2.0,3.0,37261,M,4738260.0,70432.0,37
201700027563,17,12,26,916,1,2,2,1.0,6.0,37214,M,4741137.0,67588.0,37
201700027564,17,12,26,1450,1,2,1,1.0,6.0,37208,M,4736154.0,72105.0,37
201700027565,17,12,26,2035,5,2,1,2.0,7.0,37261,M,4737686.0,70040.0,37
201700027566,17,12,26,2045,5,2,2,3.0,2.0,37261,M,4739068.0,69357.0,37
201700027567,17,12,28,1640,1,2,1,8.0,3.0,37233,M,4737856.0,71935.0,37
201700027568,17,12,30,55,5,2,3,3.0,2.0,37261,M,4739486.0,67132.0,37
201700027569,17,12,30,600,5,2,2,2.0,7.0,37261,M,4739287.0,67866.0,37
201700027570,17,12,30,1530,1,2,2,2.0,6.0,37261,M,4741250.0,70308.0,37
201700027571,17,12,30,1830,3,2,1,1.0,6.0,37195,M,4738895.0,64661.0,37
201700027572,17,12,31,1250,1,2,1,1.0,6.0,37233,M,4737900.0,71500.0,37
201700027573,17,1,9,1950,5,2,1,2.0,7.0,38053,M,,,38
201700027574,17,2,26,710,2,2,3,1.0,3.0,38053,M,,,38
201700027575,17,4,13,1100,1,2,1,1.0,6.0,38053,M,4558498.0,528126.0,38
201700027576,17,5,20,1111,1,2,1,1.0,6.0,38053,M,4558935.0,527903.0,38
201700027577,17,6,7,1100,1,2,2,1.0,2.0,38053,M,4558548.0,528723.0,38
201700027578,17,6,10,1200,1,1,1,1.0,1.0,38053,M,4560433.0,525099.0,38
201700027579,17,7,1,430,3,1,1,1.0,7.0,38053,M,4562138.0,527990.0,38
201700027580,17,5,19,1235,1,2,2,1.0,6.0,38053,M,4558543.0,528709.0,38
201700027581,17,9,11,725,1,2,7,1.0,3.0,38053,M,4559039.0,528191.0,38
201700027582,17,10,10,2040,3,1,6,1.0,3.0,38053,M,4561660.0,526882.0,38
201700027583,17,10,15,350,3,1,1,1.0,6.0,38053,M,4561943.0,526620.0,38
201700027584,17,11,22,740,2,2,1,1.0,3.0,38053,M,4559346.0,526457.0,38
201700027585,17,12,23,2020,5,2,3,1.0,3.0,38053,M,4558731.0,525238.0,38
201700027586,17,1,12,930,1,2,1,1.0,6.0,38185,M,4518682.0,573618.0,38
201700027587,17,1,13,1700,1,2,1,2.0,6.0,38185,M,4518735.0,573713.0,38
201700027588,17,1,16,1215,1,2,3,1.0,3.0,38516,M,4519921.0,575560.0,38
201700027589,17,1,21,2010,5,2,1,1.0,6.0,38151,M,4515522.0,571881.0,38
201700027590,17,1,25,1225,1,2,1,1.0,6.0,38421,M,4518773.0,575238.0,38
201700027591,17,2,1,1831,5,1,1,1.0,6.0,38185,M,4518007.0,570825.0,38
201700027592,17,2,4,2000,2,2,2,1.0,3.0,38151,M,4514812.0,572419.0,38
201700027593,17,2,5,500,3,1,1,2.0,6.0,38151,M,4514254.0,569314.0,38
201700027594,17,2,10,1135,1,2,1,1.0,6.0,38185,M,4519039.0,572466.0,38
201700027595,17,2,10,1645,1,2,1,1.0,6.0,38185,M,4517079.0,574017.0,38
201700027596,17,2,10,2007,1,2,1,1.0,2.0,38185,M,4516937.0,573055.0,38
201700027597,17,2,11,931,1,1,1,1.0,6.0,38151,M,4519277.0,570827.0,38
201700027598,17,2,18,1515,1,2,1,1.0,1.0,38185,M,4519220.0,570746.0,38
201700027599,17,2,18,2000,5,1,1,1.0,6.0,38185,M,4520782.0,568737.0,38
201700027600,17,2,22,1300,1,2,1,1.0,3.0,38169,M,4519545.0,569440.0,38
201700027601,17,2,23,1245,1,2,3,1.0,3.0,38185,M,,,38
201700027602,17,2,23,1930,1,2,1,1.0,3.0,38185,M,,,38
201700027603,17,2,26,640,5,1,1,1.0,6.0,38185,M,4517179.0,576284.0,38
201700027604,17,2,28,140,5,2,1,1.0,6.0,38185,M,4518030.0,571689.0,38
201700027605,17,3,4,1530,1,2,1,1.0,6.0,38185,M,,,38
201700027606,17,3,4,1620,1,2,1,2.0,7.0,38151,M,4515930.0,572408.0,38
201700027607,17,3,5,2015,5,2,2,2.0,1.0,38421,M,4517803.0,575126.0,38
201700027608,17,3,11,513,5,1,1,1.0,1.0,38185,M,4520950.0,568570.0,38
201700027609,17,3,12,1833,1,2,2,1.0,6.0,38169,M,4518912.0,569397.0,38
201700027610,17,3,13,1820,1,2,1,1.0,6.0,38185,M,,,38
201700027611,17,3,14,1830,1,2,4,1.0,6.0,38169,M,4519003.0,569721.0,38
201700027612,17,3,15,730,2,2,1,1.0,6.0,38151,M,4514545.0,571692.0,38
201700027613,17,3,16,915,1,2,6,1.0,3.0,38185,M,4516028.0,571955.0,38
201700027614,17,3,17,900,1,2,2,1.0,6.0,38185,M,4519034.0,573625.0,38
201700027615,17,3,17,1930,2,2,1,1.0,3.0,38185,M,4516615.0,575720.0,38
201700027616,17,3,19,610,1,1,1,1.0,6.0,38185,M,4516009.0,573732.0,38
201700027617,17,3,30,1750,1,2,1,1.0,6.0,38151,M,4514914.0,570166.0,38
201700027618,17,4,5,655,2,1,1,1.0,2.0,38169,M,4520831.0,568709.0,38
201700027619,17,4,7,1200,1,2,1,1.0,3.0,38185,M,4516089.0,571485.0,38
201700027620,17,4,9,1905,1,2,1,1.0,3.0,38185,M,4516787.0,574129.0,38
201700027621,17,4,10,825,1,1,1,1.0,2.0,38185,M,4517873.0,570237.0,38
201700027622,17,4,10,1440,1,1,1,1.0,5.0,38151,M,,,38
201700027623,17,4,11,920,1,1,1,1.0,2.0,38516,M,4520091.0,575937.0,38
201700027624,17,4,18,1240,1,2,1,1.0,2.0,38185,M,4520021.0,570726.0,38
201700027625,17,4,21,2100,2,2,1,1.0,3.0,38185,M,4516437.0,571106.0,38
201700027626,17,4,27,1555,1,2,1,1.0,6.0,38185,M,4516565.0,572387.0,38
201700027627,17,4,30,116,5,2,2,1.0,3.0,38185,M,4518898.0,572940.0,38
201700027628,17,4,30,630,1,2,3,1.0,3.0,38185,M,4518020.0,571021.0,38
201700027629,17,5,3,1815,1,2,4,1.0,3.0,38421,M,4518496.0,576499.0,38
201700027630,17,5,5,1130,1,2,1,1.0,6.0,38421,M,4517384.0,576062.0,38
201700027631,17,5,8,2000,1,2,1,1.0,6.0,38185,M,4517120.0,572578.0,38
201700027632,17,5,10,1145,1,2,1,1.0,6.0,38185,M,4519005.0,572829.0,38
201700027633,17,5,10,2120,5,2,1,3.0,6.0,38421,M,4518775.0,575175.0,38
201700027634,17,5,11,1545,1,1,2,2.0,3.0,38516,M,4519225.0,574624.0,38
201700027635,17,5,17,2010,1,2,1,1.0,6.0,38169,M,4519610.0,569076.0,38
201700027636,17,5,20,1410,1,2,1,1.0,6.0,38185,M,4518051.0,571777.0,38
201700027637,17,5,20,2255,5,2,3,1.0,6.0,38185,M,4517981.0,570532.0,38
201700027638,17,5,28,1020,1,2,1,1.0,6.0,38169,M,4519912.0,567480.0,38
201700027639,17,5,28,2040,1,2,1,1.0,6.0,38185,M,4516900.0,573369.0,38
201700027640,17,6,1,2232,5,2,1,1.0,6.0,38421,M,4516816.0,574405.0,38
201700027641,17,6,5,900,1,1,1,1.0,1.0,38185,M,4519665.0,571902.0,38
201700027642,17,6,6,1000,1,2,1,2.0,3.0,38151,M,4514854.0,570580.0,38
201700027643,17,6,6,1120,1,2,3,1.0,6.0,38185,M,4518205.0,573408.0,38
201700027644,17,6,7,1930,1,2,1,1.0,6.0,38185,M,4518396.0,570866.0,38
201700027645,17,6,12,615,1,1,1,1.0,1.0,38185,M,4517438.0,571462.0,38
201700027646,17,6,16,1914,1,2,2,1.0,3.0,38151,M,4514463.0,571046.0,38
201700027647,17,6,19,1932,1,2,9,1.0,6.0,38185,M,4518779.0,572335.0,38
201700027648,17,6,28,1820,1,2,1,3.0,2.0,38421,M,4518410.0,576923.0,38
201700027649,17,6,28,2350,5,2,1,2.0,6.0,38185,M,4518571.0,571974.0,38
201700027650,17,6,30,1215,1,2,3,1.0,6.0,38185,M,4518751.0,572856.0,38
201700027651,17,7,2,1145,1,2,1,1.0,6.0,38516,M,4520341.0,573832.0,38
201700027652,17,7,8,550,1,1,1,1.0,2.0,38383,M,4519225.0,400000.0,38
201700027653,17,7,12,53,5,2,2,1.0,6.0,38185,M,4522000.0,533000.0,38
201700027654,17,7,15,1115,1,2,1,1.0,6.0,38185,M,4518193.0,572505.0,38
201700027655,17,7,17,1410,1,1,1,1.0,4.0,38516,M,4519741.0,575313.0,38
201700027656,17,8,1,930,1,2,1,1.0,6.0,38185,M,4518022.0,571734.0,38
201700027657,17,8,15,1350,1,2,1,1.0,6.0,38185,M,4516595.0,572851.0,38
201700027658,17,8,21,1840,1,2,1,1.0,6.0,38151,M,4515202.0,572490.0,38
201700027659,17,8,26,1435,1,2,1,1.0,3.0,38185,M,4517062.0,570493.0,38
201700027660,17,9,2,2020,2,2,3,2.0,3.0,38421,M,4518177.0,577988.0,38
201700027661,17,9,3,1010,1,1,1,1.0,1.0,38421,M,4515500.0,574530.0,38
201700027662,17,9,5,1118,1,2,1,1.0,2.0,38421,M,4518365.0,575413.0,38
201700027663,17,9,18,1215,1,2,1,2.0,1.0,38516,M,4520861.0,574300.0,38
201700027664,17,9,22,1915,1,2,2,1.0,1.0,38185,M,4519698.0,573400.0,38
201700027665,17,10,5,2341,5,1,1,1.0,2.0,38185,M,4517604.0,570227.0,38
201700027666,17,10,8,1250,1,2,1,1.0,3.0,38185,M,4519117.0,572122.0,38
201700027667,17,10,10,1845,5,2,3,1.0,1.0,38516,M,4519851.0,575486.0,38
201700027668,17,10,11,1930,5,2,2,1.0,3.0,38421,M,4518057.0,576649.0,38
201700027669,17,10,14,1335,1,2,1,1.0,6.0,38421,M,4518621.0,575858.0,38
201700027670,17,10,17,1037,1,2,2,1.0,3.0,38185,M,4516691.0,572352.0,38
201700027671,17,10,17,1643,1,1,1,1.0,6.0,38151,M,4515444.0,571483.0,38
201700027672,17,10,21,510,5,2,2,1.0,3.0,38185,M,4519707.0,573649.0,38
201700027673,17,10,21,550,5,2,9,1.0,6.0,38185,M,4518010.0,570355.0,38
201700027674,17,10,26,1630,1,2,1,1.0,6.0,38169,M,4519398.0,567622.0,38
201700027675,17,11,7,1150,1,2,1,1.0,6.0,38185,M,4519021.0,572774.0,38
201700027676,17,11,9,2155,5,2,6,1.0,3.0,38516,M,4520054.0,575879.0,38
201700027677,17,11,14,1840,5,2,1,1.0,6.0,38185,M,4518880.0,570682.0,38
201700027678,17,11,16,1228,1,2,1,1.0,4.0,38185,M,4519056.0,570269.0,38
201700027679,17,11,16,1600,1,2,1,1.0,1.0,38151,M,4514470.0,571104.0,38
201700027680,17,11,16,1740,5,2,1,1.0,6.0,38185,M,4519576.0,573627.0,38
201700027681,17,11,20,1725,5,2,1,1.0,6.0,38185,M,4519713.0,573551.0,38
201700027682,17,11,26,645,5,1,1,1.0,2.0,38185,M,4518009.0,570242.0,38
201700027683,17,11,29,1150,1,2,1,2.0,2.0,38185,M,4518746.0,573042.0,38
201700027684,17,11,29,1721,5,2,1,2.0,6.0,38185,M,4518055.0,571936.0,38
201700027685,17,11,30,1050,1,1,1,2.0,2.0,38185,M,4516326.0,570151.0,38
201700027686,17,11,30,1930,5,2,1,1.0,6.0,38185,M,4519057.0,571238.0,38
201700027687,17,12,1,1820,5,2,1,4.0,6.0,38185,M,4519748.0,571161.0,38
201700027688,17,12,15,1820,5,2,1,1.0,6.0,38185,M,4518136.0,572510.0,38
201700027689,17,12,19,1625,1,2,1,2.0,3.0,38169,M,4519240.0,569491.0,38
201700027690,17,10,15,1620,1,2,1,1.0,3.0,38544,M,4552728.0,489781.0,38
201700027691,17,1,13,1700,1,1,1,4.0,5.0,38544,M,4554282.0,488127.0,38
201700027692,17,12,4,725,3,1,1,1.0,3.0,38318,M,4554708.0,492911.0,38
201700027693,17,12,15,1630,1,2,1,1.0,6.0,38544,M,4550937.0,486131.0,38
201700027694,17,3,29,1350,1,1,1,1.0,4.0,38544,M,4551866.0,491747.0,38
201700027695,17,1,26,1240,1,2,9,1.0,7.0,38544,M,4552872.0,487559.0,38
201700027696,17,4,17,2010,2,1,1,1.0,7.0,38318,M,4551936.0,492721.0,38