Num_Acc,an,mois,jour,hrmn,lum,agg,int,atm,col,com,gps,lat,long,dep
201700027697,17,1,14,1815,3,2,3,1.0,6.0,38544,M,4552159.0,487117.0,38
201700027698,17,5,4,1600,1,2,1,3.0,7.0,38544,M,4551225.0,492135.0,38
201700027699,17,5,17,810,1,2,1,1.0,7.0,38544,M,4552700.0,487300.0,38
201700027700,17,5,25,1030,1,2,1,1.0,6.0,38544,M,4552179.0,487253.0,38
201700027701,17,3,21,1735,1,2,9,1.0,6.0,38544,M,4552456.0,487254.0,38
201700027702,17,2,14,1920,2,2,1,1.0,3.0,38544,M,4552069.0,486789.0,38
201700027703,17,6,18,45,4,2,1,1.0,6.0,38544,M,4551946.0,488513.0,38
201700027704,17,5,3,1610,1,2,4,1.0,3.0,38544,M,4553189.0,487419.0,38
201700027705,17,6,28,1555,1,2,2,1.0,6.0,38544,M,4552422.0,487651.0,38
201700027706,17,4,29,850,1,1,1,1.0,4.0,38544,M,4552377.0,488732.0,38
201700027707,17,7,17,1415,1,2,1,1.0,6.0,38544,M,4552027.0,487078.0,38
201700027708,17,8,1,1550,1,2,1,1.0,2.0,38544,M,4551723.0,486441.0,38
201700027709,17,5,13,1635,1,2,2,1.0,6.0,38544,M,4553674.0,487010.0,38
201700027710,17,9,18,1430,1,2,1,1.0,3.0,38544,M,4552000.0,487000.0,38
201700027711,17,7,2,910,1,1,1,9.0,6.0,38544,M,4551983.0,491556.0,38
201700027712,17,10,3,615,3,1,3,1.0,3.0,38318,M,4554711.0,492880.0,38
201700027713,17,10,19,1750,1,2,1,1.0,6.0,38544,M,4553904.0,486340.0,38
201700027714,17,9,29,2145,5,2,1,1.0,6.0,38544,M,4552069.0,487200.0,38
201700027715,17,9,12,1200,1,2,1,1.0,4.0,38544,M,4550853.0,485402.0,38
201700027716,17,11,23,740,2,2,1,1.0,2.0,38544,M,4551446.0,489223.0,38
201700027717,17,8,26,1918,1,2,1,1.0,6.0,38544,M,4552795.0,487915.0,38
201700027718,17,10,27,1835,2,2,1,1.0,3.0,38544,M,4551708.0,491929.0,38
201700027719,17,9,21,1600,1,2,1,1.0,6.0,38544,M,4552701.0,487355.0,38
201700027720,17,11,7,937,1,2,1,1.0,3.0,38544,M,4553000.0,486000.0,38
201700027721,17,12,5,1610,1,2,7,8.0,6.0,38544,M,4552838.0,487503.0,38
201700027722,17,12,22,1400,1,1,4,8.0,3.0,38544,M,4552305.0,490972.0,38
201700027723,17,12,7,1020,1,2,1,7.0,6.0,38544,M,4552914.0,487780.0,38
201700027724,17,1,5,1920,5,2,1,8.0,4.0,38563,M,4536931.0,558359.0,38
201700027725,17,12,25,1420,1,1,1,8.0,6.0,38563,M,4539425.0,556987.0,38
201700027726,17,1,25,1845,3,2,1,1.0,6.0,38563,M,4536450.0,560263.0,38
201700027727,17,1,27,2050,5,2,3,1.0,3.0,38563,M,4536800.0,558353.0,38
201700027728,17,2,14,855,1,2,2,1.0,3.0,38563,M,4536591.0,558936.0,38
201700027729,17,2,17,1830,1,1,1,1.0,4.0,38563,M,,,38
201700027730,17,3,25,500,5,2,1,1.0,3.0,38563,M,4536763.0,558960.0,38
201700027731,17,5,2,1155,1,2,4,1.0,6.0,38563,M,4536770.0,559139.0,38
201700027732,17,5,17,835,1,2,3,1.0,3.0,38563,M,4536109.0,558768.0,38
201700027733,17,6,1,805,1,2,1,1.0,2.0,38563,M,4536269.0,558510.0,38
201700027734,17,6,9,1330,1,2,1,1.0,3.0,38563,M,4537814.0,555873.0,38
201700027735,17,6,22,1848,1,2,1,7.0,6.0,38563,M,4536337.0,559075.0,38
201700027736,17,9,5,1328,1,2,1,1.0,2.0,38563,M,4536840.0,558773.0,38
201700027737,17,9,12,1854,1,2,1,1.0,6.0,38563,M,4538811.0,557759.0,38
201700027738,17,10,5,1705,1,2,2,1.0,6.0,38563,M,4536610.0,559380.0,38
201700027739,17,11,17,1710,2,2,3,1.0,3.0,38563,M,4535826.0,559556.0,38
201700027740,17,11,28,1815,3,1,1,2.0,3.0,38563,M,4535180.0,556893.0,38
201700027741,17,12,22,1630,1,2,1,1.0,5.0,38563,M,4535706.0,556929.0,38
201700027742,17,3,29,1640,1,2,2,1.0,3.0,39198,M,4707974.0,546790.0,39
201700027743,17,4,14,1230,1,2,1,1.0,6.0,39198,M,4709086.0,548467.0,39
201700027744,17,6,28,1645,1,2,1,3.0,6.0,39198,M,4709440.0,548404.0,39
201700027745,17,7,17,2025,1,2,1,7.0,6.0,39198,M,4707851.0,547216.0,39
201700027746,17,7,23,800,1,1,1,1.0,6.0,39233,M,4707390.0,545778.0,39
201700027747,17,8,7,1935,1,2,1,1.0,1.0,39198,M,4709715.0,547180.0,39
201700027748,17,8,18,1810,1,1,1,1.0,1.0,39198,M,4710483.0,547386.0,39
201700027749,17,9,20,1725,1,1,6,1.0,4.0,39198,M,4709971.0,547057.0,39
201700027750,17,10,17,1330,1,2,6,1.0,6.0,39198,M,4709473.0,549631.0,39
201700027751,17,11,13,1610,1,2,3,2.0,3.0,39198,M,4709032.0,548614.0,39
201700027752,17,12,6,1715,5,2,3,1.0,3.0,39198,M,4707810.0,547305.0,39
201700027753,17,11,27,1735,5,2,3,1.0,3.0,39198,M,4709619.0,547791.0,39
201700027754,17,12,8,1430,1,2,1,7.0,6.0,39198,M,4709648.0,549324.0,39
201700027755,17,1,20,1950,5,2,1,1.0,6.0,39300,M,4667245.0,555905.0,39
201700027756,17,2,16,1305,1,2,1,1.0,6.0,39300,M,4667506.0,554522.0,39
201700027757,17,4,13,1635,1,1,1,1.0,7.0,39362,M,4668286.0,551814.0,39
201700027758,17,4,22,2045,2,2,3,1.0,3.0,39300,M,4667353.0,554628.0,39
201700027759,17,4,25,1935,1,1,1,3.0,1.0,39300,M,4667521.0,553845.0,39
201700027760,17,5,28,945,1,2,1,1.0,6.0,39300,M,4667121.0,556909.0,39
201700027761,17,6,17,2055,1,2,1,1.0,5.0,39300,M,4667461.0,556383.0,39
201700027762,17,10,5,1025,1,2,1,1.0,6.0,39300,M,4667248.0,556461.0,39
201700027763,17,11,22,1445,1,1,1,1.0,2.0,39411,M,4668517.0,561586.0,39
201700027764,17,11,29,1501,1,2,2,1.0,5.0,40088,M,4370834.0,-104158.0,40
201700027765,17,1,10,1445,1,1,1,2.0,5.0,40279,M,4373116.0,-103420.0,40
201700027766,17,3,25,1420,1,2,2,1.0,3.0,40088,M,4370594.0,-105263.0,40
201700027767,17,3,30,2020,1,2,2,1.0,3.0,40088,M,4370900.0,-103915.0,40
201700027768,17,2,27,1510,1,2,2,1.0,3.0,40088,M,4346908.0,-104264.0,40
201700027769,17,4,17,1315,1,2,1,1.0,3.0,40088,M,4370675.0,-102714.0,40
201700027770,17,6,3,1225,1,2,3,1.0,3.0,40279,M,4372949.0,-104880.0,40
201700027771,17,7,15,1145,1,2,1,1.0,1.0,40088,M,4369487.0,-103984.0,40
201700027772,17,8,4,1200,1,2,1,1.0,6.0,40279,M,4372513.0,-106420.0,40
201700027773,17,6,17,2100,1,2,2,1.0,6.0,40088,M,4371085.0,-105589.0,40
201700027774,17,6,11,1240,1,2,2,1.0,3.0,40088,M,4369265.0,-106332.0,40
201700027775,17,10,28,1740,1,2,3,1.0,3.0,40088,M,4371125.0,-104287.0,40
201700027776,17,12,11,1740,2,2,1,3.0,6.0,40279,M,4372423.0,-105519.0,40
201700027777,17,1,4,1445,1,2,3,1.0,3.0,40192,M,4389731.0,-46343.0,40
201700027778,17,2,15,1500,1,1,4,1.0,1.0,40281,M,4386410.0,-51347.0,40
201700027779,17,3,21,1415,1,2,1,2.0,6.0,40192,M,4387935.0,47059.0,40
201700027780,17,4,25,1005,1,1,1,2.0,3.0,40192,M,4391747.0,-51290.0,40
201700027781,17,5,17,1110,1,2,9,1.0,7.0,40192,M,4388181.0,-48676.0,40
201700027782,17,5,23,1815,1,2,1,1.0,3.0,40192,M,4388959.0,-49826.0,40
201700027783,17,6,12,1300,1,2,2,1.0,2.0,40192,M,4388895.0,49698.0,40
201700027784,17,6,15,1750,1,2,1,1.0,6.0,40192,M,4889130.0,-50007.0,40
201700027785,17,6,30,1810,1,1,1,2.0,3.0,40192,M,4390790.0,-54175.0,40
201700027786,17,7,21,1835,1,2,3,1.0,6.0,40192,M,4389311.0,-49712.0,40
201700027787,17,8,5,900,1,1,1,1.0,3.0,40281,M,4386930.0,47649.0,40
201700027788,17,10,31,1808,2,2,1,1.0,2.0,40192,M,4390017.0,-51721.0,40
201700027789,17,10,20,1645,1,2,6,7.0,6.0,40192,M,4388584.0,-48406.0,40
201700027790,17,11,18,1750,3,1,1,1.0,1.0,40281,M,4389955.0,-53495.0,40
201700027791,17,12,26,1145,1,2,4,1.0,1.0,40192,M,4389733.0,-46331.0,40
201700027792,17,1,11,1335,1,2,1,2.0,3.0,41295,M,4756988.0,137032.0,41
201700027793,17,1,16,1415,1,2,3,1.0,6.0,41018,M,4759750.0,131416.0,41
201700027794,17,1,19,810,1,2,1,1.0,3.0,41018,M,4758941.0,130599.0,41
201700027795,17,2,13,1050,1,1,1,1.0,2.0,41018,M,4759321.0,135491.0,41
201700027796,17,2,27,1540,1,2,1,3.0,6.0,41018,M,4758733.0,132855.0,41
201700027797,17,3,2,1220,1,2,1,1.0,7.0,41018,M,4759827.0,134663.0,41
201700027798,17,3,12,1550,1,2,1,1.0,2.0,41047,M,4761582.0,134165.0,41
201700027799,17,3,9,2215,5,2,1,1.0,6.0,41018,M,4758546.0,134116.0,41
201700027800,17,3,16,955,1,2,1,1.0,3.0,41018,M,4759840.0,134019.0,41
201700027801,17,3,21,1656,1,2,1,2.0,2.0,41018,M,4759993.0,131987.0,41
201700027802,17,3,27,1445,1,2,2,1.0,3.0,41018,M,4757974.0,130333.0,41
201700027803,17,4,2,1940,2,2,1,1.0,1.0,41018,M,4757917.0,130466.0,41
201700027804,17,4,17,2315,5,2,1,1.0,1.0,41018,M,4758725.0,132764.0,41
201700027805,17,4,24,900,1,2,1,1.0,7.0,41047,M,4760715.0,134859.0,41
201700027806,17,4,25,925,1,2,2,1.0,3.0,41018,M,4757984.0,130950.0,41
201700027807,17,4,25,1710,1,2,3,2.0,3.0,41018,M,4759668.0,131610.0,41
201700027808,17,3,28,1140,1,2,3,1.0,1.0,41018,M,4759680.0,132587.0,41
201700027809,17,4,29,1820,1,1,1,1.0,7.0,41212,M,4755406.0,137372.0,41
201700027810,17,4,20,1130,1,2,1,1.0,6.0,41018,M,4760034.0,131943.0,41
201700027811,17,4,25,1450,1,2,1,2.0,2.0,41047,M,4761975.0,136860.0,41
201700027812,17,5,3,1845,1,2,1,1.0,3.0,41018,M,4760413.0,131109.0,41
201700027813,17,5,5,1225,1,2,3,1.0,6.0,41018,M,4759357.0,133847.0,41
201700027814,17,4,15,125,3,2,9,1.0,6.0,41018,M,4760214.0,134872.0,41
201700027815,17,5,17,630,2,2,1,1.0,3.0,41018,M,4760544.0,131337.0,41
201700027816,17,5,20,2015,1,1,1,1.0,3.0,41047,M,4760957.0,136418.0,41
201700027817,17,5,26,2055,1,2,2,1.0,3.0,41018,M,4759131.0,130831.0,41
201700027818,17,5,29,855,1,2,1,1.0,3.0,41018,M,4760090.0,134288.0,41
201700027819,17,5,30,940,1,2,1,1.0,2.0,41018,M,4761453.0,133399.0,41
201700027820,17,5,18,1137,1,2,2,2.0,3.0,41018,M,4759285.0,131353.0,41
201700027821,17,6,9,1545,1,2,1,1.0,1.0,41018,M,4759761.0,134316.0,41
201700027822,17,6,10,1147,1,2,1,1.0,2.0,41018,M,4758576.0,133535.0,41
201700027823,17,6,10,2138,1,2,3,1.0,3.0,41018,M,4759500.0,134035.0,41
201700027824,17,6,15,1910,1,2,1,1.0,7.0,41018,M,4758159.0,134605.0,41
201700027825,17,6,22,730,1,2,1,1.0,2.0,41018,M,4761507.0,133289.0,41
201700027826,17,6,20,1815,1,2,3,1.0,3.0,41018,M,4758056.0,130117.0,41
201700027827,17,7,8,630,1,2,6,1.0,7.0,41018,M,4758310.0,129823.0,41
201700027828,17,6,23,1130,1,2,1,1.0,2.0,41018,M,4759900.0,134969.0,41
201700027829,17,7,5,1408,1,2,1,1.0,2.0,41018,M,4760776.0,133992.0,41
201700027830,17,7,13,1801,1,2,1,1.0,1.0,41018,M,4759967.0,134071.0,41
201700027831,17,7,14,1700,1,2,1,1.0,6.0,41018,M,4758694.0,133538.0,41
201700027832,17,7,9,1730,1,2,1,1.0,3.0,41212,M,4756594.0,137000.0,41
201700027833,17,7,31,1025,1,2,1,1.0,7.0,41212,M,4756650.0,136855.0,41
201700027834,17,7,31,1718,1,2,1,1.0,3.0,41018,M,4758981.0,133294.0,41
201700027835,17,7,8,220,4,2,1,1.0,7.0,41212,M,4756714.0,136440.0,41
201700027836,17,8,27,1740,1,2,1,7.0,7.0,41018,M,4761718.0,132551.0,41
201700027837,17,8,18,1500,1,2,1,1.0,6.0,41018,M,4758535.0,131811.0,41
201700027838,17,9,3,1615,1,1,1,1.0,2.0,41295,M,4758246.0,136634.0,41
201700027839,17,9,5,830,1,2,1,2.0,7.0,41018,M,4759195.0,134268.0,41
201700027840,17,9,14,1510,1,2,1,1.0,3.0,41018,M,4758235.0,132364.0,41
201700027841,17,9,17,2230,4,2,1,1.0,7.0,41018,M,4760277.0,132295.0,41
201700027842,17,9,17,2120,5,2,1,1.0,2.0,41018,M,4759735.0,134295.0,41
201700027843,17,9,20,1510,1,2,1,1.0,4.0,41018,M,4758373.0,132152.0,41
201700027844,17,9,20,2140,5,2,1,1.0,2.0,41018,M,4758896.0,134028.0,41
201700027845,17,9,18,530,3,1,1,1.0,1.0,41212,M,4756094.0,137379.0,41
201700027846,17,9,20,1820,1,2,1,1.0,5.0,41018,M,4758509.0,133751.0,41
201700027847,17,9,27,1730,1,2,1,1.0,7.0,41212,M,4757094.0,135341.0,41
201700027848,17,9,30,1025,1,1,1,1.0,7.0,41295,M,4756962.0,137033.0,41
201700027849,17,10,2,1735,1,2,1,2.0,3.0,41018,M,4759996.0,131965.0,41
201700027850,17,9,28,1655,1,1,1,1.0,7.0,41295,M,4759741.0,136634.0,41
201700027851,17,10,5,1230,1,2,1,1.0,2.0,41018,M,4760507.0,131284.0,41
201700027852,17,10,9,1800,1,2,1,1.0,3.0,41295,M,4756978.0,137252.0,41
201700027853,17,10,9,1010,1,2,1,1.0,3.0,41295,M,4759312.0,139035.0,41
201700027854,17,10,12,1210,1,2,1,1.0,1.0,41018,M,4759674.0,131615.0,41
201700027855,17,9,9,2140,3,1,1,1.0,6.0,41295,M,4759566.0,137451.0,41
201700027856,17,10,13,1710,1,2,1,1.0,3.0,41018,M,4759155.0,130732.0,41
201700027857,17,10,1,1505,1,2,1,2.0,1.0,41018,M,4759733.0,135159.0,41
201700027858,17,10,31,1650,1,2,3,1.0,3.0,41047,M,4760615.0,134827.0,41
201700027859,17,11,3,1723,2,2,1,1.0,3.0,41295,M,4758311.0,138211.0,41
201700027860,17,10,31,1755,5,2,1,1.0,6.0,41018,M,4758951.0,130327.0,41
201700027861,17,11,10,1905,3,2,1,2.0,1.0,41047,M,4761756.0,134597.0,41
201700027862,17,11,10,1520,1,1,1,2.0,7.0,41212,M,4756713.0,135596.0,41
201700027863,17,11,12,1425,1,2,2,2.0,1.0,41018,M,4760007.0,131974.0,41
201700027864,17,11,15,1155,1,2,1,1.0,6.0,41018,M,4759792.0,131757.0,41
201700027865,17,11,18,1053,1,2,2,1.0,4.0,41047,M,4760478.0,135141.0,41
201700027866,17,11,20,1330,1,2,1,1.0,6.0,41018,M,4759320.0,130879.0,41
201700027867,17,11,22,1310,1,2,1,1.0,3.0,41018,M,4759653.0,135094.0,41
201700027868,17,11,24,740,2,1,1,8.0,4.0,41018,M,4757620.0,129984.0,41
201700027869,17,11,27,840,1,2,6,1.0,3.0,41295,M,4760460.0,140140.0,41
201700027870,17,11,29,1010,1,2,1,1.0,6.0,41047,M,4760177.0,135270.0,41
201700027871,17,12,6,1714,5,2,1,1.0,1.0,41295,M,4758056.0,137195.0,41
201700027872,17,12,8,1350,1,2,1,1.0,3.0,41018,M,4760066.0,132034.0,41
201700027873,17,12,9,1625,1,1,1,2.0,7.0,41295,M,4758349.0,136474.0,41
201700027874,17,12,8,1827,3,2,1,1.0,2.0,41018,M,4760109.0,131808.0,41
201700027875,17,12,13,1130,1,2,2,2.0,3.0,41018,M,4759115.0,130750.0,41
201700027876,17,12,18,610,3,1,6,2.0,3.0,41295,M,4759160.0,135889.0,41
201700027877,17,12,26,1050,1,2,1,1.0,7.0,41018,M,4757809.0,132099.0,41
201700027878,17,12,8,1603,1,1,1,7.0,1.0,41295,M,4760228.0,137388.0,41
201700027879,17,1,13,1745,5,2,1,2.0,6.0,41269,M,4779715.0,105437.0,41
201700027880,17,12,19,1850,3,2,1,5.0,1.0,41158,M,4979567.0,101916.0,41
201700027881,17,2,1,1350,1,2,1,1.0,6.0,41269,M,4779775.0,106635.0,41
201700027882,17,12,22,2345,3,1,1,1.0,7.0,41269,M,4780879.0,103467.0,41
201700027883,17,12,30,1930,3,1,1,1.0,7.0,41269,M,4781091.0,102662.0,41
201700027884,17,3,3,1420,1,2,1,1.0,6.0,41226,M,4780809.0,107256.0,41
201700027885,17,3,9,1215,1,1,1,1.0,6.0,41226,M,4782732.0,107966.0,41
201700027886,17,3,15,2220,1,2,1,1.0,6.0,41269,M,4780332.0,105919.0,41
201700027887,17,3,18,2330,3,1,1,1.0,6.0,41226,M,4782093.0,106818.0,41
201700027888,17,4,3,845,1,1,2,1.0,3.0,41269,M,4779547.0,107467.0,41
201700027889,17,4,12,1715,1,2,2,1.0,1.0,41226,M,4781084.0,107200.0,41
201700027890,17,5,1,1800,1,2,2,1.0,1.0,41269,M,4780396.0,107001.0,41
201700027891,17,6,13,150,3,2,1,1.0,6.0,41226,M,4781067.0,107065.0,41
201700027892,17,7,23,1450,1,2,1,1.0,5.0,41269,M,4779290.0,107716.0,41
201700027893,17,9,2,1825,1,2,2,1.0,3.0,41269,M,4779857.0,106886.0,41
201700027894,17,9,4,1915,1,1,1,1.0,6.0,41269,M,4783437.0,103339.0,41
201700027895,17,11,21,1630,1,1,4,1.0,1.0,41269,M,4780978.0,103706.0,41
201700027896,17,11,28,800,5,2,6,2.0,3.0,41269,M,4779387.0,107078.0,41
201700027897,17,11,30,2210,3,1,1,4.0,6.0,41158,M,4777472.0,103098.0,41
201700027898,17,12,4,1625,1,2,2,1.0,3.0,41269,M,4779200.0,106469.0,41
201700027899,17,12,7,1745,5,2,2,2.0,3.0,41269,M,4779755.0,107388.0,41
201700027900,17,12,8,740,5,2,1,2.0,6.0,41269,M,4780650.0,106729.0,41
201700027901,17,12,13,1815,5,2,1,2.0,6.0,41269,M,4780643.0,106603.0,41
201700027902,17,12,20,1719,5,2,1,8.0,6.0,42095,M,4539012.0,428695.0,42
201700027903,17,1,22,1110,1,1,1,1.0,6.0,42044,M,4537534.0,434945.0,42
201700027904,17,2,9,1315,1,2,1,1.0,6.0,42183,M,4540378.0,436627.0,42
201700027905,17,2,16,820,1,2,6,1.0,3.0,42095,M,4538970.0,428123.0,42
201700027906,17,3,16,1030,1,2,1,1.0,6.0,42183,M,4540399.0,436701.0,42
201700027907,17,3,27,1440,1,2,1,1.0,3.0,42095,M,4539072.0,427725.0,42
201700027908,17,3,28,745,1,1,1,1.0,1.0,42270,M,4539775.0,424204.0,42
201700027909,17,4,14,1610,1,2,1,1.0,3.0,42095,M,4537549.0,427737.0,42
201700027910,17,5,21,1610,1,2,1,1.0,2.0,42316,M,4539925.0,426265.0,42
201700027911,17,5,25,2029,1,2,1,1.0,6.0,42183,M,4540376.0,436622.0,42
201700027912,17,7,11,1805,1,2,1,1.0,7.0,42095,M,4538776.0,428301.0,42
201700027913,17,7,16,1730,1,2,2,1.0,3.0,42044,M,4539694.0,432924.0,42
201700027914,17,8,4,700,1,2,1,7.0,3.0,42044,M,4539893.0,433917.0,42
201700027915,17,8,15,1900,1,2,1,2.0,3.0,42183,M,4540749.0,437742.0,42
201700027916,17,8,22,1200,1,2,1,1.0,6.0,42183,M,4540505.0,437022.0,42
201700027917,17,8,22,2237,5,2,1,1.0,6.0,42044,M,4538701.0,430811.0,42
201700027918,17,8,22,1530,1,2,1,1.0,3.0,42044,M,4538130.0,430555.0,42
201700027919,17,9,5,1730,1,2,1,1.0,3.0,42183,M,4540045.0,435429.0,42
201700027920,17,9,21,1750,1,2,7,1.0,3.0,42095,M,4539746.0,429031.0,42
201700027921,17,9,22,2030,5,1,9,1.0,3.0,42099,M,4537548.0,426784.0,42
201700027922,17,10,1,1545,1,1,1,1.0,4.0,42031,M,4541952.0,424428.0,42
201700027923,17,10,10,1715,1,2,6,1.0,6.0,42095,M,4539284.0,429103.0,42
201700027924,17,11,8,720,1,2,1,1.0,3.0,42044,M,4539794.0,434588.0,42
201700027925,17,11,29,1620,1,2,1,1.0,6.0,42095,M,4539087.0,427722.0,42
201700027926,17,12,3,445,3,2,1,8.0,6.0,42183,M,4540100.0,435588.0,42
201700027927,17,11,16,1830,5,2,3,1.0,2.0,42187,M,4602277.0,405341.0,42
201700027928,17,11,17,1328,1,2,3,1.0,3.0,42187,M,4604737.0,406751.0,42
201700027929,17,11,20,625,2,2,1,1.0,6.0,42071,M,4602464.0,408676.0,42
201700027930,17,11,22,1755,5,2,3,1.0,3.0,42187,M,4605328.0,408558.0,42
201700027931,17,11,29,2146,3,2,1,1.0,6.0,42127,M,4607190.0,406587.0,42
201700027932,17,11,20,1400,1,1,3,1.0,2.0,42170,M,4606816.0,412204.0,42
201700027933,17,11,30,840,1,2,1,2.0,3.0,42187,M,4604159.0,407365.0,42
201700027934,17,12,1,915,1,2,6,2.0,3.0,42187,M,4603694.0,406545.0,42
201700027935,17,12,3,1115,1,2,3,1.0,3.0,42071,M,4602964.0,408378.0,42
201700027936,17,12,4,1045,1,2,3,2.0,3.0,42187,M,4603445.0,406961.0,42
201700027937,17,1,1,1200,1,2,3,1.0,3.0,42184,M,4605461.0,402752.0,42
201700027938,17,12,10,320,5,1,1,1.0,6.0,42071,M,4604936.0,408556.0,42
201700027939,17,1,4,753,2,2,6,1.0,6.0,42187,M,4608311.0,407364.0,42
201700027940,17,12,12,1710,5,2,1,1.0,6.0,42071,M,4603143.0,408261.0,42
201700027941,17,1,6,849,1,2,1,1.0,3.0,42187,M,4603935.0,406510.0,42
201700027942,17,1,12,621,5,2,3,1.0,3.0,42187,M,4605059.0,406674.0,42
201700027943,17,12,12,1930,5,2,1,1.0,2.0,42184,M,4603968.0,401982.0,42
201700027944,17,1,19,1735,2,1,1,1.0,7.0,42184,M,4604761.0,402257.0,42
201700027945,17,12,13,1418,1,2,1,1.0,4.0,42170,M,4603225.0,418677.0,42
201700027946,17,1,31,1755,5,2,6,2.0,6.0,42187,M,4603643.0,406409.0,42
201700027947,17,2,1,1850,5,2,2,1.0,3.0,42187,M,4604078.0,405642.0,42
201700027948,17,2,2,1208,1,2,1,1.0,2.0,42184,M,4605091.0,406701.0,42
201700027949,17,2,9,1215,1,2,1,1.0,6.0,42184,M,4604531.0,405268.0,42
201700027950,17,2,9,1820,5,2,6,2.0,3.0,42187,M,4603698.0,406547.0,42
201700027951,17,12,18,1450,1,2,1,2.0,1.0,42187,M,4604671.0,406419.0,42
201700027952,17,2,11,1750,1,1,1,1.0,6.0,42071,M,4600646.0,409853.0,42
201700027953,17,2,12,1230,1,2,2,1.0,3.0,42071,M,4602800.0,408579.0,42
201700027954,17,2,13,1400,1,2,4,1.0,6.0,42187,M,4604025.0,408303.0,42
201700027955,17,3,1,2025,5,2,1,1.0,6.0,42187,M,4603601.0,407067.0,42
201700027956,17,3,3,429,5,2,3,1.0,6.0,42187,M,4603945.0,406397.0,42
201700027957,17,12,19,1210,1,2,1,1.0,6.0,42187,M,4603577.0,405475.0,42
201700027958,17,3,11,1015,1,2,1,1.0,2.0,42187,M,4603301.0,407951.0,42
201700027959,17,12,21,1520,1,2,1,2.0,6.0,42127,M,4606564.0,406805.0,42
201700027960,17,3,11,2028,3,1,1,1.0,6.0,42170,M,4603702.0,413807.0,42
201700027961,17,12,27,1400,1,2,3,2.0,3.0,42187,M,4604081.0,405806.0,42
201700027962,17,3,22,1030,1,2,3,1.0,3.0,42187,M,4604850.0,406959.0,42
201700027963,17,12,28,1630,1,2,6,1.0,6.0,42187,M,4602759.0,404819.0,42
201700027964,17,3,23,712,1,2,1,2.0,2.0,42170,M,4603394.0,418222.0,42
201700027965,17,3,27,1730,1,2,1,1.0,6.0,42187,M,4604075.0,408541.0,42
201700027966,17,4,3,1230,1,1,1,1.0,6.0,42187,M,4603138.0,404711.0,42
201700027967,17,4,5,1510,1,2,1,1.0,6.0,42187,M,4603711.0,406492.0,42
201700027968,17,4,8,430,1,2,1,1.0,6.0,42187,M,4604080.0,408477.0,42
201700027969,17,4,12,745,1,2,1,1.0,3.0,42187,M,4603615.0,406392.0,42
201700027970,17,4,12,855,1,2,2,1.0,3.0,42187,M,,,42
201700027971,17,4,13,1540,1,1,1,1.0,7.0,42170,M,4602599.0,409821.0,42
201700027972,17,4,17,1500,1,1,1,1.0,6.0,42187,M,4605569.0,409654.0,42
201700027973,17,4,18,1310,1,2,1,1.0,6.0,42127,M,4607432.0,406655.0,42
201700027974,17,4,22,945,1,2,1,1.0,6.0,42187,M,4606728.0,407728.0,42
201700027975,17,4,23,1119,1,2,9,1.0,6.0,42187,M,4603675.0,406384.0,42
201700027976,17,4,25,1045,1,2,1,1.0,2.0,42187,M,4602314.0,406690.0,42
201700027977,17,4,29,1700,1,1,1,1.0,4.0,42071,M,4606308.0,406198.0,42
201700027978,17,5,2,1515,1,2,3,9.0,2.0,42184,M,4605057.0,406646.0,42
201700027979,17,5,3,1700,1,2,1,1.0,6.0,42187,M,4603317.0,406867.0,42
201700027980,17,5,4,1730,1,2,3,1.0,1.0,42187,M,4603167.0,407121.0,42
201700027981,17,5,7,1115,1,2,1,1.0,6.0,42170,M,4606331.0,412330.0,42
201700027982,17,5,9,910,1,2,1,1.0,1.0,42187,M,4603571.0,405467.0,42
201700027983,17,5,13,1640,1,2,3,2.0,5.0,42187,M,4603770.0,405213.0,42
201700027984,17,5,13,2325,5,2,4,1.0,3.0,42187,M,4604357.0,406766.0,42
201700027985,17,5,24,1520,1,2,3,1.0,3.0,42071,M,4603334.0,408362.0,42
201700027986,17,5,25,1930,1,2,1,1.0,6.0,42187,M,4603889.0,406381.0,42
201700027987,17,5,29,500,2,2,3,1.0,3.0,42187,M,4602473.0,405794.0,42
201700027988,17,5,31,1851,1,2,3,1.0,3.0,42187,M,4606701.0,407885.0,42
201700027989,17,5,31,530,2,2,1,1.0,6.0,42184,M,4603568.0,404925.0,42
201700027990,17,6,2,1410,1,2,9,1.0,6.0,42187,M,4604582.0,406134.0,42
201700027991,17,6,5,2115,2,2,6,1.0,6.0,42184,M,4603981.0,405196.0,42
201700027992,17,6,7,740,1,2,1,1.0,6.0,42071,M,4602633.0,409227.0,42
201700027993,17,6,1,1115,1,2,6,1.0,2.0,42187,M,4603151.0,407123.0,42
201700027994,17,6,6,931,1,2,1,2.0,6.0,42127,M,4607832.0,406681.0,42
201700027995,17,6,23,1025,1,2,1,1.0,2.0,42187,M,4603641.0,406512.0,42
201700027996,17,6,26,1820,1,2,3,1.0,6.0,42187,M,4604597.0,407451.0,42
201700027997,17,6,28,2340,3,2,1,1.0,6.0,42187,M,4603747.0,406257.0,42
201700027998,17,7,4,1540,1,2,1,1.0,6.0,42187,M,4604185.0,407309.0,42