Num_Acc,an,mois,jour,hrmn,lum,agg,int,atm,col,com,gps,lat,long,dep
201700027999,17,7,6,1345,1,1,1,1.0,7.0,42170,M,4603740.0,410595.0,42
201700028000,17,7,7,850,1,2,1,1.0,6.0,42187,M,4605977.0,407447.0,42
201700028001,17,7,29,1600,1,2,2,1.0,3.0,42187,M,4602656.0,407001.0,42
201700028002,17,7,31,2255,5,2,9,1.0,2.0,42184,M,4605687.0,406214.0,42
201700028003,17,7,17,2329,5,2,3,1.0,2.0,42187,M,4604813.0,488651.0,42
201700028004,17,8,2,447,5,2,3,1.0,3.0,42187,M,4605079.0,406653.0,42
201700028005,17,8,3,1200,1,1,1,1.0,3.0,42187,M,4606017.0,406841.0,42
201700028006,17,8,3,2308,5,2,1,1.0,6.0,42187,M,4605402.0,408599.0,42
201700028007,17,8,10,1050,1,2,3,1.0,3.0,42071,M,4602972.0,408737.0,42
201700028008,17,8,14,615,1,1,1,1.0,6.0,42170,M,4601783.0,410264.0,42
201700028009,17,8,18,945,1,2,3,1.0,1.0,42170,M,4603748.0,411864.0,42
201700028010,17,8,21,1756,1,2,3,1.0,4.0,42187,M,4604801.0,408641.0,42
201700028011,17,8,24,1143,1,2,1,1.0,6.0,42187,M,4604040.0,408037.0,42
201700028012,17,8,30,2100,5,2,1,3.0,6.0,42184,M,4603364.0,404523.0,42
201700028013,17,9,1,1048,1,2,2,1.0,6.0,42187,M,4603763.0,407536.0,42
201700028014,17,9,3,1845,1,2,3,1.0,3.0,42187,M,4603598.0,405929.0,42
201700028015,17,9,9,1200,1,2,1,1.0,6.0,42187,M,4603673.0,408023.0,42
201700028016,17,9,6,2145,5,2,1,1.0,6.0,42187,M,4603766.0,408096.0,42
201700028017,17,9,11,1620,1,2,7,1.0,6.0,42187,M,4603770.0,407224.0,42
201700028018,17,9,15,1215,1,2,1,1.0,6.0,42127,M,4606743.0,405152.0,42
201700028019,17,9,16,402,5,2,1,1.0,6.0,42187,M,4603238.0,407667.0,42
201700028020,17,9,19,1305,1,2,1,1.0,2.0,42127,M,4606581.0,406670.0,42
201700028021,17,9,21,2055,5,2,1,1.0,3.0,42187,M,4603741.0,406290.0,42
201700028022,17,9,22,2049,5,2,1,1.0,3.0,42184,M,4605039.0,405682.0,42
201700028023,17,9,23,1300,1,2,6,1.0,6.0,42187,M,4603211.0,406771.0,42
201700028024,17,9,25,1301,1,2,2,2.0,6.0,42184,M,4603568.0,405217.0,42
201700028025,17,9,26,1210,1,2,6,1.0,3.0,42187,M,4603704.0,406540.0,42
201700028026,17,9,30,1425,1,2,6,2.0,6.0,42170,M,4602583.0,409523.0,42
201700028027,17,10,2,935,1,2,1,1.0,6.0,42187,M,4603004.0,407536.0,42
201700028028,17,10,3,307,4,2,1,1.0,6.0,42187,M,4603744.0,407876.0,42
201700028029,17,10,3,1210,1,1,1,2.0,6.0,42071,M,4603755.0,416797.0,42
201700028030,17,10,4,1400,1,2,2,1.0,3.0,42187,M,4602032.0,405518.0,42
201700028031,17,10,4,1720,1,2,1,1.0,6.0,42071,M,4602591.0,408599.0,42
201700028032,17,10,7,40,5,2,2,1.0,6.0,42187,M,4603573.0,405426.0,42
201700028033,17,10,6,1815,1,2,6,1.0,6.0,42187,M,4603148.0,407144.0,42
201700028034,17,10,7,2038,3,2,1,1.0,6.0,42170,M,4604286.0,413293.0,42
201700028035,17,10,11,825,1,2,1,1.0,6.0,42187,M,4604840.0,407960.0,42
201700028036,17,10,11,1927,1,2,2,1.0,6.0,42187,M,4606406.0,407453.0,42
201700028037,17,10,12,1800,1,2,1,1.0,7.0,42170,M,4603714.0,412183.0,42
201700028038,17,10,16,1325,1,2,3,1.0,6.0,42184,M,4605068.0,406196.0,42
201700028039,17,10,18,1830,2,2,1,1.0,6.0,42187,M,4603555.0,407022.0,42
201700028040,17,10,18,1810,1,2,1,1.0,6.0,42187,M,4602658.0,405051.0,42
201700028041,17,10,23,815,1,1,1,1.0,6.0,42127,M,4608645.0,405459.0,42
201700028042,17,10,25,1820,1,2,1,1.0,6.0,42187,M,4603550.0,407597.0,42
201700028043,17,10,27,1130,1,2,1,1.0,2.0,42071,M,4603139.0,408347.0,42
201700028044,17,10,27,2015,5,2,3,1.0,3.0,42187,M,4604876.0,408305.0,42
201700028045,17,10,28,1340,1,2,1,1.0,6.0,42127,M,4608380.0,407144.0,42
201700028046,17,10,31,1550,1,2,1,1.0,3.0,42187,M,4604248.0,408064.0,42
201700028047,17,10,31,1825,5,2,3,1.0,6.0,42187,M,4603353.0,405553.0,42
201700028048,17,11,4,1500,1,2,3,1.0,3.0,42127,M,4606387.0,406242.0,42
201700028049,17,11,5,1640,1,2,9,2.0,1.0,42184,M,4604117.0,405061.0,42
201700028050,17,11,10,1758,5,2,1,2.0,6.0,42187,M,4604222.0,406604.0,42
201700028051,17,11,15,1508,1,1,1,1.0,6.0,42127,M,4605250.0,408101.0,42
201700028052,17,1,2,920,1,2,1,9.0,6.0,42218,M,4544103.0,441021.0,42
201700028053,17,1,6,1756,2,2,1,1.0,6.0,42218,M,4542494.0,441201.0,42
201700028054,17,1,4,2100,5,2,2,1.0,3.0,42218,M,4543483.0,438263.0,42
201700028055,17,1,6,835,1,2,1,1.0,6.0,42223,M,4544638.0,433436.0,42
201700028056,17,1,6,910,1,2,2,1.0,3.0,42218,M,4541503.0,437498.0,42
201700028057,17,1,10,755,1,2,3,1.0,6.0,42305,M,4548117.0,443481.0,42
201700028058,17,1,22,1840,3,2,1,1.0,6.0,42218,M,4545137.0,438838.0,42
201700028059,17,1,23,1950,5,2,1,1.0,3.0,42218,M,4544965.0,438767.0,42
201700028060,17,1,27,934,1,2,1,8.0,3.0,42218,M,4542375.0,439520.0,42
201700028061,17,1,31,1450,1,2,1,1.0,6.0,42218,M,4542131.0,439221.0,42
201700028062,17,2,1,1555,1,2,3,1.0,6.0,42218,M,4544091.0,438825.0,42
201700028063,17,1,20,1232,1,2,1,1.0,6.0,42330,M,4546825.0,435515.0,42
201700028064,17,1,14,1620,1,2,1,8.0,3.0,42330,M,4547476.0,434431.0,42
201700028065,17,1,26,1525,1,2,1,1.0,6.0,42218,M,4542148.0,441063.0,42
201700028066,17,2,8,1105,1,2,3,8.0,6.0,42218,M,4543605.0,441304.0,42
201700028067,17,2,13,950,1,2,1,1.0,6.0,42218,M,4543457.0,441531.0,42
201700028068,17,2,14,1640,1,2,1,1.0,6.0,42218,M,4543756.0,438117.0,42
201700028069,17,2,16,1500,1,2,1,1.0,6.0,42275,M,4547323.0,437954.0,42
201700028070,17,11,20,1220,1,2,1,1.0,6.0,42218,M,4542778.0,441014.0,42
201700028071,17,2,9,221,5,2,1,1.0,3.0,42218,M,4544131.0,440503.0,42
201700028072,17,2,14,955,1,2,1,1.0,6.0,42218,M,4542390.0,439624.0,42
201700028073,17,2,20,1650,1,2,1,1.0,1.0,42218,M,4543698.0,442042.0,42
201700028074,17,2,22,1115,1,2,9,1.0,6.0,42218,M,4543987.0,439552.0,42
201700028075,17,3,1,1400,1,2,1,1.0,1.0,42218,M,4541890.0,439058.0,42
201700028076,17,1,27,1220,1,2,1,1.0,6.0,42218,M,4542759.0,440078.0,42
201700028077,17,3,10,2310,5,2,3,1.0,6.0,42218,M,4544346.0,437944.0,42
201700028078,17,3,11,1615,1,2,1,1.0,6.0,42218,M,4547232.0,440166.0,42
201700028079,17,3,14,1715,1,2,1,1.0,3.0,42218,M,4543588.0,444544.0,42
201700028080,17,3,11,1615,1,2,1,1.0,3.0,42223,M,4544466.0,433738.0,42
201700028081,17,2,18,1650,1,2,6,1.0,1.0,42218,M,4545822.0,440603.0,42
201700028082,17,3,8,1830,1,1,3,1.0,6.0,42218,M,4542103.0,440234.0,42
201700028083,17,1,29,1145,1,2,1,1.0,6.0,42305,M,4548031.0,443242.0,42
201700028084,17,4,3,830,1,2,1,1.0,6.0,42218,M,4543397.0,438271.0,42
201700028085,17,3,16,1741,1,2,2,1.0,6.0,42218,M,4544827.0,438456.0,42
201700028086,17,2,17,925,1,2,1,1.0,2.0,42218,M,4544050.0,438748.0,42
201700028087,17,2,17,1210,1,2,1,1.0,6.0,42218,M,4541914.0,439860.0,42
201700028088,17,4,2,532,5,2,3,1.0,6.0,42218,M,4542771.0,440148.0,42
201700028089,17,4,6,1705,1,2,1,1.0,6.0,42305,M,4547881.0,443848.0,42
201700028090,17,4,3,1538,1,2,3,1.0,1.0,42218,M,4543012.0,439633.0,42
201700028091,17,4,11,1330,1,1,1,1.0,6.0,42218,M,4546086.0,438127.0,42
201700028092,17,4,12,1830,1,2,3,1.0,5.0,42218,M,4546476.0,437990.0,42
201700028093,17,4,14,1315,1,2,3,1.0,3.0,42218,M,4544283.0,441159.0,42
201700028094,17,4,22,200,5,2,3,1.0,1.0,42218,M,4543040.0,439637.0,42
201700028095,17,3,16,2035,5,1,1,1.0,1.0,42218,M,4542058.0,437635.0,42
201700028096,17,4,22,1505,1,2,3,1.0,3.0,42218,M,4540979.0,444615.0,42
201700028097,17,3,15,1130,1,2,1,1.0,6.0,42218,M,4543979.0,439717.0,42
201700028098,17,5,17,1130,1,2,3,1.0,3.0,42305,M,4546781.0,443274.0,42
201700028099,17,4,28,855,1,2,1,1.0,6.0,42218,M,4544085.0,441105.0,42
201700028100,17,4,26,900,1,2,1,2.0,6.0,42218,M,4542990.0,438251.0,42
201700028101,17,5,28,645,1,2,3,1.0,3.0,42218,M,4544210.0,440834.0,42
201700028102,17,4,11,1725,1,2,1,1.0,1.0,42218,M,4542237.0,442311.0,42
201700028103,17,6,9,1500,1,2,1,1.0,6.0,42218,M,4544246.0,438771.0,42
201700028104,17,6,22,1320,1,2,1,1.0,6.0,42218,M,4543975.0,439228.0,42
201700028105,17,6,25,1320,1,2,1,1.0,6.0,42218,M,4544121.0,437399.0,42
201700028106,17,6,26,2130,2,2,3,1.0,3.0,42237,M,4544435.0,443030.0,42
201700028107,17,6,27,930,1,2,2,1.0,6.0,42275,M,4546772.0,438383.0,42
201700028108,17,6,27,1730,1,2,1,2.0,3.0,42218,M,4547376.0,438693.0,42
201700028109,17,7,9,1445,1,2,3,2.0,3.0,42218,M,4545393.0,438594.0,42
201700028110,17,7,4,1905,1,2,2,1.0,6.0,42218,M,4544107.0,439818.0,42
201700028111,17,7,9,58,5,1,1,1.0,7.0,42218,M,4543445.0,430647.0,42
201700028112,17,7,14,1830,1,1,1,1.0,6.0,42189,M,4542698.0,431904.0,42
201700028113,17,7,15,28,5,2,2,1.0,3.0,42218,M,4542383.0,438955.0,42
201700028114,17,7,21,1600,1,2,3,8.0,6.0,42218,M,4544002.0,438377.0,42
201700028115,17,7,24,315,5,2,6,8.0,6.0,42218,M,4545901.0,440778.0,42
201700028116,17,7,24,1730,1,2,6,1.0,7.0,42218,M,4542120.0,441165.0,42
201700028117,17,7,25,1010,1,1,1,2.0,6.0,42223,M,4544611.0,439942.0,42
201700028118,17,7,28,1404,1,1,1,1.0,1.0,42218,M,4540657.0,444799.0,42
201700028119,17,8,8,805,1,2,6,2.0,3.0,42275,M,4547510.0,438244.0,42
201700028120,17,5,13,800,1,2,1,1.0,2.0,42330,M,4546903.0,435606.0,42
201700028121,17,8,20,1714,1,1,1,1.0,7.0,42330,M,4544703.0,433581.0,42
201700028122,17,8,15,1650,1,2,1,1.0,3.0,42218,M,4544712.0,439215.0,42
201700028123,17,8,22,1900,1,1,1,1.0,2.0,42189,M,4542873.0,435246.0,42
201700028124,17,8,28,2150,5,2,2,1.0,3.0,42218,M,4544216.0,438803.0,42
201700028125,17,9,8,2230,5,2,2,1.0,6.0,42218,M,4543261.0,438036.0,42
201700028126,17,9,20,1101,1,2,1,8.0,6.0,42218,M,4544051.0,442033.0,42
201700028127,17,9,21,1630,1,1,1,1.0,2.0,42218,M,4540261.0,440435.0,42
201700028128,17,9,23,1033,1,2,3,1.0,5.0,42189,M,4541707.0,431102.0,42
201700028129,17,10,4,2000,5,2,3,1.0,6.0,42218,M,4545404.0,438294.0,42
201700028130,17,9,28,900,1,2,1,1.0,6.0,42218,M,4541656.0,438876.0,42
201700028131,17,10,7,109,5,2,1,1.0,6.0,42218,M,4543906.0,439732.0,42
201700028132,17,10,5,1800,1,2,1,1.0,6.0,42218,M,4541880.0,441914.0,42
201700028133,17,10,26,1416,1,2,1,1.0,6.0,42218,M,4542540.0,439655.0,42
201700028134,17,10,20,1620,1,2,1,1.0,6.0,42218,M,4544104.0,441739.0,42
201700028135,17,10,28,1730,1,2,3,1.0,6.0,42218,M,4542985.0,439058.0,42
201700028136,17,10,28,2130,5,2,3,1.0,3.0,42218,M,4544251.0,437917.0,42
201700028137,17,11,1,1655,1,2,1,1.0,6.0,42218,M,4544666.0,439728.0,42
201700028138,17,11,2,2320,5,2,1,1.0,1.0,42218,M,4543499.0,443736.0,42
201700028139,17,10,24,930,1,1,1,1.0,3.0,42218,M,4543795.0,443445.0,42
201700028140,17,11,5,1400,1,2,1,1.0,1.0,42218,M,4544352.0,437680.0,42
201700028141,17,11,6,1145,1,2,1,8.0,6.0,42218,M,4546590.0,437529.0,42
201700028142,17,11,11,1745,2,2,2,8.0,6.0,42218,M,4543361.0,439087.0,42
201700028143,17,11,9,1732,1,2,1,1.0,6.0,42218,M,4544365.0,438662.0,42
201700028144,17,11,17,937,1,2,1,1.0,6.0,42218,M,4541936.0,440081.0,42
201700028145,17,12,1,700,5,2,3,4.0,6.0,42218,M,4543033.0,440955.0,42
201700028146,17,12,6,1930,2,1,1,5.0,5.0,42330,M,4546391.0,434544.0,42
201700028147,17,12,11,700,5,2,3,1.0,3.0,42218,M,4544050.0,443601.0,42
201700028148,17,12,2,1920,4,2,1,1.0,6.0,42218,M,4546594.0,437850.0,42
201700028149,17,11,21,1848,5,2,1,1.0,6.0,42218,M,4543237.0,438783.0,42
201700028150,17,12,6,1800,3,2,2,1.0,3.0,42218,M,4542393.0,439630.0,42
201700028151,17,12,13,2330,5,2,1,1.0,7.0,42330,M,4546878.0,436559.0,42
201700028152,17,12,18,1355,1,2,1,2.0,6.0,42218,M,4543639.0,439042.0,42
201700028153,17,12,9,2050,5,2,1,8.0,6.0,42218,M,4544264.0,440016.0,42
201700028154,17,12,11,1945,3,1,1,1.0,2.0,42223,M,4543779.0,434139.0,42
201700028155,17,1,6,1600,1,2,1,1.0,6.0,42225,M,4553349.0,462849.0,42
201700028156,17,1,9,829,1,2,1,1.0,3.0,42110,M,4549358.0,453201.0,42
201700028157,17,1,26,1830,5,2,1,2.0,6.0,42207,M,4547759.0,434945.0,42
201700028158,17,2,11,935,1,2,1,1.0,3.0,42110,M,4548827.0,454672.0,42
201700028159,17,2,8,1610,1,2,1,1.0,6.0,42207,M,4545775.0,450464.0,42
201700028160,17,2,20,1640,1,2,1,1.0,6.0,42123,M,4551121.0,457788.0,42
201700028161,17,3,11,830,1,2,3,1.0,3.0,42186,M,4553151.0,462502.0,42
201700028162,17,2,6,2045,5,2,1,1.0,3.0,42225,M,4532133.0,435947.0,42
201700028163,17,4,8,1500,1,2,1,1.0,6.0,42207,M,4547236.0,450443.0,42
201700028164,17,6,1,2110,1,2,1,1.0,1.0,42207,M,4547643.0,452933.0,42
201700028165,17,6,12,730,1,2,1,1.0,3.0,42207,M,4547961.0,452666.0,42
201700028166,17,5,26,2001,1,2,3,1.0,3.0,42207,M,4547214.0,450689.0,42
201700028167,17,6,19,1320,1,2,1,1.0,6.0,42207,M,4546139.0,448514.0,42
201700028168,17,6,19,1132,1,2,1,1.0,4.0,42103,M,4550255.0,456826.0,42
201700028169,17,6,29,900,1,2,1,1.0,6.0,42103,M,4550651.0,457111.0,42
201700028170,17,7,19,1645,1,2,1,1.0,3.0,42186,M,4552552.0,460795.0,42
201700028171,17,9,15,1320,1,2,1,1.0,3.0,42103,M,4549689.0,456412.0,42
201700028172,17,8,6,1730,1,1,1,1.0,7.0,42207,M,4545600.0,448801.0,42
201700028173,17,9,13,1345,1,2,1,1.0,6.0,42186,M,4552886.0,461728.0,42
201700028174,17,9,21,1618,1,2,1,1.0,6.0,42207,M,4547014.0,450913.0,42
201700028175,17,10,5,1720,1,2,1,1.0,6.0,42186,M,4552683.0,461496.0,42
201700028176,17,10,16,1145,1,2,9,1.0,6.0,42207,M,4547867.0,452042.0,42
201700028177,17,10,18,1910,5,2,1,1.0,6.0,42103,M,4550026.0,456642.0,42
201700028178,17,10,7,2210,3,1,1,1.0,6.0,42259,M,4554136.0,461675.0,42
201700028179,17,10,17,1810,1,2,1,1.0,6.0,42186,M,4552364.0,460577.0,42
201700028180,17,11,6,1800,5,1,3,1.0,3.0,42207,M,4549212.0,452501.0,42
201700028181,17,11,16,1900,5,2,1,1.0,6.0,42207,M,4547255.0,453242.0,42
201700028182,17,11,9,1500,1,2,3,3.0,3.0,42207,M,4546415.0,450328.0,42
201700028183,17,11,22,1650,2,2,3,1.0,1.0,42225,M,4552946.0,459001.0,42
201700028184,17,11,19,1525,1,1,1,8.0,7.0,42053,M,4549027.0,461772.0,42
201700028185,17,11,27,1030,1,2,1,1.0,6.0,42186,M,4552666.0,461305.0,42
201700028186,17,12,12,1402,1,2,1,1.0,6.0,42207,M,4547728.0,451057.0,42
201700028187,17,12,13,1745,5,2,1,2.0,6.0,42186,M,4552891.0,461738.0,42
201700028188,17,1,12,1755,2,2,1,1.0,3.0,43157,M,,,43
201700028189,17,1,26,802,1,1,1,4.0,3.0,43157,M,4500570.0,387908.0,43
201700028190,17,1,21,1045,1,2,1,1.0,6.0,43157,M,,,43
201700028191,17,2,13,930,1,2,1,1.0,6.0,43157,M,4504940.0,390100.0,43
201700028192,17,3,17,1225,1,2,1,1.0,3.0,43157,M,,,43
201700028193,17,4,26,1140,1,2,1,1.0,6.0,43251,M,,,43
201700028194,17,4,1,1230,1,2,1,1.0,6.0,43089,M,4504640.0,386557.0,43
201700028195,17,5,24,1530,1,2,1,1.0,6.0,43157,M,4504530.0,387983.0,43
201700028196,17,6,18,1722,1,2,1,1.0,6.0,43157,M,,,43
201700028197,17,6,20,940,1,2,1,1.0,6.0,43251,M,,,43
201700028198,17,6,20,1740,1,2,1,1.0,2.0,43041,M,4504760.0,392749.0,43
201700028199,17,8,3,1820,1,1,1,1.0,6.0,43157,M,,,43
201700028200,17,8,16,1605,1,2,1,1.0,6.0,43046,M,,,43
201700028201,17,9,21,1020,1,2,3,1.0,3.0,43157,M,,,43
201700028202,17,9,19,945,1,2,1,1.0,6.0,43157,M,4504750.0,387856.0,43
201700028203,17,10,10,1810,5,2,1,1.0,3.0,43041,M,4504970.0,391014.0,43
201700028204,17,11,6,730,1,2,1,1.0,6.0,43157,M,,,43
201700028205,17,11,25,1255,1,1,1,1.0,5.0,43157,M,4500900.0,387933.0,43
201700028206,17,11,21,1550,1,2,1,1.0,6.0,43157,M,,,43
201700028207,17,11,29,1330,1,2,1,1.0,6.0,43041,M,4504810.0,392759.0,43
201700028208,17,1,3,835,1,1,3,1.0,3.0,44055,M,4727284.0,-234321.0,44
201700028209,17,1,14,1640,1,2,1,8.0,3.0,44132,M,4727165.0,-235404.0,44
201700028210,17,1,25,200,5,2,2,1.0,3.0,44132,M,4724249.0,-231064.0,44
201700028211,17,2,16,1635,1,2,1,1.0,6.0,44055,M,4727870.0,-237118.0,44
201700028212,17,3,4,1801,2,2,6,1.0,3.0,44132,M,4725330.0,-231406.0,44
201700028213,17,3,20,1715,1,1,2,1.0,1.0,44055,M,4728988.0,-230607.0,44
201700028214,17,4,6,1748,1,2,9,1.0,6.0,44132,M,4725351.0,-232065.0,44
201700028215,17,4,7,850,1,1,2,7.0,3.0,44055,M,4728321.0,-231588.0,44
201700028216,17,4,12,1830,1,2,1,1.0,6.0,44055,M,4727861.0,-237228.0,44
201700028217,17,4,29,1655,1,2,1,1.0,3.0,44132,M,4726265.0,-233432.0,44
201700028218,17,6,22,1915,1,1,1,1.0,2.0,44055,M,4728634.0,-231456.0,44
201700028219,17,6,22,45,5,2,2,1.0,3.0,44132,M,4726704.0,-234149.0,44
201700028220,17,6,21,2250,5,2,1,1.0,6.0,44055,M,4728934.0,-239418.0,44
201700028221,17,7,22,105,3,1,1,2.0,6.0,44055,M,4729369.0,-234339.0,44
201700028222,17,7,23,1655,1,2,1,8.0,6.0,44132,M,4726582.0,-234572.0,44
201700028223,17,7,29,1915,1,2,1,1.0,6.0,44055,M,4728838.0,-238590.0,44
201700028224,17,8,8,215,5,2,1,1.0,2.0,44055,M,4729693.0,-236411.0,44
201700028225,17,8,17,1600,1,1,1,2.0,1.0,44055,M,4727984.0,-232612.0,44
201700028226,17,8,18,1225,1,2,1,1.0,2.0,44132,M,4727032.0,-235144.0,44
201700028227,17,9,5,1200,1,2,6,1.0,2.0,44132,M,4725935.0,-234064.0,44
201700028228,17,9,20,1015,1,2,1,1.0,6.0,44132,M,4726010.0,-233710.0,44
201700028229,17,9,26,1103,1,2,6,1.0,2.0,44055,M,4729107.0,-239542.0,44
201700028230,17,10,18,2130,3,1,1,1.0,2.0,44055,M,4729000.0,-233000.0,44
201700028231,17,10,26,1757,1,2,1,1.0,3.0,44132,M,4727140.0,-235360.0,44
201700028232,17,10,7,1700,1,2,9,1.0,3.0,44132,M,4726534.0,-234525.0,44
201700028233,17,12,4,1019,1,2,4,7.0,3.0,44132,M,4726806.0,-234219.0,44
201700028234,17,12,7,1700,2,1,1,2.0,1.0,44132,M,4726832.0,-231385.0,44
201700028235,17,11,30,1600,1,2,1,9.0,1.0,44109,M,4721982.0,-153246.0,44
201700028236,17,11,24,1645,1,2,6,1.0,6.0,44109,M,4726433.0,-157416.0,44
201700028237,17,11,24,750,2,2,1,1.0,6.0,44109,M,4722289.0,-155270.0,44
201700028238,17,11,10,1625,1,2,1,1.0,6.0,44109,M,4720071.0,-154558.0,44
201700028239,17,11,17,2100,5,2,1,9.0,6.0,44109,M,4726187.0,-156961.0,44
201700028240,17,11,17,1135,1,2,1,1.0,3.0,44143,M,4719398.0,-154546.0,44
201700028241,17,11,20,1730,2,1,1,1.0,1.0,44114,M,4729534.0,-163388.0,44
201700028242,17,11,3,1735,5,1,1,2.0,6.0,44109,M,4717589.0,-160190.0,44
201700028243,17,11,15,1700,2,2,1,1.0,6.0,44162,M,4721952.0,-162463.0,44
201700028244,17,11,23,1755,5,2,1,1.0,6.0,44109,M,4720307.0,-153927.0,44
201700028245,17,11,7,1710,1,2,1,1.0,3.0,44162,M,4722137.0,-166384.0,44
201700028246,17,11,11,240,5,1,1,1.0,6.0,44109,M,4721816.0,-154825.0,44
201700028247,17,1,8,2130,5,2,1,2.0,2.0,44109,M,4720940.0,-156601.0,44
201700028248,17,11,16,1910,3,2,1,1.0,5.0,44114,M,4725618.0,-164371.0,44
201700028249,17,11,23,120,5,2,1,1.0,6.0,44109,M,4722029.0,-155282.0,44
201700028250,17,11,17,800,2,2,1,1.0,2.0,44109,M,4726498.0,-159067.0,44
201700028251,17,11,30,830,1,2,1,1.0,3.0,44162,M,4723243.0,-164813.0,44
201700028252,17,11,7,1840,3,2,1,1.0,2.0,44162,M,4720511.0,-162425.0,44
201700028253,17,11,29,2015,5,2,1,1.0,3.0,44143,M,4718991.0,-156851.0,44
201700028254,17,12,6,1010,1,2,1,1.0,6.0,44190,M,4720995.0,-150378.0,44
201700028255,17,12,7,1435,1,2,1,1.0,2.0,44143,M,4716783.0,-154282.0,44
201700028256,17,12,4,1150,1,2,1,1.0,6.0,44109,M,4723292.0,-157794.0,44
201700028257,17,12,1,1824,5,2,1,1.0,6.0,44109,M,4722874.0,-156579.0,44
201700028258,17,12,9,1015,1,2,1,1.0,3.0,44109,M,4721796.0,-155290.0,44
201700028259,17,12,19,1115,1,2,1,1.0,6.0,44109,M,4721131.0,-158277.0,44
201700028260,17,12,9,745,1,2,1,1.0,3.0,44109,M,4726480.0,-159204.0,44
201700028261,17,12,1,1145,1,2,1,1.0,2.0,44109,M,4721865.0,-153877.0,44
201700028262,17,12,20,2330,5,2,1,1.0,3.0,44109,M,4719956.0,-156693.0,44
201700028263,17,12,11,750,5,2,1,2.0,6.0,44190,M,4720989.0,-150441.0,44
201700028264,17,12,6,2000,5,2,1,1.0,6.0,44109,M,4724254.0,-153379.0,44
201700028265,17,12,4,800,2,2,1,1.0,2.0,44109,M,4723517.0,-154370.0,44
201700028266,17,1,27,1035,1,2,3,1.0,3.0,44109,M,4720530.0,-154736.0,44
201700028267,17,12,9,2135,5,2,0,2.0,3.0,44109,M,4723319.0,-156513.0,44
201700028268,17,12,29,1945,5,2,1,1.0,6.0,44162,M,4722300.0,160200.0,44
201700028269,17,12,13,1050,1,1,2,9.0,1.0,44109,M,4726013.0,-149941.0,44
201700028270,17,1,7,110,5,2,1,1.0,6.0,44109,M,4724709.0,-149321.0,44
201700028271,17,1,16,1510,1,2,1,2.0,6.0,44143,M,4715401.0,-153643.0,44
201700028272,17,1,3,1905,5,2,1,1.0,6.0,44109,M,4724625.0,-155551.0,44
201700028273,17,1,2,1015,1,2,1,1.0,3.0,44109,M,4720991.0,-159161.0,44
201700028274,17,1,6,750,3,2,1,1.0,6.0,44109,M,4722529.0,-157984.0,44
201700028275,17,1,30,1150,1,1,1,2.0,6.0,44109,M,4722231.0,-155678.0,44
201700028276,17,1,14,1610,1,1,1,1.0,6.0,44109,M,4726851.0,-156177.0,44
201700028277,17,1,26,1800,1,2,1,1.0,6.0,44109,M,4721418.0,-158599.0,44
201700028278,17,1,9,2030,5,2,2,2.0,6.0,44143,M,4717628.0,-156419.0,44
201700028279,17,1,22,940,1,2,1,1.0,6.0,44143,M,4718806.0,-156649.0,44
201700028280,17,1,7,1800,2,2,1,1.0,6.0,44109,M,4724712.0,-149314.0,44
201700028281,17,1,4,1800,2,2,1,1.0,6.0,44109,M,4719630.0,-152636.0,44
201700028282,17,1,13,1643,1,2,1,1.0,6.0,44109,M,4720486.0,-153831.0,44
201700028283,17,1,28,1530,1,2,1,1.0,3.0,44109,M,4724271.0,-149502.0,44
201700028284,17,1,28,2200,5,2,2,2.0,6.0,44109,M,4725615.0,-156612.0,44
201700028285,17,1,7,720,5,2,2,1.0,6.0,44114,M,4724820.0,-157741.0,44
201700028286,17,1,2,830,2,2,2,1.0,6.0,44109,M,4722719.0,-154260.0,44
201700028287,17,1,30,630,2,2,1,2.0,6.0,44109,M,4720685.0,-157925.0,44
201700028288,17,1,19,1750,2,2,1,1.0,6.0,44162,M,4722029.0,-160327.0,44
201700028289,17,1,20,2040,5,2,1,1.0,6.0,44109,M,4724202.0,-155682.0,44
201700028290,17,1,7,1650,1,2,1,1.0,6.0,44143,M,4718918.0,-157028.0,44
201700028291,17,1,31,1255,1,2,1,1.0,6.0,44162,M,4724707.0,-160593.0,44
201700028292,17,1,31,730,5,2,1,3.0,6.0,44109,M,4721181.0,-155708.0,44
201700028293,17,1,26,830,2,2,1,1.0,6.0,44109,M,4721569.0,-158679.0,44
201700028294,17,1,17,1015,1,2,1,1.0,6.0,44162,M,4721161.0,-165401.0,44
201700028295,17,2,10,2308,5,2,2,1.0,6.0,44109,M,4722057.0,-155517.0,44
201700028296,17,1,16,1910,5,2,1,2.0,6.0,44109,M,4723565.0,-158377.0,44
201700028297,17,1,16,615,5,2,6,2.0,6.0,44109,M,4726431.0,-157403.0,44
201700028298,17,2,9,1715,1,2,1,1.0,3.0,44114,M,4724089.0,-159246.0,44
201700028299,17,2,1,1215,1,2,1,2.0,6.0,44109,M,4721728.0,-158275.0,44
201700028300,17,2,19,1645,1,2,1,1.0,6.0,44109,M,4723483.0,-152866.0,44
201700028301,17,2,10,825,1,2,6,1.0,6.0,44109,M,4724615.0,-156593.0,44