Num_Acc,an,mois,jour,hrmn,lum,agg,int,atm,col,com,gps,lat,long,dep
201700028302,17,2,6,1409,2,2,1,1.0,6.0,44109,M,4722608.0,-156277.0,44
201700028303,17,2,9,1710,1,1,1,1.0,6.0,44162,M,4721805.0,-162730.0,44
201700028304,17,2,5,530,3,1,1,2.0,6.0,44109,M,4725729.0,-150763.0,44
201700028305,17,2,5,255,5,2,1,2.0,6.0,44109,M,4721549.0,-152231.0,44
201700028306,17,2,11,545,5,2,1,1.0,6.0,44109,M,4719837.0,-160595.0,44
201700028307,17,2,19,1910,5,2,1,1.0,6.0,44109,M,4722616.0,-155974.0,44
201700028308,17,2,25,1319,1,2,1,1.0,6.0,44143,M,4719163.0,-154864.0,44
201700028309,17,2,16,750,1,2,1,1.0,6.0,44109,M,4721022.0,-160978.0,44
201700028310,17,3,4,1600,1,1,1,8.0,2.0,44162,M,4723125.0,-164891.0,44
201700028311,17,2,7,1520,1,2,1,1.0,6.0,44162,M,4722225.0,-163937.0,44
201700028312,17,2,10,1525,1,2,2,1.0,6.0,44109,M,4725890.0,-152545.0,44
201700028313,17,2,18,1900,1,1,1,1.0,7.0,44162,M,4723439.0,-161741.0,44
201700028314,17,2,10,240,5,2,1,1.0,6.0,44109,M,4723872.0,-157124.0,44
201700028315,17,2,10,2015,5,2,1,1.0,6.0,44109,M,4724504.0,-152538.0,44
201700028316,17,3,23,1212,1,2,1,1.0,6.0,44109,M,4722750.0,-154460.0,44
201700028317,17,3,31,1435,1,2,2,1.0,6.0,44109,M,4720650.0,-155496.0,44
201700028318,17,4,7,2215,5,2,1,1.0,7.0,44109,M,4719968.0,-153342.0,44
201700028319,17,4,8,1905,1,2,1,1.0,6.0,44114,M,4724310.0,-159673.0,44
201700028320,17,3,7,1815,1,2,1,1.0,6.0,44109,M,4723242.0,-156777.0,44
201700028321,17,3,30,910,1,2,1,1.0,6.0,44109,M,4723354.0,-151101.0,44
201700028322,17,3,2,725,1,2,1,1.0,6.0,44109,M,4726220.0,-156619.0,44
201700028323,17,3,10,855,1,2,1,1.0,6.0,44190,M,4721294.0,-148542.0,44
201700028324,17,3,29,1827,1,2,1,1.0,6.0,44114,M,4724667.0,-158200.0,44
201700028325,17,3,10,800,1,2,1,5.0,3.0,44162,M,4721998.0,-164026.0,44
201700028326,17,3,23,1307,1,2,1,1.0,6.0,44114,M,4724547.0,-159912.0,44
201700028327,17,3,6,1520,1,2,1,1.0,6.0,44109,M,4721571.0,-156099.0,44
201700028328,17,3,13,1950,3,2,1,1.0,6.0,44109,M,4720884.0,-156792.0,44
201700028329,17,3,14,2015,5,2,1,1.0,6.0,44109,M,4720927.0,-156666.0,44
201700028330,17,3,8,1215,1,2,1,2.0,6.0,44109,M,4723957.0,-153734.0,44
201700028331,17,3,28,950,1,2,1,1.0,6.0,44020,M,4717292.0,-159247.0,44
201700028332,17,3,5,530,3,2,1,3.0,2.0,44162,M,4724626.0,-162136.0,44
201700028333,17,3,10,905,1,2,1,5.0,6.0,44109,M,4722191.0,-160139.0,44
201700028334,17,3,22,1950,5,2,1,1.0,6.0,44162,M,4721380.0,-164814.0,44
201700028335,17,3,24,845,1,2,1,1.0,6.0,44109,M,4721468.0,-156562.0,44
201700028336,17,3,16,1340,1,2,1,1.0,6.0,44114,M,4724966.0,-161544.0,44
201700028337,17,3,31,1950,1,2,1,1.0,3.0,44109,M,4721876.0,-156104.0,44
201700028338,17,3,23,830,1,2,1,1.0,6.0,44109,M,4721369.0,-155648.0,44
201700028339,17,3,29,1714,1,1,1,1.0,6.0,44162,M,4725297.0,-164356.0,44
201700028340,17,3,10,1710,1,1,1,1.0,6.0,44190,M,4720085.0,-152730.0,44
201700028341,17,4,21,900,1,2,3,1.0,6.0,44109,M,4721456.0,-157282.0,44
201700028342,17,4,20,1540,1,2,6,1.0,3.0,44109,M,4721834.0,-151593.0,44
201700028343,17,4,5,730,1,2,1,1.0,6.0,44109,M,4722033.0,-158643.0,44
201700028344,17,4,7,1140,1,2,1,1.0,6.0,44109,M,4724540.0,-151514.0,44
201700028345,17,4,24,750,1,2,1,1.0,1.0,44109,M,4718704.0,-152132.0,44
201700028346,17,4,6,712,1,2,1,1.0,6.0,44109,M,4723985.0,-155871.0,44
201700028347,17,4,18,1450,1,2,1,1.0,6.0,44109,M,4720394.0,-154588.0,44
201700028348,17,4,8,419,5,2,1,1.0,6.0,44109,M,4722748.0,-155204.0,44
201700028349,17,5,20,200,5,2,1,1.0,6.0,44109,M,4720127.0,-157703.0,44
201700028350,17,4,6,1712,1,2,1,1.0,3.0,44143,M,4719279.0,-155476.0,44
201700028351,17,5,22,830,1,2,1,1.0,3.0,44109,M,4723168.0,-152283.0,44
201700028352,17,4,22,1845,1,2,1,1.0,6.0,44162,M,4721984.0,-162406.0,44
201700028353,17,4,26,1130,1,2,1,1.0,2.0,44109,M,4724956.0,-157556.0,44
201700028354,17,4,13,1528,1,2,1,1.0,6.0,44109,M,4720527.0,-154756.0,44
201700028355,17,4,21,1615,1,2,1,1.0,6.0,44109,M,4721182.0,-154341.0,44
201700028356,17,4,7,2220,5,2,3,1.0,6.0,44109,M,4723474.0,-154129.0,44
201700028357,17,4,18,1850,1,2,1,1.0,6.0,44109,M,4722407.0,-159637.0,44
201700028358,17,4,25,1750,1,2,1,1.0,6.0,44109,M,4723979.0,-156954.0,44
201700028359,17,4,18,1805,1,2,1,1.0,2.0,44109,M,4726574.0,-155934.0,44
201700028360,17,4,30,2205,5,2,6,2.0,6.0,44109,M,4719241.0,-152694.0,44
201700028361,17,4,28,1704,1,1,1,1.0,4.0,44109,M,4721231.0,-148410.0,44
201700028362,17,4,26,1215,1,2,1,1.0,3.0,44143,M,4718803.0,-155142.0,44
201700028363,17,4,7,2340,5,2,1,1.0,6.0,44109,M,4719702.0,-154291.0,44
201700028364,17,4,11,1220,1,2,1,1.0,6.0,44109,M,4723971.0,-151332.0,44
201700028365,17,4,26,845,1,2,1,1.0,6.0,44109,M,4719824.0,-160328.0,44
201700028366,17,4,7,1440,1,2,1,1.0,6.0,44109,M,4721766.0,-156172.0,44
201700028367,17,5,22,745,1,2,1,1.0,5.0,44109,M,4726264.0,-160908.0,44
201700028368,17,6,14,935,1,2,1,1.0,1.0,44109,M,4726359.0,-157020.0,44
201700028369,17,5,18,1825,1,1,1,1.0,5.0,44109,M,4723799.0,-158719.0,44
201700028370,17,5,27,316,3,1,1,2.0,6.0,44009,M,4721396.0,-148130.0,44
201700028371,17,5,14,1600,1,1,1,1.0,6.0,44109,M,4721074.0,-156198.0,44
201700028372,17,5,19,1715,1,2,1,1.0,6.0,44109,M,4719715.0,-154018.0,44
201700028373,17,5,28,345,5,1,1,1.0,6.0,44109,M,4720903.0,-154134.0,44
201700028374,17,5,5,1710,1,2,3,1.0,6.0,44109,M,4723942.0,-158945.0,44
201700028375,17,5,21,1545,1,2,1,1.0,6.0,44162,M,4721958.0,-162407.0,44
201700028376,17,5,15,1300,1,2,1,1.0,6.0,44109,M,4722690.0,-154268.0,44
201700028377,17,5,31,1540,1,2,1,1.0,6.0,44143,M,4715737.0,-154128.0,44
201700028378,17,5,28,2015,1,2,1,1.0,6.0,44109,M,4721649.0,-153359.0,44
201700028379,17,5,6,39,5,2,6,1.0,3.0,44109,M,4723984.0,-157199.0,44
201700028380,17,5,15,1220,1,2,1,1.0,6.0,44109,M,4724283.0,-153455.0,44
201700028381,17,5,10,940,1,2,1,1.0,6.0,44109,M,4721627.0,-156566.0,44
201700028382,17,5,17,1400,1,1,1,1.0,6.0,44109,M,4719226.0,-161369.0,44
201700028383,17,5,14,1650,1,1,1,1.0,4.0,44109,M,4726779.0,-156405.0,44
201700028384,17,5,19,1745,1,2,1,1.0,6.0,44109,M,4724927.0,-152237.0,44
201700028385,17,5,23,2100,1,2,1,2.0,7.0,44109,M,4723350.0,-151096.0,44
201700028386,17,5,8,1724,1,2,1,2.0,6.0,44114,M,4724454.0,-158100.0,44
201700028387,17,5,6,2120,5,2,1,1.0,6.0,44109,M,4720548.0,-153238.0,44
201700028388,17,5,12,930,1,2,1,1.0,6.0,44162,M,4722451.0,-162927.0,44
201700028389,17,5,5,1830,1,2,1,1.0,6.0,44109,M,4723784.0,-154475.0,44
201700028390,17,5,8,1800,1,2,1,1.0,6.0,44162,M,4722498.0,-162825.0,44
201700028391,17,5,16,1030,1,2,1,1.0,6.0,44143,M,4717661.0,-155584.0,44
201700028392,17,5,27,1635,1,2,3,1.0,2.0,44109,M,4721704.0,-156756.0,44
201700028393,17,5,20,445,5,2,1,1.0,6.0,44109,M,4728260.0,-145371.0,44
201700028394,17,5,31,1635,1,2,3,1.0,6.0,44109,M,4721018.0,-157210.0,44
201700028395,17,5,9,1410,1,2,1,1.0,6.0,44109,M,4724523.0,-157594.0,44
201700028396,17,6,17,1445,1,2,1,1.0,6.0,44162,M,4724269.0,-160780.0,44
201700028397,17,7,20,1705,1,2,1,1.0,6.0,44109,M,4722568.0,-152230.0,44
201700028398,17,6,15,540,2,2,1,1.0,1.0,44114,M,4725136.0,-157666.0,44
201700028399,17,6,3,1900,1,2,1,1.0,3.0,44114,M,4725166.0,-162146.0,44
201700028400,17,6,8,1845,1,2,1,1.0,6.0,44109,M,4721970.0,-158674.0,44
201700028401,17,6,1,758,1,2,1,1.0,3.0,44109,M,4721380.0,-157499.0,44
201700028402,17,6,3,1616,1,2,1,1.0,6.0,44109,M,4720696.0,-157398.0,44
201700028403,17,6,22,2000,1,2,1,1.0,3.0,44109,M,4722090.0,-160251.0,44
201700028404,17,6,24,2045,1,2,1,1.0,3.0,44109,M,4719558.0,-154665.0,44
201700028405,17,6,16,1326,1,2,1,1.0,3.0,44109,M,4722467.0,-154673.0,44
201700028406,17,6,23,1550,1,2,1,1.0,6.0,44109,M,4721599.0,-155721.0,44
201700028407,17,6,29,1100,1,2,1,1.0,6.0,44109,M,4723764.0,-156946.0,44
201700028408,17,6,12,1820,1,2,1,1.0,6.0,44109,M,4723036.0,-157099.0,44
201700028409,17,6,29,1730,1,2,1,1.0,6.0,44143,M,4719276.0,-154682.0,44
201700028410,17,6,7,1955,1,2,1,1.0,6.0,44109,M,4723956.0,-158482.0,44
201700028411,17,6,6,1310,1,2,1,1.0,2.0,44109,M,4723386.0,-153557.0,44
201700028412,17,6,19,1445,1,2,1,1.0,3.0,44109,M,4721248.0,-155575.0,44
201700028413,17,6,1,940,1,2,3,7.0,3.0,44109,M,4722275.0,-155703.0,44
201700028414,17,6,7,1900,1,2,6,1.0,3.0,44109,M,4723082.0,-155663.0,44
201700028415,17,6,1,2245,3,2,1,1.0,5.0,44162,M,4722171.0,-162210.0,44
201700028416,17,6,1,1510,1,2,2,1.0,1.0,44109,M,4720413.0,-160371.0,44
201700028417,17,6,2,740,1,2,6,1.0,3.0,44109,M,4721182.0,-154351.0,44
201700028418,17,6,8,1900,1,2,1,1.0,2.0,44109,M,4720488.0,-153824.0,44
201700028419,17,6,8,1020,1,2,1,1.0,7.0,44109,M,4719818.0,-158851.0,44
201700028420,17,6,11,500,5,2,1,1.0,7.0,44109,M,4722850.0,-152653.0,44
201700028421,17,6,10,1420,1,2,1,1.0,3.0,44109,M,4720976.0,-157151.0,44
201700028422,17,6,13,1330,1,2,1,1.0,7.0,44109,M,4725041.0,-152717.0,44
201700028423,17,6,21,1900,1,2,1,1.0,2.0,44109,M,4720108.0,-154484.0,44
201700028424,17,6,23,2027,1,2,1,1.0,7.0,44109,M,4724851.0,-152121.0,44
201700028425,17,6,24,1640,1,2,1,1.0,7.0,44109,M,4727880.0,-150928.0,44
201700028426,17,6,27,1410,1,2,3,1.0,3.0,44109,M,4720883.0,-158629.0,44
201700028427,17,6,25,1230,1,2,1,1.0,7.0,44109,M,4726503.0,-157379.0,44
201700028428,17,6,27,110,3,2,1,1.0,6.0,44009,M,4721838.0,-147734.0,44
201700028429,17,7,20,1700,1,2,1,1.0,6.0,44109,M,4724767.0,-152221.0,44
201700028430,17,7,3,1335,1,2,1,1.0,3.0,44162,M,4722956.0,-160622.0,44
201700028431,17,7,2,1543,1,2,1,1.0,6.0,44162,M,4721933.0,-160344.0,44
201700028432,17,7,13,1840,1,2,3,1.0,6.0,44109,M,4722390.0,-159986.0,44
201700028433,17,7,16,1645,1,2,1,1.0,6.0,44109,M,4720281.0,-157580.0,44
201700028434,17,7,17,1830,1,2,1,1.0,6.0,44109,M,4722270.0,-159737.0,44
201700028435,17,7,25,2210,5,2,1,1.0,7.0,44109,M,4726630.0,-151574.0,44
201700028436,17,7,14,2000,2,2,1,1.0,6.0,44109,M,4720446.0,-155329.0,44
201700028437,17,7,31,2305,5,2,1,1.0,6.0,44109,M,4719540.0,-160617.0,44
201700028438,17,7,20,1130,1,2,1,1.0,6.0,44109,M,4721417.0,-158566.0,44
201700028439,17,7,28,1310,1,1,1,1.0,4.0,44162,M,4725469.0,-164879.0,44
201700028440,17,7,3,1800,1,2,1,1.0,6.0,44109,M,4720682.0,-157903.0,44
201700028441,17,7,18,2020,2,2,1,1.0,6.0,44109,M,4720777.0,-153654.0,44
201700028442,17,7,4,1530,1,2,1,1.0,1.0,44162,M,4722604.0,-163754.0,44
201700028443,17,7,14,55,5,2,2,1.0,6.0,44109,M,4721618.0,-156570.0,44
201700028444,17,7,16,718,2,2,1,7.0,6.0,44114,M,4725253.0,-161572.0,44
201700028445,17,7,6,1715,1,2,1,1.0,6.0,44109,M,4726805.0,-152187.0,44
201700028446,17,7,28,700,2,2,2,1.0,6.0,44190,M,4719782.0,-150910.0,44
201700028447,17,7,5,910,1,1,1,1.0,6.0,44109,M,4726544.0,-156068.0,44
201700028448,17,9,6,100,5,2,1,1.0,6.0,44109,M,4723432.0,-156676.0,44
201700028449,17,5,16,930,1,2,1,1.0,3.0,44109,M,4721899.0,-153701.0,44
201700028450,17,8,4,1555,1,2,1,2.0,6.0,44109,M,4725926.0,-157524.0,44
201700028451,17,8,21,1750,1,2,1,1.0,6.0,44162,M,4721048.0,-164862.0,44
201700028452,17,8,30,1750,1,2,2,1.0,3.0,44109,M,4723975.0,-157739.0,44
201700028453,17,8,4,1950,2,2,1,1.0,7.0,44190,M,4719787.0,-150932.0,44
201700028454,17,8,30,1115,1,2,1,2.0,6.0,44109,M,4722720.0,-156952.0,44
201700028455,17,8,12,1100,1,2,1,2.0,6.0,44109,M,4722055.0,-160323.0,44
201700028456,17,8,28,1600,1,2,2,1.0,6.0,44109,M,4725361.0,-157612.0,44
201700028457,17,8,19,2030,2,2,1,1.0,6.0,44109,M,4725990.0,-157642.0,44
201700028458,17,8,8,830,1,2,1,1.0,6.0,44162,M,4722898.0,-163203.0,44
201700028459,17,8,17,1705,1,2,1,1.0,6.0,44109,M,4722762.0,-159962.0,44
201700028460,17,8,31,1155,1,2,1,1.0,6.0,44109,M,4721241.0,-157988.0,44
201700028461,17,8,26,1055,1,2,1,1.0,6.0,44109,M,4720934.0,-155550.0,44
201700028462,17,8,31,800,1,2,1,1.0,6.0,44162,M,4719426.0,-163776.0,44
201700028463,17,9,18,1605,1,2,2,1.0,6.0,44109,M,4724346.0,-152320.0,44
201700028464,17,9,27,910,1,2,1,1.0,6.0,44109,M,4720514.0,-158014.0,44
201700028465,17,9,8,1710,1,2,1,1.0,6.0,44109,M,4726152.0,-158275.0,44
201700028466,17,9,3,1830,1,2,1,2.0,4.0,44114,M,4726256.0,-161003.0,44
201700028467,17,9,22,925,1,2,1,1.0,6.0,44162,M,4724630.0,-160401.0,44
201700028468,17,9,12,1115,1,2,1,1.0,7.0,44190,M,4719612.0,-152362.0,44
201700028469,17,9,24,1700,1,2,1,1.0,3.0,44109,M,4727014.0,-151927.0,44
201700028470,17,10,6,1356,1,2,1,1.0,3.0,44109,M,4721183.0,157834.0,44
201700028471,17,9,8,1700,1,2,1,1.0,2.0,44109,M,4726587.0,-152335.0,44
201700028472,17,9,7,2305,5,2,1,1.0,6.0,44109,M,4724358.0,-152718.0,44
201700028473,17,11,1,2352,5,2,3,1.0,7.0,44109,M,4726941.0,-151161.0,44
201700028474,17,9,14,910,1,2,1,1.0,3.0,44109,M,4720967.0,-156520.0,44
201700028475,17,9,16,745,1,2,1,1.0,3.0,44162,M,4724519.0,-161347.0,44
201700028476,17,9,23,1030,1,2,1,1.0,6.0,44109,M,4722648.0,-152900.0,44
201700028477,17,9,26,2130,3,2,1,9.0,6.0,44109,M,4722165.0,-156467.0,44
201700028478,17,9,19,915,1,2,1,7.0,6.0,44109,M,4723508.0,-154564.0,44
201700028479,17,9,23,1520,1,2,1,1.0,3.0,44114,M,4725581.0,-162004.0,44
201700028480,17,9,12,1810,1,2,1,1.0,2.0,44109,M,4725919.0,-158085.0,44
201700028481,17,10,23,1100,1,2,1,1.0,6.0,44109,M,4721515.0,-153650.0,44
201700028482,17,10,28,2200,5,2,1,1.0,3.0,44114,M,4724233.0,-159191.0,44
201700028483,17,10,1,1700,1,2,1,2.0,6.0,44109,M,4720737.0,-159302.0,44
201700028484,17,10,5,700,1,2,1,1.0,2.0,44109,M,4720685.0,-157468.0,44
201700028485,17,10,13,1530,1,2,1,1.0,2.0,44109,M,4720586.0,-153846.0,44
201700028486,17,10,6,2015,3,2,1,1.0,6.0,44109,M,4726229.0,-155740.0,44
201700028487,17,10,2,2211,5,2,1,1.0,6.0,44162,M,4721156.0,-161491.0,44
201700028488,17,10,15,210,5,2,1,1.0,3.0,44109,M,4724194.0,-155636.0,44
201700028489,17,10,13,1600,1,2,1,1.0,7.0,44109,M,4721595.0,-155644.0,44
201700028490,17,10,12,1100,1,2,1,1.0,3.0,44143,M,4716726.0,-154149.0,44
201700028491,17,10,19,800,2,2,1,1.0,6.0,44190,M,4720501.0,-151648.0,44
201700028492,17,10,7,1630,1,2,1,1.0,6.0,44114,M,4724694.0,-160319.0,44
201700028493,17,10,24,1050,1,2,1,1.0,6.0,44109,M,4721511.0,-157476.0,44
201700028494,17,10,12,1540,1,2,1,1.0,6.0,44162,M,4724535.0,-160977.0,44
201700028495,17,10,5,1045,1,2,1,1.0,6.0,44162,M,4720660.0,-157828.0,44
201700028496,17,10,7,835,1,2,3,1.0,6.0,44109,M,4725218.0,-151697.0,44
201700028497,17,10,29,135,5,2,1,1.0,6.0,44109,M,4720981.0,-156655.0,44
201700028498,17,10,30,1445,1,2,1,1.0,3.0,44109,M,4723591.0,-153417.0,44
201700028499,17,10,23,1845,3,2,1,9.0,6.0,44114,M,4726579.0,-160041.0,44
201700028500,17,10,8,610,4,2,3,1.0,6.0,44109,M,4720931.0,-156655.0,44
201700028501,17,10,1,2015,5,2,1,2.0,6.0,44114,M,4724051.0,-159179.0,44
201700028502,17,10,21,1400,1,2,1,1.0,3.0,44162,M,4723343.0,-159018.0,44
201700028503,17,10,31,2010,5,2,1,1.0,2.0,44109,M,4724594.0,-157672.0,44
201700028504,17,10,28,1230,1,2,1,1.0,6.0,44109,M,4724290.0,-157447.0,44
201700028505,17,11,17,910,1,2,1,1.0,2.0,44109,M,4720724.0,-155888.0,44
201700028506,17,11,17,1805,5,2,1,1.0,6.0,44109,M,4721145.0,-155918.0,44
201700028507,17,11,14,2307,5,2,1,1.0,2.0,44109,M,4725068.0,-157013.0,44
201700028508,17,11,16,1445,1,2,1,1.0,3.0,44162,M,4723450.0,-158149.0,44
201700028509,17,11,17,2000,5,2,1,1.0,1.0,44109,M,4720371.0,-155139.0,44
201700028510,17,11,14,1610,1,2,1,9.0,6.0,44114,M,4725065.0,-161813.0,44
201700028511,17,11,23,755,1,2,1,2.0,6.0,44162,M,4725081.0,-162021.0,44
201700028512,17,10,21,1500,1,2,1,9.0,6.0,44109,M,4725116.0,-151791.0,44
201700028513,17,11,2,1850,3,2,1,1.0,6.0,44109,M,4721983.0,-151656.0,44
201700028514,17,11,16,1825,3,2,6,9.0,6.0,44109,M,4722220.0,-154898.0,44
201700028515,17,11,25,1715,2,2,3,1.0,6.0,44109,M,4725231.0,-157211.0,44
201700028516,17,11,3,1830,2,2,1,1.0,6.0,44190,M,4720421.0,-148503.0,44
201700028517,17,12,31,1250,1,2,1,1.0,7.0,44184,M,4728072.0,-221400.0,44
201700028518,17,1,1,1945,3,1,9,2.0,7.0,44184,M,4728219.0,-224897.0,44
201700028519,17,1,1,1930,5,2,6,9.0,3.0,44184,M,4726993.0,-223921.0,44
201700028520,17,1,9,545,5,2,1,5.0,1.0,44184,M,4729301.0,-218666.0,44
201700028521,17,1,9,715,5,2,2,5.0,6.0,44184,M,4727934.0,-223152.0,44
201700028522,17,1,11,1445,1,2,2,1.0,3.0,44184,M,4729614.0,-219214.0,44
201700028523,17,1,25,1650,1,2,2,1.0,3.0,44184,M,4727243.0,-220021.0,44
201700028524,17,2,10,1310,1,2,3,1.0,6.0,44184,M,4726191.0,-223811.0,44
201700028525,17,2,10,1340,1,2,2,1.0,3.0,44184,M,4728589.0,-222033.0,44
201700028526,17,2,11,1900,5,2,1,2.0,7.0,44184,M,4726469.0,-225755.0,44
201700028527,17,2,12,1845,2,1,1,2.0,6.0,44184,M,4728246.0,-227837.0,44
201700028528,17,2,14,1140,1,2,3,1.0,1.0,44184,M,4725735.0,-223964.0,44
201700028529,17,2,15,1800,2,2,1,1.0,2.0,44184,M,4728631.0,-221528.0,44
201700028530,17,2,18,1630,1,2,1,1.0,7.0,44184,M,4725704.0,-225643.0,44
201700028531,17,2,21,1105,1,2,3,1.0,2.0,44184,M,4727286.0,-221855.0,44
201700028532,17,2,23,1250,1,2,2,1.0,3.0,44184,M,4728334.0,-220718.0,44
201700028533,17,2,25,2015,5,2,1,1.0,2.0,44184,M,4726261.0,-223881.0,44
201700028534,17,3,13,1535,1,2,1,1.0,3.0,44184,M,4728912.0,-225986.0,44
201700028535,17,3,14,1400,1,2,1,1.0,6.0,44184,M,4726262.0,-223882.0,44
201700028536,17,3,20,1400,1,2,6,1.0,6.0,44184,M,4727150.0,-221866.0,44
201700028537,17,3,20,1400,1,1,1,1.0,5.0,44184,M,4728756.0,-224515.0,44
201700028538,17,3,23,1000,1,1,3,1.0,1.0,44184,M,4729141.0,-223128.0,44
201700028539,17,3,23,1520,1,2,2,2.0,3.0,44184,M,4728336.0,-221560.0,44
201700028540,17,4,15,1700,1,2,2,1.0,3.0,44184,M,4729261.0,-227530.0,44
201700028541,17,4,21,1640,1,2,1,7.0,7.0,44184,M,4726830.0,-221733.0,44
201700028542,17,4,21,1655,1,1,1,1.0,3.0,44184,M,4729575.0,-225530.0,44
201700028543,17,5,3,1645,1,2,3,1.0,3.0,44184,M,4725237.0,-226138.0,44
201700028544,17,5,15,615,2,2,2,1.0,3.0,44184,M,4725790.0,-225310.0,44
201700028545,17,5,15,1650,1,2,2,1.0,1.0,44184,M,4727829.0,-220971.0,44
201700028546,17,5,18,1030,1,2,3,1.0,6.0,44184,M,4726324.0,-224347.0,44
201700028547,17,6,2,1755,1,2,1,1.0,6.0,44184,M,4727400.0,-220600.0,44
201700028548,17,6,8,1725,1,1,1,1.0,4.0,44184,M,4728866.0,-224335.0,44
201700028549,17,6,9,1025,1,2,1,1.0,7.0,44184,M,4727012.0,-224475.0,44
201700028550,17,6,10,2245,5,2,2,1.0,3.0,44184,M,4725651.0,-225951.0,44
201700028551,17,6,12,1940,1,2,1,1.0,2.0,44184,M,4729075.0,-223457.0,44
201700028552,17,6,23,1849,1,2,2,1.0,6.0,44184,M,4727527.0,-222058.0,44
201700028553,17,7,3,1830,1,2,1,1.0,6.0,44184,M,4725746.0,-222814.0,44
201700028554,17,7,4,1630,1,2,1,1.0,2.0,44184,M,4726261.0,-223881.0,44
201700028555,17,7,6,1945,1,2,6,1.0,3.0,44184,M,4726482.0,-224330.0,44
201700028556,17,7,8,1605,1,2,3,1.0,3.0,44184,M,4726191.0,-225753.0,44
201700028557,17,7,17,1700,1,2,1,1.0,4.0,44184,M,4726670.0,-225470.0,44
201700028558,17,7,10,840,1,2,1,1.0,7.0,44184,M,4728732.0,-219368.0,44
201700028559,17,8,6,600,2,1,1,1.0,7.0,44184,M,4728504.0,-219558.0,44
201700028560,17,8,13,1520,1,2,2,1.0,6.0,44184,M,4725960.0,-225900.0,44
201700028561,17,8,24,1940,1,2,3,1.0,1.0,44184,M,4727830.0,-223960.0,44
201700028562,17,8,31,2109,2,2,2,1.0,3.0,44184,M,4727834.0,-220972.0,44
201700028563,17,9,6,650,3,1,3,1.0,3.0,44184,M,4727070.0,-225695.0,44
201700028564,17,9,10,745,1,2,3,1.0,3.0,44184,M,4728009.0,-221498.0,44
201700028565,17,9,15,1805,1,2,2,1.0,3.0,44184,M,4729700.0,-219000.0,44
201700028566,17,9,18,930,1,1,1,1.0,1.0,44184,M,4728730.0,-227510.0,44
201700028567,17,9,22,2000,2,1,1,1.0,2.0,44184,M,4728611.0,-225216.0,44
201700028568,17,9,27,1400,1,2,2,1.0,3.0,44184,M,4728346.0,-221564.0,44
201700028569,17,9,30,2225,5,2,1,1.0,3.0,44184,M,4730300.0,-218400.0,44
201700028570,17,10,8,900,1,2,2,2.0,3.0,44184,M,4729040.0,-226580.0,44
201700028571,17,10,9,1645,1,2,1,1.0,3.0,44184,M,4726433.0,-225756.0,44
201700028572,17,10,10,1705,1,2,6,1.0,3.0,44184,M,4726535.0,-226772.0,44
201700028573,17,10,13,1755,1,2,1,1.0,2.0,44184,M,4727800.0,-223800.0,44
201700028574,17,10,13,1830,2,2,2,1.0,3.0,44184,M,4727815.0,-220850.0,44
201700028575,17,10,14,2030,5,2,3,1.0,3.0,44184,M,4729010.0,-221960.0,44
201700028576,17,10,16,1510,1,1,1,8.0,2.0,44184,M,4728360.0,-229037.0,44
201700028577,17,10,17,1745,1,2,1,1.0,6.0,44184,M,4728700.0,-220900.0,44
201700028578,17,10,20,1730,1,2,1,1.0,7.0,44184,M,4726503.0,-226766.0,44
201700028579,17,10,21,1805,1,2,2,2.0,1.0,44184,M,4728350.0,-221570.0,44
201700028580,17,10,21,1945,2,2,2,2.0,3.0,44184,M,4727608.0,-220908.0,44
201700028581,17,10,30,1030,1,2,2,1.0,3.0,44184,M,4726340.0,-223475.0,44
201700028582,17,10,31,1930,5,2,3,1.0,3.0,44184,M,4727998.0,-221444.0,44
201700028583,17,11,1,610,5,2,2,1.0,3.0,44184,M,4726843.0,-224987.0,44
201700028584,17,11,3,928,1,2,1,1.0,6.0,44184,M,4726112.0,-222461.0,44
201700028585,17,11,7,800,1,2,3,1.0,3.0,44184,M,4728467.0,-222472.0,44
201700028586,17,11,7,1800,5,2,1,3.0,1.0,44184,M,4727700.0,-223800.0,44
201700028587,17,11,9,2110,5,2,1,9.0,6.0,44184,M,4726431.0,-222632.0,44
201700028588,17,11,15,1209,1,2,3,1.0,6.0,44184,M,4727690.0,-221740.0,44
201700028589,17,11,22,1135,1,2,1,1.0,6.0,44184,M,4727894.0,-223407.0,44
201700028590,17,11,24,737,5,2,2,1.0,6.0,44184,M,4727260.0,-223700.0,44
201700028591,17,12,3,1430,1,2,6,1.0,3.0,44184,M,4726400.0,-224364.0,44
201700028592,17,12,14,730,5,2,3,2.0,3.0,44184,M,4728346.0,-220156.0,44
201700028593,17,12,14,1930,5,2,3,6.0,3.0,44184,M,4728034.0,-221643.0,44
201700028594,17,12,18,755,5,2,1,2.0,7.0,44184,M,4728119.0,-222295.0,44
201700028595,17,12,24,1730,5,2,1,8.0,1.0,44184,M,4728330.0,-221370.0,44
201700028596,17,1,2,1708,2,2,1,2.0,3.0,45208,M,4799904.0,274317.0,45
201700028597,17,1,16,858,1,1,1,1.0,6.0,45004,M,,,45
201700028598,17,1,17,1230,1,2,1,1.0,2.0,45004,M,,,45
201700028599,17,1,23,1340,1,2,1,1.0,6.0,45208,M,4799743.0,272877.0,45