Num_Acc,an,mois,jour,hrmn,lum,agg,int,atm,col,com,gps,lat,long,dep
201700028600,17,1,23,1510,1,2,1,1.0,1.0,45004,M,,,45
201700028601,17,1,31,1720,1,1,1,1.0,5.0,45004,M,,,45
201700028602,17,1,31,2100,5,2,1,1.0,7.0,45068,M,4800175.0,272156.0,45
201700028603,17,2,1,1715,1,2,3,1.0,3.0,45338,M,4798281.0,270984.0,45
201700028604,17,2,3,930,1,1,1,1.0,6.0,45004,M,,,45
201700028605,17,2,3,1015,1,2,1,1.0,6.0,45338,M,,,45
201700028606,17,2,4,1624,1,2,1,1.0,6.0,45068,M,4800848.0,272040.0,45
201700028607,17,2,13,1420,1,1,1,1.0,2.0,45004,M,,,45
201700028608,17,2,15,335,5,2,1,1.0,6.0,45004,M,,,45
201700028609,17,2,17,700,5,2,3,1.0,3.0,45208,M,4800663.0,274114.0,45
201700028610,17,2,21,1550,1,2,1,1.0,3.0,45208,M,,,45
201700028611,17,2,22,55,3,1,1,1.0,7.0,45004,M,,,45
201700028612,17,2,27,1615,1,2,1,8.0,6.0,45208,M,,,45
201700028613,17,3,2,1420,1,2,2,1.0,3.0,45208,M,,,45
201700028614,17,3,3,2333,5,2,9,1.0,6.0,45338,M,,,45
201700028615,17,3,6,2110,5,2,4,2.0,6.0,45068,M,,,45
201700028616,17,3,8,1446,1,2,1,8.0,6.0,45338,M,,,45
201700028617,17,3,16,830,1,1,1,1.0,6.0,45208,M,,,45
201700028618,17,3,25,2040,3,1,1,1.0,3.0,45068,M,4803331.0,274527.0,45
201700028619,17,3,27,1730,1,2,1,1.0,3.0,45068,M,,,45
201700028620,17,4,2,1215,1,2,1,1.0,6.0,45208,M,,,45
201700028621,17,4,20,1210,1,2,1,1.0,6.0,45068,M,,,45
201700028622,17,4,20,2230,3,1,2,1.0,6.0,45004,M,,,45
201700028623,17,5,3,1147,1,2,3,1.0,6.0,45068,M,,,45
201700028624,17,5,4,1020,1,2,7,1.0,6.0,45208,M,,,45
201700028625,17,5,5,2045,1,2,1,1.0,6.0,45004,M,4799891.0,275056.0,45
201700028626,17,5,6,2055,2,2,1,2.0,6.0,45068,M,,,45
201700028627,17,5,13,1527,1,1,2,1.0,5.0,45004,M,4798961.0,278787.0,45
201700028628,17,5,14,5,5,2,1,1.0,7.0,45068,M,,,45
201700028629,17,5,15,1850,1,2,1,1.0,6.0,45208,M,,,45
201700028630,17,5,19,755,1,2,1,1.0,6.0,45068,M,4800178.0,272148.0,45
201700028631,17,5,19,953,1,1,1,1.0,3.0,45208,M,4799797.0,274052.0,45
201700028632,17,5,23,1405,1,1,1,1.0,6.0,45004,M,4797733.0,273060.0,45
201700028633,17,5,21,1448,1,2,1,1.0,2.0,45208,M,4799939.0,272934.0,45
201700028634,17,6,2,1355,1,2,1,1.0,3.0,45208,M,4799179.0,273210.0,45
201700028635,17,6,2,1410,1,2,1,1.0,7.0,45004,M,4797619.0,277180.0,45
201700028636,17,6,2,1705,1,2,3,1.0,1.0,45208,M,4800401.0,272457.0,45
201700028637,17,6,9,1600,1,2,2,1.0,3.0,45208,M,4799842.0,274720.0,45
201700028638,17,6,11,2055,1,2,2,1.0,1.0,45004,M,4799055.0,276379.0,45
201700028639,17,6,14,1748,1,2,1,1.0,6.0,45338,M,4798327.0,271844.0,45
201700028640,17,6,16,2050,1,2,1,1.0,3.0,45208,M,4800028.0,273056.0,45
201700028641,17,6,20,2030,1,1,1,1.0,3.0,45004,M,4793361.0,276735.0,45
201700028642,17,6,22,2130,1,2,3,1.0,5.0,45068,M,4800648.0,271543.0,45
201700028643,17,6,23,2100,1,2,1,1.0,6.0,45208,M,4800022.0,273086.0,45
201700028644,17,6,29,1733,1,2,1,1.0,6.0,45068,M,4801312.0,274027.0,45
201700028645,17,6,29,2015,1,2,1,1.0,6.0,45004,M,4796781.0,277218.0,45
201700028646,17,7,4,1700,1,2,2,1.0,1.0,45338,M,4799279.0,271963.0,45
201700028647,17,7,10,1945,1,2,1,1.0,4.0,45004,M,4797752.0,273644.0,45
201700028648,17,7,12,2101,1,2,1,1.0,7.0,45338,M,4799682.0,268845.0,45
201700028649,17,7,17,2146,2,2,1,1.0,6.0,45068,M,4802696.0,278645.0,45
201700028650,17,7,17,1750,1,2,1,1.0,2.0,45208,M,4799776.0,274330.0,45
201700028651,17,7,20,1120,1,2,1,1.0,3.0,45208,M,4799068.0,273223.0,45
201700028652,17,7,19,1721,1,2,1,1.0,6.0,45208,M,4799543.0,274321.0,45
201700028653,17,7,22,2000,1,2,1,1.0,6.0,45068,M,4800798.0,274001.0,45
201700028654,17,7,23,450,5,2,1,1.0,6.0,45004,M,4798454.0,273276.0,45
201700028655,17,7,23,2030,2,2,2,2.0,3.0,45208,M,4799856.0,274626.0,45
201700028656,17,7,24,2116,1,2,1,2.0,6.0,45068,M,4802277.0,273400.0,45
201700028657,17,7,24,2245,5,2,3,2.0,1.0,45208,M,4799965.0,273358.0,45
201700028658,17,7,25,1210,1,2,3,1.0,3.0,45208,M,4799411.0,273141.0,45
201700028659,17,7,26,838,1,2,1,1.0,2.0,45068,M,4800508.0,271401.0,45
201700028660,17,7,27,1530,1,2,1,2.0,6.0,45208,M,4798791.0,272949.0,45
201700028661,17,7,29,30,5,2,2,1.0,3.0,45068,M,4801276.0,273774.0,45
201700028662,17,8,5,1110,1,2,1,1.0,2.0,45004,M,4797582.0,274158.0,45
201700028663,17,8,14,2142,5,2,2,1.0,3.0,45208,M,4799711.0,274330.0,45
201700028664,17,8,22,2208,5,2,1,1.0,7.0,45338,M,4799101.0,271262.0,45
201700028665,17,9,4,549,3,1,1,1.0,6.0,45208,M,4801362.0,276160.0,45
201700028666,17,9,13,1148,1,2,6,2.0,7.0,45338,M,4800054.0,271623.0,45
201700028667,17,9,17,810,1,2,1,2.0,6.0,45338,M,4799079.0,271146.0,45
201700028668,17,9,18,1335,1,2,1,1.0,4.0,45068,M,4800795.0,274078.0,45
201700028669,17,9,21,2351,5,2,6,1.0,6.0,45068,M,4801210.0,271809.0,45
201700028670,17,10,1,2315,3,1,1,1.0,7.0,45068,M,4804660.0,275790.0,45
201700028671,17,9,27,1415,1,2,1,1.0,2.0,45004,M,4798479.0,273287.0,45
201700028672,17,10,5,840,1,2,3,1.0,3.0,45208,M,4800216.0,273478.0,45
201700028673,17,10,9,1508,1,2,1,1.0,6.0,45068,M,4800000.0,272000.0,45
201700028674,17,10,9,1840,5,2,1,1.0,6.0,45208,M,4800694.0,274305.0,45
201700028675,17,10,13,1030,1,2,3,1.0,6.0,45208,M,4799977.0,273348.0,45
201700028676,17,10,13,1225,1,2,9,1.0,6.0,45068,M,4802008.0,271798.0,45
201700028677,17,10,14,1445,1,2,6,1.0,5.0,45208,M,4799480.0,273251.0,45
201700028678,17,10,18,748,2,2,3,1.0,7.0,45004,M,4796560.0,279196.0,45
201700028679,17,10,20,1640,1,2,1,1.0,4.0,45004,M,4799787.0,271774.0,45
201700028680,17,10,25,1435,1,2,1,1.0,2.0,45338,M,4799393.0,271164.0,45
201700028681,17,10,29,230,5,2,6,1.0,7.0,45068,M,4802294.0,273399.0,45
201700028682,17,11,12,620,3,1,9,3.0,6.0,45338,M,4798724.0,269704.0,45
201700028683,17,11,18,920,1,2,1,5.0,3.0,45004,M,4798259.0,273281.0,45
201700028684,17,11,29,1930,3,1,3,2.0,3.0,45004,M,4801326.0,277348.0,45
201700028685,17,12,5,1145,1,2,3,8.0,6.0,45068,M,4800828.0,271093.0,45
201700028686,17,12,7,1650,3,2,1,2.0,3.0,45338,M,4700000.0,200000.0,45
201700028687,17,12,16,1115,1,2,6,8.0,6.0,45208,M,4800364.0,273049.0,45
201700028688,17,12,17,1755,3,2,1,1.0,6.0,45004,M,4801162.0,276896.0,45
201700028689,17,12,7,1755,4,2,1,3.0,3.0,45208,M,4800539.0,274445.0,45
201700028690,17,12,22,2048,3,2,1,5.0,1.0,45338,M,4798350.0,268490.0,45
201700028691,17,12,26,2330,5,2,6,2.0,6.0,45004,M,4797365.0,273323.0,45
201700028692,17,12,19,1830,2,2,1,1.0,3.0,45208,M,4799732.0,272871.0,45
201700028693,17,12,30,425,5,2,1,2.0,6.0,45208,M,4799408.0,273023.0,45
201700028694,17,1,16,1910,5,2,1,1.0,6.0,45232,M,4784427.0,192035.0,45
201700028695,17,1,17,755,2,2,1,1.0,6.0,45234,M,4790849.0,188498.0,45
201700028696,17,1,22,939,1,2,2,1.0,3.0,45302,M,4793485.0,187378.0,45
201700028697,17,1,15,630,3,1,1,2.0,1.0,45286,M,4787024.0,193185.0,45
201700028698,17,1,26,1732,2,2,1,1.0,6.0,45234,M,4790484.0,189298.0,45
201700028699,17,1,6,1315,1,2,3,1.0,1.0,45302,M,4795184.0,189150.0,45
201700028700,17,1,9,2145,5,2,3,1.0,3.0,45234,M,4790468.0,190807.0,45
201700028701,17,1,13,2055,5,2,2,1.0,6.0,45234,M,4789464.0,190464.0,45
201700028702,17,1,23,1740,2,2,3,1.0,3.0,45234,M,4784624.0,194094.0,45
201700028703,17,1,28,2245,5,2,1,1.0,7.0,45284,M,,,45
201700028704,17,1,22,735,2,2,3,1.0,3.0,45234,M,4788606.0,190737.0,45
201700028705,17,2,4,1830,3,2,1,1.0,6.0,45232,M,,,45
201700028706,17,2,2,2050,5,2,1,1.0,6.0,45169,M,,,45
201700028707,17,2,6,420,5,1,1,1.0,7.0,45284,M,,,45
201700028708,17,2,6,740,1,1,1,1.0,6.0,45232,M,,,45
201700028709,17,2,7,650,4,2,1,2.0,3.0,45235,M,4795145.0,184301.0,45
201700028710,17,2,12,1530,1,2,3,1.0,1.0,45075,M,4789688.0,181898.0,45
201700028711,17,2,18,1435,1,2,1,1.0,3.0,45234,M,4792447.0,192666.0,45
201700028712,17,2,20,1900,5,2,6,1.0,3.0,45285,M,4790277.0,187642.0,45
201700028713,17,2,24,50,5,2,1,1.0,6.0,45234,M,,,45
201700028714,17,3,27,1910,1,1,1,7.0,7.0,45302,M,4795066.0,184322.0,45
201700028715,17,4,3,1145,1,2,7,1.0,3.0,45147,M,4791960.0,191830.0,45
201700028716,17,4,4,925,1,2,1,1.0,1.0,45147,M,4793200.0,189681.0,45
201700028717,17,4,4,1800,1,2,1,1.0,6.0,45234,M,4790000.0,191000.0,45
201700028718,17,4,4,1730,1,2,1,1.0,6.0,45234,M,4791787.0,192243.0,45
201700028719,17,4,4,1925,1,2,1,1.0,7.0,45234,M,4790100.0,190300.0,45
201700028720,17,4,5,1220,1,2,1,1.0,1.0,45234,M,,,45
201700028721,17,4,5,1400,1,2,1,1.0,3.0,45234,M,4790500.0,191181.0,45
201700028722,17,4,5,1753,1,2,1,1.0,7.0,45234,M,4790600.0,190500.0,45
201700028723,17,4,6,1725,1,2,3,1.0,3.0,45286,M,4788792.0,192897.0,45
201700028724,17,3,12,1705,1,2,1,1.0,2.0,45302,M,4793673.0,189166.0,45
201700028725,17,4,7,845,1,2,2,1.0,6.0,45234,M,,,45
201700028726,17,4,7,845,1,2,1,1.0,3.0,45302,M,4793586.0,189450.0,45
201700028727,17,4,7,1505,1,2,3,1.0,6.0,45234,M,4790510.0,190970.0,45
201700028728,17,4,7,1650,1,2,1,1.0,3.0,45232,M,,,45
201700028729,17,4,10,910,1,2,1,1.0,6.0,45234,M,4790680.0,190410.0,45
201700028730,17,4,13,910,1,2,1,1.0,2.0,45302,M,4795094.0,190574.0,45
201700028731,17,4,15,1315,1,2,3,1.0,3.0,45234,M,4791322.0,193017.0,45
201700028732,17,4,19,803,1,2,1,1.0,3.0,45234,M,4791155.0,189369.0,45
201700028733,17,2,17,2140,5,2,1,2.0,2.0,45232,M,,,45
201700028734,17,4,20,1953,1,2,2,1.0,3.0,45234,M,4792022.0,193987.0,45
201700028735,17,4,21,1745,1,2,2,1.0,3.0,45302,M,4792903.0,188664.0,45
201700028736,17,4,23,900,1,1,2,1.0,3.0,45147,M,,,45
201700028737,17,4,24,830,1,2,1,7.0,6.0,45234,M,,,45
201700028738,17,4,24,1330,1,2,1,1.0,4.0,45285,M,,,45
201700028739,17,4,25,1215,1,2,2,2.0,7.0,45302,M,4795100.0,188200.0,45
201700028740,17,4,22,245,5,1,1,1.0,7.0,45147,M,,,45
201700028741,17,4,23,2325,5,1,1,1.0,1.0,45075,M,,,45
201700028742,17,4,26,1815,1,1,1,1.0,4.0,45286,M,,,45
201700028743,17,4,21,1900,1,2,3,1.0,3.0,45234,M,4792499.0,192747.0,45
201700028744,17,4,29,610,1,2,1,8.0,6.0,45234,M,,,45
201700028745,17,5,1,1220,1,2,1,1.0,3.0,45286,M,4788048.0,193410.0,45
201700028746,17,4,28,1102,1,2,1,1.0,2.0,45234,M,4790663.0,190390.0,45
201700028747,17,5,2,105,5,2,1,2.0,6.0,45302,M,4794403.0,189095.0,45
201700028748,17,5,2,915,1,2,1,1.0,6.0,45169,M,4792100.0,182100.0,45
201700028749,17,5,2,1750,1,2,1,1.0,3.0,45298,M,4788259.0,187187.0,45
201700028750,17,5,4,2200,5,2,2,1.0,3.0,45234,M,4791121.0,192959.0,45
201700028751,17,5,5,2240,3,2,1,1.0,1.0,45234,M,4790017.0,190297.0,45
201700028752,17,5,6,1220,1,2,1,2.0,5.0,45285,M,4790595.0,186941.0,45
201700028753,17,5,8,745,1,2,1,1.0,3.0,45234,M,4787174.0,191246.0,45
201700028754,17,5,8,1545,1,2,7,1.0,6.0,45234,M,4782760.0,192779.0,45
201700028755,17,5,6,1940,1,2,2,1.0,3.0,45274,M,4787768.0,195022.0,45
201700028756,17,5,10,1710,1,2,1,1.0,3.0,45234,M,4787092.0,192905.0,45
201700028757,17,5,13,1545,1,2,1,1.0,6.0,45169,M,4791676.0,183962.0,45
201700028758,17,5,13,2125,1,2,3,1.0,3.0,45147,M,4794000.0,191465.0,45
201700028759,17,5,14,1650,1,2,3,1.0,6.0,45234,M,4789446.0,191145.0,45
201700028760,17,5,17,1010,1,2,2,1.0,6.0,45234,M,4790560.0,189175.0,45
201700028761,17,5,17,1050,1,2,1,1.0,6.0,45232,M,4785958.0,192082.0,45
201700028762,17,5,17,2000,1,2,1,1.0,6.0,45234,M,4790038.0,191236.0,45
201700028763,17,5,18,1620,1,2,1,3.0,4.0,45298,M,4789222.0,186920.0,45
201700028764,17,5,19,1409,1,2,1,2.0,2.0,45234,M,4789795.0,189376.0,45
201700028765,17,5,20,1819,1,2,1,1.0,7.0,45234,M,4790000.0,189000.0,45
201700028766,17,5,21,1555,1,2,1,1.0,6.0,45286,M,4789056.0,193938.0,45
201700028767,17,2,27,1340,1,2,1,1.0,3.0,45234,M,4790700.0,190400.0,45
201700028768,17,2,26,1619,2,2,2,1.0,3.0,45147,M,,,45
201700028769,17,3,31,1725,1,2,1,1.0,4.0,45234,M,4790070.0,193136.0,45
201700028770,17,2,24,2104,5,2,1,1.0,2.0,45147,M,4793520.0,191749.0,45
201700028771,17,3,30,1640,1,2,1,1.0,2.0,45302,M,,,45
201700028772,17,2,24,1415,1,2,1,1.0,3.0,45234,M,,,45
201700028773,17,2,24,1145,1,2,1,1.0,6.0,45302,M,,,45
201700028774,17,3,30,440,3,1,1,1.0,3.0,45234,M,4783689.0,192892.0,45
201700028775,17,2,23,1817,1,1,1,1.0,4.0,45147,M,,,45
201700028776,17,3,28,900,1,2,1,1.0,3.0,45302,M,4794584.0,191251.0,45
201700028777,17,2,23,1459,1,2,1,1.0,6.0,45284,M,,,45
201700028778,17,3,22,810,1,2,1,1.0,6.0,45285,M,4792670.0,191350.0,45
201700028779,17,3,20,1930,1,1,1,1.0,3.0,45285,M,4791581.0,186617.0,45
201700028780,17,5,22,1730,1,2,6,1.0,3.0,45234,M,4782411.0,193260.0,45
201700028781,17,3,20,1018,1,2,1,1.0,2.0,45302,M,4795350.0,189880.0,45
201700028782,17,2,21,1527,1,2,1,1.0,6.0,45234,M,,,45
201700028783,17,5,23,830,1,2,1,1.0,4.0,45234,M,4792382.0,193803.0,45
201700028784,17,2,21,949,1,2,1,1.0,2.0,45232,M,,,45
201700028785,17,3,18,1215,1,1,1,1.0,6.0,45232,M,4786485.0,187610.0,45
201700028786,17,2,20,1745,2,1,1,1.0,2.0,45302,M,,,45
201700028787,17,3,17,1730,1,2,1,1.0,2.0,45147,M,4792110.0,189910.0,45
201700028788,17,2,18,2035,5,1,2,1.0,1.0,45232,M,4784022.0,187698.0,45
201700028789,17,2,17,1657,2,2,1,1.0,6.0,45075,M,,,45
201700028790,17,2,17,1052,1,1,1,1.0,6.0,45285,M,,,45
201700028791,17,3,16,1100,1,1,1,1.0,7.0,45302,M,,,45
201700028792,17,2,17,740,4,1,1,1.0,3.0,45285,M,,,45
201700028793,17,2,15,1410,1,1,2,1.0,5.0,45302,M,,,45
201700028794,17,3,14,815,1,2,1,1.0,2.0,45284,M,4792137.0,199568.0,45
201700028795,17,2,10,2031,5,2,1,1.0,2.0,45169,M,4791871.0,178691.0,45
201700028796,17,3,14,730,1,2,1,1.0,1.0,45285,M,4791288.0,187338.0,45
201700028797,17,2,9,1612,1,2,1,1.0,2.0,45234,M,,,45
201700028798,17,5,23,1405,1,2,1,1.0,3.0,45234,M,4790065.0,191622.0,45
201700028799,17,2,7,1634,1,2,2,1.0,3.0,45234,M,,,45
201700028800,17,2,7,1103,1,2,1,1.0,6.0,45234,M,4792395.0,189486.0,45
201700028801,17,3,11,1920,1,1,1,1.0,7.0,45232,M,4784409.0,192130.0,45
201700028802,17,3,11,1350,1,1,1,1.0,6.0,45234,M,4789790.0,192050.0,45
201700028803,17,3,6,1850,1,1,1,1.0,7.0,45234,M,4783947.0,191430.0,45
201700028804,17,5,23,1650,1,1,1,1.0,2.0,45286,M,4787128.0,193869.0,45
201700028805,17,5,23,2015,1,2,3,7.0,1.0,45285,M,4790981.0,188168.0,45
201700028806,17,2,7,822,2,2,1,1.0,6.0,45234,M,,,45
201700028807,17,3,5,2045,2,2,1,1.0,3.0,45284,M,4792200.0,198850.0,45
201700028808,17,2,7,652,4,2,1,1.0,1.0,45302,M,,,45
201700028809,17,3,5,1830,1,1,1,1.0,7.0,45234,M,,,45
201700028810,17,2,4,2330,5,2,1,1.0,1.0,45075,M,4789013.0,183512.0,45
201700028811,17,3,3,1725,1,2,1,1.0,6.0,45232,M,4786786.0,186968.0,45
201700028812,17,2,4,1826,2,2,1,1.0,2.0,45234,M,,,45
201700028813,17,3,3,930,1,2,1,1.0,3.0,45232,M,4784527.0,189155.0,45
201700028814,17,1,31,943,1,2,1,1.0,3.0,45234,M,4791073.0,190820.0,45
201700028815,17,1,30,1320,1,2,1,1.0,6.0,45234,M,4781828.0,193715.0,45
201700028816,17,3,2,1810,1,2,1,1.0,7.0,45147,M,4794620.0,190974.0,45
201700028817,17,1,24,746,4,2,1,1.0,6.0,45234,M,,,45
201700028818,17,1,21,1505,1,2,1,1.0,1.0,45232,M,,,45
201700028819,17,1,21,730,5,2,1,1.0,2.0,45234,M,,,45
201700028820,17,1,19,1809,2,2,1,1.0,3.0,45234,M,,,45
201700028821,17,3,1,2225,3,2,1,1.0,6.0,45234,M,4789418.0,189090.0,45
201700028822,17,1,19,802,5,2,1,1.0,6.0,45169,M,,,45
201700028823,17,3,1,645,2,2,1,1.0,6.0,45235,M,4794661.0,182880.0,45
201700028824,17,5,25,1228,1,2,1,1.0,1.0,45234,M,4786545.0,192255.0,45
201700028825,17,5,28,1515,1,2,1,1.0,2.0,45075,M,4789573.0,185901.0,45
201700028826,17,5,28,1910,1,2,1,1.0,1.0,45285,M,4791075.0,187975.0,45
201700028827,17,1,15,1454,1,1,1,1.0,7.0,45284,M,,,45
201700028828,17,1,12,1752,2,2,1,1.0,3.0,45075,M,,,45
201700028829,17,1,12,910,1,2,1,1.0,1.0,45147,M,,,45
201700028830,17,1,12,825,2,2,1,1.0,4.0,45234,M,,,45
201700028831,17,1,11,1506,1,2,1,1.0,7.0,45234,M,,,45
201700028832,17,1,10,841,1,2,1,1.0,7.0,45234,M,,,45
201700028833,17,1,9,2023,5,2,1,1.0,3.0,45234,M,,,45
201700028834,17,1,7,2049,5,2,1,3.0,7.0,45234,M,,,45
201700028835,17,1,7,1719,1,2,2,1.0,3.0,45234,M,,,45
201700028836,17,1,7,1139,1,2,1,1.0,6.0,45234,M,4790486.0,191329.0,45
201700028837,17,1,6,1130,1,2,1,1.0,3.0,45234,M,4790656.0,190475.0,45
201700028838,17,1,5,1405,1,2,1,1.0,4.0,45147,M,4792163.0,190211.0,45
201700028839,17,5,29,1700,1,2,1,1.0,3.0,45232,M,4785032.0,191983.0,45
201700028840,17,1,5,1048,1,2,1,4.0,6.0,45285,M,4791314.0,185937.0,45
201700028841,17,1,4,1240,1,1,1,9.0,6.0,45232,M,,,45
201700028842,17,1,4,844,1,2,1,1.0,2.0,45234,M,4792280.0,192991.0,45
201700028843,17,1,3,818,1,2,1,1.0,3.0,45234,M,,,45
201700028844,17,1,3,1952,5,2,1,1.0,6.0,45286,M,4788550.0,191589.0,45
201700028845,17,1,1,1550,1,2,1,1.0,1.0,45234,M,,,45
201700028846,17,5,31,625,1,2,1,1.0,7.0,45234,M,4791033.0,190408.0,45
201700028847,17,6,1,750,1,2,1,1.0,3.0,45234,M,4784100.0,192400.0,45
201700028848,17,6,2,1415,1,2,1,1.0,4.0,45234,M,4790477.0,191475.0,45
201700028849,17,6,3,1830,1,2,1,1.0,6.0,45234,M,4791300.0,191100.0,45
201700028850,17,6,3,2005,1,1,1,1.0,4.0,45232,M,4786675.0,191288.0,45
201700028851,17,6,7,800,1,2,1,1.0,2.0,45234,M,4788135.0,191056.0,45
201700028852,17,6,7,1729,1,2,1,1.0,6.0,45234,M,4792526.0,189210.0,45
201700028853,17,6,8,1320,1,2,1,1.0,2.0,45234,M,4786617.0,192272.0,45
201700028854,17,6,8,1600,1,2,1,1.0,3.0,45234,M,4791486.0,190070.0,45
201700028855,17,6,8,1530,1,1,1,1.0,2.0,45284,M,4792414.0,195767.0,45
201700028856,17,6,10,1045,1,2,2,1.0,3.0,45234,M,4790348.0,189530.0,45
201700028857,17,6,12,850,1,2,1,1.0,2.0,45284,M,4792427.0,195556.0,45
201700028858,17,6,12,1505,1,2,1,7.0,2.0,45147,M,4794090.0,191981.0,45
201700028859,17,6,12,1720,1,2,2,1.0,3.0,45286,M,4788422.0,192426.0,45
201700028860,17,6,12,1700,1,2,9,1.0,3.0,45234,M,4791450.0,189760.0,45
201700028861,17,6,14,735,1,2,6,1.0,2.0,45075,M,4789000.0,183000.0,45
201700028862,17,6,16,1549,1,2,1,1.0,3.0,45234,M,4792388.0,193882.0,45
201700028863,17,6,17,1700,1,2,1,1.0,4.0,45284,M,4790390.0,193518.0,45
201700028864,17,6,17,1722,1,2,1,1.0,7.0,45147,M,4793124.0,192535.0,45
201700028865,17,6,18,350,5,2,3,1.0,3.0,45302,M,4795170.0,189164.0,45
201700028866,17,6,19,1145,1,2,3,1.0,1.0,45147,M,4992274.0,189762.0,45
201700028867,17,6,18,1930,1,1,3,7.0,6.0,45234,M,4792686.0,194012.0,45
201700028868,17,6,19,1620,1,2,1,1.0,6.0,45234,M,4790700.0,189000.0,45
201700028869,17,6,21,2015,1,2,1,1.0,4.0,45147,M,4793777.0,193994.0,45
201700028870,17,6,22,1200,1,2,1,1.0,6.0,45234,M,4783381.0,193131.0,45
201700028871,17,6,23,615,2,1,9,1.0,4.0,45302,M,4794492.0,190388.0,45
201700028872,17,6,23,2310,5,2,1,1.0,2.0,45302,M,4796064.0,188942.0,45
201700028873,17,6,25,847,1,2,1,1.0,6.0,45147,M,4792785.0,191982.0,45
201700028874,17,6,26,805,1,2,1,1.0,6.0,45234,M,4791795.0,191458.0,45
201700028875,17,6,26,1517,1,2,1,1.0,6.0,45234,M,4784170.0,194048.0,45
201700028876,17,6,27,1315,1,2,1,1.0,1.0,45147,M,4794081.0,191723.0,45
201700028877,17,6,27,1300,1,2,1,1.0,5.0,45147,M,4793080.0,191620.0,45
201700028878,17,6,28,2100,1,1,6,8.0,6.0,45302,M,4795254.0,184333.0,45
201700028879,17,6,30,55,5,2,2,1.0,3.0,45234,M,4783069.0,192031.0,45
201700028880,17,6,30,1520,1,2,1,2.0,2.0,45234,M,4788574.0,189692.0,45
201700028881,17,7,4,810,1,2,1,1.0,3.0,45286,M,4788924.0,192971.0,45
201700028882,17,7,4,1502,1,2,1,1.0,2.0,45075,M,4788309.0,181933.0,45
201700028883,17,7,7,710,1,2,1,1.0,6.0,45234,M,4790731.0,189718.0,45
201700028884,17,7,7,1810,1,2,9,1.0,3.0,45147,M,4792915.0,191337.0,45
201700028885,17,7,7,2015,1,2,2,7.0,2.0,45234,M,4788480.0,190447.0,45
201700028886,17,7,7,1905,1,2,3,7.0,3.0,45147,M,4793349.0,192144.0,45
201700028887,17,7,13,1550,1,2,1,1.0,6.0,45232,M,4784494.0,191628.0,45
201700028888,17,7,14,1815,1,2,3,1.0,6.0,45302,M,4794242.0,190161.0,45
201700028889,17,7,14,1810,1,2,1,1.0,4.0,45285,M,4790000.0,187000.0,45
201700028890,17,7,14,1945,1,1,1,1.0,7.0,45075,M,4788842.0,181110.0,45
201700028891,17,7,15,45,5,2,2,1.0,3.0,45234,M,4791288.0,191243.0,45
201700028892,17,7,15,310,5,2,4,1.0,6.0,45234,M,4788501.0,188751.0,45
201700028893,17,7,15,2140,2,2,2,1.0,3.0,45234,M,4792277.0,192961.0,45
201700028894,17,7,17,1225,1,2,9,1.0,2.0,45235,M,4794252.0,183494.0,45
201700028895,17,7,18,730,1,2,1,1.0,6.0,45234,M,4792773.0,189620.0,45
201700028896,17,7,13,1120,1,2,1,1.0,4.0,45234,M,4789700.0,191024.0,45
201700028897,17,7,18,2100,1,2,2,7.0,7.0,45285,M,4790438.0,186509.0,45
201700028898,17,7,19,1100,1,2,1,1.0,3.0,45234,M,4791376.0,192380.0,45
201700028899,17,7,22,1320,1,2,1,1.0,6.0,45234,M,4789985.0,190279.0,45
201700028900,17,7,25,1530,1,2,1,1.0,7.0,45169,M,4792534.0,184624.0,45
201700028901,17,7,25,1808,1,2,1,1.0,2.0,45285,M,4789879.0,187416.0,45
201700028902,17,7,25,1900,1,2,1,1.0,3.0,45234,M,4783170.0,192892.0,45
201700028903,17,7,29,900,1,2,1,1.0,2.0,45232,M,4786306.0,191258.0,45
201700028904,17,7,29,1120,1,2,3,1.0,6.0,45234,M,4790357.0,190792.0,45
201700028905,17,7,29,2340,5,2,3,1.0,3.0,45234,M,4788475.0,187866.0,45
201700028906,17,7,31,1720,1,2,1,8.0,2.0,45234,M,4787946.0,190901.0,45
201700028907,17,7,31,1840,1,2,1,1.0,3.0,45234,M,4790806.0,188596.0,45
201700028908,17,8,1,115,5,1,1,1.0,6.0,45235,M,4794397.0,182824.0,45
201700028909,17,8,1,1745,1,2,1,1.0,3.0,45234,M,4791285.0,191319.0,45
201700028910,17,8,1,1840,1,2,6,1.0,3.0,45302,M,4795694.0,189039.0,45
201700028911,17,8,2,1915,1,2,1,1.0,4.0,45285,M,4791100.0,186717.0,45
201700028912,17,8,31,1620,1,2,1,8.0,2.0,45147,M,4794792.0,192142.0,45
201700028913,17,8,4,120,5,2,4,1.0,3.0,45232,M,4786857.0,191223.0,45
201700028914,17,8,7,1323,1,2,3,1.0,3.0,45234,M,4784329.0,192385.0,45
201700028915,17,8,10,520,3,2,1,2.0,7.0,45284,M,4792511.0,193981.0,45
201700028916,17,8,10,715,1,2,1,2.0,5.0,45169,M,4794270.0,184514.0,45
201700028917,17,8,10,1545,1,2,6,2.0,7.0,45234,M,4792409.0,193956.0,45
201700028918,17,8,11,2250,5,2,1,1.0,3.0,45308,M,4793298.0,193862.0,45
201700028919,17,8,18,15,5,2,6,8.0,6.0,45284,M,4790513.0,194491.0,45
201700028920,17,8,18,2205,3,1,1,2.0,1.0,45302,M,4796739.0,186772.0,45
201700028921,17,8,20,1845,1,2,1,1.0,2.0,45285,M,4790738.0,186942.0,45