Num_Acc,an,mois,jour,hrmn,lum,agg,int,atm,col,com,gps,lat,long,dep
201700028922,17,8,22,1855,1,2,3,7.0,1.0,45274,M,4788331.0,195000.0,45
201700028923,17,8,24,1345,1,2,9,1.0,3.0,45234,M,4791900.0,189800.0,45
201700028924,17,8,24,1531,1,2,7,1.0,3.0,45234,M,4789300.0,189900.0,45
201700028925,17,8,26,1850,1,2,6,1.0,3.0,45234,M,4791791.0,190074.0,45
201700028926,17,8,31,840,1,2,2,7.0,6.0,45234,M,4790422.0,191712.0,45
201700028927,17,8,31,1620,1,2,1,1.0,2.0,45284,M,4790000.0,194000.0,45
201700028928,17,9,5,2200,5,2,1,1.0,6.0,45302,M,4794644.0,188434.0,45
201700028929,17,9,8,900,1,2,2,1.0,3.0,45234,M,4791476.0,192364.0,45
201700028930,17,9,8,2100,5,2,3,3.0,6.0,45234,M,4791166.0,190858.0,45
201700028931,17,9,9,1045,1,2,1,1.0,6.0,45147,M,4792488.0,191358.0,45
201700028932,17,9,12,1800,1,2,1,1.0,2.0,45234,M,4787957.0,190885.0,45
201700028933,17,9,12,1915,1,2,1,1.0,3.0,45234,M,4790800.0,190815.0,45
201700028934,17,9,7,1450,1,2,8,1.0,6.0,45285,M,4790963.0,187334.0,45
201700028935,17,9,16,930,1,2,1,8.0,3.0,45302,M,4793311.0,189489.0,45
201700028936,17,9,20,1320,1,2,1,1.0,3.0,45075,M,4788333.0,183333.0,45
201700028937,17,9,21,1600,1,2,8,1.0,6.0,45234,M,4790338.0,190986.0,45
201700028938,17,9,22,626,5,1,1,1.0,2.0,45232,M,4784930.0,191084.0,45
201700028939,17,9,22,1836,1,2,1,1.0,2.0,45075,M,4788802.0,183281.0,45
201700028940,17,9,23,1535,1,2,1,1.0,2.0,45234,M,4789801.0,188893.0,45
201700028941,17,9,23,1640,1,2,1,1.0,4.0,45234,M,4784259.0,192562.0,45
201700028942,17,9,23,2040,4,2,3,1.0,2.0,45234,M,4788565.0,189893.0,45
201700028943,17,9,24,350,4,2,1,1.0,6.0,45234,M,4790000.0,190000.0,45
201700028944,17,9,27,1505,1,2,6,1.0,3.0,45234,M,4791797.0,190082.0,45
201700028945,17,9,28,755,1,2,1,2.0,6.0,45234,M,4790439.0,191353.0,45
201700028946,17,9,28,745,1,2,1,3.0,7.0,45285,M,4789748.0,186685.0,45
201700028947,17,9,29,645,5,2,1,1.0,3.0,45285,M,4790538.0,186806.0,45
201700028948,17,9,29,750,1,2,2,1.0,5.0,45234,M,4792034.0,193976.0,45
201700028949,17,9,29,2005,5,1,1,1.0,7.0,45234,M,4792569.0,193978.0,45
201700028950,17,10,1,1800,1,2,1,1.0,4.0,45234,M,4788013.0,190944.0,45
201700028951,17,10,1,1950,5,2,1,2.0,6.0,45075,M,4789162.0,184306.0,45
201700028952,17,10,5,2050,5,1,1,2.0,2.0,45284,M,4792000.0,195000.0,45
201700028953,17,10,6,30,5,2,1,9.0,6.0,45234,M,4790211.0,191643.0,45
201700028954,17,10,6,1655,1,2,6,1.0,3.0,45234,M,4792530.0,194000.0,45
201700028955,17,10,6,1220,1,2,3,1.0,3.0,45234,M,4790000.0,190000.0,45
201700028956,17,10,12,740,2,2,3,8.0,6.0,45234,M,4789967.0,190490.0,45
201700028957,17,10,13,1400,1,2,1,1.0,3.0,45285,M,4789000.0,187000.0,45
201700028958,17,10,13,1730,1,2,1,1.0,2.0,45169,M,4791000.0,183000.0,45
201700028959,17,10,15,1155,1,2,2,1.0,4.0,45234,M,4788691.0,189851.0,45
201700028960,17,10,15,1605,1,2,3,1.0,3.0,45147,M,4793454.0,193755.0,45
201700028961,17,10,16,815,1,1,1,1.0,2.0,45234,M,4789000.0,192000.0,45
201700028962,17,10,17,1010,1,2,1,1.0,2.0,45147,M,4793273.0,193635.0,45
201700028963,17,10,18,1845,2,2,9,1.0,6.0,45285,M,4790000.0,186000.0,45
201700028964,17,10,19,1329,1,2,2,1.0,3.0,45234,M,4783640.0,193816.0,45
201700028965,17,10,20,1015,1,2,4,1.0,6.0,45234,M,4791333.0,190611.0,45
201700028966,17,10,20,1055,1,2,2,1.0,2.0,45302,M,4794777.0,190000.0,45
201700028967,17,10,21,2359,5,2,9,1.0,1.0,45234,M,4792112.0,190537.0,45
201700028968,17,10,22,640,5,2,1,1.0,7.0,45234,M,4787776.0,191113.0,45
201700028969,17,10,22,815,1,1,1,1.0,2.0,45308,M,4792400.0,195619.0,45
201700028970,17,10,24,2050,5,2,1,1.0,7.0,45234,M,4790029.0,188432.0,45
201700028971,17,10,25,751,2,2,6,1.0,2.0,45147,M,4792460.0,192147.0,45
201700028972,17,10,25,1825,1,2,1,1.0,3.0,45286,M,4788192.0,192295.0,45
201700028973,17,10,26,740,2,2,1,1.0,2.0,45285,M,4790805.0,185942.0,45
201700028974,17,10,29,1040,1,2,3,2.0,3.0,45232,M,4786000.0,190000.0,45
201700028975,17,10,29,1715,2,1,1,2.0,1.0,45302,M,4793909.0,188853.0,45
201700028976,17,10,23,1754,1,2,1,1.0,3.0,45286,M,4789580.0,192120.0,45
201700028977,17,10,30,1315,1,1,1,1.0,2.0,45284,M,4792430.0,196025.0,45
201700028978,17,11,2,1215,1,2,1,1.0,2.0,45147,M,4792083.0,190266.0,45
201700028979,17,11,2,1810,5,2,9,1.0,1.0,45234,M,4790769.0,190646.0,45
201700028980,17,11,3,1110,1,2,1,1.0,6.0,45274,M,4787878.0,195568.0,45
201700028981,17,11,4,1115,1,1,6,1.0,3.0,45274,M,4786104.0,197948.0,45
201700028982,17,11,6,1425,1,2,3,1.0,3.0,45232,M,4786000.0,189000.0,45
201700028983,17,11,6,1620,1,2,2,1.0,3.0,45169,M,4792000.0,183000.0,45
201700028984,17,11,7,825,1,2,1,1.0,6.0,45234,M,4791444.0,191666.0,45
201700028985,17,11,8,1212,1,2,3,1.0,2.0,45285,M,4791407.0,187128.0,45
201700028986,17,11,10,1153,1,2,1,1.0,3.0,45169,M,4791269.0,182500.0,45
201700028987,17,11,10,1426,1,2,1,2.0,1.0,45234,M,4789107.0,188927.0,45
201700028988,17,11,10,1910,5,2,2,1.0,3.0,45234,M,4791011.0,189856.0,45
201700028989,17,11,11,550,5,2,1,2.0,3.0,45302,M,4794857.0,184373.0,45
201700028990,17,11,11,705,5,2,1,2.0,1.0,45234,M,4789900.0,189400.0,45
201700028991,17,11,13,820,1,2,1,1.0,6.0,45234,M,4792342.0,192726.0,45
201700028992,17,11,13,1625,1,2,3,1.0,3.0,45147,M,4793556.0,191768.0,45
201700028993,17,11,17,815,1,1,1,1.0,2.0,45274,M,4786311.0,197220.0,45
201700028994,17,11,17,1348,1,2,1,1.0,2.0,45302,M,4793923.0,188933.0,45
201700028995,17,11,18,1138,1,2,1,1.0,3.0,45075,M,4789608.0,186017.0,45
201700028996,17,11,21,901,1,2,6,8.0,3.0,45234,M,4783952.0,194290.0,45
201700028997,17,11,22,1155,1,2,3,1.0,6.0,45234,M,4789226.0,189954.0,45
201700028998,17,11,23,1840,5,2,1,2.0,6.0,45234,M,4788254.0,190345.0,45
201700028999,17,11,24,1250,1,2,1,1.0,6.0,45232,M,4786051.0,190979.0,45
201700029000,17,11,28,740,2,2,2,3.0,6.0,45234,M,4788735.0,189153.0,45
201700029001,17,11,28,850,1,2,4,2.0,3.0,45232,M,4787355.0,190463.0,45
201700029002,17,11,29,1730,5,2,1,2.0,6.0,45147,M,4792530.0,153470.0,45
201700029003,17,11,29,2020,5,2,1,2.0,6.0,45169,M,4793358.0,183383.0,45
201700029004,17,11,30,1900,5,2,1,4.0,2.0,45286,M,4789320.0,192287.0,45
201700029005,17,12,2,153,5,2,1,1.0,2.0,45234,M,4788793.0,190327.0,45
201700029006,17,12,3,800,3,2,1,8.0,5.0,45234,M,4781694.0,194171.0,45
201700029007,17,12,4,1750,5,2,1,1.0,6.0,45234,M,4790487.0,189303.0,45
201700029008,17,12,5,1310,1,2,1,8.0,7.0,45285,M,4791991.0,187392.0,45
201700029009,17,12,5,1620,1,2,1,8.0,6.0,45232,M,4787067.0,190389.0,45
201700029010,17,12,9,130,5,2,1,1.0,6.0,45234,M,4789118.0,189539.0,45
201700029011,17,12,9,1537,1,2,2,1.0,3.0,45234,M,4790481.0,190842.0,45
201700029012,17,12,9,2115,5,2,2,1.0,1.0,45234,M,4791351.0,190985.0,45
201700029013,17,12,10,2039,5,2,1,1.0,1.0,45284,M,4790600.0,195500.0,45
201700029014,17,12,11,1410,1,2,1,6.0,6.0,45284,M,4791190.0,197555.0,45
201700029015,17,12,11,1645,5,1,1,3.0,6.0,45147,M,4793106.0,193807.0,45
201700029016,17,12,11,1700,5,2,2,6.0,3.0,45234,M,4789000.0,189000.0,45
201700029017,17,12,11,2000,4,2,3,2.0,7.0,45285,M,4790993.0,187219.0,45
201700029018,17,12,11,2244,5,2,1,9.0,6.0,45234,M,4791130.0,190039.0,45
201700029019,17,11,24,1220,1,2,3,1.0,2.0,45234,M,4789500.0,190500.0,45
201700029020,17,12,11,1720,5,2,1,2.0,4.0,45147,M,4793475.0,192988.0,45
201700029021,17,12,12,1735,5,2,1,1.0,3.0,45232,M,4784231.0,191772.0,45
201700029022,17,12,12,1740,5,2,1,1.0,6.0,45234,M,4790445.0,191683.0,45
201700029023,17,12,14,525,5,1,1,2.0,7.0,45302,M,4794542.0,189403.0,45
201700029024,17,12,17,140,5,2,6,8.0,6.0,45147,M,4793263.0,192843.0,45
201700029025,17,12,18,1840,5,1,1,1.0,3.0,45235,M,4794355.0,183419.0,45
201700029026,17,12,19,825,2,2,1,1.0,3.0,45234,M,4789300.0,190600.0,45
201700029027,17,12,21,815,2,2,6,2.0,7.0,45235,M,4795222.0,184254.0,45
201700029028,17,12,22,1751,5,2,2,2.0,6.0,45234,M,4790540.0,189186.0,45
201700029029,17,12,22,415,5,2,1,2.0,6.0,45234,M,4791600.0,192800.0,45
201700029030,17,12,22,2200,4,2,1,1.0,6.0,45302,M,4792947.0,187650.0,45
201700029031,17,12,24,1310,1,2,1,1.0,4.0,45284,M,4790400.0,194300.0,45
201700029032,17,12,24,2045,5,2,2,2.0,3.0,45234,M,4790485.0,190468.0,45
201700029033,17,12,25,35,5,2,2,2.0,3.0,45147,M,4793790.0,194002.0,45
201700029034,17,12,26,805,2,2,3,2.0,3.0,45285,M,4791623.0,186483.0,45
201700029035,17,12,28,1625,1,2,1,1.0,6.0,45147,M,4792139.0,190557.0,45
201700029036,17,12,29,805,2,2,1,2.0,6.0,45285,M,4790717.0,185880.0,45
201700029037,17,12,29,1131,1,2,1,2.0,3.0,45147,M,4793430.0,190379.0,45
201700029038,17,12,29,1535,1,2,1,2.0,4.0,45234,M,4787954.0,190299.0,45
201700029039,17,1,7,1515,1,2,1,1.0,3.0,46042,M,4442235.0,143932.0,46
201700029040,17,2,28,1850,5,2,1,2.0,5.0,46042,M,4445820.0,142527.0,46
201700029041,17,3,16,1450,1,2,1,1.0,6.0,46042,M,4444521.0,144350.0,46
201700029042,17,4,5,30,3,1,1,1.0,1.0,46042,M,4447820.0,142137.0,46
201700029043,17,4,10,1645,1,2,9,1.0,4.0,46042,M,4443512.0,144375.0,46
201700029044,17,1,10,1130,1,2,1,1.0,6.0,46042,M,4444543.0,144185.0,46
201700029045,17,4,21,1650,1,1,1,1.0,1.0,46042,M,4441446.0,143362.0,46
201700029046,17,4,21,1600,1,1,1,1.0,7.0,46042,M,4445639.0,141253.0,46
201700029047,17,5,7,400,5,2,1,1.0,6.0,46042,M,4446570.0,146204.0,46
201700029048,17,5,28,1620,1,2,1,1.0,1.0,46042,M,4446056.0,143040.0,46
201700029049,17,5,30,750,1,2,2,1.0,5.0,46191,M,4450556.0,138478.0,46
201700029050,17,6,7,555,2,1,1,1.0,6.0,46191,M,4449178.0,140617.0,46
201700029051,17,6,24,1920,1,2,1,1.0,2.0,46042,M,4444022.0,143548.0,46
201700029052,17,6,26,1350,1,2,1,1.0,3.0,46042,M,4443138.0,145722.0,46
201700029053,17,6,30,1010,1,1,1,2.0,6.0,46042,M,4443803.0,141630.0,46
201700029054,17,7,4,1036,1,2,1,1.0,6.0,46042,M,4444181.0,144023.0,46
201700029055,17,7,17,840,1,2,2,1.0,3.0,46095,M,4450954.0,138271.0,46
201700029056,17,7,21,1545,1,2,1,1.0,5.0,46042,M,4446117.0,142991.0,46
201700029057,17,8,4,800,1,2,1,7.0,6.0,46042,M,4446736.0,142858.0,46
201700029058,17,8,4,1150,1,2,1,1.0,5.0,46042,M,4445581.0,142614.0,46
201700029059,17,8,8,1820,1,1,1,1.0,7.0,46156,M,4450696.0,147208.0,46
201700029060,17,8,11,1155,1,2,1,1.0,6.0,46042,M,4445994.0,142425.0,46
201700029061,17,8,27,1125,1,2,1,1.0,6.0,46191,M,4450569.0,138510.0,46
201700029062,17,9,1,530,5,2,3,1.0,3.0,46042,M,4444462.0,144165.0,46
201700029063,17,9,27,1441,1,2,1,1.0,6.0,46042,M,4445500.0,143805.0,46
201700029064,17,9,28,1740,1,2,1,1.0,6.0,46042,M,4444750.0,143274.0,46
201700029065,17,10,21,1850,2,1,1,1.0,7.0,46095,M,4451607.0,135780.0,46
201700029066,17,11,15,1755,2,2,1,9.0,6.0,46224,M,4446472.0,142275.0,46
201700029067,17,12,19,1808,5,2,1,1.0,3.0,46042,M,4446072.0,143007.0,46
201700029068,17,1,6,1005,1,2,3,7.0,3.0,47001,M,4419470.0,62348.0,47
201700029069,17,1,6,2040,5,2,1,8.0,2.0,47201,M,4419300.0,60631.0,47
201700029070,17,1,14,715,5,2,1,1.0,7.0,47001,M,4419270.0,63258.0,47
201700029071,17,1,15,1815,2,2,3,2.0,3.0,47001,M,4419400.0,63817.0,47
201700029072,17,1,22,1214,1,2,3,1.0,3.0,47201,M,4419670.0,60622.0,47
201700029073,17,2,4,1610,1,2,3,1.0,3.0,47032,M,4418765.0,67128.0,47
201700029074,17,2,5,1050,1,2,1,1.0,6.0,47001,M,4419654.0,62745.0,47
201700029075,17,2,10,1115,1,2,1,1.0,3.0,47031,M,4417859.0,63026.0,47
201700029076,17,3,13,1725,1,1,1,1.0,6.0,47031,M,4416419.0,62075.0,47
201700029077,17,3,15,1518,1,2,3,1.0,3.0,47032,M,4418030.0,67935.0,47
201700029078,17,3,19,1955,2,1,1,1.0,1.0,47031,M,4418430.0,63610.0,47
201700029079,17,3,29,838,1,2,1,1.0,6.0,47032,M,4418600.0,67296.0,47
201700029080,17,4,6,1831,1,2,1,1.0,6.0,47001,M,4420472.0,62301.0,47
201700029081,17,4,8,2225,5,2,3,1.0,3.0,47001,M,4419940.0,62045.0,47
201700029082,17,4,12,1732,1,2,3,1.0,1.0,47001,M,4419410.0,62953.0,47
201700029083,17,4,15,2120,3,1,1,1.0,1.0,47031,M,4417480.0,64371.0,47
201700029084,17,5,5,1543,1,1,1,1.0,1.0,47032,M,4420380.0,69806.0,47
201700029085,17,5,17,1251,1,2,1,1.0,6.0,47001,M,4420550.0,62782.0,47
201700029086,17,6,6,903,1,2,3,7.0,7.0,47001,M,4419960.0,61594.0,47
201700029087,17,6,7,1220,1,2,1,1.0,1.0,47001,M,4419140.0,61497.0,47
201700029088,17,6,20,340,5,2,1,1.0,7.0,47201,M,4419560.0,60647.0,47
201700029089,17,7,5,1402,1,2,1,1.0,7.0,47001,M,4419010.0,61326.0,47
201700029090,17,7,6,1657,1,2,3,1.0,3.0,47001,M,4419410.0,63535.0,47
201700029091,17,9,2,1405,1,2,1,1.0,3.0,47031,M,4417600.0,63568.0,47
201700029092,17,9,13,1144,1,2,1,1.0,3.0,47001,M,4419850.0,62844.0,47
201700029093,17,10,11,1933,2,2,3,1.0,3.0,47001,M,4420420.0,61187.0,47
201700029094,17,10,15,1640,1,2,3,1.0,3.0,47201,M,4418480.0,60330.0,47
201700029095,17,10,20,1227,1,2,2,1.0,3.0,47001,M,4420350.0,62453.0,47
201700029096,17,10,25,1950,5,2,1,1.0,2.0,47001,M,4419660.0,61970.0,47
201700029097,17,10,26,958,1,1,3,7.0,5.0,47032,M,4419120.0,65123.0,47
201700029098,17,11,7,1305,1,1,1,1.0,5.0,47201,M,4416670.0,60472.0,47
201700029099,17,11,10,1630,1,1,3,1.0,3.0,47201,M,4416440.0,60139.0,47
201700029100,17,12,19,750,5,2,1,1.0,4.0,47031,M,4419050.0,65271.0,47
201700029101,17,1,28,600,3,2,3,2.0,7.0,47323,M,4440960.0,74089.0,47
201700029102,17,2,17,1755,1,2,4,1.0,3.0,47323,M,4440040.0,70605.0,47
201700029103,17,3,25,1110,1,1,3,8.0,5.0,47323,M,4439497.0,75913.0,47
201700029104,17,4,5,1530,1,2,1,1.0,6.0,47323,M,4440870.0,70730.0,47
201700029105,17,4,20,1915,1,2,2,1.0,3.0,47323,M,4441980.0,71968.0,47
201700029106,17,5,17,1120,1,2,1,1.0,6.0,47215,M,4439260.0,69850.0,47
201700029107,17,7,5,1020,1,2,1,1.0,1.0,47323,M,4439510.0,71809.0,47
201700029108,17,7,10,2145,3,1,1,1.0,7.0,47323,M,4443310.0,76051.0,47
201700029109,17,7,29,1040,1,2,1,1.0,6.0,47323,M,4440580.0,70684.0,47
201700029110,17,8,14,1957,1,2,1,1.0,2.0,47027,M,4440380.0,68554.0,47
201700029111,17,8,21,1920,1,2,1,1.0,7.0,47323,M,4440040.0,70608.0,47
201700029112,17,8,28,2110,5,2,6,1.0,3.0,47323,M,4440750.0,70859.0,47
201700029113,17,8,30,1740,1,1,2,1.0,7.0,47215,M,4439020.0,71765.0,47
201700029114,17,9,11,1830,1,1,3,1.0,2.0,47323,M,4439240.0,77034.0,47
201700029115,17,10,8,915,2,1,1,5.0,3.0,47323,M,4439550.0,73844.0,47
201700029116,17,10,14,1840,1,1,3,1.0,2.0,47027,M,4441340.0,65979.0,47
201700029117,17,10,16,1840,5,2,2,1.0,2.0,47323,M,4439800.0,70734.0,47
201700029118,17,11,5,1550,1,1,1,1.0,6.0,47323,M,4444090.0,73727.0,47
201700029119,17,11,11,1820,2,1,1,2.0,6.0,47323,M,4444940.0,70165.0,47
201700029120,17,11,20,855,1,1,1,1.0,6.0,47215,M,4437480.0,67095.0,47
201700029121,17,11,22,1035,1,2,1,1.0,6.0,47323,M,4440740.0,70806.0,47
201700029122,17,12,19,935,1,2,9,1.0,6.0,47323,M,4439130.0,71739.0,47
201700029123,17,12,24,1300,1,2,2,1.0,3.0,47323,M,4442180.0,71282.0,47
201700029124,17,12,4,800,2,2,1,8.0,6.0,47323,M,4439430.0,70916.0,47
201700029125,17,6,8,1658,1,2,1,1.0,3.0,48095,M,4452245.0,350300.0,48
201700029126,17,7,7,743,1,1,1,1.0,1.0,48095,M,4453925.0,350913.0,48
201700029127,17,8,22,1853,1,2,6,7.0,3.0,48095,M,4452483.0,348167.0,48
201700029128,17,11,22,1218,1,2,3,1.0,6.0,48095,M,4451753.0,349660.0,48
201700029129,17,12,30,1850,4,2,1,1.0,6.0,49007,M,4747642.0,-55124.0,49
201700029130,17,12,26,1134,1,2,1,1.0,7.0,49007,M,4746907.0,-54973.0,49
201700029131,17,1,3,1302,1,1,1,1.0,7.0,49007,M,4746969.0,-60191.0,49
201700029132,17,1,4,903,1,2,1,5.0,6.0,49007,M,4748849.0,-54474.0,49
201700029133,17,12,5,1020,1,2,1,1.0,6.0,49007,M,4746994.0,-54987.0,49
201700029134,17,1,4,1545,1,2,1,1.0,6.0,49007,M,4748232.0,-54245.0,49
201700029135,17,12,26,1108,1,2,1,1.0,6.0,49007,M,4745693.0,-57208.0,49
201700029136,17,1,5,1620,1,1,1,1.0,2.0,49007,M,4746457.0,-57351.0,49
201700029137,17,1,6,140,5,2,1,1.0,6.0,49007,M,4746909.0,-60020.0,49
201700029138,17,1,6,55,3,1,1,9.0,6.0,49007,M,4749044.0,-54290.0,49
201700029139,17,1,7,935,1,2,1,1.0,6.0,49015,M,4746598.0,-54523.0,49
201700029140,17,1,8,1358,1,2,7,1.0,3.0,49353,M,4744755.0,-50933.0,49
201700029141,17,1,10,145,5,2,1,8.0,6.0,49007,M,4747678.0,-56204.0,49
201700029142,17,1,10,800,5,2,1,2.0,3.0,49007,M,4747470.0,-52913.0,49
201700029143,17,1,11,1447,1,2,1,1.0,6.0,49007,M,4748240.0,-52689.0,49
201700029144,17,1,11,921,1,2,1,1.0,6.0,49007,M,4747824.0,-54798.0,49
201700029145,17,1,10,1355,1,2,1,1.0,6.0,49007,M,4747317.0,-56198.0,49
201700029146,17,1,10,1737,1,2,1,8.0,6.0,49007,M,4747444.0,-56747.0,49
201700029147,17,1,11,1338,1,2,1,8.0,6.0,49007,M,4748935.0,-56812.0,49
201700029148,17,1,12,1150,1,2,1,8.0,6.0,49007,M,4745176.0,-54584.0,49
201700029149,17,1,14,225,5,2,1,1.0,6.0,49007,M,4746660.0,-55258.0,49
201700029150,17,1,15,1920,5,2,1,2.0,6.0,49007,M,4747510.0,-52900.0,49
201700029151,17,1,14,2030,5,2,2,1.0,3.0,49007,M,4747859.0,-54451.0,49
201700029152,17,1,18,915,1,2,1,1.0,4.0,49007,M,4747236.0,-55836.0,49
201700029153,17,1,18,1642,1,2,6,1.0,3.0,49007,M,4745142.0,-55717.0,49
201700029154,17,10,16,1220,1,2,2,1.0,6.0,49007,M,4746841.0,-55029.0,49
201700029155,17,1,19,815,2,2,2,1.0,6.0,49007,M,4745242.0,-55891.0,49
201700029156,17,1,16,750,5,2,6,1.0,3.0,49007,M,4747172.0,-56703.0,49
201700029157,17,1,21,1645,1,2,1,1.0,3.0,49007,M,4745134.0,-56198.0,49
201700029158,17,1,22,1600,1,2,1,1.0,6.0,49007,M,4744849.0,-56594.0,49
201700029159,17,1,22,1545,1,2,1,1.0,6.0,49015,M,4749378.0,-58666.0,49
201700029160,17,1,22,1335,1,2,1,1.0,6.0,49007,M,4748455.0,-53398.0,49
201700029161,17,1,20,842,2,2,3,1.0,6.0,49007,M,4747575.0,-54813.0,49
201700029162,17,1,23,1600,1,1,3,1.0,6.0,49323,M,4748996.0,-50704.0,49
201700029163,17,1,23,1400,1,2,2,1.0,3.0,49007,M,4747266.0,-54271.0,49
201700029164,17,1,16,755,2,2,2,1.0,3.0,49007,M,4748629.0,-51422.0,49
201700029165,17,1,25,1740,1,2,1,1.0,3.0,49007,M,4747370.0,-54547.0,49
201700029166,17,1,25,757,2,2,1,1.0,6.0,49007,M,4749226.0,-55151.0,49
201700029167,17,1,26,1242,1,2,1,1.0,6.0,49015,M,4750299.0,-61271.0,49
201700029168,17,1,26,1358,1,2,1,1.0,6.0,49007,M,4747984.0,-51983.0,49
201700029169,17,1,27,325,4,1,1,8.0,6.0,49007,M,4747169.0,-53912.0,49
201700029170,17,1,30,1105,1,2,1,2.0,6.0,49015,M,4751037.0,-59412.0,49
201700029171,17,1,30,1151,1,1,1,2.0,6.0,49267,M,4748748.0,-47125.0,49
201700029172,17,1,30,2330,4,2,1,2.0,6.0,49007,M,4747919.0,-55229.0,49
201700029173,17,1,29,627,3,1,1,2.0,6.0,49267,M,4746763.0,-47346.0,49
201700029174,17,1,27,2207,3,1,1,1.0,6.0,49267,M,4747290.0,-49521.0,49
201700029175,17,2,1,1003,1,1,1,1.0,6.0,49267,M,4748297.0,-49963.0,49
201700029176,17,2,2,530,5,2,1,1.0,7.0,49007,M,4747897.0,-55703.0,49
201700029177,17,2,2,1415,1,2,1,1.0,2.0,49007,M,4748000.0,-55496.0,49
201700029178,17,2,3,2120,3,1,1,1.0,6.0,49015,M,4749910.0,-61916.0,49
201700029179,17,2,5,845,1,2,1,1.0,2.0,49007,M,4747379.0,-58266.0,49
201700029180,17,2,5,610,5,2,1,1.0,6.0,49007,M,4746887.0,-55004.0,49
201700029181,17,2,3,800,2,2,6,1.0,6.0,49007,M,4746299.0,-52594.0,49
201700029182,17,2,7,1106,1,2,1,1.0,6.0,49007,M,4746137.0,-54680.0,49
201700029183,17,2,7,945,1,2,2,1.0,1.0,49007,M,4745948.0,-56022.0,49
201700029184,17,2,7,1815,1,2,1,1.0,3.0,49007,M,4746161.0,-54090.0,49
201700029185,17,2,8,2030,3,1,1,1.0,2.0,49007,M,4748202.0,-57819.0,49
201700029186,17,2,8,915,1,2,1,1.0,1.0,49353,M,4744254.0,-49498.0,49
201700029187,17,2,12,2215,5,2,1,1.0,3.0,49353,M,4744460.0,-50098.0,49
201700029188,17,2,12,1425,1,1,2,1.0,1.0,49267,M,4746664.0,-46856.0,49
201700029189,17,2,11,1748,1,2,1,1.0,4.0,49007,M,4747229.0,-54128.0,49
201700029190,17,2,10,1055,1,2,1,1.0,7.0,49007,M,4746590.0,-51954.0,49
201700029191,17,2,13,1005,1,2,1,1.0,6.0,49007,M,4748687.0,-52709.0,49
201700029192,17,2,14,1400,1,2,2,1.0,3.0,49007,M,4747183.0,-60007.0,49
201700029193,17,2,14,1850,2,2,2,1.0,6.0,49007,M,4745219.0,-52521.0,49
201700029194,17,2,14,715,3,1,1,1.0,7.0,49007,M,4747665.0,-55433.0,49
201700029195,17,2,16,952,2,2,4,1.0,7.0,49007,M,4749638.0,-52662.0,49
201700029196,17,2,16,1300,1,2,2,1.0,5.0,49007,M,4745096.0,-54945.0,49
201700029197,17,2,19,252,5,2,1,1.0,6.0,49007,M,4747937.0,-55184.0,49
201700029198,17,2,18,2210,5,2,1,1.0,6.0,49007,M,4746175.0,-53541.0,49
201700029199,17,2,17,1700,1,2,2,1.0,3.0,49007,M,4748285.0,-52681.0,49
201700029200,17,2,17,1246,1,2,1,1.0,6.0,49007,M,4746841.0,-55025.0,49
201700029201,17,2,19,2025,5,2,1,1.0,6.0,49353,M,4744436.0,-50000.0,49
201700029202,17,2,17,1640,1,2,1,1.0,6.0,49007,M,4745206.0,-52520.0,49
201700029203,17,2,19,2220,5,2,1,1.0,6.0,49007,M,4746761.0,-55162.0,49
201700029204,17,2,23,1730,1,2,1,1.0,2.0,49007,M,4746924.0,-56044.0,49
201700029205,17,2,25,1938,5,2,1,1.0,7.0,49007,M,4747362.0,-58411.0,49
201700029206,17,2,26,1120,1,2,1,2.0,3.0,49007,M,4745915.0,-53557.0,49
201700029207,17,2,28,1913,2,2,2,1.0,3.0,49007,M,4747479.0,-58623.0,49
201700029208,17,3,1,737,1,2,1,1.0,6.0,49007,M,4747840.0,-54875.0,49
201700029209,17,2,28,955,1,2,3,1.0,3.0,49007,M,4747190.0,-53934.0,49
201700029210,17,2,28,1630,1,2,2,1.0,1.0,49007,M,4748207.0,-52222.0,49
201700029211,17,3,5,1827,1,2,1,1.0,6.0,49007,M,4747503.0,-58242.0,49
201700029212,17,3,4,1616,1,2,1,2.0,6.0,49007,M,4747347.0,-59650.0,49
201700029213,17,3,3,1739,1,1,1,2.0,6.0,49007,M,4746592.0,-51908.0,49
201700029214,17,3,3,1202,1,2,1,6.0,6.0,49007,M,4748579.0,-57563.0,49
201700029215,17,3,8,1227,1,2,1,1.0,7.0,49007,M,4746897.0,-53194.0,49
201700029216,17,3,8,945,1,1,1,1.0,2.0,49007,M,4747755.0,-55332.0,49
201700029217,17,3,12,1945,3,1,1,2.0,1.0,49267,M,4747266.0,-46166.0,49
201700029218,17,3,13,1720,1,2,2,1.0,1.0,49007,M,4744340.0,-55882.0,49
201700029219,17,3,14,1002,1,2,6,1.0,2.0,49007,M,4748818.0,-53620.0,49
201700029220,17,3,14,1105,1,2,1,1.0,6.0,49007,M,4747519.0,-58280.0,49
201700029221,17,3,15,1635,1,2,2,1.0,1.0,49007,M,4747484.0,-52675.0,49
201700029222,17,3,17,425,5,2,3,1.0,3.0,49007,M,4748799.0,-54287.0,49
201700029223,17,3,18,710,2,2,1,1.0,6.0,49007,M,4745229.0,-55610.0,49