Num_Acc,an,mois,jour,hrmn,lum,agg,int,atm,col,com,gps,lat,long,dep
201700029224,17,3,19,2238,5,2,1,1.0,4.0,49007,M,4747359.0,-57893.0,49
201700029225,17,3,21,1845,1,2,4,1.0,1.0,49007,M,4745706.0,-55403.0,49
201700029226,17,3,22,1524,1,2,2,1.0,5.0,49007,M,4747316.0,-59982.0,49
201700029227,17,3,22,1816,1,2,2,1.0,7.0,49007,M,4747197.0,-55324.0,49
201700029228,17,3,22,2145,5,2,2,1.0,3.0,49007,M,4747942.0,-55551.0,49
201700029229,17,3,23,1710,1,2,2,1.0,3.0,49007,M,4747313.0,-60219.0,49
201700029230,17,3,24,1230,1,2,1,1.0,6.0,49007,M,4745166.0,-54551.0,49
201700029231,17,3,25,959,1,1,1,1.0,3.0,49007,M,4745693.0,-57289.0,49
201700029232,17,3,27,1705,1,1,1,1.0,2.0,49267,M,4744144.0,-51248.0,49
201700029233,17,3,28,1835,1,2,1,1.0,6.0,49007,M,4745964.0,-60151.0,49
201700029234,17,3,29,1221,1,2,1,1.0,6.0,49007,M,4747608.0,-56535.0,49
201700029235,17,3,29,2106,5,2,1,1.0,6.0,49007,M,4748731.0,-53846.0,49
201700029236,17,3,29,1734,1,2,2,1.0,6.0,49007,M,4747573.0,-59391.0,49
201700029237,17,3,30,1112,1,2,1,1.0,7.0,49007,M,4747518.0,-54820.0,49
201700029238,17,4,1,1310,1,2,1,1.0,6.0,49007,M,4748690.0,-52095.0,49
201700029239,17,4,3,1600,1,2,6,1.0,7.0,49007,M,4747062.0,-54469.0,49
201700029240,17,4,4,1640,1,2,2,1.0,3.0,49353,M,4744373.0,-49833.0,49
201700029241,17,1,9,1830,2,2,1,1.0,6.0,49007,M,4748602.0,-51478.0,49
201700029242,17,4,4,1547,1,2,1,1.0,2.0,49007,M,4745471.0,-53326.0,49
201700029243,17,4,5,1035,1,2,9,1.0,3.0,49267,M,4748144.0,-48744.0,49
201700029244,17,4,5,1830,1,1,1,1.0,3.0,49267,M,4747042.0,-51178.0,49
201700029245,17,4,5,1735,1,2,1,1.0,3.0,49007,M,4746256.0,-53229.0,49
201700029246,17,4,6,300,5,2,1,1.0,7.0,49007,M,4746507.0,-54946.0,49
201700029247,17,4,7,1332,1,2,1,1.0,3.0,49007,M,4746780.0,-55907.0,49
201700029248,17,4,10,940,1,1,1,1.0,2.0,49353,M,4745775.0,-51395.0,49
201700029249,17,4,11,1808,1,1,1,1.0,3.0,49015,M,4749966.0,-62112.0,49
201700029250,17,4,11,1826,1,1,1,1.0,2.0,49007,M,4747039.0,-58833.0,49
201700029251,17,4,14,435,5,2,1,1.0,2.0,49007,M,4747566.0,-54971.0,49
201700029252,17,4,13,910,1,2,2,1.0,3.0,49007,M,4747454.0,-54676.0,49
201700029253,17,4,14,1654,1,2,6,1.0,6.0,49246,M,4743335.0,-52924.0,49
201700029254,17,4,15,2156,5,2,2,1.0,3.0,49007,M,4746887.0,-53191.0,49
201700029255,17,4,17,1614,1,2,1,1.0,3.0,49246,M,4740716.0,-52561.0,49
201700029256,17,4,15,1942,1,2,1,1.0,3.0,49007,M,4745374.0,-52214.0,49
201700029257,17,4,17,1545,1,2,1,1.0,3.0,49007,M,4747831.0,-54569.0,49
201700029258,17,4,20,358,5,2,1,1.0,6.0,49007,M,4747778.0,-59544.0,49
201700029259,17,4,25,1121,1,2,1,1.0,6.0,49007,M,4747170.0,-53679.0,49
201700029260,17,4,22,1100,1,2,1,1.0,3.0,49267,M,4747373.0,-51483.0,49
201700029261,17,4,24,750,1,2,1,7.0,6.0,49353,M,4745795.0,-51493.0,49
201700029262,17,4,24,1012,1,2,2,1.0,7.0,49007,M,4747529.0,-54848.0,49
201700029263,17,4,27,1725,1,2,2,1.0,3.0,49007,M,4747655.0,-55164.0,49
201700029264,17,4,27,1651,1,1,1,1.0,2.0,49007,M,4747018.0,-56188.0,49
201700029265,17,5,2,1800,1,2,3,1.0,3.0,49007,M,4747304.0,-57722.0,49
201700029266,17,5,3,1410,1,2,3,1.0,1.0,49353,M,4744321.0,-48357.0,49
201700029267,17,5,4,750,1,2,3,1.0,3.0,49007,M,4745136.0,-52451.0,49
201700029268,17,5,3,825,1,2,1,1.0,2.0,49007,M,4747350.0,-58861.0,49
201700029269,17,4,14,2210,5,2,1,1.0,6.0,49007,M,4745321.0,-52579.0,49
201700029270,17,5,7,1257,1,2,2,1.0,3.0,49007,M,4747860.0,-54936.0,49
201700029271,17,5,7,2240,5,2,3,1.0,3.0,49007,M,4747140.0,-52643.0,49
201700029272,17,5,6,15,5,2,1,1.0,6.0,49353,M,4744299.0,-48455.0,49
201700029273,17,5,9,1603,1,2,1,1.0,2.0,49007,M,4747414.0,-56764.0,49
201700029274,17,5,9,1915,1,2,1,1.0,6.0,49007,M,4746952.0,-59934.0,49
201700029275,17,5,10,755,1,2,1,1.0,3.0,49246,M,4743754.0,-51253.0,49
201700029276,17,5,11,1800,1,2,1,1.0,6.0,49007,M,4746643.0,-55293.0,49
201700029277,17,5,15,1030,1,2,2,1.0,1.0,49007,M,4747363.0,-55900.0,49
201700029278,17,5,15,1855,1,1,1,1.0,6.0,49246,M,4743048.0,-47250.0,49
201700029279,17,5,16,1900,1,2,2,1.0,3.0,49007,M,4746750.0,-55558.0,49
201700029280,17,5,16,1306,1,2,1,1.0,7.0,49007,M,4746612.0,-55240.0,49
201700029281,17,5,17,1525,1,2,1,2.0,6.0,49007,M,4744962.0,-56487.0,49
201700029282,17,5,19,1800,1,2,1,1.0,1.0,49007,M,4747715.0,-53349.0,49
201700029283,17,5,19,750,1,2,1,1.0,1.0,49007,M,4746504.0,-54541.0,49
201700029284,17,5,20,228,5,2,1,1.0,6.0,49007,M,4748379.0,-52683.0,49
201700029285,17,5,22,1440,1,2,6,1.0,6.0,49015,M,4750059.0,-59009.0,49
201700029286,17,5,23,910,1,2,2,1.0,1.0,49007,M,4748740.0,-57353.0,49
201700029287,17,5,23,858,1,2,1,1.0,2.0,49007,M,4745698.0,-57197.0,49
201700029288,17,5,23,1558,1,1,1,1.0,4.0,49007,M,4746652.0,-58243.0,49
201700029289,17,5,24,806,1,2,1,1.0,7.0,49007,M,4745969.0,-52956.0,49
201700029290,17,5,24,920,1,2,6,1.0,1.0,49007,M,4747205.0,-56699.0,49
201700029291,17,5,24,1810,1,2,1,1.0,2.0,49007,M,4749157.0,-54854.0,49
201700029292,17,5,24,1937,1,2,1,1.0,6.0,49353,M,4744143.0,-48632.0,49
201700029293,17,5,25,1630,1,1,3,1.0,3.0,49007,M,4750279.0,-56099.0,49
201700029294,17,5,26,2115,1,2,6,1.0,2.0,49353,M,4745624.0,-50888.0,49
201700029295,17,5,27,110,5,2,1,1.0,6.0,49353,M,4744426.0,-47531.0,49
201700029296,17,5,28,2310,5,1,1,1.0,2.0,49007,M,4748963.0,-50793.0,49
201700029297,17,5,28,1250,1,2,4,1.0,6.0,49007,M,4747176.0,-53907.0,49
201700029298,17,5,28,306,3,1,1,1.0,6.0,49267,M,4746905.0,-51390.0,49
201700029299,17,5,28,1350,1,2,1,1.0,4.0,49007,M,4746524.0,-54975.0,49
201700029300,17,5,29,850,1,2,2,1.0,3.0,49007,M,4748338.0,-52673.0,49
201700029301,17,5,31,1814,1,2,2,1.0,3.0,49007,M,4747858.0,-54452.0,49
201700029302,17,6,2,2050,1,2,1,1.0,6.0,49007,M,4747315.0,-56645.0,49
201700029303,17,6,2,2220,5,2,1,1.0,2.0,49007,M,4748758.0,-53764.0,49
201700029304,17,6,2,1910,1,2,1,1.0,2.0,49007,M,4747953.0,-56562.0,49
201700029305,17,5,28,110,5,2,6,1.0,3.0,49007,M,4746867.0,-55860.0,49
201700029306,17,6,1,1900,1,2,1,1.0,6.0,49007,M,4747923.0,-51415.0,49
201700029307,17,6,7,1205,1,2,2,1.0,1.0,49007,M,4748249.0,-52246.0,49
201700029308,17,6,8,1040,1,1,1,1.0,6.0,49007,M,4747935.0,-55192.0,49
201700029309,17,6,10,710,2,2,2,1.0,3.0,49007,M,4745452.0,-53399.0,49
201700029310,17,6,10,2050,1,2,2,1.0,3.0,49007,M,4747486.0,-53410.0,49
201700029311,17,6,9,1643,1,2,1,1.0,7.0,49007,M,4745390.0,-52555.0,49
201700029312,17,6,13,2055,1,2,1,1.0,1.0,49007,M,4747623.0,-55091.0,49
201700029313,17,6,10,2106,1,1,1,1.0,6.0,49007,M,4746744.0,-52464.0,49
201700029314,17,6,12,1620,1,1,1,1.0,2.0,49007,M,4746927.0,-58902.0,49
201700029315,17,6,13,1613,1,2,1,1.0,7.0,49007,M,4747881.0,-54831.0,49
201700029316,17,6,12,1630,1,1,1,1.0,6.0,49007,M,4746919.0,-58917.0,49
201700029317,17,6,12,1215,1,2,1,1.0,3.0,49007,M,4745669.0,-54785.0,49
201700029318,17,6,14,1940,1,2,6,1.0,7.0,49353,M,4744351.0,-48856.0,49
201700029319,17,6,15,1040,1,2,1,1.0,2.0,49007,M,4748194.0,-52230.0,49
201700029320,17,6,12,1730,1,2,3,1.0,3.0,49007,M,4747641.0,-56643.0,49
201700029321,17,6,14,1345,1,2,1,1.0,7.0,49007,M,4744775.0,-50892.0,49
201700029322,17,6,15,930,1,2,6,1.0,3.0,49007,M,4744885.0,-57332.0,49
201700029323,17,6,16,1920,1,2,1,1.0,3.0,49246,M,4743466.0,-52323.0,49
201700029324,17,6,16,852,1,2,1,1.0,3.0,49007,M,4743466.0,-53288.0,49
201700029325,17,6,17,935,1,2,1,1.0,7.0,49007,M,4746558.0,-55188.0,49
201700029326,17,6,19,1815,1,2,1,1.0,4.0,49007,M,4745484.0,-54249.0,49
201700029327,17,6,19,1653,1,2,6,1.0,6.0,49353,M,4744341.0,-48834.0,49
201700029328,17,6,19,936,1,2,3,1.0,6.0,49353,M,4744302.0,-48922.0,49
201700029329,17,6,20,1818,1,2,1,2.0,7.0,49007,M,4746869.0,-54987.0,49
201700029330,17,6,21,558,1,2,1,1.0,6.0,49246,M,4743637.0,-51770.0,49
201700029331,17,6,21,1345,1,2,1,1.0,6.0,49007,M,4747792.0,-59863.0,49
201700029332,17,6,21,1110,1,2,2,1.0,3.0,49015,M,4750080.0,-58849.0,49
201700029333,17,6,22,1746,1,2,1,1.0,6.0,49007,M,4744696.0,-56085.0,49
201700029334,17,6,24,1915,1,2,1,1.0,7.0,49007,M,4746817.0,-58599.0,49
201700029335,17,6,25,1430,1,2,1,1.0,4.0,49007,M,4747393.0,-54568.0,49
201700029336,17,6,27,1310,1,1,1,1.0,7.0,49246,M,4744129.0,-54077.0,49
201700029337,17,6,27,1330,1,1,1,1.0,1.0,49015,M,4749558.0,-60833.0,49
201700029338,17,6,27,1336,1,2,1,1.0,3.0,49007,M,4748516.0,-54569.0,49
201700029339,17,6,27,1940,1,1,1,1.0,2.0,49007,M,4747288.0,-55607.0,49
201700029340,17,6,28,1830,1,2,1,1.0,2.0,49015,M,4752076.0,-61052.0,49
201700029341,17,6,28,1024,1,1,9,1.0,6.0,49267,M,4748502.0,-51091.0,49
201700029342,17,6,29,1650,1,2,2,1.0,6.0,49007,M,4747458.0,-59205.0,49
201700029343,17,6,29,1321,1,2,1,1.0,7.0,49007,M,4747327.0,-55499.0,49
201700029344,17,7,2,1755,1,1,1,1.0,2.0,49267,M,4741624.0,-50615.0,49
201700029345,17,7,1,15,5,2,1,1.0,7.0,49007,M,4745389.0,-52125.0,49
201700029346,17,6,30,2100,1,1,1,2.0,6.0,49007,M,4747263.0,-55792.0,49
201700029347,17,6,30,710,1,2,1,8.0,7.0,49007,M,4747160.0,-53478.0,49
201700029348,17,6,30,1940,1,2,1,1.0,6.0,49007,M,4745730.0,-52732.0,49
201700029349,17,7,4,950,1,2,1,1.0,7.0,49007,M,4746305.0,-61557.0,49
201700029350,17,7,5,900,1,2,3,1.0,3.0,49007,M,4747403.0,-53744.0,49
201700029351,17,7,6,110,5,2,2,1.0,6.0,49007,M,4747818.0,-58681.0,49
201700029352,17,7,6,1146,1,2,2,1.0,3.0,49007,M,4747865.0,-55618.0,49
201700029353,17,7,7,854,1,2,2,1.0,6.0,49007,M,4747799.0,-59205.0,49
201700029354,17,7,8,1930,1,2,1,1.0,7.0,49007,M,4746957.0,-54952.0,49
201700029355,17,7,11,1724,1,2,4,1.0,3.0,49007,M,4749243.0,-52344.0,49
201700029356,17,7,13,1345,1,2,1,1.0,7.0,49007,M,4745475.0,-55360.0,49
201700029357,17,7,16,620,1,2,2,1.0,3.0,49007,M,4745062.0,-55281.0,49
201700029358,17,7,16,149,5,2,1,1.0,7.0,49007,M,4747218.0,-55702.0,49
201700029359,17,7,14,603,5,2,7,1.0,6.0,49267,M,4744286.0,-49903.0,49
201700029360,17,7,17,1246,1,2,9,1.0,3.0,49007,M,4747671.0,-54735.0,49
201700029361,17,7,14,1225,1,2,1,1.0,6.0,49007,M,4748851.0,-54475.0,49
201700029362,17,7,18,835,1,2,1,1.0,7.0,49007,M,4746362.0,-55530.0,49
201700029363,17,7,15,2100,1,2,1,1.0,1.0,49007,M,4746034.0,-52674.0,49
201700029364,17,7,19,1830,1,1,1,2.0,7.0,49007,M,4746959.0,-52960.0,49
201700029365,17,7,19,1532,1,2,1,1.0,2.0,49353,M,4749587.0,-58028.0,49
201700029366,17,7,20,1700,1,2,2,1.0,7.0,49007,M,4747332.0,-59194.0,49
201700029367,17,7,22,1130,1,2,3,1.0,3.0,49007,M,4746064.0,-53263.0,49
201700029368,17,7,23,1250,1,2,2,1.0,3.0,49007,M,4745096.0,-55285.0,49
201700029369,17,7,20,2240,5,2,1,1.0,2.0,49007,M,4743430.0,-53708.0,49
201700029370,17,7,23,1410,1,2,9,1.0,3.0,49007,M,4747303.0,-57752.0,49
201700029371,17,7,26,1806,1,2,2,1.0,3.0,49007,M,4747607.0,-53832.0,49
201700029372,17,8,1,1250,1,2,1,1.0,2.0,49007,M,4745038.0,-55845.0,49
201700029373,17,8,2,1820,1,2,1,1.0,6.0,49007,M,4748366.0,-57446.0,49
201700029374,17,8,3,1900,1,2,2,1.0,3.0,49007,M,4747572.0,-59391.0,49
201700029375,17,8,5,2030,1,2,1,1.0,6.0,49007,M,4746789.0,-55112.0,49
201700029376,17,8,4,1838,1,2,1,1.0,3.0,49007,M,4747663.0,-55799.0,49
201700029377,17,8,5,1838,1,2,1,1.0,1.0,49267,M,4747279.0,-49553.0,49
201700029378,17,8,6,1355,1,2,1,1.0,7.0,49007,M,4746312.0,-53208.0,49
201700029379,17,8,8,805,1,2,1,1.0,6.0,49007,M,4745320.0,-53804.0,49
201700029380,17,8,8,2115,2,2,1,2.0,6.0,49007,M,4748663.0,-53815.0,49
201700029381,17,8,8,1921,1,2,1,1.0,1.0,49007,M,4746087.0,-53645.0,49
201700029382,17,8,9,1852,1,2,1,2.0,6.0,49007,M,4746285.0,-55509.0,49
201700029383,17,8,10,1408,1,2,1,1.0,2.0,49007,M,4746390.0,-53880.0,49
201700029384,17,8,9,1450,1,2,5,1.0,7.0,49007,M,4747295.0,-55174.0,49
201700029385,17,8,11,2217,5,2,1,1.0,7.0,49353,M,4744730.0,-50112.0,49
201700029386,17,8,11,1920,1,2,1,1.0,7.0,49007,M,4746926.0,-59216.0,49
201700029387,17,8,10,1550,1,2,1,1.0,7.0,49353,M,4744120.0,-49112.0,49
201700029388,17,8,16,1156,1,2,6,1.0,6.0,49007,M,4747184.0,-56664.0,49
201700029389,17,8,17,1234,1,2,6,1.0,3.0,49007,M,4748321.0,-57580.0,49
201700029390,17,8,16,2230,5,2,1,1.0,2.0,49007,M,4747079.0,-51931.0,49
201700029391,17,8,17,1740,1,2,9,1.0,2.0,49015,M,4749323.0,-57593.0,49
201700029392,17,8,20,702,2,2,1,1.0,6.0,49267,M,4747421.0,-47610.0,49
201700029393,17,8,20,1513,1,2,1,1.0,3.0,49007,M,4747793.0,-54612.0,49
201700029394,17,8,21,932,1,2,1,1.0,7.0,49007,M,4747494.0,-52911.0,49
201700029395,17,8,21,1027,1,2,1,1.0,6.0,49007,M,4747351.0,-54180.0,49
201700029396,17,8,24,2130,4,1,1,1.0,2.0,49323,M,4750174.0,-49388.0,49
201700029397,17,8,25,1810,1,2,1,1.0,6.0,49246,M,4747354.0,-50333.0,49
201700029398,17,8,25,1915,1,2,2,1.0,2.0,49007,M,4746889.0,-53206.0,49
201700029399,17,8,26,1026,1,2,1,1.0,2.0,49007,M,4745694.0,-52332.0,49
201700029400,17,9,2,1920,1,2,1,1.0,6.0,49007,M,4745299.0,-56979.0,49
201700029401,17,9,4,1758,1,2,1,1.0,6.0,49007,M,4746916.0,-54928.0,49
201700029402,17,8,31,1900,1,2,1,1.0,6.0,49007,M,4748192.0,-56690.0,49
201700029403,17,9,5,300,5,2,2,1.0,3.0,49007,M,4747724.0,-54420.0,49
201700029404,17,9,2,1520,1,2,2,1.0,1.0,49007,M,4745059.0,-55280.0,49
201700029405,17,9,1,1500,1,2,1,1.0,7.0,49007,M,4747883.0,-56503.0,49
201700029406,17,9,8,950,1,2,1,1.0,4.0,49007,M,4745438.0,-56765.0,49
201700029407,17,9,9,2301,5,2,2,1.0,6.0,49007,M,4747315.0,-59987.0,49
201700029408,17,9,5,1955,1,2,1,1.0,7.0,49007,M,4747317.0,-57773.0,49
201700029409,17,9,8,1000,1,2,1,1.0,7.0,49007,M,4745496.0,-56871.0,49
201700029410,17,9,2,925,1,2,1,1.0,6.0,49007,M,4748421.0,-51815.0,49
201700029411,17,9,9,945,1,2,1,1.0,7.0,49007,M,4745403.0,-55345.0,49
201700029412,17,9,10,1659,1,2,1,1.0,7.0,49246,M,4741845.0,-53897.0,49
201700029413,17,9,11,1745,1,2,6,1.0,3.0,49353,M,4744081.0,-49854.0,49
201700029414,17,9,12,1730,1,2,1,1.0,3.0,49007,M,4746146.0,-53255.0,49
201700029415,17,9,13,2145,3,2,1,1.0,6.0,49267,M,4747618.0,-50770.0,49
201700029416,17,9,13,1923,1,2,6,2.0,6.0,49007,M,4747195.0,-56688.0,49
201700029417,17,9,12,1725,1,2,6,1.0,7.0,49007,M,4744892.0,-57282.0,49
201700029418,17,9,13,1630,1,2,1,1.0,6.0,49007,M,4746962.0,-54867.0,49
201700029419,17,9,13,1827,1,2,1,1.0,6.0,49267,M,4746507.0,-46923.0,49
201700029420,17,9,15,2145,5,2,1,1.0,7.0,49246,M,4743037.0,-54299.0,49
201700029421,17,9,15,2030,5,2,3,1.0,3.0,49007,M,4746690.0,-55430.0,49
201700029422,17,9,16,1741,1,2,6,1.0,6.0,49007,M,4745779.0,-54439.0,49
201700029423,17,9,15,1920,1,2,1,1.0,7.0,49007,M,4746965.0,-54396.0,49
201700029424,17,9,15,1516,1,1,1,1.0,2.0,49267,M,4746685.0,-49298.0,49
201700029425,17,9,16,1330,1,2,2,1.0,3.0,49246,M,4743482.0,-52674.0,49
201700029426,17,9,18,915,1,1,1,1.0,2.0,49007,M,4746661.0,-58218.0,49
201700029427,17,9,18,1700,1,2,1,1.0,3.0,49007,M,4748280.0,-52236.0,49
201700029428,17,9,20,1830,1,2,1,1.0,3.0,49007,M,4747354.0,-58611.0,49
201700029429,17,9,21,407,5,2,1,1.0,7.0,49007,M,4745819.0,-54495.0,49
201700029430,17,9,21,1411,1,2,1,1.0,3.0,49007,M,4745050.0,-51786.0,49
201700029431,17,9,22,1053,1,2,1,1.0,3.0,49007,M,4748624.0,-51437.0,49
201700029432,17,9,24,1530,1,2,1,1.0,7.0,49007,M,4746512.0,-49432.0,49
201700029433,17,9,22,1205,1,2,2,1.0,3.0,49007,M,4745437.0,-56765.0,49
201700029434,17,9,23,1245,1,2,2,9.0,2.0,49007,M,4747450.0,-55781.0,49
201700029435,17,9,27,1030,1,2,1,1.0,6.0,49007,M,4745110.0,-54757.0,49
201700029436,17,9,28,2350,3,1,1,1.0,2.0,49007,M,4746865.0,-58946.0,49
201700029437,17,9,28,1500,1,2,1,1.0,6.0,49007,M,4748352.0,-52466.0,49
201700029438,17,9,30,1700,1,2,1,1.0,7.0,49007,M,4747028.0,-55368.0,49
201700029439,17,10,3,1731,1,2,1,1.0,1.0,49246,M,4743874.0,-53218.0,49
201700029440,17,10,4,855,1,2,1,1.0,6.0,49353,M,4745019.0,-49941.0,49
201700029441,17,10,4,1520,1,2,2,1.0,3.0,49267,M,4747081.0,-51917.0,49
201700029442,17,10,4,1810,1,2,3,1.0,3.0,49007,M,4744445.0,-56937.0,49
201700029443,17,10,5,1400,1,2,1,1.0,6.0,49007,M,4746572.0,-51961.0,49
201700029444,17,10,4,1536,1,2,1,1.0,6.0,49007,M,4746713.0,-55247.0,49
201700029445,17,10,3,738,2,2,1,1.0,5.0,49267,M,4746972.0,-44824.0,49
201700029446,17,10,6,844,1,2,1,1.0,2.0,49007,M,4749088.0,-52807.0,49
201700029447,17,10,9,1947,2,2,1,1.0,7.0,49007,M,4746144.0,-60356.0,49
201700029448,17,10,9,1127,1,2,1,1.0,7.0,49007,M,4744402.0,-53460.0,49
201700029449,17,10,9,2005,5,2,3,9.0,3.0,49007,M,4746893.0,-55807.0,49
201700029450,17,10,10,1150,1,2,1,1.0,6.0,49353,M,4744804.0,-50720.0,49
201700029451,17,10,10,916,1,2,1,1.0,7.0,49007,M,4744906.0,-54424.0,49
201700029452,17,10,12,1848,2,2,1,1.0,6.0,49007,M,4747361.0,-58737.0,49
201700029453,17,10,12,1230,1,2,1,1.0,2.0,49007,M,4746954.0,-60208.0,49
201700029454,17,10,13,1627,1,2,6,1.0,3.0,49007,M,4747191.0,-56701.0,49
201700029455,17,10,14,1935,2,2,1,1.0,6.0,49007,M,4745303.0,-56546.0,49
201700029456,17,10,13,2135,3,2,1,1.0,6.0,49007,M,4748991.0,-54734.0,49
201700029457,17,10,16,1225,1,2,1,1.0,2.0,49007,M,4747187.0,-53894.0,49
201700029458,17,10,20,658,5,2,1,1.0,6.0,49015,M,4750765.0,-59049.0,49
201700029459,17,10,16,827,2,2,1,1.0,6.0,49007,M,4746293.0,-55382.0,49
201700029460,17,10,16,2135,5,2,1,9.0,6.0,49007,M,4745953.0,-54569.0,49
201700029461,17,10,17,810,1,2,2,1.0,3.0,49007,M,4747438.0,-56025.0,49
201700029462,17,10,18,809,1,2,6,8.0,7.0,49246,M,4743494.0,-49998.0,49
201700029463,17,10,18,820,2,2,1,1.0,7.0,49007,M,4747330.0,-53015.0,49
201700029464,17,10,17,957,1,2,1,1.0,3.0,49007,M,4748145.0,-53007.0,49
201700029465,17,10,17,1735,1,2,6,1.0,3.0,49246,M,4743372.0,-52912.0,49
201700029466,17,10,17,1529,1,2,1,1.0,6.0,49007,M,4748025.0,-56621.0,49
201700029467,17,10,22,1700,1,2,1,1.0,6.0,49007,M,4746238.0,-55906.0,49
201700029468,17,10,18,1500,1,2,1,1.0,3.0,49267,M,4747576.0,-51522.0,49
201700029469,17,10,18,1215,1,1,1,1.0,2.0,49007,M,4747358.0,-59983.0,49
201700029470,17,10,18,729,5,2,1,8.0,6.0,49015,M,4751146.0,-59570.0,49
201700029471,17,10,23,1417,1,2,1,1.0,6.0,49007,M,4747831.0,-54866.0,49
201700029472,17,10,24,1624,1,2,2,1.0,3.0,49007,M,4747453.0,-54666.0,49
201700029473,17,10,24,2352,5,2,6,1.0,3.0,49015,M,4749924.0,-58288.0,49
201700029474,17,10,24,1926,5,2,6,1.0,3.0,49007,M,4744824.0,-53858.0,49
201700029475,17,10,26,45,3,2,1,1.0,7.0,49007,M,4746282.0,-53235.0,49
201700029476,17,10,28,1325,1,2,1,1.0,7.0,49007,M,4746837.0,-53291.0,49
201700029477,17,10,29,1940,2,2,1,1.0,7.0,49353,M,4745130.0,-50795.0,49
201700029478,17,10,28,2025,2,2,1,1.0,7.0,49007,M,4747058.0,-58826.0,49
201700029479,17,10,27,1740,1,2,1,1.0,7.0,49007,M,4747367.0,-58386.0,49
201700029480,17,11,2,750,1,2,3,1.0,7.0,49246,M,4743670.0,-53110.0,49
201700029481,17,11,2,1756,2,2,1,1.0,2.0,49007,M,4747142.0,-55972.0,49
201700029482,17,11,4,1640,1,1,1,2.0,3.0,49007,M,4746647.0,-51625.0,49
201700029483,17,11,6,1335,1,2,1,1.0,6.0,49007,M,4747170.0,-53712.0,49
201700029484,17,11,4,1030,1,1,1,3.0,6.0,49267,M,4746647.0,-51592.0,49
201700029485,17,11,8,740,2,2,2,1.0,3.0,49015,M,4751032.0,-59448.0,49
201700029486,17,11,10,1945,2,2,1,1.0,6.0,49007,M,4745504.0,-54248.0,49
201700029487,17,11,10,950,1,2,1,1.0,6.0,49007,M,4745479.0,-55264.0,49
201700029488,17,11,10,1720,2,2,1,2.0,6.0,49007,M,4744869.0,-54397.0,49
201700029489,17,11,10,1830,3,1,1,1.0,4.0,49267,M,4742025.0,-50481.0,49
201700029490,17,8,19,1745,1,2,7,1.0,6.0,49007,M,4747206.0,-55500.0,49
201700029491,17,11,13,1137,1,1,1,1.0,3.0,49267,M,4744965.0,-51520.0,49
201700029492,17,11,14,742,3,2,1,8.0,6.0,49246,M,4741664.0,-50949.0,49
201700029493,17,11,14,1155,1,2,1,1.0,3.0,49007,M,4749237.0,-56534.0,49
201700029494,17,11,15,745,5,2,2,1.0,3.0,49007,M,4744394.0,-57077.0,49
201700029495,17,11,16,1827,4,2,1,1.0,6.0,49007,M,4746360.0,-52985.0,49
201700029496,17,11,16,2308,5,2,1,1.0,6.0,49007,M,4747087.0,-57186.0,49
201700029497,17,11,16,1817,3,2,1,1.0,4.0,49007,M,4746863.0,-58680.0,49
201700029498,17,11,17,830,5,2,1,1.0,7.0,49007,M,4746382.0,-55032.0,49
201700029499,17,11,17,720,5,2,1,1.0,7.0,49007,M,4749195.0,-57216.0,49
201700029500,17,11,19,2209,5,2,1,1.0,7.0,49007,M,4745462.0,-55348.0,49
201700029501,17,11,20,1035,1,2,1,1.0,7.0,49267,M,4747168.0,-50938.0,49
201700029502,17,11,18,2035,5,2,1,1.0,3.0,49007,M,4749108.0,-55900.0,49
201700029503,17,11,17,645,5,2,1,1.0,3.0,49246,M,4741971.0,-52349.0,49
201700029504,17,11,20,1820,3,1,1,1.0,5.0,49246,M,4741999.0,-50495.0,49
201700029505,17,11,22,1458,1,2,1,1.0,3.0,49007,M,4745020.0,-55752.0,49
201700029506,17,11,22,1819,2,2,1,1.0,3.0,49007,M,4745564.0,-52998.0,49
201700029507,17,11,24,838,1,2,1,1.0,6.0,49007,M,4747506.0,-52504.0,49
201700029508,17,11,25,2000,5,2,3,1.0,3.0,49267,M,4747293.0,-51370.0,49
201700029509,17,11,25,345,5,2,6,1.0,7.0,49267,M,4746783.0,-50385.0,49
201700029510,17,11,26,245,5,2,1,1.0,6.0,49007,M,4744873.0,-53856.0,49
201700029511,17,11,27,1453,1,2,2,1.0,3.0,49007,M,4745759.0,-53304.0,49
201700029512,17,11,28,743,5,2,2,1.0,6.0,49007,M,4747223.0,-60012.0,49
201700029513,17,11,28,928,1,2,1,1.0,4.0,49007,M,4745578.0,-54080.0,49
201700029514,17,11,28,1830,5,2,2,1.0,3.0,49007,M,4746000.0,-55028.0,49
201700029515,17,11,28,1845,4,2,3,1.0,2.0,49007,M,4747210.0,-54598.0,49
201700029516,17,11,29,918,1,2,6,1.0,6.0,49007,M,4749227.0,-55072.0,49
201700029517,17,12,2,853,1,2,2,1.0,7.0,49007,M,4748681.0,-53952.0,49
201700029518,17,12,3,1525,1,2,6,8.0,7.0,49007,M,4746461.0,-55058.0,49
201700029519,17,12,2,2226,4,2,1,8.0,6.0,49267,M,4746628.0,-52505.0,49
201700029520,17,12,2,2114,5,2,1,1.0,2.0,49007,M,4745973.0,-57284.0,49
201700029521,17,12,5,627,5,2,1,1.0,6.0,49007,M,4747241.0,-55774.0,49
201700029522,17,12,9,1913,4,1,1,2.0,6.0,49007,M,4746844.0,-58668.0,49
201700029523,17,12,7,1800,1,2,1,1.0,2.0,49007,M,4746855.0,-53109.0,49
201700029524,17,12,4,1041,1,2,1,1.0,3.0,49007,M,4745374.0,-52675.0,49
201700029525,17,12,5,1343,1,2,1,1.0,2.0,49007,M,4747682.0,-55370.0,49