Num_Acc,an,mois,jour,hrmn,lum,agg,int,atm,col,com,gps,lat,long,dep
201700029526,17,12,2,15,5,2,6,1.0,7.0,49007,M,4745253.0,-52410.0,49
201700029527,17,12,4,1002,1,2,3,1.0,3.0,49007,M,4748519.0,-51603.0,49
201700029528,17,12,4,1410,1,2,6,1.0,2.0,49007,M,4746742.0,-52989.0,49
201700029529,17,12,13,830,2,2,2,2.0,3.0,49007,M,4747689.0,-52826.0,49
201700029530,17,12,13,818,5,2,6,8.0,7.0,49007,M,4747045.0,-56915.0,49
201700029531,17,12,14,2001,5,2,2,1.0,3.0,49007,M,4747285.0,-55779.0,49
201700029532,17,12,13,1045,1,2,2,1.0,7.0,49007,M,4746893.0,-53202.0,49
201700029533,17,12,14,1148,1,2,1,2.0,3.0,49267,M,4743778.0,-50998.0,49
201700029534,17,12,17,38,3,1,1,1.0,6.0,49007,M,4748093.0,-55061.0,49
201700029535,17,12,16,1220,1,2,1,1.0,6.0,49007,M,4747387.0,-55483.0,49
201700029536,17,12,16,1102,1,1,1,1.0,6.0,49267,M,4747436.0,-47081.0,49
201700029537,17,12,17,1405,1,2,1,1.0,6.0,49007,M,4747670.0,-53239.0,49
201700029538,17,12,17,1858,5,2,2,1.0,3.0,49007,M,4749093.0,-56263.0,49
201700029539,17,12,19,942,1,2,2,1.0,6.0,49007,M,4747444.0,-56014.0,49
201700029540,17,12,15,1236,1,2,1,1.0,6.0,49007,M,4744515.0,-55718.0,49
201700029541,17,12,19,1034,1,2,1,1.0,3.0,49015,M,4749440.0,-57915.0,49
201700029542,17,12,19,1202,1,1,2,1.0,3.0,49015,M,4750689.0,-58970.0,49
201700029543,17,12,19,2050,4,2,6,1.0,2.0,49007,M,4746434.0,-53138.0,49
201700029544,17,12,20,1415,1,2,1,1.0,6.0,49267,M,4748086.0,-51029.0,49
201700029545,17,12,20,1830,4,1,1,1.0,2.0,49267,M,4744396.0,-51333.0,49
201700029546,17,12,21,859,1,2,1,1.0,6.0,49007,M,4747702.0,-54806.0,49
201700029547,17,12,23,2145,5,2,3,1.0,3.0,49353,M,4744563.0,-46325.0,49
201700029548,17,12,20,2125,5,2,6,1.0,3.0,49007,M,4746749.0,-52957.0,49
201700029549,17,12,23,1120,1,2,1,1.0,3.0,49267,M,4747280.0,-49448.0,49
201700029550,17,12,22,2038,5,2,1,1.0,3.0,49007,M,4748055.0,-53805.0,49
201700029551,17,12,23,1858,5,2,1,1.0,6.0,49246,M,4743949.0,-55276.0,49
201700029552,17,12,23,950,1,2,1,2.0,6.0,49246,M,4743668.0,-51527.0,49
201700029553,17,12,26,1511,1,2,2,1.0,6.0,49007,M,4747122.0,-54713.0,49
201700029554,17,12,27,1620,1,2,1,2.0,6.0,49007,M,4747173.0,-55387.0,49
201700029555,17,12,28,630,5,2,2,1.0,3.0,49007,M,4747735.0,-55333.0,49
201700029556,17,1,27,1105,1,2,3,1.0,3.0,49099,M,4706172.0,-86942.0,49
201700029557,17,2,4,1345,1,1,1,1.0,1.0,49099,M,4709215.0,-83192.0,49
201700029558,17,2,8,1615,1,1,1,1.0,2.0,49099,M,4703542.0,-88479.0,49
201700029559,17,2,17,1100,1,1,1,1.0,3.0,49099,M,4709018.0,-84168.0,49
201700029560,17,2,17,1940,2,2,2,1.0,3.0,49099,M,4707318.0,-86213.0,49
201700029561,17,2,22,1350,1,2,1,1.0,2.0,49099,M,4705261.0,-89077.0,49
201700029562,17,3,11,355,5,2,1,1.0,6.0,49099,M,4706043.0,-87466.0,49
201700029563,17,3,11,1655,1,2,1,1.0,6.0,49099,M,4704238.0,-90111.0,49
201700029564,17,3,14,1830,1,2,3,1.0,2.0,49099,M,4706412.0,-86383.0,49
201700029565,17,3,26,1900,1,2,2,1.0,1.0,49099,M,4705469.0,-86597.0,49
201700029566,17,3,31,350,5,2,1,1.0,3.0,49099,M,4705353.0,-88169.0,49
201700029567,17,4,6,2150,3,1,1,1.0,7.0,49099,M,4704181.0,-85738.0,49
201700029568,17,4,28,1700,1,2,1,1.0,3.0,49099,M,4706345.0,-86641.0,49
201700029569,17,5,4,1830,1,2,1,1.0,2.0,49099,M,4706060.0,-86531.0,49
201700029570,17,5,9,1230,1,2,6,1.0,2.0,49099,M,4700157.0,-89194.0,49
201700029571,17,5,11,1400,1,2,1,1.0,4.0,49099,M,4704258.0,-90024.0,49
201700029572,17,5,27,1035,1,2,1,1.0,6.0,49099,M,4706262.0,-87714.0,49
201700029573,17,5,31,1015,1,2,1,1.0,6.0,49099,M,4705090.0,-88758.0,49
201700029574,17,6,2,905,1,2,2,1.0,6.0,49099,M,4705668.0,-87748.0,49
201700029575,17,6,8,1140,1,2,6,1.0,3.0,49099,M,4705911.0,-90377.0,49
201700029576,17,6,9,255,5,2,6,1.0,6.0,49099,M,4707719.0,-83589.0,49
201700029577,17,6,16,2125,1,2,1,1.0,6.0,49099,M,4705246.0,-87852.0,49
201700029578,17,6,29,1500,1,2,1,1.0,6.0,49099,M,4704761.0,-89349.0,49
201700029579,17,7,4,1420,1,2,6,1.0,3.0,49099,M,4705548.0,-85939.0,49
201700029580,17,7,7,855,1,2,6,1.0,3.0,49099,M,4705084.0,-85013.0,49
201700029581,17,7,8,1145,1,2,6,1.0,3.0,49099,M,4705084.0,-85013.0,49
201700029582,17,8,8,1500,1,1,6,1.0,2.0,49099,M,4701625.0,-92817.0,49
201700029583,17,8,12,1410,1,2,1,2.0,6.0,49099,M,4705754.0,-87298.0,49
201700029584,17,8,20,415,5,2,2,1.0,3.0,49099,M,4706890.0,-88213.0,49
201700029585,17,8,25,755,1,2,2,1.0,1.0,49099,M,4705396.0,-90085.0,49
201700029586,17,8,27,710,2,2,1,1.0,6.0,49099,M,4706515.0,-89421.0,49
201700029587,17,9,5,1620,1,2,1,8.0,6.0,49099,M,4707128.0,-84898.0,49
201700029588,17,10,9,1410,1,1,1,2.0,2.0,49099,M,4702602.0,-91636.0,49
201700029589,17,10,10,1545,1,2,1,1.0,6.0,49099,M,4706144.0,-88107.0,49
201700029590,17,10,17,1940,2,2,3,1.0,6.0,49099,M,4705010.0,-88495.0,49
201700029591,17,10,18,550,3,1,1,1.0,6.0,49099,M,4703521.0,-90618.0,49
201700029592,17,10,19,1930,2,2,3,1.0,3.0,49099,M,4705441.0,-86757.0,49
201700029593,17,11,10,1630,1,2,3,1.0,6.0,49099,M,4704822.0,-87434.0,49
201700029594,17,11,13,850,1,2,1,1.0,6.0,49099,M,4705478.0,-87485.0,49
201700029595,17,11,15,1740,2,2,6,1.0,2.0,49099,M,4703915.0,-90286.0,49
201700029596,17,12,14,1850,5,2,3,3.0,6.0,49099,M,4705179.0,-85300.0,49
201700029597,17,12,16,1100,1,2,1,1.0,6.0,49099,M,4704626.0,-87584.0,49
201700029598,17,11,30,1720,2,2,1,1.0,2.0,49328,M,4726487.0,-9520.0,49
201700029599,17,1,3,1645,1,2,2,1.0,3.0,49328,M,4725159.0,-7746.0,49
201700029600,17,12,1,1745,2,2,1,1.0,2.0,49328,M,4727092.0,-8498.0,49
201700029601,17,12,1,1915,5,2,2,1.0,3.0,49328,M,4725158.0,-7719.0,49
201700029602,17,1,26,1215,1,2,1,1.0,6.0,49328,M,4726004.0,-8057.0,49
201700029603,17,12,6,1340,1,2,1,1.0,4.0,49328,M,4723454.0,-7503.0,49
201700029604,17,2,2,2320,5,2,2,2.0,3.0,49328,M,4726869.0,-6812.0,49
201700029605,17,3,16,1540,1,2,6,1.0,3.0,49328,M,4724955.0,-6797.0,49
201700029606,17,4,3,900,1,2,6,1.0,3.0,49328,M,4725205.0,-8728.0,49
201700029607,17,4,14,1640,1,2,1,1.0,6.0,49328,M,4725797.0,-8011.0,49
201700029608,17,4,28,2015,1,1,6,1.0,2.0,49328,M,4728629.0,-4906.0,49
201700029609,17,5,5,910,1,2,1,1.0,1.0,49328,M,4725889.0,-8856.0,49
201700029610,17,5,5,1430,1,2,1,1.0,1.0,49328,M,4724614.0,-7008.0,49
201700029611,17,5,9,1410,1,2,1,1.0,1.0,49328,M,4728036.0,-6829.0,49
201700029612,17,5,4,1830,1,2,3,1.0,1.0,49328,M,4727227.0,-6412.0,49
201700029613,17,5,24,2030,1,2,6,1.0,6.0,49328,M,4725017.0,-7929.0,49
201700029614,17,6,15,1315,1,2,1,1.0,2.0,49328,M,4726424.0,-7329.0,49
201700029615,17,6,16,1855,1,1,1,1.0,7.0,49328,M,4726272.0,-9565.0,49
201700029616,17,6,18,1300,1,2,6,1.0,3.0,49328,M,4726515.0,-10085.0,49
201700029617,17,6,19,500,5,2,2,1.0,2.0,49328,M,4725310.0,-7921.0,49
201700029618,17,5,28,1800,1,2,1,1.0,1.0,49328,M,4725718.0,-9819.0,49
201700029619,17,7,1,1605,1,2,1,1.0,6.0,49328,M,4726000.0,-9819.0,49
201700029620,17,7,7,105,3,2,2,1.0,3.0,49328,M,4726038.0,-8164.0,49
201700029621,17,8,21,1555,1,2,6,1.0,6.0,49328,M,4726011.0,-8900.0,49
201700029622,17,8,23,1250,1,2,1,1.0,6.0,49328,M,4725643.0,-7881.0,49
201700029623,17,9,14,1600,1,2,3,1.0,3.0,49328,M,4727853.0,-5690.0,49
201700029624,17,9,16,1130,1,2,1,1.0,6.0,49328,M,4726580.0,-6718.0,49
201700029625,17,9,27,1725,1,2,2,1.0,3.0,49328,M,4725634.0,-7674.0,49
201700029626,17,10,2,840,1,2,1,1.0,1.0,49328,M,4724953.0,-9837.0,49
201700029627,17,10,3,1515,1,2,1,1.0,6.0,49328,M,4726356.0,-7403.0,49
201700029628,17,10,7,2015,3,1,1,1.0,7.0,49328,M,4727906.0,-8814.0,49
201700029629,17,11,14,1500,1,2,2,1.0,6.0,49328,M,4727343.0,-6939.0,49
201700029630,17,11,16,1755,3,2,1,1.0,2.0,49328,M,4726653.0,-9194.0,49
201700029631,17,11,16,1838,5,2,1,1.0,6.0,49328,M,4726646.0,-7312.0,49
201700029632,17,11,27,900,2,2,1,1.0,4.0,49328,M,4726827.0,-8930.0,49
201700029633,17,1,4,1820,5,2,2,1.0,6.0,50129,M,4962693.0,-163676.0,50
201700029634,17,1,10,935,1,1,1,1.0,7.0,50416,M,4964982.0,-171583.0,50
201700029635,17,1,11,1120,1,2,1,8.0,3.0,50416,M,4965873.0,-169710.0,50
201700029636,17,1,10,1840,5,2,1,1.0,7.0,50203,M,4962342.0,-161369.0,50
201700029637,17,1,12,2000,5,2,3,6.0,7.0,50129,M,4963844.0,161144.0,50
201700029638,17,1,19,1335,1,2,2,1.0,3.0,50129,M,4963938.0,-163324.0,50
201700029639,17,1,21,2225,5,2,2,1.0,5.0,50129,M,4964440.0,-162715.0,50
201700029640,17,1,19,1730,2,2,3,1.0,6.0,50129,M,4964174.0,161374.0,50
201700029641,17,1,23,1510,1,2,2,1.0,3.0,50129,M,4964213.0,-163707.0,50
201700029642,17,1,26,1720,1,2,2,1.0,3.0,50129,M,4964178.0,162588.0,50
201700029643,17,1,26,1520,1,2,2,1.0,4.0,50129,M,4963499.0,-160140.0,50
201700029644,17,1,28,1850,5,2,1,1.0,6.0,50129,M,4963875.0,-162194.0,50
201700029645,17,2,3,1545,1,2,1,2.0,6.0,50129,M,4962778.0,-162684.0,50
201700029646,17,2,7,1345,1,2,3,1.0,7.0,50129,M,4963478.0,-162229.0,50
201700029647,17,2,10,2010,3,2,1,4.0,1.0,50602,M,4962976.0,-158035.0,50
201700029648,17,2,12,1445,1,2,1,1.0,1.0,50173,M,4965261.0,-166395.0,50
201700029649,17,2,14,2250,5,2,2,1.0,4.0,50129,M,4963392.0,162174.0,50
201700029650,17,2,16,1205,1,2,1,1.0,7.0,50129,M,4963575.0,-163679.0,50
201700029651,17,2,17,2150,5,2,1,1.0,3.0,50129,M,4963813.0,162153.0,50
201700029652,17,2,15,1945,5,2,4,1.0,7.0,50203,M,4962556.0,-161707.0,50
201700029653,17,2,17,2140,5,2,1,5.0,1.0,50173,M,4965703.0,-166197.0,50
201700029654,17,2,19,1515,1,2,2,1.0,3.0,50602,M,4963515.0,-158641.0,50
201700029655,17,2,20,1400,1,2,2,1.0,1.0,50129,M,4964494.0,-163568.0,50
201700029656,17,3,3,1415,1,2,3,1.0,3.0,50129,M,4962811.0,165329.0,50
201700029657,17,3,8,845,1,1,1,3.0,7.0,50203,M,4959896.0,159606.0,50
201700029658,17,3,13,1630,1,2,3,1.0,2.0,50129,M,4963960.0,161864.0,50
201700029659,17,3,15,1350,1,2,2,1.0,3.0,50129,M,4964177.0,-162586.0,50
201700029660,17,3,16,945,1,2,2,1.0,7.0,50173,M,,,50
201700029661,17,3,21,1025,1,2,2,1.0,7.0,50173,M,4964867.0,-165237.0,50
201700029662,17,3,21,1800,1,2,2,1.0,6.0,50129,M,4963820.0,-162545.0,50
201700029663,17,3,20,1000,1,2,1,1.0,6.0,50129,M,4964229.0,163805.0,50
201700029664,17,3,27,1700,1,2,1,1.0,2.0,50602,M,4963992.0,157131.0,50
201700029665,17,3,27,1720,1,2,3,1.0,3.0,50129,M,4962954.0,-165576.0,50
201700029666,17,4,4,1520,1,1,1,1.0,1.0,50203,M,4961318.0,-155217.0,50
201700029667,17,4,5,1305,1,2,3,1.0,7.0,50129,M,4963995.0,-162604.0,50
201700029668,17,4,6,1745,1,2,2,1.0,3.0,50173,M,4965332.0,-166338.0,50
201700029669,17,4,8,1250,1,2,1,1.0,7.0,50416,M,4965973.0,-169235.0,50
201700029670,17,4,7,1120,1,2,3,1.0,7.0,50129,M,4964016.0,161393.0,50
201700029671,17,4,9,1350,1,2,6,1.0,7.0,50129,M,4963455.0,161428.0,50
201700029672,17,4,8,840,1,2,1,1.0,6.0,50173,M,4965208.0,-165299.0,50
201700029673,17,4,11,2340,5,1,1,1.0,7.0,50602,M,4965642.0,-156865.0,50
201700029674,17,4,12,1230,1,2,1,1.0,7.0,50416,M,4966446.0,-169372.0,50
201700029675,17,4,13,1230,1,2,3,1.0,3.0,50129,M,,,50
201700029676,17,4,14,1450,1,2,1,1.0,1.0,50173,M,4964011.0,166232.0,50
201700029677,17,4,21,1110,1,2,1,1.0,3.0,50416,M,4966607.0,-168597.0,50
201700029678,17,4,25,1145,1,2,1,1.0,7.0,50602,M,4963173.0,-158239.0,50
201700029679,17,4,25,1640,1,2,3,1.0,7.0,50129,M,4962674.0,-162502.0,50
201700029680,17,4,26,1820,1,2,3,1.0,2.0,50129,M,4963524.0,-162439.0,50
201700029681,17,4,27,1820,1,1,1,1.0,4.0,50203,M,4960325.0,-159447.0,50
201700029682,17,4,27,1740,1,2,2,1.0,7.0,50129,M,4963460.0,162617.0,50
201700029683,17,5,6,1240,1,2,6,2.0,7.0,50129,M,4964230.0,161531.0,50
201700029684,17,5,4,1730,1,2,1,1.0,5.0,50203,M,4960136.0,-159657.0,50
201700029685,17,5,9,1620,1,2,2,1.0,7.0,50129,M,4964220.0,-163696.0,50
201700029686,17,5,9,1720,1,2,1,1.0,5.0,50129,M,4963510.0,-162786.0,50
201700029687,17,5,13,1825,1,2,3,1.0,7.0,50129,M,4964078.0,-164673.0,50
201700029688,17,5,15,1305,1,1,1,1.0,1.0,50129,M,4963779.0,-162532.0,50
201700029689,17,5,3,1215,1,2,1,1.0,6.0,50129,M,4963328.0,-161281.0,50
201700029690,17,5,19,755,1,2,2,1.0,3.0,50129,M,4964082.0,-161592.0,50
201700029691,17,5,26,2025,1,2,1,1.0,7.0,50173,M,4966119.0,166778.0,50
201700029692,17,5,24,1900,1,2,1,1.0,4.0,50203,M,4961037.0,-160047.0,50
201700029693,17,6,3,2335,4,2,3,1.0,7.0,50203,M,4962316.0,-160256.0,50
201700029694,17,6,6,1430,1,2,1,1.0,7.0,50129,M,4961634.0,-165422.0,50
201700029695,17,6,8,815,1,2,1,1.0,3.0,50129,M,4964004.0,161844.0,50
201700029696,17,6,9,2120,2,2,1,1.0,7.0,50602,M,4964413.0,-158209.0,50
201700029697,17,6,9,1445,1,2,2,1.0,2.0,50129,M,4963648.0,-162574.0,50
201700029698,17,6,24,2255,5,2,1,2.0,6.0,50416,M,4966381.0,-169227.0,50
201700029699,17,6,27,1800,1,2,6,2.0,7.0,50129,M,4963442.0,161434.0,50
201700029700,17,6,29,1735,1,2,1,1.0,4.0,50173,M,4965128.0,-164660.0,50
201700029701,17,7,3,935,1,2,1,1.0,2.0,50129,M,4963576.0,-162433.0,50
201700029702,17,7,1,15,3,2,6,1.0,7.0,50602,M,4965345.0,-157905.0,50
201700029703,17,7,5,1615,1,2,1,1.0,6.0,50129,M,4963358.0,-162100.0,50
201700029704,17,7,5,1715,1,2,3,1.0,2.0,50602,M,4963526.0,-159094.0,50
201700029705,17,7,6,1215,1,2,1,1.0,1.0,50129,M,4962838.0,-162562.0,50
201700029706,17,7,11,1630,1,2,1,1.0,4.0,50173,M,4964904.0,-164431.0,50
201700029707,17,7,12,1435,1,2,2,8.0,7.0,50129,M,4963442.0,-160224.0,50
201700029708,17,7,16,1320,1,2,3,1.0,7.0,50173,M,4965501.0,-165607.0,50
201700029709,17,7,11,1500,1,2,3,1.0,7.0,50173,M,4964776.0,-164855.0,50
201700029710,17,7,18,1600,1,2,2,1.0,3.0,50602,M,4964405.0,-158113.0,50
201700029711,17,7,27,1220,1,2,1,1.0,2.0,50416,M,4966757.0,170179.0,50
201700029712,17,7,28,1905,1,2,3,1.0,1.0,50129,M,4962615.0,162856.0,50
201700029713,17,8,1,1745,1,2,3,1.0,7.0,50129,M,4963969.0,162545.0,50
201700029714,17,8,3,1400,1,2,1,1.0,7.0,50602,M,4965268.0,155236.0,50
201700029715,17,8,5,2310,5,2,1,1.0,7.0,50203,M,4961100.0,160620.0,50
201700029716,17,8,7,2210,5,2,2,1.0,3.0,50129,M,4963391.0,162232.0,50
201700029717,17,8,8,1815,1,2,1,1.0,3.0,50129,M,4963157.0,160414.0,50
201700029718,17,8,11,1810,1,2,3,1.0,1.0,50203,M,4962469.0,161713.0,50
201700029719,17,8,12,1400,1,2,1,1.0,7.0,50173,M,4966175.0,167929.0,50
201700029720,17,8,13,2020,1,2,3,1.0,7.0,50129,M,4962823.0,-163513.0,50
201700029721,17,8,16,1905,1,2,2,1.0,6.0,50602,M,4963637.0,-159499.0,50
201700029722,17,8,18,1325,1,2,1,1.0,3.0,50129,M,4962977.0,-165068.0,50
201700029723,17,8,19,2000,1,2,1,1.0,3.0,50602,M,4964039.0,-159763.0,50
201700029724,17,8,21,2040,2,2,2,1.0,1.0,50129,M,4962915.0,-164096.0,50
201700029725,17,8,22,1540,1,2,1,1.0,2.0,50129,M,4962625.0,-162793.0,50
201700029726,17,8,26,1455,1,2,3,1.0,3.0,50129,M,4963846.0,-161167.0,50
201700029727,17,8,28,1910,1,1,3,1.0,2.0,50602,M,4962023.0,-158219.0,50
201700029728,17,9,4,545,2,1,1,8.0,3.0,50173,M,4964464.0,-169697.0,50
201700029729,17,9,6,1250,1,2,1,1.0,4.0,50203,M,4960648.0,-159932.0,50
201700029730,17,9,9,1620,1,2,6,3.0,7.0,50602,M,4963597.0,-157676.0,50
201700029731,17,9,8,1150,1,2,1,1.0,6.0,50129,M,4964211.0,-162557.0,50
201700029732,17,9,15,1610,1,2,3,1.0,2.0,50173,M,4965428.0,-167184.0,50
201700029733,17,9,20,1315,1,2,1,1.0,7.0,50129,M,4964596.0,-163970.0,50
201700029734,17,9,24,2110,5,2,3,2.0,3.0,50129,M,4962671.0,-163440.0,50
201700029735,17,9,25,1535,1,2,1,1.0,7.0,50129,M,4963663.0,-162423.0,50
201700029736,17,9,28,750,1,2,3,1.0,7.0,50129,M,4963969.0,-161862.0,50
201700029737,17,9,27,1520,1,2,2,1.0,7.0,50129,M,4964051.0,-164073.0,50
201700029738,17,10,4,1815,1,2,1,1.0,3.0,50416,M,4966093.0,-169452.0,50
201700029739,17,10,3,1300,1,2,1,1.0,3.0,50602,M,4963775.0,-159142.0,50
201700029740,17,10,5,555,3,2,1,1.0,2.0,50129,M,4962889.0,-162858.0,50
201700029741,17,10,7,1755,1,2,6,2.0,2.0,50129,M,4963419.0,-161448.0,50
201700029742,17,10,8,1915,2,2,1,1.0,7.0,50602,M,4964726.0,-158854.0,50
201700029743,17,10,9,2000,5,2,2,1.0,3.0,50129,M,4964043.0,-164072.0,50
201700029744,17,10,10,1905,5,2,1,1.0,6.0,50173,M,4964774.0,-168459.0,50
201700029745,17,10,10,1030,1,2,1,1.0,3.0,50602,M,4964345.0,-158084.0,50
201700029746,17,10,12,1710,1,2,1,1.0,6.0,50602,M,4964006.0,-157223.0,50
201700029747,17,10,14,140,5,2,1,1.0,7.0,50602,M,4964315.0,-160428.0,50
201700029748,17,10,19,1310,1,2,2,1.0,7.0,50129,M,4962683.0,163682.0,50
201700029749,17,10,22,1935,5,2,2,2.0,7.0,50173,M,4964309.0,164661.0,50
201700029750,17,10,21,1955,5,2,2,1.0,3.0,50416,M,4966184.0,-168583.0,50
201700029751,17,10,22,2200,5,2,1,2.0,3.0,50129,M,4964194.0,-161184.0,50
201700029752,17,10,27,450,5,2,1,1.0,7.0,50129,M,4963356.0,-161792.0,50
201700029753,17,10,30,1035,1,2,2,1.0,6.0,50129,M,4963552.0,-163039.0,50
201700029754,17,10,30,1120,1,2,2,1.0,3.0,50602,M,4964590.0,158306.0,50
201700029755,17,10,31,1220,1,2,1,1.0,1.0,50602,M,4964074.0,158034.0,50
201700029756,17,11,7,1635,1,2,2,2.0,7.0,50129,M,4964208.0,-163706.0,50
201700029757,17,11,9,1630,1,1,1,1.0,3.0,50203,M,4961436.0,-158308.0,50
201700029758,17,11,11,1315,1,2,6,1.0,7.0,50173,M,4965767.0,-166709.0,50
201700029759,17,11,13,745,5,2,1,1.0,7.0,50129,M,4963736.0,-163127.0,50
201700029760,17,11,23,920,1,1,3,1.0,3.0,50602,M,4964957.0,-156608.0,50
201700029761,17,11,24,740,5,2,2,2.0,1.0,50173,M,4965335.0,-166331.0,50
201700029762,17,11,26,1430,1,2,4,1.0,3.0,50129,M,4964469.0,162434.0,50
201700029763,17,11,27,1035,1,1,1,3.0,3.0,50203,M,4960530.0,159392.0,50
201700029764,17,11,28,2000,5,2,2,2.0,1.0,50129,M,4962719.0,163776.0,50
201700029765,17,11,28,1400,1,2,1,1.0,2.0,50416,M,4966203.0,-168293.0,50
201700029766,17,11,29,1650,1,2,3,1.0,3.0,50129,M,4962756.0,-162530.0,50
201700029767,17,12,2,2215,5,2,1,1.0,3.0,50129,M,4963622.0,-161693.0,50
201700029768,17,11,28,1820,4,2,6,1.0,3.0,50203,M,4960546.0,159921.0,50
201700029769,17,12,7,1330,1,2,2,3.0,3.0,50129,M,4964213.0,-163706.0,50
201700029770,17,12,10,2010,5,2,3,1.0,3.0,50129,M,4963834.0,161068.0,50
201700029771,17,12,9,35,5,2,1,2.0,7.0,50203,M,4962348.0,-161321.0,50
201700029772,17,12,12,830,1,1,6,1.0,7.0,50129,M,4963456.0,-165198.0,50
201700029773,17,12,17,1550,1,1,1,2.0,7.0,50203,M,4960766.0,-158929.0,50
201700029774,17,12,17,1220,1,2,1,1.0,7.0,50602,M,4964118.0,157864.0,50
201700029775,17,12,15,1040,1,2,2,1.0,2.0,50203,M,4961234.0,-160100.0,50
201700029776,17,12,17,2245,5,2,6,2.0,5.0,50602,M,4964825.0,-159213.0,50
201700029777,17,12,20,755,5,2,1,1.0,7.0,50602,M,4962789.0,158670.0,50
201700029778,17,12,21,826,5,2,1,2.0,3.0,50129,M,4963391.0,-162299.0,50
201700029779,17,12,22,840,2,2,1,2.0,3.0,50602,M,4962285.0,-158528.0,50
201700029780,17,12,24,1755,5,2,1,2.0,6.0,50129,M,4964188.0,-161074.0,50
201700029781,17,3,19,1445,1,1,1,1.0,6.0,50147,M,4905000.0,-146000.0,50
201700029782,17,4,11,800,1,1,4,7.0,1.0,50537,M,4904632.0,-142551.0,50
201700029783,17,5,26,1137,1,1,1,1.0,4.0,50147,M,4906921.0,-142598.0,50
201700029784,17,6,17,920,1,2,1,1.0,6.0,50147,M,4904984.0,-144824.0,50
201700029785,17,8,14,1435,1,2,3,1.0,2.0,50147,M,4905600.0,-143500.0,50
201700029786,17,9,15,805,1,2,1,2.0,6.0,50147,M,4902480.0,126400.0,50
201700029787,17,9,21,750,1,2,1,1.0,6.0,50147,M,4958527.0,361125.0,50
201700029788,17,10,13,1310,1,2,1,1.0,7.0,50147,M,4904225.0,-144938.0,50
201700029789,17,11,19,15,3,2,6,2.0,6.0,50147,M,4907161.0,142870.0,50
201700029790,17,11,23,1220,1,2,1,1.0,6.0,50147,M,4905461.0,143884.0,50
201700029791,17,12,4,1730,5,2,1,1.0,6.0,50147,M,4905725.0,146736.0,50
201700029792,17,12,12,730,3,1,1,4.0,6.0,50147,M,4902844.0,-146231.0,50
201700029793,17,12,23,1615,2,1,1,2.0,2.0,50147,M,4906230.0,143982.0,50
201700029794,17,1,5,1725,2,2,6,1.0,3.0,50218,M,,,50
201700029795,17,1,6,1220,1,2,1,9.0,7.0,50532,M,,,50
201700029796,17,1,10,2355,5,2,1,2.0,7.0,50218,M,4883906.0,-159767.0,50
201700029797,17,1,18,745,2,2,1,1.0,6.0,50218,M,4883786.0,-158762.0,50
201700029798,17,1,18,1200,1,2,1,1.0,6.0,50218,M,4883565.0,-157982.0,50
201700029799,17,1,18,1610,1,2,1,7.0,6.0,50165,M,4885163.0,-157024.0,50
201700029800,17,2,21,1930,3,2,1,2.0,6.0,50218,M,,,50
201700029801,17,2,26,153,5,2,1,1.0,3.0,50218,M,4883771.0,159209.0,50
201700029802,17,2,25,405,5,2,2,1.0,6.0,50218,M,,,50
201700029803,17,3,6,1110,1,1,2,2.0,3.0,50532,M,,,50
201700029804,17,3,20,1850,1,2,1,2.0,3.0,50218,M,4883579.0,-160526.0,50
201700029805,17,4,1,1827,1,2,1,1.0,1.0,50647,M,,,50
201700029806,17,4,7,1507,1,2,1,1.0,1.0,50218,M,,,50
201700029807,17,4,13,1900,1,2,3,1.0,3.0,50647,M,4883931.0,-154808.0,50
201700029808,17,4,11,1355,1,2,2,1.0,3.0,50218,M,,,50
201700029809,17,4,22,1100,1,2,1,1.0,3.0,50218,M,4883774.0,-157671.0,50
201700029810,17,4,26,1410,1,2,1,1.0,6.0,50218,M,4883370.0,156973.0,50
201700029811,17,5,17,940,1,2,1,1.0,6.0,50532,M,4881361.0,-156708.0,50
201700029812,17,5,18,1400,1,1,2,2.0,3.0,50218,M,4882472.0,-155825.0,50
201700029813,17,5,27,1145,1,2,1,1.0,3.0,50218,M,4883160.0,158320.0,50
201700029814,17,6,6,2000,1,2,1,1.0,2.0,50165,M,4885183.0,156963.0,50
201700029815,17,6,18,230,3,1,2,1.0,6.0,50532,M,4879924.0,155601.0,50
201700029816,17,7,15,1345,1,2,1,1.0,2.0,50218,M,,,50
201700029817,17,7,19,1320,1,2,1,1.0,6.0,50165,M,4884566.0,-158303.0,50
201700029818,17,7,20,1045,1,2,1,2.0,6.0,50165,M,4885045.0,157270.0,50
201700029819,17,7,27,1735,1,2,1,1.0,6.0,50218,M,,,50
201700029820,17,8,9,1010,1,2,1,8.0,7.0,50218,M,,,50
201700029821,17,8,9,1125,1,1,1,8.0,6.0,50532,M,,,50
201700029822,17,8,12,1012,1,1,6,1.0,6.0,50647,M,4850157.0,-132220.0,50
201700029823,17,8,19,1755,1,2,2,1.0,3.0,50218,M,,,50
201700029824,17,9,1,2215,5,2,1,1.0,7.0,50532,M,4800000.0,-100000.0,50
201700029825,17,9,9,845,1,2,1,2.0,6.0,50647,M,,,50
201700029826,17,9,19,1845,1,1,1,1.0,2.0,50532,M,4881531.0,-154514.0,50
201700029827,17,10,28,1710,1,1,1,1.0,3.0,50647,M,4883756.0,-154053.0,50
201700029828,17,10,30,2200,5,2,1,1.0,3.0,50218,M,4883449.0,160963.0,50
201700029829,17,10,31,2225,5,2,1,1.0,6.0,50165,M,4884843.0,157732.0,50