Num_Acc,an,mois,jour,hrmn,lum,agg,int,atm,col,com,gps,lat,long,dep
201700029830,17,11,1,600,5,2,1,1.0,6.0,50165,M,4884743.0,-157907.0,50
201700029831,17,11,3,1150,1,2,3,1.0,3.0,50532,M,,,50
201700029832,17,11,7,1920,5,2,1,3.0,5.0,50165,M,4885119.0,-156688.0,50
201700029833,17,11,15,1556,1,2,9,1.0,2.0,50218,M,4883533.0,156242.0,50
201700029834,17,11,16,800,2,2,1,1.0,3.0,50218,M,4883684.0,-158264.0,50
201700029835,17,11,17,755,1,2,1,1.0,2.0,50218,M,,,50
201700029836,17,12,2,1900,5,2,6,8.0,7.0,50218,M,4883781.0,158888.0,50
201700029837,17,12,3,115,3,2,1,1.0,6.0,50218,M,4883919.0,-157468.0,50
201700029838,17,12,18,1640,1,2,1,1.0,6.0,50218,M,,,50
201700029839,17,12,27,1830,5,2,1,2.0,6.0,50218,M,4883804.0,-157621.0,50
201700029840,17,12,29,1600,1,1,2,2.0,5.0,50218,M,,,50
201700029841,17,1,3,1545,1,2,1,1.0,6.0,50502,M,4910714.0,-110806.0,50
201700029842,17,1,10,825,5,2,1,1.0,6.0,50002,M,4911807.0,-110707.0,50
201700029843,17,1,10,905,1,2,1,1.0,6.0,50502,M,4911631.0,-108888.0,50
201700029844,17,1,16,850,1,2,1,2.0,6.0,50002,M,4911784.0,-110349.0,50
201700029845,17,1,28,125,3,1,1,1.0,6.0,50502,M,4909368.0,-109234.0,50
201700029846,17,2,17,930,1,2,6,1.0,3.0,50502,M,4911647.0,-105461.0,50
201700029847,17,2,21,1320,1,2,2,2.0,3.0,50502,M,4910420.0,-108575.0,50
201700029848,17,2,22,735,2,2,1,2.0,2.0,50502,M,4912283.0,-109341.0,50
201700029849,17,3,31,1435,1,1,1,1.0,6.0,50502,M,4909842.0,-108283.0,50
201700029850,17,4,1,1955,1,2,1,1.0,1.0,50502,M,4911088.0,-108450.0,50
201700029851,17,4,12,1430,1,2,6,1.0,1.0,50502,M,4911363.0,-108558.0,50
201700029852,17,4,13,2015,2,2,1,1.0,1.0,50502,M,4910906.0,-110025.0,50
201700029853,17,4,26,1800,1,2,1,1.0,2.0,50502,M,4911099.0,-107108.0,50
201700029854,17,4,29,1830,1,2,1,1.0,3.0,50502,M,4911509.0,-108536.0,50
201700029855,17,5,9,1755,1,2,1,1.0,6.0,50502,M,4911620.0,-109011.0,50
201700029856,17,5,23,1750,1,2,1,1.0,6.0,50502,M,4911479.0,-108185.0,50
201700029857,17,6,3,1105,1,2,6,1.0,4.0,50502,M,4906529.0,-105000.0,50
201700029858,17,6,6,1340,1,1,3,8.0,3.0,50502,M,4909606.0,-109395.0,50
201700029859,17,6,8,1455,1,2,1,1.0,1.0,50502,M,4906388.0,-104172.0,50
201700029860,17,6,16,1425,1,1,4,1.0,3.0,50502,M,4911012.0,-105531.0,50
201700029861,17,6,30,1725,1,2,1,1.0,3.0,50502,M,4915476.0,-106585.0,50
201700029862,17,7,11,1430,1,2,1,1.0,2.0,50502,M,4910598.0,-106871.0,50
201700029863,17,7,21,1510,1,2,1,1.0,6.0,50502,M,4911577.0,109964.0,50
201700029864,17,7,23,750,1,1,1,2.0,6.0,50502,M,4909817.0,107821.0,50
201700029865,17,8,26,1750,1,2,6,1.0,2.0,50502,M,4910163.0,111588.0,50
201700029866,17,8,29,1652,1,1,1,1.0,7.0,50502,M,4909819.0,-108199.0,50
201700029867,17,9,29,2130,3,1,1,1.0,6.0,50502,M,4909843.0,111152.0,50
201700029868,17,10,16,1655,1,2,1,1.0,6.0,50002,M,4911841.0,110785.0,50
201700029869,17,12,11,800,5,2,1,3.0,6.0,50502,M,4960000.0,-145000.0,50
201700029870,17,12,14,740,2,2,2,2.0,3.0,50502,M,4964800.0,-152500.0,50
201700029871,17,1,16,1135,1,2,2,1.0,3.0,51108,M,4896136.0,436108.0,51
201700029872,17,1,27,1510,1,2,2,1.0,3.0,51108,M,4894342.0,438594.0,51
201700029873,17,2,15,1815,5,2,1,1.0,6.0,51108,M,4895181.0,436156.0,51
201700029874,17,3,2,545,5,2,1,1.0,6.0,51108,M,4893676.0,437850.0,51
201700029875,17,3,10,1305,1,2,1,1.0,6.0,51242,M,4895806.0,432332.0,51
201700029876,17,7,13,1300,1,1,1,1.0,7.0,51453,M,4899425.0,430939.0,51
201700029877,17,8,6,1955,1,2,6,7.0,6.0,51108,M,4894666.0,437379.0,51
201700029878,17,8,12,640,2,1,1,2.0,2.0,51525,M,4891803.0,442156.0,51
201700029879,17,8,27,1710,1,2,1,1.0,2.0,51168,M,4892483.0,435204.0,51
201700029880,17,10,20,1855,2,2,7,8.0,6.0,51108,M,4895514.0,437556.0,51
201700029881,17,11,17,1100,1,2,6,1.0,6.0,51108,M,4894656.0,437443.0,51
201700029882,17,11,26,1445,1,2,2,1.0,2.0,51160,M,4893796.0,435054.0,51
201700029883,17,12,6,1707,2,2,1,8.0,6.0,51108,M,4895141.0,434781.0,51
201700029884,17,12,14,2340,5,2,1,1.0,6.0,51108,M,4895883.0,436175.0,51
201700029885,17,12,16,1800,5,2,5,1.0,3.0,51242,M,4895222.0,433361.0,51
201700029886,17,3,12,1715,1,2,1,1.0,1.0,51230,M,4905451.0,395060.0,51
201700029887,17,4,9,735,1,2,1,1.0,6.0,51344,M,4905121.0,392713.0,51
201700029888,17,5,11,929,1,2,1,1.0,2.0,51230,M,,,51
201700029889,17,6,22,1715,1,2,2,1.0,3.0,51230,M,4903720.0,396188.0,51
201700029890,17,7,7,1440,1,1,2,1.0,3.0,51431,M,4901458.0,394220.0,51
201700029891,17,7,10,1429,1,2,1,1.0,3.0,51230,M,4903814.0,395231.0,51
201700029892,17,7,21,2030,1,1,1,1.0,3.0,51390,M,4900979.0,392250.0,51
201700029893,17,8,23,1743,1,2,1,1.0,2.0,51230,M,4904365.0,395117.0,51
201700029894,17,9,6,1540,1,2,1,8.0,1.0,51230,M,4905789.0,395495.0,51
201700029895,17,9,9,1220,1,2,2,1.0,3.0,51230,M,4903886.0,396261.0,51
201700029896,17,11,24,1750,5,2,3,8.0,5.0,51230,M,4903045.0,396322.0,51
201700029897,17,11,30,803,2,2,1,2.0,6.0,51230,M,4903804.0,394919.0,51
201700029898,17,11,30,1744,2,2,1,4.0,6.0,51230,M,4903372.0,394808.0,51
201700029899,17,1,1,1000,1,2,2,8.0,3.0,51454,M,4924410.0,402754.0,51
201700029900,17,1,3,117,5,2,2,9.0,6.0,51454,M,4924557.0,403999.0,51
201700029901,17,1,3,1715,2,2,2,8.0,3.0,51454,M,4924306.0,404394.0,51
201700029902,17,1,6,1610,1,2,1,1.0,6.0,51474,M,4928063.0,400480.0,51
201700029903,17,1,9,1740,2,2,1,1.0,2.0,51454,M,4925656.0,402245.0,51
201700029904,17,1,10,745,3,2,1,2.0,4.0,51454,M,4922205.0,403348.0,51
201700029905,17,1,10,1130,1,1,2,1.0,6.0,51454,M,4924659.0,403183.0,51
201700029906,17,1,11,1420,1,2,6,2.0,3.0,51058,M,4921781.0,399803.0,51
201700029907,17,1,12,1630,2,2,4,2.0,1.0,51454,M,4923941.0,403838.0,51
201700029908,17,1,13,2045,5,2,1,1.0,4.0,51454,M,4925856.0,402513.0,51
201700029909,17,1,16,1545,1,1,1,8.0,6.0,51172,M,4922872.0,406771.0,51
201700029910,17,1,16,1643,1,2,1,8.0,3.0,51454,M,4924595.0,404293.0,51
201700029911,17,1,17,815,2,2,1,1.0,6.0,51454,M,4926454.0,406043.0,51
201700029912,17,1,18,1135,1,2,1,1.0,6.0,51454,M,4924869.0,403723.0,51
201700029913,17,1,19,1445,1,2,2,1.0,3.0,51454,M,4925211.0,402513.0,51
201700029914,17,1,24,1300,1,2,2,1.0,3.0,51454,M,4924084.0,401349.0,51
201700029915,17,1,24,1700,2,2,1,8.0,3.0,51454,M,4923125.0,406205.0,51
201700029916,17,1,25,1440,1,2,6,1.0,3.0,51454,M,4928552.0,402757.0,51
201700029917,17,1,27,1905,5,2,3,1.0,3.0,51454,M,4925957.0,405637.0,51
201700029918,17,1,31,2125,5,2,2,2.0,3.0,51454,M,4926439.0,401876.0,51
201700029919,17,2,1,1855,5,2,2,2.0,3.0,51454,M,4926601.0,405290.0,51
201700029920,17,2,2,1717,1,1,1,1.0,6.0,51058,M,4922430.0,400835.0,51
201700029921,17,2,2,2100,5,2,1,1.0,6.0,51454,M,4924321.0,400028.0,51
201700029922,17,2,3,1320,1,2,2,1.0,3.0,51454,M,4924605.0,404684.0,51
201700029923,17,2,4,1943,5,2,1,8.0,3.0,51172,M,4921634.0,405276.0,51
201700029924,17,2,6,1930,5,2,6,2.0,6.0,51172,M,4921515.0,405096.0,51
201700029925,17,2,8,1600,1,2,6,1.0,3.0,51454,M,4924089.0,404440.0,51
201700029926,17,2,10,1215,1,2,1,1.0,6.0,51454,M,4926170.0,402982.0,51
201700029927,17,2,10,1527,1,2,1,4.0,6.0,51454,M,4924115.0,401426.0,51
201700029928,17,2,11,1215,1,2,3,1.0,4.0,51454,M,4924577.0,404471.0,51
201700029929,17,2,15,830,1,2,3,1.0,3.0,51454,M,4923219.0,402359.0,51
201700029930,17,2,15,1705,1,2,6,1.0,2.0,51454,M,4921986.0,402219.0,51
201700029931,17,2,16,750,1,2,1,1.0,4.0,51454,M,4928220.0,401218.0,51
201700029932,17,2,20,930,1,2,3,2.0,5.0,51454,M,4927343.0,402665.0,51
201700029933,17,2,22,1750,1,2,1,1.0,3.0,51454,M,4925203.0,404309.0,51
201700029934,17,2,24,1255,1,2,2,3.0,6.0,51454,M,4923760.0,402656.0,51
201700029935,17,2,25,1215,1,2,2,1.0,2.0,51454,M,4924660.0,403195.0,51
201700029936,17,2,25,1420,1,2,6,1.0,2.0,51454,M,4922870.0,403707.0,51
201700029937,17,2,28,1245,1,2,2,3.0,6.0,51454,M,4923618.0,402641.0,51
201700029938,17,3,2,2035,5,2,2,1.0,2.0,51454,M,4924636.0,401839.0,51
201700029939,17,3,3,1925,5,2,1,1.0,4.0,51454,M,4926425.0,405774.0,51
201700029940,17,3,3,1205,1,2,1,1.0,3.0,51058,M,4921420.0,400129.0,51
201700029941,17,3,8,935,1,2,1,2.0,3.0,51454,M,4922485.0,403226.0,51
201700029942,17,3,9,1800,1,2,1,1.0,3.0,51454,M,4926061.0,404847.0,51
201700029943,17,3,9,2010,3,1,1,1.0,2.0,51172,M,4924149.0,407924.0,51
201700029944,17,3,13,1417,1,2,2,1.0,5.0,51454,M,4926433.0,403984.0,51
201700029945,17,3,13,1430,1,2,3,1.0,3.0,51454,M,4928410.0,403256.0,51
201700029946,17,3,15,1155,1,2,1,1.0,6.0,51454,M,4922877.0,400924.0,51
201700029947,17,3,19,100,5,2,1,2.0,6.0,51454,M,4924372.0,402705.0,51
201700029948,17,3,20,1830,1,2,2,1.0,5.0,51454,M,4925132.0,402967.0,51
201700029949,17,3,27,1230,1,2,1,1.0,6.0,51454,M,4924600.0,401814.0,51
201700029950,17,3,27,1940,1,2,1,1.0,3.0,51454,M,4926321.0,402811.0,51
201700029951,17,3,28,900,1,2,3,1.0,6.0,51454,M,4924800.0,403142.0,51
201700029952,17,3,28,1429,1,2,6,1.0,3.0,51454,M,4923194.0,401905.0,51
201700029953,17,3,30,530,5,2,3,1.0,3.0,51454,M,4926006.0,404661.0,51
201700029954,17,3,29,1950,1,2,6,1.0,2.0,51454,M,4921249.0,401511.0,51
201700029955,17,3,30,2030,1,1,3,1.0,3.0,51454,M,4925226.0,403200.0,51
201700029956,17,3,31,1750,1,2,1,1.0,2.0,51454,M,4925984.0,404596.0,51
201700029957,17,4,3,1020,1,2,3,1.0,3.0,51172,M,4922604.0,404258.0,51
201700029958,17,4,3,1100,1,2,3,1.0,2.0,51454,M,4921951.0,411885.0,51
201700029959,17,4,3,1300,1,2,3,1.0,1.0,51454,M,4926022.0,402970.0,51
201700029960,17,4,4,725,1,2,3,1.0,1.0,51454,M,4921598.0,402827.0,51
201700029961,17,4,7,1040,1,2,1,7.0,3.0,51454,M,4925171.0,404595.0,51
201700029962,17,4,7,2250,5,2,1,1.0,6.0,51454,M,4926597.0,400446.0,51
201700029963,17,4,8,316,3,1,1,1.0,6.0,51454,M,4925915.0,407835.0,51
201700029964,17,4,10,845,1,2,6,1.0,3.0,51454,M,4927468.0,403310.0,51
201700029965,17,4,10,1730,1,2,1,1.0,2.0,51454,M,4922940.0,403590.0,51
201700029966,17,4,11,1920,1,2,2,1.0,6.0,51454,M,4926398.0,404012.0,51
201700029967,17,4,11,1825,1,2,1,1.0,3.0,51454,M,4927522.0,401828.0,51
201700029968,17,4,12,1150,1,2,1,1.0,6.0,51454,M,4925477.0,402588.0,51
201700029969,17,4,13,1530,1,2,3,1.0,1.0,51454,M,4922875.0,400171.0,51
201700029970,17,4,15,1415,1,2,1,1.0,1.0,51172,M,4921390.0,404690.0,51
201700029971,17,4,16,2150,5,2,4,1.0,2.0,51454,M,4925174.0,402123.0,51
201700029972,17,4,20,1720,1,2,2,1.0,3.0,51454,M,4926320.0,402810.0,51
201700029973,17,4,21,1320,1,2,6,1.0,3.0,51172,M,4922035.0,406432.0,51
201700029974,17,4,21,2315,5,2,1,1.0,6.0,51454,M,4924004.0,401368.0,51
201700029975,17,4,23,1445,1,2,1,1.0,3.0,51055,M,4927280.0,405090.0,51
201700029976,17,4,23,1700,1,2,2,1.0,3.0,51055,M,4926922.0,404821.0,51
201700029977,17,4,23,1845,1,2,3,1.0,3.0,51454,M,4923587.0,400607.0,51
201700029978,17,4,27,1615,1,2,1,1.0,6.0,51454,M,4923625.0,402630.0,51
201700029979,17,4,28,1800,1,2,6,1.0,3.0,51172,M,4922042.0,406435.0,51
201700029980,17,4,29,1655,1,2,1,1.0,6.0,51454,M,4924448.0,401666.0,51
201700029981,17,5,5,805,1,2,1,1.0,4.0,51454,M,4924853.0,403591.0,51
201700029982,17,5,6,25,5,2,1,1.0,6.0,51454,M,4925974.0,402893.0,51
201700029983,17,5,6,1625,1,2,2,2.0,3.0,51454,M,4926234.0,404110.0,51
201700029984,17,5,6,2235,5,2,1,2.0,1.0,51454,M,4926053.0,404831.0,51
201700029985,17,5,10,955,1,2,1,1.0,2.0,51474,M,4926477.0,398737.0,51
201700029986,17,5,10,1145,1,2,1,1.0,6.0,51474,M,4926142.0,398545.0,51
201700029987,17,5,10,1430,1,2,5,1.0,3.0,51454,M,4922596.0,402928.0,51
201700029988,17,5,11,710,1,2,1,1.0,2.0,51454,M,4925441.0,406156.0,51
201700029989,17,5,13,845,1,1,1,1.0,2.0,51454,M,4923355.0,403909.0,51
201700029990,17,5,14,240,5,1,1,1.0,6.0,51454,M,4926653.0,400328.0,51
201700029991,17,5,14,1220,1,2,1,1.0,6.0,51454,M,4926229.0,405462.0,51
201700029992,17,5,15,1310,1,2,2,1.0,2.0,51454,M,4924527.0,404500.0,51
201700029993,17,5,15,1659,1,2,1,1.0,6.0,51454,M,4928142.0,403307.0,51
201700029994,17,5,17,1210,1,2,6,1.0,4.0,51454,M,4928732.0,402616.0,51
201700029995,17,5,17,1400,1,2,1,1.0,6.0,51454,M,4925821.0,402705.0,51
201700029996,17,5,17,1925,1,2,1,1.0,4.0,51454,M,4924384.0,402728.0,51
201700029997,17,5,18,1715,1,2,1,1.0,3.0,51474,M,4927804.0,400288.0,51
201700029998,17,5,19,1630,1,2,3,1.0,6.0,51454,M,4925900.0,402801.0,51
201700029999,17,5,25,210,5,2,1,1.0,7.0,51454,M,4923663.0,403265.0,51
201700030000,17,5,22,1306,1,1,1,1.0,6.0,51454,M,4923070.0,400669.0,51
201700030001,17,5,25,1800,1,2,1,1.0,3.0,51454,M,4923378.0,403341.0,51
201700030002,17,5,26,925,1,2,2,1.0,6.0,51454,M,4924575.0,401796.0,51
201700030003,17,5,28,1845,1,2,1,1.0,6.0,51454,M,4928014.0,401992.0,51
201700030004,17,5,29,1620,1,2,1,1.0,1.0,51454,M,4923333.0,408445.0,51
201700030005,17,5,30,1725,1,2,1,1.0,2.0,51454,M,4926267.0,401694.0,51
201700030006,17,5,31,1050,1,2,1,1.0,6.0,51454,M,4926943.0,407164.0,51
201700030007,17,5,31,1445,1,2,2,1.0,1.0,51058,M,4921627.0,400211.0,51
201700030008,17,6,1,801,1,1,1,1.0,7.0,51454,M,4924210.0,407956.0,51
201700030009,17,6,1,840,1,2,1,1.0,3.0,51454,M,4922997.0,406855.0,51
201700030010,17,6,1,1150,1,2,1,1.0,6.0,51055,M,4928344.0,405693.0,51
201700030011,17,6,2,910,1,2,3,1.0,3.0,51454,M,4925706.0,401293.0,51
201700030012,17,6,2,1450,1,2,1,1.0,3.0,51454,M,4923020.0,403509.0,51
201700030013,17,6,2,1750,1,2,1,8.0,1.0,51454,M,4924313.0,402135.0,51
201700030014,17,6,2,1845,1,2,6,2.0,6.0,51058,M,4922222.0,399200.0,51
201700030015,17,6,3,1135,1,2,1,1.0,6.0,51172,M,4921553.0,405990.0,51
201700030016,17,6,5,1830,1,2,3,1.0,3.0,51454,M,4927583.0,401224.0,51
201700030017,17,6,8,2235,5,2,1,1.0,6.0,51454,M,4928748.0,400698.0,51
201700030018,17,6,9,1820,1,2,1,1.0,6.0,51454,M,4924210.0,403974.0,51
201700030019,17,6,10,1552,1,2,1,1.0,3.0,51454,M,4923980.0,402083.0,51
201700030020,17,6,10,2100,1,2,1,1.0,6.0,51454,M,4925125.0,402257.0,51
201700030021,17,6,11,1720,1,2,1,1.0,2.0,51454,M,4925190.0,404351.0,51
201700030022,17,6,12,1740,1,2,1,1.0,2.0,51454,M,4922419.0,403097.0,51
201700030023,17,6,17,1045,1,2,1,1.0,2.0,51454,M,4928656.0,400817.0,51
201700030024,17,6,17,1250,1,2,6,1.0,3.0,51454,M,4921956.0,402127.0,51
201700030025,17,6,17,1430,1,1,1,1.0,7.0,51454,M,4926631.0,400374.0,51
201700030026,17,6,17,1725,1,2,1,1.0,4.0,51454,M,4924536.0,404474.0,51
201700030027,17,6,17,1450,1,2,2,1.0,3.0,51454,M,4925201.0,405307.0,51
201700030028,17,6,18,15,5,2,1,1.0,6.0,51454,M,4928202.0,401210.0,51
201700030029,17,6,19,1055,1,2,1,1.0,6.0,51454,M,4923813.0,402353.0,51
201700030030,17,6,19,1715,1,2,3,1.0,2.0,51454,M,4924545.0,404009.0,51
201700030031,17,6,20,835,1,2,3,1.0,3.0,51454,M,4924542.0,404213.0,51
201700030032,17,6,19,2015,1,2,2,1.0,3.0,51454,M,4924564.0,401780.0,51
201700030033,17,6,21,1640,1,2,2,1.0,6.0,51454,M,4926353.0,405610.0,51
201700030034,17,6,23,2100,1,2,1,1.0,2.0,51454,M,4925714.0,402321.0,51
201700030035,17,6,25,2340,5,2,3,1.0,6.0,51454,M,4925965.0,400878.0,51
201700030036,17,6,26,642,1,2,3,7.0,3.0,51454,M,4928106.0,400840.0,51
201700030037,17,6,27,1225,1,2,6,1.0,6.0,51454,M,4921824.0,402889.0,51
201700030038,17,6,30,1109,1,2,2,1.0,6.0,51573,M,4924929.0,399170.0,51
201700030039,17,7,2,1955,1,2,1,1.0,3.0,51573,M,4924650.0,399846.0,51
201700030040,17,7,4,1550,1,2,1,1.0,3.0,51454,M,4924513.0,431840.0,51
201700030041,17,7,5,1400,1,2,2,1.0,1.0,51454,M,4927087.0,401110.0,51
201700030042,17,7,6,1605,1,2,1,1.0,2.0,51454,M,4927016.0,402240.0,51
201700030043,17,7,8,1200,1,2,1,1.0,1.0,51172,M,4921158.0,404552.0,51
201700030044,17,7,8,1715,1,2,1,1.0,6.0,51454,M,4927029.0,402801.0,51
201700030045,17,7,8,2050,1,2,3,1.0,3.0,51454,M,4925980.0,403645.0,51
201700030046,17,7,10,1215,1,2,2,2.0,3.0,51454,M,4924076.0,401351.0,51
201700030047,17,7,10,1825,1,2,1,2.0,3.0,51454,M,4925742.0,405590.0,51
201700030048,17,7,10,1945,1,2,4,1.0,3.0,51454,M,4925150.0,402175.0,51
201700030049,17,7,13,2040,1,2,3,1.0,6.0,51454,M,4923949.0,402174.0,51
201700030050,17,7,17,2155,2,2,1,1.0,6.0,51454,M,4923891.0,402069.0,51
201700030051,17,7,20,1100,1,2,6,1.0,3.0,51454,M,4924215.0,402458.0,51
201700030052,17,7,25,820,1,2,2,2.0,3.0,51454,M,4926328.0,402808.0,51
201700030053,17,7,26,2220,3,1,1,2.0,7.0,51055,M,4929079.0,407512.0,51
201700030054,17,7,27,1520,1,2,3,2.0,3.0,51573,M,4924281.0,398966.0,51
201700030055,17,8,9,110,5,2,1,1.0,7.0,51454,M,4923772.0,402523.0,51
201700030056,17,8,9,1300,1,2,1,8.0,3.0,51454,M,4925793.0,402484.0,51
201700030057,17,8,10,2000,1,2,3,1.0,2.0,51454,M,4923094.0,400650.0,51
201700030058,17,8,11,2230,5,2,1,1.0,7.0,51172,M,4922180.0,404089.0,51
201700030059,17,8,15,1345,1,2,2,1.0,3.0,51454,M,4926357.0,405606.0,51
201700030060,17,8,21,1515,1,2,1,1.0,3.0,51454,M,4922620.0,401985.0,51
201700030061,17,8,23,1350,1,2,2,1.0,3.0,51573,M,4925111.0,398488.0,51
201700030062,17,8,23,1840,1,2,6,1.0,3.0,51454,M,4925754.0,403878.0,51
201700030063,17,8,26,1820,1,2,1,1.0,6.0,51454,M,4925236.0,402711.0,51
201700030064,17,8,28,1815,1,2,2,1.0,2.0,51454,M,4928426.0,400997.0,51
201700030065,17,8,29,900,1,2,1,1.0,6.0,51454,M,4928662.0,402824.0,51
201700030066,17,8,29,1120,1,2,1,1.0,6.0,51454,M,4922851.0,403498.0,51
201700030067,17,8,30,250,4,2,1,1.0,2.0,51454,M,4926534.0,406098.0,51
201700030068,17,9,1,1315,1,2,1,3.0,2.0,51474,M,4927971.0,400469.0,51
201700030069,17,9,2,2225,5,2,1,1.0,6.0,51454,M,4924364.0,402061.0,51
201700030070,17,9,3,2130,5,2,1,1.0,6.0,51454,M,4922615.0,401082.0,51
201700030071,17,9,4,857,1,2,6,1.0,6.0,51454,M,4926758.0,403758.0,51
201700030072,17,9,4,900,1,2,2,1.0,6.0,51454,M,4926925.0,402008.0,51
201700030073,17,9,5,720,2,2,6,1.0,6.0,51454,M,4923211.0,403350.0,51
201700030074,17,9,5,1500,1,2,3,1.0,1.0,51454,M,4925810.0,402140.0,51
201700030075,17,9,8,2000,5,2,1,2.0,2.0,51454,M,4924636.0,404239.0,51
201700030076,17,9,9,1200,1,2,1,2.0,3.0,51454,M,4926495.0,403944.0,51
201700030077,17,9,10,1800,1,2,1,1.0,3.0,51454,M,4925681.0,400810.0,51
201700030078,17,9,10,400,5,2,4,1.0,3.0,51454,M,4925050.0,404244.0,51
201700030079,17,9,11,1715,1,2,1,1.0,6.0,51454,M,4928139.0,402503.0,51
201700030080,17,9,12,1030,1,2,2,2.0,2.0,51454,M,4924100.0,404446.0,51
201700030081,17,9,12,1250,1,2,2,1.0,3.0,51454,M,4925945.0,406306.0,51
201700030082,17,9,13,1020,1,2,3,1.0,3.0,51454,M,4924969.0,401800.0,51
201700030083,17,9,14,1330,1,2,1,8.0,1.0,51454,M,4923410.0,400723.0,51
201700030084,17,9,20,1600,1,2,1,1.0,6.0,51454,M,4924356.0,404002.0,51
201700030085,17,9,21,1105,1,2,1,1.0,2.0,51573,M,4925824.0,398117.0,51
201700030086,17,9,22,1305,1,2,2,1.0,3.0,51454,M,4925209.0,402515.0,51
201700030087,17,9,22,2030,5,2,4,1.0,3.0,51454,M,4926275.0,405724.0,51
201700030088,17,9,23,1955,5,2,6,1.0,5.0,51454,M,4928529.0,403033.0,51
201700030089,17,9,22,1145,1,2,1,1.0,6.0,51454,M,4923689.0,402064.0,51
201700030090,17,9,25,1850,1,2,1,1.0,1.0,51454,M,4923784.0,400394.0,51
201700030091,17,9,25,2000,5,2,1,1.0,3.0,51454,M,4922530.0,400950.0,51
201700030092,17,9,26,1835,1,2,1,1.0,4.0,51454,M,4926332.0,404485.0,51
201700030093,17,9,27,800,2,2,2,1.0,3.0,51454,M,4924760.0,405133.0,51
201700030094,17,9,28,1100,1,2,2,1.0,7.0,51454,M,4925642.0,403646.0,51
201700030095,17,9,29,1325,1,2,1,1.0,2.0,51454,M,4925186.0,405334.0,51
201700030096,17,9,29,1830,1,2,1,1.0,2.0,51454,M,4923400.0,403930.0,51
201700030097,17,10,2,830,1,2,1,1.0,6.0,51454,M,4927604.0,402135.0,51
201700030098,17,10,3,740,1,2,1,1.0,3.0,51454,M,4925534.0,404614.0,51
201700030099,17,10,4,750,1,2,1,1.0,6.0,51454,M,4924531.0,405023.0,51
201700030100,17,10,5,1830,1,2,6,8.0,6.0,51454,M,4921987.0,403423.0,51
201700030101,17,10,6,1435,1,2,1,1.0,3.0,51454,M,4924963.0,401825.0,51
201700030102,17,10,6,1720,1,2,2,1.0,3.0,51454,M,4926320.0,402813.0,51
201700030103,17,10,2,1110,1,1,1,1.0,6.0,51172,M,4924730.0,408190.0,51
201700030104,17,10,9,1800,1,2,2,1.0,3.0,51454,M,4927340.0,402403.0,51
201700030105,17,10,9,2020,5,2,1,1.0,2.0,51454,M,4922606.0,401660.0,51
201700030106,17,10,10,1205,1,2,1,1.0,1.0,51454,M,4922605.0,400516.0,51
201700030107,17,10,10,1650,1,2,4,1.0,3.0,51454,M,4924690.0,405100.0,51
201700030108,17,10,13,745,1,2,1,1.0,6.0,51454,M,4927614.0,402196.0,51
201700030109,17,10,16,835,1,2,2,1.0,3.0,51454,M,4925448.0,404291.0,51
201700030110,17,10,16,940,1,2,1,1.0,1.0,51454,M,4922579.0,402688.0,51
201700030111,17,10,16,1320,1,2,2,1.0,3.0,51454,M,4925324.0,405416.0,51
201700030112,17,10,16,1630,1,2,1,1.0,6.0,51454,M,4923065.0,400643.0,51
201700030113,17,10,21,1450,1,2,1,1.0,1.0,51454,M,4923694.0,404162.0,51
201700030114,17,10,21,1430,1,2,1,1.0,3.0,51454,M,4925951.0,403699.0,51
201700030115,17,10,27,1920,5,2,3,1.0,6.0,51454,M,4924954.0,403951.0,51
201700030116,17,10,28,1530,1,2,1,1.0,6.0,51454,M,4927485.0,400763.0,51
201700030117,17,10,29,2112,5,2,1,1.0,3.0,51454,M,4925766.0,402622.0,51
201700030118,17,11,2,1745,5,2,3,1.0,3.0,51454,M,4927558.0,401238.0,51
201700030119,17,11,3,1140,1,2,2,1.0,1.0,51454,M,4926908.0,402954.0,51
201700030120,17,11,5,1755,5,2,1,1.0,1.0,51454,M,4927045.0,403120.0,51
201700030121,17,11,6,830,1,2,3,1.0,1.0,51573,M,4924797.0,399382.0,51
201700030122,17,11,6,1330,1,2,1,1.0,3.0,51454,M,4926222.0,404146.0,51
201700030123,17,11,7,845,1,2,1,1.0,3.0,51454,M,4924672.0,403217.0,51
201700030124,17,11,7,2200,5,2,2,1.0,3.0,51454,M,4925229.0,403211.0,51
201700030125,17,11,9,1130,1,2,1,1.0,3.0,51454,M,4924327.0,404441.0,51
201700030126,17,11,9,2240,5,2,2,1.0,3.0,51454,M,4924923.0,403690.0,51
201700030127,17,11,10,840,1,2,2,1.0,6.0,51454,M,4923410.0,403530.0,51
201700030128,17,11,10,2010,5,2,3,1.0,3.0,51454,M,4928459.0,402915.0,51
201700030129,17,11,11,1135,1,2,1,2.0,2.0,51474,M,4928061.0,400507.0,51
201700030130,17,11,13,915,1,2,1,1.0,3.0,51454,M,4925720.0,402271.0,51
201700030131,17,11,13,1800,5,2,1,1.0,3.0,51172,M,4921465.0,404717.0,51
201700030132,17,11,14,835,1,2,2,1.0,3.0,51454,M,4924805.0,404284.0,51