Num_Acc,an,mois,jour,hrmn,lum,agg,int,atm,col,com,gps,lat,long,dep
201700030133,17,11,15,1710,5,2,1,1.0,5.0,51454,M,4926174.0,405122.0,51
201700030134,17,11,16,855,2,2,6,1.0,6.0,51454,M,4926643.0,404511.0,51
201700030135,17,11,16,1100,1,2,2,1.0,6.0,51454,M,4924500.0,404417.0,51
201700030136,17,11,16,1145,1,2,1,1.0,6.0,51454,M,4927014.0,402542.0,51
201700030137,17,11,16,1820,5,2,6,1.0,2.0,51454,M,4923653.0,407012.0,51
201700030138,17,11,19,1205,1,2,2,1.0,3.0,51454,M,4924585.0,401771.0,51
201700030139,17,11,21,850,1,2,2,1.0,3.0,51454,M,4926740.0,401750.0,51
201700030140,17,11,23,715,5,2,1,1.0,2.0,51454,M,4923208.0,401412.0,51
201700030141,17,11,23,1200,1,2,1,1.0,6.0,51454,M,4923697.0,400475.0,51
201700030142,17,11,24,945,1,2,1,1.0,2.0,51454,M,4924849.0,401173.0,51
201700030143,17,11,24,1635,1,2,1,1.0,7.0,51454,M,4927042.0,404375.0,51
201700030144,17,11,27,840,1,2,1,1.0,2.0,51454,M,4924872.0,401386.0,51
201700030145,17,11,27,1350,1,2,2,2.0,1.0,51573,M,4925112.0,398499.0,51
201700030146,17,11,28,745,2,2,2,2.0,6.0,51454,M,4926080.0,404880.0,51
201700030147,17,11,28,850,1,2,1,1.0,2.0,51454,M,4922811.0,403777.0,51
201700030148,17,12,1,1210,1,2,2,1.0,3.0,51454,M,4925935.0,402051.0,51
201700030149,17,12,4,735,2,2,2,8.0,3.0,51454,M,4927524.0,402029.0,51
201700030150,17,12,4,1455,1,2,6,1.0,3.0,51454,M,4928530.0,402759.0,51
201700030151,17,12,4,1638,1,2,1,2.0,6.0,51573,M,4924552.0,399200.0,51
201700030152,17,12,7,735,2,2,1,1.0,6.0,51454,M,4926037.0,402259.0,51
201700030153,17,12,8,414,5,1,6,1.0,6.0,51454,M,4922490.0,409661.0,51
201700030154,17,12,11,750,2,2,6,3.0,6.0,51454,M,4928731.0,402026.0,51
201700030155,17,12,11,1000,1,2,1,2.0,6.0,51454,M,4925014.0,402419.0,51
201700030156,17,12,11,1310,1,2,6,1.0,2.0,51474,M,4926839.0,399977.0,51
201700030157,17,12,13,1650,1,2,1,2.0,6.0,51454,M,4922561.0,401708.0,51
201700030158,17,12,13,1805,5,2,3,3.0,3.0,51454,M,4925845.0,405619.0,51
201700030159,17,12,14,2130,5,2,6,2.0,3.0,51454,M,4927767.0,400495.0,51
201700030160,17,12,15,550,5,2,2,2.0,1.0,51454,M,4926564.0,403906.0,51
201700030161,17,12,15,1800,5,2,1,2.0,6.0,51454,M,4925956.0,403671.0,51
201700030162,17,12,15,2158,5,2,1,2.0,1.0,51454,M,4927972.0,401393.0,51
201700030163,17,12,16,50,5,2,9,9.0,1.0,51454,M,4928407.0,401600.0,51
201700030164,17,12,16,1500,1,2,6,1.0,2.0,51172,M,4921645.0,405049.0,51
201700030165,17,12,18,1810,2,2,2,1.0,3.0,51454,M,4924487.0,400486.0,51
201700030166,17,12,19,645,5,2,2,1.0,3.0,51454,M,4924090.0,404430.0,51
201700030167,17,12,21,1037,1,2,1,2.0,6.0,51454,M,4924743.0,403824.0,51
201700030168,17,12,21,1500,1,2,2,2.0,3.0,51454,M,4924762.0,403092.0,51
201700030169,17,12,22,1200,1,2,1,2.0,6.0,51454,M,4926455.0,402463.0,51
201700030170,17,12,22,1350,1,2,4,1.0,2.0,51454,M,4924901.0,401292.0,51
201700030171,17,12,22,1700,5,2,1,2.0,6.0,51454,M,4927597.0,402137.0,51
201700030172,17,12,22,1750,5,2,1,1.0,2.0,51454,M,4922255.0,402365.0,51
201700030173,17,12,23,1530,1,2,9,1.0,6.0,51172,M,4921666.0,405827.0,51
201700030174,17,12,25,152,5,2,1,2.0,6.0,51454,M,4926337.0,405262.0,51
201700030175,17,12,25,1845,5,2,2,1.0,3.0,51454,M,4922800.0,400338.0,51
201700030176,17,12,26,2115,5,2,1,1.0,6.0,51454,M,4926404.0,405202.0,51
201700030177,17,12,29,1745,5,2,2,2.0,6.0,51454,M,4925488.0,403526.0,51
201700030178,17,12,30,1020,1,2,3,2.0,3.0,51454,M,4926233.0,401756.0,51
201700030179,17,1,30,1700,1,2,1,8.0,3.0,52121,M,4809897.0,513478.0,52
201700030180,17,3,27,1655,1,1,1,1.0,6.0,52121,M,4811339.0,512229.0,52
201700030181,17,3,27,1726,1,2,1,1.0,6.0,52121,M,4809903.0,514518.0,52
201700030182,17,4,7,949,1,1,1,1.0,2.0,52121,M,4808665.0,510194.0,52
201700030183,17,4,13,2050,2,2,1,1.0,1.0,52121,M,4812234.0,513977.0,52
201700030184,17,4,21,2315,5,2,1,1.0,6.0,52121,M,4810352.0,514427.0,52
201700030185,17,5,30,1210,1,2,1,1.0,4.0,52121,M,4811489.0,514314.0,52
201700030186,17,5,17,1610,1,2,1,1.0,6.0,52121,M,4811500.0,514180.0,52
201700030187,17,5,27,2015,1,2,3,1.0,7.0,52121,M,4809777.0,513996.0,52
201700030188,17,5,30,1355,1,2,1,1.0,6.0,52121,M,4812390.0,515097.0,52
201700030189,17,4,26,805,1,2,2,8.0,1.0,52121,M,4810147.0,515206.0,52
201700030190,17,6,16,120,3,1,1,1.0,7.0,52121,M,4812563.0,511486.0,52
201700030191,17,6,16,1330,1,2,1,1.0,6.0,52121,M,4811046.0,514315.0,52
201700030192,17,6,20,715,1,2,1,1.0,6.0,52121,M,4811970.0,513905.0,52
201700030193,17,4,17,300,5,2,1,1.0,7.0,52125,M,4810382.0,515899.0,52
201700030194,17,7,28,1510,1,1,3,1.0,3.0,52121,M,4808847.0,514690.0,52
201700030195,17,9,28,1640,1,2,1,1.0,3.0,52121,M,4812018.0,513883.0,52
201700030196,17,10,24,1420,1,2,2,2.0,6.0,52121,M,4809587.0,513500.0,52
201700030197,17,11,10,745,1,2,3,1.0,3.0,52121,M,4808812.0,514583.0,52
201700030198,17,11,13,1220,1,2,3,1.0,3.0,52121,M,4811304.0,514393.0,52
201700030199,17,1,14,1610,1,2,3,4.0,3.0,52448,M,4863780.0,493831.0,52
201700030200,17,3,14,1610,1,2,1,1.0,6.0,52448,M,4863731.0,494337.0,52
201700030201,17,3,30,1600,1,2,1,1.0,6.0,52448,M,4863715.0,495669.0,52
201700030202,17,4,23,1845,1,2,1,1.0,3.0,52448,M,4864331.0,497579.0,52
201700030203,17,6,18,950,1,2,1,7.0,6.0,52045,M,4865262.0,497454.0,52
201700030204,17,6,2,1350,1,2,3,1.0,2.0,52448,M,4863745.0,494159.0,52
201700030205,17,6,21,625,1,1,3,1.0,3.0,52448,M,4865540.0,493885.0,52
201700030206,17,7,4,1330,1,2,3,1.0,6.0,52448,M,4863101.0,494798.0,52
201700030207,17,8,26,930,1,2,6,1.0,6.0,52045,M,4865673.0,496845.0,52
201700030208,17,1,6,1305,1,1,2,1.0,1.0,53130,M,4807566.0,-75291.0,53
201700030209,17,12,16,1245,1,2,1,1.0,6.0,53130,M,4805705.0,-73649.0,53
201700030210,17,1,20,832,1,2,1,1.0,6.0,53130,M,4806665.0,-75683.0,53
201700030211,17,2,3,1405,1,2,1,8.0,3.0,53130,M,4808227.0,-74032.0,53
201700030212,17,2,15,1720,1,2,6,1.0,6.0,53130,M,4807022.0,-78796.0,53
201700030213,17,2,20,1525,1,1,1,1.0,6.0,53054,M,4809169.0,-82271.0,53
201700030214,17,3,25,1045,1,1,1,1.0,1.0,53130,M,4804329.0,-77787.0,53
201700030215,17,4,8,1405,1,2,1,1.0,3.0,53130,M,4806988.0,-74974.0,53
201700030216,17,4,12,1150,1,2,3,1.0,7.0,53130,M,4807070.0,-77601.0,53
201700030217,17,4,30,830,1,2,3,1.0,3.0,53034,M,4807017.0,-69754.0,53
201700030218,17,4,24,800,2,2,2,7.0,6.0,53130,M,4807138.0,-76063.0,53
201700030219,17,5,16,1745,1,2,6,1.0,6.0,53130,M,4806325.0,-75249.0,53
201700030220,17,5,14,1815,1,1,3,1.0,3.0,53201,M,4808243.0,-85828.0,53
201700030221,17,6,6,935,1,2,1,1.0,6.0,53130,M,4806226.0,-75423.0,53
201700030222,17,7,31,1710,1,2,1,1.0,6.0,53130,M,4805448.0,-73573.0,53
201700030223,17,8,7,1350,1,2,3,1.0,3.0,53130,M,4805789.0,-78653.0,53
201700030224,17,8,9,1815,1,2,6,1.0,2.0,53130,M,4806521.0,-79477.0,53
201700030225,17,8,20,1440,1,2,1,1.0,6.0,53130,M,4806079.0,-78488.0,53
201700030226,17,9,18,1220,1,2,3,1.0,3.0,53130,M,4807711.0,-77647.0,53
201700030227,17,9,25,1700,1,2,1,8.0,6.0,53130,M,4806547.0,-76132.0,53
201700030228,17,9,21,930,1,2,1,1.0,6.0,53130,M,4807480.0,-75931.0,53
201700030229,17,10,16,750,2,2,6,1.0,3.0,53130,M,4807023.0,-78973.0,53
201700030230,17,10,15,1210,1,1,1,1.0,2.0,53130,M,4804248.0,-77768.0,53
201700030231,17,10,17,1340,1,2,1,1.0,6.0,53130,M,4806189.0,-78490.0,53
201700030232,17,11,10,1730,2,2,1,2.0,6.0,53130,M,4806860.0,-76205.0,53
201700030233,17,12,24,250,5,2,4,2.0,6.0,53130,M,4806152.0,-78154.0,53
201700030234,17,1,19,855,1,2,1,1.0,6.0,54099,M,4925000.0,593000.0,54
201700030235,17,12,5,1500,1,1,9,1.0,3.0,54391,M,4922000.0,593000.0,54
201700030236,17,3,26,140,5,1,1,1.0,6.0,54099,M,4924000.0,594000.0,54
201700030237,17,12,9,1431,1,1,1,8.0,1.0,54036,M,4930000.0,600400.0,54
201700030238,17,4,8,1705,1,1,1,1.0,7.0,54263,M,4920000.0,599000.0,54
201700030239,17,12,11,959,1,2,1,8.0,6.0,54280,M,4923200.0,600200.0,54
201700030240,17,6,4,2021,1,2,1,1.0,6.0,54099,M,4924803.0,593267.0,54
201700030241,17,4,21,1850,1,1,1,1.0,5.0,54099,M,4924000.0,595000.0,54
201700030242,17,7,15,1030,1,2,9,1.0,6.0,54280,M,4922640.0,601599.0,54
201700030243,17,8,20,1743,1,2,1,1.0,3.0,54099,M,4924396.0,594390.0,54
201700030244,17,2,2,1638,1,1,1,1.0,1.0,54051,M,4918285.0,597934.0,54
201700030245,17,4,11,2118,5,2,2,1.0,1.0,54273,M,4915671.0,588005.0,54
201700030246,17,4,27,1300,1,2,3,1.0,1.0,54136,M,4916685.0,585238.0,54
201700030247,17,5,16,1720,1,1,1,1.0,2.0,54286,M,4921731.0,592724.0,54
201700030248,17,10,16,1605,1,1,1,1.0,2.0,54542,M,4921278.0,592175.0,54
201700030249,17,11,3,1620,1,2,1,1.0,6.0,54273,M,4915892.0,587796.0,54
201700030250,17,11,20,1840,3,1,1,2.0,7.0,54273,M,4915970.0,590685.0,54
201700030251,17,12,11,755,3,2,2,3.0,6.0,54273,M,4915677.0,588015.0,54
201700030252,17,1,30,758,5,1,1,3.0,6.0,54483,M,4862397.0,630115.0,54
201700030253,17,6,22,1210,1,2,1,7.0,2.0,54159,M,4860865.0,635263.0,54
201700030254,17,9,12,1817,1,2,1,1.0,6.0,54483,M,4863158.0,630808.0,54
201700030255,17,10,18,1705,1,2,1,1.0,6.0,54323,M,4951544.0,575830.0,54
201700030256,17,12,12,1340,1,2,1,1.0,6.0,54323,M,4952143.0,576058.0,54
201700030257,17,12,22,1630,2,2,1,8.0,6.0,54323,M,4952543.0,576888.0,54
201700030258,17,2,26,1839,2,2,1,1.0,6.0,54382,M,4953779.0,578200.0,54
201700030259,17,3,23,1545,1,2,1,1.0,6.0,54323,M,,,54
201700030260,17,1,9,1735,2,2,1,2.0,6.0,54493,M,4953133.0,582239.0,54
201700030261,17,4,16,505,3,1,1,1.0,1.0,54323,M,,,54
201700030262,17,6,19,1845,1,2,1,1.0,1.0,54382,M,4953274.0,576453.0,54
201700030263,17,4,28,1315,1,2,1,1.0,6.0,54323,M,4951143.0,576329.0,54
201700030264,17,7,31,1753,1,2,1,1.0,3.0,54323,M,4953023.0,576365.0,54
201700030265,17,6,16,2115,1,1,3,1.0,3.0,54261,M,4952293.0,579473.0,54
201700030266,17,9,17,405,3,1,1,5.0,6.0,54254,M,4949826.0,580428.0,54
201700030267,17,7,3,1840,1,2,1,1.0,1.0,54451,M,4949806.0,575220.0,54
201700030268,17,7,10,110,5,2,1,1.0,6.0,54382,M,4954393.0,578066.0,54
201700030269,17,9,29,2300,3,1,1,1.0,1.0,54367,M,4950479.0,578941.0,54
201700030270,17,10,12,1800,1,2,3,1.0,3.0,54323,M,4951250.0,576222.0,54
201700030271,17,11,14,1650,2,1,1,8.0,6.0,54321,M,4953416.0,579250.0,54
201700030272,17,12,4,1120,1,2,1,8.0,6.0,54382,M,4953701.0,578221.0,54
201700030273,17,11,28,1705,3,1,6,8.0,3.0,54323,M,4950971.0,571311.0,54
201700030274,17,11,13,1020,1,2,1,1.0,6.0,54323,M,4952910.0,576309.0,54
201700030275,17,11,21,1720,5,2,1,2.0,6.0,54382,M,4953593.0,576757.0,54
201700030276,17,5,31,1540,1,2,2,7.0,3.0,54329,M,4858186.0,650432.0,54
201700030277,17,7,2,2035,1,1,3,1.0,2.0,54329,M,4861374.0,648766.0,54
201700030278,17,11,5,1745,2,2,3,1.0,6.0,54373,M,4857504.0,652702.0,54
201700030279,17,12,4,1715,2,2,1,2.0,6.0,54329,M,4859718.0,648548.0,54
201700030280,17,12,19,1000,1,2,1,2.0,2.0,54547,M,4865271.0,617849.0,54
201700030281,17,12,21,1130,1,2,1,1.0,6.0,54395,M,4869281.0,617808.0,54
201700030282,17,12,18,1750,5,2,2,1.0,6.0,54395,M,4869587.0,616566.0,54
201700030283,17,1,1,1550,1,1,4,1.0,3.0,54526,M,,,54
201700030284,17,1,4,20,5,2,1,2.0,3.0,54395,M,4869027.0,617280.0,54
201700030285,17,1,10,735,5,2,2,2.0,3.0,54339,M,4870565.0,619852.0,54
201700030286,17,12,22,1645,5,2,3,1.0,6.0,54395,M,4869086.0,617622.0,54
201700030287,17,1,11,800,2,2,1,2.0,6.0,54547,M,4866080.0,618698.0,54
201700030288,17,1,14,2240,5,2,2,1.0,3.0,54395,M,4868483.0,616808.0,54
201700030289,17,1,12,745,2,2,6,1.0,6.0,54547,M,4865215.0,617913.0,54
201700030290,17,1,12,1130,1,2,1,2.0,6.0,54184,M,4870840.0,623770.0,54
201700030291,17,1,16,1720,5,2,2,1.0,4.0,54395,M,4869180.0,617759.0,54
201700030292,17,1,17,815,2,2,2,1.0,6.0,54184,M,4870062.0,622438.0,54
201700030293,17,1,16,1800,5,2,1,1.0,6.0,54395,M,4868337.0,619678.0,54
201700030294,17,1,12,1805,5,2,3,2.0,6.0,54184,M,4870002.0,622001.0,54
201700030295,17,1,17,900,1,2,4,1.0,6.0,54304,M,4868455.0,615396.0,54
201700030296,17,1,17,1000,1,2,1,1.0,3.0,54328,M,4861574.0,619576.0,54
201700030297,17,1,18,1650,1,2,1,1.0,6.0,54547,M,4861574.0,619576.0,54
201700030298,17,1,18,1320,1,2,1,1.0,6.0,54395,M,4869230.0,618518.0,54
201700030299,17,1,20,955,1,2,1,1.0,6.0,54395,M,4869150.0,617559.0,54
201700030300,17,1,21,1830,5,2,2,1.0,3.0,54395,M,4867514.0,617035.0,54
201700030301,17,1,21,2110,5,2,1,1.0,3.0,54395,M,4869549.0,618984.0,54
201700030302,17,1,20,945,1,2,1,1.0,2.0,54495,M,4869935.0,624805.0,54
201700030303,17,1,21,1010,1,2,1,1.0,1.0,54395,M,4870613.0,615786.0,54
201700030304,17,1,20,1700,2,2,3,1.0,6.0,54547,M,,,54
201700030305,17,1,23,1545,1,2,1,1.0,6.0,54395,M,,,54
201700030306,17,1,23,1730,5,2,1,1.0,6.0,54395,M,,,54
201700030307,17,1,23,1230,1,2,1,1.0,2.0,54328,M,,,54
201700030308,17,1,23,2030,5,2,2,1.0,2.0,54395,M,,,54
201700030309,17,1,25,1120,1,2,1,1.0,6.0,54578,M,,,54
201700030310,17,1,26,1910,5,1,1,1.0,1.0,54197,M,,,54
201700030311,17,1,26,710,2,2,2,1.0,3.0,54395,M,,,54
201700030312,17,1,27,1400,1,2,1,1.0,6.0,54184,M,,,54
201700030313,17,1,28,1845,5,2,1,1.0,6.0,54395,M,,,54
201700030314,17,1,28,1945,5,2,1,1.0,3.0,54274,M,,,54
201700030315,17,1,29,1530,1,2,2,1.0,3.0,54304,M,,,54
201700030316,17,1,30,1810,5,2,3,2.0,6.0,54547,M,4866723.0,616713.0,54
201700030317,17,1,29,2100,5,2,4,1.0,3.0,54357,M,,,54
201700030318,17,1,31,1225,1,2,1,2.0,3.0,54439,M,,,54
201700030319,17,1,31,2005,5,2,1,1.0,6.0,54395,M,,,54
201700030320,17,2,2,1500,1,2,1,1.0,3.0,54395,M,,,54
201700030321,17,2,4,1930,5,2,1,2.0,6.0,54395,M,4868158.0,619782.0,54
201700030322,17,2,6,1230,1,2,2,1.0,6.0,54304,M,4868452.0,615399.0,54
201700030323,17,2,8,2150,5,2,1,1.0,6.0,54395,M,,,54
201700030324,17,2,9,1115,1,2,4,1.0,6.0,54395,M,4868169.0,618299.0,54
201700030325,17,2,10,1700,1,2,1,1.0,3.0,54395,M,4869742.0,619880.0,54
201700030326,17,2,7,1205,1,2,3,2.0,3.0,54304,M,4869669.0,613768.0,54
201700030327,17,1,25,1815,5,2,1,1.0,6.0,54395,M,4870315.0,615497.0,54
201700030328,17,2,10,1915,5,2,2,1.0,6.0,54395,M,4869108.0,619868.0,54
201700030329,17,2,15,1300,1,1,1,1.0,4.0,54395,M,,,54
201700030330,17,2,13,1750,5,2,2,1.0,2.0,54300,M,4865947.0,622606.0,54
201700030331,17,2,10,1535,1,2,1,1.0,5.0,54395,M,,,54
201700030332,17,2,11,1810,1,2,2,1.0,3.0,54304,M,,,54
201700030333,17,2,14,1730,1,2,2,1.0,3.0,54526,M,,,54
201700030334,17,2,17,1305,1,2,4,1.0,3.0,54395,M,,,54
201700030335,17,2,26,1302,1,2,1,1.0,6.0,54339,M,,,54
201700030336,17,2,28,1905,5,2,4,2.0,6.0,54395,M,4869960.0,613895.0,54
201700030337,17,2,27,1015,1,2,2,1.0,3.0,54395,M,4869492.0,613813.0,54
201700030338,17,2,25,1,5,2,2,2.0,3.0,54395,M,4868563.0,619585.0,54
201700030339,17,3,2,1615,1,2,1,1.0,6.0,54578,M,,,54
201700030340,17,3,3,1448,1,2,1,1.0,6.0,54395,M,,,54
201700030341,17,3,2,1710,1,2,1,1.0,6.0,54395,M,,,54
201700030342,17,3,3,1620,1,2,2,1.0,1.0,54357,M,4870604.0,613996.0,54
201700030343,17,3,4,1240,1,2,1,1.0,2.0,54265,M,,,54
201700030344,17,2,27,1505,1,2,2,1.0,2.0,54395,M,4868401.0,618601.0,54
201700030345,17,3,7,1730,1,2,1,1.0,4.0,54395,M,,,54
201700030346,17,3,7,825,1,2,1,2.0,2.0,54184,M,4871206.0,624281.0,54
201700030347,17,3,7,1220,1,2,2,1.0,6.0,54395,M,,,54
201700030348,17,3,9,1750,2,2,1,1.0,3.0,54304,M,4869471.0,613171.0,54
201700030349,17,3,8,1010,1,2,1,2.0,3.0,54395,M,,,54
201700030350,17,3,9,750,1,2,3,2.0,6.0,54395,M,,,54
201700030351,17,3,10,1220,1,2,3,1.0,2.0,54304,M,,,54
201700030352,17,3,10,1545,1,2,1,1.0,6.0,54357,M,4870610.0,616790.0,54
201700030353,17,3,11,1410,1,2,1,1.0,3.0,54482,M,4870082.0,620863.0,54
201700030354,17,3,13,1425,1,2,3,1.0,3.0,54395,M,,,54
201700030355,17,3,13,1600,1,2,1,1.0,6.0,54395,M,,,54
201700030356,17,3,16,1750,1,2,1,1.0,6.0,54395,M,,,54
201700030357,17,3,16,1410,1,2,1,1.0,3.0,54547,M,,,54
201700030358,17,3,17,1020,1,2,2,1.0,3.0,54395,M,4869716.0,617043.0,54
201700030359,17,3,18,1050,1,2,1,3.0,3.0,54184,M,4871462.0,624851.0,54
201700030360,17,3,12,1835,5,2,1,1.0,3.0,54578,M,4865859.0,611811.0,54
201700030361,17,3,21,905,1,2,1,1.0,2.0,54395,M,,,54
201700030362,17,3,18,1805,1,2,1,2.0,2.0,54526,M,4868959.0,621529.0,54
201700030363,17,3,25,900,1,2,1,1.0,6.0,54395,M,4869688.0,614896.0,54
201700030364,17,3,25,2210,5,2,2,1.0,3.0,54482,M,4870189.0,621261.0,54
201700030365,17,3,24,1745,1,2,1,1.0,3.0,54547,M,,,54
201700030366,17,3,19,540,2,2,1,1.0,2.0,54395,M,4868742.0,618711.0,54
201700030367,17,3,4,5,5,2,1,1.0,6.0,54395,M,4869303.0,614288.0,54
201700030368,17,3,23,1545,1,2,2,1.0,6.0,54395,M,,,54
201700030369,17,3,23,630,1,2,2,1.0,3.0,54395,M,,,54
201700030370,17,3,25,1916,1,2,1,1.0,6.0,54395,M,,,54
201700030371,17,3,28,1635,1,2,1,1.0,4.0,54526,M,,,54
201700030372,17,3,29,510,5,1,1,1.0,2.0,54395,M,4866343.0,618904.0,54
201700030373,17,2,17,1925,5,2,1,1.0,2.0,54395,M,,,54
201700030374,17,3,29,1830,1,2,1,1.0,3.0,54395,M,4869232.0,614963.0,54
201700030375,17,3,31,1850,1,2,1,1.0,7.0,54395,M,,,54
201700030376,17,4,1,2320,5,2,1,1.0,3.0,54395,M,4869481.0,617723.0,54
201700030377,17,3,30,1130,1,2,1,1.0,2.0,54395,M,,,54
201700030378,17,3,31,750,1,2,1,1.0,1.0,54257,M,,,54
201700030379,17,4,4,1425,1,2,1,1.0,3.0,54395,M,4870012.0,618337.0,54
201700030380,17,3,31,1745,1,2,1,1.0,2.0,54395,M,4868631.0,618084.0,54
201700030381,17,4,1,1920,1,2,1,1.0,6.0,54395,M,4867712.0,617421.0,54
201700030382,17,4,6,1110,1,2,6,1.0,2.0,54184,M,4870799.0,624431.0,54
201700030383,17,4,6,1815,1,2,1,1.0,6.0,54395,M,,,54
201700030384,17,4,7,625,1,1,1,1.0,2.0,54025,M,,,54
201700030385,17,4,7,1259,1,2,3,1.0,6.0,54395,M,4868748.0,618339.0,54
201700030386,17,4,7,1325,1,2,2,1.0,5.0,54357,M,,,54
201700030387,17,4,9,150,5,2,2,1.0,3.0,54395,M,,,54
201700030388,17,4,12,1440,1,1,1,1.0,3.0,54184,M,,,54
201700030389,17,4,13,1515,1,2,2,1.0,3.0,54304,M,4869469.0,613794.0,54
201700030390,17,4,12,1550,1,2,2,1.0,1.0,54547,M,4865402.0,615229.0,54
201700030391,17,4,9,1930,1,2,1,1.0,6.0,54339,M,,,54
201700030392,17,4,14,2215,5,2,1,1.0,6.0,54395,M,,,54
201700030393,17,4,15,120,5,2,3,1.0,2.0,54395,M,4867827.0,617921.0,54
201700030394,17,4,15,10,5,2,1,1.0,6.0,54547,M,4866453.0,618505.0,54
201700030395,17,4,17,1510,1,2,2,1.0,2.0,54395,M,,,54
201700030396,17,4,18,1350,1,2,3,1.0,3.0,54274,M,,,54
201700030397,17,4,18,1145,1,2,1,1.0,6.0,54184,M,4870511.0,622181.0,54
201700030398,17,4,20,1625,1,2,2,1.0,5.0,54439,M,4870688.0,624992.0,54
201700030399,17,4,21,1510,1,2,1,1.0,6.0,54395,M,,,54
201700030400,17,4,21,1850,1,2,1,1.0,3.0,54395,M,,,54
201700030401,17,4,22,745,1,2,2,1.0,3.0,54578,M,,,54
201700030402,17,4,22,1350,1,2,1,1.0,3.0,54265,M,4864359.0,618525.0,54
201700030403,17,4,22,1800,1,2,3,1.0,3.0,54357,M,,,54
201700030404,17,4,22,1500,1,2,2,1.0,3.0,54304,M,4869933.0,613715.0,54
201700030405,17,4,22,1640,1,2,1,1.0,3.0,54395,M,4868724.0,620345.0,54
201700030406,17,4,25,1328,1,2,1,1.0,6.0,54578,M,4865667.0,611227.0,54
201700030407,17,3,21,1405,1,2,9,1.0,6.0,54395,M,,,54
201700030408,17,5,6,1625,1,2,1,2.0,6.0,54395,M,4869768.0,615079.0,54
201700030409,17,5,7,405,5,2,1,9.0,6.0,54395,M,4869033.0,618167.0,54
201700030410,17,5,1,1409,1,2,1,1.0,6.0,54395,M,4870187.0,617600.0,54
201700030411,17,5,2,1215,1,2,1,1.0,4.0,54547,M,,,54
201700030412,17,5,2,1250,1,2,6,1.0,3.0,54257,M,,,54
201700030413,17,5,2,1715,1,2,2,1.0,2.0,54395,M,,,54
201700030414,17,5,4,1320,1,2,2,1.0,6.0,54547,M,,,54
201700030415,17,5,5,830,1,2,1,1.0,6.0,54395,M,4869284.0,619966.0,54
201700030416,17,5,5,1445,1,2,1,1.0,2.0,54184,M,,,54
201700030417,17,5,6,1519,1,2,1,1.0,2.0,54482,M,4870065.0,620836.0,54
201700030418,17,5,8,2115,5,2,1,1.0,6.0,54395,M,4868409.0,618872.0,54
201700030419,17,5,9,1440,1,2,1,1.0,2.0,54395,M,,,54
201700030420,17,5,10,1740,1,2,1,1.0,4.0,54184,M,,,54
201700030421,17,5,10,1010,1,2,3,1.0,3.0,54395,M,,,54
201700030422,17,5,12,1645,1,2,1,1.0,4.0,54482,M,4870374.0,620192.0,54
201700030423,17,5,16,1005,1,2,2,1.0,3.0,54304,M,4867935.0,614258.0,54
201700030424,17,5,10,2050,1,2,1,1.0,3.0,54357,M,4871528.0,616882.0,54
201700030425,17,5,17,1645,1,2,1,1.0,6.0,54547,M,4866209.0,617753.0,54
201700030426,17,4,30,2110,4,2,1,1.0,2.0,54395,M,4869311.0,616509.0,54
201700030427,17,5,18,805,1,2,1,1.0,3.0,54395,M,4868334.0,619698.0,54
201700030428,17,5,18,1600,1,2,1,1.0,6.0,54482,M,4870297.0,621204.0,54
201700030429,17,5,19,1345,1,2,2,1.0,4.0,54184,M,4870082.0,622460.0,54
201700030430,17,5,19,1255,1,2,2,1.0,3.0,54304,M,4869330.0,612815.0,54
201700030431,17,5,21,1600,1,2,1,1.0,7.0,54547,M,4866163.0,617681.0,54
201700030432,17,5,20,1345,1,2,3,1.0,6.0,54274,M,4867155.0,620456.0,54
201700030433,17,5,21,1850,1,2,1,1.0,6.0,54395,M,4869558.0,617672.0,54
201700030434,17,5,22,1450,1,2,1,1.0,6.0,54395,M,4868138.0,616601.0,54
201700030435,17,5,21,1210,1,2,1,1.0,6.0,54197,M,4863254.0,618111.0,54
201700030436,17,5,23,2220,5,2,3,1.0,3.0,54395,M,4867337.0,617403.0,54
201700030437,17,5,23,1420,1,2,1,1.0,4.0,54547,M,4866867.0,619198.0,54
201700030438,17,5,24,1130,1,2,1,1.0,2.0,54547,M,4866270.0,617214.0,54
201700030439,17,5,24,1145,1,2,6,1.0,2.0,54547,M,4866752.0,619167.0,54
201700030440,17,5,24,1640,1,2,1,1.0,6.0,54526,M,4868922.0,621518.0,54
201700030441,17,5,25,923,1,2,1,1.0,6.0,54304,M,4868066.0,615554.0,54
201700030442,17,5,25,2340,5,2,2,1.0,2.0,54395,M,4868474.0,618679.0,54
201700030443,17,5,26,1015,1,2,1,1.0,7.0,54257,M,4865263.0,619188.0,54
201700030444,17,5,30,1755,1,2,2,1.0,2.0,54547,M,4866761.0,616772.0,54
201700030445,17,6,1,820,1,2,2,1.0,3.0,54395,M,4869057.0,618893.0,54
201700030446,17,6,1,1725,1,2,1,1.0,4.0,54184,M,4870216.0,622625.0,54
201700030447,17,6,18,443,5,2,1,1.0,6.0,54395,M,4868589.0,617172.0,54
201700030448,17,6,2,1640,1,2,1,1.0,6.0,54395,M,4869202.0,617825.0,54
201700030449,17,6,5,1750,1,2,1,1.0,2.0,54328,M,4862045.0,616463.0,54
201700030450,17,6,5,1925,1,2,3,1.0,3.0,54300,M,4865791.0,623044.0,54