Num_Acc,an,mois,jour,hrmn,lum,agg,int,atm,col,com,gps,lat,long,dep
201700030753,17,1,6,1405,1,2,1,7.0,6.0,56098,M,4776699.0,-333971.0,56
201700030754,17,1,6,1850,5,2,1,1.0,4.0,56121,M,4773431.0,-338506.0,56
201700030755,17,1,6,1425,1,2,6,1.0,3.0,56121,M,4776221.0,-339645.0,56
201700030756,17,1,8,1600,1,2,1,1.0,6.0,56162,M,4773539.0,-350023.0,56
201700030757,17,1,10,1930,5,2,1,1.0,2.0,56098,M,4777268.0,-334796.0,56
201700030758,17,1,15,1240,1,2,1,8.0,7.0,56083,M,4780448.0,-327769.0,56
201700030759,17,1,16,1115,1,1,1,1.0,4.0,56121,M,4774675.0,-338672.0,56
201700030760,17,1,16,1605,1,2,1,1.0,2.0,56083,M,4780801.0,-327024.0,56
201700030761,17,1,16,1950,3,1,1,2.0,3.0,56121,M,4773930.0,-338076.0,56
201700030762,17,1,17,1355,1,2,6,7.0,3.0,56121,M,4774836.0,-338858.0,56
201700030763,17,1,17,1755,2,1,1,1.0,7.0,56107,M,4771193.0,-339015.0,56
201700030764,17,1,24,558,5,2,2,1.0,3.0,56121,M,4776266.0,-339183.0,56
201700030765,17,1,25,900,1,2,2,1.0,2.0,56121,M,4775211.0,-337104.0,56
201700030766,17,1,26,257,5,2,1,8.0,6.0,56121,M,4773623.0,-336592.0,56
201700030767,17,1,24,1705,1,2,1,1.0,5.0,56121,M,4774487.0,-335757.0,56
201700030768,17,1,27,909,1,1,6,1.0,2.0,56107,M,4771119.0,-339604.0,56
201700030769,17,1,28,1528,1,1,6,1.0,7.0,56107,M,4771118.0,-339600.0,56
201700030770,17,2,1,800,5,2,2,2.0,3.0,56121,M,4775485.0,-336326.0,56
201700030771,17,2,2,1805,2,2,3,1.0,3.0,56121,M,4773691.0,-336733.0,56
201700030772,17,2,4,1833,5,2,3,2.0,3.0,56162,M,4773769.0,-343922.0,56
201700030773,17,2,8,1348,1,2,6,1.0,2.0,56098,M,4777829.0,-334396.0,56
201700030774,17,2,10,1859,3,2,1,1.0,7.0,56083,M,4780362.0,-326770.0,56
201700030775,17,2,11,1630,1,2,1,1.0,1.0,56107,M,4772167.0,-339806.0,56
201700030776,17,2,13,1125,1,2,1,1.0,3.0,56162,M,4773669.0,-343531.0,56
201700030777,17,2,16,1800,1,2,1,1.0,6.0,56121,M,4774006.0,-337311.0,56
201700030778,17,2,20,1715,1,2,3,1.0,3.0,56098,M,4776859.0,-334486.0,56
201700030779,17,2,21,2000,5,2,4,1.0,2.0,56121,M,4776353.0,-337098.0,56
201700030780,17,2,22,1640,1,2,1,8.0,6.0,56121,M,4775511.0,-336326.0,56
201700030781,17,2,23,1700,1,2,1,1.0,6.0,56083,M,4780396.0,-329353.0,56
201700030782,17,2,24,1345,1,2,1,1.0,6.0,56098,M,4776664.0,-333551.0,56
201700030783,17,2,24,1544,1,2,3,1.0,2.0,56121,M,4773714.0,-338709.0,56
201700030784,17,2,24,1620,1,2,6,1.0,6.0,56107,M,4770700.0,-338408.0,56
201700030785,17,2,25,822,1,2,1,1.0,5.0,56083,M,4780431.0,-327103.0,56
201700030786,17,2,25,1303,1,2,1,1.0,6.0,56121,M,4776668.0,-339430.0,56
201700030787,17,2,25,1612,1,2,1,1.0,6.0,56098,M,4777691.0,-334512.0,56
201700030788,17,3,2,1400,1,1,6,1.0,6.0,56107,M,4771115.0,-339589.0,56
201700030789,17,3,5,1810,1,2,1,1.0,2.0,56098,M,4777452.0,-334658.0,56
201700030790,17,3,9,1718,1,2,1,1.0,3.0,56098,M,4776950.0,-335127.0,56
201700030791,17,3,10,759,1,2,6,5.0,3.0,56121,M,4773643.0,-338301.0,56
201700030792,17,3,11,15,5,2,1,1.0,1.0,56098,M,4777542.0,-335604.0,56
201700030793,17,3,11,1820,1,2,1,1.0,6.0,56162,M,4770398.0,-345768.0,56
201700030794,17,3,15,1340,1,2,1,1.0,6.0,56098,M,4777152.0,-333532.0,56
201700030795,17,3,16,1641,1,2,6,1.0,3.0,56162,M,4773653.0,-343247.0,56
201700030796,17,3,17,655,5,2,1,1.0,7.0,56098,M,4776799.0,-334265.0,56
201700030797,17,3,17,1710,1,2,2,1.0,7.0,56121,M,4774587.0,-336011.0,56
201700030798,17,3,19,1435,1,2,3,1.0,6.0,56107,M,4772142.0,-340091.0,56
201700030799,17,3,19,1245,1,2,1,1.0,6.0,56162,M,4773037.0,-343196.0,56
201700030800,17,3,21,1815,1,2,1,1.0,7.0,56098,M,4777268.0,-333371.0,56
201700030801,17,3,21,1920,2,1,1,8.0,6.0,56083,M,4778872.0,-327743.0,56
201700030802,17,3,22,1225,1,2,1,1.0,6.0,56121,M,4776224.0,-339778.0,56
201700030803,17,3,27,750,5,2,6,1.0,6.0,56098,M,4777766.0,-334513.0,56
201700030804,17,3,28,1205,1,2,1,1.0,2.0,56121,M,4775054.0,-336762.0,56
201700030805,17,4,1,1550,1,1,1,1.0,5.0,56098,M,4777719.0,-334313.0,56
201700030806,17,3,31,1735,1,1,1,1.0,2.0,56121,M,4776386.0,-338003.0,56
201700030807,17,3,31,1915,1,1,6,2.0,7.0,56162,M,4770784.0,-341486.0,56
201700030808,17,4,3,1423,1,2,2,1.0,3.0,56121,M,4774272.0,-336074.0,56
201700030809,17,4,5,2215,5,2,6,1.0,1.0,56083,M,4779996.0,-326077.0,56
201700030810,17,4,6,1050,1,2,2,1.0,6.0,56083,M,4780352.0,-327882.0,56
201700030811,17,4,6,1640,1,2,1,1.0,1.0,56083,M,4780890.0,-326244.0,56
201700030812,17,4,8,1000,1,2,6,1.0,7.0,56162,M,4774101.0,-340643.0,56
201700030813,17,4,12,954,1,2,6,1.0,6.0,56098,M,4777747.0,-334453.0,56
201700030814,17,4,13,2130,1,2,3,1.0,3.0,56121,M,4774274.0,-336068.0,56
201700030815,17,4,14,1530,1,2,1,1.0,2.0,56121,M,4775810.0,-337557.0,56
201700030816,17,4,20,105,5,2,1,1.0,6.0,56121,M,4773940.0,-338021.0,56
201700030817,17,4,20,2115,5,2,2,1.0,3.0,56098,M,4776795.0,-335551.0,56
201700030818,17,4,22,1500,1,1,1,1.0,7.0,56162,M,4774506.0,-342051.0,56
201700030819,17,4,23,1214,1,2,1,1.0,6.0,56121,M,4776419.0,-338797.0,56
201700030820,17,4,23,1417,1,2,1,1.0,6.0,56121,M,4774823.0,-335743.0,56
201700030821,17,4,24,734,2,1,1,1.0,6.0,56083,M,4782289.0,-324461.0,56
201700030822,17,4,24,758,2,2,2,1.0,3.0,56121,M,4775755.0,-337157.0,56
201700030823,17,4,26,755,1,2,6,1.0,6.0,56121,M,4775804.0,-338985.0,56
201700030824,17,4,25,1524,1,2,3,1.0,2.0,56121,M,4774261.0,-338446.0,56
201700030825,17,4,28,1720,1,1,2,1.0,2.0,56162,M,4771096.0,-341558.0,56
201700030826,17,4,29,1920,1,2,1,1.0,6.0,56107,M,4770406.0,-338489.0,56
201700030827,17,5,1,1915,1,2,2,8.0,3.0,56121,M,4775508.0,-339847.0,56
201700030828,17,5,2,255,5,2,2,1.0,6.0,56107,M,4770521.0,-338424.0,56
201700030829,17,5,2,1730,1,2,6,1.0,6.0,56162,M,4773232.0,-343105.0,56
201700030830,17,5,3,805,1,2,1,1.0,3.0,56121,M,4776272.0,-338449.0,56
201700030831,17,5,4,1955,1,1,1,1.0,6.0,56083,M,4782186.0,-328558.0,56
201700030832,17,5,8,1447,1,2,6,1.0,3.0,56121,M,4774664.0,-336626.0,56
201700030833,17,5,8,2015,1,2,3,1.0,2.0,56083,M,4780434.0,-327617.0,56
201700030834,17,5,9,1900,1,1,4,1.0,2.0,56083,M,4781025.0,-325295.0,56
201700030835,17,5,5,1710,1,1,1,1.0,4.0,56098,M,4777819.0,-335499.0,56
201700030836,17,5,12,2115,2,2,2,1.0,3.0,56121,M,4775709.0,-336702.0,56
201700030837,17,5,14,2255,5,2,1,1.0,3.0,56121,M,4774610.0,-336439.0,56
201700030838,17,5,15,840,1,2,1,1.0,6.0,56121,M,4774138.0,-337284.0,56
201700030839,17,5,16,935,1,2,2,1.0,3.0,56121,M,4776027.0,-339330.0,56
201700030840,17,5,16,1220,1,2,1,1.0,6.0,56121,M,4774945.0,-339416.0,56
201700030841,17,5,17,930,1,1,1,2.0,1.0,56083,M,4778365.0,-333925.0,56
201700030842,17,5,24,1810,1,2,1,1.0,6.0,56121,M,4776190.0,-338924.0,56
201700030843,17,5,26,1545,1,2,6,1.0,2.0,56083,M,4779983.0,-326063.0,56
201700030844,17,5,26,1655,1,1,1,1.0,6.0,56098,M,4777513.0,-334254.0,56
201700030845,17,5,26,2235,5,2,1,1.0,7.0,56098,M,4777120.0,-334885.0,56
201700030846,17,5,28,1735,1,2,4,1.0,2.0,56121,M,4773468.0,-336560.0,56
201700030847,17,5,29,1100,1,1,1,1.0,6.0,56083,M,4778821.0,-327985.0,56
201700030848,17,5,30,1040,1,2,2,1.0,3.0,56121,M,4774268.0,-336069.0,56
201700030849,17,5,30,1750,1,1,1,1.0,2.0,56121,M,4777117.0,-340410.0,56
201700030850,17,6,1,845,1,2,1,7.0,6.0,56121,M,4774663.0,-336810.0,56
201700030851,17,5,31,1750,1,2,3,1.0,6.0,56121,M,4773425.0,-336735.0,56
201700030852,17,6,2,850,1,2,1,1.0,4.0,56107,M,4772659.0,-338352.0,56
201700030853,17,6,2,940,1,2,3,1.0,3.0,56162,M,4770694.0,-342115.0,56
201700030854,17,6,2,1310,1,2,1,1.0,7.0,56107,M,4770309.0,-338464.0,56
201700030855,17,6,3,150,5,2,2,1.0,6.0,56107,M,4770611.0,-338260.0,56
201700030856,17,6,3,2130,2,2,1,1.0,7.0,56162,M,4771114.0,-347107.0,56
201700030857,17,6,8,856,1,2,1,1.0,6.0,56121,M,4775560.0,-339165.0,56
201700030858,17,6,10,2245,5,2,2,1.0,3.0,56121,M,4775587.0,-336387.0,56
201700030859,17,6,13,955,1,2,1,1.0,6.0,56121,M,4775805.0,-336519.0,56
201700030860,17,6,14,1920,1,2,4,1.0,6.0,56121,M,4774278.0,-338924.0,56
201700030861,17,6,17,1602,1,2,6,1.0,6.0,56083,M,4780005.0,-326020.0,56
201700030862,17,6,19,1945,1,1,2,1.0,3.0,56162,M,4773779.0,-345792.0,56
201700030863,17,6,20,820,1,2,4,1.0,3.0,56162,M,4774320.0,-340166.0,56
201700030864,17,6,22,345,5,2,1,1.0,6.0,56121,M,4775496.0,-336321.0,56
201700030865,17,6,22,1830,1,2,1,1.0,7.0,56098,M,4776677.0,-334055.0,56
201700030866,17,6,24,1538,1,2,6,1.0,1.0,56121,M,4774124.0,-337309.0,56
201700030867,17,6,25,1833,1,2,1,1.0,7.0,56121,M,4776012.0,-336644.0,56
201700030868,17,6,29,1705,1,2,1,2.0,2.0,56121,M,4776011.0,-339295.0,56
201700030869,17,6,29,1915,1,2,1,1.0,1.0,56098,M,4776991.0,-334252.0,56
201700030870,17,6,30,1635,1,1,1,1.0,2.0,56098,M,4777848.0,-335097.0,56
201700030871,17,7,2,1757,1,2,1,1.0,6.0,56121,M,4774842.0,-336050.0,56
201700030872,17,7,4,1510,1,2,1,1.0,6.0,56121,M,4772984.0,-336566.0,56
201700030873,17,7,10,1650,1,2,1,1.0,4.0,56107,M,4771811.0,-338381.0,56
201700030874,17,7,11,1840,1,2,2,2.0,6.0,56121,M,4775733.0,-335492.0,56
201700030875,17,7,13,1900,1,2,1,1.0,6.0,56121,M,4775023.0,-336478.0,56
201700030876,17,7,14,210,3,1,3,1.0,3.0,56162,M,4773374.0,-347678.0,56
201700030877,17,7,17,1735,1,2,1,1.0,6.0,56121,M,4774981.0,-336642.0,56
201700030878,17,7,18,1045,1,2,1,3.0,6.0,56121,M,4775469.0,-336400.0,56
201700030879,17,7,19,2220,5,2,1,9.0,7.0,56121,M,4775224.0,-337093.0,56
201700030880,17,7,20,933,1,2,6,1.0,3.0,56121,M,4774377.0,-338103.0,56
201700030881,17,7,21,1945,1,2,1,3.0,6.0,56098,M,4777985.0,-334296.0,56
201700030882,17,7,22,1930,1,2,2,9.0,6.0,56121,M,4774600.0,-338038.0,56
201700030883,17,7,23,1200,1,1,1,1.0,7.0,56098,M,4777937.0,-334606.0,56
201700030884,17,7,24,1700,1,2,1,1.0,6.0,56121,M,4774802.0,-337490.0,56
201700030885,17,7,25,1500,1,2,1,1.0,2.0,56121,M,4774358.0,-336820.0,56
201700030886,17,7,26,2120,1,2,2,3.0,7.0,56098,M,4776576.0,-332934.0,56
201700030887,17,7,26,2130,2,1,1,3.0,6.0,56083,M,4778729.0,-327736.0,56
201700030888,17,7,27,15,5,2,1,1.0,7.0,56162,M,4773039.0,-343198.0,56
201700030889,17,7,28,1617,1,2,3,1.0,3.0,56083,M,4780576.0,-326023.0,56
201700030890,17,8,4,1425,1,2,1,1.0,6.0,56107,M,4771575.0,-338463.0,56
201700030891,17,8,10,900,1,2,4,1.0,3.0,56121,M,4775203.0,-337912.0,56
201700030892,17,8,10,1325,1,2,6,1.0,3.0,56121,M,4773352.0,-338526.0,56
201700030893,17,8,12,1550,1,2,1,1.0,7.0,56083,M,4781499.0,-324349.0,56
201700030894,17,8,13,2130,1,2,1,1.0,2.0,56121,M,4775917.0,-337961.0,56
201700030895,17,8,17,1215,1,1,1,1.0,2.0,56162,M,4774484.0,-342060.0,56
201700030896,17,8,18,1815,1,2,6,1.0,3.0,56121,M,4774994.0,-336640.0,56
201700030897,17,8,22,5,5,2,3,1.0,3.0,56098,M,4776404.0,-336057.0,56
201700030898,17,8,22,1150,1,2,1,1.0,2.0,56162,M,4774425.0,-339852.0,56
201700030899,17,8,24,1045,1,2,3,1.0,6.0,56083,M,4780851.0,-327619.0,56
201700030900,17,8,28,1045,2,2,1,1.0,1.0,56098,M,4776245.0,-335052.0,56
201700030901,17,8,30,1206,1,2,6,1.0,3.0,56121,M,4776590.0,-340064.0,56
201700030902,17,9,5,800,1,2,2,8.0,2.0,56121,M,4773968.0,-336886.0,56
201700030903,17,9,5,1005,1,2,1,8.0,6.0,56121,M,4774582.0,-338053.0,56
201700030904,17,9,6,1212,1,2,1,8.0,2.0,56121,M,4775694.0,-337179.0,56
201700030905,17,9,6,1330,1,1,1,8.0,7.0,56083,M,4778849.0,-327786.0,56
201700030906,17,9,7,1423,1,2,1,8.0,6.0,56121,M,4775523.0,-336347.0,56
201700030907,17,9,9,1150,1,2,1,1.0,4.0,56121,M,4775456.0,-337131.0,56
201700030908,17,9,9,1648,1,2,3,1.0,3.0,56098,M,4777096.0,-334594.0,56
201700030909,17,9,13,836,1,2,6,2.0,7.0,56121,M,4775413.0,-338339.0,56
201700030910,17,9,14,1445,1,2,1,1.0,6.0,56162,M,4773971.0,-341271.0,56
201700030911,17,9,15,1737,1,2,2,1.0,3.0,56121,M,4775370.0,-336379.0,56
201700030912,17,9,16,1505,1,1,1,1.0,7.0,56098,M,4778038.0,-334325.0,56
201700030913,17,9,16,1945,1,2,1,1.0,6.0,56121,M,4775842.0,-338503.0,56
201700030914,17,9,17,1940,1,1,1,1.0,5.0,56162,M,4776401.0,-342509.0,56
201700030915,17,9,18,1510,1,2,1,1.0,6.0,56121,M,4773955.0,-336308.0,56
201700030916,17,9,20,747,2,2,2,1.0,3.0,56098,M,4776216.0,-333743.0,56
201700030917,17,9,21,1355,1,2,1,1.0,6.0,56107,M,4772755.0,-337939.0,56
201700030918,17,9,24,320,5,2,1,1.0,6.0,56121,M,4775414.0,-337120.0,56
201700030919,17,9,24,718,3,1,1,2.0,6.0,56162,M,4775733.0,-340414.0,56
201700030920,17,9,23,645,5,2,4,1.0,6.0,56121,M,4774658.0,-336799.0,56
201700030921,17,9,30,525,5,2,1,1.0,6.0,56121,M,4773920.0,-336895.0,56
201700030922,17,9,30,1812,1,2,3,1.0,6.0,56121,M,4774670.0,-336056.0,56
201700030923,17,9,30,2330,5,2,6,1.0,6.0,56098,M,4777817.0,-334519.0,56
201700030924,17,10,4,1038,1,1,6,1.0,3.0,56162,M,4775060.0,-341902.0,56
201700030925,17,10,4,1728,1,2,6,1.0,6.0,56121,M,4775183.0,-336523.0,56
201700030926,17,10,5,1347,1,1,1,1.0,7.0,56083,M,4782270.0,-324538.0,56
201700030927,17,10,5,1620,1,2,1,1.0,6.0,56098,M,4776226.0,-334793.0,56
201700030928,17,10,6,1228,1,2,1,1.0,6.0,56121,M,4776014.0,-338300.0,56
201700030929,17,10,6,1827,1,2,3,1.0,3.0,56121,M,4775617.0,-339118.0,56
201700030930,17,10,11,2030,5,2,6,1.0,3.0,56121,M,4773337.0,-338521.0,56
201700030931,17,10,13,1324,1,2,1,1.0,6.0,56098,M,4776691.0,-333863.0,56
201700030932,17,10,13,1840,1,2,1,1.0,3.0,56121,M,4773671.0,-338294.0,56
201700030933,17,10,13,2120,3,1,2,1.0,3.0,56098,M,4778001.0,-331075.0,56
201700030934,17,10,16,1330,1,2,1,1.0,6.0,56098,M,4775780.0,-333121.0,56
201700030935,17,10,17,815,2,2,6,8.0,7.0,56083,M,4779973.0,-326058.0,56
201700030936,17,10,17,1012,1,2,1,8.0,7.0,56121,M,4773172.0,-338816.0,56
201700030937,17,10,17,2135,5,2,6,1.0,6.0,56121,M,4774540.0,-336808.0,56
201700030938,17,10,18,2046,5,2,1,1.0,6.0,56121,M,4775382.0,-337109.0,56
201700030939,17,10,19,1221,1,2,2,1.0,2.0,56121,M,4774771.0,-339296.0,56
201700030940,17,10,19,1640,1,2,1,2.0,7.0,56162,M,4773048.0,-343516.0,56
201700030941,17,10,19,2317,5,2,1,8.0,6.0,56121,M,4775382.0,-337109.0,56
201700030942,17,10,20,1440,1,2,1,1.0,6.0,56121,M,4774989.0,-336167.0,56
201700030943,17,10,22,600,3,1,1,2.0,6.0,56098,M,4778041.0,-334322.0,56
201700030944,17,10,24,1030,1,2,1,1.0,7.0,56098,M,4776398.0,-335364.0,56
201700030945,17,10,28,235,5,2,6,1.0,6.0,56162,M,4772538.0,-343461.0,56
201700030946,17,10,30,1620,1,2,6,1.0,3.0,56121,M,4773929.0,-338032.0,56
201700030947,17,11,1,125,5,2,3,1.0,6.0,56121,M,4774820.0,-335771.0,56
201700030948,17,11,1,250,5,2,1,1.0,6.0,56107,M,4772173.0,-338244.0,56
201700030949,17,11,1,1854,5,2,1,1.0,3.0,56083,M,4780554.0,-327663.0,56
201700030950,17,11,4,1627,1,2,1,1.0,6.0,56098,M,4776639.0,-334518.0,56
201700030951,17,11,8,1714,1,2,1,1.0,7.0,56083,M,4779956.0,-326254.0,56
201700030952,17,11,9,905,1,1,1,2.0,6.0,56162,M,4774802.0,-341014.0,56
201700030953,17,11,9,1730,2,2,1,1.0,4.0,56098,M,4776338.0,-336163.0,56
201700030954,17,11,9,2310,5,2,1,1.0,7.0,56121,M,4774443.0,-336807.0,56
201700030955,17,11,12,1100,1,2,1,1.0,6.0,56098,M,4775538.0,-334543.0,56
201700030956,17,11,14,815,2,2,1,1.0,6.0,56098,M,4776640.0,-333454.0,56
201700030957,17,11,14,1840,5,2,3,1.0,3.0,56098,M,4776798.0,-334266.0,56
201700030958,17,11,15,743,5,2,1,1.0,6.0,56121,M,4774999.0,-337294.0,56
201700030959,17,11,16,1430,1,2,6,1.0,3.0,56107,M,4770690.0,-338385.0,56
201700030960,17,11,16,1900,5,2,1,1.0,3.0,56121,M,4775199.0,-337085.0,56
201700030961,17,11,19,420,5,2,1,1.0,7.0,56121,M,4775322.0,-337555.0,56
201700030962,17,11,20,1455,2,2,1,1.0,6.0,56121,M,4773414.0,-338483.0,56
201700030963,17,11,21,1220,1,2,1,1.0,3.0,56098,M,4777680.0,-334046.0,56
201700030964,17,11,23,1819,5,1,6,2.0,2.0,56098,M,4776760.0,-331472.0,56
201700030965,17,11,25,1120,1,2,3,1.0,6.0,56121,M,4775874.0,-337769.0,56
201700030966,17,11,25,1510,1,2,1,1.0,2.0,56098,M,4776648.0,-333488.0,56
201700030967,17,11,27,1241,1,2,3,1.0,4.0,56121,M,4774708.0,-338249.0,56
201700030968,17,11,27,1803,5,2,2,2.0,3.0,56121,M,4775488.0,-336336.0,56
201700030969,17,11,29,715,5,2,6,1.0,2.0,56121,M,4773619.0,-336516.0,56
201700030970,17,11,30,755,5,2,1,1.0,6.0,56083,M,4780201.0,-327901.0,56
201700030971,17,11,30,830,2,2,2,1.0,3.0,56098,M,4775602.0,-334309.0,56
201700030972,17,11,30,1820,5,2,3,1.0,2.0,56083,M,4780807.0,-326999.0,56
201700030973,17,12,1,1103,1,2,3,1.0,3.0,56083,M,4781063.0,-325231.0,56
201700030974,17,12,1,1253,1,2,3,1.0,6.0,56098,M,4777002.0,-335006.0,56
201700030975,17,12,1,2010,5,2,3,1.0,3.0,56121,M,4774532.0,-336967.0,56
201700030976,17,12,2,1353,1,2,6,8.0,3.0,56121,M,4773776.0,-339119.0,56
201700030977,17,12,4,744,5,1,6,1.0,2.0,56083,M,4778600.0,-327723.0,56
201700030978,17,12,7,805,5,2,6,2.0,6.0,56083,M,4780125.0,-328279.0,56
201700030979,17,12,8,1655,1,2,1,1.0,6.0,56121,M,4774227.0,-338664.0,56
201700030980,17,12,8,1835,3,1,1,1.0,2.0,56098,M,4777821.0,-335376.0,56
201700030981,17,12,8,2140,5,1,6,1.0,1.0,56098,M,4777866.0,-334552.0,56
201700030982,17,12,9,2245,3,2,1,3.0,6.0,56121,M,4773257.0,-337473.0,56
201700030983,17,12,11,900,2,2,6,2.0,3.0,56121,M,4773647.0,-338293.0,56
201700030984,17,12,12,1052,1,2,1,1.0,4.0,56121,M,4776316.0,-339372.0,56
201700030985,17,12,12,1504,1,2,1,1.0,6.0,56121,M,4775063.0,-336607.0,56
201700030986,17,12,12,1557,1,2,1,1.0,6.0,56098,M,4776458.0,-335974.0,56
201700030987,17,12,14,1810,5,1,1,2.0,4.0,56098,M,4777842.0,-335157.0,56
201700030988,17,12,15,1530,1,2,3,1.0,3.0,56098,M,4776532.0,-335852.0,56
201700030989,17,12,19,1057,1,2,1,7.0,6.0,56121,M,4775023.0,-336707.0,56
201700030990,17,12,21,1242,1,2,1,1.0,6.0,56121,M,4773916.0,-339181.0,56
201700030991,17,12,22,918,1,2,1,1.0,6.0,56121,M,4774958.0,-336272.0,56
201700030992,17,12,22,1428,1,2,1,1.0,6.0,56121,M,4775857.0,-337727.0,56
201700030993,17,12,23,1433,1,2,1,1.0,6.0,56098,M,4777711.0,-335539.0,56
201700030994,17,12,24,1155,1,1,1,1.0,6.0,56121,M,4775844.0,-338506.0,56
201700030995,17,12,28,1400,1,2,3,1.0,3.0,56098,M,4776767.0,-334146.0,56
201700030996,17,12,29,43,5,2,1,1.0,6.0,56107,M,4772413.0,-338260.0,56
201700030997,17,12,29,1744,3,2,6,1.0,2.0,56121,M,4773584.0,-337471.0,56
201700030998,17,12,29,1722,2,2,1,1.0,3.0,56162,M,4773727.0,-342864.0,56
201700030999,17,12,30,545,5,2,1,1.0,6.0,56121,M,4775212.0,-336429.0,56
201700031000,17,12,30,1755,5,2,1,6.0,4.0,56083,M,4779920.0,-326070.0,56
201700031001,17,12,30,1757,5,2,1,8.0,2.0,56121,M,4775373.0,-337115.0,56
201700031002,17,1,19,2200,3,1,1,1.0,6.0,34243,M,4387877.0,374484.0,34
201700031003,17,2,25,1240,1,1,1,1.0,1.0,34128,M,4391566.0,372817.0,34
201700031004,17,4,22,830,1,1,1,1.0,1.0,34342,M,4374549.0,376357.0,34
201700031005,17,8,3,1540,1,1,1,1.0,2.0,34067,M,4391762.0,369096.0,34
201700031006,17,9,29,1350,1,2,1,1.0,6.0,34111,M,4393303.0,371042.0,34
201700031007,17,10,8,1045,1,2,1,7.0,6.0,34128,M,4392131.0,372555.0,34
201700031008,17,1,31,625,3,1,1,1.0,6.0,17133,M,4558669.0,-73661.0,17
201700031009,17,2,6,1400,1,2,1,2.0,6.0,17230,M,4555768.0,-95250.0,17
201700031010,17,4,20,1300,1,2,1,1.0,1.0,17172,M,4556983.0,-66763.0,17
201700031011,17,6,9,1600,1,1,3,1.0,4.0,17131,M,4557873.0,-78628.0,17
201700031012,17,6,7,2230,3,1,1,1.0,7.0,17298,M,4561881.0,-70788.0,17
201700031013,17,6,10,1540,1,1,1,1.0,7.0,17131,M,4557882.0,-78761.0,17
201700031014,17,7,3,1850,1,1,1,1.0,3.0,17152,M,4553788.0,-77143.0,17
201700031015,17,7,7,1025,1,2,3,1.0,3.0,17172,M,4557483.0,-67616.0,17
201700031016,17,7,18,5,4,2,1,1.0,6.0,17172,M,4556996.0,-66257.0,17
201700031017,17,7,23,1430,1,1,4,1.0,1.0,17296,M,4566363.0,-75241.0,17
201700031018,17,8,2,1915,1,1,2,1.0,6.0,17425,M,4560717.0,-92822.0,17
201700031019,17,9,9,900,1,1,1,2.0,6.0,17442,M,4561421.0,-79902.0,17
201700031020,17,9,14,655,3,1,1,2.0,1.0,17298,M,4565778.0,-69668.0,17
201700031021,17,9,27,1705,1,1,4,1.0,7.0,17442,M,4562419.0,-79507.0,17
201700031022,17,10,16,825,1,2,1,1.0,1.0,17131,M,4559150.0,-83610.0,17
201700031023,17,11,19,855,1,1,1,5.0,6.0,17310,M,4556648.0,-75517.0,17
201700031024,17,11,25,1845,3,1,1,1.0,3.0,17131,M,4556725.0,-80829.0,17
201700031025,17,12,6,2115,3,1,1,5.0,6.0,17404,M,4561327.0,-68499.0,17
201700031026,17,1,2,745,5,2,6,5.0,6.0,56260,M,4763984.0,-277639.0,56
201700031027,17,1,7,1355,1,2,1,1.0,6.0,56260,M,4766041.0,-274420.0,56
201700031028,17,1,9,1505,1,2,9,8.0,6.0,56260,M,4766268.0,-279074.0,56
201700031029,17,1,12,840,2,1,1,1.0,4.0,56260,M,4767336.0,-271560.0,56
201700031030,17,1,26,845,1,2,2,1.0,1.0,56260,M,4766663.0,-277737.0,56
201700031031,17,2,6,1610,1,2,1,2.0,6.0,56260,M,4765630.0,-275930.0,56
201700031032,17,2,9,1115,1,2,7,1.0,6.0,56260,M,4765585.0,-275713.0,56
201700031033,17,3,1,1545,1,2,2,1.0,5.0,56260,M,4766131.0,-275711.0,56
201700031034,17,3,3,2010,5,2,3,8.0,3.0,56260,M,4766090.0,-275447.0,56
201700031035,17,3,10,2250,5,2,2,1.0,3.0,56260,M,4766750.0,-275685.0,56
201700031036,17,3,15,2035,5,2,1,1.0,2.0,56260,M,4766004.0,-278733.0,56
201700031037,17,3,17,1645,1,1,1,1.0,5.0,56260,M,4766620.0,-272582.0,56
201700031038,17,3,17,1920,5,2,2,1.0,1.0,56260,M,4764898.0,-277046.0,56
201700031039,17,3,21,1142,1,2,1,1.0,2.0,56260,M,4764802.0,-278196.0,56
201700031040,17,4,3,1605,1,2,7,1.0,6.0,56260,M,4766016.0,-278916.0,56
201700031041,17,4,10,1315,1,2,1,1.0,1.0,56260,M,4768207.0,-276811.0,56
201700031042,17,5,13,847,1,1,4,1.0,3.0,56260,M,4765766.0,-274659.0,56
201700031043,17,5,19,1550,1,2,3,1.0,3.0,56260,M,4766724.0,-272523.0,56
201700031044,17,5,23,1820,1,2,1,1.0,6.0,56260,M,4764175.0,-276111.0,56
201700031045,17,5,31,1210,1,2,1,1.0,6.0,56260,M,4766002.0,-278719.0,56
201700031046,17,6,2,1830,1,2,6,1.0,3.0,56260,M,4766488.0,-279432.0,56
201700031047,17,6,4,1000,1,2,2,1.0,3.0,56260,M,4764622.0,-278018.0,56
201700031048,17,6,8,1600,1,2,3,1.0,3.0,56260,M,4764343.0,-277126.0,56
201700031049,17,6,19,1845,1,2,2,1.0,3.0,56260,M,4766131.0,-275710.0,56
201700031050,17,5,2,1748,1,2,1,1.0,4.0,56260,M,4766536.0,-272329.0,56