Num_Acc,an,mois,jour,hrmn,lum,agg,int,atm,col,com,gps,lat,long,dep
201700031051,17,6,14,2022,1,2,1,1.0,3.0,56260,M,4766446.0,-278120.0,56
201700031052,17,7,6,1705,1,2,1,1.0,6.0,56260,M,4765607.0,-275955.0,56
201700031053,17,7,9,1210,1,2,3,1.0,3.0,56260,M,4765491.0,-277582.0,56
201700031054,17,7,9,1920,1,2,2,1.0,3.0,56260,M,4766129.0,-275543.0,56
201700031055,17,7,20,2015,2,1,1,1.0,2.0,56260,M,4763320.0,-274560.0,56
201700031056,17,8,5,1735,1,2,3,1.0,3.0,56260,M,4765940.0,-271000.0,56
201700031057,17,8,22,1315,1,2,2,1.0,2.0,56260,M,4766734.0,-275678.0,56
201700031058,17,8,25,1725,1,2,1,1.0,2.0,56260,M,4766559.0,-278741.0,56
201700031059,17,9,19,1405,1,2,4,1.0,2.0,56260,M,4766913.0,-276662.0,56
201700031060,17,9,23,1450,1,2,1,1.0,6.0,56260,M,4766960.0,-279451.0,56
201700031061,17,9,30,955,1,2,6,1.0,3.0,56260,M,4765307.0,-278328.0,56
201700031062,17,10,7,1735,1,2,1,1.0,2.0,56260,M,4766000.0,-278754.0,56
201700031063,17,10,25,1420,1,2,1,1.0,3.0,56260,M,4766464.0,-278045.0,56
201700031064,17,11,9,828,5,2,6,1.0,6.0,56260,M,4764290.0,-275174.0,56
201700031065,17,11,15,2030,5,2,2,1.0,3.0,56260,M,4766718.0,-273541.0,56
201700031066,17,11,30,1135,1,2,1,1.0,3.0,56260,M,4766366.0,-276624.0,56
201700031067,17,12,9,1420,1,2,1,2.0,5.0,56260,M,4766378.0,-276709.0,56
201700031068,17,12,14,800,5,2,9,2.0,3.0,56260,M,4765096.0,-279093.0,56
201700031069,17,12,19,1115,1,2,3,1.0,3.0,56260,M,4764870.0,-275468.0,56
201700031070,17,1,9,810,3,1,1,5.0,1.0,49076,M,4760809.0,-33151.0,49
201700031071,17,1,27,1050,1,1,1,1.0,7.0,49127,M,4767606.0,-25000.0,49
201700031072,17,1,27,1455,1,1,1,1.0,7.0,49110,M,4755351.0,-35228.0,49
201700031073,17,1,29,25,3,1,1,9.0,6.0,49110,M,4753456.0,-33804.0,49
201700031074,17,3,11,1825,1,1,1,1.0,6.0,49220,M,4771737.0,-38848.0,49
201700031075,17,3,15,1750,1,1,3,7.0,3.0,49127,M,4764070.0,-28075.0,49
201700031076,17,3,18,2111,3,1,1,1.0,6.0,49119,M,4767284.0,-28243.0,49
201700031077,17,3,21,1105,1,1,1,1.0,6.0,49110,M,4754064.0,-36295.0,49
201700031078,17,3,30,1620,1,2,1,1.0,6.0,49127,M,4767354.0,-23848.0,49
201700031079,17,4,23,1520,1,2,1,1.0,3.0,49333,M,4762244.0,-20525.0,49
201700031080,17,5,11,810,1,1,3,8.0,1.0,49163,M,4755539.0,-22608.0,49
201700031081,17,5,24,1635,1,1,1,1.0,3.0,49127,M,4766151.0,-23843.0,49
201700031082,17,5,27,1700,1,1,1,1.0,6.0,49163,M,4755031.0,-23829.0,49
201700031083,17,6,11,1000,1,1,1,1.0,6.0,49127,M,4768805.0,-25852.0,49
201700031084,17,6,14,1939,1,1,6,1.0,7.0,49127,M,4767819.0,-21788.0,49
201700031085,17,6,26,640,1,1,1,1.0,2.0,49127,M,4764839.0,-26732.0,49
201700031086,17,7,8,45,3,1,1,1.0,6.0,49127,M,4768771.0,-25828.0,49
201700031087,17,7,18,1530,1,1,1,1.0,6.0,49257,M,4765359.0,-21685.0,49
201700031088,17,8,10,1230,1,2,1,8.0,1.0,49333,M,4757881.0,-35376.0,49
201700031089,17,8,18,2000,1,2,1,1.0,1.0,49333,M,4757435.0,-35937.0,49
201700031090,17,9,30,625,3,1,1,1.0,6.0,49076,M,4761534.0,-32490.0,49
201700031091,17,10,23,1215,1,1,3,1.0,3.0,49174,M,4763829.0,-28524.0,49
201700031092,17,11,24,1830,5,2,1,2.0,2.0,49110,M,4756937.0,-35967.0,49
201700031093,17,12,2,1420,1,1,2,1.0,5.0,49163,M,4756149.0,-24791.0,49
201700031094,17,1,5,1823,3,1,1,1.0,6.0,07237,M,4481917.0,471350.0,07
201700031095,17,3,2,1050,1,1,1,1.0,7.0,07083,M,4482226.0,465591.0,07
201700031096,17,3,10,1605,1,1,1,1.0,6.0,07295,M,4481987.0,457725.0,07
201700031097,17,1,14,1020,1,2,1,1.0,6.0,33204,M,4454650.0,-452.0,33
201700031098,17,4,22,1620,1,1,1,1.0,7.0,33418,M,4459852.0,-2590.0,33
201700031099,17,6,24,1500,1,1,1,1.0,6.0,33048,M,4448053.0,-13020.0,33
201700031100,17,7,5,1145,1,2,1,1.0,6.0,33087,M,4462250.0,-7334.0,33
201700031101,17,7,14,945,1,1,1,1.0,6.0,33002,M,4450332.0,-5213.0,33
201700031102,17,8,25,1555,1,2,1,1.0,6.0,33352,M,4458652.0,-4094.0,33
201700031103,17,9,8,1515,1,1,1,1.0,3.0,33346,M,4454712.0,-7505.0,33
201700031104,17,9,19,1200,1,1,3,1.0,3.0,33087,M,4464016.0,-6211.0,33
201700031105,17,10,7,320,5,2,1,1.0,6.0,33352,M,4458287.0,-3802.0,33
201700031106,17,10,28,1540,1,1,1,1.0,7.0,33287,M,4458104.0,3178.0,33
201700031107,17,11,1,1735,2,1,1,1.0,6.0,33021,M,4451525.0,-17590.0,33
201700031108,17,12,8,1620,1,1,2,2.0,1.0,33170,M,4456769.0,-3163.0,33
201700031109,17,12,25,1650,1,1,1,1.0,6.0,33021,M,4450694.0,-15789.0,33
201700031110,17,2,9,1220,1,1,3,1.0,6.0,33225,M,4458970.0,-45412.0,33
201700031111,17,3,10,2215,3,1,1,1.0,1.0,33076,M,4453547.0,-42743.0,33
201700031112,17,2,14,1406,1,2,5,1.0,3.0,33081,M,4463493.0,-30851.0,33
201700031113,17,5,4,1030,1,2,9,1.0,6.0,33327,M,4465633.0,-36611.0,33
201700031114,17,10,2,855,1,1,1,3.0,1.0,33205,M,4460851.0,-36353.0,33
201700031115,17,11,15,1725,2,2,3,1.0,3.0,33327,M,4465365.0,-36062.0,33
201700031116,17,3,25,2000,3,2,2,1.0,3.0,40004,M,4365810.0,-136024.0,40
201700031117,17,4,11,1845,1,2,9,1.0,3.0,40065,M,4364847.0,-144393.0,40
201700031118,17,4,17,1100,1,2,3,7.0,3.0,40065,M,4365106.0,-144159.0,40
201700031119,17,6,10,2340,3,1,1,1.0,6.0,40133,M,4360980.0,-143350.0,40
201700031120,17,9,8,1115,1,2,6,1.0,3.0,40304,M,4366927.0,-143949.0,40
201700031121,17,9,20,1910,1,2,3,1.0,3.0,40065,M,4364411.0,-143284.0,40
201700031122,17,11,22,908,1,2,6,7.0,3.0,40065,M,4364075.0,-142721.0,40
201700031123,17,6,7,2135,5,2,3,1.0,3.0,57227,M,4918705.0,689823.0,57
201700031124,17,8,2,2250,4,1,1,1.0,7.0,57537,M,4920881.0,686299.0,57
201700031125,17,7,29,510,3,1,1,1.0,6.0,57227,M,,,57
201700031126,17,11,27,1755,5,2,9,3.0,3.0,57660,M,4920482.0,693897.0,57
201700031127,17,9,5,1940,2,2,1,1.0,6.0,57227,M,4918723.0,690684.0,57
201700031128,17,1,12,1800,2,2,1,1.0,6.0,57606,M,4910144.0,670674.0,57
201700031129,17,1,28,1330,1,2,3,1.0,3.0,57606,M,4910000.0,670000.0,57
201700031130,17,6,15,700,1,2,1,1.0,6.0,57332,M,4912975.0,678863.0,57
201700031131,17,6,21,2132,2,2,2,1.0,3.0,57606,M,4909983.0,671208.0,57
201700031132,17,8,13,1443,1,2,1,1.0,3.0,57606,M,4911187.0,670606.0,57
201700031133,17,9,27,1945,2,2,3,1.0,3.0,57606,M,4911248.0,670886.0,57
201700031134,17,12,14,1809,5,2,1,2.0,6.0,57606,M,4910513.0,669368.0,57
201700031135,17,12,15,1830,5,1,9,2.0,1.0,57240,M,4915912.0,676492.0,57
201700031136,17,12,15,2000,5,2,1,2.0,1.0,57240,M,4914613.0,682219.0,57
201700031137,17,1,12,1840,3,2,1,2.0,6.0,57019,M,4925790.0,612891.0,57
201700031138,17,1,14,1040,1,2,1,1.0,6.0,57491,M,4924939.0,605005.0,57
201700031139,17,2,22,745,1,2,4,2.0,3.0,57597,M,4925536.0,606078.0,57
201700031140,17,2,24,1000,1,2,1,1.0,6.0,57491,M,4924974.0,605007.0,57
201700031141,17,7,5,1140,1,2,1,1.0,6.0,57143,M,4925987.0,608923.0,57
201700031142,17,7,12,1500,1,2,4,1.0,3.0,57283,M,4924955.0,616076.0,57
201700031143,17,7,8,1100,1,2,1,1.0,6.0,57591,M,4925532.0,609590.0,57
201700031144,17,8,5,540,3,1,1,5.0,1.0,57597,M,,,57
201700031145,17,8,21,350,5,2,1,1.0,6.0,57019,M,4925147.0,614187.0,57
201700031146,17,8,30,1954,1,2,1,1.0,2.0,57283,M,4925006.0,617002.0,57
201700031147,17,9,1,1525,1,2,1,2.0,6.0,57591,M,4925618.0,609777.0,57
201700031148,17,9,15,1626,1,2,1,1.0,6.0,57491,M,4924700.0,604184.0,57
201700031149,17,10,4,1945,3,1,4,8.0,3.0,57019,M,4922056.0,605482.0,57
201700031150,17,11,11,1807,5,2,1,2.0,6.0,57143,M,4926118.0,609550.0,57
201700031151,17,11,13,1719,3,2,3,1.0,3.0,57283,M,4924790.0,615720.0,57
201700031152,17,12,17,1722,5,2,4,9.0,6.0,57591,M,4925353.0,609545.0,57
201700031153,17,12,23,1936,4,1,1,2.0,7.0,57019,M,4926158.0,612622.0,57
201700031154,17,12,26,815,1,2,1,1.0,6.0,57591,M,4925652.0,612190.0,57
201700031155,17,1,11,1645,2,2,3,2.0,3.0,57463,M,4913018.0,621085.0,57
201700031156,17,1,12,1650,2,2,4,1.0,3.0,57463,M,4911922.0,618409.0,57
201700031157,17,1,16,1912,5,1,1,1.0,6.0,57480,M,4910179.0,615714.0,57
201700031158,17,1,21,1330,1,2,9,7.0,6.0,57487,M,4908397.0,610911.0,57
201700031159,17,1,23,1610,1,2,1,1.0,6.0,57463,M,4911094.0,617115.0,57
201700031160,17,1,28,1720,5,2,1,1.0,3.0,57463,M,4911186.0,617114.0,57
201700031161,17,2,7,1835,5,2,1,2.0,6.0,57463,M,4913297.0,615368.0,57
201700031162,17,2,9,720,5,2,3,1.0,6.0,57463,M,4910163.0,617984.0,57
201700031163,17,2,9,1700,2,2,1,1.0,5.0,57463,M,4912231.0,616682.0,57
201700031164,17,2,11,2100,5,2,1,1.0,6.0,57463,M,4910760.0,623049.0,57
201700031165,17,2,15,1455,1,2,1,1.0,1.0,57463,M,4912775.0,618690.0,57
201700031166,17,2,17,1845,3,1,1,1.0,6.0,57463,M,4911551.0,619441.0,57
201700031167,17,2,21,1135,1,2,1,1.0,6.0,57480,M,4909855.0,614810.0,57
201700031168,17,2,21,1840,5,2,2,2.0,3.0,57463,M,4910068.0,618856.0,57
201700031169,17,2,22,1315,1,2,1,1.0,6.0,57463,M,4910747.0,622893.0,57
201700031170,17,3,1,1215,1,2,1,1.0,6.0,57463,M,4910453.0,620862.0,57
201700031171,17,3,3,1600,1,2,1,1.0,6.0,57463,M,4911124.0,617083.0,57
201700031172,17,3,10,1655,1,2,1,1.0,6.0,57463,M,4911663.0,618230.0,57
201700031173,17,3,13,1230,1,2,3,1.0,3.0,57463,M,4912780.0,617397.0,57
201700031174,17,3,16,1738,1,2,1,1.0,6.0,57463,M,4911225.0,621481.0,57
201700031175,17,3,16,1930,1,1,1,1.0,1.0,57751,M,4916925.0,616271.0,57
201700031176,17,3,18,1745,1,2,1,2.0,5.0,57463,M,4913166.0,618086.0,57
201700031177,17,3,27,1050,1,2,2,1.0,1.0,57463,M,4910072.0,618854.0,57
201700031178,17,3,27,1200,1,2,1,1.0,6.0,57751,M,4914881.0,616513.0,57
201700031179,17,3,27,1835,1,2,2,1.0,1.0,57463,M,4911949.0,618208.0,57
201700031180,17,3,27,1910,1,2,1,1.0,6.0,57463,M,4912023.0,621333.0,57
201700031181,17,3,31,1500,1,2,4,1.0,2.0,57463,M,4912567.0,618741.0,57
201700031182,17,4,1,1440,1,2,1,1.0,6.0,57447,M,4905894.0,616471.0,57
201700031183,17,4,4,1200,1,2,1,1.0,6.0,57463,M,4911688.0,623094.0,57
201700031184,17,4,10,910,1,2,3,1.0,3.0,57447,M,4907817.0,614409.0,57
201700031185,17,4,12,1535,1,2,3,1.0,3.0,57463,M,4912540.0,615925.0,57
201700031186,17,4,13,1420,1,2,1,1.0,1.0,57463,M,4911886.0,620338.0,57
201700031187,17,4,18,1040,1,1,6,1.0,1.0,57480,M,4910282.0,611070.0,57
201700031188,17,4,24,1600,1,2,1,1.0,6.0,57463,M,,,57
201700031189,17,4,25,1745,1,2,4,8.0,4.0,57463,M,4913721.0,617258.0,57
201700031190,17,4,27,905,1,2,3,1.0,6.0,57463,M,4910328.0,616166.0,57
201700031191,17,5,12,1110,1,2,1,1.0,1.0,57751,M,4914755.0,617161.0,57
201700031192,17,5,16,1800,1,2,6,7.0,6.0,57463,M,4909979.0,617594.0,57
201700031193,17,5,16,1850,1,1,4,1.0,2.0,57463,M,4911738.0,618787.0,57
201700031194,17,5,20,445,5,2,1,2.0,6.0,57463,M,4912163.0,615078.0,57
201700031195,17,5,27,1550,1,2,1,1.0,6.0,57463,M,4909190.0,618446.0,57
201700031196,17,5,28,1655,1,2,3,1.0,3.0,57751,M,4915767.0,615099.0,57
201700031197,17,5,29,700,1,2,3,1.0,3.0,57463,M,4910064.0,617530.0,57
201700031198,17,5,30,821,1,1,4,1.0,3.0,57480,M,4909542.0,611918.0,57
201700031199,17,6,1,2045,3,2,3,1.0,3.0,57480,M,4909864.0,614851.0,57
201700031200,17,6,1,2255,3,2,1,1.0,6.0,57463,M,4913020.0,616571.0,57
201700031201,17,6,12,1945,1,2,3,7.0,3.0,57463,M,4910100.0,616449.0,57
201700031202,17,6,16,835,1,2,3,1.0,6.0,57463,M,4910832.0,617356.0,57
201700031203,17,6,18,315,4,2,1,1.0,6.0,57463,M,4911187.0,624762.0,57
201700031204,17,6,20,1600,1,2,1,1.0,6.0,57480,M,4910649.0,615854.0,57
201700031205,17,6,21,855,1,2,2,1.0,1.0,57463,M,4911496.0,624743.0,57
201700031206,17,6,22,730,1,2,9,1.0,2.0,57751,M,4914977.0,617216.0,57
201700031207,17,6,23,1515,1,2,2,1.0,6.0,57463,M,4911226.0,619998.0,57
201700031208,17,6,24,1342,1,2,3,1.0,3.0,57463,M,4911204.0,621840.0,57
201700031209,17,6,28,1140,1,2,3,1.0,3.0,57463,M,4914484.0,617204.0,57
201700031210,17,6,29,1350,1,2,1,1.0,2.0,57463,M,4912265.0,618286.0,57
201700031211,17,6,29,1710,1,2,1,1.0,3.0,57463,M,4912097.0,617686.0,57
201700031212,17,6,30,2030,1,2,3,2.0,3.0,57463,M,4914335.0,617198.0,57
201700031213,17,7,5,1647,1,2,3,1.0,3.0,57463,M,4912758.0,616699.0,57
201700031214,17,7,5,1648,1,2,2,1.0,3.0,57463,M,4911635.0,620466.0,57
201700031215,17,7,6,2030,2,2,1,1.0,3.0,57480,M,4909529.0,613789.0,57
201700031216,17,7,26,1800,1,2,3,1.0,3.0,57447,M,4905908.0,615618.0,57
201700031217,17,7,26,1845,1,2,1,1.0,6.0,57463,M,4912565.0,618749.0,57
201700031218,17,7,28,1200,1,1,1,1.0,6.0,57463,M,4909899.0,621681.0,57
201700031219,17,8,7,1935,1,2,2,1.0,3.0,57447,M,4907232.0,613955.0,57
201700031220,17,8,8,1910,1,1,2,1.0,3.0,57480,M,4909548.0,611920.0,57
201700031221,17,8,10,830,1,2,4,8.0,2.0,57463,M,4913497.0,617578.0,57
201700031222,17,8,16,1020,1,2,2,1.0,3.0,57463,M,4910617.0,618667.0,57
201700031223,17,8,19,1409,1,2,4,1.0,3.0,57463,M,4913461.0,617670.0,57
201700031224,17,8,21,1730,1,2,1,1.0,1.0,57751,M,4915116.0,617166.0,57
201700031225,17,8,21,2130,5,2,1,1.0,6.0,57480,M,4908941.0,615941.0,57
201700031226,17,8,29,1810,1,2,1,1.0,1.0,57463,M,4910770.0,622503.0,57
201700031227,17,9,1,1610,1,2,1,1.0,6.0,57463,M,4910958.0,620402.0,57
201700031228,17,9,13,2002,4,2,1,3.0,6.0,57447,M,4908589.0,615017.0,57
201700031229,17,9,19,1830,1,2,1,1.0,2.0,57751,M,4915588.0,615715.0,57
201700031230,17,9,24,1825,1,2,1,1.0,6.0,57480,M,4910369.0,615215.0,57
201700031231,17,9,25,1200,1,2,3,1.0,3.0,57447,M,4908498.0,614911.0,57
201700031232,17,9,30,1830,1,2,3,1.0,3.0,57480,M,4909216.0,614842.0,57
201700031233,17,10,3,910,1,2,4,1.0,3.0,57463,M,4910687.0,617190.0,57
201700031234,17,10,7,1735,1,2,1,1.0,6.0,57480,M,4909084.0,616589.0,57
201700031235,17,10,11,750,1,2,1,1.0,5.0,57751,M,4915033.0,617141.0,57
201700031236,17,10,18,35,5,2,1,1.0,3.0,57463,M,4911429.0,622103.0,57
201700031237,17,10,20,715,5,2,3,2.0,3.0,57463,M,4907895.0,618917.0,57
201700031238,17,10,18,1115,1,1,1,1.0,6.0,57463,M,4913099.0,615722.0,57
201700031239,17,10,23,1605,1,1,1,2.0,6.0,57463,M,4910808.0,617875.0,57
201700031240,17,11,15,1545,1,2,2,1.0,3.0,57463,M,4910867.0,618005.0,57
201700031241,17,11,16,830,1,2,2,1.0,6.0,57463,M,4900532.0,620976.0,57
201700031242,17,11,21,735,5,2,1,2.0,3.0,57463,M,4913058.0,615831.0,57
201700031243,17,11,22,1540,1,2,3,1.0,2.0,57463,M,4911262.0,616652.0,57
201700031244,17,11,23,1600,1,2,6,1.0,2.0,57487,M,4908350.0,610928.0,57
201700031245,17,11,29,1755,3,2,1,3.0,6.0,57463,M,4911740.0,619681.0,57
201700031246,17,12,1,725,5,2,1,4.0,6.0,57463,M,4913566.0,615629.0,57
201700031247,17,12,1,1400,1,2,1,1.0,6.0,57463,M,4910205.0,617749.0,57
201700031248,17,12,6,825,1,2,9,1.0,3.0,57463,M,4913476.0,617722.0,57
201700031249,17,12,17,1800,5,2,1,1.0,3.0,57463,M,4911904.0,622812.0,57
201700031250,17,12,19,1740,3,1,1,1.0,2.0,57463,M,4911577.0,619860.0,57
201700031251,17,12,20,1410,1,2,4,2.0,3.0,57751,M,4915952.0,615454.0,57
201700031252,17,12,27,540,5,2,2,2.0,6.0,57463,M,,,57
201700031253,17,12,27,1210,1,2,3,2.0,6.0,57463,M,4910823.0,617347.0,57
201700031254,17,1,5,1640,1,2,1,1.0,6.0,57630,M,4873280.0,705357.0,57
201700031255,17,1,26,1020,1,2,1,1.0,3.0,57630,M,4873828.0,706434.0,57
201700031256,17,3,20,1243,1,2,3,1.0,6.0,57630,M,4873958.0,705611.0,57
201700031257,17,3,21,1745,1,2,1,2.0,3.0,57630,M,4873829.0,706435.0,57
201700031258,17,3,27,803,1,2,2,1.0,3.0,57630,M,4874470.0,707149.0,57
201700031259,17,4,10,1315,1,2,1,1.0,3.0,57630,M,4874274.0,708355.0,57
201700031260,17,4,11,1429,1,2,1,1.0,4.0,57630,M,4872924.0,704970.0,57
201700031261,17,4,22,2130,5,2,1,1.0,1.0,57630,M,4873288.0,705297.0,57
201700031262,17,5,2,1040,1,2,1,1.0,6.0,57630,M,4873510.0,704820.0,57
201700031263,17,9,15,1135,1,2,1,1.0,2.0,57630,M,4874721.0,706384.0,57
201700031264,17,10,10,1910,5,2,1,2.0,6.0,57630,M,4873284.0,705463.0,57
201700031265,17,10,15,237,5,2,1,5.0,6.0,57119,M,4873091.0,706493.0,57
201700031266,17,10,19,510,5,2,1,1.0,6.0,57630,M,4874270.0,705233.0,57
201700031267,17,10,31,1110,1,2,1,7.0,7.0,57630,M,4873480.0,705036.0,57
201700031268,17,3,27,1850,1,2,1,1.0,2.0,57631,M,4912352.0,710573.0,57
201700031269,17,6,11,1205,1,2,1,1.0,2.0,57631,M,4910088.0,706551.0,57
201700031270,17,6,16,1205,1,2,1,1.0,3.0,57631,M,4911856.0,707400.0,57
201700031271,17,11,14,1530,1,2,1,1.0,1.0,57631,M,4910601.0,707081.0,57
201700031272,17,1,9,725,1,1,1,1.0,6.0,57672,M,4933597.0,615739.0,57
201700031273,17,1,10,1300,1,2,1,1.0,6.0,57306,M,4932620.0,607228.0,57
201700031274,17,2,5,1829,5,2,1,2.0,6.0,57672,M,4936123.0,615777.0,57
201700031275,17,2,5,1952,5,2,1,2.0,6.0,57672,M,4935138.0,615945.0,57
201700031276,17,2,10,1705,1,2,1,1.0,6.0,57672,M,4936666.0,615313.0,57
201700031277,17,2,15,1900,5,2,1,1.0,6.0,57757,M,4936075.0,618714.0,57
201700031278,17,3,9,1940,3,1,1,8.0,1.0,57672,M,4938550.0,608970.0,57
201700031279,17,3,10,710,1,2,3,1.0,3.0,57221,M,4931567.0,610876.0,57
201700031280,17,3,17,1210,1,2,1,1.0,6.0,57508,M,4934405.0,604712.0,57
201700031281,17,3,19,1440,1,1,1,1.0,6.0,57672,M,,,57
201700031282,17,3,20,1700,1,2,3,1.0,3.0,57221,M,4931733.0,611644.0,57
201700031283,17,3,21,525,5,2,1,2.0,6.0,57757,M,4935250.0,617505.0,57
201700031284,17,4,7,635,2,2,1,1.0,1.0,57672,M,4936209.0,608475.0,57
201700031285,17,4,17,1730,1,2,6,1.0,3.0,57757,M,4934919.0,620352.0,57
201700031286,17,4,26,1205,1,2,1,1.0,6.0,57672,M,4936081.0,616443.0,57
201700031287,17,5,6,1550,1,2,1,2.0,6.0,57666,M,4935548.0,612770.0,57
201700031288,17,5,9,1720,1,2,1,1.0,3.0,57672,M,4935666.0,614299.0,57
201700031289,17,5,10,1411,1,1,3,1.0,3.0,57306,M,4931492.0,605730.0,57
201700031290,17,5,12,900,1,2,1,1.0,6.0,57757,M,4935895.0,619071.0,57
201700031291,17,5,13,1612,1,2,1,3.0,6.0,57672,M,4935835.0,614452.0,57
201700031292,17,5,18,1030,1,2,1,1.0,6.0,57672,M,4935598.0,616393.0,57
201700031293,17,5,21,2000,1,2,2,1.0,3.0,57672,M,4935660.0,615700.0,57
201700031294,17,5,24,1945,1,2,6,1.0,6.0,57672,M,4935309.0,617479.0,57
201700031295,17,5,26,910,1,2,1,1.0,6.0,57672,M,4935223.0,613857.0,57
201700031296,17,5,26,1705,1,2,6,1.0,3.0,57221,M,4932213.0,611406.0,57
201700031297,17,5,28,1915,1,2,1,1.0,6.0,57666,M,4934159.0,612720.0,57
201700031298,17,5,31,1700,1,2,1,1.0,2.0,57012,M,4935219.0,604228.0,57
201700031299,17,6,1,1015,1,2,1,1.0,6.0,57306,M,4932955.0,606395.0,57
201700031300,17,6,8,1715,1,2,1,1.0,3.0,57368,M,4933984.0,604123.0,57
201700031301,17,6,17,1100,1,2,1,1.0,3.0,57672,M,4936462.0,616413.0,57
201700031302,17,6,26,1020,1,2,1,7.0,6.0,57647,M,4931889.0,609389.0,57
201700031303,17,7,1,1115,1,2,1,2.0,6.0,57672,M,4936015.0,616376.0,57
201700031304,17,7,4,1138,1,1,6,1.0,3.0,57221,M,4934388.0,611547.0,57
201700031305,17,7,5,1442,1,2,1,1.0,6.0,57672,M,4934462.0,616153.0,57
201700031306,17,7,16,1915,1,2,1,1.0,3.0,57672,M,4936452.0,617218.0,57
201700031307,17,7,16,1930,1,2,1,1.0,3.0,57672,M,4936044.0,611163.0,57
201700031308,17,7,22,215,3,1,1,1.0,7.0,57221,M,4933820.0,612770.0,57
201700031309,17,7,25,1320,1,2,3,1.0,7.0,57666,M,4934611.0,614812.0,57
201700031310,17,7,27,2145,5,2,1,1.0,3.0,57757,M,4934677.0,619690.0,57
201700031311,17,8,6,1630,1,2,1,1.0,6.0,57221,M,4932387.0,615390.0,57
201700031312,17,8,7,1830,1,1,1,1.0,3.0,57672,M,4939382.0,617523.0,57
201700031313,17,8,20,1330,1,1,1,1.0,6.0,57672,M,4933672.0,615828.0,57
201700031314,17,8,25,1845,1,2,1,1.0,6.0,57672,M,4935928.0,617047.0,57
201700031315,17,8,26,915,1,2,1,1.0,6.0,57672,M,4935430.0,615794.0,57
201700031316,17,8,27,1505,1,1,1,1.0,6.0,57306,M,4934129.0,609974.0,57
201700031317,17,8,29,1635,1,2,3,1.0,3.0,57647,M,4931872.0,610234.0,57
201700031318,17,9,4,1600,1,2,1,1.0,6.0,57306,M,4934064.0,607655.0,57
201700031319,17,9,8,1645,1,2,1,1.0,3.0,57441,M,4940174.0,620989.0,57
201700031320,17,9,20,1230,1,2,1,1.0,6.0,57757,M,4935702.0,619525.0,57
201700031321,17,9,21,1515,1,2,1,1.0,6.0,57221,M,4932233.0,610850.0,57
201700031322,17,9,25,810,1,2,1,1.0,3.0,57672,M,4935474.0,616308.0,57
201700031323,17,9,25,1640,1,2,3,1.0,3.0,57306,M,4933414.0,607819.0,57
201700031324,17,9,30,2019,3,2,1,1.0,6.0,57672,M,4935598.0,617010.0,57
201700031325,17,10,12,1220,1,2,1,1.0,6.0,57757,M,4935271.0,619922.0,57
201700031326,17,10,13,1700,1,2,3,1.0,3.0,57647,M,4931878.0,610245.0,57
201700031327,17,10,17,1745,1,1,1,1.0,2.0,57306,M,4933754.0,608888.0,57
201700031328,17,10,18,1530,1,2,2,1.0,3.0,57508,M,4934007.0,604925.0,57
201700031329,17,10,20,1500,1,2,1,1.0,6.0,57672,M,4935230.0,616058.0,57
201700031330,17,10,20,2130,4,2,1,1.0,6.0,57012,M,4937748.0,606321.0,57
201700031331,17,11,6,730,1,2,1,8.0,6.0,57666,M,4934596.0,614902.0,57
201700031332,17,11,7,1030,1,2,1,1.0,2.0,57221,M,4931994.0,611406.0,57
201700031333,17,11,22,1750,5,2,3,1.0,6.0,57647,M,4932190.0,608257.0,57
201700031334,17,11,22,1940,5,2,1,1.0,6.0,57306,M,4932374.0,607610.0,57
201700031335,17,11,23,1730,5,2,1,1.0,6.0,57647,M,4931929.0,609676.0,57
201700031336,17,11,24,1800,5,2,3,2.0,3.0,57672,M,4936640.0,615740.0,57
201700031337,17,11,24,1835,5,2,1,2.0,6.0,57672,M,4935198.0,613744.0,57
201700031338,17,12,1,1730,5,2,1,2.0,6.0,57672,M,4936556.0,616601.0,57
201700031339,17,12,2,1745,5,2,1,2.0,6.0,57368,M,4933718.0,604641.0,57
201700031340,17,12,6,130,5,2,1,8.0,6.0,57012,M,4935632.0,604646.0,57
201700031341,17,12,18,1730,5,2,1,2.0,6.0,57672,M,4936590.0,616680.0,57
201700031342,17,12,22,1530,1,2,1,1.0,6.0,57672,M,4935845.0,613094.0,57
201700031343,17,12,23,1730,5,2,1,1.0,6.0,57306,M,4933025.0,607314.0,57
201700031344,17,12,27,1125,1,1,1,1.0,6.0,57672,M,4937039.0,610007.0,57
201700031345,17,12,29,1750,5,2,3,2.0,6.0,57508,M,4934036.0,604957.0,57
201700031346,17,1,25,700,3,1,1,1.0,7.0,45216,M,4794474.0,273570.0,45
201700031347,17,6,8,730,1,1,1,1.0,7.0,45187,M,4787625.0,249863.0,45
201700031348,17,11,15,935,1,1,1,5.0,3.0,45339,M,4799944.0,256958.0,45
201700031349,17,1,1,730,2,2,1,9.0,6.0,20142,M,4165155.0,911566.0,201
201700031350,17,1,9,1105,1,1,1,1.0,6.0,20142,M,4170394.0,912986.0,201
201700031351,17,4,8,900,1,2,1,1.0,6.0,20308,M,4169841.0,906139.0,201
201700031352,17,4,15,1415,1,1,1,1.0,6.0,20254,M,4176470.0,915141.0,201