Num_Acc,an,mois,jour,hrmn,lum,agg,int,atm,col,com,gps,lat,long,dep
201700031353,17,5,2,1635,1,1,1,1.0,7.0,20191,M,4166188.0,900862.0,201
201700031354,17,5,28,1430,1,1,1,1.0,6.0,20254,M,4176834.0,916558.0,201
201700031355,17,8,15,930,1,2,1,1.0,7.0,20362,M,4174982.0,917061.0,201
201700031356,17,8,28,1910,1,1,1,1.0,6.0,20357,M,4176031.0,903971.0,201
201700031357,17,9,30,1045,1,1,1,1.0,7.0,20142,M,4169484.0,911696.0,201
201700031358,17,10,26,1634,1,1,1,1.0,6.0,20191,M,4168977.0,905639.0,201
201700031359,17,1,19,1215,1,1,9,1.0,6.0,33001,M,4500102.0,-11805.0,33
201700031360,17,2,21,735,2,1,3,1.0,3.0,33001,M,4502408.0,-15053.0,33
201700031361,17,2,21,1330,1,2,1,1.0,3.0,33138,M,4504456.0,-12634.0,33
201700031362,17,4,15,1600,1,1,2,1.0,3.0,33001,M,4499550.0,-12631.0,33
201700031363,17,6,16,2130,2,2,1,1.0,1.0,33138,M,4505027.0,-11741.0,33
201700031364,17,9,1,1000,1,2,3,1.0,6.0,33478,M,4500568.0,-212.0,33
201700031365,17,9,21,1755,1,1,3,1.0,7.0,33001,M,4502517.0,-15366.0,33
201700031366,17,10,24,1400,1,1,1,1.0,6.0,33138,M,4504213.0,-17052.0,33
201700031367,17,4,14,1130,1,1,1,1.0,4.0,11146,M,4317993.0,248423.0,11
201700031368,17,8,20,1800,1,1,1,1.0,4.0,11076,M,4328711.0,195063.0,11
201700031369,17,12,22,1545,1,1,1,2.0,4.0,11418,M,4324970.0,205892.0,11
201700031370,17,12,26,1510,1,1,1,1.0,2.0,11018,M,4321901.0,221637.0,11
201700031371,17,2,23,1815,2,1,1,2.0,7.0,57361,M,4939662.0,636398.0,57
201700031372,17,12,4,2020,3,1,1,2.0,1.0,57371,M,4945392.0,631828.0,57
201700031373,17,1,17,1720,2,1,1,7.0,1.0,86166,M,4656375.0,14647.0,86
201700031374,17,2,10,330,3,1,1,1.0,6.0,86017,M,,,86
201700031375,17,2,24,540,3,1,1,1.0,6.0,86297,M,4660387.0,28127.0,86
201700031376,17,4,30,1810,1,2,1,1.0,1.0,86297,M,4656189.0,27990.0,86
201700031377,17,5,20,1600,1,2,2,1.0,3.0,86294,M,4663894.0,16552.0,86
201700031378,17,6,19,1710,1,1,1,1.0,1.0,86123,M,4656217.0,9275.0,86
201700031379,17,7,6,1420,1,1,2,1.0,3.0,86294,M,4664754.0,16286.0,86
201700031380,17,10,5,820,1,1,2,1.0,1.0,86056,M,4649275.0,11557.0,86
201700031381,17,10,14,930,1,1,3,5.0,3.0,86074,M,4663281.0,9772.0,86
201700031382,17,12,28,1423,1,2,1,1.0,6.0,58194,M,4698000.0,316000.0,58
201700031383,17,1,10,1755,2,2,1,1.0,6.0,58194,M,4698000.0,315000.0,58
201700031384,17,1,11,1720,2,2,1,2.0,7.0,58194,M,4698804.0,315332.0,58
201700031385,17,1,19,800,1,2,1,1.0,7.0,58194,M,4700387.0,315762.0,58
201700031386,17,1,23,1200,1,2,2,1.0,3.0,58194,M,4699000.0,300000.0,58
201700031387,17,1,17,1700,1,2,1,1.0,6.0,58194,M,4700440.0,315389.0,58
201700031388,17,1,27,710,2,2,1,9.0,7.0,58194,M,,,58
201700031389,17,1,30,2030,5,2,2,2.0,3.0,58194,M,4699576.0,314278.0,58
201700031390,17,2,6,1710,1,2,1,1.0,7.0,58194,M,,,58
201700031391,17,2,8,900,1,2,1,1.0,6.0,58194,M,,,58
201700031392,17,2,9,835,1,2,1,1.0,7.0,58194,M,,,58
201700031393,17,2,3,1035,1,2,1,1.0,2.0,58194,M,4699864.0,316462.0,58
201700031394,17,2,12,1510,1,2,3,1.0,3.0,58194,M,4699102.0,316320.0,58
201700031395,17,3,9,1215,1,2,1,1.0,6.0,58194,M,4698591.0,317338.0,58
201700031396,17,3,8,1845,1,2,3,1.0,5.0,58194,M,4699000.0,315000.0,58
201700031397,17,3,20,1445,1,2,1,1.0,3.0,58194,M,4698752.0,315753.0,58
201700031398,17,3,21,1620,1,2,1,1.0,2.0,58194,M,4698000.0,312000.0,58
201700031399,17,3,29,2020,5,2,1,1.0,1.0,58194,M,4699825.0,316534.0,58
201700031400,17,3,30,1410,1,2,1,1.0,6.0,58194,M,4698000.0,315000.0,58
201700031401,17,4,12,1445,1,2,3,1.0,6.0,58194,M,,,58
201700031402,17,4,13,2010,1,2,1,1.0,2.0,58194,M,,,58
201700031403,17,3,25,2020,2,2,1,1.0,6.0,58194,M,,,58
201700031404,17,4,28,1100,1,2,1,1.0,2.0,58194,M,4699000.0,315000.0,58
201700031405,17,5,2,1400,1,2,1,2.0,2.0,58194,M,4698000.0,313000.0,58
201700031406,17,5,3,1716,1,2,1,1.0,2.0,58194,M,4698000.0,314000.0,58
201700031407,17,4,13,2040,5,2,1,1.0,7.0,58194,M,,,58
201700031408,17,3,31,1255,1,2,1,1.0,6.0,58194,M,,,58
201700031409,17,4,13,2210,5,2,1,1.0,6.0,58194,M,,,58
201700031410,17,5,16,1520,1,2,1,1.0,2.0,58194,M,4699250.0,314896.0,58
201700031411,17,5,18,1045,1,2,1,2.0,2.0,58194,M,4699810.0,316546.0,58
201700031412,17,5,16,1845,1,2,1,1.0,3.0,58194,M,4700353.0,315915.0,58
201700031413,17,5,21,1755,1,2,1,1.0,7.0,58194,M,4699351.0,315954.0,58
201700031414,17,5,26,1640,1,2,1,1.0,7.0,58194,M,4699570.0,316942.0,58
201700031415,17,5,29,1140,1,2,3,1.0,2.0,58194,M,4699224.0,314472.0,58
201700031416,17,5,26,1115,1,2,1,1.0,2.0,58194,M,4699633.0,312827.0,58
201700031417,17,6,8,1750,1,2,1,1.0,6.0,58194,M,4698992.0,318202.0,58
201700031418,17,6,1,1600,1,2,1,1.0,2.0,58194,M,4698574.0,317268.0,58
201700031419,17,6,8,1000,1,2,1,1.0,7.0,58194,M,4699146.0,315614.0,58
201700031420,17,6,20,2110,1,2,6,1.0,3.0,58194,M,4700470.0,314663.0,58
201700031421,17,6,27,1600,1,1,3,8.0,3.0,58194,M,4699000.0,313000.0,58
201700031422,17,6,28,1745,1,2,3,1.0,7.0,58194,M,4699000.0,315000.0,58
201700031423,17,6,28,1635,1,2,1,1.0,7.0,58194,M,4698000.0,316000.0,58
201700031424,17,7,1,1810,1,2,1,3.0,3.0,58194,M,4699000.0,313000.0,58
201700031425,17,7,3,1730,1,2,3,1.0,3.0,58194,M,4700000.0,315000.0,58
201700031426,17,7,4,1905,1,2,1,1.0,3.0,58194,M,4698000.0,317000.0,58
201700031427,17,7,4,1905,1,2,1,1.0,2.0,58194,M,4698000.0,318000.0,58
201700031428,17,6,30,835,1,2,6,2.0,3.0,58194,M,4699995.0,315543.0,58
201700031429,17,7,7,1025,1,2,9,1.0,6.0,58194,M,4699143.0,315710.0,58
201700031430,17,7,24,550,5,2,3,1.0,1.0,58194,M,4698610.0,314950.0,58
201700031431,17,7,17,1610,1,2,1,1.0,6.0,58194,M,4698000.0,314000.0,58
201700031432,17,7,25,1900,1,2,1,1.0,2.0,58194,M,4699000.0,315000.0,58
201700031433,17,7,22,845,1,2,1,1.0,2.0,58194,M,4698966.0,317922.0,58
201700031434,17,7,14,2120,1,2,6,1.0,7.0,58194,M,4698000.0,316000.0,58
201700031435,17,7,30,1820,1,2,1,1.0,3.0,58194,M,4699548.0,316279.0,58
201700031436,17,8,3,1715,1,2,1,1.0,2.0,58194,M,4698441.0,315626.0,58
201700031437,17,8,8,1020,1,2,1,1.0,6.0,58194,M,4698758.0,313760.0,58
201700031438,17,8,9,1710,1,2,1,8.0,1.0,58194,M,4698605.0,315190.0,58
201700031439,17,8,8,1625,1,2,1,1.0,6.0,58194,M,4698930.0,315042.0,58
201700031440,17,8,11,1055,1,2,7,1.0,1.0,58194,M,4699150.0,315716.0,58
201700031441,17,8,28,650,1,2,1,1.0,3.0,58194,M,4698582.0,315275.0,58
201700031442,17,8,30,1705,1,2,1,1.0,1.0,58194,M,4698550.0,317454.0,58
201700031443,17,9,1,1600,1,2,9,1.0,3.0,58194,M,4699000.0,314000.0,58
201700031444,17,9,5,1622,1,2,1,1.0,3.0,58194,M,4700000.0,315000.0,58
201700031445,17,9,15,1610,1,2,1,1.0,2.0,58194,M,4700050.0,316029.0,58
201700031446,17,9,19,1145,1,2,1,1.0,2.0,58194,M,4698000.0,315000.0,58
201700031447,17,9,16,1825,1,2,1,1.0,6.0,58194,M,4698506.0,315826.0,58
201700031448,17,9,25,930,1,2,3,1.0,3.0,58194,M,4699058.0,318824.0,58
201700031449,17,9,24,430,5,2,1,1.0,7.0,58194,M,4698924.0,315031.0,58
201700031450,17,10,2,1315,1,2,1,1.0,7.0,58194,M,4698314.0,313232.0,58
201700031451,17,9,23,135,5,2,1,1.0,6.0,58194,M,4699000.0,312000.0,58
201700031452,17,10,1,1725,1,2,1,1.0,2.0,58194,M,4699334.0,312722.0,58
201700031453,17,10,14,250,5,2,1,1.0,7.0,58194,M,4698633.0,316006.0,58
201700031454,17,10,24,2100,5,2,6,2.0,3.0,58194,M,4699000.0,316000.0,58
201700031455,17,10,26,1320,1,2,1,1.0,7.0,58194,M,4699981.0,315521.0,58
201700031456,17,10,28,1255,1,2,3,1.0,3.0,58194,M,4698576.0,315276.0,58
201700031457,17,10,30,1445,1,2,1,1.0,2.0,58194,M,4699528.0,315784.0,58
201700031458,17,11,2,1330,1,2,1,1.0,2.0,58194,M,4699000.0,316000.0,58
201700031459,17,11,7,915,1,2,3,1.0,2.0,58194,M,4699000.0,315000.0,58
201700031460,17,11,9,910,1,2,1,1.0,7.0,58194,M,4700207.0,315473.0,58
201700031461,17,11,16,1015,1,2,1,1.0,4.0,58194,M,4699809.0,316539.0,58
201700031462,17,11,22,1200,1,2,6,1.0,7.0,58194,M,4699980.0,315551.0,58
201700031463,17,11,24,1025,1,2,3,1.0,7.0,58194,M,4699000.0,316000.0,58
201700031464,17,11,30,1840,5,2,1,2.0,4.0,58194,M,4699414.0,316848.0,58
201700031465,17,12,4,1730,4,2,1,2.0,6.0,58194,M,4698585.0,312328.0,58
201700031466,17,12,4,1230,1,2,1,1.0,2.0,58194,M,4698000.0,315000.0,58
201700031467,17,12,7,1720,2,2,1,1.0,7.0,58194,M,4700383.0,316345.0,58
201700031468,17,12,8,1200,1,2,1,2.0,6.0,58194,M,4700383.0,315775.0,58
201700031469,17,2,9,945,1,1,1,1.0,1.0,69277,M,4573005.0,498198.0,69
201700031470,17,2,28,1911,3,1,1,1.0,6.0,69288,M,4569271.0,507033.0,69
201700031471,17,5,18,918,1,1,4,1.0,7.0,69289,M,4566248.0,500079.0,69
201700031472,17,5,18,1151,1,1,1,1.0,4.0,69287,M,4572112.0,504812.0,69
201700031473,17,6,15,1605,1,1,1,1.0,3.0,69179,M,4559458.0,471972.0,69
201700031474,17,6,16,735,1,1,1,1.0,3.0,69136,M,4561760.0,476822.0,69
201700031475,17,6,28,1413,1,2,1,2.0,1.0,69268,M,4565060.0,475128.0,69
201700031476,17,12,22,843,1,1,1,2.0,2.0,69043,M,4571155.0,472788.0,69
201700031477,17,1,9,1800,5,2,1,2.0,6.0,95052,M,4914680.0,229460.0,95
201700031478,17,4,1,1030,1,2,1,1.0,1.0,95487,M,4915480.0,227630.0,95
201700031479,17,4,25,1200,1,2,1,1.0,6.0,95487,M,4915310.0,226690.0,95
201700031480,17,5,14,1830,1,2,1,1.0,6.0,95487,M,4915070.0,227290.0,95
201700031481,17,7,7,2040,1,2,1,1.0,1.0,95052,M,4914320.0,230030.0,95
201700031482,17,10,26,2200,3,1,1,5.0,6.0,95134,M,4913560.0,224110.0,95
201700031483,17,11,24,1840,5,2,1,1.0,6.0,95487,M,4915230.0,226350.0,95
201700031484,17,11,26,1740,3,1,1,1.0,2.0,95436,M,4913270.0,226360.0,95
201700031485,17,5,5,1120,1,1,1,1.0,2.0,95430,M,4906850.0,232710.0,95
201700031486,17,6,20,1023,1,1,1,1.0,6.0,95445,M,4909990.0,226610.0,95
201700031487,17,6,26,1500,1,2,1,1.0,6.0,95480,M,4912410.0,221670.0,95
201700031488,17,9,11,830,1,2,1,8.0,2.0,95480,M,4912490.0,221450.0,95
201700031489,17,4,1,910,1,1,1,3.0,6.0,71220,M,4653955.0,375297.0,71
201700031490,17,4,29,120,5,2,1,9.0,7.0,71047,M,4661750.0,375445.0,71
201700031491,17,6,20,1620,1,1,1,1.0,1.0,71227,M,4668343.0,393802.0,71
201700031492,17,8,19,1953,2,2,1,1.0,6.0,71047,M,4661944.0,376445.0,71
201700031493,17,12,22,745,2,2,1,2.0,6.0,71047,M,4662263.0,376809.0,71
201700031494,17,1,1,1610,1,1,1,8.0,1.0,59043,M,,,59
201700031495,17,1,10,1940,5,2,2,1.0,6.0,59017,M,5068611.0,286823.0,59
201700031496,17,1,6,1535,1,2,2,7.0,3.0,59043,M,,,59
201700031497,17,12,28,2250,3,1,1,2.0,6.0,59143,M,5067002.0,288735.0,59
201700031498,17,1,13,1035,1,2,1,1.0,6.0,59017,M,,,59
201700031499,17,1,20,1055,1,2,1,1.0,6.0,59043,M,,,59
201700031500,17,2,3,1700,1,2,8,1.0,3.0,59202,M,5068334.0,286353.0,59
201700031501,17,2,6,1820,5,2,3,2.0,6.0,59017,M,5068299.0,288128.0,59
201700031502,17,2,7,820,1,2,1,1.0,6.0,59017,M,,,59
201700031503,17,2,20,745,1,2,6,1.0,6.0,59143,M,,,59
201700031504,17,2,21,920,1,2,2,1.0,6.0,59017,M,,,59
201700031505,17,2,27,1700,1,2,1,2.0,6.0,59017,M,,,59
201700031506,17,3,11,1330,1,2,2,1.0,1.0,59317,M,,,59
201700031507,17,3,26,410,5,1,2,1.0,3.0,59317,M,5069193.0,292222.0,59
201700031508,17,4,2,1130,1,2,3,1.0,6.0,59017,M,5068549.0,288181.0,59
201700031509,17,4,19,1530,1,1,4,1.0,6.0,59043,M,5073860.0,272629.0,59
201700031510,17,5,25,2015,1,1,1,1.0,7.0,59043,M,,,59
201700031511,17,5,27,1318,1,1,1,1.0,6.0,59143,M,5067083.0,288879.0,59
201700031512,17,6,2,820,1,1,1,7.0,3.0,59143,M,,,59
201700031513,17,5,24,1835,1,2,1,1.0,3.0,59043,M,5071975.0,274460.0,59
201700031514,17,6,7,1815,1,1,1,1.0,3.0,59431,M,5068083.0,283859.0,59
201700031515,17,6,2,1315,1,2,1,1.0,6.0,59017,M,5068857.0,288042.0,59
201700031516,17,6,22,1125,1,1,2,1.0,3.0,59317,M,5068819.0,292016.0,59
201700031517,17,7,2,1140,1,2,1,2.0,6.0,59431,M,5070392.0,283831.0,59
201700031518,17,7,14,330,5,2,2,1.0,3.0,59017,M,5069495.0,288744.0,59
201700031519,17,7,23,455,5,2,1,1.0,1.0,59431,M,5069685.0,284746.0,59
201700031520,17,8,17,2015,1,2,1,1.0,6.0,59143,M,5067637.0,288880.0,59
201700031521,17,8,30,1625,1,2,1,3.0,3.0,59043,M,4338000.0,509000.0,59
201700031522,17,8,31,1000,1,2,1,7.0,6.0,59017,M,5068114.0,287669.0,59
201700031523,17,9,2,2330,3,1,2,1.0,3.0,59043,M,5073584.0,271149.0,59
201700031524,17,9,6,750,1,2,1,7.0,3.0,59017,M,5069288.0,286900.0,59
201700031525,17,9,13,1830,1,1,4,2.0,3.0,59043,M,5070095.0,270572.0,59
201700031526,17,9,16,1505,1,2,1,1.0,6.0,59017,M,5070441.0,288736.0,59
201700031527,17,9,20,835,1,2,1,1.0,2.0,59017,M,5069000.0,288000.0,59
201700031528,17,10,4,815,1,2,1,1.0,6.0,59017,M,5068913.0,287545.0,59
201700031529,17,10,30,1320,1,2,9,1.0,6.0,59043,M,5073255.0,273567.0,59
201700031530,17,10,29,1600,1,2,1,1.0,6.0,59017,M,5069634.0,288784.0,59
201700031531,17,11,4,1115,1,2,3,2.0,3.0,59017,M,5068840.0,288567.0,59
201700031532,17,11,17,1520,1,2,2,1.0,2.0,59017,M,5069220.0,288009.0,59
201700031533,17,11,24,1725,5,2,1,3.0,6.0,59017,M,5068436.0,288073.0,59
201700031534,17,12,18,1815,2,2,1,1.0,6.0,59017,M,5069170.0,288657.0,59
201700031535,17,12,29,1310,1,2,3,2.0,6.0,59017,M,5069419.0,288724.0,59
201700031536,17,12,28,735,5,2,1,1.0,6.0,59043,M,5073851.0,273230.0,59
201700031537,17,5,8,2355,5,2,1,1.0,6.0,59033,M,5019150.0,383491.0,59
201700031538,17,7,12,1715,1,1,1,1.0,7.0,59068,M,,,59
201700031539,17,1,20,1130,1,2,2,7.0,6.0,59122,M,,,59
201700031540,17,4,3,1615,1,2,1,1.0,6.0,59122,M,5017415.0,322675.0,59
201700031541,17,4,6,1310,1,2,1,1.0,6.0,59206,M,5019018.0,326945.0,59
201700031542,17,3,31,1100,1,2,9,1.0,6.0,59206,M,,,59
201700031543,17,4,15,1650,1,1,1,1.0,6.0,59244,M,5016310.0,317936.0,59
201700031544,17,6,27,1545,1,2,1,1.0,6.0,59122,M,5017518.0,323522.0,59
201700031545,17,8,26,1930,1,1,1,1.0,6.0,59244,M,5016440.0,314899.0,59
201700031546,17,11,13,1955,5,2,2,8.0,4.0,59122,M,5017813.0,323683.0,59
201700031547,17,12,11,2015,5,2,1,2.0,6.0,59122,M,5017243.0,325028.0,59
201700031548,17,5,13,2255,5,2,1,1.0,3.0,59253,M,5043872.0,357112.0,59
201700031549,17,6,7,1555,1,2,1,1.0,3.0,59616,M,5047785.0,358026.0,59
201700031550,17,7,20,100,5,2,3,2.0,3.0,59153,M,5044636.0,359335.0,59
201700031551,17,7,19,730,1,1,1,7.0,1.0,59253,M,5042647.0,359845.0,59
201700031552,17,8,3,2113,1,2,1,1.0,6.0,59153,M,5045411.0,358752.0,59
201700031553,17,8,24,1740,1,1,1,1.0,6.0,59253,M,5044975.0,357472.0,59
201700031554,17,9,30,1315,1,2,3,1.0,1.0,59153,M,5044410.0,359332.0,59
201700031555,17,10,17,1725,2,2,3,1.0,3.0,59172,M,5032684.0,339354.0,59
201700031556,17,10,7,2315,4,2,1,1.0,6.0,59302,M,5034730.0,345260.0,59
201700031557,17,11,20,750,2,2,1,1.0,6.0,59172,M,5032370.0,339345.0,59
201700031558,17,11,29,1725,2,2,1,2.0,6.0,59172,M,5032288.0,339723.0,59
201700031559,17,1,31,930,1,2,1,1.0,6.0,59172,M,5031865.0,337677.0,59
201700031560,17,2,3,815,2,1,9,1.0,1.0,59429,M,5028690.0,335326.0,59
201700031561,17,11,24,1030,1,2,1,1.0,6.0,59179,M,5030516.0,339464.0,59
201700031562,17,2,22,130,5,2,1,1.0,7.0,59429,M,5029832.0,335631.0,59
201700031563,17,12,18,1300,1,2,1,1.0,6.0,59172,M,5031960.0,339842.0,59
201700031564,17,3,11,1000,1,1,1,1.0,6.0,59205,M,5033636.0,335420.0,59
201700031565,17,12,15,830,5,2,1,1.0,6.0,59361,M,5031235.0,336562.0,59
201700031566,17,3,16,2000,1,2,1,1.0,2.0,59651,M,5033017.0,342135.0,59
201700031567,17,12,2,1734,2,2,1,2.0,6.0,59064,M,5033928.0,341234.0,59
201700031568,17,4,25,1220,1,2,5,1.0,6.0,59179,M,5030510.0,339460.0,59
201700031569,17,4,28,2215,3,1,1,1.0,1.0,59179,M,5030872.0,338902.0,59
201700031570,17,4,9,1200,1,2,1,1.0,2.0,59504,M,5030890.0,333784.0,59
201700031571,17,5,27,1805,1,2,1,1.0,6.0,59172,M,5032683.0,339656.0,59
201700031572,17,5,22,815,1,2,1,1.0,6.0,59632,M,5037389.0,339798.0,59
201700031573,17,6,2,1615,1,2,1,1.0,6.0,59172,M,5032817.0,339133.0,59
201700031574,17,6,12,1715,1,2,1,1.0,6.0,59302,M,5035240.0,344793.0,59
201700031575,17,7,21,1700,1,2,1,1.0,2.0,59297,M,5036117.0,335926.0,59
201700031576,17,6,25,1740,1,2,3,1.0,3.0,59172,M,5032145.0,338051.0,59
201700031577,17,7,6,1845,1,2,3,1.0,3.0,59172,M,5031589.0,337079.0,59
201700031578,17,7,6,1850,1,2,1,1.0,1.0,59172,M,5032881.0,340291.0,59
201700031579,17,7,18,1345,1,2,1,1.0,6.0,59179,M,5030640.0,338394.0,59
201700031580,17,7,11,1830,1,2,3,1.0,3.0,59172,M,5032281.0,337758.0,59
201700031581,17,7,13,1000,1,2,3,1.0,3.0,59288,M,5031360.0,341644.0,59
201700031582,17,8,12,640,1,1,1,2.0,6.0,59632,M,5039068.0,339793.0,59
201700031583,17,8,6,530,2,1,1,1.0,6.0,59172,M,5032153.0,340835.0,59
201700031584,17,9,30,1745,1,2,1,1.0,6.0,59172,M,5031873.0,336764.0,59
201700031585,17,8,29,1600,1,1,1,1.0,2.0,59589,M,5030793.0,343267.0,59
201700031586,17,8,26,420,5,2,1,1.0,6.0,59292,M,5035296.0,340523.0,59
201700031587,17,11,18,1510,1,2,1,1.0,6.0,59002,M,5033780.0,330498.0,59
201700031588,17,9,6,1645,1,2,1,1.0,2.0,59179,M,5029791.0,338090.0,59
201700031589,17,9,11,1100,1,2,1,1.0,6.0,59632,M,5038096.0,343066.0,59
201700031590,17,9,22,1545,1,2,1,1.0,6.0,59632,M,5037300.0,339036.0,59
201700031591,17,12,8,825,2,2,3,9.0,3.0,59574,M,5037010.0,327925.0,59
201700031592,17,12,19,1700,5,2,1,1.0,3.0,59654,M,5038940.0,310372.0,59
201700031593,17,12,20,1720,5,2,1,2.0,6.0,59178,M,5036318.0,307805.0,59
201700031594,17,1,12,1720,5,2,1,3.0,6.0,59165,M,5038285.0,305429.0,59
201700031595,17,1,17,1805,5,2,1,8.0,6.0,59178,M,5037193.0,305810.0,59
201700031596,17,1,8,1950,5,2,1,2.0,5.0,59170,M,5035492.0,312558.0,59
201700031597,17,1,28,1105,1,2,1,7.0,6.0,59008,M,5032783.0,324640.0,59
201700031598,17,2,10,1630,1,2,1,1.0,1.0,59327,M,5039050.0,316195.0,59
201700031599,17,2,5,1145,1,2,6,2.0,3.0,59509,M,5041920.0,310536.0,59
201700031600,17,2,22,740,1,2,1,8.0,6.0,59178,M,5036172.0,307807.0,59
201700031601,17,2,9,2140,5,2,1,1.0,6.0,59113,M,5035982.0,324386.0,59
201700031602,17,2,13,900,1,1,1,9.0,1.0,59024,M,5032336.0,321069.0,59
201700031603,17,2,25,1440,1,2,1,6.0,7.0,59390,M,5032798.0,320673.0,59
201700031604,17,2,20,2115,3,1,1,1.0,7.0,59390,M,5032998.0,320607.0,59
201700031605,17,3,9,1210,1,2,1,1.0,6.0,59178,M,5037958.0,309266.0,59
201700031606,17,3,28,1600,1,2,1,1.0,6.0,59574,M,5035397.0,328307.0,59
201700031607,17,3,15,1500,1,2,1,1.0,6.0,59456,M,5038072.0,321002.0,59
201700031608,17,3,16,1630,1,2,2,7.0,3.0,59178,M,5035335.0,308411.0,59
201700031609,17,3,27,1300,1,2,1,1.0,6.0,59008,M,5033597.0,325568.0,59
201700031610,17,3,25,1515,1,1,1,7.0,2.0,59486,M,5042959.0,313871.0,59
201700031611,17,3,27,1220,1,2,1,1.0,6.0,59276,M,5035015.0,313658.0,59
201700031612,17,4,7,2335,3,2,2,1.0,3.0,59327,M,5038831.0,315782.0,59
201700031613,17,4,3,1200,1,2,1,1.0,2.0,59165,M,5037891.0,305512.0,59
201700031614,17,4,18,1020,1,2,4,1.0,6.0,59654,M,5038399.0,310789.0,59
201700031615,17,4,16,1810,1,2,1,1.0,6.0,59024,M,5032989.0,323458.0,59
201700031616,17,5,10,1300,1,2,1,1.0,3.0,59234,M,5039925.0,304674.0,59
201700031617,17,5,16,1600,1,2,1,1.0,6.0,59654,M,5038400.0,310377.0,59
201700031618,17,5,5,2235,5,2,7,1.0,6.0,59375,M,5040747.0,327870.0,59
201700031619,17,5,15,810,1,2,1,1.0,5.0,59178,M,5038655.0,307047.0,59
201700031620,17,5,28,615,2,1,1,1.0,1.0,59334,M,5038822.0,302910.0,59
201700031621,17,6,17,1245,1,2,2,1.0,3.0,59314,M,5036039.0,331830.0,59
201700031622,17,6,3,2250,5,2,1,1.0,3.0,59501,M,5037619.0,325128.0,59
201700031623,17,6,4,2255,5,2,1,1.0,1.0,59375,M,5040865.0,327807.0,59
201700031624,17,6,14,1110,1,2,1,1.0,3.0,59509,M,5041562.0,310730.0,59
201700031625,17,7,1,1615,1,2,1,1.0,3.0,59178,M,5037788.0,308910.0,59
201700031626,17,7,8,820,1,2,1,1.0,2.0,59178,M,5036188.0,306404.0,59
201700031627,17,7,16,1855,1,2,1,1.0,6.0,59178,M,5039421.0,308462.0,59
201700031628,17,7,17,2130,1,2,1,1.0,6.0,59569,M,5036007.0,310421.0,59
201700031629,17,7,21,1720,1,2,1,1.0,6.0,59178,M,5038110.0,306783.0,59
201700031630,17,7,27,1940,1,2,1,1.0,6.0,59569,M,5034368.0,310525.0,59
201700031631,17,8,3,2200,3,1,1,1.0,6.0,59574,M,5037798.0,328290.0,59
201700031632,17,8,10,1810,1,2,1,3.0,1.0,59654,M,5039303.0,312611.0,59
201700031633,17,8,16,1305,1,2,1,1.0,3.0,59178,M,5037454.0,309688.0,59
201700031634,17,9,9,1200,1,1,1,1.0,2.0,59329,M,5036477.0,303850.0,59
201700031635,17,8,14,1225,1,2,1,1.0,1.0,59486,M,5042381.0,314078.0,59
201700031636,17,9,13,1205,1,2,1,1.0,3.0,59185,M,5033663.0,320900.0,59
201700031637,17,9,22,2030,5,2,6,1.0,1.0,59178,M,5036245.0,307831.0,59
201700031638,17,9,22,1420,1,2,1,1.0,6.0,59654,M,5038476.0,310663.0,59
201700031639,17,9,16,2310,5,2,1,1.0,1.0,59569,M,5036532.0,310690.0,59
201700031640,17,10,8,1315,1,2,1,1.0,6.0,59239,M,5041467.0,319001.0,59
201700031641,17,9,28,1000,1,2,1,1.0,6.0,59178,M,5036542.0,308149.0,59
201700031642,17,10,15,1840,1,2,2,1.0,6.0,59165,M,5038496.0,305321.0,59
201700031643,17,9,23,1900,2,2,1,1.0,6.0,59028,M,5041586.0,305163.0,59
201700031644,17,10,13,1350,1,2,1,1.0,3.0,59178,M,5039217.0,310780.0,59
201700031645,17,10,21,1745,1,2,1,1.0,6.0,59178,M,5038056.0,308262.0,59
201700031646,17,10,18,1300,1,1,1,1.0,1.0,59234,M,5039846.0,303887.0,59
201700031647,17,11,21,1855,5,2,1,1.0,6.0,59569,M,5037321.0,311704.0,59
201700031648,17,11,30,750,2,2,1,9.0,1.0,59414,M,5037235.0,318065.0,59
201700031649,17,9,8,1130,1,1,1,1.0,1.0,59170,M,5032864.0,310935.0,59
201700031650,17,1,5,1810,3,1,1,1.0,6.0,59340,M,5105611.0,246055.0,59
201700031651,17,1,11,1215,1,2,1,1.0,6.0,59183,M,5104900.0,242000.0,59
201700031652,17,1,15,1330,1,2,2,2.0,3.0,59540,M,,,59
201700031653,17,1,16,2205,5,2,2,9.0,1.0,59183,M,,,59
201700031654,17,1,18,1705,1,2,1,1.0,6.0,59183,M,,,59
201700031655,17,1,11,1045,1,2,1,1.0,6.0,59540,M,,,59
201700031656,17,1,27,2105,5,1,1,1.0,6.0,59155,M,,,59
201700031657,17,1,28,2110,5,2,1,1.0,1.0,59183,M,,,59
201700031658,17,1,31,1550,1,2,1,1.0,6.0,59183,M,,,59
201700031659,17,2,28,2140,5,1,2,1.0,3.0,59183,M,,,59
201700031660,17,4,22,30,5,2,1,1.0,6.0,59183,M,5102600.0,237700.0,59
201700031661,17,4,28,1645,1,1,1,1.0,7.0,59273,M,,,59
201700031662,17,5,14,2240,5,2,6,1.0,7.0,59273,M,,,59
201700031663,17,3,10,420,3,1,1,1.0,7.0,59271,M,,,59