Num_Acc,an,mois,jour,hrmn,lum,agg,int,atm,col,com,gps,lat,long,dep
201700031664,17,5,24,740,1,2,3,1.0,6.0,59540,M,5102775.0,232495.0,59
201700031665,17,5,18,2015,2,2,1,3.0,3.0,59183,M,5103037.0,238056.0,59
201700031666,17,5,31,1640,1,2,1,1.0,2.0,59540,M,5101220.0,219550.0,59
201700031667,17,6,11,1310,1,2,1,1.0,6.0,59155,M,5102265.0,238234.0,59
201700031668,17,6,8,1735,1,2,1,1.0,6.0,59155,M,5102052.0,237973.0,59
201700031669,17,6,19,10,3,2,6,1.0,1.0,59183,M,5102300.0,231800.0,59
201700031670,17,7,9,1745,1,2,6,1.0,3.0,59183,M,5103344.0,239330.0,59
201700031671,17,7,12,1430,1,1,1,1.0,7.0,59273,M,5101386.0,212788.0,59
201700031672,17,7,13,950,1,2,2,1.0,5.0,59183,M,5100000.0,242000.0,59
201700031673,17,7,23,545,5,2,1,3.0,6.0,59183,M,5102878.0,236400.0,59
201700031674,17,7,26,750,1,2,1,1.0,3.0,59540,M,5101425.0,220582.0,59
201700031675,17,8,2,1521,1,2,1,2.0,5.0,59359,M,5100481.0,226603.0,59
201700031676,17,8,5,1020,1,2,1,1.0,6.0,59183,M,5101842.0,232380.0,59
201700031677,17,8,9,1300,1,2,5,2.0,3.0,59183,M,5104110.0,234699.0,59
201700031678,17,8,12,150,5,2,1,1.0,1.0,59540,M,5102774.0,232506.0,59
201700031679,17,8,30,1215,1,2,3,2.0,3.0,59271,M,5101024.0,229051.0,59
201700031680,17,9,4,1620,1,2,2,2.0,3.0,59183,M,5102595.0,237672.0,59
201700031681,17,9,20,1210,1,2,2,1.0,6.0,59155,M,5102001.0,239659.0,59
201700031682,17,9,28,1300,1,2,1,3.0,6.0,59183,M,5102006.0,234091.0,59
201700031683,17,9,28,740,2,1,1,2.0,3.0,59273,M,5098566.0,215050.0,59
201700031684,17,10,14,1840,1,2,3,1.0,3.0,59183,M,5102157.0,235661.0,59
201700031685,17,10,28,1640,1,2,2,1.0,3.0,59273,M,5099912.0,212354.0,59
201700031686,17,10,22,1145,1,2,2,1.0,3.0,59183,M,5104641.0,239036.0,59
201700031687,17,11,8,1920,5,2,2,2.0,1.0,59183,M,5103200.0,239500.0,59
201700031688,17,11,25,540,3,2,1,2.0,1.0,59155,M,5100296.0,238469.0,59
201700031689,17,12,5,1725,5,2,1,1.0,6.0,59183,M,5104787.0,239670.0,59
201700031690,17,12,9,1830,5,2,2,1.0,6.0,59540,M,,,59
201700031691,17,12,11,845,5,2,1,4.0,7.0,59273,M,,,59
201700031692,17,12,12,1820,5,2,1,1.0,6.0,59271,M,5101149.0,229526.0,59
201700031693,17,12,20,1715,5,2,2,2.0,3.0,59183,M,5104475.0,239144.0,59
201700031694,17,12,20,1530,1,2,9,2.0,6.0,59183,M,5100000.0,200000.0,59
201700031695,17,6,9,1630,1,2,1,1.0,6.0,59295,M,5071389.0,254468.0,59
201700031696,17,10,23,1900,2,1,1,8.0,1.0,59295,M,5071962.0,256723.0,59
201700031697,17,12,14,1920,5,2,2,3.0,6.0,59350,M,5061749.0,306338.0,59
201700031698,17,1,5,950,1,2,1,7.0,6.0,59378,M,5066716.0,309820.0,59
201700031699,17,12,5,1740,2,2,3,2.0,3.0,59470,M,5065810.0,293364.0,59
201700031700,17,12,8,810,1,2,1,1.0,6.0,59350,M,5064219.0,305349.0,59
201700031701,17,1,7,1525,1,2,1,2.0,6.0,59360,M,5061565.0,302050.0,59
201700031702,17,12,8,1150,1,2,1,8.0,6.0,59350,M,5063459.0,303032.0,59
201700031703,17,11,2,725,1,2,3,1.0,3.0,59378,M,5067650.0,308085.0,59
201700031704,17,1,2,745,5,2,3,9.0,6.0,59560,M,,,59
201700031705,17,1,2,1935,5,2,1,1.0,6.0,59350,M,5064105.0,306788.0,59
201700031706,17,12,25,1135,1,1,2,2.0,3.0,59195,M,5062815.0,296109.0,59
201700031707,17,1,6,1015,1,2,1,8.0,6.0,59368,M,5065407.0,307530.0,59
201700031708,17,12,9,635,2,1,1,9.0,6.0,59527,M,5066559.0,305483.0,59
201700031709,17,11,10,2000,5,2,1,1.0,6.0,59350,M,5064319.0,305304.0,59
201700031710,17,12,14,20,5,2,2,2.0,3.0,59350,M,5062380.0,304320.0,59
201700031711,17,1,11,1630,1,2,1,1.0,3.0,59378,M,,,59
201700031712,17,1,18,1130,1,2,1,9.0,6.0,59368,M,,,59
201700031713,17,1,3,840,1,2,1,1.0,6.0,59350,M,,,59
201700031714,17,1,4,1830,4,2,1,9.0,6.0,59350,M,5062896.0,304304.0,59
201700031715,17,1,31,1350,1,2,3,1.0,6.0,59350,M,,,59
201700031716,17,1,9,1830,2,1,1,8.0,3.0,59350,M,5063296.0,306476.0,59
201700031717,17,1,24,1345,1,2,2,1.0,6.0,59350,M,,,59
201700031718,17,12,26,1855,5,2,9,1.0,6.0,59350,M,5063320.0,309044.0,59
201700031719,17,1,12,1815,5,2,1,3.0,6.0,59009,M,,,59
201700031720,17,12,9,1240,1,2,6,1.0,6.0,59350,M,5061800.0,304938.0,59
201700031721,17,1,13,1730,1,2,1,2.0,6.0,59328,M,,,59
201700031722,17,1,19,1700,1,2,2,1.0,3.0,59350,M,,,59
201700031723,17,1,18,830,1,2,3,1.0,3.0,59378,M,5066266.0,307470.0,59
201700031724,17,1,29,2025,5,2,9,3.0,6.0,59350,M,,,59
201700031725,17,2,14,1402,1,2,3,1.0,6.0,59350,M,,,59
201700031726,17,2,9,2335,5,2,2,1.0,2.0,59350,M,,,59
201700031727,17,2,4,1650,1,2,4,1.0,7.0,59378,M,,,59
201700031728,17,2,2,935,1,2,1,8.0,6.0,59350,M,5061965.0,303350.0,59
201700031729,17,1,27,800,1,2,1,1.0,6.0,59328,M,,,59
201700031730,17,3,1,1045,1,2,2,8.0,7.0,59350,M,5064782.0,306881.0,59
201700031731,17,3,1,1825,5,2,2,2.0,6.0,59507,M,,,59
201700031732,17,2,20,1642,1,2,1,8.0,7.0,59009,M,5064409.0,313886.0,59
201700031733,17,2,27,815,1,2,3,1.0,3.0,59507,M,,,59
201700031734,17,3,10,1950,5,2,1,1.0,1.0,59350,M,5063406.0,307747.0,59
201700031735,17,3,7,810,1,2,1,1.0,1.0,59360,M,,,59
201700031736,17,3,28,1400,1,2,2,7.0,1.0,59527,M,5066451.0,303155.0,59
201700031737,17,3,19,310,5,2,7,1.0,6.0,59350,M,5063157.0,306248.0,59
201700031738,17,3,22,2230,5,2,2,1.0,3.0,59350,M,5062716.0,303919.0,59
201700031739,17,3,29,2330,5,2,7,1.0,6.0,59350,M,,,59
201700031740,17,3,31,2035,2,1,1,1.0,6.0,59648,M,,,59
201700031741,17,3,28,1625,1,2,2,1.0,1.0,59646,M,5068000.0,312000.0,59
201700031742,17,3,28,1810,1,1,1,1.0,3.0,59560,M,5054465.0,305669.0,59
201700031743,17,1,13,20,5,2,1,4.0,6.0,59350,M,5061412.0,307464.0,59
201700031744,17,4,5,1740,1,2,1,1.0,6.0,59009,M,5060623.0,314799.0,59
201700031745,17,4,19,1720,1,1,1,1.0,3.0,59009,M,,,59
201700031746,17,3,25,1715,1,2,7,1.0,3.0,59350,M,5061854.0,303279.0,59
201700031747,17,4,27,1210,1,2,1,1.0,6.0,59350,M,,,59
201700031748,17,3,16,955,1,2,2,1.0,3.0,59378,M,5066698.0,307628.0,59
201700031749,17,5,4,2240,1,1,2,1.0,3.0,59350,M,,,59
201700031750,17,5,12,350,5,2,2,2.0,3.0,59350,M,5063054.0,304490.0,59
201700031751,17,5,14,645,1,2,3,1.0,2.0,59350,M,5062097.0,307862.0,59
201700031752,17,5,16,1815,1,2,2,1.0,3.0,59350,M,5061882.0,303300.0,59
201700031753,17,4,10,2050,2,2,3,1.0,1.0,59328,M,5064811.0,304458.0,59
201700031754,17,5,4,1700,1,2,1,1.0,2.0,59378,M,5067841.0,308247.0,59
201700031755,17,5,2,1010,1,2,3,1.0,6.0,59350,M,5062822.0,303783.0,59
201700031756,17,5,16,1600,1,2,1,1.0,6.0,59328,M,5064579.0,303189.0,59
201700031757,17,4,4,850,1,2,3,1.0,6.0,59328,M,5064803.0,303526.0,59
201700031758,17,6,2,1530,1,2,2,1.0,6.0,59378,M,5066004.0,309390.0,59
201700031759,17,5,9,2320,5,2,3,1.0,3.0,59350,M,5062883.0,305226.0,59
201700031760,17,6,3,2140,2,2,9,1.0,1.0,59609,M,5057557.0,307900.0,59
201700031761,17,5,10,1500,1,2,2,1.0,6.0,59350,M,5064593.0,306706.0,59
201700031762,17,5,24,2100,1,2,1,1.0,6.0,59350,M,5063010.0,309770.0,59
201700031763,17,6,10,1945,1,2,4,1.0,7.0,59350,M,5061521.0,304849.0,59
201700031764,17,5,28,2225,5,2,7,1.0,3.0,59350,M,5061984.0,306487.0,59
201700031765,17,6,13,840,1,2,1,1.0,6.0,59350,M,5063148.0,305438.0,59
201700031766,17,6,17,1820,1,2,1,1.0,6.0,59350,M,5062260.0,304704.0,59
201700031767,17,5,30,930,1,2,1,1.0,3.0,59507,M,5061031.0,310915.0,59
201700031768,17,6,17,1200,1,2,1,1.0,2.0,59009,M,5061492.0,313580.0,59
201700031769,17,6,26,245,5,2,1,1.0,6.0,59566,M,5062798.0,299481.0,59
201700031770,17,6,29,440,5,2,2,1.0,3.0,59378,M,5067962.0,311397.0,59
201700031771,17,6,19,1400,1,2,1,1.0,3.0,59350,M,5062983.0,303563.0,59
201700031772,17,6,26,1900,1,2,1,7.0,6.0,59386,M,5067933.0,305467.0,59
201700031773,17,6,25,100,3,2,1,1.0,1.0,59378,M,5065927.0,309274.0,59
201700031774,17,7,13,1915,1,2,2,1.0,6.0,59350,M,5063045.0,308979.0,59
201700031775,17,7,6,2300,5,2,2,1.0,3.0,59009,M,5062000.0,313400.0,59
201700031776,17,7,2,20,5,2,2,1.0,6.0,59410,M,5063575.0,309958.0,59
201700031777,17,7,12,2000,1,2,1,1.0,6.0,59350,M,5063695.0,307265.0,59
201700031778,17,7,7,740,1,2,2,7.0,6.0,59350,M,5064566.0,298632.0,59
201700031779,17,6,20,2000,1,2,1,1.0,6.0,59350,M,5064951.0,309609.0,59
201700031780,17,7,11,1820,1,2,4,1.0,1.0,59350,M,5061793.0,310403.0,59
201700031781,17,6,10,2000,1,2,2,1.0,4.0,59648,M,5059966.0,305329.0,59
201700031782,17,7,20,1600,1,2,9,1.0,2.0,59378,M,5066425.0,308984.0,59
201700031783,17,5,30,1510,1,2,3,1.0,2.0,59350,M,5064588.0,298954.0,59
201700031784,17,6,22,1755,1,2,1,1.0,3.0,59350,M,5063118.0,307727.0,59
201700031785,17,8,6,49,5,2,2,1.0,6.0,59507,M,5060111.0,309750.0,59
201700031786,17,6,17,1200,1,2,4,1.0,3.0,59350,M,5062981.0,306486.0,59
201700031787,17,7,8,300,5,2,1,1.0,3.0,59350,M,5063468.0,308344.0,59
201700031788,17,7,8,230,5,2,1,1.0,6.0,59350,M,5064604.0,306399.0,59
201700031789,17,8,12,220,5,2,3,1.0,6.0,59350,M,5061887.0,303286.0,59
201700031790,17,5,15,830,1,2,4,1.0,6.0,59350,M,5062273.0,306000.0,59
201700031791,17,8,21,1200,1,2,1,1.0,3.0,59328,M,5064205.0,301732.0,59
201700031792,17,5,26,1035,1,2,4,1.0,3.0,59350,M,5063325.0,307932.0,59
201700031793,17,9,2,1130,1,2,1,1.0,6.0,59350,M,5064353.0,305902.0,59
201700031794,17,9,3,620,5,2,1,1.0,3.0,59350,M,5061929.0,305259.0,59
201700031795,17,8,27,1035,1,1,1,1.0,3.0,59350,M,5064861.0,306861.0,59
201700031796,17,9,1,2025,1,2,2,1.0,3.0,59350,M,5062428.0,306123.0,59
201700031797,17,8,24,1530,1,1,1,1.0,3.0,59343,M,,,59
201700031798,17,8,29,900,1,2,3,1.0,3.0,59009,M,5061775.0,317357.0,59
201700031799,17,9,14,1200,1,2,1,1.0,6.0,59368,M,5064542.0,307540.0,59
201700031800,17,8,14,1100,1,2,3,1.0,3.0,59350,M,5062402.0,307498.0,59
201700031801,17,9,9,715,2,2,2,1.0,3.0,59350,M,5062986.0,304550.0,59
201700031802,17,9,23,1,5,1,1,1.0,4.0,59560,M,5053741.0,305125.0,59
201700031803,17,9,19,1640,1,2,2,1.0,3.0,59350,M,5061200.0,306190.0,59
201700031804,17,9,16,300,5,2,2,1.0,3.0,59360,M,5061187.0,302278.0,59
201700031805,17,9,16,2310,5,2,1,1.0,6.0,59350,M,5064000.0,305000.0,59
201700031806,17,9,15,2100,2,2,1,1.0,3.0,59350,M,5063000.0,305000.0,59
201700031807,17,9,11,15,5,2,1,1.0,6.0,59360,M,5061205.0,302092.0,59
201700031808,17,9,30,30,5,2,5,1.0,3.0,59350,M,5063000.0,304600.0,59
201700031809,17,9,30,1445,1,2,1,1.0,4.0,59378,M,5068830.0,310850.0,59
201700031810,17,10,3,1300,1,2,6,1.0,6.0,59009,M,5065059.0,312670.0,59
201700031811,17,10,5,1040,1,1,1,2.0,7.0,59193,M,5059350.0,301060.0,59
201700031812,17,9,29,715,2,1,9,1.0,4.0,59648,M,5057545.0,302912.0,59
201700031813,17,9,11,1420,1,2,1,3.0,6.0,59220,M,,,59
201700031814,17,9,26,645,3,1,1,5.0,6.0,59560,M,5056467.0,302607.0,59
201700031815,17,10,2,1410,1,2,1,1.0,6.0,59350,M,5061388.0,304805.0,59
201700031816,17,10,11,1915,5,2,1,1.0,6.0,59009,M,5060298.0,313577.0,59
201700031817,17,9,29,1355,1,2,1,1.0,3.0,59350,M,5061666.0,306666.0,59
201700031818,17,10,14,615,3,2,1,1.0,2.0,59378,M,5065644.0,308832.0,59
201700031819,17,10,14,750,3,2,1,1.0,5.0,59378,M,5065603.0,308769.0,59
201700031820,17,9,18,1950,2,2,2,1.0,6.0,59350,M,5062341.0,303738.0,59
201700031821,17,10,12,1600,1,2,1,1.0,4.0,59378,M,5068384.0,309048.0,59
201700031822,17,10,6,2115,5,2,2,1.0,3.0,59009,M,5061538.0,312178.0,59
201700031823,17,7,11,1450,1,2,2,8.0,3.0,59350,M,5062182.0,304583.0,59
201700031824,17,10,12,2210,5,2,2,1.0,3.0,59350,M,5061822.0,307358.0,59
201700031825,17,10,20,635,5,2,1,2.0,1.0,59350,M,,,59
201700031826,17,10,26,1200,1,2,1,1.0,6.0,59350,M,5061827.0,304923.0,59
201700031827,17,10,15,1705,1,2,2,1.0,6.0,59350,M,5061868.0,303266.0,59
201700031828,17,9,28,920,1,2,2,1.0,3.0,59350,M,5064537.0,305651.0,59
201700031829,17,10,3,945,1,2,9,1.0,3.0,59350,M,5061785.0,310300.0,59
201700031830,17,10,24,845,1,2,1,1.0,6.0,59350,M,5062083.0,304750.0,59
201700031831,17,9,12,715,2,1,3,1.0,1.0,59566,M,5061881.0,297769.0,59
201700031832,17,8,25,750,1,2,3,1.0,2.0,59636,M,5068126.0,305409.0,59
201700031833,17,11,12,1355,1,2,1,1.0,7.0,59378,M,5067344.0,309120.0,59
201700031834,17,11,11,2350,5,2,1,1.0,6.0,59220,M,5059205.0,307199.0,59
201700031835,17,10,21,2330,5,2,1,9.0,1.0,59009,M,5001800.0,316282.0,59
201700031836,17,11,3,1830,5,2,2,1.0,3.0,59195,M,5063398.0,296543.0,59
201700031837,17,11,9,1030,1,2,3,1.0,6.0,59350,M,5062593.0,305183.0,59
201700031838,17,11,7,2255,5,2,9,1.0,1.0,59636,M,5068274.0,305355.0,59
201700031839,17,10,8,1600,1,2,3,1.0,6.0,59350,M,5064229.0,308887.0,59
201700031840,17,11,15,1655,1,2,3,1.0,3.0,59328,M,5063949.0,301986.0,59
201700031841,17,10,26,20,5,2,3,1.0,3.0,59350,M,5062465.0,304440.0,59
201700031842,17,11,14,735,2,2,3,1.0,6.0,59350,M,5063448.0,303031.0,59
201700031843,17,11,10,1415,1,2,1,8.0,6.0,59350,M,5062611.0,311210.0,59
201700031844,17,10,24,1900,5,2,1,1.0,6.0,59009,M,5063807.0,313668.0,59
201700031845,17,11,17,600,5,2,2,8.0,1.0,59360,M,5060175.0,303960.0,59
201700031846,17,11,13,1130,1,2,1,1.0,6.0,59328,M,5065129.0,304079.0,59
201700031847,17,11,17,935,1,2,1,1.0,1.0,59378,M,5066534.0,311078.0,59
201700031848,17,11,7,1705,2,2,1,1.0,7.0,59350,M,5000000.0,300000.0,59
201700031849,17,9,16,840,1,2,2,1.0,6.0,59368,M,5064804.0,306888.0,59
201700031850,17,11,8,2135,5,2,9,8.0,3.0,59009,M,5062629.0,313660.0,59
201700031851,17,8,4,730,1,2,9,9.0,3.0,59350,M,5063626.0,305665.0,59
201700031852,17,11,11,820,1,1,1,2.0,3.0,59560,M,5054280.0,304397.0,59
201700031853,17,11,10,425,5,2,2,2.0,2.0,59350,M,5064784.0,306864.0,59
201700031854,17,11,30,1700,5,2,7,2.0,3.0,59009,M,5062650.0,314990.0,59
201700031855,17,11,30,1745,2,2,1,2.0,1.0,59410,M,5064030.0,311220.0,59
201700031856,17,11,7,900,1,2,1,1.0,3.0,59360,M,5060305.0,304055.0,59
201700031857,17,11,17,1810,5,2,3,1.0,1.0,59527,M,5065395.0,305223.0,59
201700031858,17,10,20,2055,5,2,1,1.0,6.0,59410,M,5064215.0,310785.0,59
201700031859,17,11,13,1425,1,2,1,1.0,1.0,59360,M,5060660.0,304280.0,59
201700031860,17,12,16,225,3,1,1,2.0,1.0,59350,M,5062930.0,308473.0,59
201700031861,17,12,19,930,1,2,1,2.0,6.0,59350,M,5062554.0,311464.0,59
201700031862,17,11,18,1400,1,2,1,1.0,3.0,59328,M,5065000.0,303000.0,59
201700031863,17,11,2,750,1,2,2,1.0,3.0,59648,M,5059179.0,305104.0,59
201700031864,17,11,6,950,1,1,9,7.0,6.0,59350,M,5061677.0,303398.0,59
201700031865,17,1,30,720,5,2,1,2.0,6.0,59392,M,,,59
201700031866,17,11,6,1825,5,2,3,1.0,3.0,59291,M,5025080.0,392140.0,59
201700031867,17,3,30,2300,5,2,1,1.0,6.0,59392,M,,,59
201700031868,17,4,24,1425,1,2,1,1.0,7.0,59392,M,5028024.0,396544.0,59
201700031869,17,8,7,1820,1,2,1,1.0,1.0,59392,M,5026666.0,394055.0,59
201700031870,17,10,18,1540,1,2,1,1.0,6.0,59392,M,5028277.0,397277.0,59
201700031871,17,1,5,725,5,2,1,2.0,6.0,59339,M,,,59
201700031872,17,1,6,1635,1,2,1,1.0,6.0,59512,M,,,59
201700031873,17,1,6,1840,5,2,2,1.0,6.0,59646,M,,,59
201700031874,17,12,22,1135,1,2,1,1.0,6.0,59646,M,5066992.0,312424.0,59
201700031875,17,1,8,1605,1,2,2,5.0,1.0,59512,M,,,59
201700031876,17,1,9,1640,2,2,1,8.0,3.0,59512,M,,,59
201700031877,17,1,10,1545,1,2,3,1.0,6.0,59512,M,,,59
201700031878,17,1,12,845,1,2,1,1.0,6.0,59512,M,5069200.0,317821.0,59
201700031879,17,1,15,100,5,2,9,1.0,3.0,59299,M,5066480.0,320441.0,59
201700031880,17,1,20,1910,2,2,2,1.0,3.0,59512,M,,,59
201700031881,17,1,24,1230,1,2,2,1.0,3.0,59512,M,,,59
201700031882,17,1,29,1510,1,2,3,1.0,1.0,59163,M,,,59
201700031883,17,1,30,835,1,2,1,2.0,6.0,59512,M,,,59
201700031884,17,1,31,750,2,2,1,1.0,6.0,59650,M,,,59
201700031885,17,1,31,1430,1,2,2,1.0,3.0,59512,M,,,59
201700031886,17,2,7,1600,1,2,3,2.0,3.0,59339,M,,,59
201700031887,17,2,17,1715,1,2,2,1.0,3.0,59299,M,,,59
201700031888,17,7,19,1750,1,1,1,1.0,7.0,59339,M,5068945.0,323530.0,59
201700031889,17,2,21,930,1,2,2,3.0,3.0,59512,M,,,59
201700031890,17,2,23,350,5,2,1,2.0,6.0,59512,M,,,59
201700031891,17,2,28,2150,5,2,1,2.0,6.0,59512,M,,,59
201700031892,17,3,4,1645,1,2,3,2.0,6.0,59650,M,5071000.0,318000.0,59
201700031893,17,3,8,830,1,2,6,1.0,6.0,59512,M,5067884.0,317195.0,59
201700031894,17,3,11,1330,1,2,2,1.0,6.0,59512,M,5069390.0,318770.0,59
201700031895,17,3,15,1100,1,2,1,1.0,6.0,59512,M,5069583.0,318113.0,59
201700031896,17,3,15,1235,1,2,6,1.0,6.0,59650,M,5070670.0,317977.0,59
201700031897,17,3,11,740,2,2,6,1.0,6.0,59512,M,5070640.0,318009.0,59
201700031898,17,3,16,1530,1,2,1,1.0,6.0,59512,M,5069682.0,319520.0,59
201700031899,17,3,19,1735,1,2,1,1.0,6.0,59512,M,,,59
201700031900,17,3,16,840,1,2,2,1.0,6.0,59512,M,5069007.0,318715.0,59
201700031901,17,3,23,1700,1,2,1,1.0,6.0,59650,M,5070459.0,323436.0,59
201700031902,17,3,24,1620,1,2,3,1.0,6.0,59512,M,5070406.0,317486.0,59
201700031903,17,3,26,1710,1,2,3,1.0,3.0,59512,M,5068662.0,317363.0,59
201700031904,17,3,27,1710,1,2,2,7.0,6.0,59512,M,5069325.0,317110.0,59
201700031905,17,3,17,1750,1,2,3,1.0,6.0,59512,M,5069100.0,319441.0,59
201700031906,17,3,13,1830,1,2,1,1.0,6.0,59512,M,5070640.0,318009.0,59
201700031907,17,4,4,1430,1,2,3,1.0,3.0,59367,M,5067324.0,320907.0,59
201700031908,17,4,7,2210,1,2,1,1.0,3.0,59512,M,5068973.0,316894.0,59
201700031909,17,4,8,415,5,2,1,1.0,6.0,59512,M,5069935.0,317431.0,59
201700031910,17,4,14,2300,5,2,2,1.0,1.0,59512,M,5068000.0,319922.0,59
201700031911,17,4,14,1345,1,2,2,1.0,6.0,59512,M,,,59
201700031912,17,4,16,600,5,2,3,1.0,6.0,59512,M,5069878.0,315773.0,59
201700031913,17,4,16,1750,1,2,2,1.0,5.0,59512,M,,,59
201700031914,17,4,19,915,1,1,4,7.0,6.0,59512,M,5067375.0,318556.0,59
201700031915,17,4,19,1830,1,2,8,1.0,6.0,59512,M,5069373.0,317437.0,59
201700031916,17,4,19,2030,1,2,2,1.0,3.0,59650,M,5069671.0,320748.0,59
201700031917,17,4,21,750,1,2,1,1.0,6.0,59512,M,5068190.0,317705.0,59
201700031918,17,4,21,2120,5,2,1,1.0,6.0,59512,M,5068397.0,320373.0,59
201700031919,17,4,25,850,1,2,1,1.0,6.0,59650,M,5070273.0,316220.0,59
201700031920,17,4,25,1010,1,2,3,1.0,6.0,59512,M,,,59
201700031921,17,4,29,1704,1,2,1,1.0,6.0,59512,M,5068515.0,318203.0,59
201700031922,17,5,4,1650,1,2,3,1.0,6.0,59650,M,5069770.0,321090.0,59
201700031923,17,5,11,815,1,2,2,1.0,6.0,59512,M,5069783.0,316682.0,59
201700031924,17,5,12,1815,1,2,1,1.0,6.0,59512,M,5069990.0,160729.0,59
201700031925,17,5,14,2025,1,2,1,1.0,6.0,59163,M,5068449.0,315049.0,59
201700031926,17,5,15,1735,1,2,1,1.0,3.0,59650,M,5070986.0,319308.0,59
201700031927,17,5,16,1218,1,2,3,1.0,6.0,59512,M,5069400.0,317600.0,59
201700031928,17,5,16,1810,1,2,1,1.0,3.0,59512,M,5069539.0,317340.0,59
201700031929,17,5,20,400,5,2,1,1.0,6.0,59512,M,5067777.0,319602.0,59
201700031930,17,5,21,1100,1,2,2,1.0,3.0,59512,M,5067314.0,317777.0,59
201700031931,17,5,22,1525,1,2,3,1.0,6.0,59512,M,5068106.0,317942.0,59
201700031932,17,5,25,1130,1,2,2,1.0,3.0,59512,M,5069542.0,319597.0,59
201700031933,17,5,31,1900,1,2,1,1.0,1.0,59512,M,5067842.0,316051.0,59
201700031934,17,6,3,2055,1,2,2,1.0,3.0,59512,M,5069751.0,317415.0,59
201700031935,17,6,5,1800,1,2,1,1.0,1.0,59650,M,5070348.0,321847.0,59
201700031936,17,6,6,1515,1,2,3,1.0,2.0,59339,M,5067584.0,324090.0,59
201700031937,17,6,6,2155,1,2,2,1.0,3.0,59512,M,5070422.0,317994.0,59
201700031938,17,6,9,825,1,2,1,2.0,6.0,59367,M,5069379.0,316758.0,59
201700031939,17,6,13,1630,1,2,1,1.0,1.0,59512,M,5069333.0,320020.0,59
201700031940,17,6,14,1755,1,2,6,1.0,3.0,59646,M,5068302.0,312837.0,59
201700031941,17,6,14,2200,4,2,2,1.0,3.0,59650,M,5071074.0,319203.0,59
201700031942,17,6,16,1219,1,2,1,1.0,5.0,59339,M,5067455.0,323867.0,59
201700031943,17,6,17,55,5,2,2,1.0,3.0,59512,M,5069100.0,318120.0,59
201700031944,17,6,19,2110,1,2,1,1.0,6.0,59512,M,5067167.0,318931.0,59
201700031945,17,6,20,2015,1,2,3,1.0,3.0,59299,M,5066000.0,320040.0,59
201700031946,17,6,23,1945,1,2,2,1.0,3.0,59512,M,5067441.0,320097.0,59
201700031947,17,6,29,1410,1,2,2,1.0,3.0,59512,M,5069296.0,318873.0,59
201700031948,17,6,29,1710,1,2,1,1.0,3.0,59512,M,5067596.0,319860.0,59
201700031949,17,7,2,1700,1,2,2,1.0,3.0,59650,M,,,59
201700031950,17,7,3,1610,1,2,1,1.0,6.0,59512,M,,,59
201700031951,17,7,13,400,5,2,1,2.0,2.0,59512,M,5070379.0,316383.0,59
201700031952,17,7,13,1930,1,2,3,1.0,3.0,59650,M,5071249.0,324300.0,59
201700031953,17,7,23,1330,1,2,2,1.0,3.0,59512,M,5070199.0,318772.0,59
201700031954,17,7,23,1325,1,2,1,1.0,3.0,59299,M,,,59
201700031955,17,7,24,2100,1,1,1,1.0,3.0,59512,M,5060000.0,310000.0,59
201700031956,17,7,27,940,1,1,1,8.0,4.0,59299,M,,,59
201700031957,17,7,28,20,5,2,1,1.0,1.0,59512,M,5070324.0,318163.0,59
201700031958,17,7,29,1615,1,2,1,1.0,3.0,59650,M,5070555.0,319812.0,59
201700031959,17,7,31,2225,5,2,1,1.0,3.0,59163,M,5066980.0,315615.0,59
201700031960,17,8,2,1710,1,2,1,2.0,1.0,59512,M,,,59
201700031961,17,8,3,1130,1,2,2,8.0,3.0,59650,M,5070050.0,322880.0,59
201700031962,17,7,4,1900,1,2,1,1.0,6.0,59512,M,5068000.0,318000.0,59
201700031963,17,8,16,1430,1,2,1,1.0,3.0,59512,M,5069297.0,319739.0,59
201700031964,17,8,20,2315,3,2,3,1.0,3.0,59650,M,5070000.0,319880.0,59
201700031965,17,8,22,2250,5,2,2,1.0,3.0,59512,M,5070793.0,318676.0,59
201700031966,17,8,23,810,1,2,1,1.0,6.0,59650,M,,,59
201700031967,17,8,19,2115,5,2,2,1.0,5.0,59512,M,5067057.0,311883.0,59
201700031968,17,8,31,1640,1,2,1,1.0,5.0,59646,M,5067751.0,313484.0,59
201700031969,17,9,7,2130,5,2,2,1.0,3.0,59650,M,,,59
201700031970,17,9,9,1805,1,2,1,1.0,6.0,59512,M,5067880.0,320097.0,59
201700031971,17,9,20,2040,5,2,2,1.0,1.0,59512,M,5067000.0,316000.0,59
201700031972,17,9,22,1615,1,2,2,1.0,3.0,59009,M,5065200.0,312249.0,59
201700031973,17,9,23,1900,2,2,1,1.0,6.0,59512,M,5068160.0,318862.0,59
201700031974,17,9,28,1820,1,2,1,1.0,6.0,59650,M,5069690.0,322050.0,59
201700031975,17,8,13,1325,1,2,1,1.0,3.0,59512,M,5070470.0,318031.0,59
201700031976,17,10,1,245,5,2,1,1.0,6.0,59512,M,5069487.0,318302.0,59
201700031977,17,10,1,1012,1,2,2,1.0,3.0,59512,M,5068104.0,317535.0,59
201700031978,17,10,4,1240,1,2,1,1.0,6.0,59512,M,5070309.0,318321.0,59
201700031979,17,10,4,1730,1,2,3,1.0,3.0,59512,M,,,59