Num_Acc,an,mois,jour,hrmn,lum,agg,int,atm,col,com,gps,lat,long,dep
201700031980,17,10,10,1345,1,2,2,1.0,6.0,59512,M,5067010.0,315541.0,59
201700031981,17,10,12,1550,1,2,1,1.0,6.0,59512,M,5069422.0,317749.0,59
201700031982,17,10,12,2115,5,2,1,1.0,2.0,59650,M,5070012.0,321283.0,59
201700031983,17,10,18,730,2,2,2,1.0,3.0,59650,M,,,59
201700031984,17,10,19,1455,1,2,2,1.0,2.0,59512,M,5068675.0,316609.0,59
201700031985,17,10,19,2210,5,2,3,1.0,6.0,59512,M,5069574.0,317876.0,59
201700031986,17,10,23,2145,5,2,1,2.0,6.0,59163,M,5067566.0,314397.0,59
201700031987,17,10,28,1642,1,2,1,1.0,6.0,59339,M,5067780.0,324633.0,59
201700031988,17,11,1,2030,5,1,1,1.0,4.0,59339,M,5066935.0,322280.0,59
201700031989,17,11,5,15,5,2,1,2.0,1.0,59512,M,5070654.0,318151.0,59
201700031990,17,11,7,1820,3,2,2,1.0,6.0,59512,M,5068602.0,319124.0,59
201700031991,17,11,12,1915,5,2,1,2.0,6.0,59367,M,,,59
201700031992,17,11,13,1210,1,2,2,1.0,6.0,59512,M,5068093.0,320489.0,59
201700031993,17,11,17,915,1,2,2,1.0,6.0,59512,M,5070000.0,318000.0,59
201700031994,17,11,5,1210,1,2,1,1.0,6.0,59650,M,,,59
201700031995,17,11,20,1240,1,1,1,3.0,4.0,59299,M,5065100.0,320660.0,59
201700031996,17,11,22,1025,1,2,1,1.0,6.0,59512,M,5069000.0,318444.0,59
201700031997,17,11,22,1935,5,2,1,1.0,1.0,59650,M,5070400.0,324600.0,59
201700031998,17,11,27,1224,1,2,1,3.0,6.0,59512,M,,,59
201700031999,17,11,27,2220,5,2,1,2.0,1.0,59163,M,5067391.0,314024.0,59
201700032000,17,11,28,800,2,2,2,8.0,3.0,59339,M,5068500.0,324000.0,59
201700032001,17,11,29,800,5,2,1,2.0,6.0,59650,M,5070318.0,321959.0,59
201700032002,17,12,3,2040,5,2,1,8.0,6.0,59650,M,5070365.0,322070.0,59
201700032003,17,12,7,1855,5,2,1,2.0,6.0,59512,M,5068140.0,317840.0,59
201700032004,17,12,8,1600,1,2,1,1.0,6.0,59299,M,5066140.0,319870.0,59
201700032005,17,12,11,805,2,2,1,4.0,6.0,59512,M,5068139.0,318022.0,59
201700032006,17,12,11,940,2,2,1,4.0,6.0,59163,M,5067000.0,315000.0,59
201700032007,17,12,14,1630,1,2,3,2.0,3.0,59650,M,5070830.0,319547.0,59
201700032008,17,12,17,710,5,2,3,9.0,3.0,59650,M,5071131.0,319111.0,59
201700032009,17,12,19,1215,1,2,2,1.0,6.0,59512,M,5067994.0,319178.0,59
201700032010,17,12,20,655,2,2,2,2.0,3.0,59512,M,5069523.0,316996.0,59
201700032011,17,12,22,1053,1,2,1,1.0,6.0,59512,M,5068557.0,319998.0,59
201700032012,17,12,24,1730,5,2,2,1.0,3.0,59646,M,5068309.0,311952.0,59
201700032013,17,3,16,1200,1,2,3,1.0,3.0,59526,M,5043192.0,343670.0,59
201700032014,17,4,5,1400,1,2,9,1.0,1.0,59526,M,,,59
201700032015,17,6,21,815,1,2,1,1.0,5.0,59526,M,,,59
201700032016,17,7,11,1000,1,2,1,1.0,1.0,59526,M,5044000.0,347000.0,59
201700032017,17,12,13,1710,3,1,1,3.0,1.0,59526,M,5041632.0,344438.0,59
201700032018,17,12,21,1700,5,2,1,2.0,6.0,59526,M,5044697.0,343665.0,59
201700032019,17,1,2,1250,1,2,1,1.0,6.0,59599,M,5070685.0,316010.0,59
201700032020,17,12,13,1800,3,2,3,2.0,6.0,59599,M,5072234.0,315556.0,59
201700032021,17,1,2,1540,1,2,3,1.0,1.0,59599,M,5073977.0,318009.0,59
201700032022,17,12,31,1750,2,2,2,1.0,6.0,59421,M,5073074.0,314271.0,59
201700032023,17,1,9,1400,1,1,6,1.0,3.0,59152,M,5076725.0,303045.0,59
201700032024,17,1,13,1130,1,2,1,1.0,6.0,59599,M,,,59
201700032025,17,1,14,2010,5,2,6,2.0,6.0,59426,M,5074834.0,316856.0,59
201700032026,17,1,5,1320,1,2,2,1.0,6.0,59599,M,5072213.0,314430.0,59
201700032027,17,1,22,1705,1,2,1,1.0,6.0,59152,M,5074627.0,301027.0,59
201700032028,17,1,23,1800,1,2,2,1.0,6.0,59599,M,5070508.0,316034.0,59
201700032029,17,2,7,1240,1,2,1,1.0,2.0,59090,M,,,59
201700032030,17,1,26,100,5,1,1,1.0,1.0,59426,M,5075232.0,314051.0,59
201700032031,17,2,6,2200,5,2,1,2.0,6.0,59599,M,,,59
201700032032,17,1,9,750,2,2,1,1.0,6.0,59508,M,,,59
201700032033,17,3,8,1430,1,2,1,1.0,6.0,59599,M,,,59
201700032034,17,3,11,1140,1,2,3,1.0,6.0,59599,M,5073000.0,314152.0,59
201700032035,17,3,10,900,1,2,2,1.0,3.0,59279,M,5077573.0,312379.0,59
201700032036,17,3,11,2045,3,1,1,1.0,3.0,59508,M,5076708.0,312283.0,59
201700032037,17,3,3,200,5,2,1,1.0,6.0,59599,M,5073771.0,316356.0,59
201700032038,17,3,31,1,5,2,3,1.0,6.0,59599,M,5073713.0,318289.0,59
201700032039,17,4,3,1210,1,2,2,1.0,1.0,59599,M,5072017.0,314935.0,59
201700032040,17,4,1,1630,1,2,1,1.0,6.0,59599,M,5072274.0,315983.0,59
201700032041,17,4,16,1530,1,2,2,1.0,3.0,59599,M,,,59
201700032042,17,4,17,2030,5,2,2,1.0,3.0,59426,M,,,59
201700032043,17,4,20,1930,1,1,4,1.0,3.0,59426,M,5076204.0,315820.0,59
201700032044,17,4,15,125,3,2,2,1.0,3.0,59599,M,,,59
201700032045,17,4,26,1230,1,2,3,1.0,3.0,59352,M,5073588.0,308430.0,59
201700032046,17,4,30,1050,1,2,1,1.0,6.0,59599,M,5073210.0,318051.0,59
201700032047,17,5,1,1104,1,2,1,1.0,6.0,59152,M,5076503.0,300771.0,59
201700032048,17,5,14,105,5,2,3,1.0,6.0,59152,M,5075724.0,300388.0,59
201700032049,17,5,13,2030,2,2,2,1.0,1.0,59599,M,5069312.0,314668.0,59
201700032050,17,6,2,1130,1,2,1,1.0,6.0,59599,M,5069582.0,314879.0,59
201700032051,17,6,4,2245,3,1,1,1.0,2.0,59279,M,5078490.0,311169.0,59
201700032052,17,5,31,1530,1,2,1,1.0,1.0,59599,M,5074046.0,318075.0,59
201700032053,17,6,12,715,1,2,6,1.0,1.0,59599,M,5071892.0,317009.0,59
201700032054,17,6,17,1400,1,2,1,1.0,6.0,59599,M,5071963.0,314236.0,59
201700032055,17,6,18,800,1,1,1,1.0,3.0,59426,M,5076145.0,315892.0,59
201700032056,17,7,2,320,5,2,1,1.0,6.0,59152,M,5076747.0,303156.0,59
201700032057,17,6,28,1735,1,2,1,1.0,6.0,59656,M,5077177.0,304697.0,59
201700032058,17,7,5,1835,1,2,1,1.0,6.0,59599,M,5073303.0,314494.0,59
201700032059,17,7,9,925,1,2,1,1.0,3.0,59508,M,5075228.0,312053.0,59
201700032060,17,7,18,805,1,2,1,1.0,6.0,59098,M,5077258.0,307269.0,59
201700032061,17,7,10,2000,1,2,2,1.0,3.0,59599,M,5071687.0,316302.0,59
201700032062,17,7,20,1320,1,2,1,1.0,6.0,59508,M,5072261.0,311191.0,59
201700032063,17,7,30,1350,1,2,3,1.0,3.0,59279,M,5077396.0,312970.0,59
201700032064,17,8,1,1015,1,2,2,1.0,3.0,59599,M,5071776.0,315924.0,59
201700032065,17,8,2,1610,1,2,1,1.0,6.0,59421,M,5070035.0,315089.0,59
201700032066,17,8,6,2050,1,2,2,1.0,3.0,59426,M,5074339.0,315059.0,59
201700032067,17,8,5,2035,1,2,1,1.0,1.0,59599,M,5072135.0,316272.0,59
201700032068,17,8,11,2100,3,1,1,1.0,6.0,59098,M,5076248.0,306619.0,59
201700032069,17,8,12,1905,1,1,3,1.0,3.0,59426,M,5076243.0,315790.0,59
201700032070,17,8,14,2350,5,1,3,1.0,3.0,59426,M,5076243.0,315790.0,59
201700032071,17,8,16,935,1,2,2,1.0,3.0,59599,M,5071446.0,314797.0,59
201700032072,17,8,31,1750,1,2,3,1.0,3.0,59599,M,5073693.0,315398.0,59
201700032073,17,9,14,1810,1,2,3,1.0,3.0,59599,M,5072831.0,314762.0,59
201700032074,17,9,19,2220,3,2,2,1.0,2.0,59599,M,5072827.0,313666.0,59
201700032075,17,9,21,2140,3,2,2,1.0,3.0,59599,M,5071776.0,315925.0,59
201700032076,17,9,27,1900,1,2,6,1.0,2.0,59279,M,5077132.0,311896.0,59
201700032077,17,9,10,350,4,2,1,1.0,6.0,59599,M,5072373.0,316270.0,59
201700032078,17,9,30,1630,1,2,2,1.0,3.0,59426,M,5074317.0,315058.0,59
201700032079,17,10,18,1140,1,2,2,1.0,6.0,59599,M,5071744.0,315685.0,59
201700032080,17,10,21,1840,1,2,1,1.0,6.0,59508,M,5073981.0,313658.0,59
201700032081,17,10,26,1215,1,1,2,1.0,3.0,59426,M,5075498.0,317371.0,59
201700032082,17,10,31,140,5,1,2,1.0,3.0,59352,M,5072777.0,305209.0,59
201700032083,17,11,8,725,5,2,2,1.0,3.0,59599,M,5072785.0,317604.0,59
201700032084,17,11,10,730,3,2,1,1.0,6.0,59599,M,5072939.0,314406.0,59
201700032085,17,11,19,830,3,1,1,2.0,6.0,59352,M,5073383.0,305312.0,59
201700032086,17,11,17,750,5,2,2,1.0,2.0,59599,M,5069463.0,315526.0,59
201700032087,17,11,23,1540,1,2,2,1.0,3.0,59599,M,5073298.0,318198.0,59
201700032088,17,11,27,1925,5,2,2,1.0,3.0,59599,M,5071564.0,315867.0,59
201700032089,17,11,30,1930,4,2,2,4.0,6.0,59279,M,5077965.0,311731.0,59
201700032090,17,12,1,1440,1,2,2,1.0,4.0,59599,M,5073702.0,313956.0,59
201700032091,17,12,8,1930,5,2,1,1.0,6.0,59508,M,5073730.0,311571.0,59
201700032092,17,12,19,1355,1,2,1,1.0,3.0,59599,M,5073742.0,316527.0,59
201700032093,17,12,29,1900,5,2,1,1.0,6.0,59606,M,5036250.0,349444.0,59
201700032094,17,12,30,955,1,2,1,1.0,6.0,59544,M,5037658.0,376704.0,59
201700032095,17,12,19,1830,5,2,1,1.0,6.0,59544,M,5036631.0,355679.0,59
201700032096,17,1,26,1600,2,2,1,1.0,6.0,59079,M,5038472.0,351305.0,59
201700032097,17,1,27,1215,1,2,6,1.0,6.0,59014,M,5036972.0,349444.0,59
201700032098,17,12,25,1730,2,2,1,1.0,6.0,59564,M,5034750.0,348444.0,59
201700032099,17,12,20,1655,2,2,2,8.0,3.0,59014,M,5037600.0,351120.0,59
201700032100,17,12,21,1830,2,2,1,2.0,5.0,59606,M,5038017.0,354438.0,59
201700032101,17,2,2,1230,1,2,1,1.0,6.0,59606,M,,,59
201700032102,17,1,27,1140,1,2,1,1.0,6.0,59112,M,5040500.0,354972.0,59
201700032103,17,12,1,950,1,2,1,2.0,6.0,59014,M,5037419.0,349919.0,59
201700032104,17,2,20,1620,1,2,1,1.0,3.0,59491,M,5038027.0,349416.0,59
201700032105,17,1,26,2250,5,2,3,1.0,3.0,59014,M,,,59
201700032106,17,1,20,1215,1,2,1,1.0,6.0,59032,M,5033335.0,352353.0,59
201700032107,17,3,13,1805,1,2,1,1.0,3.0,59112,M,5039016.0,352933.0,59
201700032108,17,1,10,1730,1,2,1,1.0,6.0,59014,M,5036745.0,350985.0,59
201700032109,17,1,11,1750,1,2,1,1.0,6.0,59491,M,5039370.0,348522.0,59
201700032110,17,1,28,100,5,2,1,1.0,6.0,59112,M,5040638.0,355142.0,59
201700032111,17,3,18,1930,2,2,1,1.0,6.0,59544,M,5036916.0,355166.0,59
201700032112,17,3,18,1940,2,2,1,1.0,6.0,59606,M,5035444.0,350861.0,59
201700032113,17,1,8,100,5,2,2,5.0,3.0,59606,M,,,59
201700032114,17,2,11,1820,5,2,1,3.0,6.0,59606,M,5035579.0,350116.0,59
201700032115,17,2,12,1800,5,2,1,1.0,4.0,59491,M,5041020.0,345575.0,59
201700032116,17,1,9,740,5,2,7,1.0,6.0,59112,M,5039769.0,353663.0,59
201700032117,17,2,3,730,5,2,1,1.0,6.0,59606,M,5034951.0,351949.0,59
201700032118,17,3,2,905,1,2,1,7.0,6.0,59447,M,5040534.0,359407.0,59
201700032119,17,3,26,515,5,2,1,1.0,4.0,59112,M,5040041.0,354346.0,59
201700032120,17,3,22,1800,1,2,1,1.0,3.0,59459,M,5037843.0,347338.0,59
201700032121,17,3,22,200,5,2,1,1.0,6.0,59491,M,5040083.0,346250.0,59
201700032122,17,3,16,730,1,2,1,1.0,6.0,59606,M,5035602.0,351937.0,59
201700032123,17,4,7,2030,1,2,1,1.0,3.0,59112,M,5039768.0,354237.0,59
201700032124,17,5,16,1005,1,2,1,1.0,6.0,59606,M,5036166.0,349583.0,59
201700032125,17,3,31,1635,1,2,2,1.0,3.0,59544,M,5037405.0,355295.0,59
201700032126,17,4,5,1930,1,2,3,1.0,2.0,59491,M,5040265.0,346070.0,59
201700032127,17,3,28,745,5,1,2,1.0,3.0,59014,M,5037117.0,350758.0,59
201700032128,17,5,28,1700,1,2,2,1.0,6.0,59383,M,5034125.0,351979.0,59
201700032129,17,3,31,2215,5,2,3,1.0,3.0,59606,M,5036216.0,349425.0,59
201700032130,17,4,6,1630,1,2,1,1.0,6.0,59207,M,5043044.0,354855.0,59
201700032131,17,4,23,325,5,2,3,1.0,3.0,59606,M,5034802.0,352476.0,59
201700032132,17,5,20,1614,1,1,8,1.0,6.0,59606,M,5038010.0,354400.0,59
201700032133,17,5,12,2310,5,2,1,1.0,3.0,59491,M,5038487.0,349042.0,59
201700032134,17,3,10,1500,1,2,3,1.0,3.0,59544,M,5037683.0,355819.0,59
201700032135,17,5,6,940,1,2,1,1.0,3.0,59459,M,5038083.0,347550.0,59
201700032136,17,4,2,1835,1,2,6,1.0,6.0,59606,M,5035677.0,350472.0,59
201700032137,17,5,24,1738,1,2,1,1.0,6.0,59491,M,5038010.0,354400.0,59
201700032138,17,6,14,1000,1,2,1,1.0,6.0,59606,M,5035972.0,352305.0,59
201700032139,17,6,7,1100,1,2,1,1.0,3.0,59160,M,5040466.0,366585.0,59
201700032140,17,6,8,905,1,2,1,1.0,6.0,59606,M,5035842.0,352488.0,59
201700032141,17,6,9,1210,1,2,6,1.0,3.0,59606,M,5035876.0,351237.0,59
201700032142,17,4,30,15,5,2,1,1.0,6.0,59606,M,5035911.0,353711.0,59
201700032143,17,8,6,1530,1,2,1,1.0,6.0,59606,M,5036555.0,351694.0,59
201700032144,17,6,19,1400,1,1,1,1.0,2.0,59369,M,5031075.0,349916.0,59
201700032145,17,7,22,1700,1,2,1,1.0,3.0,59491,M,5038114.0,349350.0,59
201700032146,17,7,4,2215,2,2,1,1.0,2.0,59112,M,5039054.0,354364.0,59
201700032147,17,7,27,1600,1,2,1,1.0,3.0,59491,M,5039087.0,348576.0,59
201700032148,17,7,27,950,1,2,1,1.0,6.0,59606,M,5035237.0,352490.0,59
201700032149,17,7,7,1345,1,2,1,1.0,6.0,59160,M,5040385.0,366607.0,59
201700032150,17,7,23,1630,1,1,1,1.0,7.0,59491,M,5040810.0,350006.0,59
201700032151,17,9,8,1330,1,2,1,2.0,5.0,59459,M,5021560.0,331010.0,59
201700032152,17,6,19,1423,1,2,6,1.0,3.0,59606,M,5036555.0,351464.0,59
201700032153,17,6,22,2030,1,2,1,1.0,1.0,59447,M,5037978.0,359247.0,59
201700032154,17,6,22,530,2,1,3,1.0,3.0,59613,M,5040402.0,362048.0,59
201700032155,17,7,19,425,3,1,1,1.0,6.0,59479,M,5040264.0,362430.0,59
201700032156,17,7,17,2330,3,1,1,1.0,7.0,59160,M,5042824.0,365580.0,59
201700032157,17,7,20,1525,1,2,3,8.0,3.0,59515,M,5032803.0,344340.0,59
201700032158,17,7,31,1720,1,2,1,1.0,6.0,59491,M,5039347.0,347141.0,59
201700032159,17,9,16,1600,1,2,8,1.0,1.0,59014,M,5037524.0,351040.0,59
201700032160,17,8,31,925,1,2,1,1.0,6.0,59544,M,5036989.0,355132.0,59
201700032161,17,8,27,935,1,2,1,1.0,3.0,59207,M,5042503.0,356498.0,59
201700032162,17,8,30,1420,1,2,2,1.0,3.0,59603,M,5033516.0,350864.0,59
201700032163,17,11,1,1810,5,2,1,1.0,6.0,59606,M,5035987.0,349892.0,59
201700032164,17,11,14,1615,1,2,1,1.0,6.0,59606,M,5036611.0,351444.0,59
201700032165,17,11,14,1920,5,2,2,1.0,3.0,59606,M,5035583.0,350666.0,59
201700032166,17,11,16,1900,2,2,1,1.0,6.0,59484,M,5039222.0,366388.0,59
201700032167,17,11,17,1630,1,2,1,1.0,6.0,59606,M,5035388.0,348916.0,59
201700032168,17,9,1,1520,1,2,1,1.0,6.0,59606,M,5036239.0,351974.0,59
201700032169,17,11,6,1900,5,2,1,2.0,3.0,59606,M,5035641.0,351646.0,59
201700032170,17,11,18,1555,1,2,1,1.0,6.0,59606,M,5035397.0,348952.0,59
201700032171,17,11,27,745,5,2,1,2.0,6.0,59606,M,5035688.0,350487.0,59
201700032172,17,11,28,930,1,2,1,1.0,6.0,59606,M,5035784.0,352620.0,59
201700032173,17,9,23,730,5,2,1,5.0,6.0,59479,M,5039424.0,363163.0,59
201700032174,17,11,1,2120,5,2,1,1.0,6.0,59491,M,5039453.0,346933.0,59
201700032175,17,9,23,1500,1,2,1,1.0,6.0,59606,M,5036111.0,352006.0,59
201700032176,17,9,10,130,5,2,3,1.0,2.0,59491,M,5037775.0,349679.0,59
201700032177,17,11,29,1550,1,2,2,1.0,3.0,59383,M,5035548.0,353769.0,59
201700032178,17,9,28,1625,1,2,1,1.0,6.0,59032,M,5033492.0,352411.0,59
201700032179,17,10,16,1830,2,2,3,1.0,6.0,59112,M,5039181.0,353958.0,59
201700032180,17,12,2,1950,5,2,1,5.0,6.0,59032,M,5033654.0,352419.0,59
201700032181,17,10,18,715,5,2,4,1.0,6.0,59491,M,5038124.0,349357.0,59
201700032182,17,9,26,1830,2,2,1,1.0,2.0,59112,M,5039861.0,353215.0,59
201700032183,17,11,18,1530,1,2,6,1.0,6.0,59564,M,5033846.0,346360.0,59
201700032184,17,11,19,1800,5,2,6,1.0,5.0,59606,M,5035926.0,351294.0,59
201700032185,17,11,16,1050,1,2,1,1.0,6.0,59606,M,5036305.0,352083.0,59
201700032186,17,11,24,1440,1,2,1,1.0,6.0,59606,M,5034680.0,352415.0,59
201700032187,17,12,4,1730,2,2,6,1.0,6.0,59606,M,5035396.0,352921.0,59
201700032188,17,12,11,830,2,2,1,1.0,6.0,59014,M,5036948.0,349764.0,59
201700032189,17,12,11,815,2,2,6,1.0,6.0,59606,M,5035656.0,350468.0,59
201700032190,17,12,5,1100,1,2,6,1.0,6.0,59606,M,5036011.0,351701.0,59
201700032191,17,12,8,2230,5,2,6,1.0,1.0,59606,M,5033904.0,351364.0,59
201700032192,17,1,2,1800,5,2,1,4.0,3.0,68112,M,,,68
201700032193,17,1,28,1455,1,2,3,1.0,1.0,68112,M,4791556.0,720327.0,68
201700032194,17,2,9,1803,5,2,1,1.0,3.0,68112,M,4791592.0,720225.0,68
201700032195,17,3,2,810,1,1,1,1.0,1.0,68058,M,4792608.0,719456.0,68
201700032196,17,3,17,1145,1,2,1,1.0,2.0,68112,M,4791069.0,721269.0,68
201700032197,17,4,20,1745,1,2,1,1.0,3.0,68058,M,4792949.0,718452.0,68
201700032198,17,6,20,1245,1,2,2,1.0,3.0,68030,M,4793077.0,723319.0,68
201700032199,17,7,22,1645,1,2,2,1.0,1.0,68112,M,4791428.0,720904.0,68
201700032200,17,7,20,2125,2,2,1,1.0,6.0,68276,M,4789965.0,717974.0,68
201700032201,17,8,20,1200,1,1,1,1.0,6.0,68178,M,4793631.0,712466.0,68
201700032202,17,11,12,1820,5,2,1,2.0,6.0,68112,M,4790934.0,721471.0,68
201700032203,17,1,5,1545,1,1,1,1.0,3.0,68032,M,4783451.0,722345.0,68
201700032204,17,1,14,2050,3,1,1,1.0,7.0,68156,M,4790582.0,723936.0,68
201700032205,17,1,17,1630,1,2,1,1.0,6.0,68203,M,4791110.0,729282.0,68
201700032206,17,1,23,1449,1,1,1,1.0,7.0,68043,M,4785811.0,724312.0,68
201700032207,17,1,31,800,1,1,1,2.0,4.0,68156,M,4789663.0,723791.0,68
201700032208,17,3,3,2210,3,1,1,1.0,3.0,68260,M,4788088.0,726981.0,68
201700032209,17,3,14,820,1,1,1,1.0,7.0,68343,M,4786380.0,728725.0,68
201700032210,17,3,15,1645,1,2,3,7.0,3.0,68315,M,4789715.0,722230.0,68
201700032211,17,3,31,1630,1,2,1,1.0,1.0,68156,M,4789161.0,724757.0,68
201700032212,17,4,16,1500,1,2,3,1.0,3.0,68043,M,4785724.0,726098.0,68
201700032213,17,4,17,1050,1,1,1,1.0,7.0,68315,M,4787945.0,712815.0,68
201700032214,17,5,3,1725,1,2,1,1.0,7.0,68156,M,4790663.0,725271.0,68
201700032215,17,5,15,805,1,2,4,1.0,3.0,68315,M,4788309.0,723242.0,68
201700032216,17,5,16,2100,3,1,1,1.0,6.0,68315,M,4785972.0,714396.0,68
201700032217,17,5,26,1430,1,1,1,1.0,7.0,68203,M,4790241.0,728594.0,68
201700032218,17,7,7,1000,1,1,1,1.0,7.0,68343,M,4786080.0,728610.0,68
201700032219,17,7,7,1600,1,2,1,1.0,2.0,68315,M,4789549.0,722373.0,68
201700032220,17,6,22,1800,1,1,1,1.0,7.0,68122,M,4785614.0,724211.0,68
201700032221,17,7,26,1635,1,1,4,1.0,4.0,68315,M,4788743.0,725586.0,68
201700032222,17,7,30,2105,1,2,1,1.0,6.0,68315,M,4788299.0,722015.0,68
201700032223,17,8,8,1640,1,2,1,1.0,2.0,68315,M,4789314.0,722576.0,68
201700032224,17,9,4,400,3,1,1,1.0,7.0,68343,M,4785891.0,728476.0,68
201700032225,17,9,7,1050,1,2,1,1.0,2.0,68315,M,4788027.0,723657.0,68
201700032226,17,9,10,730,1,2,1,1.0,6.0,68315,M,4788167.0,723128.0,68
201700032227,17,10,11,1415,1,1,1,1.0,7.0,68315,M,4789119.0,711276.0,68
201700032228,17,10,14,1550,1,1,3,1.0,1.0,68343,M,4785190.0,728367.0,68
201700032229,17,10,27,140,5,2,2,1.0,6.0,68343,M,4787556.0,730387.0,68
201700032230,17,11,13,1730,3,1,6,1.0,4.0,68156,M,4789602.0,723918.0,68
201700032231,17,11,15,1645,2,1,1,8.0,5.0,68315,M,4788262.0,725632.0,68
201700032232,17,11,22,1538,1,2,2,1.0,3.0,68159,M,4788405.0,719514.0,68
201700032233,17,12,13,2050,3,1,1,6.0,6.0,68156,M,4790771.0,725167.0,68
201700032234,17,12,16,1540,1,1,4,1.0,7.0,68315,M,4788918.0,725569.0,68
201700032235,17,5,17,1425,1,1,2,1.0,3.0,43183,M,4513790.0,363191.0,43
201700032236,17,5,20,1440,1,1,3,1.0,3.0,43148,M,4521200.0,351568.0,43
201700032237,17,5,29,1800,1,1,1,1.0,6.0,43055,M,,,43
201700032238,17,6,18,1830,1,1,8,1.0,3.0,43147,M,4530530.0,335968.0,43
201700032239,17,6,29,1628,1,1,1,1.0,6.0,43074,M,,,43
201700032240,17,7,16,2100,1,1,3,7.0,3.0,43117,M,4524980.0,343490.0,43
201700032241,17,8,8,1130,1,1,1,1.0,5.0,43232,M,4521010.0,349452.0,43
201700032242,17,9,2,1650,1,1,1,1.0,1.0,43188,M,4513930.0,358838.0,43
201700032243,17,3,4,1510,1,2,3,2.0,3.0,43080,M,,,43
201700032244,17,4,7,930,1,1,1,1.0,5.0,43043,M,4517270.0,373690.0,43
201700032245,17,5,1,1105,1,1,3,8.0,6.0,43254,M,4512940.0,369096.0,43
201700032246,17,6,1,615,2,1,1,1.0,6.0,43071,M,4527730.0,383332.0,43
201700032247,17,11,4,1745,5,2,1,3.0,6.0,43080,M,4533290.0,384906.0,43
201700032248,17,1,6,2225,5,2,1,1.0,6.0,41194,M,4736383.0,174529.0,41
201700032249,17,1,18,750,5,2,1,1.0,6.0,41194,M,4735101.0,174795.0,41
201700032250,17,1,21,1537,1,1,1,7.0,6.0,41194,M,4737268.0,171611.0,41
201700032251,17,2,11,1900,5,2,1,1.0,6.0,41194,M,4734590.0,174810.0,41
201700032252,17,4,24,35,3,1,1,1.0,6.0,41185,M,4737034.0,170554.0,41
201700032253,17,5,27,1920,1,1,1,1.0,6.0,41140,M,4745346.0,177980.0,41
201700032254,17,6,17,1040,1,2,6,1.0,3.0,41194,M,4734209.0,174907.0,41
201700032255,17,6,29,45,3,1,1,2.0,6.0,41271,M,4747208.0,169657.0,41
201700032256,17,7,21,715,1,1,1,1.0,5.0,41157,M,4742553.0,159873.0,41
201700032257,17,8,21,435,3,1,1,1.0,6.0,41157,M,4741751.0,160842.0,41
201700032258,17,9,7,1445,1,2,1,1.0,6.0,41194,M,4736100.0,147455.0,41
201700032259,17,9,26,1600,1,1,1,1.0,1.0,41068,M,4748499.0,164595.0,41
201700032260,17,9,29,1430,1,2,1,1.0,6.0,41194,M,4736218.0,174518.0,41
201700032261,17,10,2,1840,1,2,1,2.0,1.0,41194,M,4735846.0,173958.0,41
201700032262,17,10,5,915,1,1,1,1.0,3.0,41157,M,4741432.0,157640.0,41
201700032263,17,10,31,1645,1,2,1,1.0,6.0,41194,M,4736734.0,173768.0,41
201700032264,17,1,10,1600,1,2,1,1.0,7.0,41150,M,4755723.0,147660.0,41
201700032265,17,2,4,1550,1,1,1,1.0,6.0,41204,M,4760775.0,142391.0,41
201700032266,17,3,4,1245,1,1,1,1.0,6.0,41031,M,4751930.0,136353.0,41
201700032267,17,3,11,555,3,1,1,5.0,7.0,41150,M,4756214.0,142021.0,41
201700032268,17,6,28,810,1,1,1,3.0,1.0,41160,M,4755933.0,159917.0,41
201700032269,17,7,9,200,4,2,1,1.0,6.0,41147,M,4749906.0,129981.0,41
201700032270,17,7,21,910,1,2,2,7.0,3.0,41067,M,4751441.0,145400.0,41
201700032271,17,8,20,1020,1,2,1,1.0,1.0,41032,M,4752450.0,130240.0,41
201700032272,17,9,6,655,2,1,1,1.0,1.0,41067,M,4752203.0,143438.0,41
201700032273,17,9,7,1915,2,2,1,1.0,3.0,41147,M,4751217.0,133396.0,41
201700032274,17,9,9,1735,1,1,1,1.0,5.0,41067,M,4749394.0,148071.0,41
201700032275,17,9,13,930,1,1,1,6.0,6.0,41013,M,4753885.0,159654.0,41
201700032276,17,10,8,110,3,2,9,3.0,6.0,41150,M,4755710.0,147755.0,41
201700032277,17,11,1,1923,2,1,1,1.0,5.0,41061,M,4747421.0,142093.0,41
201700032278,17,12,16,1500,1,1,1,8.0,1.0,41031,M,4751462.0,135430.0,41
201700032279,17,12,14,1825,2,2,2,2.0,3.0,60057,M,4943823.0,209819.0,60
201700032280,17,12,22,1820,2,2,2,2.0,6.0,60057,M,4942955.0,208371.0,60
201700032281,17,1,21,1520,1,2,1,9.0,3.0,60057,M,4941337.0,211446.0,60
201700032282,17,3,6,1234,1,2,5,1.0,1.0,60057,M,4943619.0,208282.0,60
201700032283,17,3,9,1145,1,2,2,1.0,6.0,60057,M,4943561.0,208657.0,60
201700032284,17,3,16,1630,1,1,1,1.0,2.0,60057,M,4943982.0,210414.0,60
201700032285,17,3,29,647,3,2,1,1.0,6.0,60057,M,4945318.0,207447.0,60
201700032286,17,6,3,2015,1,2,2,1.0,6.0,60057,M,4943377.0,209458.0,60