Num_Acc,an,mois,jour,hrmn,lum,agg,int,atm,col,com,gps,lat,long,dep
201700032287,17,6,21,1450,1,2,1,1.0,6.0,60057,M,4943766.0,208781.0,60
201700032288,17,7,5,1246,1,2,7,1.0,1.0,60057,M,4947085.0,208303.0,60
201700032289,17,7,9,1310,1,2,9,1.0,3.0,60057,M,4944286.0,209236.0,60
201700032290,17,5,13,1,5,2,1,1.0,1.0,60057,M,4942556.0,207683.0,60
201700032291,17,4,19,1630,1,2,1,1.0,6.0,60057,M,4943302.0,210550.0,60
201700032292,17,7,8,2250,3,2,2,1.0,3.0,60057,M,4942891.0,208549.0,60
201700032293,17,7,10,1535,1,2,2,1.0,6.0,60057,M,4943367.0,210278.0,60
201700032294,17,7,22,1135,1,2,2,1.0,3.0,60057,M,4943410.0,205189.0,60
201700032295,17,7,22,1735,1,2,1,1.0,6.0,60057,M,4941668.0,207715.0,60
201700032296,17,8,8,1129,1,2,9,2.0,6.0,60057,M,4942040.0,207270.0,60
201700032297,17,5,2,1645,1,2,2,1.0,3.0,60057,M,4943509.0,210356.0,60
201700032298,17,5,7,2308,5,2,1,1.0,6.0,60057,M,4943307.0,211595.0,60
201700032299,17,8,16,2022,2,2,1,1.0,3.0,60057,M,4945335.0,207325.0,60
201700032300,17,9,8,1725,1,2,1,1.0,6.0,60057,M,4944129.0,209533.0,60
201700032301,17,9,17,40,5,2,2,1.0,2.0,60057,M,4942753.0,208326.0,60
201700032302,17,9,29,1645,1,2,1,1.0,6.0,60057,M,4942936.0,209052.0,60
201700032303,17,10,3,1122,1,2,7,1.0,6.0,60057,M,4942917.0,208158.0,60
201700032304,17,10,7,1153,1,2,2,1.0,3.0,60057,M,4941413.0,210606.0,60
201700032305,17,10,23,1415,1,1,1,6.0,3.0,60057,M,4943964.0,211877.0,60
201700032306,17,10,31,625,5,2,1,5.0,6.0,60057,M,4942710.0,208642.0,60
201700032307,17,11,1,45,5,2,2,1.0,3.0,60057,M,4943025.0,208652.0,60
201700032308,17,11,2,1825,2,2,1,1.0,6.0,60057,M,4943509.0,208790.0,60
201700032309,17,11,16,1110,1,2,2,1.0,6.0,60057,M,4943591.0,209726.0,60
201700032310,17,11,27,1717,2,2,3,2.0,6.0,60057,M,4942626.0,209521.0,60
201700032311,17,11,28,110,5,2,2,1.0,3.0,60057,M,4942943.0,211850.0,60
201700032312,17,12,1,1414,1,2,1,1.0,4.0,60057,M,4943539.0,208701.0,60
201700032313,17,12,6,1945,2,2,3,2.0,6.0,60057,M,4942730.0,208409.0,60
201700032314,17,1,6,1945,3,1,1,8.0,1.0,22237,M,4852563.0,-226027.0,22
201700032315,17,3,9,1445,1,1,3,1.0,3.0,22237,M,4852553.0,-230384.0,22
201700032316,17,3,19,1450,1,1,1,8.0,3.0,22357,M,4855357.0,-219320.0,22
201700032317,17,4,6,930,1,2,2,1.0,6.0,22205,M,4847984.0,-229676.0,22
201700032318,17,7,22,1240,1,2,1,2.0,6.0,22172,M,4852271.0,-223578.0,22
201700032319,17,8,27,1620,1,1,1,1.0,1.0,22048,M,4850367.0,-217055.0,22
201700032320,17,8,31,1700,1,1,1,1.0,6.0,22209,M,4855552.0,-211473.0,22
201700032321,17,9,13,1700,1,2,1,2.0,6.0,22302,M,4859634.0,-219186.0,22
201700032322,17,9,23,1115,1,1,3,1.0,2.0,22172,M,4853754.0,-222424.0,22
201700032323,17,9,29,755,2,2,3,8.0,7.0,22048,M,4848100.0,-216498.0,22
201700032324,17,10,26,1335,1,1,1,1.0,1.0,22048,M,4847442.0,-222306.0,22
201700032325,17,11,21,1515,1,1,1,1.0,7.0,22048,M,4848689.0,-219554.0,22
201700032326,17,2,17,630,2,2,1,9.0,6.0,22372,M,4852883.0,-285074.0,22
201700032327,17,2,18,1355,1,1,3,1.0,3.0,22375,M,4860430.0,-298116.0,22
201700032328,17,7,26,1620,1,1,1,1.0,7.0,22188,M,4852175.0,-287337.0,22
201700032329,17,8,4,1635,1,1,1,8.0,6.0,22019,M,4858805.0,-298283.0,22
201700032330,17,10,19,1237,1,1,1,1.0,1.0,22304,M,4855991.0,-304424.0,22
201700032331,17,11,5,1230,1,1,1,4.0,3.0,22356,M,4855604.0,-288075.0,22
201700032332,17,1,5,1355,1,1,4,1.0,3.0,60382,M,4944310.0,279494.0,60
201700032333,17,1,8,505,4,2,1,1.0,6.0,60159,M,4940949.0,280124.0,60
201700032334,17,1,14,920,1,2,1,7.0,6.0,60159,M,4940679.0,281056.0,60
201700032335,17,1,25,1545,1,2,2,1.0,3.0,60159,M,4940721.0,280567.0,60
201700032336,17,2,1,650,5,1,1,1.0,1.0,60159,M,4939501.0,279057.0,60
201700032337,17,2,12,625,4,1,1,1.0,6.0,60159,M,4939125.0,279372.0,60
201700032338,17,2,25,1245,1,1,1,1.0,6.0,60665,M,4941721.0,279629.0,60
201700032339,17,3,4,1120,1,1,1,3.0,3.0,60159,M,4942612.0,288116.0,60
201700032340,17,3,19,120,3,1,6,1.0,6.0,60665,M,4941145.0,279809.0,60
201700032341,17,4,26,515,3,2,1,1.0,6.0,60159,M,4940328.0,283270.0,60
201700032342,17,4,28,1305,1,2,1,1.0,6.0,60159,M,4940883.0,283073.0,60
201700032343,17,3,20,1725,1,2,7,1.0,3.0,60159,M,4939799.0,279658.0,60
201700032344,17,5,12,1845,1,2,1,3.0,6.0,60382,M,4942443.0,281925.0,60
201700032345,17,5,30,110,5,2,1,1.0,6.0,60159,M,4941236.0,280738.0,60
201700032346,17,6,8,35,5,2,4,1.0,3.0,60159,M,4940640.0,280252.0,60
201700032347,17,6,19,810,1,1,1,1.0,2.0,60665,M,4941464.0,277599.0,60
201700032348,17,6,21,1845,1,1,1,1.0,6.0,60665,M,4940455.0,278205.0,60
201700032349,17,6,27,525,5,1,6,1.0,3.0,60159,M,4939247.0,278926.0,60
201700032350,17,6,23,1630,1,2,3,1.0,6.0,60159,M,4939644.0,279389.0,60
201700032351,17,7,16,430,3,2,1,1.0,6.0,60159,M,4939943.0,279220.0,60
201700032352,17,7,20,2010,1,2,3,1.0,6.0,60159,M,4940762.0,280508.0,60
201700032353,17,8,3,1055,1,2,1,1.0,6.0,60159,M,4940746.0,281173.0,60
201700032354,17,8,3,1820,1,1,1,1.0,6.0,60159,M,4940402.0,283446.0,60
201700032355,17,8,6,1355,1,1,6,1.0,6.0,60159,M,4939379.0,279233.0,60
201700032356,17,8,18,1420,1,2,3,1.0,3.0,60382,M,4942438.0,281559.0,60
201700032357,17,8,20,1835,1,2,1,1.0,7.0,60159,M,4940748.0,280067.0,60
201700032358,17,9,3,20,5,2,1,1.0,1.0,60159,M,4941013.0,280763.0,60
201700032359,17,10,7,1,5,2,3,1.0,3.0,60382,M,4942547.0,281821.0,60
201700032360,17,11,15,1825,5,2,1,1.0,6.0,60159,M,4940750.0,281340.0,60
201700032361,17,11,30,1435,1,2,1,4.0,6.0,60159,M,4941684.0,282662.0,60
201700032362,17,11,28,830,4,2,6,1.0,7.0,60159,M,4940448.0,281082.0,60
201700032363,17,12,7,1225,1,2,1,1.0,6.0,60159,M,4941574.0,281940.0,60
201700032364,17,12,13,1910,5,2,1,1.0,6.0,60159,M,4941871.0,282365.0,60
201700032365,17,12,18,1725,5,2,2,1.0,6.0,60159,M,4941477.0,282874.0,60
201700032366,17,1,8,2020,5,2,1,8.0,6.0,60175,M,4924857.0,247335.0,60
201700032367,17,1,11,1815,5,2,1,1.0,6.0,60463,M,4927506.0,248369.0,60
201700032368,17,2,13,2040,5,2,2,1.0,3.0,60463,M,4928367.0,246492.0,60
201700032369,17,2,13,1600,1,2,1,1.0,6.0,60175,M,4925794.0,247788.0,60
201700032370,17,3,16,2215,3,1,1,1.0,5.0,60175,M,4924528.0,247545.0,60
201700032371,17,3,15,830,1,2,1,1.0,4.0,60175,M,4926097.0,249809.0,60
201700032372,17,4,1,1430,1,2,1,7.0,6.0,60463,M,4928117.0,246055.0,60
201700032373,17,4,1,1540,1,2,1,7.0,2.0,60684,M,4928449.0,249149.0,60
201700032374,17,4,7,1855,1,2,1,1.0,6.0,60175,M,4925444.0,246983.0,60
201700032375,17,4,24,720,1,1,1,1.0,3.0,60463,M,4927038.0,245813.0,60
201700032376,17,5,7,1900,1,2,1,1.0,2.0,60175,M,4925755.0,247852.0,60
201700032377,17,5,4,515,5,2,9,1.0,3.0,60175,M,4926273.0,247405.0,60
201700032378,17,5,20,1750,1,2,1,1.0,6.0,60175,M,4925483.0,249019.0,60
201700032379,17,6,22,2040,2,2,1,1.0,6.0,60463,M,4927409.0,246645.0,60
201700032380,17,7,3,830,1,2,1,1.0,6.0,60414,M,4926569.0,243061.0,60
201700032381,17,7,23,1450,1,2,9,1.0,3.0,60175,M,4925120.0,247610.0,60
201700032382,17,8,10,1740,1,2,1,1.0,3.0,60414,M,4925564.0,243280.0,60
201700032383,17,8,14,1915,1,2,1,1.0,3.0,60684,M,4928446.0,248805.0,60
201700032384,17,8,13,1905,1,2,1,1.0,7.0,60414,M,4925809.0,241131.0,60
201700032385,17,8,25,1725,1,2,1,1.0,6.0,60684,M,4928954.0,249061.0,60
201700032386,17,8,21,1255,1,1,1,1.0,4.0,60175,M,4924567.0,247516.0,60
201700032387,17,9,22,720,1,2,9,1.0,6.0,60463,M,4928352.0,246472.0,60
201700032388,17,10,3,1225,1,2,1,1.0,6.0,60175,M,4925067.0,246690.0,60
201700032389,17,10,6,1820,1,2,1,1.0,6.0,60463,M,4927390.0,246670.0,60
201700032390,17,11,21,1730,1,2,1,1.0,6.0,60175,M,4924981.0,247141.0,60
201700032391,17,11,8,1620,2,1,6,1.0,6.0,60684,M,4928400.0,248753.0,60
201700032392,17,12,11,545,5,2,1,3.0,3.0,60175,M,4925766.0,248317.0,60
201700032393,17,1,21,455,3,1,1,1.0,4.0,84043,M,4399465.0,493247.0,84
201700032394,17,3,2,2050,3,1,1,1.0,6.0,84143,M,4401089.0,514129.0,84
201700032395,17,3,7,2245,3,1,1,1.0,1.0,84142,M,4394805.0,501587.0,84
201700032396,17,4,5,941,1,1,1,1.0,3.0,84088,M,4402641.0,505022.0,84
201700032397,17,6,10,1550,1,1,2,1.0,3.0,84088,M,4402085.0,503527.0,84
201700032398,17,6,14,1815,1,1,1,1.0,1.0,84088,M,4398551.0,504469.0,84
201700032399,17,10,16,2110,3,1,1,1.0,6.0,84142,M,4395455.0,502642.0,84
201700032400,17,12,7,1945,3,1,2,1.0,3.0,84088,M,4400149.0,506027.0,84
201700032401,17,3,16,2310,3,1,1,1.0,6.0,71222,M,4664128.0,445664.0,71
201700032402,17,6,11,840,1,1,1,1.0,1.0,71320,M,4662534.0,446436.0,71
201700032403,17,8,30,1844,2,1,1,3.0,1.0,71007,M,4653538.0,468393.0,71
201700032404,17,9,28,1425,1,2,2,1.0,3.0,71344,M,4654366.0,453178.0,71
201700032405,17,12,12,2030,3,1,1,1.0,7.0,71007,M,4652650.0,468652.0,71
201700032406,17,1,10,1345,1,1,1,1.0,7.0,91016,M,4829859.0,200587.0,91
201700032407,17,1,13,430,3,1,1,6.0,6.0,91613,M,4838705.0,197494.0,91
201700032408,17,1,22,2020,3,1,1,1.0,7.0,91613,M,4838911.0,198988.0,91
201700032409,17,1,27,1800,2,1,1,8.0,6.0,91016,M,4830145.0,200707.0,91
201700032410,17,2,4,1315,1,1,1,6.0,6.0,91294,M,4837488.0,206308.0,91
201700032411,17,2,6,1900,3,1,1,1.0,1.0,91613,M,4839047.0,197382.0,91
201700032412,17,2,24,1400,1,1,1,1.0,7.0,91016,M,4831004.0,202482.0,91
201700032413,17,4,10,625,2,1,1,1.0,7.0,91613,M,4837995.0,197716.0,91
201700032414,17,4,17,1100,1,1,1,1.0,7.0,91294,M,4836369.0,206637.0,91
201700032415,17,4,24,745,1,2,1,1.0,7.0,91533,M,4835302.0,212114.0,91
201700032416,17,5,27,1200,1,1,1,1.0,6.0,91390,M,4832844.0,206807.0,91
201700032417,17,6,8,755,1,1,1,1.0,6.0,91294,M,4837800.0,208630.0,91
201700032418,17,6,11,1550,1,1,1,1.0,1.0,91399,M,4835210.0,228188.0,91
201700032419,17,9,4,1755,1,2,1,1.0,6.0,91016,M,4831353.0,200327.0,91
201700032420,17,9,19,120,3,1,1,1.0,6.0,91511,M,4833224.0,199161.0,91
201700032421,17,9,26,2140,3,1,1,1.0,6.0,91544,M,4837430.0,214630.0,91
201700032422,17,11,5,1110,1,2,1,1.0,2.0,91390,M,4831490.0,208267.0,91
201700032423,17,3,9,1000,1,1,9,1.0,6.0,74093,M,4589882.0,608898.0,74
201700032424,17,8,17,2200,3,1,1,1.0,5.0,74061,M,4583091.0,604302.0,74
201700032425,17,9,19,1620,1,1,1,2.0,4.0,74120,M,4602831.0,623088.0,74
201700032426,17,11,16,1529,1,2,2,1.0,3.0,74225,M,4586405.0,594033.0,74
201700032427,17,11,26,2140,3,1,1,1.0,6.0,74120,M,4602759.0,623023.0,74
201700032428,17,1,28,1815,5,2,2,1.0,7.0,61001,M,4843828.0,10252.0,61
201700032429,17,1,25,650,3,1,1,1.0,2.0,61497,M,4845532.0,10573.0,61
201700032430,17,2,6,2130,5,2,2,2.0,3.0,61001,M,4843828.0,10252.0,61
201700032431,17,2,8,1840,5,2,1,1.0,1.0,61001,M,4844135.0,9229.0,61
201700032432,17,3,3,1620,1,1,3,1.0,1.0,61117,M,4843628.0,1955.0,61
201700032433,17,6,10,1015,1,2,2,1.0,6.0,61001,M,4841525.0,9122.0,61
201700032434,17,6,15,2225,3,1,9,1.0,3.0,61497,M,4845371.0,9914.0,61
201700032435,17,6,21,1320,1,2,6,1.0,3.0,61397,M,4842164.0,7962.0,61
201700032436,17,6,26,105,5,2,1,1.0,6.0,61001,M,4841670.0,8955.0,61
201700032437,17,6,30,1814,1,2,1,1.0,2.0,61001,M,4841757.0,8947.0,61
201700032438,17,7,6,1241,1,2,1,1.0,7.0,61001,M,4842792.0,8515.0,61
201700032439,17,7,8,1730,1,2,1,1.0,2.0,61497,M,4845637.0,9148.0,61
201700032440,17,7,18,1240,1,2,6,1.0,3.0,61001,M,4844449.0,9911.0,61
201700032441,17,7,29,1558,1,2,1,1.0,3.0,61001,M,4843503.0,8624.0,61
201700032442,17,9,19,1135,1,2,1,1.0,6.0,61001,M,4842840.0,8875.0,61
201700032443,17,11,13,1650,1,2,2,1.0,3.0,61001,M,4842552.0,6316.0,61
201700032444,17,11,28,1640,1,2,1,1.0,2.0,61001,M,4842597.0,9209.0,61
201700032445,17,2,3,1805,5,2,3,2.0,5.0,61006,M,4874882.0,-1279.0,61
201700032446,17,5,22,1845,1,2,3,1.0,3.0,61006,M,4874035.0,-2470.0,61
201700032447,17,6,3,1610,1,1,1,1.0,1.0,61006,M,4872337.0,-1048.0,61
201700032448,17,6,18,940,1,1,1,1.0,6.0,61006,M,4872489.0,-173.0,61
201700032449,17,7,13,1535,1,2,6,1.0,3.0,61006,M,4874006.0,-901.0,61
201700032450,17,7,21,1750,1,2,1,1.0,7.0,61006,M,4874917.0,-2374.0,61
201700032451,17,8,5,1130,1,2,1,1.0,6.0,61006,M,4874169.0,2484.0,61
201700032452,17,8,25,800,1,2,1,1.0,1.0,61006,M,4872936.0,-1285.0,61
201700032453,17,9,5,1205,1,2,1,1.0,6.0,61006,M,4874629.0,-1639.0,61
201700032454,17,9,29,1900,2,2,1,2.0,7.0,61006,M,4874222.0,-2522.0,61
201700032455,17,12,18,1635,1,2,1,8.0,6.0,61006,M,4874744.0,-1809.0,61
201700032456,17,3,24,2245,5,2,1,1.0,6.0,61169,M,4873560.0,-59943.0,61
201700032457,17,3,31,1545,1,2,1,1.0,3.0,61169,M,4874800.0,-56406.0,61
201700032458,17,8,18,1150,1,2,6,1.0,6.0,61391,M,4876926.0,-57441.0,61
201700032459,17,10,26,1100,1,2,3,7.0,7.0,61169,M,4874835.0,-56784.0,61
201700032460,17,11,10,1420,1,2,1,2.0,6.0,61169,M,4874384.0,-56950.0,61
201700032461,17,1,11,915,1,2,1,1.0,2.0,16090,M,4559645.0,-5442.0,16
201700032462,17,2,16,1940,3,1,1,1.0,6.0,16399,M,4556053.0,-28453.0,16
201700032463,17,2,19,40,3,1,1,1.0,7.0,16366,M,4560360.0,-24145.0,16
201700032464,17,6,6,1700,1,1,1,1.0,1.0,16090,M,4558754.0,1002.0,16
201700032465,17,6,25,2200,2,1,3,1.0,7.0,16090,M,4560962.0,-4549.0,16
201700032466,17,4,7,2115,3,1,1,1.0,6.0,16397,M,4588674.0,-8298.0,16
201700032467,17,10,5,2115,3,1,1,1.0,2.0,16144,M,4588799.0,5246.0,16
201700032468,17,11,29,1945,3,1,1,5.0,1.0,16059,M,4600561.0,5356.0,16
201700032469,17,12,12,725,5,2,1,1.0,2.0,16005,M,4589174.0,861.0,16
201700032470,17,6,8,1842,1,1,1,7.0,7.0,02370,M,,,02
201700032471,17,7,18,830,1,1,1,1.0,2.0,02370,M,4996619.0,319685.0,02
201700032472,17,8,14,1030,1,1,1,7.0,6.0,02330,M,,,02
201700032473,17,9,25,1730,1,1,1,1.0,2.0,02776,M,5000220.0,317850.0,02
201700032474,17,4,1,1910,1,2,1,1.0,1.0,17193,M,4612931.0,-106811.0,17
201700032475,17,4,3,1900,1,2,6,1.0,7.0,17094,M,4608401.0,-109309.0,17
201700032476,17,5,17,1,3,1,1,1.0,2.0,17010,M,4611405.0,-110388.0,17
201700032477,17,5,20,1825,1,2,1,1.0,1.0,17136,M,4610912.0,-100485.0,17
201700032478,17,8,5,845,1,1,2,1.0,3.0,17315,M,4613139.0,-96701.0,17
201700032479,17,8,18,1800,1,2,1,1.0,1.0,17010,M,4610704.0,-111581.0,17
201700032480,17,9,28,1010,1,2,3,1.0,3.0,17094,M,4607278.0,-108952.0,17
201700032481,17,11,30,1715,1,1,1,1.0,6.0,17094,M,4606385.0,-106104.0,17
201700032482,17,12,22,2000,3,1,3,1.0,3.0,17109,M,4614535.0,-104402.0,17
201700032483,17,1,10,2005,5,2,1,1.0,6.0,60034,M,4945337.0,244329.0,60
201700032484,17,2,2,1130,1,2,1,1.0,6.0,60107,M,4935986.0,243577.0,60
201700032485,17,3,18,2040,3,1,1,2.0,6.0,60451,M,4936431.0,239285.0,60
201700032486,17,5,10,1250,1,2,9,1.0,3.0,60107,M,4936589.0,241955.0,60
201700032487,17,6,25,210,3,1,1,1.0,6.0,60364,M,4946481.0,245135.0,60
201700032488,17,7,19,855,1,1,1,2.0,6.0,60115,M,4943286.0,233999.0,60
201700032489,17,8,13,510,5,2,2,8.0,3.0,60157,M,4937894.0,241032.0,60
201700032490,17,9,3,630,2,2,1,1.0,6.0,60454,M,4940378.0,232362.0,60
201700032491,17,9,3,1000,1,1,1,1.0,7.0,60454,M,4938911.0,232848.0,60
201700032492,17,9,14,1710,1,2,3,2.0,3.0,60157,M,4937475.0,241433.0,60
201700032493,17,10,13,2200,3,1,1,1.0,5.0,60107,M,4935524.0,242578.0,60
201700032494,17,10,15,1630,1,1,1,1.0,6.0,60034,M,4944571.0,243683.0,60
201700032495,17,1,10,810,2,2,1,8.0,6.0,62041,M,5029775.0,277038.0,62
201700032496,17,11,21,1120,1,2,6,1.0,6.0,62041,M,5030116.0,273373.0,62
201700032497,17,12,28,1655,2,2,1,9.0,6.0,62099,M,5025901.0,278710.0,62
201700032498,17,1,20,1445,1,2,1,1.0,6.0,62041,M,5029003.0,277567.0,62
201700032499,17,2,22,1750,4,2,1,2.0,3.0,62041,M,5029936.0,275309.0,62
201700032500,17,2,23,1930,5,2,1,6.0,6.0,62041,M,5028445.0,276382.0,62
201700032501,17,3,11,2120,5,2,2,1.0,3.0,62041,M,5029398.0,276963.0,62
201700032502,17,3,30,1035,1,2,1,1.0,6.0,62041,M,5029690.0,276701.0,62
201700032503,17,3,10,1040,1,2,1,1.0,6.0,62041,M,5028705.0,277770.0,62
201700032504,17,5,26,2135,5,1,2,1.0,3.0,62041,M,5028621.0,281025.0,62
201700032505,17,7,7,945,1,2,1,1.0,6.0,62041,M,5029400.0,278565.0,62
201700032506,17,7,4,1020,1,1,1,1.0,2.0,62753,M,5030595.0,282117.0,62
201700032507,17,8,10,1640,1,2,1,2.0,3.0,62041,M,5028313.0,277971.0,62
201700032508,17,9,2,1945,1,2,1,7.0,1.0,62263,M,5026638.0,272694.0,62
201700032509,17,10,8,2230,5,2,1,1.0,7.0,62041,M,5029800.0,274970.0,62
201700032510,17,10,2,1630,1,2,1,1.0,6.0,62099,M,5026570.0,278557.0,62
201700032511,17,10,27,850,1,2,3,1.0,6.0,62041,M,5028258.0,279662.0,62
201700032512,17,11,9,1335,1,2,1,1.0,6.0,62041,M,5029057.0,275110.0,62
201700032513,17,11,22,1510,1,2,1,1.0,6.0,62004,M,5026812.0,276502.0,62
201700032514,17,11,27,725,2,2,2,2.0,6.0,62041,M,5029089.0,275935.0,62
201700032515,17,11,28,850,1,2,1,7.0,6.0,62041,M,5028308.0,278419.0,62
201700032516,17,12,13,2205,3,2,1,8.0,6.0,62753,M,5029800.0,281799.0,62
201700032517,17,12,14,1825,5,2,1,4.0,6.0,62263,M,5028583.0,274250.0,62
201700032518,17,12,20,700,5,2,1,1.0,6.0,62041,M,5028552.0,278073.0,62
201700032519,17,11,25,1648,1,2,1,8.0,2.0,62041,M,5028752.0,277955.0,62
201700032520,17,4,16,1030,1,1,1,1.0,7.0,62516,M,5058471.0,247740.0,62
201700032521,17,5,17,150,5,1,1,1.0,6.0,62516,M,5057035.0,247519.0,62
201700032522,17,7,13,1830,1,2,1,1.0,6.0,62516,M,5056371.0,248056.0,62
201700032523,17,7,3,740,2,2,6,1.0,7.0,62516,M,5056106.0,248346.0,62
201700032524,17,8,31,1545,1,2,1,2.0,1.0,62048,M,5051130.0,247947.0,62
201700032525,17,9,3,2340,4,1,4,2.0,1.0,62516,M,5055119.0,250616.0,62
201700032526,17,9,8,1900,2,2,2,2.0,3.0,62048,M,5051666.0,246888.0,62
201700032527,17,7,18,845,1,2,1,1.0,1.0,62516,M,5057914.0,246032.0,62
201700032528,17,10,13,1840,1,2,1,1.0,6.0,62516,M,5055855.0,247903.0,62
201700032529,17,10,28,1605,1,2,1,1.0,2.0,62048,M,5049727.0,247602.0,62
201700032530,17,10,21,1220,1,2,1,1.0,2.0,62217,M,5050813.0,243960.0,62
201700032531,17,12,9,2230,5,2,1,2.0,6.0,62048,M,5051436.0,246500.0,62
201700032532,17,12,15,145,5,2,1,2.0,6.0,62516,M,5057041.0,247519.0,62
201700032533,17,12,27,1805,3,2,1,3.0,6.0,62516,M,5058471.0,245000.0,62
201700032534,17,1,2,1530,1,1,1,1.0,1.0,62065,M,5039628.0,282211.0,62
201700032535,17,1,13,1900,5,2,1,8.0,2.0,62724,M,5039168.0,290849.0,62
201700032536,17,1,20,830,2,2,1,9.0,2.0,62724,M,5039901.0,288777.0,62
201700032537,17,5,14,2100,1,2,2,1.0,3.0,62108,M,5040693.0,157850.0,62
201700032538,17,5,22,1440,1,2,2,1.0,3.0,62108,M,5041435.0,158075.0,62
201700032539,17,6,5,1610,1,2,1,1.0,3.0,62108,M,5040534.0,156890.0,62
201700032540,17,9,12,2230,3,2,1,1.0,6.0,62108,M,5040356.0,156416.0,62
201700032541,17,11,6,1240,1,2,3,1.0,3.0,62108,M,5040782.0,159519.0,62
201700032542,17,11,22,1548,1,2,6,1.0,6.0,62108,M,5040372.0,159613.0,62
201700032543,17,12,5,1930,3,2,2,1.0,3.0,62108,M,5041755.0,157525.0,62
201700032544,17,1,21,1100,1,2,2,7.0,6.0,62119,M,5052919.0,263387.0,62
201700032545,17,12,14,1700,5,2,1,2.0,6.0,62863,M,5054131.0,278809.0,62
201700032546,17,3,12,1400,1,2,3,1.0,3.0,62035,M,5054005.0,261688.0,62
201700032547,17,12,4,1740,1,2,4,1.0,6.0,62119,M,5053500.0,263785.0,62
201700032548,17,2,19,1140,1,2,3,8.0,3.0,62350,M,5051540.0,261624.0,62
201700032549,17,12,23,2145,5,2,1,1.0,1.0,62119,M,5051804.0,265016.0,62
201700032550,17,3,16,810,1,2,1,1.0,6.0,62034,M,5050907.0,272447.0,62
201700032551,17,3,7,1540,1,2,9,1.0,3.0,62051,M,5051869.0,278569.0,62
201700032552,17,3,19,500,5,2,1,1.0,6.0,62350,M,5051771.0,262186.0,62
201700032553,17,5,21,1020,1,2,1,1.0,3.0,62310,M,5054592.0,266130.0,62
201700032554,17,6,12,1000,1,2,1,1.0,3.0,62401,M,5050524.0,280855.0,62
201700032555,17,6,21,2200,2,2,1,1.0,6.0,62119,M,5052146.0,263591.0,62
201700032556,17,6,20,1335,1,2,1,1.0,7.0,62119,M,5052800.0,262432.0,62
201700032557,17,6,9,1605,1,2,6,1.0,6.0,62119,M,5052358.0,262811.0,62
201700032558,17,7,19,105,5,2,1,1.0,7.0,62841,M,5052702.0,263269.0,62
201700032559,17,7,24,220,3,2,1,1.0,3.0,62350,M,5051185.0,260910.0,62
201700032560,17,8,14,1820,1,2,1,1.0,6.0,62119,M,5051573.0,264175.0,62
201700032561,17,9,3,640,5,2,1,1.0,6.0,62119,M,5052399.0,263567.0,62
201700032562,17,9,30,1710,1,2,3,1.0,3.0,62841,M,5054180.0,260806.0,62
201700032563,17,9,28,1500,1,2,1,1.0,7.0,62262,M,5051877.0,275835.0,62
201700032564,17,10,7,1510,1,2,9,1.0,3.0,62310,M,5055303.0,268324.0,62
201700032565,17,12,9,1910,5,2,6,2.0,6.0,62119,M,5053382.0,263669.0,62
201700032566,17,11,23,1920,5,2,1,1.0,6.0,62119,M,5052174.0,264805.0,62
201700032567,17,1,7,2300,5,2,1,1.0,2.0,62160,M,5072988.0,161897.0,62
201700032568,17,2,17,2030,5,2,1,1.0,6.0,62160,M,5072129.0,159865.0,62
201700032569,17,2,24,1725,1,1,1,1.0,3.0,62160,M,5071543.0,160905.0,62
201700032570,17,2,25,1855,5,2,1,1.0,6.0,62160,M,5071920.0,161521.0,62
201700032571,17,3,18,1725,1,2,1,1.0,6.0,62643,M,5070258.0,160344.0,62
201700032572,17,4,16,2010,1,1,1,1.0,6.0,62893,M,5077824.0,162266.0,62
201700032573,17,4,26,2150,5,2,6,3.0,3.0,62160,M,5072210.0,159704.0,62
201700032574,17,5,16,1225,1,2,9,1.0,6.0,62643,M,5069471.0,157854.0,62
201700032575,17,5,18,1745,1,2,1,2.0,6.0,62160,M,5071744.0,161388.0,62
201700032576,17,6,16,455,2,2,3,1.0,6.0,62160,M,5072193.0,158915.0,62
201700032577,17,6,23,2000,1,2,1,1.0,7.0,62667,M,5071480.0,159156.0,62
201700032578,17,7,3,1130,1,2,1,1.0,3.0,62160,M,5072004.0,160583.0,62
201700032579,17,8,7,840,1,2,3,1.0,3.0,62643,M,5071092.0,160103.0,62
201700032580,17,8,18,1620,1,2,3,1.0,3.0,62758,M,5072501.0,162756.0,62
201700032581,17,9,5,1530,1,2,8,8.0,6.0,62667,M,5071592.0,159108.0,62
201700032582,17,9,28,1740,1,2,1,1.0,6.0,62160,M,5072345.0,160158.0,62
201700032583,17,9,19,1210,1,2,1,1.0,6.0,62160,M,5072214.0,166422.0,62
201700032584,17,10,27,930,1,1,1,1.0,1.0,62894,M,5074674.0,162218.0,62
201700032585,17,11,23,1900,3,2,1,2.0,6.0,62160,M,5071816.0,160012.0,62
201700032586,17,11,23,1830,5,1,1,8.0,7.0,62160,M,5071347.0,160244.0,62
201700032587,17,12,13,1650,5,2,8,3.0,6.0,62160,M,5073615.0,161105.0,62
201700032588,17,12,27,555,5,2,3,2.0,5.0,62160,M,5072609.0,160308.0,62
201700032589,17,12,30,515,3,1,1,2.0,2.0,62160,M,5074337.0,161150.0,62