Num_Acc,an,mois,jour,hrmn,lum,agg,int,atm,col,com,gps,lat,long,dep
201700032590,17,1,18,1500,1,2,1,1.0,3.0,62178,M,5046789.0,254783.0,62
201700032591,17,3,8,1215,1,2,1,2.0,6.0,62178,M,5049415.0,257420.0,62
201700032592,17,3,30,1730,1,2,1,1.0,2.0,62178,M,5049871.0,252919.0,62
201700032593,17,4,5,1730,1,2,9,1.0,6.0,62178,M,5047972.0,254726.0,62
201700032594,17,5,9,2210,3,1,1,1.0,6.0,62457,M,5046763.0,255255.0,62
201700032595,17,5,7,1000,1,2,1,1.0,6.0,62178,M,5048650.0,255852.0,62
201700032596,17,5,14,1525,1,2,2,1.0,3.0,62178,M,5046648.0,254538.0,62
201700032597,17,5,15,1050,1,2,4,1.0,6.0,62178,M,5049121.0,256599.0,62
201700032598,17,6,19,1415,1,2,1,1.0,6.0,62178,M,5049221.0,255357.0,62
201700032599,17,6,28,1545,1,2,1,1.0,1.0,62178,M,5048564.0,255690.0,62
201700032600,17,6,29,1930,1,2,9,1.0,6.0,62178,M,5047777.0,255888.0,62
201700032601,17,8,14,1125,1,2,6,1.0,3.0,62178,M,5047904.0,254465.0,62
201700032602,17,8,14,1420,1,2,3,1.0,3.0,62457,M,5045593.0,252813.0,62
201700032603,17,9,29,1420,1,1,6,1.0,7.0,62178,M,5049269.0,258729.0,62
201700032604,17,10,10,1300,1,2,2,1.0,6.0,62178,M,5021066.0,274877.0,62
201700032605,17,10,10,940,1,2,1,1.0,2.0,62178,M,5048262.0,255339.0,62
201700032606,17,10,18,1430,1,1,9,1.0,3.0,62457,M,5046380.0,253510.0,62
201700032607,17,11,19,515,5,2,1,9.0,6.0,62457,M,5046078.0,254607.0,62
201700032608,17,12,17,1817,5,2,3,8.0,5.0,62457,M,5045688.0,254988.0,62
201700032609,17,12,16,1940,5,2,7,1.0,6.0,62270,M,5047400.0,248842.0,62
201700032610,17,12,28,1750,3,2,1,1.0,6.0,62445,M,5050211.0,258867.0,62
201700032611,17,1,4,1520,1,2,7,1.0,6.0,62193,M,5094742.0,185278.0,62
201700032612,17,2,3,840,1,2,2,1.0,6.0,62193,M,5094586.0,186066.0,62
201700032613,17,2,9,1130,1,2,3,1.0,3.0,62193,M,5093853.0,187221.0,62
201700032614,17,4,3,1930,2,2,2,1.0,6.0,62244,M,5092767.0,187330.0,62
201700032615,17,5,16,1815,1,2,1,1.0,6.0,62193,M,5094497.0,184797.0,62
201700032616,17,5,27,1210,1,1,1,1.0,2.0,62193,M,,,62
201700032617,17,6,1,1420,1,2,2,1.0,6.0,62193,M,5094540.0,186219.0,62
201700032618,17,6,1,1040,1,1,1,1.0,6.0,62193,M,5096666.0,186907.0,62
201700032619,17,6,5,1840,1,1,1,1.0,6.0,62774,M,5092411.0,171895.0,62
201700032620,17,6,6,1030,1,2,1,3.0,6.0,62193,M,5094512.0,186413.0,62
201700032621,17,5,31,1445,1,2,1,1.0,6.0,62774,M,5094170.0,175210.0,62
201700032622,17,6,11,1920,1,2,2,1.0,3.0,62244,M,5091752.0,187548.0,62
201700032623,17,6,14,1335,1,2,1,1.0,3.0,62193,M,5093454.0,188673.0,62
201700032624,17,6,17,830,1,2,2,1.0,1.0,62193,M,5095882.0,184928.0,62
201700032625,17,6,16,2010,1,2,3,1.0,1.0,62193,M,5094656.0,184325.0,62
201700032626,17,6,16,1720,1,2,1,1.0,3.0,62193,M,5094656.0,184325.0,62
201700032627,17,6,19,1335,1,2,2,1.0,3.0,62193,M,5095750.0,189789.0,62
201700032628,17,6,20,830,1,2,2,1.0,5.0,62193,M,5094413.0,189823.0,62
201700032629,17,6,23,1856,1,2,3,1.0,3.0,62193,M,5094681.0,184574.0,62
201700032630,17,6,27,1335,1,2,1,1.0,6.0,62548,M,5094724.0,192855.0,62
201700032631,17,7,9,1310,1,2,1,1.0,4.0,62774,M,5095173.0,177413.0,62
201700032632,17,7,11,1600,1,2,2,1.0,3.0,62193,M,5094818.0,188623.0,62
201700032633,17,7,11,1930,1,2,2,2.0,3.0,62193,M,5094582.0,187657.0,62
201700032634,17,7,7,1630,1,2,1,1.0,1.0,62193,M,5095415.0,183004.0,62
201700032635,17,8,1,1730,1,2,1,1.0,4.0,62193,M,5095115.0,183414.0,62
201700032636,17,8,1,1215,1,2,1,1.0,2.0,62193,M,5094345.0,181035.0,62
201700032637,17,8,1,1100,1,2,1,1.0,6.0,62193,M,5094351.0,186082.0,62
201700032638,17,8,5,1415,1,2,1,1.0,6.0,62193,M,5095517.0,186159.0,62
201700032639,17,8,9,800,1,2,1,1.0,3.0,62193,M,5094404.0,189244.0,62
201700032640,17,9,1,1630,1,2,1,1.0,1.0,62193,M,5095854.0,183300.0,62
201700032641,17,9,7,1530,1,2,1,1.0,5.0,62193,M,4886272.0,228759.0,62
201700032642,17,9,16,2300,5,2,3,1.0,3.0,62193,M,5095128.0,187319.0,62
201700032643,17,8,29,2020,5,2,1,1.0,6.0,62193,M,5094482.0,185438.0,62
201700032644,17,9,22,1350,1,2,1,1.0,6.0,62193,M,5096569.0,188937.0,62
201700032645,17,9,27,840,1,2,5,1.0,3.0,62193,M,5095159.0,187668.0,62
201700032646,17,10,3,1230,1,2,1,1.0,6.0,62548,M,5094300.0,195047.0,62
201700032647,17,10,17,1330,1,1,6,1.0,3.0,62193,M,5093414.0,189016.0,62
201700032648,17,11,18,2320,5,2,1,1.0,3.0,62193,M,5096324.0,184066.0,62
201700032649,17,12,5,1710,2,2,9,1.0,6.0,62193,M,5095101.0,187259.0,62
201700032650,17,12,23,415,5,2,1,1.0,2.0,62193,M,5094557.0,183775.0,62
201700032651,17,12,25,2130,3,2,1,2.0,6.0,62548,M,5095326.0,197892.0,62
201700032652,17,12,21,2330,3,1,1,2.0,6.0,62193,M,,,62
201700032653,17,12,28,1820,3,2,1,1.0,2.0,62193,M,5094750.0,183805.0,62
201700032654,17,11,14,1755,5,2,1,1.0,6.0,62427,M,5042344.0,294470.0,62
201700032655,17,11,17,910,1,2,3,1.0,3.0,62510,M,5042903.0,274958.0,62
201700032656,17,12,21,1215,1,2,1,1.0,3.0,62427,M,5041893.0,294718.0,62
201700032657,17,11,22,1245,1,2,4,1.0,3.0,62215,M,5048448.0,294254.0,62
201700032658,17,11,21,1400,1,2,2,8.0,3.0,62427,M,5041928.0,293116.0,62
201700032659,17,11,9,2020,3,2,2,1.0,3.0,62133,M,5041786.0,290584.0,62
201700032660,17,11,16,1355,1,2,1,8.0,6.0,62587,M,5042763.0,293035.0,62
201700032661,17,1,12,1800,5,2,1,3.0,6.0,62510,M,5041480.0,278027.0,62
201700032662,17,11,18,1830,2,2,1,2.0,7.0,62510,M,5048000.0,277000.0,62
201700032663,17,1,25,1220,1,2,1,1.0,7.0,62510,M,5043759.0,277656.0,62
201700032664,17,1,12,1800,5,2,1,3.0,7.0,62498,M,5044403.0,282863.0,62
201700032665,17,12,16,1730,2,2,1,1.0,7.0,62570,M,5040900.0,288203.0,62
201700032666,17,11,6,750,3,2,1,1.0,6.0,62510,M,5042370.0,276077.0,62
201700032667,17,11,24,1515,1,2,3,1.0,3.0,62386,M,5045695.0,273411.0,62
201700032668,17,1,27,1430,1,2,1,1.0,6.0,62563,M,5047135.0,272251.0,62
201700032669,17,12,4,750,4,2,1,8.0,6.0,62277,M,5039696.0,293169.0,62
201700032670,17,1,16,1845,5,2,1,1.0,6.0,62771,M,5042338.0,284926.0,62
201700032671,17,1,27,1655,2,2,1,1.0,6.0,62427,M,5042179.0,294636.0,62
201700032672,17,12,7,1155,1,2,3,3.0,6.0,62895,M,5049122.0,284743.0,62
201700032673,17,1,11,1030,1,1,1,2.0,2.0,62019,M,5043494.0,270662.0,62
201700032674,17,11,27,1245,1,2,1,1.0,6.0,62250,M,5045300.0,294800.0,62
201700032675,17,12,13,925,1,2,6,2.0,3.0,62724,M,5040191.0,290666.0,62
201700032676,17,2,17,2035,5,2,1,1.0,3.0,62427,M,5041933.0,294711.0,62
201700032677,17,12,8,850,1,2,3,1.0,6.0,62427,M,5042552.0,295588.0,62
201700032678,17,2,2,1615,1,2,1,1.0,1.0,62498,M,5042709.0,295344.0,62
201700032679,17,12,1,2140,5,2,2,1.0,3.0,62628,M,5042471.0,288918.0,62
201700032680,17,1,24,2335,5,2,9,1.0,3.0,62427,M,5042709.0,295344.0,62
201700032681,17,3,9,1350,1,2,1,1.0,6.0,62498,M,5042998.0,282713.0,62
201700032682,17,1,23,1840,2,2,1,1.0,1.0,62413,M,5044677.0,290405.0,62
201700032683,17,1,31,1120,1,1,3,8.0,3.0,62019,M,5041544.0,272588.0,62
201700032684,17,3,11,1630,1,2,1,1.0,6.0,62570,M,5040178.0,286566.0,62
201700032685,17,1,26,1200,1,2,1,1.0,6.0,62510,M,5042157.0,277628.0,62
201700032686,17,3,9,1700,1,2,1,1.0,6.0,62413,M,5044506.0,290708.0,62
201700032687,17,2,18,1700,1,2,1,1.0,6.0,62624,M,5041638.0,297741.0,62
201700032688,17,2,19,1045,1,2,1,1.0,6.0,62351,M,5042293.0,290950.0,62
201700032689,17,3,12,140,5,2,1,1.0,6.0,62510,M,5041645.0,280051.0,62
201700032690,17,3,30,655,2,1,3,1.0,3.0,62895,M,5048881.0,287023.0,62
201700032691,17,3,2,1800,1,2,1,1.0,3.0,62291,M,5042103.0,280476.0,62
201700032692,17,4,6,1630,1,2,1,1.0,3.0,62215,M,5048521.0,296010.0,62
201700032693,17,4,23,1600,1,2,1,1.0,6.0,62133,M,5041675.0,291736.0,62
201700032694,17,3,13,1630,1,1,6,1.0,6.0,62498,M,5042008.0,282030.0,62
201700032695,17,4,15,2340,5,2,1,1.0,6.0,62907,M,5047931.0,300845.0,62
201700032696,17,3,21,1530,1,2,1,1.0,6.0,62427,M,5041276.0,296663.0,62
201700032697,17,5,8,555,5,2,1,2.0,6.0,62133,M,5042150.0,290830.0,62
201700032698,17,2,1,730,5,2,1,9.0,6.0,62528,M,5045818.0,278828.0,62
201700032699,17,2,15,1520,1,2,1,1.0,3.0,62563,M,5046973.0,271282.0,62
201700032700,17,3,30,1945,1,1,1,1.0,6.0,62065,M,5039963.0,282464.0,62
201700032701,17,2,26,1630,1,2,3,1.0,3.0,62498,M,5043762.0,281326.0,62
201700032702,17,3,19,1645,1,2,1,1.0,6.0,62386,M,5044609.0,273846.0,62
201700032703,17,3,22,1620,1,2,1,1.0,6.0,62215,M,5047237.0,294083.0,62
201700032704,17,3,26,2010,2,1,1,1.0,1.0,62510,M,5043346.0,275297.0,62
201700032705,17,4,24,1830,1,1,1,1.0,3.0,62065,M,5041492.0,284349.0,62
201700032706,17,4,4,900,1,2,1,1.0,6.0,62637,M,5046958.0,299170.0,62
201700032707,17,3,9,1920,1,1,3,1.0,7.0,62895,M,5048870.0,287000.0,62
201700032708,17,3,1,215,5,2,2,1.0,3.0,62427,M,5042734.0,294765.0,62
201700032709,17,3,23,1020,1,2,1,1.0,7.0,62186,M,5044584.0,272182.0,62
201700032710,17,3,21,1020,1,2,1,1.0,6.0,62510,M,5041680.0,276706.0,62
201700032711,17,3,31,2150,5,2,2,1.0,3.0,62510,M,5042511.0,278048.0,62
201700032712,17,3,23,1750,1,2,2,1.0,3.0,62065,M,5040522.0,284445.0,62
201700032713,17,4,14,1730,1,2,2,1.0,3.0,62510,M,5041844.0,277897.0,62
201700032714,17,4,14,1030,1,2,4,1.0,2.0,62033,M,5045307.0,287613.0,62
201700032715,17,3,31,845,1,2,1,1.0,6.0,62497,M,5043649.0,306005.0,62
201700032716,17,3,13,1520,1,2,2,1.0,3.0,62510,M,5041844.0,277897.0,62
201700032717,17,3,19,1725,1,2,1,1.0,3.0,62510,M,5043196.0,275484.0,62
201700032718,17,3,29,1750,1,2,1,1.0,2.0,62570,M,5041582.0,288574.0,62
201700032719,17,5,9,1310,1,2,1,1.0,3.0,62842,M,5045862.0,283771.0,62
201700032720,17,5,29,1915,1,2,3,1.0,1.0,62498,M,5043852.0,280365.0,62
201700032721,17,5,23,1810,1,2,6,1.0,7.0,62628,M,5042932.0,286634.0,62
201700032722,17,5,27,2230,5,2,1,1.0,3.0,62563,M,5046095.0,270221.0,62
201700032723,17,5,4,2105,2,2,2,3.0,3.0,62498,M,5043905.0,284621.0,62
201700032724,17,6,27,1340,1,2,1,1.0,6.0,62907,M,5048816.0,299135.0,62
201700032725,17,5,20,1530,1,2,1,1.0,6.0,62413,M,5044458.0,290556.0,62
201700032726,17,6,10,2355,5,2,3,1.0,3.0,62498,M,5042375.0,283570.0,62
201700032727,17,5,22,1655,1,2,1,1.0,6.0,62498,M,5043237.0,283128.0,62
201700032728,17,4,1,1800,1,2,2,1.0,3.0,62528,M,5044603.0,279737.0,62
201700032729,17,5,23,1310,1,2,1,1.0,3.0,62771,M,5041976.0,287693.0,62
201700032730,17,7,5,1540,1,1,1,1.0,4.0,62249,M,5040939.0,300502.0,62
201700032731,17,6,14,745,1,2,1,1.0,3.0,62351,M,5043070.0,292218.0,62
201700032732,17,6,26,610,1,1,9,1.0,7.0,62019,M,5043531.0,269856.0,62
201700032733,17,6,5,2010,1,2,1,1.0,3.0,62498,M,5048348.0,283429.0,62
201700032734,17,7,13,1545,1,2,6,1.0,6.0,62498,M,5043001.0,282244.0,62
201700032735,17,7,17,1115,1,1,1,1.0,6.0,62510,M,5041791.0,277060.0,62
201700032736,17,8,1,2110,1,2,1,1.0,6.0,62907,M,5048295.0,301967.0,62
201700032737,17,7,6,1725,1,2,2,1.0,3.0,62771,M,5041911.0,288424.0,62
201700032738,17,7,30,1400,1,1,1,1.0,3.0,62666,M,5047526.0,288800.0,62
201700032739,17,8,6,630,2,2,3,1.0,6.0,62523,M,5044196.0,286054.0,62
201700032740,17,7,15,1930,1,2,1,1.0,7.0,62895,M,5049647.0,287152.0,62
201700032741,17,5,16,725,2,2,1,1.0,6.0,62510,M,5042654.0,277576.0,62
201700032742,17,5,17,2130,2,2,1,1.0,1.0,62510,M,5041651.0,277227.0,62
201700032743,17,6,23,1215,1,2,1,1.0,6.0,62427,M,5042809.0,294917.0,62
201700032744,17,9,8,2050,5,1,1,8.0,3.0,62215,M,5049189.0,295654.0,62
201700032745,17,7,25,1130,1,2,2,1.0,3.0,62624,M,5041635.0,297711.0,62
201700032746,17,7,25,1710,1,2,1,1.0,2.0,62528,M,5044932.0,279134.0,62
201700032747,17,7,27,1700,1,2,2,1.0,3.0,62065,M,5040051.0,280853.0,62
201700032748,17,6,14,2120,2,2,1,1.0,6.0,62528,M,5045527.0,277617.0,62
201700032749,17,9,17,1715,1,2,3,1.0,3.0,62498,M,5044761.0,281873.0,62
201700032750,17,7,4,1905,1,2,2,1.0,3.0,62528,M,5045523.0,280253.0,62
201700032751,17,7,7,1400,1,2,3,1.0,6.0,62186,M,5042622.0,272118.0,62
201700032752,17,7,19,2050,1,2,3,1.0,3.0,62498,M,5044660.0,281464.0,62
201700032753,17,8,31,1550,1,1,1,1.0,3.0,62215,M,5047991.0,295304.0,62
201700032754,17,8,14,1145,1,2,1,1.0,1.0,62510,M,5043643.0,275279.0,62
201700032755,17,8,28,1300,1,2,3,1.0,3.0,62771,M,5041983.0,288659.0,62
201700032756,17,8,26,2030,1,1,6,1.0,6.0,62274,M,5044334.0,300284.0,62
201700032757,17,9,8,1815,1,2,1,1.0,7.0,62186,M,5044000.0,271000.0,62
201700032758,17,7,13,1615,1,2,2,1.0,3.0,62510,M,5041891.0,278094.0,62
201700032759,17,8,31,2115,5,2,2,1.0,3.0,62033,M,5046151.0,287766.0,62
201700032760,17,9,3,1325,1,2,1,1.0,1.0,62386,M,5044616.0,274044.0,62
201700032761,17,9,23,1552,1,2,1,1.0,6.0,62895,M,5049711.0,286834.0,62
201700032762,17,9,30,1845,1,1,1,1.0,1.0,62250,M,5044912.0,295950.0,62
201700032763,17,9,14,1650,1,2,1,1.0,2.0,62563,M,5046712.0,274751.0,62
201700032764,17,8,1,1115,1,2,1,1.0,7.0,62907,M,5047685.0,301506.0,62
201700032765,17,8,31,1810,1,2,1,1.0,6.0,62724,M,5039772.0,291120.0,62
201700032766,17,8,15,1915,2,2,1,1.0,6.0,62427,M,5042292.0,293808.0,62
201700032767,17,10,6,1225,1,2,2,1.0,3.0,62386,M,5045619.0,274447.0,62
201700032768,17,10,15,1830,2,1,6,1.0,5.0,62570,M,5040480.0,287430.0,62
201700032769,17,10,15,1635,1,2,3,1.0,3.0,62498,M,5043980.0,280890.0,62
201700032770,17,10,11,1010,1,2,3,1.0,3.0,62498,M,5044133.0,282225.0,62
201700032771,17,10,13,1645,1,1,1,1.0,3.0,62033,M,5045268.0,287532.0,62
201700032772,17,10,12,1325,1,1,6,1.0,2.0,62186,M,5044901.0,271047.0,62
201700032773,17,11,14,1335,1,2,6,1.0,6.0,62427,M,5039700.0,297200.0,62
201700032774,17,11,9,1240,1,1,1,1.0,3.0,62249,M,5041234.0,301491.0,62
201700032775,17,9,15,1710,1,2,6,1.0,3.0,62637,M,5046627.0,299627.0,62
201700032776,17,11,15,1720,5,2,1,8.0,6.0,62498,M,5043562.0,283899.0,62
201700032777,17,12,28,1730,2,2,1,1.0,5.0,62194,M,5048214.0,247543.0,62
201700032778,17,2,11,1940,2,2,1,1.0,6.0,62194,M,5048952.0,246498.0,62
201700032779,17,3,24,1520,1,2,2,1.0,6.0,62555,M,5050304.0,249563.0,62
201700032780,17,5,25,1640,1,2,2,1.0,3.0,62194,M,5049640.0,248484.0,62
201700032781,17,6,9,1315,1,2,9,1.0,6.0,62224,M,5053735.0,256541.0,62
201700032782,17,6,10,1256,1,2,1,1.0,1.0,62194,M,5048420.0,247987.0,62
201700032783,17,5,31,1705,1,2,1,1.0,6.0,62023,M,5053197.0,251720.0,62
201700032784,17,5,20,1840,1,2,3,1.0,2.0,62489,M,5051182.0,252591.0,62
201700032785,17,8,29,2105,3,2,1,1.0,1.0,62555,M,5050009.0,251616.0,62
201700032786,17,6,27,925,1,1,1,1.0,3.0,62224,M,5054426.0,254172.0,62
201700032787,17,10,18,1710,1,2,1,1.0,6.0,62194,M,5049685.0,249083.0,62
201700032788,17,11,4,2130,5,2,1,2.0,6.0,62023,M,5052680.0,249910.0,62
201700032789,17,1,5,2045,5,2,3,8.0,3.0,62617,M,5047444.0,266607.0,62
201700032790,17,2,4,2015,5,2,1,2.0,1.0,62617,M,5048173.0,266055.0,62
201700032791,17,2,23,1110,1,2,1,6.0,6.0,62083,M,5045960.0,261464.0,62
201700032792,17,2,21,715,5,2,3,2.0,3.0,62737,M,5044283.0,267902.0,62
201700032793,17,3,10,1610,1,2,2,1.0,6.0,62617,M,5048130.0,266125.0,62
201700032794,17,6,4,1730,1,1,1,1.0,6.0,62083,M,5046359.0,262755.0,62
201700032795,17,7,7,2330,5,2,1,1.0,6.0,62737,M,5045527.0,269305.0,62
201700032796,17,10,16,1810,1,2,1,1.0,6.0,62083,M,5045684.0,261663.0,62
201700032797,17,11,17,1820,5,2,3,1.0,1.0,62083,M,5045292.0,262178.0,62
201700032798,17,11,27,640,5,2,3,2.0,6.0,62727,M,5047354.0,259900.0,62
201700032799,17,2,3,2235,5,2,1,3.0,6.0,62902,M,5071207.0,224425.0,62
201700032800,17,1,6,1120,1,2,1,1.0,6.0,62765,M,5075213.0,226476.0,62
201700032801,17,4,26,1955,1,2,3,1.0,5.0,62040,M,5074730.0,230998.0,62
201700032802,17,8,15,38,5,2,9,1.0,6.0,62525,M,5074158.0,226901.0,62
201700032803,17,7,28,1925,1,1,1,1.0,6.0,62765,M,5076441.0,226474.0,62
201700032804,17,9,25,600,3,2,1,1.0,3.0,62040,M,5071828.0,232582.0,62
201700032805,17,12,4,1830,5,2,1,2.0,6.0,62040,M,5073575.0,230316.0,62
201700032806,17,12,15,805,5,2,9,3.0,6.0,62757,M,5075456.0,223704.0,62
201700032807,17,2,4,1125,1,2,1,2.0,6.0,62826,M,5051535.0,159423.0,62
201700032808,17,5,25,2050,1,2,2,1.0,3.0,62826,M,5052791.0,158890.0,62
201700032809,17,5,26,2130,2,2,5,1.0,3.0,62826,M,5051998.0,160316.0,62
201700032810,17,6,2,120,3,2,3,1.0,3.0,62826,M,5050892.0,159976.0,62
201700032811,17,8,17,2055,1,1,1,1.0,1.0,62826,M,5050821.0,161205.0,62
201700032812,17,9,20,600,5,2,1,1.0,6.0,62826,M,5052816.0,158582.0,62
201700032813,17,12,6,1820,5,2,6,1.0,6.0,63032,M,4574709.0,309317.0,63
201700032814,17,12,7,710,3,1,4,1.0,6.0,63032,M,4573980.0,306949.0,63
201700032815,17,12,4,755,2,2,2,8.0,6.0,63014,M,4575243.0,313176.0,63
201700032816,17,1,4,1530,1,2,1,1.0,6.0,63014,M,4574810.0,311000.0,63
201700032817,17,1,13,2350,5,2,2,1.0,2.0,63113,M,4577970.0,309580.0,63
201700032818,17,1,27,1410,1,2,4,2.0,6.0,63113,M,4578011.0,309103.0,63
201700032819,17,1,20,930,1,2,1,1.0,6.0,63113,M,4575974.0,308769.0,63
201700032820,17,2,10,1000,1,2,7,1.0,6.0,63075,M,4577406.0,306249.0,63
201700032821,17,1,26,1506,1,2,1,1.0,6.0,63014,M,4574870.0,311090.0,63
201700032822,17,2,19,558,5,2,1,1.0,6.0,63014,M,4574997.0,313381.0,63
201700032823,17,3,5,310,5,2,9,1.0,6.0,63113,M,4577852.0,309030.0,63
201700032824,17,2,28,1710,1,2,2,1.0,3.0,63113,M,4578400.0,307612.0,63
201700032825,17,2,25,420,5,2,1,1.0,2.0,63113,M,4578950.0,308085.0,63
201700032826,17,1,1,1100,1,2,1,1.0,6.0,63075,M,4577384.0,306200.0,63
201700032827,17,3,20,1500,1,2,1,1.0,6.0,63113,M,4577979.0,307150.0,63
201700032828,17,3,26,1000,1,2,1,1.0,3.0,63113,M,4580157.0,311129.0,63
201700032829,17,4,10,1315,1,2,1,1.0,7.0,63113,M,4581701.0,312328.0,63
201700032830,17,4,3,1845,1,2,1,1.0,6.0,63075,M,4576828.0,305661.0,63
201700032831,17,4,1,157,5,2,7,2.0,7.0,63113,M,4577582.0,308626.0,63
201700032832,17,3,13,1915,5,2,7,1.0,6.0,63113,M,4578002.0,309116.0,63
201700032833,17,4,8,925,1,2,4,1.0,6.0,63113,M,4580202.0,310661.0,63
201700032834,17,5,12,1755,1,2,4,1.0,3.0,63113,M,4576841.0,310459.0,63
201700032835,17,5,12,735,1,2,1,1.0,6.0,63113,M,4577125.0,309300.0,63
201700032836,17,5,7,15,5,2,2,1.0,3.0,63113,M,4580744.0,311931.0,63
201700032837,17,5,9,10,5,1,1,1.0,2.0,63113,M,4577374.0,308520.0,63
201700032838,17,5,17,2105,1,2,2,1.0,3.0,63113,M,4576490.0,307926.0,63
201700032839,17,5,2,915,1,2,1,1.0,6.0,63113,M,4578560.0,311931.0,63
201700032840,17,4,9,1250,1,1,1,1.0,6.0,63113,M,4578008.0,307131.0,63
201700032841,17,5,7,300,3,1,6,1.0,6.0,63032,M,4574339.0,313894.0,63
201700032842,17,4,20,2120,5,2,2,1.0,3.0,63113,M,4576505.0,312300.0,63
201700032843,17,5,7,115,5,2,2,1.0,3.0,63113,M,4577941.0,307767.0,63
201700032844,17,5,16,950,1,2,8,1.0,6.0,63113,M,4579153.0,311494.0,63
201700032845,17,4,13,30,5,2,8,1.0,6.0,63113,M,4578061.0,308500.0,63
201700032846,17,6,8,2250,5,2,1,1.0,6.0,63113,M,4578566.0,308482.0,63
201700032847,17,6,21,1450,1,2,1,1.0,6.0,63113,M,4578029.0,308256.0,63
201700032848,17,5,31,1100,1,2,1,8.0,6.0,63113,M,4577968.0,307166.0,63
201700032849,17,4,26,1830,1,2,9,1.0,6.0,63113,M,4577939.0,307178.0,63
201700032850,17,7,9,450,5,2,4,1.0,2.0,63014,M,4575550.0,312900.0,63
201700032851,17,7,16,140,5,2,1,1.0,7.0,63014,M,4574690.0,310920.0,63
201700032852,17,7,18,2120,1,2,2,1.0,3.0,63113,M,4576677.0,310698.0,63
201700032853,17,6,25,1915,1,2,3,7.0,6.0,63113,M,4576565.0,310320.0,63
201700032854,17,6,24,1915,1,2,9,1.0,6.0,63113,M,4580665.0,311112.0,63
201700032855,17,8,6,2135,5,2,1,1.0,4.0,63113,M,4578736.0,310607.0,63
201700032856,17,8,7,2145,5,2,2,1.0,3.0,63113,M,4577355.0,309001.0,63
201700032857,17,9,30,400,5,2,2,1.0,3.0,63113,M,4576318.0,309912.0,63
201700032858,17,9,8,645,2,2,1,1.0,3.0,63113,M,4575727.0,308198.0,63
201700032859,17,10,19,139,5,2,2,1.0,3.0,63113,M,4576785.0,308307.0,63
201700032860,17,10,18,1000,1,2,5,1.0,6.0,63113,M,4577353.0,307475.0,63
201700032861,17,9,28,945,1,2,6,1.0,2.0,63113,M,4578805.0,313921.0,63
201700032862,17,11,11,115,5,2,1,2.0,6.0,63113,M,4576560.0,310435.0,63
201700032863,17,1,18,1415,1,2,1,1.0,6.0,63193,M,4577626.0,319674.0,63
201700032864,17,2,24,230,5,2,3,2.0,1.0,63124,M,4573862.0,318387.0,63
201700032865,17,7,6,2330,5,2,2,1.0,3.0,63124,M,4573096.0,319984.0,63
201700032866,17,8,1,820,1,2,1,1.0,6.0,63124,M,4573880.0,319846.0,63
201700032867,17,4,8,110,3,2,1,1.0,6.0,63164,M,,,63
201700032868,17,5,24,2030,1,2,1,1.0,6.0,63164,M,4581325.0,314558.0,63
201700032869,17,6,8,1720,1,2,1,1.0,2.0,63164,M,4581801.0,315411.0,63
201700032870,17,6,23,1550,1,2,1,1.0,1.0,63164,M,4583968.0,315827.0,63
201700032871,17,8,3,1015,1,1,1,1.0,4.0,63063,M,4582708.0,312246.0,63
201700032872,17,10,26,656,3,1,1,1.0,1.0,63164,M,4582688.0,312399.0,63
201700032873,17,1,26,910,1,2,1,4.0,6.0,63300,M,4589637.0,310779.0,63
201700032874,17,3,12,435,3,1,2,1.0,3.0,63300,M,4587612.0,309971.0,63
201700032875,17,4,4,2235,5,2,1,1.0,6.0,63300,M,4588660.0,310232.0,63
201700032876,17,6,13,1940,1,1,1,3.0,7.0,63224,M,4586875.0,311870.0,63
201700032877,17,8,5,1800,1,2,1,1.0,1.0,63103,M,4592538.0,307652.0,63
201700032878,17,10,5,845,1,2,1,1.0,2.0,63300,M,4588948.0,311351.0,63
201700032879,17,10,5,1625,1,1,1,1.0,3.0,63300,M,4590616.0,312374.0,63
201700032880,17,1,27,1640,1,2,6,1.0,3.0,64102,M,4349104.0,-145331.0,64
201700032881,17,12,29,2135,5,2,3,1.0,7.0,64102,M,4349709.0,-146804.0,64
201700032882,17,1,29,2010,5,2,3,1.0,1.0,64140,M,4352920.0,-147533.0,64
201700032883,17,12,31,230,5,2,1,1.0,6.0,64102,M,4350068.0,-144628.0,64
201700032884,17,1,30,1845,1,2,1,1.0,3.0,64102,M,4348952.0,-147187.0,64
201700032885,17,1,31,1810,1,2,2,1.0,1.0,64102,M,4349470.0,-146840.0,64
201700032886,17,2,3,5,5,2,1,8.0,7.0,64024,M,4348035.0,-151568.0,64
201700032887,17,2,3,1000,1,2,1,1.0,6.0,64102,M,4348766.0,-148134.0,64
201700032888,17,2,3,1915,5,2,1,1.0,3.0,64102,M,4349812.0,-149084.0,64
201700032889,17,2,4,1720,1,2,1,2.0,3.0,64102,M,4348227.0,-148774.0,64
201700032890,17,2,6,2020,3,2,1,2.0,2.0,64024,M,4349370.0,-152090.0,64
201700032891,17,2,8,1954,3,2,1,8.0,6.0,64024,M,4348026.0,-151851.0,64
201700032892,17,2,10,1330,1,2,4,1.0,3.0,64102,M,4348621.0,-147660.0,64