Num_Acc,an,mois,jour,hrmn,lum,agg,int,atm,col,com,gps,lat,long,dep
201700032893,17,2,11,2040,5,2,1,1.0,1.0,64102,M,4350447.0,-148505.0,64
201700032894,17,2,16,1135,1,2,1,1.0,7.0,64024,M,4348564.0,-151590.0,64
201700032895,17,2,16,1600,1,2,2,1.0,3.0,64024,M,4350370.0,-150390.0,64
201700032896,17,2,17,1056,1,2,1,1.0,6.0,64102,M,4349505.0,-146956.0,64
201700032897,17,2,19,925,1,2,1,1.0,3.0,64140,M,4352199.0,-148987.0,64
201700032898,17,3,6,730,2,2,1,3.0,6.0,64140,M,4352273.0,-148933.0,64
201700032899,17,3,13,1855,2,2,1,1.0,7.0,64024,M,4346487.0,-152764.0,64
201700032900,17,3,18,1705,1,2,1,1.0,7.0,64102,M,4349528.0,-147844.0,64
201700032901,17,3,19,1715,1,2,1,1.0,7.0,64024,M,4348798.0,-150057.0,64
201700032902,17,3,26,2140,5,2,1,1.0,6.0,64024,M,4349281.0,-153155.0,64
201700032903,17,3,29,1455,1,2,3,1.0,3.0,64024,M,4350346.0,-152664.0,64
201700032904,17,3,29,1535,1,2,3,1.0,3.0,64102,M,4348509.0,-149430.0,64
201700032905,17,3,31,650,5,2,1,1.0,3.0,64102,M,4348428.0,-146631.0,64
201700032906,17,3,31,1825,1,2,3,1.0,3.0,64102,M,4348101.0,-149944.0,64
201700032907,17,3,31,1915,1,2,3,1.0,3.0,64102,M,4350200.0,-146753.0,64
201700032908,17,4,4,735,2,2,1,1.0,7.0,64102,M,4350299.0,-146785.0,64
201700032909,17,4,7,1630,1,2,1,1.0,6.0,64024,M,4349314.0,-152843.0,64
201700032910,17,4,8,1830,1,2,1,1.0,7.0,64102,M,4348221.0,-150019.0,64
201700032911,17,4,12,1100,1,2,3,1.0,3.0,64024,M,4349283.0,-151916.0,64
201700032912,17,4,13,1825,1,2,1,1.0,7.0,64102,M,4350997.0,-146822.0,64
201700032913,17,4,15,2310,5,2,3,1.0,3.0,64102,M,4349317.0,-147290.0,64
201700032914,17,4,16,210,5,2,1,1.0,6.0,64102,M,4349433.0,-147173.0,64
201700032915,17,4,21,1400,1,2,1,1.0,1.0,64024,M,4350313.0,-149469.0,64
201700032916,17,4,21,2310,5,2,1,1.0,7.0,64102,M,4347232.0,-148646.0,64
201700032917,17,4,25,1455,1,2,6,1.0,3.0,64102,M,4349043.0,-149564.0,64
201700032918,17,4,25,1745,1,2,1,2.0,6.0,64102,M,4348227.0,-146553.0,64
201700032919,17,4,26,750,1,2,1,1.0,5.0,64024,M,4350147.0,-149287.0,64
201700032920,17,5,3,1400,1,2,6,1.0,3.0,64024,M,4347763.0,-152398.0,64
201700032921,17,5,8,10,5,2,3,1.0,1.0,64102,M,4348385.0,-148254.0,64
201700032922,17,5,14,1613,1,2,1,1.0,2.0,64024,M,4347467.0,-150074.0,64
201700032923,17,5,19,1320,1,2,6,3.0,7.0,64024,M,4349718.0,-150877.0,64
201700032924,17,5,22,1215,1,2,1,1.0,7.0,64102,M,4349353.0,-149142.0,64
201700032925,17,5,29,845,1,2,1,2.0,2.0,64024,M,4352598.0,-151103.0,64
201700032926,17,6,2,2010,1,2,6,1.0,3.0,64102,M,4349104.0,-145342.0,64
201700032927,17,6,4,1640,1,2,6,3.0,7.0,64102,M,4348714.0,-146882.0,64
201700032928,17,6,6,200,5,2,1,1.0,7.0,64024,M,4348022.0,-151946.0,64
201700032929,17,6,13,220,5,2,1,1.0,7.0,64102,M,4348816.0,-147286.0,64
201700032930,17,6,13,1815,1,2,1,1.0,1.0,64024,M,4349608.0,-154006.0,64
201700032931,17,6,21,545,5,2,3,1.0,3.0,64102,M,4348996.0,-147145.0,64
201700032932,17,6,24,1210,1,2,1,1.0,6.0,64102,M,4350390.0,-147171.0,64
201700032933,17,6,28,1745,1,2,1,8.0,3.0,64024,M,4346674.0,-149862.0,64
201700032934,17,6,29,1905,1,2,1,1.0,3.0,64102,M,4350497.0,-146723.0,64
201700032935,17,6,30,320,5,2,6,1.0,2.0,64024,M,4349788.0,-149471.0,64
201700032936,17,7,3,1100,1,2,3,8.0,5.0,64102,M,4350969.0,-144359.0,64
201700032937,17,7,7,1323,1,2,1,1.0,6.0,64024,M,4348692.0,-149989.0,64
201700032938,17,7,10,1600,1,2,3,8.0,3.0,64102,M,4350342.0,-146621.0,64
201700032939,17,7,14,100,5,2,1,1.0,2.0,64024,M,4348915.0,-151239.0,64
201700032940,17,7,15,1130,1,2,1,1.0,7.0,64024,M,4350360.0,-149503.0,64
201700032941,17,7,17,2130,1,2,2,1.0,3.0,64102,M,4350365.0,-146904.0,64
201700032942,17,7,18,1950,2,2,3,2.0,1.0,64140,M,4352235.0,-148990.0,64
201700032943,17,7,20,1650,1,2,1,8.0,7.0,64140,M,4352214.0,-148991.0,64
201700032944,17,7,27,2100,1,2,1,1.0,6.0,64102,M,4348630.0,-147640.0,64
201700032945,17,7,29,1430,1,2,1,1.0,6.0,64102,M,4348746.0,-148428.0,64
201700032946,17,7,31,300,5,2,1,1.0,6.0,64102,M,4348790.0,-147490.0,64
201700032947,17,8,9,240,5,2,1,1.0,2.0,64024,M,4348031.0,-151772.0,64
201700032948,17,8,14,1855,1,2,3,1.0,3.0,64024,M,4348027.0,-152626.0,64
201700032949,17,8,17,1030,1,2,3,1.0,3.0,64102,M,4347912.0,-148431.0,64
201700032950,17,8,18,1115,1,2,1,1.0,7.0,64024,M,4352044.0,-150238.0,64
201700032951,17,8,20,210,5,2,1,1.0,7.0,64024,M,4349237.0,-152167.0,64
201700032952,17,8,21,1000,1,2,1,1.0,6.0,64024,M,4349064.0,-149860.0,64
201700032953,17,8,26,2250,5,2,1,1.0,6.0,64024,M,4347873.0,-152132.0,64
201700032954,17,8,29,1215,1,2,1,2.0,1.0,64102,M,4348514.0,-149948.0,64
201700032955,17,8,29,1130,1,2,1,1.0,1.0,64102,M,4347830.0,-149560.0,64
201700032956,17,9,1,835,1,2,1,2.0,2.0,64102,M,4351177.0,-148862.0,64
201700032957,17,9,2,1045,1,2,1,2.0,6.0,64102,M,4348615.0,-147115.0,64
201700032958,17,9,8,1155,1,2,1,1.0,7.0,64140,M,4351989.0,-148511.0,64
201700032959,17,9,8,1630,1,2,1,8.0,2.0,64102,M,4348352.0,-150171.0,64
201700032960,17,9,8,1720,1,2,1,1.0,2.0,64024,M,4348804.0,-150041.0,64
201700032961,17,9,19,1425,1,2,1,1.0,7.0,64102,M,4349779.0,-149107.0,64
201700032962,17,9,21,1839,1,2,2,1.0,3.0,64024,M,4349352.0,-151008.0,64
201700032963,17,9,22,540,5,2,1,1.0,2.0,64102,M,4348857.0,-148250.0,64
201700032964,17,9,24,45,4,2,2,1.0,7.0,64024,M,4348070.0,-153030.0,64
201700032965,17,9,29,745,2,2,1,1.0,3.0,64102,M,4348987.0,-145992.0,64
201700032966,17,9,29,1200,1,2,3,1.0,3.0,64102,M,4348397.0,-149942.0,64
201700032967,17,9,29,1415,1,2,1,1.0,3.0,64102,M,4350263.0,-146774.0,64
201700032968,17,10,6,1040,1,2,1,3.0,3.0,64102,M,4348373.0,-150026.0,64
201700032969,17,10,8,1530,1,2,3,1.0,7.0,64024,M,4348018.0,-152389.0,64
201700032970,17,10,9,1035,1,2,1,1.0,1.0,64024,M,4349283.0,-150419.0,64
201700032971,17,10,10,1010,1,2,1,1.0,6.0,64102,M,4349987.0,-149038.0,64
201700032972,17,10,13,800,1,1,3,1.0,3.0,64024,M,4347655.0,-152633.0,64
201700032973,17,10,15,525,5,2,1,1.0,6.0,64102,M,4348930.0,-145897.0,64
201700032974,17,10,17,750,1,2,1,7.0,6.0,64024,M,4347239.0,-150956.0,64
201700032975,17,10,27,220,5,2,1,1.0,7.0,64102,M,4349590.0,-148462.0,64
201700032976,17,10,27,1210,1,2,1,1.0,3.0,64024,M,4346368.0,-150494.0,64
201700032977,17,10,27,1710,1,2,1,8.0,2.0,64102,M,4350413.0,-146764.0,64
201700032978,17,10,27,1710,1,2,1,1.0,5.0,64102,M,4349559.0,-149436.0,64
201700032979,17,11,9,1235,1,2,1,2.0,6.0,64140,M,4352580.0,-149372.0,64
201700032980,17,11,9,1300,1,2,3,2.0,7.0,64102,M,4349032.0,-148394.0,64
201700032981,17,11,14,1710,1,2,6,1.0,3.0,64102,M,4347006.0,-148849.0,64
201700032982,17,11,15,1815,5,2,1,1.0,7.0,64102,M,4350210.0,-146154.0,64
201700032983,17,11,15,1840,3,2,3,1.0,1.0,64102,M,4350831.0,-148643.0,64
201700032984,17,11,20,1330,1,2,6,1.0,3.0,64102,M,4346620.0,-149516.0,64
201700032985,17,11,22,2120,5,2,1,1.0,7.0,64102,M,4350990.0,-146437.0,64
201700032986,17,11,23,700,5,2,2,1.0,3.0,64024,M,4349663.0,-150707.0,64
201700032987,17,12,16,2340,5,2,1,2.0,7.0,64102,M,4347233.0,-149049.0,64
201700032988,17,12,18,2040,5,2,1,8.0,1.0,64102,M,4350831.0,-148643.0,64
201700032989,17,12,19,1155,1,2,1,1.0,6.0,64102,M,4347976.0,-148580.0,64
201700032990,17,12,19,1940,5,2,3,1.0,3.0,64102,M,4349898.0,-146002.0,64
201700032991,17,12,19,2140,5,2,6,1.0,1.0,64102,M,4350338.0,-146439.0,64
201700032992,17,12,19,2325,5,2,1,8.0,2.0,64024,M,4348287.0,-150434.0,64
201700032993,17,12,20,1125,1,2,7,1.0,3.0,64140,M,4352350.0,-149019.0,64
201700032994,17,12,21,1020,1,2,1,1.0,7.0,64102,M,4349171.0,-146966.0,64
201700032995,17,12,25,1620,1,2,1,7.0,6.0,64024,M,4352006.0,-152301.0,64
201700032996,17,1,10,940,1,2,1,2.0,6.0,64122,M,4345961.0,-154768.0,64
201700032997,17,12,29,910,1,2,1,2.0,6.0,64122,M,4345870.0,-154761.0,64
201700032998,17,1,11,745,5,2,1,2.0,6.0,64122,M,4348083.0,-154079.0,64
201700032999,17,1,12,955,1,2,1,2.0,6.0,64122,M,4348064.0,-154099.0,64
201700033000,17,1,17,1145,1,2,1,1.0,7.0,64122,M,4348549.0,-155658.0,64
201700033001,17,1,24,745,2,2,1,1.0,1.0,64122,M,4346676.0,-153852.0,64
201700033002,17,1,22,1745,2,2,2,1.0,3.0,64122,M,4348493.0,-154707.0,64
201700033003,17,2,1,500,5,2,1,1.0,6.0,64122,M,4346557.0,-155314.0,64
201700033004,17,2,16,1225,1,2,1,1.0,3.0,64122,M,4345984.0,-154528.0,64
201700033005,17,2,20,1520,1,2,1,1.0,3.0,64125,M,4343037.0,-159924.0,64
201700033006,17,3,5,750,1,2,1,1.0,6.0,64122,M,4346256.0,-154507.0,64
201700033007,17,3,14,1735,1,2,1,1.0,2.0,64122,M,4346142.0,-154909.0,64
201700033008,17,3,18,1540,1,2,1,1.0,6.0,64122,M,4349236.0,-154895.0,64
201700033009,17,3,22,1830,1,2,1,2.0,3.0,64122,M,4346115.0,-154931.0,64
201700033010,17,3,30,1300,1,2,1,1.0,1.0,64125,M,4343238.0,-159641.0,64
201700033011,17,4,12,1735,1,2,1,1.0,6.0,64122,M,4347121.0,-156301.0,64
201700033012,17,4,13,1950,2,2,1,1.0,6.0,64122,M,4347841.0,-155589.0,64
201700033013,17,4,15,940,1,2,1,1.0,3.0,64122,M,4345978.0,-154533.0,64
201700033014,17,4,23,605,5,2,1,1.0,6.0,64122,M,4346158.0,-154498.0,64
201700033015,17,4,26,910,1,2,1,1.0,6.0,64122,M,4348161.0,-154251.0,64
201700033016,17,4,28,940,1,2,1,1.0,6.0,64122,M,4347089.0,-155547.0,64
201700033017,17,4,30,330,5,2,1,1.0,7.0,64122,M,4347507.0,-155337.0,64
201700033018,17,5,1,605,5,2,1,2.0,3.0,64125,M,4343941.0,-158714.0,64
201700033019,17,5,10,1730,1,2,1,1.0,6.0,64122,M,4346491.0,-153525.0,64
201700033020,17,5,11,800,1,2,3,1.0,1.0,64122,M,4348149.0,-155836.0,64
201700033021,17,5,12,1900,1,2,1,1.0,3.0,64122,M,4346448.0,-154230.0,64
201700033022,17,5,18,125,5,2,1,1.0,7.0,64125,M,4343766.0,-159128.0,64
201700033023,17,6,4,2235,5,2,1,3.0,6.0,64122,M,4347796.0,-154427.0,64
201700033024,17,5,20,1310,1,2,1,1.0,3.0,64122,M,4348468.0,-155714.0,64
201700033025,17,6,7,1915,1,2,1,1.0,3.0,64122,M,4347870.0,-156474.0,64
201700033026,17,6,10,145,5,2,1,1.0,6.0,64122,M,4348027.0,-156305.0,64
201700033027,17,6,15,1350,1,2,1,8.0,6.0,64122,M,4348144.0,-154709.0,64
201700033028,17,6,15,2345,5,2,1,2.0,1.0,64122,M,4348218.0,-155070.0,64
201700033029,17,6,16,1040,1,2,1,1.0,3.0,64122,M,4347476.0,-156643.0,64
201700033030,17,6,18,2310,5,2,1,1.0,6.0,64125,M,4345037.0,-156280.0,64
201700033031,17,6,18,135,5,2,1,1.0,7.0,64122,M,4347327.0,-155564.0,64
201700033032,17,6,21,1415,1,2,1,1.0,3.0,64122,M,4348065.0,-154314.0,64
201700033033,17,6,22,850,1,2,1,1.0,6.0,64122,M,4347863.0,-156652.0,64
201700033034,17,7,15,1925,1,2,1,1.0,2.0,64125,M,4343406.0,-159484.0,64
201700033035,17,7,16,1125,1,2,1,1.0,7.0,64122,M,4346243.0,-156502.0,64
201700033036,17,7,18,1740,1,2,1,1.0,2.0,64122,M,4348212.0,-155241.0,64
201700033037,17,7,22,1745,1,2,1,1.0,1.0,64125,M,4344792.0,-157583.0,64
201700033038,17,7,24,1355,1,2,1,1.0,3.0,64122,M,4348089.0,-154104.0,64
201700033039,17,7,27,1810,1,2,1,1.0,3.0,64122,M,4346128.0,-154955.0,64
201700033040,17,8,9,1500,1,2,1,1.0,2.0,64125,M,4344748.0,-157401.0,64
201700033041,17,8,13,1230,1,2,1,1.0,6.0,64122,M,4345771.0,-154636.0,64
201700033042,17,8,18,650,5,2,1,1.0,6.0,64125,M,4343905.0,158777.0,64
201700033043,17,8,18,1930,1,2,1,8.0,3.0,64122,M,4346114.0,-154933.0,64
201700033044,17,8,23,2350,5,2,1,1.0,3.0,64122,M,4348201.0,-154934.0,64
201700033045,17,8,25,1844,1,2,1,1.0,3.0,64122,M,4348829.0,-154371.0,64
201700033046,17,8,29,900,1,2,1,1.0,1.0,64122,M,4346227.0,-156903.0,64
201700033047,17,8,31,1745,1,2,1,1.0,3.0,64122,M,4348122.0,-154185.0,64
201700033048,17,8,31,1955,2,2,1,1.0,3.0,64122,M,4347475.0,-156641.0,64
201700033049,17,9,6,1215,1,2,1,1.0,2.0,64122,M,4347778.0,-154956.0,64
201700033050,17,9,9,1825,1,2,1,2.0,7.0,64122,M,4347856.0,-156301.0,64
201700033051,17,9,16,2350,5,2,1,2.0,7.0,64122,M,4348112.0,-156207.0,64
201700033052,17,9,20,1520,1,2,1,1.0,3.0,64122,M,4346642.0,-154132.0,64
201700033053,17,10,7,1710,1,2,1,1.0,7.0,64122,M,4345923.0,-157206.0,64
201700033054,17,10,23,1005,1,2,1,1.0,6.0,64122,M,4346847.0,-154230.0,64
201700033055,17,10,26,220,5,2,1,1.0,6.0,64122,M,4348040.0,-153998.0,64
201700033056,17,10,30,840,1,2,1,8.0,7.0,64122,M,4347527.0,-154542.0,64
201700033057,17,11,1,1450,1,2,1,1.0,3.0,64122,M,4346765.0,-155446.0,64
201700033058,17,11,21,1245,1,2,1,1.0,6.0,64122,M,4346554.0,-155326.0,64
201700033059,17,11,24,1835,5,2,1,1.0,3.0,64122,M,4348412.0,-155709.0,64
201700033060,17,12,3,935,1,2,1,1.0,7.0,64125,M,4343776.0,-159136.0,64
201700033061,17,12,8,1245,1,2,1,2.0,7.0,64122,M,4348402.0,-154283.0,64
201700033062,17,12,13,745,1,2,1,1.0,3.0,64125,M,4343018.0,-159945.0,64
201700033063,17,12,21,1240,1,2,1,1.0,6.0,64122,M,4345991.0,-154702.0,64
201700033064,17,1,4,1917,5,1,1,1.0,6.0,64348,M,4332106.0,-39155.0,64
201700033065,17,12,29,1210,1,2,1,1.0,6.0,64445,M,4330585.0,-33326.0,64
201700033066,17,1,5,1435,1,2,1,1.0,6.0,64445,M,4331847.0,-36046.0,64
201700033067,17,12,30,1650,1,2,1,1.0,1.0,64445,M,4332085.0,-37906.0,64
201700033068,17,1,6,820,2,2,3,1.0,1.0,64335,M,4331873.0,-42572.0,64
201700033069,17,12,31,2050,5,2,1,3.0,3.0,64445,M,4331638.0,-37817.0,64
201700033070,17,1,6,1945,5,2,1,1.0,4.0,64129,M,4329836.0,-38929.0,64
201700033071,17,1,7,1525,1,2,3,1.0,6.0,64445,M,4329635.0,-37436.0,64
201700033072,17,1,9,813,2,2,3,1.0,3.0,64335,M,4333082.0,-43013.0,64
201700033073,17,1,9,1147,1,2,1,1.0,3.0,64445,M,4331128.0,-36348.0,64
201700033074,17,1,10,2100,5,2,2,2.0,6.0,64445,M,4330166.0,-36717.0,64
201700033075,17,1,12,2250,5,2,1,3.0,3.0,64445,M,4330427.0,-37988.0,64
201700033076,17,1,13,1200,1,2,3,2.0,3.0,64445,M,4330520.0,-35143.0,64
201700033077,17,1,14,1842,5,1,1,1.0,3.0,64237,M,4327882.0,-37527.0,64
201700033078,17,1,17,1010,1,2,1,1.0,3.0,64445,M,4331917.0,-36010.0,64
201700033079,17,1,17,1705,1,1,1,1.0,5.0,64348,M,4334786.0,-37995.0,64
201700033080,17,1,19,1910,4,2,2,1.0,3.0,64445,M,4330937.0,-36394.0,64
201700033081,17,1,24,1320,1,2,2,1.0,5.0,64445,M,4332087.0,-37898.0,64
201700033082,17,1,24,1430,1,2,1,1.0,2.0,64445,M,4330086.0,-36104.0,64
201700033083,17,1,25,904,1,1,1,1.0,6.0,64445,M,4331079.0,-36579.0,64
201700033084,17,1,25,1820,5,2,1,1.0,3.0,64445,M,4329248.0,-36360.0,64
201700033085,17,1,26,911,1,2,1,1.0,6.0,64129,M,4330755.0,-39357.0,64
201700033086,17,1,27,1550,1,2,1,1.0,4.0,64445,M,4332972.0,-35439.0,64
201700033087,17,1,27,1925,2,2,2,1.0,2.0,64445,M,4330152.0,-35738.0,64
201700033088,17,1,27,2053,5,2,2,1.0,3.0,64284,M,4329299.0,-38667.0,64
201700033089,17,1,31,1650,1,1,3,1.0,3.0,64284,M,4326742.0,-40189.0,64
201700033090,17,1,31,1925,5,2,2,1.0,2.0,64445,M,4331490.0,-37789.0,64
201700033091,17,2,3,1645,1,2,1,2.0,6.0,64129,M,4330788.0,-37782.0,64
201700033092,17,2,3,1720,1,2,3,2.0,3.0,64445,M,4330793.0,-37754.0,64
201700033093,17,2,3,1800,1,2,1,2.0,3.0,64445,M,4331275.0,-36882.0,64
201700033094,17,2,4,1045,1,2,2,2.0,6.0,64445,M,4329931.0,-37128.0,64
201700033095,17,2,4,2053,5,2,3,2.0,3.0,64445,M,4330605.0,-35673.0,64
201700033096,17,2,5,810,1,1,1,2.0,1.0,64445,M,4331532.0,-30330.0,64
201700033097,17,2,9,1725,1,2,1,1.0,4.0,64129,M,4330520.0,-40163.0,64
201700033098,17,2,9,1750,1,1,1,1.0,6.0,64348,M,4331809.0,-37944.0,64
201700033099,17,2,9,1920,3,1,1,1.0,2.0,64132,M,4328406.0,31834.0,64
201700033100,17,2,10,1900,5,2,1,1.0,3.0,64445,M,4331089.0,-34933.0,64
201700033101,17,2,11,1840,2,2,1,1.0,6.0,64445,M,4330636.0,-36095.0,64
201700033102,17,2,12,230,5,2,1,1.0,6.0,64445,M,4329770.0,-36178.0,64
201700033103,17,2,13,1825,2,2,3,1.0,3.0,64445,M,4332082.0,-37897.0,64
201700033104,17,2,15,1045,1,2,1,1.0,6.0,64445,M,4331128.0,-36441.0,64
201700033105,17,2,15,1803,1,2,1,1.0,4.0,64284,M,4327226.0,-38881.0,64
201700033106,17,2,15,2040,5,2,6,1.0,3.0,64445,M,4331847.0,-36018.0,64
201700033107,17,2,16,1700,1,2,1,1.0,3.0,64348,M,4331474.0,-41956.0,64
201700033108,17,2,19,1620,1,2,1,1.0,2.0,64445,M,4329603.0,-38224.0,64
201700033109,17,2,21,920,1,2,1,1.0,6.0,64445,M,4331217.0,-36514.0,64
201700033110,17,2,21,1625,1,2,1,1.0,2.0,64445,M,4333903.0,-37980.0,64
201700033111,17,2,21,1655,1,1,1,1.0,6.0,64348,M,4331970.0,-38551.0,64
201700033112,17,2,22,1220,1,2,2,1.0,3.0,64445,M,4330298.0,-36264.0,64
201700033113,17,2,22,1420,1,2,1,1.0,3.0,64445,M,4331921.0,-34751.0,64
201700033114,17,2,23,1425,1,2,1,1.0,2.0,64445,M,4329940.0,-33779.0,64
201700033115,17,2,23,1645,1,1,1,1.0,2.0,64373,M,4328101.0,-35735.0,64
201700033116,17,2,23,1810,2,1,3,1.0,3.0,64335,M,4334070.0,-40568.0,64
201700033117,17,2,25,1705,1,1,6,1.0,3.0,64269,M,4330764.0,-30726.0,64
201700033118,17,2,27,1050,1,2,1,1.0,5.0,64284,M,4326584.0,-38975.0,64
201700033119,17,2,27,1230,1,2,1,1.0,3.0,64348,M,4331090.0,-41241.0,64
201700033120,17,2,27,1300,1,2,6,1.0,6.0,64445,M,4331806.0,-37820.0,64
201700033121,17,2,27,2129,5,2,6,1.0,3.0,64335,M,4332018.0,-43411.0,64
201700033122,17,3,3,1545,1,2,3,1.0,3.0,64129,M,4331329.0,-38149.0,64
201700033123,17,3,6,1630,1,2,2,1.0,3.0,64445,M,4330439.0,-36755.0,64
201700033124,17,3,7,1520,1,1,1,2.0,2.0,64348,M,4334163.0,-37985.0,64
201700033125,17,3,8,735,2,1,1,1.0,2.0,64445,M,4333381.0,-35816.0,64
201700033126,17,3,9,1730,1,2,1,1.0,6.0,64445,M,4331889.0,-36059.0,64
201700033127,17,3,10,1740,1,2,1,1.0,6.0,64445,M,4330569.0,-37696.0,64
201700033128,17,3,11,1510,1,2,3,1.0,3.0,64445,M,4331703.0,-36820.0,64
201700033129,17,3,13,1140,1,2,3,2.0,3.0,64348,M,4331367.0,-41749.0,64
201700033130,17,3,13,1500,1,2,2,2.0,3.0,64445,M,4330152.0,-35735.0,64
201700033131,17,3,17,1055,1,2,1,1.0,6.0,64445,M,4332382.0,-35163.0,64
201700033132,17,3,20,2050,5,2,1,2.0,3.0,64445,M,4330807.0,-37659.0,64
201700033133,17,3,21,1450,1,1,1,2.0,3.0,64335,M,4333770.0,-45994.0,64
201700033134,17,3,22,1515,1,2,1,1.0,2.0,64284,M,4329248.0,-39556.0,64
201700033135,17,3,23,750,1,2,1,1.0,3.0,64445,M,4330990.0,-36920.0,64
201700033136,17,3,23,840,1,2,3,1.0,3.0,64445,M,4330753.0,-36436.0,64
201700033137,17,3,23,1515,1,2,1,1.0,3.0,64129,M,4330679.0,-38537.0,64
201700033138,17,3,24,2015,5,2,1,2.0,3.0,64445,M,4329674.0,-38021.0,64
201700033139,17,3,24,2100,5,2,3,1.0,3.0,64445,M,4331178.0,-37544.0,64
201700033140,17,3,25,1445,1,2,3,2.0,3.0,64445,M,4330122.0,-37530.0,64
201700033141,17,3,27,645,5,2,3,1.0,3.0,64348,M,4330330.0,-41678.0,64
201700033142,17,3,27,748,1,2,1,1.0,6.0,64445,M,4330128.0,-35879.0,64
201700033143,17,3,28,1400,1,2,1,1.0,3.0,64445,M,4330929.0,-37682.0,64
201700033144,17,3,28,1915,2,2,1,1.0,1.0,64445,M,4329194.0,-37765.0,64
201700033145,17,3,29,1820,1,2,1,1.0,6.0,64445,M,4330521.0,-33942.0,64
201700033146,17,3,31,1640,1,2,2,1.0,3.0,64445,M,4329429.0,-35898.0,64
201700033147,17,4,5,1719,1,1,1,1.0,3.0,64335,M,4334831.0,-44157.0,64
201700033148,17,4,7,850,1,2,3,1.0,3.0,64445,M,4330301.0,-34433.0,64
201700033149,17,4,8,1130,1,1,1,1.0,4.0,64373,M,4328020.0,-35837.0,64
201700033150,17,4,10,1137,1,1,1,1.0,6.0,64445,M,,,64
201700033151,17,4,10,1210,1,2,1,1.0,6.0,64445,M,4330179.0,-37093.0,64
201700033152,17,4,11,1615,1,2,1,1.0,6.0,64445,M,4330561.0,-33284.0,64
201700033153,17,4,13,800,1,2,1,1.0,6.0,64445,M,4332000.0,-37298.0,64
201700033154,17,4,13,1505,1,2,3,1.0,3.0,64445,M,4329876.0,-36824.0,64
201700033155,17,4,15,1555,1,2,1,1.0,4.0,64445,M,4330680.0,-35305.0,64
201700033156,17,4,20,1755,1,1,1,1.0,2.0,64445,M,4331251.0,-30430.0,64
201700033157,17,4,21,1730,1,1,1,1.0,6.0,64284,M,4329219.0,-40837.0,64
201700033158,17,4,22,1555,1,2,3,1.0,2.0,64445,M,4330999.0,-32599.0,64
201700033159,17,4,22,1910,1,2,3,1.0,6.0,64132,M,4328927.0,-35454.0,64
201700033160,17,4,23,1630,1,2,1,1.0,6.0,64445,M,4330093.0,-37521.0,64
201700033161,17,4,26,1210,1,2,1,1.0,6.0,64445,M,4330040.0,-37721.0,64
201700033162,17,4,27,1900,1,2,1,1.0,2.0,64445,M,4331612.0,-33871.0,64
201700033163,17,4,28,615,5,2,1,1.0,2.0,64445,M,4332356.0,-37339.0,64
201700033164,17,4,28,1420,1,2,1,1.0,6.0,64445,M,4329835.0,-36365.0,64
201700033165,17,5,1,1910,2,2,1,2.0,2.0,64445,M,4329671.0,-36438.0,64
201700033166,17,5,2,1000,1,2,2,2.0,2.0,64335,M,4334733.0,-41963.0,64
201700033167,17,5,4,1545,1,2,1,1.0,6.0,64445,M,4330670.0,-37638.0,64
201700033168,17,5,4,1905,1,2,1,1.0,6.0,64445,M,4328821.0,-37859.0,64
201700033169,17,5,5,1250,1,2,1,1.0,2.0,64445,M,4332377.0,-37447.0,64
201700033170,17,5,5,744,1,2,2,1.0,3.0,64445,M,4331108.0,-35161.0,64
201700033171,17,5,9,759,1,2,1,1.0,6.0,64445,M,4329906.0,-36938.0,64
201700033172,17,5,9,1313,1,2,2,1.0,3.0,64445,M,4331917.0,-36750.0,64
201700033173,17,5,10,1300,1,2,3,1.0,2.0,64445,M,4332077.0,-35401.0,64
201700033174,17,5,12,830,1,2,1,1.0,6.0,64445,M,4329899.0,-34676.0,64
201700033175,17,5,12,1215,1,2,1,1.0,1.0,64335,M,4332928.0,-44348.0,64
201700033176,17,5,14,820,1,2,1,1.0,3.0,64445,M,4330139.0,-37342.0,64
201700033177,17,5,15,1820,1,2,1,1.0,3.0,64129,M,4329774.0,-38822.0,64
201700033178,17,5,16,1200,1,2,1,1.0,4.0,64445,M,4331487.0,-36205.0,64
201700033179,17,5,16,2030,1,2,1,1.0,1.0,64445,M,4333597.0,-36365.0,64
201700033180,17,5,17,925,1,1,1,1.0,3.0,64348,M,4330124.0,-40963.0,64
201700033181,17,5,17,1715,1,2,1,1.0,6.0,64445,M,4330219.0,-35969.0,64
201700033182,17,5,18,1405,1,2,1,1.0,3.0,64445,M,4330012.0,-33370.0,64
201700033183,17,5,19,340,5,2,1,2.0,6.0,64129,M,4331330.0,-38061.0,64
201700033184,17,5,19,1540,1,1,1,1.0,4.0,64335,M,4333468.0,-41764.0,64
201700033185,17,5,19,1800,1,2,1,1.0,6.0,64445,M,4331691.0,-36129.0,64
201700033186,17,5,19,1835,1,2,3,1.0,3.0,64445,M,4330122.0,-37532.0,64
201700033187,17,5,19,1900,1,2,1,1.0,2.0,64445,M,4330698.0,-37644.0,64
201700033188,17,5,21,650,2,2,1,1.0,1.0,64445,M,4332706.0,-37875.0,64
201700033189,17,5,22,1015,1,2,3,1.0,3.0,64445,M,4331604.0,-36125.0,64
201700033190,17,5,23,2228,5,2,3,1.0,3.0,64445,M,4329629.0,-37514.0,64
201700033191,17,5,24,1345,1,2,1,1.0,2.0,64445,M,4331757.0,-36088.0,64
201700033192,17,5,26,1127,1,1,3,1.0,3.0,64284,M,4326737.0,-40193.0,64