Num_Acc,an,mois,jour,hrmn,lum,agg,int,atm,col,com,gps,lat,long,dep
201700033193,17,5,27,2115,2,2,1,1.0,2.0,64445,M,4331318.0,-36256.0,64
201700033194,17,6,1,1015,1,1,1,1.0,4.0,64445,M,4334046.0,-37983.0,64
201700033195,17,6,1,1950,1,1,1,1.0,3.0,64348,M,4333911.0,-37976.0,64
201700033196,17,6,5,1355,1,1,1,1.0,3.0,64335,M,4335519.0,-41978.0,64
201700033197,17,6,9,1152,1,2,3,1.0,3.0,64445,M,4331139.0,-36897.0,64
201700033198,17,6,9,1510,1,2,1,1.0,3.0,64445,M,4332067.0,-34602.0,64
201700033199,17,6,10,1340,1,1,1,1.0,6.0,64445,M,4333437.0,-36420.0,64
201700033200,17,6,14,850,1,1,1,1.0,4.0,64373,M,4328141.0,-35692.0,64
201700033201,17,6,15,1140,1,2,2,1.0,3.0,64445,M,4330116.0,-38362.0,64
201700033202,17,6,15,1720,1,2,1,1.0,1.0,64445,M,4330280.0,-36193.0,64
201700033203,17,6,16,155,5,2,1,1.0,6.0,64132,M,4328930.0,-34135.0,64
201700033204,17,6,20,1015,1,2,1,1.0,2.0,64445,M,4331085.0,-34920.0,64
201700033205,17,6,21,1210,1,2,1,1.0,3.0,64445,M,4329216.0,-36856.0,64
201700033206,17,6,22,1655,1,2,6,1.0,3.0,64445,M,4332094.0,-35902.0,64
201700033207,17,6,23,815,1,2,1,2.0,2.0,64269,M,4329034.0,-31327.0,64
201700033208,17,6,23,2005,1,2,1,1.0,2.0,64445,M,4331167.0,-36617.0,64
201700033209,17,6,26,55,5,2,6,2.0,6.0,64445,M,4333004.0,-35605.0,64
201700033210,17,6,28,755,1,2,1,1.0,6.0,64445,M,4331744.0,-37834.0,64
201700033211,17,6,26,1615,1,1,1,1.0,1.0,64335,M,4334425.0,-44145.0,64
201700033212,17,6,29,1530,1,2,1,1.0,6.0,64445,M,4329602.0,-36812.0,64
201700033213,17,7,1,1250,1,2,1,2.0,5.0,64445,M,4333048.0,-35674.0,64
201700033214,17,7,1,2235,5,2,1,2.0,6.0,64445,M,4330407.0,-36647.0,64
201700033215,17,7,2,1815,1,2,1,1.0,3.0,64284,M,4329294.0,-38659.0,64
201700033216,17,7,4,1859,1,2,6,1.0,3.0,64445,M,4331897.0,-36033.0,64
201700033217,17,7,5,1815,1,2,3,1.0,3.0,64445,M,4331762.0,-34313.0,64
201700033218,17,7,6,1635,1,2,1,1.0,6.0,64445,M,4330850.0,-36955.0,64
201700033219,17,7,6,1648,1,2,3,1.0,2.0,64445,M,4332433.0,-32558.0,64
201700033220,17,7,7,1625,1,2,1,1.0,6.0,64348,M,4331407.0,-41721.0,64
201700033221,17,7,8,1900,3,2,1,2.0,3.0,64445,M,4330600.0,-36468.0,64
201700033222,17,7,9,1900,1,2,3,1.0,3.0,64445,M,4332086.0,-37901.0,64
201700033223,17,7,14,1725,1,1,1,1.0,1.0,64445,M,4332286.0,-31488.0,64
201700033224,17,7,14,1921,1,2,1,1.0,3.0,64284,M,4328805.0,-38966.0,64
201700033225,17,7,20,1930,1,2,3,2.0,3.0,64445,M,4331540.0,-37556.0,64
201700033226,17,7,25,1417,1,2,1,1.0,1.0,64445,M,4331018.0,-36912.0,64
201700033227,17,7,26,1410,1,2,1,1.0,4.0,64445,M,4332440.0,-37843.0,64
201700033228,17,7,26,1825,1,2,2,1.0,1.0,64445,M,4329881.0,-35190.0,64
201700033229,17,7,27,1500,1,2,1,1.0,6.0,64445,M,4332568.0,-33493.0,64
201700033230,17,7,27,1955,1,2,1,1.0,6.0,64445,M,4330273.0,-36170.0,64
201700033231,17,7,28,1230,1,2,1,2.0,3.0,64445,M,4331493.0,-33532.0,64
201700033232,17,7,30,1640,1,2,1,1.0,2.0,64445,M,4332156.0,-35894.0,64
201700033233,17,8,2,1444,1,2,3,1.0,1.0,64445,M,4330304.0,-36874.0,64
201700033234,17,8,7,1425,1,2,2,1.0,3.0,64445,M,4330424.0,-34424.0,64
201700033235,17,8,8,1535,1,2,2,1.0,3.0,64445,M,4331799.0,-31844.0,64
201700033236,17,8,8,2028,2,1,3,1.0,3.0,64335,M,4334702.0,-43597.0,64
201700033237,17,8,12,1655,1,1,1,1.0,2.0,64284,M,4326705.0,-38952.0,64
201700033238,17,8,14,920,1,2,1,1.0,1.0,64445,M,4332517.0,-35729.0,64
201700033239,17,8,14,1545,1,2,1,1.0,3.0,64445,M,4330462.0,-36864.0,64
201700033240,17,8,14,1745,1,2,1,1.0,3.0,64445,M,4333116.0,-37970.0,64
201700033241,17,8,17,730,1,2,1,1.0,3.0,64445,M,4329880.0,-34507.0,64
201700033242,17,8,22,815,1,2,1,1.0,6.0,64445,M,4329977.0,-36927.0,64
201700033243,17,8,25,930,1,2,1,1.0,2.0,64269,M,4330041.0,-31117.0,64
201700033244,17,8,27,1750,1,2,1,1.0,3.0,64445,M,4333313.0,-36863.0,64
201700033245,17,8,28,1220,1,2,1,1.0,2.0,64445,M,4331634.0,-37453.0,64
201700033246,17,9,4,1400,1,2,3,1.0,3.0,64348,M,4330699.0,-40516.0,64
201700033247,17,9,4,1605,1,2,1,1.0,2.0,64348,M,4332080.0,-39231.0,64
201700033248,17,9,5,1230,1,2,1,1.0,6.0,64445,M,4330755.0,-38015.0,64
201700033249,17,9,5,1735,1,2,1,1.0,3.0,64445,M,4330803.0,-33934.0,64
201700033250,17,9,5,2112,3,2,1,1.0,6.0,64445,M,4330660.0,-37641.0,64
201700033251,17,9,6,925,1,2,2,2.0,3.0,64445,M,4331130.0,-35636.0,64
201700033252,17,9,6,1344,1,2,3,1.0,3.0,64335,M,4332934.0,-40619.0,64
201700033253,17,9,6,1705,1,2,1,1.0,4.0,64445,M,4332483.0,-35756.0,64
201700033254,17,9,8,1330,1,2,2,1.0,6.0,64445,M,4329820.0,-35956.0,64
201700033255,17,9,9,1710,1,2,3,2.0,3.0,64284,M,4328855.0,-38890.0,64
201700033256,17,9,12,900,1,2,1,2.0,6.0,64445,M,4330547.0,-36047.0,64
201700033257,17,9,12,1320,1,2,1,1.0,2.0,64445,M,4330902.0,-34328.0,64
201700033258,17,9,12,1830,1,2,1,1.0,3.0,64445,M,4330201.0,-35501.0,64
201700033259,17,9,13,1105,1,2,1,1.0,3.0,64445,M,4331817.0,-35637.0,64
201700033260,17,9,14,1200,1,2,2,1.0,3.0,64445,M,4330660.0,-36092.0,64
201700033261,17,9,15,745,1,2,1,1.0,2.0,64445,M,4329122.0,-37865.0,64
201700033262,17,9,15,1650,1,2,1,1.0,2.0,64445,M,4330343.0,-37837.0,64
201700033263,17,9,15,1735,1,2,1,1.0,6.0,64129,M,4330735.0,-38219.0,64
201700033264,17,9,16,1256,1,2,2,1.0,3.0,64445,M,4330520.0,-37276.0,64
201700033265,17,9,19,1340,1,2,1,1.0,6.0,64348,M,4330704.0,-39841.0,64
201700033266,17,9,19,1530,1,2,1,1.0,6.0,64445,M,4331118.0,-35861.0,64
201700033267,17,9,20,821,1,2,1,1.0,3.0,64129,M,4331437.0,-37768.0,64
201700033268,17,9,20,1255,1,2,1,1.0,6.0,64445,M,4330134.0,-35590.0,64
201700033269,17,9,20,1800,1,1,1,1.0,4.0,64129,M,4330370.0,-39913.0,64
201700033270,17,9,22,905,1,2,1,1.0,6.0,64445,M,4330590.0,-34958.0,64
201700033271,17,9,23,1635,1,2,1,1.0,2.0,64445,M,4330852.0,-36402.0,64
201700033272,17,9,25,2238,5,2,1,2.0,7.0,64445,M,4330150.0,-37536.0,64
201700033273,17,9,27,755,1,1,1,1.0,3.0,64348,M,4332831.0,-38603.0,64
201700033274,17,9,27,1050,1,2,1,1.0,3.0,64445,M,4330479.0,-37862.0,64
201700033275,17,9,27,1850,1,2,1,1.0,2.0,64445,M,4330832.0,-34046.0,64
201700033276,17,9,28,1520,1,2,1,1.0,3.0,64129,M,4330637.0,-39570.0,64
201700033277,17,10,2,1310,1,2,1,1.0,3.0,64445,M,4329392.0,-35128.0,64
201700033278,17,10,4,840,1,2,3,5.0,3.0,64445,M,4330282.0,-36204.0,64
201700033279,17,10,4,910,1,2,1,7.0,6.0,64445,M,4332365.0,-35012.0,64
201700033280,17,10,4,1240,1,2,1,1.0,3.0,64445,M,4330380.0,-34612.0,64
201700033281,17,10,4,1420,1,2,1,1.0,3.0,64445,M,4331113.0,-35797.0,64
201700033282,17,10,4,1540,1,2,1,1.0,1.0,64129,M,4331223.0,-38635.0,64
201700033283,17,10,4,1750,1,2,1,1.0,2.0,64129,M,4330225.0,-39667.0,64
201700033284,17,10,5,1255,1,2,1,1.0,4.0,64129,M,4330745.0,-38017.0,64
201700033285,17,10,5,2255,5,2,1,1.0,1.0,64269,M,4330375.0,-31556.0,64
201700033286,17,10,6,700,5,2,1,1.0,2.0,64348,M,4331365.0,-41738.0,64
201700033287,17,10,8,935,1,2,1,1.0,6.0,64445,M,4331915.0,-34743.0,64
201700033288,17,10,9,1250,1,2,4,1.0,3.0,64348,M,4330811.0,-42633.0,64
201700033289,17,10,11,1100,1,2,3,1.0,3.0,64445,M,4329871.0,-36821.0,64
201700033290,17,10,12,1815,2,2,1,1.0,6.0,64445,M,4330295.0,-36864.0,64
201700033291,17,10,16,1630,1,1,1,1.0,3.0,64335,M,4331867.0,-42571.0,64
201700033292,17,10,15,1620,1,1,1,1.0,6.0,64335,M,4331719.0,-42967.0,64
201700033293,17,10,17,840,2,2,2,1.0,3.0,64445,M,4331920.0,-36750.0,64
201700033294,17,10,17,855,1,2,3,1.0,3.0,64445,M,4330754.0,-36439.0,64
201700033295,17,10,17,1700,1,2,1,1.0,2.0,64445,M,4332465.0,-34402.0,64
201700033296,17,10,17,1841,1,2,1,1.0,6.0,64445,M,4329990.0,-37018.0,64
201700033297,17,10,18,1320,1,2,2,2.0,3.0,64445,M,4330562.0,-37038.0,64
201700033298,17,10,19,810,2,2,2,1.0,5.0,64445,M,4330563.0,-37034.0,64
201700033299,17,10,20,1955,5,2,1,1.0,3.0,64445,M,4330300.0,-35217.0,64
201700033300,17,10,21,1910,1,2,1,1.0,3.0,64335,M,4333197.0,-42135.0,64
201700033301,17,10,26,1717,1,2,1,1.0,3.0,64132,M,4328734.0,-35129.0,64
201700033302,17,10,26,2258,5,2,1,1.0,3.0,64445,M,4331474.0,-35449.0,64
201700033303,17,10,27,1940,1,2,1,1.0,6.0,64445,M,4329174.0,-36951.0,64
201700033304,17,10,29,1435,1,2,1,1.0,3.0,64129,M,4331197.0,-37884.0,64
201700033305,17,10,30,1115,1,2,1,1.0,2.0,64445,M,4330461.0,-34256.0,64
201700033306,17,10,30,1430,1,2,2,1.0,3.0,64348,M,4333544.0,-37972.0,64
201700033307,17,10,30,1730,1,2,1,1.0,5.0,64445,M,4331312.0,-37763.0,64
201700033308,17,10,31,1400,1,2,1,1.0,6.0,64445,M,4332381.0,-34513.0,64
201700033309,17,11,2,822,1,2,1,1.0,6.0,64445,M,4332317.0,-32582.0,64
201700033310,17,11,3,1927,2,2,3,1.0,3.0,64445,M,4331574.0,-37804.0,64
201700033311,17,11,5,2010,5,2,1,2.0,1.0,64445,M,4332861.0,-34908.0,64
201700033312,17,11,6,920,1,2,2,1.0,3.0,64445,M,4331727.0,-35268.0,64
201700033313,17,11,7,845,1,2,1,1.0,6.0,64445,M,4331583.0,-36171.0,64
201700033314,17,11,7,850,1,2,1,1.0,3.0,64129,M,4331228.0,-38632.0,64
201700033315,17,11,7,1750,5,2,1,1.0,2.0,64129,M,4330483.0,-40111.0,64
201700033316,17,11,8,1745,2,2,1,2.0,2.0,64445,M,4330267.0,-36891.0,64
201700033317,17,11,9,1930,5,2,1,1.0,3.0,64445,M,4330417.0,-34431.0,64
201700033318,17,11,10,740,1,2,1,2.0,3.0,64445,M,4330300.0,-35216.0,64
201700033319,17,11,11,1146,1,2,1,2.0,2.0,64445,M,4330203.0,-35500.0,64
201700033320,17,11,13,1235,1,2,1,1.0,6.0,64445,M,4330297.0,-36260.0,64
201700033321,17,11,15,1540,1,2,1,1.0,6.0,64445,M,4329825.0,-35838.0,64
201700033322,17,11,15,1920,5,2,2,1.0,3.0,64445,M,4329930.0,-36339.0,64
201700033323,17,11,16,745,1,2,2,1.0,3.0,64445,M,4331799.0,-31833.0,64
201700033324,17,11,19,1110,1,2,3,1.0,3.0,64445,M,4331178.0,-37544.0,64
201700033325,17,11,21,750,2,2,1,1.0,2.0,64445,M,4329247.0,-36355.0,64
201700033326,17,11,21,830,1,2,1,1.0,3.0,64445,M,4331418.0,-33323.0,64
201700033327,17,11,21,955,1,2,1,1.0,6.0,64445,M,4330123.0,-36658.0,64
201700033328,17,11,21,1050,1,2,1,1.0,3.0,64445,M,4330921.0,-33226.0,64
201700033329,17,11,21,1734,1,2,1,1.0,2.0,64373,M,4328212.0,-35622.0,64
201700033330,17,11,24,1630,1,2,1,1.0,6.0,64445,M,4329992.0,-36835.0,64
201700033331,17,11,24,1930,5,2,1,1.0,6.0,64445,M,4332710.0,-33281.0,64
201700033332,17,11,27,730,5,2,3,1.0,3.0,64445,M,4329900.0,-36310.0,64
201700033333,17,11,27,1255,1,2,1,1.0,2.0,64445,M,4333579.0,-36317.0,64
201700033334,17,11,28,957,1,2,1,1.0,6.0,64445,M,4333898.0,-37246.0,64
201700033335,17,11,28,1900,5,2,1,1.0,2.0,64348,M,4335199.0,-38000.0,64
201700033336,17,11,29,815,1,2,1,2.0,2.0,64445,M,4332092.0,-31110.0,64
201700033337,17,11,29,900,1,2,1,2.0,3.0,64445,M,4330371.0,-37094.0,64
201700033338,17,11,29,1615,1,2,1,2.0,2.0,64129,M,4330136.0,-38662.0,64
201700033339,17,11,29,1830,5,2,1,2.0,4.0,64445,M,4331713.0,-37828.0,64
201700033340,17,11,30,910,1,2,1,1.0,3.0,64445,M,4331315.0,-36859.0,64
201700033341,17,12,1,1020,1,2,1,1.0,2.0,64445,M,4331117.0,-35525.0,64
201700033342,17,12,1,1200,1,2,1,1.0,3.0,64348,M,4330123.0,-41205.0,64
201700033343,17,12,1,1240,1,2,1,1.0,2.0,64445,M,4332289.0,-32574.0,64
201700033344,17,12,1,1550,1,2,1,1.0,2.0,64445,M,4332972.0,-35433.0,64
201700033345,17,12,1,1750,5,2,1,1.0,4.0,64348,M,4331323.0,-41661.0,64
201700033346,17,12,3,1550,1,2,3,1.0,5.0,64445,M,4329702.0,-36107.0,64
201700033347,17,12,3,1710,1,2,1,1.0,1.0,64445,M,4331135.0,-32326.0,64
201700033348,17,12,4,1950,5,2,3,1.0,3.0,64445,M,4330029.0,-36549.0,64
201700033349,17,12,6,920,1,2,1,1.0,2.0,64445,M,4331405.0,-37026.0,64
201700033350,17,12,6,1330,1,2,1,1.0,6.0,64129,M,4331493.0,-37784.0,64
201700033351,17,12,8,1225,1,2,1,2.0,6.0,64335,M,4332322.0,-43318.0,64
201700033352,17,12,8,1400,1,1,1,2.0,1.0,64445,M,4333397.0,-35832.0,64
201700033353,17,12,8,1550,1,2,1,2.0,2.0,64445,M,4330461.0,-37066.0,64
201700033354,17,12,11,1010,1,2,1,2.0,6.0,64445,M,4331605.0,-36122.0,64
201700033355,17,12,11,1410,1,2,1,2.0,6.0,64445,M,4330480.0,-36525.0,64
201700033356,17,12,11,1654,1,2,1,2.0,2.0,64284,M,4327826.0,-38832.0,64
201700033357,17,12,12,1640,1,2,1,1.0,6.0,64445,M,4329212.0,-36487.0,64
201700033358,17,12,12,1700,2,2,2,1.0,5.0,64445,M,4330937.0,-36395.0,64
201700033359,17,12,14,755,2,2,1,2.0,3.0,64445,M,4330152.0,-37532.0,64
201700033360,17,12,14,1530,1,1,1,2.0,6.0,64335,M,4334031.0,-41621.0,64
201700033361,17,12,15,1539,1,2,1,2.0,6.0,64445,M,4330966.0,-36606.0,64
201700033362,17,12,18,1815,5,2,6,2.0,3.0,64129,M,4330713.0,-39885.0,64
201700033363,17,12,18,1648,2,2,1,3.0,4.0,64335,M,4331853.0,-43169.0,64
201700033364,17,12,19,748,5,2,1,2.0,6.0,64445,M,4330958.0,-36345.0,64
201700033365,17,12,19,1645,1,2,1,1.0,3.0,64132,M,4328736.0,-35132.0,64
201700033366,17,12,26,1935,5,2,1,1.0,3.0,64445,M,4330568.0,-36625.0,64
201700033367,17,12,28,1805,2,2,1,2.0,6.0,64335,M,4331986.0,-43382.0,64
201700033368,17,1,8,1715,2,2,1,1.0,7.0,64483,M,4339150.0,-162680.0,64
201700033369,17,1,9,1635,1,1,1,1.0,4.0,64545,M,,,64
201700033370,17,1,12,1245,1,2,1,1.0,1.0,64483,M,4338768.0,-165574.0,64
201700033371,17,1,12,1500,1,1,1,1.0,3.0,64260,M,4337136.0,-177298.0,64
201700033372,17,1,25,1430,1,2,1,1.0,6.0,64483,M,4339024.0,-165898.0,64
201700033373,17,1,26,1730,1,2,1,1.0,3.0,64260,M,4335759.0,-177640.0,64
201700033374,17,1,27,1140,1,2,1,1.0,1.0,64483,M,4339536.0,-164784.0,64
201700033375,17,2,6,1130,1,2,1,2.0,3.0,64260,M,4337732.0,-173624.0,64
201700033376,17,2,13,605,3,2,1,1.0,5.0,64249,M,4341820.0,-160810.0,64
201700033377,17,2,28,1715,1,2,1,6.0,1.0,64260,M,4336798.0,-177071.0,64
201700033378,17,3,2,1720,1,2,1,1.0,1.0,64545,M,4339260.0,-169530.0,64
201700033379,17,3,9,1835,1,1,1,1.0,3.0,64483,M,4340502.0,162594.0,64
201700033380,17,3,16,1410,1,2,1,1.0,1.0,64189,M,4338393.0,-166732.0,64
201700033381,17,3,17,1705,1,1,1,1.0,3.0,64260,M,4335065.0,-177996.0,64
201700033382,17,4,4,1445,1,1,1,1.0,3.0,64483,M,4340110.0,-163424.0,64
201700033383,17,4,7,1740,1,2,1,1.0,6.0,64189,M,4338534.0,-166730.0,64
201700033384,17,4,7,2210,5,2,1,1.0,3.0,64483,M,4340154.0,-163699.0,64
201700033385,17,4,8,1850,1,2,1,1.0,3.0,64189,M,4337983.0,-166915.0,64
201700033386,17,4,12,1515,1,2,1,1.0,4.0,64483,M,4338528.0,-165299.0,64
201700033387,17,4,18,1755,1,2,1,1.0,2.0,64545,M,4337386.0,-167955.0,64
201700033388,17,4,21,2130,5,2,1,1.0,1.0,64260,M,4338829.0,-167306.0,64
201700033389,17,4,21,1410,1,2,1,1.0,6.0,64483,M,4339068.0,-165916.0,64
201700033390,17,4,24,1806,1,1,1,1.0,3.0,64260,M,,,64
201700033391,17,4,24,1840,1,1,1,1.0,2.0,64483,M,4340932.0,-162618.0,64
201700033392,17,4,26,2325,3,1,1,1.0,1.0,64483,M,4338897.0,-163977.0,64
201700033393,17,4,27,1600,1,1,1,1.0,4.0,64545,M,4337449.0,-167896.0,64
201700033394,17,5,7,1900,1,2,1,1.0,1.0,64249,M,4341180.0,-162400.0,64
201700033395,17,5,10,1750,1,2,1,1.0,1.0,64189,M,4338690.0,-166910.0,64
201700033396,17,5,16,810,1,2,1,1.0,3.0,64483,M,4339170.0,-165480.0,64
201700033397,17,6,5,1234,1,1,1,1.0,3.0,64545,M,4335412.0,-169065.0,64
201700033398,17,6,7,825,1,1,1,1.0,2.0,64483,M,4340016.0,-163174.0,64
201700033399,17,6,7,1555,1,1,1,1.0,2.0,64545,M,4336463.0,-168964.0,64
201700033400,17,6,10,2145,2,2,1,1.0,5.0,64545,M,4339074.0,-170216.0,64
201700033401,17,6,14,1550,1,2,1,1.0,2.0,64483,M,4337063.0,-163796.0,64
201700033402,17,6,16,2006,1,2,1,1.0,4.0,64249,M,4340024.0,-163927.0,64
201700033403,17,6,20,730,1,2,1,1.0,6.0,64483,M,4339246.0,-165301.0,64
201700033404,17,6,22,1055,1,2,4,1.0,3.0,64545,M,4337792.0,-170417.0,64
201700033405,17,6,25,1105,1,1,1,1.0,2.0,64483,M,4340298.0,-163446.0,64
201700033406,17,6,27,720,1,2,3,1.0,3.0,64483,M,4340157.0,-163680.0,64
201700033407,17,7,3,1340,1,2,1,1.0,4.0,64260,M,4337729.0,-174328.0,64
201700033408,17,7,5,830,1,2,1,1.0,2.0,64260,M,4337560.0,-176270.0,64
201700033409,17,7,12,1140,1,2,1,1.0,6.0,64483,M,4339520.0,-164790.0,64
201700033410,17,7,13,1300,1,2,1,1.0,3.0,64260,M,4337020.0,-177970.0,64
201700033411,17,7,16,1447,1,2,1,1.0,3.0,64483,M,4339720.0,-164460.0,64
201700033412,17,7,17,1205,1,2,1,1.0,2.0,64545,M,4333408.0,-168331.0,64
201700033413,17,7,17,1450,1,2,1,1.0,2.0,64483,M,4339158.0,-165486.0,64
201700033414,17,7,22,1600,1,2,1,1.0,3.0,64545,M,4337790.0,-167240.0,64
201700033415,17,7,23,1912,1,2,1,1.0,3.0,64260,M,4335050.0,-178310.0,64
201700033416,17,8,1,1420,1,2,1,1.0,3.0,64483,M,4339240.0,-165308.0,64
201700033417,17,8,2,1035,1,1,1,1.0,3.0,64483,M,4339239.0,-165310.0,64
201700033418,17,8,2,1855,1,2,1,1.0,3.0,64260,M,4336979.0,-177319.0,64
201700033419,17,8,3,1545,1,2,1,1.0,6.0,64260,M,4336176.0,-177299.0,64
201700033420,17,8,4,1950,1,2,1,1.0,2.0,64249,M,4341800.0,-160830.0,64
201700033421,17,8,6,1100,1,2,1,9.0,2.0,64545,M,4332110.0,-168480.0,64
201700033422,17,8,9,1055,1,2,3,2.0,3.0,64483,M,4341230.0,-161770.0,64
201700033423,17,8,10,1211,1,2,1,2.0,2.0,64483,M,4338620.0,-166170.0,64
201700033424,17,8,11,1540,1,2,1,1.0,2.0,64483,M,4338801.0,-165516.0,64
201700033425,17,8,12,1930,1,2,1,1.0,3.0,64483,M,4338990.0,-165760.0,64
201700033426,17,8,14,1755,1,2,1,1.0,6.0,64189,M,4338600.0,-166140.0,64
201700033427,17,8,16,1610,1,2,1,1.0,2.0,64483,M,4338495.0,-166398.0,64
201700033428,17,8,16,1900,1,2,1,1.0,3.0,64545,M,4336276.0,-169618.0,64
201700033429,17,8,19,1131,1,2,1,1.0,2.0,64483,M,4340661.0,-160701.0,64
201700033430,17,8,20,1905,1,2,1,1.0,5.0,64189,M,4338620.0,-166809.0,64
201700033431,17,8,22,940,1,2,1,1.0,3.0,64483,M,4339720.0,-164377.0,64
201700033432,17,8,23,1710,1,2,1,1.0,3.0,64483,M,4340009.0,-163153.0,64
201700033433,17,8,26,1115,1,2,1,1.0,3.0,64483,M,4339436.0,-164961.0,64
201700033434,17,8,26,1630,1,1,1,1.0,3.0,64483,M,4338736.0,-165668.0,64
201700033435,17,8,29,1210,1,2,1,1.0,1.0,64483,M,4339864.0,-163846.0,64
201700033436,17,8,31,825,1,1,1,8.0,2.0,64545,M,4334715.0,-174970.0,64
201700033437,17,9,5,830,1,2,1,1.0,2.0,64260,M,4335415.0,-177859.0,64
201700033438,17,9,9,1851,1,2,1,1.0,2.0,64545,M,4337618.0,-167621.0,64
201700033439,17,9,12,1135,1,1,1,1.0,2.0,64483,M,4338863.0,-164876.0,64
201700033440,17,9,20,1853,1,1,1,1.0,4.0,64260,M,4337010.0,-177373.0,64
201700033441,17,9,23,1130,1,1,1,1.0,6.0,64483,M,4339916.0,-164047.0,64
201700033442,17,9,26,1800,1,1,1,1.0,3.0,64483,M,4339139.0,-165576.0,64
201700033443,17,9,27,751,1,2,1,1.0,3.0,64483,M,4338826.0,-165949.0,64
201700033444,17,9,27,1600,1,1,1,1.0,2.0,64483,M,4340383.0,163304.0,64
201700033445,17,9,28,1450,1,2,1,1.0,3.0,64260,M,4335326.0,-177866.0,64
201700033446,17,9,28,1820,1,2,1,1.0,6.0,64249,M,4342060.0,-160680.0,64
201700033447,17,10,3,2345,5,1,1,1.0,3.0,64483,M,4340176.0,-163662.0,64
201700033448,17,10,8,1115,1,1,1,1.0,6.0,64260,M,4337064.0,-177582.0,64
201700033449,17,10,10,1615,1,1,1,1.0,3.0,64545,M,4339728.0,-165688.0,64
201700033450,17,10,13,1730,1,2,1,1.0,2.0,64483,M,4337156.0,-163804.0,64
201700033451,17,10,26,1750,1,2,1,1.0,2.0,64483,M,4339233.0,-165957.0,64
201700033452,17,11,1,1225,1,1,1,1.0,3.0,64260,M,4335231.0,-177680.0,64
201700033453,17,11,2,1640,1,1,1,1.0,3.0,64189,M,4337996.0,-166200.0,64
201700033454,17,11,13,1910,3,2,1,1.0,6.0,64260,M,4337314.0,-176884.0,64
201700033455,17,11,16,1420,1,2,1,1.0,3.0,64545,M,4336190.0,-171720.0,64
201700033456,17,11,22,815,1,2,1,1.0,6.0,64260,M,4334980.0,-177940.0,64
201700033457,17,11,22,1700,1,2,1,1.0,4.0,64483,M,4339390.0,-165030.0,64
201700033458,17,11,24,835,1,2,1,1.0,1.0,64545,M,4336540.0,-169620.0,64
201700033459,17,12,5,1630,1,2,1,1.0,6.0,64545,M,4334654.0,-176132.0,64
201700033460,17,12,7,1345,1,2,1,1.0,3.0,64189,M,4337677.0,-166507.0,64
201700033461,17,12,19,710,5,1,1,2.0,6.0,64483,M,4339658.0,-164572.0,64
201700033462,17,12,21,1355,1,2,1,1.0,3.0,64260,M,4334971.0,-177909.0,64
201700033463,17,12,22,2000,5,1,1,1.0,1.0,64483,M,4337470.0,-163802.0,64
201700033464,17,12,26,755,5,1,1,2.0,1.0,64545,M,4337322.0,-168018.0,64
201700033465,17,1,9,1640,1,2,1,1.0,6.0,65286,M,4310190.0,-4395.0,65
201700033466,17,1,31,1626,1,2,1,1.0,4.0,65286,M,4309110.0,-4150.0,65
201700033467,17,2,14,2000,5,2,8,1.0,6.0,65286,M,4310620.0,-4066.0,65
201700033468,17,2,22,1130,1,2,3,1.0,3.0,65286,M,4308780.0,-4611.0,65
201700033469,17,2,24,1717,1,1,1,1.0,2.0,65286,M,4311270.0,-3552.0,65
201700033470,17,3,12,1510,1,2,1,2.0,6.0,65286,M,4309880.0,-4544.0,65
201700033471,17,3,16,950,1,2,1,1.0,3.0,65286,M,4311360.0,-3058.0,65
201700033472,17,3,26,1710,1,2,1,1.0,4.0,65286,M,4311230.0,-3587.0,65
201700033473,17,3,28,1140,1,2,1,1.0,6.0,65286,M,4309460.0,-4612.0,65
201700033474,17,3,28,1525,1,2,3,1.0,2.0,65286,M,4310440.0,-4212.0,65
201700033475,17,4,7,1100,1,2,1,1.0,6.0,65286,M,4309210.0,-4551.0,65
201700033476,17,4,18,1650,1,2,1,1.0,1.0,65286,M,4308772.0,-4607.0,65
201700033477,17,5,7,1830,1,2,4,1.0,6.0,65286,M,4310084.0,-4475.0,65
201700033478,17,5,8,1855,1,2,3,1.0,6.0,65286,M,4309119.0,-4617.0,65
201700033479,17,5,2,1345,1,1,1,2.0,2.0,65286,M,4312568.0,-2708.0,65
201700033480,17,5,17,1455,1,2,1,1.0,6.0,65286,M,4309803.0,-5160.0,65
201700033481,17,5,27,1305,1,1,1,1.0,3.0,65286,M,4312357.0,-2719.0,65
201700033482,17,6,18,1755,1,2,3,1.0,2.0,65286,M,4310270.0,-4332.0,65
201700033483,17,6,24,805,1,2,1,2.0,6.0,65286,M,4309791.0,-5177.0,65
201700033484,17,6,30,1635,1,2,1,3.0,6.0,65286,M,4309430.0,-4590.0,65
201700033485,17,7,10,1140,1,2,2,2.0,3.0,65286,M,4309810.0,-4665.0,65
201700033486,17,7,11,1140,1,2,7,1.0,6.0,65286,M,4309308.0,-4724.0,65
201700033487,17,7,17,1955,1,2,1,1.0,1.0,65286,M,4309259.0,-1541.0,65
201700033488,17,7,20,850,1,2,1,1.0,6.0,65286,M,4309440.0,-5359.0,65
201700033489,17,7,28,855,1,2,3,1.0,6.0,65286,M,4309528.0,-5533.0,65
201700033490,17,8,21,1640,1,2,1,1.0,4.0,65286,M,4311242.0,-3590.0,65
201700033491,17,8,20,1830,1,2,1,1.0,4.0,65286,M,4311083.0,-3680.0,65
201700033492,17,8,22,1200,1,1,3,1.0,3.0,65286,M,4311614.0,-3283.0,65
201700033493,17,9,26,1525,1,2,6,1.0,6.0,65286,M,4309976.0,-4510.0,65