Num_Acc,an,mois,jour,hrmn,lum,agg,int,atm,col,com,gps,lat,long,dep
201700033494,17,10,4,1400,1,2,1,1.0,3.0,65286,M,4309719.0,-2992.0,65
201700033495,17,10,8,1440,1,2,1,1.0,6.0,65286,M,4309463.0,-4629.0,65
201700033496,17,10,8,1715,1,2,2,1.0,1.0,65286,M,4310243.0,-4602.0,65
201700033497,17,10,30,1000,1,2,2,1.0,3.0,65286,M,4309460.0,-5463.0,65
201700033498,17,12,20,810,2,2,1,1.0,6.0,65286,M,4310186.0,-4393.0,65
201700033499,17,1,1,1155,1,2,2,1.0,1.0,65440,M,4323220.0,8719.0,65
201700033500,17,1,11,1545,1,1,2,1.0,3.0,65226,M,4324100.0,1865.0,65
201700033501,17,1,29,1820,1,2,3,1.0,6.0,65440,M,4324160.0,6749.0,65
201700033502,17,2,9,1805,1,2,3,1.0,3.0,65331,M,4321030.0,4739.0,65
201700033503,17,2,11,1130,1,2,1,1.0,6.0,65433,M,4320440.0,9596.0,65
201700033504,17,2,14,1700,1,2,7,1.0,6.0,65100,M,4326900.0,6318.0,65
201700033505,17,2,15,910,1,2,1,1.0,6.0,65440,M,4323310.0,6066.0,65
201700033506,17,2,18,935,1,2,3,1.0,6.0,65417,M,4321980.0,10335.0,65
201700033507,17,3,3,1100,1,2,1,1.0,6.0,65417,M,4322360.0,9307.0,65
201700033508,17,3,29,2000,1,2,3,1.0,3.0,65251,M,4320990.0,7320.0,65
201700033509,17,4,1,1100,1,2,2,3.0,3.0,65440,M,4322340.0,8624.0,65
201700033510,17,4,4,1900,1,2,1,1.0,3.0,65440,M,4323625.0,8374.0,65
201700033511,17,4,10,1235,1,1,1,1.0,1.0,65440,M,4325107.0,7025.0,65
201700033512,17,4,10,1415,1,2,1,1.0,6.0,65440,M,4324115.0,7825.0,65
201700033513,17,4,11,1750,1,2,1,1.0,6.0,65440,M,4323652.0,7806.0,65
201700033514,17,4,12,835,1,2,1,1.0,6.0,65440,M,4323366.0,7464.0,65
201700033515,17,4,15,2052,5,2,1,1.0,2.0,65440,M,4322670.0,6804.0,65
201700033516,17,4,24,800,1,2,1,1.0,3.0,65100,M,4325466.0,4868.0,65
201700033517,17,4,26,1015,1,2,1,1.0,5.0,65440,M,4324109.0,8111.0,65
201700033518,17,5,2,1430,1,1,1,2.0,1.0,65226,M,4322470.0,2659.0,65
201700033519,17,5,6,1730,1,2,1,1.0,6.0,65251,M,4320479.0,6576.0,65
201700033520,17,5,12,1600,1,2,2,1.0,3.0,65440,M,4323420.0,5793.0,65
201700033521,17,6,17,1905,1,2,2,1.0,3.0,65440,M,4322451.0,6526.0,65
201700033522,17,6,17,2035,1,2,1,1.0,6.0,65440,M,4322850.0,7450.0,65
201700033523,17,6,21,855,1,2,1,1.0,3.0,65331,M,4320112.0,6145.0,65
201700033524,17,6,22,1425,1,2,2,1.0,6.0,65440,M,4324405.0,6511.0,65
201700033525,17,7,3,1100,1,2,1,1.0,6.0,65440,M,4323060.0,7299.0,65
201700033526,17,7,3,1910,1,2,1,1.0,3.0,65251,M,4321037.0,7661.0,65
201700033527,17,7,5,800,1,2,2,1.0,3.0,65440,M,4324912.0,6548.0,65
201700033528,17,7,14,1550,1,1,1,1.0,3.0,65226,M,4324100.0,1840.0,65
201700033529,17,7,21,2045,1,2,2,2.0,3.0,65100,M,4325678.0,5194.0,65
201700033530,17,8,3,1705,1,2,2,1.0,3.0,65440,M,4323474.0,8196.0,65
201700033531,17,8,6,600,3,1,1,2.0,6.0,65226,M,4324342.0,-1789.0,65
201700033532,17,8,21,1243,1,2,2,1.0,5.0,65440,M,4323470.0,8190.0,65
201700033533,17,8,28,1200,1,1,1,1.0,1.0,65100,M,4324850.0,4030.0,65
201700033534,17,9,4,1015,1,2,1,1.0,6.0,65440,M,4322590.0,9033.0,65
201700033535,17,9,8,1945,1,2,1,1.0,6.0,65440,M,4323220.0,5130.0,65
201700033536,17,9,24,550,3,1,1,1.0,7.0,65226,M,4325330.0,2350.0,65
201700033537,17,9,28,945,1,2,1,1.0,6.0,65440,M,4322890.0,8060.0,65
201700033538,17,10,4,740,1,2,6,1.0,6.0,65440,M,4321960.0,8722.0,65
201700033539,17,10,24,805,2,2,1,1.0,3.0,65251,M,4320680.0,7300.0,65
201700033540,17,11,1,35,5,2,1,1.0,2.0,65440,M,4324108.0,7814.0,65
201700033541,17,11,11,1915,3,2,3,2.0,3.0,65331,M,4321040.0,4760.0,65
201700033542,17,11,15,1530,1,1,3,1.0,3.0,65226,M,4322110.0,3530.0,65
201700033543,17,11,21,1110,1,2,6,1.0,6.0,65440,M,4322839.0,8894.0,65
201700033544,17,11,24,1020,1,2,1,1.0,6.0,65440,M,4323243.0,7761.0,65
201700033545,17,11,30,1735,2,2,1,1.0,6.0,65440,M,4322750.0,7520.0,65
201700033546,17,12,5,1030,1,2,1,7.0,6.0,65440,M,4324530.0,6710.0,65
201700033547,17,12,8,745,2,2,6,2.0,3.0,65440,M,4323930.0,6050.0,65
201700033548,17,12,8,850,2,2,3,2.0,3.0,65440,M,4324858.0,6116.0,65
201700033549,17,12,15,1555,1,2,3,2.0,6.0,65047,M,4323753.0,9339.0,65
201700033550,17,12,18,1400,1,1,1,2.0,4.0,65440,M,4322471.0,4529.0,65
201700033551,17,12,25,1020,1,2,2,1.0,3.0,65440,M,4324960.0,7282.0,65
201700033552,17,1,13,1933,3,1,1,1.0,3.0,09079,M,4314025.0,134971.0,09
201700033553,17,4,1,139,3,1,1,3.0,7.0,09105,M,4314632.0,130311.0,09
201700033554,17,4,8,1820,1,1,1,1.0,7.0,09181,M,4307970.0,138004.0,09
201700033555,17,4,28,1405,1,1,1,1.0,6.0,09253,M,4399630.0,130927.0,09
201700033556,17,5,16,1700,1,1,1,1.0,1.0,09105,M,4313362.0,132115.0,09
201700033557,17,6,2,2000,2,1,1,1.0,7.0,09079,M,4316822.0,138958.0,09
201700033558,17,6,22,1910,1,1,1,1.0,3.0,09075,M,4313139.0,132839.0,09
201700033559,17,7,17,2215,3,2,1,1.0,7.0,09038,M,4316156.0,126987.0,09
201700033560,17,7,19,1515,1,1,1,1.0,2.0,09224,M,4311589.0,146813.0,09
201700033561,17,10,1,1515,1,2,9,8.0,2.0,09253,M,4309895.0,138788.0,09
201700033562,17,10,9,2030,3,1,1,1.0,7.0,09075,M,4313196.0,132620.0,09
201700033563,17,12,19,1805,5,1,1,1.0,3.0,09224,M,4308630.0,142022.0,09
201700033564,17,4,25,1800,1,1,1,3.0,1.0,73330,M,4569667.0,579355.0,73
201700033565,17,6,17,1435,1,2,1,1.0,3.0,73085,M,4581329.0,584960.0,73
201700033566,17,8,9,1745,1,1,1,1.0,6.0,73085,M,4580575.0,585764.0,73
201700033567,17,10,9,1725,1,1,2,1.0,3.0,73330,M,4569265.0,576079.0,73
201700033568,17,1,5,1404,1,2,1,1.0,6.0,66136,M,4269680.0,288815.0,66
201700033569,17,1,9,1153,1,2,1,1.0,6.0,66136,M,4269569.0,290406.0,66
201700033570,17,1,12,1702,1,2,3,1.0,3.0,66136,M,4269047.0,288500.0,66
201700033571,17,1,12,1850,1,2,1,1.0,3.0,66136,M,4268761.0,289988.0,66
201700033572,17,1,9,1000,1,2,1,1.0,6.0,66136,M,4269369.0,288523.0,66
201700033573,17,1,17,915,1,2,1,1.0,3.0,66136,M,4270931.0,290790.0,66
201700033574,17,1,17,1250,1,2,3,1.0,3.0,66136,M,4270551.0,288916.0,66
201700033575,17,1,17,1915,5,1,1,1.0,2.0,66136,M,4270750.0,290920.0,66
201700033576,17,1,22,1905,2,2,1,1.0,2.0,66136,M,4269443.0,291255.0,66
201700033577,17,1,25,1105,1,2,1,1.0,6.0,66136,M,4267903.0,289192.0,66
201700033578,17,1,25,1917,3,1,1,1.0,2.0,66136,M,4272300.0,290402.0,66
201700033579,17,1,27,2200,3,2,3,2.0,3.0,66136,M,4268465.0,288144.0,66
201700033580,17,2,2,745,1,2,1,1.0,6.0,66136,M,4268885.0,290374.0,66
201700033581,17,2,7,1800,2,2,2,1.0,3.0,66136,M,4269363.0,292278.0,66
201700033582,17,2,13,1545,1,2,1,3.0,6.0,66136,M,4269645.0,292312.0,66
201700033583,17,2,17,938,1,2,1,1.0,6.0,66136,M,4270665.0,289215.0,66
201700033584,17,3,2,921,1,2,3,1.0,3.0,66136,M,4271847.0,289005.0,66
201700033585,17,3,3,1625,1,2,3,1.0,3.0,66136,M,4271508.0,289280.0,66
201700033586,17,3,4,1020,1,1,1,1.0,6.0,66136,M,4269695.0,290250.0,66
201700033587,17,3,8,1135,1,2,1,1.0,3.0,66136,M,4269000.0,290403.0,66
201700033588,17,3,10,1144,1,2,1,1.0,6.0,66136,M,4270530.0,290176.0,66
201700033589,17,3,8,2033,1,1,1,1.0,3.0,66136,M,4268875.0,289498.0,66
201700033590,17,3,10,1250,1,2,1,1.0,3.0,66136,M,4269443.0,291255.0,66
201700033591,17,3,11,610,1,2,1,1.0,6.0,66136,M,,,66
201700033592,17,3,15,1500,1,2,2,1.0,3.0,66136,M,4272140.0,288080.0,66
201700033593,17,3,21,734,1,1,2,1.0,3.0,66136,M,4271088.0,287489.0,66
201700033594,17,3,22,1641,1,2,2,1.0,3.0,66136,M,4269396.0,292151.0,66
201700033595,17,3,23,1143,1,2,1,1.0,6.0,66136,M,4270619.0,289201.0,66
201700033596,17,3,24,1347,1,2,1,1.0,3.0,66136,M,4268477.0,290760.0,66
201700033597,17,3,25,2040,1,1,1,1.0,6.0,66136,M,4269425.0,287231.0,66
201700033598,17,3,30,1515,1,2,1,1.0,6.0,66136,M,4269438.0,288786.0,66
201700033599,17,4,2,1530,1,2,1,1.0,2.0,66136,M,4269018.0,289405.0,66
201700033600,17,4,2,1630,1,2,1,1.0,2.0,66136,M,4272500.0,289060.0,66
201700033601,17,4,7,1730,1,1,1,1.0,4.0,66136,M,4270833.0,291176.0,66
201700033602,17,4,9,1455,1,1,2,1.0,3.0,66136,M,4268006.0,290973.0,66
201700033603,17,4,10,1730,1,1,1,1.0,3.0,66136,M,,,66
201700033604,17,4,15,1712,1,2,1,1.0,3.0,66136,M,,,66
201700033605,17,4,15,1959,2,2,1,1.0,3.0,66136,M,4268227.0,291001.0,66
201700033606,17,4,17,1111,1,1,1,1.0,3.0,66136,M,4269980.0,288664.0,66
201700033607,17,4,19,1935,1,1,1,1.0,6.0,66136,M,4269877.0,288901.0,66
201700033608,17,4,24,1345,1,1,1,1.0,6.0,66136,M,4270495.0,290010.0,66
201700033609,17,4,27,835,1,2,1,1.0,6.0,66136,M,4269150.0,288276.0,66
201700033610,17,5,1,1820,1,1,1,1.0,2.0,66136,M,4267409.0,287875.0,66
201700033611,17,5,3,1735,1,2,1,1.0,6.0,66136,M,4270046.0,289036.0,66
201700033612,17,5,3,1920,1,2,1,1.0,2.0,66136,M,4268162.0,291031.0,66
201700033613,17,5,8,2200,5,2,1,1.0,3.0,66136,M,4271941.0,288992.0,66
201700033614,17,5,10,800,1,2,1,1.0,3.0,66136,M,4271608.0,287321.0,66
201700033615,17,5,10,930,1,2,2,1.0,3.0,66136,M,4271752.0,288934.0,66
201700033616,17,5,10,1503,1,1,1,1.0,2.0,66136,M,4272543.0,288118.0,66
201700033617,17,5,17,1913,1,2,1,1.0,1.0,66136,M,4270763.0,288785.0,66
201700033618,17,5,19,1524,1,1,1,1.0,6.0,66136,M,4269368.0,288529.0,66
201700033619,17,5,19,1740,1,1,6,1.0,2.0,66136,M,4269110.0,285200.0,66
201700033620,17,6,3,1639,1,2,1,1.0,4.0,66136,M,4270062.0,290240.0,66
201700033621,17,6,3,1430,1,1,1,1.0,2.0,66136,M,4269120.0,285200.0,66
201700033622,17,6,6,1330,1,1,1,1.0,3.0,66136,M,4269049.0,288546.0,66
201700033623,17,6,12,1542,1,2,1,1.0,6.0,66136,M,4273547.0,289040.0,66
201700033624,17,6,12,1707,1,1,2,1.0,3.0,66136,M,4269258.0,289192.0,66
201700033625,17,6,13,840,1,1,5,1.0,1.0,66136,M,4269406.0,288800.0,66
201700033626,17,6,16,1613,1,2,1,1.0,6.0,66136,M,4269490.0,288906.0,66
201700033627,17,6,22,1345,1,2,1,1.0,6.0,66136,M,4269133.0,289695.0,66
201700033628,17,6,23,1540,1,2,2,1.0,3.0,66136,M,4271537.0,289377.0,66
201700033629,17,6,23,1650,1,2,1,1.0,6.0,66136,M,4273600.0,289030.0,66
201700033630,17,6,28,1750,1,2,1,1.0,4.0,66136,M,4269680.0,290570.0,66
201700033631,17,7,1,1900,1,2,1,1.0,2.0,66136,M,4273737.0,289092.0,66
201700033632,17,7,3,1140,1,2,2,1.0,6.0,66136,M,4268828.0,289293.0,66
201700033633,17,7,4,1130,1,2,2,1.0,3.0,66136,M,4269774.0,288552.0,66
201700033634,17,7,4,1730,1,2,1,1.0,2.0,66136,M,4270960.0,290860.0,66
201700033635,17,7,10,2200,5,2,1,1.0,1.0,66136,M,4267279.0,289241.0,66
201700033636,17,7,10,2115,2,2,1,1.0,7.0,66136,M,4274801.0,289130.0,66
201700033637,17,7,16,2120,1,2,1,1.0,7.0,66136,M,4267818.0,291258.0,66
201700033638,17,7,15,2100,5,2,1,1.0,3.0,66136,M,4268720.0,290183.0,66
201700033639,17,7,20,1520,1,2,2,1.0,3.0,66136,M,4269293.0,288341.0,66
201700033640,17,7,20,2345,1,2,1,1.0,1.0,66136,M,4269293.0,288341.0,66
201700033641,17,7,21,1640,1,1,1,1.0,2.0,66136,M,4266400.0,291820.0,66
201700033642,17,7,28,920,1,2,1,1.0,6.0,66136,M,4271189.0,288718.0,66
201700033643,17,7,29,2000,1,2,1,1.0,6.0,66136,M,4269624.0,289102.0,66
201700033644,17,7,28,1915,1,2,1,1.0,6.0,66136,M,4269339.0,288446.0,66
201700033645,17,8,1,745,1,1,1,1.0,2.0,66136,M,4268750.0,289406.0,66
201700033646,17,8,3,1450,1,1,1,1.0,3.0,66136,M,4271311.0,292901.0,66
201700033647,17,8,6,35,3,2,2,1.0,3.0,66136,M,4269140.0,288534.0,66
201700033648,17,8,5,1500,1,2,2,1.0,6.0,66136,M,4266981.0,290503.0,66
201700033649,17,8,9,1440,1,2,1,1.0,3.0,66136,M,4267927.0,289963.0,66
201700033650,17,8,10,1010,1,1,1,1.0,3.0,66136,M,4266723.0,288260.0,66
201700033651,17,8,16,1842,1,2,6,1.0,3.0,66136,M,4268111.0,289388.0,66
201700033652,17,8,19,1020,1,2,1,1.0,2.0,66136,M,4273240.0,289270.0,66
201700033653,17,8,23,1447,1,2,1,1.0,3.0,66136,M,4268670.0,290430.0,66
201700033654,17,8,24,1925,1,1,1,1.0,2.0,66136,M,4269550.0,290470.0,66
201700033655,17,8,26,1840,1,1,1,1.0,2.0,66136,M,4269080.0,289510.0,66
201700033656,17,8,26,2100,5,2,2,1.0,3.0,66136,M,4268950.0,288460.0,66
201700033657,17,9,1,1443,1,2,1,1.0,4.0,66136,M,4273338.0,289022.0,66
201700033658,17,9,1,1847,1,2,2,1.0,3.0,66136,M,4269480.0,292055.0,66
201700033659,17,9,5,1500,1,2,1,1.0,2.0,66136,M,4268530.0,290200.0,66
201700033660,17,9,6,800,1,2,6,6.0,3.0,66136,M,4267411.0,288754.0,66
201700033661,17,9,7,1825,1,2,1,1.0,3.0,66136,M,4269650.0,290860.0,66
201700033662,17,9,8,1342,1,2,1,1.0,2.0,66136,M,4268870.0,290720.0,66
201700033663,17,9,16,1132,1,2,1,1.0,6.0,66136,M,4269550.0,290230.0,66
201700033664,17,9,22,838,1,2,1,1.0,6.0,66136,M,4268711.0,290615.0,66
201700033665,17,9,21,1545,1,1,1,1.0,5.0,66136,M,4269820.0,286760.0,66
201700033666,17,9,21,2320,5,2,1,1.0,6.0,66136,M,4270175.0,289497.0,66
201700033667,17,9,23,1700,1,2,1,1.0,6.0,66136,M,4270009.0,292562.0,66
201700033668,17,9,27,520,3,1,1,1.0,6.0,66136,M,4272670.0,287836.0,66
201700033669,17,9,27,1000,1,2,1,1.0,3.0,66136,M,4269750.0,290130.0,66
201700033670,17,9,27,1030,1,2,1,1.0,6.0,66136,M,4270182.0,289914.0,66
201700033671,17,9,27,1030,1,2,1,1.0,6.0,66136,M,4268457.0,290130.0,66
201700033672,17,9,29,434,5,2,1,1.0,7.0,66136,M,4269898.0,290631.0,66
201700033673,17,10,2,830,1,1,1,1.0,5.0,66136,M,,,66
201700033674,17,10,7,1810,1,1,1,1.0,3.0,66136,M,,,66
201700033675,17,10,9,1412,1,2,2,1.0,3.0,66136,M,4269600.0,290370.0,66
201700033676,17,10,10,1545,1,1,1,1.0,6.0,66136,M,4268618.0,290689.0,66
201700033677,17,10,12,2015,5,2,2,1.0,2.0,66136,M,4270298.0,290354.0,66
201700033678,17,10,14,2230,3,1,1,1.0,5.0,66136,M,4269920.0,291510.0,66
201700033679,17,10,16,1723,1,2,2,1.0,3.0,66136,M,4269000.0,287980.0,66
201700033680,17,10,19,928,1,2,1,3.0,6.0,66136,M,4270190.0,289600.0,66
201700033681,17,10,22,1850,1,2,1,1.0,2.0,66136,M,4270065.0,290240.0,66
201700033682,17,10,23,2028,2,1,1,1.0,2.0,66136,M,4267795.0,285124.0,66
201700033683,17,10,28,1128,1,2,1,1.0,2.0,66136,M,4267454.0,290603.0,66
201700033684,17,10,28,1140,1,2,1,1.0,6.0,66136,M,4268663.0,290679.0,66
201700033685,17,10,27,1640,1,2,1,1.0,6.0,66136,M,4267700.0,290874.0,66
201700033686,17,10,25,1108,1,2,1,1.0,6.0,66136,M,4269545.0,290240.0,66
201700033687,17,10,30,1800,1,1,1,1.0,3.0,66136,M,4267010.0,288130.0,66
201700033688,17,10,30,1905,1,2,1,1.0,1.0,66136,M,4267738.0,290517.0,66
201700033689,17,11,1,1320,1,1,1,1.0,2.0,66136,M,4271289.0,292825.0,66
201700033690,17,11,1,1450,1,2,1,1.0,6.0,66136,M,4268088.0,288165.0,66
201700033691,17,11,4,1935,5,2,2,1.0,3.0,66136,M,4268780.0,289840.0,66
201700033692,17,11,5,920,1,2,1,1.0,6.0,66136,M,4273860.0,288900.0,66
201700033693,17,11,8,1735,1,2,1,1.0,2.0,66136,M,4268880.0,290377.0,66
201700033694,17,11,9,1600,1,2,1,1.0,6.0,66136,M,4269680.0,288812.0,66
201700033695,17,11,9,1820,5,2,1,1.0,6.0,66136,M,4269815.0,289193.0,66
201700033696,17,11,11,1715,1,2,2,1.0,3.0,66136,M,4269451.0,290152.0,66
201700033697,17,11,12,1500,1,1,1,1.0,6.0,66136,M,4266830.0,290115.0,66
201700033698,17,11,13,1306,1,2,1,1.0,6.0,66136,M,4268656.0,290488.0,66
201700033699,17,11,15,1540,1,2,1,1.0,6.0,66136,M,4272045.0,289013.0,66
201700033700,17,11,16,1655,1,2,1,1.0,6.0,66136,M,4268942.0,289286.0,66
201700033701,17,11,21,1840,5,2,1,1.0,2.0,66136,M,4267100.0,285686.0,66
201700033702,17,11,22,1150,1,2,1,1.0,6.0,66136,M,4266300.0,290989.0,66
201700033703,17,11,23,1555,1,2,1,1.0,6.0,66136,M,4271507.0,288835.0,66
201700033704,17,12,2,1735,1,1,1,1.0,2.0,66136,M,4272813.0,287763.0,66
201700033705,17,12,2,1145,1,1,1,1.0,6.0,66136,M,4268006.0,289298.0,66
201700033706,17,12,2,1620,1,1,1,1.0,6.0,66136,M,4269116.0,288173.0,66
201700033707,17,12,1,1700,1,2,1,1.0,6.0,66136,M,4268950.0,288450.0,66
201700033708,17,12,1,1950,1,1,1,1.0,2.0,66136,M,,,66
201700033709,17,12,4,815,1,2,1,1.0,6.0,66136,M,4269428.0,284926.0,66
201700033710,17,12,5,1600,1,2,1,1.0,6.0,66136,M,4269808.0,289538.0,66
201700033711,17,12,5,1809,2,2,1,1.0,3.0,66136,M,4273370.0,288956.0,66
201700033712,17,12,6,808,2,2,1,1.0,6.0,66136,M,4268994.0,287281.0,66
201700033713,17,12,6,1535,1,2,1,1.0,6.0,66136,M,4266910.0,289872.0,66
201700033714,17,12,6,1430,1,2,1,1.0,6.0,66136,M,4267410.0,288750.0,66
201700033715,17,12,10,1100,1,2,1,1.0,6.0,66136,M,4273441.0,289990.0,66
201700033716,17,12,7,2010,5,2,3,1.0,3.0,66136,M,4269408.0,288146.0,66
201700033717,17,12,11,1700,2,2,1,1.0,6.0,66136,M,4271656.0,287609.0,66
201700033718,17,12,11,1800,5,2,2,1.0,6.0,66136,M,4269520.0,290418.0,66
201700033719,17,12,19,940,1,2,1,1.0,6.0,66136,M,4268174.0,290890.0,66
201700033720,17,12,18,1715,1,2,1,1.0,1.0,66136,M,4269430.0,285426.0,66
201700033721,17,12,22,2217,5,2,3,1.0,1.0,66136,M,4271403.0,289469.0,66
201700033722,17,2,12,1530,1,1,1,1.0,6.0,52114,M,4803564.0,494782.0,52
201700033723,17,2,18,545,3,1,9,5.0,7.0,52114,M,4804096.0,490796.0,52
201700033724,17,8,6,1745,1,1,1,1.0,7.0,52538,M,4799725.0,517903.0,52
201700033725,17,1,8,1140,1,2,1,1.0,7.0,06054,M,4376417.0,733986.0,06
201700033726,17,4,3,1645,1,1,1,1.0,1.0,06149,M,4373568.0,731812.0,06
201700033727,17,6,7,1904,1,2,1,1.0,2.0,06149,M,4373443.0,730176.0,06
201700033728,17,6,18,1550,1,1,1,1.0,1.0,06149,M,4374789.0,735208.0,06
201700033729,17,6,24,1720,1,2,9,1.0,6.0,06149,M,4373986.0,731052.0,06
201700033730,17,7,29,920,1,2,1,1.0,1.0,06149,M,4373932.0,731020.0,06
201700033731,17,8,23,930,1,1,1,1.0,6.0,06149,M,4374758.0,733224.0,06
201700033732,17,10,18,1700,1,1,3,1.0,3.0,06114,M,4375125.0,728202.0,06
201700033733,17,11,9,715,2,2,9,1.0,3.0,06149,M,4373424.0,730263.0,06
201700033734,17,11,25,1410,1,1,1,1.0,6.0,06054,M,4375514.0,733260.0,06
201700033735,17,2,25,1600,1,1,1,1.0,3.0,67061,M,4883944.0,745868.0,67
201700033736,17,2,27,2245,5,2,1,2.0,3.0,67222,M,4886893.0,747978.0,67
201700033737,17,5,13,1655,1,1,1,1.0,6.0,67475,M,4887608.0,740900.0,67
201700033738,17,6,15,1040,1,2,1,1.0,2.0,67322,M,4882198.0,741367.0,67
201700033739,17,8,25,1230,1,2,1,1.0,6.0,67496,M,4885005.0,763469.0,67
201700033740,17,10,14,1155,1,1,1,1.0,1.0,67222,M,4888603.0,746302.0,67
201700033741,17,10,20,2130,5,2,1,1.0,3.0,67372,M,4884517.0,761603.0,67
201700033742,17,11,25,1940,3,1,1,2.0,7.0,67103,M,4880278.0,740269.0,67
201700033743,17,2,10,642,3,1,1,1.0,5.0,85209,M,4651281.0,-102251.0,85
201700033744,17,6,16,1730,1,1,3,7.0,3.0,85042,M,4634550.0,-100374.0,85
201700033745,17,6,23,1545,1,1,2,1.0,3.0,85158,M,4646507.0,-95052.0,85
201700033746,17,7,13,1320,1,1,1,1.0,1.0,85174,M,4647988.0,-91220.0,85
201700033747,17,7,13,1335,1,2,1,1.0,1.0,85092,M,4645924.0,-78288.0,85
201700033748,17,8,7,1545,1,1,1,1.0,4.0,85233,M,4651070.0,-109292.0,85
201700033749,17,8,29,1409,1,1,1,1.0,2.0,85289,M,4664867.0,-71664.0,85
201700033750,17,8,30,1715,1,2,1,1.0,2.0,85110,M,4651805.0,-89771.0,85
201700033751,17,10,3,1200,1,2,1,1.0,1.0,85128,M,4646814.0,-117221.0,85
201700033752,17,10,31,1450,1,1,1,1.0,6.0,85174,M,4646528.0,-94063.0,85
201700033753,17,1,27,510,3,1,1,9.0,6.0,80815,M,5031456.0,172204.0,80
201700033754,17,2,24,1524,1,1,1,7.0,6.0,80385,M,5015136.0,179544.0,80
201700033755,17,4,13,725,1,1,1,1.0,2.0,80486,M,5005901.0,199688.0,80
201700033756,17,4,13,1722,1,1,1,1.0,6.0,80332,M,5024428.0,173716.0,80
201700033757,17,4,14,905,1,1,1,1.0,7.0,80767,M,4997653.0,167427.0,80
201700033758,17,5,29,1945,1,1,1,1.0,6.0,80446,M,5003082.0,174363.0,80
201700033759,17,6,25,1225,1,1,1,1.0,6.0,80598,M,5022136.0,175224.0,80
201700033760,17,7,4,850,1,1,1,8.0,6.0,80518,M,5001304.0,170772.0,80
201700033761,17,7,17,1720,1,1,1,1.0,7.0,80117,M,5004406.0,202880.0,80
201700033762,17,7,29,1110,1,1,1,1.0,6.0,80692,M,5017725.0,175252.0,80
201700033763,17,8,2,1022,1,1,1,1.0,1.0,80477,M,5029086.0,187253.0,80
201700033764,17,8,10,630,2,1,1,3.0,6.0,80809,M,4999758.0,168901.0,80
201700033765,17,8,15,1400,1,1,1,1.0,2.0,80385,M,5012673.0,179814.0,80
201700033766,17,8,29,2145,3,1,1,1.0,6.0,80126,M,4993948.0,163917.0,80
201700033767,17,9,27,1645,1,1,1,1.0,6.0,80001,M,5013123.0,182327.0,80
201700033768,17,9,27,1830,1,1,1,1.0,6.0,80388,M,5002407.0,171430.0,80
201700033769,17,10,20,1530,1,1,1,1.0,7.0,80692,M,5018158.0,175858.0,80
201700033770,17,2,6,1300,1,1,1,1.0,7.0,76517,M,4951957.0,119759.0,76
201700033771,17,3,13,1945,3,1,1,1.0,7.0,76503,M,4953075.0,101408.0,76
201700033772,17,7,19,2150,2,1,1,1.0,6.0,76738,M,4956832.0,127399.0,76
201700033773,17,8,15,1820,1,1,1,1.0,6.0,76594,M,4949366.0,99821.0,76
201700033774,17,11,12,1235,1,1,1,9.0,6.0,76621,M,4962885.0,126367.0,76
201700033775,17,12,13,1255,1,1,1,2.0,5.0,76503,M,4952812.0,101025.0,76
201700033776,17,1,18,1345,1,1,1,1.0,1.0,17030,M,4574287.0,-84420.0,17
201700033777,17,2,6,740,3,1,3,8.0,1.0,17045,M,4586444.0,-87479.0,17
201700033778,17,2,8,1610,1,1,2,1.0,3.0,17431,M,4580271.0,-80594.0,17
201700033779,17,9,16,1345,1,1,2,2.0,6.0,17389,M,4584210.0,-85833.0,17
201700033780,17,10,12,1910,1,2,1,1.0,1.0,17278,M,4570051.0,-77949.0,17
201700033781,17,11,15,1650,1,1,1,1.0,1.0,17262,M,4574660.0,-70572.0,17
201700033782,17,12,1,2115,3,1,2,9.0,3.0,17389,M,4584211.0,-85835.0,17
201700033783,17,12,19,1745,3,1,2,1.0,3.0,17330,M,4578687.0,-87029.0,17
201700033784,17,2,8,2005,3,1,1,2.0,1.0,01089,M,4596042.0,531562.0,01
201700033785,17,2,16,700,2,1,1,1.0,5.0,01345,M,4595027.0,532141.0,01
201700033786,17,6,28,1753,1,1,1,1.0,1.0,01007,M,4600960.0,534122.0,01
201700033787,17,7,1,1200,1,2,1,1.0,6.0,01004,M,4596487.0,533853.0,01
201700033788,17,7,10,630,1,1,1,1.0,1.0,01004,M,4596850.0,533884.0,01
201700033789,17,8,3,2025,2,1,1,1.0,7.0,01384,M,4596709.0,544480.0,01
201700033790,17,8,26,1925,1,1,1,1.0,4.0,01089,M,4595696.0,532679.0,01
201700033791,17,10,13,20,3,1,6,1.0,6.0,01007,M,4601787.0,532142.0,01
201700033792,17,11,19,1650,2,2,1,8.0,1.0,01384,M,4594430.0,543510.0,01
201700033793,17,1,22,515,3,1,1,3.0,6.0,66136,M,,,66
201700033794,17,4,1,440,3,1,9,8.0,6.0,66136,M,4270897.0,286821.0,66
201700033795,17,5,17,635,1,1,1,1.0,7.0,66136,M,4270897.0,286821.0,66
201700033796,17,5,29,1555,1,1,9,1.0,6.0,66226,M,,,66
201700033797,17,6,10,545,2,1,9,1.0,2.0,66136,M,,,66
201700033798,17,6,23,830,1,1,1,1.0,5.0,66214,M,4255704.0,284749.0,66