Num_Acc,an,mois,jour,hrmn,lum,agg,int,atm,col,com,gps,lat,long,dep
201700033799,17,9,2,1630,1,1,1,1.0,3.0,66136,M,4270897.0,286821.0,66
201700033800,17,8,30,1,3,1,1,1.0,2.0,66164,M,,,66
201700033801,17,9,8,1545,1,1,1,1.0,2.0,66164,M,,,66
201700033802,17,9,19,1610,1,1,1,6.0,5.0,66214,M,,,66
201700033803,17,9,27,1745,1,1,1,1.0,2.0,66024,M,,,66
201700033804,17,10,28,1315,1,1,1,1.0,2.0,66024,M,4253228.0,282683.0,66
201700033805,17,12,21,430,3,1,1,1.0,3.0,66137,M,,,66
201700033806,17,5,27,1845,1,2,1,8.0,6.0,52088,M,4839617.0,473977.0,52
201700033807,17,5,23,2330,3,2,4,1.0,6.0,52182,M,4858660.0,487812.0,52
201700033808,17,7,9,855,1,1,1,1.0,6.0,52180,M,4850987.0,470409.0,52
201700033809,17,9,2,2130,3,1,1,1.0,7.0,52088,M,4846252.0,475814.0,52
201700033810,17,10,11,1900,1,1,1,1.0,6.0,52386,M,4865374.0,482289.0,52
201700033811,17,11,16,840,1,1,1,1.0,1.0,52182,M,4858082.0,488612.0,52
201700033812,17,11,18,1110,1,2,1,1.0,6.0,52331,M,4847832.0,476875.0,52
201700033813,17,2,15,1045,1,1,1,1.0,2.0,95094,M,4902152.0,241675.0,95
201700033814,17,3,22,1215,1,2,1,1.0,5.0,95229,M,4903410.0,234270.0,95
201700033815,17,6,10,2000,1,2,1,1.0,3.0,95205,M,4902070.0,238070.0,95
201700033816,17,7,30,900,1,2,1,1.0,1.0,95205,M,4902290.0,237340.0,95
201700033817,17,8,30,1845,1,1,1,2.0,1.0,95094,M,4902230.0,241730.0,95
201700033818,17,10,11,900,1,1,1,1.0,2.0,95205,M,4902780.0,238810.0,95
201700033819,17,11,8,1332,1,2,1,1.0,3.0,95229,M,4903720.0,234580.0,95
201700033820,17,11,23,55,5,1,1,1.0,6.0,95395,M,4906110.0,240140.0,95
201700033821,17,11,22,1030,1,1,1,1.0,2.0,95205,M,4902720.0,238770.0,95
201700033822,17,12,18,2210,5,2,1,1.0,6.0,95229,M,4903210.0,235220.0,95
201700033823,17,2,17,1826,5,2,2,1.0,6.0,25381,M,4728608.0,597158.0,25
201700033824,17,2,20,1139,1,1,1,1.0,7.0,25086,M,4731693.0,608500.0,25
201700033825,17,5,10,105,3,1,1,1.0,6.0,25137,M,4733612.0,615476.0,25
201700033826,17,6,10,1520,1,1,1,1.0,3.0,25154,M,4713104.0,592074.0,25
201700033827,17,6,27,1610,1,1,1,1.0,1.0,25330,M,4708503.0,588355.0,25
201700033828,17,8,6,1145,1,1,1,1.0,6.0,25354,M,4737364.0,634670.0,25
201700033829,17,8,30,1820,1,1,1,3.0,1.0,25154,M,4711154.0,590636.0,25
201700033830,17,12,11,1157,1,1,1,3.0,1.0,25058,M,4721112.0,599797.0,25
201700033831,17,12,29,1200,1,1,1,1.0,1.0,25454,M,4726269.0,597495.0,25
201700033832,17,1,12,1355,1,1,1,1.0,5.0,67180,M,,,67
201700033833,17,2,6,1825,5,2,1,1.0,2.0,67180,M,,,67
201700033834,17,2,6,2200,5,2,3,8.0,3.0,67180,M,,,67
201700033835,17,2,6,1540,1,2,1,1.0,1.0,67180,M,,,67
201700033836,17,2,9,1715,2,1,1,1.0,6.0,67180,M,,,67
201700033837,17,2,14,905,1,1,1,1.0,3.0,67180,M,,,67
201700033838,17,2,25,1945,5,2,3,1.0,6.0,67180,M,,,67
201700033839,17,3,1,910,1,1,4,1.0,1.0,67180,M,,,67
201700033840,17,2,27,1815,2,2,1,1.0,6.0,67180,M,,,67
201700033841,17,2,27,1700,1,1,1,1.0,6.0,67180,M,,,67
201700033842,17,3,2,806,1,2,1,1.0,7.0,67180,M,,,67
201700033843,17,3,2,1230,1,2,6,1.0,6.0,67180,M,,,67
201700033844,17,3,9,1855,5,2,1,1.0,1.0,67180,M,,,67
201700033845,17,3,16,2323,3,1,1,1.0,5.0,67180,M,,,67
201700033846,17,3,31,621,4,1,1,1.0,6.0,67180,M,,,67
201700033847,17,3,15,1305,1,1,1,1.0,7.0,67180,M,,,67
201700033848,17,3,21,1335,1,2,3,3.0,3.0,67180,M,,,67
201700033849,17,3,28,1000,1,1,3,1.0,3.0,67180,M,,,67
201700033850,17,4,18,1505,1,1,6,1.0,6.0,67180,M,,,67
201700033851,17,4,20,1826,1,2,1,1.0,6.0,67180,M,,,67
201700033852,17,5,1,1810,1,1,6,1.0,6.0,67180,M,,,67
201700033853,17,5,1,610,1,1,1,1.0,6.0,67180,M,,,67
201700033854,17,5,4,1700,1,2,2,1.0,1.0,67180,M,,,67
201700033855,17,5,3,1527,1,2,1,1.0,3.0,67180,M,,,67
201700033856,17,5,5,1400,1,2,1,1.0,6.0,67180,M,,,67
201700033857,17,5,18,1407,1,1,1,1.0,1.0,67180,M,4887910.0,770594.0,67
201700033858,17,5,30,1030,1,1,3,1.0,1.0,67180,M,4878682.0,775107.0,67
201700033859,17,5,19,1000,1,2,2,2.0,5.0,67180,M,4880542.0,777944.0,67
201700033860,17,6,1,735,1,1,8,1.0,7.0,67180,M,4878952.0,780955.0,67
201700033861,17,5,9,1005,1,2,1,1.0,2.0,67180,M,,,67
201700033862,17,6,2,1535,1,1,1,1.0,1.0,67180,M,4883348.0,785866.0,67
201700033863,17,5,26,1215,1,2,3,1.0,3.0,67180,M,4881063.0,778175.0,67
201700033864,17,6,6,1035,1,1,1,1.0,6.0,67180,M,4882047.0,794636.0,67
201700033865,17,6,11,1500,1,1,1,1.0,6.0,67180,M,4883279.0,784826.0,67
201700033866,17,6,13,2320,3,1,1,1.0,6.0,67180,M,4879842.0,782076.0,67
201700033867,17,5,15,910,1,1,1,1.0,4.0,67180,M,4883440.0,793411.0,67
201700033868,17,6,23,1310,1,2,3,1.0,2.0,67180,M,4882605.0,779252.0,67
201700033869,17,6,16,940,1,2,3,1.0,3.0,67180,M,4882148.0,779967.0,67
201700033870,17,7,4,1042,1,2,9,1.0,3.0,67180,M,4881061.0,778167.0,67
201700033871,17,7,20,930,1,2,1,2.0,6.0,67180,M,4881677.0,778813.0,67
201700033872,17,7,30,345,5,2,1,1.0,6.0,67180,M,4882359.0,780844.0,67
201700033873,17,7,20,1015,1,1,1,2.0,6.0,67180,M,4885908.0,776827.0,67
201700033874,17,8,11,700,1,1,1,1.0,6.0,67180,M,4886327.0,782343.0,67
201700033875,17,7,24,1445,1,2,3,2.0,3.0,67180,M,4881758.0,779583.0,67
201700033876,17,7,28,950,1,1,1,1.0,3.0,67180,M,4884825.0,772587.0,67
201700033877,17,8,7,715,1,1,1,1.0,3.0,67180,M,4883512.0,788745.0,67
201700033878,17,8,23,1640,1,1,1,1.0,2.0,67180,M,4882916.0,775144.0,67
201700033879,17,9,1,1352,1,1,3,1.0,2.0,67180,M,,,67
201700033880,17,9,20,2110,5,2,1,1.0,7.0,67180,M,4881711.0,779252.0,67
201700033881,17,9,23,1845,2,2,3,1.0,3.0,67180,M,4879967.0,781814.0,67
201700033882,17,9,20,1955,5,2,3,1.0,3.0,67180,M,4882598.0,780728.0,67
201700033883,17,10,3,730,1,1,1,2.0,5.0,67180,M,4883569.0,789789.0,67
201700033884,17,10,7,1745,1,1,6,1.0,3.0,67180,M,4882764.0,775944.0,67
201700033885,17,11,3,1745,3,1,1,1.0,3.0,67180,M,4886392.0,769885.0,67
201700033886,17,11,7,750,1,2,1,1.0,3.0,67180,M,4881571.0,779783.0,67
201700033887,17,11,4,1538,1,1,1,1.0,2.0,67180,M,4882777.0,775542.0,67
201700033888,17,11,11,1500,1,2,9,3.0,3.0,67180,M,4881583.0,778325.0,67
201700033889,17,11,30,1240,1,2,1,1.0,3.0,67180,M,4881000.0,778000.0,67
201700033890,17,11,15,1758,5,2,2,1.0,3.0,67180,M,4881827.0,779171.0,67
201700033891,17,11,25,715,2,2,2,2.0,6.0,67180,M,4881839.0,778359.0,67
201700033892,17,12,1,800,2,2,9,1.0,6.0,67180,M,4881491.0,778723.0,67
201700033893,17,12,2,1745,5,2,7,1.0,6.0,67180,M,4879880.0,777978.0,67
201700033894,17,11,22,1240,1,2,1,1.0,2.0,67180,M,4880614.0,777429.0,67
201700033895,17,11,30,1550,2,2,3,2.0,3.0,67180,M,4882862.0,775660.0,67
201700033896,17,12,8,905,1,2,9,1.0,5.0,67180,M,4881432.0,779398.0,67
201700033897,17,12,10,1605,1,1,1,4.0,6.0,67180,M,4886566.0,776536.0,67
201700033898,17,12,27,905,1,2,1,2.0,2.0,67180,M,4880318.0,776953.0,67
201700033899,17,6,3,2130,2,1,1,2.0,6.0,86130,M,4690188.0,69890.0,86
201700033900,17,6,6,1420,1,1,1,1.0,6.0,86224,M,4688829.0,42689.0,86
201700033901,17,6,23,1300,1,1,2,1.0,3.0,86111,M,4689827.0,62075.0,86
201700033902,17,6,30,1500,1,2,6,1.0,3.0,86007,M,4685769.0,53798.0,86
201700033903,17,4,10,1620,1,1,2,1.0,3.0,86174,M,4676685.0,50029.0,86
201700033904,17,8,2,1720,1,1,1,1.0,6.0,86272,M,4681779.0,48456.0,86
201700033905,17,10,7,1340,1,1,1,1.0,7.0,86272,M,4681603.0,46084.0,86
201700033906,17,11,8,735,2,1,1,3.0,6.0,86081,M,4676097.0,40337.0,86
201700033907,17,11,12,1345,1,1,1,8.0,6.0,86258,M,4681393.0,42150.0,86
201700033908,17,5,17,1210,1,1,6,1.0,7.0,74096,M,4602761.0,610464.0,74
201700033909,17,6,6,1025,1,1,1,2.0,1.0,74128,M,4615196.0,633227.0,74
201700033910,17,10,3,139,3,1,1,8.0,6.0,74101,M,4609119.0,594685.0,74
201700033911,17,11,12,1712,2,1,1,3.0,4.0,74201,M,4611200.0,609273.0,74
201700033912,17,1,3,1645,2,1,1,8.0,7.0,38160,M,4547069.0,502828.0,38
201700033913,17,1,18,720,2,2,1,1.0,2.0,38019,M,4542552.0,481648.0,38
201700033914,17,3,10,1910,2,2,3,1.0,5.0,38378,M,4542995.0,477741.0,38
201700033915,17,3,22,740,1,2,1,1.0,3.0,38019,M,4542552.0,481648.0,38
201700033916,17,4,8,2245,5,1,1,1.0,6.0,38378,M,4542261.0,477392.0,38
201700033917,17,5,24,1815,1,2,1,1.0,3.0,38336,M,4547078.0,482861.0,38
201700033918,17,6,16,1940,1,2,1,1.0,5.0,38019,M,4542552.0,481648.0,38
201700033919,17,6,30,1930,1,1,1,1.0,1.0,38160,M,4546996.0,501661.0,38
201700033920,17,7,21,430,3,1,1,1.0,6.0,38448,M,4545021.0,482291.0,38
201700033921,17,8,21,1820,1,1,1,1.0,1.0,38160,M,4547259.0,497237.0,38
201700033922,17,8,21,1652,1,1,1,1.0,7.0,38336,M,4547259.0,483342.0,38
201700033923,17,9,7,140,5,2,1,1.0,7.0,38019,M,4542533.0,481700.0,38
201700033924,17,9,12,1640,1,1,4,1.0,3.0,38199,M,4550991.0,492081.0,38
201700033925,17,10,6,1417,1,1,1,1.0,4.0,38157,M,4550344.0,492599.0,38
201700033926,17,10,16,2015,3,1,1,1.0,1.0,38160,M,4547189.0,497339.0,38
201700033927,17,10,19,1445,1,1,1,1.0,2.0,38199,M,4550779.0,490607.0,38
201700033928,17,12,21,1755,5,2,1,2.0,6.0,38378,M,4544665.0,476729.0,38
201700033929,17,11,5,1415,1,1,1,1.0,6.0,38425,M,4540305.0,476208.0,38
201700033930,17,11,8,1615,1,1,2,1.0,3.0,38157,M,4550725.0,495181.0,38
201700033931,17,11,25,953,1,2,1,2.0,1.0,38336,M,4548768.0,483022.0,38
201700033932,17,11,26,1215,1,1,1,1.0,3.0,38378,M,4543868.0,478375.0,38
201700033933,17,12,5,2200,3,1,1,1.0,6.0,38199,M,4551029.0,492080.0,38
201700033934,17,12,10,5,3,1,1,1.0,6.0,38378,M,4542046.0,477505.0,38
201700033935,17,12,3,1347,1,1,7,1.0,2.0,38353,M,4541655.0,474813.0,38
201700033936,17,12,30,1445,1,1,1,8.0,1.0,38336,M,4548079.0,483204.0,38
201700033937,17,1,23,850,1,1,1,1.0,3.0,83072,M,4350431.0,634009.0,83
201700033938,17,3,10,1950,5,2,3,1.0,3.0,83072,M,4349311.0,636004.0,83
201700033939,17,5,16,1630,1,1,3,1.0,3.0,83003,M,4360301.0,636524.0,83
201700033940,17,6,3,1545,1,1,1,1.0,1.0,83072,M,4350695.0,631137.0,83
201700033941,17,9,5,1630,1,1,1,1.0,3.0,83058,M,4353752.0,640231.0,83
201700033942,17,9,17,500,3,1,1,1.0,6.0,83058,M,4354402.0,631182.0,83
201700033943,17,9,19,1655,1,1,1,1.0,3.0,83136,M,4345779.0,631038.0,83
201700033944,17,10,7,2010,3,1,1,1.0,1.0,83058,M,4354048.0,638393.0,83
201700033945,17,2,24,530,3,1,1,1.0,6.0,24372,M,4516601.0,51905.0,24
201700033946,17,3,17,1640,1,1,3,7.0,1.0,24350,M,4517460.0,61284.0,24
201700033947,17,3,26,1425,1,1,1,1.0,7.0,24350,M,4517656.0,61651.0,24
201700033948,17,3,30,1530,1,1,3,7.0,3.0,24010,M,4520375.0,61056.0,24
201700033949,17,4,22,1240,1,2,1,1.0,6.0,24295,M,4514950.0,56915.0,24
201700033950,17,4,27,2215,5,2,1,1.0,6.0,24309,M,4510040.0,46301.0,24
201700033951,17,6,9,1040,1,1,1,1.0,3.0,24372,M,4514894.0,54733.0,24
201700033952,17,9,5,1550,1,2,3,1.0,3.0,24372,M,4514047.0,52163.0,24
201700033953,17,10,9,15,3,1,6,1.0,6.0,24372,M,4513849.0,54352.0,24
201700033954,17,10,14,1330,1,1,1,1.0,6.0,24372,M,4515024.0,49591.0,24
201700033955,17,10,23,1700,1,1,1,1.0,6.0,24372,M,4513431.0,49615.0,24
201700033956,17,11,29,1125,1,1,1,2.0,6.0,24424,M,4513292.0,39432.0,24
201700033957,17,1,17,1642,1,2,1,1.0,6.0,67462,M,,,67
201700033958,17,2,15,1453,1,1,3,1.0,6.0,67462,M,4826749.0,742935.0,67
201700033959,17,3,23,1429,1,2,2,1.0,6.0,67462,M,4825865.0,744881.0,67
201700033960,17,4,20,935,1,2,1,1.0,2.0,67462,M,,,67
201700033961,17,4,28,1225,1,1,1,1.0,1.0,67462,M,,,67
201700033962,17,6,8,823,1,2,1,7.0,6.0,67462,M,4826000.0,743000.0,67
201700033963,17,6,29,437,5,2,2,1.0,3.0,67462,M,4826577.0,744989.0,67
201700033964,17,7,3,1335,1,2,2,1.0,3.0,67462,M,4826070.0,745840.0,67
201700033965,17,7,20,228,5,2,6,1.0,6.0,67462,M,4826419.0,745900.0,67
201700033966,17,9,21,1210,1,2,1,7.0,6.0,67462,M,4826002.0,745835.0,67
201700033967,17,9,23,1053,1,2,6,1.0,3.0,67462,M,4827620.0,746316.0,67
201700033968,17,12,13,745,2,2,6,9.0,6.0,67462,M,,,67
201700033969,17,12,16,1256,1,2,9,8.0,6.0,67462,M,4827514.0,746420.0,67
201700033970,17,12,29,2055,5,2,1,4.0,6.0,67482,M,4856723.0,777238.0,67
201700033971,17,1,1,228,5,2,1,1.0,6.0,67482,M,4857860.0,777173.0,67
201700033972,17,1,2,1835,5,2,3,1.0,3.0,67482,M,4857779.0,775070.0,67
201700033973,17,1,3,1300,1,2,1,1.0,3.0,67482,M,4856974.0,776329.0,67
201700033974,17,1,4,2110,5,2,3,1.0,3.0,67267,M,4855559.0,767950.0,67
201700033975,17,1,5,1645,1,2,1,1.0,2.0,67482,M,4860031.0,771151.0,67
201700033976,17,1,8,5,5,2,1,4.0,6.0,67482,M,4856925.0,773439.0,67
201700033977,17,1,11,1230,1,2,1,1.0,6.0,67482,M,4858041.0,775329.0,67
201700033978,17,1,11,1430,1,2,1,1.0,2.0,67482,M,4856837.0,770969.0,67
201700033979,17,1,14,2100,5,2,3,4.0,3.0,67218,M,4853929.0,773409.0,67
201700033980,17,1,14,2135,5,2,1,1.0,1.0,67482,M,4854810.0,774409.0,67
201700033981,17,1,20,945,1,2,1,1.0,3.0,67482,M,4858647.0,775860.0,67
201700033982,17,1,20,1400,1,2,1,1.0,6.0,67482,M,4858071.0,777685.0,67
201700033983,17,1,24,1845,5,2,1,1.0,4.0,67482,M,4857282.0,775975.0,67
201700033984,17,1,26,800,1,2,6,1.0,6.0,67204,M,4862264.0,772805.0,67
201700033985,17,1,26,1455,1,2,1,1.0,6.0,67482,M,4857677.0,776934.0,67
201700033986,17,1,27,800,1,2,1,1.0,3.0,67447,M,4860983.0,775184.0,67
201700033987,17,1,29,1,5,2,3,1.0,2.0,67482,M,4857098.0,773590.0,67
201700033988,17,1,30,800,1,2,3,2.0,3.0,67043,M,4861368.0,776683.0,67
201700033989,17,1,30,1200,1,2,2,2.0,6.0,67482,M,4858274.0,775102.0,67
201700033990,17,2,2,1620,1,2,3,1.0,6.0,67482,M,4861427.0,774798.0,67
201700033991,17,2,3,2330,4,2,1,1.0,3.0,67482,M,4859325.0,775260.0,67
201700033992,17,2,4,1805,5,2,1,2.0,3.0,67482,M,4856810.0,776834.0,67
201700033993,17,2,9,1450,1,2,1,1.0,6.0,67482,M,4856131.0,771126.0,67
201700033994,17,2,9,1930,5,2,1,1.0,6.0,67482,M,4859152.0,772199.0,67
201700033995,17,2,9,1555,1,2,1,1.0,3.0,67482,M,4860041.0,778042.0,67
201700033996,17,2,10,1530,1,2,1,1.0,6.0,67365,M,4854791.0,771148.0,67
201700033997,17,2,15,1545,1,2,3,1.0,2.0,67482,M,4859799.0,773498.0,67
201700033998,17,2,15,2020,5,2,1,1.0,6.0,67482,M,4858632.0,774315.0,67
201700033999,17,2,16,1350,1,2,3,1.0,3.0,67482,M,4857956.0,773075.0,67
201700034000,17,2,16,1410,1,2,3,1.0,1.0,67482,M,4857103.0,779569.0,67
201700034001,17,2,16,1900,1,2,1,1.0,6.0,67482,M,4855601.0,774616.0,67
201700034002,17,2,18,745,1,2,1,1.0,4.0,67218,M,4853645.0,772651.0,67
201700034003,17,2,22,1745,5,2,3,1.0,6.0,67482,M,4859398.0,770144.0,67
201700034004,17,2,24,45,5,2,1,1.0,6.0,67482,M,4857273.0,776495.0,67
201700034005,17,2,24,1845,5,1,1,1.0,4.0,67482,M,4859075.0,774732.0,67
201700034006,17,2,24,1850,3,2,1,1.0,4.0,67218,M,4854311.0,773618.0,67
201700034007,17,2,25,1400,1,2,1,1.0,1.0,67482,M,4856441.0,770128.0,67
201700034008,17,2,27,1635,1,2,1,1.0,7.0,67482,M,4858096.0,778380.0,67
201700034009,17,3,2,930,1,2,1,1.0,6.0,67482,M,4858049.0,772763.0,67
201700034010,17,3,2,1530,1,2,1,1.0,6.0,67482,M,4859775.0,779077.0,67
201700034011,17,3,2,1730,1,2,1,1.0,3.0,67482,M,4859025.0,778209.0,67
201700034012,17,3,4,935,1,2,3,1.0,3.0,67043,M,4862021.0,773125.0,67
201700034013,17,3,5,240,5,2,2,1.0,1.0,67482,M,4856870.0,777724.0,67
201700034014,17,3,5,2030,5,2,1,2.0,1.0,67482,M,4856636.0,772068.0,67
201700034015,17,3,6,2000,5,2,3,2.0,1.0,67482,M,4854382.0,775838.0,67
201700034016,17,3,7,1140,1,2,1,2.0,3.0,67482,M,4857146.0,775068.0,67
201700034017,17,3,8,1335,1,2,1,2.0,3.0,67482,M,4854390.0,776525.0,67
201700034018,17,3,8,1545,1,2,1,2.0,6.0,67482,M,4857894.0,770001.0,67
201700034019,17,3,9,1120,1,2,1,3.0,3.0,67482,M,4857839.0,770772.0,67
201700034020,17,3,10,1052,1,2,3,1.0,3.0,67043,M,,,67
201700034021,17,3,12,1345,1,2,2,1.0,1.0,67482,M,4858001.0,769712.0,67
201700034022,17,3,11,150,5,2,1,1.0,7.0,67482,M,4856861.0,776709.0,67
201700034023,17,3,14,845,1,2,2,1.0,3.0,67482,M,4856453.0,775722.0,67
201700034024,17,3,14,1100,1,2,2,1.0,3.0,67482,M,4858317.0,769769.0,67
201700034025,17,3,14,1120,1,2,1,1.0,3.0,67482,M,4857516.0,775279.0,67
201700034026,17,3,16,730,1,2,1,1.0,2.0,67447,M,4860871.0,773495.0,67
201700034027,17,3,16,1050,1,2,2,1.0,3.0,67482,M,4859068.0,776546.0,67
201700034028,17,3,17,1220,1,2,1,1.0,2.0,67447,M,4860640.0,774835.0,67
201700034029,17,3,20,2045,5,2,1,1.0,3.0,67482,M,4859527.0,771041.0,67
201700034030,17,3,21,815,1,2,1,1.0,6.0,67482,M,4858073.0,777686.0,67
201700034031,17,3,22,730,1,2,3,2.0,3.0,67482,M,4856674.0,775832.0,67
201700034032,17,3,22,805,1,2,1,1.0,6.0,67447,M,4861803.0,776852.0,67
201700034033,17,3,25,2050,5,2,1,1.0,6.0,67482,M,,,67
201700034034,17,3,27,1350,1,2,4,1.0,1.0,67482,M,4858595.0,771402.0,67
201700034035,17,3,27,1930,1,2,2,1.0,3.0,67447,M,4860796.0,773130.0,67
201700034036,17,3,27,2300,5,2,2,1.0,3.0,67482,M,4858939.0,774937.0,67
201700034037,17,3,28,1125,1,2,2,1.0,3.0,67482,M,4857723.0,773159.0,67
201700034038,17,3,28,1305,1,2,1,1.0,3.0,67482,M,4857861.0,777170.0,67
201700034039,17,3,28,2000,5,2,1,1.0,2.0,67482,M,4858739.0,771386.0,67
201700034040,17,3,30,1550,1,2,3,1.0,3.0,67482,M,4855115.0,777281.0,67
201700034041,17,3,30,1600,1,2,2,1.0,3.0,67482,M,4857569.0,775179.0,67
201700034042,17,3,31,840,1,2,1,1.0,4.0,67482,M,4857160.0,774825.0,67
201700034043,17,3,31,1345,1,2,1,1.0,6.0,67043,M,4861553.0,773370.0,67
201700034044,17,3,31,1350,1,2,1,1.0,6.0,67482,M,4858295.0,774035.0,67
201700034045,17,3,31,1500,1,2,1,1.0,6.0,67482,M,4858263.0,775203.0,67
201700034046,17,3,31,1520,1,2,1,1.0,6.0,67482,M,4857437.0,773793.0,67
201700034047,17,4,1,5,5,2,1,1.0,3.0,67482,M,4858892.0,775685.0,67
201700034048,17,4,3,1315,1,2,1,1.0,6.0,67267,M,4856392.0,769006.0,67
201700034049,17,4,3,745,1,2,2,1.0,3.0,67218,M,4853723.0,772743.0,67
201700034050,17,4,3,1556,1,2,2,1.0,3.0,67482,M,4855042.0,775165.0,67
201700034051,17,4,5,840,1,2,1,1.0,6.0,67447,M,4860342.0,775333.0,67
201700034052,17,4,5,1415,1,2,2,1.0,6.0,67482,M,4857713.0,775180.0,67
201700034053,17,4,6,1400,1,2,1,1.0,6.0,67482,M,4856763.0,775798.0,67
201700034054,17,12,5,803,5,2,1,1.0,7.0,67447,M,4860524.0,775948.0,67
201700034055,17,4,7,840,1,2,5,1.0,3.0,67482,M,4859001.0,774007.0,67
201700034056,17,4,7,1150,1,2,1,1.0,6.0,67482,M,4857350.0,773779.0,67
201700034057,17,4,7,1615,1,2,1,1.0,2.0,67482,M,4855462.0,775646.0,67
201700034058,17,4,8,1100,1,2,1,1.0,1.0,67482,M,4855664.0,774731.0,67
201700034059,17,4,8,1145,1,2,1,1.0,3.0,67482,M,4860466.0,771361.0,67
201700034060,17,4,9,2100,5,2,1,1.0,6.0,67218,M,4853062.0,772259.0,67
201700034061,17,4,10,1835,1,2,1,1.0,6.0,67043,M,4861556.0,773220.0,67
201700034062,17,4,11,1520,1,2,1,1.0,6.0,67482,M,4854580.0,776575.0,67
201700034063,17,4,11,1755,1,2,1,1.0,2.0,67482,M,4860314.0,777808.0,67
201700034064,17,4,11,2115,5,2,2,1.0,3.0,67218,M,4854311.0,773612.0,67
201700034065,17,4,13,1900,1,2,1,1.0,4.0,67482,M,4857349.0,780108.0,67
201700034066,17,4,14,15,5,2,1,1.0,6.0,67482,M,4859110.0,774322.0,67
201700034067,17,4,14,1449,1,2,1,1.0,6.0,67204,M,4862640.0,775074.0,67
201700034068,17,4,16,2202,5,2,1,1.0,6.0,67482,M,4857939.0,773097.0,67
201700034069,17,4,19,1050,1,2,1,1.0,6.0,67218,M,4854546.0,773855.0,67
201700034070,17,4,21,655,1,2,1,1.0,1.0,67482,M,4856958.0,773463.0,67
201700034071,17,4,21,1150,1,2,1,1.0,3.0,67482,M,4858556.0,774746.0,67
201700034072,17,4,21,2000,1,2,2,1.0,1.0,67482,M,,,67
201700034073,17,4,21,2210,5,2,2,1.0,7.0,67482,M,4855219.0,775170.0,67
201700034074,17,4,23,1525,1,2,1,1.0,3.0,67482,M,4857964.0,770811.0,67
201700034075,17,4,24,2010,2,2,2,1.0,3.0,67218,M,4857289.0,777008.0,67
201700034076,17,4,27,2030,5,2,2,2.0,6.0,67482,M,4857794.0,770417.0,67
201700034077,17,4,28,1920,2,2,1,1.0,6.0,67482,M,4856729.0,777228.0,67
201700034078,17,4,29,1335,1,2,1,1.0,6.0,67482,M,4859246.0,776088.0,67
201700034079,17,4,30,1,5,2,3,1.0,3.0,67482,M,4859774.0,774054.0,67
201700034080,17,5,3,1555,1,2,1,1.0,2.0,67482,M,4858652.0,776260.0,67
201700034081,17,5,3,1632,1,2,1,1.0,6.0,67482,M,4858922.0,772513.0,67
201700034082,17,5,5,1650,1,2,1,1.0,3.0,67447,M,4860567.0,774827.0,67
201700034083,17,5,6,1450,1,2,1,2.0,4.0,67482,M,4857481.0,775044.0,67
201700034084,17,5,9,1145,1,2,1,1.0,6.0,67267,M,4856545.0,769652.0,67
201700034085,17,5,9,1410,1,2,1,1.0,6.0,67482,M,4858871.0,773981.0,67
201700034086,17,5,9,1700,1,2,5,1.0,3.0,67482,M,4857102.0,776400.0,67
201700034087,17,5,10,1345,1,2,1,1.0,6.0,67447,M,4862167.0,776969.0,67
201700034088,17,5,10,2145,3,2,1,1.0,6.0,67482,M,4861125.0,778670.0,67
201700034089,17,5,12,1000,1,2,1,1.0,6.0,67482,M,4858554.0,774001.0,67
201700034090,17,5,12,1315,1,2,1,8.0,6.0,67482,M,4857621.0,775284.0,67
201700034091,17,5,12,1715,1,2,3,1.0,3.0,67482,M,4857857.0,774874.0,67
201700034092,17,5,15,1638,1,2,2,1.0,3.0,67482,M,4859658.0,775927.0,67
201700034093,17,5,13,1900,1,2,1,3.0,6.0,67482,M,4857430.0,775507.0,67
201700034094,17,5,15,2030,1,2,3,1.0,3.0,67447,M,4860762.0,772161.0,67
201700034095,17,5,16,1520,1,2,3,1.0,7.0,67482,M,4857531.0,775471.0,67
201700034096,17,5,16,2200,2,2,1,1.0,6.0,67365,M,4855127.0,770905.0,67
201700034097,17,5,17,225,5,2,1,1.0,6.0,67267,M,4856036.0,767856.0,67
201700034098,17,5,19,10,5,2,1,1.0,1.0,67447,M,4861395.0,773657.0,67
201700034099,17,5,22,1400,1,2,3,1.0,3.0,67365,M,4854956.0,770992.0,67
201700034100,17,5,22,1815,1,2,1,1.0,3.0,67482,M,4857066.0,775900.0,67
201700034101,17,5,23,1415,1,2,3,1.0,3.0,67482,M,4858420.0,769303.0,67
201700034102,17,5,23,1930,1,2,1,1.0,3.0,67482,M,4857956.0,776691.0,67
201700034103,17,5,24,830,1,2,1,1.0,6.0,67482,M,4860106.0,769730.0,67
201700034104,17,5,24,1730,1,2,1,1.0,3.0,67482,M,4860487.0,778807.0,67
201700034105,17,5,26,1350,1,2,2,1.0,3.0,67482,M,4858183.0,770350.0,67
201700034106,17,5,26,1425,1,2,1,1.0,6.0,67482,M,4857855.0,774889.0,67
201700034107,17,5,26,1930,1,2,1,1.0,6.0,67482,M,4858886.0,769375.0,67
201700034108,17,5,28,1445,1,2,1,1.0,2.0,67447,M,4860294.0,775655.0,67
201700034109,17,5,28,1940,1,2,1,1.0,3.0,67447,M,4860726.0,772951.0,67
201700034110,17,5,29,1245,1,2,1,1.0,3.0,67482,M,4855993.0,776690.0,67