Num_Acc,an,mois,jour,hrmn,lum,agg,int,atm,col,com,gps,lat,long,dep
201700034111,17,5,29,1340,1,2,1,1.0,5.0,67447,M,4860268.0,773819.0,67
201700034112,17,5,30,820,1,2,1,1.0,2.0,67482,M,4859603.0,774191.0,67
201700034113,17,5,30,845,1,2,1,1.0,3.0,67482,M,4861191.0,778199.0,67
201700034114,17,5,30,1135,1,2,1,1.0,1.0,67482,M,4858987.0,776454.0,67
201700034115,17,5,31,930,1,2,1,1.0,6.0,67482,M,4858839.0,775575.0,67
201700034116,17,6,2,540,1,2,1,1.0,3.0,67482,M,4857985.0,775211.0,67
201700034117,17,6,2,2005,1,2,3,1.0,1.0,67482,M,4856420.0,776903.0,67
201700034118,17,6,4,2045,1,2,3,1.0,5.0,67482,M,4857931.0,771419.0,67
201700034119,17,6,6,715,1,2,1,1.0,3.0,67482,M,4856899.0,779134.0,67
201700034120,17,6,6,1205,1,2,1,1.0,1.0,67043,M,4861708.0,773200.0,67
201700034121,17,6,6,1350,1,2,3,1.0,3.0,67482,M,4856814.0,770958.0,67
201700034122,17,6,6,1730,1,2,1,1.0,2.0,67482,M,4858222.0,776728.0,67
201700034123,17,6,6,1755,1,2,1,1.0,2.0,67482,M,4858206.0,777405.0,67
201700034124,17,6,7,905,1,2,2,1.0,3.0,67482,M,4857456.0,773794.0,67
201700034125,17,6,8,1905,1,2,1,1.0,5.0,67482,M,4858633.0,776309.0,67
201700034126,17,6,8,2215,3,2,1,1.0,7.0,67482,M,4853617.0,778688.0,67
201700034127,17,6,12,1430,1,2,1,1.0,3.0,67482,M,4858608.0,776289.0,67
201700034128,17,6,12,1905,1,1,2,1.0,3.0,67482,M,4859056.0,774464.0,67
201700034129,17,6,13,2020,1,2,3,1.0,6.0,67482,M,4856000.0,772030.0,67
201700034130,17,6,14,1840,1,2,1,1.0,6.0,67267,M,4855399.0,769038.0,67
201700034131,17,6,15,1220,1,2,2,1.0,1.0,67482,M,4858187.0,775885.0,67
201700034132,17,6,16,1640,1,2,1,1.0,6.0,67447,M,4860524.0,775948.0,67
201700034133,17,6,16,750,1,2,1,1.0,6.0,67482,M,4857537.0,775602.0,67
201700034134,17,6,17,2300,5,2,2,1.0,3.0,67365,M,4855512.0,771291.0,67
201700034135,17,6,19,140,4,2,2,1.0,3.0,67482,M,4854898.0,774126.0,67
201700034136,17,6,20,1625,1,2,3,1.0,6.0,67482,M,4857847.0,777507.0,67
201700034137,17,6,20,1800,1,2,1,1.0,6.0,67043,M,4861471.0,775515.0,67
201700034138,17,6,22,815,1,2,6,1.0,3.0,67482,M,4858176.0,777915.0,67
201700034139,17,6,22,1220,1,2,1,1.0,2.0,67482,M,4857736.0,775166.0,67
201700034140,17,6,24,1750,1,2,1,1.0,4.0,67218,M,4853431.0,772302.0,67
201700034141,17,6,24,2310,5,2,1,1.0,6.0,67482,M,4856030.0,778436.0,67
201700034142,17,6,25,2140,5,2,1,1.0,6.0,67482,M,4858043.0,777848.0,67
201700034143,17,6,27,1615,1,2,1,1.0,4.0,67482,M,4861246.0,777530.0,67
201700034144,17,6,27,2105,2,2,2,1.0,1.0,67482,M,4856868.0,777721.0,67
201700034145,17,6,28,1230,1,2,1,1.0,6.0,67482,M,4855011.0,775794.0,67
201700034146,17,6,28,1415,1,2,2,1.0,3.0,67482,M,4857442.0,773826.0,67
201700034147,17,6,29,1715,1,2,2,1.0,3.0,67482,M,4858002.0,769712.0,67
201700034148,17,6,30,945,1,2,1,1.0,7.0,67482,M,4858509.0,778949.0,67
201700034149,17,7,1,815,1,2,3,1.0,6.0,67482,M,4859260.0,769766.0,67
201700034150,17,7,3,1120,1,2,1,1.0,6.0,67482,M,4856011.0,775324.0,67
201700034151,17,7,3,1550,1,2,1,1.0,6.0,67482,M,4858701.0,775445.0,67
201700034152,17,7,3,1640,1,2,2,1.0,6.0,67482,M,4856236.0,771059.0,67
201700034153,17,7,5,1345,1,2,1,1.0,6.0,67482,M,4857023.0,775087.0,67
201700034154,17,7,6,940,1,2,2,1.0,3.0,67482,M,4857950.0,773091.0,67
201700034155,17,7,6,1030,1,2,3,1.0,3.0,67218,M,4854440.0,773356.0,67
201700034156,17,7,8,1930,1,2,3,1.0,3.0,67447,M,4860493.0,774417.0,67
201700034157,17,7,8,510,2,2,1,1.0,4.0,67482,M,4855437.0,775786.0,67
201700034158,17,7,8,1030,1,2,1,1.0,1.0,67482,M,4858145.0,773743.0,67
201700034159,17,7,8,1340,1,2,1,1.0,3.0,67482,M,4857238.0,776284.0,67
201700034160,17,7,8,2111,2,2,1,1.0,6.0,67482,M,4856473.0,772871.0,67
201700034161,17,7,9,410,5,2,1,2.0,6.0,67482,M,4857655.0,773815.0,67
201700034162,17,7,9,1905,1,2,1,2.0,3.0,67482,M,4858438.0,769290.0,67
201700034163,17,7,9,1950,1,2,1,2.0,3.0,67447,M,4860248.0,773845.0,67
201700034164,17,7,11,950,1,2,1,1.0,7.0,67482,M,4859111.0,772813.0,67
201700034165,17,7,11,1650,1,2,1,1.0,6.0,67482,M,4856199.0,769724.0,67
201700034166,17,7,11,1950,1,2,1,1.0,3.0,67482,M,4854810.0,774113.0,67
201700034167,17,7,13,1130,1,2,1,1.0,6.0,67482,M,4860833.0,777917.0,67
201700034168,17,7,17,53,5,2,2,2.0,3.0,67482,M,4857841.0,778296.0,67
201700034169,17,7,15,2035,2,2,1,1.0,7.0,67482,M,4857035.0,773777.0,67
201700034170,17,7,16,1930,1,2,1,1.0,6.0,67482,M,4857530.0,775797.0,67
201700034171,17,7,16,2030,1,2,1,1.0,3.0,67482,M,4858557.0,773605.0,67
201700034172,17,7,18,900,1,2,1,1.0,3.0,67482,M,4858472.0,777359.0,67
201700034173,17,7,19,1546,1,2,1,1.0,6.0,67218,M,4853417.0,772322.0,67
201700034174,17,7,19,2105,2,2,1,1.0,3.0,67482,M,4857847.0,770846.0,67
201700034175,17,7,21,1405,1,2,3,1.0,6.0,67482,M,4859193.0,775300.0,67
201700034176,17,7,22,100,5,2,2,1.0,3.0,67447,M,4860964.0,776515.0,67
201700034177,17,7,22,200,5,2,2,1.0,3.0,67447,M,4861057.0,773380.0,67
201700034178,17,7,22,1535,1,2,1,1.0,3.0,67482,M,4856451.0,770748.0,67
201700034179,17,7,22,1810,1,2,1,1.0,6.0,67482,M,4859021.0,771211.0,67
201700034180,17,7,25,745,1,2,1,2.0,6.0,67482,M,4856987.0,778718.0,67
201700034181,17,7,26,1637,1,2,1,1.0,5.0,67204,M,4862878.0,776158.0,67
201700034182,17,7,27,945,1,2,2,1.0,3.0,67482,M,4857368.0,771855.0,67
201700034183,17,7,28,2000,1,2,1,1.0,3.0,67482,M,4858975.0,769843.0,67
201700034184,17,7,30,1845,1,2,1,1.0,6.0,67482,M,4858102.0,774909.0,67
201700034185,17,7,30,30,5,2,1,1.0,3.0,67482,M,4857574.0,779095.0,67
201700034186,17,7,31,1625,1,2,2,1.0,6.0,67482,M,4854435.0,776564.0,67
201700034187,17,8,2,2130,5,2,1,1.0,2.0,67482,M,4855984.0,773422.0,67
201700034188,17,8,3,1750,1,2,1,7.0,2.0,67482,M,4857958.0,771600.0,67
201700034189,17,8,5,2330,5,2,2,1.0,7.0,67482,M,4856044.0,771134.0,67
201700034190,17,8,5,2100,1,2,2,1.0,3.0,67482,M,4854866.0,774911.0,67
201700034191,17,8,6,1053,1,2,1,1.0,7.0,67482,M,4857211.0,775587.0,67
201700034192,17,8,6,1340,1,2,1,1.0,1.0,67043,M,4857254.0,775608.0,67
201700034193,17,8,7,2030,5,2,1,1.0,6.0,67482,M,4858791.0,769771.0,67
201700034194,17,8,9,1540,1,2,1,1.0,5.0,67218,M,4854312.0,773620.0,67
201700034195,17,8,9,1905,1,2,1,1.0,3.0,67482,M,4854894.0,776897.0,67
201700034196,17,8,11,1730,1,2,1,1.0,2.0,67482,M,4857828.0,776988.0,67
201700034197,17,8,11,2200,5,2,2,2.0,6.0,67482,M,4859537.0,771943.0,67
201700034198,17,8,12,645,1,2,5,2.0,3.0,67482,M,4857953.0,773097.0,67
201700034199,17,8,13,550,2,2,1,1.0,6.0,67482,M,4857634.0,773170.0,67
201700034200,17,8,13,1855,1,2,1,1.0,3.0,67482,M,4857877.0,774502.0,67
201700034201,17,8,14,1415,1,2,1,1.0,6.0,67482,M,4858138.0,776896.0,67
201700034202,17,8,14,1445,1,2,1,1.0,6.0,67482,M,4859116.0,774590.0,67
201700034203,17,8,16,1130,1,2,1,1.0,2.0,67482,M,4859497.0,771845.0,67
201700034204,17,8,19,1530,1,2,6,1.0,3.0,67043,M,4861362.0,775440.0,67
201700034205,17,8,21,1755,1,2,1,1.0,6.0,67482,M,4858007.0,771301.0,67
201700034206,17,8,22,1855,1,2,1,1.0,6.0,67447,M,4860968.0,776524.0,67
201700034207,17,8,23,1335,1,2,1,1.0,6.0,67482,M,4856648.0,772039.0,67
201700034208,17,8,24,1410,1,2,1,1.0,6.0,67365,M,4854981.0,770278.0,67
201700034209,17,8,24,1540,1,2,2,1.0,3.0,67204,M,4862402.0,776344.0,67
201700034210,17,8,26,1415,1,2,2,1.0,3.0,67365,M,4855544.0,771615.0,67
201700034211,17,8,27,1315,1,2,1,1.0,2.0,67482,M,4856614.0,707793.0,67
201700034212,17,8,27,1600,1,2,1,1.0,6.0,67482,M,4859496.0,771017.0,67
201700034213,17,8,28,1720,1,2,3,1.0,3.0,67482,M,4856495.0,775239.0,67
201700034214,17,8,29,1839,1,2,1,1.0,3.0,67482,M,4856369.0,776810.0,67
201700034215,17,8,30,2100,4,2,2,2.0,3.0,67204,M,4862376.0,775194.0,67
201700034216,17,8,30,2145,5,2,3,3.0,7.0,67267,M,4855468.0,767976.0,67
201700034217,17,8,31,1900,2,2,1,1.0,3.0,67218,M,4852772.0,771001.0,67
201700034218,17,9,1,1155,1,2,1,1.0,3.0,67482,M,4861123.0,777800.0,67
201700034219,17,9,1,1220,1,2,1,1.0,3.0,67482,M,4859360.0,773761.0,67
201700034220,17,9,3,1700,1,2,3,1.0,4.0,67482,M,4857446.0,772600.0,67
201700034221,17,9,4,1050,1,2,2,1.0,3.0,67482,M,4858305.0,774804.0,67
201700034222,17,9,5,855,1,2,1,1.0,6.0,67482,M,4856666.0,772629.0,67
201700034223,17,9,5,1700,1,2,1,1.0,6.0,67365,M,4854974.0,771006.0,67
201700034224,17,9,5,2030,5,2,2,1.0,3.0,67482,M,4857450.0,776702.0,67
201700034225,17,9,8,1240,1,2,1,1.0,1.0,67482,M,4853848.0,778827.0,67
201700034226,17,9,11,1845,1,2,3,1.0,3.0,67482,M,4856271.0,773845.0,67
201700034227,17,9,11,2115,5,2,2,1.0,6.0,67482,M,4858607.0,769311.0,67
201700034228,17,9,12,1455,1,2,1,1.0,6.0,67482,M,4856844.0,772718.0,67
201700034229,17,9,12,1545,1,2,1,1.0,6.0,67482,M,4858933.0,775230.0,67
201700034230,17,9,15,605,5,2,1,1.0,1.0,67482,M,4856892.0,776513.0,67
201700034231,17,9,15,740,1,2,1,1.0,6.0,67482,M,4858632.0,777107.0,67
201700034232,17,9,15,1400,1,2,1,3.0,2.0,67447,M,4850220.0,773835.0,67
201700034233,17,9,15,1230,1,2,3,1.0,3.0,67482,M,4858068.0,772319.0,67
201700034234,17,9,17,2330,5,2,1,1.0,2.0,67482,M,4854979.0,776779.0,67
201700034235,17,9,17,320,5,2,1,1.0,6.0,67482,M,4857103.0,771164.0,67
201700034236,17,9,17,1635,1,2,1,2.0,3.0,67482,M,4854650.0,776819.0,67
201700034237,17,9,17,1945,5,2,3,1.0,3.0,67482,M,4860039.0,779131.0,67
201700034238,17,9,17,1950,5,2,3,1.0,6.0,67482,M,4859501.0,771013.0,67
201700034239,17,9,19,1735,1,2,1,1.0,3.0,67482,M,4858542.0,777847.0,67
201700034240,17,9,19,1820,1,2,2,2.0,3.0,67447,M,4860997.0,774349.0,67
201700034241,17,9,20,1530,1,2,1,8.0,6.0,67447,M,4860761.0,775404.0,67
201700034242,17,9,20,1645,1,2,1,1.0,1.0,67482,M,4858261.0,773312.0,67
201700034243,17,9,21,545,2,2,1,5.0,6.0,67482,M,4860761.0,771699.0,67
201700034244,17,9,21,1220,1,2,1,1.0,6.0,67482,M,4858972.0,769733.0,67
201700034245,17,9,21,1830,1,2,1,1.0,3.0,67447,M,4861084.0,773588.0,67
201700034246,17,9,21,2105,5,2,1,1.0,3.0,67482,M,4856044.0,773803.0,67
201700034247,17,9,22,1245,1,2,2,1.0,3.0,67482,M,4855502.0,775410.0,67
201700034248,17,9,22,1720,1,2,3,1.0,3.0,67482,M,4838173.0,776175.0,67
201700034249,17,9,22,2005,5,2,2,1.0,3.0,67482,M,4859765.0,770941.0,67
201700034250,17,9,24,2340,5,2,1,1.0,3.0,67482,M,4858394.0,778348.0,67
201700034251,17,9,25,850,1,2,3,1.0,3.0,67447,M,4860522.0,773716.0,67
201700034252,17,9,26,820,1,2,3,1.0,3.0,67482,M,4859226.0,774393.0,67
201700034253,17,9,26,1530,1,2,1,1.0,6.0,67482,M,4854906.0,774555.0,67
201700034254,17,9,26,1750,1,2,1,1.0,2.0,67482,M,4856770.0,776481.0,67
201700034255,17,9,27,830,1,2,2,1.0,3.0,67218,M,4858205.0,774093.0,67
201700034256,17,9,27,835,1,2,1,1.0,6.0,67267,M,4855064.0,768729.0,67
201700034257,17,9,27,1545,1,2,1,1.0,6.0,67482,M,4851070.0,776889.0,67
201700034258,17,9,27,1640,1,2,1,1.0,6.0,67482,M,4857963.0,774792.0,67
201700034259,17,9,27,1910,1,2,5,1.0,3.0,67447,M,4860970.0,775509.0,67
201700034260,17,9,27,1945,4,2,3,1.0,3.0,67365,M,4853503.0,770705.0,67
201700034261,17,9,27,2145,5,2,1,1.0,3.0,67482,M,4858048.0,771540.0,67
201700034262,17,9,28,1152,1,2,1,1.0,6.0,67482,M,4854895.0,774963.0,67
201700034263,17,9,28,1615,1,2,2,1.0,3.0,67482,M,4860171.0,772284.0,67
201700034264,17,9,29,1437,1,2,2,1.0,3.0,67447,M,4860023.0,775367.0,67
201700034265,17,9,29,1515,1,2,1,1.0,3.0,67204,M,4862507.0,775458.0,67
201700034266,17,10,2,1450,1,2,2,1.0,3.0,67482,M,4857447.0,773795.0,67
201700034267,17,10,2,1820,1,2,2,1.0,3.0,67482,M,4858674.0,776141.0,67
201700034268,17,10,3,1720,1,2,3,1.0,3.0,67482,M,4858759.0,773848.0,67
201700034269,17,10,4,630,2,2,2,1.0,3.0,67482,M,4858880.0,769709.0,67
201700034270,17,10,4,1910,5,2,1,1.0,6.0,67482,M,4856406.0,770505.0,67
201700034271,17,10,5,1035,1,2,2,1.0,6.0,67482,M,4856424.0,776894.0,67
201700034272,17,10,5,1500,1,2,1,2.0,3.0,67482,M,4855161.0,776669.0,67
201700034273,17,10,6,1040,1,2,1,1.0,6.0,67482,M,4857371.0,780175.0,67
201700034274,17,10,7,550,5,2,3,1.0,3.0,67482,M,4854934.0,776921.0,67
201700034275,17,10,9,2110,5,2,1,1.0,3.0,67218,M,4852831.0,771040.0,67
201700034276,17,10,10,1050,1,2,2,1.0,3.0,67482,M,4858441.0,774853.0,67
201700034277,17,10,10,1235,1,2,1,2.0,6.0,67482,M,4858708.0,776720.0,67
201700034278,17,10,10,1645,1,2,1,1.0,6.0,67482,M,4860576.0,771917.0,67
201700034279,17,10,10,2150,5,2,3,2.0,3.0,67482,M,4857210.0,771505.0,67
201700034280,17,10,11,725,1,2,3,1.0,3.0,67482,M,4858489.0,773655.0,67
201700034281,17,10,11,1635,1,2,1,1.0,2.0,67482,M,4861207.0,777863.0,67
201700034282,17,10,12,2045,5,2,1,1.0,7.0,67218,M,4851918.0,770588.0,67
201700034283,17,10,12,2125,5,2,2,1.0,3.0,67482,M,4860053.0,778107.0,67
201700034284,17,10,14,2340,5,2,1,1.0,7.0,67267,M,4856314.0,768844.0,67
201700034285,17,10,15,1620,1,2,1,1.0,4.0,67482,M,4857409.0,774631.0,67
201700034286,17,10,15,1940,5,2,2,1.0,3.0,67482,M,4857066.0,777583.0,67
201700034287,17,10,16,810,1,2,3,1.0,3.0,67447,M,4860902.0,776638.0,67
201700034288,17,10,18,1000,1,2,2,1.0,3.0,67204,M,4862700.0,775772.0,67
201700034289,17,10,15,1630,1,2,2,1.0,6.0,67482,M,4860052.0,771122.0,67
201700034290,17,10,19,1910,5,2,1,1.0,3.0,67482,M,4859709.0,772666.0,67
201700034291,17,10,20,805,1,2,1,1.0,3.0,67447,M,4860399.0,773771.0,67
201700034292,17,10,21,1115,1,2,2,1.0,3.0,67482,M,4856450.0,775872.0,67
201700034293,17,10,21,1535,1,2,1,1.0,5.0,67447,M,4860834.0,773520.0,67
201700034294,17,10,22,8,5,2,1,2.0,3.0,67218,M,4852819.0,771185.0,67
201700034295,17,10,22,500,5,2,1,1.0,6.0,67482,M,4852510.0,777693.0,67
201700034296,17,10,22,2200,5,2,1,1.0,3.0,67482,M,4857824.0,775086.0,67
201700034297,17,10,23,1045,1,2,2,1.0,3.0,67482,M,4860014.0,770927.0,67
201700034298,17,10,25,800,1,2,1,1.0,6.0,67482,M,4858683.0,776134.0,67
201700034299,17,10,27,1300,1,2,2,1.0,6.0,67482,M,4859455.0,770380.0,67
201700034300,17,10,27,1700,1,2,1,1.0,3.0,67447,M,4860862.0,776707.0,67
201700034301,17,10,29,540,5,2,1,1.0,6.0,67482,M,4856401.0,771189.0,67
201700034302,17,11,4,1410,1,2,1,1.0,3.0,67482,M,4859052.0,770149.0,67
201700034303,17,11,5,1900,5,2,1,2.0,2.0,67482,M,4858659.0,771598.0,67
201700034304,17,11,6,1935,5,2,2,2.0,3.0,67482,M,4858976.0,776725.0,67
201700034305,17,11,8,1740,1,2,3,2.0,3.0,67482,M,4856639.0,770806.0,67
201700034306,17,11,9,1450,1,2,1,1.0,3.0,67482,M,4857988.0,771568.0,67
201700034307,17,11,13,1724,2,2,1,1.0,2.0,67482,M,4857895.0,771179.0,67
201700034308,17,11,14,1325,1,2,3,1.0,3.0,67482,M,4854902.0,774127.0,67
201700034309,17,11,14,1350,1,2,1,1.0,6.0,67482,M,4854219.0,777506.0,67
201700034310,17,11,16,115,5,2,1,1.0,6.0,67218,M,4851949.0,771769.0,67
201700034311,17,11,16,1250,1,2,1,2.0,6.0,67482,M,4858436.0,775823.0,67
201700034312,17,11,14,935,1,2,2,2.0,6.0,67482,M,4854626.0,776559.0,67
201700034313,17,11,18,1815,4,2,3,1.0,3.0,67043,M,4861793.0,773180.0,67
201700034314,17,11,18,2105,5,2,2,2.0,3.0,67482,M,4856051.0,771178.0,67
201700034315,17,11,21,805,1,2,1,2.0,3.0,67482,M,4857416.0,777146.0,67
201700034316,17,11,23,1510,1,2,3,1.0,1.0,67482,M,4857116.0,777221.0,67
201700034317,17,11,26,30,4,2,1,1.0,6.0,67218,M,4851285.0,770581.0,67
201700034318,17,11,26,45,3,2,1,2.0,1.0,67482,M,4850178.0,776778.0,67
201700034319,17,11,27,1030,1,2,1,1.0,6.0,67482,M,4859145.0,770598.0,67
201700034320,17,11,27,1330,1,2,1,1.0,3.0,67482,M,4856576.0,775916.0,67
201700034321,17,11,27,1330,1,2,1,1.0,6.0,67482,M,4857894.0,771861.0,67
201700034322,17,11,27,1800,5,2,1,1.0,3.0,67482,M,4858099.0,777045.0,67
201700034323,17,11,28,50,5,2,3,2.0,3.0,67043,M,4861713.0,773197.0,67
201700034324,17,11,30,1650,2,2,2,2.0,3.0,67482,M,4859151.0,776412.0,67
201700034325,17,12,1,1600,1,2,2,8.0,3.0,67482,M,4858417.0,769295.0,67
201700034326,17,12,2,1650,2,2,1,1.0,4.0,67482,M,4856695.0,777318.0,67
201700034327,17,12,4,1600,1,2,1,1.0,6.0,67482,M,4857110.0,775738.0,67
201700034328,17,12,4,1630,5,2,1,1.0,6.0,67482,M,4854848.0,774968.0,67
201700034329,17,12,4,1750,5,2,3,2.0,6.0,67043,M,4861793.0,773277.0,67
201700034330,17,12,5,1830,5,2,2,1.0,3.0,67482,M,4859283.0,770927.0,67
201700034331,17,12,6,745,1,2,2,1.0,3.0,67482,M,4857073.0,776972.0,67
201700034332,17,12,7,805,5,2,1,1.0,6.0,67447,M,4861101.0,773904.0,67
201700034333,17,12,9,1150,1,2,1,1.0,6.0,67482,M,4858462.0,773648.0,67
201700034334,17,12,11,1815,5,2,1,1.0,4.0,67365,M,4853347.0,770269.0,67
201700034335,17,12,12,1440,1,2,1,1.0,6.0,67043,M,4861275.0,776558.0,67
201700034336,17,12,14,1820,5,2,1,2.0,6.0,67043,M,4861846.0,775602.0,67
201700034337,17,12,15,1630,2,2,1,1.0,6.0,67482,M,4854901.0,774138.0,67
201700034338,17,12,18,1110,1,2,3,4.0,3.0,67482,M,4857621.0,775418.0,67
201700034339,17,12,19,830,1,2,1,1.0,6.0,67447,M,4860886.0,775023.0,67
201700034340,17,12,20,515,5,2,1,2.0,2.0,67482,M,4857396.0,772279.0,67
201700034341,17,12,20,740,5,2,2,2.0,3.0,67482,M,4858138.0,776275.0,67
201700034342,17,12,20,920,1,2,2,2.0,2.0,67482,M,4858725.0,770090.0,67
201700034343,17,12,20,1355,1,2,3,1.0,3.0,67482,M,4858741.0,777022.0,67
201700034344,17,12,21,1015,1,2,1,1.0,4.0,67482,M,4857431.0,773941.0,67
201700034345,17,12,21,1230,1,2,2,1.0,6.0,67482,M,4857531.0,775466.0,67
201700034346,17,12,21,1730,5,2,1,2.0,3.0,67447,M,4860036.0,775390.0,67
201700034347,17,12,22,1630,5,2,1,2.0,3.0,67482,M,4858760.0,776997.0,67
201700034348,17,12,23,1515,1,2,1,1.0,1.0,67218,M,4854086.0,774263.0,67
201700034349,17,12,27,1940,5,2,3,2.0,3.0,67482,M,4857866.0,772827.0,67
201700034350,17,12,29,356,5,2,1,1.0,6.0,67482,M,4857234.0,771412.0,67
201700034351,17,1,24,1725,3,1,1,9.0,4.0,68287,M,4794030.0,728221.0,68
201700034352,17,5,4,705,2,1,1,1.0,1.0,68043,M,4784906.0,726024.0,68
201700034353,17,3,4,1850,2,1,1,1.0,2.0,26231,M,,,26
201700034354,17,3,9,930,1,1,1,1.0,1.0,26194,M,,,26
201700034355,17,3,25,2140,3,1,1,2.0,6.0,26139,M,4509031.0,509136.0,26
201700034356,17,3,30,500,5,2,1,1.0,6.0,26301,M,,,26
201700034357,17,4,3,1445,1,2,1,1.0,6.0,26218,M,4506225.0,505166.0,26
201700034358,17,5,29,1630,1,1,1,1.0,3.0,26174,M,,,26
201700034359,17,8,1,2210,5,2,1,1.0,1.0,26231,M,4510020.0,504555.0,26
201700034360,17,9,11,1140,1,2,1,1.0,3.0,26301,M,,,26
201700034361,17,11,18,1710,1,2,1,1.0,7.0,26310,M,,,26
201700034362,17,11,24,1100,1,1,1,1.0,3.0,26045,M,,,26
201700034363,17,12,31,2210,5,2,1,1.0,6.0,91086,M,4860551.0,236210.0,91
201700034364,17,1,6,1340,1,2,9,7.0,2.0,91340,M,4860566.0,241208.0,91
201700034365,17,1,13,828,1,1,6,9.0,7.0,91649,M,4856130.0,235295.0,91
201700034366,17,1,22,1630,1,2,1,9.0,6.0,91086,M,4861380.0,237128.0,91
201700034367,17,2,15,835,1,1,1,1.0,6.0,91340,M,4859439.0,243530.0,91
201700034368,17,2,16,1650,1,2,1,1.0,5.0,91086,M,4860246.0,237015.0,91
201700034369,17,2,22,1650,1,1,1,1.0,1.0,91648,M,4859716.0,236928.0,91
201700034370,17,2,26,1950,3,1,1,1.0,1.0,91340,M,4858234.0,243441.0,91
201700034371,17,3,1,630,2,2,9,1.0,7.0,91340,M,4860153.0,243297.0,91
201700034372,17,3,15,640,2,1,1,1.0,1.0,91340,M,4858474.0,242480.0,91
201700034373,17,3,26,710,2,2,1,1.0,2.0,91235,M,4864076.0,236250.0,91
201700034374,17,3,26,1610,1,2,9,1.0,1.0,91235,M,4862553.0,234985.0,91
201700034375,17,4,7,2315,3,1,1,1.0,3.0,91086,M,4860298.0,237606.0,91
201700034376,17,4,14,1210,1,1,3,1.0,3.0,91648,M,4857157.0,236495.0,91
201700034377,17,4,15,1815,1,1,3,1.0,3.0,91648,M,4858114.0,236681.0,91
201700034378,17,4,16,1020,1,1,1,1.0,7.0,91086,M,4860356.0,238715.0,91
201700034379,17,4,19,525,5,1,6,1.0,6.0,91340,M,4859974.0,243641.0,91
201700034380,17,4,25,1750,1,1,1,1.0,3.0,91340,M,4860664.0,242598.0,91
201700034381,17,4,29,1100,1,2,1,1.0,3.0,91086,M,4862203.0,238121.0,91
201700034382,17,5,24,1550,1,1,1,1.0,6.0,91204,M,4857490.0,240942.0,91
201700034383,17,5,28,1648,1,2,3,1.0,6.0,91235,M,4864197.0,236127.0,91
201700034384,17,6,27,1915,1,2,6,3.0,1.0,91235,M,4862176.0,235051.0,91
201700034385,17,8,8,630,1,1,1,2.0,1.0,91648,M,4856589.0,236328.0,91
201700034386,17,9,13,1310,1,2,1,2.0,6.0,91340,M,4861326.0,241526.0,91
201700034387,17,9,13,1350,1,2,1,3.0,5.0,91235,M,4863620.0,235996.0,91
201700034388,17,9,15,1845,1,2,3,1.0,1.0,91340,M,4860136.0,244118.0,91
201700034389,17,10,5,1820,1,2,1,2.0,1.0,91086,M,4861525.0,238162.0,91
201700034390,17,11,3,1340,1,2,1,1.0,7.0,91340,M,4859424.0,243327.0,91
201700034391,17,11,28,920,1,1,1,1.0,3.0,91648,M,4857873.0,236626.0,91
201700034392,17,1,3,1650,1,1,1,1.0,6.0,62294,M,5059711.0,226582.0,62
201700034393,17,1,9,1330,1,1,1,8.0,6.0,62613,M,5066968.0,205748.0,62
201700034394,17,2,3,2015,3,1,1,2.0,6.0,62534,M,5069361.0,209317.0,62
201700034395,17,3,29,1425,1,1,1,1.0,6.0,62897,M,5066877.0,207751.0,62
201700034396,17,4,9,1900,1,1,1,1.0,4.0,62794,M,5071651.0,216510.0,62
201700034397,17,4,26,1300,1,1,1,8.0,1.0,62245,M,5070990.0,200569.0,62
201700034398,17,5,15,735,1,1,1,1.0,6.0,62794,M,5071994.0,214711.0,62
201700034399,17,6,25,130,3,1,1,2.0,7.0,62245,M,5071006.0,200069.0,62
201700034400,17,7,11,745,1,1,2,1.0,3.0,62495,M,5063805.0,196751.0,62
201700034401,17,7,16,200,3,1,1,1.0,6.0,62403,M,5069947.0,222253.0,62
201700034402,17,8,6,1630,1,2,1,1.0,6.0,62812,M,5061435.0,208171.0,62
201700034403,17,8,20,2140,5,2,1,1.0,2.0,62656,M,5067238.0,219515.0,62
201700034404,17,9,5,25,3,2,1,1.0,6.0,62794,M,5070978.0,214448.0,62
201700034405,17,10,4,1100,1,2,3,1.0,1.0,62644,M,5064999.0,214403.0,62
201700034406,17,11,5,850,1,1,2,1.0,3.0,62304,M,5059465.0,223629.0,62
201700034407,17,11,25,1720,3,1,1,1.0,1.0,62534,M,5070819.0,210743.0,62
201700034408,17,12,28,1200,1,1,1,9.0,7.0,62905,M,5075109.0,216200.0,62
201700034409,17,1,17,1641,1,2,2,1.0,3.0,68066,M,4806945.0,736513.0,68
201700034410,17,3,12,1845,2,2,3,1.0,6.0,68066,M,4807630.0,734023.0,68
201700034411,17,6,20,1633,1,2,6,1.0,6.0,68066,M,4806247.0,736287.0,68
201700034412,17,7,1,613,1,2,2,1.0,1.0,68066,M,4808297.0,735581.0,68
201700034413,17,9,6,827,1,1,6,1.0,3.0,68066,M,4809226.0,734798.0,68
201700034414,17,7,17,209,5,2,2,1.0,3.0,68066,M,4808143.0,735323.0,68