Num_Acc,an,mois,jour,hrmn,lum,agg,int,atm,col,com,gps,lat,long,dep
201700034415,17,9,16,1607,1,2,1,1.0,3.0,68066,M,4807784.0,733248.0,68
201700034416,17,9,16,1203,1,2,3,1.0,3.0,68066,M,4807214.0,736600.0,68
201700034417,17,9,5,1740,1,2,1,1.0,2.0,68066,M,4807561.0,734188.0,68
201700034418,17,9,22,1858,1,2,4,1.0,3.0,68066,M,4808903.0,733230.0,68
201700034419,17,9,16,557,5,2,2,1.0,2.0,68066,M,4809085.0,736019.0,68
201700034420,17,9,28,810,1,2,1,1.0,6.0,68066,M,4808024.0,736100.0,68
201700034421,17,9,17,424,5,2,1,1.0,6.0,68066,M,4806932.0,736917.0,68
201700034422,17,10,13,855,1,2,6,1.0,3.0,68066,M,4809238.0,734885.0,68
201700034423,17,10,9,1458,1,2,2,1.0,3.0,68066,M,4808468.0,736192.0,68
201700034424,17,10,6,1250,1,2,6,1.0,6.0,68066,M,4807150.0,732871.0,68
201700034425,17,10,14,1539,1,2,2,1.0,3.0,68066,M,4807345.0,734937.0,68
201700034426,17,10,6,1002,1,2,6,1.0,2.0,68066,M,4807470.0,734427.0,68
201700034427,17,11,14,1501,1,2,3,1.0,1.0,68066,M,4807085.0,735142.0,68
201700034428,17,10,28,2345,5,2,1,1.0,6.0,68066,M,4808192.0,735428.0,68
201700034429,17,11,2,1141,1,2,2,1.0,3.0,68066,M,4808573.0,733091.0,68
201700034430,17,11,13,1800,2,2,3,1.0,6.0,68066,M,4808473.0,734651.0,68
201700034431,17,11,21,1016,1,2,3,1.0,3.0,68066,M,4807967.0,737362.0,68
201700034432,17,12,6,1250,1,2,2,1.0,6.0,68066,M,4807824.0,736794.0,68
201700034433,17,12,12,1751,5,2,6,1.0,6.0,68066,M,4809426.0,736213.0,68
201700034434,17,12,4,1410,1,2,4,1.0,3.0,68066,M,4809572.0,737719.0,68
201700034435,17,12,17,1935,5,2,1,1.0,3.0,68066,M,4808676.0,735082.0,68
201700034436,17,12,14,1023,1,2,1,1.0,7.0,68066,M,4807753.0,733010.0,68
201700034437,17,1,9,1609,1,2,6,4.0,7.0,68056,M,4771761.0,731573.0,68
201700034438,17,1,13,1150,1,2,3,1.0,6.0,68224,M,4775484.0,731768.0,68
201700034439,17,1,17,1432,1,2,3,1.0,6.0,68224,M,4773810.0,729527.0,68
201700034440,17,1,19,1545,1,2,3,1.0,6.0,68224,M,4776965.0,732107.0,68
201700034441,17,1,30,1715,1,2,1,2.0,6.0,68224,M,4775240.0,733988.0,68
201700034442,17,2,1,1505,1,1,1,1.0,5.0,68224,M,4777265.0,737188.0,68
201700034443,17,2,2,1437,1,2,3,1.0,3.0,68224,M,4775990.0,735763.0,68
201700034444,17,2,9,1559,1,2,3,1.0,2.0,68224,M,4775049.0,733881.0,68
201700034445,17,2,11,800,1,2,2,1.0,3.0,68224,M,4775167.0,732634.0,68
201700034446,17,3,15,742,1,2,6,1.0,6.0,68224,M,4774320.0,733430.0,68
201700034447,17,3,18,1900,5,2,3,1.0,6.0,68224,M,4773762.0,729961.0,68
201700034448,17,3,17,755,1,2,9,1.0,3.0,68224,M,4752990.0,733167.0,68
201700034449,17,3,21,740,1,2,1,1.0,6.0,68224,M,4774393.0,731171.0,68
201700034450,17,3,27,1840,1,2,1,1.0,6.0,68224,M,4775450.0,734659.0,68
201700034451,17,3,28,1340,1,2,1,1.0,7.0,68224,M,4775545.0,733303.0,68
201700034452,17,4,12,1721,1,2,1,1.0,6.0,68224,M,4774000.0,731000.0,68
201700034453,17,4,7,2045,5,1,1,1.0,6.0,68224,M,4773000.0,733000.0,68
201700034454,17,6,7,315,5,2,1,2.0,1.0,68224,M,4776449.0,732404.0,68
201700034455,17,4,22,1302,1,2,3,1.0,3.0,68224,M,4775723.0,731590.0,68
201700034456,17,4,24,2100,5,2,3,1.0,3.0,68224,M,4775293.0,732906.0,68
201700034457,17,5,10,1717,1,2,1,1.0,7.0,68224,M,4774815.0,733333.0,68
201700034458,17,5,16,1657,1,2,1,1.0,6.0,68224,M,4773941.0,731617.0,68
201700034459,17,5,22,1330,1,2,1,1.0,6.0,68224,M,4774828.0,734910.0,68
201700034460,17,5,22,2101,1,2,2,1.0,6.0,68224,M,4775349.0,733494.0,68
201700034461,17,5,22,1130,1,2,4,1.0,6.0,68224,M,4773976.0,735016.0,68
201700034462,17,6,11,1927,1,2,2,1.0,3.0,68224,M,4775963.0,734409.0,68
201700034463,17,6,14,755,1,2,1,1.0,6.0,68224,M,4775316.0,731237.0,68
201700034464,17,6,16,1115,1,2,3,1.0,3.0,68224,M,4773043.0,729110.0,68
201700034465,17,6,24,926,1,2,2,1.0,3.0,68224,M,4774711.0,732768.0,68
201700034466,17,6,24,1604,1,2,3,1.0,2.0,68224,M,4775602.0,729982.0,68
201700034467,17,7,6,1642,1,2,3,1.0,3.0,68224,M,4774824.0,734727.0,68
201700034468,17,7,9,1655,1,2,2,1.0,6.0,68224,M,4775000.0,734000.0,68
201700034469,17,7,15,2323,5,2,1,1.0,6.0,68224,M,4775000.0,732000.0,68
201700034470,17,7,25,2055,2,2,3,8.0,4.0,68224,M,4773257.0,730509.0,68
201700034471,17,7,16,1549,1,2,1,1.0,3.0,68224,M,4776000.0,734300.0,68
201700034472,17,8,1,1407,1,2,4,1.0,3.0,68224,M,4775509.0,734474.0,68
201700034473,17,8,4,1420,1,2,1,1.0,7.0,68224,M,4774200.0,732900.0,68
201700034474,17,8,8,950,1,2,1,2.0,7.0,68224,M,4774100.0,730100.0,68
201700034475,17,8,22,1648,1,2,3,1.0,6.0,68224,M,4774100.0,734900.0,68
201700034476,17,8,27,1630,1,2,3,1.0,3.0,68224,M,4777318.0,733391.0,68
201700034477,17,9,3,1615,1,2,2,1.0,3.0,68224,M,4775297.0,735564.0,68
201700034478,17,9,4,1215,1,2,1,1.0,6.0,68224,M,4773581.0,731112.0,68
201700034479,17,9,21,651,2,2,6,1.0,6.0,68256,M,4776854.0,730659.0,68
201700034480,17,9,20,2155,3,1,1,1.0,3.0,68224,M,4777302.0,733703.0,68
201700034481,17,9,23,1007,1,2,2,1.0,6.0,68224,M,4775230.0,732800.0,68
201700034482,17,10,3,1418,1,2,2,1.0,6.0,68224,M,4775213.0,733352.0,68
201700034483,17,10,11,1138,1,2,1,1.0,6.0,68224,M,4777300.0,732500.0,68
201700034484,17,10,11,1755,1,2,3,7.0,6.0,68224,M,4774885.0,732518.0,68
201700034485,17,10,21,1920,2,2,2,1.0,3.0,68224,M,4776252.0,735178.0,68
201700034486,17,11,7,1632,1,2,1,1.0,6.0,68224,M,4774358.0,732418.0,68
201700034487,17,11,17,1446,1,2,3,1.0,3.0,68224,M,4775402.0,730848.0,68
201700034488,17,12,14,423,4,2,3,2.0,6.0,68224,M,4774885.0,732518.0,68
201700034489,17,12,14,1751,3,2,2,2.0,7.0,68224,M,4774400.0,731100.0,68
201700034490,17,12,28,1009,1,2,3,1.0,3.0,68224,M,4775100.0,733100.0,68
201700034491,17,1,9,2226,5,2,2,1.0,3.0,68297,M,4759849.0,755512.0,68
201700034492,17,1,1,50,3,1,6,1.0,1.0,68297,M,4761124.0,752018.0,68
201700034493,17,3,13,1305,1,2,6,1.0,2.0,68297,M,4759348.0,755506.0,68
201700034494,17,3,8,1750,1,2,3,1.0,3.0,68297,M,4758113.0,755354.0,68
201700034495,17,4,2,1750,1,2,1,1.0,6.0,68297,M,4763231.0,752333.0,68
201700034496,17,4,5,910,1,2,1,1.0,6.0,68297,M,4758413.0,755996.0,68
201700034497,17,5,2,825,1,2,2,1.0,3.0,68297,M,4758118.0,756316.0,68
201700034498,17,8,30,1845,1,2,6,1.0,3.0,68149,M,4760056.0,758424.0,68
201700034499,17,10,6,1810,1,2,3,1.0,3.0,68297,M,4758446.0,756510.0,68
201700034500,17,10,20,1217,1,2,1,1.0,6.0,68297,M,4758501.0,756456.0,68
201700034501,17,10,21,1725,1,2,3,8.0,1.0,68297,M,4758877.0,756098.0,68
201700034502,17,11,30,1715,5,2,1,2.0,6.0,68149,M,4759300.0,758345.0,68
201700034503,17,5,5,1750,1,1,2,1.0,4.0,68376,M,4782547.0,728685.0,68
201700034504,17,5,26,1740,1,2,2,1.0,3.0,68166,M,4779383.0,733574.0,68
201700034505,17,5,31,1825,1,2,1,1.0,6.0,68166,M,4779089.0,731542.0,68
201700034506,17,6,1,1434,1,2,1,1.0,3.0,68166,M,4778195.0,731679.0,68
201700034507,17,6,6,1333,1,2,6,1.0,3.0,68166,M,4779023.0,731541.0,68
201700034508,17,6,12,1425,1,2,2,1.0,6.0,68376,M,4780304.0,733709.0,68
201700034509,17,6,23,300,5,2,1,1.0,7.0,68376,M,4781766.0,730788.0,68
201700034510,17,8,1,140,3,1,1,1.0,6.0,68376,M,4781377.0,729849.0,68
201700034511,17,8,1,1440,1,2,3,1.0,1.0,68166,M,4777787.0,731843.0,68
201700034512,17,8,25,2150,5,2,1,1.0,3.0,68376,M,4780970.0,733730.0,68
201700034513,17,8,27,1930,1,2,1,1.0,6.0,68376,M,4780938.0,733830.0,68
201700034514,17,9,5,2100,5,2,1,1.0,1.0,68376,M,4782546.0,734017.0,68
201700034515,17,9,29,737,1,2,2,1.0,3.0,68166,M,4778540.0,731665.0,68
201700034516,17,10,11,715,1,2,1,1.0,3.0,68166,M,4779940.0,733651.0,68
201700034517,17,11,7,1720,4,2,1,2.0,3.0,68166,M,4778585.0,732774.0,68
201700034518,17,12,21,1940,5,2,1,2.0,6.0,68166,M,,,68
201700034519,17,12,20,1115,1,2,6,1.0,7.0,68376,M,4780595.0,731423.0,68
201700034520,17,2,13,1730,1,1,1,1.0,6.0,01434,M,4597712.0,508995.0,01
201700034521,17,5,8,1700,1,1,2,1.0,3.0,01090,M,4603414.0,521044.0,01
201700034522,17,6,16,930,1,2,1,1.0,7.0,01449,M,4598993.0,526906.0,01
201700034523,17,9,5,1200,1,1,1,1.0,3.0,01244,M,4589520.0,519174.0,01
201700034524,17,11,1,1045,1,1,2,1.0,2.0,01090,M,4604622.0,518411.0,01
201700034525,17,11,1,1750,3,1,2,1.0,3.0,01090,M,4604572.0,518413.0,01
201700034526,17,11,12,1800,3,1,1,2.0,6.0,01290,M,4588680.0,518818.0,01
201700034527,17,12,11,1715,3,1,1,2.0,6.0,01378,M,4582870.0,519043.0,01
201700034528,17,12,23,750,2,1,1,2.0,6.0,01349,M,4593295.0,515131.0,01
201700034529,17,4,12,915,1,2,1,1.0,2.0,01443,M,4600180.0,503194.0,01
201700034530,17,5,3,800,1,1,1,1.0,1.0,01235,M,4605581.0,507630.0,01
201700034531,17,5,9,1940,1,1,3,1.0,3.0,01105,M,4592196.0,488906.0,01
201700034532,17,5,13,935,1,1,2,8.0,3.0,01362,M,4595823.0,487862.0,01
201700034533,17,5,19,1330,1,1,3,1.0,3.0,01443,M,4601407.0,504975.0,01
201700034534,17,5,29,1815,1,1,1,1.0,5.0,01383,M,4609506.0,512310.0,01
201700034535,17,5,30,840,1,1,2,1.0,3.0,01235,M,4605581.0,507630.0,01
201700034536,17,6,9,1645,1,1,1,1.0,3.0,01362,M,4596001.0,489952.0,01
201700034537,17,6,10,1735,1,2,6,1.0,3.0,01333,M,4592622.0,495128.0,01
201700034538,17,6,18,400,3,1,1,1.0,6.0,01424,M,4588320.0,495933.0,01
201700034539,17,6,25,1405,1,1,1,7.0,1.0,01383,M,4610352.0,513511.0,01
201700034540,17,7,1,1215,1,1,2,1.0,3.0,01381,M,4605675.0,511206.0,01
201700034541,17,7,1,1545,1,1,1,2.0,1.0,01443,M,4599238.0,504853.0,01
201700034542,17,7,4,1200,1,2,3,1.0,1.0,01443,M,4600705.0,503323.0,01
201700034543,17,7,21,1555,1,2,1,1.0,6.0,01443,M,4600146.0,502924.0,01
201700034544,17,7,28,1345,1,2,1,1.0,6.0,01105,M,4592196.0,488906.0,01
201700034545,17,8,15,700,1,1,1,1.0,6.0,01424,M,4587480.0,498374.0,01
201700034546,17,8,29,645,2,1,1,1.0,6.0,01005,M,4599822.0,491637.0,01
201700034547,17,9,7,1620,1,1,1,1.0,2.0,01207,M,4596763.0,500680.0,01
201700034548,17,9,29,800,1,1,2,1.0,3.0,01262,M,4592540.0,501949.0,01
201700034549,17,10,14,20,3,1,1,1.0,6.0,01005,M,4600534.0,491456.0,01
201700034550,17,11,8,655,2,1,1,2.0,5.0,01261,M,4557509.0,456415.0,01
201700034551,17,11,11,450,2,1,1,2.0,6.0,01443,M,4598757.0,501966.0,01
201700034552,17,10,29,1835,2,1,3,1.0,3.0,01443,M,4599642.0,502784.0,01
201700034553,17,12,1,1750,5,1,1,1.0,2.0,01052,M,4600604.0,502482.0,01
201700034554,17,12,4,1610,2,1,1,8.0,3.0,01045,M,4595040.0,503888.0,01
201700034555,17,1,13,800,1,2,3,1.0,3.0,69091,M,4560190.0,477034.0,69
201700034556,17,1,11,1150,1,2,1,8.0,6.0,69091,M,4558468.0,476660.0,69
201700034557,17,1,19,630,2,2,1,1.0,6.0,69091,M,4558899.0,477081.0,69
201700034558,17,1,18,950,1,2,1,1.0,3.0,69091,M,4559055.0,477057.0,69
201700034559,17,2,4,1600,1,2,1,1.0,3.0,69096,M,4560665.0,477213.0,69
201700034560,17,2,7,950,1,2,1,2.0,4.0,69096,M,4560743.0,477262.0,69
201700034561,17,2,11,1954,5,2,1,1.0,5.0,69091,M,,,69
201700034562,17,2,16,1121,1,2,1,1.0,6.0,69091,M,4557615.0,478749.0,69
201700034563,17,3,29,1730,1,2,1,1.0,6.0,69091,M,4560261.0,476164.0,69
201700034564,17,4,10,1730,1,2,7,1.0,7.0,69091,M,4558210.0,474190.0,69
201700034565,17,4,14,1735,1,1,1,1.0,7.0,69091,M,4558491.0,474578.0,69
201700034566,17,5,3,1540,1,2,1,1.0,6.0,69091,M,4558417.0,474840.0,69
201700034567,17,5,4,1055,1,2,1,8.0,6.0,69091,M,4558040.0,473902.0,69
201700034568,17,5,5,850,1,2,1,1.0,6.0,69091,M,4558421.0,477145.0,69
201700034569,17,5,6,1450,1,2,1,2.0,6.0,69091,M,4560436.0,476363.0,69
201700034570,17,5,13,1400,1,2,1,2.0,7.0,69091,M,4559417.0,476484.0,69
201700034571,17,6,2,1730,1,2,1,1.0,3.0,69096,M,4560951.0,478652.0,69
201700034572,17,6,4,2100,2,2,1,1.0,3.0,69091,M,4559144.0,477011.0,69
201700034573,17,6,17,700,1,2,1,1.0,6.0,69091,M,4558409.0,477658.0,69
201700034574,17,6,21,1040,1,2,1,1.0,7.0,69091,M,4558233.0,474204.0,69
201700034575,17,6,26,1945,1,2,1,1.0,6.0,69091,M,4558369.0,477182.0,69
201700034576,17,7,18,1830,1,2,1,1.0,6.0,69096,M,,,69
201700034577,17,8,8,2000,1,2,1,1.0,1.0,69091,M,4559105.0,477063.0,69
201700034578,17,8,22,1308,1,2,1,1.0,6.0,69091,M,4556821.0,477844.0,69
201700034579,17,8,25,1435,1,2,1,1.0,3.0,69096,M,,,69
201700034580,17,9,11,807,1,2,1,1.0,3.0,69091,M,4556927.0,479769.0,69
201700034581,17,9,13,1746,1,2,9,1.0,3.0,69091,M,4558918.0,477100.0,69
201700034582,17,9,13,1140,1,2,1,1.0,6.0,69096,M,4560415.0,478008.0,69
201700034583,17,9,18,1600,1,2,2,1.0,5.0,69091,M,4557216.0,479434.0,69
201700034584,17,9,29,2120,5,2,9,1.0,3.0,69091,M,4558949.0,477084.0,69
201700034585,17,9,30,1530,1,1,1,3.0,1.0,69091,M,4558489.0,473872.0,69
201700034586,17,9,30,1750,2,1,1,2.0,7.0,69091,M,4557778.0,472280.0,69
201700034587,17,10,7,1210,1,2,1,1.0,2.0,69091,M,4560133.0,476333.0,69
201700034588,17,9,30,1555,1,1,1,3.0,6.0,69091,M,4557654.0,474927.0,69
201700034589,17,10,30,1650,1,2,1,1.0,6.0,69091,M,4559139.0,476931.0,69
201700034590,17,11,22,1710,5,2,4,1.0,6.0,69091,M,4558919.0,477102.0,69
201700034591,17,12,6,750,2,2,1,8.0,3.0,69091,M,4559981.0,476430.0,69
201700034592,17,12,26,1050,1,2,1,1.0,2.0,69091,M,4557921.0,473559.0,69
201700034593,17,2,12,345,5,2,1,1.0,7.0,69264,M,,,69
201700034594,17,1,23,1645,1,1,1,1.0,1.0,69013,M,4601821.0,472072.0,69
201700034595,17,3,15,750,1,1,9,1.0,2.0,69013,M,4602527.0,472055.0,69
201700034596,17,4,9,2040,2,1,3,1.0,1.0,69013,M,4601535.0,470728.0,69
201700034597,17,5,17,2045,1,2,1,1.0,6.0,69264,M,4597388.0,474857.0,69
201700034598,17,5,17,1930,1,2,1,1.0,3.0,69115,M,4597915.0,472892.0,69
201700034599,17,5,23,1840,1,2,3,1.0,3.0,69013,M,4600977.0,472564.0,69
201700034600,17,6,22,720,1,2,3,1.0,3.0,69092,M,4598525.0,470263.0,69
201700034601,17,6,20,1045,1,2,2,1.0,6.0,69264,M,4598727.0,472136.0,69
201700034602,17,6,27,1500,1,1,1,1.0,6.0,69013,M,4601027.0,470022.0,69
201700034603,17,6,28,1130,1,2,1,1.0,4.0,69264,M,4598675.0,474383.0,69
201700034604,17,7,2,1100,1,2,2,1.0,1.0,69264,M,4599543.0,-471900.0,69
201700034605,17,7,4,1630,1,2,1,1.0,6.0,69264,M,4599535.0,472028.0,69
201700034606,17,7,5,1430,1,2,1,1.0,2.0,69264,M,4500000.0,442590.0,69
201700034607,17,6,25,500,5,2,1,1.0,6.0,69264,M,4600251.0,471942.0,69
201700034608,17,7,6,1610,1,2,1,1.0,2.0,69264,M,4598442.0,473418.0,69
201700034609,17,7,10,1235,1,2,1,1.0,4.0,69264,M,4599041.0,474270.0,69
201700034610,17,7,10,1010,1,2,1,1.0,7.0,69264,M,4598322.0,472224.0,69
201700034611,17,7,10,1905,1,2,1,1.0,3.0,69115,M,4596666.0,471666.0,69
201700034612,17,7,13,1800,1,2,2,1.0,3.0,69264,M,4598847.0,472246.0,69
201700034613,17,7,16,1945,1,2,1,1.0,1.0,69264,M,4598885.0,472407.0,69
201700034614,17,7,26,1200,1,2,7,1.0,7.0,69264,M,4599653.0,472757.0,69
201700034615,17,8,2,1720,1,2,2,1.0,2.0,69264,M,4599846.0,470847.0,69
201700034616,17,8,2,2050,2,1,1,1.0,1.0,69092,M,4598365.0,468796.0,69
201700034617,17,8,6,2050,2,1,1,1.0,1.0,69115,M,4597400.0,471287.0,69
201700034618,17,8,9,1535,1,2,1,1.0,6.0,69290,M,4597396.0,474799.0,69
201700034619,17,8,12,915,1,2,1,1.0,3.0,69264,M,4599219.0,471986.0,69
201700034620,17,8,10,1930,1,2,1,1.0,7.0,69264,M,4598277.0,473222.0,69
201700034621,17,8,21,950,1,2,2,1.0,3.0,69264,M,4597908.0,474198.0,69
201700034622,17,8,18,930,1,2,6,1.0,3.0,69264,M,4600083.0,471777.0,69
201700034623,17,8,24,750,1,2,6,1.0,3.0,69092,M,4599142.0,469984.0,69
201700034624,17,9,1,800,1,2,1,1.0,3.0,69264,M,4500000.0,400000.0,69
201700034625,17,9,14,1630,1,2,1,1.0,6.0,69115,M,4596666.0,470000.0,69
201700034626,17,9,21,1014,1,2,1,1.0,6.0,69264,M,4599000.0,471000.0,69
201700034627,17,9,28,755,1,2,2,1.0,6.0,69264,M,4599873.0,471622.0,69
201700034628,17,9,28,1730,1,2,1,1.0,2.0,69092,M,4601471.0,470844.0,69
201700034629,17,10,5,1035,1,2,3,1.0,3.0,69264,M,4598222.0,473527.0,69
201700034630,17,10,13,2300,5,2,2,1.0,3.0,69264,M,4598161.0,474115.0,69
201700034631,17,10,11,1910,1,2,3,1.0,1.0,69264,M,4598491.0,476626.0,69
201700034632,17,10,26,1130,1,2,9,1.0,2.0,69264,M,4599882.0,471631.0,69
201700034633,17,11,13,1625,1,2,9,1.0,6.0,69264,M,4597907.0,472835.0,69
201700034634,17,11,20,815,2,2,9,1.0,6.0,69264,M,4599881.0,471627.0,69
201700034635,17,12,7,1140,1,2,1,1.0,6.0,69264,M,4598500.0,472027.0,69
201700034636,17,12,8,1735,5,2,3,1.0,3.0,69092,M,4599635.0,470696.0,69
201700034637,17,12,8,800,2,2,3,1.0,3.0,69013,M,4600977.0,472561.0,69
201700034638,17,12,20,750,2,2,1,2.0,6.0,69264,M,4599871.0,471622.0,69
201700034639,17,1,1,1650,1,1,1,1.0,6.0,69271,M,4574584.0,496508.0,69
201700034640,17,1,10,1645,1,2,3,2.0,5.0,69266,M,4575826.0,489982.0,69
201700034641,17,1,13,1940,5,2,1,1.0,6.0,69266,M,4576011.0,489880.0,69
201700034642,17,1,13,1935,5,2,2,1.0,3.0,69266,M,4575494.0,488562.0,69
201700034643,17,1,13,1600,1,2,3,1.0,6.0,69256,M,4578234.0,494260.0,69
201700034644,17,1,18,700,5,2,1,1.0,6.0,69256,M,4578556.0,491084.0,69
201700034645,17,12,31,1730,5,2,3,8.0,6.0,69282,M,4576769.0,500211.0,69
201700034646,17,1,21,805,1,2,1,1.0,6.0,69266,M,4578277.0,489022.0,69
201700034647,17,1,21,1845,5,2,3,1.0,7.0,69256,M,4576642.0,492987.0,69
201700034648,17,1,28,1810,5,2,1,2.0,6.0,69266,M,4576711.0,489275.0,69
201700034649,17,1,30,1745,2,2,6,2.0,2.0,69290,M,4569411.0,493499.0,69
201700034650,17,11,22,830,1,2,1,1.0,3.0,69256,M,4578686.0,491845.0,69
201700034651,17,2,4,920,1,2,1,1.0,6.0,69029,M,4572961.0,489423.0,69
201700034652,17,2,6,1753,5,2,2,2.0,3.0,69256,M,4575174.0,492397.0,69
201700034653,17,1,22,455,5,1,1,1.0,1.0,69271,M,4573930.0,495471.0,69
201700034654,17,2,9,1330,1,2,3,1.0,3.0,69029,M,4573645.0,491518.0,69
201700034655,17,2,8,1525,1,1,2,1.0,3.0,69290,M,4571583.0,496166.0,69
201700034656,17,2,10,2010,5,2,1,1.0,3.0,69290,M,4568656.0,494527.0,69
201700034657,17,2,12,1650,1,2,9,1.0,6.0,69271,M,4573067.0,494816.0,69
201700034658,17,2,16,610,5,2,3,1.0,6.0,69029,M,4573829.0,489448.0,69
201700034659,17,2,19,159,5,2,2,1.0,5.0,69256,M,4576723.0,493335.0,69
201700034660,17,2,17,1630,1,2,6,1.0,3.0,69256,M,4578122.0,492905.0,69
201700034661,17,2,20,1725,1,2,1,1.0,6.0,69029,M,4574406.0,491614.0,69
201700034662,17,2,1,745,1,1,1,1.0,6.0,69029,M,,,69
201700034663,17,2,22,1727,1,2,1,1.0,6.0,69256,M,4578602.0,491111.0,69
201700034664,17,2,23,1235,1,2,2,1.0,6.0,69256,M,4576265.0,492896.0,69
201700034665,17,2,27,1510,1,2,1,1.0,6.0,69029,M,,,69
201700034666,17,2,18,200,3,2,4,1.0,6.0,69256,M,4579075.0,493350.0,69
201700034667,17,2,28,840,1,2,1,1.0,4.0,69282,M,4577731.0,499289.0,69
201700034668,17,2,28,1525,1,2,2,1.0,2.0,69290,M,,,69
201700034669,17,2,25,1205,1,2,1,1.0,3.0,69275,M,,,69
201700034670,17,2,21,1,5,2,1,1.0,6.0,69275,M,4577243.0,497345.0,69
201700034671,17,3,1,1000,1,2,2,1.0,3.0,69029,M,4573361.0,490868.0,69
201700034672,17,3,5,520,4,2,2,1.0,3.0,69266,M,4575125.0,490725.0,69
201700034673,17,3,7,1000,1,2,1,8.0,6.0,69266,M,4578315.0,489372.0,69
201700034674,17,3,7,1502,1,2,1,1.0,6.0,69266,M,4576851.0,488460.0,69
201700034675,17,3,8,1810,2,2,1,1.0,6.0,69266,M,4576450.0,491813.0,69
201700034676,17,3,10,1320,1,2,1,1.0,6.0,69266,M,4575708.0,488575.0,69
201700034677,17,11,20,1944,5,2,1,1.0,6.0,69266,M,4576043.0,488489.0,69
201700034678,17,3,11,1555,1,2,2,1.0,6.0,69266,M,4576700.0,488928.0,69
201700034679,17,3,12,644,5,2,3,1.0,6.0,69029,M,,,69
201700034680,17,3,13,1350,1,2,3,1.0,3.0,69282,M,4577556.0,498936.0,69
201700034681,17,3,16,1650,1,2,6,1.0,3.0,69029,M,4572472.0,491500.0,69
201700034682,17,3,17,1850,1,2,1,1.0,6.0,69271,M,4573773.0,494438.0,69
201700034683,17,3,19,1345,1,2,1,1.0,6.0,69282,M,4579500.0,499921.0,69
201700034684,17,3,14,1500,1,2,2,1.0,6.0,69266,M,4576964.0,487126.0,69
201700034685,17,3,24,1650,1,2,8,1.0,6.0,69256,M,,,69
201700034686,17,3,25,10,5,2,1,1.0,6.0,69266,M,4578537.0,490145.0,69
201700034687,17,3,22,1200,1,2,1,1.0,6.0,69029,M,4573895.0,490787.0,69
201700034688,17,3,26,1640,1,2,1,1.0,3.0,69266,M,4576666.0,490142.0,69
201700034689,17,3,26,1800,1,2,6,1.0,3.0,69282,M,4575289.0,501928.0,69
201700034690,17,3,26,1750,1,2,2,1.0,3.0,69290,M,4571915.0,493118.0,69
201700034691,17,3,27,1125,1,2,1,1.0,6.0,69256,M,4577091.0,490688.0,69
201700034692,17,3,30,1630,1,2,3,1.0,6.0,69029,M,4573001.0,490827.0,69
201700034693,17,3,30,1920,1,1,1,1.0,2.0,69282,M,4578819.0,502959.0,69
201700034694,17,3,31,1315,1,1,1,1.0,6.0,69029,M,4573901.0,490692.0,69
201700034695,17,3,31,1735,1,2,3,1.0,6.0,69256,M,4577827.0,491694.0,69
201700034696,17,3,29,2230,5,2,1,1.0,3.0,69266,M,4575263.0,489954.0,69
201700034697,17,4,3,1130,1,2,1,1.0,6.0,69256,M,4574813.0,492119.0,69
201700034698,17,4,7,735,1,2,2,1.0,1.0,69266,M,4576522.0,486996.0,69
201700034699,17,4,7,1750,1,2,1,1.0,6.0,69266,M,4577293.0,485882.0,69
201700034700,17,4,8,840,1,2,1,1.0,2.0,69266,M,4577348.0,489535.0,69
201700034701,17,4,10,1625,1,2,1,1.0,3.0,69290,M,4570845.0,498885.0,69
201700034702,17,4,11,1655,1,2,3,1.0,6.0,69290,M,4569224.0,495015.0,69
201700034703,17,4,17,850,1,2,1,1.0,1.0,69290,M,4571076.0,495367.0,69
201700034704,17,4,17,1400,1,2,1,1.0,3.0,69275,M,4576694.0,500679.0,69
201700034705,17,4,19,930,1,2,5,1.0,7.0,69290,M,4571205.0,492056.0,69
201700034706,17,4,21,2125,5,2,2,1.0,3.0,69256,M,4576363.0,493341.0,69
201700034707,17,4,24,1911,1,2,1,1.0,6.0,69256,M,4577785.0,492718.0,69
201700034708,17,4,24,1730,1,2,3,1.0,2.0,69282,M,4578556.0,500206.0,69
201700034709,17,3,5,2015,5,1,1,1.0,6.0,69029,M,4571853.0,491058.0,69
201700034710,17,4,28,835,1,2,2,1.0,6.0,69266,M,4576965.0,487108.0,69
201700034711,17,5,1,1535,1,2,2,1.0,3.0,69266,M,4576959.0,486992.0,69
201700034712,17,4,24,1827,1,2,8,1.0,3.0,69266,M,4575499.0,488593.0,69
201700034713,17,5,7,1135,1,2,1,1.0,3.0,69282,M,4578402.0,500126.0,69
201700034714,17,5,7,1600,1,2,1,1.0,6.0,69256,M,4575042.0,934096.0,69
201700034715,17,5,9,740,1,2,2,1.0,6.0,69029,M,4574906.0,491512.0,69
201700034716,17,5,10,1700,1,1,1,1.0,4.0,69290,M,4569716.0,497582.0,69
201700034717,17,5,9,1700,1,2,1,1.0,6.0,69290,M,4569345.0,494984.0,69
201700034718,17,5,11,1015,1,2,3,2.0,6.0,69275,M,4576000.0,496000.0,69
201700034719,17,5,11,1035,1,2,2,3.0,3.0,69266,M,4576821.0,488182.0,69