Num_Acc,an,mois,jour,hrmn,lum,agg,int,atm,col,com,gps,lat,long,dep
201700034720,17,5,15,1450,1,2,2,1.0,1.0,69256,M,4576337.0,493694.0,69
201700034721,17,5,15,1620,1,2,1,1.0,6.0,69266,M,4577849.0,489906.0,69
201700034722,17,5,16,1545,1,2,1,1.0,3.0,69266,M,4577750.0,488810.0,69
201700034723,17,5,9,1325,1,2,1,1.0,6.0,69256,M,4575653.0,492844.0,69
201700034724,17,5,20,1245,1,2,1,1.0,6.0,69282,M,4576676.0,499912.0,69
201700034725,17,5,20,2130,5,2,1,1.0,1.0,69029,M,4574304.0,493129.0,69
201700034726,17,5,23,1800,1,2,1,1.0,6.0,69266,M,4577058.0,487708.0,69
201700034727,17,5,15,1150,1,2,1,1.0,6.0,69266,M,4576461.0,488768.0,69
201700034728,17,5,24,1310,1,2,3,1.0,3.0,69266,M,4575956.0,488499.0,69
201700034729,17,5,24,1815,1,2,2,1.0,3.0,69282,M,4577710.0,500536.0,69
201700034730,17,5,27,2045,1,2,3,1.0,3.0,69029,M,4573439.0,489702.0,69
201700034731,17,5,27,2355,5,2,1,1.0,3.0,69266,M,4576666.0,489742.0,69
201700034732,17,5,30,1110,1,2,1,1.0,6.0,69290,M,4571476.0,496470.0,69
201700034733,17,5,30,1330,1,2,2,1.0,6.0,69266,M,4577053.0,489854.0,69
201700034734,17,5,30,1130,1,2,1,1.0,1.0,69290,M,4568682.0,494487.0,69
201700034735,17,5,30,1840,1,2,2,1.0,3.0,69282,M,4577000.0,499000.0,69
201700034736,17,5,31,1650,1,2,1,1.0,4.0,69290,M,4571162.0,497412.0,69
201700034737,17,5,31,1655,1,2,3,1.0,6.0,69290,M,4568609.0,493457.0,69
201700034738,17,6,2,1830,1,2,3,1.0,6.0,69029,M,4573861.0,489333.0,69
201700034739,17,6,3,1850,1,2,1,3.0,7.0,69256,M,4578528.0,491174.0,69
201700034740,17,5,26,1140,1,2,7,1.0,6.0,69275,M,4577304.0,496273.0,69
201700034741,17,6,4,1510,1,2,1,8.0,3.0,69275,M,4575885.0,493969.0,69
201700034742,17,6,1,845,1,2,1,1.0,2.0,69256,M,4577205.0,491109.0,69
201700034743,17,6,7,1230,1,2,4,1.0,3.0,69029,M,4575275.0,489853.0,69
201700034744,17,6,7,1820,1,2,1,1.0,1.0,69266,M,4578256.0,488922.0,69
201700034745,17,6,1,1740,1,2,2,1.0,1.0,69256,M,4578851.0,900274.0,69
201700034746,17,6,1,1815,1,2,1,1.0,1.0,69282,M,4576941.0,501159.0,69
201700034747,17,6,8,1045,1,2,1,1.0,6.0,69290,M,4568912.0,494406.0,69
201700034748,17,6,9,1730,1,2,2,1.0,6.0,69290,M,4570750.0,490805.0,69
201700034749,17,6,9,1655,1,2,1,1.0,6.0,69256,M,4578414.0,491919.0,69
201700034750,17,6,9,1520,1,2,2,1.0,3.0,69290,M,4571677.0,492803.0,69
201700034751,17,6,12,1645,1,2,2,1.0,6.0,69266,M,4578160.0,488645.0,69
201700034752,17,6,13,850,1,2,1,1.0,2.0,69266,M,4575231.0,490105.0,69
201700034753,17,6,15,900,1,2,1,1.0,6.0,69266,M,4576262.0,488466.0,69
201700034754,17,6,17,1550,1,2,3,1.0,3.0,69266,M,4578025.0,490563.0,69
201700034755,17,6,18,630,1,2,1,1.0,6.0,69256,M,4577126.0,490818.0,69
201700034756,17,6,22,1110,1,2,6,7.0,2.0,69029,M,4572510.0,491484.0,69
201700034757,17,6,22,1800,1,2,1,1.0,2.0,69266,M,4575730.0,490304.0,69
201700034758,17,6,24,1155,1,2,6,1.0,2.0,69256,M,4577249.0,493392.0,69
201700034759,17,6,25,500,5,2,1,1.0,7.0,69290,M,4569812.0,491713.0,69
201700034760,17,6,25,1212,1,2,1,1.0,6.0,69266,M,4575577.0,489429.0,69
201700034761,17,6,27,1415,1,2,4,1.0,3.0,69029,M,4573222.0,490874.0,69
201700034762,17,6,28,1900,1,2,1,1.0,3.0,69029,M,4574963.0,491327.0,69
201700034763,17,6,30,1550,1,2,5,1.0,2.0,69266,M,4576030.0,490066.0,69
201700034764,17,7,2,1500,1,2,3,1.0,3.0,69282,M,4576198.0,499109.0,69
201700034765,17,5,14,250,5,2,1,1.0,1.0,69266,M,4576884.0,490549.0,69
201700034766,17,7,4,1210,1,2,1,1.0,2.0,69266,M,4575900.0,488500.0,69
201700034767,17,6,8,1750,1,2,1,1.0,6.0,69266,M,4575938.0,488068.0,69
201700034768,17,7,5,1830,1,2,3,1.0,3.0,69256,M,4576560.0,492470.0,69
201700034769,17,7,5,1905,2,2,5,1.0,3.0,69290,M,4571070.0,496030.0,69
201700034770,17,6,27,1106,1,2,1,1.0,3.0,69290,M,4571388.0,493944.0,69
201700034771,17,7,5,2015,1,2,1,1.0,6.0,69266,M,4575786.0,487944.0,69
201700034772,17,7,7,2315,5,2,1,1.0,3.0,69029,M,4572896.0,489414.0,69
201700034773,17,7,7,2215,5,2,2,1.0,3.0,69266,M,4575576.0,487613.0,69
201700034774,17,7,4,1140,1,2,1,1.0,3.0,69290,M,4568666.0,494277.0,69
201700034775,17,7,8,1515,1,2,2,1.0,3.0,69029,M,4573581.0,491163.0,69
201700034776,17,7,9,1845,1,2,1,1.0,6.0,69290,M,4569824.0,491603.0,69
201700034777,17,7,11,1515,1,2,3,1.0,1.0,69282,M,4776154.0,498991.0,69
201700034778,17,7,12,840,1,2,1,1.0,6.0,69266,M,4577207.0,488092.0,69
201700034779,17,5,2,1954,2,2,2,1.0,3.0,69266,M,4576007.0,488074.0,69
201700034780,17,7,13,1725,1,2,3,1.0,3.0,69290,M,4570222.0,491888.0,69
201700034781,17,7,14,1530,1,2,8,1.0,3.0,69256,M,4576483.0,493687.0,69
201700034782,17,7,14,1700,1,2,3,1.0,3.0,69275,M,4575358.0,493950.0,69
201700034783,17,7,17,1200,1,2,2,1.0,6.0,69256,M,4574719.0,492361.0,69
201700034784,17,7,19,110,5,2,2,1.0,1.0,69266,M,4576166.0,487523.0,69
201700034785,17,7,19,2230,5,2,2,1.0,3.0,69290,M,4571771.0,490922.0,69
201700034786,17,7,22,2350,5,2,2,8.0,3.0,69266,M,4576011.0,488067.0,69
201700034787,17,7,26,1845,1,2,1,1.0,6.0,69266,M,4576500.0,487800.0,69
201700034788,17,7,27,945,1,2,1,1.0,6.0,69029,M,4573297.0,491552.0,69
201700034789,17,7,27,1400,1,2,6,1.0,3.0,69266,M,4575918.0,487703.0,69
201700034790,17,7,27,1515,1,2,2,1.0,3.0,69256,M,4577680.0,491530.0,69
201700034791,17,7,29,1100,1,2,1,1.0,2.0,69275,M,4577220.0,497450.0,69
201700034792,17,7,24,1140,1,2,1,1.0,6.0,69266,M,4577327.0,487447.0,69
201700034793,17,7,30,2145,2,2,1,2.0,3.0,69266,M,4576237.0,490029.0,69
201700034794,17,8,3,1350,1,2,2,1.0,3.0,69256,M,4577750.0,491972.0,69
201700034795,17,8,3,1725,1,2,2,3.0,3.0,69266,M,4578029.0,488300.0,69
201700034796,17,8,4,2300,5,2,1,1.0,6.0,69290,M,4569318.0,495028.0,69
201700034797,17,8,4,2125,2,2,4,1.0,3.0,69266,M,4575687.0,489973.0,69
201700034798,17,8,4,1355,1,2,2,1.0,3.0,69282,M,4577837.0,499491.0,69
201700034799,17,8,5,1355,1,2,1,1.0,6.0,69266,M,4576900.0,487200.0,69
201700034800,17,7,31,1205,1,2,1,1.0,6.0,69290,M,4569323.0,494022.0,69
201700034801,17,8,4,2005,1,1,6,1.0,3.0,69282,M,4577030.0,498549.0,69
201700034802,17,8,7,1055,1,2,1,1.0,6.0,69266,M,4575695.0,487639.0,69
201700034803,17,8,4,1550,1,2,1,1.0,4.0,69290,M,4569486.0,492437.0,69
201700034804,17,8,7,1550,1,2,1,1.0,1.0,69290,M,4568909.0,494013.0,69
201700034805,17,6,19,1020,1,2,1,1.0,3.0,69290,M,4570482.0,491229.0,69
201700034806,17,8,11,1115,1,2,1,2.0,6.0,69029,M,4573212.0,491327.0,69
201700034807,17,8,14,2000,1,2,1,1.0,3.0,69290,M,4569427.0,494900.0,69
201700034808,17,8,7,2015,1,2,1,1.0,6.0,69256,M,4577578.0,491595.0,69
201700034809,17,8,16,1150,1,2,1,1.0,3.0,69256,M,4577134.0,490844.0,69
201700034810,17,6,29,850,1,2,1,1.0,4.0,69266,M,4578684.0,486041.0,69
201700034811,17,7,3,1945,2,2,1,1.0,6.0,69266,M,4576772.0,490034.0,69
201700034812,17,8,12,1950,1,2,2,7.0,6.0,69256,M,4559190.0,926958.0,69
201700034813,17,7,13,1015,1,2,6,1.0,3.0,69266,M,4577247.0,486517.0,69
201700034814,17,8,19,915,1,2,3,1.0,3.0,69029,M,4572977.0,491675.0,69
201700034815,17,8,20,1650,1,2,3,7.0,3.0,69029,M,4472958.0,489402.0,69
201700034816,17,8,21,720,2,2,4,7.0,6.0,69029,M,4573560.0,491020.0,69
201700034817,17,8,21,1245,1,2,1,1.0,6.0,69266,M,4576575.0,489982.0,69
201700034818,17,8,22,50,5,2,1,1.0,6.0,69266,M,4576502.0,489543.0,69
201700034819,17,8,27,500,5,2,2,1.0,3.0,69266,M,4577255.0,485896.0,69
201700034820,17,8,28,2040,2,2,2,1.0,3.0,69256,M,4575344.0,493252.0,69
201700034821,17,8,26,1115,1,2,2,1.0,3.0,69256,M,4576459.0,491910.0,69
201700034822,17,8,29,930,1,2,2,1.0,3.0,69029,M,4573582.0,491165.0,69
201700034823,17,8,30,1250,1,2,1,8.0,7.0,69290,M,4570897.0,493533.0,69
201700034824,17,8,30,1215,1,2,1,1.0,6.0,69266,M,4576868.0,488358.0,69
201700034825,17,8,30,1800,1,2,2,1.0,2.0,69029,M,4575079.0,490723.0,69
201700034826,17,7,21,1900,1,2,1,1.0,4.0,69266,M,4577000.0,487000.0,69
201700034827,17,9,3,1200,1,2,1,1.0,3.0,69275,M,4576362.0,496313.0,69
201700034828,17,9,5,1430,1,2,3,1.0,3.0,69266,M,4575721.0,489284.0,69
201700034829,17,9,9,310,5,2,2,1.0,3.0,69266,M,4576931.0,488022.0,69
201700034830,17,9,14,745,2,2,3,7.0,3.0,69290,M,4569809.0,492558.0,69
201700034831,17,9,14,1750,1,2,1,1.0,3.0,69266,M,4577278.0,486632.0,69
201700034832,17,9,14,2045,5,2,1,1.0,2.0,69266,M,4578358.0,488344.0,69
201700034833,17,9,11,1620,1,2,1,1.0,6.0,69256,M,4576000.0,492000.0,69
201700034834,17,9,17,644,2,2,1,1.0,3.0,69029,M,4574774.0,490489.0,69
201700034835,17,9,18,1640,1,2,3,1.0,2.0,69266,M,4578675.0,488757.0,69
201700034836,17,9,21,635,5,2,3,1.0,3.0,69029,M,4572472.0,491500.0,69
201700034837,17,9,21,750,1,2,2,1.0,3.0,69290,M,4571677.0,492808.0,69
201700034838,17,9,6,1815,1,2,1,1.0,6.0,69290,M,4569343.0,494982.0,69
201700034839,17,9,21,1850,1,2,2,1.0,6.0,69256,M,4577585.0,491125.0,69
201700034840,17,9,25,2320,5,2,1,1.0,6.0,69029,M,4572400.0,491500.0,69
201700034841,17,9,25,1650,1,2,3,2.0,6.0,69256,M,4578794.0,491437.0,69
201700034842,17,9,24,445,5,2,1,1.0,3.0,69256,M,4575111.0,493089.0,69
201700034843,17,9,27,2020,5,2,1,1.0,3.0,69266,M,4578809.0,486047.0,69
201700034844,17,9,29,1500,1,2,3,1.0,3.0,69266,M,4575500.0,492095.0,69
201700034845,17,9,29,1720,1,2,1,1.0,6.0,69256,M,4575859.0,492881.0,69
201700034846,17,9,27,1350,1,2,1,1.0,1.0,69256,M,4575861.0,493645.0,69
201700034847,17,9,29,1900,2,2,3,1.0,3.0,69266,M,4574900.0,491400.0,69
201700034848,17,10,1,2130,5,2,2,1.0,3.0,69266,M,4576662.0,490257.0,69
201700034849,17,10,3,1355,1,2,3,1.0,3.0,69275,M,4575712.0,494260.0,69
201700034850,17,10,3,2300,5,2,2,1.0,3.0,69282,M,4576668.0,500354.0,69
201700034851,17,10,4,1333,1,2,1,1.0,6.0,69266,M,4576677.0,487405.0,69
201700034852,17,10,4,1600,1,2,2,1.0,3.0,69266,M,4575915.0,489844.0,69
201700034853,17,10,4,2110,5,2,1,1.0,6.0,69266,M,4577140.0,486665.0,69
201700034854,17,10,5,1730,1,2,6,1.0,3.0,69271,M,4573459.0,496604.0,69
201700034855,17,10,7,1155,1,2,3,1.0,3.0,69029,M,4572954.0,489415.0,69
201700034856,17,10,8,700,2,2,3,2.0,3.0,69029,M,4575005.0,491164.0,69
201700034857,17,10,8,845,2,2,2,2.0,3.0,69290,M,4569617.0,492653.0,69
201700034858,17,10,8,1440,1,2,6,1.0,3.0,69266,M,4576706.0,490679.0,69
201700034859,17,10,11,1435,1,2,3,1.0,3.0,69266,M,4577340.0,488385.0,69
201700034860,17,10,6,1953,5,2,3,1.0,3.0,69275,M,4576988.0,495152.0,69
201700034861,17,10,12,1630,1,2,1,1.0,3.0,69275,M,4576985.0,495168.0,69
201700034862,17,10,15,345,5,2,2,1.0,7.0,69275,M,4577542.0,497045.0,69
201700034863,17,10,17,1745,1,2,3,1.0,3.0,69256,M,4578101.0,494493.0,69
201700034864,17,10,17,2320,5,2,2,1.0,3.0,69256,M,4576366.0,493317.0,69
201700034865,17,10,18,300,5,2,3,1.0,3.0,69266,M,4577888.0,486670.0,69
201700034866,17,10,18,1800,1,2,1,1.0,6.0,69290,M,4569297.0,300000.0,69
201700034867,17,10,19,1340,1,2,1,1.0,2.0,69266,M,4575600.0,487600.0,69
201700034868,17,10,14,1900,2,2,9,1.0,6.0,69256,M,4577972.0,491341.0,69
201700034869,17,10,19,525,5,2,9,1.0,3.0,69256,M,4575471.0,492815.0,69
201700034870,17,10,20,700,5,2,1,1.0,2.0,69290,M,4571309.0,489862.0,69
201700034871,17,10,20,1505,1,2,1,1.0,6.0,69266,M,4577256.0,486313.0,69
201700034872,17,10,20,1500,1,2,3,8.0,3.0,69290,M,4571135.0,495828.0,69
201700034873,17,10,21,1500,1,2,1,2.0,3.0,69266,M,4576016.0,489873.0,69
201700034874,17,10,21,1510,1,2,1,1.0,6.0,69266,M,4576182.0,489517.0,69
201700034875,17,10,18,1730,1,2,1,1.0,2.0,69290,M,4570795.0,491827.0,69
201700034876,17,9,30,1330,1,2,3,2.0,3.0,69266,M,4576582.0,491949.0,69
201700034877,17,10,15,1758,1,2,6,1.0,3.0,69256,M,4578138.0,492934.0,69
201700034878,17,10,25,25,5,2,1,1.0,6.0,69290,M,4571333.0,496972.0,69
201700034879,17,10,25,1325,1,2,1,1.0,1.0,69290,M,4569304.0,495172.0,69
201700034880,17,10,25,2220,5,2,1,1.0,2.0,69266,M,4576964.0,487374.0,69
201700034881,17,10,26,1510,1,2,3,1.0,3.0,69266,M,4576853.0,490236.0,69
201700034882,17,10,24,2020,5,2,1,1.0,3.0,69266,M,4576270.0,487825.0,69
201700034883,17,10,26,1355,1,2,2,1.0,3.0,69275,M,4577223.0,496177.0,69
201700034884,17,10,25,1615,1,2,2,1.0,3.0,69256,M,4576361.0,493325.0,69
201700034885,17,10,30,1640,1,2,2,1.0,3.0,69266,M,4576377.0,488183.0,69
201700034886,17,10,27,930,1,2,1,1.0,6.0,69282,M,4577055.0,500389.0,69
201700034887,17,11,1,1550,1,2,2,1.0,6.0,69266,M,4577047.0,487355.0,69
201700034888,17,9,29,2050,5,2,1,1.0,6.0,69029,M,4572955.0,489430.0,69
201700034889,17,11,2,1700,2,2,1,1.0,2.0,69282,M,4575640.0,498760.0,69
201700034890,17,11,3,1605,1,2,1,1.0,4.0,69290,M,4571911.0,492937.0,69
201700034891,17,11,4,10,5,2,2,1.0,3.0,69029,M,4574389.0,492456.0,69
201700034892,17,11,4,400,5,2,1,1.0,2.0,69266,M,4576458.0,491853.0,69
201700034893,17,11,8,1110,1,2,1,8.0,3.0,69266,M,4576042.0,490214.0,69
201700034894,17,11,5,1855,5,2,2,8.0,3.0,69256,M,4575151.0,492396.0,69
201700034895,17,11,6,2010,5,2,1,1.0,1.0,69290,M,4571083.0,497634.0,69
201700034896,17,10,31,1150,1,2,3,7.0,6.0,69029,M,4573411.0,490896.0,69
201700034897,17,11,11,1610,1,2,1,2.0,3.0,69271,M,4572712.0,496564.0,69
201700034898,17,11,11,1655,2,2,1,2.0,6.0,69275,M,4577007.0,495290.0,69
201700034899,17,11,11,1745,2,2,1,3.0,5.0,69271,M,4573938.0,495458.0,69
201700034900,17,11,11,2030,5,2,1,2.0,6.0,69256,M,4576492.0,455165.0,69
201700034901,17,11,13,910,1,2,1,2.0,3.0,69271,M,4573000.0,495000.0,69
201700034902,17,11,13,1650,2,2,3,2.0,6.0,69266,M,4576000.0,488000.0,69
201700034903,17,11,14,1445,1,2,2,1.0,6.0,69256,M,4577840.0,492907.0,69
201700034904,17,11,12,2000,5,2,1,2.0,1.0,69290,M,4569226.0,495543.0,69
201700034905,17,11,18,810,2,2,1,1.0,6.0,69282,M,4577384.0,499965.0,69
201700034906,17,11,19,845,1,2,5,8.0,3.0,69266,M,4575124.0,490803.0,69
201700034907,17,11,20,1215,1,2,1,1.0,6.0,69256,M,4578594.0,492702.0,69
201700034908,17,11,22,200,5,2,2,1.0,3.0,69275,M,4577161.0,496794.0,69
201700034909,17,11,22,1500,1,2,3,1.0,6.0,69029,M,4572676.0,492671.0,69
201700034910,17,11,22,1415,1,2,3,1.0,4.0,69266,M,4577472.0,485927.0,69
201700034911,17,11,22,1830,5,2,1,1.0,6.0,69256,M,4576081.0,492237.0,69
201700034912,17,11,22,1155,1,2,1,1.0,3.0,69256,M,4577038.0,490654.0,69
201700034913,17,11,23,1855,5,2,1,1.0,3.0,69266,M,4575249.0,490043.0,69
201700034914,17,11,25,2020,5,2,1,1.0,3.0,69271,M,4574030.0,497840.0,69
201700034915,17,11,22,1220,1,2,1,1.0,6.0,69290,M,4571519.0,496331.0,69
201700034916,17,11,27,1030,1,2,1,1.0,6.0,69256,M,4574751.0,493222.0,69
201700034917,17,11,28,750,1,2,1,1.0,3.0,69029,M,4573697.0,491913.0,69
201700034918,17,11,28,2140,5,2,1,2.0,5.0,69266,M,4578718.0,487917.0,69
201700034919,17,12,4,1740,5,2,2,1.0,3.0,69290,M,4569723.0,493613.0,69
201700034920,17,12,1,1815,5,2,1,1.0,5.0,69266,M,4578121.0,487606.0,69
201700034921,17,12,7,2030,5,2,2,1.0,1.0,69266,M,4575687.0,489975.0,69
201700034922,17,12,9,440,5,2,1,4.0,6.0,69266,M,4578500.0,489700.0,69
201700034923,17,12,10,1605,1,2,1,2.0,3.0,69290,M,4571090.0,497560.0,69
201700034924,17,12,13,755,2,2,2,8.0,3.0,69290,M,4571540.0,495743.0,69
201700034925,17,12,12,830,1,2,9,2.0,6.0,69266,M,4577014.0,489814.0,69
201700034926,17,12,14,1330,1,2,1,1.0,1.0,69290,M,4570733.0,498721.0,69
201700034927,17,12,15,1130,1,1,2,1.0,4.0,69271,M,4574070.0,494982.0,69
201700034928,17,12,15,1750,5,2,1,8.0,6.0,69256,M,4577353.0,491571.0,69
201700034929,17,12,17,2335,5,2,1,8.0,1.0,69282,M,4575252.0,502666.0,69
201700034930,17,12,20,750,5,2,1,1.0,6.0,69282,M,4577127.0,499366.0,69
201700034931,17,11,19,620,5,2,1,1.0,6.0,69266,M,4577931.0,486103.0,69
201700034932,17,12,15,1109,1,2,1,1.0,6.0,69290,M,4569666.0,494208.0,69
201700034933,17,12,21,900,1,2,2,2.0,6.0,69275,M,4577140.0,495820.0,69
201700034934,17,12,21,1210,1,2,1,2.0,2.0,69266,M,4577862.0,487051.0,69
201700034935,17,12,21,2050,5,2,2,1.0,3.0,69266,M,4577659.0,490257.0,69
201700034936,17,12,22,1340,1,2,3,2.0,3.0,69290,M,4571340.0,495670.0,69
201700034937,17,12,22,1550,2,2,1,2.0,6.0,69256,M,4577240.0,491022.0,69
201700034938,17,12,22,2020,5,2,1,2.0,3.0,69266,M,4576000.0,490000.0,69
201700034939,17,12,24,1730,2,2,2,8.0,3.0,69256,M,4578901.0,491439.0,69
201700034940,17,12,25,1450,1,2,3,1.0,6.0,69256,M,4578550.0,491310.0,69
201700034941,17,12,21,730,5,2,6,2.0,6.0,69290,M,4568591.0,494721.0,69
201700034942,17,2,8,1431,1,1,1,3.0,7.0,20064,M,4184583.0,896533.0,201
201700034943,17,6,24,1030,1,1,1,1.0,7.0,20360,M,4181526.0,896224.0,201
201700034944,17,7,27,1550,1,1,1,1.0,1.0,20026,M,4186825.0,901030.0,201
201700034945,17,8,4,2357,3,1,1,1.0,6.0,20276,M,4170961.0,879362.0,201
201700034946,17,1,15,730,2,1,1,1.0,7.0,51589,M,4887559.0,470649.0,51
201700034947,17,5,10,1730,1,1,1,1.0,7.0,51289,M,4878834.0,482474.0,51
201700034948,17,6,17,1815,1,1,1,7.0,1.0,51417,M,4867197.0,472455.0,51
201700034949,17,9,13,1030,1,1,9,3.0,6.0,51358,M,4873827.0,485687.0,51
201700034950,17,10,3,1100,1,1,1,1.0,1.0,51240,M,4876066.0,480716.0,51
201700034951,17,10,22,1815,2,1,1,8.0,6.0,51478,M,4869792.0,489648.0,51
201700034952,17,11,30,1800,5,2,7,2.0,6.0,51423,M,4876947.0,484881.0,51
201700034953,17,1,15,1730,3,1,1,2.0,6.0,51349,M,4856450.0,452893.0,51
201700034954,17,1,24,740,2,1,1,5.0,1.0,51328,M,4877039.0,452900.0,51
201700034955,17,2,3,1750,3,2,2,1.0,3.0,51340,M,4874629.0,450199.0,51
201700034956,17,2,9,1120,1,2,7,1.0,6.0,51649,M,4872651.0,458496.0,51
201700034957,17,2,13,1630,1,1,1,1.0,1.0,51340,M,4874359.0,448521.0,51
201700034958,17,3,6,910,1,1,1,8.0,6.0,51340,M,4874325.0,451510.0,51
201700034959,17,3,12,1515,1,1,1,1.0,6.0,51080,M,4859189.0,455138.0,51
201700034960,17,3,16,1130,1,1,1,1.0,1.0,51349,M,4856475.0,452880.0,51
201700034961,17,5,12,1500,1,2,1,1.0,6.0,51649,M,4872910.0,459281.0,51
201700034962,17,5,17,1100,1,1,1,1.0,3.0,51373,M,4866409.0,464107.0,51
201700034963,17,6,24,1105,1,1,1,1.0,3.0,51598,M,4870996.0,469893.0,51
201700034964,17,6,30,1331,1,1,1,2.0,5.0,51340,M,4874360.0,448472.0,51
201700034965,17,7,3,1745,1,1,4,1.0,3.0,51649,M,4873672.0,461305.0,51
201700034966,17,7,26,1125,1,1,1,1.0,1.0,51352,M,4872438.0,462669.0,51
201700034967,17,8,23,1215,1,1,2,1.0,6.0,51322,M,4859219.0,454245.0,51
201700034968,17,9,5,1550,1,2,1,1.0,1.0,51059,M,4867755.0,461965.0,51
201700034969,17,9,14,1455,1,2,1,1.0,6.0,51649,M,4872827.0,458681.0,51
201700034970,17,9,14,1745,1,1,1,1.0,5.0,51598,M,4870635.0,465791.0,51
201700034971,17,12,28,1250,1,1,6,1.0,7.0,51065,M,4873467.0,455589.0,51
201700034972,17,4,5,1634,1,1,2,1.0,6.0,24264,M,4501310.0,11686.0,24
201700034973,17,5,11,1840,1,2,3,1.0,2.0,24299,M,4503672.0,36559.0,24
201700034974,17,5,18,2100,3,1,1,2.0,6.0,24059,M,4501547.0,37792.0,24
201700034975,17,6,4,1955,1,1,1,1.0,6.0,24543,M,4505506.0,41275.0,24
201700034976,17,6,13,805,1,1,1,1.0,6.0,24436,M,4502011.0,25402.0,24
201700034977,17,6,16,900,1,1,2,1.0,3.0,24294,M,4504400.0,17850.0,24
201700034978,17,6,16,915,1,2,1,1.0,6.0,24294,M,4500986.0,16169.0,24
201700034979,17,8,5,18,3,1,1,1.0,6.0,24264,M,4499486.0,12166.0,24
201700034980,17,8,21,805,1,1,2,1.0,3.0,24449,M,4500132.0,19728.0,24
201700034981,17,11,15,1400,1,1,1,1.0,3.0,24409,M,4504530.0,36850.0,24
201700034982,17,6,4,1600,1,1,1,1.0,3.0,20212,M,4225282.0,865786.0,201
201700034983,17,6,4,1830,1,1,1,1.0,1.0,20048,M,4203741.0,875285.0,201
201700034984,17,7,22,310,5,2,1,1.0,6.0,20048,M,4204518.0,875210.0,201
201700034985,17,7,30,1800,1,1,1,1.0,6.0,20258,M,4220659.0,882023.0,201
201700034986,17,8,2,1545,1,1,1,1.0,1.0,20348,M,4215227.0,873646.0,201
201700034987,17,8,16,1015,1,1,1,1.0,3.0,20348,M,4215596.0,873690.0,201
201700034988,17,8,12,1100,1,2,1,1.0,7.0,20212,M,4221877.0,864275.0,201
201700034989,17,9,4,1715,1,1,1,1.0,7.0,20070,M,4206552.0,872117.0,201
201700034990,17,9,17,1500,1,2,1,1.0,6.0,20198,M,4225799.0,874281.0,201
201700034991,17,12,9,1550,1,1,3,1.0,1.0,20090,M,4208543.0,871721.0,201
201700034992,17,4,4,701,3,1,1,1.0,6.0,56023,M,4772088.0,-301137.0,56
201700034993,17,1,18,1845,3,1,1,1.0,6.0,86034,M,4636495.0,56992.0,86
201700034994,17,5,29,740,2,1,1,1.0,7.0,86159,M,4623187.0,71388.0,86
201700034995,17,6,9,1315,1,1,1,1.0,2.0,86262,M,4641020.0,80904.0,86
201700034996,17,6,22,2020,2,1,1,1.0,7.0,86262,M,4640699.0,81854.0,86
201700034997,17,8,12,1945,1,1,1,1.0,7.0,86172,M,,,86
201700034998,17,9,5,950,1,2,1,1.0,2.0,86131,M,4643511.0,59884.0,86
201700034999,17,9,22,1810,1,1,1,1.0,3.0,86107,M,4635522.0,68334.0,86
201700035000,17,10,25,815,2,1,1,1.0,6.0,86015,M,4612178.0,66144.0,86
201700035001,17,11,22,1100,1,1,1,1.0,7.0,86059,M,4646132.0,71275.0,86
201700035002,17,1,27,1520,1,1,1,1.0,5.0,70550,M,4762820.0,617138.0,70
201700035003,17,12,30,1025,1,2,2,2.0,6.0,70550,M,4762018.0,615986.0,70
201700035004,17,2,13,1130,1,2,1,1.0,2.0,70550,M,4763114.0,616761.0,70
201700035005,17,3,1,830,1,1,1,1.0,2.0,70550,M,4762933.0,616851.0,70
201700035006,17,5,20,1850,1,2,1,1.0,3.0,70550,M,4761932.0,614937.0,70
201700035007,17,6,2,1055,1,2,1,1.0,6.0,70550,M,4762592.0,617046.0,70
201700035008,17,5,22,2235,3,1,1,1.0,7.0,70261,M,4763679.0,619308.0,70
201700035009,17,7,20,1455,1,2,1,1.0,6.0,70550,M,4761980.0,615480.0,70
201700035010,17,7,22,2010,1,1,8,1.0,1.0,70261,M,4762160.0,617020.0,70
201700035011,17,9,10,735,2,2,1,1.0,7.0,70550,M,4762806.0,616418.0,70
201700035012,17,9,23,2125,4,2,1,1.0,7.0,70550,M,4763482.0,616492.0,70
201700035013,17,10,17,2110,5,2,4,1.0,3.0,70550,M,4762250.0,614657.0,70
201700035014,17,11,18,1025,1,2,1,1.0,3.0,70550,M,4761789.0,616310.0,70
201700035015,17,11,26,1745,3,1,1,2.0,5.0,70388,M,4759850.0,611177.0,70
201700035016,17,4,7,415,3,2,1,1.0,7.0,34148,M,4336741.0,315621.0,34
201700035017,17,9,21,800,1,1,2,7.0,3.0,34148,M,4336348.0,314260.0,34
201700035018,17,10,19,915,1,2,1,2.0,6.0,34069,M,4339191.0,310281.0,34
201700035019,17,12,3,1930,3,1,1,1.0,3.0,34069,M,4338907.0,310679.0,34
201700035020,17,12,22,1815,5,2,1,1.0,6.0,34155,M,4335805.0,311884.0,34