Num_Acc,an,mois,jour,hrmn,lum,agg,int,atm,col,com,gps,lat,long,dep
201700035021,17,4,1,45,3,1,1,8.0,6.0,87002,M,4597030.0,141571.0,87
201700035022,17,4,7,1935,1,1,1,1.0,6.0,87020,M,4593770.0,129624.0,87
201700035023,17,4,8,1815,1,1,1,1.0,7.0,87002,M,4595180.0,144955.0,87
201700035024,17,4,6,2100,3,1,1,1.0,2.0,87079,M,4599590.0,145810.0,87
201700035025,17,4,23,1535,1,1,2,1.0,5.0,87020,M,4593770.0,130933.0,87
201700035026,17,4,29,1015,1,1,1,1.0,3.0,87157,M,4598730.0,144261.0,87
201700035027,17,5,12,1120,1,1,1,1.0,3.0,87002,M,4597070.0,141583.0,87
201700035028,17,6,14,1720,1,1,9,1.0,3.0,87002,M,4595270.0,139886.0,87
201700035029,17,10,15,1650,1,1,9,1.0,3.0,87183,M,4599810.0,133317.0,87
201700035030,17,12,25,1720,2,2,1,8.0,1.0,87083,M,4607060.0,147694.0,87
201700035031,17,5,6,1240,1,1,1,1.0,3.0,20272,M,4160933.0,894367.0,201
201700035032,17,6,18,1945,1,2,1,1.0,1.0,20249,M,4167559.0,891780.0,201
201700035033,17,7,16,1515,1,1,1,1.0,7.0,20272,M,4160374.0,893762.0,201
201700035034,17,7,18,1045,1,1,1,1.0,7.0,20189,M,4171212.0,891537.0,201
201700035035,17,7,29,1700,1,1,1,7.0,2.0,20272,M,4164123.0,896053.0,201
201700035036,17,8,8,1940,1,1,1,1.0,7.0,20189,M,4168156.0,891675.0,201
201700035037,17,9,20,1515,1,1,1,1.0,4.0,20189,M,4171103.0,892867.0,201
201700035038,17,10,6,1935,4,2,7,1.0,6.0,20249,M,4167686.0,890608.0,201
201700035039,17,11,27,810,1,2,9,1.0,6.0,20249,M,4167202.0,890880.0,201
201700035040,17,12,24,345,3,1,1,1.0,7.0,20349,M,4167522.0,893250.0,201
201700035041,17,1,3,1800,5,2,1,1.0,6.0,62364,M,5051434.0,213442.0,62
201700035042,17,3,3,1815,1,1,1,1.0,1.0,62364,M,5051165.0,212093.0,62
201700035043,17,4,2,1740,1,2,6,1.0,6.0,62549,M,5037159.0,202954.0,62
201700035044,17,4,8,1615,1,1,1,1.0,7.0,62453,M,5053142.0,219240.0,62
201700035045,17,4,28,1800,1,1,1,1.0,7.0,62549,M,5036618.0,203008.0,62
201700035046,17,5,6,1800,1,1,1,8.0,5.0,62685,M,5054506.0,210220.0,62
201700035047,17,5,7,445,3,2,8,2.0,6.0,62100,M,5042024.0,190353.0,62
201700035048,17,5,10,1525,1,1,1,7.0,3.0,62556,M,5046494.0,181959.0,62
201700035049,17,5,23,1720,1,1,1,1.0,3.0,62685,M,5054506.0,210220.0,62
201700035050,17,8,12,1830,1,1,1,1.0,6.0,62069,M,5047326.0,211123.0,62
201700035051,17,8,30,1430,1,2,3,3.0,3.0,62447,M,5037113.0,203701.0,62
201700035052,17,9,7,1215,1,2,1,1.0,6.0,62551,M,5044727.0,186055.0,62
201700035053,17,9,2,2030,2,1,1,1.0,2.0,62549,M,5036281.0,203419.0,62
201700035054,17,9,19,1730,1,2,1,7.0,6.0,62183,M,5038811.0,182516.0,62
201700035055,17,10,2,1420,1,1,1,2.0,3.0,81147,M,4380214.0,218334.0,81
201700035056,17,12,1,840,1,1,1,8.0,1.0,81218,M,4388973.0,215506.0,81
201700035057,17,12,8,756,2,1,1,5.0,6.0,81295,M,4382536.0,234109.0,81
201700035058,17,1,17,300,3,1,1,5.0,7.0,14501,M,4888990.0,-41435.0,14
201700035059,17,1,17,1430,1,1,1,7.0,1.0,14628,M,4895510.0,-49316.0,14
201700035060,17,2,4,2035,5,2,1,1.0,6.0,14656,M,4894130.0,-50247.0,14
201700035061,17,2,6,1330,1,1,1,1.0,6.0,14603,M,4904010.0,-40904.0,14
201700035062,17,3,11,1345,1,1,1,1.0,6.0,14251,M,4897350.0,-47844.0,14
201700035063,17,3,16,1145,1,2,1,1.0,6.0,14588,M,,,14
201700035064,17,4,17,1820,1,2,1,1.0,5.0,14162,M,,,14
201700035065,17,6,11,1730,1,1,1,1.0,5.0,14656,M,4894558.0,-50090.0,14
201700035066,17,6,17,1405,1,2,3,1.0,2.0,14162,M,4891471.0,-48126.0,14
201700035067,17,6,24,1740,1,1,1,1.0,7.0,14656,M,4893064.0,-50851.0,14
201700035068,17,7,2,1345,1,1,9,1.0,7.0,14510,M,4890697.0,-41966.0,14
201700035069,17,6,24,2000,2,1,1,1.0,6.0,14628,M,4897577.0,-55944.0,14
201700035070,17,7,7,2030,2,1,1,1.0,7.0,14635,M,4891745.0,-42683.0,14
201700035071,17,7,17,1945,2,1,1,1.0,1.0,14764,M,4886761.0,-36939.0,14
201700035072,17,9,12,1625,1,1,2,1.0,3.0,14405,M,4888400.0,-28557.0,14
201700035073,17,9,13,1610,1,1,1,3.0,6.0,14710,M,4888948.0,-32473.0,14
201700035074,17,9,14,2345,3,1,1,2.0,7.0,14207,M,4899360.0,-45035.0,14
201700035075,17,9,27,1010,1,1,1,1.0,3.0,14764,M,4886845.0,-42211.0,14
201700035076,17,11,1,1739,2,1,3,1.0,7.0,14162,M,4888430.0,-47783.0,14
201700035077,17,12,1,1035,1,1,1,2.0,1.0,14162,M,4890044.0,-48710.0,14
201700035078,17,12,22,1815,3,1,1,2.0,6.0,14226,M,4896872.0,-41972.0,14
201700035079,17,12,25,115,5,2,1,1.0,6.0,14207,M,4900754.0,-43476.0,14
201700035080,17,3,22,1210,1,1,1,1.0,1.0,08330,M,4953414.0,443762.0,08
201700035081,17,5,3,1155,1,1,1,2.0,1.0,08196,M,4964778.0,441269.0,08
201700035082,17,5,28,830,1,2,1,1.0,6.0,08403,M,4949636.0,436402.0,08
201700035083,17,7,26,1110,1,1,1,1.0,7.0,08496,M,4963944.0,444861.0,08
201700035084,17,9,11,1940,2,2,1,1.0,6.0,08362,M,4950665.0,437055.0,08
201700035085,17,10,19,1315,1,1,4,1.0,2.0,08362,M,4952487.0,437201.0,08
201700035086,17,2,14,1010,1,1,1,1.0,7.0,08357,M,4964600.0,501028.0,08
201700035087,17,3,6,1746,1,1,1,3.0,7.0,08145,M,4966639.0,505619.0,08
201700035088,17,3,17,2030,3,2,1,8.0,6.0,08354,M,4960762.0,495696.0,08
201700035089,17,8,11,2205,5,2,1,8.0,6.0,08053,M,4968146.0,498549.0,08
201700035090,17,12,10,10,5,2,1,1.0,6.0,08445,M,4965092.0,494215.0,08
201700035091,17,12,10,1510,1,1,1,8.0,1.0,08343,M,4967571.0,506945.0,08
201700035092,17,1,19,1335,1,1,1,1.0,1.0,54296,M,4872478.0,630393.0,54
201700035093,17,3,2,1925,3,1,1,8.0,1.0,54345,M,4861116.0,627488.0,54
201700035094,17,4,9,1800,1,1,1,1.0,6.0,54089,M,4876368.0,626100.0,54
201700035095,17,5,21,1445,1,1,2,1.0,7.0,54192,M,4854799.0,630039.0,54
201700035096,17,5,26,2250,3,2,1,1.0,7.0,54462,M,4858255.0,633123.0,54
201700035097,17,6,29,2150,2,1,1,1.0,6.0,54456,M,4870116.0,636618.0,54
201700035098,17,7,9,545,2,1,1,1.0,6.0,54358,M,4876012.0,639374.0,54
201700035099,17,7,24,1715,1,1,1,3.0,5.0,54006,M,4873094.0,622942.0,54
201700035100,17,8,2,1930,1,2,4,1.0,6.0,54089,M,4877372.0,626226.0,54
201700035101,17,9,26,900,1,1,1,1.0,1.0,54374,M,,,54
201700035102,17,10,16,1850,3,1,1,1.0,3.0,54108,M,4859264.0,624754.0,54
201700035103,17,11,13,1815,3,1,1,1.0,6.0,54006,M,4872850.0,623708.0,54
201700035104,17,12,2,615,3,1,1,8.0,6.0,54296,M,4872478.0,630393.0,54
201700035105,17,2,4,600,3,1,1,2.0,6.0,54587,M,4849309.0,604550.0,54
201700035106,17,2,8,2130,3,1,1,1.0,7.0,54309,M,4850550.0,618756.0,54
201700035107,17,5,28,1400,1,1,1,1.0,7.0,54417,M,4852618.0,607910.0,54
201700035108,17,6,14,1000,1,1,1,1.0,3.0,54235,M,4845449.0,601571.0,54
201700035109,17,7,9,2045,2,1,2,2.0,3.0,54513,M,4845684.0,612782.0,54
201700035110,17,7,15,1500,1,2,2,1.0,3.0,54266,M,4850715.0,610304.0,54
201700035111,17,7,22,700,1,2,1,1.0,2.0,54407,M,4847516.0,606667.0,54
201700035112,17,9,16,1425,1,1,1,2.0,6.0,54497,M,4841684.0,609491.0,54
201700035113,17,9,26,2330,3,1,1,1.0,6.0,54252,M,4846833.0,619450.0,54
201700035114,17,10,28,1615,1,1,1,1.0,6.0,54005,M,4845548.0,617030.0,54
201700035115,17,12,16,1845,3,1,4,2.0,5.0,54109,M,4853662.0,618286.0,54
201700035116,17,12,17,1700,3,1,1,1.0,7.0,54156,M,4836923.0,612398.0,54
201700035117,17,12,29,920,1,1,1,1.0,6.0,54513,M,4844800.0,612529.0,54
201700035118,17,12,30,1355,1,1,4,1.0,1.0,54224,M,4841621.0,622877.0,54
201700035119,17,1,13,955,1,2,1,8.0,6.0,71076,M,4678977.0,484059.0,71
201700035120,17,1,16,1800,5,2,1,1.0,3.0,71076,M,4677695.0,485409.0,71
201700035121,17,12,14,820,5,2,1,3.0,6.0,71076,M,4679085.0,484539.0,71
201700035122,17,2,12,1150,1,1,1,1.0,1.0,71475,M,4676724.0,483971.0,71
201700035123,17,12,28,1445,1,2,1,1.0,6.0,71081,M,4681918.0,483744.0,71
201700035124,17,3,2,915,1,2,9,1.0,3.0,71076,M,4678758.0,483896.0,71
201700035125,17,3,12,1225,1,2,9,1.0,3.0,71076,M,4678365.0,484997.0,71
201700035126,17,3,26,2120,5,2,2,1.0,3.0,71076,M,4678366.0,484990.0,71
201700035127,17,3,2,1715,1,2,1,1.0,6.0,71076,M,4679597.0,484605.0,71
201700035128,17,3,15,1910,1,1,1,1.0,6.0,71118,M,4679308.0,482641.0,71
201700035129,17,3,28,1205,1,2,1,1.0,6.0,71076,M,4678835.0,483739.0,71
201700035130,17,4,7,1740,1,2,1,1.0,3.0,71475,M,4676369.0,484238.0,71
201700035131,17,5,2,1455,1,2,1,1.0,6.0,71076,M,4678342.0,484868.0,71
201700035132,17,5,27,1015,1,1,1,1.0,1.0,71445,M,4677981.0,488278.0,71
201700035133,17,6,9,1650,1,2,1,1.0,6.0,71076,M,4678377.0,486114.0,71
201700035134,17,6,7,50,5,2,1,1.0,6.0,71076,M,4679389.0,486396.0,71
201700035135,17,6,28,1145,1,1,1,1.0,6.0,71445,M,4676282.0,489303.0,71
201700035136,17,6,28,1730,1,2,1,1.0,3.0,71076,M,4677800.0,484655.0,71
201700035137,17,7,5,2230,5,2,1,1.0,6.0,71076,M,4679390.0,483320.0,71
201700035138,17,7,10,1100,1,2,1,2.0,3.0,71076,M,4680133.0,483224.0,71
201700035139,17,8,7,800,1,1,6,1.0,2.0,71081,M,4680570.0,483580.0,71
201700035140,17,8,23,1640,1,2,7,1.0,6.0,71076,M,4681238.0,485644.0,71
201700035141,17,10,10,835,1,2,1,1.0,6.0,71118,M,4679468.0,481848.0,71
201700035142,17,11,29,745,5,1,1,2.0,3.0,71475,M,4675695.0,482355.0,71
201700035143,17,11,21,1640,1,2,1,1.0,1.0,71081,M,4681627.0,484010.0,71
201700035144,17,11,29,1835,5,2,1,1.0,6.0,71076,M,4680637.0,484168.0,71
201700035145,17,12,12,1715,5,2,1,1.0,6.0,71153,M,4678756.0,442133.0,71
201700035146,17,12,20,1850,5,2,9,2.0,6.0,71153,M,4679646.0,442430.0,71
201700035147,17,12,20,1915,3,2,1,2.0,1.0,71309,M,4678125.0,438415.0,71
201700035148,17,2,4,1850,5,2,1,1.0,1.0,71059,M,4680717.0,447286.0,71
201700035149,17,2,15,1830,1,2,9,1.0,6.0,71059,M,4680958.0,447285.0,71
201700035150,17,2,3,1320,1,2,9,1.0,6.0,71153,M,4680671.0,443055.0,71
201700035151,17,3,9,1940,5,2,3,1.0,3.0,71540,M,4678209.0,442969.0,71
201700035152,17,3,23,1655,1,2,1,3.0,6.0,71540,M,4678183.0,442966.0,71
201700035153,17,3,25,1100,1,2,1,1.0,6.0,71153,M,4679549.0,442639.0,71
201700035154,17,2,24,1010,1,1,2,1.0,2.0,71309,M,4678289.0,441202.0,71
201700035155,17,4,27,1445,1,2,3,1.0,3.0,71153,M,4680626.0,442989.0,71
201700035156,17,4,14,1705,1,1,1,1.0,1.0,71059,M,4682254.0,447380.0,71
201700035157,17,4,1,2300,3,1,1,1.0,1.0,71309,M,4678284.0,441218.0,71
201700035158,17,4,3,1430,1,2,1,1.0,2.0,71059,M,4680461.0,446405.0,71
201700035159,17,4,20,1425,1,2,9,1.0,3.0,71153,M,4679766.0,445515.0,71
201700035160,17,5,26,1120,1,2,3,7.0,6.0,71059,M,4680370.0,447285.0,71
201700035161,17,5,25,1650,1,2,2,1.0,3.0,71153,M,4680294.0,444781.0,71
201700035162,17,6,2,1330,1,1,1,1.0,1.0,71059,M,4679699.0,449575.0,71
201700035163,17,6,26,1645,1,2,2,1.0,6.0,71153,M,4680074.0,443864.0,71
201700035164,17,7,11,1405,1,2,2,1.0,2.0,71540,M,4676681.0,444919.0,71
201700035165,17,8,8,1600,1,2,9,1.0,6.0,71153,M,4678575.0,443666.0,71
201700035166,17,10,6,1130,1,1,1,1.0,1.0,71153,M,4680896.0,440510.0,71
201700035167,17,9,20,1800,1,2,1,1.0,6.0,71153,M,4680517.0,441435.0,71
201700035168,17,10,7,630,5,2,1,5.0,6.0,71153,M,4679741.0,441209.0,71
201700035169,17,10,12,250,5,2,9,1.0,3.0,71153,M,4678944.0,444524.0,71
201700035170,17,10,20,1600,1,2,9,1.0,6.0,71153,M,4680390.0,445420.0,71
201700035171,17,11,21,1645,1,2,1,1.0,6.0,71153,M,4679156.0,444773.0,71
201700035172,17,12,1,1715,2,2,1,1.0,6.0,71153,M,4680457.0,441372.0,71
201700035173,17,12,2,1530,1,1,2,1.0,3.0,71153,M,4682464.0,443327.0,71
201700035174,17,12,12,115,5,2,2,1.0,3.0,71059,M,4681503.0,448402.0,71
201700035175,17,4,3,1700,1,2,1,1.0,6.0,35120,M,4821851.0,-178376.0,35
201700035176,17,5,1,1215,1,1,1,1.0,7.0,35307,M,4828014.0,-197355.0,35
201700035177,17,8,5,815,1,1,9,1.0,6.0,35317,M,4828576.0,-180215.0,35
201700035178,17,9,13,1225,1,1,2,3.0,3.0,35307,M,4827968.0,-201419.0,35
201700035179,17,9,19,100,4,2,2,1.0,6.0,35233,M,4834395.0,-182708.0,35
201700035180,17,10,4,1900,2,1,2,1.0,3.0,35180,M,4828332.0,-195453.0,35
201700035181,17,11,11,1530,1,1,3,2.0,3.0,35307,M,4828694.0,-196918.0,35
201700035182,17,12,1,100,3,1,1,4.0,6.0,35356,M,4824933.0,-176707.0,35
201700035183,17,1,13,1400,1,1,1,1.0,2.0,71270,M,4632518.0,484057.0,71
201700035184,17,3,14,1140,1,2,1,1.0,6.0,71270,M,4629681.0,481596.0,71
201700035185,17,4,16,1830,1,2,1,1.0,6.0,71270,M,4628700.0,482007.0,71
201700035186,17,5,7,2240,3,1,1,1.0,6.0,71497,M,4635295.0,484712.0,71
201700035187,17,6,27,1120,1,2,1,1.0,3.0,71270,M,4631297.0,483094.0,71
201700035188,17,9,15,745,1,2,1,1.0,6.0,71270,M,4631426.0,483613.0,71
201700035189,17,9,23,1950,2,2,1,1.0,6.0,71270,M,4616490.0,446370.0,71
201700035190,17,9,16,1445,1,2,2,1.0,5.0,71270,M,4628374.0,477609.0,71
201700035191,17,9,28,448,3,2,3,1.0,3.0,71497,M,4635198.0,484814.0,71
201700035192,17,10,6,2010,5,2,3,1.0,3.0,71270,M,4627921.0,477681.0,71
201700035193,17,12,2,1250,1,2,1,1.0,2.0,71105,M,4630815.0,481474.0,71
201700035194,17,2,26,715,2,1,6,1.0,7.0,47069,M,4421960.0,57935.0,47
201700035195,17,3,3,745,2,1,1,1.0,2.0,47091,M,4418324.0,57439.0,47
201700035196,17,4,4,1455,1,2,1,1.0,7.0,47209,M,4423226.0,66019.0,47
201700035197,17,4,9,830,1,1,1,1.0,7.0,47246,M,4423222.0,50495.0,47
201700035198,17,4,22,1740,1,1,4,1.0,3.0,47137,M,4410879.0,52269.0,47
201700035199,17,6,12,1535,1,1,1,1.0,3.0,47015,M,4405770.0,63766.0,47
201700035200,17,6,11,1630,1,1,1,1.0,7.0,47100,M,4427010.0,68463.0,47
201700035201,17,10,8,845,1,2,1,1.0,6.0,47015,M,4406880.0,64877.0,47
201700035202,17,1,4,1510,1,2,7,1.0,6.0,47324,M,4463751.0,74413.0,47
201700035203,17,2,7,1000,1,1,1,2.0,7.0,47170,M,4455870.0,51592.0,47
201700035204,17,2,17,1635,1,2,1,7.0,3.0,47295,M,4448140.0,79238.0,47
201700035205,17,3,7,1330,1,1,1,2.0,7.0,47124,M,,,47
201700035206,17,3,28,1520,1,1,1,1.0,1.0,47055,M,,,47
201700035207,17,4,3,1836,1,1,3,7.0,3.0,47170,M,4452208.0,50175.0,47
201700035208,17,5,14,1744,1,1,2,1.0,3.0,47146,M,4445610.0,66364.0,47
201700035209,17,5,29,645,2,1,1,1.0,1.0,47284,M,4454590.0,89962.0,47
201700035210,17,6,26,1355,1,2,6,1.0,3.0,47141,M,4455790.0,78473.0,47
201700035211,17,7,13,1215,1,1,1,1.0,1.0,47198,M,4448110.0,64649.0,47
201700035212,17,8,24,1450,1,1,1,1.0,1.0,47175,M,4453940.0,77806.0,47
201700035213,17,9,1,1800,1,1,4,1.0,1.0,47175,M,4449270.0,74912.0,47
201700035214,17,11,28,1045,1,1,1,9.0,6.0,47152,M,4457280.0,62710.0,47
201700035215,17,12,1,730,3,1,1,1.0,4.0,47175,M,4453710.0,76596.0,47
201700035216,17,12,4,345,3,1,1,2.0,1.0,47152,M,4459290.0,61696.0,47
201700035217,17,3,26,1825,1,2,1,1.0,7.0,71306,M,4668967.0,437905.0,71
201700035218,17,5,31,2035,1,2,1,3.0,6.0,71306,M,4668239.0,437261.0,71
201700035219,17,6,22,1845,1,2,1,1.0,1.0,71306,M,4667173.0,434240.0,71
201700035220,17,6,19,1341,1,1,1,1.0,7.0,71306,M,4669057.0,436952.0,71
201700035221,17,8,7,1800,1,1,1,1.0,2.0,71040,M,4671750.0,437950.0,71
201700035222,17,8,19,1405,1,2,3,1.0,3.0,71306,M,4366893.0,436076.0,71
201700035223,17,9,8,1455,1,2,1,1.0,1.0,71306,M,4666910.0,436578.0,71
201700035224,17,9,10,155,5,1,1,8.0,6.0,71040,M,4669110.0,438370.0,71
201700035225,17,9,25,45,3,2,1,1.0,1.0,71486,M,4664708.0,436051.0,71
201700035226,17,10,14,1755,1,2,1,1.0,3.0,71040,M,4670368.0,438746.0,71
201700035227,17,9,26,1305,1,2,1,1.0,3.0,71306,M,4667377.0,437396.0,71
201700035228,17,10,17,1650,1,2,3,1.0,3.0,71040,M,4669011.0,438437.0,71
201700035229,17,11,22,2055,5,1,1,1.0,6.0,71486,M,4664769.0,434268.0,71
201700035230,17,10,31,1425,1,2,2,1.0,2.0,71486,M,4364558.0,431000.0,71
201700035231,17,1,7,1930,3,1,1,1.0,7.0,12301,M,4444774.0,202843.0,12
201700035232,17,2,2,1520,1,2,1,1.0,6.0,12287,M,,,12
201700035233,17,5,30,1640,1,2,1,8.0,6.0,12300,M,,,12
201700035234,17,6,10,2050,1,1,1,1.0,7.0,12259,M,4428130.0,205046.0,12
201700035235,17,6,19,1215,1,1,1,1.0,6.0,12140,M,4439290.0,187646.0,12
201700035236,17,7,24,2345,5,2,1,1.0,6.0,12300,M,4433920.0,202525.0,12
201700035237,17,7,25,1550,1,1,1,1.0,7.0,12300,M,4433300.0,206298.0,12
201700035238,17,8,5,1530,1,1,1,1.0,1.0,12263,M,4434700.0,196082.0,12
201700035239,17,8,7,2020,1,1,1,1.0,6.0,12300,M,4442280.0,213785.0,12
201700035240,17,8,19,1845,1,2,1,1.0,3.0,12300,M,,,12
201700035241,17,9,11,1900,1,1,3,1.0,3.0,12259,M,,,12
201700035242,17,9,15,1450,1,1,1,1.0,2.0,12300,M,4436110.0,205158.0,12
201700035243,17,9,15,1730,1,1,1,2.0,3.0,12301,M,,,12
201700035244,17,10,11,1500,1,2,9,1.0,3.0,12300,M,4436950.0,203934.0,12
201700035245,17,10,23,640,3,1,1,1.0,3.0,12300,M,4431300.0,202679.0,12
201700035246,17,11,17,750,1,1,1,1.0,3.0,12136,M,,,12
201700035247,17,12,6,1440,1,2,6,7.0,6.0,12300,M,4436110.0,203518.0,12
201700035248,17,12,24,125,3,1,1,5.0,6.0,12301,M,4445240.0,203133.0,12
201700035249,17,10,18,1500,1,1,1,1.0,1.0,02403,M,4982168.0,362375.0,02
201700035250,17,1,9,1730,2,2,1,2.0,2.0,72181,M,4800016.0,18267.0,72
201700035251,17,12,29,1800,5,2,1,1.0,6.0,72181,M,4797135.0,21379.0,72
201700035252,17,1,11,20,5,2,6,2.0,7.0,72181,M,4797192.0,220520.0,72
201700035253,17,1,12,1900,5,2,1,2.0,6.0,72181,M,4801994.0,16182.0,72
201700035254,17,1,22,1005,1,1,1,1.0,6.0,72181,M,4797112.0,23759.0,72
201700035255,17,1,24,740,5,1,1,1.0,1.0,72181,M,4795609.0,22781.0,72
201700035256,17,1,24,1515,1,2,1,1.0,6.0,72181,M,4799917.0,20212.0,72
201700035257,17,2,2,835,2,2,3,2.0,3.0,72181,M,4797140.0,21315.0,72
201700035258,17,2,3,1525,1,2,1,2.0,6.0,72181,M,4801690.0,15175.0,72
201700035259,17,2,8,1700,1,2,6,1.0,3.0,72181,M,4799900.0,23597.0,72
201700035260,17,2,8,850,1,2,1,2.0,3.0,72181,M,4797765.0,20818.0,72
201700035261,17,2,9,1610,1,2,1,1.0,6.0,72181,M,4799277.0,19806.0,72
201700035262,17,2,10,2015,5,2,1,1.0,3.0,72181,M,4801937.0,-16770.0,72
201700035263,17,2,10,1930,5,2,1,1.0,6.0,72181,M,4799942.0,22775.0,72
201700035264,17,2,19,1845,5,2,1,1.0,6.0,72181,M,4797404.0,20638.0,72
201700035265,17,2,24,1405,1,1,1,1.0,2.0,72181,M,4803074.0,18776.0,72
201700035266,17,2,27,1655,1,2,1,1.0,2.0,72181,M,4797989.0,20916.0,72
201700035267,17,3,15,1330,1,2,1,1.0,6.0,72181,M,4799993.0,20570.0,72
201700035268,17,3,15,2340,5,2,6,1.0,3.0,72181,M,4800393.0,20257.0,72
201700035269,17,3,16,1620,1,2,6,1.0,3.0,72181,M,4801757.0,21859.0,72
201700035270,17,3,17,1553,1,1,2,1.0,3.0,72003,M,4797481.0,15761.0,72
201700035271,17,3,20,710,1,2,2,2.0,3.0,72181,M,4799718.0,22301.0,72
201700035272,17,3,20,1140,1,2,1,1.0,6.0,72181,M,4797286.0,22109.0,72
201700035273,17,3,22,910,1,2,1,2.0,6.0,72181,M,4801933.0,22657.0,72
201700035274,17,3,25,640,2,2,1,1.0,6.0,72181,M,4798622.0,18245.0,72
201700035275,17,3,27,1940,1,2,2,1.0,6.0,72181,M,4799605.0,19594.0,72
201700035276,17,3,28,1405,1,2,1,1.0,3.0,72181,M,4798365.0,18415.0,72
201700035277,17,3,28,2140,5,2,1,1.0,3.0,72181,M,4800874.0,19991.0,72
201700035278,17,3,31,1320,1,2,1,1.0,3.0,72181,M,4802256.0,18302.0,72
201700035279,17,4,10,1230,1,2,3,1.0,6.0,72181,M,4795559.0,22342.0,72
201700035280,17,4,10,2310,5,2,1,1.0,7.0,72181,M,4297647.0,20595.0,72
201700035281,17,4,7,1130,1,1,2,1.0,6.0,72003,M,4798100.0,12550.0,72
201700035282,17,4,18,1420,1,2,1,1.0,6.0,72181,M,4799628.0,19192.0,72
201700035283,17,4,19,650,2,2,6,1.0,6.0,72003,M,4794842.0,14292.0,72
201700035284,17,4,24,1110,1,2,1,1.0,3.0,72181,M,4799496.0,18717.0,72
201700035285,17,4,21,2255,5,2,1,1.0,3.0,72181,M,4794406.0,21348.0,72
201700035286,17,4,27,1610,1,2,6,1.0,3.0,72181,M,4797721.0,17194.0,72
201700035287,17,4,28,1640,1,2,1,1.0,3.0,72095,M,4801897.0,20166.0,72
201700035288,17,5,12,1734,1,2,1,1.0,4.0,72003,M,4797456.0,16129.0,72
201700035289,17,5,17,750,1,2,2,1.0,3.0,72181,M,4800456.0,17933.0,72
201700035290,17,5,21,1655,1,2,1,1.0,3.0,72181,M,4797665.0,17189.0,72
201700035291,17,5,22,830,1,2,3,1.0,3.0,72181,M,4797009.0,17969.0,72
201700035292,17,5,27,930,1,2,1,7.0,6.0,72181,M,4801736.0,21869.0,72
201700035293,17,5,28,1040,1,2,6,1.0,3.0,72181,M,4796326.0,22070.0,72
201700035294,17,6,3,1445,1,2,2,1.0,1.0,72181,M,4800268.0,19325.0,72
201700035295,17,6,4,155,5,2,2,1.0,2.0,72181,M,4800456.0,17933.0,72
201700035296,17,6,8,1315,1,1,1,1.0,3.0,72181,M,4796285.0,17711.0,72
201700035297,17,6,9,1545,1,2,1,1.0,6.0,72181,M,4797363.0,22048.0,72
201700035298,17,6,14,2340,5,2,3,1.0,1.0,72181,M,4800615.0,18915.0,72
201700035299,17,6,19,1005,1,2,1,1.0,6.0,72181,M,4799453.0,23430.0,72
201700035300,17,6,23,700,1,1,1,1.0,2.0,72003,M,4797554.0,14486.0,72
201700035301,17,7,1,650,5,2,1,1.0,6.0,72181,M,4802940.0,17942.0,72
201700035302,17,7,19,2330,5,2,3,1.0,3.0,72181,M,4802121.0,18366.0,72
201700035303,17,7,10,645,1,2,1,2.0,6.0,72181,M,4798275.0,23198.0,72
201700035304,17,7,23,2221,5,2,2,2.0,3.0,72181,M,4800940.0,19550.0,72
201700035305,17,7,25,740,1,2,6,1.0,3.0,72181,M,4898119.0,21747.0,72
201700035306,17,8,3,1920,1,2,2,1.0,3.0,72181,M,4797913.0,22507.0,72
201700035307,17,8,9,1145,1,2,1,2.0,6.0,72181,M,4798995.0,20682.0,72
201700035308,17,8,9,1535,1,2,3,1.0,3.0,72181,M,4801686.0,21925.0,72
201700035309,17,8,24,2030,1,2,1,1.0,6.0,72181,M,4801491.0,21748.0,72
201700035310,17,8,29,1055,1,2,1,1.0,2.0,72181,M,4798414.0,18591.0,72
201700035311,17,9,6,1310,1,2,1,1.0,3.0,72181,M,4800142.0,21031.0,72
201700035312,17,9,11,1035,1,2,1,1.0,6.0,72181,M,4797355.0,20614.0,72
201700035313,17,9,12,1915,2,2,1,1.0,3.0,72181,M,4800714.0,19761.0,72
201700035314,17,9,15,1245,1,2,2,1.0,3.0,72181,M,4801824.0,18092.0,72
201700035315,17,9,16,800,1,2,3,5.0,3.0,72181,M,4796760.0,20568.0,72
201700035316,17,9,29,2345,5,2,2,2.0,3.0,72181,M,4801852.0,18741.0,72
201700035317,17,9,30,5,5,2,1,2.0,6.0,72181,M,4794471.0,21383.0,72
201700035318,17,10,2,500,5,2,1,2.0,6.0,72181,M,4796006.0,19975.0,72
201700035319,17,9,26,1621,1,2,3,1.0,5.0,72181,M,4796034.0,20817.0,72
201700035320,17,10,5,900,1,2,1,1.0,6.0,72181,M,4801173.0,18617.0,72
201700035321,17,10,6,900,1,2,3,1.0,6.0,72181,M,4797842.0,23049.0,72
201700035322,17,10,7,800,1,2,1,1.0,6.0,72181,M,4800407.0,18673.0,72
201700035323,17,10,10,735,2,2,4,1.0,3.0,72181,M,4799614.0,23376.0,72
201700035324,17,10,13,1311,1,2,3,1.0,3.0,72181,M,4799973.0,18235.0,72
201700035325,17,10,14,1530,1,1,1,1.0,2.0,72181,M,4796285.0,17696.0,72
201700035326,17,10,17,1705,1,2,1,1.0,6.0,72181,M,4801586.0,15184.0,72