Num_Acc,an,mois,jour,hrmn,lum,agg,int,atm,col,com,gps,lat,long,dep
201700035327,17,10,18,754,1,2,1,2.0,6.0,72181,M,4798552.0,20941.0,72
201700035328,17,10,18,800,2,2,1,2.0,6.0,72181,M,4800181.0,20869.0,72
201700035329,17,10,18,1230,1,2,6,1.0,3.0,72181,M,4797850.0,21322.0,72
201700035330,17,10,19,2225,3,1,1,2.0,3.0,72181,M,4803015.0,18556.0,72
201700035331,17,10,27,636,5,2,1,1.0,6.0,72181,M,4797677.0,23368.0,72
201700035332,17,10,22,1440,1,2,1,1.0,6.0,72181,M,4798114.0,23333.0,72
201700035333,17,10,30,915,1,2,3,1.0,3.0,72181,M,4799597.0,19297.0,72
201700035334,17,10,31,1900,5,2,6,1.0,3.0,72181,M,4797819.0,21337.0,72
201700035335,17,11,2,1720,1,2,1,1.0,6.0,72181,M,,,72
201700035336,17,11,5,1815,5,2,1,2.0,3.0,72181,M,4798376.0,17742.0,72
201700035337,17,11,7,1000,1,1,1,1.0,6.0,72181,M,4794807.0,23184.0,72
201700035338,17,11,10,1214,1,2,1,1.0,6.0,72003,M,4796488.0,16225.0,72
201700035339,17,11,12,1634,1,2,1,3.0,6.0,72095,M,4802229.0,20453.0,72
201700035340,17,11,12,1704,1,2,1,1.0,7.0,72181,M,4801156.0,15426.0,72
201700035341,17,11,13,1615,1,2,1,1.0,3.0,72181,M,4797862.0,20856.0,72
201700035342,17,11,13,1905,5,2,2,1.0,3.0,72181,M,4800106.0,21097.0,72
201700035343,17,11,14,1520,1,2,3,1.0,2.0,72181,M,4796302.0,21747.0,72
201700035344,17,11,15,2315,5,2,1,1.0,3.0,72181,M,4798944.0,18167.0,72
201700035345,17,11,17,2136,5,2,1,1.0,5.0,72181,M,4802887.0,17811.0,72
201700035346,17,11,18,15,5,2,1,1.0,6.0,72181,M,4796302.0,21733.0,72
201700035347,17,11,27,840,1,2,1,1.0,6.0,72181,M,4798329.0,22070.0,72
201700035348,17,11,27,1210,1,2,3,1.0,3.0,72181,M,4798434.0,24265.0,72
201700035349,17,11,27,745,3,1,1,1.0,2.0,72181,M,4800903.0,24426.0,72
201700035350,17,11,28,1210,1,2,1,1.0,6.0,72181,M,4796426.0,20835.0,72
201700035351,17,11,28,1210,1,2,1,1.0,6.0,72181,M,4796372.0,22513.0,72
201700035352,17,12,5,1600,1,2,3,1.0,3.0,72181,M,4799978.0,20304.0,72
201700035353,17,12,7,1730,5,2,1,3.0,6.0,72181,M,4798437.0,22247.0,72
201700035354,17,12,16,1930,5,1,1,1.0,4.0,72181,M,4803341.0,17771.0,72
201700035355,17,12,25,530,3,1,1,1.0,6.0,72181,M,4795495.0,19818.0,72
201700035356,17,12,28,1115,1,2,1,1.0,6.0,72181,M,4797435.0,20804.0,72
201700035357,17,6,24,1745,1,1,1,1.0,6.0,38204,M,4473908.0,567772.0,38
201700035358,17,7,5,940,1,1,3,1.0,3.0,13004,M,4344760.0,468460.0,13
201700035359,17,5,11,1205,1,1,1,1.0,6.0,83091,M,4323036.0,623588.0,83
201700035360,17,5,6,1445,1,1,1,1.0,6.0,11320,M,4282758.0,200296.0,11
201700035361,17,9,7,1405,1,2,2,1.0,5.0,11130,M,4282135.0,202108.0,11
201700035362,17,7,3,1515,1,1,1,1.0,2.0,12231,M,4401890.0,333609.0,12
201700035363,17,4,4,930,1,1,1,1.0,2.0,65154,M,4300065.0,57876.0,65
201700035364,17,12,19,840,1,2,1,1.0,6.0,37030,M,4760629.0,85788.0,37
201700035365,17,6,6,1525,1,1,1,9.0,6.0,37095,M,4753247.0,101807.0,37
201700035366,17,6,25,930,1,1,1,1.0,6.0,37030,M,4759504.0,84390.0,37
201700035367,17,7,1,1720,1,1,1,2.0,1.0,37153,M,4747872.0,80614.0,37
201700035368,17,8,11,1650,1,1,1,1.0,6.0,37106,M,4761483.0,75052.0,37
201700035369,17,11,22,1605,1,1,1,1.0,6.0,37063,M,4759457.0,91679.0,37
201700035370,17,11,24,735,2,1,1,1.0,2.0,37276,M,4755872.0,87234.0,37
201700035371,17,11,28,745,5,2,2,3.0,6.0,37153,M,4749761.0,78381.0,37
201700035372,17,12,11,1015,1,2,1,8.0,6.0,37063,M,4758966.0,90241.0,37
201700035373,17,12,22,1315,1,1,1,8.0,6.0,37092,M,4752947.0,83526.0,37
201700035374,17,12,24,1440,1,1,1,1.0,2.0,37194,M,4747184.0,88000.0,37
201700035375,17,12,30,2340,3,2,1,2.0,1.0,37153,M,4751202.0,79244.0,37
201700035376,17,12,15,1305,1,2,1,1.0,6.0,73008,M,4567561.0,590894.0,73
201700035377,17,1,11,1525,1,2,8,1.0,3.0,73008,M,,,73
201700035378,17,2,23,655,2,2,1,1.0,3.0,73008,M,4569654.0,590736.0,73
201700035379,17,3,24,1040,1,2,1,1.0,1.0,73008,M,4566986.0,591102.0,73
201700035380,17,3,24,2145,5,2,1,1.0,7.0,73008,M,4569375.0,588882.0,73
201700035381,17,5,21,1810,1,2,2,1.0,6.0,73008,M,4568810.0,591044.0,73
201700035382,17,5,30,1050,1,2,1,1.0,6.0,73008,M,4569714.0,590716.0,73
201700035383,17,6,24,2330,5,2,1,1.0,7.0,73008,M,4569376.0,591906.0,73
201700035384,17,6,27,850,1,2,1,1.0,6.0,73008,M,4569981.0,590863.0,73
201700035385,17,6,7,915,1,2,1,1.0,6.0,73008,M,4569005.0,590950.0,73
201700035386,17,8,7,120,5,2,3,1.0,3.0,73008,M,4568993.0,591046.0,73
201700035387,17,8,28,1445,1,2,4,1.0,3.0,73008,M,4569882.0,591215.0,73
201700035388,17,9,22,1725,1,2,2,1.0,7.0,73008,M,4569415.0,591059.0,73
201700035389,17,9,22,1550,1,2,1,1.0,6.0,73008,M,4569160.0,590916.0,73
201700035390,17,11,28,1730,5,2,1,2.0,6.0,73008,M,4569371.0,590052.0,73
201700035391,17,1,10,1713,5,2,1,4.0,2.0,73011,M,4567049.0,637869.0,73
201700035392,17,2,11,1753,1,2,1,1.0,1.0,73011,M,4567700.0,639419.0,73
201700035393,17,4,13,1610,1,2,1,1.0,6.0,73011,M,4567853.0,639395.0,73
201700035394,17,4,13,1625,1,2,1,1.0,5.0,73011,M,4567250.0,639196.0,73
201700035395,17,5,19,2000,1,2,1,1.0,3.0,73011,M,4567819.0,639055.0,73
201700035396,17,5,20,2020,1,2,1,1.0,3.0,73011,M,4566500.0,637900.0,73
201700035397,17,7,5,2225,3,1,1,1.0,1.0,73011,M,4568503.0,640046.0,73
201700035398,17,7,15,10,5,2,1,1.0,6.0,73011,M,4566524.0,637541.0,73
201700035399,17,8,21,845,1,2,1,1.0,7.0,73011,M,4566200.0,641107.0,73
201700035400,17,8,26,1840,1,1,1,1.0,1.0,73011,M,4566431.0,642728.0,73
201700035401,17,9,13,1215,1,2,1,1.0,6.0,73011,M,4566637.0,639074.0,73
201700035402,17,10,15,1405,1,2,6,1.0,6.0,73011,M,4566349.0,637535.0,73
201700035403,17,10,28,1205,1,2,1,1.0,2.0,73011,M,4565858.0,637554.0,73
201700035404,17,12,7,1735,5,2,2,1.0,3.0,73065,M,4559968.0,591617.0,73
201700035405,17,12,11,1930,5,2,1,3.0,6.0,73065,M,4556251.0,592587.0,73
201700035406,17,2,2,1815,3,1,1,1.0,2.0,73065,M,4558231.0,591144.0,73
201700035407,17,12,23,110,3,1,1,1.0,6.0,73065,M,4559895.0,592500.0,73
201700035408,17,12,27,1400,1,1,1,2.0,1.0,73031,M,4557124.0,593748.0,73
201700035409,17,2,15,1020,1,2,1,1.0,6.0,73065,M,4557118.0,590527.0,73
201700035410,17,12,27,1810,4,2,3,3.0,6.0,73065,M,4556478.0,591463.0,73
201700035411,17,3,4,1035,1,2,7,1.0,6.0,73065,M,4556355.0,592318.0,73
201700035412,17,12,27,2100,5,2,3,4.0,1.0,73065,M,4556550.0,591589.0,73
201700035413,17,3,10,1515,1,2,1,1.0,6.0,73065,M,4556600.0,591756.0,73
201700035414,17,12,31,1900,5,2,2,1.0,7.0,73065,M,4556463.0,590929.0,73
201700035415,17,3,11,935,1,1,1,1.0,4.0,73031,M,4557139.0,593727.0,73
201700035416,17,3,13,1345,1,1,1,1.0,1.0,73031,M,4556886.0,594137.0,73
201700035417,17,3,19,1530,1,2,1,1.0,2.0,73065,M,4557380.0,591050.0,73
201700035418,17,3,6,1830,2,2,1,1.0,6.0,73137,M,4555971.0,590661.0,73
201700035419,17,1,14,1805,5,1,9,2.0,3.0,73222,M,4557362.0,595555.0,73
201700035420,17,1,15,255,3,1,2,1.0,6.0,73065,M,4561112.0,590037.0,73
201700035421,17,1,20,1350,1,2,1,1.0,3.0,73065,M,4557327.0,593303.0,73
201700035422,17,1,13,1745,2,2,1,1.0,6.0,73087,M,4555911.0,589663.0,73
201700035423,17,3,25,1500,1,2,1,8.0,1.0,73065,M,4557345.0,591712.0,73
201700035424,17,1,11,1335,1,2,1,1.0,6.0,73065,M,4556736.0,591320.0,73
201700035425,17,4,3,2100,5,2,2,1.0,3.0,73065,M,4556452.0,590342.0,73
201700035426,17,4,8,1850,2,2,2,1.0,6.0,73065,M,4556969.0,591119.0,73
201700035427,17,2,16,1240,1,2,1,1.0,4.0,73065,M,4560581.0,591190.0,73
201700035428,17,5,18,1915,1,2,3,1.0,6.0,73065,M,4556426.0,592811.0,73
201700035429,17,6,6,1015,1,1,1,3.0,6.0,73065,M,4559405.0,588889.0,73
201700035430,17,5,30,1645,1,2,4,1.0,3.0,73065,M,4556992.0,591993.0,73
201700035431,17,3,30,1155,1,2,1,1.0,6.0,73065,M,4556954.0,593287.0,73
201700035432,17,4,12,1825,1,2,6,7.0,3.0,73087,M,4556861.0,589235.0,73
201700035433,17,4,14,2030,1,2,3,1.0,1.0,73029,M,4556492.0,594250.0,73
201700035434,17,4,14,830,1,2,1,1.0,3.0,73065,M,4556815.0,592232.0,73
201700035435,17,4,19,1430,1,2,1,1.0,6.0,73087,M,4555994.0,589706.0,73
201700035436,17,4,19,1345,1,2,1,1.0,6.0,73065,M,4559409.0,591822.0,73
201700035437,17,4,23,1943,1,2,1,1.0,3.0,73065,M,4557062.0,591452.0,73
201700035438,17,4,24,1050,1,2,4,1.0,6.0,73029,M,4555806.0,593994.0,73
201700035439,17,4,27,1710,1,2,6,8.0,3.0,73065,M,4556612.0,593401.0,73
201700035440,17,5,10,1640,1,2,1,8.0,1.0,73065,M,4560005.0,591355.0,73
201700035441,17,5,1,1800,1,2,3,1.0,1.0,73087,M,4557251.0,590167.0,73
201700035442,17,5,17,2150,5,2,1,1.0,6.0,73065,M,4556989.0,590237.0,73
201700035443,17,6,20,1500,1,2,6,1.0,7.0,73065,M,4557461.0,592307.0,73
201700035444,17,6,27,1035,1,2,1,7.0,6.0,73065,M,4557122.0,592675.0,73
201700035445,17,6,13,640,2,2,6,1.0,3.0,73065,M,4559935.0,591546.0,73
201700035446,17,6,14,2330,4,2,2,1.0,3.0,73065,M,4559762.0,591635.0,73
201700035447,17,6,15,1935,2,1,1,1.0,6.0,73065,M,4557069.0,593814.0,73
201700035448,17,6,16,1150,1,2,1,1.0,2.0,73065,M,4556849.0,592145.0,73
201700035449,17,6,18,140,4,1,1,1.0,3.0,73029,M,4556798.0,594354.0,73
201700035450,17,6,27,645,1,2,6,7.0,3.0,73222,M,4557611.0,595877.0,73
201700035451,17,6,23,2310,5,2,7,1.0,3.0,73065,M,4556658.0,592276.0,73
201700035452,17,7,7,2300,5,2,1,1.0,6.0,73065,M,4557347.0,591281.0,73
201700035453,17,7,17,805,1,2,1,7.0,6.0,73065,M,4556650.0,592162.0,73
201700035454,17,7,18,945,1,2,2,1.0,2.0,73065,M,4558113.0,588976.0,73
201700035455,17,9,3,1230,1,1,1,1.0,2.0,73065,M,4558730.0,590049.0,73
201700035456,17,8,25,920,1,2,1,1.0,3.0,73031,M,4557438.0,593225.0,73
201700035457,17,8,25,345,5,2,1,1.0,6.0,73065,M,4556404.0,590854.0,73
201700035458,17,8,26,910,1,2,1,1.0,6.0,73087,M,4556038.0,589754.0,73
201700035459,17,10,1,1825,2,2,1,1.0,6.0,73065,M,4557240.0,591659.0,73
201700035460,17,9,13,1000,1,1,1,1.0,3.0,73065,M,4557438.0,593225.0,73
201700035461,17,9,15,2235,5,2,6,1.0,6.0,73065,M,4556369.0,591935.0,73
201700035462,17,9,26,1510,1,1,2,1.0,3.0,73029,M,4557056.0,594877.0,73
201700035463,17,10,5,1150,1,2,6,1.0,6.0,73065,M,4557309.0,592323.0,73
201700035464,17,10,13,1500,1,2,1,1.0,3.0,73029,M,4556787.0,593878.0,73
201700035465,17,10,13,500,4,1,1,1.0,3.0,73031,M,4557438.0,593225.0,73
201700035466,17,10,14,1105,1,2,6,1.0,2.0,73065,M,4559369.0,590629.0,73
201700035467,17,10,14,1210,1,2,6,1.0,3.0,73065,M,4556348.0,592824.0,73
201700035468,17,10,17,1730,1,2,1,1.0,3.0,73065,M,4556748.0,591438.0,73
201700035469,17,10,18,1715,1,2,1,1.0,3.0,73065,M,4556680.0,593381.0,73
201700035470,17,10,25,1040,1,2,6,1.0,6.0,73087,M,4556254.0,589370.0,73
201700035471,17,10,18,1310,1,2,2,1.0,3.0,73065,M,4557564.0,590848.0,73
201700035472,17,11,18,106,5,2,1,1.0,6.0,73065,M,4557342.0,592237.0,73
201700035473,17,11,11,1000,1,2,6,1.0,3.0,73087,M,4555951.0,589620.0,73
201700035474,17,11,14,300,5,1,1,1.0,2.0,73031,M,4559367.0,589560.0,73
201700035475,17,11,15,1950,5,2,6,1.0,3.0,73065,M,4557828.0,590876.0,73
201700035476,17,11,27,1750,5,2,2,1.0,3.0,73065,M,4558673.0,588384.0,73
201700035477,17,11,12,1850,5,2,4,2.0,1.0,73065,M,4556808.0,590323.0,73
201700035478,17,12,4,1755,5,2,4,2.0,6.0,73065,M,4556391.0,590846.0,73
201700035479,17,1,21,1840,5,2,4,1.0,6.0,74010,M,4590930.0,613128.0,74
201700035480,17,1,20,1450,1,2,1,7.0,6.0,74010,M,4500547.0,612553.0,74
201700035481,17,1,21,1950,5,2,4,1.0,3.0,74010,M,4591939.0,612566.0,74
201700035482,17,9,23,100,5,2,2,1.0,3.0,74010,M,4591029.0,613773.0,74
201700035483,17,1,27,2254,5,2,3,8.0,1.0,74010,M,4591555.0,612687.0,74
201700035484,17,1,27,1155,1,2,1,1.0,6.0,74010,M,4590718.0,613200.0,74
201700035485,17,1,31,1825,5,2,3,1.0,6.0,74010,M,4589818.0,611641.0,74
201700035486,17,2,7,1735,2,2,1,3.0,6.0,74010,M,4590112.0,612094.0,74
201700035487,17,2,7,2300,3,1,1,2.0,7.0,74093,M,4590441.0,608932.0,74
201700035488,17,2,11,2240,5,2,2,1.0,3.0,74010,M,,,74
201700035489,17,2,16,900,1,1,1,1.0,2.0,74093,M,4589999.0,610279.0,74
201700035490,17,2,24,1815,2,2,3,1.0,6.0,74010,M,4590443.0,613450.0,74
201700035491,17,3,8,1155,1,2,6,3.0,6.0,74010,M,4590545.0,613212.0,74
201700035492,17,3,10,1833,2,2,3,1.0,6.0,74010,M,4590368.0,612739.0,74
201700035493,17,3,9,1740,1,2,6,1.0,3.0,74010,M,,,74
201700035494,17,3,14,1750,1,2,1,1.0,3.0,74010,M,,,74
201700035495,17,3,18,923,1,2,1,1.0,3.0,74010,M,4591160.0,612280.0,74
201700035496,17,3,13,835,1,2,1,1.0,6.0,74010,M,,,74
201700035497,17,3,19,1110,1,2,1,1.0,6.0,74010,M,4590720.0,611560.0,74
201700035498,17,3,23,945,1,2,1,1.0,4.0,74010,M,4590990.0,611840.0,74
201700035499,17,3,14,1239,1,2,3,1.0,2.0,74093,M,,,74
201700035500,17,3,21,1140,1,2,1,1.0,6.0,74010,M,,,74
201700035501,17,3,16,1340,1,2,1,1.0,3.0,74010,M,,,74
201700035502,17,3,28,1115,1,2,1,1.0,6.0,74010,M,,,74
201700035503,17,3,29,1300,1,2,1,1.0,6.0,74010,M,4590420.0,612210.0,74
201700035504,17,4,1,912,1,2,1,1.0,6.0,74010,M,4590564.0,612472.0,74
201700035505,17,4,1,1410,1,2,1,2.0,2.0,74093,M,4589574.0,611142.0,74
201700035506,17,2,24,2330,5,2,2,1.0,3.0,74010,M,4590348.0,613049.0,74
201700035507,17,3,28,1545,1,2,6,1.0,3.0,74010,M,4591190.0,613130.0,74
201700035508,17,4,5,1758,1,2,1,1.0,5.0,74010,M,4589037.0,612370.0,74
201700035509,17,4,5,900,1,2,1,1.0,2.0,74010,M,4590460.0,611533.0,74
201700035510,17,3,30,1730,1,2,2,1.0,6.0,74010,M,,,74
201700035511,17,4,11,1725,1,2,1,1.0,6.0,74093,M,4590612.0,610880.0,74
201700035512,17,4,17,1803,1,1,1,1.0,1.0,74010,M,4589020.0,613240.0,74
201700035513,17,3,22,1310,1,2,1,1.0,3.0,74010,M,4591250.0,612586.0,74
201700035514,17,4,14,1904,1,2,1,1.0,6.0,74010,M,4591099.0,613663.0,74
201700035515,17,4,3,1700,1,2,1,1.0,6.0,74093,M,4589960.0,610251.0,74
201700035516,17,4,22,1052,1,2,6,1.0,6.0,74010,M,4590620.0,613720.0,74
201700035517,17,4,23,1610,1,2,1,1.0,2.0,74010,M,4590540.0,614410.0,74
201700035518,17,4,20,1520,1,2,1,1.0,6.0,74010,M,4590590.0,612110.0,74
201700035519,17,4,2,1113,1,2,1,1.0,6.0,74010,M,4590990.0,613380.0,74
201700035520,17,4,25,815,1,2,2,1.0,3.0,74010,M,4591020.0,613800.0,74
201700035521,17,4,5,1626,1,2,4,1.0,6.0,74010,M,4590860.0,612190.0,74
201700035522,17,5,3,1830,1,2,1,1.0,2.0,74093,M,4589160.0,609020.0,74
201700035523,17,5,9,1715,1,2,6,1.0,7.0,74010,M,4589860.0,611780.0,74
201700035524,17,4,28,1059,1,2,1,1.0,6.0,74010,M,4592040.0,612360.0,74
201700035525,17,5,13,1555,1,2,1,1.0,2.0,74010,M,4590750.0,611560.0,74
201700035526,17,5,14,1000,1,2,2,1.0,3.0,74010,M,4590996.0,613830.0,74
201700035527,17,3,16,1945,5,2,2,1.0,3.0,74010,M,4591331.0,612491.0,74
201700035528,17,3,30,900,1,2,3,1.0,3.0,74010,M,4591192.0,612783.0,74
201700035529,17,5,7,417,5,2,3,2.0,6.0,74010,M,4591070.0,613750.0,74
201700035530,17,5,21,1405,1,2,1,1.0,2.0,74010,M,4592480.0,612380.0,74
201700035531,17,5,22,1320,1,2,6,1.0,2.0,74010,M,4590570.0,612540.0,74
201700035532,17,5,23,1455,1,2,3,1.0,6.0,74010,M,4591477.0,612377.0,74
201700035533,17,5,27,1223,1,2,6,1.0,3.0,74010,M,4592133.0,613335.0,74
201700035534,17,5,27,1515,1,1,3,1.0,1.0,74010,M,4591948.0,612127.0,74
201700035535,17,6,1,1440,1,2,1,1.0,2.0,74010,M,4591370.0,613020.0,74
201700035536,17,6,8,1830,1,2,1,1.0,3.0,74010,M,4591120.0,613600.0,74
201700035537,17,6,10,1517,1,2,1,1.0,6.0,74010,M,4590131.0,612418.0,74
201700035538,17,6,9,1233,1,2,1,1.0,6.0,74010,M,4591429.0,612357.0,74
201700035539,17,6,12,1020,1,2,1,1.0,6.0,74010,M,4592430.0,612379.0,74
201700035540,17,6,12,1928,1,2,1,1.0,6.0,74010,M,4591874.0,612465.0,74
201700035541,17,6,13,1310,1,2,1,1.0,2.0,74093,M,4590656.0,611316.0,74
201700035542,17,6,13,1900,1,2,1,1.0,6.0,74010,M,4592492.0,612401.0,74
201700035543,17,6,20,1212,1,2,3,1.0,2.0,74010,M,4591420.0,612580.0,74
201700035544,17,4,28,1200,1,2,3,1.0,6.0,74010,M,4590939.0,614181.0,74
201700035545,17,6,21,1730,1,2,6,1.0,2.0,74093,M,4589770.0,611460.0,74
201700035546,17,6,22,1930,1,2,1,1.0,4.0,74010,M,4591233.0,612371.0,74
201700035547,17,6,22,1047,1,2,3,1.0,6.0,74010,M,4589770.0,611447.0,74
201700035548,17,3,29,2105,5,2,3,1.0,3.0,74010,M,4590530.0,612200.0,74
201700035549,17,5,13,2000,2,2,1,1.0,3.0,74010,M,4592654.0,612459.0,74
201700035550,17,4,29,1250,1,2,1,1.0,3.0,74010,M,4590556.0,612467.0,74
201700035551,17,5,26,1820,1,2,3,1.0,3.0,74093,M,4590792.0,610053.0,74
201700035552,17,6,28,1725,1,2,1,2.0,7.0,74010,M,4589890.0,612880.0,74
201700035553,17,6,24,1449,1,2,1,1.0,2.0,74093,M,4589890.0,611590.0,74
201700035554,17,7,1,1220,1,2,1,3.0,6.0,74010,M,4590640.0,613110.0,74
201700035555,17,7,3,1920,1,1,1,1.0,2.0,74093,M,4589950.0,609670.0,74
201700035556,17,7,4,1402,1,2,1,1.0,2.0,74010,M,4589594.0,611120.0,74
201700035557,17,5,24,1830,1,2,1,1.0,6.0,74010,M,4590078.0,611464.0,74
201700035558,17,7,4,1005,1,2,1,1.0,3.0,74010,M,4591361.0,612408.0,74
201700035559,17,5,28,1200,1,2,4,1.0,6.0,74010,M,4592433.0,612667.0,74
201700035560,17,7,7,815,1,2,1,1.0,6.0,74010,M,4591141.0,613423.0,74
201700035561,17,7,9,1435,1,2,4,2.0,3.0,74093,M,4690672.0,609766.0,74
201700035562,17,7,7,1300,1,2,1,1.0,6.0,74010,M,4591900.0,611800.0,74
201700035563,17,7,12,1120,1,2,1,1.0,1.0,74010,M,4590109.0,611513.0,74
201700035564,17,7,8,1235,1,2,1,1.0,2.0,74010,M,4591482.0,612608.0,74
201700035565,17,7,11,1850,1,2,2,1.0,6.0,74010,M,4590302.0,612942.0,74
201700035566,17,7,14,1600,1,2,2,1.0,1.0,74093,M,,,74
201700035567,17,7,10,1950,1,2,3,3.0,3.0,74093,M,4590783.0,609923.0,74
201700035568,17,7,15,1600,1,2,3,1.0,3.0,74010,M,4591155.0,612594.0,74
201700035569,17,7,17,1229,1,2,1,1.0,4.0,74010,M,4590418.0,611665.0,74
201700035570,17,7,13,1525,1,2,1,1.0,6.0,74010,M,4589877.0,610686.0,74
201700035571,17,7,24,915,1,2,1,2.0,3.0,74010,M,4591040.0,612380.0,74
201700035572,17,7,31,840,1,2,6,8.0,3.0,74010,M,4589874.0,611835.0,74
201700035573,17,8,4,1235,1,2,1,1.0,2.0,74010,M,4590400.0,614100.0,74
201700035574,17,8,4,1858,1,2,1,1.0,6.0,74093,M,4590680.0,611090.0,74
201700035575,17,7,15,1535,1,2,1,1.0,6.0,74010,M,4590134.0,612820.0,74
201700035576,17,8,13,1550,1,2,1,1.0,2.0,74010,M,4590000.0,613000.0,74
201700035577,17,8,5,1411,1,2,2,1.0,3.0,74010,M,4590741.0,611869.0,74
201700035578,17,8,18,1402,1,2,1,1.0,2.0,74010,M,4591367.0,612322.0,74
201700035579,17,8,18,1752,1,1,1,3.0,2.0,74093,M,4592154.0,608343.0,74
201700035580,17,8,20,1540,1,2,1,1.0,2.0,74010,M,4590590.0,612441.0,74
201700035581,17,8,22,845,1,2,7,1.0,2.0,74010,M,4592072.0,613238.0,74
201700035582,17,8,19,1157,1,2,2,1.0,6.0,74010,M,4590610.0,613050.0,74
201700035583,17,8,23,1703,1,2,4,1.0,3.0,74010,M,4592317.0,612369.0,74
201700035584,17,8,28,1040,1,2,1,1.0,2.0,74010,M,4592093.0,612071.0,74
201700035585,17,8,29,815,1,2,3,1.0,3.0,74010,M,4591284.0,612585.0,74
201700035586,17,8,31,1900,1,2,2,2.0,7.0,74010,M,4590446.0,612999.0,74
201700035587,17,8,30,1525,1,2,1,1.0,6.0,74010,M,4591609.0,613279.0,74
201700035588,17,9,7,1730,1,2,3,1.0,3.0,74010,M,4590809.0,612603.0,74
201700035589,17,9,9,1212,1,2,1,2.0,6.0,74010,M,4591416.0,613789.0,74
201700035590,17,9,10,1640,1,2,1,1.0,3.0,74093,M,4589671.0,609730.0,74
201700035591,17,9,13,1240,1,2,1,1.0,2.0,74010,M,4592569.0,612395.0,74
201700035592,17,9,2,1947,1,2,1,3.0,3.0,74093,M,4590785.0,610756.0,74
201700035593,17,9,15,1213,1,2,1,1.0,3.0,74010,M,4590808.0,613415.0,74
201700035594,17,9,13,750,1,1,1,1.0,2.0,74010,M,4590100.0,610860.0,74
201700035595,17,9,18,1620,1,2,1,1.0,4.0,74010,M,,,74
201700035596,17,9,20,757,2,2,1,1.0,1.0,74010,M,4591000.0,613102.0,74
201700035597,17,9,21,800,1,2,2,1.0,2.0,74010,M,4591103.0,611781.0,74
201700035598,17,8,31,905,1,1,6,2.0,3.0,74093,M,4589070.0,608680.0,74
201700035599,17,9,22,800,1,2,1,1.0,4.0,74010,M,4590761.0,611522.0,74
201700035600,17,8,31,2100,5,2,3,2.0,3.0,74010,M,4590370.0,612730.0,74
201700035601,17,9,20,1236,1,2,1,1.0,6.0,74010,M,4590277.0,612324.0,74
201700035602,17,9,22,1515,1,2,2,1.0,3.0,74010,M,4589305.0,611753.0,74
201700035603,17,9,23,1602,1,2,1,1.0,7.0,74093,M,4590880.0,610013.0,74
201700035604,17,9,24,1340,1,2,3,1.0,3.0,74010,M,4590513.0,614261.0,74
201700035605,17,9,26,1050,1,2,4,1.0,3.0,74093,M,4589410.0,610854.0,74
201700035606,17,10,3,925,1,2,1,2.0,6.0,74010,M,4590481.0,612625.0,74
201700035607,17,10,5,1330,1,2,6,7.0,6.0,74093,M,4590374.0,610586.0,74
201700035608,17,10,6,2000,5,2,6,1.0,7.0,74093,M,4590385.0,611027.0,74
201700035609,17,7,8,30,5,2,1,1.0,2.0,74010,M,4589520.0,613320.0,74
201700035610,17,9,27,2010,5,2,1,1.0,2.0,74010,M,4590160.0,612160.0,74
201700035611,17,10,13,1119,1,2,3,1.0,3.0,74010,M,4592070.0,612050.0,74
201700035612,17,10,14,1936,5,2,1,1.0,6.0,74010,M,4590580.0,611700.0,74
201700035613,17,10,17,735,1,2,3,1.0,3.0,74010,M,4590481.0,614507.0,74
201700035614,17,10,19,1835,1,2,1,1.0,6.0,74010,M,4592559.0,612568.0,74
201700035615,17,10,20,1021,1,2,2,1.0,1.0,74010,M,4590771.0,612850.0,74
201700035616,17,10,21,1030,1,2,6,1.0,6.0,74010,M,4590582.0,612635.0,74
201700035617,17,10,25,1205,1,2,1,1.0,2.0,74010,M,4591330.0,612580.0,74
201700035618,17,10,23,2045,5,2,2,1.0,6.0,74010,M,4590915.0,611707.0,74
201700035619,17,10,28,1040,1,1,3,1.0,3.0,74010,M,4588425.0,614066.0,74
201700035620,17,11,2,1900,5,2,4,1.0,3.0,74010,M,4590760.0,612430.0,74
201700035621,17,11,7,1300,1,2,6,1.0,3.0,74010,M,4592070.0,613290.0,74
201700035622,17,11,10,900,1,2,1,1.0,3.0,74010,M,4592511.0,612457.0,74
201700035623,17,11,10,1810,5,2,6,2.0,3.0,74010,M,4591606.0,612858.0,74
201700035624,17,11,13,1510,1,2,1,7.0,6.0,74010,M,4590980.0,613640.0,74
201700035625,17,11,13,1755,5,2,4,1.0,6.0,74010,M,4590550.0,611910.0,74
201700035626,17,11,17,945,1,2,2,1.0,6.0,74093,M,4591250.0,611250.0,74
201700035627,17,11,5,130,5,2,3,1.0,2.0,74010,M,4591050.0,613790.0,74
201700035628,17,11,17,2015,5,2,1,1.0,6.0,74010,M,4590100.0,611840.0,74
201700035629,17,11,21,1650,5,2,3,1.0,3.0,74010,M,4591305.0,612494.0,74
201700035630,17,11,27,1800,5,2,1,1.0,4.0,74010,M,4591350.0,612599.0,74
201700035631,17,12,5,2215,5,2,4,1.0,6.0,74010,M,4590350.0,613040.0,74