Num_Acc,an,mois,jour,hrmn,lum,agg,int,atm,col,com,gps,lat,long,dep
201700035632,17,12,7,1655,5,2,1,1.0,1.0,74010,M,4588910.0,614350.0,74
201700035633,17,12,9,835,1,2,1,4.0,6.0,74010,M,4589789.0,610622.0,74
201700035634,17,12,11,1905,5,2,1,3.0,6.0,74010,M,4591847.0,612708.0,74
201700035635,17,12,15,1743,5,2,1,1.0,2.0,74010,M,4590100.0,610900.0,74
201700035636,17,12,18,1430,1,2,1,4.0,6.0,74010,M,4590471.0,612378.0,74
201700035637,17,12,18,1700,5,2,2,8.0,6.0,74010,M,4591956.0,612380.0,74
201700035638,17,12,19,1210,1,2,1,1.0,4.0,74010,M,4592719.0,612380.0,74
201700035639,17,12,21,1325,1,2,3,1.0,3.0,74010,M,4590387.0,612870.0,74
201700035640,17,12,26,1035,1,2,1,2.0,6.0,74010,M,4592487.0,612399.0,74
201700035641,17,12,26,1430,1,2,1,2.0,1.0,74010,M,4592129.0,612408.0,74
201700035642,17,12,31,1955,5,2,1,1.0,3.0,74012,M,4618574.0,623645.0,74
201700035643,17,1,22,135,3,2,1,4.0,6.0,74298,M,4616850.0,626720.0,74
201700035644,17,3,2,2130,5,2,3,1.0,3.0,74012,M,4618450.0,622873.0,74
201700035645,17,3,6,1505,1,2,1,2.0,3.0,74012,M,4618394.0,624675.0,74
201700035646,17,3,4,1840,1,2,2,2.0,3.0,74133,M,4619053.0,621150.0,74
201700035647,17,3,16,1650,1,2,3,1.0,1.0,74305,M,4620250.0,625570.0,74
201700035648,17,4,7,1330,1,2,6,1.0,3.0,74012,M,4619294.0,622866.0,74
201700035649,17,5,24,1750,1,2,1,1.0,6.0,74008,M,4620118.0,625061.0,74
201700035650,17,12,20,1450,1,2,6,1.0,7.0,74133,M,4618342.0,619539.0,74
201700035651,17,5,12,1000,1,2,3,1.0,6.0,74012,M,4619305.0,623111.0,74
201700035652,17,6,18,30,3,2,1,1.0,6.0,74133,M,4617819.0,621422.0,74
201700035653,17,6,30,100,5,2,9,2.0,2.0,74012,M,4618361.0,623100.0,74
201700035654,17,7,3,1555,1,2,4,1.0,3.0,74133,M,4617386.0,621180.0,74
201700035655,17,7,27,1330,1,2,3,1.0,5.0,74012,M,4618447.0,622876.0,74
201700035656,17,7,12,1500,1,2,3,1.0,3.0,74008,M,4619305.0,622611.0,74
201700035657,17,8,31,1405,1,2,1,2.0,6.0,74133,M,4619211.0,620705.0,74
201700035658,17,9,1,1825,1,2,1,2.0,3.0,74008,M,4619255.0,622355.0,74
201700035659,17,8,3,1220,1,2,1,1.0,3.0,74298,M,4616850.0,627160.0,74
201700035660,17,9,21,1805,1,2,3,1.0,3.0,74012,M,4619847.0,625713.0,74
201700035661,17,9,23,1415,1,2,3,1.0,2.0,74305,M,4620569.0,628486.0,74
201700035662,17,10,2,1115,1,2,1,1.0,6.0,74133,M,4619030.0,621602.0,74
201700035663,17,10,23,2210,5,2,1,1.0,6.0,74133,M,4618922.0,621434.0,74
201700035664,17,10,15,2010,5,2,1,1.0,6.0,74012,M,4619228.0,623983.0,74
201700035665,17,9,29,1935,5,2,3,1.0,6.0,74012,M,4619169.0,623038.0,74
201700035666,17,11,2,705,2,2,1,8.0,3.0,74298,M,4617630.0,624310.0,74
201700035667,17,10,21,1620,1,2,1,1.0,2.0,74012,M,4618938.0,624329.0,74
201700035668,17,11,8,1815,5,2,1,2.0,6.0,74012,M,4619657.0,625515.0,74
201700035669,17,11,9,1210,1,2,4,1.0,3.0,74305,M,4619945.0,626696.0,74
201700035670,17,10,21,2025,5,2,3,3.0,3.0,74012,M,4620384.0,625729.0,74
201700035671,17,11,8,1745,5,2,1,1.0,6.0,74012,M,4618616.0,623941.0,74
201700035672,17,11,15,850,1,2,1,1.0,3.0,74012,M,4619700.0,625492.0,74
201700035673,17,11,15,1310,1,2,1,1.0,6.0,74012,M,4619505.0,229658.0,74
201700035674,17,11,13,1445,1,2,3,1.0,3.0,74298,M,4618015.0,624841.0,74
201700035675,17,11,2,1345,1,2,2,1.0,3.0,74012,M,4619047.0,623452.0,74
201700035676,17,11,20,845,1,2,3,1.0,3.0,74012,M,4619297.0,623745.0,74
201700035677,17,11,22,1810,5,2,2,1.0,2.0,74012,M,4619204.0,624441.0,74
201700035678,17,11,10,2140,3,2,1,1.0,6.0,74305,M,4620293.0,627913.0,74
201700035679,17,11,20,1835,2,2,1,1.0,2.0,74012,M,4619047.0,623452.0,74
201700035680,17,11,28,739,2,2,6,1.0,3.0,74305,M,4620210.0,627351.0,74
201700035681,17,11,30,1005,1,2,1,9.0,5.0,74133,M,4618485.0,621673.0,74
201700035682,17,12,4,1642,2,2,1,1.0,1.0,74012,M,4619509.0,624391.0,74
201700035683,17,12,5,1620,1,2,2,1.0,3.0,74012,M,4619295.0,623745.0,74
201700035684,17,12,5,1130,1,2,3,1.0,3.0,74305,M,4620384.0,627847.0,74
201700035685,17,12,4,1750,5,2,3,1.0,3.0,74012,M,4619049.0,624263.0,74
201700035686,17,12,11,1750,5,2,6,2.0,6.0,74012,M,4619194.0,625111.0,74
201700035687,17,12,12,1045,1,2,2,4.0,6.0,74008,M,4619935.0,622600.0,74
201700035688,17,12,12,1220,1,2,1,8.0,4.0,74305,M,4620249.0,625499.0,74
201700035689,17,12,12,2130,5,2,2,1.0,1.0,74012,M,4619717.0,625203.0,74
201700035690,17,11,23,1610,1,2,3,1.0,3.0,74118,M,4618206.0,622992.0,74
201700035691,17,12,8,630,5,2,1,2.0,3.0,74012,M,4619202.0,624186.0,74
201700035692,17,12,27,1350,1,2,2,2.0,3.0,74012,M,4619795.0,623609.0,74
201700035693,17,1,29,1339,1,2,3,1.0,3.0,74281,M,4638138.0,648680.0,74
201700035694,17,3,15,1121,1,2,1,1.0,6.0,74281,M,4637571.0,647313.0,74
201700035695,17,3,21,1215,1,2,1,1.0,3.0,74281,M,4635594.0,646491.0,74
201700035696,17,3,30,745,1,2,4,1.0,3.0,74218,M,4638693.0,653697.0,74
201700035697,17,4,7,1750,1,2,3,1.0,3.0,74172,M,4640018.0,664039.0,74
201700035698,17,6,14,1020,1,2,1,1.0,6.0,74119,M,4640074.0,658498.0,74
201700035699,17,6,24,1045,1,2,1,1.0,6.0,74119,M,4640158.0,659236.0,74
201700035700,17,6,23,1745,1,2,3,1.0,3.0,74218,M,4639472.0,654777.0,74
201700035701,17,6,28,1830,1,2,1,1.0,4.0,74281,M,4637055.0,649000.0,74
201700035702,17,6,28,1155,1,2,2,1.0,3.0,74281,M,4637716.0,649056.0,74
201700035703,17,7,9,515,2,2,1,8.0,7.0,74119,M,4639911.0,659078.0,74
201700035704,17,7,5,1145,1,2,1,1.0,6.0,74281,M,4637998.0,648158.0,74
201700035705,17,7,11,813,1,2,8,1.0,6.0,74281,M,4635985.0,646333.0,74
201700035706,17,7,18,2005,1,2,3,1.0,3.0,74218,M,4639459.0,654509.0,74
201700035707,17,8,7,1320,1,2,3,1.0,2.0,74281,M,4636443.0,646463.0,74
201700035708,17,8,10,1720,1,2,9,1.0,6.0,74281,M,4636777.0,647750.0,74
201700035709,17,9,4,1224,1,2,1,1.0,1.0,74200,M,4639144.0,661083.0,74
201700035710,17,8,15,2302,5,2,3,1.0,3.0,74281,M,4638084.0,649510.0,74
201700035711,17,7,21,1,5,2,1,1.0,2.0,74119,M,4339768.0,657279.0,74
201700035712,17,9,15,1900,2,2,1,1.0,3.0,74218,M,4639361.0,653527.0,74
201700035713,17,11,2,1740,5,2,1,1.0,3.0,74119,M,4640222.0,658972.0,74
201700035714,17,2,22,1955,3,2,3,2.0,6.0,76114,M,4956051.0,47635.0,76
201700035715,17,3,2,1800,1,2,1,1.0,1.0,76384,M,4951961.0,53959.0,76
201700035716,17,4,5,700,2,1,1,1.0,6.0,76384,M,4950544.0,52504.0,76
201700035717,17,5,2,2305,5,2,1,8.0,6.0,76114,M,4956680.0,46375.0,76
201700035718,17,5,8,1600,1,2,1,1.0,6.0,76384,M,4951795.0,54026.0,76
201700035719,17,8,8,1146,1,1,1,1.0,7.0,76476,M,4948010.0,57340.0,76
201700035720,17,8,18,250,3,1,1,1.0,7.0,76384,M,4953686.0,54983.0,76
201700035721,17,10,9,825,1,2,6,8.0,6.0,76329,M,4956003.0,48229.0,76
201700035722,17,1,7,1520,1,2,4,2.0,6.0,76026,M,4988058.0,113002.0,76
201700035723,17,12,25,1830,5,2,6,1.0,2.0,76217,M,4991139.0,107536.0,76
201700035724,17,1,10,1710,2,1,3,1.0,2.0,76565,M,4988895.0,108399.0,76
201700035725,17,1,19,1750,5,2,1,1.0,6.0,76217,M,4990704.0,107782.0,76
201700035726,17,1,21,1440,1,2,1,1.0,6.0,76217,M,4990812.0,107843.0,76
201700035727,17,2,16,1913,3,1,1,5.0,3.0,76324,M,4993409.0,115587.0,76
201700035728,17,2,15,935,1,2,1,1.0,6.0,76217,M,4993190.0,109460.0,76
201700035729,17,2,28,1600,1,2,1,1.0,2.0,76217,M,4991452.0,107486.0,76
201700035730,17,3,16,1100,1,2,1,1.0,7.0,76217,M,4992272.0,107119.0,76
201700035731,17,4,6,911,1,2,6,1.0,3.0,76026,M,4988178.0,112625.0,76
201700035732,17,5,5,830,1,2,1,1.0,6.0,76217,M,4992553.0,108031.0,76
201700035733,17,5,6,750,1,1,1,1.0,1.0,76026,M,4988179.0,112105.0,76
201700035734,17,5,26,1937,1,2,1,1.0,3.0,76217,M,4992161.0,107343.0,76
201700035735,17,5,28,1635,1,2,1,1.0,6.0,76217,M,4992600.0,107275.0,76
201700035736,17,5,28,1808,1,1,1,1.0,2.0,76217,M,4992877.0,107602.0,76
201700035737,17,7,18,1849,1,1,1,1.0,3.0,76565,M,4988198.0,106779.0,76
201700035738,17,7,5,735,1,1,1,8.0,1.0,76707,M,4986455.0,107158.0,76
201700035739,17,7,6,2025,1,1,1,1.0,3.0,76349,M,4992007.0,104585.0,76
201700035740,17,7,15,155,3,1,1,1.0,6.0,76482,M,4988731.0,105896.0,76
201700035741,17,7,19,1245,1,2,3,1.0,6.0,76217,M,4992518.0,107283.0,76
201700035742,17,7,19,1415,1,1,1,1.0,6.0,76217,M,4992040.0,105133.0,76
201700035743,17,7,9,1850,1,2,1,1.0,6.0,76217,M,4992605.0,107270.0,76
201700035744,17,8,5,50,3,1,1,1.0,7.0,76565,M,4989192.0,108102.0,76
201700035745,17,8,15,2310,5,2,1,1.0,2.0,76217,M,4991460.0,107487.0,76
201700035746,17,8,16,740,1,1,1,8.0,6.0,76565,M,4988950.0,106812.0,76
201700035747,17,8,16,1605,1,1,2,1.0,2.0,76217,M,4990807.0,107270.0,76
201700035748,17,9,2,1250,1,2,1,1.0,2.0,76217,M,4991306.0,109055.0,76
201700035749,17,9,3,2218,3,1,1,2.0,1.0,76565,M,4987137.0,108128.0,76
201700035750,17,9,5,1538,1,2,1,1.0,6.0,76217,M,4992886.0,110296.0,76
201700035751,17,9,7,1658,1,1,1,1.0,6.0,76349,M,4991906.0,104051.0,76
201700035752,17,9,8,1810,2,1,3,2.0,3.0,76565,M,4987081.0,107677.0,76
201700035753,17,9,12,1300,1,1,1,2.0,6.0,76026,M,4988328.0,116361.0,76
201700035754,17,10,27,1350,1,2,6,1.0,2.0,76217,M,4991134.0,107577.0,76
201700035755,17,9,28,913,1,1,1,2.0,6.0,76414,M,4992751.0,112346.0,76
201700035756,17,9,29,1515,1,2,3,1.0,6.0,76217,M,4992475.0,107515.0,76
201700035757,17,10,13,1650,1,2,1,1.0,2.0,76565,M,4989266.0,107469.0,76
201700035758,17,11,2,1740,5,2,7,1.0,6.0,76217,M,4992949.0,108222.0,76
201700035759,17,11,6,1020,1,2,1,1.0,6.0,76217,M,4991582.0,107307.0,76
201700035760,17,11,6,2340,5,2,1,1.0,6.0,76217,M,4992729.0,108477.0,76
201700035761,17,11,6,1520,1,2,2,1.0,6.0,76217,M,4992733.0,108589.0,76
201700035762,17,11,17,1605,1,1,1,1.0,2.0,76565,M,4989392.0,107906.0,76
201700035763,17,11,20,820,2,1,1,2.0,2.0,76565,M,4988930.0,108366.0,76
201700035764,17,11,22,1140,1,2,3,1.0,3.0,76414,M,4990108.0,113957.0,76
201700035765,17,11,24,1820,5,2,1,3.0,6.0,76217,M,4992630.0,107321.0,76
201700035766,17,12,24,915,1,2,1,1.0,7.0,76217,M,4992719.0,108326.0,76
201700035767,17,12,29,1515,1,2,1,2.0,2.0,76026,M,4989052.0,111840.0,76
201700035768,17,1,2,1400,1,2,3,1.0,3.0,76259,M,4975111.0,40434.0,76
201700035769,17,4,13,1055,1,2,1,8.0,6.0,76259,M,4976157.0,37417.0,76
201700035770,17,6,20,2330,5,2,1,1.0,2.0,76259,M,4976197.0,37812.0,76
201700035771,17,8,6,1645,1,2,3,7.0,3.0,76259,M,4976030.0,37350.0,76
201700035772,17,7,5,1815,1,1,1,1.0,7.0,76600,M,4972394.0,35866.0,76
201700035773,17,10,13,2319,5,2,2,1.0,6.0,76259,M,4975853.0,36845.0,76
201700035774,17,11,2,2204,5,2,9,1.0,6.0,76259,M,4975259.0,39494.0,76
201700035775,17,11,18,2030,5,2,9,1.0,3.0,76259,M,4975805.0,35987.0,76
201700035776,17,12,16,940,1,2,1,1.0,6.0,76259,M,4975237.0,39484.0,76
201700035777,17,12,19,1410,1,2,1,1.0,6.0,76259,M,4975055.0,37689.0,76
201700035778,17,12,15,900,2,2,1,8.0,6.0,76259,M,4975005.0,40330.0,76
201700035779,17,12,31,420,3,1,2,2.0,6.0,76481,M,4957755.0,12185.0,76
201700035780,17,1,7,2330,5,2,1,2.0,2.0,76351,M,4948575.0,13165.0,76
201700035781,17,1,6,1215,1,1,2,1.0,3.0,76351,M,4948789.0,18737.0,76
201700035782,17,1,9,851,2,2,3,2.0,6.0,76351,M,4952261.0,10702.0,76
201700035783,17,1,7,2255,5,2,2,1.0,6.0,76351,M,4949207.0,11673.0,76
201700035784,17,1,14,1550,1,2,1,2.0,6.0,76351,M,4951253.0,12675.0,76
201700035785,17,1,14,355,5,2,3,1.0,6.0,76351,M,4949749.0,13271.0,76
201700035786,17,1,14,1915,5,2,2,2.0,2.0,76351,M,4949408.0,12408.0,76
201700035787,17,1,14,815,2,1,1,1.0,6.0,76270,M,4955225.0,14425.0,76
201700035788,17,12,1,2205,5,2,3,2.0,3.0,76351,M,4949964.0,15712.0,76
201700035789,17,1,5,1305,1,2,3,1.0,3.0,76351,M,4949162.0,9697.0,76
201700035790,17,1,18,1305,1,2,1,1.0,7.0,76305,M,4950482.0,22894.0,76
201700035791,17,1,20,1645,1,2,1,1.0,2.0,76305,M,4950320.0,21562.0,76
201700035792,17,1,21,920,1,2,3,1.0,2.0,76296,M,4951878.0,27146.0,76
201700035793,17,1,21,615,3,1,1,1.0,2.0,76305,M,4951216.0,21971.0,76
201700035794,17,1,23,2025,3,1,1,1.0,6.0,76270,M,4953098.0,14230.0,76
201700035795,17,1,26,1330,1,2,1,1.0,2.0,76351,M,4950069.0,9340.0,76
201700035796,17,1,27,1830,5,1,3,1.0,3.0,76351,M,4949924.0,15490.0,76
201700035797,17,12,21,1710,5,2,1,2.0,3.0,76447,M,4953222.0,18933.0,76
201700035798,17,1,31,1610,1,2,1,1.0,6.0,76341,M,4951689.0,20120.0,76
201700035799,17,2,6,717,5,2,3,1.0,7.0,76351,M,4951310.0,16362.0,76
201700035800,17,1,23,1430,1,2,2,1.0,3.0,76351,M,4949882.0,10711.0,76
201700035801,17,2,9,1315,1,2,3,1.0,2.0,76351,M,4951491.0,11230.0,76
201700035802,17,2,9,745,2,2,3,1.0,2.0,76351,M,4948093.0,13804.0,76
201700035803,17,2,14,1030,1,2,1,1.0,2.0,76351,M,4952153.0,7465.0,76
201700035804,17,2,19,1115,1,2,1,1.0,6.0,76305,M,4950301.0,20999.0,76
201700035805,17,2,19,1840,1,2,3,1.0,7.0,76351,M,4952709.0,12265.0,76
201700035806,17,2,22,1635,1,2,2,2.0,3.0,76351,M,4950715.0,17514.0,76
201700035807,17,2,23,1935,5,2,3,1.0,3.0,76351,M,4949577.0,13020.0,76
201700035808,17,2,23,1640,1,2,3,1.0,6.0,76351,M,4950010.0,13196.0,76
201700035809,17,2,25,1715,1,2,3,1.0,3.0,76351,M,4951059.0,18242.0,76
201700035810,17,2,26,600,5,2,2,1.0,3.0,76351,M,4949406.0,13846.0,76
201700035811,17,2,28,1820,2,2,1,2.0,6.0,76351,M,4950909.0,14834.0,76
201700035812,17,3,1,2035,5,2,1,1.0,1.0,76351,M,4951923.0,15701.0,76
201700035813,17,2,25,1100,1,2,2,1.0,4.0,76351,M,4952220.0,8847.0,76
201700035814,17,3,2,125,5,2,3,1.0,7.0,76351,M,4949767.0,12811.0,76
201700035815,17,3,5,2105,5,2,2,3.0,3.0,76351,M,4948981.0,11939.0,76
201700035816,17,3,8,930,1,2,1,2.0,7.0,76351,M,4949788.0,14132.0,76
201700035817,17,3,11,1725,1,1,1,1.0,6.0,76305,M,4951298.0,21249.0,76
201700035818,17,2,28,830,1,2,6,2.0,3.0,76270,M,4953020.0,14335.0,76
201700035819,17,2,24,2000,3,1,6,1.0,7.0,76351,M,4952137.0,10829.0,76
201700035820,17,3,14,1955,3,1,1,1.0,6.0,76270,M,4953117.0,14205.0,76
201700035821,17,3,14,1700,1,2,1,1.0,6.0,76351,M,4950180.0,16346.0,76
201700035822,17,3,19,100,3,2,1,2.0,1.0,76351,M,4952709.0,12917.0,76
201700035823,17,2,16,1500,1,2,1,1.0,6.0,76351,M,4948947.0,10506.0,76
201700035824,17,3,22,2145,5,2,2,2.0,3.0,76351,M,4950741.0,17155.0,76
201700035825,17,3,23,1700,1,1,3,1.0,3.0,76305,M,4948506.0,22445.0,76
201700035826,17,3,25,1200,1,2,1,1.0,7.0,76351,M,4951209.0,15024.0,76
201700035827,17,4,1,2230,5,2,1,1.0,6.0,76305,M,4950710.0,23201.0,76
201700035828,17,4,4,1300,1,2,1,1.0,2.0,76447,M,4954389.0,18285.0,76
201700035829,17,4,5,1710,1,2,1,1.0,6.0,76351,M,4948556.0,10140.0,76
201700035830,17,4,3,1850,1,2,2,1.0,1.0,76351,M,4951734.0,12734.0,76
201700035831,17,4,3,2010,1,2,1,1.0,1.0,76351,M,4949935.0,15039.0,76
201700035832,17,4,6,1400,1,2,2,1.0,3.0,76351,M,4949899.0,14326.0,76
201700035833,17,4,8,1300,1,2,1,1.0,1.0,76351,M,4948891.0,15247.0,76
201700035834,17,4,8,105,5,2,2,1.0,3.0,76351,M,4931170.0,96367.0,76
201700035835,17,4,11,945,1,2,3,1.0,4.0,76351,M,4950483.0,17210.0,76
201700035836,17,4,6,1850,1,2,6,1.0,6.0,76351,M,4948739.0,11377.0,76
201700035837,17,4,16,1525,1,2,1,1.0,7.0,76351,M,4952025.0,15920.0,76
201700035838,17,4,16,1010,1,2,2,1.0,3.0,76351,M,4951985.0,11929.0,76
201700035839,17,4,12,1445,1,1,1,1.0,5.0,76351,M,4947634.0,17533.0,76
201700035840,17,4,18,1140,1,2,2,1.0,3.0,76351,M,4949832.0,12301.0,76
201700035841,17,4,16,1915,1,2,1,1.0,6.0,76351,M,4949299.0,13038.0,76
201700035842,17,4,18,1820,1,2,1,1.0,6.0,76296,M,4951837.0,26546.0,76
201700035843,17,4,18,2149,5,2,1,1.0,2.0,76351,M,4949536.0,11080.0,76
201700035844,17,4,20,820,1,1,1,1.0,6.0,76351,M,4946093.0,18548.0,76
201700035845,17,3,6,1740,1,2,3,1.0,2.0,76351,M,4949874.0,15072.0,76
201700035846,17,4,21,650,1,1,2,1.0,3.0,76351,M,4950706.0,14862.0,76
201700035847,17,4,21,1520,1,2,2,1.0,3.0,76351,M,4951222.0,11031.0,76
201700035848,17,4,21,1835,1,2,1,1.0,6.0,76351,M,4949913.0,10755.0,76
201700035849,17,4,28,2045,1,2,1,1.0,6.0,76351,M,4950152.0,9674.0,76
201700035850,17,5,12,1605,1,2,2,1.0,6.0,76351,M,4948630.0,14053.0,76
201700035851,17,5,7,1750,1,1,1,1.0,6.0,76305,M,4948776.0,20102.0,76
201700035852,17,5,17,1005,1,2,1,1.0,6.0,76351,M,4949820.0,12897.0,76
201700035853,17,5,17,1255,1,2,3,1.0,3.0,76351,M,4952673.0,10392.0,76
201700035854,17,5,17,540,1,1,6,1.0,2.0,76351,M,4948328.0,16573.0,76
201700035855,17,5,18,2315,5,2,6,1.0,6.0,76351,M,4949029.0,13368.0,76
201700035856,17,5,20,1525,1,1,1,1.0,6.0,76447,M,4952393.0,18367.0,76
201700035857,17,5,19,1748,1,1,1,2.0,6.0,76270,M,4953080.0,12509.0,76
201700035858,17,5,20,2030,1,2,1,1.0,6.0,76305,M,4950357.0,21315.0,76
201700035859,17,5,22,2135,2,2,2,1.0,3.0,76351,M,4949753.0,11557.0,76
201700035860,17,5,29,1350,1,2,2,1.0,3.0,76351,M,4950865.0,16113.0,76
201700035861,17,5,29,2230,5,2,1,2.0,7.0,76481,M,4955605.0,11910.0,76
201700035862,17,5,30,1115,1,1,6,1.0,6.0,76481,M,4955479.0,13435.0,76
201700035863,17,5,26,1610,1,2,2,1.0,3.0,76351,M,4950771.0,17342.0,76
201700035864,17,6,2,1735,1,2,2,1.0,2.0,76351,M,4949821.0,14823.0,76
201700035865,17,6,7,1715,1,2,4,1.0,1.0,76351,M,4950236.0,13465.0,76
201700035866,17,6,8,1220,1,2,3,1.0,3.0,76351,M,4950895.0,13896.0,76
201700035867,17,6,9,1110,1,2,1,1.0,6.0,76305,M,4950449.0,23386.0,76
201700035868,17,6,7,1150,1,2,1,1.0,6.0,76351,M,4950837.0,13908.0,76
201700035869,17,6,12,2320,5,2,2,1.0,7.0,76351,M,4949862.0,10674.0,76
201700035870,17,6,13,1615,1,2,1,1.0,6.0,76351,M,4949997.0,12811.0,76
201700035871,17,6,11,1550,1,2,1,1.0,6.0,76351,M,4952907.0,11437.0,76
201700035872,17,6,7,1250,1,2,2,1.0,6.0,76351,M,4950242.0,17266.0,76
201700035873,17,6,14,120,5,2,2,1.0,3.0,76351,M,4949585.0,11902.0,76
201700035874,17,6,26,210,5,1,6,1.0,6.0,76341,M,4950340.0,19259.0,76
201700035875,17,7,2,2130,1,2,2,1.0,3.0,76351,M,4951980.0,11929.0,76
201700035876,17,7,3,2040,1,2,4,1.0,6.0,76351,M,4949857.0,16230.0,76
201700035877,17,7,2,515,5,2,1,3.0,6.0,76351,M,4951112.0,18368.0,76
201700035878,17,7,4,1905,1,2,1,1.0,6.0,76447,M,4954236.0,18286.0,76
201700035879,17,7,5,2205,1,2,2,1.0,3.0,76351,M,4952434.0,12317.0,76
201700035880,17,7,7,1400,1,2,1,1.0,7.0,76481,M,4951520.0,10572.0,76
201700035881,17,7,8,2015,1,1,4,1.0,7.0,76447,M,4954172.0,18775.0,76
201700035882,17,7,9,1055,1,2,4,1.0,1.0,76552,M,4930268.0,50880.0,76
201700035883,17,7,8,2145,1,1,2,1.0,5.0,76481,M,4955233.0,11147.0,76
201700035884,17,7,12,845,1,2,1,2.0,6.0,76351,M,4950000.0,17029.0,76
201700035885,17,7,14,1905,1,2,3,1.0,1.0,76305,M,4950344.0,20572.0,76
201700035886,17,7,16,1845,1,2,1,1.0,6.0,76351,M,4949795.0,11463.0,76
201700035887,17,7,17,1400,1,2,1,1.0,6.0,76341,M,4951571.0,20399.0,76
201700035888,17,7,19,1740,1,2,3,1.0,2.0,76351,M,4950015.0,13460.0,76
201700035889,17,7,22,1058,1,2,3,1.0,3.0,76351,M,4949406.0,10954.0,76
201700035890,17,7,23,45,5,2,2,2.0,6.0,76351,M,4950808.0,10369.0,76
201700035891,17,7,23,1605,1,2,1,1.0,2.0,76351,M,4948584.0,13857.0,76
201700035892,17,7,22,1800,1,2,4,1.0,3.0,76351,M,4950450.0,11682.0,76
201700035893,17,7,28,1720,1,2,4,1.0,3.0,76447,M,4953994.0,18682.0,76
201700035894,17,7,28,2040,1,2,1,1.0,3.0,76351,M,4950458.0,9991.0,76
201700035895,17,8,2,1220,1,2,2,2.0,2.0,76351,M,4952097.0,12975.0,76
201700035896,17,8,3,1820,1,2,1,1.0,3.0,76447,M,4952806.0,18238.0,76
201700035897,17,8,2,1755,1,2,1,1.0,1.0,76296,M,4951833.0,26241.0,76
201700035898,17,7,31,2050,2,1,1,1.0,6.0,76351,M,4946210.0,16508.0,76
201700035899,17,8,4,730,1,2,1,2.0,7.0,76351,M,4949557.0,10072.0,76
201700035900,17,6,6,1020,1,2,1,1.0,4.0,76351,M,4949711.0,15084.0,76
201700035901,17,8,4,2250,5,2,1,1.0,6.0,76351,M,4951484.0,15694.0,76
201700035902,17,8,11,1115,1,2,2,1.0,3.0,76351,M,4951384.0,17598.0,76
201700035903,17,8,16,1510,1,2,3,1.0,3.0,76351,M,4950532.0,11816.0,76
201700035904,17,8,17,2230,5,2,3,1.0,6.0,76351,M,4950631.0,11353.0,76
201700035905,17,8,27,1730,1,2,1,1.0,6.0,76351,M,4951642.0,10110.0,76
201700035906,17,8,26,410,5,2,2,1.0,3.0,76351,M,4950480.0,16874.0,76
201700035907,17,8,28,1725,1,2,1,1.0,6.0,76351,M,4949650.0,9329.0,76
201700035908,17,8,30,2120,5,1,1,2.0,7.0,76305,M,4949910.0,23219.0,76
201700035909,17,8,31,1810,1,2,1,1.0,6.0,76351,M,4950070.0,17544.0,76
201700035910,17,9,1,1754,1,1,1,1.0,2.0,76305,M,4951625.0,23991.0,76
201700035911,17,9,4,725,5,2,1,2.0,6.0,76351,M,4952205.0,12912.0,76
201700035912,17,9,7,1830,1,2,2,1.0,6.0,76447,M,4954417.0,19570.0,76
201700035913,17,9,9,2005,5,2,2,2.0,3.0,76351,M,4949301.0,12148.0,76
201700035914,17,9,10,445,5,1,4,1.0,1.0,76351,M,4950088.0,18418.0,76
201700035915,17,9,14,2250,5,2,3,2.0,6.0,76351,M,4949231.0,10777.0,76
201700035916,17,9,13,1740,1,2,3,2.0,3.0,76351,M,4949997.0,12770.0,76
201700035917,17,9,18,835,1,2,1,1.0,6.0,76351,M,4949272.0,14132.0,76
201700035918,17,9,21,2205,5,2,3,2.0,3.0,76351,M,4950005.0,13084.0,76
201700035919,17,9,22,1240,1,1,1,1.0,6.0,76351,M,4947625.0,17008.0,76
201700035920,17,9,24,1545,1,1,1,1.0,3.0,76351,M,4951044.0,18155.0,76
201700035921,17,9,23,1600,1,2,2,1.0,3.0,76351,M,4949994.0,12998.0,76
201700035922,17,9,23,15,5,2,1,1.0,6.0,76351,M,4951467.0,16508.0,76
201700035923,17,9,9,1235,1,2,2,1.0,3.0,76351,M,4951571.0,12056.0,76
201700035924,17,9,28,1200,1,2,6,1.0,7.0,76351,M,4953169.0,10357.0,76
201700035925,17,9,27,1330,1,2,2,1.0,6.0,76351,M,4949746.0,13282.0,76
201700035926,17,9,25,1800,1,2,2,1.0,6.0,76351,M,4948744.0,14525.0,76
201700035927,17,10,3,1604,1,2,1,1.0,3.0,76552,M,4950800.0,8373.0,76
201700035928,17,10,3,1740,1,1,1,1.0,7.0,76481,M,4953282.0,11308.0,76
201700035929,17,10,4,1615,1,2,2,1.0,5.0,76351,M,4949764.0,13615.0,76
201700035930,17,9,28,1220,1,2,3,1.0,6.0,76351,M,4949946.0,14637.0,76
201700035931,17,10,4,1535,1,2,6,1.0,6.0,76305,M,4950316.0,22981.0,76
201700035932,17,10,4,2010,5,2,1,1.0,3.0,76351,M,4949416.0,10981.0,76
201700035933,17,10,1,1513,1,2,1,1.0,7.0,76351,M,4952316.0,12978.0,76
201700035934,17,10,5,1435,1,2,1,2.0,7.0,76447,M,4953220.0,18933.0,76
201700035935,17,10,8,1510,1,1,3,1.0,3.0,76481,M,4953853.0,10015.0,76
201700035936,17,10,11,1605,1,2,1,1.0,6.0,76351,M,4950922.0,14913.0,76