Num_Acc,an,mois,jour,hrmn,lum,agg,int,atm,col,com,gps,lat,long,dep
201700035937,17,10,11,1905,2,2,2,1.0,5.0,76351,M,4949833.0,12296.0,76
201700035938,17,10,13,1555,1,1,6,1.0,2.0,76351,M,4953005.0,14301.0,76
201700035939,17,10,16,550,5,2,1,1.0,7.0,76351,M,4949406.0,14771.0,76
201700035940,17,10,21,1705,1,2,2,1.0,6.0,76351,M,4951851.0,11687.0,76
201700035941,17,10,23,1930,5,2,2,1.0,3.0,76351,M,4948520.0,13121.0,76
201700035942,17,10,24,800,2,2,2,2.0,7.0,76351,M,4952086.0,11783.0,76
201700035943,17,10,17,750,3,2,3,1.0,3.0,76447,M,4954227.0,16692.0,76
201700035944,17,10,31,1910,5,2,1,1.0,5.0,76296,M,4951814.0,26078.0,76
201700035945,17,10,15,530,5,2,2,1.0,2.0,76351,M,4951722.0,15695.0,76
201700035946,17,10,29,600,5,2,1,1.0,6.0,76552,M,4951658.0,6914.0,76
201700035947,17,11,2,1115,1,2,1,1.0,6.0,76351,M,4949258.0,10109.0,76
201700035948,17,10,30,740,1,2,3,1.0,2.0,76351,M,4951559.0,11266.0,76
201700035949,17,11,8,715,5,2,1,2.0,6.0,76351,M,4950772.0,17492.0,76
201700035950,17,11,5,945,1,2,2,2.0,3.0,76351,M,4949243.0,13969.0,76
201700035951,17,11,13,900,1,2,2,1.0,3.0,76351,M,4950141.0,15006.0,76
201700035952,17,11,11,215,5,1,1,3.0,2.0,76351,M,4952546.0,15895.0,76
201700035953,17,11,3,1845,5,2,1,1.0,4.0,76351,M,4948907.0,12244.0,76
201700035954,17,11,10,1045,1,2,2,2.0,6.0,76351,M,4949397.0,11165.0,76
201700035955,17,11,10,1435,1,2,1,1.0,7.0,76351,M,4930866.0,94083.0,76
201700035956,17,11,16,830,1,2,3,1.0,6.0,76351,M,4951743.0,10302.0,76
201700035957,17,11,15,1830,5,1,3,1.0,3.0,76351,M,4950386.0,12572.0,76
201700035958,17,11,16,1225,1,2,1,1.0,7.0,76351,M,4950201.0,18480.0,76
201700035959,17,11,19,1015,1,1,6,1.0,7.0,76351,M,4953145.0,10848.0,76
201700035960,17,11,17,1400,1,2,2,1.0,6.0,76351,M,4949742.0,13263.0,76
201700035961,17,11,20,1105,1,1,1,1.0,6.0,76351,M,4952463.0,17324.0,76
201700035962,17,11,20,1820,5,2,2,1.0,3.0,76351,M,4949601.0,14690.0,76
201700035963,17,11,22,1010,1,2,3,1.0,6.0,76351,M,4949899.0,11999.0,76
201700035964,17,11,7,1220,1,2,3,1.0,2.0,76351,M,4949552.0,9875.0,76
201700035965,17,11,3,2050,5,2,2,2.0,6.0,76351,M,4951857.0,11666.0,76
201700035966,17,11,22,1734,5,2,2,1.0,3.0,76351,M,4949247.0,14845.0,76
201700035967,17,11,24,814,2,2,1,1.0,7.0,76351,M,4951864.0,11658.0,76
201700035968,17,11,24,1600,1,2,6,1.0,1.0,76351,M,4931345.0,52682.0,76
201700035969,17,11,26,110,5,2,6,2.0,2.0,76481,M,4953171.0,10325.0,76
201700035970,17,11,24,1750,5,2,1,2.0,6.0,76351,M,4952345.0,11347.0,76
201700035971,17,11,29,1800,5,2,4,2.0,2.0,76351,M,4951132.0,12813.0,76
201700035972,17,11,24,1150,1,2,2,1.0,6.0,76351,M,4949543.0,9957.0,76
201700035973,17,11,26,2120,5,1,1,3.0,6.0,76447,M,4952440.0,18560.0,76
201700035974,17,12,5,805,5,2,1,1.0,6.0,76351,M,4950339.0,15715.0,76
201700035975,17,12,5,1055,1,2,1,1.0,7.0,76351,M,4949045.0,12828.0,76
201700035976,17,12,9,326,5,2,3,1.0,6.0,76351,M,4949558.0,9390.0,76
201700035977,17,12,9,1020,1,1,3,1.0,6.0,76351,M,4951119.0,13843.0,76
201700035978,17,12,9,120,5,2,2,1.0,3.0,76351,M,4951698.0,11911.0,76
201700035979,17,12,2,1400,1,2,1,2.0,4.0,76341,M,4950285.0,19012.0,76
201700035980,17,12,8,1625,2,2,1,2.0,6.0,76351,M,4952158.0,15920.0,76
201700035981,17,12,15,1200,1,2,1,2.0,6.0,76351,M,4949669.0,10995.0,76
201700035982,17,12,20,1710,5,2,2,2.0,3.0,76351,M,4949875.0,10705.0,76
201700035983,17,12,21,1430,1,2,1,2.0,6.0,76351,M,4950023.0,11076.0,76
201700035984,17,12,24,1250,1,1,1,2.0,6.0,76305,M,4950846.0,19698.0,76
201700035985,17,12,28,1255,1,2,1,1.0,6.0,76351,M,4950006.0,15968.0,76
201700035986,17,12,24,1415,1,2,2,1.0,7.0,76540,M,4944033.0,110213.0,76
201700035987,17,12,25,530,5,2,3,1.0,1.0,76640,M,4926931.0,105136.0,76
201700035988,17,12,27,1710,2,2,2,2.0,6.0,76540,M,4944424.0,109453.0,76
201700035989,17,12,16,2144,3,1,1,1.0,1.0,76391,M,4930844.0,97941.0,76
201700035990,17,1,7,45,5,2,2,1.0,2.0,76178,M,4930870.0,103848.0,76
201700035991,17,1,5,1130,1,2,1,2.0,3.0,76498,M,4942814.0,106857.0,76
201700035992,17,12,15,1839,5,2,2,1.0,3.0,76319,M,4934822.0,99279.0,76
201700035993,17,1,11,630,5,2,1,2.0,6.0,76540,M,4945706.0,110782.0,76
201700035994,17,11,2,730,5,2,2,5.0,6.0,76561,M,4929757.0,100689.0,76
201700035995,17,1,9,2115,5,2,2,2.0,3.0,76540,M,4943802.0,107949.0,76
201700035996,17,1,23,10,5,2,1,1.0,6.0,76540,M,4943693.0,109543.0,76
201700035997,17,1,27,845,1,2,3,4.0,6.0,76681,M,4942220.0,109150.0,76
201700035998,17,12,24,1540,1,2,2,1.0,3.0,76165,M,4927805.0,103069.0,76
201700035999,17,2,1,835,1,2,5,2.0,5.0,76540,M,4943482.0,110614.0,76
201700036000,17,1,26,900,1,2,1,1.0,6.0,76212,M,4944256.0,150378.0,76
201700036001,17,2,1,1815,2,1,1,2.0,2.0,76216,M,4945509.0,105169.0,76
201700036002,17,1,21,1445,1,2,1,1.0,6.0,76540,M,4943901.0,108899.0,76
201700036003,17,2,1,840,1,2,2,1.0,5.0,76561,M,4929732.0,101123.0,76
201700036004,17,12,12,1620,1,2,3,1.0,6.0,76540,M,4944107.0,112915.0,76
201700036005,17,2,21,1720,1,2,4,1.0,6.0,76682,M,4931996.0,112516.0,76
201700036006,17,12,12,1930,5,2,3,1.0,6.0,76157,M,4945595.0,103414.0,76
201700036007,17,2,8,745,2,2,2,1.0,6.0,76540,M,4943988.0,110190.0,76
201700036008,17,12,15,1834,5,2,1,2.0,6.0,76540,M,4943398.0,110129.0,76
201700036009,17,2,6,1640,1,2,1,1.0,6.0,76498,M,4942656.0,106207.0,76
201700036010,17,2,4,2115,5,2,1,1.0,3.0,76540,M,4944594.0,107123.0,76
201700036011,17,2,10,1100,1,2,1,1.0,6.0,76484,M,4936135.0,110306.0,76
201700036012,17,2,11,1625,1,2,1,1.0,6.0,76540,M,4942622.0,108116.0,76
201700036013,17,2,11,557,5,1,4,1.0,3.0,76103,M,4942727.0,111198.0,76
201700036014,17,2,23,1300,1,1,1,2.0,1.0,76157,M,4944291.0,103680.0,76
201700036015,17,2,18,1115,1,2,1,1.0,7.0,76178,M,4931895.0,107304.0,76
201700036016,17,2,22,1700,1,2,2,1.0,3.0,76165,M,4928363.0,102629.0,76
201700036017,17,2,17,1630,1,2,2,1.0,6.0,76540,M,4944715.0,109340.0,76
201700036018,17,2,25,1550,1,2,1,1.0,1.0,76157,M,4944629.0,103692.0,76
201700036019,17,2,24,830,1,1,1,1.0,3.0,76429,M,4941744.0,114622.0,76
201700036020,17,3,3,1036,1,2,4,1.0,7.0,76322,M,4940042.0,103252.0,76
201700036021,17,3,4,2150,5,1,6,1.0,7.0,76497,M,4938907.0,105622.0,76
201700036022,17,3,15,730,2,1,2,1.0,3.0,76391,M,4930085.0,97509.0,76
201700036023,17,12,29,300,5,2,1,1.0,2.0,76540,M,4944266.0,107638.0,76
201700036024,17,2,25,325,5,2,2,1.0,3.0,76216,M,4946898.0,104422.0,76
201700036025,17,3,7,1615,1,2,2,1.0,6.0,76540,M,4943898.0,109139.0,76
201700036026,17,3,5,1615,1,2,3,8.0,4.0,76540,M,4944767.0,106798.0,76
201700036027,17,3,8,1330,1,2,1,1.0,6.0,76540,M,4943702.0,109616.0,76
201700036028,17,2,24,1620,1,2,1,1.0,6.0,76540,M,4942994.0,107596.0,76
201700036029,17,1,20,945,1,2,1,1.0,6.0,76157,M,4944608.0,103546.0,76
201700036030,17,2,27,1010,1,2,1,1.0,6.0,76540,M,4943118.0,108321.0,76
201700036031,17,3,31,2045,5,2,1,1.0,3.0,76498,M,4942958.0,106754.0,76
201700036032,17,3,21,1830,1,2,5,1.0,6.0,76540,M,4945109.0,108809.0,76
201700036033,17,3,17,2230,5,2,1,1.0,2.0,76216,M,4946357.0,105298.0,76
201700036034,17,3,6,925,1,2,1,1.0,6.0,76498,M,4943053.0,105378.0,76
201700036035,17,3,19,725,1,2,1,1.0,6.0,76540,M,4943589.0,109571.0,76
201700036036,17,4,1,1300,1,2,1,1.0,2.0,76540,M,4944088.0,108141.0,76
201700036037,17,4,9,1540,1,2,2,1.0,6.0,76681,M,4941122.0,107610.0,76
201700036038,17,3,23,800,1,2,2,1.0,3.0,76540,M,4945118.0,109836.0,76
201700036039,17,3,3,1735,1,1,1,1.0,2.0,76681,M,4942073.0,110691.0,76
201700036040,17,3,29,1340,1,2,3,1.0,3.0,76216,M,4945520.0,105615.0,76
201700036041,17,4,7,1615,1,2,2,1.0,6.0,76231,M,4928812.0,100722.0,76
201700036042,17,3,24,1810,1,2,2,1.0,1.0,76402,M,4952637.0,103624.0,76
201700036043,17,4,9,1807,1,2,1,1.0,3.0,76178,M,4930572.0,102426.0,76
201700036044,17,4,9,950,1,2,2,1.0,3.0,76484,M,4934247.0,110001.0,76
201700036045,17,4,10,1550,1,2,1,1.0,2.0,76575,M,4939860.0,106317.0,76
201700036046,17,4,11,1400,1,2,1,1.0,6.0,76681,M,4941808.0,108902.0,76
201700036047,17,4,16,1535,1,2,1,1.0,6.0,76540,M,4944100.0,104330.0,76
201700036048,17,4,16,945,1,2,2,1.0,3.0,76540,M,4943011.0,109070.0,76
201700036049,17,4,15,652,1,2,2,1.0,3.0,76540,M,4942794.0,109341.0,76
201700036050,17,4,20,1340,1,1,1,1.0,3.0,76005,M,4940628.0,112172.0,76
201700036051,17,4,7,1520,1,2,6,1.0,2.0,76540,M,4943746.0,106686.0,76
201700036052,17,4,14,1100,1,2,3,1.0,3.0,76231,M,4929499.0,99822.0,76
201700036053,17,5,1,1600,1,2,1,1.0,7.0,76705,M,4932107.0,108584.0,76
201700036054,17,4,27,2232,5,2,1,1.0,6.0,76540,M,4942899.0,109597.0,76
201700036055,17,5,2,1645,1,2,3,1.0,6.0,76575,M,4939502.0,106918.0,76
201700036056,17,4,6,1825,1,1,1,1.0,7.0,76095,M,4946337.0,112947.0,76
201700036057,17,4,11,1350,1,1,1,1.0,7.0,76157,M,4947210.0,102940.0,76
201700036058,17,4,12,825,1,1,2,1.0,1.0,76540,M,4943808.0,108300.0,76
201700036059,17,4,11,1205,1,2,3,1.0,6.0,76498,M,4942564.0,105200.0,76
201700036060,17,4,20,1710,1,1,1,1.0,3.0,76540,M,4945430.0,113763.0,76
201700036061,17,4,25,915,1,2,1,1.0,1.0,76216,M,4945689.0,105587.0,76
201700036062,17,4,29,1500,1,2,1,1.0,3.0,76108,M,4945377.0,110472.0,76
201700036063,17,5,9,1800,1,2,2,1.0,3.0,76540,M,4944320.0,107738.0,76
201700036064,17,4,20,1920,1,2,2,1.0,6.0,76540,M,4944713.0,109608.0,76
201700036065,17,5,15,2155,5,1,2,1.0,3.0,76540,M,4943469.0,110586.0,76
201700036066,17,5,16,2130,1,2,2,1.0,2.0,76575,M,4938094.0,111008.0,76
201700036067,17,5,21,1845,1,2,1,1.0,1.0,76157,M,4944054.0,102915.0,76
201700036068,17,5,16,1445,1,2,1,1.0,6.0,76231,M,4928868.0,100933.0,76
201700036069,17,5,16,1735,1,1,1,1.0,6.0,76410,M,4948131.0,104665.0,76
201700036070,17,5,17,1955,1,2,1,1.0,4.0,76540,M,4943481.0,107341.0,76
201700036071,17,5,17,1825,1,2,1,1.0,6.0,76429,M,4942424.0,113709.0,76
201700036072,17,5,23,1640,1,2,1,1.0,6.0,76212,M,4944157.0,114668.0,76
201700036073,17,5,31,1620,1,2,1,1.0,6.0,76681,M,4941538.0,108895.0,76
201700036074,17,5,20,929,1,1,1,1.0,3.0,76103,M,4942791.0,111676.0,76
201700036075,17,5,28,1045,1,2,2,1.0,3.0,76681,M,4940504.0,107937.0,76
201700036076,17,5,20,530,2,2,7,1.0,3.0,76474,M,4948076.0,104777.0,76
201700036077,17,5,31,835,1,2,1,1.0,6.0,76540,M,4944514.0,107303.0,76
201700036078,17,5,27,1850,1,2,1,1.0,6.0,76540,M,4944878.0,106458.0,76
201700036079,17,5,31,1700,1,2,1,1.0,2.0,76540,M,4943856.0,112154.0,76
201700036080,17,5,9,805,1,1,1,1.0,2.0,76322,M,4941213.0,104169.0,76
201700036081,17,6,2,2300,5,2,6,1.0,6.0,76178,M,4931407.0,105696.0,76
201700036082,17,6,1,2230,2,2,1,1.0,7.0,76681,M,4940983.0,107786.0,76
201700036083,17,4,16,2030,1,2,2,1.0,3.0,76575,M,4938571.0,109951.0,76
201700036084,17,6,4,1945,1,1,1,1.0,6.0,76005,M,4939998.0,112544.0,76
201700036085,17,6,2,1730,1,1,6,1.0,2.0,76108,M,4948158.0,110977.0,76
201700036086,17,6,10,1825,1,2,3,1.0,3.0,76498,M,4943075.0,106468.0,76
201700036087,17,6,9,200,5,2,1,1.0,1.0,76540,M,4943781.0,111331.0,76
201700036088,17,5,26,1930,1,2,2,1.0,4.0,76540,M,4943658.0,109992.0,76
201700036089,17,6,2,1350,1,2,2,1.0,2.0,76322,M,4941016.0,103128.0,76
201700036090,17,6,19,955,1,2,2,1.0,3.0,76157,M,4943804.0,103619.0,76
201700036091,17,6,23,2030,1,2,5,1.0,3.0,76540,M,4945221.0,112502.0,76
201700036092,17,6,15,1150,1,2,1,1.0,6.0,76231,M,4928858.0,99608.0,76
201700036093,17,5,21,2050,1,2,1,1.0,3.0,76681,M,4941985.0,107825.0,76
201700036094,17,5,26,205,5,2,1,1.0,6.0,76540,M,4944900.0,106538.0,76
201700036095,17,6,22,30,5,2,1,1.0,6.0,76540,M,4944714.0,110098.0,76
201700036096,17,6,25,220,3,2,1,1.0,7.0,76231,M,4928719.0,98458.0,76
201700036097,17,6,12,1705,1,1,6,1.0,2.0,76575,M,4938538.0,107101.0,76
201700036098,17,6,13,745,1,2,7,1.0,6.0,76484,M,4934294.0,110118.0,76
201700036099,17,5,23,1930,1,2,2,1.0,3.0,76322,M,4941013.0,103088.0,76
201700036100,17,6,22,2010,1,2,1,1.0,6.0,76322,M,4941626.0,104324.0,76
201700036101,17,6,24,1250,1,2,1,1.0,2.0,76410,M,4948108.0,104802.0,76
201700036102,17,6,28,1625,1,2,1,1.0,1.0,76575,M,4938588.0,106910.0,76
201700036103,17,7,4,2130,1,2,1,1.0,3.0,76165,M,4928728.0,102359.0,76
201700036104,17,6,29,2300,5,2,1,1.0,2.0,76681,M,4942398.0,110628.0,76
201700036105,17,7,2,1625,1,2,2,1.0,6.0,76540,M,4943903.0,110190.0,76
201700036106,17,7,3,1840,1,2,1,1.0,2.0,76540,M,4942676.0,110351.0,76
201700036107,17,7,4,1040,1,2,2,1.0,3.0,76575,M,4939402.0,111165.0,76
201700036108,17,5,27,1815,1,2,2,1.0,5.0,76681,M,4941256.0,108189.0,76
201700036109,17,7,6,1155,1,2,1,1.0,1.0,76681,M,4940489.0,110400.0,76
201700036110,17,7,6,1620,1,2,1,1.0,6.0,76410,M,4948201.0,103879.0,76
201700036111,17,7,4,2009,1,2,1,1.0,2.0,76231,M,4929342.0,99902.0,76
201700036112,17,8,29,2148,5,2,1,1.0,3.0,76498,M,4941561.0,105743.0,76
201700036113,17,6,10,1110,1,2,1,1.0,3.0,76575,M,4940517.0,106771.0,76
201700036114,17,7,29,540,5,2,3,1.0,3.0,76231,M,4928943.0,99816.0,76
201700036115,17,7,6,1735,1,2,2,1.0,3.0,76540,M,4942954.0,108537.0,76
201700036116,17,7,8,1530,1,2,1,1.0,2.0,76540,M,4945188.0,109813.0,76
201700036117,17,7,16,1530,1,2,1,1.0,5.0,76599,M,4943529.0,114636.0,76
201700036118,17,7,9,1920,1,2,1,1.0,2.0,76540,M,4943689.0,110969.0,76
201700036119,17,7,17,25,5,2,1,1.0,7.0,76216,M,4946051.0,105730.0,76
201700036120,17,7,19,414,5,2,1,1.0,1.0,76540,M,4943303.0,110443.0,76
201700036121,17,7,25,1310,1,2,1,1.0,7.0,76681,M,4941414.0,109001.0,76
201700036122,17,7,29,430,5,2,1,1.0,6.0,76157,M,4941578.0,101500.0,76
201700036123,17,7,8,910,1,1,6,1.0,3.0,76540,M,4943767.0,106699.0,76
201700036124,17,7,4,935,1,2,1,1.0,2.0,76540,M,4943654.0,111066.0,76
201700036125,17,7,9,650,1,2,2,1.0,1.0,76540,M,4943454.0,107637.0,76
201700036126,17,8,7,1130,1,2,6,1.0,3.0,76540,M,4943490.0,108670.0,76
201700036127,17,8,13,545,5,2,2,1.0,6.0,76540,M,4943906.0,107998.0,76
201700036128,17,7,8,1955,1,2,1,1.0,6.0,76540,M,4943506.0,109731.0,76
201700036129,17,8,16,800,1,1,1,1.0,6.0,76540,M,4943721.0,107215.0,76
201700036130,17,7,22,1920,1,1,1,2.0,7.0,76319,M,4939355.0,103704.0,76
201700036131,17,8,14,1545,1,2,1,1.0,3.0,76540,M,4943407.0,107576.0,76
201700036132,17,8,24,1700,1,2,3,1.0,6.0,76402,M,4951289.0,103157.0,76
201700036133,17,8,25,1500,1,2,1,1.0,3.0,76540,M,4944611.0,107129.0,76
201700036134,17,8,26,540,5,2,1,1.0,6.0,76540,M,4945131.0,105715.0,76
201700036135,17,8,25,630,3,1,1,1.0,1.0,76391,M,4932009.0,90074.0,76
201700036136,17,8,25,1750,1,2,1,1.0,4.0,76103,M,4941799.0,113134.0,76
201700036137,17,8,29,1525,1,2,2,1.0,6.0,76540,M,4943327.0,108540.0,76
201700036138,17,6,2,645,1,2,2,1.0,3.0,76231,M,4928485.0,100547.0,76
201700036139,17,8,18,1716,1,1,1,1.0,7.0,76705,M,4933457.0,111210.0,76
201700036140,17,9,3,600,5,2,2,1.0,3.0,76178,M,4930871.0,103830.0,76
201700036141,17,8,30,1600,1,2,2,2.0,3.0,76540,M,4945116.0,109838.0,76
201700036142,17,9,9,2000,2,1,1,9.0,7.0,76231,M,4926807.0,99765.0,76
201700036143,17,9,11,915,1,2,3,8.0,6.0,76231,M,4928449.0,101352.0,76
201700036144,17,7,28,2320,5,2,1,1.0,1.0,76108,M,4947428.0,112070.0,76
201700036145,17,9,15,930,1,2,1,2.0,2.0,76322,M,4939708.0,106158.0,76
201700036146,17,9,6,1115,1,2,1,1.0,2.0,76540,M,4944813.0,106174.0,76
201700036147,17,9,8,1350,1,2,1,1.0,6.0,76575,M,4939856.0,107255.0,76
201700036148,17,9,13,1200,1,2,1,1.0,6.0,76540,M,4944085.0,108164.0,76
201700036149,17,8,14,1345,1,2,2,1.0,3.0,76681,M,4940357.0,108527.0,76
201700036150,17,9,22,120,5,2,1,1.0,6.0,76540,M,4943930.0,109496.0,76
201700036151,17,9,4,1650,1,2,2,1.0,3.0,76540,M,4942712.0,108358.0,76
201700036152,17,9,13,1755,1,1,1,3.0,4.0,76322,M,4940769.0,103716.0,76
201700036153,17,9,19,2215,5,2,1,1.0,6.0,76216,M,4947215.0,104268.0,76
201700036154,17,8,24,2100,1,2,1,1.0,3.0,76575,M,4939330.0,105895.0,76
201700036155,17,9,29,335,4,2,1,1.0,6.0,76540,M,4942886.0,111087.0,76
201700036156,17,9,10,1548,1,1,6,1.0,3.0,76497,M,4935318.0,102684.0,76
201700036157,17,9,22,1705,1,2,1,1.0,6.0,76216,M,4947357.0,104892.0,76
201700036158,17,9,23,1505,1,2,1,1.0,6.0,76540,M,4944146.0,109031.0,76
201700036159,17,9,29,1730,1,2,2,1.0,7.0,76540,M,4943822.0,109191.0,76
201700036160,17,9,30,540,5,2,2,1.0,6.0,76540,M,4943455.0,108758.0,76
201700036161,17,10,2,1640,1,2,1,1.0,6.0,76540,M,4944669.0,109116.0,76
201700036162,17,10,3,1025,1,2,1,1.0,6.0,76599,M,4943031.0,116596.0,76
201700036163,17,10,4,2240,5,2,2,1.0,3.0,76498,M,4941394.0,107382.0,76
201700036164,17,9,30,1950,5,2,1,1.0,3.0,76540,M,4943683.0,109836.0,76
201700036165,17,10,19,1614,1,1,1,1.0,7.0,76486,M,4932532.0,100172.0,76
201700036166,17,10,10,2000,5,2,1,1.0,3.0,76498,M,4942641.0,106158.0,76
201700036167,17,10,10,1705,1,2,1,1.0,6.0,76540,M,4944494.0,109069.0,76
201700036168,17,10,4,950,1,1,6,1.0,7.0,76131,M,4934168.0,92870.0,76
201700036169,17,10,14,1705,1,1,3,1.0,3.0,76681,M,4941556.0,110713.0,76
201700036170,17,8,3,5,4,2,1,1.0,6.0,76561,M,4930735.0,103905.0,76
201700036171,17,8,3,1350,1,2,2,1.0,3.0,76165,M,4928511.0,102245.0,76
201700036172,17,10,4,2245,5,2,1,1.0,2.0,76540,M,4943334.0,107518.0,76
201700036173,17,10,12,1840,1,2,1,1.0,2.0,76410,M,4947776.0,103662.0,76
201700036174,17,10,14,845,1,2,2,1.0,3.0,76216,M,4947609.0,104817.0,76
201700036175,17,10,18,845,1,2,1,1.0,4.0,76540,M,4944091.0,108162.0,76
201700036176,17,10,18,1520,1,2,1,1.0,6.0,76540,M,4942858.0,110991.0,76
201700036177,17,10,18,850,1,2,1,1.0,6.0,76451,M,4946136.0,108154.0,76
201700036178,17,10,20,1142,1,2,2,1.0,2.0,76575,M,4936784.0,111046.0,76
201700036179,17,10,22,2325,3,2,1,2.0,2.0,76540,M,4943783.0,109233.0,76
201700036180,17,9,29,2154,5,2,2,2.0,3.0,76540,M,4944751.0,106046.0,76
201700036181,17,11,12,2210,5,2,1,1.0,6.0,76540,M,4943719.0,110335.0,76
201700036182,17,11,6,820,1,2,1,1.0,6.0,76216,M,4947519.0,105198.0,76
201700036183,17,11,4,2110,5,2,2,2.0,3.0,76681,M,4940949.0,108387.0,76
201700036184,17,11,21,1205,1,2,1,1.0,6.0,76599,M,4943655.0,114904.0,76
201700036185,17,11,17,30,5,1,1,2.0,2.0,76322,M,4941298.0,104243.0,76
201700036186,17,11,6,855,1,2,2,1.0,6.0,76540,M,4944051.0,108640.0,76
201700036187,17,11,20,830,1,2,2,1.0,3.0,76410,M,4947303.0,104916.0,76
201700036188,17,11,24,1630,1,2,3,1.0,1.0,76561,M,4930405.0,101848.0,76
201700036189,17,11,22,1630,1,2,1,1.0,3.0,76231,M,4929247.0,101392.0,76
201700036190,17,11,8,1315,1,2,1,9.0,4.0,76319,M,4936705.0,101094.0,76
201700036191,17,11,24,2150,5,2,6,2.0,6.0,76681,M,4941158.0,107226.0,76
201700036192,17,11,23,2240,5,2,1,2.0,3.0,76540,M,4943696.0,109715.0,76
201700036193,17,11,27,1735,2,2,1,2.0,6.0,76540,M,4942493.0,107207.0,76
201700036194,17,11,24,1730,2,2,2,1.0,6.0,76540,M,4944710.0,109252.0,76
201700036195,17,10,28,1200,1,2,1,1.0,3.0,76540,M,4943347.0,109541.0,76
201700036196,17,11,30,750,5,2,9,1.0,6.0,76575,M,4939137.0,110012.0,76
201700036197,17,11,20,1558,1,2,1,1.0,6.0,76484,M,4933837.0,108735.0,76
201700036198,17,11,29,1110,1,2,3,1.0,2.0,76575,M,4939396.0,111165.0,76
201700036199,17,12,3,150,5,2,1,1.0,6.0,76005,M,4940857.0,112218.0,76
201700036200,17,12,5,2111,5,2,2,1.0,5.0,76540,M,4944460.0,109214.0,76
201700036201,17,11,20,1920,5,2,3,1.0,3.0,76319,M,4934458.0,98431.0,76
201700036202,17,11,29,1510,1,2,3,1.0,3.0,76231,M,4928769.0,100906.0,76
201700036203,17,12,5,1745,5,2,1,1.0,6.0,76322,M,4940477.0,104377.0,76
201700036204,17,12,8,1945,5,2,1,1.0,6.0,76540,M,4943387.0,108721.0,76
201700036205,17,12,1,705,3,2,1,2.0,2.0,76322,M,4940983.0,102723.0,76
201700036206,17,12,6,1745,5,2,1,1.0,6.0,76498,M,4942386.0,105485.0,76
201700036207,17,12,12,2235,5,2,3,1.0,2.0,76681,M,4940829.0,110938.0,76
201700036208,17,12,14,325,5,2,1,1.0,6.0,76540,M,4942916.0,110089.0,76
201700036209,17,12,15,835,5,2,3,3.0,6.0,76451,M,4946420.0,107392.0,76
201700036210,17,12,16,530,5,2,1,1.0,6.0,76540,M,4944791.0,106151.0,76
201700036211,17,12,16,630,5,2,1,1.0,7.0,76540,M,4944891.0,106178.0,76
201700036212,17,12,26,803,5,2,2,1.0,1.0,76322,M,4940521.0,103013.0,76
201700036213,17,2,17,935,1,1,1,1.0,6.0,77517,M,4889768.0,267432.0,77
201700036214,17,4,1,2250,5,2,3,1.0,1.0,77108,M,4887900.0,258811.0,77
201700036215,17,4,2,1630,1,2,1,1.0,6.0,77108,M,4887940.0,259321.0,77
201700036216,17,3,2,2225,5,2,1,1.0,3.0,77108,M,4886913.0,257402.0,77
201700036217,17,4,19,1840,1,2,1,1.0,1.0,77108,M,4888223.0,260023.0,77
201700036218,17,6,17,1740,1,1,1,1.0,6.0,77363,M,4890593.0,261911.0,77
201700036219,17,6,27,915,1,1,1,2.0,6.0,77517,M,4890740.0,265761.0,77
201700036220,17,9,2,145,3,1,1,1.0,1.0,77517,M,4892437.0,265415.0,77
201700036221,17,5,29,2015,1,2,1,1.0,6.0,77108,M,4886830.0,257696.0,77
201700036222,17,8,2,110,3,1,1,1.0,7.0,77479,M,4886619.0,262234.0,77
201700036223,17,6,29,600,2,2,2,1.0,1.0,77517,M,4891693.0,265040.0,77
201700036224,17,7,11,805,1,2,3,1.0,3.0,77108,M,4886852.0,257321.0,77
201700036225,17,10,25,325,5,2,3,1.0,7.0,77363,M,4891524.0,262879.0,77
201700036226,17,11,7,645,3,1,9,1.0,5.0,77517,M,4890236.0,266692.0,77
201700036227,17,11,13,1620,1,2,7,1.0,6.0,77108,M,4887855.0,259063.0,77
201700036228,17,7,12,919,1,2,3,2.0,6.0,77307,M,4886011.0,276288.0,77
201700036229,17,7,23,1200,1,2,1,1.0,1.0,77307,M,4887768.0,273228.0,77
201700036230,17,9,11,1850,1,2,1,1.0,6.0,77449,M,4885424.0,278176.0,77
201700036231,17,10,19,1511,1,1,1,1.0,1.0,77132,M,4888142.0,278810.0,77
201700036232,17,11,14,650,2,2,1,1.0,6.0,77111,M,4887062.0,276647.0,77
201700036233,17,1,28,1900,3,1,1,1.0,5.0,77433,M,4879205.0,306754.0,77
201700036234,17,2,5,2025,3,1,1,2.0,1.0,77371,M,4881156.0,301261.0,77
201700036235,17,4,26,1725,1,2,1,8.0,4.0,77131,M,4880869.0,308466.0,77
201700036236,17,5,5,5,5,2,2,1.0,6.0,77131,M,4881131.0,307984.0,77
201700036237,17,5,20,35,3,1,1,2.0,7.0,77070,M,4878722.0,313232.0,77
201700036238,17,6,1,745,1,2,6,1.0,6.0,77131,M,4880868.0,308254.0,77
201700036239,17,7,3,2250,5,2,3,1.0,1.0,77371,M,4881850.0,301043.0,77