Num_Acc,an,mois,jour,hrmn,lum,agg,int,atm,col,com,gps,lat,long,dep
201700036240,17,7,7,1840,1,2,3,1.0,6.0,77400,M,4878553.0,302088.0,77
201700036241,17,7,23,1410,1,1,9,1.0,7.0,77320,M,4883188.0,301024.0,77
201700036242,17,9,23,1850,1,2,2,1.0,3.0,77042,M,4881657.0,313254.0,77
201700036243,17,9,18,855,1,1,1,5.0,7.0,77070,M,4879739.0,312426.0,77
201700036244,17,10,9,1515,1,2,1,8.0,3.0,77131,M,4880533.0,308452.0,77
201700036245,17,10,21,1740,2,2,3,7.0,2.0,77131,M,4881285.0,307644.0,77
201700036246,17,11,12,1955,5,2,4,2.0,3.0,77131,M,4881271.0,307602.0,77
201700036247,17,11,23,1745,4,2,1,3.0,6.0,77131,M,4881368.0,308896.0,77
201700036248,17,12,7,1820,5,2,1,2.0,5.0,77131,M,4880000.0,308000.0,77
201700036249,17,12,18,810,3,2,8,2.0,6.0,77131,M,4880633.0,308399.0,77
201700036250,17,12,25,745,3,1,1,2.0,6.0,77013,M,4883891.0,308762.0,77
201700036251,17,1,14,930,1,2,1,1.0,6.0,77014,M,4841507.0,272052.0,77
201700036252,17,1,28,1130,1,2,4,1.0,6.0,77186,M,4841397.0,270162.0,77
201700036253,17,1,28,1650,1,1,2,1.0,3.0,77186,M,4841361.0,264411.0,77
201700036254,17,1,25,1615,1,1,1,1.0,6.0,77186,M,4837457.0,268781.0,77
201700036255,17,2,25,55,3,1,1,1.0,6.0,77186,M,4837257.0,268940.0,77
201700036256,17,3,22,805,1,1,1,1.0,7.0,77186,M,4839101.0,262948.0,77
201700036257,17,3,27,1645,1,2,2,1.0,3.0,77533,M,4843547.0,275372.0,77
201700036258,17,3,29,1245,1,1,1,1.0,3.0,77014,M,4841095.0,273386.0,77
201700036259,17,3,29,1810,1,1,1,1.0,6.0,77186,M,4846194.0,271640.0,77
201700036260,17,3,25,1655,1,1,1,1.0,7.0,77186,M,4835301.0,276256.0,77
201700036261,17,4,1,1000,1,1,1,1.0,2.0,77186,M,4839669.0,270456.0,77
201700036262,17,3,29,830,1,2,1,1.0,6.0,77014,M,4841200.0,273582.0,77
201700036263,17,4,8,1345,1,1,9,1.0,3.0,77186,M,4841728.0,264806.0,77
201700036264,17,4,11,1545,1,1,1,1.0,7.0,77186,M,4836443.0,276139.0,77
201700036265,17,4,16,1,5,2,2,1.0,3.0,77037,M,4847805.0,268077.0,77
201700036266,17,4,18,1510,1,1,1,1.0,1.0,77186,M,4837081.0,264063.0,77
201700036267,17,5,18,855,1,1,1,8.0,5.0,77186,M,4849530.0,266224.0,77
201700036268,17,7,23,1655,1,1,6,1.0,7.0,77186,M,4839065.0,275426.0,77
201700036269,17,8,2,1655,1,1,1,1.0,2.0,77186,M,4838535.0,276552.0,77
201700036270,17,8,12,718,1,1,1,8.0,6.0,77186,M,4843616.0,273481.0,77
201700036271,17,8,16,15,3,1,6,8.0,6.0,77186,M,4836336.0,269184.0,77
201700036272,17,8,20,1620,1,1,1,1.0,7.0,77186,M,4835468.0,276297.0,77
201700036273,17,9,1,2100,3,1,1,2.0,5.0,77186,M,4848710.0,266488.0,77
201700036274,17,9,3,1145,1,1,1,1.0,7.0,77186,M,4835366.0,276095.0,77
201700036275,17,9,10,920,1,1,2,1.0,3.0,77186,M,4848112.0,266909.0,77
201700036276,17,9,30,950,1,2,9,2.0,3.0,77014,M,4841852.0,272925.0,77
201700036277,17,10,14,1110,1,2,1,7.0,6.0,77186,M,4840482.0,270212.0,77
201700036278,17,10,18,1800,1,2,1,1.0,6.0,77226,M,4846064.0,277210.0,77
201700036279,17,11,6,1500,1,2,1,1.0,2.0,77442,M,4842580.0,275920.0,77
201700036280,17,11,18,850,1,2,1,1.0,6.0,77037,M,4846986.0,269524.0,77
201700036281,17,12,2,1325,1,1,2,1.0,3.0,77186,M,4837681.0,274026.0,77
201700036282,17,12,12,725,3,1,1,9.0,6.0,77186,M,4835623.0,276144.0,77
201700036283,17,12,11,1645,2,2,4,1.0,6.0,77441,M,4842608.0,274307.0,77
201700036284,17,12,26,2025,5,2,1,1.0,6.0,77014,M,4841639.0,272341.0,77
201700036285,17,1,27,1815,3,2,1,1.0,1.0,77059,M,4885024.0,266373.0,77
201700036286,17,2,2,1930,5,2,3,2.0,6.0,77058,M,4883440.0,271672.0,77
201700036287,17,2,4,1435,1,2,6,2.0,2.0,77058,M,4883236.0,272312.0,77
201700036288,17,3,12,730,1,2,1,1.0,7.0,77237,M,4883801.0,275225.0,77
201700036289,17,3,21,1730,1,2,1,1.0,6.0,77243,M,4886492.0,270895.0,77
201700036290,17,3,23,850,1,2,1,1.0,6.0,77058,M,4883478.0,271993.0,77
201700036291,17,3,29,1920,1,1,1,1.0,7.0,77438,M,4886705.0,269590.0,77
201700036292,17,4,20,800,1,2,1,1.0,6.0,77181,M,4882779.0,270642.0,77
201700036293,17,4,21,1015,1,2,1,1.0,1.0,77243,M,4887276.0,272667.0,77
201700036294,17,4,24,1905,1,2,4,1.0,6.0,77124,M,4885398.0,271144.0,77
201700036295,17,2,7,710,5,2,1,3.0,6.0,77243,M,4887593.0,270707.0,77
201700036296,17,4,29,145,3,1,6,8.0,7.0,77058,M,4884522.0,274497.0,77
201700036297,17,5,5,850,1,2,1,1.0,7.0,77221,M,4885096.0,270409.0,77
201700036298,17,5,9,1500,1,2,1,1.0,6.0,77058,M,4883247.0,272102.0,77
201700036299,17,5,27,1910,1,2,1,1.0,2.0,77464,M,4888266.0,270919.0,77
201700036300,17,5,26,955,1,2,2,1.0,5.0,77464,M,4888643.0,270279.0,77
201700036301,17,5,2,836,1,2,1,1.0,6.0,77155,M,4888825.0,273343.0,77
201700036302,17,6,12,1735,1,2,1,1.0,1.0,77237,M,4884346.0,275024.0,77
201700036303,17,6,17,1445,1,2,1,1.0,6.0,77058,M,4884453.0,274158.0,77
201700036304,17,6,19,1020,1,2,1,1.0,6.0,77058,M,4884453.0,274158.0,77
201700036305,17,6,25,1540,1,2,1,1.0,6.0,77243,M,4887114.0,271576.0,77
201700036306,17,6,26,1610,1,2,1,1.0,2.0,77058,M,4883328.0,272883.0,77
201700036307,17,7,6,1635,1,2,1,1.0,6.0,77464,M,4888410.0,271436.0,77
201700036308,17,7,12,855,1,2,1,2.0,2.0,77438,M,4886700.0,269539.0,77
201700036309,17,8,12,600,5,1,6,2.0,6.0,77059,M,4884140.0,266230.0,77
201700036310,17,8,25,1440,1,1,1,3.0,5.0,77058,M,4883151.0,268869.0,77
201700036311,17,10,4,740,1,2,1,1.0,6.0,77058,M,4883114.0,271032.0,77
201700036312,17,10,14,730,1,1,9,1.0,1.0,77372,M,4888134.0,266149.0,77
201700036313,17,10,24,845,1,2,9,2.0,1.0,77237,M,4884063.0,275243.0,77
201700036314,17,10,21,1525,1,1,1,8.0,3.0,77372,M,4888098.0,266317.0,77
201700036315,17,10,23,2110,3,1,1,2.0,5.0,77438,M,4886655.0,269056.0,77
201700036316,17,10,27,1020,1,2,1,1.0,6.0,77243,M,4887915.0,270431.0,77
201700036317,17,11,17,1420,1,2,1,2.0,1.0,77059,M,4884653.0,267324.0,77
201700036318,17,11,22,1150,1,2,2,1.0,3.0,77464,M,4888837.0,270431.0,77
201700036319,17,12,5,1300,1,1,1,1.0,6.0,77059,M,4884995.0,268510.0,77
201700036320,17,12,2,1215,1,2,9,1.0,7.0,77058,M,4883909.0,271878.0,77
201700036321,17,12,7,1825,5,2,4,2.0,6.0,77243,M,4887872.0,270150.0,77
201700036322,17,11,15,1835,3,2,4,1.0,3.0,77237,M,4882953.0,275573.0,77
201700036323,17,12,20,1945,5,2,9,8.0,6.0,77438,M,4885839.0,267062.0,77
201700036324,17,4,18,2015,1,2,3,1.0,3.0,77284,M,4895933.0,287350.0,77
201700036325,17,4,20,1430,1,2,3,1.0,6.0,77330,M,4893253.0,289031.0,77
201700036326,17,5,9,1650,1,2,4,1.0,6.0,77284,M,4896209.0,287858.0,77
201700036327,17,7,19,1730,1,2,2,1.0,6.0,77284,M,4895342.0,289331.0,77
201700036328,17,8,5,2015,1,2,2,1.0,3.0,77475,M,4895772.0,294709.0,77
201700036329,17,8,27,1910,1,1,2,1.0,3.0,77335,M,4896990.0,282975.0,77
201700036330,17,9,9,745,1,2,1,8.0,3.0,77307,M,4886612.0,274395.0,77
201700036331,17,8,25,1625,1,1,1,2.0,4.0,77358,M,4899259.0,286214.0,77
201700036332,17,10,13,2230,5,2,9,1.0,3.0,77330,M,4893889.0,287943.0,77
201700036333,17,10,14,2305,5,2,1,1.0,6.0,77284,M,4895064.0,289938.0,77
201700036334,17,10,24,2225,5,2,2,1.0,2.0,77284,M,4895958.0,287377.0,77
201700036335,17,10,30,1435,1,2,3,1.0,3.0,77276,M,4892780.0,287941.0,77
201700036336,17,11,3,1800,2,1,1,1.0,5.0,77335,M,4896776.0,285826.0,77
201700036337,17,11,7,1820,5,2,1,1.0,6.0,77284,M,4897339.0,290376.0,77
201700036338,17,11,9,1800,5,2,1,1.0,6.0,77335,M,4897212.0,283992.0,77
201700036339,17,11,10,1920,5,2,1,2.0,2.0,77284,M,4895696.0,292269.0,77
201700036340,17,10,22,2000,5,2,5,1.0,2.0,77284,M,4895470.0,289384.0,77
201700036341,17,12,7,1935,5,2,1,2.0,2.0,77513,M,4895565.0,286632.0,77
201700036342,17,12,13,1730,5,2,4,2.0,6.0,77284,M,4895948.0,287377.0,77
201700036343,17,12,20,828,1,2,1,2.0,6.0,77330,M,4894473.0,288182.0,77
201700036344,17,12,28,1340,1,2,1,1.0,6.0,77284,M,4894951.0,290092.0,77
201700036345,17,1,28,140,3,1,1,1.0,2.0,77389,M,4850222.0,266003.0,77
201700036346,17,2,26,117,5,2,2,1.0,6.0,77285,M,4854305.0,263162.0,77
201700036347,17,2,25,1640,1,2,1,1.0,3.0,77288,M,4853070.0,265444.0,77
201700036348,17,3,11,1320,1,2,1,1.0,1.0,77389,M,4852234.0,265491.0,77
201700036349,17,3,15,1120,1,2,3,1.0,3.0,77152,M,4851783.0,262818.0,77
201700036350,17,3,28,1200,1,2,3,1.0,6.0,77152,M,4851535.0,263022.0,77
201700036351,17,5,3,515,5,2,1,1.0,6.0,77288,M,4852856.0,265407.0,77
201700036352,17,5,16,1430,1,2,1,1.0,7.0,77288,M,4854141.0,268084.0,77
201700036353,17,5,17,1023,1,2,1,1.0,6.0,77407,M,4852963.0,254543.0,77
201700036354,17,5,26,1311,1,1,1,1.0,2.0,77269,M,4854271.0,270629.0,77
201700036355,17,5,29,1300,1,1,9,1.0,6.0,77487,M,4853876.0,268719.0,77
201700036356,17,6,2,1355,1,2,1,1.0,3.0,77288,M,4854489.0,265113.0,77
201700036357,17,6,11,1820,1,1,1,1.0,5.0,77410,M,4857644.0,270579.0,77
201700036358,17,6,15,1910,1,1,1,1.0,6.0,77518,M,4847999.0,259577.0,77
201700036359,17,6,19,1550,1,2,1,1.0,6.0,77288,M,4853955.0,266291.0,77
201700036360,17,6,23,2020,1,1,1,1.0,7.0,77487,M,4853601.0,270585.0,77
201700036361,17,7,22,1135,1,2,2,1.0,6.0,77285,M,4854284.0,263155.0,77
201700036362,17,7,22,440,5,2,1,1.0,6.0,77487,M,4853117.0,266887.0,77
201700036363,17,7,21,1905,1,2,1,1.0,2.0,77288,M,4854720.0,264960.0,77
201700036364,17,8,2,1855,1,2,1,1.0,3.0,77487,M,4853414.0,267702.0,77
201700036365,17,9,5,2100,3,1,1,1.0,2.0,77518,M,4850125.0,262265.0,77
201700036366,17,10,4,835,1,1,1,1.0,1.0,77306,M,4858156.0,268383.0,77
201700036367,17,10,15,21,3,1,1,1.0,6.0,77040,M,4851915.0,257379.0,77
201700036368,17,10,31,730,1,2,3,1.0,3.0,77389,M,4851781.0,266048.0,77
201700036369,17,11,3,1110,1,2,1,1.0,6.0,77285,M,4854133.0,262372.0,77
201700036370,17,11,14,1805,5,2,1,1.0,6.0,77288,M,4855006.0,266579.0,77
201700036371,17,11,21,1410,1,1,1,8.0,6.0,77288,M,4855304.0,265229.0,77
201700036372,17,11,22,1005,1,1,1,1.0,6.0,77447,M,4855285.0,256013.0,77
201700036373,17,12,11,216,5,2,1,2.0,6.0,77285,M,4853763.0,264912.0,77
201700036374,17,12,16,2030,5,2,1,8.0,6.0,77288,M,4854401.0,266479.0,77
201700036375,17,12,22,1710,3,1,1,2.0,5.0,77407,M,4854127.0,251698.0,77
201700036376,17,1,13,1730,5,2,1,3.0,6.0,77296,M,4862730.0,257905.0,77
201700036377,17,1,17,1555,1,2,3,1.0,2.0,77495,M,4856449.0,260989.0,77
201700036378,17,1,30,805,2,2,1,2.0,6.0,77445,M,4860559.0,257356.0,77
201700036379,17,2,1,2301,3,1,6,8.0,2.0,77053,M,4868379.0,263636.0,77
201700036380,17,2,17,2300,5,2,1,1.0,6.0,77251,M,4863694.0,254339.0,77
201700036381,17,3,1,1905,3,1,1,3.0,1.0,77053,M,4869739.0,258220.0,77
201700036382,17,3,16,1355,1,1,1,1.0,5.0,77114,M,4874006.0,270194.0,77
201700036383,17,3,18,145,5,1,1,2.0,4.0,77326,M,4858175.0,255331.0,77
201700036384,17,3,29,748,1,2,1,1.0,6.0,77326,M,4858779.0,256759.0,77
201700036385,17,4,4,900,1,1,1,1.0,5.0,77180,M,4871912.0,264877.0,77
201700036386,17,4,8,1520,1,2,6,1.0,1.0,77251,M,4861503.0,254485.0,77
201700036387,17,4,11,1255,1,1,3,1.0,3.0,77296,M,4862624.0,257376.0,77
201700036388,17,4,11,1825,1,1,1,1.0,3.0,77114,M,4873198.0,268845.0,77
201700036389,17,4,11,1950,1,2,1,1.0,6.0,77296,M,4863284.0,257391.0,77
201700036390,17,4,29,2220,3,1,6,1.0,6.0,77251,M,4861043.0,257572.0,77
201700036391,17,5,16,2315,3,1,6,1.0,7.0,77053,M,4868351.0,263595.0,77
201700036392,17,5,18,810,1,2,1,8.0,6.0,77445,M,4859525.0,258105.0,77
201700036393,17,6,2,1725,1,2,1,2.0,1.0,77445,M,4858400.0,259590.0,77
201700036394,17,6,5,1930,1,2,2,1.0,7.0,77445,M,4860717.0,254358.0,77
201700036395,17,5,31,1205,1,2,3,1.0,3.0,77122,M,4866449.0,256953.0,77
201700036396,17,6,10,2107,1,2,6,1.0,7.0,77251,M,4861166.0,254491.0,77
201700036397,17,6,19,1320,1,2,3,1.0,1.0,77495,M,4857045.0,263355.0,77
201700036398,17,6,22,1703,1,1,1,1.0,5.0,77114,M,4872362.0,269876.0,77
201700036399,17,6,25,215,4,1,3,1.0,2.0,77326,M,4857608.0,256252.0,77
201700036400,17,7,14,2120,1,2,1,1.0,6.0,77122,M,4864910.0,254826.0,77
201700036401,17,7,31,1730,1,2,1,1.0,3.0,77067,M,4857587.0,260904.0,77
201700036402,17,8,2,1355,1,2,1,1.0,6.0,77251,M,4863305.0,255194.0,77
201700036403,17,8,7,1320,1,1,1,1.0,4.0,77296,M,4863965.0,257736.0,77
201700036404,17,8,17,920,1,2,1,1.0,6.0,77122,M,4866280.0,256316.0,77
201700036405,17,8,23,1330,1,2,6,1.0,6.0,77296,M,4862730.0,257389.0,77
201700036406,17,9,2,805,1,2,2,1.0,3.0,77326,M,4857966.0,255864.0,77
201700036407,17,9,3,115,3,1,2,1.0,1.0,77114,M,4873474.0,270090.0,77
201700036408,17,9,13,650,5,2,1,2.0,6.0,77251,M,4861582.0,254450.0,77
201700036409,17,9,16,1830,1,2,7,1.0,6.0,77251,M,4863333.0,255194.0,77
201700036410,17,9,18,700,2,1,1,1.0,2.0,77296,M,4862971.0,261250.0,77
201700036411,17,10,6,2320,5,2,6,1.0,3.0,77445,M,4859645.0,258772.0,77
201700036412,17,10,10,1345,1,1,1,1.0,4.0,77114,M,4873291.0,270054.0,77
201700036413,17,10,25,832,2,2,4,2.0,6.0,77296,M,4863043.0,258861.0,77
201700036414,17,11,5,2026,3,1,4,1.0,2.0,77114,M,4873588.0,270528.0,77
201700036415,17,11,17,840,1,2,1,2.0,6.0,77251,M,4863148.0,254603.0,77
201700036416,17,11,4,1045,1,2,6,1.0,6.0,77053,M,4869444.0,261009.0,77
201700036417,17,11,13,1345,1,2,1,1.0,4.0,77053,M,4870391.0,262014.0,77
201700036418,17,11,30,1447,1,1,1,1.0,7.0,77296,M,4862539.0,257718.0,77
201700036419,17,11,28,1646,2,2,1,2.0,6.0,77122,M,4865890.0,256354.0,77
201700036420,17,11,28,1619,1,1,4,2.0,1.0,77495,M,4857760.0,261521.0,77
201700036421,17,12,7,1825,5,2,6,3.0,6.0,77445,M,4858694.0,259412.0,77
201700036422,17,12,2,1915,5,2,1,1.0,6.0,77114,M,4872511.0,266003.0,77
201700036423,17,12,28,1755,3,1,1,8.0,6.0,77495,M,4857553.0,261755.0,77
201700036424,17,3,11,2331,3,2,3,1.0,2.0,77409,M,4840092.0,299060.0,77
201700036425,17,4,5,1340,1,2,3,1.0,3.0,77305,M,4838025.0,294410.0,77
201700036426,17,6,8,1645,1,1,1,1.0,5.0,77210,M,4836129.0,288718.0,77
201700036427,17,6,16,2030,1,2,1,1.0,6.0,77305,M,4839888.0,295292.0,77
201700036428,17,6,25,1450,1,1,1,1.0,5.0,77482,M,4835830.0,292578.0,77
201700036429,17,7,9,2100,1,1,3,1.0,3.0,77133,M,4840102.0,303116.0,77
201700036430,17,8,6,1830,1,1,1,1.0,1.0,77409,M,4841212.0,300066.0,77
201700036431,17,9,9,1345,1,1,3,1.0,5.0,77133,M,4840385.0,303947.0,77
201700036432,17,10,19,1953,3,1,1,1.0,2.0,77172,M,4835895.0,297757.0,77
201700036433,17,11,13,1650,2,2,1,2.0,6.0,77305,M,4838701.0,295445.0,77
201700036434,17,2,2,1800,2,2,1,2.0,6.0,77079,M,4840382.0,279875.0,77
201700036435,17,10,13,419,3,1,1,5.0,1.0,77316,M,4836673.0,282889.0,77
201700036436,17,10,19,530,3,1,1,1.0,1.0,77494,M,4841869.0,287463.0,77
201700036437,17,12,19,1515,1,2,1,8.0,1.0,77079,M,4841017.0,279953.0,77
201700036438,17,1,2,738,5,2,1,2.0,6.0,77333,M,4826627.0,269889.0,77
201700036439,17,3,28,1020,1,1,1,1.0,1.0,77048,M,4833356.0,270939.0,77
201700036440,17,3,7,1805,2,2,1,1.0,7.0,77333,M,4827926.0,269483.0,77
201700036441,17,8,2,1405,1,1,3,1.0,1.0,77431,M,4827551.0,268999.0,77
201700036442,17,9,26,1830,1,1,1,1.0,3.0,77458,M,4819892.0,277288.0,77
201700036443,17,1,10,1858,5,2,2,2.0,6.0,77468,M,4884426.0,264923.0,77
201700036444,17,2,16,624,5,2,3,1.0,6.0,77468,M,4884444.0,265414.0,77
201700036445,17,2,22,2150,5,2,2,1.0,3.0,77083,M,4884847.0,257843.0,77
201700036446,17,2,23,1300,1,2,1,1.0,6.0,77083,M,4884264.0,258214.0,77
201700036447,17,2,27,1240,1,2,6,1.0,3.0,77258,M,4883654.0,264267.0,77
201700036448,17,3,3,1700,1,1,1,1.0,6.0,77169,M,4881094.0,261043.0,77
201700036449,17,3,20,1625,1,2,6,1.0,6.0,77468,M,4883977.0,265798.0,77
201700036450,17,3,16,1835,1,2,6,1.0,6.0,77468,M,4884105.0,265794.0,77
201700036451,17,3,25,2150,5,2,1,1.0,6.0,77468,M,4883887.0,264999.0,77
201700036452,17,3,28,1345,1,2,2,1.0,1.0,77083,M,4885215.0,260019.0,77
201700036453,17,4,1,1310,1,2,1,1.0,3.0,77468,M,4884780.0,264466.0,77
201700036454,17,4,1,1805,1,2,1,1.0,6.0,77337,M,4884303.0,261535.0,77
201700036455,17,4,29,1750,1,2,3,1.0,7.0,77468,M,4885813.0,264531.0,77
201700036456,17,5,19,1942,1,1,2,1.0,2.0,77169,M,4882618.0,261112.0,77
201700036457,17,6,2,1630,1,2,1,1.0,6.0,77083,M,4884096.0,260625.0,77
201700036458,17,6,8,720,1,2,1,1.0,6.0,77468,M,4885792.0,265952.0,77
201700036459,17,6,15,1757,1,2,3,1.0,6.0,77258,M,4884078.0,263354.0,77
201700036460,17,7,4,1004,1,2,1,1.0,6.0,77121,M,4883687.0,267230.0,77
201700036461,17,7,15,2340,5,2,1,1.0,6.0,77468,M,4885088.0,265389.0,77
201700036462,17,8,31,1845,1,2,1,1.0,7.0,77468,M,4884133.0,265256.0,77
201700036463,17,9,5,1640,1,2,2,1.0,3.0,77083,M,4884279.0,258602.0,77
201700036464,17,10,1,2300,3,1,1,1.0,6.0,77083,M,4884856.0,260840.0,77
201700036465,17,10,29,1030,1,2,6,1.0,3.0,77083,M,4885025.0,258524.0,77
201700036466,17,10,31,755,1,1,9,1.0,2.0,77337,M,4884877.0,259219.0,77
201700036467,17,11,1,2240,5,2,2,1.0,3.0,77337,M,4884093.0,261837.0,77
201700036468,17,11,18,1505,1,2,2,1.0,6.0,77083,M,4884888.0,258369.0,77
201700036469,17,11,18,1830,4,2,3,1.0,6.0,77169,M,4880649.0,262159.0,77
201700036470,17,11,27,1840,5,2,6,2.0,6.0,77337,M,4884585.0,261366.0,77
201700036471,17,12,12,1730,5,2,2,2.0,2.0,77083,M,4885845.0,258169.0,77
201700036472,17,12,16,1910,5,2,1,1.0,6.0,77468,M,4883855.0,265830.0,77
201700036473,17,12,17,1150,1,2,3,5.0,3.0,77083,M,4884889.0,258103.0,77
201700036474,17,12,28,830,2,2,6,1.0,6.0,77258,M,4883398.0,264262.0,77
201700036475,17,12,31,1600,2,2,1,2.0,6.0,77373,M,4877645.0,259828.0,77
201700036476,17,1,13,1630,1,2,1,2.0,6.0,77373,M,4878770.0,261201.0,77
201700036477,17,2,3,1850,5,2,9,2.0,6.0,77373,M,4879087.0,260396.0,77
201700036478,17,2,19,1225,1,1,1,1.0,7.0,77374,M,4879600.0,271870.0,77
201700036479,17,3,10,1700,1,2,1,1.0,6.0,77373,M,4878739.0,259786.0,77
201700036480,17,3,27,745,1,1,1,1.0,4.0,77373,M,4877150.0,262476.0,77
201700036481,17,4,4,1815,1,2,1,1.0,3.0,77390,M,4879099.0,266645.0,77
201700036482,17,4,9,1905,1,2,1,1.0,3.0,77350,M,4877779.0,267954.0,77
201700036483,17,4,22,2230,3,1,1,1.0,2.0,77350,M,4876860.0,264175.0,77
201700036484,17,5,8,745,2,1,1,2.0,6.0,77215,M,4875153.0,272334.0,77
201700036485,17,5,22,820,1,2,6,1.0,1.0,77350,M,4877348.0,268554.0,77
201700036486,17,5,21,1025,1,2,1,1.0,2.0,77373,M,4879435.0,260459.0,77
201700036487,17,5,20,1640,1,1,1,1.0,6.0,77350,M,4875601.0,270391.0,77
201700036488,17,5,25,1910,1,2,1,1.0,6.0,77373,M,4877872.0,260830.0,77
201700036489,17,5,11,1745,1,2,1,1.0,6.0,77390,M,4879838.0,264744.0,77
201700036490,17,6,3,1150,1,2,2,1.0,3.0,77373,M,4877780.0,260957.0,77
201700036491,17,6,12,155,3,1,1,1.0,7.0,77374,M,4879811.0,271257.0,77
201700036492,17,6,12,1655,1,2,5,1.0,6.0,77215,M,4874144.0,273146.0,77
201700036493,17,6,15,2230,5,2,6,1.0,3.0,77390,M,4880058.0,263378.0,77
201700036494,17,6,15,1900,1,1,1,1.0,3.0,77350,M,4877810.0,270930.0,77
201700036495,17,6,17,1900,1,2,1,7.0,3.0,77390,M,4879927.0,263838.0,77
201700036496,17,6,30,1635,1,2,4,2.0,2.0,77390,M,4879073.0,266148.0,77
201700036497,17,6,30,2110,1,2,3,8.0,6.0,77390,M,4880125.0,263946.0,77
201700036498,17,7,1,1730,1,2,1,1.0,6.0,77373,M,4879647.0,261309.0,77
201700036499,17,7,6,2135,1,2,1,1.0,6.0,77350,M,4876752.0,267115.0,77
201700036500,17,7,2,1805,1,2,1,1.0,1.0,77374,M,4880771.0,269636.0,77
201700036501,17,4,9,1830,1,2,1,9.0,6.0,77373,M,4879000.0,260000.0,77
201700036502,17,4,25,1705,1,2,1,1.0,6.0,77373,M,4878051.0,259886.0,77
201700036503,17,6,30,1800,1,1,1,3.0,2.0,77373,M,4877249.0,261923.0,77
201700036504,17,8,3,1940,1,2,1,1.0,6.0,77373,M,4880578.0,261848.0,77
201700036505,17,8,9,1735,1,1,1,2.0,6.0,77215,M,4874144.0,273124.0,77
201700036506,17,8,11,2020,1,2,1,1.0,6.0,77373,M,4879772.0,261125.0,77
201700036507,17,8,12,1520,1,1,1,1.0,6.0,77373,M,4876210.0,261560.0,77
201700036508,17,8,12,1350,1,1,1,1.0,1.0,77373,M,4877531.0,260441.0,77
201700036509,17,9,17,1105,1,2,9,1.0,6.0,77390,M,4879615.0,265004.0,77
201700036510,17,9,19,805,2,2,1,8.0,6.0,77373,M,4880197.0,260522.0,77
201700036511,17,9,20,1805,1,1,1,1.0,4.0,77215,M,4873360.0,272548.0,77
201700036512,17,9,27,1355,1,1,9,1.0,3.0,77373,M,4877360.0,261371.0,77
201700036513,17,10,5,830,1,2,5,1.0,3.0,77215,M,4873681.0,271548.0,77
201700036514,17,10,5,1715,1,2,1,3.0,6.0,77373,M,4878064.0,259886.0,77
201700036515,17,10,17,910,1,2,1,1.0,6.0,77350,M,4875934.0,267175.0,77
201700036516,17,10,19,1600,1,2,4,1.0,3.0,77390,M,4879880.0,263923.0,77
201700036517,17,10,25,1710,1,1,1,1.0,1.0,77373,M,4877443.0,260719.0,77
201700036518,17,10,31,1405,1,1,1,1.0,6.0,77350,M,4877162.0,270798.0,77
201700036519,17,10,27,1430,1,1,1,1.0,2.0,77373,M,4877332.0,261540.0,77
201700036520,17,11,7,1820,2,2,1,1.0,2.0,77350,M,4875826.0,269398.0,77
201700036521,17,11,9,1940,5,2,6,1.0,2.0,77373,M,4880470.0,262139.0,77
201700036522,17,11,11,1910,5,2,1,2.0,2.0,77373,M,4880572.0,259688.0,77
201700036523,17,11,23,1800,5,2,1,8.0,6.0,77373,M,4879893.0,260699.0,77
201700036524,17,12,9,1755,3,1,1,8.0,7.0,77350,M,4875472.0,267472.0,77
201700036525,17,12,9,2140,3,1,1,2.0,5.0,77350,M,4874977.0,268197.0,77
201700036526,17,12,23,1215,1,1,1,1.0,1.0,77350,M,4875081.0,270399.0,77
201700036527,17,12,27,1830,5,2,1,2.0,6.0,77373,M,4877571.0,260225.0,77
201700036528,17,1,4,2335,3,1,6,8.0,7.0,77379,M,4855056.0,330892.0,77
201700036529,17,3,7,1555,1,2,1,1.0,6.0,77418,M,4853350.0,322283.0,77
201700036530,17,3,29,2215,3,1,1,1.0,6.0,77459,M,4854915.0,332922.0,77
201700036531,17,4,6,1930,1,2,1,1.0,6.0,77403,M,4856543.0,332020.0,77
201700036532,17,4,27,1555,1,2,7,1.0,6.0,77379,M,4856112.0,329898.0,77
201700036533,17,12,15,1948,5,2,1,1.0,6.0,77379,M,4855063.0,329508.0,77
201700036534,17,2,3,1845,3,1,1,2.0,3.0,77118,M,4894260.0,265232.0,77
201700036535,17,8,22,1755,1,1,1,1.0,3.0,77462,M,4901170.0,265300.0,77
201700036536,17,2,12,1335,1,2,1,2.0,1.0,77294,M,4898460.0,261653.0,77
201700036537,17,3,4,2030,5,1,9,2.0,1.0,77118,M,4894314.0,266655.0,77
201700036538,17,10,20,2130,3,1,1,1.0,5.0,77294,M,4898315.0,260000.0,77
201700036539,17,12,3,1455,1,2,1,2.0,7.0,77241,M,4901412.0,270305.0,77
201700036540,17,3,20,1320,1,1,1,1.0,2.0,77118,M,4894736.0,269813.0,77