Num_Acc,an,mois,jour,hrmn,lum,agg,int,atm,col,com,gps,lat,long,dep
201700036541,17,3,20,1610,1,1,1,1.0,1.0,77123,M,4899034.0,265703.0,77
201700036542,17,12,10,1255,1,1,4,8.0,1.0,77118,M,4894349.0,266666.0,77
201700036543,17,3,22,1045,1,1,9,1.0,3.0,77118,M,4894579.0,266781.0,77
201700036544,17,3,30,1825,1,2,2,1.0,6.0,77514,M,4894579.0,260775.0,77
201700036545,17,4,13,1640,1,2,1,1.0,3.0,77291,M,4902238.0,259872.0,77
201700036546,17,4,24,1515,1,1,1,1.0,6.0,77462,M,,,77
201700036547,17,4,9,1845,1,1,1,1.0,6.0,77294,M,4899228.0,261845.0,77
201700036548,17,4,16,1300,1,1,1,1.0,7.0,77294,M,4899267.0,262008.0,77
201700036549,17,4,30,1020,1,2,1,1.0,6.0,77514,M,4894292.0,262115.0,77
201700036550,17,4,22,1355,1,1,9,1.0,5.0,77123,M,4899005.0,265717.0,77
201700036551,17,5,11,1630,1,1,1,1.0,4.0,77294,M,4900027.0,263694.0,77
201700036552,17,5,15,800,1,1,1,1.0,1.0,77294,M,4898660.0,260651.0,77
201700036553,17,5,12,1415,1,2,1,3.0,4.0,77294,M,4895815.0,260219.0,77
201700036554,17,5,31,900,1,1,1,1.0,4.0,77118,M,4894261.0,265297.0,77
201700036555,17,7,18,1900,2,1,1,1.0,3.0,77462,M,4900338.0,264217.0,77
201700036556,17,8,14,500,5,2,2,1.0,3.0,77514,M,4894788.0,261495.0,77
201700036557,17,10,16,1640,1,2,1,1.0,6.0,77514,M,4899439.0,262003.0,77
201700036558,17,11,10,1855,5,2,1,2.0,6.0,77118,M,4894643.0,268312.0,77
201700036559,17,12,17,520,3,1,1,8.0,7.0,77462,M,4902806.0,266383.0,77
201700036560,17,12,18,1245,1,2,2,1.0,3.0,78172,M,4900509.0,209354.0,78
201700036561,17,11,2,1820,5,2,1,1.0,6.0,78672,M,4851458.0,217153.0,78
201700036562,17,12,15,45,5,1,1,2.0,6.0,78498,M,4894129.0,205783.0,78
201700036563,17,1,19,2150,5,2,2,1.0,3.0,78498,M,4855500.0,223456.0,78
201700036564,17,2,15,2100,5,2,1,1.0,6.0,78498,M,,,78
201700036565,17,1,16,1700,1,1,9,1.0,6.0,78643,M,4896580.0,199075.0,78
201700036566,17,1,30,1856,5,2,1,2.0,6.0,78498,M,4856457.0,224087.0,78
201700036567,17,3,3,1520,1,2,1,1.0,6.0,78123,M,4857171.0,223032.0,78
201700036568,17,3,16,800,1,2,2,1.0,6.0,78498,M,,,78
201700036569,17,3,15,1615,1,2,3,1.0,3.0,78498,M,4892412.0,205347.0,78
201700036570,17,3,18,2100,5,2,4,1.0,6.0,78498,M,4893357.0,204950.0,78
201700036571,17,2,3,2145,5,2,1,1.0,2.0,78206,M,,,78
201700036572,17,3,2,1133,1,2,1,1.0,6.0,78498,M,4855483.0,222807.0,78
201700036573,17,3,17,2344,5,2,2,1.0,3.0,78498,M,4855490.0,222537.0,78
201700036574,17,3,26,1910,1,2,6,1.0,1.0,78643,M,4897630.0,198194.0,78
201700036575,17,3,25,320,3,1,1,1.0,1.0,78498,M,4889344.0,199216.0,78
201700036576,17,4,2,545,2,2,6,1.0,6.0,78498,M,4854580.0,212800.0,78
201700036577,17,4,1,115,5,2,3,1.0,7.0,78498,M,4855345.0,234956.0,78
201700036578,17,4,2,2030,1,2,1,1.0,7.0,78642,M,4898130.0,198700.0,78
201700036579,17,5,7,1800,1,2,3,1.0,7.0,78498,M,4892932.0,204992.0,78
201700036580,17,6,16,1245,1,1,2,1.0,6.0,78498,M,4892707.0,201683.0,78
201700036581,17,6,12,1855,1,2,1,1.0,2.0,78498,M,4856030.0,225706.0,78
201700036582,17,5,10,1544,1,2,2,1.0,6.0,78498,M,4855403.0,223388.0,78
201700036583,17,4,19,2230,4,2,2,1.0,7.0,78123,M,4856183.0,221107.0,78
201700036584,17,6,8,1730,1,2,1,1.0,6.0,78498,M,4893136.0,205372.0,78
201700036585,17,6,13,1910,1,2,3,1.0,3.0,78123,M,4894356.0,202963.0,78
201700036586,17,6,23,1635,1,1,9,1.0,6.0,78643,M,4857555.0,-158869.0,78
201700036587,17,7,9,1200,1,2,1,1.0,1.0,78643,M,4895929.0,196881.0,78
201700036588,17,7,11,2100,1,2,1,8.0,6.0,78138,M,,,78
201700036589,17,7,10,2050,2,1,1,1.0,7.0,78624,M,4898121.0,200352.0,78
201700036590,17,8,9,1515,1,2,1,2.0,3.0,78498,M,4893476.0,205168.0,78
201700036591,17,6,18,2300,5,2,2,1.0,6.0,78138,M,4897524.0,203186.0,78
201700036592,17,8,24,35,5,2,1,1.0,6.0,78672,M,4885661.0,235222.0,78
201700036593,17,7,23,1930,1,2,7,1.0,2.0,78498,M,4892795.0,223741.0,78
201700036594,17,9,9,1425,1,2,1,2.0,3.0,78642,M,4897755.0,197772.0,78
201700036595,17,9,6,1745,1,1,1,1.0,3.0,78624,M,4858368.0,203003.0,78
201700036596,17,6,10,2230,2,2,1,1.0,2.0,78498,M,4892710.0,204083.0,78
201700036597,17,7,13,1520,1,2,2,1.0,6.0,78498,M,4893242.0,205459.0,78
201700036598,17,10,2,1800,1,1,1,1.0,6.0,78642,M,4899341.0,195583.0,78
201700036599,17,10,17,135,3,2,1,1.0,6.0,78007,M,4854426.0,211339.0,78
201700036600,17,8,20,15,5,2,2,1.0,3.0,78123,M,4856349.0,212315.0,78
201700036601,17,10,3,1700,1,2,9,1.0,3.0,78123,M,4856306.0,214392.0,78
201700036602,17,7,29,1505,1,2,3,1.0,3.0,78005,M,4895849.0,206759.0,78
201700036603,17,9,24,1520,1,2,2,9.0,2.0,78498,M,4893710.0,205501.0,78
201700036604,17,7,30,135,5,2,1,1.0,6.0,78172,M,4900776.0,212218.0,78
201700036605,17,7,7,900,1,2,3,1.0,6.0,78172,M,4899848.0,210532.0,78
201700036606,17,11,12,1620,1,2,1,1.0,7.0,78123,M,4893672.0,203372.0,78
201700036607,17,12,6,1900,2,2,2,1.0,1.0,78624,M,4897659.0,200715.0,78
201700036608,17,12,8,2225,5,2,2,4.0,2.0,78498,M,4855513.0,231024.0,78
201700036609,17,1,10,1315,1,2,1,1.0,6.0,78208,M,,,78
201700036610,17,1,3,1900,5,2,3,5.0,3.0,78423,M,4878050.0,202864.0,78
201700036611,17,1,20,1615,1,2,1,1.0,3.0,78621,M,,,78
201700036612,17,1,23,940,1,2,1,1.0,4.0,78621,M,,,78
201700036613,17,1,9,800,5,2,3,2.0,6.0,78423,M,4876770.0,203226.0,78
201700036614,17,1,21,920,1,2,1,1.0,6.0,78688,M,4875688.0,205340.0,78
201700036615,17,2,3,2205,4,2,1,1.0,1.0,78208,M,,,78
201700036616,17,2,27,2020,5,2,1,1.0,6.0,78297,M,4877531.0,209164.0,78
201700036617,17,2,18,1750,1,2,3,1.0,5.0,78621,M,,,78
201700036618,17,3,22,1955,5,2,1,2.0,1.0,78644,M,,,78
201700036619,17,4,5,1845,1,2,1,1.0,6.0,78621,M,,,78
201700036620,17,3,27,1615,1,2,1,1.0,6.0,78621,M,,,78
201700036621,17,5,5,1720,1,2,2,1.0,3.0,78644,M,,,78
201700036622,17,5,16,1630,1,2,1,1.0,3.0,78423,M,4876696.0,203937.0,78
201700036623,17,5,26,1730,1,2,1,1.0,2.0,78644,M,4875826.0,196456.0,78
201700036624,17,5,26,1410,1,2,1,1.0,6.0,78297,M,4877287.0,207066.0,78
201700036625,17,4,13,10,3,1,1,1.0,1.0,78688,M,4876492.0,205033.0,78
201700036626,17,6,13,1950,1,2,2,1.0,3.0,78423,M,4878233.0,204543.0,78
201700036627,17,7,9,1640,1,2,2,8.0,3.0,78423,M,4879703.0,203467.0,78
201700036628,17,7,4,1812,1,2,1,1.0,3.0,78297,M,4878679.0,204917.0,78
201700036629,17,7,4,1440,1,2,1,1.0,7.0,78297,M,4877800.0,209900.0,78
201700036630,17,8,5,2004,1,2,1,1.0,6.0,78168,M,4874861.0,191179.0,78
201700036631,17,9,27,825,2,2,1,8.0,6.0,78423,M,4878318.0,204825.0,78
201700036632,17,9,18,1800,2,2,1,1.0,6.0,78644,M,4875146.0,194637.0,78
201700036633,17,9,25,850,1,2,2,1.0,3.0,78688,M,4876225.0,204423.0,78
201700036634,17,10,1,1820,2,2,1,1.0,6.0,78397,M,4874192.0,196084.0,78
201700036635,17,10,16,735,5,2,1,1.0,6.0,78168,M,4845229.0,548700.0,78
201700036636,17,10,15,110,5,1,1,1.0,3.0,78644,M,4876033.0,195775.0,78
201700036637,17,10,30,1600,1,2,3,1.0,3.0,78621,M,4878288.0,197547.0,78
201700036638,17,10,18,1845,1,2,1,1.0,3.0,78168,M,4875825.0,193742.0,78
201700036639,17,12,2,2200,5,2,1,1.0,6.0,78621,M,,,78
201700036640,17,12,11,1645,2,2,1,6.0,6.0,78423,M,4878741.0,204577.0,78
201700036641,17,1,10,1955,5,2,2,1.0,6.0,78362,M,4898702.0,170655.0,78
201700036642,17,1,22,1730,2,1,1,1.0,6.0,78402,M,4896352.0,176436.0,78
201700036643,17,3,21,2040,2,2,1,1.0,1.0,78361,M,4902430.0,142559.0,78
201700036644,17,4,1,1615,1,1,1,1.0,7.0,78267,M,4901777.0,148445.0,78
201700036645,17,4,18,1525,1,1,1,1.0,4.0,78531,M,,,78
201700036646,17,5,10,850,1,2,1,1.0,6.0,78335,M,4899294.0,174475.0,78
201700036647,17,5,11,835,1,2,1,1.0,6.0,78361,M,4898933.0,171002.0,78
201700036648,17,5,14,2125,2,2,2,1.0,6.0,78361,M,4899877.0,169066.0,78
201700036649,17,7,2,750,1,1,1,1.0,7.0,78361,M,4899786.0,166422.0,78
201700036650,17,7,10,2115,2,2,1,1.0,1.0,78361,M,4901943.0,141216.0,78
201700036651,17,7,14,1945,2,2,1,1.0,1.0,78335,M,4898652.0,175727.0,78
201700036652,17,8,29,1155,1,2,1,1.0,6.0,78361,M,4959220.0,143663.0,78
201700036653,17,9,2,1115,1,2,2,1.0,3.0,78361,M,4899102.0,170775.0,78
201700036654,17,9,4,1835,1,1,1,1.0,5.0,78314,M,4897113.0,179194.0,78
201700036655,17,9,10,1435,1,2,1,1.0,6.0,78531,M,4899750.0,161944.0,78
201700036656,17,9,11,745,1,2,1,1.0,3.0,78362,M,4898222.0,169777.0,78
201700036657,17,10,7,1945,4,2,1,2.0,6.0,78361,M,4898791.0,170788.0,78
201700036658,17,10,11,1610,1,2,1,1.0,6.0,78362,M,4897977.0,169525.0,78
201700036659,17,10,18,1215,1,2,1,1.0,6.0,78361,M,4899666.0,167672.0,78
201700036660,17,10,20,2115,3,1,3,1.0,1.0,78335,M,4898541.0,174177.0,78
201700036661,17,10,23,1815,2,2,1,2.0,5.0,78327,M,4898975.0,183891.0,78
201700036662,17,11,28,2105,5,2,2,1.0,1.0,78335,M,4899527.0,173175.0,78
201700036663,17,12,3,425,5,2,1,8.0,1.0,78531,M,4901605.0,137104.0,78
201700036664,17,12,8,1115,1,2,1,8.0,6.0,78362,M,4897522.0,171291.0,78
201700036665,17,12,12,530,5,2,1,4.0,1.0,78327,M,4899197.0,186044.0,78
201700036666,17,12,15,1640,5,2,1,1.0,6.0,78362,M,4897669.0,171352.0,78
201700036667,17,1,5,1820,5,2,1,1.0,6.0,78440,M,,,78
201700036668,17,1,7,2315,5,2,6,2.0,3.0,78029,M,,,78
201700036669,17,1,15,1750,4,2,3,2.0,3.0,78029,M,,,78
201700036670,17,1,27,1305,1,2,1,1.0,3.0,78403,M,,,78
201700036671,17,1,2,635,5,2,1,1.0,5.0,78401,M,,,78
201700036672,17,3,11,1615,1,2,2,1.0,3.0,78609,M,,,78
201700036673,17,3,27,1800,1,2,1,1.0,6.0,78440,M,,,78
201700036674,17,3,29,1230,1,1,1,1.0,3.0,78401,M,,,78
201700036675,17,3,31,2024,1,2,1,1.0,1.0,78440,M,,,78
201700036676,17,3,31,1850,1,1,1,1.0,6.0,78227,M,,,78
201700036677,17,4,20,1325,1,1,1,1.0,2.0,78238,M,4897527.0,186223.0,78
201700036678,17,5,2,1320,1,2,3,1.0,6.0,78029,M,,,78
201700036679,17,5,8,2002,1,1,1,1.0,2.0,78440,M,4897364.0,191231.0,78
201700036680,17,5,10,1240,1,2,1,1.0,3.0,78299,M,,,78
201700036681,17,5,11,920,1,2,1,1.0,6.0,78401,M,,,78
201700036682,17,4,18,1610,1,1,1,1.0,1.0,78227,M,4900539.0,190937.0,78
201700036683,17,5,25,2237,5,1,1,1.0,5.0,78440,M,4897988.0,188720.0,78
201700036684,17,6,7,1055,1,2,1,8.0,6.0,78029,M,4895662.0,185845.0,78
201700036685,17,6,7,1840,1,2,2,1.0,3.0,78440,M,4898663.0,191490.0,78
201700036686,17,6,8,2200,2,2,3,1.0,6.0,78401,M,4900490.0,190778.0,78
201700036687,17,6,15,1820,1,1,1,1.0,3.0,78440,M,4899893.0,191961.0,78
201700036688,17,6,16,2140,1,2,6,1.0,3.0,78440,M,4897736.0,192115.0,78
201700036689,17,6,29,2000,1,2,3,1.0,7.0,78440,M,4898324.0,192190.0,78
201700036690,17,7,3,1835,1,2,2,1.0,3.0,78029,M,4800000.0,456850.0,78
201700036691,17,7,3,2040,1,2,6,1.0,7.0,78029,M,4896134.0,185781.0,78
201700036692,17,7,5,1548,1,2,6,7.0,3.0,78440,M,4899708.0,191316.0,78
201700036693,17,7,8,2010,1,2,2,1.0,3.0,78029,M,4897050.0,184656.0,78
201700036694,17,8,9,1215,1,1,3,3.0,3.0,78238,M,,,78
201700036695,17,9,2,1750,1,2,1,1.0,1.0,78638,M,4900000.0,100000.0,78
201700036696,17,9,10,30,5,2,1,1.0,6.0,78238,M,4896394.0,186520.0,78
201700036697,17,9,11,1110,1,1,1,1.0,3.0,78638,M,4901910.0,198190.0,78
201700036698,17,10,24,730,3,1,1,2.0,7.0,78401,M,,,78
201700036699,17,11,15,2240,5,2,7,1.0,6.0,78261,M,4902471.0,189241.0,78
201700036700,17,11,16,925,1,2,3,1.0,7.0,78440,M,4899763.0,190908.0,78
201700036701,17,12,1,1935,5,2,2,1.0,3.0,78440,M,4899070.0,192296.0,78
201700036702,17,12,18,1340,1,2,1,1.0,6.0,78440,M,4898692.0,192588.0,78
201700036703,17,12,21,1125,1,2,7,2.0,7.0,78029,M,4895867.0,185542.0,78
201700036704,17,12,17,1305,1,1,6,1.0,3.0,78490,M,4883449.0,195750.0,78
201700036705,17,1,6,710,5,2,3,1.0,6.0,78545,M,,,78
201700036706,17,1,19,900,1,2,1,1.0,6.0,78165,M,4882600.0,199500.0,78
201700036707,17,12,17,1240,1,2,1,1.0,6.0,78490,M,4882834.0,195844.0,78
201700036708,17,12,16,1110,1,2,1,1.0,6.0,78490,M,4881700.0,194880.0,78
201700036709,17,11,16,820,1,2,1,1.0,6.0,78165,M,4882435.0,198516.0,78
201700036710,17,1,10,1855,5,2,1,1.0,6.0,78165,M,,,78
201700036711,17,1,28,1940,5,2,1,9.0,7.0,78165,M,,,78
201700036712,17,3,10,2125,5,2,1,1.0,6.0,78490,M,,,78
201700036713,17,4,2,100,3,1,6,1.0,3.0,78490,M,4879754.0,193033.0,78
201700036714,17,2,25,1325,1,2,1,1.0,6.0,78165,M,4882758.0,197648.0,78
201700036715,17,5,26,215,3,1,6,1.0,6.0,78674,M,4881741.0,202496.0,78
201700036716,17,6,8,950,1,2,1,1.0,6.0,78674,M,,,78
201700036717,17,6,23,1707,1,2,1,1.0,6.0,78490,M,,,78
201700036718,17,6,26,2215,2,2,2,1.0,3.0,78165,M,4882261.0,199495.0,78
201700036719,17,6,6,1600,1,2,1,1.0,6.0,78165,M,4882589.0,198724.0,78
201700036720,17,9,7,845,1,2,2,1.0,1.0,78545,M,4880287.0,205992.0,78
201700036721,17,9,30,1122,1,2,1,1.0,3.0,78073,M,4880075.0,203074.0,78
201700036722,17,8,21,1600,1,2,1,1.0,6.0,78490,M,4882382.0,195417.0,78
201700036723,17,11,19,955,1,2,1,2.0,6.0,78490,M,4882000.0,196000.0,78
201700036724,17,4,8,2000,2,2,1,1.0,3.0,78517,M,4862956.0,183026.0,78
201700036725,17,12,15,945,1,2,2,1.0,6.0,78269,M,4863842.0,177331.0,78
201700036726,17,6,9,1215,1,1,1,1.0,1.0,78220,M,4873342.0,188579.0,78
201700036727,17,8,5,1555,1,2,1,1.0,6.0,78517,M,4863965.0,182750.0,78
201700036728,17,9,24,1050,1,2,3,1.0,3.0,78517,M,4864584.0,186039.0,78
201700036729,17,10,22,2240,5,2,6,3.0,3.0,78481,M,4889848.0,210712.0,78
201700036730,17,1,7,500,5,2,1,1.0,6.0,78350,M,,,78
201700036731,17,11,17,845,4,2,2,2.0,3.0,78650,M,4890046.0,212613.0,78
201700036732,17,12,11,1230,1,1,1,6.0,2.0,78372,M,4885948.0,208375.0,78
201700036733,17,1,16,815,2,1,1,1.0,1.0,78551,M,,,78
201700036734,17,1,20,1630,1,2,6,1.0,6.0,78372,M,4886930.0,209521.0,78
201700036735,17,12,30,2000,3,2,1,2.0,6.0,78481,M,,,78
201700036736,17,12,15,340,5,2,1,1.0,6.0,78190,M,4800000.0,200000.0,78
201700036737,17,1,17,1630,2,2,2,1.0,6.0,78251,M,,,78
201700036738,17,1,29,200,5,1,1,1.0,6.0,78551,M,,,78
201700036739,17,3,8,1605,1,2,9,2.0,2.0,78418,M,4890626.0,215105.0,78
201700036740,17,3,15,1410,1,2,1,1.0,2.0,78372,M,4887947.0,209719.0,78
201700036741,17,3,27,1340,1,2,1,1.0,2.0,78481,M,4889794.0,210657.0,78
201700036742,17,3,19,917,1,1,1,1.0,3.0,78551,M,,,78
201700036743,17,4,13,2115,3,1,1,1.0,6.0,78551,M,4890500.0,209360.0,78
201700036744,17,4,23,130,4,1,1,1.0,5.0,78350,M,4851117.0,226318.0,78
201700036745,17,6,4,1545,1,2,3,1.0,4.0,78551,M,4889360.0,209900.0,78
201700036746,17,5,31,1305,1,2,7,1.0,6.0,78551,M,4890283.0,207378.0,78
201700036747,17,7,17,1045,1,2,1,1.0,1.0,78350,M,4886088.0,212174.0,78
201700036748,17,6,19,1820,1,2,1,1.0,2.0,78007,M,4890111.0,202349.0,78
201700036749,17,9,12,1755,1,2,3,1.0,6.0,78190,M,4887652.0,214393.0,78
201700036750,17,7,10,1530,1,2,1,8.0,6.0,78481,M,4889465.0,210084.0,78
201700036751,17,9,30,1600,1,2,1,1.0,2.0,78350,M,,,78
201700036752,17,8,15,110,5,2,2,1.0,3.0,78551,M,4890134.0,207153.0,78
201700036753,17,7,29,505,3,2,1,1.0,1.0,78551,M,4892565.0,209059.0,78
201700036754,17,9,22,1535,1,2,1,1.0,2.0,78350,M,4887569.0,211765.0,78
201700036755,17,8,12,40,5,1,1,1.0,3.0,78551,M,4892364.0,208768.0,78
201700036756,17,9,21,1445,1,2,1,1.0,3.0,78551,M,4890477.0,209310.0,78
201700036757,17,11,11,500,5,1,1,2.0,1.0,78551,M,4890691.0,209493.0,78
201700036758,17,9,23,1105,1,2,1,1.0,5.0,78650,M,4889802.0,211363.0,78
201700036759,17,12,8,1630,2,2,1,4.0,6.0,78350,M,4886484.0,211561.0,78
201700036760,17,12,3,1710,2,2,1,1.0,6.0,78481,M,4889798.0,-211149.0,78
201700036761,17,1,3,1730,2,2,2,1.0,6.0,78311,M,,,78
201700036762,17,1,6,815,1,2,1,9.0,6.0,78124,M,4891193.0,216763.0,78
201700036763,17,1,20,815,1,2,4,1.0,6.0,78311,M,,,78
201700036764,17,1,20,740,1,2,3,1.0,6.0,78311,M,,,78
201700036765,17,2,10,1900,5,2,1,1.0,6.0,78586,M,4894527.0,220361.0,78
201700036766,17,3,2,1600,1,2,1,1.0,3.0,78311,M,,,78
201700036767,17,3,12,250,5,2,6,1.0,6.0,78586,M,4894249.0,219427.0,78
201700036768,17,4,23,1650,1,2,1,1.0,3.0,78311,M,,,78
201700036769,17,5,28,1500,1,2,1,1.0,3.0,78124,M,4891760.0,218281.0,78
201700036770,17,5,31,845,1,2,1,1.0,6.0,78586,M,4890370.0,215830.0,78
201700036771,17,5,31,1255,1,2,1,1.0,6.0,78586,M,4894408.0,219452.0,78
201700036772,17,5,31,2315,5,2,1,1.0,6.0,78358,M,4893637.0,212512.0,78
201700036773,17,5,31,2005,1,2,3,1.0,3.0,78586,M,4894477.0,218383.0,78
201700036774,17,7,5,1820,1,2,2,1.0,3.0,78311,M,4892687.0,219232.0,78
201700036775,17,7,26,1757,1,2,1,8.0,1.0,78124,M,4890178.0,217087.0,78
201700036776,17,7,26,1205,1,2,1,1.0,1.0,78586,M,4894820.0,-217991.0,78
201700036777,17,8,5,135,5,2,1,3.0,6.0,78586,M,4894346.0,216080.0,78
201700036778,17,6,28,1800,1,2,3,2.0,3.0,78586,M,4892866.0,216145.0,78
201700036779,17,9,12,1600,1,2,1,1.0,6.0,78311,M,4893501.0,-218551.0,78
201700036780,17,9,17,1530,1,2,2,1.0,3.0,78311,M,4892681.0,219237.0,78
201700036781,17,9,17,1140,1,2,1,1.0,3.0,78358,M,4895318.0,213891.0,78
201700036782,17,10,1,255,5,2,3,2.0,3.0,95063,M,4894610.0,220620.0,95
201700036783,17,10,14,2150,5,2,3,1.0,3.0,78311,M,4893021.0,219772.0,78
201700036784,17,10,18,1950,5,2,7,1.0,3.0,78358,M,4894916.0,214963.0,78
201700036785,17,10,31,2130,5,2,4,1.0,1.0,78586,M,4894187.0,220055.0,78
201700036786,17,11,4,1540,1,2,2,2.0,3.0,78124,M,4800000.0,500000.0,78
201700036787,17,11,10,1950,5,2,2,1.0,3.0,78586,M,4893376.0,215117.0,78
201700036788,17,12,9,1445,1,2,3,1.0,6.0,78311,M,4892153.0,218868.0,78
201700036789,17,12,22,2110,3,2,2,2.0,3.0,78311,M,4891888.0,218750.0,78
201700036790,17,12,30,2230,5,2,1,1.0,6.0,78311,M,4892500.0,219500.0,78
201700036791,17,1,6,1815,5,2,1,1.0,6.0,78646,M,4879508.0,213911.0,78
201700036792,17,12,16,2050,3,1,1,2.0,2.0,78640,M,4878451.0,222148.0,78
201700036793,17,1,16,916,1,2,3,1.0,6.0,78322,M,4877000.0,217000.0,78
201700036794,17,12,22,1010,1,2,2,1.0,6.0,78646,M,4880317.0,210551.0,78
201700036795,17,1,20,908,1,2,1,1.0,3.0,78646,M,,,78
201700036796,17,1,9,1800,5,2,1,1.0,6.0,78158,M,,,78
201700036797,17,2,15,1205,1,2,4,1.0,3.0,78646,M,4878800.0,214850.0,78
201700036798,17,2,3,820,1,2,2,1.0,1.0,78158,M,,,78
201700036799,17,4,7,150,5,2,6,1.0,2.0,78158,M,4882248.0,212735.0,78
201700036800,17,1,17,805,1,2,3,1.0,3.0,78126,M,,,78
201700036801,17,4,3,640,2,2,2,1.0,3.0,78646,M,4879162.0,213587.0,78
201700036802,17,4,6,2025,1,1,2,1.0,3.0,78646,M,4880048.0,213253.0,78
201700036803,17,4,17,1810,1,2,2,1.0,5.0,78646,M,4881216.0,213554.0,78
201700036804,17,5,2,705,1,2,2,2.0,3.0,78646,M,4879460.0,212468.0,78
201700036805,17,5,2,1845,1,2,2,1.0,6.0,78640,M,,,78
201700036806,17,5,8,1540,1,2,1,1.0,6.0,78640,M,4878053.0,219172.0,78
201700036807,17,2,21,1552,1,2,1,1.0,6.0,78126,M,4884777.0,214951.0,78
201700036808,17,5,10,1355,1,2,1,1.0,6.0,78158,M,4882358.0,212638.0,78
201700036809,17,5,11,1425,1,2,2,1.0,6.0,78646,M,4880729.0,212910.0,78
201700036810,17,5,15,1805,1,2,1,1.0,3.0,78640,M,4878502.0,218262.0,78
201700036811,17,5,19,1810,1,2,1,1.0,3.0,78640,M,4878010.0,221400.0,78
201700036812,17,5,25,1920,1,2,2,1.0,3.0,78646,M,4879246.0,211812.0,78
201700036813,17,5,26,1105,1,2,2,1.0,6.0,78646,M,4880418.0,215428.0,78
201700036814,17,4,7,1750,1,2,2,1.0,2.0,78158,M,4883364.0,214291.0,78
201700036815,17,6,6,2201,2,2,2,1.0,3.0,78646,M,4880892.0,213345.0,78
201700036816,17,6,8,1755,1,2,1,1.0,6.0,78640,M,4877977.0,220009.0,78
201700036817,17,6,9,2220,5,2,2,1.0,1.0,78646,M,4881390.0,14090.0,78
201700036818,17,6,13,2150,2,2,1,1.0,3.0,78322,M,4878172.0,215569.0,78
201700036819,17,6,16,1558,1,2,2,1.0,5.0,78646,M,4879764.0,215251.0,78
201700036820,17,6,16,1716,1,2,3,1.0,3.0,78640,M,4878369.0,221200.0,78
201700036821,17,6,21,727,1,2,1,1.0,3.0,78646,M,4880302.0,212680.0,78
201700036822,17,6,28,935,1,2,1,1.0,6.0,78646,M,4879468.0,214068.0,78
201700036823,17,3,29,815,1,2,2,8.0,3.0,78092,M,4886296.0,213954.0,78
201700036824,17,7,9,500,5,2,1,1.0,3.0,78646,M,,,78
201700036825,17,7,10,2000,1,2,1,1.0,3.0,78640,M,4878022.0,221779.0,78
201700036826,17,6,2,1750,1,2,1,2.0,6.0,78158,M,4882934.0,213207.0,78
201700036827,17,7,22,1455,1,2,1,2.0,3.0,78646,M,4879306.0,214358.0,78
201700036828,17,7,27,820,1,2,2,2.0,6.0,78646,M,4879916.0,212543.0,78
201700036829,17,8,17,1705,1,2,1,1.0,6.0,78640,M,,,78
201700036830,17,8,23,2120,2,2,1,1.0,6.0,78092,M,4886836.0,213110.0,78
201700036831,17,8,31,1457,1,2,2,1.0,6.0,78646,M,4879701.0,213429.0,78
201700036832,17,8,28,835,1,2,4,1.0,6.0,78646,M,4881891.0,213606.0,78
201700036833,17,9,9,1915,1,2,1,1.0,3.0,78646,M,4879889.0,213195.0,78
201700036834,17,9,12,1100,1,2,2,1.0,3.0,78646,M,4880667.0,215561.0,78
201700036835,17,9,14,1540,1,2,1,2.0,6.0,78686,M,4880409.0,217210.0,78
201700036836,17,9,15,1440,1,2,1,1.0,6.0,78646,M,4879519.0,213988.0,78
201700036837,17,6,8,1453,1,2,1,1.0,2.0,78092,M,4886759.0,213941.0,78
201700036838,17,9,22,1555,1,2,1,1.0,6.0,78646,M,4880300.0,221676.0,78
201700036839,17,9,25,1805,1,2,1,1.0,3.0,78686,M,4880406.0,216889.0,78
201700036840,17,9,27,1550,1,2,2,1.0,6.0,78646,M,4880406.0,216889.0,78
201700036841,17,10,5,845,1,2,1,1.0,6.0,78646,M,4880941.0,213377.0,78
201700036842,17,10,10,920,1,2,1,1.0,7.0,78646,M,4880720.0,212858.0,78
201700036843,17,10,11,1843,2,2,2,8.0,3.0,78646,M,4879833.0,215346.0,78
201700036844,17,10,12,1755,1,2,1,1.0,6.0,78646,M,4881217.0,213544.0,78
201700036845,17,10,22,1505,1,2,3,3.0,6.0,78646,M,4886967.0,213390.0,78
201700036846,17,9,20,805,1,2,4,1.0,3.0,78158,M,4881734.0,212387.0,78
201700036847,17,10,25,2257,5,2,2,1.0,1.0,78646,M,4880429.0,215415.0,78
201700036848,17,10,25,1812,2,2,1,1.0,6.0,78646,M,,,78
201700036849,17,11,15,1815,5,2,1,1.0,6.0,78640,M,4877995.0,221702.0,78
201700036850,17,11,25,1212,1,2,1,2.0,1.0,78322,M,4876900.0,214849.0,78
201700036851,17,11,26,1305,1,2,1,1.0,6.0,78646,M,4879419.0,212089.0,78
201700036852,17,11,27,2110,5,2,1,1.0,6.0,78640,M,,,78
201700036853,17,12,6,820,3,2,1,1.0,6.0,78322,M,4876376.0,215878.0,78
201700036854,17,10,20,750,3,2,6,2.0,3.0,78158,M,4882523.0,212827.0,78
201700036855,17,12,23,1530,1,2,6,1.0,6.0,79191,M,4632514.0,-45473.0,79
201700036856,17,1,4,1205,1,2,3,1.0,7.0,79191,M,4632229.0,-47477.0,79