Num_Acc,an,mois,jour,hrmn,lum,agg,int,atm,col,com,gps,lat,long,dep
201700036857,17,1,18,820,2,2,3,1.0,3.0,79191,M,4633201.0,-42161.0,79
201700036858,17,1,27,650,5,2,1,1.0,6.0,79191,M,4630274.0,-46009.0,79
201700036859,17,1,30,2030,5,2,1,1.0,6.0,79191,M,4631856.0,-46568.0,79
201700036860,17,3,14,1115,1,2,1,1.0,1.0,79081,M,4636393.0,-37592.0,79
201700036861,17,3,16,905,1,2,1,1.0,3.0,79191,M,4632422.0,-47573.0,79
201700036862,17,4,1,950,1,2,1,1.0,6.0,79191,M,4631593.0,-50168.0,79
201700036863,17,4,10,1520,1,2,1,1.0,3.0,79191,M,4633627.0,-41230.0,79
201700036864,17,3,30,835,1,2,3,1.0,6.0,79191,M,4632730.0,-47059.0,79
201700036865,17,4,14,1720,1,2,2,1.0,3.0,79191,M,4635660.0,-48113.0,79
201700036866,17,5,7,2140,5,2,2,1.0,3.0,79191,M,4632656.0,-48570.0,79
201700036867,17,6,24,1815,1,2,2,1.0,6.0,79191,M,4633557.0,-45265.0,79
201700036868,17,8,4,1550,1,2,2,1.0,5.0,79191,M,4631393.0,-46971.0,79
201700036869,17,8,29,2210,5,2,2,1.0,3.0,79191,M,4631967.0,-48599.0,79
201700036870,17,9,9,1920,1,2,1,1.0,5.0,79191,M,4631107.0,-42655.0,79
201700036871,17,9,15,2100,2,2,2,1.0,2.0,79191,M,4631939.0,-48591.0,79
201700036872,17,9,16,1600,1,2,1,1.0,6.0,79191,M,4631130.0,-44676.0,79
201700036873,17,9,20,1716,1,2,3,1.0,3.0,79081,M,4634441.0,-37604.0,79
201700036874,17,9,30,2000,2,2,3,1.0,3.0,79191,M,4633589.0,-47473.0,79
201700036875,17,9,25,2325,5,2,2,1.0,3.0,79191,M,4631682.0,-43600.0,79
201700036876,17,10,7,920,1,2,6,1.0,3.0,79191,M,4631764.0,-41333.0,79
201700036877,17,10,23,1650,1,2,2,1.0,3.0,79191,M,4632908.0,-43984.0,79
201700036878,17,10,27,1855,5,2,9,1.0,3.0,79081,M,4634043.0,-38150.0,79
201700036879,17,10,28,1510,1,2,3,1.0,3.0,79191,M,4634396.0,-48548.0,79
201700036880,17,11,3,2155,5,2,1,1.0,6.0,79191,M,4631554.0,-40969.0,79
201700036881,17,11,7,1725,2,2,3,1.0,3.0,79191,M,4632990.0,-44233.0,79
201700036882,17,11,14,840,1,2,1,1.0,6.0,79191,M,4632762.0,-46672.0,79
201700036883,17,11,30,1355,1,2,2,1.0,2.0,79191,M,4631684.0,-43620.0,79
201700036884,17,1,13,655,5,2,3,1.0,6.0,79329,M,4698300.0,-19881.0,79
201700036885,17,1,19,1942,5,1,1,1.0,6.0,79329,M,4697030.0,-21772.0,79
201700036886,17,2,6,1315,1,1,1,1.0,6.0,79300,M,4702815.0,-22010.0,79
201700036887,17,2,11,1200,1,2,1,1.0,6.0,79329,M,4696991.0,-21753.0,79
201700036888,17,3,3,1930,5,2,6,1.0,5.0,79329,M,4698333.0,-21141.0,79
201700036889,17,3,6,1757,1,2,2,1.0,3.0,79329,M,4698434.0,-21670.0,79
201700036890,17,4,10,1136,1,2,1,1.0,6.0,79329,M,4698307.0,-21240.0,79
201700036891,17,4,14,1727,1,1,3,1.0,6.0,79329,M,4697200.0,-18501.0,79
201700036892,17,5,2,1820,1,2,2,1.0,3.0,79329,M,4697900.0,-20019.0,79
201700036893,17,5,13,1110,1,2,1,1.0,2.0,79329,M,4697848.0,-21325.0,79
201700036894,17,5,19,1000,1,2,1,1.0,6.0,79329,M,4698818.0,-21418.0,79
201700036895,17,6,2,1820,1,2,1,1.0,3.0,79300,M,4699775.0,-20718.0,79
201700036896,17,6,3,1930,1,2,1,2.0,3.0,79300,M,4699681.0,-20823.0,79
201700036897,17,6,7,1850,1,2,6,1.0,3.0,79329,M,4697648.0,-19790.0,79
201700036898,17,6,25,1430,1,2,1,1.0,3.0,79329,M,4697666.0,-19647.0,79
201700036899,17,7,21,1235,1,2,1,1.0,3.0,79329,M,4699409.0,-20803.0,79
201700036900,17,7,29,715,1,1,1,1.0,6.0,79259,M,4695719.0,-20798.0,79
201700036901,17,8,22,955,1,2,1,1.0,2.0,79329,M,4697931.0,-19893.0,79
201700036902,17,9,14,1500,1,2,1,1.0,7.0,79329,M,4699360.0,21341.0,79
201700036903,17,10,11,1100,1,2,1,1.0,2.0,79329,M,4699247.0,-20868.0,79
201700036904,17,10,16,1700,1,1,4,1.0,3.0,79329,M,4697399.0,-17588.0,79
201700036905,17,10,31,1705,1,1,4,1.0,3.0,79329,M,4698663.0,-16548.0,79
201700036906,17,11,6,1754,2,2,1,1.0,3.0,79329,M,4699075.0,-21704.0,79
201700036907,17,11,15,1153,1,2,1,1.0,6.0,79259,M,4696165.0,-21703.0,79
201700036908,17,11,21,840,1,2,2,5.0,6.0,79329,M,4697938.0,-21569.0,79
201700036909,17,12,8,1800,5,2,2,2.0,3.0,79329,M,4698087.0,-21419.0,79
201700036910,17,12,12,2245,5,2,1,1.0,6.0,79329,M,4698326.0,-20005.0,79
201700036911,17,1,23,1617,1,2,1,1.0,2.0,80001,M,5011174.0,183551.0,80
201700036912,17,3,14,1725,1,2,1,1.0,3.0,80001,M,5010547.0,184778.0,80
201700036913,17,3,16,1810,1,2,1,1.0,6.0,80001,M,5010434.0,182398.0,80
201700036914,17,4,6,1405,1,2,6,1.0,6.0,80001,M,5010623.0,183423.0,80
201700036915,17,5,30,240,5,1,1,1.0,6.0,80001,M,5012001.0,180365.0,80
201700036916,17,6,25,1135,1,2,6,1.0,3.0,80001,M,5010027.0,184055.0,80
201700036917,17,6,21,2250,2,1,1,1.0,6.0,80001,M,5009491.0,180723.0,80
201700036918,17,8,7,2200,5,2,1,1.0,2.0,80001,M,5011159.0,183250.0,80
201700036919,17,10,15,1100,1,2,7,1.0,6.0,80001,M,5010558.0,183357.0,80
201700036920,17,9,20,2045,5,2,6,1.0,6.0,80001,M,5010312.0,182561.0,80
201700036921,17,11,22,1240,1,2,4,1.0,3.0,80001,M,5011229.0,181864.0,80
201700036922,17,12,12,825,2,2,1,1.0,6.0,80001,M,5010844.0,183833.0,80
201700036923,17,12,15,1900,5,2,1,2.0,6.0,80725,M,4987075.0,226186.0,80
201700036924,17,12,19,935,1,2,1,5.0,6.0,80021,M,4989294.0,230229.0,80
201700036925,17,1,3,2127,5,2,2,1.0,3.0,80021,M,4990965.0,229262.0,80
201700036926,17,12,19,1040,1,2,1,5.0,2.0,80725,M,4986209.0,225619.0,80
201700036927,17,1,5,755,2,1,1,9.0,1.0,80164,M,4992384.0,236714.0,80
201700036928,17,12,20,825,1,2,2,1.0,3.0,80021,M,4988462.0,230217.0,80
201700036929,17,1,9,835,1,2,1,2.0,3.0,80021,M,4988898.0,229502.0,80
201700036930,17,12,20,1935,5,2,2,2.0,2.0,80021,M,4989367.0,229961.0,80
201700036931,17,1,11,835,2,2,1,2.0,6.0,80021,M,4989447.0,230930.0,80
201700036932,17,12,22,1910,5,2,2,1.0,3.0,80021,M,4988865.0,230267.0,80
201700036933,17,1,11,1445,1,2,1,1.0,2.0,80021,M,4991352.0,224519.0,80
201700036934,17,12,31,730,5,2,1,1.0,6.0,80021,M,4989018.0,229045.0,80
201700036935,17,1,15,1320,1,2,1,1.0,6.0,80021,M,4987410.0,232676.0,80
201700036936,17,12,23,1835,5,2,2,8.0,3.0,80725,M,4986899.0,223879.0,80
201700036937,17,1,14,1755,5,2,1,2.0,6.0,80021,M,4989702.0,229471.0,80
201700036938,17,12,27,1530,1,2,1,2.0,2.0,80674,M,4990816.0,232332.0,80
201700036939,17,1,18,1925,5,2,1,1.0,6.0,80674,M,4990243.0,232299.0,80
201700036940,17,12,27,1600,1,1,1,2.0,1.0,80724,M,4985443.0,224067.0,80
201700036941,17,1,22,1410,1,2,1,1.0,2.0,80021,M,4990753.0,229041.0,80
201700036942,17,12,31,408,5,2,1,1.0,6.0,80725,M,4987073.0,226211.0,80
201700036943,17,1,23,1850,3,1,1,1.0,3.0,80021,M,4992540.0,231951.0,80
201700036944,17,1,27,920,1,2,1,1.0,3.0,80131,M,4986740.0,236555.0,80
201700036945,17,2,2,845,1,2,1,1.0,6.0,80021,M,4987365.0,228988.0,80
201700036946,17,2,3,855,1,2,1,1.0,6.0,80021,M,4988556.0,228761.0,80
201700036947,17,2,10,815,1,2,3,1.0,6.0,80021,M,4989529.0,228347.0,80
201700036948,17,2,15,855,1,1,1,1.0,1.0,80724,M,4985589.0,225216.0,80
201700036949,17,2,17,2210,5,2,1,2.0,6.0,80021,M,4990654.0,226875.0,80
201700036950,17,2,16,1400,1,2,1,1.0,6.0,80021,M,4989490.0,229585.0,80
201700036951,17,2,17,1435,1,2,6,1.0,3.0,80021,M,4988546.0,231224.0,80
201700036952,17,2,17,1600,1,2,1,1.0,4.0,80021,M,4989118.0,228325.0,80
201700036953,17,2,18,1745,1,1,1,1.0,5.0,80379,M,4986881.0,240151.0,80
201700036954,17,2,18,1215,1,2,1,1.0,1.0,80021,M,4989080.0,232537.0,80
201700036955,17,2,24,1630,1,2,1,1.0,3.0,80632,M,4988295.0,224701.0,80
201700036956,17,3,1,1840,5,2,1,1.0,3.0,80021,M,4988861.0,230304.0,80
201700036957,17,2,26,2240,5,2,1,1.0,6.0,80021,M,4990921.0,231090.0,80
201700036958,17,3,11,1505,1,2,3,1.0,3.0,80021,M,4989383.0,229095.0,80
201700036959,17,3,13,930,1,2,1,1.0,6.0,80021,M,4990792.0,231773.0,80
201700036960,17,3,8,1630,1,2,2,1.0,3.0,80021,M,4989466.0,230922.0,80
201700036961,17,3,17,1640,1,2,2,1.0,3.0,80021,M,4989786.0,229534.0,80
201700036962,17,3,13,1510,1,2,1,1.0,3.0,80021,M,4994169.0,227070.0,80
201700036963,17,3,21,1555,1,2,1,1.0,3.0,80021,M,4991200.0,224287.0,80
201700036964,17,3,19,1140,1,2,1,1.0,6.0,80021,M,4990777.0,226525.0,80
201700036965,17,3,22,1200,1,2,3,1.0,3.0,80021,M,4988343.0,232869.0,80
201700036966,17,3,26,1620,1,2,1,1.0,3.0,80021,M,4987966.0,227525.0,80
201700036967,17,3,25,1540,1,2,2,7.0,6.0,80021,M,4989517.0,229759.0,80
201700036968,17,3,28,1825,1,2,2,1.0,3.0,80489,M,4986870.0,235228.0,80
201700036969,17,3,29,1500,1,2,1,1.0,6.0,80021,M,4988686.0,227903.0,80
201700036970,17,3,30,1755,1,2,1,1.0,3.0,80256,M,4991360.0,223552.0,80
201700036971,17,3,30,1655,1,2,2,1.0,3.0,80021,M,4989972.0,228351.0,80
201700036972,17,4,5,1441,1,1,1,1.0,2.0,80489,M,4987054.0,237228.0,80
201700036973,17,4,6,1700,1,2,1,1.0,6.0,80021,M,4988648.0,230356.0,80
201700036974,17,4,6,1455,1,2,1,1.0,6.0,80021,M,4989472.0,229185.0,80
201700036975,17,4,7,1215,1,2,2,1.0,6.0,80021,M,4989391.0,229423.0,80
201700036976,17,4,18,1545,1,2,2,1.0,3.0,80021,M,4991447.0,225496.0,80
201700036977,17,4,19,1645,1,2,1,1.0,6.0,80021,M,4986526.0,233728.0,80
201700036978,17,4,25,1745,1,2,1,1.0,5.0,80021,M,4990706.0,231900.0,80
201700036979,17,4,29,1758,1,2,1,1.0,6.0,80164,M,4988297.0,235234.0,80
201700036980,17,4,29,1940,1,2,1,1.0,3.0,80021,M,4988516.0,228489.0,80
201700036981,17,4,14,2135,3,1,1,1.0,6.0,80021,M,4992148.0,233339.0,80
201700036982,17,5,6,905,1,2,1,1.0,2.0,80021,M,4988578.0,229992.0,80
201700036983,17,5,8,1100,1,2,1,1.0,3.0,80021,M,4988521.0,226665.0,80
201700036984,17,5,5,1640,1,2,1,1.0,6.0,80021,M,4989478.0,229330.0,80
201700036985,17,5,8,1330,1,2,2,1.0,3.0,80021,M,4987567.0,228193.0,80
201700036986,17,5,8,1505,1,1,1,2.0,2.0,80021,M,4992680.0,231043.0,80
201700036987,17,5,14,1420,1,2,1,1.0,6.0,80021,M,4990353.0,227937.0,80
201700036988,17,5,15,1750,1,2,1,1.0,2.0,80724,M,4986194.0,223050.0,80
201700036989,17,5,14,2340,5,2,1,1.0,6.0,80021,M,4988598.0,228637.0,80
201700036990,17,5,17,1440,1,2,1,1.0,6.0,80021,M,4988621.0,231804.0,80
201700036991,17,5,26,1800,1,2,1,1.0,3.0,80021,M,4989686.0,228264.0,80
201700036992,17,5,24,2125,1,2,1,1.0,6.0,80021,M,4991617.0,224745.0,80
201700036993,17,6,12,8,5,2,2,1.0,3.0,80021,M,4991532.0,231044.0,80
201700036994,17,6,9,1940,1,2,1,1.0,3.0,80021,M,4990329.0,230577.0,80
201700036995,17,6,14,810,1,2,1,1.0,3.0,80021,M,4988960.0,230566.0,80
201700036996,17,6,11,1815,1,2,1,1.0,3.0,80021,M,4991069.0,226966.0,80
201700036997,17,6,14,1135,1,2,1,1.0,6.0,80021,M,4989453.0,229891.0,80
201700036998,17,6,2,945,1,2,1,1.0,6.0,80021,M,4992217.0,230260.0,80
201700036999,17,6,3,1740,1,2,1,1.0,3.0,80021,M,4992217.0,230260.0,80
201700037000,17,6,10,1446,1,2,1,1.0,6.0,80021,M,4991405.0,231100.0,80
201700037001,17,6,10,1509,1,2,3,1.0,3.0,80021,M,4988510.0,230937.0,80
201700037002,17,6,16,2140,1,2,1,1.0,7.0,80021,M,4989441.0,229881.0,80
201700037003,17,6,27,1330,1,2,1,1.0,6.0,80021,M,4989524.0,229472.0,80
201700037004,17,6,27,1650,1,2,1,1.0,2.0,80021,M,4988948.0,227779.0,80
201700037005,17,6,30,1430,1,2,1,1.0,2.0,80261,M,4987395.0,227999.0,80
201700037006,17,6,21,1830,1,1,1,1.0,6.0,80725,M,4987092.0,225369.0,80
201700037007,17,6,26,2230,2,2,3,1.0,3.0,80021,M,4991045.0,231893.0,80
201700037008,17,6,30,1335,1,2,1,1.0,6.0,80021,M,4990790.0,230814.0,80
201700037009,17,7,1,1910,1,2,1,1.0,6.0,80021,M,4991358.0,230743.0,80
201700037010,17,7,10,1720,1,2,1,1.0,4.0,80021,M,4987707.0,228650.0,80
201700037011,17,7,13,915,1,2,1,1.0,6.0,80021,M,4988896.0,226676.0,80
201700037012,17,7,21,115,5,2,1,1.0,6.0,80021,M,4989877.0,230048.0,80
201700037013,17,7,18,1420,1,2,2,1.0,3.0,80021,M,4990009.0,231327.0,80
201700037014,17,7,26,900,1,2,1,1.0,6.0,80489,M,4986779.0,235864.0,80
201700037015,17,7,3,1710,1,1,1,1.0,3.0,80489,M,4986783.0,236655.0,80
201700037016,17,7,10,850,1,1,2,3.0,3.0,80724,M,4985517.0,223974.0,80
201700037017,17,7,28,1145,1,1,1,1.0,2.0,80164,M,4990123.0,235248.0,80
201700037018,17,8,1,1040,1,2,1,1.0,6.0,80021,M,4989072.0,229133.0,80
201700037019,17,8,12,2255,2,2,2,1.0,3.0,80021,M,4987555.0,228180.0,80
201700037020,17,8,19,1620,1,2,1,1.0,3.0,80021,M,4988073.0,225443.0,80
201700037021,17,7,5,1725,1,1,1,1.0,4.0,80725,M,4985903.0,225476.0,80
201700037022,17,8,21,1110,1,2,1,2.0,2.0,80021,M,4989572.0,231050.0,80
201700037023,17,8,22,930,1,2,1,1.0,6.0,80021,M,4989767.0,229613.0,80
201700037024,17,8,22,1625,1,2,2,1.0,3.0,80021,M,4990428.0,227122.0,80
201700037025,17,8,24,1845,1,2,2,1.0,3.0,80489,M,4986746.0,235330.0,80
201700037026,17,8,26,2011,1,2,1,1.0,6.0,80021,M,4990663.0,228561.0,80
201700037027,17,8,29,945,1,2,2,1.0,6.0,80021,M,4989672.0,230042.0,80
201700037028,17,8,31,1210,1,2,2,1.0,3.0,80021,M,4987083.0,229518.0,80
201700037029,17,9,4,1735,1,2,1,1.0,6.0,80021,M,4989792.0,229455.0,80
201700037030,17,8,31,1805,1,2,1,1.0,3.0,80021,M,4991058.0,230738.0,80
201700037031,17,9,8,1615,1,2,1,1.0,3.0,80632,M,4987677.0,226007.0,80
201700037032,17,9,9,915,1,2,1,2.0,7.0,80021,M,4987487.0,231659.0,80
201700037033,17,9,13,1600,1,2,6,1.0,3.0,80021,M,4989837.0,229035.0,80
201700037034,17,9,15,220,5,2,1,2.0,2.0,80021,M,4989027.0,229093.0,80
201700037035,17,9,15,930,1,2,1,7.0,6.0,80021,M,4987415.0,231335.0,80
201700037036,17,9,21,1410,1,2,2,1.0,3.0,80021,M,4988695.0,229648.0,80
201700037037,17,9,23,1855,1,2,1,1.0,3.0,80021,M,4991754.0,229978.0,80
201700037038,17,9,24,2116,5,2,2,1.0,3.0,80021,M,4989676.0,230050.0,80
201700037039,17,9,25,935,1,2,1,2.0,2.0,80021,M,4989436.0,230915.0,80
201700037040,17,9,27,1240,1,2,1,1.0,3.0,80261,M,4986610.0,227807.0,80
201700037041,17,9,29,1955,5,2,1,3.0,6.0,80021,M,4990940.0,230543.0,80
201700037042,17,9,29,1645,1,2,1,1.0,4.0,80021,M,4990022.0,229811.0,80
201700037043,17,9,30,2040,1,2,1,1.0,6.0,80021,M,4988893.0,227807.0,80
201700037044,17,10,3,1530,1,2,1,1.0,3.0,80021,M,4988892.0,229912.0,80
201700037045,17,10,7,2039,5,2,1,2.0,1.0,80489,M,4986964.0,236997.0,80
201700037046,17,10,12,1530,1,2,2,1.0,3.0,80021,M,4991179.0,224532.0,80
201700037047,17,10,14,1420,1,2,2,1.0,5.0,80021,M,4989975.0,228354.0,80
201700037048,17,10,15,2035,3,2,1,1.0,6.0,80489,M,4986632.0,236865.0,80
201700037049,17,10,20,110,5,2,1,2.0,6.0,80021,M,4989780.0,230290.0,80
201700037050,17,10,21,1200,1,2,2,1.0,3.0,80021,M,4987741.0,228268.0,80
201700037051,17,10,21,1005,1,2,1,1.0,6.0,80021,M,4988524.0,232025.0,80
201700037052,17,10,21,1910,5,2,1,2.0,3.0,80632,M,4987421.0,224818.0,80
201700037053,17,10,21,2045,3,2,1,2.0,6.0,80379,M,4986495.0,237880.0,80
201700037054,17,10,22,100,5,2,1,2.0,2.0,80021,M,4988576.0,231915.0,80
201700037055,17,10,22,1030,1,1,1,1.0,1.0,80131,M,4985704.0,238185.0,80
201700037056,17,10,23,855,2,1,1,2.0,2.0,80131,M,4984586.0,241966.0,80
201700037057,17,10,25,1655,1,2,1,1.0,2.0,80489,M,4987339.0,235049.0,80
201700037058,17,10,26,1805,1,2,2,1.0,3.0,80021,M,4988924.0,231047.0,80
201700037059,17,10,30,700,1,2,2,1.0,3.0,80021,M,4987532.0,228169.0,80
201700037060,17,10,30,1640,2,2,1,1.0,6.0,80021,M,4992254.0,230296.0,80
201700037061,17,11,1,715,2,2,2,1.0,3.0,80021,M,4987727.0,228260.0,80
201700037062,17,11,6,1615,1,2,2,1.0,6.0,80021,M,4987721.0,226980.0,80
201700037063,17,11,8,2125,3,2,2,1.0,3.0,80021,M,4987963.0,229207.0,80
201700037064,17,11,9,935,1,2,1,1.0,3.0,80261,M,4985153.0,227203.0,80
201700037065,17,11,12,810,1,2,1,1.0,1.0,80021,M,4989361.0,229278.0,80
201700037066,17,11,14,1810,5,2,1,1.0,6.0,80021,M,4989827.0,230559.0,80
201700037067,17,11,16,1657,1,2,1,1.0,6.0,80021,M,4988225.0,229145.0,80
201700037068,17,11,19,1,5,2,2,3.0,3.0,80021,M,4991190.0,230267.0,80
201700037069,17,11,20,910,1,2,1,1.0,3.0,80021,M,4989685.0,228266.0,80
201700037070,17,11,17,1625,1,2,1,1.0,6.0,80021,M,4991057.0,231255.0,80
201700037071,17,11,21,2350,5,2,1,1.0,6.0,80021,M,4988748.0,230185.0,80
201700037072,17,11,25,2355,5,2,2,1.0,3.0,80021,M,4989794.0,229523.0,80
201700037073,17,11,25,1056,1,2,1,2.0,2.0,80489,M,4986580.0,235008.0,80
201700037074,17,11,29,1400,1,2,1,1.0,6.0,80021,M,4989437.0,230944.0,80
201700037075,17,11,29,1441,1,2,1,2.0,6.0,80021,M,4989532.0,228341.0,80
201700037076,17,11,29,1200,1,2,1,2.0,5.0,80021,M,4987545.0,232969.0,80
201700037077,17,11,30,1828,5,2,1,4.0,5.0,80021,M,4987511.0,230641.0,80
201700037078,17,12,4,1940,5,1,1,1.0,5.0,80489,M,4987195.0,237303.0,80
201700037079,17,12,5,909,1,1,1,1.0,3.0,80021,M,4992481.0,229421.0,80
201700037080,17,12,7,800,1,2,1,2.0,6.0,80021,M,4990760.0,230151.0,80
201700037081,17,12,7,849,1,2,2,2.0,3.0,80021,M,4991304.0,225496.0,80
201700037082,17,12,7,1850,5,2,2,2.0,3.0,80725,M,4986852.0,225167.0,80
201700037083,17,12,8,1335,1,2,1,1.0,1.0,80131,M,4984088.0,240043.0,80
201700037084,17,12,11,1719,5,2,1,2.0,6.0,80021,M,4987621.0,232809.0,80
201700037085,17,12,11,1350,1,2,1,2.0,3.0,80489,M,4986816.0,237431.0,80
201700037086,17,12,12,1945,5,2,2,2.0,3.0,80021,M,4987081.0,231078.0,80
201700037087,17,12,13,1732,5,2,1,3.0,3.0,80021,M,4990873.0,230299.0,80
201700037088,17,12,9,240,5,2,1,1.0,7.0,80131,M,4986091.0,238231.0,80
201700037089,17,12,11,1530,1,2,1,2.0,6.0,80021,M,4991745.0,225372.0,80
201700037090,17,12,12,2150,5,2,2,2.0,5.0,80021,M,4989803.0,229563.0,80
201700037091,17,12,14,900,1,2,1,3.0,2.0,80021,M,4988877.0,229555.0,80
201700037092,17,12,14,130,5,2,1,2.0,6.0,80674,M,4989912.0,232794.0,80
201700037093,17,12,15,810,2,2,1,2.0,2.0,80021,M,4987833.0,233834.0,80
201700037094,17,12,15,830,1,2,1,2.0,6.0,80021,M,4989991.0,228354.0,80
201700037095,17,12,18,1405,1,2,6,1.0,3.0,80021,M,4992256.0,230497.0,80
201700037096,17,12,18,850,1,1,1,1.0,5.0,80379,M,4986827.0,238733.0,80
201700037097,17,1,12,1555,1,2,1,1.0,6.0,81004,M,4392503.0,215029.0,81
201700037098,17,1,20,845,1,1,1,1.0,6.0,81004,M,4391422.0,214274.0,81
201700037099,17,1,30,1525,1,2,1,2.0,6.0,81004,M,4392241.0,214934.0,81
201700037100,17,2,9,745,4,2,3,1.0,3.0,81004,M,4391686.0,214416.0,81
201700037101,17,2,15,2135,5,2,1,1.0,6.0,81004,M,4392220.0,213928.0,81
201700037102,17,2,21,20,5,2,1,1.0,3.0,81144,M,4995177.0,215510.0,81
201700037103,17,2,23,1730,1,2,1,1.0,5.0,81004,M,4395104.0,212550.0,81
201700037104,17,3,12,1310,1,1,1,2.0,3.0,81018,M,4396035.0,219699.0,81
201700037105,17,3,16,1450,1,2,1,1.0,1.0,81004,M,4392183.0,216525.0,81
201700037106,17,3,16,1805,1,2,3,1.0,3.0,81144,M,,,81
201700037107,17,5,9,1015,1,2,1,1.0,2.0,81004,M,4392488.0,214850.0,81
201700037108,17,8,14,1535,1,2,3,1.0,3.0,81257,M,4394111.0,220731.0,81
201700037109,17,9,23,225,5,2,1,1.0,6.0,81004,M,4392674.0,214251.0,81
201700037110,17,10,13,1725,1,2,1,1.0,1.0,81004,M,4391966.0,213507.0,81
201700037111,17,11,20,1745,2,2,1,1.0,3.0,81257,M,4394510.0,219879.0,81
201700037112,17,4,6,2255,3,1,1,1.0,6.0,81033,M,4402872.0,215234.0,81
201700037113,17,4,27,1920,1,2,1,1.0,1.0,81060,M,,,81
201700037114,17,6,19,10,3,1,6,1.0,1.0,81033,M,4402980.0,214154.0,81
201700037115,17,11,25,2000,5,2,7,1.0,1.0,81060,M,,,81
201700037116,17,3,27,2000,5,2,1,1.0,7.0,81065,M,4361192.0,226612.0,81
201700037117,17,1,10,1620,1,2,1,3.0,6.0,81163,M,4349410.0,237881.0,81
201700037118,17,1,25,1710,1,2,1,1.0,7.0,81163,M,4348763.0,236967.0,81
201700037119,17,3,2,2130,3,1,1,1.0,6.0,81163,M,4346842.0,236359.0,81
201700037120,17,4,2,1930,1,2,1,1.0,3.0,81163,M,4350631.0,237873.0,81
201700037121,17,4,7,1140,1,1,1,1.0,2.0,81021,M,4350651.0,235945.0,81
201700037122,17,4,29,1815,1,2,1,1.0,6.0,81163,M,,,81
201700037123,17,6,2,1500,1,2,1,1.0,3.0,81163,M,4349281.0,237291.0,81
201700037124,17,6,11,1120,1,1,1,1.0,7.0,81163,M,4347741.0,236962.0,81
201700037125,17,8,8,1606,1,2,1,1.0,3.0,81021,M,4349840.0,237290.0,81
201700037126,17,3,17,1840,2,2,3,1.0,3.0,82033,M,4403387.0,111934.0,82
201700037127,17,5,1,1640,1,1,1,1.0,6.0,82033,M,4405857.0,112259.0,82
201700037128,17,5,24,1900,1,2,1,1.0,2.0,82033,M,4404255.0,110478.0,82
201700037129,17,6,29,2140,2,1,9,1.0,3.0,82033,M,4402914.0,113519.0,82
201700037130,17,8,1,1945,1,1,3,1.0,6.0,82033,M,4404124.0,114951.0,82
201700037131,17,8,22,1335,1,2,2,7.0,3.0,82033,M,4405247.0,110109.0,82
201700037132,17,9,13,2223,3,1,3,1.0,6.0,82033,M,4406938.0,109509.0,82
201700037133,17,10,6,540,3,2,1,1.0,6.0,82033,M,4405112.0,110836.0,82
201700037134,17,10,19,940,1,2,7,1.0,6.0,82033,M,4403679.0,110702.0,82
201700037135,17,11,11,1705,2,1,1,1.0,2.0,82033,M,4405320.0,112360.0,82
201700037136,17,2,14,700,5,2,1,2.0,6.0,82121,M,4402353.0,136301.0,82
201700037137,17,1,1,250,3,2,1,1.0,6.0,82121,M,,,82
201700037138,17,1,10,1835,5,2,1,1.0,6.0,82121,M,4401008.0,136070.0,82
201700037139,17,1,25,1208,1,2,2,1.0,6.0,82121,M,4403558.0,137063.0,82
201700037140,17,2,11,1435,1,2,6,1.0,3.0,82121,M,4399262.0,135043.0,82
201700037141,17,4,12,1340,1,2,1,1.0,6.0,82121,M,4399531.0,133802.0,82
201700037142,17,4,14,1535,1,1,1,1.0,1.0,82121,M,4404732.0,139278.0,82
201700037143,17,3,30,1710,1,2,2,1.0,3.0,82121,M,4402063.0,137555.0,82
201700037144,17,4,16,1830,1,1,1,1.0,7.0,82121,M,4399661.0,136869.0,82
201700037145,17,6,19,750,1,1,1,1.0,1.0,82121,M,4400748.0,139007.0,82
201700037146,17,5,5,50,3,1,1,1.0,6.0,82121,M,4399491.0,131503.0,82
201700037147,17,5,24,740,1,2,3,1.0,3.0,82121,M,4401220.0,137505.0,82
201700037148,17,7,7,1126,1,2,3,1.0,6.0,82121,M,4401046.0,136184.0,82
201700037149,17,8,22,2140,5,1,1,1.0,7.0,82121,M,4396310.0,138872.0,82
201700037150,17,8,17,1125,1,2,1,1.0,6.0,82121,M,4401656.0,135645.0,82
201700037151,17,8,23,535,3,1,1,1.0,2.0,82121,M,4404898.0,140185.0,82
201700037152,17,9,6,1505,1,1,6,1.0,1.0,82121,M,4404994.0,139616.0,82
201700037153,17,9,17,1830,1,2,3,1.0,3.0,82121,M,4401070.0,137405.0,82
201700037154,17,10,1,2000,5,2,2,1.0,3.0,82121,M,4401364.0,135085.0,82
201700037155,17,11,2,1828,5,1,3,1.0,4.0,82121,M,4405000.0,135878.0,82
201700037156,17,11,6,1845,5,2,7,1.0,6.0,82121,M,4401779.0,135870.0,82
201700037157,17,11,14,2010,5,2,1,1.0,7.0,82121,M,4401077.0,136589.0,82
201700037158,17,11,22,750,5,2,3,1.0,3.0,82121,M,4401097.0,401097.0,82
201700037159,17,12,12,2030,5,2,7,1.0,3.0,82121,M,4401726.0,135172.0,82