Num_Acc,an,mois,jour,hrmn,lum,agg,int,atm,col,com,gps,lat,long,dep
201700037160,17,12,13,1235,1,2,3,1.0,6.0,82121,M,4401610.0,135370.0,82
201700037161,17,12,19,1730,2,2,1,1.0,6.0,82121,M,4401667.0,134627.0,82
201700037162,17,1,11,1510,1,2,3,1.0,3.0,83050,M,4352819.0,648090.0,83
201700037163,17,1,16,1020,1,1,1,1.0,1.0,83050,M,4354843.0,645859.0,83
201700037164,17,2,3,900,1,2,1,1.0,2.0,83050,M,4353369.0,646652.0,83
201700037165,17,2,3,1030,1,2,6,1.0,3.0,83050,M,,,83
201700037166,17,2,18,350,5,2,1,1.0,1.0,83050,M,4352787.0,644896.0,83
201700037167,17,4,19,2320,5,2,9,1.0,6.0,83050,M,,,83
201700037168,17,5,15,1820,1,2,1,1.0,3.0,83050,M,4352676.0,645723.0,83
201700037169,17,5,20,1815,1,2,1,1.0,7.0,83050,M,4354069.0,647435.0,83
201700037170,17,6,13,1700,1,1,3,1.0,5.0,83050,M,4351420.0,642913.0,83
201700037171,17,5,21,1730,1,1,2,1.0,3.0,83050,M,4353283.0,641334.0,83
201700037172,17,6,24,820,1,2,1,1.0,2.0,83141,M,4350460.0,648196.0,83
201700037173,17,7,5,1150,1,1,1,1.0,3.0,83141,M,4349813.0,648717.0,83
201700037174,17,7,14,2135,3,1,1,1.0,7.0,83141,M,4351529.0,649509.0,83
201700037175,17,7,25,955,1,2,1,1.0,3.0,83050,M,4353461.0,647065.0,83
201700037176,17,9,6,545,5,2,1,1.0,5.0,83050,M,4352173.0,646710.0,83
201700037177,17,9,17,1605,1,2,1,7.0,6.0,83050,M,4352495.0,646061.0,83
201700037178,17,9,26,1510,1,2,1,1.0,1.0,83050,M,4352936.0,643884.0,83
201700037179,17,9,18,735,1,1,1,1.0,2.0,83050,M,4353065.0,650995.0,83
201700037180,17,9,27,1530,1,2,1,1.0,3.0,83050,M,4353643.0,646033.0,83
201700037181,17,10,23,1605,1,2,1,1.0,2.0,83050,M,4353511.0,645922.0,83
201700037182,17,10,31,1210,1,2,1,1.0,6.0,83050,M,4354080.0,646820.0,83
201700037183,17,10,21,2155,2,2,9,1.0,6.0,83050,M,4353511.0,645922.0,83
201700037184,17,11,28,1910,5,2,2,1.0,3.0,83050,M,4354155.0,644618.0,83
201700037185,17,2,18,1205,1,1,1,1.0,1.0,83061,M,4344515.0,675002.0,83
201700037186,17,11,27,1415,1,1,1,1.0,1.0,83061,M,4342692.0,671707.0,83
201700037187,17,3,3,820,1,2,1,1.0,6.0,83061,M,4343513.0,673755.0,83
201700037188,17,3,12,1450,1,1,1,1.0,1.0,83118,M,4343989.0,689677.0,83
201700037189,17,3,25,1010,1,2,1,2.0,6.0,83118,M,4342623.0,676884.0,83
201700037190,17,4,6,1255,1,2,2,1.0,3.0,83061,M,4342817.0,672601.0,83
201700037191,17,5,2,1225,1,1,1,1.0,1.0,83061,M,4343057.0,670762.0,83
201700037192,17,5,11,1850,1,2,3,1.0,3.0,83061,M,4345770.0,672815.0,83
201700037193,17,5,19,1810,1,2,1,1.0,6.0,83061,M,4343936.0,674591.0,83
201700037194,17,4,4,1005,1,2,1,7.0,6.0,83118,M,4342000.0,677000.0,83
201700037195,17,5,28,1040,1,1,1,1.0,1.0,83061,M,4343306.0,672981.0,83
201700037196,17,5,26,5,5,2,1,1.0,6.0,83118,M,4341906.0,677295.0,83
201700037197,17,6,25,1600,1,2,1,1.0,6.0,83061,M,4341552.0,672709.0,83
201700037198,17,7,2,1530,1,2,6,1.0,3.0,83061,M,4342888.0,676319.0,83
201700037199,17,7,11,637,1,2,3,1.0,3.0,83061,M,4344501.0,676869.0,83
201700037200,17,7,24,1145,1,2,1,1.0,3.0,83061,M,4343993.0,670747.0,83
201700037201,17,7,28,1530,1,2,1,1.0,2.0,83118,M,4341398.0,679877.0,83
201700037202,17,8,1,727,2,1,1,1.0,7.0,83061,M,4343493.0,668989.0,83
201700037203,17,7,23,944,1,2,1,1.0,6.0,83061,M,4338618.0,672314.0,83
201700037204,17,8,18,1802,1,2,1,1.0,1.0,83061,M,4343341.0,672881.0,83
201700037205,17,8,4,1105,1,2,1,1.0,6.0,83118,M,4342397.0,676734.0,83
201700037206,17,9,29,1725,1,2,1,1.0,6.0,83118,M,4343574.0,677628.0,83
201700037207,17,10,15,1049,1,2,6,1.0,3.0,83061,M,4344577.0,673727.0,83
201700037208,17,10,21,2235,5,2,1,1.0,7.0,83061,M,4344946.0,672830.0,83
201700037209,17,10,19,1700,1,2,1,7.0,6.0,83061,M,4342931.0,676026.0,83
201700037210,17,12,13,910,1,2,1,1.0,6.0,83061,M,4343169.0,673399.0,83
201700037211,17,12,22,1905,5,2,1,1.0,6.0,83118,M,4342718.0,677670.0,83
201700037212,17,1,4,620,5,2,1,1.0,2.0,83069,M,4311344.0,613038.0,83
201700037213,17,2,5,956,1,1,1,2.0,1.0,83069,M,4314237.0,615320.0,83
201700037214,17,2,7,1620,1,1,1,1.0,1.0,83069,M,4312341.0,610222.0,83
201700037215,17,2,15,1220,1,1,1,1.0,7.0,83069,M,4316880.0,611161.0,83
201700037216,17,2,15,655,1,1,1,1.0,7.0,83069,M,4305797.0,614687.0,83
201700037217,17,2,15,1025,1,2,1,1.0,6.0,83069,M,4310899.0,612489.0,83
201700037218,17,2,18,1925,5,2,1,1.0,3.0,83069,M,4311535.0,612305.0,83
201700037219,17,3,8,755,1,2,1,1.0,6.0,83069,M,4312079.0,613192.0,83
201700037220,17,3,10,742,1,2,1,1.0,3.0,83069,M,4311343.0,612835.0,83
201700037221,17,3,14,1200,1,2,3,1.0,6.0,83069,M,4311596.0,613131.0,83
201700037222,17,3,15,1530,1,2,1,1.0,6.0,83069,M,4311657.0,613328.0,83
201700037223,17,4,18,1150,1,2,3,1.0,3.0,83069,M,4307441.0,615305.0,83
201700037224,17,4,20,910,1,2,1,7.0,6.0,83069,M,4311768.0,613039.0,83
201700037225,17,5,1,1245,1,1,1,1.0,2.0,83069,M,4308251.0,615068.0,83
201700037226,17,5,9,1210,1,1,1,1.0,6.0,83069,M,4311407.0,612845.0,83
201700037227,17,5,23,1410,1,2,1,1.0,6.0,83069,M,4311288.0,613611.0,83
201700037228,17,5,28,935,1,1,1,1.0,3.0,83034,M,4309077.0,609127.0,83
201700037229,17,5,31,1505,1,2,1,1.0,2.0,83069,M,4309567.0,614043.0,83
201700037230,17,5,31,2230,3,1,1,1.0,3.0,83069,M,4308190.0,614184.0,83
201700037231,17,6,4,1152,1,2,3,1.0,3.0,83069,M,4312666.0,620195.0,83
201700037232,17,6,6,1345,1,2,1,1.0,3.0,83069,M,4311548.0,612285.0,83
201700037233,17,6,6,1646,1,2,1,1.0,6.0,83069,M,4312015.0,613417.0,83
201700037234,17,6,5,1100,1,1,1,1.0,7.0,83069,M,4310513.0,617557.0,83
201700037235,17,6,7,1400,1,1,1,1.0,1.0,83069,M,4311097.0,609468.0,83
201700037236,17,6,10,555,2,1,6,1.0,6.0,83069,M,4310010.0,617039.0,83
201700037237,17,6,11,1450,1,1,1,1.0,6.0,83034,M,4309818.0,613599.0,83
201700037238,17,6,11,1947,1,1,1,1.0,1.0,83069,M,4310956.0,618208.0,83
201700037239,17,6,9,1800,1,2,1,1.0,2.0,83069,M,4312575.0,611110.0,83
201700037240,17,5,28,1645,1,2,1,1.0,2.0,83069,M,4310395.0,617429.0,83
201700037241,17,6,12,1748,1,1,6,1.0,3.0,83069,M,4307212.0,614777.0,83
201700037242,17,6,12,1935,1,1,1,1.0,3.0,83069,M,4304460.0,613486.0,83
201700037243,17,6,19,910,1,2,1,1.0,3.0,83069,M,4311546.0,613539.0,83
201700037244,17,6,19,1715,1,2,1,1.0,3.0,83069,M,4312581.0,611054.0,83
201700037245,17,6,21,1405,1,1,1,1.0,1.0,83069,M,4311693.0,618830.0,83
201700037246,17,6,20,1910,1,2,1,1.0,6.0,83069,M,4312071.0,613290.0,83
201700037247,17,6,25,1850,1,2,1,1.0,6.0,83069,M,4312130.0,613761.0,83
201700037248,17,6,15,927,1,2,1,1.0,6.0,83069,M,4312112.0,613901.0,83
201700037249,17,6,30,55,5,2,1,1.0,7.0,83069,M,4310852.0,612346.0,83
201700037250,17,7,3,1715,1,2,1,1.0,3.0,83069,M,4306491.0,607248.0,83
201700037251,17,7,4,1140,1,2,1,1.0,4.0,83069,M,4311766.0,614524.0,83
201700037252,17,7,5,930,1,1,1,1.0,6.0,83034,M,4308943.0,608824.0,83
201700037253,17,7,6,1310,1,1,1,1.0,7.0,83069,M,4304590.0,613404.0,83
201700037254,17,7,6,1830,1,2,6,1.0,7.0,83069,M,4311770.0,614090.0,83
201700037255,17,7,11,920,1,2,1,1.0,2.0,83069,M,4311405.0,612860.0,83
201700037256,17,7,10,1720,1,1,1,1.0,5.0,83069,M,4312955.0,617896.0,83
201700037257,17,7,13,250,4,1,1,1.0,6.0,83069,M,4310755.0,617405.0,83
201700037258,17,7,18,953,1,2,1,7.0,3.0,83034,M,4309243.0,607645.0,83
201700037259,17,7,24,1628,1,2,3,1.0,6.0,83034,M,4308758.0,608353.0,83
201700037260,17,7,25,1410,1,2,6,1.0,3.0,83069,M,4311337.0,612330.0,83
201700037261,17,7,28,654,1,2,1,1.0,6.0,83069,M,4312001.0,612972.0,83
201700037262,17,7,30,155,3,1,1,1.0,7.0,83069,M,4312673.0,619049.0,83
201700037263,17,7,30,1040,1,2,1,1.0,1.0,83069,M,4311968.0,618005.0,83
201700037264,17,8,1,1930,1,2,1,1.0,3.0,83069,M,4311424.0,613447.0,83
201700037265,17,8,8,1510,1,2,1,7.0,6.0,83069,M,4311524.0,612837.0,83
201700037266,17,8,9,2127,3,1,1,1.0,7.0,83069,M,4308138.0,612796.0,83
201700037267,17,8,10,1246,1,2,1,1.0,6.0,83069,M,4305660.0,613360.0,83
201700037268,17,8,10,1915,1,2,1,1.0,3.0,83069,M,4311000.0,612000.0,83
201700037269,17,8,15,1204,1,1,1,1.0,1.0,83069,M,4312345.0,618773.0,83
201700037270,17,8,18,1341,1,2,1,1.0,3.0,83069,M,4310879.0,612520.0,83
201700037271,17,8,19,1420,1,1,1,1.0,1.0,83069,M,4313202.0,617152.0,83
201700037272,17,8,21,940,1,1,1,1.0,3.0,83069,M,4309183.0,612969.0,83
201700037273,17,8,22,810,1,2,1,1.0,3.0,83069,M,4311428.0,611009.0,83
201700037274,17,9,5,1100,1,2,1,1.0,3.0,83069,M,4312101.0,613429.0,83
201700037275,17,9,6,1645,1,2,1,1.0,6.0,83069,M,4308892.0,612890.0,83
201700037276,17,9,7,930,1,2,6,1.0,6.0,83034,M,4309242.0,607764.0,83
201700037277,17,9,17,2040,5,2,3,1.0,6.0,83069,M,4312064.0,613114.0,83
201700037278,17,9,24,1713,1,2,1,1.0,2.0,83069,M,4305549.0,613372.0,83
201700037279,17,9,24,1815,1,1,1,1.0,2.0,83069,M,4312101.0,613429.0,83
201700037280,17,9,28,920,1,2,1,1.0,2.0,83069,M,4310100.0,617080.0,83
201700037281,17,9,26,1950,5,1,1,1.0,6.0,83069,M,4355575.0,674155.0,83
201700037282,17,10,3,1715,1,2,1,1.0,2.0,83069,M,4310627.0,612195.0,83
201700037283,17,10,4,1520,1,2,8,1.0,6.0,83069,M,4312123.0,613134.0,83
201700037284,17,10,8,625,3,1,1,1.0,6.0,83069,M,4312565.0,618442.0,83
201700037285,17,10,16,1236,1,1,1,1.0,6.0,83069,M,4315000.0,613000.0,83
201700037286,17,10,18,1230,1,1,6,1.0,3.0,83069,M,4312698.0,600000.0,83
201700037287,17,10,27,1535,1,2,1,1.0,7.0,83069,M,4312177.0,616030.0,83
201700037288,17,10,28,1230,1,1,1,1.0,1.0,83069,M,4308462.0,611040.0,83
201700037289,17,10,30,1600,1,1,1,1.0,2.0,83069,M,4310883.0,608763.0,83
201700037290,17,10,29,1945,3,2,1,1.0,1.0,83069,M,4311783.0,609938.0,83
201700037291,17,11,5,1550,1,1,1,7.0,3.0,83034,M,4310204.0,605702.0,83
201700037292,17,11,5,215,5,1,1,6.0,3.0,83069,M,4309664.0,613510.0,83
201700037293,17,11,8,900,1,2,1,1.0,6.0,83069,M,4311880.0,614327.0,83
201700037294,17,11,12,1115,1,2,1,1.0,4.0,83069,M,4364768.0,673125.0,83
201700037295,17,11,13,1915,5,2,4,1.0,6.0,83069,M,4312011.0,613076.0,83
201700037296,17,11,14,1210,1,2,1,7.0,6.0,83069,M,4310573.0,612839.0,83
201700037297,17,11,14,1745,5,2,1,1.0,2.0,83069,M,4310216.0,617245.0,83
201700037298,17,11,15,1715,3,1,1,1.0,3.0,83069,M,4313165.0,617296.0,83
201700037299,17,11,16,745,1,1,1,1.0,2.0,83069,M,4312259.0,616264.0,83
201700037300,17,11,17,1600,1,2,3,1.0,3.0,83069,M,4373310.0,663642.0,83
201700037301,17,11,21,1320,1,2,1,1.0,2.0,83034,M,4309290.0,607378.0,83
201700037302,17,11,25,1121,1,2,9,1.0,3.0,83069,M,4311000.0,612000.0,83
201700037303,17,11,26,1915,5,2,1,1.0,6.0,83069,M,4311848.0,614285.0,83
201700037304,17,12,1,625,5,2,2,1.0,1.0,83069,M,4311148.0,612400.0,83
201700037305,17,12,3,1657,1,2,1,1.0,6.0,83069,M,4311869.0,612859.0,83
201700037306,17,12,9,955,1,2,1,7.0,6.0,83069,M,4311324.0,612901.0,83
201700037307,17,12,7,1600,1,2,1,1.0,3.0,83034,M,4309711.0,607960.0,83
201700037308,17,12,16,1300,1,2,6,7.0,6.0,83069,M,4310620.0,612847.0,83
201700037309,17,1,4,1210,1,2,1,1.0,1.0,83123,M,4312646.0,578778.0,83
201700037310,17,12,21,1000,1,2,3,1.0,3.0,83123,M,4312174.0,581935.0,83
201700037311,17,1,14,1245,1,2,1,1.0,6.0,83129,M,4309813.0,582740.0,83
201700037312,17,12,27,1130,1,2,6,1.0,2.0,83009,M,4314000.0,574000.0,83
201700037313,17,1,28,215,5,2,3,1.0,3.0,83129,M,4310356.0,582005.0,83
201700037314,17,1,30,1915,5,1,9,8.0,6.0,83129,M,4308817.0,580993.0,83
201700037315,17,2,2,955,1,2,1,1.0,6.0,83123,M,4311770.0,580227.0,83
201700037316,17,2,7,955,1,2,3,1.0,3.0,83123,M,4313162.0,578636.0,83
201700037317,17,3,4,1910,3,1,1,8.0,3.0,83009,M,4315469.0,576379.0,83
201700037318,17,3,1,1030,1,1,3,1.0,3.0,83123,M,4312698.0,581915.0,83
201700037319,17,3,19,1345,1,1,1,1.0,3.0,83123,M,4312667.0,579746.0,83
201700037320,17,3,28,1730,1,2,3,1.0,3.0,83129,M,4309330.0,582730.0,83
201700037321,17,3,26,1135,1,2,1,1.0,6.0,83129,M,4311301.0,581088.0,83
201700037322,17,4,4,2110,5,2,1,1.0,3.0,83123,M,4311782.0,580747.0,83
201700037323,17,4,7,1130,1,2,6,1.0,6.0,83129,M,4309401.0,583789.0,83
201700037324,17,4,21,1930,1,1,1,1.0,4.0,83123,M,4312070.0,580398.0,83
201700037325,17,5,7,820,1,2,1,1.0,7.0,83129,M,4311187.0,582599.0,83
201700037326,17,5,9,2120,5,2,1,1.0,7.0,83129,M,4308902.0,585164.0,83
201700037327,17,5,5,1520,1,2,1,1.0,6.0,83123,M,4311800.0,580677.0,83
201700037328,17,5,13,600,2,2,1,1.0,2.0,83009,M,4313635.0,575519.0,83
201700037329,17,5,15,710,1,2,1,1.0,3.0,83123,M,4312437.0,579030.0,83
201700037330,17,6,2,1830,1,2,9,1.0,2.0,83129,M,4310844.0,581433.0,83
201700037331,17,6,12,805,1,2,3,1.0,3.0,83129,M,4310707.0,582188.0,83
201700037332,17,6,16,1925,1,2,3,1.0,3.0,83123,M,4312304.0,580664.0,83
201700037333,17,6,11,1455,1,1,1,1.0,2.0,83123,M,4313760.0,577546.0,83
201700037334,17,6,25,2115,2,2,1,1.0,3.0,83123,M,4313849.0,577314.0,83
201700037335,17,7,2,1950,1,2,1,1.0,1.0,83123,M,,,83
201700037336,17,7,5,1300,1,2,1,1.0,3.0,83129,M,4310887.0,581427.0,83
201700037337,17,7,11,1520,1,2,1,1.0,3.0,83123,M,4313057.0,578197.0,83
201700037338,17,7,13,830,1,2,1,7.0,2.0,83123,M,4311900.0,581151.0,83
201700037339,17,7,17,1720,1,2,1,1.0,2.0,83123,M,4312710.0,578597.0,83
201700037340,17,7,19,1350,1,2,6,1.0,3.0,83129,M,4309554.0,584818.0,83
201700037341,17,7,19,2300,5,2,3,1.0,3.0,83123,M,4312894.0,578350.0,83
201700037342,17,7,23,607,2,2,2,1.0,3.0,83129,M,4309399.0,583609.0,83
201700037343,17,7,25,1145,1,2,1,1.0,3.0,83129,M,4308903.0,583860.0,83
201700037344,17,7,28,2020,1,2,3,1.0,3.0,83123,M,4313526.0,579785.0,83
201700037345,17,7,31,1105,1,2,3,1.0,6.0,83123,M,4311711.0,580650.0,83
201700037346,17,8,14,2025,1,2,1,1.0,5.0,83009,M,4314792.0,574902.0,83
201700037347,17,8,10,1020,1,1,1,1.0,6.0,83129,M,4308645.0,580887.0,83
201700037348,17,8,17,705,1,2,6,1.0,1.0,83123,M,4312105.0,580463.0,83
201700037349,17,8,18,1720,1,2,1,1.0,2.0,83009,M,4314073.0,574997.0,83
201700037350,17,8,15,1540,1,2,1,1.0,5.0,83123,M,4314180.0,577920.0,83
201700037351,17,8,28,1100,1,2,1,1.0,2.0,83129,M,4309415.0,583721.0,83
201700037352,17,9,24,50,5,2,6,1.0,6.0,83123,M,4311915.0,581088.0,83
201700037353,17,9,26,710,2,2,3,1.0,3.0,83123,M,4313772.0,577501.0,83
201700037354,17,9,28,630,3,2,1,1.0,3.0,83009,M,4315478.0,574983.0,83
201700037355,17,10,5,1540,1,2,1,1.0,1.0,83123,M,4312044.0,581420.0,83
201700037356,17,10,10,1200,1,2,1,1.0,6.0,83123,M,4311599.0,580663.0,83
201700037357,17,10,31,2045,5,2,1,1.0,3.0,83129,M,4309601.0,583124.0,83
201700037358,17,10,31,1205,1,2,1,1.0,6.0,83009,M,4314016.0,574974.0,83
201700037359,17,10,31,1455,1,2,1,1.0,2.0,83129,M,4310817.0,583780.0,83
201700037360,17,12,1,800,2,2,6,1.0,6.0,83123,M,4311778.0,580553.0,83
201700037361,17,1,2,1225,1,2,1,1.0,3.0,83126,M,,,83
201700037362,17,1,10,940,1,2,1,1.0,3.0,83126,M,,,83
201700037363,17,1,10,1815,5,2,9,3.0,3.0,83126,M,,,83
201700037364,17,1,15,1500,1,2,1,1.0,3.0,83126,M,4310950.0,587383.0,83
201700037365,17,1,9,1805,5,2,1,1.0,6.0,83126,M,,,83
201700037366,17,1,30,1915,1,1,1,1.0,3.0,83126,M,4310106.0,587959.0,83
201700037367,17,2,5,1100,1,2,1,2.0,2.0,83126,M,4310243.0,587513.0,83
201700037368,17,3,3,2118,5,2,1,1.0,6.0,83126,M,4309807.0,588400.0,83
201700037369,17,3,14,1500,1,1,3,1.0,3.0,83126,M,4307944.0,592280.0,83
201700037370,17,3,9,1550,1,2,1,1.0,6.0,83126,M,4309836.0,589547.0,83
201700037371,17,3,21,1325,1,2,1,1.0,1.0,83126,M,4311485.0,585933.0,83
201700037372,17,3,31,610,5,1,1,1.0,6.0,83126,M,4311348.0,585707.0,83
201700037373,17,4,14,1355,1,1,1,1.0,2.0,83126,M,4310202.0,589626.0,83
201700037374,17,4,11,2310,5,2,1,1.0,3.0,83126,M,4311095.0,586389.0,83
201700037375,17,4,17,1515,1,1,1,1.0,1.0,83126,M,4307474.0,587442.0,83
201700037376,17,4,28,1820,1,1,1,1.0,3.0,83126,M,4308421.0,586478.0,83
201700037377,17,5,8,1935,1,1,1,1.0,2.0,83126,M,4311041.0,586371.0,83
201700037378,17,3,26,845,1,2,1,1.0,6.0,83126,M,4310751.0,586307.0,83
201700037379,17,5,26,829,1,2,9,1.0,3.0,83126,M,4310762.0,587736.0,83
201700037380,17,5,30,2005,1,2,1,1.0,1.0,83126,M,4309401.0,591013.0,83
201700037381,17,6,5,1400,1,2,3,1.0,1.0,83126,M,4311110.0,587766.0,83
201700037382,17,6,10,1050,1,2,2,1.0,6.0,83126,M,4310700.0,587745.0,83
201700037383,17,6,8,1235,1,2,1,1.0,3.0,83126,M,4308525.0,588678.0,83
201700037384,17,6,8,1610,1,2,2,1.0,3.0,83126,M,4311691.0,587808.0,83
201700037385,17,6,18,731,1,1,6,1.0,1.0,83126,M,4308486.0,585916.0,83
201700037386,17,7,7,1650,1,2,2,1.0,6.0,83126,M,4308125.0,589324.0,83
201700037387,17,7,8,1820,1,2,6,1.0,3.0,83126,M,4310000.0,587000.0,83
201700037388,17,7,8,1230,1,1,1,1.0,3.0,83126,M,4311442.0,588325.0,83
201700037389,17,7,29,1520,1,2,1,1.0,1.0,83126,M,4308271.0,587901.0,83
201700037390,17,8,9,1730,1,1,1,1.0,6.0,83126,M,4310939.0,587848.0,83
201700037391,17,8,11,1600,1,1,1,1.0,3.0,83126,M,4308455.0,588140.0,83
201700037392,17,9,13,1900,1,2,1,1.0,3.0,83126,M,4310933.0,585028.0,83
201700037393,17,9,26,1410,1,2,1,1.0,5.0,83126,M,4310652.0,587789.0,83
201700037394,17,10,1,400,5,1,1,2.0,2.0,83126,M,4311840.0,588376.0,83
201700037395,17,10,2,1315,1,1,1,1.0,2.0,83126,M,4310394.0,585374.0,83
201700037396,17,10,14,1700,1,2,6,1.0,3.0,83126,M,4310103.0,588814.0,83
201700037397,17,10,18,1700,1,1,1,1.0,2.0,83126,M,4308816.0,588148.0,83
201700037398,17,11,7,1600,1,2,1,1.0,6.0,83126,M,4308800.0,585000.0,83
201700037399,17,11,9,1555,1,2,9,1.0,6.0,83126,M,4310940.0,585884.0,83
201700037400,17,11,16,1520,1,2,1,1.0,6.0,83126,M,4308204.0,588650.0,83
201700037401,17,11,17,945,1,2,1,1.0,6.0,83126,M,4310416.0,587776.0,83
201700037402,17,12,28,1210,1,2,1,1.0,6.0,83126,M,4310033.0,588238.0,83
201700037403,17,1,4,1850,5,2,1,1.0,6.0,83137,M,4312816.0,596566.0,83
201700037404,17,1,5,1610,1,2,1,1.0,6.0,83062,M,4312270.0,601288.0,83
201700037405,17,1,9,1720,2,2,1,1.0,5.0,83137,M,4312699.0,592114.0,83
201700037406,17,1,10,1045,1,2,1,1.0,3.0,83144,M,,,83
201700037407,17,1,10,1030,1,2,1,1.0,3.0,83137,M,4310676.0,600064.0,83
201700037408,17,1,13,145,5,1,1,2.0,6.0,83137,M,4311166.0,594199.0,83
201700037409,17,1,15,1750,5,2,1,1.0,3.0,83137,M,4312918.0,589783.0,83
201700037410,17,1,18,1200,1,1,1,1.0,1.0,83137,M,4316539.0,593695.0,83
201700037411,17,1,29,236,5,2,2,1.0,1.0,83137,M,4312343.0,594811.0,83
201700037412,17,1,31,1515,1,2,2,8.0,3.0,83137,M,4312775.0,592064.0,83
201700037413,17,2,2,2010,1,1,1,1.0,3.0,83098,M,4310681.0,603006.0,83
201700037414,17,2,4,325,5,2,1,8.0,1.0,83090,M,4313734.0,584698.0,83
201700037415,17,2,5,1950,5,1,3,1.0,3.0,83062,M,4311730.0,598158.0,83
201700037416,17,2,6,130,5,2,1,6.0,6.0,83137,M,4312641.0,589935.0,83
201700037417,17,2,6,1442,1,2,3,1.0,3.0,83137,M,4312609.0,592682.0,83
201700037418,17,2,8,750,1,2,1,2.0,6.0,83137,M,4312854.0,590465.0,83
201700037419,17,2,9,1500,1,2,3,2.0,6.0,83137,M,4312416.0,595472.0,83
201700037420,17,2,9,1945,5,2,1,2.0,6.0,83137,M,4312028.0,593220.0,83
201700037421,17,2,12,1509,1,2,1,1.0,1.0,83062,M,4312075.0,599870.0,83
201700037422,17,2,15,1650,1,2,2,1.0,3.0,83137,M,4312795.0,590655.0,83
201700037423,17,2,17,1420,1,2,1,1.0,5.0,83090,M,4313323.0,586304.0,83
201700037424,17,2,21,1500,1,1,1,1.0,3.0,83144,M,4314520.0,597962.0,83
201700037425,17,2,21,1630,1,2,1,1.0,6.0,83137,M,4310811.0,594687.0,83
201700037426,17,3,3,1311,1,2,1,1.0,6.0,83137,M,4312791.0,598167.0,83
201700037427,17,3,8,1405,1,2,1,1.0,6.0,83062,M,4313529.0,602548.0,83
201700037428,17,3,9,1015,1,2,1,1.0,6.0,83137,M,4313429.0,593209.0,83
201700037429,17,3,9,1820,2,2,1,1.0,6.0,83137,M,4312314.0,594774.0,83
201700037430,17,3,16,1730,1,2,3,1.0,5.0,83137,M,4312821.0,595609.0,83
201700037431,17,3,19,2035,5,2,1,1.0,1.0,83137,M,4312852.0,591446.0,83
201700037432,17,3,20,1250,1,1,1,1.0,3.0,83098,M,4310928.0,600195.0,83
201700037433,17,3,26,2115,5,1,6,1.0,1.0,83144,M,4313698.0,600258.0,83
201700037434,17,3,28,1800,1,2,1,1.0,6.0,83137,M,4312600.0,592600.0,83
201700037435,17,3,25,1230,1,2,1,1.0,6.0,83137,M,4312203.0,594332.0,83
201700037436,17,3,29,1220,1,1,1,1.0,2.0,83062,M,,,83
201700037437,17,3,30,1320,1,2,2,1.0,3.0,83137,M,4312420.0,594810.0,83
201700037438,17,3,31,1525,1,1,9,1.0,3.0,83144,M,4313464.0,600518.0,83
201700037439,17,4,7,1515,1,2,4,1.0,6.0,83137,M,4313153.0,598219.0,83
201700037440,17,4,8,520,3,2,1,1.0,5.0,83144,M,4316482.0,594001.0,83
201700037441,17,4,9,1245,1,2,3,1.0,3.0,83144,M,4314272.0,600765.0,83
201700037442,17,4,10,1500,1,2,1,1.0,6.0,83137,M,4312790.0,592105.0,83
201700037443,17,4,12,930,1,2,1,1.0,6.0,83144,M,4313667.0,598126.0,83
201700037444,17,4,13,1845,1,1,1,1.0,1.0,83137,M,,,83
201700037445,17,4,15,1745,1,2,1,1.0,6.0,83137,M,4312565.0,592904.0,83
201700037446,17,4,16,27,5,2,3,1.0,3.0,83137,M,4312845.0,593075.0,83
201700037447,17,4,18,925,1,2,1,1.0,6.0,83137,M,4312114.0,588990.0,83
201700037448,17,4,18,1720,1,1,1,1.0,3.0,83098,M,,,83
201700037449,17,4,20,1045,1,1,1,1.0,6.0,83137,M,4312643.0,591182.0,83
201700037450,17,4,21,1245,1,2,1,1.0,6.0,83137,M,4312467.0,593363.0,83
201700037451,17,4,24,1415,1,2,1,1.0,7.0,83137,M,4312900.0,590800.0,83
201700037452,17,4,24,1115,1,1,1,1.0,4.0,83090,M,4312581.0,582881.0,83
201700037453,17,5,3,1820,1,2,9,1.0,1.0,83098,M,4310744.0,602380.0,83
201700037454,17,5,6,1140,1,2,3,3.0,3.0,83137,M,4312852.0,591482.0,83
201700037455,17,5,8,1820,1,2,4,1.0,3.0,83137,M,4314083.0,591088.0,83
201700037456,17,5,9,2030,2,2,1,1.0,3.0,83137,M,4315033.0,591443.0,83
201700037457,17,5,10,1750,1,2,1,1.0,2.0,83144,M,4313706.0,600363.0,83
201700037458,17,5,11,610,2,2,1,1.0,6.0,83137,M,4311979.0,593318.0,83
201700037459,17,5,12,505,5,2,1,1.0,6.0,83090,M,4313219.0,584938.0,83
201700037460,17,5,15,1715,1,2,1,1.0,6.0,83137,M,4313413.0,591228.0,83
201700037461,17,5,17,1215,1,2,1,1.0,5.0,83137,M,4312610.0,594776.0,83
201700037462,17,5,19,1435,1,2,1,1.0,2.0,83137,M,4312732.0,590403.0,83
201700037463,17,5,19,1735,1,1,1,1.0,4.0,83090,M,4311900.0,588579.0,83
201700037464,17,5,25,240,5,2,1,1.0,6.0,83137,M,4313418.0,592469.0,83