Num_Acc,an,mois,jour,hrmn,lum,agg,int,atm,col,com,gps,lat,long,dep
201700037465,17,5,28,1735,1,1,1,1.0,3.0,83144,M,4318336.0,594942.0,83
201700037466,17,6,2,1200,1,2,1,1.0,2.0,83137,M,4312779.0,598158.0,83
201700037467,17,6,3,2030,2,2,1,1.0,3.0,83144,M,4313143.0,598822.0,83
201700037468,17,6,4,850,1,2,1,7.0,6.0,83137,M,4311239.0,593372.0,83
201700037469,17,6,5,945,1,2,2,1.0,3.0,83144,M,4314172.0,600816.0,83
201700037470,17,6,6,1730,1,2,3,1.0,3.0,83137,M,4312940.0,596856.0,83
201700037471,17,6,7,820,1,1,1,1.0,6.0,83090,M,4312709.0,587782.0,83
201700037472,17,6,7,2010,1,2,3,1.0,7.0,83137,M,4312268.0,593678.0,83
201700037473,17,6,8,1710,1,1,1,1.0,3.0,83137,M,,,83
201700037474,17,6,8,1900,1,2,2,1.0,3.0,83144,M,4313334.0,599140.0,83
201700037475,17,6,8,1845,1,1,1,1.0,3.0,83137,M,4315229.0,596742.0,83
201700037476,17,6,8,735,1,2,1,1.0,6.0,83062,M,4312487.0,600999.0,83
201700037477,17,6,9,2135,5,1,1,1.0,6.0,83090,M,4312396.0,587598.0,83
201700037478,17,6,12,1230,1,1,6,1.0,6.0,83090,M,4312765.0,585745.0,83
201700037479,17,6,14,20,5,2,2,1.0,3.0,83137,M,4311400.0,593956.0,83
201700037480,17,6,14,700,1,2,2,1.0,3.0,83137,M,4312477.0,589638.0,83
201700037481,17,6,15,1720,1,2,1,1.0,6.0,83137,M,4313244.0,588190.0,83
201700037482,17,6,17,1225,1,2,6,1.0,1.0,83144,M,4313858.0,600258.0,83
201700037483,17,6,20,1630,1,1,1,1.0,2.0,83090,M,4313125.0,587114.0,83
201700037484,17,6,20,1735,1,2,2,1.0,3.0,83062,M,4311833.0,600488.0,83
201700037485,17,6,20,2015,1,2,6,1.0,3.0,83144,M,4313716.0,600511.0,83
201700037486,17,6,21,2125,2,2,1,1.0,2.0,83137,M,4310454.0,592899.0,83
201700037487,17,6,24,1440,1,1,1,1.0,1.0,83090,M,4314791.0,584649.0,83
201700037488,17,6,24,1525,1,1,1,1.0,1.0,83090,M,4315156.0,584556.0,83
201700037489,17,6,24,1850,1,2,3,1.0,1.0,83062,M,4314282.0,601282.0,83
201700037490,17,6,28,2200,5,2,2,1.0,1.0,83062,M,4312463.0,600909.0,83
201700037491,17,6,30,100,3,1,1,1.0,3.0,83144,M,4313312.0,598173.0,83
201700037492,17,6,30,1325,1,2,1,1.0,6.0,83137,M,4312210.0,594376.0,83
201700037493,17,7,1,1415,1,2,2,1.0,6.0,83137,M,4312305.0,593895.0,83
201700037494,17,7,3,1830,1,2,1,1.0,4.0,83137,M,4311312.0,597961.0,83
201700037495,17,7,6,715,1,2,1,1.0,6.0,83137,M,4312206.0,594008.0,83
201700037496,17,7,5,1225,1,2,6,1.0,2.0,83090,M,4312333.0,584780.0,83
201700037497,17,7,9,1800,1,2,6,1.0,2.0,83137,M,4314088.0,589010.0,83
201700037498,17,7,12,1800,1,2,1,1.0,6.0,83137,M,4312784.0,591761.0,83
201700037499,17,7,12,1830,1,2,1,1.0,3.0,83062,M,4313997.0,603462.0,83
201700037500,17,7,13,1500,1,2,1,1.0,1.0,83137,M,4316506.0,593950.0,83
201700037501,17,7,16,1205,1,1,4,1.0,3.0,83103,M,4316524.0,592370.0,83
201700037502,17,7,19,1120,1,2,1,1.0,3.0,83098,M,4310933.0,600091.0,83
201700037503,17,7,20,1810,1,1,1,1.0,3.0,83090,M,4314354.0,584687.0,83
201700037504,17,7,21,755,1,1,5,1.0,3.0,83137,M,4312901.0,598609.0,83
201700037505,17,7,22,1925,1,2,1,1.0,3.0,83137,M,4311215.0,593518.0,83
201700037506,17,7,23,2330,5,2,1,8.0,6.0,83137,M,4310766.0,593957.0,83
201700037507,17,7,23,945,1,2,1,1.0,6.0,83137,M,4312874.0,598055.0,83
201700037508,17,7,27,1920,1,2,1,1.0,6.0,83144,M,4314091.0,599051.0,83
201700037509,17,8,2,1100,1,2,1,1.0,6.0,83062,M,4313572.0,602725.0,83
201700037510,17,8,7,1100,1,2,1,1.0,1.0,83137,M,4315000.0,590000.0,83
201700037511,17,8,8,810,1,2,2,1.0,3.0,83137,M,4312226.0,595560.0,83
201700037512,17,8,11,1030,1,2,1,1.0,3.0,83137,M,4312219.0,594369.0,83
201700037513,17,8,13,1700,1,2,6,1.0,3.0,83137,M,4313942.0,589505.0,83
201700037514,17,8,17,1045,1,2,1,1.0,6.0,83137,M,4314016.0,591323.0,83
201700037515,17,8,17,1705,1,2,7,1.0,3.0,83137,M,4312629.0,592587.0,83
201700037516,17,8,19,1600,1,2,3,1.0,3.0,83144,M,4314180.0,600209.0,83
201700037517,17,8,20,320,5,2,1,1.0,6.0,83137,M,4312874.0,590601.0,83
201700037518,17,8,21,1730,1,2,1,1.0,6.0,83137,M,4313708.0,590825.0,83
201700037519,17,8,22,750,1,2,1,1.0,6.0,83137,M,4310865.0,594955.0,83
201700037520,17,8,23,1710,1,2,1,1.0,3.0,83137,M,4313950.0,589990.0,83
201700037521,17,8,29,1945,1,2,3,1.0,3.0,83137,M,4312916.0,589783.0,83
201700037522,17,9,1,850,1,2,1,1.0,6.0,83137,M,4311968.0,595161.0,83
201700037523,17,9,15,1900,1,2,1,1.0,2.0,83137,M,4315518.0,591300.0,83
201700037524,17,9,20,1030,1,2,1,1.0,6.0,83137,M,4312400.0,593618.0,83
201700037525,17,9,21,2120,5,2,2,1.0,3.0,83137,M,4312040.0,594730.0,83
201700037526,17,9,22,1415,1,2,3,1.0,3.0,83062,M,4311588.0,598596.0,83
201700037527,17,9,23,640,4,2,1,1.0,2.0,83137,M,4312106.0,594058.0,83
201700037528,17,9,26,1800,2,2,1,1.0,3.0,83062,M,4311588.0,600097.0,83
201700037529,17,9,28,1920,5,2,1,1.0,6.0,83137,M,4312747.0,591919.0,83
201700037530,17,9,29,515,5,2,1,1.0,2.0,83137,M,4312046.0,594000.0,83
201700037531,17,9,22,1345,1,2,1,1.0,3.0,83137,M,4312878.0,592775.0,83
201700037532,17,10,6,2040,5,2,1,1.0,6.0,83137,M,4311186.0,593529.0,83
201700037533,17,10,3,850,1,2,3,1.0,3.0,83062,M,4313545.0,602121.0,83
201700037534,17,10,9,720,4,1,9,1.0,3.0,83137,M,4312687.0,589481.0,83
201700037535,17,10,9,730,1,2,1,1.0,2.0,83137,M,4312027.0,594736.0,83
201700037536,17,10,10,2050,5,2,1,1.0,6.0,83137,M,4312807.0,592922.0,83
201700037537,17,10,13,645,5,2,1,1.0,4.0,83137,M,4313021.0,592006.0,83
201700037538,17,10,16,710,2,2,1,1.0,3.0,83137,M,4312339.0,594808.0,83
201700037539,17,10,17,1720,1,2,1,1.0,6.0,83137,M,4312675.0,592342.0,83
201700037540,17,10,18,1630,1,2,1,1.0,3.0,83137,M,4311419.0,593934.0,83
201700037541,17,10,25,835,1,2,1,7.0,6.0,83137,M,4312896.0,591611.0,83
201700037542,17,10,25,1400,1,2,1,1.0,6.0,83137,M,4312246.0,593011.0,83
201700037543,17,10,29,2020,5,2,8,1.0,6.0,83137,M,4312311.0,596398.0,83
201700037544,17,10,30,1715,2,2,1,1.0,6.0,83137,M,4312297.0,592966.0,83
201700037545,17,10,30,1230,1,2,1,1.0,3.0,83062,M,4314546.0,602581.0,83
201700037546,17,11,1,1300,1,1,1,1.0,2.0,83090,M,4313390.0,586102.0,83
201700037547,17,11,3,1740,5,2,1,1.0,3.0,83144,M,4313035.0,599133.0,83
201700037548,17,11,4,745,1,2,1,1.0,2.0,83137,M,,,83
201700037549,17,11,5,1530,1,2,1,1.0,3.0,83137,M,4313904.0,590245.0,83
201700037550,17,11,7,947,1,2,1,1.0,6.0,83098,M,4310195.0,602281.0,83
201700037551,17,11,9,1030,1,2,1,7.0,6.0,83062,M,4314678.0,603967.0,83
201700037552,17,11,10,900,1,2,1,7.0,6.0,83144,M,4314354.0,598518.0,83
201700037553,17,11,15,2005,5,2,1,1.0,2.0,83137,M,4312780.0,590614.0,83
201700037554,17,11,20,1720,2,2,1,1.0,6.0,83137,M,4314319.0,590782.0,83
201700037555,17,11,21,830,1,2,1,7.0,6.0,83090,M,4313614.0,585079.0,83
201700037556,17,11,21,1210,1,1,1,1.0,1.0,83137,M,4316291.0,594601.0,83
201700037557,17,11,24,1955,5,2,3,1.0,3.0,83137,M,4312585.0,592729.0,83
201700037558,17,11,24,1930,5,2,2,1.0,3.0,83137,M,4312907.0,591285.0,83
201700037559,17,11,25,1855,5,2,3,1.0,3.0,83137,M,4312801.0,590600.0,83
201700037560,17,11,26,1630,1,2,6,1.0,3.0,83090,M,4312700.0,587780.0,83
201700037561,17,11,28,2050,5,2,3,1.0,3.0,83062,M,4314096.0,603005.0,83
201700037562,17,12,1,1500,1,2,1,1.0,6.0,83137,M,4312451.0,593434.0,83
201700037563,17,12,1,2320,5,2,1,1.0,3.0,83137,M,4311350.0,594287.0,83
201700037564,17,12,5,1750,5,2,1,1.0,6.0,83062,M,4314026.0,601866.0,83
201700037565,17,12,6,1345,1,2,1,1.0,2.0,83137,M,4312802.0,592220.0,83
201700037566,17,12,7,900,1,2,1,1.0,6.0,83137,M,4313452.0,590116.0,83
201700037567,17,12,8,930,1,2,1,1.0,6.0,83090,M,4313797.0,584739.0,83
201700037568,17,12,8,1410,1,2,1,8.0,6.0,83137,M,4312867.0,591502.0,83
201700037569,17,12,8,1820,4,1,3,8.0,6.0,83144,M,4313920.0,601138.0,83
201700037570,17,12,10,545,5,2,1,2.0,1.0,83137,M,4312431.0,597360.0,83
201700037571,17,12,10,630,3,1,1,6.0,6.0,83062,M,4313422.0,603766.0,83
201700037572,17,12,12,810,1,2,1,1.0,1.0,83062,M,4312864.0,602069.0,83
201700037573,17,12,14,1010,1,2,1,1.0,3.0,83137,M,4312637.0,589685.0,83
201700037574,17,12,14,1230,1,2,1,1.0,3.0,83137,M,4312462.0,595696.0,83
201700037575,17,12,14,2000,5,2,1,1.0,3.0,83137,M,4312000.0,593000.0,83
201700037576,17,12,16,1125,1,2,1,1.0,6.0,83137,M,4313222.0,590412.0,83
201700037577,17,12,16,1445,1,2,2,1.0,1.0,83137,M,4312673.0,594647.0,83
201700037578,17,12,18,1740,5,2,1,1.0,1.0,83137,M,4312358.0,589571.0,83
201700037579,17,12,20,1050,1,2,1,1.0,6.0,83137,M,4311675.0,593698.0,83
201700037580,17,12,28,700,2,2,4,6.0,2.0,83090,M,4313962.0,588302.0,83
201700037581,17,12,28,1830,5,2,1,1.0,2.0,83137,M,4312860.0,592227.0,83
201700037582,17,12,22,2235,5,2,2,1.0,3.0,84007,M,,,84
201700037583,17,11,3,1420,1,2,1,1.0,3.0,84007,M,4394114.0,482596.0,84
201700037584,17,11,6,830,1,2,1,1.0,6.0,84007,M,4394272.0,480348.0,84
201700037585,17,11,7,915,1,2,3,1.0,3.0,84007,M,4394314.0,481577.0,84
201700037586,17,11,28,1520,1,2,1,1.0,6.0,84007,M,4394556.0,484170.0,84
201700037587,17,1,15,325,3,2,1,1.0,6.0,84007,M,4393185.0,485490.0,84
201700037588,17,12,8,2045,3,1,1,1.0,6.0,84007,M,4388981.0,491648.0,84
201700037589,17,2,1,1050,1,2,1,1.0,6.0,84007,M,4394711.0,481778.0,84
201700037590,17,2,15,1815,5,1,1,2.0,6.0,84007,M,4392489.0,485945.0,84
201700037591,17,1,6,1055,1,2,1,1.0,6.0,84007,M,4393904.0,479732.0,84
201700037592,17,2,5,1830,2,2,2,1.0,3.0,84007,M,,,84
201700037593,17,1,16,1420,1,2,1,1.0,6.0,84007,M,4393760.0,482403.0,84
201700037594,17,2,24,1850,5,2,3,1.0,3.0,30351,M,4396042.0,478012.0,30
201700037595,17,3,10,345,5,2,4,1.0,3.0,84007,M,4395138.0,482726.0,84
201700037596,17,3,8,1000,1,2,2,1.0,3.0,84007,M,4392883.0,481247.0,84
201700037597,17,5,13,1517,1,2,6,1.0,2.0,30011,M,4396066.0,474986.0,30
201700037598,17,5,14,1515,1,2,1,1.0,3.0,84007,M,4392886.0,480453.0,84
201700037599,17,2,21,935,1,2,1,1.0,3.0,84007,M,4394073.0,481904.0,84
201700037600,17,5,13,625,2,1,1,1.0,1.0,84007,M,4389055.0,491804.0,84
201700037601,17,5,19,2345,5,2,1,1.0,5.0,84007,M,4393000.0,483788.0,84
201700037602,17,4,12,1150,1,2,1,1.0,6.0,84007,M,4394976.0,481155.0,84
201700037603,17,4,14,2120,5,2,1,1.0,2.0,84007,M,4394348.0,481536.0,84
201700037604,17,6,8,1530,1,2,1,1.0,6.0,30351,M,4395803.0,477628.0,30
201700037605,17,6,6,1520,1,2,1,1.0,6.0,84007,M,4394871.0,481675.0,84
201700037606,17,6,8,845,1,2,1,1.0,6.0,84007,M,4395378.0,480848.0,84
201700037607,17,6,1,1800,1,2,2,1.0,2.0,84007,M,4393281.0,483405.0,84
201700037608,17,6,12,1343,1,2,1,1.0,6.0,84007,M,4394794.0,481020.0,84
201700037609,17,7,27,2248,4,2,2,1.0,6.0,84007,M,4394726.0,481454.0,84
201700037610,17,7,31,555,3,1,1,1.0,1.0,84007,M,4393817.0,484976.0,84
201700037611,17,7,30,2345,3,2,1,1.0,3.0,84007,M,4393311.0,481088.0,84
201700037612,17,9,1,2240,3,1,1,1.0,5.0,30011,M,4394975.0,476836.0,30
201700037613,17,5,20,1200,1,2,1,1.0,3.0,84007,M,4392363.0,484032.0,84
201700037614,17,5,26,1155,1,2,1,1.0,6.0,84007,M,4394283.0,482076.0,84
201700037615,17,9,2,150,3,1,1,1.0,5.0,30011,M,4393581.0,475018.0,30
201700037616,17,9,20,1350,1,2,2,1.0,6.0,84007,M,4394245.0,480869.0,84
201700037617,17,8,29,1340,1,2,7,1.0,3.0,84007,M,4393187.0,482909.0,84
201700037618,17,10,16,1445,1,2,1,1.0,6.0,84007,M,4394459.0,485165.0,84
201700037619,17,12,9,1310,1,2,1,1.0,6.0,84007,M,4393638.0,479667.0,84
201700037620,17,10,13,300,5,1,1,1.0,6.0,84031,M,4404410.0,504860.0,84
201700037621,17,12,18,1800,1,2,1,1.0,3.0,84031,M,4406070.0,504877.0,84
201700037622,17,2,14,955,1,2,1,1.0,6.0,84080,M,4403253.0,499473.0,84
201700037623,17,12,12,1830,5,2,1,2.0,6.0,84031,M,4405598.0,505432.0,84
201700037624,17,1,3,125,5,2,1,1.0,6.0,84080,M,,,84
201700037625,17,12,11,1715,2,1,1,2.0,5.0,84080,M,4404470.0,498280.0,84
201700037626,17,2,20,1905,2,2,8,1.0,6.0,84080,M,4403332.0,499432.0,84
201700037627,17,4,15,1835,1,2,4,1.0,1.0,84031,M,4405512.0,503690.0,84
201700037628,17,4,24,1430,1,2,1,1.0,2.0,84031,M,,,84
201700037629,17,4,6,1400,1,1,1,1.0,3.0,84080,M,4404630.0,498330.0,84
201700037630,17,4,8,2235,3,2,1,1.0,2.0,84031,M,4407800.0,508262.0,84
201700037631,17,5,16,800,1,2,1,1.0,3.0,84080,M,4403313.0,499210.0,84
201700037632,17,4,18,1922,1,2,1,1.0,6.0,84031,M,4405222.0,503083.0,84
201700037633,17,5,28,1415,1,1,1,1.0,6.0,84080,M,4400430.0,500360.0,84
201700037634,17,4,5,1210,1,2,1,1.0,6.0,84031,M,4406110.0,505769.0,84
201700037635,17,4,17,910,1,1,1,1.0,3.0,84031,M,4403000.0,504000.0,84
201700037636,17,4,4,1615,1,2,1,1.0,3.0,84031,M,4404000.0,503000.0,84
201700037637,17,6,17,1525,1,2,1,1.0,6.0,84031,M,4405251.0,504895.0,84
201700037638,17,6,28,1650,1,1,1,1.0,6.0,84080,M,4403449.0,494717.0,84
201700037639,17,5,20,935,1,1,1,1.0,3.0,84080,M,4401254.0,500915.0,84
201700037640,17,6,15,45,5,2,3,1.0,3.0,84080,M,4403300.0,499300.0,84
201700037641,17,8,7,1510,1,1,6,1.0,3.0,84031,M,4403180.0,505180.0,84
201700037642,17,7,7,1405,1,2,1,1.0,3.0,84031,M,4405093.0,503733.0,84
201700037643,17,7,8,2325,3,1,9,1.0,3.0,84031,M,4409413.0,505659.0,84
201700037644,17,7,20,1325,1,1,1,1.0,2.0,84031,M,4402382.0,503677.0,84
201700037645,17,8,17,2350,5,2,1,1.0,3.0,84080,M,4403320.0,499380.0,84
201700037646,17,7,10,920,1,2,3,1.0,6.0,84031,M,4405118.0,504349.0,84
201700037647,17,9,19,1255,1,1,3,1.0,3.0,84031,M,4407842.0,508323.0,84
201700037648,17,10,27,1514,1,1,1,1.0,3.0,84080,M,4403910.0,501660.0,84
201700037649,17,11,14,1710,1,2,3,1.0,3.0,84031,M,4406508.0,504566.0,84
201700037650,17,9,26,1520,1,2,1,1.0,3.0,84080,M,4403646.0,499711.0,84
201700037651,17,12,8,2330,3,1,1,1.0,6.0,84080,M,4403319.0,502719.0,84
201700037652,17,11,21,845,1,2,1,1.0,6.0,84031,M,4405194.0,504175.0,84
201700037653,17,7,5,1315,1,1,2,1.0,3.0,84035,M,4387907.0,502205.0,84
201700037654,17,7,27,1857,1,1,9,1.0,3.0,84035,M,4386453.0,503828.0,84
201700037655,17,9,29,1920,2,2,1,1.0,1.0,84035,M,4381000.0,504000.0,84
201700037656,17,10,13,1917,3,1,2,1.0,5.0,84035,M,4387300.0,506600.0,84
201700037657,17,10,19,1700,1,2,1,1.0,2.0,84035,M,4382460.0,506004.0,84
201700037658,17,11,12,2050,3,1,1,2.0,2.0,84035,M,4385500.0,503216.0,84
201700037659,17,1,11,1900,5,2,1,1.0,1.0,84087,M,,,84
201700037660,17,1,31,930,1,2,1,1.0,6.0,84087,M,4415216.0,480342.0,84
201700037661,17,2,20,1800,1,1,3,1.0,3.0,84087,M,,,84
201700037662,17,2,13,1130,1,2,3,1.0,3.0,84087,M,,,84
201700037663,17,2,16,1800,1,2,1,1.0,3.0,84087,M,,,84
201700037664,17,5,13,1700,1,2,3,1.0,3.0,84087,M,4412756.0,483891.0,84
201700037665,17,5,18,720,1,1,6,1.0,3.0,84087,M,4409626.0,485532.0,84
201700037666,17,6,5,1535,1,2,6,1.0,3.0,84087,M,4412935.0,483482.0,84
201700037667,17,5,31,1635,1,2,6,1.0,3.0,84087,M,4413528.0,481725.0,84
201700037668,17,7,29,945,1,1,1,1.0,1.0,84087,M,4409996.0,479000.0,84
201700037669,17,8,9,712,1,1,1,1.0,6.0,84087,M,4410571.0,479127.0,84
201700037670,17,8,15,515,3,1,1,1.0,7.0,84087,M,4414509.0,483075.0,84
201700037671,17,11,13,925,1,1,1,6.0,6.0,84087,M,4411021.0,480269.0,84
201700037672,17,11,17,1700,1,1,1,1.0,6.0,84087,M,4407677.0,477937.0,84
201700037673,17,11,24,1700,1,2,3,1.0,3.0,84087,M,4413213.0,482930.0,84
201700037674,17,1,12,500,5,2,2,1.0,1.0,85191,M,4666615.0,-144507.0,85
201700037675,17,1,21,1630,1,2,1,1.0,6.0,85191,M,4666154.0,-140275.0,85
201700037676,17,2,2,800,5,2,1,2.0,6.0,85191,M,4667752.0,-140613.0,85
201700037677,17,2,2,130,5,2,1,1.0,6.0,85191,M,4669803.0,-142960.0,85
201700037678,17,2,21,1600,1,1,1,1.0,7.0,85191,M,4667709.0,-136740.0,85
201700037679,17,1,4,1855,2,2,1,1.0,1.0,85191,M,4670014.0,-143081.0,85
201700037680,17,2,6,1730,1,1,1,2.0,2.0,85191,M,4667102.0,-140845.0,85
201700037681,17,3,4,1630,1,2,1,1.0,3.0,85191,M,4664942.0,-143733.0,85
201700037682,17,3,13,1550,1,1,1,1.0,3.0,85191,M,4663056.0,-138412.0,85
201700037683,17,3,14,1620,1,2,1,1.0,1.0,85191,M,4665472.0,-143266.0,85
201700037684,17,3,30,745,2,1,1,1.0,2.0,85191,M,4666405.0,-146729.0,85
201700037685,17,3,26,2200,5,2,3,1.0,3.0,85191,M,4666850.0,-143527.0,85
201700037686,17,4,8,1220,1,2,1,1.0,2.0,85191,M,4666676.0,-141963.0,85
201700037687,17,4,10,1745,1,2,2,1.0,3.0,85191,M,4667274.0,-142463.0,85
201700037688,17,4,18,935,1,1,1,1.0,1.0,85191,M,4670794.0,-140261.0,85
201700037689,17,5,15,1510,1,1,1,7.0,6.0,85191,M,4668545.0,138323.0,85
201700037690,17,5,18,1815,1,1,1,1.0,1.0,85191,M,4668360.0,-138711.0,85
201700037691,17,5,20,1820,1,2,2,1.0,2.0,85191,M,4667036.0,-143216.0,85
201700037692,17,5,23,1055,1,1,1,1.0,1.0,85191,M,4668065.0,-140856.0,85
201700037693,17,6,9,2300,5,2,6,1.0,3.0,85191,M,4667455.0,-142878.0,85
201700037694,17,6,21,1130,1,2,1,1.0,6.0,85191,M,4665890.0,-143446.0,85
201700037695,17,6,23,840,1,2,1,1.0,2.0,85191,M,4667050.0,-141481.0,85
201700037696,17,7,20,1900,1,2,1,1.0,6.0,85191,M,4667673.0,-142988.0,85
201700037697,17,8,1,1245,1,2,1,1.0,1.0,85191,M,4665103.0,143773.0,85
201700037698,17,9,9,510,3,2,1,1.0,1.0,85191,M,4669745.0,-142978.0,85
201700037699,17,9,21,855,1,2,1,1.0,6.0,85191,M,4665887.0,-143430.0,85
201700037700,17,9,13,810,1,1,1,1.0,6.0,85191,M,4669242.0,-147251.0,85
201700037701,17,10,11,815,1,2,6,1.0,3.0,85191,M,4665957.0,-144039.0,85
201700037702,17,10,7,1300,1,2,1,1.0,7.0,85191,M,4666081.0,-145010.0,85
201700037703,17,10,24,740,4,1,1,1.0,1.0,85191,M,4669364.0,-142990.0,85
201700037704,17,11,10,1140,1,2,1,1.0,6.0,85191,M,4668089.0,-144024.0,85
201700037705,17,11,14,1755,5,2,1,1.0,5.0,85191,M,4666615.0,-144517.0,85
201700037706,17,11,16,2050,5,2,2,1.0,3.0,85191,M,4667205.0,-143161.0,85
201700037707,17,11,30,1940,4,2,9,1.0,6.0,85191,M,4669041.0,-142896.0,85
201700037708,17,12,6,1100,1,2,9,1.0,6.0,85191,M,4666981.0,-142750.0,85
201700037709,17,12,14,1000,1,2,1,1.0,6.0,85191,M,4666118.0,-140125.0,85
201700037710,17,12,16,1040,1,2,1,1.0,6.0,85191,M,4667385.0,-142842.0,85
201700037711,17,12,20,1830,2,2,1,1.0,4.0,85191,M,4666346.0,-142520.0,85
201700037712,17,10,6,750,1,2,2,1.0,3.0,85194,M,4649977.0,177997.0,85
201700037713,17,12,19,110,3,2,1,1.0,6.0,85194,M,4649579.0,-179059.0,85
201700037714,17,10,30,1840,5,2,2,1.0,3.0,85166,M,4651318.0,177666.0,85
201700037715,17,12,26,1740,5,2,1,6.0,6.0,85194,M,4650082.0,-179672.0,85
201700037716,17,1,15,1500,1,1,1,1.0,6.0,85166,M,4652338.0,-174505.0,85
201700037717,17,11,13,1500,1,2,1,1.0,1.0,85166,M,4651191.0,177424.0,85
201700037718,17,2,7,815,1,2,1,1.0,6.0,85194,M,4650105.0,179697.0,85
201700037719,17,1,25,900,1,2,3,1.0,3.0,85166,M,4650962.0,177047.0,85
201700037720,17,11,23,45,4,1,2,1.0,6.0,85060,M,4651079.0,170407.0,85
201700037721,17,12,15,2245,5,2,1,1.0,2.0,85060,M,4648487.0,176544.0,85
201700037722,17,2,16,1105,1,2,3,1.0,3.0,85194,M,4650023.0,177934.0,85
201700037723,17,12,22,745,4,2,2,1.0,3.0,85166,M,4650994.0,178295.0,85
201700037724,17,1,19,2025,5,2,1,1.0,6.0,85166,M,4653403.0,176189.0,85
201700037725,17,1,14,1010,1,2,1,1.0,3.0,85194,M,4650027.0,178626.0,85
201700037726,17,4,6,1715,1,2,2,1.0,3.0,85060,M,4647681.0,-175080.0,85
201700037727,17,3,20,1140,1,2,1,1.0,2.0,85166,M,4653750.0,177218.0,85
201700037728,17,4,18,1935,1,2,1,1.0,6.0,85194,M,4649810.0,-178215.0,85
201700037729,17,3,11,1305,1,2,1,1.0,3.0,85194,M,4649749.0,-178627.0,85
201700037730,17,4,22,2005,2,2,6,1.0,2.0,85194,M,4649933.0,-178421.0,85
201700037731,17,4,4,1810,1,2,3,1.0,2.0,85194,M,4649741.0,-178668.0,85
201700037732,17,4,5,2135,5,2,3,1.0,3.0,85166,M,4652430.0,-177507.0,85
201700037733,17,4,8,1630,1,2,1,1.0,2.0,85166,M,4651484.0,-177631.0,85
201700037734,17,4,17,1730,1,2,3,1.0,3.0,85194,M,4649833.0,178258.0,85
201700037735,17,4,15,225,5,2,3,1.0,6.0,85194,M,4649479.0,-178410.0,85
201700037736,17,5,26,1910,1,1,1,1.0,2.0,85166,M,4653772.0,-175173.0,85
201700037737,17,5,28,1820,1,2,6,1.0,3.0,85166,M,4651327.0,-177911.0,85
201700037738,17,6,9,1050,1,2,7,1.0,6.0,85194,M,4649665.0,-178331.0,85
201700037739,17,7,9,500,5,2,1,1.0,6.0,85194,M,4648923.0,-176964.0,85
201700037740,17,6,16,915,1,2,1,1.0,6.0,85194,M,4650000.0,-177968.0,85
201700037741,17,7,6,520,5,2,1,1.0,3.0,85060,M,4648826.0,-174682.0,85
201700037742,17,5,27,945,1,2,6,1.0,6.0,85194,M,4650545.0,-178990.0,85
201700037743,17,7,27,1115,1,2,3,1.0,3.0,85194,M,4650089.0,-178556.0,85
201700037744,17,7,24,2,5,2,7,2.0,3.0,85194,M,4649792.0,-177979.0,85
201700037745,17,8,5,2050,1,2,1,1.0,6.0,85194,M,4648927.0,-176966.0,85
201700037746,17,9,2,1720,1,2,1,1.0,1.0,85060,M,4649458.0,-175134.0,85
201700037747,17,8,15,1440,1,2,1,1.0,6.0,85194,M,4648444.0,-175887.0,85
201700037748,17,8,15,1100,1,2,1,1.0,3.0,85194,M,4650225.0,-178483.0,85
201700037749,17,8,11,1750,1,1,1,1.0,1.0,85060,M,4646094.0,-171761.0,85
201700037750,17,9,20,1220,1,2,1,1.0,6.0,85194,M,4649885.0,-177766.0,85
201700037751,17,7,30,1810,1,2,1,1.0,2.0,85194,M,4649597.0,-177524.0,85
201700037752,17,7,23,2100,1,1,2,1.0,3.0,85060,M,4649536.0,175216.0,85
201700037753,17,9,24,320,3,2,6,1.0,6.0,85060,M,4650464.0,-173847.0,85
201700037754,17,9,28,1745,1,2,1,1.0,3.0,85060,M,4647607.0,175602.0,85
201700037755,17,10,15,1710,1,2,1,1.0,3.0,85194,M,4649108.0,180521.0,85
201700037756,17,10,8,1515,1,2,2,1.0,3.0,85194,M,4650403.0,177409.0,85
201700037757,17,10,23,1645,1,2,2,1.0,3.0,85166,M,4651668.0,178118.0,85
201700037758,17,11,2,1905,5,2,1,1.0,3.0,85060,M,4650885.0,-171414.0,85
201700037759,17,10,22,430,3,2,1,2.0,2.0,85060,M,4650221.0,175913.0,85
201700037760,17,11,15,1815,2,2,2,1.0,2.0,85166,M,4650674.0,-178306.0,85
201700037761,17,10,15,25,5,2,1,1.0,6.0,85194,M,4650092.0,177861.0,85
201700037762,17,12,4,1940,3,2,1,1.0,7.0,85060,M,4650133.0,-173617.0,85
201700037763,17,1,1,450,3,2,1,9.0,1.0,86066,M,4678365.0,54149.0,86
201700037764,17,1,5,1111,1,2,6,1.0,6.0,86066,M,4680104.0,54011.0,86
201700037765,17,1,15,1655,1,2,3,2.0,1.0,86066,M,4680544.0,55527.0,86
201700037766,17,2,19,1355,1,2,1,1.0,7.0,86066,M,4680304.0,55635.0,86
201700037767,17,2,21,1340,1,2,1,1.0,2.0,86066,M,4683456.0,53145.0,86