Num_Acc,an,mois,jour,hrmn,lum,agg,int,atm,col,com,gps,lat,long,dep
201700037768,17,3,1,1006,1,2,6,2.0,6.0,86066,M,4680438.0,54143.0,86
201700037769,17,3,4,1800,1,1,1,1.0,2.0,86066,M,4677767.0,55182.0,86
201700037770,17,3,18,1525,1,2,2,1.0,3.0,86066,M,4681135.0,54375.0,86
201700037771,17,3,28,355,3,2,1,1.0,6.0,86066,M,4681674.0,55193.0,86
201700037772,17,4,18,2016,1,1,1,1.0,4.0,86066,M,,,86
201700037773,17,4,25,1250,1,2,1,1.0,6.0,86066,M,4678077.0,54848.0,86
201700037774,17,4,27,1738,1,2,1,1.0,1.0,86066,M,4684533.0,54652.0,86
201700037775,17,4,27,2000,1,2,1,1.0,6.0,86066,M,4681318.0,54105.0,86
201700037776,17,4,28,800,1,2,6,1.0,3.0,86066,M,4683664.0,53285.0,86
201700037777,17,5,2,1000,1,2,1,1.0,2.0,86066,M,4683085.0,54581.0,86
201700037778,17,5,5,930,1,1,1,1.0,6.0,86066,M,4683565.0,55480.0,86
201700037779,17,5,9,1815,1,2,2,1.0,3.0,86066,M,4681628.0,53148.0,86
201700037780,17,5,10,1000,1,1,2,1.0,3.0,86066,M,4681129.0,52739.0,86
201700037781,17,5,13,1700,1,2,2,1.0,3.0,86066,M,4681159.0,57359.0,86
201700037782,17,5,14,1827,1,2,1,1.0,7.0,86066,M,4681271.0,56746.0,86
201700037783,17,5,15,1820,1,2,2,1.0,3.0,86066,M,4681582.0,53463.0,86
201700037784,17,5,16,1140,1,2,1,1.0,6.0,86066,M,4681280.0,53148.0,86
201700037785,17,5,22,1700,1,2,1,1.0,2.0,86066,M,4683652.0,53508.0,86
201700037786,17,6,7,1300,1,2,1,1.0,2.0,86066,M,4681936.0,53886.0,86
201700037787,17,6,12,1005,1,2,1,1.0,6.0,86066,M,4681635.0,53285.0,86
201700037788,17,6,15,1115,1,2,2,1.0,3.0,86066,M,4680765.0,55211.0,86
201700037789,17,6,16,145,5,2,6,1.0,7.0,86066,M,4684011.0,54826.0,86
201700037790,17,6,19,2115,2,2,1,1.0,6.0,86066,M,4681762.0,54594.0,86
201700037791,17,6,28,1200,1,1,3,1.0,3.0,86066,M,4684583.0,54737.0,86
201700037792,17,8,4,1415,1,2,3,1.0,3.0,86066,M,4681773.0,54512.0,86
201700037793,17,8,4,1640,1,2,1,1.0,2.0,86066,M,4678959.0,52422.0,86
201700037794,17,8,19,1945,1,2,1,1.0,5.0,86066,M,4682592.0,51853.0,86
201700037795,17,10,8,1440,1,2,1,2.0,7.0,86066,M,4681338.0,56933.0,86
201700037796,17,10,10,1306,1,2,3,1.0,3.0,86066,M,4683698.0,55238.0,86
201700037797,17,10,25,1700,1,2,1,1.0,6.0,86066,M,4681554.0,54553.0,86
201700037798,17,11,9,925,1,2,6,2.0,3.0,86066,M,4681252.0,53051.0,86
201700037799,17,11,9,1750,1,2,1,1.0,6.0,86066,M,4681277.0,53065.0,86
201700037800,17,12,18,1550,1,2,1,1.0,2.0,86066,M,4682552.0,53706.0,86
201700037801,17,1,2,2100,5,2,3,1.0,7.0,86194,M,4657555.0,35445.0,86
201700037802,17,10,20,740,1,2,1,1.0,6.0,86194,M,4659924.0,33519.0,86
201700037803,17,1,3,1215,1,1,1,1.0,7.0,86158,M,4661676.0,31819.0,86
201700037804,17,1,4,1325,1,2,1,1.0,6.0,86194,M,4658540.0,33045.0,86
201700037805,17,1,5,810,2,2,1,1.0,6.0,86194,M,4656840.0,32117.0,86
201700037806,17,1,5,1800,3,1,1,1.0,4.0,86158,M,4661870.0,30810.0,86
201700037807,17,12,4,850,2,1,1,5.0,4.0,86157,M,4654534.0,41155.0,86
201700037808,17,1,12,755,1,2,1,2.0,3.0,86194,M,4658932.0,36896.0,86
201700037809,17,1,14,1810,5,2,1,1.0,3.0,86194,M,4658431.0,39380.0,86
201700037810,17,1,14,1840,5,2,2,1.0,3.0,86194,M,4658706.0,37447.0,86
201700037811,17,1,18,1620,1,2,1,1.0,2.0,86194,M,4655547.0,30810.0,86
201700037812,17,1,14,845,1,2,1,1.0,6.0,86194,M,4657718.0,34846.0,86
201700037813,17,1,18,1515,1,1,2,1.0,3.0,86194,M,4656359.0,38192.0,86
201700037814,17,1,20,710,3,2,1,1.0,6.0,86158,M,4661805.0,30972.0,86
201700037815,17,1,22,1830,5,2,1,1.0,6.0,86194,M,4657659.0,34401.0,86
201700037816,17,1,23,905,1,1,1,1.0,3.0,86158,M,4661405.0,36851.0,86
201700037817,17,1,24,1010,1,2,1,1.0,2.0,86041,M,4659381.0,37345.0,86
201700037818,17,1,26,2030,5,2,3,1.0,1.0,86194,M,4657784.0,33118.0,86
201700037819,17,1,28,1510,1,2,3,1.0,3.0,86194,M,4659000.0,36035.0,86
201700037820,17,1,29,2015,5,2,2,1.0,3.0,86194,M,4655326.0,30975.0,86
201700037821,17,12,16,1130,1,1,1,1.0,2.0,86027,M,4659890.0,29529.0,86
201700037822,17,1,30,1530,1,2,2,1.0,1.0,86194,M,4655443.0,30696.0,86
201700037823,17,2,1,2310,5,2,1,1.0,2.0,86194,M,4660400.0,32275.0,86
201700037824,17,2,2,1830,2,2,6,2.0,5.0,86194,M,4655128.0,30364.0,86
201700037825,17,2,4,1145,1,2,3,1.0,5.0,86157,M,4653856.0,40290.0,86
201700037826,17,2,9,1840,1,2,3,1.0,3.0,86158,M,4662207.0,31517.0,86
201700037827,17,2,11,700,5,2,1,1.0,2.0,86194,M,4657809.0,35076.0,86
201700037828,17,2,15,1630,1,2,2,1.0,1.0,86214,M,4655183.0,32081.0,86
201700037829,17,2,16,1850,5,2,1,1.0,6.0,86194,M,4659023.0,35451.0,86
201700037830,17,2,17,1530,1,2,6,1.0,2.0,86158,M,4662241.0,35231.0,86
201700037831,17,2,17,1700,1,2,3,1.0,2.0,86194,M,4658076.0,36866.0,86
201700037832,17,2,21,1800,1,2,2,2.0,3.0,86194,M,4657434.0,36172.0,86
201700037833,17,2,24,1220,1,2,1,1.0,6.0,86194,M,4655861.0,31277.0,86
201700037834,17,2,24,1430,1,1,1,1.0,1.0,86157,M,4655027.0,40361.0,86
201700037835,17,2,26,100,5,2,1,1.0,7.0,86194,M,4658642.0,33992.0,86
201700037836,17,2,26,1110,1,1,1,1.0,1.0,86158,M,4662897.0,35581.0,86
201700037837,17,3,10,1415,1,2,2,1.0,3.0,86194,M,4657861.0,32555.0,86
201700037838,17,3,11,1940,2,2,1,1.0,2.0,86214,M,,,86
201700037839,17,3,10,2025,5,2,1,1.0,3.0,86194,M,4657272.0,32750.0,86
201700037840,17,3,13,1620,1,2,1,1.0,6.0,86194,M,4658562.0,33051.0,86
201700037841,17,3,13,1500,1,2,2,1.0,2.0,86194,M,,,86
201700037842,17,3,14,1115,1,2,1,1.0,3.0,86194,M,4660033.0,32809.0,86
201700037843,17,3,14,1800,1,2,1,1.0,6.0,86194,M,4659013.0,31953.0,86
201700037844,17,3,15,2130,5,2,2,1.0,3.0,86194,M,4656722.0,36611.0,86
201700037845,17,3,16,940,1,2,1,1.0,2.0,86194,M,4660423.0,32257.0,86
201700037846,17,3,16,1345,1,2,1,1.0,4.0,86194,M,4657268.0,36079.0,86
201700037847,17,3,16,1530,1,1,1,1.0,6.0,86194,M,,,86
201700037848,17,3,17,2123,3,1,1,1.0,2.0,86041,M,4661527.0,38361.0,86
201700037849,17,3,17,2310,5,2,1,1.0,6.0,86158,M,4661599.0,31263.0,86
201700037850,17,3,25,1712,1,2,1,1.0,3.0,86194,M,4658138.0,36805.0,86
201700037851,17,3,27,1815,1,2,1,1.0,3.0,86194,M,4659032.0,38664.0,86
201700037852,17,3,27,1450,1,2,1,1.0,2.0,86194,M,4656416.0,35277.0,86
201700037853,17,3,28,1545,1,2,1,1.0,1.0,86194,M,4657411.0,34450.0,86
201700037854,17,3,28,815,1,1,1,1.0,5.0,86157,M,4652459.0,44537.0,86
201700037855,17,4,1,1742,1,2,3,1.0,6.0,86194,M,4656583.0,34472.0,86
201700037856,17,4,1,2025,2,2,2,1.0,6.0,86194,M,4657081.0,37009.0,86
201700037857,17,3,31,2200,5,2,2,1.0,3.0,86194,M,4658210.0,36866.0,86
201700037858,17,4,3,2010,1,2,1,1.0,6.0,86194,M,4657875.0,36348.0,86
201700037859,17,4,4,905,1,1,1,1.0,4.0,86194,M,4661400.0,36843.0,86
201700037860,17,4,5,1750,1,2,1,1.0,6.0,86041,M,4660343.0,36062.0,86
201700037861,17,4,8,1115,1,2,2,1.0,2.0,86194,M,4660136.0,32406.0,86
201700037862,17,4,8,1300,1,2,1,1.0,6.0,86194,M,4659250.0,34333.0,86
201700037863,17,4,9,1220,1,2,1,1.0,6.0,86194,M,4656510.0,31811.0,86
201700037864,17,4,9,1850,1,1,1,1.0,7.0,86041,M,4661610.0,37826.0,86
201700037865,17,4,10,1020,1,2,1,1.0,6.0,86194,M,4656568.0,35244.0,86
201700037866,17,4,11,655,2,2,3,1.0,2.0,86194,M,4655444.0,30750.0,86
201700037867,17,4,12,2300,5,2,1,1.0,6.0,86194,M,4658430.0,33634.0,86
201700037868,17,4,12,1240,1,2,6,1.0,4.0,86194,M,4656700.0,34430.0,86
201700037869,17,4,13,1230,1,2,1,1.0,6.0,86194,M,4658460.0,37478.0,86
201700037870,17,4,15,1020,1,2,1,1.0,4.0,86194,M,4654945.0,30239.0,86
201700037871,17,4,14,1900,1,2,1,1.0,1.0,86194,M,4657277.0,32750.0,86
201700037872,17,4,19,1015,1,2,3,1.0,3.0,86194,M,4657269.0,34805.0,86
201700037873,17,4,19,1620,1,2,1,1.0,2.0,86194,M,4658685.0,33909.0,86
201700037874,17,4,19,2110,3,2,1,1.0,2.0,86194,M,4658288.0,40792.0,86
201700037875,17,4,19,2145,5,2,1,1.0,6.0,86194,M,4657267.0,36058.0,86
201700037876,17,4,20,1730,1,2,1,1.0,2.0,86194,M,,,86
201700037877,17,4,26,1245,1,2,1,1.0,1.0,86194,M,4658402.0,34509.0,86
201700037878,17,4,28,400,5,2,2,1.0,3.0,86194,M,4657820.0,35063.0,86
201700037879,17,5,4,855,1,2,1,5.0,4.0,86157,M,4656281.0,41628.0,86
201700037880,17,5,5,1200,1,2,1,1.0,6.0,86194,M,4660213.0,33953.0,86
201700037881,17,5,6,300,5,2,2,1.0,1.0,86194,M,4657815.0,35081.0,86
201700037882,17,5,8,1200,1,2,6,1.0,3.0,86041,M,4660299.0,37696.0,86
201700037883,17,5,8,2040,2,2,2,1.0,3.0,86194,M,4658073.0,33693.0,86
201700037884,17,5,11,1320,1,2,2,1.0,3.0,86194,M,4655653.0,30435.0,86
201700037885,17,5,16,1815,1,2,1,1.0,4.0,86027,M,4657623.0,30627.0,86
201700037886,17,5,17,1120,1,2,2,1.0,1.0,86194,M,4655634.0,30442.0,86
201700037887,17,5,19,1710,1,2,2,3.0,6.0,86194,M,4656731.0,36577.0,86
201700037888,17,5,20,1238,1,2,1,1.0,6.0,86041,M,4660408.0,36132.0,86
201700037889,17,5,20,1915,1,2,1,1.0,4.0,86194,M,4657315.0,37099.0,86
201700037890,17,5,25,1350,1,2,3,1.0,3.0,86194,M,4658759.0,34888.0,86
201700037891,17,5,26,1730,1,2,1,7.0,3.0,86194,M,4657086.0,37521.0,86
201700037892,17,5,30,1730,1,2,3,1.0,2.0,86194,M,4658070.0,36867.0,86
201700037893,17,5,31,840,1,2,1,1.0,6.0,86194,M,4658982.0,36898.0,86
201700037894,17,6,1,1800,1,2,6,1.0,1.0,86194,M,4659295.0,38072.0,86
201700037895,17,6,2,835,1,2,8,1.0,6.0,86194,M,4658110.0,34507.0,86
201700037896,17,6,2,835,1,2,1,1.0,2.0,86133,M,4652110.0,32861.0,86
201700037897,17,6,6,1,5,2,1,2.0,4.0,86194,M,4657700.0,35235.0,86
201700037898,17,6,3,1255,1,2,1,1.0,6.0,86194,M,4656468.0,33856.0,86
201700037899,17,6,6,930,1,2,1,1.0,4.0,86194,M,4661953.0,33685.0,86
201700037900,17,6,9,1405,1,2,1,1.0,3.0,86194,M,4655372.0,30825.0,86
201700037901,17,6,15,840,1,2,1,1.0,2.0,86194,M,4657377.0,37144.0,86
201700037902,17,6,15,2000,1,2,3,1.0,3.0,86194,M,4655474.0,31106.0,86
201700037903,17,6,18,2030,1,2,1,1.0,6.0,86194,M,4657638.0,33083.0,86
201700037904,17,6,18,2020,1,2,1,1.0,6.0,86194,M,4656698.0,34329.0,86
201700037905,17,6,3,105,3,1,9,1.0,6.0,86194,M,4658560.0,39277.0,86
201700037906,17,6,17,945,1,2,2,1.0,3.0,86041,M,4659767.0,35627.0,86
201700037907,17,6,21,2230,5,2,2,1.0,3.0,86194,M,4658548.0,36608.0,86
201700037908,17,6,24,400,3,1,1,1.0,6.0,86041,M,4661471.0,37234.0,86
201700037909,17,6,29,2020,1,2,2,1.0,3.0,86041,M,4659343.0,35571.0,86
201700037910,17,7,2,2125,2,2,6,1.0,3.0,86088,M,4654732.0,29851.0,86
201700037911,17,6,29,1520,1,1,1,3.0,3.0,86133,M,4651637.0,34378.0,86
201700037912,17,7,3,2300,5,2,1,1.0,6.0,86214,M,4655941.0,34241.0,86
201700037913,17,7,4,737,1,2,1,1.0,3.0,86194,M,4658555.0,36666.0,86
201700037914,17,7,4,1405,1,2,1,1.0,2.0,86194,M,4658175.0,36813.0,86
201700037915,17,7,6,1545,1,2,1,1.0,2.0,86194,M,4658065.0,36875.0,86
201700037916,17,7,14,2005,1,1,3,1.0,1.0,86133,M,4651781.0,27343.0,86
201700037917,17,7,7,1045,1,2,2,2.0,2.0,86194,M,4657684.0,37783.0,86
201700037918,17,7,10,1130,1,2,2,1.0,1.0,86194,M,4657435.0,36173.0,86
201700037919,17,7,14,1600,1,1,1,1.0,1.0,86158,M,4663211.0,29219.0,86
201700037920,17,7,20,639,2,1,1,1.0,2.0,86194,M,4656867.0,39865.0,86
201700037921,17,7,20,1100,1,2,1,1.0,2.0,86088,M,4654622.0,29728.0,86
201700037922,17,7,20,2300,5,2,3,1.0,3.0,86194,M,4657583.0,34055.0,86
201700037923,17,7,21,1840,1,2,1,1.0,6.0,86194,M,4659158.0,35381.0,86
201700037924,17,7,25,355,5,2,6,1.0,7.0,86158,M,4661360.0,34912.0,86
201700037925,17,7,26,1700,1,2,1,1.0,2.0,86158,M,4661655.0,31268.0,86
201700037926,17,7,26,1735,1,2,1,1.0,6.0,86194,M,4657379.0,33385.0,86
201700037927,17,7,30,2250,5,2,1,1.0,3.0,86194,M,4657694.0,34694.0,86
201700037928,17,7,31,958,1,2,1,1.0,2.0,86194,M,4655885.0,31186.0,86
201700037929,17,8,8,1650,1,2,3,1.0,3.0,86194,M,4658847.0,34784.0,86
201700037930,17,8,9,50,5,2,2,1.0,7.0,86194,M,4657419.0,32939.0,86
201700037931,17,8,9,140,5,2,3,2.0,6.0,86194,M,4657005.0,32361.0,86
201700037932,17,6,25,1720,1,2,1,1.0,7.0,86194,M,4659166.0,35333.0,86
201700037933,17,8,12,1300,1,2,1,1.0,3.0,86194,M,4656947.0,32265.0,86
201700037934,17,8,20,1607,1,2,1,1.0,6.0,86158,M,4662644.0,28969.0,86
201700037935,17,8,20,2140,3,2,1,1.0,7.0,86194,M,4653250.0,43240.0,86
201700037936,17,8,20,1938,1,1,1,1.0,4.0,86157,M,4653250.0,43240.0,86
201700037937,17,8,21,2210,5,2,1,1.0,6.0,86194,M,4657269.0,36111.0,86
201700037938,17,8,25,1700,1,2,1,1.0,4.0,86214,M,4656500.0,35555.0,86
201700037939,17,8,30,745,3,1,1,1.0,6.0,86158,M,4660586.0,31098.0,86
201700037940,17,8,31,1415,1,2,1,1.0,2.0,86194,M,4655277.0,30611.0,86
201700037941,17,8,31,1600,1,2,2,1.0,3.0,86194,M,4656729.0,36586.0,86
201700037942,17,9,2,1545,1,2,2,1.0,5.0,86214,M,4655428.0,35010.0,86
201700037943,17,9,5,5,5,2,1,1.0,6.0,86041,M,4660250.0,36111.0,86
201700037944,17,9,5,1450,1,2,3,1.0,3.0,86194,M,4657805.0,33138.0,86
201700037945,17,9,7,1100,1,2,1,1.0,3.0,86194,M,4661450.0,34973.0,86
201700037946,17,9,7,1955,1,2,1,1.0,4.0,86158,M,4661215.0,29094.0,86
201700037947,17,9,12,2000,1,2,1,1.0,2.0,86194,M,4657722.0,34750.0,86
201700037948,17,9,16,2125,5,2,3,1.0,2.0,86194,M,4658497.0,33037.0,86
201700037949,17,9,14,2100,5,2,1,1.0,6.0,86194,M,4658744.0,35848.0,86
201700037950,17,9,17,1735,1,2,3,2.0,2.0,86194,M,4658214.0,36790.0,86
201700037951,17,9,17,2000,2,2,3,2.0,3.0,86194,M,4659242.0,37591.0,86
201700037952,17,9,21,1145,1,2,1,7.0,2.0,86194,M,4658472.0,36666.0,86
201700037953,17,9,23,800,1,2,2,1.0,3.0,86194,M,4659827.0,33331.0,86
201700037954,17,9,25,1755,1,1,1,3.0,7.0,86133,M,4652190.0,30453.0,86
201700037955,17,9,26,1205,1,2,2,1.0,3.0,86194,M,4656358.0,38198.0,86
201700037956,17,9,15,750,1,2,1,1.0,3.0,86194,M,4656559.0,36871.0,86
201700037957,17,9,27,1130,1,2,2,1.0,3.0,86194,M,4658500.0,36666.0,86
201700037958,17,10,1,1845,2,1,1,2.0,4.0,86088,M,4654616.0,29740.0,86
201700037959,17,9,29,2235,3,1,1,2.0,5.0,86194,M,4659955.0,32142.0,86
201700037960,17,10,2,2335,3,1,1,2.0,2.0,86157,M,4654644.0,40962.0,86
201700037961,17,9,26,755,1,2,2,1.0,3.0,86194,M,4658550.0,36607.0,86
201700037962,17,10,3,900,1,2,1,1.0,2.0,86158,M,4662194.0,35222.0,86
201700037963,17,10,3,1040,1,1,1,1.0,3.0,86041,M,4661133.0,38909.0,86
201700037964,17,10,5,835,1,2,1,1.0,6.0,86194,M,4658294.0,38096.0,86
201700037965,17,10,5,1300,1,2,3,1.0,3.0,86194,M,4657254.0,35902.0,86
201700037966,17,10,3,1710,1,2,1,1.0,2.0,86194,M,4660558.0,32957.0,86
201700037967,17,10,6,30,3,1,1,2.0,6.0,86194,M,,,86
201700037968,17,10,9,1100,1,2,1,2.0,1.0,86194,M,4656354.0,36724.0,86
201700037969,17,10,16,830,1,1,1,1.0,4.0,86157,M,4656617.0,39842.0,86
201700037970,17,10,17,725,5,2,1,1.0,3.0,86027,M,4657403.0,29288.0,86
201700037971,17,10,18,1825,1,2,1,1.0,6.0,86194,M,4656863.0,37372.0,86
201700037972,17,10,19,750,5,2,1,1.0,6.0,86194,M,4657008.0,36977.0,86
201700037973,17,10,2,840,1,2,1,1.0,6.0,86194,M,4658361.0,36000.0,86
201700037974,17,10,5,810,1,2,1,1.0,6.0,86194,M,4658154.0,34166.0,86
201700037975,17,10,24,2040,5,2,2,1.0,3.0,86194,M,4657222.0,37055.0,86
201700037976,17,10,26,730,5,2,1,1.0,3.0,86214,M,4655498.0,33492.0,86
201700037977,17,10,14,1420,1,2,1,1.0,4.0,86194,M,4658153.0,36832.0,86
201700037978,17,11,3,1250,1,2,1,1.0,4.0,86194,M,4655638.0,30472.0,86
201700037979,17,11,8,1140,1,2,6,2.0,6.0,86194,M,4655888.0,31250.0,86
201700037980,17,11,7,1745,5,2,1,1.0,4.0,86194,M,4657315.0,32836.0,86
201700037981,17,11,9,2100,5,2,1,1.0,3.0,86194,M,4657269.0,36266.0,86
201700037982,17,11,11,645,5,2,3,1.0,2.0,86194,M,4659587.0,32755.0,86
201700037983,17,10,19,1300,1,2,1,1.0,6.0,86194,M,4657103.0,37437.0,86
201700037984,17,11,6,745,1,2,6,1.0,3.0,86194,M,4656062.0,37177.0,86
201700037985,17,11,13,2325,5,2,1,1.0,6.0,86214,M,4656435.0,35917.0,86
201700037986,17,11,17,810,1,2,2,1.0,3.0,86194,M,4658447.0,36948.0,86
201700037987,17,11,17,1700,2,2,6,1.0,5.0,86194,M,4660548.0,33527.0,86
201700037988,17,11,20,740,2,1,1,5.0,2.0,86088,M,4654688.0,29810.0,86
201700037989,17,11,22,1330,1,2,1,1.0,6.0,86194,M,4656182.0,38632.0,86
201700037990,17,11,27,730,2,2,1,1.0,1.0,86194,M,4659953.0,33882.0,86
201700037991,17,11,27,1720,2,2,1,1.0,6.0,86194,M,4658339.0,34092.0,86
201700037992,17,11,24,1716,1,2,2,1.0,3.0,86194,M,4655603.0,30875.0,86
201700037993,17,11,28,750,2,2,1,3.0,4.0,86194,M,4657097.0,37465.0,86
201700037994,17,11,28,800,5,2,1,3.0,2.0,86194,M,4660131.0,32398.0,86
201700037995,17,11,29,1930,5,1,1,1.0,2.0,86194,M,4658868.0,34011.0,86
201700037996,17,11,30,1645,1,2,1,1.0,6.0,86194,M,4658857.0,34781.0,86
201700037997,17,12,6,738,5,2,2,1.0,3.0,86194,M,4656625.0,36326.0,86
201700037998,17,12,8,400,5,2,2,2.0,6.0,86194,M,4655953.0,30638.0,86
201700037999,17,12,9,1820,3,1,1,2.0,5.0,86194,M,4657207.0,31323.0,86
201700038000,17,12,11,1740,2,2,1,1.0,4.0,86157,M,4656441.0,40166.0,86
201700038001,17,11,24,1550,1,2,1,1.0,2.0,86194,M,4660174.0,32448.0,86
201700038002,17,12,4,1600,1,2,1,1.0,6.0,86194,M,4655305.0,30194.0,86
201700038003,17,12,11,930,1,2,9,2.0,3.0,86194,M,4661880.0,34039.0,86
201700038004,17,12,13,1755,5,2,6,2.0,3.0,86194,M,4656973.0,37995.0,86
201700038005,17,12,13,1820,5,2,2,1.0,4.0,86194,M,4658025.0,31474.0,86
201700038006,17,12,15,900,1,2,3,1.0,1.0,86214,M,4656364.0,35357.0,86
201700038007,17,12,15,1305,1,2,1,1.0,2.0,86194,M,4658222.0,32563.0,86
201700038008,17,12,17,1825,5,2,1,1.0,2.0,86194,M,4655491.0,30197.0,86
201700038009,17,12,15,1345,1,2,1,1.0,6.0,86194,M,4658435.0,33242.0,86
201700038010,17,12,18,1500,1,2,1,1.0,6.0,86194,M,4658870.0,33805.0,86
201700038011,17,12,20,1744,3,1,1,1.0,2.0,86214,M,4655209.0,31721.0,86
201700038012,17,12,21,1220,1,2,1,1.0,4.0,86194,M,4657085.0,37015.0,86
201700038013,17,12,22,2130,5,2,2,2.0,3.0,86194,M,4657196.0,37040.0,86
201700038014,17,12,22,1735,2,2,1,1.0,6.0,86194,M,4656586.0,35042.0,86
201700038015,17,12,26,2040,5,2,2,6.0,3.0,86194,M,4656755.0,35752.0,86
201700038016,17,12,15,1420,1,2,1,1.0,6.0,86194,M,4658263.0,33662.0,86
201700038017,17,12,28,310,5,2,1,1.0,6.0,86194,M,4657250.0,32972.0,86
201700038018,17,12,29,850,1,2,2,1.0,3.0,86194,M,4656200.0,30700.0,86
201700038019,17,12,29,1400,1,2,1,2.0,6.0,87085,M,4582690.0,125924.0,87
201700038020,17,1,1,235,5,2,1,4.0,6.0,87114,M,4583890.0,130560.0,87
201700038021,17,12,31,1006,1,1,1,3.0,3.0,87085,M,4587370.0,128784.0,87
201700038022,17,1,1,715,5,2,1,4.0,6.0,87114,M,4582930.0,128541.0,87
201700038023,17,1,2,1200,1,2,1,1.0,4.0,87085,M,4583340.0,126954.0,87
201700038024,17,1,3,730,5,1,1,1.0,4.0,87085,M,4583980.0,128130.0,87
201700038025,17,12,29,759,5,2,1,2.0,3.0,87085,M,4587670.0,126466.0,87
201700038026,17,1,2,1744,2,2,3,1.0,7.0,87085,M,4582160.0,123625.0,87
201700038027,17,1,3,1710,1,1,1,1.0,2.0,87075,M,4582040.0,120874.0,87
201700038028,17,12,26,950,1,2,1,2.0,3.0,87085,M,4583210.0,126149.0,87
201700038029,17,1,5,1022,1,2,3,1.0,3.0,87085,M,4583590.0,126590.0,87
201700038030,17,1,11,1839,5,2,3,2.0,6.0,87085,M,4582640.0,125175.0,87
201700038031,17,1,14,1128,1,2,1,1.0,6.0,87114,M,4582740.0,129223.0,87
201700038032,17,1,13,1910,5,2,3,1.0,6.0,87075,M,4580430.0,121694.0,87
201700038033,17,1,17,1729,2,2,1,1.0,6.0,87085,M,4589480.0,128062.0,87
201700038034,17,1,12,1812,5,2,1,3.0,2.0,87085,M,4584390.0,127032.0,87
201700038035,17,1,23,1922,2,2,2,1.0,3.0,87085,M,4581440.0,124194.0,87
201700038036,17,1,24,824,1,2,1,1.0,6.0,87085,M,4584060.0,125790.0,87
201700038037,17,1,26,1733,1,2,1,1.0,2.0,87114,M,4583430.0,130931.0,87
201700038038,17,1,25,1624,1,2,1,1.0,2.0,87085,M,4581890.0,125174.0,87
201700038039,17,1,27,1000,1,2,1,1.0,2.0,87050,M,4587640.0,123775.0,87
201700038040,17,1,28,245,5,2,4,1.0,6.0,87085,M,4581510.0,123217.0,87
201700038041,17,1,30,1111,1,2,1,1.0,3.0,87065,M,4579190.0,132327.0,87
201700038042,17,2,4,1545,1,1,1,6.0,6.0,87085,M,4589060.0,126557.0,87
201700038043,17,2,1,1613,1,2,2,2.0,3.0,87085,M,4582120.0,126296.0,87
201700038044,17,2,5,827,2,2,1,2.0,6.0,87114,M,4583680.0,129258.0,87
201700038045,17,2,4,1720,1,2,1,1.0,6.0,87085,M,4583780.0,125234.0,87
201700038046,17,2,7,740,5,2,1,2.0,6.0,87085,M,4586300.0,117124.0,87
201700038047,17,2,8,1354,1,2,1,1.0,6.0,87085,M,4582680.0,126354.0,87
201700038048,17,2,10,1118,1,2,2,1.0,3.0,87085,M,4584440.0,127059.0,87
201700038049,17,2,10,1637,1,2,1,1.0,6.0,87085,M,4581470.0,127805.0,87
201700038050,17,1,7,1051,1,1,1,1.0,5.0,87065,M,4581250.0,130350.0,87
201700038051,17,2,12,446,5,2,2,2.0,3.0,87085,M,4582110.0,126288.0,87
201700038052,17,2,10,907,1,2,1,1.0,2.0,87085,M,4583750.0,124021.0,87
201700038053,17,2,10,1550,1,2,1,1.0,6.0,87085,M,4583390.0,122409.0,87
201700038054,17,2,10,2043,5,2,1,1.0,3.0,87085,M,4583520.0,126053.0,87
201700038055,17,2,1,1615,1,2,1,1.0,1.0,87085,M,4582560.0,122929.0,87
201700038056,17,2,5,241,5,2,1,1.0,6.0,87085,M,4582040.0,125558.0,87
201700038057,17,2,18,1547,1,2,1,1.0,1.0,87085,M,4584100.0,128571.0,87
201700038058,17,2,20,1648,1,2,1,1.0,6.0,87065,M,4580630.0,133056.0,87
201700038059,17,2,21,1738,1,2,1,2.0,6.0,87085,M,4581370.0,122783.0,87
201700038060,17,2,21,1338,1,1,1,2.0,6.0,87048,M,4577330.0,122343.0,87
201700038061,17,2,14,1147,1,2,3,1.0,3.0,87085,M,4582700.0,128335.0,87
201700038062,17,2,21,903,1,1,1,2.0,1.0,87065,M,4581720.0,130497.0,87
201700038063,17,2,23,1920,2,2,2,2.0,6.0,87085,M,4583780.0,123036.0,87
201700038064,17,2,23,2238,5,2,1,2.0,6.0,87085,M,4587130.0,129988.0,87
201700038065,17,2,27,1506,1,1,1,1.0,2.0,87065,M,4579380.0,130109.0,87
201700038066,17,2,28,904,1,2,1,2.0,3.0,87085,M,4582310.0,125662.0,87
201700038067,17,2,28,1813,1,2,3,2.0,6.0,87113,M,4586520.0,132405.0,87
201700038068,17,3,1,1600,1,2,1,2.0,6.0,87075,M,4581340.0,121441.0,87
201700038069,17,3,1,914,1,2,1,2.0,2.0,87085,M,4583240.0,127415.0,87
201700038070,17,3,2,1118,1,2,1,1.0,6.0,87050,M,4587270.0,123813.0,87
201700038071,17,2,24,1833,5,2,6,1.0,2.0,87050,M,4587980.0,123810.0,87
201700038072,17,3,1,651,2,2,1,1.0,6.0,87085,M,4583300.0,124877.0,87
201700038073,17,3,6,818,1,2,1,1.0,6.0,87085,M,4583400.0,127209.0,87
201700038074,17,3,7,1741,1,2,1,2.0,4.0,87085,M,4580360.0,129089.0,87
201700038075,17,3,8,2147,5,2,1,2.0,6.0,87085,M,4582540.0,124012.0,87