Num_Acc,an,mois,jour,hrmn,lum,agg,int,atm,col,com,gps,lat,long,dep
201700038076,17,3,5,1920,5,2,3,1.0,3.0,87085,M,4583310.0,123160.0,87
201700038077,17,3,8,1820,1,2,2,1.0,3.0,87085,M,4582470.0,123459.0,87
201700038078,17,3,8,1455,1,2,1,2.0,6.0,87050,M,4586990.0,125821.0,87
201700038079,17,3,3,550,3,1,1,1.0,6.0,87075,M,4578960.0,117500.0,87
201700038080,17,3,10,1246,1,2,1,1.0,6.0,87085,M,4585450.0,128369.0,87
201700038081,17,3,10,1355,1,2,1,1.0,2.0,87050,M,4586210.0,125081.0,87
201700038082,17,3,11,802,1,2,2,1.0,3.0,87085,M,4583500.0,122684.0,87
201700038083,17,3,14,1018,1,2,1,1.0,3.0,87085,M,4581380.0,128194.0,87
201700038084,17,3,16,1526,1,2,1,1.0,2.0,87085,M,4582420.0,122601.0,87
201700038085,17,3,19,645,5,2,3,1.0,3.0,87085,M,4582660.0,126437.0,87
201700038086,17,3,19,1700,1,2,3,1.0,3.0,87085,M,4584450.0,124859.0,87
201700038087,17,2,16,705,5,2,1,1.0,6.0,87085,M,4583490.0,126607.0,87
201700038088,17,3,23,1117,1,2,3,2.0,3.0,87085,M,4582840.0,127763.0,87
201700038089,17,3,23,1129,1,2,1,2.0,6.0,87065,M,4581020.0,132989.0,87
201700038090,17,4,1,1720,1,1,3,1.0,3.0,87065,M,4579420.0,129531.0,87
201700038091,17,3,31,1415,1,2,1,2.0,6.0,87085,M,4586180.0,127483.0,87
201700038092,17,4,1,1855,1,2,3,1.0,3.0,87085,M,4583790.0,125888.0,87
201700038093,17,4,5,1825,1,1,1,1.0,2.0,87038,M,4589700.0,124410.0,87
201700038094,17,4,6,1353,1,2,3,1.0,3.0,87085,M,4582360.0,125121.0,87
201700038095,17,4,7,905,1,1,3,1.0,1.0,87065,M,4579500.0,130078.0,87
201700038096,17,4,7,1845,1,1,1,1.0,3.0,87113,M,4588360.0,132551.0,87
201700038097,17,4,9,1508,1,1,1,1.0,1.0,87050,M,4587630.0,124866.0,87
201700038098,17,4,10,1521,1,2,2,1.0,2.0,87085,M,4583970.0,123447.0,87
201700038099,17,4,4,1406,1,2,2,1.0,3.0,87114,M,4582740.0,130245.0,87
201700038100,17,4,7,1545,1,1,1,1.0,4.0,87085,M,4591890.0,129727.0,87
201700038101,17,4,7,1935,1,2,1,1.0,2.0,87085,M,4582870.0,125869.0,87
201700038102,17,4,10,830,1,1,1,1.0,2.0,87156,M,4584810.0,134683.0,87
201700038103,17,4,15,1814,1,1,1,1.0,6.0,87075,M,4581050.0,122907.0,87
201700038104,17,4,14,1807,1,2,3,1.0,3.0,87085,M,4583650.0,124259.0,87
201700038105,17,4,16,1752,1,2,3,1.0,3.0,87085,M,4584320.0,125681.0,87
201700038106,17,4,20,1508,1,1,1,1.0,1.0,87085,M,4589020.0,126934.0,87
201700038107,17,4,19,1235,1,2,2,1.0,6.0,87114,M,4583810.0,129831.0,87
201700038108,17,4,21,1829,1,1,1,1.0,1.0,87050,M,4589210.0,124687.0,87
201700038109,17,4,30,1931,1,2,1,2.0,6.0,87085,M,4583970.0,123278.0,87
201700038110,17,4,20,1700,1,2,3,1.0,3.0,87085,M,4586840.0,126502.0,87
201700038111,17,4,30,1215,1,1,1,1.0,6.0,87085,M,4591470.0,129401.0,87
201700038112,17,5,3,910,1,2,3,1.0,3.0,87085,M,4582230.0,122329.0,87
201700038113,17,5,3,951,1,2,3,1.0,3.0,87085,M,4582660.0,127518.0,87
201700038114,17,4,10,1841,1,2,2,1.0,6.0,87085,M,4584240.0,125517.0,87
201700038115,17,4,11,2349,5,2,1,1.0,7.0,87085,M,4586420.0,126943.0,87
201700038116,17,5,7,1408,1,2,1,1.0,6.0,87085,M,4584080.0,123408.0,87
201700038117,17,5,7,1549,1,2,2,1.0,3.0,87085,M,4584440.0,127059.0,87
201700038118,17,5,6,1419,1,1,1,1.0,1.0,87050,M,4585710.0,124448.0,87
201700038119,17,5,9,1925,1,2,6,1.0,7.0,87085,M,4588260.0,128652.0,87
201700038120,17,5,10,9,5,2,1,1.0,6.0,87085,M,4581560.0,124961.0,87
201700038121,17,5,12,1445,1,2,3,1.0,3.0,87085,M,4582110.0,126292.0,87
201700038122,17,5,13,540,5,2,3,1.0,6.0,87085,M,4582780.0,125815.0,87
201700038123,17,5,16,1634,1,1,1,1.0,6.0,87021,M,4577290.0,122353.0,87
201700038124,17,5,16,1752,1,2,2,1.0,6.0,87085,M,4583610.0,125055.0,87
201700038125,17,5,18,819,1,2,1,2.0,6.0,87085,M,4581840.0,126589.0,87
201700038126,17,5,18,906,1,2,1,2.0,5.0,87085,M,4582850.0,122662.0,87
201700038127,17,5,18,1852,1,2,1,3.0,6.0,87085,M,4584180.0,125853.0,87
201700038128,17,5,21,2027,1,2,1,1.0,6.0,87085,M,4585450.0,125986.0,87
201700038129,17,5,27,1427,1,1,1,1.0,7.0,87065,M,4580460.0,129514.0,87
201700038130,17,5,28,1720,1,1,2,1.0,3.0,87075,M,4580050.0,121017.0,87
201700038131,17,5,30,1742,1,2,1,1.0,6.0,87085,M,4581960.0,126617.0,87
201700038132,17,5,31,1553,1,2,1,1.0,2.0,87085,M,4588020.0,129657.0,87
201700038133,17,5,31,1715,1,2,2,1.0,3.0,87085,M,4581670.0,127716.0,87
201700038134,17,6,1,1745,1,2,1,1.0,6.0,87085,M,4584370.0,125947.0,87
201700038135,17,6,1,2329,5,2,2,1.0,3.0,87085,M,4582600.0,126801.0,87
201700038136,17,6,2,1548,1,2,1,1.0,6.0,87085,M,4582390.0,125692.0,87
201700038137,17,6,3,1609,1,2,2,1.0,3.0,87085,M,4584030.0,125909.0,87
201700038138,17,6,7,1654,1,2,1,1.0,6.0,87085,M,4583960.0,125736.0,87
201700038139,17,6,9,1545,1,1,1,1.0,2.0,87085,M,4584140.0,127970.0,87
201700038140,17,6,10,1247,1,2,1,1.0,2.0,87085,M,4583090.0,126353.0,87
201700038141,17,6,10,1847,1,2,1,1.0,4.0,87085,M,4583420.0,122778.0,87
201700038142,17,6,13,47,5,2,1,1.0,6.0,87085,M,4581840.0,125642.0,87
201700038143,17,6,13,1832,1,2,2,2.0,3.0,87085,M,4585170.0,126468.0,87
201700038144,17,6,7,946,1,2,2,1.0,3.0,87085,M,4585940.0,125484.0,87
201700038145,17,6,18,1631,1,1,1,1.0,6.0,87048,M,4577320.0,122352.0,87
201700038146,17,6,2,2040,1,2,1,1.0,6.0,87085,M,4582860.0,126178.0,87
201700038147,17,6,20,1131,1,1,1,1.0,6.0,87114,M,4583910.0,132431.0,87
201700038148,17,6,21,2120,2,2,1,1.0,3.0,87085,M,4582760.0,126481.0,87
201700038149,17,6,7,1652,1,2,1,1.0,7.0,87085,M,4584230.0,125525.0,87
201700038150,17,6,17,1006,1,2,3,1.0,6.0,87085,M,4582000.0,124068.0,87
201700038151,17,6,23,1116,1,1,1,1.0,6.0,87085,M,4587870.0,129835.0,87
201700038152,17,6,22,1215,1,2,3,1.0,3.0,87065,M,4581240.0,130319.0,87
201700038153,17,6,24,1855,1,2,1,1.0,2.0,87085,M,4583350.0,123042.0,87
201700038154,17,4,12,1329,1,1,1,1.0,6.0,87114,M,4585360.0,132271.0,87
201700038155,17,4,11,1905,1,2,6,1.0,3.0,87050,M,4587710.0,124040.0,87
201700038156,17,6,29,1038,1,2,1,2.0,2.0,87085,M,4585120.0,128453.0,87
201700038157,17,6,29,932,1,2,1,2.0,6.0,87085,M,4582090.0,123068.0,87
201700038158,17,6,29,1348,1,2,1,1.0,6.0,87085,M,4581440.0,124407.0,87
201700038159,17,6,29,2026,1,2,1,2.0,1.0,87085,M,4583530.0,126851.0,87
201700038160,17,7,4,4,3,1,1,1.0,7.0,87021,M,4576950.0,122367.0,87
201700038161,17,7,6,1935,1,2,2,1.0,3.0,87085,M,4581970.0,124959.0,87
201700038162,17,7,7,1338,1,2,3,1.0,3.0,87085,M,4582120.0,126289.0,87
201700038163,17,7,8,2207,5,2,2,1.0,3.0,87085,M,4582110.0,123022.0,87
201700038164,17,7,9,1525,1,2,1,1.0,6.0,87114,M,4583230.0,130364.0,87
201700038165,17,7,12,1635,1,2,1,1.0,4.0,87085,M,4582750.0,126051.0,87
201700038166,17,7,13,1748,1,2,1,1.0,6.0,87085,M,4583120.0,122337.0,87
201700038167,17,7,12,1629,1,2,1,1.0,6.0,87085,M,4582310.0,123173.0,87
201700038168,17,7,20,47,5,2,3,2.0,6.0,87085,M,4588070.0,129545.0,87
201700038169,17,7,24,1819,1,1,1,1.0,6.0,87065,M,4579170.0,133189.0,87
201700038170,17,7,25,1458,1,2,1,1.0,6.0,87075,M,4580900.0,122592.0,87
201700038171,17,7,26,1001,1,2,1,1.0,6.0,87085,M,4582290.0,124894.0,87
201700038172,17,7,27,1408,1,2,6,2.0,6.0,87065,M,4581800.0,129487.0,87
201700038173,17,7,27,1016,1,2,6,2.0,6.0,87075,M,4581370.0,122872.0,87
201700038174,17,7,26,1759,1,1,1,1.0,4.0,87085,M,4587380.0,126961.0,87
201700038175,17,7,29,1828,1,1,1,1.0,2.0,87113,M,4587590.0,135211.0,87
201700038176,17,8,1,1326,1,1,1,1.0,6.0,87113,M,4587390.0,133361.0,87
201700038177,17,8,1,1812,1,1,1,1.0,3.0,87050,M,4590180.0,122863.0,87
201700038178,17,8,2,1714,1,2,1,1.0,3.0,87085,M,4581550.0,123286.0,87
201700038179,17,8,2,1045,1,2,1,1.0,6.0,87085,M,4583400.0,122410.0,87
201700038180,17,8,7,1018,1,2,2,1.0,2.0,87085,M,4581880.0,125205.0,87
201700038181,17,7,28,2137,1,1,1,1.0,1.0,87085,M,4589040.0,127949.0,87
201700038182,17,8,7,939,1,2,2,1.0,3.0,87085,M,4581880.0,125205.0,87
201700038183,17,8,7,729,1,2,1,1.0,3.0,87085,M,4582630.0,125559.0,87
201700038184,17,8,8,1549,1,1,1,1.0,2.0,87038,M,4589050.0,126639.0,87
201700038185,17,8,9,1520,1,2,2,1.0,3.0,87085,M,4583650.0,124991.0,87
201700038186,17,8,10,1332,1,2,3,1.0,3.0,87085,M,4584800.0,124537.0,87
201700038187,17,8,11,1053,1,1,1,2.0,4.0,87085,M,4587330.0,128784.0,87
201700038188,17,8,12,1654,1,2,3,1.0,5.0,87085,M,4585380.0,126603.0,87
201700038189,17,8,13,1310,1,2,6,1.0,6.0,87085,M,4584750.0,123679.0,87
201700038190,17,8,17,1826,1,2,1,1.0,6.0,87085,M,4583760.0,124000.0,87
201700038191,17,8,19,1612,1,2,1,1.0,6.0,87085,M,4591290.0,130257.0,87
201700038192,17,8,19,1625,1,2,1,1.0,1.0,87075,M,4579090.0,116685.0,87
201700038193,17,8,23,1636,1,2,1,1.0,6.0,87085,M,4582800.0,126125.0,87
201700038194,17,8,24,1745,1,2,1,1.0,2.0,87085,M,4582520.0,127301.0,87
201700038195,17,8,25,1828,1,2,3,1.0,3.0,87085,M,4585850.0,125794.0,87
201700038196,17,8,28,1940,1,2,1,1.0,6.0,87085,M,4582680.0,126365.0,87
201700038197,17,9,1,1552,1,1,1,2.0,1.0,87065,M,4581490.0,134231.0,87
201700038198,17,8,30,1127,1,2,2,3.0,3.0,87085,M,4582110.0,123022.0,87
201700038199,17,9,4,1041,1,2,3,1.0,4.0,87085,M,4582920.0,128513.0,87
201700038200,17,9,5,822,1,2,3,1.0,3.0,87085,M,4582300.0,123161.0,87
201700038201,17,9,1,1735,1,2,1,1.0,3.0,87085,M,4582470.0,125528.0,87
201700038202,17,9,2,1216,1,2,7,1.0,3.0,87085,M,4583010.0,125054.0,87
201700038203,17,9,1,1700,1,2,1,2.0,6.0,87085,M,4584690.0,125544.0,87
201700038204,17,9,7,1157,1,2,3,1.0,3.0,87085,M,4583730.0,124910.0,87
201700038205,17,9,2,1601,1,2,3,1.0,3.0,87085,M,4585660.0,125068.0,87
201700038206,17,9,2,1500,1,2,1,1.0,2.0,87085,M,4582830.0,126158.0,87
201700038207,17,9,2,1732,1,1,1,1.0,1.0,87065,M,4578930.0,129783.0,87
201700038208,17,9,8,1815,1,2,1,1.0,6.0,87085,M,4587830.0,130042.0,87
201700038209,17,9,9,1147,1,2,1,2.0,3.0,87085,M,4583040.0,126317.0,87
201700038210,17,9,10,1047,1,2,1,1.0,6.0,87085,M,4585090.0,124468.0,87
201700038211,17,9,11,1740,1,2,2,1.0,3.0,87085,M,4584430.0,124056.0,87
201700038212,17,9,15,1248,1,2,9,1.0,2.0,87050,M,4590180.0,122858.0,87
201700038213,17,9,17,139,5,2,1,2.0,6.0,87085,M,4583210.0,127092.0,87
201700038214,17,9,15,1904,1,1,1,2.0,2.0,87085,M,4587140.0,128765.0,87
201700038215,17,9,21,854,1,2,2,1.0,3.0,87085,M,4582750.0,127890.0,87
201700038216,17,9,21,813,1,2,3,1.0,3.0,87085,M,4583630.0,125008.0,87
201700038217,17,9,22,1109,1,1,1,1.0,2.0,87085,M,4588530.0,129169.0,87
201700038218,17,9,27,1345,1,2,9,1.0,3.0,87065,M,4580970.0,132804.0,87
201700038219,17,9,28,1238,1,2,1,1.0,2.0,87113,M,4586400.0,132374.0,87
201700038220,17,9,30,150,5,2,1,1.0,6.0,87085,M,4584750.0,126150.0,87
201700038221,17,9,29,611,5,2,1,1.0,6.0,87065,M,4581200.0,130242.0,87
201700038222,17,10,1,28,5,2,1,1.0,7.0,87085,M,4580340.0,128972.0,87
201700038223,17,10,2,1721,1,2,3,1.0,3.0,87085,M,4584110.0,124405.0,87
201700038224,17,10,3,1233,1,1,1,2.0,6.0,87085,M,4585760.0,128308.0,87
201700038225,17,10,4,1514,1,2,2,1.0,6.0,87085,M,4582860.0,125612.0,87
201700038226,17,10,8,1319,1,1,1,2.0,6.0,87065,M,4579450.0,129523.0,87
201700038227,17,10,8,2028,5,2,1,2.0,3.0,87085,M,4586030.0,128633.0,87
201700038228,17,10,6,626,5,2,3,1.0,6.0,87075,M,4580210.0,123182.0,87
201700038229,17,10,3,818,2,2,1,2.0,3.0,87085,M,4581980.0,128547.0,87
201700038230,17,10,4,630,5,1,1,1.0,6.0,87050,M,4587740.0,126130.0,87
201700038231,17,10,4,1735,1,2,1,1.0,4.0,87085,M,4583060.0,127155.0,87
201700038232,17,10,2,1442,1,1,1,1.0,3.0,87065,M,4578630.0,130311.0,87
201700038233,17,10,3,1742,1,2,3,1.0,7.0,87085,M,4582920.0,127812.0,87
201700038234,17,10,16,816,2,2,3,1.0,3.0,87085,M,4582360.0,124053.0,87
201700038235,17,10,6,1034,1,2,1,1.0,6.0,87065,M,4581160.0,132395.0,87
201700038236,17,10,6,1730,1,2,1,1.0,6.0,87085,M,4582490.0,122988.0,87
201700038237,17,10,6,1738,1,2,1,1.0,1.0,87085,M,4584260.0,122825.0,87
201700038238,17,10,18,1717,1,2,1,1.0,4.0,87085,M,4585760.0,127038.0,87
201700038239,17,10,19,1540,1,2,1,1.0,6.0,87085,M,4583970.0,125478.0,87
201700038240,17,10,9,1150,1,2,1,1.0,6.0,87085,M,4584680.0,127947.0,87
201700038241,17,10,10,2046,5,2,2,1.0,3.0,87085,M,4581880.0,125205.0,87
201700038242,17,10,20,1000,1,2,3,2.0,2.0,87085,M,4582190.0,126434.0,87
201700038243,17,10,19,1022,1,2,2,2.0,3.0,87085,M,4583450.0,122644.0,87
201700038244,17,10,12,1040,1,2,2,1.0,3.0,87085,M,4583390.0,124731.0,87
201700038245,17,10,13,930,1,2,2,1.0,6.0,87085,M,4583970.0,123447.0,87
201700038246,17,10,16,2046,5,2,7,1.0,3.0,87085,M,4583300.0,125556.0,87
201700038247,17,10,21,1224,1,2,1,2.0,6.0,87085,M,4585010.0,126334.0,87
201700038248,17,10,25,802,2,2,3,1.0,3.0,87085,M,4583970.0,124469.0,87
201700038249,17,10,26,1016,1,2,1,1.0,2.0,87085,M,4582000.0,124904.0,87
201700038250,17,10,20,910,1,2,1,2.0,7.0,87085,M,4582870.0,126187.0,87
201700038251,17,10,27,1032,1,2,1,2.0,2.0,87085,M,4586260.0,125885.0,87
201700038252,17,10,13,711,5,2,1,1.0,4.0,87085,M,4581730.0,125279.0,87
201700038253,17,10,27,1510,1,2,3,1.0,3.0,87050,M,4587680.0,124380.0,87
201700038254,17,10,29,1732,1,2,3,2.0,3.0,87085,M,4582470.0,123459.0,87
201700038255,17,10,30,1446,1,2,3,1.0,3.0,87085,M,4581260.0,124416.0,87
201700038256,17,10,28,1125,1,2,6,1.0,3.0,87085,M,4583500.0,122684.0,87
201700038257,17,10,31,1021,1,1,1,2.0,6.0,87085,M,4584150.0,123297.0,87
201700038258,17,10,30,1500,1,2,3,1.0,3.0,87085,M,4581820.0,129090.0,87
201700038259,17,10,21,1138,1,2,1,2.0,1.0,87075,M,4580630.0,122965.0,87
201700038260,17,10,22,1320,1,1,1,1.0,1.0,87085,M,4586900.0,116529.0,87
201700038261,17,11,3,2107,5,1,2,1.0,3.0,87050,M,4590570.0,122271.0,87
201700038262,17,11,6,1630,1,1,1,1.0,4.0,87085,M,4587610.0,128776.0,87
201700038263,17,11,7,1359,1,2,3,1.0,4.0,87085,M,4582230.0,123980.0,87
201700038264,17,11,8,2121,5,2,3,2.0,6.0,87085,M,4584600.0,124560.0,87
201700038265,17,11,11,1936,2,2,6,2.0,3.0,87085,M,4582920.0,127812.0,87
201700038266,17,11,14,857,5,2,1,1.0,6.0,87085,M,4582810.0,125513.0,87
201700038267,17,11,19,1941,2,2,1,2.0,6.0,87075,M,4580430.0,122372.0,87
201700038268,17,11,8,1004,1,1,1,2.0,1.0,87085,M,4580400.0,123317.0,87
201700038269,17,11,9,849,1,2,1,1.0,6.0,87085,M,4585610.0,124769.0,87
201700038270,17,11,21,1113,1,2,1,1.0,6.0,87085,M,4589430.0,128085.0,87
201700038271,17,11,23,1801,2,2,1,1.0,4.0,87085,M,4584490.0,124127.0,87
201700038272,17,11,24,1558,1,2,1,2.0,6.0,87085,M,4581710.0,125242.0,87
201700038273,17,11,26,1709,1,2,1,1.0,6.0,87085,M,4582630.0,126810.0,87
201700038274,17,11,13,1701,1,2,1,1.0,6.0,87085,M,4585250.0,124958.0,87
201700038275,17,11,18,715,3,1,1,1.0,6.0,87085,M,4591610.0,129514.0,87
201700038276,17,11,25,17,5,2,1,1.0,6.0,87085,M,4581370.0,125859.0,87
201700038277,17,11,20,1842,5,2,1,1.0,6.0,87085,M,4580880.0,125971.0,87
201700038278,17,11,23,1130,1,2,1,1.0,6.0,87085,M,4588280.0,128780.0,87
201700038279,17,11,28,1400,1,2,1,3.0,3.0,87085,M,4582050.0,125563.0,87
201700038280,17,11,24,1736,5,1,1,3.0,2.0,87085,M,4583620.0,128386.0,87
201700038281,17,11,24,1931,5,2,1,3.0,6.0,87085,M,4582800.0,126125.0,87
201700038282,17,11,27,716,5,2,1,1.0,6.0,87085,M,4583420.0,122788.0,87
201700038283,17,11,24,1759,2,2,1,3.0,6.0,87085,M,4585760.0,128544.0,87
201700038284,17,11,30,1953,2,2,1,2.0,6.0,87085,M,4583780.0,125898.0,87
201700038285,17,12,2,1825,1,1,1,2.0,6.0,87085,M,4584320.0,118608.0,87
201700038286,17,12,4,1146,1,1,1,1.0,2.0,87085,M,4588360.0,129328.0,87
201700038287,17,12,1,1400,1,2,2,4.0,3.0,87085,M,4584850.0,126222.0,87
201700038288,17,12,4,1343,1,2,1,5.0,4.0,87113,M,4586440.0,132383.0,87
201700038289,17,12,4,1356,1,2,1,2.0,6.0,87085,M,4579710.0,125671.0,87
201700038290,17,12,7,1847,2,2,1,3.0,4.0,87075,M,4578820.0,117978.0,87
201700038291,17,12,2,2048,5,2,1,1.0,6.0,87085,M,4583140.0,123814.0,87
201700038292,17,12,8,845,1,2,1,1.0,2.0,87085,M,4585720.0,126985.0,87
201700038293,17,12,11,730,5,2,1,2.0,2.0,87065,M,4581590.0,131216.0,87
201700038294,17,12,11,745,5,2,1,2.0,3.0,87085,M,4582540.0,127162.0,87
201700038295,17,12,11,1349,1,2,1,2.0,2.0,87085,M,4582520.0,127720.0,87
201700038296,17,12,13,905,1,2,1,2.0,3.0,87085,M,4581900.0,125281.0,87
201700038297,17,12,13,2209,5,2,2,2.0,3.0,87085,M,4582360.0,125121.0,87
201700038298,17,12,17,1854,2,1,1,2.0,6.0,87048,M,4579800.0,125173.0,87
201700038299,17,12,15,1357,1,1,1,2.0,2.0,87085,M,4585930.0,128506.0,87
201700038300,17,12,14,1200,1,1,1,3.0,6.0,87085,M,4584920.0,127679.0,87
201700038301,17,12,14,1351,1,2,1,2.0,5.0,87085,M,4582780.0,125788.0,87
201700038302,17,12,18,801,5,2,1,2.0,6.0,87085,M,4582740.0,122607.0,87
201700038303,17,12,18,1511,1,1,1,2.0,6.0,87085,M,4584900.0,127698.0,87
201700038304,17,12,19,1222,1,2,1,1.0,6.0,87085,M,4583440.0,126101.0,87
201700038305,17,12,18,749,5,2,1,2.0,6.0,87085,M,4583300.0,123176.0,87
201700038306,17,12,19,1542,1,2,1,1.0,6.0,87085,M,4583440.0,126342.0,87
201700038307,17,12,18,903,1,2,3,2.0,3.0,87050,M,4586740.0,123811.0,87
201700038308,17,12,16,1908,2,2,1,1.0,2.0,87085,M,4584950.0,126291.0,87
201700038309,17,12,17,1922,2,2,3,1.0,3.0,87085,M,4583460.0,126427.0,87
201700038310,17,12,22,1100,1,2,1,1.0,6.0,87085,M,4582490.0,122780.0,87
201700038311,17,12,22,1801,1,1,1,2.0,2.0,87050,M,4589060.0,127412.0,87
201700038312,17,12,23,1014,1,2,1,2.0,6.0,87085,M,4581350.0,128897.0,87
201700038313,17,12,23,1328,1,1,1,1.0,6.0,87048,M,4580700.0,125361.0,87
201700038314,17,1,2,1733,3,1,1,4.0,6.0,88160,M,4817742.0,650106.0,88
201700038315,17,3,21,1710,1,2,2,2.0,6.0,88160,M,4817410.0,645054.0,88
201700038316,17,4,1,217,5,2,2,1.0,3.0,88160,M,4817510.0,644925.0,88
201700038317,17,4,12,1345,1,2,1,1.0,6.0,88160,M,4818360.0,645479.0,88
201700038318,17,6,20,1205,1,2,1,1.0,6.0,88160,M,4817801.0,644563.0,88
201700038319,17,8,22,1739,1,2,9,7.0,6.0,88160,M,4818487.0,645656.0,88
201700038320,17,8,23,1615,1,2,1,1.0,6.0,88160,M,4816549.0,645506.0,88
201700038321,17,9,3,323,5,2,1,5.0,6.0,88160,M,4817597.0,644963.0,88
201700038322,17,11,23,1550,1,2,2,1.0,6.0,88160,M,4819513.0,646085.0,88
201700038323,17,11,10,1630,5,2,1,3.0,6.0,88160,M,4817712.0,644754.0,88
201700038324,17,12,14,1630,2,2,1,2.0,6.0,88160,M,4816107.0,645067.0,88
201700038325,17,12,19,50,5,2,1,9.0,7.0,88160,M,4818999.0,644766.0,88
201700038326,17,12,30,1947,5,2,1,2.0,6.0,88209,M,4821004.0,644092.0,88
201700038327,17,7,30,940,1,1,1,1.0,1.0,88429,M,4808430.0,659623.0,88
201700038328,17,9,20,1800,1,1,2,1.0,3.0,88429,M,4807366.0,659652.0,88
201700038329,17,1,26,1923,3,1,9,1.0,3.0,88424,M,4826200.0,696391.0,88
201700038330,17,1,21,406,3,1,1,1.0,6.0,88413,M,4830298.0,692524.0,88
201700038331,17,3,20,1220,1,1,1,1.0,1.0,88413,M,4829750.0,691694.0,88
201700038332,17,3,30,2150,5,2,3,1.0,2.0,88413,M,4828040.0,695531.0,88
201700038333,17,4,28,1125,1,2,1,1.0,6.0,88413,M,4829980.0,692766.0,88
201700038334,17,6,7,1820,1,2,1,1.0,7.0,88413,M,4829024.0,696318.0,88
201700038335,17,6,16,2000,1,2,1,1.0,3.0,88413,M,4828436.0,695293.0,88
201700038336,17,6,28,1515,1,2,2,1.0,6.0,88413,M,4828422.0,695643.0,88
201700038337,17,7,2,1620,1,2,1,8.0,6.0,88413,M,4828169.0,695742.0,88
201700038338,17,7,14,1735,1,2,2,1.0,3.0,88413,M,4828422.0,695600.0,88
201700038339,17,7,22,1725,1,2,1,1.0,6.0,88413,M,4829160.0,697731.0,88
201700038340,17,8,2,1610,1,1,1,1.0,6.0,88463,M,4827478.0,686558.0,88
201700038341,17,7,21,1859,1,2,1,1.0,3.0,88413,M,4829270.0,694194.0,88
201700038342,17,8,11,140,5,2,1,1.0,6.0,88424,M,4826695.0,659793.0,88
201700038343,17,8,23,1405,1,2,1,1.0,7.0,88413,M,4828483.0,695631.0,88
201700038344,17,9,12,1905,1,2,2,1.0,5.0,88413,M,4828350.0,695607.0,88
201700038345,17,9,26,1159,1,2,1,1.0,3.0,88413,M,4828816.0,695180.0,88
201700038346,17,10,8,600,5,2,6,2.0,6.0,88413,M,4828539.0,694916.0,88
201700038347,17,10,10,1430,1,2,2,8.0,3.0,88413,M,4828872.0,694402.0,88
201700038348,17,10,9,900,1,2,6,1.0,3.0,88413,M,4829383.0,693463.0,88
201700038349,17,11,7,2120,5,2,3,2.0,3.0,88413,M,4828341.0,695734.0,88
201700038350,17,11,19,1525,1,2,6,1.0,1.0,88413,M,4829260.0,693520.0,88
201700038351,17,11,12,850,1,2,3,3.0,6.0,88413,M,4828441.0,695294.0,88
201700038352,17,11,28,945,1,2,1,2.0,1.0,88463,M,4824238.0,689341.0,88
201700038353,17,12,4,1015,1,2,1,8.0,4.0,88413,M,4828340.0,694910.0,88
201700038354,17,12,11,802,2,2,1,5.0,6.0,88413,M,4828782.0,695514.0,88
201700038355,17,1,13,1810,5,2,3,2.0,3.0,89024,M,4780800.0,356438.0,89
201700038356,17,2,4,2010,3,1,1,2.0,3.0,89024,M,4778561.0,360793.0,89
201700038357,17,5,9,1845,1,2,1,1.0,6.0,89024,M,4778404.0,356327.0,89
201700038358,17,6,11,1815,1,2,1,1.0,6.0,89024,M,4779801.0,355239.0,89
201700038359,17,9,12,630,2,2,1,1.0,6.0,89024,M,4780939.0,358450.0,89
201700038360,17,9,21,1325,1,2,5,1.0,6.0,89024,M,4779396.0,359098.0,89
201700038361,17,9,28,1345,1,2,1,1.0,3.0,89024,M,4779628.0,357999.0,89
201700038362,17,10,4,1603,1,2,1,1.0,6.0,89024,M,4780430.0,356537.0,89
201700038363,17,10,20,1510,1,2,2,1.0,3.0,89024,M,4779220.0,357237.0,89
201700038364,17,12,1,730,5,2,1,1.0,6.0,89024,M,4780765.0,356464.0,89
201700038365,17,12,4,1935,5,2,1,1.0,6.0,89024,M,4780313.0,357378.0,89
201700038366,17,12,19,735,5,2,1,1.0,6.0,89024,M,4779744.0,356037.0,89
201700038367,17,1,2,525,3,1,1,2.0,6.0,89127,M,4822427.0,326156.0,89
201700038368,17,12,20,1741,3,1,1,2.0,5.0,89387,M,4816520.0,329964.0,89
201700038369,17,1,9,1005,1,2,1,8.0,6.0,89387,M,4819610.0,327752.0,89
201700038370,17,12,28,956,1,2,1,1.0,6.0,89387,M,4820358.0,330716.0,89
201700038371,17,1,27,2005,5,2,1,2.0,6.0,89387,M,4819620.0,328815.0,89
201700038372,17,1,30,1825,5,2,1,2.0,6.0,89387,M,4817725.0,328924.0,89
201700038373,17,1,25,955,1,2,2,1.0,3.0,89387,M,4819369.0,329300.0,89
201700038374,17,2,3,1615,1,2,3,2.0,1.0,89387,M,4819487.0,328046.0,89
201700038375,17,2,27,1820,2,2,1,3.0,6.0,89387,M,4819670.0,330611.0,89
201700038376,17,2,16,1852,5,2,2,1.0,6.0,89387,M,4820289.0,329629.0,89