Num_Acc,an,mois,jour,hrmn,lum,agg,int,atm,col,com,gps,lat,long,dep
201700038377,17,2,18,1830,2,2,1,1.0,1.0,89387,M,4819574.0,330795.0,89
201700038378,17,3,7,1400,1,1,1,1.0,3.0,89387,M,4820680.0,329982.0,89
201700038379,17,3,2,1035,1,2,2,1.0,1.0,89387,M,4819084.0,328536.0,89
201700038380,17,3,8,2150,5,2,1,2.0,7.0,89287,M,4819092.0,326355.0,89
201700038381,17,3,30,1200,1,2,2,1.0,6.0,89387,M,4819874.0,330424.0,89
201700038382,17,4,12,940,1,2,1,1.0,2.0,89387,M,4819571.0,328324.0,89
201700038383,17,3,10,1405,1,2,1,1.0,2.0,89387,M,4820638.0,327750.0,89
201700038384,17,4,19,1210,1,1,1,1.0,4.0,89387,M,4820241.0,331529.0,89
201700038385,17,4,28,2120,5,1,1,1.0,6.0,89127,M,4823610.0,325173.0,89
201700038386,17,4,7,1425,1,2,1,1.0,6.0,89387,M,4819736.0,326824.0,89
201700038387,17,4,19,1600,1,2,3,1.0,3.0,89354,M,4821688.0,326160.0,89
201700038388,17,4,24,1105,1,2,1,1.0,2.0,89387,M,4819760.0,327445.0,89
201700038389,17,6,10,1505,1,2,2,1.0,1.0,89287,M,4819545.0,326212.0,89
201700038390,17,6,21,2150,1,2,1,1.0,1.0,89387,M,4821203.0,326428.0,89
201700038391,17,6,28,835,1,2,1,2.0,4.0,89287,M,4817889.0,325362.0,89
201700038392,17,6,17,920,1,2,9,1.0,6.0,89387,M,4820370.0,326832.0,89
201700038393,17,8,17,120,5,2,2,2.0,6.0,89387,M,4819475.0,328346.0,89
201700038394,17,7,27,1030,1,1,1,8.0,3.0,89387,M,4818954.0,331073.0,89
201700038395,17,7,6,1550,1,1,1,1.0,5.0,89387,M,4822870.0,327489.0,89
201700038396,17,7,28,725,1,2,2,1.0,3.0,89387,M,4820499.0,328485.0,89
201700038397,17,8,28,1710,1,2,1,1.0,2.0,89387,M,4820532.0,327989.0,89
201700038398,17,10,10,1931,2,2,2,1.0,1.0,89387,M,4819450.0,328359.0,89
201700038399,17,9,30,1700,1,1,9,1.0,3.0,89387,M,4821234.0,326428.0,89
201700038400,17,12,6,1600,1,2,1,1.0,6.0,89387,M,4820358.0,326793.0,89
201700038401,17,10,27,850,1,2,1,1.0,3.0,89387,M,4819219.0,329952.0,89
201700038402,17,11,22,1900,5,2,1,2.0,6.0,89387,M,4818555.0,328603.0,89
201700038403,17,1,13,1350,1,2,1,8.0,6.0,90010,M,4765472.0,684777.0,90
201700038404,17,1,16,1814,5,2,1,1.0,6.0,90099,M,,,90
201700038405,17,1,26,800,1,2,1,1.0,1.0,90010,M,,,90
201700038406,17,2,9,1841,4,2,1,1.0,1.0,90010,M,,,90
201700038407,17,2,17,605,5,2,1,2.0,6.0,90010,M,,,90
201700038408,17,3,12,214,5,2,1,1.0,6.0,90010,M,,,90
201700038409,17,3,26,630,5,2,2,1.0,6.0,90010,M,,,90
201700038410,17,3,27,1737,1,2,1,1.0,6.0,90010,M,4763979.0,684627.0,90
201700038411,17,4,17,2107,5,2,3,2.0,3.0,90010,M,,,90
201700038412,17,5,18,1325,1,2,1,1.0,6.0,90010,M,4700000.0,600000.0,90
201700038413,17,5,24,1417,1,2,2,1.0,3.0,90010,M,4700000.0,600000.0,90
201700038414,17,6,11,1831,1,2,1,1.0,3.0,90010,M,4700000.0,600000.0,90
201700038415,17,6,16,1223,1,2,1,1.0,3.0,90010,M,4700000.0,600000.0,90
201700038416,17,6,22,410,5,2,1,1.0,6.0,90010,M,4764326.0,684094.0,90
201700038417,17,6,24,1639,1,1,1,1.0,1.0,90099,M,4766974.0,683173.0,90
201700038418,17,7,13,1255,1,2,1,1.0,1.0,90032,M,4761000.0,686000.0,90
201700038419,17,9,11,1640,1,1,1,1.0,6.0,90001,M,4760000.0,686450.0,90
201700038420,17,9,14,825,1,2,1,3.0,4.0,90010,M,4765000.0,684000.0,90
201700038421,17,9,25,706,5,2,3,1.0,6.0,90010,M,4763027.0,686550.0,90
201700038422,17,10,9,1050,1,2,1,1.0,3.0,90010,M,4764179.0,686549.0,90
201700038423,17,10,13,1455,1,2,4,1.0,6.0,90010,M,4763000.0,686000.0,90
201700038424,17,10,15,741,3,1,1,5.0,7.0,90076,M,4763293.0,690221.0,90
201700038425,17,10,19,1908,5,2,1,1.0,6.0,90010,M,4763457.0,687169.0,90
201700038426,17,10,20,1335,1,2,9,1.0,6.0,90010,M,4763370.0,686094.0,90
201700038427,17,10,21,1140,1,2,1,1.0,5.0,90010,M,4765305.0,686248.0,90
201700038428,17,10,31,1759,5,2,1,1.0,6.0,90010,M,4764147.0,685587.0,90
201700038429,17,11,27,1346,1,2,1,1.0,6.0,90010,M,,,90
201700038430,17,12,1,110,5,2,1,4.0,6.0,90010,M,4763705.0,685896.0,90
201700038431,17,12,9,140,5,2,4,4.0,6.0,90010,M,4763840.0,685154.0,90
201700038432,17,12,12,2059,5,2,2,1.0,6.0,90010,M,4763000.0,685000.0,90
201700038433,17,1,9,2048,5,2,2,3.0,2.0,91103,M,4860384.0,231133.0,91
201700038434,17,12,30,1555,1,1,6,2.0,4.0,91103,M,4858750.0,230719.0,91
201700038435,17,1,10,1509,1,1,1,1.0,6.0,91021,M,4858400.0,223900.0,91
201700038436,17,1,26,1215,1,2,1,1.0,2.0,91103,M,4861194.0,230383.0,91
201700038437,17,1,30,840,2,2,1,2.0,6.0,91425,M,4864808.0,227441.0,91
201700038438,17,1,31,1905,3,1,1,1.0,4.0,91457,M,4857549.0,227392.0,91
201700038439,17,2,8,300,3,1,1,1.0,6.0,91103,M,4859531.0,231181.0,91
201700038440,17,2,11,2110,3,1,1,1.0,7.0,91457,M,4857590.0,227671.0,91
201700038441,17,3,2,1015,1,1,1,1.0,3.0,91552,M,4859670.0,225017.0,91
201700038442,17,3,3,2000,5,1,1,1.0,2.0,91552,M,4861147.0,225336.0,91
201700038443,17,3,8,730,1,2,1,2.0,3.0,91347,M,4865318.0,227335.0,91
201700038444,17,3,8,1104,1,1,1,1.0,6.0,91425,M,4864283.0,225907.0,91
201700038445,17,3,10,815,1,2,3,1.0,2.0,91103,M,4860161.0,230029.0,91
201700038446,17,3,10,1850,1,2,1,1.0,2.0,91339,M,4863146.0,226401.0,91
201700038447,17,3,11,110,5,1,1,1.0,6.0,91552,M,4859669.0,224423.0,91
201700038448,17,3,11,1420,1,2,1,1.0,6.0,91103,M,4858801.0,230338.0,91
201700038449,17,3,11,1500,1,1,1,1.0,4.0,91552,M,4859718.0,224453.0,91
201700038450,17,3,16,1525,1,1,6,1.0,3.0,91021,M,4859862.0,223795.0,91
201700038451,17,3,21,1825,1,1,1,1.0,4.0,91339,M,4862753.0,226239.0,91
201700038452,17,3,27,1140,1,1,1,1.0,6.0,91103,M,4859635.0,231261.0,91
201700038453,17,3,27,1842,1,2,1,1.0,7.0,91347,M,4863507.0,228674.0,91
201700038454,17,3,21,1200,1,2,1,1.0,2.0,91425,M,4864963.0,227589.0,91
201700038455,17,3,30,1400,1,2,2,1.0,6.0,91103,M,4860746.0,230946.0,91
201700038456,17,3,31,1100,1,2,1,1.0,2.0,91425,M,4864053.0,226843.0,91
201700038457,17,4,5,1355,1,1,1,1.0,3.0,91425,M,4864731.0,226537.0,91
201700038458,17,4,7,1710,1,1,4,1.0,6.0,91339,M,4861671.0,225661.0,91
201700038459,17,4,7,2250,5,2,1,1.0,2.0,91457,M,4857947.0,225721.0,91
201700038460,17,4,11,1700,1,1,1,1.0,7.0,91425,M,4863895.0,226783.0,91
201700038461,17,4,14,1630,1,1,1,1.0,2.0,91552,M,4860291.0,224804.0,91
201700038462,17,4,17,1600,1,1,1,1.0,2.0,91339,M,4863236.0,226461.0,91
201700038463,17,4,21,824,1,1,1,1.0,5.0,91347,M,4865431.0,227378.0,91
201700038464,17,4,28,828,1,2,1,1.0,6.0,91021,M,4858019.0,224532.0,91
201700038465,17,4,28,1645,1,2,1,1.0,6.0,91552,M,4861478.0,224779.0,91
201700038466,17,5,1,1505,1,1,1,1.0,1.0,91665,M,4864699.0,227052.0,91
201700038467,17,5,5,1420,1,2,1,1.0,2.0,91339,M,4863236.0,226461.0,91
201700038468,17,5,5,2310,5,2,3,1.0,3.0,91347,M,4862979.0,228959.0,91
201700038469,17,5,6,1510,1,2,1,2.0,2.0,91339,M,4863236.0,226461.0,91
201700038470,17,5,7,2219,5,2,1,1.0,6.0,91552,M,4860405.0,225676.0,91
201700038471,17,5,11,1130,1,2,7,1.0,6.0,91021,M,4858644.0,223955.0,91
201700038472,17,5,11,1900,1,1,1,2.0,7.0,91103,M,4860341.0,231947.0,91
201700038473,17,5,12,855,1,1,1,1.0,2.0,91570,M,4862586.0,230106.0,91
201700038474,17,5,13,2050,1,1,1,1.0,7.0,91103,M,4858568.0,230606.0,91
201700038475,17,5,16,1310,1,2,1,1.0,1.0,91552,M,4859283.0,225258.0,91
201700038476,17,5,16,1650,1,2,1,1.0,5.0,91425,M,4864452.0,226986.0,91
201700038477,17,5,17,1900,1,2,1,1.0,7.0,91339,M,4863418.0,226692.0,91
201700038478,17,5,18,902,1,2,1,1.0,5.0,91425,M,4863900.0,226789.0,91
201700038479,17,5,18,1800,1,2,9,3.0,3.0,91021,M,4858634.0,223989.0,91
201700038480,17,5,24,1525,1,2,2,1.0,3.0,91347,M,4863532.0,228563.0,91
201700038481,17,5,28,855,1,2,1,1.0,7.0,91103,M,4859545.0,231209.0,91
201700038482,17,6,4,1500,1,1,1,1.0,6.0,91552,M,4859503.0,225888.0,91
201700038483,17,6,5,1630,1,2,1,1.0,7.0,91339,M,4863217.0,226448.0,91
201700038484,17,6,6,1530,1,2,1,1.0,6.0,91103,M,4859566.0,229267.0,91
201700038485,17,6,7,1930,1,1,1,1.0,7.0,91494,M,4861423.0,235038.0,91
201700038486,17,6,8,730,1,2,1,1.0,4.0,91347,M,4865040.0,227226.0,91
201700038487,17,6,8,755,1,2,1,1.0,7.0,91425,M,4863895.0,226783.0,91
201700038488,17,6,8,800,1,2,1,1.0,3.0,91347,M,4866050.0,227600.0,91
201700038489,17,6,8,1405,1,2,1,1.0,6.0,91103,M,4860335.0,230085.0,91
201700038490,17,6,9,1230,1,2,1,1.0,2.0,91339,M,4863471.0,226711.0,91
201700038491,17,6,10,1250,1,1,1,1.0,4.0,91339,M,4863236.0,226461.0,91
201700038492,17,6,10,1600,1,2,1,1.0,7.0,91339,M,4862822.0,226052.0,91
201700038493,17,6,14,2330,3,1,1,1.0,7.0,91103,M,4857883.0,230059.0,91
201700038494,17,6,15,1430,1,1,1,1.0,7.0,91103,M,4860743.0,227595.0,91
201700038495,17,6,23,1515,1,2,1,1.0,6.0,91021,M,4859474.0,224640.0,91
201700038496,17,6,23,2035,1,2,1,1.0,2.0,91457,M,4858076.0,225674.0,91
201700038497,17,6,24,2115,2,2,1,1.0,7.0,91339,M,4862425.0,225417.0,91
201700038498,17,6,26,1226,1,2,1,1.0,6.0,91021,M,4858074.0,224164.0,91
201700038499,17,7,3,1636,1,2,1,1.0,7.0,91552,M,4859668.0,225015.0,91
201700038500,17,7,7,1745,1,2,1,1.0,2.0,91339,M,4863224.0,226452.0,91
201700038501,17,7,13,1504,1,2,1,1.0,3.0,91021,M,4558916.0,225240.0,91
201700038502,17,7,15,535,2,2,1,1.0,6.0,91103,M,4861514.0,230670.0,91
201700038503,17,7,17,730,1,1,1,1.0,4.0,91347,M,4865832.0,227550.0,91
201700038504,17,7,21,1800,1,2,1,1.0,3.0,91457,M,4857796.0,225850.0,91
201700038505,17,7,22,1455,1,2,1,1.0,4.0,91021,M,4858159.0,224218.0,91
201700038506,17,7,26,1433,1,1,1,1.0,2.0,91333,M,4860727.0,225083.0,91
201700038507,17,7,29,1515,1,1,1,1.0,7.0,91552,M,4859640.0,224404.0,91
201700038508,17,7,29,1830,1,2,1,1.0,6.0,91103,M,4860715.0,230833.0,91
201700038509,17,8,2,150,5,2,6,1.0,6.0,91103,M,4859400.0,230300.0,91
201700038510,17,8,5,1930,1,2,1,1.0,2.0,91021,M,4858972.0,224861.0,91
201700038511,17,8,8,1750,1,2,9,1.0,3.0,91103,M,4858561.0,230550.0,91
201700038512,17,8,9,2310,5,2,3,2.0,6.0,91021,M,4858393.0,223761.0,91
201700038513,17,8,11,2314,5,1,1,1.0,3.0,91103,M,4862439.0,229752.0,91
201700038514,17,8,12,1750,1,2,3,1.0,3.0,91021,M,4859036.0,225523.0,91
201700038515,17,8,13,1915,1,1,1,1.0,6.0,91552,M,4860297.0,224825.0,91
201700038516,17,8,23,825,1,2,3,1.0,3.0,91021,M,4858451.0,224449.0,91
201700038517,17,8,24,1725,1,2,1,1.0,6.0,91425,M,4863895.0,226783.0,91
201700038518,17,8,25,1720,1,2,1,1.0,2.0,91339,M,4863078.0,226519.0,91
201700038519,17,8,26,215,5,1,7,1.0,3.0,91425,M,4864028.0,226831.0,91
201700038520,17,9,4,1653,1,2,1,1.0,6.0,91021,M,4858969.0,225783.0,91
201700038521,17,9,5,1650,1,2,1,1.0,4.0,91103,M,4860475.0,230577.0,91
201700038522,17,9,6,715,2,2,2,1.0,3.0,91103,M,4859584.0,230375.0,91
201700038523,17,9,8,1700,1,2,1,2.0,1.0,91333,M,4861564.0,226828.0,91
201700038524,17,9,12,750,1,2,1,1.0,3.0,91339,M,4862625.0,226262.0,91
201700038525,17,9,12,1035,1,2,1,1.0,3.0,91021,M,4859022.0,224838.0,91
201700038526,17,9,18,1615,1,2,1,2.0,6.0,91347,M,4865800.0,228400.0,91
201700038527,17,9,20,2004,2,2,1,1.0,2.0,91347,M,4865100.0,227400.0,91
201700038528,17,9,22,817,1,2,1,1.0,2.0,91425,M,4864908.0,227175.0,91
201700038529,17,9,28,1800,1,2,1,1.0,6.0,91021,M,4858832.0,225191.0,91
201700038530,17,9,28,1930,3,1,1,1.0,2.0,91339,M,4862430.0,226133.0,91
201700038531,17,10,3,835,2,2,1,1.0,7.0,91103,M,4858300.0,230500.0,91
201700038532,17,10,3,2000,3,1,1,1.0,7.0,91457,M,4857454.0,226100.0,91
201700038533,17,10,7,2040,2,2,1,2.0,5.0,91425,M,4864785.0,227118.0,91
201700038534,17,10,14,550,5,2,1,1.0,7.0,91425,M,4863900.0,225914.0,91
201700038535,17,10,17,1949,5,2,1,1.0,6.0,91103,M,4860781.0,230614.0,91
201700038536,17,10,20,1240,1,2,9,1.0,6.0,91103,M,4858790.0,230391.0,91
201700038537,17,10,21,1610,1,2,1,1.0,6.0,91103,M,4861855.0,230114.0,91
201700038538,17,10,24,749,1,2,1,2.0,2.0,91425,M,4863977.0,226803.0,91
201700038539,17,10,24,915,1,2,1,2.0,2.0,91103,M,4860682.0,232720.0,91
201700038540,17,10,25,1610,1,2,1,1.0,3.0,91103,M,4860788.0,203090.0,91
201700038541,17,10,31,1205,1,2,1,1.0,3.0,91103,M,4860963.0,230232.0,91
201700038542,17,11,1,1515,1,2,1,1.0,2.0,91425,M,4864863.0,227452.0,91
201700038543,17,11,1,1824,5,2,1,1.0,6.0,91339,M,4863308.0,226794.0,91
201700038544,17,11,4,1715,1,2,1,1.0,2.0,91425,M,4864351.0,226957.0,91
201700038545,17,11,5,400,5,2,1,1.0,6.0,91457,M,4858639.0,225539.0,91
201700038546,17,11,5,2100,5,1,1,2.0,3.0,91425,M,4864842.0,226775.0,91
201700038547,17,11,7,810,1,2,1,1.0,1.0,91333,M,4862161.0,226696.0,91
201700038548,17,10,8,745,2,1,1,1.0,3.0,91021,M,4859834.0,224529.0,91
201700038549,17,11,8,745,2,1,1,1.0,3.0,91021,M,4859834.0,224529.0,91
201700038550,17,11,15,1510,1,1,1,1.0,3.0,91021,M,4859516.0,224301.0,91
201700038551,17,11,17,1200,1,2,3,1.0,3.0,91103,M,4860914.0,232009.0,91
201700038552,17,11,24,1725,5,2,1,1.0,6.0,91021,M,4858553.0,224177.0,91
201700038553,17,11,25,1120,1,2,7,1.0,6.0,91021,M,4858829.0,225000.0,91
201700038554,17,11,27,1910,5,1,9,3.0,2.0,91103,M,4860385.0,232039.0,91
201700038555,17,11,28,1940,5,2,1,3.0,6.0,91021,M,4858771.0,224594.0,91
201700038556,17,12,2,550,3,1,1,1.0,3.0,91552,M,4859900.0,224500.0,91
201700038557,17,12,6,800,3,1,1,1.0,6.0,91457,M,4857778.0,278656.0,91
201700038558,17,12,8,1140,1,2,1,2.0,1.0,91021,M,4858468.0,224439.0,91
201700038559,17,12,13,710,5,1,6,2.0,3.0,91425,M,4864878.0,225457.0,91
201700038560,17,12,17,1920,5,1,1,1.0,3.0,91552,M,4859356.0,226242.0,91
201700038561,17,12,18,1150,1,2,6,1.0,3.0,91103,M,4859043.0,230154.0,91
201700038562,17,12,22,1855,3,2,1,2.0,6.0,91103,M,4860356.0,230644.0,91
201700038563,17,12,24,1800,5,2,1,2.0,1.0,91457,M,4857500.0,225800.0,91
201700038564,17,3,25,1625,1,2,1,1.0,3.0,91027,M,4871899.0,240095.0,91
201700038565,17,3,29,225,5,2,1,1.0,3.0,91027,M,4870809.0,237150.0,91
201700038566,17,4,3,905,1,1,9,1.0,3.0,91479,M,4870987.0,237127.0,91
201700038567,17,4,6,910,1,2,6,1.0,6.0,91027,M,4872180.0,240471.0,91
201700038568,17,5,6,957,1,2,9,2.0,6.0,91479,M,4871281.0,236250.0,91
201700038569,17,7,8,938,1,2,5,1.0,5.0,91479,M,4871604.0,235925.0,91
201700038570,17,6,14,2055,2,2,1,1.0,6.0,91027,M,4870094.0,237188.0,91
201700038571,17,10,21,2320,5,2,3,1.0,3.0,91027,M,4870795.0,237940.0,91
201700038572,17,1,4,1725,2,2,2,2.0,3.0,91114,M,4870694.0,251238.0,91
201700038573,17,1,11,1350,1,2,1,4.0,2.0,91114,M,4868644.0,248634.0,91
201700038574,17,1,18,1305,1,2,1,1.0,2.0,91114,M,4870732.0,250135.0,91
201700038575,17,1,19,1410,1,2,1,1.0,4.0,91114,M,4868651.0,248631.0,91
201700038576,17,1,27,810,1,2,1,1.0,6.0,91215,M,4869740.0,252574.0,91
201700038577,17,2,24,1720,1,2,1,1.0,2.0,91114,M,4869276.0,250188.0,91
201700038578,17,3,5,1230,1,2,1,2.0,4.0,91114,M,4867095.0,250541.0,91
201700038579,17,3,8,1630,1,2,1,2.0,6.0,91631,M,4867570.0,255300.0,91
201700038580,17,1,23,1115,1,2,1,1.0,2.0,91114,M,4868485.0,248814.0,91
201700038581,17,4,12,1610,1,2,1,1.0,2.0,91114,M,4869706.0,250274.0,91
201700038582,17,4,20,1640,1,2,1,1.0,6.0,91514,M,4867062.0,254136.0,91
201700038583,17,4,23,1610,1,2,1,1.0,6.0,91114,M,4869809.0,249541.0,91
201700038584,17,4,27,805,1,2,2,7.0,6.0,91114,M,4869800.0,250680.0,91
201700038585,17,4,25,1055,1,2,1,1.0,2.0,91114,M,4868811.0,249398.0,91
201700038586,17,4,27,1825,1,2,1,1.0,1.0,91114,M,4869124.0,249656.0,91
201700038587,17,5,5,1800,1,2,1,1.0,6.0,91114,M,4870344.0,250845.0,91
201700038588,17,5,7,1750,1,2,4,1.0,5.0,91215,M,4868515.0,251387.0,91
201700038589,17,5,10,1405,1,2,2,1.0,3.0,91114,M,4870138.0,249351.0,91
201700038590,17,5,11,1030,1,2,1,1.0,6.0,91114,M,4869946.0,250357.0,91
201700038591,17,5,16,1120,1,2,1,1.0,3.0,91691,M,4870217.0,248686.0,91
201700038592,17,6,22,1550,1,2,2,1.0,3.0,91114,M,4870710.0,250369.0,91
201700038593,17,6,25,1645,1,2,1,1.0,6.0,91097,M,4868193.0,253097.0,91
201700038594,17,6,21,1625,1,2,1,1.0,1.0,91114,M,4869236.0,250871.0,91
201700038595,17,6,29,1205,1,2,1,1.0,3.0,91114,M,4870628.0,251691.0,91
201700038596,17,6,28,2000,1,2,1,2.0,2.0,91114,M,4868651.0,248631.0,91
201700038597,17,7,6,1405,1,2,3,1.0,3.0,91514,M,4867787.0,253789.0,91
201700038598,17,7,7,2145,2,2,1,1.0,2.0,91114,M,4867800.0,249653.0,91
201700038599,17,7,8,2120,2,2,2,1.0,3.0,91114,M,4869167.0,248749.0,91
201700038600,17,7,10,925,1,2,1,1.0,6.0,91514,M,4868236.0,253913.0,91
201700038601,17,7,14,30,3,1,1,1.0,1.0,91514,M,4866679.0,252769.0,91
201700038602,17,7,17,900,1,2,1,1.0,6.0,91114,M,4869285.0,249472.0,91
201700038603,17,7,18,1930,2,2,1,1.0,3.0,91097,M,4868188.0,253564.0,91
201700038604,17,7,23,1600,1,2,1,1.0,6.0,91097,M,4868678.0,252742.0,91
201700038605,17,7,25,2050,1,2,1,1.0,7.0,91215,M,4869537.0,252284.0,91
201700038606,17,8,5,1425,1,2,1,1.0,6.0,91215,M,4869671.0,252679.0,91
201700038607,17,8,5,2140,5,2,1,1.0,7.0,91114,M,4869006.0,249569.0,91
201700038608,17,8,15,1950,1,2,1,8.0,3.0,91114,M,4869734.0,249694.0,91
201700038609,17,8,27,1145,1,2,3,1.0,3.0,91114,M,4869308.0,249170.0,91
201700038610,17,8,28,530,5,2,6,1.0,3.0,91514,M,4867090.0,253117.0,91
201700038611,17,8,27,1255,1,2,1,1.0,3.0,91097,M,4868514.0,252997.0,91
201700038612,17,8,26,1615,1,2,6,1.0,2.0,91114,M,4869463.0,250242.0,91
201700038613,17,6,12,740,1,2,2,1.0,6.0,91114,M,4870054.0,251260.0,91
201700038614,17,9,22,1340,1,2,6,1.0,3.0,91114,M,4869651.0,249818.0,91
201700038615,17,10,3,1415,1,1,1,1.0,2.0,91514,M,4866000.0,251000.0,91
201700038616,17,11,2,825,1,2,1,1.0,6.0,91114,M,4870200.0,250020.0,91
201700038617,17,11,6,1145,1,2,1,1.0,6.0,91215,M,4869910.0,252620.0,91
201700038618,17,11,13,1910,5,2,2,1.0,1.0,91114,M,4869300.0,248970.0,91
201700038619,17,11,22,1320,1,2,2,1.0,3.0,91215,M,4869680.0,253390.0,91
201700038620,17,11,23,1825,5,2,7,2.0,6.0,91114,M,4870055.0,250569.0,91
201700038621,17,10,26,1050,1,2,1,1.0,6.0,91114,M,4869990.0,250720.0,91
201700038622,17,11,26,1310,1,2,1,2.0,2.0,91097,M,4868400.0,253030.0,91
201700038623,17,11,29,820,1,2,1,8.0,6.0,91097,M,4867835.0,252751.0,91
201700038624,17,12,1,1405,1,2,1,1.0,2.0,91114,M,4867820.0,249640.0,91
201700038625,17,12,6,1130,1,2,1,1.0,6.0,91114,M,4869600.0,250310.0,91
201700038626,17,12,23,1500,1,2,6,2.0,2.0,91514,M,4867807.0,252706.0,91
201700038627,17,12,18,1805,5,2,1,1.0,6.0,91114,M,4870590.0,249923.0,91
201700038628,17,12,16,1755,5,2,1,1.0,5.0,91174,M,4862038.0,247736.0,91
201700038629,17,1,13,1150,1,2,1,1.0,6.0,91174,M,4860015.0,247124.0,91
201700038630,17,1,13,1745,5,2,1,2.0,6.0,91174,M,4860934.0,246363.0,91
201700038631,17,12,5,1750,5,2,1,1.0,6.0,91174,M,4859763.0,246563.0,91
201700038632,17,4,28,600,2,2,1,2.0,6.0,91174,M,4862293.0,247216.0,91
201700038633,17,5,20,1950,1,2,1,1.0,3.0,91174,M,4860771.0,246475.0,91
201700038634,17,4,14,2015,1,2,1,1.0,6.0,91174,M,4860117.0,248090.0,91
201700038635,17,3,10,1345,1,2,2,1.0,3.0,91174,M,4860949.0,247405.0,91
201700038636,17,6,2,740,1,2,1,1.0,2.0,91174,M,4861318.0,245928.0,91
201700038637,17,11,3,915,1,2,6,1.0,6.0,91174,M,4861425.0,248584.0,91
201700038638,17,9,17,1140,1,2,2,1.0,5.0,91174,M,4860608.0,246696.0,91
201700038639,17,1,17,1720,2,2,2,1.0,3.0,91201,M,4867413.0,241202.0,91
201700038640,17,1,19,815,1,2,1,9.0,6.0,91657,M,4870282.0,241391.0,91
201700038641,17,1,21,1735,2,2,2,1.0,3.0,91657,M,4870839.0,243438.0,91
201700038642,17,1,22,1843,3,2,1,1.0,6.0,91657,M,4870726.0,241663.0,91
201700038643,17,1,24,2230,5,2,1,1.0,6.0,91201,M,4866830.0,241571.0,91
201700038644,17,1,28,1805,5,1,3,1.0,3.0,91657,M,4869163.0,244282.0,91
201700038645,17,1,30,1915,5,2,2,2.0,6.0,91657,M,4870503.0,242140.0,91
201700038646,17,3,3,1845,5,2,1,1.0,6.0,91201,M,4867602.0,240683.0,91
201700038647,17,3,19,1650,1,2,3,1.0,6.0,91657,M,4869724.0,242815.0,91
201700038648,17,4,5,1938,1,2,1,1.0,6.0,91201,M,4868633.0,241397.0,91
201700038649,17,4,17,229,5,2,2,1.0,6.0,91201,M,4866555.0,243214.0,91
201700038650,17,4,23,1955,1,2,3,1.0,3.0,91201,M,4868055.0,239787.0,91
201700038651,17,5,5,500,5,2,1,9.0,2.0,91657,M,4871772.0,243860.0,91
201700038652,17,5,13,845,1,2,4,1.0,6.0,91201,M,4868746.0,240936.0,91
201700038653,17,5,17,1030,1,2,1,1.0,6.0,91201,M,4868654.0,241243.0,91
201700038654,17,5,24,2025,1,2,2,1.0,3.0,91657,M,4870503.0,242141.0,91
201700038655,17,5,25,1330,1,2,1,1.0,2.0,91657,M,4870014.0,241992.0,91
201700038656,17,5,27,40,5,2,1,1.0,6.0,91201,M,4868407.0,241988.0,91
201700038657,17,6,10,1920,1,2,2,1.0,3.0,91657,M,4870731.0,243859.0,91
201700038658,17,6,20,1645,1,2,1,1.0,1.0,91657,M,4870131.0,242373.0,91
201700038659,17,6,20,1800,1,2,7,1.0,6.0,91657,M,4870561.0,242263.0,91
201700038660,17,6,28,1635,1,2,2,3.0,3.0,91657,M,4870520.0,241351.0,91
201700038661,17,6,29,2150,2,2,2,2.0,2.0,91201,M,4866268.0,241767.0,91
201700038662,17,7,4,1410,1,2,1,1.0,2.0,91657,M,4870124.0,242347.0,91
201700038663,17,7,18,2040,1,2,2,1.0,3.0,91657,M,4870520.0,241349.0,91
201700038664,17,7,28,1810,1,2,1,1.0,1.0,91201,M,4867628.0,241933.0,91
201700038665,17,8,2,1445,1,2,3,1.0,3.0,91201,M,4869025.0,241111.0,91
201700038666,17,8,31,1225,1,2,3,1.0,3.0,91657,M,4869859.0,241742.0,91
201700038667,17,8,31,1850,1,2,3,1.0,3.0,91201,M,4868616.0,242627.0,91
201700038668,17,9,14,1345,1,2,3,2.0,3.0,91657,M,4870433.0,243507.0,91
201700038669,17,9,20,1800,1,2,2,1.0,3.0,91657,M,4869454.0,244132.0,91
201700038670,17,9,21,1445,1,2,1,1.0,2.0,91201,M,4868753.0,239684.0,91
201700038671,17,9,21,1830,1,2,1,1.0,5.0,91657,M,4870147.0,242435.0,91
201700038672,17,10,3,1,5,2,6,2.0,6.0,91657,M,4870815.0,241601.0,91
201700038673,17,10,3,1320,1,2,3,1.0,3.0,91657,M,4869820.0,241640.0,91
201700038674,17,10,17,1715,1,2,2,1.0,1.0,91201,M,4866163.0,241704.0,91
201700038675,17,10,20,1030,1,2,2,1.0,2.0,91657,M,4869445.0,244311.0,91
201700038676,17,10,20,1355,1,2,3,1.0,3.0,91201,M,4868316.0,240813.0,91
201700038677,17,10,22,2355,5,2,1,2.0,6.0,91201,M,4868818.0,239101.0,91
201700038678,17,10,23,2340,5,2,1,2.0,6.0,91201,M,4866830.0,241573.0,91
201700038679,17,10,28,1015,1,2,4,1.0,6.0,91657,M,4869681.0,241552.0,91
201700038680,17,11,11,1830,5,2,1,2.0,3.0,91201,M,4866879.0,241523.0,91