Num_Acc,an,mois,jour,hrmn,lum,agg,int,atm,col,com,gps,lat,long,dep
201700038681,17,11,14,1040,1,2,1,1.0,6.0,91201,M,4868106.0,240909.0,91
201700038682,17,11,25,1435,1,2,1,1.0,2.0,91201,M,4869043.0,241135.0,91
201700038683,17,12,7,650,3,2,1,1.0,6.0,91201,M,4868297.0,240815.0,91
201700038684,17,12,13,1615,2,2,2,2.0,3.0,91201,M,4867422.0,241206.0,91
201700038685,17,12,20,1130,1,2,1,8.0,2.0,91201,M,4869336.0,242822.0,91
201700038686,17,12,28,1605,1,2,1,1.0,6.0,91201,M,4868676.0,243190.0,91
201700038687,17,1,28,815,1,2,2,1.0,3.0,91201,M,4868647.0,241910.0,91
201700038688,17,1,3,1655,2,2,1,5.0,4.0,91223,M,4844061.0,215458.0,91
201700038689,17,1,4,750,3,1,6,1.0,5.0,91223,M,4842832.0,215912.0,91
201700038690,17,1,12,825,2,2,1,2.0,6.0,91223,M,4843463.0,214482.0,91
201700038691,17,1,18,1155,1,2,1,1.0,6.0,91223,M,4844047.0,215488.0,91
201700038692,17,1,21,1635,1,2,1,1.0,3.0,91223,M,4842063.0,215143.0,91
201700038693,17,1,21,1720,2,1,1,1.0,6.0,91433,M,4845434.0,219119.0,91
201700038694,17,1,27,850,1,2,1,1.0,6.0,91223,M,4842901.0,213188.0,91
201700038695,17,2,1,1205,1,2,1,1.0,1.0,91433,M,4845886.0,219705.0,91
201700038696,17,2,5,1840,2,1,1,2.0,2.0,91223,M,4845053.0,217280.0,91
201700038697,17,2,27,615,3,1,1,1.0,5.0,91223,M,4843791.0,217140.0,91
201700038698,17,3,1,625,5,2,1,1.0,2.0,91223,M,4843424.0,217034.0,91
201700038699,17,3,12,610,3,1,1,1.0,7.0,91433,M,4843629.0,218313.0,91
201700038700,17,3,18,1945,5,2,6,1.0,6.0,91223,M,4843721.0,216323.0,91
201700038701,17,3,21,1715,1,2,2,1.0,3.0,91223,M,4843426.0,216518.0,91
201700038702,17,3,22,1610,1,2,1,1.0,4.0,91223,M,4844011.0,215594.0,91
201700038703,17,3,24,1000,1,2,4,1.0,6.0,91223,M,4843628.0,215263.0,91
201700038704,17,3,27,930,1,2,1,1.0,6.0,91223,M,4843519.0,213686.0,91
201700038705,17,3,29,1930,1,2,1,1.0,7.0,91223,M,4843152.0,216140.0,91
201700038706,17,4,3,1325,1,1,1,1.0,6.0,91223,M,4842728.0,215367.0,91
201700038707,17,4,6,1410,1,1,1,1.0,3.0,91223,M,4839752.0,211795.0,91
201700038708,17,4,9,2100,2,1,1,1.0,2.0,91223,M,4841797.0,213176.0,91
201700038709,17,4,10,1845,1,1,1,1.0,4.0,91079,M,4838067.0,216738.0,91
201700038710,17,4,14,1235,1,1,1,1.0,7.0,91433,M,4844017.0,220790.0,91
201700038711,17,4,14,1730,1,2,2,1.0,2.0,91223,M,4843615.0,216092.0,91
201700038712,17,5,2,810,1,1,6,1.0,6.0,91223,M,4842658.0,215294.0,91
201700038713,17,5,2,1625,1,1,6,1.0,3.0,91223,M,4845059.0,217240.0,91
201700038714,17,5,5,1625,1,2,1,1.0,2.0,91223,M,4843477.0,215175.0,91
201700038715,17,5,21,145,5,1,1,1.0,2.0,91433,M,4844667.0,217569.0,91
201700038716,17,5,22,835,1,2,1,1.0,6.0,91223,M,4843133.0,216031.0,91
201700038717,17,5,23,1,5,2,1,1.0,6.0,91223,M,4844139.0,215335.0,91
201700038718,17,5,23,845,1,1,1,1.0,6.0,91433,M,4844772.0,217530.0,91
201700038719,17,5,26,1445,1,1,1,1.0,7.0,91223,M,4843836.0,216195.0,91
201700038720,17,6,1,1028,1,2,1,1.0,2.0,91223,M,4844027.0,215533.0,91
201700038721,17,6,2,2200,2,2,1,1.0,2.0,91223,M,4843568.0,216202.0,91
201700038722,17,6,4,1740,1,1,1,1.0,2.0,91223,M,4841858.0,213229.0,91
201700038723,17,6,5,1405,1,1,1,1.0,7.0,91433,M,4843753.0,220501.0,91
201700038724,17,6,5,1910,1,2,1,1.0,7.0,91223,M,4842122.0,213226.0,91
201700038725,17,6,6,1425,1,2,1,1.0,6.0,91433,M,4845037.0,218905.0,91
201700038726,17,6,9,1405,1,2,3,1.0,1.0,91223,M,4843366.0,213931.0,91
201700038727,17,6,10,1550,1,1,1,1.0,6.0,91433,M,4846863.0,218421.0,91
201700038728,17,6,14,1430,1,2,6,1.0,2.0,91223,M,4843088.0,215724.0,91
201700038729,17,6,17,1940,1,2,1,1.0,7.0,91433,M,4846844.0,219483.0,91
201700038730,17,6,20,1025,1,2,1,7.0,6.0,91223,M,4843108.0,215923.0,91
201700038731,17,6,23,620,1,1,1,1.0,7.0,91469,M,4840896.0,217833.0,91
201700038732,17,6,25,1310,1,1,1,1.0,3.0,91433,M,4842890.0,221499.0,91
201700038733,17,6,29,2130,2,2,1,2.0,2.0,91223,M,4843408.0,217092.0,91
201700038734,17,7,5,555,1,1,1,1.0,4.0,91433,M,4845737.0,217666.0,91
201700038735,17,7,8,1505,1,2,1,1.0,3.0,91223,M,4843587.0,215236.0,91
201700038736,17,7,12,1730,1,2,3,1.0,2.0,91223,M,4843213.0,216085.0,91
201700038737,17,7,13,720,1,1,6,1.0,7.0,91433,M,4843345.0,218630.0,91
201700038738,17,7,13,1020,1,2,1,1.0,2.0,91223,M,4842684.0,214689.0,91
201700038739,17,7,17,155,3,1,1,1.0,4.0,91223,M,4843469.0,216856.0,91
201700038740,17,7,18,655,1,1,1,1.0,7.0,91433,M,4846100.0,217888.0,91
201700038741,17,7,19,1140,1,2,6,1.0,3.0,91223,M,4843704.0,216339.0,91
201700038742,17,7,20,1945,1,1,1,1.0,2.0,91433,M,4846982.0,218501.0,91
201700038743,17,7,24,1600,1,2,6,1.0,2.0,91223,M,4843099.0,215726.0,91
201700038744,17,8,4,1200,1,1,1,1.0,7.0,91223,M,4840164.0,212102.0,91
201700038745,17,8,7,1910,1,1,1,1.0,7.0,91469,M,4840262.0,217583.0,91
201700038746,17,8,10,2050,2,2,1,2.0,7.0,91223,M,4844056.0,214511.0,91
201700038747,17,8,19,1420,1,1,1,1.0,7.0,91433,M,4886000.0,228000.0,91
201700038748,17,8,19,1650,1,1,1,1.0,1.0,91433,M,4886000.0,228000.0,91
201700038749,17,8,20,2200,3,1,1,1.0,7.0,91223,M,4886000.0,228000.0,91
201700038750,17,8,22,1740,1,2,1,1.0,7.0,91433,M,4886000.0,228000.0,91
201700038751,17,8,27,2005,1,2,1,1.0,7.0,91223,M,4886000.0,228000.0,91
201700038752,17,8,28,2205,5,2,2,1.0,3.0,91223,M,4886000.0,228000.0,91
201700038753,17,9,7,1445,1,2,1,1.0,2.0,91223,M,4886000.0,228000.0,91
201700038754,17,9,9,250,5,1,6,1.0,6.0,91433,M,4886000.0,228000.0,91
201700038755,17,9,12,1330,1,2,1,1.0,3.0,91223,M,4886000.0,228000.0,91
201700038756,17,9,13,750,1,2,1,2.0,6.0,91223,M,4886000.0,228000.0,91
201700038757,17,9,13,845,1,1,6,2.0,2.0,91223,M,4886000.0,228000.0,91
201700038758,17,9,16,425,3,1,1,1.0,6.0,91223,M,4886000.0,228000.0,91
201700038759,17,9,19,1800,1,1,1,1.0,6.0,91223,M,4886000.0,228000.0,91
201700038760,17,9,25,1620,1,2,1,1.0,6.0,91223,M,4886000.0,228000.0,91
201700038761,17,9,29,1620,1,1,1,1.0,6.0,91223,M,4886000.0,228000.0,91
201700038762,17,10,10,1755,1,2,1,9.0,6.0,91223,M,4800000.0,228000.0,91
201700038763,17,10,14,740,2,2,1,1.0,6.0,91223,M,4886000.0,228000.0,91
201700038764,17,10,16,1115,1,2,1,1.0,1.0,91223,M,4843483.0,216048.0,91
201700038765,17,10,17,1720,1,1,1,1.0,5.0,91223,M,4886000.0,228000.0,91
201700038766,17,10,18,1200,1,2,1,1.0,6.0,91109,M,4845653.0,214147.0,91
201700038767,17,10,21,1057,1,1,9,1.0,7.0,91433,M,4845011.0,217436.0,91
201700038768,17,10,22,1825,1,2,1,1.0,1.0,91223,M,4844463.0,216700.0,91
201700038769,17,10,23,600,2,1,1,2.0,7.0,91109,M,4845949.0,212932.0,91
201700038770,17,10,27,1445,1,1,1,1.0,2.0,91223,M,4843833.0,217187.0,91
201700038771,17,10,31,1150,1,2,6,1.0,2.0,91223,M,4843703.0,216343.0,91
201700038772,17,10,31,1915,2,2,1,1.0,7.0,91223,M,4843880.0,214218.0,91
201700038773,17,11,7,1030,1,2,1,1.0,7.0,91223,M,4843052.0,216503.0,91
201700038774,17,11,7,515,3,1,1,1.0,6.0,91223,M,4842740.0,215332.0,91
201700038775,17,11,10,815,2,2,1,1.0,6.0,91223,M,4843520.0,214775.0,91
201700038776,17,11,11,1145,1,2,1,2.0,6.0,91223,M,4843477.0,215175.0,91
201700038777,17,11,12,1410,1,2,1,1.0,4.0,91223,M,4844027.0,215533.0,91
201700038778,17,11,14,2300,3,1,1,1.0,6.0,91223,M,4838960.0,210656.0,91
201700038779,17,11,15,2115,5,2,3,1.0,3.0,91223,M,4843408.0,217092.0,91
201700038780,17,12,1,1725,2,2,3,1.0,6.0,91223,M,4886000.0,228000.0,91
201700038781,17,12,5,1740,5,2,1,1.0,6.0,91223,M,4886000.0,228000.0,91
201700038782,17,12,5,2045,3,1,1,1.0,7.0,91433,M,4886000.0,228000.0,91
201700038783,17,12,12,1115,1,2,1,1.0,6.0,91223,M,4844387.0,214762.0,91
201700038784,17,12,12,1950,3,1,1,1.0,6.0,91223,M,4886000.0,228000.0,91
201700038785,17,12,13,1225,1,1,1,2.0,7.0,91223,M,4886000.0,228000.0,91
201700038786,17,12,16,2240,5,1,6,1.0,7.0,91433,M,4844482.0,217567.0,91
201700038787,17,12,19,340,3,1,1,1.0,6.0,91433,M,4840817.0,221583.0,91
201700038788,17,12,20,1355,1,2,1,1.0,2.0,91223,M,4844856.0,217101.0,91
201700038789,17,12,23,1930,5,2,1,1.0,2.0,91223,M,4844027.0,215533.0,91
201700038790,17,12,26,1045,1,2,1,1.0,6.0,91223,M,4843168.0,215141.0,91
201700038791,17,12,27,1520,1,1,1,2.0,6.0,91433,M,4842940.0,225610.0,91
201700038792,17,12,28,1400,1,2,1,1.0,6.0,91228,M,4862697.0,242399.0,91
201700038793,17,12,13,1715,5,2,1,2.0,6.0,91228,M,4862452.0,242674.0,91
201700038794,17,3,18,1723,1,2,1,1.0,6.0,91228,M,4863311.0,242517.0,91
201700038795,17,12,15,1140,1,2,1,2.0,3.0,91182,M,4862503.0,241505.0,91
201700038796,17,4,19,745,1,2,6,1.0,3.0,91182,M,4862015.0,242264.0,91
201700038797,17,3,17,1630,1,2,3,1.0,3.0,91228,M,4863554.0,245383.0,91
201700038798,17,10,9,824,1,2,1,1.0,6.0,91521,M,4864000.0,240000.0,91
201700038799,17,2,6,1210,1,1,1,1.0,1.0,91521,M,4864181.0,242019.0,91
201700038800,17,12,28,1250,1,2,2,1.0,6.0,91228,M,4863339.0,245268.0,91
201700038801,17,5,11,1345,1,2,1,1.0,6.0,91182,M,4862647.0,242153.0,91
201700038802,17,12,7,1650,2,2,1,2.0,6.0,91521,M,4865698.0,241045.0,91
201700038803,17,2,18,2230,5,2,3,1.0,6.0,91228,M,4862106.0,244504.0,91
201700038804,17,12,30,1215,1,2,1,2.0,3.0,91521,M,4865847.0,240923.0,91
201700038805,17,5,9,925,1,2,7,1.0,6.0,91521,M,4865206.0,241403.0,91
201700038806,17,5,19,2010,1,2,1,2.0,5.0,91228,M,4862869.0,244122.0,91
201700038807,17,11,15,1855,5,2,1,1.0,6.0,91521,M,4864863.0,240809.0,91
201700038808,17,5,21,1330,1,2,7,1.0,3.0,91182,M,4862974.0,241529.0,91
201700038809,17,6,3,1300,1,2,1,1.0,6.0,91182,M,4863051.0,241717.0,91
201700038810,17,6,6,820,1,2,1,1.0,3.0,91521,M,4863547.0,240617.0,91
201700038811,17,6,26,736,1,2,3,1.0,3.0,91521,M,4865941.0,240474.0,91
201700038812,17,8,9,1603,1,2,3,3.0,3.0,91182,M,4862191.0,242518.0,91
201700038813,17,5,26,2024,2,2,1,1.0,6.0,91521,M,4865105.0,240386.0,91
201700038814,17,6,20,1100,1,2,4,7.0,6.0,91228,M,4862814.0,245338.0,91
201700038815,17,9,3,1640,1,2,1,1.0,3.0,91228,M,4862876.0,244112.0,91
201700038816,17,9,1,1930,2,2,1,2.0,6.0,91228,M,4863769.0,242614.0,91
201700038817,17,10,3,1340,1,2,1,1.0,6.0,91521,M,4864570.0,240615.0,91
201700038818,17,11,15,1940,5,2,1,1.0,6.0,91228,M,4863965.0,242749.0,91
201700038819,17,8,4,1855,1,2,1,1.0,2.0,91521,M,4865293.0,240706.0,91
201700038820,17,8,7,1250,1,2,1,1.0,2.0,91228,M,4862909.0,243664.0,91
201700038821,17,8,23,1625,1,2,3,1.0,3.0,91228,M,4862287.0,242904.0,91
201700038822,17,11,15,1340,1,2,3,1.0,3.0,91228,M,4862295.0,242637.0,91
201700038823,17,11,22,1455,1,2,2,1.0,3.0,91228,M,4863000.0,244000.0,91
201700038824,17,10,15,2007,5,2,1,1.0,6.0,91687,M,4868351.0,237667.0,91
201700038825,17,3,21,2000,5,2,1,1.0,6.0,91434,M,4865269.0,233393.0,91
201700038826,17,10,4,1229,1,2,1,1.0,6.0,91326,M,4868945.0,237294.0,91
201700038827,17,4,4,1715,1,2,1,1.0,6.0,91687,M,4865336.0,236332.0,91
201700038828,17,5,26,1045,1,2,1,1.0,6.0,91687,M,4866371.0,237568.0,91
201700038829,17,5,31,1900,1,2,1,1.0,6.0,91286,M,4866806.0,239407.0,91
201700038830,17,6,4,1830,1,2,2,1.0,3.0,91286,M,4864789.0,237950.0,91
201700038831,17,5,21,715,1,2,2,1.0,3.0,91434,M,4865796.0,236003.0,91
201700038832,17,7,5,1250,1,2,1,1.0,2.0,91687,M,4865402.0,237089.0,91
201700038833,17,7,8,1500,1,2,1,1.0,3.0,91326,M,4869189.0,237534.0,91
201700038834,17,11,7,1315,1,2,2,1.0,3.0,91687,M,4866010.0,236902.0,91
201700038835,17,11,9,1115,1,2,1,1.0,6.0,91326,M,4860000.0,237000.0,91
201700038836,17,11,17,1420,1,2,2,2.0,3.0,91687,M,4866000.0,236000.0,91
201700038837,17,11,17,1330,1,2,3,8.0,5.0,91286,M,4865181.0,236489.0,91
201700038838,17,11,21,750,5,2,4,8.0,4.0,91326,M,4868867.0,237125.0,91
201700038839,17,11,21,840,1,2,3,1.0,1.0,91687,M,4866020.0,236491.0,91
201700038840,17,11,21,855,1,2,1,1.0,6.0,91286,M,4865291.0,239548.0,91
201700038841,17,9,14,1850,1,2,1,9.0,6.0,91286,M,4865039.0,239080.0,91
201700038842,17,12,1,1120,1,2,6,2.0,3.0,91687,M,4864778.0,236705.0,91
201700038843,17,11,17,2120,5,2,1,1.0,2.0,91434,M,4865174.0,233733.0,91
201700038844,17,12,4,1745,5,2,1,1.0,2.0,91286,M,4865010.0,238970.0,91
201700038845,17,12,8,1050,1,2,1,2.0,2.0,91286,M,4866690.0,239607.0,91
201700038846,17,12,14,1420,1,2,3,8.0,1.0,91326,M,4868465.0,238917.0,91
201700038847,17,12,16,15,5,2,1,8.0,1.0,91326,M,4869058.0,235154.0,91
201700038848,17,12,18,1925,5,2,1,1.0,5.0,91286,M,4864875.0,237745.0,91
201700038849,17,12,20,1815,5,2,6,2.0,6.0,91687,M,4867550.0,237797.0,91
201700038850,17,12,25,1150,1,2,1,2.0,2.0,91286,M,4865465.0,238870.0,91
201700038851,17,12,29,2310,5,2,2,2.0,3.0,91434,M,4865887.0,233878.0,91
201700038852,17,3,6,1010,1,2,3,2.0,6.0,91345,M,4869425.0,229638.0,91
201700038853,17,3,29,305,5,1,1,1.0,6.0,91161,M,4869739.0,229269.0,91
201700038854,17,7,7,1330,1,2,3,1.0,3.0,91345,M,4869304.0,229487.0,91
201700038855,17,7,23,1700,1,2,1,1.0,6.0,91345,M,4869000.0,228833.0,91
201700038856,17,9,29,546,5,2,1,1.0,3.0,91161,M,4871281.0,229814.0,91
201700038857,17,10,8,530,3,2,1,8.0,6.0,91345,M,4869650.0,229482.0,91
201700038858,17,10,12,1935,5,2,1,1.0,5.0,91161,M,4869979.0,231056.0,91
201700038859,17,9,3,2110,5,2,1,1.0,6.0,91161,M,4871346.0,230145.0,91
201700038860,17,10,31,1920,3,2,1,1.0,3.0,91161,M,4870185.0,232001.0,91
201700038861,17,11,9,916,1,2,1,1.0,6.0,91161,M,4869985.0,230543.0,91
201700038862,17,12,12,1610,1,2,1,1.0,6.0,91161,M,4870431.0,232189.0,91
201700038863,17,12,20,1300,1,2,1,1.0,6.0,91161,M,4869912.0,230403.0,91
201700038864,17,12,4,1152,1,2,1,1.0,6.0,91345,M,4870131.0,229585.0,91
201700038865,17,1,5,1315,1,2,1,1.0,6.0,91377,M,4872736.0,227111.0,91
201700038866,17,1,10,1930,5,2,1,2.0,3.0,91377,M,4872001.0,227950.0,91
201700038867,17,10,13,940,1,1,1,1.0,6.0,91377,M,4872000.0,230000.0,91
201700038868,17,1,12,1330,1,2,1,2.0,6.0,91377,M,4872645.0,227930.0,91
201700038869,17,1,12,1750,5,2,1,3.0,6.0,91377,M,4872892.0,227499.0,91
201700038870,17,12,12,1150,1,1,1,1.0,3.0,91689,M,4872878.0,231750.0,91
201700038871,17,1,12,630,2,2,1,1.0,6.0,91377,M,4872492.0,225577.0,91
201700038872,17,1,17,1355,1,2,1,1.0,6.0,91377,M,4873506.0,227313.0,91
201700038873,17,2,8,715,3,2,6,1.0,6.0,91377,M,4872976.0,226943.0,91
201700038874,17,2,8,800,1,2,6,1.0,3.0,91689,M,4874180.0,231925.0,91
201700038875,17,2,19,1615,1,2,1,1.0,2.0,91377,M,4872940.0,226977.0,91
201700038876,17,2,23,1430,1,1,1,1.0,3.0,91377,M,4873892.0,230172.0,91
201700038877,17,3,14,815,1,2,1,1.0,2.0,91377,M,4872542.0,226164.0,91
201700038878,17,3,14,2015,5,2,2,1.0,6.0,91377,M,4873449.0,229275.0,91
201700038879,17,3,15,1830,1,2,1,1.0,6.0,91377,M,4872064.0,226450.0,91
201700038880,17,4,10,1250,1,2,1,1.0,6.0,91377,M,4872766.0,228112.0,91
201700038881,17,1,4,810,1,1,1,1.0,1.0,91377,M,4872820.0,226533.0,91
201700038882,17,4,28,1603,1,2,1,1.0,1.0,91689,M,4872681.0,232994.0,91
201700038883,17,4,29,550,2,1,1,1.0,6.0,91377,M,4872524.0,228359.0,91
201700038884,17,3,27,1856,2,2,1,7.0,6.0,91377,M,4873753.0,227117.0,91
201700038885,17,5,23,1720,1,2,1,1.0,2.0,91377,M,4872605.0,228178.0,91
201700038886,17,5,28,1255,1,1,6,1.0,7.0,91689,M,4873329.0,231754.0,91
201700038887,17,5,28,2000,1,2,1,1.0,2.0,91377,M,4872892.0,224494.0,91
201700038888,17,6,3,1600,1,2,8,1.0,6.0,91377,M,4872711.0,227263.0,91
201700038889,17,6,2,1210,1,2,1,1.0,2.0,91377,M,4873329.0,228078.0,91
201700038890,17,7,12,850,1,2,3,2.0,3.0,91689,M,4872751.0,233357.0,91
201700038891,17,7,13,1625,1,2,1,1.0,2.0,91377,M,4873020.0,230206.0,91
201700038892,17,7,21,1330,1,2,1,1.0,6.0,91377,M,4873317.0,229063.0,91
201700038893,17,4,25,1620,1,2,1,1.0,4.0,91689,M,4873392.0,232811.0,91
201700038894,17,8,6,1600,1,2,1,1.0,1.0,91689,M,4872154.0,230400.0,91
201700038895,17,8,30,1815,1,2,1,2.0,2.0,91377,M,4872570.0,225650.0,91
201700038896,17,10,1,2045,5,2,3,2.0,3.0,91377,M,4872408.0,225798.0,91
201700038897,17,10,2,745,2,2,1,9.0,6.0,91377,M,4873000.0,229000.0,91
201700038898,17,7,3,1715,1,2,3,1.0,2.0,91377,M,4873105.0,229058.0,91
201700038899,17,10,10,2041,5,2,6,1.0,3.0,91377,M,4873770.0,227260.0,91
201700038900,17,10,13,1750,1,2,9,1.0,6.0,91377,M,4872602.0,225653.0,91
201700038901,17,9,14,2130,5,1,1,2.0,1.0,91689,M,4871449.0,233529.0,91
201700038902,17,10,25,910,1,2,1,2.0,3.0,91689,M,4872618.0,231555.0,91
201700038903,17,8,19,1430,1,2,1,1.0,6.0,91377,M,4873369.0,228586.0,91
201700038904,17,11,24,910,1,2,1,2.0,6.0,91377,M,4872600.0,227900.0,91
201700038905,17,11,27,1830,5,2,3,2.0,6.0,91377,M,4873200.0,225590.0,91
201700038906,17,11,30,2105,3,1,1,4.0,1.0,91689,M,4870000.0,234000.0,91
201700038907,17,12,2,827,1,2,1,8.0,5.0,91377,M,,,91
201700038908,17,12,7,1545,1,2,9,2.0,3.0,91377,M,,,91
201700038909,17,1,12,1525,1,2,1,1.0,1.0,91421,M,4869521.0,245240.0,91
201700038910,17,1,14,905,1,2,1,1.0,2.0,91421,M,4869521.0,245237.0,91
201700038911,17,1,26,2245,5,2,1,1.0,6.0,91421,M,4870184.0,245376.0,91
201700038912,17,1,27,1850,2,2,1,1.0,5.0,91421,M,4871259.0,243786.0,91
201700038913,17,1,24,1105,1,1,1,2.0,2.0,91421,M,4871538.0,244254.0,91
201700038914,17,2,4,1130,1,2,1,1.0,6.0,91421,M,4870553.0,247220.0,91
201700038915,17,2,3,2201,5,2,2,1.0,3.0,91421,M,4871314.0,244881.0,91
201700038916,17,2,14,1900,5,2,1,1.0,1.0,91691,M,4871087.0,248788.0,91
201700038917,17,2,18,1700,1,1,1,1.0,2.0,91421,M,4869358.0,244791.0,91
201700038918,17,2,18,1720,1,2,2,1.0,3.0,91421,M,4871194.0,244776.0,91
201700038919,17,3,8,1930,1,2,2,1.0,3.0,91421,M,4871193.0,244997.0,91
201700038920,17,3,11,745,1,2,1,1.0,1.0,91691,M,4871670.0,248695.0,91
201700038921,17,3,15,2005,4,1,1,1.0,2.0,91421,M,4870422.0,244362.0,91
201700038922,17,3,25,1825,1,1,1,1.0,2.0,91421,M,4871941.0,244298.0,91
201700038923,17,4,1,1100,1,2,1,1.0,6.0,91691,M,4871516.0,249001.0,91
201700038924,17,4,3,920,1,2,1,1.0,2.0,91421,M,4869521.0,245240.0,91
201700038925,17,4,24,805,1,2,1,1.0,6.0,91421,M,4870760.0,246886.0,91
201700038926,17,5,4,800,1,2,1,1.0,1.0,91421,M,4870405.0,244425.0,91
201700038927,17,4,9,1615,1,2,3,1.0,2.0,91691,M,4871460.0,250128.0,91
201700038928,17,3,26,1745,1,1,1,1.0,4.0,91421,M,4871958.0,244294.0,91
201700038929,17,4,17,1245,1,2,3,1.0,3.0,91691,M,4873178.0,250853.0,91
201700038930,17,4,18,905,1,2,1,1.0,1.0,91421,M,4869787.0,246538.0,91
201700038931,17,5,22,1920,1,1,1,1.0,6.0,91421,M,4869019.0,245948.0,91
201700038932,17,5,23,945,1,2,1,1.0,2.0,91421,M,4870608.0,245715.0,91
201700038933,17,5,23,1730,1,2,1,1.0,4.0,91691,M,4871320.0,247916.0,91
201700038934,17,5,24,855,1,2,1,1.0,2.0,91691,M,4871529.0,250122.0,91
201700038935,17,4,25,1835,1,2,7,1.0,4.0,91691,M,4870376.0,248770.0,91
201700038936,17,6,1,2130,2,2,1,1.0,6.0,91691,M,4871487.0,250126.0,91
201700038937,17,6,3,1720,1,2,1,1.0,6.0,91691,M,4871502.0,249238.0,91
201700038938,17,6,5,1500,1,2,1,1.0,2.0,91691,M,4870116.0,248584.0,91
201700038939,17,6,9,1155,1,2,7,1.0,6.0,91421,M,4870712.0,245524.0,91
201700038940,17,6,13,1905,1,1,1,1.0,5.0,91421,M,4869034.0,245953.0,91
201700038941,17,6,14,1825,1,2,1,1.0,3.0,91691,M,4871082.0,248803.0,91
201700038942,17,6,23,1550,1,2,1,1.0,6.0,91421,M,4869692.0,245843.0,91
201700038943,17,6,19,1647,1,2,1,1.0,2.0,91421,M,4870239.0,246353.0,91
201700038944,17,7,9,2315,5,2,2,2.0,3.0,91421,M,4870731.0,243858.0,91
201700038945,17,7,10,1630,1,2,4,1.0,3.0,91421,M,4870223.0,245489.0,91
201700038946,17,7,11,1530,1,1,1,1.0,7.0,91421,M,4869027.0,245929.0,91
201700038947,17,8,4,1555,1,2,1,1.0,1.0,91421,M,4869937.0,246895.0,91
201700038948,17,8,6,510,3,1,1,1.0,1.0,91421,M,4871904.0,244291.0,91
201700038949,17,8,3,1015,1,2,2,1.0,3.0,91691,M,4869920.0,248653.0,91
201700038950,17,8,16,125,5,2,1,3.0,6.0,91191,M,4871507.0,246298.0,91
201700038951,17,6,30,1655,1,2,2,1.0,3.0,91691,M,4869481.0,248147.0,91
201700038952,17,7,17,1055,1,2,1,1.0,2.0,91191,M,4872370.0,246314.0,91
201700038953,17,8,3,1510,1,2,1,1.0,3.0,91421,M,4870741.0,243852.0,91
201700038954,17,7,14,845,1,2,1,1.0,6.0,91421,M,4869749.0,246163.0,91
201700038955,17,9,26,1900,1,2,1,1.0,6.0,91421,M,4870232.0,246380.0,91
201700038956,17,7,20,2050,1,2,3,1.0,1.0,91691,M,4870365.0,249392.0,91
201700038957,17,9,27,1820,1,2,3,1.0,2.0,91691,M,4871516.0,250105.0,91
201700038958,17,8,27,2030,1,2,1,1.0,6.0,91421,M,4871169.0,243985.0,91
201700038959,17,9,2,2000,1,2,1,1.0,3.0,91421,M,4871801.0,244507.0,91
201700038960,17,9,3,2125,5,1,1,1.0,2.0,91421,M,4871929.0,244307.0,91
201700038961,17,9,20,755,1,2,6,1.0,3.0,91691,M,4869445.0,248287.0,91
201700038962,17,9,21,920,1,2,2,1.0,2.0,91421,M,4871189.0,244961.0,91
201700038963,17,10,18,1150,1,2,1,1.0,6.0,91421,M,4870452.0,245993.0,91
201700038964,17,9,17,1955,1,2,1,1.0,1.0,91421,M,4871137.0,245032.0,91
201700038965,17,10,3,2020,5,2,1,1.0,3.0,91421,M,4871373.0,244837.0,91
201700038966,17,9,28,755,2,2,1,2.0,6.0,91691,M,4871127.0,248844.0,91
201700038967,17,10,20,1930,2,2,2,1.0,6.0,91421,M,4871202.0,244985.0,91
201700038968,17,10,23,2005,5,2,1,2.0,6.0,91421,M,4871574.0,244686.0,91
201700038969,17,10,24,845,1,1,1,2.0,2.0,91691,M,4873184.0,250867.0,91
201700038970,17,10,24,925,1,1,1,2.0,3.0,91421,M,4871905.0,244306.0,91
201700038971,17,10,28,1245,1,1,1,1.0,1.0,91421,M,4872041.0,243990.0,91
201700038972,17,11,7,2010,5,2,3,1.0,3.0,91421,M,4869406.0,244914.0,91
201700038973,17,11,9,1650,1,2,3,1.0,6.0,91691,M,4871229.0,250120.0,91
201700038974,17,11,20,1430,1,2,1,1.0,2.0,91421,M,4870823.0,245325.0,91
201700038975,17,11,22,810,3,2,1,1.0,6.0,91421,M,4869503.0,245168.0,91
201700038976,17,11,24,1905,3,2,1,1.0,6.0,91421,M,4870481.0,245877.0,91
201700038977,17,11,25,1110,1,2,1,1.0,6.0,91691,M,4871613.0,249031.0,91
201700038978,17,11,25,1840,2,2,1,1.0,6.0,91691,M,4871446.0,247884.0,91
201700038979,17,11,28,2105,5,2,2,2.0,3.0,91421,M,4870421.0,244838.0,91
201700038980,17,11,27,1715,2,2,3,2.0,4.0,91421,M,4870419.0,244621.0,91
201700038981,17,11,28,800,1,2,1,2.0,3.0,91421,M,4871773.0,244537.0,91
201700038982,17,9,25,650,1,2,3,1.0,5.0,91421,M,4869950.0,246809.0,91