Num_Acc,an,mois,jour,hrmn,lum,agg,int,atm,col,com,gps,lat,long,dep
201700038983,17,12,3,635,3,1,1,1.0,7.0,91421,M,4871261.0,244221.0,91
201700038984,17,12,4,1915,2,2,3,1.0,3.0,91691,M,4871747.0,251057.0,91
201700038985,17,11,29,1815,2,2,1,1.0,3.0,91421,M,4871049.0,244607.0,91
201700038986,17,12,17,140,5,2,1,1.0,6.0,91421,M,4870232.0,247260.0,91
201700038987,17,1,3,1755,4,2,3,1.0,6.0,91471,M,4869254.0,218102.0,91
201700038988,17,10,15,1208,1,1,1,1.0,6.0,91312,M,4874069.0,222008.0,91
201700038989,17,1,3,1830,5,2,1,5.0,6.0,91692,M,4868356.0,217593.0,91
201700038990,17,10,25,1750,2,1,1,1.0,6.0,91692,M,4868754.0,219673.0,91
201700038991,17,1,4,1330,1,2,1,1.0,6.0,91122,M,4868666.0,215936.0,91
201700038992,17,10,2,2240,5,2,1,2.0,7.0,91477,M,4870425.0,223360.0,91
201700038993,17,1,4,1330,1,1,1,1.0,2.0,91122,M,4868916.0,216038.0,91
201700038994,17,10,24,1345,1,1,6,1.0,7.0,91477,M,4871882.0,222587.0,91
201700038995,17,1,12,2050,5,2,1,6.0,6.0,91692,M,4868466.0,219456.0,91
201700038996,17,1,12,1920,5,2,4,2.0,6.0,91122,M,4869694.0,215902.0,91
201700038997,17,11,17,600,5,2,1,1.0,2.0,91477,M,4870378.0,222736.0,91
201700038998,17,1,14,100,3,1,1,9.0,7.0,91692,M,4867605.0,219223.0,91
201700038999,17,11,17,1525,1,2,1,1.0,3.0,91477,M,4871223.0,220137.0,91
201700039000,17,1,19,1230,1,2,3,1.0,6.0,91064,M,4875498.0,221539.0,91
201700039001,17,11,17,2045,5,2,1,1.0,6.0,91692,M,4868200.0,217344.0,91
201700039002,17,1,28,1915,5,2,1,1.0,1.0,91477,M,4870530.0,223824.0,91
201700039003,17,1,31,2025,5,2,1,8.0,2.0,91692,M,4868374.0,217642.0,91
201700039004,17,11,5,1003,1,2,2,1.0,6.0,91122,M,,,91
201700039005,17,2,16,1520,1,2,1,2.0,7.0,91477,M,4871600.0,225985.0,91
201700039006,17,2,23,1730,1,2,1,1.0,6.0,91477,M,4871752.0,224038.0,91
201700039007,17,12,29,1215,1,2,9,7.0,6.0,91645,M,4874091.0,226540.0,91
201700039008,17,2,22,1615,1,2,1,1.0,3.0,91064,M,4876533.0,222816.0,91
201700039009,17,12,13,740,3,2,1,2.0,3.0,91645,M,4873616.0,223834.0,91
201700039010,17,2,28,1240,1,1,1,1.0,4.0,91064,M,4876882.0,222966.0,91
201700039011,17,3,7,2230,5,2,1,1.0,1.0,91122,M,4869650.0,215490.0,91
201700039012,17,3,12,1250,1,2,1,1.0,3.0,91477,M,4871129.0,225690.0,91
201700039013,17,3,14,1345,1,1,1,1.0,2.0,91692,M,4867634.0,219496.0,91
201700039014,17,3,18,2035,3,2,1,1.0,3.0,91064,M,4876346.0,220592.0,91
201700039015,17,3,20,1245,1,1,2,1.0,3.0,91477,M,4871534.0,224820.0,91
201700039016,17,3,31,840,1,1,1,1.0,3.0,91692,M,4868516.0,220275.0,91
201700039017,17,4,3,840,1,2,1,1.0,5.0,91064,M,4875756.0,220959.0,91
201700039018,17,4,6,1319,1,2,1,1.0,2.0,91477,M,4871127.0,224780.0,91
201700039019,17,4,7,1535,1,2,6,1.0,2.0,91645,M,4874227.0,226838.0,91
201700039020,17,4,13,610,5,2,1,1.0,6.0,91471,M,4870041.0,219210.0,91
201700039021,17,4,18,910,1,1,1,1.0,2.0,91477,M,4870979.0,225399.0,91
201700039022,17,4,18,835,1,1,4,7.0,3.0,91692,M,4868467.0,219152.0,91
201700039023,17,4,20,2230,5,1,1,1.0,7.0,91692,M,4868493.0,220574.0,91
201700039024,17,5,3,1245,1,2,1,2.0,2.0,91477,M,4870389.0,223031.0,91
201700039025,17,5,4,1726,1,2,6,1.0,4.0,91312,M,4873805.0,223046.0,91
201700039026,17,5,10,850,1,2,1,1.0,3.0,91692,M,4868427.0,220064.0,91
201700039027,17,5,11,655,2,2,1,1.0,1.0,91471,M,4871513.0,217988.0,91
201700039028,17,5,11,1115,1,2,1,1.0,2.0,91122,M,4869192.0,215964.0,91
201700039029,17,5,12,2045,2,2,1,8.0,6.0,91312,M,4873554.0,223777.0,91
201700039030,17,5,16,1545,1,2,1,1.0,3.0,91692,M,4867779.0,217103.0,91
201700039031,17,5,29,1230,1,2,1,1.0,3.0,91471,M,4868638.0,218388.0,91
201700039032,17,5,30,740,1,2,2,1.0,3.0,91477,M,4871062.0,224410.0,91
201700039033,17,5,30,820,1,1,1,1.0,6.0,91692,M,4868466.0,219162.0,91
201700039034,17,5,31,1930,1,2,1,1.0,2.0,91692,M,4867730.0,217305.0,91
201700039035,17,5,20,1510,1,2,1,1.0,6.0,91692,M,4867735.0,217308.0,91
201700039036,17,6,6,955,1,2,1,1.0,1.0,91477,M,4871494.0,225018.0,91
201700039037,17,6,7,1745,1,2,1,1.0,2.0,91477,M,4870705.0,223924.0,91
201700039038,17,6,8,1728,1,2,9,1.0,3.0,91477,M,4872144.0,224827.0,91
201700039039,17,6,8,1740,1,2,1,1.0,6.0,91122,M,4869651.0,215526.0,91
201700039040,17,5,15,1840,1,2,1,1.0,6.0,91471,M,4868473.0,218422.0,91
201700039041,17,6,20,1915,1,2,3,1.0,1.0,91471,M,4868597.0,218302.0,91
201700039042,17,6,22,940,1,1,1,1.0,5.0,91692,M,4867528.0,216667.0,91
201700039043,17,6,24,13,5,2,1,1.0,6.0,91477,M,4871536.0,219277.0,91
201700039044,17,7,3,1835,1,1,6,1.0,2.0,91692,M,4867533.0,219334.0,91
201700039045,17,7,8,1440,1,2,1,1.0,6.0,91312,M,4874525.0,222351.0,91
201700039046,17,7,15,1330,1,2,3,1.0,2.0,91312,M,4873512.0,223828.0,91
201700039047,17,7,20,1820,1,2,1,1.0,3.0,91692,M,4868010.0,217423.0,91
201700039048,17,7,20,1930,1,1,1,1.0,2.0,91477,M,4871493.0,219732.0,91
201700039049,17,7,21,1545,1,2,1,9.0,2.0,91477,M,4871973.0,224399.0,91
201700039050,17,7,21,1350,1,2,3,1.0,3.0,91692,M,4868110.0,216401.0,91
201700039051,17,7,25,1018,1,2,1,8.0,3.0,91692,M,4869103.0,216369.0,91
201700039052,17,7,27,1350,1,1,6,1.0,2.0,91477,M,4871832.0,223188.0,91
201700039053,17,8,3,1950,1,2,1,1.0,6.0,91477,M,4871766.0,224060.0,91
201700039054,17,8,14,1700,1,2,1,1.0,2.0,91312,M,4874147.0,222485.0,91
201700039055,17,8,17,1415,1,2,1,1.0,3.0,91692,M,4867779.0,217103.0,91
201700039056,17,8,19,1120,1,2,1,1.0,3.0,91477,M,4871277.0,219600.0,91
201700039057,17,8,22,1848,1,2,1,1.0,1.0,91692,M,4867820.0,216453.0,91
201700039058,17,6,28,1850,1,2,1,1.0,6.0,91692,M,4868942.0,217384.0,91
201700039059,17,8,28,1855,1,2,1,7.0,6.0,91692,M,4868260.0,216919.0,91
201700039060,17,8,27,328,3,2,1,1.0,6.0,91477,M,4870958.0,225437.0,91
201700039061,17,6,22,1050,1,2,6,1.0,2.0,91692,M,4800000.0,200000.0,91
201700039062,17,9,4,1157,1,2,1,1.0,3.0,91312,M,4873808.0,223150.0,91
201700039063,17,8,31,1729,1,2,1,1.0,3.0,91477,M,4871671.0,224856.0,91
201700039064,17,9,29,2110,5,2,1,3.0,7.0,91477,M,4871440.0,224000.0,91
201700039065,17,10,6,1715,1,1,3,7.0,3.0,91312,M,4873762.0,222561.0,91
201700039066,17,10,17,1730,1,2,1,1.0,1.0,91692,M,4868028.0,217074.0,91
201700039067,17,10,18,1520,1,2,3,1.0,3.0,91477,M,4871621.0,225127.0,91
201700039068,17,10,15,1715,1,2,1,1.0,6.0,91477,M,4872418.0,225152.0,91
201700039069,17,10,27,800,2,2,1,1.0,2.0,91692,M,4867647.0,219586.0,91
201700039070,17,11,28,1744,2,2,1,1.0,6.0,91471,M,4870551.0,219138.0,91
201700039071,17,11,30,1740,5,2,1,2.0,6.0,91692,M,4868291.0,216955.0,91
201700039072,17,12,1,1627,1,2,1,8.0,6.0,91477,M,,,91
201700039073,17,12,7,1935,5,2,1,2.0,6.0,91645,M,4874500.0,226800.0,91
201700039074,17,12,7,1935,5,2,1,2.0,6.0,91645,M,4874511.0,226808.0,91
201700039075,17,12,21,720,5,2,1,2.0,4.0,91477,M,4871229.0,226219.0,91
201700039076,17,12,28,1115,1,2,3,7.0,6.0,91477,M,4871266.0,224600.0,91
201700039077,17,1,18,800,2,2,6,1.0,3.0,91549,M,4864079.0,232590.0,91
201700039078,17,1,23,1925,3,2,2,1.0,3.0,91549,M,4864496.0,234611.0,91
201700039079,17,1,22,330,5,2,1,9.0,6.0,91570,M,4863796.0,231083.0,91
201700039080,17,1,25,2015,5,2,1,1.0,4.0,91549,M,4863753.0,233006.0,91
201700039081,17,2,11,1330,1,2,3,1.0,3.0,91570,M,4863490.0,230462.0,91
201700039082,17,2,15,940,1,2,1,1.0,6.0,91549,M,4865218.0,231587.0,91
201700039083,17,2,23,1745,2,2,1,1.0,3.0,91570,M,4864478.0,230729.0,91
201700039084,17,2,24,1610,1,2,1,1.0,6.0,91667,M,4866499.0,233014.0,91
201700039085,17,3,2,815,1,2,6,1.0,3.0,91549,M,4864083.0,232576.0,91
201700039086,17,4,14,1200,1,2,3,1.0,1.0,91549,M,4862410.0,233796.0,91
201700039087,17,4,14,1750,1,2,1,1.0,3.0,91549,M,4864911.0,233114.0,91
201700039088,17,5,13,1215,1,2,1,1.0,6.0,91549,M,4864139.0,233348.0,91
201700039089,17,5,24,1842,1,2,1,1.0,3.0,91570,M,4863429.0,230123.0,91
201700039090,17,6,12,1450,1,1,6,1.0,6.0,91570,M,4863542.0,231939.0,91
201700039091,17,6,13,1200,1,2,1,1.0,6.0,91570,M,4863899.0,230520.0,91
201700039092,17,6,11,1210,1,2,3,1.0,1.0,91549,M,4864600.0,231419.0,91
201700039093,17,6,27,905,1,2,4,1.0,3.0,91549,M,4864256.0,234046.0,91
201700039094,17,7,11,1250,1,2,1,1.0,6.0,91549,M,4865000.0,231863.0,91
201700039095,17,7,29,1429,1,2,1,1.0,3.0,91570,M,4863605.0,230700.0,91
201700039096,17,10,20,745,3,2,1,1.0,6.0,91549,M,4865450.0,231511.0,91
201700039097,17,11,24,1335,1,2,1,2.0,3.0,91549,M,4863475.0,234492.0,91
201700039098,17,11,27,1730,2,2,2,2.0,3.0,91549,M,4863927.0,233746.0,91
201700039099,17,11,29,1956,5,2,1,1.0,5.0,91549,M,4863457.0,234377.0,91
201700039100,17,12,12,750,2,2,1,9.0,6.0,91570,M,4863403.0,229425.0,91
201700039101,17,12,12,1900,5,2,1,1.0,6.0,91570,M,4863082.0,231845.0,91
201700039102,17,12,21,1730,5,2,1,8.0,6.0,91549,M,4864478.0,233492.0,91
201700039103,17,12,28,1025,1,2,1,8.0,6.0,91216,M,4867329.0,232706.0,91
201700039104,17,1,11,1210,1,2,2,2.0,3.0,91589,M,4868319.0,234447.0,91
201700039105,17,12,12,740,5,2,1,9.0,7.0,91589,M,4868328.0,233799.0,91
201700039106,17,2,9,2030,5,2,4,1.0,2.0,91589,M,4867557.0,234865.0,91
201700039107,17,2,11,1530,1,2,1,1.0,2.0,91432,M,4870040.0,232583.0,91
201700039108,17,2,16,2215,5,2,1,1.0,6.0,91589,M,4869795.0,233789.0,91
201700039109,17,1,16,700,3,2,3,8.0,6.0,91589,M,4867982.0,234428.0,91
201700039110,17,1,26,1735,1,1,1,1.0,7.0,91432,M,4871349.0,234605.0,91
201700039111,17,1,5,1335,1,2,2,1.0,6.0,91589,M,4868074.0,234261.0,91
201700039112,17,2,27,1135,1,2,2,1.0,3.0,91589,M,4868558.0,235095.0,91
201700039113,17,5,9,1835,1,2,1,1.0,6.0,91589,M,4868395.0,335528.0,91
201700039114,17,4,25,810,1,2,2,1.0,3.0,91589,M,4868464.0,235236.0,91
201700039115,17,3,28,1757,1,2,4,1.0,3.0,91589,M,4868860.0,234052.0,91
201700039116,17,3,30,1155,1,2,2,1.0,3.0,91432,M,4870360.0,234368.0,91
201700039117,17,3,8,2035,5,2,2,9.0,3.0,91589,M,4869000.0,234000.0,91
201700039118,17,7,7,1230,1,2,1,1.0,6.0,91589,M,4867695.0,235440.0,91
201700039119,17,4,26,800,2,2,2,7.0,6.0,91589,M,4868401.0,234228.0,91
201700039120,17,6,28,1840,1,2,1,1.0,6.0,91589,M,4868696.0,235354.0,91
201700039121,17,8,5,741,1,2,1,1.0,6.0,91432,M,,,91
201700039122,17,8,14,1422,1,2,2,7.0,3.0,91589,M,4869213.0,235645.0,91
201700039123,17,9,12,1730,1,2,1,1.0,6.0,91589,M,4868233.0,235901.0,91
201700039124,17,10,3,1030,1,2,3,1.0,6.0,91589,M,4867988.0,234433.0,91
201700039125,17,7,8,2020,1,2,1,1.0,6.0,91432,M,4870131.0,232337.0,91
201700039126,17,10,13,1810,1,2,1,1.0,6.0,91432,M,4870627.0,233284.0,91
201700039127,17,10,18,745,2,2,1,1.0,6.0,91589,M,4869793.0,235036.0,91
201700039128,17,10,19,1422,1,2,3,1.0,6.0,91589,M,4869462.0,234441.0,91
201700039129,17,10,24,816,2,2,2,2.0,3.0,91589,M,4868842.0,-235659.0,91
201700039130,17,8,19,2315,5,2,1,1.0,6.0,91589,M,4867424.0,233827.0,91
201700039131,17,10,31,1635,1,2,1,1.0,3.0,91589,M,4886272.0,228759.0,91
201700039132,17,8,4,1624,1,2,1,1.0,6.0,91589,M,4868450.0,234233.0,91
201700039133,17,11,9,1240,1,2,1,1.0,2.0,91589,M,4868263.0,234380.0,91
201700039134,17,11,11,1600,1,2,1,2.0,2.0,91589,M,4867497.0,233524.0,91
201700039135,17,11,17,2205,5,2,1,9.0,5.0,91589,M,4868076.0,236245.0,91
201700039136,17,11,27,1830,5,2,2,2.0,3.0,91589,M,4868268.0,234063.0,91
201700039137,17,12,7,1855,5,2,2,2.0,3.0,91589,M,4868662.0,235232.0,91
201700039138,17,12,12,1720,5,2,1,1.0,6.0,91589,M,4867863.0,234824.0,91
201700039139,17,12,14,800,2,2,2,8.0,3.0,91589,M,4868883.0,235455.0,91
201700039140,17,9,22,1840,2,2,2,1.0,6.0,91432,M,4870078.0,232631.0,91
201700039141,17,12,15,1740,5,2,1,2.0,6.0,91589,M,4869207.0,236373.0,91
201700039142,17,12,16,1600,1,2,1,8.0,6.0,91589,M,4868909.0,234019.0,91
201700039143,17,12,20,1720,5,2,2,2.0,3.0,91589,M,4868544.0,236509.0,91
201700039144,17,12,21,1757,5,2,1,2.0,2.0,91589,M,4867701.0,233783.0,91
201700039145,17,12,30,1130,1,2,1,2.0,2.0,91589,M,4868574.0,234755.0,91
201700039146,17,6,2,1640,1,2,1,1.0,2.0,92002,M,4875122.0,230056.0,92
201700039147,17,6,9,838,1,2,1,1.0,6.0,92002,M,4874548.0,231464.0,92
201700039148,17,6,6,830,1,2,2,1.0,6.0,92002,M,4873621.0,230203.0,92
201700039149,17,6,8,1145,1,2,7,1.0,7.0,92014,M,4878018.0,231370.0,92
201700039150,17,11,13,1000,1,2,1,1.0,3.0,92014,M,4878478.0,231157.0,92
201700039151,17,6,14,2050,1,2,1,1.0,3.0,92014,M,4878733.0,231246.0,92
201700039152,17,11,25,1200,1,2,1,1.0,3.0,92002,M,4876241.0,230630.0,92
201700039153,17,6,12,2340,5,2,3,1.0,3.0,92002,M,4874367.0,230311.0,92
201700039154,17,11,17,1200,1,2,3,2.0,6.0,92002,M,4876240.0,230348.0,92
201700039155,17,6,28,1650,1,2,1,2.0,2.0,92002,M,4876333.0,230724.0,92
201700039156,17,8,16,1245,1,2,2,1.0,6.0,92002,M,,,92
201700039157,17,11,19,1815,5,2,3,1.0,3.0,92002,M,4876280.0,230412.0,92
201700039158,17,8,26,1930,1,2,3,1.0,6.0,92002,M,,,92
201700039159,17,12,7,711,5,2,2,1.0,6.0,92014,M,4877941.0,231528.0,92
201700039160,17,8,29,1225,1,2,1,1.0,6.0,92002,M,,,92
201700039161,17,8,31,1820,1,2,1,1.0,6.0,92014,M,,,92
201700039162,17,9,2,1350,1,2,3,1.0,6.0,92002,M,4877083.0,231208.0,92
201700039163,17,9,6,900,1,2,2,1.0,6.0,92002,M,4876270.0,230336.0,92
201700039164,17,9,6,2010,2,2,1,1.0,2.0,92014,M,,,92
201700039165,17,9,17,700,2,2,1,8.0,6.0,92014,M,4878218.0,231470.0,92
201700039166,17,9,20,1930,2,2,6,1.0,3.0,92002,M,4873367.0,230776.0,92
201700039167,17,9,26,1745,1,2,1,1.0,2.0,92002,M,,,92
201700039168,17,7,22,1355,1,2,2,1.0,3.0,92014,M,,,92
201700039169,17,9,12,830,1,2,3,1.0,6.0,92002,M,4873590.0,230367.0,92
201700039170,17,9,26,1735,1,2,2,1.0,3.0,92014,M,4878504.0,231003.0,92
201700039171,17,10,9,940,1,2,3,1.0,6.0,92002,M,4875456.0,230061.0,92
201700039172,17,10,21,1715,1,2,6,1.0,2.0,92002,M,4876322.0,230914.0,92
201700039173,17,10,8,550,5,2,1,1.0,2.0,92002,M,4876971.0,231150.0,92
201700039174,17,10,24,800,2,2,3,2.0,6.0,92002,M,4873894.0,228775.0,92
201700039175,17,6,19,1130,1,2,2,1.0,3.0,92014,M,4878316.0,231515.0,92
201700039176,17,10,13,1800,1,2,2,1.0,6.0,92002,M,4877024.0,231667.0,92
201700039177,17,10,30,719,2,2,3,1.0,3.0,92002,M,4874167.0,230256.0,92
201700039178,17,11,24,900,1,2,1,2.0,3.0,92002,M,4876889.0,232112.0,92
201700039179,17,11,29,1440,1,2,3,1.0,2.0,92002,M,4873410.0,231290.0,92
201700039180,17,10,31,1310,1,2,1,1.0,2.0,92014,M,4878120.0,231604.0,92
201700039181,17,11,24,805,5,2,3,1.0,6.0,92014,M,4878154.0,231081.0,92
201700039182,17,11,25,1020,1,2,1,1.0,5.0,92002,M,4875418.0,230120.0,92
201700039183,17,7,11,1200,1,2,3,1.0,2.0,92002,M,4876109.0,229725.0,92
201700039184,17,7,11,2105,2,2,2,1.0,3.0,92002,M,4876386.0,230894.0,92
201700039185,17,11,24,2350,5,2,3,1.0,5.0,92002,M,4874351.0,230295.0,92
201700039186,17,11,2,1245,1,2,3,1.0,3.0,92002,M,4874352.0,230294.0,92
201700039187,17,12,13,720,5,2,3,3.0,6.0,92002,M,4874286.0,229688.0,92
201700039188,17,12,1,1445,1,2,1,2.0,7.0,92014,M,4878307.0,231686.0,92
201700039189,17,12,13,1710,1,2,1,3.0,6.0,92002,M,4875432.0,229182.0,92
201700039190,17,12,22,1450,1,2,1,2.0,2.0,92002,M,4876899.0,231122.0,92
201700039191,17,12,28,1330,1,2,2,1.0,3.0,92002,M,4875135.0,230456.0,92
201700039192,17,1,17,825,1,2,1,1.0,2.0,92002,M,,,92
201700039193,17,1,17,1430,1,2,2,1.0,6.0,92014,M,,,92
201700039194,17,1,24,1610,1,2,2,1.0,6.0,92014,M,,,92
201700039195,17,1,31,1100,1,2,2,8.0,6.0,92002,M,,,92
201700039196,17,2,3,900,1,2,1,1.0,3.0,92002,M,,,92
201700039197,17,2,23,1855,5,2,1,2.0,6.0,92014,M,,,92
201700039198,17,3,3,1017,1,2,3,1.0,3.0,92014,M,,,92
201700039199,17,3,9,1200,1,2,2,1.0,3.0,92002,M,,,92
201700039200,17,3,9,1800,1,2,3,1.0,3.0,92002,M,,,92
201700039201,17,3,16,850,1,2,1,1.0,6.0,92002,M,,,92
201700039202,17,3,21,840,1,2,1,1.0,6.0,92002,M,,,92
201700039203,17,3,26,20,5,2,3,1.0,3.0,92014,M,,,92
201700039204,17,3,28,1150,1,2,1,1.0,2.0,92002,M,,,92
201700039205,17,4,26,825,1,2,1,1.0,3.0,92002,M,,,92
201700039206,17,4,26,1755,1,2,3,3.0,6.0,92014,M,,,92
201700039207,17,5,4,1530,1,2,3,1.0,5.0,92002,M,,,92
201700039208,17,5,5,550,3,2,1,1.0,6.0,92014,M,,,92
201700039209,17,5,5,1745,1,2,3,1.0,3.0,92002,M,4873903.0,229443.0,92
201700039210,17,5,15,1320,1,2,1,1.0,6.0,92002,M,,,92
201700039211,17,5,19,1805,1,2,3,1.0,6.0,92002,M,,,92
201700039212,17,1,6,1610,1,2,1,1.0,6.0,92009,M,,,92
201700039213,17,1,11,1950,5,2,1,1.0,2.0,92004,M,,,92
201700039214,17,11,27,1815,5,2,2,2.0,6.0,92004,M,4892762.0,227000.0,92
201700039215,17,1,16,805,5,2,3,1.0,3.0,92004,M,,,92
201700039216,17,12,8,750,5,2,2,2.0,6.0,92009,M,4891941.0,227640.0,92
201700039217,17,1,27,845,1,2,1,1.0,1.0,92004,M,,,92
201700039218,17,12,11,2350,5,2,2,2.0,5.0,92004,M,4891117.0,229869.0,92
201700039219,17,1,29,1355,1,2,1,1.0,6.0,92004,M,,,92
201700039220,17,10,28,215,5,2,1,1.0,7.0,92004,M,4891519.0,229572.0,92
201700039221,17,1,29,1840,5,2,1,1.0,6.0,92004,M,,,92
201700039222,17,2,8,1750,5,2,1,1.0,6.0,92004,M,,,92
201700039223,17,12,21,745,5,2,1,1.0,6.0,92004,M,4891586.0,228244.0,92
201700039224,17,2,18,1730,1,2,3,1.0,3.0,92004,M,,,92
201700039225,17,6,22,255,5,2,1,1.0,7.0,92004,M,4890875.0,229311.0,92
201700039226,17,2,23,1415,1,2,6,1.0,3.0,92009,M,,,92
201700039227,17,10,21,335,5,2,1,1.0,7.0,92004,M,4892208.0,228332.0,92
201700039228,17,2,23,1745,1,2,1,1.0,6.0,92004,M,,,92
201700039229,17,12,15,1905,2,2,3,1.0,6.0,92004,M,4890805.0,227582.0,92
201700039230,17,2,26,2030,5,2,1,1.0,6.0,92004,M,,,92
201700039231,17,2,24,2200,5,2,9,1.0,6.0,92004,M,,,92
201700039232,17,11,8,1555,1,2,1,1.0,7.0,92004,M,,,92
201700039233,17,2,27,910,1,2,1,1.0,3.0,92004,M,,,92
201700039234,17,11,16,1930,5,2,1,1.0,7.0,92004,M,,,92
201700039235,17,2,27,1550,1,1,9,2.0,3.0,92004,M,,,92
201700039236,17,11,22,1705,1,2,1,1.0,6.0,92004,M,,,92
201700039237,17,11,21,2245,3,2,1,1.0,6.0,92004,M,,,92
201700039238,17,3,1,740,1,2,1,1.0,6.0,92004,M,,,92
201700039239,17,12,14,2100,5,2,1,1.0,2.0,92004,M,,,92
201700039240,17,3,3,1015,1,2,3,1.0,3.0,92009,M,,,92
201700039241,17,12,8,1300,1,2,1,1.0,3.0,92004,M,4891368.0,229889.0,92
201700039242,17,3,7,900,1,2,3,2.0,1.0,92004,M,,,92
201700039243,17,12,20,1825,5,2,1,2.0,7.0,92004,M,,,92
201700039244,17,3,7,840,1,2,1,2.0,6.0,92004,M,,,92
201700039245,17,12,31,1650,1,2,1,1.0,7.0,92004,M,4892389.0,227570.0,92
201700039246,17,3,10,1400,1,2,2,1.0,3.0,92004,M,,,92
201700039247,17,3,14,600,5,2,6,1.0,7.0,92004,M,,,92
201700039248,17,3,19,1520,1,2,1,1.0,7.0,92004,M,,,92
201700039249,17,12,10,1730,2,2,1,1.0,6.0,92004,M,,,92
201700039250,17,3,20,1210,1,2,1,1.0,7.0,92004,M,,,92
201700039251,17,12,14,650,1,2,6,1.0,3.0,92004,M,,,92
201700039252,17,3,20,1000,1,2,1,1.0,7.0,92004,M,,,92
201700039253,17,3,22,1738,1,2,1,1.0,6.0,92004,M,,,92
201700039254,17,12,4,1830,5,2,1,1.0,3.0,92004,M,4891184.0,229983.0,92
201700039255,17,3,23,1250,1,1,9,1.0,3.0,92004,M,,,92
201700039256,17,12,19,2113,5,2,2,1.0,3.0,92004,M,4891106.0,229883.0,92
201700039257,17,3,24,800,1,2,1,2.0,6.0,92004,M,,,92
201700039258,17,12,26,1610,1,2,1,1.0,6.0,92009,M,4891887.0,228023.0,92
201700039259,17,3,16,2100,5,2,1,1.0,6.0,92004,M,,,92
201700039260,17,12,21,30,5,2,1,1.0,6.0,92009,M,4891824.0,226238.0,92
201700039261,17,3,27,1830,1,2,1,1.0,6.0,92004,M,,,92
201700039262,17,12,21,2335,5,2,1,1.0,6.0,92004,M,4892080.0,227880.0,92
201700039263,17,3,28,1000,1,2,3,1.0,6.0,92004,M,,,92
201700039264,17,3,30,1915,1,2,1,1.0,6.0,92004,M,,,92
201700039265,17,4,1,1500,1,2,2,1.0,6.0,92004,M,,,92
201700039266,17,4,4,1020,1,2,4,1.0,6.0,92004,M,,,92
201700039267,17,4,11,1213,1,2,1,1.0,2.0,92004,M,,,92
201700039268,17,4,13,1915,1,1,1,1.0,3.0,92004,M,,,92
201700039269,17,4,16,1400,1,2,1,1.0,6.0,92004,M,,,92
201700039270,17,4,17,1245,1,2,9,1.0,3.0,92004,M,,,92
201700039271,17,4,20,840,1,2,2,1.0,1.0,92004,M,,,92
201700039272,17,4,20,1420,1,2,1,1.0,1.0,92009,M,,,92
201700039273,17,4,20,1730,1,2,2,1.0,3.0,92004,M,,,92
201700039274,17,4,25,1140,1,2,1,1.0,6.0,92004,M,,,92
201700039275,17,4,26,730,1,2,1,1.0,2.0,92004,M,,,92
201700039276,17,4,29,1950,1,2,1,1.0,2.0,92004,M,,,92
201700039277,17,5,3,1800,1,2,1,2.0,6.0,92004,M,,,92
201700039278,17,5,9,930,1,2,1,1.0,2.0,92004,M,,,92
201700039279,17,5,10,1610,1,2,1,1.0,6.0,92004,M,,,92
201700039280,17,5,10,1950,1,2,1,1.0,3.0,92004,M,,,92
201700039281,17,5,17,1745,1,2,1,1.0,2.0,92004,M,,,92
201700039282,17,5,18,1130,1,2,1,1.0,6.0,92004,M,,,92
201700039283,17,5,20,2330,5,2,2,1.0,5.0,92004,M,,,92
201700039284,17,5,21,1910,1,2,1,1.0,6.0,92004,M,,,92
201700039285,17,5,26,1555,1,2,1,1.0,3.0,92004,M,,,92
201700039286,17,6,15,850,1,2,1,1.0,2.0,92004,M,4890975.0,229415.0,92
201700039287,17,6,6,1250,1,2,1,1.0,6.0,92004,M,4892898.0,227925.0,92
201700039288,17,6,6,1440,1,2,1,1.0,6.0,92004,M,,,92
201700039289,17,6,7,1340,1,2,1,1.0,3.0,92004,M,,,92
201700039290,17,6,10,1615,1,2,1,1.0,6.0,92004,M,,,92
201700039291,17,6,8,1755,1,2,2,1.0,2.0,92009,M,,,92
201700039292,17,6,12,1630,1,2,1,1.0,7.0,92004,M,,,92
201700039293,17,6,12,1822,1,2,1,1.0,7.0,92004,M,,,92
201700039294,17,6,13,830,1,2,1,1.0,2.0,92004,M,,,92
201700039295,17,6,15,100,5,2,1,1.0,3.0,92004,M,4892956.0,228178.0,92
201700039296,17,6,16,1610,1,2,1,1.0,2.0,92004,M,4891310.0,230549.0,92
201700039297,17,6,15,1955,1,2,2,1.0,2.0,92009,M,4891699.0,227309.0,92
201700039298,17,6,30,1900,1,2,2,1.0,3.0,92004,M,4891491.0,229434.0,92
201700039299,17,6,26,1020,1,2,1,1.0,6.0,92004,M,4891878.0,232086.0,92
201700039300,17,7,28,2130,1,2,2,1.0,3.0,92004,M,4891124.0,229841.0,92
201700039301,17,6,21,1215,1,2,1,1.0,6.0,92004,M,4892256.0,228575.0,92
201700039302,17,6,27,1440,1,2,1,1.0,1.0,92004,M,4891335.0,228497.0,92
201700039303,17,7,6,1145,1,2,1,1.0,2.0,92004,M,4891808.0,232065.0,92
201700039304,17,8,7,700,1,2,2,1.0,3.0,92004,M,4891027.0,228909.0,92
201700039305,17,8,16,1500,1,2,2,1.0,5.0,92004,M,4891106.0,229884.0,92
201700039306,17,7,8,1020,1,2,1,1.0,6.0,92004,M,4891597.0,229440.0,92