Num_Acc,an,mois,jour,hrmn,lum,agg,int,atm,col,com,gps,lat,long,dep
201700039307,17,7,19,1240,1,2,1,2.0,3.0,92004,M,4891166.0,231054.0,92
201700039308,17,6,21,2110,1,2,1,1.0,3.0,92004,M,4892778.0,227555.0,92
201700039309,17,7,15,1005,1,2,1,1.0,7.0,92004,M,4890936.0,228617.0,92
201700039310,17,8,18,1720,1,2,1,1.0,7.0,92004,M,,,92
201700039311,17,6,18,1,5,2,2,1.0,3.0,92004,M,,,92
201700039312,17,8,21,1835,1,2,1,1.0,6.0,92004,M,,,92
201700039313,17,9,4,1935,1,2,1,1.0,6.0,92004,M,,,92
201700039314,17,9,12,1240,1,2,3,1.0,6.0,92004,M,,,92
201700039315,17,6,26,1530,1,2,1,1.0,3.0,92004,M,4890724.0,229156.0,92
201700039316,17,9,16,2330,5,2,1,1.0,3.0,92004,M,4892780.0,227787.0,92
201700039317,17,6,30,2350,5,2,1,1.0,3.0,92004,M,4893140.0,228350.0,92
201700039318,17,6,10,1615,1,2,1,1.0,6.0,92004,M,,,92
201700039319,17,9,28,1445,1,2,1,1.0,2.0,92004,M,4891733.0,230840.0,92
201700039320,17,9,21,900,1,2,1,1.0,6.0,92004,M,,,92
201700039321,17,10,27,720,5,2,1,1.0,6.0,92004,M,4891808.0,232065.0,92
201700039322,17,10,20,810,1,2,1,1.0,2.0,92004,M,4891027.0,228909.0,92
201700039323,17,10,27,2035,5,2,1,1.0,3.0,92004,M,4892108.0,228754.0,92
201700039324,17,11,6,1800,4,2,1,1.0,3.0,92004,M,,,92
201700039325,17,9,7,930,1,2,1,1.0,6.0,92004,M,,,92
201700039326,17,9,18,910,1,2,1,1.0,6.0,92004,M,,,92
201700039327,17,8,29,2125,5,2,2,1.0,3.0,92004,M,,,92
201700039328,17,7,12,1600,1,2,1,1.0,2.0,92004,M,,,92
201700039329,17,10,27,1832,1,2,1,1.0,1.0,92004,M,,,92
201700039330,17,11,19,1620,1,2,1,1.0,2.0,92004,M,,,92
201700039331,17,11,9,1820,5,2,3,1.0,1.0,92004,M,,,92
201700039332,17,6,7,1340,1,2,1,1.0,3.0,92004,M,,,92
201700039333,17,8,11,925,1,2,2,1.0,2.0,92004,M,,,92
201700039334,17,11,13,925,1,2,1,1.0,6.0,92004,M,4891585.0,230367.0,92
201700039335,17,11,20,825,2,2,2,1.0,3.0,92004,M,4890763.0,228348.0,92
201700039336,17,12,4,1630,1,2,1,1.0,6.0,92004,M,4893004.0,227225.0,92
201700039337,17,7,17,1030,1,2,2,1.0,3.0,92004,M,4892456.0,227741.0,92
201700039338,17,7,31,1115,1,2,1,1.0,4.0,92004,M,4892280.0,228614.0,92
201700039339,17,8,21,710,1,2,1,1.0,6.0,92004,M,,,92
201700039340,17,9,11,840,1,2,1,1.0,6.0,92004,M,4891519.0,229377.0,92
201700039341,17,9,13,442,5,2,1,1.0,6.0,92004,M,4891862.0,232083.0,92
201700039342,17,9,28,925,1,2,1,2.0,7.0,92004,M,,,92
201700039343,17,9,28,1020,1,2,1,2.0,7.0,92004,M,,,92
201700039344,17,8,9,2000,1,2,1,1.0,2.0,92004,M,,,92
201700039345,17,10,9,1626,1,1,1,1.0,7.0,92004,M,,,92
201700039346,17,10,17,730,2,2,1,1.0,6.0,92004,M,4891264.0,229607.0,92
201700039347,17,1,10,930,3,2,1,2.0,6.0,92007,M,,,92
201700039348,17,1,11,1855,5,2,1,1.0,3.0,92007,M,,,92
201700039349,17,1,13,2105,5,2,6,1.0,2.0,92007,M,,,92
201700039350,17,1,16,830,1,2,1,1.0,5.0,92007,M,,,92
201700039351,17,2,4,1250,1,2,2,2.0,3.0,92007,M,,,92
201700039352,17,2,15,220,5,2,3,1.0,3.0,92007,M,,,92
201700039353,17,1,24,1115,1,2,3,1.0,1.0,92007,M,,,92
201700039354,17,2,26,2140,5,2,1,1.0,7.0,92007,M,,,92
201700039355,17,3,24,1855,2,2,3,1.0,6.0,92007,M,,,92
201700039356,17,3,28,1830,1,2,1,1.0,6.0,92007,M,,,92
201700039357,17,2,28,2130,5,2,2,2.0,6.0,92007,M,,,92
201700039358,17,5,4,1100,1,2,1,1.0,5.0,92007,M,,,92
201700039359,17,4,27,1820,1,2,1,1.0,6.0,92007,M,,,92
201700039360,17,4,28,830,1,2,1,2.0,7.0,92007,M,,,92
201700039361,17,4,16,1855,1,2,2,1.0,3.0,92007,M,,,92
201700039362,17,5,18,1850,2,2,3,3.0,3.0,92007,M,,,92
201700039363,17,6,7,1137,1,2,1,1.0,3.0,92007,M,,,92
201700039364,17,6,10,2000,1,2,1,1.0,6.0,92007,M,,,92
201700039365,17,5,24,615,2,2,2,1.0,1.0,92007,M,4881051.0,230855.0,92
201700039366,17,4,24,1805,1,2,1,1.0,2.0,92007,M,,,92
201700039367,17,4,19,2200,5,2,1,1.0,3.0,92007,M,,,92
201700039368,17,6,17,1240,1,2,1,1.0,6.0,92007,M,,,92
201700039369,17,6,27,1815,1,2,3,2.0,6.0,92007,M,,,92
201700039370,17,6,28,905,1,2,9,1.0,6.0,92007,M,,,92
201700039371,17,7,5,745,1,2,1,1.0,6.0,92007,M,4879729.0,293164.0,92
201700039372,17,7,21,1640,1,2,1,1.0,3.0,92007,M,4880332.0,231193.0,92
201700039373,17,8,21,1840,1,2,1,1.0,2.0,92007,M,,,92
201700039374,17,8,26,2230,5,2,9,1.0,3.0,92007,M,4879087.0,231876.0,92
201700039375,17,8,28,1910,1,2,1,1.0,7.0,92007,M,4800000.0,200000.0,92
201700039376,17,9,2,1055,1,2,3,1.0,3.0,92007,M,4879564.0,231533.0,92
201700039377,17,9,15,1010,1,2,1,1.0,6.0,92007,M,4881091.0,230515.0,92
201700039378,17,9,19,815,1,2,6,2.0,3.0,92007,M,4879692.0,229935.0,92
201700039379,17,9,29,1650,1,2,1,1.0,2.0,92007,M,4880080.0,230185.0,92
201700039380,17,10,6,1245,1,2,6,1.0,3.0,92007,M,4880000.0,230000.0,92
201700039381,17,10,17,1320,1,2,2,1.0,3.0,92007,M,4879856.0,232275.0,92
201700039382,17,10,20,1640,1,2,2,1.0,3.0,92007,M,4879540.0,230008.0,92
201700039383,17,10,31,1710,2,2,1,1.0,3.0,92007,M,4879000.0,230000.0,92
201700039384,17,11,5,1250,1,2,7,1.0,6.0,92007,M,,,92
201700039385,17,11,12,230,5,2,1,2.0,6.0,92007,M,4830000.0,290000.0,92
201700039386,17,11,15,1507,1,2,1,1.0,6.0,92007,M,4880988.0,231638.0,92
201700039387,17,11,27,1715,5,2,3,2.0,3.0,92007,M,4880148.0,230032.0,92
201700039388,17,11,28,1230,2,2,1,2.0,6.0,92007,M,4880232.0,231121.0,92
201700039389,17,9,9,900,1,2,2,1.0,2.0,92007,M,4879234.0,229890.0,92
201700039390,17,9,7,2150,5,2,1,1.0,7.0,92007,M,4879940.0,231785.0,92
201700039391,17,11,13,1550,1,2,1,1.0,6.0,92007,M,4880215.0,230249.0,92
201700039392,17,11,19,300,5,2,2,2.0,3.0,92007,M,4878925.0,231060.0,92
201700039393,17,11,23,1035,1,2,8,1.0,6.0,92007,M,4880994.0,231714.0,92
201700039394,17,12,8,915,1,2,3,2.0,6.0,92007,M,4879534.0,231070.0,92
201700039395,17,12,9,1052,1,2,1,1.0,6.0,92007,M,4880078.0,230087.0,92
201700039396,17,12,12,1330,1,2,1,1.0,6.0,92007,M,4879124.0,231988.0,92
201700039397,17,12,12,1910,3,2,1,1.0,2.0,92007,M,4880294.0,230280.0,92
201700039398,17,12,14,1234,1,2,2,2.0,6.0,92007,M,4880509.0,232259.0,92
201700039399,17,12,15,2055,5,2,1,1.0,6.0,92007,M,4879486.0,232112.0,92
201700039400,17,12,15,2130,5,2,1,1.0,6.0,92007,M,4879506.0,230697.0,92
201700039401,17,12,21,820,2,2,1,2.0,7.0,92007,M,4890725.0,230474.0,92
201700039402,17,12,22,700,5,2,3,1.0,3.0,92007,M,4880596.0,231369.0,92
201700039403,17,12,22,2155,5,2,1,2.0,6.0,92007,M,4879063.0,231145.0,92
201700039404,17,12,23,320,5,2,3,2.0,6.0,92007,M,4880800.0,231573.0,92
201700039405,17,12,25,1900,5,2,1,1.0,6.0,92007,M,4879797.0,231744.0,92
201700039406,17,1,4,830,2,2,2,4.0,3.0,92012,M,,,92
201700039407,17,12,31,1815,5,2,1,2.0,3.0,92012,M,4883305.0,224394.0,92
201700039408,17,1,5,1930,5,2,1,1.0,6.0,92012,M,,,92
201700039409,17,12,31,1950,5,2,1,3.0,3.0,92012,M,4883572.0,224973.0,92
201700039410,17,1,6,1420,1,2,1,1.0,3.0,92012,M,,,92
201700039411,17,1,7,1325,1,2,1,5.0,6.0,92012,M,,,92
201700039412,17,1,9,815,1,2,3,6.0,2.0,92012,M,,,92
201700039413,17,1,14,300,5,2,1,2.0,5.0,92012,M,,,92
201700039414,17,1,18,1315,1,2,1,1.0,3.0,92012,M,,,92
201700039415,17,1,18,1515,1,2,5,1.0,3.0,92012,M,,,92
201700039416,17,1,19,1550,1,2,1,1.0,6.0,92012,M,,,92
201700039417,17,1,20,930,1,2,1,1.0,3.0,92012,M,,,92
201700039418,17,1,25,1850,5,2,1,1.0,6.0,92012,M,,,92
201700039419,17,1,27,1810,5,2,1,1.0,6.0,92012,M,,,92
201700039420,17,1,28,1520,1,2,1,1.0,6.0,92012,M,,,92
201700039421,17,1,31,1250,1,2,1,1.0,6.0,92012,M,,,92
201700039422,17,1,31,2010,5,2,1,1.0,3.0,92012,M,,,92
201700039423,17,2,1,904,1,2,1,1.0,7.0,92012,M,,,92
201700039424,17,2,3,1400,1,2,1,2.0,7.0,92012,M,,,92
201700039425,17,2,3,1850,5,2,1,2.0,6.0,92012,M,,,92
201700039426,17,2,7,1010,1,2,1,2.0,3.0,92012,M,,,92
201700039427,17,2,8,1,5,2,1,1.0,6.0,92012,M,,,92
201700039428,17,2,9,1005,1,2,5,4.0,3.0,92012,M,4882808.0,224110.0,92
201700039429,17,2,10,855,1,2,1,1.0,2.0,92012,M,,,92
201700039430,17,2,10,1910,5,2,1,1.0,3.0,92012,M,,,92
201700039431,17,2,14,750,2,2,1,1.0,3.0,92012,M,,,92
201700039432,17,2,14,1325,1,2,2,1.0,3.0,92012,M,,,92
201700039433,17,2,16,1150,1,2,1,1.0,7.0,92012,M,,,92
201700039434,17,2,17,1500,1,2,1,1.0,3.0,92012,M,,,92
201700039435,17,2,17,2010,5,2,1,1.0,6.0,92012,M,,,92
201700039436,17,2,18,2320,5,2,1,1.0,3.0,92012,M,,,92
201700039437,17,2,22,1000,1,2,1,1.0,3.0,92012,M,,,92
201700039438,17,2,23,1505,1,2,1,8.0,7.0,92012,M,4883099.0,223464.0,92
201700039439,17,2,28,1540,1,2,1,6.0,2.0,92012,M,,,92
201700039440,17,3,9,1130,1,2,1,1.0,3.0,92012,M,,,92
201700039441,17,3,3,2015,5,2,1,1.0,4.0,92012,M,,,92
201700039442,17,3,7,1215,1,2,1,1.0,3.0,92012,M,,,92
201700039443,17,3,6,1245,1,2,1,2.0,6.0,92012,M,,,92
201700039444,17,3,8,1600,1,2,3,1.0,3.0,92012,M,,,92
201700039445,17,3,11,1522,1,2,1,1.0,6.0,92012,M,,,92
201700039446,17,3,12,1300,1,2,1,1.0,3.0,92012,M,,,92
201700039447,17,3,13,1305,1,2,1,1.0,6.0,92012,M,,,92
201700039448,17,3,14,715,2,2,1,1.0,3.0,92012,M,,,92
201700039449,17,3,15,843,1,2,1,1.0,6.0,92012,M,,,92
201700039450,17,3,16,1645,1,2,1,1.0,6.0,92012,M,,,92
201700039451,17,3,17,855,1,2,1,1.0,3.0,92012,M,,,92
201700039452,17,3,18,1610,1,2,1,1.0,6.0,92012,M,,,92
201700039453,17,3,20,1800,1,2,1,1.0,3.0,92012,M,,,92
201700039454,17,3,14,1700,1,2,1,1.0,3.0,92012,M,,,92
201700039455,17,3,22,1030,1,2,1,1.0,6.0,92012,M,,,92
201700039456,17,3,23,1120,1,2,1,2.0,6.0,92012,M,,,92
201700039457,17,3,23,1245,1,2,1,1.0,6.0,92012,M,,,92
201700039458,17,3,24,1315,1,2,1,1.0,3.0,92012,M,,,92
201700039459,17,3,27,1320,1,2,1,1.0,2.0,92012,M,,,92
201700039460,17,3,28,1035,1,2,1,1.0,2.0,92012,M,,,92
201700039461,17,3,28,1215,1,2,1,1.0,3.0,92012,M,,,92
201700039462,17,3,28,1600,1,2,1,1.0,6.0,92012,M,,,92
201700039463,17,3,29,2100,5,2,1,1.0,3.0,92012,M,,,92
201700039464,17,4,5,1945,1,2,1,1.0,3.0,92012,M,,,92
201700039465,17,4,7,820,1,2,1,1.0,4.0,92012,M,,,92
201700039466,17,4,7,1550,1,2,2,1.0,3.0,92012,M,,,92
201700039467,17,4,8,1857,2,2,2,1.0,1.0,92012,M,,,92
201700039468,17,4,11,1330,1,2,3,1.0,3.0,92012,M,,,92
201700039469,17,4,12,1250,1,2,1,1.0,6.0,92012,M,,,92
201700039470,17,4,7,1042,1,2,1,1.0,6.0,92012,M,,,92
201700039471,17,4,18,1015,1,2,1,1.0,3.0,92012,M,,,92
201700039472,17,4,20,1400,1,2,1,1.0,2.0,92012,M,,,92
201700039473,17,4,27,1830,1,2,1,1.0,6.0,92012,M,,,92
201700039474,17,4,28,925,1,2,1,2.0,3.0,92012,M,,,92
201700039475,17,4,29,1025,1,2,2,1.0,6.0,92012,M,4883227.0,224428.0,92
201700039476,17,5,3,1025,1,2,1,1.0,6.0,92012,M,,,92
201700039477,17,5,4,935,1,2,1,1.0,3.0,92012,M,,,92
201700039478,17,5,4,2025,1,2,1,1.0,3.0,92012,M,,,92
201700039479,17,5,8,1300,1,2,1,1.0,6.0,92012,M,,,92
201700039480,17,5,9,1900,1,2,1,1.0,6.0,92012,M,,,92
201700039481,17,5,10,1805,1,2,1,1.0,6.0,92012,M,,,92
201700039482,17,5,14,1315,1,2,1,1.0,3.0,92012,M,,,92
201700039483,17,5,16,1000,1,2,1,1.0,2.0,92012,M,,,92
201700039484,17,5,16,1600,1,2,1,1.0,2.0,92012,M,,,92
201700039485,17,5,17,1030,1,2,1,1.0,3.0,92012,M,,,92
201700039486,17,5,18,1430,1,2,1,1.0,3.0,92012,M,,,92
201700039487,17,5,19,1915,1,2,2,1.0,6.0,92012,M,,,92
201700039488,17,5,19,1615,1,2,1,1.0,6.0,92012,M,,,92
201700039489,17,5,20,1410,1,2,1,1.0,2.0,92012,M,,,92
201700039490,17,5,24,930,1,2,2,1.0,3.0,92012,M,,,92
201700039491,17,5,24,1140,1,2,1,1.0,3.0,92012,M,,,92
201700039492,17,5,26,1335,1,2,1,1.0,6.0,92012,M,,,92
201700039493,17,5,29,920,1,2,1,1.0,3.0,92012,M,,,92
201700039494,17,6,2,1600,1,2,1,1.0,2.0,92012,M,4883305.0,224219.0,92
201700039495,17,6,3,100,5,2,1,1.0,3.0,92012,M,4883452.0,224282.0,92
201700039496,17,6,6,1810,1,2,1,2.0,3.0,92012,M,4883375.0,224357.0,92
201700039497,17,6,9,2330,5,2,1,1.0,3.0,92012,M,4882780.0,224023.0,92
201700039498,17,6,10,2230,5,2,3,1.0,1.0,92012,M,4884136.0,223135.0,92
201700039499,17,6,11,1900,1,2,1,1.0,3.0,92012,M,4882919.0,224452.0,92
201700039500,17,6,11,2135,2,2,3,1.0,3.0,92012,M,4884597.0,223707.0,92
201700039501,17,6,12,2220,5,2,1,1.0,6.0,92012,M,4883348.0,222713.0,92
201700039502,17,6,13,1800,1,2,1,1.0,2.0,92012,M,4883253.0,223981.0,92
201700039503,17,6,13,1815,1,2,1,1.0,6.0,92012,M,4883694.0,224334.0,92
201700039504,17,6,14,1440,1,2,1,1.0,1.0,92012,M,4882800.0,224656.0,92
201700039505,17,6,15,755,1,2,1,1.0,6.0,92012,M,4883310.0,224615.0,92
201700039506,17,6,15,855,1,2,1,1.0,6.0,92012,M,4884124.0,222487.0,92
201700039507,17,6,17,1610,1,2,1,1.0,6.0,92012,M,4883238.0,225005.0,92
201700039508,17,6,17,1945,1,2,1,1.0,1.0,92012,M,4882610.0,223316.0,92
201700039509,17,6,18,1500,1,2,6,1.0,3.0,92012,M,4882531.0,223316.0,92
201700039510,17,6,19,1510,1,2,2,1.0,3.0,92012,M,4884015.0,223000.0,92
201700039511,17,6,21,1235,1,2,1,1.0,3.0,92012,M,4883051.0,223384.0,92
201700039512,17,6,22,1410,1,2,1,1.0,3.0,92012,M,4883183.0,222774.0,92
201700039513,17,6,22,2300,5,2,1,1.0,2.0,92012,M,4885046.0,223683.0,92
201700039514,17,6,27,2230,5,2,1,1.0,3.0,92012,M,4883651.0,225225.0,92
201700039515,17,6,28,1910,1,2,1,1.0,5.0,92012,M,4884476.0,222656.0,92
201700039516,17,6,29,2045,1,2,1,1.0,6.0,92012,M,4884193.0,223822.0,92
201700039517,17,7,5,2040,1,2,1,1.0,2.0,92012,M,4884185.0,224264.0,92
201700039518,17,7,6,1840,1,2,1,1.0,3.0,92012,M,4884054.0,222451.0,92
201700039519,17,6,30,1235,1,2,1,1.0,6.0,92012,M,4883346.0,223335.0,92
201700039520,17,7,7,1115,1,2,2,1.0,6.0,92012,M,4884554.0,225056.0,92
201700039521,17,7,7,1420,1,2,1,1.0,6.0,92012,M,4883907.0,224571.0,92
201700039522,17,7,8,1720,1,2,1,1.0,3.0,92012,M,4883592.0,224474.0,92
201700039523,17,7,10,910,1,2,3,2.0,3.0,92012,M,4883871.0,224960.0,92
201700039524,17,7,11,905,1,2,2,2.0,3.0,92012,M,4883110.0,223485.0,92
201700039525,17,7,11,1745,1,2,1,2.0,6.0,92012,M,4883028.0,223208.0,92
201700039526,17,7,18,1600,1,2,1,1.0,3.0,92012,M,4884039.0,223376.0,92
201700039527,17,7,27,1200,1,2,2,8.0,3.0,92012,M,4883481.0,222803.0,92
201700039528,17,7,15,2025,1,2,1,1.0,6.0,92012,M,4883268.0,222867.0,92
201700039529,17,8,7,1130,1,2,1,1.0,2.0,92012,M,4884530.0,223586.0,92
201700039530,17,8,22,1530,1,2,1,1.0,3.0,92012,M,4883950.0,224361.0,92
201700039531,17,8,17,2045,1,2,1,1.0,3.0,92012,M,4883110.0,223484.0,92
201700039532,17,8,29,1420,1,2,2,1.0,3.0,92012,M,4882626.0,223266.0,92
201700039533,17,9,1,1230,1,2,1,1.0,6.0,92012,M,4884692.0,244845.0,92
201700039534,17,8,31,1245,1,2,1,1.0,3.0,92012,M,4882696.0,224963.0,92
201700039535,17,9,4,1420,1,2,1,1.0,2.0,92012,M,4884017.0,224762.0,92
201700039536,17,9,6,1115,1,2,2,1.0,1.0,92012,M,4883729.0,224574.0,92
201700039537,17,9,8,2130,5,2,2,3.0,3.0,92012,M,4883094.0,223470.0,92
201700039538,17,9,11,1100,1,2,1,1.0,3.0,92012,M,4884378.0,224972.0,92
201700039539,17,9,11,1855,1,2,1,1.0,3.0,92012,M,4883158.0,222525.0,92
201700039540,17,9,14,1640,1,2,1,2.0,6.0,92012,M,4884458.0,223455.0,92
201700039541,17,9,15,2210,5,2,1,8.0,7.0,92012,M,4883301.0,224100.0,92
201700039542,17,9,17,1734,1,2,3,3.0,6.0,92012,M,4884963.0,223790.0,92
201700039543,17,9,20,950,1,2,1,1.0,3.0,92012,M,4884031.0,223449.0,92
201700039544,17,9,25,815,1,2,2,1.0,6.0,92012,M,4883552.0,224950.0,92
201700039545,17,9,27,1515,1,2,2,1.0,6.0,92012,M,4884426.0,223382.0,92
201700039546,17,9,29,2120,5,2,1,1.0,6.0,92012,M,4883405.0,224547.0,92
201700039547,17,10,4,1600,1,2,7,1.0,3.0,92012,M,4883375.0,224367.0,92
201700039548,17,10,1,30,5,2,2,2.0,3.0,92012,M,4883792.0,223423.0,92
201700039549,17,10,4,2015,5,2,1,1.0,3.0,92012,M,4884096.0,222573.0,92
201700039550,17,10,5,1800,1,2,1,2.0,3.0,92012,M,4884036.0,223025.0,92
201700039551,17,10,6,1140,1,2,1,1.0,3.0,92012,M,4883783.0,223036.0,92
201700039552,17,10,6,1340,1,2,2,1.0,6.0,92012,M,4883206.0,225280.0,92
201700039553,17,10,7,1410,1,2,1,1.0,6.0,92012,M,4883512.0,224216.0,92
201700039554,17,10,12,1455,1,2,1,1.0,6.0,92012,M,4883666.0,223932.0,92
201700039555,17,10,10,100,5,2,5,1.0,6.0,92012,M,4884332.0,224611.0,92
201700039556,17,10,10,1850,2,2,1,1.0,6.0,92012,M,4882970.0,222983.0,92
201700039557,17,10,13,1610,1,2,1,1.0,5.0,92012,M,4883391.0,226070.0,92
201700039558,17,10,15,525,5,2,2,1.0,3.0,92012,M,4884419.0,224983.0,92
201700039559,17,10,18,2010,5,2,1,1.0,6.0,92012,M,4884592.0,224211.0,92
201700039560,17,10,19,1110,1,2,1,1.0,6.0,92012,M,4883768.0,224130.0,92
201700039561,17,10,22,2250,5,2,2,2.0,3.0,92012,M,4883565.0,224913.0,92
201700039562,17,10,27,1230,1,2,1,1.0,1.0,92012,M,4883452.0,224312.0,92
201700039563,17,10,29,410,5,2,3,1.0,2.0,92012,M,,,92
201700039564,17,10,31,1210,1,2,3,1.0,3.0,92012,M,4883583.0,223455.0,92
201700039565,17,11,1,1150,1,2,1,1.0,7.0,92012,M,4884699.0,223470.0,92
201700039566,17,11,4,1600,1,2,1,2.0,3.0,92012,M,,,92
201700039567,17,11,6,1255,1,2,1,1.0,3.0,92012,M,4882546.0,223457.0,92
201700039568,17,10,31,2320,5,2,1,1.0,5.0,92012,M,4883392.0,226072.0,92
201700039569,17,11,11,2205,5,2,2,3.0,3.0,92012,M,4884040.0,223978.0,92
201700039570,17,11,14,900,1,2,1,1.0,2.0,92012,M,4882830.0,225685.0,92
201700039571,17,11,12,130,5,2,2,3.0,6.0,92012,M,4883107.0,225724.0,92
201700039572,17,11,14,1940,5,2,1,1.0,3.0,92012,M,4882753.0,223121.0,92
201700039573,17,11,20,1940,5,2,1,1.0,6.0,92048,M,,,92
201700039574,17,11,23,1615,1,2,1,2.0,3.0,92012,M,4883478.0,224699.0,92
201700039575,17,11,27,1040,1,2,1,1.0,6.0,92012,M,4883511.0,224127.0,92
201700039576,17,11,27,1935,5,2,2,2.0,1.0,92012,M,4883234.0,225215.0,92
201700039577,17,11,28,1025,1,2,1,1.0,2.0,92012,M,4883522.0,224108.0,92
201700039578,17,11,30,1915,5,2,1,8.0,6.0,92012,M,4884177.0,223790.0,92
201700039579,17,12,8,1150,1,2,1,1.0,6.0,92012,M,4883503.0,224462.0,92
201700039580,17,12,1,2045,5,2,1,8.0,3.0,92012,M,4883025.0,224554.0,92
201700039581,17,12,4,830,1,2,2,8.0,6.0,92012,M,4884272.0,224896.0,92
201700039582,17,12,6,1250,1,2,3,8.0,3.0,92012,M,4883162.0,225234.0,92
201700039583,17,12,6,1710,5,2,1,1.0,6.0,92012,M,4883366.0,-225403.0,92
201700039584,17,12,13,1545,1,2,1,2.0,6.0,92012,M,4883977.0,223759.0,92
201700039585,17,12,18,1700,5,2,2,1.0,6.0,92012,M,4883098.0,223570.0,92
201700039586,17,12,19,1615,1,2,1,1.0,3.0,92012,M,4883602.0,223528.0,92
201700039587,17,12,21,1850,5,2,6,2.0,2.0,92012,M,4884774.0,224161.0,92
201700039588,17,12,27,1850,5,2,5,2.0,6.0,92012,M,4883568.0,223242.0,92
201700039589,17,1,4,400,5,2,1,1.0,6.0,92071,M,,,92
201700039590,17,12,12,740,5,2,1,1.0,6.0,92071,M,4878500.0,230435.0,92
201700039591,17,1,5,1847,5,2,2,1.0,3.0,92019,M,,,92
201700039592,17,1,6,1645,1,2,1,1.0,4.0,92071,M,,,92
201700039593,17,1,9,810,1,2,1,1.0,2.0,92019,M,,,92
201700039594,17,2,10,1800,5,2,6,2.0,6.0,92071,M,,,92
201700039595,17,2,17,1615,1,2,1,1.0,6.0,92019,M,,,92
201700039596,17,2,19,1605,1,2,3,1.0,6.0,92032,M,,,92
201700039597,17,3,20,1415,1,2,1,1.0,6.0,92071,M,,,92
201700039598,17,3,7,2100,5,2,3,1.0,3.0,92019,M,,,92
201700039599,17,3,29,1245,1,2,1,1.0,5.0,92032,M,,,92
201700039600,17,3,30,1625,1,2,1,1.0,2.0,92019,M,,,92
201700039601,17,4,3,920,1,2,6,1.0,3.0,92032,M,,,92
201700039602,17,4,20,1030,1,2,1,1.0,6.0,92071,M,,,92
201700039603,17,4,23,1800,1,2,1,1.0,3.0,92071,M,,,92
201700039604,17,4,27,840,1,2,1,1.0,6.0,92019,M,,,92
201700039605,17,4,28,135,3,2,1,1.0,7.0,92032,M,,,92
201700039606,17,5,15,1945,1,2,2,1.0,5.0,92019,M,,,92
201700039607,17,5,19,1500,1,2,6,1.0,5.0,92019,M,,,92
201700039608,17,6,13,1640,1,2,1,1.0,6.0,92019,M,4876461.0,227900.0,92
201700039609,17,6,24,1050,1,2,2,1.0,3.0,92019,M,,,92
201700039610,17,6,24,1845,1,2,1,1.0,6.0,92019,M,,,92
201700039611,17,6,26,1825,1,2,1,1.0,6.0,92032,M,,,92
201700039612,17,7,8,540,2,2,1,1.0,6.0,92019,M,,,92
201700039613,17,7,9,2210,5,2,1,3.0,2.0,92071,M,,,92
201700039614,17,7,28,1915,1,2,1,1.0,6.0,92032,M,,,92
201700039615,17,7,30,1140,1,2,1,1.0,5.0,92071,M,,,92
201700039616,17,8,1,1800,1,2,2,1.0,1.0,92032,M,,,92
201700039617,17,9,1,435,5,2,2,1.0,1.0,92019,M,4876417.0,226183.0,92
201700039618,17,9,9,1350,1,2,1,1.0,4.0,92019,M,4876690.0,227232.0,92
201700039619,17,9,23,855,1,2,1,1.0,6.0,92019,M,4876639.0,227245.0,92
201700039620,17,9,25,1745,1,2,1,1.0,6.0,92071,M,4877743.0,230662.0,92
201700039621,17,9,26,950,1,2,1,8.0,6.0,92019,M,4876409.0,227027.0,92
201700039622,17,10,3,1140,1,2,1,1.0,6.0,92032,M,4879139.0,227408.0,92
201700039623,17,10,14,1035,1,2,2,1.0,3.0,92019,M,4876478.0,226526.0,92
201700039624,17,10,5,845,1,2,1,1.0,6.0,92019,M,4875915.0,227038.0,92
201700039625,17,9,26,1250,1,2,1,1.0,6.0,92019,M,4876474.0,226516.0,92
201700039626,17,10,17,840,1,2,1,1.0,3.0,92019,M,4876778.0,228902.0,92
201700039627,17,10,18,1530,1,2,5,1.0,3.0,92019,M,4876903.0,224976.0,92
201700039628,17,10,18,2047,5,2,2,1.0,3.0,92032,M,4879237.0,229496.0,92
201700039629,17,10,20,840,1,2,1,1.0,6.0,92019,M,4876350.0,227511.0,92
201700039630,17,12,14,1800,5,2,1,1.0,6.0,92019,M,4876819.0,225038.0,92
201700039631,17,12,21,1915,5,2,1,2.0,6.0,92071,M,4877489.0,231335.0,92
201700039632,17,12,22,810,2,2,1,2.0,6.0,92071,M,4878146.0,229942.0,92
201700039633,17,12,28,2120,5,2,3,1.0,3.0,92019,M,4876344.0,227489.0,92
201700039634,17,12,21,2025,5,2,6,1.0,3.0,92060,M,4877953.0,225162.0,92
201700039635,17,6,4,1000,1,2,1,1.0,6.0,92019,M,4879011.0,226294.0,92
201700039636,17,6,6,2000,1,2,1,1.0,6.0,92060,M,4878500.0,227482.0,92
201700039637,17,6,8,235,5,2,6,1.0,6.0,92019,M,4880356.0,225748.0,92
201700039638,17,6,2,1720,1,2,1,1.0,6.0,92019,M,,,92
201700039639,17,12,14,1930,5,2,1,2.0,6.0,92023,M,4878681.0,224540.0,92
201700039640,17,6,24,1945,1,2,2,1.0,6.0,92060,M,4878409.0,227000.0,92
201700039641,17,6,24,315,5,2,4,1.0,6.0,92060,M,4878438.0,225345.0,92
201700039642,17,6,28,940,1,2,3,1.0,3.0,92019,M,4880420.0,225806.0,92
201700039643,17,6,23,1340,1,2,1,1.0,7.0,92019,M,4877526.0,223618.0,92
201700039644,17,12,21,1830,5,2,1,2.0,7.0,92060,M,4878225.0,225338.0,92
201700039645,17,7,2,1820,1,2,1,1.0,2.0,92019,M,4879041.0,225566.0,92
201700039646,17,7,2,1830,1,2,1,1.0,6.0,92019,M,4880284.0,226702.0,92
201700039647,17,7,5,2240,5,2,2,1.0,6.0,92019,M,4878347.0,224649.0,92