Num_Acc,an,mois,jour,hrmn,lum,agg,int,atm,col,com,gps,lat,long,dep
201700039648,17,7,16,1610,1,2,1,1.0,3.0,92019,M,4878451.0,224959.0,92
201700039649,17,8,6,1500,1,2,2,1.0,2.0,92019,M,4879742.0,225293.0,92
201700039650,17,8,17,1000,1,2,1,2.0,6.0,92060,M,4878315.0,227352.0,92
201700039651,17,8,17,1355,1,2,1,1.0,4.0,92019,M,4880680.0,225902.0,92
201700039652,17,12,15,1335,1,2,1,1.0,6.0,92060,M,4878298.0,225874.0,92
201700039653,17,9,2,2205,5,2,3,1.0,3.0,92019,M,4878075.0,223899.0,92
201700039654,17,8,31,505,5,2,1,1.0,7.0,92019,M,4878083.0,225867.0,92
201700039655,17,9,4,1730,1,2,1,1.0,2.0,92019,M,4879785.0,225299.0,92
201700039656,17,9,6,1655,1,2,4,1.0,2.0,92019,M,4877854.0,223192.0,92
201700039657,17,7,27,1745,1,2,1,1.0,3.0,92019,M,4877832.0,223982.0,92
201700039658,17,9,7,2130,5,2,6,1.0,3.0,92060,M,4877721.0,224266.0,92
201700039659,17,10,13,2020,5,2,2,1.0,6.0,92019,M,4878678.0,224530.0,92
201700039660,17,9,28,1530,1,2,9,1.0,3.0,92060,M,4878301.0,227843.0,92
201700039661,17,9,7,1915,2,2,1,1.0,2.0,92060,M,4878053.0,225901.0,92
201700039662,17,9,18,1210,1,2,3,1.0,6.0,92019,M,4880638.0,225892.0,92
201700039663,17,9,20,930,1,2,3,1.0,7.0,92019,M,4878850.0,226415.0,92
201700039664,17,9,21,820,1,2,1,1.0,6.0,92019,M,4879576.0,227274.0,92
201700039665,17,9,22,740,1,2,1,2.0,3.0,92060,M,4878336.0,227247.0,92
201700039666,17,9,26,2130,5,2,1,1.0,7.0,92060,M,4877736.0,224580.0,92
201700039667,17,9,28,1940,2,2,1,1.0,3.0,92019,M,4879935.0,225380.0,92
201700039668,17,9,30,1310,1,2,1,1.0,6.0,92019,M,4881444.0,225769.0,92
201700039669,17,11,27,1640,2,2,1,2.0,6.0,92019,M,4876220.0,226126.0,92
201700039670,17,10,30,1730,1,2,1,1.0,6.0,92019,M,4878499.0,224131.0,92
201700039671,17,10,30,1250,1,2,2,1.0,3.0,92019,M,4881161.0,227518.0,92
201700039672,17,10,20,2245,5,2,1,1.0,6.0,92060,M,4877851.0,227198.0,92
201700039673,17,11,28,1525,1,2,1,2.0,3.0,92019,M,4880265.0,225831.0,92
201700039674,17,11,30,1330,1,2,1,1.0,2.0,92019,M,4879732.0,225302.0,92
201700039675,17,10,16,1415,1,2,1,1.0,3.0,92060,M,4877647.0,224940.0,92
201700039676,17,10,24,1010,1,2,6,2.0,2.0,92019,M,4880540.0,225927.0,92
201700039677,17,10,18,1530,1,2,3,1.0,2.0,92019,M,4879000.0,225402.0,92
201700039678,17,1,2,1515,1,2,1,2.0,7.0,92023,M,,,92
201700039679,17,10,17,2010,5,2,1,1.0,6.0,92019,M,4879033.0,226360.0,92
201700039680,17,11,4,105,5,2,1,1.0,6.0,92019,M,4880677.0,225888.0,92
201700039681,17,11,18,2127,5,2,6,1.0,2.0,92019,M,4880333.0,225730.0,92
201700039682,17,10,20,2000,5,2,6,1.0,1.0,92060,M,4877249.0,225136.0,92
201700039683,17,11,5,1840,5,2,3,1.0,3.0,92060,M,4878227.0,225453.0,92
201700039684,17,11,20,1120,1,2,1,1.0,5.0,92019,M,4880159.0,226632.0,92
201700039685,17,12,12,545,5,2,1,2.0,7.0,92023,M,4879852.0,225340.0,92
201700039686,17,11,10,1645,1,2,6,2.0,2.0,92019,M,4880303.0,225682.0,92
201700039687,17,12,15,825,1,2,3,1.0,6.0,92023,M,4879240.0,225652.0,92
201700039688,17,12,18,745,5,2,2,1.0,6.0,92060,M,4877711.0,226154.0,92
201700039689,17,12,20,1945,5,2,3,2.0,4.0,92060,M,4878112.0,226358.0,92
201700039690,17,1,3,2150,5,2,1,5.0,7.0,92023,M,,,92
201700039691,17,1,3,2150,5,1,1,1.0,2.0,92023,M,,,92
201700039692,17,1,6,1925,5,2,3,1.0,3.0,92023,M,,,92
201700039693,17,1,9,1245,1,2,6,2.0,2.0,92060,M,,,92
201700039694,17,1,10,855,1,2,3,1.0,3.0,92023,M,,,92
201700039695,17,1,13,1420,1,2,2,1.0,3.0,92023,M,,,92
201700039696,17,1,15,1250,1,2,1,2.0,6.0,92060,M,,,92
201700039697,17,1,13,1620,1,2,2,2.0,6.0,92023,M,,,92
201700039698,17,1,16,1805,5,2,1,1.0,6.0,92023,M,,,92
201700039699,17,1,19,922,1,2,1,1.0,7.0,92023,M,,,92
201700039700,17,1,19,930,1,2,2,1.0,3.0,92060,M,,,92
201700039701,17,1,19,1845,5,2,1,1.0,6.0,92060,M,,,92
201700039702,17,1,25,35,5,2,6,2.0,7.0,92023,M,,,92
201700039703,17,1,25,900,1,2,3,1.0,6.0,92023,M,,,92
201700039704,17,1,26,1435,1,2,1,1.0,2.0,92023,M,,,92
201700039705,17,1,26,820,2,2,1,1.0,7.0,92023,M,,,92
201700039706,17,1,29,845,1,2,1,5.0,6.0,92023,M,,,92
201700039707,17,1,27,705,5,2,2,4.0,1.0,92023,M,,,92
201700039708,17,1,30,725,5,2,3,2.0,3.0,92023,M,,,92
201700039709,17,1,30,1905,5,2,1,2.0,6.0,92023,M,,,92
201700039710,17,1,30,1410,1,2,1,1.0,7.0,92023,M,,,92
201700039711,17,2,2,1100,1,2,3,1.0,3.0,92023,M,,,92
201700039712,17,2,7,920,1,2,1,2.0,5.0,92023,M,,,92
201700039713,17,2,4,2030,3,2,1,1.0,7.0,92023,M,,,92
201700039714,17,2,10,1935,5,2,1,2.0,2.0,92023,M,,,92
201700039715,17,2,13,610,5,2,3,1.0,1.0,92023,M,,,92
201700039716,17,2,13,1030,1,2,2,1.0,2.0,92023,M,,,92
201700039717,17,2,14,2130,5,2,1,1.0,6.0,92023,M,,,92
201700039718,17,2,14,650,5,2,1,2.0,6.0,92023,M,,,92
201700039719,17,2,16,35,5,2,2,1.0,3.0,92023,M,,,92
201700039720,17,2,17,715,5,2,6,2.0,6.0,92023,M,,,92
201700039721,17,2,27,1355,1,2,1,1.0,6.0,92023,M,,,92
201700039722,17,2,27,2120,5,2,2,1.0,6.0,92060,M,,,92
201700039723,17,3,2,1015,1,2,1,1.0,6.0,92060,M,,,92
201700039724,17,3,6,1725,1,2,1,1.0,5.0,92023,M,,,92
201700039725,17,3,6,2235,4,2,1,2.0,3.0,92023,M,,,92
201700039726,17,3,9,1610,1,2,1,1.0,4.0,92023,M,,,92
201700039727,17,3,11,220,5,2,2,1.0,3.0,92060,M,,,92
201700039728,17,3,14,1820,1,2,2,1.0,6.0,92023,M,,,92
201700039729,17,3,23,2050,5,2,1,1.0,7.0,92023,M,,,92
201700039730,17,3,24,1310,1,2,1,1.0,4.0,92060,M,,,92
201700039731,17,3,30,1635,1,2,2,1.0,2.0,92023,M,,,92
201700039732,17,4,3,1810,1,2,4,1.0,3.0,92023,M,,,92
201700039733,17,4,6,1850,1,1,1,1.0,6.0,92060,M,,,92
201700039734,17,4,7,755,1,2,6,1.0,6.0,92023,M,,,92
201700039735,17,4,11,810,1,2,6,1.0,7.0,92060,M,,,92
201700039736,17,4,12,1550,1,2,1,1.0,4.0,92023,M,,,92
201700039737,17,4,21,2230,5,2,1,1.0,7.0,92023,M,,,92
201700039738,17,4,26,1035,1,2,3,1.0,3.0,92023,M,,,92
201700039739,17,4,28,1215,1,2,3,1.0,6.0,92023,M,,,92
201700039740,17,5,11,830,1,2,1,1.0,6.0,92023,M,,,92
201700039741,17,5,11,1730,1,2,1,1.0,6.0,92060,M,,,92
201700039742,17,5,12,1905,1,2,1,1.0,4.0,92023,M,,,92
201700039743,17,5,16,1825,1,2,6,1.0,5.0,92023,M,,,92
201700039744,17,5,17,1840,1,2,3,1.0,6.0,92023,M,,,92
201700039745,17,5,31,2010,1,2,1,1.0,6.0,92060,M,,,92
201700039746,17,11,4,215,5,2,1,1.0,6.0,92024,M,4889962.0,231345.0,92
201700039747,17,4,4,1430,1,2,1,1.0,3.0,92024,M,4890384.0,231307.0,92
201700039748,17,11,4,1905,5,2,3,2.0,6.0,92024,M,4890368.0,231867.0,92
201700039749,17,4,5,1200,1,2,2,1.0,6.0,92024,M,4890278.0,230490.0,92
201700039750,17,11,7,2150,5,2,2,1.0,3.0,92024,M,4890334.0,230033.0,92
201700039751,17,4,8,1305,1,2,4,1.0,3.0,92024,M,4890183.0,229098.0,92
201700039752,17,11,9,2040,4,2,3,1.0,6.0,92024,M,4890417.0,231900.0,92
201700039753,17,4,10,1210,1,2,3,1.0,3.0,92024,M,4890709.0,230065.0,92
201700039754,17,11,12,1835,5,2,1,1.0,6.0,92024,M,4889904.0,231274.0,92
201700039755,17,4,12,1410,1,2,2,1.0,6.0,92024,M,4889998.0,230650.0,92
201700039756,17,11,13,1802,5,2,1,1.0,4.0,92024,M,4890527.0,229540.0,92
201700039757,17,4,17,820,1,2,2,1.0,2.0,92024,M,4890123.0,-230510.0,92
201700039758,17,11,17,1015,1,2,1,1.0,3.0,92024,M,4890652.0,231361.0,92
201700039759,17,4,17,2330,5,2,1,1.0,7.0,92024,M,4889825.0,230788.0,92
201700039760,17,11,19,1205,1,2,2,1.0,3.0,92024,M,4890768.0,229906.0,92
201700039761,17,4,25,600,5,2,2,2.0,3.0,92024,M,4890209.0,231455.0,92
201700039762,17,11,19,1040,1,2,1,1.0,4.0,92024,M,4890743.0,231280.0,92
201700039763,17,4,27,1800,1,2,3,1.0,3.0,92024,M,4890026.0,230823.0,92
201700039764,17,11,29,935,1,2,1,1.0,6.0,92024,M,4890286.0,231364.0,92
201700039765,17,4,27,1500,1,2,1,1.0,6.0,92024,M,4890244.0,231362.0,92
201700039766,17,11,30,1200,1,2,1,1.0,3.0,92024,M,4889721.0,230857.0,92
201700039767,17,5,9,830,1,2,3,1.0,6.0,92024,M,4890385.0,231892.0,92
201700039768,17,11,19,50,5,2,1,1.0,7.0,92024,M,4890180.0,231722.0,92
201700039769,17,5,4,1310,1,2,1,1.0,2.0,92024,M,4889882.0,231022.0,92
201700039770,17,12,3,1000,1,1,2,1.0,7.0,92024,M,4889886.0,230336.0,92
201700039771,17,5,5,1220,1,2,2,1.0,3.0,92024,M,4890254.0,231388.0,92
201700039772,17,12,3,1750,4,2,3,1.0,6.0,92024,M,4890271.0,231892.0,92
201700039773,17,5,5,1300,1,2,3,1.0,3.0,92024,M,4890922.0,230682.0,92
201700039774,17,12,12,330,5,2,6,1.0,7.0,92024,M,4891060.0,231242.0,92
201700039775,17,5,5,1840,1,2,2,1.0,3.0,92024,M,4890768.0,229906.0,92
201700039776,17,12,12,1750,5,2,1,1.0,6.0,92024,M,4889825.0,230788.0,92
201700039777,17,5,6,1630,1,2,2,1.0,3.0,92024,M,4889790.0,231052.0,92
201700039778,17,12,17,1233,1,2,2,1.0,6.0,92024,M,4890332.0,231687.0,92
201700039779,17,5,9,840,1,2,1,1.0,6.0,92024,M,4890608.0,230944.0,92
201700039780,17,12,18,1715,5,2,2,1.0,6.0,92024,M,4890590.0,231303.0,92
201700039781,17,5,14,1525,1,2,1,1.0,6.0,92024,M,4890484.0,231068.0,92
201700039782,17,12,19,1934,5,2,2,1.0,3.0,92024,M,4890504.0,230080.0,92
201700039783,17,5,22,855,1,2,3,1.0,3.0,92024,M,4890386.0,231191.0,92
201700039784,17,12,28,2220,5,2,1,1.0,7.0,92024,M,4890309.0,230940.0,92
201700039785,17,5,29,700,2,2,1,1.0,6.0,92024,M,4890641.0,230326.0,92
201700039786,17,12,17,1250,1,2,1,1.0,7.0,92024,M,4890551.0,230161.0,92
201700039787,17,5,30,1230,1,2,1,1.0,6.0,92024,M,4890232.0,230783.0,92
201700039788,17,5,30,100,5,2,2,1.0,3.0,92024,M,4890065.0,231594.0,92
201700039789,17,6,11,1930,1,2,3,1.0,3.0,92024,M,4890803.0,230119.0,92
201700039790,17,6,8,2000,1,2,1,1.0,6.0,92024,M,4890119.0,230800.0,92
201700039791,17,6,11,1525,1,2,2,1.0,3.0,92024,M,4890108.0,231604.0,92
201700039792,17,6,15,315,5,2,1,1.0,6.0,92024,M,4889981.0,230949.0,92
201700039793,17,6,18,1845,1,2,2,1.0,3.0,92024,M,4889794.0,231160.0,92
201700039794,17,6,20,1040,1,2,1,1.0,3.0,92024,M,4891245.0,231187.0,92
201700039795,17,6,21,2120,1,2,6,1.0,3.0,92024,M,4890299.0,231279.0,92
201700039796,17,6,29,1335,1,2,2,1.0,3.0,92024,M,4890768.0,229906.0,92
201700039797,17,6,30,1850,1,2,2,1.0,3.0,92024,M,4889970.0,231464.0,92
201700039798,17,6,30,1100,1,2,3,1.0,3.0,92024,M,4890922.0,230682.0,92
201700039799,17,6,16,1730,1,2,1,1.0,3.0,92024,M,4890448.0,229310.0,92
201700039800,17,7,6,1330,1,2,2,1.0,3.0,92024,M,4890122.0,231526.0,92
201700039801,17,7,7,1710,1,2,2,1.0,2.0,92024,M,4889946.0,230518.0,92
201700039802,17,7,21,1210,1,2,3,1.0,3.0,92024,M,4891245.0,231422.0,92
201700039803,17,7,22,1400,1,2,1,1.0,6.0,92024,M,4890508.0,230451.0,92
201700039804,17,7,22,1340,1,2,2,8.0,6.0,92024,M,4890244.0,231362.0,92
201700039805,17,7,24,600,1,2,3,1.0,2.0,92024,M,4890209.0,230737.0,92
201700039806,17,7,25,1025,1,2,6,1.0,3.0,92024,M,4890299.0,231279.0,92
201700039807,17,8,11,2140,5,2,2,1.0,3.0,92024,M,4890077.0,230831.0,92
201700039808,17,9,1,1500,1,2,2,1.0,2.0,92024,M,4889802.0,231029.0,92
201700039809,17,9,25,1450,1,2,1,1.0,2.0,92024,M,4890709.0,230065.0,92
201700039810,17,8,3,1800,1,2,3,1.0,6.0,92024,M,4890443.0,230200.0,92
201700039811,17,8,11,1713,1,2,2,1.0,6.0,92024,M,4890225.0,230443.0,92
201700039812,17,8,29,2255,5,2,3,1.0,3.0,92024,M,4889837.0,230201.0,92
201700039813,17,9,5,1400,1,2,2,1.0,6.0,92024,M,4890254.0,231388.0,92
201700039814,17,9,7,1800,1,1,1,1.0,2.0,92024,M,4890238.0,231907.0,92
201700039815,17,9,7,1823,1,2,1,1.0,6.0,92024,M,4889816.0,230731.0,92
201700039816,17,9,9,1810,1,2,2,1.0,6.0,92024,M,4890462.0,230507.0,92
201700039817,17,9,14,915,1,2,4,1.0,3.0,92024,M,4890511.0,231309.0,92
201700039818,17,9,23,1955,2,2,2,1.0,6.0,92024,M,4889976.0,230532.0,92
201700039819,17,9,26,1545,1,2,2,1.0,3.0,92024,M,4889757.0,230874.0,92
201700039820,17,9,30,2030,5,2,2,1.0,3.0,92024,M,4890005.0,230597.0,92
201700039821,17,10,21,2245,5,2,3,1.0,3.0,92024,M,4890029.0,230576.0,92
201700039822,17,10,3,820,1,2,1,1.0,6.0,92024,M,4890468.0,229359.0,92
201700039823,17,10,13,1620,1,2,1,1.0,5.0,92024,M,,,92
201700039824,17,10,14,425,5,2,1,1.0,7.0,92024,M,4890982.0,231291.0,92
201700039825,17,10,14,925,1,2,1,1.0,3.0,92024,M,4890705.0,230885.0,92
201700039826,17,10,26,1536,1,2,3,1.0,3.0,92024,M,4890505.0,231310.0,92
201700039827,17,1,3,1745,5,2,3,1.0,3.0,92024,M,,,92
201700039828,17,1,4,10,5,2,1,1.0,7.0,92024,M,,,92
201700039829,17,1,7,2200,5,2,2,1.0,4.0,92024,M,,,92
201700039830,17,1,17,1245,1,2,3,1.0,6.0,92024,M,,,92
201700039831,17,1,3,1248,1,2,1,1.0,2.0,92024,M,,,92
201700039832,17,1,21,1110,1,2,6,1.0,3.0,92024,M,,,92
201700039833,17,1,23,1105,1,2,2,1.0,6.0,92024,M,,,92
201700039834,17,1,28,1620,1,2,6,1.0,3.0,92024,M,,,92
201700039835,17,2,7,545,5,2,3,2.0,2.0,92024,M,,,92
201700039836,17,2,21,850,1,2,1,1.0,3.0,92024,M,,,92
201700039837,17,2,26,1500,1,2,2,1.0,6.0,92024,M,,,92
201700039838,17,3,2,1810,1,2,1,1.0,6.0,92024,M,,,92
201700039839,17,3,9,1115,1,2,2,1.0,5.0,92024,M,,,92
201700039840,17,3,13,1200,1,2,2,1.0,3.0,92024,M,,,92
201700039841,17,3,13,1915,5,2,1,1.0,3.0,92024,M,,,92
201700039842,17,3,15,30,5,2,1,1.0,7.0,92024,M,,,92
201700039843,17,2,13,1925,2,2,2,1.0,3.0,92024,M,,,92
201700039844,17,3,16,1320,1,2,2,1.0,3.0,92024,M,,,92
201700039845,17,3,22,1540,1,2,2,1.0,3.0,92024,M,,,92
201700039846,17,2,11,930,1,2,2,1.0,2.0,92024,M,,,92
201700039847,17,3,27,1600,1,2,1,1.0,6.0,92024,M,,,92
201700039848,17,3,28,700,1,2,1,1.0,3.0,92024,M,,,92
201700039849,17,2,27,1200,1,2,3,2.0,6.0,92024,M,,,92
201700039850,17,3,30,1500,1,2,2,1.0,2.0,92024,M,,,92
201700039851,17,1,30,926,1,2,2,1.0,6.0,92024,M,,,92
201700039852,17,1,12,2335,5,2,1,1.0,7.0,92025,M,,,92
201700039853,17,1,18,1654,1,2,2,1.0,3.0,92025,M,,,92
201700039854,17,1,25,915,1,2,1,4.0,6.0,92025,M,,,92
201700039855,17,1,26,845,1,2,1,1.0,6.0,92025,M,,,92
201700039856,17,1,29,730,5,2,1,1.0,3.0,92025,M,,,92
201700039857,17,1,26,1930,5,2,1,1.0,6.0,92025,M,,,92
201700039858,17,1,31,2045,5,2,1,1.0,1.0,92025,M,,,92
201700039859,17,2,2,1445,1,2,1,1.0,2.0,92025,M,,,92
201700039860,17,2,4,943,1,2,1,1.0,3.0,92025,M,,,92
201700039861,17,2,8,1530,1,2,1,1.0,6.0,92025,M,,,92
201700039862,17,2,11,1220,1,2,1,1.0,6.0,92025,M,,,92
201700039863,17,2,12,1440,1,2,2,1.0,3.0,92025,M,,,92
201700039864,17,2,12,1700,1,2,1,1.0,6.0,92025,M,,,92
201700039865,17,2,13,650,5,2,1,1.0,3.0,92025,M,,,92
201700039866,17,2,13,1955,5,2,1,1.0,3.0,92025,M,,,92
201700039867,17,2,14,900,1,2,3,1.0,3.0,92025,M,,,92
201700039868,17,2,18,836,1,2,1,1.0,6.0,92025,M,,,92
201700039869,17,2,18,1807,1,2,1,1.0,6.0,92025,M,,,92
201700039870,17,2,20,1455,1,2,2,1.0,1.0,92025,M,,,92
201700039871,17,2,23,1400,1,2,1,1.0,6.0,92025,M,,,92
201700039872,17,2,26,2210,5,2,1,1.0,4.0,92025,M,,,92
201700039873,17,2,27,1705,1,2,1,1.0,7.0,92025,M,,,92
201700039874,17,3,4,1000,1,2,1,1.0,6.0,92025,M,,,92
201700039875,17,3,12,1530,1,2,2,1.0,3.0,92025,M,,,92
201700039876,17,3,2,900,1,2,1,1.0,6.0,92025,M,,,92
201700039877,17,3,14,845,1,2,1,1.0,6.0,92025,M,,,92
201700039878,17,3,17,1230,1,2,1,1.0,3.0,92025,M,,,92
201700039879,17,3,18,5,5,2,2,1.0,3.0,92025,M,,,92
201700039880,17,3,18,1745,1,2,3,1.0,2.0,92025,M,,,92
201700039881,17,3,20,720,1,2,2,1.0,3.0,92025,M,,,92
201700039882,17,3,21,645,2,2,2,1.0,3.0,92025,M,,,92
201700039883,17,3,26,1425,1,2,3,1.0,3.0,92025,M,,,92
201700039884,17,3,29,1430,1,2,3,1.0,6.0,92025,M,,,92
201700039885,17,3,30,1855,1,2,3,1.0,6.0,92025,M,,,92
201700039886,17,4,2,1827,1,2,3,1.0,2.0,92025,M,,,92
201700039887,17,4,3,1815,1,2,1,1.0,6.0,92025,M,,,92
201700039888,17,4,4,10,5,2,1,1.0,6.0,92025,M,,,92
201700039889,17,4,6,1620,1,2,1,1.0,3.0,92025,M,,,92
201700039890,17,4,8,1619,1,2,3,1.0,3.0,92025,M,,,92
201700039891,17,4,20,919,1,2,1,1.0,6.0,92025,M,,,92
201700039892,17,4,20,1300,1,2,1,1.0,6.0,92025,M,,,92
201700039893,17,4,22,2015,1,2,2,1.0,3.0,92025,M,,,92
201700039894,17,4,25,905,1,2,1,1.0,6.0,92025,M,,,92
201700039895,17,4,28,1205,1,2,2,1.0,2.0,92025,M,,,92
201700039896,17,4,28,1620,1,2,3,1.0,3.0,92025,M,,,92
201700039897,17,5,1,1200,1,2,1,1.0,6.0,92025,M,,,92
201700039898,17,5,3,900,1,2,1,1.0,6.0,92025,M,,,92
201700039899,17,5,5,1635,1,2,1,1.0,3.0,92025,M,,,92
201700039900,17,5,6,1304,1,2,1,1.0,6.0,92025,M,,,92
201700039901,17,5,12,1800,1,2,2,1.0,3.0,92025,M,,,92
201700039902,17,5,14,626,1,2,1,1.0,6.0,92025,M,4890992.0,223542.0,92
201700039903,17,5,15,840,1,2,1,1.0,6.0,92025,M,,,92
201700039904,17,5,17,940,1,2,1,1.0,6.0,92025,M,,,92
201700039905,17,5,19,1635,1,2,3,1.0,3.0,92025,M,,,92
201700039906,17,5,20,1330,1,2,1,1.0,6.0,92025,M,,,92
201700039907,17,5,24,1843,1,2,1,1.0,3.0,92025,M,,,92
201700039908,17,5,25,1055,1,2,1,1.0,6.0,92025,M,,,92
201700039909,17,5,26,1830,1,2,2,1.0,6.0,92025,M,,,92
201700039910,17,5,30,1705,1,2,1,1.0,6.0,92025,M,,,92
201700039911,17,5,31,2018,1,2,2,1.0,1.0,92025,M,,,92
201700039912,17,6,1,1605,1,2,1,1.0,6.0,92025,M,4891266.0,223575.0,92
201700039913,17,6,7,1555,1,2,3,1.0,3.0,92025,M,4892480.0,226695.0,92
201700039914,17,6,7,2250,5,2,1,1.0,6.0,92025,M,4800000.0,224736.0,92
201700039915,17,6,11,1651,1,2,3,1.0,2.0,92025,M,4893004.0,226775.0,92
201700039916,17,6,12,1900,1,2,1,1.0,6.0,92025,M,4891317.0,224230.0,92
201700039917,17,6,15,1155,1,2,1,1.0,6.0,92025,M,4892292.0,225946.0,92
201700039918,17,6,19,2110,2,2,1,1.0,2.0,92025,M,4892222.0,224719.0,92
201700039919,17,6,20,1830,1,2,1,1.0,3.0,92025,M,4893188.0,226636.0,92
201700039920,17,6,20,1950,1,2,1,1.0,3.0,92025,M,4892494.0,225263.0,92
201700039921,17,6,23,1744,1,2,1,1.0,3.0,92025,M,4892201.0,223933.0,92
201700039922,17,6,24,2222,5,2,2,1.0,3.0,92025,M,4892305.0,225064.0,92
201700039923,17,6,26,1320,1,2,1,1.0,3.0,92025,M,4891789.0,222853.0,92
201700039924,17,6,28,2310,5,2,1,1.0,3.0,92025,M,4892623.0,225289.0,92
201700039925,17,6,23,915,1,2,1,1.0,3.0,92025,M,4893369.0,226394.0,92
201700039926,17,7,10,1423,1,2,1,2.0,2.0,92025,M,4892341.0,224938.0,92
201700039927,17,7,10,2215,5,2,1,1.0,5.0,92025,M,4893214.0,226949.0,92
201700039928,17,7,15,2010,1,2,3,1.0,6.0,92025,M,4891591.0,223288.0,92
201700039929,17,7,21,1845,1,2,1,1.0,6.0,92025,M,4892043.0,222886.0,92
201700039930,17,7,20,930,1,2,1,1.0,3.0,92025,M,4891599.0,225256.0,92
201700039931,17,7,20,750,1,2,1,1.0,1.0,92025,M,4893095.0,224455.0,92
201700039932,17,7,19,1220,1,2,2,1.0,2.0,92025,M,4892083.0,225262.0,92
201700039933,17,7,29,1320,1,2,1,1.0,3.0,92025,M,4892323.0,224646.0,92
201700039934,17,8,10,2300,5,2,2,1.0,3.0,92025,M,4893384.0,225548.0,92
201700039935,17,8,15,1720,1,2,1,1.0,6.0,92025,M,4891632.0,223410.0,92
201700039936,17,8,16,1700,1,2,1,1.0,3.0,92025,M,4893124.0,225507.0,92
201700039937,17,8,23,1843,1,2,3,1.0,3.0,92025,M,4891326.0,223108.0,92
201700039938,17,8,22,823,1,2,1,1.0,3.0,92025,M,4992429.0,225257.0,92
201700039939,17,8,24,1815,1,2,1,1.0,3.0,92025,M,4891801.0,223826.0,92
201700039940,17,8,18,1830,1,2,2,1.0,3.0,92025,M,4892717.0,224699.0,92
201700039941,17,9,3,1555,1,2,2,1.0,3.0,92025,M,4892436.0,247256.0,92
201700039942,17,9,3,1710,1,2,1,1.0,6.0,92025,M,4892000.0,226000.0,92
201700039943,17,9,6,1240,1,2,2,1.0,6.0,92025,M,4892701.0,226497.0,92
201700039944,17,9,8,1700,1,2,1,1.0,6.0,92025,M,4891652.0,225281.0,92
201700039945,17,9,9,130,3,2,2,3.0,3.0,92025,M,4891032.0,223443.0,92
201700039946,17,9,9,1113,1,2,1,1.0,3.0,92025,M,4893000.0,224000.0,92
201700039947,17,9,18,935,1,2,1,1.0,6.0,92025,M,4891480.0,225296.0,92
201700039948,17,9,18,1240,1,2,1,2.0,6.0,92025,M,4893000.0,226000.0,92
201700039949,17,9,18,2100,5,2,1,1.0,6.0,92025,M,4892322.0,225260.0,92
201700039950,17,9,20,1240,1,2,1,1.0,6.0,92025,M,4892129.0,225272.0,92
201700039951,17,9,24,1410,1,2,2,1.0,6.0,92025,M,4891451.0,222900.0,92
201700039952,17,9,26,703,5,2,2,1.0,6.0,92025,M,4892825.0,225401.0,92
201700039953,17,9,28,730,5,2,1,1.0,6.0,92025,M,4893000.0,224000.0,92
201700039954,17,9,28,930,1,2,1,2.0,6.0,92025,M,4891625.0,223396.0,92
201700039955,17,10,2,1650,1,2,2,2.0,6.0,92025,M,4892228.0,223666.0,92
201700039956,17,10,3,1450,1,2,2,1.0,6.0,92025,M,4891000.0,223000.0,92
201700039957,17,10,3,1900,1,2,1,1.0,6.0,92025,M,4891242.0,223131.0,92
201700039958,17,10,5,818,1,2,2,1.0,3.0,92025,M,4891067.0,223453.0,92
201700039959,17,10,5,1013,1,2,1,1.0,3.0,92025,M,4892289.0,225640.0,92
201700039960,17,10,10,940,1,2,1,1.0,2.0,92025,M,,,92
201700039961,17,10,11,1300,1,2,2,1.0,3.0,92025,M,4891584.0,223249.0,92
201700039962,17,10,13,1525,1,2,1,1.0,6.0,92025,M,4892342.0,224892.0,92
201700039963,17,10,13,1650,1,2,1,1.0,6.0,92025,M,4892000.0,225000.0,92
201700039964,17,10,14,615,3,2,1,1.0,6.0,92025,M,4891840.0,222380.0,92
201700039965,17,10,14,2100,5,2,1,1.0,6.0,92025,M,4892288.0,225287.0,92
201700039966,17,10,24,810,1,2,2,1.0,6.0,92025,M,4893072.0,226741.0,92
201700039967,17,10,27,1140,1,2,1,1.0,6.0,92025,M,4892338.0,225735.0,92
201700039968,17,10,27,1710,1,2,2,1.0,6.0,92025,M,4891886.0,224073.0,92
201700039969,17,11,2,2000,5,2,1,1.0,6.0,92025,M,4892159.0,227062.0,92
201700039970,17,11,3,912,1,2,1,1.0,6.0,92025,M,4891521.0,223087.0,92
201700039971,17,11,6,835,2,2,2,1.0,6.0,92025,M,4893089.0,224467.0,92
201700039972,17,11,8,1555,1,2,2,1.0,6.0,92025,M,4891038.0,223459.0,92
201700039973,17,11,11,2300,5,2,1,2.0,2.0,92025,M,4893616.0,225715.0,92
201700039974,17,11,24,740,4,2,3,2.0,6.0,92025,M,4893000.0,226000.0,92
201700039975,17,11,25,2230,5,2,1,1.0,6.0,92025,M,4893237.0,227036.0,92
201700039976,17,11,28,2140,5,2,1,1.0,6.0,92025,M,4892484.0,226709.0,92
201700039977,17,11,29,1130,1,2,1,1.0,6.0,92025,M,4893400.0,226300.0,92
201700039978,17,11,29,1548,1,2,1,1.0,1.0,92025,M,4892000.0,225292.0,92
201700039979,17,12,2,1140,1,2,4,1.0,6.0,92025,M,4892000.0,225000.0,92
201700039980,17,12,5,1930,5,2,2,1.0,3.0,92025,M,4892700.0,225300.0,92
201700039981,17,12,7,2040,5,2,1,2.0,6.0,92025,M,4892098.0,284722.0,92
201700039982,17,12,8,730,5,2,2,2.0,6.0,92025,M,4893092.0,224453.0,92
201700039983,17,12,10,1740,1,2,1,2.0,3.0,92025,M,4892612.0,225294.0,92
201700039984,17,12,14,755,2,2,1,1.0,6.0,92025,M,4892353.0,224907.0,92