Num_Acc,an,mois,jour,hrmn,lum,agg,int,atm,col,com,gps,lat,long,dep
201700039985,17,12,14,1354,1,2,1,2.0,6.0,92025,M,4892321.0,225086.0,92
201700039986,17,12,14,1725,5,2,1,2.0,6.0,92025,M,4891725.0,225277.0,92
201700039987,17,12,15,1620,1,2,2,2.0,6.0,92025,M,4891513.0,223324.0,92
201700039988,17,12,15,1655,5,2,1,2.0,6.0,92025,M,4891938.0,222672.0,92
201700039989,17,12,16,1010,1,2,1,1.0,6.0,92025,M,4892928.0,227151.0,92
201700039990,17,12,17,1100,1,2,2,1.0,6.0,92025,M,4892749.0,225367.0,92
201700039991,17,12,21,1225,1,2,1,2.0,6.0,92025,M,4892673.0,224726.0,92
201700039992,17,12,24,815,5,2,2,1.0,3.0,92025,M,4891000.0,223100.0,92
201700039993,17,12,28,2030,5,2,3,1.0,1.0,92025,M,4891000.0,222690.0,92
201700039994,17,6,1,1645,1,2,1,1.0,6.0,92026,M,,,92
201700039995,17,6,4,2350,5,2,1,1.0,2.0,92026,M,4890132.0,227721.0,92
201700039996,17,5,14,1330,1,2,1,1.0,2.0,92026,M,4889640.0,225207.0,92
201700039997,17,5,18,225,5,2,9,2.0,6.0,92026,M,4889682.0,226435.0,92
201700039998,17,11,29,1425,1,2,3,8.0,3.0,92026,M,4890639.0,225931.0,92
201700039999,17,6,20,1440,1,2,1,1.0,6.0,92026,M,4889890.0,224335.0,92
201700040000,17,6,21,855,1,2,1,1.0,6.0,92026,M,4890124.0,227166.0,92
201700040001,17,6,22,755,1,2,1,1.0,6.0,92026,M,4889894.0,225663.0,92
201700040002,17,5,17,1920,1,2,1,2.0,6.0,92026,M,4890516.0,227244.0,92
201700040003,17,1,1,2145,5,2,1,2.0,3.0,92026,M,,,92
201700040004,17,6,26,1625,1,2,1,1.0,6.0,92026,M,4889677.0,225423.0,92
201700040005,17,6,30,1655,1,2,2,2.0,6.0,92026,M,4890439.0,226831.0,92
201700040006,17,7,3,830,1,2,1,1.0,6.0,92026,M,4889772.0,226353.0,92
201700040007,17,7,5,1000,1,2,9,1.0,3.0,92026,M,4889277.0,224529.0,92
201700040008,17,7,5,1402,1,2,1,1.0,6.0,92026,M,4890189.0,226698.0,92
201700040009,17,7,6,915,1,2,3,3.0,2.0,92026,M,4889577.0,224785.0,92
201700040010,17,7,11,1117,1,2,1,8.0,6.0,92026,M,,,92
201700040011,17,7,11,1400,1,2,1,1.0,3.0,92026,M,4890419.0,225705.0,92
201700040012,17,7,13,1035,1,2,1,1.0,3.0,92026,M,4889990.0,223970.0,92
201700040013,17,7,17,1658,1,2,1,1.0,3.0,92026,M,4890302.0,225812.0,92
201700040014,17,7,21,655,1,2,4,1.0,6.0,92026,M,4890297.0,226640.0,92
201700040015,17,7,21,2000,1,2,1,1.0,2.0,92026,M,4889432.0,226106.0,92
201700040016,17,7,22,900,1,2,1,2.0,6.0,92026,M,4889440.0,226117.0,92
201700040017,17,8,7,2120,5,2,1,1.0,3.0,92026,M,4890043.0,226086.0,92
201700040018,17,7,20,1150,1,2,1,1.0,3.0,92026,M,4889781.0,224025.0,92
201700040019,17,8,24,840,1,2,2,1.0,3.0,92026,M,4889678.0,226430.0,92
201700040020,17,7,19,1835,1,2,1,1.0,3.0,92026,M,4890410.0,225723.0,92
201700040021,17,8,31,1800,1,2,9,1.0,3.0,92026,M,4890112.0,225982.0,92
201700040022,17,9,6,650,5,2,2,1.0,3.0,92026,M,4889515.0,224996.0,92
201700040023,17,9,13,1145,1,2,1,2.0,3.0,92026,M,4889819.0,226316.0,92
201700040024,17,9,9,1945,1,2,1,1.0,2.0,92026,M,4890419.0,225683.0,92
201700040025,17,9,11,930,1,2,1,1.0,6.0,92026,M,4890198.0,224354.0,92
201700040026,17,7,1,2330,5,2,2,1.0,3.0,92026,M,4890310.0,227021.0,92
201700040027,17,9,18,2218,5,2,3,1.0,3.0,92026,M,4890066.0,227515.0,92
201700040028,17,9,19,945,1,2,1,2.0,3.0,92026,M,4889782.0,224027.0,92
201700040029,17,9,25,1340,1,2,1,1.0,3.0,92026,M,4890049.0,226082.0,92
201700040030,17,1,1,2205,5,1,1,9.0,3.0,92026,M,,,92
201700040031,17,10,4,1515,1,2,3,1.0,1.0,92026,M,4890414.0,227824.0,92
201700040032,17,10,13,1,5,2,1,1.0,2.0,92026,M,4889289.0,224665.0,92
201700040033,17,10,17,2205,5,2,2,1.0,3.0,92026,M,4889238.0,224526.0,92
201700040034,17,10,18,1810,1,2,1,1.0,6.0,92026,M,4889889.0,226608.0,92
201700040035,17,10,20,2130,5,2,2,1.0,3.0,92026,M,4890136.0,225450.0,92
201700040036,17,7,29,2357,5,2,1,1.0,3.0,92026,M,4889683.0,226450.0,92
201700040037,17,10,25,2325,5,2,3,1.0,2.0,92026,M,4890298.0,225809.0,92
201700040038,17,10,26,745,2,2,1,5.0,3.0,92026,M,4889688.0,226432.0,92
201700040039,17,10,28,1622,1,2,1,1.0,6.0,92026,M,4889965.0,226140.0,92
201700040040,17,10,31,2058,5,2,1,1.0,4.0,92026,M,4890024.0,226081.0,92
201700040041,17,11,3,1235,1,2,1,1.0,5.0,92026,M,4889000.0,224000.0,92
201700040042,17,11,4,1915,5,2,1,1.0,6.0,92026,M,4890024.0,226081.0,92
201700040043,17,11,6,1735,2,2,6,8.0,6.0,92026,M,4890650.0,228322.0,92
201700040044,17,11,10,1000,1,2,9,2.0,2.0,92026,M,4890234.0,228170.0,92
201700040045,17,11,15,1750,5,2,1,1.0,6.0,92026,M,4889990.0,226660.0,92
201700040046,17,11,8,1930,5,2,1,1.0,6.0,92026,M,4889114.0,225535.0,92
201700040047,17,11,16,820,1,2,1,1.0,6.0,92026,M,4889705.0,226429.0,92
201700040048,17,11,16,1020,1,2,1,1.0,3.0,92026,M,4889669.0,223723.0,92
201700040049,17,10,28,1945,5,2,1,1.0,3.0,92026,M,4889876.0,224233.0,92
201700040050,17,11,20,2015,5,2,1,1.0,2.0,92026,M,4889882.0,225561.0,92
201700040051,17,11,21,730,5,2,1,1.0,3.0,92026,M,4890000.0,227000.0,92
201700040052,17,10,14,1740,1,2,1,1.0,3.0,92026,M,4889880.0,226251.0,92
201700040053,17,12,4,1700,2,2,1,1.0,6.0,92026,M,4889904.0,226050.0,92
201700040054,17,12,8,1945,5,2,1,1.0,6.0,92026,M,4889000.0,226000.0,92
201700040055,17,12,8,2345,5,2,2,2.0,3.0,92026,M,4890040.0,226080.0,92
201700040056,17,12,11,1900,5,2,1,2.0,6.0,92026,M,4889774.0,226300.0,92
201700040057,17,10,28,650,2,2,1,1.0,3.0,92026,M,4890054.0,224480.0,92
201700040058,17,12,14,1530,1,2,1,2.0,3.0,92026,M,4890323.0,226704.0,92
201700040059,17,12,14,1850,5,2,1,1.0,3.0,92026,M,4990278.0,228286.0,92
201700040060,17,12,15,2110,5,2,1,2.0,3.0,92026,M,4890162.0,224404.0,92
201700040061,17,12,27,701,5,2,1,1.0,3.0,92026,M,4890515.0,225602.0,92
201700040062,17,1,3,915,1,2,1,1.0,6.0,92026,M,,,92
201700040063,17,1,2,1740,2,2,1,1.0,6.0,92026,M,,,92
201700040064,17,1,11,825,2,2,1,1.0,6.0,92026,M,,,92
201700040065,17,1,23,2215,5,2,1,1.0,6.0,92026,M,,,92
201700040066,17,1,24,808,5,2,1,1.0,6.0,92026,M,,,92
201700040067,17,1,30,1820,5,2,3,2.0,2.0,92026,M,,,92
201700040068,17,2,3,2000,5,2,1,2.0,2.0,92026,M,,,92
201700040069,17,2,8,1815,5,2,2,1.0,6.0,92026,M,,,92
201700040070,17,1,12,1300,1,2,1,1.0,7.0,92026,M,,,92
201700040071,17,2,17,2045,5,2,1,1.0,6.0,92026,M,,,92
201700040072,17,2,1,2350,5,2,1,1.0,3.0,92026,M,,,92
201700040073,17,2,27,1130,1,2,1,1.0,3.0,92026,M,,,92
201700040074,17,3,1,1400,1,2,1,2.0,6.0,92026,M,,,92
201700040075,17,3,6,1720,1,2,1,8.0,3.0,92026,M,,,92
201700040076,17,3,9,845,1,2,1,1.0,6.0,92026,M,,,92
201700040077,17,3,1,1530,1,2,1,1.0,6.0,92026,M,,,92
201700040078,17,3,9,1739,2,2,1,1.0,2.0,92026,M,,,92
201700040079,17,3,13,1725,1,2,1,1.0,3.0,92026,M,,,92
201700040080,17,3,15,917,1,2,1,1.0,1.0,92026,M,,,92
201700040081,17,3,18,1316,1,2,1,1.0,7.0,92026,M,,,92
201700040082,17,3,22,745,1,2,1,1.0,2.0,92026,M,,,92
201700040083,17,4,10,1139,1,2,3,8.0,3.0,92026,M,,,92
201700040084,17,3,27,1720,1,2,1,1.0,7.0,92026,M,,,92
201700040085,17,4,18,1700,1,2,1,1.0,5.0,92026,M,,,92
201700040086,17,4,19,1740,1,2,1,1.0,2.0,92026,M,,,92
201700040087,17,4,20,1738,1,2,6,1.0,1.0,92026,M,,,92
201700040088,17,4,20,2300,5,2,1,1.0,3.0,92026,M,,,92
201700040089,17,4,20,2022,1,2,1,1.0,3.0,92026,M,,,92
201700040090,17,4,29,1850,1,2,1,1.0,6.0,92026,M,,,92
201700040091,17,5,4,1215,1,2,1,1.0,2.0,92026,M,,,92
201700040092,17,5,17,1920,1,2,1,2.0,6.0,92026,M,,,92
201700040093,17,5,18,225,5,2,1,2.0,6.0,92026,M,,,92
201700040094,17,5,14,1650,1,2,1,1.0,2.0,92026,M,,,92
201700040095,17,5,19,1730,1,2,1,1.0,4.0,92026,M,,,92
201700040096,17,12,4,830,2,2,1,1.0,6.0,92062,M,4889330.0,223780.0,92
201700040097,17,11,7,2045,4,2,4,1.0,3.0,92026,M,4888860.0,225090.0,92
201700040098,17,8,5,1650,1,2,1,1.0,7.0,92026,M,4889484.0,224371.0,92
201700040099,17,11,20,1200,1,2,1,1.0,2.0,92062,M,4888930.0,224120.0,92
201700040100,17,6,2,1445,1,2,1,1.0,1.0,92062,M,,,92
201700040101,17,11,3,1500,1,2,1,1.0,7.0,92026,M,4889400.0,223550.0,92
201700040102,17,12,24,1340,1,2,2,1.0,3.0,92026,M,4889282.0,224522.0,92
201700040103,17,9,22,658,5,2,1,1.0,7.0,92062,M,4889000.0,224000.0,92
201700040104,17,12,20,845,2,2,1,2.0,6.0,92026,M,4889230.0,224390.0,92
201700040105,17,12,8,710,5,2,1,1.0,6.0,92026,M,4889010.0,224460.0,92
201700040106,17,9,28,940,1,2,1,1.0,5.0,92026,M,4889102.0,224709.0,92
201700040107,17,10,5,1340,1,2,2,1.0,6.0,92026,M,4889280.0,224526.0,92
201700040108,17,9,12,1700,1,2,4,1.0,6.0,92062,M,4889030.0,223959.0,92
201700040109,17,6,3,1030,1,2,2,1.0,6.0,92035,M,4890683.0,223890.0,92
201700040110,17,6,7,1505,1,2,2,1.0,6.0,92035,M,4890829.0,224267.0,92
201700040111,17,6,13,913,1,2,3,1.0,3.0,92035,M,4890857.0,223716.0,92
201700040112,17,6,11,1515,1,2,5,1.0,6.0,92035,M,4890680.0,224351.0,92
201700040113,17,6,19,830,1,2,3,7.0,6.0,92035,M,4890626.0,224784.0,92
201700040114,17,7,6,755,1,2,1,2.0,3.0,92035,M,4890706.0,223998.0,92
201700040115,17,7,7,1925,1,2,2,1.0,6.0,92035,M,4890451.0,223635.0,92
201700040116,17,7,11,835,1,2,2,1.0,7.0,92035,M,4890908.0,224230.0,92
201700040117,17,7,17,1630,1,2,2,1.0,3.0,92035,M,4890240.0,223980.0,92
201700040118,17,7,28,1358,1,2,3,1.0,3.0,92035,M,4890690.0,224420.0,92
201700040119,17,7,17,845,1,2,5,1.0,3.0,92035,M,4890687.0,224436.0,92
201700040120,17,9,6,1805,1,2,1,8.0,6.0,92035,M,4890814.0,224724.0,92
201700040121,17,9,19,1950,5,2,6,1.0,3.0,92035,M,4890564.0,225585.0,92
201700040122,17,9,26,1720,1,2,1,8.0,6.0,92035,M,4890793.0,22378.0,92
201700040123,17,9,19,1700,1,2,6,8.0,2.0,92035,M,4890556.0,225576.0,92
201700040124,17,9,29,1520,1,2,1,1.0,2.0,92035,M,4890297.0,22393.0,92
201700040125,17,10,4,1950,5,2,1,1.0,2.0,92035,M,4891044.0,225356.0,92
201700040126,17,10,5,1730,1,2,1,2.0,3.0,92035,M,4890684.0,224511.0,92
201700040127,17,10,6,745,1,2,3,1.0,6.0,92035,M,4890505.0,223895.0,92
201700040128,17,10,15,1435,1,2,1,1.0,2.0,92035,M,4890659.0,224740.0,92
201700040129,17,10,17,2110,5,2,2,1.0,6.0,92035,M,4890511.0,223907.0,92
201700040130,17,11,2,740,2,2,5,1.0,3.0,92035,M,4891109.0,225470.0,92
201700040131,17,11,10,2030,5,2,2,1.0,3.0,92035,M,4890960.0,225884.0,92
201700040132,17,11,22,800,1,2,6,1.0,3.0,92035,M,4890634.0,22488.0,92
201700040133,17,11,22,810,1,2,3,1.0,3.0,92035,M,4890637.0,225562.0,92
201700040134,17,11,25,920,1,2,1,8.0,3.0,92035,M,4891333.0,225323.0,92
201700040135,17,11,27,1815,5,2,1,3.0,6.0,92035,M,4890734.0,22388.0,92
201700040136,17,11,30,835,1,2,3,1.0,6.0,92035,M,4890471.0,223987.0,92
201700040137,17,12,14,1940,5,2,1,1.0,6.0,92035,M,4890456.0,223255.0,92
201700040138,17,12,15,810,1,2,2,8.0,6.0,92035,M,4891019.0,22507.0,92
201700040139,17,12,20,1145,1,2,6,8.0,6.0,92035,M,4890640.0,224782.0,92
201700040140,17,12,22,1720,5,2,6,2.0,6.0,92035,M,4890608.0,22480.0,92
201700040141,17,1,11,1905,5,2,2,1.0,6.0,92035,M,,,92
201700040142,17,1,5,1645,2,2,2,1.0,6.0,92035,M,,,92
201700040143,17,2,1,953,1,2,1,1.0,6.0,92035,M,,,92
201700040144,17,2,7,1340,1,2,2,1.0,3.0,92035,M,,,92
201700040145,17,2,8,2005,5,2,2,1.0,3.0,92035,M,,,92
201700040146,17,2,13,1640,1,2,2,1.0,3.0,92035,M,,,92
201700040147,17,2,22,1210,1,2,1,1.0,3.0,92035,M,,,92
201700040148,17,3,1,1600,1,2,5,2.0,2.0,92035,M,,,92
201700040149,17,4,24,844,1,2,2,1.0,6.0,92035,M,,,92
201700040150,17,4,27,1545,1,2,3,1.0,6.0,92035,M,,,92
201700040151,17,5,12,1430,1,2,3,2.0,2.0,92035,M,,,92
201700040152,17,5,8,1,5,2,2,1.0,6.0,92035,M,,,92
201700040153,17,5,23,820,1,2,1,1.0,6.0,92035,M,,,92
201700040154,17,1,2,1550,1,2,9,1.0,6.0,92036,M,,,92
201700040155,17,11,30,1545,1,2,2,2.0,3.0,92036,M,4800000.0,220000.0,92
201700040156,17,1,9,1922,5,2,3,1.0,6.0,92036,M,,,92
201700040157,17,12,1,930,1,2,2,2.0,2.0,92036,M,4800000.0,220000.0,92
201700040158,17,1,10,1305,1,2,1,1.0,6.0,92036,M,,,92
201700040159,17,12,4,1100,1,2,2,1.0,2.0,92036,M,4800000.0,220000.0,92
201700040160,17,1,11,1840,5,2,4,2.0,6.0,92036,M,,,92
201700040161,17,12,5,1700,5,2,2,1.0,6.0,92036,M,4800000.0,220000.0,92
201700040162,17,1,14,535,5,2,1,1.0,6.0,92036,M,,,92
201700040163,17,12,7,1800,5,2,2,2.0,7.0,92036,M,4800000.0,220000.0,92
201700040164,17,1,23,2045,5,2,1,1.0,7.0,92036,M,,,92
201700040165,17,12,8,1130,1,2,1,2.0,6.0,92036,M,4800000.0,220000.0,92
201700040166,17,1,26,1410,1,2,1,1.0,6.0,92036,M,,,92
201700040167,17,12,9,2235,5,2,1,1.0,6.0,92036,M,4800000.0,220000.0,92
201700040168,17,1,29,1930,5,2,1,1.0,6.0,92036,M,,,92
201700040169,17,12,11,2230,5,2,3,2.0,5.0,92036,M,4800000.0,220000.0,92
201700040170,17,1,29,2040,5,2,2,1.0,6.0,92036,M,,,92
201700040171,17,12,12,1725,2,2,1,1.0,6.0,92036,M,4800000.0,220000.0,92
201700040172,17,1,30,1830,5,2,2,1.0,6.0,92036,M,,,92
201700040173,17,12,15,600,5,2,2,1.0,6.0,92036,M,4800000.0,220000.0,92
201700040174,17,2,2,654,5,2,3,1.0,3.0,92036,M,,,92
201700040175,17,12,15,600,5,2,2,1.0,6.0,92036,M,4800000.0,220000.0,92
201700040176,17,2,2,1730,1,2,2,1.0,6.0,92036,M,,,92
201700040177,17,12,22,1110,1,2,1,2.0,6.0,92036,M,4800000.0,220000.0,92
201700040178,17,2,3,1005,1,2,1,1.0,6.0,92036,M,,,92
201700040179,17,12,27,510,5,2,1,2.0,7.0,92036,M,4800000.0,220000.0,92
201700040180,17,2,3,1540,1,2,3,2.0,6.0,92036,M,,,92
201700040181,17,2,4,1045,1,2,2,3.0,3.0,92036,M,,,92
201700040182,17,2,7,700,5,2,2,1.0,2.0,92036,M,,,92
201700040183,17,2,13,2300,5,2,2,1.0,6.0,92036,M,,,92
201700040184,17,2,15,710,5,2,3,1.0,6.0,92036,M,,,92
201700040185,17,2,19,1900,1,2,1,1.0,6.0,92036,M,,,92
201700040186,17,2,21,955,1,2,1,1.0,2.0,92036,M,,,92
201700040187,17,2,21,1030,1,2,1,1.0,2.0,92036,M,,,92
201700040188,17,2,22,1945,1,2,1,1.0,7.0,92036,M,,,92
201700040189,17,2,23,1445,1,2,3,6.0,6.0,92036,M,,,92
201700040190,17,2,28,1100,1,2,3,1.0,6.0,92036,M,,,92
201700040191,17,3,2,1100,1,2,3,1.0,3.0,92036,M,,,92
201700040192,17,3,3,645,2,2,3,1.0,6.0,92036,M,,,92
201700040193,17,3,3,1315,1,2,3,1.0,6.0,92036,M,,,92
201700040194,17,3,4,2035,3,2,1,1.0,6.0,92036,M,,,92
201700040195,17,3,7,1130,1,2,2,1.0,3.0,92036,M,,,92
201700040196,17,3,9,1700,1,2,1,1.0,6.0,92036,M,,,92
201700040197,17,3,12,950,1,2,1,1.0,6.0,92036,M,,,92
201700040198,17,3,15,1915,5,2,3,1.0,6.0,92036,M,,,92
201700040199,17,3,20,1810,1,2,3,1.0,3.0,92036,M,,,92
201700040200,17,3,20,2045,5,2,2,1.0,3.0,92036,M,,,92
201700040201,17,4,1,1220,1,2,1,1.0,6.0,92036,M,,,92
201700040202,17,4,14,1430,1,2,9,1.0,2.0,92036,M,,,92
201700040203,17,4,17,1410,1,2,3,1.0,3.0,92036,M,,,92
201700040204,17,4,24,1740,1,2,3,1.0,6.0,92036,M,,,92
201700040205,17,6,10,2030,2,2,1,1.0,4.0,92036,M,4891964.0,232202.0,92
201700040206,17,6,13,950,1,2,2,1.0,3.0,92036,M,4892143.0,229489.0,92
201700040207,17,6,13,1250,1,2,1,1.0,6.0,92036,M,4892669.0,229366.0,92
201700040208,17,6,16,1605,1,2,1,1.0,6.0,92036,M,4893694.0,227329.0,92
201700040209,17,6,16,1940,1,2,1,1.0,6.0,92036,M,4893329.0,228556.0,92
201700040210,17,6,30,1710,1,2,3,1.0,6.0,92036,M,4895558.0,231365.0,92
201700040211,17,7,4,1745,1,2,6,1.0,6.0,92036,M,4893795.0,227868.0,92
201700040212,17,7,9,1900,1,2,1,1.0,2.0,92036,M,4899100.0,232444.0,92
201700040213,17,7,7,1940,1,2,1,1.0,4.0,92036,M,4893363.0,230414.0,92
201700040214,17,7,14,2330,5,2,3,1.0,3.0,92036,M,4894262.0,230297.0,92
201700040215,17,7,25,1605,1,2,1,1.0,6.0,92036,M,4892037.0,231437.0,92
201700040216,17,8,6,2345,5,2,1,1.0,6.0,92036,M,4893442.0,228104.0,92
201700040217,17,8,7,1210,1,2,3,1.0,6.0,92036,M,4893420.0,232010.0,92
201700040218,17,8,19,2000,1,2,2,1.0,6.0,92036,M,4892112.0,232501.0,92
201700040219,17,8,21,1530,1,2,1,1.0,6.0,92036,M,4892709.0,229065.0,92
201700040220,17,9,3,1910,1,2,1,2.0,2.0,92036,M,4893610.0,228015.0,92
201700040221,17,9,6,920,1,2,2,1.0,6.0,92036,M,4892666.0,229471.0,92
201700040222,17,9,7,2000,1,2,2,1.0,1.0,92036,M,4895584.0,220000.0,92
201700040223,17,9,11,1900,1,2,1,1.0,6.0,92036,M,4894389.0,228666.0,92
201700040224,17,9,13,1450,1,2,3,3.0,3.0,92036,M,4800000.0,220000.0,92
201700040225,17,9,14,1400,1,2,3,1.0,6.0,92036,M,4800000.0,220000.0,92
201700040226,17,9,15,540,5,2,1,1.0,6.0,92036,M,4800000.0,220000.0,92
201700040227,17,9,22,2030,5,2,1,1.0,6.0,92036,M,4800000.0,220000.0,92
201700040228,17,9,26,1600,1,2,1,1.0,6.0,92036,M,4800000.0,220000.0,92
201700040229,17,9,27,840,1,2,1,1.0,6.0,92036,M,4800000.0,220000.0,92
201700040230,17,9,29,1405,1,2,1,1.0,4.0,92036,M,4800000.0,220000.0,92
201700040231,17,10,2,1040,1,2,1,1.0,6.0,92036,M,4800000.0,220000.0,92
201700040232,17,10,2,2230,5,2,2,1.0,3.0,92036,M,4800000.0,220000.0,92
201700040233,17,10,6,1650,1,2,1,1.0,6.0,92036,M,4800000.0,220000.0,92
201700040234,17,10,9,1535,1,2,2,1.0,5.0,92036,M,4800000.0,220000.0,92
201700040235,17,10,10,550,5,2,3,2.0,3.0,92036,M,4800000.0,220000.0,92
201700040236,17,10,11,1755,1,2,1,1.0,6.0,92036,M,4800000.0,220000.0,92
201700040237,17,10,12,1735,1,2,6,1.0,6.0,92036,M,4800000.0,220000.0,92
201700040238,17,10,12,1815,1,2,1,1.0,6.0,92036,M,4800000.0,220000.0,92
201700040239,17,10,15,1220,1,2,2,1.0,3.0,92036,M,4800000.0,220000.0,92
201700040240,17,10,15,1900,2,2,1,1.0,6.0,92036,M,4800000.0,220000.0,92
201700040241,17,10,16,920,1,2,3,1.0,3.0,92036,M,4800000.0,220000.0,92
201700040242,17,10,17,1810,1,2,1,1.0,6.0,92036,M,4800000.0,220000.0,92
201700040243,17,10,19,1015,1,2,3,1.0,6.0,92036,M,4800000.0,220000.0,92
201700040244,17,10,20,2120,5,2,1,1.0,6.0,92036,M,4800000.0,220000.0,92
201700040245,17,10,25,1245,1,2,1,1.0,6.0,92036,M,4800000.0,220000.0,92
201700040246,17,10,31,1220,1,2,1,1.0,2.0,92036,M,4893194.0,230105.0,92
201700040247,17,11,6,1050,1,2,2,1.0,2.0,92036,M,4800000.0,220000.0,92
201700040248,17,11,9,1730,5,2,3,1.0,6.0,92036,M,4800000.0,220000.0,92
201700040249,17,11,16,940,1,2,2,1.0,3.0,92036,M,4800000.0,220000.0,92
201700040250,17,11,26,440,5,2,1,1.0,6.0,92036,M,4892759.0,233282.0,92
201700040251,17,11,27,1540,1,2,1,1.0,6.0,92036,M,4800000.0,220000.0,92
201700040252,17,11,28,1720,5,2,3,2.0,6.0,92036,M,4800000.0,220000.0,92
201700040253,17,11,29,645,5,2,1,1.0,6.0,92036,M,4800000.0,220000.0,92
201700040254,17,11,29,1410,1,2,3,1.0,3.0,92036,M,4800000.0,220000.0,92
201700040255,17,11,2,2022,5,2,3,1.0,3.0,92040,M,,,92
201700040256,17,11,7,1445,1,2,1,1.0,6.0,92040,M,,,92
201700040257,17,10,18,900,2,2,1,1.0,6.0,92040,M,,,92
201700040258,17,10,23,500,5,2,1,2.0,2.0,92040,M,,,92
201700040259,17,10,24,1635,1,2,1,1.0,3.0,92040,M,,,92
201700040260,17,1,1,1700,2,2,1,2.0,7.0,92040,M,,,92
201700040261,17,11,8,745,2,2,1,1.0,5.0,92040,M,,,92
201700040262,17,6,26,48,5,2,1,1.0,3.0,92040,M,4882553.0,227664.0,92
201700040263,17,8,2,900,1,2,1,1.0,3.0,92040,M,4882498.0,226785.0,92
201700040264,17,9,29,1350,1,2,1,1.0,6.0,92040,M,4882429.0,227285.0,92
201700040265,17,11,2,1921,5,2,1,1.0,6.0,92040,M,4882070.0,224980.0,92
201700040266,17,11,30,2010,5,2,1,4.0,6.0,92040,M,4882815.0,226675.0,92
201700040267,17,12,5,1450,1,2,2,1.0,3.0,92040,M,4882556.0,226766.0,92
201700040268,17,12,18,1945,5,2,1,1.0,3.0,92040,M,4882556.0,226454.0,92
201700040269,17,12,14,2050,5,2,1,3.0,3.0,92040,M,4882996.0,226731.0,92
201700040270,17,12,18,1230,1,2,1,1.0,6.0,92040,M,4881879.0,225785.0,92
201700040271,17,12,19,745,5,2,1,1.0,6.0,92040,M,4882865.0,226526.0,92
201700040272,17,12,12,1950,5,2,1,1.0,3.0,92040,M,4882614.0,227395.0,92
201700040273,17,6,12,1350,1,2,3,1.0,2.0,92040,M,4881699.0,227363.0,92
201700040274,17,7,31,1102,1,2,1,1.0,7.0,92040,M,4882955.0,227044.0,92
201700040275,17,7,21,2035,1,2,1,1.0,2.0,92040,M,4881891.0,224313.0,92
201700040276,17,7,25,1940,1,2,1,1.0,3.0,92040,M,4882189.0,224451.0,92
201700040277,17,7,10,1123,1,2,1,1.0,3.0,92040,M,4882531.0,227584.0,92
201700040278,17,6,29,1915,1,2,1,2.0,7.0,92040,M,4883041.0,225972.0,92
201700040279,17,7,21,1724,1,2,1,1.0,3.0,92040,M,4882494.0,227044.0,92
201700040280,17,1,8,1700,1,2,1,1.0,6.0,92040,M,,,92
201700040281,17,7,20,1825,1,2,1,1.0,6.0,92040,M,4882774.0,227509.0,92
201700040282,17,6,21,900,1,2,2,1.0,3.0,92040,M,4882622.0,227260.0,92
201700040283,17,6,29,1545,1,2,1,2.0,6.0,92040,M,4885635.0,226290.0,92
201700040284,17,6,24,2135,1,2,1,1.0,6.0,92040,M,4882753.0,227679.0,92
201700040285,17,6,8,1916,1,2,1,1.0,6.0,92040,M,4882468.0,227472.0,92
201700040286,17,8,18,825,1,2,3,2.0,7.0,92040,M,4882979.0,226752.0,92
201700040287,17,7,28,1330,1,2,1,1.0,6.0,92040,M,4882773.0,227499.0,92
201700040288,17,7,26,1225,1,2,1,1.0,6.0,92040,M,4882153.0,224246.0,92
201700040289,17,11,10,1849,5,2,1,1.0,6.0,92040,M,,,92
201700040290,17,9,27,2028,5,2,1,1.0,3.0,94067,M,4883002.0,226738.0,94
201700040291,17,9,29,1400,1,2,1,1.0,6.0,92040,M,,,92
201700040292,17,11,16,1435,1,2,2,1.0,3.0,92040,M,4881958.0,226657.0,92
201700040293,17,12,11,855,1,2,1,1.0,6.0,92040,M,4881900.0,227104.0,92
201700040294,17,10,2,1715,5,2,1,2.0,6.0,92040,M,,,92
201700040295,17,12,13,830,2,2,1,3.0,6.0,92040,M,,,92
201700040296,17,12,13,1220,1,2,1,1.0,3.0,92040,M,,,92
201700040297,17,12,18,1945,5,2,1,1.0,3.0,92040,M,4882130.0,226450.0,92
201700040298,17,1,9,945,1,2,2,9.0,2.0,92040,M,,,92
201700040299,17,1,18,1840,5,2,6,1.0,6.0,92040,M,,,92
201700040300,17,1,25,1845,5,2,1,1.0,3.0,92040,M,,,92
201700040301,17,1,28,17,5,2,1,1.0,3.0,92040,M,,,92
201700040302,17,2,4,1510,1,2,1,1.0,6.0,92040,M,,,92
201700040303,17,2,2,705,2,2,2,1.0,1.0,92040,M,,,92
201700040304,17,2,7,2210,5,2,1,1.0,6.0,92040,M,,,92
201700040305,17,2,8,1410,1,2,1,1.0,3.0,92040,M,,,92
201700040306,17,2,22,1820,5,2,1,1.0,3.0,92040,M,,,92
201700040307,17,2,23,850,1,2,1,1.0,3.0,92040,M,,,92
201700040308,17,2,23,1545,1,2,1,1.0,3.0,92040,M,,,92
201700040309,17,2,23,1435,1,2,1,2.0,6.0,92040,M,,,92
201700040310,17,3,4,2015,5,2,1,8.0,3.0,92040,M,,,92
201700040311,17,3,4,2015,4,2,1,8.0,3.0,92040,M,,,92
201700040312,17,3,16,715,1,2,1,1.0,3.0,92040,M,,,92
201700040313,17,3,25,1755,1,2,3,1.0,2.0,92040,M,,,92
201700040314,17,3,27,1315,1,2,1,1.0,6.0,92040,M,,,92
201700040315,17,3,30,2155,5,2,1,1.0,3.0,92040,M,,,92