Num_Acc,an,mois,jour,hrmn,lum,agg,int,atm,col,com,gps,lat,long,dep
201700040316,17,3,31,1554,1,2,1,1.0,3.0,92040,M,,,92
201700040317,17,4,4,1133,1,2,1,1.0,3.0,92040,M,,,92
201700040318,17,4,10,2345,5,2,1,1.0,6.0,92040,M,,,92
201700040319,17,4,8,1840,1,2,3,1.0,2.0,92040,M,,,92
201700040320,17,4,22,1815,1,2,1,1.0,2.0,92040,M,,,92
201700040321,17,5,3,845,1,2,1,2.0,2.0,92040,M,,,92
201700040322,17,5,3,1040,1,2,6,2.0,3.0,92040,M,,,92
201700040323,17,5,12,1815,1,2,1,1.0,3.0,92040,M,,,92
201700040324,17,5,12,1815,1,2,1,1.0,4.0,92040,M,,,92
201700040325,17,5,13,1553,1,2,1,1.0,7.0,92040,M,,,92
201700040326,17,5,23,2045,1,2,1,1.0,3.0,92040,M,,,92
201700040327,17,5,27,1625,1,2,2,1.0,3.0,92040,M,,,92
201700040328,17,6,8,945,1,2,9,1.0,6.0,92044,M,4889276.0,228547.0,92
201700040329,17,6,4,1510,1,2,1,1.0,3.0,92044,M,4889276.0,228547.0,92
201700040330,17,11,15,2100,5,2,3,1.0,3.0,92044,M,4889276.0,228547.0,92
201700040331,17,6,10,1240,1,2,1,1.0,4.0,92044,M,4889276.0,228547.0,92
201700040332,17,6,16,1620,1,2,2,1.0,6.0,92044,M,4889276.0,228547.0,92
201700040333,17,12,11,1245,1,2,1,3.0,6.0,92044,M,4889276.0,228547.0,92
201700040334,17,6,19,2330,5,2,1,1.0,7.0,92044,M,4889276.0,228547.0,92
201700040335,17,7,5,1938,1,2,1,1.0,6.0,92044,M,,,92
201700040336,17,6,22,1830,1,2,9,1.0,6.0,92044,M,4889276.0,228547.0,92
201700040337,17,12,22,915,2,2,2,2.0,6.0,92044,M,4889276.0,228547.0,92
201700040338,17,7,7,520,5,2,3,1.0,1.0,92044,M,,,92
201700040339,17,12,6,1520,1,2,3,1.0,6.0,92044,M,4889276.0,228547.0,92
201700040340,17,7,18,1520,1,2,1,1.0,7.0,92044,M,,,92
201700040341,17,7,1,1130,1,2,1,3.0,6.0,92044,M,,,92
201700040342,17,7,25,1100,1,2,1,1.0,3.0,92044,M,,,92
201700040343,17,12,13,1010,1,2,1,2.0,3.0,92044,M,4889276.0,228547.0,92
201700040344,17,7,26,1350,1,2,2,1.0,6.0,92044,M,,,92
201700040345,17,12,25,525,3,2,1,1.0,6.0,92044,M,4889276.0,228547.0,92
201700040346,17,7,28,2115,1,2,2,1.0,3.0,92044,M,,,92
201700040347,17,7,28,2115,1,2,3,1.0,3.0,92044,M,,,92
201700040348,17,8,24,1050,1,2,2,1.0,3.0,92044,M,4889276.0,228547.0,92
201700040349,17,9,12,920,1,2,1,2.0,3.0,92044,M,4889276.0,228547.0,92
201700040350,17,8,3,1950,1,2,3,1.0,3.0,92044,M,4889276.0,228547.0,92
201700040351,17,8,3,810,1,2,9,1.0,6.0,92044,M,4889276.0,228547.0,92
201700040352,17,8,31,1920,1,2,1,1.0,6.0,92044,M,4889276.0,228547.0,92
201700040353,17,10,2,1720,1,2,9,1.0,3.0,92044,M,4889276.0,228547.0,92
201700040354,17,10,9,839,1,2,2,1.0,3.0,92044,M,4889276.0,228547.0,92
201700040355,17,10,10,1310,1,2,2,1.0,6.0,92044,M,4889276.0,228547.0,92
201700040356,17,9,8,1700,1,2,1,3.0,4.0,92044,M,4889276.0,228547.0,92
201700040357,17,10,12,1230,1,2,2,1.0,6.0,92044,M,4889276.0,228547.0,92
201700040358,17,10,18,1805,2,2,3,1.0,6.0,92044,M,4889276.0,228547.0,92
201700040359,17,9,29,1100,1,2,1,1.0,3.0,92044,M,4889276.0,228547.0,92
201700040360,17,10,2,1750,1,1,1,1.0,6.0,92044,M,4889276.0,228547.0,92
201700040361,17,10,19,1940,5,2,1,1.0,6.0,92044,M,4889276.0,228547.0,92
201700040362,17,9,27,1100,1,2,1,1.0,7.0,92044,M,4889276.0,228547.0,92
201700040363,17,11,13,1035,1,2,1,7.0,6.0,92044,M,4889276.0,228547.0,92
201700040364,17,11,16,820,1,2,2,1.0,3.0,92044,M,4890047.0,228324.0,92
201700040365,17,11,17,1500,1,2,1,1.0,3.0,92044,M,4889276.0,228547.0,92
201700040366,17,11,21,1430,1,2,1,1.0,3.0,92044,M,4889276.0,228547.0,92
201700040367,17,10,14,1650,1,2,3,1.0,3.0,92044,M,4889276.0,228547.0,92
201700040368,17,11,24,1330,1,2,1,1.0,6.0,92044,M,4889276.0,228547.0,92
201700040369,17,10,3,1400,1,2,1,1.0,6.0,92044,M,4889276.0,228547.0,92
201700040370,17,10,23,1940,2,2,2,2.0,6.0,92044,M,4889276.0,228547.0,92
201700040371,17,10,31,2205,5,2,2,1.0,3.0,92044,M,4889276.0,228547.0,92
201700040372,17,10,2,805,1,2,1,1.0,6.0,92044,M,4889276.0,228547.0,92
201700040373,17,11,29,1620,1,2,4,8.0,6.0,92044,M,4889276.0,228547.0,92
201700040374,17,11,5,1248,1,2,1,1.0,2.0,92044,M,4889276.0,228547.0,92
201700040375,17,12,3,1950,5,2,1,2.0,2.0,92044,M,4889276.0,228547.0,92
201700040376,17,11,11,1730,2,2,1,1.0,6.0,92044,M,4889276.0,228547.0,92
201700040377,17,11,7,1210,1,2,3,1.0,3.0,92044,M,4889276.0,228547.0,92
201700040378,17,12,20,830,5,2,3,1.0,6.0,92044,M,4889276.0,228547.0,92
201700040379,17,12,29,1218,1,2,1,8.0,3.0,92044,M,4889276.0,228547.0,92
201700040380,17,1,8,1253,1,2,1,2.0,6.0,92044,M,,,92
201700040381,17,1,10,1255,1,2,2,1.0,6.0,92044,M,,,92
201700040382,17,1,12,1900,5,2,2,2.0,3.0,92044,M,,,92
201700040383,17,1,15,1505,1,2,1,1.0,3.0,92044,M,,,92
201700040384,17,1,21,1730,1,2,2,1.0,3.0,92044,M,,,92
201700040385,17,1,24,1330,1,2,9,1.0,3.0,92044,M,,,92
201700040386,17,2,2,1935,5,2,4,1.0,3.0,92044,M,,,92
201700040387,17,2,7,1335,1,2,2,2.0,6.0,92044,M,4889862.0,229223.0,92
201700040388,17,2,13,2045,5,2,2,1.0,6.0,92044,M,,,92
201700040389,17,2,15,310,5,2,1,1.0,7.0,92044,M,,,92
201700040390,17,2,16,100,5,2,2,1.0,3.0,92044,M,,,92
201700040391,17,2,13,1700,1,2,1,1.0,6.0,92044,M,,,92
201700040392,17,2,20,1800,1,2,1,1.0,6.0,92044,M,,,92
201700040393,17,2,21,1020,1,2,1,1.0,7.0,92044,M,,,92
201700040394,17,3,14,1000,1,2,1,1.0,6.0,92044,M,,,92
201700040395,17,3,14,1300,1,2,3,1.0,3.0,92044,M,,,92
201700040396,17,3,21,1125,1,2,2,1.0,3.0,92044,M,,,92
201700040397,17,3,26,2144,5,2,1,1.0,3.0,92044,M,,,92
201700040398,17,4,6,900,1,2,1,1.0,3.0,92044,M,,,92
201700040399,17,4,12,1630,1,2,2,1.0,2.0,92044,M,,,92
201700040400,17,4,15,1613,1,2,1,1.0,7.0,92044,M,,,92
201700040401,17,4,19,1830,1,2,1,1.0,7.0,92044,M,,,92
201700040402,17,4,28,2030,1,2,1,1.0,4.0,92044,M,,,92
201700040403,17,4,29,2050,1,2,2,1.0,6.0,92044,M,,,92
201700040404,17,4,30,1915,1,2,2,2.0,3.0,92044,M,,,92
201700040405,17,5,11,1955,1,2,9,2.0,7.0,92044,M,,,92
201700040406,17,5,15,1800,1,2,1,1.0,3.0,92044,M,,,92
201700040407,17,5,16,2015,1,2,1,1.0,6.0,92044,M,,,92
201700040408,17,5,16,2030,1,2,2,1.0,6.0,92044,M,,,92
201700040409,17,5,18,1120,1,2,1,1.0,6.0,92044,M,,,92
201700040410,17,5,21,1510,1,2,3,1.0,7.0,92044,M,,,92
201700040411,17,5,22,2100,1,2,1,1.0,3.0,92044,M,,,92
201700040412,17,5,24,1430,1,2,2,1.0,6.0,92044,M,,,92
201700040413,17,5,29,1330,1,2,1,1.0,3.0,92044,M,,,92
201700040414,17,6,14,1520,1,2,2,1.0,3.0,92048,M,,,92
201700040415,17,6,21,1957,1,2,1,1.0,3.0,92048,M,4878468.0,222861.0,92
201700040416,17,6,26,1830,1,2,1,1.0,6.0,92048,M,4881880.0,223811.0,92
201700040417,17,7,5,1945,1,2,1,1.0,5.0,92048,M,4880393.0,223444.0,92
201700040418,17,7,12,1850,1,2,1,1.0,7.0,92048,M,4881800.0,223400.0,92
201700040419,17,7,17,1256,1,2,1,1.0,3.0,92048,M,4878932.0,223182.0,92
201700040420,17,7,10,1145,1,1,1,2.0,6.0,92048,M,4879168.0,223209.0,92
201700040421,17,8,23,1045,1,2,1,1.0,7.0,92048,M,4881006.0,222770.0,92
201700040422,17,8,29,1210,1,2,3,1.0,3.0,92048,M,4882210.0,222626.0,92
201700040423,17,8,30,2237,5,2,1,2.0,7.0,92048,M,4879134.0,-223231.0,92
201700040424,17,9,10,2035,5,2,2,1.0,7.0,92048,M,4880900.0,223610.0,92
201700040425,17,9,18,1555,1,2,3,3.0,6.0,92048,M,4880760.0,224190.0,92
201700040426,17,9,18,1755,1,2,1,9.0,2.0,92048,M,4881887.0,223541.0,92
201700040427,17,10,13,1355,1,1,1,1.0,7.0,92048,M,4881000.0,222000.0,92
201700040428,17,10,23,900,2,2,1,2.0,3.0,92048,M,4880670.0,221990.0,92
201700040429,17,10,24,610,5,2,6,2.0,6.0,92048,M,4878640.0,222250.0,92
201700040430,17,10,24,1348,1,1,1,8.0,6.0,92048,M,4880339.0,223400.0,92
201700040431,17,11,27,5,5,2,1,1.0,6.0,92048,M,4878857.0,222697.0,92
201700040432,17,11,29,730,5,2,3,1.0,3.0,92048,M,,,92
201700040433,17,12,6,2005,5,2,3,1.0,3.0,92048,M,4878435.0,222507.0,92
201700040434,17,12,17,1308,1,2,1,1.0,7.0,92048,M,4881800.0,223400.0,92
201700040435,17,12,12,2025,5,2,1,1.0,6.0,92048,M,4881518.0,222157.0,92
201700040436,17,12,21,813,1,2,1,2.0,6.0,92048,M,4878749.0,222733.0,92
201700040437,17,1,5,915,1,2,3,1.0,6.0,92048,M,,,92
201700040438,17,1,2,1630,1,2,1,2.0,2.0,92048,M,,,92
201700040439,17,1,27,700,5,2,3,1.0,6.0,92048,M,,,92
201700040440,17,1,5,1745,5,2,3,1.0,6.0,92048,M,,,92
201700040441,17,1,9,1900,5,2,6,2.0,6.0,92048,M,,,92
201700040442,17,1,10,1110,1,1,1,2.0,6.0,92048,M,,,92
201700040443,17,1,10,905,1,2,2,2.0,6.0,92048,M,,,92
201700040444,17,1,11,815,1,2,2,2.0,6.0,92048,M,,,92
201700040445,17,1,25,1340,1,1,1,1.0,6.0,92048,M,,,92
201700040446,17,1,26,1855,5,2,2,1.0,6.0,92048,M,,,92
201700040447,17,1,27,555,2,2,2,1.0,3.0,92072,M,,,92
201700040448,17,1,31,1035,1,2,2,2.0,6.0,92048,M,,,92
201700040449,17,2,10,730,5,2,1,1.0,6.0,92048,M,,,92
201700040450,17,2,14,1410,1,2,2,1.0,2.0,92048,M,,,92
201700040451,17,2,15,2130,5,2,1,1.0,7.0,92048,M,,,92
201700040452,17,2,21,845,1,2,1,1.0,1.0,92048,M,,,92
201700040453,17,3,5,2255,5,2,1,1.0,3.0,92048,M,,,92
201700040454,17,3,12,1215,1,2,3,1.0,3.0,92048,M,,,92
201700040455,17,3,25,1820,1,2,1,1.0,1.0,92048,M,,,92
201700040456,17,4,19,1410,1,1,1,1.0,7.0,92048,M,,,92
201700040457,17,4,20,1900,1,2,1,1.0,2.0,92048,M,,,92
201700040458,17,4,21,1340,1,2,3,1.0,3.0,92048,M,,,92
201700040459,17,5,1,2207,5,2,6,1.0,6.0,92048,M,,,92
201700040460,17,5,9,1320,1,1,1,1.0,6.0,92048,M,,,92
201700040461,17,5,11,1200,1,2,1,1.0,4.0,92048,M,,,92
201700040462,17,5,29,1740,1,2,1,1.0,6.0,92048,M,,,92
201700040463,17,3,25,1850,1,2,1,1.0,6.0,92048,M,,,92
201700040464,17,1,2,1720,5,2,2,1.0,6.0,92049,M,,,92
201700040465,17,1,3,1735,5,2,3,1.0,5.0,92049,M,,,92
201700040466,17,1,6,830,1,2,3,1.0,5.0,92020,M,,,92
201700040467,17,1,6,1300,1,2,3,1.0,1.0,92049,M,,,92
201700040468,17,1,10,818,2,2,6,1.0,3.0,92049,M,,,92
201700040469,17,1,11,155,5,2,1,1.0,5.0,92049,M,,,92
201700040470,17,1,10,2230,5,2,2,2.0,6.0,92049,M,4881986.0,231095.0,92
201700040471,17,1,13,1900,5,2,1,1.0,3.0,92020,M,,,92
201700040472,17,1,16,740,2,2,1,1.0,1.0,92020,M,,,92
201700040473,17,1,16,922,1,2,1,1.0,3.0,92049,M,,,92
201700040474,17,1,17,1020,1,2,3,1.0,3.0,92020,M,,,92
201700040475,17,1,17,1825,1,2,1,8.0,6.0,92049,M,,,92
201700040476,17,1,18,930,1,1,1,1.0,3.0,92020,M,,,92
201700040477,17,1,19,810,2,2,1,1.0,6.0,92049,M,,,92
201700040478,17,1,23,2050,5,2,2,1.0,3.0,92020,M,,,92
201700040479,17,1,24,940,1,2,1,8.0,2.0,92020,M,,,92
201700040480,17,1,28,1950,5,2,3,1.0,1.0,92020,M,,,92
201700040481,17,2,1,810,1,2,1,1.0,7.0,92049,M,,,92
201700040482,17,2,7,815,1,2,1,2.0,6.0,92049,M,,,92
201700040483,17,2,7,1325,1,2,2,1.0,3.0,92049,M,,,92
201700040484,17,2,11,2105,5,2,3,1.0,3.0,92020,M,,,92
201700040485,17,2,18,1328,1,2,1,1.0,2.0,92020,M,,,92
201700040486,17,2,28,1100,1,2,3,3.0,6.0,92049,M,,,92
201700040487,17,2,28,1905,5,2,1,1.0,6.0,92049,M,,,92
201700040488,17,3,2,1132,1,2,1,1.0,6.0,92049,M,,,92
201700040489,17,3,3,1050,1,2,1,1.0,3.0,92049,M,,,92
201700040490,17,3,4,1320,1,2,3,2.0,7.0,92049,M,,,92
201700040491,17,3,8,830,1,2,3,1.0,1.0,92020,M,,,92
201700040492,17,3,8,2050,5,2,1,1.0,3.0,92049,M,,,92
201700040493,17,3,10,1430,1,2,1,1.0,2.0,92049,M,,,92
201700040494,17,3,11,1640,1,2,1,1.0,2.0,92049,M,,,92
201700040495,17,3,13,1340,1,2,2,1.0,3.0,92020,M,,,92
201700040496,17,3,13,1915,5,2,3,1.0,6.0,92049,M,,,92
201700040497,17,3,14,925,1,2,1,1.0,2.0,92049,M,,,92
201700040498,17,3,14,1145,1,2,1,1.0,6.0,92049,M,,,92
201700040499,17,3,22,1600,1,2,1,1.0,6.0,92020,M,,,92
201700040500,17,3,23,1527,1,2,3,1.0,3.0,92049,M,,,92
201700040501,17,3,28,845,1,2,2,1.0,2.0,92020,M,,,92
201700040502,17,4,3,810,1,2,1,1.0,6.0,92020,M,,,92
201700040503,17,4,4,1740,1,2,1,1.0,6.0,92049,M,,,92
201700040504,17,4,5,1609,1,2,2,1.0,6.0,92020,M,,,92
201700040505,17,4,5,900,1,2,1,1.0,2.0,92049,M,,,92
201700040506,17,3,9,2305,5,2,1,1.0,7.0,92020,M,,,92
201700040507,17,4,10,1019,1,2,1,1.0,6.0,92020,M,,,92
201700040508,17,4,11,915,1,2,1,1.0,7.0,92049,M,,,92
201700040509,17,4,13,2020,2,2,1,1.0,6.0,92020,M,,,92
201700040510,17,4,15,1830,1,2,1,1.0,5.0,92049,M,,,92
201700040511,17,4,20,1115,1,2,1,1.0,2.0,92049,M,,,92
201700040512,17,4,25,920,1,2,1,1.0,1.0,92049,M,,,92
201700040513,17,4,26,945,1,2,3,1.0,5.0,92049,M,,,92
201700040514,17,4,28,2030,2,2,2,1.0,6.0,92020,M,,,92
201700040515,17,5,2,825,1,2,3,1.0,3.0,92049,M,,,92
201700040516,17,5,3,625,1,2,3,1.0,3.0,92020,M,,,92
201700040517,17,5,4,600,2,2,1,1.0,2.0,92020,M,,,92
201700040518,17,5,4,1845,1,2,2,1.0,6.0,92049,M,,,92
201700040519,17,5,5,420,5,2,1,1.0,6.0,92020,M,4880846.0,229617.0,92
201700040520,17,5,5,1945,1,2,1,1.0,6.0,92020,M,,,92
201700040521,17,5,8,1825,1,2,3,1.0,3.0,92020,M,,,92
201700040522,17,5,16,1215,1,2,2,1.0,6.0,92049,M,,,92
201700040523,17,5,18,1340,1,2,1,1.0,6.0,92020,M,,,92
201700040524,17,5,19,1845,1,2,1,1.0,3.0,92020,M,,,92
201700040525,17,5,20,1212,1,2,3,1.0,6.0,92049,M,,,92
201700040526,17,5,22,1440,1,2,1,1.0,3.0,92049,M,,,92
201700040527,17,5,23,1935,1,2,3,1.0,3.0,92049,M,,,92
201700040528,17,5,26,1015,1,2,2,1.0,2.0,92020,M,,,92
201700040529,17,6,8,1100,1,2,2,1.0,3.0,92049,M,4881111.0,230274.0,92
201700040530,17,6,9,2030,1,2,2,1.0,6.0,92049,M,4881309.0,230601.0,92
201700040531,17,6,11,2325,5,2,2,1.0,6.0,92020,M,4880621.0,229213.0,92
201700040532,17,6,18,1400,1,2,1,1.0,6.0,92020,M,4880774.0,229494.0,92
201700040533,17,6,19,2245,5,2,1,1.0,6.0,92049,M,4881453.0,231725.0,92
201700040534,17,6,20,1330,1,2,1,1.0,6.0,92049,M,4882054.0,231183.0,92
201700040535,17,6,22,1845,1,2,1,1.0,7.0,92020,M,4880840.0,229600.0,92
201700040536,17,6,22,1845,1,2,1,1.0,7.0,92020,M,4880840.0,229600.0,92
201700040537,17,6,28,955,1,2,1,1.0,3.0,92049,M,4881105.0,232676.0,92
201700040538,17,6,29,1900,1,2,2,1.0,3.0,92020,M,4880181.0,228376.0,92
201700040539,17,7,5,1230,1,2,2,1.0,3.0,92049,M,4882018.0,231113.0,92
201700040540,17,7,5,2010,1,2,3,1.0,3.0,92049,M,4881111.0,230274.0,92
201700040541,17,7,6,2320,5,2,1,1.0,6.0,92049,M,4881835.0,231968.0,92
201700040542,17,7,8,1900,1,2,1,1.0,1.0,92020,M,4880925.0,229741.0,92
201700040543,17,7,13,605,1,2,1,1.0,6.0,92049,M,4880980.0,232234.0,92
201700040544,17,7,13,635,1,2,1,1.0,2.0,92049,M,4881410.0,232617.0,92
201700040545,17,7,14,1430,1,2,2,1.0,2.0,92049,M,4881841.0,231961.0,92
201700040546,17,7,14,1545,1,2,2,1.0,3.0,92049,M,4881970.0,231294.0,92
201700040547,17,7,19,1400,1,2,2,1.0,4.0,92049,M,4881806.0,230842.0,92
201700040548,17,7,18,2300,5,2,2,1.0,6.0,92049,M,4881911.0,232372.0,92
201700040549,17,7,20,1500,1,2,1,1.0,6.0,92020,M,4880620.0,229208.0,92
201700040550,17,7,18,1120,1,2,1,1.0,3.0,92020,M,4880910.0,229840.0,92
201700040551,17,7,23,2000,1,2,1,1.0,3.0,92020,M,4880844.0,229630.0,92
201700040552,17,7,28,1955,1,2,1,1.0,6.0,92049,M,4881344.0,232506.0,92
201700040553,17,8,1,914,1,2,1,1.0,6.0,92049,M,4882165.0,231343.0,92
201700040554,17,8,5,1840,1,2,2,1.0,3.0,92049,M,4881448.0,232049.0,92
201700040555,17,8,8,2115,2,2,1,1.0,6.0,92049,M,4881516.0,230431.0,92
201700040556,17,8,9,1615,1,2,1,3.0,2.0,92049,M,4881904.0,230977.0,92
201700040557,17,8,17,1315,1,2,1,1.0,2.0,92020,M,4879670.0,227700.0,92
201700040558,17,8,28,1200,1,2,1,1.0,2.0,92049,M,4881947.0,23103.0,92
201700040559,17,8,28,1720,1,2,3,1.0,3.0,92049,M,4880982.0,232224.0,92
201700040560,17,8,29,1330,1,2,1,1.0,2.0,92049,M,4881379.0,230320.0,92
201700040561,17,8,31,2030,2,2,3,1.0,6.0,92049,M,4881901.0,232317.0,92
201700040562,17,9,6,750,1,2,1,1.0,3.0,92020,M,4879617.0,227798.0,92
201700040563,17,9,10,1445,1,2,1,1.0,6.0,92020,M,4880108.0,227858.0,92
201700040564,17,9,10,2130,5,2,1,1.0,6.0,92049,M,4881903.0,232296.0,92
201700040565,17,9,14,820,1,2,2,1.0,1.0,92049,M,4881751.0,232555.0,92
201700040566,17,9,13,1930,2,2,2,8.0,3.0,92049,M,4881754.0,232556.0,92
201700040567,17,9,15,845,1,2,1,1.0,6.0,92049,M,4881466.0,231732.0,92
201700040568,17,9,16,1140,1,2,1,2.0,2.0,92049,M,4881257.0,230383.0,92
201700040569,17,9,18,810,1,2,2,2.0,6.0,92020,M,4880356.0,228452.0,92
201700040570,17,9,20,1900,1,2,3,1.0,3.0,92049,M,4881192.0,230079.0,92
201700040571,17,9,21,2325,5,2,2,1.0,1.0,92020,M,4880407.0,228859.0,92
201700040572,17,9,21,735,1,2,1,1.0,3.0,92020,M,,,92
201700040573,17,9,28,2220,5,2,1,1.0,7.0,92049,M,4880100.0,232380.0,92
201700040574,17,10,5,1345,1,2,1,1.0,6.0,92020,M,4880404.0,229787.0,92
201700040575,17,10,5,1345,1,2,2,1.0,6.0,92049,M,4881756.0,232551.0,92
201700040576,17,10,6,1925,5,2,1,1.0,3.0,92049,M,4881359.0,230229.0,92
201700040577,17,10,13,440,5,2,1,1.0,7.0,92049,M,4881536.0,232049.0,92
201700040578,17,10,13,1235,1,2,3,1.0,3.0,92049,M,4881722.0,232895.0,92
201700040579,17,10,14,1155,1,2,1,1.0,3.0,92020,M,4881010.0,218229.0,92
201700040580,17,10,18,1340,1,2,1,1.0,6.0,92049,M,4881271.0,231613.0,92
201700040581,17,10,18,1435,1,2,2,1.0,3.0,92020,M,4880401.0,228849.0,92
201700040582,17,10,22,1740,1,2,1,1.0,6.0,92020,M,4880549.0,228334.0,92
201700040583,17,10,24,1955,5,2,1,1.0,2.0,92020,M,4879777.0,228671.0,92
201700040584,17,10,26,1535,1,2,2,1.0,3.0,92020,M,4880693.0,229816.0,92
201700040585,17,10,30,645,5,2,3,1.0,3.0,92049,M,4881355.0,230683.0,92
201700040586,17,11,7,1015,1,2,1,1.0,6.0,92049,M,4881896.0,231987.0,92
201700040587,17,11,7,2115,5,2,1,1.0,5.0,92020,M,4500000.0,150000.0,92
201700040588,17,11,9,1925,2,2,1,1.0,3.0,92049,M,4881782.0,232575.0,92
201700040589,17,11,9,2000,2,2,1,1.0,3.0,92049,M,4881622.0,232544.0,92
201700040590,17,11,10,1310,1,2,1,1.0,3.0,92049,M,4881156.0,232706.0,92
201700040591,17,11,11,1200,1,2,1,2.0,2.0,92020,M,4880752.0,229660.0,92
201700040592,17,11,11,1555,1,2,6,3.0,6.0,92049,M,4881513.0,231857.0,92
201700040593,17,11,17,850,1,2,1,1.0,3.0,92020,M,4880798.0,229938.0,92
201700040594,17,11,19,1230,1,2,1,1.0,6.0,92020,M,4880838.0,229599.0,92
201700040595,17,11,21,900,1,2,2,1.0,3.0,92020,M,4880246.0,228621.0,92
201700040596,17,11,22,908,1,2,1,1.0,2.0,92020,M,4880574.0,228335.0,92
201700040597,17,11,23,1830,5,2,1,1.0,6.0,92049,M,4881310.0,232619.0,92
201700040598,17,11,27,1725,5,2,6,2.0,6.0,92049,M,4881607.0,231178.0,92
201700040599,17,11,27,1845,5,2,4,2.0,3.0,92049,M,4881799.0,230847.0,92
201700040600,17,11,29,1530,1,2,3,1.0,3.0,92020,M,4880497.0,228768.0,92
201700040601,17,12,1,920,1,2,1,1.0,7.0,92020,M,4879962.0,229042.0,92
201700040602,17,12,3,150,5,2,1,1.0,1.0,92020,M,4879722.0,227762.0,92
201700040603,17,12,7,1621,1,2,9,2.0,3.0,92020,M,4881121.0,231601.0,92
201700040604,17,12,15,845,1,2,1,1.0,3.0,92020,M,4880312.0,228707.0,92
201700040605,17,12,15,1905,5,2,1,2.0,7.0,92049,M,4881447.0,230360.0,92
201700040606,17,12,18,1135,1,2,1,1.0,6.0,92020,M,4880193.0,228758.0,92
201700040607,17,12,20,132,5,2,1,1.0,6.0,92049,M,4882231.0,231718.0,92
201700040608,17,12,20,1702,5,2,2,1.0,3.0,92049,M,4881758.0,230787.0,92
201700040609,17,12,22,1630,5,2,1,2.0,3.0,92020,M,4879791.0,228252.0,92
201700040610,17,12,29,1240,1,2,2,8.0,3.0,92020,M,4880299.0,229257.0,92
201700040611,17,1,4,2030,5,2,1,1.0,6.0,92050,M,,,92
201700040612,17,1,6,1230,1,2,2,1.0,6.0,92050,M,,,92
201700040613,17,1,10,1750,5,2,5,2.0,6.0,92050,M,,,92
201700040614,17,1,11,430,5,2,1,2.0,6.0,92050,M,,,92
201700040615,17,1,13,10,5,2,1,8.0,7.0,92050,M,,,92
201700040616,17,1,12,1523,1,2,1,2.0,2.0,92050,M,,,92
201700040617,17,1,12,1600,1,2,1,2.0,6.0,92050,M,,,92
201700040618,17,1,12,1940,5,2,1,6.0,6.0,92050,M,,,92
201700040619,17,1,15,2125,5,2,1,2.0,2.0,92050,M,,,92
201700040620,17,1,13,1835,5,2,1,2.0,2.0,92050,M,,,92
201700040621,17,1,20,1830,5,2,1,1.0,6.0,92050,M,,,92
201700040622,17,1,20,2020,5,2,1,1.0,6.0,92050,M,,,92
201700040623,17,1,29,1850,5,2,1,1.0,3.0,92050,M,,,92
201700040624,17,1,29,2230,5,2,3,2.0,3.0,92050,M,,,92
201700040625,17,2,1,1840,5,2,3,1.0,6.0,92050,M,,,92
201700040626,17,2,1,2005,5,2,1,1.0,6.0,92050,M,,,92
201700040627,17,2,2,1350,1,2,1,1.0,3.0,92050,M,,,92
201700040628,17,2,3,1810,5,2,1,2.0,3.0,92050,M,,,92
201700040629,17,2,3,1900,5,2,1,2.0,2.0,92050,M,,,92
201700040630,17,2,6,2140,5,2,2,1.0,1.0,92050,M,,,92
201700040631,17,2,15,1835,1,2,1,1.0,5.0,92050,M,,,92
201700040632,17,2,14,1320,1,2,1,1.0,2.0,92050,M,,,92
201700040633,17,2,14,1521,1,2,3,1.0,3.0,92050,M,,,92
201700040634,17,2,22,1230,1,2,3,1.0,7.0,92050,M,,,92
201700040635,17,2,13,1835,3,2,1,1.0,1.0,92050,M,,,92
201700040636,17,2,26,1055,1,2,1,1.0,3.0,92050,M,,,92
201700040637,17,3,8,930,1,2,1,1.0,1.0,92050,M,,,92
201700040638,17,3,13,1730,1,2,2,1.0,3.0,92050,M,,,92
201700040639,17,3,14,1210,1,2,1,1.0,6.0,92050,M,,,92
201700040640,17,3,21,1845,5,2,1,1.0,2.0,92050,M,,,92
201700040641,17,3,10,835,1,2,1,1.0,2.0,92050,M,,,92
201700040642,17,3,16,845,1,2,1,1.0,7.0,92050,M,,,92
201700040643,17,3,24,1435,1,2,6,1.0,3.0,92050,M,,,92
201700040644,17,3,30,1015,1,2,1,1.0,2.0,92050,M,,,92
201700040645,17,4,7,1330,1,2,1,1.0,6.0,92050,M,,,92
201700040646,17,4,7,900,1,2,1,1.0,2.0,92050,M,,,92
201700040647,17,4,16,1140,1,2,1,1.0,6.0,92050,M,,,92
201700040648,17,4,22,1800,1,2,1,1.0,7.0,92050,M,,,92
201700040649,17,4,28,1115,1,2,1,1.0,2.0,92050,M,,,92
201700040650,17,5,3,1700,1,2,1,1.0,6.0,92050,M,,,92
201700040651,17,5,4,2155,5,2,1,1.0,1.0,92050,M,,,92
201700040652,17,5,8,1450,1,2,1,1.0,7.0,92050,M,,,92
201700040653,17,5,11,2130,5,2,2,2.0,6.0,92050,M,,,92
201700040654,17,5,13,140,5,2,1,1.0,1.0,92050,M,,,92
201700040655,17,5,5,2025,1,2,1,1.0,7.0,92050,M,,,92
201700040656,17,5,17,1130,1,2,1,1.0,3.0,92050,M,,,92
201700040657,17,5,17,1115,1,2,1,1.0,7.0,92050,M,,,92
201700040658,17,5,17,1920,1,2,1,1.0,6.0,92050,M,,,92
201700040659,17,5,22,15,1,2,2,1.0,6.0,92050,M,,,92
201700040660,17,5,23,1240,1,2,1,1.0,1.0,92050,M,,,92
201700040661,17,5,24,1620,1,2,1,1.0,6.0,92050,M,,,92
201700040662,17,5,29,1610,1,2,2,7.0,3.0,92050,M,,,92
201700040663,17,5,31,930,1,2,1,7.0,6.0,92050,M,,,92
201700040664,17,5,22,850,1,2,1,7.0,7.0,92050,M,,,92
201700040665,17,6,7,1925,1,2,2,1.0,3.0,92050,M,4889667.0,222378.0,92
201700040666,17,6,2,2015,1,2,1,1.0,6.0,92050,M,4888550.0,220214.0,92