Num_Acc,an,mois,jour,hrmn,lum,agg,int,atm,col,com,gps,lat,long,dep
201700040667,17,6,8,905,1,2,1,1.0,6.0,92050,M,4888588.0,219735.0,92
201700040668,17,6,2,1124,1,2,1,1.0,6.0,92050,M,4889220.0,219343.0,92
201700040669,17,6,8,700,1,2,1,1.0,3.0,92050,M,4889641.0,221787.0,92
201700040670,17,6,10,1940,1,2,9,7.0,6.0,92050,M,4888716.0,221431.0,92
201700040671,17,6,13,725,1,2,9,1.0,7.0,92050,M,4891907.0,222243.0,92
201700040672,17,6,10,810,1,2,1,1.0,6.0,92050,M,4889263.0,217541.0,92
201700040673,17,6,13,1520,1,2,9,1.0,3.0,92050,M,4888821.0,219327.0,92
201700040674,17,6,18,1315,1,2,1,7.0,2.0,92050,M,4888527.0,222366.0,92
201700040675,17,6,16,1215,1,2,3,1.0,3.0,92050,M,4889935.0,219068.0,92
201700040676,17,6,19,1625,1,2,1,1.0,3.0,92050,M,4888526.0,222363.0,92
201700040677,17,6,22,1855,1,1,1,7.0,1.0,92050,M,4890724.0,221623.0,92
201700040678,17,6,25,1915,1,2,1,1.0,6.0,92050,M,4889141.0,219227.0,92
201700040679,17,6,28,1915,1,2,2,2.0,3.0,92050,M,4887758.0,220421.0,92
201700040680,17,6,29,1900,1,2,1,1.0,7.0,92050,M,4888523.0,222363.0,92
201700040681,17,7,2,2310,5,2,1,1.0,3.0,92050,M,4888587.0,219731.0,92
201700040682,17,7,3,1705,1,2,1,1.0,6.0,92050,M,4888840.0,222611.0,92
201700040683,17,6,28,900,1,2,1,1.0,2.0,92050,M,4890427.0,220659.0,92
201700040684,17,7,5,1900,1,2,1,1.0,3.0,92050,M,4888543.0,220222.0,92
201700040685,17,7,7,1035,1,2,3,1.0,6.0,92050,M,4889343.0,219720.0,92
201700040686,17,7,7,1525,1,2,2,1.0,6.0,92050,M,4889594.0,219459.0,92
201700040687,17,7,8,940,1,2,1,1.0,3.0,92050,M,4888522.0,222363.0,92
201700040688,17,7,11,20,5,2,3,1.0,6.0,92050,M,4889717.0,222417.0,92
201700040689,17,7,11,1545,1,2,1,1.0,3.0,92050,M,,,92
201700040690,17,7,12,1810,1,2,1,1.0,3.0,92050,M,4889579.0,218391.0,92
201700040691,17,7,18,1640,1,2,1,1.0,2.0,92050,M,4890430.0,220657.0,92
201700040692,17,7,20,700,2,2,6,1.0,6.0,92050,M,4889832.0,220556.0,92
201700040693,17,7,22,225,5,2,1,1.0,7.0,92050,M,4888838.0,222609.0,92
201700040694,17,7,25,1305,1,2,2,1.0,3.0,92050,M,4889978.0,221391.0,92
201700040695,17,7,31,1210,1,2,1,1.0,3.0,92050,M,4890943.0,222364.0,92
201700040696,17,8,6,1400,1,2,3,1.0,3.0,92050,M,4888527.0,222365.0,92
201700040697,17,8,20,1820,1,2,3,1.0,3.0,92050,M,4888522.0,222358.0,92
201700040698,17,8,25,1528,1,2,1,9.0,2.0,92050,M,4888549.0,220218.0,92
201700040699,17,8,25,1605,1,2,1,1.0,6.0,92050,M,4888840.0,222609.0,92
201700040700,17,8,29,1030,1,2,1,1.0,6.0,92050,M,4889440.0,222443.0,92
201700040701,17,8,31,815,1,2,1,1.0,6.0,92050,M,4888586.0,223566.0,92
201700040702,17,9,1,1715,1,2,1,2.0,2.0,92050,M,4889250.0,220985.0,92
201700040703,17,9,2,1620,1,2,1,1.0,6.0,92050,M,4890670.0,221179.0,92
201700040704,17,9,4,1745,1,2,6,1.0,3.0,92050,M,4889638.0,217693.0,92
201700040705,17,9,8,1725,1,2,1,2.0,6.0,92050,M,4888526.0,222365.0,92
201700040706,17,9,8,1915,1,2,1,3.0,1.0,92050,M,4888652.0,220675.0,92
201700040707,17,9,11,1650,1,2,1,1.0,3.0,92050,M,4888526.0,222365.0,92
201700040708,17,9,12,945,1,2,1,1.0,3.0,92050,M,4890373.0,221898.0,92
201700040709,17,9,14,1710,1,2,1,8.0,6.0,92050,M,4888837.0,222613.0,92
201700040710,17,9,16,1215,1,2,1,1.0,6.0,92050,M,4888837.0,220265.0,92
201700040711,17,9,16,1715,1,2,1,1.0,6.0,92050,M,4889291.0,220445.0,92
201700040712,17,9,16,1915,2,2,9,1.0,2.0,92050,M,4889258.0,218507.0,92
201700040713,17,9,16,2120,5,2,1,1.0,2.0,92050,M,4888522.0,222362.0,92
201700040714,17,9,17,1427,1,2,3,1.0,3.0,92050,M,4888527.0,222363.0,92
201700040715,17,9,18,933,1,2,1,1.0,6.0,92050,M,4889264.0,217543.0,92
201700040716,17,9,18,1830,2,2,1,2.0,5.0,92050,M,4888582.0,221762.0,92
201700040717,17,9,25,1720,1,2,1,1.0,6.0,92050,M,4889956.0,219504.0,92
201700040718,17,9,25,1830,1,2,9,1.0,6.0,92050,M,4889455.0,219349.0,92
201700040719,17,9,25,2330,5,2,1,1.0,6.0,92050,M,4889650.0,220024.0,92
201700040720,17,9,29,830,1,2,1,1.0,3.0,92050,M,4890721.0,221624.0,92
201700040721,17,10,2,1740,1,2,1,1.0,2.0,92050,M,,,92
201700040722,17,10,4,715,2,2,1,1.0,3.0,92050,M,,,92
201700040723,17,10,2,1450,1,2,1,1.0,3.0,92050,M,,,92
201700040724,17,10,4,2205,5,2,1,1.0,2.0,92050,M,,,92
201700040725,17,10,10,910,1,2,3,1.0,3.0,92050,M,4800000.0,300000.0,92
201700040726,17,10,13,1305,1,2,1,7.0,6.0,92050,M,,,92
201700040727,17,10,11,950,1,2,1,1.0,3.0,92050,M,,,92
201700040728,17,10,17,720,2,2,3,1.0,6.0,92050,M,,,92
201700040729,17,10,19,1840,1,2,2,1.0,7.0,92050,M,4800000.0,700000.0,92
201700040730,17,10,20,5,5,2,1,1.0,3.0,92050,M,,,92
201700040731,17,10,20,300,5,2,1,3.0,6.0,92050,M,4800000.0,233000.0,92
201700040732,17,10,26,1400,1,2,1,1.0,3.0,92050,M,,,92
201700040733,17,10,27,1700,1,2,1,1.0,6.0,92050,M,4889351.0,220626.0,92
201700040734,17,10,18,930,1,2,1,1.0,4.0,92050,M,,,92
201700040735,17,10,28,1025,1,2,3,1.0,3.0,92050,M,,,92
201700040736,17,10,30,1652,2,2,1,1.0,6.0,92050,M,4200000.0,800000.0,92
201700040737,17,10,31,923,1,2,1,1.0,2.0,92050,M,,,92
201700040738,17,11,1,1930,5,2,3,1.0,6.0,92050,M,4889000.0,221000.0,92
201700040739,17,11,8,2040,5,2,1,1.0,3.0,92050,M,4890000.0,220000.0,92
201700040740,17,11,11,1700,5,2,1,2.0,3.0,92050,M,4889494.0,219213.0,92
201700040741,17,11,12,2050,5,2,1,1.0,6.0,92050,M,,,92
201700040742,17,11,14,1515,1,2,1,7.0,3.0,92050,M,,,92
201700040743,17,11,15,1600,2,1,1,1.0,6.0,92050,M,,,92
201700040744,17,11,20,940,1,2,1,1.0,6.0,92050,M,4891221.0,221618.0,92
201700040745,17,11,22,1240,1,2,3,1.0,6.0,92050,M,4820000.0,233000.0,92
201700040746,17,11,24,1220,1,2,1,1.0,4.0,92050,M,4891188.0,221674.0,92
201700040747,17,11,25,300,5,2,2,1.0,3.0,92050,M,4889234.0,218685.0,92
201700040748,17,11,25,1130,1,2,4,2.0,3.0,92050,M,4889420.0,218744.0,92
201700040749,17,11,26,1245,1,2,1,1.0,2.0,92050,M,4890751.0,221195.0,92
201700040750,17,11,26,2050,5,2,1,1.0,6.0,92050,M,4891235.0,222375.0,92
201700040751,17,11,28,2000,5,2,1,8.0,6.0,92050,M,4888552.0,221951.0,92
201700040752,17,11,29,1945,5,2,4,2.0,6.0,92050,M,4888605.0,221363.0,92
201700040753,17,12,3,2105,5,2,1,2.0,1.0,92050,M,4888580.0,221060.0,92
201700040754,17,12,4,1630,2,2,1,1.0,2.0,92050,M,,,92
201700040755,17,12,5,830,1,2,2,1.0,6.0,92050,M,4888397.0,221509.0,92
201700040756,17,12,5,1930,5,2,1,8.0,7.0,92050,M,4889900.0,222700.0,92
201700040757,17,12,6,840,1,2,1,8.0,6.0,92050,M,4888253.0,220441.0,92
201700040758,17,12,7,1820,5,2,3,2.0,6.0,92050,M,4889481.0,222730.0,92
201700040759,17,12,7,1240,1,2,1,1.0,6.0,92050,M,4888051.0,222006.0,92
201700040760,17,12,8,915,1,2,1,2.0,2.0,92050,M,4889239.0,218663.0,92
201700040761,17,12,9,1400,1,2,1,1.0,6.0,92050,M,4888557.0,219621.0,92
201700040762,17,12,11,625,5,2,1,3.0,3.0,92050,M,,,92
201700040763,17,12,10,1130,1,2,1,1.0,6.0,92050,M,4889000.0,220000.0,92
201700040764,17,12,20,1520,1,2,3,8.0,6.0,92050,M,4888797.0,219593.0,92
201700040765,17,12,20,1630,1,2,1,8.0,6.0,92050,M,4891185.0,222298.0,92
201700040766,17,12,22,1400,1,2,2,2.0,3.0,92050,M,4888978.0,219700.0,92
201700040767,17,12,28,620,5,2,1,1.0,6.0,92050,M,4889104.0,217883.0,92
201700040768,17,12,29,600,5,2,1,1.0,6.0,92050,M,4887924.0,220895.0,92
201700040769,17,12,29,1645,2,2,1,1.0,4.0,92050,M,4888200.0,222200.0,92
201700040770,17,6,3,2100,1,2,1,2.0,6.0,92051,M,,,92
201700040771,17,6,4,310,5,2,2,1.0,3.0,92051,M,4887533.0,225002.0,92
201700040772,17,6,8,1820,1,2,2,1.0,3.0,92051,M,,,92
201700040773,17,10,30,843,1,2,1,1.0,3.0,92051,M,4887825.0,227622.0,92
201700040774,17,6,18,1220,1,2,1,1.0,3.0,92051,M,,,92
201700040775,17,6,10,1450,1,2,1,1.0,6.0,92051,M,,,92
201700040776,17,6,10,1830,1,2,1,1.0,3.0,92051,M,,,92
201700040777,17,6,12,1230,1,2,1,1.0,2.0,92051,M,,,92
201700040778,17,6,13,1630,1,2,1,1.0,3.0,92051,M,,,92
201700040779,17,6,20,1550,1,2,1,1.0,6.0,92051,M,,,92
201700040780,17,6,28,845,1,2,2,1.0,3.0,92051,M,,,92
201700040781,17,6,29,215,5,2,1,1.0,2.0,92051,M,,,92
201700040782,17,7,5,920,1,2,1,1.0,4.0,92051,M,4889211.0,226836.0,92
201700040783,17,7,6,2000,1,2,2,1.0,3.0,92051,M,4887917.0,227482.0,92
201700040784,17,7,11,1945,1,2,1,1.0,3.0,92051,M,4889392.0,226722.0,92
201700040785,17,7,12,1005,1,2,2,8.0,6.0,92051,M,4888506.0,227849.0,92
201700040786,17,7,17,2349,5,2,3,1.0,3.0,92051,M,4889108.0,227879.0,92
201700040787,17,8,7,935,1,2,1,1.0,2.0,92051,M,4888189.0,226872.0,92
201700040788,17,8,9,815,1,2,1,1.0,3.0,92051,M,4888189.0,226872.0,92
201700040789,17,9,6,2035,5,2,1,1.0,2.0,92051,M,,,92
201700040790,17,9,8,1630,1,2,2,3.0,2.0,92051,M,,,92
201700040791,17,9,24,1950,1,2,1,1.0,3.0,92051,M,4887982.0,227884.0,92
201700040792,17,5,24,750,1,2,9,1.0,3.0,92051,M,,,92
201700040793,17,9,27,930,1,2,3,1.0,3.0,92051,M,,,92
201700040794,17,9,27,2035,5,2,1,1.0,2.0,92051,M,4888186.0,226873.0,92
201700040795,17,10,2,2145,5,2,7,2.0,6.0,92051,M,4888189.0,226872.0,92
201700040796,17,10,3,541,5,2,1,2.0,2.0,92051,M,4888185.0,226873.0,92
201700040797,17,10,6,1725,1,2,1,1.0,6.0,92051,M,4888189.0,226872.0,92
201700040798,17,8,7,935,1,2,1,1.0,2.0,92051,M,4888189.0,226872.0,92
201700040799,17,10,20,1645,1,2,1,1.0,3.0,92051,M,4887747.0,225348.0,92
201700040800,17,10,25,1300,1,2,2,1.0,3.0,92051,M,4887982.0,227884.0,92
201700040801,17,11,8,850,1,2,1,1.0,3.0,92051,M,4888000.0,226130.0,92
201700040802,17,11,12,1445,1,2,1,2.0,6.0,92051,M,4888674.0,226040.0,92
201700040803,17,11,20,1740,5,2,1,1.0,3.0,92051,M,4888656.0,227914.0,92
201700040804,17,12,3,2120,5,2,7,2.0,6.0,92051,M,4888393.0,227276.0,92
201700040805,17,12,8,935,1,2,1,2.0,2.0,92051,M,4888304.0,225363.0,92
201700040806,17,12,11,913,1,2,1,8.0,6.0,92051,M,4888747.0,229218.0,92
201700040807,17,12,19,1915,5,2,1,1.0,5.0,92051,M,4888440.0,22865.0,92
201700040808,17,12,21,935,1,2,1,2.0,2.0,92051,M,4887609.0,224666.0,92
201700040809,17,12,23,250,5,2,1,2.0,3.0,92051,M,4887890.0,227952.0,92
201700040810,17,12,26,915,1,1,8,1.0,6.0,92051,M,4888267.0,226760.0,92
201700040811,17,12,29,2220,5,2,1,9.0,2.0,92051,M,4888536.0,225749.0,92
201700040812,17,12,31,1925,5,2,1,2.0,6.0,92051,M,4888189.0,226872.0,92
201700040813,17,1,4,1310,1,2,1,1.0,6.0,92051,M,,,92
201700040814,17,1,12,1700,2,2,1,3.0,6.0,92051,M,,,92
201700040815,17,1,4,1920,5,2,1,1.0,3.0,92051,M,,,92
201700040816,17,1,26,1010,1,2,2,1.0,6.0,92051,M,4888127.0,227232.0,92
201700040817,17,1,13,1000,1,2,1,1.0,6.0,92051,M,,,92
201700040818,17,1,6,1500,1,2,1,1.0,6.0,92051,M,,,92
201700040819,17,1,19,1415,1,2,1,1.0,3.0,92051,M,,,92
201700040820,17,2,4,940,1,2,1,2.0,2.0,92051,M,,,92
201700040821,17,2,8,1240,1,2,1,1.0,3.0,92051,M,,,92
201700040822,17,1,24,2030,5,2,1,1.0,2.0,92051,M,,,92
201700040823,17,1,27,1720,2,2,1,1.0,3.0,92051,M,,,92
201700040824,17,2,6,1830,5,2,1,1.0,7.0,92051,M,,,92
201700040825,17,2,10,1200,1,1,1,8.0,3.0,92051,M,,,92
201700040826,17,2,17,2320,5,2,1,1.0,2.0,92051,M,,,92
201700040827,17,2,22,805,1,2,1,1.0,2.0,92051,M,,,92
201700040828,17,2,22,1605,1,2,2,1.0,3.0,92051,M,,,92
201700040829,17,2,26,1245,1,2,2,1.0,3.0,92051,M,,,92
201700040830,17,3,6,2030,5,2,1,2.0,6.0,92051,M,,,92
201700040831,17,3,14,915,1,2,1,1.0,6.0,92051,M,,,92
201700040832,17,3,16,1150,1,2,2,1.0,6.0,92051,M,,,92
201700040833,17,3,23,1035,1,2,1,2.0,6.0,92051,M,,,92
201700040834,17,3,30,2135,5,2,1,1.0,6.0,92051,M,,,92
201700040835,17,4,7,800,1,2,1,1.0,3.0,92051,M,,,92
201700040836,17,4,8,655,5,2,1,1.0,6.0,92051,M,,,92
201700040837,17,4,8,215,5,2,1,1.0,2.0,92051,M,,,92
201700040838,17,4,8,400,5,2,1,1.0,6.0,92051,M,,,92
201700040839,17,4,10,1030,1,2,6,1.0,4.0,92051,M,,,92
201700040840,17,4,18,1428,1,2,1,1.0,3.0,92051,M,,,92
201700040841,17,4,18,2235,5,2,1,1.0,2.0,92051,M,,,92
201700040842,17,4,20,950,1,2,2,1.0,3.0,92051,M,,,92
201700040843,17,4,30,1015,1,2,9,1.0,3.0,92051,M,,,92
201700040844,17,5,5,1930,1,2,1,1.0,3.0,92051,M,,,92
201700040845,17,5,19,2310,5,2,1,8.0,3.0,92051,M,,,92
201700040846,17,5,23,1540,1,2,1,1.0,6.0,92051,M,,,92
201700040847,17,6,6,800,1,1,1,1.0,3.0,92062,M,4887770.0,224200.0,92
201700040848,17,6,7,1210,1,2,1,1.0,6.0,92062,M,4888446.0,223813.0,92
201700040849,17,6,17,1020,1,2,1,1.0,6.0,92062,M,4887980.0,223970.0,92
201700040850,17,6,27,1045,1,2,1,1.0,6.0,92062,M,4888234.0,223976.0,92
201700040851,17,6,27,1800,1,1,1,1.0,6.0,92062,M,4887593.0,223652.0,92
201700040852,17,6,29,1015,1,2,3,9.0,2.0,92062,M,4888487.0,225027.0,92
201700040853,17,1,2,840,2,2,1,2.0,2.0,92062,M,,,92
201700040854,17,7,11,1545,1,2,4,1.0,2.0,92062,M,4888617.0,225050.0,92
201700040855,17,7,18,1010,1,2,1,1.0,3.0,92062,M,4888145.0,224598.0,92
201700040856,17,7,30,830,1,2,1,1.0,7.0,92062,M,4888094.0,224528.0,92
201700040857,17,7,28,1530,1,2,2,1.0,3.0,92062,M,4887738.0,224108.0,92
201700040858,17,8,6,1545,1,1,1,1.0,3.0,92062,M,4888000.0,224417.0,92
201700040859,17,8,8,1750,1,1,1,2.0,4.0,92062,M,4888453.0,222777.0,92
201700040860,17,8,22,1400,1,2,1,1.0,1.0,92062,M,4888000.0,224417.0,92
201700040861,17,8,28,922,1,2,6,1.0,3.0,92062,M,4887586.0,223209.0,92
201700040862,17,9,7,1900,1,2,1,1.0,5.0,92062,M,4888294.0,224813.0,92
201700040863,17,8,29,2300,4,1,1,1.0,7.0,92062,M,4887505.0,223775.0,92
201700040864,17,9,7,1900,1,1,1,1.0,4.0,92062,M,4888320.0,224831.0,92
201700040865,17,9,10,1755,1,2,1,1.0,6.0,92062,M,4888110.0,222659.0,92
201700040866,17,9,16,1120,1,1,1,1.0,2.0,92062,M,4888419.0,224933.0,92
201700040867,17,9,18,930,1,2,1,1.0,6.0,92062,M,4888875.0,223109.0,92
201700040868,17,9,25,1748,1,2,1,1.0,3.0,92073,M,4886947.0,223074.0,92
201700040869,17,9,26,1440,1,1,1,1.0,4.0,92062,M,4888410.0,224833.0,92
201700040870,17,9,27,1405,1,2,1,1.0,6.0,92062,M,4888275.0,224063.0,92
201700040871,17,9,28,900,1,2,3,2.0,6.0,92062,M,4888004.0,223142.0,92
201700040872,17,10,3,2110,5,2,1,1.0,6.0,92062,M,4888778.0,223262.0,92
201700040873,17,10,20,1250,1,2,2,1.0,2.0,92062,M,4888743.0,223264.0,92
201700040874,17,10,24,940,1,2,1,2.0,3.0,92062,M,4888438.0,223802.0,92
201700040875,17,11,6,756,2,2,1,1.0,7.0,92062,M,4888765.0,223692.0,92
201700040876,17,11,7,1535,1,2,1,1.0,3.0,92062,M,4887639.0,224566.0,92
201700040877,17,11,13,1700,1,2,1,8.0,6.0,92062,M,4888133.0,223454.0,92
201700040878,17,11,16,2110,5,2,8,1.0,1.0,92062,M,4888555.0,225715.0,92
201700040879,17,11,29,1900,5,2,1,2.0,3.0,92062,M,4888215.0,469570.0,92
201700040880,17,11,30,2015,5,2,1,4.0,6.0,92062,M,4888587.0,459970.0,92
201700040881,17,12,5,1110,1,2,2,1.0,2.0,92062,M,4889093.0,223024.0,92
201700040882,17,12,7,1715,2,2,8,2.0,6.0,92062,M,4888605.0,224314.0,92
201700040883,17,12,6,1936,2,2,1,1.0,4.0,92062,M,4888514.0,222712.0,92
201700040884,17,12,13,2000,5,2,1,2.0,6.0,92062,M,4887938.0,224059.0,92
201700040885,17,12,26,1945,5,2,1,8.0,4.0,92062,M,4888274.0,224804.0,92
201700040886,17,12,31,1425,1,2,3,1.0,3.0,92062,M,4888294.0,223708.0,92
201700040887,17,4,29,2020,1,2,2,1.0,3.0,92062,M,,,92
201700040888,17,1,20,1935,5,2,2,1.0,3.0,92062,M,,,92
201700040889,17,1,20,1840,2,2,1,1.0,3.0,92062,M,,,92
201700040890,17,1,21,1925,5,2,1,1.0,2.0,92062,M,,,92
201700040891,17,1,30,1735,1,2,3,2.0,7.0,92002,M,,,92
201700040892,17,2,2,1845,5,2,1,1.0,7.0,92062,M,,,92
201700040893,17,2,3,1150,1,2,1,1.0,2.0,92062,M,,,92
201700040894,17,2,27,1435,1,2,3,1.0,2.0,92062,M,,,92
201700040895,17,2,28,930,1,2,6,1.0,3.0,92062,M,,,92
201700040896,17,3,17,743,2,2,3,1.0,3.0,92062,M,,,92
201700040897,17,3,17,1240,1,2,1,1.0,3.0,92062,M,,,92
201700040898,17,3,17,2030,2,2,1,1.0,2.0,92062,M,,,92
201700040899,17,3,22,855,1,2,1,1.0,2.0,92062,M,,,92
201700040900,17,4,5,1315,1,2,4,1.0,3.0,92062,M,,,92
201700040901,17,3,27,1945,2,2,1,1.0,3.0,92062,M,,,92
201700040902,17,4,20,1815,2,2,1,1.0,6.0,92062,M,,,92
201700040903,17,4,25,840,1,2,1,1.0,6.0,92062,M,,,92
201700040904,17,5,9,1550,1,2,1,1.0,7.0,92062,M,,,92
201700040905,17,5,5,2300,4,2,3,1.0,6.0,92062,M,,,92
201700040906,17,5,19,2100,2,2,3,2.0,2.0,92062,M,,,92
201700040907,17,5,23,2305,5,2,1,1.0,2.0,92062,M,,,92
201700040908,17,5,25,110,5,1,1,1.0,2.0,92062,M,,,92
201700040909,17,5,24,1455,1,2,1,1.0,2.0,92062,M,,,92
201700040910,17,1,6,1020,1,1,1,1.0,1.0,92063,M,,,92
201700040911,17,10,2,2150,5,2,1,2.0,2.0,92063,M,4886983.0,220355.0,92
201700040912,17,1,11,1325,1,2,1,2.0,3.0,92063,M,,,92
201700040913,17,10,3,1445,1,2,1,1.0,2.0,92063,M,4888381.0,219117.0,92
201700040914,17,1,13,805,5,2,3,1.0,6.0,92063,M,,,92
201700040915,17,10,7,1815,2,2,1,1.0,2.0,92063,M,4886235.0,219507.0,92
201700040916,17,1,13,1015,1,2,1,1.0,6.0,92063,M,,,92
201700040917,17,10,13,1710,1,2,1,1.0,2.0,92063,M,4886325.0,216536.0,92
201700040918,17,1,16,2000,5,2,1,1.0,5.0,92063,M,,,92
201700040919,17,10,14,2245,3,2,2,1.0,3.0,92063,M,4888706.0,217946.0,92
201700040920,17,1,19,1020,1,2,3,1.0,1.0,92063,M,,,92
201700040921,17,10,18,1045,1,2,1,1.0,6.0,92063,M,4888584.0,217138.0,92
201700040922,17,1,23,1610,1,2,1,1.0,6.0,92063,M,,,92
201700040923,17,10,19,2015,5,2,3,1.0,1.0,92063,M,4886697.0,219974.0,92
201700040924,17,1,26,1815,2,2,1,1.0,2.0,92063,M,,,92
201700040925,17,10,21,1730,1,2,1,1.0,6.0,92063,M,4888198.0,218610.0,92
201700040926,17,1,31,645,5,2,1,2.0,3.0,92063,M,,,92
201700040927,17,10,23,700,5,2,1,2.0,3.0,92063,M,4886032.0,219511.0,92
201700040928,17,2,3,910,1,2,3,1.0,2.0,92063,M,,,92
201700040929,17,10,24,2230,5,2,6,1.0,3.0,92063,M,4886338.0,219090.0,92
201700040930,17,2,7,1150,1,2,3,2.0,2.0,92063,M,,,92
201700040931,17,10,27,720,5,2,1,1.0,2.0,92063,M,4888723.0,216922.0,92
201700040932,17,2,8,1030,1,2,1,1.0,6.0,92063,M,,,92
201700040933,17,11,7,2140,5,2,1,1.0,2.0,92063,M,4888252.0,218767.0,92
201700040934,17,2,14,2145,5,2,3,1.0,3.0,92063,M,,,92
201700040935,17,11,11,935,1,2,3,2.0,6.0,92063,M,4887885.0,218148.0,92
201700040936,17,2,24,850,1,2,1,1.0,4.0,92063,M,,,92
201700040937,17,11,12,1550,1,2,1,2.0,6.0,92063,M,4887111.0,216049.0,92
201700040938,17,3,2,1020,1,2,1,1.0,3.0,92063,M,,,92
201700040939,17,11,17,1930,2,2,3,8.0,6.0,92063,M,4887458.0,216743.0,92
201700040940,17,3,2,1930,2,2,1,1.0,2.0,92063,M,,,92
201700040941,17,11,19,1035,1,2,1,2.0,6.0,92063,M,4888632.0,218402.0,92
201700040942,17,3,7,850,1,2,3,1.0,6.0,92063,M,,,92
201700040943,17,11,25,1730,2,2,1,1.0,6.0,92063,M,4886686.0,215530.0,92
201700040944,17,3,10,1410,1,2,4,1.0,6.0,92063,M,,,92
201700040945,17,12,4,1015,1,1,1,2.0,2.0,92063,M,4889119.0,217638.0,92
201700040946,17,3,14,1800,1,2,2,1.0,3.0,92063,M,,,92
201700040947,17,12,8,820,4,2,1,2.0,6.0,92063,M,4888416.0,217428.0,92
201700040948,17,3,21,1400,1,2,1,1.0,6.0,92063,M,4888438.0,218735.0,92
201700040949,17,12,8,1710,4,2,3,2.0,6.0,92063,M,4886930.0,220336.0,92
201700040950,17,3,24,905,1,2,4,1.0,6.0,92063,M,,,92
201700040951,17,12,9,2015,5,2,1,1.0,1.0,92063,M,4888465.0,217780.0,92
201700040952,17,3,24,1350,1,2,1,1.0,6.0,92063,M,,,92
201700040953,17,12,18,2320,5,2,1,2.0,6.0,92063,M,4885612.0,219032.0,92
201700040954,17,3,29,1200,1,2,1,1.0,6.0,92063,M,,,92
201700040955,17,12,23,1040,1,2,1,1.0,6.0,92063,M,4886690.0,220008.0,92
201700040956,17,3,29,1710,1,2,1,1.0,7.0,92063,M,,,92
201700040957,17,12,28,1200,1,2,3,1.0,2.0,92063,M,4886672.0,220066.0,92
201700040958,17,4,3,910,1,2,6,1.0,2.0,92063,M,,,92
201700040959,17,4,3,1120,1,2,1,1.0,6.0,92063,M,,,92
201700040960,17,4,14,1620,1,2,1,1.0,6.0,92063,M,,,92
201700040961,17,4,17,2315,5,2,2,1.0,3.0,92063,M,,,92
201700040962,17,4,18,1655,1,2,1,1.0,6.0,92063,M,,,92
201700040963,17,4,22,2015,2,2,2,1.0,3.0,92063,M,,,92
201700040964,17,4,29,1545,1,2,1,1.0,2.0,92063,M,,,92
201700040965,17,5,2,1720,1,2,1,1.0,6.0,92063,M,4887325.0,218434.0,92
201700040966,17,5,3,1815,1,2,1,1.0,6.0,92063,M,4886959.0,219962.0,92
201700040967,17,3,26,636,2,2,3,1.0,6.0,92063,M,4888181.0,218555.0,92
201700040968,17,5,27,2010,1,2,1,1.0,6.0,92063,M,4887642.0,218784.0,92
201700040969,17,5,29,930,1,2,1,1.0,3.0,92063,M,4887439.0,217335.0,92
201700040970,17,5,29,1200,1,2,2,1.0,3.0,92063,M,4888874.0,218543.0,92
201700040971,17,6,1,225,5,2,1,1.0,6.0,92063,M,4887007.0,218478.0,92
201700040972,17,6,1,1615,1,2,1,1.0,6.0,92063,M,4887276.0,219435.0,92
201700040973,17,6,3,1350,1,2,1,1.0,2.0,92063,M,4887276.0,219435.0,92
201700040974,17,6,7,2310,5,2,1,1.0,3.0,92063,M,4888801.0,216443.0,92
201700040975,17,6,13,1150,1,2,1,1.0,6.0,92063,M,4887831.0,218184.0,92
201700040976,17,6,13,2050,1,2,4,1.0,6.0,92063,M,4886917.0,218602.0,92
201700040977,17,6,15,1920,1,2,1,1.0,3.0,92063,M,4886975.0,215781.0,92
201700040978,17,6,16,1315,1,2,3,1.0,6.0,92063,M,4887873.0,217701.0,92
201700040979,17,6,20,30,5,2,1,1.0,2.0,92063,M,4888040.0,218243.0,92
201700040980,17,7,5,30,5,2,2,1.0,3.0,92063,M,4887347.0,217921.0,92
201700040981,17,7,13,1340,1,2,1,1.0,6.0,92063,M,4887275.0,219434.0,92
201700040982,17,7,20,1810,1,2,1,1.0,6.0,92063,M,4887961.0,218023.0,92
201700040983,17,7,24,1350,1,2,3,1.0,6.0,92063,M,4888825.0,216448.0,92
201700040984,17,7,25,755,1,2,1,1.0,6.0,92063,M,4888053.0,215929.0,92
201700040985,17,7,25,1930,1,2,1,1.0,3.0,92050,M,4889200.0,218987.0,92
201700040986,17,7,27,1730,1,2,1,1.0,4.0,92063,M,4887091.0,218396.0,92
201700040987,17,7,29,1645,1,2,1,1.0,2.0,92063,M,4887942.0,217904.0,92
201700040988,17,8,11,2130,1,2,3,1.0,3.0,92063,M,4887973.0,218562.0,92
201700040989,17,8,13,1845,1,2,1,1.0,1.0,92063,M,4886822.0,219134.0,92
201700040990,17,9,1,1940,1,2,1,2.0,2.0,92063,M,4887421.0,217817.0,92
201700040991,17,9,11,1040,1,2,2,1.0,3.0,92063,M,4888565.0,218944.0,92
201700040992,17,9,14,2215,5,2,1,1.0,6.0,92063,M,4888617.0,218401.0,92
201700040993,17,9,13,1015,1,2,1,1.0,3.0,92063,M,4886163.0,218464.0,92
201700040994,17,9,19,1745,1,2,2,1.0,2.0,92063,M,4888122.0,218423.0,92
201700040995,17,9,21,1820,1,2,3,1.0,3.0,92063,M,4886896.0,217379.0,92
201700040996,17,1,6,830,1,2,1,1.0,6.0,92064,M,,,92
201700040997,17,1,23,1910,1,2,1,1.0,2.0,92064,M,,,92