Num_Acc,an,mois,jour,hrmn,lum,agg,int,atm,col,com,gps,lat,long,dep
201700040998,17,1,24,835,1,2,1,1.0,6.0,92033,M,,,92
201700040999,17,1,25,1606,1,2,1,1.0,4.0,92076,M,,,92
201700041000,17,1,27,310,5,2,1,9.0,7.0,92033,M,,,92
201700041001,17,1,28,1320,1,2,1,1.0,7.0,92033,M,,,92
201700041002,17,1,28,1430,1,2,1,1.0,5.0,92064,M,,,92
201700041003,17,2,6,830,1,2,9,1.0,3.0,92033,M,,,92
201700041004,17,2,7,2040,5,2,1,1.0,6.0,92064,M,,,92
201700041005,17,2,9,2025,5,2,5,1.0,6.0,92064,M,,,92
201700041006,17,2,18,445,5,2,1,1.0,6.0,92033,M,,,92
201700041007,17,2,18,1130,1,2,1,1.0,2.0,92064,M,,,92
201700041008,17,2,18,1330,1,2,1,1.0,7.0,92033,M,,,92
201700041009,17,2,19,1900,2,2,1,1.0,7.0,92076,M,,,92
201700041010,17,2,24,2000,5,2,1,1.0,5.0,92064,M,,,92
201700041011,17,2,27,1435,1,2,1,1.0,4.0,92047,M,,,92
201700041012,17,3,2,815,1,2,1,1.0,6.0,92064,M,,,92
201700041013,17,3,2,1040,1,2,2,1.0,3.0,92033,M,,,92
201700041014,17,3,3,945,1,2,1,1.0,3.0,92076,M,,,92
201700041015,17,3,7,1700,1,2,1,1.0,6.0,92033,M,,,92
201700041016,17,3,9,1810,1,2,1,1.0,6.0,92064,M,,,92
201700041017,17,3,10,820,1,2,1,1.0,2.0,92064,M,,,92
201700041018,17,3,13,750,1,2,1,1.0,2.0,92064,M,,,92
201700041019,17,3,14,1620,1,2,1,1.0,7.0,92064,M,,,92
201700041020,17,3,15,1805,1,2,1,1.0,3.0,92064,M,,,92
201700041021,17,3,25,1015,1,2,1,1.0,2.0,92033,M,,,92
201700041022,17,3,28,910,1,2,1,1.0,7.0,92064,M,,,92
201700041023,17,4,2,1435,1,2,3,1.0,3.0,92064,M,,,92
201700041024,17,4,6,2110,5,2,3,1.0,3.0,92064,M,,,92
201700041025,17,4,14,1905,1,2,2,1.0,3.0,92064,M,,,92
201700041026,17,4,25,806,1,2,3,2.0,3.0,92033,M,,,92
201700041027,17,4,27,830,1,1,1,1.0,6.0,92064,M,,,92
201700041028,17,5,4,920,1,2,1,1.0,3.0,92064,M,,,92
201700041029,17,5,12,920,1,2,3,1.0,3.0,92064,M,,,92
201700041030,17,5,24,1900,1,2,2,1.0,3.0,92076,M,,,92
201700041031,17,5,28,1732,1,2,1,1.0,3.0,92064,M,,,92
201700041032,17,5,29,1935,1,2,1,1.0,7.0,92064,M,,,92
201700041033,17,6,2,1650,1,2,1,2.0,2.0,92064,M,4884425.0,221731.0,92
201700041034,17,6,6,1800,1,2,1,2.0,3.0,92064,M,4884446.0,221736.0,92
201700041035,17,6,10,1910,1,1,1,1.0,2.0,92064,M,4883804.0,221431.0,92
201700041036,17,6,13,1640,1,2,1,1.0,2.0,92064,M,4885326.0,220099.0,92
201700041037,17,6,12,2020,1,2,1,1.0,3.0,92064,M,4885542.0,221166.0,92
201700041038,17,6,20,1848,1,2,3,1.0,3.0,92033,M,4885102.0,219971.0,92
201700041039,17,6,22,1040,1,1,1,1.0,4.0,92064,M,4885509.0,222295.0,92
201700041040,17,6,27,1650,1,2,3,2.0,7.0,92033,M,4883991.0,219124.0,92
201700041041,17,6,30,2035,2,2,1,1.0,2.0,92033,M,4884016.0,219219.0,92
201700041042,17,7,3,2315,5,2,1,1.0,7.0,92076,M,4884721.0,218082.0,92
201700041043,17,7,8,330,5,2,6,1.0,7.0,92033,M,4884321.0,217438.0,92
201700041044,17,7,10,1600,1,2,1,2.0,1.0,92064,M,4884374.0,222041.0,92
201700041045,17,7,10,2015,1,1,1,2.0,4.0,92047,M,4883150.0,215272.0,92
201700041046,17,7,13,1950,1,2,1,1.0,5.0,92064,M,4885492.0,222255.0,92
201700041047,17,7,15,2010,1,2,7,1.0,4.0,92064,M,4884243.0,220699.0,92
201700041048,17,7,17,915,1,2,1,1.0,2.0,92064,M,4884719.0,221846.0,92
201700041049,17,7,17,1735,1,2,9,1.0,6.0,92033,M,4884457.0,218687.0,92
201700041050,17,7,19,1940,1,2,1,8.0,1.0,92064,M,4884271.0,221135.0,92
201700041051,17,7,27,1535,1,2,4,1.0,6.0,92033,M,4884293.0,219554.0,92
201700041052,17,7,31,1755,1,2,1,1.0,3.0,92033,M,4884908.0,220103.0,92
201700041053,17,8,14,1315,1,2,2,1.0,6.0,92076,M,4884474.0,217303.0,92
201700041054,17,8,14,2215,5,2,6,1.0,6.0,92047,M,4883745.0,215620.0,92
201700041055,17,8,16,2120,5,2,9,1.0,6.0,92076,M,4884077.0,214587.0,92
201700041056,17,8,25,754,1,2,1,1.0,6.0,92033,M,4884645.0,219453.0,92
201700041057,17,9,8,120,5,2,1,1.0,3.0,92064,M,4884578.0,221790.0,92
201700041058,17,9,11,1945,2,2,1,1.0,3.0,92064,M,4884469.0,220320.0,92
201700041059,17,9,14,2330,5,1,1,1.0,6.0,92047,M,4882495.0,215131.0,92
201700041060,17,9,19,920,1,2,1,2.0,7.0,92064,M,4884926.0,221379.0,92
201700041061,17,9,22,1800,1,2,1,1.0,3.0,92076,M,4883778.0,215742.0,92
201700041062,17,9,23,1145,1,1,5,1.0,3.0,92076,M,4884684.0,215274.0,92
201700041063,17,9,24,950,1,2,2,1.0,3.0,92064,M,4884671.0,220788.0,92
201700041064,17,9,26,945,1,2,1,1.0,7.0,92064,M,4884513.0,221758.0,92
201700041065,17,9,28,1840,2,2,1,1.0,3.0,92064,M,4885492.0,222710.0,92
201700041066,17,10,1,940,1,2,1,2.0,6.0,92047,M,,,92
201700041067,17,10,10,1910,5,2,1,1.0,7.0,92033,M,,,92
201700041068,17,10,12,1732,1,2,3,1.0,3.0,92033,M,4884058.0,219359.0,92
201700041069,17,10,14,1650,1,2,1,1.0,3.0,92064,M,4885286.0,220591.0,92
201700041070,17,10,24,1750,1,2,1,1.0,3.0,92064,M,4885091.0,222348.0,92
201700041071,17,10,29,2000,5,2,1,8.0,2.0,92033,M,4883826.0,218185.0,92
201700041072,17,10,31,915,1,2,1,1.0,3.0,92064,M,4885686.0,221051.0,92
201700041073,17,11,9,1550,1,2,3,1.0,6.0,92033,M,4884670.0,219269.0,92
201700041074,17,11,10,1702,1,2,1,1.0,6.0,92064,M,,,92
201700041075,17,12,1,1800,5,2,1,1.0,3.0,92064,M,4885832.0,222944.0,92
201700041076,17,12,3,2155,5,2,1,2.0,7.0,92064,M,4885514.0,222279.0,92
201700041077,17,12,5,900,1,2,1,1.0,2.0,92064,M,4885967.0,222366.0,92
201700041078,17,12,8,910,1,2,1,2.0,7.0,92064,M,4885767.0,222362.0,92
201700041079,17,12,11,930,1,2,1,2.0,7.0,92076,M,4884688.0,215869.0,92
201700041080,17,12,13,1745,5,2,1,2.0,7.0,92064,M,4850380.0,213140.0,92
201700041081,17,12,16,1734,2,2,1,1.0,6.0,92064,M,4885000.0,221000.0,92
201700041082,17,12,20,1535,1,1,1,2.0,2.0,92047,M,4882349.0,216791.0,92
201700041083,17,12,28,950,1,2,1,1.0,3.0,92033,M,4884129.0,218030.0,92
201700041084,17,12,30,1315,1,1,1,2.0,2.0,92076,M,4883150.0,215256.0,92
201700041085,17,6,2,1450,1,2,1,1.0,3.0,92072,M,4882872.0,222438.0,92
201700041086,17,6,3,1105,1,2,1,1.0,6.0,92072,M,4882049.0,220292.0,92
201700041087,17,6,14,1021,1,2,1,1.0,2.0,92072,M,4881148.0,221184.0,92
201700041088,17,6,18,1835,1,2,1,1.0,6.0,92072,M,4881609.0,221587.0,92
201700041089,17,6,19,955,1,2,1,1.0,2.0,92022,M,4881609.0,219411.0,92
201700041090,17,6,27,2255,5,2,1,1.0,3.0,92072,M,4882501.0,222827.0,92
201700041091,17,6,28,1250,1,2,1,1.0,3.0,92077,M,4882709.0,218878.0,92
201700041092,17,7,5,1245,1,2,1,1.0,5.0,92072,M,4882616.0,221822.0,92
201700041093,17,7,5,1810,1,2,1,1.0,3.0,92077,M,4882358.0,218520.0,92
201700041094,17,7,9,1800,1,2,1,1.0,3.0,92022,M,4880496.0,219649.0,92
201700041095,17,7,10,637,2,2,7,2.0,7.0,92072,M,4882194.0,220632.0,92
201700041096,17,7,14,1715,1,2,1,1.0,6.0,92022,M,4881053.0,219365.0,92
201700041097,17,7,15,200,5,2,1,1.0,7.0,92072,M,4881145.0,221091.0,92
201700041098,17,7,17,835,1,2,2,1.0,3.0,92072,M,4882207.0,221632.0,92
201700041099,17,7,29,2130,2,2,1,1.0,3.0,92022,M,4881661.0,219487.0,92
201700041100,17,7,24,1020,1,2,1,1.0,3.0,92072,M,4881232.0,221493.0,92
201700041101,17,7,24,1940,1,2,1,1.0,2.0,92072,M,4882410.0,221024.0,92
201700041102,17,8,4,1925,1,2,1,1.0,3.0,92022,M,4880574.0,218457.0,92
201700041103,17,8,8,855,1,2,1,2.0,6.0,92072,M,4822244.0,222739.0,92
201700041104,17,8,11,845,1,2,3,1.0,3.0,92072,M,,,92
201700041105,17,8,18,1000,1,2,1,2.0,6.0,92072,M,4882085.0,220164.0,92
201700041106,17,8,21,1535,1,2,1,1.0,6.0,92072,M,4882485.0,221444.0,92
201700041107,17,9,2,515,5,2,1,1.0,7.0,92072,M,4882293.0,222255.0,92
201700041108,17,9,5,2052,1,2,1,1.0,3.0,92072,M,4882855.0,222444.0,92
201700041109,17,9,9,1650,1,2,1,2.0,7.0,92077,M,4882941.0,219382.0,92
201700041110,17,9,24,300,5,2,1,1.0,6.0,92022,M,4880379.0,218834.0,92
201700041111,17,9,26,1540,1,2,6,1.0,6.0,92072,M,4881145.0,221076.0,92
201700041112,17,9,26,1550,1,2,3,1.0,6.0,92077,M,4882836.0,217853.0,92
201700041113,17,9,12,1930,2,2,1,1.0,1.0,92077,M,4882700.0,218739.0,92
201700041114,17,9,13,620,2,2,1,8.0,6.0,92072,M,4882802.0,222547.0,92
201700041115,17,10,4,1650,1,2,2,1.0,6.0,92022,M,4880848.0,218761.0,92
201700041116,17,9,25,1450,1,2,1,1.0,6.0,92072,M,4881135.0,221066.0,92
201700041117,17,9,29,805,1,2,1,1.0,3.0,92022,M,4880609.0,218456.0,92
201700041118,17,9,22,1510,1,2,1,1.0,2.0,92022,M,4881438.0,219274.0,92
201700041119,17,10,10,1240,1,2,1,8.0,6.0,92072,M,4882184.0,220540.0,92
201700041120,17,10,15,400,5,2,1,1.0,6.0,92072,M,4882302.0,222164.0,92
201700041121,17,10,21,610,5,2,1,1.0,6.0,92022,M,4880653.0,218499.0,92
201700041122,17,10,20,2030,5,2,1,1.0,3.0,92072,M,4882208.0,222155.0,92
201700041123,17,10,27,1055,1,2,1,1.0,6.0,92022,M,4881568.0,219657.0,92
201700041124,17,11,1,50,5,2,1,1.0,6.0,92072,M,4882578.0,220654.0,92
201700041125,17,11,9,830,1,2,2,8.0,1.0,92022,M,4881599.0,219389.0,92
201700041126,17,11,13,1645,1,2,1,1.0,3.0,92072,M,4882866.0,222470.0,92
201700041127,17,11,30,2010,5,2,2,4.0,3.0,92072,M,4881232.0,221490.0,92
201700041128,17,12,5,920,1,2,1,8.0,6.0,92077,M,4882683.0,218943.0,92
201700041129,17,12,5,2315,5,2,1,8.0,7.0,92072,M,4881189.0,220509.0,92
201700041130,17,12,18,1240,1,2,1,1.0,7.0,92022,M,4880848.0,218743.0,92
201700041131,17,12,22,1625,1,2,2,2.0,5.0,92022,M,4881822.0,219261.0,92
201700041132,17,1,9,1720,2,2,1,2.0,7.0,92022,M,,,92
201700041133,17,1,11,1900,5,2,1,1.0,6.0,92022,M,,,92
201700041134,17,1,12,805,5,2,1,1.0,3.0,92072,M,,,92
201700041135,17,1,14,1230,1,2,1,2.0,2.0,92072,M,,,92
201700041136,17,1,20,1630,1,2,1,1.0,6.0,92072,M,,,92
201700041137,17,1,21,1915,5,2,1,1.0,6.0,92077,M,,,92
201700041138,17,1,23,1733,5,2,1,1.0,3.0,92072,M,,,92
201700041139,17,1,26,1555,1,2,1,1.0,6.0,92072,M,,,92
201700041140,17,1,28,2200,5,2,1,1.0,3.0,92072,M,,,92
201700041141,17,1,31,1800,5,2,1,1.0,6.0,92072,M,,,92
201700041142,17,1,31,1955,3,2,1,1.0,6.0,92077,M,,,92
201700041143,17,2,2,1825,2,2,1,2.0,6.0,92072,M,,,92
201700041144,17,3,5,1040,1,2,1,3.0,6.0,92022,M,,,92
201700041145,17,3,6,840,1,2,1,2.0,6.0,92072,M,,,92
201700041146,17,3,17,1655,1,2,1,1.0,6.0,92022,M,,,92
201700041147,17,3,18,2155,5,2,1,1.0,2.0,92072,M,,,92
201700041148,17,3,29,753,1,2,1,1.0,7.0,92072,M,,,92
201700041149,17,4,7,700,1,2,1,1.0,3.0,92022,M,4880797.0,219279.0,92
201700041150,17,4,15,1600,1,2,1,2.0,4.0,92072,M,,,92
201700041151,17,4,16,1710,1,2,1,1.0,6.0,92022,M,,,92
201700041152,17,4,23,1000,1,2,1,1.0,6.0,92022,M,,,92
201700041153,17,4,25,1210,1,2,1,1.0,3.0,92072,M,,,92
201700041154,17,4,25,2345,5,2,1,1.0,6.0,92022,M,,,92
201700041155,17,5,2,1800,1,2,1,1.0,3.0,92072,M,,,92
201700041156,17,5,4,1840,1,2,1,1.0,7.0,92072,M,,,92
201700041157,17,5,8,2215,5,2,3,2.0,3.0,92077,M,,,92
201700041158,17,5,8,1425,1,2,3,1.0,3.0,92022,M,,,92
201700041159,17,5,12,1135,1,2,3,1.0,3.0,92077,M,,,92
201700041160,17,5,15,1035,1,2,1,1.0,6.0,92072,M,,,92
201700041161,17,5,16,2010,1,2,1,1.0,6.0,92072,M,,,92
201700041162,17,5,26,2153,1,2,1,1.0,7.0,92077,M,,,92
201700041163,17,1,7,1936,5,2,9,1.0,6.0,92073,M,,,92
201700041164,17,1,16,1745,2,2,1,1.0,6.0,92073,M,,,92
201700041165,17,1,18,1230,1,2,1,1.0,5.0,92073,M,,,92
201700041166,17,1,24,1910,5,2,1,1.0,6.0,92073,M,,,92
201700041167,17,1,27,1840,3,2,1,1.0,6.0,92073,M,,,92
201700041168,17,2,8,1350,1,2,3,1.0,7.0,92073,M,,,92
201700041169,17,2,15,1230,1,2,2,1.0,6.0,92073,M,,,92
201700041170,17,2,19,2220,5,2,1,1.0,1.0,92073,M,,,92
201700041171,17,2,21,900,1,2,1,1.0,7.0,92073,M,,,92
201700041172,17,2,21,1515,1,2,1,1.0,6.0,92073,M,,,92
201700041173,17,3,21,1325,1,2,1,1.0,5.0,92073,M,,,92
201700041174,17,3,23,820,1,1,1,1.0,6.0,92073,M,,,92
201700041175,17,3,24,1715,1,2,1,1.0,3.0,92073,M,,,92
201700041176,17,3,24,2045,5,2,1,1.0,7.0,92073,M,,,92
201700041177,17,4,7,1825,1,2,1,1.0,2.0,92073,M,,,92
201700041178,17,4,18,1015,1,2,1,1.0,7.0,92073,M,,,92
201700041179,17,4,19,900,1,2,1,1.0,6.0,92073,M,,,92
201700041180,17,4,22,1925,1,2,1,1.0,3.0,92073,M,,,92
201700041181,17,5,7,1720,1,2,1,1.0,6.0,92073,M,,,92
201700041182,17,5,21,1800,1,2,3,1.0,3.0,92073,M,,,92
201700041183,17,5,24,1810,1,2,1,1.0,6.0,92073,M,,,92
201700041184,17,5,31,2350,5,2,3,1.0,3.0,92073,M,,,92
201700041185,17,6,7,1430,1,2,1,1.0,7.0,92073,M,4887601.0,223164.0,92
201700041186,17,6,8,2020,1,2,1,1.0,7.0,92073,M,4886582.0,222724.0,92
201700041187,17,6,11,1315,1,2,1,1.0,2.0,92073,M,4887147.0,223274.0,92
201700041188,17,7,9,1125,1,2,1,1.0,3.0,92073,M,4886230.0,222582.0,92
201700041189,17,7,11,1010,1,2,1,1.0,3.0,92073,M,4886864.0,222448.0,92
201700041190,17,7,12,2300,5,2,3,1.0,3.0,92073,M,4886820.0,222522.0,92
201700041191,17,7,24,255,5,2,1,2.0,6.0,92073,M,4886494.0,221922.0,92
201700041192,17,7,25,1050,1,2,1,1.0,3.0,92073,M,4886465.0,220680.0,92
201700041193,17,8,1,800,1,2,3,1.0,2.0,92073,M,,,92
201700041194,17,8,22,1710,1,2,1,1.0,5.0,92073,M,4886460.0,221612.0,92
201700041195,17,9,14,1920,1,2,3,1.0,3.0,92073,M,4887789.0,221611.0,92
201700041196,17,9,21,1441,1,2,1,1.0,2.0,92073,M,4887050.0,223075.0,92
201700041197,17,9,25,2330,5,2,3,1.0,1.0,92073,M,4886933.0,222383.0,92
201700041198,17,9,30,923,1,2,1,2.0,2.0,92073,M,4886584.0,222736.0,92
201700041199,17,10,2,1645,1,2,1,1.0,2.0,92073,M,4887135.0,222532.0,92
201700041200,17,10,5,1045,1,2,6,1.0,2.0,92073,M,4886170.0,221235.0,92
201700041201,17,10,9,2035,5,2,1,1.0,3.0,92073,M,4887989.0,221923.0,92
201700041202,17,10,17,1733,1,2,1,1.0,6.0,92073,M,4886465.0,221879.0,92
201700041203,17,11,14,905,1,2,1,1.0,3.0,92073,M,4886283.0,222595.0,92
201700041204,17,11,16,1713,1,2,1,1.0,6.0,92073,M,4886084.0,221309.0,92
201700041205,17,11,20,1915,5,2,6,1.0,3.0,92073,M,4886168.0,221232.0,92
201700041206,17,11,25,2255,5,2,1,8.0,6.0,92073,M,4887161.0,223051.0,92
201700041207,17,12,12,800,5,2,1,2.0,5.0,92073,M,4886510.0,223418.0,92
201700041208,17,10,21,1940,5,2,1,1.0,6.0,92073,M,4887361.0,222620.0,92
201700041209,17,11,3,843,1,2,2,1.0,2.0,92073,M,4886747.0,222649.0,92
201700041210,17,10,21,1400,1,2,1,1.0,3.0,92075,M,4882020.0,291591.0,92
201700041211,17,6,12,100,5,2,2,1.0,3.0,92075,M,4881975.0,229312.0,92
201700041212,17,12,21,830,1,2,1,2.0,7.0,92046,M,4881898.0,230942.0,92
201700041213,17,6,12,1350,1,2,1,1.0,7.0,92075,M,4882028.0,228196.0,92
201700041214,17,6,20,1130,1,2,1,1.0,2.0,92075,M,4881972.0,228417.0,92
201700041215,17,10,3,2030,5,2,2,1.0,1.0,92046,M,4881472.0,229685.0,92
201700041216,17,6,20,1640,1,2,1,2.0,7.0,92075,M,4881989.0,229202.0,92
201700041217,17,11,8,8,5,2,1,1.0,7.0,92075,M,4882155.0,228689.0,92
201700041218,17,7,4,915,1,2,1,1.0,3.0,92075,M,4881873.0,230903.0,92
201700041219,17,11,12,2020,5,2,1,1.0,7.0,92075,M,4882220.0,231053.0,92
201700041220,17,7,5,1500,1,2,1,1.0,3.0,92046,M,,,92
201700041221,17,7,20,1015,1,2,1,1.0,2.0,92075,M,4882114.0,231240.0,92
201700041222,17,7,21,1015,1,2,2,1.0,7.0,92046,M,4881900.0,230500.0,92
201700041223,17,9,14,1425,1,2,1,2.0,4.0,92075,M,4882230.0,228470.0,92
201700041224,17,9,15,1445,1,2,2,1.0,3.0,92075,M,4881605.0,230020.0,92
201700041225,17,12,15,917,1,2,1,1.0,3.0,92075,M,4881895.0,227598.0,92
201700041226,17,9,26,1250,1,2,1,1.0,3.0,92075,M,4882460.0,229850.0,92
201700041227,17,12,30,1430,1,2,1,2.0,6.0,92046,M,4881976.0,231048.0,92
201700041228,17,10,6,1119,1,2,1,1.0,7.0,92075,M,4882610.0,229230.0,92
201700041229,17,10,9,1710,1,2,4,1.0,7.0,92046,M,4881900.0,229400.0,92
201700041230,17,9,27,830,1,2,1,1.0,6.0,92075,M,4882240.0,229470.0,92
201700041231,17,10,18,745,5,2,1,1.0,7.0,92075,M,4881810.0,228440.0,92
201700041232,17,10,19,1310,1,2,2,1.0,1.0,92046,M,4881920.0,230370.0,92
201700041233,17,10,19,1600,1,2,6,1.0,3.0,92075,M,4881440.0,228790.0,92
201700041234,17,10,20,1355,1,2,6,1.0,7.0,92075,M,4882510.0,229240.0,92
201700041235,17,10,28,1005,1,2,2,1.0,3.0,92075,M,,,92
201700041236,17,10,22,2145,5,2,1,1.0,3.0,92075,M,4881100.0,222954.0,92
201700041237,17,11,2,140,5,2,1,1.0,6.0,92046,M,4881100.0,222954.0,92
201700041238,17,8,29,445,5,2,3,1.0,3.0,92046,M,4881873.0,231177.0,92
201700041239,17,11,7,1215,1,2,1,1.0,5.0,92075,M,4822220.0,228900.0,92
201700041240,17,11,11,1300,1,2,1,2.0,6.0,92046,M,4881920.0,230420.0,92
201700041241,17,11,24,1215,1,2,2,2.0,7.0,92075,M,4881280.0,227960.0,92
201700041242,17,11,22,1740,2,2,2,1.0,3.0,92046,M,4881290.0,229870.0,92
201700041243,17,11,22,1635,1,2,1,1.0,3.0,92075,M,4882227.0,229460.0,92
201700041244,17,12,18,1000,1,2,1,1.0,6.0,92046,M,4881300.0,230100.0,92
201700041245,17,11,4,840,1,2,4,1.0,7.0,92075,M,4882640.0,228590.0,92
201700041246,17,11,6,1330,1,2,1,1.0,7.0,92075,M,4882340.0,228320.0,92
201700041247,17,11,7,945,1,2,1,1.0,7.0,92075,M,4881840.0,226600.0,92
201700041248,17,12,15,850,1,2,2,1.0,3.0,92075,M,4881224.0,227820.0,92
201700041249,17,1,5,840,1,2,3,1.0,7.0,92046,M,,,92
201700041250,17,1,5,1650,1,2,1,1.0,7.0,92075,M,,,92
201700041251,17,1,23,2010,5,2,2,1.0,3.0,92075,M,,,92
201700041252,17,2,7,1955,5,2,3,1.0,6.0,92046,M,,,92
201700041253,17,3,12,625,5,2,3,1.0,7.0,92046,M,,,92
201700041254,17,3,14,920,1,2,1,1.0,3.0,92075,M,,,92
201700041255,17,3,14,1400,1,2,1,1.0,6.0,92046,M,,,92
201700041256,17,3,24,1120,1,2,3,1.0,2.0,92046,M,,,92
201700041257,17,4,5,615,5,2,1,1.0,2.0,92046,M,,,92
201700041258,17,4,7,1745,1,2,3,1.0,6.0,92046,M,,,92
201700041259,17,4,14,1600,1,2,1,1.0,7.0,92046,M,,,92
201700041260,17,4,19,1340,1,2,2,1.0,6.0,92046,M,,,92
201700041261,17,4,24,1840,1,2,3,1.0,6.0,92046,M,,,92
201700041262,17,4,26,1800,1,2,1,3.0,4.0,92046,M,,,92
201700041263,17,4,29,1400,1,2,1,1.0,7.0,92075,M,,,92
201700041264,17,5,11,2218,5,2,1,1.0,7.0,92046,M,,,92
201700041265,17,5,18,920,1,2,2,1.0,3.0,92046,M,,,92
201700041266,17,5,20,39,1,2,1,1.0,7.0,92046,M,,,92
201700041267,17,1,24,105,3,1,1,5.0,2.0,92078,M,,,92
201700041268,17,2,22,920,1,2,2,1.0,3.0,92078,M,,,92
201700041269,17,2,22,1830,5,2,1,1.0,2.0,92078,M,,,92
201700041270,17,3,4,1800,1,2,1,2.0,6.0,92078,M,,,92
201700041271,17,3,8,2010,3,2,1,2.0,5.0,92078,M,,,92
201700041272,17,3,13,910,1,2,1,1.0,2.0,92078,M,,,92
201700041273,17,3,27,1320,1,2,1,1.0,7.0,92078,M,,,92
201700041274,17,3,28,1210,1,2,1,1.0,6.0,92078,M,,,92
201700041275,17,4,3,1350,1,2,1,1.0,2.0,92078,M,,,92
201700041276,17,4,12,2150,5,2,1,1.0,1.0,92078,M,,,92
201700041277,17,4,24,1650,1,2,1,1.0,2.0,92078,M,,,92
201700041278,17,4,27,758,1,2,3,1.0,3.0,92078,M,,,92
201700041279,17,5,16,1520,1,2,1,1.0,7.0,92078,M,,,92
201700041280,17,5,20,1415,1,2,1,1.0,3.0,92078,M,,,92
201700041281,17,5,22,850,1,2,1,1.0,3.0,92078,M,,,92
201700041282,17,6,14,1730,1,2,1,1.0,3.0,92078,M,,,92
201700041283,17,6,10,1735,1,2,2,1.0,7.0,92078,M,,,92
201700041284,17,6,18,600,2,2,3,1.0,3.0,92078,M,,,92
201700041285,17,6,23,955,1,2,1,1.0,7.0,92078,M,,,92
201700041286,17,6,27,1150,1,2,1,1.0,2.0,92078,M,,,92
201700041287,17,6,27,1320,1,2,1,1.0,7.0,92078,M,,,92
201700041288,17,6,28,1650,1,2,1,1.0,2.0,92078,M,,,92
201700041289,17,8,14,2005,1,2,1,1.0,7.0,92078,M,,,92
201700041290,17,9,10,1425,1,2,2,1.0,3.0,92078,M,4893518.0,232931.0,92
201700041291,17,9,26,1415,1,2,3,1.0,3.0,92078,M,4892907.0,232899.0,92
201700041292,17,10,6,1944,2,2,1,1.0,3.0,92078,M,4893734.0,233563.0,92
201700041293,17,10,11,1830,5,2,1,1.0,7.0,92078,M,4892710.0,232985.0,92
201700041294,17,10,11,2015,5,2,1,1.0,6.0,92078,M,4893586.0,233319.0,92
201700041295,17,10,16,1650,1,2,1,1.0,7.0,92078,M,4892710.0,232985.0,92
201700041296,17,10,26,1940,5,2,1,1.0,6.0,92078,M,4893520.0,232930.0,92
201700041297,17,10,28,2105,5,2,1,1.0,3.0,92078,M,4893519.0,232931.0,92
201700041298,17,11,9,1130,1,2,3,1.0,1.0,92078,M,4892981.0,232584.0,92
201700041299,17,11,9,1710,1,2,1,1.0,7.0,92078,M,4894005.0,232631.0,92
201700041300,17,11,19,2323,5,2,2,1.0,3.0,92078,M,4893479.0,232500.0,92
201700041301,17,11,25,1810,5,2,1,1.0,4.0,92078,M,4893585.0,233320.0,92
201700041302,17,12,9,1940,5,2,1,1.0,6.0,92078,M,4892726.0,232996.0,92
201700041303,17,1,13,1040,1,2,9,1.0,7.0,92026,M,,,92
201700041304,17,1,26,945,1,2,1,1.0,6.0,92062,M,,,92
201700041305,17,1,31,2030,4,2,1,1.0,7.0,92026,M,,,92
201700041306,17,3,1,1055,1,2,1,2.0,3.0,92062,M,,,92
201700041307,17,4,20,1700,1,2,2,1.0,3.0,92026,M,,,92
201700041308,17,4,25,930,1,2,1,2.0,2.0,92062,M,,,92
201700041309,17,1,3,950,1,2,3,8.0,6.0,93001,M,,,93
201700041310,17,1,3,1115,1,2,1,8.0,4.0,93001,M,4890742.0,237923.0,93
201700041311,17,1,6,910,1,2,1,8.0,3.0,93001,M,,,93
201700041312,17,1,8,2300,5,2,2,1.0,3.0,93001,M,,,93
201700041313,17,1,16,1900,5,2,8,1.0,6.0,93001,M,,,93
201700041314,17,1,17,2000,5,2,5,1.0,6.0,93001,M,,,93
201700041315,17,1,23,1700,2,2,1,1.0,6.0,93001,M,,,93
201700041316,17,1,23,1825,5,2,1,1.0,6.0,93001,M,,,93
201700041317,17,1,24,905,1,2,1,1.0,6.0,93001,M,,,93
201700041318,17,1,24,1355,1,2,1,1.0,6.0,93001,M,,,93
201700041319,17,1,27,835,1,2,1,9.0,3.0,93001,M,,,93
201700041320,17,2,3,600,5,2,1,1.0,3.0,93001,M,,,93
201700041321,17,2,6,1430,1,2,1,1.0,6.0,93001,M,,,93
201700041322,17,2,15,2345,5,2,3,1.0,2.0,93001,M,,,93
201700041323,17,2,17,1445,1,2,9,1.0,6.0,93001,M,,,93
201700041324,17,2,19,1405,1,2,3,1.0,4.0,93001,M,,,93
201700041325,17,2,23,1255,1,2,2,1.0,3.0,93001,M,,,93
201700041326,17,2,24,1720,1,2,1,1.0,6.0,93001,M,,,93
201700041327,17,3,1,1705,1,2,1,3.0,1.0,93001,M,,,93
201700041328,17,3,2,2030,5,2,1,1.0,6.0,93001,M,,,93
201700041329,17,3,3,2000,5,2,6,1.0,3.0,93001,M,,,93
201700041330,17,3,4,2215,5,2,4,2.0,3.0,93001,M,,,93
201700041331,17,3,10,1625,1,2,3,1.0,6.0,93001,M,,,93
201700041332,17,3,13,1420,1,2,2,1.0,2.0,93001,M,,,93
201700041333,17,3,14,1340,1,2,1,1.0,6.0,93001,M,,,93
201700041334,17,3,16,1715,1,2,1,1.0,6.0,93001,M,,,93
201700041335,17,3,17,1445,1,2,8,1.0,6.0,93001,M,,,93
201700041336,17,3,18,2055,5,2,1,1.0,3.0,93001,M,,,93
201700041337,17,3,20,1305,1,2,1,1.0,2.0,93001,M,,,93
201700041338,17,3,20,1435,1,2,6,1.0,3.0,93001,M,,,93
201700041339,17,3,21,1100,1,2,2,1.0,3.0,93001,M,,,93
201700041340,17,3,24,815,1,2,1,2.0,6.0,93001,M,,,93
201700041341,17,4,2,1900,1,2,2,1.0,1.0,93001,M,,,93