Num_Acc,an,mois,jour,hrmn,lum,agg,int,atm,col,com,gps,lat,long,dep
201700041342,17,4,4,2145,4,2,1,1.0,6.0,93001,M,,,93
201700041343,17,4,5,1325,1,2,1,1.0,6.0,93001,M,,,93
201700041344,17,4,12,1325,1,2,1,1.0,3.0,93001,M,,,93
201700041345,17,4,21,1000,1,2,1,1.0,6.0,93001,M,,,93
201700041346,17,4,22,1550,1,2,2,1.0,3.0,93001,M,,,93
201700041347,17,4,22,1535,1,2,1,1.0,6.0,93001,M,,,93
201700041348,17,5,1,1815,1,2,1,1.0,6.0,93001,M,,,93
201700041349,17,5,1,1700,1,2,1,1.0,3.0,93001,M,,,93
201700041350,17,5,6,1725,1,2,1,8.0,6.0,93001,M,,,93
201700041351,17,5,6,1915,1,2,9,8.0,6.0,93001,M,,,93
201700041352,17,5,9,1440,1,2,1,1.0,3.0,93001,M,,,93
201700041353,17,5,10,850,1,2,3,1.0,3.0,93001,M,,,93
201700041354,17,5,11,1530,1,2,1,1.0,6.0,93001,M,,,93
201700041355,17,5,17,1742,1,2,1,8.0,6.0,93001,M,,,93
201700041356,17,5,21,1625,1,2,2,1.0,5.0,93001,M,,,93
201700041357,17,5,21,1515,1,2,1,1.0,6.0,93001,M,,,93
201700041358,17,5,22,1805,1,2,1,1.0,6.0,93001,M,,,93
201700041359,17,5,24,840,1,2,1,1.0,6.0,93001,M,,,93
201700041360,17,5,26,850,1,2,2,1.0,3.0,93001,M,,,93
201700041361,17,5,28,1310,1,2,9,1.0,7.0,93001,M,,,93
201700041362,17,5,29,1650,1,2,1,1.0,6.0,93001,M,,,93
201700041363,17,6,2,1210,1,2,1,1.0,6.0,93001,M,,,93
201700041364,17,6,4,2330,5,2,2,1.0,3.0,93001,M,,,93
201700041365,17,6,8,1200,1,2,1,1.0,6.0,93001,M,,,93
201700041366,17,6,9,1152,1,2,1,1.0,1.0,93001,M,,,93
201700041367,17,6,14,1225,1,2,1,1.0,3.0,93001,M,,,93
201700041368,17,6,18,1830,1,2,1,1.0,2.0,93001,M,,,93
201700041369,17,6,18,2158,5,2,2,1.0,3.0,93001,M,,,93
201700041370,17,6,14,1020,1,2,1,1.0,3.0,93001,M,,,93
201700041371,17,6,20,1720,1,2,1,1.0,5.0,93001,M,,,93
201700041372,17,6,21,820,1,2,1,1.0,6.0,93001,M,,,93
201700041373,17,6,26,1640,1,2,4,1.0,3.0,93001,M,,,93
201700041374,17,6,27,938,1,2,1,1.0,3.0,93001,M,,,93
201700041375,17,7,3,125,5,2,1,1.0,3.0,93001,M,4891404.0,240355.0,93
201700041376,17,7,5,1745,1,2,1,1.0,1.0,93001,M,,,93
201700041377,17,7,6,1645,1,2,1,1.0,6.0,93001,M,,,93
201700041378,17,7,7,2100,1,2,1,1.0,2.0,93001,M,,,93
201700041379,17,7,15,1925,1,2,1,1.0,6.0,93001,M,,,93
201700041380,17,7,19,1140,1,2,1,8.0,2.0,93001,M,,,93
201700041381,17,7,20,2126,2,2,1,1.0,7.0,93001,M,,,93
201700041382,17,7,21,920,1,2,2,1.0,3.0,93001,M,,,93
201700041383,17,7,21,1210,1,2,1,1.0,6.0,93001,M,,,93
201700041384,17,7,21,1800,1,2,1,1.0,6.0,93001,M,,,93
201700041385,17,7,24,1615,1,2,1,1.0,3.0,93001,M,,,93
201700041386,17,7,25,1930,1,2,3,1.0,1.0,93001,M,,,93
201700041387,17,7,26,1800,1,2,1,2.0,6.0,93001,M,,,93
201700041388,17,7,28,2020,2,2,1,8.0,6.0,93001,M,,,93
201700041389,17,7,28,2230,5,2,1,1.0,6.0,93001,M,,,93
201700041390,17,7,27,800,1,2,1,1.0,1.0,93001,M,,,93
201700041391,17,7,30,540,2,2,1,1.0,3.0,93001,M,,,93
201700041392,17,8,7,130,5,2,2,1.0,3.0,93001,M,4890708.0,237628.0,93
201700041393,17,8,8,2130,5,2,9,1.0,6.0,93001,M,,,93
201700041394,17,8,9,1420,1,2,1,2.0,6.0,93001,M,,,93
201700041395,17,8,16,1700,1,2,3,1.0,3.0,93001,M,,,93
201700041396,17,8,24,1750,1,2,1,1.0,6.0,93001,M,,,93
201700041397,17,8,25,2330,5,2,1,1.0,6.0,93001,M,,,93
201700041398,17,8,29,1205,1,2,1,1.0,3.0,93001,M,,,93
201700041399,17,9,4,1700,1,2,4,1.0,5.0,93001,M,,,93
201700041400,17,9,10,1715,1,2,1,1.0,5.0,93001,M,,,93
201700041401,17,9,12,1730,1,2,1,2.0,3.0,93001,M,,,93
201700041402,17,9,12,2150,5,2,1,1.0,6.0,93001,M,,,93
201700041403,17,9,14,1600,1,2,1,2.0,6.0,93001,M,,,93
201700041404,17,9,15,1600,1,2,1,1.0,6.0,93001,M,,,93
201700041405,17,9,15,2020,5,2,1,1.0,6.0,93001,M,,,93
201700041406,17,9,18,1915,2,2,6,8.0,3.0,93001,M,4891447.0,239193.0,93
201700041407,17,9,19,2125,5,2,3,1.0,3.0,93001,M,4891905.0,236889.0,93
201700041408,17,9,21,1615,1,2,1,1.0,2.0,93001,M,4890401.0,238272.0,93
201700041409,17,9,24,1920,1,2,1,1.0,1.0,93001,M,4891641.0,236807.0,93
201700041410,17,9,26,1250,1,2,1,1.0,2.0,93001,M,4892083.0,237698.0,93
201700041411,17,9,28,1150,1,2,1,1.0,6.0,93001,M,4891641.0,237777.0,93
201700041412,17,9,30,1230,1,2,1,1.0,6.0,93001,M,4891499.0,240103.0,93
201700041413,17,9,30,2128,5,2,1,1.0,4.0,93001,M,4892238.0,237246.0,93
201700041414,17,10,4,515,5,2,1,1.0,2.0,93001,M,4891297.0,237597.0,93
201700041415,17,10,7,1200,1,2,2,1.0,3.0,93001,M,4891597.0,238055.0,93
201700041416,17,10,7,2330,5,2,1,1.0,2.0,93001,M,4891331.0,238712.0,93
201700041417,17,10,11,1010,1,2,1,1.0,3.0,93001,M,4891995.0,237803.0,93
201700041418,17,10,13,1750,1,2,1,1.0,6.0,93001,M,4891227.0,237740.0,93
201700041419,17,10,15,330,5,2,1,1.0,3.0,93001,M,4891298.0,240198.0,93
201700041420,17,10,16,1215,1,2,2,1.0,2.0,93001,M,4891853.0,238060.0,93
201700041421,17,10,16,1650,1,2,1,1.0,7.0,93001,M,4890866.0,237782.0,93
201700041422,17,10,19,1930,2,2,1,1.0,3.0,93001,M,4890937.0,237480.0,93
201700041423,17,10,27,2000,5,2,1,1.0,2.0,93001,M,4891804.0,239392.0,93
201700041424,17,11,4,1555,1,2,1,2.0,6.0,93001,M,4890778.0,237585.0,93
201700041425,17,11,10,1910,2,2,1,1.0,6.0,93001,M,4891000.0,238000.0,93
201700041426,17,11,7,1020,1,2,1,1.0,3.0,93001,M,4891371.0,238246.0,93
201700041427,17,11,15,1440,1,2,1,1.0,6.0,93001,M,,,93
201700041428,17,11,17,1113,1,2,1,2.0,6.0,93001,M,,,93
201700041429,17,11,18,1830,2,2,3,1.0,3.0,93001,M,4891305.0,238272.0,93
201700041430,17,11,21,1220,1,2,1,1.0,6.0,93001,M,,,93
201700041431,17,11,27,1840,5,2,1,2.0,6.0,93001,M,4891297.0,237606.0,93
201700041432,17,11,28,1807,5,2,1,2.0,6.0,93001,M,4890000.0,230000.0,93
201700041433,17,11,29,1025,1,2,1,1.0,6.0,93001,M,4890244.0,238462.0,93
201700041434,17,11,29,1640,2,2,3,2.0,3.0,93001,M,4890252.0,237109.0,93
201700041435,17,11,30,1830,5,2,1,2.0,4.0,93001,M,4890903.0,237818.0,93
201700041436,17,12,1,2030,5,2,3,1.0,6.0,93001,M,4890383.0,239194.0,93
201700041437,17,12,8,1620,2,2,1,2.0,3.0,93001,M,,,93
201700041438,17,12,11,1750,5,2,1,8.0,6.0,93001,M,4991000.0,238000.0,93
201700041439,17,12,14,1725,2,2,1,2.0,3.0,93001,M,4890570.0,238080.0,93
201700041440,17,12,15,1210,1,2,3,1.0,6.0,93001,M,4891000.0,267000.0,93
201700041441,17,12,16,1200,1,2,3,1.0,6.0,93001,M,4891610.0,239845.0,93
201700041442,17,12,17,2216,5,2,1,3.0,1.0,93001,M,4891834.0,239351.0,93
201700041443,17,12,21,1430,1,2,1,1.0,2.0,93001,M,4891542.0,240472.0,93
201700041444,17,12,21,1610,1,2,1,2.0,6.0,93001,M,4890683.0,237607.0,93
201700041445,17,12,26,1815,3,2,2,8.0,6.0,93001,M,4890400.0,238900.0,93
201700041446,17,1,4,1100,1,2,1,1.0,6.0,93005,M,,,93
201700041447,17,1,5,1050,1,2,1,1.0,2.0,93005,M,,,93
201700041448,17,1,17,915,1,2,2,8.0,3.0,93071,M,,,93
201700041449,17,1,8,1845,5,2,2,2.0,3.0,93005,M,,,93
201700041450,17,1,10,1820,5,2,1,2.0,6.0,93005,M,,,93
201700041451,17,1,16,830,1,2,1,1.0,6.0,93005,M,,,93
201700041452,17,1,18,1400,1,2,1,1.0,2.0,93005,M,,,93
201700041453,17,1,24,750,2,2,2,8.0,6.0,93005,M,,,93
201700041454,17,1,24,1445,1,2,1,8.0,2.0,93005,M,,,93
201700041455,17,1,30,1710,2,2,1,2.0,6.0,93005,M,,,93
201700041456,17,2,4,940,1,2,2,3.0,3.0,93005,M,,,93
201700041457,17,2,7,1207,1,2,1,2.0,6.0,93005,M,,,93
201700041458,17,2,8,1835,5,2,5,1.0,3.0,93005,M,,,93
201700041459,17,2,12,1600,1,2,1,9.0,1.0,93005,M,,,93
201700041460,17,2,17,1020,1,2,1,8.0,6.0,93005,M,,,93
201700041461,17,2,28,1655,1,2,1,1.0,6.0,93005,M,,,93
201700041462,17,2,28,2000,5,2,1,2.0,6.0,93005,M,,,93
201700041463,17,3,1,1350,1,2,2,3.0,3.0,93005,M,,,93
201700041464,17,3,2,820,1,2,3,1.0,6.0,93005,M,,,93
201700041465,17,3,3,845,1,2,3,1.0,6.0,93005,M,,,93
201700041466,17,3,5,1615,1,2,1,2.0,6.0,93005,M,,,93
201700041467,17,3,5,2145,5,2,2,1.0,3.0,93005,M,,,93
201700041468,17,3,7,1115,1,2,1,1.0,1.0,93005,M,,,93
201700041469,17,3,8,1755,2,2,1,2.0,2.0,93005,M,,,93
201700041470,17,3,10,1635,1,2,1,1.0,6.0,93005,M,4893527.0,249906.0,93
201700041471,17,3,12,2200,5,2,1,1.0,2.0,93005,M,,,93
201700041472,17,3,14,1445,1,2,1,1.0,2.0,93005,M,,,93
201700041473,17,3,14,1630,1,2,1,1.0,6.0,93005,M,,,93
201700041474,17,3,17,1515,1,2,1,1.0,6.0,93005,M,,,93
201700041475,17,3,18,1420,1,2,1,2.0,2.0,93005,M,,,93
201700041476,17,3,28,2111,5,2,2,1.0,3.0,93005,M,,,93
201700041477,17,3,31,2200,5,2,2,2.0,3.0,93005,M,,,93
201700041478,17,4,1,740,1,2,1,1.0,1.0,93005,M,4893992.0,250593.0,93
201700041479,17,4,7,1100,1,2,2,1.0,3.0,93005,M,,,93
201700041480,17,4,9,135,4,2,3,1.0,3.0,93005,M,,,93
201700041481,17,4,9,1830,1,2,1,1.0,4.0,93005,M,,,93
201700041482,17,4,11,1130,1,2,1,1.0,6.0,93005,M,,,93
201700041483,17,4,11,1910,1,2,1,1.0,6.0,93005,M,,,93
201700041484,17,4,11,1425,1,2,2,1.0,3.0,93005,M,,,93
201700041485,17,4,11,2100,5,2,9,1.0,1.0,93005,M,,,93
201700041486,17,4,12,1930,1,2,1,1.0,4.0,93005,M,,,93
201700041487,17,4,12,1900,1,2,1,1.0,6.0,93005,M,,,93
201700041488,17,4,14,1830,1,2,2,1.0,3.0,93005,M,,,93
201700041489,17,4,15,255,5,2,2,1.0,3.0,93005,M,,,93
201700041490,17,4,18,1935,1,2,1,1.0,2.0,93005,M,,,93
201700041491,17,4,20,1800,1,2,1,1.0,6.0,93005,M,,,93
201700041492,17,4,20,1730,1,2,1,1.0,2.0,93005,M,,,93
201700041493,17,4,20,2130,4,2,1,1.0,1.0,93005,M,,,93
201700041494,17,4,25,1825,1,2,3,1.0,3.0,93005,M,,,93
201700041495,17,4,26,1850,1,2,6,2.0,2.0,93005,M,,,93
201700041496,17,4,29,610,2,2,6,1.0,3.0,93005,M,,,93
201700041497,17,5,5,1445,1,2,2,1.0,6.0,93005,M,,,93
201700041498,17,5,14,2125,1,2,2,1.0,3.0,93005,M,,,93
201700041499,17,5,15,1825,1,2,1,1.0,2.0,93005,M,,,93
201700041500,17,5,16,1305,1,2,9,7.0,6.0,93005,M,4895266.0,251353.0,93
201700041501,17,5,27,2000,1,2,1,1.0,3.0,93005,M,,,93
201700041502,17,5,31,1430,1,2,1,1.0,5.0,93005,M,4893131.0,249635.0,93
201700041503,17,5,31,5,5,2,3,1.0,3.0,93005,M,,,93
201700041504,17,6,2,2250,5,2,1,1.0,3.0,93005,M,,,93
201700041505,17,6,5,2310,5,2,2,1.0,6.0,93005,M,,,93
201700041506,17,6,7,1330,1,2,9,1.0,2.0,93005,M,,,93
201700041507,17,6,8,1500,1,2,1,1.0,3.0,93005,M,,,93
201700041508,17,6,8,1945,1,2,9,1.0,3.0,93005,M,,,93
201700041509,17,6,9,1800,1,2,1,1.0,2.0,93005,M,4895235.0,248967.0,93
201700041510,17,6,10,2000,1,2,3,1.0,3.0,93005,M,,,93
201700041511,17,6,12,910,1,2,1,1.0,3.0,93005,M,,,93
201700041512,17,6,12,1720,1,2,2,1.0,6.0,93005,M,4895106.0,249141.0,93
201700041513,17,6,14,1400,1,2,1,1.0,6.0,93005,M,,,93
201700041514,17,6,15,1830,1,2,1,1.0,6.0,93005,M,,,93
201700041515,17,6,27,1730,1,2,1,2.0,6.0,93005,M,,,93
201700041516,17,6,29,1230,1,2,1,1.0,3.0,93005,M,,,93
201700041517,17,7,2,1840,1,2,1,1.0,6.0,93005,M,4893171.0,250309.0,93
201700041518,17,7,2,1850,1,2,1,1.0,5.0,93005,M,,,93
201700041519,17,7,3,1210,1,2,2,8.0,3.0,93005,M,,,93
201700041520,17,7,4,1745,1,2,1,1.0,6.0,93005,M,,,93
201700041521,17,7,6,1015,1,2,1,2.0,2.0,93005,M,,,93
201700041522,17,7,7,1315,1,2,1,1.0,2.0,93005,M,4893000.0,249000.0,93
201700041523,17,7,11,1440,1,1,1,1.0,1.0,93005,M,,,93
201700041524,17,7,16,1440,1,2,1,1.0,6.0,93005,M,,,93
201700041525,17,7,17,1300,1,2,2,1.0,3.0,93005,M,,,93
201700041526,17,7,14,2134,2,2,3,9.0,6.0,93005,M,4894933.0,249759.0,93
201700041527,17,7,20,2030,2,2,6,1.0,3.0,93005,M,,,93
201700041528,17,7,24,1457,1,2,1,8.0,3.0,93005,M,4895280.0,246680.0,93
201700041529,17,7,26,640,2,2,6,1.0,3.0,93005,M,4891820.0,247950.0,93
201700041530,17,7,28,16,5,2,1,1.0,3.0,93005,M,4894970.0,249522.0,93
201700041531,17,7,29,1525,1,2,1,1.0,3.0,93005,M,4891994.0,248438.0,93
201700041532,17,7,31,1820,1,2,2,1.0,3.0,93005,M,4892311.0,250754.0,93
201700041533,17,8,8,1110,1,2,1,2.0,6.0,93005,M,4894885.0,251456.0,93
201700041534,17,8,12,1745,1,2,3,2.0,3.0,93005,M,4893664.0,250279.0,93
201700041535,17,8,26,50,3,2,3,1.0,1.0,93005,M,4893264.0,247431.0,93
201700041536,17,8,26,2030,2,2,1,1.0,3.0,93005,M,4895891.0,248834.0,93
201700041537,17,8,28,700,2,2,2,1.0,3.0,93005,M,4892856.0,248169.0,93
201700041538,17,8,30,1500,1,2,1,1.0,6.0,93005,M,4895559.0,250080.0,93
201700041539,17,9,1,1730,1,2,2,1.0,3.0,93005,M,4895375.0,250640.0,93
201700041540,17,9,2,1500,1,2,1,1.0,3.0,93005,M,4893279.0,248412.0,93
201700041541,17,9,4,1950,1,2,1,1.0,6.0,93005,M,4893333.0,246413.0,93
201700041542,17,9,7,1710,1,2,1,1.0,2.0,93005,M,4896335.0,250201.0,93
201700041543,17,9,7,1950,2,2,1,1.0,3.0,93005,M,4893009.0,249101.0,93
201700041544,17,9,9,1617,1,2,3,8.0,3.0,93005,M,4892202.0,248199.0,93
201700041545,17,9,10,2210,3,2,1,2.0,2.0,93005,M,,,93
201700041546,17,9,12,1600,1,2,1,2.0,7.0,93005,M,4895555.0,248690.0,93
201700041547,17,9,13,810,1,2,1,2.0,6.0,93005,M,4893528.0,249030.0,93
201700041548,17,9,14,830,1,2,8,1.0,6.0,93005,M,4894270.0,250402.0,93
201700041549,17,9,14,1030,1,2,1,1.0,3.0,93005,M,4895952.0,250454.0,93
201700041550,17,9,18,615,5,2,1,1.0,6.0,93005,M,4895729.0,249815.0,93
201700041551,17,9,16,2115,5,2,1,1.0,6.0,93005,M,4893398.0,249699.0,93
201700041552,17,9,21,915,1,2,2,1.0,3.0,93005,M,4893836.0,249857.0,93
201700041553,17,9,21,1027,1,2,2,1.0,3.0,93005,M,4892417.0,250378.0,93
201700041554,17,9,22,1526,1,2,1,1.0,3.0,93005,M,4894849.0,249418.0,93
201700041555,17,9,1,2340,5,2,1,2.0,6.0,93005,M,4896286.0,247552.0,93
201700041556,17,9,23,2207,5,2,1,1.0,3.0,93005,M,4893282.0,248850.0,93
201700041557,17,9,26,750,1,1,6,2.0,2.0,93005,M,4896093.0,248432.0,93
201700041558,17,10,17,310,5,2,1,1.0,2.0,93005,M,4895283.0,249386.0,93
201700041559,17,10,18,1,5,2,9,1.0,3.0,93005,M,4894417.0,249613.0,93
201700041560,17,10,18,1300,1,2,1,1.0,2.0,93005,M,4894308.0,250602.0,93
201700041561,17,10,19,1200,1,2,1,1.0,2.0,93005,M,4895603.0,251809.0,93
201700041562,17,10,22,2100,5,2,3,3.0,2.0,93005,M,4896139.0,250028.0,93
201700041563,17,10,24,2354,5,2,1,1.0,6.0,93005,M,4895644.0,247681.0,93
201700041564,17,10,25,1700,1,2,1,1.0,6.0,93005,M,,,93
201700041565,17,10,29,1050,1,2,1,2.0,6.0,93005,M,4894308.0,250602.0,93
201700041566,17,10,29,1200,1,2,2,2.0,3.0,93005,M,4893568.0,248811.0,93
201700041567,17,12,6,1845,5,2,1,1.0,2.0,93005,M,4893267.0,248823.0,93
201700041568,17,12,7,1120,1,2,1,1.0,6.0,93005,M,4893128.0,249390.0,93
201700041569,17,12,9,2240,5,2,1,8.0,6.0,93005,M,4895657.0,250549.0,93
201700041570,17,12,10,1500,1,2,1,6.0,6.0,93005,M,4895340.0,249780.0,93
201700041571,17,12,11,830,2,2,2,2.0,3.0,93005,M,4892590.0,249080.0,93
201700041572,17,12,11,1430,1,2,1,6.0,1.0,93005,M,4893009.0,250938.0,93
201700041573,17,12,12,1950,5,2,1,1.0,6.0,93005,M,4895260.0,251599.0,93
201700041574,17,12,13,1430,1,2,1,2.0,3.0,93005,M,4896004.0,248775.0,93
201700041575,17,1,2,1210,1,2,1,2.0,7.0,93007,M,,,93
201700041576,17,1,5,910,1,2,3,8.0,3.0,93007,M,,,93
201700041577,17,1,12,1910,5,2,1,3.0,6.0,93007,M,,,93
201700041578,17,1,17,1613,1,2,1,1.0,1.0,93007,M,,,93
201700041579,17,1,21,1520,1,2,1,1.0,2.0,93007,M,,,93
201700041580,17,2,10,1702,1,2,1,2.0,2.0,93007,M,,,93
201700041581,17,3,2,930,1,2,2,1.0,1.0,93007,M,,,93
201700041582,17,3,20,1045,1,2,2,1.0,3.0,93007,M,,,93
201700041583,17,4,1,1140,1,2,7,1.0,6.0,93007,M,4893348.0,247993.0,93
201700041584,17,4,8,1920,1,2,1,1.0,6.0,93007,M,4892715.0,247101.0,93
201700041585,17,4,9,1550,1,2,1,1.0,6.0,93007,M,4894605.0,246085.0,93
201700041586,17,4,29,2210,5,2,2,1.0,3.0,93007,M,4894060.0,245835.0,93
201700041587,17,5,4,2240,5,2,1,2.0,6.0,93007,M,,,93
201700041588,17,5,4,2240,5,2,2,2.0,3.0,93007,M,4894641.0,245541.0,93
201700041589,17,5,19,1715,1,2,1,1.0,6.0,93007,M,,,93
201700041590,17,5,24,1500,1,2,1,1.0,6.0,93007,M,,,93
201700041591,17,5,27,1830,1,2,1,1.0,6.0,93007,M,4895344.0,244476.0,93
201700041592,17,5,29,1340,1,2,1,1.0,2.0,93007,M,,,93
201700041593,17,6,1,745,1,2,5,1.0,1.0,93007,M,,,93
201700041594,17,6,10,1920,1,2,2,1.0,3.0,93007,M,4893793.0,246972.0,93
201700041595,17,6,10,2130,1,2,2,1.0,3.0,93007,M,,,93
201700041596,17,6,13,1330,1,2,9,1.0,6.0,93007,M,,,93
201700041597,17,6,15,1918,1,2,3,1.0,3.0,93007,M,4893827.0,245777.0,93
201700041598,17,6,19,835,1,2,1,1.0,6.0,93007,M,,,93
201700041599,17,6,20,815,1,2,1,1.0,3.0,93007,M,,,93
201700041600,17,6,22,2040,1,2,1,1.0,1.0,93007,M,,,93
201700041601,17,6,27,1700,1,2,1,2.0,2.0,93007,M,,,93
201700041602,17,6,28,1710,1,2,2,2.0,3.0,93007,M,4894200.0,246449.0,93
201700041603,17,6,29,2020,1,2,1,1.0,6.0,93007,M,,,93
201700041604,17,7,4,1655,1,2,1,1.0,6.0,93007,M,,,93
201700041605,17,7,16,555,2,2,1,1.0,2.0,93007,M,4895014.0,246575.0,93
201700041606,17,7,31,1250,1,2,6,1.0,3.0,93007,M,,,93
201700041607,17,8,5,1005,1,2,1,1.0,3.0,93007,M,,,93
201700041608,17,8,6,710,1,2,1,1.0,3.0,93007,M,4892554.0,246864.0,93
201700041609,17,8,8,2335,5,2,6,8.0,3.0,93007,M,,,93
201700041610,17,8,14,5,5,2,1,1.0,3.0,93007,M,,,93
201700041611,17,8,14,1225,1,2,1,1.0,6.0,93007,M,,,93
201700041612,17,8,22,1925,1,2,6,1.0,3.0,93007,M,4894042.0,243120.0,93
201700041613,17,8,28,2230,5,2,1,1.0,5.0,93007,M,4892980.0,247970.0,93
201700041614,17,9,16,2015,5,2,2,1.0,6.0,93007,M,,,93
201700041615,17,9,16,1950,1,2,1,1.0,6.0,93007,M,4892548.0,247423.0,93
201700041616,17,9,18,720,1,2,3,1.0,3.0,93007,M,4894018.0,247077.0,93
201700041617,17,9,18,1845,1,2,1,1.0,3.0,93007,M,4892727.0,246865.0,93
201700041618,17,9,29,840,1,2,1,1.0,2.0,93007,M,4894307.0,242900.0,93
201700041619,17,10,4,1340,1,2,1,1.0,2.0,93007,M,4892769.0,248084.0,93
201700041620,17,10,7,245,5,2,6,2.0,6.0,93007,M,4892995.0,246628.0,93
201700041621,17,10,13,1830,1,2,1,1.0,3.0,93007,M,4894737.0,245043.0,93
201700041622,17,10,19,2150,5,2,1,1.0,3.0,93007,M,4895008.0,245731.0,93
201700041623,17,10,20,925,1,2,2,1.0,3.0,93007,M,4892873.0,247036.0,93
201700041624,17,10,20,1735,1,2,1,1.0,5.0,93007,M,4894815.0,243814.0,93
201700041625,17,10,31,1820,5,2,1,1.0,6.0,93007,M,4894643.0,245968.0,93
201700041626,17,11,1,240,5,2,1,1.0,6.0,93007,M,4892000.0,246000.0,93
201700041627,17,11,2,1820,2,2,1,1.0,3.0,93007,M,4892781.0,247419.0,93
201700041628,17,11,8,550,5,2,1,8.0,3.0,93007,M,4894509.0,243506.0,93
201700041629,17,11,27,1635,5,2,2,3.0,6.0,93007,M,4892202.0,247438.0,93
201700041630,17,11,29,855,1,2,1,1.0,6.0,93007,M,4894052.0,247079.0,93
201700041631,17,11,30,850,1,2,1,1.0,6.0,93007,M,4894489.0,244940.0,93
201700041632,17,12,2,1630,2,2,7,1.0,2.0,93007,M,4894970.0,246684.0,93
201700041633,17,12,8,700,5,2,3,1.0,6.0,93007,M,,,93
201700041634,17,12,11,720,5,2,3,2.0,6.0,93007,M,4895053.0,244029.0,93
201700041635,17,12,16,1745,5,2,2,1.0,6.0,93007,M,4894551.0,244571.0,93
201700041636,17,12,26,1620,1,2,6,1.0,5.0,93010,M,,,93
201700041637,17,1,2,1255,1,2,3,2.0,3.0,93008,M,,,93
201700041638,17,1,3,1945,5,2,1,1.0,1.0,93008,M,,,93
201700041639,17,1,10,940,1,2,1,1.0,2.0,93008,M,,,93
201700041640,17,1,15,1503,1,2,1,2.0,1.0,93008,M,,,93
201700041641,17,1,15,1840,5,2,1,4.0,6.0,93008,M,,,93
201700041642,17,1,18,835,1,2,1,1.0,6.0,93008,M,,,93
201700041643,17,1,23,740,2,2,3,9.0,6.0,93008,M,,,93
201700041644,17,1,23,1845,5,2,3,1.0,6.0,93008,M,,,93
201700041645,17,1,25,1515,1,2,2,1.0,3.0,93008,M,,,93
201700041646,17,1,26,1000,1,2,1,1.0,6.0,93008,M,,,93
201700041647,17,1,28,1415,1,2,9,1.0,6.0,93008,M,,,93
201700041648,17,1,29,2130,5,2,2,3.0,3.0,93008,M,,,93
201700041649,17,2,2,1920,5,2,1,2.0,2.0,93008,M,,,93
201700041650,17,2,4,1938,5,2,9,8.0,3.0,93008,M,,,93
201700041651,17,2,8,1615,1,2,1,1.0,3.0,93008,M,,,93
201700041652,17,2,9,2120,4,2,1,1.0,1.0,93008,M,,,93
201700041653,17,2,22,1350,1,2,1,1.0,2.0,93008,M,,,93
201700041654,17,2,22,2245,5,2,1,1.0,4.0,93008,M,,,93
201700041655,17,3,2,1145,1,2,2,1.0,3.0,93008,M,,,93
201700041656,17,3,7,2005,5,2,1,1.0,3.0,93008,M,,,93
201700041657,17,3,9,1155,1,2,1,1.0,6.0,93008,M,,,93
201700041658,17,3,10,1530,1,2,1,1.0,2.0,93008,M,,,93
201700041659,17,3,12,17,5,2,1,1.0,3.0,93008,M,,,93
201700041660,17,3,21,1640,1,2,3,1.0,6.0,93008,M,,,93
201700041661,17,3,21,1640,1,2,3,1.0,6.0,93008,M,4890362.0,241772.0,93
201700041662,17,3,22,1640,1,2,3,1.0,7.0,93008,M,4891228.0,244870.0,93
201700041663,17,4,4,740,1,2,1,1.0,6.0,93008,M,4891328.0,241699.0,93
201700041664,17,4,6,1905,1,2,2,1.0,6.0,93008,M,4891003.0,244626.0,93
201700041665,17,4,11,1849,1,2,1,1.0,6.0,93008,M,4890616.0,246353.0,93
201700041666,17,4,12,1745,1,2,6,1.0,6.0,93008,M,4890649.0,243868.0,93
201700041667,17,4,16,1300,1,2,1,1.0,6.0,93008,M,4890852.0,244292.0,93
201700041668,17,4,19,2045,1,2,1,1.0,6.0,93008,M,4890852.0,244292.0,93
201700041669,17,4,21,1100,1,2,3,1.0,3.0,93008,M,4890649.0,243868.0,93
201700041670,17,4,23,900,1,2,1,1.0,2.0,93008,M,4890831.0,242718.0,93
201700041671,17,4,27,1050,1,2,1,1.0,6.0,93008,M,4891198.0,243528.0,93
201700041672,17,5,11,1045,1,2,1,1.0,6.0,93008,M,4890186.0,242538.0,93
201700041673,17,5,11,1220,1,2,9,1.0,3.0,93008,M,4890311.0,242536.0,93
201700041674,17,5,17,900,1,2,1,1.0,6.0,93008,M,4890616.0,246353.0,93
201700041675,17,5,20,130,5,2,3,1.0,1.0,93008,M,4890742.0,242476.0,93
201700041676,17,5,23,1715,1,2,1,1.0,6.0,93008,M,4890972.0,244460.0,93
201700041677,17,6,8,1600,1,2,1,1.0,1.0,93008,M,4890607.0,245851.0,93
201700041678,17,6,26,1210,1,2,1,1.0,6.0,93008,M,4891343.0,246675.0,93
201700041679,17,6,26,1750,1,2,1,1.0,1.0,93008,M,4889570.0,242609.0,93
201700041680,17,6,29,1730,1,2,1,2.0,2.0,93008,M,4891424.0,243108.0,93
201700041681,17,7,20,1620,1,2,1,1.0,4.0,93008,M,4890430.0,242074.0,93
201700041682,17,7,21,1630,1,2,1,1.0,2.0,93008,M,4891457.0,244020.0,93
201700041683,17,8,4,40,3,2,1,1.0,3.0,93008,M,4890949.0,243770.0,93
201700041684,17,8,14,1740,1,2,1,7.0,3.0,93008,M,4890479.0,242669.0,93
201700041685,17,8,22,1520,1,2,6,1.0,6.0,93008,M,4890613.0,246356.0,93
201700041686,17,8,24,1130,1,2,6,8.0,2.0,93008,M,4890869.0,245355.0,93
201700041687,17,8,27,1408,1,2,1,1.0,3.0,93008,M,4890609.0,246358.0,93
201700041688,17,9,1,1715,1,2,1,1.0,4.0,93008,M,4890780.0,245355.0,93
201700041689,17,9,4,1950,2,2,1,1.0,6.0,93008,M,4890949.0,243782.0,93
201700041690,17,9,12,745,1,2,1,1.0,6.0,93008,M,4890614.0,246370.0,93