Num_Acc,an,mois,jour,hrmn,lum,agg,int,atm,col,com,gps,lat,long,dep
201700041691,17,9,14,1415,1,2,2,2.0,5.0,93008,M,4890649.0,243831.0,93
201700041692,17,9,15,1810,1,2,1,1.0,6.0,93008,M,4890866.0,245341.0,93
201700041693,17,9,16,1930,1,2,3,1.0,3.0,93008,M,4890946.0,246749.0,93
201700041694,17,9,30,1735,1,2,1,1.0,6.0,93008,M,4891052.0,245385.0,93
201700041695,17,10,16,815,1,2,1,1.0,3.0,93008,M,4891624.0,241814.0,93
201700041696,17,10,19,925,1,2,9,1.0,3.0,93008,M,4890767.0,245670.0,93
201700041697,17,10,30,1920,5,2,1,1.0,6.0,93008,M,4890783.0,242207.0,93
201700041698,17,11,6,829,1,2,1,1.0,2.0,93008,M,,,93
201700041699,17,11,7,915,2,2,1,1.0,6.0,93008,M,4891098.0,246426.0,93
201700041700,17,11,12,1800,5,2,1,3.0,3.0,93008,M,4890971.0,241668.0,93
201700041701,17,11,12,232,5,2,6,3.0,4.0,93008,M,,,93
201700041702,17,11,13,830,1,2,1,1.0,5.0,93008,M,,,93
201700041703,17,11,14,740,2,2,1,1.0,7.0,93008,M,4891129.0,244672.0,93
201700041704,17,11,21,1415,1,2,2,8.0,3.0,93008,M,4890640.0,245243.0,93
201700041705,17,11,23,1610,1,2,1,3.0,2.0,93008,M,4890022.0,244129.0,93
201700041706,17,11,24,1540,1,2,6,1.0,6.0,93008,M,4890998.0,244589.0,93
201700041707,17,11,25,2305,5,2,1,1.0,2.0,93008,M,4891658.0,241839.0,93
201700041708,17,11,26,1650,2,2,1,1.0,3.0,93008,M,,,93
201700041709,17,11,26,2200,5,2,1,1.0,3.0,93008,M,4889781.0,243778.0,93
201700041710,17,11,27,1800,5,2,1,3.0,6.0,93008,M,,,93
201700041711,17,12,8,1630,1,2,1,2.0,2.0,93008,M,,,93
201700041712,17,12,10,2030,3,2,1,1.0,1.0,93008,M,,,93
201700041713,17,12,18,1600,1,2,1,1.0,1.0,93008,M,,,93
201700041714,17,12,18,1800,5,2,3,8.0,3.0,93008,M,4891807.0,241637.0,93
201700041715,17,12,22,1800,3,2,9,1.0,6.0,93008,M,,,93
201700041716,17,12,23,1953,5,2,3,1.0,3.0,93008,M,,,93
201700041717,17,3,20,1135,1,2,6,1.0,6.0,93010,M,4891622.0,247904.0,93
201700041718,17,3,23,1720,1,2,1,2.0,6.0,93010,M,4889079.0,249684.0,93
201700041719,17,3,25,1140,1,2,3,1.0,3.0,93057,M,4890559.0,251090.0,93
201700041720,17,3,28,1210,1,2,1,1.0,6.0,93057,M,4891647.0,249759.0,93
201700041721,17,3,29,1825,1,2,1,1.0,6.0,93010,M,4890551.0,247901.0,93
201700041722,17,4,2,2035,2,2,1,1.0,6.0,93057,M,,,93
201700041723,17,4,7,1515,1,2,1,1.0,6.0,93010,M,4890321.0,247991.0,93
201700041724,17,4,11,1230,1,2,7,1.0,6.0,93010,M,4889448.0,247921.0,93
201700041725,17,4,11,1720,1,2,1,1.0,3.0,93010,M,4890067.0,248704.0,93
201700041726,17,4,14,915,1,2,3,1.0,3.0,93057,M,,,93
201700041727,17,4,18,1345,1,2,1,1.0,6.0,93010,M,4890030.0,247967.0,93
201700041728,17,4,19,1555,1,1,4,1.0,3.0,93010,M,,,93
201700041729,17,4,21,812,1,2,3,1.0,3.0,93010,M,4890949.0,248158.0,93
201700041730,17,4,28,920,1,2,1,2.0,2.0,93010,M,,,93
201700041731,17,4,28,1550,1,2,1,1.0,2.0,93057,M,4891470.0,250195.0,93
201700041732,17,5,2,1420,1,2,6,1.0,2.0,93010,M,,,93
201700041733,17,5,4,1524,1,2,1,1.0,6.0,93057,M,4890884.0,251660.0,93
201700041734,17,5,5,1945,1,2,1,1.0,6.0,93057,M,,,93
201700041735,17,5,14,1600,1,2,1,1.0,2.0,93057,M,,,93
201700041736,17,5,14,1630,1,2,8,1.0,3.0,93057,M,,,93
201700041737,17,5,17,850,1,2,1,1.0,6.0,93010,M,,,93
201700041738,17,5,19,1820,1,2,3,1.0,1.0,93010,M,,,93
201700041739,17,5,22,1500,1,2,2,1.0,3.0,93010,M,4890715.0,248879.0,93
201700041740,17,5,26,945,1,2,3,7.0,3.0,93010,M,,,93
201700041741,17,5,27,2310,5,2,2,1.0,3.0,93010,M,,,93
201700041742,17,5,31,1315,1,2,1,1.0,3.0,93010,M,,,93
201700041743,17,6,2,1745,1,2,1,1.0,3.0,93057,M,,,93
201700041744,17,6,4,1850,1,2,1,1.0,6.0,93010,M,4890232.0,248241.0,93
201700041745,17,6,6,1230,1,2,1,1.0,3.0,93057,M,4890778.0,249544.0,93
201700041746,17,6,12,1030,1,2,1,7.0,2.0,93057,M,,,93
201700041747,17,6,16,1855,1,2,3,1.0,3.0,93010,M,,,93
201700041748,17,6,16,1850,1,2,1,1.0,2.0,93010,M,,,93
201700041749,17,6,23,1530,1,2,3,1.0,3.0,93010,M,,,93
201700041750,17,6,24,1720,1,2,1,1.0,1.0,93010,M,,,93
201700041751,17,6,27,150,5,2,2,1.0,3.0,93010,M,,,93
201700041752,17,6,29,1620,1,2,1,2.0,6.0,93010,M,4891805.0,248467.0,93
201700041753,17,6,30,1755,1,2,9,1.0,5.0,93010,M,,,93
201700041754,17,6,30,2330,5,2,1,1.0,1.0,93057,M,,,93
201700041755,17,7,3,1140,1,2,1,1.0,4.0,93010,M,4889707.0,247711.0,93
201700041756,17,7,5,1400,1,2,1,1.0,6.0,93057,M,4891418.0,249961.0,93
201700041757,17,7,5,1830,1,2,1,1.0,3.0,93057,M,4890800.0,249520.0,93
201700041758,17,7,14,2350,5,2,2,1.0,3.0,93057,M,4890409.0,250476.0,93
201700041759,17,7,15,1800,1,2,1,1.0,2.0,93010,M,4890566.0,247485.0,93
201700041760,17,7,16,630,1,2,1,1.0,6.0,93057,M,4890977.0,250723.0,93
201700041761,17,7,16,1200,1,2,3,1.0,3.0,93010,M,,,93
201700041762,17,7,21,1850,1,2,1,1.0,6.0,93057,M,4891153.0,252073.0,93
201700041763,17,7,26,615,2,2,1,1.0,4.0,93057,M,4890997.0,250796.0,93
201700041764,17,7,29,830,1,2,3,1.0,2.0,93057,M,4890029.0,250571.0,93
201700041765,17,8,5,2208,5,2,2,1.0,3.0,93010,M,4889979.0,-248142.0,93
201700041766,17,8,5,2208,5,2,2,1.0,3.0,93010,M,,,93
201700041767,17,8,9,1147,1,2,2,1.0,3.0,93010,M,4890236.0,247074.0,93
201700041768,17,8,4,1300,1,2,1,1.0,2.0,93010,M,4890543.0,246985.0,93
201700041769,17,8,11,2000,1,2,3,1.0,3.0,93010,M,4890236.0,247074.0,93
201700041770,17,8,13,1915,1,2,1,1.0,5.0,93057,M,,,93
201700041771,17,8,21,1125,1,2,1,1.0,1.0,93010,M,,,93
201700041772,17,8,22,1030,1,2,1,1.0,7.0,93010,M,4890598.0,248010.0,93
201700041773,17,8,22,1430,1,2,1,1.0,2.0,93010,M,,,93
201700041774,17,8,25,1619,1,2,1,2.0,2.0,93057,M,4891010.0,250981.0,93
201700041775,17,8,28,2140,5,2,1,1.0,6.0,93010,M,,,93
201700041776,17,9,9,1400,1,2,1,3.0,2.0,93010,M,,,93
201700041777,17,9,12,1732,1,2,1,1.0,2.0,93057,M,4890842.0,249783.0,93
201700041778,17,9,22,1440,1,2,3,1.0,3.0,93010,M,,,93
201700041779,17,9,25,715,2,2,1,1.0,5.0,93010,M,4890607.0,248078.0,93
201700041780,17,10,1,2150,5,2,1,2.0,3.0,93010,M,4890440.0,247057.0,93
201700041781,17,10,6,1600,1,2,1,1.0,3.0,93010,M,,,93
201700041782,17,10,8,405,5,1,1,8.0,7.0,93010,M,4890568.0,247491.0,93
201700041783,17,10,9,1853,1,2,1,8.0,2.0,93010,M,4889161.0,249002.0,93
201700041784,17,10,10,1630,1,2,1,1.0,2.0,93057,M,4890717.0,249033.0,93
201700041785,17,10,15,1945,5,2,3,1.0,3.0,93010,M,4889524.0,248745.0,93
201700041786,17,10,17,1250,1,2,2,1.0,2.0,93010,M,4889557.0,248484.0,93
201700041787,17,10,17,2040,5,2,1,1.0,6.0,93010,M,4890273.0,248231.0,93
201700041788,17,10,18,1150,1,2,1,1.0,6.0,93010,M,4890325.0,247979.0,93
201700041789,17,10,23,1800,2,2,3,2.0,3.0,93010,M,4889976.0,249411.0,93
201700041790,17,10,28,1525,1,2,1,1.0,7.0,93010,M,4890738.0,248970.0,93
201700041791,17,10,30,1110,1,2,1,1.0,2.0,93057,M,4890988.0,250715.0,93
201700041792,17,11,4,1450,1,2,2,1.0,3.0,93010,M,4889848.0,248744.0,93
201700041793,17,11,7,1820,4,2,1,1.0,6.0,93010,M,4890433.0,247054.0,93
201700041794,17,11,9,850,1,2,2,1.0,3.0,93010,M,4890576.0,248023.0,93
201700041795,17,11,12,1525,1,2,3,4.0,3.0,93010,M,,,93
201700041796,17,11,18,2335,5,2,1,1.0,6.0,93010,M,,,93
201700041797,17,11,20,1620,1,2,3,1.0,3.0,93010,M,4890435.0,247308.0,93
201700041798,17,11,21,745,1,2,2,1.0,6.0,93010,M,4891272.0,248189.0,93
201700041799,17,11,21,1510,1,2,1,8.0,3.0,93057,M,,,93
201700041800,17,11,25,1440,1,2,1,1.0,6.0,93010,M,,,93
201700041801,17,11,25,1900,5,2,1,1.0,6.0,93010,M,,,93
201700041802,17,11,26,635,5,2,1,1.0,2.0,93057,M,4890932.0,250351.0,93
201700041803,17,11,26,2225,5,2,2,1.0,3.0,93057,M,4891031.0,250970.0,93
201700041804,17,12,2,1240,1,2,1,1.0,2.0,93057,M,,,93
201700041805,17,12,2,1900,5,2,1,1.0,6.0,93010,M,4890361.0,247718.0,93
201700041806,17,11,27,1953,5,2,1,2.0,7.0,93010,M,4889419.0,247583.0,93
201700041807,17,12,6,1030,1,1,1,1.0,6.0,93010,M,4888907.0,247783.0,93
201700041808,17,12,7,1900,5,2,9,3.0,6.0,93057,M,4890452.0,250036.0,93
201700041809,17,12,8,2040,5,2,3,8.0,3.0,93010,M,4890841.0,248002.0,93
201700041810,17,12,10,730,5,2,1,3.0,6.0,93057,M,,,93
201700041811,17,12,13,2135,5,2,1,1.0,3.0,93057,M,4890821.0,250484.0,93
201700041812,17,12,18,1750,1,2,1,1.0,6.0,93057,M,4890860.0,249565.0,93
201700041813,17,12,19,1545,1,2,1,1.0,6.0,93057,M,4891141.0,251837.0,93
201700041814,17,12,21,820,2,2,1,2.0,6.0,93057,M,,,93
201700041815,17,12,21,2125,5,2,1,2.0,6.0,93010,M,4890103.0,247083.0,93
201700041816,17,12,28,1720,5,2,1,1.0,6.0,93010,M,,,93
201700041817,17,12,31,55,5,2,1,2.0,3.0,93010,M,4890394.0,247078.0,93
201700041818,17,1,3,745,5,2,1,5.0,6.0,93057,M,,,93
201700041819,17,1,4,925,1,2,1,1.0,3.0,93057,M,,,93
201700041820,17,1,5,1330,1,2,5,1.0,3.0,93010,M,,,93
201700041821,17,1,8,505,5,2,2,1.0,2.0,93010,M,,,93
201700041822,17,1,10,1710,5,2,1,2.0,6.0,93010,M,,,93
201700041823,17,1,14,700,5,2,1,2.0,2.0,93057,M,,,93
201700041824,17,1,10,2230,5,2,2,1.0,3.0,93010,M,,,93
201700041825,17,1,18,1210,1,2,1,1.0,6.0,93010,M,,,93
201700041826,17,1,19,1435,1,2,4,1.0,6.0,93010,M,,,93
201700041827,17,1,23,630,5,2,1,9.0,2.0,93010,M,,,93
201700041828,17,1,25,1225,1,2,1,1.0,6.0,93010,M,,,93
201700041829,17,1,29,15,5,2,3,1.0,3.0,93057,M,,,93
201700041830,17,1,30,850,1,2,1,2.0,6.0,93010,M,,,93
201700041831,17,2,6,1715,1,1,1,8.0,2.0,93010,M,,,93
201700041832,17,2,12,2220,5,2,2,1.0,6.0,93010,M,,,93
201700041833,17,2,21,1600,1,2,1,1.0,6.0,93057,M,,,93
201700041834,17,2,23,1815,1,1,1,1.0,6.0,93010,M,,,93
201700041835,17,2,28,1145,1,2,6,2.0,2.0,93010,M,,,93
201700041836,17,2,28,1620,1,2,3,1.0,3.0,93010,M,,,93
201700041837,17,2,28,2300,5,2,1,1.0,7.0,93057,M,,,93
201700041838,17,3,2,1420,1,2,1,1.0,1.0,93010,M,,,93
201700041839,17,3,4,1210,1,2,1,2.0,6.0,93010,M,,,93
201700041840,17,3,18,900,1,2,1,8.0,2.0,93010,M,,,93
201700041841,17,3,18,1440,1,2,1,8.0,6.0,93010,M,,,93
201700041842,17,1,5,55,5,2,2,1.0,6.0,93047,M,,,93
201700041843,17,1,6,2235,5,2,1,1.0,1.0,93014,M,,,93
201700041844,17,1,7,230,3,2,1,1.0,6.0,93014,M,,,93
201700041845,17,1,12,1310,1,2,3,2.0,3.0,93047,M,,,93
201700041846,17,1,13,1600,1,2,1,2.0,6.0,93014,M,,,93
201700041847,17,1,14,1420,1,2,3,1.0,6.0,93014,M,,,93
201700041848,17,1,22,1805,5,2,2,1.0,2.0,93047,M,,,93
201700041849,17,1,24,1410,1,2,1,1.0,6.0,93014,M,,,93
201700041850,17,1,25,50,5,2,1,1.0,2.0,93047,M,,,93
201700041851,17,1,28,1220,1,2,2,1.0,3.0,93047,M,,,93
201700041852,17,2,5,1710,1,2,1,1.0,6.0,93047,M,,,93
201700041853,17,2,9,1825,5,2,1,1.0,3.0,93014,M,,,93
201700041854,17,2,15,1650,1,2,1,1.0,1.0,93047,M,,,93
201700041855,17,2,21,2235,5,2,1,1.0,6.0,93014,M,,,93
201700041856,17,3,3,615,5,2,2,1.0,3.0,93014,M,,,93
201700041857,17,3,11,1420,1,2,1,1.0,4.0,93014,M,,,93
201700041858,17,3,12,1805,2,2,1,1.0,1.0,93014,M,,,93
201700041859,17,3,13,1445,1,2,2,1.0,1.0,93047,M,,,93
201700041860,17,3,16,845,1,2,2,1.0,3.0,93047,M,,,93
201700041861,17,3,17,1535,1,2,2,1.0,3.0,93014,M,,,93
201700041862,17,3,22,1720,1,2,9,1.0,6.0,93047,M,,,93
201700041863,17,3,23,915,1,2,2,1.0,3.0,93047,M,4800000.0,200000.0,93
201700041864,17,3,30,750,1,2,3,1.0,3.0,93047,M,,,93
201700041865,17,4,7,2150,5,2,1,1.0,5.0,93014,M,,,93
201700041866,17,4,15,822,1,2,2,2.0,3.0,93014,M,,,93
201700041867,17,4,19,1220,1,2,1,1.0,7.0,93014,M,,,93
201700041868,17,4,23,510,5,2,1,1.0,3.0,93047,M,,,93
201700041869,17,4,24,1705,1,2,1,1.0,2.0,93047,M,,,93
201700041870,17,5,5,1852,1,2,1,1.0,1.0,93047,M,,,93
201700041871,17,5,9,1845,1,2,3,1.0,2.0,93014,M,,,93
201700041872,17,5,11,300,5,2,2,1.0,3.0,93047,M,,,93
201700041873,17,5,11,500,5,2,2,1.0,3.0,93047,M,,,93
201700041874,17,5,17,1544,1,2,1,7.0,6.0,93014,M,,,93
201700041875,17,5,28,1815,1,2,2,1.0,3.0,93047,M,,,93
201700041876,17,5,30,2015,1,2,3,1.0,3.0,93047,M,,,93
201700041877,17,5,29,1457,1,2,5,1.0,3.0,93047,M,,,93
201700041878,17,6,2,150,5,2,3,1.0,3.0,93047,M,,,93
201700041879,17,6,7,2020,1,2,3,7.0,1.0,93047,M,,,93
201700041880,17,6,9,1740,1,2,2,1.0,3.0,93047,M,,,93
201700041881,17,6,15,845,1,2,1,1.0,3.0,93014,M,,,93
201700041882,17,6,19,1550,1,2,1,7.0,2.0,93014,M,,,93
201700041883,17,6,24,1700,1,2,4,1.0,6.0,93014,M,,,93
201700041884,17,6,27,1545,1,2,2,2.0,3.0,93047,M,,,93
201700041885,17,6,30,1825,1,2,1,8.0,3.0,93014,M,,,93
201700041886,17,7,5,1700,1,2,1,1.0,6.0,93014,M,,,93
201700041887,17,7,5,2215,5,2,1,1.0,3.0,93047,M,,,93
201700041888,17,7,7,1228,1,2,1,1.0,3.0,93014,M,,,93
201700041889,17,7,15,1030,1,2,1,1.0,4.0,93014,M,,,93
201700041890,17,7,21,1620,1,2,4,1.0,6.0,93047,M,,,93
201700041891,17,7,25,2245,5,2,1,1.0,6.0,93014,M,,,93
201700041892,17,8,3,2037,2,2,1,1.0,6.0,93014,M,,,93
201700041893,17,8,6,1540,1,2,1,1.0,6.0,93014,M,,,93
201700041894,17,8,18,5,5,2,1,2.0,1.0,93014,M,,,93
201700041895,17,8,22,1130,1,2,1,1.0,3.0,93047,M,,,93
201700041896,17,8,24,1840,1,2,1,1.0,6.0,93014,M,,,93
201700041897,17,9,7,1236,1,2,1,1.0,6.0,93047,M,,,93
201700041898,17,9,10,1230,1,2,1,1.0,3.0,93014,M,,,93
201700041899,17,9,15,922,1,2,2,7.0,3.0,93014,M,4890875.0,255608.0,93
201700041900,17,9,15,1750,1,2,4,1.0,6.0,93047,M,,,93
201700041901,17,9,16,1730,1,2,3,1.0,2.0,93014,M,,,93
201700041902,17,9,23,1130,1,2,1,1.0,2.0,93014,M,,,93
201700041903,17,9,23,1900,1,2,4,1.0,2.0,93014,M,,,93
201700041904,17,9,26,855,1,2,3,2.0,3.0,93047,M,,,93
201700041905,17,9,26,2025,5,2,3,1.0,2.0,93047,M,,,93
201700041906,17,9,28,1500,1,2,2,2.0,3.0,93047,M,4889953.0,255199.0,93
201700041907,17,10,4,835,1,2,4,1.0,3.0,93047,M,4889851.0,255287.0,93
201700041908,17,10,4,2115,5,2,1,1.0,3.0,93014,M,4890836.0,255617.0,93
201700041909,17,10,6,935,1,2,3,1.0,6.0,93014,M,4891130.0,255063.0,93
201700041910,17,10,11,1905,2,2,3,1.0,3.0,93014,M,4890832.0,256132.0,93
201700041911,17,10,27,1640,1,2,1,1.0,2.0,93014,M,4891441.0,254429.0,93
201700041912,17,11,3,2200,5,2,2,1.0,3.0,93014,M,,,93
201700041913,17,11,4,1620,1,2,3,2.0,3.0,93047,M,4889865.0,254889.0,93
201700041914,17,11,6,2240,5,2,1,1.0,6.0,93047,M,,,93
201700041915,17,11,7,910,1,2,2,1.0,3.0,93047,M,4889945.0,255949.0,93
201700041916,17,11,8,1550,1,2,2,1.0,2.0,93047,M,,,93
201700041917,17,11,11,2030,5,2,5,2.0,3.0,93047,M,4889830.0,255339.0,93
201700041918,17,11,13,815,1,2,1,1.0,1.0,93014,M,,,93
201700041919,17,11,13,950,1,2,1,1.0,3.0,93014,M,,,93
201700041920,17,11,15,1335,1,2,3,1.0,3.0,93047,M,,,93
201700041921,17,11,22,1030,1,2,3,1.0,6.0,93047,M,4890497.0,258397.0,93
201700041922,17,11,24,1900,5,2,1,1.0,6.0,93047,M,,,93
201700041923,17,11,29,1720,5,2,1,1.0,6.0,93047,M,,,93
201700041924,17,12,10,100,5,2,5,2.0,6.0,93049,M,4886259.0,250787.0,93
201700041925,17,12,13,825,1,2,1,3.0,6.0,93014,M,4890649.0,255410.0,93
201700041926,17,12,29,800,2,2,3,1.0,6.0,93047,M,,,93
201700041927,17,1,3,1300,1,2,1,1.0,2.0,93027,M,,,93
201700041928,17,1,12,1630,1,2,3,2.0,3.0,93013,M,,,93
201700041929,17,1,13,1630,1,2,1,2.0,6.0,93027,M,,,93
201700041930,17,1,18,930,1,2,5,1.0,3.0,93027,M,,,93
201700041931,17,1,20,2250,5,2,1,1.0,6.0,93030,M,,,93
201700041932,17,1,21,1015,1,2,3,9.0,3.0,93027,M,,,93
201700041933,17,1,29,2140,5,2,9,2.0,6.0,93013,M,,,93
201700041934,17,2,6,2300,5,2,2,1.0,3.0,93027,M,,,93
201700041935,17,2,9,1505,1,2,1,1.0,4.0,93027,M,,,93
201700041936,17,2,10,1900,5,2,1,2.0,6.0,93013,M,,,93
201700041937,17,2,12,240,5,2,3,1.0,3.0,93027,M,,,93
201700041938,17,2,12,2210,5,2,1,1.0,3.0,93027,M,,,93
201700041939,17,2,13,1505,1,2,1,1.0,5.0,93030,M,,,93
201700041940,17,2,14,1155,1,2,1,2.0,6.0,93027,M,,,93
201700041941,17,2,14,1644,1,2,1,1.0,6.0,93027,M,,,93
201700041942,17,2,17,840,1,2,1,1.0,3.0,93013,M,,,93
201700041943,17,2,23,1105,1,2,3,1.0,6.0,93030,M,,,93
201700041944,17,2,26,1110,1,2,2,8.0,6.0,93027,M,,,93
201700041945,17,2,28,1700,1,2,1,1.0,6.0,93027,M,,,93
201700041946,17,3,1,1710,1,2,3,2.0,3.0,93027,M,,,93
201700041947,17,3,4,620,5,2,1,2.0,5.0,93027,M,,,93
201700041948,17,3,8,1920,5,2,1,2.0,2.0,93027,M,,,93
201700041949,17,3,17,1050,1,2,1,1.0,6.0,93027,M,,,93
201700041950,17,3,18,1200,1,2,1,2.0,6.0,93027,M,,,93
201700041951,17,3,21,930,1,1,1,8.0,6.0,93027,M,4892789.0,241831.0,93
201700041952,17,3,21,1545,1,2,1,1.0,6.0,93027,M,4855482.0,223065.0,93
201700041953,17,3,27,1118,1,2,1,1.0,6.0,93027,M,4855283.0,223093.0,93
201700041954,17,3,29,1310,1,2,1,1.0,6.0,93013,M,4893817.0,243305.0,93
201700041955,17,3,30,1135,1,2,1,1.0,4.0,93027,M,4855348.0,223476.0,93
201700041956,17,3,31,1920,1,2,1,1.0,6.0,93027,M,,,93
201700041957,17,4,1,1620,1,2,1,1.0,6.0,93030,M,4895291.0,241342.0,93
201700041958,17,4,5,2040,5,2,1,1.0,2.0,93030,M,4895766.0,241593.0,93
201700041959,17,4,9,1335,1,2,9,1.0,4.0,93027,M,4892499.0,239942.0,93
201700041960,17,4,14,1900,1,2,1,1.0,6.0,93027,M,4893056.0,238082.0,93
201700041961,17,4,18,1510,1,2,1,1.0,6.0,93013,M,4894265.0,242988.0,93
201700041962,17,4,21,2000,2,2,1,1.0,3.0,93027,M,4892179.0,238329.0,93
201700041963,17,4,23,1505,1,2,1,1.0,2.0,93013,M,4893434.0,241958.0,93
201700041964,17,5,1,2015,2,2,2,1.0,6.0,93030,M,4895383.0,241638.0,93
201700041965,17,5,7,215,5,2,2,2.0,3.0,93013,M,4856263.0,225510.0,93
201700041966,17,5,10,2000,1,2,1,1.0,2.0,93027,M,4891899.0,240841.0,93
201700041967,17,5,15,1800,1,2,3,1.0,3.0,93027,M,4855511.0,222571.0,93
201700041968,17,5,22,2120,5,2,3,1.0,3.0,93027,M,4892750.0,241775.0,93
201700041969,17,5,23,1620,1,2,1,1.0,6.0,93027,M,4892752.0,237978.0,93
201700041970,17,5,24,2330,5,2,1,1.0,7.0,93030,M,,,93
201700041971,17,5,25,1730,1,2,1,1.0,2.0,93027,M,4893535.0,240297.0,93
201700041972,17,5,30,1015,1,2,6,1.0,3.0,93027,M,4893006.0,238515.0,93
201700041973,17,6,1,1740,1,2,2,1.0,6.0,93013,M,4893331.0,242409.0,93
201700041974,17,6,4,145,5,2,1,1.0,6.0,93027,M,4892800.0,238552.0,93
201700041975,17,6,5,650,2,2,1,1.0,6.0,93013,M,4893307.0,242175.0,93
201700041976,17,6,7,1350,1,2,2,1.0,3.0,93027,M,4893087.0,238252.0,93
201700041977,17,6,7,1910,1,2,2,1.0,3.0,93027,M,4892241.0,240698.0,93
201700041978,17,6,9,2000,1,2,3,1.0,6.0,93027,M,4891942.0,241362.0,93
201700041979,17,6,10,1445,1,2,1,1.0,6.0,93027,M,,,93
201700041980,17,6,7,2046,1,2,1,1.0,2.0,93027,M,4892306.0,240566.0,93
201700041981,17,6,12,840,1,2,1,1.0,4.0,93027,M,4894233.0,241083.0,93
201700041982,17,6,15,730,1,2,3,1.0,3.0,93027,M,4892234.0,240754.0,93
201700041983,17,6,16,115,5,2,1,1.0,3.0,93030,M,4894772.0,243750.0,93
201700041984,17,6,18,1724,1,2,2,1.0,3.0,93027,M,4855381.0,223178.0,93
201700041985,17,6,18,2112,1,2,3,1.0,6.0,93027,M,4894911.0,238259.0,93
201700041986,17,6,22,1455,1,2,1,1.0,6.0,93030,M,4894967.0,241532.0,93
201700041987,17,6,23,1245,1,2,2,1.0,3.0,93027,M,4892182.0,238330.0,93
201700041988,17,6,24,1322,1,2,2,1.0,3.0,93027,M,4892805.0,771000.0,93
201700041989,17,6,25,1758,1,2,1,1.0,6.0,93027,M,4894196.0,241049.0,93
201700041990,17,6,29,1810,1,2,1,8.0,2.0,93027,M,,,93
201700041991,17,7,18,904,1,2,1,1.0,6.0,93027,M,4892440.0,241447.0,93
201700041992,17,7,20,538,2,2,2,1.0,3.0,93027,M,4892180.0,238329.0,93
201700041993,17,7,21,1620,1,2,1,1.0,6.0,93027,M,4892450.0,238437.0,93
201700041994,17,6,21,2125,2,2,1,1.0,7.0,93027,M,4892831.0,239437.0,93
201700041995,17,8,3,1715,1,2,1,1.0,6.0,93027,M,4892775.0,239164.0,93
201700041996,17,8,4,1410,1,2,1,1.0,2.0,93027,M,4893821.0,238796.0,93
201700041997,17,8,10,1250,1,2,1,2.0,3.0,93027,M,4892852.0,238923.0,93
201700041998,17,8,13,1130,1,2,1,1.0,6.0,93027,M,4892120.0,241076.0,93
201700041999,17,8,14,1915,1,2,3,1.0,3.0,93027,M,4893065.0,238253.0,93
201700042000,17,8,19,1854,1,2,6,1.0,3.0,93030,M,4894550.0,241410.0,93
201700042001,17,8,23,1230,1,2,1,1.0,3.0,93027,M,4892699.0,241749.0,93
201700042002,17,8,24,1945,1,2,3,1.0,3.0,93027,M,4892421.0,240225.0,93
201700042003,17,8,29,1950,1,2,1,1.0,6.0,93027,M,4893016.0,238449.0,93
201700042004,17,9,6,450,5,2,1,1.0,6.0,93030,M,4894667.0,241420.0,93
201700042005,17,9,14,325,5,2,2,2.0,6.0,93027,M,4892539.0,238462.0,93
201700042006,17,9,14,1150,1,2,2,1.0,6.0,93027,M,4892926.0,239666.0,93
201700042007,17,9,14,1040,1,2,1,1.0,3.0,93030,M,4895344.0,244253.0,93
201700042008,17,9,16,330,5,2,1,1.0,6.0,93027,M,4892239.0,238368.0,93
201700042009,17,9,18,1630,1,2,1,1.0,6.0,93027,M,4892688.0,239282.0,93
201700042010,17,9,18,1910,2,2,1,1.0,6.0,93027,M,4892767.0,237690.0,93
201700042011,17,9,18,1914,2,2,1,8.0,6.0,93027,M,4892752.0,237690.0,93
201700042012,17,9,29,1251,1,2,1,1.0,6.0,93030,M,4895000.0,100000.0,93
201700042013,17,9,30,1155,1,2,1,1.0,7.0,93027,M,4893000.0,241000.0,93
201700042014,17,9,30,1510,1,2,6,1.0,6.0,93030,M,4894548.0,241485.0,93
201700042015,17,10,5,1930,5,2,2,1.0,3.0,93027,M,4892170.0,238330.0,93
201700042016,17,10,6,645,5,2,6,1.0,3.0,93027,M,4893004.0,238526.0,93
201700042017,17,10,10,1321,1,2,1,1.0,1.0,93013,M,4893384.0,241759.0,93
201700042018,17,10,11,1640,1,2,1,1.0,3.0,93027,M,4892764.0,241776.0,93
201700042019,17,10,13,400,5,2,1,1.0,6.0,93027,M,4892332.0,240537.0,93
201700042020,17,10,14,1447,1,2,3,1.0,3.0,93030,M,4895789.0,241595.0,93
201700042021,17,10,18,1030,1,2,1,1.0,6.0,93027,M,4893013.0,237762.0,93
201700042022,17,10,19,1050,1,2,1,1.0,3.0,93027,M,4892553.0,241606.0,93
201700042023,17,10,22,2158,5,2,1,2.0,3.0,93027,M,4892796.0,238204.0,93
201700042024,17,10,23,2240,5,2,3,2.0,2.0,93027,M,4892334.0,238046.0,93
201700042025,17,11,3,850,1,2,1,1.0,2.0,93027,M,4892246.0,238796.0,93
201700042026,17,11,3,1245,1,2,1,1.0,6.0,93027,M,4992187.0,241195.0,93
201700042027,17,11,5,710,2,2,1,2.0,4.0,93013,M,4893213.0,242309.0,93
201700042028,17,11,5,1545,1,2,7,1.0,6.0,93027,M,,,93
201700042029,17,11,6,1545,1,2,3,1.0,3.0,93027,M,4892292.0,238155.0,93
201700042030,17,11,7,1230,1,2,1,1.0,2.0,93027,M,4893386.0,240128.0,93
201700042031,17,11,7,2118,5,2,7,1.0,3.0,93027,M,4892468.0,241471.0,93
201700042032,17,11,9,855,2,2,9,8.0,6.0,93013,M,4893497.0,242309.0,93
201700042033,17,11,12,1,5,2,1,2.0,6.0,93027,M,4892018.0,238287.0,93
201700042034,17,11,11,1657,2,2,1,2.0,6.0,93027,M,4892675.0,238480.0,93