Num_Acc,an,mois,jour,hrmn,lum,agg,int,atm,col,com,gps,lat,long,dep
201700042035,17,11,14,1700,2,2,9,1.0,6.0,93072,M,4895690.0,238295.0,93
201700042036,17,11,15,1715,2,2,1,1.0,2.0,93066,M,4892409.0,237247.0,93
201700042037,17,11,17,1710,2,2,1,1.0,2.0,93013,M,4893162.0,242771.0,93
201700042038,17,11,20,1337,1,2,1,1.0,6.0,93027,M,4893148.0,240013.0,93
201700042039,17,11,21,1700,2,2,3,1.0,6.0,93030,M,4895512.0,244418.0,93
201700042040,17,11,24,1250,1,2,1,8.0,6.0,93013,M,4893464.0,242555.0,93
201700042041,17,11,25,1620,1,2,1,1.0,6.0,93027,M,4894394.0,241269.0,93
201700042042,17,11,25,1908,5,2,1,1.0,3.0,93027,M,,,93
201700042043,17,11,25,2350,5,2,1,1.0,4.0,93013,M,4893628.0,243072.0,93
201700042044,17,12,1,1125,1,2,1,1.0,6.0,93013,M,4893909.0,242418.0,93
201700042045,17,12,6,740,5,2,2,1.0,3.0,93013,M,4893770.0,242869.0,93
201700042046,17,12,7,2200,5,2,1,2.0,2.0,93027,M,4892863.0,241872.0,93
201700042047,17,12,8,1729,2,2,9,2.0,6.0,93030,M,4895165.0,241672.0,93
201700042048,17,12,12,650,5,2,1,3.0,6.0,93027,M,4892308.0,240567.0,93
201700042049,17,12,22,435,5,2,1,1.0,3.0,93070,M,4891526.0,233123.0,93
201700042050,17,12,22,2125,5,2,1,2.0,4.0,93027,M,4893196.0,239800.0,93
201700042051,17,12,23,2020,5,2,1,1.0,3.0,93013,M,,,93
201700042052,17,12,25,618,5,2,2,2.0,3.0,93013,M,4893770.0,242871.0,93
201700042053,17,1,4,1855,5,2,1,2.0,3.0,93029,M,,,93
201700042054,17,1,8,2210,5,2,1,2.0,6.0,93029,M,,,93
201700042055,17,1,9,2100,5,2,1,2.0,6.0,93029,M,,,93
201700042056,17,1,12,1120,1,2,1,2.0,3.0,93029,M,,,93
201700042057,17,1,18,1015,1,2,9,9.0,6.0,93029,M,,,93
201700042058,17,1,18,1100,1,2,1,1.0,3.0,93029,M,,,93
201700042059,17,1,18,1527,1,2,1,1.0,6.0,93029,M,,,93
201700042060,17,1,19,1200,1,2,3,1.0,3.0,93029,M,,,93
201700042061,17,1,27,245,5,2,1,4.0,6.0,93029,M,,,93
201700042062,17,1,27,2320,5,2,1,1.0,6.0,93029,M,,,93
201700042063,17,1,28,45,5,2,2,2.0,3.0,93029,M,,,93
201700042064,17,2,8,1140,1,2,1,8.0,3.0,93029,M,,,93
201700042065,17,2,21,1230,1,1,1,1.0,3.0,93029,M,,,93
201700042066,17,3,1,1910,5,2,2,2.0,6.0,93029,M,,,93
201700042067,17,3,7,1600,1,2,7,1.0,6.0,93029,M,,,93
201700042068,17,3,8,1905,5,2,3,2.0,3.0,93029,M,,,93
201700042069,17,3,11,15,5,2,3,1.0,3.0,93029,M,,,93
201700042070,17,3,13,1940,5,2,1,1.0,1.0,93029,M,,,93
201700042071,17,3,15,2315,5,2,1,1.0,3.0,93029,M,,,93
201700042072,17,3,19,1520,1,2,1,1.0,2.0,93029,M,,,93
201700042073,17,3,22,1810,1,2,1,1.0,6.0,93029,M,4892000.0,-243000.0,93
201700042074,17,3,23,1215,1,2,1,2.0,7.0,93029,M,4892577.0,641000.0,93
201700042075,17,3,25,50,5,2,2,1.0,2.0,93029,M,4892358.0,244545.0,93
201700042076,17,3,30,930,1,2,2,1.0,3.0,93029,M,4892817.0,244343.0,93
201700042077,17,3,30,1420,1,2,1,1.0,3.0,93029,M,4891763.0,243206.0,93
201700042078,17,4,7,1637,1,2,1,1.0,3.0,93027,M,,,93
201700042079,17,4,7,1127,1,2,3,1.0,3.0,93029,M,4892321.0,243917.0,93
201700042080,17,4,8,1605,1,2,3,1.0,1.0,93029,M,,,93
201700042081,17,4,25,1705,1,2,5,1.0,6.0,93029,M,4892449.0,244678.0,93
201700042082,17,4,29,1755,1,2,1,1.0,1.0,93029,M,4891637.0,245361.0,93
201700042083,17,5,2,825,1,2,2,1.0,3.0,93029,M,4892187.0,243308.0,93
201700042084,17,5,11,1900,1,2,3,2.0,3.0,93029,M,4891826.0,243283.0,93
201700042085,17,5,13,100,3,2,1,8.0,2.0,93029,M,,,93
201700042086,17,5,20,1115,1,2,3,8.0,3.0,93029,M,4892506.0,244262.0,93
201700042087,17,5,23,1905,1,2,1,1.0,6.0,93029,M,4892325.0,244863.0,93
201700042088,17,5,24,825,1,2,1,1.0,4.0,93029,M,4892015.0,245178.0,93
201700042089,17,6,11,1020,1,2,3,1.0,6.0,93029,M,4892848.0,245523.0,93
201700042090,17,6,11,2125,1,2,1,1.0,6.0,93029,M,,,93
201700042091,17,6,14,1920,1,2,1,1.0,6.0,93027,M,,,93
201700042092,17,6,14,2335,5,2,3,1.0,3.0,93029,M,4892604.0,243829.0,93
201700042093,17,6,18,520,2,2,1,1.0,7.0,93029,M,,,93
201700042094,17,6,19,925,1,2,2,1.0,3.0,93029,M,4892808.0,244279.0,93
201700042095,17,6,20,940,1,2,2,1.0,3.0,93029,M,4892926.0,243120.0,93
201700042096,17,6,25,1230,1,2,1,1.0,1.0,93029,M,4891600.0,247180.0,93
201700042097,17,7,1,2025,1,2,1,1.0,6.0,93029,M,4890000.0,245000.0,93
201700042098,17,7,17,1220,1,2,3,1.0,1.0,93029,M,4891000.0,244000.0,93
201700042099,17,7,18,1710,1,2,1,1.0,2.0,93029,M,4892164.0,245525.0,93
201700042100,17,7,23,1,5,2,1,1.0,6.0,93029,M,,,93
201700042101,17,7,29,2310,5,2,2,1.0,1.0,93029,M,,,93
201700042102,17,8,12,1045,1,2,1,8.0,5.0,93029,M,4892679.0,243885.0,93
201700042103,17,8,19,1030,1,2,3,1.0,3.0,93029,M,4893040.0,243090.0,93
201700042104,17,9,7,1253,1,2,1,1.0,3.0,93029,M,4892563.0,245624.0,93
201700042105,17,9,7,1930,2,2,1,1.0,2.0,93029,M,4891674.0,247117.0,93
201700042106,17,9,19,900,1,2,2,2.0,3.0,93029,M,4891766.0,243114.0,93
201700042107,17,9,11,925,1,2,1,1.0,2.0,93029,M,,,93
201700042108,17,9,19,1630,1,2,1,1.0,1.0,93029,M,4892268.0,245705.0,93
201700042109,17,9,28,949,1,2,3,2.0,3.0,93029,M,,,93
201700042110,17,10,10,915,1,2,3,2.0,3.0,93029,M,4892409.0,243789.0,93
201700042111,17,10,13,2150,5,2,1,1.0,2.0,93029,M,4892682.0,243892.0,93
201700042112,17,10,14,1745,1,2,3,1.0,3.0,93029,M,4891871.0,244844.0,93
201700042113,17,10,16,1330,1,2,1,1.0,7.0,93029,M,4891502.0,242949.0,93
201700042114,17,10,24,700,5,2,1,2.0,6.0,93029,M,4891453.0,246136.0,93
201700042115,17,10,28,2350,5,2,1,1.0,2.0,93029,M,4891603.0,243056.0,93
201700042116,17,10,31,1830,5,2,1,1.0,3.0,93029,M,4892000.0,245200.0,93
201700042117,17,11,4,1215,1,2,1,2.0,6.0,93029,M,4891455.0,246116.0,93
201700042118,17,11,5,1040,1,2,9,1.0,6.0,93029,M,4892143.0,244880.0,93
201700042119,17,11,15,330,5,2,1,8.0,6.0,93029,M,4892073.0,244037.0,93
201700042120,17,11,15,940,1,2,1,1.0,1.0,93029,M,4892884.0,246060.0,93
201700042121,17,11,15,1435,1,2,1,1.0,1.0,93029,M,4892284.0,245737.0,93
201700042122,17,11,23,2017,5,2,1,9.0,3.0,93029,M,4891976.0,242026.0,93
201700042123,17,11,27,2035,5,2,3,3.0,3.0,93029,M,4891801.0,244372.0,93
201700042124,17,11,29,1450,1,2,9,2.0,6.0,93029,M,4892827.0,245220.0,93
201700042125,17,12,3,1350,1,2,2,2.0,3.0,93029,M,4892787.0,245921.0,93
201700042126,17,12,5,2000,5,2,3,1.0,3.0,93029,M,4891949.0,450047.0,93
201700042127,17,12,9,1405,1,2,1,1.0,3.0,93029,M,4991683.0,242925.0,93
201700042128,17,12,9,615,5,2,3,9.0,3.0,93029,M,4891805.0,245481.0,93
201700042129,17,12,15,1520,1,2,3,2.0,3.0,93029,M,4892267.0,245720.0,93
201700042130,17,12,14,1855,5,2,2,2.0,3.0,93029,M,4898160.0,243138.0,93
201700042131,17,12,21,1830,5,2,9,2.0,3.0,93029,M,4891942.0,245055.0,93
201700042132,17,1,2,1850,5,2,1,1.0,3.0,93031,M,,,93
201700042133,17,1,6,830,1,2,1,7.0,6.0,93031,M,,,93
201700042134,17,1,8,1700,5,2,1,8.0,3.0,93031,M,,,93
201700042135,17,1,13,1735,5,2,1,2.0,6.0,93031,M,,,93
201700042136,17,1,15,820,2,2,1,8.0,1.0,93031,M,,,93
201700042137,17,1,16,1750,5,2,1,8.0,6.0,93031,M,,,93
201700042138,17,1,17,315,5,2,1,9.0,6.0,93031,M,,,93
201700042139,17,1,19,905,1,2,3,1.0,5.0,93031,M,,,93
201700042140,17,1,26,1820,5,2,1,1.0,3.0,93031,M,,,93
201700042141,17,2,4,530,5,2,2,2.0,6.0,93031,M,,,93
201700042142,17,2,5,1310,1,2,3,1.0,5.0,93031,M,,,93
201700042143,17,2,5,1830,5,2,3,1.0,1.0,93079,M,,,93
201700042144,17,2,6,2030,5,2,2,1.0,6.0,93031,M,,,93
201700042145,17,2,12,1000,1,2,1,1.0,6.0,93031,M,,,93
201700042146,17,2,18,2025,5,2,3,1.0,3.0,93079,M,,,93
201700042147,17,3,13,1600,1,2,1,1.0,6.0,93031,M,,,93
201700042148,17,3,18,2050,5,2,2,1.0,1.0,93031,M,,,93
201700042149,17,3,20,805,1,2,1,1.0,6.0,93031,M,,,93
201700042150,17,3,20,1415,1,2,1,1.0,6.0,93031,M,,,93
201700042151,17,3,22,1925,2,2,1,2.0,6.0,93027,M,,,93
201700042152,17,3,26,2240,5,2,1,1.0,4.0,93031,M,4895570.0,230056.0,93
201700042153,17,3,27,1725,1,2,1,1.0,2.0,93079,M,,,93
201700042154,17,3,29,1325,1,2,1,1.0,6.0,93031,M,,,93
201700042155,17,4,5,1930,1,2,1,1.0,6.0,93031,M,,,93
201700042156,17,4,7,830,2,2,1,1.0,2.0,93031,M,,,93
201700042157,17,4,12,1810,1,2,1,1.0,3.0,93079,M,,,93
201700042158,17,4,13,1420,1,2,2,1.0,5.0,93079,M,,,93
201700042159,17,4,13,1955,2,2,1,1.0,3.0,93079,M,,,93
201700042160,17,4,15,1400,1,2,3,1.0,6.0,93031,M,,,93
201700042161,17,4,22,1815,1,2,1,8.0,3.0,93031,M,,,93
201700042162,17,5,2,933,1,2,1,7.0,6.0,93079,M,,,93
201700042163,17,5,11,700,1,2,1,1.0,3.0,93031,M,,,93
201700042164,17,5,12,840,1,2,2,1.0,6.0,93031,M,,,93
201700042165,17,5,12,1800,1,2,1,3.0,6.0,93031,M,,,93
201700042166,17,5,15,1705,1,2,1,1.0,6.0,93031,M,,,93
201700042167,17,5,18,1945,2,2,1,3.0,2.0,93031,M,,,93
201700042168,17,5,20,1020,1,2,1,1.0,6.0,93079,M,,,93
201700042169,17,5,22,1705,1,2,3,1.0,2.0,93031,M,,,93
201700042170,17,5,24,1555,1,2,3,1.0,3.0,93031,M,4895345.0,229298.0,93
201700042171,17,5,26,1230,1,2,3,1.0,2.0,93079,M,,,93
201700042172,17,5,30,1900,1,2,1,1.0,1.0,93031,M,,,93
201700042173,17,5,30,1800,1,2,2,1.0,3.0,93031,M,,,93
201700042174,17,6,1,930,1,2,1,1.0,6.0,93079,M,,,93
201700042175,17,6,3,1340,1,2,1,1.0,6.0,93031,M,,,93
201700042176,17,6,4,1140,1,2,1,1.0,3.0,93031,M,,,93
201700042177,17,6,7,1605,1,2,3,1.0,3.0,93031,M,,,93
201700042178,17,6,8,105,4,2,3,1.0,3.0,93031,M,4894800.0,233864.0,93
201700042179,17,6,11,210,5,2,2,1.0,3.0,93031,M,,,93
201700042180,17,6,15,810,1,2,2,1.0,3.0,93031,M,,,93
201700042181,17,6,20,1410,1,2,2,1.0,3.0,93031,M,,,93
201700042182,17,6,22,755,1,2,1,1.0,3.0,93031,M,4894911.0,233319.0,93
201700042183,17,6,22,2055,2,2,1,7.0,6.0,93027,M,,,93
201700042184,17,6,25,2120,2,2,2,1.0,3.0,93031,M,,,93
201700042185,17,7,4,2030,1,2,3,1.0,1.0,93031,M,,,93
201700042186,17,7,6,1025,1,2,1,3.0,4.0,93031,M,,,93
201700042187,17,7,7,1845,1,2,1,1.0,2.0,93079,M,,,93
201700042188,17,7,11,1015,1,2,3,1.0,6.0,93031,M,,,93
201700042189,17,7,11,1640,1,2,1,1.0,6.0,93031,M,,,93
201700042190,17,7,11,1950,1,2,2,1.0,3.0,93031,M,,,93
201700042191,17,7,12,1545,1,2,1,8.0,5.0,93079,M,,,93
201700042192,17,7,12,1920,1,2,3,1.0,3.0,93031,M,,,93
201700042193,17,7,17,1945,1,2,3,1.0,6.0,93031,M,,,93
201700042194,17,7,27,2025,2,2,3,1.0,2.0,93031,M,,,93
201700042195,17,8,1,1950,1,2,1,1.0,6.0,93031,M,,,93
201700042196,17,8,14,800,1,2,1,1.0,1.0,93031,M,,,93
201700042197,17,8,30,1230,1,2,1,1.0,2.0,93031,M,,,93
201700042198,17,8,31,900,1,2,1,1.0,3.0,93031,M,4894836.0,233124.0,93
201700042199,17,9,2,820,2,2,1,1.0,3.0,93031,M,,,93
201700042200,17,9,7,825,1,2,1,8.0,1.0,93031,M,,,93
201700042201,17,9,8,850,1,2,1,8.0,4.0,93031,M,,,93
201700042202,17,9,17,1820,2,2,1,8.0,6.0,93031,M,,,93
201700042203,17,9,19,2000,5,2,1,1.0,6.0,93031,M,,,93
201700042204,17,9,20,1540,1,2,1,1.0,6.0,93031,M,,,93
201700042205,17,9,20,1915,1,2,3,1.0,3.0,93031,M,,,93
201700042206,17,9,21,1110,1,2,9,7.0,3.0,93031,M,,,93
201700042207,17,10,1,2015,5,2,1,2.0,1.0,93031,M,4896155.0,229462.0,93
201700042208,17,10,2,2250,5,2,3,2.0,6.0,93031,M,,,93
201700042209,17,10,5,1800,1,2,1,2.0,6.0,93079,M,,,93
201700042210,17,10,6,2030,5,2,1,1.0,6.0,93031,M,,,93
201700042211,17,10,7,2120,5,2,3,2.0,6.0,93031,M,,,93
201700042212,17,10,11,1310,1,2,1,1.0,6.0,93031,M,,,93
201700042213,17,10,22,1555,1,2,2,1.0,3.0,93031,M,,,93
201700042214,17,10,25,1345,1,2,1,1.0,4.0,93031,M,,,93
201700042215,17,10,28,455,5,2,2,1.0,3.0,93031,M,,,93
201700042216,17,11,2,2130,5,2,1,1.0,2.0,93031,M,,,93
201700042217,17,11,4,1129,1,2,3,1.0,3.0,93031,M,,,93
201700042218,17,11,4,1715,1,2,1,2.0,6.0,93031,M,,,93
201700042219,17,11,5,1820,2,2,1,1.0,6.0,93031,M,,,93
201700042220,17,11,11,1600,1,2,1,2.0,2.0,93031,M,4800000.0,200000.0,93
201700042221,17,11,12,1050,1,2,1,2.0,6.0,93031,M,4895542.0,229581.0,93
201700042222,17,11,14,1630,1,2,1,1.0,6.0,93031,M,,,93
201700042223,17,11,15,845,1,2,1,1.0,4.0,93031,M,,,93
201700042224,17,11,16,1840,5,2,1,1.0,7.0,93031,M,,,93
201700042225,17,11,18,1402,1,2,1,1.0,3.0,93031,M,,,93
201700042226,17,11,23,850,1,2,2,1.0,3.0,93031,M,4895289.0,231564.0,93
201700042227,17,11,23,1825,5,2,3,8.0,6.0,93031,M,,,93
201700042228,17,11,24,1915,5,2,1,1.0,3.0,93031,M,,,93
201700042229,17,11,26,1330,1,2,1,1.0,6.0,93031,M,,,93
201700042230,17,11,28,1923,5,2,1,2.0,3.0,93031,M,,,93
201700042231,17,11,29,2000,5,2,2,8.0,3.0,93079,M,4894925.0,234220.0,93
201700042232,17,12,2,1145,1,2,1,1.0,6.0,93031,M,,,93
201700042233,17,12,3,1650,5,2,1,2.0,3.0,93031,M,,,93
201700042234,17,12,5,2026,5,2,1,1.0,2.0,93031,M,,,93
201700042235,17,12,9,1100,1,2,1,4.0,6.0,93031,M,4895290.0,232647.0,93
201700042236,17,12,10,850,2,2,1,3.0,6.0,93031,M,4895252.0,233752.0,93
201700042237,17,12,13,1340,1,2,1,1.0,3.0,93031,M,4895344.0,233622.0,93
201700042238,17,12,13,2020,5,2,3,2.0,3.0,93031,M,4894415.0,233806.0,93
201700042239,17,12,14,605,3,2,3,1.0,3.0,93031,M,4895803.0,230217.0,93
201700042240,17,12,14,1830,5,2,1,2.0,3.0,93079,M,4895143.0,233955.0,93
201700042241,17,12,18,850,1,2,1,9.0,1.0,93079,M,4896139.0,234493.0,93
201700042242,17,12,23,140,5,2,1,8.0,3.0,93031,M,4895633.0,233195.0,93
201700042243,17,12,24,1455,1,2,1,1.0,3.0,93079,M,4894810.0,234360.0,93
201700042244,17,12,25,1920,5,2,1,1.0,1.0,93031,M,4896195.0,229440.0,93
201700042245,17,1,5,800,2,2,3,5.0,6.0,93027,M,,,93
201700042246,17,1,6,1635,1,2,1,1.0,6.0,93027,M,,,93
201700042247,17,1,13,930,1,2,2,1.0,6.0,93027,M,,,93
201700042248,17,1,30,1640,1,2,1,8.0,6.0,93027,M,,,93
201700042249,17,2,11,1530,1,2,2,2.0,6.0,93027,M,,,93
201700042250,17,2,13,1855,2,2,1,1.0,2.0,93027,M,,,93
201700042251,17,2,14,1700,1,2,2,1.0,6.0,93027,M,,,93
201700042252,17,2,17,730,2,2,2,8.0,4.0,93032,M,,,93
201700042253,17,2,20,1636,1,2,1,1.0,6.0,93027,M,,,93
201700042254,17,2,24,2000,5,2,4,1.0,6.0,93027,M,,,93
201700042255,17,3,2,1200,1,2,1,1.0,3.0,93027,M,,,93
201700042256,17,3,4,1340,1,2,3,3.0,3.0,93027,M,,,93
201700042257,17,3,12,1400,1,2,1,1.0,6.0,93027,M,,,93
201700042258,17,3,15,1355,1,2,1,1.0,6.0,93027,M,,,93
201700042259,17,3,21,1210,1,2,3,2.0,6.0,93027,M,,,93
201700042260,17,3,25,1110,1,2,9,1.0,5.0,93027,M,,,93
201700042261,17,3,27,135,5,2,3,1.0,3.0,93027,M,,,93
201700042262,17,3,28,115,5,2,1,1.0,6.0,93027,M,,,93
201700042263,17,3,31,1610,1,2,1,1.0,6.0,93027,M,,,93
201700042264,17,4,5,1844,1,2,1,1.0,6.0,93027,M,,,93
201700042265,17,4,7,930,1,2,2,1.0,3.0,93027,M,,,93
201700042266,17,4,25,1530,1,2,1,1.0,6.0,93027,M,,,93
201700042267,17,5,9,1020,1,2,1,1.0,4.0,93027,M,,,93
201700042268,17,5,23,1415,1,2,2,1.0,2.0,93027,M,,,93
201700042269,17,5,23,2045,1,2,1,1.0,6.0,93027,M,,,93
201700042270,17,5,28,1542,1,2,1,1.0,6.0,93027,M,,,93
201700042271,17,6,1,730,1,2,3,1.0,6.0,93027,M,,,93
201700042272,17,6,1,1755,1,2,9,1.0,3.0,93027,M,,,93
201700042273,17,7,3,115,5,2,1,1.0,6.0,93027,M,,,93
201700042274,17,6,10,830,1,2,1,1.0,3.0,93027,M,,,93
201700042275,17,6,22,1015,1,2,9,1.0,3.0,93027,M,,,93
201700042276,17,6,30,1625,1,2,2,8.0,3.0,93027,M,,,93
201700042277,17,7,18,2010,1,2,3,1.0,3.0,93027,M,,,93
201700042278,17,7,22,1605,1,2,3,1.0,3.0,93027,M,,,93
201700042279,17,8,7,20,5,2,2,1.0,3.0,93027,M,,,93
201700042280,17,9,1,240,5,2,1,1.0,6.0,93027,M,,,93
201700042281,17,9,4,1650,1,2,1,1.0,4.0,93032,M,,,93
201700042282,17,9,6,800,1,2,1,1.0,3.0,93027,M,,,93
201700042283,17,9,6,1725,1,2,1,1.0,6.0,93027,M,,,93
201700042284,17,9,20,745,1,2,2,1.0,3.0,93027,M,,,93
201700042285,17,9,28,845,1,2,3,1.0,6.0,93027,M,,,93
201700042286,17,9,28,1235,1,2,2,1.0,3.0,93027,M,,,93
201700042287,17,10,8,1850,2,2,3,1.0,3.0,93027,M,,,93
201700042288,17,10,10,1029,1,2,2,8.0,3.0,93027,M,,,93
201700042289,17,10,17,1010,1,2,9,1.0,2.0,93027,M,,,93
201700042290,17,10,25,145,5,2,2,1.0,3.0,93027,M,,,93
201700042291,17,11,12,1340,1,2,5,2.0,3.0,93027,M,,,93
201700042292,17,11,12,1930,5,2,9,2.0,3.0,93027,M,,,93
201700042293,17,11,30,2100,3,2,3,4.0,3.0,93027,M,,,93
201700042294,17,1,3,300,5,2,1,5.0,3.0,93006,M,,,93
201700042295,17,1,10,820,2,2,2,2.0,1.0,93006,M,,,93
201700042296,17,1,13,855,1,2,1,9.0,6.0,93006,M,,,93
201700042297,17,1,17,820,1,2,9,9.0,6.0,93045,M,,,93
201700042298,17,1,22,1800,5,2,1,1.0,3.0,93006,M,,,93
201700042299,17,1,28,1050,1,2,1,1.0,2.0,93063,M,,,93
201700042300,17,1,30,750,2,2,1,2.0,6.0,93045,M,,,93
201700042301,17,2,2,2150,5,2,1,8.0,6.0,93061,M,,,93
201700042302,17,2,4,1900,5,2,3,2.0,7.0,93063,M,,,93
201700042303,17,2,11,1810,5,2,4,8.0,6.0,93006,M,,,93
201700042304,17,2,13,740,2,2,1,1.0,3.0,93063,M,,,93
201700042305,17,2,23,710,2,2,2,1.0,3.0,93063,M,,,93
201700042306,17,2,25,930,1,2,3,1.0,3.0,93006,M,,,93
201700042307,17,3,7,1610,1,2,1,1.0,6.0,93006,M,,,93
201700042308,17,3,10,1650,1,2,1,1.0,3.0,93063,M,,,93
201700042309,17,3,23,850,1,2,2,1.0,6.0,93006,M,,,93
201700042310,17,3,23,1720,2,2,1,1.0,3.0,93006,M,,,93
201700042311,17,3,30,640,2,2,1,1.0,1.0,93063,M,,,93
201700042312,17,4,21,1645,1,2,1,1.0,6.0,93006,M,4886492.0,241753.0,93
201700042313,17,4,22,1200,1,2,1,1.0,2.0,93006,M,,,93
201700042314,17,4,25,1820,1,2,1,1.0,6.0,93045,M,,,93
201700042315,17,5,2,835,1,2,1,1.0,6.0,93063,M,,,93
201700042316,17,5,2,915,1,2,1,1.0,3.0,93063,M,,,93
201700042317,17,5,2,1400,1,2,3,1.0,1.0,93006,M,,,93
201700042318,17,5,6,2350,5,2,2,2.0,1.0,93063,M,,,93
201700042319,17,5,11,910,1,2,1,1.0,6.0,93006,M,,,93
201700042320,17,5,18,858,1,2,1,8.0,6.0,93006,M,,,93
201700042321,17,5,22,1555,1,2,2,1.0,3.0,93045,M,,,93
201700042322,17,5,22,1800,1,2,4,1.0,5.0,93006,M,,,93
201700042323,17,5,30,1235,1,2,1,1.0,6.0,93061,M,,,93
201700042324,17,5,30,1445,1,2,2,1.0,6.0,93063,M,,,93
201700042325,17,5,30,2030,1,2,1,1.0,3.0,93063,M,,,93
201700042326,17,6,2,1920,1,2,9,1.0,1.0,93045,M,,,93
201700042327,17,6,9,1915,1,2,1,1.0,6.0,93006,M,,,93
201700042328,17,6,10,1540,1,2,2,1.0,6.0,93045,M,,,93
201700042329,17,6,16,1824,1,2,1,1.0,2.0,93063,M,4887673.0,244107.0,93
201700042330,17,6,18,1530,1,2,3,1.0,3.0,93006,M,,,93
201700042331,17,6,21,2350,5,2,3,1.0,3.0,93063,M,,,93
201700042332,17,7,1,1525,1,2,4,1.0,6.0,93006,M,,,93
201700042333,17,7,4,2300,5,2,1,1.0,1.0,93045,M,,,93
201700042334,17,7,8,1440,1,2,1,1.0,6.0,93063,M,,,93
201700042335,17,7,13,1045,1,2,1,1.0,3.0,93045,M,,,93
201700042336,17,7,17,1240,1,2,1,1.0,3.0,93063,M,,,93
201700042337,17,7,23,508,5,2,1,8.0,2.0,93063,M,,,93
201700042338,17,7,28,2105,1,2,2,1.0,1.0,93045,M,,,93
201700042339,17,7,30,730,1,2,1,1.0,2.0,93063,M,,,93
201700042340,17,8,2,2000,1,2,4,1.0,6.0,93045,M,4880000.0,241000.0,93
201700042341,17,8,3,1200,1,2,1,1.0,3.0,93006,M,,,93
201700042342,17,8,18,1630,1,2,1,2.0,6.0,93045,M,,,93
201700042343,17,8,22,940,1,2,1,1.0,6.0,93063,M,,,93
201700042344,17,8,26,1900,1,2,2,1.0,3.0,93006,M,,,93
201700042345,17,8,29,1600,1,2,2,1.0,7.0,93006,M,,,93
201700042346,17,8,30,715,1,2,1,1.0,3.0,93063,M,,,93
201700042347,17,9,1,2000,5,2,1,2.0,3.0,93063,M,,,93
201700042348,17,9,14,1100,1,2,1,1.0,1.0,93045,M,4888145.0,242156.0,93
201700042349,17,9,17,2012,5,2,1,1.0,3.0,93063,M,,,93
201700042350,17,9,11,2225,5,2,2,2.0,1.0,93006,M,,,93
201700042351,17,9,19,2045,5,2,3,1.0,3.0,93006,M,,,93
201700042352,17,9,21,900,2,2,4,1.0,3.0,93063,M,,,93
201700042353,17,9,23,1240,1,2,1,1.0,2.0,93063,M,,,93
201700042354,17,9,23,1245,1,2,1,1.0,6.0,93045,M,,,93
201700042355,17,9,28,1305,1,2,9,8.0,3.0,93063,M,,,93
201700042356,17,10,2,1940,5,2,1,1.0,6.0,93045,M,,,93
201700042357,17,10,4,1800,1,2,1,1.0,6.0,93045,M,,,93
201700042358,17,10,5,1620,2,2,2,2.0,3.0,93006,M,,,93
201700042359,17,10,5,2020,5,2,2,8.0,3.0,93006,M,,,93
201700042360,17,10,6,1844,1,2,1,1.0,3.0,93006,M,,,93
201700042361,17,10,15,1300,1,2,3,1.0,3.0,93006,M,,,93
201700042362,17,10,18,1200,1,2,1,1.0,6.0,93063,M,,,93
201700042363,17,10,19,1630,1,2,3,1.0,3.0,93006,M,,,93
201700042364,17,10,20,1145,1,2,1,1.0,6.0,93006,M,,,93
201700042365,17,10,28,1600,1,2,1,1.0,1.0,93006,M,,,93
201700042366,17,10,30,1408,1,2,2,1.0,3.0,93063,M,,,93
201700042367,17,11,3,2200,5,2,5,1.0,3.0,93045,M,,,93
201700042368,17,11,11,2100,5,2,9,2.0,3.0,93045,M,,,93
201700042369,17,11,12,1320,1,2,1,3.0,1.0,93045,M,4888000.0,242000.0,93
201700042370,17,11,19,2000,5,2,1,1.0,3.0,93045,M,4887917.0,241394.0,93
201700042371,17,11,27,750,1,2,1,1.0,6.0,93045,M,,,93
201700042372,17,12,19,1555,1,2,3,1.0,6.0,93045,M,,,93
201700042373,17,12,19,1800,3,2,1,1.0,6.0,93063,M,,,93
201700042374,17,12,26,1530,1,2,1,1.0,3.0,93006,M,4887000.0,241000.0,93
201700042375,17,12,31,845,5,2,2,8.0,3.0,93063,M,,,93
201700042376,17,3,26,845,1,2,1,1.0,3.0,93046,M,,,93
201700042377,17,3,29,1445,1,2,1,1.0,7.0,93046,M,,,93
201700042378,17,4,1,1500,1,2,1,1.0,6.0,93046,M,,,93
201700042379,17,4,2,1220,1,2,1,1.0,6.0,93046,M,,,93
201700042380,17,4,9,2320,5,2,1,1.0,1.0,93046,M,,,93
201700042381,17,4,11,1225,1,2,1,1.0,6.0,93046,M,4892200.0,252367.0,93
201700042382,17,4,14,1725,1,2,1,1.0,2.0,93046,M,,,93
201700042383,17,4,16,2100,5,2,1,1.0,2.0,93027,M,,,93
201700042384,17,4,16,2145,5,2,9,1.0,6.0,93046,M,4891062.0,251221.0,93
201700042385,17,4,18,1045,1,1,1,1.0,7.0,93046,M,4891490.0,255600.0,93
201700042386,17,4,23,1820,1,2,1,1.0,1.0,93046,M,,,93
201700042387,17,4,25,1145,1,2,1,1.0,2.0,93046,M,4892016.0,252569.0,93
201700042388,17,4,29,1320,1,2,1,1.0,3.0,93046,M,,,93
201700042389,17,4,29,1644,1,2,1,1.0,6.0,93015,M,4891725.0,257285.0,93
201700042390,17,4,30,615,5,2,1,1.0,7.0,93046,M,4891754.0,252935.0,93
201700042391,17,5,3,2150,5,2,2,2.0,3.0,93046,M,4891342.0,253020.0,93
201700042392,17,5,9,850,1,2,1,1.0,7.0,93015,M,4891411.0,257909.0,93
201700042393,17,5,9,2050,1,2,2,1.0,3.0,93046,M,4892173.0,251806.0,93
201700042394,17,5,11,915,1,2,1,1.0,2.0,93046,M,,,93
201700042395,17,5,12,1700,1,2,1,2.0,6.0,93074,M,4893574.0,257486.0,93
201700042396,17,5,23,2235,5,2,2,1.0,3.0,93046,M,4891003.0,253262.0,93
201700042397,17,5,24,1620,1,2,2,1.0,3.0,93046,M,4892467.0,254795.0,93
201700042398,17,5,24,2025,1,2,2,1.0,6.0,93027,M,,,93
201700042399,17,5,26,1705,1,2,2,7.0,3.0,93046,M,,,93
201700042400,17,6,3,1455,1,2,1,1.0,2.0,93046,M,4890516.0,252257.0,93