Num_Acc,an,mois,jour,hrmn,lum,agg,int,atm,col,com,gps,lat,long,dep
201700042401,17,6,4,1915,1,2,2,1.0,1.0,93046,M,4890954.0,252665.0,93
201700042402,17,6,7,1315,1,2,3,1.0,3.0,93046,M,,,93
201700042403,17,6,13,212,5,2,3,1.0,3.0,93046,M,,,93
201700042404,17,6,17,200,5,2,1,1.0,6.0,93046,M,4892269.0,254313.0,93
201700042405,17,6,18,1850,1,2,1,1.0,3.0,93046,M,4892779.0,255147.0,93
201700042406,17,6,23,1910,1,2,1,1.0,2.0,93046,M,,,93
201700042407,17,6,27,830,1,2,2,8.0,3.0,93046,M,4891324.0,253337.0,93
201700042408,17,7,3,2130,2,2,3,1.0,3.0,93046,M,4892719.0,254283.0,93
201700042409,17,7,7,1530,1,2,2,1.0,3.0,93046,M,4891600.0,252300.0,93
201700042410,17,7,10,2342,5,2,2,1.0,3.0,93046,M,4891031.0,252749.0,93
201700042411,17,7,16,40,5,2,1,1.0,6.0,93046,M,4891110.0,251111.0,93
201700042412,17,7,18,840,1,1,1,7.0,5.0,93074,M,4893447.0,257399.0,93
201700042413,17,7,21,840,1,2,2,1.0,3.0,93046,M,4891922.0,251914.0,93
201700042414,17,7,21,2055,1,2,5,1.0,3.0,93046,M,4891136.0,251682.0,93
201700042415,17,8,2,2100,2,2,1,1.0,5.0,93046,M,4891070.0,251340.0,93
201700042416,17,8,5,1845,1,2,1,1.0,6.0,93046,M,4892206.0,254278.0,93
201700042417,17,8,8,1535,1,2,3,1.0,6.0,93046,M,,,93
201700042418,17,8,14,1110,1,1,1,1.0,7.0,93074,M,4893323.0,256250.0,93
201700042419,17,8,16,220,5,2,3,1.0,3.0,93046,M,4891012.0,251930.0,93
201700042420,17,8,17,2040,2,2,4,2.0,1.0,93046,M,4890974.0,253340.0,93
201700042421,17,8,22,1330,1,2,6,1.0,3.0,93046,M,4891520.0,251702.0,93
201700042422,17,8,30,1420,1,2,1,1.0,6.0,93015,M,4891560.0,258930.0,93
201700042423,17,8,30,1855,2,2,1,3.0,4.0,93046,M,4891285.0,252322.0,93
201700042424,17,9,5,1450,1,2,1,1.0,6.0,93046,M,4891064.0,226794.0,93
201700042425,17,9,12,1600,1,2,9,3.0,3.0,93046,M,4991901.0,252447.0,93
201700042426,17,9,13,1315,1,2,1,3.0,6.0,93046,M,4891926.0,253770.0,93
201700042427,17,9,30,1430,1,2,2,1.0,3.0,93046,M,4891630.0,253140.0,93
201700042428,17,10,1,340,5,2,7,2.0,6.0,93074,M,4893000.0,-256000.0,93
201700042429,17,10,3,820,1,2,9,1.0,6.0,93046,M,4891667.0,255000.0,93
201700042430,17,10,8,1300,1,2,2,1.0,3.0,93046,M,4892271.0,254435.0,93
201700042431,17,10,9,1740,1,2,9,1.0,6.0,93046,M,4893201.0,252128.0,93
201700042432,17,10,10,800,2,2,9,8.0,3.0,93046,M,4892458.0,252248.0,93
201700042433,17,10,11,1655,1,2,3,1.0,3.0,93015,M,4891667.0,258333.0,93
201700042434,17,10,13,1740,1,2,1,1.0,3.0,93074,M,4893535.0,257196.0,93
201700042435,17,10,17,135,5,2,1,1.0,6.0,93046,M,4892702.0,255077.0,93
201700042436,17,10,27,1750,2,2,1,1.0,2.0,93046,M,4892188.0,252508.0,93
201700042437,17,11,2,1600,1,2,1,1.0,2.0,93074,M,,,93
201700042438,17,11,5,945,1,1,1,1.0,6.0,93015,M,4891990.0,255780.0,93
201700042439,17,11,8,1010,1,1,1,1.0,5.0,93074,M,,,93
201700042440,17,11,10,820,1,2,1,8.0,7.0,93074,M,,,93
201700042441,17,11,10,1820,5,2,3,1.0,3.0,93046,M,4891610.0,253070.0,93
201700042442,17,11,10,2130,5,2,9,1.0,3.0,93046,M,4891790.0,253470.0,93
201700042443,17,11,13,1540,1,2,2,1.0,3.0,93046,M,,,93
201700042444,17,11,17,930,1,2,3,2.0,2.0,93074,M,4893770.0,259530.0,93
201700042445,17,11,20,935,1,2,4,2.0,2.0,93015,M,,,93
201700042446,17,11,26,800,1,2,2,1.0,3.0,93046,M,4892308.0,253096.0,93
201700042447,17,11,28,750,1,1,1,1.0,2.0,93074,M,4893420.0,258230.0,93
201700042448,17,11,28,915,1,2,5,1.0,6.0,93046,M,4800000.0,200000.0,93
201700042449,17,11,28,1840,5,2,2,2.0,3.0,93046,M,,,93
201700042450,17,12,10,30,5,2,2,2.0,3.0,93046,M,4891434.0,252357.0,93
201700042451,17,12,11,930,1,2,6,2.0,3.0,93046,M,4893370.0,254350.0,93
201700042452,17,12,11,2120,5,2,1,8.0,3.0,93046,M,4891077.0,251345.0,93
201700042453,17,12,15,1855,3,1,1,9.0,5.0,93074,M,4893397.0,258326.0,93
201700042454,17,12,16,955,1,2,2,1.0,4.0,93046,M,,,93
201700042455,17,12,21,843,2,2,1,2.0,3.0,93046,M,4890722.0,252479.0,93
201700042456,17,1,6,2005,5,2,1,1.0,3.0,93046,M,,,93
201700042457,17,1,12,720,5,2,2,2.0,1.0,93074,M,,,93
201700042458,17,1,16,1,5,2,9,2.0,2.0,93046,M,,,93
201700042459,17,1,17,1915,5,2,1,1.0,2.0,93046,M,,,93
201700042460,17,1,20,1630,1,2,2,1.0,3.0,93046,M,,,93
201700042461,17,1,25,1000,1,2,1,8.0,6.0,93046,M,,,93
201700042462,17,1,26,1940,5,2,2,1.0,3.0,93046,M,,,93
201700042463,17,1,31,740,1,2,9,2.0,7.0,93046,M,,,93
201700042464,17,2,7,1840,5,2,1,1.0,2.0,93046,M,,,93
201700042465,17,2,11,1950,5,2,3,1.0,3.0,93046,M,,,93
201700042466,17,2,12,235,5,2,4,1.0,6.0,93046,M,,,93
201700042467,17,2,13,1105,1,2,1,1.0,3.0,93046,M,,,93
201700042468,17,2,20,1555,1,1,1,1.0,7.0,93015,M,,,93
201700042469,17,2,23,1210,1,2,2,8.0,7.0,93046,M,,,93
201700042470,17,2,24,2010,5,2,1,1.0,2.0,93046,M,,,93
201700042471,17,3,2,1345,1,2,1,1.0,4.0,93046,M,,,93
201700042472,17,3,5,200,3,1,1,1.0,6.0,93046,M,,,93
201700042473,17,3,14,1015,1,2,1,1.0,1.0,93074,M,,,93
201700042474,17,3,17,755,1,2,2,1.0,5.0,93046,M,,,93
201700042475,17,3,26,845,1,2,1,1.0,6.0,93046,M,,,93
201700042476,17,1,5,1930,5,2,2,1.0,3.0,93048,M,,,93
201700042477,17,1,7,908,2,2,2,1.0,6.0,93048,M,,,93
201700042478,17,1,7,2240,5,2,3,3.0,3.0,93048,M,,,93
201700042479,17,1,8,10,5,2,1,3.0,6.0,93048,M,,,93
201700042480,17,1,14,1955,5,2,1,1.0,6.0,93048,M,,,93
201700042481,17,1,17,1010,1,2,2,1.0,6.0,93048,M,,,93
201700042482,17,1,21,2150,5,2,2,1.0,7.0,93048,M,,,93
201700042483,17,1,28,2100,5,2,1,1.0,2.0,93048,M,,,93
201700042484,17,1,29,630,5,2,1,2.0,6.0,93048,M,,,93
201700042485,17,2,2,1700,2,2,2,1.0,6.0,93048,M,,,93
201700042486,17,2,6,1825,5,2,1,1.0,6.0,93048,M,,,93
201700042487,17,2,9,1010,1,2,2,1.0,3.0,93048,M,,,93
201700042488,17,2,14,2150,5,2,1,1.0,3.0,93048,M,,,93
201700042489,17,2,19,1715,1,2,2,1.0,3.0,93048,M,,,93
201700042490,17,2,21,911,1,2,9,2.0,3.0,93048,M,,,93
201700042491,17,2,22,1106,1,2,9,1.0,6.0,93048,M,,,93
201700042492,17,2,27,1400,1,2,1,3.0,6.0,93048,M,,,93
201700042493,17,2,28,220,5,2,1,1.0,2.0,93048,M,,,93
201700042494,17,3,3,1920,5,2,1,1.0,2.0,93048,M,,,93
201700042495,17,3,12,1750,1,2,1,1.0,3.0,93048,M,,,93
201700042496,17,3,16,1515,1,2,2,1.0,3.0,93048,M,,,93
201700042497,17,3,18,1330,1,2,8,8.0,5.0,93048,M,,,93
201700042498,17,3,18,1430,1,2,1,1.0,2.0,93048,M,,,93
201700042499,17,3,27,845,1,2,1,1.0,3.0,93048,M,,,93
201700042500,17,3,30,1330,1,2,1,7.0,2.0,93048,M,,,93
201700042501,17,3,30,2245,5,2,1,1.0,6.0,93048,M,,,93
201700042502,17,4,7,815,1,2,2,1.0,3.0,93048,M,,,93
201700042503,17,4,9,145,5,2,1,1.0,6.0,93048,M,,,93
201700042504,17,4,9,2015,1,2,1,1.0,6.0,93048,M,,,93
201700042505,17,4,11,2010,1,2,1,1.0,7.0,93048,M,,,93
201700042506,17,4,18,1030,1,2,2,1.0,3.0,93048,M,,,93
201700042507,17,4,19,925,1,2,9,1.0,3.0,93048,M,,,93
201700042508,17,4,20,1930,1,2,2,1.0,1.0,93048,M,,,93
201700042509,17,4,24,1830,1,2,1,1.0,6.0,93048,M,,,93
201700042510,17,4,26,1810,1,2,1,2.0,6.0,93048,M,,,93
201700042511,17,4,26,2230,5,2,9,1.0,2.0,93048,M,,,93
201700042512,17,4,28,902,1,2,2,1.0,4.0,93048,M,,,93
201700042513,17,4,29,2000,1,2,1,1.0,6.0,93048,M,,,93
201700042514,17,5,1,1005,1,2,1,1.0,3.0,93048,M,,,93
201700042515,17,5,3,1635,1,2,3,3.0,3.0,93048,M,,,93
201700042516,17,5,5,900,1,2,1,1.0,3.0,93048,M,,,93
201700042517,17,5,9,1730,1,2,1,1.0,5.0,93048,M,,,93
201700042518,17,5,11,910,1,2,2,1.0,3.0,93048,M,,,93
201700042519,17,5,11,1215,1,2,2,1.0,3.0,93048,M,,,93
201700042520,17,5,15,2030,1,2,1,1.0,6.0,93048,M,,,93
201700042521,17,5,16,1030,1,2,3,1.0,6.0,93048,M,,,93
201700042522,17,5,16,1550,1,2,1,1.0,3.0,93048,M,,,93
201700042523,17,5,17,1713,1,2,8,1.0,6.0,93048,M,,,93
201700042524,17,5,19,1615,1,2,2,1.0,3.0,93048,M,,,93
201700042525,17,5,22,30,3,2,1,1.0,6.0,93048,M,,,93
201700042526,17,5,22,1820,1,2,1,1.0,6.0,93048,M,,,93
201700042527,17,5,29,1640,1,2,1,1.0,4.0,93048,M,,,93
201700042528,17,6,1,1850,1,2,1,1.0,7.0,93048,M,,,93
201700042529,17,6,2,1320,1,2,1,2.0,6.0,93048,M,,,93
201700042530,17,6,4,1405,1,2,1,1.0,6.0,93048,M,,,93
201700042531,17,6,6,1800,1,2,1,2.0,2.0,93048,M,,,93
201700042532,17,6,6,1810,1,2,1,8.0,4.0,93048,M,,,93
201700042533,17,6,9,1627,1,2,1,1.0,6.0,93048,M,,,93
201700042534,17,6,9,2000,1,2,2,1.0,3.0,93048,M,,,93
201700042535,17,6,12,1905,1,2,1,1.0,6.0,93048,M,,,93
201700042536,17,6,18,2005,1,2,1,1.0,6.0,93048,M,,,93
201700042537,17,6,21,130,5,2,4,1.0,6.0,93048,M,,,93
201700042538,17,6,22,1224,1,2,3,1.0,2.0,93048,M,,,93
201700042539,17,6,24,415,5,2,9,1.0,3.0,93048,M,,,93
201700042540,17,6,26,1345,1,2,1,1.0,1.0,93048,M,,,93
201700042541,17,6,26,1620,1,2,1,1.0,6.0,93048,M,,,93
201700042542,17,6,27,905,1,2,1,8.0,6.0,93048,M,,,93
201700042543,17,6,27,2015,1,2,2,8.0,1.0,93048,M,,,93
201700042544,17,7,2,1840,1,2,2,1.0,3.0,93048,M,,,93
201700042545,17,7,2,2320,5,2,3,1.0,3.0,93048,M,,,93
201700042546,17,7,15,2120,1,2,1,1.0,7.0,93048,M,,,93
201700042547,17,7,17,2020,1,2,2,1.0,1.0,93048,M,,,93
201700042548,17,7,17,2050,1,2,1,1.0,2.0,93048,M,,,93
201700042549,17,7,18,1420,1,2,2,1.0,3.0,93048,M,,,93
201700042550,17,7,22,1020,1,2,1,8.0,6.0,93048,M,,,93
201700042551,17,7,22,1950,1,2,1,2.0,3.0,93048,M,,,93
201700042552,17,7,28,2115,2,2,3,1.0,3.0,93048,M,,,93
201700042553,17,8,1,1900,1,2,2,1.0,3.0,93048,M,,,93
201700042554,17,8,2,1715,1,2,9,1.0,1.0,93048,M,,,93
201700042555,17,8,22,1620,1,2,1,1.0,3.0,93048,M,,,93
201700042556,17,8,22,2020,1,2,1,1.0,6.0,93048,M,,,93
201700042557,17,8,23,350,5,2,5,1.0,3.0,93048,M,,,93
201700042558,17,8,24,1921,1,2,1,1.0,6.0,93048,M,,,93
201700042559,17,8,26,2135,5,2,1,1.0,1.0,93048,M,,,93
201700042560,17,8,27,1420,1,2,2,1.0,6.0,93048,M,,,93
201700042561,17,8,30,1725,1,2,1,1.0,6.0,93048,M,,,93
201700042562,17,9,1,1025,1,2,1,1.0,3.0,93048,M,,,93
201700042563,17,9,4,1800,1,2,1,1.0,6.0,93048,M,,,93
201700042564,17,9,6,1900,1,2,2,1.0,2.0,93048,M,,,93
201700042565,17,9,7,1650,1,2,3,1.0,3.0,93048,M,,,93
201700042566,17,9,7,1655,1,2,1,1.0,3.0,93048,M,,,93
201700042567,17,9,8,1220,1,2,1,1.0,6.0,93048,M,,,93
201700042568,17,9,16,500,5,2,2,1.0,3.0,93048,M,,,93
201700042569,17,9,18,1640,1,2,1,1.0,3.0,93048,M,,,93
201700042570,17,9,20,2140,5,2,1,1.0,1.0,93048,M,,,93
201700042571,17,9,23,1300,1,2,1,1.0,6.0,93048,M,,,93
201700042572,17,10,2,1515,1,2,6,1.0,1.0,93048,M,4846895.0,246212.0,93
201700042573,17,10,8,2020,5,2,1,2.0,2.0,93048,M,4886920.0,266260.0,93
201700042574,17,10,19,729,3,2,1,1.0,6.0,93048,M,4886346.0,244976.0,93
201700042575,17,10,19,1244,1,2,2,1.0,3.0,93048,M,4885291.0,244352.0,93
201700042576,17,10,20,1400,1,2,3,1.0,6.0,93048,M,4885297.0,242482.0,93
201700042577,17,10,20,1820,2,2,1,1.0,6.0,93048,M,4886313.0,244378.0,93
201700042578,17,10,21,1,5,2,3,1.0,3.0,93048,M,4887730.0,246283.0,93
201700042579,17,10,21,1220,1,2,1,1.0,6.0,93048,M,4884926.0,245492.0,93
201700042580,17,10,21,1208,1,2,2,1.0,3.0,93048,M,4885464.0,244725.0,93
201700042581,17,10,21,1450,1,2,9,1.0,3.0,93048,M,4886497.0,244369.0,93
201700042582,17,10,27,2005,5,2,1,1.0,3.0,93048,M,4885085.0,241884.0,93
201700042583,17,10,28,2235,5,2,3,1.0,1.0,93048,M,4885749.0,243137.0,93
201700042584,17,11,1,1420,1,2,1,1.0,3.0,93048,M,,,93
201700042585,17,11,1,1530,1,2,2,1.0,3.0,93048,M,,,93
201700042586,17,11,2,630,5,2,1,1.0,6.0,93048,M,4886350.0,244261.0,93
201700042587,17,11,2,2220,5,2,3,1.0,3.0,93048,M,4885677.0,244299.0,93
201700042588,17,11,7,1845,5,2,1,1.0,5.0,93048,M,4886141.0,244384.0,93
201700042589,17,11,11,1830,5,2,1,2.0,6.0,93048,M,4885517.0,242039.0,93
201700042590,17,11,13,1120,1,2,1,1.0,3.0,93048,M,4886785.0,245864.0,93
201700042591,17,11,14,2020,5,2,1,1.0,3.0,93048,M,,,93
201700042592,17,11,16,1502,1,2,9,1.0,1.0,93048,M,,,93
201700042593,17,11,17,1615,1,2,3,1.0,2.0,93048,M,4886000.0,245000.0,93
201700042594,17,11,19,620,5,2,1,2.0,2.0,93048,M,4885642.0,242935.0,93
201700042595,17,11,19,1330,1,2,3,8.0,3.0,93048,M,,,93
201700042596,17,11,17,2000,5,2,1,1.0,3.0,93048,M,4886348.0,246281.0,93
201700042597,17,11,23,1746,5,2,3,9.0,3.0,93064,M,,,93
201700042598,17,11,24,1745,2,2,1,1.0,6.0,93048,M,4885879.0,242837.0,93
201700042599,17,11,28,330,5,2,1,3.0,2.0,93048,M,,,93
201700042600,17,12,4,1600,1,2,5,1.0,5.0,93048,M,4886883.0,243350.0,93
201700042601,17,12,7,1910,5,2,7,2.0,6.0,93048,M,4886504.0,244353.0,93
201700042602,17,12,8,1650,5,2,1,8.0,6.0,93048,M,4886880.0,244780.0,93
201700042603,17,12,11,30,3,2,1,1.0,6.0,93048,M,4887010.0,246600.0,93
201700042604,17,12,12,1030,1,2,3,1.0,3.0,93048,M,4886179.0,243696.0,93
201700042605,17,12,14,1050,1,2,1,1.0,6.0,93048,M,4886700.0,243400.0,93
201700042606,17,12,15,1205,1,2,1,1.0,6.0,93048,M,4885900.0,243700.0,93
201700042607,17,12,18,1640,1,2,2,1.0,3.0,93048,M,4887641.0,245475.0,93
201700042608,17,12,20,1505,1,2,2,2.0,3.0,93048,M,4885744.0,242536.0,93
201700042609,17,12,21,1810,5,2,2,2.0,3.0,93048,M,4887300.0,245400.0,93
201700042610,17,12,21,1810,5,2,1,2.0,3.0,93048,M,4885700.0,243024.0,93
201700042611,17,12,24,45,5,2,2,1.0,3.0,93048,M,4886060.0,244345.0,93
201700042612,17,3,25,1620,1,2,1,1.0,2.0,93050,M,,,93
201700042613,17,4,1,100,5,2,3,1.0,3.0,93049,M,,,93
201700042614,17,4,2,2100,2,2,1,1.0,6.0,93049,M,,,93
201700042615,17,4,18,900,1,2,5,7.0,6.0,93049,M,4886146.0,250143.0,93
201700042616,17,4,18,1645,1,2,1,1.0,6.0,93050,M,,,93
201700042617,17,4,21,1335,1,2,2,1.0,3.0,93050,M,,,93
201700042618,17,4,25,1840,1,2,1,1.0,6.0,93050,M,,,93
201700042619,17,4,30,2200,5,2,1,2.0,3.0,93049,M,,,93
201700042620,17,5,3,1710,1,2,3,2.0,3.0,93049,M,,,93
201700042621,17,5,10,2320,5,2,1,1.0,1.0,93050,M,4887065.0,252893.0,93
201700042622,17,5,18,855,1,2,1,2.0,6.0,93050,M,4886930.0,253840.0,93
201700042623,17,5,23,1910,1,2,1,1.0,2.0,93049,M,4885200.0,251300.0,93
201700042624,17,5,25,1610,1,2,9,1.0,6.0,93049,M,,,93
201700042625,17,5,29,1545,1,2,3,1.0,3.0,93049,M,4886310.0,251303.0,93
201700042626,17,6,2,820,1,2,1,1.0,3.0,93050,M,,,93
201700042627,17,6,3,1130,1,2,9,8.0,6.0,93050,M,,,93
201700042628,17,6,9,1320,1,2,1,1.0,6.0,93050,M,,,93
201700042629,17,6,22,2200,1,2,2,1.0,3.0,93050,M,4885712.0,253129.0,93
201700042630,17,6,24,1820,1,2,1,1.0,6.0,93050,M,,,93
201700042631,17,6,25,2230,2,2,3,1.0,2.0,93050,M,4886486.0,255530.0,93
201700042632,17,6,29,1031,1,2,9,8.0,3.0,93049,M,,,93
201700042633,17,7,1,150,5,2,1,1.0,2.0,93050,M,,,93
201700042634,17,7,1,1725,1,2,1,1.0,2.0,93049,M,4886300.0,250277.0,93
201700042635,17,7,2,630,2,2,1,2.0,4.0,93050,M,,,93
201700042636,17,7,2,1928,1,2,3,1.0,3.0,93049,M,,,93
201700042637,17,7,3,2105,2,2,1,7.0,6.0,93050,M,4885413.0,251873.0,93
201700042638,17,7,5,1940,1,2,2,1.0,6.0,93049,M,,,93
201700042639,17,7,6,1609,1,2,3,1.0,3.0,93049,M,,,93
201700042640,17,7,16,1940,1,2,1,1.0,3.0,93050,M,,,93
201700042641,17,7,28,1738,1,2,1,1.0,6.0,93050,M,,,93
201700042642,17,7,29,2120,5,2,3,1.0,3.0,93050,M,,,93
201700042643,17,8,5,1855,1,2,1,1.0,3.0,93050,M,,,93
201700042644,17,8,18,625,2,2,1,2.0,6.0,93049,M,,,93
201700042645,17,8,22,455,5,2,1,1.0,7.0,93050,M,,,93
201700042646,17,8,22,1600,1,2,1,1.0,6.0,93050,M,,,93
201700042647,17,8,26,2315,5,2,3,1.0,3.0,93050,M,4887327.0,252974.0,93
201700042648,17,9,4,1655,1,2,1,1.0,3.0,93050,M,4886168.0,253359.0,93
201700042649,17,9,7,45,5,2,1,1.0,6.0,93049,M,4885392.0,251386.0,93
201700042650,17,9,12,1700,1,2,1,2.0,6.0,93049,M,4886391.0,251269.0,93
201700042651,17,9,18,1745,1,2,2,1.0,3.0,93049,M,4886173.0,250075.0,93
201700042652,17,9,24,1845,1,2,1,1.0,2.0,93049,M,4886127.0,250918.0,93
201700042653,17,9,25,1630,1,2,1,1.0,6.0,93049,M,4885602.0,250633.0,93
201700042654,17,9,26,1600,1,2,1,1.0,2.0,93050,M,4886047.0,253076.0,93
201700042655,17,9,28,1845,1,2,1,1.0,3.0,93050,M,4886728.0,253240.0,93
201700042656,17,9,29,520,4,2,4,8.0,3.0,93050,M,4886469.0,255411.0,93
201700042657,17,10,20,1150,1,2,2,1.0,1.0,93050,M,4985700.0,253100.0,93
201700042658,17,10,22,2000,5,2,1,1.0,3.0,93049,M,4885265.0,251303.0,93
201700042659,17,11,22,730,5,2,2,1.0,3.0,93050,M,4886500.0,252024.0,93
201700042660,17,11,22,755,1,2,4,1.0,3.0,93050,M,,,93
201700042661,17,11,25,1700,2,2,3,1.0,3.0,93050,M,4887310.0,255330.0,93
201700042662,17,12,1,2145,5,2,2,8.0,3.0,93050,M,4885720.0,253125.0,93
201700042663,17,12,4,915,1,2,1,1.0,6.0,93049,M,4885712.0,250590.0,93
201700042664,17,12,7,2045,5,2,1,2.0,6.0,93050,M,4885660.0,251699.0,93
201700042665,17,12,9,1355,1,2,2,1.0,7.0,93049,M,4885552.0,251315.0,93
201700042666,17,12,13,2010,5,2,1,3.0,6.0,93050,M,,,93
201700042667,17,12,15,845,1,2,1,1.0,3.0,93050,M,4885438.0,251635.0,93
201700042668,17,1,1,1515,1,2,1,8.0,3.0,93050,M,,,93
201700042669,17,1,2,1,3,2,2,2.0,3.0,93050,M,,,93
201700042670,17,1,4,1810,5,2,1,2.0,3.0,93050,M,,,93
201700042671,17,1,5,1915,5,2,3,1.0,6.0,93049,M,,,93
201700042672,17,1,7,1755,5,2,3,2.0,3.0,93049,M,,,93
201700042673,17,1,10,900,1,2,2,1.0,3.0,93050,M,,,93
201700042674,17,1,11,610,5,2,5,2.0,3.0,93049,M,,,93
201700042675,17,1,12,1410,1,2,1,2.0,6.0,93050,M,,,93
201700042676,17,1,18,935,1,2,2,1.0,3.0,93049,M,,,93
201700042677,17,1,29,15,5,2,2,1.0,3.0,93050,M,,,93
201700042678,17,1,25,1815,5,2,2,1.0,6.0,93050,M,,,93
201700042679,17,1,28,1935,5,2,1,1.0,3.0,93049,M,,,93
201700042680,17,2,2,1920,5,2,1,1.0,6.0,93050,M,,,93
201700042681,17,2,17,1807,5,2,1,1.0,6.0,93050,M,,,93
201700042682,17,2,24,1600,1,2,1,1.0,6.0,93050,M,,,93
201700042683,17,2,28,1320,1,2,1,2.0,2.0,93050,M,,,93
201700042684,17,3,2,2220,5,2,1,1.0,5.0,93049,M,,,93
201700042685,17,3,4,955,1,2,1,2.0,1.0,93049,M,,,93
201700042686,17,3,8,925,1,2,2,2.0,3.0,93050,M,,,93
201700042687,17,3,10,1525,1,2,1,1.0,3.0,93049,M,,,93
201700042688,17,3,14,1645,1,2,2,1.0,1.0,93050,M,,,93
201700042689,17,3,18,1950,2,2,2,1.0,3.0,93050,M,,,93
201700042690,17,1,3,1700,1,2,1,5.0,2.0,93051,M,,,93
201700042691,17,1,9,1830,4,2,6,2.0,6.0,93051,M,,,93
201700042692,17,1,17,1415,1,2,1,1.0,6.0,93051,M,,,93
201700042693,17,1,24,1810,5,2,1,9.0,2.0,93051,M,,,93
201700042694,17,1,25,1435,1,2,1,1.0,6.0,93051,M,,,93
201700042695,17,1,25,1750,3,2,1,1.0,6.0,93051,M,,,93
201700042696,17,1,26,820,1,2,1,1.0,2.0,93051,M,,,93
201700042697,17,1,26,1845,5,2,1,1.0,2.0,93051,M,,,93
201700042698,17,1,27,2155,5,2,1,2.0,5.0,93051,M,,,93
201700042699,17,2,1,640,5,2,6,1.0,6.0,93051,M,,,93
201700042700,17,2,1,1840,5,2,1,1.0,6.0,93051,M,,,93
201700042701,17,2,2,630,5,2,7,1.0,3.0,93051,M,,,93
201700042702,17,2,2,910,2,2,1,1.0,7.0,93051,M,,,93
201700042703,17,2,16,1400,1,2,1,1.0,3.0,93051,M,,,93
201700042704,17,2,19,2215,5,2,9,1.0,6.0,93051,M,,,93
201700042705,17,2,21,850,1,2,3,1.0,3.0,93051,M,,,93
201700042706,17,2,25,2315,5,2,2,1.0,6.0,93051,M,,,93
201700042707,17,3,3,1005,1,2,1,1.0,6.0,93051,M,,,93
201700042708,17,3,4,215,5,2,2,2.0,1.0,93051,M,,,93
201700042709,17,3,6,800,1,2,1,1.0,6.0,93051,M,,,93
201700042710,17,3,8,835,1,2,3,2.0,1.0,93051,M,,,93
201700042711,17,3,12,1910,5,2,1,1.0,3.0,93051,M,,,93
201700042712,17,3,14,930,1,2,1,1.0,7.0,93051,M,,,93
201700042713,17,3,17,1500,1,2,1,8.0,6.0,93051,M,,,93
201700042714,17,4,1,2210,4,2,1,1.0,6.0,93051,M,,,93
201700042715,17,4,2,1950,1,2,3,1.0,3.0,93051,M,,,93
201700042716,17,4,7,1800,1,2,1,1.0,2.0,93051,M,,,93
201700042717,17,4,18,1615,1,2,1,1.0,6.0,93051,M,,,93
201700042718,17,4,19,1245,1,2,1,1.0,7.0,93051,M,,,93
201700042719,17,4,24,1545,1,2,1,1.0,6.0,93051,M,,,93
201700042720,17,4,26,815,1,2,2,1.0,3.0,93051,M,,,93
201700042721,17,4,29,1655,1,2,6,1.0,6.0,93051,M,4883790.0,256175.0,93
201700042722,17,5,3,1525,1,2,1,2.0,6.0,93051,M,4884849.0,255614.0,93
201700042723,17,5,7,730,1,2,1,2.0,6.0,93051,M,,,93
201700042724,17,5,8,2115,5,2,1,2.0,1.0,93051,M,,,93
201700042725,17,5,10,1745,1,2,3,1.0,3.0,93051,M,,,93
201700042726,17,5,13,1015,1,2,1,1.0,6.0,93051,M,,,93
201700042727,17,5,23,1635,1,2,2,1.0,3.0,93051,M,,,93
201700042728,17,5,24,845,1,2,1,1.0,2.0,93051,M,,,93
201700042729,17,6,4,1740,1,2,2,1.0,1.0,93051,M,,,93
201700042730,17,6,17,510,2,2,1,1.0,6.0,93051,M,,,93
201700042731,17,6,16,1130,1,2,2,1.0,2.0,93051,M,,,93
201700042732,17,6,24,1115,1,2,1,1.0,2.0,93051,M,4884269.0,254886.0,93
201700042733,17,6,27,650,2,2,6,2.0,2.0,93051,M,4884000.0,255000.0,93
201700042734,17,7,2,1300,1,2,2,2.0,3.0,93051,M,4884810.0,253890.0,93
201700042735,17,7,5,1400,1,2,1,7.0,1.0,93051,M,4883193.0,256503.0,93
201700042736,17,7,6,800,1,2,2,8.0,6.0,93051,M,4885439.0,252125.0,93
201700042737,17,7,6,1245,1,2,6,1.0,7.0,93051,M,4883251.0,258391.0,93
201700042738,17,7,13,945,1,2,2,1.0,7.0,93051,M,4883606.0,256472.0,93
201700042739,17,7,21,1515,1,2,3,1.0,6.0,93051,M,4883905.0,254299.0,93
201700042740,17,7,25,1730,1,2,1,1.0,6.0,93051,M,4884013.0,257539.0,93
201700042741,17,7,31,1825,1,2,1,1.0,6.0,93051,M,4884484.0,255490.0,93
201700042742,17,8,4,45,5,2,6,8.0,3.0,93051,M,4884020.0,254394.0,93
201700042743,17,8,16,1010,1,2,1,1.0,3.0,93051,M,4884971.0,255289.0,93
201700042744,17,8,28,2220,5,2,1,1.0,6.0,93051,M,4885118.0,253460.0,93
201700042745,17,8,31,2100,5,2,1,1.0,6.0,93051,M,4885025.0,537456.0,93
201700042746,17,9,2,820,1,2,1,1.0,6.0,93051,M,4884625.0,253750.0,93
201700042747,17,9,11,1630,1,2,1,1.0,2.0,93051,M,4883945.0,254858.0,93
201700042748,17,9,22,1800,1,2,2,1.0,3.0,93033,M,4885547.0,257601.0,93
201700042749,17,9,30,1105,1,2,1,8.0,7.0,93051,M,4884045.0,255081.0,93
201700042750,17,10,2,755,2,2,1,1.0,6.0,93051,M,4884588.0,254939.0,93
201700042751,17,10,7,1205,1,2,3,1.0,6.0,93051,M,4883824.0,256067.0,93
201700042752,17,10,13,1130,1,2,1,1.0,6.0,93051,M,4884692.0,255310.0,93
201700042753,17,10,15,1715,1,2,3,1.0,3.0,93051,M,4884900.0,256975.0,93
201700042754,17,10,25,1805,5,2,1,1.0,2.0,93051,M,4884973.0,253638.0,93
201700042755,17,10,28,1445,1,2,1,1.0,1.0,93033,M,4885964.0,258094.0,93
201700042756,17,11,2,1000,1,2,3,8.0,3.0,93051,M,4884960.0,257711.0,93
201700042757,17,11,7,820,1,2,1,1.0,6.0,93051,M,4884854.0,255250.0,93