Num_Acc,an,mois,jour,hrmn,lum,agg,int,atm,col,com,gps,lat,long,dep
201700042758,17,11,13,2100,5,2,1,1.0,7.0,93051,M,,,93
201700042759,17,11,17,1110,1,2,3,2.0,6.0,93051,M,4884888.0,255247.0,93
201700042760,17,11,30,845,2,2,2,8.0,6.0,93051,M,4882660.0,256749.0,93
201700042761,17,12,7,1140,1,2,6,6.0,2.0,93051,M,4884287.0,254384.0,93
201700042762,17,12,7,1845,5,2,9,2.0,2.0,93051,M,,,93
201700042763,17,12,10,1140,1,2,2,1.0,3.0,93051,M,4884509.0,252772.0,93
201700042764,17,12,12,755,5,2,3,1.0,6.0,93051,M,4882810.0,256810.0,93
201700042765,17,12,18,820,2,2,2,8.0,6.0,93033,M,,,93
201700042766,17,12,26,1705,4,2,3,1.0,2.0,93051,M,4883838.0,254863.0,93
201700042767,17,12,28,1825,5,2,1,1.0,6.0,93051,M,4880000.0,255000.0,93
201700042768,17,12,30,1300,1,2,3,2.0,3.0,93051,M,4883646.0,256291.0,93
201700042769,17,1,2,1520,1,2,1,1.0,6.0,93053,M,,,93
201700042770,17,1,11,2335,5,2,2,1.0,5.0,93053,M,,,93
201700042771,17,1,13,2250,5,2,1,1.0,3.0,93053,M,,,93
201700042772,17,1,14,330,5,2,1,4.0,6.0,93053,M,,,93
201700042773,17,1,14,1225,1,2,1,2.0,6.0,93053,M,,,93
201700042774,17,1,23,1000,1,2,1,8.0,6.0,93053,M,,,93
201700042775,17,2,8,1600,1,2,3,1.0,7.0,93053,M,,,93
201700042776,17,2,20,1300,1,2,1,1.0,4.0,93053,M,,,93
201700042777,17,2,23,1950,5,2,1,1.0,1.0,93053,M,,,93
201700042778,17,3,3,1615,1,2,2,1.0,6.0,93053,M,,,93
201700042779,17,3,8,127,5,2,2,8.0,3.0,93053,M,,,93
201700042780,17,3,8,610,5,1,1,2.0,7.0,93053,M,,,93
201700042781,17,3,25,2020,3,2,1,1.0,6.0,93053,M,,,93
201700042782,17,3,28,1821,1,2,1,1.0,6.0,93053,M,,,93
201700042783,17,3,30,1749,1,2,1,1.0,6.0,93053,M,,,93
201700042784,17,4,4,730,1,2,1,1.0,2.0,93053,M,,,93
201700042785,17,4,6,425,3,2,1,1.0,6.0,93053,M,,,93
201700042786,17,4,11,630,5,2,1,1.0,5.0,93053,M,,,93
201700042787,17,4,26,834,1,2,7,1.0,3.0,93053,M,,,93
201700042788,17,4,27,1345,1,2,2,8.0,2.0,93053,M,,,93
201700042789,17,4,29,1830,1,2,1,1.0,6.0,93053,M,,,93
201700042790,17,5,10,820,1,2,2,1.0,6.0,93053,M,,,93
201700042791,17,5,15,1425,1,2,1,1.0,2.0,93053,M,,,93
201700042792,17,5,24,1345,1,2,6,1.0,3.0,93053,M,,,93
201700042793,17,6,3,2200,5,2,1,2.0,4.0,93053,M,,,93
201700042794,17,6,16,120,5,2,2,1.0,3.0,93053,M,4888650.0,246273.0,93
201700042795,17,6,18,2147,5,2,1,1.0,3.0,93053,M,,,93
201700042796,17,6,19,755,1,2,1,1.0,6.0,93053,M,,,93
201700042797,17,6,20,1535,1,2,1,1.0,2.0,93053,M,,,93
201700042798,17,6,27,920,1,1,1,1.0,3.0,93053,M,,,93
201700042799,17,7,2,1605,1,2,2,1.0,3.0,93053,M,,,93
201700042800,17,7,5,1026,1,2,1,1.0,6.0,93053,M,,,93
201700042801,17,7,21,1805,1,2,1,1.0,2.0,93053,M,,,93
201700042802,17,8,5,1134,1,2,3,7.0,3.0,93053,M,,,93
201700042803,17,8,9,1400,1,2,1,1.0,6.0,93053,M,,,93
201700042804,17,8,20,645,2,2,1,1.0,6.0,93053,M,,,93
201700042805,17,9,2,1300,1,2,2,1.0,3.0,93053,M,4890374.0,247028.0,93
201700042806,17,9,11,810,1,2,2,1.0,6.0,93053,M,4890374.0,247028.0,93
201700042807,17,9,21,2200,5,2,1,1.0,2.0,93053,M,4890328.0,246817.0,93
201700042808,17,10,11,1115,1,2,1,1.0,6.0,93053,M,4889146.0,245264.0,93
201700042809,17,10,13,955,1,2,3,8.0,3.0,93053,M,4800000.0,245994.0,93
201700042810,17,10,14,1645,1,2,3,1.0,3.0,93053,M,4990289.0,246842.0,93
201700042811,17,10,16,830,1,2,9,1.0,2.0,93053,M,4890218.0,246159.0,93
201700042812,17,10,17,840,1,2,1,1.0,5.0,93053,M,,,93
201700042813,17,10,18,900,1,2,1,1.0,6.0,93053,M,4888698.0,247110.0,93
201700042814,17,11,10,1513,1,2,6,1.0,2.0,93053,M,4888850.0,245590.0,93
201700042815,17,11,14,1115,1,2,1,1.0,5.0,93053,M,4889433.0,244398.0,93
201700042816,17,11,14,1544,1,2,3,1.0,2.0,93053,M,,,93
201700042817,17,11,16,1745,1,2,1,1.0,2.0,93053,M,4889025.0,-245316.0,93
201700042818,17,11,21,1750,5,2,1,1.0,5.0,93010,M,4890187.0,247081.0,93
201700042819,17,12,11,1750,5,2,3,8.0,6.0,93053,M,4888001.0,246088.0,93
201700042820,17,12,19,2015,5,2,1,2.0,6.0,93053,M,4888902.0,247142.0,93
201700042821,17,3,30,1940,1,2,1,1.0,6.0,93055,M,,,93
201700042822,17,4,1,640,2,2,4,1.0,3.0,93055,M,,,93
201700042823,17,4,9,1345,1,2,1,1.0,2.0,93055,M,,,93
201700042824,17,4,24,1630,1,2,4,1.0,3.0,93055,M,4889823.0,240666.0,93
201700042825,17,4,24,2115,5,2,1,1.0,1.0,93055,M,,,93
201700042826,17,5,3,1525,1,2,2,2.0,3.0,93055,M,,,93
201700042827,17,5,9,1700,1,2,1,1.0,6.0,93055,M,,,93
201700042828,17,5,24,1550,1,2,1,7.0,6.0,93055,M,,,93
201700042829,17,5,25,1420,1,2,1,1.0,2.0,93055,M,,,93
201700042830,17,6,18,1440,1,2,1,1.0,6.0,93055,M,,,93
201700042831,17,6,23,1445,1,2,4,7.0,2.0,93055,M,,,93
201700042832,17,7,13,753,1,2,1,8.0,6.0,93055,M,,,93
201700042833,17,7,26,1715,1,2,1,2.0,1.0,93055,M,,,93
201700042834,17,8,1,2230,5,2,1,1.0,2.0,93055,M,4889165.0,240578.0,93
201700042835,17,8,18,952,1,2,1,2.0,2.0,93055,M,,,93
201700042836,17,8,22,1740,1,2,1,1.0,6.0,93055,M,,,93
201700042837,17,8,23,710,1,2,2,1.0,6.0,93055,M,,,93
201700042838,17,8,24,1800,1,2,1,1.0,1.0,93055,M,,,93
201700042839,17,8,29,1945,1,2,1,1.0,7.0,93055,M,4889000.0,242000.0,93
201700042840,17,9,3,1800,1,2,1,1.0,6.0,93055,M,,,93
201700042841,17,9,7,815,1,2,1,1.0,3.0,93055,M,4889129.0,240260.0,93
201700042842,17,9,14,845,1,2,9,1.0,6.0,93055,M,,,93
201700042843,17,9,15,1030,1,2,3,1.0,3.0,93055,M,4888948.0,241980.0,93
201700042844,17,9,16,1830,1,2,2,8.0,2.0,93055,M,4889176.0,240509.0,93
201700042845,17,9,21,1945,2,2,1,1.0,7.0,93055,M,4890182.0,239023.0,93
201700042846,17,9,23,1010,1,2,1,1.0,6.0,93055,M,4889276.0,241093.0,93
201700042847,17,9,25,1350,1,2,3,1.0,7.0,93055,M,4889603.0,240975.0,93
201700042848,17,9,25,2100,5,2,1,1.0,6.0,93055,M,4889435.0,241960.0,93
201700042849,17,10,3,1000,1,2,1,1.0,6.0,93055,M,4889432.0,242044.0,93
201700042850,17,10,3,2145,5,2,1,1.0,7.0,93055,M,4888368.0,241146.0,93
201700042851,17,10,7,1400,1,2,1,8.0,3.0,93055,M,4889293.0,241421.0,93
201700042852,17,10,10,2108,5,2,1,1.0,6.0,93055,M,4889706.0,240001.0,93
201700042853,17,10,12,2155,5,2,2,1.0,3.0,93055,M,4889545.0,242617.0,93
201700042854,17,10,14,1240,1,2,3,1.0,3.0,93055,M,4889017.0,240997.0,93
201700042855,17,10,14,1740,1,2,1,1.0,6.0,93055,M,4889380.0,240884.0,93
201700042856,17,10,15,1355,1,2,1,1.0,7.0,93055,M,4890874.0,239968.0,93
201700042857,17,10,16,1645,1,2,2,1.0,3.0,93055,M,4889380.0,240884.0,93
201700042858,17,10,24,750,5,2,1,2.0,3.0,93055,M,4890237.0,240658.0,93
201700042859,17,10,27,1320,1,2,1,1.0,6.0,93055,M,4889018.0,240998.0,93
201700042860,17,10,27,1825,2,2,1,1.0,6.0,93055,M,4889531.0,240642.0,93
201700042861,17,10,28,1925,5,2,1,1.0,3.0,93055,M,4889217.0,240736.0,93
201700042862,17,11,1,2130,5,2,1,1.0,3.0,93055,M,4889498.0,242200.0,93
201700042863,17,11,6,948,1,2,1,1.0,6.0,93055,M,4889544.0,240960.0,93
201700042864,17,11,7,2000,2,2,1,1.0,3.0,93055,M,4889893.0,240547.0,93
201700042865,17,11,13,955,1,2,1,1.0,6.0,93055,M,4889412.0,240636.0,93
201700042866,17,11,14,2140,5,2,1,1.0,3.0,93055,M,4890080.0,241161.0,93
201700042867,17,11,15,130,5,2,1,1.0,2.0,93055,M,4889395.0,242476.0,93
201700042868,17,11,15,1240,1,2,1,1.0,2.0,93055,M,4889645.0,240912.0,93
201700042869,17,11,22,1610,1,2,1,1.0,3.0,93055,M,4889342.0,241046.0,93
201700042870,17,11,24,1830,2,2,1,1.0,6.0,93055,M,4889403.0,239877.0,93
201700042871,17,11,27,1510,1,2,1,2.0,6.0,93055,M,4889130.0,240236.0,93
201700042872,17,11,29,923,1,2,2,8.0,6.0,93055,M,4889461.0,240447.0,93
201700042873,17,11,29,1440,1,2,1,3.0,6.0,93055,M,4889780.0,239891.0,93
201700042874,17,12,6,1015,1,2,1,8.0,6.0,93055,M,4890721.0,-239612.0,93
201700042875,17,12,8,2015,5,2,2,1.0,3.0,93055,M,4889487.0,240969.0,93
201700042876,17,12,10,600,3,2,1,3.0,6.0,93055,M,4890280.0,241567.0,93
201700042877,17,12,15,1915,3,2,1,2.0,6.0,93055,M,4889610.0,241960.0,93
201700042878,17,12,17,550,5,2,1,2.0,6.0,93055,M,4889974.0,240965.0,93
201700042879,17,12,18,830,2,2,1,2.0,6.0,93055,M,4889032.0,240157.0,93
201700042880,17,12,19,2035,5,2,1,1.0,3.0,93055,M,4889051.0,240157.0,93
201700042881,17,12,26,100,5,2,1,1.0,6.0,93055,M,4889467.0,242137.0,93
201700042882,17,12,28,1910,5,2,1,1.0,6.0,93055,M,4889768.0,239874.0,93
201700042883,17,12,30,1955,5,2,1,1.0,6.0,93008,M,4889077.0,240521.0,93
201700042884,17,3,7,1640,1,2,1,1.0,6.0,93055,M,,,93
201700042885,17,1,12,1100,1,2,1,2.0,5.0,93055,M,,,93
201700042886,17,1,14,1450,1,2,1,8.0,2.0,93055,M,,,93
201700042887,17,1,15,1540,2,2,1,2.0,2.0,93055,M,,,93
201700042888,17,3,4,20,5,2,1,2.0,6.0,93055,M,,,93
201700042889,17,3,7,1500,1,2,3,1.0,3.0,93055,M,,,93
201700042890,17,3,9,750,2,2,1,1.0,2.0,93055,M,,,93
201700042891,17,3,23,1605,1,2,1,2.0,5.0,93055,M,,,93
201700042892,17,1,2,2025,5,2,1,8.0,3.0,93077,M,,,93
201700042893,17,1,2,2000,5,2,5,1.0,1.0,93062,M,,,93
201700042894,17,1,26,1000,1,2,1,1.0,3.0,93077,M,,,93
201700042895,17,3,1,1740,1,2,9,3.0,3.0,93027,M,,,93
201700042896,17,2,18,1930,5,2,2,1.0,6.0,93062,M,,,93
201700042897,17,3,14,830,1,2,2,1.0,3.0,93027,M,,,93
201700042898,17,3,1,212,5,2,2,1.0,3.0,93077,M,,,93
201700042899,17,3,17,1410,1,2,1,1.0,6.0,93027,M,,,93
201700042900,17,3,23,1720,1,2,3,2.0,3.0,93062,M,,,93
201700042901,17,3,26,1340,1,2,1,1.0,6.0,93062,M,4889468.0,251346.0,93
201700042902,17,3,27,1845,1,2,3,1.0,6.0,93062,M,,,93
201700042903,17,4,4,855,1,2,3,1.0,3.0,93062,M,4889459.0,251337.0,93
201700042904,17,4,5,1948,1,2,1,1.0,6.0,93027,M,,,93
201700042905,17,4,6,1810,1,2,6,1.0,6.0,93062,M,,,93
201700042906,17,4,15,405,5,2,1,1.0,6.0,93062,M,,,93
201700042907,17,4,19,2235,5,2,2,1.0,3.0,93077,M,4887985.0,249656.0,93
201700042908,17,4,27,1930,1,2,1,1.0,5.0,93027,M,,,93
201700042909,17,4,29,145,5,2,1,1.0,6.0,93062,M,,,93
201700042910,17,5,2,915,1,2,1,7.0,6.0,93027,M,,,93
201700042911,17,5,3,1115,1,2,3,2.0,3.0,93027,M,,,93
201700042912,17,5,11,750,1,2,6,1.0,3.0,93027,M,,,93
201700042913,17,5,11,1400,1,2,9,1.0,6.0,93027,M,,,93
201700042914,17,5,12,1535,1,2,3,1.0,6.0,93027,M,,,93
201700042915,17,5,17,1645,1,2,9,1.0,6.0,93062,M,4889614.0,250908.0,93
201700042916,17,5,22,745,1,2,9,1.0,6.0,93062,M,4889468.0,251346.0,93
201700042917,17,5,26,1735,1,2,1,1.0,6.0,93027,M,,,93
201700042918,17,5,27,511,2,2,1,1.0,6.0,93027,M,,,93
201700042919,17,5,27,2110,1,2,1,1.0,3.0,93027,M,,,93
201700042920,17,5,29,845,1,2,1,1.0,6.0,93062,M,,,93
201700042921,17,6,2,815,1,2,3,1.0,3.0,93062,M,4889468.0,251346.0,93
201700042922,17,6,4,1941,1,2,1,1.0,2.0,93027,M,,,93
201700042923,17,6,7,1440,1,2,6,1.0,6.0,93027,M,,,93
201700042924,17,6,11,935,1,2,1,1.0,3.0,93062,M,,,93
201700042925,17,6,12,1901,1,2,1,1.0,2.0,93077,M,,,93
201700042926,17,6,14,1825,1,2,1,1.0,2.0,93027,M,,,93
201700042927,17,6,15,1642,1,2,1,1.0,6.0,93027,M,,,93
201700042928,17,6,16,1845,1,2,1,1.0,1.0,93062,M,,,93
201700042929,17,6,18,1706,1,2,1,1.0,1.0,93027,M,,,93
201700042930,17,6,22,723,1,2,3,1.0,3.0,93027,M,,,93
201700042931,17,6,23,2008,1,2,1,1.0,1.0,93077,M,,,93
201700042932,17,6,24,2230,3,2,2,1.0,3.0,93027,M,,,93
201700042933,17,6,28,2150,5,2,1,1.0,3.0,93027,M,,,93
201700042934,17,7,1,725,2,2,2,8.0,3.0,93027,M,,,93
201700042935,17,7,19,1350,1,2,1,1.0,6.0,93027,M,,,93
201700042936,17,7,20,850,1,2,2,1.0,3.0,93027,M,,,93
201700042937,17,7,23,440,5,2,1,1.0,6.0,93027,M,,,93
201700042938,17,7,27,2250,5,2,1,1.0,6.0,93027,M,,,93
201700042939,17,8,8,930,1,2,3,2.0,5.0,93077,M,,,93
201700042940,17,8,24,1350,1,2,1,1.0,1.0,93062,M,4889883.0,251877.0,93
201700042941,17,8,31,2120,5,2,2,1.0,3.0,93027,M,,,93
201700042942,17,9,7,1635,1,2,3,1.0,3.0,93062,M,4890219.0,252517.0,93
201700042943,17,9,8,1515,1,2,1,2.0,3.0,93077,M,4887770.0,252179.0,93
201700042944,17,9,14,1730,1,2,8,8.0,2.0,93062,M,4889883.0,251377.0,93
201700042945,17,9,17,239,5,2,1,2.0,7.0,93077,M,4888268.0,251663.0,93
201700042946,17,9,23,2010,5,2,2,1.0,3.0,93027,M,,,93
201700042947,17,9,26,1615,1,2,2,1.0,3.0,93062,M,4889547.0,252964.0,93
201700042948,17,9,30,1715,1,2,1,1.0,3.0,93062,M,4889883.0,251877.0,93
201700042949,17,10,1,505,5,2,2,2.0,3.0,93077,M,4888320.0,249680.0,93
201700042950,17,10,3,2038,5,2,1,1.0,1.0,93062,M,4889468.0,251346.0,93
201700042951,17,10,5,1630,1,2,9,2.0,6.0,93077,M,4888576.0,251401.0,93
201700042952,17,10,12,1900,1,2,2,1.0,3.0,93077,M,4888576.0,251401.0,93
201700042953,17,10,13,1250,1,2,2,1.0,3.0,93062,M,4889940.0,252649.0,93
201700042954,17,10,14,1350,1,2,1,1.0,3.0,93077,M,4889156.0,250681.0,93
201700042955,17,10,19,1245,1,2,1,1.0,6.0,93077,M,4888268.0,251663.0,93
201700042956,17,10,22,1235,1,2,1,1.0,6.0,93077,M,4888704.0,250921.0,93
201700042957,17,10,28,905,1,2,1,1.0,6.0,93077,M,4887566.0,252556.0,93
201700042958,17,10,28,1045,1,2,1,1.0,6.0,93077,M,4888237.0,252644.0,93
201700042959,17,11,2,1030,1,2,2,1.0,6.0,93062,M,4889440.0,251713.0,93
201700042960,17,11,3,1832,5,2,1,1.0,3.0,93077,M,4887985.0,249656.0,93
201700042961,17,11,7,1156,1,2,1,1.0,6.0,93077,M,4888979.0,250124.0,93
201700042962,17,11,8,1120,1,2,1,1.0,6.0,93062,M,4889948.0,251770.0,93
201700042963,17,11,13,1320,1,2,1,8.0,2.0,93077,M,4888260.0,249800.0,93
201700042964,17,11,13,1739,5,2,1,1.0,2.0,93077,M,4888260.0,251690.0,93
201700042965,17,11,18,50,5,2,1,1.0,6.0,93077,M,4887784.0,252029.0,93
201700042966,17,11,23,1411,1,2,1,1.0,3.0,93077,M,4888504.0,251392.0,93
201700042967,17,11,27,1630,2,2,1,2.0,6.0,93077,M,4888550.0,251620.0,93
201700042968,17,11,29,750,2,2,2,8.0,6.0,93062,M,4890124.0,251202.0,93
201700042969,17,11,30,2130,4,2,1,4.0,6.0,93062,M,4889265.0,251293.0,93
201700042970,17,12,2,333,5,2,1,8.0,6.0,93062,M,4890021.0,251517.0,93
201700042971,17,12,3,2130,5,2,3,2.0,3.0,93062,M,4889382.0,251320.0,93
201700042972,17,12,11,1420,1,2,1,2.0,2.0,93077,M,4888478.0,250673.0,93
201700042973,17,12,11,1445,1,2,5,2.0,3.0,93077,M,4887926.0,252396.0,93
201700042974,17,12,13,1816,5,2,1,2.0,6.0,93077,M,4888000.0,250000.0,93
201700042975,17,12,14,750,1,2,1,1.0,6.0,93062,M,4890180.0,251400.0,93
201700042976,17,12,17,2351,5,2,7,3.0,6.0,93077,M,4888406.0,250979.0,93
201700042977,17,12,21,745,5,2,3,2.0,6.0,93077,M,4888549.0,249439.0,93
201700042978,17,12,26,2230,5,2,9,3.0,6.0,93077,M,4888281.0,251346.0,93
201700042979,17,12,27,1435,1,2,3,2.0,5.0,93077,M,4888245.0,251731.0,93
201700042980,17,12,28,1939,5,2,1,1.0,6.0,93062,M,4889000.0,251000.0,93
201700042981,17,1,10,825,2,2,3,1.0,6.0,93064,M,,,93
201700042982,17,1,12,1820,5,2,3,2.0,6.0,93064,M,,,93
201700042983,17,1,13,1145,1,2,6,2.0,3.0,93064,M,,,93
201700042984,17,1,12,1952,5,2,2,2.0,6.0,93064,M,,,93
201700042985,17,1,13,1439,1,2,2,2.0,6.0,93064,M,,,93
201700042986,17,1,13,1814,5,2,1,2.0,3.0,93064,M,,,93
201700042987,17,1,15,1945,5,2,3,2.0,6.0,93064,M,,,93
201700042988,17,2,9,1300,1,2,2,1.0,6.0,93064,M,,,93
201700042989,17,2,10,810,2,2,1,1.0,6.0,93064,M,,,93
201700042990,17,2,18,1818,2,2,1,1.0,6.0,93064,M,,,93
201700042991,17,2,28,1115,1,2,1,2.0,6.0,93064,M,,,93
201700042992,17,3,26,1820,1,2,1,1.0,6.0,93064,M,,,93
201700042993,17,4,2,220,5,2,2,1.0,3.0,93064,M,4883302.0,249175.0,93
201700042994,17,4,2,1600,1,2,1,1.0,3.0,93064,M,,,93
201700042995,17,4,8,1945,1,2,1,1.0,6.0,93064,M,,,93
201700042996,17,4,10,2005,2,2,1,1.0,6.0,93064,M,,,93
201700042997,17,4,12,130,5,2,2,1.0,3.0,93064,M,,,93
201700042998,17,4,16,1350,1,2,1,1.0,2.0,93064,M,,,93
201700042999,17,4,30,145,5,2,1,1.0,1.0,93064,M,,,93
201700043000,17,5,9,340,5,2,1,1.0,6.0,93064,M,4886703.0,248451.0,93
201700043001,17,5,29,1605,1,2,1,7.0,6.0,93064,M,,,93
201700043002,17,5,31,1625,1,2,1,7.0,1.0,93064,M,,,93
201700043003,17,5,31,1720,1,2,1,1.0,6.0,93064,M,,,93
201700043004,17,5,31,1745,1,2,1,7.0,6.0,93064,M,,,93
201700043005,17,6,3,1630,1,2,1,1.0,4.0,93064,M,,,93
201700043006,17,6,5,1745,1,2,1,1.0,3.0,93064,M,,,93
201700043007,17,6,22,1240,1,2,4,1.0,6.0,93064,M,,,93
201700043008,17,6,23,925,1,2,1,1.0,6.0,93064,M,,,93
201700043009,17,6,24,1020,1,2,1,1.0,2.0,93064,M,,,93
201700043010,17,6,27,845,1,2,1,1.0,6.0,93064,M,,,93
201700043011,17,7,1,430,5,2,1,1.0,6.0,93064,M,,,93
201700043012,17,7,7,1310,1,2,1,1.0,1.0,93064,M,,,93
201700043013,17,9,2,1000,1,2,1,7.0,2.0,93064,M,,,93
201700043014,17,7,24,430,5,2,2,9.0,3.0,93064,M,,,93
201700043015,17,7,28,1515,1,2,1,8.0,1.0,93064,M,,,93
201700043016,17,7,30,1040,1,2,3,1.0,2.0,93064,M,,,93
201700043017,17,8,3,2200,5,2,1,1.0,3.0,93064,M,4888313.0,247501.0,93
201700043018,17,8,12,2340,5,2,1,2.0,3.0,93064,M,4888489.0,248147.0,93
201700043019,17,8,16,1510,1,2,1,1.0,1.0,93064,M,,,93
201700043020,17,8,25,1320,1,2,1,2.0,6.0,93064,M,,,93
201700043021,17,9,2,1628,1,2,1,1.0,3.0,93064,M,,,93
201700043022,17,9,2,1628,1,2,2,1.0,3.0,93064,M,4886100.0,248965.0,93
201700043023,17,9,14,1530,1,2,2,2.0,3.0,93064,M,,,93
201700043024,17,9,19,1655,1,2,1,1.0,6.0,93064,M,,,93
201700043025,17,9,21,1825,1,2,1,1.0,6.0,93064,M,,,93
201700043026,17,9,26,1040,1,2,1,2.0,2.0,93064,M,,,93
201700043027,17,10,7,1640,1,2,1,1.0,5.0,93064,M,,,93
201700043028,17,10,7,2125,5,2,1,2.0,3.0,93064,M,,,93
201700043029,17,10,12,1545,1,2,5,1.0,5.0,93064,M,,,93
201700043030,17,10,13,1840,2,2,1,1.0,3.0,93064,M,,,93
201700043031,17,10,17,1315,1,2,9,1.0,6.0,93064,M,,,93
201700043032,17,10,17,1530,1,2,1,1.0,6.0,93064,M,,,93
201700043033,17,10,18,1600,1,2,1,8.0,6.0,93064,M,,,93
201700043034,17,10,19,1540,1,2,1,1.0,3.0,93064,M,,,93
201700043035,17,10,25,2010,5,2,1,1.0,6.0,93064,M,,,93
201700043036,17,10,27,940,1,2,1,8.0,2.0,93064,M,,,93
201700043037,17,10,28,1910,2,2,1,1.0,3.0,93064,M,,,93
201700043038,17,11,6,1555,1,2,1,1.0,6.0,93064,M,4888193.0,247766.0,93
201700043039,17,11,9,1720,2,2,2,1.0,3.0,93064,M,,,93
201700043040,17,11,10,2135,5,2,1,1.0,3.0,93064,M,,,93
201700043041,17,11,12,1530,1,2,1,1.0,4.0,93064,M,4888633.0,247541.0,93
201700043042,17,11,16,1145,1,2,9,1.0,3.0,93064,M,4886204.0,249827.0,93
201700043043,17,11,16,1925,5,2,1,1.0,7.0,93064,M,4887000.0,248400.0,93
201700043044,17,11,17,840,1,2,1,2.0,3.0,93064,M,4886176.0,248952.0,93
201700043045,17,11,17,2000,4,2,2,1.0,3.0,93048,M,,,93
201700043046,17,11,30,2200,5,2,2,4.0,3.0,93064,M,,,93
201700043047,17,12,2,225,5,2,1,1.0,6.0,93064,M,4887889.0,249036.0,93
201700043048,17,12,4,1402,1,2,1,1.0,2.0,93064,M,4886625.0,248410.0,93
201700043049,17,12,6,1610,2,2,1,1.0,6.0,93064,M,4800000.0,248257.0,93
201700043050,17,12,8,850,1,2,1,2.0,2.0,93064,M,,,93
201700043051,17,12,10,140,5,2,1,2.0,3.0,93064,M,4887273.0,247061.0,93
201700043052,17,12,10,1630,5,2,9,3.0,6.0,93064,M,4888406.0,247903.0,93
201700043053,17,12,13,800,5,2,6,3.0,6.0,93064,M,,,93
201700043054,17,12,15,824,2,2,1,8.0,6.0,93064,M,,,93
201700043055,17,12,15,2130,5,2,1,2.0,3.0,93064,M,4886428.0,248954.0,93
201700043056,17,12,22,1305,1,2,1,2.0,3.0,93064,M,,,93
201700043057,17,12,22,1740,3,2,1,2.0,6.0,93064,M,,,93
201700043058,17,12,30,2045,5,2,1,1.0,6.0,93064,M,4887112.0,248656.0,93
201700043059,17,1,1,1130,1,2,2,1.0,3.0,93066,M,,,93
201700043060,17,1,4,730,5,2,1,1.0,1.0,93066,M,,,93
201700043061,17,1,7,700,3,2,1,1.0,6.0,93066,M,,,93
201700043062,17,1,9,1110,1,2,1,2.0,6.0,93066,M,,,93
201700043063,17,1,9,1300,1,1,1,2.0,1.0,93066,M,,,93
201700043064,17,1,16,1330,1,2,4,1.0,3.0,93066,M,,,93
201700043065,17,1,18,1900,5,2,1,1.0,3.0,93066,M,,,93
201700043066,17,1,19,1300,1,2,1,1.0,6.0,93066,M,,,93
201700043067,17,1,23,930,1,2,1,1.0,3.0,93066,M,,,93
201700043068,17,1,23,1150,1,2,1,8.0,3.0,93066,M,,,93
201700043069,17,1,23,1830,5,2,3,1.0,6.0,93066,M,,,93
201700043070,17,1,27,2150,5,2,1,1.0,5.0,93066,M,,,93
201700043071,17,1,27,2330,5,2,1,2.0,6.0,93066,M,,,93
201700043072,17,2,1,1005,1,2,1,1.0,2.0,93066,M,,,93
201700043073,17,2,2,905,1,2,1,1.0,3.0,93066,M,,,93
201700043074,17,2,3,1850,5,2,2,2.0,6.0,93066,M,,,93
201700043075,17,2,4,1505,1,2,1,2.0,7.0,93066,M,,,93
201700043076,17,2,7,2030,5,2,2,1.0,6.0,93066,M,,,93
201700043077,17,2,10,1150,1,2,3,1.0,6.0,93066,M,,,93
201700043078,17,2,10,2330,5,2,3,1.0,3.0,93066,M,,,93
201700043079,17,2,13,2025,5,2,1,1.0,6.0,93066,M,,,93
201700043080,17,2,18,2200,5,2,1,1.0,3.0,93066,M,,,93
201700043081,17,2,20,2130,5,2,1,1.0,3.0,93066,M,,,93
201700043082,17,2,25,430,3,2,1,1.0,3.0,93066,M,,,93
201700043083,17,2,26,645,5,2,1,1.0,6.0,93066,M,,,93
201700043084,17,3,4,1210,1,2,1,3.0,2.0,93066,M,,,93
201700043085,17,3,8,1150,1,2,1,2.0,2.0,93066,M,,,93
201700043086,17,3,10,220,3,2,1,1.0,2.0,93066,M,,,93
201700043087,17,3,13,2150,5,2,1,1.0,7.0,93066,M,,,93
201700043088,17,3,15,1145,1,2,1,1.0,6.0,93066,M,,,93
201700043089,17,3,20,750,2,2,1,1.0,2.0,93066,M,,,93
201700043090,17,3,23,1715,1,2,3,1.0,3.0,93066,M,4892546.0,235063.0,93
201700043091,17,3,26,1600,1,2,1,1.0,6.0,93066,M,,,93
201700043092,17,3,27,1700,1,2,1,1.0,3.0,93066,M,,,93
201700043093,17,3,28,700,4,2,1,1.0,6.0,93066,M,4891637.0,236065.0,93
201700043094,17,3,29,645,1,2,1,1.0,3.0,93066,M,4892585.0,235460.0,93
201700043095,17,3,26,500,5,2,1,1.0,3.0,93066,M,4893971.0,237056.0,93
201700043096,17,3,31,815,1,2,1,1.0,3.0,93066,M,4891961.0,236002.0,93
201700043097,17,3,31,815,1,2,6,1.0,6.0,93066,M,4892136.0,236737.0,93
201700043098,17,4,2,2000,1,2,1,1.0,6.0,93066,M,4890631.0,235811.0,93
201700043099,17,4,4,1230,1,2,9,1.0,5.0,93066,M,4892607.0,235124.0,93
201700043100,17,4,5,2030,2,2,1,1.0,6.0,93066,M,4894060.0,237740.0,93
201700043101,17,3,24,1730,1,2,1,1.0,2.0,93066,M,4890757.0,236452.0,93
201700043102,17,4,5,1930,1,2,1,1.0,6.0,93066,M,4891904.0,236405.0,93
201700043103,17,4,7,1945,1,2,1,1.0,3.0,93066,M,4893319.0,237331.0,93
201700043104,17,4,8,1945,1,2,1,1.0,2.0,93066,M,4893341.0,236720.0,93
201700043105,17,4,10,1245,1,2,1,1.0,3.0,93066,M,,,93
201700043106,17,4,11,930,1,2,1,1.0,3.0,93066,M,4894684.0,235776.0,93
201700043107,17,4,11,2100,5,2,2,1.0,3.0,93066,M,4890902.0,236149.0,93
201700043108,17,4,12,1630,1,2,1,1.0,3.0,93066,M,,,93