Num_Acc,an,mois,jour,hrmn,lum,agg,int,atm,col,com,gps,lat,long,dep
201700043109,17,4,12,2100,5,2,1,1.0,6.0,93066,M,,,93
201700043110,17,4,13,1700,1,2,1,1.0,3.0,93066,M,4894184.0,234764.0,93
201700043111,17,4,19,1300,1,2,1,1.0,4.0,93066,M,,,93
201700043112,17,4,19,2015,1,2,1,1.0,3.0,93066,M,4893911.0,234733.0,93
201700043113,17,4,21,1340,1,2,3,1.0,3.0,93066,M,4894142.0,237206.0,93
201700043114,17,4,26,1830,1,2,1,2.0,6.0,93066,M,,,93
201700043115,17,4,30,1550,1,2,1,1.0,6.0,93066,M,4894559.0,235037.0,93
201700043116,17,5,2,1300,1,2,1,1.0,3.0,93066,M,,,93
201700043117,17,5,3,1550,1,2,4,2.0,6.0,93066,M,,,93
201700043118,17,5,4,1440,1,2,1,2.0,6.0,93066,M,4891260.0,235760.0,93
201700043119,17,5,4,1640,1,2,1,2.0,6.0,93066,M,4893058.0,236144.0,93
201700043120,17,5,7,1605,1,2,1,1.0,1.0,93066,M,4894185.0,236781.0,93
201700043121,17,5,8,1410,1,2,1,1.0,6.0,93066,M,4893661.0,235318.0,93
201700043122,17,5,9,1550,1,2,1,1.0,6.0,93066,M,4892713.0,236493.0,93
201700043123,17,5,10,1930,1,2,1,1.0,7.0,93066,M,4894308.0,235218.0,93
201700043124,17,5,11,1205,1,2,9,1.0,3.0,93066,M,,,93
201700043125,17,5,11,2330,5,2,2,2.0,3.0,93066,M,,,93
201700043126,17,5,12,810,1,2,9,1.0,3.0,93066,M,4890741.0,236693.0,93
201700043127,17,5,12,1845,1,2,1,2.0,6.0,93066,M,4893500.0,234300.0,93
201700043128,17,5,13,1740,1,2,9,1.0,6.0,93066,M,4893617.0,236449.0,93
201700043129,17,5,12,1930,1,2,2,2.0,6.0,93066,M,4894540.0,236379.0,93
201700043130,17,5,15,1507,1,2,1,1.0,2.0,93039,M,4894158.0,234158.0,93
201700043131,17,5,18,2200,5,2,1,2.0,3.0,93066,M,,,93
201700043132,17,5,22,1325,1,2,1,1.0,6.0,93066,M,4891810.0,236180.0,93
201700043133,17,5,25,1310,1,2,2,1.0,3.0,93066,M,4891603.0,236310.0,93
201700043134,17,5,25,1520,1,2,1,1.0,6.0,93066,M,4891975.0,235692.0,93
201700043135,17,5,28,1730,1,2,1,1.0,6.0,93039,M,4893585.0,234091.0,93
201700043136,17,5,29,2035,1,2,9,1.0,6.0,93066,M,,,93
201700043137,17,5,29,2300,5,2,1,1.0,6.0,93066,M,4894530.0,237169.0,93
201700043138,17,6,2,645,1,2,1,1.0,3.0,93066,M,4891966.0,234348.0,93
201700043139,17,6,3,1715,1,2,1,2.0,3.0,93066,M,4893698.0,235980.0,93
201700043140,17,6,4,1830,1,2,1,1.0,2.0,93066,M,4893699.0,237217.0,93
201700043141,17,6,5,1515,1,2,1,8.0,6.0,93066,M,4894263.0,236905.0,93
201700043142,17,6,5,1950,1,2,1,1.0,6.0,93066,M,4890877.0,236328.0,93
201700043143,17,6,6,1500,1,2,1,3.0,6.0,93066,M,,,93
201700043144,17,6,7,1130,1,2,3,1.0,6.0,93066,M,4894182.0,234712.0,93
201700043145,17,6,7,1720,1,2,1,1.0,3.0,93066,M,4892725.0,-236146.0,93
201700043146,17,6,9,1630,1,2,1,1.0,6.0,93001,M,4891437.0,237675.0,93
201700043147,17,6,10,1750,1,2,1,1.0,6.0,93066,M,,,93
201700043148,17,6,10,1815,1,2,1,1.0,2.0,93066,M,,,93
201700043149,17,6,13,820,1,2,1,1.0,6.0,93066,M,4891825.0,234563.0,93
201700043150,17,6,13,1345,1,2,4,1.0,3.0,93066,M,,,93
201700043151,17,6,14,1810,1,2,1,1.0,6.0,93066,M,4891890.0,236170.0,93
201700043152,17,6,14,2115,2,2,1,1.0,2.0,93066,M,4891600.0,235800.0,93
201700043153,17,6,15,850,1,2,1,1.0,6.0,93066,M,4893294.0,234280.0,93
201700043154,17,6,17,1525,1,2,1,1.0,3.0,93066,M,4894084.0,234338.0,93
201700043155,17,6,20,1915,1,2,1,1.0,6.0,93066,M,4894709.0,234339.0,93
201700043156,17,6,20,1915,1,2,1,1.0,6.0,93066,M,,,93
201700043157,17,6,21,2140,1,2,1,1.0,6.0,93066,M,4890831.0,236336.0,93
201700043158,17,6,22,1010,1,2,2,1.0,3.0,93027,M,,,93
201700043159,17,6,24,1940,1,2,8,1.0,6.0,93066,M,4891000.0,236000.0,93
201700043160,17,6,24,2320,5,2,1,1.0,3.0,93066,M,4893000.0,237000.0,93
201700043161,17,6,26,610,1,2,1,1.0,2.0,93066,M,4893802.0,237083.0,93
201700043162,17,6,28,1855,1,2,3,1.0,3.0,93066,M,4893000.0,237000.0,93
201700043163,17,6,30,915,1,2,1,2.0,6.0,93066,M,4891901.0,234212.0,93
201700043164,17,7,1,650,2,2,1,1.0,6.0,93066,M,,,93
201700043165,17,7,1,1135,1,2,1,3.0,4.0,93039,M,4894390.0,238717.0,93
201700043166,17,7,1,1300,1,2,1,2.0,6.0,93039,M,4891970.0,232688.0,93
201700043167,17,7,3,1440,1,2,1,1.0,2.0,93066,M,4892503.0,234230.0,93
201700043168,17,7,5,1035,1,2,1,1.0,3.0,93066,M,4892400.0,234500.0,93
201700043169,17,7,5,1850,1,2,1,1.0,6.0,93039,M,4893380.0,234248.0,93
201700043170,17,7,9,1715,1,2,2,8.0,3.0,93066,M,4894600.0,234771.0,93
201700043171,17,7,10,920,1,2,3,2.0,3.0,93066,M,4893000.0,236000.0,93
201700043172,17,7,11,1505,1,2,1,1.0,6.0,93066,M,4893498.0,235584.0,93
201700043173,17,7,12,1020,1,2,2,1.0,3.0,93066,M,4891000.0,236000.0,93
201700043174,17,7,15,250,3,2,1,1.0,4.0,93066,M,4893924.0,234497.0,93
201700043175,17,7,17,1815,1,2,1,1.0,2.0,93066,M,4891000.0,235000.0,93
201700043176,17,7,21,1145,1,2,1,1.0,2.0,93066,M,4892855.0,234093.0,93
201700043177,17,7,21,1630,1,2,1,1.0,2.0,93066,M,4990833.0,235857.0,93
201700043178,17,7,23,1905,1,1,3,1.0,3.0,93066,M,4892747.0,235260.0,93
201700043179,17,7,24,20,5,2,2,2.0,3.0,93066,M,,,93
201700043180,17,7,27,1210,1,2,2,1.0,3.0,93066,M,,,93
201700043181,17,7,27,1825,1,2,3,1.0,2.0,93066,M,,,93
201700043182,17,7,28,1330,1,2,1,1.0,3.0,93066,M,,,93
201700043183,17,7,29,442,5,2,1,1.0,3.0,93066,M,,,93
201700043184,17,7,29,1330,1,2,1,1.0,6.0,93066,M,,,93
201700043185,17,7,29,1515,1,2,1,1.0,3.0,93066,M,,,93
201700043186,17,7,29,2000,1,1,1,1.0,6.0,93066,M,4891900.0,234230.0,93
201700043187,17,7,31,1110,1,2,1,1.0,6.0,93066,M,4894266.0,235685.0,93
201700043188,17,7,31,1558,1,2,1,1.0,2.0,93066,M,,,93
201700043189,17,8,1,1425,1,2,2,1.0,7.0,93066,M,4894284.0,236810.0,93
201700043190,17,8,10,1050,1,2,3,1.0,6.0,93066,M,4891522.0,235764.0,93
201700043191,17,8,11,300,5,2,1,2.0,7.0,93066,M,,,93
201700043192,17,8,11,1120,1,2,1,1.0,2.0,93039,M,,,93
201700043193,17,8,12,1620,1,2,1,2.0,6.0,93066,M,,,93
201700043194,17,8,13,530,2,2,1,1.0,5.0,93066,M,,,93
201700043195,17,8,14,1345,1,2,1,1.0,6.0,93066,M,,,93
201700043196,17,8,20,1030,1,2,2,1.0,6.0,93066,M,4894467.0,236031.0,93
201700043197,17,8,28,927,1,2,2,1.0,3.0,93066,M,4892900.0,236651.0,93
201700043198,17,6,2,900,1,2,1,1.0,6.0,93066,M,4893733.0,237173.0,93
201700043199,17,9,5,2330,5,2,1,1.0,3.0,93066,M,,,93
201700043200,17,9,6,830,1,2,3,1.0,6.0,93066,M,4892117.0,236178.0,93
201700043201,17,9,9,1400,1,2,1,2.0,6.0,93066,M,,,93
201700043202,17,9,9,2145,5,2,2,1.0,1.0,93066,M,,,93
201700043203,17,9,9,2145,5,2,1,1.0,3.0,93066,M,4892718.0,235243.0,93
201700043204,17,9,11,1750,1,2,1,1.0,6.0,93066,M,4893763.0,235988.0,93
201700043205,17,9,12,1335,1,2,1,1.0,2.0,93066,M,,,93
201700043206,17,9,15,1800,1,2,1,1.0,1.0,93066,M,,,93
201700043207,17,9,17,1900,2,2,1,2.0,2.0,93066,M,4891913.0,234289.0,93
201700043208,17,9,20,1450,1,2,1,1.0,4.0,93066,M,4892480.0,234940.0,93
201700043209,17,9,20,1730,1,2,1,1.0,5.0,93066,M,4882726.0,236148.0,93
201700043210,17,9,22,1235,1,2,8,1.0,6.0,93066,M,4894615.0,235101.0,93
201700043211,17,9,24,1830,1,2,1,1.0,6.0,93066,M,4892743.0,-235313.0,93
201700043212,17,9,23,1945,2,2,1,1.0,3.0,93066,M,4893652.0,234561.0,93
201700043213,17,9,26,1900,2,2,2,1.0,3.0,93066,M,4894000.0,237000.0,93
201700043214,17,9,27,1220,1,2,1,8.0,6.0,93027,M,,,93
201700043215,17,9,28,1745,1,2,1,1.0,6.0,93066,M,4894302.0,238749.0,93
201700043216,17,9,29,1535,1,2,8,1.0,7.0,93066,M,4894928.0,235578.0,93
201700043217,17,9,30,1400,1,2,1,1.0,6.0,93066,M,4893657.0,234996.0,93
201700043218,17,10,2,1700,1,2,1,8.0,2.0,93066,M,4894156.0,238740.0,93
201700043219,17,10,6,30,5,2,2,1.0,3.0,93066,M,4892413.0,237253.0,93
201700043220,17,10,9,1630,1,2,3,1.0,3.0,93066,M,4893680.0,235702.0,93
201700043221,17,10,10,920,1,2,1,1.0,3.0,93066,M,4893326.0,237326.0,93
201700043222,17,10,15,300,3,2,1,1.0,1.0,93066,M,4893247.0,234867.0,93
201700043223,17,10,15,1135,1,2,1,1.0,6.0,93066,M,4893467.0,234341.0,93
201700043224,17,10,13,1520,1,2,1,1.0,6.0,93066,M,,,93
201700043225,17,10,17,1700,1,2,3,1.0,3.0,93066,M,4893121.0,236376.0,93
201700043226,17,10,17,2000,5,2,1,1.0,5.0,93066,M,4893531.0,236840.0,93
201700043227,17,10,18,1450,1,2,1,1.0,6.0,93066,M,4893880.0,236162.0,93
201700043228,17,10,19,1500,1,2,1,1.0,2.0,93066,M,4893538.0,234274.0,93
201700043229,17,10,23,700,2,2,1,1.0,2.0,93066,M,4891815.0,234126.0,93
201700043230,17,10,23,1900,5,2,1,3.0,2.0,93066,M,4892360.0,237023.0,93
201700043231,17,10,24,1945,5,2,1,1.0,7.0,93066,M,4892551.0,-236478.0,93
201700043232,17,10,24,2110,5,2,1,8.0,6.0,93066,M,,,93
201700043233,17,10,25,1200,1,2,1,1.0,7.0,93066,M,4893410.0,235803.0,93
201700043234,17,10,27,2005,5,2,1,1.0,3.0,93066,M,,,93
201700043235,17,10,29,1350,1,2,1,8.0,3.0,93066,M,4892296.0,234786.0,93
201700043236,17,10,29,2120,5,2,2,1.0,3.0,93066,M,4892388.0,234286.0,93
201700043237,17,10,30,1015,1,2,1,1.0,6.0,93066,M,4891367.0,235821.0,93
201700043238,17,11,1,1620,1,2,1,1.0,6.0,93066,M,4892000.0,236000.0,93
201700043239,17,11,4,1310,1,2,1,8.0,3.0,93066,M,4892406.0,235666.0,93
201700043240,17,11,4,1832,5,2,1,2.0,6.0,93066,M,4893028.0,235650.0,93
201700043241,17,11,6,740,5,2,1,1.0,6.0,93066,M,4893004.0,235577.0,93
201700043242,17,11,7,400,5,2,2,1.0,6.0,93066,M,,,93
201700043243,17,11,7,1025,1,2,1,1.0,2.0,93066,M,4893000.0,237000.0,93
201700043244,17,11,8,1120,1,2,1,1.0,3.0,93066,M,4891000.0,236000.0,93
201700043245,17,11,10,730,3,2,3,1.0,6.0,93066,M,4894379.0,235491.0,93
201700043246,17,11,14,930,1,2,1,1.0,6.0,93066,M,4894064.0,235400.0,93
201700043247,17,11,16,1230,1,2,1,1.0,3.0,93066,M,4893921.0,236901.0,93
201700043248,17,11,17,130,5,2,1,1.0,2.0,93066,M,4892020.0,234450.0,93
201700043249,17,11,18,1300,1,2,6,8.0,7.0,93066,M,4892086.0,236467.0,93
201700043250,17,11,20,750,5,2,1,2.0,6.0,93039,M,4895019.0,231006.0,93
201700043251,17,11,21,925,1,2,1,1.0,3.0,93066,M,,,93
201700043252,17,11,23,1550,2,2,1,2.0,6.0,93066,M,4822545.0,558632.0,93
201700043253,17,11,25,1240,1,2,1,2.0,6.0,93066,M,4890452.0,235349.0,93
201700043254,17,11,28,2145,5,2,3,2.0,6.0,93066,M,4894314.0,238213.0,93
201700043255,17,11,30,1330,1,2,1,1.0,6.0,93066,M,4892921.0,236601.0,93
201700043256,17,11,30,2000,5,2,1,4.0,6.0,93066,M,4892968.0,235700.0,93
201700043257,17,12,1,1045,1,2,1,2.0,6.0,93066,M,4893851.0,236080.0,93
201700043258,17,12,3,2120,5,2,2,2.0,3.0,93066,M,4892597.0,235660.0,93
201700043259,17,12,5,800,1,2,1,8.0,3.0,93066,M,4892962.0,235659.0,93
201700043260,17,12,5,1210,1,2,1,1.0,6.0,93066,M,4891808.0,236489.0,93
201700043261,17,12,7,2200,5,2,1,2.0,3.0,93066,M,4894616.0,237185.0,93
201700043262,17,12,11,15,5,2,1,2.0,6.0,93066,M,4894371.0,236685.0,93
201700043263,17,12,10,2225,5,2,1,1.0,6.0,93066,M,4892717.0,235389.0,93
201700043264,17,12,12,845,1,2,1,2.0,2.0,93066,M,4892663.0,235169.0,93
201700043265,17,12,14,1740,5,2,2,3.0,6.0,93066,M,4891802.0,235713.0,93
201700043266,17,12,14,1750,5,2,8,2.0,6.0,93066,M,4894375.0,234735.0,93
201700043267,17,12,14,1820,3,2,1,2.0,2.0,93066,M,4893533.0,234648.0,93
201700043268,17,12,15,2145,5,2,1,1.0,6.0,93066,M,,,93
201700043269,17,12,18,110,5,2,1,3.0,6.0,93066,M,4892657.0,235187.0,93
201700043270,17,12,18,755,2,2,3,1.0,6.0,93066,M,4892120.0,236186.0,93
201700043271,17,12,20,1740,5,2,3,2.0,6.0,93066,M,,,93
201700043272,17,12,21,1755,5,2,8,2.0,6.0,93066,M,4893878.0,236153.0,93
201700043273,17,12,22,1930,5,2,1,2.0,6.0,93066,M,4893368.0,237020.0,93
201700043274,17,12,27,1745,5,2,1,2.0,2.0,93066,M,4892593.0,235102.0,93
201700043275,17,12,29,1330,1,2,1,2.0,6.0,93066,M,4893821.0,235501.0,93
201700043276,17,1,24,1835,5,2,1,1.0,3.0,93070,M,,,93
201700043277,17,3,21,1410,1,2,3,2.0,3.0,93070,M,,,93
201700043278,17,3,23,1935,5,2,2,2.0,6.0,93070,M,,,93
201700043279,17,1,29,430,5,2,2,1.0,3.0,93070,M,,,93
201700043280,17,3,25,2000,5,2,3,1.0,1.0,93070,M,,,93
201700043281,17,2,2,2015,5,2,1,1.0,3.0,93070,M,,,93
201700043282,17,4,19,2015,5,2,1,1.0,6.0,93070,M,,,93
201700043283,17,2,21,710,1,2,1,1.0,6.0,93070,M,,,93
201700043284,17,4,25,1310,1,2,1,1.0,6.0,93070,M,,,93
201700043285,17,4,27,2030,2,2,1,1.0,4.0,93070,M,,,93
201700043286,17,4,28,2020,5,2,1,2.0,1.0,93070,M,,,93
201700043287,17,2,26,240,5,2,2,1.0,3.0,93070,M,,,93
201700043288,17,5,4,1030,1,2,1,1.0,6.0,93070,M,,,93
201700043289,17,5,9,955,1,2,1,1.0,3.0,93070,M,,,93
201700043290,17,5,9,1235,1,2,1,1.0,6.0,93070,M,,,93
201700043291,17,5,9,1725,1,2,1,1.0,3.0,93070,M,,,93
201700043292,17,5,10,1100,1,2,1,1.0,6.0,93070,M,,,93
201700043293,17,5,27,2020,1,2,1,1.0,6.0,93070,M,,,93
201700043294,17,5,31,45,5,2,3,1.0,3.0,93070,M,,,93
201700043295,17,6,6,1425,1,2,1,2.0,3.0,93070,M,,,93
201700043296,17,6,12,1810,1,2,1,1.0,3.0,93070,M,,,93
201700043297,17,6,13,2145,2,2,1,1.0,6.0,93070,M,,,93
201700043298,17,6,16,1145,1,2,1,1.0,6.0,93070,M,,,93
201700043299,17,6,19,705,1,2,1,1.0,2.0,93070,M,,,93
201700043300,17,6,28,2020,1,2,1,1.0,1.0,93070,M,,,93
201700043301,17,7,4,1730,1,2,1,1.0,3.0,93070,M,,,93
201700043302,17,7,5,1730,1,2,1,1.0,2.0,93070,M,,,93
201700043303,17,7,6,1900,1,2,1,1.0,4.0,93070,M,,,93
201700043304,17,7,15,1600,1,2,1,1.0,2.0,93070,M,,,93
201700043305,17,7,26,1820,1,2,1,2.0,6.0,93070,M,,,93
201700043306,17,7,26,1220,1,2,1,1.0,1.0,93070,M,,,93
201700043307,17,7,30,600,2,2,3,1.0,5.0,93070,M,,,93
201700043308,17,8,7,115,4,2,1,1.0,3.0,93070,M,,,93
201700043309,17,8,22,2230,5,2,1,1.0,6.0,93070,M,,,93
201700043310,17,8,30,2000,5,2,1,1.0,2.0,93070,M,,,93
201700043311,17,9,4,1920,1,2,1,1.0,2.0,93070,M,,,93
201700043312,17,9,12,1625,1,2,1,2.0,2.0,93070,M,,,93
201700043313,17,9,16,1840,1,2,1,1.0,3.0,93070,M,,,93
201700043314,17,9,19,1200,1,2,1,2.0,3.0,93070,M,,,93
201700043315,17,9,20,1215,1,2,2,1.0,2.0,93070,M,,,93
201700043316,17,9,21,1040,1,2,1,1.0,6.0,93070,M,,,93
201700043317,17,9,22,1655,1,2,1,1.0,6.0,93070,M,,,93
201700043318,17,9,25,950,1,2,1,1.0,6.0,93070,M,,,93
201700043319,17,10,1,1715,2,2,1,8.0,6.0,93070,M,,,93
201700043320,17,10,6,2050,5,2,1,1.0,6.0,93070,M,,,93
201700043321,17,10,2,2140,5,2,1,2.0,1.0,93070,M,,,93
201700043322,17,10,10,1615,1,2,1,1.0,1.0,93070,M,,,93
201700043323,17,10,16,1910,5,2,2,1.0,1.0,93070,M,4890000.0,233000.0,93
201700043324,17,10,19,1420,1,2,1,1.0,3.0,93070,M,,,93
201700043325,17,10,23,2100,5,2,1,3.0,3.0,93070,M,,,93
201700043326,17,10,27,1030,1,2,3,1.0,2.0,93070,M,,,93
201700043327,17,11,4,1845,5,2,1,2.0,2.0,93070,M,4890950.0,233011.0,93
201700043328,17,11,5,205,3,2,1,2.0,3.0,93070,M,4890134.0,234415.0,93
201700043329,17,11,10,715,5,2,1,2.0,3.0,93070,M,4890100.0,234000.0,93
201700043330,17,11,13,1835,5,2,1,1.0,1.0,93070,M,4890621.0,234408.0,93
201700043331,17,11,14,1230,1,2,1,1.0,6.0,93070,M,,,93
201700043332,17,11,22,1514,1,2,1,1.0,3.0,93070,M,,,93
201700043333,17,11,24,1430,1,2,1,1.0,3.0,93070,M,,,93
201700043334,17,11,27,1740,5,2,1,3.0,6.0,93070,M,4891442.0,233000.0,93
201700043335,17,11,28,1730,5,2,1,2.0,6.0,93070,M,4890349.0,234433.0,93
201700043336,17,12,5,1025,1,2,1,1.0,1.0,93070,M,4890576.0,232370.0,93
201700043337,17,12,8,1030,1,2,1,1.0,3.0,93070,M,4891240.0,234410.0,93
201700043338,17,12,8,1355,1,2,1,2.0,6.0,93070,M,4890000.0,230000.0,93
201700043339,17,12,9,2230,3,2,1,1.0,3.0,93070,M,4891663.0,233024.0,93
201700043340,17,12,12,1645,2,2,1,1.0,5.0,93070,M,4890227.0,233406.0,93
201700043341,17,12,19,2325,5,2,1,1.0,6.0,93070,M,4890139.0,234387.0,93
201700043342,17,12,22,1800,5,2,1,2.0,6.0,93070,M,,,93
201700043343,17,12,29,1245,1,2,3,2.0,1.0,93070,M,4890781.0,233254.0,93
201700043344,17,2,26,1245,1,2,1,1.0,3.0,93070,M,,,93
201700043345,17,3,21,1410,1,2,2,2.0,3.0,93070,M,,,93
201700043346,17,1,27,1500,1,2,3,1.0,6.0,93070,M,,,93
201700043347,17,2,12,2020,5,2,1,1.0,6.0,93070,M,,,93
201700043348,17,2,14,1800,1,2,1,1.0,1.0,93070,M,,,93
201700043349,17,3,1,2300,5,2,1,2.0,3.0,93070,M,,,93
201700043350,17,3,7,2130,5,1,3,1.0,3.0,93070,M,,,93
201700043351,17,3,10,25,5,2,9,1.0,3.0,93070,M,,,93
201700043352,17,3,13,1605,1,2,2,1.0,6.0,93070,M,,,93
201700043353,17,3,13,1915,2,2,1,1.0,3.0,93070,M,,,93
201700043354,17,3,15,1850,5,2,3,1.0,3.0,93070,M,,,93
201700043355,17,1,5,2025,4,2,1,1.0,3.0,93071,M,,,93
201700043356,17,1,19,1135,1,2,3,1.0,6.0,93071,M,,,93
201700043357,17,1,23,1845,5,2,1,1.0,7.0,93071,M,,,93
201700043358,17,2,1,900,1,2,2,2.0,5.0,93071,M,,,93
201700043359,17,2,15,1615,1,2,1,1.0,6.0,93071,M,,,93
201700043360,17,2,16,1245,1,2,3,1.0,6.0,93071,M,,,93
201700043361,17,2,22,2300,5,2,3,1.0,3.0,93071,M,,,93
201700043362,17,3,5,1910,5,2,1,3.0,6.0,93071,M,,,93
201700043363,17,3,17,840,1,2,3,1.0,6.0,93071,M,,,93
201700043364,17,4,2,1725,1,2,1,1.0,6.0,93071,M,,,93
201700043365,17,4,4,1535,1,2,1,1.0,1.0,93071,M,,,93
201700043366,17,4,11,2010,2,2,1,1.0,2.0,93071,M,,,93
201700043367,17,4,12,2040,5,2,3,1.0,6.0,93071,M,,,93
201700043368,17,4,24,1910,1,2,2,1.0,6.0,93071,M,,,93
201700043369,17,5,13,1930,1,2,1,1.0,6.0,93071,M,,,93
201700043370,17,5,21,1620,1,2,3,1.0,3.0,93071,M,,,93
201700043371,17,5,22,1138,1,2,1,1.0,6.0,93071,M,,,93
201700043372,17,5,30,1915,1,2,1,1.0,6.0,93071,M,,,93
201700043373,17,6,1,2035,1,2,3,1.0,6.0,93071,M,,,93
201700043374,17,6,2,205,5,2,2,1.0,3.0,93071,M,4893649.0,251481.0,93
201700043375,17,6,6,1420,1,2,1,2.0,2.0,93071,M,,,93
201700043376,17,7,1,1955,1,2,1,1.0,6.0,93071,M,,,93
201700043377,17,7,26,2030,1,2,1,2.0,4.0,93071,M,,,93
201700043378,17,8,1,1735,1,2,2,1.0,3.0,93071,M,,,93
201700043379,17,8,29,730,1,2,3,1.0,6.0,93071,M,,,93
201700043380,17,9,9,2235,5,2,1,1.0,6.0,93071,M,,,93
201700043381,17,9,30,330,5,2,2,2.0,6.0,93071,M,,,93
201700043382,17,10,5,1323,1,2,3,1.0,3.0,93071,M,,,93
201700043383,17,10,15,710,2,2,2,1.0,3.0,93071,M,,,93
201700043384,17,10,20,600,5,2,1,2.0,7.0,93071,M,4892748.0,251952.0,93
201700043385,17,10,23,1125,1,2,1,8.0,2.0,93071,M,,,93
201700043386,17,10,28,2043,5,2,3,1.0,3.0,93071,M,,,93
201700043387,17,10,31,825,1,2,2,1.0,3.0,93071,M,,,93
201700043388,17,11,18,1355,1,2,3,1.0,6.0,93078,M,4895000.0,252000.0,93
201700043389,17,12,17,2020,5,2,1,2.0,6.0,93071,M,4893000.0,251100.0,93
201700043390,17,12,29,1945,5,2,1,1.0,6.0,93071,M,4893000.0,251000.0,93
201700043391,17,1,2,1800,5,2,3,1.0,6.0,93072,M,,,93
201700043392,17,1,15,720,5,2,1,2.0,6.0,93072,M,,,93
201700043393,17,1,23,115,5,2,1,1.0,6.0,93072,M,,,93
201700043394,17,1,23,630,4,2,1,1.0,3.0,93059,M,,,93
201700043395,17,1,23,2000,5,2,1,1.0,6.0,93059,M,,,93
201700043396,17,1,27,1315,1,2,2,1.0,6.0,93059,M,,,93
201700043397,17,2,27,2040,5,2,1,6.0,2.0,93072,M,,,93
201700043398,17,2,24,615,1,2,1,1.0,4.0,93072,M,,,93
201700043399,17,3,7,930,1,2,3,2.0,3.0,93072,M,,,93
201700043400,17,3,10,740,1,2,1,1.0,6.0,93072,M,,,93
201700043401,17,3,14,810,1,2,3,1.0,6.0,93072,M,,,93
201700043402,17,3,30,1750,1,2,1,1.0,6.0,93072,M,,,93
201700043403,17,3,31,1715,1,2,2,1.0,3.0,93059,M,,,93
201700043404,17,4,2,2322,5,2,2,1.0,3.0,93059,M,4896564.0,236333.0,93
201700043405,17,4,15,920,1,2,1,1.0,2.0,93059,M,,,93
201700043406,17,4,19,1430,1,2,1,1.0,6.0,93072,M,,,93
201700043407,17,4,21,1200,1,2,1,1.0,6.0,93059,M,,,93
201700043408,17,5,8,1415,1,2,1,1.0,5.0,93059,M,,,93
201700043409,17,5,8,1905,1,2,3,1.0,3.0,93072,M,,,93
201700043410,17,5,13,1815,1,2,2,1.0,4.0,93072,M,,,93
201700043411,17,5,15,300,5,2,2,1.0,3.0,93072,M,,,93
201700043412,17,5,16,2030,1,2,1,1.0,3.0,93072,M,,,93
201700043413,17,5,17,1725,1,2,1,1.0,3.0,93072,M,,,93
201700043414,17,5,18,2338,5,2,3,2.0,2.0,93072,M,,,93
201700043415,17,5,24,1300,1,2,1,1.0,2.0,93072,M,,,93
201700043416,17,5,30,2025,1,2,3,1.0,3.0,93059,M,,,93
201700043417,17,6,7,1430,1,2,1,1.0,6.0,93059,M,,,93
201700043418,17,6,13,2025,1,2,1,1.0,6.0,93059,M,,,93
201700043419,17,6,15,1156,1,2,1,1.0,6.0,93059,M,,,93
201700043420,17,6,30,1330,1,2,3,2.0,3.0,93072,M,,,93
201700043421,17,7,6,2130,1,2,1,1.0,4.0,93072,M,,,93
201700043422,17,7,9,2255,3,2,1,2.0,2.0,93059,M,,,93
201700043423,17,7,11,1400,1,2,1,1.0,6.0,93059,M,,,93
201700043424,17,7,13,1645,1,2,1,1.0,6.0,93059,M,,,93
201700043425,17,7,16,1630,1,2,2,1.0,3.0,93072,M,,,93
201700043426,17,7,23,1930,1,2,2,8.0,3.0,93072,M,,,93
201700043427,17,7,24,1820,1,2,1,2.0,3.0,93072,M,,,93
201700043428,17,8,3,1510,1,2,2,1.0,6.0,93072,M,4894926.0,238353.0,93
201700043429,17,8,9,2010,1,2,8,1.0,6.0,93072,M,,,93
201700043430,17,8,24,1825,1,2,1,1.0,3.0,93059,M,,,93
201700043431,17,8,24,2105,5,2,1,1.0,6.0,93072,M,,,93
201700043432,17,8,27,1650,1,2,1,1.0,3.0,93059,M,,,93
201700043433,17,9,4,1730,1,2,3,1.0,3.0,93072,M,4894670.0,238639.0,93
201700043434,17,9,6,1235,1,2,1,1.0,2.0,93072,M,4894660.0,238647.0,93
201700043435,17,9,6,1500,1,2,1,1.0,6.0,93059,M,4896598.0,236568.0,93
201700043436,17,9,11,800,1,2,9,1.0,6.0,93072,M,4894750.0,238650.0,93
201700043437,17,9,13,2020,4,2,3,3.0,6.0,93072,M,4895498.0,237837.0,93
201700043438,17,9,20,1130,1,2,9,1.0,3.0,93072,M,4895815.0,238225.0,93
201700043439,17,9,20,2240,5,2,1,9.0,6.0,93059,M,4895403.0,236034.0,93
201700043440,17,9,21,1740,1,2,8,1.0,3.0,93059,M,4896579.0,236326.0,93
201700043441,17,9,22,1920,1,2,1,1.0,6.0,93072,M,4896183.0,238019.0,93
201700043442,17,9,27,1305,1,2,1,1.0,3.0,93072,M,4895426.0,238372.0,93
201700043443,17,10,12,920,1,2,1,1.0,2.0,93072,M,4894590.0,238325.0,93
201700043444,17,10,16,1130,1,2,1,1.0,6.0,93059,M,4896634.0,236388.0,93
201700043445,17,11,5,650,1,2,3,1.0,3.0,93066,M,,,93
201700043446,17,11,12,1600,1,2,2,8.0,6.0,93059,M,,,93
201700043447,17,11,16,1940,5,2,2,1.0,1.0,93072,M,,,93
201700043448,17,11,26,1245,1,2,1,8.0,3.0,93072,M,4895733.0,238297.0,93
201700043449,17,11,28,1830,5,2,1,2.0,6.0,93059,M,4896000.0,235000.0,93
201700043450,17,12,7,1950,5,2,1,2.0,6.0,93072,M,4895360.0,239130.0,93
201700043451,17,12,8,1330,1,2,1,2.0,6.0,93072,M,4894768.0,238301.0,93
201700043452,17,12,9,1510,1,2,1,9.0,6.0,93072,M,,,93
201700043453,17,12,12,1030,1,2,1,8.0,3.0,93059,M,4897042.0,236570.0,93
201700043454,17,12,15,2025,5,2,9,2.0,3.0,93072,M,4896371.0,237938.0,93