Num_Acc,an,mois,jour,hrmn,lum,agg,int,atm,col,com,gps,lat,long,dep
201700043455,17,12,15,2200,5,2,1,2.0,3.0,93072,M,4895728.0,238268.0,93
201700043456,17,12,18,750,5,2,1,1.0,6.0,93072,M,,,93
201700043457,17,12,18,1820,3,2,1,1.0,6.0,93001,M,4891989.0,236834.0,93
201700043458,17,12,23,1045,1,2,1,2.0,2.0,93072,M,4895994.0,239052.0,93
201700043459,17,12,25,1740,5,2,1,8.0,6.0,93059,M,4896565.0,236356.0,93
201700043460,17,12,31,1800,5,2,2,2.0,6.0,93072,M,4895541.0,238467.0,93
201700043461,17,1,4,1900,4,2,1,2.0,6.0,93072,M,,,93
201700043462,17,1,7,1210,1,2,3,1.0,6.0,93072,M,,,93
201700043463,17,2,1,2230,5,2,1,1.0,3.0,93072,M,,,93
201700043464,17,2,18,1145,1,2,1,1.0,2.0,93072,M,,,93
201700043465,17,1,3,1305,1,2,1,1.0,2.0,93078,M,,,93
201700043466,17,3,20,1405,1,2,6,1.0,2.0,93078,M,,,93
201700043467,17,1,13,1015,1,2,3,4.0,3.0,93078,M,,,93
201700043468,17,3,20,1930,5,2,2,1.0,3.0,93073,M,,,93
201700043469,17,1,13,1450,1,1,1,8.0,2.0,93078,M,,,93
201700043470,17,3,22,800,1,2,1,1.0,6.0,93073,M,4898363.0,255415.0,93
201700043471,17,1,19,920,1,2,6,1.0,2.0,93078,M,,,93
201700043472,17,3,26,1040,1,2,1,1.0,6.0,93073,M,,,93
201700043473,17,1,20,845,1,2,3,1.0,3.0,93078,M,,,93
201700043474,17,1,21,1020,1,2,2,1.0,3.0,93078,M,,,93
201700043475,17,1,22,920,1,2,3,1.0,1.0,93078,M,,,93
201700043476,17,3,30,900,1,2,1,1.0,6.0,93078,M,,,93
201700043477,17,4,2,1800,1,2,1,1.0,6.0,93078,M,,,93
201700043478,17,1,22,1300,1,2,9,1.0,3.0,93078,M,,,93
201700043479,17,4,2,2100,3,2,2,1.0,1.0,93078,M,,,93
201700043480,17,1,25,2040,5,2,1,1.0,2.0,93078,M,,,93
201700043481,17,4,7,1215,1,2,1,1.0,2.0,93078,M,,,93
201700043482,17,1,31,1200,1,2,1,5.0,6.0,93073,M,,,93
201700043483,17,4,7,1230,1,2,1,1.0,3.0,93078,M,4895353.0,256274.0,93
201700043484,17,2,9,805,2,1,1,1.0,2.0,93073,M,,,93
201700043485,17,4,11,950,1,2,1,1.0,2.0,93078,M,,,93
201700043486,17,2,9,1320,1,2,1,1.0,3.0,93078,M,,,93
201700043487,17,4,30,1445,1,2,1,1.0,6.0,93073,M,,,93
201700043488,17,5,3,1105,1,2,9,2.0,6.0,93073,M,,,93
201700043489,17,5,11,1445,1,2,2,1.0,3.0,93073,M,,,93
201700043490,17,3,1,2215,4,2,6,2.0,6.0,93073,M,,,93
201700043491,17,5,13,1842,1,2,1,1.0,6.0,93078,M,4895565.0,255237.0,93
201700043492,17,3,2,1815,1,2,1,1.0,6.0,93078,M,,,93
201700043493,17,5,16,1940,1,2,1,1.0,3.0,93078,M,4895394.0,253418.0,93
201700043494,17,3,6,1755,1,2,2,2.0,3.0,93073,M,,,93
201700043495,17,5,21,1900,1,2,6,1.0,3.0,93078,M,,,93
201700043496,17,3,10,1340,1,2,5,1.0,2.0,93078,M,,,93
201700043497,17,5,25,1520,1,1,1,1.0,4.0,93078,M,4897899.0,252958.0,93
201700043498,17,3,11,15,5,2,2,1.0,1.0,93078,M,,,93
201700043499,17,5,29,1730,1,2,2,1.0,3.0,93078,M,,,93
201700043500,17,3,12,1750,1,2,2,1.0,1.0,93078,M,,,93
201700043501,17,6,1,907,1,2,1,1.0,2.0,93078,M,4897760.0,252650.0,93
201700043502,17,6,2,2220,5,2,9,1.0,6.0,93078,M,,,93
201700043503,17,6,3,1235,1,2,1,1.0,6.0,93078,M,4895632.0,254762.0,93
201700043504,17,6,10,1900,1,2,1,1.0,2.0,93078,M,,,93
201700043505,17,6,13,1200,1,2,2,1.0,3.0,93073,M,,,93
201700043506,17,6,10,1410,1,2,1,1.0,6.0,93073,M,4896346.0,257375.0,93
201700043507,17,6,16,1800,1,2,1,1.0,3.0,93078,M,,,93
201700043508,17,6,16,2020,1,2,3,1.0,3.0,93078,M,4896440.0,254079.0,93
201700043509,17,6,16,2000,1,2,3,1.0,3.0,93073,M,,,93
201700043510,17,6,17,1842,1,2,3,1.0,3.0,93078,M,4896070.0,255776.0,93
201700043511,17,6,19,1745,1,2,1,1.0,6.0,93073,M,4894253.0,258212.0,93
201700043512,17,6,19,1710,1,2,3,1.0,4.0,93078,M,,,93
201700043513,17,6,20,905,1,1,1,1.0,2.0,93078,M,4900501.0,255791.0,93
201700043514,17,6,20,1815,1,2,1,1.0,6.0,93073,M,4895019.0,256670.0,93
201700043515,17,6,21,1855,1,2,9,1.0,3.0,93073,M,,,93
201700043516,17,6,22,2330,5,2,2,1.0,3.0,93078,M,,,93
201700043517,17,6,24,1755,1,2,1,1.0,3.0,93078,M,,,93
201700043518,17,6,24,1830,1,2,2,1.0,3.0,93078,M,,,93
201700043519,17,6,26,1810,1,2,1,1.0,6.0,93073,M,,,93
201700043520,17,6,26,1600,1,2,9,3.0,6.0,93073,M,,,93
201700043521,17,6,28,1300,1,2,2,1.0,3.0,93073,M,,,93
201700043522,17,6,30,610,2,1,1,8.0,5.0,93073,M,,,93
201700043523,17,7,5,1545,1,2,3,1.0,1.0,93078,M,,,93
201700043524,17,7,6,922,1,1,1,1.0,5.0,93073,M,,,93
201700043525,17,7,9,1030,1,1,1,1.0,4.0,93073,M,,,93
201700043526,17,7,11,2115,2,2,1,8.0,1.0,93078,M,,,93
201700043527,17,7,21,2040,1,2,2,1.0,3.0,93078,M,,,93
201700043528,17,7,25,2120,2,2,2,1.0,3.0,93078,M,,,93
201700043529,17,7,26,1155,1,1,1,1.0,7.0,93078,M,4901206.0,234357.0,93
201700043530,17,7,26,1850,1,2,2,2.0,3.0,93078,M,,,93
201700043531,17,7,31,1530,1,2,3,1.0,6.0,93073,M,,,93
201700043532,17,8,4,835,1,2,1,1.0,2.0,93073,M,,,93
201700043533,17,8,7,1315,1,2,1,1.0,6.0,93078,M,,,93
201700043534,17,8,25,1430,1,2,2,2.0,1.0,93078,M,,,93
201700043535,17,8,26,1915,1,2,2,1.0,3.0,93078,M,,,93
201700043536,17,8,27,1520,1,1,1,9.0,7.0,93073,M,,,93
201700043537,17,9,8,1540,1,1,9,2.0,6.0,93078,M,4897423.0,251401.0,93
201700043538,17,9,13,1603,1,2,1,3.0,3.0,93073,M,4898353.0,254192.0,93
201700043539,17,9,16,1945,1,2,6,1.0,2.0,93078,M,4896024.0,254286.0,93
201700043540,17,9,21,1650,1,2,6,1.0,3.0,93078,M,4895750.0,254960.0,93
201700043541,17,9,22,2035,5,2,1,1.0,1.0,93073,M,4895300.0,257462.0,93
201700043542,17,9,28,1425,1,2,3,2.0,3.0,93073,M,4893969.0,258756.0,93
201700043543,17,9,29,2015,3,2,1,3.0,6.0,93078,M,4896884.0,245269.0,93
201700043544,17,10,3,1650,1,2,8,1.0,6.0,93078,M,4895593.0,255316.0,93
201700043545,17,10,12,1850,1,2,1,1.0,2.0,93078,M,4895561.0,256083.0,93
201700043546,17,10,29,1550,1,2,3,1.0,3.0,93073,M,4897638.0,251280.0,93
201700043547,17,10,30,2020,5,2,1,8.0,6.0,93078,M,4895510.0,255249.0,93
201700043548,17,11,2,1050,1,2,1,1.0,6.0,93073,M,4896239.0,255959.0,93
201700043549,17,11,7,905,1,2,2,9.0,6.0,93073,M,4894136.0,257658.0,93
201700043550,17,11,7,1435,1,2,1,1.0,2.0,93073,M,4894915.0,256556.0,93
201700043551,17,11,11,1655,2,2,2,2.0,3.0,93073,M,4894000.0,258000.0,93
201700043552,17,11,14,1150,1,2,2,1.0,6.0,93078,M,4895601.0,254080.0,93
201700043553,17,11,15,1530,1,2,2,1.0,3.0,93078,M,4895296.0,255308.0,93
201700043554,17,11,18,1620,1,2,6,1.0,4.0,93078,M,4896511.0,255446.0,93
201700043555,17,11,18,2230,5,2,3,1.0,3.0,93073,M,4896372.0,256354.0,93
201700043556,17,11,22,1434,1,2,1,1.0,3.0,93073,M,4895408.0,258139.0,93
201700043557,17,11,24,815,1,2,1,2.0,3.0,93078,M,4895824.0,254715.0,93
201700043558,17,11,24,820,1,1,1,2.0,3.0,93078,M,4895575.0,248172.0,93
201700043559,17,11,25,1900,5,2,1,8.0,6.0,93078,M,4896031.0,255605.0,93
201700043560,17,11,26,1005,1,2,1,1.0,3.0,93078,M,4895822.0,255850.0,93
201700043561,17,11,26,1500,1,2,1,1.0,2.0,93078,M,4895421.0,255244.0,93
201700043562,17,11,27,845,1,1,1,1.0,6.0,93078,M,4896270.0,251187.0,93
201700043563,17,12,1,1340,1,2,2,1.0,6.0,93078,M,4896290.0,254172.0,93
201700043564,17,12,2,1640,1,1,1,1.0,2.0,93078,M,4897550.0,250670.0,93
201700043565,17,12,2,350,5,2,1,8.0,2.0,93078,M,4895280.0,255838.0,93
201700043566,17,12,3,1800,4,2,1,2.0,6.0,93073,M,4895860.0,257302.0,93
201700043567,17,12,4,1815,5,1,1,1.0,2.0,93001,M,4900750.0,252590.0,93
201700043568,17,12,7,2143,5,2,1,2.0,2.0,93078,M,,,93
201700043569,17,12,11,750,5,2,2,1.0,6.0,93078,M,4894621.0,256062.0,93
201700043570,17,12,12,740,2,2,9,9.0,2.0,93078,M,4897031.0,250344.0,93
201700043571,17,12,12,1840,5,2,1,1.0,6.0,93073,M,4894531.0,256930.0,93
201700043572,17,12,13,1920,5,2,1,2.0,6.0,93078,M,4895387.0,256243.0,93
201700043573,17,12,13,2035,5,2,2,2.0,3.0,93078,M,4895820.0,255849.0,93
201700043574,17,12,18,1630,1,1,2,1.0,3.0,93073,M,4900256.0,253691.0,93
201700043575,17,12,21,1315,1,2,1,8.0,2.0,93073,M,4894437.0,256826.0,93
201700043576,17,12,23,1330,1,2,1,8.0,2.0,93078,M,4896081.0,255627.0,93
201700043577,17,12,27,1330,1,2,1,2.0,3.0,93073,M,4894461.0,256814.0,93
201700043578,17,12,28,1940,5,2,9,1.0,3.0,93078,M,4995714.0,254403.0,93
201700043579,17,12,28,2110,5,2,1,1.0,7.0,93073,M,4900820.0,260182.0,93
201700043580,17,12,30,2030,5,1,1,1.0,6.0,93073,M,4900809.0,256040.0,93
201700043581,17,3,15,1445,1,2,2,1.0,2.0,93078,M,,,93
201700043582,17,1,3,455,5,2,2,1.0,3.0,94002,M,,,94
201700043583,17,6,11,1500,1,2,3,1.0,3.0,94002,M,4877897.0,242846.0,94
201700043584,17,6,13,945,1,2,1,1.0,2.0,94002,M,4881247.0,241276.0,94
201700043585,17,6,15,825,1,2,3,1.0,3.0,94002,M,4880205.0,241547.0,94
201700043586,17,6,15,1855,1,2,1,1.0,2.0,94002,M,4879579.0,242233.0,94
201700043587,17,6,24,1615,1,2,3,1.0,3.0,94002,M,4879814.0,242366.0,94
201700043588,17,7,10,820,1,2,3,3.0,3.0,94002,M,4881473.0,241670.0,94
201700043589,17,7,17,1200,1,2,2,1.0,3.0,94002,M,4880711.0,241254.0,94
201700043590,17,7,17,2105,2,2,2,1.0,3.0,94002,M,4879991.0,242708.0,94
201700043591,17,7,27,2035,1,2,2,1.0,1.0,94002,M,4879876.0,242337.0,94
201700043592,17,8,7,835,1,2,1,1.0,6.0,94002,M,4881444.0,241559.0,94
201700043593,17,8,23,1455,1,2,2,1.0,3.0,94002,M,,,94
201700043594,17,8,28,1520,1,2,2,1.0,3.0,94002,M,4879938.0,242520.0,94
201700043595,17,9,6,1015,1,2,2,1.0,6.0,94002,M,4880790.0,242210.0,94
201700043596,17,9,16,1850,1,2,1,1.0,6.0,94002,M,4881459.0,241154.0,94
201700043597,17,9,17,915,1,2,2,2.0,3.0,94002,M,4881460.0,241389.0,94
201700043598,17,9,25,1650,1,2,1,1.0,6.0,94002,M,4879877.0,242399.0,94
201700043599,17,9,30,1000,1,2,1,1.0,2.0,94002,M,4879521.0,242267.0,94
201700043600,17,10,4,1540,1,2,2,1.0,6.0,94002,M,,,94
201700043601,17,10,6,2040,5,2,2,1.0,3.0,94002,M,,,94
201700043602,17,10,8,1315,1,2,3,8.0,3.0,94002,M,,,94
201700043603,17,10,11,1115,1,2,1,1.0,6.0,94002,M,,,94
201700043604,17,10,12,818,1,2,1,1.0,6.0,94002,M,,,94
201700043605,17,10,23,2230,5,2,1,2.0,3.0,94002,M,,,94
201700043606,17,10,24,750,2,2,1,2.0,6.0,94002,M,,,94
201700043607,17,10,27,645,5,2,3,1.0,3.0,94002,M,,,94
201700043608,17,11,2,900,2,2,1,8.0,6.0,94002,M,,,94
201700043609,17,11,14,2320,5,2,3,1.0,3.0,94002,M,,,94
201700043610,17,11,23,1945,5,2,1,2.0,6.0,94002,M,,,94
201700043611,17,11,26,1345,1,2,1,1.0,2.0,94002,M,4881059.0,242119.0,94
201700043612,17,11,29,1545,1,2,4,8.0,2.0,94002,M,,,94
201700043613,17,12,12,1300,1,2,1,1.0,6.0,94002,M,4879559.0,242763.0,94
201700043614,17,12,15,2035,5,2,2,1.0,1.0,94002,M,4879879.0,242336.0,94
201700043615,17,12,17,1800,5,2,1,1.0,1.0,94002,M,4880465.0,241170.0,94
201700043616,17,12,19,1530,1,2,3,1.0,6.0,94002,M,4879971.0,242592.0,94
201700043617,17,12,22,945,1,2,8,2.0,6.0,94002,M,4880426.0,241976.0,94
201700043618,17,1,20,1810,5,2,1,1.0,6.0,94002,M,,,94
201700043619,17,1,24,1645,1,2,1,8.0,6.0,94002,M,,,94
201700043620,17,1,29,1830,5,2,3,1.0,3.0,94002,M,,,94
201700043621,17,2,2,10,5,2,1,1.0,2.0,94002,M,,,94
201700043622,17,2,3,445,5,2,1,1.0,3.0,94002,M,,,94
201700043623,17,2,13,1450,1,2,2,1.0,1.0,94002,M,,,94
201700043624,17,2,24,1000,1,2,1,1.0,3.0,94002,M,,,94
201700043625,17,3,12,1910,2,2,1,1.0,6.0,94002,M,,,94
201700043626,17,3,12,1930,5,2,2,1.0,6.0,94002,M,,,94
201700043627,17,3,21,1755,2,2,1,1.0,6.0,94002,M,,,94
201700043628,17,3,29,1015,1,2,2,1.0,6.0,94002,M,,,94
201700043629,17,3,29,1600,1,2,1,1.0,7.0,94002,M,,,94
201700043630,17,4,3,1725,1,2,1,1.0,7.0,94002,M,,,94
201700043631,17,4,6,1915,1,2,2,1.0,3.0,94002,M,,,94
201700043632,17,4,7,900,1,2,1,1.0,6.0,94002,M,,,94
201700043633,17,4,21,10,5,2,3,1.0,3.0,94002,M,,,94
201700043634,17,4,23,2000,1,2,2,1.0,6.0,94002,M,,,94
201700043635,17,4,29,1850,1,2,2,1.0,1.0,94002,M,,,94
201700043636,17,5,1,2115,5,2,1,1.0,6.0,94002,M,,,94
201700043637,17,5,2,1230,1,2,1,1.0,3.0,94002,M,,,94
201700043638,17,5,19,1745,1,2,3,1.0,6.0,94002,M,,,94
201700043639,17,5,23,1330,1,2,1,1.0,2.0,94002,M,,,94
201700043640,17,5,26,1320,1,2,1,1.0,3.0,94002,M,,,94
201700043641,17,6,2,1915,1,2,2,1.0,6.0,94002,M,4881453.0,241531.0,94
201700043642,17,6,4,340,5,2,1,1.0,7.0,94002,M,4881187.0,241093.0,94
201700043643,17,6,6,2000,1,2,3,1.0,3.0,94002,M,,,94
201700043644,17,1,31,1850,3,2,3,1.0,6.0,94071,M,,,94
201700043645,17,6,10,135,3,2,1,1.0,6.0,94047,M,4870305.0,254807.0,94
201700043646,17,6,11,1000,1,2,3,1.0,1.0,94047,M,4870263.0,254443.0,94
201700043647,17,6,12,917,1,1,2,1.0,3.0,94070,M,,,94
201700043648,17,6,12,1800,1,2,1,1.0,3.0,94004,M,,,94
201700043649,17,6,14,1600,1,2,3,1.0,5.0,94075,M,4871482.0,254165.0,94
201700043650,17,6,11,940,1,2,1,1.0,6.0,94004,M,,,94
201700043651,17,6,15,1115,1,2,1,1.0,1.0,94071,M,4877044.0,250820.0,94
201700043652,17,6,18,2330,5,2,1,1.0,2.0,94047,M,4870647.0,255447.0,94
201700043653,17,6,19,505,2,1,1,1.0,1.0,94044,M,4873857.0,249468.0,94
201700043654,17,6,16,805,1,2,1,1.0,1.0,94075,M,4872381.0,253087.0,94
201700043655,17,1,10,1148,1,2,1,8.0,5.0,94071,M,,,94
201700043656,17,6,16,1050,1,2,1,1.0,7.0,94004,M,4875956.0,250809.0,94
201700043657,17,6,24,220,5,2,1,1.0,7.0,94071,M,4877667.0,251134.0,94
201700043658,17,6,26,1325,1,2,2,1.0,2.0,94004,M,4874690.0,251017.0,94
201700043659,17,6,26,1825,1,2,7,1.0,6.0,94044,M,4875179.0,248737.0,94
201700043660,17,6,28,2255,5,2,2,2.0,3.0,94075,M,4872736.0,253060.0,94
201700043661,17,6,30,957,1,2,6,2.0,5.0,94044,M,4875479.0,248730.0,94
201700043662,17,6,30,900,1,2,1,2.0,2.0,94071,M,4877254.0,252892.0,94
201700043663,17,7,1,850,1,2,1,2.0,7.0,94004,M,4875028.0,250774.0,94
201700043664,17,7,1,1615,1,2,1,2.0,7.0,94070,M,4875060.0,251098.0,94
201700043665,17,7,3,1730,1,2,6,1.0,3.0,94071,M,4876350.0,253633.0,94
201700043666,17,7,4,1120,1,2,3,1.0,5.0,94075,M,4871210.0,253860.0,94
201700043667,17,7,4,1905,1,2,1,1.0,3.0,94071,M,4877660.0,251123.0,94
201700043668,17,7,5,1350,1,2,1,1.0,5.0,94044,M,4875408.0,248496.0,94
201700043669,17,7,5,1659,1,2,9,1.0,6.0,94071,M,4877081.0,251964.0,94
201700043670,17,7,6,1215,1,2,6,1.0,7.0,94044,M,4875684.0,248306.0,94
201700043671,17,7,8,2000,1,1,3,1.0,1.0,94075,M,4872751.0,253102.0,94
201700043672,17,7,10,1530,1,2,1,8.0,3.0,94044,M,4875312.0,248562.0,94
201700043673,17,7,11,1705,1,2,3,1.0,2.0,94075,M,4873380.0,251847.0,94
201700043674,17,6,8,810,1,2,1,1.0,3.0,94004,M,,,94
201700043675,17,7,19,1340,1,1,1,1.0,6.0,94048,M,4874727.0,255698.0,94
201700043676,17,7,20,1655,1,2,1,1.0,1.0,94071,M,4877049.0,250683.0,94
201700043677,17,7,22,2115,2,1,1,2.0,7.0,94004,M,4875517.0,250923.0,94
201700043678,17,7,28,2220,2,2,1,1.0,3.0,94044,M,4875500.0,248427.0,94
201700043679,17,7,31,450,5,2,1,1.0,1.0,94044,M,4874075.0,248246.0,94
201700043680,17,8,3,2307,5,2,3,1.0,7.0,94044,M,4875000.0,247000.0,94
201700043681,17,7,14,1345,1,2,1,1.0,6.0,94070,M,4875353.0,250700.0,94
201700043682,17,8,5,1000,1,1,1,1.0,1.0,94075,M,4872757.0,254228.0,94
201700043683,17,8,7,1645,1,2,1,1.0,6.0,94044,M,4874810.0,248128.0,94
201700043684,17,4,20,805,2,2,3,1.0,3.0,94075,M,,,94
201700043685,17,8,10,2220,5,2,3,1.0,2.0,94071,M,4877571.0,251109.0,94
201700043686,17,8,23,1415,1,2,1,1.0,7.0,94071,M,4876741.0,253322.0,94
201700043687,17,8,23,1955,1,2,1,1.0,4.0,94004,M,,,94
201700043688,17,9,11,1645,1,2,1,1.0,6.0,94075,M,4871591.0,254497.0,94
201700043689,17,9,12,1700,1,2,1,1.0,3.0,94071,M,4876230.0,253943.0,94
201700043690,17,9,17,2000,2,2,3,2.0,3.0,94004,M,,,94
201700043691,17,9,19,1045,1,2,1,2.0,3.0,94004,M,,,94
201700043692,17,9,21,830,1,2,1,1.0,7.0,94048,M,4873709.0,255441.0,94
201700043693,17,9,22,1900,1,2,1,1.0,6.0,94071,M,4876521.0,252502.0,94
201700043694,17,9,23,1055,1,1,6,1.0,3.0,94070,M,4872574.0,257813.0,94
201700043695,17,9,20,745,1,1,1,1.0,6.0,94075,M,4873200.0,252320.0,94
201700043696,17,9,19,2335,3,1,1,1.0,1.0,94056,M,4869314.0,255784.0,94
201700043697,17,9,28,800,2,2,1,1.0,3.0,94044,M,4875443.0,248487.0,94
201700043698,17,9,28,1600,1,2,6,1.0,6.0,94004,M,,,94
201700043699,17,9,29,825,1,2,1,1.0,6.0,94044,M,4874248.0,249125.0,94
201700043700,17,9,30,7,5,2,1,3.0,6.0,94048,M,4872948.0,254158.0,94
201700043701,17,10,1,1320,1,2,3,2.0,3.0,94075,M,4873312.0,251494.0,94
201700043702,17,10,2,850,1,2,1,1.0,3.0,94044,M,4874642.0,248115.0,94
201700043703,17,10,14,2015,5,2,9,1.0,3.0,94044,M,4875248.0,247262.0,94
201700043704,17,10,15,545,5,2,3,1.0,7.0,94071,M,4877081.0,250567.0,94
201700043705,17,10,15,2107,3,2,1,1.0,6.0,94004,M,,,94
201700043706,17,10,18,907,1,2,9,1.0,2.0,94004,M,,,94
201700043707,17,10,19,900,1,2,4,1.0,3.0,94075,M,4872434.0,253594.0,94
201700043708,17,10,20,725,2,2,1,2.0,7.0,94004,M,,,94
201700043709,17,10,22,1130,1,2,3,1.0,3.0,94071,M,4878570.0,251789.0,94
201700043710,17,10,22,1350,1,2,9,2.0,2.0,94071,M,4877212.0,252812.0,94
201700043711,17,10,25,2220,4,2,1,1.0,3.0,94071,M,4877319.0,-250690.0,94
201700043712,17,10,29,1210,1,2,9,2.0,7.0,94075,M,4871352.0,253796.0,94
201700043713,17,10,29,1250,1,2,1,2.0,1.0,94047,M,4869986.0,254397.0,94
201700043714,17,10,28,1905,5,2,3,1.0,6.0,94004,M,,,94
201700043715,17,11,4,1754,5,2,1,2.0,7.0,94004,M,,,94
201700043716,17,11,6,1930,5,2,4,8.0,2.0,94004,M,,,94
201700043717,17,11,7,1600,1,2,2,1.0,3.0,94004,M,,,94
201700043718,17,11,10,800,1,2,1,2.0,3.0,94044,M,,,94
201700043719,17,11,10,1050,1,2,1,1.0,2.0,94004,M,,,94
201700043720,17,11,10,1300,1,2,3,2.0,3.0,94004,M,,,94
201700043721,17,11,10,1420,1,2,3,2.0,3.0,94070,M,4872845.0,256888.0,94
201700043722,17,11,11,1715,2,2,3,2.0,3.0,94004,M,,,94
201700043723,17,11,16,745,2,2,1,1.0,3.0,94004,M,,,94
201700043724,17,11,16,845,1,2,5,1.0,1.0,94004,M,,,94
201700043725,17,10,23,520,3,1,1,8.0,7.0,94004,M,,,94
201700043726,17,11,16,1950,5,2,4,1.0,2.0,94004,M,,,94
201700043727,17,11,17,740,2,1,1,2.0,7.0,94004,M,,,94
201700043728,17,11,17,1822,2,2,2,8.0,3.0,94071,M,4875898.0,530140.0,94
201700043729,17,11,19,1200,1,2,3,1.0,3.0,94004,M,,,94
201700043730,17,11,20,1730,1,2,2,1.0,3.0,94004,M,,,94
201700043731,17,11,22,1508,1,2,1,1.0,6.0,94004,M,,,94
201700043732,17,11,12,1710,2,2,1,1.0,6.0,94004,M,,,94
201700043733,17,11,25,1835,5,2,1,1.0,6.0,94044,M,4875147.0,249166.0,94
201700043734,17,11,28,1620,1,2,9,8.0,3.0,94075,M,4872747.0,253101.0,94
201700043735,17,11,30,1800,5,2,1,2.0,6.0,94004,M,,,94
201700043736,17,11,30,1950,5,2,1,2.0,6.0,94004,M,,,94
201700043737,17,11,4,2030,5,2,1,2.0,5.0,94004,M,,,94
201700043738,17,12,5,1245,1,2,1,8.0,2.0,94047,M,,,94
201700043739,17,12,7,1815,5,2,1,2.0,6.0,94004,M,4875073.0,250157.0,94
201700043740,17,12,8,850,1,2,1,2.0,6.0,94071,M,4876274.0,253509.0,94
201700043741,17,12,8,923,1,2,1,2.0,3.0,94004,M,4845159.0,230213.0,94
201700043742,17,12,12,730,2,2,1,8.0,7.0,94071,M,4877322.0,250020.0,94
201700043743,17,12,12,810,2,2,1,8.0,7.0,94071,M,4877267.0,250094.0,94
201700043744,17,12,13,1745,5,2,1,2.0,6.0,94071,M,4877145.0,252473.0,94
201700043745,17,12,14,1720,5,2,1,2.0,6.0,94071,M,4876364.0,253611.0,94
201700043746,17,12,16,1810,3,2,1,1.0,7.0,94075,M,4873744.0,251764.0,94
201700043747,17,12,18,650,3,1,1,2.0,6.0,94071,M,4873000.0,266000.0,94
201700043748,17,12,20,1715,2,2,1,2.0,6.0,94075,M,4870595.0,253075.0,94
201700043749,17,12,21,1640,1,1,1,2.0,7.0,94004,M,4875948.0,251327.0,94
201700043750,17,12,21,2215,3,1,3,2.0,6.0,94075,M,4873664.0,251836.0,94
201700043751,17,12,22,1215,1,2,3,2.0,3.0,94071,M,4876419.0,253518.0,94
201700043752,17,12,24,1940,5,2,2,1.0,3.0,94044,M,4875235.0,249220.0,94
201700043753,17,12,30,1430,1,2,1,2.0,6.0,94071,M,4877000.0,251000.0,94
201700043754,17,1,31,1420,1,1,1,1.0,1.0,94048,M,4872770.0,254760.0,94
201700043755,17,1,5,1315,1,2,1,1.0,4.0,94070,M,4871750.0,257050.0,94
201700043756,17,1,14,740,2,2,9,9.0,7.0,94071,M,,,94
201700043757,17,1,17,2325,5,2,2,9.0,7.0,94004,M,4874940.0,250840.0,94
201700043758,17,1,19,310,5,2,1,9.0,6.0,94075,M,,,94
201700043759,17,1,20,800,1,2,1,1.0,6.0,94004,M,4874410.0,251243.0,94
201700043760,17,1,20,1350,1,2,1,1.0,6.0,94004,M,,,94
201700043761,17,1,21,1320,1,2,3,1.0,6.0,94044,M,,,94
201700043762,17,1,24,345,3,1,3,5.0,2.0,94075,M,4873440.0,252044.0,94
201700043763,17,1,24,1725,1,2,2,8.0,3.0,94004,M,4874940.0,250840.0,94
201700043764,17,1,26,820,1,1,1,8.0,5.0,94044,M,,,94
201700043765,17,3,13,820,1,2,1,1.0,7.0,94044,M,,,94
201700043766,17,3,15,950,1,2,7,1.0,6.0,94044,M,,,94
201700043767,17,2,1,1350,1,2,2,1.0,3.0,94004,M,4875510.0,250528.0,94
201700043768,17,2,3,1915,5,2,1,2.0,6.0,94071,M,,,94
201700043769,17,2,3,2255,5,2,1,8.0,2.0,94044,M,,,94
201700043770,17,2,4,1050,1,2,1,2.0,6.0,94071,M,,,94
201700043771,17,2,11,15,5,2,2,1.0,6.0,94075,M,4872750.0,253101.0,94
201700043772,17,2,14,940,1,2,1,2.0,2.0,94048,M,,,94
201700043773,17,2,17,2208,5,1,3,5.0,6.0,94075,M,4872750.0,253101.0,94
201700043774,17,2,18,900,2,2,1,5.0,2.0,94047,M,,,94
201700043775,17,2,23,1800,5,1,1,1.0,6.0,94044,M,,,94
201700043776,17,2,24,1635,1,2,3,1.0,2.0,94044,M,,,94
201700043777,17,2,25,1205,1,2,3,1.0,3.0,94075,M,4873130.0,252392.0,94
201700043778,17,3,21,855,1,2,1,1.0,2.0,94044,M,,,94
201700043779,17,4,18,1355,1,2,3,1.0,2.0,94075,M,4873130.0,252392.0,94
201700043780,17,3,1,1130,1,2,1,2.0,6.0,94075,M,,,94
201700043781,17,3,6,1050,1,2,1,3.0,3.0,94004,M,,,94
201700043782,17,3,12,1745,1,2,1,1.0,2.0,94044,M,,,94
201700043783,17,3,17,2304,4,2,1,1.0,2.0,94044,M,4874590.0,251084.0,94
201700043784,17,3,19,1104,1,2,1,1.0,6.0,94044,M,,,94
201700043785,17,3,21,756,1,1,3,1.0,1.0,94075,M,4872750.0,253101.0,94
201700043786,17,1,21,1130,1,2,1,1.0,6.0,94004,M,4875640.0,250464.0,94
201700043787,17,3,22,1210,1,2,1,1.0,6.0,94047,M,,,94
201700043788,17,3,22,1540,1,2,1,1.0,3.0,94071,M,,,94
201700043789,17,3,23,630,1,2,1,1.0,3.0,94075,M,,,94
201700043790,17,3,27,640,2,2,1,1.0,2.0,94044,M,,,94
201700043791,17,3,31,2120,5,2,1,1.0,6.0,94047,M,,,94
201700043792,17,6,1,1430,1,2,1,1.0,3.0,94004,M,4874532.0,250790.0,94
201700043793,17,5,28,1730,1,2,1,1.0,3.0,94044,M,,,94
201700043794,17,2,4,1518,1,2,1,2.0,2.0,94071,M,,,94
201700043795,17,4,6,1815,1,2,1,1.0,3.0,94071,M,,,94
201700043796,17,4,16,106,5,2,1,1.0,6.0,94071,M,4877009.0,252890.0,94