Num_Acc,an,mois,jour,hrmn,lum,agg,int,atm,col,com,gps,lat,long,dep
201700043797,17,4,24,900,1,1,1,1.0,3.0,94075,M,4873270.0,252193.0,94
201700043798,17,4,27,750,1,2,1,1.0,3.0,94075,M,,,94
201700043799,17,4,29,940,1,2,1,1.0,3.0,94075,M,,,94
201700043800,17,4,25,930,1,2,1,1.0,3.0,94044,M,,,94
201700043801,17,5,5,1820,1,2,1,1.0,3.0,94044,M,,,94
201700043802,17,5,12,1720,1,2,8,2.0,6.0,94004,M,,,94
201700043803,17,5,12,1730,1,2,1,1.0,1.0,94044,M,,,94
201700043804,17,5,13,1825,1,2,1,1.0,6.0,94044,M,,,94
201700043805,17,5,17,1345,1,2,1,1.0,3.0,94004,M,,,94
201700043806,17,5,17,1605,1,2,3,1.0,3.0,94004,M,,,94
201700043807,17,5,19,1640,1,2,1,1.0,2.0,94004,M,,,94
201700043808,17,5,21,1634,1,2,1,1.0,7.0,94071,M,,,94
201700043809,17,5,23,1130,1,2,1,1.0,3.0,94070,M,4871650.0,257242.0,94
201700043810,17,5,23,1245,1,1,1,1.0,4.0,94070,M,4871890.0,256813.0,94
201700043811,17,5,23,1450,1,2,6,1.0,2.0,94071,M,,,94
201700043812,17,5,29,825,1,2,3,1.0,3.0,94004,M,,,94
201700043813,17,5,29,1940,1,2,3,1.0,1.0,94044,M,,,94
201700043814,17,3,26,1630,1,2,1,1.0,1.0,94071,M,,,94
201700043815,17,6,3,1500,1,2,1,1.0,2.0,94044,M,,,94
201700043816,17,6,3,1800,1,2,3,2.0,2.0,94004,M,,,94
201700043817,17,6,4,1830,1,2,1,1.0,6.0,94071,M,,,94
201700043818,17,4,6,1900,1,2,1,1.0,5.0,94056,M,,,94
201700043819,17,4,9,1900,2,2,1,1.0,6.0,94004,M,,,94
201700043820,17,5,8,1130,1,2,1,1.0,6.0,94044,M,,,94
201700043821,17,3,19,1900,5,2,1,1.0,1.0,94044,M,,,94
201700043822,17,1,3,905,1,2,3,1.0,2.0,94017,M,,,94
201700043823,17,1,10,800,2,2,2,2.0,6.0,94017,M,,,94
201700043824,17,1,13,1920,5,2,2,2.0,1.0,94017,M,,,94
201700043825,17,1,18,1945,5,2,1,1.0,3.0,94017,M,,,94
201700043826,17,1,23,645,5,2,1,1.0,6.0,94017,M,,,94
201700043827,17,1,23,1505,1,2,3,1.0,2.0,94017,M,,,94
201700043828,17,11,18,1200,1,2,1,1.0,4.0,94017,M,,,94
201700043829,17,1,23,1210,1,2,6,1.0,6.0,94017,M,,,94
201700043830,17,1,30,730,5,2,3,2.0,6.0,94017,M,,,94
201700043831,17,11,13,840,1,2,1,1.0,3.0,94017,M,,,94
201700043832,17,1,31,720,5,2,2,2.0,3.0,94017,M,,,94
201700043833,17,2,1,815,1,2,1,1.0,6.0,94017,M,,,94
201700043834,17,2,6,1115,1,2,1,1.0,6.0,94017,M,,,94
201700043835,17,2,10,1950,5,2,6,1.0,3.0,94017,M,,,94
201700043836,17,2,16,1910,5,2,2,2.0,3.0,94017,M,,,94
201700043837,17,2,20,1330,1,2,1,1.0,2.0,94017,M,,,94
201700043838,17,2,24,2215,5,2,3,1.0,3.0,94017,M,,,94
201700043839,17,3,7,830,1,2,1,1.0,3.0,94017,M,,,94
201700043840,17,3,8,2210,5,2,1,2.0,2.0,94017,M,,,94
201700043841,17,3,10,850,1,2,3,1.0,3.0,94017,M,,,94
201700043842,17,3,10,1330,1,2,2,1.0,3.0,94017,M,,,94
201700043843,17,3,13,1730,1,2,3,1.0,2.0,94017,M,,,94
201700043844,17,3,15,1200,1,2,1,1.0,3.0,94017,M,,,94
201700043845,17,3,21,1155,1,2,1,1.0,2.0,94017,M,,,94
201700043846,17,3,21,1025,1,2,1,1.0,6.0,94017,M,,,94
201700043847,17,3,23,1840,3,2,9,2.0,6.0,94017,M,,,94
201700043848,17,4,3,140,5,2,6,1.0,3.0,94017,M,,,94
201700043849,17,4,3,1455,1,2,2,1.0,3.0,94017,M,,,94
201700043850,17,4,4,845,1,2,2,1.0,3.0,94017,M,,,94
201700043851,17,4,9,1820,1,2,1,1.0,4.0,94017,M,,,94
201700043852,17,4,11,845,1,2,1,1.0,6.0,94017,M,,,94
201700043853,17,4,16,315,1,2,1,1.0,3.0,94017,M,,,94
201700043854,17,4,24,610,2,2,3,1.0,3.0,94017,M,,,94
201700043855,17,4,29,800,1,2,6,1.0,6.0,94017,M,,,94
201700043856,17,5,4,1610,1,2,1,2.0,1.0,94017,M,,,94
201700043857,17,5,4,1720,1,2,1,2.0,3.0,94017,M,,,94
201700043858,17,5,5,1905,1,2,1,1.0,6.0,94017,M,,,94
201700043859,17,5,6,1730,1,2,2,1.0,6.0,94017,M,,,94
201700043860,17,5,9,2255,5,2,1,1.0,6.0,94017,M,,,94
201700043861,17,5,12,1310,1,2,1,2.0,6.0,94017,M,,,94
201700043862,17,5,16,10,5,2,1,1.0,6.0,94017,M,,,94
201700043863,17,5,19,2225,5,2,6,2.0,2.0,94017,M,,,94
201700043864,17,5,20,1600,1,2,1,1.0,6.0,94017,M,,,94
201700043865,17,5,21,600,1,2,2,1.0,1.0,94017,M,4882980.0,249321.0,94
201700043866,17,5,21,1230,1,2,2,1.0,3.0,94017,M,,,94
201700043867,17,5,25,1410,1,2,1,1.0,2.0,94017,M,,,94
201700043868,17,5,26,1830,1,1,6,1.0,3.0,94017,M,,,94
201700043869,17,5,30,2030,1,2,6,1.0,3.0,94017,M,,,94
201700043870,17,5,31,1415,1,2,1,1.0,1.0,94017,M,,,94
201700043871,17,6,1,1605,1,2,1,1.0,2.0,94017,M,4881248.0,253257.0,94
201700043872,17,6,1,1735,1,2,1,1.0,3.0,94017,M,4881640.0,250100.0,94
201700043873,17,6,4,1805,1,2,1,1.0,6.0,94017,M,4882025.0,248504.0,94
201700043874,17,6,9,1430,1,2,1,1.0,6.0,94017,M,4881236.0,250997.0,94
201700043875,17,6,10,2035,1,2,1,1.0,3.0,94017,M,4881286.0,253103.0,94
201700043876,17,6,11,2045,2,2,1,1.0,3.0,94017,M,4882307.0,249457.0,94
201700043877,17,6,16,830,1,2,2,1.0,3.0,94017,M,4881460.0,250795.0,94
201700043878,17,6,17,2055,1,2,2,1.0,3.0,94017,M,4880629.0,253011.0,94
201700043879,17,6,23,2120,2,2,1,1.0,3.0,94017,M,4881961.0,248593.0,94
201700043880,17,6,23,2340,5,2,3,1.0,3.0,94017,M,4881791.0,251170.0,94
201700043881,17,6,24,2020,1,2,1,1.0,4.0,94017,M,4881883.0,248960.0,94
201700043882,17,6,25,1655,1,2,3,1.0,3.0,94017,M,4881400.0,248050.0,94
201700043883,17,6,26,1215,1,2,1,1.0,3.0,94017,M,4881771.0,251172.0,94
201700043884,17,6,29,1625,1,2,2,2.0,5.0,94017,M,4881488.0,248118.0,94
201700043885,17,6,26,205,5,2,1,1.0,7.0,94017,M,,,94
201700043886,17,7,1,25,5,2,2,1.0,3.0,94017,M,4880630.0,253005.0,94
201700043887,17,7,1,1045,1,2,3,2.0,6.0,94017,M,4882132.0,251081.0,94
201700043888,17,7,7,940,1,2,1,1.0,1.0,94017,M,4881193.0,253965.0,94
201700043889,17,7,9,1020,1,2,1,1.0,2.0,94017,M,4881477.0,252454.0,94
201700043890,17,7,15,1515,1,2,3,1.0,3.0,94017,M,4880976.0,254189.0,94
201700043891,17,7,18,1735,1,2,2,1.0,3.0,94017,M,4881721.0,250964.0,94
201700043892,17,7,18,2310,5,2,1,1.0,2.0,94017,M,4882660.0,250677.0,94
201700043893,17,7,26,1635,1,2,2,8.0,7.0,94017,M,4881131.0,255519.0,94
201700043894,17,8,11,1930,2,2,9,1.0,3.0,94017,M,,,94
201700043895,17,8,12,740,1,1,1,8.0,2.0,94017,M,,,94
201700043896,17,8,14,335,5,2,1,1.0,6.0,94017,M,,,94
201700043897,17,8,15,1940,1,2,3,1.0,3.0,94017,M,,,94
201700043898,17,8,16,1240,1,2,1,1.0,6.0,94017,M,,,94
201700043899,17,8,14,1550,1,2,1,1.0,3.0,94017,M,,,94
201700043900,17,8,20,1700,1,2,1,1.0,2.0,94017,M,,,94
201700043901,17,8,23,930,1,2,1,1.0,3.0,94017,M,,,94
201700043902,17,8,25,2115,5,2,1,1.0,2.0,94017,M,,,94
201700043903,17,8,29,2135,5,2,1,1.0,5.0,94017,M,,,94
201700043904,17,8,30,1425,1,2,1,1.0,6.0,94017,M,,,94
201700043905,17,8,30,2308,5,2,3,2.0,3.0,94017,M,,,94
201700043906,17,9,1,545,5,2,2,1.0,3.0,94017,M,4882706.0,250819.0,94
201700043907,17,9,6,1350,1,2,1,1.0,2.0,94017,M,4881304.0,252979.0,94
201700043908,17,9,13,845,1,2,9,2.0,3.0,94017,M,,,94
201700043909,17,9,15,1915,1,2,9,1.0,3.0,94017,M,,,94
201700043910,17,9,18,850,1,2,2,1.0,3.0,94017,M,,,94
201700043911,17,9,18,2350,3,2,2,1.0,3.0,94017,M,,,94
201700043912,17,9,18,2145,5,2,1,1.0,7.0,94017,M,,,94
201700043913,17,9,20,1020,1,2,1,7.0,2.0,94017,M,,,94
201700043914,17,9,14,1940,1,2,4,2.0,6.0,94017,M,,,94
201700043915,17,9,23,125,5,2,1,1.0,6.0,94017,M,,,94
201700043916,17,9,23,2010,5,2,2,1.0,3.0,94017,M,,,94
201700043917,17,9,24,10,5,2,2,1.0,3.0,94017,M,,,94
201700043918,17,9,24,1705,1,2,1,1.0,3.0,94017,M,,,94
201700043919,17,10,5,1835,1,2,9,4.0,2.0,94017,M,,,94
201700043920,17,10,9,920,1,2,6,,6.0,94017,M,,,94
201700043921,17,10,6,1351,1,2,2,3.0,1.0,94017,M,,,94
201700043922,17,10,13,815,1,2,1,1.0,1.0,94017,M,,,94
201700043923,17,10,27,1730,1,2,2,6.0,6.0,94017,M,,,94
201700043924,17,10,28,1150,1,2,2,2.0,1.0,94017,M,,,94
201700043925,17,10,29,1700,1,2,3,1.0,6.0,94017,M,,,94
201700043926,17,11,7,2000,5,2,3,1.0,4.0,94017,M,,,94
201700043927,17,11,8,840,1,2,2,1.0,3.0,94017,M,,,94
201700043928,17,11,9,1325,1,2,1,1.0,6.0,94017,M,4881600.0,251287.0,94
201700043929,17,11,9,1500,1,2,1,1.0,6.0,94017,M,,,94
201700043930,17,11,10,1920,5,2,1,1.0,6.0,94017,M,,,94
201700043931,17,11,12,1410,1,2,2,3.0,2.0,94017,M,,,94
201700043932,17,11,14,710,2,2,1,1.0,6.0,94017,M,,,94
201700043933,17,11,18,1020,1,2,1,1.0,6.0,94017,M,,,94
201700043934,17,11,18,1800,1,2,6,1.0,6.0,94017,M,4881602.0,251254.0,94
201700043935,17,11,22,645,5,2,1,1.0,6.0,94017,M,,,94
201700043936,17,11,24,900,1,2,1,2.0,6.0,94017,M,,,94
201700043937,17,11,25,2030,5,2,1,2.0,3.0,94017,M,,,94
201700043938,17,11,26,345,3,2,1,1.0,3.0,94017,M,,,94
201700043939,17,12,2,740,1,2,1,9.0,6.0,94017,M,,,94
201700043940,17,12,2,1715,5,2,2,1.0,3.0,94017,M,,,94
201700043941,17,12,3,1725,5,2,3,2.0,3.0,94017,M,,,94
201700043942,17,11,7,905,1,2,2,1.0,3.0,94017,M,,,94
201700043943,17,12,11,1745,5,2,5,2.0,6.0,94017,M,,,94
201700043944,17,12,10,120,5,2,1,2.0,7.0,94017,M,,,94
201700043945,17,12,13,720,2,2,1,3.0,5.0,94017,M,4881000.0,250000.0,94
201700043946,17,12,15,2245,5,2,3,1.0,3.0,94017,M,,,94
201700043947,17,12,20,1000,1,2,5,8.0,6.0,94017,M,,,94
201700043948,17,12,22,1610,1,2,1,2.0,6.0,94017,M,,,94
201700043949,17,12,14,1810,5,2,1,2.0,6.0,94017,M,,,94
201700043950,17,12,30,1500,1,2,4,2.0,2.0,94017,M,,,94
201700043951,17,6,8,1905,1,2,1,1.0,6.0,94069,M,4882260.0,241992.0,94
201700043952,17,6,11,305,5,2,2,1.0,3.0,94069,M,4881782.0,241961.0,94
201700043953,17,6,12,835,1,2,1,1.0,3.0,94018,M,4882875.0,240438.0,94
201700043954,17,6,12,1903,1,2,2,1.0,3.0,94018,M,4881492.0,246313.0,94
201700043955,17,6,21,1625,1,2,1,7.0,3.0,94018,M,4881557.0,246177.0,94
201700043956,17,6,26,1800,1,2,1,1.0,3.0,94018,M,4882408.0,242667.0,94
201700043957,17,6,28,930,1,2,1,1.0,2.0,94018,M,4882547.0,240919.0,94
201700043958,17,6,29,1835,1,2,3,1.0,4.0,94018,M,4882316.0,240873.0,94
201700043959,17,6,26,1930,1,2,1,1.0,6.0,94018,M,4882337.0,240445.0,94
201700043960,17,6,30,1006,1,2,2,2.0,3.0,94018,M,4882412.0,242290.0,94
201700043961,17,7,3,445,2,2,2,1.0,3.0,94018,M,4882589.0,240691.0,94
201700043962,17,7,3,1634,1,2,1,1.0,6.0,94018,M,4881794.0,242661.0,94
201700043963,17,7,13,1900,1,2,3,1.0,6.0,94018,M,4882243.0,241678.0,94
201700043964,17,7,26,1430,1,2,1,8.0,3.0,94018,M,4882377.0,239714.0,94
201700043965,17,8,6,1220,1,2,1,1.0,6.0,94018,M,,,94
201700043966,17,8,21,1740,1,2,2,1.0,3.0,94018,M,,,94
201700043967,17,8,22,2300,5,2,1,1.0,1.0,94018,M,,,94
201700043968,17,9,13,1730,1,2,1,2.0,6.0,94018,M,,,94
201700043969,17,9,13,1910,1,2,2,3.0,7.0,94018,M,,,94
201700043970,17,9,28,1945,5,2,1,1.0,6.0,94018,M,,,94
201700043971,17,10,13,1425,1,2,1,1.0,3.0,94018,M,4882894.0,240206.0,94
201700043972,17,10,17,1200,1,2,1,1.0,3.0,94069,M,4881491.0,246265.0,94
201700043973,17,10,19,1840,2,2,1,1.0,6.0,94018,M,4882876.0,240209.0,94
201700043974,17,10,27,1750,1,2,1,1.0,3.0,94018,M,4881967.0,240533.0,94
201700043975,17,10,29,530,5,2,1,8.0,6.0,94018,M,,,94
201700043976,17,11,8,1808,2,2,2,1.0,1.0,94018,M,,,94
201700043977,17,11,16,1345,1,2,3,8.0,3.0,94018,M,,,94
201700043978,17,11,20,800,1,2,3,8.0,3.0,94018,M,,,94
201700043979,17,11,24,1840,5,2,1,1.0,3.0,94018,M,,,94
201700043980,17,11,27,2150,5,2,1,2.0,7.0,94018,M,,,94
201700043981,17,11,28,300,5,2,1,3.0,1.0,94018,M,,,94
201700043982,17,12,5,900,1,2,1,1.0,3.0,94018,M,,,94
201700043983,17,11,20,910,1,2,1,8.0,6.0,94018,M,,,94
201700043984,17,12,17,1350,1,2,2,8.0,3.0,94069,M,,,94
201700043985,17,12,18,2005,5,2,3,1.0,2.0,94018,M,4881811.0,241530.0,94
201700043986,17,12,25,2008,5,2,1,1.0,3.0,94069,M,4881651.0,245728.0,94
201700043987,17,12,27,1610,1,2,1,2.0,6.0,94018,M,4882364.0,239828.0,94
201700043988,17,1,5,925,1,2,1,1.0,1.0,94018,M,,,94
201700043989,17,4,7,1510,1,2,1,1.0,3.0,94069,M,,,94
201700043990,17,1,12,1325,1,2,2,1.0,7.0,94069,M,,,94
201700043991,17,2,13,1905,5,2,1,1.0,3.0,94018,M,,,94
201700043992,17,2,19,825,1,2,1,1.0,6.0,94018,M,,,94
201700043993,17,3,18,540,5,2,1,1.0,7.0,94069,M,,,94
201700043994,17,3,25,2315,5,2,2,1.0,7.0,94018,M,,,94
201700043995,17,3,28,1630,1,2,2,1.0,3.0,94069,M,,,94
201700043996,17,4,25,1820,1,2,1,1.0,6.0,94018,M,,,94
201700043997,17,4,27,745,1,2,2,1.0,3.0,94069,M,,,94
201700043998,17,4,28,2215,5,2,3,1.0,2.0,94018,M,,,94
201700043999,17,5,7,210,5,2,5,2.0,3.0,94069,M,,,94
201700044000,17,5,12,1730,1,2,1,3.0,6.0,94018,M,,,94
201700044001,17,5,23,1340,1,2,1,1.0,6.0,94069,M,,,94
201700044002,17,6,1,1620,1,2,3,1.0,3.0,94069,M,4882148.0,242340.0,94
201700044003,17,6,1,1920,1,2,3,7.0,4.0,94018,M,4882476.0,241478.0,94
201700044004,17,6,5,1857,1,2,1,1.0,7.0,94069,M,4882316.0,243062.0,94
201700044005,17,4,25,1837,1,2,1,1.0,1.0,94018,M,,,94
201700044006,17,1,11,1630,1,2,3,2.0,3.0,94055,M,,,94
201700044007,17,1,13,1630,3,2,3,3.0,6.0,94079,M,,,94
201700044008,17,1,13,1835,3,2,1,2.0,6.0,94055,M,,,94
201700044009,17,1,14,925,1,2,3,9.0,3.0,94055,M,,,94
201700044010,17,1,18,2000,5,2,2,1.0,3.0,94079,M,,,94
201700044011,17,1,20,2130,5,2,1,1.0,3.0,94060,M,,,94
201700044012,17,1,21,400,5,2,1,1.0,6.0,94079,M,,,94
201700044013,17,1,21,1630,1,1,1,1.0,1.0,94060,M,,,94
201700044014,17,1,22,1510,1,2,1,1.0,6.0,94055,M,,,94
201700044015,17,2,1,1135,1,2,2,2.0,6.0,94079,M,,,94
201700044016,17,2,6,1840,5,2,6,1.0,6.0,94019,M,,,94
201700044017,17,2,9,1510,1,2,6,1.0,2.0,94060,M,,,94
201700044018,17,2,9,1810,5,2,1,1.0,6.0,94060,M,,,94
201700044019,17,2,15,750,1,2,1,1.0,6.0,94079,M,,,94
201700044020,17,2,21,1705,1,2,6,1.0,4.0,94019,M,,,94
201700044021,17,2,25,1125,1,2,1,1.0,2.0,94079,M,,,94
201700044022,17,2,28,1230,1,2,1,2.0,2.0,94060,M,,,94
201700044023,17,3,2,835,1,2,6,1.0,6.0,94019,M,,,94
201700044024,17,3,2,1500,1,2,2,1.0,6.0,94079,M,,,94
201700044025,17,3,2,2315,5,2,1,1.0,6.0,94060,M,,,94
201700044026,17,3,5,1725,1,2,2,7.0,6.0,94060,M,,,94
201700044027,17,3,10,1530,1,2,3,1.0,3.0,94060,M,,,94
201700044028,17,3,11,730,1,2,2,1.0,3.0,94079,M,,,94
201700044029,17,3,14,1305,1,2,1,1.0,1.0,94079,M,4883570.0,253694.0,94
201700044030,17,3,17,715,1,2,1,1.0,6.0,94079,M,4883450.0,253832.0,94
201700044031,17,3,21,935,1,2,1,1.0,2.0,94079,M,,,94
201700044032,17,3,21,1530,1,2,1,1.0,6.0,94060,M,,,94
201700044033,17,3,22,1240,1,2,2,1.0,6.0,94060,M,,,94
201700044034,17,3,23,1245,1,1,3,8.0,3.0,94060,M,,,94
201700044035,17,3,25,1230,1,2,2,1.0,3.0,94059,M,,,94
201700044036,17,3,30,820,2,2,3,7.0,4.0,94055,M,,,94
201700044037,17,4,6,1910,1,2,3,1.0,3.0,94055,M,,,94
201700044038,17,4,11,1315,1,2,6,1.0,6.0,94055,M,,,94
201700044039,17,4,12,1630,1,2,1,1.0,2.0,94079,M,,,94
201700044040,17,4,19,650,1,2,2,1.0,3.0,94059,M,,,94
201700044041,17,4,19,1500,1,2,6,1.0,3.0,94079,M,,,94
201700044042,17,4,19,745,1,2,3,1.0,7.0,94059,M,,,94
201700044043,17,4,20,1915,1,2,6,1.0,6.0,94079,M,,,94
201700044044,17,4,25,800,1,2,2,2.0,5.0,94060,M,,,94
201700044045,17,4,27,1735,1,2,3,1.0,3.0,94019,M,,,94
201700044046,17,4,28,2025,5,2,1,1.0,3.0,94055,M,,,94
201700044047,17,5,2,850,1,2,2,7.0,3.0,94079,M,,,94
201700044048,17,5,2,730,1,2,6,1.0,6.0,94059,M,,,94
201700044049,17,5,2,1855,1,2,1,1.0,4.0,94019,M,,,94
201700044050,17,5,5,715,1,2,1,1.0,3.0,94055,M,,,94
201700044051,17,5,10,1945,1,2,1,1.0,6.0,94053,M,,,94
201700044052,17,5,13,1115,1,2,1,1.0,6.0,94055,M,,,94
201700044053,17,5,13,2255,5,2,1,1.0,6.0,94079,M,,,94
201700044054,17,5,15,1700,1,2,3,1.0,3.0,94079,M,,,94
201700044055,17,5,15,1955,1,2,6,1.0,3.0,94055,M,,,94
201700044056,17,5,16,1125,1,2,1,1.0,6.0,94055,M,,,94
201700044057,17,5,17,1240,1,2,1,1.0,3.0,94059,M,,,94
201700044058,17,5,21,1210,1,2,3,1.0,3.0,94019,M,,,94
201700044059,17,5,22,2020,1,2,2,1.0,1.0,94059,M,,,94
201700044060,17,5,23,105,5,2,2,1.0,3.0,94079,M,,,94
201700044061,17,5,23,1744,1,2,6,7.0,2.0,94079,M,,,94
201700044062,17,5,24,1830,1,2,1,1.0,3.0,94053,M,,,94
201700044063,17,5,13,1525,1,2,1,1.0,6.0,94019,M,,,94
201700044064,17,5,27,2000,1,2,1,1.0,1.0,94055,M,,,94
201700044065,17,5,28,1125,1,2,3,1.0,3.0,94053,M,,,94
201700044066,17,5,29,1800,1,2,3,1.0,3.0,94079,M,,,94
201700044067,17,6,2,1750,1,2,3,1.0,3.0,94079,M,4882123.0,254029.0,94
201700044068,17,6,2,2100,2,2,6,1.0,3.0,94055,M,4879215.0,255503.0,94
201700044069,17,6,9,755,1,1,6,2.0,7.0,94055,M,4879215.0,255500.0,94
201700044070,17,6,13,1010,1,2,1,1.0,6.0,94019,M,4882478.0,254878.0,94
201700044071,17,6,15,1825,1,2,6,1.0,3.0,94019,M,4879217.0,255501.0,94
201700044072,17,6,16,1510,1,2,2,1.0,3.0,94019,M,4878088.0,251972.0,94
201700044073,17,6,15,2000,1,2,1,1.0,7.0,94019,M,,,94
201700044074,17,6,21,1000,1,2,2,1.0,3.0,94059,M,4881941.0,255953.0,94
201700044075,17,6,22,1800,1,2,1,1.0,3.0,94019,M,4879646.0,253207.0,94
201700044076,17,6,25,810,1,2,1,1.0,3.0,94053,M,4876947.0,254299.0,94
201700044077,17,6,25,1000,1,2,6,1.0,7.0,94038,M,4880873.0,258273.0,94
201700044078,17,6,27,1330,1,2,1,1.0,1.0,94059,M,4880267.0,257433.0,94
201700044079,17,6,30,1640,1,2,3,3.0,7.0,94019,M,4878762.0,252063.0,94
201700044080,17,7,11,2040,2,2,7,1.0,7.0,94059,M,4880526.0,258497.0,94
201700044081,17,7,13,705,1,2,1,1.0,6.0,94019,M,4878905.0,257697.0,94
201700044082,17,7,21,1305,1,2,2,7.0,3.0,94019,M,4881327.0,251202.0,94
201700044083,17,7,21,1510,1,2,1,1.0,2.0,94019,M,4879471.0,252993.0,94
201700044084,17,7,21,1545,1,2,1,1.0,3.0,94079,M,4882723.0,253319.0,94
201700044085,17,7,27,1510,1,2,1,1.0,2.0,94019,M,4879275.0,253233.0,94
201700044086,17,8,2,1700,1,2,2,1.0,3.0,94019,M,,,94
201700044087,17,8,5,2100,1,2,1,1.0,6.0,94019,M,,,94
201700044088,17,8,7,1735,1,2,2,1.0,3.0,94019,M,,,94
201700044089,17,7,16,1925,1,2,1,1.0,5.0,94019,M,4880136.0,254099.0,94
201700044090,17,8,9,1145,1,2,1,1.0,2.0,94019,M,,,94
201700044091,17,8,10,1440,1,2,2,1.0,3.0,94019,M,,,94
201700044092,17,8,10,2135,5,2,1,2.0,2.0,94019,M,,,94
201700044093,17,8,29,1725,1,2,1,1.0,6.0,94019,M,,,94
201700044094,17,9,1,1840,1,2,1,2.0,3.0,94019,M,,,94
201700044095,17,9,2,1150,1,2,1,1.0,3.0,94019,M,,,94
201700044096,17,9,2,1400,1,2,1,1.0,6.0,94019,M,,,94
201700044097,17,9,4,900,1,2,1,8.0,6.0,94019,M,,,94
201700044098,17,9,5,1755,1,2,1,1.0,3.0,94019,M,,,94
201700044099,17,9,7,1720,1,2,2,1.0,3.0,94019,M,,,94
201700044100,17,9,11,1325,1,2,1,8.0,6.0,94019,M,,,94
201700044101,17,9,10,225,3,2,1,1.0,6.0,94019,M,,,94
201700044102,17,9,12,1720,1,2,1,2.0,2.0,94019,M,,,94
201700044103,17,9,9,1545,1,2,2,2.0,3.0,94019,M,,,94
201700044104,17,9,15,215,5,2,2,1.0,3.0,94019,M,,,94
201700044105,17,9,7,2230,5,2,1,1.0,6.0,94019,M,,,94
201700044106,17,9,16,1510,1,1,1,1.0,2.0,94019,M,,,94
201700044107,17,9,16,2015,5,2,3,1.0,3.0,94019,M,,,94
201700044108,17,9,23,1900,1,2,1,1.0,7.0,94019,M,,,94
201700044109,17,9,24,934,1,2,1,1.0,5.0,94019,M,,,94
201700044110,17,9,24,1500,1,2,2,1.0,3.0,94019,M,,,94
201700044111,17,9,26,750,2,2,6,2.0,7.0,94019,M,,,94
201700044112,17,9,26,1210,1,2,1,1.0,6.0,94019,M,,,94
201700044113,17,9,29,1407,1,2,1,7.0,6.0,94019,M,,,94
201700044114,17,10,4,1340,1,2,1,1.0,6.0,94019,M,,,94
201700044115,17,10,5,1715,1,2,1,2.0,3.0,94019,M,,,94
201700044116,17,10,6,128,5,2,1,1.0,3.0,94019,M,,,94
201700044117,17,10,6,1750,1,2,8,1.0,2.0,94019,M,,,94
201700044118,17,10,7,2330,5,2,2,2.0,3.0,94019,M,,,94
201700044119,17,10,9,2240,5,2,1,1.0,7.0,94019,M,,,94
201700044120,17,10,10,500,3,2,1,2.0,1.0,94019,M,,,94
201700044121,17,10,10,705,2,2,1,1.0,6.0,94019,M,,,94
201700044122,17,10,13,1810,1,2,1,1.0,6.0,94019,M,,,94
201700044123,17,10,17,935,1,2,1,1.0,6.0,94019,M,,,94
201700044124,17,10,17,2120,5,2,3,1.0,3.0,94019,M,,,94
201700044125,17,10,19,710,5,2,1,1.0,4.0,94019,M,,,94
201700044126,17,10,20,850,1,2,2,7.0,3.0,94019,M,,,94
201700044127,17,10,26,1915,5,2,1,5.0,3.0,94019,M,,,94
201700044128,17,11,8,725,2,2,2,8.0,2.0,94019,M,,,94
201700044129,17,11,2,1805,2,2,3,1.0,3.0,94019,M,,,94
201700044130,17,11,10,940,1,2,1,2.0,1.0,94019,M,,,94
201700044131,17,11,12,1130,1,2,1,2.0,6.0,94019,M,,,94
201700044132,17,11,8,1230,1,2,1,1.0,7.0,94059,M,,,94
201700044133,17,11,14,1150,1,1,1,1.0,6.0,94019,M,,,94
201700044134,17,11,9,1150,1,2,1,1.0,6.0,94019,M,,,94
201700044135,17,11,14,2030,5,2,1,1.0,3.0,94019,M,,,94
201700044136,17,11,16,735,5,2,1,1.0,6.0,94019,M,,,94
201700044137,17,11,17,650,5,2,3,3.0,3.0,94019,M,,,94
201700044138,17,11,20,750,1,2,1,1.0,6.0,94019,M,,,94
201700044139,17,11,20,1921,5,2,6,1.0,3.0,94019,M,,,94
201700044140,17,11,22,745,2,2,1,1.0,4.0,94019,M,,,94
201700044141,17,11,24,740,2,2,2,2.0,6.0,94019,M,,,94
201700044142,17,11,23,750,1,2,1,1.0,6.0,94019,M,,,94
201700044143,17,11,27,1545,1,2,2,2.0,6.0,94059,M,,,94
201700044144,17,11,28,735,2,2,1,1.0,6.0,94019,M,,,94
201700044145,17,12,6,1024,1,2,3,8.0,3.0,94079,M,4882356.0,255965.0,94
201700044146,17,12,7,1745,5,2,2,3.0,6.0,94079,M,4900000.0,300000.0,94
201700044147,17,12,12,910,1,2,3,2.0,3.0,94059,M,4882171.0,256088.0,94
201700044148,17,12,13,1755,5,2,3,3.0,6.0,94055,M,4878444.0,253740.0,94
201700044149,17,12,21,805,4,2,1,2.0,4.0,94079,M,4883047.0,255840.0,94
201700044150,17,12,21,850,1,2,1,2.0,3.0,94059,M,4880579.0,258958.0,94
201700044151,17,12,21,1920,5,2,6,1.0,6.0,94019,M,4880024.0,254368.0,94
201700044152,17,12,15,830,2,2,1,7.0,6.0,94059,M,4880366.0,258029.0,94
201700044153,17,12,24,1730,1,2,1,1.0,6.0,94079,M,4881860.0,253640.0,94
201700044154,17,12,24,1800,5,2,2,1.0,6.0,94079,M,4883278.0,254423.0,94
201700044155,17,12,27,1815,5,2,1,2.0,6.0,94019,M,4879683.0,254807.0,94
201700044156,17,12,29,1545,1,2,1,3.0,6.0,94060,M,4879544.0,256510.0,94
201700044157,17,6,9,1200,1,2,1,1.0,3.0,94022,M,4876808.0,241801.0,94
201700044158,17,6,13,910,1,2,2,1.0,3.0,94022,M,4877001.0,241810.0,94
201700044159,17,6,14,1815,1,2,2,1.0,6.0,94022,M,4876761.0,240621.0,94
201700044160,17,6,15,1405,1,2,1,1.0,6.0,94022,M,4876490.0,240534.0,94
201700044161,17,6,18,1440,1,2,1,1.0,7.0,94022,M,4876561.0,241543.0,94
201700044162,17,6,21,2100,1,2,2,1.0,6.0,94054,M,4874704.0,241123.0,94
201700044163,17,6,21,2335,5,2,1,1.0,3.0,94022,M,4877342.0,239957.0,94
201700044164,17,6,23,1410,1,2,1,1.0,6.0,94022,M,4876368.0,241049.0,94