Num_Acc,an,mois,jour,hrmn,lum,agg,int,atm,col,com,gps,lat,long,dep
201700044165,17,7,1,1235,1,2,9,2.0,3.0,94022,M,4877281.0,239999.0,94
201700044166,17,7,3,1320,1,2,1,1.0,3.0,94022,M,4877145.0,241376.0,94
201700044167,17,7,9,415,5,2,2,1.0,7.0,94022,M,4875758.0,240989.0,94
201700044168,17,7,11,1855,1,2,1,1.0,6.0,94022,M,4876610.0,241065.0,94
201700044169,17,7,14,1935,1,2,1,1.0,6.0,94022,M,4876085.0,240784.0,94
201700044170,17,7,16,1510,1,2,3,1.0,6.0,94022,M,4876862.0,240905.0,94
201700044171,17,7,18,1940,1,2,1,1.0,7.0,94022,M,4876980.0,241356.0,94
201700044172,17,7,27,800,1,2,2,8.0,3.0,94022,M,4876053.0,240794.0,94
201700044173,17,7,28,2350,5,2,2,1.0,3.0,94022,M,4877282.0,240000.0,94
201700044174,17,7,31,1545,1,2,1,1.0,3.0,94054,M,4874165.0,240249.0,94
201700044175,17,8,1,230,3,2,7,1.0,3.0,94022,M,4876245.0,240665.0,94
201700044176,17,8,2,2230,5,2,2,1.0,3.0,94022,M,4877285.0,239996.0,94
201700044177,17,8,3,2330,5,2,2,1.0,2.0,94022,M,4876142.0,240364.0,94
201700044178,17,8,9,1845,1,2,1,1.0,3.0,94022,M,4876749.0,241686.0,94
201700044179,17,8,10,1220,1,2,3,1.0,3.0,94054,M,4874783.0,240692.0,94
201700044180,17,8,10,1340,1,2,9,1.0,3.0,94054,M,4874800.0,237880.0,94
201700044181,17,8,13,1635,1,2,1,1.0,7.0,94022,M,4877411.0,241532.0,94
201700044182,17,8,14,20,5,2,1,1.0,1.0,94054,M,4874546.0,238345.0,94
201700044183,17,8,16,800,1,2,1,7.0,6.0,94054,M,4874644.0,238365.0,94
201700044184,17,8,21,1145,1,2,3,1.0,2.0,94054,M,,,94
201700044185,17,8,29,1540,1,2,1,1.0,7.0,94054,M,4874065.0,238637.0,94
201700044186,17,8,31,610,5,2,1,1.0,6.0,94022,M,4877174.0,240091.0,94
201700044187,17,9,3,30,5,2,2,1.0,3.0,94054,M,,,94
201700044188,17,9,8,1720,1,2,2,2.0,6.0,94022,M,,,94
201700044189,17,9,6,855,1,2,2,1.0,3.0,94022,M,4877066.0,240143.0,94
201700044190,17,9,15,845,1,2,2,1.0,6.0,94022,M,,,94
201700044191,17,9,19,1415,1,2,3,1.0,3.0,94054,M,4874863.0,-241214.0,94
201700044192,17,9,20,1730,1,2,3,1.0,3.0,94054,M,,,94
201700044193,17,9,22,1000,1,2,3,1.0,3.0,94022,M,4877203.0,241399.0,94
201700044194,17,9,24,105,5,2,1,1.0,6.0,94022,M,4846240.0,224360.0,94
201700044195,17,9,22,1000,1,2,1,1.0,3.0,94022,M,4876865.0,242065.0,94
201700044196,17,9,27,1650,1,2,3,1.0,3.0,94022,M,4876354.0,240312.0,94
201700044197,17,9,29,835,1,2,3,1.0,3.0,94054,M,4874678.0,238652.0,94
201700044198,17,9,30,1500,1,2,1,1.0,6.0,94022,M,4876745.0,241048.0,94
201700044199,17,10,8,1515,1,2,1,8.0,6.0,94054,M,4875105.0,240604.0,94
201700044200,17,10,12,1140,1,2,1,1.0,2.0,94022,M,4876690.0,241390.0,94
201700044201,17,10,14,1335,1,2,1,1.0,2.0,94022,M,4876385.0,241020.0,94
201700044202,17,10,14,1950,2,2,1,1.0,5.0,94022,M,4876612.0,241184.0,94
201700044203,17,10,16,1740,1,2,7,1.0,2.0,94022,M,4876258.0,240677.0,94
201700044204,17,10,18,1230,1,2,2,1.0,2.0,94054,M,4874497.0,239983.0,94
201700044205,17,10,20,1944,5,2,2,1.0,3.0,94054,M,4874509.0,238842.0,94
201700044206,17,10,31,345,3,2,1,1.0,6.0,94022,M,4875410.0,241050.0,94
201700044207,17,10,31,1905,5,1,1,3.0,1.0,94022,M,,,94
201700044208,17,11,3,840,1,2,1,1.0,7.0,94022,M,,,94
201700044209,17,11,5,2120,5,2,1,2.0,2.0,94022,M,,,94
201700044210,17,11,7,720,5,2,1,9.0,3.0,94022,M,4877281.0,239991.0,94
201700044211,17,11,8,845,1,2,1,1.0,2.0,94022,M,,,94
201700044212,17,11,8,1345,1,2,1,1.0,2.0,94022,M,,,94
201700044213,17,11,15,935,1,2,3,1.0,3.0,94022,M,4876903.0,240234.0,94
201700044214,17,11,16,2005,5,2,1,1.0,6.0,94022,M,4876521.0,240772.0,94
201700044215,17,11,27,1650,5,2,1,2.0,1.0,94022,M,,,94
201700044216,17,11,28,1555,1,1,1,2.0,2.0,94054,M,,,94
201700044217,17,12,2,1330,1,2,1,1.0,2.0,94022,M,4876978.0,242491.0,94
201700044218,17,12,7,1505,1,2,1,2.0,4.0,94022,M,4876326.0,240227.0,94
201700044219,17,12,12,1830,5,2,3,1.0,6.0,94022,M,,,94
201700044220,17,12,13,1720,5,2,1,2.0,6.0,94054,M,4874415.0,240792.0,94
201700044221,17,12,13,2020,5,2,2,2.0,6.0,94054,M,,,94
201700044222,17,12,13,1150,1,2,1,2.0,3.0,94022,M,4877078.0,240231.0,94
201700044223,17,12,15,840,1,2,1,8.0,2.0,94022,M,4875719.0,240454.0,94
201700044224,17,12,20,1710,5,2,1,2.0,6.0,94022,M,,,94
201700044225,17,12,23,1255,1,2,3,1.0,5.0,94022,M,4876175.0,240429.0,94
201700044226,17,12,26,913,1,2,2,1.0,2.0,94022,M,4875486.0,241505.0,94
201700044227,17,12,27,1705,5,2,3,2.0,6.0,94022,M,4875831.0,240950.0,94
201700044228,17,12,29,1310,1,2,1,2.0,6.0,94022,M,,,94
201700044229,17,12,31,1735,5,2,9,2.0,6.0,94022,M,4876455.0,240581.0,94
201700044230,17,1,2,1435,1,2,2,1.0,3.0,94022,M,,,94
201700044231,17,4,24,2245,5,2,1,1.0,3.0,94022,M,,,94
201700044232,17,4,27,1015,1,2,1,1.0,2.0,94054,M,,,94
201700044233,17,1,8,1205,1,2,9,8.0,6.0,94022,M,,,94
201700044234,17,1,8,2200,5,2,3,1.0,3.0,94022,M,,,94
201700044235,17,4,30,1710,1,2,3,8.0,7.0,94022,M,,,94
201700044236,17,2,1,855,1,2,2,1.0,6.0,94022,M,,,94
201700044237,17,1,13,625,3,2,1,1.0,6.0,94022,M,,,94
201700044238,17,1,13,1100,1,2,1,8.0,6.0,94022,M,,,94
201700044239,17,2,9,1735,1,2,1,1.0,6.0,94054,M,,,94
201700044240,17,5,13,1600,1,2,1,2.0,6.0,94022,M,,,94
201700044241,17,1,17,1855,5,2,1,1.0,7.0,94022,M,,,94
201700044242,17,1,18,2200,5,2,1,1.0,6.0,94022,M,,,94
201700044243,17,1,19,735,2,2,9,1.0,3.0,94022,M,,,94
201700044244,17,5,9,1428,1,2,1,1.0,6.0,94054,M,,,94
201700044245,17,5,9,1530,1,2,5,1.0,3.0,94022,M,,,94
201700044246,17,5,12,1840,1,2,2,2.0,3.0,94022,M,,,94
201700044247,17,1,24,1030,1,2,1,8.0,6.0,94022,M,,,94
201700044248,17,5,16,1900,1,2,2,1.0,3.0,94022,M,,,94
201700044249,17,1,26,1530,1,2,1,1.0,4.0,94054,M,,,94
201700044250,17,5,17,730,1,2,1,1.0,2.0,94022,M,,,94
201700044251,17,1,26,1810,5,2,1,1.0,1.0,94054,M,,,94
201700044252,17,1,26,2025,5,2,3,1.0,3.0,94022,M,,,94
201700044253,17,5,17,750,1,2,3,1.0,3.0,94022,M,,,94
201700044254,17,1,28,1920,5,2,2,1.0,3.0,94022,M,,,94
201700044255,17,5,23,2025,1,2,3,1.0,3.0,94022,M,,,94
201700044256,17,5,25,1510,1,2,3,1.0,3.0,94022,M,,,94
201700044257,17,2,3,2350,5,2,3,1.0,3.0,94022,M,,,94
201700044258,17,5,27,1145,1,2,1,1.0,6.0,94022,M,,,94
201700044259,17,2,7,610,5,2,1,3.0,6.0,94054,M,,,94
201700044260,17,2,7,1240,1,2,1,1.0,3.0,94022,M,,,94
201700044261,17,2,8,630,2,2,2,1.0,3.0,94054,M,,,94
201700044262,17,6,1,1350,1,2,1,1.0,6.0,94054,M,4874995.0,238977.0,94
201700044263,17,6,1,2025,1,2,1,1.0,3.0,94022,M,4877157.0,242064.0,94
201700044264,17,6,3,2125,2,2,1,2.0,6.0,94022,M,,,94
201700044265,17,6,1,1720,1,2,1,1.0,6.0,94022,M,4877185.0,241391.0,94
201700044266,17,2,15,2140,5,2,1,1.0,6.0,94022,M,,,94
201700044267,17,2,21,900,1,2,1,8.0,6.0,94054,M,,,94
201700044268,17,2,21,1930,5,2,2,1.0,3.0,94022,M,,,94
201700044269,17,2,23,820,1,2,1,1.0,3.0,94054,M,,,94
201700044270,17,3,1,1930,5,2,1,3.0,6.0,94022,M,,,94
201700044271,17,3,6,815,1,2,1,2.0,6.0,94022,M,,,94
201700044272,17,3,15,750,1,2,1,1.0,6.0,94054,M,,,94
201700044273,17,3,16,1725,1,2,1,1.0,6.0,94022,M,,,94
201700044274,17,3,16,1755,1,2,1,1.0,6.0,94054,M,,,94
201700044275,17,3,27,950,1,2,5,1.0,3.0,94022,M,,,94
201700044276,17,4,3,1345,1,2,5,1.0,3.0,94022,M,,,94
201700044277,17,4,3,1945,1,2,1,1.0,6.0,94022,M,,,94
201700044278,17,4,4,1810,1,2,1,1.0,3.0,94054,M,,,94
201700044279,17,4,7,1230,1,2,1,1.0,6.0,94022,M,,,94
201700044280,17,4,8,1955,1,2,9,1.0,6.0,94054,M,,,94
201700044281,17,4,14,515,5,2,2,1.0,3.0,94022,M,,,94
201700044282,17,4,21,1140,1,2,1,1.0,3.0,94022,M,,,94
201700044283,17,1,3,1315,1,2,1,1.0,6.0,94011,M,,,94
201700044284,17,1,5,740,5,2,1,1.0,5.0,94028,M,4879878.0,246526.0,94
201700044285,17,1,3,1920,5,2,1,1.0,6.0,94028,M,,,94
201700044286,17,1,10,1244,1,2,1,2.0,2.0,94028,M,,,94
201700044287,17,1,12,1636,2,1,1,1.0,7.0,94028,M,,,94
201700044288,17,1,16,1745,5,1,1,1.0,6.0,94028,M,,,94
201700044289,17,1,14,1830,5,2,1,1.0,3.0,94028,M,,,94
201700044290,17,1,19,940,1,2,1,1.0,6.0,94028,M,,,94
201700044291,17,1,10,1800,3,1,1,2.0,3.0,94028,M,4877620.0,243876.0,94
201700044292,17,1,20,848,1,2,1,1.0,6.0,94028,M,,,94
201700044293,17,1,21,1600,1,2,1,1.0,7.0,94028,M,,,94
201700044294,17,1,25,2000,5,2,3,1.0,6.0,94028,M,,,94
201700044295,17,2,1,820,1,2,1,1.0,6.0,94028,M,,,94
201700044296,17,2,3,1830,1,1,1,1.0,6.0,94028,M,4877520.0,243884.0,94
201700044297,17,2,1,2005,5,2,1,1.0,6.0,94011,M,,,94
201700044298,17,2,6,1315,1,2,3,2.0,5.0,94028,M,,,94
201700044299,17,2,8,1310,1,2,1,1.0,3.0,94028,M,,,94
201700044300,17,2,10,1630,1,2,3,1.0,3.0,94028,M,,,94
201700044301,17,2,12,300,5,1,1,1.0,7.0,94011,M,,,94
201700044302,17,2,26,2310,5,2,1,1.0,3.0,94028,M,,,94
201700044303,17,2,27,1515,1,2,1,1.0,6.0,94028,M,,,94
201700044304,17,3,5,2210,4,2,1,3.0,6.0,94028,M,,,94
201700044305,17,3,6,1615,1,2,1,2.0,2.0,94028,M,,,94
201700044306,17,3,6,1150,1,2,1,2.0,1.0,94028,M,,,94
201700044307,17,3,3,2000,5,2,1,1.0,3.0,94011,M,,,94
201700044308,17,3,10,2225,5,2,1,1.0,2.0,94028,M,,,94
201700044309,17,3,10,1505,1,2,1,1.0,6.0,94028,M,,,94
201700044310,17,3,13,930,1,2,1,1.0,2.0,94028,M,,,94
201700044311,17,3,13,1045,1,2,1,1.0,6.0,94028,M,,,94
201700044312,17,3,15,2020,5,2,1,1.0,6.0,94028,M,,,94
201700044313,17,3,21,1125,1,2,1,1.0,1.0,94028,M,,,94
201700044314,17,3,22,1200,1,2,1,1.0,6.0,94028,M,,,94
201700044315,17,3,22,2023,5,2,1,2.0,1.0,94011,M,,,94
201700044316,17,3,28,1150,1,2,1,1.0,6.0,94028,M,,,94
201700044317,17,3,28,1645,1,2,1,1.0,6.0,94028,M,,,94
201700044318,17,3,29,1450,1,2,1,1.0,4.0,94011,M,,,94
201700044319,17,3,30,1815,1,2,3,1.0,6.0,94028,M,,,94
201700044320,17,3,31,1750,1,2,1,1.0,2.0,94028,M,,,94
201700044321,17,3,31,1640,1,2,1,1.0,1.0,94028,M,,,94
201700044322,17,4,6,2245,5,2,1,1.0,6.0,94028,M,,,94
201700044323,17,4,5,1300,1,2,1,1.0,3.0,94028,M,,,94
201700044324,17,4,7,1835,1,2,1,1.0,3.0,94011,M,,,94
201700044325,17,4,7,1800,1,2,1,1.0,6.0,94028,M,,,94
201700044326,17,4,7,2010,2,2,1,1.0,3.0,94028,M,,,94
201700044327,17,4,8,1250,1,2,1,1.0,2.0,94028,M,4877260.0,243355.0,94
201700044328,17,4,9,2140,5,2,1,1.0,6.0,94028,M,,,94
201700044329,17,4,12,1750,1,2,1,1.0,6.0,94028,M,,,94
201700044330,17,4,13,1720,1,2,2,1.0,3.0,94028,M,4878020.0,243770.0,94
201700044331,17,4,18,1505,1,2,1,1.0,2.0,94011,M,,,94
201700044332,17,4,19,820,1,2,1,1.0,6.0,94011,M,,,94
201700044333,17,4,23,1656,1,2,1,1.0,5.0,94011,M,,,94
201700044334,17,4,24,1250,1,2,1,1.0,6.0,94028,M,,,94
201700044335,17,4,24,1030,1,2,2,1.0,3.0,94028,M,,,94
201700044336,17,4,25,1645,1,2,6,1.0,6.0,94028,M,4877430.0,243970.0,94
201700044337,17,4,28,645,2,2,1,1.0,3.0,94011,M,,,94
201700044338,17,4,28,1140,1,2,1,2.0,6.0,94028,M,,,94
201700044339,17,4,28,900,1,1,1,3.0,2.0,94011,M,,,94
201700044340,17,5,2,1020,1,2,1,1.0,2.0,94028,M,,,94
201700044341,17,5,2,1715,1,2,1,1.0,2.0,94028,M,,,94
201700044342,17,4,30,1455,1,2,1,1.0,1.0,94028,M,,,94
201700044343,17,5,2,1440,1,2,1,1.0,2.0,94028,M,,,94
201700044344,17,5,4,600,2,2,6,1.0,7.0,94011,M,,,94
201700044345,17,5,4,1220,1,2,3,1.0,6.0,94028,M,,,94
201700044346,17,5,9,940,1,2,1,1.0,3.0,94028,M,,,94
201700044347,17,5,12,2240,5,2,1,1.0,3.0,94028,M,,,94
201700044348,17,5,18,1920,1,2,1,1.0,2.0,94028,M,,,94
201700044349,17,5,10,1405,1,2,1,1.0,2.0,94011,M,,,94
201700044350,17,5,25,1925,1,2,1,1.0,6.0,94028,M,,,94
201700044351,17,5,25,1600,1,2,1,1.0,3.0,94011,M,,,94
201700044352,17,5,24,1910,1,2,3,1.0,6.0,94028,M,,,94
201700044353,17,5,26,2300,1,2,1,1.0,7.0,94011,M,,,94
201700044354,17,5,29,1840,1,2,1,1.0,6.0,94028,M,,,94
201700044355,17,5,29,1645,1,2,1,1.0,6.0,94011,M,,,94
201700044356,17,5,30,1545,1,2,1,1.0,2.0,94028,M,,,94
201700044357,17,6,1,1440,1,2,6,1.0,2.0,94028,M,4877460.0,243890.0,94
201700044358,17,6,8,2045,2,2,1,1.0,2.0,94028,M,4876903.0,245695.0,94
201700044359,17,6,9,1923,1,2,1,7.0,6.0,94028,M,4877409.0,246401.0,94
201700044360,17,6,13,740,1,2,1,1.0,2.0,94028,M,4880181.0,244867.0,94
201700044361,17,6,13,855,1,2,1,1.0,2.0,94028,M,4879339.0,246076.0,94
201700044362,17,6,11,2010,1,2,2,1.0,2.0,94011,M,4876682.0,248431.0,94
201700044363,17,6,15,830,1,2,6,1.0,6.0,94011,M,4880104.0,245324.0,94
201700044364,17,6,15,1040,1,1,1,1.0,2.0,94028,M,4879167.0,244794.0,94
201700044365,17,6,12,1945,1,2,3,1.0,3.0,94028,M,4877651.0,245705.0,94
201700044366,17,6,15,1755,1,2,3,1.0,6.0,94028,M,4878544.0,245307.0,94
201700044367,17,6,16,1150,1,2,1,1.0,4.0,94028,M,4877195.0,243994.0,94
201700044368,17,6,15,2055,1,2,1,1.0,3.0,94028,M,4876761.0,246771.0,94
201700044369,17,6,16,1420,1,2,1,1.0,7.0,94011,M,4877348.0,249202.0,94
201700044370,17,6,16,1610,1,2,1,1.0,4.0,94028,M,4879957.0,244808.0,94
201700044371,17,7,4,1230,1,2,1,1.0,6.0,94028,M,4878311.0,244678.0,94
201700044372,17,6,20,1525,1,2,6,1.0,3.0,94011,M,4876320.0,247886.0,94
201700044373,17,6,22,2020,2,2,1,1.0,3.0,94011,M,4877848.0,247742.0,94
201700044374,17,6,23,1745,1,2,1,1.0,2.0,94028,M,4877253.0,243978.0,94
201700044375,17,6,23,1810,1,2,1,1.0,1.0,94011,M,4877379.0,248126.0,94
201700044376,17,6,24,715,1,2,1,1.0,2.0,94028,M,4877942.0,243805.0,94
201700044377,17,6,24,1735,1,2,3,1.0,1.0,94011,M,4877459.0,247906.0,94
201700044378,17,6,26,655,1,2,3,1.0,3.0,94028,M,4879272.0,245924.0,94
201700044379,17,6,27,840,1,2,1,1.0,3.0,94028,M,4879488.0,246255.0,94
201700044380,17,6,27,1520,1,2,1,1.0,6.0,94011,M,4877086.0,248117.0,94
201700044381,17,6,30,820,1,2,1,2.0,2.0,94028,M,4876857.0,247369.0,94
201700044382,17,6,30,1625,1,2,2,2.0,3.0,94011,M,4876668.0,248451.0,94
201700044383,17,7,4,1521,1,2,1,1.0,2.0,94028,M,4878330.0,245235.0,94
201700044384,17,7,5,730,1,2,1,1.0,7.0,94028,M,4877208.0,243989.0,94
201700044385,17,7,6,1955,1,2,1,1.0,6.0,94011,M,4880230.0,245647.0,94
201700044386,17,7,11,1235,1,2,3,1.0,3.0,94028,M,4877400.0,246910.0,94
201700044387,17,7,13,1600,1,2,6,1.0,6.0,94028,M,4877392.0,243923.0,94
201700044388,17,7,14,1050,1,2,1,1.0,6.0,94028,M,4879398.0,246426.0,94
201700044389,17,7,18,1336,1,2,2,1.0,3.0,94011,M,4877387.0,248655.0,94
201700044390,17,7,18,1330,1,2,3,1.0,3.0,94028,M,4879738.0,246409.0,94
201700044391,17,7,20,1730,1,2,1,1.0,2.0,94028,M,4878701.0,244154.0,94
201700044392,17,7,24,1200,1,2,1,1.0,3.0,94011,M,4877080.0,249239.0,94
201700044393,17,8,1,104,5,2,1,2.0,6.0,94028,M,4878231.0,245795.0,94
201700044394,17,8,1,1450,1,2,6,1.0,2.0,94028,M,4878750.0,244667.0,94
201700044395,17,8,12,1320,1,2,6,1.0,3.0,94028,M,4877478.0,243935.0,94
201700044396,17,8,13,1600,1,2,1,1.0,3.0,94028,M,4879695.0,245716.0,94
201700044397,17,8,18,620,2,2,9,2.0,5.0,94028,M,4878139.0,244140.0,94
201700044398,17,8,18,1240,1,2,1,2.0,1.0,94028,M,,,94
201700044399,17,8,20,1400,1,2,2,1.0,3.0,94028,M,4877248.0,243993.0,94
201700044400,17,8,25,1400,1,2,2,8.0,3.0,94028,M,4877787.0,246559.0,94
201700044401,17,8,26,1910,1,2,6,1.0,3.0,94028,M,4877478.0,243937.0,94
201700044402,17,8,28,825,1,2,6,1.0,3.0,94028,M,4877474.0,243963.0,94
201700044403,17,8,31,1754,1,2,1,1.0,4.0,94011,M,4876250.0,247797.0,94
201700044404,17,9,5,1140,1,2,3,1.0,1.0,94028,M,4878378.0,245963.0,94
201700044405,17,9,5,2120,5,2,2,1.0,3.0,94011,M,4876859.0,248845.0,94
201700044406,17,9,6,830,1,2,6,1.0,3.0,94028,M,4877403.0,243913.0,94
201700044407,17,9,15,1345,1,2,1,1.0,4.0,94028,M,4879106.0,246464.0,94
201700044408,17,9,20,940,1,2,1,1.0,3.0,94028,M,4879106.0,244240.0,94
201700044409,17,9,21,750,1,2,1,1.0,3.0,94028,M,4877900.0,-244300.0,94
201700044410,17,9,21,1405,1,2,1,1.0,6.0,94028,M,4877316.0,243498.0,94
201700044411,17,9,22,1700,1,2,1,1.0,7.0,94011,M,4878310.0,250342.0,94
201700044412,17,9,23,1542,1,2,3,1.0,3.0,94028,M,4878566.0,244941.0,94
201700044413,17,9,24,1950,2,2,1,1.0,2.0,94011,M,4877311.0,249443.0,94
201700044414,17,9,28,1200,1,2,1,1.0,6.0,94011,M,4877132.0,248719.0,94
201700044415,17,9,28,1405,1,2,1,2.0,6.0,94028,M,4879065.0,245271.0,94
201700044416,17,9,29,1835,1,2,1,1.0,1.0,94028,M,4877927.0,245220.0,94
201700044417,17,9,29,2315,5,2,1,2.0,2.0,94028,M,4878644.0,244973.0,94
201700044418,17,9,30,1445,1,2,1,1.0,6.0,94028,M,,,94
201700044419,17,10,2,1420,1,2,4,1.0,1.0,94028,M,4879268.0,246294.0,94
201700044420,17,10,4,1315,1,2,1,1.0,2.0,94011,M,4875848.0,248159.0,94
201700044421,17,10,4,1800,1,1,1,1.0,6.0,94028,M,4878169.0,243667.0,94
201700044422,17,10,6,2015,5,2,7,1.0,3.0,94011,M,4876671.0,248451.0,94
201700044423,17,10,6,2030,5,2,3,1.0,6.0,94028,M,4878147.0,246419.0,94
201700044424,17,10,13,1646,1,2,9,1.0,3.0,94028,M,4879636.0,246791.0,94
201700044425,17,10,18,1100,1,2,2,1.0,2.0,94028,M,4879490.0,245983.0,94
201700044426,17,10,18,1800,1,2,3,1.0,3.0,94028,M,4877845.0,246643.0,94
201700044427,17,10,20,820,1,2,7,1.0,6.0,94028,M,4879260.0,246134.0,94
201700044428,17,10,20,1700,1,2,1,1.0,6.0,94011,M,4879492.0,245977.0,94
201700044429,17,10,21,1510,1,2,1,1.0,2.0,94028,M,4877817.0,244243.0,94
201700044430,17,10,23,1704,1,2,1,2.0,2.0,94028,M,4877816.0,244236.0,94
201700044431,17,10,23,2015,5,2,1,2.0,2.0,94028,M,4879653.0,245749.0,94
201700044432,17,10,24,1515,1,2,9,8.0,2.0,94028,M,4879154.0,244766.0,94
201700044433,17,10,29,1600,1,2,1,8.0,4.0,94028,M,4879150.0,244780.0,94
201700044434,17,11,1,1548,1,2,6,1.0,6.0,94028,M,,,94
201700044435,17,11,5,1140,1,2,1,1.0,2.0,94028,M,,,94
201700044436,17,11,6,1025,1,2,1,1.0,4.0,94028,M,,,94
201700044437,17,11,8,1600,1,2,1,1.0,6.0,94028,M,,,94
201700044438,17,11,10,1930,5,2,2,2.0,6.0,94028,M,,,94
201700044439,17,11,12,1841,5,2,1,8.0,6.0,94028,M,4876939.0,246543.0,94
201700044440,17,11,17,945,1,2,3,2.0,3.0,94028,M,,,94
201700044441,17,11,17,1745,5,2,1,1.0,6.0,94028,M,,,94
201700044442,17,11,17,1720,5,1,1,1.0,6.0,94028,M,,,94
201700044443,17,11,19,1035,1,2,1,1.0,2.0,94028,M,4877748.0,243861.0,94
201700044444,17,11,21,900,1,2,1,8.0,4.0,94028,M,,,94
201700044445,17,11,22,1300,1,2,1,1.0,3.0,94028,M,,,94
201700044446,17,11,25,1250,1,2,1,2.0,3.0,94028,M,,,94
201700044447,17,11,27,1910,2,2,1,2.0,6.0,94028,M,,,94
201700044448,17,11,28,1825,5,2,1,2.0,7.0,94028,M,,,94
201700044449,17,11,29,920,1,2,1,1.0,6.0,94028,M,4879173.0,246171.0,94
201700044450,17,11,30,1100,1,2,1,1.0,2.0,94028,M,4879227.0,245777.0,94
201700044451,17,12,1,1748,5,2,9,1.0,6.0,94011,M,4876693.0,247818.0,94
201700044452,17,12,5,410,5,2,1,1.0,2.0,94028,M,4877259.0,243978.0,94
201700044453,17,12,5,1630,1,2,1,8.0,3.0,94028,M,4879000.0,246000.0,94
201700044454,17,12,5,1800,5,2,6,1.0,6.0,94028,M,4878469.0,243666.0,94
201700044455,17,11,23,2145,5,2,1,1.0,4.0,94028,M,,,94
201700044456,17,11,25,1830,1,2,9,1.0,3.0,94028,M,,,94
201700044457,17,12,8,1310,1,2,1,2.0,2.0,94011,M,4875804.0,248201.0,94
201700044458,17,12,8,2045,5,2,1,2.0,6.0,94011,M,4876919.0,248162.0,94
201700044459,17,12,12,840,1,2,1,1.0,6.0,94028,M,4877485.0,243977.0,94
201700044460,17,12,14,1745,5,2,3,2.0,6.0,94028,M,4877994.0,246229.0,94
201700044461,17,12,18,1600,1,2,1,1.0,3.0,94028,M,4879473.0,246389.0,94
201700044462,17,12,19,1740,5,2,1,1.0,3.0,94028,M,4879632.0,245778.0,94
201700044463,17,12,19,1830,5,2,1,1.0,6.0,94028,M,4879765.0,245330.0,94
201700044464,17,12,23,1800,5,2,9,1.0,1.0,94028,M,4878300.0,246404.0,94
201700044465,17,12,26,755,5,2,3,1.0,2.0,94028,M,4879956.0,246845.0,94
201700044466,17,12,26,1610,5,2,1,2.0,3.0,94028,M,4878089.0,245690.0,94
201700044467,17,12,28,1040,1,2,1,1.0,3.0,94028,M,4879854.0,245029.0,94
201700044468,17,12,28,1115,1,2,3,1.0,2.0,94028,M,4879242.0,245804.0,94
201700044469,17,12,30,1820,5,2,1,8.0,4.0,94011,M,4876215.0,247940.0,94
201700044470,17,12,30,1940,5,2,1,2.0,6.0,94028,M,4876823.0,246553.0,94
201700044471,17,6,14,1937,1,2,3,1.0,5.0,94028,M,4879772.0,245611.0,94
201700044472,17,1,2,1700,2,2,1,5.0,6.0,94033,M,,,94
201700044473,17,1,6,745,2,2,3,1.0,6.0,94033,M,,,94
201700044474,17,1,16,2240,5,2,2,1.0,1.0,94033,M,,,94
201700044475,17,1,27,1925,5,2,6,1.0,6.0,94033,M,,,94
201700044476,17,1,29,555,5,2,2,2.0,3.0,94033,M,,,94
201700044477,17,2,19,1800,5,2,1,1.0,3.0,94033,M,,,94
201700044478,17,3,1,1725,1,2,1,3.0,3.0,94033,M,,,94
201700044479,17,3,8,1825,2,2,1,2.0,6.0,94033,M,,,94
201700044480,17,3,14,2110,5,2,9,1.0,4.0,94033,M,,,94
201700044481,17,3,15,915,1,2,1,1.0,3.0,94033,M,,,94
201700044482,17,3,28,2335,5,2,1,1.0,2.0,94033,M,,,94
201700044483,17,4,1,1425,1,2,6,1.0,3.0,94033,M,,,94
201700044484,17,4,9,1635,1,2,2,1.0,3.0,94033,M,,,94
201700044485,17,4,20,1850,1,2,1,1.0,6.0,94033,M,,,94
201700044486,17,4,26,850,1,2,3,7.0,5.0,94033,M,,,94
201700044487,17,4,28,2015,1,2,1,2.0,2.0,94033,M,,,94
201700044488,17,4,30,1415,1,2,9,1.0,3.0,94033,M,,,94
201700044489,17,5,4,755,1,2,1,8.0,6.0,94033,M,,,94
201700044490,17,5,6,1520,1,2,1,2.0,6.0,94033,M,,,94
201700044491,17,5,8,1730,1,2,1,1.0,6.0,94033,M,,,94
201700044492,17,5,9,820,1,2,1,1.0,3.0,94033,M,,,94
201700044493,17,5,13,1810,1,2,1,1.0,2.0,94033,M,,,94
201700044494,17,5,16,600,2,2,1,1.0,3.0,94033,M,,,94
201700044495,17,5,30,940,1,2,1,8.0,6.0,94033,M,,,94
201700044496,17,6,1,945,1,2,3,1.0,2.0,94033,M,4884897.0,247626.0,94
201700044497,17,6,7,750,1,2,2,1.0,2.0,94033,M,4884702.0,248475.0,94
201700044498,17,6,23,900,1,2,1,1.0,2.0,94033,M,4885736.0,249151.0,94
201700044499,17,12,12,1230,1,2,1,1.0,6.0,94033,M,4885752.0,247732.0,94
201700044500,17,12,21,1750,2,2,2,2.0,6.0,94033,M,4884997.0,247419.0,94
201700044501,17,6,23,1710,1,2,5,1.0,6.0,94033,M,4885257.0,246569.0,94
201700044502,17,6,26,850,1,2,6,1.0,3.0,94033,M,4885257.0,249047.0,94
201700044503,17,6,29,1540,1,2,6,3.0,2.0,94033,M,4885240.0,249070.0,94
201700044504,17,7,3,10,5,2,4,1.0,3.0,94033,M,4885574.0,245770.0,94
201700044505,17,7,7,945,1,2,9,1.0,3.0,94033,M,4885293.0,249091.0,94
201700044506,17,7,25,1815,1,2,2,1.0,6.0,94033,M,4885227.0,245656.0,94
201700044507,17,7,28,1620,1,2,1,1.0,6.0,94033,M,4884831.0,247810.0,94
201700044508,17,8,1,1520,1,2,3,1.0,3.0,94033,M,4885400.0,247349.0,94