Num_Acc,an,mois,jour,hrmn,lum,agg,int,atm,col,com,gps,lat,long,dep
201700044509,17,9,9,2020,2,2,1,1.0,2.0,94033,M,4885329.0,249341.0,94
201700044510,17,9,11,1910,2,2,1,1.0,6.0,94033,M,4885000.0,248000.0,94
201700044511,17,9,14,1835,1,2,1,1.0,2.0,94033,M,,,94
201700044512,17,9,20,1400,1,2,3,1.0,1.0,94033,M,4884565.0,248671.0,94
201700044513,17,9,22,1915,1,2,1,1.0,7.0,94033,M,4885963.0,249065.0,94
201700044514,17,9,25,2135,5,2,1,1.0,7.0,94033,M,4885700.0,249100.0,94
201700044515,17,10,5,919,1,2,3,8.0,3.0,94033,M,4885949.0,249062.0,94
201700044516,17,10,5,1445,1,2,1,1.0,6.0,94033,M,4885121.0,248600.0,94
201700044517,17,10,6,1710,1,2,1,1.0,5.0,94033,M,4884907.0,245931.0,94
201700044518,17,10,17,1512,1,2,1,1.0,3.0,94033,M,4885730.0,249140.0,94
201700044519,17,10,19,325,5,2,9,1.0,3.0,94033,M,4885397.0,249344.0,94
201700044520,17,10,30,1045,1,2,1,1.0,3.0,94033,M,4885330.0,249175.0,94
201700044521,17,10,31,2015,5,2,1,1.0,6.0,94033,M,,,94
201700044522,17,11,7,2240,5,2,9,1.0,3.0,94033,M,,,94
201700044523,17,11,12,1935,4,2,1,1.0,6.0,94033,M,,,94
201700044524,17,11,15,2230,5,2,1,1.0,4.0,94033,M,,,94
201700044525,17,11,17,920,1,2,1,2.0,4.0,94033,M,,,94
201700044526,17,11,29,925,1,2,2,8.0,1.0,94033,M,,,94
201700044527,17,11,28,2315,5,2,3,1.0,3.0,94033,M,4885101.0,249313.0,94
201700044528,17,11,30,1240,1,2,1,1.0,3.0,94033,M,,,94
201700044529,17,1,3,1900,5,2,1,1.0,7.0,94076,M,,,94
201700044530,17,1,7,2255,5,2,1,2.0,6.0,94003,M,,,94
201700044531,17,1,11,805,2,2,1,2.0,2.0,94003,M,,,94
201700044532,17,1,12,930,1,2,1,2.0,7.0,94076,M,,,94
201700044533,17,1,12,2250,5,2,2,6.0,3.0,94076,M,,,94
201700044534,17,1,13,1425,1,2,1,2.0,1.0,94076,M,,,94
201700044535,17,1,13,1800,5,2,1,2.0,3.0,94043,M,,,94
201700044536,17,1,17,835,1,2,9,9.0,7.0,94043,M,,,94
201700044537,17,1,20,850,1,2,1,1.0,7.0,94043,M,,,94
201700044538,17,1,23,911,1,2,1,1.0,6.0,94016,M,,,94
201700044539,17,1,23,1005,1,2,6,1.0,7.0,94076,M,,,94
201700044540,17,1,23,1335,1,2,1,1.0,3.0,94076,M,,,94
201700044541,17,1,25,1020,1,2,2,1.0,7.0,94003,M,,,94
201700044542,17,1,25,2150,5,2,1,1.0,7.0,94076,M,,,94
201700044543,17,1,26,1825,5,2,1,1.0,1.0,94003,M,,,94
201700044544,17,1,28,1735,1,2,2,1.0,7.0,94037,M,,,94
201700044545,17,2,6,300,5,2,1,2.0,3.0,94043,M,,,94
201700044546,17,2,6,745,2,2,1,8.0,5.0,94003,M,,,94
201700044547,17,2,7,750,2,2,1,2.0,7.0,94043,M,,,94
201700044548,17,2,11,1425,1,2,3,8.0,2.0,94076,M,,,94
201700044549,17,2,12,2140,5,2,2,1.0,1.0,94076,M,,,94
201700044550,17,2,16,945,1,2,1,2.0,3.0,94003,M,,,94
201700044551,17,2,16,1430,1,2,2,8.0,6.0,94076,M,,,94
201700044552,17,2,16,1810,5,2,1,3.0,3.0,94003,M,,,94
201700044553,17,2,18,1120,1,2,1,1.0,3.0,94043,M,,,94
201700044554,17,2,19,1205,1,2,4,1.0,3.0,94003,M,,,94
201700044555,17,2,21,1338,1,2,1,1.0,7.0,94003,M,,,94
201700044556,17,2,24,2305,5,2,1,1.0,3.0,94076,M,,,94
201700044557,17,2,28,815,1,2,3,1.0,3.0,94016,M,,,94
201700044558,17,2,28,1810,2,2,1,1.0,7.0,94076,M,,,94
201700044559,17,3,1,1445,1,2,2,2.0,7.0,94076,M,,,94
201700044560,17,3,2,1630,1,2,3,1.0,3.0,94016,M,,,94
201700044561,17,3,2,1645,1,2,1,1.0,7.0,94076,M,,,94
201700044562,17,3,3,1025,1,2,1,1.0,5.0,94003,M,,,94
201700044563,17,3,7,1045,1,2,1,1.0,7.0,94016,M,,,94
201700044564,17,3,7,1740,1,2,1,1.0,3.0,94076,M,,,94
201700044565,17,3,9,1030,1,2,1,1.0,7.0,94076,M,,,94
201700044566,17,3,9,1830,2,2,1,8.0,3.0,94016,M,,,94
201700044567,17,3,14,1445,1,2,2,1.0,3.0,94043,M,,,94
201700044568,17,3,14,1810,1,2,1,1.0,2.0,94016,M,,,94
201700044569,17,3,16,1530,1,2,1,1.0,1.0,94037,M,,,94
201700044570,17,3,18,620,2,2,1,1.0,3.0,94016,M,,,94
201700044571,17,3,19,630,5,2,1,1.0,2.0,94043,M,,,94
201700044572,17,3,23,1900,5,2,1,3.0,7.0,94016,M,,,94
201700044573,17,3,26,745,1,2,1,1.0,1.0,94076,M,,,94
201700044574,17,3,27,1520,1,2,1,1.0,3.0,94043,M,,,94
201700044575,17,3,28,1915,1,1,1,1.0,2.0,94076,M,,,94
201700044576,17,3,29,1050,1,2,9,1.0,3.0,94076,M,,,94
201700044577,17,3,30,107,5,2,1,1.0,3.0,94043,M,,,94
201700044578,17,4,2,1640,1,2,1,1.0,7.0,94016,M,,,94
201700044579,17,4,3,1850,1,2,1,1.0,6.0,94016,M,,,94
201700044580,17,4,4,1930,2,2,1,1.0,1.0,94016,M,,,94
201700044581,17,4,15,1400,1,2,1,1.0,5.0,94043,M,,,94
201700044582,17,4,5,1745,1,2,2,1.0,6.0,94016,M,,,94
201700044583,17,4,7,735,1,2,2,1.0,3.0,94037,M,,,94
201700044584,17,4,9,130,5,2,2,1.0,3.0,94076,M,,,94
201700044585,17,4,10,1625,1,2,1,1.0,1.0,94076,M,,,94
201700044586,17,4,11,1335,1,2,1,1.0,4.0,94003,M,,,94
201700044587,17,4,12,1900,1,2,1,1.0,1.0,94076,M,,,94
201700044588,17,4,20,1215,1,2,1,1.0,1.0,94016,M,,,94
201700044589,17,4,24,710,1,2,1,1.0,3.0,94076,M,,,94
201700044590,17,4,25,955,1,2,1,2.0,3.0,94043,M,,,94
201700044591,17,4,27,1506,1,2,2,2.0,3.0,94076,M,,,94
201700044592,17,4,30,200,5,2,2,1.0,3.0,94076,M,,,94
201700044593,17,4,30,1600,1,2,1,1.0,6.0,94043,M,,,94
201700044594,17,5,2,1600,1,2,1,1.0,6.0,94016,M,,,94
201700044595,17,5,3,1500,1,2,2,2.0,3.0,94076,M,,,94
201700044596,17,5,3,1500,1,2,1,1.0,2.0,94076,M,,,94
201700044597,17,5,6,1350,1,2,8,2.0,6.0,94037,M,,,94
201700044598,17,5,7,1615,1,2,1,2.0,4.0,94003,M,,,94
201700044599,17,5,8,1744,2,2,1,8.0,1.0,94016,M,,,94
201700044600,17,5,9,1300,1,2,1,1.0,7.0,94003,M,,,94
201700044601,17,5,9,1630,1,2,9,1.0,7.0,94043,M,,,94
201700044602,17,5,13,1430,1,2,1,1.0,1.0,94016,M,,,94
201700044603,17,5,14,1920,1,2,1,1.0,1.0,94016,M,,,94
201700044604,17,5,16,820,1,2,1,1.0,6.0,94003,M,,,94
201700044605,17,5,16,1710,1,2,1,1.0,4.0,94076,M,,,94
201700044606,17,5,19,1825,1,1,9,1.0,3.0,94076,M,,,94
201700044607,17,5,20,1540,1,2,1,1.0,7.0,94076,M,,,94
201700044608,17,5,21,110,5,2,9,1.0,6.0,94016,M,,,94
201700044609,17,5,21,2100,2,2,1,1.0,3.0,94043,M,,,94
201700044610,17,5,22,1855,1,2,1,1.0,7.0,94043,M,,,94
201700044611,17,5,23,1745,1,2,1,1.0,7.0,94003,M,,,94
201700044612,17,5,24,1727,1,2,3,1.0,3.0,94003,M,,,94
201700044613,17,5,29,2350,5,2,2,1.0,7.0,94043,M,,,94
201700044614,17,5,31,1500,1,2,1,1.0,3.0,94076,M,,,94
201700044615,17,8,1,1350,1,2,1,1.0,6.0,94037,M,4881328.0,235174.0,94
201700044616,17,8,2,1350,1,2,1,1.0,3.0,94043,M,4881582.0,236059.0,94
201700044617,17,8,4,1535,1,2,1,1.0,3.0,94016,M,4880000.0,232359.0,94
201700044618,17,8,7,710,1,2,1,1.0,3.0,94037,M,4881664.0,235494.0,94
201700044619,17,8,7,1750,1,2,3,1.0,3.0,94076,M,4880518.0,235944.0,94
201700044620,17,8,15,550,5,2,2,2.0,3.0,94003,M,4880711.0,-233593.0,94
201700044621,17,8,15,640,5,2,2,1.0,3.0,94037,M,4881359.0,235063.0,94
201700044622,17,8,20,1220,1,2,1,1.0,7.0,94076,M,4877993.0,236747.0,94
201700044623,17,8,22,1540,1,2,1,1.0,5.0,94076,M,4879245.0,236935.0,94
201700044624,17,8,26,1650,1,2,1,1.0,6.0,94076,M,4878457.0,236630.0,94
201700044625,17,8,29,1220,1,2,9,1.0,6.0,94076,M,4878184.0,236820.0,94
201700044626,17,8,29,1735,1,2,1,1.0,7.0,94003,M,4880423.0,233842.0,94
201700044627,17,8,30,2030,5,2,1,1.0,2.0,94076,M,4879298.0,233795.0,94
201700044628,17,9,3,1900,1,2,1,1.0,6.0,94076,M,4881664.0,235494.0,94
201700044629,17,9,4,1920,1,2,2,1.0,3.0,94076,M,4879595.0,236854.0,94
201700044630,17,9,5,2100,5,2,1,1.0,2.0,94076,M,4878940.0,236840.0,94
201700044631,17,9,8,1545,1,2,1,1.0,2.0,94003,M,4880941.0,232724.0,94
201700044632,17,9,10,645,5,2,1,1.0,6.0,94003,M,4880574.0,-233887.0,94
201700044633,17,9,12,1530,1,2,1,8.0,7.0,94076,M,4880159.0,235585.0,94
201700044634,17,9,13,900,1,2,1,8.0,7.0,94076,M,4878156.0,236225.0,94
201700044635,17,9,14,715,1,2,3,2.0,3.0,94037,M,,,94
201700044636,17,9,15,1745,1,2,3,1.0,6.0,94076,M,4879151.0,235365.0,94
201700044637,17,9,19,1015,1,2,1,2.0,3.0,94003,M,4879962.0,233292.0,94
201700044638,17,9,19,1130,1,2,2,1.0,3.0,94003,M,4881054.0,233030.0,94
201700044639,17,9,20,2300,5,2,1,1.0,7.0,94076,M,4880362.0,236283.0,94
201700044640,17,9,24,1845,1,2,7,1.0,3.0,94076,M,4879675.0,235494.0,94
201700044641,17,9,25,740,2,1,1,1.0,4.0,94003,M,4880806.0,232635.0,94
201700044642,17,9,25,930,1,2,1,8.0,5.0,94003,M,4880813.0,-232638.0,94
201700044643,17,9,25,1248,1,2,1,1.0,3.0,94076,M,4878473.0,236716.0,94
201700044644,17,9,26,1530,1,2,1,1.0,2.0,94043,M,,,94
201700044645,17,9,26,1810,1,2,1,1.0,1.0,94016,M,4879676.0,234121.0,94
201700044646,17,9,27,1500,1,2,1,1.0,3.0,94076,M,4878803.0,235731.0,94
201700044647,17,9,27,2010,5,2,1,1.0,6.0,94043,M,4879863.0,232658.0,94
201700044648,17,9,29,950,1,2,1,1.0,7.0,94076,M,4879568.0,235494.0,94
201700044649,17,9,29,850,1,2,1,1.0,7.0,94003,M,4886272.0,228759.0,94
201700044650,17,9,29,1300,1,2,2,1.0,7.0,94003,M,4880456.0,233346.0,94
201700044651,17,9,29,1600,1,2,1,1.0,3.0,94016,M,4878556.0,234177.0,94
201700044652,17,10,2,812,2,2,1,1.0,2.0,94003,M,4879947.0,234370.0,94
201700044653,17,10,4,1140,1,2,1,1.0,7.0,94076,M,4878042.0,237010.0,94
201700044654,17,10,4,1341,1,2,2,1.0,7.0,94076,M,4879096.0,236902.0,94
201700044655,17,10,4,1500,1,2,1,1.0,7.0,94003,M,4879675.0,236902.0,94
201700044656,17,10,6,800,2,2,3,1.0,3.0,94016,M,4879275.0,234398.0,94
201700044657,17,10,11,1600,1,2,1,1.0,3.0,94016,M,4879772.0,233354.0,94
201700044658,17,10,15,1130,1,2,1,1.0,6.0,94076,M,4878025.0,236450.0,94
201700044659,17,10,15,2040,5,2,1,1.0,3.0,94043,M,4881111.0,236197.0,94
201700044660,17,10,16,930,1,2,9,1.0,2.0,94016,M,4879334.0,233366.0,94
201700044661,17,10,16,1600,1,2,1,1.0,2.0,94076,M,4878030.0,235454.0,94
201700044662,17,10,17,1235,1,2,1,1.0,6.0,94037,M,,,94
201700044663,17,10,18,1350,1,2,1,1.0,3.0,94016,M,4878810.0,231892.0,94
201700044664,17,10,18,1430,1,2,1,1.0,6.0,94016,M,4878342.0,232786.0,94
201700044665,17,10,18,1630,1,2,1,1.0,6.0,94037,M,4881412.0,234605.0,94
201700044666,17,10,19,405,5,2,3,1.0,3.0,94076,M,4878295.0,235457.0,94
201700044667,17,10,19,1225,1,2,1,1.0,3.0,94043,M,4881454.0,236157.0,94
201700044668,17,10,20,1930,2,2,1,1.0,6.0,94043,M,4880843.0,236300.0,94
201700044669,17,10,21,815,1,2,1,2.0,6.0,94076,M,4878864.0,237238.0,94
201700044670,17,10,21,1730,1,2,1,2.0,6.0,94076,M,4879208.0,235362.0,94
201700044671,17,10,24,1740,1,2,1,1.0,5.0,94016,M,4878798.0,233376.0,94
201700044672,17,10,24,2010,5,2,1,1.0,3.0,94003,M,4879729.0,232250.0,94
201700044673,17,10,25,1700,1,2,2,1.0,3.0,94043,M,4881450.0,360200.0,94
201700044674,17,10,25,1840,2,2,1,1.0,2.0,94003,M,4880000.0,234100.0,94
201700044675,17,10,27,2040,5,2,9,1.0,3.0,94037,M,,,94
201700044676,17,10,29,645,5,1,1,1.0,3.0,94043,M,4880774.0,235637.0,94
201700044677,17,11,2,1316,1,2,3,1.0,1.0,94037,M,,,94
201700044678,17,11,2,1510,1,2,1,1.0,7.0,94037,M,,,94
201700044679,17,11,3,1850,5,2,8,1.0,3.0,94037,M,,,94
201700044680,17,11,6,1600,1,2,1,1.0,7.0,94037,M,,,94
201700044681,17,11,9,1815,4,2,1,1.0,6.0,94037,M,,,94
201700044682,17,11,10,1700,5,2,1,1.0,7.0,94037,M,,,94
201700044683,17,11,10,1820,5,2,9,1.0,7.0,94037,M,,,94
201700044684,17,11,14,1526,1,2,1,1.0,7.0,94037,M,,,94
201700044685,17,11,16,1407,1,2,1,1.0,7.0,94037,M,,,94
201700044686,17,11,17,45,5,2,3,1.0,3.0,94037,M,,,94
201700044687,17,11,19,1920,5,2,1,1.0,7.0,94037,M,,,94
201700044688,17,11,22,1736,2,2,1,1.0,1.0,94037,M,,,94
201700044689,17,11,24,815,5,2,1,2.0,7.0,94037,M,,,94
201700044690,17,11,24,1455,1,2,3,1.0,3.0,94037,M,,,94
201700044691,17,11,27,2230,5,2,2,2.0,3.0,94037,M,,,94
201700044692,17,11,28,1750,5,2,1,2.0,3.0,94037,M,,,94
201700044693,17,11,29,1720,2,2,1,2.0,7.0,94037,M,,,94
201700044694,17,11,30,630,5,2,1,1.0,3.0,94037,M,,,94
201700044695,17,11,30,1,5,2,3,1.0,3.0,94037,M,,,94
201700044696,17,11,30,1155,1,2,1,4.0,2.0,94037,M,,,94
201700044697,17,12,4,1210,1,2,2,1.0,1.0,94076,M,4879213.0,236117.0,94
201700044698,17,12,6,1050,1,2,1,1.0,2.0,94016,M,4852461.0,234345.0,94
201700044699,17,12,7,1630,5,2,1,2.0,7.0,94003,M,4880080.0,234259.0,94
201700044700,17,12,8,740,5,2,1,2.0,7.0,94076,M,4880877.0,236376.0,94
201700044701,17,12,8,2343,5,2,1,4.0,6.0,94076,M,4879530.0,236715.0,94
201700044702,17,12,10,2100,5,2,2,8.0,3.0,94076,M,4880410.0,236407.0,94
201700044703,17,12,11,1830,5,2,1,1.0,2.0,94076,M,4880153.0,235581.0,94
201700044704,17,12,19,1630,2,2,1,1.0,2.0,94043,M,4881000.0,236370.0,94
201700044705,17,12,19,1730,5,2,1,1.0,2.0,94076,M,4880371.0,235918.0,94
201700044706,17,12,21,1750,5,2,2,2.0,3.0,94037,M,4881642.0,233878.0,94
201700044707,17,12,21,1930,5,2,2,2.0,3.0,94076,M,4878867.0,236841.0,94
201700044708,17,12,25,606,5,2,9,2.0,6.0,94076,M,4880446.0,236393.0,94
201700044709,17,12,28,1610,1,2,1,1.0,7.0,94043,M,4880893.0,236672.0,94
201700044710,17,12,31,1915,5,2,1,1.0,6.0,94043,M,4881031.0,236310.0,94
201700044711,17,5,7,1555,1,2,1,1.0,2.0,94043,M,,,94
201700044712,17,6,11,1900,1,2,6,1.0,3.0,94065,M,4876014.0,235322.0,94
201700044713,17,6,12,740,1,2,6,1.0,3.0,94038,M,4877109.0,234993.0,94
201700044714,17,6,13,1450,1,2,1,1.0,6.0,94038,M,4877209.0,234381.0,94
201700044715,17,6,13,1645,1,2,1,1.0,2.0,94073,M,4875925.0,239569.0,94
201700044716,17,6,14,1700,1,1,1,1.0,3.0,94065,M,,,94
201700044717,17,6,16,2100,2,2,1,1.0,2.0,94034,M,4875861.0,233016.0,94
201700044718,17,6,20,825,1,1,1,1.0,5.0,94073,M,,,94
201700044719,17,6,20,1455,1,2,1,1.0,2.0,94073,M,4875580.0,236873.0,94
201700044720,17,6,21,1050,1,2,1,1.0,3.0,94038,M,4877773.0,233536.0,94
201700044721,17,6,26,1940,1,2,1,1.0,6.0,94073,M,4876863.0,236897.0,94
201700044722,17,6,28,1305,1,2,2,1.0,6.0,94073,M,4876520.0,239411.0,94
201700044723,17,7,2,1625,1,1,1,1.0,2.0,94065,M,4874938.0,235597.0,94
201700044724,17,7,2,1545,1,2,1,1.0,6.0,94065,M,4874760.0,234954.0,94
201700044725,17,7,5,1815,1,2,6,1.0,7.0,94021,M,4876887.0,236747.0,94
201700044726,17,7,5,2135,2,2,1,1.0,3.0,94021,M,4877465.0,236161.0,94
201700044727,17,7,8,1715,1,1,1,1.0,2.0,94073,M,,,94
201700044728,17,7,10,1445,1,2,1,8.0,3.0,94073,M,4876648.0,238668.0,94
201700044729,17,7,13,1255,1,1,1,1.0,3.0,94065,M,4875015.0,236497.0,94
201700044730,17,7,14,1310,1,2,7,1.0,3.0,94073,M,4875345.0,238694.0,94
201700044731,17,7,15,1940,1,2,2,1.0,2.0,94021,M,4876378.0,236818.0,94
201700044732,17,7,18,1950,1,2,1,1.0,6.0,94073,M,4876673.0,238950.0,94
201700044733,17,7,19,1305,1,2,6,1.0,7.0,94073,M,4875473.0,237396.0,94
201700044734,17,7,19,2105,2,2,2,1.0,3.0,94038,M,4876526.0,232984.0,94
201700044735,17,7,20,1015,1,2,4,8.0,6.0,94021,M,4876617.0,233562.0,94
201700044736,17,7,24,835,1,2,1,1.0,6.0,94073,M,4876320.0,239366.0,94
201700044737,17,7,25,1815,1,2,1,1.0,7.0,94073,M,4875925.0,239592.0,94
201700044738,17,7,26,1805,1,2,1,8.0,7.0,94073,M,,,94
201700044739,17,7,23,2200,5,1,1,3.0,7.0,94065,M,,,94
201700044740,17,7,28,1520,1,2,1,1.0,6.0,94073,M,4875221.0,237019.0,94
201700044741,17,7,31,1200,1,2,1,1.0,6.0,94038,M,4877557.0,235316.0,94
201700044742,17,8,3,1130,1,2,1,1.0,6.0,94034,M,,,94
201700044743,17,8,3,2135,5,2,1,1.0,7.0,94065,M,,,94
201700044744,17,8,4,1709,1,2,1,1.0,6.0,94065,M,,,94
201700044745,17,8,11,1430,1,2,3,1.0,6.0,94038,M,,,94
201700044746,17,8,18,820,1,2,1,2.0,3.0,94021,M,,,94
201700044747,17,8,20,1430,1,2,1,1.0,6.0,94034,M,,,94
201700044748,17,8,21,2105,5,2,3,2.0,6.0,94073,M,,,94
201700044749,17,8,22,1320,1,2,1,1.0,6.0,94073,M,,,94
201700044750,17,8,23,1620,1,2,3,1.0,7.0,94065,M,,,94
201700044751,17,8,23,2115,5,2,3,1.0,6.0,94034,M,,,94
201700044752,17,8,28,1250,1,2,1,1.0,6.0,94073,M,,,94
201700044753,17,8,28,1305,1,2,1,1.0,3.0,94021,M,,,94
201700044754,17,9,5,1420,1,2,1,8.0,3.0,94073,M,,,94
201700044755,17,9,5,1410,1,2,1,1.0,6.0,94073,M,,,94
201700044756,17,9,8,640,2,2,1,8.0,2.0,94021,M,4876320.0,234590.0,94
201700044757,17,9,11,1800,1,2,1,1.0,4.0,94073,M,,,94
201700044758,17,9,11,1840,1,2,3,1.0,6.0,94038,M,,,94
201700044759,17,9,13,900,1,2,1,2.0,7.0,94065,M,,,94
201700044760,17,9,13,1845,2,1,1,3.0,3.0,94073,M,,,94
201700044761,17,9,15,930,1,2,1,1.0,7.0,94021,M,,,94
201700044762,17,9,18,1545,1,2,1,2.0,6.0,94034,M,,,94
201700044763,17,9,21,1400,1,2,1,1.0,3.0,94038,M,,,94
201700044764,17,9,23,1400,1,2,1,1.0,2.0,94073,M,,,94
201700044765,17,9,25,1240,1,2,2,1.0,3.0,94073,M,,,94
201700044766,17,9,27,1225,1,2,1,1.0,6.0,94034,M,,,94
201700044767,17,9,29,1325,1,2,3,1.0,3.0,94065,M,,,94
201700044768,17,10,3,905,1,2,1,1.0,3.0,94073,M,,,94
201700044769,17,10,3,1505,1,1,1,1.0,6.0,94021,M,,,94
201700044770,17,10,3,1905,2,2,2,1.0,6.0,94073,M,,,94
201700044771,17,10,5,920,1,2,1,1.0,2.0,94073,M,,,94
201700044772,17,10,5,1255,1,2,2,1.0,3.0,94073,M,,,94
201700044773,17,10,6,2100,5,2,1,1.0,2.0,94073,M,,,94
201700044774,17,10,1,1425,1,2,6,2.0,2.0,94065,M,,,94
201700044775,17,10,10,220,3,1,1,2.0,2.0,94073,M,,,94
201700044776,17,10,11,926,1,2,1,8.0,3.0,94021,M,4877333.0,233960.0,94
201700044777,17,10,11,1310,1,2,3,1.0,3.0,94065,M,,,94
201700044778,17,10,11,1920,5,2,1,1.0,3.0,94034,M,,,94
201700044779,17,10,12,1500,1,2,6,1.0,3.0,94065,M,,,94
201700044780,17,10,16,1715,1,2,1,1.0,6.0,94038,M,4878112.0,233441.0,94
201700044781,17,10,17,1020,1,2,2,1.0,3.0,94065,M,,,94
201700044782,17,10,18,1505,1,1,1,1.0,6.0,94002,M,,,94
201700044783,17,10,21,2040,3,1,1,1.0,4.0,94073,M,,,94
201700044784,17,10,22,1145,1,2,3,1.0,5.0,94073,M,,,94
201700044785,17,10,24,2005,5,2,3,1.0,3.0,94021,M,,,94
201700044786,17,1,2,740,1,1,1,1.0,6.0,94073,M,4875400.0,238106.0,94
201700044787,17,10,26,840,2,2,3,5.0,3.0,94073,M,,,94
201700044788,17,10,26,1200,1,2,1,5.0,3.0,94021,M,4877880.0,236720.0,94
201700044789,17,10,25,1810,1,1,3,1.0,3.0,94073,M,,,94
201700044790,17,10,26,1410,1,2,3,1.0,3.0,94034,M,,,94
201700044791,17,10,27,1315,1,2,1,1.0,3.0,94065,M,,,94
201700044792,17,10,28,1300,1,2,1,1.0,7.0,94021,M,4876851.0,236786.0,94
201700044793,17,10,28,1700,1,2,1,1.0,6.0,94021,M,4877618.0,235822.0,94
201700044794,17,11,1,1250,1,2,1,1.0,1.0,94038,M,,,94
201700044795,17,11,6,1750,5,2,1,1.0,2.0,94073,M,,,94
201700044796,17,11,10,810,1,2,9,8.0,7.0,94073,M,,,94
201700044797,17,11,12,1825,3,2,1,2.0,2.0,94073,M,,,94
201700044798,17,11,14,1200,1,2,1,1.0,6.0,94038,M,,,94
201700044799,17,11,17,2300,5,2,1,1.0,2.0,94073,M,,,94
201700044800,17,11,18,1830,3,1,1,1.0,4.0,94073,M,,,94
201700044801,17,11,19,1610,1,2,3,1.0,6.0,94021,M,4877655.0,235935.0,94
201700044802,17,11,20,1340,1,2,1,8.0,6.0,94038,M,,,94
201700044803,17,11,21,1715,5,2,1,1.0,3.0,94034,M,,,94
201700044804,17,11,22,1355,1,2,1,1.0,6.0,94034,M,4875432.0,232847.0,94
201700044805,17,11,23,1350,1,2,9,1.0,5.0,94034,M,,,94
201700044806,17,11,23,2200,5,2,1,2.0,7.0,94021,M,,,94
201700044807,17,11,23,2115,5,2,1,8.0,6.0,94065,M,,,94
201700044808,17,11,24,1100,1,2,3,1.0,3.0,94073,M,,,94
201700044809,17,11,26,1945,5,1,1,1.0,3.0,94065,M,,,94
201700044810,17,11,28,930,1,2,1,2.0,2.0,94073,M,,,94
201700044811,17,11,29,830,1,2,1,1.0,6.0,94038,M,,,94
201700044812,17,11,30,1625,1,1,9,8.0,3.0,94021,M,4876457.0,235211.0,94
201700044813,17,11,30,1750,5,1,1,1.0,7.0,94065,M,,,94
201700044814,17,12,2,1040,1,2,1,8.0,6.0,94073,M,4876711.0,238568.0,94
201700044815,17,12,3,1545,1,2,1,2.0,7.0,94038,M,4877925.0,232906.0,94
201700044816,17,12,3,2105,5,2,2,2.0,3.0,94038,M,4877841.0,234076.0,94
201700044817,17,12,4,1430,1,2,1,2.0,6.0,94073,M,4875636.0,239851.0,94
201700044818,17,12,8,2037,5,2,2,8.0,6.0,94065,M,4876325.0,235543.0,94
201700044819,17,12,11,1710,5,2,3,2.0,3.0,94073,M,4876000.0,239000.0,94
201700044820,17,12,11,1830,5,2,2,8.0,6.0,94073,M,4876384.0,239717.0,94
201700044821,17,12,12,800,2,2,6,1.0,7.0,94065,M,4875036.0,233861.0,94
201700044822,17,12,12,1902,4,2,3,1.0,6.0,94038,M,4877759.0,233597.0,94
201700044823,17,12,15,1940,5,2,1,2.0,6.0,94065,M,4874154.0,235303.0,94
201700044824,17,12,18,1910,5,2,2,1.0,3.0,94021,M,4877173.0,235679.0,94
201700044825,17,12,19,900,1,2,2,1.0,6.0,94065,M,4875048.0,234771.0,94
201700044826,17,12,19,1000,1,1,3,1.0,6.0,94065,M,4800000.0,200000.0,94
201700044827,17,12,22,645,5,1,6,1.0,3.0,94065,M,4875299.0,234962.0,94
201700044828,17,12,22,1725,3,2,1,2.0,2.0,94073,M,4875949.0,236869.0,94
201700044829,17,12,23,1700,2,2,2,1.0,6.0,94073,M,4877270.0,239664.0,94
201700044830,17,12,24,1025,1,2,6,8.0,3.0,94065,M,4876151.0,235687.0,94
201700044831,17,12,24,1415,1,2,6,8.0,7.0,94021,M,4876000.0,234000.0,94
201700044832,17,12,26,1445,1,2,2,1.0,3.0,94038,M,4877000.0,232000.0,94
201700044833,17,12,28,1540,1,2,1,1.0,3.0,94034,M,4876368.0,233414.0,94
201700044834,17,12,29,1115,1,2,1,2.0,2.0,94038,M,4877000.0,232000.0,94
201700044835,17,1,3,1640,1,2,1,1.0,6.0,94021,M,,,94
201700044836,17,1,4,735,1,2,1,1.0,6.0,94073,M,,,94
201700044837,17,1,4,945,1,2,1,1.0,7.0,94038,M,,,94
201700044838,17,1,6,1530,1,2,3,1.0,6.0,94038,M,,,94
201700044839,17,1,11,1350,1,2,1,2.0,2.0,94073,M,,,94
201700044840,17,1,12,1150,1,2,1,2.0,2.0,94021,M,,,94
201700044841,17,1,13,2305,5,2,1,2.0,2.0,94021,M,,,94
201700044842,17,1,17,1600,1,2,6,1.0,6.0,94065,M,,,94
201700044843,17,1,18,750,5,2,1,1.0,3.0,94073,M,,,94
201700044844,17,1,18,1325,1,2,3,1.0,6.0,94073,M,,,94
201700044845,17,1,19,955,1,2,1,1.0,6.0,94034,M,,,94
201700044846,17,1,21,1015,1,2,1,1.0,2.0,94021,M,,,94
201700044847,17,1,22,40,5,1,1,1.0,7.0,94073,M,,,94
201700044848,17,1,27,940,1,2,1,1.0,2.0,94021,M,,,94
201700044849,17,1,30,900,1,2,1,2.0,7.0,94038,M,,,94
201700044850,17,2,2,955,1,2,3,1.0,6.0,94038,M,,,94
201700044851,17,2,2,1215,1,2,1,1.0,6.0,94073,M,,,94
201700044852,17,2,5,2240,5,2,2,2.0,3.0,94073,M,,,94
201700044853,17,2,6,1310,1,2,1,1.0,5.0,94021,M,,,94
201700044854,17,2,11,130,5,2,1,1.0,2.0,94034,M,4875840.0,232025.0,94
201700044855,17,2,14,1020,1,2,1,2.0,3.0,94065,M,,,94
201700044856,17,2,16,1950,5,2,1,3.0,6.0,94034,M,,,94
201700044857,17,2,17,1840,5,2,1,1.0,6.0,94034,M,,,94
201700044858,17,2,18,1310,1,2,9,1.0,6.0,94038,M,,,94
201700044859,17,2,24,935,1,2,1,1.0,6.0,94038,M,,,94
201700044860,17,3,2,855,1,2,9,1.0,3.0,94073,M,,,94
201700044861,17,3,3,535,5,2,1,1.0,2.0,94065,M,,,94