Num_Acc,an,mois,jour,hrmn,lum,agg,int,atm,col,com,gps,lat,long,dep
201700044862,17,3,6,1500,1,2,1,8.0,6.0,94073,M,,,94
201700044863,17,3,9,2100,5,2,1,1.0,6.0,94065,M,,,94
201700044864,17,3,12,1450,1,2,1,1.0,6.0,94038,M,,,94
201700044865,17,3,18,745,2,2,1,1.0,3.0,94034,M,,,94
201700044866,17,3,22,1250,1,1,1,1.0,3.0,94073,M,,,94
201700044867,17,3,24,535,5,2,1,1.0,6.0,94021,M,,,94
201700044868,17,3,24,1230,1,2,3,1.0,3.0,94038,M,,,94
201700044869,17,3,27,1335,1,2,1,1.0,7.0,94065,M,,,94
201700044870,17,3,27,1545,1,2,1,1.0,3.0,94021,M,,,94
201700044871,17,3,28,1810,1,2,9,1.0,3.0,94065,M,,,94
201700044872,17,3,30,1635,1,2,1,1.0,6.0,94038,M,,,94
201700044873,17,3,31,1425,1,2,2,1.0,3.0,94038,M,,,94
201700044874,17,4,2,1945,2,2,1,1.0,6.0,94034,M,,,94
201700044875,17,4,3,620,1,2,1,1.0,1.0,94021,M,,,94
201700044876,17,4,5,1810,1,2,2,1.0,3.0,94073,M,,,94
201700044877,17,4,6,1720,1,1,1,1.0,2.0,94073,M,4875410.0,236992.0,94
201700044878,17,4,9,1150,1,2,1,1.0,6.0,94034,M,,,94
201700044879,17,4,18,1445,1,1,1,2.0,2.0,94065,M,4875360.0,236825.0,94
201700044880,17,4,18,1610,1,2,3,1.0,3.0,94034,M,,,94
201700044881,17,4,19,1855,1,2,1,1.0,3.0,94073,M,,,94
201700044882,17,4,20,1810,1,2,1,1.0,3.0,94065,M,,,94
201700044883,17,4,21,810,1,1,1,1.0,3.0,94065,M,4875370.0,236034.0,94
201700044884,17,4,21,2200,5,2,2,1.0,3.0,94021,M,,,94
201700044885,17,4,25,940,1,1,1,1.0,4.0,94065,M,,,94
201700044886,17,4,28,2100,5,2,3,1.0,6.0,94038,M,,,94
201700044887,17,4,28,1425,1,1,1,1.0,5.0,94073,M,4875380.0,237300.0,94
201700044888,17,5,2,1845,1,2,3,1.0,5.0,94073,M,,,94
201700044889,17,5,4,145,5,2,3,1.0,6.0,94038,M,,,94
201700044890,17,5,6,1815,1,1,3,2.0,1.0,94073,M,,,94
201700044891,17,5,8,2105,5,2,9,2.0,7.0,94073,M,,,94
201700044892,17,5,11,815,1,1,1,1.0,3.0,94073,M,,,94
201700044893,17,5,12,2355,5,2,1,1.0,3.0,94038,M,,,94
201700044894,17,5,13,5,4,2,1,1.0,6.0,94073,M,,,94
201700044895,17,5,17,2135,5,2,2,2.0,3.0,94073,M,,,94
201700044896,17,5,18,150,5,2,2,2.0,3.0,94065,M,,,94
201700044897,17,5,18,1905,1,2,1,3.0,2.0,94073,M,,,94
201700044898,17,5,20,1340,1,1,1,1.0,3.0,94038,M,,,94
201700044899,17,5,20,2000,1,2,2,1.0,6.0,94038,M,,,94
201700044900,17,5,20,2330,3,1,1,1.0,7.0,94065,M,4875350.0,236762.0,94
201700044901,17,5,22,1955,1,1,1,1.0,3.0,94073,M,,,94
201700044902,17,5,23,700,2,2,1,1.0,2.0,94073,M,,,94
201700044903,17,5,24,2100,5,2,2,1.0,3.0,94065,M,,,94
201700044904,17,5,27,2015,1,2,1,1.0,1.0,94073,M,,,94
201700044905,17,6,2,1500,1,2,1,2.0,3.0,94038,M,4877697.0,234018.0,94
201700044906,17,6,3,2220,5,2,3,2.0,2.0,94021,M,4876977.0,233771.0,94
201700044907,17,6,3,2310,5,2,1,1.0,3.0,94038,M,4877449.0,234941.0,94
201700044908,17,6,4,515,5,1,1,1.0,6.0,94038,M,4877540.0,235635.0,94
201700044909,17,6,5,320,5,2,2,1.0,3.0,94073,M,4875836.0,239290.0,94
201700044910,17,6,6,1855,1,2,2,1.0,2.0,94073,M,4876143.0,240322.0,94
201700044911,17,6,7,500,2,2,6,1.0,3.0,94065,M,4876325.0,235547.0,94
201700044912,17,6,7,755,1,2,1,1.0,6.0,94034,M,4875658.0,231483.0,94
201700044913,17,6,7,2135,1,2,1,1.0,1.0,94034,M,4876258.0,232433.0,94
201700044914,17,12,21,1900,2,2,1,1.0,5.0,94041,M,4882061.0,237883.0,94
201700044915,17,6,9,1755,1,2,1,1.0,6.0,94041,M,4881346.0,238853.0,94
201700044916,17,6,9,1000,1,2,1,1.0,6.0,94041,M,4881659.0,240376.0,94
201700044917,17,6,12,1440,1,2,1,1.0,6.0,94041,M,4881216.0,238605.0,94
201700044918,17,6,14,1150,1,2,1,1.0,3.0,94041,M,4882104.0,239437.0,94
201700044919,17,6,26,800,1,2,2,1.0,3.0,94041,M,4881160.0,240302.0,94
201700044920,17,6,28,1135,1,2,1,1.0,6.0,94041,M,4881267.0,236875.0,94
201700044921,17,6,28,1848,1,2,2,2.0,6.0,94041,M,4881711.0,237957.0,94
201700044922,17,7,1,550,2,2,1,1.0,7.0,94041,M,4881469.0,237851.0,94
201700044923,17,7,3,1335,1,2,1,1.0,5.0,94041,M,4880920.0,238563.0,94
201700044924,17,7,3,1805,1,2,1,1.0,2.0,94041,M,4882106.0,239911.0,94
201700044925,17,7,6,2230,5,2,2,1.0,3.0,94041,M,4880563.0,238439.0,94
201700044926,17,7,9,1630,1,2,1,1.0,6.0,94041,M,4881703.0,239486.0,94
201700044927,17,7,10,1940,1,1,1,2.0,6.0,94041,M,4880836.0,240774.0,94
201700044928,17,7,11,1710,1,2,1,1.0,3.0,94041,M,4881337.0,238865.0,94
201700044929,17,7,14,1755,1,2,2,1.0,7.0,94041,M,4882044.0,239511.0,94
201700044930,17,7,17,1840,1,2,1,1.0,3.0,94041,M,4881852.0,239557.0,94
201700044931,17,7,19,1230,1,2,5,2.0,6.0,94041,M,4881143.0,238338.0,94
201700044932,17,7,21,1645,1,2,1,1.0,2.0,94041,M,4881460.0,240747.0,94
201700044933,17,1,1,2000,5,2,1,1.0,6.0,94041,M,,,94
201700044934,17,8,2,940,1,2,3,1.0,3.0,94041,M,4882000.0,237000.0,94
201700044935,17,8,10,1740,1,2,1,1.0,3.0,94041,M,4881602.0,236927.0,94
201700044936,17,6,4,1945,1,2,1,1.0,3.0,94041,M,4881442.0,240837.0,94
201700044937,17,8,22,1705,1,2,3,1.0,2.0,94041,M,4880828.0,237668.0,94
201700044938,17,8,28,2000,2,2,1,1.0,6.0,94041,M,,,94
201700044939,17,8,29,1510,1,2,1,7.0,6.0,94041,M,4881655.0,239498.0,94
201700044940,17,9,7,135,3,2,3,1.0,1.0,94041,M,4880757.0,238072.0,94
201700044941,17,9,18,2320,5,2,2,1.0,1.0,94041,M,4882031.0,240138.0,94
201700044942,17,9,28,1155,1,2,2,2.0,3.0,94041,M,4881118.0,238815.0,94
201700044943,17,10,5,1645,1,2,1,3.0,6.0,94041,M,4881705.0,237551.0,94
201700044944,17,9,28,1645,1,2,1,3.0,6.0,94041,M,4881705.0,237551.0,94
201700044945,17,9,30,2135,5,2,1,1.0,3.0,94041,M,4882117.0,240150.0,94
201700044946,17,10,13,700,2,2,1,1.0,3.0,94041,M,4882113.0,240024.0,94
201700044947,17,1,2,840,2,2,3,1.0,6.0,94041,M,,,94
201700044948,17,10,13,1130,1,2,1,1.0,3.0,94041,M,4880506.0,238843.0,94
201700044949,17,10,18,1300,1,2,2,1.0,1.0,94041,M,4881728.0,238157.0,94
201700044950,17,10,19,1610,1,2,1,1.0,3.0,94041,M,4881384.0,237270.0,94
201700044951,17,10,21,1720,2,2,2,8.0,2.0,94041,M,4881709.0,239550.0,94
201700044952,17,10,22,1720,2,2,2,8.0,3.0,94041,M,4882126.0,239679.0,94
201700044953,17,10,24,2030,5,2,1,1.0,6.0,94041,M,4881878.0,239685.0,94
201700044954,17,10,27,1330,1,2,1,1.0,6.0,94041,M,4880509.0,237657.0,94
201700044955,17,11,3,1720,1,2,1,1.0,6.0,94041,M,,,94
201700044956,17,11,4,1900,5,2,1,2.0,6.0,94041,M,,,94
201700044957,17,11,7,1845,5,2,1,1.0,6.0,94041,M,,,94
201700044958,17,11,11,2100,5,2,3,2.0,3.0,94041,M,,,94
201700044959,17,11,12,1125,1,2,2,2.0,6.0,94041,M,,,94
201700044960,17,11,13,845,1,2,1,1.0,6.0,94041,M,,,94
201700044961,17,11,13,930,1,2,1,1.0,6.0,94041,M,,,94
201700044962,17,11,11,1550,1,2,1,2.0,2.0,94041,M,,,94
201700044963,17,11,18,1600,1,2,1,1.0,6.0,94041,M,,,94
201700044964,17,11,22,1125,1,2,1,1.0,6.0,94041,M,,,94
201700044965,17,11,22,2330,5,2,1,1.0,2.0,94041,M,4882047.0,239515.0,94
201700044966,17,11,24,1350,1,2,1,1.0,3.0,94041,M,,,94
201700044967,17,11,24,1755,5,2,3,1.0,3.0,94041,M,,,94
201700044968,17,11,27,835,1,2,1,1.0,2.0,94041,M,,,94
201700044969,17,11,27,1020,1,2,3,1.0,3.0,94041,M,,,94
201700044970,17,12,2,1942,5,2,1,1.0,3.0,94041,M,4881739.0,238172.0,94
201700044971,17,12,7,1000,1,2,1,2.0,6.0,94041,M,4880980.0,238740.0,94
201700044972,17,12,12,1830,4,2,1,1.0,3.0,94041,M,4880959.0,238043.0,94
201700044973,17,12,20,2010,5,2,1,2.0,6.0,94041,M,4882266.0,239268.0,94
201700044974,17,12,21,720,5,2,1,2.0,2.0,94041,M,4880590.0,240003.0,94
201700044975,17,12,23,1940,5,2,1,1.0,2.0,94041,M,4881621.0,239273.0,94
201700044976,17,12,27,2040,3,2,2,2.0,3.0,94041,M,4881321.0,239609.0,94
201700044977,17,12,27,650,5,2,2,1.0,1.0,94041,M,4881930.0,239261.0,94
201700044978,17,1,3,1630,1,2,1,1.0,7.0,94041,M,,,94
201700044979,17,1,27,1135,1,2,1,1.0,7.0,94041,M,,,94
201700044980,17,1,4,710,5,2,1,1.0,2.0,94041,M,,,94
201700044981,17,1,4,2220,5,2,1,2.0,6.0,94041,M,,,94
201700044982,17,1,10,1640,2,2,1,2.0,6.0,94041,M,,,94
201700044983,17,1,11,1825,5,2,9,1.0,3.0,94041,M,,,94
201700044984,17,5,11,955,1,2,1,1.0,6.0,94041,M,,,94
201700044985,17,1,13,705,5,2,4,1.0,5.0,94041,M,,,94
201700044986,17,1,16,754,5,2,2,1.0,6.0,94041,M,,,94
201700044987,17,1,16,1805,5,2,1,1.0,6.0,94041,M,,,94
201700044988,17,1,20,1755,1,2,3,1.0,3.0,94041,M,,,94
201700044989,17,1,20,1915,5,2,2,1.0,3.0,94041,M,,,94
201700044990,17,1,28,1525,1,2,2,1.0,3.0,94041,M,,,94
201700044991,17,2,5,1545,1,2,1,1.0,3.0,94041,M,,,94
201700044992,17,2,8,700,5,2,1,1.0,6.0,94041,M,,,94
201700044993,17,2,13,1710,1,1,1,1.0,6.0,94041,M,,,94
201700044994,17,2,15,1120,1,2,1,1.0,7.0,94041,M,,,94
201700044995,17,2,15,2010,4,2,1,1.0,1.0,94041,M,,,94
201700044996,17,4,12,56,5,2,1,1.0,6.0,94041,M,,,94
201700044997,17,2,20,1445,1,2,1,1.0,3.0,94041,M,,,94
201700044998,17,2,21,1630,1,2,1,1.0,3.0,94041,M,,,94
201700044999,17,3,5,1320,1,2,1,3.0,2.0,94041,M,,,94
201700045000,17,3,9,445,5,2,3,8.0,3.0,94041,M,,,94
201700045001,17,5,13,1845,1,2,1,1.0,1.0,94041,M,,,94
201700045002,17,3,10,1455,1,2,1,1.0,6.0,94041,M,,,94
201700045003,17,3,10,1535,1,2,1,1.0,6.0,94041,M,,,94
201700045004,17,3,10,1715,1,2,4,1.0,1.0,94041,M,,,94
201700045005,17,3,12,1743,1,2,1,1.0,6.0,94041,M,,,94
201700045006,17,3,14,805,1,2,1,1.0,6.0,94041,M,,,94
201700045007,17,3,15,1220,1,2,1,1.0,3.0,94041,M,,,94
201700045008,17,3,16,635,1,2,1,1.0,7.0,94041,M,,,94
201700045009,17,3,17,1620,1,2,1,1.0,6.0,94041,M,,,94
201700045010,17,3,19,2000,5,2,1,1.0,1.0,94041,M,,,94
201700045011,17,3,25,2145,5,2,1,1.0,3.0,94041,M,,,94
201700045012,17,5,15,1925,1,2,1,1.0,6.0,94041,M,,,94
201700045013,17,3,30,855,1,2,4,1.0,3.0,94041,M,,,94
201700045014,17,3,30,2125,3,2,1,8.0,6.0,94041,M,,,94
201700045015,17,4,4,1845,1,2,3,1.0,3.0,94041,M,,,94
201700045016,17,4,18,1210,1,1,1,2.0,3.0,94041,M,,,94
201700045017,17,4,21,910,1,2,3,1.0,3.0,94041,M,,,94
201700045018,17,4,21,1610,1,2,1,1.0,7.0,94041,M,,,94
201700045019,17,4,25,1300,1,2,1,1.0,3.0,94041,M,,,94
201700045020,17,4,26,840,1,2,3,1.0,6.0,94041,M,,,94
201700045021,17,5,3,1110,1,2,1,2.0,6.0,94041,M,,,94
201700045022,17,5,15,1250,1,2,1,1.0,1.0,94041,M,,,94
201700045023,17,5,15,1410,1,2,1,1.0,6.0,94041,M,,,94
201700045024,17,5,21,1900,1,2,8,1.0,6.0,94041,M,,,94
201700045025,17,5,22,1820,1,2,1,1.0,6.0,94041,M,,,94
201700045026,17,5,23,1715,1,2,1,1.0,2.0,94041,M,,,94
201700045027,17,5,27,1230,1,2,1,1.0,6.0,94041,M,,,94
201700045028,17,5,4,1710,1,2,1,3.0,6.0,94041,M,,,94
201700045029,17,4,14,1200,1,2,1,1.0,3.0,94041,M,,,94
201700045030,17,2,8,1800,2,2,1,1.0,6.0,94041,M,,,94
201700045031,17,2,12,1325,1,2,2,2.0,3.0,94041,M,,,94
201700045032,17,2,25,1345,1,2,1,1.0,6.0,94041,M,,,94
201700045033,17,6,2,1600,1,2,1,8.0,6.0,94016,M,4878940.0,233687.0,94
201700045034,17,6,3,825,1,2,1,8.0,7.0,94016,M,4879795.0,233309.0,94
201700045035,17,6,4,1525,1,2,1,1.0,2.0,94003,M,4880801.0,232627.0,94
201700045036,17,6,7,2315,5,2,1,1.0,3.0,94076,M,4880369.0,236451.0,94
201700045037,17,6,8,1615,1,2,1,1.0,6.0,94016,M,4878945.0,233691.0,94
201700045038,17,6,8,2120,2,1,1,1.0,2.0,94076,M,4880403.0,236782.0,94
201700045039,17,6,11,1840,1,2,1,1.0,6.0,94043,M,4881144.0,236179.0,94
201700045040,17,6,14,1640,1,2,1,1.0,3.0,94043,M,4880959.0,235973.0,94
201700045041,17,6,21,110,5,2,2,1.0,3.0,94076,M,4878848.0,236832.0,94
201700045042,17,6,21,1910,1,2,6,1.0,3.0,94003,M,4880994.0,232742.0,94
201700045043,17,6,21,2035,1,2,2,1.0,3.0,94076,M,4879598.0,236838.0,94
201700045044,17,6,22,1830,1,2,1,1.0,6.0,94076,M,4878703.0,235277.0,94
201700045045,17,6,22,1715,1,2,1,1.0,3.0,94016,M,4878833.0,231889.0,94
201700045046,17,6,23,1515,1,2,2,1.0,3.0,94016,M,4878801.0,231868.0,94
201700045047,17,6,23,2111,2,2,1,1.0,1.0,94043,M,4881424.0,235970.0,94
201700045048,17,6,25,115,5,2,1,1.0,7.0,94016,M,4878855.0,233693.0,94
201700045049,17,6,25,955,1,2,4,1.0,3.0,94016,M,4878801.0,233031.0,94
201700045050,17,6,25,1435,1,2,1,1.0,7.0,94037,M,4881589.0,235340.0,94
201700045051,17,6,25,1805,1,2,3,1.0,3.0,94043,M,4881518.0,236050.0,94
201700045052,17,6,29,1900,1,2,2,1.0,3.0,94076,M,4879332.0,235399.0,94
201700045053,17,7,3,830,1,2,2,1.0,1.0,94016,M,4879377.0,233386.0,94
201700045054,17,7,4,1430,1,2,1,1.0,6.0,94003,M,4881250.0,233150.0,94
201700045055,17,7,4,1720,1,2,3,1.0,1.0,94037,M,4880901.0,234223.0,94
201700045056,17,7,4,1750,1,2,3,1.0,6.0,94043,M,4881214.0,235915.0,94
201700045057,17,7,4,2230,5,2,6,1.0,1.0,94037,M,4881056.0,234975.0,94
201700045058,17,7,5,1730,1,2,2,1.0,3.0,94043,M,4880612.0,234594.0,94
201700045059,17,7,8,1940,1,2,3,1.0,3.0,94076,M,4879484.0,236467.0,94
201700045060,17,7,13,1825,1,2,1,1.0,6.0,94076,M,4878900.0,236823.0,94
201700045061,17,7,17,1740,1,2,1,1.0,6.0,94076,M,4880460.0,236916.0,94
201700045062,17,7,19,1030,1,2,1,2.0,6.0,94076,M,4879711.0,235554.0,94
201700045063,17,7,19,2200,5,2,3,1.0,3.0,94076,M,4880108.0,234995.0,94
201700045064,17,7,20,850,1,2,1,1.0,6.0,94003,M,4880012.0,234276.0,94
201700045065,17,7,20,825,1,2,1,8.0,7.0,94003,M,4880164.0,234333.0,94
201700045066,17,7,21,2045,1,2,5,1.0,1.0,94076,M,4879478.0,235436.0,94
201700045067,17,7,26,2250,5,2,1,1.0,7.0,94003,M,4880619.0,233063.0,94
201700045068,17,7,27,2005,1,2,1,1.0,3.0,94043,M,4881025.0,236273.0,94
201700045069,17,7,28,155,5,2,2,1.0,3.0,94076,M,4880570.0,236358.0,94
201700045070,17,7,28,1435,1,2,2,1.0,6.0,94076,M,4879655.0,237029.0,94
201700045071,17,7,31,1900,1,2,9,1.0,3.0,94076,M,4878559.0,236686.0,94
201700045072,17,6,6,1520,1,2,1,1.0,2.0,94076,M,4878860.0,237467.0,94
201700045073,17,11,2,1230,1,2,3,1.0,2.0,94037,M,4881314.0,235088.0,94
201700045074,17,6,6,450,5,2,2,2.0,6.0,94076,M,4879498.0,235434.0,94
201700045075,17,6,7,720,1,2,2,1.0,3.0,94003,M,4881239.0,235281.0,94
201700045076,17,6,8,630,2,2,1,1.0,3.0,94046,M,4880575.0,243103.0,94
201700045077,17,6,8,1150,1,2,1,1.0,2.0,94046,M,4880481.0,243861.0,94
201700045078,17,6,24,2300,5,2,1,1.0,2.0,94046,M,4881541.0,243288.0,94
201700045079,17,6,24,2335,5,2,2,1.0,3.0,94046,M,4881012.0,243740.0,94
201700045080,17,6,29,2000,1,2,2,1.0,3.0,94046,M,4880904.0,245262.0,94
201700045081,17,7,3,1025,1,2,2,1.0,5.0,94046,M,4880284.0,243404.0,94
201700045082,17,7,12,215,5,2,2,2.0,3.0,94046,M,4881009.0,243740.0,94
201700045083,17,7,23,2240,5,2,1,2.0,6.0,94046,M,4880097.0,243132.0,94
201700045084,17,8,2,1020,1,2,2,1.0,3.0,94046,M,,,94
201700045085,17,8,6,135,5,2,1,1.0,2.0,94046,M,,,94
201700045086,17,8,15,1150,1,2,1,2.0,3.0,94046,M,,,94
201700045087,17,8,17,555,5,2,2,1.0,3.0,94046,M,,,94
201700045088,17,8,24,600,5,2,2,1.0,3.0,94046,M,,,94
201700045089,17,8,29,830,1,2,2,1.0,3.0,94046,M,,,94
201700045090,17,9,5,1945,2,2,1,1.0,3.0,94046,M,,,94
201700045091,17,9,12,900,1,2,3,6.0,3.0,94046,M,,,94
201700045092,17,9,19,1105,1,2,1,2.0,2.0,94046,M,,,94
201700045093,17,9,21,1750,1,2,1,1.0,7.0,94046,M,,,94
201700045094,17,1,7,1820,5,2,1,2.0,6.0,94046,M,,,94
201700045095,17,9,22,1750,1,2,1,1.0,2.0,94046,M,,,94
201700045096,17,9,29,1250,1,2,1,1.0,6.0,94046,M,,,94
201700045097,17,10,3,810,1,2,1,1.0,6.0,94046,M,4881400.0,243190.0,94
201700045098,17,10,9,1040,2,2,2,1.0,3.0,94046,M,4881332.0,244983.0,94
201700045099,17,10,9,1545,1,2,2,1.0,3.0,94046,M,4880276.0,242845.0,94
201700045100,17,10,12,715,2,2,3,1.0,1.0,94046,M,4880070.0,243500.0,94
201700045101,17,10,12,1415,1,2,3,1.0,3.0,94046,M,4881536.0,242104.0,94
201700045102,17,10,12,1640,1,2,1,1.0,6.0,94046,M,4881002.0,247211.0,94
201700045103,17,10,14,1005,1,2,1,7.0,6.0,94046,M,4881330.0,242150.0,94
201700045104,17,10,17,1730,1,2,1,1.0,3.0,94046,M,4879728.0,243273.0,94
201700045105,17,10,18,1010,1,2,1,1.0,3.0,94046,M,4881336.0,242123.0,94
201700045106,17,10,19,805,2,2,1,1.0,1.0,94046,M,4879441.0,244009.0,94
201700045107,17,10,26,710,5,2,4,5.0,3.0,94046,M,4879330.0,243460.0,94
201700045108,17,11,6,1100,1,2,1,1.0,2.0,94046,M,,,94
201700045109,17,11,12,2325,2,2,1,1.0,2.0,94046,M,,,94
201700045110,17,11,14,2157,5,2,1,1.0,7.0,94046,M,4881056.0,242472.0,94
201700045111,17,9,8,1805,2,2,1,1.0,7.0,94046,M,,,94
201700045112,17,1,4,725,5,2,3,1.0,6.0,94046,M,4880924.0,245960.0,94
201700045113,17,11,21,1610,1,2,1,1.0,6.0,94046,M,,,94
201700045114,17,11,24,1000,1,2,1,8.0,2.0,94046,M,,,94
201700045115,17,10,1,1320,1,2,1,2.0,7.0,94046,M,,,94
201700045116,17,10,15,2210,5,2,1,1.0,6.0,94046,M,,,94
201700045117,17,12,1,1915,5,2,3,1.0,3.0,94046,M,4881201.0,243745.0,94
201700045118,17,12,3,1910,5,2,1,2.0,2.0,94046,M,4880971.0,245492.0,94
201700045119,17,12,5,1135,1,2,1,1.0,2.0,94046,M,,,94
201700045120,17,12,6,915,1,2,2,8.0,2.0,94046,M,4880447.0,243257.0,94
201700045121,17,12,10,835,1,2,2,2.0,3.0,94046,M,4880992.0,244593.0,94
201700045122,17,12,11,1730,2,2,1,2.0,6.0,94046,M,4880600.0,244183.0,94
201700045123,17,12,21,1800,5,2,1,2.0,6.0,94046,M,4880159.0,243680.0,94
201700045124,17,12,27,1830,5,2,1,2.0,6.0,94046,M,4881459.0,242342.0,94
201700045125,17,12,28,1605,1,2,1,1.0,6.0,94046,M,4880341.0,243979.0,94
201700045126,17,2,17,1530,1,2,1,1.0,6.0,94046,M,,,94
201700045127,17,1,18,2135,5,2,1,1.0,6.0,94046,M,,,94
201700045128,17,1,10,645,5,2,1,1.0,6.0,94046,M,,,94
201700045129,17,4,5,2010,2,2,8,1.0,6.0,94046,M,,,94
201700045130,17,1,13,805,1,2,3,8.0,6.0,94046,M,,,94
201700045131,17,5,10,1900,1,2,1,1.0,6.0,94046,M,,,94
201700045132,17,1,19,810,1,2,1,1.0,6.0,94046,M,,,94
201700045133,17,1,26,1500,1,2,1,1.0,6.0,94046,M,,,94
201700045134,17,1,31,1850,5,2,3,2.0,6.0,94046,M,,,94
201700045135,17,2,1,910,1,2,1,1.0,3.0,94046,M,,,94
201700045136,17,2,3,1505,1,2,1,1.0,7.0,94046,M,,,94
201700045137,17,4,4,2040,2,2,2,1.0,3.0,94046,M,,,94
201700045138,17,2,14,1720,1,2,3,1.0,3.0,94046,M,,,94
201700045139,17,2,24,1115,1,2,2,3.0,3.0,94046,M,,,94
201700045140,17,2,24,1630,1,2,2,7.0,6.0,94046,M,,,94
201700045141,17,3,3,1820,1,2,3,1.0,3.0,94046,M,,,94
201700045142,17,3,11,1020,1,2,3,1.0,3.0,94046,M,,,94
201700045143,17,3,14,1750,1,2,3,1.0,3.0,94046,M,,,94
201700045144,17,3,17,1550,1,2,5,1.0,3.0,94046,M,,,94
201700045145,17,3,17,1750,1,2,5,1.0,6.0,94046,M,,,94
201700045146,17,3,21,1835,1,2,3,1.0,6.0,94046,M,,,94
201700045147,17,3,21,1910,5,2,1,1.0,4.0,94046,M,,,94
201700045148,17,3,21,2010,3,2,3,1.0,6.0,94046,M,,,94
201700045149,17,3,23,1255,1,2,2,1.0,3.0,94046,M,,,94
201700045150,17,3,25,1910,2,2,1,1.0,5.0,94046,M,,,94
201700045151,17,3,31,1940,1,2,2,1.0,1.0,94046,M,,,94
201700045152,17,4,4,2050,5,2,3,1.0,3.0,94046,M,,,94
201700045153,17,4,10,2125,5,2,2,1.0,3.0,94046,M,,,94
201700045154,17,4,13,910,1,2,2,1.0,5.0,94046,M,,,94
201700045155,17,4,20,2000,2,2,2,1.0,3.0,94046,M,,,94
201700045156,17,4,21,1555,1,2,1,1.0,3.0,94046,M,,,94
201700045157,17,5,2,815,2,2,3,7.0,3.0,94046,M,,,94
201700045158,17,5,4,1540,1,2,1,2.0,7.0,94046,M,,,94
201700045159,17,5,9,1705,1,2,4,1.0,6.0,94046,M,,,94
201700045160,17,5,20,2105,2,2,1,1.0,3.0,94046,M,,,94
201700045161,17,5,29,717,1,2,3,1.0,6.0,94046,M,,,94
201700045162,17,5,29,735,1,2,1,9.0,6.0,94046,M,,,94
201700045163,17,5,30,2055,1,2,2,1.0,5.0,94046,M,,,94
201700045164,17,5,31,800,1,2,1,1.0,3.0,94046,M,,,94
201700045165,17,5,31,1600,1,2,1,1.0,6.0,94046,M,,,94
201700045166,17,6,13,1640,1,2,1,1.0,7.0,94015,M,4884299.0,252696.0,94
201700045167,17,6,15,740,1,2,1,1.0,2.0,94058,M,4885237.0,251071.0,94
201700045168,17,6,17,1215,1,2,1,1.0,6.0,94052,M,4883636.0,247945.0,94
201700045169,17,6,19,1915,1,2,1,1.0,3.0,94015,M,4883411.0,251822.0,94
201700045170,17,6,20,940,1,2,2,1.0,3.0,94042,M,4881497.0,246318.0,94
201700045171,17,6,22,530,5,2,1,1.0,7.0,94058,M,4884177.0,249389.0,94
201700045172,17,6,23,1300,1,2,1,1.0,6.0,94052,M,4883361.0,246870.0,94
201700045173,17,6,25,1405,1,2,1,1.0,6.0,94042,M,4881887.0,246793.0,94
201700045174,17,6,26,1050,1,2,1,1.0,3.0,94015,M,4884324.0,253000.0,94
201700045175,17,7,5,2220,5,2,2,1.0,7.0,94042,M,4882015.0,246715.0,94
201700045176,17,7,6,1615,1,2,9,1.0,6.0,94052,M,4883310.0,247096.0,94
201700045177,17,7,8,2230,5,2,1,1.0,1.0,94042,M,4882019.0,246924.0,94
201700045178,17,7,10,2115,1,2,1,1.0,2.0,94042,M,4881326.0,246606.0,94
201700045179,17,7,11,2115,1,2,2,1.0,3.0,94052,M,4883844.0,248461.0,94
201700045180,17,7,16,1830,1,2,1,1.0,1.0,94015,M,4884073.0,251323.0,94
201700045181,17,7,17,625,2,2,2,1.0,3.0,94052,M,4883559.0,249387.0,94
201700045182,17,7,17,1000,1,2,2,1.0,2.0,94042,M,4881495.0,246330.0,94
201700045183,17,7,19,2230,3,2,1,1.0,6.0,94042,M,4881681.0,246791.0,94
201700045184,17,7,20,140,5,2,1,1.0,3.0,94058,M,4885004.0,250067.0,94
201700045185,17,7,20,1645,1,2,1,1.0,7.0,94042,M,4881703.0,246326.0,94
201700045186,17,7,25,1220,1,2,7,1.0,3.0,94052,M,4884460.0,248790.0,94
201700045187,17,8,2,1730,1,2,1,1.0,2.0,94042,M,4882018.0,246795.0,94
201700045188,17,8,10,1625,1,2,2,1.0,2.0,94042,M,4881484.0,246309.0,94
201700045189,17,8,17,920,1,2,3,8.0,3.0,94058,M,4885124.0,250635.0,94
201700045190,17,9,2,1800,1,2,3,1.0,1.0,94015,M,4824182.0,253121.0,94
201700045191,17,9,5,855,1,2,1,1.0,6.0,94052,M,4883643.0,248010.0,94
201700045192,17,9,10,1010,1,2,1,1.0,3.0,94058,M,4883352.0,250393.0,94
201700045193,17,9,9,125,5,2,1,2.0,6.0,94052,M,,,94
201700045194,17,9,11,1940,2,2,1,1.0,2.0,94052,M,,,94
201700045195,17,9,13,1430,1,2,6,3.0,3.0,94015,M,4883186.0,253299.0,94
201700045196,17,9,15,1300,1,2,2,1.0,3.0,94052,M,4884140.0,248274.0,94
201700045197,17,9,25,2030,5,2,2,1.0,1.0,94058,M,4883903.0,250865.0,94
201700045198,17,9,28,1950,5,2,1,1.0,3.0,94058,M,4885138.0,251088.0,94
201700045199,17,10,1,1350,1,2,1,2.0,2.0,94052,M,,,94
201700045200,17,10,3,1745,1,2,2,1.0,3.0,94042,M,4882007.0,247688.0,94
201700045201,17,10,4,1525,1,2,1,1.0,2.0,94042,M,4881380.0,246490.0,94
201700045202,17,10,5,830,1,2,1,1.0,3.0,94052,M,,,94
201700045203,17,10,17,725,5,2,9,1.0,3.0,94015,M,4883728.0,251850.0,94
201700045204,17,11,4,1305,1,2,1,1.0,6.0,94052,M,,,94
201700045205,17,11,7,1210,1,2,1,1.0,2.0,94052,M,,,94
201700045206,17,11,8,1105,1,2,1,1.0,6.0,94052,M,,,94
201700045207,17,11,11,1900,3,2,2,2.0,3.0,94052,M,,,94