Num_Acc,an,mois,jour,hrmn,lum,agg,int,atm,col,com,gps,lat,long,dep
201700045208,17,11,26,145,5,2,1,1.0,2.0,94052,M,,,94
201700045209,17,11,27,1820,5,2,1,2.0,6.0,94052,M,,,94
201700045210,17,12,7,1755,5,2,1,2.0,6.0,94058,M,4884919.0,249562.0,94
201700045211,17,12,8,715,5,1,1,2.0,4.0,94015,M,4883290.0,253349.0,94
201700045212,17,12,14,1700,5,2,1,2.0,6.0,94042,M,4881679.0,246746.0,94
201700045213,17,12,21,1745,5,2,1,2.0,6.0,94052,M,4883577.0,247472.0,94
201700045214,17,12,26,1020,1,2,1,1.0,6.0,94058,M,4885139.0,250673.0,94
201700045215,17,12,31,2000,5,2,1,2.0,6.0,94058,M,4884921.0,249630.0,94
201700045216,17,1,2,1135,1,2,2,4.0,6.0,94058,M,,,94
201700045217,17,1,4,700,2,2,9,1.0,6.0,94058,M,,,94
201700045218,17,1,5,2000,5,2,1,1.0,7.0,94052,M,,,94
201700045219,17,1,10,2025,5,2,1,2.0,6.0,94042,M,,,94
201700045220,17,5,15,1440,1,2,2,1.0,6.0,94042,M,,,94
201700045221,17,1,25,800,2,2,2,8.0,3.0,94058,M,,,94
201700045222,17,1,26,1300,1,2,1,1.0,6.0,94015,M,,,94
201700045223,17,1,31,755,1,2,2,2.0,3.0,94058,M,,,94
201700045224,17,2,1,1700,1,2,1,1.0,3.0,94042,M,,,94
201700045225,17,2,2,615,5,2,1,1.0,6.0,94042,M,,,94
201700045226,17,2,7,700,5,2,2,2.0,7.0,94015,M,,,94
201700045227,17,2,7,800,2,2,2,2.0,6.0,94052,M,4883560.0,249382.0,94
201700045228,17,2,21,1810,5,2,2,1.0,6.0,94058,M,,,94
201700045229,17,3,6,1430,1,2,1,8.0,3.0,94052,M,,,94
201700045230,17,3,6,1920,5,2,2,1.0,1.0,94052,M,,,94
201700045231,17,6,6,2200,1,2,6,1.0,3.0,94058,M,4884922.0,249606.0,94
201700045232,17,3,9,1645,1,2,1,1.0,6.0,94042,M,,,94
201700045233,17,3,10,1607,1,2,1,1.0,7.0,94058,M,,,94
201700045234,17,3,11,1610,1,2,1,1.0,6.0,94042,M,,,94
201700045235,17,3,13,1930,5,2,1,1.0,2.0,94052,M,,,94
201700045236,17,3,14,1340,1,2,1,1.0,1.0,94052,M,,,94
201700045237,17,3,21,1850,5,2,1,1.0,5.0,94042,M,,,94
201700045238,17,3,22,1340,1,2,1,1.0,2.0,94052,M,,,94
201700045239,17,3,23,1720,1,2,3,8.0,3.0,94052,M,,,94
201700045240,17,3,24,1100,1,2,1,1.0,3.0,94052,M,,,94
201700045241,17,3,25,1120,1,2,1,1.0,2.0,94015,M,,,94
201700045242,17,3,29,1930,1,2,3,1.0,1.0,94042,M,,,94
201700045243,17,3,31,925,1,2,1,1.0,1.0,94015,M,,,94
201700045244,17,4,1,520,5,2,1,1.0,7.0,94042,M,,,94
201700045245,17,4,9,1010,1,2,2,1.0,6.0,94052,M,4883560.0,249382.0,94
201700045246,17,4,12,1740,1,2,3,1.0,3.0,94058,M,,,94
201700045247,17,4,29,1515,1,2,1,1.0,6.0,94058,M,,,94
201700045248,17,5,5,1415,1,2,1,1.0,6.0,94058,M,,,94
201700045249,17,5,5,1850,1,2,1,1.0,6.0,94015,M,,,94
201700045250,17,5,6,320,5,2,1,1.0,2.0,94042,M,,,94
201700045251,17,5,6,1630,1,2,1,2.0,1.0,94042,M,,,94
201700045252,17,5,11,1245,1,2,1,1.0,6.0,94052,M,,,94
201700045253,17,5,12,1500,1,2,1,1.0,2.0,94042,M,,,94
201700045254,17,5,25,2130,1,2,2,1.0,3.0,94015,M,,,94
201700045255,17,5,28,1410,1,2,2,1.0,3.0,94052,M,,,94
201700045256,17,5,29,1630,1,2,1,1.0,4.0,94052,M,,,94
201700045257,17,5,31,745,1,2,3,1.0,3.0,94015,M,,,94
201700045258,17,1,4,845,1,2,2,1.0,3.0,94068,M,,,94
201700045259,17,1,4,1715,5,2,1,2.0,6.0,94068,M,,,94
201700045260,17,1,4,1810,5,2,1,9.0,6.0,94068,M,,,94
201700045261,17,1,9,1240,1,2,1,2.0,6.0,94068,M,,,94
201700045262,17,1,13,1710,2,2,2,2.0,6.0,94068,M,,,94
201700045263,17,2,8,2110,5,2,2,1.0,3.0,94068,M,,,94
201700045264,17,2,10,945,1,2,2,1.0,2.0,94068,M,,,94
201700045265,17,2,18,950,1,2,2,5.0,3.0,94068,M,,,94
201700045266,17,2,24,1530,1,2,2,1.0,6.0,94068,M,,,94
201700045267,17,2,28,1000,1,2,2,2.0,3.0,94068,M,,,94
201700045268,17,3,2,600,5,2,1,1.0,6.0,94068,M,,,94
201700045269,17,3,7,850,1,2,2,1.0,6.0,94068,M,,,94
201700045270,17,3,8,1310,1,2,1,1.0,3.0,94068,M,,,94
201700045271,17,3,9,1200,1,2,2,1.0,3.0,94068,M,,,94
201700045272,17,3,11,1700,1,2,1,1.0,6.0,94068,M,,,94
201700045273,17,3,14,750,1,2,2,1.0,3.0,94068,M,,,94
201700045274,17,3,14,1730,1,2,3,1.0,1.0,94068,M,,,94
201700045275,17,3,16,1542,1,2,3,1.0,7.0,94068,M,,,94
201700045276,17,3,18,1940,5,2,1,1.0,6.0,94068,M,,,94
201700045277,17,3,24,1645,1,2,2,1.0,3.0,94068,M,,,94
201700045278,17,3,27,830,1,2,4,1.0,2.0,94068,M,,,94
201700045279,17,3,29,1800,1,2,1,1.0,2.0,94068,M,,,94
201700045280,17,4,7,1505,1,2,1,1.0,6.0,94068,M,,,94
201700045281,17,4,18,2000,2,2,2,1.0,3.0,94068,M,,,94
201700045282,17,4,19,1850,1,2,1,1.0,6.0,94068,M,,,94
201700045283,17,4,21,2030,2,2,1,1.0,7.0,94068,M,,,94
201700045284,17,4,22,2305,5,2,1,1.0,1.0,94068,M,,,94
201700045285,17,4,26,1415,1,2,1,1.0,2.0,94068,M,,,94
201700045286,17,4,27,1505,1,2,3,1.0,6.0,94068,M,,,94
201700045287,17,5,2,1510,1,2,3,1.0,3.0,94068,M,,,94
201700045288,17,5,3,1505,1,2,1,2.0,2.0,94068,M,,,94
201700045289,17,5,8,1720,1,2,2,8.0,3.0,94068,M,,,94
201700045290,17,5,10,1510,1,2,2,1.0,3.0,94068,M,,,94
201700045291,17,5,11,1130,1,2,2,1.0,3.0,94068,M,,,94
201700045292,17,5,14,1345,1,2,2,8.0,3.0,94068,M,,,94
201700045293,17,5,17,1115,1,2,1,7.0,2.0,94068,M,,,94
201700045294,17,5,17,1215,1,2,1,7.0,6.0,94068,M,,,94
201700045295,17,5,19,2020,1,2,2,8.0,3.0,94068,M,,,94
201700045296,17,5,22,1656,1,2,1,1.0,3.0,94068,M,,,94
201700045297,17,5,24,1835,1,2,1,1.0,6.0,94068,M,,,94
201700045298,17,5,30,840,1,2,3,1.0,3.0,94068,M,,,94
201700045299,17,5,30,1415,1,2,1,1.0,6.0,94068,M,,,94
201700045300,17,5,31,855,1,2,2,1.0,3.0,94068,M,,,94
201700045301,17,6,2,1410,1,2,1,2.0,7.0,94068,M,4879878.0,247429.0,94
201700045302,17,6,5,1845,1,2,9,9.0,3.0,94068,M,4880219.0,249202.0,94
201700045303,17,6,8,1205,1,2,1,1.0,7.0,94068,M,4880230.0,249053.0,94
201700045304,17,6,9,900,1,2,1,1.0,1.0,94068,M,4880572.0,248202.0,94
201700045305,17,6,9,1310,1,2,3,1.0,7.0,94068,M,4878709.0,247735.0,94
201700045306,17,6,12,2310,5,2,1,1.0,7.0,94068,M,4879077.0,251174.0,94
201700045307,17,6,14,720,1,2,1,1.0,7.0,94068,M,4879175.0,248203.0,94
201700045308,17,6,16,1540,1,2,2,1.0,3.0,94068,M,4880259.0,251160.0,94
201700045309,17,6,18,940,1,2,2,1.0,3.0,94068,M,4880732.0,248208.0,94
201700045310,17,6,18,2015,1,2,2,1.0,3.0,94068,M,4879909.0,247121.0,94
201700045311,17,6,17,1100,1,2,3,1.0,2.0,94068,M,4880979.0,248300.0,94
201700045312,17,6,26,1905,1,2,3,1.0,3.0,94068,M,4880875.0,250941.0,94
201700045313,17,6,27,1345,1,2,2,2.0,3.0,94068,M,4879910.0,247120.0,94
201700045314,17,6,28,820,1,2,1,1.0,3.0,94068,M,4878994.0,249257.0,94
201700045315,17,6,29,1045,1,2,3,1.0,3.0,94068,M,4880270.0,249097.0,94
201700045316,17,6,30,1515,1,2,2,3.0,3.0,94068,M,4878998.0,250976.0,94
201700045317,17,7,8,1645,1,2,2,1.0,3.0,94068,M,4879941.0,249901.0,94
201700045318,17,7,10,1720,1,2,2,1.0,3.0,94068,M,4880259.0,251159.0,94
201700045319,17,7,12,815,1,2,2,2.0,3.0,94068,M,4878860.0,248928.0,94
201700045320,17,7,13,1410,1,2,2,1.0,3.0,94068,M,4878825.0,248530.0,94
201700045321,17,7,15,1700,1,2,2,1.0,1.0,94068,M,4881296.0,247971.0,94
201700045322,17,7,16,1605,1,2,1,1.0,7.0,94068,M,4879959.0,252204.0,94
201700045323,17,7,20,850,1,2,2,1.0,3.0,94068,M,4879342.0,247866.0,94
201700045324,17,7,28,1940,1,2,1,1.0,6.0,94068,M,4880768.0,251834.0,94
201700045325,17,7,28,2000,1,2,4,1.0,3.0,94068,M,4880072.0,247032.0,94
201700045326,17,8,1,1010,1,2,2,2.0,3.0,94068,M,4879341.0,249767.0,94
201700045327,17,8,2,2330,5,2,1,1.0,6.0,94068,M,4879800.0,248500.0,94
201700045328,17,8,6,1810,1,2,1,1.0,3.0,94068,M,4879219.0,250199.0,94
201700045329,17,8,7,1500,1,2,2,1.0,3.0,94068,M,4879935.0,249923.0,94
201700045330,17,8,13,1005,1,2,2,1.0,3.0,94068,M,4878941.0,251515.0,94
201700045331,17,8,17,2100,2,2,1,2.0,6.0,94068,M,4879373.0,249384.0,94
201700045332,17,8,18,1930,1,2,2,2.0,3.0,94068,M,4880311.0,248732.0,94
201700045333,17,8,20,2230,5,2,2,1.0,3.0,94068,M,4879676.0,251568.0,94
201700045334,17,8,22,1920,1,2,1,1.0,6.0,94068,M,4878675.0,251618.0,94
201700045335,17,8,23,800,1,2,1,1.0,6.0,94068,M,4881128.0,248993.0,94
201700045336,17,8,26,705,2,2,7,5.0,6.0,94068,M,4879784.0,250300.0,94
201700045337,17,8,31,50,5,2,2,2.0,3.0,94068,M,4879942.0,249900.0,94
201700045338,17,8,30,1055,1,2,6,1.0,3.0,94068,M,4879819.0,248040.0,94
201700045339,17,9,1,1210,1,2,1,1.0,3.0,94068,M,4879199.0,249694.0,94
201700045340,17,8,31,150,3,2,3,2.0,6.0,94068,M,4880081.0,247043.0,94
201700045341,17,9,1,2308,5,2,2,2.0,3.0,94068,M,4879621.0,250027.0,94
201700045342,17,9,6,2050,5,2,4,1.0,3.0,94068,M,4881129.0,246908.0,94
201700045343,17,9,8,1005,1,2,3,2.0,3.0,94068,M,4878455.0,248963.0,94
201700045344,17,9,9,2010,5,2,2,1.0,3.0,94068,M,4879934.0,249925.0,94
201700045345,17,9,10,1150,1,2,9,8.0,4.0,94068,M,,,94
201700045346,17,9,13,715,3,2,2,2.0,3.0,94068,M,4880315.0,247147.0,94
201700045347,17,9,14,1650,1,2,1,2.0,6.0,94068,M,4881330.0,247996.0,94
201700045348,17,9,15,920,1,2,2,1.0,3.0,94068,M,4880660.0,247857.0,94
201700045349,17,9,16,1345,1,2,2,2.0,3.0,94068,M,4879217.0,250196.0,94
201700045350,17,9,18,1830,1,2,1,1.0,6.0,94068,M,4880833.0,247311.0,94
201700045351,17,9,19,750,1,2,1,8.0,6.0,94068,M,4881302.0,247962.0,94
201700045352,17,9,22,2050,5,2,1,1.0,1.0,94068,M,4878970.0,248329.0,94
201700045353,17,9,25,815,1,2,1,1.0,6.0,94068,M,4879737.0,247514.0,94
201700045354,17,9,26,2135,5,2,1,1.0,6.0,94068,M,4879523.0,247678.0,94
201700045355,17,9,26,2200,5,2,2,1.0,3.0,94068,M,4880969.0,247260.0,94
201700045356,17,9,30,1300,1,2,1,1.0,6.0,94068,M,4880849.0,248617.0,94
201700045357,17,10,3,1130,1,2,2,1.0,2.0,94068,M,4880757.0,247399.0,94
201700045358,17,10,8,30,5,2,1,9.0,5.0,94068,M,4880013.0,249720.0,94
201700045359,17,9,24,955,1,2,1,1.0,6.0,94068,M,4879145.0,251431.0,94
201700045360,17,10,9,1900,2,2,1,1.0,2.0,94068,M,,,94
201700045361,17,10,10,1700,1,2,1,1.0,3.0,94068,M,4879485.0,248499.0,94
201700045362,17,10,12,1530,1,2,1,1.0,6.0,94068,M,4880142.0,249407.0,94
201700045363,17,10,13,745,2,2,1,1.0,6.0,94068,M,4879323.0,251533.0,94
201700045364,17,10,14,1620,1,2,1,7.0,6.0,94068,M,,,94
201700045365,17,10,14,400,5,2,9,1.0,6.0,94068,M,4880496.0,248564.0,94
201700045366,17,10,17,1740,1,2,1,1.0,6.0,94068,M,4880891.0,247115.0,94
201700045367,17,10,18,1645,1,2,1,1.0,6.0,94068,M,4880722.0,247222.0,94
201700045368,17,10,20,1820,1,2,1,1.0,6.0,94068,M,4880772.0,249593.0,94
201700045369,17,10,21,2035,5,2,3,1.0,3.0,94068,M,4881041.0,248061.0,94
201700045370,17,10,27,1340,1,2,2,1.0,3.0,94068,M,4879800.0,249130.0,94
201700045371,17,10,27,1900,5,2,3,1.0,3.0,94068,M,4878916.0,249981.0,94
201700045372,17,10,28,1530,1,2,5,1.0,7.0,94068,M,4879947.0,251241.0,94
201700045373,17,11,3,1950,5,2,1,1.0,6.0,94068,M,4881119.0,248656.0,94
201700045374,17,11,4,505,5,2,1,1.0,7.0,94068,M,4880873.0,249131.0,94
201700045375,17,11,5,2220,5,2,1,8.0,6.0,94068,M,4881061.0,246997.0,94
201700045376,17,11,7,835,1,2,1,8.0,6.0,94068,M,4880772.0,247927.0,94
201700045377,17,11,8,920,1,2,2,1.0,3.0,94068,M,4880873.0,251938.0,94
201700045378,17,11,9,1015,1,2,1,8.0,3.0,94068,M,4878634.0,248441.0,94
201700045379,17,11,10,1030,1,2,1,2.0,6.0,94068,M,4881000.0,250000.0,94
201700045380,17,11,11,1910,3,2,2,2.0,3.0,94068,M,4879620.0,250030.0,94
201700045381,17,11,21,1630,2,2,2,1.0,3.0,94068,M,4880254.0,248458.0,94
201700045382,17,11,22,945,1,2,9,1.0,2.0,94068,M,4880270.0,246970.0,94
201700045383,17,11,24,1030,1,2,1,2.0,2.0,94068,M,4879094.0,252083.0,94
201700045384,17,11,28,1545,1,2,1,2.0,6.0,94068,M,4880786.0,250765.0,94
201700045385,17,11,29,800,2,2,1,1.0,6.0,94068,M,4881106.0,246954.0,94
201700045386,17,12,2,125,5,2,1,1.0,7.0,94068,M,,,94
201700045387,17,12,5,1900,5,2,2,1.0,3.0,94068,M,4880654.0,247876.0,94
201700045388,17,12,13,1430,1,2,6,1.0,6.0,94068,M,4881124.0,247300.0,94
201700045389,17,12,14,1310,1,2,2,1.0,6.0,94068,M,4880255.0,248596.0,94
201700045390,17,12,14,1700,5,2,2,2.0,3.0,94068,M,4879795.0,249137.0,94
201700045391,17,12,15,2035,5,2,2,1.0,3.0,94068,M,4880126.0,249455.0,94
201700045392,17,12,29,1355,1,2,1,3.0,6.0,94068,M,4879777.0,249926.0,94
201700045393,17,1,13,1215,1,2,1,1.0,6.0,94068,M,,,94
201700045394,17,3,11,450,5,2,1,1.0,3.0,94068,M,,,94
201700045395,17,3,17,1320,1,2,2,1.0,6.0,94068,M,,,94
201700045396,17,3,17,2015,5,2,3,1.0,2.0,94068,M,,,94
201700045397,17,5,2,1130,1,2,1,1.0,2.0,94068,M,,,94
201700045398,17,5,6,130,5,2,1,1.0,6.0,94068,M,,,94
201700045399,17,5,30,340,5,2,1,1.0,6.0,94068,M,,,94
201700045400,17,6,3,158,5,2,2,1.0,3.0,94068,M,4879812.0,248404.0,94
201700045401,17,12,30,1710,5,2,3,1.0,6.0,94078,M,4872872.0,244796.0,94
201700045402,17,6,12,241,5,2,1,1.0,7.0,94078,M,4875345.0,244459.0,94
201700045403,17,6,6,840,1,2,3,1.0,6.0,94077,M,4873806.0,240783.0,94
201700045404,17,6,12,1305,1,2,2,1.0,2.0,94074,M,4876673.0,244722.0,94
201700045405,17,6,12,2230,5,2,1,1.0,6.0,94077,M,4872854.0,244186.0,94
201700045406,17,6,13,1215,1,2,1,1.0,6.0,94077,M,4873578.0,242112.0,94
201700045407,17,6,14,1500,1,2,1,1.0,6.0,94074,M,4874806.0,246686.0,94
201700045408,17,6,20,750,1,2,3,1.0,6.0,94074,M,4877024.0,244056.0,94
201700045409,17,6,20,2200,5,2,3,1.0,3.0,94078,M,4873891.0,244675.0,94
201700045410,17,6,21,830,1,2,1,1.0,3.0,94078,M,4875849.0,244350.0,94
201700045411,17,6,27,1530,1,2,1,3.0,7.0,94074,M,4877024.0,244098.0,94
201700045412,17,7,2,1935,1,2,1,1.0,5.0,94074,M,4876701.0,244134.0,94
201700045413,17,7,3,1400,1,2,1,1.0,6.0,94078,M,4873670.0,246617.0,94
201700045414,17,7,6,1030,1,2,1,2.0,2.0,94078,M,4873778.0,244671.0,94
201700045415,17,7,6,1730,1,2,1,1.0,6.0,94078,M,4875503.0,244465.0,94
201700045416,17,7,9,2130,3,2,3,3.0,3.0,94078,M,4873553.0,246552.0,94
201700045417,17,7,11,50,5,2,1,1.0,2.0,94078,M,4873611.0,244675.0,94
201700045418,17,7,15,1615,1,2,1,1.0,4.0,94078,M,4873325.0,244685.0,94
201700045419,17,7,13,740,1,2,1,1.0,2.0,94074,M,4876940.0,244060.0,94
201700045420,17,7,21,2130,2,2,1,1.0,3.0,94078,M,4872967.0,244685.0,94
201700045421,17,1,2,610,5,2,9,9.0,6.0,94077,M,,,94
201700045422,17,7,23,1415,1,2,1,1.0,2.0,94074,M,4874670.0,246791.0,94
201700045423,17,7,28,1125,1,2,1,1.0,7.0,94078,M,4874650.0,245640.0,94
201700045424,17,7,30,45,5,2,1,1.0,6.0,94001,M,4872359.0,241861.0,94
201700045425,17,8,4,1310,1,2,1,1.0,2.0,94078,M,4873750.0,247028.0,94
201700045426,17,8,8,1140,1,2,1,2.0,6.0,94078,M,4875000.0,244539.0,94
201700045427,17,8,11,845,1,2,6,1.0,2.0,94074,M,4873797.0,247098.0,94
201700045428,17,8,14,2020,1,2,1,1.0,2.0,94074,M,4873845.0,247181.0,94
201700045429,17,8,16,1935,1,2,1,1.0,3.0,94074,M,4876654.0,244130.0,94
201700045430,17,8,19,725,1,2,1,1.0,6.0,94078,M,4875931.0,244340.0,94
201700045431,17,8,19,2055,5,2,1,2.0,6.0,94074,M,4875287.0,245455.0,94
201700045432,17,8,23,1630,1,1,1,1.0,2.0,94078,M,4876120.0,244276.0,94
201700045433,17,8,24,1330,1,2,1,1.0,7.0,94074,M,4876963.0,244067.0,94
201700045434,17,8,26,1740,1,2,1,1.0,2.0,94077,M,4874186.0,240856.0,94
201700045435,17,8,26,1840,1,2,3,1.0,3.0,94074,M,4874779.0,246315.0,94
201700045436,17,8,21,2140,5,2,9,1.0,6.0,94078,M,4872532.0,244567.0,94
201700045437,17,8,29,1945,2,2,4,1.0,3.0,94078,M,4872807.0,245001.0,94
201700045438,17,8,31,1740,1,2,1,1.0,3.0,94078,M,4875428.0,244440.0,94
201700045439,17,8,31,1950,1,2,1,1.0,2.0,94074,M,4874735.0,246656.0,94
201700045440,17,1,3,735,2,2,1,1.0,1.0,94074,M,,,94
201700045441,17,9,4,1520,1,2,1,1.0,1.0,94078,M,4873562.0,244667.0,94
201700045442,17,9,5,1250,1,2,1,1.0,2.0,94078,M,4874433.0,243864.0,94
201700045443,17,9,7,1250,1,2,1,1.0,2.0,94074,M,4876400.0,244212.0,94
201700045444,17,1,3,935,1,2,5,1.0,3.0,94078,M,,,94
201700045445,17,9,7,1400,1,2,1,1.0,4.0,94074,M,4876380.0,244199.0,94
201700045446,17,9,7,1542,1,2,1,1.0,6.0,94077,M,4873109.0,241902.0,94
201700045447,17,9,8,2130,3,2,1,3.0,6.0,94078,M,4873036.0,244691.0,94
201700045448,17,9,10,2145,5,2,1,1.0,3.0,94077,M,4873405.0,241180.0,94
201700045449,17,9,9,1646,1,2,1,2.0,7.0,94078,M,4873907.0,246515.0,94
201700045450,17,9,12,1745,1,2,1,1.0,6.0,94078,M,4873227.0,245606.0,94
201700045451,17,9,12,1915,1,2,1,1.0,5.0,94078,M,4873471.0,244692.0,94
201700045452,17,9,16,1105,1,2,1,1.0,4.0,94078,M,4875084.0,244546.0,94
201700045453,17,9,16,1325,1,2,1,1.0,2.0,94078,M,4873442.0,244680.0,94
201700045454,17,9,16,1720,1,2,1,1.0,3.0,94078,M,4874685.0,244811.0,94
201700045455,17,9,19,1322,1,2,2,1.0,7.0,94077,M,4873813.0,240820.0,94
201700045456,17,9,28,940,1,2,2,1.0,3.0,94077,M,4973742.0,241926.0,94
201700045457,17,9,29,1930,1,2,1,1.0,7.0,94074,M,4874186.0,242899.0,94
201700045458,17,9,29,1750,1,2,1,1.0,6.0,94077,M,,,94
201700045459,17,10,6,1745,1,2,3,1.0,3.0,94077,M,4872920.0,241870.0,94
201700045460,17,10,8,1200,1,2,1,8.0,2.0,94078,M,4872760.0,244550.0,94
201700045461,17,10,9,1510,1,2,1,1.0,1.0,94078,M,4873730.0,244647.0,94
201700045462,17,10,9,2150,5,2,2,1.0,3.0,94078,M,4875508.0,244442.0,94
201700045463,17,10,11,1235,1,2,1,1.0,1.0,94078,M,4873647.0,244685.0,94
201700045464,17,10,11,1930,5,2,1,1.0,6.0,94078,M,4872968.0,244670.0,94
201700045465,17,10,14,1945,2,2,1,1.0,6.0,94074,M,4874100.0,246700.0,94
201700045466,17,10,17,1450,1,2,1,1.0,6.0,94077,M,4873656.0,242414.0,94
201700045467,17,8,10,1640,1,2,1,1.0,3.0,94074,M,4876319.0,244213.0,94
201700045468,17,10,20,1040,1,2,2,1.0,3.0,94074,M,4874725.0,246211.0,94
201700045469,17,10,20,1820,1,2,1,1.0,5.0,94078,M,4875000.0,244000.0,94
201700045470,17,10,23,1125,1,2,1,8.0,2.0,94078,M,4873690.0,244680.0,94
201700045471,17,10,23,2100,5,2,9,3.0,2.0,94001,M,4872232.0,242147.0,94
201700045472,17,10,30,2000,4,2,1,1.0,6.0,94074,M,4876929.0,244658.0,94
201700045473,17,10,31,2250,5,2,2,1.0,2.0,94077,M,,,94
201700045474,17,11,2,850,1,2,1,1.0,5.0,94078,M,,,94
201700045475,17,11,2,1745,3,2,1,1.0,6.0,94074,M,,,94
201700045476,17,11,3,1745,2,2,1,1.0,7.0,94078,M,,,94
201700045477,17,11,3,2130,5,2,3,1.0,2.0,94078,M,4873991.0,444669.0,94
201700045478,17,11,11,1840,5,2,1,2.0,4.0,94074,M,4874686.0,246261.0,94
201700045479,17,11,14,1250,1,2,1,1.0,2.0,94078,M,,,94
201700045480,17,9,1,1607,1,2,1,1.0,6.0,94078,M,,,94
201700045481,17,11,20,1000,1,2,1,1.0,1.0,94074,M,4875700.0,245200.0,94
201700045482,17,1,4,1830,3,2,1,2.0,4.0,94078,M,4875730.0,244368.0,94
201700045483,17,11,23,1755,5,2,1,2.0,6.0,94078,M,,,94
201700045484,17,11,25,1420,1,2,1,2.0,6.0,94078,M,,,94
201700045485,17,1,4,2000,5,2,3,2.0,2.0,94078,M,4874640.0,244640.0,94
201700045486,17,11,26,733,2,2,1,8.0,1.0,94078,M,,,94
201700045487,17,11,26,1744,5,2,3,1.0,3.0,94078,M,,,94
201700045488,17,11,23,715,3,2,1,1.0,6.0,94078,M,,,94
201700045489,17,11,29,915,1,2,1,1.0,7.0,94078,M,,,94
201700045490,17,11,29,1700,2,2,1,8.0,3.0,94078,M,,,94
201700045491,17,12,2,1900,5,2,1,1.0,2.0,94078,M,4873275.0,244692.0,94
201700045492,17,11,1,1830,5,2,1,1.0,6.0,94078,M,,,94
201700045493,17,12,4,1744,2,2,1,1.0,4.0,94074,M,4874031.0,247358.0,94
201700045494,17,12,7,1650,5,2,1,2.0,6.0,94078,M,4873701.0,245239.0,94
201700045495,17,12,9,940,1,2,1,4.0,7.0,94077,M,4872833.0,240991.0,94
201700045496,17,12,13,1000,1,2,3,3.0,3.0,94001,M,4872435.0,241859.0,94
201700045497,17,12,13,1840,2,2,1,2.0,6.0,94078,M,4873000.0,244900.0,94
201700045498,17,12,9,2045,3,2,1,1.0,2.0,94078,M,4872860.0,245483.0,94
201700045499,17,12,19,1930,4,2,1,1.0,6.0,94078,M,4875100.0,245100.0,94
201700045500,17,12,21,2125,5,2,3,2.0,6.0,94074,M,4874000.0,247000.0,94
201700045501,17,12,22,835,2,2,1,1.0,6.0,94078,M,4873039.0,244696.0,94
201700045502,17,12,22,1800,5,2,2,2.0,6.0,94074,M,4876497.0,244510.0,94
201700045503,17,12,24,655,5,2,1,8.0,6.0,94078,M,4873144.0,244695.0,94
201700045504,17,12,24,1315,1,2,1,2.0,6.0,94074,M,4877043.0,244688.0,94
201700045505,17,12,24,1540,2,2,1,8.0,5.0,94077,M,4873097.0,242399.0,94
201700045506,17,2,12,750,1,2,1,1.0,6.0,94078,M,4873860.0,244683.0,94
201700045507,17,1,12,715,2,2,1,1.0,1.0,94078,M,4872350.0,244418.0,94
201700045508,17,1,12,1750,5,2,3,2.0,6.0,94078,M,,,94
201700045509,17,1,22,910,1,2,2,1.0,6.0,94077,M,,,94
201700045510,17,1,26,730,3,2,1,8.0,6.0,94078,M,,,94
201700045511,17,1,28,1115,1,2,3,1.0,6.0,94074,M,4876460.0,244167.0,94
201700045512,17,2,1,1800,5,2,3,1.0,3.0,94078,M,4876050.0,244291.0,94
201700045513,17,2,3,740,1,2,1,8.0,7.0,94078,M,,,94
201700045514,17,2,3,1310,1,2,1,1.0,6.0,94078,M,4872920.0,244704.0,94
201700045515,17,2,9,1545,1,2,3,1.0,3.0,94078,M,4876050.0,244291.0,94
201700045516,17,2,14,1650,1,2,8,1.0,2.0,94078,M,,,94
201700045517,17,2,15,2040,5,2,1,1.0,3.0,94074,M,4876410.0,244182.0,94
201700045518,17,2,16,1705,1,2,1,8.0,2.0,94078,M,,,94
201700045519,17,2,16,1940,5,2,1,2.0,6.0,94078,M,,,94
201700045520,17,2,17,2150,5,2,1,1.0,1.0,94078,M,4874690.0,244642.0,94
201700045521,17,2,16,2315,5,2,1,2.0,6.0,94078,M,4873020.0,244687.0,94
201700045522,17,2,17,1945,5,2,1,1.0,2.0,94074,M,,,94
201700045523,17,2,25,2330,5,2,2,1.0,3.0,94074,M,,,94
201700045524,17,2,27,1620,1,2,1,2.0,6.0,94001,M,,,94
201700045525,17,3,1,1300,1,2,1,3.0,3.0,94078,M,,,94
201700045526,17,3,2,1225,1,2,1,1.0,6.0,94074,M,,,94
201700045527,17,3,2,1505,1,2,1,1.0,6.0,94001,M,,,94
201700045528,17,3,4,1910,5,2,3,2.0,5.0,94078,M,,,94
201700045529,17,3,5,330,5,2,1,1.0,6.0,94078,M,,,94
201700045530,17,3,5,1540,1,2,2,2.0,2.0,94078,M,4873560.0,244680.0,94
201700045531,17,3,12,1,5,2,2,1.0,2.0,94078,M,4873560.0,244680.0,94
201700045532,17,3,12,1730,1,2,3,1.0,3.0,94074,M,4876690.0,245243.0,94
201700045533,17,3,22,1650,1,2,1,1.0,7.0,94078,M,,,94
201700045534,17,3,24,1240,1,2,3,1.0,2.0,94078,M,,,94
201700045535,17,3,27,1005,1,2,3,1.0,2.0,94074,M,4876460.0,244167.0,94
201700045536,17,3,27,1800,1,2,1,1.0,5.0,94078,M,4873160.0,244683.0,94
201700045537,17,3,29,2020,5,2,3,1.0,3.0,94077,M,,,94
201700045538,17,4,2,8,5,2,3,1.0,2.0,94078,M,4876040.0,244276.0,94
201700045539,17,4,6,1000,1,2,1,1.0,2.0,94078,M,,,94
201700045540,17,4,14,2300,5,2,1,1.0,2.0,94078,M,,,94
201700045541,17,4,16,1415,1,2,2,1.0,3.0,94078,M,,,94
201700045542,17,4,18,1750,1,2,1,1.0,6.0,94074,M,,,94