Num_Acc,an,mois,jour,hrmn,lum,agg,int,atm,col,com,gps,lat,long,dep
201700045543,17,4,21,28,5,2,3,1.0,3.0,94074,M,4876360.0,244198.0,94
201700045544,17,4,21,1655,1,2,1,1.0,6.0,94074,M,,,94
201700045545,17,4,23,700,1,2,1,1.0,6.0,94074,M,,,94
201700045546,17,4,24,1440,1,2,1,1.0,5.0,94078,M,,,94
201700045547,17,4,26,1100,1,2,3,1.0,7.0,94078,M,4873220.0,244684.0,94
201700045548,17,4,30,1140,1,2,6,1.0,3.0,94074,M,,,94
201700045549,17,4,30,2210,5,2,1,3.0,3.0,94001,M,,,94
201700045550,17,5,1,130,5,2,3,1.0,3.0,94078,M,,,94
201700045551,17,5,2,1345,1,2,3,1.0,4.0,94078,M,4873300.0,244681.0,94
201700045552,17,5,2,2100,5,2,1,1.0,6.0,94078,M,,,94
201700045553,17,5,8,5,3,2,1,1.0,3.0,94001,M,,,94
201700045554,17,5,10,2240,5,2,1,1.0,6.0,94078,M,,,94
201700045555,17,5,11,2000,5,2,6,2.0,3.0,94078,M,,,94
201700045556,17,5,13,1515,1,2,1,1.0,6.0,94078,M,,,94
201700045557,17,5,16,1500,1,2,3,1.0,6.0,94074,M,,,94
201700045558,17,5,17,2050,1,2,9,2.0,6.0,94078,M,,,94
201700045559,17,5,19,1445,1,2,2,1.0,3.0,94077,M,,,94
201700045560,17,5,20,1440,1,2,3,1.0,6.0,94078,M,,,94
201700045561,17,5,22,1645,1,2,1,1.0,1.0,94078,M,4873030.0,244686.0,94
201700045562,17,6,3,1715,1,2,3,2.0,1.0,94078,M,4875404.0,244869.0,94
201700045563,17,6,6,550,1,2,2,3.0,3.0,94078,M,4872896.0,244711.0,94
201700045564,17,1,18,1240,1,2,1,1.0,7.0,94067,M,,,94
201700045565,17,12,24,2000,5,2,1,1.0,3.0,94080,M,,,94
201700045566,17,2,13,1205,1,2,1,1.0,6.0,94067,M,,,94
201700045567,17,2,19,1630,1,2,3,1.0,6.0,94080,M,,,94
201700045568,17,2,16,1644,1,2,2,1.0,6.0,94067,M,,,94
201700045569,17,2,20,915,1,2,1,2.0,6.0,94080,M,,,94
201700045570,17,2,22,1430,1,2,1,1.0,6.0,94080,M,,,94
201700045571,17,1,4,830,1,2,2,1.0,6.0,94067,M,,,94
201700045572,17,2,28,1650,1,2,1,1.0,6.0,94080,M,,,94
201700045573,17,3,2,1215,1,2,2,1.0,2.0,94067,M,,,94
201700045574,17,3,26,930,1,2,1,1.0,6.0,94080,M,,,94
201700045575,17,3,12,1210,1,2,1,1.0,2.0,94080,M,,,94
201700045576,17,3,23,2140,2,2,1,1.0,3.0,94067,M,,,94
201700045577,17,3,10,1835,1,2,1,1.0,7.0,94080,M,,,94
201700045578,17,4,20,1830,1,2,4,1.0,3.0,94080,M,,,94
201700045579,17,3,24,1,5,2,2,1.0,6.0,94080,M,,,94
201700045580,17,3,6,1424,1,2,2,1.0,6.0,94080,M,,,94
201700045581,17,5,13,305,5,2,1,1.0,6.0,94080,M,,,94
201700045582,17,5,28,450,5,2,1,1.0,6.0,94080,M,,,94
201700045583,17,5,24,1800,1,2,1,1.0,7.0,94080,M,,,94
201700045584,17,4,3,1740,1,2,1,1.0,7.0,94067,M,,,94
201700045585,17,4,9,2030,2,2,1,1.0,6.0,94080,M,,,94
201700045586,17,5,15,2135,5,2,2,1.0,3.0,94080,M,,,94
201700045587,17,4,2,615,5,2,1,1.0,6.0,94067,M,,,94
201700045588,17,6,3,1810,1,2,3,1.0,3.0,94080,M,4884110.0,243289.0,94
201700045589,17,6,3,2100,1,2,2,1.0,3.0,94067,M,4884487.0,242100.0,94
201700045590,17,6,5,2030,1,2,3,1.0,3.0,94067,M,4884610.0,241836.0,94
201700045591,17,6,7,2010,1,2,2,1.0,3.0,94080,M,4884454.0,243947.0,94
201700045592,17,6,8,1345,1,2,2,1.0,1.0,94080,M,4884525.0,243159.0,94
201700045593,17,6,12,955,1,2,1,1.0,3.0,94080,M,4884474.0,243742.0,94
201700045594,17,6,14,1730,1,2,2,1.0,6.0,94067,M,4884359.0,241755.0,94
201700045595,17,6,15,1700,1,2,1,1.0,6.0,94080,M,4885075.0,243996.0,94
201700045596,17,6,17,1955,2,2,2,1.0,3.0,94067,M,4884365.0,241764.0,94
201700045597,17,6,19,1330,1,2,2,1.0,3.0,94067,M,4883946.0,241908.0,94
201700045598,17,6,22,1345,1,2,1,1.0,6.0,94080,M,4884632.0,241886.0,94
201700045599,17,6,23,1500,1,2,1,1.0,1.0,94067,M,4883553.0,241924.0,94
201700045600,17,6,28,1310,1,2,1,1.0,3.0,94080,M,4884862.0,243180.0,94
201700045601,17,7,1,1135,1,2,1,3.0,6.0,94080,M,4884495.0,243491.0,94
201700045602,17,7,12,1100,1,2,3,1.0,2.0,94080,M,4884116.0,243231.0,94
201700045603,17,7,26,910,1,2,1,1.0,3.0,94080,M,4884545.0,242912.0,94
201700045604,17,8,3,1925,1,2,1,1.0,6.0,94067,M,4884510.0,242011.0,94
201700045605,17,8,17,1400,1,2,5,8.0,6.0,94080,M,4884460.0,243869.0,94
201700045606,17,8,25,1330,1,2,1,2.0,7.0,94080,M,4885273.0,244100.0,94
201700045607,17,9,2,1045,1,2,1,1.0,6.0,94080,M,4884852.0,242579.0,94
201700045608,17,9,18,710,2,2,1,1.0,3.0,94080,M,,,94
201700045609,17,9,27,1150,1,2,2,8.0,3.0,94080,M,4885170.0,244445.0,94
201700045610,17,10,2,2015,5,2,1,1.0,6.0,94080,M,4884775.0,244225.0,94
201700045611,17,10,2,1930,5,2,1,1.0,6.0,94080,M,4884454.0,243861.0,94
201700045612,17,10,5,2030,5,2,1,1.0,7.0,94080,M,4884783.0,243826.0,94
201700045613,17,10,10,1120,1,2,1,1.0,6.0,94080,M,4884835.0,243352.0,94
201700045614,17,10,16,1720,1,2,1,1.0,6.0,94080,M,4885559.0,242811.0,94
201700045615,17,10,27,1855,5,2,1,1.0,2.0,94067,M,4884623.0,241843.0,94
201700045616,17,10,31,1235,1,2,1,1.0,6.0,94080,M,,,94
201700045617,17,11,3,1450,1,2,3,1.0,3.0,94080,M,,,94
201700045618,17,11,3,1740,5,2,3,1.0,3.0,94080,M,,,94
201700045619,17,11,5,230,5,2,1,2.0,6.0,94080,M,,,94
201700045620,17,11,9,1840,5,2,1,1.0,2.0,94080,M,,,94
201700045621,17,11,10,1110,1,2,1,8.0,3.0,94080,M,,,94
201700045622,17,11,11,1850,5,2,1,2.0,2.0,94080,M,,,94
201700045623,17,11,12,1320,1,2,1,3.0,7.0,94080,M,,,94
201700045624,17,11,15,755,1,2,2,8.0,3.0,94080,M,,,94
201700045625,17,11,15,1805,5,2,1,1.0,3.0,94080,M,,,94
201700045626,17,11,21,950,1,2,1,1.0,6.0,94080,M,,,94
201700045627,17,11,27,1920,5,2,1,2.0,6.0,94080,M,,,94
201700045628,17,12,4,1525,1,2,2,1.0,3.0,94080,M,4884495.0,243455.0,94
201700045629,17,12,18,830,1,2,2,1.0,1.0,94067,M,4883501.0,241980.0,94
201700045630,17,12,19,1945,5,2,1,1.0,1.0,94080,M,4884882.0,242676.0,94
201700045631,17,1,2,1740,5,2,2,2.0,3.0,94081,M,,,94
201700045632,17,1,4,2350,5,2,1,1.0,6.0,94081,M,,,94
201700045633,17,1,6,1900,2,2,1,1.0,3.0,94081,M,,,94
201700045634,17,1,7,2105,5,2,2,2.0,7.0,94081,M,,,94
201700045635,17,1,13,1020,1,2,2,8.0,6.0,94081,M,,,94
201700045636,17,1,17,920,1,2,1,1.0,7.0,94081,M,,,94
201700045637,17,1,19,1535,1,2,2,1.0,3.0,94081,M,,,94
201700045638,17,1,23,1825,5,2,1,1.0,3.0,94081,M,,,94
201700045639,17,1,24,2145,5,2,6,9.0,6.0,94081,M,4879230.0,238625.0,94
201700045640,17,2,2,2000,5,2,1,1.0,6.0,94081,M,,,94
201700045641,17,2,3,1930,5,2,2,2.0,6.0,94081,M,,,94
201700045642,17,2,3,1840,5,2,1,2.0,3.0,94081,M,,,94
201700045643,17,2,9,1400,1,2,1,1.0,3.0,94081,M,,,94
201700045644,17,2,10,730,5,2,2,1.0,6.0,94081,M,,,94
201700045645,17,2,10,1120,1,2,6,1.0,3.0,94081,M,,,94
201700045646,17,2,10,1915,5,2,2,1.0,6.0,94081,M,,,94
201700045647,17,2,17,2315,5,2,1,1.0,3.0,94081,M,,,94
201700045648,17,2,20,1155,1,2,3,1.0,6.0,94081,M,,,94
201700045649,17,2,22,1555,1,2,1,1.0,3.0,94081,M,,,94
201700045650,17,2,26,115,3,1,1,1.0,2.0,94081,M,4877340.0,240308.0,94
201700045651,17,2,26,2255,5,2,1,1.0,4.0,94081,M,,,94
201700045652,17,2,27,1150,1,2,1,2.0,6.0,94081,M,,,94
201700045653,17,2,28,1736,1,2,1,1.0,6.0,94081,M,,,94
201700045654,17,3,1,1650,2,2,1,2.0,3.0,94081,M,,,94
201700045655,17,3,8,545,5,2,1,3.0,3.0,94081,M,,,94
201700045656,17,3,11,1545,1,2,1,1.0,6.0,94081,M,,,94
201700045657,17,3,13,1245,1,2,3,1.0,3.0,94081,M,,,94
201700045658,17,3,17,2240,3,2,3,1.0,3.0,94081,M,,,94
201700045659,17,3,18,1010,1,2,3,2.0,3.0,94081,M,,,94
201700045660,17,3,31,1750,1,2,1,1.0,6.0,94081,M,,,94
201700045661,17,4,6,1750,1,2,2,1.0,3.0,94081,M,,,94
201700045662,17,4,6,2030,5,2,2,1.0,6.0,94081,M,,,94
201700045663,17,4,8,1215,1,2,3,1.0,6.0,94081,M,,,94
201700045664,17,4,9,1935,1,2,1,1.0,7.0,94081,M,,,94
201700045665,17,4,11,1645,1,2,1,1.0,6.0,94081,M,,,94
201700045666,17,4,13,35,5,2,1,1.0,6.0,94081,M,,,94
201700045667,17,4,13,2105,1,2,1,1.0,3.0,94081,M,,,94
201700045668,17,4,13,2105,5,2,5,1.0,3.0,94081,M,,,94
201700045669,17,4,14,1430,1,2,2,1.0,3.0,94081,M,,,94
201700045670,17,4,18,1227,1,2,2,2.0,3.0,94081,M,,,94
201700045671,17,4,19,2200,5,2,3,1.0,3.0,94081,M,,,94
201700045672,17,4,22,1050,1,2,1,1.0,3.0,94081,M,,,94
201700045673,17,4,28,1000,1,2,1,2.0,6.0,94081,M,,,94
201700045674,17,4,29,1505,1,2,1,1.0,6.0,94081,M,,,94
201700045675,17,5,7,1835,1,2,2,1.0,2.0,94081,M,,,94
201700045676,17,5,12,1540,1,2,6,1.0,7.0,94081,M,,,94
201700045677,17,5,26,1845,1,2,2,1.0,3.0,94081,M,,,94
201700045678,17,6,2,1530,1,2,2,2.0,3.0,94081,M,4878790.0,240659.0,94
201700045679,17,6,6,1520,1,2,2,1.0,6.0,94076,M,4878862.0,237531.0,94
201700045680,17,6,7,1615,1,2,1,1.0,2.0,94081,M,4877761.0,240126.0,94
201700045681,17,6,11,2040,1,2,3,1.0,5.0,94081,M,4879947.0,238084.0,94
201700045682,17,6,12,1820,1,2,1,1.0,2.0,94081,M,4878241.0,239206.0,94
201700045683,17,6,14,1520,1,2,1,1.0,1.0,94081,M,4878306.0,238040.0,94
201700045684,17,6,16,1200,1,2,1,1.0,4.0,94081,M,4877554.0,240912.0,94
201700045685,17,6,17,1545,1,2,1,1.0,6.0,94081,M,4878299.0,239404.0,94
201700045686,17,6,19,1720,1,2,1,1.0,6.0,94081,M,4879235.0,239516.0,94
201700045687,17,6,20,930,1,1,4,1.0,3.0,94081,M,4878230.0,239451.0,94
201700045688,17,6,22,1720,1,2,1,1.0,6.0,94081,M,4879336.0,239584.0,94
201700045689,17,6,26,1700,1,2,1,1.0,4.0,94081,M,4879071.0,238079.0,94
201700045690,17,6,26,2000,1,2,1,1.0,7.0,94081,M,4879896.0,238892.0,94
201700045691,17,6,27,1520,1,1,1,3.0,6.0,94081,M,4879585.0,238402.0,94
201700045692,17,6,28,1955,1,2,1,1.0,6.0,94081,M,4878161.0,237791.0,94
201700045693,17,7,2,2035,1,2,1,1.0,2.0,94081,M,,,94
201700045694,17,7,3,1900,1,2,1,1.0,6.0,94081,M,,,94
201700045695,17,7,4,100,5,2,2,1.0,6.0,94081,M,,,94
201700045696,17,7,10,1715,1,1,9,3.0,5.0,94081,M,,,94
201700045697,17,7,11,1200,1,2,2,1.0,3.0,94081,M,,,94
201700045698,17,7,11,1540,1,2,9,1.0,6.0,94081,M,,,94
201700045699,17,7,22,1430,1,2,3,1.0,1.0,94081,M,,,94
201700045700,17,7,22,1935,1,2,1,3.0,6.0,94081,M,,,94
201700045701,17,7,26,955,1,2,1,1.0,3.0,94081,M,,,94
201700045702,17,7,27,930,1,2,1,1.0,6.0,94081,M,,,94
201700045703,17,7,27,2035,1,2,1,1.0,2.0,94081,M,,,94
201700045704,17,8,2,1100,1,2,1,1.0,7.0,94081,M,,,94
201700045705,17,8,5,1815,1,2,1,1.0,3.0,94081,M,,,94
201700045706,17,8,5,45,4,2,1,1.0,6.0,94081,M,,,94
201700045707,17,8,12,1705,1,2,3,2.0,3.0,94081,M,,,94
201700045708,17,8,14,220,5,2,3,1.0,3.0,94081,M,,,94
201700045709,17,8,10,1805,1,2,9,1.0,3.0,94081,M,,,94
201700045710,17,8,28,1015,1,2,3,1.0,1.0,94081,M,,,94
201700045711,17,8,29,1810,1,2,1,1.0,3.0,94081,M,,,94
201700045712,17,9,5,1610,1,2,1,1.0,3.0,94081,M,,,94
201700045713,17,9,5,1830,1,2,1,1.0,3.0,94081,M,,,94
201700045714,17,9,13,1215,1,2,8,2.0,3.0,94081,M,,,94
201700045715,17,9,14,1125,1,2,2,1.0,6.0,94081,M,,,94
201700045716,17,9,16,55,5,2,3,1.0,3.0,94081,M,,,94
201700045717,17,9,19,1530,1,2,1,1.0,6.0,94081,M,,,94
201700045718,17,9,19,1755,1,2,1,1.0,3.0,94081,M,,,94
201700045719,17,9,20,1720,1,2,1,1.0,6.0,94081,M,,,94
201700045720,17,9,21,1025,1,2,1,1.0,2.0,94081,M,,,94
201700045721,17,9,21,1410,1,2,1,1.0,3.0,94081,M,,,94
201700045722,17,9,21,1645,1,2,9,1.0,6.0,94081,M,,,94
201700045723,17,9,21,2210,5,2,1,1.0,3.0,94081,M,,,94
201700045724,17,9,25,2155,5,2,3,2.0,3.0,94081,M,,,94
201700045725,17,9,28,2255,5,2,2,1.0,3.0,94081,M,,,94
201700045726,17,9,30,1400,1,2,1,1.0,2.0,94081,M,,,94
201700045727,17,10,2,1040,1,2,3,8.0,6.0,94081,M,4878240.0,238078.0,94
201700045728,17,10,4,2145,5,2,2,1.0,3.0,94081,M,4878334.0,238272.0,94
201700045729,17,10,6,2250,5,2,3,1.0,6.0,94081,M,4877810.0,240260.0,94
201700045730,17,10,9,1545,1,2,1,1.0,6.0,94081,M,4879411.0,240025.0,94
201700045731,17,10,10,1505,1,2,1,1.0,3.0,94081,M,4879987.0,240120.0,94
201700045732,17,10,11,1250,1,2,1,1.0,6.0,94081,M,4878741.0,239692.0,94
201700045733,17,10,13,1845,2,2,2,1.0,3.0,94081,M,4879000.0,241000.0,94
201700045734,17,10,18,1130,1,2,1,1.0,6.0,94081,M,4878400.0,239200.0,94
201700045735,17,10,20,1620,1,2,1,1.0,6.0,94081,M,4880129.0,237923.0,94
201700045736,17,10,21,705,5,2,1,1.0,7.0,94081,M,4879223.0,238638.0,94
201700045737,17,10,26,1310,1,2,2,1.0,3.0,94081,M,4879475.0,241794.0,94
201700045738,17,10,31,1515,1,2,3,1.0,3.0,94081,M,,,94
201700045739,17,11,6,930,1,2,6,1.0,6.0,94081,M,,,94
201700045740,17,11,9,1450,1,2,2,1.0,3.0,94081,M,,,94
201700045741,17,11,11,1620,1,2,2,2.0,2.0,94081,M,4879416.0,240062.0,94
201700045742,17,11,11,1835,1,2,3,,,94081,M,,,94
201700045743,17,11,13,1000,1,2,3,1.0,3.0,94081,M,,,94
201700045744,17,11,9,1730,1,2,1,1.0,6.0,94081,M,,,94
201700045745,17,11,10,1354,1,2,1,1.0,6.0,94081,M,,,94
201700045746,17,11,16,830,1,2,1,1.0,2.0,94081,M,,,94
201700045747,17,11,16,1620,2,2,1,1.0,6.0,94081,M,,,94
201700045748,17,11,17,735,2,2,5,2.0,6.0,94081,M,,,94
201700045749,17,11,17,910,1,2,1,2.0,6.0,94081,M,4878496.0,238854.0,94
201700045750,17,11,20,925,1,2,1,8.0,6.0,94081,M,,,94
201700045751,17,11,23,625,4,2,1,1.0,1.0,94081,M,,,94
201700045752,17,11,25,900,1,2,1,1.0,6.0,94081,M,,,94
201700045753,17,11,26,1750,3,1,1,1.0,3.0,94081,M,,,94
201700045754,17,11,27,1700,5,2,1,2.0,3.0,94081,M,,,94
201700045755,17,11,30,1840,2,2,3,8.0,6.0,94081,M,,,94
201700045756,17,12,2,2140,5,2,2,1.0,3.0,94081,M,4878930.0,238899.0,94
201700045757,17,12,7,1645,5,2,1,2.0,6.0,94081,M,4877793.0,237656.0,94
201700045758,17,12,11,945,1,2,1,8.0,3.0,94081,M,4879364.0,241321.0,94
201700045759,17,12,11,1639,1,2,1,2.0,6.0,94081,M,4879173.0,238695.0,94
201700045760,17,12,12,1834,5,2,1,1.0,7.0,94081,M,4879580.0,241677.0,94
201700045761,17,12,13,15,5,2,1,9.0,7.0,94081,M,4878307.0,239397.0,94
201700045762,17,12,12,1545,1,2,1,1.0,6.0,94081,M,4878976.0,239044.0,94
201700045763,17,12,14,955,1,2,1,9.0,6.0,94081,M,4878000.0,240000.0,94
201700045764,17,12,15,1745,5,2,1,1.0,6.0,94081,M,4879103.0,239358.0,94
201700045765,17,12,16,2330,5,2,1,2.0,2.0,94081,M,4879865.0,238154.0,94
201700045766,17,12,18,1855,5,2,1,1.0,3.0,94081,M,4879000.0,238400.0,94
201700045767,17,12,20,1625,1,2,1,2.0,2.0,94081,M,,,94
201700045768,17,12,21,1800,5,2,1,2.0,6.0,94081,M,4879147.0,238234.0,94
201700045769,17,12,16,555,3,2,3,1.0,2.0,94081,M,4878598.0,239156.0,94
201700045770,17,12,29,1445,1,2,1,3.0,6.0,94081,M,4877887.0,240023.0,94
201700045771,17,2,19,2145,5,2,1,1.0,6.0,94081,M,,,94
201700045772,17,1,4,810,2,2,2,2.0,6.0,95018,M,4894050.0,222370.0,95
201700045773,17,12,26,700,5,2,1,2.0,6.0,95018,M,4894610.0,223310.0,95
201700045774,17,1,10,1305,1,2,2,2.0,3.0,95018,M,4894093.0,221687.0,95
201700045775,17,1,10,944,1,2,1,1.0,3.0,95063,M,4893860.0,220820.0,95
201700045776,17,1,15,1000,1,2,3,1.0,3.0,95018,M,4895210.0,226690.0,95
201700045777,17,1,16,1430,1,2,3,1.0,3.0,95018,M,4894610.0,220620.0,95
201700045778,17,1,16,1555,1,2,1,1.0,6.0,95063,M,4892360.0,221740.0,95
201700045779,17,1,19,838,1,2,3,1.0,6.0,95063,M,4892340.0,221920.0,95
201700045780,17,1,20,755,2,2,3,1.0,6.0,95018,M,4895210.0,224290.0,95
201700045781,17,1,20,1345,1,2,1,1.0,6.0,95018,M,4895360.0,222410.0,95
201700045782,17,1,25,1645,1,2,2,1.0,1.0,95018,M,4893920.0,224370.0,95
201700045783,17,1,25,1820,5,2,2,1.0,3.0,95063,M,4893140.0,221160.0,95
201700045784,17,1,28,635,5,2,3,1.0,3.0,95018,M,4895570.0,227570.0,95
201700045785,17,1,26,1020,1,2,1,1.0,6.0,95018,M,4895590.0,225020.0,95
201700045786,17,2,1,1830,5,1,3,1.0,5.0,95018,M,4893690.0,224550.0,95
201700045787,17,2,9,1725,1,2,3,1.0,3.0,95018,M,4895290.0,226930.0,95
201700045788,17,2,10,215,5,2,1,1.0,6.0,95018,M,4896320.0,224690.0,95
201700045789,17,2,8,1720,1,2,2,1.0,6.0,95063,M,4893270.0,221920.0,95
201700045790,17,2,4,1837,2,2,2,1.0,3.0,95018,M,4894780.0,222730.0,95
201700045791,17,2,28,1600,1,2,1,1.0,6.0,95176,M,4896740.0,218910.0,95
201700045792,17,3,2,930,1,2,1,1.0,6.0,95176,M,4895420.0,218640.0,95
201700045793,17,3,6,730,1,2,1,1.0,6.0,95063,M,4892810.0,221510.0,95
201700045794,17,3,6,1928,2,2,1,2.0,3.0,95018,M,4895680.0,221010.0,95
201700045795,17,3,10,1750,1,2,1,1.0,6.0,95018,M,4893570.0,223750.0,95
201700045796,17,3,15,840,1,2,1,1.0,3.0,95018,M,4894190.0,224190.0,95
201700045797,17,3,11,2120,5,2,1,1.0,3.0,95018,M,4895060.0,223030.0,95
201700045798,17,3,21,1932,5,2,1,1.0,3.0,95018,M,4895060.0,223010.0,95
201700045799,17,3,16,1645,1,2,1,1.0,3.0,95018,M,4894380.0,225130.0,95
201700045800,17,3,14,1330,1,2,2,1.0,3.0,95063,M,4893420.0,220910.0,95
201700045801,17,3,23,1320,1,2,1,1.0,6.0,95018,M,4895390.0,229050.0,95
201700045802,17,3,30,2125,5,1,3,1.0,3.0,95063,M,4892510.0,222490.0,95
201700045803,17,4,3,2140,5,2,1,1.0,6.0,95063,M,4892360.0,220840.0,95
201700045804,17,4,2,1926,1,2,1,1.0,6.0,95018,M,4894110.0,224630.0,95
201700045805,17,4,11,1712,1,2,2,1.0,6.0,95018,M,4894420.0,225090.0,95
201700045806,17,4,13,1630,1,2,3,1.0,4.0,95063,M,4892320.0,221220.0,95
201700045807,17,3,26,1745,1,2,2,1.0,3.0,95018,M,4896090.0,225550.0,95
201700045808,17,4,19,1140,1,2,2,1.0,3.0,95018,M,4894560.0,223330.0,95
201700045809,17,4,30,2110,1,2,1,1.0,2.0,95063,M,4892920.0,221390.0,95
201700045810,17,4,30,2325,5,2,3,2.0,6.0,95063,M,4892280.0,220690.0,95
201700045811,17,5,3,840,1,2,3,2.0,5.0,95018,M,4894390.0,224110.0,95
201700045812,17,5,5,1955,1,2,1,1.0,6.0,95018,M,4894020.0,223440.0,95
201700045813,17,5,3,1815,1,2,1,1.0,6.0,95018,M,4894410.0,223420.0,95
201700045814,17,5,19,1600,1,2,1,3.0,3.0,95018,M,4894710.0,225390.0,95
201700045815,17,5,11,945,1,2,2,1.0,6.0,95063,M,4893150.0,221170.0,95
201700045816,17,5,19,1634,1,2,1,2.0,2.0,95018,M,4894680.0,223760.0,95
201700045817,17,5,29,1245,1,2,1,1.0,6.0,95018,M,4894860.0,225280.0,95
201700045818,17,5,23,1730,1,2,1,1.0,3.0,95063,M,4893970.0,220680.0,95
201700045819,17,5,14,1,5,2,3,1.0,6.0,95063,M,4892020.0,220130.0,95
201700045820,17,5,24,2000,1,2,3,1.0,5.0,95063,M,4892510.0,220750.0,95
201700045821,17,6,1,1639,1,2,2,1.0,3.0,95018,M,4894840.0,223770.0,95
201700045822,17,6,6,930,1,2,1,1.0,6.0,95018,M,4894130.0,221350.0,95
201700045823,17,6,8,1019,1,2,1,1.0,3.0,95176,M,4897170.0,219710.0,95
201700045824,17,6,14,1830,1,2,1,1.0,6.0,95018,M,4894720.0,222970.0,95
201700045825,17,4,14,1112,1,2,2,1.0,3.0,95018,M,4894170.0,223450.0,95
201700045826,17,6,17,2245,5,2,2,1.0,3.0,95063,M,4893260.0,220550.0,95
201700045827,17,5,16,1145,1,2,2,1.0,1.0,95018,M,4894010.0,224510.0,95
201700045828,17,6,28,1850,1,2,3,8.0,3.0,95018,M,4893660.0,224520.0,95
201700045829,17,4,26,725,1,2,1,1.0,6.0,95018,M,4894670.0,225370.0,95
201700045830,17,7,17,2340,5,2,3,1.0,3.0,95018,M,4895260.0,221520.0,95
201700045831,17,7,22,2222,5,2,2,1.0,3.0,95063,M,4893360.0,220450.0,95
201700045832,17,7,24,634,2,1,1,1.0,1.0,95018,M,4896190.0,222030.0,95
201700045833,17,7,25,2120,2,2,1,1.0,2.0,95018,M,4894140.0,220860.0,95
201700045834,17,5,1,1225,1,2,1,1.0,6.0,95018,M,4894130.0,224690.0,95
201700045835,17,8,6,430,5,2,2,1.0,6.0,95063,M,4893774.0,220700.0,95
201700045836,17,4,3,855,1,2,2,1.0,2.0,95018,M,4894160.0,224450.0,95
201700045837,17,8,1,1200,1,2,8,1.0,7.0,95063,M,4892240.0,221790.0,95
201700045838,17,4,28,1955,1,2,1,1.0,3.0,95018,M,4895580.0,227710.0,95
201700045839,17,8,5,418,5,2,2,2.0,3.0,95018,M,4894120.0,224040.0,95
201700045840,17,4,11,2120,5,2,1,1.0,7.0,95063,M,4892260.0,221780.0,95
201700045841,17,7,21,400,5,2,1,1.0,2.0,95018,M,4894660.0,226610.0,95
201700045842,17,6,16,1958,1,2,2,1.0,6.0,95018,M,4894570.0,223340.0,95
201700045843,17,5,29,1900,1,2,1,1.0,6.0,95018,M,4894280.0,221210.0,95
201700045844,17,8,27,2345,5,2,1,1.0,5.0,95063,M,4893810.0,220790.0,95
201700045845,17,8,18,1700,1,2,2,1.0,2.0,95063,M,4893260.0,220540.0,95
201700045846,17,9,2,1950,2,2,2,1.0,2.0,95018,M,4894040.0,222370.0,95
201700045847,17,9,8,15,5,2,3,1.0,1.0,95257,M,4898430.0,218170.0,95
201700045848,17,8,17,1920,1,2,1,1.0,1.0,95257,M,4897810.0,217650.0,95
201700045849,17,7,9,1500,1,2,1,1.0,6.0,95018,M,4893990.0,223560.0,95
201700045850,17,8,31,628,5,2,2,1.0,3.0,95018,M,4895250.0,224360.0,95
201700045851,17,9,13,1945,2,2,3,2.0,3.0,95063,M,4893270.0,220740.0,95
201700045852,17,9,7,816,1,2,1,1.0,6.0,95018,M,4895530.0,224170.0,95
201700045853,17,9,19,1743,1,2,1,1.0,1.0,95018,M,4893460.0,222470.0,95
201700045854,17,9,25,1850,1,2,3,1.0,3.0,95018,M,4895130.0,221080.0,95
201700045855,17,9,19,1755,2,2,1,1.0,2.0,95063,M,4892910.0,222550.0,95
201700045856,17,10,10,1005,1,2,1,1.0,6.0,95063,M,4892790.0,222170.0,95
201700045857,17,10,7,1631,1,2,1,1.0,6.0,95018,M,4893920.0,224780.0,95
201700045858,17,10,5,625,5,2,2,1.0,6.0,95018,M,4894420.0,225090.0,95
201700045859,17,8,18,720,1,2,1,1.0,6.0,95018,M,4894690.0,223850.0,95
201700045860,17,10,30,1350,1,2,1,1.0,3.0,95063,M,4893370.0,220960.0,95
201700045861,17,11,1,2015,5,1,1,1.0,6.0,95018,M,4894240.0,225650.0,95
201700045862,17,11,8,2118,5,2,2,1.0,3.0,95018,M,4894520.0,224890.0,95
201700045863,17,11,10,1515,1,2,1,1.0,6.0,95018,M,4894150.0,220810.0,95
201700045864,17,11,19,1705,5,2,1,1.0,6.0,95018,M,4895550.0,224160.0,95
201700045865,17,11,27,704,2,2,1,1.0,6.0,95063,M,4892390.0,221980.0,95
201700045866,17,12,5,1330,1,2,1,1.0,6.0,95063,M,4893180.0,222010.0,95
201700045867,17,12,6,853,1,2,1,1.0,6.0,95018,M,4894510.0,223970.0,95
201700045868,17,12,14,2120,5,2,2,2.0,6.0,95018,M,4894120.0,224040.0,95
201700045869,17,12,20,1555,1,2,3,2.0,3.0,95063,M,4892410.0,220450.0,95
201700045870,17,1,4,920,1,2,2,8.0,3.0,95572,M,4905150.0,213240.0,95
201700045871,17,1,6,1925,5,2,2,1.0,6.0,95127,M,4904670.0,203510.0,95
201700045872,17,1,12,2250,5,1,1,3.0,6.0,95218,M,4902840.0,209470.0,95
201700045873,17,1,20,735,5,2,6,1.0,6.0,95127,M,4903880.0,207680.0,95
201700045874,17,2,18,1650,1,2,1,1.0,2.0,95572,M,4904110.0,211340.0,95
201700045875,17,1,1,1925,5,2,3,1.0,3.0,95127,M,4905230.0,200769.0,95
201700045876,17,2,26,1845,3,1,1,1.0,6.0,95127,M,,,95
201700045877,17,3,7,1920,5,2,1,1.0,6.0,95476,M,4904960.0,207480.0,95
201700045878,17,3,24,1745,1,2,1,1.0,6.0,95127,M,4904550.0,201149.0,95
201700045879,17,4,2,1300,1,2,1,1.0,6.0,95323,M,4901320.0,202769.0,95
201700045880,17,4,9,645,2,2,1,1.0,1.0,95488,M,4900510.0,217390.0,95