Num_Acc,an,mois,jour,hrmn,lum,agg,int,atm,col,com,gps,lat,long,dep
201700045881,17,5,5,2126,5,2,2,1.0,3.0,95218,M,4902310.0,211080.0,95
201700045882,17,5,22,1800,1,2,1,1.0,3.0,95306,M,4900240.0,217610.0,95
201700045883,17,5,24,2040,1,2,1,1.0,6.0,95388,M,4902850.0,198850.0,95
201700045884,17,5,30,1145,1,2,1,1.0,2.0,95127,M,4905110.0,201060.0,95
201700045885,17,6,4,1110,1,1,1,1.0,6.0,95510,M,4906010.0,202179.0,95
201700045886,17,6,10,5,3,1,1,1.0,7.0,95127,M,4904650.0,207310.0,95
201700045887,17,6,13,1850,1,2,3,1.0,3.0,95500,M,4904970.0,210330.0,95
201700045888,17,6,16,951,1,2,2,1.0,3.0,95500,M,4905140.0,210040.0,95
201700045889,17,6,19,2003,1,1,1,1.0,1.0,95450,M,4902560.0,204170.0,95
201700045890,17,6,24,1225,1,1,1,1.0,2.0,95510,M,4905860.0,201220.0,95
201700045891,17,6,26,1805,1,2,1,1.0,6.0,95127,M,4904310.0,205410.0,95
201700045892,17,7,12,1220,1,2,3,8.0,3.0,95572,M,4905420.0,212550.0,95
201700045893,17,7,26,1900,1,2,2,2.0,3.0,95488,M,4902430.0,215180.0,95
201700045894,17,8,22,1630,1,1,1,1.0,2.0,95127,M,4904770.0,207140.0,95
201700045895,17,8,26,135,5,1,1,1.0,6.0,95476,M,4907630.0,207779.0,95
201700045896,17,9,2,520,3,2,6,8.0,6.0,95488,M,4900870.0,216780.0,95
201700045897,17,9,16,1920,1,2,1,2.0,4.0,95218,M,4901350.0,208979.0,95
201700045898,17,9,18,1630,1,2,6,2.0,3.0,95127,M,4903650.0,208190.0,95
201700045899,17,9,21,20,3,1,1,1.0,1.0,95127,M,4905430.0,200369.0,95
201700045900,17,9,22,1650,1,2,1,1.0,6.0,95500,M,4904820.0,210070.0,95
201700045901,17,10,5,2130,5,2,1,8.0,6.0,95218,M,4902830.0,209790.0,95
201700045902,17,10,17,2021,3,2,1,1.0,6.0,95500,M,4906390.0,209890.0,95
201700045903,17,10,20,2250,3,1,1,1.0,4.0,95510,M,4905970.0,201330.0,95
201700045904,17,10,28,330,3,1,1,1.0,1.0,95476,M,4905680.0,204290.0,95
201700045905,17,11,2,2130,5,2,2,1.0,3.0,95500,M,4905770.0,209580.0,95
201700045906,17,11,12,1900,5,2,1,1.0,4.0,95323,M,4901050.0,205819.0,95
201700045907,17,11,17,1700,1,2,1,1.0,6.0,95218,M,4902230.0,211010.0,95
201700045908,17,11,25,1250,1,2,6,2.0,3.0,95127,M,4904820.0,204510.0,95
201700045909,17,12,4,1710,5,2,1,1.0,6.0,95323,M,4902070.0,202179.0,95
201700045910,17,12,4,435,3,1,1,5.0,2.0,95127,M,4904660.0,207320.0,95
201700045911,17,12,11,2146,4,2,2,2.0,5.0,95218,M,4902440.0,210370.0,95
201700045912,17,12,14,2250,5,2,2,2.0,3.0,95500,M,4904490.0,208829.0,95
201700045913,17,12,15,1308,1,2,1,3.0,6.0,95500,M,4905150.0,210690.0,95
201700045914,17,12,24,225,5,2,2,1.0,3.0,95127,M,4904620.0,204029.0,95
201700045915,17,12,25,2020,5,2,1,1.0,6.0,95127,M,4904310.0,205410.0,95
201700045916,17,12,27,1432,1,2,1,2.0,6.0,95572,M,4903280.0,212060.0,95
201700045917,17,1,3,827,1,2,8,1.0,5.0,95197,M,4897520.0,233690.0,95
201700045918,17,1,7,1800,1,2,3,1.0,6.0,95197,M,4897480.0,234040.0,95
201700045919,17,1,12,1800,5,2,3,2.0,6.0,95598,M,4898130.0,229260.0,95
201700045920,17,1,16,1700,2,2,3,8.0,2.0,95598,M,4898730.0,229520.0,95
201700045921,17,1,21,1450,1,2,1,1.0,6.0,95288,M,4898670.0,224530.0,95
201700045922,17,1,23,900,1,2,2,1.0,3.0,95197,M,4896330.0,231630.0,95
201700045923,17,2,5,20,5,2,1,2.0,6.0,95197,M,4896880.0,231470.0,95
201700045924,17,2,6,925,1,2,1,1.0,6.0,95598,M,4898220.0,229310.0,95
201700045925,17,2,26,1300,1,2,1,1.0,2.0,95555,M,4896490.0,228570.0,95
201700045926,17,3,2,620,5,2,1,1.0,6.0,95427,M,4897710.0,236470.0,95
201700045927,17,2,19,1440,1,2,2,1.0,6.0,95014,M,4900590.0,229490.0,95
201700045928,17,3,19,910,1,2,2,1.0,6.0,95427,M,4897380.0,234920.0,95
201700045929,17,3,30,1820,1,2,1,1.0,2.0,95555,M,4896590.0,228020.0,95
201700045930,17,4,11,1055,1,2,1,1.0,6.0,95428,M,4900570.0,231630.0,95
201700045931,17,4,11,2335,5,2,1,1.0,6.0,95427,M,4897320.0,235170.0,95
201700045932,17,4,16,1550,1,2,6,1.0,3.0,95288,M,4898920.0,234370.0,95
201700045933,17,4,19,1400,1,2,1,1.0,2.0,95555,M,4896340.0,229050.0,95
201700045934,17,4,22,44,5,2,2,1.0,2.0,95288,M,4898490.0,236170.0,95
201700045935,17,4,27,935,1,2,3,1.0,3.0,95197,M,4897740.0,232370.0,95
201700045936,17,4,28,10,5,2,6,1.0,6.0,95555,M,4896690.0,228410.0,95
201700045937,17,5,10,1515,1,2,1,1.0,2.0,95555,M,4896280.0,228580.0,95
201700045938,17,5,25,1700,1,2,3,1.0,3.0,95598,M,4898720.0,229530.0,95
201700045939,17,5,25,1740,1,2,3,1.0,3.0,95428,M,4898250.0,232350.0,95
201700045940,17,5,28,2015,1,2,1,1.0,6.0,95427,M,4897310.0,233910.0,95
201700045941,17,5,23,1730,1,2,1,7.0,6.0,95288,M,4898450.0,234720.0,95
201700045942,17,6,3,2050,1,2,1,2.0,6.0,95369,M,4900190.0,229040.0,95
201700045943,17,6,4,230,5,2,3,1.0,3.0,95427,M,4896140.0,233770.0,95
201700045944,17,6,7,840,1,2,1,1.0,6.0,95197,M,4897510.0,233280.0,95
201700045945,17,6,9,920,1,2,1,1.0,6.0,95197,M,4897540.0,231730.0,95
201700045946,17,5,27,1950,1,2,6,2.0,6.0,95210,M,4896650.0,230950.0,95
201700045947,17,6,11,1320,1,2,1,1.0,4.0,95598,M,4898470.0,229510.0,95
201700045948,17,6,13,1500,1,2,1,1.0,5.0,95598,M,4898690.0,229580.0,95
201700045949,17,6,12,1915,1,2,1,1.0,3.0,95427,M,4896730.0,233570.0,95
201700045950,17,6,15,1300,1,2,3,1.0,3.0,95288,M,4898180.0,235310.0,95
201700045951,17,6,16,1250,1,2,1,1.0,3.0,95598,M,4898250.0,230030.0,95
201700045952,17,4,30,1911,1,2,1,1.0,2.0,95428,M,4900790.0,231380.0,95
201700045953,17,4,23,1950,1,2,1,1.0,2.0,95210,M,4897610.0,230760.0,95
201700045954,17,6,18,1030,1,2,1,1.0,6.0,95598,M,4898650.0,229830.0,95
201700045955,17,4,7,925,1,2,1,1.0,6.0,95598,M,4898540.0,229560.0,95
201700045956,17,6,25,840,1,2,3,1.0,6.0,95427,M,4896980.0,234670.0,95
201700045957,17,6,26,2125,1,2,1,1.0,6.0,95210,M,4897180.0,230830.0,95
201700045958,17,6,29,1710,1,2,2,8.0,3.0,95598,M,4899310.0,230960.0,95
201700045959,17,7,2,530,5,2,1,1.0,6.0,95428,M,4899280.0,232710.0,95
201700045960,17,6,1,1334,1,2,2,1.0,3.0,95598,M,4897660.0,230110.0,95
201700045961,17,7,8,1950,1,2,1,1.0,6.0,95427,M,4897690.0,235420.0,95
201700045962,17,7,15,1915,1,2,3,1.0,3.0,95197,M,4896690.0,231750.0,95
201700045963,17,7,17,1720,1,2,1,1.0,6.0,95197,M,4896490.0,233060.0,95
201700045964,17,7,22,2135,2,2,1,2.0,3.0,95598,M,4898710.0,229540.0,95
201700045965,17,7,25,1500,1,1,1,1.0,6.0,95598,M,4899080.0,229610.0,95
201700045966,17,7,26,1520,1,2,1,1.0,2.0,95555,M,4896530.0,228290.0,95
201700045967,17,7,28,1205,1,2,3,1.0,3.0,95197,M,4897260.0,232890.0,95
201700045968,17,8,7,100,5,2,1,1.0,2.0,95555,M,4896360.0,229020.0,95
201700045969,17,8,22,1715,1,2,3,1.0,3.0,95288,M,4898540.0,233890.0,95
201700045970,17,8,23,1351,1,2,1,1.0,6.0,95428,M,4898930.0,231890.0,95
201700045971,17,9,10,1040,1,2,1,1.0,3.0,95598,M,4899430.0,230440.0,95
201700045972,17,9,19,1930,1,2,1,1.0,3.0,95210,M,4897420.0,230540.0,95
201700045973,17,9,22,1243,1,2,1,1.0,1.0,95014,M,4901590.0,231270.0,95
201700045974,17,9,20,1735,1,2,3,1.0,6.0,95014,M,4899670.0,229010.0,95
201700045975,17,9,23,1340,1,2,1,1.0,3.0,95427,M,4897820.0,234970.0,95
201700045976,17,9,28,635,5,2,1,2.0,6.0,95014,M,4900360.0,229740.0,95
201700045977,17,9,28,945,1,2,2,2.0,7.0,95369,M,4900210.0,229010.0,95
201700045978,17,10,1,245,5,2,4,3.0,3.0,95427,M,4897720.0,236470.0,95
201700045979,17,10,2,1655,1,2,1,1.0,6.0,95428,M,4899010.0,231910.0,95
201700045980,17,10,7,1153,1,2,1,1.0,1.0,95210,M,4896810.0,229760.0,95
201700045981,17,10,13,1643,1,2,1,1.0,6.0,95598,M,4898640.0,229660.0,95
201700045982,17,10,21,1640,1,2,3,1.0,3.0,95428,M,4897560.0,231440.0,95
201700045983,17,10,21,2250,5,2,1,1.0,1.0,95427,M,4896770.0,234250.0,95
201700045984,17,10,21,1700,1,2,1,2.0,6.0,95427,M,4897170.0,233970.0,95
201700045985,17,10,23,2050,5,2,3,2.0,6.0,95197,M,4897530.0,233280.0,95
201700045986,17,10,25,1900,2,2,1,1.0,3.0,95427,M,4897430.0,233940.0,95
201700045987,17,11,4,2130,5,2,2,2.0,3.0,95428,M,4897820.0,230830.0,95
201700045988,17,11,7,1630,1,2,1,1.0,2.0,95288,M,4898560.0,234510.0,95
201700045989,17,11,16,1140,1,2,1,1.0,6.0,95428,M,4897290.0,231010.0,95
201700045990,17,11,21,42,5,2,1,1.0,3.0,95197,M,4897210.0,231970.0,95
201700045991,17,11,27,2010,5,2,3,2.0,3.0,95427,M,4895950.0,233640.0,95
201700045992,17,11,27,2130,5,2,1,2.0,2.0,95555,M,4896910.0,228480.0,95
201700045993,17,11,24,1516,1,2,1,1.0,6.0,95197,M,4897540.0,232940.0,95
201700045994,17,11,12,2035,5,2,1,1.0,6.0,95197,M,4897510.0,232270.0,95
201700045995,17,11,14,1800,5,2,1,1.0,6.0,95197,M,4897110.0,231170.0,95
201700045996,17,12,4,1050,1,2,3,1.0,3.0,95427,M,4895664.0,233176.0,95
201700045997,17,12,6,745,5,2,1,1.0,3.0,95428,M,4897390.0,230930.0,95
201700045998,17,12,7,840,2,2,1,2.0,3.0,95427,M,4896910.0,234170.0,95
201700045999,17,12,7,1425,1,2,1,8.0,2.0,95555,M,4896910.0,228570.0,95
201700046000,17,12,13,1740,5,2,1,2.0,6.0,95598,M,4898210.0,229290.0,95
201700046001,17,12,14,945,1,2,2,2.0,3.0,95197,M,4896330.0,231630.0,95
201700046002,17,12,15,1020,1,2,1,2.0,2.0,95197,M,4897570.0,232740.0,95
201700046003,17,12,16,1905,5,2,1,1.0,6.0,95197,M,4897120.0,232940.0,95
201700046004,17,12,16,1751,2,2,1,1.0,1.0,95428,M,4899320.0,233230.0,95
201700046005,17,12,28,915,1,2,1,1.0,2.0,95598,M,4899530.0,229380.0,95
201700046006,17,12,18,1838,5,2,1,1.0,6.0,95555,M,4897420.0,229510.0,95
201700046007,17,12,14,845,1,2,1,1.0,3.0,95197,M,4896810.0,231720.0,95
201700046008,17,12,30,1410,1,2,1,2.0,6.0,95197,M,4897090.0,233040.0,95
201700046009,17,1,1,455,3,2,1,8.0,1.0,95424,M,4900660.0,219520.0,95
201700046010,17,1,2,1515,1,2,3,1.0,1.0,95607,M,4901610.0,220380.0,95
201700046011,17,1,10,805,5,2,1,1.0,6.0,95252,M,4898960.0,222670.0,95
201700046012,17,2,25,1815,2,2,1,1.0,6.0,95203,M,4899150.0,227870.0,95
201700046013,17,3,10,1730,1,2,1,1.0,6.0,95219,M,4897820.0,226590.0,95
201700046014,17,3,10,1625,1,2,1,1.0,6.0,95219,M,4898790.0,225380.0,95
201700046015,17,2,21,850,1,2,1,1.0,6.0,95219,M,4899170.0,226140.0,95
201700046016,17,3,27,1915,1,2,4,1.0,3.0,95607,M,4903110.0,221740.0,95
201700046017,17,3,29,1620,1,2,2,1.0,1.0,95582,M,4896970.0,226232.0,95
201700046018,17,4,24,1230,1,2,1,1.0,3.0,95203,M,4899010.0,227470.0,95
201700046019,17,5,14,522,2,2,2,1.0,3.0,95424,M,4899430.0,219480.0,95
201700046020,17,5,20,325,5,2,1,1.0,6.0,95607,M,4902520.0,222360.0,95
201700046021,17,5,27,1240,1,1,1,1.0,6.0,95607,M,4901550.0,222070.0,95
201700046022,17,5,31,1818,1,2,2,1.0,3.0,95051,M,4901090.0,219650.0,95
201700046023,17,6,3,35,5,2,6,8.0,6.0,95424,M,4899510.0,220090.0,95
201700046024,17,6,19,2330,5,2,1,1.0,6.0,95051,M,4900810.0,220120.0,95
201700046025,17,7,2,320,5,2,6,1.0,3.0,95574,M,4900570.0,226820.0,95
201700046026,17,7,6,1420,1,2,1,1.0,3.0,95252,M,4898450.0,224060.0,95
201700046027,17,7,22,2130,1,2,1,2.0,3.0,95252,M,4899470.0,222760.0,95
201700046028,17,5,27,1800,1,2,1,1.0,6.0,95424,M,4899360.0,219610.0,95
201700046029,17,8,6,1635,1,2,3,1.0,3.0,95607,M,4902560.0,222060.0,95
201700046030,17,7,22,1925,1,2,1,1.0,3.0,95424,M,4899690.0,218910.0,95
201700046031,17,6,17,1225,1,2,1,1.0,6.0,95424,M,4899020.0,222330.0,95
201700046032,17,8,30,1700,1,1,1,2.0,3.0,95060,M,4904480.0,218190.0,95
201700046033,17,9,5,1300,1,2,6,1.0,3.0,95203,M,4899590.0,228770.0,95
201700046034,17,9,11,930,1,2,6,1.0,6.0,95582,M,4897390.0,225940.0,95
201700046035,17,10,10,930,1,2,1,1.0,6.0,95219,M,4898190.0,225580.0,95
201700046036,17,10,20,1530,1,2,1,1.0,6.0,95219,M,4898960.0,226110.0,95
201700046037,17,10,24,1350,1,2,1,2.0,2.0,95424,M,4899480.0,220050.0,95
201700046038,17,11,8,1150,1,2,1,1.0,1.0,95252,M,4900220.0,221890.0,95
201700046039,17,11,11,2315,5,2,2,2.0,3.0,95574,M,4900820.0,225670.0,95
201700046040,17,11,15,1540,1,2,1,1.0,6.0,95219,M,4898350.0,225620.0,95
201700046041,17,11,30,710,5,2,1,8.0,6.0,95607,M,4903070.0,221770.0,95
201700046042,17,12,1,710,5,2,1,8.0,6.0,95563,M,4900880.0,224850.0,95
201700046043,17,12,2,1010,1,2,2,1.0,3.0,95607,M,4902370.0,222710.0,95
201700046044,17,12,7,1220,1,2,1,8.0,6.0,95607,M,4902810.0,220570.0,95
201700046045,17,12,8,110,5,2,1,2.0,3.0,95203,M,4899470.0,227550.0,95
201700046046,17,12,18,1100,1,2,3,1.0,6.0,95607,M,4902310.0,223290.0,95
201700046047,17,1,9,825,5,1,1,2.0,6.0,95277,M,4897370.0,246040.0,95
201700046048,17,1,11,2155,5,2,3,1.0,3.0,95280,M,4903760.0,246830.0,95
201700046049,17,1,4,750,5,1,6,2.0,3.0,95088,M,4896330.0,245120.0,95
201700046050,17,1,29,1725,1,1,1,1.0,2.0,95277,M,4896390.0,247020.0,95
201700046051,17,4,9,1859,1,2,1,1.0,7.0,95280,M,4902220.0,247170.0,95
201700046052,17,5,3,1900,1,2,1,2.0,3.0,95277,M,4899470.0,245120.0,95
201700046053,17,5,22,1540,1,2,1,1.0,3.0,95019,M,4899430.0,241820.0,95
201700046054,17,6,9,2215,5,2,1,1.0,5.0,95280,M,4903250.0,247660.0,95
201700046055,17,7,25,600,2,2,1,2.0,6.0,95280,M,4902750.0,246190.0,95
201700046056,17,9,6,1920,1,2,1,8.0,3.0,95019,M,4899790.0,241750.0,95
201700046057,17,7,22,350,5,2,6,1.0,6.0,95277,M,4897720.0,245650.0,95
201700046058,17,4,13,549,5,1,1,1.0,6.0,95527,M,4900640.0,254340.0,95
201700046059,17,3,13,1250,1,2,1,1.0,3.0,95527,M,4901220.0,252150.0,95
201700046060,17,6,12,1105,1,1,1,1.0,6.0,95527,M,4900650.0,254580.0,95
201700046061,17,1,2,2205,5,2,1,5.0,6.0,95268,M,4896840.0,240640.0,95
201700046062,17,1,6,2350,5,2,1,4.0,6.0,95539,M,4900620.0,235810.0,95
201700046063,17,1,14,945,1,2,1,9.0,2.0,95585,M,4898140.0,236960.0,95
201700046064,17,1,17,820,1,2,4,1.0,6.0,95585,M,4899280.0,237330.0,95
201700046065,17,1,7,705,5,2,1,8.0,6.0,95268,M,4896260.0,240280.0,95
201700046066,17,1,13,1735,5,2,1,1.0,6.0,95268,M,4897370.0,239870.0,95
201700046067,17,1,16,800,2,2,1,5.0,6.0,95539,M,4900060.0,236530.0,95
201700046068,17,1,22,2200,5,2,2,1.0,2.0,95680,M,4900070.0,239220.0,95
201700046069,17,1,22,1940,3,1,1,1.0,3.0,95539,M,4900030.0,235970.0,95
201700046070,17,1,16,820,1,2,1,5.0,7.0,95680,M,4900760.0,240150.0,95
201700046071,17,2,1,810,1,2,1,1.0,6.0,95680,M,4900190.0,240470.0,95
201700046072,17,2,1,1335,1,2,1,1.0,6.0,95268,M,4896770.0,240720.0,95
201700046073,17,2,3,1420,1,1,1,2.0,6.0,95268,M,4895980.0,239910.0,95
201700046074,17,1,17,1945,5,2,1,2.0,5.0,95585,M,4898470.0,237340.0,95
201700046075,17,2,12,2305,5,2,2,1.0,3.0,95539,M,4899590.0,235080.0,95
201700046076,17,2,17,1210,1,2,1,1.0,6.0,95268,M,4897150.0,240150.0,95
201700046077,17,2,24,1545,1,2,1,1.0,6.0,95585,M,4897540.0,238010.0,95
201700046078,17,3,14,1345,1,2,1,1.0,6.0,95585,M,4897460.0,236970.0,95
201700046079,17,3,21,1030,1,2,2,1.0,3.0,95268,M,4897340.0,239670.0,95
201700046080,17,3,27,245,3,1,1,1.0,6.0,95539,M,4899930.0,235990.0,95
201700046081,17,3,28,1400,1,2,1,1.0,6.0,95680,M,4900410.0,241360.0,95
201700046082,17,3,29,1840,1,2,1,1.0,6.0,95268,M,4897450.0,240770.0,95
201700046083,17,3,30,1940,1,2,1,1.0,6.0,95539,M,4900130.0,236490.0,95
201700046084,17,4,2,1625,1,2,1,1.0,4.0,95268,M,4897410.0,240160.0,95
201700046085,17,4,3,1825,1,2,1,1.0,6.0,95680,M,4900410.0,239230.0,95
201700046086,17,4,11,1235,1,2,1,7.0,6.0,95680,M,4900350.0,239630.0,95
201700046087,17,4,21,1930,1,2,3,1.0,1.0,95585,M,4897690.0,237580.0,95
201700046088,17,4,16,1200,1,2,1,1.0,6.0,95268,M,,,95
201700046089,17,5,5,1613,1,2,1,1.0,6.0,95585,M,4899470.0,237940.0,95
201700046090,17,5,1,1950,1,2,1,1.0,6.0,95268,M,4897410.0,240150.0,95
201700046091,17,5,10,800,1,2,1,1.0,3.0,95268,M,4897910.0,239630.0,95
201700046092,17,5,19,200,5,2,2,2.0,3.0,95539,M,4899590.0,235070.0,95
201700046093,17,5,19,930,1,2,1,1.0,2.0,95585,M,4897990.0,238790.0,95
201700046094,17,5,19,2350,5,2,1,2.0,2.0,95268,M,4896850.0,240630.0,95
201700046095,17,5,19,1900,1,2,6,1.0,2.0,95585,M,4898280.0,237060.0,95
201700046096,17,5,26,1855,1,2,1,1.0,2.0,95680,M,4900410.0,239220.0,95
201700046097,17,5,26,2220,2,2,1,1.0,2.0,95585,M,4898740.0,237920.0,95
201700046098,17,5,28,1630,1,2,1,1.0,6.0,95585,M,4897250.0,237860.0,95
201700046099,17,5,28,1730,1,2,1,1.0,6.0,95268,M,4897090.0,240250.0,95
201700046100,17,6,2,1535,1,2,2,2.0,3.0,95268,M,4896760.0,241060.0,95
201700046101,17,6,5,2130,2,2,1,1.0,3.0,95539,M,4899120.0,236130.0,95
201700046102,17,6,3,1415,1,2,1,1.0,5.0,95268,M,4897780.0,241070.0,95
201700046103,17,6,12,1545,1,2,1,1.0,6.0,95539,M,4899850.0,235620.0,95
201700046104,17,4,5,1615,1,2,1,1.0,6.0,95680,M,4900790.0,240290.0,95
201700046105,17,6,25,1515,1,2,1,1.0,2.0,95680,M,4900090.0,239130.0,95
201700046106,17,6,28,1615,1,2,1,1.0,6.0,95539,M,4899430.0,233840.0,95
201700046107,17,7,2,1330,1,1,1,2.0,3.0,95268,M,4896590.0,240880.0,95
201700046108,17,7,7,1550,1,2,3,1.0,3.0,95268,M,4897720.0,241210.0,95
201700046109,17,7,6,1745,1,2,1,1.0,3.0,95539,M,4899160.0,236010.0,95
201700046110,17,7,9,2210,5,2,1,3.0,6.0,95585,M,4897330.0,237410.0,95
201700046111,17,7,6,2310,5,2,2,1.0,3.0,95268,M,4897060.0,239460.0,95
201700046112,17,7,17,2325,5,2,6,1.0,2.0,95585,M,4898810.0,237840.0,95
201700046113,17,7,30,2315,5,2,1,1.0,1.0,95585,M,4899410.0,238870.0,95
201700046114,17,8,5,1250,1,2,1,1.0,3.0,95268,M,4896190.0,241610.0,95
201700046115,17,8,7,2115,5,2,1,1.0,2.0,95585,M,4898410.0,237220.0,95
201700046116,17,8,8,1730,1,2,2,2.0,2.0,95539,M,4899140.0,236020.0,95
201700046117,17,8,9,1940,1,2,2,1.0,3.0,95585,M,4897290.0,237580.0,95
201700046118,17,8,12,2200,5,2,1,2.0,3.0,95680,M,4900080.0,239230.0,95
201700046119,17,8,14,1030,1,2,1,1.0,6.0,95585,M,4897970.0,237760.0,95
201700046120,17,8,19,705,2,2,1,1.0,1.0,95268,M,4896140.0,240290.0,95
201700046121,17,8,24,1740,1,2,1,1.0,6.0,95268,M,4897740.0,239490.0,95
201700046122,17,9,1,730,1,2,1,1.0,1.0,95680,M,4900020.0,241060.0,95
201700046123,17,9,1,1600,1,2,1,1.0,6.0,95585,M,4897870.0,239290.0,95
201700046124,17,9,1,1940,2,2,7,1.0,6.0,95585,M,4897610.0,238870.0,95
201700046125,17,9,7,1120,1,2,1,2.0,3.0,95268,M,4897230.0,240090.0,95
201700046126,17,9,7,1215,1,2,1,2.0,3.0,95585,M,4898060.0,238660.0,95
201700046127,17,9,9,1140,1,2,1,1.0,6.0,95585,M,4899720.0,237530.0,95
201700046128,17,9,18,910,1,2,1,1.0,6.0,95680,M,4900510.0,240020.0,95
201700046129,17,9,18,1925,1,2,1,1.0,6.0,95585,M,4897740.0,237260.0,95
201700046130,17,9,14,810,1,1,1,1.0,2.0,95268,M,4897410.0,241730.0,95
201700046131,17,9,18,710,1,2,1,1.0,3.0,95585,M,4899370.0,237790.0,95
201700046132,17,9,13,1725,2,1,1,3.0,5.0,95539,M,4899140.0,236020.0,95
201700046133,17,10,1,2050,5,2,1,2.0,3.0,95268,M,4897510.0,238890.0,95
201700046134,17,9,15,1930,5,2,2,1.0,3.0,95268,M,4897060.0,239460.0,95
201700046135,17,10,4,600,3,1,1,1.0,2.0,95268,M,4897070.0,242250.0,95
201700046136,17,10,4,800,1,2,1,1.0,4.0,95680,M,4901020.0,238390.0,95
201700046137,17,10,12,552,5,2,2,1.0,3.0,95268,M,4896650.0,240940.0,95
201700046138,17,9,29,820,1,2,1,1.0,6.0,95585,M,4897540.0,238270.0,95
201700046139,17,10,2,1750,1,2,1,1.0,6.0,95268,M,4896760.0,241090.0,95
201700046140,17,10,18,720,2,2,6,1.0,2.0,95680,M,4900390.0,239950.0,95
201700046141,17,10,18,2250,5,2,1,1.0,6.0,95268,M,4896290.0,241020.0,95
201700046142,17,10,22,1455,1,2,1,2.0,1.0,95585,M,4899310.0,237240.0,95
201700046143,17,10,24,1700,1,2,3,1.0,1.0,95585,M,4899390.0,238190.0,95
201700046144,17,10,24,2145,5,2,1,8.0,6.0,95585,M,4899030.0,238980.0,95
201700046145,17,10,27,1900,5,2,1,1.0,3.0,95680,M,4900540.0,240050.0,95
201700046146,17,10,27,1920,5,2,1,1.0,6.0,95268,M,4897530.0,240990.0,95
201700046147,17,10,29,1850,5,2,1,1.0,6.0,95268,M,4897680.0,239140.0,95
201700046148,17,10,31,2055,5,2,1,1.0,6.0,95585,M,4898050.0,238810.0,95
201700046149,17,11,4,440,5,2,1,1.0,6.0,95268,M,4897220.0,239650.0,95
201700046150,17,11,5,1340,1,2,1,1.0,3.0,95585,M,4898860.0,239050.0,95
201700046151,17,11,4,1105,1,2,1,2.0,2.0,95680,M,4900670.0,239340.0,95
201700046152,17,11,10,1020,1,2,1,2.0,2.0,95585,M,4897950.0,236870.0,95
201700046153,17,11,24,1810,5,2,1,1.0,6.0,95539,M,4899910.0,236610.0,95
201700046154,17,11,29,1340,1,2,1,2.0,4.0,95585,M,4898810.0,237840.0,95
201700046155,17,11,30,2000,5,2,1,4.0,6.0,95585,M,4897980.0,239280.0,95
201700046156,17,12,1,2320,5,2,1,8.0,2.0,95268,M,4897430.0,240580.0,95
201700046157,17,11,8,1400,1,2,1,1.0,6.0,95585,M,4898740.0,236950.0,95
201700046158,17,12,4,750,2,2,1,8.0,6.0,95268,M,4897660.0,239228.0,95
201700046159,17,12,7,1735,5,2,1,3.0,1.0,95585,M,4898440.0,236480.0,95
201700046160,17,12,11,1335,1,2,1,1.0,6.0,95585,M,4897540.0,236940.0,95
201700046161,17,12,10,1930,5,2,3,2.0,6.0,95585,M,4897510.0,238670.0,95
201700046162,17,12,14,1835,5,2,1,1.0,6.0,95680,M,4900110.0,238950.0,95
201700046163,17,12,16,1830,3,2,1,1.0,1.0,95268,M,4896380.0,240510.0,95
201700046164,17,12,23,1520,1,2,1,2.0,3.0,95268,M,4897110.0,241460.0,95
201700046165,17,1,5,738,1,2,2,1.0,6.0,20004,M,4193053.0,873738.0,201
201700046166,17,1,5,1050,1,2,1,1.0,3.0,20004,M,4193169.0,873997.0,201
201700046167,17,1,9,1520,1,2,1,1.0,3.0,20004,M,,,201
201700046168,17,1,12,1500,1,2,8,1.0,3.0,20004,M,4193219.0,874060.0,201
201700046169,17,1,14,2055,5,2,1,2.0,3.0,20004,M,4191489.0,872989.0,201
201700046170,17,1,16,1740,4,2,1,8.0,3.0,20004,M,4194161.0,874774.0,201
201700046171,17,1,20,1105,1,2,1,1.0,6.0,20004,M,4193581.0,875355.0,201
201700046172,17,1,23,808,1,2,1,1.0,2.0,20004,M,4194688.0,876192.0,201
201700046173,17,1,24,820,1,2,1,1.0,2.0,20004,M,4193369.0,874410.0,201
201700046174,17,1,26,825,2,2,1,1.0,4.0,20004,M,4193879.0,873812.0,201
201700046175,17,1,26,1020,1,2,1,1.0,3.0,20004,M,4192914.0,873630.0,201
201700046176,17,1,29,2050,3,1,1,1.0,2.0,20004,M,4192760.0,879624.0,201
201700046177,17,1,31,1140,1,2,6,1.0,1.0,20004,M,4193518.0,875356.0,201
201700046178,17,2,1,730,1,2,1,1.0,6.0,20004,M,4192966.0,873423.0,201
201700046179,17,2,8,1552,1,1,1,2.0,3.0,20004,M,4194236.0,873505.0,201
201700046180,17,2,9,1700,1,2,1,1.0,3.0,20004,M,4192942.0,873740.0,201
201700046181,17,2,10,1716,1,1,1,1.0,4.0,20004,M,4193048.0,880199.0,201
201700046182,17,2,11,2105,5,2,1,1.0,1.0,20004,M,4194759.0,876343.0,201