Num_Acc,an,mois,jour,hrmn,lum,agg,int,atm,col,com,gps,lat,long,dep
201700046183,17,2,14,1815,5,2,1,1.0,6.0,20004,M,4194471.0,875841.0,201
201700046184,17,2,13,1839,5,2,1,1.0,3.0,20004,M,4195207.0,877691.0,201
201700046185,17,2,15,800,1,2,2,1.0,5.0,20004,M,4192649.0,873714.0,201
201700046186,17,2,16,2357,5,2,1,1.0,6.0,20004,M,4192886.0,873886.0,201
201700046187,17,2,24,1020,1,2,1,1.0,6.0,20004,M,4191948.0,873688.0,201
201700046188,17,2,27,1609,1,2,1,1.0,6.0,20004,M,4193600.0,875351.0,201
201700046189,17,2,28,40,5,2,6,1.0,6.0,20004,M,4193890.0,874198.0,201
201700046190,17,2,9,1053,1,1,2,1.0,5.0,20004,M,4192109.0,878729.0,201
201700046191,17,3,3,1116,1,2,1,1.0,6.0,20004,M,4192736.0,873848.0,201
201700046192,17,3,6,1600,1,2,3,1.0,6.0,20004,M,4192011.0,873467.0,201
201700046193,17,3,6,2225,5,2,9,6.0,1.0,20004,M,4191663.0,872303.0,201
201700046194,17,3,7,1950,5,2,6,1.0,3.0,20004,M,4192963.0,876152.0,201
201700046195,17,2,24,1835,5,2,1,2.0,6.0,20004,M,4191486.0,872456.0,201
201700046196,17,3,15,734,1,2,1,1.0,6.0,20004,M,4195243.0,878106.0,201
201700046197,17,3,16,943,1,2,1,1.0,3.0,20004,M,4193094.0,873961.0,201
201700046198,17,3,17,2131,5,2,1,1.0,2.0,20004,M,4191862.0,873692.0,201
201700046199,17,3,19,1730,1,2,1,1.0,4.0,20004,M,4193422.0,874582.0,201
201700046200,17,3,21,1225,1,2,2,1.0,3.0,20004,M,4193213.0,873758.0,201
201700046201,17,3,22,1245,1,2,1,1.0,6.0,20004,M,4195193.0,877792.0,201
201700046202,17,3,23,1520,1,2,1,1.0,3.0,20004,M,4192812.0,873852.0,201
201700046203,17,3,25,1630,1,1,1,2.0,6.0,20004,M,4192752.0,877792.0,201
201700046204,17,3,28,1020,1,2,1,1.0,3.0,20004,M,4192508.0,873497.0,201
201700046205,17,3,29,1300,1,2,1,1.0,1.0,20004,M,4193863.0,875083.0,201
201700046206,17,3,29,1732,1,2,1,1.0,2.0,20004,M,4192453.0,873419.0,201
201700046207,17,3,30,800,1,2,1,1.0,6.0,20004,M,4193689.0,875727.0,201
201700046208,17,4,6,2125,5,2,1,1.0,3.0,20004,M,4194796.0,876470.0,201
201700046209,17,4,6,1624,1,2,1,1.0,7.0,20004,M,4191829.0,873523.0,201
201700046210,17,4,8,1016,1,2,1,1.0,3.0,20004,M,4195345.0,878388.0,201
201700046211,17,4,12,1230,1,2,2,1.0,6.0,20004,M,4193398.0,875265.0,201
201700046212,17,4,12,1635,1,2,1,1.0,3.0,20004,M,4194154.0,874749.0,201
201700046213,17,4,13,1819,1,2,1,1.0,3.0,20004,M,4194666.0,876141.0,201
201700046214,17,4,14,2150,5,2,1,1.0,3.0,20004,M,4193362.0,874373.0,201
201700046215,17,4,15,1339,1,2,1,1.0,3.0,20004,M,4192966.0,873742.0,201
201700046216,17,4,18,1706,1,2,1,1.0,6.0,20004,M,4191672.0,873741.0,201
201700046217,17,4,19,850,1,2,9,1.0,3.0,20004,M,4192940.0,877235.0,201
201700046218,17,4,24,1636,1,1,1,1.0,2.0,20004,M,4193587.0,880325.0,201
201700046219,17,4,24,1816,1,2,1,1.0,3.0,20004,M,4193711.0,873704.0,201
201700046220,17,4,26,1202,1,2,1,1.0,2.0,20004,M,4190879.0,871816.0,201
201700046221,17,4,27,1800,1,2,1,3.0,2.0,20004,M,4191093.0,872189.0,201
201700046222,17,4,27,1815,1,2,1,2.0,3.0,20004,M,4194649.0,876732.0,201
201700046223,17,4,28,2140,5,2,2,1.0,1.0,20004,M,4193139.0,874031.0,201
201700046224,17,4,29,1922,1,2,1,1.0,3.0,20004,M,4194981.0,877472.0,201
201700046225,17,4,29,1150,1,2,1,1.0,3.0,20004,M,4195080.0,877261.0,201
201700046226,17,4,30,1150,1,2,3,1.0,5.0,20004,M,4193346.0,875451.0,201
201700046227,17,4,30,1620,1,2,1,1.0,3.0,20004,M,4191697.0,873676.0,201
201700046228,17,5,1,1135,1,2,1,2.0,6.0,20004,M,4191661.0,872291.0,201
201700046229,17,5,1,2314,5,2,1,1.0,3.0,20004,M,4192902.0,873886.0,201
201700046230,17,5,2,755,1,2,1,1.0,5.0,20004,M,4191687.0,873230.0,201
201700046231,17,5,3,1610,1,2,1,1.0,5.0,20004,M,4194270.0,875199.0,201
201700046232,17,5,6,2310,5,2,1,1.0,1.0,20004,M,4190855.0,870215.0,201
201700046233,17,5,9,1904,1,2,1,1.0,3.0,20004,M,4192733.0,873969.0,201
201700046234,17,5,10,1615,1,2,1,1.0,3.0,20004,M,4194287.0,875245.0,201
201700046235,17,5,11,1920,1,2,1,1.0,6.0,20004,M,4192381.0,873912.0,201
201700046236,17,5,12,1150,1,2,1,1.0,3.0,20004,M,4193345.0,874346.0,201
201700046237,17,5,12,1342,1,2,1,1.0,3.0,20004,M,4194287.0,875245.0,201
201700046238,17,5,13,1528,1,2,2,1.0,6.0,20004,M,4193060.0,873707.0,201
201700046239,17,5,17,1702,1,2,3,1.0,3.0,20004,M,4193763.0,875099.0,201
201700046240,17,5,18,1400,1,2,1,1.0,5.0,20004,M,4194279.0,875224.0,201
201700046241,17,5,22,2126,5,2,1,1.0,3.0,20004,M,4194073.0,875035.0,201
201700046242,17,5,23,702,1,2,1,7.0,4.0,20004,M,4195256.0,878243.0,201
201700046243,17,5,24,1535,1,1,1,1.0,2.0,20004,M,4193670.0,880344.0,201
201700046244,17,5,24,1729,1,2,1,1.0,6.0,20004,M,4194028.0,875073.0,201
201700046245,17,5,25,1345,1,2,1,1.0,6.0,20004,M,4191722.0,873529.0,201
201700046246,17,5,25,1820,1,1,1,1.0,1.0,20004,M,4190593.0,867207.0,201
201700046247,17,5,28,12,4,1,1,1.0,1.0,20004,M,4192264.0,872933.0,201
201700046248,17,5,29,23,5,2,1,1.0,6.0,20004,M,4191706.0,873613.0,201
201700046249,17,5,29,1631,1,2,1,1.0,6.0,20004,M,4193471.0,874331.0,201
201700046250,17,5,31,911,1,2,6,1.0,3.0,20004,M,4195202.0,877458.0,201
201700046251,17,5,31,1825,1,2,1,1.0,3.0,20004,M,4191116.0,871117.0,201
201700046252,17,6,3,2332,5,2,1,1.0,2.0,20004,M,4192924.0,877157.0,201
201700046253,17,6,4,1220,1,1,1,1.0,3.0,20004,M,4192989.0,871311.0,201
201700046254,17,6,6,805,1,2,1,1.0,1.0,20004,M,4190907.0,871907.0,201
201700046255,17,6,7,2120,2,2,6,1.0,7.0,20004,M,4193010.0,878759.0,201
201700046256,17,6,8,1347,1,1,9,1.0,6.0,20004,M,4192956.0,873910.0,201
201700046257,17,6,12,1850,1,2,1,1.0,2.0,20004,M,4194925.0,876760.0,201
201700046258,17,6,14,1830,1,1,1,1.0,3.0,20004,M,4193139.0,880283.0,201
201700046259,17,6,16,1210,1,2,2,1.0,3.0,20004,M,4192606.0,873708.0,201
201700046260,17,6,17,1430,1,2,1,1.0,2.0,20004,M,4193130.0,875687.0,201
201700046261,17,6,19,40,5,2,9,1.0,7.0,20004,M,4192059.0,879394.0,201
201700046262,17,6,19,952,1,2,1,1.0,2.0,20004,M,4192943.0,873516.0,201
201700046263,17,6,20,1155,1,2,9,1.0,3.0,20004,M,4194279.0,875222.0,201
201700046264,17,6,21,1705,1,1,3,1.0,3.0,20004,M,4190942.0,869072.0,201
201700046265,17,6,29,1040,1,2,1,1.0,3.0,20004,M,4192582.0,873871.0,201
201700046266,17,7,1,1305,1,2,1,1.0,6.0,20004,M,4192869.0,878126.0,201
201700046267,17,7,2,2209,5,2,2,1.0,3.0,20004,M,4191733.0,872885.0,201
201700046268,17,7,3,1358,1,2,1,1.0,2.0,20004,M,4192717.0,873955.0,201
201700046269,17,6,29,1158,1,2,1,1.0,2.0,20004,M,4191957.0,873689.0,201
201700046270,17,7,5,1100,1,2,1,1.0,6.0,20004,M,4192580.0,873822.0,201
201700046271,17,7,6,800,1,2,1,1.0,4.0,20004,M,4194135.0,874683.0,201
201700046272,17,7,6,1008,1,2,3,1.0,3.0,20004,M,4191524.0,872727.0,201
201700046273,17,7,7,2245,5,2,1,1.0,6.0,20004,M,4192768.0,873859.0,201
201700046274,17,7,10,1439,1,2,1,1.0,6.0,20004,M,4193326.0,875477.0,201
201700046275,17,7,10,1455,1,2,1,1.0,6.0,20004,M,4193989.0,876387.0,201
201700046276,17,7,13,20,3,1,1,1.0,4.0,20004,M,4193650.0,880344.0,201
201700046277,17,7,12,1140,1,2,3,1.0,3.0,20004,M,4193114.0,873557.0,201
201700046278,17,7,17,1900,1,2,1,1.0,4.0,20004,M,4193421.0,874606.0,201
201700046279,17,7,19,744,1,2,1,1.0,3.0,20004,M,4193158.0,874030.0,201
201700046280,17,7,19,1117,1,2,3,1.0,3.0,20004,M,4193390.0,875303.0,201
201700046281,17,7,21,1915,1,2,1,1.0,2.0,20004,M,4194327.0,875722.0,201
201700046282,17,7,7,1751,1,2,2,1.0,3.0,20004,M,4192591.0,873823.0,201
201700046283,17,7,25,647,2,2,1,1.0,3.0,20004,M,4194292.0,875258.0,201
201700046284,17,7,25,815,1,1,1,1.0,2.0,20004,M,4192853.0,876825.0,201
201700046285,17,7,25,2055,2,2,6,1.0,3.0,20004,M,4195277.0,878308.0,201
201700046286,17,7,26,1420,1,2,3,1.0,3.0,20004,M,4191296.0,872565.0,201
201700046287,17,7,29,300,5,2,1,1.0,6.0,20004,M,4191673.0,873209.0,201
201700046288,17,7,30,1250,1,2,1,1.0,3.0,20004,M,4190610.0,866989.0,201
201700046289,17,7,27,1015,1,2,1,1.0,1.0,20004,M,4193853.0,874145.0,201
201700046290,17,8,3,1740,1,2,1,1.0,3.0,20004,M,4193734.0,873793.0,201
201700046291,17,8,10,2100,4,2,1,1.0,6.0,20004,M,4195244.0,878089.0,201
201700046292,17,8,12,1335,1,2,1,1.0,3.0,20004,M,4194250.0,875119.0,201
201700046293,17,8,20,1840,1,2,1,1.0,6.0,20004,M,4190803.0,868246.0,201
201700046294,17,8,21,1423,1,2,1,1.0,3.0,20004,M,4193732.0,873794.0,201
201700046295,17,8,22,1630,1,2,1,1.0,3.0,20004,M,4191292.0,872542.0,201
201700046296,17,8,22,1631,1,2,1,1.0,3.0,20004,M,4191428.0,872657.0,201
201700046297,17,8,26,2222,3,2,1,1.0,2.0,20004,M,4192509.0,880948.0,201
201700046298,17,8,27,1745,1,1,1,1.0,7.0,20004,M,4190894.0,870037.0,201
201700046299,17,8,28,305,5,2,1,1.0,6.0,20004,M,4192968.0,878890.0,201
201700046300,17,8,30,900,1,2,1,1.0,2.0,20004,M,4194405.0,875530.0,201
201700046301,17,8,30,1240,1,2,1,1.0,3.0,20004,M,4194641.0,876740.0,201
201700046302,17,9,3,30,5,2,1,1.0,6.0,20004,M,4190813.0,868508.0,201
201700046303,17,9,4,605,5,2,1,1.0,1.0,20004,M,4194576.0,876002.0,201
201700046304,17,9,5,1115,1,2,1,1.0,3.0,20004,M,4194152.0,874748.0,201
201700046305,17,9,14,1519,1,2,1,1.0,3.0,20004,M,4193509.0,875212.0,201
201700046306,17,9,15,800,1,2,1,1.0,4.0,20004,M,4194059.0,875603.0,201
201700046307,17,9,17,500,3,1,1,1.0,7.0,20004,M,4192997.0,869483.0,201
201700046308,17,9,20,1535,1,2,1,1.0,2.0,20004,M,4192651.0,873700.0,201
201700046309,17,9,20,1546,1,2,1,1.0,3.0,20004,M,4195198.0,877638.0,201
201700046310,17,9,20,1905,2,1,3,1.0,3.0,20004,M,4195246.0,876675.0,201
201700046311,17,9,21,645,2,2,1,1.0,3.0,20004,M,4193740.0,873823.0,201
201700046312,17,9,23,1335,1,2,1,1.0,6.0,20004,M,4191284.0,872439.0,201
201700046313,17,9,25,900,1,2,1,1.0,3.0,20004,M,4194661.0,876588.0,201
201700046314,17,9,26,1128,1,1,6,1.0,3.0,20004,M,4193134.0,880228.0,201
201700046315,17,9,28,906,1,2,1,1.0,3.0,20004,M,4195215.0,877911.0,201
201700046316,17,9,29,1855,1,2,1,1.0,6.0,20004,M,4192547.0,878032.0,201
201700046317,17,8,14,1930,1,2,1,1.0,2.0,20004,M,4192977.0,873923.0,201
201700046318,17,8,14,1815,1,2,1,1.0,1.0,20004,M,4194596.0,875824.0,201
201700046319,17,10,5,1730,1,2,1,1.0,6.0,20004,M,4191388.0,872514.0,201
201700046320,17,10,6,150,5,2,1,1.0,6.0,20004,M,4191928.0,873687.0,201
201700046321,17,10,5,2010,5,2,6,1.0,3.0,20004,M,4193019.0,875719.0,201
201700046322,17,10,8,1240,1,2,1,1.0,6.0,20004,M,4193253.0,874094.0,201
201700046323,17,10,9,850,1,2,1,1.0,3.0,20004,M,4194398.0,875521.0,201
201700046324,17,10,9,1505,1,2,1,1.0,3.0,20004,M,4193735.0,873798.0,201
201700046325,17,10,10,850,1,2,1,1.0,3.0,20004,M,4194969.0,876998.0,201
201700046326,17,10,10,1720,1,2,1,1.0,1.0,20004,M,4193201.0,873767.0,201
201700046327,17,10,9,1920,2,1,3,1.0,3.0,20004,M,4192633.0,877873.0,201
201700046328,17,10,14,1335,1,2,1,1.0,6.0,20004,M,4193289.0,874202.0,201
201700046329,17,10,14,1945,5,2,1,1.0,6.0,20004,M,4194130.0,874620.0,201
201700046330,17,10,15,1410,1,1,1,1.0,3.0,20004,M,4195159.0,873267.0,201
201700046331,17,10,27,1240,1,1,1,1.0,2.0,20004,M,4192979.0,875932.0,201
201700046332,17,10,27,1453,1,2,1,1.0,3.0,20004,M,4195420.0,878395.0,201
201700046333,17,10,30,2015,5,2,3,1.0,1.0,20004,M,4192591.0,873821.0,201
201700046334,17,11,1,1650,2,1,6,1.0,3.0,20004,M,4192743.0,877836.0,201
201700046335,17,10,22,2232,5,2,1,1.0,3.0,20004,M,4192276.0,873755.0,201
201700046336,17,11,9,1415,1,2,1,1.0,6.0,20004,M,4193415.0,875053.0,201
201700046337,17,11,11,1415,1,2,1,1.0,3.0,20004,M,4194587.0,876212.0,201
201700046338,17,11,11,2120,5,2,2,1.0,3.0,20004,M,4192549.0,873784.0,201
201700046339,17,11,15,1850,5,2,1,1.0,6.0,20004,M,4193336.0,874321.0,201
201700046340,17,11,18,1900,3,1,1,1.0,2.0,20004,M,4192775.0,879875.0,201
201700046341,17,11,18,2200,5,2,1,1.0,3.0,20004,M,4192847.0,873684.0,201
201700046342,17,11,18,2120,5,2,4,1.0,3.0,20004,M,4193224.0,874063.0,201
201700046343,17,11,18,1940,5,2,9,1.0,1.0,20004,M,4193213.0,874050.0,201
201700046344,17,10,12,1515,1,2,1,1.0,3.0,20004,M,4194635.0,876402.0,201
201700046345,17,11,21,1140,1,2,1,1.0,2.0,20004,M,4192571.0,873815.0,201
201700046346,17,11,22,1221,1,2,1,1.0,2.0,20004,M,4192973.0,875940.0,201
201700046347,17,11,22,2140,5,2,1,1.0,6.0,20004,M,4192491.0,873838.0,201
201700046348,17,11,25,1410,1,1,1,8.0,7.0,20004,M,4192746.0,877804.0,201
201700046349,17,11,27,742,1,2,1,1.0,6.0,20004,M,4193736.0,873220.0,201
201700046350,17,11,30,2200,3,1,1,1.0,2.0,20004,M,4193850.0,880410.0,201
201700046351,17,12,1,1255,1,2,1,8.0,6.0,20004,M,4191931.0,873689.0,201
201700046352,17,12,1,1438,1,2,3,8.0,3.0,20004,M,4191299.0,872248.0,201
201700046353,17,11,30,1120,1,2,2,1.0,1.0,20004,M,4191560.0,873054.0,201
201700046354,17,12,4,1145,1,2,1,1.0,6.0,20004,M,4191988.0,873329.0,201
201700046355,17,12,3,2020,5,2,2,1.0,3.0,20004,M,4192815.0,873865.0,201
201700046356,17,12,7,1648,2,2,1,2.0,3.0,20004,M,4194635.0,876403.0,201
201700046357,17,12,8,1438,1,2,1,3.0,3.0,20004,M,4194428.0,875588.0,201
201700046358,17,12,13,1250,1,2,1,1.0,1.0,20004,M,4193332.0,873270.0,201
201700046359,17,12,9,310,5,2,1,6.0,6.0,20004,M,4193391.0,874668.0,201
201700046360,17,12,15,1233,1,2,3,2.0,2.0,20004,M,4192029.0,872823.0,201
201700046361,17,12,19,1158,1,2,1,1.0,3.0,20004,M,4194279.0,875223.0,201
201700046362,17,12,26,1615,1,2,1,3.0,4.0,20004,M,4193632.0,875347.0,201
201700046363,17,12,26,1655,2,2,1,2.0,6.0,20004,M,4191925.0,873684.0,201
201700046364,17,1,1,730,3,1,1,4.0,2.0,77175,M,,,77
201700046365,17,1,3,100,5,1,1,2.0,6.0,94074,M,4876300.0,246577.0,94
201700046366,17,1,3,1850,3,1,1,1.0,1.0,94069,M,4881720.0,242643.0,94
201700046367,17,1,4,845,1,1,9,2.0,3.0,77053,M,4867549.0,261034.0,77
201700046368,17,1,5,745,2,1,1,1.0,4.0,77363,M,,,77
201700046369,17,1,6,915,1,1,1,1.0,2.0,94033,M,4885750.0,248750.0,94
201700046370,17,1,7,1230,1,1,1,1.0,2.0,94002,M,4877640.0,242289.0,94
201700046371,17,1,7,2100,3,1,1,2.0,6.0,77237,M,4883096.0,276118.0,77
201700046372,17,1,9,648,5,1,1,2.0,2.0,94018,M,4881910.0,240705.0,94
201700046373,17,1,9,915,1,1,1,5.0,4.0,77372,M,,,77
201700046374,17,1,9,1545,1,1,1,1.0,2.0,77294,M,4896686.0,262845.0,77
201700046375,17,1,10,915,1,1,1,1.0,2.0,94069,M,4881720.0,244334.0,94
201700046376,17,1,10,1100,1,1,9,2.0,2.0,77514,M,,,77
201700046377,17,1,10,2030,5,1,1,1.0,3.0,94073,M,4877070.0,238694.0,94
201700046378,17,1,10,2200,3,1,1,8.0,2.0,94073,M,4877080.0,238713.0,94
201700046379,17,1,10,2350,5,1,1,1.0,7.0,75112,M,,,75
201700046380,17,1,11,1700,1,1,1,2.0,6.0,77237,M,,,77
201700046381,17,1,12,940,1,1,1,1.0,5.0,93051,M,4883627.0,255461.0,93
201700046382,17,1,12,1255,1,1,1,2.0,2.0,94042,M,4882780.0,247176.0,94
201700046383,17,1,13,830,2,1,1,1.0,5.0,77169,M,,,77
201700046384,17,1,13,1240,1,1,1,1.0,2.0,94046,M,4880430.0,244885.0,94
201700046385,17,1,13,1430,1,1,1,1.0,3.0,94033,M,4885050.0,249090.0,94
201700046386,17,1,13,2145,3,1,1,1.0,2.0,94081,M,4877340.0,240281.0,94
201700046387,17,1,15,1500,1,1,1,1.0,5.0,94017,M,4882760.0,250725.0,94
201700046388,17,1,15,2115,3,1,1,4.0,7.0,77363,M,,,77
201700046389,17,1,15,2225,4,1,1,2.0,6.0,77438,M,,,77
201700046390,17,1,16,800,2,1,1,1.0,3.0,94046,M,4880630.0,244887.0,94
201700046391,17,1,16,1250,1,1,1,1.0,7.0,77384,M,,,77
201700046392,17,1,17,1645,1,1,1,1.0,7.0,94028,M,4877630.0,243663.0,94
201700046393,17,1,17,1940,4,1,1,1.0,5.0,77059,M,,,77
201700046394,17,1,18,855,1,1,1,1.0,4.0,94002,M,4877600.0,242851.0,94
201700046395,17,1,18,1055,1,1,1,1.0,5.0,94065,M,4875420.0,235100.0,94
201700046396,17,1,18,1547,1,1,1,1.0,5.0,94046,M,4879870.0,244529.0,94
201700046397,17,1,18,1650,1,1,1,1.0,3.0,77373,M,,,77
201700046398,17,1,18,1710,1,1,1,1.0,5.0,94073,M,4875760.0,238398.0,94
201700046399,17,1,18,815,2,1,1,1.0,3.0,94002,M,4877610.0,242833.0,94
201700046400,17,1,19,2120,3,1,1,1.0,6.0,77384,M,,,77
201700046401,17,1,20,920,1,1,1,1.0,3.0,94018,M,4881750.0,241528.0,94
201700046402,17,1,21,1600,1,1,1,1.0,6.0,94028,M,4879370.0,244141.0,94
201700046403,17,1,22,1940,3,1,1,8.0,2.0,77237,M,,,77
201700046404,17,1,23,1730,2,1,1,1.0,3.0,77514,M,4893804.0,262824.0,77
201700046405,17,1,24,430,3,1,1,1.0,6.0,77373,M,,,77
201700046406,17,1,26,15,3,1,1,8.0,7.0,93051,M,4883485.0,257875.0,93
201700046407,17,1,28,1240,1,1,1,1.0,7.0,77258,M,,,77
201700046408,17,1,29,410,5,1,1,1.0,5.0,94052,M,4883200.0,249171.0,94
201700046409,17,1,29,500,3,1,1,1.0,6.0,94081,M,4877410.0,240437.0,94
201700046410,17,1,30,1630,1,1,1,1.0,2.0,94081,M,4877440.0,240458.0,94
201700046411,17,1,30,1745,1,1,1,1.0,7.0,94033,M,4885150.0,248977.0,94
201700046412,17,1,31,1600,1,1,1,1.0,2.0,94069,M,4881690.0,245222.0,94
201700046413,17,1,31,1600,1,1,1,2.0,4.0,75112,M,,,75
201700046414,17,1,31,1830,2,1,1,1.0,5.0,94073,M,4877080.0,238714.0,94
201700046415,17,1,31,1930,5,1,1,1.0,6.0,94044,M,4875830.0,248110.0,94
201700046416,17,2,1,635,3,1,1,1.0,3.0,94073,M,4875380.0,237032.0,94
201700046417,17,2,1,900,1,1,1,1.0,7.0,94033,M,4885990.0,248550.0,94
201700046418,17,2,1,1915,3,1,1,1.0,4.0,77169,M,,,77
201700046419,17,2,2,1315,1,1,1,1.0,2.0,77083,M,,,77
201700046420,17,2,3,55,3,1,1,1.0,7.0,77337,M,,,77
201700046421,17,2,3,1440,1,1,1,1.0,7.0,77373,M,,,77
201700046422,17,2,3,1640,1,1,1,2.0,3.0,94022,M,4877310.0,240009.0,94
201700046423,17,2,3,2130,5,1,1,2.0,2.0,94046,M,4881070.0,244906.0,94
201700046424,17,2,4,30,4,1,1,1.0,2.0,94074,M,4876240.0,246676.0,94
201700046425,17,2,4,50,3,1,1,8.0,5.0,77514,M,,,77
201700046426,17,2,5,120,3,1,1,2.0,6.0,94073,M,4877060.0,238563.0,94
201700046427,17,2,5,1340,1,1,1,2.0,7.0,77337,M,,,77
201700046428,17,2,6,620,5,1,1,2.0,2.0,75112,M,,,75
201700046429,17,2,6,1800,1,1,1,1.0,2.0,94065,M,4875400.0,235231.0,94
201700046430,17,2,6,2345,3,1,1,1.0,6.0,77053,M,,,77
201700046431,17,2,7,1015,1,1,1,2.0,4.0,77122,M,,,77
201700046432,17,2,8,1410,1,1,1,1.0,3.0,94069,M,4881710.0,244473.0,94
201700046433,17,2,9,1730,1,1,1,1.0,4.0,94011,M,4875950.0,248492.0,94
201700046434,17,2,12,520,5,1,1,1.0,6.0,94052,M,4883230.0,249224.0,94
201700046435,17,2,12,1550,1,1,1,1.0,2.0,94046,M,4880720.0,244891.0,94
201700046436,17,2,14,1230,1,1,1,2.0,4.0,77495,M,,,77
201700046437,17,2,14,1920,5,1,1,1.0,2.0,94028,M,4877610.0,242961.0,94
201700046438,17,2,15,438,3,1,1,1.0,2.0,77514,M,,,77
201700046439,17,2,15,1125,1,1,1,1.0,5.0,75112,M,,,75
201700046440,17,2,15,1745,1,1,1,1.0,4.0,77294,M,,,77
201700046441,17,2,16,715,5,1,1,2.0,4.0,94022,M,4877640.0,242159.0,94
201700046442,17,2,16,1830,2,1,1,3.0,3.0,94028,M,4877930.0,244122.0,94
201700046443,17,2,17,2120,3,1,1,1.0,2.0,77053,M,,,77
201700046444,17,2,19,910,1,1,1,5.0,7.0,77121,M,,,77
201700046445,17,2,19,2030,5,1,1,1.0,6.0,94073,M,4875380.0,236969.0,94
201700046446,17,2,22,2110,5,1,1,1.0,2.0,94074,M,4876950.0,244930.0,94
201700046447,17,2,24,640,3,1,1,1.0,2.0,94015,M,4883060.0,252982.0,94
201700046448,17,2,24,1415,1,1,1,1.0,2.0,94017,M,4883030.0,249097.0,94
201700046449,17,2,24,1730,1,1,1,1.0,4.0,94018,M,4881750.0,241808.0,94
201700046450,17,2,24,1740,1,1,1,1.0,5.0,94065,M,4875500.0,234447.0,94
201700046451,17,2,25,1340,1,1,1,1.0,3.0,94028,M,4877730.0,243972.0,94
201700046452,17,2,27,900,1,1,1,1.0,5.0,94069,M,4881750.0,242225.0,94
201700046453,17,2,27,1500,1,1,1,1.0,2.0,94017,M,4882650.0,251659.0,94
201700046454,17,2,27,1920,5,1,1,2.0,2.0,94028,M,4877610.0,243005.0,94
201700046455,17,2,28,845,1,1,1,2.0,2.0,77373,M,,,77
201700046456,17,2,28,1535,1,1,1,1.0,3.0,77373,M,,,77
201700046457,17,3,1,415,4,1,1,1.0,2.0,94028,M,4878260.0,244090.0,94
201700046458,17,3,1,1520,1,1,1,2.0,6.0,77373,M,4879958.0,262418.0,77
201700046459,17,3,1,1750,1,1,1,1.0,3.0,77337,M,4884885.0,261756.0,77
201700046460,17,3,1,2100,3,1,1,2.0,4.0,94017,M,4882970.0,249791.0,94
201700046461,17,3,2,630,3,1,1,1.0,4.0,77146,M,4883270.0,266033.0,77
201700046462,17,3,3,950,1,1,1,1.0,7.0,94017,M,4883050.0,249250.0,94
201700046463,17,3,3,1000,1,1,1,1.0,6.0,94028,M,4877170.0,244670.0,94
201700046464,17,3,3,1725,1,1,1,1.0,5.0,77181,M,4882990.0,270446.0,77
201700046465,17,3,3,2300,5,1,1,1.0,6.0,94022,M,4877620.0,241491.0,94
201700046466,17,3,4,1630,1,1,9,2.0,7.0,77258,M,4883004.0,262698.0,77
201700046467,17,3,6,1430,1,1,1,2.0,3.0,77384,M,4861313.0,263199.0,77
201700046468,17,3,7,920,1,1,1,1.0,6.0,93051,M,4883624.0,255529.0,93
201700046469,17,3,9,615,3,1,1,2.0,6.0,77237,M,4883120.0,276341.0,77
201700046470,17,3,9,725,3,1,1,2.0,3.0,77449,M,4883333.0,279348.0,77
201700046471,17,3,9,850,1,1,1,1.0,2.0,94015,M,4883270.0,253321.0,94
201700046472,17,3,10,1100,1,1,1,1.0,4.0,94042,M,4882840.0,247584.0,94
201700046473,17,3,11,310,3,1,1,1.0,7.0,77372,M,4887928.0,266815.0,77
201700046474,17,3,11,730,2,1,1,1.0,6.0,94065,M,4875360.0,235638.0,94
201700046475,17,3,11,2020,3,1,1,1.0,2.0,77514,M,4893497.0,260640.0,77
201700046476,17,3,12,525,3,1,1,1.0,7.0,77514,M,4894636.0,262878.0,77
201700046477,17,3,12,1820,1,1,1,1.0,3.0,94018,M,4882560.0,239234.0,94
201700046478,17,3,13,930,1,1,1,1.0,7.0,77514,M,4893509.0,260870.0,77
201700046479,17,3,14,645,2,1,1,1.0,7.0,77083,M,4884818.0,259743.0,77
201700046480,17,3,15,715,2,1,1,1.0,2.0,93051,M,4883571.0,256524.0,93
201700046481,17,3,16,830,1,1,1,1.0,4.0,77514,M,4894658.0,262878.0,77
201700046482,17,3,16,1920,1,1,1,1.0,3.0,77294,M,4896818.0,260230.0,77
201700046483,17,3,17,833,1,1,1,1.0,4.0,94069,M,4881630.0,245291.0,94
201700046484,17,3,17,1850,1,1,1,1.0,7.0,94042,M,4882850.0,247528.0,94
201700046485,17,3,19,340,3,1,1,1.0,5.0,94028,M,4878880.0,244021.0,94
201700046486,17,3,19,1140,1,1,1,1.0,5.0,94033,M,4884950.0,249049.0,94
201700046487,17,3,19,2040,2,1,1,1.0,2.0,75112,M,4881894.0,245739.0,75
201700046488,17,3,20,1350,1,1,1,1.0,6.0,93051,M,4883576.0,256142.0,93
201700046489,17,3,21,405,3,1,1,2.0,6.0,94046,M,4880550.0,244882.0,94
201700046490,17,3,22,815,1,1,1,1.0,2.0,94015,M,4883050.0,253004.0,94
201700046491,17,3,23,845,1,1,1,1.0,2.0,77384,M,4862383.0,262935.0,77