Num_Acc,an,mois,jour,hrmn,lum,agg,int,atm,col,com,gps,lat,long,dep
201700046492,17,3,23,1040,1,1,1,1.0,3.0,94017,M,4882970.0,249791.0,94
201700046493,17,3,23,1710,1,1,1,1.0,4.0,94073,M,4876660.0,237881.0,94
201700046494,17,3,23,1630,1,1,1,2.0,2.0,77337,M,4884873.0,261828.0,77
201700046495,17,3,23,2015,3,1,1,1.0,4.0,94028,M,4878880.0,244021.0,94
201700046496,17,3,24,1730,1,1,1,1.0,2.0,77083,M,4884806.0,259820.0,77
201700046497,17,3,25,345,5,1,1,1.0,2.0,94073,M,4876020.0,238314.0,94
201700046498,17,3,25,1920,2,1,1,1.0,7.0,77468,M,4883250.0,266166.0,77
201700046499,17,3,27,25,3,1,1,1.0,1.0,77237,M,4883030.0,275246.0,77
201700046500,17,3,27,1645,1,1,1,1.0,2.0,77018,M,4884053.0,281651.0,77
201700046501,17,3,28,815,1,1,1,1.0,3.0,94073,M,4876980.0,238043.0,94
201700046502,17,3,28,900,1,1,1,1.0,3.0,94069,M,4881730.0,242503.0,94
201700046503,17,3,28,1545,1,1,1,1.0,4.0,77181,M,4883064.0,269273.0,77
201700046504,17,3,28,1830,1,1,1,1.0,5.0,93051,M,4883606.0,255870.0,93
201700046505,17,3,29,830,1,1,1,1.0,4.0,77363,M,4891605.0,263364.0,77
201700046506,17,3,29,1530,1,1,1,1.0,7.0,77337,M,4884781.0,262425.0,77
201700046507,17,3,29,1840,1,1,1,1.0,3.0,94028,M,4876950.0,244930.0,94
201700046508,17,3,29,1930,1,1,1,1.0,6.0,94065,M,4875510.0,234854.0,94
201700046509,17,3,29,1950,1,1,1,1.0,2.0,94069,M,4881740.0,242930.0,94
201700046510,17,3,30,709,2,1,1,1.0,6.0,94033,M,4885880.0,248668.0,94
201700046511,17,3,30,1000,1,1,1,1.0,2.0,77294,M,4897422.0,258001.0,77
201700046512,17,3,31,900,1,1,1,1.0,2.0,75112,M,4882685.0,246751.0,75
201700046513,17,4,1,1700,1,1,1,1.0,2.0,94017,M,4882990.0,249647.0,94
201700046514,17,4,2,1540,1,1,1,1.0,6.0,77146,M,4883195.0,265161.0,77
201700046515,17,4,3,900,1,1,1,1.0,2.0,94073,M,4876080.0,238255.0,94
201700046516,17,4,4,35,5,1,1,1.0,2.0,94028,M,4878200.0,244114.0,94
201700046517,17,4,4,1730,1,1,1,1.0,2.0,75112,M,4884703.0,244419.0,75
201700046518,17,4,4,1730,1,1,1,1.0,3.0,94022,M,4877560.0,241337.0,94
201700046519,17,4,5,540,3,1,1,1.0,2.0,93051,M,4883507.0,257750.0,93
201700046520,17,4,5,540,3,1,1,1.0,6.0,93051,M,4883515.0,257614.0,93
201700046521,17,4,5,645,2,1,1,1.0,2.0,77169,M,4881782.0,261856.0,77
201700046522,17,4,5,1515,1,1,1,1.0,3.0,77169,M,4881482.0,262557.0,77
201700046523,17,4,5,1745,1,1,1,1.0,4.0,77237,M,4883047.0,275528.0,77
201700046524,17,4,6,850,1,1,1,1.0,2.0,94017,M,4882710.0,252399.0,94
201700046525,17,4,6,1920,1,1,1,1.0,5.0,77294,M,4897170.0,257411.0,77
201700046526,17,4,6,910,1,1,1,1.0,2.0,94017,M,4882790.0,250451.0,94
201700046527,17,4,7,1200,1,1,1,1.0,3.0,77121,M,4883730.0,266463.0,77
201700046528,17,4,7,1800,1,1,1,1.0,4.0,77258,M,4883070.0,263344.0,77
201700046529,17,4,8,1645,1,1,1,1.0,4.0,94022,M,4877340.0,240318.0,94
201700046530,17,4,8,2100,2,1,1,1.0,5.0,94017,M,4882650.0,251831.0,94
201700046531,17,4,9,20,5,1,1,1.0,3.0,94018,M,4881890.0,240856.0,94
201700046532,17,4,9,630,2,1,1,1.0,3.0,94046,M,4880900.0,244899.0,94
201700046533,17,4,9,1435,1,1,1,1.0,3.0,94017,M,4882970.0,249791.0,94
201700046534,17,4,9,1700,1,1,1,1.0,2.0,94073,M,4877080.0,238691.0,94
201700046535,17,4,9,2115,3,1,1,1.0,6.0,94046,M,4879320.0,244122.0,94
201700046536,17,4,9,2250,5,1,1,1.0,2.0,94018,M,4881730.0,241780.0,94
201700046537,17,4,10,915,1,1,1,1.0,3.0,77294,M,4896321.0,261330.0,77
201700046538,17,4,10,1730,1,1,1,1.0,2.0,77294,M,4897521.0,258539.0,77
201700046539,17,4,11,1500,1,1,1,1.0,2.0,77373,M,4879683.0,262207.0,77
201700046540,17,4,11,1607,1,1,1,1.0,3.0,94042,M,4882860.0,247636.0,94
201700046541,17,4,11,2140,3,1,1,1.0,2.0,77384,M,4861111.0,263229.0,77
201700046542,17,4,12,710,1,1,1,1.0,2.0,94017,M,4883030.0,249097.0,94
201700046543,17,4,12,900,1,1,1,1.0,3.0,94028,M,4879590.0,244273.0,94
201700046544,17,4,13,1250,1,1,1,1.0,2.0,94017,M,4882720.0,250998.0,94
201700046545,17,4,14,1200,1,1,1,1.0,6.0,77059,M,4885059.0,266167.0,77
201700046546,17,4,14,1630,1,1,1,1.0,2.0,94081,M,4877440.0,241017.0,94
201700046547,17,4,14,1900,1,1,1,1.0,3.0,94018,M,4882290.0,239617.0,94
201700046548,17,4,14,2200,5,1,1,1.0,2.0,94069,M,4881760.0,242084.0,94
201700046549,17,4,15,1745,1,1,1,1.0,4.0,94065,M,4875470.0,234842.0,94
201700046550,17,4,16,100,3,1,1,1.0,6.0,77363,M,4891513.0,263415.0,77
201700046551,17,4,16,2345,5,1,1,1.0,3.0,94028,M,4877660.0,243792.0,94
201700046552,17,4,18,20,5,1,1,1.0,2.0,94018,M,4882070.0,240054.0,94
201700046553,17,4,18,750,1,1,1,1.0,3.0,94022,M,4877570.0,241314.0,94
201700046554,17,4,20,840,1,1,1,1.0,3.0,77294,M,4897468.0,258741.0,77
201700046555,17,4,20,915,1,1,1,1.0,2.0,94017,M,4882790.0,250424.0,94
201700046556,17,4,20,1825,1,1,1,1.0,4.0,94017,M,4882790.0,250451.0,94
201700046557,17,4,21,530,5,1,1,1.0,7.0,94028,M,4877620.0,243530.0,94
201700046558,17,4,21,900,1,1,1,1.0,2.0,94017,M,4882790.0,250451.0,94
201700046559,17,4,21,1743,1,1,1,1.0,2.0,94069,M,4881710.0,244323.0,94
201700046560,17,4,22,15,4,1,1,1.0,5.0,94018,M,4881770.0,241525.0,94
201700046561,17,4,22,145,5,1,1,1.0,6.0,94028,M,4877770.0,243990.0,94
201700046562,17,4,22,925,1,1,1,1.0,3.0,94046,M,4881370.0,244874.0,94
201700046563,17,4,22,1320,1,1,1,1.0,6.0,77121,M,4883432.0,266561.0,77
201700046564,17,4,24,1800,1,1,1,1.0,2.0,94052,M,4883390.0,249283.0,94
201700046565,17,4,25,730,1,1,1,2.0,6.0,77258,M,4883120.0,263960.0,77
201700046566,17,4,25,1420,1,1,1,1.0,6.0,77121,M,4883199.0,267085.0,77
201700046567,17,4,26,800,1,1,1,1.0,2.0,94073,M,4877230.0,239612.0,94
201700046568,17,4,26,905,1,1,1,1.0,4.0,94042,M,4882820.0,247291.0,94
201700046569,17,4,26,1915,1,1,4,8.0,6.0,77258,M,4882989.0,263472.0,77
201700046570,17,4,26,1920,1,1,1,1.0,7.0,94018,M,4881890.0,240857.0,94
201700046571,17,4,26,1905,1,1,1,2.0,2.0,77337,M,4883013.0,261463.0,77
201700046572,17,4,27,800,2,1,1,1.0,3.0,77337,M,4884629.0,263009.0,77
201700046573,17,4,27,920,1,1,1,1.0,6.0,77249,M,4874990.0,261401.0,77
201700046574,17,4,27,945,1,1,1,1.0,2.0,94017,M,4883010.0,249337.0,94
201700046575,17,4,27,1615,1,1,1,1.0,2.0,77258,M,4883008.0,262564.0,77
201700046576,17,4,28,815,2,1,1,2.0,3.0,94073,M,4877170.0,239356.0,94
201700046577,17,4,28,840,1,1,1,2.0,4.0,94033,M,4885860.0,248680.0,94
201700046578,17,4,29,600,2,1,1,1.0,2.0,94028,M,4879370.0,244141.0,94
201700046579,17,4,29,1315,1,1,1,1.0,3.0,94028,M,4879240.0,244090.0,94
201700046580,17,5,1,650,1,1,1,2.0,6.0,77294,M,,,77
201700046581,17,5,2,930,1,1,1,1.0,5.0,75112,M,4881669.0,244487.0,75
201700046582,17,5,2,1700,1,1,1,1.0,3.0,94073,M,4875360.0,237921.0,94
201700046583,17,5,4,1230,1,1,1,1.0,6.0,75112,M,4882606.0,246511.0,75
201700046584,17,5,4,1815,1,1,1,2.0,3.0,94028,M,4880120.0,244739.0,94
201700046585,17,5,4,2050,2,1,1,2.0,6.0,94044,M,4875880.0,247013.0,94
201700046586,17,5,7,1220,1,1,1,2.0,2.0,77337,M,4884700.0,262985.0,77
201700046587,17,5,7,1330,1,1,1,2.0,7.0,77294,M,,,77
201700046588,17,5,8,640,3,1,1,1.0,7.0,77373,M,4877954.0,261518.0,77
201700046589,17,5,9,420,5,1,1,1.0,3.0,94046,M,4880540.0,244854.0,94
201700046590,17,5,9,1600,1,1,1,1.0,3.0,94028,M,4878880.0,244048.0,94
201700046591,17,5,10,815,1,1,1,1.0,2.0,94065,M,4875380.0,235332.0,94
201700046592,17,5,10,1400,1,1,1,1.0,7.0,94017,M,4882790.0,250451.0,94
201700046593,17,5,11,17,3,1,1,1.0,5.0,94042,M,4882830.0,247448.0,94
201700046594,17,5,11,1200,1,1,1,1.0,5.0,94052,M,4884340.0,249259.0,94
201700046595,17,5,11,1530,1,1,1,1.0,2.0,77169,M,4881565.0,262412.0,77
201700046596,17,5,12,1030,1,1,1,1.0,2.0,94052,M,4884010.0,249304.0,94
201700046597,17,5,12,1650,1,1,1,1.0,4.0,94018,M,4882280.0,239595.0,94
201700046598,17,5,13,1500,1,1,1,1.0,4.0,77373,M,4879075.0,261823.0,77
201700046599,17,5,14,1400,1,1,1,1.0,4.0,77294,M,,,77
201700046600,17,5,16,745,1,1,1,1.0,5.0,94081,M,4877500.0,241152.0,94
201700046601,17,5,16,1545,1,1,1,1.0,2.0,94058,M,4884460.0,249298.0,94
201700046602,17,5,16,1838,1,1,1,1.0,3.0,75112,M,,,75
201700046603,17,5,16,1930,1,1,1,1.0,5.0,94017,M,4882700.0,251136.0,94
201700046604,17,5,17,900,1,1,1,1.0,7.0,94069,M,4881650.0,245015.0,94
201700046605,17,5,17,945,1,1,1,1.0,4.0,77294,M,4897345.0,258986.0,77
201700046606,17,5,18,830,1,1,1,2.0,2.0,94081,M,4877410.0,240500.0,94
201700046607,17,5,18,1815,1,1,1,2.0,3.0,94073,M,4877060.0,238564.0,94
201700046608,17,5,19,15,5,1,1,2.0,6.0,94073,M,4876660.0,237881.0,94
201700046609,17,5,19,1930,1,1,1,1.0,2.0,77083,M,4883210.0,259590.0,77
201700046610,17,5,20,905,1,1,1,1.0,6.0,94069,M,4881760.0,243490.0,94
201700046611,17,5,21,700,2,1,1,1.0,4.0,77258,M,4883065.0,266333.0,77
201700046612,17,5,21,1200,1,1,1,1.0,6.0,75112,M,4882139.0,246195.0,75
201700046613,17,5,21,1210,1,1,1,1.0,3.0,94028,M,4878790.0,244032.0,94
201700046614,17,5,21,2010,1,1,1,1.0,4.0,94017,M,4883050.0,249110.0,94
201700046615,17,5,22,620,2,1,1,1.0,2.0,93051,M,4894560.0,247660.0,93
201700046616,17,5,23,800,1,1,1,1.0,2.0,77083,M,4883114.0,260542.0,77
201700046617,17,5,23,800,1,1,1,1.0,2.0,94073,M,4877040.0,238432.0,94
201700046618,17,5,23,1820,1,1,1,1.0,3.0,94065,M,4875360.0,235505.0,94
201700046619,17,5,24,1305,1,1,1,1.0,4.0,77373,M,4879060.0,261841.0,77
201700046620,17,5,26,2335,3,1,1,1.0,2.0,77450,M,4871521.0,259979.0,77
201700046621,17,5,28,405,5,1,1,1.0,3.0,94018,M,4882010.0,240333.0,94
201700046622,17,5,28,727,2,1,1,2.0,7.0,77337,M,4882852.0,262014.0,77
201700046623,17,5,28,1000,1,1,1,1.0,2.0,94058,M,4883910.0,249334.0,94
201700046624,17,5,28,1350,1,1,1,1.0,4.0,75112,M,4881940.0,245868.0,75
201700046625,17,5,28,2230,4,1,1,1.0,6.0,94028,M,4878700.0,244006.0,94
201700046626,17,5,29,750,1,1,1,1.0,2.0,94018,M,4881770.0,241525.0,94
201700046627,17,5,29,1120,1,1,1,1.0,4.0,94017,M,4883010.0,248615.0,94
201700046628,17,5,29,1630,1,1,1,1.0,2.0,75112,M,4882394.0,246407.0,75
201700046629,17,5,29,2114,3,1,1,1.0,2.0,77294,M,4897140.0,259417.0,77
201700046630,17,5,30,800,1,1,1,1.0,6.0,77373,M,4878210.0,261630.0,77
201700046631,17,5,30,920,1,1,1,1.0,3.0,77372,M,4887780.0,266850.0,77
201700046632,17,5,31,900,1,1,1,1.0,5.0,94069,M,4881760.0,242084.0,94
201700046633,17,5,31,920,1,1,1,1.0,2.0,94015,M,4883060.0,252981.0,94
201700046634,17,6,1,640,1,1,1,1.0,5.0,94015,M,4883205.0,253235.0,94
201700046635,17,6,1,920,1,1,1,1.0,5.0,77237,M,4883048.0,275707.0,77
201700046636,17,6,1,930,1,1,1,1.0,6.0,94018,M,4881787.0,241523.0,94
201700046637,17,6,1,1040,1,1,1,1.0,2.0,94015,M,4882743.0,252501.0,94
201700046638,17,6,2,710,2,1,1,1.0,2.0,77373,M,4880647.0,262905.0,77
201700046639,17,6,2,940,1,1,1,1.0,2.0,77514,M,,,77
201700046640,17,6,4,1530,1,1,1,1.0,3.0,75112,M,,,75
201700046641,17,6,5,1015,1,1,1,1.0,2.0,77294,M,4898338.0,260051.0,77
201700046642,17,6,5,1630,1,1,1,1.0,2.0,94073,M,4876130.0,238239.0,94
201700046643,17,6,6,402,3,1,1,3.0,5.0,77514,M,4894926.0,262869.0,77
201700046644,17,6,6,725,1,1,1,2.0,2.0,77249,M,4873188.0,260931.0,77
201700046645,17,6,6,730,1,1,1,1.0,3.0,94081,M,,,94
201700046646,17,6,6,1520,1,1,1,2.0,2.0,94017,M,4282870.0,247830.0,94
201700046647,17,6,6,1910,1,1,1,2.0,6.0,94018,M,4882030.0,240170.0,94
201700046648,17,6,7,845,1,1,1,1.0,7.0,77514,M,4894440.0,262860.0,77
201700046649,17,6,7,1845,1,1,1,1.0,6.0,94069,M,4881746.0,243219.0,94
201700046650,17,6,7,2045,1,1,1,1.0,6.0,94069,M,4881733.0,243261.0,94
201700046651,17,6,7,2220,3,1,1,1.0,5.0,77018,M,4883571.0,280781.0,77
201700046652,17,6,8,800,1,1,1,1.0,2.0,94015,M,4883033.0,252954.0,94
201700046653,17,6,8,810,1,1,1,1.0,2.0,93051,M,4883618.0,255325.0,93
201700046654,17,6,8,1000,1,1,1,1.0,4.0,94022,M,4877531.0,241247.0,94
201700046655,17,6,8,1030,1,1,1,1.0,2.0,94065,M,4875414.0,235045.0,94
201700046656,17,6,8,1930,1,1,1,1.0,3.0,94073,M,4875892.0,238379.0,94
201700046657,17,6,9,705,2,1,1,2.0,2.0,94069,M,,,94
201700046658,17,6,9,825,1,1,1,1.0,4.0,77251,M,4864455.0,254170.0,77
201700046659,17,6,9,1610,1,1,1,1.0,3.0,94046,M,4877662.0,243126.0,94
201700046660,17,6,9,2010,1,1,1,1.0,3.0,94028,M,4880551.0,244877.0,94
201700046661,17,6,10,1830,1,1,1,1.0,6.0,77438,M,4885440.0,266347.0,77
201700046662,17,6,10,2150,2,1,1,1.0,2.0,77363,M,4892570.0,262912.0,77
201700046663,17,6,11,1420,1,1,1,1.0,4.0,94046,M,4881230.0,244900.0,94
201700046664,17,6,11,1422,1,1,1,1.0,6.0,94052,M,4883159.0,249149.0,94
201700046665,17,6,11,1655,1,1,1,1.0,3.0,94028,M,4879000.0,244000.0,94
201700046666,17,6,12,827,1,1,1,1.0,3.0,77514,M,,,77
201700046667,17,6,12,1000,1,1,1,1.0,3.0,94028,M,4880998.0,244886.0,94
201700046668,17,6,12,1020,1,1,1,1.0,2.0,94028,M,4878391.0,243950.0,94
201700046669,17,6,12,1030,1,1,1,1.0,2.0,77517,M,,,77
201700046670,17,6,12,1915,1,1,1,1.0,5.0,94069,M,4881737.0,242341.0,94
201700046671,17,6,13,840,1,1,1,1.0,2.0,75112,M,4882100.0,246100.0,75
201700046672,17,6,13,1520,1,1,1,1.0,2.0,94022,M,4877623.0,242398.0,94
201700046673,17,6,13,1700,1,1,1,1.0,6.0,77363,M,4893049.0,262788.0,77
201700046674,17,6,13,1900,1,1,1,1.0,3.0,94015,M,4883291.0,253358.0,94
201700046675,17,6,14,900,1,1,1,1.0,2.0,94046,M,4880352.0,244821.0,94
201700046676,17,6,14,1640,1,1,1,1.0,2.0,94017,M,4882636.0,251858.0,94
201700046677,17,6,15,810,1,1,1,1.0,6.0,94018,M,4882165.0,239879.0,94
201700046678,17,6,15,1000,1,1,1,1.0,6.0,94028,M,4878129.0,244124.0,94
201700046679,17,6,15,1345,1,1,1,1.0,3.0,94065,M,,,94
201700046680,17,6,15,1600,1,1,1,1.0,3.0,93051,M,4883646.0,255086.0,93
201700046681,17,6,15,1610,1,1,1,1.0,4.0,77169,M,4881236.0,262663.0,77
201700046682,17,6,15,2135,2,1,1,1.0,6.0,77517,M,4891132.0,263608.0,77
201700046683,17,6,16,240,3,1,1,1.0,6.0,77294,M,4896819.0,260170.0,77
201700046684,17,6,16,450,2,1,1,1.0,2.0,77517,M,4891314.0,263541.0,77
201700046685,17,6,17,1730,1,1,1,1.0,2.0,94022,M,4877389.0,240387.0,94
201700046686,17,6,18,1055,1,1,1,1.0,4.0,94033,M,4884466.0,249244.0,94
201700046687,17,6,19,940,1,1,1,1.0,2.0,75112,M,4881816.0,245581.0,75
201700046688,17,6,19,1000,1,1,1,1.0,3.0,94028,M,4879147.0,244076.0,94
201700046689,17,6,19,1730,1,1,1,1.0,2.0,94046,M,4881000.0,244900.0,94
201700046690,17,6,19,2130,2,1,1,1.0,6.0,94046,M,4880575.0,244851.0,94
201700046691,17,6,20,640,2,1,1,1.0,3.0,93051,M,4883661.0,254263.0,93
201700046692,17,6,20,1430,1,1,1,1.0,5.0,77294,M,4897381.0,258901.0,77
201700046693,17,6,21,1230,1,1,1,1.0,4.0,94018,M,4882068.0,240134.0,94
201700046694,17,6,23,1440,1,1,1,1.0,6.0,94017,M,4882996.0,248666.0,94
201700046695,17,6,23,1630,1,1,1,1.0,2.0,94042,M,4882691.0,246682.0,94
201700046696,17,6,23,1700,1,1,1,1.0,4.0,94018,M,4882492.0,239295.0,94
201700046697,17,6,26,720,1,1,1,1.0,3.0,77249,M,4874355.0,261257.0,77
201700046698,17,6,26,855,1,1,1,1.0,4.0,94018,M,4881940.0,241367.0,94
201700046699,17,6,28,745,1,1,1,1.0,6.0,77373,M,,,77
201700046700,17,6,28,1225,1,1,1,1.0,2.0,94017,M,4882814.0,250560.0,94
201700046701,17,6,28,1440,1,1,1,2.0,2.0,93051,M,4883569.0,256278.0,93
201700046702,17,6,28,1840,1,1,1,3.0,4.0,77058,M,4883083.0,274583.0,77
201700046703,17,6,29,745,1,1,1,1.0,2.0,94028,M,4879300.0,244130.0,94
201700046704,17,6,30,1345,1,1,1,3.0,2.0,77258,M,,,77
201700046705,17,7,1,730,1,1,1,1.0,4.0,77514,M,4893250.0,262815.0,77
201700046706,17,7,1,1740,1,1,1,1.0,2.0,94065,M,4875481.0,234700.0,94
201700046707,17,7,3,1045,1,1,1,1.0,6.0,94011,M,4876304.0,249549.0,94
201700046708,17,7,3,1110,1,1,1,1.0,2.0,94015,M,4882706.0,252342.0,94
201700046709,17,7,3,1745,1,1,1,1.0,2.0,77146,M,4883240.0,266328.0,77
201700046710,17,7,3,1835,1,1,1,1.0,4.0,94018,M,,,94
201700046711,17,7,4,930,1,1,1,1.0,2.0,77294,M,4897316.0,259112.0,77
201700046712,17,7,4,1030,1,1,1,1.0,4.0,77517,M,4890496.0,264370.0,77
201700046713,17,7,6,900,1,1,1,1.0,2.0,77294,M,4897225.0,257536.0,77
201700046714,17,7,6,1625,1,1,1,1.0,2.0,75112,M,4882262.0,246298.0,75
201700046715,17,7,9,1212,1,1,1,1.0,2.0,94073,M,4875970.0,238290.0,94
201700046716,17,7,9,1305,1,1,1,1.0,1.0,94018,M,4881777.0,241406.0,94
201700046717,17,7,10,940,1,1,1,3.0,6.0,94017,M,4882679.0,251260.0,94
201700046718,17,7,10,955,1,1,1,2.0,2.0,94022,M,4877643.0,242229.0,94
201700046719,17,7,10,1830,1,1,1,3.0,2.0,94044,M,4876010.0,248710.0,94
201700046720,17,7,12,1945,1,1,1,1.0,2.0,94033,M,4885084.0,249004.0,94
201700046721,17,7,12,900,1,1,1,3.0,6.0,77258,M,4883040.0,263038.0,77
201700046722,17,7,13,1000,1,1,1,1.0,3.0,77146,M,4883230.0,266060.0,77
201700046723,17,7,13,1000,1,1,1,1.0,3.0,77372,M,4887730.0,266824.0,77
201700046724,17,7,13,1700,1,1,1,1.0,2.0,94017,M,4882888.0,247945.0,94
201700046725,17,7,14,2340,5,1,1,1.0,6.0,94046,M,4880132.0,244731.0,94
201700046726,17,7,16,1400,1,1,1,1.0,6.0,77053,M,4868190.0,260314.0,77
201700046727,17,7,17,1300,1,1,1,1.0,4.0,94022,M,4877340.0,240031.0,94
201700046728,17,7,17,1525,1,1,1,1.0,1.0,94042,M,4882130.0,246192.0,94
201700046729,17,7,17,2000,1,1,1,1.0,2.0,94073,M,4875520.0,238290.0,94
201700046730,17,7,18,210,3,1,1,1.0,6.0,77514,M,4893340.0,262792.0,77
201700046731,17,7,18,630,1,1,1,1.0,5.0,94028,M,4878955.0,244021.0,94
201700046732,17,7,20,1915,1,1,1,1.0,4.0,94069,M,4881734.0,243119.0,94
201700046733,17,7,22,650,1,1,1,1.0,2.0,75112,M,4882530.0,246404.0,75
201700046734,17,7,24,730,1,1,1,1.0,6.0,77337,M,4882953.0,262308.0,77
201700046735,17,7,24,1500,1,1,1,2.0,5.0,77363,M,4891137.0,263532.0,77
201700046736,17,7,25,1600,1,1,4,1.0,6.0,77258,M,4883018.0,262683.0,77
201700046737,17,7,26,135,5,1,1,1.0,6.0,94058,M,4883403.0,249329.0,94
201700046738,17,7,26,700,1,1,1,1.0,3.0,94017,M,4881830.0,245600.0,94
201700046739,17,7,26,900,1,1,1,1.0,3.0,94017,M,4882740.0,250720.0,94
201700046740,17,7,26,1800,1,1,1,2.0,6.0,94065,M,4875364.0,236678.0,94
201700046741,17,7,26,2030,1,1,1,2.0,4.0,77294,M,4896855.0,260101.0,77
201700046742,17,7,27,1330,1,1,4,2.0,4.0,77258,M,4883080.0,262810.0,77
201700046743,17,7,27,1900,1,1,1,1.0,6.0,94017,M,4883010.0,248790.0,94
201700046744,17,7,28,825,1,1,1,1.0,3.0,94018,M,4882008.0,240359.0,94
201700046745,17,7,29,130,3,1,1,1.0,2.0,77121,M,4883120.0,268252.0,77
201700046746,17,7,29,2140,3,1,1,1.0,5.0,94017,M,4882755.0,250841.0,94
201700046747,17,7,31,1425,1,1,1,1.0,6.0,94018,M,4881715.0,241702.0,94
201700046748,17,7,31,1610,1,1,1,1.0,5.0,77251,M,4864460.0,254170.0,77
201700046749,17,7,31,2200,5,1,1,3.0,6.0,75112,M,4882130.0,246146.0,75
201700046750,17,8,1,830,1,1,1,1.0,2.0,94052,M,4883755.0,249413.0,94
201700046751,17,8,2,750,1,1,1,1.0,7.0,94073,M,4875357.0,237921.0,94
201700046752,17,8,2,1500,1,1,1,1.0,7.0,77384,M,4861228.0,263202.0,77
201700046753,17,8,3,1410,1,1,1,1.0,2.0,77122,M,4864670.0,258515.0,77
201700046754,17,8,4,455,4,1,1,1.0,4.0,94065,M,,,94
201700046755,17,8,4,1710,1,1,1,1.0,3.0,94042,M,4882772.0,247195.0,94
201700046756,17,8,5,515,5,1,1,2.0,2.0,94069,M,4881785.0,243610.0,94
201700046757,17,8,5,1415,1,1,1,1.0,6.0,77249,M,4875110.0,261430.0,77
201700046758,17,8,8,1730,1,1,1,3.0,2.0,77258,M,4883263.0,265735.0,77
201700046759,17,8,8,1800,1,1,1,2.0,6.0,77373,M,4879253.0,261769.0,77
201700046760,17,8,8,1945,1,1,1,1.0,3.0,77258,M,4882997.0,262450.0,77
201700046761,17,8,8,2015,1,1,1,1.0,4.0,94073,M,,,94
201700046762,17,8,10,2100,4,1,1,2.0,6.0,94073,M,4876777.0,237844.0,94
201700046763,17,8,10,2100,3,1,1,2.0,6.0,94073,M,4876777.0,237844.0,94
201700046764,17,8,11,2045,2,1,1,1.0,7.0,94028,M,4877656.0,244171.0,94
201700046765,17,8,13,115,3,1,1,2.0,2.0,77175,M,4865499.0,261464.0,77
201700046766,17,8,15,715,1,1,1,8.0,2.0,75112,M,4882418.0,246297.0,75
201700046767,17,8,15,2020,1,1,1,2.0,6.0,77258,M,4883030.0,262901.0,77
201700046768,17,8,16,1310,1,1,1,1.0,6.0,77058,M,4883048.0,269877.0,77
201700046769,17,8,16,1930,1,1,1,1.0,2.0,94028,M,4879491.0,244221.0,94
201700046770,17,8,16,2050,2,1,1,1.0,4.0,77438,M,4886967.0,267089.0,77
201700046771,17,8,16,2230,5,1,1,1.0,3.0,75112,M,4882398.0,246292.0,75
201700046772,17,8,18,2300,3,1,1,1.0,6.0,77258,M,4883030.0,262901.0,77
201700046773,17,8,19,2230,5,1,1,1.0,6.0,94028,M,4877194.0,244416.0,94
201700046774,17,8,23,800,1,1,1,1.0,2.0,94018,M,4881740.0,242600.0,94
201700046775,17,8,27,1000,1,1,1,2.0,6.0,77337,M,4882362.0,261421.0,77
201700046776,17,8,28,1540,1,1,1,1.0,2.0,77251,M,4864517.0,254742.0,77
201700046777,17,8,28,1730,1,1,1,1.0,6.0,94081,M,4877382.0,240405.0,94
201700046778,17,8,30,550,5,1,1,1.0,2.0,94069,M,4881739.0,242056.0,94
201700046779,17,8,30,1725,1,1,1,1.0,4.0,77517,M,4890230.0,264975.0,77
201700046780,17,8,31,650,2,1,1,2.0,7.0,75112,M,4881965.0,246085.0,75
201700046781,17,8,31,918,1,1,1,1.0,2.0,94073,M,4876226.0,239940.0,94
201700046782,17,8,31,1900,1,1,1,1.0,2.0,77373,M,4880403.0,262740.0,77
201700046783,17,8,31,1900,1,1,1,1.0,2.0,94065,M,4875390.0,235380.0,94
201700046784,17,9,1,1300,1,1,1,1.0,2.0,94052,M,4884558.0,249146.0,94
201700046785,17,9,3,1715,1,1,1,1.0,2.0,77122,M,4864699.0,257470.0,77
201700046786,17,9,4,1810,1,1,1,1.0,4.0,77122,M,4865691.0,261459.0,77
201700046787,17,9,5,830,1,1,1,1.0,3.0,77514,M,4894137.0,262845.0,77
201700046788,17,9,6,1200,1,1,1,1.0,5.0,94046,M,4879315.0,244143.0,94
201700046789,17,9,6,1805,1,1,1,1.0,2.0,77363,M,4894599.0,262877.0,77
201700046790,17,9,6,1800,1,1,1,1.0,4.0,94073,M,,,94
201700046791,17,9,7,805,1,1,1,1.0,3.0,94052,M,4883406.0,249302.0,94
201700046792,17,9,7,2020,3,1,1,1.0,6.0,77384,M,4860460.0,263369.0,77
201700046793,17,9,8,805,1,1,1,1.0,3.0,75112,M,4882384.0,246283.0,75
201700046794,17,9,8,812,1,1,1,1.0,2.0,77514,M,4894411.0,262859.0,77
201700046795,17,9,8,1815,1,1,1,2.0,4.0,77294,M,4896330.0,261300.0,77
201700046796,17,9,9,15,3,1,1,3.0,2.0,94074,M,4875287.0,247046.0,94
201700046797,17,9,9,715,3,1,1,2.0,7.0,77122,M,4864625.0,255687.0,77
201700046798,17,9,9,1400,1,1,1,8.0,4.0,94017,M,4882738.0,250773.0,94
201700046799,17,9,9,1710,1,1,1,1.0,4.0,77237,M,4883029.0,277856.0,77