Num_Acc,an,mois,jour,hrmn,lum,agg,int,atm,col,com,gps,lat,long,dep
201700046800,17,9,10,830,1,1,1,1.0,3.0,77438,M,4886330.0,266847.0,77
201700046801,17,9,11,545,4,1,1,1.0,3.0,94073,M,4876464.0,238019.0,94
201700046802,17,9,11,827,2,1,1,1.0,6.0,77294,M,4896920.0,259992.0,77
201700046803,17,9,11,1540,1,1,1,1.0,3.0,94046,M,4880511.0,244847.0,94
201700046804,17,9,12,2100,5,1,1,1.0,7.0,94042,M,4882313.0,246322.0,94
201700046805,17,9,12,2125,3,1,1,1.0,5.0,94028,M,4877621.0,242878.0,94
201700046806,17,9,14,830,1,1,1,1.0,4.0,94017,M,,,94
201700046807,17,9,14,1450,1,1,1,2.0,6.0,94028,M,,,94
201700046808,17,9,14,1700,1,1,1,2.0,7.0,77146,M,4883238.0,265958.0,77
201700046809,17,9,14,2220,3,1,1,1.0,6.0,93051,M,4883570.0,256700.0,93
201700046810,17,9,15,815,1,1,1,1.0,3.0,77294,M,4896340.0,261311.0,77
201700046811,17,9,15,1430,1,1,1,1.0,2.0,77053,M,4868255.0,260252.0,77
201700046812,17,9,15,1500,1,1,1,1.0,4.0,77294,M,4897120.0,257288.0,77
201700046813,17,9,15,1655,1,1,1,1.0,7.0,94073,M,4876619.0,237900.0,94
201700046814,17,9,15,1735,1,1,1,1.0,2.0,77258,M,4882360.0,261527.0,77
201700046815,17,9,15,2125,3,1,1,1.0,6.0,77449,M,4883300.0,278943.0,77
201700046816,17,9,16,1530,1,1,1,1.0,3.0,94017,M,4882690.0,251327.0,94
201700046817,17,9,16,1555,1,1,1,1.0,2.0,77514,M,4894835.0,262866.0,77
201700046818,17,9,17,730,1,1,9,1.0,6.0,77018,M,4884132.0,282181.0,77
201700046819,17,9,17,1700,1,1,1,2.0,2.0,77514,M,4894070.0,262831.0,77
201700046820,17,9,18,1030,1,1,1,1.0,2.0,94018,M,4881760.0,241865.0,94
201700046821,17,9,19,645,3,1,1,2.0,7.0,77175,M,4866708.0,261272.0,77
201700046822,17,9,19,815,1,1,1,2.0,6.0,94046,M,,,94
201700046823,17,9,19,910,1,1,1,2.0,7.0,75112,M,4882182.0,246221.0,75
201700046824,17,9,19,950,1,1,1,2.0,7.0,94069,M,4881751.0,242215.0,94
201700046825,17,9,19,1050,1,1,1,2.0,3.0,75112,M,4882234.0,246260.0,75
201700046826,17,9,20,130,4,1,1,1.0,6.0,77169,M,4883240.0,259779.0,77
201700046827,17,9,20,800,1,1,1,1.0,7.0,77258,M,4883050.0,263029.0,77
201700046828,17,9,21,1530,1,1,1,1.0,7.0,94046,M,4880489.0,244849.0,94
201700046829,17,9,21,1710,1,1,1,1.0,2.0,94028,M,4879465.0,244173.0,94
201700046830,17,9,22,910,1,1,1,1.0,6.0,94018,M,4800000.0,200000.0,94
201700046831,17,9,22,1330,1,1,1,1.0,2.0,75112,M,4882690.0,246800.0,75
201700046832,17,9,22,1600,1,1,1,1.0,2.0,94028,M,4880150.0,244750.0,94
201700046833,17,9,22,1730,1,1,1,1.0,6.0,94018,M,4881800.0,241170.0,94
201700046834,17,9,23,1700,1,1,1,1.0,5.0,94017,M,4883024.0,248834.0,94
201700046835,17,9,24,500,3,1,1,1.0,4.0,77058,M,4882937.0,274275.0,77
201700046836,17,9,24,655,2,1,1,1.0,6.0,77438,M,4885809.0,266559.0,77
201700046837,17,9,24,1640,1,1,1,1.0,2.0,94028,M,4878520.0,244033.0,94
201700046838,17,9,25,730,2,1,1,1.0,2.0,94073,M,4877069.0,238467.0,94
201700046839,17,9,25,1115,1,1,1,1.0,3.0,94017,M,4882671.0,251564.0,94
201700046840,17,9,26,905,1,1,1,2.0,3.0,94017,M,4882701.0,252329.0,94
201700046841,17,9,27,745,2,1,1,5.0,2.0,77337,M,4882990.0,262354.0,77
201700046842,17,9,27,900,1,1,1,1.0,5.0,93051,M,4883682.0,254452.0,93
201700046843,17,9,27,1010,1,1,1,1.0,4.0,77373,M,4878551.0,261707.0,77
201700046844,17,9,28,750,2,1,1,1.0,4.0,94073,M,4876074.0,238243.0,94
201700046845,17,9,28,1915,1,1,1,1.0,4.0,77294,M,4897122.0,259482.0,77
201700046846,17,9,29,1650,1,1,1,1.0,2.0,94022,M,,,94
201700046847,17,9,30,1500,1,1,1,1.0,4.0,77121,M,4883137.0,268155.0,77
201700046848,17,9,30,1950,5,1,1,1.0,3.0,94033,M,,,94
201700046849,17,10,1,1315,1,1,1,2.0,2.0,77258,M,4891103.0,263626.0,77
201700046850,17,10,2,810,1,1,1,1.0,2.0,94017,M,4882851.0,247601.0,94
201700046851,17,10,2,1835,1,1,1,1.0,7.0,77373,M,4879870.0,262350.0,77
201700046852,17,10,2,1930,2,1,1,1.0,3.0,93051,M,,,93
201700046853,17,10,3,842,1,1,1,1.0,3.0,93051,M,4883546.0,256619.0,93
201700046854,17,10,3,920,1,1,1,1.0,7.0,94017,M,,,94
201700046855,17,10,3,1220,1,1,1,1.0,2.0,77237,M,4883079.0,276123.0,77
201700046856,17,10,3,1415,1,1,1,1.0,3.0,94081,M,4877423.0,240712.0,94
201700046857,17,10,3,1820,1,1,1,1.0,2.0,94079,M,4883339.0,253454.0,94
201700046858,17,10,4,1135,1,1,1,1.0,4.0,77514,M,4894071.0,262821.0,77
201700046859,17,10,4,1810,1,1,1,1.0,5.0,77169,M,4881453.0,262614.0,77
201700046860,17,10,6,7,3,1,1,1.0,7.0,77337,M,4883078.0,262133.0,77
201700046861,17,10,6,950,1,1,1,1.0,4.0,77294,M,4896943.0,259958.0,77
201700046862,17,10,6,1915,5,1,1,1.0,2.0,77294,M,4896540.0,260840.0,77
201700046863,17,10,7,1300,1,1,1,1.0,3.0,94046,M,,,94
201700046864,17,10,7,1930,3,1,1,1.0,2.0,77249,M,4876188.0,261442.0,77
201700046865,17,10,7,2015,5,1,1,1.0,2.0,94069,M,4881731.0,242850.0,94
201700046866,17,10,9,735,2,1,1,1.0,3.0,94028,M,,,94
201700046867,17,10,9,830,1,1,1,1.0,4.0,77294,M,4896604.0,260660.0,77
201700046868,17,10,10,730,2,1,1,1.0,4.0,77373,M,4876922.0,261273.0,77
201700046869,17,10,11,715,3,1,1,1.0,1.0,77337,M,4882995.0,261968.0,77
201700046870,17,10,11,1835,1,1,1,1.0,2.0,77337,M,4883013.0,261180.0,77
201700046871,17,10,11,1845,3,1,1,1.0,1.0,77438,M,4887293.0,267028.0,77
201700046872,17,10,12,1335,1,1,1,1.0,3.0,94015,M,4883039.0,252948.0,94
201700046873,17,10,12,1600,1,1,1,1.0,3.0,77294,M,4897530.0,258380.0,77
201700046874,17,10,13,630,5,1,1,1.0,3.0,75112,M,4882229.0,246273.0,75
201700046875,17,10,13,740,2,1,1,1.0,6.0,94028,M,4877622.0,244344.0,94
201700046876,17,10,13,1350,1,1,1,1.0,2.0,94028,M,4877630.0,243560.0,94
201700046877,17,10,13,2030,5,1,1,1.0,4.0,94022,M,4877000.0,243000.0,94
201700046878,17,10,14,1250,1,1,1,1.0,2.0,75112,M,,,75
201700046879,17,10,14,1725,1,1,1,1.0,3.0,94017,M,4883046.0,249163.0,94
201700046880,17,10,14,1800,1,1,1,1.0,1.0,77514,M,4894063.0,262863.0,77
201700046881,17,10,14,2030,5,1,1,1.0,7.0,77146,M,4882960.0,264250.0,77
201700046882,17,10,15,200,3,1,1,1.0,7.0,77249,M,4875504.0,261535.0,77
201700046883,17,10,15,600,5,1,1,1.0,6.0,94079,M,,,94
201700046884,17,10,16,545,3,1,1,1.0,7.0,94028,M,,,94
201700046885,17,10,16,930,1,1,1,1.0,3.0,94028,M,4879860.0,244520.0,94
201700046886,17,10,16,1810,1,1,1,1.0,2.0,94046,M,4880690.0,244860.0,94
201700046887,17,10,16,1900,2,1,1,1.0,5.0,77363,M,4891770.0,263290.0,77
201700046888,17,10,17,740,3,1,1,1.0,2.0,94028,M,4878660.0,244020.0,94
201700046889,17,10,18,700,5,1,1,1.0,5.0,94081,M,4877487.0,241061.0,94
201700046890,17,10,18,1400,1,1,1,1.0,2.0,77449,M,4883368.0,279613.0,77
201700046891,17,10,19,830,1,1,1,1.0,2.0,77121,M,4883120.0,268588.0,77
201700046892,17,10,20,800,1,1,1,2.0,2.0,94018,M,4882071.0,240132.0,94
201700046893,17,10,20,820,1,1,1,1.0,4.0,94069,M,4881742.0,242955.0,94
201700046894,17,10,20,1500,1,1,1,1.0,3.0,77058,M,4882928.0,274044.0,77
201700046895,17,10,20,1700,1,1,1,1.0,2.0,94069,M,4881725.0,244182.0,94
201700046896,17,10,20,1755,2,1,1,1.0,5.0,94033,M,,,94
201700046897,17,10,20,1810,1,1,1,1.0,2.0,94074,M,4876816.0,245130.0,94
201700046898,17,10,21,720,5,1,1,1.0,7.0,94065,M,,,94
201700046899,17,10,21,1500,1,1,1,1.0,6.0,75112,M,4882012.0,246020.0,75
201700046900,17,10,22,2110,3,1,1,2.0,4.0,94017,M,4882750.0,252361.0,94
201700046901,17,10,23,45,3,1,1,2.0,7.0,77249,M,4875580.0,261535.0,77
201700046902,17,10,23,545,3,1,1,2.0,6.0,77058,M,4882946.0,274125.0,77
201700046903,17,10,23,1400,1,1,1,1.0,2.0,94017,M,4883032.0,248880.0,94
201700046904,17,10,24,320,3,1,1,1.0,7.0,77122,M,4864718.0,256629.0,77
201700046905,17,10,24,1010,1,1,1,2.0,3.0,94017,M,4882921.0,248024.0,94
201700046906,17,10,24,1235,1,1,1,2.0,6.0,94044,M,4875723.0,247619.0,94
201700046907,17,10,25,830,1,1,1,2.0,2.0,94028,M,4878298.0,244081.0,94
201700046908,17,10,25,1900,2,1,1,1.0,4.0,77363,M,4891757.0,263300.0,77
201700046909,17,10,26,1615,1,1,1,1.0,2.0,77294,M,4897195.0,259354.0,77
201700046910,17,10,26,1900,2,1,1,8.0,3.0,94073,M,4877329.0,240052.0,94
201700046911,17,10,27,1430,1,1,1,1.0,6.0,94017,M,4882815.0,250425.0,94
201700046912,17,10,27,1720,1,1,1,1.0,3.0,94015,M,4883192.0,253160.0,94
201700046913,17,10,27,2015,5,1,1,1.0,4.0,94069,M,4881746.0,242693.0,94
201700046914,17,10,28,1600,1,1,1,1.0,2.0,77175,M,4866639.0,261291.0,77
201700046915,17,10,29,1940,3,1,1,1.0,6.0,94017,M,,,94
201700046916,17,10,31,725,2,1,1,1.0,2.0,94018,M,4881978.0,240446.0,94
201700046917,17,10,31,1620,1,1,1,1.0,6.0,94046,M,4880625.0,244889.0,94
201700046918,17,10,31,2020,5,1,1,1.0,2.0,94033,M,4885400.0,248946.0,94
201700046919,17,11,3,1930,3,1,1,1.0,2.0,94028,M,,,94
201700046920,17,11,4,500,3,1,1,1.0,3.0,94028,M,4877848.0,245392.0,94
201700046921,17,11,5,1415,1,1,1,1.0,4.0,77373,M,4878154.0,261618.0,77
201700046922,17,11,5,1620,1,1,1,1.0,1.0,94017,M,4882910.0,249970.0,94
201700046923,17,11,5,1615,1,1,1,1.0,6.0,94017,M,4882820.0,250320.0,94
201700046924,17,11,5,2330,3,1,1,1.0,4.0,77294,M,4896981.0,259860.0,77
201700046925,17,11,6,1330,1,1,1,1.0,2.0,94015,M,4882920.0,252160.0,94
201700046926,17,11,7,1830,3,1,1,1.0,3.0,77258,M,4883080.0,263464.0,77
201700046927,17,11,7,1945,3,1,1,1.0,3.0,77438,M,4885447.0,266357.0,77
201700046928,17,11,8,1310,1,1,1,1.0,2.0,94069,M,4881668.0,244654.0,94
201700046929,17,11,9,845,1,1,1,1.0,4.0,94069,M,4881742.0,243996.0,94
201700046930,17,11,9,1750,2,1,1,1.0,4.0,94073,M,4876850.0,237890.0,94
201700046931,17,11,10,1830,3,1,1,1.0,2.0,93051,M,4883661.0,255170.0,93
201700046932,17,11,10,1839,5,1,1,1.0,4.0,94028,M,,,94
201700046933,17,11,11,115,3,1,1,1.0,5.0,93051,M,4883606.0,255367.0,93
201700046934,17,11,11,930,1,1,1,3.0,1.0,77294,M,4899050.0,261681.0,77
201700046935,17,11,11,1305,1,1,1,2.0,3.0,94042,M,4883024.0,248871.0,94
201700046936,17,11,11,1530,1,1,1,2.0,2.0,94046,M,4881120.0,244940.0,94
201700046937,17,11,12,340,3,1,1,2.0,2.0,77294,M,4896716.0,260465.0,77
201700046938,17,11,12,1020,1,1,1,2.0,6.0,77337,M,4883055.0,262407.0,77
201700046939,17,11,12,1440,1,1,1,3.0,3.0,77258,M,4883003.0,262412.0,77
201700046940,17,11,12,1500,1,1,1,1.0,7.0,94052,M,4883789.0,249513.0,94
201700046941,17,11,12,1640,1,1,1,2.0,7.0,94011,M,4875956.0,248040.0,94
201700046942,17,11,13,815,2,1,1,1.0,2.0,94015,M,4883650.0,254280.0,94
201700046943,17,11,13,1100,1,1,1,1.0,4.0,77294,M,4897281.0,259082.0,77
201700046944,17,11,13,1715,5,1,1,1.0,4.0,94069,M,,,94
201700046945,17,11,14,640,5,1,1,1.0,2.0,77083,M,4883250.0,259808.0,77
201700046946,17,11,14,740,1,1,1,1.0,2.0,94017,M,,,94
201700046947,17,11,14,1015,1,1,1,1.0,3.0,94073,M,4877080.0,238770.0,94
201700046948,17,11,14,1630,1,1,1,1.0,4.0,94022,M,4876252.0,240872.0,94
201700046949,17,11,14,1645,1,1,1,1.0,6.0,77175,M,4865329.0,263348.0,77
201700046950,17,11,15,2130,3,1,1,1.0,5.0,77018,M,4883429.0,280058.0,77
201700046951,17,11,16,30,5,1,1,1.0,6.0,94073,M,4846600.0,222440.0,94
201700046952,17,11,16,1400,1,1,1,1.0,1.0,94073,M,,,94
201700046953,17,11,16,1455,1,1,1,1.0,2.0,77169,M,4882063.0,261555.0,77
201700046954,17,11,16,1740,1,1,1,1.0,3.0,94028,M,4878140.0,244118.0,94
201700046955,17,11,16,2340,5,1,1,1.0,7.0,94046,M,4879907.0,244559.0,94
201700046956,17,11,17,900,1,1,1,1.0,4.0,77517,M,4891038.0,266692.0,77
201700046957,17,11,18,1500,1,1,1,1.0,2.0,77373,M,4880518.0,262854.0,77
201700046958,17,11,18,1625,1,1,1,1.0,2.0,77121,M,4883616.0,266504.0,77
201700046959,17,11,18,1900,2,1,1,1.0,2.0,94052,M,4884641.0,249126.0,94
201700046960,17,11,22,930,1,1,1,1.0,2.0,93051,M,4883630.0,255360.0,93
201700046961,17,11,22,1430,1,1,1,1.0,4.0,77249,M,4873411.0,261086.0,77
201700046962,17,11,22,1410,1,1,1,1.0,4.0,77514,M,4894146.0,262830.0,77
201700046963,17,11,22,1630,2,1,1,1.0,5.0,94065,M,4875516.0,234476.0,94
201700046964,17,11,22,1715,2,1,1,1.0,4.0,77121,M,4883090.0,268780.0,77
201700046965,17,11,23,530,3,1,1,1.0,6.0,77251,M,4863102.0,255233.0,77
201700046966,17,11,23,800,2,1,1,1.0,6.0,94018,M,4882044.0,241626.0,94
201700046967,17,11,23,1815,3,1,1,1.0,2.0,94058,M,,,94
201700046968,17,11,24,855,1,1,1,1.0,6.0,77121,M,4883181.0,268756.0,77
201700046969,17,11,24,1800,4,1,1,1.0,6.0,94073,M,4877053.0,238638.0,94
201700046970,17,11,25,1300,1,1,1,2.0,4.0,94017,M,,,94
201700046971,17,11,25,1410,1,1,1,2.0,7.0,94015,M,4882700.0,252340.0,94
201700046972,17,11,27,810,1,1,1,1.0,5.0,77363,M,4892741.0,262839.0,77
201700046973,17,11,27,1810,3,1,1,2.0,3.0,77514,M,4894065.0,262841.0,77
201700046974,17,11,28,1640,1,1,1,2.0,2.0,93051,M,4883646.0,254249.0,93
201700046975,17,11,28,1640,2,1,1,2.0,4.0,93051,M,4883649.0,254643.0,93
201700046976,17,11,28,1620,1,1,1,2.0,6.0,77059,M,4884642.0,266205.0,77
201700046977,17,11,28,2345,4,1,1,1.0,4.0,77181,M,4883038.0,269690.0,77
201700046978,17,11,29,700,2,1,1,1.0,6.0,94017,M,4881289.0,250850.0,94
201700046979,17,11,29,1845,3,1,1,1.0,5.0,94018,M,4882037.0,240182.0,94
201700046980,17,11,29,2300,5,1,1,1.0,6.0,77372,M,4886670.0,267032.0,77
201700046981,17,11,30,2145,5,1,1,4.0,6.0,94042,M,4883055.0,247222.0,94
201700046982,17,12,2,1150,1,1,1,1.0,7.0,77337,M,4882972.0,262410.0,77
201700046983,17,12,2,1230,1,1,1,1.0,6.0,94018,M,4881757.0,241534.0,94
201700046984,17,12,2,1315,1,1,1,1.0,6.0,94052,M,4884028.0,249036.0,94
201700046985,17,12,2,1520,1,1,1,1.0,3.0,77175,M,4865329.0,263350.0,77
201700046986,17,12,2,1755,3,1,1,1.0,3.0,75112,M,4881920.0,245840.0,75
201700046987,17,12,4,1830,3,1,1,1.0,6.0,94065,M,4875373.0,236771.0,94
201700046988,17,12,5,630,3,1,1,1.0,7.0,77146,M,4883241.0,266104.0,77
201700046989,17,12,6,1323,1,1,1,1.0,2.0,94017,M,4882915.0,248025.0,94
201700046990,17,12,6,1800,5,1,1,1.0,4.0,94073,M,4876093.0,238240.0,94
201700046991,17,12,7,1120,1,1,1,2.0,3.0,77294,M,4896883.0,260025.0,77
201700046992,17,12,7,1503,1,1,1,1.0,4.0,94022,M,4877402.0,240829.0,94
201700046993,17,12,8,655,3,1,1,3.0,4.0,77175,M,4866957.0,261223.0,77
201700046994,17,12,8,730,4,1,1,2.0,7.0,94052,M,,,94
201700046995,17,12,8,1750,3,1,1,1.0,6.0,77495,M,4856552.0,261220.0,77
201700046996,17,12,10,1200,1,1,1,2.0,5.0,94018,M,4881770.0,241180.0,94
201700046997,17,12,10,1550,1,1,1,1.0,6.0,94017,M,,,94
201700046998,17,12,11,1840,3,1,1,6.0,6.0,94017,M,4883017.0,249404.0,94
201700046999,17,12,12,810,2,1,1,8.0,6.0,94017,M,4882790.0,250470.0,94
201700047000,17,12,12,1850,5,1,1,1.0,2.0,94028,M,4877624.0,243554.0,94
201700047001,17,12,13,540,3,1,1,2.0,2.0,77122,M,4864640.0,260140.0,77
201700047002,17,12,13,510,3,1,1,1.0,6.0,94028,M,4878122.0,244265.0,94
201700047003,17,12,13,800,1,1,1,2.0,4.0,94028,M,4877604.0,242808.0,94
201700047004,17,12,13,800,1,1,1,2.0,7.0,94069,M,4881722.0,244583.0,94
201700047005,17,12,13,1050,1,1,1,2.0,7.0,94017,M,4882990.0,248562.0,94
201700047006,17,12,13,1100,1,1,1,2.0,2.0,77294,M,4897080.0,259560.0,77
201700047007,17,12,14,35,5,1,1,3.0,2.0,94073,M,4877027.0,238775.0,94
201700047008,17,12,14,1110,1,1,1,1.0,5.0,94017,M,4882589.0,252284.0,94
201700047009,17,12,14,1130,1,1,1,1.0,2.0,94017,M,4882821.0,239228.0,94
201700047010,17,12,14,1315,1,1,1,2.0,4.0,94079,M,4882610.0,253950.0,94
201700047011,17,12,14,2010,3,1,1,2.0,2.0,94018,M,4282050.0,241670.0,94
201700047012,17,12,15,1915,5,1,1,1.0,2.0,94017,M,4883000.0,249030.0,94
201700047013,17,12,16,2200,3,1,1,2.0,6.0,94069,M,4881788.0,244786.0,94
201700047014,17,12,17,800,3,1,1,2.0,6.0,77258,M,4883069.0,263175.0,77
201700047015,17,12,17,1400,1,1,1,1.0,6.0,77175,M,4867398.0,261102.0,77
201700047016,17,12,17,1400,1,1,1,8.0,7.0,77373,M,4880390.0,262740.0,77
201700047017,17,12,17,1800,1,1,1,1.0,7.0,94028,M,4877732.0,243092.0,94
201700047018,17,12,17,2330,5,1,1,3.0,6.0,94018,M,,,94
201700047019,17,12,18,745,2,1,1,1.0,6.0,94069,M,4881687.0,245166.0,94
201700047020,17,12,18,730,3,1,1,2.0,2.0,94033,M,4885030.0,249020.0,94
201700047021,17,12,18,1435,1,1,1,1.0,3.0,77514,M,4894976.0,262867.0,77
201700047022,17,12,18,1915,3,1,1,1.0,2.0,77058,M,4882890.0,273027.0,77
201700047023,17,12,19,700,3,1,1,1.0,2.0,94028,M,4880612.0,244897.0,94
201700047024,17,12,19,1730,2,1,1,1.0,6.0,94017,M,4882750.0,251860.0,94
201700047025,17,12,21,1700,5,1,1,2.0,2.0,94065,M,4875470.0,234680.0,94
201700047026,17,12,22,1830,2,1,1,1.0,2.0,94033,M,4885603.0,248923.0,94
201700047027,17,12,24,900,1,1,1,1.0,6.0,93051,M,4886352.0,257405.0,93
201700047028,17,12,24,1245,1,1,1,1.0,3.0,77373,M,4880103.0,262527.0,77
201700047029,17,12,24,1439,1,1,1,2.0,2.0,94046,M,,,94
201700047030,17,12,25,515,3,1,1,2.0,2.0,94073,M,4875660.0,238406.0,94
201700047031,17,12,26,1225,1,1,1,1.0,3.0,77258,M,4883000.0,262448.0,77
201700047032,17,12,27,1250,1,1,1,1.0,3.0,93051,M,,,93
201700047033,17,12,28,1348,1,1,1,1.0,1.0,77122,M,4864444.0,260000.0,77
201700047034,17,12,28,1730,2,1,1,1.0,3.0,75112,M,4882424.0,246335.0,75
201700047035,17,12,30,700,3,1,1,2.0,6.0,77249,M,4876118.0,261586.0,77
201700047036,17,12,30,700,3,1,1,2.0,6.0,77294,M,4897360.0,257857.0,77
201700047037,17,12,30,950,1,1,1,2.0,6.0,77337,M,4882776.0,261694.0,77
201700047038,17,12,30,1420,1,1,1,2.0,3.0,77249,M,4875833.0,261517.0,77
201700047039,17,12,31,600,3,1,1,2.0,6.0,93051,M,4883611.0,254138.0,93
201700047040,17,12,31,630,3,1,1,1.0,6.0,77053,M,4867679.0,260993.0,77
201700047041,17,1,1,640,3,1,1,1.0,6.0,93010,M,4888893.0,247376.0,93
201700047042,17,1,2,1400,1,1,1,1.0,2.0,95607,M,,,95
201700047043,17,1,2,1410,1,1,1,2.0,6.0,92036,M,,,92
201700047044,17,1,2,1530,1,1,1,1.0,6.0,93078,M,4896366.0,252133.0,93
201700047045,17,1,2,2303,3,1,1,5.0,6.0,93066,M,4892812.0,235799.0,93
201700047046,17,1,4,1945,1,1,1,1.0,4.0,93010,M,4888936.0,247384.0,93
201700047047,17,1,5,425,4,1,1,1.0,6.0,93078,M,4895870.0,252689.0,93
201700047048,17,1,4,1110,1,1,1,8.0,3.0,93053,M,4888402.0,247156.0,93
201700047049,17,1,5,910,1,1,1,1.0,4.0,93066,M,4893231.0,237315.0,93
201700047050,17,1,5,1820,1,1,1,1.0,3.0,95306,M,,,95
201700047051,17,1,5,1900,1,1,1,1.0,6.0,93066,M,4890790.0,235818.0,93
201700047052,17,1,6,225,4,1,1,1.0,7.0,93027,M,4892451.0,239000.0,93
201700047053,17,1,6,950,1,1,1,1.0,4.0,93063,M,4887836.0,244648.0,93
201700047054,17,1,6,1335,1,1,1,1.0,2.0,60631,M,4914195.0,257264.0,60
201700047055,17,1,6,2250,3,1,1,9.0,6.0,95028,M,,,95
201700047056,17,1,7,30,3,1,1,1.0,5.0,95572,M,,,95
201700047057,17,1,7,600,3,1,1,1.0,2.0,95572,M,,,95
201700047058,17,1,7,800,1,1,1,1.0,6.0,95582,M,,,95
201700047059,17,1,6,1810,3,1,1,1.0,4.0,95252,M,,,95
201700047060,17,1,8,400,3,1,1,2.0,2.0,93010,M,4888893.0,247376.0,93
201700047061,17,1,8,2300,3,1,1,5.0,2.0,95678,M,,,95
201700047062,17,1,7,2000,3,1,1,1.0,6.0,93010,M,4888936.0,247384.0,93
201700047063,17,1,9,805,2,1,1,1.0,2.0,93027,M,4893447.0,239766.0,93
201700047064,17,1,8,1900,3,1,1,1.0,4.0,93064,M,4888378.0,246676.0,93
201700047065,17,1,8,1930,5,1,4,8.0,6.0,93008,M,4891232.0,243801.0,93
201700047066,17,1,9,1300,1,1,1,1.0,5.0,93048,M,4887235.0,243439.0,93
201700047067,17,1,8,1805,2,1,1,8.0,3.0,92036,M,,,92
201700047068,17,1,10,850,1,1,1,2.0,6.0,95042,M,,,95
201700047069,17,1,10,1130,1,1,1,1.0,5.0,95018,M,,,95
201700047070,17,1,11,1610,1,1,1,1.0,6.0,95365,M,,,95
201700047071,17,1,11,1650,2,1,1,2.0,4.0,95277,M,,,95
201700047072,17,1,12,730,3,1,4,1.0,4.0,93053,M,4888629.0,247358.0,93
201700047073,17,1,12,800,3,1,1,1.0,2.0,95018,M,,,95
201700047074,17,1,13,630,3,1,1,2.0,6.0,93027,M,4893397.0,238340.0,93
201700047075,17,1,13,2355,3,1,1,1.0,7.0,95424,M,,,95
201700047076,17,1,14,45,3,1,1,2.0,3.0,95154,M,4904590.0,254590.0,95
201700047077,17,1,9,1237,1,1,1,1.0,4.0,92036,M,,,92
201700047078,17,1,14,820,3,1,1,1.0,7.0,93053,M,4889614.0,247050.0,93
201700047079,17,1,14,1545,1,1,1,8.0,3.0,95488,M,,,95
201700047080,17,1,14,1430,1,1,1,1.0,4.0,93007,M,4891720.0,247813.0,93
201700047081,17,1,9,930,1,1,1,1.0,2.0,95252,M,,,95
201700047082,17,1,13,1300,1,1,1,1.0,3.0,93064,M,4887834.0,247687.0,93
201700047083,17,1,14,945,1,1,1,1.0,6.0,95641,M,,,95
201700047084,17,1,14,945,1,1,1,1.0,3.0,95641,M,,,95
201700047085,17,1,14,1530,1,1,1,1.0,6.0,95042,M,,,95
201700047086,17,1,15,410,4,1,1,9.0,6.0,93010,M,4888902.0,247396.0,93
201700047087,17,1,16,850,1,1,1,2.0,3.0,95219,M,,,95
201700047088,17,1,15,1600,1,1,1,2.0,7.0,92036,M,,,92
201700047089,17,1,16,1010,1,1,1,1.0,4.0,93027,M,4892656.0,240308.0,93
201700047090,17,1,16,2200,3,1,1,1.0,6.0,93027,M,4892775.0,240983.0,93
201700047091,17,1,16,935,1,1,1,1.0,6.0,95582,M,,,95
201700047092,17,1,17,905,1,1,1,1.0,2.0,93013,M,4893873.0,241622.0,93
201700047093,17,1,17,840,1,1,1,1.0,2.0,93006,M,,,93
201700047094,17,1,17,1625,1,1,1,1.0,2.0,95212,M,,,95
201700047095,17,1,17,1910,5,1,1,1.0,3.0,93029,M,4892129.0,242754.0,93
201700047096,17,1,18,750,3,1,1,1.0,2.0,95488,M,,,95
201700047097,17,1,6,2050,3,1,1,1.0,3.0,92036,M,,,92
201700047098,17,1,18,2345,3,1,1,1.0,6.0,93010,M,4888633.0,247306.0,93
201700047099,17,1,18,1110,1,1,1,1.0,2.0,93027,M,4892796.0,241116.0,93
201700047100,17,1,19,900,1,1,1,1.0,6.0,95527,M,,,95
201700047101,17,1,18,1930,3,1,1,1.0,2.0,93048,M,4887301.0,243528.0,93
201700047102,17,1,20,2245,3,1,1,1.0,5.0,93078,M,4896165.0,254465.0,93
201700047103,17,1,21,530,3,1,1,1.0,7.0,95424,M,,,95
201700047104,17,1,21,2150,3,1,1,1.0,2.0,93008,M,4889938.0,246927.0,93
201700047105,17,1,21,2305,3,1,1,1.0,6.0,93053,M,4888336.0,245795.0,93
201700047106,17,1,22,1910,3,1,1,1.0,6.0,93078,M,4895793.0,253073.0,93
201700047107,17,1,22,1845,3,1,1,1.0,2.0,93008,M,4890582.0,246245.0,93
201700047108,17,1,22,950,1,1,1,1.0,6.0,60494,M,4911432.0,255419.0,60
201700047109,17,1,23,1350,1,1,1,1.0,6.0,95252,M,,,95
201700047110,17,1,23,1745,2,1,1,1.0,6.0,95252,M,,,95
201700047111,17,1,23,1700,2,1,1,1.0,6.0,95572,M,,,95
201700047112,17,1,24,10,3,1,1,1.0,2.0,93005,M,4891983.0,247901.0,93
201700047113,17,1,23,2030,3,1,1,1.0,2.0,92036,M,,,92
201700047114,17,1,21,830,5,1,1,1.0,7.0,95641,M,,,95
201700047115,17,1,15,930,1,1,1,1.0,4.0,95582,M,,,95