Num_Acc,an,mois,jour,hrmn,lum,agg,int,atm,col,com,gps,lat,long,dep
201700047116,17,1,24,2130,3,1,1,2.0,2.0,95572,M,,,95
201700047117,17,1,25,830,1,1,1,8.0,7.0,93029,M,4891868.0,242850.0,93
201700047118,17,1,18,1350,1,1,1,1.0,2.0,93010,M,4890020.0,246973.0,93
201700047119,17,1,24,1930,1,1,1,1.0,2.0,93005,M,4892596.0,248123.0,93
201700047120,17,1,24,2030,3,1,1,1.0,4.0,93064,M,4886507.0,248180.0,93
201700047121,17,1,24,1830,3,1,1,1.0,2.0,92078,M,,,92
201700047122,17,1,26,700,2,1,1,1.0,2.0,93048,M,,,93
201700047123,17,1,28,1900,3,1,1,1.0,2.0,95582,M,,,95
201700047124,17,1,28,2225,5,1,1,1.0,3.0,93066,M,4890520.0,235842.0,93
201700047125,17,1,29,1015,1,1,1,1.0,6.0,93005,M,4896056.0,246797.0,93
201700047126,17,1,29,1652,1,1,1,1.0,6.0,95394,M,,,95
201700047127,17,1,29,2240,3,1,1,2.0,7.0,93027,M,4892786.0,240959.0,93
201700047128,17,1,30,850,1,1,1,2.0,2.0,93027,M,4893472.0,239824.0,93
201700047129,17,1,30,830,1,1,1,1.0,7.0,92036,M,,,92
201700047130,17,1,30,910,1,1,1,2.0,2.0,95424,M,,,95
201700047131,17,1,30,1050,1,1,1,2.0,2.0,93005,M,4896017.0,247352.0,93
201700047132,17,1,30,754,1,1,1,2.0,4.0,95028,M,,,95
201700047133,17,1,30,1300,1,1,1,2.0,4.0,93048,M,4887155.0,243260.0,93
201700047134,17,1,30,1210,1,1,1,1.0,6.0,95252,M,,,95
201700047135,17,1,31,1025,1,1,1,1.0,3.0,95572,M,,,95
201700047136,17,1,31,900,1,1,1,2.0,6.0,95252,M,,,95
201700047137,17,1,31,1140,1,1,1,1.0,7.0,92078,M,,,92
201700047138,17,1,31,1340,1,1,1,1.0,6.0,92078,M,,,92
201700047139,17,1,31,1410,1,1,1,1.0,6.0,93027,M,4892851.0,241337.0,93
201700047140,17,1,31,1620,1,1,1,1.0,3.0,93063,M,4887944.0,244943.0,93
201700047141,17,1,27,540,3,1,1,1.0,3.0,93005,M,4895884.0,246493.0,93
201700047142,17,1,31,1450,1,1,1,1.0,5.0,93010,M,4889841.0,246957.0,93
201700047143,17,2,1,2040,3,1,1,1.0,2.0,95277,M,4897350.0,248590.0,95
201700047144,17,2,1,2040,3,1,1,1.0,3.0,95277,M,4897350.0,248590.0,95
201700047145,17,2,2,1740,2,1,1,1.0,2.0,95018,M,,,95
201700047146,17,2,2,1745,1,1,1,1.0,4.0,95018,M,,,95
201700047147,17,2,3,1800,2,1,1,1.0,2.0,93066,M,4891900.0,235729.0,93
201700047148,17,2,3,2120,3,1,1,2.0,6.0,95527,M,,,95
201700047149,17,2,3,2330,3,1,1,1.0,4.0,93010,M,4890712.0,247249.0,93
201700047150,17,2,4,1320,1,1,1,2.0,2.0,95018,M,,,95
201700047151,17,2,5,1210,1,1,1,1.0,6.0,92036,M,,,92
201700047152,17,2,6,1000,1,1,1,1.0,2.0,93001,M,4892117.0,237073.0,93
201700047153,17,2,7,430,3,1,1,2.0,6.0,93048,M,4887485.0,244352.0,93
201700047154,17,2,6,2320,3,1,1,3.0,6.0,95277,M,4896990.0,248220.0,95
201700047155,17,1,27,1300,1,1,1,1.0,7.0,93064,M,4888378.0,246676.0,93
201700047156,17,2,7,845,2,1,1,2.0,2.0,95018,M,,,95
201700047157,17,2,8,456,3,1,1,1.0,2.0,95277,M,4897280.0,248720.0,95
201700047158,17,2,8,415,3,1,1,1.0,6.0,95028,M,,,95
201700047159,17,2,11,145,3,1,1,1.0,6.0,95277,M,4897350.0,248590.0,95
201700047160,17,2,11,140,3,1,1,1.0,6.0,93007,M,4894739.0,244367.0,93
201700047161,17,2,7,935,1,1,1,1.0,6.0,95277,M,4897350.0,248590.0,95
201700047162,17,2,12,550,3,1,1,1.0,2.0,77282,M,4902325.0,253522.0,77
201700047163,17,2,12,845,1,1,1,1.0,6.0,95028,M,,,95
201700047164,17,2,8,815,1,1,1,1.0,2.0,95028,M,,,95
201700047165,17,2,8,800,1,1,1,1.0,3.0,93007,M,4895326.0,245418.0,93
201700047166,17,2,12,2125,3,1,1,1.0,6.0,95277,M,4897280.0,248720.0,95
201700047167,17,2,12,2056,3,1,1,1.0,4.0,95488,M,,,95
201700047168,17,2,12,2245,3,1,1,1.0,4.0,95306,M,,,95
201700047169,17,2,13,100,3,1,1,1.0,2.0,92036,M,,,92
201700047170,17,2,12,1600,1,1,1,1.0,6.0,95277,M,4897570.0,248220.0,95
201700047171,17,2,13,2138,4,1,1,1.0,2.0,93066,M,4890430.0,235849.0,93
201700047172,17,2,14,35,3,1,1,2.0,2.0,93063,M,4887845.0,244715.0,93
201700047173,17,2,13,545,3,1,1,1.0,6.0,95555,M,4897180.0,227610.0,95
201700047174,17,2,15,800,1,1,1,1.0,2.0,95028,M,,,95
201700047175,17,2,15,1600,1,1,1,1.0,3.0,93066,M,4893163.0,237062.0,93
201700047176,17,2,15,2230,3,1,1,1.0,2.0,92036,M,,,92
201700047177,17,2,15,830,1,1,1,1.0,2.0,95582,M,,,95
201700047178,17,2,16,855,1,1,1,1.0,4.0,92078,M,,,92
201700047179,17,2,16,1450,1,1,1,1.0,6.0,93064,M,4888716.0,247490.0,93
201700047180,17,2,16,510,3,1,1,1.0,6.0,93005,M,4892331.0,248049.0,93
201700047181,17,2,16,2055,3,1,1,1.0,5.0,95604,M,,,95
201700047182,17,2,16,2240,3,1,1,1.0,2.0,93053,M,4888593.0,247264.0,93
201700047183,17,2,18,20,3,1,1,5.0,6.0,93005,M,4897294.0,248513.0,93
201700047184,17,2,18,730,2,1,1,5.0,6.0,95218,M,,,95
201700047185,17,2,17,950,1,1,1,1.0,4.0,93066,M,4890198.0,235870.0,93
201700047186,17,2,18,1030,1,1,1,5.0,1.0,93005,M,4893394.0,248060.0,93
201700047187,17,2,18,1045,1,1,1,1.0,2.0,93007,M,4893321.0,248092.0,93
201700047188,17,2,18,2310,3,1,1,1.0,2.0,93066,M,4892080.0,235715.0,93
201700047189,17,2,19,233,3,1,1,5.0,2.0,95527,M,,,95
201700047190,17,2,18,1945,3,1,1,1.0,5.0,93005,M,4892331.0,248049.0,93
201700047191,17,2,19,945,2,1,1,5.0,6.0,95527,M,,,95
201700047192,17,2,20,820,1,1,1,1.0,4.0,60631,M,4915627.0,259067.0,60
201700047193,17,2,20,1735,1,1,1,1.0,3.0,95424,M,,,95
201700047194,17,2,20,1725,2,1,1,1.0,2.0,93008,M,4891243.0,243717.0,93
201700047195,17,2,21,1815,1,1,1,1.0,7.0,95151,M,,,95
201700047196,17,2,21,1720,1,1,1,1.0,2.0,95018,M,,,95
201700047197,17,2,21,1845,2,1,1,1.0,3.0,95060,M,,,95
201700047198,17,2,22,700,1,1,1,1.0,4.0,93006,M,4886564.0,241864.0,93
201700047199,17,2,20,740,1,1,1,1.0,3.0,95018,M,,,95
201700047200,17,2,20,800,1,1,1,1.0,5.0,95252,M,,,95
201700047201,17,2,24,1700,1,1,1,1.0,2.0,92036,M,,,92
201700047202,17,2,24,1755,1,1,1,1.0,3.0,93064,M,4888378.0,246676.0,93
201700047203,17,2,25,15,3,1,1,1.0,3.0,93010,M,4890062.0,246969.0,93
201700047204,17,2,25,328,3,1,1,1.0,4.0,93005,M,4895777.0,246258.0,93
201700047205,17,2,17,1500,1,1,1,1.0,7.0,93053,M,4890431.0,235874.0,93
201700047206,17,2,25,910,1,1,1,1.0,3.0,93066,M,4891301.0,235776.0,93
201700047207,17,2,23,1240,1,1,1,1.0,6.0,93010,M,4888894.0,247376.0,93
201700047208,17,2,27,2235,3,1,1,1.0,6.0,93064,M,4886453.0,248232.0,93
201700047209,17,2,27,730,1,1,1,1.0,2.0,93005,M,4895007.0,247485.0,93
201700047210,17,2,28,900,1,1,1,1.0,5.0,95252,M,,,95
201700047211,17,2,28,1150,1,1,1,1.0,7.0,92078,M,,,92
201700047212,17,2,28,2240,4,1,1,2.0,2.0,92078,M,,,92
201700047213,17,3,1,735,1,1,1,1.0,3.0,92036,M,,,92
201700047214,17,3,1,845,1,1,1,1.0,2.0,95572,M,4903450.0,210050.0,95
201700047215,17,3,1,1210,1,1,1,3.0,3.0,92078,M,,,92
201700047216,17,3,1,2015,3,1,1,2.0,4.0,93066,M,4893380.0,238397.0,93
201700047217,17,3,1,1602,1,1,1,2.0,2.0,93066,M,4892211.0,236268.0,93
201700047218,17,3,3,1540,1,1,1,1.0,5.0,93007,M,4894359.0,243604.0,93
201700047219,17,3,4,1945,3,1,1,1.0,7.0,93027,M,4892338.0,238338.0,93
201700047220,17,3,4,2020,3,1,1,2.0,4.0,93027,M,4892519.0,239397.0,93
201700047221,17,3,5,610,3,1,1,1.0,6.0,93001,M,4892133.0,237578.0,93
201700047222,17,3,5,1345,1,1,1,2.0,6.0,95277,M,4897350.0,248590.0,95
201700047223,17,3,5,1545,1,1,1,2.0,6.0,95582,M,4896390.0,226810.0,95
201700047224,17,3,5,1720,1,1,1,2.0,6.0,95277,M,4897350.0,248590.0,95
201700047225,17,3,5,1700,1,1,1,2.0,2.0,95527,M,4897370.0,248830.0,95
201700047226,17,3,5,1829,1,1,1,2.0,2.0,93078,M,4895882.0,253471.0,93
201700047227,17,3,5,2150,3,1,1,1.0,2.0,95277,M,4897350.0,248590.0,95
201700047228,17,3,5,715,3,1,1,1.0,7.0,95394,M,4904770.0,218380.0,95
201700047229,17,3,4,1755,1,1,1,2.0,2.0,93005,M,4893484.0,248048.0,93
201700047230,17,3,5,1110,1,1,1,3.0,6.0,95277,M,4898030.0,249790.0,95
201700047231,17,3,4,1710,1,1,1,2.0,3.0,95018,M,4896070.0,226970.0,95
201700047232,17,3,6,1320,1,1,1,1.0,6.0,95018,M,4895010.0,228030.0,95
201700047233,17,3,7,750,1,1,1,1.0,6.0,95042,M,4906160.0,231420.0,95
201700047234,17,3,7,800,1,1,1,8.0,7.0,95424,M,4898940.0,219980.0,95
201700047235,17,3,4,750,2,1,1,2.0,7.0,93078,M,4896310.0,252225.0,93
201700047236,17,3,7,1845,1,1,1,1.0,3.0,93066,M,4893380.0,238397.0,93
201700047237,17,3,7,1845,2,1,1,1.0,4.0,93010,M,4890450.0,247171.0,93
201700047238,17,3,7,2145,3,1,1,1.0,2.0,93010,M,4890626.0,247213.0,93
201700047239,17,3,8,545,3,1,1,2.0,6.0,95351,M,4903980.0,248310.0,95
201700047240,17,3,8,2140,5,1,1,2.0,3.0,95277,M,4897380.0,248690.0,95
201700047241,17,1,31,1900,3,1,1,2.0,4.0,93066,M,4892797.0,235750.0,93
201700047242,17,3,10,240,3,1,1,1.0,2.0,93010,M,4890796.0,247298.0,93
201700047243,17,3,10,410,3,1,1,1.0,7.0,95028,M,4906010.0,235510.0,95
201700047244,17,3,8,2050,3,1,1,2.0,6.0,92036,M,,,92
201700047245,17,3,10,930,1,1,1,1.0,2.0,93013,M,4894239.0,243178.0,93
201700047246,17,3,10,1345,1,1,9,1.0,3.0,93053,M,4888832.0,247434.0,93
201700047247,17,3,10,1815,1,1,1,1.0,6.0,95582,M,4897550.0,224140.0,95
201700047248,17,3,10,2337,3,1,1,1.0,6.0,95582,M,4896910.0,225080.0,95
201700047249,17,3,11,155,3,1,1,1.0,2.0,92078,M,,,92
201700047250,17,3,10,1700,1,1,1,1.0,4.0,93078,M,4897240.0,249355.0,93
201700047251,17,3,11,1720,1,1,1,1.0,1.0,93066,M,4892619.0,235674.0,93
201700047252,17,3,11,2000,1,1,1,1.0,2.0,93064,M,4886422.0,248222.0,93
201700047253,17,3,11,1200,1,1,1,1.0,6.0,93053,M,4890162.0,235870.0,93
201700047254,17,3,11,1620,1,1,1,1.0,4.0,95018,M,4896190.0,226740.0,95
201700047255,17,3,13,945,1,1,1,1.0,6.0,93064,M,4887925.0,247604.0,93
201700047256,17,3,14,835,1,1,1,1.0,2.0,93066,M,4893364.0,237912.0,93
201700047257,17,3,13,1950,1,1,1,1.0,1.0,93053,M,4888893.0,247376.0,93
201700047258,17,2,1,915,1,1,1,1.0,4.0,93006,M,4886622.0,242260.0,93
201700047259,17,1,20,505,3,1,1,1.0,2.0,95572,M,,,95
201700047260,17,3,14,2210,3,1,1,1.0,4.0,93005,M,4892596.0,248123.0,93
201700047261,17,3,15,240,3,1,1,1.0,3.0,95641,M,4906510.0,255240.0,95
201700047262,17,3,14,1930,2,1,1,1.0,2.0,93005,M,4894646.0,247621.0,93
201700047263,17,3,15,1515,1,1,1,1.0,6.0,95176,M,4898910.0,220390.0,95
201700047264,17,3,16,315,3,1,1,1.0,6.0,95394,M,4905190.0,218290.0,95
201700047265,17,3,13,2050,1,1,1,1.0,3.0,95277,M,4897350.0,248590.0,95
201700047266,17,3,16,830,1,1,1,1.0,4.0,95365,M,4906690.0,240110.0,95
201700047267,17,3,16,1300,1,1,1,1.0,2.0,95060,M,4904220.0,218870.0,95
201700047268,17,3,15,1940,3,1,1,1.0,4.0,95572,M,4904980.0,214160.0,95
201700047269,17,3,16,1755,1,1,1,1.0,4.0,93066,M,4892812.0,235799.0,93
201700047270,17,3,17,325,3,1,1,1.0,6.0,95151,M,4906330.0,227030.0,95
201700047271,17,3,17,930,1,1,1,1.0,4.0,93027,M,4892568.0,239638.0,93
201700047272,17,1,13,1300,1,1,1,1.0,4.0,93007,M,4893125.0,248097.0,93
201700047273,17,3,17,1600,1,1,1,1.0,2.0,93066,M,4892278.0,235186.0,93
201700047274,17,3,17,1425,1,1,1,1.0,2.0,93007,M,4895485.0,245752.0,93
201700047275,17,3,17,1800,1,1,1,1.0,6.0,93005,M,4891675.0,247800.0,93
201700047276,17,3,18,15,3,1,1,2.0,4.0,93005,M,4895080.0,247436.0,93
201700047277,17,3,18,550,5,1,1,1.0,6.0,93066,M,4890610.0,235833.0,93
201700047278,17,3,18,620,3,1,1,1.0,6.0,95572,M,4904880.0,213590.0,95
201700047279,17,3,18,1035,1,1,1,2.0,2.0,95582,M,4897270.0,247710.0,95
201700047280,17,3,18,1220,1,1,1,2.0,6.0,95277,M,4897350.0,248590.0,95
201700047281,17,3,19,30,3,1,1,1.0,6.0,93008,M,4889938.0,246927.0,93
201700047282,17,3,19,945,1,1,1,1.0,6.0,93027,M,4892222.0,237892.0,93
201700047283,17,3,20,330,3,1,1,1.0,6.0,93013,M,4893873.0,241622.0,93
201700047284,17,3,20,650,2,1,1,1.0,2.0,93005,M,4896072.0,246790.0,93
201700047285,17,3,20,630,2,1,1,1.0,3.0,95527,M,4898430.0,220520.0,95
201700047286,17,3,19,1800,1,1,1,1.0,4.0,93013,M,4894025.0,242277.0,93
201700047287,17,3,20,1905,1,1,1,1.0,2.0,95582,M,4896840.0,225130.0,95
201700047288,17,3,20,1750,1,1,1,1.0,2.0,93010,M,4888893.0,247376.0,93
201700047289,17,3,20,1910,1,1,1,1.0,3.0,93010,M,4891059.0,247536.0,93
201700047290,17,3,22,100,3,1,1,1.0,6.0,93010,M,4888902.0,247396.0,93
201700047291,17,3,16,950,1,1,1,1.0,4.0,95582,M,4896460.0,226970.0,95
201700047292,17,3,22,905,1,1,1,1.0,5.0,95582,M,4896290.0,226520.0,95
201700047293,17,3,22,1630,1,1,1,1.0,4.0,93013,M,4893858.0,241643.0,93
201700047294,17,3,23,730,2,1,1,1.0,4.0,95241,M,4904660.0,245530.0,95
201700047295,17,3,23,1800,1,1,1,1.0,2.0,93064,M,4887668.0,247794.0,93
201700047296,17,3,23,1810,1,1,1,1.0,6.0,93005,M,4897411.0,248863.0,93
201700047297,17,3,23,2155,3,1,1,3.0,6.0,95582,M,4896610.0,225710.0,95
201700047298,17,3,24,700,2,1,1,3.0,2.0,95018,M,4896220.0,226670.0,95
201700047299,17,3,25,1610,1,1,1,1.0,3.0,95527,M,4901070.0,252890.0,95
201700047300,17,3,26,1400,1,1,1,1.0,6.0,93013,M,4894239.0,243178.0,93
201700047301,17,3,22,840,1,1,1,1.0,3.0,93005,M,4895777.0,246258.0,93
201700047302,17,3,27,1535,1,1,1,1.0,2.0,93053,M,4888403.0,246450.0,93
201700047303,17,3,27,1820,1,1,1,1.0,6.0,92078,M,,,92
201700047304,17,3,27,1830,1,1,1,1.0,3.0,60631,M,4915100.0,258434.0,60
201700047305,17,3,28,1810,1,1,1,1.0,6.0,93010,M,4890191.0,247055.0,93
201700047306,17,3,28,1745,1,1,1,1.0,2.0,93064,M,4888657.0,248056.0,93
201700047307,17,3,28,1630,1,1,1,1.0,4.0,93027,M,4892385.0,238602.0,93
201700047308,17,3,28,1525,1,1,1,1.0,5.0,95488,M,4902260.0,213470.0,95
201700047309,17,3,29,1150,1,1,1,1.0,6.0,93008,M,4891147.0,244043.0,93
201700047310,17,3,29,1650,1,1,1,1.0,6.0,93078,M,4896086.0,252453.0,93
201700047311,17,3,29,1900,2,1,1,1.0,2.0,93066,M,4891937.0,235754.0,93
201700047312,17,3,29,2250,3,1,1,1.0,6.0,92036,M,,,92
201700047313,17,3,30,820,1,1,1,1.0,6.0,95394,M,4904730.0,218380.0,95
201700047314,17,3,29,2030,2,1,1,1.0,6.0,95572,M,4903110.0,212030.0,95
201700047315,17,3,30,1240,1,1,1,1.0,2.0,93005,M,4894834.0,247559.0,93
201700047316,17,3,31,1030,1,1,1,1.0,7.0,60631,M,4914847.0,258082.0,60
201700047317,17,2,7,1245,1,1,1,1.0,6.0,95018,M,,,95
201700047318,17,3,27,1000,1,1,1,1.0,3.0,93008,M,4891160.0,243959.0,93
201700047319,17,3,28,1245,1,1,1,1.0,2.0,93078,M,4896398.0,255214.0,93
201700047320,17,3,31,2110,3,1,1,1.0,3.0,93010,M,4890537.0,247203.0,93
201700047321,17,3,31,1915,1,1,1,1.0,5.0,93013,M,4894241.0,243253.0,93
201700047322,17,4,2,415,3,1,1,1.0,6.0,60631,M,4914588.0,257762.0,60
201700047323,17,3,28,1005,1,1,1,1.0,3.0,92036,M,,,92
201700047324,17,4,1,1840,1,1,1,1.0,2.0,93006,M,4886451.0,241269.0,93
201700047325,17,4,2,1620,1,1,1,1.0,6.0,60612,M,4920918.0,261476.0,60
201700047326,17,4,3,1515,1,1,1,1.0,2.0,93007,M,4893231.0,248103.0,93
201700047327,17,4,3,1735,1,1,1,1.0,6.0,92036,M,,,92
201700047328,17,4,3,1530,1,1,1,1.0,6.0,93053,M,4888402.0,247156.0,93
201700047329,17,2,6,2230,3,1,1,1.0,6.0,93064,M,4888654.0,248106.0,93
201700047330,17,4,4,612,3,1,1,1.0,6.0,93005,M,4896858.0,248049.0,93
201700047331,17,4,4,1015,1,1,1,1.0,2.0,95527,M,4900390.0,252520.0,95
201700047332,17,4,4,1215,1,1,1,1.0,5.0,95527,M,4898380.0,250310.0,95
201700047333,17,4,4,1530,1,1,1,1.0,2.0,92078,M,,,92
201700047334,17,4,4,1640,1,1,1,1.0,4.0,93010,M,4891035.0,247490.0,93
201700047335,17,4,4,2315,3,1,1,1.0,6.0,93064,M,4886933.0,248256.0,93
201700047336,17,4,4,930,1,1,1,1.0,3.0,95256,M,4905460.0,220080.0,95
201700047337,17,4,5,431,5,1,1,1.0,6.0,95488,M,4901230.0,215070.0,95
201700047338,17,4,5,1625,1,1,1,1.0,3.0,95424,M,4898930.0,220050.0,95
201700047339,17,4,3,1215,1,1,1,1.0,2.0,95527,M,4899090.0,251220.0,95
201700047340,17,4,3,945,1,1,1,1.0,2.0,92078,M,,,92
201700047341,17,4,7,1725,1,1,1,1.0,2.0,95018,M,4895110.0,228010.0,95
201700047342,17,4,7,1745,1,1,1,1.0,4.0,92078,M,,,92
201700047343,17,4,7,1805,1,1,1,1.0,2.0,95028,M,4906310.0,233570.0,95
201700047344,17,4,8,1915,1,1,1,1.0,2.0,95018,M,4895970.0,227160.0,95
201700047345,17,4,8,2010,2,1,1,1.0,7.0,93005,M,4894747.0,247598.0,93
201700047346,17,4,9,1350,1,1,1,1.0,3.0,93063,M,4887675.0,244298.0,93
201700047347,17,4,10,240,3,1,1,1.0,2.0,93013,M,4893873.0,241708.0,93
201700047348,17,4,10,500,5,1,1,1.0,2.0,95607,M,4902090.0,221150.0,95
201700047349,17,4,10,1500,1,1,1,1.0,6.0,93066,M,4892618.0,235675.0,93
201700047350,17,4,11,750,1,1,1,1.0,2.0,95394,M,4905170.0,215410.0,95
201700047351,17,4,11,1400,1,1,1,1.0,5.0,93005,M,4897172.0,249610.0,93
201700047352,17,4,11,1515,1,1,1,1.0,4.0,93005,M,4896000.0,246703.0,93
201700047353,17,4,10,2030,2,1,1,1.0,5.0,95424,M,4899070.0,219370.0,95
201700047354,17,4,11,1730,1,1,1,1.0,2.0,92036,M,,,92
201700047355,17,4,11,2015,2,1,1,1.0,6.0,93063,M,4888032.0,245107.0,93
201700047356,17,4,12,800,1,1,1,1.0,6.0,60494,M,4912866.0,255861.0,60
201700047357,17,4,12,1100,1,1,1,1.0,7.0,93027,M,4893418.0,239023.0,93
201700047358,17,4,12,1800,1,1,1,1.0,3.0,93066,M,4891570.0,235756.0,93
201700047359,17,4,12,1850,1,1,1,1.0,4.0,93027,M,4892338.0,238338.0,93
201700047360,17,4,12,1845,1,1,1,1.0,2.0,93027,M,4892671.0,240458.0,93
201700047361,17,4,14,105,5,1,1,1.0,4.0,93027,M,4892718.0,241948.0,93
201700047362,17,4,12,1750,1,1,1,1.0,4.0,93008,M,4891037.0,244324.0,93
201700047363,17,4,13,1840,1,1,1,1.0,4.0,93053,M,4888403.0,246451.0,93
201700047364,17,4,14,2120,5,1,1,1.0,7.0,93029,M,4892391.0,242663.0,93
201700047365,17,4,14,500,3,1,1,1.0,6.0,95028,M,4906380.0,233310.0,95
201700047366,17,4,5,855,1,1,1,1.0,3.0,93064,M,4887925.0,247604.0,93
201700047367,17,4,15,2225,3,1,1,1.0,6.0,93001,M,4892113.0,237303.0,93
201700047368,17,4,16,840,1,1,1,1.0,6.0,93005,M,4894230.0,247831.0,93
201700047369,17,4,17,650,2,1,1,1.0,5.0,93066,M,4892900.0,236032.0,93
201700047370,17,4,17,1600,1,1,1,1.0,2.0,93066,M,4891390.0,235770.0,93
201700047371,17,4,17,1620,1,1,1,1.0,6.0,95241,M,4904560.0,244440.0,95
201700047372,17,4,17,2130,3,1,1,1.0,2.0,93010,M,4890653.0,247247.0,93
201700047373,17,4,17,1945,1,1,1,1.0,5.0,95252,M,4898420.0,221690.0,95
201700047374,17,4,18,925,1,1,1,1.0,4.0,93066,M,4891937.0,235754.0,93
201700047375,17,4,18,830,1,1,1,1.0,3.0,93027,M,4892808.0,241091.0,93
201700047376,17,4,15,845,1,1,1,2.0,6.0,95394,M,4905010.0,214330.0,95
201700047377,17,4,15,1030,1,1,1,2.0,2.0,92036,M,,,92
201700047378,17,3,6,1430,1,1,1,1.0,4.0,93005,M,4892343.0,248076.0,93
201700047379,17,4,19,2350,3,1,1,1.0,2.0,95582,M,4896380.0,226370.0,95
201700047380,17,4,19,1930,1,1,1,1.0,2.0,93001,M,4892102.0,237168.0,93
201700047381,17,4,20,1500,1,1,1,1.0,2.0,93063,M,4887790.0,244588.0,93
201700047382,17,4,21,740,1,1,1,1.0,3.0,93027,M,4892657.0,240308.0,93
201700047383,17,4,21,1810,1,1,1,1.0,6.0,92036,M,,,92
201700047384,17,4,21,1950,1,1,1,1.0,2.0,93078,M,4896153.0,254481.0,93
201700047385,17,4,21,1730,1,1,1,1.0,4.0,93001,M,4892183.0,237761.0,93
201700047386,17,4,22,715,2,1,1,1.0,2.0,93013,M,4893873.0,241708.0,93
201700047387,17,4,22,1513,1,1,1,1.0,6.0,93066,M,4892629.0,233720.0,93
201700047388,17,4,22,2140,3,1,1,1.0,4.0,93064,M,4886595.0,248148.0,93
201700047389,17,4,24,945,1,1,1,1.0,2.0,93066,M,4892260.0,235047.0,93
201700047390,17,3,25,1615,1,1,1,1.0,2.0,92036,M,,,92
201700047391,17,4,25,340,4,1,1,1.0,7.0,95394,M,4905210.0,215580.0,95
201700047392,17,4,25,740,2,1,1,2.0,7.0,93066,M,4892843.0,235815.0,93
201700047393,17,4,24,1750,1,1,1,1.0,2.0,93066,M,4892651.0,233739.0,93
201700047394,17,4,25,1905,1,1,1,1.0,3.0,93005,M,4897320.0,248835.0,93
201700047395,17,4,26,1615,1,1,1,1.0,3.0,93066,M,4892529.0,235681.0,93
201700047396,17,4,27,245,3,1,1,1.0,7.0,60631,M,4914493.0,257642.0,60
201700047397,17,4,26,1030,1,1,1,1.0,4.0,95500,M,4903610.0,209470.0,95
201700047398,17,4,28,2230,3,1,1,2.0,6.0,95256,M,4904690.0,218420.0,95
201700047399,17,4,29,630,2,1,1,1.0,7.0,93005,M,4896804.0,247786.0,93
201700047400,17,4,22,900,1,1,1,1.0,7.0,93078,M,4896797.0,250964.0,93
201700047401,17,4,26,1830,1,1,1,1.0,6.0,93027,M,4892256.0,237948.0,93
201700047402,17,4,28,845,1,1,1,2.0,6.0,95277,M,4897350.0,248590.0,95
201700047403,17,4,28,845,1,1,1,8.0,4.0,93078,M,4897023.0,250218.0,93
201700047404,17,4,29,2330,3,1,1,1.0,5.0,92036,M,4894430.0,228655.0,92
201700047405,17,4,27,850,1,1,1,1.0,3.0,95252,M,4897860.0,223010.0,95
201700047406,17,4,27,1100,1,1,1,1.0,2.0,95176,M,4898910.0,220160.0,95
201700047407,17,4,27,900,1,1,1,1.0,2.0,93048,M,4887313.0,243594.0,93
201700047408,17,4,30,2135,4,1,1,3.0,6.0,95527,M,4899190.0,251250.0,95
201700047409,17,4,30,2255,3,1,1,2.0,6.0,92036,M,4894581.0,228401.0,92
201700047410,17,5,1,15,3,1,1,2.0,7.0,93027,M,4892786.0,240959.0,93
201700047411,17,4,30,2335,3,1,1,3.0,6.0,95277,M,4897350.0,248590.0,95
201700047412,17,5,1,1030,1,1,1,1.0,6.0,92078,M,,,92
201700047413,17,4,30,1600,1,1,1,2.0,3.0,93005,M,4896134.0,246890.0,93
201700047414,17,5,1,200,3,1,1,2.0,6.0,95582,M,4896350.0,226670.0,95
201700047415,17,4,30,2115,4,1,1,2.0,3.0,93005,M,4896056.0,246797.0,93
201700047416,17,5,2,815,1,1,1,1.0,3.0,93008,M,4891105.0,244164.0,93
201700047417,17,5,2,1700,1,1,1,1.0,6.0,93066,M,4890610.0,235862.0,93
201700047418,17,5,2,1620,1,1,1,1.0,3.0,92078,M,,,92
201700047419,17,5,2,851,1,1,1,1.0,4.0,93078,M,4896945.0,250465.0,93
201700047420,17,5,3,1525,1,1,1,2.0,6.0,93066,M,4892869.0,235904.0,93
201700047421,17,5,3,2015,1,1,1,3.0,5.0,93010,M,4891140.0,247594.0,93
201700047422,17,5,4,1530,1,1,1,8.0,2.0,93006,M,4886640.0,241320.0,93
201700047423,17,5,4,2230,5,1,1,1.0,6.0,93066,M,4890341.0,235882.0,93
201700047424,17,5,5,515,3,1,1,1.0,2.0,95256,M,4905590.0,220370.0,95
201700047425,17,5,5,815,1,1,1,1.0,4.0,95018,M,4894970.0,228010.0,95
201700047426,17,5,5,1625,1,1,1,8.0,2.0,93078,M,4896065.0,252440.0,93
201700047427,17,5,5,1700,1,1,1,1.0,2.0,93039,M,4892745.0,233354.0,93
201700047428,17,5,5,320,3,1,1,1.0,6.0,95607,M,4901380.0,221910.0,95
201700047429,17,5,5,1930,1,1,1,1.0,3.0,95018,M,4895870.0,227420.0,95
201700047430,17,5,3,835,1,1,1,1.0,3.0,93029,M,4892672.0,242101.0,93
201700047431,17,5,3,1011,1,1,1,2.0,6.0,95582,M,4897590.0,223840.0,95
201700047432,17,5,6,2330,3,1,1,2.0,4.0,93078,M,4896088.0,254230.0,93
201700047433,17,5,7,940,1,1,1,2.0,6.0,93027,M,4892338.0,238338.0,93
201700047434,17,5,7,930,1,1,1,2.0,6.0,95018,M,4895150.0,227970.0,95