Num_Acc,an,mois,jour,hrmn,lum,agg,int,atm,col,com,gps,lat,long,dep
201700047435,17,5,7,1145,1,1,1,2.0,6.0,92078,M,,,92
201700047436,17,5,7,1105,1,1,1,2.0,2.0,92036,M,,,92
201700047437,17,5,7,1030,1,1,1,2.0,2.0,95277,M,4897350.0,248590.0,95
201700047438,17,5,7,1545,1,1,1,2.0,6.0,93053,M,4890341.0,235882.0,93
201700047439,17,5,7,1515,1,1,1,2.0,6.0,95277,M,4897350.0,248590.0,95
201700047440,17,5,6,1335,1,1,1,2.0,6.0,95212,M,4902650.0,253690.0,95
201700047441,17,5,8,1710,1,1,1,1.0,5.0,93066,M,4892528.0,235681.0,93
201700047442,17,5,7,2045,2,1,1,1.0,3.0,95277,M,4897290.0,248670.0,95
201700047443,17,5,9,1340,1,1,1,1.0,3.0,93007,M,4893125.0,248097.0,93
201700047444,17,5,9,1855,1,1,1,1.0,5.0,93007,M,4894739.0,244367.0,93
201700047445,17,5,10,1645,1,1,1,1.0,3.0,93005,M,4895606.0,245940.0,93
201700047446,17,5,10,1730,1,1,1,1.0,6.0,93066,M,4891660.0,235748.0,93
201700047447,17,5,11,150,3,1,1,1.0,6.0,95500,M,4904240.0,207910.0,95
201700047448,17,5,11,855,1,1,1,1.0,3.0,95582,M,4896570.0,225810.0,95
201700047449,17,5,10,1130,1,1,1,1.0,4.0,93027,M,4892568.0,239638.0,93
201700047450,17,5,11,920,1,1,1,1.0,3.0,93029,M,4892634.0,242216.0,93
201700047451,17,5,4,2000,1,1,1,2.0,4.0,93078,M,4896809.0,250835.0,93
201700047452,17,5,11,1930,1,1,1,1.0,2.0,92078,M,4893034.0,232541.0,92
201700047453,17,5,12,850,1,1,1,1.0,4.0,93008,M,4891160.0,243959.0,93
201700047454,17,5,9,930,1,1,1,1.0,5.0,95682,M,4906570.0,237290.0,95
201700047455,17,5,9,1015,1,1,1,1.0,2.0,95365,M,4906740.0,239920.0,95
201700047456,17,5,13,540,3,1,1,1.0,6.0,95527,M,4898620.0,250810.0,95
201700047457,17,5,13,820,1,1,1,1.0,3.0,93064,M,4887916.0,247634.0,93
201700047458,17,5,14,1330,1,1,1,2.0,6.0,93078,M,4897261.0,249405.0,93
201700047459,17,5,15,115,5,1,1,1.0,3.0,93008,M,4890864.0,244951.0,93
201700047460,17,5,15,750,1,1,1,1.0,2.0,95252,M,4897850.0,223010.0,95
201700047461,17,5,15,1400,1,1,1,1.0,6.0,95252,M,4897880.0,222980.0,95
201700047462,17,5,15,1800,1,1,1,1.0,4.0,95572,M,4904180.0,212850.0,95
201700047463,17,5,15,1740,1,1,1,1.0,3.0,92036,M,4894301.0,228883.0,92
201700047464,17,5,16,1915,1,1,1,1.0,5.0,93066,M,4892900.0,236032.0,93
201700047465,17,5,17,1115,1,1,1,1.0,4.0,92036,M,4886280.0,232922.0,92
201700047466,17,5,18,200,4,1,1,2.0,6.0,93027,M,4892851.0,241357.0,93
201700047467,17,5,18,730,1,1,1,2.0,4.0,95151,M,4906220.0,227720.0,95
201700047468,17,5,19,800,1,1,1,1.0,3.0,95582,M,4896390.0,226730.0,95
201700047469,17,5,19,820,1,1,1,1.0,2.0,93008,M,4891573.0,243025.0,93
201700047470,17,5,18,1945,1,1,1,3.0,6.0,95582,M,4896620.0,225710.0,95
201700047471,17,5,19,2030,1,1,1,9.0,4.0,93005,M,4895089.0,247454.0,93
201700047472,17,5,20,1450,1,1,1,1.0,2.0,95277,M,4897340.0,248730.0,95
201700047473,17,5,20,1620,1,1,1,1.0,6.0,93005,M,4896292.0,247377.0,93
201700047474,17,5,21,120,3,1,1,1.0,2.0,93013,M,4894113.0,242742.0,93
201700047475,17,5,19,1715,1,1,1,2.0,5.0,92036,M,,,92
201700047476,17,5,19,1430,1,1,1,1.0,3.0,92036,M,,,92
201700047477,17,5,18,1420,1,1,1,1.0,6.0,93064,M,4886670.0,248164.0,93
201700047478,17,5,18,1700,1,1,1,1.0,7.0,95018,M,4895130.0,227970.0,95
201700047479,17,5,20,1115,1,1,1,1.0,5.0,93010,M,4888569.0,247261.0,93
201700047480,17,5,21,1345,1,1,1,1.0,7.0,93048,M,4887222.0,244877.0,93
201700047481,17,5,21,1340,1,1,1,1.0,6.0,93048,M,4887301.0,243528.0,93
201700047482,17,5,21,1945,1,1,1,1.0,4.0,93013,M,4893873.0,241622.0,93
201700047483,17,5,22,1745,1,1,1,1.0,3.0,93053,M,4888267.0,245684.0,93
201700047484,17,5,22,1830,1,1,1,1.0,3.0,95500,M,4903710.0,209170.0,95
201700047485,17,5,19,1240,1,1,1,1.0,6.0,95678,M,4906120.0,221210.0,95
201700047486,17,5,22,2245,3,1,1,1.0,6.0,95252,M,4897910.0,222920.0,95
201700047487,17,5,23,1550,1,1,1,1.0,2.0,93008,M,4890281.0,246730.0,93
201700047488,17,5,24,205,3,1,1,1.0,3.0,93027,M,4892775.0,240983.0,93
201700047489,17,5,24,2250,3,1,1,1.0,4.0,95488,M,4902760.0,212910.0,95
201700047490,17,5,25,1230,1,1,1,1.0,4.0,92036,M,,,92
201700047491,17,5,24,1615,1,1,1,1.0,4.0,95256,M,4905860.0,220990.0,95
201700047492,17,5,25,1445,1,1,1,1.0,2.0,95488,M,4902470.0,213240.0,95
201700047493,17,5,19,1730,1,1,1,1.0,3.0,93048,M,4887313.0,243594.0,93
201700047494,17,5,26,2140,2,1,1,1.0,2.0,95252,M,4898350.0,221850.0,95
201700047495,17,5,26,1150,1,1,1,1.0,3.0,93013,M,4894023.0,242355.0,93
201700047496,17,5,25,1330,1,1,1,1.0,5.0,95527,M,4899350.0,251470.0,95
201700047497,17,5,19,1815,1,1,1,1.0,3.0,93027,M,4892352.0,238323.0,93
201700047498,17,5,27,1550,1,1,1,1.0,6.0,93066,M,4891937.0,235754.0,93
201700047499,17,5,27,1630,1,1,1,1.0,2.0,93005,M,4896017.0,247352.0,93
201700047500,17,5,28,1730,1,1,1,1.0,5.0,95018,M,4895880.0,227360.0,95
201700047501,17,5,28,2125,2,1,1,1.0,6.0,95365,M,4906730.0,239870.0,95
201700047502,17,5,28,1250,1,1,1,1.0,7.0,93066,M,4890610.0,235833.0,93
201700047503,17,5,29,640,1,1,1,1.0,2.0,93066,M,4893380.0,238400.0,93
201700047504,17,5,29,1700,1,1,1,1.0,7.0,93027,M,4892697.0,240589.0,93
201700047505,17,5,31,20,3,1,1,1.0,6.0,95042,M,4905710.0,229490.0,95
201700047506,17,3,1,2100,3,1,1,8.0,2.0,95277,M,4897350.0,248590.0,95
201700047507,17,5,30,2025,1,1,1,1.0,5.0,93063,M,4887406.0,243750.0,93
201700047508,17,5,30,1800,1,1,1,1.0,4.0,93001,M,4892087.0,337175.0,93
201700047509,17,5,25,1940,1,1,1,1.0,7.0,60631,M,4914898.0,258151.0,60
201700047510,17,6,1,900,1,1,1,1.0,3.0,95394,M,4905250.0,217910.0,95
201700047511,17,6,1,1151,1,1,1,1.0,3.0,93064,M,4887668.0,247794.0,93
201700047512,17,6,3,340,3,1,1,1.0,6.0,95241,M,4905410.0,242540.0,95
201700047513,17,6,2,2000,1,1,1,1.0,3.0,95582,M,4896810.0,225250.0,95
201700047514,17,6,2,1955,1,1,1,2.0,7.0,93006,M,4886528.0,241774.0,93
201700047515,17,6,2,1850,1,1,1,1.0,3.0,93066,M,4890700.0,235854.0,93
201700047516,17,6,3,1320,1,1,1,1.0,5.0,92036,M,,,92
201700047517,17,6,3,2120,2,1,1,2.0,6.0,95572,M,4903370.0,211090.0,95
201700047518,17,6,4,442,3,1,1,1.0,7.0,92036,M,4895806.0,201554.0,92
201700047519,17,6,4,1600,1,1,1,1.0,4.0,95488,M,4901330.0,214840.0,95
201700047520,17,6,4,1720,1,1,1,1.0,2.0,92036,M,,,92
201700047521,17,6,4,2305,5,1,1,1.0,3.0,93066,M,4891214.0,235810.0,93
201700047522,17,6,6,930,1,1,1,1.0,3.0,93078,M,4896127.0,254353.0,93
201700047523,17,6,6,800,1,1,1,2.0,7.0,95582,M,4898150.0,224090.0,95
201700047524,17,6,6,1430,1,1,1,2.0,4.0,93053,M,4888255.0,247296.0,93
201700047525,17,6,6,1840,1,1,1,2.0,4.0,93078,M,4896872.0,250715.0,93
201700047526,17,6,1,900,1,1,1,1.0,3.0,93029,M,4892672.0,242101.0,93
201700047527,17,6,7,730,1,1,1,1.0,3.0,95527,M,4901430.0,253080.0,95
201700047528,17,6,6,1645,1,1,1,2.0,6.0,95527,M,4898620.0,250650.0,95
201700047529,17,6,7,1500,1,1,1,1.0,3.0,93066,M,4892386.0,235717.0,93
201700047530,17,6,8,1540,1,1,1,1.0,5.0,93005,M,4894230.0,247831.0,93
201700047531,17,6,9,730,1,1,1,2.0,7.0,93006,M,4886789.0,242757.0,93
201700047532,17,6,9,920,1,1,1,1.0,6.0,95582,M,4897630.0,224180.0,95
201700047533,17,6,9,1620,1,1,1,1.0,3.0,93064,M,4887858.0,247647.0,93
201700047534,17,6,9,1900,1,1,1,1.0,2.0,93066,M,4891937.0,235754.0,93
201700047535,17,6,9,945,1,1,1,9.0,7.0,95252,M,4898340.0,221860.0,95
201700047536,17,6,9,1200,1,1,1,1.0,7.0,92036,M,4892699.0,233480.0,92
201700047537,17,6,10,700,1,1,1,1.0,4.0,93064,M,4888190.0,247391.0,93
201700047538,17,6,9,2045,1,1,1,1.0,2.0,93039,M,4892745.0,233354.0,93
201700047539,17,6,9,2100,1,1,1,1.0,2.0,93064,M,4888393.0,246628.0,93
201700047540,17,6,10,240,3,1,1,1.0,7.0,93005,M,4896695.0,247769.0,93
201700047541,17,6,12,914,1,1,1,1.0,3.0,95252,M,4898490.0,224180.0,95
201700047542,17,6,12,1030,1,1,1,1.0,2.0,93064,M,4886507.0,248180.0,93
201700047543,17,6,11,1945,1,1,1,1.0,3.0,95018,M,4896130.0,226890.0,95
201700047544,17,6,11,1945,1,1,1,1.0,2.0,93066,M,4892236.0,235456.0,93
201700047545,17,6,13,825,1,1,1,1.0,3.0,95582,M,4897520.0,224270.0,95
201700047546,17,6,13,600,2,1,1,1.0,3.0,93005,M,4895891.0,246470.0,93
201700047547,17,6,14,745,1,1,1,1.0,3.0,93010,M,4891651.0,247814.0,93
201700047548,17,6,14,2145,1,1,1,1.0,3.0,93027,M,4892797.0,241116.0,93
201700047549,17,6,15,35,4,1,1,1.0,2.0,93010,M,4891474.0,247762.0,93
201700047550,17,6,14,1930,1,1,1,1.0,2.0,93066,M,4892584.0,233916.0,93
201700047551,17,6,15,1820,1,1,1,1.0,2.0,60494,M,4913942.0,256972.0,60
201700047552,17,6,16,210,3,1,1,1.0,2.0,93010,M,4890576.0,247217.0,93
201700047553,17,6,16,1420,1,1,1,1.0,2.0,93053,M,4888190.0,247391.0,93
201700047554,17,6,17,150,3,1,1,1.0,6.0,60631,M,4914304.0,257391.0,60
201700047555,17,6,16,2115,1,1,1,1.0,4.0,93007,M,4894320.0,243500.0,93
201700047556,17,6,18,5,3,1,1,1.0,3.0,93064,M,4886144.0,248386.0,93
201700047557,17,6,18,710,1,1,1,1.0,6.0,93066,M,4892609.0,233860.0,93
201700047558,17,6,8,940,1,1,1,1.0,4.0,95500,M,4903880.0,208650.0,95
201700047559,17,6,17,2040,1,1,1,1.0,3.0,93027,M,4893405.0,238369.0,93
201700047560,17,6,12,1730,1,1,1,1.0,4.0,93063,M,4887578.0,244146.0,93
201700047561,17,6,19,1750,1,1,1,1.0,3.0,95241,M,4905150.0,242910.0,95
201700047562,17,6,19,1630,1,1,1,1.0,3.0,93078,M,4896228.0,254658.0,93
201700047563,17,6,19,2235,3,1,1,1.0,2.0,95563,M,4901020.0,222990.0,95
201700047564,17,6,18,2030,1,1,1,1.0,4.0,92036,M,,,92
201700047565,17,6,20,240,3,1,1,1.0,7.0,95678,M,4907310.0,223390.0,95
201700047566,17,6,19,1127,1,1,1,1.0,2.0,95277,M,4898260.0,250120.0,95
201700047567,17,6,19,900,1,1,1,1.0,4.0,92036,M,,,92
201700047568,17,6,17,1631,1,1,1,1.0,6.0,95212,M,4902870.0,252790.0,95
201700047569,17,6,18,1900,1,1,1,1.0,6.0,93053,M,4890251.0,235867.0,93
201700047570,17,6,19,1110,1,1,1,1.0,2.0,95277,M,4897810.0,245560.0,95
201700047571,17,6,18,1620,1,1,1,1.0,4.0,93007,M,4894683.0,244260.0,93
201700047572,17,6,19,1200,1,1,1,1.0,6.0,93005,M,4895793.0,247314.0,93
201700047573,17,6,20,1515,1,1,1,1.0,4.0,93013,M,4893858.0,241558.0,93
201700047574,17,6,20,1420,1,1,1,1.0,6.0,95491,M,4900730.0,224290.0,95
201700047575,17,6,21,312,3,1,1,1.0,6.0,92078,M,,,92
201700047576,17,6,21,945,1,1,1,1.0,3.0,93053,M,4888061.0,245154.0,93
201700047577,17,6,21,1700,1,1,1,1.0,2.0,93078,M,4896153.0,254481.0,93
201700047578,17,6,21,1900,1,1,1,1.0,5.0,95028,M,4906150.0,234460.0,95
201700047579,17,6,22,1015,1,1,1,1.0,6.0,95154,M,4903780.0,254190.0,95
201700047580,17,6,21,2030,1,1,1,1.0,2.0,93048,M,4887313.0,243594.0,93
201700047581,17,6,22,1715,1,1,1,1.0,5.0,93013,M,4894025.0,242277.0,93
201700047582,17,6,21,2140,2,1,1,1.0,3.0,92036,M,,,92
201700047583,17,6,23,750,1,1,1,1.0,2.0,93064,M,4887715.0,247764.0,93
201700047584,17,6,23,1020,1,1,1,1.0,7.0,93027,M,4893398.0,238947.0,93
201700047585,17,6,23,1100,1,1,1,1.0,6.0,95365,M,4906610.0,240450.0,95
201700047586,17,6,14,905,1,1,1,1.0,2.0,93010,M,4891282.0,247655.0,93
201700047587,17,6,24,510,2,1,1,1.0,3.0,93005,M,4895770.0,246281.0,93
201700047588,17,6,24,910,1,1,1,1.0,4.0,93013,M,4893992.0,242224.0,93
201700047589,17,6,24,1335,1,1,1,1.0,3.0,93006,M,4886654.0,242389.0,93
201700047590,17,6,20,805,1,1,1,1.0,3.0,95582,M,4897310.0,224660.0,95
201700047591,17,6,23,2045,1,1,1,1.0,6.0,93005,M,4892331.0,248049.0,93
201700047592,17,6,24,1405,1,1,1,1.0,6.0,92036,M,,,92
201700047593,17,6,25,1350,1,1,1,1.0,3.0,93005,M,4895622.0,247341.0,93
201700047594,17,6,22,745,1,1,1,1.0,3.0,92078,M,4287400.0,233061.0,92
201700047595,17,6,23,1810,1,1,1,1.0,2.0,95572,M,4904260.0,212880.0,95
201700047596,17,6,23,1630,1,1,1,1.0,6.0,93063,M,4888090.0,245287.0,93
201700047597,17,5,27,1000,1,1,1,1.0,6.0,93078,M,4896145.0,252377.0,93
201700047598,17,6,26,2025,1,1,1,1.0,2.0,93064,M,4887987.0,247567.0,93
201700047599,17,6,25,1915,1,1,1,1.0,3.0,93005,M,4895362.0,247349.0,93
201700047600,17,6,27,700,1,1,1,2.0,2.0,93066,M,4893236.0,237218.0,93
201700047601,17,6,27,1710,1,1,1,2.0,3.0,93053,M,4888292.0,245740.0,93
201700047602,17,6,27,845,1,1,1,1.0,5.0,95252,M,4898860.0,224350.0,95
201700047603,17,6,27,1140,1,1,1,1.0,2.0,93027,M,4892488.0,239094.0,93
201700047604,17,6,27,1920,1,1,1,2.0,2.0,93005,M,4896795.0,247950.0,93
201700047605,17,6,28,1700,1,1,1,2.0,6.0,93027,M,4892352.0,238323.0,93
201700047606,17,6,28,1910,1,1,1,2.0,3.0,93005,M,4894661.0,247636.0,93
201700047607,17,6,28,1450,1,1,1,1.0,2.0,93066,M,4893132.0,236859.0,93
201700047608,17,6,29,800,1,1,1,1.0,2.0,60631,M,4916418.0,259865.0,60
201700047609,17,6,29,845,1,1,1,1.0,2.0,93005,M,4892343.0,248076.0,93
201700047610,17,6,25,715,1,1,1,1.0,5.0,93005,M,4894335.0,247768.0,93
201700047611,17,6,25,1235,1,1,1,1.0,3.0,93027,M,4893393.0,238810.0,93
201700047612,17,6,25,736,1,1,1,1.0,6.0,95572,M,4903150.0,211840.0,95
201700047613,17,6,23,2030,1,1,1,1.0,5.0,93053,M,4888593.0,247264.0,93
201700047614,17,6,30,1715,1,1,1,2.0,6.0,93078,M,4895931.0,252588.0,93
201700047615,17,6,30,1325,1,1,1,2.0,4.0,93005,M,4894402.0,247753.0,93
201700047616,17,7,2,930,1,1,1,2.0,6.0,95351,M,4902790.0,250530.0,95
201700047617,17,6,26,1250,1,1,1,1.0,3.0,95488,M,4901530.0,214530.0,95
201700047618,17,7,1,930,1,1,1,1.0,6.0,95582,M,4896590.0,227190.0,95
201700047619,17,6,24,1500,1,1,1,1.0,2.0,95277,M,4897780.0,245750.0,95
201700047620,17,7,2,1725,1,1,1,1.0,4.0,93066,M,4890869.0,235806.0,93
201700047621,17,7,2,1900,1,1,1,1.0,4.0,93064,M,4888465.0,247096.0,93
201700047622,17,7,3,630,1,1,1,1.0,4.0,93007,M,4894777.0,244166.0,93
201700047623,17,7,3,740,1,1,1,1.0,4.0,93007,M,4894736.0,244330.0,93
201700047624,17,7,3,920,1,1,1,1.0,2.0,93064,M,4887970.0,247600.0,93
201700047625,17,7,3,940,1,1,1,1.0,4.0,95527,M,4901558.0,253110.0,95
201700047626,17,7,3,1540,1,1,1,1.0,2.0,93005,M,,,93
201700047627,17,7,3,2020,1,1,1,1.0,2.0,93027,M,,,93
201700047628,17,7,3,2153,2,1,1,1.0,6.0,93066,M,4890700.0,235847.0,93
201700047629,17,7,4,20,3,1,1,1.0,6.0,95491,M,4900810.0,224640.0,95
201700047630,17,7,4,30,4,1,1,1.0,6.0,95394,M,4905140.0,219290.0,95
201700047631,17,7,3,1035,1,1,1,1.0,2.0,95527,M,4899360.0,251470.0,95
201700047632,17,7,4,650,1,1,1,1.0,2.0,92036,M,4894613.0,228248.0,92
201700047633,17,7,4,1350,1,1,1,1.0,5.0,93005,M,,,93
201700047634,17,7,4,1705,1,1,1,1.0,2.0,93073,M,,,93
201700047635,17,7,2,823,1,1,1,1.0,6.0,95277,M,4897280.0,248720.0,95
201700047636,17,6,30,1850,1,1,1,2.0,6.0,95277,M,4897780.0,245750.0,95
201700047637,17,7,5,1445,1,1,1,1.0,6.0,95061,M,4906810.0,225410.0,95
201700047638,17,7,6,145,3,1,1,1.0,6.0,93006,M,,,93
201700047639,17,7,6,1115,1,1,1,2.0,6.0,92036,M,,,92
201700047640,17,7,5,1730,1,1,1,1.0,6.0,95488,M,4902480.0,213220.0,95
201700047641,17,7,5,2045,1,1,1,1.0,6.0,95582,M,4896340.0,226480.0,95
201700047642,17,7,6,1430,1,1,1,1.0,2.0,93064,M,,,93
201700047643,17,7,2,940,1,1,1,2.0,6.0,95582,M,4896250.0,226310.0,95
201700047644,17,7,2,1050,1,1,1,2.0,6.0,95277,M,4897350.0,248590.0,95
201700047645,17,7,6,2020,1,1,1,2.0,2.0,95580,M,4908340.0,255130.0,95
201700047646,17,6,29,1715,1,1,1,1.0,4.0,93066,M,4892812.0,235799.0,93
201700047647,17,7,7,1740,1,1,1,1.0,2.0,95527,M,4901760.0,253240.0,95
201700047648,17,7,8,1640,1,1,1,1.0,2.0,93005,M,,,93
201700047649,17,7,8,1900,1,1,1,1.0,2.0,93066,M,4691644.0,235677.0,93
201700047650,17,7,10,230,3,1,1,1.0,4.0,95641,M,4907930.0,255180.0,95
201700047651,17,7,10,115,3,1,1,3.0,6.0,93005,M,4895760.0,246279.0,93
201700047652,17,7,10,515,3,1,1,2.0,5.0,93066,M,4890525.0,235841.0,93
201700047653,17,7,10,1150,1,1,1,3.0,2.0,92078,M,4892982.0,232727.0,92
201700047654,17,7,11,740,1,1,1,1.0,2.0,95306,M,4900940.0,215730.0,95
201700047655,17,7,8,1025,1,1,1,1.0,6.0,93066,M,,,93
201700047656,17,7,11,940,1,1,1,1.0,2.0,95582,M,4896260.0,226330.0,95
201700047657,17,7,5,1945,1,1,1,1.0,2.0,93066,M,,,93
201700047658,17,7,12,2230,4,1,1,1.0,2.0,93063,M,4887891.0,244819.0,93
201700047659,17,7,12,1835,1,1,1,1.0,5.0,93078,M,4896000.0,255000.0,93
201700047660,17,7,13,845,1,1,1,1.0,4.0,93010,M,,,93
201700047661,17,7,13,1515,1,1,1,1.0,3.0,93064,M,4885660.0,235222.0,93
201700047662,17,7,12,1930,1,1,1,1.0,2.0,60612,M,4917748.0,260363.0,60
201700047663,17,7,1,730,1,1,1,1.0,6.0,93066,M,,,93
201700047664,17,7,13,1115,1,1,1,1.0,2.0,95500,M,4903770.0,208910.0,95
201700047665,17,7,15,200,3,1,1,1.0,6.0,95572,M,4903080.0,212140.0,95
201700047666,17,7,15,1900,1,1,1,1.0,4.0,95028,M,4906180.0,234210.0,95
201700047667,17,7,15,2115,2,1,1,1.0,6.0,92036,M,4893604.0,228845.0,92
201700047668,17,7,16,45,3,1,1,1.0,2.0,93066,M,4891963.0,235754.0,93
201700047669,17,7,16,418,3,1,1,1.0,6.0,95277,M,4898210.0,250060.0,95
201700047670,17,7,16,600,2,1,1,1.0,3.0,95219,M,4899190.0,224530.0,95
201700047671,17,7,16,715,1,1,1,1.0,7.0,95500,M,4904310.0,207790.0,95
201700047672,17,7,16,1045,1,1,1,1.0,3.0,93053,M,4889240.0,247290.0,93
201700047673,17,7,12,1219,1,1,1,1.0,2.0,93053,M,,,93
201700047674,17,7,16,2130,2,1,1,1.0,7.0,93078,M,4896134.0,254389.0,93
201700047675,17,7,17,925,1,1,1,1.0,3.0,95527,M,4899050.0,251110.0,95
201700047676,17,7,18,1120,1,1,1,1.0,6.0,95176,M,4898910.0,220160.0,95
201700047677,17,7,12,1645,1,1,1,1.0,2.0,93053,M,,,93
201700047678,17,7,18,1900,1,1,1,1.0,2.0,93008,M,,,93
201700047679,17,7,17,2100,1,1,1,1.0,5.0,60631,M,4915676.0,259217.0,60
201700047680,17,7,19,2227,3,1,1,1.0,4.0,95675,M,4905840.0,255010.0,95
201700047681,17,7,20,845,1,1,1,1.0,2.0,93078,M,,,93
201700047682,17,7,17,1645,1,1,1,1.0,2.0,95277,M,4897320.0,248710.0,95
201700047683,17,7,19,1815,1,1,1,1.0,2.0,95028,M,4906290.0,233560.0,95
201700047684,17,7,20,2141,1,1,1,1.0,2.0,93010,M,,,93
201700047685,17,7,19,1600,1,1,1,1.0,4.0,93008,M,4891190.0,243481.0,93
201700047686,17,7,20,2224,3,1,1,1.0,6.0,93078,M,4896450.0,251990.0,93
201700047687,17,7,21,2040,1,1,1,1.0,2.0,95277,M,4897810.0,243980.0,95
201700047688,17,7,21,1100,1,1,1,1.0,2.0,95582,M,4897210.0,224790.0,95
201700047689,17,7,21,1230,1,1,1,1.0,6.0,93010,M,4891530.0,247770.0,93
201700047690,17,7,22,830,1,1,1,2.0,6.0,95394,M,4904970.0,218150.0,95
201700047691,17,7,21,2010,1,1,1,1.0,2.0,93027,M,,,93
201700047692,17,7,22,300,3,1,1,1.0,2.0,93048,M,4887602.0,244136.0,93
201700047693,17,7,22,2220,3,1,1,2.0,6.0,95365,M,4906590.0,240630.0,95
201700047694,17,7,23,350,3,1,1,1.0,6.0,95582,M,4897420.0,224480.0,95
201700047695,17,7,20,1200,1,1,1,1.0,2.0,93064,M,,,93
201700047696,17,7,24,150,3,1,1,2.0,2.0,93066,M,4892256.0,235522.0,93
201700047697,17,7,24,1510,1,1,1,1.0,2.0,93053,M,,,93
201700047698,17,7,23,1655,1,1,1,1.0,2.0,93053,M,,,93
201700047699,17,7,24,2210,3,1,1,2.0,2.0,92036,M,4893851.0,231104.0,92
201700047700,17,7,24,2240,3,1,1,8.0,6.0,93005,M,4893232.0,251589.0,93
201700047701,17,7,25,200,3,1,1,8.0,6.0,95527,M,4899080.0,251210.0,95
201700047702,17,7,25,320,3,1,1,1.0,2.0,93066,M,4892985.0,236343.0,93
201700047703,17,7,25,2255,3,1,1,1.0,6.0,95500,M,4903610.0,209470.0,95
201700047704,17,7,26,640,3,1,1,1.0,5.0,93066,M,,,93
201700047705,17,7,17,1900,1,1,1,1.0,4.0,92036,M,,,92
201700047706,17,7,24,1640,1,1,1,2.0,6.0,92036,M,,,92
201700047707,17,3,28,2050,3,1,1,1.0,6.0,95488,M,4902450.0,213240.0,95
201700047708,17,7,27,905,1,1,1,1.0,4.0,93006,M,4886701.0,242579.0,93
201700047709,17,7,27,900,1,1,1,2.0,3.0,95018,M,4895140.0,227970.0,95
201700047710,17,7,28,945,1,1,1,1.0,2.0,95527,M,4898530.0,251630.0,95
201700047711,17,7,30,58,5,1,1,1.0,6.0,95582,M,4896520.0,227090.0,95
201700047712,17,7,30,440,3,1,1,1.0,6.0,95572,M,4903080.0,212210.0,95
201700047713,17,7,29,1900,1,1,1,1.0,6.0,95582,M,4896390.0,226840.0,95
201700047714,17,7,30,1830,1,1,1,1.0,2.0,95607,M,4901380.0,221890.0,95
201700047715,17,7,30,1430,1,1,1,1.0,4.0,93006,M,,,93
201700047716,17,7,28,1115,1,1,1,1.0,6.0,95572,M,4902870.0,212750.0,95
201700047717,17,7,31,851,1,1,1,1.0,5.0,93064,M,,,93
201700047718,17,7,31,930,1,1,1,1.0,2.0,92036,M,,,92
201700047719,17,7,31,1110,1,1,1,1.0,6.0,95277,M,4897950.0,249670.0,95
201700047720,17,8,1,1120,1,1,1,1.0,4.0,93010,M,,,93
201700047721,17,8,1,1030,1,1,1,1.0,2.0,95572,M,4903580.0,211860.0,95
201700047722,17,7,31,1940,1,1,1,1.0,3.0,93078,M,4897160.0,249680.0,93
201700047723,17,7,31,1735,1,1,1,1.0,4.0,93008,M,4891092.0,244148.0,93
201700047724,17,7,31,2035,1,1,1,8.0,3.0,93053,M,4888099.0,245286.0,93
201700047725,17,8,1,1750,1,1,1,1.0,7.0,95241,M,4905550.0,242330.0,95
201700047726,17,7,4,715,1,1,1,1.0,3.0,95018,M,4896130.0,226850.0,95
201700047727,17,8,3,915,1,1,1,2.0,6.0,95394,M,4905210.0,218330.0,95
201700047728,17,5,11,2010,1,1,1,1.0,7.0,95678,M,4905920.0,221040.0,95
201700047729,17,8,4,1030,1,1,1,1.0,6.0,93064,M,,,93
201700047730,17,8,5,730,1,1,1,2.0,6.0,95527,M,4898630.0,250670.0,95
201700047731,17,8,3,1255,1,1,1,1.0,6.0,95572,M,4903290.0,210920.0,95
201700047732,17,8,6,1845,1,1,1,1.0,3.0,60241,M,4916197.0,259719.0,60
201700047733,17,8,7,225,3,1,1,1.0,2.0,93064,M,4886839.0,248235.0,93
201700047734,17,8,6,1445,1,1,1,1.0,7.0,95488,M,4902710.0,212960.0,95
201700047735,17,8,7,1315,1,1,1,1.0,2.0,93030,M,4893963.0,242073.0,93
201700047736,17,8,3,1240,1,1,1,1.0,3.0,95042,M,4905880.0,228410.0,95
201700047737,17,8,8,10,3,1,1,1.0,4.0,95018,M,4896190.0,226790.0,95
201700047738,17,8,8,715,2,1,1,2.0,6.0,93053,M,4888390.0,245850.0,93
201700047739,17,8,9,820,1,1,1,1.0,4.0,93005,M,4891913.0,447886.0,93
201700047740,17,8,9,1020,1,1,1,1.0,5.0,95018,M,4895090.0,227980.0,95
201700047741,17,8,8,1920,1,1,1,2.0,6.0,95277,M,4897810.0,245530.0,95
201700047742,17,8,8,1930,1,1,1,1.0,3.0,92036,M,,,92
201700047743,17,8,8,2000,1,1,1,2.0,6.0,93078,M,,,93
201700047744,17,8,9,1815,1,1,1,8.0,6.0,92036,M,,,92
201700047745,17,8,9,1928,1,1,1,2.0,6.0,95365,M,4906580.0,240640.0,95
201700047746,17,7,2,1200,1,1,1,2.0,2.0,93027,M,,,93
201700047747,17,8,10,1430,1,1,1,1.0,6.0,95060,M,4904320.0,218810.0,95
201700047748,17,6,30,1300,1,1,1,2.0,2.0,95582,M,4897190.0,224820.0,95