Num_Acc,an,mois,jour,hrmn,lum,agg,int,atm,col,com,gps,lat,long,dep
201700047749,17,8,12,145,3,1,1,1.0,4.0,95218,M,4903530.0,209760.0,95
201700047750,17,7,31,615,2,1,1,1.0,3.0,95060,M,4904280.0,218820.0,95
201700047751,17,7,31,1000,1,1,1,1.0,4.0,95572,M,4903090.0,212090.0,95
201700047752,17,8,12,1300,1,1,1,9.0,4.0,93005,M,,,93
201700047753,17,8,12,1740,1,1,1,1.0,3.0,93066,M,4890764.0,235823.0,93
201700047754,17,8,12,2120,2,1,1,2.0,3.0,95424,M,4899070.0,219360.0,95
201700047755,17,8,12,1200,1,1,1,1.0,2.0,93005,M,,,93
201700047756,17,8,12,925,1,1,1,2.0,6.0,95394,M,4905090.0,218160.0,95
201700047757,17,8,13,515,3,1,1,1.0,6.0,95491,M,4900760.0,224210.0,95
201700047758,17,8,4,1530,1,1,1,1.0,3.0,93078,M,,,93
201700047759,17,8,14,730,1,1,1,1.0,2.0,93066,M,4892499.0,235689.0,93
201700047760,17,8,14,700,2,1,1,1.0,2.0,95500,M,4903720.0,209130.0,95
201700047761,17,8,14,2000,2,1,1,1.0,2.0,60494,M,4913656.0,256569.0,60
201700047762,17,8,14,2300,4,1,1,1.0,5.0,95306,M,4899610.0,218130.0,95
201700047763,17,8,15,15,3,1,1,1.0,2.0,95572,M,4903220.0,211110.0,95
201700047764,17,8,15,830,1,1,1,1.0,3.0,93053,M,4888346.0,245811.0,93
201700047765,17,8,15,1920,1,1,1,1.0,6.0,92036,M,,,92
201700047766,17,7,25,1135,1,1,1,1.0,7.0,93053,M,,,93
201700047767,17,8,17,30,3,1,1,1.0,6.0,95607,M,4901220.0,222260.0,95
201700047768,17,8,17,900,1,1,1,1.0,2.0,92036,M,,,92
201700047769,17,8,17,1015,1,1,1,2.0,6.0,95277,M,4897320.0,248990.0,95
201700047770,17,8,17,2200,3,1,1,2.0,3.0,95582,M,4897610.0,223810.0,95
201700047771,17,8,17,2340,3,1,1,2.0,6.0,92036,M,4893759.0,229394.0,92
201700047772,17,8,18,125,3,1,1,2.0,6.0,93005,M,4897420.0,248900.0,93
201700047773,17,8,17,2035,1,1,1,1.0,6.0,92078,M,,,92
201700047774,17,8,17,2015,1,1,1,2.0,6.0,93027,M,,,93
201700047775,17,8,18,555,3,1,1,2.0,6.0,95277,M,4897280.0,248720.0,95
201700047776,17,8,18,1010,1,1,1,2.0,7.0,92078,M,,,92
201700047777,17,8,19,250,5,1,1,1.0,2.0,93064,M,4886820.0,248220.0,93
201700047778,17,8,18,920,1,1,1,2.0,3.0,93066,M,,,93
201700047779,17,8,18,1245,1,1,1,2.0,3.0,93005,M,,,93
201700047780,17,8,18,1400,1,1,1,2.0,6.0,92036,M,4893730.0,229313.0,92
201700047781,17,8,21,1340,1,1,1,1.0,6.0,93078,M,,,93
201700047782,17,6,9,1950,1,1,1,1.0,2.0,93027,M,4892451.0,239000.0,93
201700047783,17,8,22,740,1,1,1,1.0,2.0,93010,M,,,93
201700047784,17,8,22,840,1,1,1,1.0,4.0,93006,M,,,93
201700047785,17,8,19,745,1,1,1,1.0,6.0,60612,M,4918619.0,260494.0,60
201700047786,17,8,22,1220,1,1,1,1.0,3.0,95641,M,4906250.0,255220.0,95
201700047787,17,8,23,915,1,1,1,1.0,4.0,93007,M,,,93
201700047788,17,8,23,1430,1,1,1,1.0,2.0,93053,M,,,93
201700047789,17,8,18,900,1,1,1,2.0,6.0,95060,M,4903920.0,219150.0,95
201700047790,17,8,18,830,1,1,1,2.0,4.0,92078,M,,,92
201700047791,17,8,23,1915,1,1,1,1.0,3.0,93027,M,,,93
201700047792,17,8,24,1025,1,1,1,1.0,6.0,95572,M,4903190.0,211580.0,95
201700047793,17,8,24,1510,1,1,1,1.0,2.0,95500,M,4903790.0,208920.0,95
201700047794,17,7,9,1145,1,1,1,1.0,3.0,95527,M,4899130.0,251230.0,95
201700047795,17,8,24,2240,5,1,1,1.0,4.0,93007,M,4894424.0,243746.0,93
201700047796,17,8,25,2325,3,1,1,1.0,3.0,92036,M,4894240.0,228990.0,92
201700047797,17,8,26,640,2,1,1,5.0,3.0,95604,M,4910760.0,255170.0,95
201700047798,17,8,26,1915,1,1,1,1.0,4.0,93027,M,,,93
201700047799,17,8,27,540,4,1,1,1.0,6.0,60631,M,4915565.0,258979.0,60
201700047800,17,8,27,850,1,1,1,3.0,4.0,93064,M,4886240.0,248317.0,93
201700047801,17,8,27,800,2,1,1,2.0,6.0,95042,M,4905880.0,230290.0,95
201700047802,17,8,27,1040,1,1,1,9.0,6.0,93010,M,4888000.0,247560.0,93
201700047803,17,8,28,845,1,1,1,1.0,2.0,95351,M,4903850.0,248430.0,95
201700047804,17,8,28,1035,1,1,1,1.0,4.0,93013,M,,,93
201700047805,17,8,28,1000,1,1,1,1.0,2.0,93005,M,,,93
201700047806,17,8,28,2050,1,1,1,1.0,3.0,95582,M,4897280.0,224730.0,95
201700047807,17,8,28,920,1,1,1,1.0,2.0,93066,M,,,93
201700047808,17,8,29,2130,3,1,1,1.0,3.0,93010,M,4887850.0,247690.0,93
201700047809,17,8,29,2330,5,1,1,1.0,5.0,93066,M,4890929.0,235815.0,93
201700047810,17,8,29,1635,1,1,1,1.0,6.0,93008,M,,,93
201700047811,17,8,28,1530,1,1,1,1.0,4.0,93007,M,,,93
201700047812,17,8,28,1905,1,1,1,1.0,6.0,93007,M,,,93
201700047813,17,8,30,1645,1,1,1,1.0,2.0,93027,M,4893731.0,241125.0,93
201700047814,17,8,30,1830,1,1,1,1.0,2.0,93066,M,4892997.0,236430.0,93
201700047815,17,8,30,1730,1,1,1,1.0,4.0,93007,M,4895549.0,245885.0,93
201700047816,17,8,30,2120,3,1,1,2.0,5.0,95572,M,4903310.0,211070.0,95
201700047817,17,8,31,100,3,1,1,2.0,6.0,93066,M,4892880.0,235918.0,93
201700047818,17,8,31,45,3,1,1,2.0,6.0,92036,M,4893710.0,229520.0,92
201700047819,17,8,30,2030,4,1,1,1.0,7.0,93027,M,4893794.0,241350.0,93
201700047820,17,8,31,1750,1,1,1,1.0,4.0,93013,M,4893910.0,241768.0,93
201700047821,17,8,31,1745,1,1,1,1.0,3.0,93063,M,4887964.0,245028.0,93
201700047822,17,8,31,1740,1,1,1,1.0,2.0,93066,M,4892143.0,235739.0,93
201700047823,17,9,1,915,1,1,1,1.0,2.0,92036,M,4893830.0,229737.0,92
201700047824,17,9,1,815,1,1,1,1.0,4.0,95212,M,4902570.0,253620.0,95
201700047825,17,9,1,1550,1,1,1,1.0,3.0,93010,M,,,93
201700047826,17,9,2,715,2,1,1,1.0,6.0,95682,M,4906730.0,237810.0,95
201700047827,17,9,1,2000,5,1,1,2.0,2.0,93027,M,,,93
201700047828,17,9,2,1445,1,1,1,1.0,4.0,93078,M,,,93
201700047829,17,9,2,1730,1,1,1,1.0,6.0,95252,M,4898340.0,221860.0,95
201700047830,17,9,3,2315,4,1,1,1.0,6.0,93066,M,4892601.0,235734.0,93
201700047831,17,9,4,630,3,1,1,1.0,5.0,93039,M,,,93
201700047832,17,9,4,1130,1,1,1,1.0,2.0,92036,M,,,92
201700047833,17,9,4,1710,1,1,1,1.0,3.0,92036,M,,,92
201700047834,17,9,4,1910,1,1,1,1.0,6.0,95256,M,4905690.0,220660.0,95
201700047835,17,9,5,515,3,1,1,1.0,6.0,95563,M,4901010.0,223130.0,95
201700047836,17,9,4,2015,3,1,1,1.0,3.0,95527,M,4898610.0,250650.0,95
201700047837,17,9,6,700,2,1,1,1.0,4.0,93010,M,,,93
201700047838,17,9,6,1145,1,1,1,1.0,7.0,93053,M,,,93
201700047839,17,9,6,1700,1,1,1,1.0,2.0,93007,M,4894420.0,243720.0,93
201700047840,17,9,7,45,3,1,1,1.0,4.0,95018,M,4895010.0,228010.0,95
201700047841,17,9,7,350,3,1,1,1.0,2.0,93007,M,,,93
201700047842,17,9,7,850,1,1,1,2.0,2.0,92036,M,4893726.0,229426.0,92
201700047843,17,9,7,1400,1,1,1,1.0,6.0,93008,M,,,93
201700047844,17,9,8,1550,1,1,1,2.0,6.0,95582,M,4896390.0,226290.0,95
201700047845,17,9,8,2130,3,1,1,2.0,6.0,93066,M,4893327.0,237203.0,93
201700047846,17,9,9,120,4,1,1,3.0,1.0,93005,M,4894160.0,247856.0,93
201700047847,17,9,9,810,1,1,1,1.0,6.0,95277,M,4897350.0,248590.0,95
201700047848,17,9,9,1130,1,1,1,1.0,3.0,93005,M,,,93
201700047849,17,7,26,1235,1,1,1,1.0,6.0,95018,M,4894970.0,228010.0,95
201700047850,17,9,9,1320,1,1,1,2.0,6.0,93010,M,,,93
201700047851,17,9,9,1615,1,1,1,2.0,7.0,93064,M,,,93
201700047852,17,7,20,1240,1,1,1,1.0,3.0,95252,M,4898040.0,222540.0,95
201700047853,17,9,9,2120,3,1,1,1.0,4.0,93053,M,4888029.0,245093.0,93
201700047854,17,9,10,1100,1,1,1,1.0,2.0,93001,M,,,93
201700047855,17,9,9,1920,1,1,1,1.0,4.0,93005,M,,,93
201700047856,17,9,9,1900,1,1,1,1.0,4.0,92036,M,,,92
201700047857,17,9,10,1730,1,1,1,1.0,4.0,95527,M,4899890.0,252030.0,95
201700047858,17,9,12,950,1,1,1,2.0,4.0,93006,M,,,93
201700047859,17,9,12,1920,1,1,1,1.0,3.0,93010,M,4889111.0,247333.0,93
201700047860,17,8,20,40,3,1,1,1.0,6.0,93073,M,4896771.0,256387.0,93
201700047861,17,9,12,1830,1,1,1,2.0,3.0,93001,M,4892100.0,237060.0,93
201700047862,17,9,13,915,1,1,1,8.0,3.0,93007,M,4895062.0,244997.0,93
201700047863,17,9,13,1800,1,1,1,3.0,6.0,93064,M,,,93
201700047864,17,9,13,2300,3,1,1,3.0,6.0,95018,M,4894950.0,228010.0,95
201700047865,17,9,14,820,1,1,1,1.0,2.0,93063,M,4888107.0,245281.0,93
201700047866,17,9,14,1210,1,1,1,1.0,6.0,95241,M,4904455.0,244540.0,95
201700047867,17,9,14,1840,1,1,1,1.0,2.0,93066,M,,,93
201700047868,17,9,15,805,2,1,1,1.0,3.0,93066,M,,,93
201700047869,17,9,16,1415,1,1,1,1.0,3.0,93066,M,,,93
201700047870,17,9,16,1415,1,1,1,1.0,2.0,93010,M,,,93
201700047871,17,9,15,1330,1,1,1,1.0,4.0,93007,M,,,93
201700047872,17,9,17,30,3,1,1,1.0,4.0,93005,M,4894741.0,247600.0,93
201700047873,17,9,16,2300,3,1,1,1.0,5.0,93005,M,4895845.0,247331.0,93
201700047874,17,9,17,1140,1,1,1,1.0,6.0,95219,M,4899350.0,224580.0,95
201700047875,17,9,17,2000,3,1,1,2.0,6.0,95365,M,4906030.0,241720.0,95
201700047876,17,9,18,1600,1,1,1,8.0,2.0,93005,M,4895022.0,247749.0,93
201700047877,17,9,18,1655,1,1,1,1.0,2.0,92036,M,4894840.0,228100.0,92
201700047878,17,9,18,1800,1,1,1,2.0,2.0,93066,M,4892338.0,234666.0,93
201700047879,17,9,18,1855,1,1,1,1.0,2.0,93064,M,4888612.0,248548.0,93
201700047880,17,9,19,1015,1,1,1,2.0,4.0,95582,M,4897540.0,224130.0,95
201700047881,17,9,19,1715,1,1,1,1.0,4.0,95582,M,4896450.0,226220.0,95
201700047882,17,9,19,1840,1,1,1,1.0,2.0,95218,M,4903630.0,209490.0,95
201700047883,17,9,20,710,3,1,1,1.0,3.0,95018,M,4896220.0,226670.0,95
201700047884,17,9,20,730,2,1,1,1.0,2.0,60138,M,4921383.0,262222.0,60
201700047885,17,9,20,1015,1,1,1,1.0,3.0,93066,M,4890372.0,235855.0,93
201700047886,17,9,20,1615,1,1,1,1.0,3.0,92036,M,,,92
201700047887,17,9,20,2210,3,1,1,1.0,5.0,92036,M,4899806.0,251971.0,92
201700047888,17,9,21,320,3,1,1,1.0,3.0,93006,M,4886640.0,242416.0,93
201700047889,17,9,20,1915,1,1,1,1.0,4.0,93078,M,,,93
201700047890,17,9,21,1415,1,1,1,1.0,4.0,93007,M,,,93
201700047891,17,9,21,2230,4,1,1,1.0,6.0,93029,M,,,93
201700047892,17,9,22,915,1,1,1,1.0,4.0,93066,M,,,93
201700047893,17,9,22,1710,1,1,1,1.0,3.0,93008,M,,,93
201700047894,17,9,22,2035,3,1,1,1.0,3.0,95151,M,4906320.0,227060.0,95
201700047895,17,9,22,2015,3,1,1,1.0,5.0,93010,M,,,93
201700047896,17,9,23,800,2,1,1,1.0,6.0,93008,M,,,93
201700047897,17,9,24,735,2,1,1,1.0,3.0,93005,M,,,93
201700047898,17,9,23,1745,1,1,1,1.0,4.0,95018,M,4895150.0,227960.0,95
201700047899,17,9,23,1410,1,1,1,1.0,4.0,92036,M,4893762.0,231657.0,92
201700047900,17,9,24,2340,5,1,1,1.0,6.0,93008,M,4891010.0,244420.0,93
201700047901,17,9,24,2155,3,1,1,1.0,4.0,95277,M,4896980.0,248130.0,95
201700047902,17,9,25,900,1,1,1,1.0,4.0,92036,M,4893870.0,230960.0,92
201700047903,17,9,25,1810,1,1,1,1.0,7.0,95572,M,4904990.0,214290.0,95
201700047904,17,9,26,655,3,1,1,8.0,6.0,92036,M,4894837.0,228099.0,92
201700047905,17,9,26,915,1,1,1,1.0,2.0,93001,M,4892140.0,236900.0,93
201700047906,17,6,26,2030,1,1,1,1.0,2.0,93027,M,4892562.0,239593.0,93
201700047907,17,9,27,1015,1,1,1,1.0,2.0,93066,M,,,93
201700047908,17,9,28,810,2,1,1,2.0,2.0,95582,M,4897070.0,224910.0,95
201700047909,17,9,28,944,1,1,1,8.0,4.0,93027,M,,,93
201700047910,17,9,27,1600,1,1,1,1.0,4.0,93005,M,,,93
201700047911,17,9,28,1504,1,1,1,1.0,6.0,95582,M,4896410.0,226780.0,95
201700047912,17,9,29,900,1,1,1,1.0,7.0,93005,M,,,93
201700047913,17,9,29,2350,3,1,1,2.0,3.0,93010,M,4854400.0,228120.0,93
201700047914,17,9,30,330,5,1,1,2.0,2.0,95212,M,4902410.0,253570.0,95
201700047915,17,9,30,610,3,1,1,2.0,5.0,93078,M,,,93
201700047916,17,9,30,855,1,1,1,2.0,6.0,93005,M,,,93
201700047917,17,9,30,1110,1,1,1,1.0,3.0,93008,M,,,93
201700047918,17,9,30,1400,1,1,1,1.0,4.0,93078,M,4896735.0,251161.0,93
201700047919,17,9,30,1700,1,1,1,1.0,2.0,92036,M,4893885.0,230639.0,92
201700047920,17,9,30,15,3,1,1,2.0,6.0,95394,M,4905220.0,219640.0,95
201700047921,17,10,1,245,5,1,1,1.0,7.0,93008,M,,,93
201700047922,17,9,30,2050,3,1,1,1.0,2.0,93027,M,4892745.0,240676.0,93
201700047923,17,9,28,1300,1,1,1,1.0,2.0,93027,M,,,93
201700047924,17,10,1,1835,1,1,1,1.0,6.0,95580,M,4908060.0,255130.0,95
201700047925,17,10,1,435,3,1,1,2.0,6.0,95277,M,4897350.0,248680.0,95
201700047926,17,10,1,2355,3,1,1,8.0,3.0,92036,M,4894825.0,228108.0,92
201700047927,17,10,2,1320,1,1,1,1.0,2.0,95607,M,4902410.0,220880.0,95
201700047928,17,10,2,1630,1,1,1,1.0,2.0,93063,M,,,93
201700047929,17,10,2,415,3,1,1,2.0,6.0,93005,M,4895821.0,253034.0,93
201700047930,17,10,2,2000,2,1,1,1.0,2.0,95500,M,4903760.0,209019.0,95
201700047931,17,10,3,900,1,1,1,1.0,6.0,93008,M,,,93
201700047932,17,10,3,930,1,1,1,1.0,6.0,95018,M,4896020.0,227070.0,95
201700047933,17,10,3,800,2,1,1,1.0,2.0,95555,M,4897110.0,227560.0,95
201700047934,17,10,3,1045,1,1,1,1.0,6.0,93029,M,,,93
201700047935,17,9,22,1732,1,1,1,1.0,6.0,92036,M,,,92
201700047936,17,10,3,1725,1,1,1,1.0,4.0,95678,M,4907050.0,222160.0,95
201700047937,17,10,3,1230,1,1,1,1.0,2.0,93010,M,,,93
201700047938,17,10,4,750,3,1,1,1.0,2.0,95572,M,4903190.0,211320.0,95
201700047939,17,10,4,915,1,1,1,1.0,2.0,95582,M,4897640.0,223990.0,95
201700047940,17,10,4,830,1,1,1,1.0,3.0,93007,M,,,93
201700047941,17,10,4,1345,1,1,1,1.0,2.0,93013,M,,,93
201700047942,17,10,3,2010,3,1,1,1.0,4.0,93078,M,,,93
201700047943,17,10,4,1720,1,1,1,1.0,3.0,93053,M,,,93
201700047944,17,10,5,905,1,1,1,1.0,5.0,93078,M,,,93
201700047945,17,10,5,1720,1,1,1,2.0,2.0,95500,M,4904020.0,208320.0,95
201700047946,17,10,5,1300,1,1,1,1.0,4.0,93053,M,,,93
201700047947,17,10,6,915,1,1,1,1.0,2.0,95424,M,4899080.0,219390.0,95
201700047948,17,10,6,2120,5,1,1,1.0,2.0,95582,M,4896460.0,226970.0,95
201700047949,17,10,7,1435,1,1,1,1.0,4.0,95018,M,4895970.0,227160.0,95
201700047950,17,10,7,1555,1,1,1,1.0,6.0,95151,M,4906330.0,227090.0,95
201700047951,17,10,7,1540,1,1,1,1.0,6.0,92036,M,,,92
201700047952,17,10,7,2200,5,1,1,2.0,3.0,93066,M,4892720.0,235240.0,93
201700047953,17,10,7,2115,3,1,1,2.0,6.0,95241,M,4904710.0,243690.0,95
201700047954,17,10,7,2130,3,1,1,2.0,4.0,93063,M,4887749.0,244443.0,93
201700047955,17,10,8,1035,1,1,1,1.0,6.0,95572,M,4903180.0,211490.0,95
201700047956,17,10,8,315,3,1,1,8.0,5.0,93005,M,4892770.0,248149.0,93
201700047957,17,10,9,800,2,1,1,1.0,5.0,93008,M,,,93
201700047958,17,10,9,700,3,1,1,1.0,3.0,95018,M,4895150.0,227960.0,95
201700047959,17,10,9,1825,1,1,1,1.0,2.0,93027,M,,,93
201700047960,17,10,10,600,3,1,1,9.0,7.0,93066,M,,,93
201700047961,17,10,10,900,1,1,1,1.0,3.0,93027,M,,,93
201700047962,17,10,10,1430,1,1,1,1.0,3.0,93006,M,,,93
201700047963,17,10,10,1500,1,1,1,1.0,2.0,93010,M,,,93
201700047964,17,10,10,2255,3,1,1,1.0,2.0,95306,M,4900710.0,216230.0,95
201700047965,17,10,10,1900,2,1,1,1.0,3.0,92036,M,,,92
201700047966,17,10,11,1315,1,1,1,1.0,5.0,93013,M,4894876.0,243364.0,93
201700047967,17,10,11,1730,1,1,1,1.0,3.0,95018,M,4895980.0,227180.0,95
201700047968,17,10,11,1800,1,1,1,1.0,3.0,93005,M,4896350.0,247247.0,93
201700047969,17,10,11,1130,1,1,1,1.0,2.0,93007,M,,,93
201700047970,17,10,12,638,3,1,1,1.0,4.0,95582,M,4896580.0,225870.0,95
201700047971,17,10,12,905,1,1,1,1.0,3.0,93066,M,,,93
201700047972,17,10,13,700,3,1,1,1.0,4.0,95252,M,4897990.0,222680.0,95
201700047973,17,10,13,1400,1,1,1,1.0,2.0,93005,M,,,93
201700047974,17,10,13,1700,1,1,1,1.0,3.0,93027,M,,,93
201700047975,17,10,13,1615,1,1,1,1.0,3.0,95277,M,4897820.0,243890.0,95
201700047976,17,10,13,1645,1,1,1,1.0,2.0,95572,M,4903830.0,212440.0,95
201700047977,17,10,14,240,3,1,1,1.0,5.0,95572,M,4903070.0,212270.0,95
201700047978,17,10,13,1235,1,1,1,1.0,4.0,92036,M,4894270.0,228890.0,92
201700047979,17,10,13,1115,1,1,1,1.0,3.0,93053,M,4888419.0,246724.0,93
201700047980,17,10,14,1350,1,1,1,1.0,2.0,93066,M,,,93
201700047981,17,10,14,1745,1,1,1,1.0,4.0,93010,M,,,93
201700047982,17,10,15,400,3,1,1,1.0,7.0,95682,M,4906760.0,237940.0,95
201700047983,17,10,15,930,1,1,1,1.0,3.0,93027,M,,,93
201700047984,17,10,15,1750,1,1,1,1.0,2.0,95277,M,4897350.0,248590.0,95
201700047985,17,10,16,845,1,1,1,1.0,3.0,95394,M,4905120.0,219070.0,95
201700047986,17,10,16,1100,1,1,1,1.0,3.0,93053,M,,,93
201700047987,17,10,16,1420,1,1,1,1.0,6.0,95572,M,4903490.0,211480.0,95
201700047988,17,10,16,2110,3,1,1,1.0,3.0,95424,M,4899010.0,219620.0,95
201700047989,17,10,16,2350,5,1,1,1.0,2.0,93066,M,4891194.0,235805.0,93
201700047990,17,10,16,2030,3,1,1,1.0,4.0,95582,M,4896580.0,225870.0,95
201700047991,17,10,17,545,3,1,1,1.0,2.0,95252,M,4898340.0,221860.0,95
201700047992,17,10,17,1120,1,1,1,1.0,3.0,93005,M,,,93
201700047993,17,10,17,910,1,1,1,1.0,5.0,93064,M,,,93
201700047994,17,10,17,800,2,1,1,1.0,3.0,93066,M,,,93
201700047995,17,10,19,155,3,1,1,1.0,6.0,93005,M,,,93
201700047996,17,10,19,1900,2,1,1,1.0,5.0,93008,M,,,93
201700047997,17,10,19,2120,5,1,1,1.0,7.0,95582,M,4896470.0,227010.0,95
201700047998,17,10,20,320,3,1,1,3.0,6.0,92036,M,4893741.0,229656.0,92
201700047999,17,10,20,840,1,1,1,1.0,3.0,93013,M,,,93
201700048000,17,10,20,825,1,1,1,1.0,4.0,93005,M,,,93
201700048001,17,10,20,1750,1,1,1,1.0,2.0,93005,M,,,93
201700048002,17,10,20,1630,1,1,1,1.0,3.0,93063,M,,,93
201700048003,17,10,20,2338,5,1,1,1.0,6.0,95212,M,4902710.0,253650.0,95
201700048004,17,10,20,2124,4,1,1,1.0,5.0,93064,M,4902763.0,253605.0,93
201700048005,17,10,21,915,1,1,1,8.0,3.0,95582,M,4896330.0,226440.0,95
201700048006,17,10,18,825,1,1,1,1.0,5.0,93063,M,,,93
201700048007,17,10,22,100,3,1,1,1.0,5.0,95582,M,4896343.0,226210.0,95
201700048008,17,10,21,2015,5,1,1,1.0,2.0,93027,M,,,93
201700048009,17,10,21,1500,1,1,1,1.0,3.0,95252,M,4898690.0,220870.0,95
201700048010,17,10,21,1755,1,1,1,1.0,3.0,92036,M,,,92
201700048011,17,10,21,2010,3,1,1,1.0,4.0,93005,M,,,93
201700048012,17,10,22,1300,1,1,1,1.0,2.0,93066,M,,,93
201700048013,17,10,22,2100,4,1,1,2.0,5.0,93005,M,4894830.0,247555.0,93
201700048014,17,10,22,230,3,1,1,1.0,2.0,93006,M,4886676.0,242560.0,93
201700048015,17,10,22,2215,3,1,1,3.0,6.0,95675,M,4905750.0,255010.0,95
201700048016,17,10,23,830,1,1,1,8.0,4.0,95678,M,4907310.0,223630.0,95
201700048017,17,10,23,805,2,1,1,1.0,5.0,95018,M,4895150.0,227960.0,95
201700048018,17,10,23,826,1,1,1,2.0,2.0,95365,M,4906720.0,240010.0,95
201700048019,17,10,20,935,1,1,1,1.0,4.0,93064,M,4887242.0,248090.0,93
201700048020,17,10,23,1900,2,1,1,3.0,4.0,93005,M,4899761.0,247250.0,93
201700048021,17,10,23,2230,3,1,1,2.0,6.0,95277,M,4897350.0,248590.0,95
201700048022,17,10,23,905,1,1,1,1.0,3.0,95042,M,4906310.0,232910.0,95
201700048023,17,10,24,1035,1,1,1,2.0,7.0,93027,M,,,93
201700048024,17,10,24,800,1,1,1,2.0,2.0,93008,M,,,93
201700048025,17,10,24,1120,1,1,1,2.0,6.0,95218,M,4903550.0,209770.0,95
201700048026,17,10,24,905,1,1,1,2.0,6.0,93064,M,,,93
201700048027,17,10,24,800,2,1,1,2.0,6.0,95277,M,4897280.0,248720.0,95
201700048028,17,10,24,940,1,1,1,2.0,5.0,95582,M,4896390.0,226350.0,95
201700048029,17,10,24,1230,1,1,1,2.0,3.0,95277,M,4897350.0,248590.0,95
201700048030,17,10,23,1900,2,1,1,2.0,3.0,93066,M,4892345.0,234371.0,93
201700048031,17,10,24,1305,1,1,1,8.0,5.0,95018,M,4895040.0,227990.0,95
201700048032,17,10,24,1930,2,1,1,1.0,4.0,92078,M,4893000.0,232666.0,92
201700048033,17,10,24,1850,2,1,1,1.0,3.0,93010,M,4891126.0,247583.0,93
201700048034,17,10,24,350,3,1,1,2.0,2.0,95580,M,4908340.0,255130.0,95
201700048035,17,10,24,2145,3,1,1,1.0,3.0,93053,M,,,93
201700048036,17,10,25,130,5,1,1,1.0,2.0,93048,M,4886890.0,242910.0,93
201700048037,17,10,25,1645,1,1,1,1.0,4.0,93008,M,,,93
201700048038,17,10,25,1850,2,1,1,1.0,2.0,93066,M,,,93
201700048039,17,10,25,2235,3,1,1,1.0,6.0,95488,M,4901440.0,214650.0,95
201700048040,17,10,26,15,3,1,1,1.0,2.0,93005,M,4895858.0,246486.0,93
201700048041,17,10,26,740,3,1,1,2.0,2.0,95028,M,4906250.0,233670.0,95
201700048042,17,10,25,1840,1,1,1,1.0,2.0,95582,M,4896650.0,227320.0,95
201700048043,17,10,26,2230,3,1,1,1.0,2.0,95488,M,4902470.0,213210.0,95
201700048044,17,10,27,900,1,1,1,8.0,2.0,93010,M,,,93
201700048045,17,10,27,1420,1,1,1,1.0,6.0,95256,M,4905230.0,219660.0,95
201700048046,17,10,28,200,3,1,1,1.0,7.0,95488,M,4901120.0,215290.0,95
201700048047,17,7,9,1505,1,1,1,1.0,4.0,95572,M,4902880.0,212720.0,95
201700048048,17,10,28,705,3,1,1,1.0,2.0,95219,M,4898950.0,224410.0,95
201700048049,17,10,28,610,3,1,1,1.0,7.0,95678,M,4907070.0,224590.0,95
201700048050,17,10,29,30,4,1,1,1.0,6.0,95219,M,4899310.0,224570.0,95
201700048051,17,10,28,1930,2,1,1,1.0,4.0,95527,M,4898640.0,250820.0,95
201700048052,17,10,29,1100,1,1,1,3.0,6.0,93064,M,,,93
201700048053,17,10,30,840,1,1,1,1.0,4.0,95500,M,4903780.0,208950.0,95
201700048054,17,10,31,1910,4,1,1,1.0,4.0,95241,M,4904550.0,244850.0,95
201700048055,17,10,31,2145,3,1,1,1.0,2.0,60494,M,4913157.0,256019.0,60
201700048056,17,11,1,520,3,1,1,1.0,6.0,93064,M,4887087.0,248217.0,93
201700048057,17,11,1,730,2,1,1,1.0,6.0,93053,M,4888411.0,246003.0,93
201700048058,17,11,2,600,3,1,1,1.0,6.0,93008,M,,,93
201700048059,17,11,2,645,3,1,1,1.0,3.0,93010,M,,,93
201700048060,17,11,2,1415,1,1,1,1.0,7.0,92078,M,,,92
201700048061,17,11,3,1100,1,1,1,1.0,6.0,93005,M,,,93
201700048062,17,11,2,2030,5,1,1,1.0,4.0,95212,M,4903090.0,253920.0,95
201700048063,17,11,3,1820,3,1,1,1.0,4.0,95351,M,4903230.0,249140.0,95
201700048064,17,11,3,1845,3,1,1,1.0,4.0,95500,M,4904310.0,207790.0,95
201700048065,17,11,4,1800,1,1,1,2.0,2.0,95582,M,4897510.0,224240.0,95
201700048066,17,11,4,2345,3,1,1,2.0,2.0,95582,M,4897070.0,224930.0,95
201700048067,17,11,5,410,3,1,1,2.0,3.0,95641,M,4907570.0,255180.0,95
201700048068,17,11,5,445,3,1,1,1.0,5.0,93027,M,4892972.0,241444.0,93
201700048069,17,11,5,700,2,1,1,8.0,6.0,93066,M,,,93
201700048070,17,11,5,830,2,1,1,1.0,7.0,93027,M,,,93
201700048071,17,11,5,2000,3,1,1,1.0,2.0,95028,M,4906360.0,233190.0,95
201700048072,17,11,6,845,1,1,1,1.0,2.0,95500,M,4903670.0,209260.0,95
201700048073,17,11,6,1620,1,1,1,1.0,3.0,93053,M,,,93
201700048074,17,11,6,1825,2,1,1,1.0,3.0,93010,M,,,93
201700048075,17,11,7,905,1,1,1,1.0,2.0,95424,M,4899480.0,218340.0,95
201700048076,17,11,7,1015,1,1,1,1.0,2.0,93005,M,4893406.0,248074.0,93
201700048077,17,11,7,1635,1,1,1,1.0,2.0,93066,M,,,93
201700048078,17,11,9,535,3,1,1,1.0,3.0,93001,M,,,93
201700048079,17,11,9,1155,1,1,1,1.0,4.0,93010,M,,,93
201700048080,17,11,10,1500,1,1,1,1.0,3.0,93066,M,4911642.0,242730.0,93
201700048081,17,11,10,800,1,1,1,1.0,3.0,93066,M,,,93