Num_Acc,an,mois,jour,hrmn,lum,agg,int,atm,col,com,gps,lat,long,dep
201700048082,17,11,10,930,1,1,1,2.0,3.0,95018,M,4895840.0,227420.0,95
201700048083,17,11,10,800,2,1,1,1.0,6.0,93053,M,,,93
201700048084,17,11,11,1205,1,1,1,2.0,6.0,95018,M,4894980.0,228010.0,95
201700048085,17,11,11,1425,1,1,1,3.0,6.0,95256,M,4905110.0,218190.0,95
201700048086,17,11,11,1305,1,1,1,2.0,2.0,95256,M,4905710.0,220690.0,95
201700048087,17,11,11,1600,1,1,1,2.0,5.0,93027,M,4892696.0,240671.0,93
201700048088,17,11,11,1710,2,1,1,2.0,2.0,93053,M,4888805.0,247222.0,93
201700048089,17,11,11,1405,1,1,1,2.0,3.0,93063,M,4887500.0,244000.0,93
201700048090,17,11,12,45,3,1,1,2.0,2.0,92036,M,4893850.0,231220.0,92
201700048091,17,11,11,2125,3,1,1,2.0,5.0,93027,M,4892833.0,241177.0,93
201700048092,17,11,12,1550,1,1,1,2.0,6.0,95256,M,4905710.0,220690.0,95
201700048093,17,11,12,1530,1,1,1,8.0,3.0,95277,M,4897350.0,248590.0,95
201700048094,17,11,12,1440,1,1,1,4.0,2.0,60612,M,4920534.0,261104.0,60
201700048095,17,11,12,1000,1,1,1,3.0,6.0,95607,M,4902410.0,220910.0,95
201700048096,17,11,13,715,3,1,1,1.0,4.0,93010,M,4891898.0,247850.0,93
201700048097,17,11,12,1105,1,1,1,3.0,2.0,93027,M,4892540.0,239620.0,93
201700048098,17,11,14,845,1,1,1,1.0,2.0,93010,M,,,93
201700048099,17,11,15,840,1,1,1,1.0,3.0,93048,M,,,93
201700048100,17,11,16,1101,1,1,1,1.0,2.0,60612,M,4919364.0,260351.0,60
201700048101,17,11,16,1720,1,1,1,1.0,3.0,92036,M,4894890.0,228050.0,92
201700048102,17,11,16,1935,3,1,1,1.0,2.0,95572,M,4903550.0,211750.0,95
201700048103,17,11,17,920,1,1,1,2.0,4.0,92078,M,,,92
201700048104,17,11,17,1010,1,1,1,2.0,2.0,93008,M,,,93
201700048105,17,11,17,1000,1,1,1,8.0,7.0,92036,M,,,92
201700048106,17,11,17,1730,3,1,1,1.0,2.0,93064,M,4887611.0,247811.0,93
201700048107,17,11,17,2030,4,1,1,1.0,4.0,95252,M,4897850.0,223030.0,95
201700048108,17,11,18,1740,3,1,1,1.0,3.0,93053,M,,,93
201700048109,17,11,18,1645,1,1,1,1.0,2.0,93005,M,,,93
201700048110,17,11,19,50,5,1,1,1.0,4.0,93066,M,4891887.0,235759.0,93
201700048111,17,11,19,850,1,1,1,1.0,6.0,95277,M,4897350.0,248590.0,95
201700048112,17,11,19,945,1,1,1,1.0,6.0,95018,M,4895120.0,228010.0,95
201700048113,17,11,19,1630,1,1,1,1.0,6.0,93066,M,,,93
201700048114,17,11,19,2010,3,1,1,1.0,4.0,95582,M,4897070.0,224930.0,95
201700048115,17,11,20,1630,1,1,1,1.0,3.0,93010,M,,,93
201700048116,17,11,20,1700,1,1,1,1.0,3.0,93010,M,,,93
201700048117,17,11,20,1927,3,1,1,1.0,5.0,95241,M,4904520.0,247610.0,95
201700048118,17,11,21,755,2,1,1,1.0,5.0,95582,M,4896850.0,225130.0,95
201700048119,17,11,21,835,1,1,1,1.0,2.0,93064,M,,,93
201700048120,17,11,21,800,2,1,1,1.0,3.0,93048,M,,,93
201700048121,17,11,20,1815,3,1,1,1.0,4.0,95527,M,4898620.0,250650.0,95
201700048122,17,11,20,1900,3,1,1,1.0,2.0,95277,M,4897310.0,248710.0,95
201700048123,17,11,21,2215,3,1,1,1.0,6.0,95042,M,4906190.0,231890.0,95
201700048124,17,11,22,830,1,1,1,1.0,3.0,93005,M,,,93
201700048125,17,11,22,830,1,1,1,1.0,3.0,95252,M,4897630.0,223610.0,95
201700048126,17,11,22,1030,1,1,1,1.0,2.0,93005,M,,,93
201700048127,17,11,22,1800,5,1,1,1.0,2.0,93066,M,4892457.0,235700.0,93
201700048128,17,11,23,945,1,1,1,1.0,7.0,93006,M,,,93
201700048129,17,11,23,1500,1,1,1,2.0,6.0,93006,M,4886434.0,241472.0,93
201700048130,17,11,23,2300,3,1,1,3.0,6.0,93010,M,4891356.0,247719.0,93
201700048131,17,11,23,2130,3,1,1,2.0,2.0,93064,M,,,93
201700048132,17,11,24,430,3,1,1,2.0,6.0,93006,M,4886552.0,242035.0,93
201700048133,17,11,23,2015,3,1,1,1.0,4.0,93027,M,4893942.0,241922.0,93
201700048134,17,11,24,940,1,1,1,2.0,6.0,93001,M,4892629.0,240322.0,93
201700048135,17,11,24,900,1,1,1,8.0,5.0,92036,M,4894933.0,228095.0,92
201700048136,17,11,24,830,2,1,1,8.0,3.0,95678,M,4907280.0,222770.0,95
201700048137,17,11,24,1810,5,1,1,1.0,2.0,93008,M,,,93
201700048138,17,11,25,930,1,1,1,1.0,6.0,95394,M,4905010.0,218160.0,95
201700048139,17,11,24,1940,3,1,1,1.0,4.0,95555,M,4897680.0,228290.0,95
201700048140,17,11,24,2000,3,1,1,1.0,2.0,93039,M,,,93
201700048141,17,11,24,2050,3,1,1,1.0,2.0,93005,M,,,93
201700048142,17,11,24,2300,3,1,1,1.0,4.0,93064,M,4888370.0,247570.0,93
201700048143,17,11,26,340,3,1,1,1.0,6.0,95365,M,4906390.0,241110.0,95
201700048144,17,11,27,1630,1,1,1,3.0,2.0,95394,M,4905190.0,215420.0,95
201700048145,17,11,27,1930,3,1,1,3.0,2.0,95572,M,4903370.0,211160.0,95
201700048146,17,11,28,55,4,1,1,2.0,6.0,93013,M,4894230.0,243200.0,93
201700048147,17,11,26,2020,3,1,1,1.0,4.0,93029,M,,,93
201700048148,17,11,27,1940,3,1,1,2.0,5.0,93008,M,,,93
201700048149,17,11,28,1745,3,1,1,2.0,3.0,95500,M,4903840.0,208690.0,95
201700048150,17,11,29,30,3,1,1,2.0,3.0,95277,M,4897310.0,248690.0,95
201700048151,17,11,28,1800,3,1,1,8.0,6.0,93064,M,4886216.0,248333.0,93
201700048152,17,11,30,1415,1,1,1,1.0,4.0,93066,M,4892116.0,235732.0,93
201700048153,17,12,1,340,3,1,1,1.0,2.0,93006,M,4886893.0,242885.0,93
201700048154,17,12,1,1030,1,1,1,1.0,7.0,93053,M,4887702.0,244353.0,93
201700048155,17,12,1,1640,1,1,1,1.0,4.0,93005,M,,,93
201700048156,17,12,1,2320,3,1,1,1.0,6.0,93010,M,,,93
201700048157,17,12,1,2140,3,1,1,1.0,4.0,95277,M,4897640.0,248010.0,95
201700048158,17,12,1,2030,5,1,1,1.0,2.0,95527,M,4901590.0,253140.0,95
201700048159,17,12,2,950,1,1,1,1.0,3.0,93008,M,,,93
201700048160,17,11,29,845,2,1,1,1.0,2.0,93064,M,,,93
201700048161,17,12,2,2240,4,1,1,1.0,6.0,95491,M,4900110.0,224620.0,95
201700048162,17,12,3,300,3,1,1,1.0,2.0,93053,M,4888418.0,246988.0,93
201700048163,17,12,3,430,4,1,1,1.0,6.0,95218,M,4903530.0,209760.0,95
201700048164,17,12,3,220,3,1,1,5.0,6.0,95018,M,4896230.0,226650.0,95
201700048165,17,12,2,1950,3,1,1,1.0,4.0,92078,M,,,92
201700048166,17,12,3,1440,1,1,1,3.0,6.0,95277,M,4897350.0,248590.0,95
201700048167,17,12,3,1700,2,1,1,2.0,6.0,95277,M,4897350.0,248590.0,95
201700048168,17,12,3,2145,3,1,1,2.0,2.0,92036,M,4894960.0,228070.0,92
201700048169,17,12,4,120,3,1,1,2.0,5.0,93027,M,4892851.0,241278.0,93
201700048170,17,12,3,1415,1,1,1,1.0,2.0,93064,M,,,93
201700048171,17,12,3,1615,1,1,1,2.0,4.0,93010,M,,,93
201700048172,17,12,4,1455,1,1,1,1.0,7.0,60494,M,4913870.0,256826.0,60
201700048173,17,12,3,1530,1,1,1,2.0,3.0,95424,M,4898930.0,220030.0,95
201700048174,17,12,4,1645,1,1,1,1.0,2.0,95607,M,4902100.0,221130.0,95
201700048175,17,12,5,1845,3,1,1,1.0,3.0,93006,M,4886622.0,242321.0,93
201700048176,17,12,5,1945,3,1,1,1.0,6.0,95252,M,4898530.0,221420.0,95
201700048177,17,12,6,730,3,1,1,1.0,5.0,93010,M,4890388.0,247152.0,93
201700048178,17,12,6,1455,1,1,1,1.0,3.0,93053,M,,,93
201700048179,17,12,3,1215,1,1,1,2.0,3.0,95488,M,4902440.0,213270.0,95
201700048180,17,12,7,835,2,1,1,1.0,4.0,95018,M,4895610.0,227730.0,95
201700048181,17,12,5,1300,1,1,1,1.0,5.0,93005,M,,,93
201700048182,17,12,4,1040,1,1,1,5.0,6.0,95176,M,4898890.0,220160.0,95
201700048183,17,12,8,1430,1,1,1,8.0,6.0,95018,M,4895860.0,227390.0,95
201700048184,17,12,5,1120,1,1,1,1.0,6.0,93007,M,,,93
201700048185,17,12,8,2310,3,1,1,4.0,3.0,95241,M,4904510.0,247660.0,95
201700048186,17,12,9,130,3,1,1,4.0,6.0,95018,M,4895790.0,227530.0,95
201700048187,17,12,9,845,1,1,1,1.0,7.0,95582,M,4896450.0,226210.0,95
201700048188,17,12,9,845,1,1,1,1.0,7.0,95582,M,4896490.0,226110.0,95
201700048189,17,12,9,1015,1,1,1,1.0,4.0,93066,M,,,93
201700048190,17,12,10,50,4,1,1,3.0,5.0,93005,M,4897256.0,248616.0,93
201700048191,17,12,10,300,3,1,1,2.0,2.0,95252,M,4898690.0,220920.0,95
201700048192,17,12,10,745,3,1,1,3.0,6.0,95365,M,4906580.0,240640.0,95
201700048193,17,12,10,900,1,1,1,3.0,6.0,95582,M,4896640.0,225610.0,95
201700048194,17,12,10,2320,3,1,1,1.0,6.0,93027,M,4892831.0,241235.0,93
201700048195,17,12,11,45,3,1,1,9.0,6.0,95582,M,4897490.0,224280.0,95
201700048196,17,12,10,1130,1,1,1,2.0,3.0,93027,M,,,93
201700048197,17,12,11,440,3,1,1,3.0,6.0,95582,M,4896610.0,225720.0,95
201700048198,17,12,11,840,1,1,1,1.0,6.0,95212,M,4902590.0,253640.0,95
201700048199,17,12,11,550,3,1,1,3.0,3.0,93010,M,,,93
201700048200,17,12,10,2050,3,1,1,3.0,4.0,93053,M,4888394.0,246779.0,93
201700048201,17,12,10,1940,3,1,1,2.0,3.0,93027,M,4892863.0,241408.0,93
201700048202,17,12,11,1415,1,1,1,8.0,6.0,92036,M,4893949.0,229883.0,92
201700048203,17,12,11,1900,3,1,1,1.0,4.0,93066,M,4893161.0,236973.0,93
201700048204,17,12,11,1620,1,1,1,2.0,3.0,93005,M,4895987.0,247346.0,93
201700048205,17,12,12,700,3,1,1,1.0,2.0,95394,M,4905180.0,218250.0,95
201700048206,17,12,12,545,4,1,1,1.0,7.0,95394,M,4905090.0,218960.0,95
201700048207,17,12,12,1550,1,1,1,1.0,6.0,95678,M,4907140.0,224470.0,95
201700048208,17,12,12,1200,1,1,1,1.0,4.0,93053,M,4889050.0,247381.0,93
201700048209,17,12,13,2310,3,1,1,2.0,6.0,93005,M,,,93
201700048210,17,12,3,2240,3,1,1,2.0,6.0,95018,M,4895860.0,227390.0,95
201700048211,17,12,14,330,3,1,1,8.0,5.0,60138,M,4921100.0,261750.0,60
201700048212,17,12,13,1915,3,1,1,2.0,6.0,93066,M,,,93
201700048213,17,12,14,1900,3,1,1,2.0,2.0,92078,M,,,92
201700048214,17,12,14,2150,4,1,1,2.0,6.0,93064,M,4888623.0,247297.0,93
201700048215,17,12,15,715,3,1,1,1.0,2.0,93078,M,,,93
201700048216,17,12,15,1000,1,1,1,1.0,4.0,93005,M,,,93
201700048217,17,12,8,1600,1,1,1,2.0,4.0,95028,M,4906370.0,233430.0,95
201700048218,17,12,14,1845,3,1,1,2.0,3.0,93053,M,,,93
201700048219,17,12,16,105,3,1,1,1.0,3.0,95277,M,4897840.0,249540.0,95
201700048220,17,12,16,345,4,1,1,2.0,6.0,95018,M,4895330.0,227910.0,95
201700048221,17,12,15,1715,3,1,1,2.0,3.0,95488,M,4902110.0,213680.0,95
201700048222,17,12,15,2100,3,1,1,2.0,3.0,93027,M,,,93
201700048223,17,12,17,150,3,1,1,2.0,6.0,92078,M,4892650.0,233667.0,92
201700048224,17,12,17,830,2,1,1,2.0,5.0,93027,M,,,93
201700048225,17,12,16,920,1,1,1,1.0,6.0,95218,M,4903580.0,209660.0,95
201700048226,17,12,16,1800,3,1,1,1.0,2.0,93006,M,4886584.0,241697.0,93
201700048227,17,12,17,1450,1,1,1,8.0,6.0,95491,M,4900480.0,224520.0,95
201700048228,17,12,17,1350,1,1,1,1.0,2.0,95219,M,4899450.0,224610.0,95
201700048229,17,12,17,1800,3,1,1,2.0,4.0,95042,M,4906290.0,232840.0,95
201700048230,17,12,17,2300,3,1,1,3.0,6.0,95365,M,4906590.0,240530.0,95
201700048231,17,12,17,1745,3,1,1,8.0,2.0,95582,M,4896758.0,223860.0,95
201700048232,17,12,17,2015,3,1,1,2.0,4.0,92036,M,4893508.0,232016.0,92
201700048233,17,12,17,1900,3,1,1,2.0,4.0,93005,M,4896982.0,248130.0,93
201700048234,17,12,18,1900,3,1,1,1.0,2.0,93064,M,,,93
201700048235,17,12,18,2340,3,1,1,1.0,2.0,95675,M,4905790.0,255010.0,95
201700048236,17,12,19,845,2,1,1,5.0,3.0,95424,M,4899120.0,219280.0,95
201700048237,17,12,19,945,1,1,1,1.0,4.0,93048,M,4886920.0,242902.0,93
201700048238,17,12,18,1815,4,1,1,1.0,4.0,95241,M,4905080.0,243010.0,95
201700048239,17,12,18,1930,3,1,1,1.0,4.0,95582,M,4896810.0,225230.0,95
201700048240,17,12,18,2030,3,1,1,1.0,2.0,93001,M,,,93
201700048241,17,12,20,735,5,1,1,1.0,7.0,95582,M,4897320.0,224620.0,95
201700048242,17,12,20,800,2,1,1,1.0,3.0,93064,M,4886581.0,248171.0,93
201700048243,17,12,18,940,1,1,1,1.0,3.0,93027,M,,,93
201700048244,17,12,17,945,1,1,1,5.0,6.0,95277,M,4897350.0,248590.0,95
201700048245,17,12,20,1335,1,1,1,2.0,3.0,93073,M,,,93
201700048246,17,12,20,1800,3,1,1,8.0,2.0,93005,M,,,93
201700048247,17,12,21,650,3,1,1,2.0,2.0,95256,M,4905510.0,220190.0,95
201700048248,17,12,20,1745,2,1,1,2.0,2.0,93005,M,,,93
201700048249,17,12,21,1430,1,1,1,2.0,2.0,93078,M,,,93
201700048250,17,12,20,2005,3,1,1,2.0,2.0,95394,M,4905180.0,219530.0,95
201700048251,17,12,22,915,1,1,1,2.0,6.0,95306,M,4900880.0,215830.0,95
201700048252,17,12,22,1315,1,1,1,2.0,6.0,95306,M,4899520.0,218230.0,95
201700048253,17,12,19,1240,1,1,1,2.0,6.0,95424,M,4899440.0,218370.0,95
201700048254,17,12,23,345,3,1,1,2.0,6.0,92036,M,4893880.0,229440.0,92
201700048255,17,12,21,1520,1,1,1,2.0,6.0,95394,M,4905220.0,218410.0,95
201700048256,17,12,22,1850,3,1,1,2.0,3.0,93064,M,4887955.0,247600.0,93
201700048257,17,12,23,1355,1,1,1,1.0,4.0,95678,M,4907290.0,223190.0,95
201700048258,17,12,24,18,3,1,1,1.0,6.0,95277,M,4897280.0,248720.0,95
201700048259,17,12,24,545,3,1,1,1.0,6.0,93005,M,4897289.0,249183.0,93
201700048260,17,12,24,1620,1,1,1,1.0,2.0,95018,M,4895920.0,227320.0,95
201700048261,17,12,24,1742,5,1,1,1.0,6.0,95641,M,4906910.0,255250.0,95
201700048262,17,12,25,1755,2,1,1,1.0,4.0,93066,M,,,93
201700048263,17,12,26,940,1,1,1,1.0,6.0,95572,M,4903220.0,211130.0,95
201700048264,17,12,22,1140,1,1,1,2.0,6.0,95582,M,4896390.0,226780.0,95
201700048265,17,12,26,1550,1,1,1,1.0,4.0,93027,M,,,93
201700048266,17,12,26,2115,4,1,1,2.0,7.0,92036,M,4893890.0,229420.0,92
201700048267,17,12,27,540,3,1,1,2.0,6.0,92078,M,,,92
201700048268,17,12,27,915,1,1,1,1.0,6.0,93064,M,,,93
201700048269,17,12,27,1000,1,1,1,3.0,2.0,95678,M,4907030.0,224710.0,95
201700048270,17,12,27,2200,4,1,1,1.0,6.0,93078,M,4896350.0,252173.0,93
201700048271,17,12,27,2312,3,1,1,1.0,2.0,95018,M,4895850.0,227410.0,95
201700048272,17,12,26,1710,3,1,1,1.0,4.0,93066,M,,,93
201700048273,17,12,28,1445,1,1,1,1.0,6.0,95028,M,4905990.0,235460.0,95
201700048274,17,12,28,1630,1,1,1,1.0,4.0,93066,M,4891638.0,235758.0,93
201700048275,17,12,29,1630,1,1,1,2.0,6.0,95582,M,4896320.0,226460.0,95
201700048276,17,12,29,2215,3,1,1,1.0,3.0,95572,M,4903550.0,211750.0,95
201700048277,17,12,30,710,3,1,1,2.0,6.0,95256,M,4905820.0,220910.0,95
201700048278,17,12,30,700,3,1,1,2.0,6.0,92036,M,4893574.0,228728.0,92
201700048279,17,12,30,920,1,1,1,1.0,6.0,93027,M,4892855.0,241366.0,93
201700048280,17,12,27,1152,1,1,1,2.0,6.0,95582,M,4896320.0,226460.0,95
201700048281,17,12,30,1500,1,1,1,2.0,4.0,95527,M,4898830.0,250870.0,95
201700048282,17,12,30,1545,1,1,1,2.0,3.0,93005,M,,,93
201700048283,17,12,30,1405,1,1,1,2.0,6.0,95277,M,4898160.0,249950.0,95
201700048284,17,12,30,1750,3,1,1,2.0,6.0,95277,M,4898160.0,249950.0,95
201700048285,17,12,30,2200,5,1,1,1.0,4.0,93066,M,4891916.0,235737.0,93
201700048286,17,12,30,1120,1,1,1,2.0,3.0,95572,M,4903830.0,212430.0,95
201700048287,17,12,31,1735,3,1,1,2.0,6.0,95277,M,4897350.0,248590.0,95
201700048288,17,1,1,1725,3,1,1,8.0,4.0,92036,M,,,92
201700048289,17,1,1,2110,3,1,1,1.0,6.0,78402,M,,,78
201700048290,17,1,4,805,3,1,1,8.0,2.0,78418,M,,,78
201700048291,17,1,4,1009,1,1,1,8.0,6.0,92025,M,,,92
201700048292,17,1,4,1240,1,1,1,8.0,7.0,78238,M,,,78
201700048293,17,1,4,1409,1,1,1,1.0,6.0,92063,M,,,92
201700048294,17,1,6,100,3,1,1,2.0,6.0,78640,M,,,78
201700048295,17,1,6,121,3,1,1,1.0,6.0,92047,M,,,92
201700048296,17,1,6,1720,3,1,1,1.0,1.0,92050,M,,,92
201700048297,17,1,9,1701,1,1,1,8.0,2.0,78206,M,,,78
201700048298,17,1,10,847,1,1,1,2.0,6.0,78297,M,,,78
201700048299,17,1,10,1420,1,1,1,2.0,2.0,92050,M,,,92
201700048300,17,1,12,1705,3,1,1,3.0,5.0,78423,M,,,78
201700048301,17,1,13,215,3,1,1,1.0,5.0,92048,M,,,92
201700048302,17,1,13,1747,5,2,1,1.0,2.0,92062,M,4888640.0,325100.0,92
201700048303,17,1,14,2045,3,1,1,1.0,2.0,92047,M,,,92
201700048304,17,1,14,2110,5,1,1,1.0,2.0,78124,M,,,78
201700048305,17,1,16,1125,1,1,1,1.0,6.0,92050,M,,,92
201700048306,17,1,16,1940,5,1,1,1.0,5.0,92050,M,,,92
201700048307,17,1,17,1200,1,1,1,1.0,2.0,78466,M,,,78
201700048308,17,1,17,1730,3,1,1,1.0,7.0,78043,M,4884057.0,209349.0,78
201700048309,17,1,19,1625,1,1,1,1.0,1.0,78217,M,,,78
201700048310,17,1,20,1512,1,1,1,1.0,4.0,78640,M,,,78
201700048311,17,1,20,1913,5,1,1,1.0,2.0,92064,M,,,92
201700048312,17,1,20,2125,3,1,1,1.0,3.0,78165,M,,,78
201700048313,17,1,21,1540,1,1,1,1.0,6.0,92025,M,,,92
201700048314,17,1,22,541,3,1,1,1.0,6.0,75116,M,,,75
201700048315,17,1,22,2105,5,1,1,1.0,6.0,78396,M,,,78
201700048316,17,1,22,2300,3,1,1,1.0,6.0,92047,M,,,92
201700048317,17,1,24,750,1,1,1,5.0,6.0,78140,M,4896260.0,192760.0,78
201700048318,17,1,24,900,1,1,1,8.0,6.0,78498,M,4891883.0,200433.0,78
201700048319,17,1,26,1407,1,1,1,1.0,4.0,92072,M,,,92
201700048320,17,1,26,1725,1,1,1,1.0,2.0,78362,M,,,78
201700048321,17,1,27,622,3,1,1,1.0,6.0,78165,M,,,78
201700048322,17,1,27,1725,5,1,1,1.0,4.0,92036,M,,,92
201700048323,17,1,28,1305,1,1,1,1.0,6.0,78423,M,4879063.0,205737.0,78
201700048324,17,1,28,1950,3,1,1,1.0,2.0,78646,M,,,78
201700048325,17,1,29,453,3,1,1,1.0,6.0,92064,M,,,92
201700048326,17,1,29,650,3,1,1,1.0,2.0,92047,M,,,92
201700048327,17,1,30,442,3,1,1,8.0,4.0,78029,M,,,78
201700048328,17,1,30,820,1,1,1,1.0,4.0,92050,M,,,92
201700048329,17,1,30,2347,3,1,1,1.0,1.0,78206,M,,,78
201700048330,17,1,31,720,1,1,1,2.0,4.0,78126,M,,,78
201700048331,17,1,30,821,1,1,1,2.0,3.0,78043,M,,,78
201700048332,17,1,31,945,1,1,1,2.0,6.0,92025,M,,,92
201700048333,17,1,31,1517,1,1,1,1.0,5.0,78090,M,,,78
201700048334,17,2,2,825,1,1,1,1.0,1.0,78423,M,,,78
201700048335,17,2,2,1346,1,1,1,1.0,2.0,92050,M,,,92
201700048336,17,2,3,1550,1,1,1,1.0,5.0,78455,M,,,78
201700048337,17,2,3,1735,2,1,1,2.0,4.0,78418,M,4891420.0,215110.0,78
201700048338,17,2,3,1930,3,1,1,1.0,7.0,78640,M,,,78
201700048339,17,2,4,1830,5,1,1,2.0,6.0,92064,M,,,92
201700048340,17,2,4,2055,3,1,1,1.0,5.0,78140,M,,,78
201700048341,17,2,5,1220,1,1,1,1.0,6.0,92036,M,,,92
201700048342,17,2,6,2031,5,1,1,1.0,2.0,92048,M,,,92
201700048343,17,2,7,1410,1,1,1,1.0,7.0,92072,M,,,92
201700048344,17,2,8,450,5,1,1,1.0,6.0,78217,M,,,78
201700048345,17,2,8,630,3,1,1,1.0,6.0,78571,M,,,78
201700048346,17,2,9,1700,1,1,1,1.0,3.0,92050,M,,,92
201700048347,17,2,9,1820,1,1,1,1.0,1.0,92064,M,,,92
201700048348,17,2,11,1048,1,1,1,1.0,6.0,92050,M,,,92
201700048349,17,2,12,2125,1,1,1,1.0,6.0,92063,M,,,92
201700048350,17,2,13,915,1,1,1,1.0,4.0,92036,M,4893740.0,222950.0,92
201700048351,17,2,13,1945,2,1,1,1.0,7.0,78646,M,4878860.0,213260.0,78
201700048352,17,2,14,1635,1,1,1,1.0,2.0,78217,M,4896450.0,182270.0,78
201700048353,17,2,14,1820,3,1,1,1.0,6.0,78158,M,,,78
201700048354,17,2,14,1845,2,1,1,1.0,4.0,78238,M,4997060.0,187950.0,78
201700048355,17,2,15,740,2,1,1,1.0,6.0,92036,M,,,92
201700048356,17,2,16,830,1,1,1,1.0,4.0,78466,M,,,78
201700048357,17,2,16,852,1,1,1,1.0,3.0,92025,M,4893240.0,224800.0,92
201700048358,17,2,16,1233,1,1,1,1.0,2.0,92064,M,,,92
201700048359,17,2,18,918,1,1,1,5.0,6.0,92036,M,4893740.0,229650.0,92
201700048360,17,2,18,1300,1,1,1,1.0,1.0,78640,M,4879220.0,221950.0,78
201700048361,17,2,20,950,1,1,1,1.0,1.0,78490,M,4880000.0,195280.0,78
201700048362,17,2,20,1926,4,1,1,1.0,3.0,78640,M,4880890.0,221210.0,78
201700048363,17,2,20,2020,3,1,1,1.0,4.0,78640,M,4878060.0,217570.0,78
201700048364,17,2,21,1042,1,1,1,1.0,2.0,78238,M,4897038.0,187158.0,78
201700048365,17,2,22,1910,3,1,1,1.0,6.0,78090,M,4897040.0,190230.0,78
201700048366,17,2,22,2100,5,1,1,1.0,2.0,92025,M,4893060.0,224350.0,92
201700048367,17,2,23,830,1,1,1,1.0,3.0,78126,M,4883720.0,212607.0,78
201700048368,17,2,23,1824,4,1,1,1.0,4.0,92050,M,4890192.0,220341.0,92
201700048369,17,2,24,735,2,1,1,1.0,2.0,78646,M,4878960.0,212670.0,78
201700048370,17,2,24,820,1,1,1,1.0,1.0,78117,M,4878897.0,213130.0,78
201700048371,17,2,24,915,1,1,1,1.0,2.0,78466,M,4893080.0,198104.0,78
201700048372,17,2,24,1920,2,1,1,1.0,4.0,78206,M,4895330.0,193999.0,78
201700048373,17,2,26,940,1,1,1,1.0,1.0,78545,M,4881247.0,205785.0,78
201700048374,17,2,26,2030,4,1,1,1.0,2.0,92036,M,4892061.0,230641.0,92
201700048375,17,2,27,742,1,1,1,1.0,5.0,78640,M,4877979.0,218844.0,78
201700048376,17,2,27,1925,3,1,1,1.0,3.0,78490,M,4880140.0,194320.0,78
201700048377,17,2,27,1942,5,1,1,1.0,7.0,92036,M,4892960.0,230240.0,92
201700048378,17,2,27,2210,4,1,1,2.0,6.0,78117,M,4878838.0,213712.0,78
201700048379,17,2,28,1128,1,1,1,2.0,6.0,78423,M,4879528.0,204592.0,78
201700048380,17,3,1,2253,4,1,1,1.0,6.0,92050,M,4889934.0,219998.0,92
201700048381,17,3,2,1230,1,1,1,1.0,1.0,92064,M,4893794.0,229692.0,92
201700048382,17,3,3,1838,2,1,1,1.0,4.0,92036,M,4893502.0,226744.0,92
201700048383,17,3,4,2351,5,1,1,1.0,6.0,92064,M,4883891.0,221391.0,92
201700048384,17,3,4,621,5,1,1,1.0,1.0,92026,M,4889156.0,225821.0,92
201700048385,17,3,6,553,3,1,1,1.0,2.0,78291,M,,,78
201700048386,17,3,7,740,1,1,1,1.0,3.0,92036,M,4893794.0,229620.0,92
201700048387,17,3,7,1651,1,1,1,1.0,5.0,92026,M,4888818.0,225407.0,92
201700048388,17,3,7,1831,1,1,1,1.0,2.0,92025,M,4893249.0,224893.0,92
201700048389,17,3,8,719,4,1,1,1.0,3.0,78490,M,4880137.0,195095.0,78
201700048390,17,3,8,824,1,1,1,1.0,4.0,92050,M,,,92
201700048391,17,3,9,703,2,1,1,2.0,2.0,78571,M,4886821.0,203203.0,78
201700048392,17,3,9,2152,3,1,1,1.0,2.0,78571,M,4886783.0,203257.0,78
201700048393,17,3,9,2143,4,1,1,1.0,6.0,78640,M,4878118.0,216917.0,78
201700048394,17,3,10,405,3,1,1,2.0,5.0,78043,M,4883450.0,208692.0,78
201700048395,17,3,10,1717,1,1,1,1.0,3.0,78640,M,,,78
201700048396,17,3,11,1152,1,1,1,1.0,3.0,78423,M,4879007.0,220583.0,78
201700048397,17,3,11,2220,4,1,1,1.0,2.0,92072,M,4882326.0,222221.0,92
201700048398,17,3,12,830,1,1,1,1.0,7.0,92050,M,4890013.0,220230.0,92
201700048399,17,3,13,1020,1,1,1,1.0,2.0,92064,M,4883983.0,220870.0,92
201700048400,17,3,13,1355,1,1,1,1.0,1.0,92036,M,4893006.0,230315.0,92
201700048401,17,3,14,846,1,1,1,1.0,5.0,78158,M,,,78
201700048402,17,3,15,25,3,1,1,1.0,3.0,78423,M,4879153.0,203939.0,78
201700048403,17,3,15,1200,1,1,1,1.0,6.0,78490,M,4880165.0,194482.0,78
201700048404,17,3,15,1634,1,1,1,1.0,3.0,92025,M,4893097.0,224437.0,92
201700048405,17,3,15,1805,1,1,1,1.0,1.0,78545,M,4881098.0,205629.0,78
201700048406,17,3,16,800,1,1,1,1.0,4.0,78490,M,4880119.0,195182.0,78
201700048407,17,3,16,910,1,1,1,1.0,5.0,92050,M,4890060.0,220147.0,92
201700048408,17,3,16,944,1,1,1,1.0,1.0,92051,M,,,92
201700048409,17,3,17,859,1,1,1,1.0,2.0,78242,M,4880761.0,205289.0,78
201700048410,17,3,17,1805,1,1,1,1.0,5.0,92064,M,4883892.0,221391.0,92
201700048411,17,3,18,1,4,1,1,1.0,2.0,78238,M,4896976.0,186687.0,78