Num_Acc,an,mois,jour,hrmn,lum,agg,int,atm,col,com,gps,lat,long,dep
201700048412,17,3,19,1130,1,1,1,1.0,6.0,78090,M,4897022.0,190438.0,78
201700048413,17,3,20,848,1,1,1,1.0,2.0,75116,M,4884839.0,224852.0,75
201700048414,17,3,20,1020,1,1,1,1.0,3.0,92048,M,,,92
201700048415,17,3,21,159,3,1,9,9.0,6.0,78646,M,4879089.0,210671.0,78
201700048416,17,3,21,745,5,1,1,1.0,3.0,92050,M,4889993.0,220954.0,92
201700048417,17,3,21,840,1,1,1,1.0,2.0,92050,M,4890297.0,218827.0,92
201700048418,17,3,22,735,1,1,1,1.0,1.0,92047,M,,,92
201700048419,17,3,22,1140,1,1,1,1.0,2.0,92023,M,,,92
201700048420,17,3,23,1737,1,1,1,1.0,3.0,78423,M,4879071.0,205731.0,78
201700048421,17,3,24,24,3,1,1,2.0,6.0,78322,M,4878110.0,217148.0,78
201700048422,17,3,24,814,1,1,1,2.0,3.0,92036,M,4893828.0,229891.0,92
201700048423,17,3,24,1125,1,1,1,1.0,6.0,92064,M,,,92
201700048424,17,3,24,1730,1,1,1,1.0,3.0,78466,M,4893464.0,196717.0,78
201700048425,17,3,25,517,3,1,1,1.0,6.0,78545,M,4880761.0,205296.0,78
201700048426,17,3,25,630,2,1,1,1.0,3.0,78165,M,4880050.0,197357.0,78
201700048427,17,3,25,1421,1,1,1,1.0,1.0,78043,M,4883693.0,208999.0,78
201700048428,17,3,25,1726,1,1,1,1.0,5.0,92025,M,4852100.0,190220.0,92
201700048429,17,3,26,1310,1,1,1,1.0,4.0,92064,M,4883900.0,221205.0,92
201700048430,17,3,26,1639,1,1,1,1.0,4.0,92064,M,4883900.0,221201.0,92
201700048431,17,3,26,1745,1,1,1,1.0,2.0,92036,M,4893481.0,228460.0,92
201700048432,17,3,26,2245,5,1,1,1.0,7.0,92051,M,4888250.0,226674.0,92
201700048433,17,3,27,748,1,1,1,1.0,2.0,78158,M,4883259.0,213854.0,78
201700048434,17,3,27,1455,1,1,1,1.0,2.0,92036,M,4893603.0,228776.0,92
201700048435,17,3,27,2008,2,1,1,1.0,3.0,78498,M,4891523.0,200541.0,78
201700048436,17,3,28,738,1,1,1,1.0,3.0,78646,M,4878876.0,213233.0,78
201700048437,17,3,28,733,1,1,1,1.0,6.0,78362,M,4897893.0,170947.0,78
201700048438,17,3,28,830,1,1,1,1.0,2.0,78490,M,4880067.0,194044.0,78
201700048439,17,3,28,1818,1,1,1,1.0,6.0,78206,M,4895590.0,193680.0,78
201700048440,17,3,31,1147,1,1,1,1.0,2.0,78140,M,4896537.0,192398.0,78
201700048441,17,3,31,1458,1,1,1,1.0,1.0,92036,M,4893475.0,226850.0,92
201700048442,17,4,1,1745,1,1,1,1.0,3.0,92063,M,4887636.0,216142.0,92
201700048443,17,4,2,1555,1,1,1,1.0,4.0,92036,M,4892200.0,305700.0,92
201700048444,17,4,2,1700,1,1,1,1.0,2.0,92063,M,4887538.0,216005.0,92
201700048445,17,4,3,130,4,1,1,1.0,4.0,92036,M,4892422.0,230467.0,92
201700048446,17,4,4,2300,4,1,1,1.0,2.0,78646,M,4878956.0,212668.0,78
201700048447,17,4,6,1040,1,1,1,1.0,4.0,92036,M,4893600.0,229000.0,92
201700048448,17,4,6,1839,1,1,1,1.0,2.0,78640,M,4878020.0,-218480.0,78
201700048449,17,4,6,1848,1,1,1,1.0,6.0,78466,M,4893161.0,197813.0,78
201700048450,17,4,7,1858,1,1,1,1.0,2.0,92064,M,4883987.0,220752.0,92
201700048451,17,4,8,1155,1,1,1,1.0,5.0,92025,M,4893270.0,224970.0,92
201700048452,17,4,8,1646,1,1,1,1.0,4.0,92036,M,4893760.0,229660.0,92
201700048453,17,4,9,1146,1,1,1,1.0,5.0,78043,M,4884550.0,208470.0,78
201700048454,17,4,9,2152,3,1,1,1.0,6.0,78646,M,4878588.0,213180.0,78
201700048455,17,4,11,1920,1,1,1,1.0,2.0,92064,M,4883905.0,221201.0,92
201700048456,17,4,12,115,3,1,1,1.0,2.0,92051,M,4888589.0,225650.0,92
201700048457,17,4,12,950,1,1,1,1.0,2.0,92062,M,4888794.0,225163.0,92
201700048458,17,4,12,2335,4,1,1,1.0,2.0,92047,M,4883360.0,216269.0,92
201700048459,17,4,14,1315,1,1,1,1.0,4.0,78498,M,,,78
201700048460,17,4,14,1425,1,1,1,1.0,2.0,92036,M,4892243.0,230559.0,92
201700048461,17,4,14,1843,1,1,1,1.0,3.0,92025,M,,,92
201700048462,17,4,16,1520,1,1,1,1.0,5.0,92036,M,4893018.0,230231.0,92
201700048463,17,4,17,829,1,1,1,1.0,6.0,78423,M,4879135.0,203921.0,78
201700048464,17,4,18,1115,1,1,1,1.0,2.0,92047,M,4820000.0,220000.0,92
201700048465,17,4,18,1607,1,1,1,1.0,4.0,78133,M,4890700.0,200500.0,78
201700048466,17,4,19,915,1,1,1,1.0,6.0,78117,M,4878902.0,213030.0,78
201700048467,17,4,19,905,1,1,1,1.0,6.0,92047,M,4883361.0,216260.0,92
201700048468,17,4,20,845,1,1,1,1.0,4.0,92036,M,4893000.0,229400.0,92
201700048469,17,4,20,950,1,1,1,1.0,3.0,78117,M,4878912.0,212973.0,78
201700048470,17,4,23,835,1,1,1,1.0,2.0,92064,M,4883904.0,219414.0,92
201700048471,17,4,23,2010,1,1,1,1.0,2.0,92036,M,4891774.0,230700.0,92
201700048472,17,4,23,2320,3,1,1,1.0,2.0,78217,M,4896463.0,182109.0,78
201700048473,17,4,24,710,1,1,1,1.0,4.0,78206,M,4895870.0,193320.0,78
201700048474,17,4,25,844,1,1,1,1.0,6.0,92047,M,4883580.0,218090.0,92
201700048475,17,4,25,1036,1,1,1,1.0,1.0,92048,M,4882220.0,222200.0,92
201700048476,17,4,26,921,1,1,1,1.0,1.0,92025,M,4893260.0,224941.0,92
201700048477,17,4,26,1817,1,1,1,1.0,7.0,78423,M,,,78
201700048478,17,4,27,758,1,1,1,1.0,2.0,78490,M,4848595.0,194793.0,78
201700048479,17,4,27,2335,3,1,1,1.0,4.0,92072,M,4882438.0,222128.0,92
201700048480,17,4,29,240,5,1,1,1.0,7.0,92050,M,4892609.0,223479.0,92
201700048481,17,4,29,2040,2,1,1,1.0,3.0,78238,M,4897008.0,186977.0,78
201700048482,17,4,30,2317,5,1,1,2.0,2.0,92064,M,4800000.0,200000.0,92
201700048483,17,5,3,932,1,1,9,2.0,2.0,92025,M,4891952.0,222400.0,92
201700048484,17,5,3,1130,1,1,9,2.0,2.0,92064,M,4883877.0,219322.0,92
201700048485,17,5,3,2110,3,1,1,2.0,6.0,92072,M,4882000.0,222100.0,92
201700048486,17,5,4,4,4,1,1,9.0,6.0,78242,M,4880700.0,205200.0,78
201700048487,17,5,4,30,5,1,1,2.0,6.0,75116,M,4884937.0,225173.0,75
201700048488,17,5,4,1900,1,1,1,2.0,7.0,92004,M,4891710.0,230790.0,92
201700048489,17,5,5,345,3,1,1,8.0,6.0,78126,M,4883321.0,213676.0,78
201700048490,17,5,5,1206,1,1,1,1.0,5.0,78646,M,4878538.0,215499.0,78
201700048491,17,5,5,1550,1,1,1,1.0,3.0,92048,M,4878730.0,222240.0,92
201700048492,17,5,5,1800,1,1,1,1.0,6.0,78043,M,4884150.0,210470.0,78
201700048493,17,5,5,2100,2,1,1,1.0,2.0,92036,M,4892370.0,230486.0,92
201700048494,17,5,6,20,3,1,1,1.0,6.0,92064,M,4883950.0,219716.0,92
201700048495,17,5,7,945,1,1,1,2.0,2.0,78291,M,4896710.0,174690.0,78
201700048496,17,5,7,1408,1,1,1,2.0,6.0,92036,M,4880000.0,154850.0,92
201700048497,17,5,8,25,5,1,1,1.0,2.0,78043,M,4883994.0,210771.0,78
201700048498,17,5,8,1554,1,1,1,1.0,2.0,92026,M,4888570.0,225210.0,92
201700048499,17,5,8,1750,1,1,1,8.0,4.0,78158,M,4883166.0,214250.0,78
201700048500,17,5,10,840,1,1,1,1.0,6.0,78490,M,4879988.0,196878.0,78
201700048501,17,5,10,910,1,1,1,1.0,4.0,92025,M,4892360.0,222934.0,92
201700048502,17,5,10,1405,1,1,1,1.0,6.0,78490,M,4880060.0,195400.0,78
201700048503,17,5,10,1450,1,1,1,1.0,6.0,92050,M,4891310.0,222930.0,92
201700048504,17,5,10,2310,3,1,1,1.0,2.0,78402,M,4896416.0,179438.0,78
201700048505,17,5,11,710,1,1,1,1.0,3.0,78423,M,4879510.0,204690.0,78
201700048506,17,5,11,1035,1,1,1,1.0,6.0,78640,M,4877747.0,222700.0,78
201700048507,17,5,11,1740,1,1,1,1.0,5.0,78043,M,4883000.0,208140.0,78
201700048508,17,5,12,1750,1,1,1,1.0,2.0,92050,M,,,92
201700048509,17,5,13,1852,2,1,1,1.0,2.0,92047,M,,,92
201700048510,17,5,15,1833,1,1,1,1.0,2.0,92023,M,4877610.0,223025.0,92
201700048511,17,5,15,1845,1,1,1,1.0,2.0,92072,M,4882220.0,222234.0,92
201700048512,17,5,16,700,1,1,1,1.0,4.0,78208,M,4879910.0,198920.0,78
201700048513,17,5,16,823,1,1,1,1.0,2.0,78007,M,4890009.0,200519.0,78
201700048514,17,5,16,1950,1,1,1,1.0,2.0,92036,M,4892912.0,230246.0,92
201700048515,17,5,17,730,1,1,1,1.0,6.0,78043,M,4883762.0,209083.0,78
201700048516,17,5,17,832,1,1,1,1.0,6.0,92050,M,4890742.0,221259.0,92
201700048517,17,5,17,1500,1,1,1,1.0,6.0,78423,M,4879002.0,203810.0,78
201700048518,17,5,17,1828,1,1,1,1.0,7.0,78291,M,4896860.0,174240.0,78
201700048519,17,5,17,1810,1,1,1,1.0,1.0,78640,M,4878224.0,222284.0,78
201700048520,17,5,18,1600,1,1,1,2.0,2.0,78321,M,4879768.0,191159.0,78
201700048521,17,5,18,1636,1,1,1,1.0,2.0,78640,M,,,78
201700048522,17,5,19,1711,1,1,1,1.0,2.0,78640,M,4877913.0,219843.0,78
201700048523,17,5,19,2138,2,1,1,3.0,6.0,78043,M,4884101.0,201018.0,78
201700048524,17,5,20,747,1,1,1,1.0,6.0,78029,M,,,78
201700048525,17,5,20,1925,1,1,1,1.0,6.0,78640,M,4877652.0,222661.0,78
201700048526,17,5,21,531,2,1,1,1.0,2.0,78043,M,,,78
201700048527,17,5,21,2025,1,1,1,1.0,6.0,78498,M,4890166.0,200505.0,78
201700048528,17,5,22,708,1,1,1,1.0,4.0,92050,M,4890528.0,220887.0,92
201700048529,17,5,22,718,1,1,1,1.0,3.0,78118,M,4898320.0,168167.0,78
201700048530,17,5,23,710,2,1,1,1.0,6.0,78524,M,4884132.0,210684.0,78
201700048531,17,5,23,845,1,1,1,1.0,2.0,78498,M,4891318.0,200552.0,78
201700048532,17,5,23,1745,1,1,1,1.0,6.0,78545,M,4881472.0,206080.0,78
201700048533,17,5,24,610,2,1,1,1.0,6.0,92072,M,4881504.0,-221474.0,92
201700048534,17,5,25,1230,1,1,1,1.0,3.0,78321,M,,,78
201700048535,17,5,25,1707,1,1,1,1.0,6.0,92050,M,,,92
201700048536,17,5,26,1312,1,1,1,1.0,4.0,78402,M,4896422.0,179547.0,78
201700048537,17,5,26,1630,1,1,1,1.0,4.0,92025,M,4892672.0,223604.0,92
201700048538,17,5,26,2050,5,1,1,1.0,2.0,92050,M,4888040.0,216490.0,92
201700048539,17,5,27,724,1,1,1,1.0,2.0,78043,M,4882425.0,207364.0,78
201700048540,17,5,28,102,5,1,1,1.0,6.0,78418,M,4891090.0,214420.0,78
201700048541,17,5,29,1033,1,1,1,1.0,3.0,78640,M,,,78
201700048542,17,5,29,1819,1,1,1,1.0,5.0,78455,M,,,78
201700048543,17,5,29,1930,1,1,1,1.0,3.0,92023,M,,,92
201700048544,17,5,30,1825,1,1,1,1.0,4.0,92036,M,,,92
201700048545,17,5,31,830,1,1,1,1.0,4.0,78206,M,4894555.0,-194861.0,78
201700048546,17,6,1,810,1,1,1,1.0,6.0,92064,M,,,92
201700048547,17,6,1,826,1,1,1,1.0,3.0,92036,M,4820000.0,207364.0,92
201700048548,17,6,2,515,3,1,1,1.0,6.0,78524,M,,,78
201700048549,17,6,2,1530,1,1,1,3.0,6.0,92050,M,,,92
201700048550,17,6,2,1533,1,1,1,1.0,2.0,78640,M,4878026.0,218345.0,78
201700048551,17,6,2,1730,1,1,1,2.0,3.0,92012,M,4884830.0,223527.0,92
201700048552,17,6,2,1835,1,1,1,1.0,4.0,78545,M,4880868.0,205411.0,78
201700048553,17,6,3,1600,1,1,1,1.0,4.0,92036,M,4893472.0,226788.0,92
201700048554,17,6,4,1820,1,1,1,1.0,5.0,92047,M,4883488.0,217292.0,92
201700048555,17,6,5,2148,2,1,1,1.0,6.0,78640,M,4877678.0,220605.0,78
201700048556,17,6,6,915,1,1,1,8.0,4.0,92064,M,4883945.0,220125.0,92
201700048557,17,6,6,1015,1,1,1,1.0,5.0,78158,M,4883164.0,214292.0,78
201700048558,17,6,6,1135,1,1,1,1.0,4.0,92047,M,4883520.0,216832.0,92
201700048559,17,6,7,1750,1,1,1,1.0,4.0,78073,M,4879732.0,204321.0,78
201700048560,17,6,7,1930,1,1,1,1.0,4.0,92036,M,4893550.0,228220.0,92
201700048561,17,6,8,606,2,1,1,1.0,1.0,92012,M,,,92
201700048562,17,6,8,1350,1,1,1,1.0,5.0,92036,M,4893409.0,227217.0,92
201700048563,17,6,8,1640,1,1,1,1.0,2.0,92050,M,4889876.0,219928.0,92
201700048564,17,6,9,752,1,1,1,2.0,2.0,92047,M,4883875.0,219311.0,92
201700048565,17,6,9,1730,1,1,1,1.0,4.0,78402,M,4896470.0,179480.0,78
201700048566,17,6,11,10,3,1,1,1.0,6.0,78402,M,4896430.0,179670.0,78
201700048567,17,6,12,750,1,1,1,1.0,3.0,78640,M,4877985.0,218847.0,78
201700048568,17,6,12,1700,1,1,1,1.0,5.0,92050,M,,,92
201700048569,17,6,13,1520,1,1,1,1.0,4.0,78007,M,4889949.0,200441.0,78
201700048570,17,6,13,1906,1,1,1,1.0,6.0,92050,M,4891059.0,221600.0,92
201700048571,17,6,13,2045,1,1,1,1.0,6.0,92050,M,4890556.0,218654.0,92
201700048572,17,6,14,930,1,1,1,1.0,2.0,92072,M,,,92
201700048573,17,6,16,800,1,1,1,1.0,3.0,78043,M,4883413.0,208644.0,78
201700048574,17,6,16,825,1,1,1,1.0,4.0,78043,M,4884358.0,209044.0,78
201700048575,17,6,16,1855,1,1,1,1.0,2.0,92036,M,4893420.0,227867.0,92
201700048576,17,6,16,2350,5,1,1,1.0,2.0,92062,M,4888976.0,224480.0,92
201700048577,17,6,17,1932,1,1,1,1.0,3.0,78490,M,,,78
201700048578,17,6,18,325,3,1,1,1.0,4.0,78140,M,4895560.0,192710.0,78
201700048579,17,6,18,1115,1,1,1,7.0,3.0,78217,M,4896563.0,180599.0,78
201700048580,17,6,18,1445,1,1,1,1.0,2.0,78043,M,,,78
201700048581,17,6,18,1530,1,1,1,1.0,4.0,92025,M,,,92
201700048582,17,6,18,1734,1,1,1,1.0,4.0,78208,M,,,78
201700048583,17,6,19,826,1,1,1,1.0,3.0,75116,M,,,75
201700048584,17,6,19,1002,1,1,1,1.0,6.0,92063,M,,,92
201700048585,17,6,20,835,1,1,1,1.0,6.0,92047,M,,,92
201700048586,17,6,20,910,1,1,1,1.0,2.0,92023,M,,,92
201700048587,17,6,20,1010,1,1,1,1.0,6.0,75116,M,,,75
201700048588,17,6,20,1802,1,1,1,1.0,3.0,92025,M,4993299.0,225067.0,92
201700048589,17,6,20,1815,1,1,1,1.0,3.0,92025,M,4892403.0,223751.0,92
201700048590,17,6,21,815,1,1,1,1.0,2.0,92025,M,4892078.0,222557.0,92
201700048591,17,6,21,1830,1,1,1,1.0,5.0,92072,M,4882540.0,222127.0,92
201700048592,17,6,21,2150,2,1,1,1.0,6.0,92036,M,,,92
201700048593,17,6,22,840,1,1,1,1.0,4.0,78423,M,4879638.0,202938.0,78
201700048594,17,6,22,1016,1,1,1,1.0,4.0,78133,M,4891486.0,203745.0,78
201700048595,17,6,22,1340,1,1,1,7.0,4.0,78640,M,4877986.0,218977.0,78
201700048596,17,6,22,2103,2,1,1,1.0,6.0,92050,M,,,92
201700048597,17,6,23,1815,1,1,1,1.0,4.0,92063,M,,,92
201700048598,17,6,24,641,2,1,1,1.0,2.0,92064,M,,,92
201700048599,17,6,24,500,5,1,1,1.0,2.0,92051,M,4888730.0,225285.0,92
201700048600,17,6,24,1315,1,1,1,1.0,2.0,78402,M,,,78
201700048601,17,6,25,1725,1,1,1,1.0,2.0,78007,M,4889490.0,200758.0,78
201700048602,17,6,25,1950,1,1,1,1.0,2.0,78043,M,,,78
201700048603,17,6,27,940,1,1,1,1.0,2.0,92047,M,4883220.0,215390.0,92
201700048604,17,6,27,1840,1,1,1,2.0,4.0,92036,M,4892250.0,230556.0,92
201700048605,17,6,27,2030,1,1,1,2.0,6.0,78640,M,,,78
201700048606,17,6,28,50,3,1,1,1.0,6.0,78423,M,,,78
201700048607,17,6,29,1915,1,1,1,1.0,3.0,78455,M,,,78
201700048608,17,6,30,58,5,1,1,1.0,6.0,92050,M,4890350.0,219800.0,92
201700048609,17,6,29,1220,1,1,1,1.0,2.0,92012,M,4884840.0,223950.0,92
201700048610,17,6,30,900,1,1,1,1.0,6.0,92063,M,,,92
201700048611,17,6,30,1730,1,1,1,3.0,4.0,78466,M,,,78
201700048612,17,6,30,1853,1,1,1,3.0,7.0,92063,M,,,92
201700048613,17,7,1,1310,1,1,1,3.0,2.0,92025,M,4892618.0,223502.0,92
201700048614,17,7,1,1815,1,1,1,1.0,6.0,78640,M,4877768.0,221834.0,78
201700048615,17,7,2,641,2,1,1,1.0,2.0,78571,M,,,78
201700048616,17,7,2,815,1,1,1,1.0,6.0,78073,M,,,78
201700048617,17,7,2,944,1,1,1,2.0,6.0,78073,M,,,78
201700048618,17,7,3,1245,1,1,1,1.0,2.0,78490,M,4879967.0,198549.0,78
201700048619,17,7,4,721,1,1,1,1.0,2.0,78490,M,4880020.0,195530.0,78
201700048620,17,7,4,927,1,1,1,1.0,4.0,78362,M,4898120.0,169394.0,78
201700048621,17,7,5,847,1,1,1,1.0,5.0,92025,M,4893473.0,225904.0,92
201700048622,17,7,5,905,1,1,1,1.0,2.0,92064,M,,,92
201700048623,17,7,5,935,1,1,1,1.0,2.0,92047,M,4883360.0,216220.0,92
201700048624,17,7,5,949,1,1,1,1.0,5.0,92036,M,4893462.0,228293.0,92
201700048625,17,7,5,1705,1,1,1,1.0,4.0,92048,M,,,92
201700048626,17,7,5,1810,1,1,1,1.0,4.0,92026,M,,,92
201700048627,17,7,5,2305,3,1,1,1.0,6.0,92048,M,4881021.0,221247.0,92
201700048628,17,7,6,915,1,1,1,1.0,2.0,78640,M,4878050.0,217660.0,78
201700048629,17,7,8,1744,1,1,1,1.0,2.0,92047,M,4883453.0,217166.0,92
201700048630,17,7,8,1918,1,1,1,1.0,6.0,92072,M,4882449.0,222125.0,92
201700048631,17,7,8,2025,1,1,1,1.0,4.0,92047,M,4883543.0,217873.0,92
201700048632,17,7,8,2315,3,1,1,1.0,2.0,78402,M,4800000.0,100000.0,78
201700048633,17,7,9,553,2,1,1,1.0,7.0,78362,M,4898101.0,169563.0,78
201700048634,17,7,9,1610,1,1,1,1.0,4.0,92025,M,4892910.0,224080.0,92
201700048635,17,7,10,1102,1,1,1,2.0,7.0,92036,M,4893378.0,227419.0,92
201700048636,17,7,10,1650,1,1,1,2.0,2.0,92048,M,,,92
201700048637,17,7,10,1700,1,1,1,2.0,4.0,92048,M,,,92
201700048638,17,7,11,740,1,1,1,8.0,6.0,78640,M,4878530.0,215530.0,78
201700048639,17,7,11,810,1,1,1,1.0,3.0,78640,M,4878430.0,222310.0,78
201700048640,17,7,11,1620,1,1,1,1.0,3.0,92036,M,,,92
201700048641,17,7,12,28,3,1,1,1.0,6.0,78291,M,4896941.0,173655.0,78
201700048642,17,7,11,1215,1,1,1,1.0,4.0,92064,M,4884750.0,222480.0,92
201700048643,17,7,13,1858,1,1,1,1.0,3.0,92064,M,4884002.0,221864.0,92
201700048644,17,7,14,610,5,1,1,1.0,7.0,92036,M,4893805.0,229921.0,92
201700048645,17,7,14,1236,1,1,1,1.0,4.0,78217,M,,,78
201700048646,17,7,14,1605,1,1,1,1.0,6.0,78466,M,4893252.0,197488.0,78
201700048647,17,7,14,1930,1,1,1,1.0,2.0,78545,M,4880702.0,205209.0,78
201700048648,17,7,14,2312,3,1,1,1.0,2.0,78133,M,4889949.0,200530.0,78
201700048649,17,7,15,529,2,1,1,1.0,7.0,78133,M,4889344.0,200817.0,78
201700048650,17,7,16,1839,1,1,1,1.0,4.0,92036,M,4893610.0,228900.0,92
201700048651,17,7,16,2341,3,1,1,1.0,6.0,78297,M,4878900.0,206930.0,78
201700048652,17,7,17,654,1,1,1,1.0,1.0,92050,M,4891735.0,222204.0,92
201700048653,17,7,17,730,1,1,1,1.0,3.0,92036,M,,,92
201700048654,17,7,17,1258,1,1,1,1.0,2.0,78646,M,,,78
201700048655,17,7,18,746,1,1,1,1.0,2.0,78291,M,4896540.0,175580.0,78
201700048656,17,7,18,1736,1,1,1,1.0,2.0,78545,M,,,78
201700048657,17,7,20,831,1,1,1,1.0,2.0,92050,M,4889350.0,218871.0,92
201700048658,17,7,20,843,1,1,1,1.0,2.0,92025,M,,,92
201700048659,17,7,20,1315,1,1,1,1.0,7.0,92062,M,4888838.0,224847.0,92
201700048660,17,7,21,1250,1,1,1,1.0,2.0,78640,M,4500000.0,215647.0,78
201700048661,17,7,21,1450,1,1,1,1.0,7.0,92063,M,4877747.0,206930.0,92
201700048662,17,7,24,2050,2,1,1,2.0,2.0,92072,M,4882084.0,222021.0,92
201700048663,17,7,24,2130,1,1,1,8.0,3.0,92064,M,4883945.0,221573.0,92
201700048664,17,7,24,2325,3,1,1,1.0,3.0,92036,M,4893613.0,228841.0,92
201700048665,17,7,25,1220,1,1,1,2.0,7.0,78646,M,,,78
201700048666,17,7,25,1757,1,1,1,1.0,4.0,92036,M,4893659.0,229048.0,92
201700048667,17,7,26,745,1,1,1,1.0,6.0,78133,M,,,78
201700048668,17,7,26,1813,1,1,1,1.0,3.0,92050,M,4891033.0,221577.0,92
201700048669,17,7,27,951,1,1,1,1.0,5.0,78158,M,4883524.0,213100.0,78
201700048670,17,7,28,1822,1,1,1,1.0,4.0,78640,M,,,78
201700048671,17,8,1,1433,1,1,1,1.0,6.0,78158,M,4883895.0,212117.0,78
201700048672,17,8,1,1612,1,1,1,1.0,3.0,78640,M,4877515.0,222270.0,78
201700048673,17,8,1,1727,1,1,1,1.0,4.0,92050,M,4890427.0,220764.0,92
201700048674,17,8,2,805,1,1,1,1.0,3.0,92048,M,4878875.0,222162.0,92
201700048675,17,8,2,815,1,1,1,1.0,5.0,92048,M,4879755.0,221688.0,92
201700048676,17,8,3,1156,1,1,1,1.0,6.0,78466,M,4893189.0,197648.0,78
201700048677,17,8,5,1626,1,1,1,1.0,2.0,92036,M,,,92
201700048678,17,8,5,1905,1,1,1,1.0,2.0,78402,M,,,78
201700048679,17,8,8,1340,1,1,1,2.0,6.0,92026,M,,,92
201700048680,17,8,8,1500,1,1,1,2.0,6.0,92064,M,4884780.0,222500.0,92
201700048681,17,8,9,1800,1,1,1,2.0,6.0,92072,M,4882750.0,222470.0,92
201700048682,17,8,10,1232,1,1,1,2.0,5.0,78640,M,4847940.0,219510.0,78
201700048683,17,8,10,1315,1,1,1,1.0,7.0,78126,M,,,78
201700048684,17,8,12,1927,1,1,1,3.0,6.0,92050,M,4891972.0,222423.0,92
201700048685,17,8,13,310,3,1,1,1.0,6.0,78646,M,4884978.0,222729.0,78
201700048686,17,8,14,1117,1,1,1,1.0,6.0,78291,M,4896540.0,176100.0,78
201700048687,17,8,18,1404,1,1,1,2.0,6.0,78423,M,4879634.0,204084.0,78
201700048688,17,8,18,1750,1,1,1,1.0,2.0,78466,M,4893130.0,197818.0,78
201700048689,17,8,23,100,3,1,1,1.0,6.0,92072,M,4882558.0,222129.0,92
201700048690,17,8,24,821,1,1,1,1.0,6.0,92036,M,4893574.0,228730.0,92
201700048691,17,8,25,1730,1,1,1,1.0,3.0,92050,M,4890370.0,220664.0,92
201700048692,17,8,25,2035,2,1,1,1.0,6.0,92050,M,4889290.0,221510.0,92
201700048693,17,8,26,1510,1,1,1,1.0,2.0,92064,M,4883975.0,220604.0,92
201700048694,17,8,27,1350,1,1,1,1.0,2.0,92048,M,,,92
201700048695,17,8,27,1806,1,1,1,1.0,7.0,78455,M,4851410.0,224300.0,78
201700048696,17,8,30,1310,1,1,1,1.0,3.0,92064,M,4883940.0,220510.0,92
201700048697,17,8,30,1945,1,1,1,1.0,6.0,78238,M,4896840.0,186200.0,78
201700048698,17,8,31,820,1,1,1,1.0,2.0,78640,M,,,78
201700048699,17,8,31,1809,1,1,1,1.0,6.0,78362,M,4897800.0,171090.0,78
201700048700,17,9,1,1755,1,1,1,2.0,3.0,92048,M,4881543.0,224020.0,92
201700048701,17,9,1,1823,1,1,1,3.0,1.0,78217,M,,,78
201700048702,17,9,1,2035,5,1,1,3.0,6.0,78640,M,,,78
201700048703,17,9,1,2350,3,1,1,1.0,5.0,92025,M,4892179.0,226107.0,92
201700048704,17,9,2,150,3,1,1,2.0,6.0,78238,M,4896940.0,186541.0,78
201700048705,17,9,2,1530,1,1,1,1.0,1.0,92076,M,,,92
201700048706,17,9,2,1625,1,1,1,1.0,1.0,92036,M,4893680.0,229130.0,92
201700048707,17,9,3,1436,1,1,1,1.0,2.0,92064,M,,,92
201700048708,17,9,3,1510,1,1,1,1.0,6.0,92026,M,,,92
201700048709,17,9,3,2250,3,1,1,1.0,2.0,78090,M,4897060.0,189390.0,78
201700048710,17,9,4,950,1,1,1,1.0,5.0,78466,M,4892870.0,198780.0,78
201700048711,17,9,4,955,1,1,1,1.0,6.0,92050,M,4890101.0,221287.0,92
201700048712,17,9,4,2315,3,1,1,1.0,2.0,78117,M,4878750.0,214550.0,78
201700048713,17,9,5,826,1,1,1,1.0,6.0,92036,M,,,92
201700048714,17,9,5,1610,1,1,1,1.0,6.0,92047,M,4883882.0,119301.0,92
201700048715,17,9,6,902,1,1,1,1.0,3.0,78640,M,,,78
201700048716,17,9,7,250,3,1,1,1.0,6.0,78402,M,4896448.0,179862.0,78
201700048717,17,9,7,912,1,1,1,8.0,6.0,92050,M,4891571.0,222051.0,92
201700048718,17,9,7,1445,1,1,1,1.0,6.0,92036,M,4893785.0,229517.0,92
201700048719,17,9,8,715,2,1,1,1.0,4.0,92050,M,4890443.0,220738.0,92
201700048720,17,9,9,1507,1,1,1,3.0,6.0,92063,M,,,92
201700048721,17,9,10,1710,1,1,1,1.0,2.0,78090,M,,,78
201700048722,17,9,10,2042,3,1,1,2.0,4.0,78090,M,,,78
201700048723,17,9,11,728,1,1,1,1.0,4.0,78090,M,,,78
201700048724,17,9,11,835,1,1,1,1.0,2.0,78090,M,,,78
201700048725,17,9,11,1720,1,1,1,1.0,3.0,92064,M,4883969.0,220091.0,92
201700048726,17,9,12,1845,1,1,1,2.0,4.0,78007,M,4889583.0,200691.0,78
201700048727,17,9,13,735,2,1,1,2.0,2.0,78640,M,4878066.0,217447.0,78
201700048728,17,9,13,754,1,1,1,2.0,7.0,78217,M,4896297.0,183363.0,78
201700048729,17,9,13,925,1,1,1,2.0,2.0,92050,M,4889410.0,219075.0,92
201700048730,17,9,13,945,1,1,1,2.0,6.0,78640,M,4877663.0,222616.0,78
201700048731,17,9,13,2125,3,1,1,2.0,7.0,92036,M,,,92
201700048732,17,9,14,838,1,1,1,1.0,3.0,78640,M,4877881.0,220368.0,78
201700048733,17,9,14,1022,1,1,1,1.0,4.0,92062,M,4889257.0,223522.0,92
201700048734,17,9,14,2227,3,1,1,1.0,6.0,78423,M,,,78
201700048735,17,9,15,825,1,1,1,1.0,7.0,78524,M,4850220.0,273000.0,78