Num_Acc,an,mois,jour,hrmn,lum,agg,int,atm,col,com,gps,lat,long,dep
201700048736,17,9,15,1256,1,1,1,1.0,2.0,92004,M,,,92
201700048737,17,9,16,1534,1,1,1,1.0,3.0,78640,M,,,78
201700048738,17,9,15,2043,3,1,1,1.0,2.0,78206,M,,,78
201700048739,17,9,17,130,3,1,1,1.0,7.0,78238,M,4896923.0,186267.0,78
201700048740,17,9,18,840,1,1,1,1.0,2.0,92023,M,,,92
201700048741,17,9,18,1622,1,1,1,2.0,3.0,92048,M,4879760.0,221700.0,92
201700048742,17,9,18,1901,1,1,1,2.0,4.0,78571,M,4889759.0,200605.0,78
201700048743,17,9,19,30,3,1,1,2.0,6.0,78423,M,4878196.0,203050.0,78
201700048744,17,9,19,715,5,1,1,2.0,7.0,92062,M,,,92
201700048745,17,9,19,801,1,1,1,3.0,2.0,78291,M,4896532.0,175766.0,78
201700048746,17,9,19,906,1,1,1,1.0,7.0,92050,M,,,92
201700048747,17,9,19,928,1,1,1,2.0,7.0,78423,M,,,78
201700048748,17,9,19,1247,1,1,1,2.0,5.0,78431,M,4893980.0,195470.0,78
201700048749,17,9,20,320,3,1,1,1.0,2.0,92064,M,4850044.0,205412.0,92
201700048750,17,9,21,807,1,1,1,1.0,2.0,92072,M,4882158.0,222065.0,92
201700048751,17,9,21,825,1,1,1,1.0,3.0,78090,M,4897055.0,189333.0,78
201700048752,17,9,21,2002,3,1,1,1.0,4.0,92072,M,,,92
201700048753,17,9,22,210,5,1,1,1.0,5.0,92050,M,4891030.0,221560.0,92
201700048754,17,9,22,935,1,1,1,1.0,4.0,92047,M,4883967.0,219783.0,92
201700048755,17,9,22,1940,3,1,1,1.0,4.0,78455,M,,,78
201700048756,17,9,23,715,2,1,1,1.0,2.0,78545,M,,,78
201700048757,17,9,24,2006,5,1,1,1.0,3.0,78524,M,4884111.0,210565.0,78
201700048758,17,9,25,614,3,1,1,1.0,6.0,92050,M,4890064.0,220677.0,92
201700048759,17,9,25,755,1,1,1,1.0,3.0,78073,M,,,78
201700048760,17,9,25,804,2,1,1,1.0,5.0,92050,M,4890039.0,220756.0,92
201700048761,17,9,25,1144,1,1,1,1.0,2.0,92004,M,4891806.0,230749.0,92
201700048762,17,9,25,1320,1,2,1,1.0,3.0,92050,M,,,92
201700048763,17,9,26,653,2,1,1,1.0,6.0,78208,M,4865235.0,195684.0,78
201700048764,17,9,26,1857,2,1,1,1.0,3.0,78524,M,4884070.0,210970.0,78
201700048765,17,9,27,745,2,1,1,5.0,6.0,92076,M,4883320.0,216020.0,92
201700048766,17,9,27,1949,3,1,1,1.0,7.0,78498,M,,,78
201700048767,17,9,28,940,1,1,1,1.0,7.0,92036,M,4893390.0,230210.0,92
201700048768,17,9,28,2225,3,1,1,1.0,5.0,78402,M,4896401.0,179334.0,78
201700048769,17,9,29,47,4,1,1,1.0,2.0,78140,M,4896497.0,192508.0,78
201700048770,17,9,29,800,1,1,1,1.0,3.0,78322,M,,,78
201700048771,17,9,29,845,1,1,1,1.0,4.0,78090,M,,,78
201700048772,17,9,29,1608,1,1,1,1.0,2.0,92048,M,4879837.0,221654.0,92
201700048773,17,9,29,1953,2,1,1,3.0,4.0,78490,M,4880030.0,193550.0,78
201700048774,17,10,1,126,3,1,1,2.0,6.0,92048,M,4800000.0,100000.0,92
201700048775,17,10,1,1150,1,1,1,2.0,6.0,78640,M,4877101.0,222861.0,78
201700048776,17,10,1,1607,1,1,1,2.0,6.0,92050,M,4853290.0,214270.0,92
201700048777,17,10,2,707,2,1,1,2.0,6.0,78029,M,4896697.0,185424.0,78
201700048778,17,10,2,855,1,1,1,1.0,4.0,92064,M,,,92
201700048779,17,10,2,1043,1,1,1,1.0,2.0,92050,M,4889900.0,219925.0,92
201700048780,17,10,2,1205,1,1,1,1.0,2.0,78140,M,4896439.0,192561.0,78
201700048781,17,10,2,2006,2,1,1,1.0,3.0,78640,M,4878810.0,222110.0,78
201700048782,17,10,3,738,1,1,1,1.0,2.0,92048,M,4878270.0,221645.0,92
201700048783,17,10,4,902,1,1,1,1.0,2.0,78043,M,,,78
201700048784,17,10,4,1709,1,1,1,1.0,3.0,92036,M,,,92
201700048785,17,10,4,1753,1,1,1,1.0,2.0,92026,M,,,92
201700048786,17,10,6,723,5,1,1,1.0,7.0,92036,M,,,92
201700048787,17,10,6,853,1,1,1,1.0,4.0,92036,M,,,92
201700048788,17,10,7,809,1,1,1,1.0,2.0,92050,M,4890125.0,220452.0,92
201700048789,17,10,7,1500,1,1,1,1.0,5.0,92050,M,4891429.0,221947.0,92
201700048790,17,10,8,1940,2,1,1,1.0,2.0,78640,M,4877740.0,222110.0,78
201700048791,17,10,9,627,3,1,1,1.0,3.0,78402,M,4896391.0,178777.0,78
201700048792,17,10,10,15,3,1,1,1.0,2.0,78043,M,4883410.0,208579.0,78
201700048793,17,10,10,855,1,1,1,1.0,2.0,78043,M,4883973.0,209249.0,78
201700048794,17,10,10,916,1,1,1,1.0,2.0,92047,M,4883482.0,217359.0,92
201700048795,17,10,10,1645,1,1,1,1.0,5.0,78238,M,,,78
201700048796,17,10,11,1747,1,1,1,1.0,5.0,78043,M,4884448.0,208801.0,78
201700048797,17,10,12,855,1,1,1,1.0,4.0,78043,M,,,78
201700048798,17,10,12,1258,1,1,1,1.0,6.0,78206,M,4895067.0,194334.0,78
201700048799,17,10,13,1213,1,1,1,1.0,6.0,78217,M,4896243.0,183736.0,78
201700048800,17,10,13,1304,1,1,1,1.0,4.0,78133,M,4895456.0,193805.0,78
201700048801,17,10,14,300,3,1,1,1.0,2.0,78206,M,4894512.0,194945.0,78
201700048802,17,10,14,315,5,1,1,1.0,2.0,92026,M,4888832.0,224968.0,92
201700048803,17,10,14,615,4,1,1,1.0,6.0,92048,M,4879860.0,221641.0,92
201700048804,17,10,14,1038,1,1,1,1.0,6.0,78466,M,4892840.0,196930.0,78
201700048805,17,10,14,1500,1,1,1,1.0,2.0,78133,M,4885890.0,211790.0,78
201700048806,17,10,16,710,3,1,1,1.0,3.0,92025,M,4856400.0,215260.0,92
201700048807,17,10,17,812,1,1,1,1.0,2.0,78646,M,,,78
201700048808,17,10,17,849,1,1,1,1.0,2.0,78208,M,,,78
201700048809,17,10,17,900,1,1,1,1.0,2.0,92062,M,,,92
201700048810,17,10,17,1140,1,1,1,1.0,2.0,78362,M,,,78
201700048811,17,10,17,1840,1,1,1,1.0,6.0,92062,M,,,92
201700048812,17,10,18,41,3,1,1,1.0,6.0,92060,M,4800000.0,200000.0,92
201700048813,17,10,18,2310,3,1,1,1.0,7.0,78640,M,4877560.0,222230.0,78
201700048814,17,10,19,756,1,1,1,1.0,4.0,78418,M,,,78
201700048815,17,10,19,917,1,1,1,1.0,4.0,78126,M,,,78
201700048816,17,10,3,935,1,1,1,2.0,2.0,92050,M,4889826.0,219843.0,92
201700048817,17,10,20,1445,1,1,1,1.0,3.0,92051,M,4888722.0,226944.0,92
201700048818,17,10,20,1459,1,1,1,1.0,2.0,78133,M,4889121.0,200919.0,78
201700048819,17,10,21,1542,1,1,1,1.0,2.0,78362,M,,,78
201700048820,17,10,21,1620,1,1,1,1.0,1.0,92064,M,,,92
201700048821,17,10,21,1952,5,1,1,1.0,4.0,78158,M,,,78
201700048822,17,10,22,823,1,1,1,1.0,6.0,92072,M,4882639.0,222366.0,92
201700048823,17,10,22,2323,3,1,9,3.0,2.0,78423,M,4879543.0,204446.0,78
201700048824,17,10,23,855,1,1,1,1.0,3.0,78498,M,,,78
201700048825,17,10,23,930,1,1,1,1.0,2.0,78158,M,,,78
201700048826,17,10,23,1730,1,1,1,2.0,2.0,92025,M,4892777.0,223820.0,92
201700048827,17,10,24,634,3,1,1,2.0,1.0,78646,M,,,78
201700048828,17,10,24,808,1,1,1,2.0,4.0,78291,M,,,78
201700048829,17,10,24,1900,2,1,1,1.0,2.0,92050,M,4889652.0,219609.0,92
201700048830,17,10,25,748,2,1,1,2.0,6.0,78571,M,4887807.0,201910.0,78
201700048831,17,10,25,2340,3,1,1,1.0,2.0,78140,M,4897160.0,190089.0,78
201700048832,17,10,26,710,2,1,1,5.0,6.0,78090,M,4897018.0,190940.0,78
201700048833,17,10,26,1204,1,1,1,1.0,2.0,75116,M,4884838.0,224854.0,75
201700048834,17,10,26,2005,3,1,1,1.0,2.0,78640,M,,,78
201700048835,17,10,27,802,2,1,1,8.0,3.0,92048,M,,,92
201700048836,17,10,27,920,1,1,1,8.0,1.0,78545,M,,,78
201700048837,17,10,27,1658,1,1,1,1.0,2.0,78498,M,,,78
201700048838,17,10,28,330,3,1,1,1.0,6.0,78362,M,4898020.0,216992.0,78
201700048839,17,10,28,430,5,1,1,8.0,6.0,92064,M,4883891.0,221509.0,92
201700048840,17,10,25,1640,1,1,1,1.0,2.0,78545,M,4880680.0,205240.0,78
201700048841,17,10,28,1843,5,1,9,1.0,2.0,92050,M,,,92
201700048842,17,10,28,2016,5,1,1,1.0,3.0,92050,M,,,92
201700048843,17,10,29,45,5,1,1,1.0,3.0,92050,M,4888856.0,224880.0,92
201700048844,17,10,29,1140,1,1,1,1.0,7.0,92025,M,,,92
201700048845,17,10,30,1644,1,1,1,1.0,6.0,92025,M,4892896.0,224038.0,92
201700048846,17,10,30,1842,4,1,1,1.0,3.0,78545,M,4880821.0,205383.0,78
201700048847,17,10,31,1405,1,1,1,1.0,7.0,92072,M,4882616.0,222471.0,92
201700048848,17,11,1,2100,5,1,1,1.0,7.0,92063,M,4887217.0,215608.0,92
201700048849,17,11,2,1900,2,1,1,1.0,2.0,78133,M,,,78
201700048850,17,11,2,2001,3,1,1,1.0,3.0,78291,M,,,78
201700048851,17,11,3,2220,3,1,1,1.0,3.0,78206,M,4895172.0,194178.0,78
201700048852,17,11,4,918,1,1,1,1.0,2.0,78498,M,,,78
201700048853,17,11,4,1920,2,1,1,1.0,2.0,78545,M,4880952.0,205485.0,78
201700048854,17,11,5,833,5,1,1,1.0,7.0,92064,M,,,92
201700048855,17,11,5,1115,1,1,1,1.0,7.0,92025,M,4892067.0,222568.0,92
201700048856,17,11,5,1305,1,1,1,1.0,3.0,92047,M,4883363.0,216243.0,92
201700048857,17,11,5,1612,1,1,1,1.0,6.0,92050,M,4892575.0,220986.0,92
201700048858,17,11,6,558,3,1,1,1.0,3.0,78402,M,4896385.0,177804.0,78
201700048859,17,11,6,852,1,1,1,1.0,3.0,78646,M,4879142.0,210089.0,78
201700048860,17,11,6,1802,3,1,1,1.0,2.0,78490,M,4880011.0,196697.0,78
201700048861,17,11,7,727,2,1,1,1.0,6.0,92050,M,4890576.0,220956.0,92
201700048862,17,11,7,2000,2,1,1,1.0,2.0,78217,M,,,78
201700048863,17,11,7,2230,3,1,1,1.0,6.0,78646,M,4878536.0,215484.0,78
201700048864,17,11,8,635,3,1,1,1.0,6.0,78029,M,4895000.0,185000.0,78
201700048865,17,11,9,715,2,1,1,8.0,2.0,78217,M,4896430.0,182380.0,78
201700048866,17,11,9,1053,1,1,1,2.0,7.0,92050,M,,,92
201700048867,17,11,9,1740,3,1,1,1.0,3.0,92048,M,,,92
201700048868,17,11,9,1815,3,1,1,1.0,4.0,78640,M,,,78
201700048869,17,11,10,1450,1,1,1,2.0,2.0,78043,M,4884852.0,207368.0,78
201700048870,17,11,10,742,2,1,1,2.0,2.0,78297,M,,,78
201700048871,17,11,10,1519,1,1,1,1.0,6.0,92072,M,4825650.0,222555.0,92
201700048872,17,11,10,2223,3,1,1,1.0,2.0,78640,M,4878080.0,217010.0,78
201700048873,17,11,11,115,3,1,1,1.0,6.0,78640,M,4877870.0,220410.0,78
201700048874,17,11,11,1550,1,1,1,2.0,6.0,92050,M,4890243.0,220289.0,92
201700048875,17,11,11,1912,3,1,1,2.0,6.0,78291,M,4896543.0,176091.0,78
201700048876,17,11,12,300,5,1,1,2.0,6.0,78524,M,4800000.0,200000.0,78
201700048877,17,11,12,420,4,1,1,2.0,6.0,92036,M,4800000.0,200000.0,92
201700048878,17,11,12,903,1,1,1,2.0,6.0,92036,M,4893385.0,225384.0,92
201700048879,17,11,13,1350,1,1,1,1.0,6.0,92072,M,4882150.0,222030.0,92
201700048880,17,11,14,740,2,1,1,1.0,2.0,78545,M,,,78
201700048881,17,11,14,810,1,1,1,1.0,2.0,92050,M,,,92
201700048882,17,11,14,1354,1,1,1,1.0,6.0,78090,M,,,78
201700048883,17,11,15,1750,3,1,1,1.0,2.0,92048,M,,,92
201700048884,17,11,15,1954,5,1,1,1.0,2.0,92012,M,,,92
201700048885,17,11,16,900,1,1,1,2.0,2.0,78571,M,,,78
201700048886,17,11,16,929,1,1,1,1.0,3.0,92025,M,,,92
201700048887,17,11,16,1503,1,1,1,1.0,6.0,92064,M,4883811.0,219113.0,92
201700048888,17,11,17,1121,1,1,1,2.0,4.0,92036,M,,,92
201700048889,17,11,17,1918,3,1,1,1.0,7.0,78423,M,4879451.0,204961.0,78
201700048890,17,11,19,1945,3,1,1,1.0,2.0,92036,M,,,92
201700048891,17,11,20,840,1,1,1,1.0,4.0,92064,M,4883935.0,220570.0,92
201700048892,17,11,20,1823,5,1,1,1.0,5.0,92036,M,,,92
201700048893,17,11,20,1921,4,1,1,1.0,2.0,78646,M,,,78
201700048894,17,11,21,805,1,1,1,1.0,2.0,78524,M,4888700.0,208840.0,78
201700048895,17,11,21,1540,2,1,1,1.0,2.0,92036,M,,,92
201700048896,17,11,22,748,1,1,1,1.0,2.0,78490,M,,,78
201700048897,17,11,22,813,2,1,1,1.0,2.0,78322,M,,,78
201700048898,17,11,22,906,1,1,1,1.0,4.0,92064,M,,,92
201700048899,17,11,22,2005,4,1,1,1.0,4.0,92050,M,4891287.0,221812.0,92
201700048900,17,11,23,1505,1,1,1,2.0,2.0,78140,M,4896761.0,192212.0,78
201700048901,17,11,23,1900,3,1,1,1.0,6.0,78640,M,,,78
201700048902,17,11,24,658,3,1,1,2.0,6.0,78672,M,4893220.0,199050.0,78
201700048903,17,11,24,1203,1,1,1,1.0,6.0,78640,M,4877996.0,218841.0,78
201700048904,17,11,25,1112,1,1,1,2.0,6.0,78291,M,4897167.0,173161.0,78
201700048905,17,11,25,1146,1,1,1,2.0,6.0,92036,M,4893514.0,226587.0,92
201700048906,17,11,27,700,2,1,1,1.0,2.0,92063,M,,,92
201700048907,17,11,27,2100,5,1,1,3.0,7.0,92051,M,4888605.0,225607.0,92
201700048908,17,11,27,2345,5,1,1,2.0,2.0,92026,M,4888881.0,224806.0,92
201700048909,17,11,29,725,2,1,1,1.0,3.0,92047,M,,,92
201700048910,17,11,29,950,1,1,1,1.0,5.0,92036,M,,,92
201700048911,17,11,29,1103,1,1,1,1.0,4.0,92050,M,,,92
201700048912,17,11,30,841,1,1,1,1.0,5.0,92064,M,4883855.0,219203.0,92
201700048913,17,11,30,1850,3,1,1,1.0,6.0,78640,M,4878027.0,218944.0,78
201700048914,17,12,1,2120,3,1,1,1.0,6.0,78117,M,4535757.0,474245.0,78
201700048915,17,12,3,800,2,1,1,1.0,5.0,78291,M,,,78
201700048916,17,12,4,910,4,1,1,2.0,6.0,92062,M,,,92
201700048917,17,12,3,939,1,1,1,2.0,2.0,78362,M,,,78
201700048918,17,12,4,1725,2,1,1,1.0,6.0,78073,M,,,78
201700048919,17,12,5,805,2,1,1,1.0,2.0,92036,M,,,92
201700048920,17,12,5,828,2,1,1,1.0,5.0,92023,M,,,92
201700048921,17,12,5,1725,2,1,1,1.0,6.0,92036,M,4893504.0,226654.0,92
201700048922,17,12,7,1040,1,1,1,1.0,6.0,78158,M,4883204.0,214035.0,78
201700048923,17,12,8,812,1,1,1,2.0,3.0,78158,M,4850100.0,287000.0,78
201700048924,17,12,8,1645,4,1,1,2.0,6.0,92036,M,,,92
201700048925,17,12,8,2000,3,1,1,8.0,2.0,78043,M,,,78
201700048926,17,12,10,624,3,1,4,3.0,6.0,78242,M,,,78
201700048927,17,12,10,632,3,1,1,3.0,6.0,78291,M,,,78
201700048928,17,12,10,1726,2,1,1,3.0,6.0,78043,M,4884689.0,207935.0,78
201700048929,17,12,11,1419,1,1,1,6.0,6.0,92025,M,4892796.0,223860.0,92
201700048930,17,12,11,1915,3,1,1,1.0,6.0,92036,M,4893415.0,227141.0,92
201700048931,17,12,12,814,1,1,1,9.0,6.0,78423,M,4846215.0,206483.0,78
201700048932,17,12,12,1920,5,1,1,1.0,6.0,92036,M,,,92
201700048933,17,12,12,2232,3,1,1,1.0,2.0,92050,M,4245645.0,656454.0,92
201700048934,17,12,14,435,3,1,1,2.0,3.0,78362,M,4245645.0,556456.0,78
201700048935,17,12,14,825,2,1,1,1.0,2.0,92050,M,,,92
201700048936,17,12,15,310,3,1,1,1.0,6.0,78043,M,4883969.0,209253.0,78
201700048937,17,12,16,705,5,1,1,1.0,5.0,78217,M,,,78
201700048938,17,12,16,1355,1,1,1,1.0,6.0,92064,M,,,92
201700048939,17,12,17,1150,1,1,1,1.0,6.0,78423,M,,,78
201700048940,17,12,17,1834,2,1,1,2.0,2.0,78640,M,,,78
201700048941,17,12,17,1915,3,1,1,1.0,6.0,92063,M,,,92
201700048942,17,12,17,2250,3,1,1,2.0,6.0,78466,M,4200000.0,200000.0,78
201700048943,17,12,18,800,1,1,1,1.0,4.0,78466,M,4892900.0,198657.0,78
201700048944,17,12,18,915,1,1,1,1.0,3.0,92025,M,,,92
201700048945,17,12,18,1933,4,1,1,1.0,2.0,78490,M,4880027.0,196749.0,78
201700048946,17,12,19,1232,1,1,1,5.0,2.0,92064,M,4883931.0,221800.0,92
201700048947,17,12,20,335,4,1,1,1.0,2.0,92047,M,4883510.0,217400.0,92
201700048948,17,12,20,810,2,1,1,1.0,4.0,78117,M,4878595.0,215305.0,78
201700048949,17,12,20,1206,1,1,1,1.0,6.0,78073,M,,,78
201700048950,17,12,20,1216,1,1,1,1.0,2.0,92062,M,,,92
201700048951,17,12,20,2000,3,1,1,1.0,7.0,92036,M,,,92
201700048952,17,12,21,646,2,1,1,1.0,4.0,78466,M,4892710.0,199290.0,78
201700048953,17,12,21,1348,2,1,1,2.0,4.0,92047,M,,,92
201700048954,17,12,22,750,2,1,1,1.0,6.0,92048,M,,,92
201700048955,17,12,22,1605,1,1,1,2.0,6.0,78297,M,,,78
201700048956,17,12,22,1855,5,1,1,1.0,6.0,92064,M,,,92
201700048957,17,12,23,1250,1,1,1,1.0,6.0,78073,M,,,78
201700048958,17,12,23,2100,3,1,1,1.0,2.0,78322,M,4200000.0,217010.0,78
201700048959,17,12,26,1506,1,1,1,1.0,6.0,78431,M,,,78
201700048960,17,12,28,1222,1,1,1,1.0,4.0,78133,M,,,78
201700048961,17,1,3,943,1,1,1,8.0,4.0,94003,M,4880980.0,233891.0,94
201700048962,17,1,3,920,1,1,1,8.0,2.0,94034,M,4876130.0,231688.0,94
201700048963,17,1,4,120,3,1,1,1.0,6.0,91340,M,4860946.0,243403.0,91
201700048964,17,1,4,2145,3,1,1,1.0,7.0,91086,M,4862399.0,237410.0,91
201700048965,17,1,5,1510,1,1,1,1.0,4.0,91286,M,4864980.0,238562.0,91
201700048966,17,1,5,1645,1,1,1,1.0,6.0,94021,M,4876480.0,234207.0,94
201700048967,17,1,5,1815,2,1,1,1.0,4.0,91434,M,4866826.0,235389.0,91
201700048968,17,1,5,2045,3,1,1,1.0,3.0,91174,M,4861340.0,245094.0,91
201700048969,17,1,6,505,3,1,1,1.0,2.0,91363,M,4866827.0,219433.0,91
201700048970,17,1,6,1648,1,1,1,1.0,2.0,91477,M,4872115.0,225215.0,91
201700048971,17,1,7,1842,2,1,1,2.0,6.0,77251,M,,,77
201700048972,17,1,8,710,3,1,1,2.0,2.0,94034,M,4875030.0,232872.0,94
201700048973,17,1,8,940,1,1,1,2.0,6.0,91340,M,4860919.0,244020.0,91
201700048974,17,1,8,1117,1,1,1,2.0,7.0,91521,M,4863612.0,241534.0,91
201700048975,17,1,7,348,3,1,1,1.0,3.0,92002,M,,,92
201700048976,17,1,9,647,3,1,1,2.0,5.0,91161,M,4869761.0,231462.0,91
201700048977,17,1,9,705,3,1,1,2.0,6.0,91363,M,4866676.0,219129.0,91
201700048978,17,1,9,920,1,1,1,2.0,2.0,91521,M,4864251.0,239156.0,91
201700048979,17,1,9,1640,1,1,1,2.0,5.0,91161,M,4871288.0,230824.0,91
201700048980,17,1,10,816,2,1,1,8.0,7.0,91687,M,4866030.0,237169.0,91
201700048981,17,1,10,1805,3,1,1,2.0,2.0,91521,M,4864234.0,239194.0,91
201700048982,17,1,11,904,1,1,1,2.0,7.0,91689,M,4872971.0,231459.0,91
201700048983,17,1,12,915,1,1,1,2.0,7.0,91174,M,4862064.0,246127.0,91
201700048984,17,1,12,906,1,1,1,2.0,2.0,91182,M,4862595.0,241623.0,91
201700048985,17,1,12,1435,1,1,1,2.0,5.0,91161,M,4870520.0,230597.0,91
201700048986,17,1,15,1800,3,1,1,4.0,6.0,91471,M,4869771.0,219225.0,91
201700048987,17,1,15,2220,5,1,1,2.0,4.0,94043,M,4881350.0,235448.0,94
201700048988,17,1,16,1800,2,1,1,1.0,3.0,91689,M,4872465.0,231283.0,91
201700048989,17,1,18,255,3,1,1,1.0,7.0,94034,M,4875240.0,233107.0,94
201700048990,17,1,18,1755,2,1,1,1.0,3.0,94065,M,4875500.0,234447.0,94
201700048991,17,1,18,1754,3,1,1,1.0,2.0,91434,M,4866816.0,235368.0,91
201700048992,17,1,18,1920,3,1,1,1.0,3.0,94038,M,4877530.0,234576.0,94
201700048993,17,1,19,1730,2,1,1,1.0,2.0,94021,M,4876200.0,234025.0,94
201700048994,17,1,20,1600,1,1,1,1.0,3.0,91161,M,4870412.0,230642.0,91
201700048995,17,1,21,1042,1,1,1,1.0,2.0,91521,M,4863092.0,240004.0,91
201700048996,17,1,21,1211,1,1,1,1.0,2.0,91617,M,4863155.0,250621.0,91
201700048997,17,1,22,25,3,1,1,1.0,6.0,91377,M,4871334.0,228656.0,91
201700048998,17,1,22,1640,1,1,1,1.0,6.0,94043,M,4881635.0,235992.0,94
201700048999,17,1,22,1940,3,1,1,1.0,4.0,94003,M,4880890.0,233976.0,94
201700049000,17,1,23,930,1,1,1,1.0,2.0,92019,M,,,92
201700049001,17,1,24,1757,2,1,1,1.0,4.0,91161,M,4870357.0,230677.0,91
201700049002,17,1,24,1730,2,1,1,1.0,2.0,91363,M,4865431.0,218018.0,91
201700049003,17,1,25,815,2,1,1,8.0,2.0,91377,M,4871252.0,228951.0,91
201700049004,17,1,26,725,3,1,1,1.0,3.0,91228,M,4862628.0,241598.0,91
201700049005,17,1,26,1739,2,1,1,1.0,7.0,91037,M,4854564.0,249627.0,91
201700049006,17,1,27,15,3,1,1,2.0,2.0,91363,M,4864456.0,219510.0,91
201700049007,17,1,27,1540,1,1,1,1.0,2.0,94034,M,4876100.0,231808.0,94
201700049008,17,1,27,1850,3,1,1,1.0,4.0,91174,M,4862361.0,246792.0,91
201700049009,17,1,27,1840,2,1,1,1.0,4.0,91161,M,4869792.0,231392.0,91
201700049010,17,1,28,600,3,1,1,1.0,6.0,94034,M,4875660.0,234122.0,94
201700049011,17,1,28,1710,1,1,1,1.0,6.0,91174,M,4861556.0,245406.0,91
201700049012,17,1,28,2050,3,1,1,1.0,6.0,77384,M,,,77
201700049013,17,1,30,2012,3,1,1,2.0,6.0,91521,M,4863337.0,240086.0,91
201700049014,17,2,2,1800,2,1,1,1.0,2.0,91340,M,4860379.0,243705.0,91
201700049015,17,2,2,1920,3,1,1,2.0,4.0,91340,M,4860172.0,243830.0,91
201700049016,17,2,2,2030,3,1,1,2.0,4.0,91174,M,4861083.0,244553.0,91
201700049017,17,2,3,812,1,1,1,1.0,4.0,91434,M,4866772.0,235605.0,91
201700049018,17,2,3,1500,1,2,1,2.0,5.0,91377,M,4873033.0,230055.0,91
201700049019,17,2,3,1620,1,1,1,2.0,6.0,91521,M,4863573.0,241230.0,91
201700049020,17,2,3,1945,3,1,1,2.0,2.0,91064,M,4876800.0,222978.0,91
201700049021,17,2,3,2010,3,1,1,2.0,2.0,94021,M,4876480.0,234207.0,94
201700049022,17,2,4,630,3,1,1,3.0,7.0,91064,M,4875012.0,222136.0,91
201700049023,17,2,4,1015,1,1,1,3.0,7.0,91521,M,4862776.0,239969.0,91
201700049024,17,2,4,1210,1,1,1,2.0,6.0,91477,M,4872313.0,223590.0,91
201700049025,17,2,4,1458,1,1,1,2.0,6.0,91377,M,4871790.0,226889.0,91
201700049026,17,2,4,1730,1,1,1,7.0,2.0,91377,M,4870074.0,224683.0,91
201700049027,17,2,5,1620,1,1,1,1.0,6.0,91377,M,4870632.0,228771.0,91
201700049028,17,2,5,1805,3,1,1,1.0,6.0,91534,M,4874233.0,218672.0,91
201700049029,17,2,5,1035,1,1,1,2.0,6.0,91521,M,4863503.0,240689.0,91
201700049030,17,2,6,1110,1,1,1,1.0,6.0,91471,M,4871272.0,218024.0,91
201700049031,17,2,6,1847,2,1,1,1.0,1.0,91161,M,4871437.0,229815.0,91
201700049032,17,2,6,2022,3,1,1,1.0,3.0,94034,M,4875560.0,233342.0,94
201700049033,17,2,7,539,3,1,1,3.0,2.0,91174,M,4862108.0,246169.0,91
201700049034,17,2,7,914,1,1,1,2.0,6.0,91687,M,4866277.0,236764.0,91
201700049035,17,2,7,1233,1,1,1,2.0,6.0,91589,M,4867300.0,234367.0,91
201700049036,17,2,7,1933,3,1,1,1.0,4.0,92002,M,4875460.0,229570.0,92
201700049037,17,2,8,2030,5,1,1,1.0,6.0,94065,M,4875530.0,234453.0,94
201700049038,17,2,9,510,5,1,1,1.0,5.0,94034,M,4875830.0,233648.0,94
201700049039,17,2,9,854,1,1,1,1.0,5.0,94016,M,4879160.0,234443.0,94
201700049040,17,2,9,900,1,1,1,1.0,3.0,91645,M,4875974.0,226345.0,91
201700049041,17,2,9,930,1,1,1,8.0,3.0,94038,M,4878100.0,234670.0,94
201700049042,17,2,10,1955,3,1,1,1.0,2.0,91589,M,4868009.0,233209.0,91
201700049043,17,2,10,2110,3,1,1,1.0,2.0,92002,M,,,92
201700049044,17,2,11,1607,2,1,1,8.0,6.0,94038,M,4878880.0,234413.0,94
201700049045,17,2,12,1245,1,1,1,1.0,4.0,91377,M,4872859.0,230568.0,91
201700049046,17,2,14,618,3,1,1,2.0,4.0,91689,M,4873372.0,231619.0,91
201700049047,17,2,14,844,1,1,1,2.0,7.0,91286,M,4865125.0,238289.0,91
201700049048,17,2,15,1930,3,1,1,1.0,4.0,91182,M,4862488.0,241780.0,91
201700049049,17,2,15,2250,5,1,1,1.0,6.0,91471,M,4870385.0,219297.0,91
201700049050,17,2,16,750,2,1,1,2.0,3.0,91286,M,4864470.0,238957.0,91
201700049051,17,2,16,846,1,1,1,3.0,3.0,94021,M,4877120.0,234553.0,94
201700049052,17,2,16,951,1,1,1,2.0,1.0,91312,M,4873606.0,222897.0,91
201700049053,17,2,16,1244,1,1,1,2.0,6.0,91377,M,4872156.0,227458.0,91
201700049054,17,2,16,1745,2,1,1,1.0,3.0,94021,M,4876200.0,234048.0,94
201700049055,17,2,16,1745,3,1,1,2.0,2.0,94021,M,4875980.0,233844.0,94
201700049056,17,2,17,38,3,1,1,1.0,2.0,91377,M,4872103.0,229919.0,91
201700049057,17,2,17,1215,1,1,1,1.0,5.0,92002,M,,,92
201700049058,17,2,17,1730,1,1,1,1.0,6.0,91377,M,4872609.0,230177.0,91
201700049059,17,2,18,1800,2,1,1,1.0,2.0,91689,M,4873188.0,231547.0,91
201700049060,17,2,19,620,3,1,1,5.0,4.0,91182,M,4862127.0,242358.0,91
201700049061,17,2,20,710,3,1,1,8.0,3.0,91689,M,4873818.0,231783.0,91
201700049062,17,2,20,830,1,1,1,1.0,5.0,91617,M,4863954.0,253522.0,91