Num_Acc,an,mois,jour,hrmn,lum,agg,int,atm,col,com,gps,lat,long,dep
201700049063,17,2,21,1650,1,1,1,1.0,3.0,92002,M,,,92
201700049064,17,2,21,950,1,1,1,1.0,2.0,91064,M,4874896.0,221332.0,91
201700049065,17,2,21,2000,3,1,1,1.0,2.0,91534,M,4872272.0,216773.0,91
201700049066,17,2,22,725,2,1,1,1.0,4.0,91434,M,4866783.0,235592.0,91
201700049067,17,2,23,1410,1,1,1,2.0,4.0,91434,M,4866737.0,235820.0,91
201700049068,17,2,24,730,2,1,1,1.0,2.0,91161,M,4871249.0,230798.0,91
201700049069,17,2,24,1235,1,1,1,1.0,2.0,91161,M,4870865.0,230666.0,91
201700049070,17,2,24,1422,1,1,1,1.0,4.0,94038,M,4878190.0,234674.0,94
201700049071,17,2,25,1415,1,1,1,1.0,4.0,94034,M,4876210.0,231446.0,94
201700049072,17,2,26,914,1,1,1,1.0,6.0,91086,M,4862318.0,238898.0,91
201700049073,17,2,26,1310,1,1,1,1.0,2.0,94034,M,4876130.0,231687.0,94
201700049074,17,2,26,1437,1,1,1,8.0,3.0,91553,M,4863149.0,250039.0,91
201700049075,17,2,27,941,1,1,1,8.0,5.0,91286,M,4865566.0,237859.0,91
201700049076,17,2,27,2000,3,1,1,1.0,3.0,91228,M,4861646.0,242888.0,91
201700049077,17,2,28,1212,1,1,1,2.0,7.0,94021,M,4875990.0,233844.0,94
201700049078,17,2,28,2015,3,1,1,2.0,6.0,91174,M,4861138.0,244719.0,91
201700049079,17,2,28,2227,3,1,1,2.0,4.0,91345,M,4868883.0,232418.0,91
201700049080,17,3,1,700,2,1,1,2.0,3.0,91689,M,4872661.0,231318.0,91
201700049081,17,3,1,600,3,1,1,1.0,3.0,91235,M,4862469.0,237054.0,91
201700049082,17,3,2,800,2,1,1,1.0,2.0,91432,M,4869293.0,232059.0,91
201700049083,17,3,3,826,1,1,1,8.0,4.0,91468,M,4857467.0,246613.0,91
201700049084,17,3,3,2035,5,1,1,1.0,2.0,75113,M,,,75
201700049085,17,3,4,1505,1,1,1,2.0,1.0,91363,M,4864676.0,219047.0,91
201700049086,17,3,3,1803,1,1,1,1.0,2.0,91689,M,4873972.0,231835.0,91
201700049087,17,3,3,1830,2,1,1,1.0,3.0,91174,M,4861496.0,245362.0,91
201700049088,17,3,5,1545,1,1,1,2.0,6.0,91521,M,4863501.0,240597.0,91
201700049089,17,3,6,938,1,1,1,2.0,5.0,94034,M,4875980.0,232169.0,94
201700049090,17,3,6,1005,1,1,1,3.0,2.0,91534,M,4872867.0,216566.0,91
201700049091,17,3,6,1250,1,1,1,3.0,2.0,91174,M,4862268.0,246554.0,91
201700049092,17,3,6,1600,1,1,1,2.0,3.0,94043,M,4881170.0,235154.0,94
201700049093,17,3,6,1450,1,1,1,2.0,7.0,94043,M,4881580.0,235641.0,94
201700049094,17,3,7,1818,1,1,1,1.0,1.0,91136,M,4871218.0,228855.0,91
201700049095,17,3,9,1617,1,1,1,1.0,3.0,91659,M,4857987.0,246109.0,91
201700049096,17,3,10,130,3,1,1,1.0,6.0,94021,M,4877070.0,234567.0,94
201700049097,17,3,10,1715,1,1,1,1.0,2.0,91174,M,4861202.0,244865.0,91
201700049098,17,3,10,2310,3,1,1,1.0,3.0,91471,M,4869580.0,219242.0,91
201700049099,17,3,11,1415,1,1,1,1.0,7.0,91363,M,4863471.0,221506.0,91
201700049100,17,3,11,1730,1,1,1,1.0,4.0,91340,M,4859823.0,244060.0,91
201700049101,17,3,11,2110,3,1,1,1.0,4.0,91589,M,4867440.0,234215.0,91
201700049102,17,3,12,1750,1,1,1,1.0,4.0,91468,M,4857340.0,246724.0,91
201700049103,17,3,12,2040,5,1,1,1.0,3.0,94043,M,4880950.0,234902.0,94
201700049104,17,3,13,740,3,1,1,1.0,2.0,94034,M,4875820.0,232650.0,94
201700049105,17,3,13,920,1,1,1,1.0,7.0,91471,M,4869890.0,219245.0,91
201700049106,17,3,13,1115,1,1,1,1.0,2.0,94034,M,4876200.0,231442.0,94
201700049107,17,3,14,933,1,1,1,1.0,5.0,91216,M,4868068.0,233138.0,91
201700049108,17,3,15,1825,1,1,1,1.0,5.0,91689,M,4873824.0,231798.0,91
201700049109,17,3,16,1545,1,1,1,1.0,4.0,91086,M,4862370.0,238526.0,91
201700049110,17,3,16,2030,5,1,1,1.0,3.0,94043,M,4880910.0,234863.0,94
201700049111,17,3,17,2310,3,1,1,1.0,2.0,77251,M,4863171.0,253609.0,77
201700049112,17,3,18,535,3,1,1,1.0,5.0,91377,M,4872667.0,230236.0,91
201700049113,17,3,20,650,2,1,1,1.0,3.0,91553,M,4863153.0,249204.0,91
201700049114,17,3,20,954,1,1,1,1.0,1.0,91136,M,4871273.0,228429.0,91
201700049115,17,3,20,1505,1,1,1,8.0,2.0,94021,M,4876740.0,234283.0,94
201700049116,17,3,22,1954,3,1,1,1.0,2.0,94065,M,4875530.0,234453.0,94
201700049117,17,3,23,720,2,1,1,1.0,3.0,91617,M,4863738.0,253534.0,91
201700049118,17,3,24,835,1,1,1,3.0,4.0,91521,M,4863674.0,241424.0,91
201700049119,17,3,24,1105,1,1,1,2.0,6.0,91521,M,4863494.0,240841.0,91
201700049120,17,3,24,1745,1,1,1,1.0,3.0,91174,M,4862263.0,246546.0,91
201700049121,17,3,26,45,3,1,1,1.0,6.0,91534,M,4873805.0,217848.0,91
201700049122,17,3,26,1810,1,1,1,1.0,4.0,94043,M,4881500.0,235575.0,94
201700049123,17,3,25,245,3,1,1,1.0,7.0,91589,M,4867933.0,233353.0,91
201700049124,17,3,27,835,1,1,1,1.0,7.0,91645,M,4875981.0,226811.0,91
201700049125,17,3,28,1055,1,1,1,1.0,4.0,91086,M,4862356.0,237983.0,91
201700049126,17,3,30,740,1,1,1,1.0,3.0,91161,M,4870228.0,230785.0,91
201700049127,17,3,31,210,3,1,1,1.0,2.0,91689,M,4873272.0,231572.0,91
201700049128,17,3,31,1650,1,1,1,1.0,2.0,91661,M,4869707.0,223313.0,91
201700049129,17,3,31,2230,3,1,1,2.0,2.0,92002,M,,,92
201700049130,17,4,2,400,3,1,1,1.0,6.0,91286,M,4865357.0,238060.0,91
201700049131,17,4,1,950,1,1,1,1.0,5.0,94034,M,4875710.0,233487.0,94
201700049132,17,4,1,1534,1,1,1,1.0,2.0,91064,M,4875467.0,222348.0,91
201700049133,17,4,1,1649,1,1,1,1.0,4.0,94038,M,4877790.0,234642.0,94
201700049134,17,4,3,1750,1,1,1,1.0,3.0,91161,M,4871335.0,230822.0,91
201700049135,17,4,4,1545,1,1,1,1.0,6.0,75113,M,,,75
201700049136,17,4,4,1600,1,1,1,1.0,2.0,94034,M,4875570.0,233369.0,94
201700049137,17,4,5,1310,1,2,1,1.0,2.0,91377,M,4873130.0,223887.0,91
201700049138,17,4,5,2100,3,1,1,1.0,2.0,91161,M,4870005.0,231106.0,91
201700049139,17,4,6,1842,1,1,1,1.0,2.0,91182,M,4861325.0,243060.0,91
201700049140,17,4,6,1800,1,2,1,1.0,6.0,91161,M,4871517.0,229825.0,91
201700049141,17,4,7,945,1,1,1,1.0,2.0,91645,M,4875963.0,226028.0,91
201700049142,17,4,7,900,1,1,1,1.0,5.0,92002,M,,,92
201700049143,17,4,7,1801,1,1,1,1.0,3.0,91161,M,4871567.0,230947.0,91
201700049144,17,4,9,613,5,1,1,1.0,6.0,91161,M,4870345.0,230677.0,91
201700049145,17,4,10,1230,1,1,1,1.0,4.0,91617,M,4863867.0,253514.0,91
201700049146,17,4,10,1800,1,1,1,1.0,3.0,91687,M,4866205.0,236906.0,91
201700049147,17,4,10,1830,1,1,1,1.0,2.0,94034,M,4875700.0,233019.0,94
201700049148,17,4,11,730,2,1,1,1.0,3.0,91174,M,4862021.0,246026.0,91
201700049149,17,4,11,855,1,1,1,1.0,3.0,91689,M,4873372.0,231615.0,91
201700049150,17,4,13,1250,1,1,1,1.0,3.0,91345,M,4869320.0,232062.0,91
201700049151,17,4,14,1007,1,1,1,1.0,2.0,91377,M,4872608.0,230204.0,91
201700049152,17,4,14,1655,1,1,1,1.0,3.0,91064,M,4875610.0,222361.0,91
201700049153,17,4,14,1720,1,1,1,1.0,3.0,91363,M,4863653.0,220722.0,91
201700049154,17,4,14,1740,1,1,1,1.0,2.0,94021,M,4876610.0,234351.0,94
201700049155,17,4,14,1900,1,1,1,1.0,5.0,94038,M,4878220.0,234658.0,94
201700049156,17,4,14,1910,1,1,1,1.0,5.0,91216,M,4868281.0,232928.0,91
201700049157,17,4,14,2108,3,1,1,1.0,6.0,94065,M,4874690.0,235924.0,94
201700049158,17,4,15,1820,1,1,1,1.0,6.0,91086,M,4862386.0,237764.0,91
201700049159,17,4,17,1345,1,1,1,1.0,4.0,91179,M,4855781.0,248946.0,91
201700049160,17,4,18,850,1,1,1,1.0,6.0,77384,M,,,77
201700049161,17,4,18,1553,1,1,1,1.0,4.0,91064,M,4874424.0,219075.0,91
201700049162,17,4,16,2345,3,1,1,1.0,2.0,91521,M,4864024.0,239410.0,91
201700049163,17,4,19,1030,1,1,1,1.0,3.0,94038,M,4877570.0,234617.0,94
201700049164,17,4,19,1210,1,1,1,1.0,4.0,91689,M,4872123.0,231175.0,91
201700049165,17,4,19,1830,1,1,1,1.0,4.0,91064,M,4874880.0,220047.0,91
201700049166,17,4,19,1922,1,1,1,1.0,4.0,91136,M,4871643.0,226444.0,91
201700049167,17,4,21,1715,1,1,1,1.0,4.0,91064,M,4874347.0,218955.0,91
201700049168,17,4,21,1645,1,1,1,1.0,2.0,91589,M,4867969.0,233286.0,91
201700049169,17,4,21,1745,1,1,1,1.0,2.0,92002,M,,,92
201700049170,17,4,22,1420,1,1,1,1.0,5.0,91553,M,4863127.0,249008.0,91
201700049171,17,4,22,1520,1,1,1,1.0,2.0,91064,M,4875665.0,222382.0,91
201700049172,17,4,23,1056,1,1,1,1.0,3.0,94034,M,4875620.0,233673.0,94
201700049173,17,4,23,1800,1,1,1,1.0,2.0,91553,M,4863160.0,249388.0,91
201700049174,17,4,24,940,1,1,1,1.0,4.0,91471,M,4869711.0,219220.0,91
201700049175,17,4,24,950,1,1,1,1.0,2.0,94021,M,4876680.0,234397.0,94
201700049176,17,4,24,930,1,1,1,1.0,2.0,77251,M,4862504.0,254037.0,77
201700049177,17,4,24,1200,1,1,1,1.0,3.0,91161,M,4870181.0,230848.0,91
201700049178,17,4,24,1408,1,1,1,1.0,2.0,94037,M,4880900.0,234830.0,94
201700049179,17,4,24,2210,3,1,1,1.0,4.0,91340,M,4860140.0,243872.0,91
201700049180,17,4,25,1415,1,1,1,1.0,5.0,91161,M,4869779.0,231445.0,91
201700049181,17,4,25,1504,1,1,1,1.0,1.0,91377,M,4872674.0,224431.0,91
201700049182,17,4,26,805,1,1,1,1.0,7.0,94034,M,4876060.0,231928.0,94
201700049183,17,4,26,1530,1,1,1,2.0,4.0,91174,M,4861318.0,245068.0,91
201700049184,17,4,26,1840,1,1,1,2.0,3.0,94076,M,4878620.0,234630.0,94
201700049185,17,4,26,2217,3,1,1,2.0,7.0,91086,M,4862517.0,239521.0,91
201700049186,17,4,27,840,1,1,1,1.0,2.0,91521,M,4863398.0,240245.0,91
201700049187,17,4,28,836,1,1,1,2.0,7.0,91689,M,4873329.0,231651.0,91
201700049188,17,4,28,1200,1,1,1,1.0,3.0,91689,M,4874022.0,231876.0,91
201700049189,17,4,28,2145,3,1,1,1.0,7.0,92019,M,,,92
201700049190,17,4,30,750,3,1,1,1.0,6.0,77251,M,4862670.0,253869.0,77
201700049191,17,5,1,1825,1,1,1,1.0,7.0,91521,M,4863112.0,240015.0,91
201700049192,17,5,2,1430,1,1,1,1.0,6.0,91064,M,4876401.0,222908.0,91
201700049193,17,5,2,1655,1,1,1,1.0,4.0,91161,M,4872111.0,231109.0,91
201700049194,17,5,3,1720,1,1,1,2.0,2.0,91377,M,4872540.0,230084.0,91
201700049195,17,5,3,1825,1,1,1,2.0,3.0,94037,M,4880700.0,234672.0,94
201700049196,17,5,3,1820,1,1,1,2.0,6.0,92019,M,,,92
201700049197,17,5,3,2050,3,1,1,2.0,7.0,91086,M,4862338.0,238387.0,91
201700049198,17,5,5,39,3,1,1,1.0,2.0,77296,M,,,77
201700049199,17,5,5,1600,1,1,1,1.0,4.0,94034,M,4875610.0,233437.0,94
201700049200,17,5,9,911,1,1,1,1.0,4.0,91549,M,4862504.0,232371.0,91
201700049201,17,5,9,1715,1,1,1,1.0,3.0,91689,M,4872817.0,231408.0,91
201700049202,17,5,9,1800,1,1,1,1.0,3.0,91689,M,4874357.0,232315.0,91
201700049203,17,5,9,1845,1,1,1,1.0,4.0,91692,M,4867202.0,219413.0,91
201700049204,17,5,10,745,1,1,1,1.0,3.0,94038,M,4878980.0,234421.0,94
201700049205,17,5,9,2130,3,1,1,1.0,7.0,91661,M,4869768.0,223689.0,91
201700049206,17,5,9,2307,3,1,1,1.0,6.0,91182,M,4862493.0,241722.0,91
201700049207,17,5,10,1555,1,1,1,1.0,2.0,91174,M,4861121.0,244687.0,91
201700049208,17,5,10,1810,1,1,1,1.0,3.0,91689,M,4873023.0,231492.0,91
201700049209,17,5,10,2030,1,1,1,1.0,5.0,94076,M,4879150.0,234405.0,94
201700049210,17,5,12,1230,1,1,1,1.0,3.0,91174,M,4862152.0,246273.0,91
201700049211,17,5,12,2040,2,1,1,2.0,3.0,91161,M,4871326.0,230829.0,91
201700049212,17,5,14,46,3,1,1,1.0,4.0,91340,M,4859722.0,244143.0,91
201700049213,17,5,14,500,3,1,1,1.0,7.0,91570,M,4862570.0,235630.0,91
201700049214,17,5,14,730,1,1,1,1.0,7.0,91086,M,4862386.0,237764.0,91
201700049215,17,5,14,1245,1,1,1,2.0,3.0,94021,M,4876858.0,234534.0,94
201700049216,17,5,15,1445,1,1,1,1.0,6.0,94034,M,4875930.0,233721.0,94
201700049217,17,5,15,1800,1,1,1,1.0,5.0,91477,M,4872080.0,225334.0,91
201700049218,17,5,16,850,1,1,1,1.0,6.0,91477,M,4871688.0,225482.0,91
201700049219,17,5,16,942,1,1,1,1.0,3.0,92002,M,,,92
201700049220,17,5,16,905,1,1,1,1.0,4.0,91468,M,4857462.0,246623.0,91
201700049221,17,5,15,2100,2,1,1,1.0,5.0,91161,M,4870373.0,230663.0,91
201700049222,17,5,16,2000,1,1,1,1.0,4.0,94038,M,4877480.0,234607.0,94
201700049223,17,5,17,908,1,1,1,1.0,2.0,91363,M,4864605.0,219223.0,91
201700049224,17,5,17,1430,1,1,1,1.0,6.0,91471,M,4870473.0,219255.0,91
201700049225,17,5,17,1430,1,1,1,1.0,3.0,91553,M,4862799.0,247939.0,91
201700049226,17,5,17,1615,1,1,1,1.0,3.0,91432,M,4869268.0,232103.0,91
201700049227,17,5,18,650,2,1,1,1.0,3.0,91661,M,4870247.0,224829.0,91
201700049228,17,5,18,1535,1,1,1,1.0,2.0,91136,M,4871351.0,227754.0,91
201700049229,17,5,18,1625,1,1,1,8.0,6.0,91363,M,4863659.0,220731.0,91
201700049230,17,5,19,625,3,1,1,1.0,2.0,91471,M,4870935.0,218838.0,91
201700049231,17,5,19,935,1,1,1,1.0,3.0,91216,M,4868447.0,232799.0,91
201700049232,17,5,19,2025,1,1,1,1.0,4.0,91689,M,4874866.0,232775.0,91
201700049233,17,5,20,1345,1,1,1,1.0,4.0,94038,M,4877750.0,234637.0,94
201700049234,17,5,21,627,2,1,1,1.0,6.0,91689,M,4872514.0,231291.0,91
201700049235,17,5,22,845,1,1,1,1.0,2.0,91617,M,4863141.0,250990.0,91
201700049236,17,5,22,1210,1,1,1,1.0,4.0,91161,M,4869741.0,231489.0,91
201700049237,17,5,23,845,1,1,1,1.0,3.0,91377,M,4872331.0,229809.0,91
201700049238,17,5,23,840,1,1,1,1.0,3.0,94065,M,4875440.0,234912.0,94
201700049239,17,5,24,45,5,1,1,1.0,2.0,94016,M,4879760.0,234369.0,94
201700049240,17,5,24,1902,1,1,1,1.0,4.0,91434,M,4867042.0,234791.0,91
201700049241,17,5,24,1830,1,1,1,1.0,7.0,91064,M,4874280.0,218731.0,91
201700049242,17,5,25,1120,1,1,1,1.0,7.0,91661,M,4869634.0,223669.0,91
201700049243,17,5,26,651,1,1,1,1.0,7.0,91377,M,4871798.0,226125.0,91
201700049244,17,5,26,1800,1,1,1,1.0,4.0,91617,M,4863180.0,250256.0,91
201700049245,17,5,26,2100,2,1,1,1.0,6.0,91182,M,4860870.0,243758.0,91
201700049246,17,5,28,655,2,1,1,2.0,6.0,91363,M,4864409.0,219587.0,91
201700049247,17,5,28,1210,1,1,1,8.0,4.0,92002,M,,,92
201700049248,17,5,30,640,1,1,1,1.0,3.0,91471,M,4869652.0,219237.0,91
201700049249,17,5,30,1530,1,1,1,1.0,2.0,91161,M,4869889.0,231294.0,91
201700049250,17,5,30,2350,5,1,1,1.0,3.0,91064,M,4876810.0,222978.0,91
201700049251,17,5,31,1615,1,1,1,1.0,4.0,91161,M,4871221.0,228766.0,91
201700049252,17,6,1,826,1,1,1,1.0,4.0,91617,M,4863141.0,251413.0,91
201700049253,17,6,1,1555,1,1,1,1.0,7.0,91689,M,4873272.0,231572.0,91
201700049254,17,6,2,1805,1,1,1,2.0,2.0,91182,M,4861854.0,242702.0,91
201700049255,17,6,2,2300,3,1,1,1.0,7.0,91228,M,4863397.0,240640.0,91
201700049256,17,6,2,2155,3,1,1,8.0,6.0,91377,M,4871427.0,227356.0,91
201700049257,17,6,2,2315,3,1,1,8.0,6.0,91182,M,4862906.0,241144.0,91
201700049258,17,6,3,2130,2,1,1,1.0,6.0,91521,M,4864134.0,239379.0,91
201700049259,17,6,5,1015,1,1,1,1.0,6.0,91086,M,4862370.0,238896.0,91
201700049260,17,6,6,255,3,1,1,3.0,6.0,91687,M,4866158.0,236985.0,91
201700049261,17,6,6,930,1,1,1,1.0,6.0,91617,M,4863656.0,253534.0,91
201700049262,17,6,6,830,1,1,1,1.0,5.0,92019,M,,,92
201700049263,17,6,6,1030,1,1,1,1.0,2.0,94038,M,,,94
201700049264,17,6,6,1400,1,1,1,1.0,3.0,94076,M,,,94
201700049265,17,6,7,532,2,1,1,1.0,6.0,91064,M,4875903.0,222464.0,91
201700049266,17,6,7,753,1,1,1,1.0,2.0,91235,M,4862445.0,237471.0,91
201700049267,17,6,7,930,1,1,1,1.0,4.0,91161,M,4869886.0,231298.0,91
201700049268,17,6,7,2140,3,1,1,1.0,5.0,91689,M,4874402.0,232232.0,91
201700049269,17,6,8,850,1,1,1,1.0,4.0,91521,M,4863577.0,241285.0,91
201700049270,17,6,8,1415,1,1,1,1.0,4.0,94038,M,,,94
201700049271,17,6,8,1810,1,1,1,1.0,3.0,91617,M,4863481.0,253566.0,91
201700049272,17,6,8,1840,1,1,1,1.0,3.0,91521,M,4864322.0,239076.0,91
201700049273,17,6,9,745,1,1,1,1.0,5.0,91174,M,4861080.0,244625.0,91
201700049274,17,6,9,1228,1,1,1,1.0,2.0,92002,M,,,92
201700049275,17,6,9,1800,1,1,1,1.0,7.0,94021,M,4877170.0,234580.0,94
201700049276,17,6,9,2000,1,1,1,1.0,2.0,91589,M,4867723.0,233812.0,91
201700049277,17,6,10,1505,1,1,1,1.0,4.0,91161,M,4871029.0,230246.0,91
201700049278,17,6,12,920,1,1,1,1.0,2.0,91182,M,4862780.0,241294.0,91
201700049279,17,6,10,2350,3,1,1,1.0,5.0,94038,M,,,94
201700049280,17,6,12,1455,1,1,1,1.0,5.0,77296,M,4860707.0,258306.0,77
201700049281,17,6,12,1635,1,1,1,1.0,2.0,91689,M,4872789.0,231394.0,91
201700049282,17,6,14,30,3,1,1,1.0,3.0,91235,M,4862615.0,235306.0,91
201700049283,17,6,14,22,3,1,1,1.0,2.0,92019,M,4876498.0,226201.0,92
201700049284,17,6,15,845,1,1,1,1.0,3.0,94021,M,,,94
201700049285,17,6,15,1105,1,1,1,1.0,2.0,91179,M,4856216.0,248171.0,91
201700049286,17,6,15,1815,1,1,1,1.0,2.0,91617,M,4863968.0,253522.0,91
201700049287,17,6,15,1855,1,1,1,1.0,3.0,94034,M,4875529.0,233618.0,94
201700049288,17,6,16,1515,1,1,1,1.0,3.0,91589,M,4867486.0,234151.0,91
201700049289,17,6,16,1630,1,1,1,1.0,3.0,91174,M,4861982.0,245995.0,91
201700049290,17,6,16,1910,1,1,1,1.0,4.0,91549,M,4862633.0,234540.0,91
201700049291,17,6,16,2320,3,1,1,1.0,3.0,91687,M,4866478.0,236418.0,91
201700049292,17,6,17,400,3,1,1,1.0,6.0,91182,M,4862670.0,241496.0,91
201700049293,17,6,17,1130,1,1,1,1.0,7.0,94021,M,4876631.0,234383.0,94
201700049294,17,6,17,2135,2,1,1,1.0,6.0,91363,M,4865500.0,218015.0,91
201700049295,17,6,17,2030,1,1,1,1.0,6.0,91182,M,4862396.0,241944.0,91
201700049296,17,6,18,1705,1,1,1,1.0,4.0,91136,M,4871859.0,225946.0,91
201700049297,17,6,18,1830,1,1,1,1.0,3.0,91340,M,4860494.0,243636.0,91
201700049298,17,6,19,659,2,1,1,1.0,2.0,94021,M,,,94
201700049299,17,6,19,850,1,1,1,1.0,2.0,91471,M,4869486.0,219245.0,91
201700049300,17,6,19,746,1,1,1,1.0,5.0,91136,M,4871357.0,227773.0,91
201700049301,17,6,19,1450,1,1,1,1.0,6.0,91377,M,4871758.0,226840.0,91
201700049302,17,6,19,1900,1,1,1,1.0,2.0,94034,M,,,94
201700049303,17,6,19,1745,1,1,1,1.0,3.0,91689,M,4873879.0,231841.0,91
201700049304,17,6,19,1825,1,1,1,1.0,4.0,91174,M,4861208.0,244914.0,91
201700049305,17,6,20,1125,1,1,1,1.0,3.0,91689,M,4874425.0,232358.0,91
201700049306,17,6,20,1450,1,1,1,1.0,7.0,91617,M,4863386.0,253538.0,91
201700049307,17,6,20,1937,1,1,1,1.0,2.0,94037,M,,,94
201700049308,17,6,21,810,1,1,1,1.0,3.0,91521,M,4864008.0,239481.0,91
201700049309,17,6,22,740,1,1,1,1.0,3.0,91286,M,4865136.0,238297.0,91
201700049310,17,6,22,835,1,1,1,1.0,2.0,91363,M,4865016.0,218487.0,91
201700049311,17,6,22,1700,1,1,1,1.0,5.0,91339,M,4862628.0,226036.0,91
201700049312,17,6,22,2000,1,1,1,1.0,6.0,91340,M,4860943.0,243413.0,91
201700049313,17,6,23,415,3,1,1,1.0,2.0,91689,M,4872424.0,231263.0,91
201700049314,17,6,23,1537,1,1,1,1.0,3.0,91161,M,4869891.0,231240.0,91
201700049315,17,6,24,1516,1,1,1,1.0,2.0,91086,M,4862398.0,238278.0,91
201700049316,17,6,24,2140,2,1,1,1.0,2.0,91521,M,4863736.0,239794.0,91
201700049317,17,6,25,1150,1,1,1,1.0,2.0,91345,M,4868823.0,232477.0,91
201700049318,17,6,25,1245,1,1,1,1.0,2.0,91377,M,4872852.0,230551.0,91
201700049319,17,6,25,127,3,1,1,1.0,3.0,91377,M,4873498.0,230141.0,91
201700049320,17,6,26,1700,1,1,1,1.0,5.0,92002,M,,,92
201700049321,17,6,27,800,1,1,1,1.0,2.0,94003,M,,,94
201700049322,17,6,27,1615,1,1,1,2.0,5.0,91689,M,4873826.0,231807.0,91
201700049323,17,6,27,1550,1,2,1,2.0,6.0,91377,M,4872084.0,227312.0,91
201700049324,17,6,27,2015,1,1,1,8.0,3.0,91064,M,4874943.0,221089.0,91
201700049325,17,6,27,2015,1,1,1,1.0,6.0,91377,M,4872261.0,227621.0,91
201700049326,17,6,28,705,1,1,1,1.0,3.0,91434,M,4866582.0,236201.0,91
201700049327,17,6,28,740,1,1,1,1.0,4.0,91161,M,4870877.0,230683.0,91
201700049328,17,6,28,800,1,1,1,1.0,3.0,91340,M,4860879.0,243754.0,91
201700049329,17,6,28,1830,1,1,1,2.0,7.0,91064,M,4876552.0,222972.0,91
201700049330,17,6,28,1330,1,1,1,8.0,4.0,91182,M,4862074.0,242466.0,91
201700049331,17,6,28,1740,1,1,1,1.0,4.0,94034,M,4876000.0,232055.0,94
201700049332,17,6,29,130,5,1,1,2.0,6.0,94034,M,,,94
201700049333,17,6,29,910,1,1,1,1.0,5.0,91521,M,4863253.0,240532.0,91
201700049334,17,6,29,1525,1,1,1,8.0,5.0,91228,M,4862058.0,242530.0,91
201700049335,17,6,29,1654,1,1,1,2.0,3.0,91689,M,4874110.0,232113.0,91
201700049336,17,6,30,900,1,1,1,8.0,2.0,94076,M,4879868.0,234307.0,94
201700049337,17,6,30,1540,1,1,1,2.0,2.0,77251,M,4863234.0,253003.0,77
201700049338,17,6,30,1726,1,1,1,1.0,4.0,91377,M,4872858.0,229327.0,91
201700049339,17,7,1,1133,1,1,1,2.0,2.0,91235,M,4862454.0,237402.0,91
201700049340,17,7,2,950,1,1,1,2.0,6.0,91521,M,4863770.0,241662.0,91
201700049341,17,7,2,1945,1,1,1,1.0,2.0,94003,M,,,94
201700049342,17,7,3,2000,1,1,1,1.0,6.0,91434,M,4866733.0,235797.0,91
201700049343,17,7,4,720,1,1,1,1.0,2.0,91689,M,4872966.0,231450.0,91
201700049344,17,7,4,730,1,1,1,1.0,3.0,91549,M,4862657.0,234584.0,91
201700049345,17,7,5,1215,1,1,1,1.0,3.0,91174,M,4861954.0,245953.0,91
201700049346,17,7,5,1606,1,1,1,1.0,7.0,91235,M,,,91
201700049347,17,7,5,1715,1,1,1,1.0,2.0,91534,M,,,91
201700049348,17,7,6,30,3,1,1,1.0,2.0,91136,M,4867033.0,219442.0,91
201700049349,17,7,7,740,1,1,1,1.0,5.0,94034,M,,,94
201700049350,17,7,7,1845,1,1,1,1.0,2.0,94038,M,,,94
201700049351,17,7,8,1500,1,1,1,1.0,2.0,91689,M,,,91
201700049352,17,7,9,2100,2,1,1,3.0,6.0,91589,M,4868074.0,233135.0,91
201700049353,17,7,10,900,1,1,1,2.0,7.0,91477,M,,,91
201700049354,17,7,11,13,3,1,1,2.0,4.0,91471,M,4869046.0,219216.0,91
201700049355,17,7,11,1650,1,1,1,1.0,4.0,91064,M,,,91
201700049356,17,7,12,845,1,1,1,2.0,2.0,91377,M,4871546.0,229030.0,91
201700049357,17,7,12,900,1,1,1,2.0,5.0,91377,M,4872055.0,229361.0,91
201700049358,17,7,12,1745,1,1,1,1.0,3.0,91161,M,4871550.0,230932.0,91
201700049359,17,7,13,1500,1,1,1,1.0,3.0,91589,M,4867927.0,233379.0,91
201700049360,17,7,13,1745,1,1,1,1.0,7.0,91363,M,4866070.0,218607.0,91
201700049361,17,7,16,1450,1,1,1,1.0,4.0,91589,M,4867455.0,234188.0,91
201700049362,17,7,16,2130,2,1,1,1.0,2.0,94038,M,4877836.0,234604.0,94
201700049363,17,7,17,1659,1,1,1,1.0,2.0,91174,M,4861013.0,244396.0,91
201700049364,17,7,18,1030,1,1,1,1.0,2.0,91689,M,4874247.0,232239.0,91
201700049365,17,7,19,2350,3,1,1,1.0,6.0,91174,M,4862430.0,246890.0,91
201700049366,17,7,19,1540,1,1,1,1.0,3.0,94021,M,,,94
201700049367,17,7,19,1930,1,1,1,1.0,5.0,92002,M,,,92
201700049368,17,7,20,1130,1,1,1,1.0,3.0,94034,M,,,94
201700049369,17,7,20,2010,1,1,1,1.0,2.0,91174,M,4862033.0,246038.0,91
201700049370,17,7,21,1235,1,1,1,1.0,4.0,91687,M,4866443.0,236499.0,91
201700049371,17,7,22,200,3,1,1,1.0,6.0,91347,M,4862381.0,229800.0,91
201700049372,17,7,23,2038,1,1,1,2.0,5.0,91687,M,4866781.0,235690.0,91
201700049373,17,7,25,1730,1,1,1,1.0,2.0,91064,M,4874613.0,219470.0,91
201700049374,17,7,26,900,1,1,1,1.0,7.0,91235,M,4863279.0,235757.0,91