Num_Acc,an,mois,jour,hrmn,lum,agg,int,atm,col,com,gps,lat,long,dep
201700049375,17,7,26,2145,2,1,1,8.0,6.0,91570,M,4862399.0,229858.0,91
201700049376,17,7,28,30,3,1,1,1.0,1.0,91377,M,4879839.0,225526.0,91
201700049377,17,7,28,755,1,1,1,1.0,2.0,94034,M,,,94
201700049378,17,7,29,1425,1,1,1,1.0,2.0,91689,M,4874013.0,232010.0,91
201700049379,17,7,31,2221,3,1,1,2.0,6.0,91347,M,4862192.0,227987.0,91
201700049380,17,8,2,1130,1,1,1,1.0,2.0,94065,M,,,94
201700049381,17,8,3,1945,1,1,1,1.0,7.0,94038,M,,,94
201700049382,17,8,4,530,3,1,1,1.0,3.0,92002,M,,,92
201700049383,17,8,6,515,3,1,1,1.0,7.0,91363,M,4863428.0,221963.0,91
201700049384,17,8,8,1435,1,1,1,2.0,7.0,91235,M,4862533.0,236029.0,91
201700049385,17,8,9,1515,1,1,1,3.0,2.0,91286,M,4865148.0,238320.0,91
201700049386,17,8,9,1815,1,1,1,8.0,1.0,91161,M,4842338.0,218206.0,91
201700049387,17,8,10,2,3,1,1,1.0,6.0,94034,M,,,94
201700049388,17,8,10,820,1,1,1,1.0,3.0,91377,M,4843872.0,217351.0,91
201700049389,17,8,10,1210,1,1,1,3.0,6.0,91136,M,4842505.0,216241.0,91
201700049390,17,8,10,1215,1,1,1,2.0,7.0,91064,M,4846078.0,213474.0,91
201700049391,17,8,10,1235,1,1,1,8.0,4.0,91161,M,4841456.0,219257.0,91
201700049392,17,8,10,1435,1,1,1,2.0,7.0,92019,M,,,92
201700049393,17,8,10,1629,1,1,1,2.0,3.0,94021,M,,,94
201700049394,17,8,10,2134,3,1,1,1.0,5.0,91174,M,4861010.0,244021.0,91
201700049395,17,8,11,1734,1,1,1,1.0,5.0,91340,M,4860593.0,243562.0,91
201700049396,17,8,11,1951,1,1,1,1.0,3.0,91477,M,4871110.0,225216.0,91
201700049397,17,8,11,2255,3,1,1,1.0,6.0,91345,M,4869326.0,232048.0,91
201700049398,17,8,12,1735,1,1,1,2.0,6.0,91521,M,4862843.0,239992.0,91
201700049399,17,8,12,1755,1,1,1,2.0,3.0,91659,M,4857689.0,246432.0,91
201700049400,17,8,12,1945,1,1,1,1.0,6.0,91339,M,4862198.0,227535.0,91
201700049401,17,8,13,108,3,1,1,1.0,6.0,92019,M,4875000.0,226000.0,92
201700049402,17,8,13,1340,1,1,1,1.0,6.0,91549,M,4862647.0,234779.0,91
201700049403,17,8,15,2030,2,1,1,2.0,2.0,91377,M,4872863.0,230530.0,91
201700049404,17,8,16,1615,1,1,1,1.0,2.0,91471,M,4870877.0,218894.0,91
201700049405,17,8,16,1806,1,1,1,1.0,5.0,91432,M,4868201.0,233005.0,91
201700049406,17,8,17,1910,1,1,1,3.0,6.0,91377,M,4871349.0,228658.0,91
201700049407,17,8,18,1345,1,1,1,3.0,2.0,91345,M,4869153.0,232155.0,91
201700049408,17,8,18,2045,3,1,1,8.0,6.0,94034,M,,,94
201700049409,17,8,18,2225,3,1,1,1.0,6.0,91521,M,4863272.0,240601.0,91
201700049410,17,8,19,35,3,1,1,2.0,6.0,77251,M,4862420.0,254152.0,77
201700049411,17,8,20,400,3,1,1,1.0,7.0,91434,M,4866678.0,236021.0,91
201700049412,17,8,20,700,1,1,1,1.0,6.0,91174,M,4862273.0,246580.0,91
201700049413,17,8,22,840,1,1,1,1.0,2.0,91471,M,4870070.0,219200.0,91
201700049414,17,8,22,1020,1,1,1,1.0,2.0,91174,M,4862250.0,246450.0,91
201700049415,17,8,22,1458,1,1,1,1.0,6.0,91179,M,4854336.0,249713.0,91
201700049416,17,8,23,1115,1,1,1,1.0,3.0,91589,M,4866900.0,234080.0,91
201700049417,17,8,23,2310,3,1,1,1.0,6.0,91161,M,4870304.0,230723.0,91
201700049418,17,8,25,845,1,1,1,3.0,2.0,94034,M,,,94
201700049419,17,8,27,1000,1,1,1,1.0,6.0,91363,M,4863590.0,220999.0,91
201700049420,17,8,27,1220,1,1,1,1.0,4.0,91179,M,4855821.0,248871.0,91
201700049421,17,8,26,2355,3,1,1,1.0,2.0,91286,M,4864767.0,238661.0,91
201700049422,17,8,28,1720,1,1,1,1.0,3.0,91064,M,4874239.0,218716.0,91
201700049423,17,8,28,1639,1,1,1,1.0,5.0,77251,M,4861450.0,256376.0,77
201700049424,17,8,30,2005,2,1,1,2.0,4.0,91161,M,4871085.0,230753.0,91
201700049425,17,8,31,855,1,1,1,1.0,2.0,91534,M,4873805.0,217848.0,91
201700049426,17,9,1,1315,1,1,1,1.0,4.0,91589,M,4867473.0,234183.0,91
201700049427,17,9,1,1745,1,1,1,1.0,3.0,91347,M,4862212.0,228332.0,91
201700049428,17,9,2,1435,1,1,1,2.0,5.0,91689,M,4875011.0,232888.0,91
201700049429,17,9,2,1645,1,1,1,2.0,6.0,91345,M,4868769.0,232519.0,91
201700049430,17,9,2,2154,5,1,1,1.0,7.0,94003,M,,,94
201700049431,17,9,3,1616,1,1,1,1.0,6.0,91692,M,4868683.0,219001.0,91
201700049432,17,9,5,831,1,1,1,1.0,2.0,91339,M,4862366.0,226652.0,91
201700049433,17,9,5,1645,1,1,1,1.0,5.0,91182,M,4861770.0,242742.0,91
201700049434,17,9,5,1846,1,1,1,1.0,5.0,91182,M,4861533.0,242945.0,91
201700049435,17,9,6,855,1,1,1,1.0,4.0,91589,M,4868190.0,233017.0,91
201700049436,17,9,7,1930,1,1,1,1.0,2.0,91228,M,4861471.0,242997.0,91
201700049437,17,9,8,1700,1,1,1,2.0,4.0,91521,M,4862597.0,239711.0,91
201700049438,17,9,8,1850,1,1,1,2.0,2.0,94034,M,4875869.0,233689.0,94
201700049439,17,9,9,1520,1,1,1,3.0,4.0,91689,M,4873062.0,231492.0,91
201700049440,17,9,9,1426,1,1,1,2.0,4.0,91477,M,4872679.0,224446.0,91
201700049441,17,9,6,2040,3,1,1,1.0,4.0,94037,M,,,94
201700049442,17,9,10,1925,2,1,1,1.0,6.0,91340,M,4860916.0,243986.0,91
201700049443,17,9,11,900,1,1,1,2.0,4.0,91339,M,4862202.0,228031.0,91
201700049444,17,9,11,945,1,1,1,1.0,4.0,91549,M,4862505.0,233355.0,91
201700049445,17,9,11,1750,1,1,1,1.0,6.0,91617,M,4863973.0,253515.0,91
201700049446,17,9,13,1420,1,1,1,2.0,2.0,91471,M,4869106.0,219221.0,91
201700049447,17,9,13,1710,1,1,1,3.0,7.0,92019,M,4875971.0,226760.0,92
201700049448,17,9,13,1905,2,1,1,3.0,2.0,91161,M,4869640.0,231670.0,91
201700049449,17,9,13,1830,1,1,1,3.0,2.0,91377,M,4872144.0,227437.0,91
201700049450,17,9,13,1930,2,1,1,3.0,2.0,94038,M,,,94
201700049451,17,9,13,2030,3,1,1,3.0,6.0,94034,M,4875018.0,232898.0,94
201700049452,17,9,13,2340,3,1,1,3.0,5.0,91689,M,4874475.0,232327.0,91
201700049453,17,9,14,945,1,1,1,2.0,3.0,91589,M,4868504.0,232778.0,91
201700049454,17,9,14,820,1,1,1,1.0,6.0,91377,M,4872985.0,229894.0,91
201700049455,17,9,14,1100,1,1,1,1.0,3.0,91434,M,4866731.0,235886.0,91
201700049456,17,9,14,1335,1,1,1,1.0,5.0,91553,M,4862552.0,247262.0,91
201700049457,17,9,14,1415,1,1,1,2.0,4.0,94003,M,4880360.0,233950.0,94
201700049458,17,9,14,1640,1,1,1,8.0,2.0,94034,M,4876410.0,232010.0,94
201700049459,17,9,14,2000,3,1,1,2.0,3.0,91549,M,4862586.0,233820.0,91
201700049460,17,9,15,915,1,1,1,1.0,3.0,91471,M,4868572.0,218972.0,91
201700049461,17,9,17,1800,1,1,1,2.0,7.0,91689,M,4874879.0,232743.0,91
201700049462,17,9,18,210,3,1,1,5.0,6.0,91521,M,4863037.0,240022.0,91
201700049463,17,9,17,500,2,1,1,1.0,6.0,91689,M,4874230.0,232207.0,91
201700049464,17,9,19,156,3,1,1,1.0,7.0,91235,M,4862390.0,229890.0,91
201700049465,17,9,19,800,1,1,1,2.0,3.0,94038,M,,,94
201700049466,17,9,19,740,1,1,1,2.0,2.0,91235,M,4862626.0,235113.0,91
201700049467,17,9,19,1000,1,1,1,2.0,2.0,91471,M,4871248.0,218151.0,91
201700049468,17,9,18,725,2,1,1,1.0,4.0,91377,M,4872828.0,230517.0,91
201700049469,17,9,20,750,1,1,1,1.0,3.0,91286,M,4865343.0,238077.0,91
201700049470,17,9,21,930,1,1,1,1.0,2.0,92002,M,,,92
201700049471,17,9,21,1015,1,1,1,1.0,5.0,91377,M,4873145.0,223831.0,91
201700049472,17,9,22,1545,1,1,1,1.0,4.0,91589,M,4868394.0,232821.0,91
201700049473,17,9,22,1445,1,1,1,1.0,5.0,94034,M,,,94
201700049474,17,9,22,2200,3,1,1,1.0,3.0,91553,M,4862897.0,248210.0,91
201700049475,17,9,23,2352,3,1,1,1.0,2.0,94034,M,4875386.0,233173.0,94
201700049476,17,9,24,145,3,1,1,1.0,2.0,91235,M,4862493.0,236280.0,91
201700049477,17,9,24,942,1,1,1,1.0,2.0,91689,M,4873158.0,231529.0,91
201700049478,17,9,24,1308,1,1,1,1.0,2.0,91477,M,4871329.0,225278.0,91
201700049479,17,9,24,1320,1,1,1,1.0,5.0,91286,M,4864516.0,238924.0,91
201700049480,17,9,24,1600,1,1,1,1.0,2.0,91689,M,4872728.0,231354.0,91
201700049481,17,9,24,2100,3,1,1,1.0,3.0,91534,M,4872397.0,216709.0,91
201700049482,17,9,24,2035,3,1,1,1.0,3.0,91174,M,4861814.0,245719.0,91
201700049483,17,9,25,2000,5,1,1,1.0,3.0,94038,M,,,94
201700049484,17,9,26,903,1,1,1,2.0,2.0,94034,M,,,94
201700049485,17,9,26,750,2,1,1,2.0,3.0,91363,M,4864636.0,219150.0,91
201700049486,17,9,26,950,1,1,1,1.0,5.0,91286,M,4865140.0,238274.0,91
201700049487,17,9,26,1810,1,1,1,1.0,7.0,77251,M,4863130.0,253619.0,77
201700049488,17,9,27,1820,1,1,1,1.0,2.0,91521,M,4863216.0,240604.0,91
201700049489,17,9,27,1812,1,1,1,1.0,5.0,91471,M,4869232.0,217614.0,91
201700049490,17,9,28,730,3,1,1,1.0,4.0,91340,M,4861000.0,244306.0,91
201700049491,17,9,28,850,1,1,1,2.0,3.0,91377,M,4872559.0,228317.0,91
201700049492,17,9,28,1750,1,1,1,1.0,5.0,94065,M,,,94
201700049493,17,9,29,935,1,1,1,1.0,2.0,91471,M,4868585.0,218974.0,91
201700049494,17,9,29,2323,5,1,1,2.0,2.0,91161,M,4869998.0,231128.0,91
201700049495,17,9,29,2251,3,1,1,2.0,7.0,91363,M,4866046.0,218608.0,91
201700049496,17,10,1,150,3,1,1,1.0,3.0,91136,M,4871100.0,229500.0,91
201700049497,17,10,2,1750,1,1,1,1.0,3.0,91136,M,4871591.0,226687.0,91
201700049498,17,10,3,645,2,1,1,1.0,3.0,91286,M,4865571.0,237831.0,91
201700049499,17,10,3,1407,1,1,1,1.0,5.0,91161,M,4871007.0,230589.0,91
201700049500,17,10,4,850,1,1,1,1.0,5.0,91589,M,4868183.0,233017.0,91
201700049501,17,10,4,815,1,1,1,1.0,3.0,91477,M,4871329.0,225278.0,91
201700049502,17,10,4,855,1,1,1,1.0,5.0,91687,M,4866250.0,236850.0,91
201700049503,17,10,4,1100,1,1,1,1.0,5.0,91589,M,4867884.0,233495.0,91
201700049504,17,10,4,1650,1,1,1,1.0,5.0,91570,M,4862520.0,231606.0,91
201700049505,17,10,5,840,1,1,1,1.0,2.0,91312,M,4874589.0,222046.0,91
201700049506,17,10,5,2315,3,1,1,1.0,2.0,92002,M,,,92
201700049507,17,10,6,740,1,1,1,1.0,3.0,91377,M,4872678.0,230284.0,91
201700049508,17,10,6,750,1,1,1,1.0,2.0,91286,M,4864718.0,238728.0,91
201700049509,17,10,6,1040,1,1,1,1.0,2.0,91549,M,4862647.0,234577.0,91
201700049510,17,10,6,1640,1,1,1,1.0,4.0,91689,M,4873070.0,231492.0,91
201700049511,17,10,7,1330,1,1,1,1.0,6.0,91340,M,4859750.0,244080.0,91
201700049512,17,10,7,1555,1,1,1,1.0,7.0,91553,M,4862713.0,247587.0,91
201700049513,17,10,8,140,3,1,1,1.0,6.0,91570,M,4862532.0,231364.0,91
201700049514,17,10,8,730,2,1,1,1.0,6.0,77384,M,4860472.0,258931.0,77
201700049515,17,10,10,1652,1,1,1,1.0,3.0,94034,M,,,94
201700049516,17,10,10,1800,1,1,1,1.0,3.0,91086,M,4862365.0,239148.0,91
201700049517,17,10,11,758,2,1,1,1.0,3.0,94065,M,,,94
201700049518,17,10,12,920,1,1,1,1.0,5.0,94034,M,,,94
201700049519,17,10,12,1730,1,1,1,1.0,2.0,91363,M,4866475.0,218946.0,91
201700049520,17,10,12,1720,1,1,1,1.0,2.0,91617,M,4863590.0,253528.0,91
201700049521,17,10,12,1855,2,1,1,1.0,3.0,94003,M,,,94
201700049522,17,10,13,945,1,1,1,1.0,6.0,91659,M,4858659.0,245127.0,91
201700049523,17,10,13,1155,1,1,1,1.0,4.0,94037,M,,,94
201700049524,17,10,13,1801,1,1,1,1.0,4.0,94038,M,4877269.0,234577.0,94
201700049525,17,10,13,1830,1,1,1,1.0,2.0,91553,M,4862310.0,245250.0,91
201700049526,17,10,14,545,5,1,1,1.0,6.0,94003,M,,,94
201700049527,17,10,14,1615,1,1,1,1.0,4.0,91161,M,4871060.0,229973.0,91
201700049528,17,10,15,1210,1,1,1,1.0,2.0,91345,M,4869315.0,232067.0,91
201700049529,17,10,15,1720,1,1,1,1.0,4.0,91377,M,4872334.0,229774.0,91
201700049530,17,6,8,1030,1,1,1,1.0,5.0,91434,M,,,91
201700049531,17,10,16,1100,1,1,1,1.0,2.0,91363,M,4864940.0,218577.0,91
201700049532,17,10,16,1730,1,1,1,1.0,2.0,91161,M,4872172.0,231152.0,91
201700049533,17,10,17,1725,1,1,1,1.0,5.0,91174,M,4861172.0,244810.0,91
201700049534,17,10,17,2152,5,1,1,1.0,6.0,91659,M,4859411.0,244305.0,91
201700049535,17,10,18,800,2,1,1,1.0,7.0,91377,M,4873031.0,230794.0,91
201700049536,17,10,18,939,1,1,1,1.0,7.0,92002,M,,,92
201700049537,17,10,18,1707,1,1,1,1.0,5.0,94003,M,4880212.0,234179.0,94
201700049538,17,10,19,715,3,1,1,1.0,2.0,91687,M,4866258.0,236793.0,91
201700049539,17,10,19,815,1,1,1,1.0,2.0,91689,M,4874875.0,232705.0,91
201700049540,17,10,19,2000,2,1,1,1.0,4.0,91340,M,4860036.0,243910.0,91
201700049541,17,10,20,1500,1,1,1,1.0,2.0,91689,M,4874573.0,232512.0,91
201700049542,17,10,20,1545,1,1,1,1.0,3.0,92019,M,,,92
201700049543,17,10,20,2135,3,1,1,1.0,2.0,91377,M,4871910.0,227007.0,91
201700049544,17,10,21,1741,1,1,1,1.0,4.0,92002,M,,,92
201700049545,17,10,22,1713,1,1,1,2.0,6.0,91235,M,4862614.0,235383.0,91
201700049546,17,10,22,2030,3,1,1,2.0,4.0,91037,M,4853023.0,250139.0,91
201700049547,17,10,23,1910,2,1,1,2.0,3.0,94021,M,,,94
201700049548,17,10,24,1350,1,1,1,8.0,6.0,91521,M,4863548.0,240109.0,91
201700049549,17,10,24,1720,1,1,1,1.0,4.0,91534,M,4872348.0,216733.0,91
201700049550,17,10,25,830,2,1,1,2.0,5.0,94034,M,,,94
201700049551,17,10,25,1555,1,1,1,1.0,3.0,92019,M,4876030.0,228150.0,92
201700049552,17,10,25,1845,2,1,1,1.0,2.0,94003,M,,,94
201700049553,17,10,27,900,1,1,1,1.0,6.0,91617,M,4863156.0,252080.0,91
201700049554,17,10,27,1000,1,1,1,8.0,2.0,77251,M,4863277.0,252666.0,77
201700049555,17,10,27,1345,1,1,1,7.0,7.0,94021,M,,,94
201700049556,17,10,27,1725,1,1,1,1.0,4.0,91661,M,4869016.0,222182.0,91
201700049557,17,10,27,1710,2,1,1,1.0,5.0,91340,M,4860977.0,244238.0,91
201700049558,17,10,27,2053,4,1,1,1.0,7.0,92002,M,,,92
201700049559,17,10,29,1434,1,1,1,2.0,6.0,91363,M,4864771.0,218868.0,91
201700049560,17,10,29,1815,2,1,1,1.0,2.0,94038,M,,,94
201700049561,17,10,30,930,1,1,1,1.0,4.0,91161,M,4870049.0,231017.0,91
201700049562,17,10,31,801,1,1,1,1.0,5.0,91434,M,4866983.0,234926.0,91
201700049563,17,11,1,1800,5,1,1,1.0,4.0,94034,M,4876052.0,231983.0,94
201700049564,17,11,1,2115,3,1,1,1.0,5.0,91434,M,4866812.0,235476.0,91
201700049565,17,11,2,1455,1,1,1,1.0,4.0,94034,M,,,94
201700049566,17,11,2,1750,3,1,1,1.0,4.0,91340,M,4860422.0,243691.0,91
201700049567,17,11,2,2300,3,1,1,1.0,6.0,91340,M,4860000.0,242000.0,91
201700049568,17,11,3,2020,3,1,1,1.0,5.0,92002,M,,,92
201700049569,17,11,5,1630,2,1,1,2.0,4.0,91064,M,4875217.0,222304.0,91
201700049570,17,11,5,2000,5,1,1,1.0,2.0,94065,M,,,94
201700049571,17,11,6,730,1,1,1,1.0,3.0,94003,M,,,94
201700049572,17,11,6,1840,5,1,1,1.0,4.0,94003,M,,,94
201700049573,17,11,7,630,3,1,1,1.0,2.0,91687,M,4866461.0,236440.0,91
201700049574,17,11,7,850,1,1,1,1.0,4.0,91340,M,4860195.0,243802.0,91
201700049575,17,11,7,1150,1,1,1,1.0,2.0,91174,M,4861846.0,245762.0,91
201700049576,17,11,8,825,1,1,1,1.0,2.0,91521,M,4863268.0,240526.0,91
201700049577,17,11,8,1615,1,1,1,1.0,2.0,91037,M,4854273.0,249742.0,91
201700049578,17,11,8,1737,3,1,1,1.0,6.0,91161,M,4870929.0,230683.0,91
201700049579,17,11,9,830,1,1,1,8.0,3.0,91377,M,4872567.0,228219.0,91
201700049580,17,11,9,1830,5,1,1,1.0,4.0,91377,M,4872445.0,227979.0,91
201700049581,17,11,11,457,3,1,1,2.0,6.0,92002,M,,,92
201700049582,17,11,11,2214,3,1,1,2.0,6.0,91477,M,4871929.0,225821.0,91
201700049583,17,11,12,1000,1,1,1,3.0,6.0,91521,M,4863349.0,240490.0,91
201700049584,17,11,12,1030,1,1,1,3.0,3.0,91589,M,4868072.0,233125.0,91
201700049585,17,11,12,1114,1,1,1,2.0,6.0,91521,M,4862936.0,241113.0,91
201700049586,17,11,12,1230,1,1,1,3.0,7.0,91161,M,4870938.0,230574.0,91
201700049587,17,11,12,1420,1,1,1,2.0,6.0,94034,M,,,94
201700049588,17,11,13,1950,3,1,1,1.0,4.0,91377,M,4871826.0,229218.0,91
201700049589,17,11,14,1100,1,1,1,1.0,4.0,91617,M,4863180.0,250256.0,91
201700049590,17,11,14,1405,1,1,1,1.0,5.0,92002,M,,,92
201700049591,17,11,14,1510,1,1,1,1.0,2.0,91589,M,4867285.0,234402.0,91
201700049592,17,11,15,1400,1,1,1,1.0,6.0,91471,M,4869388.0,219335.0,91
201700049593,17,11,15,1830,2,1,1,1.0,2.0,91363,M,4866660.0,219146.0,91
201700049594,17,11,15,1835,5,1,1,1.0,3.0,91286,M,4865132.0,238280.0,91
201700049595,17,11,16,5,3,1,1,1.0,2.0,77251,M,4860901.0,257767.0,77
201700049596,17,11,16,540,3,1,1,1.0,2.0,91687,M,4866499.0,236395.0,91
201700049597,17,11,16,1735,2,1,1,1.0,3.0,91340,M,4860820.0,243384.0,91
201700049598,17,11,16,1849,4,1,1,1.0,2.0,91347,M,4862378.0,229726.0,91
201700049599,17,11,17,1710,2,1,1,1.0,3.0,91377,M,4872706.0,230325.0,91
201700049600,17,11,18,520,3,1,1,1.0,4.0,91345,M,4868844.0,232460.0,91
201700049601,17,11,18,1420,1,1,1,1.0,3.0,91534,M,4873870.0,217971.0,91
201700049602,17,11,19,830,1,1,1,1.0,6.0,91340,M,4860896.0,243943.0,91
201700049603,17,11,20,630,3,1,1,1.0,2.0,91363,M,4866083.0,218571.0,91
201700049604,17,11,20,1840,3,1,1,1.0,2.0,91689,M,4874097.0,232088.0,91
201700049605,17,11,21,715,2,1,1,1.0,4.0,94034,M,,,94
201700049606,17,11,21,910,1,1,1,1.0,2.0,91286,M,4865814.0,237567.0,91
201700049607,17,11,21,900,1,1,1,1.0,3.0,94003,M,4880566.0,234179.0,94
201700049608,17,11,21,1505,1,1,1,8.0,2.0,91589,M,4867732.0,233786.0,91
201700049609,17,11,21,2330,3,1,1,1.0,2.0,91086,M,4862000.0,236000.0,91
201700049610,17,11,22,1133,1,1,1,1.0,2.0,91534,M,4872158.0,216857.0,91
201700049611,17,11,22,1915,3,1,1,1.0,6.0,91377,M,4871069.0,229392.0,91
201700049612,17,11,23,2140,3,1,1,2.0,7.0,91477,M,4871979.0,225694.0,91
201700049613,17,11,24,245,5,1,1,2.0,6.0,94003,M,4881363.0,233593.0,94
201700049614,17,11,24,730,2,1,1,2.0,5.0,91286,M,4864534.0,238904.0,91
201700049615,17,11,24,855,1,1,1,2.0,4.0,91468,M,4857418.0,246659.0,91
201700049616,17,11,24,930,1,1,1,2.0,2.0,91477,M,4871777.0,226170.0,91
201700049617,17,11,24,830,1,1,1,2.0,3.0,91161,M,4871619.0,230944.0,91
201700049618,17,11,24,1730,3,1,1,1.0,3.0,91377,M,4843510.0,218310.0,91
201700049619,17,11,24,1745,3,1,1,8.0,2.0,91645,M,4875973.0,226033.0,91
201700049620,17,11,25,1900,3,1,1,1.0,2.0,91340,M,4860047.0,243912.0,91
201700049621,17,11,26,710,3,1,1,1.0,6.0,91617,M,4863157.0,251717.0,91
201700049622,17,11,26,938,1,1,1,1.0,6.0,91687,M,4866080.0,237090.0,91
201700049623,17,11,26,1500,1,1,1,1.0,3.0,94034,M,,,94
201700049624,17,11,25,145,3,1,1,1.0,7.0,91589,M,4867886.0,233490.0,91
201700049625,17,11,27,1657,2,1,1,2.0,3.0,91064,M,4874968.0,220719.0,91
201700049626,17,11,27,2140,3,1,1,2.0,2.0,91645,M,4876071.0,225365.0,91
201700049627,17,11,27,2315,3,1,1,3.0,6.0,91136,M,4871289.0,228287.0,91
201700049628,17,11,28,645,3,1,1,1.0,2.0,91228,M,4861411.0,243038.0,91
201700049629,17,11,28,2005,3,1,1,1.0,4.0,91161,M,4869770.0,231464.0,91
201700049630,17,11,28,2045,3,1,1,1.0,5.0,91136,M,4871357.0,227826.0,91
201700049631,17,11,29,910,1,1,1,1.0,2.0,91534,M,4874000.0,218217.0,91
201700049632,17,11,29,1400,1,1,1,2.0,1.0,91235,M,4862541.0,236091.0,91
201700049633,17,11,29,1730,5,1,1,1.0,7.0,94034,M,,,94
201700049634,17,11,29,1800,5,1,1,1.0,5.0,94034,M,,,94
201700049635,17,11,30,903,1,1,1,1.0,5.0,92019,M,,,92
201700049636,17,11,30,1700,3,1,1,2.0,4.0,91689,M,4874452.0,232384.0,91
201700049637,17,12,1,1216,1,1,1,1.0,4.0,94037,M,,,94
201700049638,17,12,1,1705,2,1,1,1.0,3.0,91687,M,4866583.0,236221.0,91
201700049639,17,12,1,1820,3,1,1,1.0,4.0,91689,M,4874804.0,232681.0,91
201700049640,17,12,1,1810,3,1,1,8.0,2.0,91661,M,4869005.0,222172.0,91
201700049641,17,12,2,655,3,1,1,1.0,4.0,91689,M,4873945.0,231903.0,91
201700049642,17,12,3,1215,1,1,1,2.0,6.0,94021,M,,,94
201700049643,17,12,2,1815,3,1,1,2.0,4.0,91340,M,4860924.0,244066.0,91
201700049644,17,12,2,1943,3,1,1,2.0,2.0,91432,M,4869424.0,231972.0,91
201700049645,17,12,3,1850,3,1,1,1.0,2.0,91689,M,4874375.0,232301.0,91
201700049646,17,12,3,131,5,1,1,2.0,6.0,91589,M,4867352.0,234325.0,91
201700049647,17,12,4,830,2,1,1,8.0,4.0,91434,M,4866830.0,235374.0,91
201700049648,17,12,4,2010,5,1,1,8.0,4.0,94034,M,,,94
201700049649,17,12,4,2325,3,1,1,1.0,7.0,94065,M,4875470.0,234785.0,94
201700049650,17,12,5,1335,1,1,1,8.0,3.0,91064,M,4874104.0,218400.0,91
201700049651,17,12,5,1845,5,1,1,1.0,6.0,91689,M,4874645.0,232552.0,91
201700049652,17,12,6,753,2,1,1,1.0,7.0,94034,M,,,94
201700049653,17,12,6,858,1,1,1,8.0,7.0,91339,M,4862719.0,225835.0,91
201700049654,17,12,6,920,1,1,1,1.0,7.0,91689,M,4874506.0,232410.0,91
201700049655,17,12,6,1105,1,1,1,1.0,6.0,91477,M,4871991.0,225589.0,91
201700049656,17,12,7,830,1,1,1,1.0,2.0,91471,M,4869914.0,219245.0,91
201700049657,17,12,7,1630,1,1,1,3.0,2.0,91340,M,4859989.0,243967.0,91
201700049658,17,12,7,1855,5,1,1,2.0,3.0,94037,M,,,94
201700049659,17,12,8,319,3,1,1,8.0,2.0,91228,M,4861158.0,243222.0,91
201700049660,17,12,8,1245,1,1,1,2.0,2.0,91617,M,4863131.0,251055.0,91
201700049661,17,12,8,2140,3,1,1,4.0,1.0,91161,M,4871071.0,229974.0,91
201700049662,17,12,10,339,3,1,1,2.0,1.0,77251,M,4861839.0,255365.0,77
201700049663,17,12,10,1711,2,1,1,3.0,2.0,94038,M,,,94
201700049664,17,12,10,1810,3,1,1,2.0,2.0,91312,M,4874550.0,222081.0,91
201700049665,17,12,10,1730,2,1,1,2.0,4.0,91689,M,4872887.0,231407.0,91
201700049666,17,12,10,2210,3,1,1,2.0,7.0,91645,M,4875944.0,224415.0,91
201700049667,17,12,11,720,3,1,1,2.0,5.0,91687,M,4866326.0,236681.0,91
201700049668,17,12,11,1051,1,1,1,2.0,4.0,92002,M,,,92
201700049669,17,12,11,1225,1,1,1,2.0,3.0,94037,M,,,94
201700049670,17,12,12,700,3,1,1,9.0,6.0,91692,M,4869265.0,217408.0,91
201700049671,17,12,12,1440,1,1,1,1.0,4.0,91589,M,4867287.0,234391.0,91
201700049672,17,12,12,1430,1,1,1,1.0,3.0,91617,M,4863151.0,251495.0,91
201700049673,17,12,12,1745,2,1,1,1.0,4.0,91182,M,4862520.0,241750.0,91
201700049674,17,12,13,945,1,1,1,3.0,3.0,91345,M,4870120.0,230889.0,91
201700049675,17,12,13,1040,1,1,1,2.0,6.0,91432,M,4869424.0,231972.0,91
201700049676,17,12,13,1350,1,1,1,2.0,6.0,94021,M,,,94
201700049677,17,12,13,1415,1,1,1,2.0,4.0,91286,M,4865627.0,239793.0,91
201700049678,17,12,13,2200,5,1,1,3.0,4.0,92002,M,,,92
201700049679,17,12,14,344,3,1,1,8.0,2.0,91174,M,4861171.0,244804.0,91
201700049680,17,12,15,935,1,1,1,1.0,5.0,91161,M,4870419.0,230641.0,91
201700049681,17,12,15,905,1,1,1,1.0,2.0,94003,M,,,94
201700049682,17,12,15,1405,1,1,1,1.0,3.0,91161,M,4870890.0,230667.0,91
201700049683,17,12,15,1730,2,1,1,3.0,2.0,91434,M,4866733.0,235885.0,91
201700049684,17,12,17,745,3,1,1,1.0,6.0,91549,M,4862510.0,233393.0,91
201700049685,17,12,17,1307,1,1,1,8.0,1.0,91477,M,4872099.0,225254.0,91
201700049686,17,12,17,1335,1,1,1,1.0,2.0,91689,M,4871984.0,231079.0,91
201700049687,17,12,18,850,1,1,1,1.0,2.0,91434,M,4866805.0,235450.0,91
201700049688,17,12,18,900,1,1,1,1.0,5.0,91345,M,4868964.0,232381.0,91
201700049689,17,12,18,940,1,1,1,1.0,2.0,94003,M,,,94