Num_Acc,an,mois,jour,hrmn,lum,agg,int,atm,col,com,gps,lat,long,dep
201700049690,17,12,18,1720,2,1,1,1.0,4.0,91345,M,4869037.0,232305.0,91
201700049691,17,12,18,1800,2,1,1,1.0,2.0,91340,M,4860144.0,243837.0,91
201700049692,17,12,18,1825,2,1,1,1.0,4.0,91521,M,4863190.0,240730.0,91
201700049693,17,12,19,700,5,1,1,1.0,3.0,94038,M,,,94
201700049694,17,12,19,905,1,1,1,8.0,3.0,91136,M,4872701.0,228754.0,91
201700049695,17,12,19,1600,1,1,1,8.0,2.0,91339,M,4862509.0,226319.0,91
201700049696,17,12,20,900,1,1,1,1.0,2.0,91064,M,4874534.0,219346.0,91
201700049697,17,12,21,845,2,1,1,2.0,3.0,94034,M,,,94
201700049698,17,12,21,1811,5,1,1,2.0,4.0,91340,M,4860101.0,243876.0,91
201700049699,17,12,22,450,3,1,1,8.0,4.0,91471,M,4871479.0,217436.0,91
201700049700,17,12,22,602,3,1,1,8.0,2.0,91286,M,4864802.0,238608.0,91
201700049701,17,12,22,1300,1,1,1,2.0,2.0,94034,M,,,94
201700049702,17,12,22,1415,1,1,1,2.0,4.0,91689,M,4871641.0,230956.0,91
201700049703,17,12,22,1850,3,1,1,2.0,3.0,91064,M,,,91
201700049704,17,12,24,2230,3,1,1,8.0,3.0,94037,M,4881585.0,233662.0,94
201700049705,17,12,26,401,3,1,1,8.0,6.0,91521,M,4863609.0,240299.0,91
201700049706,17,12,26,900,1,1,1,1.0,1.0,91521,M,4863181.0,240703.0,91
201700049707,17,12,26,835,1,1,1,1.0,7.0,91136,M,4871070.0,228740.0,91
201700049708,17,12,26,950,1,1,1,1.0,3.0,91477,M,4871329.0,225278.0,91
201700049709,17,12,26,935,1,1,1,2.0,7.0,91553,M,4863124.0,250436.0,91
201700049710,17,12,27,2112,3,1,1,1.0,6.0,91340,M,4860830.0,243340.0,91
201700049711,17,12,28,1130,1,1,1,1.0,7.0,94065,M,,,94
201700049712,17,12,28,1500,1,1,1,1.0,2.0,94037,M,,,94
201700049713,17,12,28,2010,3,1,1,1.0,3.0,91521,M,4863728.0,239830.0,91
201700049714,17,12,29,1310,1,1,1,2.0,4.0,91549,M,4862486.0,233069.0,91
201700049715,17,12,29,1648,1,1,1,3.0,6.0,91589,M,4868025.0,233214.0,91
201700049716,17,12,30,515,3,1,1,2.0,6.0,91570,M,4862534.0,231945.0,91
201700049717,17,12,30,655,3,1,1,2.0,3.0,94021,M,,,94
201700049718,17,12,30,1640,2,1,1,2.0,3.0,91477,M,4871684.0,226431.0,91
201700049719,17,12,31,540,3,1,1,1.0,2.0,91161,M,4869547.0,231795.0,91
201700049720,17,12,31,1156,1,1,1,1.0,7.0,91064,M,4875087.0,222227.0,91
201700049721,17,12,31,1530,1,1,1,1.0,7.0,94065,M,,,94
201700049722,17,12,30,1430,1,1,1,2.0,6.0,91064,M,4874930.0,220998.0,91
201700049723,17,12,31,1900,3,1,1,2.0,2.0,91434,M,4866781.0,235612.0,91
201700049724,17,1,4,1050,1,2,1,1.0,6.0,20033,M,,,202
201700049725,17,1,4,1405,1,2,1,1.0,6.0,20033,M,4270323.0,944191.0,202
201700049726,17,1,6,745,1,2,2,1.0,3.0,20033,M,4267616.0,943850.0,202
201700049727,17,1,9,1050,1,2,2,1.0,6.0,20033,M,4270129.0,945038.0,202
201700049728,17,1,9,2149,5,2,1,1.0,3.0,20033,M,,,202
201700049729,17,1,10,1905,5,2,2,2.0,3.0,20033,M,4270034.0,945005.0,202
201700049730,17,1,11,930,1,2,1,1.0,7.0,20033,M,4267655.0,944184.0,202
201700049731,17,1,12,1224,1,2,1,1.0,6.0,20033,M,,,202
201700049732,17,1,16,1444,1,1,1,8.0,2.0,20033,M,4237105.0,926103.0,202
201700049733,17,1,16,1525,1,2,1,1.0,3.0,20033,M,,,202
201700049734,17,1,18,1300,1,2,1,6.0,4.0,20033,M,,,202
201700049735,17,1,20,1215,1,2,6,1.0,4.0,20033,M,4267706.0,944457.0,202
201700049736,17,1,22,1508,1,1,1,3.0,6.0,20120,M,4265212.0,944108.0,202
201700049737,17,1,27,1430,1,2,1,2.0,2.0,20037,M,4259963.0,943843.0,202
201700049738,17,2,1,1430,1,1,1,1.0,2.0,20033,M,4262520.0,943710.0,202
201700049739,17,2,2,942,1,2,1,1.0,5.0,20033,M,4266424.0,944259.0,202
201700049740,17,2,3,1855,5,2,1,1.0,2.0,20033,M,4267273.0,944380.0,202
201700049741,17,2,3,1905,5,2,1,1.0,2.0,20033,M,4266865.0,944323.0,202
201700049742,17,2,6,1515,1,2,1,2.0,2.0,20033,M,4268406.0,944669.0,202
201700049743,17,2,12,1037,1,1,1,1.0,6.0,20120,M,4264432.0,943966.0,202
201700049744,17,2,14,630,3,1,1,8.0,7.0,20033,M,4264080.0,943920.0,202
201700049745,17,2,16,2030,5,2,1,1.0,6.0,20033,M,4269825.0,944935.0,202
201700049746,17,2,21,940,1,2,1,1.0,3.0,20037,M,4263018.0,943640.0,202
201700049747,17,2,21,1950,5,1,1,1.0,3.0,20033,M,4267957.0,942895.0,202
201700049748,17,2,23,2043,5,2,1,1.0,2.0,20033,M,4269315.0,945014.0,202
201700049749,17,2,27,1510,1,2,3,1.0,3.0,20033,M,4269780.0,944913.0,202
201700049750,17,2,28,2050,5,2,1,6.0,3.0,20033,M,4269065.0,944754.0,202
201700049751,17,3,1,1617,1,2,1,1.0,4.0,20033,M,,,202
201700049752,17,3,4,1810,5,2,1,1.0,1.0,20033,M,,,202
201700049753,17,3,15,1520,1,1,6,1.0,3.0,20037,M,4259487.0,943860.0,202
201700049754,17,3,15,2020,5,2,3,1.0,3.0,20033,M,4270231.0,945002.0,202
201700049755,17,3,16,1652,1,2,1,1.0,2.0,20033,M,4239290.0,926300.0,202
201700049756,17,3,20,2024,5,2,1,1.0,1.0,20033,M,4268798.0,944664.0,202
201700049757,17,3,23,1326,1,1,1,1.0,6.0,20120,M,4265663.0,944034.0,202
201700049758,17,3,26,708,1,2,1,1.0,2.0,20033,M,4269677.0,944842.0,202
201700049759,17,3,31,1135,1,1,1,1.0,3.0,20033,M,4238453.0,926240.0,202
201700049760,17,4,1,2200,3,1,1,2.0,6.0,20033,M,4263962.0,943981.0,202
201700049761,17,4,3,1010,1,1,1,1.0,6.0,20033,M,4270624.0,945280.0,202
201700049762,17,4,3,1925,1,2,1,1.0,1.0,20033,M,4268086.0,944267.0,202
201700049763,17,4,5,1415,1,2,1,1.0,4.0,20033,M,4262172.0,943693.0,202
201700049764,17,4,6,855,1,2,1,1.0,4.0,20033,M,4269196.0,945153.0,202
201700049765,17,4,6,1635,1,1,1,1.0,3.0,20033,M,4268696.0,942807.0,202
201700049766,17,4,8,229,5,1,6,1.0,6.0,20033,M,,,202
201700049767,17,4,10,1010,1,2,6,1.0,3.0,20033,M,4270300.0,944666.0,202
201700049768,17,4,10,1145,1,2,1,1.0,6.0,20033,M,,,202
201700049769,17,4,11,910,1,2,1,1.0,6.0,20033,M,4270228.0,945009.0,202
201700049770,17,4,12,1840,1,2,1,1.0,2.0,20033,M,4270319.0,945328.0,202
201700049771,17,4,14,2245,5,2,3,1.0,3.0,20033,M,4270432.0,945143.0,202
201700049772,17,4,18,1538,1,2,1,1.0,3.0,20033,M,4269226.0,945188.0,202
201700049773,17,4,19,910,1,2,6,1.0,3.0,20033,M,,,202
201700049774,17,4,19,2143,5,1,1,,1.0,20037,M,4262030.0,943697.0,202
201700049775,17,4,25,1755,1,2,6,1.0,3.0,20037,M,4259420.0,943870.0,202
201700049776,17,4,27,2015,5,1,6,2.0,3.0,20033,M,4267130.0,944361.0,202
201700049777,17,4,29,1525,1,1,1,1.0,2.0,20037,M,4262986.0,943763.0,202
201700049778,17,4,30,1053,1,2,1,1.0,2.0,20033,M,,,202
201700049779,17,5,4,1814,1,2,1,3.0,4.0,20037,M,4263172.0,943788.0,202
201700049780,17,5,7,1900,1,2,2,7.0,6.0,20033,M,,,202
201700049781,17,5,9,725,1,1,1,1.0,6.0,20033,M,,,202
201700049782,17,5,9,2318,5,2,1,1.0,2.0,20033,M,,,202
201700049783,17,5,11,2038,2,2,1,1.0,3.0,20033,M,4267738.0,943388.0,202
201700049784,17,5,19,1800,1,1,1,1.0,1.0,20037,M,4263268.0,943514.0,202
201700049785,17,5,22,1210,1,2,1,1.0,6.0,20033,M,,,202
201700049786,17,5,23,1600,1,1,1,1.0,2.0,20033,M,4266842.0,944307.0,202
201700049787,17,5,23,1855,1,2,1,1.0,4.0,20033,M,,,202
201700049788,17,5,26,1900,1,2,2,7.0,6.0,20033,M,,,202
201700049789,17,5,28,511,2,2,3,1.0,3.0,20033,M,4270528.0,944115.0,202
201700049790,17,5,25,20,5,1,9,1.0,1.0,20033,M,4266863.0,944325.0,202
201700049791,17,5,30,1423,1,1,1,1.0,2.0,20033,M,4262730.0,943735.0,202
201700049792,17,6,1,2229,5,1,1,1.0,6.0,20033,M,4265005.0,945251.0,202
201700049793,17,6,2,1650,1,2,9,1.0,5.0,20033,M,4267863.0,944099.0,202
201700049794,17,6,6,1730,1,2,9,,2.0,20033,M,,,202
201700049795,17,6,7,1500,1,2,1,1.0,2.0,20033,M,4269353.0,945048.0,202
201700049796,17,6,7,1550,1,2,1,1.0,5.0,20033,M,,,202
201700049797,17,6,9,1345,1,2,1,1.0,6.0,20033,M,,,202
201700049798,17,6,9,2025,2,2,1,1.0,3.0,20033,M,4267758.0,944481.0,202
201700049799,17,6,17,1840,2,2,1,1.0,6.0,20033,M,4270233.0,944997.0,202
201700049800,17,6,19,1752,1,2,1,1.0,1.0,20033,M,4268346.0,942057.0,202
201700049801,17,6,20,945,1,2,1,1.0,5.0,20033,M,,,202
201700049802,17,6,21,2136,2,2,1,1.0,3.0,20033,M,4268389.0,944477.0,202
201700049803,17,6,23,1920,1,2,6,1.0,6.0,20033,M,,,202
201700049804,17,6,30,1135,1,2,6,8.0,1.0,20033,M,4267840.0,944312.0,202
201700049805,17,7,1,1800,1,1,1,1.0,1.0,20033,M,4265400.0,944910.0,202
201700049806,17,7,4,1906,2,2,1,7.0,6.0,20033,M,4270232.0,945007.0,202
201700049807,17,7,5,1245,1,1,1,1.0,6.0,20033,M,4262201.0,943681.0,202
201700049808,17,7,7,1800,1,2,1,1.0,6.0,20033,M,4269922.0,945099.0,202
201700049809,17,7,10,1105,1,2,1,7.0,6.0,20033,M,,,202
201700049810,17,7,10,1424,1,2,1,1.0,6.0,20033,M,,,202
201700049811,17,7,10,2303,5,2,1,1.0,3.0,20033,M,4268480.0,944503.0,202
201700049812,17,7,12,1945,1,2,1,1.0,6.0,20033,M,,,202
201700049813,17,7,12,1915,1,1,1,1.0,4.0,20033,M,,,202
201700049814,17,7,13,2100,2,1,1,1.0,2.0,20120,M,4265529.0,944132.0,202
201700049815,17,7,14,300,5,2,2,1.0,3.0,20033,M,4267610.0,943840.0,202
201700049816,17,7,14,1655,1,2,6,1.0,6.0,20033,M,4240432.0,925505.0,202
201700049817,17,7,14,2130,5,2,1,1.0,3.0,20033,M,,,202
201700049818,17,7,17,855,1,2,1,1.0,2.0,20033,M,4267719.0,944419.0,202
201700049819,17,7,18,1935,1,2,1,1.0,6.0,20033,M,,,202
201700049820,17,7,26,220,5,2,6,1.0,1.0,20033,M,4270299.0,944667.0,202
201700049821,17,7,28,1420,1,1,1,2.0,,20033,M,,,202
201700049822,17,7,29,905,1,2,2,1.0,6.0,20033,M,4269781.0,945151.0,202
201700049823,17,7,29,1548,1,2,1,1.0,4.0,20033,M,,,202
201700049824,17,8,7,1730,1,2,1,1.0,1.0,20033,M,,,202
201700049825,17,8,8,1000,1,2,1,1.0,2.0,20033,M,,,202
201700049826,17,8,9,1440,1,2,3,1.0,3.0,20033,M,4268276.0,942201.0,202
201700049827,17,8,12,1525,1,2,1,1.0,2.0,20120,M,4265123.0,944123.0,202
201700049828,17,8,17,1725,1,1,1,1.0,3.0,20033,M,,,202
201700049829,17,8,18,1330,1,2,6,1.0,2.0,20033,M,4270823.0,945362.0,202
201700049830,17,8,18,2240,5,2,1,1.0,2.0,20033,M,4266401.0,944259.0,202
201700049831,17,8,18,1757,1,2,3,1.0,3.0,20033,M,4267365.0,943438.0,202
201700049832,17,8,19,1115,1,2,1,1.0,6.0,20033,M,,,202
201700049833,17,8,20,150,5,2,1,1.0,2.0,20033,M,4267738.0,943397.0,202
201700049834,17,8,21,2230,5,2,4,1.0,7.0,20033,M,,,202
201700049835,17,8,25,1315,1,1,1,1.0,2.0,20033,M,4239100.0,926280.0,202
201700049836,17,8,25,1400,1,2,1,1.0,3.0,20033,M,,,202
201700049837,17,8,27,1815,2,2,1,1.0,3.0,20033,M,,,202
201700049838,17,8,28,355,5,2,1,1.0,6.0,20033,M,4268989.0,942961.0,202
201700049839,17,8,29,1252,1,2,1,1.0,6.0,20033,M,4267991.0,944226.0,202
201700049840,17,8,31,850,1,2,6,8.0,3.0,20033,M,,,202
201700049841,17,9,14,1822,1,2,1,1.0,6.0,20033,M,,,202
201700049842,17,9,18,815,1,1,1,1.0,3.0,20033,M,4259733.0,943874.0,202
201700049843,17,9,18,1642,1,2,1,2.0,3.0,20033,M,4262000.0,943000.0,202
201700049844,17,9,18,1830,2,2,1,2.0,4.0,20120,M,4265896.0,944187.0,202
201700049845,17,9,20,950,1,1,3,1.0,3.0,20033,M,,,202
201700049846,17,9,30,2227,5,2,1,1.0,1.0,20033,M,4268876.0,944727.0,202
201700049847,17,10,2,1705,1,2,1,1.0,6.0,20033,M,4270117.0,945036.0,202
201700049848,17,10,3,1445,1,2,1,1.0,6.0,20033,M,,,202
201700049849,17,10,4,800,1,2,1,1.0,6.0,20033,M,,,202
201700049850,17,10,4,650,3,2,2,9.0,3.0,20033,M,4267860.0,944101.0,202
201700049851,17,10,6,1545,1,1,1,1.0,5.0,20033,M,4269145.0,945078.0,202
201700049852,17,10,9,1036,1,2,6,1.0,2.0,20033,M,4259489.0,943852.0,202
201700049853,17,10,9,1120,1,2,1,1.0,6.0,20033,M,,,202
201700049854,17,10,9,1730,1,2,1,1.0,4.0,20033,M,4267770.0,943326.0,202
201700049855,17,10,9,1900,2,2,1,1.0,2.0,20037,M,4262859.0,943191.0,202
201700049856,17,10,10,1050,1,2,1,1.0,6.0,20033,M,4270302.0,945070.0,202
201700049857,17,10,13,1626,1,2,1,1.0,3.0,20033,M,4269795.0,944692.0,202
201700049858,17,10,14,1148,1,2,6,1.0,3.0,20033,M,,,202
201700049859,17,10,23,950,1,2,3,1.0,3.0,20033,M,,,202
201700049860,17,10,24,1755,1,1,1,1.0,2.0,20033,M,4261721.0,943736.0,202
201700049861,17,10,25,1450,1,2,6,1.0,1.0,20037,M,4262840.0,943796.0,202
201700049862,17,10,25,1820,5,2,3,1.0,3.0,20033,M,,,202
201700049863,17,10,27,1917,3,2,6,1.0,6.0,20033,M,,,202
201700049864,17,10,28,1412,1,2,1,1.0,3.0,20033,M,4266548.0,944176.0,202
201700049865,17,10,31,1422,1,2,1,1.0,6.0,20037,M,4262402.0,943691.0,202
201700049866,17,11,1,1840,2,2,1,1.0,3.0,20033,M,,,202
201700049867,17,11,2,1135,1,2,1,,6.0,20033,M,4267625.0,943613.0,202
201700049868,17,11,6,1415,1,2,1,1.0,2.0,20353,M,4271748.0,945519.0,202
201700049869,17,11,6,1850,5,2,1,8.0,4.0,20033,M,,,202
201700049870,17,11,9,1710,3,2,1,2.0,4.0,20037,M,4260639.0,943799.0,202
201700049871,17,11,12,1700,2,2,6,6.0,1.0,20033,M,4267128.0,944280.0,202
201700049872,17,11,15,1215,1,2,1,8.0,3.0,20033,M,4267523.0,944413.0,202
201700049873,17,11,15,1850,5,2,1,2.0,4.0,20037,M,4262633.0,943721.0,202
201700049874,17,11,15,1751,5,2,1,2.0,6.0,20033,M,4267592.0,943713.0,202
201700049875,17,11,20,1605,1,2,1,1.0,3.0,20033,M,4269136.0,945051.0,202
201700049876,17,11,21,1212,1,2,3,1.0,3.0,20033,M,,,202
201700049877,17,11,21,1730,3,1,1,4.0,4.0,20037,M,4260488.0,943811.0,202
201700049878,17,11,22,2020,5,2,2,1.0,3.0,20033,M,4267615.0,943843.0,202
201700049879,17,11,22,2125,5,1,1,1.0,6.0,20037,M,4261353.0,948014.0,202
201700049880,17,11,23,1530,1,1,1,1.0,2.0,20033,M,,,202
201700049881,17,11,23,1520,1,2,1,1.0,4.0,20033,M,,,202
201700049882,17,12,1,2110,5,2,1,3.0,1.0,20033,M,4260000.0,943000.0,202
201700049883,17,12,3,753,1,2,1,1.0,6.0,20033,M,4263920.0,943900.0,202
201700049884,17,12,3,830,1,1,1,2.0,6.0,20033,M,,,202
201700049885,17,12,6,410,5,2,1,1.0,6.0,20033,M,4268453.0,944486.0,202
201700049886,17,12,12,2049,5,2,1,1.0,2.0,20033,M,,,202
201700049887,17,12,13,2130,5,2,1,1.0,1.0,20033,M,,,202
201700049888,17,12,15,1138,1,2,1,1.0,2.0,20033,M,4266000.0,944000.0,202
201700049889,17,12,16,1050,1,2,1,1.0,2.0,20033,M,4267781.0,944551.0,202
201700049890,17,12,21,518,5,2,6,3.0,3.0,20033,M,4270180.0,945257.0,202
201700049891,17,12,22,1545,1,1,1,1.0,6.0,20037,M,4260741.0,943805.0,202
201700049892,17,12,22,1750,5,2,1,1.0,4.0,20037,M,4261890.0,943710.0,202
201700049893,17,12,26,815,1,1,1,1.0,2.0,20033,M,4237503.0,927566.0,202
201700049894,17,12,27,2118,5,2,1,2.0,2.0,20033,M,,,202
201700049895,17,12,28,710,2,1,1,2.0,2.0,20037,M,4262415.0,943697.0,202
201700049896,17,1,2,1300,1,2,3,1.0,3.0,69381,M,4577052.0,483781.0,69
201700049897,17,12,31,2010,5,2,1,1.0,6.0,69385,M,4575331.0,479216.0,69
201700049898,17,1,3,154,5,2,2,1.0,3.0,69382,M,4576350.0,483811.0,69
201700049899,17,1,4,830,1,2,1,1.0,6.0,69385,M,4575047.0,479938.0,69
201700049900,17,1,4,1800,2,2,1,1.0,6.0,69389,M,4577528.0,480540.0,69
201700049901,17,1,4,2325,5,2,1,2.0,6.0,69389,M,4576757.0,480537.0,69
201700049902,17,1,4,1740,5,2,1,1.0,1.0,69389,M,4578448.0,480447.0,69
201700049903,17,1,5,1445,1,2,1,1.0,6.0,69382,M,4576018.0,483666.0,69
201700049904,17,1,5,1730,2,2,1,2.0,6.0,69382,M,4576188.0,483412.0,69
201700049905,17,1,6,1730,5,2,2,1.0,6.0,69385,M,4575646.0,479837.0,69
201700049906,17,1,6,1810,5,2,1,1.0,2.0,69149,M,,,69
201700049907,17,1,6,2150,5,2,1,1.0,3.0,69384,M,4577972.0,481157.0,69
201700049908,17,1,4,1230,1,1,2,1.0,1.0,69081,M,4579425.0,477074.0,69
201700049909,17,1,7,1044,1,2,3,1.0,3.0,69034,M,4578346.0,483297.0,69
201700049910,17,1,10,1015,1,2,3,2.0,2.0,69149,M,4572028.0,479797.0,69
201700049911,17,1,10,2120,5,2,1,2.0,1.0,69034,M,4579793.0,483900.0,69
201700049912,17,1,11,1505,1,2,1,1.0,2.0,69384,M,4577303.0,481289.0,69
201700049913,17,1,15,1840,5,2,1,1.0,2.0,69382,M,4575236.0,483307.0,69
201700049914,17,1,16,1510,1,2,1,1.0,6.0,69034,M,4579378.0,486042.0,69
201700049915,17,1,16,1645,2,2,1,1.0,3.0,69152,M,4570493.0,483009.0,69
201700049916,17,1,16,2255,5,2,1,1.0,6.0,69389,M,4577670.0,479482.0,69
201700049917,17,1,17,840,1,2,1,1.0,6.0,69286,M,4581601.0,490069.0,69
201700049918,17,1,20,1135,1,2,3,1.0,3.0,69382,M,,,69
201700049919,17,1,20,1355,1,2,5,1.0,6.0,69385,M,4575636.0,479696.0,69
201700049920,17,1,19,1945,5,1,1,1.0,6.0,69034,M,4580412.0,486033.0,69
201700049921,17,1,21,1245,1,2,1,1.0,6.0,69202,M,4574685.0,480000.0,69
201700049922,17,1,21,1515,1,2,1,1.0,7.0,69385,M,4575606.0,481543.0,69
201700049923,17,1,22,2015,3,2,1,1.0,1.0,69389,M,4578424.0,481168.0,69
201700049924,17,1,23,1615,1,1,1,1.0,4.0,69081,M,,,69
201700049925,17,1,18,1220,1,2,2,8.0,6.0,69381,M,4576602.0,483188.0,69
201700049926,17,1,23,1115,1,2,2,1.0,6.0,69382,M,4576362.0,483815.0,69
201700049927,17,1,24,730,5,2,1,1.0,3.0,69149,M,4571428.0,482015.0,69
201700049928,17,1,24,740,1,2,1,8.0,6.0,69384,M,4577543.0,483497.0,69
201700049929,17,1,24,1130,1,1,1,1.0,3.0,69202,M,4573156.0,477637.0,69
201700049930,17,1,26,2105,5,2,1,4.0,6.0,69385,M,4576043.0,482827.0,69
201700049931,17,1,27,1720,2,2,1,1.0,6.0,69142,M,4572984.0,481520.0,69
201700049932,17,1,28,1955,5,2,3,2.0,6.0,69389,M,4577335.0,480791.0,69
201700049933,17,1,30,1400,1,2,1,2.0,6.0,69381,M,4577416.0,482928.0,69
201700049934,17,1,30,1925,5,2,1,2.0,6.0,69149,M,4571734.0,480978.0,69
201700049935,17,2,2,700,5,2,5,1.0,3.0,69081,M,4576640.0,476941.0,69
201700049936,17,2,1,915,1,2,1,8.0,1.0,69389,M,,,69
201700049937,17,1,28,605,5,2,1,1.0,3.0,69382,M,,,69
201700049938,17,2,6,1435,1,2,4,1.0,3.0,69385,M,4575987.0,482250.0,69
201700049939,17,2,8,740,2,1,6,8.0,6.0,69286,M,4582940.0,490845.0,69
201700049940,17,2,8,1348,1,2,1,1.0,6.0,69149,M,4571633.0,481546.0,69
201700049941,17,2,11,1130,1,2,1,1.0,6.0,69382,M,,,69
201700049942,17,2,11,1910,2,2,3,2.0,3.0,69389,M,,,69
201700049943,17,2,12,1720,1,2,3,1.0,3.0,69149,M,4571006.0,479973.0,69
201700049944,17,2,12,1200,1,2,7,1.0,6.0,69152,M,4569435.0,482472.0,69
201700049945,17,2,14,705,1,2,3,1.0,1.0,69149,M,4571202.0,480269.0,69
201700049946,17,2,15,800,1,2,1,1.0,2.0,69382,M,,,69
201700049947,17,2,14,1820,5,2,1,1.0,6.0,69381,M,,,69
201700049948,17,2,14,1720,1,2,1,1.0,2.0,69034,M,,,69
201700049949,17,2,17,330,5,2,2,1.0,3.0,69382,M,,,69
201700049950,17,2,17,630,4,2,1,1.0,2.0,69382,M,4574477.0,482700.0,69
201700049951,17,2,17,1000,1,2,2,1.0,6.0,69149,M,4571558.0,480734.0,69
201700049952,17,2,17,1305,1,2,1,1.0,6.0,69385,M,4576266.0,482520.0,69
201700049953,17,2,15,2014,5,2,1,1.0,2.0,69382,M,,,69
201700049954,17,2,18,844,1,2,1,1.0,6.0,69286,M,4380800.0,488700.0,69
201700049955,17,2,18,1310,1,2,1,1.0,6.0,69382,M,,,69
201700049956,17,2,18,2220,4,2,1,1.0,6.0,69034,M,4580705.0,485546.0,69
201700049957,17,2,18,1840,5,1,1,1.0,6.0,69286,M,,,69
201700049958,17,2,20,1700,1,2,1,1.0,6.0,69286,M,,,69
201700049959,17,2,21,1115,1,2,2,8.0,3.0,69149,M,4571832.0,480025.0,69
201700049960,17,2,22,1640,1,2,1,1.0,2.0,69034,M,,,69
201700049961,17,2,23,1450,1,2,1,1.0,6.0,69389,M,4577239.0,479582.0,69
201700049962,17,2,23,1445,1,2,1,1.0,3.0,69034,M,,,69
201700049963,17,2,24,1245,1,2,1,1.0,4.0,69286,M,,,69
201700049964,17,2,18,1600,1,2,1,1.0,6.0,69202,M,4574250.0,479023.0,69
201700049965,17,2,27,1615,1,2,1,1.0,3.0,69389,M,4577018.0,479715.0,69
201700049966,17,2,28,1139,1,2,1,1.0,6.0,69384,M,,,69
201700049967,17,2,28,1630,1,2,1,1.0,4.0,69384,M,4578137.0,481255.0,69
201700049968,17,2,28,1620,1,2,2,1.0,3.0,69081,M,4576631.0,476933.0,69
201700049969,17,3,2,255,5,2,1,1.0,6.0,69202,M,4573104.0,479463.0,69
201700049970,17,3,1,1530,1,2,1,1.0,2.0,69286,M,4582152.0,489936.0,69
201700049971,17,3,2,903,1,2,2,2.0,6.0,69385,M,4575896.0,482672.0,69
201700049972,17,3,1,1830,5,2,1,1.0,6.0,69382,M,,,69
201700049973,17,3,2,1840,5,2,1,1.0,6.0,69149,M,4571630.0,481542.0,69
201700049974,17,3,3,1600,1,2,1,1.0,6.0,69381,M,,,69
201700049975,17,2,28,940,1,2,1,1.0,2.0,69382,M,,,69
201700049976,17,2,25,1928,5,1,1,1.0,6.0,69382,M,4575070.0,483046.0,69
201700049977,17,3,3,1225,1,2,3,1.0,1.0,69382,M,4575260.0,482468.0,69
201700049978,17,3,8,2340,5,2,2,1.0,3.0,69389,M,4577000.0,480200.0,69
201700049979,17,3,9,1640,1,2,3,1.0,6.0,69149,M,4571832.0,480025.0,69
201700049980,17,3,10,1510,1,2,1,1.0,3.0,69286,M,,,69
201700049981,17,3,11,1405,1,2,1,1.0,4.0,69286,M,4581934.0,490728.0,69
201700049982,17,3,11,1350,1,2,3,1.0,3.0,69381,M,4577276.0,482114.0,69
201700049983,17,3,11,1605,1,2,1,1.0,3.0,69385,M,4575340.0,481900.0,69
201700049984,17,3,6,1940,5,2,1,2.0,3.0,69081,M,,,69
201700049985,17,3,11,1725,1,2,1,1.0,2.0,69382,M,,,69
201700049986,17,3,12,1500,1,2,2,1.0,3.0,69149,M,4571745.0,480959.0,69
201700049987,17,3,14,1408,1,2,1,1.0,6.0,69034,M,4579903.0,484799.0,69
201700049988,17,3,15,1615,1,2,1,7.0,3.0,69286,M,4581343.0,488277.0,69
201700049989,17,3,13,1600,1,2,1,1.0,2.0,69382,M,,,69
201700049990,17,3,15,1830,1,2,1,1.0,6.0,69286,M,4582133.0,490725.0,69
201700049991,17,3,16,815,1,1,3,1.0,6.0,69389,M,4577281.0,479481.0,69
201700049992,17,3,17,800,1,2,1,1.0,4.0,69389,M,,,69
201700049993,17,3,17,1805,1,2,1,1.0,6.0,69385,M,4575161.0,479257.0,69
201700049994,17,3,18,100,5,2,1,1.0,3.0,69382,M,,,69
201700049995,17,3,18,840,1,2,2,8.0,3.0,69389,M,4579784.0,483007.0,69
201700049996,17,3,18,2015,3,2,3,1.0,3.0,69381,M,4576790.0,483775.0,69
201700049997,17,3,17,1150,1,2,3,1.0,2.0,69202,M,4573541.0,479179.0,69
201700049998,17,3,20,1635,1,2,2,1.0,3.0,69389,M,4576494.0,480105.0,69
201700049999,17,3,21,1000,1,2,1,1.0,3.0,69034,M,4578419.0,483524.0,69
201700050000,17,3,22,1645,1,2,1,1.0,2.0,69389,M,4578120.0,479473.0,69
201700050001,17,3,23,1625,1,1,1,2.0,6.0,69081,M,4579704.0,477262.0,69
201700050002,17,3,24,850,1,2,1,1.0,6.0,69034,M,,,69
201700050003,17,3,24,1155,1,1,1,1.0,6.0,69202,M,4574590.0,479029.0,69
201700050004,17,3,21,1930,5,2,1,2.0,6.0,69382,M,,,69
201700050005,17,3,25,1745,1,2,1,2.0,6.0,69202,M,4574854.0,480048.0,69
201700050006,17,3,25,1730,1,2,1,2.0,1.0,69202,M,4573860.0,478693.0,69
201700050007,17,3,26,2000,2,2,1,1.0,1.0,69385,M,4576205.0,479577.0,69
201700050008,17,3,27,1920,1,2,1,1.0,3.0,69149,M,4570781.0,479849.0,69
201700050009,17,3,28,1005,1,2,1,1.0,6.0,69384,M,,,69
201700050010,17,3,26,1535,1,2,2,1.0,1.0,69034,M,4579161.0,483751.0,69
201700050011,17,3,29,1210,1,2,1,1.0,6.0,69382,M,,,69
201700050012,17,3,29,2030,5,2,1,1.0,6.0,69384,M,,,69