Num_Acc,an,mois,jour,hrmn,lum,agg,int,atm,col,com,gps,lat,long,dep
201700050013,17,3,29,2130,5,2,1,1.0,6.0,69381,M,,,69
201700050014,17,3,28,1510,1,2,1,1.0,6.0,69381,M,,,69
201700050015,17,3,30,1835,1,2,3,1.0,7.0,69385,M,4576479.0,482911.0,69
201700050016,17,3,30,1750,1,2,1,1.0,6.0,69286,M,4582060.0,488050.0,69
201700050017,17,3,31,1645,1,2,1,1.0,6.0,69382,M,,,69
201700050018,17,3,31,1740,1,2,1,1.0,3.0,69389,M,,,69
201700050019,17,4,1,145,5,2,1,1.0,3.0,69381,M,4576756.0,483793.0,69
201700050020,17,4,1,1255,1,2,4,8.0,3.0,69286,M,4581205.0,488654.0,69
201700050021,17,4,1,1430,1,2,1,2.0,3.0,69382,M,,,69
201700050022,17,4,2,2030,2,2,1,1.0,6.0,69382,M,,,69
201700050023,17,4,3,1300,1,2,1,1.0,4.0,69286,M,,,69
201700050024,17,4,3,1840,2,2,1,1.0,3.0,69389,M,4577976.0,480456.0,69
201700050025,17,4,4,1815,1,2,1,1.0,6.0,69382,M,4576367.0,483581.0,69
201700050026,17,3,23,1945,5,2,1,2.0,2.0,69382,M,,,69
201700050027,17,4,5,1015,1,2,2,1.0,3.0,69389,M,4580214.0,482508.0,69
201700050028,17,4,5,1435,1,2,1,1.0,5.0,69382,M,4575268.0,483365.0,69
201700050029,17,4,7,925,1,2,1,1.0,3.0,69081,M,4578282.0,476613.0,69
201700050030,17,4,8,1100,1,1,1,1.0,1.0,69286,M,4582707.0,491189.0,69
201700050031,17,4,8,1545,1,2,1,1.0,1.0,69081,M,4578743.0,477915.0,69
201700050032,17,4,7,1540,1,2,2,1.0,3.0,69149,M,4572000.0,479800.0,69
201700050033,17,4,9,625,5,2,1,1.0,6.0,69382,M,4575748.0,483659.0,69
201700050034,17,4,9,1955,2,2,1,1.0,1.0,69152,M,4570218.0,480504.0,69
201700050035,17,4,10,1800,1,2,1,1.0,5.0,69385,M,4575480.0,478907.0,69
201700050036,17,4,10,2240,5,2,1,1.0,3.0,69382,M,4575893.0,482923.0,69
201700050037,17,4,10,1550,1,2,1,1.0,6.0,69034,M,,,69
201700050038,17,4,10,1905,1,2,1,1.0,3.0,69034,M,4579068.0,484226.0,69
201700050039,17,4,12,740,1,2,1,1.0,6.0,69382,M,4575726.0,483376.0,69
201700050040,17,4,12,1730,1,2,1,1.0,2.0,69286,M,4581331.0,487981.0,69
201700050041,17,4,13,1150,1,2,1,1.0,6.0,69389,M,4577473.0,480121.0,69
201700050042,17,4,14,100,5,2,1,1.0,6.0,69382,M,4576293.0,486277.0,69
201700050043,17,4,13,1000,1,2,3,1.0,3.0,69389,M,4478918.0,478910.0,69
201700050044,17,4,15,1650,1,2,1,1.0,6.0,69081,M,4578631.0,477574.0,69
201700050045,17,4,6,900,1,2,1,1.0,2.0,69382,M,4575379.0,482523.0,69
201700050046,17,4,16,230,5,2,1,1.0,3.0,69381,M,4577385.0,483863.0,69
201700050047,17,4,18,1130,1,2,2,1.0,6.0,69385,M,4575979.0,479598.0,69
201700050048,17,4,18,1600,1,2,3,1.0,3.0,69034,M,4579911.0,484645.0,69
201700050049,17,4,18,1515,1,2,1,1.0,2.0,69034,M,4578866.0,485436.0,69
201700050050,17,4,14,1120,1,2,1,1.0,6.0,69385,M,4576304.0,482939.0,69
201700050051,17,4,19,900,1,2,1,1.0,6.0,69149,M,4571708.0,481281.0,69
201700050052,17,4,20,1620,1,2,1,1.0,3.0,69385,M,4575506.0,482405.0,69
201700050053,17,4,21,900,1,2,2,1.0,3.0,69384,M,4577964.0,482045.0,69
201700050054,17,4,21,910,1,2,1,1.0,3.0,69389,M,4577821.0,480789.0,69
201700050055,17,4,21,1320,1,2,1,1.0,6.0,69385,M,4576037.0,481872.0,69
201700050056,17,4,21,1440,1,2,3,1.0,3.0,69385,M,4575085.0,481455.0,69
201700050057,17,4,21,2048,5,2,2,1.0,6.0,69382,M,4574373.0,482168.0,69
201700050058,17,4,22,530,4,2,1,1.0,6.0,69034,M,4579084.0,487064.0,69
201700050059,17,4,23,336,5,2,1,1.0,7.0,69382,M,4576304.0,483330.0,69
201700050060,17,4,22,2000,1,2,1,1.0,7.0,69286,M,4581375.0,489762.0,69
201700050061,17,4,24,840,1,2,1,1.0,2.0,69142,M,4572720.0,481612.0,69
201700050062,17,4,23,1915,1,2,1,1.0,6.0,69286,M,4581775.0,490231.0,69
201700050063,17,4,24,2335,5,2,2,1.0,3.0,69384,M,4578022.0,483448.0,69
201700050064,17,4,25,944,1,2,1,1.0,6.0,69286,M,4582143.0,489604.0,69
201700050065,17,4,24,2010,1,2,1,1.0,3.0,69382,M,4574926.0,482923.0,69
201700050066,17,4,22,1025,1,2,9,1.0,6.0,69149,M,4571862.0,481017.0,69
201700050067,17,4,25,1830,1,2,1,2.0,3.0,69389,M,4578095.0,480602.0,69
201700050068,17,4,26,1725,1,2,1,1.0,5.0,69385,M,4576203.0,482583.0,69
201700050069,17,4,27,625,2,2,1,1.0,3.0,69389,M,4578116.0,480773.0,69
201700050070,17,4,24,1045,1,2,1,1.0,3.0,69034,M,4579805.0,485145.0,69
201700050071,17,4,21,1815,1,2,1,1.0,6.0,69381,M,4577322.0,482191.0,69
201700050072,17,4,30,15,5,2,9,1.0,6.0,69389,M,4577054.0,481212.0,69
201700050073,17,4,29,1435,1,2,1,1.0,3.0,69081,M,4577061.0,478721.0,69
201700050074,17,5,3,1730,1,1,1,1.0,7.0,69382,M,,,69
201700050075,17,5,5,805,1,2,2,1.0,1.0,69385,M,4575461.0,478830.0,69
201700050076,17,5,5,1730,1,2,2,1.0,3.0,69385,M,4575197.0,480889.0,69
201700050077,17,5,6,1340,1,2,1,2.0,3.0,69149,M,4572117.0,479678.0,69
201700050078,17,5,6,1810,1,2,3,8.0,5.0,69034,M,4581382.0,484928.0,69
201700050079,17,5,6,1130,1,2,3,2.0,1.0,69389,M,4578921.0,481260.0,69
201700050080,17,5,9,1800,1,2,1,1.0,6.0,69389,M,4576666.0,479879.0,69
201700050081,17,5,10,845,1,2,1,1.0,3.0,69152,M,4570457.0,482078.0,69
201700050082,17,5,9,1915,1,2,1,1.0,3.0,69382,M,,,69
201700050083,17,5,10,1725,1,2,1,1.0,7.0,69382,M,4574830.0,482933.0,69
201700050084,17,5,10,1725,1,2,3,1.0,1.0,69081,M,4577910.0,477060.0,69
201700050085,17,5,11,1045,1,2,2,1.0,3.0,69382,M,,,69
201700050086,17,5,12,910,1,2,3,3.0,1.0,69034,M,4581169.0,485900.0,69
201700050087,17,5,13,1500,1,2,1,2.0,6.0,69389,M,4578600.0,479300.0,69
201700050088,17,5,13,2220,5,2,3,2.0,3.0,69149,M,4571293.0,480426.0,69
201700050089,17,5,14,105,5,2,2,1.0,3.0,69384,M,4577432.0,483078.0,69
201700050090,17,5,13,1250,1,2,2,3.0,3.0,69202,M,4572816.0,477891.0,69
201700050091,17,5,13,1950,1,2,1,3.0,6.0,69142,M,4572600.0,481200.0,69
201700050092,17,5,15,940,1,2,1,1.0,3.0,69381,M,,,69
201700050093,17,5,15,1220,1,2,1,1.0,6.0,69389,M,4576584.0,480510.0,69
201700050094,17,5,16,945,1,2,1,1.0,3.0,69382,M,,,69
201700050095,17,5,16,1715,1,2,2,1.0,3.0,69389,M,4578920.0,478904.0,69
201700050096,17,5,6,1155,1,2,1,2.0,2.0,69034,M,,,69
201700050097,17,5,18,1636,1,2,1,1.0,6.0,69152,M,4569000.0,482000.0,69
201700050098,17,5,19,635,1,2,1,3.0,1.0,69081,M,,,69
201700050099,17,5,20,30,5,2,1,8.0,2.0,69382,M,4575422.0,483462.0,69
201700050100,17,5,21,1050,1,2,1,1.0,6.0,69286,M,4581469.0,489989.0,69
201700050101,17,5,19,1745,1,2,1,1.0,2.0,69034,M,4581198.0,484642.0,69
201700050102,17,5,18,810,1,2,2,1.0,3.0,69382,M,4575927.0,482957.0,69
201700050103,17,5,23,1300,1,2,1,1.0,6.0,69382,M,,,69
201700050104,17,5,23,1230,1,2,1,1.0,6.0,69034,M,4579075.0,483664.0,69
201700050105,17,5,24,1740,1,2,1,1.0,6.0,69202,M,4574900.0,480250.0,69
201700050106,17,5,24,2018,1,2,1,1.0,3.0,69385,M,4575660.0,478250.0,69
201700050107,17,5,24,1730,1,2,1,1.0,6.0,69034,M,,,69
201700050108,17,5,25,810,1,2,1,1.0,6.0,69382,M,,,69
201700050109,17,5,25,1845,1,2,1,1.0,6.0,69034,M,,,69
201700050110,17,5,26,1600,1,1,1,1.0,6.0,69034,M,,,69
201700050111,17,5,27,845,1,2,1,1.0,6.0,69149,M,4571960.0,480312.0,69
201700050112,17,5,28,930,1,2,1,1.0,6.0,69034,M,4578823.0,486383.0,69
201700050113,17,5,28,1700,1,2,2,1.0,3.0,69382,M,4576286.0,483331.0,69
201700050114,17,5,29,1740,1,2,1,1.0,2.0,69382,M,4574767.0,482188.0,69
201700050115,17,5,30,935,1,2,1,1.0,3.0,69381,M,4577079.0,482871.0,69
201700050116,17,5,30,1615,1,2,1,1.0,3.0,69381,M,4577374.0,482660.0,69
201700050117,17,5,30,1845,1,2,1,1.0,6.0,69385,M,4575440.0,478271.0,69
201700050118,17,5,31,820,1,2,1,1.0,6.0,69034,M,4578381.0,482932.0,69
201700050119,17,5,31,1710,1,2,1,1.0,6.0,69384,M,,,69
201700050120,17,6,1,800,1,2,2,1.0,3.0,69142,M,4572566.0,481159.0,69
201700050121,17,5,31,1140,1,2,1,1.0,3.0,69034,M,4579912.0,484761.0,69
201700050122,17,6,1,1005,1,2,1,1.0,6.0,69034,M,4579452.0,484030.0,69
201700050123,17,6,1,2050,1,2,1,2.0,2.0,69142,M,4571943.0,481828.0,69
201700050124,17,6,1,753,1,2,9,1.0,2.0,69382,M,,,69
201700050125,17,6,2,800,1,2,1,1.0,6.0,69202,M,4574617.0,479900.0,69
201700050126,17,6,2,1230,1,2,3,1.0,3.0,69382,M,,,69
201700050127,17,6,2,1615,1,2,1,1.0,6.0,69081,M,4579364.0,477194.0,69
201700050128,17,6,3,2200,5,2,1,2.0,3.0,69381,M,,,69
201700050129,17,6,4,1930,1,2,2,1.0,3.0,69385,M,4575170.0,482150.0,69
201700050130,17,6,5,1840,1,2,3,1.0,2.0,69382,M,4573977.0,482277.0,69
201700050131,17,6,3,1615,1,2,1,1.0,7.0,69034,M,4578710.0,483000.0,69
201700050132,17,6,8,1200,1,2,1,1.0,6.0,69149,M,4571693.0,481019.0,69
201700050133,17,6,9,1300,1,2,3,1.0,4.0,69389,M,4579080.0,479050.0,69
201700050134,17,6,11,1240,1,2,6,7.0,1.0,69389,M,4578298.0,481120.0,69
201700050135,17,6,11,1610,1,2,3,1.0,3.0,69381,M,4576722.0,483814.0,69
201700050136,17,6,13,1705,1,2,1,1.0,3.0,69384,M,,,69
201700050137,17,6,13,1730,1,2,1,1.0,2.0,69389,M,4577300.0,480800.0,69
201700050138,17,6,14,1530,1,2,1,1.0,6.0,69384,M,4577720.0,482067.0,69
201700050139,17,6,15,1325,1,2,1,1.0,3.0,69152,M,4569647.0,482570.0,69
201700050140,17,6,16,1755,1,2,1,1.0,6.0,69382,M,,,69
201700050141,17,6,19,658,2,2,3,1.0,3.0,69202,M,4574256.0,478615.0,69
201700050142,17,6,19,2330,5,2,2,1.0,3.0,69034,M,4579148.0,483748.0,69
201700050143,17,6,20,703,1,2,1,1.0,6.0,69385,M,4576586.0,482726.0,69
201700050144,17,6,20,1645,1,2,3,1.0,3.0,69382,M,4575702.0,483595.0,69
201700050145,17,6,20,1000,1,2,2,1.0,3.0,69202,M,4574390.0,479822.0,69
201700050146,17,6,22,1540,1,2,1,1.0,2.0,69389,M,4576000.0,480000.0,69
201700050147,17,6,21,1930,1,2,1,1.0,6.0,69381,M,4576984.0,483389.0,69
201700050148,17,6,25,2020,1,2,2,1.0,3.0,69384,M,4577447.0,482379.0,69
201700050149,17,6,26,1850,1,1,1,1.0,3.0,69152,M,4569863.0,483996.0,69
201700050150,17,6,27,2111,2,2,1,1.0,3.0,69382,M,4575887.0,483091.0,69
201700050151,17,6,25,1820,1,2,1,1.0,2.0,69382,M,4576375.0,483474.0,69
201700050152,17,6,28,1115,1,2,3,1.0,3.0,69389,M,4979283.0,482102.0,69
201700050153,17,6,28,1745,1,1,1,1.0,2.0,69389,M,4578698.0,478576.0,69
201700050154,17,6,29,2200,2,2,1,8.0,5.0,69152,M,4570686.0,481940.0,69
201700050155,17,6,28,2030,1,2,1,8.0,2.0,69149,M,4571984.0,479886.0,69
201700050156,17,6,30,650,2,2,2,1.0,3.0,69149,M,4572000.0,481000.0,69
201700050157,17,6,30,1145,1,2,3,2.0,3.0,69389,M,4579224.0,481860.0,69
201700050158,17,7,1,1235,1,2,1,1.0,6.0,69381,M,,,69
201700050159,17,7,3,940,1,2,1,1.0,2.0,69286,M,4580561.0,488268.0,69
201700050160,17,7,3,840,1,2,1,1.0,1.0,69202,M,4574769.0,481158.0,69
201700050161,17,7,3,1225,1,2,3,1.0,2.0,69389,M,4578238.0,481073.0,69
201700050162,17,7,3,2045,1,2,1,1.0,3.0,69152,M,4570659.0,482144.0,69
201700050163,17,7,3,1900,1,2,1,1.0,4.0,69384,M,4577371.0,482552.0,69
201700050164,17,7,5,800,1,2,1,1.0,6.0,69286,M,4582000.0,488000.0,69
201700050165,17,7,5,954,1,2,1,1.0,1.0,69152,M,4569963.0,480812.0,69
201700050166,17,7,5,1805,1,2,1,1.0,3.0,69385,M,4575573.0,482431.0,69
201700050167,17,7,6,1455,1,2,1,7.0,6.0,69286,M,4581236.0,489040.0,69
201700050168,17,7,6,1620,1,2,1,1.0,2.0,69382,M,4575836.0,483709.0,69
201700050169,17,7,5,2100,1,2,9,1.0,7.0,69286,M,4581391.0,489438.0,69
201700050170,17,7,6,950,1,2,1,1.0,2.0,69034,M,4579321.0,483074.0,69
201700050171,17,7,7,740,1,2,3,1.0,7.0,69385,M,4575719.0,481044.0,69
201700050172,17,7,7,1115,1,2,1,1.0,6.0,69385,M,4575618.0,480616.0,69
201700050173,17,7,6,2000,1,2,1,1.0,6.0,69385,M,4575870.0,481057.0,69
201700050174,17,7,7,1805,1,2,1,1.0,2.0,69081,M,4576566.0,477083.0,69
201700050175,17,7,9,2345,5,2,1,1.0,6.0,69384,M,4800000.0,700000.0,69
201700050176,17,7,9,2300,5,2,1,1.0,2.0,69385,M,4576726.0,481827.0,69
201700050177,17,7,10,1400,1,2,1,1.0,6.0,69385,M,4575626.0,479781.0,69
201700050178,17,7,12,2310,5,2,9,1.0,6.0,69382,M,4573236.0,481654.0,69
201700050179,17,7,13,1640,1,2,1,1.0,3.0,69389,M,4577504.0,480716.0,69
201700050180,17,7,13,1910,1,2,1,1.0,1.0,69034,M,4581000.0,484000.0,69
201700050181,17,7,13,1800,1,2,1,1.0,3.0,69382,M,4576493.0,483584.0,69
201700050182,17,7,15,10,5,2,2,1.0,3.0,69381,M,4577431.0,483089.0,69
201700050183,17,7,15,1610,1,2,1,1.0,6.0,69385,M,4575775.0,482586.0,69
201700050184,17,7,17,1750,1,2,3,1.0,3.0,69384,M,4577596.0,482105.0,69
201700050185,17,7,17,1930,1,2,1,1.0,3.0,69034,M,4579585.0,483102.0,69
201700050186,17,7,18,720,1,2,3,1.0,7.0,69384,M,4577971.0,481175.0,69
201700050187,17,7,19,810,1,2,9,7.0,6.0,69382,M,4545077.0,449353.0,69
201700050188,17,7,18,1905,1,2,1,1.0,3.0,69389,M,4577261.0,481069.0,69
201700050189,17,7,20,745,1,2,1,1.0,7.0,69389,M,4578497.0,480788.0,69
201700050190,17,7,20,1215,1,2,2,1.0,6.0,69149,M,4571607.0,480661.0,69
201700050191,17,7,20,946,1,2,1,1.0,3.0,69286,M,4581661.0,487262.0,69
201700050192,17,7,17,1217,1,2,1,1.0,2.0,69381,M,4576719.0,483823.0,69
201700050193,17,7,23,420,5,2,1,1.0,5.0,69382,M,4574915.0,483684.0,69
201700050194,17,7,24,915,1,2,1,2.0,2.0,69286,M,4582381.0,491661.0,69
201700050195,17,7,24,1300,1,2,1,1.0,6.0,69385,M,4575813.0,479521.0,69
201700050196,17,7,24,1800,1,2,1,1.0,6.0,69385,M,4576242.0,479557.0,69
201700050197,17,7,26,1518,1,2,1,1.0,1.0,69286,M,4582000.0,490000.0,69
201700050198,17,7,28,2030,1,2,1,1.0,6.0,69389,M,4577232.0,479986.0,69
201700050199,17,8,1,1440,1,2,2,1.0,3.0,69034,M,4579088.0,484257.0,69
201700050200,17,8,2,1330,1,2,1,1.0,4.0,69142,M,4572600.0,481232.0,69
201700050201,17,8,3,930,1,2,8,1.0,3.0,69142,M,4570659.0,480504.0,69
201700050202,17,8,3,1455,1,1,1,1.0,2.0,69202,M,4572508.0,478048.0,69
201700050203,17,8,3,2100,2,2,1,1.0,6.0,69382,M,4574266.0,482065.0,69
201700050204,17,8,3,1010,1,2,2,1.0,3.0,69152,M,4570700.0,482000.0,69
201700050205,17,8,4,1055,1,2,1,1.0,3.0,69385,M,4575279.0,480393.0,69
201700050206,17,8,4,1200,1,2,1,1.0,3.0,69389,M,4578660.0,479390.0,69
201700050207,17,8,4,1220,1,2,2,1.0,6.0,69384,M,4577717.0,483320.0,69
201700050208,17,8,4,1720,1,2,1,1.0,4.0,69389,M,4578969.0,478964.0,69
201700050209,17,8,4,1840,1,2,3,1.0,3.0,69389,M,4579220.0,481870.0,69
201700050210,17,8,6,520,5,2,1,1.0,6.0,69382,M,4575043.0,483215.0,69
201700050211,17,8,6,1725,1,2,1,1.0,5.0,69382,M,4575047.0,483216.0,69
201700050212,17,8,6,1540,1,2,1,1.0,2.0,69385,M,4576100.0,482499.0,69
201700050213,17,8,10,2230,5,2,2,1.0,1.0,69389,M,4578564.0,481065.0,69
201700050214,17,8,11,230,5,2,2,2.0,3.0,69382,M,4576350.0,483820.0,69
201700050215,17,8,10,1517,1,2,1,1.0,3.0,69286,M,4581524.0,489656.0,69
201700050216,17,8,11,700,1,2,1,2.0,2.0,69382,M,4576542.0,483838.0,69
201700050217,17,8,11,1705,1,2,1,1.0,4.0,69381,M,4577246.0,483999.0,69
201700050218,17,8,14,1620,1,2,1,1.0,2.0,69384,M,4577467.0,481090.0,69
201700050219,17,8,14,2020,5,2,2,1.0,3.0,69382,M,4575506.0,483131.0,69
201700050220,17,8,16,900,1,2,2,1.0,6.0,69149,M,4571810.0,480325.0,69
201700050221,17,8,17,1825,1,2,8,1.0,6.0,69384,M,4577964.0,482748.0,69
201700050222,17,8,21,840,1,2,2,7.0,6.0,69381,M,4576613.0,483606.0,69
201700050223,17,8,21,745,1,2,1,1.0,4.0,69034,M,4579885.0,484620.0,69
201700050224,17,8,23,655,1,2,3,1.0,3.0,69142,M,4572544.0,481684.0,69
201700050225,17,8,23,1440,1,2,1,1.0,3.0,69389,M,4577000.0,479000.0,69
201700050226,17,8,23,1405,1,2,1,1.0,4.0,69034,M,4580134.0,485519.0,69
201700050227,17,8,24,2259,5,2,1,1.0,7.0,69382,M,4574290.0,482125.0,69
201700050228,17,8,26,650,1,2,1,1.0,2.0,69382,M,4575365.0,482517.0,69
201700050229,17,8,27,1045,1,2,2,1.0,2.0,69202,M,4572804.0,477904.0,69
201700050230,17,8,29,1500,1,2,1,1.0,1.0,69034,M,4578000.0,486000.0,69
201700050231,17,8,29,615,2,2,1,1.0,7.0,69389,M,4580315.0,483942.0,69
201700050232,17,8,30,1305,1,2,1,1.0,3.0,69389,M,4576857.0,480957.0,69
201700050233,17,8,30,1810,1,2,1,1.0,6.0,69382,M,4576530.0,483639.0,69
201700050234,17,8,30,1740,1,2,2,1.0,6.0,69149,M,4571278.0,480734.0,69
201700050235,17,8,31,1600,1,2,1,2.0,3.0,69384,M,4578057.0,482916.0,69
201700050236,17,8,31,2120,5,2,1,2.0,6.0,69389,M,4547288.0,448539.0,69
201700050237,17,9,1,1145,1,2,1,1.0,1.0,69389,M,4578327.0,480051.0,69
201700050238,17,8,30,1535,1,2,1,1.0,1.0,69385,M,4576997.0,481618.0,69
201700050239,17,9,2,1720,1,2,2,2.0,3.0,69382,M,4573970.0,481824.0,69
201700050240,17,8,29,1700,1,2,1,1.0,2.0,69382,M,4576256.0,483207.0,69
201700050241,17,8,30,2000,5,2,9,1.0,3.0,69382,M,4575075.0,483718.0,69
201700050242,17,9,3,1210,1,2,1,1.0,6.0,69081,M,4577657.0,477396.0,69
201700050243,17,9,5,1140,1,2,3,1.0,6.0,69149,M,4571888.0,479052.0,69
201700050244,17,9,6,448,5,1,1,1.0,4.0,69286,M,4582107.0,491816.0,69
201700050245,17,9,6,2330,5,2,2,1.0,3.0,69389,M,4578047.0,480906.0,69
201700050246,17,9,6,1050,1,2,1,1.0,3.0,69034,M,4580098.0,485517.0,69
201700050247,17,9,7,855,1,2,1,1.0,3.0,69385,M,4576530.0,482916.0,69
201700050248,17,9,7,1730,1,2,1,1.0,3.0,69034,M,4579360.0,483364.0,69
201700050249,17,9,8,1820,1,2,1,1.0,3.0,69034,M,4580419.0,486366.0,69
201700050250,17,9,8,1025,1,2,1,1.0,6.0,69389,M,4577511.0,480614.0,69
201700050251,17,9,9,1310,1,2,1,2.0,3.0,69034,M,4579271.0,487191.0,69
201700050252,17,9,11,1515,1,2,1,1.0,2.0,69381,M,4576522.0,483838.0,69
201700050253,17,9,13,755,1,2,1,1.0,3.0,69142,M,4573668.0,481197.0,69
201700050254,17,9,13,1625,1,2,1,1.0,6.0,69034,M,4579827.0,485158.0,69
201700050255,17,9,14,825,1,2,1,1.0,6.0,69385,M,4575784.0,481307.0,69
201700050256,17,9,14,830,1,2,1,1.0,6.0,69286,M,4580704.0,488171.0,69
201700050257,17,9,14,935,1,2,9,2.0,3.0,69389,M,4576563.0,480362.0,69
201700050258,17,9,14,1100,1,2,2,2.0,3.0,69382,M,4575055.0,483190.0,69
201700050259,17,9,14,1700,1,2,9,1.0,6.0,69381,M,4576813.0,483793.0,69
201700050260,17,9,14,1745,1,2,1,1.0,6.0,69382,M,4574502.0,482440.0,69
201700050261,17,9,15,320,5,2,1,1.0,6.0,69382,M,4575732.0,483900.0,69
201700050262,17,9,12,1400,1,2,1,1.0,6.0,69384,M,4577962.0,482009.0,69
201700050263,17,7,20,1220,1,2,2,1.0,3.0,69034,M,4580021.0,487591.0,69
201700050264,17,9,16,1500,1,2,1,1.0,3.0,69382,M,4576639.0,483863.0,69
201700050265,17,9,18,800,1,2,1,8.0,5.0,69202,M,4573706.0,478404.0,69
201700050266,17,9,18,2240,5,2,1,1.0,6.0,69202,M,4572880.0,480608.0,69
201700050267,17,9,5,1900,1,2,1,1.0,1.0,69202,M,,,69
201700050268,17,9,15,1800,1,2,1,1.0,3.0,69034,M,4580206.0,486227.0,69
201700050269,17,9,21,1420,1,2,2,1.0,3.0,69385,M,4574987.0,478352.0,69
201700050270,17,9,21,1550,1,2,3,1.0,3.0,69385,M,4575090.0,481462.0,69
201700050271,17,9,21,2235,5,2,1,1.0,6.0,69381,M,4576712.0,483811.0,69
201700050272,17,9,18,2030,5,2,2,1.0,3.0,69034,M,4577936.0,484118.0,69
201700050273,17,9,22,604,5,2,3,1.0,3.0,69384,M,4577566.0,481039.0,69
201700050274,17,9,21,1600,1,2,1,1.0,4.0,69081,M,4557000.0,660000.0,69
201700050275,17,9,21,1635,1,2,3,1.0,3.0,69389,M,4578000.0,481000.0,69
201700050276,17,9,22,1521,1,2,1,1.0,7.0,69385,M,4575771.0,482459.0,69
201700050277,17,9,23,1220,1,2,1,1.0,2.0,69385,M,4576000.0,479000.0,69
201700050278,17,9,23,1700,1,2,2,1.0,3.0,69389,M,4577776.0,480152.0,69
201700050279,17,9,26,2,5,1,1,2.0,7.0,69034,M,4578985.0,486842.0,69
201700050280,17,9,26,850,1,2,1,1.0,3.0,69385,M,4576020.0,478786.0,69
201700050281,17,9,26,925,1,2,1,1.0,2.0,69152,M,4570444.0,480473.0,69
201700050282,17,9,26,1215,1,2,1,1.0,3.0,69286,M,4580842.0,490710.0,69
201700050283,17,9,23,1805,1,2,1,1.0,6.0,69382,M,4574443.0,481989.0,69
201700050284,17,9,27,1704,1,2,1,1.0,2.0,69034,M,4580367.0,486132.0,69
201700050285,17,9,28,900,1,2,2,1.0,3.0,69149,M,4571000.0,480000.0,69
201700050286,17,9,28,1500,1,2,1,1.0,4.0,69286,M,4581700.0,490070.0,69
201700050287,17,9,29,1030,1,2,6,1.0,3.0,69384,M,4577962.0,481821.0,69
201700050288,17,9,29,1645,1,2,1,1.0,3.0,69382,M,4575385.0,483431.0,69
201700050289,17,10,1,500,5,2,9,1.0,6.0,69202,M,4574436.0,478377.0,69
201700050290,17,9,30,1340,1,2,1,3.0,2.0,69034,M,4579466.0,484687.0,69
201700050291,17,9,28,1915,5,2,2,1.0,3.0,69384,M,4577717.0,483320.0,69
201700050292,17,9,29,855,1,2,1,1.0,6.0,69385,M,4576362.0,479884.0,69
201700050293,17,10,4,800,1,2,3,1.0,3.0,69034,M,4580220.0,486215.0,69
201700050294,17,10,5,855,1,2,1,1.0,3.0,69385,M,4575871.0,481108.0,69
201700050295,17,9,30,1030,1,2,1,1.0,6.0,69382,M,,,69
201700050296,17,10,3,1245,1,2,1,1.0,7.0,69034,M,4579181.0,483779.0,69
201700050297,17,10,5,1730,1,2,2,1.0,3.0,69034,M,4678934.0,484761.0,69
201700050298,17,10,5,1750,1,2,1,1.0,1.0,69149,M,4572032.0,478234.0,69
201700050299,17,10,5,2210,5,2,2,1.0,3.0,69381,M,4576775.0,483795.0,69
201700050300,17,10,8,600,5,2,3,2.0,5.0,69382,M,4576352.0,483834.0,69
201700050301,17,10,7,1212,1,2,3,1.0,6.0,69034,M,4579177.0,483775.0,69
201700050302,17,10,10,135,5,2,2,1.0,3.0,69389,M,4577400.0,480800.0,69
201700050303,17,10,8,1625,1,2,3,1.0,3.0,69286,M,4581890.0,490567.0,69
201700050304,17,10,8,1750,1,2,9,1.0,6.0,69286,M,4581274.0,490494.0,69
201700050305,17,10,11,1430,1,2,2,1.0,6.0,69385,M,4575990.0,479668.0,69
201700050306,17,10,12,15,5,2,1,1.0,3.0,69142,M,4557654.0,474927.0,69
201700050307,17,10,12,750,1,2,1,1.0,2.0,69034,M,4580466.0,485322.0,69
201700050308,17,10,12,747,1,2,2,1.0,3.0,69389,M,4878040.0,480904.0,69
201700050309,17,10,7,2030,5,2,2,1.0,1.0,69081,M,4576648.0,476923.0,69
201700050310,17,10,13,710,2,2,1,1.0,3.0,69389,M,4577105.0,479649.0,69
201700050311,17,10,13,830,1,2,1,1.0,2.0,69385,M,4576413.0,482903.0,69
201700050312,17,10,13,1820,1,2,1,1.0,6.0,69382,M,4575061.0,483325.0,69
201700050313,17,10,14,415,5,2,1,1.0,2.0,69034,M,4578777.0,486025.0,69
201700050314,17,10,14,1200,1,2,1,1.0,6.0,69389,M,4578300.0,480769.0,69
201700050315,17,10,16,630,5,2,3,1.0,1.0,69149,M,4571179.0,481995.0,69
201700050316,17,10,16,830,1,2,2,1.0,3.0,69149,M,4571690.0,479513.0,69
201700050317,17,10,18,1000,1,2,1,1.0,2.0,69202,M,4574943.0,479580.0,69
201700050318,17,10,13,1308,1,2,1,1.0,7.0,69384,M,4578004.0,483985.0,69
201700050319,17,10,18,1750,1,2,1,1.0,6.0,69034,M,4579808.0,484872.0,69
201700050320,17,10,18,2248,5,2,1,1.0,4.0,69382,M,4575086.0,482453.0,69
201700050321,17,10,19,715,5,2,2,1.0,1.0,69385,M,4575542.0,480871.0,69
201700050322,17,10,19,1730,1,2,4,1.0,3.0,69081,M,4576631.0,476933.0,69