Num_Acc,an,mois,jour,hrmn,lum,agg,int,atm,col,com,gps,lat,long,dep
201700050323,17,10,19,1250,1,2,1,1.0,3.0,69149,M,4571530.0,480840.0,69
201700050324,17,10,21,520,5,2,1,1.0,6.0,69384,M,4577726.0,483998.0,69
201700050325,17,10,21,945,1,2,3,1.0,6.0,69389,M,4576588.0,480542.0,69
201700050326,17,10,20,2020,5,2,3,1.0,3.0,69384,M,4578118.0,483540.0,69
201700050327,17,10,22,1355,1,2,1,8.0,6.0,69385,M,4576400.0,482800.0,69
201700050328,17,10,22,1600,1,2,1,1.0,6.0,69381,M,4577346.0,483655.0,69
201700050329,17,10,22,1400,1,2,1,2.0,6.0,69389,M,4579092.0,480193.0,69
201700050330,17,10,20,1425,1,2,1,1.0,4.0,69382,M,4576443.0,483822.0,69
201700050331,17,10,22,1913,5,2,3,1.0,7.0,69389,M,4578560.0,480930.0,69
201700050332,17,10,23,1855,5,2,3,1.0,3.0,69381,M,4576616.0,483808.0,69
201700050333,17,10,23,1300,1,2,1,1.0,3.0,69385,M,4575672.0,482238.0,69
201700050334,17,10,20,1830,1,2,1,1.0,4.0,69389,M,4579744.0,482937.0,69
201700050335,17,10,25,1845,5,2,1,1.0,3.0,69381,M,4577405.0,482659.0,69
201700050336,17,10,26,710,5,2,3,1.0,3.0,69081,M,4577347.0,479249.0,69
201700050337,17,10,26,1800,1,2,1,1.0,6.0,69385,M,4575069.0,479982.0,69
201700050338,17,10,26,2000,5,2,1,1.0,2.0,69382,M,4573524.0,481732.0,69
201700050339,17,10,25,755,1,2,1,8.0,4.0,69034,M,4579462.0,487316.0,69
201700050340,17,10,27,1743,1,2,1,2.0,7.0,69034,M,4578665.0,484509.0,69
201700050341,17,10,25,1954,5,2,1,1.0,4.0,69381,M,4577257.0,483834.0,69
201700050342,17,10,28,1905,5,2,1,1.0,6.0,69152,M,4570600.0,482150.0,69
201700050343,17,10,22,956,1,2,7,1.0,6.0,69389,M,4577500.0,480500.0,69
201700050344,17,10,31,1845,5,2,1,1.0,2.0,69382,M,4574877.0,483064.0,69
201700050345,17,10,30,1120,1,2,9,1.0,3.0,69202,M,4573145.0,479406.0,69
201700050346,17,11,2,855,1,2,3,1.0,6.0,69389,M,4578320.0,480765.0,69
201700050347,17,11,1,355,5,2,3,1.0,3.0,69286,M,4581509.0,489636.0,69
201700050348,17,10,31,1920,5,2,2,1.0,3.0,69382,M,4576347.0,483852.0,69
201700050349,17,11,3,1551,1,2,1,1.0,2.0,69382,M,4576025.0,483648.0,69
201700050350,17,11,4,2305,5,2,3,3.0,6.0,69382,M,4574770.0,481869.0,69
201700050351,17,11,5,1910,5,2,1,2.0,6.0,69382,M,4575088.0,485563.0,69
201700050352,17,10,5,1630,1,2,1,1.0,3.0,69382,M,4576022.0,483763.0,69
201700050353,17,11,6,1215,1,2,1,1.0,6.0,69382,M,4575000.0,483000.0,69
201700050354,17,9,27,2020,5,2,1,1.0,3.0,69034,M,4578809.0,486047.0,69
201700050355,17,11,8,715,1,2,3,1.0,6.0,69389,M,4576500.0,480118.0,69
201700050356,17,11,7,2015,5,2,1,2.0,7.0,69149,M,4571203.0,480726.0,69
201700050357,17,11,8,1320,1,2,2,1.0,3.0,69286,M,4580862.0,490458.0,69
201700050358,17,11,8,1345,1,2,1,1.0,6.0,69202,M,4574339.0,480742.0,69
201700050359,17,11,9,1030,1,2,1,1.0,6.0,69034,M,4579902.0,484800.0,69
201700050360,17,11,9,1815,5,2,2,1.0,3.0,69389,M,4577225.0,480540.0,69
201700050361,17,10,29,2200,5,2,1,2.0,7.0,69149,M,4571463.0,480728.0,69
201700050362,17,11,11,1335,1,2,3,8.0,3.0,69034,M,4581196.0,484650.0,69
201700050363,17,11,11,1800,5,2,1,2.0,7.0,69385,M,4575253.0,481919.0,69
201700050364,17,11,11,1600,1,2,2,2.0,3.0,69382,M,4574325.0,482276.0,69
201700050365,17,10,24,2145,5,2,6,1.0,2.0,69286,M,4581703.0,489137.0,69
201700050366,17,11,14,1830,5,2,1,1.0,6.0,69384,M,4577504.0,483885.0,69
201700050367,17,11,14,2255,5,2,1,1.0,5.0,69081,M,4577573.0,478610.0,69
201700050368,17,11,16,1751,5,2,1,1.0,5.0,69381,M,4577089.0,482854.0,69
201700050369,17,11,16,500,5,2,1,1.0,1.0,69389,M,4578334.0,481134.0,69
201700050370,17,11,16,1015,1,2,1,8.0,6.0,69152,M,4569000.0,482000.0,69
201700050371,17,11,15,1420,1,2,1,1.0,6.0,69382,M,4576330.0,483333.0,69
201700050372,17,11,18,1045,1,2,1,1.0,6.0,69081,M,4578229.0,478000.0,69
201700050373,17,11,13,1415,1,2,3,2.0,3.0,69382,M,4575579.0,482750.0,69
201700050374,17,11,18,2232,5,2,3,1.0,3.0,69389,M,4578592.0,480827.0,69
201700050375,17,11,18,1850,3,1,1,1.0,3.0,69286,M,4582700.0,491700.0,69
201700050376,17,11,19,1905,5,2,3,1.0,7.0,69149,M,4571910.0,480505.0,69
201700050377,17,11,21,740,1,2,1,5.0,5.0,69202,M,4574131.0,478775.0,69
201700050378,17,11,21,1500,1,2,1,1.0,6.0,69034,M,4578570.0,483332.0,69
201700050379,17,11,22,700,3,2,1,1.0,6.0,69389,M,4577151.0,480534.0,69
201700050380,17,11,22,930,1,2,1,9.0,6.0,69385,M,4575859.0,481451.0,69
201700050381,17,11,19,2020,5,2,1,1.0,3.0,69381,M,4577081.0,482862.0,69
201700050382,17,11,19,825,1,2,1,1.0,6.0,69034,M,4558886.0,466601.0,69
201700050383,17,11,24,1755,5,2,1,2.0,6.0,69034,M,4578543.0,483389.0,69
201700050384,17,11,26,530,5,2,2,1.0,3.0,69384,M,4577704.0,483473.0,69
201700050385,17,11,26,1407,1,2,1,1.0,2.0,69382,M,4575790.0,483444.0,69
201700050386,17,11,27,1500,1,2,1,1.0,6.0,69034,M,4579184.0,487164.0,69
201700050387,17,11,27,1845,5,2,1,1.0,3.0,69034,M,4578512.0,485085.0,69
201700050388,17,11,28,1610,2,2,3,2.0,3.0,69034,M,4579217.0,482425.0,69
201700050389,17,11,28,1725,5,2,1,2.0,6.0,69389,M,4576413.0,478905.0,69
201700050390,17,11,28,2000,5,2,1,2.0,6.0,69034,M,4579839.0,485134.0,69
201700050391,17,11,29,1600,1,2,1,1.0,7.0,69034,M,4578484.0,483680.0,69
201700050392,17,11,30,1845,5,2,1,8.0,6.0,69286,M,4581891.0,488590.0,69
201700050393,17,12,1,955,1,2,1,1.0,1.0,69286,M,4581451.0,488983.0,69
201700050394,17,12,1,1535,1,2,1,8.0,5.0,69202,M,4573660.0,480499.0,69
201700050395,17,12,2,1038,1,2,1,1.0,6.0,69081,M,4577417.0,477545.0,69
201700050396,17,12,4,955,1,2,1,8.0,6.0,69385,M,4576692.0,480455.0,69
201700050397,17,12,5,645,5,2,1,1.0,1.0,69385,M,4575284.0,482048.0,69
201700050398,17,12,8,1010,1,2,1,2.0,6.0,69034,M,4578823.0,483980.0,69
201700050399,17,12,8,1750,5,2,1,8.0,2.0,69382,M,4574867.0,483099.0,69
201700050400,17,12,7,1945,5,2,1,1.0,6.0,69034,M,4580188.0,485124.0,69
201700050401,17,12,11,1200,1,2,1,2.0,4.0,69382,M,4576297.0,483795.0,69
201700050402,17,12,12,950,1,2,1,2.0,5.0,69389,M,4577619.0,479865.0,69
201700050403,17,12,12,1840,5,2,7,1.0,6.0,69202,M,4573402.0,477964.0,69
201700050404,17,12,12,1740,4,1,4,1.0,2.0,69382,M,4573557.0,481979.0,69
201700050405,17,12,13,1830,5,2,2,3.0,6.0,69202,M,4574164.0,479968.0,69
201700050406,17,12,13,2100,5,2,2,8.0,3.0,69385,M,4575162.0,482159.0,69
201700050407,17,12,11,1940,5,2,9,1.0,6.0,69381,M,4576670.0,483400.0,69
201700050408,17,12,16,1800,5,2,9,4.0,3.0,69286,M,4581444.0,489138.0,69
201700050409,17,12,15,2100,5,2,3,1.0,3.0,69389,M,4578578.0,480929.0,69
201700050410,17,12,16,2015,5,2,1,1.0,6.0,69381,M,4577075.0,483308.0,69
201700050411,17,12,17,1810,3,2,2,8.0,3.0,69384,M,4577843.0,483613.0,69
201700050412,17,12,18,2300,5,2,1,1.0,6.0,69286,M,4581267.0,489155.0,69
201700050413,17,12,20,1930,5,2,2,2.0,3.0,69081,M,4576635.0,476934.0,69
201700050414,17,12,20,2050,5,2,1,2.0,2.0,69382,M,4574694.0,482878.0,69
201700050415,17,12,21,1720,5,2,1,2.0,6.0,69202,M,4572379.0,478338.0,69
201700050416,17,12,22,615,5,2,1,2.0,7.0,69034,M,4579820.0,485076.0,69
201700050417,17,12,21,2020,5,2,1,2.0,7.0,69389,M,4577991.0,480482.0,69
201700050418,17,12,22,1505,1,2,3,1.0,3.0,69202,M,4572447.0,478199.0,69
201700050419,17,12,23,10,5,2,1,1.0,3.0,69382,M,4576502.0,483812.0,69
201700050420,17,12,22,1106,1,2,1,1.0,3.0,69149,M,4571473.0,481931.0,69
201700050421,17,12,23,1845,5,2,1,1.0,2.0,69385,M,4575610.0,481772.0,69
201700050422,17,12,10,1650,2,2,1,2.0,3.0,69382,M,4576184.0,483788.0,69
201700050423,17,12,25,1915,5,2,1,1.0,3.0,69389,M,4776230.0,480264.0,69
201700050424,17,12,27,40,5,2,2,1.0,6.0,69149,M,4571213.0,480872.0,69
201700050425,17,12,24,1650,2,2,1,1.0,7.0,69034,M,4579270.0,483488.0,69
201700050426,17,12,28,1633,1,1,1,2.0,1.0,69152,M,4569544.0,483213.0,69
201700050427,17,12,29,442,5,2,3,4.0,6.0,69389,M,4575000.0,485000.0,69
201700050428,17,12,30,2031,5,2,4,2.0,2.0,69382,M,4575000.0,483000.0,69
201700050429,17,12,31,1340,1,2,1,1.0,7.0,69152,M,4569479.0,483663.0,69
201700050430,17,1,11,1235,1,1,1,1.0,2.0,62771,M,,,62
201700050431,17,12,31,1515,1,1,1,3.0,7.0,59350,M,5063306.0,308235.0,59
201700050432,17,1,11,1300,1,1,1,1.0,4.0,62907,M,,,62
201700050433,17,1,11,1330,1,1,1,8.0,4.0,59429,M,5028707.0,335424.0,59
201700050434,17,1,11,1545,1,1,1,1.0,4.0,62628,M,,,62
201700050435,17,1,17,1930,3,1,1,1.0,3.0,59431,M,5068483.0,283800.0,59
201700050436,17,1,18,1000,1,1,1,6.0,7.0,59143,M,5065232.0,291723.0,59
201700050437,17,1,21,130,3,1,1,1.0,4.0,59447,M,5036634.0,359578.0,59
201700050438,17,1,21,750,3,1,1,1.0,6.0,62193,M,,,62
201700050439,17,1,22,1745,2,1,9,1.0,6.0,59560,M,5054723.0,305721.0,59
201700050440,17,1,25,1330,1,1,1,1.0,4.0,59360,M,5062160.0,302038.0,59
201700050441,17,1,24,1630,1,1,1,1.0,2.0,59429,M,5029079.0,335915.0,59
201700050442,17,1,26,1915,3,1,1,1.0,2.0,59220,M,5058139.0,308885.0,59
201700050443,17,1,30,1400,1,1,1,1.0,1.0,59665,M,5091819.0,247856.0,59
201700050444,17,1,31,1850,2,1,1,1.0,6.0,59580,M,5082864.0,258268.0,59
201700050445,17,1,27,1900,1,1,1,1.0,2.0,59449,M,5047196.0,322598.0,59
201700050446,17,3,13,1215,1,1,1,1.0,2.0,59507,M,5060531.0,309877.0,59
201700050447,17,11,17,1355,1,1,1,1.0,6.0,59260,M,5104633.0,253187.0,59
201700050448,17,3,1,140,3,1,1,2.0,6.0,59383,M,5033585.0,354998.0,59
201700050449,17,3,15,1610,1,1,1,1.0,2.0,59143,M,5065801.0,290041.0,59
201700050450,17,12,15,1500,1,1,1,1.0,7.0,59479,M,5038900.0,361262.0,59
201700050451,17,3,10,1950,3,1,1,1.0,3.0,59378,M,5068529.0,311163.0,59
201700050452,17,3,19,400,3,1,1,9.0,3.0,59179,M,5030510.0,337166.0,59
201700050453,17,3,31,1210,1,1,1,1.0,7.0,59523,M,5058750.0,315118.0,59
201700050454,17,3,22,934,1,1,1,1.0,2.0,59155,M,5101709.0,240251.0,59
201700050455,17,3,23,915,1,1,1,1.0,2.0,59043,M,5072440.0,273349.0,59
201700050456,17,3,27,2345,3,1,1,1.0,7.0,59414,M,5037935.0,318107.0,59
201700050457,17,3,30,755,1,1,1,1.0,2.0,59237,M,5077618.0,263061.0,59
201700050458,17,4,6,720,1,1,1,1.0,2.0,62274,M,,,62
201700050459,17,4,6,2330,3,1,1,1.0,7.0,62907,M,,,62
201700050460,17,2,7,1900,2,1,1,1.0,2.0,59183,M,5101285.0,237447.0,59
201700050461,17,2,11,340,4,1,1,1.0,2.0,59609,M,5057466.0,308196.0,59
201700050462,17,2,12,1040,1,1,1,1.0,2.0,59570,M,5094868.0,243034.0,59
201700050463,17,4,11,2055,3,1,1,1.0,7.0,59155,M,5101391.0,238435.0,59
201700050464,17,2,15,1250,1,1,1,1.0,7.0,62748,M,,,62
201700050465,17,2,16,530,3,1,1,5.0,5.0,59043,M,5072498.0,272975.0,59
201700050466,17,2,16,1645,2,1,1,1.0,2.0,59179,M,5030725.0,338276.0,59
201700050467,17,2,23,1800,2,1,1,6.0,6.0,59585,M,5056169.0,306892.0,59
201700050468,17,2,28,120,3,1,1,1.0,2.0,59215,M,5035591.0,358310.0,59
201700050469,17,2,25,1900,2,1,1,1.0,7.0,59511,M,5044405.0,335139.0,59
201700050470,17,4,10,1445,1,1,1,1.0,6.0,59401,M,5072431.0,268000.0,59
201700050471,17,3,19,1530,1,1,1,1.0,7.0,59196,M,5064254.0,293308.0,59
201700050472,17,4,4,1830,1,1,1,1.0,6.0,59220,M,5058140.0,308860.0,59
201700050473,17,3,22,1725,1,1,1,1.0,3.0,59586,M,5054655.0,319021.0,59
201700050474,17,3,22,1000,1,1,1,1.0,6.0,59646,M,5066877.0,311387.0,59
201700050475,17,3,24,1540,1,1,1,1.0,6.0,59350,M,5061921.0,302936.0,59
201700050476,17,3,31,1745,1,1,1,1.0,4.0,59378,M,,,59
201700050477,17,3,27,2040,5,1,1,1.0,6.0,59350,M,5061958.0,302030.0,59
201700050478,17,4,15,1730,1,1,1,9.0,2.0,59160,M,5041255.0,362597.0,59
201700050479,17,4,19,1220,1,1,1,1.0,4.0,59646,M,,,59
201700050480,17,5,4,2000,2,1,1,2.0,7.0,59646,M,5065643.0,312750.0,59
201700050481,17,5,6,1655,1,1,1,1.0,7.0,62624,M,,,62
201700050482,17,5,28,2350,3,1,1,1.0,6.0,59435,M,5049249.0,321212.0,59
201700050483,17,5,20,1710,1,1,1,1.0,5.0,59507,M,5061349.0,308712.0,59
201700050484,17,6,1,427,3,1,1,1.0,2.0,59532,M,5095693.0,214817.0,59
201700050485,17,4,21,2200,3,1,1,1.0,2.0,62274,M,,,62
201700050486,17,4,24,425,5,1,1,1.0,2.0,59410,M,5064385.0,309445.0,59
201700050487,17,4,27,1145,1,1,1,1.0,7.0,59646,M,5068843.0,313812.0,59
201700050488,17,6,12,800,1,1,9,1.0,6.0,59560,M,5054553.0,305649.0,59
201700050489,17,4,28,1929,1,1,1,1.0,7.0,59603,M,5034121.0,348037.0,59
201700050490,17,6,13,300,3,1,9,1.0,2.0,59350,M,5063304.0,308336.0,59
201700050491,17,4,29,1705,1,1,1,1.0,2.0,59094,M,5096342.0,221550.0,59
201700050492,17,4,30,515,5,1,1,1.0,3.0,59599,M,5069611.0,314845.0,59
201700050493,17,4,30,500,5,1,1,1.0,6.0,59410,M,5064291.0,309376.0,59
201700050494,17,6,8,2120,1,1,9,1.0,6.0,59564,M,5034096.0,347925.0,59
201700050495,17,6,15,1420,1,1,1,1.0,2.0,59646,M,5068940.0,314094.0,59
201700050496,17,6,15,855,1,1,1,1.0,2.0,59360,M,5061704.0,303925.0,59
201700050497,17,6,20,1815,1,1,1,1.0,2.0,59646,M,5067983.0,312514.0,59
201700050498,17,6,22,945,1,1,1,1.0,6.0,59523,M,5059900.0,316000.0,59
201700050499,17,6,28,300,3,1,1,1.0,7.0,59359,M,5098485.0,222982.0,59
201700050500,17,6,9,1715,1,1,1,1.0,2.0,62587,M,,,62
201700050501,17,7,1,1030,1,1,1,2.0,7.0,59350,M,5061533.0,306861.0,59
201700050502,17,7,2,1350,1,1,1,1.0,7.0,59195,M,5062495.0,296409.0,59
201700050503,17,7,6,1745,1,1,9,1.0,4.0,59288,M,5031506.0,340763.0,59
201700050504,17,5,1,550,2,1,1,1.0,6.0,59205,M,5032602.0,333938.0,59
201700050505,17,5,25,415,3,1,1,1.0,6.0,62274,M,,,62
201700050506,17,5,21,300,5,1,1,1.0,7.0,59646,M,5067977.0,312463.0,59
201700050507,17,7,17,1650,1,1,1,1.0,6.0,59343,M,5058540.0,309255.0,59
201700050508,17,7,22,1130,1,1,9,8.0,7.0,59043,M,5073212.0,270059.0,59
201700050509,17,6,20,445,3,1,1,1.0,2.0,62393,M,,,62
201700050510,17,7,4,1443,1,1,1,1.0,5.0,59447,M,5038414.0,361124.0,59
201700050511,17,7,13,1200,1,1,1,1.0,2.0,62510,M,,,62
201700050512,17,7,27,1050,1,1,1,1.0,5.0,62510,M,,,62
201700050513,17,7,9,1700,1,1,1,1.0,5.0,62548,M,,,62
201700050514,17,8,3,2340,3,1,1,1.0,6.0,62393,M,,,62
201700050515,17,8,3,1750,1,1,1,1.0,4.0,59028,M,5041397.0,303216.0,59
201700050516,17,8,6,100,3,1,1,1.0,2.0,59403,M,5042551.0,339680.0,59
201700050517,17,8,8,1130,1,1,9,2.0,6.0,59179,M,5030305.0,337211.0,59
201700050518,17,8,10,2010,2,1,1,2.0,6.0,59009,M,5064783.0,314611.0,59
201700050519,17,8,10,2002,1,1,1,2.0,6.0,59343,M,5060068.0,313148.0,59
201700050520,17,8,3,1605,1,1,1,1.0,2.0,62249,M,5042522.0,300847.0,62
201700050521,17,8,11,1540,1,1,1,1.0,7.0,59378,M,5068533.0,311094.0,59
201700050522,17,8,12,420,5,1,1,2.0,6.0,62274,M,,,62
201700050523,17,8,13,1615,1,1,1,9.0,6.0,59327,M,5037873.0,317847.0,59
201700050524,17,8,16,1715,1,1,9,1.0,7.0,59386,M,5067880.0,305137.0,59
201700050525,17,8,20,1700,1,1,1,1.0,5.0,59143,M,5067533.0,286170.0,59
201700050526,17,8,28,920,1,1,1,1.0,4.0,59507,M,5060562.0,309840.0,59
201700050527,17,7,2,1350,1,1,1,1.0,7.0,59195,M,5062500.0,296100.0,59
201700050528,17,7,5,30,5,1,1,1.0,6.0,59350,M,5061600.0,306600.0,59
201700050529,17,7,9,430,5,1,1,1.0,5.0,59350,M,5061700.0,305400.0,59
201700050530,17,8,29,1745,1,1,1,1.0,2.0,59260,M,5105559.0,255505.0,59
201700050531,17,8,31,2344,5,1,1,1.0,6.0,59350,M,5061617.0,307401.0,59
201700050532,17,8,31,745,1,1,1,1.0,7.0,62215,M,,,62
201700050533,17,7,17,1020,1,1,1,1.0,2.0,59179,M,5030100.0,337100.0,59
201700050534,17,8,13,1200,1,1,1,1.0,7.0,59258,M,5051867.0,320507.0,59
201700050535,17,9,3,1030,1,1,1,1.0,7.0,59350,M,5063768.0,308948.0,59
201700050536,17,9,2,855,1,1,1,2.0,6.0,59350,M,5061600.0,307900.0,59
201700050537,17,9,4,1940,1,1,1,8.0,6.0,59566,M,5062115.0,297116.0,59
201700050538,17,7,18,900,1,1,1,1.0,2.0,59646,M,5061600.0,307900.0,59
201700050539,17,7,23,945,1,1,1,1.0,7.0,59094,M,5095880.0,217880.0,59
201700050540,17,7,27,1430,1,1,1,1.0,2.0,59196,M,5063640.0,294290.0,59
201700050541,17,7,28,815,1,1,1,1.0,5.0,62528,M,,,62
201700050542,17,7,28,1805,1,1,1,1.0,2.0,62274,M,,,62
201700050543,17,7,30,1240,1,1,1,1.0,3.0,62548,M,,,62
201700050544,17,9,5,1600,1,1,1,1.0,6.0,62274,M,,,62
201700050545,17,9,9,1155,1,1,1,1.0,6.0,59603,M,5034175.0,348049.0,59
201700050546,17,9,15,2040,3,1,1,8.0,2.0,59574,M,5034811.0,326850.0,59
201700050547,17,9,23,1515,1,1,1,1.0,2.0,59286,M,5061920.0,297570.0,59
201700050548,17,9,23,1515,1,1,1,1.0,6.0,59581,M,5068720.0,283113.0,59
201700050549,17,9,28,2015,2,1,1,1.0,2.0,59350,M,5061660.0,306117.0,59
201700050550,17,10,4,1915,2,1,1,1.0,2.0,62637,M,,,62
201700050551,17,10,5,900,1,1,1,1.0,4.0,59350,M,5063394.0,308479.0,59
201700050552,17,10,7,2355,5,1,1,2.0,6.0,59350,M,5062226.0,302480.0,59
201700050553,17,10,15,2150,4,1,1,1.0,2.0,59350,M,5061600.0,306500.0,59
201700050554,17,10,19,1825,1,1,1,1.0,6.0,59646,M,5066140.0,312250.0,59
201700050555,17,10,20,845,1,1,1,8.0,7.0,59560,M,5054106.0,305340.0,59
201700050556,17,10,22,2145,3,1,1,1.0,3.0,59343,M,5059886.0,310687.0,59
201700050557,17,10,25,845,1,1,1,1.0,4.0,59478,M,5094847.0,243217.0,59
201700050558,17,10,26,1140,1,1,1,8.0,6.0,59557,M,5034788.0,357447.0,59
201700050559,17,10,27,650,2,1,1,1.0,2.0,59507,M,5061206.0,308910.0,59
201700050560,17,10,28,945,1,1,1,1.0,2.0,59557,M,5034731.0,357412.0,59
201700050561,17,10,29,1625,1,1,1,1.0,6.0,59288,M,5031497.0,340710.0,59
201700050562,17,11,5,725,2,1,1,8.0,7.0,59462,M,5051042.0,302865.0,59
201700050563,17,11,8,2040,3,1,1,1.0,4.0,59636,M,5068058.0,305673.0,59
201700050564,17,11,9,1840,3,1,1,9.0,4.0,59288,M,5031868.0,341916.0,59
201700050565,17,11,9,1920,3,1,1,1.0,2.0,59560,M,5054696.0,305749.0,59
201700050566,17,11,13,1500,1,1,1,1.0,4.0,59609,M,5057207.0,307970.0,59
201700050567,17,11,15,45,3,1,1,9.0,2.0,59606,M,5033993.0,349433.0,59
201700050568,17,11,29,2150,3,1,1,3.0,7.0,59183,M,5100142.0,232809.0,59
201700050569,17,12,6,1550,1,1,9,1.0,7.0,59462,M,5051545.0,303419.0,59
201700050570,17,12,10,2310,5,1,1,1.0,6.0,59343,M,5059996.0,312909.0,59
201700050571,17,12,21,1330,1,1,1,8.0,7.0,59343,M,5060079.0,313144.0,59
201700050572,17,12,18,1820,3,1,1,8.0,6.0,62249,M,,,62
201700050573,17,12,17,745,2,1,1,1.0,2.0,59350,M,5062061.0,308170.0,59
201700050574,17,12,18,1115,1,1,1,1.0,4.0,59609,M,5057354.0,308078.0,59
201700050575,17,12,23,800,3,1,1,1.0,2.0,59449,M,5046969.0,323042.0,59
201700050576,17,12,24,1635,2,1,1,1.0,7.0,59271,M,5100414.0,230710.0,59
201700050577,17,12,26,230,3,1,1,1.0,7.0,59155,M,5101403.0,238386.0,59
201700050578,17,12,28,2315,3,1,1,1.0,4.0,59179,M,5030739.0,338363.0,59
201700050579,17,1,1,255,5,2,2,1.0,3.0,69386,M,4576932.0,485037.0,69
201700050580,17,1,1,1035,1,2,1,1.0,2.0,69388,M,4573433.0,487585.0,69
201700050581,17,1,1,2155,5,2,1,1.0,3.0,69387,M,4575390.0,483854.0,69
201700050582,17,1,4,1815,5,2,1,1.0,6.0,69388,M,4574847.0,486797.0,69
201700050583,17,1,5,840,1,2,2,2.0,3.0,69387,M,4573605.0,483643.0,69
201700050584,17,1,5,1650,1,1,1,2.0,3.0,69259,M,4569731.0,489038.0,69
201700050585,17,1,5,1730,2,2,1,2.0,6.0,69383,M,4575013.0,485799.0,69
201700050586,17,1,5,1740,5,2,1,9.0,3.0,69259,M,4572016.0,486789.0,69
201700050587,17,1,6,830,1,2,1,1.0,3.0,69388,M,4573277.0,486164.0,69
201700050588,17,1,6,955,1,2,2,1.0,3.0,69387,M,4575193.0,483696.0,69
201700050589,17,1,6,1530,1,2,1,1.0,6.0,69388,M,4573106.0,485875.0,69
201700050590,17,1,6,1705,2,2,1,1.0,3.0,69383,M,4575077.0,485617.0,69
201700050591,17,1,6,2100,5,2,1,1.0,1.0,69387,M,4575477.0,484452.0,69
201700050592,17,1,7,1010,1,2,1,1.0,6.0,69259,M,4571458.0,487256.0,69
201700050593,17,1,7,1215,1,2,1,1.0,2.0,69387,M,,,69
201700050594,17,1,8,1634,1,2,2,1.0,5.0,69386,M,4577231.0,484094.0,69
201700050595,17,1,11,810,1,2,2,1.0,7.0,69388,M,4573015.0,487847.0,69
201700050596,17,1,11,1045,1,2,1,1.0,6.0,69383,M,4576022.0,484666.0,69
201700050597,17,1,5,1950,5,2,1,1.0,6.0,69387,M,4574531.0,484618.0,69
201700050598,17,1,12,840,1,2,1,1.0,6.0,69388,M,4573561.0,488153.0,69
201700050599,17,1,11,1635,1,2,1,1.0,1.0,69388,M,,,69
201700050600,17,1,12,1440,1,2,2,1.0,6.0,69383,M,4575981.0,485083.0,69
201700050601,17,1,12,1800,5,2,2,2.0,3.0,69383,M,4575503.0,487062.0,69
201700050602,17,1,12,1920,4,2,2,1.0,3.0,69259,M,4570310.0,488760.0,69
201700050603,17,1,12,2100,5,2,2,1.0,3.0,69386,M,4576736.0,484555.0,69
201700050604,17,1,13,1250,1,2,1,1.0,6.0,69383,M,4576181.0,485775.0,69
201700050605,17,1,14,2150,5,2,3,1.0,6.0,69388,M,4572999.0,489136.0,69
201700050606,17,1,16,550,5,2,1,1.0,3.0,69388,M,4572876.0,486796.0,69
201700050607,17,1,16,858,1,2,1,4.0,6.0,69383,M,4575501.0,485808.0,69
201700050608,17,1,12,1020,1,2,1,1.0,6.0,69387,M,4572949.0,483792.0,69
201700050609,17,1,16,1545,1,2,2,1.0,6.0,69386,M,4576821.0,485892.0,69
201700050610,17,1,15,1920,3,2,2,1.0,3.0,69387,M,4574910.0,483608.0,69
201700050611,17,1,18,855,1,2,1,9.0,1.0,69383,M,,,69
201700050612,17,1,18,1350,1,2,1,1.0,6.0,69387,M,4575332.0,484467.0,69
201700050613,17,1,19,945,1,1,2,1.0,6.0,69388,M,4573224.0,488246.0,69
201700050614,17,1,20,1000,1,2,1,1.0,6.0,69383,M,4574477.0,489105.0,69
201700050615,17,1,20,1525,1,2,1,1.0,2.0,69387,M,4573609.0,482792.0,69
201700050616,17,1,20,2330,5,2,1,1.0,1.0,69199,M,,,69
201700050617,17,1,21,1410,1,2,2,1.0,1.0,69387,M,4574918.0,483840.0,69
201700050618,17,1,21,1520,1,2,1,1.0,3.0,69388,M,4573721.0,486855.0,69
201700050619,17,1,24,840,1,2,3,1.0,3.0,69386,M,4576507.0,486797.0,69
201700050620,17,1,24,1815,5,2,1,1.0,6.0,69383,M,4576374.0,486833.0,69
201700050621,17,1,25,1745,2,2,3,1.0,6.0,69259,M,4571307.0,487683.0,69
201700050622,17,1,26,1800,5,2,1,1.0,6.0,69386,M,,,69
201700050623,17,1,27,119,5,2,4,1.0,6.0,69387,M,4573974.0,482650.0,69
201700050624,17,1,27,620,5,2,1,9.0,6.0,69387,M,4573674.0,484542.0,69
201700050625,17,1,29,600,5,2,3,1.0,6.0,69387,M,4574513.0,484192.0,69
201700050626,17,1,30,2050,5,2,1,2.0,6.0,69199,M,,,69
201700050627,17,2,1,550,5,2,1,1.0,2.0,69387,M,,,69
201700050628,17,2,1,1545,1,2,2,1.0,3.0,69386,M,,,69
201700050629,17,2,1,1600,1,2,1,1.0,6.0,69388,M,,,69
201700050630,17,2,1,1745,1,2,2,1.0,3.0,69387,M,,,69
201700050631,17,2,2,1150,1,2,2,1.0,3.0,69259,M,,,69
201700050632,17,1,24,1700,1,2,1,1.0,6.0,69259,M,4571688.0,487638.0,69
201700050633,17,2,2,1615,1,2,3,1.0,2.0,69387,M,4574000.0,483000.0,69