Num_Acc,an,mois,jour,hrmn,lum,agg,int,atm,col,com,gps,lat,long,dep
201700050634,17,2,2,2050,5,2,2,8.0,3.0,69388,M,,,69
201700050635,17,2,3,15,5,2,3,3.0,3.0,69383,M,4576125.0,485770.0,69
201700050636,17,2,3,1845,5,2,3,1.0,3.0,69387,M,,,69
201700050637,17,2,3,2039,5,2,3,2.0,5.0,69199,M,,,69
201700050638,17,2,5,420,5,2,2,2.0,6.0,69383,M,,,69
201700050639,17,2,4,1920,1,1,2,1.0,3.0,69388,M,4573146.0,486631.0,69
201700050640,17,2,5,1930,5,2,1,1.0,1.0,69387,M,4574659.0,300000.0,69
201700050641,17,2,6,1617,1,2,1,1.0,3.0,69383,M,,,69
201700050642,17,2,6,2030,5,2,1,8.0,1.0,69388,M,,,69
201700050643,17,2,7,830,1,2,1,2.0,6.0,69387,M,,,69
201700050644,17,2,7,1740,2,2,3,1.0,6.0,69387,M,,,69
201700050645,17,2,8,1815,5,2,1,8.0,6.0,69388,M,,,69
201700050646,17,2,8,1900,5,2,2,1.0,6.0,69388,M,,,69
201700050647,17,2,9,2030,5,2,2,2.0,6.0,69383,M,,,69
201700050648,17,2,10,750,1,1,1,1.0,3.0,69383,M,,,69
201700050649,17,2,9,1930,5,2,1,2.0,2.0,69387,M,,,69
201700050650,17,2,11,915,1,2,3,1.0,3.0,69383,M,,,69
201700050651,17,2,12,125,5,2,1,2.0,3.0,69259,M,,,69
201700050652,17,2,14,1155,1,2,1,1.0,2.0,69387,M,,,69
201700050653,17,2,14,2040,5,2,2,1.0,3.0,69387,M,4574525.0,484193.0,69
201700050654,17,2,6,645,5,2,2,1.0,3.0,69387,M,,,69
201700050655,17,2,17,730,2,2,1,1.0,4.0,69276,M,,,69
201700050656,17,2,17,2030,5,2,2,1.0,3.0,69388,M,,,69
201700050657,17,1,26,59,3,2,1,1.0,6.0,69387,M,4574443.0,483522.0,69
201700050658,17,2,19,830,1,2,2,1.0,3.0,69259,M,,,69
201700050659,17,2,19,1710,1,2,1,1.0,6.0,69259,M,,,69
201700050660,17,2,20,1805,2,2,2,1.0,6.0,69388,M,4574167.0,485993.0,69
201700050661,17,2,21,500,5,2,1,1.0,7.0,69259,M,,,69
201700050662,17,2,21,1640,1,2,1,1.0,3.0,69388,M,,,69
201700050663,17,2,22,830,1,2,1,1.0,3.0,69387,M,,,69
201700050664,17,2,22,1010,1,2,1,1.0,1.0,69387,M,,,69
201700050665,17,2,22,1735,1,2,2,1.0,1.0,69259,M,,,69
201700050666,17,2,22,1750,1,2,1,1.0,6.0,69388,M,,,69
201700050667,17,2,25,2030,5,2,3,1.0,6.0,69388,M,,,69
201700050668,17,2,28,850,1,2,1,1.0,6.0,69383,M,,,69
201700050669,17,3,2,1945,5,2,2,1.0,3.0,69387,M,4574800.0,484700.0,69
201700050670,17,3,2,1154,1,2,1,1.0,3.0,69386,M,,,69
201700050671,17,3,3,840,1,2,2,1.0,1.0,69388,M,4573800.0,488400.0,69
201700050672,17,3,6,820,1,2,2,3.0,3.0,69386,M,,,69
201700050673,17,3,6,840,1,2,1,2.0,6.0,69388,M,4573813.0,488441.0,69
201700050674,17,3,7,1055,1,2,1,1.0,1.0,69387,M,4573953.0,482706.0,69
201700050675,17,3,7,1300,1,2,1,1.0,1.0,69276,M,,,69
201700050676,17,3,8,1348,1,2,1,1.0,3.0,69259,M,,,69
201700050677,17,3,8,2059,5,2,2,1.0,3.0,69387,M,4574532.0,484195.0,69
201700050678,17,3,10,1035,1,2,1,1.0,3.0,69388,M,,,69
201700050679,17,3,10,914,1,2,1,1.0,2.0,69387,M,,,69
201700050680,17,3,11,1740,1,2,1,1.0,2.0,69276,M,,,69
201700050681,17,3,13,530,5,2,1,1.0,6.0,69383,M,,,69
201700050682,17,3,10,1505,1,2,1,1.0,3.0,69386,M,4576997.0,485849.0,69
201700050683,17,3,13,1925,5,2,1,1.0,6.0,69259,M,4570089.0,488754.0,69
201700050684,17,3,14,1515,1,2,9,1.0,6.0,69259,M,,,69
201700050685,17,3,12,1850,5,2,2,1.0,3.0,69387,M,,,69
201700050686,17,3,15,1535,1,1,1,7.0,6.0,69387,M,4573622.0,482645.0,69
201700050687,17,3,15,1700,1,2,2,1.0,1.0,69387,M,,,69
201700050688,17,3,15,1830,5,2,1,1.0,2.0,69388,M,,,69
201700050689,17,2,21,2000,5,2,1,1.0,2.0,69387,M,,,69
201700050690,17,3,16,2345,5,2,2,1.0,3.0,69387,M,,,69
201700050691,17,3,16,2000,5,2,2,1.0,6.0,69199,M,,,69
201700050692,17,3,17,1125,1,2,3,7.0,6.0,69387,M,,,69
201700050693,17,3,17,2230,5,2,1,1.0,6.0,69199,M,,,69
201700050694,17,3,18,245,5,2,1,1.0,6.0,69276,M,,,69
201700050695,17,3,18,1540,1,2,1,8.0,6.0,69387,M,,,69
201700050696,17,3,20,800,1,2,1,1.0,6.0,69386,M,,,69
201700050697,17,12,23,1600,1,2,1,1.0,6.0,69383,M,4575000.0,486000.0,69
201700050698,17,3,4,1700,1,2,1,1.0,3.0,69383,M,,,69
201700050699,17,3,20,1050,1,2,1,1.0,6.0,69388,M,4573600.0,486200.0,69
201700050700,17,3,20,1920,5,2,1,1.0,6.0,69388,M,,,69
201700050701,17,3,21,910,1,2,1,1.0,3.0,69387,M,,,69
201700050702,17,3,20,1950,5,1,1,1.0,6.0,69387,M,4572256.0,484234.0,69
201700050703,17,3,21,1150,1,2,3,1.0,6.0,69383,M,,,69
201700050704,17,3,22,1440,1,2,3,1.0,3.0,69383,M,,,69
201700050705,17,3,23,1200,1,2,1,1.0,6.0,69387,M,,,69
201700050706,17,3,23,1900,5,2,1,2.0,6.0,69383,M,,,69
201700050707,17,3,24,447,5,2,1,2.0,6.0,69199,M,,,69
201700050708,17,3,23,1945,5,2,2,3.0,3.0,69387,M,4575218.0,484162.0,69
201700050709,17,3,24,1605,1,2,2,1.0,3.0,69383,M,,,69
201700050710,17,3,25,1,5,2,1,1.0,3.0,69383,M,,,69
201700050711,17,3,25,2300,5,2,2,2.0,1.0,69383,M,4575715.0,484120.0,69
201700050712,17,3,26,1830,1,2,1,1.0,3.0,69383,M,,,69
201700050713,17,3,27,900,1,2,1,1.0,6.0,69388,M,4572700.0,485300.0,69
201700050714,17,3,28,1040,1,2,1,1.0,6.0,69388,M,,,69
201700050715,17,3,26,1845,1,2,1,1.0,1.0,69383,M,,,69
201700050716,17,3,30,830,1,2,1,7.0,6.0,69199,M,,,69
201700050717,17,3,30,920,1,2,3,1.0,6.0,69387,M,,,69
201700050718,17,3,14,910,1,2,3,1.0,3.0,69387,M,,,69
201700050719,17,3,30,1435,1,2,2,1.0,6.0,69386,M,,,69
201700050720,17,3,30,1700,1,2,2,1.0,6.0,69387,M,,,69
201700050721,17,3,30,1845,1,2,1,1.0,3.0,69259,M,,,69
201700050722,17,3,31,1450,1,1,1,1.0,5.0,69276,M,,,69
201700050723,17,3,31,1730,1,2,2,1.0,1.0,69387,M,,,69
201700050724,17,3,31,1820,1,2,1,1.0,6.0,69259,M,,,69
201700050725,17,4,1,1145,1,2,2,1.0,3.0,69386,M,4576372.0,486375.0,69
201700050726,17,4,3,815,1,2,1,1.0,6.0,69388,M,4573604.0,488648.0,69
201700050727,17,3,28,1015,1,2,2,1.0,6.0,69386,M,4576632.0,484771.0,69
201700050728,17,4,3,1735,1,2,1,1.0,2.0,69276,M,4566640.0,485868.0,69
201700050729,17,4,4,35,5,2,1,1.0,6.0,69388,M,4574429.0,485191.0,69
201700050730,17,4,4,1040,1,2,1,1.0,2.0,69386,M,4578500.0,485135.0,69
201700050731,17,4,3,1755,1,2,1,1.0,5.0,69276,M,4566683.0,485885.0,69
201700050732,17,4,4,1300,1,2,1,1.0,3.0,69386,M,4576596.0,484398.0,69
201700050733,17,4,5,1010,1,2,1,1.0,6.0,69387,M,4583525.0,484591.0,69
201700050734,17,4,5,1240,1,2,1,1.0,6.0,69386,M,4576871.0,484736.0,69
201700050735,17,4,5,1630,1,2,2,1.0,1.0,69388,M,4573300.0,486200.0,69
201700050736,17,4,5,1630,1,2,2,1.0,3.0,69387,M,4573135.0,483365.0,69
201700050737,17,4,5,2055,5,2,3,1.0,3.0,69383,M,4575811.0,486758.0,69
201700050738,17,4,7,1225,1,2,1,1.0,1.0,69388,M,4573112.0,485358.0,69
201700050739,17,4,7,1330,1,2,2,1.0,3.0,69383,M,4575393.0,486163.0,69
201700050740,17,4,8,2225,5,2,2,1.0,3.0,69383,M,4575817.0,484494.0,69
201700050741,17,4,9,10,5,2,2,1.0,3.0,69388,M,4573711.0,485035.0,69
201700050742,17,4,9,1230,1,2,1,1.0,6.0,69199,M,4571179.0,485929.0,69
201700050743,17,4,10,1315,1,2,1,1.0,6.0,69383,M,,,69
201700050744,17,4,11,1545,1,2,9,1.0,3.0,69259,M,4571947.0,486231.0,69
201700050745,17,4,11,1711,1,2,1,1.0,6.0,69383,M,4575773.0,487032.0,69
201700050746,17,4,12,815,1,2,2,1.0,6.0,69386,M,4576854.0,485054.0,69
201700050747,17,4,12,1445,1,2,1,1.0,6.0,69388,M,4572892.0,486618.0,69
201700050748,17,4,12,1515,1,2,1,1.0,6.0,69387,M,4573511.0,483589.0,69
201700050749,17,4,12,1741,1,2,3,1.0,3.0,69386,M,4576417.0,485335.0,69
201700050750,17,4,13,800,1,2,2,1.0,3.0,69388,M,4572938.0,486743.0,69
201700050751,17,4,13,1720,1,2,1,1.0,3.0,69387,M,4574397.0,482997.0,69
201700050752,17,4,14,820,1,2,2,1.0,6.0,69383,M,4575828.0,484701.0,69
201700050753,17,4,14,850,1,2,1,1.0,6.0,69383,M,4574787.0,488117.0,69
201700050754,17,4,14,2100,5,2,2,1.0,2.0,69388,M,4573713.0,485033.0,69
201700050755,17,4,15,745,1,2,1,1.0,4.0,69259,M,4571473.0,487898.0,69
201700050756,17,4,16,1730,1,2,1,1.0,2.0,69387,M,4574842.0,485270.0,69
201700050757,17,4,17,1920,1,2,1,1.0,6.0,69383,M,4576071.0,486545.0,69
201700050758,17,4,17,2000,1,2,1,1.0,3.0,69388,M,4574636.0,486892.0,69
201700050759,17,4,19,720,1,2,2,1.0,3.0,69383,M,4575485.0,484996.0,69
201700050760,17,4,19,845,1,2,2,1.0,1.0,69383,M,4575837.0,484865.0,69
201700050761,17,4,19,1509,1,2,1,1.0,3.0,69387,M,4573810.0,483766.0,69
201700050762,17,4,20,1225,1,2,3,1.0,3.0,69259,M,4569336.0,487425.0,69
201700050763,17,4,20,1145,1,2,1,1.0,6.0,69388,M,,,69
201700050764,17,4,20,1915,1,2,1,1.0,6.0,69259,M,4570651.0,488752.0,69
201700050765,17,4,21,2140,5,2,1,1.0,2.0,69383,M,4575802.0,486800.0,69
201700050766,17,4,21,2315,5,1,2,1.0,3.0,69383,M,4575204.0,489602.0,69
201700050767,17,4,21,1240,1,2,2,1.0,3.0,69387,M,4574887.0,484404.0,69
201700050768,17,4,22,1655,1,2,1,1.0,6.0,69388,M,4573569.0,485316.0,69
201700050769,17,4,24,835,1,2,1,1.0,3.0,69387,M,4575122.0,485482.0,69
201700050770,17,4,24,920,1,1,2,1.0,1.0,69388,M,4574178.0,486215.0,69
201700050771,17,4,24,1500,1,2,1,1.0,3.0,69259,M,4570858.0,487624.0,69
201700050772,17,4,24,1615,1,2,1,1.0,6.0,69386,M,4577627.0,484513.0,69
201700050773,17,4,25,420,5,2,2,1.0,3.0,69386,M,4576819.0,485893.0,69
201700050774,17,4,25,1130,1,2,1,2.0,6.0,69383,M,4574537.0,487172.0,69
201700050775,17,4,25,2345,5,2,1,1.0,6.0,69388,M,4573050.0,486679.0,69
201700050776,17,4,27,1700,1,1,1,1.0,3.0,69387,M,4575171.0,483898.0,69
201700050777,17,4,28,1040,1,2,1,1.0,6.0,69383,M,,,69
201700050778,17,4,28,1930,1,2,2,1.0,3.0,69259,M,4570312.0,488757.0,69
201700050779,17,4,27,1900,1,2,1,2.0,3.0,69387,M,4573167.0,482992.0,69
201700050780,17,4,29,1450,1,2,1,1.0,6.0,69386,M,4577033.0,485850.0,69
201700050781,17,4,29,1940,1,2,1,1.0,2.0,69386,M,4576907.0,484785.0,69
201700050782,17,4,30,1945,1,2,2,1.0,3.0,69199,M,4570950.0,485160.0,69
201700050783,17,5,2,1435,1,2,1,2.0,6.0,69259,M,4570520.0,487469.0,69
201700050784,17,5,2,1300,1,2,3,2.0,3.0,69383,M,4575148.0,487215.0,69
201700050785,17,2,3,755,1,2,1,1.0,2.0,69387,M,,,69
201700050786,17,5,2,1800,1,2,1,2.0,2.0,69387,M,4574537.0,484880.0,69
201700050787,17,5,3,540,2,2,1,2.0,2.0,69259,M,4568956.0,490499.0,69
201700050788,17,5,4,1930,1,2,2,1.0,3.0,69387,M,4575310.0,484208.0,69
201700050789,17,5,5,1420,1,2,2,1.0,3.0,69383,M,4575322.0,485512.0,69
201700050790,17,5,6,50,5,2,2,1.0,3.0,69386,M,4577319.0,484975.0,69
201700050791,17,5,6,555,5,2,1,1.0,1.0,69387,M,4572994.0,483572.0,69
201700050792,17,5,6,1240,1,2,1,2.0,5.0,69259,M,4570785.0,487638.0,69
201700050793,17,5,6,1310,1,2,1,2.0,4.0,69259,M,4571069.0,488314.0,69
201700050794,17,5,5,1800,1,2,1,1.0,1.0,69388,M,4573061.0,486176.0,69
201700050795,17,5,5,2110,5,2,1,1.0,3.0,69388,M,4573494.0,487402.0,69
201700050796,17,5,8,1325,1,2,1,1.0,1.0,69386,M,4576752.0,485875.0,69
201700050797,17,5,8,1420,1,2,1,1.0,3.0,69388,M,4573174.0,485341.0,69
201700050798,17,5,4,830,1,1,1,1.0,6.0,69383,M,4575375.0,488567.0,69
201700050799,17,5,9,1640,1,2,2,7.0,3.0,69388,M,4573111.0,486624.0,69
201700050800,17,5,10,820,1,2,1,1.0,6.0,69383,M,4575825.0,484229.0,69
201700050801,17,5,10,1710,1,2,1,1.0,6.0,69259,M,4569877.0,488307.0,69
201700050802,17,5,11,1115,1,2,2,2.0,6.0,69388,M,4574472.0,486798.0,69
201700050803,17,5,12,1445,1,2,2,2.0,3.0,69386,M,4577236.0,484519.0,69
201700050804,17,5,12,1750,1,2,1,1.0,5.0,69383,M,4575329.0,485494.0,69
201700050805,17,5,12,2315,5,2,9,2.0,6.0,69259,M,4571055.0,488322.0,69
201700050806,17,5,13,1140,1,2,1,2.0,6.0,69386,M,4576521.0,485899.0,69
201700050807,17,5,13,1250,1,2,3,2.0,3.0,69199,M,4570821.0,485718.0,69
201700050808,17,5,14,545,2,2,5,1.0,3.0,69386,M,4576521.0,485899.0,69
201700050809,17,5,14,1900,1,2,1,1.0,6.0,69387,M,4576521.0,485899.0,69
201700050810,17,5,13,100,3,2,2,1.0,3.0,69387,M,4574899.0,483591.0,69
201700050811,17,5,15,2015,1,2,2,1.0,3.0,69387,M,4574564.0,483654.0,69
201700050812,17,5,16,1400,1,1,2,1.0,3.0,69383,M,4576521.0,485899.0,69
201700050813,17,5,16,1545,1,2,2,1.0,3.0,69388,M,4573621.0,486964.0,69
201700050814,17,5,16,1835,1,2,1,1.0,3.0,69259,M,4571432.0,487273.0,69
201700050815,17,5,17,1,5,2,2,1.0,2.0,69387,M,4573164.0,482435.0,69
201700050816,17,5,17,830,1,2,2,1.0,3.0,69383,M,4575322.0,485498.0,69
201700050817,17,5,19,200,5,2,2,3.0,3.0,69386,M,4576660.0,485800.0,69
201700050818,17,5,17,1920,1,2,1,1.0,6.0,69388,M,4574639.0,486223.0,69
201700050819,17,5,19,1025,1,2,1,8.0,6.0,69387,M,4574099.0,485520.0,69
201700050820,17,5,20,1045,1,1,1,1.0,6.0,69388,M,4572964.0,488607.0,69
201700050821,17,5,20,1225,1,1,1,1.0,6.0,69387,M,4574225.0,484005.0,69
201700050822,17,5,21,2004,1,2,3,1.0,3.0,69259,M,4569505.0,487562.0,69
201700050823,17,5,22,1115,1,2,1,1.0,1.0,69383,M,4575800.0,486181.0,69
201700050824,17,5,22,1415,1,2,1,1.0,6.0,69259,M,4569000.0,487000.0,69
201700050825,17,5,23,900,1,2,1,1.0,3.0,69383,M,4575000.0,485000.0,69
201700050826,17,5,23,1150,1,2,1,1.0,6.0,69386,M,4577053.0,484754.0,69
201700050827,17,5,23,1740,1,2,2,1.0,3.0,69388,M,4573000.0,488000.0,69
201700050828,17,5,23,1605,1,2,1,1.0,2.0,69383,M,4575322.0,489432.0,69
201700050829,17,5,24,1135,1,2,1,1.0,6.0,69386,M,4576562.0,484442.0,69
201700050830,17,5,24,1820,1,2,3,1.0,3.0,69199,M,4571000.0,484000.0,69
201700050831,17,5,25,1800,1,2,2,1.0,3.0,69259,M,4568868.0,486315.0,69
201700050832,17,5,26,950,1,2,2,1.0,1.0,69387,M,4573901.0,483548.0,69
201700050833,17,5,26,1630,1,2,1,1.0,3.0,69387,M,4573138.0,483625.0,69
201700050834,17,5,27,1830,1,2,3,1.0,3.0,69199,M,4570000.0,485000.0,69
201700050835,17,5,27,2230,5,2,1,1.0,6.0,69276,M,4568236.0,486276.0,69
201700050836,17,5,29,830,1,2,1,1.0,2.0,69383,M,4575000.0,486000.0,69
201700050837,17,5,29,810,1,2,1,1.0,3.0,69388,M,4572785.0,485367.0,69
201700050838,17,5,29,915,1,2,1,1.0,3.0,69386,M,,,69
201700050839,17,5,30,38,5,2,1,1.0,2.0,69259,M,4570000.0,480000.0,69
201700050840,17,5,30,1755,1,2,1,1.0,6.0,69386,M,4577073.0,486158.0,69
201700050841,17,5,30,2308,5,1,1,1.0,3.0,69199,M,4568000.0,485000.0,69
201700050842,17,5,31,1325,1,2,1,1.0,6.0,69388,M,4573739.0,486633.0,69
201700050843,17,5,31,1740,1,2,1,1.0,3.0,69383,M,4575411.0,486415.0,69
201700050844,17,5,31,2100,1,2,1,1.0,1.0,69259,M,4572688.0,485381.0,69
201700050845,17,6,1,815,1,2,9,1.0,3.0,69388,M,4573499.0,486393.0,69
201700050846,17,6,1,1520,1,2,1,1.0,1.0,69383,M,4575000.0,485000.0,69
201700050847,17,6,1,2120,2,2,2,2.0,3.0,69259,M,4570000.0,486000.0,69
201700050848,17,6,2,30,5,1,1,1.0,6.0,69388,M,4573000.0,488000.0,69
201700050849,17,6,2,2201,5,2,1,2.0,6.0,69259,M,4571064.0,488303.0,69
201700050850,17,6,3,1125,1,2,1,1.0,6.0,69388,M,4574560.0,486420.0,69
201700050851,17,6,3,1300,1,2,1,1.0,5.0,69199,M,4576521.0,485899.0,69
201700050852,17,6,3,1645,1,2,1,2.0,6.0,69383,M,4576193.0,486746.0,69
201700050853,17,6,2,1740,1,2,1,1.0,6.0,69388,M,4573792.0,485127.0,69
201700050854,17,6,3,2019,2,1,1,3.0,4.0,69259,M,4572000.0,483000.0,69
201700050855,17,6,4,2030,2,2,2,1.0,1.0,69383,M,4575612.0,487269.0,69
201700050856,17,6,2,1630,1,2,1,1.0,6.0,69387,M,4574233.0,483975.0,69
201700050857,17,6,5,1120,1,2,1,1.0,3.0,69386,M,4576000.0,485000.0,69
201700050858,17,6,5,1230,1,2,1,1.0,6.0,69388,M,4573000.0,486000.0,69
201700050859,17,6,6,850,1,2,1,2.0,2.0,69259,M,4492597.0,485899.0,69
201700050860,17,5,28,15,5,2,1,1.0,3.0,69386,M,4577799.0,484441.0,69
201700050861,17,6,7,1300,1,2,1,1.0,1.0,69383,M,4575000.0,486000.0,69
201700050862,17,6,7,1430,1,2,1,1.0,2.0,69259,M,4571037.0,487541.0,69
201700050863,17,6,7,1615,1,2,1,1.0,6.0,69388,M,4573000.0,486500.0,69
201700050864,17,6,7,1625,1,2,1,1.0,3.0,69383,M,4575430.0,485325.0,69
201700050865,17,6,8,40,5,2,1,1.0,6.0,69383,M,4574957.0,487412.0,69
201700050866,17,6,8,1330,1,2,9,1.0,1.0,69259,M,4569261.0,487731.0,69
201700050867,17,6,8,1900,1,2,1,1.0,6.0,69276,M,4566657.0,485855.0,69
201700050868,17,6,8,1920,1,2,2,1.0,3.0,69383,M,4575085.0,486074.0,69
201700050869,17,5,23,1830,1,2,2,1.0,3.0,69386,M,4577099.0,484148.0,69
201700050870,17,6,9,945,1,2,2,1.0,3.0,69387,M,4574816.0,484575.0,69
201700050871,17,6,9,2000,1,2,1,1.0,3.0,69388,M,4572940.0,486763.0,69
201700050872,17,6,10,45,5,2,1,1.0,3.0,69383,M,4574816.0,484575.0,69
201700050873,17,6,8,1850,1,2,1,1.0,6.0,69383,M,4575885.0,486999.0,69
201700050874,17,6,10,2045,1,2,2,1.0,6.0,69386,M,4576889.0,484388.0,69
201700050875,17,6,11,215,5,2,1,1.0,2.0,69387,M,4574784.0,485205.0,69
201700050876,17,6,11,1830,1,2,2,1.0,3.0,69383,M,4576036.0,484815.0,69
201700050877,17,6,12,1700,1,2,1,1.0,6.0,69386,M,4577085.0,484419.0,69
201700050878,17,6,14,315,3,2,2,2.0,3.0,69383,M,4575535.0,485271.0,69
201700050879,17,6,14,1645,1,2,1,2.0,2.0,69383,M,4575010.0,486337.0,69
201700050880,17,6,14,1845,1,2,1,1.0,2.0,69259,M,4572690.0,485393.0,69
201700050881,17,6,15,1500,1,2,1,1.0,2.0,69386,M,4577257.0,484119.0,69
201700050882,17,6,15,1700,1,2,1,1.0,3.0,69383,M,4575329.0,485491.0,69
201700050883,17,6,15,1845,1,2,1,2.0,3.0,69386,M,4577000.0,484000.0,69
201700050884,17,6,15,1925,1,2,1,2.0,2.0,69386,M,4576712.0,484130.0,69
201700050885,17,6,17,5,5,2,3,1.0,3.0,69276,M,4568043.0,578200.0,69
201700050886,17,6,13,1510,1,2,1,1.0,6.0,69388,M,4574441.0,486336.0,69
201700050887,17,6,20,600,1,2,3,1.0,3.0,69387,M,,,69
201700050888,17,6,20,2245,5,2,3,1.0,2.0,69383,M,4576163.0,485179.0,69
201700050889,17,6,21,640,2,2,2,1.0,3.0,69388,M,4573150.0,487390.0,69
201700050890,17,6,21,1130,1,2,3,7.0,3.0,69387,M,4572830.0,483775.0,69
201700050891,17,6,21,2245,5,2,2,1.0,5.0,69383,M,4576275.0,484614.0,69
201700050892,17,6,15,1245,1,2,9,1.0,6.0,69387,M,,,69
201700050893,17,6,22,1420,1,2,2,1.0,3.0,69199,M,4570553.0,485993.0,69
201700050894,17,6,22,1742,1,2,3,1.0,6.0,69388,M,4572720.0,485380.0,69
201700050895,17,6,23,750,1,2,1,1.0,6.0,69386,M,4577810.0,400000.0,69
201700050896,17,6,17,1800,1,2,1,1.0,3.0,69383,M,4576346.0,485166.0,69
201700050897,17,6,24,1205,1,2,1,1.0,6.0,69259,M,4570507.0,488745.0,69
201700050898,17,6,24,1405,1,2,1,1.0,2.0,69383,M,4576141.0,486920.0,69
201700050899,17,6,27,2330,5,2,2,3.0,3.0,69387,M,4573123.0,483364.0,69
201700050900,17,6,29,7,5,2,2,1.0,6.0,69386,M,4577304.0,484674.0,69
201700050901,17,6,29,1200,1,2,1,1.0,2.0,69199,M,4500000.0,400000.0,69
201700050902,17,6,30,148,5,2,2,1.0,3.0,69383,M,4575955.0,486148.0,69
201700050903,17,6,30,224,5,2,1,1.0,6.0,69259,M,4570529.0,486923.0,69
201700050904,17,6,30,1645,1,2,1,1.0,6.0,69387,M,4573158.0,483378.0,69
201700050905,17,7,1,1536,1,2,8,1.0,6.0,69388,M,4572868.0,488068.0,69
201700050906,17,7,1,45,5,2,2,1.0,3.0,69387,M,4575019.0,484332.0,69
201700050907,17,7,2,1515,1,2,2,1.0,3.0,69199,M,4570802.0,485984.0,69
201700050908,17,7,3,1820,1,2,3,1.0,6.0,69386,M,4576795.0,485172.0,69
201700050909,17,7,4,810,1,2,3,1.0,3.0,69388,M,,,69
201700050910,17,7,4,920,1,2,2,1.0,3.0,69386,M,4577006.0,485846.0,69
201700050911,17,7,4,1420,1,2,1,1.0,3.0,69388,M,4573084.0,486559.0,69
201700050912,17,7,4,1815,1,2,1,1.0,2.0,69388,M,4574389.0,487119.0,69
201700050913,17,7,5,1050,1,2,1,1.0,6.0,69383,M,4576354.0,486366.0,69
201700050914,17,7,5,1545,1,2,2,1.0,3.0,69383,M,4576333.0,486289.0,69
201700050915,17,7,6,655,1,2,1,1.0,3.0,69199,M,4571262.0,484127.0,69
201700050916,17,7,6,945,1,2,1,1.0,6.0,69387,M,4574522.0,484774.0,69
201700050917,17,7,6,930,1,2,2,1.0,3.0,69388,M,4573156.0,487396.0,69
201700050918,17,7,7,1100,1,2,1,1.0,6.0,69387,M,4575429.0,484557.0,69
201700050919,17,7,7,2027,2,2,3,1.0,3.0,69388,M,4574021.0,485838.0,69
201700050920,17,7,7,2245,3,2,3,1.0,3.0,69387,M,4574357.0,484755.0,69
201700050921,17,7,10,1250,1,2,8,1.0,2.0,69199,M,4570803.0,486004.0,69
201700050922,17,7,10,1610,1,2,1,3.0,2.0,69383,M,4574816.0,483926.0,69
201700050923,17,7,10,1200,1,2,1,1.0,3.0,69387,M,4574133.0,485392.0,69
201700050924,17,7,7,2130,1,2,3,1.0,6.0,69199,M,4570000.0,485000.0,69
201700050925,17,7,13,815,1,2,1,1.0,2.0,69259,M,4570229.0,489660.0,69
201700050926,17,7,13,730,1,2,2,1.0,3.0,69386,M,4577136.0,485565.0,69
201700050927,17,7,13,1245,1,2,2,1.0,3.0,69383,M,4575366.0,485923.0,69
201700050928,17,7,13,2056,1,1,1,1.0,3.0,69276,M,4565637.0,484054.0,69
201700050929,17,7,11,1705,1,2,1,1.0,6.0,69259,M,4569984.0,488172.0,69
201700050930,17,7,14,2100,2,2,2,1.0,3.0,69387,M,4573676.0,483969.0,69
201700050931,17,7,15,115,5,2,2,1.0,3.0,69386,M,4576853.0,485075.0,69
201700050932,17,7,17,1820,1,2,1,1.0,3.0,69383,M,4575000.0,486000.0,69
201700050933,17,6,9,20,5,2,1,1.0,3.0,69387,M,4572604.0,483566.0,69
201700050934,17,7,18,945,1,2,1,1.0,1.0,69383,M,4545170.0,451100.0,69
201700050935,17,7,18,1615,1,2,1,1.0,3.0,69388,M,4572772.0,488329.0,69
201700050936,17,7,18,1842,1,2,1,1.0,6.0,69386,M,4576933.0,484205.0,69
201700050937,17,7,19,855,1,2,1,1.0,3.0,69387,M,4572626.0,483897.0,69
201700050938,17,7,19,900,1,2,2,1.0,3.0,69386,M,4576636.0,486700.0,69
201700050939,17,7,4,1110,1,2,1,1.0,6.0,69388,M,4572000.0,487000.0,69
201700050940,17,7,19,940,1,2,2,1.0,3.0,69383,M,4575129.0,488322.0,69
201700050941,17,7,19,1335,1,2,1,1.0,3.0,69388,M,4573400.0,487900.0,69
201700050942,17,7,19,1340,1,2,9,1.0,2.0,69276,M,4568325.0,486454.0,69
201700050943,17,7,20,900,1,2,1,1.0,6.0,69259,M,4569000.0,489000.0,69
201700050944,17,7,20,1820,1,2,1,1.0,3.0,69387,M,4574000.0,484000.0,69
201700050945,17,7,20,2230,2,2,1,8.0,3.0,69386,M,4577534.0,484677.0,69
201700050946,17,7,21,830,1,2,1,1.0,3.0,69387,M,4574794.0,483379.0,69
201700050947,17,7,21,820,1,2,1,1.0,3.0,69383,M,4575463.0,486665.0,69
201700050948,17,7,21,1540,1,2,1,1.0,6.0,69386,M,4576711.0,484224.0,69
201700050949,17,7,24,1710,1,2,1,1.0,4.0,69259,M,,,69
201700050950,17,7,25,1540,1,2,1,1.0,6.0,69388,M,4574400.0,486800.0,69
201700050951,17,7,23,1605,1,2,1,1.0,6.0,69386,M,4570820.0,483566.0,69
201700050952,17,7,27,1910,1,2,9,1.0,3.0,69387,M,4574000.0,483000.0,69
201700050953,17,7,27,1950,1,2,9,1.0,3.0,69383,M,4575804.0,486159.0,69
201700050954,17,7,28,1320,1,2,1,1.0,3.0,69387,M,4574470.0,483093.0,69
201700050955,17,7,28,1450,1,2,1,1.0,2.0,69383,M,4574442.0,487475.0,69
201700050956,17,7,28,2055,2,2,3,1.0,3.0,69387,M,4574593.0,483964.0,69