Num_Acc,an,mois,jour,hrmn,lum,agg,int,atm,col,com,gps,lat,long,dep
201700050957,17,7,29,1240,1,2,3,1.0,3.0,69387,M,4575000.0,484000.0,69
201700050958,17,7,30,1930,1,2,3,1.0,3.0,69199,M,4572938.0,485900.0,69
201700050959,17,8,1,1430,1,2,2,1.0,3.0,69386,M,4576634.0,484777.0,69
201700050960,17,8,1,1725,1,2,1,1.0,3.0,69388,M,4572780.0,486293.0,69
201700050961,17,8,1,1220,1,2,1,7.0,3.0,69387,M,4575304.0,484652.0,69
201700050962,17,8,2,1330,1,2,1,1.0,3.0,69276,M,4567472.0,484888.0,69
201700050963,17,8,3,1020,1,2,2,1.0,3.0,69386,M,4576621.0,485818.0,69
201700050964,17,8,3,1333,1,2,2,1.0,3.0,69259,M,4570314.0,488745.0,69
201700050965,17,8,3,1550,1,2,1,1.0,3.0,69387,M,4573687.0,482472.0,69
201700050966,17,8,3,1620,1,2,1,3.0,4.0,69388,M,4573701.0,487004.0,69
201700050967,17,8,3,1835,1,2,4,1.0,1.0,69388,M,4573616.0,488010.0,69
201700050968,17,8,3,1050,1,2,9,1.0,6.0,69388,M,4574062.0,485835.0,69
201700050969,17,7,29,330,5,2,1,1.0,6.0,69386,M,4577390.0,484281.0,69
201700050970,17,8,5,1515,1,2,2,1.0,3.0,69199,M,4570563.0,485890.0,69
201700050971,17,8,6,1245,1,2,1,1.0,3.0,69276,M,4568909.0,494013.0,69
201700050972,17,8,7,1850,1,2,1,1.0,6.0,69387,M,4574706.0,484562.0,69
201700050973,17,8,8,110,5,1,1,1.0,1.0,69199,M,4571214.0,485771.0,69
201700050974,17,8,8,1640,1,2,3,8.0,5.0,69387,M,4574000.0,484000.0,69
201700050975,17,8,10,1815,1,2,1,1.0,3.0,69387,M,4574933.0,485194.0,69
201700050976,17,8,11,1430,1,2,1,1.0,6.0,69383,M,,,69
201700050977,17,8,12,930,1,2,2,1.0,3.0,69387,M,4574874.0,483689.0,69
201700050978,17,8,12,2210,5,2,2,1.0,1.0,69259,M,4571922.0,485454.0,69
201700050979,17,8,13,1520,1,2,2,1.0,3.0,69259,M,4571750.0,489165.0,69
201700050980,17,8,14,2230,5,2,2,1.0,1.0,69387,M,4573135.0,483358.0,69
201700050981,17,8,15,1410,1,2,3,1.0,1.0,69388,M,4574047.0,487790.0,69
201700050982,17,8,16,1405,1,2,1,1.0,3.0,69383,M,4575000.0,487000.0,69
201700050983,17,8,17,1610,1,2,1,1.0,6.0,69388,M,4573909.0,486094.0,69
201700050984,17,8,17,2050,2,2,2,1.0,3.0,69388,M,4572794.0,488264.0,69
201700050985,17,8,17,1650,1,2,1,1.0,3.0,69388,M,4572874.0,485363.0,69
201700050986,17,8,18,1350,1,2,4,1.0,3.0,69259,M,4571575.0,485484.0,69
201700050987,17,8,18,350,5,2,1,1.0,3.0,69386,M,4576867.0,485697.0,69
201700050988,17,8,16,1210,1,2,1,1.0,6.0,69388,M,4573500.0,487000.0,69
201700050989,17,8,21,1440,1,2,1,1.0,2.0,69386,M,4576700.0,485924.0,69
201700050990,17,8,21,1420,1,2,1,1.0,6.0,69388,M,4574485.0,486597.0,69
201700050991,17,8,18,1715,1,2,1,1.0,6.0,69383,M,4574481.0,488618.0,69
201700050992,17,8,22,1440,1,2,2,1.0,6.0,69383,M,4575287.0,485360.0,69
201700050993,17,8,22,1655,1,2,3,1.0,5.0,69386,M,4886272.0,228759.0,69
201700050994,17,8,24,620,2,2,1,1.0,6.0,69387,M,4572945.0,482380.0,69
201700050995,17,8,24,2150,5,2,1,1.0,2.0,69383,M,4574646.0,488574.0,69
201700050996,17,8,25,1430,1,2,1,1.0,6.0,69387,M,4573000.0,484000.0,69
201700050997,17,8,25,2220,5,2,2,1.0,3.0,69386,M,4576906.0,486048.0,69
201700050998,17,8,26,620,5,2,2,1.0,3.0,69383,M,4576160.0,484540.0,69
201700050999,17,8,26,1750,1,2,1,1.0,3.0,69387,M,4575200.0,484500.0,69
201700051000,17,8,27,1920,1,2,1,1.0,3.0,69259,M,,,69
201700051001,17,8,28,900,1,2,9,1.0,2.0,69259,M,4569079.0,487062.0,69
201700051002,17,8,29,800,1,2,1,1.0,4.0,69199,M,4570956.0,485127.0,69
201700051003,17,8,29,1300,1,2,1,1.0,6.0,69383,M,4576143.0,486955.0,69
201700051004,17,8,29,1745,1,2,1,1.0,6.0,69387,M,4575470.0,483911.0,69
201700051005,17,8,29,2030,2,2,2,1.0,3.0,69388,M,4573215.0,486979.0,69
201700051006,17,8,30,1935,1,2,3,1.0,3.0,69387,M,4574664.0,483442.0,69
201700051007,17,8,31,815,1,1,1,2.0,2.0,69259,M,4571757.0,200000.0,69
201700051008,17,9,1,1810,1,2,2,1.0,3.0,69383,M,4678000.0,585000.0,69
201700051009,17,9,1,2015,1,2,3,1.0,3.0,69387,M,4574133.0,484082.0,69
201700051010,17,9,1,2135,5,2,2,1.0,3.0,69383,M,4577523.0,484633.0,69
201700051011,17,9,2,1325,1,2,1,1.0,1.0,69259,M,4571593.0,486293.0,69
201700051012,17,9,3,545,5,2,1,1.0,6.0,69387,M,4573000.0,482000.0,69
201700051013,17,9,3,1705,1,2,3,1.0,6.0,69199,M,4571079.0,485286.0,69
201700051014,17,9,4,820,1,2,1,1.0,6.0,69388,M,4572487.0,487330.0,69
201700051015,17,9,5,120,5,2,2,1.0,3.0,69387,M,4572278.0,484238.0,69
201700051016,17,9,5,315,5,2,1,1.0,7.0,69383,M,4576990.0,485890.0,69
201700051017,17,9,5,1623,1,2,2,1.0,3.0,69383,M,4575394.0,484701.0,69
201700051018,17,9,5,2305,5,2,1,1.0,6.0,69383,M,4575661.0,483892.0,69
201700051019,17,9,6,125,5,2,1,1.0,6.0,69387,M,4575100.0,484100.0,69
201700051020,17,9,7,1320,1,2,1,1.0,3.0,69259,M,4570718.0,489822.0,69
201700051021,17,9,8,840,1,2,2,1.0,3.0,69387,M,4575000.0,484000.0,69
201700051022,17,9,8,1720,1,2,1,1.0,6.0,69386,M,4576984.0,485616.0,69
201700051023,17,9,9,1508,1,1,9,2.0,1.0,69276,M,4567883.0,484050.0,69
201700051024,17,9,11,620,4,2,9,8.0,3.0,69199,M,4568940.0,485425.0,69
201700051025,17,9,11,1435,1,2,2,1.0,3.0,69387,M,4574726.0,484822.0,69
201700051026,17,9,12,740,5,2,3,1.0,3.0,69276,M,4567553.0,486937.0,69
201700051027,17,9,15,800,1,2,3,1.0,3.0,69199,M,4568937.0,484636.0,69
201700051028,17,9,15,1420,1,2,1,1.0,6.0,69386,M,4576911.0,484602.0,69
201700051029,17,9,15,1515,1,2,1,1.0,3.0,69199,M,4570817.0,485732.0,69
201700051030,17,9,17,1920,2,2,3,1.0,3.0,69259,M,4572027.0,489305.0,69
201700051031,17,9,18,805,1,1,1,1.0,4.0,69276,M,4567515.0,484868.0,69
201700051032,17,9,18,1900,1,2,8,1.0,3.0,69259,M,4569494.0,487345.0,69
201700051033,17,9,19,352,5,1,3,1.0,3.0,69199,M,4570344.0,484397.0,69
201700051034,17,9,19,945,1,2,1,1.0,6.0,69388,M,4573948.0,485972.0,69
201700051035,17,9,19,1620,1,2,1,1.0,6.0,69388,M,4572489.0,487121.0,69
201700051036,17,9,18,1435,1,2,1,1.0,3.0,69387,M,4574000.0,485003.0,69
201700051037,17,9,19,1650,1,2,2,2.0,3.0,69387,M,4886272.0,228759.0,69
201700051038,17,9,19,1700,1,2,1,1.0,6.0,69383,M,4575480.0,485300.0,69
201700051039,17,9,20,750,1,2,1,1.0,6.0,69383,M,4575415.0,486365.0,69
201700051040,17,9,8,2350,5,2,1,1.0,1.0,69387,M,4575401.0,483863.0,69
201700051041,17,9,21,805,1,2,2,1.0,6.0,69388,M,4574793.0,486408.0,69
201700051042,17,9,21,1700,1,2,1,1.0,6.0,69259,M,4569978.0,486299.0,69
201700051043,17,9,22,1225,1,2,3,1.0,3.0,69199,M,4571300.0,485469.0,69
201700051044,17,9,22,1950,5,2,1,1.0,6.0,69386,M,4576893.0,484503.0,69
201700051045,17,9,23,1005,1,2,2,1.0,3.0,69387,M,4573165.0,482425.0,69
201700051046,17,9,23,1745,1,2,9,1.0,6.0,69199,M,4570773.0,485516.0,69
201700051047,17,9,24,658,5,2,2,1.0,3.0,69387,M,4575242.0,484617.0,69
201700051048,17,9,24,1050,1,2,2,1.0,6.0,69383,M,4575417.0,484872.0,69
201700051049,17,9,25,1430,1,2,2,1.0,3.0,69388,M,4573022.0,486337.0,69
201700051050,17,9,25,1830,2,2,3,2.0,3.0,69388,M,4574034.0,488128.0,69
201700051051,17,9,25,755,1,2,1,1.0,7.0,69387,M,4573677.0,483964.0,69
201700051052,17,9,26,945,1,2,1,1.0,3.0,69388,M,4574322.0,486633.0,69
201700051053,17,9,25,1705,1,2,2,3.0,6.0,69383,M,,,69
201700051054,17,9,26,1835,1,2,2,1.0,3.0,69387,M,4574885.0,484930.0,69
201700051055,17,9,26,1910,1,2,1,1.0,6.0,69387,M,4575248.0,484975.0,69
201700051056,17,9,27,1630,1,2,1,1.0,3.0,69259,M,4570189.0,488097.0,69
201700051057,17,9,27,1735,1,2,1,1.0,6.0,69386,M,,,69
201700051058,17,9,27,1812,1,2,1,1.0,3.0,69259,M,,,69
201700051059,17,9,28,800,1,2,2,1.0,3.0,69386,M,4577210.0,485384.0,69
201700051060,17,9,28,1030,1,2,1,1.0,6.0,69387,M,4573055.0,482364.0,69
201700051061,17,9,29,31,5,2,2,1.0,5.0,69383,M,4575452.0,486502.0,69
201700051062,17,9,29,925,1,2,1,1.0,6.0,69386,M,4577591.0,484580.0,69
201700051063,17,9,29,1000,1,2,4,1.0,3.0,69259,M,4572646.0,486442.0,69
201700051064,17,9,29,1245,1,2,1,1.0,2.0,69383,M,4575000.0,488500.0,69
201700051065,17,9,29,1815,1,2,1,1.0,6.0,69388,M,,,69
201700051066,17,9,29,1945,2,2,1,1.0,2.0,69259,M,4571170.0,487490.0,69
201700051067,17,9,29,2050,5,2,1,1.0,7.0,69388,M,,,69
201700051068,17,9,25,845,1,2,2,1.0,3.0,69387,M,4573285.0,483757.0,69
201700051069,17,9,30,1830,1,2,3,2.0,3.0,69387,M,4574230.0,483300.0,69
201700051070,17,10,1,510,5,2,2,1.0,3.0,69383,M,4575453.0,486646.0,69
201700051071,17,10,2,1900,2,2,1,1.0,6.0,69383,M,4576000.0,485000.0,69
201700051072,17,10,3,1300,1,2,1,2.0,6.0,69387,M,4572420.0,484210.0,69
201700051073,17,10,3,1350,1,2,1,1.0,6.0,69383,M,4575611.0,485682.0,69
201700051074,17,10,3,1620,1,2,1,1.0,3.0,69259,M,4569000.0,488000.0,69
201700051075,17,10,1,1415,1,2,2,1.0,3.0,69259,M,4570533.0,487820.0,69
201700051076,17,10,4,940,1,2,1,1.0,6.0,69383,M,4576361.0,484692.0,69
201700051077,17,10,4,1125,1,2,1,1.0,3.0,69386,M,4576500.0,484480.0,69
201700051078,17,10,4,1750,1,2,3,1.0,3.0,69383,M,4575713.0,486247.0,69
201700051079,17,10,4,2020,5,2,1,1.0,3.0,69388,M,4573879.0,486164.0,69
201700051080,17,10,5,730,2,2,3,1.0,3.0,69387,M,4575436.0,484538.0,69
201700051081,17,10,5,810,1,2,1,1.0,7.0,69383,M,4575856.0,485439.0,69
201700051082,17,10,5,1010,1,2,2,1.0,6.0,69383,M,4576000.0,486000.0,69
201700051083,17,10,5,1820,1,2,1,1.0,6.0,69199,M,4570751.0,485980.0,69
201700051084,17,10,6,1300,1,2,1,1.0,3.0,69383,M,4574969.0,487353.0,69
201700051085,17,10,7,1200,1,2,1,1.0,6.0,69386,M,4577000.0,465825.0,69
201700051086,17,10,8,105,5,2,7,1.0,7.0,69387,M,4574558.0,484130.0,69
201700051087,17,10,8,1255,1,2,1,1.0,6.0,69388,M,4574576.0,486075.0,69
201700051088,17,10,9,1010,1,2,2,1.0,3.0,69383,M,4576210.0,485178.0,69
201700051089,17,10,1,810,1,2,1,1.0,4.0,69383,M,4575000.0,485000.0,69
201700051090,17,10,10,1015,1,2,1,7.0,6.0,69199,M,4571097.0,485412.0,69
201700051091,17,10,10,905,1,2,3,1.0,3.0,69387,M,4574964.0,484113.0,69
201700051092,17,10,10,1050,1,2,2,1.0,3.0,69388,M,4573800.0,488440.0,69
201700051093,17,10,10,2030,5,2,1,1.0,3.0,69199,M,4570911.0,485323.0,69
201700051094,17,10,11,819,1,2,2,1.0,7.0,69388,M,4574000.0,486700.0,69
201700051095,17,10,11,915,1,2,1,1.0,6.0,69388,M,4573800.0,486000.0,69
201700051096,17,10,11,1605,1,2,2,1.0,1.0,69383,M,4575000.0,488000.0,69
201700051097,17,10,11,1455,1,2,9,1.0,3.0,69386,M,4576909.0,486054.0,69
201700051098,17,10,12,1740,1,2,3,1.0,1.0,69199,M,4570973.0,485042.0,69
201700051099,17,10,13,1730,1,2,2,1.0,1.0,69383,M,4575395.0,486156.0,69
201700051100,17,10,13,1928,5,2,1,1.0,3.0,69388,M,4774232.0,488132.0,69
201700051101,17,10,14,950,1,2,2,1.0,3.0,69387,M,4575122.0,484477.0,69
201700051102,17,10,14,1330,1,2,2,1.0,3.0,69387,M,4575390.0,484694.0,69
201700051103,17,10,15,1315,1,2,2,1.0,6.0,69386,M,4576991.0,485685.0,69
201700051104,17,10,15,1800,1,2,1,1.0,3.0,69383,M,4575968.0,484900.0,69
201700051105,17,10,15,445,5,2,1,1.0,2.0,69387,M,4575324.0,484686.0,69
201700051106,17,10,17,1720,1,2,1,1.0,4.0,69387,M,4574583.0,484053.0,69
201700051107,17,10,17,1940,5,2,2,1.0,3.0,69383,M,4575305.0,489519.0,69
201700051108,17,10,19,200,5,1,2,1.0,6.0,69259,M,4572057.0,488358.0,69
201700051109,17,10,19,1410,1,2,1,1.0,6.0,69259,M,4568862.0,489120.0,69
201700051110,17,10,19,1500,1,2,3,1.0,3.0,69388,M,4574366.0,486999.0,69
201700051111,17,10,19,1615,1,2,1,1.0,3.0,69383,M,4576000.0,484000.0,69
201700051112,17,10,20,720,5,2,1,1.0,6.0,69259,M,4500000.0,400000.0,69
201700051113,17,10,20,1210,1,2,1,1.0,1.0,69259,M,4571941.0,485920.0,69
201700051114,17,10,20,1430,1,2,1,1.0,3.0,69387,M,4574922.0,418184.0,69
201700051115,17,10,20,1710,1,2,1,1.0,6.0,69383,M,4574960.0,487610.0,69
201700051116,17,10,21,230,5,2,1,1.0,2.0,69276,M,4567606.0,485582.0,69
201700051117,17,10,21,2230,5,2,2,1.0,3.0,69199,M,4571193.0,485305.0,69
201700051118,17,10,16,2055,5,2,1,1.0,3.0,69387,M,4575166.0,484562.0,69
201700051119,17,10,23,2010,5,2,2,1.0,6.0,69259,M,4571444.0,487944.0,69
201700051120,17,10,25,1225,1,2,2,1.0,3.0,69383,M,4574904.0,487748.0,69
201700051121,17,10,26,850,1,2,2,1.0,6.0,69388,M,4574549.0,487122.0,69
201700051122,17,10,26,828,1,2,1,1.0,6.0,69259,M,4571750.0,487648.0,69
201700051123,17,10,27,600,5,2,2,1.0,3.0,69386,M,4576611.0,485694.0,69
201700051124,17,10,27,700,5,2,2,1.0,3.0,69388,M,4573506.0,488987.0,69
201700051125,17,10,25,2000,3,2,1,1.0,4.0,69387,M,4572660.0,483249.0,69
201700051126,17,10,27,1733,2,1,1,2.0,6.0,69386,M,4577768.0,485946.0,69
201700051127,17,10,28,1206,1,2,1,1.0,6.0,69388,M,4573425.0,486377.0,69
201700051128,17,10,28,1333,1,2,2,1.0,3.0,69383,M,4575827.0,484700.0,69
201700051129,17,10,28,1515,1,2,2,1.0,6.0,69388,M,4573470.0,486800.0,69
201700051130,17,10,30,145,5,2,1,1.0,6.0,69383,M,4576136.0,486842.0,69
201700051131,17,10,30,1730,5,2,1,1.0,6.0,69383,M,4576178.0,484905.0,69
201700051132,17,10,31,1335,1,2,1,1.0,6.0,69388,M,4574567.0,486451.0,69
201700051133,17,10,31,1540,1,2,1,1.0,6.0,69383,M,4775909.0,485354.0,69
201700051134,17,10,31,1608,1,2,1,1.0,6.0,69388,M,4573013.0,486711.0,69
201700051135,17,10,31,1900,5,2,1,1.0,6.0,69386,M,4576364.0,485525.0,69
201700051136,17,11,1,215,5,2,1,1.0,6.0,69388,M,4574329.0,485473.0,69
201700051137,17,11,1,1240,1,2,1,1.0,2.0,69259,M,4772411.0,487231.0,69
201700051138,17,11,2,1000,1,2,2,1.0,6.0,69388,M,4574685.0,486709.0,69
201700051139,17,11,2,2135,5,2,2,1.0,3.0,69383,M,4576873.0,484385.0,69
201700051140,17,11,3,750,1,2,1,5.0,7.0,69387,M,4574527.0,484181.0,69
201700051141,17,11,3,940,1,2,1,1.0,3.0,69383,M,4574276.0,488540.0,69
201700051142,17,11,3,538,3,2,1,1.0,6.0,69383,M,4574887.0,489024.0,69
201700051143,17,11,3,1340,1,2,1,1.0,6.0,69259,M,4572002.0,487262.0,69
201700051144,17,11,3,2130,5,2,2,1.0,3.0,69388,M,4574673.0,486104.0,69
201700051145,17,11,3,2304,5,2,1,1.0,3.0,69383,M,4575019.0,485370.0,69
201700051146,17,11,4,2120,5,2,1,2.0,6.0,69383,M,4574291.0,487883.0,69
201700051147,17,11,4,2323,5,2,1,2.0,2.0,69386,M,4578574.0,485368.0,69
201700051148,17,11,6,1115,1,2,1,1.0,2.0,69387,M,4575000.0,485850.0,69
201700051149,17,11,6,1455,1,2,1,1.0,2.0,69259,M,4571462.0,487879.0,69
201700051150,17,11,6,1758,5,2,5,1.0,3.0,69387,M,4574336.0,483424.0,69
201700051151,17,11,7,2325,5,2,2,2.0,3.0,69259,M,4571820.0,485938.0,69
201700051152,17,11,8,1300,1,2,1,1.0,7.0,69383,M,4575561.0,485919.0,69
201700051153,17,11,8,435,5,2,9,2.0,3.0,69199,M,4570972.0,485045.0,69
201700051154,17,11,10,900,1,2,1,1.0,6.0,69388,M,4573548.0,487038.0,69
201700051155,17,11,10,800,2,2,9,1.0,3.0,69383,M,4576343.0,486225.0,69
201700051156,17,11,10,1300,1,2,2,8.0,2.0,69383,M,4575482.0,485942.0,69
201700051157,17,11,11,1015,1,2,1,2.0,6.0,69259,M,4569951.0,488330.0,69
201700051158,17,11,11,1135,1,2,1,2.0,6.0,69388,M,4572845.0,488678.0,69
201700051159,17,11,12,110,5,2,1,8.0,3.0,69388,M,4573000.0,486000.0,69
201700051160,17,11,12,600,5,2,2,8.0,3.0,69388,M,4574398.0,487053.0,69
201700051161,17,11,12,1430,1,2,3,8.0,3.0,69259,M,4571373.0,487802.0,69
201700051162,17,11,12,1700,5,2,1,3.0,3.0,69388,M,4574300.0,487200.0,69
201700051163,17,11,12,1745,5,2,1,3.0,6.0,69387,M,4574955.0,485900.0,69
201700051164,17,10,27,1735,1,2,2,1.0,3.0,69387,M,4575030.0,484023.0,69
201700051165,17,11,14,830,1,2,1,1.0,3.0,69383,M,4761937.0,615293.0,69
201700051166,17,11,14,1035,1,2,3,1.0,7.0,69388,M,4573802.0,488445.0,69
201700051167,17,11,8,1300,1,2,1,1.0,6.0,69388,M,4771916.0,484911.0,69
201700051168,17,11,14,1640,1,2,4,8.0,3.0,69383,M,4575220.0,485240.0,69
201700051169,17,11,14,1910,5,2,2,1.0,3.0,69383,M,4576016.0,484120.0,69
201700051170,17,11,15,1500,1,2,1,1.0,6.0,69276,M,4566421.0,485766.0,69
201700051171,17,11,16,715,2,2,3,1.0,3.0,69387,M,4575190.0,483697.0,69
201700051172,17,11,12,615,5,2,2,1.0,3.0,69386,M,4576603.0,485619.0,69
201700051173,17,11,4,5,5,2,2,1.0,3.0,69386,M,4576800.0,486160.0,69
201700051174,17,11,12,150,5,2,2,8.0,6.0,69383,M,4576616.0,484422.0,69
201700051175,17,11,16,1835,5,2,1,1.0,6.0,69386,M,4577250.0,483862.0,69
201700051176,17,11,16,2045,5,2,1,1.0,6.0,69386,M,4576000.0,484000.0,69
201700051177,17,11,16,2230,5,2,1,1.0,3.0,69386,M,4576358.0,484169.0,69
201700051178,17,11,17,800,1,2,1,1.0,3.0,69383,M,4575100.0,487600.0,69
201700051179,17,11,17,1225,1,2,3,1.0,1.0,69383,M,4575000.0,484000.0,69
201700051180,17,11,17,1515,1,2,1,1.0,7.0,69259,M,4569161.0,488723.0,69
201700051181,17,11,17,1915,5,2,1,1.0,6.0,69388,M,4572957.0,486763.0,69
201700051182,17,11,18,1100,1,2,1,1.0,3.0,69259,M,4571627.0,487257.0,69
201700051183,17,11,18,1410,1,2,3,7.0,6.0,69388,M,4573531.0,488933.0,69
201700051184,17,11,19,1550,1,2,2,2.0,3.0,69388,M,4573521.0,488964.0,69
201700051185,17,11,20,1100,1,2,1,1.0,7.0,69388,M,4572117.0,488372.0,69
201700051186,17,11,21,855,1,2,1,1.0,2.0,69388,M,4573192.0,485349.0,69
201700051187,17,11,21,1100,1,2,1,1.0,3.0,69383,M,4575000.0,488000.0,69
201700051188,17,11,22,900,1,2,1,1.0,3.0,69388,M,4573101.0,488584.0,69
201700051189,17,11,22,1245,1,2,1,1.0,7.0,69383,M,4576166.0,484623.0,69
201700051190,17,11,22,1755,5,2,2,1.0,6.0,69388,M,4573346.0,486842.0,69
201700051191,17,11,23,1000,1,2,3,1.0,6.0,69387,M,4574827.0,484348.0,69
201700051192,17,11,23,1350,1,2,1,1.0,7.0,69386,M,4576696.0,485472.0,69
201700051193,17,11,23,1745,2,2,1,1.0,3.0,69387,M,4572940.0,485200.0,69
201700051194,17,11,23,2050,5,2,1,1.0,6.0,69383,M,,,69
201700051195,17,11,24,1905,5,2,1,2.0,3.0,69199,M,4571227.0,486250.0,69
201700051196,17,11,24,2200,5,2,1,1.0,1.0,69199,M,4569584.0,485214.0,69
201700051197,17,11,25,350,5,2,1,1.0,6.0,69383,M,4575072.0,487369.0,69
201700051198,17,11,12,2000,5,2,1,1.0,7.0,69259,M,4571015.0,488343.0,69
201700051199,17,11,25,1009,1,2,2,2.0,6.0,69259,M,4572678.0,486265.0,69
201700051200,17,11,25,1300,1,2,6,1.0,3.0,69259,M,4572793.0,485730.0,69
201700051201,17,11,23,1230,1,2,2,6.0,3.0,69388,M,4573342.0,486467.0,69
201700051202,17,11,25,1442,1,2,3,1.0,3.0,69386,M,4576979.0,485716.0,69
201700051203,17,11,26,630,5,2,2,1.0,6.0,69383,M,4575060.0,488762.0,69
201700051204,17,11,26,1730,5,2,1,1.0,6.0,69387,M,4574614.0,484967.0,69
201700051205,17,11,27,1030,1,2,1,1.0,6.0,69383,M,4575259.0,488522.0,69
201700051206,17,11,27,2225,5,2,2,1.0,3.0,69387,M,4575272.0,483853.0,69
201700051207,17,11,28,810,1,2,1,1.0,3.0,69259,M,4569685.0,488755.0,69
201700051208,17,11,28,1815,5,2,1,2.0,2.0,69387,M,4574273.0,484751.0,69
201700051209,17,11,28,1800,5,2,1,2.0,6.0,69259,M,4570300.0,489500.0,69
201700051210,17,11,28,2245,5,2,1,2.0,2.0,69383,M,4576189.0,484125.0,69
201700051211,17,11,26,2050,5,2,2,1.0,3.0,69386,M,4576000.0,486000.0,69
201700051212,17,11,29,1700,5,2,1,1.0,3.0,69388,M,,,69
201700051213,17,11,30,725,2,2,4,8.0,2.0,69388,M,4543230.0,453113.0,69
201700051214,17,11,30,1105,1,2,2,1.0,6.0,69388,M,4573525.0,487234.0,69
201700051215,17,12,1,930,1,2,1,1.0,6.0,69383,M,4575430.0,484530.0,69
201700051216,17,12,1,1120,1,2,1,1.0,6.0,69387,M,4574973.0,484101.0,69
201700051217,17,12,3,2355,5,2,1,1.0,6.0,69387,M,4572637.0,483076.0,69
201700051218,17,12,4,1130,1,2,2,1.0,3.0,69387,M,4575203.0,484677.0,69
201700051219,17,12,6,50,5,2,1,1.0,7.0,69386,M,4575000.0,485000.0,69
201700051220,17,12,6,1100,1,2,2,1.0,6.0,69383,M,,,69
201700051221,17,12,6,1900,5,2,1,1.0,6.0,69388,M,4573431.0,487598.0,69
201700051222,17,12,7,1400,1,2,1,1.0,6.0,69383,M,4574902.0,486158.0,69
201700051223,17,12,7,1705,5,2,3,1.0,1.0,69259,M,4569300.0,486300.0,69
201700051224,17,12,7,1720,5,2,1,1.0,6.0,69388,M,4573625.0,486973.0,69
201700051225,17,12,8,1145,1,2,3,1.0,3.0,69199,M,4569758.0,485805.0,69
201700051226,17,12,8,1825,5,2,9,2.0,3.0,69387,M,4572980.0,484107.0,69
201700051227,17,12,8,1615,1,2,2,2.0,6.0,69387,M,4573637.0,482620.0,69
201700051228,17,12,8,1830,5,2,1,2.0,1.0,69199,M,4570578.0,486507.0,69
201700051229,17,12,9,1805,5,2,2,8.0,6.0,69388,M,4572796.0,488276.0,69
201700051230,17,12,9,2130,5,2,1,1.0,3.0,69387,M,4575152.0,485360.0,69
201700051231,17,12,9,1247,1,2,2,1.0,3.0,69387,M,4574569.0,483601.0,69
201700051232,17,12,10,1650,5,2,1,2.0,6.0,69388,M,4574388.0,487122.0,69
201700051233,17,12,11,1800,5,2,1,8.0,6.0,69388,M,4574547.0,487136.0,69
201700051234,17,12,12,1015,1,2,1,2.0,6.0,69276,M,4566639.0,485340.0,69
201700051235,17,12,12,1830,5,2,1,1.0,6.0,69387,M,4574979.0,484103.0,69
201700051236,17,12,12,1915,5,2,2,1.0,3.0,69386,M,4576628.0,486170.0,69
201700051237,17,12,10,1740,5,2,4,2.0,6.0,69388,M,4573814.0,488441.0,69
201700051238,17,12,10,1815,5,2,1,8.0,3.0,69388,M,4573050.0,488750.0,69
201700051239,17,12,1,1655,2,2,1,1.0,6.0,69259,M,4572430.0,487180.0,69
201700051240,17,12,8,1135,1,2,1,1.0,2.0,69387,M,4572930.0,484650.0,69
201700051241,17,12,14,1355,1,2,1,2.0,2.0,69259,M,4572068.0,488752.0,69
201700051242,17,12,16,845,1,2,2,1.0,3.0,69386,M,4576630.0,484780.0,69
201700051243,17,12,16,1155,1,2,1,1.0,2.0,69388,M,4572609.0,488047.0,69
201700051244,17,12,16,1645,1,2,2,2.0,7.0,69387,M,4574842.0,483790.0,69
201700051245,17,12,16,2145,5,2,2,2.0,3.0,69386,M,4576754.0,485270.0,69
201700051246,17,12,17,755,2,2,2,2.0,3.0,69259,M,4570050.0,488541.0,69
201700051247,17,12,17,1630,2,2,3,2.0,3.0,69276,M,4566227.0,485745.0,69
201700051248,17,12,17,1545,1,2,1,2.0,6.0,69388,M,4574374.0,485246.0,69
201700051249,17,12,14,2005,5,2,1,2.0,6.0,69276,M,4567637.0,486028.0,69
201700051250,17,12,18,1730,5,2,1,2.0,6.0,69383,M,4575680.0,486540.0,69
201700051251,17,12,19,30,5,2,3,1.0,5.0,69388,M,4572650.0,487956.0,69
201700051252,17,12,19,1525,1,2,1,1.0,6.0,69386,M,4576900.0,485290.0,69
201700051253,17,12,19,1730,5,2,1,1.0,3.0,69387,M,4573274.0,482455.0,69
201700051254,17,12,19,1900,5,2,1,8.0,6.0,69386,M,4576500.0,484900.0,69
201700051255,17,12,20,750,2,2,9,1.0,6.0,69259,M,4570643.0,488853.0,69
201700051256,17,12,20,1825,5,2,3,2.0,3.0,69387,M,4574980.0,485500.0,69
201700051257,17,12,20,2115,5,2,2,2.0,3.0,69387,M,4575253.0,484289.0,69
201700051258,17,12,21,1930,5,2,2,2.0,2.0,69383,M,4575956.0,484107.0,69