Num_Acc,an,mois,jour,hrmn,lum,agg,int,atm,col,com,gps,lat,long,dep
201700051259,17,12,22,815,1,1,9,1.0,2.0,69276,M,4567255.0,484831.0,69
201700051260,17,12,23,1725,5,2,1,1.0,6.0,69259,M,4569338.0,487442.0,69
201700051261,17,12,26,1650,1,2,3,1.0,6.0,69388,M,4574342.0,487425.0,69
201700051262,17,12,26,1350,1,2,2,1.0,3.0,69259,M,4571840.0,485430.0,69
201700051263,17,12,27,740,5,2,1,1.0,6.0,69388,M,4574168.0,486045.0,69
201700051264,17,12,28,1130,1,2,1,1.0,7.0,69383,M,4575924.0,484264.0,69
201700051265,17,12,28,1920,5,2,9,2.0,6.0,69259,M,4570073.0,488761.0,69
201700051266,17,12,29,715,5,2,2,1.0,3.0,69383,M,4575701.0,485261.0,69
201700051267,17,12,30,1100,1,2,3,3.0,5.0,69259,M,4571720.0,487030.0,69
201700051268,17,12,30,1440,1,2,2,2.0,6.0,69388,M,4574000.0,487000.0,69
201700051269,17,12,30,1522,1,2,1,2.0,6.0,69383,M,4576000.0,486000.0,69
201700051270,17,12,31,550,5,2,1,1.0,6.0,69387,M,4572351.0,484210.0,69
201700051271,17,12,30,2050,5,2,1,2.0,2.0,69383,M,4575493.0,487733.0,69
201700051272,17,1,1,2120,3,1,1,1.0,7.0,33397,M,4491233.0,-48375.0,33
201700051273,17,1,5,1800,5,1,1,1.0,4.0,33063,M,,,33
201700051274,17,1,5,1835,3,1,1,1.0,3.0,33075,M,,,33
201700051275,17,1,6,750,2,1,1,1.0,6.0,33167,M,,,33
201700051276,17,1,7,1430,1,1,1,1.0,5.0,33063,M,,,33
201700051277,17,1,7,1955,5,1,1,1.0,3.0,33013,M,,,33
201700051278,17,1,10,830,1,1,1,2.0,3.0,33162,M,,,33
201700051279,17,1,12,1645,2,1,1,2.0,4.0,33013,M,,,33
201700051280,17,1,13,1900,5,1,1,1.0,4.0,33550,M,,,33
201700051281,17,1,16,1610,1,1,1,1.0,2.0,33550,M,,,33
201700051282,17,1,19,740,2,1,1,1.0,5.0,33550,M,4477757.0,-56323.0,33
201700051283,17,1,19,1700,1,1,1,1.0,3.0,33039,M,,,33
201700051284,17,1,20,840,1,1,1,1.0,3.0,33281,M,,,33
201700051285,17,1,21,1545,1,1,1,1.0,4.0,33550,M,,,33
201700051286,17,1,23,1520,1,1,1,1.0,4.0,33075,M,,,33
201700051287,17,1,27,1746,3,1,1,1.0,6.0,33281,M,,,33
201700051288,17,1,30,1045,1,1,1,2.0,3.0,33249,M,4488526.0,-50891.0,33
201700051289,17,1,31,1110,1,1,1,2.0,2.0,33448,M,,,33
201700051290,17,2,2,940,1,1,1,2.0,4.0,33448,M,,,33
201700051291,17,2,6,1715,1,1,1,2.0,2.0,33550,M,,,33
201700051292,17,2,6,1835,5,1,1,2.0,2.0,33039,M,,,33
201700051293,17,2,7,915,1,1,1,2.0,3.0,33119,M,,,33
201700051294,17,2,7,2033,5,1,1,2.0,6.0,33249,M,,,33
201700051295,17,2,9,1015,1,1,1,1.0,6.0,33281,M,,,33
201700051296,17,2,14,740,2,1,1,1.0,4.0,33249,M,4487818.0,-50917.0,33
201700051297,17,2,14,1850,1,1,1,1.0,4.0,33013,M,,,33
201700051298,17,2,15,910,1,1,1,1.0,2.0,33162,M,,,33
201700051299,17,2,16,1718,1,1,1,1.0,2.0,33281,M,,,33
201700051300,17,2,17,1620,1,1,1,1.0,3.0,33281,M,,,33
201700051301,17,2,20,1225,1,1,1,1.0,4.0,33550,M,,,33
201700051302,17,2,20,1745,1,1,1,1.0,2.0,33039,M,,,33
201700051303,17,2,22,1435,1,1,1,1.0,6.0,33550,M,,,33
201700051304,17,2,24,2025,5,1,1,1.0,3.0,33487,M,,,33
201700051305,17,3,3,1510,1,1,1,1.0,4.0,33249,M,4487605.0,-50805.0,33
201700051306,17,3,7,1655,1,1,1,3.0,2.0,33249,M,4488049.0,-53979.0,33
201700051307,17,3,10,655,2,1,1,1.0,3.0,33249,M,4488003.0,-52554.0,33
201700051308,17,3,10,1940,5,1,1,1.0,2.0,33039,M,4480569.0,-52978.0,33
201700051309,17,3,11,1310,1,1,1,1.0,2.0,33096,M,4489892.0,-49478.0,33
201700051310,17,3,14,1300,1,1,1,1.0,4.0,33192,M,4478635.0,-59622.0,33
201700051311,17,3,15,810,1,1,1,1.0,3.0,33249,M,4487967.0,-50995.0,33
201700051312,17,3,15,930,1,1,1,1.0,5.0,33080,M,4473712.0,-53390.0,33
201700051313,17,3,15,1655,1,1,1,1.0,2.0,33075,M,4488500.0,-62183.0,33
201700051314,17,3,15,1840,1,1,1,1.0,3.0,33550,M,4477766.0,-55902.0,33
201700051315,17,3,17,1900,1,1,1,1.0,3.0,33487,M,4494036.0,-46639.0,33
201700051316,17,3,19,730,1,1,1,1.0,2.0,33281,M,4485430.0,-66467.0,33
201700051317,17,3,20,813,1,1,1,2.0,3.0,33075,M,4489018.0,-61403.0,33
201700051318,17,3,23,1055,1,1,1,2.0,2.0,33249,M,4488307.0,-52108.0,33
201700051319,17,3,30,750,1,1,1,1.0,3.0,33249,M,4488816.0,-50503.0,33
201700051320,17,3,31,1550,1,1,1,1.0,2.0,33550,M,4478240.0,-58555.0,33
201700051321,17,4,4,1310,1,1,1,1.0,5.0,33096,M,4488854.0,-50468.0,33
201700051322,17,4,5,1857,1,1,1,1.0,2.0,33039,M,4480793.0,-53212.0,33
201700051323,17,4,6,1750,1,1,1,1.0,4.0,33167,M,4482560.0,-50946.0,33
201700051324,17,4,7,1840,1,1,1,1.0,5.0,33003,M,4492577.0,-47210.0,33
201700051325,17,4,7,1950,1,1,1,1.0,6.0,33162,M,4487033.0,-64399.0,33
201700051326,17,4,11,730,1,1,1,1.0,5.0,33080,M,4472974.0,-52934.0,33
201700051327,17,4,11,1650,1,1,1,1.0,4.0,33122,M,4475221.0,-69194.0,33
201700051328,17,4,12,1713,1,1,1,1.0,3.0,33096,M,4488854.0,-50468.0,33
201700051329,17,4,13,305,5,1,1,1.0,6.0,33143,M,4495564.0,-45254.0,33
201700051330,17,4,13,735,1,1,1,1.0,4.0,33075,M,4489018.0,-61403.0,33
201700051331,17,4,13,1245,1,1,1,1.0,2.0,33122,M,4474260.0,-70757.0,33
201700051332,17,4,14,1508,1,1,1,1.0,2.0,33162,M,4487394.0,-63775.0,33
201700051333,17,4,7,1545,1,1,1,1.0,2.0,33249,M,4487890.0,-53159.0,33
201700051334,17,4,15,1200,1,1,1,1.0,2.0,33192,M,4478315.0,-63207.0,33
201700051335,17,4,16,800,1,1,1,1.0,6.0,33550,M,4478249.0,-58583.0,33
201700051336,17,4,18,1845,1,1,1,1.0,3.0,33063,M,4488601.0,-56544.0,33
201700051337,17,4,20,1600,1,1,1,1.0,2.0,33550,M,4477276.0,-55596.0,33
201700051338,17,4,22,1105,1,1,1,1.0,4.0,33122,M,4473163.0,-72416.0,33
201700051339,17,4,22,1947,1,1,1,1.0,3.0,33065,M,4480900.0,-52472.0,33
201700051340,17,4,23,1633,1,1,1,1.0,2.0,33096,M,4489360.0,-49942.0,33
201700051341,17,4,26,920,1,1,1,1.0,5.0,33448,M,4470771.0,-51085.0,33
201700051342,17,4,26,930,1,1,1,1.0,6.0,33281,M,4484181.0,-67395.0,33
201700051343,17,4,26,1330,1,1,1,1.0,4.0,33550,M,4478006.0,-54682.0,33
201700051344,17,4,26,1435,1,1,1,1.0,2.0,33318,M,4478866.0,-64361.0,33
201700051345,17,4,26,1850,1,1,1,1.0,4.0,33119,M,4486175.0,-50416.0,33
201700051346,17,4,27,2310,5,1,1,1.0,2.0,33550,M,4477797.0,-55680.0,33
201700051347,17,4,28,1725,1,1,1,1.0,5.0,33281,M,4483732.0,-67633.0,33
201700051348,17,5,9,730,1,1,1,1.0,2.0,33075,M,4488980.0,-61642.0,33
201700051349,17,5,11,755,1,1,1,2.0,2.0,33281,M,4484684.0,-67013.0,33
201700051350,17,5,12,215,3,1,1,1.0,2.0,33122,M,4472125.0,-73765.0,33
201700051351,17,5,11,1930,1,1,1,1.0,3.0,33039,M,4480068.0,-53533.0,33
201700051352,17,5,17,1625,1,1,1,2.0,4.0,33119,M,4485998.0,-50432.0,33
201700051353,17,5,17,1740,1,1,1,1.0,2.0,33080,M,4474524.0,-53856.0,33
201700051354,17,5,18,900,1,1,1,3.0,2.0,33162,M,4486696.0,-64977.0,33
201700051355,17,5,18,950,1,1,1,3.0,7.0,33162,M,4487552.0,-63497.0,33
201700051356,17,5,21,335,5,1,1,1.0,6.0,33192,M,4478538.0,-59386.0,33
201700051357,17,5,22,2240,4,1,1,1.0,2.0,33281,M,,,33
201700051358,17,5,24,1625,1,1,1,1.0,3.0,33122,M,4475020.0,-69498.0,33
201700051359,17,5,24,1820,1,1,1,1.0,3.0,33063,M,4488748.0,-57480.0,33
201700051360,17,5,24,1950,1,1,1,1.0,3.0,33096,M,4489934.0,-49454.0,33
201700051361,17,5,25,1030,1,1,1,1.0,2.0,33448,M,4472181.0,-52342.0,33
201700051362,17,6,1,1700,1,1,1,1.0,4.0,33162,M,4487922.0,-62849.0,33
201700051363,17,6,2,1025,1,1,1,1.0,6.0,33039,M,4480382.0,-53255.0,33
201700051364,17,6,2,1655,1,1,1,1.0,4.0,33143,M,4496348.0,-44140.0,33
201700051365,17,6,3,1145,1,1,1,3.0,4.0,33143,M,4495862.0,-44698.0,33
201700051366,17,6,6,725,1,1,1,8.0,2.0,33162,M,4485878.0,-66121.0,33
201700051367,17,6,6,830,1,1,1,1.0,4.0,33213,M,4468973.0,-49350.0,33
201700051368,17,6,6,1240,1,1,1,1.0,4.0,33366,M,4500426.0,-42716.0,33
201700051369,17,6,10,940,1,1,1,1.0,4.0,33090,M,4476050.0,-67929.0,33
201700051370,17,6,13,1618,1,1,1,1.0,3.0,33080,M,4474550.0,-53874.0,33
201700051371,17,6,12,1810,1,1,1,1.0,2.0,33063,M,4488083.0,-54154.0,33
201700051372,17,6,16,713,1,1,1,1.0,7.0,33167,M,4482129.0,-51683.0,33
201700051373,17,6,13,820,1,1,1,1.0,3.0,33039,M,4479445.0,-53958.0,33
201700051374,17,6,13,945,1,1,1,1.0,3.0,33281,M,4485188.0,-66636.0,33
201700051375,17,6,14,800,1,1,1,2.0,5.0,33075,M,4489009.0,-61489.0,33
201700051376,17,6,14,940,1,1,1,3.0,5.0,33013,M,4485396.0,-50522.0,33
201700051377,17,6,19,1835,1,1,1,1.0,6.0,33448,M,4471918.0,-52136.0,33
201700051378,17,6,19,1925,1,1,1,1.0,3.0,33448,M,4470623.0,-50891.0,33
201700051379,17,6,14,2055,1,1,1,1.0,2.0,33090,M,4477355.0,-65434.0,33
201700051380,17,6,19,745,1,1,1,1.0,3.0,33281,M,4485429.0,-66468.0,33
201700051381,17,6,23,1245,1,1,1,1.0,2.0,33281,M,4482297.0,-67433.0,33
201700051382,17,6,24,935,1,1,1,1.0,5.0,33039,M,4480630.0,-52884.0,33
201700051383,17,6,25,1905,1,1,1,1.0,2.0,33162,M,4487600.0,-63413.0,33
201700051384,17,6,27,2050,1,1,1,1.0,2.0,33249,M,4487872.0,-50946.0,33
201700051385,17,6,29,925,1,1,1,2.0,7.0,33039,M,4480069.0,-53532.0,33
201700051386,17,6,29,1430,1,1,1,3.0,4.0,33122,M,4472871.0,-72842.0,33
201700051387,17,6,30,625,2,1,1,2.0,3.0,33550,M,4477758.0,-56333.0,33
201700051388,17,6,30,922,1,1,1,2.0,4.0,33122,M,4473200.0,-72363.0,33
201700051389,17,7,1,954,1,1,1,1.0,2.0,33249,M,4488291.0,-51127.0,33
201700051390,17,7,2,2330,5,1,1,1.0,2.0,33192,M,4478723.0,-59825.0,33
201700051391,17,7,4,1340,1,1,1,1.0,1.0,33063,M,4488305.0,-55328.0,33
201700051392,17,7,6,1540,1,1,1,1.0,4.0,33039,M,4480601.0,-52929.0,33
201700051393,17,7,7,855,1,1,1,1.0,6.0,33096,M,4489003.0,-50327.0,33
201700051394,17,7,7,1505,1,1,1,1.0,4.0,33039,M,4480650.0,-52853.0,33
201700051395,17,7,7,1600,1,1,1,1.0,6.0,33397,M,4490750.0,-49111.0,33
201700051396,17,7,11,2200,1,1,1,1.0,3.0,33550,M,4477910.0,-55098.0,33
201700051397,17,7,13,1228,1,1,1,1.0,5.0,33065,M,4480715.0,-52754.0,33
201700051398,17,7,15,1135,1,1,1,1.0,3.0,33063,M,4488635.0,-56672.0,33
201700051399,17,7,16,953,1,1,1,1.0,4.0,33122,M,4474893.0,-69690.0,33
201700051400,17,7,20,1928,1,1,1,1.0,3.0,33039,M,4480420.0,-53200.0,33
201700051401,17,7,21,1928,1,1,9,1.0,6.0,33003,M,4492619.0,-47182.0,33
201700051402,17,7,24,1900,1,1,1,1.0,3.0,33122,M,4474415.0,-70490.0,33
201700051403,17,7,24,1900,1,1,1,1.0,4.0,33119,M,4485998.0,-50432.0,33
201700051404,17,7,26,1830,1,1,1,2.0,2.0,33281,M,4485109.0,-66693.0,33
201700051405,17,7,28,1030,1,1,1,1.0,6.0,33063,M,4488298.0,-55290.0,33
201700051406,17,7,28,1525,1,1,1,1.0,4.0,33122,M,4475161.0,-69284.0,33
201700051407,17,7,28,1935,1,1,1,1.0,4.0,33550,M,4478080.0,-57960.0,33
201700051408,17,7,29,700,1,1,1,1.0,2.0,33039,M,4479417.0,-53969.0,33
201700051409,17,7,31,1200,1,1,1,1.0,2.0,33122,M,4474989.0,-69546.0,33
201700051410,17,8,2,1015,1,1,1,1.0,3.0,33096,M,4489146.0,-50173.0,33
201700051411,17,8,2,1600,1,1,1,1.0,3.0,33039,M,4478783.0,-54124.0,33
201700051412,17,8,4,1900,1,1,9,1.0,4.0,33143,M,4495862.0,-44698.0,33
201700051413,17,8,7,1208,1,1,1,1.0,3.0,33143,M,4496716.0,-43777.0,33
201700051414,17,8,7,1825,1,1,1,1.0,4.0,33063,M,4488156.0,-54541.0,33
201700051415,17,8,8,430,5,1,1,2.0,6.0,33143,M,4495742.0,-44895.0,33
201700051416,17,8,11,1646,1,1,1,1.0,4.0,33553,M,4501555.0,-43128.0,33
201700051417,17,8,14,1550,1,1,1,1.0,4.0,33063,M,4488192.0,-54733.0,33
201700051418,17,8,14,1640,1,1,1,1.0,3.0,33063,M,4488081.0,-54142.0,33
201700051419,17,8,16,1821,1,1,1,1.0,5.0,33192,M,4478960.0,-60497.0,33
201700051420,17,8,20,630,2,1,1,1.0,6.0,33448,M,4470623.0,-50891.0,33
201700051421,17,8,23,40,3,1,1,1.0,6.0,33448,M,4471328.0,-51651.0,33
201700051422,17,8,23,1810,1,1,1,1.0,6.0,33122,M,4473692.0,-71674.0,33
201700051423,17,8,24,520,3,1,1,1.0,6.0,33366,M,4498367.0,-42817.0,33
201700051424,17,8,25,1805,1,1,1,1.0,5.0,33063,M,4488106.0,-54273.0,33
201700051425,17,8,26,1250,1,1,1,1.0,6.0,33550,M,4477466.0,-55676.0,33
201700051426,17,8,29,730,2,1,1,2.0,3.0,33162,M,4487115.0,-64258.0,33
201700051427,17,8,31,1704,1,1,1,1.0,2.0,33249,M,4487875.0,-53038.0,33
201700051428,17,9,4,725,2,1,1,8.0,4.0,33281,M,4484037.0,-67492.0,33
201700051429,17,9,5,1125,1,1,1,1.0,6.0,33397,M,4491669.0,-47751.0,33
201700051430,17,9,7,1805,1,1,1,1.0,7.0,33063,M,4488601.0,-56544.0,33
201700051431,17,9,7,1900,1,1,1,1.0,3.0,33075,M,4488741.0,-62065.0,33
201700051432,17,9,8,1915,1,1,1,1.0,4.0,33039,M,4480362.0,-53271.0,33
201700051433,17,9,11,752,1,1,1,1.0,4.0,33448,M,4472205.0,-52361.0,33
201700051434,17,9,11,1315,1,1,1,1.0,5.0,33249,M,4487825.0,-50921.0,33
201700051435,17,9,12,805,1,1,1,1.0,5.0,33397,M,4489650.0,-49645.0,33
201700051436,17,9,12,830,1,1,1,1.0,3.0,33075,M,4488146.0,-62466.0,33
201700051437,17,9,12,1820,1,1,1,1.0,2.0,33397,M,4489502.0,-49789.0,33
201700051438,17,9,13,1455,1,1,1,3.0,2.0,33366,M,4500604.0,-42756.0,33
201700051439,17,9,14,850,1,1,1,2.0,2.0,33039,M,4480691.0,-52791.0,33
201700051440,17,9,14,940,1,1,1,1.0,2.0,33075,M,4488089.0,-62563.0,33
201700051441,17,9,16,230,3,1,1,1.0,3.0,33448,M,4469964.0,-50099.0,33
201700051442,17,9,17,1335,1,1,1,8.0,6.0,33550,M,4476061.0,-54699.0,33
201700051443,17,9,18,920,1,1,1,1.0,3.0,33397,M,4492251.0,-47421.0,33
201700051444,17,9,20,1625,1,1,1,1.0,4.0,33281,M,4483816.0,-67606.0,33
201700051445,17,9,21,920,1,1,1,1.0,3.0,33013,M,4485681.0,-50487.0,33
201700051446,17,9,22,1550,1,1,1,1.0,2.0,33013,M,4484828.0,-50319.0,33
201700051447,17,9,25,850,1,1,1,8.0,7.0,33281,M,4485567.0,-66372.0,33
201700051448,17,9,27,900,1,1,1,1.0,3.0,33162,M,4486895.0,-64636.0,33
201700051449,17,9,29,725,2,1,1,1.0,5.0,33281,M,4481346.0,-67248.0,33
201700051450,17,9,29,810,1,1,1,1.0,3.0,33065,M,4482757.0,-50632.0,33
201700051451,17,9,29,1735,1,1,1,1.0,6.0,33162,M,4485753.0,-66240.0,33
201700051452,17,9,29,1820,1,1,1,1.0,3.0,33039,M,4479504.0,-53934.0,33
201700051453,17,9,30,1845,1,1,1,1.0,6.0,33039,M,4480382.0,-53255.0,33
201700051454,17,10,1,2105,5,1,1,2.0,5.0,33249,M,4486746.0,-50436.0,33
201700051455,17,10,2,629,5,1,1,2.0,6.0,33075,M,4488920.0,-59002.0,33
201700051456,17,10,2,1201,1,1,1,2.0,6.0,33249,M,4488319.0,-52090.0,33
201700051457,17,10,5,730,2,1,1,1.0,7.0,33162,M,4487043.0,-64382.0,33
201700051458,17,10,6,1946,2,1,1,1.0,6.0,33281,M,4484342.0,-67230.0,33
201700051459,17,10,6,2240,4,1,1,1.0,7.0,33281,M,4484565.0,-67102.0,33
201700051460,17,10,10,820,1,1,1,1.0,5.0,33550,M,4478463.0,-54213.0,33
201700051461,17,10,11,618,3,1,1,1.0,2.0,33213,M,4468567.0,-49137.0,33
201700051462,17,10,12,750,5,1,1,5.0,3.0,33550,M,4477966.0,-57430.0,33
201700051463,17,10,12,1635,1,1,1,1.0,4.0,33162,M,4486572.0,-65183.0,33
201700051464,17,10,12,1735,1,1,1,1.0,3.0,33550,M,4478080.0,-57960.0,33
201700051465,17,10,13,1025,1,1,1,1.0,2.0,33192,M,4478974.0,-61189.0,33
201700051466,17,10,13,1725,1,1,1,1.0,6.0,33063,M,4488614.0,-56590.0,33
201700051467,17,10,17,750,5,1,1,1.0,3.0,33550,M,4478002.0,-57610.0,33
201700051468,17,10,20,1915,2,1,1,1.0,4.0,33167,M,4484142.0,-50143.0,33
201700051469,17,10,20,2000,5,1,1,1.0,4.0,33281,M,4484300.0,-67303.0,33
201700051470,17,10,20,2120,5,1,1,1.0,6.0,33397,M,4490585.0,-49211.0,33
201700051471,17,10,21,2015,5,1,1,2.0,2.0,33162,M,4487922.0,-62849.0,33
201700051472,17,10,24,715,4,1,1,1.0,5.0,33366,M,4500426.0,-42716.0,33
201700051473,17,10,25,650,3,1,1,1.0,3.0,33249,M,4488854.0,-50468.0,33
201700051474,17,10,25,710,5,1,1,1.0,2.0,33397,M,4490325.0,-49311.0,33
201700051475,17,10,25,1240,1,1,1,1.0,5.0,33039,M,4481116.0,-53347.0,33
201700051476,17,10,26,1245,1,1,1,1.0,2.0,33075,M,4489010.0,-61223.0,33
201700051477,17,10,27,900,1,1,1,1.0,2.0,33075,M,4488500.0,-62183.0,33
201700051478,17,10,27,1955,3,1,1,1.0,3.0,33075,M,4488933.0,-60109.0,33
201700051479,17,10,30,2028,4,1,1,1.0,2.0,33281,M,4483629.0,-67655.0,33
201700051480,17,11,4,1835,5,1,1,1.0,3.0,33039,M,4479673.0,-53841.0,33
201700051481,17,11,4,1915,5,1,1,1.0,3.0,33487,M,4493769.0,-46685.0,33
201700051482,17,11,5,315,5,1,1,2.0,5.0,33249,M,4487212.0,-50644.0,33
201700051483,17,11,5,315,5,1,1,9.0,5.0,33249,M,4487127.0,-50605.0,33
201700051484,17,11,7,700,3,1,1,1.0,2.0,33023,M,4469784.0,-49934.0,33
201700051485,17,11,8,825,2,1,1,8.0,2.0,33075,M,4487950.0,-62799.0,33
201700051486,17,11,8,1705,1,1,1,1.0,6.0,33192,M,4478970.0,-61265.0,33
201700051487,17,11,9,2035,5,1,1,1.0,3.0,33249,M,4488489.0,-50978.0,33
201700051488,17,11,10,610,3,1,1,1.0,6.0,33023,M,4469784.0,-49934.0,33
201700051489,17,11,10,1744,2,1,1,8.0,6.0,33162,M,4486674.0,-65015.0,33
201700051490,17,11,11,410,3,1,1,2.0,2.0,33213,M,4468383.0,-49018.0,33
201700051491,17,11,11,1720,1,1,1,1.0,6.0,33039,M,4480237.0,-53291.0,33
201700051492,17,11,12,1620,2,1,1,2.0,7.0,33063,M,4488601.0,-56544.0,33
201700051493,17,11,13,635,5,1,1,1.0,3.0,33487,M,4494393.0,-46576.0,33
201700051494,17,11,14,755,1,1,1,1.0,6.0,33075,M,4489018.0,-61403.0,33
201700051495,17,11,14,825,1,1,1,1.0,2.0,33039,M,4480445.0,-53165.0,33
201700051496,17,11,15,1830,5,1,1,1.0,6.0,33039,M,4480906.0,-53245.0,33
201700051497,17,11,16,700,3,1,1,1.0,2.0,33080,M,4472974.0,-52934.0,33
201700051498,17,11,16,740,2,1,1,1.0,2.0,33096,M,4489729.0,-49584.0,33
201700051499,17,11,16,1910,3,1,1,1.0,7.0,33550,M,4476189.0,-54748.0,33
201700051500,17,11,17,655,5,1,1,1.0,7.0,33143,M,4497620.0,-43248.0,33
201700051501,17,11,17,1540,1,1,1,1.0,4.0,33096,M,4489289.0,-50019.0,33
201700051502,17,11,17,1815,5,1,1,1.0,2.0,33192,M,4477734.0,-64535.0,33
201700051503,17,11,17,2055,5,1,1,1.0,6.0,33397,M,4491335.0,-48168.0,33
201700051504,17,11,19,10,4,1,1,1.0,7.0,33063,M,4488319.0,-55396.0,33
201700051505,17,11,19,750,1,1,1,5.0,6.0,33249,M,4487198.0,-50639.0,33
201700051506,17,11,21,2245,5,1,1,5.0,6.0,33397,M,4491284.0,-48273.0,33
201700051507,17,11,22,1330,1,1,1,1.0,5.0,33192,M,4478906.0,-60276.0,33
201700051508,17,11,8,1945,1,1,1,1.0,3.0,33550,M,4477760.0,-55969.0,33
201700051509,17,11,23,2105,3,1,1,1.0,2.0,33080,M,4475287.0,-54299.0,33
201700051510,17,11,25,50,3,1,1,2.0,6.0,33550,M,4478107.0,-58064.0,33
201700051511,17,11,27,744,5,1,1,1.0,5.0,33080,M,4472488.0,-52583.0,33
201700051512,17,11,27,733,2,1,1,1.0,6.0,33249,M,4488222.0,-51103.0,33
201700051513,17,11,27,1805,5,1,1,1.0,7.0,33039,M,4480382.0,-53255.0,33
201700051514,17,11,28,835,2,1,1,1.0,4.0,33122,M,4472488.0,-73340.0,33
201700051515,17,11,28,1845,5,1,1,2.0,5.0,33065,M,4481166.0,-52164.0,33
201700051516,17,11,30,630,5,1,1,1.0,6.0,33550,M,4477815.0,-55576.0,33
201700051517,17,11,30,755,2,1,1,1.0,3.0,33003,M,4492741.0,-47108.0,33
201700051518,17,11,30,835,1,1,1,5.0,5.0,33065,M,4481237.0,-52115.0,33
201700051519,17,12,1,1404,1,1,1,1.0,2.0,33397,M,4491079.0,-48690.0,33
201700051520,17,12,1,1847,3,1,1,1.0,2.0,33143,M,4495862.0,-44700.0,33
201700051521,17,12,3,640,5,1,1,5.0,4.0,33039,M,4481578.0,-53621.0,33
201700051522,17,12,8,930,1,1,1,1.0,2.0,33550,M,4477751.0,-56230.0,33
201700051523,17,11,18,5,5,1,1,1.0,2.0,33550,M,4478263.0,-58624.0,33
201700051524,17,12,13,2040,5,1,1,2.0,5.0,33039,M,4479706.0,-53820.0,33
201700051525,17,12,15,2005,5,1,1,2.0,5.0,33039,M,4481250.0,-53396.0,33
201700051526,17,12,17,415,3,1,1,1.0,2.0,33090,M,4476118.0,-67820.0,33
201700051527,17,12,17,1840,2,1,1,1.0,6.0,33366,M,4498194.0,-42887.0,33
201700051528,17,12,18,1150,1,1,1,2.0,3.0,33143,M,4497536.0,-43290.0,33
201700051529,17,12,20,755,5,1,1,1.0,3.0,33119,M,4486438.0,-50390.0,33
201700051530,17,12,22,840,2,1,1,1.0,3.0,33162,M,4487055.0,-64360.0,33
201700051531,17,12,22,1100,1,1,1,8.0,4.0,33397,M,4491132.0,-48580.0,33
201700051532,17,12,22,1800,5,1,1,1.0,4.0,33090,M,4476996.0,-66280.0,33
201700051533,17,12,22,1805,5,1,1,1.0,4.0,33550,M,4478011.0,-54670.0,33
201700051534,17,12,21,2105,3,1,1,8.0,4.0,33090,M,4477350.0,-65450.0,33
201700051535,17,12,23,102,5,1,1,1.0,2.0,33397,M,4490065.0,-49410.0,33
201700051536,17,12,26,1320,1,1,1,2.0,2.0,33192,M,4478973.0,-61200.0,33
201700051537,17,12,26,1815,4,1,1,2.0,2.0,33119,M,4485708.0,-50480.0,33
201700051538,17,12,28,1905,2,1,1,2.0,4.0,33039,M,4480569.0,-52980.0,33
201700051539,17,12,29,1637,1,1,1,1.0,6.0,33080,M,4475183.0,-54240.0,33
201700051540,17,1,5,750,1,1,1,8.0,2.0,67218,M,,,67
201700051541,17,1,6,825,1,1,1,1.0,4.0,67152,M,,,67
201700051542,17,1,11,1645,1,1,1,1.0,4.0,67482,M,4858050.0,772427.0,67
201700051543,17,1,11,825,1,1,1,1.0,4.0,67471,M,4862609.0,772515.0,67
201700051544,17,1,23,850,1,1,1,8.0,4.0,67152,M,4852470.0,766486.0,67
201700051545,17,2,7,1755,2,1,1,8.0,7.0,67124,M,,,67
201700051546,17,2,13,540,3,1,1,1.0,7.0,67482,M,4858918.0,769944.0,67
201700051547,17,2,13,1815,3,1,1,1.0,2.0,67482,M,4858899.0,773026.0,67
201700051548,17,2,22,1345,1,1,1,1.0,2.0,67482,M,,,67
201700051549,17,2,24,1420,1,1,1,1.0,6.0,67137,M,4849386.0,768190.0,67
201700051550,17,3,3,1700,1,1,1,1.0,1.0,67218,M,4854293.0,772378.0,67
201700051551,17,3,3,1245,1,1,1,1.0,2.0,67131,M,4849587.0,775410.0,67
201700051552,17,3,9,1200,1,1,1,2.0,2.0,67482,M,4856540.0,772770.0,67
201700051553,17,3,9,1815,2,1,1,1.0,4.0,67218,M,4853273.0,769740.0,67
201700051554,17,3,16,1625,1,1,1,1.0,2.0,67447,M,4860086.0,773448.0,67
201700051555,17,3,21,1707,1,1,1,8.0,2.0,67204,M,4862200.0,772619.0,67
201700051556,17,3,16,1100,1,1,1,1.0,3.0,67365,M,,,67
201700051557,17,3,30,1710,1,1,1,1.0,2.0,67482,M,4858180.0,772380.0,67
201700051558,17,4,8,1312,1,1,1,1.0,3.0,67365,M,4853490.0,770486.0,67
201700051559,17,4,7,1205,1,1,1,1.0,3.0,67471,M,4864000.0,773000.0,67
201700051560,17,4,5,1020,1,1,1,1.0,3.0,67152,M,4852002.0,769815.0,67
201700051561,17,4,21,2040,2,1,1,1.0,3.0,67482,M,4854816.0,772988.0,67
201700051562,17,4,27,1040,1,1,1,1.0,3.0,67152,M,4852447.0,766322.0,67
201700051563,17,5,3,1806,1,1,1,1.0,2.0,67309,M,4864278.0,773181.0,67
201700051564,17,5,9,930,1,1,1,1.0,2.0,67447,M,4860967.0,772695.0,67
201700051565,17,5,16,1515,1,1,1,1.0,3.0,67482,M,4858005.0,772436.0,67
201700051566,17,5,15,705,1,1,1,1.0,3.0,67482,M,4856424.0,773313.0,67
201700051567,17,5,19,1820,1,1,1,1.0,4.0,67482,M,,,67
201700051568,17,5,19,1825,1,1,1,1.0,2.0,67218,M,4854620.0,772762.0,67
201700051569,17,5,17,1154,1,1,1,1.0,4.0,67365,M,4853371.0,769883.0,67