Num_Acc,an,mois,jour,hrmn,lum,agg,int,atm,col,com,gps,lat,long,dep
201700051570,17,5,20,135,3,1,1,1.0,2.0,67471,M,4837000.0,743322.0,67
201700051571,17,5,26,1600,1,1,1,1.0,4.0,67482,M,4858659.0,771734.0,67
201700051572,17,6,1,1642,1,1,1,7.0,4.0,67218,M,4854374.0,773421.0,67
201700051573,17,6,13,1440,1,1,1,1.0,5.0,67482,M,4858399.0,772447.0,67
201700051574,17,6,15,1040,1,1,1,1.0,4.0,67152,M,4852486.0,766888.0,67
201700051575,17,6,14,740,1,1,1,1.0,2.0,67482,M,4855949.0,773319.0,67
201700051576,17,6,20,2245,3,1,1,1.0,7.0,67152,M,4852492.0,766519.0,67
201700051577,17,6,23,1450,1,1,1,1.0,7.0,67482,M,4858796.0,770852.0,67
201700051578,17,6,22,1420,1,1,1,1.0,2.0,67218,M,,,67
201700051579,17,6,27,525,2,1,1,2.0,6.0,67152,M,4853029.0,769327.0,67
201700051580,17,7,13,1905,1,1,1,1.0,2.0,67482,M,4857621.0,772756.0,67
201700051581,17,7,15,135,3,1,1,1.0,6.0,67309,M,,,67
201700051582,17,7,11,755,1,1,1,1.0,3.0,67482,M,4859209.0,773980.0,67
201700051583,17,7,31,1325,1,1,1,8.0,6.0,67482,M,4858691.0,771531.0,67
201700051584,17,7,31,1900,1,1,1,1.0,2.0,67482,M,4858691.0,771470.0,67
201700051585,17,8,1,2200,3,1,1,2.0,3.0,67482,M,4857093.0,773091.0,67
201700051586,17,7,24,605,2,1,1,2.0,2.0,67482,M,4859689.0,774008.0,67
201700051587,17,8,8,2320,3,1,1,8.0,2.0,67482,M,4856908.0,773144.0,67
201700051588,17,8,9,1320,1,1,1,1.0,7.0,67482,M,4857272.0,772980.0,67
201700051589,17,9,4,1610,1,1,1,1.0,2.0,67482,M,4859988.0,773662.0,67
201700051590,17,9,7,1900,1,1,1,1.0,3.0,67365,M,4853615.0,771132.0,67
201700051591,17,9,16,450,3,1,1,8.0,2.0,67152,M,4852466.0,765779.0,67
201700051592,17,9,21,40,3,1,1,1.0,1.0,67482,M,,,67
201700051593,17,9,21,805,1,1,1,1.0,3.0,67482,M,4858000.0,771000.0,67
201700051594,17,9,26,1825,1,1,1,1.0,5.0,67482,M,4859000.0,773000.0,67
201700051595,17,9,26,1835,1,1,1,1.0,3.0,67137,M,4850489.0,769489.0,67
201700051596,17,9,29,1900,2,1,1,1.0,5.0,67447,M,4860298.0,773224.0,67
201700051597,17,10,3,1615,1,1,1,1.0,2.0,67365,M,4853636.0,771264.0,67
201700051598,17,10,7,1435,1,1,1,1.0,7.0,67482,M,4859240.0,773611.0,67
201700051599,17,9,15,805,1,1,1,1.0,3.0,67309,M,4864296.0,773150.0,67
201700051600,17,10,9,715,2,1,1,1.0,4.0,67482,M,4858621.0,771981.0,67
201700051601,17,10,16,1340,1,1,1,1.0,2.0,67482,M,4858838.0,772758.0,67
201700051602,17,10,16,1500,1,1,1,1.0,3.0,67365,M,4853436.0,770045.0,67
201700051603,17,10,16,1810,1,1,1,1.0,4.0,67482,M,4857679.0,772702.0,67
201700051604,17,10,17,1400,1,1,1,1.0,2.0,67482,M,4858056.0,772410.0,67
201700051605,17,10,27,1355,1,1,1,1.0,2.0,67482,M,4855506.0,773269.0,67
201700051606,17,10,30,1725,3,1,1,1.0,7.0,67482,M,4858395.0,772425.0,67
201700051607,17,11,10,2030,3,1,1,2.0,4.0,67471,M,4864279.0,773155.0,67
201700051608,17,11,8,1155,1,1,1,2.0,6.0,67482,M,4854728.0,772751.0,67
201700051609,17,11,18,1905,3,1,1,8.0,4.0,67152,M,4852633.0,769492.0,67
201700051610,17,11,22,1733,3,1,1,1.0,3.0,67218,M,4854836.0,772982.0,67
201700051611,17,11,25,1230,1,1,1,1.0,7.0,67365,M,4856826.0,773174.0,67
201700051612,17,12,4,700,3,1,1,2.0,4.0,67152,M,4852393.0,769599.0,67
201700051613,17,12,15,1320,1,1,1,8.0,4.0,67204,M,4861955.0,772635.0,67
201700051614,17,12,28,1115,1,1,1,1.0,2.0,67131,M,4849244.0,776313.0,67
201700051615,17,1,6,1820,3,1,4,1.0,4.0,54578,M,4866727.0,612327.0,54
201700051616,17,1,30,1340,1,1,1,2.0,5.0,54123,M,4864659.0,614018.0,54
201700051617,17,1,25,750,3,1,1,1.0,4.0,54115,M,4869406.0,609376.0,54
201700051618,17,2,24,1640,1,1,1,4.0,5.0,54462,M,,,54
201700051619,17,3,6,1800,3,1,1,1.0,4.0,54328,M,4861237.0,617712.0,54
201700051620,17,3,27,900,1,1,1,1.0,4.0,54265,M,4863201.0,617688.0,54
201700051621,17,4,8,1800,1,1,1,1.0,2.0,54462,M,4860053.0,633853.0,54
201700051622,17,4,7,1230,1,1,1,1.0,5.0,54304,M,4869455.0,610725.0,54
201700051623,17,5,28,1215,1,1,1,1.0,4.0,54090,M,4874680.0,615480.0,54
201700051624,17,6,9,1648,1,1,1,3.0,2.0,54571,M,4861843.0,624813.0,54
201700051625,17,6,16,1800,1,1,1,1.0,3.0,54357,M,4871400.0,615608.0,54
201700051626,17,7,8,1000,1,1,1,1.0,7.0,54304,M,4867733.0,612012.0,54
201700051627,17,7,1,2345,3,1,1,3.0,2.0,54357,M,4871758.0,616429.0,54
201700051628,17,7,5,1950,1,1,1,1.0,3.0,54357,M,4869988.0,612201.0,54
201700051629,17,3,24,1520,1,1,1,1.0,5.0,54115,M,4872400.0,618100.0,54
201700051630,17,7,28,1750,1,1,1,1.0,4.0,54357,M,4871100.0,614600.0,54
201700051631,17,7,28,450,3,1,1,1.0,2.0,54578,M,4866480.0,612389.0,54
201700051632,17,7,27,1800,1,1,1,1.0,4.0,54357,M,4871399.0,613362.0,54
201700051633,17,8,25,2320,5,1,1,1.0,2.0,54320,M,4886400.0,609260.0,54
201700051634,17,9,14,845,1,1,1,3.0,4.0,54328,M,4861090.0,617630.0,54
201700051635,17,9,26,834,1,1,1,1.0,4.0,54578,M,4866600.0,612370.0,54
201700051636,17,9,28,900,1,1,1,1.0,2.0,54320,M,4885105.0,608910.0,54
201700051637,17,10,2,746,1,1,1,1.0,4.0,54232,M,4868890.0,598950.0,54
201700051638,17,10,5,838,1,1,1,1.0,4.0,54547,M,,,54
201700051639,17,10,9,800,2,1,1,1.0,5.0,54528,M,4865344.0,588404.0,54
201700051640,17,10,17,1610,1,1,1,1.0,4.0,54328,M,4862477.0,618347.0,54
201700051641,17,10,7,2030,3,1,1,2.0,5.0,54328,M,4862378.0,618682.0,54
201700051642,17,11,9,840,1,1,1,1.0,2.0,54357,M,4870639.0,613911.0,54
201700051643,17,11,22,1420,1,1,1,1.0,2.0,54351,M,4879718.0,611435.0,54
201700051644,17,12,6,829,1,1,1,1.0,5.0,54123,M,4878930.0,614140.0,54
201700051645,17,12,9,1950,3,1,1,3.0,4.0,54357,M,4869915.0,612148.0,54
201700051646,17,12,19,1755,3,1,1,2.0,2.0,54197,M,4861816.0,620621.0,54
201700051647,17,1,3,1545,1,1,1,1.0,4.0,57463,M,4912458.0,615990.0,57
201700051648,17,1,15,830,2,1,1,1.0,7.0,57206,M,4930780.0,612027.0,57
201700051649,17,2,2,2150,3,1,1,1.0,2.0,57463,M,,,57
201700051650,17,2,23,530,3,1,1,1.0,2.0,57306,M,4932802.0,604138.0,57
201700051651,17,3,31,1245,1,1,1,1.0,5.0,57343,M,4932469.0,618455.0,57
201700051652,17,4,19,1635,1,1,1,1.0,4.0,57303,M,,,57
201700051653,17,4,28,1835,1,1,1,8.0,2.0,57194,M,4942105.0,611038.0,57
201700051654,17,4,29,1955,1,1,1,1.0,3.0,57206,M,4930849.0,611883.0,57
201700051655,17,5,4,2220,3,1,1,1.0,2.0,57764,M,4946730.0,612250.0,57
201700051656,17,6,25,207,3,1,1,1.0,2.0,57343,M,4933332.0,618333.0,57
201700051657,17,6,23,2025,1,1,1,1.0,6.0,57303,M,4920056.0,617099.0,57
201700051658,17,7,10,745,1,1,1,8.0,2.0,57672,M,4936505.0,610680.0,57
201700051659,17,7,19,1945,1,1,1,1.0,5.0,57582,M,,,57
201700051660,17,8,1,2205,3,1,1,1.0,3.0,57356,M,4943760.0,611720.0,57
201700051661,17,8,3,2145,3,1,1,1.0,2.0,57672,M,,,57
201700051662,17,8,5,515,3,1,1,1.0,6.0,57433,M,,,57
201700051663,17,8,6,401,3,1,1,1.0,4.0,57445,M,,,57
201700051664,17,8,11,1710,1,1,1,2.0,2.0,57474,M,4926520.0,617653.0,57
201700051665,17,8,15,1905,1,1,1,1.0,4.0,57067,M,4931080.0,618264.0,57
201700051666,17,9,11,815,1,1,1,2.0,2.0,57206,M,,,57
201700051667,17,9,24,132,3,1,1,1.0,2.0,57474,M,,,57
201700051668,17,9,20,625,3,1,1,1.0,3.0,57663,M,4923362.0,617947.0,57
201700051669,17,9,24,920,1,1,1,1.0,6.0,57672,M,4940567.0,611081.0,57
201700051670,17,10,3,1935,5,1,1,1.0,7.0,57463,M,,,57
201700051671,17,10,10,625,3,1,1,2.0,6.0,57663,M,4923997.0,618084.0,57
201700051672,17,10,11,800,1,1,9,1.0,4.0,57463,M,,,57
201700051673,17,10,13,1935,2,1,1,1.0,4.0,57463,M,4909887.0,623449.0,57
201700051674,17,10,17,448,3,1,9,1.0,2.0,57672,M,4937141.0,610643.0,57
201700051675,17,10,20,425,5,2,1,1.0,6.0,57463,M,4911250.0,616789.0,57
201700051676,17,10,26,2215,3,1,1,1.0,5.0,57582,M,4928496.0,617317.0,57
201700051677,17,10,31,1925,2,1,1,1.0,4.0,57666,M,4934985.0,613012.0,57
201700051678,17,10,31,1615,1,1,1,1.0,5.0,57303,M,4922080.0,617540.0,57
201700051679,17,12,2,1715,2,1,1,1.0,5.0,57463,M,4912702.0,616147.0,57
201700051680,17,1,6,1600,1,1,1,1.0,3.0,42218,M,4541884.0,440860.0,42
201700051681,17,1,7,2135,3,1,1,1.0,2.0,42123,M,4551778.0,458954.0,42
201700051682,17,6,15,845,1,1,1,1.0,2.0,42218,M,4546748.0,437715.0,42
201700051683,17,2,3,2125,5,1,4,1.0,3.0,42218,M,4545529.0,441199.0,42
201700051684,17,2,7,2145,5,1,9,1.0,2.0,42103,M,4550228.0,456446.0,42
201700051685,17,2,11,915,1,1,1,1.0,7.0,42103,M,4550144.0,456337.0,42
201700051686,17,3,1,140,3,1,1,1.0,7.0,42218,M,4540784.0,438896.0,42
201700051687,17,4,5,1825,1,1,1,1.0,2.0,69252,M,4554559.0,466910.0,69
201700051688,17,4,13,1740,1,1,1,1.0,4.0,42218,M,4546472.0,438611.0,42
201700051689,17,4,7,1915,1,1,1,1.0,5.0,42097,M,4548729.0,432498.0,42
201700051690,17,5,2,1745,1,1,1,2.0,4.0,42207,M,4548902.0,450913.0,42
201700051691,17,5,1,1900,1,1,1,1.0,2.0,42225,M,4552029.0,459288.0,42
201700051692,17,5,7,545,3,1,1,1.0,1.0,42123,M,4551202.0,456949.0,42
201700051693,17,5,2,1915,1,1,1,8.0,2.0,42237,M,4544832.0,447073.0,42
201700051694,17,5,12,1520,1,1,1,3.0,2.0,42005,M,4552805.0,428444.0,42
201700051695,17,5,24,1505,1,1,1,1.0,2.0,42044,M,4539450.0,433170.0,42
201700051696,17,5,31,1640,1,1,1,1.0,3.0,42097,M,4548157.0,434156.0,42
201700051697,17,7,5,300,3,1,1,1.0,6.0,42207,M,4546693.0,449816.0,42
201700051698,17,7,19,1650,1,1,1,1.0,2.0,42110,M,4549485.0,453199.0,42
201700051699,17,8,5,1610,1,1,1,9.0,6.0,42095,M,4537083.0,427138.0,42
201700051700,17,8,12,135,4,1,1,1.0,7.0,42218,M,4543627.0,443368.0,42
201700051701,17,8,23,1440,1,1,1,1.0,4.0,42110,M,4549607.0,455647.0,42
201700051702,17,8,29,100,3,1,1,1.0,6.0,42218,M,4543852.0,443343.0,42
201700051703,17,9,12,1800,1,1,1,1.0,4.0,42005,M,4553041.0,428522.0,42
201700051704,17,9,11,1805,1,1,1,1.0,2.0,42218,M,4541996.0,440995.0,42
201700051705,17,10,2,801,2,1,1,1.0,3.0,42095,M,4537742.0,427193.0,42
201700051706,17,10,21,1904,3,1,1,2.0,5.0,42218,M,4544244.0,446332.0,42
201700051707,17,11,3,1830,3,1,1,1.0,4.0,42044,M,4539566.0,434306.0,42
201700051708,17,11,8,1740,3,1,1,1.0,4.0,42005,M,4552873.0,428608.0,42
201700051709,17,11,28,900,1,1,1,1.0,4.0,42044,M,4539051.0,428363.0,42
201700051710,17,11,25,30,3,1,1,1.0,2.0,42307,M,4554859.0,467476.0,42
201700051711,17,12,20,1720,5,1,1,2.0,2.0,42330,M,4547187.0,436385.0,42
201700051712,17,12,9,150,3,1,1,4.0,2.0,42110,M,4549434.0,454580.0,42
201700051713,17,12,28,1800,3,1,1,1.0,4.0,42097,M,4551006.0,430170.0,42
201700051714,17,1,2,1000,1,1,4,8.0,5.0,69034,M,4579266.0,487340.0,69
201700051715,17,4,13,1255,1,1,1,,6.0,69281,M,4564288.0,490243.0,69
201700051716,17,12,29,1155,1,1,1,1.0,3.0,01249,M,4558849.0,479300.0,01
201700051717,17,1,1,340,4,1,1,1.0,2.0,69294,M,,,69
201700051718,17,1,4,930,1,1,1,1.0,5.0,69275,M,4575878.0,498531.0,69
201700051719,17,12,31,1237,1,1,1,1.0,7.0,69290,M,4570481.0,496521.0,69
201700051720,17,11,24,2035,5,1,1,1.0,2.0,01275,M,4580813.0,491940.0,01
201700051721,17,1,12,730,1,1,1,1.0,3.0,69276,M,4568523.0,485826.0,69
201700051722,17,1,10,1120,1,1,1,8.0,6.0,69029,M,4572734.0,489547.0,69
201700051723,17,1,17,2150,3,1,1,9.0,2.0,69259,M,4568308.0,488436.0,69
201700051724,17,1,20,1905,2,1,1,1.0,1.0,69281,M,4564490.0,491163.0,69
201700051725,17,1,21,1600,1,2,7,1.0,4.0,38544,M,4554227.0,484951.0,38
201700051726,17,1,21,2330,5,1,1,1.0,2.0,69382,M,,,69
201700051727,17,1,11,1700,2,1,1,1.0,5.0,69029,M,,,69
201700051728,17,1,22,1915,3,1,1,1.0,2.0,69275,M,4576386.0,498510.0,69
201700051729,17,1,27,1840,3,1,1,1.0,2.0,69072,M,4580857.0,476881.0,69
201700051730,17,1,29,400,5,1,1,1.0,6.0,69276,M,4568528.0,485824.0,69
201700051731,17,1,30,1740,3,1,1,2.0,7.0,69276,M,4566921.0,484579.0,69
201700051732,17,1,26,1015,1,1,1,1.0,6.0,69276,M,4568586.0,485994.0,69
201700051733,17,1,17,940,1,1,1,1.0,6.0,69199,M,4569943.0,484567.0,69
201700051734,17,12,31,1115,1,1,1,2.0,3.0,69286,M,4580595.0,492429.0,69
201700051735,17,1,29,720,1,1,1,1.0,2.0,69290,M,4572253.0,493060.0,69
201700051736,17,2,2,1730,2,1,1,1.0,3.0,69276,M,,,69
201700051737,17,3,1,1225,1,1,1,1.0,3.0,69199,M,,,69
201700051738,17,2,7,825,1,1,1,8.0,3.0,69005,M,,,69
201700051739,17,11,23,1830,4,1,1,1.0,3.0,69276,M,4567387.0,484770.0,69
201700051740,17,2,14,1705,1,1,1,1.0,2.0,69009,M,,,69
201700051741,17,2,17,1005,1,1,1,1.0,6.0,69271,M,,,69
201700051742,17,2,21,2045,3,1,1,1.0,2.0,38087,M,4558738.0,479889.0,38
201700051743,17,2,22,1,3,1,1,1.0,3.0,69142,M,,,69
201700051744,17,2,23,2145,5,1,1,8.0,6.0,69266,M,,,69
201700051745,17,2,13,1940,3,1,1,1.0,2.0,69081,M,4577657.0,478224.0,69
201700051746,17,2,26,544,5,2,1,1.0,7.0,69385,M,,,69
201700051747,17,2,26,1840,2,1,1,1.0,4.0,69297,M,,,69
201700051748,17,2,21,1930,3,1,1,1.0,4.0,69272,M,,,69
201700051749,17,2,28,2000,5,1,1,1.0,5.0,69266,M,,,69
201700051750,17,3,5,1710,1,1,1,8.0,4.0,69029,M,4574442.0,490631.0,69
201700051751,17,3,5,755,1,1,1,1.0,7.0,69297,M,,,69
201700051752,17,2,26,530,3,1,1,1.0,2.0,69288,M,4566691.0,505518.0,69
201700051753,17,3,8,1000,1,1,1,1.0,6.0,38336,M,4547345.0,488333.0,38
201700051754,17,3,5,805,1,1,1,1.0,5.0,69297,M,,,69
201700051755,17,3,11,615,3,1,1,1.0,2.0,69297,M,,,69
201700051756,17,3,12,610,2,1,1,1.0,6.0,69382,M,,,69
201700051757,17,3,4,1520,1,1,1,3.0,6.0,69282,M,4575043.0,498570.0,69
201700051758,17,3,12,1150,1,1,1,1.0,3.0,69204,M,,,69
201700051759,17,3,10,1300,1,1,1,1.0,7.0,69027,M,4567034.0,477916.0,69
201700051760,17,3,9,1925,5,1,1,1.0,4.0,69266,M,,,69
201700051761,17,3,18,530,3,1,1,1.0,6.0,69266,M,,,69
201700051762,17,3,20,750,1,1,1,1.0,3.0,01275,M,,,01
201700051763,17,2,21,1815,3,1,1,1.0,2.0,69072,M,,,69
201700051764,17,3,21,730,1,1,1,1.0,4.0,69385,M,,,69
201700051765,17,3,22,1100,1,1,1,1.0,2.0,69266,M,,,69
201700051766,17,3,11,1400,1,1,1,1.0,2.0,69072,M,,,69
201700051767,17,3,18,520,2,1,1,1.0,2.0,69117,M,,,69
201700051768,17,3,25,730,1,1,1,1.0,7.0,69142,M,,,69
201700051769,17,3,27,950,1,1,1,1.0,4.0,69256,M,,,69
201700051770,17,3,31,1255,1,1,1,1.0,4.0,69199,M,,,69
201700051771,17,3,29,400,3,1,1,1.0,5.0,69297,M,4561314.0,480851.0,69
201700051772,17,3,27,1355,1,1,1,1.0,5.0,69029,M,,,69
201700051773,17,3,29,1640,1,1,1,1.0,2.0,69256,M,,,69
201700051774,17,4,6,825,1,1,1,1.0,5.0,69081,M,4578361.0,478305.0,69
201700051775,17,4,7,210,3,1,1,1.0,2.0,69288,M,4566721.0,505499.0,69
201700051776,17,3,28,1850,1,1,1,1.0,3.0,69286,M,4582436.0,491839.0,69
201700051777,17,4,6,1830,1,1,1,1.0,6.0,69199,M,4571765.0,486250.0,69
201700051778,17,4,12,425,3,2,1,1.0,4.0,38544,M,4554135.0,485401.0,38
201700051779,17,4,14,2020,1,1,1,1.0,2.0,69281,M,4564428.0,490939.0,69
201700051780,17,4,16,1450,1,1,1,1.0,7.0,69275,M,4577281.0,498448.0,69
201700051781,17,5,28,510,3,1,1,1.0,2.0,69029,M,4577576.0,490971.0,69
201700051782,17,4,16,1045,1,1,1,8.0,1.0,69266,M,4577870.0,489553.0,69
201700051783,17,4,16,600,3,1,1,1.0,7.0,69266,M,4576043.0,490946.0,69
201700051784,17,4,22,225,3,1,1,1.0,6.0,69286,M,4584896.0,491139.0,69
201700051785,17,4,22,315,3,1,1,1.0,7.0,69276,M,4566000.0,484524.0,69
201700051786,17,4,23,600,1,1,1,1.0,3.0,69081,M,,,69
201700051787,17,4,3,900,1,1,1,1.0,2.0,69297,M,4558849.0,479266.0,69
201700051788,17,5,1,15,5,1,1,2.0,4.0,69259,M,4571834.0,487090.0,69
201700051789,17,4,21,725,1,1,1,1.0,2.0,69388,M,4578951.0,486656.0,69
201700051790,17,5,10,1540,1,1,1,1.0,4.0,69115,M,4597302.0,473265.0,69
201700051791,17,5,8,1100,1,1,4,1.0,6.0,69199,M,4570195.0,484536.0,69
201700051792,17,5,15,1313,1,1,1,1.0,6.0,69259,M,4571726.0,485932.0,69
201700051793,17,5,13,520,3,1,1,1.0,3.0,69297,M,4560312.0,479743.0,69
201700051794,17,5,16,1614,1,1,1,1.0,2.0,69029,M,4574127.0,490500.0,69
201700051795,17,5,13,530,3,1,1,1.0,2.0,69297,M,4560442.0,479885.0,69
201700051796,17,5,19,1945,1,1,1,2.0,4.0,69029,M,4572746.0,490978.0,69
201700051797,17,5,20,710,2,1,1,1.0,2.0,69287,M,4568517.0,500235.0,69
201700051798,17,6,20,1840,1,1,1,1.0,3.0,01249,M,4558000.0,478000.0,01
201700051799,17,5,21,1535,1,1,1,1.0,3.0,69266,M,4578355.0,489328.0,69
201700051800,17,5,25,600,2,1,1,1.0,2.0,69029,M,4572784.0,490755.0,69
201700051801,17,5,15,915,1,1,1,1.0,4.0,38184,M,4565563.0,508971.0,38
201700051802,17,4,9,1930,1,1,1,1.0,3.0,69389,M,4576385.0,480214.0,69
201700051803,17,5,27,1340,1,1,1,1.0,5.0,69029,M,4573032.0,489859.0,69
201700051804,17,5,18,840,1,1,1,1.0,2.0,69290,M,4568451.0,496208.0,69
201700051805,17,5,26,1050,1,1,1,1.0,4.0,38087,M,4558697.0,479920.0,38
201700051806,17,5,29,855,1,1,1,1.0,4.0,69297,M,4558934.0,479816.0,69
201700051807,17,5,29,1130,1,1,1,1.0,4.0,38487,M,4555829.0,482335.0,38
201700051808,17,6,2,825,1,1,1,1.0,4.0,69282,M,,,69
201700051809,17,5,28,1645,1,1,1,1.0,3.0,69256,M,4579208.0,491372.0,69
201700051810,17,6,9,735,1,1,1,1.0,3.0,69288,M,4567610.0,503290.0,69
201700051811,17,6,13,940,1,1,1,1.0,4.0,69256,M,4578386.0,489214.0,69
201700051812,17,6,17,1545,1,1,1,1.0,2.0,69256,M,4580000.0,490000.0,69
201700051813,17,6,13,1115,1,1,1,1.0,3.0,69199,M,4568910.0,484587.0,69
201700051814,17,6,18,515,2,1,1,1.0,6.0,69271,M,,,69
201700051815,17,6,19,750,1,2,1,1.0,6.0,69382,M,4575224.0,482083.0,69
201700051816,17,6,20,2310,3,1,1,1.0,6.0,01248,M,,,01
201700051817,17,6,20,1135,1,1,1,1.0,6.0,69081,M,4577227.0,478838.0,69
201700051818,17,6,7,1610,1,1,1,1.0,2.0,69266,M,4578333.0,489168.0,69
201700051819,17,6,16,515,2,1,1,1.0,2.0,69294,M,4563315.0,481963.0,69
201700051820,17,7,7,225,3,1,1,1.0,2.0,69199,M,4569068.0,484571.0,69
201700051821,17,6,22,1833,1,1,1,1.0,7.0,69152,M,4570891.0,482907.0,69
201700051822,17,6,26,1930,1,1,1,1.0,6.0,69152,M,4569335.0,482594.0,69
201700051823,17,6,20,1930,1,1,1,1.0,2.0,69297,M,4558792.0,478707.0,69
201700051824,17,6,20,810,1,1,1,1.0,2.0,69040,M,4580709.0,477122.0,69
201700051825,17,7,7,750,1,1,1,1.0,3.0,69199,M,4571008.0,484367.0,69
201700051826,17,7,9,545,2,1,1,1.0,7.0,69290,M,4568378.0,496197.0,69
201700051827,17,7,7,830,1,1,1,1.0,2.0,69281,M,4564309.0,490360.0,69
201700051828,17,7,13,645,2,1,1,1.0,5.0,69027,M,,,69
201700051829,17,7,10,1500,1,1,1,1.0,4.0,69290,M,4570751.0,495595.0,69
201700051830,17,7,10,1700,1,1,1,8.0,4.0,69295,M,,,69
201700051831,17,7,17,1600,1,1,1,1.0,2.0,01275,M,,,01
201700051832,17,7,13,1600,1,1,1,1.0,3.0,69152,M,4569750.0,483694.0,69
201700051833,17,7,17,2005,1,1,1,1.0,3.0,69152,M,,,69
201700051834,17,7,17,835,1,1,1,1.0,6.0,69389,M,,,69
201700051835,17,7,19,1530,1,1,9,1.0,6.0,69115,M,,,69
201700051836,17,7,10,1520,1,1,1,1.0,2.0,69256,M,4578594.0,488983.0,69
201700051837,17,7,18,1800,1,1,1,1.0,3.0,69290,M,,,69
201700051838,17,7,25,120,3,1,1,1.0,2.0,69297,M,4559107.0,479758.0,69
201700051839,17,7,27,1405,1,1,1,1.0,6.0,69055,M,4588652.0,473637.0,69
201700051840,17,6,22,1200,1,1,1,1.0,3.0,69152,M,4569376.0,482649.0,69
201700051841,17,7,27,350,4,1,4,1.0,3.0,69152,M,4569963.0,483560.0,69
201700051842,17,5,17,1812,1,1,1,1.0,3.0,69266,M,,,69
201700051843,17,7,28,2025,1,1,1,1.0,3.0,69256,M,,,69
201700051844,17,7,31,720,1,1,1,1.0,3.0,69266,M,4578952.0,488471.0,69
201700051845,17,5,7,105,3,1,1,2.0,2.0,69204,M,4568000.0,480000.0,69
201700051846,17,7,28,1200,1,1,1,1.0,4.0,69290,M,4569388.0,498361.0,69
201700051847,17,7,22,1755,1,1,1,1.0,3.0,69199,M,4569197.0,484501.0,69
201700051848,17,8,3,700,1,1,1,1.0,6.0,69276,M,4568399.0,485532.0,69
201700051849,17,7,15,1530,1,1,1,1.0,4.0,69199,M,4571571.0,484311.0,69
201700051850,17,8,9,1,3,1,1,1.0,6.0,69296,M,4500000.0,625400.0,69
201700051851,17,8,18,1615,1,1,1,2.0,7.0,69278,M,4590810.0,485880.0,69
201700051852,17,8,21,1700,1,1,1,1.0,2.0,69290,M,4569992.0,496686.0,69
201700051853,17,8,26,1250,1,1,1,1.0,5.0,69290,M,4569875.0,497550.0,69
201700051854,17,8,29,650,5,1,1,1.0,2.0,69034,M,4579393.0,482495.0,69
201700051855,17,8,16,750,1,1,1,1.0,3.0,69256,M,4580060.0,492782.0,69
201700051856,17,9,1,820,1,1,1,1.0,2.0,69297,M,,,69
201700051857,17,8,23,1215,1,1,1,1.0,2.0,69287,M,4567000.0,2000.0,69
201700051858,17,9,6,1735,1,1,1,1.0,2.0,69266,M,4578001.0,489441.0,69
201700051859,17,4,14,1300,1,1,1,1.0,4.0,69266,M,4578910.0,488546.0,69
201700051860,17,9,12,1805,1,1,1,1.0,5.0,69276,M,4565887.0,484100.0,69
201700051861,17,9,4,1645,1,1,1,1.0,4.0,69029,M,,,69
201700051862,17,8,23,1600,1,1,1,1.0,3.0,69297,M,4558820.0,478962.0,69
201700051863,17,9,8,1700,1,1,1,1.0,2.0,69272,M,4559342.0,484527.0,69
201700051864,17,9,17,1355,1,1,9,3.0,5.0,69271,M,,,69
201700051865,17,9,14,130,3,1,1,1.0,6.0,69266,M,4578227.0,489174.0,69
201700051866,17,9,19,2305,5,1,1,1.0,3.0,69382,M,,,69
201700051867,17,9,23,125,3,1,1,1.0,7.0,69276,M,4567542.0,484811.0,69
201700051868,17,9,19,800,2,1,1,1.0,2.0,69204,M,4567709.0,478946.0,69
201700051869,17,9,21,1125,1,1,1,1.0,3.0,69152,M,4570962.0,482879.0,69
201700051870,17,9,20,750,1,1,1,1.0,4.0,69199,M,4571600.0,484541.0,69
201700051871,17,9,27,2030,3,1,1,1.0,2.0,69204,M,4567606.0,478717.0,69
201700051872,17,9,18,1505,1,1,1,1.0,6.0,69122,M,4591117.0,472759.0,69
201700051873,17,10,3,815,1,1,1,2.0,4.0,69271,M,4574944.0,498888.0,69
201700051874,17,8,27,630,2,1,1,1.0,6.0,69259,M,4568149.0,488650.0,69
201700051875,17,10,11,710,2,1,1,1.0,4.0,69286,M,4581450.0,491657.0,69
201700051876,17,10,6,1300,1,1,1,1.0,5.0,69266,M,,,69
201700051877,17,10,13,1015,1,1,1,1.0,3.0,69297,M,4558935.0,478860.0,69
201700051878,17,10,10,1720,1,1,1,1.0,2.0,69259,M,4571701.0,485459.0,69
201700051879,17,10,7,1640,1,1,1,1.0,2.0,69266,M,4578728.0,488766.0,69
201700051880,17,10,9,735,1,1,1,1.0,2.0,69199,M,4569073.0,484500.0,69
201700051881,17,10,24,1045,1,1,1,1.0,2.0,01248,M,4588082.0,489867.0,01
201700051882,17,10,24,1631,1,1,1,1.0,5.0,69290,M,4570573.0,496682.0,69
201700051883,17,10,13,1920,3,1,9,1.0,4.0,69290,M,4570368.0,496642.0,69
201700051884,17,10,26,2130,5,1,1,1.0,4.0,69290,M,,,69
201700051885,17,11,1,1710,2,1,1,1.0,3.0,69266,M,4575360.0,490786.0,69
201700051886,17,10,30,745,1,1,1,1.0,3.0,69199,M,4571611.0,484694.0,69
201700051887,17,10,27,1955,3,1,1,1.0,5.0,69290,M,4569888.0,497472.0,69
201700051888,17,11,4,1400,1,1,1,1.0,5.0,69382,M,4574135.0,482374.0,69