Num_Acc,an,mois,jour,hrmn,lum,agg,int,atm,col,com,gps,lat,long,dep
201700051889,17,10,31,2135,3,1,1,1.0,2.0,69296,M,4563263.0,481939.0,69
201700051890,17,11,6,740,2,1,1,1.0,3.0,01275,M,4581089.0,493782.0,01
201700051891,17,11,11,1830,3,1,1,2.0,4.0,69266,M,4576825.0,490398.0,69
201700051892,17,10,26,1730,1,1,1,1.0,4.0,69259,M,4571767.0,486310.0,69
201700051893,17,11,17,2150,3,1,1,1.0,5.0,69152,M,4571050.0,482666.0,69
201700051894,17,11,14,1810,5,1,1,1.0,4.0,69259,M,4571903.0,487110.0,69
201700051895,17,7,13,1835,1,1,1,1.0,4.0,38487,M,4556561.0,481756.0,38
201700051896,17,8,18,110,3,1,1,1.0,5.0,69297,M,4559737.0,479597.0,69
201700051897,17,11,22,1925,4,1,1,1.0,3.0,69275,M,4577683.0,497736.0,69
201700051898,17,11,21,813,2,1,1,9.0,5.0,69286,M,4584365.0,491389.0,69
201700051899,17,11,5,335,3,1,1,3.0,4.0,69152,M,4570646.0,483161.0,69
201700051900,17,11,29,2000,3,1,1,1.0,1.0,69029,M,4573331.0,491192.0,69
201700051901,17,10,19,815,1,1,1,1.0,3.0,69273,M,4666864.0,491649.0,69
201700051902,17,12,3,605,3,1,1,1.0,6.0,69294,M,4563451.0,482055.0,69
201700051903,17,11,29,1940,3,1,1,1.0,5.0,69275,M,4577721.0,497385.0,69
201700051904,17,11,14,220,3,1,1,2.0,6.0,69256,M,4580427.0,492616.0,69
201700051905,17,12,6,1915,3,1,1,1.0,6.0,69007,M,4550643.0,484156.0,69
201700051906,17,12,5,1930,5,1,1,1.0,2.0,69029,M,,,69
201700051907,17,12,10,2250,4,1,1,1.0,2.0,69290,M,4570310.0,496626.0,69
201700051908,17,12,3,1930,3,1,1,1.0,2.0,69005,M,4593069.0,473807.0,69
201700051909,17,12,11,2335,5,1,4,2.0,6.0,69271,M,4575126.0,498626.0,69
201700051910,17,12,13,700,2,1,1,1.0,7.0,69029,M,4572710.0,488723.0,69
201700051911,17,12,12,830,2,1,1,2.0,3.0,69266,M,4577760.0,489645.0,69
201700051912,17,12,11,1725,3,1,1,2.0,2.0,69296,M,4564493.0,483026.0,69
201700051913,17,12,16,345,5,1,1,8.0,6.0,69199,M,4568680.0,484640.0,69
201700051914,17,12,22,400,5,1,1,2.0,3.0,69152,M,,,69
201700051915,17,11,26,340,3,1,1,1.0,3.0,69259,M,4571889.0,487159.0,69
201700051916,17,12,26,1250,1,1,1,1.0,7.0,69081,M,4577111.0,478787.0,69
201700051917,17,12,28,1840,3,1,1,2.0,2.0,69152,M,4569681.0,483454.0,69
201700051918,17,12,25,2310,5,1,1,1.0,2.0,69259,M,4571884.0,486275.0,69
201700051919,17,12,31,900,1,1,1,1.0,7.0,69199,M,4569522.0,484465.0,69
201700051920,17,1,1,255,3,1,1,1.0,3.0,83144,M,,,83
201700051921,17,1,4,1500,1,1,1,1.0,2.0,83144,M,,,83
201700051922,17,1,6,1050,1,1,1,1.0,2.0,83137,M,4312091.0,595178.0,83
201700051923,17,1,11,857,1,1,1,1.0,4.0,83137,M,,,83
201700051924,17,1,13,1605,1,1,1,1.0,7.0,83137,M,,,83
201700051925,17,1,13,1732,1,1,1,1.0,2.0,83069,M,,,83
201700051926,17,1,17,740,2,1,1,1.0,4.0,83137,M,,,83
201700051927,17,1,26,1950,3,1,1,3.0,3.0,83137,M,,,83
201700051928,17,1,27,2155,3,1,1,8.0,6.0,83112,M,,,83
201700051929,17,1,28,750,1,1,1,1.0,5.0,83035,M,,,83
201700051930,17,1,31,1540,1,1,1,1.0,2.0,83144,M,,,83
201700051931,17,2,1,1440,1,1,1,1.0,7.0,83090,M,,,83
201700051932,17,2,2,230,3,1,1,1.0,6.0,83144,M,,,83
201700051933,17,2,3,2030,3,1,1,1.0,5.0,83137,M,,,83
201700051934,17,2,5,2030,3,1,1,1.0,5.0,83112,M,,,83
201700051935,17,2,14,855,1,1,1,1.0,6.0,83137,M,,,83
201700051936,17,3,4,650,5,1,1,1.0,6.0,83137,M,,,83
201700051937,17,3,6,1755,1,1,1,1.0,3.0,83144,M,,,83
201700051938,17,3,8,1725,1,1,1,1.0,4.0,83090,M,,,83
201700051939,17,3,14,1700,1,1,1,1.0,2.0,83137,M,,,83
201700051940,17,3,23,815,1,1,1,2.0,6.0,83027,M,,,83
201700051941,17,3,28,1700,1,1,1,1.0,4.0,83090,M,,,83
201700051942,17,3,29,815,1,1,1,1.0,5.0,83144,M,4313328.0,598419.0,83
201700051943,17,3,30,610,3,1,1,1.0,6.0,13028,M,,,13
201700051944,17,3,30,1735,1,1,1,1.0,2.0,83137,M,,,83
201700051945,17,4,1,2041,5,1,1,2.0,2.0,83138,M,,,83
201700051946,17,4,4,1750,1,1,1,1.0,2.0,83090,M,,,83
201700051947,17,4,12,1350,1,1,1,1.0,6.0,83123,M,4314063.0,579575.0,83
201700051948,17,4,23,1515,1,1,1,1.0,7.0,83144,M,4313349.0,598476.0,83
201700051949,17,4,23,1752,1,1,1,1.0,5.0,83123,M,4312931.0,581683.0,83
201700051950,17,4,25,1040,1,1,1,1.0,2.0,83137,M,,,83
201700051951,17,4,27,1323,1,1,1,1.0,2.0,83137,M,,,83
201700051952,17,5,16,800,1,1,1,1.0,5.0,83137,M,,,83
201700051953,17,5,17,855,1,1,1,1.0,4.0,83144,M,4313349.0,598476.0,83
201700051954,17,5,17,1513,1,1,1,1.0,5.0,83144,M,4313349.0,598476.0,83
201700051955,17,5,19,2345,3,1,1,1.0,2.0,83027,M,,,83
201700051956,17,5,20,25,3,1,1,1.0,5.0,83137,M,,,83
201700051957,17,5,24,1730,1,1,1,1.0,2.0,83144,M,,,83
201700051958,17,5,30,1713,1,1,1,1.0,2.0,83144,M,4313349.0,598476.0,83
201700051959,17,6,2,1815,1,1,1,1.0,7.0,83090,M,,,83
201700051960,17,6,2,1830,1,1,1,1.0,6.0,83129,M,4312389.0,584492.0,83
201700051961,17,6,3,1919,1,1,1,1.0,2.0,83137,M,,,83
201700051962,17,6,8,1640,1,1,1,1.0,4.0,83144,M,4313349.0,598476.0,83
201700051963,17,6,12,1650,1,1,1,1.0,6.0,83035,M,4316144.0,576743.0,83
201700051964,17,6,12,1715,1,1,1,1.0,2.0,83144,M,4313349.0,598476.0,83
201700051965,17,6,15,1355,1,1,1,1.0,2.0,83126,M,4312424.0,587200.0,83
201700051966,17,6,25,1935,1,1,1,1.0,2.0,83062,M,4314340.0,601420.0,83
201700051967,17,7,2,2231,3,1,1,1.0,2.0,13028,M,,,13
201700051968,17,7,8,1705,1,1,1,1.0,2.0,83137,M,,,83
201700051969,17,7,9,615,2,1,1,1.0,7.0,83144,M,4313349.0,598476.0,83
201700051970,17,7,10,730,1,1,1,1.0,4.0,83144,M,4313349.0,598476.0,83
201700051971,17,7,13,1420,1,1,1,1.0,5.0,83137,M,,,83
201700051972,17,7,13,1820,1,1,1,1.0,5.0,83137,M,,,83
201700051973,17,7,16,1407,1,1,1,1.0,3.0,83069,M,4312312.0,609686.0,83
201700051974,17,7,23,2345,5,1,1,2.0,6.0,83069,M,4312312.0,609686.0,83
201700051975,17,7,26,1240,1,1,1,1.0,3.0,83137,M,,,83
201700051976,17,7,26,1805,1,1,1,1.0,3.0,83144,M,4313349.0,598476.0,83
201700051977,17,7,27,2105,2,1,1,1.0,2.0,83069,M,4312312.0,609686.0,83
201700051978,17,8,4,1450,1,1,1,1.0,2.0,83069,M,4312312.0,609686.0,83
201700051979,17,8,5,410,3,1,1,1.0,6.0,83123,M,4312931.0,581683.0,83
201700051980,17,8,7,1415,1,1,1,1.0,3.0,83062,M,4314340.0,601420.0,83
201700051981,17,8,15,2030,1,1,1,1.0,2.0,83137,M,,,83
201700051982,17,8,17,939,1,1,1,1.0,3.0,83137,M,,,83
201700051983,17,8,18,1420,1,1,1,1.0,4.0,13055,M,,,13
201700051984,17,8,21,1230,1,1,1,1.0,5.0,83137,M,,,83
201700051985,17,8,25,445,5,1,1,1.0,1.0,83137,M,,,83
201700051986,17,8,25,1225,1,1,1,1.0,4.0,83144,M,4313349.0,598476.0,83
201700051987,17,8,25,1750,1,1,1,1.0,4.0,83069,M,4312312.0,609686.0,83
201700051988,17,9,13,835,1,1,1,1.0,6.0,13028,M,,,13
201700051989,17,9,19,1715,1,1,1,1.0,3.0,83144,M,4313349.0,598476.0,83
201700051990,17,9,22,920,1,1,1,1.0,2.0,83137,M,4312132.0,595331.0,83
201700051991,17,9,22,1755,1,1,1,1.0,2.0,83137,M,,,83
201700051992,17,9,25,1130,1,1,1,1.0,2.0,83137,M,,,83
201700051993,17,10,1,1530,1,1,1,1.0,2.0,83137,M,,,83
201700051994,17,10,3,1845,1,1,1,1.0,2.0,83144,M,4313349.0,598476.0,83
201700051995,17,10,8,1910,1,1,1,1.0,3.0,83035,M,,,83
201700051996,17,10,23,1408,1,1,1,1.0,2.0,83126,M,4312424.0,587200.0,83
201700051997,17,10,24,1733,1,1,1,1.0,2.0,83062,M,4314340.0,601420.0,83
201700051998,17,10,24,1735,1,1,1,1.0,2.0,83144,M,4313349.0,598476.0,83
201700051999,17,10,31,1410,1,1,1,1.0,4.0,83137,M,,,83
201700052000,17,11,8,1340,1,1,1,1.0,2.0,83137,M,,,83
201700052001,17,11,13,1130,1,1,1,6.0,3.0,83137,M,,,83
201700052002,17,11,17,1545,1,1,1,1.0,6.0,83137,M,,,83
201700052003,17,11,17,1855,3,1,1,1.0,4.0,83144,M,4313349.0,598476.0,83
201700052004,17,11,28,1850,3,1,1,1.0,4.0,83062,M,4314340.0,601420.0,83
201700052005,17,11,29,800,1,1,1,1.0,6.0,83123,M,4312931.0,581683.0,83
201700052006,17,11,29,1845,3,1,1,1.0,4.0,83144,M,4313349.0,598476.0,83
201700052007,17,12,1,1240,1,1,1,1.0,4.0,83137,M,4312132.0,595331.0,83
201700052008,17,12,7,2000,5,1,1,1.0,2.0,83123,M,4312931.0,581683.0,83
201700052009,17,12,20,1731,2,1,1,2.0,7.0,83137,M,4312132.0,595331.0,83
201700052010,17,12,23,104,3,1,1,1.0,5.0,83027,M,4317871.0,576961.0,83
201700052011,17,1,2,1245,1,1,1,1.0,4.0,13055,M,,,13
201700052012,17,1,3,2230,3,1,1,1.0,2.0,13055,M,,,13
201700052013,17,12,30,1645,1,1,1,1.0,2.0,13005,M,,,13
201700052014,17,1,3,2330,3,1,1,1.0,6.0,13088,M,,,13
201700052015,17,1,4,1430,1,1,1,1.0,3.0,13055,M,,,13
201700052016,17,1,4,1945,3,1,1,1.0,1.0,13071,M,,,13
201700052017,17,1,4,855,1,1,9,1.0,2.0,13055,M,,,13
201700052018,17,12,16,1100,1,1,1,1.0,3.0,13033,M,,,13
201700052019,17,1,5,1305,1,1,1,1.0,3.0,13055,M,,,13
201700052020,17,1,5,930,1,1,1,6.0,2.0,13055,M,,,13
201700052021,17,1,5,1215,1,1,1,1.0,6.0,13055,M,,,13
201700052022,17,1,6,1920,3,1,1,1.0,6.0,13055,M,,,13
201700052023,17,1,7,230,3,1,1,1.0,6.0,13081,M,,,13
201700052024,17,1,7,2130,3,1,1,1.0,4.0,13106,M,,,13
201700052025,17,1,7,1915,3,1,1,1.0,4.0,13005,M,,,13
201700052026,17,1,8,405,3,1,1,1.0,6.0,13117,M,,,13
201700052027,17,1,8,1800,3,1,1,1.0,4.0,13055,M,,,13
201700052028,17,1,8,400,5,2,4,1.0,6.0,13055,M,,,13
201700052029,17,1,9,1400,1,1,1,1.0,2.0,13055,M,,,13
201700052030,17,1,5,1130,1,1,1,1.0,2.0,13071,M,,,13
201700052031,17,1,9,1500,1,1,1,1.0,2.0,13026,M,,,13
201700052032,17,1,10,1320,1,1,1,2.0,5.0,13055,M,,,13
201700052033,17,1,10,1500,1,1,1,1.0,4.0,13055,M,,,13
201700052034,17,1,11,650,3,1,1,1.0,6.0,13005,M,,,13
201700052035,17,1,11,1725,3,1,1,1.0,4.0,13055,M,,,13
201700052036,17,1,11,730,1,1,1,1.0,2.0,13071,M,,,13
201700052037,17,1,12,1230,1,1,1,1.0,5.0,13055,M,,,13
201700052038,17,1,12,1238,1,1,1,1.0,4.0,13106,M,,,13
201700052039,17,1,13,1905,3,1,1,1.0,4.0,13001,M,,,13
201700052040,17,1,13,1830,3,1,1,1.0,4.0,13071,M,,,13
201700052041,17,1,14,1720,1,1,1,1.0,6.0,13043,M,,,13
201700052042,17,1,15,20,5,1,1,1.0,6.0,13005,M,,,13
201700052043,17,1,16,1500,1,1,1,1.0,5.0,13071,M,,,13
201700052044,17,1,16,1710,1,1,1,1.0,4.0,13055,M,,,13
201700052045,17,1,19,750,2,1,1,1.0,4.0,13106,M,,,13
201700052046,17,1,19,438,5,1,1,1.0,6.0,13055,M,,,13
201700052047,17,1,19,50,4,1,1,1.0,6.0,13055,M,,,13
201700052048,17,1,16,1850,3,1,1,1.0,3.0,13055,M,,,13
201700052049,17,1,19,1245,1,1,1,1.0,2.0,13106,M,,,13
201700052050,17,1,19,1315,1,1,1,1.0,2.0,13015,M,,,13
201700052051,17,1,20,1430,1,1,1,1.0,1.0,13055,M,,,13
201700052052,17,1,20,345,3,1,1,1.0,6.0,13117,M,,,13
201700052053,17,1,20,1925,3,1,1,1.0,4.0,13055,M,,,13
201700052054,17,1,20,1045,1,1,1,1.0,6.0,13055,M,,,13
201700052055,17,1,21,1400,1,1,1,1.0,4.0,13055,M,,,13
201700052056,17,1,21,635,3,1,1,1.0,6.0,13005,M,,,13
201700052057,17,1,17,830,2,1,1,1.0,3.0,13055,M,,,13
201700052058,17,1,21,630,3,1,1,1.0,2.0,13081,M,,,13
201700052059,17,1,25,1430,1,1,1,5.0,4.0,13071,M,,,13
201700052060,17,1,23,1215,1,1,1,1.0,6.0,13055,M,,,13
201700052061,17,1,28,900,1,1,1,8.0,7.0,13022,M,,,13
201700052062,17,1,29,250,3,1,1,9.0,7.0,13085,M,,,13
201700052063,17,1,29,1840,3,1,1,1.0,6.0,13055,M,,,13
201700052064,17,1,30,2000,3,1,1,1.0,4.0,13088,M,,,13
201700052065,17,1,31,850,1,1,1,1.0,4.0,13005,M,,,13
201700052066,17,1,31,1040,1,1,1,1.0,2.0,13033,M,,,13
201700052067,17,2,2,1700,1,1,1,1.0,3.0,13033,M,,,13
201700052068,17,2,2,1825,1,1,1,1.0,4.0,13055,M,,,13
201700052069,17,1,23,1035,1,1,1,2.0,7.0,13056,M,,,13
201700052070,17,2,2,1720,1,1,1,1.0,2.0,13055,M,,,13
201700052071,17,2,3,1940,3,1,1,1.0,2.0,13055,M,,,13
201700052072,17,2,3,1915,3,1,1,1.0,2.0,13001,M,,,13
201700052073,17,1,23,1055,1,1,1,1.0,7.0,13056,M,,,13
201700052074,17,2,1,1835,3,1,1,1.0,2.0,13055,M,,,13
201700052075,17,2,4,1100,1,1,1,1.0,3.0,13055,M,,,13
201700052076,17,2,5,525,3,1,1,1.0,6.0,13055,M,,,13
201700052077,17,2,6,1430,1,1,1,1.0,7.0,13055,M,,,13
201700052078,17,2,7,1800,2,1,1,1.0,2.0,13055,M,,,13
201700052079,17,2,9,845,1,1,1,1.0,4.0,13081,M,,,13
201700052080,17,2,9,750,2,1,1,2.0,7.0,13085,M,,,13
201700052081,17,2,11,1840,5,1,1,1.0,5.0,13055,M,,,13
201700052082,17,2,12,705,1,1,1,1.0,2.0,13085,M,,,13
201700052083,17,2,12,550,3,1,1,1.0,6.0,13055,M,,,13
201700052084,17,2,12,1700,1,1,1,1.0,6.0,13015,M,,,13
201700052085,17,2,13,1710,1,1,1,1.0,5.0,13055,M,,,13
201700052086,17,2,16,530,5,1,1,1.0,7.0,13055,M,,,13
201700052087,17,2,16,40,3,1,1,1.0,2.0,13085,M,,,13
201700052088,17,2,16,1750,1,1,1,1.0,4.0,13055,M,,,13
201700052089,17,2,18,645,3,1,1,1.0,2.0,13001,M,,,13
201700052090,17,2,18,1210,1,1,1,1.0,2.0,13001,M,,,13
201700052091,17,2,19,450,3,1,1,1.0,7.0,13071,M,,,13
201700052092,17,2,16,1330,1,1,1,1.0,7.0,13005,M,,,13
201700052093,17,2,20,900,1,1,1,1.0,7.0,13071,M,,,13
201700052094,17,2,22,1340,1,1,1,1.0,6.0,13015,M,,,13
201700052095,17,2,22,1720,1,1,1,1.0,2.0,13005,M,,,13
201700052096,17,2,22,1240,1,1,1,7.0,6.0,13088,M,,,13
201700052097,17,2,23,1710,1,1,1,1.0,4.0,13055,M,,,13
201700052098,17,2,23,1700,1,1,1,1.0,2.0,13056,M,,,13
201700052099,17,2,23,1945,3,1,1,1.0,2.0,13055,M,,,13
201700052100,17,2,24,1615,1,1,1,1.0,2.0,13055,M,,,13
201700052101,17,2,24,1645,1,1,1,1.0,5.0,13055,M,,,13
201700052102,17,2,21,1625,1,1,1,1.0,6.0,13028,M,,,13
201700052103,17,2,24,1635,1,1,1,1.0,2.0,13055,M,,,13
201700052104,17,2,25,1930,3,1,1,1.0,4.0,13055,M,,,13
201700052105,17,2,25,105,3,1,1,1.0,6.0,13085,M,,,13
201700052106,17,2,25,735,1,1,1,1.0,4.0,13055,M,,,13
201700052107,17,2,27,950,1,1,1,1.0,2.0,13005,M,,,13
201700052108,17,2,27,50,3,1,1,1.0,4.0,13117,M,,,13
201700052109,17,2,27,750,1,1,1,1.0,2.0,13015,M,,,13
201700052110,17,2,28,730,1,1,1,1.0,7.0,13055,M,,,13
201700052111,17,2,28,535,3,1,1,2.0,6.0,13055,M,,,13
201700052112,17,2,28,1930,3,1,1,1.0,3.0,13055,M,,,13
201700052113,17,3,1,1705,1,1,1,1.0,2.0,13055,M,,,13
201700052114,17,3,1,1745,2,1,1,1.0,1.0,13001,M,,,13
201700052115,17,3,1,1930,3,1,1,1.0,7.0,13071,M,,,13
201700052116,17,3,2,810,1,1,1,1.0,2.0,13055,M,,,13
201700052117,17,2,28,2130,3,1,1,8.0,6.0,13085,M,,,13
201700052118,17,3,2,1720,1,1,1,1.0,6.0,13015,M,,,13
201700052119,17,3,2,1730,1,1,1,1.0,4.0,13005,M,,,13
201700052120,17,3,3,1620,1,1,1,1.0,2.0,13055,M,,,13
201700052121,17,2,27,1730,1,1,1,1.0,7.0,13055,M,,,13
201700052122,17,3,4,45,3,1,1,1.0,2.0,13071,M,,,13
201700052123,17,3,4,1345,1,1,1,1.0,6.0,13055,M,,,13
201700052124,17,3,1,1420,1,1,1,1.0,4.0,13055,M,,,13
201700052125,17,3,1,1100,1,1,1,1.0,4.0,13026,M,,,13
201700052126,17,3,5,505,3,1,1,8.0,7.0,13085,M,,,13
201700052127,17,3,4,1750,1,1,1,1.0,2.0,13055,M,,,13
201700052128,17,3,5,1540,1,1,1,2.0,4.0,13071,M,,,13
201700052129,17,3,5,1845,2,1,1,2.0,4.0,13106,M,,,13
201700052130,17,3,6,1115,1,1,1,2.0,4.0,13055,M,,,13
201700052131,17,3,6,1320,1,1,1,1.0,7.0,13085,M,,,13
201700052132,17,3,6,1610,1,1,1,1.0,3.0,13055,M,,,13
201700052133,17,3,2,1840,2,1,1,1.0,2.0,13055,M,,,13
201700052134,17,3,6,1315,1,1,1,1.0,7.0,13055,M,,,13
201700052135,17,3,8,1415,1,1,1,1.0,6.0,13055,M,,,13
201700052136,17,3,5,1615,1,1,1,3.0,7.0,13055,M,,,13
201700052137,17,3,5,1720,1,1,1,1.0,2.0,13055,M,,,13
201700052138,17,3,9,1707,1,1,1,1.0,6.0,13005,M,,,13
201700052139,17,3,9,1335,1,1,1,1.0,4.0,13055,M,,,13
201700052140,17,3,11,1350,1,1,1,1.0,2.0,13055,M,,,13
201700052141,17,3,11,1500,1,1,1,1.0,2.0,13055,M,,,13
201700052142,17,3,11,1510,1,1,1,1.0,3.0,13005,M,,,13
201700052143,17,3,10,1920,3,1,1,1.0,4.0,13005,M,,,13
201700052144,17,3,12,430,3,1,1,1.0,1.0,13106,M,,,13
201700052145,17,3,12,510,3,1,1,1.0,7.0,13085,M,,,13
201700052146,17,3,12,1800,2,1,1,1.0,1.0,13026,M,,,13
201700052147,17,3,13,1730,1,1,1,1.0,4.0,13071,M,,,13
201700052148,17,3,15,905,1,1,1,1.0,4.0,13055,M,,,13
201700052149,17,3,16,1740,1,1,1,1.0,5.0,13071,M,,,13
201700052150,17,3,17,350,3,1,1,1.0,2.0,13055,M,,,13
201700052151,17,3,15,915,1,1,1,1.0,4.0,13055,M,,,13
201700052152,17,3,17,2310,3,1,1,1.0,2.0,13055,M,,,13
201700052153,17,3,18,1500,1,1,1,1.0,4.0,13055,M,,,13
201700052154,17,3,18,1510,1,1,1,1.0,6.0,13056,M,,,13
201700052155,17,3,18,1955,1,1,1,1.0,2.0,13071,M,4338991.0,530322.0,13
201700052156,17,3,19,245,3,1,1,1.0,2.0,13117,M,,,13
201700052157,17,3,19,1355,1,1,1,1.0,3.0,13055,M,,,13
201700052158,17,3,19,1545,1,1,1,1.0,7.0,13117,M,,,13
201700052159,17,3,19,1625,1,1,1,1.0,2.0,13055,M,,,13
201700052160,17,3,19,1815,1,1,1,1.0,4.0,13005,M,,,13
201700052161,17,3,13,900,1,1,1,1.0,2.0,13055,M,,,13
201700052162,17,3,17,1710,1,1,1,1.0,2.0,13055,M,,,13
201700052163,17,3,17,1750,1,1,1,1.0,2.0,13055,M,,,13
201700052164,17,3,20,1715,1,1,1,1.0,2.0,13055,M,,,13
201700052165,17,3,20,745,1,1,1,1.0,4.0,13015,M,,,13
201700052166,17,3,20,1655,1,1,1,1.0,2.0,13055,M,,,13
201700052167,17,3,21,1920,1,1,1,1.0,2.0,13055,M,,,13
201700052168,17,3,12,620,3,1,1,1.0,7.0,13033,M,,,13
201700052169,17,3,23,1350,1,1,1,1.0,5.0,13055,M,,,13
201700052170,17,3,23,2055,4,1,1,3.0,6.0,13071,M,,,13
201700052171,17,3,24,820,1,1,1,2.0,6.0,13055,M,,,13
201700052172,17,3,23,1915,2,1,1,3.0,2.0,13085,M,,,13
201700052173,17,3,21,1700,1,1,1,1.0,4.0,13055,M,,,13
201700052174,17,3,21,1600,1,1,1,1.0,2.0,13055,M,,,13
201700052175,17,3,24,2200,3,1,1,1.0,2.0,13071,M,,,13
201700052176,17,3,6,1245,1,1,1,1.0,6.0,13055,M,,,13
201700052177,17,3,22,1145,1,1,1,1.0,6.0,13055,M,,,13
201700052178,17,3,27,1435,1,1,1,1.0,3.0,13005,M,,,13
201700052179,17,3,27,2040,3,1,1,1.0,3.0,13055,M,,,13
201700052180,17,3,27,2250,3,1,1,1.0,6.0,13117,M,,,13
201700052181,17,3,27,20,5,1,1,1.0,2.0,13055,M,,,13
201700052182,17,3,24,1210,1,1,1,2.0,3.0,13085,M,,,13
201700052183,17,3,28,800,1,1,1,1.0,6.0,13071,M,,,13
201700052184,17,3,28,1715,1,1,1,1.0,4.0,13005,M,,,13
201700052185,17,3,30,2100,3,1,1,1.0,3.0,13117,M,,,13
201700052186,17,3,30,1815,1,1,1,1.0,2.0,13071,M,,,13
201700052187,17,3,30,1855,2,1,1,1.0,7.0,13005,M,,,13
201700052188,17,4,1,1640,1,1,1,2.0,6.0,13055,M,,,13
201700052189,17,3,29,1830,1,1,1,1.0,4.0,13019,M,,,13
201700052190,17,4,2,400,5,1,1,2.0,2.0,13055,M,,,13
201700052191,17,4,1,2230,5,1,1,1.0,7.0,13055,M,4328320.0,538542.0,13
201700052192,17,4,2,2125,3,1,1,2.0,4.0,13055,M,,,13
201700052193,17,3,29,1610,1,1,1,1.0,4.0,13055,M,,,13
201700052194,17,4,4,900,1,1,1,1.0,2.0,13070,M,,,13
201700052195,17,4,5,940,1,1,1,1.0,7.0,13022,M,,,13
201700052196,17,4,5,1451,1,1,1,1.0,4.0,13055,M,,,13
201700052197,17,4,5,1120,1,1,1,1.0,4.0,13055,M,,,13
201700052198,17,4,5,1900,1,1,1,2.0,2.0,13055,M,,,13
201700052199,17,4,4,1000,1,1,1,1.0,2.0,13005,M,,,13
201700052200,17,4,7,605,3,1,1,1.0,6.0,13071,M,,,13
201700052201,17,4,7,1800,1,1,1,1.0,2.0,13055,M,,,13
201700052202,17,4,9,1415,1,1,1,1.0,6.0,13026,M,,,13
201700052203,17,4,10,830,1,1,1,1.0,2.0,13071,M,,,13
201700052204,17,5,4,810,1,1,1,1.0,2.0,13071,M,,,13
201700052205,17,4,6,845,1,1,1,1.0,7.0,13005,M,,,13
201700052206,17,4,11,830,1,1,1,1.0,2.0,13071,M,,,13
201700052207,17,4,13,415,3,1,1,1.0,6.0,13055,M,,,13
201700052208,17,4,10,1850,1,1,1,5.0,2.0,13055,M,,,13
201700052209,17,4,13,2215,3,1,1,1.0,7.0,13055,M,,,13
201700052210,17,4,10,1700,1,1,1,1.0,2.0,13117,M,,,13
201700052211,17,4,10,1830,1,1,1,1.0,4.0,13070,M,,,13
201700052212,17,4,14,1420,1,1,1,1.0,1.0,13055,M,,,13
201700052213,17,4,16,318,5,1,1,1.0,6.0,13055,M,,,13
201700052214,17,4,16,1229,1,1,1,7.0,5.0,13117,M,,,13
201700052215,17,4,14,1710,1,1,1,1.0,4.0,13005,M,,,13
201700052216,17,4,18,945,1,1,1,1.0,2.0,13005,M,,,13
201700052217,17,4,19,245,3,1,1,1.0,6.0,13117,M,,,13
201700052218,17,4,18,820,1,1,1,1.0,2.0,13055,M,,,13
201700052219,17,4,16,1830,1,1,1,1.0,2.0,13055,M,,,13
201700052220,17,4,20,150,3,1,1,1.0,7.0,13005,M,,,13
201700052221,17,4,20,1230,1,1,1,1.0,2.0,13085,M,,,13
201700052222,17,4,21,1230,1,1,1,1.0,4.0,13055,M,,,13
201700052223,17,4,20,1835,1,1,1,1.0,2.0,13005,M,,,13
201700052224,17,4,24,1600,1,1,1,1.0,2.0,13071,M,,,13
201700052225,17,4,25,1700,1,1,1,1.0,7.0,13055,M,,,13
201700052226,17,4,22,1900,1,1,1,1.0,2.0,13055,M,,,13
201700052227,17,4,25,855,1,1,1,1.0,4.0,13055,M,,,13
201700052228,17,4,26,900,1,1,1,2.0,4.0,13055,M,,,13
201700052229,17,4,25,1625,1,1,1,1.0,1.0,13055,M,4330806.0,536778.0,13
201700052230,17,4,26,1400,1,1,1,1.0,7.0,13055,M,,,13
201700052231,17,4,26,1440,1,1,1,8.0,2.0,13055,M,,,13
201700052232,17,4,26,1710,1,1,1,1.0,2.0,13015,M,,,13
201700052233,17,4,28,1945,1,1,1,1.0,4.0,13071,M,,,13
201700052234,17,4,28,2120,3,1,1,1.0,5.0,13085,M,,,13
201700052235,17,4,29,2210,5,1,1,1.0,6.0,13117,M,,,13
201700052236,17,4,29,1310,1,1,1,1.0,7.0,13055,M,,,13
201700052237,17,4,30,1915,1,1,1,8.0,2.0,13055,M,,,13
201700052238,17,4,30,2300,3,1,1,2.0,2.0,13022,M,,,13
201700052239,17,5,1,510,3,1,1,2.0,5.0,13055,M,,,13
201700052240,17,4,5,2115,3,1,1,2.0,4.0,13005,M,,,13
201700052241,17,4,28,1530,1,1,1,1.0,6.0,13071,M,,,13
201700052242,17,4,28,1850,1,1,1,1.0,5.0,13070,M,,,13
201700052243,17,4,28,1730,1,1,1,1.0,2.0,13005,M,,,13
201700052244,17,4,30,1950,1,1,1,1.0,6.0,13005,M,,,13
201700052245,17,4,28,650,2,1,1,1.0,6.0,13001,M,,,13
201700052246,17,5,2,800,1,1,1,1.0,2.0,13055,M,,,13
201700052247,17,5,3,1820,1,1,1,1.0,3.0,13071,M,,,13
201700052248,17,4,29,1215,1,1,1,1.0,2.0,13055,M,,,13
201700052249,17,5,5,855,1,1,9,1.0,6.0,13071,M,,,13
201700052250,17,5,5,1915,1,1,1,1.0,2.0,13071,M,,,13
201700052251,17,5,6,1610,1,1,1,1.0,4.0,13055,M,,,13
201700052252,17,5,6,1430,1,1,1,1.0,6.0,13055,M,,,13
201700052253,17,5,2,1745,1,1,1,1.0,2.0,13081,M,,,13
201700052254,17,5,7,1340,1,1,1,1.0,6.0,13088,M,,,13
201700052255,17,5,7,1645,1,1,1,1.0,2.0,13106,M,,,13
201700052256,17,5,2,2110,3,1,1,1.0,4.0,13055,M,4337713.0,535808.0,13
201700052257,17,5,9,1615,1,1,1,1.0,2.0,13055,M,,,13
201700052258,17,5,9,1640,1,1,1,1.0,3.0,13055,M,,,13
201700052259,17,4,2,200,3,1,1,1.0,6.0,13005,M,,,13
201700052260,17,5,11,830,1,1,1,1.0,2.0,13005,M,,,13
201700052261,17,5,11,1700,1,1,1,1.0,4.0,13019,M,,,13
201700052262,17,5,14,140,3,1,1,1.0,2.0,13001,M,,,13
201700052263,17,5,15,305,3,1,1,1.0,6.0,13085,M,,,13
201700052264,17,5,15,1435,1,2,1,1.0,4.0,13106,M,,,13
201700052265,17,1,17,1545,1,1,1,1.0,3.0,13001,M,,,13
201700052266,17,5,17,2340,3,1,1,1.0,2.0,13088,M,,,13