Num_Acc,an,mois,jour,hrmn,lum,agg,int,atm,col,com,gps,lat,long,dep
201700052267,17,5,18,1710,1,1,1,1.0,4.0,13055,M,,,13
201700052268,17,5,19,40,3,1,1,8.0,2.0,13001,M,,,13
201700052269,17,5,19,1320,1,1,1,1.0,7.0,13055,M,,,13
201700052270,17,5,20,1100,1,1,1,1.0,2.0,13055,M,,,13
201700052271,17,5,21,1715,1,1,1,1.0,2.0,13055,M,,,13
201700052272,17,5,18,1810,1,1,1,1.0,2.0,13055,M,,,13
201700052273,17,5,21,2150,4,1,1,1.0,6.0,13055,M,,,13
201700052274,17,5,21,1000,1,1,1,1.0,2.0,13055,M,,,13
201700052275,17,5,18,1830,1,1,1,1.0,4.0,13106,M,,,13
201700052276,17,5,22,745,1,1,1,1.0,4.0,13026,M,,,13
201700052277,17,5,23,850,1,1,1,1.0,2.0,13001,M,,,13
201700052278,17,5,21,1105,1,1,1,1.0,4.0,13055,M,4328334.0,540090.0,13
201700052279,17,5,23,1915,1,1,1,1.0,3.0,13055,M,4329973.0,536570.0,13
201700052280,17,5,23,850,1,1,1,1.0,4.0,13055,M,,,13
201700052281,17,5,22,1810,1,1,1,1.0,2.0,13055,M,,,13
201700052282,17,5,22,1510,1,1,1,1.0,2.0,13055,M,,,13
201700052283,17,5,25,1100,1,1,1,1.0,2.0,13055,M,,,13
201700052284,17,5,26,1200,1,1,1,1.0,4.0,13055,M,,,13
201700052285,17,5,10,1205,1,1,1,1.0,2.0,13071,M,,,13
201700052286,17,5,26,1200,1,1,1,1.0,7.0,13001,M,,,13
201700052287,17,5,28,640,1,1,1,1.0,3.0,13055,M,,,13
201700052288,17,5,29,315,3,1,1,1.0,7.0,13005,M,,,13
201700052289,17,5,29,1340,1,1,1,7.0,4.0,13055,M,,,13
201700052290,17,5,30,615,1,1,1,1.0,5.0,13055,M,,,13
201700052291,17,5,30,845,1,1,1,1.0,2.0,13055,M,,,13
201700052292,17,5,30,830,1,1,1,1.0,4.0,13015,M,,,13
201700052293,17,5,28,1840,1,1,1,1.0,2.0,13055,M,,,13
201700052294,17,5,28,1830,1,2,1,1.0,4.0,13033,M,,,13
201700052295,17,5,31,1745,1,1,1,1.0,5.0,13055,M,,,13
201700052296,17,6,2,735,1,1,1,1.0,3.0,13071,M,,,13
201700052297,17,6,2,1630,1,1,1,1.0,2.0,13055,M,,,13
201700052298,17,6,3,1640,1,1,1,1.0,2.0,13055,M,,,13
201700052299,17,6,4,145,3,1,1,1.0,6.0,13055,M,,,13
201700052300,17,6,3,1020,1,1,1,1.0,3.0,13005,M,,,13
201700052301,17,6,4,2345,3,1,1,1.0,2.0,13019,M,,,13
201700052302,17,6,5,1850,1,2,1,1.0,3.0,13055,M,,,13
201700052303,17,6,5,940,1,1,1,1.0,3.0,13117,M,,,13
201700052304,17,6,6,2320,3,1,1,1.0,6.0,13055,M,,,13
201700052305,17,6,6,1845,1,1,1,1.0,4.0,13055,M,,,13
201700052306,17,6,7,1430,1,1,1,1.0,4.0,13055,M,,,13
201700052307,17,6,7,2345,3,1,1,1.0,2.0,13055,M,,,13
201700052308,17,6,9,850,1,1,1,1.0,3.0,13055,M,,,13
201700052309,17,6,8,1410,1,1,1,1.0,4.0,13071,M,,,13
201700052310,17,6,10,340,3,1,1,1.0,7.0,13015,M,4343080.0,539083.0,13
201700052311,17,6,10,1850,1,1,1,1.0,2.0,13071,M,,,13
201700052312,17,6,9,1630,1,1,1,1.0,2.0,13055,M,,,13
201700052313,17,6,9,1415,1,1,1,1.0,3.0,13070,M,,,13
201700052314,17,6,12,2055,1,1,1,1.0,1.0,13055,M,4328279.0,539920.0,13
201700052315,17,6,8,1815,1,1,1,1.0,2.0,13070,M,,,13
201700052316,17,6,8,1645,1,1,1,1.0,7.0,13085,M,,,13
201700052317,17,6,12,2126,2,1,1,1.0,6.0,13088,M,,,13
201700052318,17,6,12,1000,1,1,1,1.0,4.0,13071,M,,,13
201700052319,17,6,13,550,1,1,1,1.0,6.0,13055,M,,,13
201700052320,17,6,12,1250,1,1,1,1.0,7.0,13005,M,,,13
201700052321,17,6,13,720,1,1,1,1.0,3.0,13071,M,,,13
201700052322,17,6,13,1545,1,1,1,1.0,6.0,13117,M,,,13
201700052323,17,6,13,2110,1,1,1,1.0,7.0,13117,M,,,13
201700052324,17,6,10,815,1,1,1,1.0,3.0,13085,M,,,13
201700052325,17,5,29,1015,1,1,1,1.0,7.0,13015,M,,,13
201700052326,17,6,14,1750,1,1,1,1.0,2.0,13071,M,,,13
201700052327,17,6,16,745,1,1,1,5.0,2.0,13055,M,,,13
201700052328,17,6,16,1915,1,1,1,1.0,2.0,13106,M,,,13
201700052329,17,6,16,1850,1,1,1,1.0,3.0,13055,M,,,13
201700052330,17,6,17,2030,2,1,1,1.0,2.0,13117,M,,,13
201700052331,17,6,15,1607,1,1,1,1.0,6.0,13055,M,,,13
201700052332,17,6,15,1825,1,1,1,1.0,5.0,13071,M,,,13
201700052333,17,6,18,1910,1,1,1,1.0,5.0,13005,M,,,13
201700052334,17,6,18,1225,1,1,1,1.0,2.0,13071,M,,,13
201700052335,17,6,19,1400,1,1,1,1.0,2.0,13055,M,4329452.0,536370.0,13
201700052336,17,6,19,2220,5,1,1,1.0,7.0,13055,M,4330500.0,536527.0,13
201700052337,17,6,19,900,1,1,1,1.0,4.0,13055,M,,,13
201700052338,17,6,20,805,1,1,1,1.0,2.0,13070,M,,,13
201700052339,17,6,20,900,1,1,1,1.0,2.0,13005,M,,,13
201700052340,17,6,23,1640,1,1,1,1.0,4.0,13055,M,4329610.0,536297.0,13
201700052341,17,6,23,1715,1,1,1,1.0,4.0,13026,M,,,13
201700052342,17,6,19,1800,1,1,1,1.0,4.0,13055,M,,,13
201700052343,17,6,23,2300,3,1,1,1.0,6.0,13033,M,,,13
201700052344,17,6,22,2330,5,1,1,1.0,3.0,13055,M,,,13
201700052345,17,6,23,1935,1,1,1,1.0,2.0,13055,M,,,13
201700052346,17,6,20,900,1,1,1,1.0,2.0,13071,M,,,13
201700052347,17,6,25,1515,1,1,1,1.0,6.0,13055,M,,,13
201700052348,17,6,25,1600,1,1,1,1.0,7.0,13043,M,,,13
201700052349,17,6,25,1700,1,1,1,1.0,6.0,13043,M,,,13
201700052350,17,6,26,5,3,1,1,1.0,7.0,13043,M,,,13
201700052351,17,6,23,1830,1,1,1,1.0,2.0,13055,M,,,13
201700052352,17,6,26,2253,3,1,1,1.0,2.0,13071,M,,,13
201700052353,17,6,26,1655,1,1,1,1.0,7.0,13028,M,,,13
201700052354,17,6,26,1700,1,1,1,1.0,4.0,13071,M,,,13
201700052355,17,6,27,500,3,1,1,1.0,6.0,13106,M,,,13
201700052356,17,6,27,2015,1,1,1,1.0,6.0,13071,M,,,13
201700052357,17,6,28,320,3,1,1,2.0,6.0,13015,M,,,13
201700052358,17,6,28,830,1,1,1,1.0,3.0,13106,M,,,13
201700052359,17,6,28,1345,1,1,1,1.0,3.0,13055,M,,,13
201700052360,17,6,30,1625,1,1,1,1.0,2.0,13071,M,,,13
201700052361,17,6,30,1115,1,1,1,1.0,6.0,13056,M,,,13
201700052362,17,4,30,520,4,1,1,1.0,7.0,13005,M,4329031.0,548105.0,13
201700052363,17,7,2,1545,1,1,1,1.0,7.0,13071,M,,,13
201700052364,17,7,2,1700,1,1,1,1.0,4.0,13117,M,,,13
201700052365,17,7,2,1950,2,1,1,1.0,6.0,13019,M,,,13
201700052366,17,7,2,1930,1,1,1,1.0,3.0,13055,M,,,13
201700052367,17,7,3,1733,1,1,1,1.0,6.0,13055,M,,,13
201700052368,17,6,30,610,2,1,1,1.0,2.0,13001,M,,,13
201700052369,17,7,3,810,1,1,1,1.0,6.0,13071,M,,,13
201700052370,17,7,4,1208,1,1,1,1.0,4.0,13071,M,,,13
201700052371,17,7,4,950,1,1,1,1.0,7.0,13055,M,,,13
201700052372,17,7,4,1815,1,1,1,1.0,4.0,13055,M,,,13
201700052373,17,7,5,1400,1,1,1,1.0,4.0,13071,M,,,13
201700052374,17,7,5,1445,1,1,1,1.0,2.0,13015,M,,,13
201700052375,17,7,5,1450,1,1,1,1.0,1.0,13055,M,,,13
201700052376,17,7,5,1710,1,1,1,1.0,6.0,13071,M,4340331.0,530609.0,13
201700052377,17,7,5,1310,1,1,1,1.0,4.0,13071,M,,,13
201700052378,17,7,5,1120,1,1,1,1.0,3.0,13055,M,,,13
201700052379,17,7,6,1650,1,1,1,1.0,3.0,13055,M,,,13
201700052380,17,7,6,1120,1,1,1,1.0,2.0,13055,M,,,13
201700052381,17,7,5,1930,1,1,1,1.0,4.0,13070,M,,,13
201700052382,17,7,7,1705,1,1,1,1.0,2.0,13055,M,,,13
201700052383,17,7,6,1930,1,1,1,1.0,2.0,13055,M,,,13
201700052384,17,7,8,130,3,1,1,1.0,6.0,13071,M,,,13
201700052385,17,7,8,2300,3,1,1,1.0,5.0,13055,M,,,13
201700052386,17,7,8,1625,1,1,1,1.0,3.0,13117,M,,,13
201700052387,17,7,8,1649,1,1,1,,,13055,M,,,13
201700052388,17,7,10,1235,1,1,1,7.0,3.0,13071,M,,,13
201700052389,17,7,10,1720,1,1,1,1.0,4.0,13055,M,,,13
201700052390,17,7,10,1850,1,1,1,1.0,4.0,13106,M,,,13
201700052391,17,7,4,1030,1,1,1,1.0,3.0,13055,M,,,13
201700052392,17,7,10,1720,1,1,1,1.0,4.0,13055,M,,,13
201700052393,17,7,11,1945,1,1,9,8.0,7.0,13055,M,,,13
201700052394,17,6,25,1800,1,1,1,1.0,7.0,13026,M,,,13
201700052395,17,7,11,1935,1,1,1,1.0,4.0,13106,M,,,13
201700052396,17,7,11,245,3,1,1,1.0,6.0,13055,M,,,13
201700052397,17,7,12,1845,1,1,1,1.0,4.0,13071,M,,,13
201700052398,17,7,14,1935,1,1,1,1.0,2.0,13081,M,,,13
201700052399,17,7,16,410,3,1,1,1.0,2.0,13071,M,,,13
201700052400,17,7,16,1530,1,1,1,1.0,2.0,13085,M,,,13
201700052401,17,7,13,1630,1,1,1,1.0,4.0,13117,M,,,13
201700052402,17,7,13,1730,1,1,1,1.0,6.0,13055,M,,,13
201700052403,17,7,13,1630,1,1,1,1.0,4.0,13071,M,,,13
201700052404,17,6,28,630,1,1,1,1.0,7.0,13005,M,,,13
201700052405,17,7,18,1650,1,1,1,1.0,2.0,13055,M,,,13
201700052406,17,7,18,1850,1,1,1,1.0,2.0,13055,M,,,13
201700052407,17,7,18,1145,1,1,1,1.0,2.0,13055,M,,,13
201700052408,17,7,18,1215,1,1,1,1.0,6.0,13055,M,,,13
201700052409,17,7,20,2245,3,1,1,1.0,2.0,13055,M,,,13
201700052410,17,7,19,719,1,1,1,1.0,6.0,13055,M,,,13
201700052411,17,7,20,1900,1,1,1,1.0,2.0,13001,M,,,13
201700052412,17,7,22,830,1,1,1,1.0,2.0,13055,M,,,13
201700052413,17,7,22,1440,1,1,1,1.0,6.0,13055,M,,,13
201700052414,17,7,23,10,3,1,1,1.0,2.0,13056,M,4339956.0,509356.0,13
201700052415,17,7,18,1235,1,1,1,1.0,4.0,13055,M,,,13
201700052416,17,7,19,1220,1,1,1,1.0,2.0,13055,M,,,13
201700052417,17,7,24,1345,1,1,1,1.0,6.0,13055,M,,,13
201700052418,17,7,24,1215,1,1,1,,6.0,13055,M,4331739.0,542239.0,13
201700052419,17,7,26,1,3,1,1,1.0,7.0,13015,M,,,13
201700052420,17,7,27,305,3,1,1,1.0,6.0,13015,M,,,13
201700052421,17,7,21,800,1,1,1,1.0,6.0,13001,M,,,13
201700052422,17,7,28,530,3,1,1,1.0,2.0,13106,M,,,13
201700052423,17,7,28,400,3,1,1,1.0,2.0,13005,M,,,13
201700052424,17,7,29,1210,1,1,1,1.0,2.0,13085,M,,,13
201700052425,17,7,30,220,3,1,1,1.0,4.0,13055,M,,,13
201700052426,17,7,27,1700,1,1,1,1.0,2.0,13055,M,,,13
201700052427,17,7,27,1425,1,1,1,1.0,2.0,13055,M,,,13
201700052428,17,7,30,2215,5,1,1,1.0,6.0,13055,M,,,13
201700052429,17,8,1,34,3,1,1,1.0,2.0,13022,M,,,13
201700052430,17,8,1,2150,3,1,1,1.0,6.0,13117,M,4342741.0,526241.0,13
201700052431,17,7,31,1830,1,1,1,1.0,2.0,13055,M,4328920.0,544540.0,13
201700052432,17,8,3,1945,1,1,1,1.0,2.0,13055,M,4329051.0,549344.0,13
201700052433,17,8,6,1330,1,1,1,1.0,7.0,13005,M,4328786.0,553883.0,13
201700052434,17,8,6,442,3,1,1,1.0,7.0,13085,M,,,13
201700052435,17,8,7,337,3,1,1,1.0,6.0,13001,M,,,13
201700052436,17,8,4,1815,1,1,1,1.0,4.0,13055,M,4333178.0,537730.0,13
201700052437,17,8,8,1610,1,1,1,1.0,5.0,13055,M,,,13
201700052438,17,8,9,240,3,1,1,1.0,2.0,13019,M,4342142.0,537023.0,13
201700052439,17,8,8,1250,1,1,1,1.0,4.0,13055,M,4337202.0,536103.0,13
201700052440,17,8,9,1520,1,1,1,1.0,2.0,13019,M,4342314.0,537290.0,13
201700052441,17,8,9,1620,1,1,1,1.0,7.0,13055,M,,,13
201700052442,17,8,9,2155,3,1,1,1.0,7.0,13005,M,4328404.0,559259.0,13
201700052443,17,8,9,1820,1,1,1,1.0,3.0,13071,M,4339488.0,529876.0,13
201700052444,17,8,10,1650,1,1,1,1.0,2.0,13055,M,4328509.0,542199.0,13
201700052445,17,8,10,1240,1,1,1,1.0,6.0,13055,M,4328580.0,542863.0,13
201700052446,17,8,12,840,1,1,1,1.0,3.0,13005,M,4328346.0,557446.0,13
201700052447,17,8,13,1730,1,1,1,1.0,7.0,13106,M,,,13
201700052448,17,8,16,30,3,1,1,1.0,7.0,13055,M,4332525.0,536148.0,13
201700052449,17,8,16,2330,5,1,1,1.0,7.0,13028,M,4320518.0,559085.0,13
201700052450,17,8,17,1345,1,1,1,1.0,3.0,13055,M,4336606.0,536008.0,13
201700052451,17,8,17,1105,1,1,1,1.0,2.0,13055,M,4337708.0,535815.0,13
201700052452,17,8,20,155,5,1,1,1.0,6.0,13055,M,4333377.0,535426.0,13
201700052453,17,8,20,700,2,1,1,1.0,5.0,13055,M,4328761.0,544023.0,13
201700052454,17,8,20,1930,1,1,1,1.0,5.0,13055,M,4330740.0,537565.0,13
201700052455,17,8,20,230,5,1,7,,,13055,M,4329529.0,542555.0,13
201700052456,17,8,20,1030,1,1,1,1.0,2.0,13055,M,4328000.0,540000.0,13
201700052457,17,8,21,1420,1,1,1,1.0,1.0,13071,M,,,13
201700052458,17,8,21,1300,1,1,1,1.0,2.0,13055,M,,,13
201700052459,17,8,21,2000,1,1,1,1.0,2.0,13055,M,4329317.0,547579.0,13
201700052460,17,8,22,2250,3,1,1,1.0,6.0,13106,M,4340163.0,535509.0,13
201700052461,17,8,22,755,1,1,9,1.0,3.0,13055,M,4328580.0,542863.0,13
201700052462,17,8,17,1830,1,1,1,1.0,6.0,13001,M,4351190.0,542373.0,13
201700052463,17,8,18,1815,1,1,1,1.0,4.0,13055,M,4333209.0,537729.0,13
201700052464,17,8,25,640,2,1,1,1.0,2.0,13088,M,4338789.0,524319.0,13
201700052465,17,8,25,900,1,1,1,1.0,4.0,13071,M,4340366.0,530939.0,13
201700052466,17,8,26,745,1,1,1,1.0,7.0,13005,M,4328910.0,554996.0,13
201700052467,17,8,25,1330,1,1,1,1.0,6.0,13085,M,4328796.0,554000.0,13
201700052468,17,8,25,1700,1,1,1,1.0,4.0,13071,M,,,13
201700052469,17,8,23,1220,1,1,1,1.0,7.0,13055,M,4329145.0,536589.0,13
201700052470,17,8,28,1720,1,1,1,1.0,2.0,13055,M,4332223.0,537792.0,13
201700052471,17,8,29,1540,1,1,1,1.0,2.0,13055,M,4337704.0,535822.0,13
201700052472,17,8,29,1700,1,1,1,1.0,4.0,13055,M,4334156.0,537639.0,13
201700052473,17,8,29,2230,3,1,1,1.0,4.0,13005,M,,,13
201700052474,17,8,29,530,3,1,1,1.0,2.0,13117,M,4343943.0,524958.0,13
201700052475,17,8,30,445,3,1,1,1.0,3.0,13055,M,,,13
201700052476,17,8,30,1950,1,1,1,1.0,7.0,13202,M,,,13
201700052477,17,9,1,816,1,1,1,1.0,4.0,13043,M,4338420.0,523342.0,13
201700052478,17,9,3,705,2,1,1,1.0,6.0,13106,M,4339256.0,535112.0,13
201700052479,17,9,2,2350,3,1,1,6.0,3.0,13022,M,4323670.0,559023.0,13
201700052480,17,9,4,1610,1,1,1,1.0,6.0,13117,M,4343840.0,525085.0,13
201700052481,17,9,1,1615,1,1,1,1.0,4.0,13071,M,,,13
201700052482,17,9,1,1800,1,1,1,1.0,2.0,13055,M,,,13
201700052483,17,9,5,1500,1,1,1,1.0,6.0,13117,M,4347669.0,523813.0,13
201700052484,17,9,5,805,1,1,1,1.0,4.0,13071,M,4340409.0,531459.0,13
201700052485,17,9,6,1655,1,1,1,1.0,4.0,13055,M,,,13
201700052486,17,9,7,835,1,1,1,1.0,3.0,13015,M,,,13
201700052487,17,9,7,1030,1,1,1,1.0,2.0,13055,M,4332499.0,536179.0,13
201700052488,17,9,5,1850,1,1,1,1.0,4.0,13005,M,4328577.0,553062.0,13
201700052489,17,9,7,930,1,1,1,1.0,2.0,13005,M,4328000.0,553000.0,13
201700052490,17,9,9,2110,3,1,1,1.0,3.0,13055,M,4338020.0,535339.0,13
201700052491,17,9,10,130,5,1,1,1.0,7.0,13055,M,,,13
201700052492,17,9,10,220,3,1,1,1.0,3.0,13071,M,4339373.0,529967.0,13
201700052493,17,9,11,800,1,1,1,1.0,4.0,13055,M,,,13
201700052494,17,9,11,845,1,1,1,1.0,4.0,13071,M,4338802.0,530549.0,13
201700052495,17,9,9,1840,1,1,1,1.0,4.0,13055,M,4328979.0,544690.0,13
201700052496,17,9,12,1730,1,1,1,1.0,4.0,13055,M,,,13
201700052497,17,9,14,530,5,1,1,1.0,7.0,13028,M,4320233.0,559434.0,13
201700052498,17,9,11,825,1,1,1,1.0,2.0,13055,M,4328395.0,540306.0,13
201700052499,17,9,14,745,2,1,1,1.0,3.0,13070,M,4328567.0,551334.0,13
201700052500,17,9,15,2100,3,1,1,1.0,4.0,13117,M,4344434.0,534321.0,13
201700052501,17,9,15,2135,3,1,1,1.0,6.0,13071,M,4340362.0,534321.0,13
201700052502,17,9,15,1850,2,1,1,2.0,4.0,13055,M,4333793.0,537680.0,13
201700052503,17,9,15,715,1,1,1,1.0,2.0,13055,M,4337829.0,535592.0,13
201700052504,17,9,15,950,1,1,1,1.0,2.0,13055,M,4337829.0,535592.0,13
201700052505,17,9,16,120,5,1,1,,6.0,13055,M,4328552.0,542634.0,13
201700052506,17,9,16,1430,1,1,1,1.0,4.0,13055,M,4329236.0,547853.0,13
201700052507,17,9,16,1555,1,1,1,1.0,4.0,13019,M,4342167.0,536995.0,13
201700052508,17,9,16,1930,2,1,1,,,13055,M,,,13
201700052509,17,9,16,2220,5,1,1,,6.0,13055,M,4328589.0,542761.0,13
201700052510,17,9,17,1100,1,1,1,1.0,6.0,13055,M,4331720.0,536390.0,13
201700052511,17,9,19,900,1,1,1,1.0,2.0,13055,M,4330887.0,536645.0,13
201700052512,17,9,18,1750,1,2,1,1.0,3.0,13106,M,,,13
201700052513,17,9,19,2230,3,1,1,1.0,2.0,13071,M,,,13
201700052514,17,9,20,1500,1,1,1,1.0,2.0,13056,M,4339817.0,507966.0,13
201700052515,17,9,9,1330,1,1,1,2.0,2.0,13055,M,4336155.0,536135.0,13
201700052516,17,9,20,1250,1,1,1,1.0,2.0,13055,M,,,13
201700052517,17,9,21,1830,1,1,1,1.0,2.0,13117,M,,,13
201700052518,17,9,21,2120,3,1,1,1.0,6.0,13081,M,4349570.0,524071.0,13
201700052519,17,9,21,845,1,1,1,1.0,2.0,13001,M,4351090.0,541491.0,13
201700052520,17,9,18,1045,1,1,1,1.0,4.0,13071,M,4341086.0,528406.0,13
201700052521,17,9,23,50,3,1,1,1.0,3.0,13081,M,4348964.0,524049.0,13
201700052522,17,9,23,1500,1,1,1,1.0,2.0,13071,M,,,13
201700052523,17,9,24,515,3,1,1,1.0,2.0,13106,M,4339035.0,535121.0,13
201700052524,17,9,14,1110,1,1,1,1.0,4.0,13071,M,,,13
201700052525,17,9,23,2000,3,1,1,1.0,4.0,13055,M,4333704.0,537680.0,13
201700052526,17,9,25,820,1,1,1,1.0,4.0,13055,M,,,13
201700052527,17,9,26,900,1,1,1,1.0,3.0,13071,M,4341070.0,536412.0,13
201700052528,17,9,26,815,1,1,1,1.0,3.0,13106,M,4338837.0,535098.0,13
201700052529,17,9,26,855,1,1,1,1.0,6.0,13106,M,4339343.0,535104.0,13
201700052530,17,9,12,740,1,1,1,1.0,4.0,13055,M,4336112.0,536166.0,13
201700052531,17,9,29,730,1,1,1,1.0,5.0,13019,M,4342031.0,536794.0,13
201700052532,17,9,28,1745,1,1,1,1.0,6.0,13071,M,4341415.0,536478.0,13
201700052533,17,9,29,1715,1,1,1,1.0,2.0,13071,M,4340657.0,533348.0,13
201700052534,17,9,29,1400,1,1,1,1.0,2.0,13055,M,4336621.0,536068.0,13
201700052535,17,9,30,2320,3,1,1,2.0,7.0,13055,M,4333656.0,535112.0,13
201700052536,17,9,29,1030,1,1,1,1.0,7.0,13055,M,,,13
201700052537,17,9,29,1500,1,1,1,1.0,4.0,13071,M,4337849.0,531701.0,13
201700052538,17,10,3,1450,1,1,1,1.0,4.0,13070,M,,,13
201700052539,17,10,2,1840,1,1,1,1.0,2.0,13019,M,,,13
201700052540,17,10,4,800,1,1,1,1.0,2.0,13055,M,,,13
201700052541,17,9,15,910,1,1,1,1.0,4.0,13071,M,4338675.0,530723.0,13
201700052542,17,10,4,2130,3,1,1,1.0,3.0,13055,M,,,13
201700052543,17,10,5,815,1,1,1,1.0,2.0,13055,M,,,13
201700052544,17,10,5,900,1,1,1,1.0,2.0,13015,M,,,13
201700052545,17,10,3,1835,1,1,1,1.0,4.0,13055,M,,,13
201700052546,17,10,5,2040,3,1,1,1.0,2.0,13005,M,,,13
201700052547,17,10,6,2245,3,1,1,1.0,2.0,13015,M,,,13
201700052548,17,10,6,730,1,1,1,1.0,4.0,13055,M,,,13
201700052549,17,10,6,1830,1,1,1,1.0,4.0,13070,M,,,13
201700052550,17,10,8,1950,5,1,1,1.0,4.0,13055,M,,,13
201700052551,17,10,9,1440,1,1,1,1.0,6.0,13055,M,,,13
201700052552,17,10,10,805,1,1,1,1.0,2.0,13088,M,,,13
201700052553,17,10,11,1429,1,1,1,1.0,6.0,13106,M,4340753.0,536271.0,13
201700052554,17,10,11,1545,1,1,1,1.0,6.0,13055,M,,,13
201700052555,17,10,11,2000,3,1,1,1.0,6.0,13106,M,,,13
201700052556,17,10,11,1634,1,1,7,1.0,3.0,13055,M,,,13
201700052557,17,10,12,2110,3,1,1,1.0,2.0,13070,M,,,13
201700052558,17,10,10,1915,2,1,1,1.0,2.0,13070,M,,,13
201700052559,17,10,10,1805,1,1,1,1.0,2.0,13071,M,,,13
201700052560,17,10,12,1730,1,1,1,1.0,4.0,13019,M,,,13
201700052561,17,10,13,1024,1,1,1,1.0,6.0,13055,M,,,13
201700052562,17,10,9,1335,1,1,9,1.0,7.0,13055,M,,,13
201700052563,17,10,9,1210,1,1,1,1.0,6.0,13055,M,,,13
201700052564,17,10,14,1520,1,1,1,1.0,3.0,13005,M,,,13
201700052565,17,10,15,350,3,1,1,1.0,6.0,13117,M,,,13
201700052566,17,10,9,1000,1,1,1,1.0,2.0,13071,M,,,13
201700052567,17,10,16,1920,3,1,1,1.0,4.0,13117,M,,,13
201700052568,17,10,16,1805,1,1,1,1.0,4.0,13117,M,,,13
201700052569,17,10,18,1910,2,1,1,1.0,2.0,13055,M,,,13
201700052570,17,10,19,2345,5,1,1,1.0,2.0,13005,M,,,13
201700052571,17,10,20,1115,1,1,1,1.0,6.0,13071,M,,,13
201700052572,17,10,21,200,3,1,1,1.0,6.0,13043,M,,,13
201700052573,17,10,21,1830,2,1,1,1.0,6.0,13070,M,,,13
201700052574,17,10,23,1045,1,1,9,1.0,3.0,13085,M,,,13
201700052575,17,10,23,1533,1,1,1,1.0,2.0,13055,M,,,13
201700052576,17,10,24,2220,3,1,1,1.0,2.0,13055,M,,,13
201700052577,17,10,25,945,1,2,1,1.0,2.0,13055,M,,,13
201700052578,17,10,17,1630,1,1,1,1.0,3.0,13055,M,,,13
201700052579,17,10,27,825,1,1,1,1.0,2.0,13015,M,,,13
201700052580,17,10,18,1750,1,1,1,1.0,3.0,13071,M,,,13
201700052581,17,10,23,1225,1,1,1,1.0,2.0,13055,M,,,13
201700052582,17,10,27,1745,1,1,1,1.0,3.0,13015,M,,,13
201700052583,17,10,27,1940,3,1,1,1.0,3.0,13055,M,,,13
201700052584,17,10,27,1230,1,1,1,1.0,2.0,13071,M,,,13
201700052585,17,10,29,610,3,1,1,1.0,6.0,13055,M,,,13
201700052586,17,10,29,1920,3,1,1,1.0,4.0,13106,M,,,13
201700052587,17,10,29,2230,3,1,1,1.0,6.0,13106,M,,,13
201700052588,17,10,26,1930,3,1,1,1.0,2.0,13106,M,,,13
201700052589,17,10,22,1735,1,1,1,1.0,2.0,13055,M,,,13
201700052590,17,10,29,520,3,1,1,1.0,2.0,13055,M,,,13
201700052591,17,11,1,150,3,1,1,1.0,1.0,13055,M,,,13
201700052592,17,10,23,1740,1,1,1,1.0,2.0,13071,M,,,13
201700052593,17,11,1,1520,1,1,1,1.0,4.0,13071,M,4340647.0,536171.0,13
201700052594,17,10,29,1130,1,1,1,1.0,2.0,13019,M,,,13
201700052595,17,11,2,1500,1,1,1,1.0,4.0,13055,M,4329270.0,547674.0,13
201700052596,17,11,2,1830,5,1,1,1.0,4.0,13055,M,4328341.0,540111.0,13
201700052597,17,11,3,820,1,1,1,1.0,3.0,13071,M,,,13
201700052598,17,11,2,845,1,1,1,1.0,2.0,13055,M,4330500.0,537500.0,13
201700052599,17,11,5,20,4,1,1,3.0,7.0,13055,M,,,13
201700052600,17,11,4,1745,3,1,1,1.0,3.0,13055,M,,,13
201700052601,17,11,4,1800,3,1,1,1.0,4.0,13055,M,4328933.0,544530.0,13
201700052602,17,11,6,840,1,1,1,6.0,2.0,13055,M,,,13
201700052603,17,11,2,830,1,1,1,1.0,2.0,13055,M,4333629.0,535034.0,13
201700052604,17,11,7,1600,1,1,1,1.0,4.0,13055,M,,,13
201700052605,17,11,7,2330,3,1,1,1.0,3.0,13055,M,,,13
201700052606,17,11,5,925,1,1,1,8.0,7.0,13055,M,,,13
201700052607,17,11,8,1845,2,1,1,1.0,2.0,13055,M,,,13
201700052608,17,11,8,345,3,1,1,1.0,2.0,13055,M,,,13
201700052609,17,11,8,2335,5,1,1,1.0,2.0,13055,M,,,13
201700052610,17,11,8,1835,3,1,1,1.0,2.0,13001,M,,,13
201700052611,17,11,7,2045,3,1,1,1.0,6.0,13005,M,,,13
201700052612,17,10,16,1135,1,1,1,1.0,7.0,13005,M,,,13
201700052613,17,11,10,1700,2,1,1,1.0,2.0,13019,M,,,13
201700052614,17,11,7,800,1,1,1,1.0,2.0,13056,M,,,13
201700052615,17,11,10,1715,2,1,1,1.0,3.0,13070,M,,,13
201700052616,17,11,11,1745,3,1,1,1.0,4.0,13106,M,,,13
201700052617,17,11,10,1850,3,1,1,1.0,4.0,13001,M,,,13
201700052618,17,11,13,900,1,1,1,1.0,4.0,13015,M,,,13
201700052619,17,11,12,349,3,1,1,1.0,7.0,13055,M,,,13
201700052620,17,11,11,840,1,1,1,1.0,6.0,13088,M,,,13
201700052621,17,11,15,2110,3,1,1,1.0,4.0,13026,M,,,13
201700052622,17,11,16,2250,3,2,1,1.0,2.0,13055,M,,,13
201700052623,17,11,14,1215,1,1,1,1.0,6.0,13055,M,,,13
201700052624,17,11,17,1950,3,1,1,1.0,4.0,13055,M,,,13
201700052625,17,11,19,215,3,1,1,1.0,2.0,13001,M,,,13
201700052626,17,11,19,845,1,2,1,1.0,6.0,13055,M,,,13
201700052627,17,11,18,1900,3,1,4,1.0,2.0,13005,M,,,13
201700052628,17,11,7,1640,1,1,1,1.0,2.0,13055,M,4328388.0,540327.0,13
201700052629,17,11,21,1330,1,1,1,1.0,4.0,13106,M,,,13
201700052630,17,11,15,1000,1,1,1,1.0,3.0,13056,M,,,13
201700052631,17,11,22,620,3,1,1,1.0,6.0,13106,M,,,13
201700052632,17,11,22,800,2,1,1,1.0,4.0,13055,M,,,13
201700052633,17,11,22,610,3,1,1,1.0,6.0,13055,M,,,13