Num_Acc,an,mois,jour,hrmn,lum,agg,int,atm,col,com,gps,lat,long,dep
201700052634,17,11,22,1330,1,1,1,1.0,4.0,13001,M,,,13
201700052635,17,11,22,510,3,1,1,1.0,2.0,13055,M,,,13
201700052636,17,11,22,1810,3,1,1,1.0,3.0,13117,M,,,13
201700052637,17,11,23,1830,3,1,1,1.0,6.0,13055,M,,,13
201700052638,17,11,20,1600,1,1,1,1.0,4.0,13071,M,,,13
201700052639,17,11,22,530,3,1,1,1.0,6.0,13056,M,,,13
201700052640,17,11,24,730,2,1,1,1.0,3.0,13055,M,,,13
201700052641,17,11,24,2302,3,1,1,1.0,4.0,13085,M,,,13
201700052642,17,11,21,1735,3,1,1,1.0,2.0,13005,M,,,13
201700052643,17,11,17,1600,1,1,1,1.0,4.0,13055,M,,,13
201700052644,17,11,24,1929,3,1,1,1.0,2.0,13117,M,,,13
201700052645,17,11,26,30,3,1,1,1.0,2.0,13055,M,,,13
201700052646,17,11,26,1555,1,1,1,9.0,7.0,13106,M,,,13
201700052647,17,11,27,1700,2,1,1,1.0,2.0,13055,M,,,13
201700052648,17,11,27,1505,1,1,1,7.0,6.0,13055,M,,,13
201700052649,17,12,1,1005,1,2,1,2.0,5.0,13001,M,,,13
201700052650,17,12,2,1453,1,1,1,8.0,5.0,13055,M,,,13
201700052651,17,12,1,1915,3,1,1,1.0,2.0,13071,M,,,13
201700052652,17,12,2,1850,3,1,1,8.0,2.0,13001,M,,,13
201700052653,17,12,4,715,2,1,1,1.0,7.0,13005,M,,,13
201700052654,17,12,3,1200,1,1,1,1.0,4.0,13071,M,,,13
201700052655,17,12,3,1930,3,1,1,8.0,2.0,13055,M,,,13
201700052656,17,12,3,1825,3,1,1,1.0,4.0,13106,M,,,13
201700052657,17,12,6,1020,1,1,1,1.0,5.0,13071,M,,,13
201700052658,17,12,6,630,3,1,1,8.0,5.0,13015,M,,,13
201700052659,17,12,7,1525,1,1,1,1.0,6.0,13071,M,,,13
201700052660,17,12,6,920,1,1,1,1.0,2.0,13071,M,,,13
201700052661,17,12,4,830,1,1,1,1.0,2.0,13071,M,,,13
201700052662,17,12,7,1930,3,1,1,1.0,2.0,13056,M,,,13
201700052663,17,12,4,1050,1,1,1,1.0,2.0,13071,M,,,13
201700052664,17,12,8,1850,3,1,9,8.0,4.0,13055,M,,,13
201700052665,17,12,9,430,3,1,1,1.0,7.0,13117,M,,,13
201700052666,17,12,9,2000,3,1,1,1.0,4.0,13055,M,,,13
201700052667,17,12,6,930,1,1,1,1.0,2.0,13026,M,,,13
201700052668,17,12,11,445,4,1,1,3.0,2.0,13055,M,4329281.0,547599.0,13
201700052669,17,12,10,1920,3,1,1,2.0,4.0,13055,M,,,13
201700052670,17,12,13,1104,1,1,1,1.0,7.0,13055,M,,,13
201700052671,17,12,5,1805,3,1,1,1.0,3.0,13015,M,,,13
201700052672,17,12,5,1910,3,1,1,1.0,2.0,13055,M,,,13
201700052673,17,12,14,540,3,1,1,1.0,7.0,13085,M,,,13
201700052674,17,12,12,1000,1,1,1,1.0,2.0,13117,M,,,13
201700052675,17,12,15,1903,3,1,1,1.0,5.0,13055,M,,,13
201700052676,17,12,15,1230,1,1,1,1.0,5.0,13055,M,,,13
201700052677,17,12,15,1905,3,1,1,1.0,4.0,13071,M,4341331.0,536445.0,13
201700052678,17,12,16,1800,3,1,1,1.0,2.0,13055,M,,,13
201700052679,17,12,16,2045,3,1,1,1.0,6.0,13106,M,,,13
201700052680,17,12,18,715,3,1,1,1.0,2.0,13033,M,,,13
201700052681,17,12,18,1605,1,1,1,1.0,5.0,13055,M,,,13
201700052682,17,12,20,1115,1,1,1,8.0,5.0,13055,M,,,13
201700052683,17,12,21,1010,1,1,1,1.0,4.0,13070,M,,,13
201700052684,17,12,11,1915,3,1,1,1.0,3.0,13055,M,,,13
201700052685,17,12,21,1440,1,1,1,1.0,4.0,13055,M,,,13
201700052686,17,12,21,1720,3,1,1,1.0,2.0,13088,M,,,13
201700052687,17,12,21,1855,1,1,1,1.0,4.0,13055,M,,,13
201700052688,17,12,19,1815,3,1,1,1.0,4.0,13055,M,,,13
201700052689,17,12,19,1400,1,1,1,1.0,4.0,13071,M,,,13
201700052690,17,12,22,1130,1,1,1,1.0,4.0,13070,M,,,13
201700052691,17,12,22,1850,3,1,1,1.0,4.0,13071,M,,,13
201700052692,17,12,22,1815,3,1,1,1.0,4.0,13071,M,,,13
201700052693,17,12,22,1315,1,1,1,1.0,4.0,13005,M,,,13
201700052694,17,12,24,745,2,1,1,1.0,6.0,13055,M,,,13
201700052695,17,12,24,550,3,1,1,1.0,5.0,13026,M,,,13
201700052696,17,12,23,1525,1,1,1,1.0,3.0,13015,M,,,13
201700052697,17,12,24,1400,1,1,1,1.0,2.0,13070,M,,,13
201700052698,17,12,27,1745,3,1,1,1.0,4.0,13055,M,,,13
201700052699,17,12,26,1220,1,1,1,8.0,4.0,13106,M,,,13
201700052700,17,12,30,100,3,1,1,8.0,7.0,13015,M,,,13
201700052701,17,12,12,1830,3,1,1,1.0,4.0,13117,M,,,13
201700052702,17,12,21,1600,1,1,1,1.0,4.0,13005,M,,,13
201700052703,17,12,30,1250,1,2,1,1.0,6.0,13055,M,,,13
201700052704,17,12,30,1955,3,1,1,1.0,6.0,13055,M,,,13
201700052705,17,1,6,850,1,2,1,9.0,7.0,75101,M,4886140.0,234595.0,75
201700052706,17,1,7,1030,1,2,1,1.0,6.0,75101,M,4886220.0,232602.0,75
201700052707,17,1,8,320,5,2,2,1.0,3.0,75101,M,4886630.0,233864.0,75
201700052708,17,1,9,1510,1,2,2,1.0,6.0,75101,M,4886390.0,234233.0,75
201700052709,17,1,12,1715,2,2,7,2.0,7.0,75101,M,4886270.0,233736.0,75
201700052710,17,1,12,1915,5,2,7,3.0,6.0,75101,M,4886840.0,233028.0,75
201700052711,17,1,23,1000,1,2,2,1.0,6.0,75101,M,4886620.0,233547.0,75
201700052712,17,1,27,1605,1,2,2,1.0,6.0,75101,M,4886540.0,234253.0,75
201700052713,17,1,29,1510,1,2,5,1.0,3.0,75101,M,4886480.0,234508.0,75
201700052714,17,1,30,5,5,2,5,2.0,6.0,75101,M,4885850.0,234820.0,75
201700052715,17,1,30,1110,1,2,2,1.0,6.0,75101,M,4886390.0,234233.0,75
201700052716,17,1,31,1400,1,2,2,1.0,3.0,75101,M,4886590.0,232789.0,75
201700052717,17,2,2,1650,1,2,3,1.0,3.0,75101,M,4886150.0,233907.0,75
201700052718,17,2,3,1800,5,2,1,2.0,6.0,75101,M,4885520.0,234577.0,75
201700052719,17,2,3,2240,5,2,2,1.0,6.0,75101,M,4885850.0,234820.0,75
201700052720,17,2,4,1450,1,2,7,1.0,6.0,75101,M,4886270.0,233525.0,75
201700052721,17,2,6,1335,1,2,5,1.0,6.0,75101,M,4886390.0,234908.0,75
201700052722,17,2,14,2345,5,2,7,1.0,6.0,75101,M,4886220.0,233693.0,75
201700052723,17,2,15,1430,1,2,3,1.0,3.0,75101,M,4885900.0,233985.0,75
201700052724,17,2,15,1900,5,2,2,1.0,7.0,75101,M,4886270.0,233525.0,75
201700052725,17,2,16,1240,1,2,3,8.0,2.0,75101,M,4886580.0,233015.0,75
201700052726,17,2,20,730,1,2,7,2.0,3.0,75101,M,4886790.0,232983.0,75
201700052727,17,2,21,1120,1,2,3,1.0,3.0,75101,M,4886440.0,233008.0,75
201700052728,17,2,24,1655,1,2,2,1.0,6.0,75101,M,4886060.0,234934.0,75
201700052729,17,2,25,1530,1,2,2,1.0,6.0,75101,M,4886610.0,233982.0,75
201700052730,17,2,26,1235,1,2,3,1.0,4.0,75101,M,4885950.0,234513.0,75
201700052731,17,2,26,1830,5,2,5,1.0,3.0,75101,M,4885850.0,234241.0,75
201700052732,17,3,2,1500,1,2,2,1.0,4.0,75101,M,4885910.0,234641.0,75
201700052733,17,3,3,1518,1,2,1,1.0,2.0,75101,M,4886770.0,232639.0,75
201700052734,17,3,3,1940,5,2,7,1.0,6.0,75101,M,4885730.0,234679.0,75
201700052735,17,3,5,1600,1,2,1,7.0,6.0,75101,M,4886290.0,234136.0,75
201700052736,17,3,8,1115,1,2,2,1.0,6.0,75101,M,4886700.0,233586.0,75
201700052737,17,3,9,1450,1,2,1,1.0,2.0,75101,M,4886410.0,233604.0,75
201700052738,17,3,10,2310,5,2,2,1.0,6.0,75101,M,4886740.0,232619.0,75
201700052739,17,3,11,2200,5,2,5,1.0,6.0,75101,M,4885770.0,234776.0,75
201700052740,17,3,13,835,1,2,3,1.0,6.0,75101,M,4886220.0,233916.0,75
201700052741,17,3,14,1715,1,2,3,1.0,2.0,75101,M,4885920.0,233789.0,75
201700052742,17,3,16,1550,1,2,2,1.0,3.0,75101,M,4885850.0,234241.0,75
201700052743,17,3,16,1830,5,2,3,1.0,6.0,75102,M,4887090.0,234672.0,75
201700052744,17,3,20,2015,5,2,7,1.0,6.0,75101,M,4886010.0,233333.0,75
201700052745,17,3,22,1600,1,2,1,1.0,3.0,75101,M,4886420.0,233346.0,75
201700052746,17,3,24,1640,1,2,7,1.0,3.0,75104,M,4885720.0,234729.0,75
201700052747,17,3,26,630,1,2,2,1.0,3.0,75102,M,4886890.0,233667.0,75
201700052748,17,3,28,1026,1,2,2,1.0,3.0,75101,M,4886480.0,233484.0,75
201700052749,17,4,7,1500,1,2,3,1.0,3.0,75101,M,4885900.0,233985.0,75
201700052750,17,4,12,1420,1,2,2,1.0,6.0,75101,M,4886390.0,234233.0,75
201700052751,17,4,12,1700,1,2,7,1.0,6.0,75101,M,4886360.0,233466.0,75
201700052752,17,4,18,1525,1,2,3,1.0,3.0,75101,M,4886150.0,233907.0,75
201700052753,17,4,21,1130,1,2,5,1.0,6.0,75101,M,4886300.0,233950.0,75
201700052754,17,4,26,1805,1,2,3,2.0,7.0,75101,M,4886090.0,232997.0,75
201700052755,17,5,6,1250,1,2,2,2.0,2.0,75103,M,4885570.0,236848.0,75
201700052756,17,5,11,1745,1,2,1,8.0,6.0,75101,M,4885930.0,234595.0,75
201700052757,17,5,11,1940,1,2,1,2.0,6.0,75101,M,4886410.0,234246.0,75
201700052758,17,5,12,1950,1,2,7,1.0,2.0,75101,M,4885730.0,234679.0,75
201700052759,17,5,13,1305,1,2,2,1.0,6.0,75101,M,4886180.0,234430.0,75
201700052760,17,5,17,950,1,2,2,1.0,3.0,75101,M,4885770.0,234544.0,75
201700052761,17,5,17,1735,1,2,3,1.0,6.0,75101,M,4886090.0,232997.0,75
201700052762,17,5,17,2035,2,2,7,3.0,6.0,75101,M,4886010.0,233333.0,75
201700052763,17,5,18,2145,5,2,1,2.0,3.0,75101,M,4886740.0,232961.0,75
201700052764,17,5,20,1100,1,2,7,1.0,3.0,75101,M,4886380.0,233207.0,75
201700052765,17,5,22,1055,1,2,3,1.0,2.0,75101,M,4885920.0,233789.0,75
201700052766,17,5,23,1920,1,2,7,1.0,6.0,75101,M,4886580.0,234084.0,75
201700052767,17,5,24,2110,1,2,3,1.0,6.0,75101,M,4886320.0,233379.0,75
201700052768,17,5,27,1615,1,2,5,7.0,3.0,75101,M,4885880.0,234748.0,75
201700052769,17,5,27,1715,1,2,2,1.0,3.0,75101,M,4886380.0,233207.0,75
201700052770,17,5,29,1235,1,2,7,8.0,3.0,75101,M,4885870.0,234163.0,75
201700052771,17,5,30,1115,1,2,3,1.0,6.0,75101,M,4886440.0,233008.0,75
201700052772,17,5,31,925,1,2,3,1.0,3.0,75101,M,4886090.0,232997.0,75
201700052773,17,6,4,1230,1,2,2,1.0,3.0,75102,M,4886410.0,235009.0,75
201700052774,17,6,6,40,5,2,7,3.0,6.0,75101,M,4886790.0,232983.0,75
201700052775,17,6,6,2015,1,2,2,8.0,6.0,75104,M,4885120.0,236265.0,75
201700052776,17,6,7,915,1,2,1,1.0,1.0,75101,M,4885960.0,233571.0,75
201700052777,17,6,14,935,1,2,3,1.0,3.0,75101,M,4886250.0,233607.0,75
201700052778,17,6,16,1915,1,2,1,1.0,2.0,75101,M,4886310.0,232340.0,75
201700052779,17,6,17,1627,1,2,7,1.0,3.0,75101,M,4886270.0,233525.0,75
201700052780,17,6,26,1400,1,2,2,1.0,2.0,75101,M,4886530.0,234307.0,75
201700052781,17,6,25,2100,1,2,3,1.0,7.0,75101,M,4885920.0,233789.0,75
201700052782,17,6,28,1520,1,2,2,1.0,4.0,75101,M,4886300.0,234189.0,75
201700052783,17,6,28,1840,1,2,2,2.0,3.0,75101,M,4886560.0,233662.0,75
201700052784,17,6,29,1440,1,2,1,1.0,6.0,75101,M,4886710.0,233386.0,75
201700052785,17,7,1,2050,1,2,3,1.0,3.0,75101,M,4886400.0,233134.0,75
201700052786,17,7,2,1540,1,2,2,1.0,3.0,75101,M,4885790.0,234719.0,75
201700052787,17,7,2,1945,1,2,1,1.0,3.0,75101,M,4886700.0,232757.0,75
201700052788,17,7,3,1145,1,2,3,1.0,2.0,75101,M,4886320.0,233379.0,75
201700052789,17,7,4,810,1,2,2,1.0,3.0,75101,M,4886590.0,232789.0,75
201700052790,17,7,4,1215,1,2,1,1.0,2.0,75101,M,4886290.0,232383.0,75
201700052791,17,7,5,1045,1,2,3,1.0,7.0,75101,M,4886440.0,233008.0,75
201700052792,17,7,5,1315,1,2,7,1.0,3.0,75101,M,4886040.0,234057.0,75
201700052793,17,7,5,1410,1,2,7,1.0,3.0,75101,M,4886400.0,233520.0,75
201700052794,17,7,6,1025,1,2,2,1.0,1.0,75101,M,4886610.0,233982.0,75
201700052795,17,7,7,1200,1,2,1,1.0,6.0,75101,M,4886720.0,232703.0,75
201700052796,17,7,7,1335,1,2,2,1.0,6.0,75101,M,4886530.0,234307.0,75
201700052797,17,7,7,1530,1,2,3,1.0,3.0,75101,M,4886120.0,234092.0,75
201700052798,17,7,11,1352,1,2,1,1.0,6.0,75101,M,4885840.0,234199.0,75
201700052799,17,7,12,905,1,2,2,2.0,3.0,75101,M,4886380.0,233424.0,75
201700052800,17,7,15,1925,1,2,2,1.0,6.0,75101,M,4886550.0,233081.0,75
201700052801,17,7,17,1650,1,2,1,1.0,3.0,75101,M,4886470.0,232896.0,75
201700052802,17,7,21,1405,1,2,2,1.0,7.0,75101,M,4886340.0,235094.0,75
201700052803,17,7,24,1310,1,2,1,2.0,3.0,75109,M,4887400.0,234606.0,75
201700052804,17,7,27,1150,1,2,2,1.0,6.0,75102,M,4886440.0,235150.0,75
201700052805,17,7,27,2240,5,2,2,1.0,6.0,75104,M,4885770.0,234776.0,75
201700052806,17,7,31,1730,1,2,7,1.0,6.0,75101,M,4885730.0,234679.0,75
201700052807,17,8,2,1139,1,2,3,1.0,4.0,75101,M,4886530.0,232728.0,75
201700052808,17,8,3,900,1,2,2,2.0,6.0,75101,M,4886480.0,233484.0,75
201700052809,17,8,9,2330,5,2,7,2.0,2.0,75101,M,4886700.0,232901.0,75
201700052810,17,8,16,800,1,2,5,1.0,3.0,75101,M,4885850.0,234820.0,75
201700052811,17,8,16,1700,1,2,7,1.0,3.0,75101,M,4886380.0,233207.0,75
201700052812,17,8,20,715,1,2,5,1.0,2.0,75101,M,4885850.0,234241.0,75
201700052813,17,8,21,730,1,2,5,1.0,3.0,75101,M,4885770.0,234776.0,75
201700052814,17,8,22,1445,1,2,7,1.0,2.0,75101,M,4886270.0,233525.0,75
201700052815,17,8,24,1550,1,2,3,1.0,6.0,75101,M,4886460.0,232928.0,75
201700052816,17,8,29,1140,1,2,7,1.0,2.0,75101,M,4885770.0,234544.0,75
201700052817,17,8,30,2040,5,2,5,1.0,3.0,75103,M,4886200.0,236454.0,75
201700052818,17,9,4,830,1,2,3,1.0,3.0,75101,M,4886150.0,233907.0,75
201700052819,17,9,4,1955,5,2,2,1.0,3.0,75101,M,4886580.0,233359.0,75
201700052820,17,9,5,1618,1,2,2,1.0,2.0,75101,M,4886780.0,233228.0,75
201700052821,17,9,7,1600,1,2,1,1.0,3.0,75101,M,4886050.0,234442.0,75
201700052822,17,9,8,330,5,2,7,1.0,6.0,75101,M,4886650.0,232355.0,75
201700052823,17,9,8,805,1,2,2,1.0,6.0,75101,M,4885910.0,234641.0,75
201700052824,17,9,10,1310,1,2,5,1.0,2.0,75101,M,4885880.0,234748.0,75
201700052825,17,9,12,1820,1,2,2,1.0,3.0,75104,M,4885620.0,234643.0,75
201700052826,17,9,15,100,5,2,2,1.0,3.0,75103,M,4886530.0,235199.0,75
201700052827,17,9,15,845,1,2,2,1.0,6.0,75101,M,4886090.0,234079.0,75
201700052828,17,9,18,945,1,2,3,1.0,2.0,75101,M,4885900.0,233985.0,75
201700052829,17,9,19,930,1,2,3,2.0,3.0,75101,M,4886080.0,233030.0,75
201700052830,17,9,19,1825,1,2,2,1.0,3.0,75104,M,4885620.0,234643.0,75
201700052831,17,9,21,2045,5,2,3,1.0,3.0,75101,M,4885850.0,234241.0,75
201700052832,17,9,22,2315,5,2,3,1.0,6.0,75101,M,4885930.0,234565.0,75
201700052833,17,9,25,2150,5,2,2,1.0,3.0,75101,M,4885620.0,234643.0,75
201700052834,17,9,28,1145,1,2,2,1.0,2.0,75101,M,4886740.0,232619.0,75
201700052835,17,10,2,1320,1,2,4,1.0,6.0,75101,M,4886400.0,233441.0,75
201700052836,17,10,2,1700,1,2,7,8.0,6.0,75101,M,4886660.0,232856.0,75
201700052837,17,10,3,125,5,2,7,3.0,6.0,75101,M,4886660.0,232856.0,75
201700052838,17,10,3,1340,1,2,7,1.0,6.0,75101,M,4886010.0,233333.0,75
201700052839,17,10,13,1020,1,2,6,1.0,3.0,75101,M,4886700.0,232901.0,75
201700052840,17,11,2,650,5,2,2,1.0,6.0,75101,M,4886390.0,234233.0,75
201700052841,17,11,4,2020,5,2,2,1.0,6.0,75102,M,4886420.0,234759.0,75
201700052842,17,11,9,1545,1,2,5,8.0,6.0,75101,M,4886290.0,234584.0,75
201700052843,17,11,10,2300,5,2,2,1.0,3.0,75104,M,4885670.0,234891.0,75
201700052844,17,11,11,355,5,2,2,2.0,6.0,75101,M,4885880.0,234748.0,75
201700052845,17,11,11,1320,1,2,7,2.0,2.0,75101,M,4885720.0,234729.0,75
201700052846,17,11,17,1330,1,2,2,2.0,6.0,75101,M,4885720.0,234729.0,75
201700052847,17,11,20,1420,1,2,7,1.0,6.0,75101,M,4886790.0,232983.0,75
201700052848,17,11,24,1900,5,2,7,1.0,6.0,75101,M,4885730.0,234679.0,75
201700052849,17,11,24,2235,5,2,2,2.0,3.0,75101,M,4885850.0,234241.0,75
201700052850,17,11,26,342,5,2,3,1.0,6.0,75104,M,4886120.0,235345.0,75
201700052851,17,11,27,1005,1,2,3,1.0,6.0,75101,M,4886600.0,232501.0,75
201700052852,17,11,27,1730,1,2,2,2.0,6.0,75101,M,4885910.0,234641.0,75
201700052853,17,11,28,1900,5,2,2,1.0,6.0,75101,M,4886230.0,232567.0,75
201700052854,17,11,30,1250,1,2,2,1.0,6.0,75101,M,4886390.0,234233.0,75
201700052855,17,12,1,705,5,2,2,2.0,6.0,75101,M,4885790.0,234719.0,75
201700052856,17,12,1,2000,5,2,3,1.0,3.0,75101,M,4885620.0,234643.0,75
201700052857,17,12,3,200,5,2,1,9.0,4.0,75103,M,4886240.0,235409.0,75
201700052858,17,12,5,2130,5,2,3,1.0,3.0,75101,M,4886150.0,233907.0,75
201700052859,17,12,6,1945,5,2,3,1.0,2.0,75101,M,4886230.0,232567.0,75
201700052860,17,12,7,1900,5,2,2,2.0,7.0,75101,M,4885850.0,234820.0,75
201700052861,17,12,8,2130,5,2,1,2.0,7.0,75101,M,4886430.0,234707.0,75
201700052862,17,12,9,130,5,2,3,4.0,3.0,75104,M,4885340.0,236760.0,75
201700052863,17,12,10,1740,5,2,2,2.0,6.0,75101,M,4886340.0,235094.0,75
201700052864,17,12,11,820,2,2,3,2.0,4.0,75101,M,4886090.0,232997.0,75
201700052865,17,12,12,1615,2,2,3,1.0,6.0,75101,M,4886530.0,232728.0,75
201700052866,17,12,13,1920,1,2,2,3.0,3.0,75101,M,4886560.0,233662.0,75
201700052867,17,12,15,1503,1,2,2,3.0,6.0,75101,M,4885910.0,234641.0,75
201700052868,17,12,16,1314,1,2,2,1.0,3.0,75103,M,4886190.0,235689.0,75
201700052869,17,12,21,735,5,2,2,2.0,3.0,75101,M,4885850.0,234820.0,75
201700052870,17,12,23,1100,1,2,2,8.0,3.0,75101,M,4886090.0,234079.0,75
201700052871,17,12,26,1850,2,2,2,1.0,6.0,75101,M,4886200.0,235013.0,75
201700052872,17,1,4,1205,1,2,1,1.0,6.0,75102,M,4886920.0,234311.0,75
201700052873,17,1,12,2010,4,2,7,2.0,3.0,75104,M,4885120.0,236265.0,75
201700052874,17,1,14,1015,1,2,7,1.0,3.0,75104,M,4885370.0,236896.0,75
201700052875,17,1,25,1300,1,2,1,1.0,3.0,75102,M,4886900.0,233298.0,75
201700052876,17,1,26,845,1,2,3,1.0,6.0,75101,M,4885920.0,233789.0,75
201700052877,17,1,30,840,1,2,5,2.0,6.0,75102,M,4886480.0,234508.0,75
201700052878,17,1,30,1120,1,2,2,2.0,3.0,75102,M,4887070.0,234788.0,75
201700052879,17,1,31,1255,1,2,3,2.0,6.0,75102,M,4886820.0,235360.0,75
201700052880,17,2,6,1406,1,2,2,1.0,6.0,75102,M,4886630.0,234442.0,75
201700052881,17,2,6,1930,5,2,7,1.0,3.0,75102,M,4887030.0,233244.0,75
201700052882,17,2,16,1035,1,2,2,2.0,7.0,75102,M,4886700.0,235294.0,75
201700052883,17,3,2,1110,1,2,7,1.0,6.0,75109,M,4888370.0,233225.0,75
201700052884,17,3,6,1350,1,2,5,2.0,2.0,75102,M,4886680.0,234383.0,75
201700052885,17,3,14,1100,1,2,1,1.0,5.0,75102,M,4887190.0,234070.0,75
201700052886,17,3,16,2210,5,2,2,1.0,3.0,75102,M,4886840.0,234765.0,75
201700052887,17,3,16,1300,1,2,7,1.0,3.0,75102,M,4887030.0,233244.0,75
201700052888,17,3,30,1000,1,2,3,1.0,3.0,75102,M,4887100.0,234599.0,75
201700052889,17,3,30,1925,1,2,2,1.0,3.0,75102,M,4886950.0,233676.0,75
201700052890,17,4,7,229,5,2,2,1.0,6.0,75102,M,4887020.0,232993.0,75
201700052891,17,4,12,1720,1,2,2,1.0,6.0,75101,M,4886530.0,234307.0,75
201700052892,17,4,14,1015,1,2,3,1.0,2.0,75110,M,4887030.0,234953.0,75
201700052893,17,4,14,1250,1,2,1,1.0,6.0,75102,M,4886960.0,235299.0,75
201700052894,17,4,26,1150,1,2,1,1.0,6.0,75102,M,4886810.0,233186.0,75
201700052895,17,4,27,750,1,2,1,1.0,2.0,75101,M,4885890.0,234700.0,75
201700052896,17,4,27,1815,1,2,2,1.0,7.0,75102,M,4886440.0,235150.0,75
201700052897,17,5,10,2110,5,2,2,1.0,3.0,75102,M,4887150.0,234309.0,75
201700052898,17,5,13,1935,1,2,2,1.0,3.0,75102,M,4886630.0,235202.0,75
201700052899,17,5,21,2140,2,2,3,1.0,3.0,75102,M,4886700.0,235294.0,75
201700052900,17,5,27,945,1,2,2,1.0,3.0,75102,M,4886890.0,233547.0,75
201700052901,17,6,7,1300,1,2,2,1.0,6.0,75104,M,4886180.0,235086.0,75
201700052902,17,6,8,1345,1,2,2,1.0,6.0,75102,M,4886680.0,234383.0,75
201700052903,17,6,8,2110,1,2,2,1.0,3.0,75102,M,4886440.0,235150.0,75
201700052904,17,6,16,2100,2,2,2,1.0,6.0,75102,M,4886420.0,234759.0,75
201700052905,17,6,24,935,1,2,2,1.0,3.0,75103,M,4886790.0,235497.0,75
201700052906,17,6,26,1730,1,2,2,1.0,3.0,75102,M,4886990.0,234902.0,75
201700052907,17,6,29,2230,5,2,1,1.0,6.0,75102,M,4886560.0,234180.0,75
201700052908,17,7,12,1255,1,2,4,1.0,4.0,75103,M,4886410.0,235136.0,75
201700052909,17,7,24,1510,1,2,2,2.0,1.0,75102,M,4886530.0,234307.0,75
201700052910,17,7,24,1730,1,2,2,1.0,3.0,75102,M,4886950.0,233676.0,75
201700052911,17,7,26,910,1,2,4,1.0,3.0,75101,M,4886240.0,234157.0,75
201700052912,17,7,31,1800,1,2,7,1.0,3.0,75102,M,4887030.0,233244.0,75
201700052913,17,8,5,1230,1,2,3,1.0,3.0,75102,M,4887170.0,234163.0,75
201700052914,17,8,5,1540,1,2,2,1.0,3.0,75102,M,4886920.0,233864.0,75
201700052915,17,8,7,650,1,2,5,1.0,6.0,75102,M,4887110.0,233475.0,75
201700052916,17,8,8,1700,1,2,2,1.0,3.0,75102,M,4886920.0,233864.0,75
201700052917,17,8,10,740,1,2,2,1.0,6.0,75102,M,4886620.0,235251.0,75
201700052918,17,8,11,1335,1,2,3,1.0,3.0,75110,M,4886950.0,235353.0,75
201700052919,17,8,16,1700,1,2,2,1.0,6.0,75101,M,4886340.0,235094.0,75
201700052920,17,8,31,1035,1,2,1,1.0,3.0,75101,M,4886560.0,234182.0,75
201700052921,17,9,1,2210,5,2,3,3.0,3.0,75102,M,4887040.0,233685.0,75
201700052922,17,9,11,1020,1,2,2,1.0,3.0,75102,M,4886960.0,233150.0,75
201700052923,17,9,14,1225,1,2,2,1.0,6.0,75102,M,4886840.0,233028.0,75
201700052924,17,9,14,1835,1,2,5,1.0,3.0,75102,M,4886390.0,234908.0,75
201700052925,17,9,21,150,5,2,5,1.0,6.0,75102,M,4886990.0,232796.0,75
201700052926,17,9,23,1745,1,2,1,1.0,2.0,75104,M,4884750.0,236451.0,75
201700052927,17,9,30,1400,1,2,2,1.0,3.0,75102,M,4887110.0,233475.0,75
201700052928,17,10,4,1325,1,2,1,1.0,6.0,75102,M,4886980.0,233397.0,75
201700052929,17,10,4,1612,1,2,1,1.0,6.0,75102,M,4886900.0,234324.0,75
201700052930,17,10,8,1030,1,2,7,2.0,3.0,75102,M,4887030.0,233244.0,75
201700052931,17,10,9,1920,5,2,3,2.0,3.0,75109,M,4887160.0,233773.0,75
201700052932,17,10,13,1130,1,2,3,1.0,6.0,75101,M,4886270.0,233939.0,75
201700052933,17,10,13,1140,1,2,2,1.0,6.0,75102,M,4886360.0,234998.0,75
201700052934,17,10,13,2150,5,2,1,1.0,2.0,75109,M,4887180.0,234113.0,75
201700052935,17,10,18,1420,1,2,2,1.0,6.0,75102,M,4886650.0,235109.0,75
201700052936,17,10,20,1535,1,2,3,1.0,6.0,75102,M,4886580.0,235169.0,75
201700052937,17,10,26,305,5,2,7,1.0,3.0,75103,M,4886800.0,236223.0,75
201700052938,17,10,31,1800,2,2,2,1.0,3.0,75102,M,4886970.0,235262.0,75
201700052939,17,11,3,700,5,2,5,1.0,6.0,75102,M,4886780.0,234537.0,75
201700052940,17,11,9,945,1,2,5,1.0,6.0,75102,M,4886870.0,233310.0,75
201700052941,17,11,17,935,1,2,3,1.0,3.0,75102,M,4887170.0,233819.0,75
201700052942,17,11,22,1210,1,2,2,1.0,6.0,75102,M,4886520.0,235140.0,75
201700052943,17,11,23,1700,5,2,3,2.0,6.0,75102,M,4886970.0,235262.0,75
201700052944,17,11,23,1705,5,2,3,2.0,6.0,75103,M,4886760.0,235329.0,75
201700052945,17,11,23,2040,5,2,1,1.0,3.0,75104,M,4885800.0,235997.0,75
201700052946,17,11,25,2050,5,2,4,1.0,6.0,75102,M,4887200.0,233998.0,75
201700052947,17,11,29,1700,5,2,5,2.0,3.0,75102,M,4886870.0,233310.0,75
201700052948,17,11,30,2105,5,2,4,2.0,6.0,75109,M,4887660.0,234657.0,75
201700052949,17,12,5,1700,5,2,2,1.0,6.0,75102,M,4886920.0,233864.0,75
201700052950,17,12,4,1845,5,2,2,1.0,3.0,75102,M,4886870.0,233310.0,75
201700052951,17,12,14,107,5,2,1,3.0,6.0,75102,M,4886920.0,234311.0,75