Num_Acc,an,mois,jour,hrmn,lum,agg,int,atm,col,com,gps,lat,long,dep
201700052952,17,12,15,1725,5,2,2,2.0,6.0,75102,M,4886790.0,234734.0,75
201700052953,17,12,18,1220,1,2,4,1.0,6.0,75102,M,4886480.0,234538.0,75
201700052954,17,12,18,1637,2,2,2,1.0,3.0,75102,M,4886630.0,235202.0,75
201700052955,17,12,19,945,1,2,3,1.0,3.0,75102,M,4887170.0,234163.0,75
201700052956,17,12,19,1940,5,2,3,1.0,7.0,75101,M,4885870.0,234163.0,75
201700052957,17,12,27,1545,1,2,2,2.0,3.0,75102,M,4886660.0,233734.0,75
201700052958,17,1,2,1815,5,2,7,1.0,3.0,75103,M,4886730.0,236338.0,75
201700052959,17,1,4,1540,1,2,1,2.0,6.0,75103,M,4886920.0,235478.0,75
201700052960,17,1,11,2050,5,2,7,1.0,6.0,75103,M,4886800.0,236223.0,75
201700052961,17,1,12,1825,5,2,7,2.0,6.0,75101,M,4886270.0,233736.0,75
201700052962,17,1,14,1845,5,2,2,1.0,6.0,75102,M,4886620.0,235251.0,75
201700052963,17,1,17,2315,5,2,3,1.0,6.0,75101,M,4886600.0,232501.0,75
201700052964,17,1,19,930,1,2,1,1.0,3.0,75101,M,4886240.0,232529.0,75
201700052965,17,1,24,1900,5,2,2,1.0,7.0,75103,M,4886150.0,236356.0,75
201700052966,17,1,30,2000,5,2,1,2.0,2.0,75103,M,4886220.0,235930.0,75
201700052967,17,2,10,45,5,2,2,1.0,2.0,75104,M,4885600.0,235796.0,75
201700052968,17,2,17,1245,1,2,2,1.0,6.0,75103,M,4886270.0,235426.0,75
201700052969,17,2,23,2205,5,2,7,1.0,6.0,75103,M,4886730.0,236338.0,75
201700052970,17,2,25,1930,5,2,1,1.0,6.0,75103,M,4886830.0,235987.0,75
201700052971,17,2,26,520,5,2,3,1.0,6.0,75103,M,4886850.0,235883.0,75
201700052972,17,2,27,915,1,2,4,1.0,6.0,75103,M,4886530.0,236539.0,75
201700052973,17,2,28,1045,1,2,3,3.0,3.0,75103,M,4886770.0,235483.0,75
201700052974,17,3,2,2240,5,2,5,1.0,3.0,75103,M,4886550.0,235571.0,75
201700052975,17,3,15,1920,5,2,1,1.0,3.0,75103,M,4886380.0,235871.0,75
201700052976,17,3,16,1019,1,2,3,1.0,3.0,75103,M,4886820.0,235360.0,75
201700052977,17,3,20,745,1,2,5,1.0,6.0,75103,M,4886570.0,235688.0,75
201700052978,17,3,21,1500,1,2,1,1.0,3.0,75103,M,4886280.0,235362.0,75
201700052979,17,3,23,1005,1,2,2,1.0,6.0,75103,M,4886320.0,235248.0,75
201700052980,17,3,24,1015,1,2,3,8.0,7.0,75103,M,4886240.0,235740.0,75
201700052981,17,3,27,1345,1,2,7,1.0,6.0,75103,M,4886730.0,236338.0,75
201700052982,17,3,30,1350,1,2,3,1.0,6.0,75103,M,4885870.0,236279.0,75
201700052983,17,4,13,505,5,2,2,1.0,7.0,75104,M,4885440.0,235494.0,75
201700052984,17,4,17,1135,1,2,2,2.0,6.0,75103,M,4885990.0,236073.0,75
201700052985,17,4,19,715,1,2,2,1.0,3.0,75103,M,4886600.0,235376.0,75
201700052986,17,4,21,2130,5,2,2,1.0,6.0,75103,M,4886190.0,235689.0,75
201700052987,17,4,28,2100,5,2,2,1.0,6.0,75103,M,4886600.0,235376.0,75
201700052988,17,4,29,1720,1,2,1,1.0,5.0,75103,M,4886670.0,236171.0,75
201700052989,17,5,3,1445,1,2,3,2.0,6.0,75103,M,4886690.0,236220.0,75
201700052990,17,5,7,1400,1,2,3,1.0,6.0,75103,M,4886610.0,236108.0,75
201700052991,17,5,16,1320,1,2,2,1.0,3.0,75103,M,4886120.0,235819.0,75
201700052992,17,5,16,1435,1,2,3,1.0,3.0,75103,M,4886340.0,236151.0,75
201700052993,17,5,17,1715,1,2,2,1.0,1.0,75103,M,4885640.0,236428.0,75
201700052994,17,6,8,2339,5,2,2,1.0,2.0,75103,M,4886550.0,235571.0,75
201700052995,17,6,23,1715,1,2,1,1.0,6.0,75103,M,4886450.0,235703.0,75
201700052996,17,6,25,2240,4,2,1,1.0,2.0,75102,M,4886980.0,234242.0,75
201700052997,17,6,26,755,1,2,7,1.0,3.0,75103,M,4886800.0,236223.0,75
201700052998,17,7,10,1240,1,2,2,1.0,2.0,75103,M,4886620.0,235251.0,75
201700052999,17,7,12,905,1,2,2,3.0,2.0,75103,M,4886270.0,235426.0,75
201700053000,17,7,13,1400,1,2,1,1.0,4.0,75103,M,4886480.0,235171.0,75
201700053001,17,7,15,2355,3,2,2,1.0,6.0,75103,M,4886540.0,235321.0,75
201700053002,17,7,18,1450,1,2,2,1.0,6.0,75103,M,4886600.0,235376.0,75
201700053003,17,7,19,1950,1,2,1,1.0,5.0,75104,M,4885370.0,235685.0,75
201700053004,17,7,20,1805,1,2,1,1.0,3.0,75102,M,4886880.0,233068.0,75
201700053005,17,7,21,1345,1,2,3,1.0,3.0,75103,M,4886310.0,236672.0,75
201700053006,17,7,27,920,1,2,2,2.0,7.0,75111,M,4886250.0,236688.0,75
201700053007,17,8,5,520,3,2,2,2.0,6.0,75103,M,4885860.0,236780.0,75
201700053008,17,8,8,910,1,2,5,2.0,3.0,75103,M,4886900.0,235558.0,75
201700053009,17,8,10,2200,5,2,5,2.0,3.0,75103,M,4886550.0,235571.0,75
201700053010,17,8,24,850,1,2,1,1.0,3.0,75103,M,4886590.0,236505.0,75
201700053011,17,8,30,1830,1,2,3,3.0,6.0,75103,M,4886310.0,236672.0,75
201700053012,17,9,2,1548,1,2,1,1.0,6.0,75103,M,4886920.0,235478.0,75
201700053013,17,9,5,910,1,2,2,1.0,6.0,75102,M,4887010.0,233375.0,75
201700053014,17,9,7,2300,5,2,2,1.0,2.0,75103,M,4886600.0,235376.0,75
201700053015,17,9,12,1225,1,2,2,1.0,6.0,75103,M,4886610.0,235772.0,75
201700053016,17,9,18,2320,5,2,3,1.0,6.0,75104,M,4885340.0,236760.0,75
201700053017,17,9,26,1635,1,2,3,1.0,6.0,75103,M,4886500.0,235823.0,75
201700053018,17,9,29,530,5,2,2,1.0,3.0,75109,M,4887680.0,233543.0,75
201700053019,17,10,7,100,5,2,7,1.0,2.0,75102,M,4887030.0,233244.0,75
201700053020,17,10,10,1840,1,2,3,1.0,2.0,75103,M,4886530.0,236539.0,75
201700053021,17,10,22,47,5,2,3,1.0,6.0,75102,M,4886970.0,235262.0,75
201700053022,17,10,25,2340,5,2,2,1.0,6.0,75104,M,4885460.0,235514.0,75
201700053023,17,10,27,905,1,2,5,1.0,2.0,75103,M,4886550.0,235571.0,75
201700053024,17,10,27,550,5,2,5,1.0,3.0,75103,M,4886550.0,235571.0,75
201700053025,17,11,3,1630,1,2,1,1.0,6.0,75103,M,4886590.0,236505.0,75
201700053026,17,11,6,920,1,2,3,7.0,6.0,75103,M,4886330.0,236165.0,75
201700053027,17,11,7,2335,5,2,3,1.0,3.0,75104,M,4885520.0,235280.0,75
201700053028,17,11,19,1330,1,2,2,1.0,6.0,75103,M,4886120.0,235819.0,75
201700053029,17,11,29,1840,5,2,2,1.0,7.0,75102,M,4886340.0,235094.0,75
201700053030,17,11,30,1610,1,2,1,8.0,7.0,75103,M,4885640.0,236832.0,75
201700053031,17,12,4,905,1,2,3,8.0,6.0,75103,M,4886280.0,235331.0,75
201700053032,17,12,5,35,5,2,2,1.0,6.0,75104,M,4885330.0,235779.0,75
201700053033,17,12,5,1430,1,2,2,1.0,3.0,75103,M,4886620.0,235251.0,75
201700053034,17,12,11,1245,1,2,2,1.0,6.0,75104,M,4885640.0,236428.0,75
201700053035,17,12,11,1840,5,2,3,1.0,6.0,75103,M,4886310.0,236672.0,75
201700053036,17,12,12,1515,1,2,1,1.0,3.0,75103,M,4886870.0,235769.0,75
201700053037,17,12,17,1920,5,2,2,1.0,6.0,75104,M,4885850.0,235524.0,75
201700053038,17,12,30,1120,1,2,2,2.0,3.0,75103,M,4886380.0,235482.0,75
201700053039,17,1,2,1240,1,2,7,2.0,2.0,75101,M,4885730.0,234679.0,75
201700053040,17,1,7,2250,5,2,2,2.0,2.0,75104,M,4884740.0,236565.0,75
201700053041,17,1,11,620,5,2,2,2.0,6.0,75104,M,4885660.0,235680.0,75
201700053042,17,1,17,1250,1,2,5,1.0,3.0,75103,M,4886900.0,235558.0,75
201700053043,17,1,25,1930,5,2,2,1.0,3.0,75104,M,4885670.0,234891.0,75
201700053044,17,1,30,1650,1,2,1,1.0,3.0,75104,M,4885500.0,234549.0,75
201700053045,17,1,31,1050,1,2,2,2.0,6.0,75104,M,4885510.0,236163.0,75
201700053046,17,2,2,755,1,2,2,1.0,6.0,75104,M,4885290.0,235896.0,75
201700053047,17,2,4,240,5,2,2,1.0,3.0,75104,M,4885080.0,236140.0,75
201700053048,17,2,7,1115,1,2,5,1.0,6.0,75104,M,4885750.0,235141.0,75
201700053049,17,2,8,1925,2,2,5,1.0,3.0,75102,M,4886650.0,235109.0,75
201700053050,17,2,9,2345,5,2,2,1.0,2.0,75104,M,4885460.0,236271.0,75
201700053051,17,2,15,2050,5,2,1,1.0,3.0,75104,M,4885000.0,236142.0,75
201700053052,17,2,22,935,1,2,2,1.0,3.0,75104,M,4885250.0,236672.0,75
201700053053,17,2,28,30,4,2,5,1.0,6.0,75104,M,4884740.0,236565.0,75
201700053054,17,3,8,800,1,2,1,2.0,2.0,75104,M,4885510.0,235322.0,75
201700053055,17,3,9,1115,1,2,1,1.0,2.0,75104,M,4885560.0,235968.0,75
201700053056,17,3,13,935,1,2,1,1.0,3.0,75104,M,4886070.0,234941.0,75
201700053057,17,3,16,1425,1,2,1,1.0,6.0,75104,M,4885380.0,236194.0,75
201700053058,17,3,20,1605,1,2,5,1.0,6.0,75104,M,4885750.0,235141.0,75
201700053059,17,3,27,1400,1,2,1,1.0,2.0,75104,M,4884740.0,236474.0,75
201700053060,17,3,31,1545,1,2,2,1.0,3.0,75103,M,4886340.0,235094.0,75
201700053061,17,4,1,1905,1,2,5,1.0,6.0,75104,M,4885520.0,235280.0,75
201700053062,17,4,2,614,5,2,1,1.0,1.0,75104,M,4885680.0,235459.0,75
201700053063,17,4,2,2050,5,2,1,1.0,6.0,75104,M,4885790.0,235166.0,75
201700053064,17,4,5,2200,5,2,2,1.0,6.0,75104,M,4885510.0,235021.0,75
201700053065,17,4,8,40,5,2,2,1.0,3.0,75104,M,4885690.0,235380.0,75
201700053066,17,4,19,1205,1,2,2,1.0,3.0,75104,M,4885290.0,236834.0,75
201700053067,17,4,19,1820,1,2,1,1.0,3.0,75104,M,4884890.0,236635.0,75
201700053068,17,4,26,1645,1,2,3,3.0,5.0,75104,M,4884890.0,236252.0,75
201700053069,17,4,26,2020,2,2,2,1.0,6.0,75104,M,4885790.0,235785.0,75
201700053070,17,4,27,715,1,2,1,1.0,3.0,75104,M,4885810.0,235178.0,75
201700053071,17,4,29,315,5,2,3,1.0,2.0,75104,M,4885750.0,235141.0,75
201700053072,17,5,3,855,1,2,1,2.0,3.0,75104,M,4885360.0,236594.0,75
201700053073,17,5,5,1755,1,2,4,1.0,3.0,75104,M,4885220.0,236595.0,75
201700053074,17,5,10,1310,1,2,3,1.0,3.0,75104,M,4885350.0,236650.0,75
201700053075,17,5,10,1505,1,2,1,1.0,6.0,75104,M,4885770.0,235089.0,75
201700053076,17,5,12,2235,5,2,2,1.0,6.0,75104,M,4885290.0,235896.0,75
201700053077,17,5,15,1910,1,2,5,1.0,6.0,75104,M,4885850.0,234820.0,75
201700053078,17,5,16,835,1,2,7,1.0,3.0,75104,M,4885650.0,235549.0,75
201700053079,17,5,20,2240,5,2,2,1.0,2.0,75104,M,4886120.0,235345.0,75
201700053080,17,5,22,945,1,2,2,1.0,3.0,75104,M,4885620.0,234643.0,75
201700053081,17,5,25,1310,1,2,3,1.0,3.0,75104,M,4885480.0,236871.0,75
201700053082,17,5,26,2150,4,2,2,1.0,3.0,75104,M,4885670.0,234891.0,75
201700053083,17,5,29,1735,1,2,1,1.0,3.0,75104,M,4885210.0,236094.0,75
201700053084,17,6,7,1220,1,2,2,1.0,3.0,75104,M,4885250.0,236672.0,75
201700053085,17,6,7,2040,1,2,2,1.0,3.0,75104,M,4885630.0,235812.0,75
201700053086,17,6,8,1445,1,2,2,1.0,2.0,75104,M,4885620.0,234643.0,75
201700053087,17,6,8,1950,1,2,2,1.0,2.0,75104,M,4885670.0,234891.0,75
201700053088,17,6,9,1915,1,2,2,1.0,2.0,75104,M,4885670.0,234891.0,75
201700053089,17,6,11,1325,1,2,2,1.0,3.0,75104,M,4885340.0,236716.0,75
201700053090,17,6,15,1940,1,2,2,1.0,3.0,75104,M,4885570.0,234830.0,75
201700053091,17,6,16,1115,1,2,3,1.0,6.0,75104,M,4885390.0,236737.0,75
201700053092,17,6,16,2245,5,2,4,1.0,6.0,75104,M,4885150.0,236370.0,75
201700053093,17,6,22,1605,1,2,1,1.0,6.0,75104,M,4885750.0,235751.0,75
201700053094,17,6,26,705,1,2,2,1.0,6.0,75104,M,4885730.0,234922.0,75
201700053095,17,6,27,1619,1,2,1,2.0,6.0,75104,M,4885370.0,236577.0,75
201700053096,17,6,30,1205,1,2,7,1.0,6.0,75104,M,4885330.0,236846.0,75
201700053097,17,7,1,1310,1,2,1,1.0,6.0,75104,M,4885500.0,236868.0,75
201700053098,17,7,3,1810,1,2,3,1.0,2.0,75104,M,4885520.0,235280.0,75
201700053099,17,7,7,1010,1,2,2,1.0,3.0,75102,M,4886340.0,235094.0,75
201700053100,17,7,8,845,1,2,1,1.0,6.0,75104,M,4884860.0,236622.0,75
201700053101,17,7,11,1040,1,2,5,1.0,3.0,75104,M,4885440.0,235494.0,75
201700053102,17,7,13,2230,5,2,1,2.0,2.0,75104,M,4885750.0,235101.0,75
201700053103,17,7,17,1502,1,2,1,1.0,6.0,75104,M,4885360.0,235702.0,75
201700053104,17,7,28,1600,1,2,2,1.0,6.0,75104,M,4885570.0,234830.0,75
201700053105,17,7,28,1550,1,2,2,1.0,3.0,75103,M,4885720.0,236175.0,75
201700053106,17,7,29,1345,1,2,2,1.0,3.0,75104,M,4885260.0,236329.0,75
201700053107,17,8,2,255,5,2,1,1.0,1.0,75103,M,4886490.0,235989.0,75
201700053108,17,8,6,1850,1,2,5,7.0,3.0,75104,M,4885720.0,234977.0,75
201700053109,17,8,11,1318,1,2,7,1.0,3.0,75104,M,4885120.0,236265.0,75
201700053110,17,8,16,1450,1,2,1,1.0,6.0,75104,M,4885420.0,236400.0,75
201700053111,17,8,17,2135,5,2,5,2.0,6.0,75104,M,4885750.0,235141.0,75
201700053112,17,8,20,1600,1,2,7,1.0,6.0,75104,M,4885610.0,235065.0,75
201700053113,17,8,23,1740,1,2,1,1.0,3.0,75104,M,4885220.0,236083.0,75
201700053114,17,8,26,1715,1,2,1,1.0,6.0,75104,M,4885060.0,236061.0,75
201700053115,17,8,30,1315,1,2,2,1.0,3.0,75104,M,4885290.0,236834.0,75
201700053116,17,9,4,1330,1,2,2,1.0,6.0,75104,M,4885850.0,235524.0,75
201700053117,17,9,7,2015,5,2,3,1.0,6.0,75104,M,4885680.0,235104.0,75
201700053118,17,9,13,2230,5,2,7,3.0,6.0,75104,M,4885330.0,236846.0,75
201700053119,17,9,9,2200,3,2,3,1.0,2.0,75104,M,4885410.0,235573.0,75
201700053120,17,9,15,815,1,2,2,1.0,6.0,75104,M,4885630.0,235657.0,75
201700053121,17,9,16,1130,1,2,2,1.0,6.0,75104,M,4886180.0,235086.0,75
201700053122,17,9,17,1925,1,2,3,8.0,3.0,75104,M,4885520.0,235280.0,75
201700053123,17,9,21,1600,1,2,7,1.0,6.0,75104,M,4885680.0,235104.0,75
201700053124,17,9,23,515,5,2,1,1.0,6.0,75104,M,4885020.0,236698.0,75
201700053125,17,9,27,45,5,2,3,1.0,3.0,75104,M,4885550.0,236009.0,75
201700053126,17,9,27,1600,1,2,1,1.0,6.0,75104,M,4885240.0,236800.0,75
201700053127,17,9,28,1950,5,2,3,1.0,6.0,75104,M,4885520.0,235280.0,75
201700053128,17,9,29,110,5,2,2,1.0,3.0,75104,M,4884950.0,236560.0,75
201700053129,17,10,3,105,5,2,7,3.0,6.0,75104,M,4885370.0,236896.0,75
201700053130,17,10,4,1530,1,2,1,1.0,3.0,75104,M,4885370.0,236582.0,75
201700053131,17,10,9,920,1,2,7,1.0,3.0,75101,M,4886390.0,233592.0,75
201700053132,17,10,12,1855,5,2,3,1.0,6.0,75104,M,4886030.0,235292.0,75
201700053133,17,10,12,2300,5,2,1,1.0,6.0,75103,M,4886500.0,235403.0,75
201700053134,17,10,14,2030,5,2,4,1.0,3.0,75104,M,4885720.0,234977.0,75
201700053135,17,10,17,2220,5,2,3,1.0,6.0,75104,M,4885510.0,236163.0,75
201700053136,17,10,18,1900,1,2,7,1.0,3.0,75104,M,4885290.0,236834.0,75
201700053137,17,10,19,838,1,2,2,1.0,6.0,75104,M,4885440.0,234487.0,75
201700053138,17,10,21,1925,2,2,2,1.0,3.0,75104,M,4885460.0,235514.0,75
201700053139,17,10,21,1850,2,2,7,1.0,3.0,75104,M,4885330.0,236846.0,75
201700053140,17,10,26,1415,1,2,1,1.0,6.0,75104,M,4885840.0,235539.0,75
201700053141,17,10,29,1610,1,2,1,1.0,2.0,75104,M,4885610.0,234853.0,75
201700053142,17,10,30,1450,1,2,2,1.0,3.0,75104,M,4885620.0,234643.0,75
201700053143,17,11,4,1605,1,2,3,2.0,2.0,75104,M,4885040.0,236289.0,75
201700053144,17,11,9,755,2,2,2,1.0,6.0,75104,M,4885770.0,234776.0,75
201700053145,17,11,9,2040,5,2,2,1.0,3.0,75102,M,4887100.0,233417.0,75
201700053146,17,11,19,615,5,2,3,1.0,2.0,75104,M,4885990.0,235270.0,75
201700053147,17,11,20,1550,1,2,2,1.0,6.0,75104,M,4885530.0,236010.0,75
201700053148,17,11,23,1220,1,2,4,1.0,2.0,75104,M,4885750.0,235141.0,75
201700053149,17,12,2,2030,5,2,2,1.0,4.0,75104,M,4885800.0,234962.0,75
201700053150,17,12,5,645,5,2,7,1.0,3.0,75104,M,4885330.0,236846.0,75
201700053151,17,12,5,1130,1,2,3,1.0,3.0,75103,M,4886200.0,235389.0,75
201700053152,17,12,8,1210,1,2,1,1.0,6.0,75104,M,4885350.0,236646.0,75
201700053153,17,12,13,1936,5,2,2,3.0,6.0,75104,M,4885460.0,236271.0,75
201700053154,17,12,14,1820,5,2,1,1.0,6.0,75104,M,4885720.0,235266.0,75
201700053155,17,12,19,2017,5,2,2,1.0,6.0,75104,M,4885750.0,235141.0,75
201700053156,17,1,4,1645,1,2,5,2.0,6.0,75106,M,4884700.0,232692.0,75
201700053157,17,1,7,1105,1,2,7,1.0,3.0,75105,M,4885000.0,234881.0,75
201700053158,17,1,8,220,5,2,2,2.0,7.0,75105,M,4884950.0,235288.0,75
201700053159,17,1,8,530,5,2,5,2.0,3.0,75105,M,4885080.0,234548.0,75
201700053160,17,1,9,1635,2,2,4,8.0,6.0,75105,M,4884030.0,236209.0,75
201700053161,17,1,11,1845,2,2,2,1.0,6.0,75105,M,4884610.0,234295.0,75
201700053162,17,1,11,2205,5,2,3,1.0,3.0,75105,M,4884940.0,235611.0,75
201700053163,17,1,11,2255,5,2,2,1.0,3.0,75105,M,4883800.0,235582.0,75
201700053164,17,1,13,605,5,2,5,1.0,6.0,75105,M,4883680.0,235183.0,75
201700053165,17,1,15,2210,5,2,2,2.0,6.0,75105,M,4884740.0,234365.0,75
201700053166,17,1,18,1320,1,2,2,1.0,3.0,75105,M,4884080.0,235191.0,75
201700053167,17,1,18,1355,1,2,3,1.0,6.0,75105,M,4884160.0,235580.0,75
201700053168,17,1,20,1403,1,2,2,1.0,6.0,75105,M,4883990.0,236179.0,75
201700053169,17,1,21,1925,5,2,2,1.0,2.0,75105,M,4884180.0,236319.0,75
201700053170,17,1,23,1720,2,2,2,1.0,6.0,75105,M,4884680.0,234331.0,75
201700053171,17,2,4,1655,1,2,5,2.0,6.0,75105,M,4883840.0,235703.0,75
201700053172,17,2,16,1730,2,2,1,1.0,6.0,75105,M,4884680.0,234578.0,75
201700053173,17,2,20,2100,5,2,1,1.0,4.0,75105,M,4883790.0,234414.0,75
201700053174,17,2,20,2115,5,2,2,1.0,3.0,75105,M,4883760.0,234550.0,75
201700053175,17,2,22,950,1,2,2,1.0,6.0,75105,M,4885280.0,234379.0,75
201700053176,17,2,23,1510,1,2,2,2.0,6.0,75105,M,4884940.0,235682.0,75
201700053177,17,2,23,1620,1,2,1,1.0,6.0,75105,M,4883850.0,234565.0,75
201700053178,17,2,28,1150,1,2,7,1.0,2.0,75105,M,4884430.0,233915.0,75
201700053179,17,3,2,1700,1,2,1,1.0,3.0,75105,M,4884910.0,235572.0,75
201700053180,17,3,3,1510,1,2,7,1.0,6.0,75106,M,4885210.0,234008.0,75
201700053181,17,3,5,900,1,2,7,2.0,3.0,75105,M,4884270.0,235212.0,75
201700053182,17,3,9,1435,1,2,2,1.0,6.0,75105,M,4884620.0,234904.0,75
201700053183,17,3,11,1130,1,2,2,1.0,6.0,75105,M,4884940.0,234569.0,75
201700053184,17,3,15,1230,1,2,5,1.0,3.0,75105,M,4885080.0,234548.0,75
201700053185,17,3,16,1022,1,2,2,1.0,3.0,75105,M,4884260.0,234286.0,75
201700053186,17,3,17,1250,1,2,3,1.0,3.0,75105,M,4884060.0,234517.0,75
201700053187,17,3,17,1950,5,2,2,1.0,3.0,75105,M,4884960.0,234483.0,75
201700053188,17,3,20,1655,1,2,1,1.0,6.0,75105,M,4884950.0,235146.0,75
201700053189,17,3,22,1440,1,2,7,1.0,3.0,75105,M,4884570.0,235458.0,75
201700053190,17,3,24,1945,5,2,2,1.0,6.0,75105,M,4884980.0,234896.0,75
201700053191,17,3,29,2305,5,2,3,1.0,3.0,75105,M,4883900.0,235395.0,75
201700053192,17,3,30,1315,1,2,1,1.0,2.0,75105,M,4884710.0,234509.0,75
201700053193,17,3,31,1010,1,2,2,1.0,6.0,75105,M,4883800.0,235582.0,75
201700053194,17,3,31,1340,1,2,1,1.0,6.0,75105,M,4884200.0,234969.0,75
201700053195,17,3,31,1500,1,2,3,1.0,3.0,75106,M,4885180.0,234336.0,75
201700053196,17,4,2,1410,1,2,7,1.0,6.0,75105,M,4884270.0,235143.0,75
201700053197,17,4,5,1305,1,2,7,1.0,6.0,75105,M,4884690.0,234534.0,75
201700053198,17,4,6,945,1,2,1,1.0,6.0,75105,M,4885180.0,234333.0,75
201700053199,17,4,6,940,1,2,1,1.0,2.0,75105,M,4884440.0,235477.0,75
201700053200,17,4,6,1500,1,2,1,1.0,2.0,75105,M,4884360.0,233878.0,75
201700053201,17,4,8,1,5,2,5,1.0,3.0,75105,M,4884660.0,235159.0,75
201700053202,17,4,8,223,5,2,2,1.0,6.0,75105,M,4884960.0,234483.0,75
201700053203,17,4,8,2100,5,2,1,1.0,6.0,75105,M,4883940.0,235545.0,75
201700053204,17,4,9,1140,1,2,2,1.0,6.0,75105,M,4884950.0,235439.0,75
201700053205,17,4,12,1813,1,2,2,1.0,6.0,75105,M,4885280.0,234661.0,75
201700053206,17,4,14,1630,1,2,2,1.0,6.0,75105,M,4884260.0,234286.0,75
201700053207,17,4,20,1935,1,2,3,1.0,6.0,75105,M,4883890.0,235857.0,75
201700053208,17,4,26,950,1,2,4,1.0,6.0,75105,M,4883990.0,236179.0,75
201700053209,17,4,28,1035,1,2,2,1.0,3.0,75105,M,4884220.0,235263.0,75
201700053210,17,5,1,1710,1,2,3,1.0,3.0,75105,M,4885130.0,234349.0,75
201700053211,17,5,1,2245,5,2,1,1.0,6.0,75105,M,4884100.0,236257.0,75
201700053212,17,5,2,120,5,2,2,1.0,6.0,75105,M,4885310.0,234680.0,75
201700053213,17,5,3,1755,1,2,3,2.0,2.0,75105,M,4885040.0,235354.0,75
201700053214,17,5,5,800,1,2,7,1.0,3.0,75105,M,4885310.0,234680.0,75
201700053215,17,5,11,2300,5,2,7,8.0,3.0,75105,M,4884810.0,235040.0,75
201700053216,17,5,14,1640,1,2,7,1.0,7.0,75105,M,4884880.0,234172.0,75
201700053217,17,5,17,1010,1,2,1,1.0,3.0,75105,M,4884850.0,235489.0,75
201700053218,17,5,18,1717,1,2,4,1.0,3.0,75105,M,4884470.0,235471.0,75
201700053219,17,5,22,1720,1,2,3,1.0,2.0,75105,M,4885060.0,234641.0,75
201700053220,17,5,25,2120,1,2,2,1.0,3.0,75105,M,4884890.0,234743.0,75
201700053221,17,5,30,1245,1,2,7,1.0,2.0,75105,M,4885380.0,234427.0,75
201700053222,17,5,31,840,1,2,2,1.0,3.0,75105,M,4884960.0,234483.0,75
201700053223,17,6,1,920,1,2,2,1.0,6.0,75105,M,4884340.0,234152.0,75
201700053224,17,6,2,1015,1,2,1,1.0,3.0,75105,M,4884080.0,234461.0,75
201700053225,17,6,2,1120,1,2,3,1.0,6.0,75105,M,4885030.0,234756.0,75
201700053226,17,6,2,1000,1,2,3,1.0,7.0,75105,M,4885320.0,234621.0,75
201700053227,17,6,6,245,5,2,3,2.0,6.0,75105,M,4884250.0,233818.0,75
201700053228,17,6,8,1050,1,2,1,1.0,5.0,75105,M,4884630.0,235453.0,75
201700053229,17,6,10,1740,1,2,7,1.0,6.0,75105,M,4884680.0,236095.0,75
201700053230,17,6,13,1825,1,2,3,1.0,6.0,75105,M,4884980.0,234944.0,75
201700053231,17,6,14,2355,5,2,5,1.0,3.0,75105,M,4885380.0,234427.0,75
201700053232,17,6,15,920,1,2,5,1.0,6.0,75105,M,4883840.0,235703.0,75
201700053233,17,6,17,910,1,2,7,1.0,6.0,75105,M,4884740.0,234082.0,75
201700053234,17,6,17,2340,5,2,4,1.0,3.0,75105,M,4884840.0,234142.0,75
201700053235,17,6,18,1950,1,2,5,1.0,2.0,75105,M,4884660.0,235159.0,75
201700053236,17,6,22,1250,1,2,3,1.0,2.0,75105,M,4884680.0,236095.0,75
201700053237,17,6,23,845,1,2,1,1.0,3.0,75105,M,4883790.0,234414.0,75
201700053238,17,6,24,314,5,2,2,1.0,3.0,75105,M,4884660.0,235159.0,75
201700053239,17,6,24,1732,1,2,7,1.0,6.0,75105,M,4884430.0,236496.0,75
201700053240,17,6,27,1130,1,2,2,1.0,6.0,75105,M,4884950.0,235439.0,75
201700053241,17,7,2,705,1,2,7,2.0,3.0,75105,M,4885380.0,234427.0,75
201700053242,17,7,4,1300,1,2,2,1.0,3.0,75105,M,4883990.0,236179.0,75
201700053243,17,7,6,1100,1,2,5,1.0,3.0,75105,M,4885040.0,234267.0,75
201700053244,17,7,8,1500,1,2,2,1.0,3.0,75105,M,4884890.0,234743.0,75
201700053245,17,7,10,1710,1,2,5,1.0,3.0,75105,M,4885080.0,234548.0,75
201700053246,17,7,10,1930,1,2,1,1.0,2.0,75105,M,4884430.0,235480.0,75
201700053247,17,7,11,1840,1,2,4,1.0,3.0,75105,M,4884310.0,234260.0,75
201700053248,17,7,11,2355,5,2,2,8.0,6.0,75105,M,4885000.0,235486.0,75
201700053249,17,7,17,1045,1,2,3,1.0,3.0,75105,M,4884740.0,235315.0,75
201700053250,17,7,19,1340,1,2,1,1.0,6.0,75105,M,4884500.0,236366.0,75
201700053251,17,7,20,2140,2,2,7,1.0,3.0,75105,M,4884680.0,236095.0,75
201700053252,17,7,21,2044,1,2,2,1.0,3.0,75105,M,4884910.0,234661.0,75
201700053253,17,7,27,1035,1,2,1,1.0,3.0,75105,M,4884830.0,235869.0,75