Num_Acc,an,mois,jour,hrmn,lum,agg,int,atm,col,com,gps,lat,long,dep
201700053254,17,7,30,20,5,2,2,1.0,3.0,75105,M,4885110.0,235127.0,75
201700053255,17,8,1,1720,1,2,2,1.0,3.0,75105,M,4885140.0,234314.0,75
201700053256,17,8,5,455,5,2,7,2.0,3.0,75105,M,4884430.0,233915.0,75
201700053257,17,8,7,1000,1,2,3,1.0,3.0,75105,M,4885270.0,234762.0,75
201700053258,17,8,10,600,1,2,7,1.0,3.0,75105,M,4885380.0,234427.0,75
201700053259,17,8,21,1400,1,2,5,1.0,3.0,75105,M,4883940.0,233755.0,75
201700053260,17,8,24,1100,1,2,5,1.0,7.0,75105,M,4883840.0,235068.0,75
201700053261,17,8,24,1855,1,2,1,1.0,6.0,75105,M,4884230.0,234299.0,75
201700053262,17,8,26,1155,1,2,3,1.0,4.0,75105,M,4884680.0,236095.0,75
201700053263,17,8,30,1845,1,2,1,2.0,2.0,75105,M,4884950.0,234215.0,75
201700053264,17,8,31,1855,1,2,1,8.0,3.0,75105,M,4883930.0,235978.0,75
201700053265,17,9,1,525,5,2,2,1.0,6.0,75105,M,4885140.0,234314.0,75
201700053266,17,9,6,618,5,2,7,1.0,6.0,75105,M,4884270.0,235212.0,75
201700053267,17,9,12,1200,1,2,5,1.0,3.0,75105,M,4883680.0,235183.0,75
201700053268,17,9,14,1525,1,2,3,1.0,2.0,75105,M,4885040.0,235354.0,75
201700053269,17,9,16,1500,1,2,2,1.0,2.0,75105,M,4884710.0,234195.0,75
201700053270,17,9,19,930,1,2,7,2.0,7.0,75105,M,4884370.0,236457.0,75
201700053271,17,9,22,1125,1,2,2,1.0,6.0,75105,M,4883840.0,235703.0,75
201700053272,17,9,25,1100,1,2,3,1.0,6.0,75105,M,4885040.0,235354.0,75
201700053273,17,10,2,1950,5,2,2,1.0,3.0,75105,M,4885140.0,234314.0,75
201700053274,17,10,3,1920,2,2,2,1.0,3.0,75105,M,4885140.0,234314.0,75
201700053275,17,10,4,1052,1,2,6,1.0,6.0,75105,M,4885380.0,234427.0,75
201700053276,17,10,5,510,5,2,3,1.0,1.0,75105,M,4884680.0,236095.0,75
201700053277,17,10,5,1215,1,2,2,1.0,3.0,75105,M,4884030.0,234595.0,75
201700053278,17,10,10,1725,1,2,2,1.0,6.0,75105,M,4884960.0,235032.0,75
201700053279,17,10,10,1700,1,2,2,1.0,6.0,75105,M,4884390.0,233896.0,75
201700053280,17,10,14,2134,5,2,1,1.0,7.0,75105,M,4884930.0,234325.0,75
201700053281,17,10,20,200,5,2,4,1.0,6.0,75105,M,4884310.0,234260.0,75
201700053282,17,10,20,1924,5,2,5,1.0,3.0,75105,M,4885080.0,234548.0,75
201700053283,17,10,22,1,5,2,2,1.0,3.0,75105,M,4884940.0,235611.0,75
201700053284,17,10,24,750,5,2,2,2.0,3.0,75105,M,4883970.0,233671.0,75
201700053285,17,10,24,1550,1,2,2,1.0,2.0,75105,M,4884940.0,235682.0,75
201700053286,17,10,23,2040,5,2,4,2.0,3.0,75105,M,4884940.0,235611.0,75
201700053287,17,10,25,755,2,2,3,8.0,2.0,75105,M,4884940.0,235611.0,75
201700053288,17,10,26,1938,3,2,2,1.0,6.0,75105,M,4884430.0,234200.0,75
201700053289,17,11,2,1150,1,2,1,1.0,6.0,75105,M,4885000.0,234243.0,75
201700053290,17,11,6,1115,1,2,3,1.0,5.0,75105,M,4885140.0,235039.0,75
201700053291,17,11,17,1732,5,2,4,1.0,6.0,75105,M,4885170.0,234772.0,75
201700053292,17,11,18,259,5,2,2,1.0,3.0,75105,M,4884940.0,235682.0,75
201700053293,17,11,24,1015,1,2,2,2.0,6.0,75105,M,4884990.0,234360.0,75
201700053294,17,11,25,1425,1,2,7,1.0,6.0,75105,M,4884090.0,234098.0,75
201700053295,17,11,25,1730,5,2,1,1.0,2.0,75105,M,4884530.0,235205.0,75
201700053296,17,11,28,1820,5,2,2,1.0,3.0,75105,M,4884810.0,235040.0,75
201700053297,17,12,5,1912,5,2,7,1.0,3.0,75105,M,4885310.0,234680.0,75
201700053298,17,12,5,1910,5,2,2,1.0,2.0,75105,M,4884960.0,235032.0,75
201700053299,17,12,11,820,4,2,1,2.0,6.0,75105,M,4883790.0,234414.0,75
201700053300,17,12,15,1625,2,2,2,2.0,2.0,75105,M,4884960.0,235032.0,75
201700053301,17,12,16,20,5,2,2,2.0,3.0,75105,M,4884740.0,235315.0,75
201700053302,17,12,29,220,5,2,2,1.0,6.0,75105,M,4884650.0,234724.0,75
201700053303,17,1,2,1040,1,2,1,2.0,3.0,75106,M,4884490.0,232092.0,75
201700053304,17,1,9,1835,5,2,5,2.0,6.0,75106,M,4885000.0,232713.0,75
201700053305,17,1,10,925,1,2,3,1.0,3.0,75106,M,4884950.0,233269.0,75
201700053306,17,1,14,140,5,2,3,1.0,6.0,75106,M,4885290.0,233505.0,75
201700053307,17,1,17,1330,1,2,1,1.0,2.0,75106,M,4884170.0,233059.0,75
201700053308,17,1,18,1330,1,2,3,1.0,6.0,75106,M,4884870.0,233263.0,75
201700053309,17,1,18,2350,5,2,2,1.0,3.0,75106,M,4884250.0,233634.0,75
201700053310,17,1,27,830,1,2,2,1.0,6.0,75106,M,4884900.0,232871.0,75
201700053311,17,1,27,2304,5,2,2,1.0,3.0,75106,M,4885180.0,233702.0,75
201700053312,17,2,14,1440,1,2,5,1.0,3.0,75106,M,4885450.0,233044.0,75
201700053313,17,2,15,1515,1,2,4,1.0,3.0,75106,M,4885030.0,232987.0,75
201700053314,17,2,17,1650,1,2,7,1.0,6.0,75106,M,4885250.0,233881.0,75
201700053315,17,2,18,1600,1,2,3,1.0,6.0,75106,M,4884990.0,232801.0,75
201700053316,17,2,21,845,1,2,3,1.0,6.0,75106,M,4885430.0,234057.0,75
201700053317,17,2,21,1700,1,2,1,1.0,6.0,75106,M,4884890.0,232147.0,75
201700053318,17,2,23,1305,1,2,7,1.0,6.0,75106,M,4885060.0,233382.0,75
201700053319,17,2,23,1415,1,2,1,1.0,6.0,75106,M,4884970.0,234224.0,75
201700053320,17,2,25,315,5,2,5,1.0,3.0,75105,M,4885040.0,234267.0,75
201700053321,17,2,25,1540,1,2,2,1.0,6.0,75106,M,4884900.0,232871.0,75
201700053322,17,2,28,830,1,2,1,8.0,3.0,75106,M,4885140.0,233648.0,75
201700053323,17,3,1,2115,5,2,3,2.0,6.0,75106,M,4884240.0,232834.0,75
201700053324,17,3,2,2130,5,2,2,1.0,3.0,75106,M,4883970.0,233671.0,75
201700053325,17,3,3,2030,5,2,1,1.0,3.0,75106,M,4885190.0,232916.0,75
201700053326,17,3,12,1715,1,2,1,1.0,6.0,75106,M,4884360.0,232468.0,75
201700053327,17,3,14,2010,5,2,1,1.0,6.0,75106,M,4884420.0,232289.0,75
201700053328,17,3,16,1330,1,2,1,1.0,6.0,75106,M,4885110.0,234301.0,75
201700053329,17,3,16,2030,5,2,1,1.0,7.0,75106,M,4885580.0,234015.0,75
201700053330,17,3,24,2015,5,2,1,1.0,3.0,75106,M,4884430.0,232268.0,75
201700053331,17,3,25,1800,1,2,5,1.0,6.0,75106,M,4884810.0,232791.0,75
201700053332,17,3,30,1210,1,2,3,7.0,7.0,75106,M,4885460.0,234251.0,75
201700053333,17,4,3,1805,1,2,3,3.0,3.0,75106,M,4884900.0,233409.0,75
201700053334,17,4,4,2320,5,2,5,1.0,6.0,75106,M,4885210.0,232976.0,75
201700053335,17,4,7,245,5,2,2,1.0,3.0,75106,M,4885280.0,234379.0,75
201700053336,17,4,8,1530,1,2,5,1.0,3.0,75106,M,4884670.0,232829.0,75
201700053337,17,4,13,1155,1,2,1,1.0,4.0,75106,M,4885280.0,233216.0,75
201700053338,17,4,13,1510,1,2,3,1.0,6.0,75106,M,4885030.0,233266.0,75
201700053339,17,4,20,1110,1,2,1,1.0,2.0,75106,M,4884520.0,233209.0,75
201700053340,17,4,20,1025,1,2,3,1.0,6.0,75106,M,4885460.0,234251.0,75
201700053341,17,4,22,1100,1,2,5,1.0,6.0,75106,M,4885040.0,234267.0,75
201700053342,17,4,22,1800,1,2,1,1.0,2.0,75106,M,4884660.0,232099.0,75
201700053343,17,4,28,933,1,2,1,1.0,3.0,75106,M,4885580.0,233411.0,75
201700053344,17,5,2,805,1,2,2,1.0,3.0,75106,M,4885030.0,233179.0,75
201700053345,17,5,6,1220,1,2,1,2.0,2.0,75106,M,4884480.0,232478.0,75
201700053346,17,5,8,1145,1,2,2,1.0,3.0,75106,M,4885150.0,233704.0,75
201700053347,17,5,10,1525,1,2,7,1.0,6.0,75106,M,4885070.0,232714.0,75
201700053348,17,5,11,2310,5,2,2,8.0,6.0,75106,M,4884880.0,234172.0,75
201700053349,17,5,12,1055,1,2,3,1.0,6.0,75106,M,4885290.0,233505.0,75
201700053350,17,5,14,1800,1,2,7,1.0,6.0,75106,M,4884200.0,232960.0,75
201700053351,17,5,18,1200,1,2,1,1.0,3.0,75106,M,4885520.0,233483.0,75
201700053352,17,5,23,2220,5,2,2,1.0,3.0,75106,M,4885450.0,233361.0,75
201700053353,17,5,24,1432,1,2,7,1.0,6.0,75106,M,4885380.0,234427.0,75
201700053354,17,5,25,120,5,2,2,1.0,2.0,75106,M,4885280.0,234379.0,75
201700053355,17,5,27,1825,1,2,2,1.0,6.0,75106,M,4884550.0,231913.0,75
201700053356,17,5,29,1330,1,2,5,1.0,6.0,75106,M,4884700.0,232692.0,75
201700053357,17,6,1,1638,1,2,1,1.0,6.0,75106,M,4884220.0,232898.0,75
201700053358,17,6,2,2150,5,2,1,1.0,3.0,75106,M,4884720.0,232710.0,75
201700053359,17,6,8,2055,1,2,5,1.0,3.0,75106,M,4884510.0,232016.0,75
201700053360,17,6,9,1130,1,2,3,1.0,3.0,75106,M,4884990.0,232801.0,75
201700053361,17,6,10,2123,1,2,3,1.0,3.0,75106,M,4885390.0,233268.0,75
201700053362,17,6,11,945,1,2,3,1.0,6.0,75106,M,4885190.0,233454.0,75
201700053363,17,6,11,1820,1,2,5,1.0,3.0,75106,M,4885240.0,233182.0,75
201700053364,17,6,12,1245,1,2,3,1.0,6.0,75106,M,4884810.0,232496.0,75
201700053365,17,6,14,1645,1,2,2,1.0,6.0,75106,M,4884250.0,233744.0,75
201700053366,17,6,20,1308,1,2,2,1.0,3.0,75106,M,4885210.0,234008.0,75
201700053367,17,6,23,150,5,2,3,1.0,3.0,75106,M,4885770.0,233536.0,75
201700053368,17,7,9,130,5,2,7,1.0,6.0,75106,M,4885250.0,233881.0,75
201700053369,17,7,10,1925,1,2,2,2.0,3.0,75106,M,4884260.0,233459.0,75
201700053370,17,7,18,315,5,2,1,1.0,6.0,75106,M,4884800.0,233980.0,75
201700053371,17,7,19,855,1,2,2,1.0,6.0,75106,M,4884430.0,232879.0,75
201700053372,17,7,24,1210,1,2,7,1.0,3.0,75106,M,4884910.0,233900.0,75
201700053373,17,7,27,1915,1,2,5,1.0,6.0,75106,M,4885240.0,233182.0,75
201700053374,17,7,29,1255,1,2,4,1.0,6.0,75106,M,4885420.0,233890.0,75
201700053375,17,7,30,1310,1,2,7,1.0,6.0,75106,M,4885380.0,233323.0,75
201700053376,17,8,3,2330,5,2,2,1.0,3.0,75106,M,4885140.0,234314.0,75
201700053377,17,8,5,1310,1,2,3,1.0,3.0,75106,M,4884930.0,233781.0,75
201700053378,17,8,7,1635,1,2,5,1.0,6.0,75106,M,4885240.0,233182.0,75
201700053379,17,8,14,2040,2,2,2,1.0,3.0,75106,M,4884400.0,233062.0,75
201700053380,17,8,28,2130,5,2,2,1.0,3.0,75106,M,4884740.0,232811.0,75
201700053381,17,8,29,1045,1,2,3,1.0,6.0,75106,M,4885340.0,234146.0,75
201700053382,17,8,31,1630,1,2,2,1.0,6.0,75106,M,4884900.0,232537.0,75
201700053383,17,9,5,830,1,2,2,1.0,3.0,75106,M,4884510.0,232016.0,75
201700053384,17,9,4,2105,5,2,1,1.0,2.0,75106,M,4884720.0,232817.0,75
201700053385,17,9,8,2230,5,2,5,2.0,6.0,75106,M,4884310.0,232933.0,75
201700053386,17,9,9,1600,1,2,2,2.0,2.0,75106,M,4884150.0,233121.0,75
201700053387,17,9,10,100,5,2,5,1.0,6.0,75106,M,4884740.0,232811.0,75
201700053388,17,9,18,1820,1,2,2,1.0,3.0,75106,M,4885290.0,233697.0,75
201700053389,17,9,21,825,1,2,5,1.0,3.0,75106,M,4884800.0,232774.0,75
201700053390,17,9,21,2250,5,2,2,1.0,3.0,75106,M,4885270.0,233770.0,75
201700053391,17,9,24,1255,1,2,2,1.0,6.0,75106,M,4884920.0,233840.0,75
201700053392,17,9,25,1520,1,2,3,1.0,6.0,75106,M,4885290.0,234068.0,75
201700053393,17,9,26,1150,1,2,2,1.0,3.0,75106,M,4884620.0,232416.0,75
201700053394,17,10,10,1115,1,2,1,1.0,6.0,75106,M,4885490.0,233563.0,75
201700053395,17,10,15,1800,1,2,1,1.0,2.0,75106,M,4884990.0,232957.0,75
201700053396,17,10,15,2245,5,2,2,1.0,3.0,75106,M,4884740.0,232811.0,75
201700053397,17,10,18,822,2,2,3,1.0,6.0,75106,M,4884870.0,233263.0,75
201700053398,17,10,19,1805,1,2,2,1.0,3.0,75106,M,4885210.0,234008.0,75
201700053399,17,10,20,1625,1,2,2,1.0,3.0,75106,M,4884200.0,232960.0,75
201700053400,17,10,21,935,1,2,4,2.0,3.0,75106,M,4884450.0,232444.0,75
201700053401,17,10,25,1215,1,2,4,1.0,3.0,75106,M,4885170.0,232787.0,75
201700053402,17,10,25,1245,1,2,2,1.0,3.0,75106,M,4885030.0,233079.0,75
201700053403,17,10,25,2250,5,2,2,1.0,3.0,75106,M,4884990.0,233997.0,75
201700053404,17,10,26,945,1,2,5,1.0,6.0,75106,M,4885240.0,234178.0,75
201700053405,17,11,3,855,1,2,1,1.0,6.0,75106,M,4884770.0,232901.0,75
201700053406,17,11,5,1300,1,2,1,1.0,3.0,75106,M,4884940.0,232914.0,75
201700053407,17,11,7,2300,5,2,3,1.0,6.0,75106,M,4885430.0,234317.0,75
201700053408,17,11,9,1615,1,2,2,1.0,3.0,75106,M,4885380.0,233323.0,75
201700053409,17,11,10,30,5,2,2,2.0,3.0,75106,M,4883970.0,233671.0,75
201700053410,17,11,10,845,1,2,3,1.0,6.0,75106,M,4884150.0,233121.0,75
201700053411,17,11,10,1745,5,2,1,1.0,6.0,75106,M,4884510.0,232509.0,75
201700053412,17,11,11,215,5,2,3,1.0,3.0,75105,M,4884250.0,233818.0,75
201700053413,17,11,13,524,5,2,1,1.0,6.0,75106,M,4885760.0,233753.0,75
201700053414,17,11,14,1755,2,2,2,1.0,2.0,75106,M,4884840.0,233164.0,75
201700053415,17,11,15,1055,1,2,2,8.0,6.0,75106,M,4884900.0,232537.0,75
201700053416,17,11,17,2343,5,2,3,1.0,3.0,75106,M,4885770.0,233536.0,75
201700053417,17,11,19,1815,5,2,1,1.0,3.0,75106,M,4885260.0,233833.0,75
201700053418,17,11,20,650,5,2,3,1.0,6.0,75106,M,4884610.0,232362.0,75
201700053419,17,11,21,46,5,2,3,1.0,6.0,75106,M,4884240.0,232834.0,75
201700053420,17,11,22,1830,5,2,2,1.0,3.0,75106,M,4885250.0,233881.0,75
201700053421,17,11,23,922,1,2,3,1.0,6.0,75106,M,4884610.0,231784.0,75
201700053422,17,11,24,1850,5,2,1,1.0,6.0,75106,M,4884080.0,233336.0,75
201700053423,17,11,25,1015,1,2,2,1.0,3.0,75105,M,4884260.0,234286.0,75
201700053424,17,11,27,1655,5,2,7,2.0,3.0,75106,M,4885070.0,232714.0,75
201700053425,17,11,28,840,1,2,2,2.0,3.0,75106,M,4884730.0,232791.0,75
201700053426,17,11,30,1340,1,2,2,4.0,6.0,75106,M,4884310.0,232635.0,75
201700053427,17,12,1,1355,1,2,2,2.0,6.0,75106,M,4885450.0,233044.0,75
201700053428,17,12,1,2045,5,2,1,1.0,2.0,75106,M,4885760.0,233753.0,75
201700053429,17,12,6,937,1,2,2,1.0,3.0,75106,M,4884450.0,232897.0,75
201700053430,17,12,9,1340,1,2,7,1.0,3.0,75106,M,4884360.0,232458.0,75
201700053431,17,12,9,2030,5,2,2,1.0,3.0,75106,M,4884390.0,233896.0,75
201700053432,17,12,9,2320,5,2,5,1.0,6.0,75106,M,4884200.0,232960.0,75
201700053433,17,12,13,2250,5,2,2,2.0,6.0,75106,M,4884800.0,232774.0,75
201700053434,17,12,15,1430,1,2,3,1.0,6.0,75106,M,4885380.0,234427.0,75
201700053435,17,12,15,2045,5,2,3,1.0,2.0,75106,M,4885530.0,234155.0,75
201700053436,17,12,20,920,1,2,2,1.0,4.0,75106,M,4884200.0,232960.0,75
201700053437,17,12,26,1234,1,2,3,1.0,2.0,75106,M,4885430.0,234317.0,75
201700053438,17,1,4,1748,5,2,1,2.0,6.0,75107,M,4886120.0,229629.0,75
201700053439,17,1,5,1110,1,2,1,1.0,7.0,75107,M,4885560.0,232525.0,75
201700053440,17,1,6,2340,5,2,1,1.0,3.0,75107,M,4886320.0,231947.0,75
201700053441,17,1,12,2300,5,2,2,6.0,6.0,75107,M,4886000.0,231479.0,75
201700053442,17,1,16,1945,5,2,3,1.0,6.0,75107,M,4885540.0,230370.0,75
201700053443,17,1,18,2125,5,2,1,1.0,2.0,75107,M,4885500.0,230663.0,75
201700053444,17,1,19,1615,1,2,3,1.0,3.0,75107,M,4885570.0,232339.0,75
201700053445,17,1,22,1215,1,2,2,1.0,3.0,75107,M,4885990.0,231015.0,75
201700053446,17,1,22,1740,5,2,1,1.0,6.0,75107,M,4886110.0,231260.0,75
201700053447,17,1,28,2220,5,2,2,1.0,6.0,75107,M,4885270.0,230855.0,75
201700053448,17,2,2,1830,2,2,7,2.0,3.0,75107,M,4885900.0,232263.0,75
201700053449,17,2,2,1945,5,2,1,1.0,6.0,75107,M,4885630.0,232180.0,75
201700053450,17,2,3,805,1,2,3,1.0,6.0,75107,M,4885850.0,230239.0,75
201700053451,17,2,4,810,2,2,7,3.0,2.0,75107,M,4885330.0,231298.0,75
201700053452,17,2,11,50,5,2,4,1.0,3.0,75107,M,4885770.0,232383.0,75
201700053453,17,2,16,1235,1,2,3,1.0,3.0,75107,M,4884830.0,231576.0,75
201700053454,17,2,20,1935,5,2,2,2.0,6.0,75107,M,4886110.0,231318.0,75
201700053455,17,2,27,930,1,2,5,1.0,3.0,75107,M,4885670.0,232710.0,75
201700053456,17,2,28,1850,5,2,1,1.0,3.0,75107,M,4885810.0,231766.0,75
201700053457,17,3,1,955,1,2,1,2.0,6.0,75107,M,4885020.0,231465.0,75
201700053458,17,3,2,1440,1,2,3,1.0,3.0,75107,M,4886060.0,229553.0,75
201700053459,17,3,3,945,1,2,3,1.0,2.0,75107,M,4885810.0,232347.0,75
201700053460,17,3,9,1640,1,2,2,1.0,3.0,75107,M,4886110.0,231318.0,75
201700053461,17,3,10,110,5,2,2,1.0,3.0,75107,M,4884770.0,231333.0,75
201700053462,17,3,10,2050,5,2,1,1.0,7.0,75105,M,4884200.0,235909.0,75
201700053463,17,3,11,1045,1,2,1,1.0,6.0,75107,M,4885660.0,233087.0,75
201700053464,17,3,13,1955,5,2,7,1.0,3.0,75107,M,4885860.0,231294.0,75
201700053465,17,3,17,1920,5,2,5,1.0,3.0,75107,M,4886270.0,231902.0,75
201700053466,17,3,18,1845,2,2,3,1.0,3.0,75107,M,4885420.0,231963.0,75
201700053467,17,3,21,1556,1,2,1,1.0,3.0,75107,M,4885590.0,229349.0,75
201700053468,17,3,22,1550,1,2,4,1.0,3.0,75107,M,4885420.0,230628.0,75
201700053469,17,4,2,1130,1,2,5,1.0,3.0,75107,M,4885160.0,231252.0,75
201700053470,17,4,6,1910,1,2,1,1.0,3.0,75107,M,4886290.0,231689.0,75
201700053471,17,4,7,1940,1,2,1,1.0,3.0,75107,M,4886270.0,231867.0,75
201700053472,17,4,8,935,1,2,1,1.0,7.0,75107,M,4886160.0,229734.0,75
201700053473,17,4,8,2110,5,2,2,1.0,3.0,75107,M,4884940.0,230371.0,75
201700053474,17,4,9,750,1,2,1,1.0,6.0,75107,M,4886260.0,231061.0,75
201700053475,17,4,13,1010,1,2,2,1.0,3.0,75107,M,4885270.0,230855.0,75
201700053476,17,4,14,1030,1,2,7,1.0,3.0,75107,M,4886240.0,230151.0,75
201700053477,17,4,14,1040,1,2,2,1.0,3.0,75107,M,4885220.0,229928.0,75
201700053478,17,4,14,1415,1,2,1,1.0,6.0,75107,M,4885130.0,232499.0,75
201700053479,17,4,15,15,5,2,7,1.0,6.0,75107,M,4886240.0,230201.0,75
201700053480,17,4,20,1444,1,2,3,1.0,3.0,75107,M,4885580.0,230301.0,75
201700053481,17,4,25,1445,1,2,1,8.0,1.0,75107,M,4886220.0,231207.0,75
201700053482,17,4,28,150,5,2,5,1.0,6.0,75107,M,4886290.0,231342.0,75
201700053483,17,4,30,2100,5,2,5,3.0,3.0,75107,M,4886270.0,231902.0,75
201700053484,17,5,1,1540,1,2,2,1.0,3.0,75107,M,4885270.0,230855.0,75
201700053485,17,5,2,2136,5,2,2,1.0,6.0,75108,M,4886400.0,231999.0,75
201700053486,17,5,3,1810,1,2,1,2.0,4.0,75107,M,4886080.0,232095.0,75
201700053487,17,5,3,1950,2,2,3,2.0,7.0,75107,M,4884640.0,231533.0,75
201700053488,17,5,5,1915,1,2,3,1.0,6.0,75107,M,4885930.0,233019.0,75
201700053489,17,5,6,2235,5,2,2,2.0,3.0,75107,M,4886000.0,231305.0,75
201700053490,17,5,8,40,5,2,2,1.0,6.0,75115,M,4884220.0,228554.0,75
201700053491,17,5,9,1150,1,2,1,1.0,3.0,75107,M,4885330.0,230405.0,75
201700053492,17,5,12,1530,1,2,3,1.0,6.0,75107,M,4885810.0,230144.0,75
201700053493,17,5,12,2320,5,2,5,2.0,2.0,75107,M,4885900.0,229328.0,75
201700053494,17,5,15,735,1,2,2,1.0,3.0,75107,M,4886000.0,231305.0,75
201700053495,17,5,16,1335,1,2,1,1.0,6.0,75107,M,4885020.0,231465.0,75
201700053496,17,5,16,2351,5,2,1,1.0,6.0,75107,M,4886190.0,231330.0,75
201700053497,17,5,17,1305,1,2,1,1.0,6.0,75107,M,4885780.0,229516.0,75
201700053498,17,5,17,2015,2,2,2,2.0,6.0,75107,M,4885560.0,232683.0,75
201700053499,17,5,18,1000,1,2,1,2.0,2.0,75107,M,4886050.0,231312.0,75
201700053500,17,5,18,1530,1,2,1,8.0,6.0,75107,M,4886230.0,230571.0,75
201700053501,17,5,19,1318,1,2,2,1.0,3.0,75107,M,4884940.0,231510.0,75
201700053502,17,5,18,1848,1,2,2,1.0,6.0,75107,M,4885170.0,232352.0,75
201700053503,17,5,23,1710,1,2,1,1.0,6.0,75107,M,4885690.0,230390.0,75
201700053504,17,5,23,2030,1,2,3,1.0,3.0,75107,M,4885070.0,232525.0,75
201700053505,17,5,25,620,1,2,7,1.0,2.0,75107,M,4884680.0,231657.0,75
201700053506,17,5,25,2035,2,2,5,1.0,7.0,75107,M,4885900.0,229328.0,75
201700053507,17,5,26,1815,1,2,3,1.0,6.0,75107,M,4885650.0,230587.0,75
201700053508,17,5,29,1400,1,2,3,1.0,6.0,75107,M,4885560.0,229403.0,75
201700053509,17,5,29,1450,1,2,2,1.0,2.0,75107,M,4885710.0,230429.0,75
201700053510,17,5,31,1736,1,2,2,1.0,3.0,75107,M,4886240.0,231036.0,75
201700053511,17,6,2,450,2,2,2,1.0,6.0,75107,M,4885990.0,231015.0,75
201700053512,17,6,2,1450,1,2,2,5.0,7.0,75107,M,4885800.0,231519.0,75
201700053513,17,6,3,1950,1,2,1,2.0,6.0,75107,M,4885930.0,230066.0,75
201700053514,17,6,6,1940,1,2,1,2.0,4.0,75107,M,4886160.0,229766.0,75
201700053515,17,6,7,1705,1,2,4,1.0,3.0,75107,M,4884610.0,231423.0,75
201700053516,17,6,9,255,5,2,2,3.0,2.0,75107,M,4885850.0,232311.0,75
201700053517,17,6,9,830,1,2,1,2.0,7.0,75107,M,4884900.0,230721.0,75
201700053518,17,6,9,1655,1,2,1,1.0,7.0,75107,M,4885300.0,231314.0,75
201700053519,17,6,11,1650,1,2,2,1.0,6.0,75107,M,4885500.0,231993.0,75
201700053520,17,6,12,1523,1,2,3,1.0,6.0,75107,M,4885180.0,231451.0,75
201700053521,17,6,13,1340,1,2,4,1.0,6.0,75107,M,4885580.0,230301.0,75
201700053522,17,6,13,1500,1,2,1,1.0,6.0,75107,M,4886210.0,229959.0,75
201700053523,17,6,13,1800,1,2,4,1.0,4.0,75115,M,4885270.0,229853.0,75
201700053524,17,6,14,1500,1,2,1,1.0,6.0,75107,M,4886210.0,231238.0,75
201700053525,17,6,14,1430,1,2,3,1.0,4.0,75107,M,4886060.0,229553.0,75
201700053526,17,6,14,1830,1,2,3,1.0,3.0,75107,M,4885700.0,232460.0,75
201700053527,17,6,14,1905,1,2,3,1.0,6.0,75107,M,4886060.0,229553.0,75
201700053528,17,6,16,905,1,2,3,1.0,2.0,75107,M,4885900.0,229328.0,75
201700053529,17,6,16,1755,1,2,1,1.0,3.0,75107,M,4886080.0,230251.0,75
201700053530,17,6,15,1840,1,2,3,1.0,3.0,75107,M,4885580.0,230301.0,75
201700053531,17,6,21,1120,1,2,2,1.0,6.0,75107,M,4886060.0,229553.0,75
201700053532,17,6,17,1350,1,2,7,1.0,6.0,75107,M,4885590.0,229733.0,75
201700053533,17,6,23,800,1,2,3,1.0,3.0,75107,M,4885620.0,231501.0,75
201700053534,17,6,23,2020,1,2,1,1.0,2.0,75107,M,4885940.0,232914.0,75
201700053535,17,6,23,2305,5,2,7,1.0,2.0,75107,M,4885160.0,232717.0,75
201700053536,17,6,24,40,3,2,1,1.0,6.0,75107,M,4886290.0,231615.0,75
201700053537,17,6,27,917,1,2,3,1.0,3.0,75107,M,4885810.0,231456.0,75
201700053538,17,6,29,1455,1,2,1,1.0,6.0,75107,M,4884790.0,231207.0,75
201700053539,17,7,3,1000,1,2,3,1.0,6.0,75107,M,4885630.0,230532.0,75
201700053540,17,7,4,930,1,2,4,1.0,7.0,75107,M,4885620.0,231501.0,75
201700053541,17,7,4,2032,2,2,2,1.0,6.0,75107,M,4885930.0,229758.0,75
201700053542,17,7,7,1450,1,2,2,1.0,6.0,75107,M,4885770.0,230593.0,75
201700053543,17,7,12,50,5,2,5,2.0,6.0,75107,M,4886290.0,231342.0,75
201700053544,17,7,12,1720,1,2,1,1.0,6.0,75107,M,4884990.0,232337.0,75
201700053545,17,7,15,240,5,2,2,1.0,6.0,75107,M,4885850.0,233243.0,75
201700053546,17,7,15,1930,1,2,3,1.0,6.0,75107,M,4885540.0,230370.0,75
201700053547,17,7,15,1915,1,2,3,1.0,6.0,75107,M,4885580.0,230301.0,75
201700053548,17,7,21,1350,1,2,2,1.0,2.0,75107,M,4885720.0,230990.0,75
201700053549,17,7,28,2335,5,2,2,1.0,6.0,75107,M,4885900.0,229328.0,75
201700053550,17,7,29,1950,1,2,5,1.0,3.0,75107,M,4885450.0,233044.0,75
201700053551,17,8,6,2105,5,2,2,1.0,3.0,75107,M,4885850.0,233243.0,75
201700053552,17,8,16,1020,1,2,1,1.0,2.0,75107,M,4886220.0,230266.0,75
201700053553,17,8,22,1552,1,2,1,1.0,6.0,75107,M,4886210.0,229999.0,75
201700053554,17,8,25,1900,1,2,1,1.0,7.0,75107,M,4885490.0,230650.0,75
201700053555,17,8,26,337,5,2,3,1.0,4.0,75107,M,4886290.0,231519.0,75