Num_Acc,an,mois,jour,hrmn,lum,agg,int,atm,col,com,gps,lat,long,dep
201700053556,17,8,26,1830,1,2,2,1.0,7.0,75107,M,4886250.0,231038.0,75
201700053557,17,8,29,2240,5,2,2,1.0,6.0,75107,M,4884790.0,230610.0,75
201700053558,17,8,30,940,1,2,2,1.0,5.0,75107,M,4885900.0,229328.0,75
201700053559,17,8,31,1056,1,2,3,1.0,6.0,75107,M,4886110.0,232417.0,75
201700053560,17,9,13,2205,5,2,4,3.0,3.0,75107,M,4885420.0,230628.0,75
201700053561,17,9,15,1940,2,2,3,1.0,3.0,75107,M,4885380.0,230477.0,75
201700053562,17,9,15,2125,5,2,3,1.0,6.0,75106,M,4884740.0,231817.0,75
201700053563,17,9,17,30,3,2,3,1.0,6.0,75107,M,4885500.0,230967.0,75
201700053564,17,9,18,1420,1,2,1,1.0,3.0,75107,M,4885350.0,230727.0,75
201700053565,17,9,20,1225,1,2,2,1.0,3.0,75107,M,4886110.0,230548.0,75
201700053566,17,9,20,1742,1,2,2,1.0,4.0,75107,M,4886120.0,232058.0,75
201700053567,17,9,20,1800,1,2,2,1.0,3.0,75107,M,4885750.0,229103.0,75
201700053568,17,9,21,1245,1,2,3,1.0,7.0,75107,M,4885330.0,230946.0,75
201700053569,17,9,21,1320,1,2,1,1.0,3.0,75107,M,4886320.0,231946.0,75
201700053570,17,9,23,2325,5,2,2,1.0,3.0,75107,M,4886270.0,231902.0,75
201700053571,17,9,25,1210,1,2,3,1.0,6.0,75107,M,4885460.0,229553.0,75
201700053572,17,9,26,1900,1,2,1,1.0,2.0,75107,M,4886000.0,232331.0,75
201700053573,17,9,27,1525,1,2,7,1.0,2.0,75107,M,4885390.0,231139.0,75
201700053574,17,10,2,825,1,2,1,8.0,6.0,75107,M,4885750.0,232403.0,75
201700053575,17,10,5,1430,1,2,7,1.0,5.0,75107,M,4885040.0,230679.0,75
201700053576,17,10,8,1750,1,2,2,1.0,2.0,75107,M,4886290.0,231342.0,75
201700053577,17,10,10,840,1,2,1,1.0,5.0,75107,M,4885720.0,232760.0,75
201700053578,17,10,11,1100,1,2,2,1.0,3.0,75107,M,4885810.0,231000.0,75
201700053579,17,10,11,2000,5,2,2,1.0,3.0,75106,M,4885610.0,234044.0,75
201700053580,17,10,15,1521,1,2,2,1.0,6.0,75107,M,4885500.0,229611.0,75
201700053581,17,10,18,1550,1,2,2,1.0,2.0,75107,M,4886290.0,231342.0,75
201700053582,17,10,21,1420,1,2,1,1.0,6.0,75107,M,4885030.0,231388.0,75
201700053583,17,10,23,1930,5,2,5,2.0,6.0,75115,M,4884900.0,229777.0,75
201700053584,17,10,25,1650,1,2,4,1.0,3.0,75107,M,4885480.0,232598.0,75
201700053585,17,10,29,1920,5,2,1,1.0,2.0,75107,M,4886180.0,232186.0,75
201700053586,17,11,4,710,2,2,1,1.0,6.0,75107,M,4884730.0,231794.0,75
201700053587,17,11,4,2228,5,2,3,1.0,3.0,75107,M,4886280.0,231163.0,75
201700053588,17,11,6,940,1,2,3,1.0,3.0,75107,M,4886280.0,231163.0,75
201700053589,17,11,6,1430,1,2,4,1.0,3.0,75107,M,4885670.0,232710.0,75
201700053590,17,11,7,20,5,2,2,1.0,2.0,75107,M,4885870.0,229854.0,75
201700053591,17,11,8,915,1,2,1,8.0,3.0,75107,M,4885680.0,230924.0,75
201700053592,17,11,8,2130,5,2,3,1.0,3.0,75107,M,4885930.0,233019.0,75
201700053593,17,11,9,1605,1,2,1,8.0,6.0,75113,M,4882580.0,234960.0,75
201700053594,17,11,10,19,5,2,2,2.0,5.0,75107,M,4885270.0,230855.0,75
201700053595,17,11,13,755,2,2,2,8.0,3.0,75107,M,4885430.0,232611.0,75
201700053596,17,11,14,1035,1,2,1,1.0,3.0,75107,M,4885530.0,230698.0,75
201700053597,17,11,14,1900,5,2,2,1.0,6.0,75107,M,4885180.0,231383.0,75
201700053598,17,11,20,1650,1,2,7,1.0,6.0,75107,M,4885350.0,230977.0,75
201700053599,17,11,21,845,1,2,3,8.0,3.0,75107,M,4886240.0,231162.0,75
201700053600,17,11,21,1545,1,2,2,8.0,2.0,75107,M,4885810.0,231000.0,75
201700053601,17,11,21,1915,5,2,1,1.0,6.0,75107,M,4885360.0,229711.0,75
201700053602,17,11,23,1530,1,2,2,3.0,3.0,75107,M,4885790.0,232928.0,75
201700053603,17,11,23,1808,5,2,1,1.0,7.0,75107,M,4886250.0,230934.0,75
201700053604,17,11,26,1900,5,2,3,1.0,2.0,75107,M,4885900.0,229328.0,75
201700053605,17,12,3,700,5,2,3,8.0,7.0,75107,M,4884740.0,231817.0,75
201700053606,17,12,3,1930,5,2,1,2.0,6.0,75107,M,4885170.0,232236.0,75
201700053607,17,12,5,1617,1,2,1,1.0,6.0,75107,M,4886030.0,230273.0,75
201700053608,17,12,5,1740,5,2,2,8.0,6.0,75107,M,4885180.0,231451.0,75
201700053609,17,12,6,2140,5,2,2,1.0,3.0,75107,M,4885180.0,231383.0,75
201700053610,17,12,7,245,4,2,7,1.0,3.0,75107,M,4886240.0,230201.0,75
201700053611,17,12,7,1536,1,2,2,2.0,2.0,75107,M,4885400.0,230953.0,75
201700053612,17,12,7,1945,5,2,7,2.0,7.0,75116,M,4886040.0,229115.0,75
201700053613,17,12,8,1133,1,2,5,1.0,2.0,75107,M,4886270.0,231902.0,75
201700053614,17,12,9,1820,5,2,1,1.0,6.0,75107,M,4885660.0,231506.0,75
201700053615,17,12,10,1800,5,2,7,2.0,6.0,75107,M,4885840.0,231365.0,75
201700053616,17,12,12,1312,1,2,1,1.0,3.0,75107,M,4885850.0,232187.0,75
201700053617,17,12,12,1750,4,2,2,1.0,6.0,75107,M,4885850.0,232311.0,75
201700053618,17,12,17,1950,5,2,3,2.0,6.0,75107,M,4884740.0,231623.0,75
201700053619,17,12,19,1545,1,2,2,1.0,2.0,75107,M,4886060.0,229553.0,75
201700053620,17,12,22,1324,1,2,3,8.0,6.0,75107,M,4885950.0,230628.0,75
201700053621,17,12,22,1810,5,2,1,2.0,3.0,75115,M,4884990.0,228066.0,75
201700053622,17,12,25,2350,5,2,7,1.0,6.0,75107,M,4885770.0,230001.0,75
201700053623,17,12,27,30,5,2,3,3.0,6.0,75107,M,4886270.0,231902.0,75
201700053624,17,12,28,715,5,2,2,1.0,3.0,75107,M,4885810.0,231000.0,75
201700053625,17,12,28,1800,5,2,1,8.0,3.0,75107,M,4886290.0,231583.0,75
201700053626,17,1,2,240,5,2,2,8.0,3.0,75108,M,4888170.0,231881.0,75
201700053627,17,1,2,1310,1,2,7,2.0,6.0,75108,M,4886750.0,229922.0,75
201700053628,17,1,4,1050,1,2,7,1.0,6.0,75108,M,4887910.0,232314.0,75
201700053629,17,1,4,1215,1,2,2,1.0,3.0,75108,M,4887430.0,232271.0,75
201700053630,17,1,4,1445,1,2,1,2.0,7.0,75108,M,4886740.0,232247.0,75
201700053631,17,1,4,1900,5,2,1,2.0,2.0,75108,M,4886910.0,230108.0,75
201700053632,17,1,5,2040,5,2,1,1.0,3.0,75108,M,4886580.0,230619.0,75
201700053633,17,1,6,1615,1,2,3,1.0,2.0,75108,M,4886710.0,231607.0,75
201700053634,17,1,8,2045,5,2,7,2.0,7.0,75108,M,4887800.0,230522.0,75
201700053635,17,1,11,525,5,2,2,1.0,3.0,75108,M,4888120.0,231530.0,75
201700053636,17,1,12,930,1,2,7,2.0,3.0,75108,M,4886420.0,230214.0,75
201700053637,17,1,16,1320,1,2,2,1.0,6.0,75108,M,4887940.0,231429.0,75
201700053638,17,1,17,1730,5,2,1,1.0,3.0,75108,M,4887560.0,229948.0,75
201700053639,17,1,18,37,5,2,3,1.0,6.0,75108,M,4887420.0,229955.0,75
201700053640,17,1,18,1135,1,2,2,1.0,3.0,75108,M,4888260.0,232335.0,75
201700053641,17,1,18,1230,1,2,7,1.0,3.0,75108,M,4886660.0,232190.0,75
201700053642,17,1,19,930,1,2,7,1.0,3.0,75108,M,4886440.0,232029.0,75
201700053643,17,1,19,2240,5,2,2,1.0,4.0,75108,M,4886840.0,232324.0,75
201700053644,17,1,25,1630,1,2,3,1.0,6.0,75108,M,4887300.0,230274.0,75
201700053645,17,1,26,1600,1,2,2,1.0,6.0,75108,M,4887950.0,231821.0,75
201700053646,17,1,26,2350,5,2,1,2.0,3.0,75108,M,4888060.0,231027.0,75
201700053647,17,1,28,855,1,2,7,1.0,3.0,75116,M,4887350.0,229423.0,75
201700053648,17,1,29,1730,2,2,7,1.0,3.0,75108,M,4886590.0,231989.0,75
201700053649,17,1,30,2325,5,2,4,2.0,3.0,75108,M,4887630.0,229683.0,75
201700053650,17,1,31,750,2,2,1,2.0,3.0,75108,M,4887190.0,230071.0,75
201700053651,17,2,1,955,1,2,7,1.0,2.0,75108,M,4886780.0,231384.0,75
201700053652,17,2,1,1145,1,2,3,1.0,6.0,75108,M,4887520.0,232377.0,75
201700053653,17,2,1,1530,1,2,3,1.0,6.0,75108,M,4886580.0,230398.0,75
201700053654,17,2,2,1045,1,2,2,1.0,6.0,75108,M,4886770.0,230764.0,75
201700053655,17,2,2,1500,1,2,2,2.0,3.0,75108,M,4887140.0,230728.0,75
201700053656,17,2,3,2115,5,2,7,2.0,3.0,75108,M,4886660.0,232190.0,75
201700053657,17,2,4,720,5,2,2,3.0,6.0,75108,M,4887490.0,230590.0,75
201700053658,17,2,4,1600,1,2,1,2.0,3.0,75108,M,4887450.0,232128.0,75
201700053659,17,2,5,615,5,2,4,2.0,3.0,75108,M,4887480.0,230470.0,75
201700053660,17,2,6,1915,5,2,5,1.0,3.0,75108,M,4887950.0,232177.0,75
201700053661,17,2,8,2350,5,2,1,1.0,7.0,75108,M,4888140.0,231757.0,75
201700053662,17,2,9,1930,3,2,1,1.0,6.0,75108,M,4886960.0,230817.0,75
201700053663,17,2,10,2100,5,2,3,1.0,3.0,75108,M,4887060.0,232286.0,75
201700053664,17,2,11,134,5,2,7,1.0,6.0,75108,M,4887910.0,232314.0,75
201700053665,17,2,13,1130,1,2,1,1.0,3.0,75108,M,4886910.0,230971.0,75
201700053666,17,2,14,935,1,2,7,1.0,3.0,75108,M,4886700.0,232059.0,75
201700053667,17,2,14,1235,1,2,4,1.0,6.0,75108,M,4887590.0,230313.0,75
201700053668,17,2,16,900,1,2,7,1.0,3.0,75101,M,4886380.0,232143.0,75
201700053669,17,2,16,1635,1,2,4,1.0,6.0,75108,M,4887500.0,230861.0,75
201700053670,17,2,18,250,5,2,7,1.0,2.0,75108,M,4886780.0,231384.0,75
201700053671,17,2,20,830,1,2,1,1.0,3.0,75108,M,4886670.0,229945.0,75
201700053672,17,2,23,1440,1,2,7,1.0,4.0,75108,M,4886900.0,231008.0,75
201700053673,17,2,24,1200,1,2,2,1.0,6.0,75108,M,4887010.0,230662.0,75
201700053674,17,2,24,1725,1,2,1,1.0,6.0,75108,M,4886950.0,230335.0,75
201700053675,17,2,24,2205,5,2,1,1.0,6.0,75108,M,4887480.0,229736.0,75
201700053676,17,2,27,1645,1,2,2,1.0,2.0,75108,M,4887050.0,230531.0,75
201700053677,17,3,1,1100,1,2,7,2.0,6.0,75108,M,4886980.0,232342.0,75
201700053678,17,3,2,1130,1,2,3,1.0,6.0,75108,M,4887740.0,230663.0,75
201700053679,17,3,3,825,1,2,1,1.0,3.0,75117,M,4888540.0,231712.0,75
201700053680,17,3,5,1220,1,2,4,1.0,3.0,75108,M,4886720.0,231159.0,75
201700053681,17,3,5,1305,1,2,2,3.0,2.0,75108,M,4886840.0,232324.0,75
201700053682,17,3,5,1700,1,2,3,1.0,3.0,75108,M,4887450.0,230218.0,75
201700053683,17,3,6,645,5,2,7,1.0,3.0,75108,M,4886660.0,232190.0,75
201700053684,17,3,6,1640,1,2,3,2.0,3.0,75108,M,4887420.0,229955.0,75
201700053685,17,3,7,750,1,2,1,2.0,7.0,75108,M,4887810.0,231582.0,75
201700053686,17,3,6,2130,5,2,3,2.0,6.0,75108,M,4886920.0,232030.0,75
201700053687,17,3,7,1630,1,2,7,1.0,6.0,75108,M,4886420.0,232014.0,75
201700053688,17,3,7,2130,5,2,5,1.0,2.0,75108,M,4886780.0,231384.0,75
201700053689,17,3,8,1930,5,2,3,2.0,2.0,75108,M,4887850.0,231233.0,75
201700053690,17,3,9,1735,1,2,1,1.0,6.0,75108,M,4886770.0,231017.0,75
201700053691,17,3,11,632,2,2,7,1.0,3.0,75108,M,4886660.0,232190.0,75
201700053692,17,3,11,609,1,2,7,1.0,6.0,75108,M,4887080.0,232422.0,75
201700053693,17,3,13,700,2,2,7,1.0,3.0,75108,M,4886780.0,231384.0,75
201700053694,17,3,15,1758,2,2,7,1.0,3.0,75108,M,4886660.0,232190.0,75
201700053695,17,3,16,10,5,2,2,1.0,6.0,75108,M,4887810.0,232257.0,75
201700053696,17,3,16,1110,1,2,2,7.0,6.0,75117,M,4889110.0,230252.0,75
201700053697,17,3,16,1440,1,2,7,1.0,3.0,75108,M,4886440.0,232029.0,75
201700053698,17,3,16,1840,1,2,7,1.0,3.0,75108,M,4887350.0,229579.0,75
201700053699,17,3,16,600,5,2,7,1.0,3.0,75108,M,4887310.0,229709.0,75
201700053700,17,3,16,2306,1,2,1,1.0,2.0,75108,M,4886400.0,231035.0,75
201700053701,17,3,20,825,1,2,7,8.0,2.0,75108,M,4886660.0,232190.0,75
201700053702,17,3,21,1505,1,2,7,1.0,2.0,75108,M,4886660.0,232190.0,75
201700053703,17,3,22,855,1,2,4,1.0,3.0,75108,M,4887450.0,230218.0,75
201700053704,17,3,22,1445,1,2,7,1.0,3.0,75108,M,4886590.0,231989.0,75
201700053705,17,3,23,2015,5,2,2,3.0,6.0,75108,M,4886990.0,231195.0,75
201700053706,17,3,24,20,3,2,2,3.0,6.0,75108,M,4886470.0,231363.0,75
201700053707,17,3,24,740,1,2,1,2.0,3.0,75108,M,4886880.0,230109.0,75
201700053708,17,3,24,1140,1,2,7,1.0,2.0,75108,M,4886980.0,232342.0,75
201700053709,17,3,25,1045,1,2,2,1.0,3.0,75108,M,4887050.0,230531.0,75
201700053710,17,3,27,820,1,2,7,1.0,2.0,75108,M,4886930.0,232391.0,75
201700053711,17,3,27,1400,1,2,1,1.0,3.0,75108,M,4886890.0,230109.0,75
201700053712,17,3,27,1645,1,2,2,1.0,2.0,75108,M,4887380.0,229834.0,75
201700053713,17,3,28,1330,1,2,7,1.0,3.0,75108,M,4886660.0,232190.0,75
201700053714,17,3,30,245,5,2,7,1.0,6.0,75108,M,4887350.0,229579.0,75
201700053715,17,3,30,1010,1,2,1,1.0,6.0,75108,M,4886710.0,232395.0,75
201700053716,17,3,30,2112,5,2,2,1.0,3.0,75108,M,4887240.0,229949.0,75
201700053717,17,4,2,1330,1,2,4,1.0,6.0,75108,M,4887590.0,230313.0,75
201700053718,17,4,3,1245,1,2,2,1.0,3.0,75108,M,4887500.0,230914.0,75
201700053719,17,4,5,25,5,2,3,1.0,2.0,75108,M,4888050.0,232133.0,75
201700053720,17,4,6,2310,5,2,1,1.0,7.0,75108,M,4886480.0,230500.0,75
201700053721,17,4,7,1100,1,2,7,1.0,3.0,75108,M,4887350.0,229579.0,75
201700053722,17,4,7,1600,1,2,3,1.0,6.0,75108,M,4886830.0,231235.0,75
201700053723,17,4,7,2145,5,2,2,1.0,3.0,75108,M,4887150.0,232310.0,75
201700053724,17,4,8,300,5,2,5,1.0,6.0,75108,M,4886750.0,229922.0,75
201700053725,17,4,8,235,5,2,7,1.0,6.0,75108,M,4886780.0,231384.0,75
201700053726,17,4,8,1145,1,2,7,1.0,3.0,75108,M,4886930.0,232391.0,75
201700053727,17,4,8,1320,1,2,1,1.0,2.0,75108,M,4888250.0,232621.0,75
201700053728,17,4,9,1415,1,2,7,1.0,3.0,75108,M,4887430.0,229541.0,75
201700053729,17,4,10,815,1,2,3,1.0,3.0,75108,M,4888010.0,231342.0,75
201700053730,17,4,10,1915,1,2,7,1.0,5.0,75108,M,4886900.0,231008.0,75
201700053731,17,4,12,830,1,2,1,1.0,7.0,75116,M,4885300.0,228124.0,75
201700053732,17,4,12,905,1,2,1,1.0,6.0,75108,M,4887520.0,229803.0,75
201700053733,17,4,12,1350,1,2,7,1.0,6.0,75108,M,4887720.0,232690.0,75
201700053734,17,4,19,1000,1,2,2,1.0,3.0,75108,M,4887400.0,229728.0,75
201700053735,17,4,19,2205,5,2,2,1.0,6.0,75108,M,4887500.0,230914.0,75
201700053736,17,4,20,741,1,2,1,1.0,6.0,75108,M,4887460.0,230277.0,75
201700053737,17,4,20,930,1,2,2,1.0,3.0,75108,M,4887400.0,229728.0,75
201700053738,17,4,20,1420,1,2,1,1.0,4.0,75108,M,4887450.0,230178.0,75
201700053739,17,4,21,1220,1,2,7,1.0,3.0,75108,M,4887910.0,230309.0,75
201700053740,17,4,22,1800,1,2,7,1.0,3.0,75108,M,4887510.0,229601.0,75
201700053741,17,4,24,1100,1,2,5,1.0,3.0,75108,M,4886780.0,231384.0,75
201700053742,17,4,25,850,1,2,3,2.0,5.0,75108,M,4887440.0,230119.0,75
201700053743,17,5,3,1215,1,2,7,2.0,3.0,75108,M,4886660.0,232190.0,75
201700053744,17,5,3,1150,1,2,2,2.0,6.0,75108,M,4886880.0,232184.0,75
201700053745,17,5,3,1630,1,2,1,2.0,6.0,75108,M,4887750.0,230937.0,75
201700053746,17,5,3,1800,1,2,2,2.0,3.0,75108,M,4887100.0,230090.0,75
201700053747,17,5,4,210,3,2,7,1.0,6.0,75108,M,4887110.0,232441.0,75
201700053748,17,5,4,955,1,2,3,1.0,3.0,75108,M,4887040.0,231291.0,75
201700053749,17,5,4,1535,1,2,5,2.0,2.0,75108,M,4886470.0,231363.0,75
201700053750,17,5,6,1850,1,2,4,8.0,3.0,75108,M,4887420.0,229955.0,75
201700053751,17,5,6,2015,2,2,7,1.0,7.0,75108,M,4887800.0,230522.0,75
201700053752,17,5,10,900,1,2,1,1.0,2.0,75108,M,4886480.0,231485.0,75
201700053753,17,5,10,1815,1,2,2,1.0,6.0,75108,M,4887260.0,231476.0,75
201700053754,17,5,11,1210,1,2,3,1.0,3.0,75108,M,4886640.0,230511.0,75
201700053755,17,5,12,1345,1,2,1,1.0,3.0,75108,M,4886520.0,230141.0,75
201700053756,17,5,12,1415,1,2,5,1.0,4.0,75108,M,4887310.0,229709.0,75
201700053757,17,5,12,1600,1,2,3,1.0,2.0,75108,M,4886700.0,231392.0,75
201700053758,17,5,12,1800,1,2,1,1.0,3.0,75108,M,4887640.0,229693.0,75
201700053759,17,5,15,2220,5,2,4,1.0,6.0,75108,M,4887390.0,232612.0,75
201700053760,17,5,16,1630,1,2,2,1.0,6.0,75108,M,4887880.0,232221.0,75
201700053761,17,5,19,1000,1,2,3,1.0,3.0,75108,M,4887520.0,231436.0,75
201700053762,17,5,19,1040,1,2,1,1.0,3.0,75108,M,4887750.0,232690.0,75
201700053763,17,5,21,1445,1,2,7,1.0,3.0,75108,M,4886660.0,232190.0,75
201700053764,17,5,21,1800,1,2,3,1.0,6.0,75116,M,4885800.0,227685.0,75
201700053765,17,5,22,1300,1,2,7,1.0,6.0,75108,M,4886440.0,232029.0,75
201700053766,17,5,25,1330,1,2,7,7.0,3.0,75108,M,4886780.0,231384.0,75
201700053767,17,5,27,2230,5,2,1,1.0,2.0,75116,M,4883600.0,226340.0,75
201700053768,17,5,29,1112,1,2,7,1.0,6.0,75108,M,4886590.0,231989.0,75
201700053769,17,5,29,1815,1,2,3,1.0,3.0,75108,M,4887520.0,231281.0,75
201700053770,17,5,30,2245,5,2,5,1.0,3.0,75108,M,4887380.0,232704.0,75
201700053771,17,5,30,1355,1,2,1,1.0,3.0,75108,M,4887550.0,232565.0,75
201700053772,17,5,30,1750,1,2,2,1.0,6.0,75108,M,4887340.0,232365.0,75
201700053773,17,6,2,1100,1,2,2,1.0,2.0,75108,M,4887050.0,230531.0,75
201700053774,17,6,2,2050,1,2,7,2.0,2.0,75108,M,4887470.0,230362.0,75
201700053775,17,6,5,1615,1,2,4,1.0,3.0,75108,M,4886490.0,231798.0,75
201700053776,17,6,6,1330,1,2,5,1.0,2.0,75108,M,4886490.0,231027.0,75
201700053777,17,6,6,1400,1,2,1,3.0,6.0,75108,M,4887160.0,230678.0,75
201700053778,17,6,6,1606,1,2,1,2.0,6.0,75108,M,4887680.0,232688.0,75
201700053779,17,6,9,1340,1,2,3,1.0,6.0,75108,M,4887310.0,231151.0,75
201700053780,17,6,9,1330,1,2,2,1.0,2.0,75108,M,4887140.0,230253.0,75
201700053781,17,6,9,1700,1,2,1,1.0,6.0,75108,M,4886510.0,232135.0,75
201700053782,17,6,10,30,5,2,3,1.0,3.0,75108,M,4886640.0,230511.0,75
201700053783,17,6,11,1747,1,2,1,1.0,3.0,75108,M,4886970.0,230792.0,75
201700053784,17,6,11,1925,2,2,1,3.0,1.0,75108,M,4887680.0,230224.0,75
201700053785,17,6,12,830,1,2,3,1.0,3.0,75108,M,4888010.0,231342.0,75
201700053786,17,6,12,1140,1,2,7,1.0,2.0,75108,M,4887430.0,229541.0,75
201700053787,17,6,12,1610,1,2,2,1.0,3.0,75108,M,4886840.0,232324.0,75
201700053788,17,6,14,940,1,2,2,1.0,3.0,75108,M,4888260.0,232335.0,75
201700053789,17,6,15,830,1,2,7,1.0,3.0,75108,M,4886420.0,232014.0,75
201700053790,17,6,19,2000,1,2,3,1.0,3.0,75108,M,4887890.0,230355.0,75
201700053791,17,6,20,1645,1,2,1,1.0,3.0,75108,M,4887760.0,229888.0,75
201700053792,17,6,21,850,1,2,2,1.0,2.0,75108,M,4888220.0,232171.0,75
201700053793,17,6,21,1445,1,2,1,1.0,6.0,75108,M,4886960.0,230355.0,75
201700053794,17,6,22,800,1,2,1,1.0,6.0,75108,M,4886540.0,230322.0,75
201700053795,17,6,22,1400,1,2,1,1.0,6.0,75108,M,4887240.0,232617.0,75
201700053796,17,6,23,120,5,2,3,1.0,3.0,75108,M,4886610.0,230132.0,75
201700053797,17,6,23,420,5,2,1,1.0,6.0,75108,M,4887230.0,231002.0,75
201700053798,17,6,26,900,1,2,1,1.0,2.0,75108,M,4886460.0,231081.0,75
201700053799,17,6,27,1710,1,2,3,1.0,6.0,75108,M,4888220.0,232171.0,75
201700053800,17,6,28,1850,1,2,2,2.0,2.0,75108,M,4887100.0,230090.0,75
201700053801,17,6,28,1900,1,2,3,8.0,7.0,75108,M,4887720.0,232690.0,75
201700053802,17,6,29,1245,1,2,3,1.0,6.0,75108,M,4887110.0,230651.0,75
201700053803,17,6,29,1255,1,2,2,1.0,3.0,75108,M,4887740.0,230815.0,75
201700053804,17,6,30,900,1,2,2,2.0,6.0,75108,M,4887070.0,232135.0,75
201700053805,17,6,30,1215,1,2,1,8.0,2.0,75108,M,4886990.0,230733.0,75
201700053806,17,7,1,640,1,2,1,1.0,2.0,75108,M,4886450.0,232005.0,75
201700053807,17,7,1,1050,1,2,1,3.0,6.0,75108,M,4887650.0,229702.0,75
201700053808,17,7,1,1304,1,2,2,2.0,2.0,75108,M,4887490.0,231846.0,75
201700053809,17,7,3,1500,1,2,2,1.0,3.0,75108,M,4887940.0,231429.0,75
201700053810,17,7,3,2045,2,2,5,1.0,6.0,75116,M,4887270.0,228452.0,75
201700053811,17,7,5,800,1,2,7,1.0,6.0,75108,M,4887470.0,232004.0,75
201700053812,17,7,5,1250,1,2,2,1.0,3.0,75108,M,4887880.0,232221.0,75
201700053813,17,7,6,300,3,2,2,1.0,6.0,75108,M,4887390.0,231586.0,75
201700053814,17,7,6,1010,1,2,3,2.0,7.0,75108,M,4887110.0,230350.0,75
201700053815,17,7,6,925,1,2,5,3.0,6.0,75117,M,4888160.0,230069.0,75
201700053816,17,7,6,1530,1,2,7,1.0,3.0,75108,M,4887470.0,232004.0,75
201700053817,17,7,9,25,3,2,2,1.0,3.0,75108,M,4887320.0,231790.0,75
201700053818,17,7,10,930,1,2,4,2.0,3.0,75108,M,4886760.0,230123.0,75
201700053819,17,7,11,2350,5,2,2,1.0,3.0,75116,M,4886290.0,229191.0,75
201700053820,17,7,12,1020,1,2,2,2.0,4.0,75108,M,4887050.0,230531.0,75
201700053821,17,7,13,930,1,2,7,1.0,6.0,75108,M,4887400.0,229728.0,75
201700053822,17,7,16,1300,1,2,1,1.0,3.0,75108,M,4887180.0,232318.0,75
201700053823,17,7,16,2300,5,2,1,1.0,2.0,75108,M,4886730.0,231528.0,75
201700053824,17,7,18,850,1,2,5,1.0,3.0,75116,M,4887270.0,228452.0,75
201700053825,17,7,21,827,1,2,4,1.0,2.0,75108,M,4886610.0,230132.0,75
201700053826,17,7,21,1058,1,2,7,1.0,3.0,75108,M,4886460.0,231030.0,75
201700053827,17,7,21,1610,1,2,5,1.0,6.0,75108,M,4887470.0,232004.0,75
201700053828,17,7,21,1920,1,2,1,1.0,2.0,75108,M,4887190.0,230833.0,75
201700053829,17,7,22,1815,1,2,1,1.0,6.0,75108,M,4887040.0,232515.0,75
201700053830,17,7,23,945,1,2,1,1.0,6.0,75116,M,4886980.0,226883.0,75
201700053831,17,7,24,1000,1,2,7,1.0,3.0,75108,M,4886590.0,231989.0,75
201700053832,17,7,29,656,5,2,7,1.0,6.0,75108,M,4887530.0,231480.0,75
201700053833,17,7,30,155,5,2,7,1.0,3.0,75108,M,4886900.0,231008.0,75
201700053834,17,7,30,1835,1,2,2,1.0,6.0,75108,M,4887050.0,230531.0,75
201700053835,17,8,1,1900,1,2,7,1.0,3.0,75108,M,4886660.0,232190.0,75
201700053836,17,8,5,220,5,2,3,3.0,6.0,75108,M,4887900.0,230240.0,75
201700053837,17,8,6,1345,1,2,1,1.0,6.0,75108,M,4886750.0,231900.0,75
201700053838,17,8,12,20,5,2,7,1.0,3.0,75108,M,4886590.0,231989.0,75
201700053839,17,8,14,1640,1,2,7,1.0,3.0,75108,M,4887010.0,230102.0,75
201700053840,17,8,15,1815,1,2,3,1.0,6.0,75108,M,4888220.0,232171.0,75
201700053841,17,8,20,1930,2,2,2,1.0,6.0,75108,M,4887500.0,230914.0,75
201700053842,17,8,21,840,1,2,4,1.0,2.0,75108,M,4887520.0,231629.0,75
201700053843,17,8,22,1830,1,2,7,1.0,6.0,75108,M,4886900.0,231008.0,75
201700053844,17,8,23,2020,2,2,1,1.0,6.0,75108,M,4886470.0,230738.0,75
201700053845,17,8,24,1722,1,2,7,1.0,3.0,75108,M,4886650.0,232355.0,75
201700053846,17,8,24,1905,1,2,7,1.0,2.0,75108,M,4886940.0,231094.0,75
201700053847,17,8,26,1745,1,2,7,1.0,2.0,75108,M,4886470.0,230179.0,75
201700053848,17,8,28,1845,1,2,4,1.0,7.0,75108,M,4886670.0,230130.0,75
201700053849,17,8,29,1310,1,2,6,1.0,3.0,75108,M,4886900.0,231008.0,75
201700053850,17,8,29,1640,1,2,7,1.0,3.0,75108,M,4886560.0,232069.0,75
201700053851,17,8,29,1900,1,2,7,1.0,6.0,75108,M,4886660.0,232190.0,75
201700053852,17,8,30,1049,1,2,2,1.0,3.0,75108,M,4886720.0,230190.0,75
201700053853,17,9,1,1725,1,2,2,2.0,7.0,75108,M,4887410.0,229882.0,75
201700053854,17,9,4,1305,1,2,2,1.0,3.0,75108,M,4887050.0,230531.0,75
201700053855,17,9,4,1910,1,2,7,1.0,2.0,75108,M,4886590.0,231989.0,75
201700053856,17,9,5,1925,1,2,4,1.0,3.0,75108,M,4886610.0,230132.0,75
201700053857,17,9,6,1139,1,2,3,1.0,6.0,75108,M,4886580.0,230398.0,75
201700053858,17,9,7,2055,5,2,1,1.0,6.0,75108,M,4887130.0,230088.0,75