Num_Acc,an,mois,jour,hrmn,lum,agg,int,atm,col,com,gps,lat,long,dep
201700053859,17,9,8,400,5,2,2,1.0,6.0,75108,M,4887390.0,231586.0,75
201700053860,17,9,9,1500,1,2,2,8.0,2.0,75108,M,4887490.0,231846.0,75
201700053861,17,9,10,2030,5,2,2,1.0,3.0,75108,M,4887140.0,230728.0,75
201700053862,17,9,11,650,2,2,2,1.0,3.0,75108,M,4887140.0,230253.0,75
201700053863,17,9,13,1900,1,2,1,3.0,7.0,75108,M,4887560.0,229944.0,75
201700053864,17,9,15,1215,1,2,7,1.0,3.0,75116,M,4887330.0,229547.0,75
201700053865,17,9,15,1635,1,2,7,1.0,2.0,75108,M,4888090.0,232472.0,75
201700053866,17,9,16,304,5,2,2,1.0,2.0,75117,M,4887630.0,228721.0,75
201700053867,17,9,17,320,5,2,3,1.0,3.0,75108,M,4887100.0,230090.0,75
201700053868,17,9,18,1636,1,2,7,1.0,3.0,75108,M,4886900.0,231008.0,75
201700053869,17,9,19,940,1,2,7,2.0,3.0,75108,M,4886660.0,232190.0,75
201700053870,17,9,19,1522,1,2,2,1.0,2.0,75108,M,4887100.0,230090.0,75
201700053871,17,9,21,710,2,2,2,1.0,6.0,75108,M,4887320.0,231790.0,75
201700053872,17,9,21,1035,1,2,7,1.0,3.0,75108,M,4886660.0,232190.0,75
201700053873,17,9,22,935,1,2,3,8.0,6.0,75108,M,4888090.0,232109.0,75
201700053874,17,9,23,2215,5,2,7,1.0,3.0,75108,M,4886490.0,231027.0,75
201700053875,17,9,25,1700,1,2,7,1.0,6.0,75108,M,4887460.0,229693.0,75
201700053876,17,9,26,1220,1,2,2,8.0,6.0,75108,M,4887290.0,231595.0,75
201700053877,17,9,27,1000,1,2,2,1.0,6.0,75108,M,4887010.0,230662.0,75
201700053878,17,9,27,1940,5,2,7,1.0,3.0,75108,M,4886590.0,231989.0,75
201700053879,17,9,27,1615,1,2,7,1.0,6.0,75108,M,4886590.0,231989.0,75
201700053880,17,9,28,1630,1,2,1,1.0,3.0,75108,M,4887680.0,230728.0,75
201700053881,17,9,29,1105,1,2,2,1.0,6.0,75108,M,4886680.0,231021.0,75
201700053882,17,9,30,1030,1,2,2,1.0,6.0,75108,M,4887680.0,232167.0,75
201700053883,17,10,2,1350,1,2,7,1.0,3.0,75108,M,4886660.0,232190.0,75
201700053884,17,10,3,1430,1,2,7,1.0,3.0,75108,M,4886660.0,232190.0,75
201700053885,17,10,5,825,1,2,7,1.0,3.0,75108,M,4886660.0,232190.0,75
201700053886,17,10,6,930,1,2,5,1.0,5.0,75108,M,4886500.0,231369.0,75
201700053887,17,10,6,1045,1,2,2,1.0,3.0,75108,M,4887510.0,232290.0,75
201700053888,17,10,7,1610,1,2,2,2.0,6.0,75108,M,4886840.0,230112.0,75
201700053889,17,10,7,1830,1,2,1,1.0,3.0,75108,M,4886650.0,231386.0,75
201700053890,17,10,9,1300,1,2,7,1.0,3.0,75108,M,4886900.0,231008.0,75
201700053891,17,10,11,945,1,2,7,8.0,6.0,75108,M,4886470.0,230179.0,75
201700053892,17,10,12,1345,1,2,1,1.0,6.0,75108,M,4887510.0,231011.0,75
201700053893,17,10,14,2200,5,2,1,1.0,6.0,75108,M,4887150.0,230202.0,75
201700053894,17,10,15,1310,1,2,2,1.0,3.0,75108,M,4886500.0,231369.0,75
201700053895,17,10,15,1750,1,2,7,1.0,6.0,75108,M,4887560.0,231881.0,75
201700053896,17,10,17,1230,1,2,1,1.0,6.0,75108,M,4886520.0,230785.0,75
201700053897,17,10,17,1630,1,2,2,1.0,3.0,75108,M,4887780.0,231618.0,75
201700053898,17,10,17,2045,5,2,5,1.0,6.0,75108,M,4887480.0,230470.0,75
201700053899,17,10,18,1820,2,2,1,1.0,6.0,75108,M,4886570.0,231024.0,75
201700053900,17,10,18,2000,5,2,1,1.0,6.0,75108,M,4886420.0,230769.0,75
201700053901,17,10,18,2150,5,2,2,1.0,3.0,75108,M,4887310.0,232672.0,75
201700053902,17,10,19,15,5,2,3,1.0,6.0,75108,M,4887520.0,231436.0,75
201700053903,17,10,19,2350,5,2,2,1.0,3.0,75108,M,4886850.0,229887.0,75
201700053904,17,10,20,1045,1,2,1,7.0,2.0,75108,M,4886640.0,231811.0,75
201700053905,17,10,21,1748,1,2,7,1.0,6.0,75108,M,4887310.0,229709.0,75
201700053906,17,10,22,1911,5,2,7,1.0,2.0,75108,M,4887410.0,229573.0,75
201700053907,17,10,22,2240,5,2,7,3.0,3.0,75108,M,4887310.0,229709.0,75
201700053908,17,10,23,1620,1,2,2,2.0,6.0,75108,M,4886920.0,230277.0,75
201700053909,17,10,24,910,1,2,2,2.0,7.0,75116,M,4887440.0,229293.0,75
201700053910,17,10,24,1020,1,2,3,2.0,7.0,75108,M,4886610.0,230132.0,75
201700053911,17,10,24,1330,1,2,2,2.0,3.0,75108,M,4886840.0,230112.0,75
201700053912,17,10,25,850,2,2,7,1.0,6.0,75108,M,4887310.0,229709.0,75
201700053913,17,10,26,332,5,2,2,1.0,6.0,75104,M,4885210.0,236560.0,75
201700053914,17,10,26,940,1,2,7,1.0,4.0,75108,M,4886930.0,230914.0,75
201700053915,17,10,27,1,5,2,2,1.0,6.0,75108,M,4886930.0,230914.0,75
201700053916,17,10,27,1800,2,2,2,1.0,6.0,75108,M,4886840.0,232324.0,75
201700053917,17,10,28,1915,5,2,7,1.0,7.0,75108,M,4886470.0,230146.0,75
201700053918,17,10,29,1145,1,2,3,3.0,3.0,75108,M,4887140.0,230253.0,75
201700053919,17,10,29,1600,1,2,5,8.0,4.0,75108,M,4887790.0,232690.0,75
201700053920,17,10,29,2119,5,2,2,1.0,3.0,75108,M,4887280.0,231068.0,75
201700053921,17,11,4,150,5,2,2,1.0,7.0,75108,M,4887260.0,231002.0,75
201700053922,17,11,4,1820,5,2,3,8.0,3.0,75108,M,4888090.0,232109.0,75
201700053923,17,11,6,925,1,2,7,1.0,2.0,75108,M,4887470.0,232004.0,75
201700053924,17,11,7,2215,5,2,3,1.0,7.0,75108,M,4887520.0,231436.0,75
201700053925,17,11,8,920,1,2,3,1.0,6.0,75108,M,4887540.0,230880.0,75
201700053926,17,11,9,135,5,2,7,1.0,7.0,75117,M,4887400.0,229417.0,75
201700053927,17,11,12,320,5,2,3,1.0,6.0,75108,M,4886960.0,230220.0,75
201700053928,17,11,16,2250,5,2,7,1.0,3.0,75117,M,4888230.0,231172.0,75
201700053929,17,11,19,720,2,2,1,1.0,6.0,75108,M,4887490.0,232037.0,75
201700053930,17,11,20,2000,5,2,2,1.0,3.0,75108,M,4887650.0,230165.0,75
201700053931,17,11,21,1336,1,2,4,1.0,6.0,75108,M,4887470.0,230362.0,75
201700053932,17,11,21,1715,2,2,2,1.0,2.0,75108,M,4886930.0,230914.0,75
201700053933,17,11,25,1715,2,2,7,8.0,3.0,75108,M,4886780.0,231384.0,75
201700053934,17,11,25,1745,1,2,2,8.0,6.0,75108,M,4887140.0,231004.0,75
201700053935,17,11,28,950,1,2,5,2.0,6.0,75108,M,4887680.0,232167.0,75
201700053936,17,11,27,1945,5,2,1,2.0,2.0,75108,M,4888250.0,232279.0,75
201700053937,17,11,28,1855,5,2,7,1.0,6.0,75117,M,4888720.0,229782.0,75
201700053938,17,11,29,1640,2,2,2,1.0,6.0,75108,M,4887280.0,231068.0,75
201700053939,17,11,30,1450,1,2,2,2.0,4.0,75108,M,4887960.0,230499.0,75
201700053940,17,12,1,1,5,2,2,2.0,4.0,75108,M,4887180.0,230102.0,75
201700053941,17,12,1,10,5,2,5,2.0,6.0,75108,M,4887520.0,231629.0,75
201700053942,17,11,1,10,5,2,5,2.0,6.0,75108,M,4887520.0,231629.0,75
201700053943,17,12,3,830,2,2,2,2.0,3.0,75108,M,4887370.0,230647.0,75
201700053944,17,12,3,600,5,2,5,8.0,6.0,75108,M,4886490.0,231027.0,75
201700053945,17,12,4,1400,1,2,1,8.0,3.0,75108,M,4886910.0,230108.0,75
201700053946,17,12,4,2330,5,2,5,1.0,3.0,75116,M,4884530.0,225845.0,75
201700053947,17,12,6,1415,1,2,2,1.0,6.0,75108,M,4887320.0,230016.0,75
201700053948,17,12,7,2040,5,2,2,2.0,7.0,75108,M,4886780.0,231384.0,75
201700053949,17,12,8,1755,5,2,3,2.0,6.0,75108,M,4887210.0,232594.0,75
201700053950,17,12,9,845,1,2,5,1.0,2.0,75108,M,4887470.0,232004.0,75
201700053951,17,12,9,1215,1,2,1,1.0,6.0,75108,M,4887110.0,230828.0,75
201700053952,17,12,9,1027,1,2,7,1.0,3.0,75108,M,4887530.0,231480.0,75
201700053953,17,12,10,1045,1,2,3,1.0,7.0,75108,M,4886830.0,231235.0,75
201700053954,17,12,10,1430,1,2,1,8.0,6.0,75108,M,4886940.0,231980.0,75
201700053955,17,12,11,450,5,2,2,3.0,3.0,75108,M,4887050.0,230531.0,75
201700053956,17,12,12,1620,1,2,1,1.0,6.0,75108,M,4886600.0,230689.0,75
201700053957,17,12,12,1755,5,2,7,1.0,6.0,75117,M,4887530.0,229473.0,75
201700053958,17,12,13,1830,5,2,2,2.0,6.0,75108,M,4887910.0,230309.0,75
201700053959,17,12,17,115,5,2,7,1.0,6.0,75108,M,4887410.0,229573.0,75
201700053960,17,12,18,840,1,2,1,8.0,4.0,75117,M,4888220.0,231236.0,75
201700053961,17,12,19,1820,5,2,1,1.0,2.0,75108,M,4886500.0,232130.0,75
201700053962,17,12,20,2255,5,2,4,2.0,6.0,75108,M,4887420.0,229955.0,75
201700053963,17,12,21,500,5,2,7,1.0,6.0,75108,M,4887640.0,231272.0,75
201700053964,17,12,21,1030,1,2,3,2.0,6.0,75108,M,4887140.0,230253.0,75
201700053965,17,12,21,1900,5,2,3,2.0,3.0,75108,M,4886710.0,231607.0,75
201700053966,17,12,22,20,5,2,2,8.0,3.0,75108,M,4887010.0,230662.0,75
201700053967,17,12,21,1330,1,2,7,1.0,7.0,75108,M,4887010.0,230102.0,75
201700053968,17,12,26,1130,1,2,4,1.0,3.0,75108,M,4887530.0,232421.0,75
201700053969,17,12,29,130,5,2,2,1.0,2.0,75108,M,4886780.0,231384.0,75
201700053970,17,12,30,450,5,2,2,2.0,3.0,75108,M,4887020.0,231103.0,75
201700053971,17,1,1,2000,5,2,7,1.0,3.0,75101,M,4886400.0,233520.0,75
201700053972,17,1,3,1620,1,2,2,1.0,3.0,75109,M,4887620.0,233536.0,75
201700053973,17,1,4,855,1,2,3,1.0,6.0,75109,M,4887310.0,234787.0,75
201700053974,17,1,7,1445,1,2,1,2.0,6.0,75109,M,4888310.0,234565.0,75
201700053975,17,1,10,55,5,2,1,2.0,6.0,75109,M,4887740.0,232829.0,75
201700053976,17,1,10,626,5,2,3,1.0,6.0,75109,M,4887340.0,232969.0,75
201700053977,17,1,16,1846,5,2,1,1.0,4.0,75102,M,4886940.0,233740.0,75
201700053978,17,1,17,920,1,2,1,1.0,6.0,75109,M,4887840.0,232692.0,75
201700053979,17,1,18,955,1,2,2,1.0,6.0,75109,M,4887020.0,232993.0,75
201700053980,17,1,19,800,2,2,7,1.0,3.0,75109,M,4888330.0,232715.0,75
201700053981,17,1,21,1735,5,2,5,9.0,3.0,75102,M,4886870.0,233310.0,75
201700053982,17,1,23,1905,4,2,1,1.0,3.0,75109,M,4888220.0,233283.0,75
201700053983,17,1,26,1615,1,2,2,1.0,6.0,75109,M,4887440.0,233815.0,75
201700053984,17,1,27,2110,5,2,7,1.0,3.0,75109,M,4887120.0,233237.0,75
201700053985,17,1,29,1900,5,2,7,1.0,3.0,75102,M,4886690.0,234943.0,75
201700053986,17,1,31,100,5,2,2,1.0,3.0,75101,M,4886090.0,234079.0,75
201700053987,17,2,2,1235,1,2,3,2.0,6.0,75109,M,4888050.0,234979.0,75
201700053988,17,2,2,1920,5,2,7,1.0,6.0,75109,M,4887070.0,233257.0,75
201700053989,17,2,4,1625,1,2,7,2.0,3.0,75109,M,4888280.0,234444.0,75
201700053990,17,2,10,55,5,2,1,1.0,6.0,75109,M,4888070.0,233481.0,75
201700053991,17,2,10,2225,5,2,2,1.0,3.0,75109,M,4888020.0,234373.0,75
201700053992,17,2,11,1250,1,2,3,1.0,3.0,75109,M,4887110.0,234568.0,75
201700053993,17,2,14,1710,1,2,5,1.0,2.0,75109,M,4887410.0,234226.0,75
201700053994,17,2,15,130,5,2,2,1.0,3.0,75110,M,4887070.0,234788.0,75
201700053995,17,2,16,825,1,2,3,1.0,3.0,75101,M,4886130.0,233977.0,75
201700053996,17,2,15,2310,5,2,3,1.0,7.0,75109,M,4887220.0,234606.0,75
201700053997,17,2,23,1300,1,2,2,1.0,6.0,75109,M,4888020.0,234373.0,75
201700053998,17,2,23,2020,5,2,1,1.0,6.0,75109,M,4887250.0,233660.0,75
201700053999,17,2,25,2120,5,2,1,1.0,4.0,75109,M,4887120.0,234789.0,75
201700054000,17,2,26,250,5,2,1,1.0,6.0,75109,M,4888070.0,233481.0,75
201700054001,17,2,27,1230,1,2,1,2.0,6.0,75102,M,4887140.0,234384.0,75
201700054002,17,2,28,1859,5,2,2,1.0,6.0,75109,M,4887470.0,233928.0,75
201700054003,17,3,1,1550,1,2,2,2.0,2.0,75109,M,4887360.0,232832.0,75
201700054004,17,3,7,1615,1,2,3,1.0,6.0,75109,M,4888240.0,234669.0,75
201700054005,17,3,8,2325,5,2,2,2.0,3.0,75109,M,4887500.0,233141.0,75
201700054006,17,3,9,2000,5,2,2,1.0,3.0,75102,M,4886530.0,234307.0,75
201700054007,17,3,11,1105,1,2,7,1.0,6.0,75102,M,4886590.0,234146.0,75
201700054008,17,3,13,1200,1,2,1,1.0,3.0,75109,M,4887300.0,233862.0,75
201700054009,17,3,13,1820,1,2,1,1.0,3.0,75109,M,4887380.0,233794.0,75
201700054010,17,3,14,1610,1,2,2,1.0,3.0,75109,M,4887610.0,233709.0,75
201700054011,17,3,16,1620,1,2,5,1.0,6.0,75109,M,4888330.0,234689.0,75
201700054012,17,3,20,744,1,2,5,1.0,6.0,75109,M,4887300.0,234303.0,75
201700054013,17,3,22,705,1,2,5,1.0,6.0,75109,M,4887960.0,232700.0,75
201700054014,17,3,22,1430,1,2,1,1.0,6.0,75109,M,4887090.0,234688.0,75
201700054015,17,3,24,1040,1,2,7,9.0,6.0,75109,M,4887060.0,233206.0,75
201700054016,17,3,25,920,1,2,1,1.0,7.0,75109,M,4887710.0,233717.0,75
201700054017,17,3,27,1357,1,2,2,1.0,6.0,75109,M,4887590.0,234552.0,75
201700054018,17,3,28,1800,1,2,2,1.0,6.0,75109,M,4887420.0,232838.0,75
201700054019,17,4,5,1005,1,2,1,1.0,6.0,75109,M,4887750.0,232809.0,75
201700054020,17,4,5,1135,1,2,7,1.0,3.0,75109,M,4887600.0,234010.0,75
201700054021,17,4,7,105,5,2,1,1.0,3.0,75109,M,4887930.0,234560.0,75
201700054022,17,4,7,1715,1,2,2,1.0,6.0,75109,M,4887730.0,234226.0,75
201700054023,17,4,11,930,1,2,2,1.0,6.0,75109,M,4887360.0,232832.0,75
201700054024,17,4,13,1035,1,2,4,1.0,6.0,75109,M,4887580.0,234821.0,75
201700054025,17,4,13,1900,1,2,3,1.0,6.0,75109,M,4887480.0,233976.0,75
201700054026,17,4,16,1825,1,2,2,1.0,3.0,75102,M,4886920.0,233864.0,75
201700054027,17,4,17,1830,1,2,2,1.0,3.0,75109,M,4887220.0,233829.0,75
201700054028,17,4,18,1920,1,2,1,1.0,3.0,75109,M,4887300.0,232898.0,75
201700054029,17,4,20,1700,1,2,1,1.0,6.0,75109,M,4888070.0,233869.0,75
201700054030,17,4,21,125,5,2,1,1.0,6.0,75109,M,4887330.0,233032.0,75
201700054031,17,4,24,910,1,2,5,1.0,3.0,75103,M,4886900.0,235558.0,75
201700054032,17,4,24,950,1,2,1,1.0,6.0,75109,M,4887190.0,234070.0,75
201700054033,17,4,24,1337,1,2,1,1.0,6.0,75109,M,4887080.0,234745.0,75
201700054034,17,4,25,1305,1,2,7,1.0,6.0,75109,M,4887620.0,233109.0,75
201700054035,17,4,27,1445,1,2,3,2.0,6.0,75109,M,4888180.0,232821.0,75
201700054036,17,4,29,1350,1,2,2,1.0,6.0,75109,M,4887650.0,234432.0,75
201700054037,17,5,5,306,5,2,1,1.0,6.0,75109,M,4887140.0,234387.0,75
201700054038,17,5,5,1024,1,2,1,1.0,6.0,75109,M,4887770.0,234781.0,75
201700054039,17,5,8,1930,1,2,1,2.0,6.0,75109,M,4887330.0,232785.0,75
201700054040,17,5,9,2350,5,2,1,1.0,4.0,75109,M,4887080.0,233299.0,75
201700054041,17,5,10,1615,1,2,3,1.0,6.0,75109,M,4887110.0,234568.0,75
201700054042,17,5,12,1355,1,2,3,2.0,6.0,75109,M,4887560.0,232718.0,75
201700054043,17,5,13,1300,1,2,3,1.0,6.0,75109,M,4888240.0,234669.0,75
201700054044,17,5,22,1840,1,2,2,1.0,6.0,75109,M,4887300.0,232827.0,75
201700054045,17,5,23,1400,1,2,3,1.0,6.0,75109,M,4887590.0,233904.0,75
201700054046,17,5,24,300,5,2,3,1.0,3.0,75109,M,4887730.0,234463.0,75
201700054047,17,5,29,1945,1,2,3,1.0,3.0,75109,M,4887400.0,234428.0,75
201700054048,17,6,6,1140,1,2,2,1.0,6.0,75102,M,4886990.0,234279.0,75
201700054049,17,6,9,1635,1,2,3,1.0,6.0,75109,M,4887860.0,233453.0,75
201700054050,17,6,10,1720,1,2,7,1.0,3.0,75109,M,4887300.0,232827.0,75
201700054051,17,6,11,1000,1,2,4,1.0,2.0,75109,M,4887880.0,233697.0,75
201700054052,17,6,12,730,1,2,5,1.0,3.0,75109,M,4887300.0,234303.0,75
201700054053,17,6,16,1050,1,2,1,1.0,6.0,75109,M,4887660.0,233992.0,75
201700054054,17,6,18,1755,1,2,2,1.0,6.0,75109,M,4887170.0,233819.0,75
201700054055,17,6,19,1855,1,2,1,1.0,3.0,75109,M,4887000.0,232840.0,75
201700054056,17,6,22,1130,1,2,1,1.0,6.0,75109,M,4887430.0,233469.0,75
201700054057,17,6,23,1525,1,2,2,1.0,3.0,75109,M,4887520.0,233518.0,75
201700054058,17,6,23,1620,1,2,2,1.0,6.0,75109,M,4887280.0,233112.0,75
201700054059,17,6,23,1750,1,2,3,1.0,6.0,75109,M,4887730.0,233935.0,75
201700054060,17,6,24,940,1,2,2,1.0,6.0,75102,M,4887070.0,234788.0,75
201700054061,17,6,25,230,5,2,3,1.0,6.0,75109,M,4887340.0,233779.0,75
201700054062,17,6,27,1315,1,2,2,2.0,6.0,75109,M,4888020.0,233532.0,75
201700054063,17,7,1,1520,1,2,7,1.0,3.0,75109,M,4886990.0,232796.0,75
201700054064,17,7,2,1550,1,2,3,1.0,4.0,75109,M,4887870.0,232693.0,75
201700054065,17,7,2,1910,1,2,7,1.0,3.0,75109,M,4887280.0,233112.0,75
201700054066,17,6,28,1245,1,2,3,8.0,7.0,75109,M,4887660.0,234039.0,75
201700054067,17,7,4,130,5,2,1,1.0,6.0,75109,M,4887330.0,233032.0,75
201700054068,17,7,7,800,1,2,3,1.0,2.0,75109,M,4887110.0,234568.0,75
201700054069,17,7,13,1055,1,2,7,1.0,6.0,75109,M,4887680.0,233079.0,75
201700054070,17,7,16,1215,1,2,7,1.0,6.0,75109,M,4887280.0,233112.0,75
201700054071,17,7,12,920,1,2,3,1.0,6.0,75101,M,4886270.0,233525.0,75
201700054072,17,7,21,1040,1,2,3,1.0,3.0,75109,M,4887090.0,234672.0,75
201700054073,17,7,22,1045,1,2,5,1.0,6.0,75109,M,4887310.0,232672.0,75
201700054074,17,7,22,1740,1,2,4,1.0,3.0,75109,M,4887480.0,234136.0,75
201700054075,17,8,5,2355,5,2,3,1.0,2.0,75109,M,4888200.0,234036.0,75
201700054076,17,8,6,500,5,2,1,1.0,6.0,75102,M,4886940.0,233187.0,75
201700054077,17,8,6,1608,1,2,5,1.0,6.0,75109,M,4887310.0,232672.0,75
201700054078,17,8,7,1025,1,2,1,1.0,6.0,75101,M,4886680.0,232805.0,75
201700054079,17,8,17,855,1,2,5,8.0,3.0,75109,M,4886990.0,232796.0,75
201700054080,17,8,18,2005,1,2,3,1.0,5.0,75101,M,4886400.0,233134.0,75
201700054081,17,8,22,1425,1,2,4,1.0,6.0,75109,M,4886970.0,232647.0,75
201700054082,17,8,29,810,1,2,7,1.0,6.0,75109,M,4888330.0,232749.0,75
201700054083,17,8,31,540,1,2,2,1.0,3.0,75101,M,4886590.0,232789.0,75
201700054084,17,9,3,310,5,2,4,1.0,3.0,75103,M,4886100.0,236722.0,75
201700054085,17,9,8,1100,1,2,2,8.0,3.0,75109,M,4887380.0,232704.0,75
201700054086,17,9,9,1635,1,2,2,2.0,6.0,75109,M,4887500.0,233141.0,75
201700054087,17,9,11,1040,1,2,5,1.0,3.0,75109,M,4887290.0,233326.0,75
201700054088,17,9,11,1716,1,2,5,1.0,6.0,75109,M,4887300.0,234303.0,75
201700054089,17,9,14,900,1,2,1,1.0,2.0,75102,M,4887130.0,234422.0,75
201700054090,17,9,15,1550,1,2,3,1.0,6.0,75109,M,4887340.0,232969.0,75
201700054091,17,9,17,1410,1,2,7,1.0,2.0,75109,M,4887560.0,232683.0,75
201700054092,17,9,17,2025,5,2,1,8.0,6.0,75109,M,4888280.0,234434.0,75
201700054093,17,9,18,820,1,2,7,1.0,2.0,75109,M,4887270.0,233520.0,75
201700054094,17,9,20,1405,1,2,2,1.0,3.0,75102,M,4887110.0,233475.0,75
201700054095,17,9,22,220,5,2,4,1.0,6.0,75109,M,4887920.0,234320.0,75
201700054096,17,9,25,1535,1,2,2,1.0,6.0,75109,M,4887610.0,233709.0,75
201700054097,17,9,29,410,5,2,1,1.0,3.0,75109,M,4887600.0,234421.0,75
201700054098,17,9,30,1718,1,2,2,1.0,3.0,75109,M,4887620.0,233109.0,75
201700054099,17,10,2,1638,1,2,7,1.0,4.0,75109,M,4887120.0,233237.0,75
201700054100,17,10,2,1640,1,2,5,1.0,5.0,75109,M,4887290.0,233326.0,75
201700054101,17,10,6,950,1,2,1,1.0,3.0,75103,M,4886820.0,236076.0,75
201700054102,17,10,8,1500,1,2,7,1.0,7.0,75109,M,4887320.0,233110.0,75
201700054103,17,10,15,1930,5,2,2,1.0,6.0,75109,M,4887360.0,232832.0,75
201700054104,17,10,16,1650,1,2,5,1.0,6.0,75109,M,4887830.0,234500.0,75
201700054105,17,10,20,1045,1,2,1,1.0,6.0,75109,M,4888130.0,233994.0,75
201700054106,17,10,20,1230,1,2,1,1.0,6.0,75109,M,4888130.0,233437.0,75
201700054107,17,10,20,2245,5,2,1,1.0,6.0,75109,M,4887340.0,232934.0,75
201700054108,17,10,23,1425,1,2,2,2.0,6.0,75109,M,4887720.0,234895.0,75
201700054109,17,10,25,1255,1,2,3,1.0,6.0,75109,M,4887720.0,232690.0,75
201700054110,17,10,26,2010,5,2,7,1.0,6.0,75109,M,4887320.0,233110.0,75
201700054111,17,10,31,950,1,2,3,1.0,3.0,75109,M,4888270.0,232776.0,75
201700054112,17,11,5,647,5,2,3,1.0,6.0,75109,M,4888280.0,234444.0,75
201700054113,17,11,6,2050,5,2,7,1.0,3.0,75109,M,4888410.0,233080.0,75
201700054114,17,11,10,40,5,2,1,2.0,6.0,75109,M,4887330.0,233032.0,75
201700054115,17,11,10,845,5,2,3,1.0,6.0,75109,M,4887790.0,232690.0,75
201700054116,17,11,11,1925,4,2,7,1.0,3.0,75109,M,4887310.0,233165.0,75
201700054117,17,11,14,1520,1,2,5,1.0,4.0,75109,M,4887510.0,234096.0,75
201700054118,17,11,18,2020,5,2,7,1.0,2.0,75109,M,4887120.0,233237.0,75
201700054119,17,11,21,225,5,2,2,1.0,6.0,75109,M,4887360.0,232832.0,75
201700054120,17,11,21,1655,2,2,3,8.0,6.0,75109,M,4887820.0,234102.0,75
201700054121,17,11,22,1435,1,2,7,1.0,6.0,75109,M,4888370.0,232810.0,75
201700054122,17,11,22,1630,1,2,7,1.0,6.0,75109,M,4887640.0,233248.0,75
201700054123,17,11,22,1200,1,2,7,1.0,6.0,75109,M,4888210.0,233690.0,75
201700054124,17,11,23,2130,5,2,2,2.0,3.0,75109,M,4887430.0,233132.0,75
201700054125,17,11,25,900,1,2,2,2.0,3.0,75109,M,4887960.0,234582.0,75
201700054126,17,11,28,1810,5,2,7,8.0,3.0,75109,M,4887070.0,233257.0,75
201700054127,17,12,1,1501,1,2,5,8.0,6.0,75109,M,4888220.0,233367.0,75
201700054128,17,12,3,1935,5,2,1,2.0,6.0,75109,M,4887740.0,233555.0,75
201700054129,17,12,4,1425,1,2,3,1.0,7.0,75109,M,4887340.0,232969.0,75
201700054130,17,12,4,1937,5,2,3,1.0,6.0,75109,M,4887270.0,233520.0,75
201700054131,17,12,5,1840,5,2,3,1.0,6.0,75109,M,4887010.0,232904.0,75
201700054132,17,12,7,900,2,2,3,2.0,2.0,75109,M,4887270.0,233520.0,75
201700054133,17,12,8,2034,5,2,7,2.0,4.0,75109,M,4887110.0,233186.0,75
201700054134,17,12,10,1700,5,2,1,3.0,6.0,75109,M,4887690.0,234767.0,75
201700054135,17,12,26,1300,1,2,2,1.0,3.0,75109,M,4888230.0,234568.0,75
201700054136,17,12,27,2006,5,2,2,2.0,3.0,75109,M,4887420.0,232692.0,75
201700054137,17,12,31,230,5,2,2,8.0,3.0,75109,M,4887670.0,233706.0,75
201700054138,17,1,4,1000,1,2,2,8.0,6.0,75110,M,4887120.0,237008.0,75
201700054139,17,1,5,1830,5,2,3,1.0,3.0,75110,M,4887780.0,236159.0,75
201700054140,17,1,7,1325,1,2,5,2.0,6.0,75110,M,4888210.0,236325.0,75
201700054141,17,1,9,830,1,2,2,2.0,6.0,75110,M,4887000.0,237099.0,75
201700054142,17,1,9,1000,1,2,3,2.0,6.0,75110,M,4888000.0,236707.0,75
201700054143,17,1,10,1400,1,2,3,1.0,6.0,75110,M,4887700.0,235216.0,75
201700054144,17,1,11,1230,1,2,5,2.0,3.0,75110,M,4887330.0,235877.0,75
201700054145,17,1,13,1825,5,2,4,2.0,3.0,75110,M,4887750.0,236136.0,75
201700054146,17,1,14,2123,5,2,5,1.0,3.0,75110,M,4886900.0,235558.0,75
201700054147,17,1,18,1635,1,2,2,1.0,6.0,75110,M,4888210.0,236325.0,75
201700054148,17,1,22,720,5,2,1,1.0,6.0,75110,M,4887820.0,235528.0,75
201700054149,17,1,22,1350,1,2,2,1.0,3.0,75110,M,4887170.0,235720.0,75
201700054150,17,1,28,2030,5,2,3,1.0,3.0,75110,M,4887870.0,236624.0,75
201700054151,17,1,30,2030,5,2,1,2.0,3.0,75110,M,4887960.0,235685.0,75
201700054152,17,2,2,840,1,2,1,1.0,6.0,75110,M,4887820.0,235432.0,75
201700054153,17,2,3,2010,5,2,5,2.0,3.0,75110,M,4888410.0,236749.0,75
201700054154,17,2,6,920,1,2,2,8.0,3.0,75110,M,4887930.0,235334.0,75
201700054155,17,2,6,1800,2,2,3,1.0,3.0,75110,M,4887920.0,236673.0,75
201700054156,17,2,7,900,1,2,1,2.0,6.0,75110,M,4887960.0,237005.0,75
201700054157,17,2,11,45,5,2,1,1.0,6.0,75110,M,4888430.0,235985.0,75
201700054158,17,2,13,1900,5,2,1,1.0,3.0,75110,M,4888230.0,236820.0,75
201700054159,17,2,15,1515,1,2,2,1.0,6.0,75110,M,4887340.0,235648.0,75
201700054160,17,2,18,450,5,2,2,1.0,6.0,75110,M,4887930.0,235705.0,75