Num_Acc,an,mois,jour,hrmn,lum,agg,int,atm,col,com,gps,lat,long,dep
201700054161,17,2,25,945,1,2,7,1.0,3.0,75110,M,4888050.0,235226.0,75
201700054162,17,2,26,605,5,2,2,1.0,6.0,75110,M,4888150.0,237005.0,75
201700054163,17,2,27,840,1,2,1,1.0,2.0,75110,M,4888080.0,236770.0,75
201700054164,17,2,28,1220,1,2,2,1.0,7.0,75110,M,4888070.0,236241.0,75
201700054165,17,3,1,1340,1,2,2,2.0,6.0,75110,M,4887720.0,235521.0,75
201700054166,17,3,2,1607,1,2,2,1.0,6.0,75110,M,4888160.0,236578.0,75
201700054167,17,3,3,1550,1,2,1,1.0,2.0,75110,M,4887480.0,234801.0,75
201700054168,17,3,3,2025,5,2,1,1.0,6.0,75110,M,4887980.0,234996.0,75
201700054169,17,3,3,1540,1,2,3,1.0,3.0,75110,M,4888250.0,236918.0,75
201700054170,17,3,5,1700,1,2,1,3.0,4.0,75110,M,4887750.0,235494.0,75
201700054171,17,3,7,1820,2,2,1,2.0,2.0,75110,M,4887740.0,237065.0,75
201700054172,17,3,8,1435,1,2,7,8.0,3.0,75110,M,4887780.0,235121.0,75
201700054173,17,3,12,55,5,2,1,1.0,6.0,75103,M,4886830.0,235987.0,75
201700054174,17,3,13,900,1,2,1,1.0,2.0,75110,M,4886950.0,236635.0,75
201700054175,17,3,13,1320,1,2,2,1.0,6.0,75110,M,4888400.0,235553.0,75
201700054176,17,3,14,1320,1,2,1,1.0,6.0,75110,M,4887970.0,235649.0,75
201700054177,17,3,16,1755,1,2,2,1.0,6.0,75110,M,4887900.0,235573.0,75
201700054178,17,3,27,930,1,2,2,1.0,3.0,75110,M,4887100.0,235519.0,75
201700054179,17,3,27,813,1,2,1,1.0,2.0,75110,M,4887200.0,235737.0,75
201700054180,17,3,27,1930,1,2,3,1.0,3.0,75110,M,4887870.0,236624.0,75
201700054181,17,3,29,50,5,2,1,1.0,1.0,75110,M,4887990.0,235915.0,75
201700054182,17,3,29,2110,5,2,7,1.0,6.0,75110,M,4887770.0,237054.0,75
201700054183,17,4,4,1025,1,2,2,1.0,6.0,75110,M,4888370.0,235124.0,75
201700054184,17,4,8,1800,1,2,1,1.0,6.0,75110,M,4887500.0,235988.0,75
201700054185,17,4,8,2050,2,2,7,1.0,3.0,75110,M,4886860.0,236300.0,75
201700054186,17,4,13,200,5,2,2,1.0,6.0,75110,M,4887490.0,235731.0,75
201700054187,17,4,13,740,1,2,4,1.0,3.0,75110,M,4888330.0,234975.0,75
201700054188,17,4,13,1740,1,2,1,1.0,6.0,75110,M,4888270.0,236076.0,75
201700054189,17,4,20,1825,1,2,2,1.0,3.0,75110,M,4887370.0,235826.0,75
201700054190,17,4,20,2340,5,2,1,1.0,6.0,75110,M,4887320.0,237541.0,75
201700054191,17,4,21,1920,1,2,7,1.0,3.0,75110,M,4887800.0,235211.0,75
201700054192,17,4,22,1900,1,2,1,1.0,6.0,75110,M,4887300.0,237573.0,75
201700054193,17,4,23,1940,1,2,2,1.0,6.0,75110,M,4887370.0,236490.0,75
201700054194,17,4,25,1710,1,2,1,1.0,2.0,75110,M,4887090.0,235513.0,75
201700054195,17,4,26,1515,1,2,5,1.0,6.0,75110,M,4887960.0,234947.0,75
201700054196,17,4,27,1500,1,2,1,1.0,3.0,75110,M,4887360.0,235195.0,75
201700054197,17,4,28,745,1,2,3,2.0,6.0,75110,M,4887870.0,236624.0,75
201700054198,17,4,30,1900,2,2,1,3.0,3.0,75110,M,4887870.0,237009.0,75
201700054199,17,4,30,2130,5,2,1,2.0,6.0,75110,M,4887320.0,236567.0,75
201700054200,17,5,3,730,1,2,1,1.0,6.0,75110,M,4886990.0,235454.0,75
201700054201,17,5,3,1515,1,2,2,2.0,3.0,75110,M,4887720.0,234895.0,75
201700054202,17,5,7,250,5,2,2,3.0,6.0,75110,M,4887370.0,235826.0,75
201700054203,17,5,7,430,5,2,1,2.0,6.0,75110,M,4888110.0,235167.0,75
201700054204,17,5,8,1135,1,2,5,1.0,3.0,75110,M,4887530.0,235921.0,75
201700054205,17,5,12,320,5,2,2,1.0,6.0,75110,M,4886930.0,235421.0,75
201700054206,17,5,12,1025,1,2,3,1.0,3.0,75110,M,4887870.0,236624.0,75
201700054207,17,5,19,800,1,2,4,8.0,3.0,75110,M,4888150.0,235134.0,75
201700054208,17,5,20,1420,1,2,1,1.0,6.0,75110,M,4888370.0,235036.0,75
201700054209,17,5,21,2010,1,2,1,1.0,6.0,75110,M,4888040.0,236209.0,75
201700054210,17,5,21,2320,5,2,1,1.0,6.0,75110,M,4887040.0,234923.0,75
201700054211,17,5,22,2345,5,2,3,1.0,6.0,75110,M,4888150.0,235134.0,75
201700054212,17,5,25,340,5,2,1,1.0,6.0,75110,M,4887140.0,236488.0,75
201700054213,17,5,26,1550,1,2,7,7.0,3.0,75110,M,4888400.0,236870.0,75
201700054214,17,5,27,1900,1,2,4,1.0,3.0,75110,M,4888150.0,235134.0,75
201700054215,17,5,31,2245,5,2,1,1.0,6.0,75110,M,4887270.0,237420.0,75
201700054216,17,6,2,810,1,2,7,1.0,3.0,75110,M,4888400.0,236870.0,75
201700054217,17,6,2,1800,1,2,2,2.0,3.0,75110,M,4887900.0,235573.0,75
201700054218,17,6,2,1840,1,2,1,2.0,3.0,75110,M,4887160.0,236221.0,75
201700054219,17,6,5,1330,1,2,1,1.0,6.0,75110,M,4887730.0,236125.0,75
201700054220,17,6,7,2035,1,2,1,1.0,6.0,75110,M,4888230.0,236660.0,75
201700054221,17,6,10,950,1,2,2,1.0,6.0,75110,M,4888370.0,235124.0,75
201700054222,17,6,10,1110,1,2,1,1.0,4.0,75110,M,4887120.0,236065.0,75
201700054223,17,6,12,2315,5,2,5,1.0,3.0,75110,M,4888270.0,237017.0,75
201700054224,17,6,21,1515,1,2,1,1.0,6.0,75110,M,4888060.0,235772.0,75
201700054225,17,6,23,1050,1,2,1,1.0,3.0,75110,M,4887040.0,237070.0,75
201700054226,17,6,25,145,5,2,5,1.0,3.0,75110,M,4886900.0,235558.0,75
201700054227,17,6,26,2200,1,2,1,1.0,6.0,75110,M,4887110.0,236514.0,75
201700054228,17,6,27,810,1,2,5,8.0,3.0,75110,M,4888430.0,236150.0,75
201700054229,17,6,29,1550,1,2,2,8.0,6.0,75110,M,4887820.0,235552.0,75
201700054230,17,7,1,1650,1,2,2,1.0,6.0,75110,M,4886930.0,235421.0,75
201700054231,17,7,2,1340,1,2,7,1.0,3.0,75110,M,4886860.0,236300.0,75
201700054232,17,7,2,2200,2,2,4,1.0,3.0,75110,M,4887880.0,236238.0,75
201700054233,17,7,3,1610,1,2,1,1.0,3.0,75110,M,4886980.0,235601.0,75
201700054234,17,7,3,1610,1,2,1,1.0,6.0,75110,M,4888250.0,236686.0,75
201700054235,17,7,3,1935,1,2,3,1.0,3.0,75110,M,4887930.0,236293.0,75
201700054236,17,7,4,750,1,2,1,1.0,3.0,75110,M,4888370.0,235078.0,75
201700054237,17,7,7,1820,1,2,4,1.0,3.0,75110,M,4888230.0,237002.0,75
201700054238,17,7,11,1240,1,2,5,1.0,3.0,75110,M,4887330.0,235877.0,75
201700054239,17,7,11,1520,1,2,1,1.0,6.0,75110,M,4887280.0,235619.0,75
201700054240,17,7,17,1218,1,2,1,1.0,6.0,75110,M,4887320.0,237009.0,75
201700054241,17,7,24,30,5,2,1,3.0,2.0,75110,M,4888280.0,235016.0,75
201700054242,17,7,24,1200,1,2,1,8.0,6.0,75110,M,4887010.0,235616.0,75
201700054243,17,7,25,1930,2,2,2,1.0,3.0,75110,M,4887100.0,236592.0,75
201700054244,17,7,26,2110,2,2,3,2.0,3.0,75110,M,4887620.0,235611.0,75
201700054245,17,7,28,1320,1,2,3,1.0,3.0,75110,M,4887750.0,236136.0,75
201700054246,17,7,31,1500,1,2,1,1.0,3.0,75119,M,4887750.0,237097.0,75
201700054247,17,8,4,1840,1,2,3,1.0,6.0,75110,M,4888250.0,236694.0,75
201700054248,17,8,9,2330,5,2,1,2.0,6.0,75110,M,4887920.0,235676.0,75
201700054249,17,8,16,700,1,2,4,1.0,3.0,75110,M,4887620.0,235611.0,75
201700054250,17,8,19,2000,1,2,2,1.0,3.0,75110,M,4886930.0,235421.0,75
201700054251,17,8,22,1217,1,2,3,1.0,3.0,75110,M,4887530.0,236333.0,75
201700054252,17,8,24,2210,5,2,1,1.0,2.0,75110,M,4888120.0,236441.0,75
201700054253,17,8,26,215,5,2,1,1.0,6.0,75110,M,4887950.0,235790.0,75
201700054254,17,8,26,1515,1,2,1,1.0,3.0,75110,M,4887260.0,235611.0,75
201700054255,17,8,27,1025,1,2,2,1.0,3.0,75110,M,4888110.0,236516.0,75
201700054256,17,9,1,45,5,2,4,1.0,6.0,75110,M,4887840.0,235421.0,75
201700054257,17,9,2,1550,1,2,2,1.0,3.0,75110,M,4887100.0,236592.0,75
201700054258,17,9,6,140,5,2,5,1.0,2.0,75110,M,4888430.0,235932.0,75
201700054259,17,9,8,2350,5,2,1,3.0,6.0,75103,M,4886840.0,235947.0,75
201700054260,17,9,9,1436,1,2,5,8.0,3.0,75110,M,4887490.0,235731.0,75
201700054261,17,9,9,2330,5,2,5,1.0,3.0,75110,M,4888430.0,235932.0,75
201700054262,17,9,10,1240,1,2,1,1.0,7.0,75110,M,4886940.0,236217.0,75
201700054263,17,9,10,1524,1,2,5,1.0,3.0,75110,M,4887000.0,236370.0,75
201700054264,17,9,11,30,5,2,1,2.0,3.0,75110,M,4887830.0,236185.0,75
201700054265,17,9,11,735,1,2,1,1.0,3.0,75110,M,4887670.0,236090.0,75
201700054266,17,9,12,900,1,2,7,1.0,6.0,75110,M,4887800.0,235211.0,75
201700054267,17,9,12,2220,5,2,1,1.0,6.0,75110,M,4888090.0,236780.0,75
201700054268,17,9,16,245,5,2,1,1.0,2.0,75110,M,4887910.0,235349.0,75
201700054269,17,9,18,1220,1,2,2,1.0,6.0,75110,M,4887610.0,235824.0,75
201700054270,17,9,21,1532,1,2,2,1.0,3.0,75110,M,4888080.0,235114.0,75
201700054271,17,9,26,2114,5,2,3,1.0,6.0,75110,M,4886970.0,236618.0,75
201700054272,17,9,27,1230,1,2,2,1.0,3.0,75110,M,4888270.0,237017.0,75
201700054273,17,10,4,1320,1,2,1,1.0,7.0,75110,M,4886930.0,236229.0,75
201700054274,17,10,4,2100,5,2,7,1.0,5.0,75110,M,4888430.0,236461.0,75
201700054275,17,10,5,2020,5,2,3,1.0,6.0,75110,M,4887720.0,237027.0,75
201700054276,17,10,10,625,5,2,2,8.0,6.0,75110,M,4888130.0,236476.0,75
201700054277,17,10,11,2000,5,2,1,1.0,6.0,75110,M,4887200.0,235737.0,75
201700054278,17,10,12,1040,1,2,1,1.0,6.0,75110,M,4887460.0,235414.0,75
201700054279,17,10,14,1230,1,2,3,1.0,6.0,75110,M,4887170.0,237586.0,75
201700054280,17,10,15,1600,1,2,2,7.0,3.0,75110,M,4887900.0,235573.0,75
201700054281,17,10,16,1835,1,2,1,1.0,6.0,75110,M,4887950.0,236775.0,75
201700054282,17,10,22,420,5,2,3,1.0,6.0,75110,M,4888250.0,236918.0,75
201700054283,17,10,23,30,5,2,3,2.0,6.0,75110,M,4887180.0,236002.0,75
201700054284,17,10,24,910,1,2,7,2.0,3.0,75110,M,4886840.0,236283.0,75
201700054285,17,10,27,800,1,2,1,1.0,6.0,75110,M,4886990.0,235606.0,75
201700054286,17,10,28,1405,1,2,4,1.0,6.0,75110,M,4888250.0,236918.0,75
201700054287,17,10,28,1700,1,2,1,1.0,1.0,75110,M,4888120.0,236419.0,75
201700054288,17,10,30,1505,1,2,1,1.0,6.0,75110,M,4887620.0,236137.0,75
201700054289,17,10,31,1625,1,2,1,1.0,2.0,75110,M,4888240.0,236870.0,75
201700054290,17,11,4,1440,1,2,1,2.0,3.0,75110,M,4887320.0,236201.0,75
201700054291,17,11,5,1750,5,2,5,1.0,6.0,75110,M,4887960.0,234947.0,75
201700054292,17,11,5,2200,5,2,4,1.0,3.0,75110,M,4887880.0,236238.0,75
201700054293,17,11,8,1855,5,2,1,1.0,3.0,75103,M,4886850.0,235858.0,75
201700054294,17,11,8,2110,5,2,4,2.0,3.0,75110,M,4887450.0,236280.0,75
201700054295,17,11,9,1050,1,2,3,8.0,1.0,75110,M,4887100.0,236082.0,75
201700054296,17,11,9,1556,1,2,3,1.0,6.0,75110,M,4887100.0,236082.0,75
201700054297,17,11,9,2105,5,2,7,1.0,1.0,75110,M,4886800.0,236223.0,75
201700054298,17,11,10,1935,5,2,3,1.0,6.0,75110,M,4887000.0,237099.0,75
201700054299,17,11,11,2215,5,2,4,2.0,3.0,75110,M,4887930.0,235334.0,75
201700054300,17,11,12,645,5,2,2,2.0,6.0,75110,M,4887330.0,235877.0,75
201700054301,17,11,13,55,5,2,2,1.0,3.0,75109,M,4887200.0,234791.0,75
201700054302,17,11,14,1450,1,2,7,1.0,5.0,75110,M,4887780.0,235121.0,75
201700054303,17,11,16,955,1,2,2,1.0,6.0,75110,M,4888130.0,236476.0,75
201700054304,17,11,17,1500,1,2,1,8.0,2.0,75110,M,4888070.0,236465.0,75
201700054305,17,11,18,1140,1,2,2,1.0,2.0,75118,M,4888400.0,234141.0,75
201700054306,17,11,18,1520,1,2,1,8.0,3.0,75110,M,4888240.0,236402.0,75
201700054307,17,11,18,2100,5,2,7,8.0,6.0,75110,M,4887810.0,235125.0,75
201700054308,17,11,24,1150,1,2,2,8.0,2.0,75118,M,4888450.0,235932.0,75
201700054309,17,11,27,1835,5,2,1,2.0,6.0,75110,M,4887760.0,235489.0,75
201700054310,17,11,28,815,2,2,2,8.0,2.0,75110,M,4887980.0,235874.0,75
201700054311,17,11,28,1520,1,2,1,1.0,6.0,75110,M,4887410.0,236285.0,75
201700054312,17,11,29,2340,5,2,2,2.0,3.0,75110,M,4888000.0,236707.0,75
201700054313,17,11,30,805,1,2,3,1.0,2.0,75110,M,4887170.0,235720.0,75
201700054314,17,12,7,725,5,2,4,1.0,6.0,75110,M,4887880.0,236238.0,75
201700054315,17,12,9,2230,5,2,1,1.0,6.0,75119,M,4888200.0,237038.0,75
201700054316,17,12,10,2115,5,2,7,2.0,6.0,75110,M,4886800.0,236223.0,75
201700054317,17,12,11,1724,5,2,1,8.0,6.0,75110,M,4886870.0,235715.0,75
201700054318,17,12,12,5,3,2,2,2.0,3.0,75110,M,4887550.0,235772.0,75
201700054319,17,12,15,1510,1,2,1,2.0,6.0,75110,M,4887640.0,235883.0,75
201700054320,17,12,19,1030,1,2,4,8.0,3.0,75110,M,4888150.0,237005.0,75
201700054321,17,12,26,1400,1,2,3,1.0,3.0,75110,M,4887020.0,235046.0,75
201700054322,17,12,28,740,2,2,3,1.0,6.0,75110,M,4887590.0,235954.0,75
201700054323,17,1,1,425,5,2,2,8.0,6.0,75111,M,4887070.0,237815.0,75
201700054324,17,1,2,725,5,2,2,9.0,2.0,75111,M,4886810.0,237243.0,75
201700054325,17,1,3,1135,1,2,3,1.0,3.0,75111,M,4885200.0,237342.0,75
201700054326,17,1,4,1645,3,2,2,2.0,6.0,75111,M,4886540.0,236875.0,75
201700054327,17,1,4,1930,5,2,2,2.0,3.0,75111,M,4885470.0,238535.0,75
201700054328,17,1,10,650,5,2,1,1.0,2.0,75111,M,4886530.0,236542.0,75
201700054329,17,1,10,2020,5,2,1,1.0,3.0,75111,M,4886680.0,236653.0,75
201700054330,17,1,11,1615,1,2,1,6.0,6.0,75111,M,4885280.0,238907.0,75
201700054331,17,1,11,2245,5,2,3,1.0,2.0,75111,M,4885330.0,238772.0,75
201700054332,17,1,14,1330,1,2,1,1.0,3.0,75111,M,4886590.0,237403.0,75
201700054333,17,1,15,305,5,2,3,1.0,6.0,75111,M,4885950.0,236759.0,75
201700054334,17,1,15,1625,2,2,2,2.0,6.0,75111,M,4885560.0,237458.0,75
201700054335,17,1,16,720,1,2,7,1.0,6.0,75111,M,4885370.0,236896.0,75
201700054336,17,1,17,1100,1,2,3,7.0,6.0,75111,M,4885870.0,238431.0,75
201700054337,17,1,17,1930,5,2,5,1.0,6.0,75111,M,4886400.0,237068.0,75
201700054338,17,1,18,1100,1,2,2,1.0,6.0,75111,M,4885640.0,237346.0,75
201700054339,17,1,18,1440,1,2,4,1.0,6.0,75111,M,4885340.0,238266.0,75
201700054340,17,1,18,2010,5,2,1,1.0,2.0,75111,M,4885620.0,239101.0,75
201700054341,17,1,21,2150,5,2,2,1.0,3.0,75111,M,4885650.0,239423.0,75
201700054342,17,1,22,2105,5,2,7,1.0,3.0,75111,M,4884940.0,239531.0,75
201700054343,17,1,24,830,1,2,2,5.0,6.0,75111,M,4885980.0,237685.0,75
201700054344,17,1,24,1345,1,2,2,8.0,7.0,75111,M,4886570.0,237246.0,75
201700054345,17,1,27,1920,5,2,7,1.0,3.0,75111,M,4884940.0,239531.0,75
201700054346,17,1,30,1530,1,2,1,1.0,3.0,75111,M,4886390.0,236983.0,75
201700054347,17,2,1,730,1,2,3,1.0,3.0,75111,M,4885580.0,238158.0,75
201700054348,17,2,1,1830,5,2,2,1.0,3.0,75111,M,4885570.0,237163.0,75
201700054349,17,2,2,1655,1,2,1,2.0,3.0,75111,M,4886730.0,236872.0,75
201700054350,17,2,5,1820,5,2,3,1.0,3.0,75111,M,4886660.0,238125.0,75
201700054351,17,2,7,205,5,2,2,2.0,6.0,75111,M,4886670.0,237348.0,75
201700054352,17,2,8,2015,5,2,7,1.0,2.0,75111,M,4885860.0,237991.0,75
201700054353,17,2,10,935,1,2,2,1.0,3.0,75111,M,4885670.0,237922.0,75
201700054354,17,2,15,1050,1,2,2,1.0,6.0,75111,M,4886590.0,237143.0,75
201700054355,17,2,15,1950,5,2,7,1.0,2.0,75111,M,4885350.0,236952.0,75
201700054356,17,2,16,2120,5,2,2,1.0,3.0,75111,M,4886020.0,238201.0,75
201700054357,17,2,17,410,5,2,7,8.0,3.0,75111,M,4884940.0,239531.0,75
201700054358,17,2,18,1840,5,2,1,1.0,1.0,75111,M,4884940.0,239642.0,75
201700054359,17,2,20,835,1,2,2,1.0,3.0,75111,M,4885070.0,239447.0,75
201700054360,17,2,25,925,1,2,2,1.0,3.0,75111,M,4885330.0,237722.0,75
201700054361,17,2,26,2000,5,2,2,1.0,3.0,75111,M,4887060.0,237756.0,75
201700054362,17,3,1,2050,5,2,3,2.0,6.0,75111,M,4886410.0,238100.0,75
201700054363,17,3,2,820,1,2,2,1.0,3.0,75111,M,4885470.0,238535.0,75
201700054364,17,3,2,1100,1,2,1,1.0,6.0,75111,M,4885150.0,239064.0,75
201700054365,17,3,3,930,1,2,3,1.0,3.0,75111,M,4886900.0,237173.0,75
201700054366,17,3,3,1145,1,2,1,1.0,3.0,75111,M,4886010.0,238642.0,75
201700054367,17,3,3,1200,1,2,3,1.0,3.0,75111,M,4886570.0,237246.0,75
201700054368,17,3,3,1515,1,2,2,1.0,6.0,75111,M,4886810.0,237243.0,75
201700054369,17,3,3,1520,1,2,3,1.0,2.0,75111,M,4885210.0,238958.0,75
201700054370,17,3,3,1830,5,2,2,1.0,6.0,75111,M,4886380.0,237010.0,75
201700054371,17,3,3,2230,5,2,2,1.0,3.0,75111,M,4886240.0,237187.0,75
201700054372,17,3,7,830,1,2,2,1.0,6.0,75111,M,4885540.0,238423.0,75
201700054373,17,3,8,2000,5,2,2,2.0,6.0,75111,M,4886600.0,237075.0,75
201700054374,17,3,8,2300,5,2,3,2.0,3.0,75111,M,4885920.0,237943.0,75
201700054375,17,3,10,1730,1,2,1,1.0,3.0,75111,M,4885610.0,238139.0,75
201700054376,17,3,10,2300,5,2,1,1.0,4.0,75111,M,4886760.0,238224.0,75
201700054377,17,3,10,2350,3,2,1,1.0,3.0,75111,M,4886040.0,237848.0,75
201700054378,17,3,13,2040,5,2,1,1.0,3.0,75111,M,4885480.0,237811.0,75
201700054379,17,3,14,1540,1,2,3,1.0,7.0,75111,M,4885540.0,238423.0,75
201700054380,17,3,16,1040,1,2,3,1.0,3.0,75111,M,4885220.0,237258.0,75
201700054381,17,3,16,1340,1,2,2,1.0,3.0,75111,M,4886400.0,238594.0,75
201700054382,17,3,18,610,5,2,3,1.0,1.0,75111,M,4886420.0,238023.0,75
201700054383,17,3,21,1835,2,2,1,1.0,3.0,75111,M,4886060.0,238162.0,75
201700054384,17,3,24,1515,1,2,1,1.0,6.0,75111,M,4885450.0,237003.0,75
201700054385,17,3,25,1715,1,2,7,1.0,6.0,75111,M,4885790.0,238104.0,75
201700054386,17,3,27,1815,1,2,3,1.0,6.0,75111,M,4884940.0,238947.0,75
201700054387,17,4,1,1645,1,2,5,1.0,3.0,75111,M,4885750.0,237968.0,75
201700054388,17,4,3,1720,1,2,1,1.0,6.0,75111,M,4885500.0,236867.0,75
201700054389,17,4,3,1915,1,2,2,1.0,3.0,75111,M,4885360.0,239266.0,75
201700054390,17,4,4,1255,1,2,3,1.0,3.0,75111,M,4885330.0,238772.0,75
201700054391,17,4,5,1940,1,2,3,1.0,3.0,75111,M,4885200.0,238980.0,75
201700054392,17,4,4,2220,5,2,3,1.0,6.0,75111,M,4886070.0,237525.0,75
201700054393,17,4,6,1130,1,2,2,1.0,3.0,75111,M,4885070.0,239447.0,75
201700054394,17,4,6,1645,1,2,3,1.0,3.0,75111,M,4885040.0,238009.0,75
201700054395,17,4,7,122,5,2,7,1.0,3.0,75111,M,4885370.0,236896.0,75
201700054396,17,4,7,1644,1,2,2,1.0,3.0,75111,M,4886640.0,238022.0,75
201700054397,17,4,7,1930,1,2,1,3.0,6.0,75111,M,4885010.0,239486.0,75
201700054398,17,4,7,1910,1,2,3,1.0,6.0,75111,M,4885330.0,237701.0,75
201700054399,17,4,10,1030,1,2,3,1.0,6.0,75111,M,4885710.0,237120.0,75
201700054400,17,4,10,1455,1,2,3,1.0,3.0,75111,M,4886830.0,238135.0,75
201700054401,17,4,11,1030,1,2,5,3.0,3.0,75111,M,4885130.0,239822.0,75
201700054402,17,4,11,1150,1,2,7,1.0,3.0,75111,M,4884840.0,239670.0,75
201700054403,17,4,12,1100,1,2,4,1.0,6.0,75111,M,4886870.0,236809.0,75
201700054404,17,4,14,1435,1,2,2,1.0,3.0,75111,M,4885800.0,238147.0,75
201700054405,17,4,16,1445,1,2,2,1.0,6.0,75111,M,4886380.0,237010.0,75
201700054406,17,4,16,2010,1,2,3,1.0,3.0,75111,M,4885870.0,238431.0,75
201700054407,17,4,22,1600,1,2,2,1.0,6.0,75111,M,4886840.0,237488.0,75
201700054408,17,4,25,2030,2,2,3,1.0,2.0,75111,M,4885920.0,238621.0,75
201700054409,17,4,26,1440,1,2,1,2.0,3.0,75111,M,4886480.0,237329.0,75
201700054410,17,4,26,1845,1,2,2,2.0,3.0,75111,M,4885950.0,236816.0,75
201700054411,17,4,27,1425,1,2,1,1.0,2.0,75111,M,4885740.0,238484.0,75
201700054412,17,4,27,1900,1,2,1,1.0,2.0,75111,M,4885720.0,237897.0,75
201700054413,17,4,27,2325,5,2,2,1.0,3.0,75111,M,4886620.0,236963.0,75
201700054414,17,4,28,920,1,2,1,2.0,3.0,75111,M,4885090.0,239166.0,75
201700054415,17,4,28,1025,1,2,2,2.0,3.0,75111,M,4886540.0,236875.0,75
201700054416,17,5,1,1935,1,2,1,1.0,6.0,75111,M,4885050.0,238254.0,75
201700054417,17,5,2,1210,1,2,1,1.0,6.0,75111,M,4885360.0,238251.0,75
201700054418,17,5,3,1200,1,2,2,2.0,6.0,75111,M,4886890.0,237260.0,75
201700054419,17,5,4,1310,1,2,1,1.0,6.0,75111,M,4885810.0,237934.0,75
201700054420,17,5,9,2100,2,2,1,1.0,3.0,75111,M,4885370.0,237750.0,75
201700054421,17,5,10,1600,1,2,1,1.0,7.0,75111,M,4885660.0,237729.0,75
201700054422,17,5,11,1240,1,2,3,1.0,5.0,75111,M,4885970.0,237178.0,75
201700054423,17,5,11,1800,1,2,3,1.0,3.0,75111,M,4885390.0,238197.0,75
201700054424,17,5,12,1810,1,2,1,3.0,7.0,75111,M,4886370.0,238276.0,75
201700054425,17,5,13,110,5,2,3,1.0,6.0,75111,M,4886100.0,237475.0,75
201700054426,17,5,13,2015,1,2,1,1.0,6.0,75111,M,4886760.0,237618.0,75
201700054427,17,5,15,1200,1,2,2,1.0,6.0,75111,M,4885130.0,237612.0,75
201700054428,17,5,16,1130,1,2,1,1.0,2.0,75111,M,4887010.0,237480.0,75
201700054429,17,5,17,1550,1,2,2,1.0,2.0,75111,M,4886970.0,237836.0,75
201700054430,17,5,17,2315,5,2,2,2.0,6.0,75111,M,4885460.0,237800.0,75
201700054431,17,5,18,120,5,2,1,3.0,6.0,75111,M,4885380.0,238680.0,75
201700054432,17,5,21,1720,1,2,2,1.0,6.0,75111,M,4885650.0,239423.0,75
201700054433,17,5,22,1230,1,2,1,1.0,3.0,75111,M,4885290.0,238298.0,75
201700054434,17,5,22,1530,1,2,4,1.0,3.0,75111,M,4885740.0,238081.0,75
201700054435,17,5,22,1930,1,2,2,1.0,3.0,75111,M,4886460.0,237798.0,75
201700054436,17,5,22,1350,1,2,7,1.0,6.0,75111,M,4886700.0,236551.0,75
201700054437,17,5,24,1020,1,2,2,1.0,3.0,75111,M,4885720.0,237278.0,75
201700054438,17,5,24,1245,1,2,3,1.0,6.0,75111,M,4886270.0,237960.0,75
201700054439,17,5,24,2030,1,2,3,1.0,6.0,75111,M,4885390.0,238197.0,75
201700054440,17,5,25,2045,1,2,2,1.0,3.0,75111,M,4885870.0,237857.0,75
201700054441,17,5,26,1840,1,2,2,1.0,3.0,75111,M,4886620.0,236963.0,75
201700054442,17,6,1,200,5,2,2,1.0,3.0,75111,M,4885470.0,238535.0,75
201700054443,17,6,1,2130,2,2,4,1.0,6.0,75119,M,4890020.0,238841.0,75
201700054444,17,6,3,945,1,2,1,1.0,3.0,75111,M,4885140.0,237559.0,75
201700054445,17,6,3,2015,2,2,2,2.0,6.0,75111,M,4885890.0,238528.0,75
201700054446,17,6,6,930,1,2,2,1.0,3.0,75111,M,4886630.0,236884.0,75
201700054447,17,6,12,1845,1,2,1,1.0,6.0,75111,M,4885900.0,238412.0,75
201700054448,17,6,13,1000,1,2,4,1.0,3.0,75111,M,4885290.0,238851.0,75
201700054449,17,6,13,1120,1,2,2,1.0,6.0,75111,M,4885520.0,237033.0,75
201700054450,17,6,13,1010,1,2,1,1.0,6.0,75111,M,4886270.0,238191.0,75
201700054451,17,6,15,2350,5,2,5,1.0,6.0,75111,M,4885030.0,239259.0,75
201700054452,17,6,19,1830,1,2,2,1.0,3.0,75111,M,4886260.0,236730.0,75
201700054453,17,6,21,1515,1,2,3,1.0,3.0,75111,M,4886060.0,237828.0,75
201700054454,17,6,21,1907,1,2,1,1.0,6.0,75111,M,4886420.0,238578.0,75
201700054455,17,6,22,810,1,2,1,1.0,6.0,75111,M,4885110.0,238994.0,75
201700054456,17,6,22,1550,1,2,2,1.0,3.0,75111,M,4885810.0,237164.0,75
201700054457,17,6,22,1900,1,2,1,1.0,6.0,75111,M,4885080.0,239178.0,75
201700054458,17,6,22,1945,1,2,1,1.0,6.0,75111,M,4885700.0,236856.0,75
201700054459,17,6,23,1250,1,2,1,1.0,6.0,75111,M,4886720.0,236821.0,75
201700054460,17,6,23,1825,1,2,3,1.0,2.0,75111,M,4886320.0,238559.0,75
201700054461,17,6,23,1855,1,2,2,1.0,3.0,75111,M,4885070.0,239447.0,75
201700054462,17,6,24,1730,1,2,1,1.0,2.0,75111,M,4885000.0,239311.0,75