Num_Acc,an,mois,jour,hrmn,lum,agg,int,atm,col,com,gps,lat,long,dep
201700054463,17,6,28,1015,1,2,3,1.0,6.0,75111,M,4886020.0,237195.0,75
201700054464,17,6,29,1530,1,2,3,1.0,6.0,75111,M,4885590.0,238332.0,75
201700054465,17,7,4,1650,1,2,5,1.0,3.0,75111,M,4885680.0,237045.0,75
201700054466,17,7,4,2215,5,2,1,1.0,3.0,75111,M,4886400.0,236964.0,75
201700054467,17,7,6,1040,1,2,3,2.0,2.0,75111,M,4885920.0,237943.0,75
201700054468,17,7,7,1955,1,2,4,1.0,3.0,75111,M,4884880.0,239297.0,75
201700054469,17,7,9,415,5,2,2,1.0,3.0,75111,M,4886400.0,237068.0,75
201700054470,17,7,10,1655,1,2,7,2.0,3.0,75120,M,4886290.0,238742.0,75
201700054471,17,7,12,1820,1,2,1,8.0,6.0,75111,M,4886600.0,237396.0,75
201700054472,17,7,17,810,1,2,3,1.0,6.0,75111,M,4885230.0,237412.0,75
201700054473,17,7,18,1500,1,2,1,1.0,3.0,75111,M,4886830.0,236730.0,75
201700054474,17,7,18,1610,1,2,2,1.0,6.0,75111,M,4886490.0,236653.0,75
201700054475,17,7,18,1825,1,2,1,1.0,6.0,75111,M,4886840.0,238115.0,75
201700054476,17,7,21,1420,1,2,1,1.0,6.0,75111,M,4886500.0,237052.0,75
201700054477,17,7,21,1945,1,2,2,1.0,3.0,75111,M,4886250.0,236688.0,75
201700054478,17,7,24,1630,1,2,1,8.0,4.0,75111,M,4885230.0,237214.0,75
201700054479,17,7,26,840,1,2,2,1.0,2.0,75111,M,4886490.0,236653.0,75
201700054480,17,7,29,2300,5,2,2,1.0,3.0,75111,M,4886380.0,237010.0,75
201700054481,17,7,31,1908,1,2,5,1.0,6.0,75111,M,4886400.0,237068.0,75
201700054482,17,8,5,1040,1,2,3,1.0,6.0,75111,M,4886160.0,238471.0,75
201700054483,17,8,6,1340,1,2,1,1.0,6.0,75111,M,4885420.0,238337.0,75
201700054484,17,8,8,1015,1,2,3,8.0,2.0,75111,M,4886370.0,236635.0,75
201700054485,17,8,12,2220,5,2,2,2.0,3.0,75111,M,4886380.0,237010.0,75
201700054486,17,8,12,2300,5,2,2,1.0,2.0,75111,M,4886160.0,237732.0,75
201700054487,17,8,18,1120,1,2,2,2.0,3.0,75111,M,4886440.0,236901.0,75
201700054488,17,8,19,2030,2,2,7,1.0,4.0,75111,M,4885350.0,236952.0,75
201700054489,17,8,24,1415,1,2,3,1.0,6.0,75111,M,4885660.0,238561.0,75
201700054490,17,8,31,1315,1,2,7,1.0,6.0,75111,M,4885860.0,237991.0,75
201700054491,17,9,1,1830,1,2,3,2.0,7.0,75111,M,4886070.0,236729.0,75
201700054492,17,9,1,2330,5,2,5,2.0,2.0,75111,M,4886400.0,238129.0,75
201700054493,17,9,3,340,5,2,1,6.0,6.0,75111,M,4886580.0,237168.0,75
201700054494,17,9,4,1650,1,2,3,1.0,7.0,75111,M,4885400.0,238226.0,75
201700054495,17,9,7,1900,1,2,1,1.0,6.0,75111,M,4885780.0,239005.0,75
201700054496,17,9,8,2000,5,2,5,3.0,2.0,75111,M,4885030.0,239259.0,75
201700054497,17,9,10,330,5,2,7,2.0,3.0,75104,M,4885290.0,236834.0,75
201700054498,17,9,12,1710,1,2,1,1.0,6.0,75111,M,4885690.0,238004.0,75
201700054499,17,9,13,2046,5,2,5,2.0,3.0,75111,M,4886600.0,237075.0,75
201700054500,17,9,17,207,5,2,1,1.0,6.0,75111,M,4886000.0,237189.0,75
201700054501,17,9,18,1430,1,2,1,1.0,3.0,75111,M,4885110.0,239741.0,75
201700054502,17,9,18,1830,1,2,2,1.0,3.0,75111,M,4885510.0,238712.0,75
201700054503,17,9,19,2205,5,2,2,1.0,3.0,75111,M,4885710.0,238512.0,75
201700054504,17,9,20,1730,1,2,2,1.0,3.0,75111,M,4886440.0,236901.0,75
201700054505,17,9,20,1932,1,2,2,1.0,3.0,75111,M,4886630.0,236884.0,75
201700054506,17,9,21,1040,1,2,2,1.0,2.0,75111,M,4884840.0,239832.0,75
201700054507,17,9,22,855,1,2,1,1.0,6.0,75120,M,4886660.0,238354.0,75
201700054508,17,9,23,20,5,2,2,1.0,3.0,75111,M,4885570.0,236848.0,75
201700054509,17,9,23,1530,1,2,1,1.0,6.0,75111,M,4886990.0,237354.0,75
201700054510,17,9,22,2305,5,2,4,1.0,6.0,75111,M,4885370.0,236896.0,75
201700054511,17,9,23,1320,1,2,1,1.0,6.0,75111,M,4885150.0,237686.0,75
201700054512,17,9,24,1545,1,2,1,1.0,6.0,75111,M,4886160.0,237378.0,75
201700054513,17,9,25,1100,1,2,3,1.0,3.0,75112,M,4884970.0,238732.0,75
201700054514,17,9,24,2135,5,2,2,1.0,6.0,75111,M,4886250.0,236688.0,75
201700054515,17,9,26,1920,5,2,3,1.0,6.0,75111,M,4885560.0,239010.0,75
201700054516,17,9,27,920,1,2,1,8.0,6.0,75111,M,4885050.0,239302.0,75
201700054517,17,9,28,930,1,2,3,8.0,3.0,75111,M,4886650.0,236813.0,75
201700054518,17,9,28,1110,1,2,2,8.0,3.0,75111,M,4886250.0,236688.0,75
201700054519,17,9,29,1645,1,2,2,1.0,2.0,75111,M,4886190.0,237209.0,75
201700054520,17,9,30,1055,1,2,2,1.0,6.0,75111,M,4886670.0,237348.0,75
201700054521,17,9,30,455,5,2,1,2.0,2.0,75111,M,4885190.0,237365.0,75
201700054522,17,10,1,140,5,2,1,6.0,6.0,75111,M,4886150.0,236709.0,75
201700054523,17,10,4,2040,5,2,1,1.0,6.0,75111,M,4885860.0,237127.0,75
201700054524,17,10,6,1500,1,2,2,1.0,3.0,75111,M,4886670.0,236709.0,75
201700054525,17,10,8,955,1,2,1,8.0,2.0,75111,M,4885630.0,238258.0,75
201700054526,17,10,5,1730,1,2,3,1.0,6.0,75111,M,4885270.0,238864.0,75
201700054527,17,10,9,1620,1,2,7,1.0,3.0,75111,M,4884850.0,239511.0,75
201700054528,17,10,9,1745,1,2,2,1.0,3.0,75111,M,4885470.0,238535.0,75
201700054529,17,10,10,1330,1,2,1,1.0,6.0,75111,M,4885430.0,236993.0,75
201700054530,17,10,10,1620,1,2,3,1.0,6.0,75111,M,4886270.0,237960.0,75
201700054531,17,10,10,2020,5,2,1,1.0,6.0,75111,M,4885930.0,237760.0,75
201700054532,17,10,11,350,5,2,2,1.0,6.0,75111,M,4886520.0,237516.0,75
201700054533,17,10,13,2030,5,2,2,1.0,2.0,75111,M,4885040.0,238447.0,75
201700054534,17,10,14,1250,1,2,2,1.0,6.0,75111,M,4886160.0,237732.0,75
201700054535,17,10,14,1640,1,2,1,1.0,6.0,75111,M,4885250.0,238479.0,75
201700054536,17,10,15,200,5,2,2,1.0,3.0,75111,M,4885570.0,237163.0,75
201700054537,17,10,15,1815,1,2,3,1.0,3.0,75111,M,4886490.0,238500.0,75
201700054538,17,10,16,920,1,2,2,1.0,6.0,75111,M,4886730.0,237589.0,75
201700054539,17,10,16,1000,1,2,7,1.0,6.0,75112,M,4883920.0,239668.0,75
201700054540,17,10,19,1520,1,2,2,1.0,3.0,75111,M,4885710.0,236883.0,75
201700054541,17,10,19,2112,5,2,5,1.0,6.0,75111,M,4886530.0,237452.0,75
201700054542,17,10,20,2112,5,2,2,1.0,6.0,75111,M,4886520.0,237516.0,75
201700054543,17,10,21,204,5,2,2,1.0,6.0,75111,M,4885130.0,237612.0,75
201700054544,17,10,21,1920,5,2,3,1.0,2.0,75111,M,4886400.0,237549.0,75
201700054545,17,10,22,5,5,2,3,1.0,3.0,75111,M,4886490.0,238500.0,75
201700054546,17,10,23,745,2,2,3,1.0,6.0,75111,M,4885400.0,238226.0,75
201700054547,17,10,23,1345,1,2,3,8.0,2.0,75111,M,4886360.0,238335.0,75
201700054548,17,10,23,1915,5,2,2,2.0,6.0,75111,M,4885570.0,236848.0,75
201700054549,17,10,24,1700,1,2,2,1.0,6.0,75111,M,4886260.0,236730.0,75
201700054550,17,10,24,2340,5,2,1,1.0,2.0,75112,M,4883380.0,238202.0,75
201700054551,17,10,26,800,1,2,1,1.0,7.0,75111,M,4885200.0,237646.0,75
201700054552,17,10,28,410,5,2,2,1.0,3.0,75111,M,4886540.0,236875.0,75
201700054553,17,11,3,2150,5,2,3,1.0,6.0,75111,M,4885540.0,238423.0,75
201700054554,17,11,4,520,5,2,1,1.0,6.0,75111,M,4885250.0,237159.0,75
201700054555,17,11,4,1900,5,2,1,1.0,4.0,75111,M,4886770.0,237275.0,75
201700054556,17,11,5,1255,1,2,1,1.0,6.0,75111,M,4886180.0,237279.0,75
201700054557,17,11,7,1235,1,2,1,1.0,3.0,75111,M,4884950.0,239407.0,75
201700054558,17,11,9,1155,1,2,3,2.0,1.0,75111,M,4885550.0,238964.0,75
201700054559,17,11,9,1700,2,2,1,8.0,3.0,75111,M,4885970.0,238825.0,75
201700054560,17,11,11,2015,5,2,2,2.0,3.0,75111,M,4886570.0,237246.0,75
201700054561,17,11,12,930,1,2,3,3.0,3.0,75111,M,4885050.0,237938.0,75
201700054562,17,11,13,1815,5,2,2,1.0,6.0,75111,M,4886470.0,238294.0,75
201700054563,17,11,10,2145,5,2,2,1.0,6.0,75111,M,4886530.0,237452.0,75
201700054564,17,11,14,1450,1,2,3,1.0,6.0,75111,M,4885460.0,237800.0,75
201700054565,17,11,14,1704,2,2,2,1.0,6.0,75111,M,4886160.0,237732.0,75
201700054566,17,11,14,1750,5,2,1,1.0,3.0,75111,M,4886430.0,237983.0,75
201700054567,17,11,17,915,1,2,1,2.0,6.0,75111,M,4886000.0,237761.0,75
201700054568,17,11,18,1345,1,2,2,1.0,2.0,75111,M,4885620.0,238280.0,75
201700054569,17,11,18,2120,5,2,1,1.0,6.0,75111,M,4885480.0,238589.0,75
201700054570,17,11,21,850,1,2,4,1.0,3.0,75111,M,4886020.0,237195.0,75
201700054571,17,11,21,1200,1,2,2,1.0,3.0,75111,M,4886600.0,237075.0,75
201700054572,17,11,23,340,5,2,3,1.0,6.0,75111,M,4885040.0,238563.0,75
201700054573,17,11,23,704,5,2,2,1.0,6.0,75111,M,4886420.0,237113.0,75
201700054574,17,11,24,1005,1,2,1,2.0,6.0,75111,M,4885230.0,237222.0,75
201700054575,17,11,26,1305,1,2,4,1.0,6.0,75111,M,4885470.0,236951.0,75
201700054576,17,11,26,1925,5,2,2,1.0,3.0,75111,M,4886310.0,237131.0,75
201700054577,17,11,26,1950,5,2,3,1.0,3.0,75111,M,4885910.0,237493.0,75
201700054578,17,11,27,1230,1,2,1,1.0,6.0,75111,M,4886810.0,236853.0,75
201700054579,17,11,30,945,1,2,2,1.0,7.0,75111,M,4885980.0,237685.0,75
201700054580,17,11,30,945,1,2,2,1.0,6.0,75111,M,4885850.0,238366.0,75
201700054581,17,12,3,1940,5,2,1,8.0,7.0,75111,M,4885090.0,239166.0,75
201700054582,17,12,4,1330,1,2,1,1.0,3.0,75111,M,4886550.0,237438.0,75
201700054583,17,12,5,900,1,2,4,8.0,6.0,75111,M,4885670.0,237922.0,75
201700054584,17,12,6,1220,1,2,3,1.0,6.0,75111,M,4885580.0,237507.0,75
201700054585,17,12,6,1413,1,2,5,8.0,2.0,75111,M,4886220.0,237277.0,75
201700054586,17,12,9,300,3,2,3,2.0,3.0,75111,M,4886530.0,238453.0,75
201700054587,17,12,10,1700,5,2,3,1.0,3.0,75111,M,4885400.0,238226.0,75
201700054588,17,12,14,550,5,2,1,2.0,3.0,75111,M,4886270.0,238665.0,75
201700054589,17,12,15,1345,1,2,3,2.0,6.0,75111,M,4886010.0,237261.0,75
201700054590,17,12,15,2240,5,2,7,2.0,2.0,75111,M,4885320.0,237022.0,75
201700054591,17,12,16,850,1,2,2,1.0,2.0,75111,M,4885980.0,238870.0,75
201700054592,17,12,20,1620,1,2,4,2.0,3.0,75111,M,4886140.0,236714.0,75
201700054593,17,12,22,245,5,2,2,1.0,6.0,75111,M,4886600.0,237075.0,75
201700054594,17,12,27,1320,1,2,2,1.0,3.0,75111,M,4886570.0,237246.0,75
201700054595,17,12,29,1115,1,2,2,2.0,3.0,75111,M,4885820.0,238646.0,75
201700054596,17,12,29,1645,2,2,2,2.0,6.0,75111,M,4885070.0,239447.0,75
201700054597,17,12,30,1745,5,2,2,2.0,7.0,75111,M,4886250.0,236688.0,75
201700054598,17,1,1,430,5,2,7,1.0,3.0,75112,M,4884730.0,239572.0,75
201700054599,17,1,2,1801,4,2,5,1.0,6.0,75112,M,4884430.0,238153.0,75
201700054600,17,1,3,1725,5,2,7,1.0,6.0,75112,M,4883930.0,239587.0,75
201700054601,17,1,4,1815,5,2,1,2.0,6.0,75112,M,4883820.0,239013.0,75
201700054602,17,1,4,2028,5,2,2,1.0,3.0,75112,M,4884700.0,238376.0,75
201700054603,17,1,5,950,1,2,1,1.0,1.0,75112,M,4884790.0,239779.0,75
201700054604,17,1,5,1000,1,2,5,1.0,6.0,75112,M,4885050.0,237570.0,75
201700054605,17,1,5,1715,5,2,1,1.0,1.0,75112,M,4882940.0,245130.0,75
201700054606,17,1,5,1845,5,2,1,1.0,3.0,75112,M,4883330.0,238265.0,75
201700054607,17,1,6,330,5,2,1,1.0,1.0,75112,M,4884500.0,236617.0,75
201700054608,17,1,6,2010,3,2,1,1.0,4.0,75112,M,4883650.0,244159.0,75
201700054609,17,1,7,1740,5,2,1,2.0,3.0,75112,M,4884130.0,240933.0,75
201700054610,17,1,8,2040,5,2,7,2.0,6.0,75112,M,4884820.0,239432.0,75
201700054611,17,1,9,920,1,2,1,2.0,6.0,75112,M,4883430.0,238142.0,75
201700054612,17,1,9,2245,5,2,2,2.0,2.0,75112,M,4883850.0,237592.0,75
201700054613,17,1,13,1540,1,2,2,2.0,3.0,75112,M,4884090.0,240468.0,75
201700054614,17,1,13,2330,5,2,1,1.0,6.0,75112,M,4885000.0,237475.0,75
201700054615,17,1,14,240,5,2,1,2.0,6.0,75112,M,4883390.0,238195.0,75
201700054616,17,1,16,950,1,2,1,8.0,6.0,75112,M,4882880.0,241918.0,75
201700054617,17,1,17,1545,1,2,2,1.0,3.0,75112,M,4884870.0,237253.0,75
201700054618,17,1,19,1420,1,2,1,1.0,6.0,75112,M,4884420.0,240560.0,75
201700054619,17,1,20,2115,5,2,1,1.0,2.0,75112,M,4883600.0,240536.0,75
201700054620,17,1,25,1405,1,2,1,1.0,6.0,75112,M,4883220.0,241573.0,75
201700054621,17,1,26,1920,5,2,1,1.0,3.0,75112,M,4882920.0,238753.0,75
201700054622,17,1,27,1826,3,2,2,1.0,6.0,75112,M,4884630.0,237745.0,75
201700054623,17,1,27,1850,5,2,4,1.0,3.0,75112,M,4881860.0,244289.0,75
201700054624,17,1,29,1410,1,2,4,1.0,6.0,75111,M,4884940.0,238947.0,75
201700054625,17,1,31,1240,1,2,1,2.0,3.0,75112,M,4885000.0,237475.0,75
201700054626,17,1,31,1835,5,2,1,1.0,6.0,75112,M,4883940.0,243766.0,75
201700054627,17,2,1,1150,1,2,2,1.0,2.0,75120,M,4884700.0,241119.0,75
201700054628,17,2,8,2205,5,2,2,1.0,3.0,75112,M,4883180.0,239765.0,75
201700054629,17,2,10,1715,1,2,1,2.0,3.0,75112,M,4885280.0,237115.0,75
201700054630,17,2,11,1810,5,2,4,1.0,2.0,75112,M,4884810.0,236759.0,75
201700054631,17,2,14,45,5,2,5,1.0,3.0,75112,M,4884730.0,237529.0,75
201700054632,17,2,14,1225,1,2,3,1.0,6.0,75112,M,4885270.0,237124.0,75
201700054633,17,2,14,1930,5,2,1,1.0,3.0,75112,M,4883790.0,240004.0,75
201700054634,17,2,16,1010,1,2,1,2.0,3.0,75112,M,4884670.0,239559.0,75
201700054635,17,2,17,2030,5,2,1,1.0,7.0,75112,M,4882700.0,239086.0,75
201700054636,17,2,18,2215,5,2,7,1.0,3.0,75112,M,4884770.0,239465.0,75
201700054637,17,2,18,2120,5,2,2,1.0,6.0,75112,M,4884800.0,239283.0,75
201700054638,17,2,21,755,1,2,1,1.0,3.0,75112,M,4883590.0,239231.0,75
201700054639,17,2,21,1820,5,2,1,1.0,6.0,75112,M,4883840.0,239294.0,75
201700054640,17,2,22,920,1,2,5,1.0,3.0,75112,M,4882840.0,238825.0,75
201700054641,17,2,22,1635,1,2,1,1.0,6.0,75112,M,4884690.0,240921.0,75
201700054642,17,2,23,1030,1,2,1,1.0,3.0,75112,M,4883500.0,239304.0,75
201700054643,17,2,24,2115,5,2,1,1.0,6.0,75112,M,4883410.0,238312.0,75
201700054644,17,2,25,1810,5,2,1,1.0,2.0,75112,M,4883850.0,242714.0,75
201700054645,17,2,26,1007,1,2,2,1.0,6.0,75112,M,4882480.0,244314.0,75
201700054646,17,2,28,1650,1,2,1,1.0,2.0,75112,M,4883460.0,239354.0,75
201700054647,17,2,28,2310,5,2,7,2.0,6.0,75112,M,4884590.0,237232.0,75
201700054648,17,3,2,725,2,2,2,1.0,3.0,75112,M,4882060.0,244532.0,75
201700054649,17,3,2,850,1,2,7,1.0,6.0,75112,M,4884020.0,243645.0,75
201700054650,17,3,2,1540,1,2,3,1.0,3.0,75112,M,4884600.0,237799.0,75
201700054651,17,3,2,1825,2,2,1,1.0,3.0,75112,M,4883270.0,241480.0,75
201700054652,17,3,3,1115,1,2,1,1.0,2.0,75112,M,4884900.0,236800.0,75
201700054653,17,3,3,1545,1,2,1,1.0,6.0,75112,M,4884670.0,238734.0,75
201700054654,17,3,4,1505,1,2,1,2.0,6.0,75112,M,4884750.0,237053.0,75
201700054655,17,3,4,1420,1,2,3,2.0,3.0,75112,M,4884640.0,241390.0,75
201700054656,17,3,4,1720,1,2,1,2.0,6.0,75112,M,4883410.0,242030.0,75
201700054657,17,3,6,1930,2,2,1,1.0,4.0,75112,M,4885040.0,238187.0,75
201700054658,17,3,6,2250,5,2,2,2.0,3.0,75112,M,4884580.0,236760.0,75
201700054659,17,3,9,1056,1,2,2,1.0,3.0,75112,M,4884870.0,237253.0,75
201700054660,17,3,10,1130,1,2,1,1.0,3.0,75111,M,4884920.0,239055.0,75
201700054661,17,3,12,535,5,2,2,1.0,6.0,75112,M,4882080.0,246031.0,75
201700054662,17,3,12,1720,1,2,1,1.0,6.0,75112,M,4883890.0,245913.0,75
201700054663,17,3,13,820,1,2,1,1.0,7.0,75112,M,4883990.0,239571.0,75
201700054664,17,3,13,2200,5,2,2,1.0,3.0,75112,M,4884610.0,237617.0,75
201700054665,17,3,14,1800,1,2,1,1.0,4.0,75112,M,4883600.0,237901.0,75
201700054666,17,3,15,1800,1,2,1,1.0,1.0,75112,M,4883460.0,241894.0,75
201700054667,17,3,16,2305,5,2,5,1.0,3.0,75112,M,4885130.0,237612.0,75
201700054668,17,3,17,820,1,2,1,1.0,2.0,75112,M,4883550.0,245348.0,75
201700054669,17,3,17,2050,5,2,5,1.0,6.0,75112,M,4884210.0,244900.0,75
201700054670,17,3,18,200,5,2,1,2.0,7.0,75112,M,4884160.0,245019.0,75
201700054671,17,3,18,350,5,2,3,1.0,6.0,75112,M,4885050.0,237938.0,75
201700054672,17,3,18,1730,1,2,4,1.0,3.0,75112,M,4884430.0,244043.0,75
201700054673,17,3,18,1915,5,2,3,1.0,6.0,75112,M,4884480.0,238047.0,75
201700054674,17,3,19,1555,1,2,1,1.0,3.0,75112,M,4883920.0,239213.0,75
201700054675,17,3,20,915,1,2,1,1.0,3.0,75112,M,4883670.0,240144.0,75
201700054676,17,3,20,1302,1,2,1,1.0,6.0,75112,M,4884070.0,243554.0,75
201700054677,17,3,21,2020,3,2,1,1.0,2.0,75120,M,4886850.0,241320.0,75
201700054678,17,3,22,1505,1,2,1,1.0,3.0,75112,M,4883700.0,243159.0,75
201700054679,17,3,24,540,5,2,1,2.0,2.0,75112,M,4883480.0,238103.0,75
201700054680,17,3,24,850,1,2,1,3.0,2.0,75112,M,4883620.0,237883.0,75
201700054681,17,3,24,2030,5,2,3,1.0,3.0,75112,M,4883030.0,238616.0,75
201700054682,17,3,25,2350,5,2,1,1.0,7.0,75112,M,4883330.0,238265.0,75
201700054683,17,3,26,1642,1,2,7,1.0,6.0,75112,M,4884870.0,237785.0,75
201700054684,17,3,27,1800,1,2,2,1.0,3.0,75112,M,4884700.0,238376.0,75
201700054685,17,3,28,1620,1,2,3,1.0,2.0,75112,M,4883050.0,238654.0,75
201700054686,17,3,28,1732,1,2,7,1.0,3.0,75112,M,4883980.0,239494.0,75
201700054687,17,3,28,1910,1,2,4,1.0,3.0,75112,M,4884710.0,238501.0,75
201700054688,17,3,30,1234,1,2,2,1.0,3.0,75112,M,4884430.0,241032.0,75
201700054689,17,3,31,50,5,2,7,7.0,7.0,75112,M,4883550.0,240668.0,75
201700054690,17,4,1,5,5,2,5,1.0,3.0,75112,M,4884430.0,241032.0,75
201700054691,17,4,1,230,5,2,2,1.0,3.0,75112,M,4884740.0,238675.0,75
201700054692,17,4,2,2005,2,2,1,1.0,3.0,75112,M,4885030.0,238240.0,75
201700054693,17,4,4,1620,1,2,1,1.0,3.0,75112,M,4885220.0,237247.0,75
201700054694,17,4,4,1830,1,2,1,1.0,2.0,75112,M,4883940.0,245073.0,75
201700054695,17,4,5,1035,1,2,1,1.0,6.0,75112,M,4882980.0,241858.0,75
201700054696,17,4,4,2145,5,2,3,1.0,2.0,75112,M,4883370.0,238244.0,75
201700054697,17,4,7,830,1,2,1,1.0,3.0,75112,M,4883850.0,239583.0,75
201700054698,17,4,7,1720,1,2,3,1.0,7.0,75112,M,4883840.0,239868.0,75
201700054699,17,4,7,2350,5,2,1,7.0,6.0,75112,M,4883850.0,238972.0,75
201700054700,17,4,8,1430,1,2,2,1.0,2.0,75112,M,4884720.0,240618.0,75
201700054701,17,4,8,2359,5,2,3,3.0,3.0,75112,M,4883250.0,239652.0,75
201700054702,17,4,10,1630,1,2,1,1.0,6.0,75112,M,4884620.0,237455.0,75
201700054703,17,4,12,1910,1,2,3,1.0,6.0,75112,M,4884440.0,238971.0,75
201700054704,17,4,12,2010,1,2,2,1.0,3.0,75112,M,4883750.0,245197.0,75
201700054705,17,4,13,1045,1,2,7,1.0,3.0,75112,M,4883970.0,239619.0,75
201700054706,17,4,13,2206,5,2,2,1.0,6.0,75112,M,4884800.0,237141.0,75
201700054707,17,4,14,2150,5,2,5,1.0,3.0,75112,M,4884730.0,237529.0,75
201700054708,17,4,15,1605,1,2,2,1.0,6.0,75112,M,4884410.0,241174.0,75
201700054709,17,4,17,2200,5,2,3,1.0,1.0,75112,M,4883690.0,246814.0,75
201700054710,17,4,19,900,1,2,7,1.0,4.0,75112,M,4883570.0,238605.0,75
201700054711,17,3,31,1145,1,2,1,1.0,6.0,75112,M,4883680.0,241306.0,75
201700054712,17,4,20,1155,1,2,1,1.0,6.0,75112,M,4883390.0,238677.0,75
201700054713,17,4,21,1035,1,2,1,1.0,3.0,75112,M,4883760.0,239092.0,75
201700054714,17,4,22,155,5,2,2,1.0,7.0,75112,M,4884110.0,238899.0,75
201700054715,17,4,22,300,5,2,3,1.0,6.0,75112,M,4883560.0,243128.0,75
201700054716,17,4,22,1230,1,2,7,1.0,3.0,75112,M,4884580.0,236760.0,75
201700054717,17,4,24,850,1,2,7,1.0,3.0,75112,M,4885260.0,236962.0,75
201700054718,17,4,24,2255,5,2,1,1.0,6.0,75112,M,4883310.0,240496.0,75
201700054719,17,4,25,945,1,2,3,1.0,6.0,75112,M,4884530.0,238099.0,75
201700054720,17,4,25,1555,1,2,1,1.0,6.0,75112,M,4884930.0,237799.0,75
201700054721,17,4,25,1940,1,2,2,1.0,3.0,75112,M,4883620.0,239465.0,75
201700054722,17,4,26,1900,1,2,1,8.0,6.0,75112,M,4883640.0,238760.0,75
201700054723,17,4,28,2240,5,2,5,1.0,6.0,75112,M,4884570.0,237241.0,75
201700054724,17,5,2,1055,1,2,3,1.0,5.0,75112,M,4885150.0,236915.0,75
201700054725,17,5,2,1110,1,2,3,1.0,6.0,75112,M,4884180.0,238672.0,75
201700054726,17,5,3,300,5,2,4,2.0,6.0,75112,M,4884900.0,237097.0,75
201700054727,17,5,4,227,5,2,4,1.0,6.0,75112,M,4884900.0,237097.0,75
201700054728,17,5,4,1740,1,2,1,2.0,2.0,75111,M,4885050.0,238330.0,75
201700054729,17,5,5,820,1,2,4,1.0,3.0,75112,M,4884640.0,236685.0,75
201700054730,17,5,5,1430,1,2,4,1.0,2.0,75112,M,4884000.0,243217.0,75
201700054731,17,5,9,1710,1,2,3,1.0,5.0,75112,M,4883250.0,239652.0,75
201700054732,17,5,9,2245,5,2,7,1.0,7.0,75112,M,4883340.0,240217.0,75
201700054733,17,5,12,133,5,2,7,1.0,3.0,75112,M,4884780.0,239906.0,75
201700054734,17,5,13,1740,1,2,7,1.0,6.0,75112,M,4884730.0,239572.0,75
201700054735,17,5,14,25,5,2,4,1.0,6.0,75112,M,4884400.0,241348.0,75
201700054736,17,5,15,1510,1,2,1,1.0,3.0,75112,M,4882750.0,239074.0,75
201700054737,17,5,15,1600,1,2,1,1.0,6.0,75112,M,4884320.0,237068.0,75
201700054738,17,5,15,2210,5,2,5,1.0,6.0,75112,M,4885010.0,238430.0,75
201700054739,17,5,16,1300,1,2,4,1.0,3.0,75112,M,4882790.0,238870.0,75
201700054740,17,5,16,2030,2,2,1,7.0,6.0,75112,M,4883560.0,240633.0,75
201700054741,17,5,16,2245,5,2,3,1.0,6.0,75112,M,4885140.0,236986.0,75
201700054742,17,5,18,1520,1,2,1,1.0,6.0,75112,M,4884790.0,239196.0,75
201700054743,17,5,19,1415,1,2,4,1.0,3.0,75112,M,4884640.0,236685.0,75
201700054744,17,5,19,1322,1,2,1,1.0,3.0,75112,M,4885170.0,236975.0,75
201700054745,17,5,23,1250,1,2,2,1.0,6.0,75112,M,4884580.0,237405.0,75
201700054746,17,5,23,1335,1,2,3,1.0,6.0,75112,M,4883820.0,240835.0,75
201700054747,17,5,24,1845,1,2,7,1.0,3.0,75112,M,4885320.0,237022.0,75
201700054748,17,5,25,355,5,2,2,1.0,2.0,75112,M,4884960.0,237428.0,75
201700054749,17,5,25,1815,1,2,4,1.0,3.0,75112,M,4883080.0,239930.0,75
201700054750,17,5,25,1955,1,2,7,1.0,3.0,75112,M,4883400.0,244485.0,75
201700054751,17,5,26,1405,1,2,4,1.0,3.0,75112,M,4881860.0,244289.0,75
201700054752,17,5,27,1020,1,2,3,1.0,3.0,75112,M,4883570.0,238605.0,75
201700054753,17,5,28,1455,1,2,4,1.0,6.0,75112,M,4884740.0,238707.0,75
201700054754,17,5,29,1340,1,2,2,1.0,3.0,75112,M,4885160.0,237480.0,75
201700054755,17,5,29,1530,1,2,1,1.0,6.0,75112,M,4883750.0,240130.0,75
201700054756,17,5,30,140,5,2,1,1.0,6.0,75112,M,4884170.0,241315.0,75
201700054757,17,5,30,655,1,2,1,8.0,6.0,75112,M,4884510.0,237152.0,75
201700054758,17,5,31,1615,1,2,1,1.0,3.0,75112,M,4883910.0,239040.0,75
201700054759,17,6,1,35,5,2,3,1.0,1.0,75112,M,4883650.0,240405.0,75
201700054760,17,6,1,1000,1,2,1,1.0,3.0,75112,M,4884500.0,236617.0,75
201700054761,17,6,1,1230,1,2,3,1.0,3.0,75112,M,4885100.0,237714.0,75
201700054762,17,6,2,830,1,2,7,1.0,3.0,75112,M,4883960.0,239689.0,75
201700054763,17,6,3,1810,1,2,5,2.0,3.0,75112,M,4882940.0,239032.0,75
201700054764,17,6,3,1825,1,2,1,2.0,6.0,75112,M,4884650.0,240607.0,75