Num_Acc,an,mois,jour,hrmn,lum,agg,int,atm,col,com,gps,lat,long,dep
201700054765,17,6,4,610,1,2,5,1.0,3.0,75112,M,4884580.0,236760.0,75
201700054766,17,6,4,2005,2,2,4,1.0,3.0,75112,M,4884000.0,243217.0,75
201700054767,17,6,6,950,1,2,1,1.0,2.0,75112,M,4883210.0,238453.0,75
201700054768,17,6,6,1310,1,2,1,1.0,2.0,75112,M,4884890.0,238409.0,75
201700054769,17,6,7,2130,2,2,2,1.0,6.0,75112,M,4884590.0,237081.0,75
201700054770,17,6,9,915,1,2,1,1.0,2.0,75112,M,4882160.0,243316.0,75
201700054771,17,6,10,1040,1,2,2,1.0,4.0,75112,M,4885010.0,237903.0,75
201700054772,17,6,11,2045,1,2,7,1.0,6.0,75112,M,4883480.0,240796.0,75
201700054773,17,6,12,620,1,2,4,1.0,6.0,75112,M,4884190.0,242428.0,75
201700054774,17,6,12,1045,1,2,4,1.0,3.0,75112,M,4882940.0,239032.0,75
201700054775,17,6,12,1510,1,2,1,1.0,4.0,75112,M,4884750.0,240205.0,75
201700054776,17,6,14,830,1,2,1,1.0,6.0,75112,M,4883930.0,239332.0,75
201700054777,17,6,14,2300,5,2,1,1.0,2.0,75112,M,4883510.0,238749.0,75
201700054778,17,6,15,2025,1,2,2,1.0,3.0,75112,M,4884870.0,237253.0,75
201700054779,17,6,15,2050,5,2,1,1.0,3.0,75112,M,4883480.0,241080.0,75
201700054780,17,6,15,2150,5,2,7,1.0,6.0,75112,M,4884020.0,243645.0,75
201700054781,17,6,16,1840,1,2,2,1.0,6.0,75112,M,4884740.0,238675.0,75
201700054782,17,6,19,1830,1,2,2,1.0,3.0,75112,M,4883740.0,239117.0,75
201700054783,17,6,20,1135,1,2,3,1.0,7.0,75112,M,4883050.0,238654.0,75
201700054784,17,6,20,1500,1,2,4,1.0,3.0,75112,M,4882810.0,239224.0,75
201700054785,17,6,20,2230,5,2,1,1.0,2.0,75112,M,4883900.0,242848.0,75
201700054786,17,6,21,1000,1,2,5,1.0,3.0,75112,M,4883460.0,240080.0,75
201700054787,17,6,22,840,1,2,2,1.0,6.0,75112,M,4884630.0,239443.0,75
201700054788,17,6,22,920,1,2,1,1.0,7.0,75112,M,4884270.0,238477.0,75
201700054789,17,6,22,2250,5,2,1,1.0,2.0,75112,M,4884050.0,239171.0,75
201700054790,17,6,23,1715,1,2,2,1.0,3.0,75112,M,4883120.0,240874.0,75
201700054791,17,6,23,2143,2,2,2,1.0,7.0,75112,M,4884870.0,237253.0,75
201700054792,17,6,24,1510,1,2,2,1.0,3.0,75112,M,4883370.0,238244.0,75
201700054793,17,6,27,2250,5,2,2,1.0,3.0,75112,M,4883740.0,239117.0,75
201700054794,17,6,28,1135,1,2,2,1.0,3.0,75112,M,4884760.0,238907.0,75
201700054795,17,6,29,125,5,2,3,1.0,6.0,75112,M,4882920.0,238966.0,75
201700054796,17,6,30,1535,1,2,6,2.0,3.0,75112,M,4882400.0,245770.0,75
201700054797,17,7,1,350,5,2,1,1.0,3.0,75112,M,4882920.0,245168.0,75
201700054798,17,7,2,2335,5,2,5,1.0,6.0,75112,M,4884900.0,237097.0,75
201700054799,17,7,5,710,1,2,1,1.0,2.0,75112,M,4884680.0,236699.0,75
201700054800,17,7,6,1000,1,2,2,2.0,3.0,75112,M,4883900.0,238921.0,75
201700054801,17,7,6,1615,1,2,1,1.0,6.0,75112,M,4883180.0,241631.0,75
201700054802,17,7,6,1755,1,2,7,1.0,6.0,75112,M,4884730.0,239820.0,75
201700054803,17,7,7,855,1,2,7,1.0,3.0,75112,M,4882790.0,241894.0,75
201700054804,17,7,7,2345,5,2,2,1.0,3.0,75112,M,4883900.0,246027.0,75
201700054805,17,7,8,1135,1,2,4,1.0,3.0,75112,M,4885140.0,236986.0,75
201700054806,17,7,8,1750,1,2,1,1.0,3.0,75112,M,4883360.0,241424.0,75
201700054807,17,7,9,310,5,2,1,1.0,6.0,75112,M,4885050.0,237031.0,75
201700054808,17,7,10,1145,1,2,2,8.0,3.0,75112,M,4884690.0,236940.0,75
201700054809,17,7,10,2110,2,2,1,1.0,3.0,75112,M,4884110.0,237364.0,75
201700054810,17,7,11,1105,1,2,1,1.0,6.0,75112,M,4884700.0,237594.0,75
201700054811,17,7,11,1910,1,2,3,1.0,2.0,75112,M,4884520.0,241237.0,75
201700054812,17,7,11,1845,1,2,4,1.0,3.0,75112,M,4883690.0,246814.0,75
201700054813,17,7,12,855,1,2,1,2.0,6.0,75112,M,4883640.0,239420.0,75
201700054814,17,7,12,1200,1,2,3,1.0,2.0,75112,M,4885140.0,236986.0,75
201700054815,17,7,12,1845,1,2,1,1.0,4.0,75112,M,4884500.0,236617.0,75
201700054816,17,7,13,1135,1,2,1,1.0,6.0,75112,M,4883230.0,239867.0,75
201700054817,17,7,13,1745,1,2,7,1.0,1.0,75112,M,4882220.0,244231.0,75
201700054818,17,7,15,1230,1,2,3,1.0,6.0,75112,M,4884680.0,237307.0,75
201700054819,17,7,15,2240,5,2,4,1.0,3.0,75112,M,4882650.0,241972.0,75
201700054820,17,7,16,510,2,2,7,1.0,6.0,75112,M,4884580.0,236760.0,75
201700054821,17,7,17,1856,1,2,1,1.0,7.0,75112,M,4884740.0,238714.0,75
201700054822,17,7,17,1930,1,2,2,1.0,3.0,75112,M,4884590.0,237433.0,75
201700054823,17,7,19,2331,5,2,4,1.0,3.0,75112,M,4885240.0,236941.0,75
201700054824,17,7,21,1730,1,2,1,1.0,3.0,75112,M,4884590.0,237989.0,75
201700054825,17,7,21,1755,1,2,4,1.0,5.0,75112,M,4882980.0,239113.0,75
201700054826,17,7,21,1845,1,2,4,1.0,2.0,75112,M,4882980.0,239113.0,75
201700054827,17,7,22,1420,1,2,2,1.0,6.0,75112,M,4884180.0,238672.0,75
201700054828,17,7,22,1740,1,2,4,1.0,3.0,75112,M,4885000.0,236852.0,75
201700054829,17,7,23,55,5,2,1,1.0,6.0,75112,M,4884370.0,236998.0,75
201700054830,17,7,26,750,1,2,2,1.0,3.0,75112,M,4885160.0,237480.0,75
201700054831,17,7,26,1940,1,2,1,2.0,6.0,75112,M,4884580.0,240594.0,75
201700054832,17,7,27,1835,1,2,1,1.0,4.0,75112,M,4883910.0,242874.0,75
201700054833,17,7,27,2150,2,2,2,1.0,6.0,75112,M,4883970.0,240248.0,75
201700054834,17,7,28,1015,1,2,2,1.0,2.0,75112,M,4884630.0,237745.0,75
201700054835,17,7,31,1815,1,2,1,1.0,6.0,75112,M,4884420.0,241085.0,75
201700054836,17,7,31,2000,1,2,3,1.0,6.0,75111,M,4886380.0,238219.0,75
201700054837,17,8,2,1300,1,2,2,1.0,3.0,75112,M,4884220.0,237635.0,75
201700054838,17,8,3,1300,1,2,1,1.0,2.0,75112,M,4884280.0,237111.0,75
201700054839,17,8,8,755,1,2,1,2.0,3.0,75112,M,4884260.0,240515.0,75
201700054840,17,8,9,2040,2,2,7,1.0,3.0,75112,M,4884800.0,239734.0,75
201700054841,17,8,10,1200,1,2,7,3.0,6.0,75112,M,4885030.0,238297.0,75
201700054842,17,8,10,1830,1,2,2,2.0,6.0,75112,M,4883530.0,239275.0,75
201700054843,17,8,11,1705,1,2,2,1.0,3.0,75112,M,4884680.0,238170.0,75
201700054844,17,8,11,1700,1,2,1,1.0,6.0,75112,M,4884320.0,242205.0,75
201700054845,17,8,13,1200,1,2,1,1.0,3.0,75112,M,4883670.0,242391.0,75
201700054846,17,8,13,1345,1,2,1,1.0,3.0,75112,M,4882890.0,245206.0,75
201700054847,17,8,14,340,5,2,5,1.0,7.0,75112,M,4884540.0,236684.0,75
201700054848,17,8,14,1210,1,2,1,1.0,4.0,75112,M,4883560.0,239250.0,75
201700054849,17,8,14,1325,1,2,2,1.0,6.0,75112,M,4884670.0,241108.0,75
201700054850,17,8,16,520,5,2,1,1.0,6.0,75112,M,4883120.0,238555.0,75
201700054851,17,8,16,600,5,2,1,1.0,3.0,75112,M,4884320.0,237439.0,75
201700054852,17,8,20,1810,1,2,2,1.0,7.0,75112,M,4883370.0,244510.0,75
201700054853,17,8,21,900,1,2,2,1.0,2.0,75112,M,4884800.0,237141.0,75
201700054854,17,8,24,300,5,2,7,1.0,6.0,75112,M,4884040.0,237898.0,75
201700054855,17,8,24,720,2,2,2,1.0,3.0,75112,M,4884220.0,237635.0,75
201700054856,17,8,24,1815,1,2,1,1.0,6.0,75112,M,4884550.0,237251.0,75
201700054857,17,8,25,145,5,2,7,1.0,2.0,75112,M,4884800.0,239734.0,75
201700054858,17,8,25,945,1,2,2,2.0,3.0,75112,M,4883900.0,238921.0,75
201700054859,17,8,27,1945,1,2,1,1.0,2.0,75112,M,4885230.0,237215.0,75
201700054860,17,8,28,1105,1,2,3,1.0,7.0,75112,M,4883590.0,240564.0,75
201700054861,17,8,29,540,2,2,7,1.0,6.0,75112,M,4883980.0,239494.0,75
201700054862,17,8,31,1020,1,2,1,1.0,2.0,75112,M,4884590.0,238117.0,75
201700054863,17,9,1,1805,1,2,1,2.0,4.0,75112,M,4883120.0,238540.0,75
201700054864,17,9,2,1815,1,2,1,1.0,6.0,75112,M,4884700.0,237724.0,75
201700054865,17,9,3,1605,1,2,3,1.0,6.0,75112,M,4883660.0,238249.0,75
201700054866,17,9,6,845,1,2,5,1.0,3.0,75112,M,4884470.0,240572.0,75
201700054867,17,9,6,2000,1,2,2,1.0,3.0,75112,M,4883590.0,240564.0,75
201700054868,17,9,8,1155,1,2,3,1.0,6.0,75112,M,4884620.0,238583.0,75
201700054869,17,9,9,130,5,2,5,2.0,6.0,75112,M,4885070.0,237852.0,75
201700054870,17,9,10,1415,1,2,5,1.0,3.0,75112,M,4884800.0,237384.0,75
201700054871,17,9,10,2000,2,2,1,1.0,1.0,75112,M,4884950.0,237405.0,75
201700054872,17,9,11,2230,5,2,1,1.0,6.0,75112,M,4883750.0,244028.0,75
201700054873,17,9,12,1330,1,2,7,1.0,2.0,75112,M,4884050.0,243442.0,75
201700054874,17,9,13,830,1,2,1,1.0,2.0,75112,M,4882320.0,245831.0,75
201700054875,17,9,13,1600,1,2,1,2.0,4.0,75112,M,4883680.0,238892.0,75
201700054876,17,9,14,755,1,2,2,1.0,3.0,75112,M,4884870.0,237253.0,75
201700054877,17,9,14,1920,2,2,1,1.0,3.0,75112,M,4883430.0,238341.0,75
201700054878,17,9,16,1035,1,2,1,1.0,4.0,75112,M,4882820.0,239645.0,75
201700054879,17,9,18,1445,1,2,1,1.0,6.0,75112,M,4883970.0,240886.0,75
201700054880,17,9,18,1700,1,2,7,1.0,3.0,75112,M,4884860.0,239435.0,75
201700054881,17,9,19,1005,1,2,3,2.0,6.0,75112,M,4884650.0,236994.0,75
201700054882,17,9,19,1200,1,2,7,1.0,2.0,75112,M,4883340.0,240217.0,75
201700054883,17,9,20,1910,1,2,1,1.0,4.0,75113,M,4882640.0,238893.0,75
201700054884,17,9,21,1555,1,2,4,1.0,3.0,75112,M,4883710.0,240219.0,75
201700054885,17,9,21,1720,1,2,3,1.0,2.0,75112,M,4881900.0,246282.0,75
201700054886,17,9,22,825,1,2,1,2.0,6.0,75112,M,4884930.0,237122.0,75
201700054887,17,9,22,1235,1,2,2,1.0,6.0,75112,M,4884340.0,237071.0,75
201700054888,17,9,23,1456,1,2,5,1.0,6.0,75112,M,4883180.0,239765.0,75
201700054889,17,9,24,205,5,2,1,1.0,6.0,75112,M,4883520.0,238008.0,75
201700054890,17,9,26,855,1,2,1,1.0,3.0,75112,M,4883290.0,239594.0,75
201700054891,17,9,26,930,1,2,1,1.0,3.0,75112,M,4882520.0,245653.0,75
201700054892,17,9,26,2150,5,2,2,1.0,2.0,75112,M,4884870.0,237253.0,75
201700054893,17,9,30,2215,5,2,2,1.0,6.0,75112,M,4883530.0,238537.0,75
201700054894,17,10,1,2120,5,2,5,2.0,3.0,75112,M,4884720.0,240618.0,75
201700054895,17,10,2,735,1,2,5,1.0,7.0,75112,M,4884020.0,243645.0,75
201700054896,17,10,4,2105,5,2,2,1.0,6.0,75112,M,4884630.0,239443.0,75
201700054897,17,10,5,750,1,2,1,1.0,3.0,75112,M,4884100.0,244968.0,75
201700054898,17,10,5,1250,1,2,3,1.0,2.0,75112,M,4883590.0,238642.0,75
201700054899,17,10,6,815,1,2,1,1.0,6.0,75112,M,4884470.0,239580.0,75
201700054900,17,10,6,1945,5,2,1,1.0,3.0,75113,M,4884460.0,236545.0,75
201700054901,17,10,6,2140,5,2,1,1.0,3.0,75112,M,4883980.0,238855.0,75
201700054902,17,10,7,1330,1,2,1,1.0,6.0,75112,M,4883220.0,239926.0,75
201700054903,17,10,7,2334,5,2,2,1.0,6.0,75112,M,4884800.0,239283.0,75
201700054904,17,10,10,1650,1,2,2,1.0,6.0,75112,M,4882080.0,246031.0,75
201700054905,17,10,11,1305,1,2,3,1.0,3.0,75112,M,4885190.0,237378.0,75
201700054906,17,10,12,650,2,2,2,1.0,3.0,75112,M,4883370.0,238244.0,75
201700054907,17,10,12,1320,1,2,3,1.0,2.0,75112,M,4884030.0,238046.0,75
201700054908,17,10,12,1345,1,2,2,1.0,5.0,75112,M,4884610.0,237617.0,75
201700054909,17,10,13,825,1,2,3,1.0,6.0,75112,M,4884530.0,238099.0,75
201700054910,17,10,13,900,1,2,2,1.0,6.0,75112,M,4884040.0,237898.0,75
201700054911,17,10,13,1045,1,2,1,1.0,7.0,75112,M,4884680.0,240981.0,75
201700054912,17,10,13,1630,1,2,1,1.0,6.0,75112,M,4883260.0,239961.0,75
201700054913,17,10,14,1055,1,2,2,1.0,6.0,75112,M,4883590.0,240564.0,75
201700054914,17,10,16,100,5,2,4,1.0,6.0,75112,M,4884940.0,238947.0,75
201700054915,17,10,16,720,3,2,1,1.0,6.0,75112,M,4883090.0,241739.0,75
201700054916,17,10,17,1750,1,2,1,1.0,3.0,75112,M,4883620.0,237883.0,75
201700054917,17,10,17,2045,5,2,1,1.0,6.0,75112,M,4883250.0,241513.0,75
201700054918,17,10,18,800,1,2,1,1.0,6.0,75112,M,4884440.0,244115.0,75
201700054919,17,10,18,1810,1,2,3,1.0,3.0,75112,M,4883770.0,240077.0,75
201700054920,17,10,19,830,1,2,7,1.0,3.0,75112,M,4885260.0,236962.0,75
201700054921,17,10,19,946,1,2,2,1.0,6.0,75112,M,4884560.0,239537.0,75
201700054922,17,10,19,1115,1,2,1,1.0,3.0,75112,M,4884890.0,239247.0,75
201700054923,17,10,19,1820,1,2,1,1.0,3.0,75112,M,4884250.0,237194.0,75
201700054924,17,10,21,1215,1,2,1,1.0,6.0,75112,M,4884350.0,237023.0,75
201700054925,17,10,22,15,5,2,3,1.0,6.0,75112,M,4884980.0,238117.0,75
201700054926,17,10,22,1630,1,2,1,2.0,6.0,75112,M,4881790.0,246043.0,75
201700054927,17,10,23,1500,1,2,2,2.0,6.0,75112,M,4883530.0,238537.0,75
201700054928,17,10,23,1740,2,2,1,2.0,6.0,75112,M,4883880.0,240409.0,75
201700054929,17,10,23,1950,5,2,2,2.0,6.0,75112,M,4884660.0,237671.0,75
201700054930,17,10,24,2315,5,2,7,1.0,3.0,75112,M,4884730.0,239572.0,75
201700054931,17,10,25,1700,1,2,1,1.0,3.0,75111,M,4885040.0,238187.0,75
201700054932,17,10,27,1220,1,2,7,1.0,7.0,75112,M,4885320.0,237022.0,75
201700054933,17,10,27,1500,1,2,1,1.0,5.0,75112,M,4884770.0,237460.0,75
201700054934,17,10,28,1220,1,2,7,1.0,3.0,75112,M,4884040.0,237898.0,75
201700054935,17,10,29,1840,5,2,1,6.0,6.0,75112,M,4884150.0,240484.0,75
201700054936,17,10,30,925,1,2,2,1.0,3.0,75112,M,4883620.0,239465.0,75
201700054937,17,10,31,1119,1,2,3,1.0,6.0,75112,M,4884330.0,238372.0,75
201700054938,17,10,31,2025,5,2,1,1.0,2.0,75112,M,4883440.0,240101.0,75
201700054939,17,11,2,725,2,2,2,8.0,3.0,75112,M,4881710.0,245896.0,75
201700054940,17,11,2,1330,1,2,2,1.0,2.0,75112,M,4883900.0,238921.0,75
201700054941,17,11,2,1500,1,2,3,1.0,1.0,75112,M,4885040.0,238009.0,75
201700054942,17,11,3,1530,1,2,1,1.0,3.0,75112,M,4884430.0,244167.0,75
201700054943,17,11,6,745,1,2,1,1.0,3.0,75112,M,4884520.0,241408.0,75
201700054944,17,11,8,750,1,2,1,1.0,6.0,75112,M,4884780.0,236743.0,75
201700054945,17,11,8,850,1,2,1,1.0,6.0,75112,M,4884360.0,238304.0,75
201700054946,17,11,9,805,1,2,2,1.0,6.0,75111,M,4885320.0,237022.0,75
201700054947,17,11,9,2000,5,2,2,8.0,6.0,75112,M,4884610.0,237617.0,75
201700054948,17,11,10,845,1,2,1,1.0,2.0,75112,M,4884500.0,236617.0,75
201700054949,17,11,10,1935,5,2,7,1.0,2.0,75111,M,4885350.0,236952.0,75
201700054950,17,11,10,2120,5,2,3,1.0,6.0,75111,M,4885760.0,236804.0,75
201700054951,17,11,11,1850,5,2,1,2.0,3.0,75112,M,4884500.0,236617.0,75
201700054952,17,11,12,300,5,2,4,2.0,6.0,75112,M,4882790.0,241894.0,75
201700054953,17,11,14,650,5,2,4,1.0,6.0,75112,M,4884740.0,238707.0,75
201700054954,17,11,15,1020,1,2,1,8.0,6.0,75112,M,4884700.0,240768.0,75
201700054955,17,11,15,1815,1,2,2,1.0,6.0,75112,M,4884090.0,240468.0,75
201700054956,17,11,17,225,5,2,1,1.0,6.0,75112,M,4883940.0,238557.0,75
201700054957,17,11,17,930,1,2,4,8.0,3.0,75112,M,4882800.0,239072.0,75
201700054958,17,11,17,1955,5,2,1,1.0,2.0,75112,M,4883450.0,238815.0,75
201700054959,17,11,20,2305,4,2,3,1.0,6.0,75112,M,4883810.0,239962.0,75
201700054960,17,11,21,1705,5,2,7,1.0,2.0,75112,M,4885260.0,236962.0,75
201700054961,17,11,23,1140,1,2,1,1.0,3.0,75112,M,4884970.0,238484.0,75
201700054962,17,11,23,1740,5,2,3,8.0,6.0,75112,M,4884780.0,239057.0,75
201700054963,17,11,23,2020,5,2,2,1.0,6.0,75112,M,4884670.0,237201.0,75
201700054964,17,11,25,1430,1,2,2,1.0,2.0,75112,M,4884760.0,238907.0,75
201700054965,17,11,25,1820,5,2,3,1.0,6.0,75112,M,4883770.0,240077.0,75
201700054966,17,11,27,1210,1,2,1,1.0,6.0,75112,M,4884700.0,237456.0,75
201700054967,17,11,27,1845,5,2,2,2.0,6.0,75112,M,4883670.0,240346.0,75
201700054968,17,11,27,1825,5,2,4,2.0,3.0,75112,M,4882790.0,238870.0,75
201700054969,17,11,27,2030,5,2,1,3.0,3.0,75112,M,4883060.0,244971.0,75
201700054970,17,11,28,750,2,2,1,8.0,3.0,75112,M,4883870.0,239337.0,75
201700054971,17,11,28,850,1,2,3,2.0,6.0,75112,M,4884690.0,238713.0,75
201700054972,17,11,28,1215,1,2,5,1.0,3.0,75112,M,4884780.0,239906.0,75
201700054973,17,11,28,1405,1,2,4,1.0,2.0,75112,M,4883260.0,242035.0,75
201700054974,17,11,28,1947,5,2,7,1.0,3.0,75112,M,4885320.0,237022.0,75
201700054975,17,11,28,2155,5,2,3,1.0,6.0,75112,M,4885100.0,237714.0,75
201700054976,17,11,29,140,5,2,4,1.0,6.0,75112,M,4882980.0,238695.0,75
201700054977,17,11,30,915,1,2,2,1.0,6.0,75112,M,4884430.0,239019.0,75
201700054978,17,12,2,2115,5,2,3,1.0,3.0,75112,M,4883610.0,239218.0,75
201700054979,17,12,3,1830,2,2,7,2.0,3.0,75112,M,4884000.0,239522.0,75
201700054980,17,12,3,2150,5,2,7,2.0,6.0,75112,M,4883960.0,239689.0,75
201700054981,17,12,6,1800,5,2,1,1.0,3.0,75112,M,4883900.0,241304.0,75
201700054982,17,12,6,1900,5,2,2,1.0,3.0,75112,M,4882420.0,242275.0,75
201700054983,17,12,7,45,5,2,4,1.0,3.0,75112,M,4882960.0,238693.0,75
201700054984,17,12,7,1450,1,2,1,2.0,3.0,75111,M,4885320.0,237036.0,75
201700054985,17,12,10,630,3,2,1,2.0,6.0,75112,M,4882730.0,245015.0,75
201700054986,17,12,11,1100,1,2,1,1.0,3.0,75112,M,4883960.0,241400.0,75
201700054987,17,12,12,130,5,2,5,8.0,7.0,75112,M,4884670.0,241108.0,75
201700054988,17,12,12,1015,1,2,4,1.0,4.0,75112,M,4882790.0,241894.0,75
201700054989,17,12,13,1615,1,2,3,2.0,6.0,75112,M,4884060.0,239117.0,75
201700054990,17,12,16,1140,1,2,4,1.0,3.0,75112,M,4885060.0,237316.0,75
201700054991,17,12,19,2255,5,2,1,1.0,3.0,75120,M,4884680.0,241366.0,75
201700054992,17,12,20,50,5,2,4,1.0,3.0,75112,M,4884000.0,238230.0,75
201700054993,17,12,21,1250,1,2,1,2.0,3.0,75112,M,4884150.0,242821.0,75
201700054994,17,12,21,1912,5,2,1,2.0,6.0,75112,M,4884250.0,237150.0,75
201700054995,17,12,21,2105,5,2,2,2.0,3.0,75111,M,4886570.0,237246.0,75
201700054996,17,12,21,2315,5,2,4,1.0,3.0,75112,M,4884940.0,238947.0,75
201700054997,17,12,23,710,5,2,1,1.0,6.0,75112,M,4884770.0,240015.0,75
201700054998,17,12,23,1740,2,2,1,1.0,3.0,75112,M,4884750.0,240288.0,75
201700054999,17,12,27,1720,5,2,3,2.0,6.0,75112,M,4884900.0,237097.0,75
201700055000,17,12,30,1550,1,2,1,2.0,6.0,75112,M,4883750.0,240130.0,75
201700055001,17,12,30,1450,1,2,1,2.0,2.0,75113,M,4881640.0,235683.0,75
201700055002,17,12,30,1900,5,2,3,1.0,6.0,75112,M,4884660.0,240023.0,75
201700055003,17,12,30,2015,5,2,1,8.0,6.0,75112,M,4883230.0,241543.0,75
201700055004,17,1,1,240,5,2,1,2.0,6.0,75113,M,4883250.0,235483.0,75
201700055005,17,1,3,1145,1,2,1,1.0,3.0,75113,M,4882590.0,235231.0,75
201700055006,17,1,3,1545,1,2,2,1.0,6.0,75113,M,4881940.0,234458.0,75
201700055007,17,1,5,1630,1,2,2,1.0,7.0,75113,M,4882220.0,235854.0,75
201700055008,17,1,7,5,5,2,1,1.0,6.0,75113,M,4883000.0,235162.0,75
201700055009,17,1,7,1350,1,2,5,2.0,3.0,75113,M,4882160.0,236923.0,75
201700055010,17,1,7,1905,2,2,1,2.0,3.0,75113,M,4882420.0,235792.0,75
201700055011,17,1,7,2250,5,2,5,2.0,3.0,75113,M,4881890.0,235952.0,75
201700055012,17,1,8,230,5,2,2,1.0,6.0,75113,M,4883340.0,235423.0,75
201700055013,17,1,8,1940,2,2,1,1.0,6.0,75113,M,4882690.0,236583.0,75
201700055014,17,1,9,1205,1,2,1,2.0,6.0,75113,M,4882960.0,235032.0,75
201700055015,17,1,12,858,1,2,1,2.0,6.0,75113,M,4881970.0,236359.0,75
201700055016,17,1,20,1650,1,2,1,1.0,3.0,75113,M,4883410.0,236258.0,75
201700055017,17,1,21,1745,5,2,2,1.0,6.0,75113,M,4882600.0,235364.0,75
201700055018,17,1,21,1830,5,2,5,1.0,3.0,75113,M,4882160.0,236923.0,75
201700055019,17,1,21,1845,5,2,1,1.0,6.0,75113,M,4882740.0,234548.0,75
201700055020,17,1,24,1130,1,2,6,4.0,2.0,75113,M,4883110.0,235502.0,75
201700055021,17,1,24,1815,5,2,3,1.0,6.0,75113,M,4882110.0,236088.0,75
201700055022,17,1,27,1900,5,2,4,1.0,3.0,75113,M,4883620.0,235016.0,75
201700055023,17,1,28,1720,1,2,4,1.0,3.0,75113,M,4881640.0,236001.0,75
201700055024,17,1,30,1635,1,2,1,1.0,6.0,75113,M,4882760.0,237647.0,75
201700055025,17,1,31,720,5,2,1,2.0,1.0,75113,M,4883820.0,235644.0,75
201700055026,17,2,1,1700,1,2,3,1.0,3.0,75113,M,4883170.0,237289.0,75
201700055027,17,2,2,830,1,2,3,1.0,3.0,75113,M,4883490.0,235315.0,75
201700055028,17,2,3,710,2,2,5,1.0,6.0,75113,M,4882490.0,234662.0,75
201700055029,17,2,3,1800,2,2,1,2.0,6.0,75113,M,4881660.0,235506.0,75
201700055030,17,2,3,1910,5,2,5,2.0,6.0,75113,M,4883660.0,235927.0,75
201700055031,17,2,6,955,1,2,3,8.0,7.0,75113,M,4882610.0,235520.0,75
201700055032,17,2,7,900,1,2,2,2.0,6.0,75113,M,4882010.0,236468.0,75
201700055033,17,2,9,610,5,2,1,1.0,3.0,75113,M,4883000.0,235053.0,75
201700055034,17,2,9,1555,1,2,3,1.0,3.0,75113,M,4882500.0,238888.0,75
201700055035,17,2,10,18,5,2,7,1.0,3.0,75113,M,4884370.0,236457.0,75
201700055036,17,2,10,1040,1,2,3,1.0,6.0,75113,M,4883320.0,235433.0,75
201700055037,17,2,11,615,5,2,1,1.0,3.0,75113,M,4882930.0,235635.0,75
201700055038,17,2,11,1740,2,2,5,8.0,6.0,75113,M,4881920.0,235948.0,75
201700055039,17,2,12,1314,1,2,1,2.0,6.0,75113,M,4881890.0,236228.0,75
201700055040,17,2,13,1305,1,2,3,1.0,6.0,75106,M,4885290.0,233505.0,75
201700055041,17,2,14,1515,1,2,4,1.0,6.0,75113,M,4882610.0,235901.0,75
201700055042,17,2,15,710,2,2,3,2.0,1.0,75113,M,4883380.0,236511.0,75
201700055043,17,2,15,1455,1,2,1,1.0,3.0,75113,M,4882700.0,238607.0,75
201700055044,17,2,15,1815,2,2,4,1.0,6.0,75113,M,4882650.0,238642.0,75
201700055045,17,2,15,2120,5,2,5,1.0,2.0,75113,M,4882770.0,237136.0,75
201700055046,17,2,17,925,1,2,1,1.0,6.0,75113,M,4882980.0,234577.0,75
201700055047,17,2,17,2330,5,2,5,1.0,6.0,75113,M,4882160.0,236923.0,75
201700055048,17,2,18,1150,1,2,1,1.0,3.0,75113,M,4882590.0,235142.0,75
201700055049,17,2,19,50,5,2,5,1.0,3.0,75113,M,4883760.0,237364.0,75
201700055050,17,2,20,1840,5,2,4,1.0,3.0,75113,M,4881620.0,235558.0,75
201700055051,17,2,22,1500,1,2,1,1.0,3.0,75113,M,4882960.0,237504.0,75
201700055052,17,2,24,2210,5,2,2,1.0,3.0,75113,M,4883500.0,234494.0,75
201700055053,17,2,25,1730,1,2,4,1.0,3.0,75113,M,4882290.0,237315.0,75
201700055054,17,2,25,540,5,2,7,1.0,6.0,75113,M,4882220.0,234631.0,75
201700055055,17,2,26,1540,1,2,7,8.0,6.0,75113,M,4884370.0,236457.0,75
201700055056,17,3,2,1200,1,2,2,1.0,3.0,75113,M,4884200.0,236781.0,75
201700055057,17,3,2,1551,1,2,2,1.0,3.0,75113,M,4883230.0,237979.0,75
201700055058,17,3,3,1730,1,2,2,1.0,7.0,75113,M,4882830.0,236723.0,75
201700055059,17,3,6,2255,5,2,2,2.0,3.0,75113,M,4882400.0,237702.0,75
201700055060,17,3,8,940,1,2,2,8.0,6.0,75113,M,4882290.0,236870.0,75
201700055061,17,3,8,1115,1,2,5,1.0,6.0,75113,M,4882740.0,236908.0,75
201700055062,17,3,8,1740,2,2,2,2.0,6.0,75113,M,4883350.0,236334.0,75
201700055063,17,3,9,1750,2,2,3,1.0,6.0,75113,M,4882800.0,236937.0,75
201700055064,17,3,9,2110,5,2,1,1.0,6.0,75113,M,4883500.0,235810.0,75
201700055065,17,3,10,210,5,2,1,1.0,6.0,75113,M,4882990.0,235030.0,75
201700055066,17,3,10,700,4,2,3,1.0,6.0,75113,M,4882330.0,236569.0,75