Num_Acc,an,mois,jour,hrmn,lum,agg,int,atm,col,com,gps,lat,long,dep
201700055067,17,3,10,905,1,2,1,1.0,3.0,75113,M,4882330.0,235820.0,75
201700055068,17,3,11,1625,1,2,5,1.0,6.0,75113,M,4883330.0,236357.0,75
201700055069,17,3,11,1740,1,2,3,1.0,3.0,75113,M,4884070.0,236958.0,75
201700055070,17,3,13,1700,1,2,3,1.0,6.0,75113,M,4883250.0,234633.0,75
201700055071,17,3,14,1555,1,2,1,1.0,3.0,75113,M,4883110.0,235402.0,75
201700055072,17,3,14,1945,5,2,1,1.0,5.0,75113,M,4882850.0,237018.0,75
201700055073,17,3,15,1045,1,2,3,1.0,3.0,75113,M,4882930.0,234335.0,75
201700055074,17,3,17,1700,1,2,2,1.0,6.0,75113,M,4882760.0,238125.0,75
201700055075,17,3,18,215,5,2,3,2.0,6.0,75113,M,4883460.0,235333.0,75
201700055076,17,3,18,300,5,2,1,1.0,6.0,75113,M,4882930.0,235635.0,75
201700055077,17,3,18,1620,1,2,4,1.0,3.0,75113,M,4883910.0,236115.0,75
201700055078,17,3,20,1320,1,2,5,1.0,6.0,75113,M,4882770.0,237136.0,75
201700055079,17,3,20,2040,5,2,4,1.0,3.0,75113,M,4881600.0,236069.0,75
201700055080,17,3,23,2205,5,2,4,3.0,6.0,75114,M,4881740.0,234402.0,75
201700055081,17,3,25,1805,1,2,1,1.0,6.0,75106,M,4884570.0,233235.0,75
201700055082,17,3,26,2120,5,2,1,1.0,2.0,75113,M,4882890.0,237370.0,75
201700055083,17,3,27,1240,1,2,3,1.0,3.0,75113,M,4883830.0,234203.0,75
201700055084,17,3,27,1500,1,2,1,1.0,2.0,75113,M,4883600.0,237267.0,75
201700055085,17,3,27,1940,1,2,3,1.0,3.0,75113,M,4883390.0,235980.0,75
201700055086,17,3,28,1755,1,2,3,1.0,6.0,75113,M,4882300.0,235829.0,75
201700055087,17,3,28,1930,1,2,4,1.0,3.0,75113,M,4883990.0,236179.0,75
201700055088,17,3,30,1505,1,2,3,1.0,2.0,75113,M,4882290.0,236660.0,75
201700055089,17,3,30,1755,1,2,3,1.0,6.0,75113,M,4882830.0,234255.0,75
201700055090,17,4,1,1955,1,2,1,1.0,3.0,75113,M,4883890.0,235836.0,75
201700055091,17,4,1,2225,5,2,5,1.0,3.0,75113,M,4881920.0,235948.0,75
201700055092,17,4,3,1215,1,2,1,1.0,6.0,75113,M,4882470.0,237588.0,75
201700055093,17,4,3,1722,1,2,1,1.0,6.0,75113,M,4883490.0,236757.0,75
201700055094,17,4,3,1750,1,2,3,1.0,6.0,75113,M,4882510.0,234963.0,75
201700055095,17,4,4,925,1,2,3,1.0,6.0,75113,M,4883910.0,235918.0,75
201700055096,17,4,4,945,1,2,3,1.0,3.0,75113,M,4883910.0,235918.0,75
201700055097,17,4,5,2307,5,2,2,1.0,6.0,75113,M,4883110.0,237758.0,75
201700055098,17,4,6,2155,5,2,1,1.0,2.0,75113,M,4882390.0,235803.0,75
201700055099,17,4,7,1930,1,2,2,1.0,6.0,75113,M,4883060.0,237679.0,75
201700055100,17,4,8,1955,2,2,1,1.0,4.0,75113,M,4881850.0,234433.0,75
201700055101,17,4,9,1200,1,2,3,1.0,6.0,75113,M,4881920.0,236198.0,75
201700055102,17,4,11,955,1,2,1,1.0,3.0,75113,M,4882310.0,235302.0,75
201700055103,17,4,11,1140,1,2,1,1.0,6.0,75113,M,4882310.0,235300.0,75
201700055104,17,4,11,1330,1,2,3,1.0,3.0,75113,M,4881760.0,235328.0,75
201700055105,17,4,11,2030,2,2,1,1.0,2.0,75113,M,4881590.0,235920.0,75
201700055106,17,4,11,2015,2,2,5,1.0,6.0,75113,M,4883680.0,235183.0,75
201700055107,17,4,13,1245,1,2,1,1.0,3.0,75113,M,4882110.0,235888.0,75
201700055108,17,4,15,445,5,2,3,1.0,6.0,75113,M,4882630.0,236146.0,75
201700055109,17,4,16,1740,1,2,1,1.0,2.0,75113,M,4881590.0,235928.0,75
201700055110,17,4,17,1025,1,2,1,8.0,3.0,75113,M,4883210.0,236295.0,75
201700055111,17,4,17,1908,1,2,2,1.0,3.0,75113,M,4881890.0,235952.0,75
201700055112,17,4,18,830,1,2,1,1.0,2.0,75105,M,4884100.0,236257.0,75
201700055113,17,4,18,1720,1,2,3,1.0,7.0,75113,M,4883080.0,234412.0,75
201700055114,17,4,19,1729,1,2,3,1.0,6.0,75113,M,4882970.0,234949.0,75
201700055115,17,4,20,1530,1,2,1,1.0,6.0,75113,M,4883010.0,235831.0,75
201700055116,17,4,21,750,1,2,3,1.0,3.0,75113,M,4883320.0,235433.0,75
201700055117,17,4,21,1300,1,2,2,1.0,3.0,75113,M,4882920.0,237816.0,75
201700055118,17,4,21,1330,1,2,4,1.0,6.0,75113,M,4882700.0,238605.0,75
201700055119,17,4,23,200,5,2,2,1.0,3.0,75113,M,4882290.0,237315.0,75
201700055120,17,4,24,1800,1,2,5,1.0,5.0,75113,M,4882580.0,235041.0,75
201700055121,17,4,26,1220,1,2,1,1.0,3.0,75113,M,4882470.0,234919.0,75
201700055122,17,4,27,1435,1,2,2,1.0,3.0,75113,M,4882420.0,237675.0,75
201700055123,17,4,28,2250,5,2,1,1.0,6.0,75113,M,4882700.0,235705.0,75
201700055124,17,4,29,425,5,2,1,1.0,6.0,75113,M,4884090.0,236925.0,75
201700055125,17,4,30,100,5,2,3,1.0,6.0,75113,M,4882810.0,237327.0,75
201700055126,17,5,2,1100,1,2,3,1.0,6.0,75113,M,4882710.0,236708.0,75
201700055127,17,5,2,1540,1,2,2,1.0,3.0,75113,M,4882730.0,236852.0,75
201700055128,17,5,2,1640,1,2,1,8.0,6.0,75113,M,4881890.0,236089.0,75
201700055129,17,5,3,400,4,2,3,2.0,6.0,75113,M,4883830.0,234203.0,75
201700055130,17,5,3,1315,1,2,3,2.0,6.0,75113,M,4883890.0,236978.0,75
201700055131,17,5,3,1945,1,2,3,2.0,3.0,75113,M,4881760.0,235328.0,75
201700055132,17,5,4,1605,1,2,1,1.0,6.0,75113,M,4883090.0,235665.0,75
201700055133,17,5,5,1250,1,2,3,1.0,3.0,75113,M,4882810.0,238493.0,75
201700055134,17,5,5,1300,1,2,1,1.0,3.0,75113,M,4881600.0,236224.0,75
201700055135,17,5,6,435,5,2,1,1.0,6.0,75113,M,4884090.0,236925.0,75
201700055136,17,5,6,1345,1,2,1,1.0,4.0,75113,M,4883020.0,234763.0,75
201700055137,17,5,6,1415,1,2,2,1.0,3.0,75113,M,4883070.0,235266.0,75
201700055138,17,5,7,1510,1,2,1,1.0,6.0,75113,M,4884250.0,236373.0,75
201700055139,17,5,11,1935,1,2,2,2.0,6.0,75113,M,4882590.0,234515.0,75
201700055140,17,5,13,1550,1,2,7,1.0,6.0,75113,M,4884370.0,236457.0,75
201700055141,17,5,15,1920,1,2,1,1.0,3.0,75113,M,4882070.0,237685.0,75
201700055142,17,5,16,1250,1,2,2,1.0,2.0,75113,M,4882850.0,237290.0,75
201700055143,17,5,17,1,5,2,2,1.0,6.0,75112,M,4884320.0,237027.0,75
201700055144,17,5,17,1235,1,2,7,1.0,6.0,75113,M,4883360.0,236144.0,75
201700055145,17,5,19,715,1,2,1,1.0,6.0,75113,M,4881650.0,236031.0,75
201700055146,17,5,23,1450,1,2,2,1.0,6.0,75113,M,4881920.0,235948.0,75
201700055147,17,5,24,1330,1,2,2,1.0,2.0,75113,M,4882700.0,236647.0,75
201700055148,17,5,26,2020,1,2,3,1.0,3.0,75113,M,4882700.0,238605.0,75
201700055149,17,5,27,2010,1,2,1,1.0,1.0,75113,M,4883370.0,237386.0,75
201700055150,17,5,28,1550,1,2,1,1.0,6.0,75113,M,4882540.0,238070.0,75
201700055151,17,5,29,1645,1,2,3,1.0,6.0,75113,M,4882970.0,234949.0,75
201700055152,17,5,29,1900,1,2,2,1.0,6.0,75113,M,4882300.0,235658.0,75
201700055153,17,5,30,106,5,2,5,1.0,3.0,75113,M,4884200.0,236781.0,75
201700055154,17,5,31,1130,1,2,2,1.0,3.0,75113,M,4883230.0,237979.0,75
201700055155,17,5,31,1808,1,2,3,1.0,3.0,75113,M,4882770.0,237136.0,75
201700055156,17,6,2,920,1,2,5,1.0,2.0,75113,M,4884200.0,236781.0,75
201700055157,17,6,2,1400,1,2,1,8.0,6.0,75113,M,4882960.0,235032.0,75
201700055158,17,6,3,2225,5,2,5,8.0,3.0,75113,M,4881890.0,235952.0,75
201700055159,17,6,4,950,1,2,1,1.0,6.0,75113,M,4883090.0,237020.0,75
201700055160,17,6,4,2115,2,2,1,1.0,7.0,75112,M,4884280.0,236944.0,75
201700055161,17,6,5,1720,1,2,2,1.0,6.0,75113,M,4882590.0,234515.0,75
201700055162,17,6,5,1730,1,2,2,1.0,3.0,75113,M,4883480.0,234159.0,75
201700055163,17,6,5,1820,1,2,5,1.0,3.0,75113,M,4882580.0,235041.0,75
201700055164,17,6,6,815,1,2,2,1.0,6.0,75106,M,4885150.0,233704.0,75
201700055165,17,6,6,830,1,2,2,1.0,3.0,75106,M,4885250.0,233881.0,75
201700055166,17,6,7,830,1,2,3,1.0,6.0,75113,M,4881950.0,236290.0,75
201700055167,17,6,8,835,1,2,2,1.0,6.0,75113,M,4882680.0,235326.0,75
201700055168,17,6,9,1800,1,2,2,1.0,6.0,75113,M,4882010.0,236468.0,75
201700055169,17,6,9,1740,1,2,1,1.0,6.0,75113,M,4883180.0,237886.0,75
201700055170,17,6,9,2100,1,2,2,1.0,2.0,75113,M,4881640.0,236001.0,75
201700055171,17,6,10,215,5,2,1,1.0,6.0,75113,M,4883000.0,234836.0,75
201700055172,17,6,10,1420,1,2,4,1.0,7.0,75113,M,4882840.0,235662.0,75
201700055173,17,6,10,1400,1,2,7,1.0,6.0,75113,M,4883940.0,237128.0,75
201700055174,17,6,10,1900,1,2,2,1.0,6.0,75113,M,4883030.0,237042.0,75
201700055175,17,6,12,755,1,2,3,1.0,6.0,75113,M,4882890.0,238403.0,75
201700055176,17,6,12,2250,5,2,3,1.0,2.0,75113,M,4883320.0,235433.0,75
201700055177,17,6,13,1820,1,2,3,1.0,6.0,75113,M,4883700.0,237310.0,75
201700055178,17,6,14,1000,1,2,1,1.0,2.0,75113,M,4882960.0,235032.0,75
201700055179,17,6,15,540,2,2,4,1.0,6.0,75113,M,4881970.0,237291.0,75
201700055180,17,6,15,1400,1,2,1,1.0,2.0,75113,M,4882360.0,238215.0,75
201700055181,17,6,15,1730,1,2,1,1.0,6.0,75113,M,4883120.0,236089.0,75
201700055182,17,6,17,30,5,2,3,1.0,3.0,75113,M,4883170.0,235793.0,75
201700055183,17,6,17,615,2,2,1,1.0,6.0,75113,M,4882060.0,237317.0,75
201700055184,17,6,19,1840,1,2,3,1.0,3.0,75113,M,4882340.0,237505.0,75
201700055185,17,6,19,2010,1,2,4,1.0,3.0,75113,M,4881640.0,236058.0,75
201700055186,17,6,20,930,1,2,1,1.0,6.0,75113,M,4882630.0,234280.0,75
201700055187,17,6,20,1910,1,2,2,1.0,3.0,75113,M,4882090.0,235076.0,75
201700055188,17,6,22,1000,1,2,2,1.0,3.0,75113,M,4882400.0,237702.0,75
201700055189,17,6,22,2320,5,2,2,1.0,6.0,75113,M,4883330.0,236357.0,75
201700055190,17,6,24,30,5,2,2,1.0,3.0,75113,M,4883150.0,235810.0,75
201700055191,17,6,24,1740,1,2,4,1.0,3.0,75113,M,4881910.0,235778.0,75
201700055192,17,6,26,2140,2,2,3,1.0,2.0,75113,M,4882580.0,235739.0,75
201700055193,17,6,27,1750,1,2,1,1.0,3.0,75113,M,4882470.0,238796.0,75
201700055194,17,6,27,1912,1,2,2,3.0,7.0,75106,M,4885140.0,233189.0,75
201700055195,17,6,28,1745,1,2,5,3.0,6.0,75113,M,4882660.0,236354.0,75
201700055196,17,6,30,1250,1,2,1,2.0,6.0,75113,M,4882750.0,235887.0,75
201700055197,17,6,30,1310,1,2,1,2.0,3.0,75113,M,4884010.0,237072.0,75
201700055198,17,6,29,2025,1,2,1,1.0,3.0,75113,M,4882090.0,237061.0,75
201700055199,17,6,30,1450,1,2,3,3.0,2.0,75113,M,4883320.0,235433.0,75
201700055200,17,6,30,1915,1,2,1,2.0,6.0,75113,M,4882970.0,234575.0,75
201700055201,17,7,1,1505,1,2,3,1.0,4.0,75113,M,4883300.0,237872.0,75
201700055202,17,7,2,1750,1,2,2,1.0,6.0,75113,M,4882070.0,235552.0,75
201700055203,17,7,3,750,1,2,1,1.0,6.0,75113,M,4882370.0,235808.0,75
201700055204,17,7,4,1700,1,2,1,1.0,3.0,75113,M,4882490.0,235164.0,75
201700055205,17,7,5,835,1,2,1,1.0,5.0,75113,M,4882170.0,235869.0,75
201700055206,17,7,5,2040,1,2,4,1.0,3.0,75113,M,4881640.0,236058.0,75
201700055207,17,7,6,1020,1,2,1,8.0,6.0,75113,M,4882780.0,234235.0,75
201700055208,17,7,8,1650,1,2,3,1.0,6.0,75106,M,4885370.0,233797.0,75
201700055209,17,7,8,2040,2,2,1,1.0,3.0,75106,M,4884930.0,232226.0,75
201700055210,17,7,8,2340,5,2,3,1.0,6.0,75113,M,4884320.0,236615.0,75
201700055211,17,7,12,1620,1,2,2,1.0,3.0,75112,M,4883350.0,238209.0,75
201700055212,17,7,13,710,1,2,3,1.0,6.0,75113,M,4883190.0,237906.0,75
201700055213,17,7,15,510,2,2,1,1.0,6.0,75113,M,4883780.0,236020.0,75
201700055214,17,7,15,450,2,2,5,1.0,3.0,75113,M,4881940.0,237362.0,75
201700055215,17,7,16,1845,1,2,4,1.0,6.0,75113,M,4883800.0,237325.0,75
201700055216,17,7,17,1510,1,2,1,1.0,6.0,75113,M,4882590.0,235139.0,75
201700055217,17,7,18,2145,5,2,3,1.0,2.0,75113,M,4882510.0,235761.0,75
201700055218,17,7,19,1240,1,2,1,8.0,3.0,75113,M,4882440.0,238709.0,75
201700055219,17,7,21,655,1,2,4,1.0,7.0,75113,M,4881640.0,236058.0,75
201700055220,17,7,24,2000,1,2,2,1.0,3.0,75113,M,4882420.0,237675.0,75
201700055221,17,7,31,2215,5,2,1,2.0,7.0,75113,M,4882680.0,236463.0,75
201700055222,17,8,1,1000,1,2,2,1.0,3.0,75113,M,4881810.0,235975.0,75
201700055223,17,8,1,1120,1,2,2,1.0,6.0,75113,M,4883270.0,236217.0,75
201700055224,17,8,2,1150,1,2,4,1.0,3.0,75113,M,4882700.0,238605.0,75
201700055225,17,8,3,245,5,2,1,1.0,6.0,75113,M,4882230.0,237131.0,75
201700055226,17,8,3,2000,1,2,2,1.0,3.0,75113,M,4882290.0,237315.0,75
201700055227,17,8,4,220,5,2,1,1.0,6.0,75113,M,4882510.0,237526.0,75
201700055228,17,8,6,15,5,2,1,1.0,3.0,75113,M,4882080.0,236675.0,75
201700055229,17,8,6,305,5,2,5,1.0,6.0,75113,M,4883110.0,234421.0,75
201700055230,17,8,7,1920,1,2,1,1.0,2.0,75113,M,4882530.0,238527.0,75
201700055231,17,8,10,215,5,2,3,8.0,7.0,75113,M,4884430.0,236496.0,75
201700055232,17,8,13,2200,5,2,5,1.0,3.0,75113,M,4882400.0,237702.0,75
201700055233,17,8,14,1800,1,2,2,1.0,6.0,75113,M,4881920.0,236198.0,75
201700055234,17,8,17,1930,1,2,1,2.0,3.0,75113,M,4883970.0,236916.0,75
201700055235,17,8,18,2350,5,2,5,1.0,3.0,75113,M,4882400.0,237702.0,75
201700055236,17,8,19,1550,1,2,1,1.0,4.0,75113,M,4881970.0,236359.0,75
201700055237,17,8,19,2237,5,2,1,1.0,6.0,75113,M,4884240.0,236727.0,75
201700055238,17,8,20,425,5,2,1,1.0,6.0,75113,M,4884110.0,236893.0,75
201700055239,17,8,21,2050,2,2,1,1.0,3.0,75113,M,4882590.0,235207.0,75
201700055240,17,8,22,730,1,2,2,1.0,7.0,75113,M,4882760.0,238125.0,75
201700055241,17,8,24,1505,1,2,3,1.0,6.0,75113,M,4882840.0,235662.0,75
201700055242,17,8,25,730,1,2,2,1.0,3.0,75113,M,4884200.0,236781.0,75
201700055243,17,8,25,1040,1,2,2,3.0,3.0,75113,M,4882850.0,237290.0,75
201700055244,17,8,25,2140,5,2,1,1.0,6.0,75105,M,4883790.0,234414.0,75
201700055245,17,8,26,1740,1,2,2,1.0,2.0,75113,M,4884200.0,236781.0,75
201700055246,17,8,30,1215,1,2,1,1.0,6.0,75113,M,4881600.0,234600.0,75
201700055247,17,8,30,1340,1,2,1,1.0,4.0,75113,M,4882690.0,235933.0,75
201700055248,17,8,30,1800,1,2,1,2.0,3.0,75113,M,4882290.0,234738.0,75
201700055249,17,8,30,1950,1,2,2,1.0,3.0,75113,M,4882960.0,237920.0,75
201700055250,17,9,1,1030,1,2,3,1.0,3.0,75113,M,4882810.0,237069.0,75
201700055251,17,9,2,5,5,2,2,2.0,7.0,75113,M,4882620.0,235729.0,75
201700055252,17,9,3,1700,1,2,2,1.0,1.0,75113,M,4882160.0,236923.0,75
201700055253,17,9,5,1605,1,2,5,1.0,6.0,75113,M,4882120.0,235044.0,75
201700055254,17,9,6,930,1,2,1,1.0,2.0,75113,M,4883190.0,238027.0,75
201700055255,17,9,7,1925,2,2,3,1.0,3.0,75113,M,4883550.0,235852.0,75
201700055256,17,9,8,1940,5,2,3,3.0,3.0,75113,M,4883460.0,235333.0,75
201700055257,17,9,9,1455,1,2,1,3.0,2.0,75113,M,4883440.0,237689.0,75
201700055258,17,9,10,2003,5,2,1,1.0,6.0,75113,M,4884210.0,236758.0,75
201700055259,17,9,12,1520,1,2,1,2.0,2.0,75113,M,4882630.0,234301.0,75
201700055260,17,9,13,2015,5,2,3,2.0,2.0,75113,M,4882080.0,237204.0,75
201700055261,17,9,16,1100,1,2,1,1.0,2.0,75113,M,4881870.0,237075.0,75
201700055262,17,9,16,2303,5,2,1,2.0,3.0,75113,M,4883440.0,234485.0,75
201700055263,17,9,19,820,1,2,5,2.0,6.0,75113,M,4883270.0,236217.0,75
201700055264,17,9,20,2005,2,2,1,1.0,7.0,75113,M,4881640.0,235814.0,75
201700055265,17,9,21,1325,1,2,2,1.0,3.0,75113,M,4882580.0,238199.0,75
201700055266,17,9,22,1530,1,2,3,1.0,6.0,75113,M,4883140.0,235817.0,75
201700055267,17,9,22,2040,1,2,2,1.0,3.0,75113,M,4883620.0,237145.0,75
201700055268,17,9,22,1935,2,2,3,1.0,6.0,75105,M,4885000.0,235486.0,75
201700055269,17,9,23,1130,1,2,7,1.0,3.0,75113,M,4883080.0,235589.0,75
201700055270,17,9,24,310,5,2,2,1.0,6.0,75113,M,4884200.0,236781.0,75
201700055271,17,9,26,1400,1,2,1,1.0,6.0,75113,M,4882980.0,237524.0,75
201700055272,17,9,27,800,1,2,2,8.0,2.0,75113,M,4881600.0,236069.0,75
201700055273,17,9,27,2120,5,2,2,1.0,6.0,75113,M,4881920.0,235948.0,75
201700055274,17,9,28,2010,5,2,3,1.0,2.0,75113,M,4882230.0,237156.0,75
201700055275,17,9,28,2030,5,2,1,1.0,6.0,75113,M,4883070.0,237358.0,75
201700055276,17,9,29,800,1,2,1,1.0,3.0,75113,M,4883680.0,235941.0,75
201700055277,17,9,29,1605,1,2,2,1.0,6.0,75113,M,4882700.0,236647.0,75
201700055278,17,10,3,1305,1,2,4,1.0,3.0,75113,M,4882650.0,238642.0,75
201700055279,17,10,4,1315,1,2,1,1.0,6.0,75113,M,4881950.0,236278.0,75
201700055280,17,10,5,855,1,2,2,1.0,3.0,75113,M,4883230.0,237979.0,75
201700055281,17,10,5,1240,1,2,3,1.0,2.0,75113,M,4883320.0,235679.0,75
201700055282,17,10,6,640,5,2,4,1.0,3.0,75113,M,4881600.0,236069.0,75
201700055283,17,10,6,1545,1,2,2,1.0,3.0,75113,M,4882620.0,235729.0,75
201700055284,17,10,7,1400,1,2,1,1.0,3.0,75113,M,4883320.0,236332.0,75
201700055285,17,10,8,1229,1,2,2,1.0,3.0,75113,M,4884200.0,236781.0,75
201700055286,17,10,9,1045,1,2,2,1.0,3.0,75113,M,4882020.0,235278.0,75
201700055287,17,10,9,1650,1,2,3,1.0,6.0,75113,M,4882020.0,234800.0,75
201700055288,17,10,9,2055,5,2,4,1.0,3.0,75113,M,4881600.0,236069.0,75
201700055289,17,10,9,2100,5,2,2,1.0,6.0,75113,M,4881720.0,236694.0,75
201700055290,17,10,10,1712,1,2,3,1.0,3.0,75113,M,4882920.0,237422.0,75
201700055291,17,10,11,340,5,2,2,1.0,6.0,75105,M,4883970.0,233671.0,75
201700055292,17,10,11,1415,1,2,3,1.0,6.0,75113,M,4884240.0,236363.0,75
201700055293,17,10,11,1715,1,2,3,1.0,6.0,75105,M,4885280.0,234661.0,75
201700055294,17,10,12,1730,1,2,1,1.0,6.0,75113,M,4882120.0,235885.0,75
201700055295,17,10,13,1810,1,2,1,1.0,2.0,75113,M,4883280.0,235650.0,75
201700055296,17,10,15,645,5,2,1,1.0,2.0,75113,M,4884020.0,237023.0,75
201700055297,17,10,15,1420,1,2,1,1.0,6.0,75113,M,4882960.0,236388.0,75
201700055298,17,10,16,900,1,2,3,1.0,3.0,75113,M,4882980.0,235707.0,75
201700055299,17,10,17,1805,1,2,2,1.0,3.0,75113,M,4882840.0,238035.0,75
201700055300,17,10,18,1200,1,2,5,1.0,3.0,75113,M,4883040.0,235271.0,75
201700055301,17,10,19,2005,5,2,5,1.0,6.0,75113,M,4883640.0,237130.0,75
201700055302,17,10,20,642,5,2,5,1.0,6.0,75113,M,4882620.0,235988.0,75
201700055303,17,10,20,1810,1,2,4,7.0,3.0,75113,M,4882650.0,238642.0,75
201700055304,17,10,21,1715,1,2,2,2.0,4.0,75113,M,4881810.0,235975.0,75
201700055305,17,10,22,1255,1,2,1,1.0,6.0,75113,M,4882870.0,235652.0,75
201700055306,17,10,22,2340,5,2,5,3.0,3.0,75113,M,4882620.0,235988.0,75
201700055307,17,10,23,1915,5,2,2,2.0,6.0,75113,M,4882150.0,237240.0,75
201700055308,17,10,23,2255,5,2,2,2.0,7.0,75113,M,4882220.0,235854.0,75
201700055309,17,10,24,1820,2,2,1,8.0,4.0,75113,M,4882100.0,235891.0,75
201700055310,17,10,26,1540,1,2,2,1.0,3.0,75113,M,4881760.0,235328.0,75
201700055311,17,10,26,2023,5,2,7,1.0,6.0,75106,M,4884410.0,232310.0,75
201700055312,17,10,27,537,5,2,2,1.0,3.0,75113,M,4882580.0,238199.0,75
201700055313,17,10,29,1715,5,2,1,2.0,3.0,75113,M,4882960.0,235032.0,75
201700055314,17,10,31,930,1,2,2,1.0,3.0,75113,M,4882730.0,236852.0,75
201700055315,17,10,31,1305,1,2,2,1.0,2.0,75113,M,4883190.0,234112.0,75
201700055316,17,10,31,1717,2,2,7,1.0,3.0,75113,M,4883120.0,235625.0,75
201700055317,17,11,1,2230,5,2,2,1.0,3.0,75113,M,4884200.0,236781.0,75
201700055318,17,11,2,1435,1,2,4,1.0,6.0,75113,M,4881750.0,235999.0,75
201700055319,17,11,5,1110,1,2,2,1.0,6.0,75113,M,4881760.0,235328.0,75
201700055320,17,11,7,45,5,2,2,1.0,3.0,75113,M,4881980.0,235929.0,75
201700055321,17,11,7,945,1,2,3,1.0,6.0,75113,M,4882630.0,236146.0,75
201700055322,17,11,8,1310,1,2,2,1.0,7.0,75113,M,4881760.0,235328.0,75
201700055323,17,11,12,1415,1,2,2,2.0,6.0,75113,M,4883270.0,236217.0,75
201700055324,17,11,12,1605,1,2,5,8.0,3.0,75113,M,4882660.0,236354.0,75
201700055325,17,11,16,2105,5,2,3,1.0,6.0,75113,M,4882290.0,236660.0,75
201700055326,17,11,16,2315,5,2,5,1.0,3.0,75113,M,4883620.0,237145.0,75
201700055327,17,11,18,1305,1,2,1,1.0,4.0,75113,M,4882020.0,237195.0,75
201700055328,17,11,19,445,5,2,1,2.0,3.0,75113,M,4882720.0,238588.0,75
201700055329,17,11,21,940,1,2,1,1.0,3.0,75113,M,4883520.0,235826.0,75
201700055330,17,11,23,1640,1,2,3,2.0,7.0,75113,M,4883200.0,236000.0,75
201700055331,17,11,25,112,5,2,3,1.0,6.0,75106,M,4884880.0,234172.0,75
201700055332,17,11,25,1200,1,2,4,2.0,6.0,75113,M,4882370.0,236185.0,75
201700055333,17,11,26,1325,1,2,2,1.0,2.0,75113,M,4882660.0,236354.0,75
201700055334,17,11,27,2105,5,2,3,2.0,3.0,75105,M,4884740.0,235315.0,75
201700055335,17,11,28,1224,1,2,2,1.0,3.0,75113,M,4883620.0,237145.0,75
201700055336,17,11,29,755,1,2,3,1.0,2.0,75113,M,4883870.0,237234.0,75
201700055337,17,11,29,1020,1,2,1,1.0,6.0,75113,M,4882920.0,235950.0,75
201700055338,17,11,30,745,1,2,4,1.0,3.0,75113,M,4881860.0,235327.0,75
201700055339,17,12,1,2055,5,2,2,1.0,6.0,75113,M,4882620.0,235729.0,75
201700055340,17,12,4,910,1,2,4,8.0,3.0,75113,M,4883590.0,235874.0,75
201700055341,17,12,6,1045,1,2,1,1.0,3.0,75113,M,4883190.0,237692.0,75
201700055342,17,12,6,1505,1,2,2,1.0,3.0,75113,M,4881810.0,235975.0,75
201700055343,17,12,8,800,2,2,1,2.0,3.0,75113,M,4883960.0,236922.0,75
201700055344,17,12,8,2300,5,2,2,2.0,7.0,75113,M,4882730.0,236852.0,75
201700055345,17,12,10,1750,5,2,2,2.0,6.0,75105,M,4883940.0,233755.0,75
201700055346,17,12,11,930,1,2,3,1.0,3.0,75113,M,4883600.0,234954.0,75
201700055347,17,12,13,1850,5,2,3,3.0,6.0,75105,M,4883800.0,235097.0,75
201700055348,17,12,13,2010,5,2,2,2.0,6.0,75113,M,4882220.0,235854.0,75
201700055349,17,12,14,2150,5,2,5,2.0,6.0,75113,M,4883660.0,235927.0,75
201700055350,17,12,15,730,2,2,5,1.0,3.0,75113,M,4883660.0,235927.0,75
201700055351,17,12,15,1830,5,2,2,2.0,6.0,75113,M,4883120.0,236383.0,75
201700055352,17,12,19,1305,1,2,2,1.0,6.0,75113,M,4881920.0,236198.0,75
201700055353,17,12,19,1400,1,2,4,1.0,6.0,75113,M,4882050.0,236600.0,75
201700055354,17,12,21,925,1,2,2,8.0,6.0,75113,M,4882600.0,235364.0,75
201700055355,17,12,21,1720,5,2,2,2.0,3.0,75113,M,4883110.0,237758.0,75
201700055356,17,12,23,1600,1,2,2,1.0,6.0,75113,M,4882420.0,237675.0,75
201700055357,17,12,24,720,5,2,2,1.0,6.0,75113,M,4881890.0,235952.0,75
201700055358,17,12,25,200,5,2,3,1.0,2.0,75113,M,4882040.0,235908.0,75
201700055359,17,12,25,1338,1,2,2,1.0,3.0,75113,M,4883060.0,237679.0,75
201700055360,17,12,25,2040,5,2,1,8.0,2.0,75113,M,4881800.0,235326.0,75
201700055361,17,12,26,1526,1,2,2,1.0,3.0,75113,M,4884200.0,236781.0,75
201700055362,17,12,27,1610,1,2,1,2.0,6.0,75113,M,4882680.0,236469.0,75
201700055363,17,12,27,1800,5,2,7,2.0,3.0,75114,M,4881610.0,234390.0,75
201700055364,17,12,27,2155,5,2,7,9.0,3.0,75113,M,4884330.0,236427.0,75
201700055365,17,12,29,1935,5,2,2,1.0,3.0,75113,M,4883480.0,234159.0,75
201700055366,17,1,4,800,2,2,2,1.0,6.0,75114,M,4882410.0,232769.0,75
201700055367,17,1,4,1645,5,2,1,2.0,2.0,75107,M,4886240.0,230873.0,75