Num_Acc,an,mois,jour,hrmn,lum,agg,int,atm,col,com,gps,lat,long,dep
201700055368,17,1,8,2010,5,2,5,1.0,3.0,75114,M,4882740.0,233512.0,75
201700055369,17,1,10,1930,5,2,4,2.0,3.0,75113,M,4881690.0,234413.0,75
201700055370,17,1,11,1450,1,2,1,8.0,6.0,75114,M,4882850.0,231497.0,75
201700055371,17,1,11,1722,5,2,2,1.0,3.0,75114,M,4882600.0,231255.0,75
201700055372,17,1,12,1140,1,2,3,2.0,3.0,75114,M,4882550.0,232158.0,75
201700055373,17,1,13,1220,1,2,2,1.0,6.0,75114,M,4883300.0,233597.0,75
201700055374,17,1,15,2050,5,2,5,2.0,2.0,75114,M,4882130.0,233431.0,75
201700055375,17,1,15,2110,5,2,1,2.0,6.0,75114,M,4882780.0,232753.0,75
201700055376,17,1,17,1630,1,2,5,1.0,6.0,75114,M,4883940.0,233053.0,75
201700055377,17,1,18,1428,1,2,3,1.0,7.0,75114,M,4884200.0,232272.0,75
201700055378,17,1,23,1010,1,2,1,1.0,3.0,75114,M,4881960.0,234252.0,75
201700055379,17,1,23,1515,1,2,1,1.0,6.0,75114,M,4883430.0,232862.0,75
201700055380,17,1,26,1540,1,2,3,1.0,7.0,75114,M,4883540.0,232920.0,75
201700055381,17,1,26,1828,5,2,1,1.0,2.0,75114,M,4883990.0,233034.0,75
201700055382,17,1,28,1815,5,2,2,1.0,3.0,75114,M,4882970.0,231798.0,75
201700055383,17,1,30,1100,1,2,1,1.0,2.0,75114,M,4882500.0,232593.0,75
201700055384,17,1,30,2130,3,2,1,2.0,7.0,75114,M,4881670.0,234033.0,75
201700055385,17,1,31,1015,1,2,7,2.0,3.0,75114,M,4883410.0,233328.0,75
201700055386,17,2,1,1620,1,2,1,8.0,6.0,75114,M,4882180.0,232644.0,75
201700055387,17,2,1,1950,5,2,3,1.0,6.0,75114,M,4882400.0,232570.0,75
201700055388,17,2,2,1950,5,2,1,1.0,2.0,75115,M,4883860.0,231697.0,75
201700055389,17,2,3,1000,1,2,2,1.0,3.0,75114,M,4882970.0,233103.0,75
201700055390,17,2,3,1315,1,2,3,2.0,3.0,75114,M,4882390.0,232245.0,75
201700055391,17,2,4,540,5,2,4,2.0,6.0,75114,M,4883620.0,232350.0,75
201700055392,17,2,4,2000,5,2,5,8.0,3.0,75114,M,4882130.0,234254.0,75
201700055393,17,2,4,2344,5,2,2,2.0,3.0,75114,M,4882230.0,231415.0,75
201700055394,17,2,5,220,3,2,2,1.0,3.0,75114,M,4883890.0,233968.0,75
201700055395,17,2,6,1255,1,2,7,8.0,6.0,75114,M,4883370.0,233189.0,75
201700055396,17,2,6,1425,1,2,1,1.0,1.0,75114,M,4882710.0,233722.0,75
201700055397,17,2,6,1910,5,2,2,1.0,6.0,75115,M,4884530.0,229099.0,75
201700055398,17,2,7,750,1,2,3,2.0,6.0,75115,M,4883430.0,230646.0,75
201700055399,17,2,7,920,1,2,5,2.0,3.0,75114,M,4883300.0,233597.0,75
201700055400,17,2,7,1820,5,2,3,1.0,6.0,75114,M,4883500.0,233223.0,75
201700055401,17,2,8,2120,5,2,2,1.0,6.0,75114,M,4883130.0,232984.0,75
201700055402,17,2,10,105,5,2,5,1.0,6.0,75114,M,4883280.0,231155.0,75
201700055403,17,2,10,950,1,2,1,1.0,3.0,75114,M,4882060.0,233752.0,75
201700055404,17,2,11,1650,1,2,5,1.0,6.0,75114,M,4882420.0,233604.0,75
201700055405,17,2,14,1455,1,2,4,8.0,6.0,75114,M,4883850.0,232261.0,75
201700055406,17,2,21,1210,1,2,2,8.0,3.0,75114,M,4883460.0,233696.0,75
201700055407,17,2,21,1925,5,2,3,1.0,6.0,75114,M,4883010.0,232036.0,75
201700055408,17,2,21,2235,5,2,3,1.0,6.0,75115,M,4884720.0,227917.0,75
201700055409,17,2,23,2030,3,2,1,1.0,3.0,75114,M,4881910.0,233052.0,75
201700055410,17,2,24,1930,5,2,5,1.0,6.0,75114,M,4881970.0,232558.0,75
201700055411,17,2,25,1750,2,2,1,1.0,3.0,75114,M,4882750.0,232596.0,75
201700055412,17,2,25,1900,5,2,5,1.0,3.0,75114,M,4883280.0,231155.0,75
201700055413,17,2,27,920,1,2,2,1.0,3.0,75114,M,4883480.0,234159.0,75
201700055414,17,3,2,1925,5,2,3,1.0,3.0,75114,M,4882510.0,232052.0,75
201700055415,17,3,4,230,3,2,3,3.0,6.0,75114,M,4882880.0,232769.0,75
201700055416,17,3,4,225,3,2,1,2.0,3.0,75114,M,4883530.0,233326.0,75
201700055417,17,3,4,2040,5,2,1,2.0,4.0,75114,M,4882850.0,232477.0,75
201700055418,17,3,6,1640,1,2,3,1.0,3.0,75114,M,4883150.0,232535.0,75
201700055419,17,3,9,750,1,2,1,1.0,6.0,75114,M,4881670.0,233442.0,75
201700055420,17,3,13,1050,1,2,2,1.0,6.0,75114,M,4883600.0,232760.0,75
201700055421,17,3,14,840,1,2,1,1.0,6.0,75114,M,4884220.0,232902.0,75
201700055422,17,3,15,1510,1,2,3,1.0,4.0,75114,M,4881960.0,234285.0,75
201700055423,17,3,16,945,1,2,2,1.0,3.0,75114,M,4883130.0,232984.0,75
201700055424,17,3,16,2115,5,2,1,1.0,6.0,75114,M,4882030.0,233873.0,75
201700055425,17,3,17,953,1,2,5,1.0,6.0,75114,M,4882770.0,230530.0,75
201700055426,17,3,18,1250,1,2,2,1.0,6.0,75114,M,4883260.0,232510.0,75
201700055427,17,3,18,1445,1,2,1,1.0,3.0,75114,M,4884000.0,232386.0,75
201700055428,17,3,19,340,3,2,5,1.0,6.0,75114,M,4882130.0,233431.0,75
201700055429,17,3,20,855,1,2,1,1.0,3.0,75114,M,4883450.0,233411.0,75
201700055430,17,3,21,850,1,2,3,1.0,6.0,75114,M,4882860.0,231636.0,75
201700055431,17,3,25,110,5,2,7,8.0,2.0,75114,M,4882780.0,232667.0,75
201700055432,17,3,26,1200,1,2,2,1.0,3.0,75114,M,4882090.0,232049.0,75
201700055433,17,3,27,1715,1,2,1,1.0,6.0,75114,M,4883140.0,232991.0,75
201700055434,17,3,28,1300,1,2,3,1.0,6.0,75114,M,4882120.0,234114.0,75
201700055435,17,3,28,1610,1,2,7,1.0,3.0,75114,M,4883410.0,233328.0,75
201700055436,17,3,30,1835,1,2,2,1.0,6.0,75106,M,4884200.0,232960.0,75
201700055437,17,3,31,915,1,2,2,1.0,3.0,75114,M,4882370.0,232320.0,75
201700055438,17,3,31,2110,5,2,2,2.0,3.0,75114,M,4883010.0,232874.0,75
201700055439,17,4,2,1340,1,2,7,1.0,3.0,75114,M,4882780.0,232667.0,75
201700055440,17,4,2,2000,2,2,4,1.0,3.0,75114,M,4882720.0,233665.0,75
201700055441,17,4,6,700,1,2,4,1.0,2.0,75114,M,4882910.0,232634.0,75
201700055442,17,4,8,20,5,2,2,1.0,6.0,75114,M,4883460.0,233696.0,75
201700055443,17,4,8,1410,1,2,3,1.0,6.0,75114,M,4883220.0,232034.0,75
201700055444,17,4,8,1601,1,2,4,1.0,2.0,75114,M,4882910.0,232634.0,75
201700055445,17,4,12,1400,1,2,4,1.0,6.0,75114,M,4883510.0,232389.0,75
201700055446,17,4,14,1340,1,2,2,1.0,3.0,75114,M,4882130.0,233431.0,75
201700055447,17,4,14,1610,1,2,1,1.0,2.0,75114,M,4882970.0,231637.0,75
201700055448,17,4,16,1550,1,2,5,8.0,3.0,75114,M,4882770.0,230530.0,75
201700055449,17,4,18,2000,2,2,3,1.0,3.0,75114,M,4883540.0,232920.0,75
201700055450,17,4,19,940,1,2,1,1.0,4.0,75114,M,4882510.0,230340.0,75
201700055451,17,4,19,1630,1,2,2,1.0,6.0,75114,M,4882920.0,231730.0,75
201700055452,17,4,20,1250,1,2,2,1.0,3.0,75114,M,4883970.0,233671.0,75
201700055453,17,4,20,1720,1,2,2,1.0,2.0,75114,M,4883770.0,232284.0,75
201700055454,17,4,23,1405,1,2,1,1.0,2.0,75114,M,4882630.0,232626.0,75
201700055455,17,4,23,2000,1,2,1,1.0,6.0,75114,M,4882270.0,232501.0,75
201700055456,17,4,24,1100,1,2,2,1.0,3.0,75114,M,4883460.0,233696.0,75
201700055457,17,4,24,1232,1,2,5,1.0,3.0,75114,M,4882780.0,232667.0,75
201700055458,17,4,27,800,1,2,3,1.0,3.0,75113,M,4882210.0,234201.0,75
201700055459,17,4,27,1840,1,2,3,1.0,2.0,75114,M,4882810.0,232145.0,75
201700055460,17,4,30,2340,5,2,2,2.0,7.0,75114,M,4882930.0,232262.0,75
201700055461,17,5,1,530,5,2,1,1.0,2.0,75114,M,4881700.0,233597.0,75
201700055462,17,5,2,1300,1,2,1,1.0,6.0,75114,M,4883870.0,232004.0,75
201700055463,17,5,2,1420,1,2,4,1.0,6.0,75114,M,4882550.0,231168.0,75
201700055464,17,5,3,1045,1,2,4,1.0,5.0,75114,M,4883690.0,233145.0,75
201700055465,17,5,3,1600,1,2,1,3.0,6.0,75114,M,4882520.0,232598.0,75
201700055466,17,5,4,1445,1,2,1,2.0,6.0,75114,M,4882230.0,232513.0,75
201700055467,17,5,5,1645,1,2,2,1.0,3.0,75114,M,4883180.0,231413.0,75
201700055468,17,5,7,1405,1,2,2,1.0,3.0,75114,M,4883520.0,232999.0,75
201700055469,17,5,8,1435,1,2,4,1.0,3.0,75114,M,4882540.0,230230.0,75
201700055470,17,5,11,1950,1,2,2,2.0,3.0,75114,M,4882270.0,232263.0,75
201700055471,17,5,14,510,5,2,7,1.0,7.0,75114,M,4883730.0,231877.0,75
201700055472,17,5,15,1300,1,2,1,1.0,6.0,75114,M,4883740.0,233870.0,75
201700055473,17,5,18,15,5,2,1,2.0,4.0,75114,M,4883110.0,232965.0,75
201700055474,17,5,18,1920,2,2,4,3.0,6.0,75114,M,4884050.0,233009.0,75
201700055475,17,5,20,1505,1,2,7,1.0,6.0,75114,M,4882320.0,232552.0,75
201700055476,17,5,21,1235,1,2,1,1.0,6.0,75107,M,4886180.0,231996.0,75
201700055477,17,5,21,1915,1,2,1,1.0,6.0,75114,M,4883450.0,233434.0,75
201700055478,17,5,22,1130,1,2,1,1.0,4.0,75114,M,4882220.0,231628.0,75
201700055479,17,5,22,1818,1,2,5,1.0,6.0,75114,M,4883970.0,233671.0,75
201700055480,17,5,24,920,1,2,4,1.0,3.0,75114,M,4883100.0,231782.0,75
201700055481,17,5,24,945,1,2,3,1.0,3.0,75114,M,4882770.0,231500.0,75
201700055482,17,5,27,1900,1,2,1,1.0,2.0,75114,M,4882680.0,230928.0,75
201700055483,17,5,31,1015,1,2,2,1.0,3.0,75114,M,4883860.0,233665.0,75
201700055484,17,5,31,1230,1,2,1,1.0,3.0,75114,M,4881850.0,233106.0,75
201700055485,17,5,31,1530,1,2,1,1.0,4.0,75114,M,4882670.0,232637.0,75
201700055486,17,6,1,945,1,2,3,1.0,3.0,75114,M,4882640.0,231069.0,75
201700055487,17,6,2,1345,1,2,2,1.0,3.0,75114,M,4882230.0,231415.0,75
201700055488,17,6,4,2055,2,2,2,1.0,3.0,75114,M,4883600.0,232760.0,75
201700055489,17,6,6,1740,1,2,3,1.0,6.0,75114,M,4882510.0,232052.0,75
201700055490,17,6,8,2350,5,2,2,1.0,6.0,75114,M,4882010.0,232389.0,75
201700055491,17,6,12,1145,1,2,7,1.0,6.0,75114,M,4882220.0,232490.0,75
201700055492,17,6,13,740,1,2,5,1.0,3.0,75114,M,4883280.0,231155.0,75
201700055493,17,6,13,2000,1,2,5,1.0,6.0,75114,M,4882870.0,230748.0,75
201700055494,17,6,14,1725,1,2,5,1.0,4.0,75114,M,4882810.0,232689.0,75
201700055495,17,6,14,1950,1,2,3,1.0,6.0,75114,M,4882400.0,231617.0,75
201700055496,17,6,16,1818,1,2,3,1.0,3.0,75114,M,4883510.0,231493.0,75
201700055497,17,6,17,910,1,2,7,1.0,3.0,75114,M,4883440.0,233242.0,75
201700055498,17,6,18,108,5,2,3,1.0,6.0,75114,M,4883220.0,231284.0,75
201700055499,17,6,18,530,1,2,2,1.0,6.0,75114,M,4883770.0,232284.0,75
201700055500,17,6,19,1745,1,2,1,1.0,6.0,75114,M,4882780.0,233189.0,75
201700055501,17,6,21,2100,1,2,3,1.0,3.0,75114,M,4883190.0,232519.0,75
201700055502,17,6,21,2100,2,2,3,1.0,3.0,75114,M,4881700.0,233215.0,75
201700055503,17,6,23,815,1,2,3,1.0,3.0,75114,M,4882980.0,232602.0,75
201700055504,17,6,23,1650,1,2,2,1.0,3.0,75114,M,4883180.0,231413.0,75
201700055505,17,6,23,2125,2,2,2,1.0,3.0,75114,M,4882770.0,230530.0,75
201700055506,17,6,24,2040,1,2,2,1.0,3.0,75114,M,4883970.0,233671.0,75
201700055507,17,6,26,2100,2,2,2,1.0,3.0,75114,M,4884310.0,232635.0,75
201700055508,17,6,27,1531,1,2,2,3.0,6.0,75114,M,4882400.0,232570.0,75
201700055509,17,6,28,700,1,2,1,1.0,4.0,75114,M,4883840.0,233092.0,75
201700055510,17,6,29,1345,1,2,3,1.0,2.0,75114,M,4883220.0,233061.0,75
201700055511,17,6,30,1535,1,2,7,2.0,6.0,75114,M,4884360.0,232458.0,75
201700055512,17,7,3,1043,1,2,7,1.0,6.0,75107,M,4886070.0,231877.0,75
201700055513,17,7,4,1645,1,2,1,1.0,6.0,75114,M,4883670.0,233465.0,75
201700055514,17,7,4,1845,1,2,3,1.0,3.0,75114,M,4882880.0,232769.0,75
201700055515,17,7,4,1750,1,2,5,1.0,2.0,75114,M,4884020.0,232193.0,75
201700055516,17,7,7,1610,1,2,7,1.0,1.0,75107,M,4885840.0,231365.0,75
201700055517,17,7,7,1945,1,2,7,1.0,6.0,75114,M,4883370.0,233189.0,75
201700055518,17,7,8,2220,5,2,4,1.0,6.0,75114,M,4881660.0,234216.0,75
201700055519,17,7,9,2205,3,2,3,1.0,7.0,75114,M,4883150.0,231528.0,75
201700055520,17,7,12,1830,1,2,1,1.0,6.0,75114,M,4882140.0,231888.0,75
201700055521,17,7,13,1650,1,2,1,1.0,3.0,75114,M,4882330.0,231115.0,75
201700055522,17,7,16,740,1,2,1,1.0,2.0,75114,M,4884220.0,232902.0,75
201700055523,17,7,17,1930,1,2,1,1.0,6.0,75115,M,4883850.0,229817.0,75
201700055524,17,7,18,1845,1,2,1,1.0,3.0,75114,M,4882500.0,230168.0,75
201700055525,17,7,19,1405,1,2,7,1.0,3.0,75114,M,4883720.0,231780.0,75
201700055526,17,7,24,950,1,2,1,8.0,2.0,75114,M,4882520.0,231633.0,75
201700055527,17,7,25,2120,5,2,5,1.0,3.0,75114,M,4882870.0,230748.0,75
201700055528,17,7,26,729,1,2,5,1.0,3.0,75114,M,4882780.0,233250.0,75
201700055529,17,7,26,545,2,2,4,1.0,6.0,75114,M,4881850.0,233302.0,75
201700055530,17,7,31,524,2,2,4,1.0,6.0,75114,M,4882240.0,231440.0,75
201700055531,17,8,1,1715,1,2,5,1.0,3.0,75114,M,4882780.0,233250.0,75
201700055532,17,8,2,854,1,2,2,1.0,6.0,75114,M,4883890.0,233968.0,75
201700055533,17,8,2,1710,1,2,5,1.0,3.0,75114,M,4883280.0,231155.0,75
201700055534,17,8,3,205,5,2,3,1.0,3.0,75114,M,4882780.0,232903.0,75
201700055535,17,8,7,2010,1,2,5,1.0,3.0,75114,M,4882870.0,230748.0,75
201700055536,17,8,7,2315,5,2,1,1.0,6.0,75114,M,4882110.0,231933.0,75
201700055537,17,8,9,1840,1,2,2,8.0,6.0,75114,M,4882930.0,232262.0,75
201700055538,17,8,10,1050,1,2,7,2.0,6.0,75114,M,4882320.0,232552.0,75
201700055539,17,8,12,415,5,2,1,1.0,6.0,75114,M,4883860.0,232224.0,75
201700055540,17,8,16,2315,5,2,4,1.0,6.0,75114,M,4883150.0,232535.0,75
201700055541,17,8,24,2040,2,2,1,1.0,1.0,75114,M,4882660.0,232633.0,75
201700055542,17,8,25,1750,1,2,1,1.0,6.0,75106,M,4884360.0,232468.0,75
201700055543,17,8,26,1146,1,2,5,1.0,6.0,75114,M,4882450.0,230400.0,75
201700055544,17,8,31,1050,1,2,1,1.0,6.0,75114,M,4882200.0,233477.0,75
201700055545,17,9,3,555,2,2,4,1.0,6.0,75114,M,4882910.0,232634.0,75
201700055546,17,9,3,1430,1,2,1,1.0,3.0,75114,M,4882320.0,231623.0,75
201700055547,17,9,4,1310,1,2,4,1.0,4.0,75114,M,4883440.0,232416.0,75
201700055548,17,9,6,1630,1,2,1,1.0,7.0,75114,M,4882880.0,232647.0,75
201700055549,17,9,7,1750,1,2,7,1.0,6.0,75114,M,4883440.0,233242.0,75
201700055550,17,9,8,918,1,2,1,1.0,3.0,75106,M,4884220.0,232898.0,75
201700055551,17,9,8,2355,5,2,5,3.0,6.0,75114,M,4883940.0,233053.0,75
201700055552,17,9,11,1810,1,2,5,1.0,6.0,75114,M,4883300.0,233597.0,75
201700055553,17,9,12,1130,1,2,1,1.0,3.0,75114,M,4883510.0,233305.0,75
201700055554,17,9,12,1715,1,2,3,1.0,6.0,75114,M,4883770.0,233556.0,75
201700055555,17,9,13,1510,1,2,3,2.0,3.0,75114,M,4882690.0,233860.0,75
201700055556,17,9,13,2320,5,2,2,3.0,6.0,75114,M,4883860.0,233665.0,75
201700055557,17,9,15,1050,1,2,5,1.0,3.0,75114,M,4882130.0,233431.0,75
201700055558,17,9,16,940,1,2,1,1.0,6.0,75114,M,4882250.0,231501.0,75
201700055559,17,9,17,1500,1,2,2,1.0,3.0,75114,M,4882600.0,231255.0,75
201700055560,17,9,18,1730,1,2,3,2.0,5.0,75114,M,4881700.0,233215.0,75
201700055561,17,9,22,1530,1,2,2,1.0,3.0,75114,M,4882770.0,230530.0,75
201700055562,17,9,23,1220,1,2,1,1.0,3.0,75114,M,4882890.0,233454.0,75
201700055563,17,9,25,1610,1,2,2,1.0,6.0,75114,M,4883770.0,232284.0,75
201700055564,17,9,26,950,1,2,1,2.0,3.0,75114,M,4883890.0,232028.0,75
201700055565,17,9,26,1150,1,2,7,1.0,5.0,75114,M,4882780.0,232667.0,75
201700055566,17,9,26,1525,1,2,3,1.0,6.0,75114,M,4883370.0,232785.0,75
201700055567,17,9,27,1200,1,2,1,8.0,7.0,75114,M,4882350.0,232558.0,75
201700055568,17,9,27,1310,1,2,2,1.0,3.0,75114,M,4883680.0,232073.0,75
201700055569,17,9,28,1910,2,2,2,1.0,6.0,75114,M,4883600.0,232760.0,75
201700055570,17,9,28,2335,5,2,4,1.0,6.0,75114,M,4883300.0,232475.0,75
201700055571,17,9,30,500,5,2,1,2.0,1.0,75114,M,4882560.0,232605.0,75
201700055572,17,9,30,1210,1,2,1,1.0,3.0,75114,M,4883130.0,230900.0,75
201700055573,17,10,1,925,1,2,1,8.0,2.0,75114,M,4881660.0,234304.0,75
201700055574,17,10,1,1950,5,2,1,2.0,2.0,75114,M,4883330.0,232411.0,75
201700055575,17,10,5,1820,2,2,4,2.0,7.0,75114,M,4883410.0,233328.0,75
201700055576,17,10,9,1405,1,2,3,1.0,6.0,75114,M,4883360.0,231745.0,75
201700055577,17,10,10,1425,1,2,3,1.0,3.0,75114,M,4882470.0,232588.0,75
201700055578,17,10,10,1620,1,2,2,8.0,6.0,75114,M,4882760.0,232099.0,75
201700055579,17,10,11,815,2,2,3,1.0,7.0,75114,M,4882810.0,232145.0,75
201700055580,17,10,11,2125,5,2,2,1.0,3.0,75106,M,4883970.0,233671.0,75
201700055581,17,10,12,1330,1,2,2,1.0,3.0,75107,M,4886000.0,231479.0,75
201700055582,17,10,12,1405,1,2,1,1.0,1.0,75114,M,4883460.0,231924.0,75
201700055583,17,10,13,220,5,2,4,1.0,6.0,75114,M,4883850.0,232261.0,75
201700055584,17,10,17,745,1,2,4,1.0,6.0,75107,M,4885810.0,232347.0,75
201700055585,17,10,17,1330,1,2,2,1.0,2.0,75114,M,4883300.0,233597.0,75
201700055586,17,10,17,1340,1,2,2,1.0,3.0,75114,M,4882490.0,230210.0,75
201700055587,17,10,17,1730,1,2,5,1.0,6.0,75114,M,4882320.0,232552.0,75
201700055588,17,10,20,2210,5,2,4,1.0,6.0,75114,M,4883370.0,233494.0,75
201700055589,17,10,22,30,5,2,7,1.0,3.0,75107,M,4886190.0,230199.0,75
201700055590,17,10,23,1745,2,2,2,2.0,6.0,75114,M,4883090.0,231224.0,75
201700055591,17,10,23,1851,5,2,1,2.0,6.0,75114,M,4881860.0,233047.0,75
201700055592,17,10,24,1120,1,2,2,2.0,7.0,75114,M,4882270.0,232263.0,75
201700055593,17,10,24,1100,1,2,3,2.0,3.0,75114,M,4882730.0,233548.0,75
201700055594,17,10,26,1810,2,2,4,1.0,5.0,75114,M,4882640.0,230324.0,75
201700055595,17,10,27,1715,2,2,4,1.0,3.0,75114,M,4882910.0,232634.0,75
201700055596,17,10,28,835,1,2,3,1.0,3.0,75113,M,4882290.0,237315.0,75
201700055597,17,10,30,1245,1,2,1,1.0,6.0,75114,M,4882180.0,231755.0,75
201700055598,17,10,30,1835,2,2,3,1.0,4.0,75114,M,4883830.0,233096.0,75
201700055599,17,10,31,1940,2,2,1,1.0,3.0,75114,M,4884010.0,233549.0,75
201700055600,17,11,4,1140,1,2,1,8.0,3.0,75107,M,4885290.0,232631.0,75
201700055601,17,11,5,10,5,2,2,2.0,3.0,75114,M,4882970.0,231798.0,75
201700055602,17,11,6,1650,2,2,1,1.0,6.0,75114,M,4882860.0,232753.0,75
201700055603,17,11,7,1531,1,2,2,1.0,3.0,75114,M,4882370.0,232320.0,75
201700055604,17,11,7,2325,5,2,1,1.0,6.0,75114,M,4882570.0,232607.0,75
201700055605,17,11,10,10,5,2,7,2.0,6.0,75114,M,4882430.0,231867.0,75
201700055606,17,11,11,1807,5,2,7,2.0,6.0,75114,M,4883470.0,233127.0,75
201700055607,17,11,16,1705,2,2,1,1.0,6.0,75114,M,4883160.0,231360.0,75
201700055608,17,11,16,1845,5,2,4,1.0,6.0,75113,M,4881610.0,234418.0,75
201700055609,17,11,17,850,1,2,2,2.0,7.0,75114,M,4884310.0,232635.0,75
201700055610,17,11,17,1135,1,2,7,8.0,6.0,75114,M,4882670.0,230464.0,75
201700055611,17,11,17,2120,5,2,1,1.0,2.0,75106,M,4885760.0,233753.0,75
201700055612,17,11,21,1010,1,2,2,1.0,7.0,75114,M,4883560.0,232115.0,75
201700055613,17,11,21,2015,5,2,1,1.0,2.0,75107,M,4885580.0,230297.0,75
201700055614,17,11,23,1740,5,2,2,2.0,6.0,75114,M,4883500.0,232982.0,75
201700055615,17,11,27,1750,4,2,3,2.0,6.0,75114,M,4883290.0,231388.0,75
201700055616,17,11,28,755,2,2,1,1.0,3.0,75114,M,4882900.0,230802.0,75
201700055617,17,11,29,1445,1,2,7,2.0,4.0,75114,M,4883420.0,233234.0,75
201700055618,17,11,30,840,1,2,1,1.0,6.0,75114,M,4882430.0,233702.0,75
201700055619,17,12,2,1920,5,2,3,1.0,2.0,75114,M,4882810.0,232145.0,75
201700055620,17,12,2,1950,5,2,3,1.0,6.0,75114,M,4881960.0,234285.0,75
201700055621,17,12,3,1040,1,2,3,8.0,6.0,75114,M,4883640.0,232661.0,75
201700055622,17,12,3,1920,5,2,3,8.0,3.0,75114,M,4883410.0,232427.0,75
201700055623,17,12,4,1000,1,2,1,8.0,7.0,75115,M,4882970.0,228727.0,75
201700055624,17,12,6,930,1,2,3,1.0,2.0,75114,M,4882720.0,233665.0,75
201700055625,17,12,6,1550,1,2,3,1.0,3.0,75114,M,4882470.0,232588.0,75
201700055626,17,12,8,1040,1,2,1,1.0,2.0,75114,M,4882560.0,232604.0,75
201700055627,17,12,10,635,3,2,4,3.0,3.0,75114,M,4882240.0,231440.0,75
201700055628,17,12,10,2010,5,2,4,1.0,3.0,75114,M,4883410.0,232427.0,75
201700055629,17,12,11,826,2,2,1,1.0,3.0,75114,M,4882320.0,231623.0,75
201700055630,17,12,11,940,1,2,2,2.0,3.0,75114,M,4881970.0,232558.0,75
201700055631,17,12,13,1230,1,2,3,2.0,3.0,75114,M,4882320.0,233552.0,75
201700055632,17,12,13,1915,5,2,7,2.0,6.0,75107,M,4885420.0,230628.0,75
201700055633,17,12,14,1450,1,2,2,2.0,7.0,75114,M,4882780.0,233250.0,75
201700055634,17,12,15,2125,5,2,2,2.0,7.0,75115,M,4884530.0,231177.0,75
201700055635,17,12,16,259,5,2,2,1.0,3.0,75114,M,4882460.0,231928.0,75
201700055636,17,12,17,1459,1,2,3,1.0,6.0,75114,M,4882350.0,233571.0,75
201700055637,17,12,19,1020,1,2,3,1.0,6.0,75114,M,4882300.0,232658.0,75
201700055638,17,12,20,810,1,2,7,2.0,7.0,75114,M,4883410.0,233328.0,75
201700055639,17,12,20,1350,1,2,3,8.0,2.0,75107,M,4884740.0,231817.0,75
201700055640,17,12,21,915,1,2,1,2.0,3.0,75114,M,4882020.0,233900.0,75
201700055641,17,12,21,1210,1,2,2,2.0,6.0,75107,M,4886000.0,231479.0,75
201700055642,17,12,21,2235,4,2,3,1.0,5.0,75114,M,4883150.0,231528.0,75
201700055643,17,12,21,2340,5,2,2,1.0,6.0,75114,M,4883600.0,232760.0,75
201700055644,17,12,22,800,2,2,3,8.0,6.0,75114,M,4883110.0,231714.0,75
201700055645,17,12,24,1510,1,2,3,8.0,6.0,75114,M,4882770.0,231500.0,75
201700055646,17,12,25,1845,5,2,2,1.0,3.0,75114,M,4883770.0,232284.0,75
201700055647,17,1,2,1119,1,2,2,2.0,3.0,75115,M,4883930.0,229196.0,75
201700055648,17,1,3,1720,2,2,1,1.0,6.0,75115,M,4884230.0,230290.0,75
201700055649,17,1,3,1905,5,2,3,1.0,7.0,75115,M,4884440.0,228360.0,75
201700055650,17,1,4,755,1,2,1,1.0,6.0,75115,M,4884920.0,229707.0,75
201700055651,17,1,4,835,2,2,3,1.0,6.0,75115,M,4883970.0,228311.0,75
201700055652,17,1,4,1900,5,2,3,2.0,3.0,75115,M,4883450.0,230577.0,75
201700055653,17,1,5,940,1,2,2,1.0,3.0,75107,M,4885120.0,230089.0,75
201700055654,17,1,6,2220,5,2,3,1.0,6.0,75115,M,4883590.0,228854.0,75
201700055655,17,1,8,1510,1,2,1,8.0,3.0,75115,M,4883340.0,230125.0,75
201700055656,17,1,11,1250,1,2,5,2.0,6.0,75115,M,4883580.0,228966.0,75
201700055657,17,1,14,1515,1,2,1,1.0,6.0,75115,M,4884350.0,227950.0,75
201700055658,17,1,14,2150,5,2,2,1.0,3.0,75115,M,4884620.0,229514.0,75
201700055659,17,1,15,1310,1,2,1,2.0,3.0,75115,M,4884090.0,228052.0,75
201700055660,17,1,19,1550,1,2,2,1.0,3.0,75115,M,4884290.0,229793.0,75
201700055661,17,1,19,2050,5,2,1,1.0,3.0,75115,M,4883040.0,230196.0,75
201700055662,17,1,20,935,1,2,2,1.0,1.0,75107,M,4885120.0,230089.0,75
201700055663,17,1,20,1745,5,2,2,1.0,6.0,75115,M,4884560.0,228797.0,75
201700055664,17,1,21,340,5,2,2,1.0,3.0,75115,M,4882860.0,230138.0,75
201700055665,17,1,21,725,5,2,2,1.0,6.0,75115,M,4884290.0,231236.0,75
201700055666,17,1,21,1220,1,2,4,1.0,6.0,75115,M,4885270.0,229853.0,75
201700055667,17,1,21,1550,1,2,2,1.0,6.0,75115,M,4884170.0,228225.0,75
201700055668,17,1,21,2010,5,2,2,1.0,3.0,75115,M,4884210.0,228164.0,75
201700055669,17,1,21,2115,5,2,7,1.0,3.0,75115,M,4884660.0,228612.0,75