Num_Acc,an,mois,jour,hrmn,lum,agg,int,atm,col,com,gps,lat,long,dep
201700055670,17,1,22,1710,1,2,3,1.0,6.0,75115,M,4884570.0,230197.0,75
201700055671,17,1,23,1800,5,2,3,1.0,3.0,75115,M,4883430.0,230646.0,75
201700055672,17,1,23,1730,5,2,2,1.0,6.0,75115,M,4884690.0,229359.0,75
201700055673,17,1,24,15,5,2,5,1.0,3.0,75115,M,4884260.0,230268.0,75
201700055674,17,1,26,1105,1,2,1,1.0,2.0,75115,M,4884110.0,231166.0,75
201700055675,17,1,26,2022,5,2,3,1.0,3.0,75115,M,4883900.0,231657.0,75
201700055676,17,1,28,1220,1,2,7,1.0,6.0,75115,M,4884580.0,227664.0,75
201700055677,17,1,29,1845,5,2,1,1.0,6.0,75115,M,4884150.0,227312.0,75
201700055678,17,1,30,1200,1,2,3,1.0,3.0,75115,M,4884570.0,230197.0,75
201700055679,17,1,30,1510,1,2,5,8.0,6.0,75115,M,4884440.0,231769.0,75
201700055680,17,1,30,1700,2,2,4,2.0,4.0,75115,M,4884550.0,227631.0,75
201700055681,17,1,30,2035,5,2,2,8.0,6.0,75115,M,4884340.0,228272.0,75
201700055682,17,1,31,1250,1,2,1,1.0,6.0,75115,M,4884760.0,229143.0,75
201700055683,17,2,1,2000,5,2,2,1.0,3.0,75115,M,4882860.0,230138.0,75
201700055684,17,2,2,1000,1,2,1,1.0,3.0,75115,M,4883350.0,227080.0,75
201700055685,17,2,2,2305,5,2,2,1.0,3.0,75115,M,4884220.0,228554.0,75
201700055686,17,2,3,835,1,2,3,1.0,3.0,75115,M,4883930.0,231621.0,75
201700055687,17,2,3,1930,5,2,5,3.0,3.0,75115,M,4884610.0,227692.0,75
201700055688,17,2,4,530,5,2,2,3.0,6.0,75115,M,4884770.0,228415.0,75
201700055689,17,2,5,2120,5,2,7,1.0,7.0,75115,M,4884940.0,228155.0,75
201700055690,17,2,6,1845,5,2,5,1.0,3.0,75115,M,4883090.0,229228.0,75
201700055691,17,2,6,1830,5,2,2,8.0,3.0,75115,M,4883610.0,227820.0,75
201700055692,17,2,7,750,3,2,2,2.0,6.0,75115,M,4884000.0,227192.0,75
201700055693,17,2,7,1740,1,2,7,1.0,6.0,75115,M,4884580.0,227664.0,75
201700055694,17,2,8,1915,3,2,5,1.0,6.0,75115,M,4883930.0,229196.0,75
201700055695,17,2,10,1310,1,2,3,1.0,6.0,75115,M,4883400.0,229699.0,75
201700055696,17,2,10,2020,5,2,5,1.0,3.0,75115,M,4885180.0,229166.0,75
201700055697,17,2,12,240,5,2,1,1.0,6.0,75115,M,4883860.0,231697.0,75
201700055698,17,2,13,1351,1,2,2,1.0,6.0,75115,M,4884310.0,228349.0,75
201700055699,17,2,14,40,5,2,3,1.0,3.0,75115,M,4884830.0,229981.0,75
201700055700,17,2,14,624,2,2,2,2.0,3.0,75115,M,4884210.0,229037.0,75
201700055701,17,2,14,1450,1,2,1,1.0,6.0,75115,M,4883590.0,229014.0,75
201700055702,17,2,15,600,2,2,7,1.0,6.0,75115,M,4884340.0,232414.0,75
201700055703,17,2,15,1850,2,2,1,1.0,6.0,75107,M,4885500.0,229491.0,75
201700055704,17,2,15,2035,5,2,2,1.0,3.0,75115,M,4884770.0,228415.0,75
201700055705,17,2,16,2220,5,2,2,1.0,3.0,75115,M,4884040.0,230425.0,75
201700055706,17,2,17,2040,5,2,7,1.0,3.0,75115,M,4883660.0,227853.0,75
201700055707,17,2,22,40,5,2,1,8.0,6.0,75115,M,4884290.0,232129.0,75
201700055708,17,2,23,850,1,2,2,1.0,6.0,75115,M,4883790.0,229773.0,75
201700055709,17,2,24,1325,1,2,2,1.0,3.0,75115,M,4884290.0,229793.0,75
201700055710,17,2,24,1235,1,2,1,1.0,2.0,75115,M,4882900.0,230439.0,75
201700055711,17,2,27,2240,5,2,2,1.0,3.0,75115,M,4884780.0,229655.0,75
201700055712,17,2,28,1315,1,2,7,2.0,6.0,75115,M,4882780.0,229278.0,75
201700055713,17,3,1,1515,1,2,5,2.0,3.0,75115,M,4883930.0,229196.0,75
201700055714,17,3,1,1945,5,2,7,2.0,6.0,75115,M,4884300.0,231278.0,75
201700055715,17,3,3,2002,5,2,2,1.0,7.0,75115,M,4884570.0,230973.0,75
201700055716,17,3,6,2350,5,2,1,1.0,6.0,75115,M,4884380.0,232035.0,75
201700055717,17,3,7,1540,1,2,3,1.0,2.0,75115,M,4883910.0,230003.0,75
201700055718,17,3,9,1150,1,2,1,1.0,6.0,75115,M,4884410.0,231634.0,75
201700055719,17,3,9,1220,1,2,2,1.0,3.0,75115,M,4884210.0,228164.0,75
201700055720,17,3,10,1100,1,2,2,1.0,6.0,75115,M,4884670.0,228886.0,75
201700055721,17,3,10,2050,5,2,3,1.0,6.0,75115,M,4883600.0,230076.0,75
201700055722,17,3,14,811,1,2,2,1.0,2.0,75115,M,4884050.0,229572.0,75
201700055723,17,3,15,1550,1,2,2,1.0,3.0,75115,M,4884040.0,230425.0,75
201700055724,17,3,18,35,3,2,1,2.0,6.0,75115,M,4885080.0,228426.0,75
201700055725,17,3,19,1230,1,2,1,1.0,3.0,75115,M,4884870.0,228132.0,75
201700055726,17,3,19,2030,5,2,3,1.0,3.0,75115,M,4883460.0,228428.0,75
201700055727,17,3,20,945,1,2,1,1.0,3.0,75115,M,4882990.0,229228.0,75
201700055728,17,3,21,810,1,2,4,1.0,3.0,75106,M,4884470.0,232129.0,75
201700055729,17,3,24,10,3,2,1,3.0,3.0,75115,M,4883430.0,227574.0,75
201700055730,17,3,14,230,5,2,1,1.0,7.0,75115,M,4883390.0,230443.0,75
201700055731,17,3,25,1200,1,2,2,1.0,6.0,75115,M,4883720.0,229641.0,75
201700055732,17,3,25,1525,1,2,2,1.0,3.0,75115,M,4883770.0,231100.0,75
201700055733,17,3,27,720,2,2,5,1.0,2.0,75115,M,4883540.0,226688.0,75
201700055734,17,3,27,2340,5,2,2,1.0,6.0,75107,M,4885720.0,230990.0,75
201700055735,17,3,28,1220,1,2,1,1.0,4.0,75115,M,4883940.0,229157.0,75
201700055736,17,3,29,905,1,2,2,1.0,2.0,75115,M,4883860.0,228937.0,75
201700055737,17,3,31,2145,5,2,3,2.0,3.0,75115,M,4884570.0,230197.0,75
201700055738,17,4,5,920,1,2,3,1.0,6.0,75115,M,4883560.0,226647.0,75
201700055739,17,4,5,1120,1,2,2,1.0,3.0,75115,M,4884620.0,227663.0,75
201700055740,17,4,5,1058,1,2,2,1.0,6.0,75115,M,4884780.0,229655.0,75
201700055741,17,4,5,1630,1,2,2,1.0,6.0,75115,M,4883610.0,229395.0,75
201700055742,17,4,6,2030,1,2,1,1.0,4.0,75115,M,4885410.0,228830.0,75
201700055743,17,4,8,1300,1,2,3,1.0,3.0,75115,M,4884340.0,231404.0,75
201700055744,17,4,13,1230,1,2,2,1.0,3.0,75115,M,4884030.0,228584.0,75
201700055745,17,4,13,2020,2,2,7,1.0,7.0,75115,M,4884720.0,231109.0,75
201700055746,17,4,14,1435,1,2,2,1.0,3.0,75115,M,4884170.0,228225.0,75
201700055747,17,4,14,1445,1,2,2,1.0,6.0,75115,M,4884720.0,227917.0,75
201700055748,17,4,17,125,5,2,1,1.0,2.0,75115,M,4885060.0,229331.0,75
201700055749,17,4,20,900,1,2,1,1.0,6.0,75115,M,4884390.0,228594.0,75
201700055750,17,4,20,1520,1,2,1,1.0,6.0,75115,M,4885220.0,228594.0,75
201700055751,17,4,21,800,1,2,1,1.0,6.0,75115,M,4884750.0,230089.0,75
201700055752,17,4,22,1115,1,2,1,8.0,6.0,75115,M,4884290.0,228108.0,75
201700055753,17,4,22,1450,1,2,3,1.0,2.0,75115,M,4885400.0,229344.0,75
201700055754,17,4,24,850,1,2,3,1.0,2.0,75115,M,4885290.0,228655.0,75
201700055755,17,4,24,1510,1,2,2,1.0,2.0,75115,M,4884210.0,231296.0,75
201700055756,17,4,24,1735,1,2,7,1.0,2.0,75115,M,4883360.0,227693.0,75
201700055757,17,4,25,745,1,2,3,2.0,6.0,75115,M,4883830.0,228125.0,75
201700055758,17,4,26,945,1,2,3,1.0,3.0,75115,M,4883460.0,226690.0,75
201700055759,17,4,26,1525,1,2,1,1.0,7.0,75115,M,4884530.0,227612.0,75
201700055760,17,4,27,1500,1,2,1,2.0,6.0,75115,M,4883660.0,229854.0,75
201700055761,17,4,29,1630,1,2,2,1.0,3.0,75115,M,4882860.0,230138.0,75
201700055762,17,5,1,1327,1,2,5,1.0,6.0,75115,M,4883840.0,227837.0,75
201700055763,17,5,2,1,5,2,4,1.0,6.0,75115,M,4883590.0,227017.0,75
201700055764,17,5,2,915,1,2,1,1.0,6.0,75115,M,4882840.0,229342.0,75
201700055765,17,5,3,1058,1,2,2,2.0,2.0,75115,M,4884150.0,230792.0,75
201700055766,17,5,4,1845,1,2,3,2.0,2.0,75115,M,4883870.0,226978.0,75
201700055767,17,4,6,945,1,2,7,1.0,6.0,75115,M,4883230.0,228904.0,75
201700055768,17,5,5,1640,1,2,2,1.0,6.0,75115,M,4884000.0,229986.0,75
201700055769,17,5,6,1745,1,2,7,2.0,7.0,75115,M,4883630.0,228114.0,75
201700055770,17,5,8,235,5,2,1,1.0,6.0,75115,M,4884180.0,228968.0,75
201700055771,17,5,8,1800,1,2,2,1.0,3.0,75115,M,4884310.0,228349.0,75
201700055772,17,5,10,1540,1,2,1,1.0,2.0,75115,M,4885260.0,228622.0,75
201700055773,17,5,10,2200,5,2,7,1.0,6.0,75115,M,4884580.0,227664.0,75
201700055774,17,5,12,14,5,2,3,1.0,6.0,75115,M,4883990.0,230248.0,75
201700055775,17,5,12,1300,1,2,1,1.0,3.0,75115,M,4883640.0,228232.0,75
201700055776,17,5,17,1105,1,2,2,1.0,2.0,75115,M,4883210.0,228058.0,75
201700055777,17,5,17,1840,1,2,3,1.0,6.0,75115,M,4884380.0,232295.0,75
201700055778,17,5,17,1240,1,2,2,1.0,6.0,75115,M,4884480.0,228388.0,75
201700055779,17,5,21,2340,5,2,1,1.0,6.0,75115,M,4883520.0,228152.0,75
201700055780,17,5,22,1210,1,2,3,1.0,3.0,75115,M,4883640.0,229914.0,75
201700055781,17,6,3,1550,1,2,4,8.0,2.0,75114,M,4882200.0,231637.0,75
201700055782,17,6,6,1720,1,2,3,3.0,6.0,75115,M,4885040.0,229400.0,75
201700055783,17,6,7,700,1,2,5,1.0,3.0,75115,M,4884510.0,232016.0,75
201700055784,17,6,9,1220,1,2,2,1.0,2.0,75115,M,4884690.0,229325.0,75
201700055785,17,6,13,1850,1,2,3,1.0,2.0,75115,M,4883650.0,228956.0,75
201700055786,17,6,15,140,5,2,2,1.0,3.0,75115,M,4883720.0,229641.0,75
201700055787,17,6,16,615,1,2,2,1.0,6.0,75115,M,4884680.0,231657.0,75
201700055788,17,6,17,1400,1,2,1,1.0,6.0,75115,M,4883790.0,228051.0,75
201700055789,17,6,17,1850,1,2,5,1.0,3.0,75115,M,4884510.0,232016.0,75
201700055790,17,6,18,1230,1,2,1,1.0,6.0,75115,M,4884590.0,229605.0,75
201700055791,17,6,18,1850,1,2,2,1.0,6.0,75115,M,4884510.0,229753.0,75
201700055792,17,6,19,820,1,2,7,1.0,6.0,75115,M,4884610.0,227692.0,75
201700055793,17,6,20,1220,1,2,1,1.0,6.0,75115,M,4883840.0,229377.0,75
201700055794,17,6,21,2235,5,2,7,1.0,3.0,75115,M,4883690.0,227834.0,75
201700055795,17,6,22,2140,2,2,1,1.0,3.0,75115,M,4884390.0,230714.0,75
201700055796,17,6,23,20,5,2,2,1.0,3.0,75115,M,4883770.0,230776.0,75
201700055797,17,6,23,1615,1,2,2,1.0,6.0,75115,M,4884710.0,230725.0,75
201700055798,17,6,24,2200,2,2,1,1.0,6.0,75115,M,4884110.0,228067.0,75
201700055799,17,6,25,1530,1,2,2,1.0,3.0,75115,M,4883720.0,230012.0,75
201700055800,17,6,30,850,1,2,2,2.0,3.0,75115,M,4884640.0,230612.0,75
201700055801,17,7,3,640,2,2,3,1.0,3.0,75115,M,4883870.0,229927.0,75
201700055802,17,7,3,1145,1,2,2,1.0,6.0,75115,M,4883790.0,229773.0,75
201700055803,17,7,3,2110,1,2,1,1.0,2.0,75115,M,4883570.0,230172.0,75
201700055804,17,7,4,2000,1,2,3,1.0,6.0,75115,M,4883090.0,229228.0,75
201700055805,17,7,5,2100,2,2,2,1.0,3.0,75115,M,4884210.0,228164.0,75
201700055806,17,7,6,1206,1,2,3,1.0,3.0,75115,M,4883510.0,230378.0,75
201700055807,17,7,7,1420,1,2,4,1.0,6.0,75115,M,4885270.0,229853.0,75
201700055808,17,7,7,1950,1,2,7,1.0,2.0,75115,M,4884800.0,230171.0,75
201700055809,17,7,8,440,5,2,2,1.0,3.0,75115,M,4883770.0,230776.0,75
201700055810,17,7,9,1720,1,2,7,2.0,7.0,75115,M,4883360.0,230919.0,75
201700055811,17,7,10,1415,1,2,3,2.0,3.0,75115,M,4884860.0,228289.0,75
201700055812,17,7,10,1950,1,2,1,1.0,3.0,75115,M,4883820.0,228926.0,75
201700055813,17,7,11,1630,1,2,2,1.0,5.0,75115,M,4883430.0,228402.0,75
201700055814,17,7,12,2340,5,2,1,1.0,6.0,75115,M,4884940.0,230121.0,75
201700055815,17,7,19,1730,1,2,4,2.0,3.0,75115,M,4883490.0,227333.0,75
201700055816,17,7,20,1245,1,2,2,1.0,3.0,75115,M,4884000.0,229031.0,75
201700055817,17,7,23,1745,1,2,3,8.0,6.0,75115,M,4884100.0,228754.0,75
201700055818,17,7,27,845,1,2,2,2.0,7.0,75115,M,4883930.0,230489.0,75
201700055819,17,7,29,1630,1,2,2,1.0,6.0,75115,M,4883740.0,229673.0,75
201700055820,17,7,29,2300,5,2,1,1.0,6.0,75115,M,4885030.0,228347.0,75
201700055821,17,7,31,1320,1,2,2,1.0,6.0,75115,M,4883610.0,227820.0,75
201700055822,17,8,2,930,1,2,1,1.0,2.0,75115,M,4884770.0,230032.0,75
201700055823,17,8,5,1900,1,2,2,1.0,6.0,75115,M,4883690.0,228359.0,75
201700055824,17,8,7,1900,1,2,3,1.0,6.0,75115,M,4883500.0,229607.0,75
201700055825,17,8,7,1930,1,2,4,1.0,2.0,75114,M,4882310.0,231207.0,75
201700055826,17,8,11,930,1,2,5,1.0,3.0,75115,M,4883090.0,229228.0,75
201700055827,17,8,12,510,5,2,5,1.0,3.0,75114,M,4882460.0,231928.0,75
201700055828,17,8,14,1715,1,2,7,1.0,6.0,75115,M,4884680.0,228568.0,75
201700055829,17,8,17,10,5,2,2,1.0,6.0,75115,M,4883340.0,228640.0,75
201700055830,17,8,17,1830,1,2,1,8.0,6.0,75115,M,4885280.0,229797.0,75
201700055831,17,8,20,450,5,2,1,1.0,6.0,75115,M,4884290.0,228867.0,75
201700055832,17,8,21,1610,1,2,1,1.0,3.0,75115,M,4883360.0,228597.0,75
201700055833,17,8,24,1125,1,2,2,1.0,6.0,75115,M,4884560.0,228797.0,75
201700055834,17,8,28,2345,5,2,1,1.0,2.0,75115,M,4885300.0,228670.0,75
201700055835,17,8,30,1645,1,2,7,1.0,6.0,75115,M,4884180.0,231987.0,75
201700055836,17,9,1,1700,1,2,2,1.0,6.0,75115,M,4883610.0,227820.0,75
201700055837,17,9,7,1150,1,2,5,1.0,2.0,75115,M,4884510.0,232016.0,75
201700055838,17,9,7,2315,5,2,2,1.0,3.0,75115,M,4884110.0,228788.0,75
201700055839,17,9,8,2000,5,2,7,3.0,4.0,75115,M,4884940.0,228155.0,75
201700055840,17,9,12,1350,1,2,2,1.0,3.0,75115,M,4882860.0,230138.0,75
201700055841,17,9,13,1710,1,2,1,3.0,2.0,75115,M,4885470.0,228853.0,75
201700055842,17,9,14,315,5,2,7,1.0,6.0,75115,M,4884270.0,229191.0,75
201700055843,17,9,15,920,1,2,1,1.0,3.0,75115,M,4884370.0,228298.0,75
201700055844,17,9,15,1725,1,2,2,1.0,3.0,75115,M,4884040.0,230425.0,75
201700055845,17,9,18,630,2,2,4,1.0,6.0,75115,M,4883440.0,227734.0,75
201700055846,17,9,19,830,1,2,3,2.0,2.0,75115,M,4883590.0,226684.0,75
201700055847,17,9,19,1135,1,2,3,1.0,6.0,75115,M,4883110.0,230289.0,75
201700055848,17,9,19,1635,1,2,1,1.0,3.0,75115,M,4884140.0,228721.0,75
201700055849,17,9,19,2140,5,2,7,1.0,7.0,75115,M,4884590.0,227734.0,75
201700055850,17,9,19,2025,5,2,7,1.0,3.0,75115,M,4884580.0,227664.0,75
201700055851,17,9,21,1415,1,2,2,1.0,3.0,75115,M,4884150.0,229914.0,75
201700055852,17,9,22,550,5,2,2,1.0,6.0,75107,M,4886060.0,229553.0,75
201700055853,17,9,23,1130,1,2,3,1.0,3.0,75115,M,4884130.0,229817.0,75
201700055854,17,9,23,1650,1,2,1,1.0,4.0,75115,M,4883050.0,228502.0,75
201700055855,17,9,26,850,1,2,3,2.0,3.0,75115,M,4883990.0,230248.0,75
201700055856,17,9,27,835,1,2,3,1.0,6.0,75115,M,4883520.0,228543.0,75
201700055857,17,9,27,2020,5,2,3,1.0,3.0,75107,M,4885430.0,230542.0,75
201700055858,17,9,28,1645,1,2,1,8.0,6.0,75115,M,4884320.0,229787.0,75
201700055859,17,9,28,1925,2,2,2,8.0,3.0,75114,M,4882770.0,230530.0,75
201700055860,17,9,30,731,2,2,2,2.0,6.0,75113,M,4882620.0,235729.0,75
201700055861,17,9,30,2325,5,2,1,1.0,6.0,75115,M,4885210.0,229886.0,75
201700055862,17,10,1,1340,1,2,2,1.0,3.0,75115,M,4883720.0,230012.0,75
201700055863,17,10,2,640,5,2,3,1.0,6.0,75115,M,4883550.0,229272.0,75
201700055864,17,10,2,1600,1,2,2,1.0,6.0,75115,M,4883470.0,230515.0,75
201700055865,17,10,2,1950,5,2,2,2.0,6.0,75115,M,4884040.0,230425.0,75
201700055866,17,10,3,1800,1,2,2,1.0,3.0,75115,M,4883790.0,229773.0,75
201700055867,17,10,4,1410,1,2,2,1.0,7.0,75115,M,4884340.0,228272.0,75
201700055868,17,10,5,1255,1,2,3,1.0,2.0,75115,M,4884460.0,229688.0,75
201700055869,17,10,6,1010,1,2,3,1.0,7.0,75115,M,4883590.0,226684.0,75
201700055870,17,10,6,2100,5,2,2,1.0,2.0,75115,M,4883610.0,227820.0,75
201700055871,17,10,7,620,5,2,2,1.0,3.0,75115,M,4883470.0,230515.0,75
201700055872,17,10,7,1420,1,2,2,1.0,2.0,75115,M,4884360.0,229575.0,75
201700055873,17,10,8,2050,5,2,2,1.0,3.0,75115,M,4884030.0,228584.0,75
201700055874,17,10,9,1105,1,2,2,1.0,6.0,75115,M,4884340.0,229992.0,75
201700055875,17,10,10,900,1,2,1,1.0,3.0,75115,M,4884540.0,231948.0,75
201700055876,17,10,10,1915,2,2,1,1.0,6.0,75115,M,4883140.0,229119.0,75
201700055877,17,10,10,2250,5,2,1,1.0,3.0,75115,M,4883270.0,228762.0,75
201700055878,17,10,11,1230,1,2,1,1.0,3.0,75115,M,4884140.0,228721.0,75
201700055879,17,10,15,305,5,2,1,1.0,6.0,75115,M,4884170.0,231930.0,75
201700055880,17,10,17,1820,2,2,1,6.0,6.0,75115,M,4883680.0,230694.0,75
201700055881,17,10,18,2040,5,2,2,1.0,3.0,75115,M,4883360.0,230919.0,75
201700055882,17,10,19,1230,1,2,1,1.0,6.0,75115,M,4884530.0,228763.0,75
201700055883,17,10,19,1430,1,2,2,1.0,3.0,75115,M,4883610.0,227820.0,75
201700055884,17,10,19,1540,1,2,5,1.0,2.0,75115,M,4884040.0,231491.0,75
201700055885,17,10,19,2130,5,2,1,1.0,3.0,75115,M,4882690.0,229324.0,75
201700055886,17,10,22,2250,5,2,2,3.0,3.0,75115,M,4884110.0,228788.0,75
201700055887,17,10,23,2030,5,2,4,2.0,6.0,75115,M,4885270.0,229853.0,75
201700055888,17,10,27,1855,5,2,1,1.0,3.0,75115,M,4884940.0,228233.0,75
201700055889,17,10,27,2330,5,2,1,1.0,2.0,75115,M,4883840.0,231714.0,75
201700055890,17,10,28,1450,1,2,1,1.0,3.0,75115,M,4884630.0,228206.0,75
201700055891,17,10,30,1245,1,2,2,1.0,3.0,75115,M,4883610.0,227820.0,75
201700055892,17,10,30,1810,3,2,4,1.0,6.0,75115,M,4884350.0,229338.0,75
201700055893,17,10,30,2110,5,2,5,1.0,3.0,75115,M,4883090.0,229228.0,75
201700055894,17,11,1,1500,1,2,2,1.0,3.0,75115,M,4883430.0,228402.0,75
201700055895,17,11,2,845,1,2,7,1.0,3.0,75115,M,4884040.0,231491.0,75
201700055896,17,11,3,2155,5,2,1,1.0,6.0,75115,M,4884030.0,228965.0,75
201700055897,17,11,5,1320,1,2,1,1.0,3.0,75115,M,4883440.0,230612.0,75
201700055898,17,11,5,1900,5,2,1,1.0,6.0,75115,M,4885380.0,228777.0,75
201700055899,17,11,6,1350,1,2,1,1.0,6.0,75115,M,4883620.0,228959.0,75
201700055900,17,11,6,2050,5,2,7,1.0,6.0,75115,M,4884780.0,230114.0,75
201700055901,17,11,7,820,1,2,1,1.0,3.0,75114,M,4882150.0,231884.0,75
201700055902,17,11,8,55,5,2,7,1.0,3.0,75115,M,4884940.0,228155.0,75
201700055903,17,11,9,55,5,2,2,1.0,6.0,75115,M,4882860.0,230138.0,75
201700055904,17,11,10,2205,5,2,3,1.0,2.0,75115,M,4884920.0,229801.0,75
201700055905,17,11,11,1920,5,2,1,2.0,6.0,75115,M,4883920.0,228979.0,75
201700055906,17,11,11,2000,5,2,2,2.0,6.0,75115,M,4884240.0,227761.0,75
201700055907,17,11,12,1415,1,2,2,2.0,3.0,75115,M,4884510.0,228949.0,75
201700055908,17,11,13,2115,5,2,3,1.0,6.0,75115,M,4884510.0,232016.0,75
201700055909,17,11,14,1000,1,2,2,1.0,3.0,75115,M,4884900.0,229777.0,75
201700055910,17,11,14,2053,5,2,2,1.0,6.0,75115,M,4883720.0,229641.0,75
201700055911,17,11,15,745,2,2,1,1.0,3.0,75115,M,4883500.0,230415.0,75
201700055912,17,11,15,1330,1,2,3,1.0,6.0,75115,M,4883430.0,230646.0,75
201700055913,17,11,17,2110,5,2,3,1.0,2.0,75115,M,4883990.0,229269.0,75
201700055914,17,11,18,1210,1,2,2,1.0,3.0,75115,M,4883670.0,229953.0,75
201700055915,17,11,23,1640,2,2,2,2.0,6.0,75115,M,4883930.0,229196.0,75
201700055916,17,11,24,1245,1,2,2,8.0,3.0,75115,M,4883920.0,230825.0,75
201700055917,17,11,25,1320,1,2,2,2.0,3.0,75106,M,4884510.0,232016.0,75
201700055918,17,11,27,1745,5,2,7,2.0,3.0,75115,M,4884180.0,231987.0,75
201700055919,17,11,27,1955,5,2,2,2.0,3.0,75115,M,4883740.0,228941.0,75
201700055920,17,11,27,1345,1,2,4,2.0,6.0,75115,M,4885270.0,229853.0,75
201700055921,17,11,28,1510,1,2,7,2.0,6.0,75115,M,4884770.0,230159.0,75
201700055922,17,11,28,2015,5,2,1,1.0,6.0,75115,M,4885520.0,228803.0,75
201700055923,17,12,1,2300,5,2,3,1.0,3.0,75115,M,4884460.0,229688.0,75
201700055924,17,12,2,715,2,2,3,8.0,6.0,75115,M,4885000.0,228843.0,75
201700055925,17,12,3,50,5,2,2,1.0,3.0,75115,M,4885460.0,228867.0,75
201700055926,17,12,3,1500,1,2,3,2.0,6.0,75115,M,4883720.0,229641.0,75
201700055927,17,12,3,2130,5,2,1,2.0,3.0,75115,M,4884710.0,230033.0,75
201700055928,17,12,4,1942,5,2,2,1.0,3.0,75115,M,4884810.0,229018.0,75
201700055929,17,12,5,1610,1,2,3,1.0,3.0,75115,M,4883450.0,230577.0,75
201700055930,17,12,5,2215,5,2,2,1.0,3.0,75115,M,4883210.0,230294.0,75
201700055931,17,12,6,2055,4,2,3,8.0,3.0,75115,M,4883590.0,226684.0,75
201700055932,17,12,8,1130,1,2,7,2.0,2.0,75115,M,4884610.0,227692.0,75
201700055933,17,12,9,25,5,2,1,2.0,6.0,75115,M,4883120.0,229161.0,75
201700055934,17,12,8,2235,5,2,7,2.0,6.0,75115,M,4884100.0,232144.0,75
201700055935,17,12,8,1345,1,2,7,2.0,6.0,75115,M,4884770.0,230159.0,75
201700055936,17,12,11,935,1,2,1,8.0,2.0,75115,M,4884380.0,232035.0,75
201700055937,17,12,11,1100,1,2,2,6.0,3.0,75115,M,4883090.0,229228.0,75
201700055938,17,12,11,1350,1,2,2,2.0,3.0,75115,M,4885020.0,228489.0,75
201700055939,17,12,11,1900,5,2,7,1.0,3.0,75107,M,4886240.0,230201.0,75
201700055940,17,12,11,2000,5,2,1,8.0,3.0,75115,M,4884410.0,231634.0,75
201700055941,17,12,14,1929,5,2,4,2.0,6.0,75115,M,4883440.0,228990.0,75
201700055942,17,12,15,1715,2,2,2,2.0,6.0,75115,M,4885480.0,228848.0,75
201700055943,17,12,16,1320,1,2,1,1.0,6.0,75115,M,4885490.0,229503.0,75
201700055944,17,12,16,1555,1,2,1,1.0,2.0,75115,M,4884140.0,230352.0,75
201700055945,17,12,16,2010,5,2,2,1.0,6.0,75115,M,4884300.0,231278.0,75
201700055946,17,12,20,2230,3,2,1,2.0,6.0,75115,M,4884160.0,231897.0,75
201700055947,17,12,21,1130,1,2,2,2.0,6.0,75115,M,4883720.0,229641.0,75
201700055948,17,12,21,1109,1,2,4,2.0,6.0,75115,M,4885270.0,229853.0,75
201700055949,17,12,21,2055,5,2,4,2.0,6.0,75115,M,4885340.0,229736.0,75
201700055950,17,12,22,1355,1,2,3,8.0,6.0,75115,M,4884610.0,228132.0,75
201700055951,17,12,23,1800,5,2,1,1.0,6.0,75115,M,4883240.0,230197.0,75
201700055952,17,12,24,2100,5,2,2,1.0,6.0,75115,M,4884220.0,228554.0,75
201700055953,17,12,27,1045,1,2,7,2.0,3.0,75115,M,4883610.0,227820.0,75
201700055954,17,12,28,1515,1,2,1,1.0,6.0,75115,M,4885350.0,228993.0,75
201700055955,17,1,1,2120,5,2,2,1.0,3.0,75116,M,4887250.0,226444.0,75
201700055956,17,1,2,2225,5,2,1,1.0,6.0,75116,M,4884720.0,225926.0,75
201700055957,17,1,5,1000,1,2,1,1.0,3.0,75116,M,4886210.0,229336.0,75
201700055958,17,1,5,2330,5,2,2,1.0,3.0,75116,M,4883840.0,225405.0,75
201700055959,17,1,5,1230,1,2,1,1.0,6.0,75116,M,4886520.0,227467.0,75
201700055960,17,1,7,1245,1,2,1,2.0,6.0,75116,M,4887170.0,229000.0,75
201700055961,17,1,8,415,5,2,7,2.0,6.0,75116,M,4887440.0,229293.0,75
201700055962,17,1,9,855,1,2,2,2.0,5.0,75116,M,4886660.0,228011.0,75
201700055963,17,1,9,1900,5,2,1,2.0,5.0,75116,M,4886690.0,229937.0,75
201700055964,17,1,10,840,1,2,5,8.0,3.0,75116,M,4884370.0,225943.0,75
201700055965,17,1,10,1520,1,2,4,2.0,7.0,75116,M,4887080.0,227358.0,75
201700055966,17,1,11,1115,1,2,7,2.0,6.0,75116,M,4887130.0,227426.0,75
201700055967,17,1,2,1924,5,2,1,1.0,6.0,75116,M,4886910.0,228546.0,75
201700055968,17,1,13,1320,1,2,7,1.0,3.0,75116,M,4887370.0,229411.0,75
201700055969,17,1,14,1738,5,2,1,2.0,6.0,75116,M,4884800.0,227125.0,75
201700055970,17,1,15,605,5,2,2,1.0,6.0,75108,M,4886840.0,230112.0,75
201700055971,17,1,2,1530,1,2,1,1.0,2.0,75116,M,4885110.0,227807.0,75