Num_Acc,an,mois,jour,hrmn,lum,agg,int,atm,col,com,gps,lat,long,dep
201700055972,17,1,17,840,1,2,1,1.0,2.0,75116,M,4887690.0,226739.0,75
201700055973,17,1,17,1940,3,2,5,1.0,3.0,75116,M,4886410.0,223629.0,75
201700055974,17,1,18,1200,1,2,2,1.0,3.0,75116,M,4883620.0,225891.0,75
201700055975,17,1,18,2250,5,2,2,1.0,3.0,75116,M,4884820.0,226990.0,75
201700055976,17,1,20,1200,1,2,2,1.0,3.0,75116,M,4886720.0,229539.0,75
201700055977,17,1,21,1214,1,2,1,1.0,6.0,75116,M,4884870.0,227036.0,75
201700055978,17,1,23,1230,1,2,7,1.0,3.0,75116,M,4887140.0,227413.0,75
201700055979,17,1,24,1240,1,2,2,1.0,6.0,75116,M,4885730.0,227299.0,75
201700055980,17,1,24,1745,2,2,1,1.0,3.0,75116,M,4887440.0,228411.0,75
201700055981,17,1,25,1315,1,2,5,1.0,2.0,75116,M,4885830.0,227263.0,75
201700055982,17,1,27,900,2,2,1,1.0,6.0,75116,M,4886960.0,225216.0,75
201700055983,17,1,27,1955,5,2,1,1.0,4.0,75116,M,4884790.0,225566.0,75
201700055984,17,1,28,1535,1,2,3,1.0,6.0,75116,M,4885800.0,227252.0,75
201700055985,17,1,31,1345,1,2,1,2.0,6.0,75116,M,4884450.0,227079.0,75
201700055986,17,2,2,945,1,2,1,1.0,6.0,75116,M,4886320.0,229600.0,75
201700055987,17,2,6,840,1,2,2,1.0,2.0,75116,M,4886400.0,224071.0,75
201700055988,17,2,6,1135,1,2,2,1.0,6.0,75116,M,4886780.0,225104.0,75
201700055989,17,2,6,1940,5,2,2,1.0,6.0,75116,M,4884300.0,226003.0,75
201700055990,17,2,7,1600,1,2,7,1.0,3.0,75116,M,4887350.0,229423.0,75
201700055991,17,2,7,2015,1,2,5,1.0,3.0,75116,M,4885880.0,228906.0,75
201700055992,17,2,8,1805,5,2,3,1.0,3.0,75116,M,4886120.0,228425.0,75
201700055993,17,2,8,2000,5,2,5,1.0,3.0,75116,M,4886510.0,230010.0,75
201700055994,17,2,9,1955,5,2,5,1.0,3.0,75116,M,4886780.0,225104.0,75
201700055995,17,2,10,32,5,2,7,1.0,3.0,75116,M,4886490.0,229358.0,75
201700055996,17,2,10,1610,1,2,2,2.0,3.0,75116,M,4885850.0,224489.0,75
201700055997,17,2,10,1130,1,2,5,1.0,3.0,75116,M,4885950.0,227519.0,75
201700055998,17,2,11,1800,2,2,5,1.0,3.0,75116,M,4884090.0,226529.0,75
201700055999,17,2,13,1650,1,2,4,1.0,2.0,75116,M,4886560.0,226783.0,75
201700056000,17,2,13,1915,5,2,2,1.0,6.0,75116,M,4885490.0,224241.0,75
201700056001,17,2,15,1610,1,2,4,1.0,6.0,75116,M,4885290.0,228104.0,75
201700056002,17,2,16,1340,1,2,1,1.0,2.0,75116,M,4887420.0,229369.0,75
201700056003,17,2,16,1915,5,2,2,5.0,6.0,75116,M,4884070.0,226499.0,75
201700056004,17,2,17,1940,2,2,3,1.0,6.0,75116,M,4886450.0,226976.0,75
201700056005,17,2,18,1240,1,2,4,1.0,3.0,75116,M,4886120.0,228651.0,75
201700056006,17,2,20,1725,1,2,3,1.0,3.0,75116,M,4886220.0,229313.0,75
201700056007,17,2,21,1210,1,2,1,1.0,6.0,75116,M,4887260.0,228396.0,75
201700056008,17,2,21,1325,1,2,1,1.0,6.0,75116,M,4884850.0,226519.0,75
201700056009,17,2,21,1945,5,2,1,1.0,6.0,75116,M,4887800.0,227032.0,75
201700056010,17,2,23,40,5,2,2,1.0,6.0,75116,M,4886290.0,229191.0,75
201700056011,17,2,22,2325,5,2,5,1.0,3.0,75116,M,4887100.0,227151.0,75
201700056012,17,2,23,825,1,2,1,1.0,2.0,75116,M,4886840.0,228228.0,75
201700056013,17,2,23,1515,1,2,1,2.0,6.0,75116,M,4885910.0,224336.0,75
201700056014,17,2,24,1130,1,2,5,1.0,6.0,75116,M,4887270.0,228452.0,75
201700056015,17,2,24,2100,5,2,7,1.0,6.0,75116,M,4886790.0,228107.0,75
201700056016,17,2,25,1730,1,2,1,1.0,6.0,75116,M,4886650.0,228975.0,75
201700056017,17,2,26,925,1,2,7,1.0,6.0,75116,M,4887370.0,229411.0,75
201700056018,17,2,27,1230,1,2,1,2.0,6.0,75116,M,4886990.0,228406.0,75
201700056019,17,2,27,1550,1,2,7,1.0,6.0,75116,M,4887100.0,227921.0,75
201700056020,17,2,28,1250,1,2,1,3.0,2.0,75116,M,4886920.0,225521.0,75
201700056021,17,3,1,1700,1,2,4,2.0,4.0,75116,M,4883520.0,225864.0,75
201700056022,17,3,1,1825,2,2,3,3.0,6.0,75116,M,4887080.0,228804.0,75
201700056023,17,3,2,630,1,2,2,1.0,6.0,75116,M,4884240.0,226146.0,75
201700056024,17,3,3,1430,1,2,1,1.0,4.0,75116,M,4886140.0,226432.0,75
201700056025,17,3,3,1150,1,2,2,1.0,2.0,75116,M,4886100.0,228338.0,75
201700056026,17,3,4,1920,5,2,3,8.0,3.0,75116,M,4887480.0,229171.0,75
201700056027,17,3,4,2115,5,2,2,1.0,3.0,75116,M,4887220.0,228466.0,75
201700056028,17,3,5,1630,1,2,1,8.0,6.0,75116,M,4885910.0,222921.0,75
201700056029,17,3,5,2005,3,2,1,1.0,6.0,75116,M,4887680.0,226672.0,75
201700056030,17,3,5,2345,5,2,2,1.0,3.0,75116,M,4886270.0,226547.0,75
201700056031,17,3,7,1700,1,2,2,1.0,2.0,75116,M,4887380.0,226411.0,75
201700056032,17,3,8,935,1,2,5,1.0,6.0,75116,M,4887860.0,227978.0,75
201700056033,17,3,8,2325,5,2,1,2.0,2.0,75116,M,4884800.0,224677.0,75
201700056034,17,3,9,1030,1,2,1,1.0,6.0,75116,M,4883790.0,225419.0,75
201700056035,17,3,10,1730,1,2,7,1.0,3.0,75116,M,4886040.0,229115.0,75
201700056036,17,3,11,805,1,2,2,1.0,3.0,75116,M,4885370.0,227740.0,75
201700056037,17,3,11,645,2,2,1,1.0,6.0,75116,M,4886810.0,228125.0,75
201700056038,17,3,11,1141,1,2,2,1.0,6.0,75116,M,4887270.0,228452.0,75
201700056039,17,3,9,1210,1,2,7,1.0,3.0,75116,M,4887320.0,229458.0,75
201700056040,17,3,14,915,1,2,4,1.0,3.0,75116,M,4887190.0,229528.0,75
201700056041,17,3,14,1040,1,2,5,1.0,3.0,75116,M,4887860.0,227978.0,75
201700056042,17,3,14,1840,5,2,1,1.0,3.0,75116,M,4886240.0,229358.0,75
201700056043,17,3,15,1120,1,2,1,1.0,4.0,75116,M,4886140.0,229234.0,75
201700056044,17,3,15,1945,5,2,3,1.0,6.0,75116,M,4883880.0,226128.0,75
201700056045,17,3,15,920,1,2,2,1.0,2.0,75116,M,4886040.0,224607.0,75
201700056046,17,3,16,1545,1,2,1,1.0,6.0,75116,M,4884510.0,225740.0,75
201700056047,17,3,16,1640,1,2,4,1.0,2.0,75116,M,4885800.0,225283.0,75
201700056048,17,3,16,2000,5,2,2,1.0,3.0,75116,M,4885740.0,226463.0,75
201700056049,17,3,17,1250,1,2,3,1.0,2.0,75116,M,4885660.0,228615.0,75
201700056050,17,3,15,1300,1,2,5,1.0,3.0,75116,M,4887140.0,227756.0,75
201700056051,17,3,17,2230,5,2,1,1.0,7.0,75116,M,4884790.0,225871.0,75
201700056052,17,3,18,1200,1,2,3,2.0,6.0,75116,M,4886980.0,227661.0,75
201700056053,17,3,19,510,5,2,5,1.0,2.0,75116,M,4884090.0,226529.0,75
201700056054,17,3,19,1400,1,2,3,1.0,6.0,75116,M,4884260.0,226870.0,75
201700056055,17,3,21,1140,1,2,1,2.0,6.0,75116,M,4885300.0,224158.0,75
201700056056,17,3,21,1220,1,2,3,1.0,6.0,75116,M,4884680.0,226985.0,75
201700056057,17,3,21,1230,1,2,7,1.0,3.0,75116,M,4887300.0,229310.0,75
201700056058,17,3,23,1215,1,2,2,2.0,3.0,75116,M,4886720.0,229539.0,75
201700056059,17,3,23,1820,1,2,7,2.0,3.0,75116,M,4883800.0,225759.0,75
201700056060,17,3,23,1910,5,2,1,2.0,6.0,75116,M,4884790.0,226158.0,75
201700056061,17,3,23,2200,5,2,3,2.0,3.0,75116,M,4885600.0,227760.0,75
201700056062,17,3,23,2350,5,2,3,3.0,2.0,75116,M,4885580.0,228526.0,75
201700056063,17,3,24,1840,5,2,1,1.0,6.0,75116,M,4887090.0,225971.0,75
201700056064,17,3,24,2017,5,2,1,1.0,7.0,75116,M,4885330.0,228237.0,75
201700056065,17,3,25,830,1,2,1,1.0,4.0,75116,M,4887460.0,229241.0,75
201700056066,17,3,25,1550,1,2,5,1.0,3.0,75116,M,4885970.0,227911.0,75
201700056067,17,3,28,1430,1,2,2,1.0,3.0,75116,M,4885760.0,227471.0,75
201700056068,17,3,28,1820,1,2,2,1.0,6.0,75116,M,4885740.0,226463.0,75
201700056069,17,3,25,1545,1,2,1,1.0,3.0,75116,M,4887630.0,227809.0,75
201700056070,17,3,30,1100,1,2,2,1.0,3.0,75116,M,4884300.0,226003.0,75
201700056071,17,3,30,1315,1,2,7,1.0,5.0,75116,M,4887740.0,228138.0,75
201700056072,17,3,30,1930,1,2,5,1.0,2.0,75116,M,4885070.0,226717.0,75
201700056073,17,3,30,1305,1,2,1,1.0,2.0,75116,M,4885960.0,229006.0,75
201700056074,17,4,1,1150,1,2,1,1.0,6.0,75116,M,4887040.0,229256.0,75
201700056075,17,3,26,1400,1,2,4,1.0,2.0,75116,M,4887500.0,225788.0,75
201700056076,17,4,4,1420,1,2,3,1.0,6.0,75116,M,4885170.0,227769.0,75
201700056077,17,4,4,1700,1,2,2,1.0,6.0,75116,M,4887020.0,228281.0,75
201700056078,17,4,6,1300,1,2,1,1.0,3.0,75116,M,4886320.0,228385.0,75
201700056079,17,4,6,1510,1,2,1,1.0,3.0,75116,M,4884500.0,225735.0,75
201700056080,17,4,7,40,5,2,1,1.0,6.0,75116,M,4884690.0,226154.0,75
201700056081,17,4,7,1315,1,2,1,1.0,3.0,75116,M,4886570.0,228918.0,75
201700056082,17,4,7,2035,5,2,5,1.0,3.0,75116,M,4884090.0,226529.0,75
201700056083,17,4,8,100,5,2,2,1.0,3.0,75116,M,4885550.0,227020.0,75
201700056084,17,4,8,500,5,2,7,1.0,4.0,75108,M,4887310.0,229709.0,75
201700056085,17,4,8,825,1,2,7,1.0,3.0,75116,M,4887400.0,229417.0,75
201700056086,17,4,6,2000,2,2,1,1.0,6.0,75116,M,4884550.0,225351.0,75
201700056087,17,4,9,1425,1,2,2,1.0,3.0,75116,M,4884850.0,227015.0,75
201700056088,17,4,10,1145,1,2,7,1.0,3.0,75116,M,4884860.0,225915.0,75
201700056089,17,4,10,1245,1,2,7,1.0,3.0,75116,M,4886470.0,229453.0,75
201700056090,17,4,11,1600,1,2,5,1.0,3.0,75116,M,4887270.0,228452.0,75
201700056091,17,4,11,1825,1,2,7,1.0,2.0,75116,M,4886380.0,224025.0,75
201700056092,17,4,13,1440,1,2,1,1.0,7.0,75116,M,4885230.0,228014.0,75
201700056093,17,4,15,1920,1,2,7,2.0,6.0,75116,M,4886550.0,228355.0,75
201700056094,17,4,17,1120,1,2,2,2.0,3.0,75116,M,4887180.0,227641.0,75
201700056095,17,4,18,1200,1,2,6,2.0,3.0,75116,M,4887210.0,227549.0,75
201700056096,17,4,18,2045,5,2,2,1.0,3.0,75116,M,4886550.0,224489.0,75
201700056097,17,4,19,1225,1,2,1,1.0,3.0,75116,M,4884260.0,226863.0,75
201700056098,17,4,19,1730,1,2,7,1.0,3.0,75116,M,4887370.0,229411.0,75
201700056099,17,4,20,1920,1,2,2,1.0,3.0,75116,M,4887230.0,229527.0,75
201700056100,17,4,22,2200,5,2,1,1.0,3.0,75116,M,4886600.0,228367.0,75
201700056101,17,4,23,140,1,2,2,1.0,3.0,75116,M,4883700.0,225596.0,75
201700056102,17,4,24,350,4,2,1,1.0,6.0,75116,M,4884210.0,226777.0,75
201700056103,17,4,24,1055,1,2,1,1.0,3.0,75116,M,4885980.0,226323.0,75
201700056104,17,4,25,1230,1,2,2,1.0,6.0,75116,M,4887070.0,225918.0,75
201700056105,17,4,25,1310,1,2,3,1.0,3.0,75116,M,4887590.0,228122.0,75
201700056106,17,4,25,1852,1,2,2,1.0,3.0,75116,M,4886420.0,227493.0,75
201700056107,17,4,27,1600,1,2,1,1.0,2.0,75116,M,4883510.0,226250.0,75
201700056108,17,4,29,2010,2,2,3,1.0,6.0,75116,M,4886520.0,228536.0,75
201700056109,17,4,30,1913,2,2,2,3.0,3.0,75116,M,4887120.0,227614.0,75
201700056110,17,5,2,2010,2,2,7,1.0,3.0,75116,M,4884860.0,225915.0,75
201700056111,17,5,3,132,5,2,1,2.0,6.0,75116,M,4886280.0,227353.0,75
201700056112,17,5,4,1805,1,2,7,1.0,3.0,75116,M,4886190.0,228613.0,75
201700056113,17,5,5,925,1,2,2,1.0,3.0,75116,M,4883840.0,225405.0,75
201700056114,17,5,5,1150,1,2,1,1.0,6.0,75116,M,4886070.0,229152.0,75
201700056115,17,5,5,1800,1,2,3,1.0,3.0,75116,M,4885290.0,228104.0,75
201700056116,17,5,6,520,5,2,2,1.0,2.0,75116,M,4886290.0,229191.0,75
201700056117,17,5,7,1200,1,2,1,1.0,3.0,75116,M,4887580.0,228866.0,75
201700056118,17,5,7,1120,1,2,2,1.0,3.0,75116,M,4884520.0,226189.0,75
201700056119,17,5,9,1420,1,2,4,1.0,3.0,75116,M,4883870.0,225389.0,75
201700056120,17,5,10,410,5,2,1,1.0,7.0,75116,M,4886400.0,229928.0,75
201700056121,17,5,11,1100,1,2,1,1.0,6.0,75116,M,4884720.0,225920.0,75
201700056122,17,5,12,2310,5,2,1,1.0,3.0,75116,M,4886400.0,228547.0,75
201700056123,17,5,14,1910,1,2,7,1.0,3.0,75116,M,4887240.0,227715.0,75
201700056124,17,5,15,900,1,2,3,1.0,3.0,75116,M,4887070.0,228765.0,75
201700056125,17,5,15,1330,1,2,4,1.0,2.0,75116,M,4885300.0,222626.0,75
201700056126,17,5,17,905,1,2,3,1.0,6.0,75116,M,4886310.0,226982.0,75
201700056127,17,5,17,1230,1,2,1,1.0,6.0,75116,M,4885790.0,228405.0,75
201700056128,17,5,19,1345,1,2,3,2.0,3.0,75116,M,4886500.0,229589.0,75
201700056129,17,5,20,20,5,2,5,8.0,7.0,75116,M,4885950.0,227519.0,75
201700056130,17,5,21,720,1,2,1,1.0,2.0,75116,M,4883880.0,225681.0,75
201700056131,17,5,21,950,1,2,1,1.0,6.0,75116,M,4886650.0,224768.0,75
201700056132,17,5,21,1315,1,2,1,1.0,6.0,75116,M,4885750.0,227286.0,75
201700056133,17,5,22,915,1,2,4,1.0,3.0,75116,M,4884810.0,225304.0,75
201700056134,17,5,22,1945,1,2,2,7.0,6.0,75116,M,4886910.0,228980.0,75
201700056135,17,5,20,1330,1,2,2,1.0,3.0,75116,M,4887050.0,229555.0,75
201700056136,17,5,24,1720,1,2,3,1.0,3.0,75116,M,4884740.0,227371.0,75
201700056137,17,5,26,1010,1,2,7,1.0,3.0,75116,M,4883750.0,225684.0,75
201700056138,17,5,27,1120,1,2,4,1.0,2.0,75116,M,4885880.0,228906.0,75
201700056139,17,5,27,1635,1,2,2,1.0,3.0,75116,M,4886410.0,223629.0,75
201700056140,17,5,28,2204,5,2,7,1.0,6.0,75116,M,4886940.0,228538.0,75
201700056141,17,5,27,1335,1,2,7,1.0,3.0,75116,M,4883840.0,225701.0,75
201700056142,17,5,29,1100,1,2,5,1.0,3.0,75116,M,4887490.0,227109.0,75
201700056143,17,5,30,1100,1,2,2,1.0,3.0,75116,M,4883840.0,225405.0,75
201700056144,17,6,1,945,1,2,1,1.0,3.0,75116,M,4885580.0,225187.0,75
201700056145,17,6,1,1645,1,2,3,1.0,6.0,75116,M,4885790.0,228795.0,75
201700056146,17,6,2,15,5,2,1,1.0,6.0,75116,M,4885570.0,224299.0,75
201700056147,17,6,4,1830,1,2,1,1.0,3.0,75116,M,4884050.0,226464.0,75
201700056148,17,6,5,1555,1,2,1,1.0,6.0,75116,M,4886640.0,227141.0,75
201700056149,17,6,5,1640,1,2,5,1.0,6.0,75116,M,4883670.0,225353.0,75
201700056150,17,6,6,1050,1,2,3,1.0,2.0,75116,M,4887150.0,228484.0,75
201700056151,17,6,7,850,1,2,1,1.0,4.0,75116,M,4886930.0,225545.0,75
201700056152,17,6,7,900,1,2,7,1.0,2.0,75116,M,4883800.0,225759.0,75
201700056153,17,6,9,1015,1,2,5,2.0,3.0,75116,M,4885420.0,227552.0,75
201700056154,17,6,9,1300,1,2,2,1.0,6.0,75116,M,4885620.0,227785.0,75
201700056155,17,6,10,910,1,2,1,1.0,6.0,75116,M,4887040.0,229784.0,75
201700056156,17,6,10,1425,1,2,4,1.0,6.0,75116,M,4887190.0,228256.0,75
201700056157,17,6,10,1400,1,2,2,1.0,3.0,75116,M,4887270.0,228452.0,75
201700056158,17,6,12,1130,1,2,7,1.0,2.0,75116,M,4887180.0,227410.0,75
201700056159,17,6,12,1545,1,2,7,1.0,6.0,75116,M,4883990.0,225630.0,75
201700056160,17,6,13,950,1,2,3,1.0,6.0,75116,M,4885800.0,227685.0,75
201700056161,17,6,13,1445,1,2,1,1.0,6.0,75116,M,4885550.0,227823.0,75
201700056162,17,6,13,1730,1,2,2,1.0,6.0,75116,M,4885550.0,227020.0,75
201700056163,17,6,13,1830,1,2,7,1.0,6.0,75116,M,4883960.0,226284.0,75
201700056164,17,6,14,850,1,2,2,1.0,2.0,75116,M,4886840.0,226572.0,75
201700056165,17,6,14,930,1,2,2,1.0,6.0,75116,M,4885300.0,222626.0,75
201700056166,17,6,14,930,1,2,1,1.0,3.0,75116,M,4887540.0,228004.0,75
201700056167,17,6,14,1645,1,2,3,1.0,3.0,75116,M,4886120.0,228425.0,75
201700056168,17,6,14,1845,1,2,3,1.0,6.0,75116,M,4886660.0,227228.0,75
201700056169,17,6,15,840,1,2,3,1.0,3.0,75116,M,4885290.0,228104.0,75
201700056170,17,6,16,1020,1,2,1,1.0,2.0,75116,M,4886880.0,228730.0,75
201700056171,17,6,16,2000,1,2,2,1.0,3.0,75117,M,4888440.0,229438.0,75
201700056172,17,6,17,150,5,2,7,1.0,3.0,75116,M,4885130.0,227844.0,75
201700056173,17,6,18,1900,1,2,7,1.0,3.0,75116,M,4884870.0,225772.0,75
201700056174,17,6,18,1930,1,2,2,1.0,3.0,75116,M,4887230.0,229527.0,75
201700056175,17,6,15,1940,1,2,1,1.0,2.0,75116,M,4883530.0,225975.0,75
201700056176,17,6,19,1000,1,2,7,1.0,6.0,75116,M,4887740.0,228374.0,75
201700056177,17,6,19,1410,1,2,2,1.0,3.0,75116,M,4886230.0,223822.0,75
201700056178,17,6,19,1930,1,2,1,1.0,3.0,75116,M,4885210.0,227449.0,75
201700056179,17,6,23,1020,1,2,3,1.0,3.0,75116,M,4885070.0,227788.0,75
201700056180,17,6,23,1530,1,2,1,1.0,2.0,75116,M,4887570.0,227709.0,75
201700056181,17,6,22,1700,1,2,2,1.0,3.0,75116,M,4887050.0,229555.0,75
201700056182,17,6,23,2040,1,2,1,1.0,3.0,75116,M,4886400.0,228675.0,75
201700056183,17,6,24,950,1,2,3,1.0,2.0,75116,M,4884610.0,227243.0,75
201700056184,17,6,25,1140,1,2,1,1.0,6.0,75116,M,4883900.0,226261.0,75
201700056185,17,6,25,2300,5,2,2,1.0,6.0,75116,M,4885950.0,227519.0,75
201700056186,17,6,26,855,1,2,1,1.0,6.0,75116,M,4886180.0,229159.0,75
201700056187,17,6,27,1150,1,2,1,1.0,6.0,75116,M,4883990.0,226289.0,75
201700056188,17,6,28,1600,1,2,3,2.0,2.0,75116,M,4883650.0,226390.0,75
201700056189,17,6,28,1900,1,2,7,2.0,2.0,75116,M,4884830.0,226035.0,75
201700056190,17,6,30,1150,1,2,4,2.0,3.0,75116,M,4887370.0,227735.0,75
201700056191,17,6,30,1510,1,2,3,2.0,3.0,75116,M,4885290.0,228104.0,75
201700056192,17,7,1,425,5,2,4,1.0,6.0,75116,M,4885700.0,226641.0,75
201700056193,17,7,3,1800,1,2,1,1.0,6.0,75116,M,4887170.0,229016.0,75
201700056194,17,7,3,1935,1,2,7,1.0,6.0,75116,M,4884680.0,226834.0,75
201700056195,17,7,3,2015,1,2,1,1.0,3.0,75116,M,4887040.0,226987.0,75
201700056196,17,7,3,2340,5,2,1,1.0,3.0,75117,M,4887460.0,229237.0,75
201700056197,17,7,4,750,1,2,1,1.0,7.0,75116,M,4886340.0,228854.0,75
201700056198,17,7,4,1855,1,2,1,1.0,3.0,75116,M,4885000.0,224193.0,75
201700056199,17,7,5,1810,1,2,1,1.0,6.0,75116,M,4886510.0,229935.0,75
201700056200,17,7,6,20,5,2,7,1.0,6.0,75116,M,4887320.0,229513.0,75
201700056201,17,7,6,1446,1,2,1,1.0,6.0,75116,M,4884320.0,226945.0,75
201700056202,17,7,6,1815,1,2,7,1.0,3.0,75116,M,4883760.0,225755.0,75
201700056203,17,7,6,1720,1,2,1,1.0,6.0,75116,M,4883550.0,226292.0,75
201700056204,17,7,9,1450,1,2,1,1.0,4.0,75116,M,4887310.0,228783.0,75
201700056205,17,7,9,1830,1,2,7,2.0,3.0,75116,M,4883800.0,225759.0,75
201700056206,17,7,10,1115,1,2,2,1.0,3.0,75116,M,4886100.0,228338.0,75
201700056207,17,7,10,2030,1,2,7,1.0,2.0,75116,M,4887110.0,227505.0,75
201700056208,17,7,12,145,5,2,7,3.0,3.0,75116,M,4886330.0,228666.0,75
201700056209,17,7,12,840,1,2,7,2.0,6.0,75116,M,4887320.0,229513.0,75
201700056210,17,7,12,1615,1,2,3,2.0,3.0,75116,M,4884870.0,226391.0,75
201700056211,17,7,13,2150,5,2,7,2.0,6.0,75116,M,4887360.0,229276.0,75
201700056212,17,7,15,1610,1,2,1,1.0,4.0,75116,M,4887730.0,228149.0,75
201700056213,17,7,17,1900,1,2,1,1.0,6.0,75116,M,4887680.0,226634.0,75
201700056214,17,7,18,945,1,2,1,1.0,3.0,75116,M,4885950.0,224273.0,75
201700056215,17,7,19,1220,1,2,3,2.0,3.0,75116,M,4885290.0,228104.0,75
201700056216,17,7,20,755,1,2,4,1.0,6.0,75116,M,4884800.0,224599.0,75
201700056217,17,7,21,930,1,2,1,1.0,6.0,75116,M,4884340.0,225655.0,75
201700056218,17,7,21,1430,1,2,1,1.0,6.0,75116,M,4885460.0,224220.0,75
201700056219,17,7,21,1809,1,2,5,1.0,6.0,75116,M,4886900.0,229155.0,75
201700056220,17,7,23,40,5,2,2,1.0,3.0,75116,M,4884790.0,225623.0,75
201700056221,17,7,24,100,5,2,2,2.0,3.0,75116,M,4885110.0,227228.0,75
201700056222,17,7,24,920,1,2,3,8.0,3.0,75116,M,4883460.0,226202.0,75
201700056223,17,7,26,2315,5,2,7,1.0,3.0,75116,M,4886340.0,228750.0,75
201700056224,17,8,1,240,5,2,1,1.0,6.0,75116,M,4886580.0,224577.0,75
201700056225,17,8,1,1750,1,2,5,1.0,2.0,75116,M,4885290.0,228104.0,75
201700056226,17,8,2,130,5,2,2,1.0,3.0,75116,M,4886910.0,228980.0,75
201700056227,17,8,2,430,5,2,1,1.0,6.0,75116,M,4886350.0,223870.0,75
201700056228,17,8,3,830,1,2,2,2.0,1.0,75116,M,4885730.0,227299.0,75
201700056229,17,8,4,750,1,2,7,1.0,6.0,75116,M,4885130.0,227844.0,75
201700056230,17,8,3,1320,1,2,2,1.0,3.0,75116,M,4884530.0,225751.0,75
201700056231,17,8,4,2030,2,2,7,2.0,1.0,75116,M,4886470.0,230110.0,75
201700056232,17,8,4,1950,1,2,3,1.0,6.0,75116,M,4886300.0,229520.0,75
201700056233,17,8,7,1530,1,2,2,1.0,3.0,75116,M,4886810.0,227549.0,75
201700056234,17,8,8,1900,1,2,3,1.0,6.0,75116,M,4884610.0,227243.0,75
201700056235,17,8,16,2330,5,2,3,1.0,6.0,75116,M,4885820.0,228256.0,75
201700056236,17,8,17,1040,1,2,2,2.0,6.0,75116,M,4887270.0,228452.0,75
201700056237,17,8,18,935,1,2,1,2.0,2.0,75116,M,4885190.0,225236.0,75
201700056238,17,8,19,1015,1,2,2,1.0,3.0,75116,M,4886300.0,226851.0,75
201700056239,17,8,23,700,1,2,2,1.0,2.0,75116,M,4885680.0,228646.0,75
201700056240,17,8,23,2030,5,2,4,1.0,3.0,75108,M,4887220.0,230699.0,75
201700056241,17,8,24,1620,1,2,2,1.0,3.0,75116,M,4886230.0,223822.0,75
201700056242,17,8,25,900,1,2,7,2.0,3.0,75116,M,4885130.0,227844.0,75
201700056243,17,8,25,1615,1,2,7,2.0,3.0,75116,M,4887370.0,229411.0,75
201700056244,17,8,28,1834,1,2,2,1.0,3.0,75116,M,4886330.0,229631.0,75
201700056245,17,8,29,1055,1,2,7,1.0,3.0,75116,M,4886040.0,229115.0,75
201700056246,17,8,29,1920,1,2,2,1.0,3.0,75116,M,4886400.0,227734.0,75
201700056247,17,8,30,1550,1,2,1,2.0,2.0,75116,M,4886500.0,229570.0,75
201700056248,17,8,30,2120,5,2,1,2.0,4.0,75119,M,4889480.0,239462.0,75
201700056249,17,9,1,1340,1,2,3,1.0,4.0,75116,M,4886220.0,229313.0,75
201700056250,17,9,3,1945,2,2,1,1.0,6.0,75116,M,4884900.0,227120.0,75
201700056251,17,9,4,1940,1,2,7,1.0,6.0,75116,M,4886190.0,228613.0,75
201700056252,17,9,4,1300,1,2,7,1.0,3.0,75116,M,4887320.0,229458.0,75
201700056253,17,9,7,800,1,2,1,8.0,6.0,75116,M,4887290.0,229083.0,75
201700056254,17,9,7,1400,1,2,3,1.0,6.0,75116,M,4886980.0,227661.0,75
201700056255,17,9,7,1845,1,2,7,1.0,2.0,75116,M,4886300.0,228643.0,75
201700056256,17,9,7,2320,5,2,1,1.0,7.0,75116,M,4885840.0,225990.0,75
201700056257,17,9,8,1255,1,2,1,1.0,2.0,75116,M,4885710.0,226682.0,75
201700056258,17,9,8,1700,1,2,3,3.0,3.0,75116,M,4884150.0,225610.0,75
201700056259,17,9,8,2040,5,2,1,3.0,3.0,75116,M,4886380.0,223005.0,75
201700056260,17,9,8,2000,1,2,2,3.0,6.0,75116,M,4886300.0,227261.0,75
201700056261,17,9,9,1635,1,2,7,1.0,6.0,75116,M,4885800.0,227749.0,75
201700056262,17,9,9,1645,1,2,7,1.0,3.0,75116,M,4887130.0,227426.0,75
201700056263,17,9,10,1830,1,2,1,1.0,3.0,75116,M,4885580.0,226362.0,75
201700056264,17,9,11,1105,1,2,1,1.0,3.0,75116,M,4886090.0,227895.0,75
201700056265,17,9,12,1605,1,2,3,2.0,6.0,75116,M,4885220.0,226423.0,75
201700056266,17,9,14,1940,1,2,1,1.0,6.0,75116,M,4885980.0,228838.0,75
201700056267,17,9,15,1145,1,2,4,1.0,3.0,75116,M,4884130.0,226612.0,75
201700056268,17,9,15,1430,1,2,1,1.0,4.0,75116,M,4885670.0,225825.0,75
201700056269,17,9,15,1730,1,2,1,1.0,3.0,75116,M,4886460.0,224803.0,75
201700056270,17,9,16,10,5,2,3,1.0,6.0,75117,M,4887960.0,228202.0,75
201700056271,17,9,17,1430,1,2,3,1.0,2.0,75116,M,4883910.0,226125.0,75
201700056272,17,9,17,1745,1,2,5,8.0,3.0,75116,M,4887400.0,225528.0,75
201700056273,17,9,18,1200,1,2,2,8.0,6.0,75116,M,4885790.0,228795.0,75
201700056274,17,9,18,1652,1,2,2,8.0,7.0,75116,M,4884250.0,225607.0,75