Num_Acc,an,mois,jour,hrmn,lum,agg,int,atm,col,com,gps,lat,long,dep
201700056275,17,9,19,810,1,2,4,2.0,2.0,75116,M,4886560.0,226783.0,75
201700056276,17,9,20,2305,5,2,4,1.0,3.0,75116,M,4885000.0,227723.0,75
201700056277,17,9,21,840,1,2,1,1.0,2.0,75116,M,4884530.0,225798.0,75
201700056278,17,9,21,1210,1,2,7,1.0,6.0,75116,M,4886530.0,228341.0,75
201700056279,17,9,21,1800,1,2,3,1.0,2.0,75116,M,4885450.0,228359.0,75
201700056280,17,9,23,1730,1,2,4,1.0,3.0,75116,M,4887080.0,228498.0,75
201700056281,17,9,25,1530,1,2,1,1.0,4.0,75116,M,4885600.0,228602.0,75
201700056282,17,9,26,1425,1,2,1,1.0,6.0,75116,M,4886520.0,227881.0,75
201700056283,17,9,26,1640,1,2,3,1.0,3.0,75116,M,4886640.0,228966.0,75
201700056284,17,9,22,2115,1,2,1,1.0,6.0,75116,M,4884210.0,226185.0,75
201700056285,17,10,2,755,1,2,3,1.0,6.0,75116,M,4886500.0,227864.0,75
201700056286,17,10,2,2000,5,2,1,1.0,6.0,75116,M,4887230.0,229637.0,75
201700056287,17,10,2,2220,5,2,7,2.0,6.0,75116,M,4884730.0,227341.0,75
201700056288,17,10,3,5,5,2,1,3.0,6.0,75116,M,4885770.0,228764.0,75
201700056289,17,10,2,1315,1,2,1,1.0,2.0,75116,M,4883500.0,226380.0,75
201700056290,17,10,3,950,1,2,5,1.0,3.0,75116,M,4887270.0,228452.0,75
201700056291,17,10,3,1240,1,2,4,1.0,6.0,75116,M,4887770.0,227935.0,75
201700056292,17,10,3,1335,1,2,3,1.0,4.0,75116,M,4883650.0,226390.0,75
201700056293,17,10,2,1530,1,2,2,1.0,3.0,75116,M,4886570.0,229580.0,75
201700056294,17,10,3,1940,1,2,7,1.0,3.0,75116,M,4886800.0,229595.0,75
201700056295,17,10,3,2345,5,2,1,1.0,3.0,75116,M,4886390.0,228678.0,75
201700056296,17,10,4,840,1,2,1,1.0,6.0,75116,M,4887000.0,223851.0,75
201700056297,17,10,3,1430,1,2,1,1.0,3.0,75116,M,4883910.0,225668.0,75
201700056298,17,10,5,810,1,2,6,1.0,6.0,75108,M,4887430.0,229541.0,75
201700056299,17,9,29,1810,2,2,7,1.0,3.0,75116,M,4886430.0,230099.0,75
201700056300,17,10,5,1410,1,2,5,1.0,6.0,75116,M,4887250.0,229619.0,75
201700056301,17,10,6,1145,1,2,7,1.0,2.0,75116,M,4887140.0,227756.0,75
201700056302,17,10,6,1900,2,2,7,1.0,3.0,75116,M,4883960.0,226284.0,75
201700056303,17,10,7,430,5,2,3,1.0,6.0,75117,M,4887890.0,230178.0,75
201700056304,17,10,7,1125,1,2,1,1.0,6.0,75116,M,4883930.0,226230.0,75
201700056305,17,10,8,650,5,2,3,1.0,6.0,75116,M,4885580.0,228526.0,75
201700056306,17,10,8,1440,1,2,1,1.0,5.0,75116,M,4885790.0,222701.0,75
201700056307,17,10,10,900,1,2,1,1.0,3.0,75116,M,4887300.0,227473.0,75
201700056308,17,10,11,923,1,2,1,1.0,2.0,75116,M,4886900.0,228368.0,75
201700056309,17,10,9,1330,1,2,1,1.0,3.0,75116,M,4886480.0,229718.0,75
201700056310,17,10,12,1600,1,2,1,1.0,6.0,75116,M,4883810.0,225799.0,75
201700056311,17,10,13,1835,2,2,3,1.0,6.0,75116,M,4886610.0,228949.0,75
201700056312,17,10,14,1535,1,2,1,1.0,6.0,75116,M,4886620.0,227988.0,75
201700056313,17,10,14,1630,1,2,7,1.0,6.0,75116,M,4886940.0,228538.0,75
201700056314,17,10,14,1720,1,2,1,1.0,6.0,75116,M,4887290.0,228215.0,75
201700056315,17,10,15,2218,5,2,2,1.0,3.0,75116,M,4885850.0,224489.0,75
201700056316,17,10,13,2000,5,2,6,1.0,6.0,75116,M,4887170.0,227580.0,75
201700056317,17,10,16,1200,1,2,4,1.0,3.0,75116,M,4887210.0,228413.0,75
201700056318,17,10,15,1430,1,2,2,1.0,2.0,75116,M,4884090.0,226529.0,75
201700056319,17,10,17,1550,1,2,3,1.0,6.0,75116,M,4885920.0,228309.0,75
201700056320,17,10,17,1745,1,2,3,1.0,6.0,75116,M,4885470.0,227346.0,75
201700056321,17,10,17,2155,5,2,2,1.0,3.0,75116,M,4885740.0,226463.0,75
201700056322,17,10,19,2040,5,2,1,1.0,3.0,75116,M,4887710.0,227780.0,75
201700056323,17,10,20,1115,1,2,1,1.0,6.0,75116,M,4886300.0,223767.0,75
201700056324,17,10,20,1145,1,2,7,1.0,6.0,75116,M,4886530.0,228341.0,75
201700056325,17,10,20,1800,1,2,4,1.0,6.0,75116,M,4884730.0,227341.0,75
201700056326,17,10,17,1900,5,2,3,1.0,3.0,75116,M,4885660.0,228615.0,75
201700056327,17,10,22,205,5,2,7,1.0,6.0,75116,M,4886940.0,228515.0,75
201700056328,17,10,22,1449,1,2,5,2.0,3.0,75116,M,4884530.0,225751.0,75
201700056329,17,10,22,1715,1,2,1,2.0,4.0,75116,M,4887550.0,226279.0,75
201700056330,17,10,23,1630,1,2,1,2.0,6.0,75116,M,4886900.0,229862.0,75
201700056331,17,10,23,1735,1,2,3,2.0,2.0,75116,M,4884970.0,227599.0,75
201700056332,17,10,23,1840,1,2,2,2.0,3.0,75116,M,4886880.0,227346.0,75
201700056333,17,10,24,105,5,2,2,2.0,3.0,75116,M,4887300.0,229310.0,75
201700056334,17,10,24,845,1,2,3,2.0,3.0,75116,M,4887150.0,228484.0,75
201700056335,17,10,19,1120,1,2,1,1.0,6.0,75116,M,4886650.0,228975.0,75
201700056336,17,10,25,800,1,2,7,1.0,5.0,75116,M,4885640.0,227470.0,75
201700056337,17,10,25,1430,1,2,3,1.0,6.0,75116,M,4884870.0,226350.0,75
201700056338,17,10,25,2300,5,2,1,1.0,3.0,75116,M,4885540.0,224279.0,75
201700056339,17,10,26,1130,1,2,1,1.0,3.0,75116,M,4885620.0,226388.0,75
201700056340,17,10,26,1725,1,2,2,1.0,3.0,75116,M,4885640.0,227157.0,75
201700056341,17,10,27,1915,2,2,1,1.0,6.0,75116,M,4886850.0,227319.0,75
201700056342,17,10,28,45,5,2,1,1.0,6.0,75116,M,4886810.0,228165.0,75
201700056343,17,10,30,2015,5,2,1,1.0,3.0,75116,M,4884800.0,224735.0,75
201700056344,17,10,31,1330,1,2,1,1.0,2.0,75116,M,4887810.0,227034.0,75
201700056345,17,11,1,2250,5,2,2,1.0,3.0,75116,M,4886660.0,228011.0,75
201700056346,17,11,2,1030,1,2,2,1.0,6.0,75116,M,4886340.0,227436.0,75
201700056347,17,11,4,540,5,2,2,1.0,2.0,75116,M,4886990.0,225232.0,75
201700056348,17,11,4,1500,1,2,2,2.0,6.0,75116,M,4885250.0,226816.0,75
201700056349,17,11,6,1450,1,2,3,1.0,3.0,75116,M,4886510.0,229889.0,75
201700056350,17,11,6,1800,5,2,1,1.0,3.0,75116,M,4885660.0,222651.0,75
201700056351,17,11,6,1700,1,2,3,1.0,6.0,75116,M,4885770.0,227755.0,75
201700056352,17,11,6,2330,5,2,4,1.0,3.0,75116,M,4887050.0,228123.0,75
201700056353,17,11,8,1700,5,2,1,1.0,2.0,75116,M,4885810.0,227558.0,75
201700056354,17,11,9,1535,1,2,7,1.0,7.0,75116,M,4886120.0,228425.0,75
201700056355,17,11,10,700,2,2,2,8.0,3.0,75116,M,4886400.0,227734.0,75
201700056356,17,11,10,2020,5,2,2,1.0,3.0,75116,M,4884090.0,226529.0,75
201700056357,17,11,11,450,5,2,4,2.0,7.0,75116,M,4884810.0,225304.0,75
201700056358,17,11,13,930,1,2,2,1.0,3.0,75116,M,4887270.0,228452.0,75
201700056359,17,11,13,1810,2,2,4,1.0,2.0,75116,M,4885550.0,227508.0,75
201700056360,17,11,13,1900,5,2,1,1.0,3.0,75116,M,4886770.0,228581.0,75
201700056361,17,11,14,840,1,2,1,1.0,3.0,75116,M,4885810.0,226219.0,75
201700056362,17,11,14,815,1,2,3,1.0,6.0,75116,M,4883930.0,226686.0,75
201700056363,17,11,14,1940,5,2,1,1.0,6.0,75116,M,4885850.0,225726.0,75
201700056364,17,11,16,948,1,2,7,1.0,3.0,75116,M,4886310.0,228804.0,75
201700056365,17,11,16,850,1,2,4,1.0,3.0,75116,M,4886890.0,225437.0,75
201700056366,17,11,17,912,1,2,7,2.0,3.0,75116,M,4886840.0,226572.0,75
201700056367,17,11,18,515,5,2,1,1.0,6.0,75116,M,4887500.0,229131.0,75
201700056368,17,11,19,1920,5,2,1,1.0,4.0,75116,M,4885840.0,226058.0,75
201700056369,17,11,20,1730,5,2,1,1.0,3.0,75116,M,4887020.0,226945.0,75
201700056370,17,11,17,1750,2,2,2,1.0,6.0,75116,M,4883830.0,225576.0,75
201700056371,17,11,18,1545,1,2,2,1.0,3.0,75116,M,4884320.0,226015.0,75
201700056372,17,11,21,1900,5,2,4,1.0,3.0,75116,M,4887110.0,227243.0,75
201700056373,17,11,22,1230,1,2,2,1.0,2.0,75116,M,4887490.0,227109.0,75
201700056374,17,11,23,2220,5,2,7,3.0,3.0,75116,M,4886090.0,229148.0,75
201700056375,17,11,24,250,5,2,2,2.0,6.0,75116,M,4884990.0,227220.0,75
201700056376,17,11,24,705,2,2,2,3.0,6.0,75116,M,4887180.0,227641.0,75
201700056377,17,11,25,1355,1,2,1,1.0,4.0,75116,M,4886130.0,229233.0,75
201700056378,17,11,25,1220,1,2,3,1.0,3.0,75116,M,4886640.0,229112.0,75
201700056379,17,11,26,2015,5,2,2,1.0,3.0,75116,M,4884090.0,226529.0,75
201700056380,17,11,28,845,1,2,1,2.0,6.0,75116,M,4885760.0,228364.0,75
201700056381,17,11,28,840,1,2,1,1.0,3.0,75116,M,4885980.0,228176.0,75
201700056382,17,11,28,1830,5,2,3,1.0,6.0,75116,M,4886080.0,227520.0,75
201700056383,17,11,28,1855,5,2,1,8.0,6.0,75116,M,4885530.0,228465.0,75
201700056384,17,11,30,940,1,2,2,1.0,6.0,75116,M,4886970.0,229825.0,75
201700056385,17,11,30,2050,5,2,2,4.0,6.0,75116,M,4886790.0,228107.0,75
201700056386,17,12,3,1715,2,2,3,2.0,7.0,75116,M,4886420.0,230012.0,75
201700056387,17,12,4,900,1,2,5,1.0,2.0,75116,M,4886970.0,229825.0,75
201700056388,17,12,4,1615,1,2,7,1.0,3.0,75116,M,4885640.0,227470.0,75
201700056389,17,12,4,1745,5,2,3,1.0,6.0,75116,M,4886410.0,229948.0,75
201700056390,17,12,5,1145,1,2,3,1.0,2.0,75116,M,4887480.0,229171.0,75
201700056391,17,12,5,1220,1,2,3,1.0,3.0,75116,M,4886710.0,228360.0,75
201700056392,17,12,5,1200,1,2,1,1.0,6.0,75116,M,4886590.0,227649.0,75
201700056393,17,12,7,30,5,2,7,1.0,3.0,75116,M,4886300.0,228643.0,75
201700056394,17,12,7,1030,1,2,1,1.0,6.0,75116,M,4885700.0,226787.0,75
201700056395,17,12,7,1150,1,2,2,1.0,3.0,75116,M,4887250.0,226444.0,75
201700056396,17,12,7,1110,1,2,3,8.0,7.0,75116,M,4886450.0,226976.0,75
201700056397,17,12,7,1610,1,2,3,7.0,2.0,75116,M,4887630.0,228721.0,75
201700056398,17,12,7,1730,5,2,3,2.0,5.0,75116,M,4886780.0,229070.0,75
201700056399,17,12,7,1350,1,2,2,1.0,6.0,75116,M,4886700.0,227897.0,75
201700056400,17,12,8,900,1,2,3,2.0,6.0,75116,M,4884000.0,225459.0,75
201700056401,17,12,8,1725,5,2,7,2.0,6.0,75116,M,4887860.0,227978.0,75
201700056402,17,12,8,2205,5,2,3,1.0,7.0,75116,M,4887130.0,229318.0,75
201700056403,17,12,10,1830,2,2,7,2.0,3.0,75116,M,4887400.0,225528.0,75
201700056404,17,12,11,730,5,2,1,2.0,6.0,75116,M,4887010.0,226924.0,75
201700056405,17,12,12,1745,5,2,7,1.0,6.0,75116,M,4887320.0,229458.0,75
201700056406,17,12,13,620,2,2,1,2.0,6.0,75116,M,4887320.0,229292.0,75
201700056407,17,12,13,1020,1,2,2,1.0,2.0,75116,M,4883580.0,225705.0,75
201700056408,17,12,13,1820,2,2,2,2.0,2.0,75116,M,4886620.0,228623.0,75
201700056409,17,12,13,1750,5,2,1,3.0,6.0,75116,M,4886840.0,228565.0,75
201700056410,17,12,15,350,5,2,3,2.0,7.0,75116,M,4885790.0,228795.0,75
201700056411,17,12,15,630,5,2,2,1.0,3.0,75116,M,4884730.0,226882.0,75
201700056412,17,12,15,1200,1,2,7,1.0,3.0,75108,M,4886970.0,229825.0,75
201700056413,17,12,15,1145,1,2,1,2.0,6.0,75116,M,4885740.0,228774.0,75
201700056414,17,12,16,1815,3,2,1,1.0,6.0,75116,M,4885770.0,227947.0,75
201700056415,17,12,17,440,5,2,3,8.0,6.0,75116,M,4887130.0,229318.0,75
201700056416,17,12,17,1320,1,2,7,1.0,6.0,75116,M,4885130.0,227844.0,75
201700056417,17,12,17,1730,5,2,1,2.0,6.0,75116,M,4885780.0,223723.0,75
201700056418,17,12,18,815,2,2,2,1.0,2.0,75116,M,4887490.0,226349.0,75
201700056419,17,12,18,2045,2,2,3,1.0,6.0,75116,M,4886610.0,228949.0,75
201700056420,17,12,18,2330,5,2,3,1.0,3.0,75116,M,4885290.0,228104.0,75
201700056421,17,12,19,1450,1,2,7,1.0,6.0,75116,M,4887740.0,228138.0,75
201700056422,17,12,19,1819,5,2,3,1.0,6.0,75116,M,4884920.0,225949.0,75
201700056423,17,12,19,1910,5,2,2,1.0,3.0,75116,M,4887270.0,228452.0,75
201700056424,17,12,20,1715,5,2,1,1.0,6.0,75116,M,4886830.0,228210.0,75
201700056425,17,12,20,1350,1,2,3,1.0,3.0,75116,M,4887070.0,228765.0,75
201700056426,17,12,21,2200,5,2,2,1.0,2.0,75116,M,4886780.0,225104.0,75
201700056427,17,12,22,130,5,2,3,1.0,3.0,75116,M,4887080.0,228498.0,75
201700056428,17,12,21,1240,1,2,1,1.0,2.0,75116,M,4885050.0,226022.0,75
201700056429,17,12,22,1215,1,2,3,1.0,2.0,75116,M,4887610.0,228370.0,75
201700056430,17,12,23,1400,1,2,3,1.0,2.0,75116,M,4884450.0,225709.0,75
201700056431,17,12,24,30,5,2,2,1.0,3.0,75116,M,4886910.0,228980.0,75
201700056432,17,12,25,930,1,2,2,1.0,3.0,75116,M,4884070.0,226499.0,75
201700056433,17,12,25,1900,2,2,2,1.0,6.0,75116,M,4885740.0,226463.0,75
201700056434,17,12,25,2339,5,2,1,1.0,3.0,75116,M,4887190.0,227783.0,75
201700056435,17,12,26,1130,1,2,2,1.0,6.0,75116,M,4884730.0,226882.0,75
201700056436,17,12,27,1900,2,2,3,2.0,6.0,75116,M,4887480.0,229171.0,75
201700056437,17,12,27,2145,5,2,4,2.0,3.0,75116,M,4887740.0,228138.0,75
201700056438,17,12,28,915,1,2,3,1.0,6.0,75116,M,4884000.0,226746.0,75
201700056439,17,12,28,2315,5,2,2,1.0,3.0,75116,M,4886910.0,228980.0,75
201700056440,17,1,3,2000,5,2,3,1.0,6.0,75117,M,4888800.0,232460.0,75
201700056441,17,1,5,1257,1,2,2,1.0,6.0,75117,M,4888780.0,231835.0,75
201700056442,17,1,5,1900,5,2,5,2.0,6.0,75117,M,4888220.0,229168.0,75
201700056443,17,1,7,1920,5,2,7,1.0,6.0,75117,M,4888800.0,231670.0,75
201700056444,17,1,8,2115,5,2,1,1.0,7.0,75117,M,4888410.0,231745.0,75
201700056445,17,1,9,900,1,2,2,2.0,2.0,75108,M,4887960.0,230499.0,75
201700056446,17,1,9,1245,1,2,3,8.0,3.0,75117,M,4888140.0,230634.0,75
201700056447,17,1,9,1420,1,2,1,1.0,6.0,75117,M,4888400.0,228231.0,75
201700056448,17,1,9,1710,2,2,1,1.0,6.0,75117,M,4888480.0,229521.0,75
201700056449,17,1,11,1150,1,2,7,2.0,3.0,75117,M,4887510.0,229601.0,75
201700056450,17,1,11,1730,2,2,7,2.0,6.0,75117,M,4887780.0,228800.0,75
201700056451,17,1,12,1015,1,2,1,2.0,2.0,75117,M,4890060.0,232297.0,75
201700056452,17,1,13,745,2,2,4,1.0,7.0,75117,M,4889630.0,231022.0,75
201700056453,17,1,13,1355,1,2,3,1.0,6.0,75117,M,4888800.0,232460.0,75
201700056454,17,1,13,1530,1,2,5,2.0,3.0,75117,M,4889750.0,232433.0,75
201700056455,17,1,13,1845,5,2,2,8.0,6.0,75117,M,4888510.0,229566.0,75
201700056456,17,1,15,1525,1,2,5,2.0,3.0,75117,M,4888400.0,229498.0,75
201700056457,17,1,16,2045,5,2,4,1.0,6.0,75117,M,4889120.0,231908.0,75
201700056458,17,1,17,1300,1,2,5,1.0,3.0,75117,M,4888000.0,228833.0,75
201700056459,17,1,17,2340,5,2,2,1.0,3.0,75117,M,4889560.0,232662.0,75
201700056460,17,1,18,835,1,2,1,1.0,2.0,75117,M,4888060.0,230163.0,75
201700056461,17,1,20,1925,5,2,2,1.0,6.0,75117,M,4888290.0,230904.0,75
201700056462,17,1,20,2036,3,2,1,1.0,6.0,75117,M,4888670.0,231539.0,75
201700056463,17,1,21,330,5,2,2,1.0,6.0,75117,M,4888720.0,231938.0,75
201700056464,17,1,21,430,5,2,1,1.0,6.0,75117,M,4888570.0,230867.0,75
201700056465,17,1,21,745,1,2,4,1.0,6.0,75117,M,4888480.0,229838.0,75
201700056466,17,1,21,1752,5,2,1,1.0,4.0,75117,M,4888840.0,231603.0,75
201700056467,17,1,21,1810,2,2,3,1.0,3.0,75117,M,4888630.0,229464.0,75
201700056468,17,1,21,2330,5,2,7,1.0,6.0,75117,M,4888260.0,231037.0,75
201700056469,17,1,24,2215,5,2,2,1.0,3.0,75117,M,4888570.0,231684.0,75
201700056470,17,1,26,1105,1,2,1,1.0,6.0,75117,M,4889420.0,232072.0,75
201700056471,17,1,27,750,1,2,1,1.0,3.0,75117,M,4889560.0,231154.0,75
201700056472,17,1,28,520,5,2,4,1.0,3.0,75117,M,4889240.0,230099.0,75
201700056473,17,1,29,135,5,2,2,2.0,6.0,75117,M,4889440.0,231361.0,75
201700056474,17,1,29,2235,5,2,7,2.0,6.0,75108,M,4887110.0,231656.0,75
201700056475,17,1,30,1800,5,2,1,2.0,3.0,75116,M,4887570.0,228913.0,75
201700056476,17,1,30,2355,5,2,3,2.0,3.0,75117,M,4889300.0,231602.0,75
201700056477,17,1,31,912,1,2,1,1.0,3.0,75117,M,4887880.0,228622.0,75
201700056478,17,1,31,1110,1,2,5,8.0,3.0,75117,M,4889300.0,232739.0,75
201700056479,17,1,31,1615,1,2,1,8.0,3.0,75117,M,4888120.0,228248.0,75
201700056480,17,2,2,1330,1,2,7,2.0,4.0,75117,M,4887820.0,229874.0,75
201700056481,17,2,3,1930,5,2,3,2.0,6.0,75117,M,4888880.0,232328.0,75
201700056482,17,2,3,2007,5,2,5,2.0,6.0,75117,M,4888690.0,230112.0,75
201700056483,17,2,4,20,5,2,4,1.0,6.0,75117,M,4889180.0,230158.0,75
201700056484,17,2,6,1245,1,2,2,1.0,3.0,75117,M,4888400.0,231848.0,75
201700056485,17,2,6,1250,1,2,7,1.0,6.0,75117,M,4888720.0,229782.0,75
201700056486,17,2,6,2125,5,2,2,1.0,3.0,75117,M,4888500.0,232075.0,75
201700056487,17,2,9,1230,1,2,1,1.0,6.0,75117,M,4888480.0,231159.0,75
201700056488,17,2,12,323,5,2,7,1.0,6.0,75117,M,4887440.0,229293.0,75
201700056489,17,2,13,1420,1,2,4,1.0,4.0,75117,M,4888600.0,228914.0,75
201700056490,17,2,14,1630,1,2,1,1.0,3.0,75117,M,4887920.0,229197.0,75
201700056491,17,2,15,1520,1,2,7,1.0,3.0,75117,M,4887940.0,229072.0,75
201700056492,17,2,15,1800,2,2,1,1.0,4.0,75117,M,4888260.0,228311.0,75
201700056493,17,2,16,125,5,2,7,1.0,3.0,75117,M,4888260.0,231037.0,75
201700056494,17,2,17,225,5,2,1,1.0,3.0,75117,M,4888820.0,232424.0,75
201700056495,17,2,17,1515,1,2,1,1.0,2.0,75117,M,4889520.0,230681.0,75
201700056496,17,2,18,1915,2,2,7,1.0,7.0,75117,M,4888230.0,231172.0,75
201700056497,17,2,19,900,1,2,4,1.0,2.0,75117,M,4890100.0,232735.0,75
201700056498,17,2,20,1125,1,2,1,1.0,6.0,75117,M,4887920.0,229447.0,75
201700056499,17,2,22,1050,1,2,5,1.0,6.0,75117,M,4888220.0,232028.0,75
201700056500,17,2,23,1245,1,2,5,1.0,3.0,75117,M,4889240.0,230099.0,75
201700056501,17,2,23,1910,5,2,3,8.0,6.0,75117,M,4888800.0,232460.0,75
201700056502,17,2,25,10,5,2,2,1.0,6.0,75117,M,4888510.0,229566.0,75
201700056503,17,2,25,1545,1,2,7,1.0,3.0,75117,M,4888520.0,230719.0,75
201700056504,17,2,25,2040,5,2,5,1.0,3.0,75117,M,4888500.0,231071.0,75
201700056505,17,2,27,1420,1,2,5,2.0,2.0,75117,M,4889440.0,231361.0,75
201700056506,17,2,27,1640,1,2,2,8.0,3.0,75117,M,4888080.0,231259.0,75
201700056507,17,3,2,1810,2,2,2,1.0,3.0,75117,M,4888990.0,230392.0,75
201700056508,17,3,4,1420,1,2,2,2.0,3.0,75117,M,4888640.0,232238.0,75
201700056509,17,3,6,1800,1,2,2,1.0,3.0,75117,M,4889240.0,230099.0,75
201700056510,17,3,7,935,1,2,1,8.0,7.0,75117,M,4888940.0,231638.0,75
201700056511,17,3,7,1930,5,2,7,1.0,2.0,75117,M,4888290.0,230904.0,75
201700056512,17,3,8,2015,5,2,3,1.0,2.0,75117,M,4888440.0,230125.0,75
201700056513,17,3,9,840,1,2,3,1.0,2.0,75117,M,4888670.0,230858.0,75
201700056514,17,3,10,1820,2,2,3,1.0,6.0,75117,M,4888130.0,231647.0,75
201700056515,17,3,10,1900,5,2,1,1.0,3.0,75117,M,4888030.0,228714.0,75
201700056516,17,3,10,2200,5,2,3,1.0,6.0,75117,M,4889630.0,231022.0,75
201700056517,17,3,11,1940,5,2,1,1.0,3.0,75117,M,4888460.0,229963.0,75
201700056518,17,3,12,1830,2,2,1,1.0,4.0,75117,M,4888070.0,231121.0,75
201700056519,17,3,16,1430,1,2,2,1.0,3.0,75117,M,4887960.0,230499.0,75
201700056520,17,3,17,735,1,2,3,1.0,3.0,75117,M,4889030.0,231712.0,75
201700056521,17,3,17,1550,1,2,7,1.0,6.0,75117,M,4888510.0,230332.0,75
201700056522,17,3,17,2215,5,2,5,1.0,3.0,75117,M,4888600.0,228914.0,75
201700056523,17,3,18,1230,1,2,1,2.0,2.0,75117,M,4888980.0,229767.0,75
201700056524,17,3,19,700,2,2,2,1.0,6.0,75117,M,4888580.0,232163.0,75
201700056525,17,3,21,1505,1,2,3,1.0,3.0,75117,M,4889090.0,231972.0,75
201700056526,17,3,22,910,1,2,3,1.0,3.0,75117,M,4889980.0,231876.0,75
201700056527,17,3,22,1050,1,2,1,1.0,6.0,75117,M,4888650.0,230558.0,75
201700056528,17,3,22,1405,1,2,3,1.0,7.0,75117,M,4889230.0,231718.0,75
201700056529,17,3,23,850,1,2,1,1.0,6.0,75117,M,4888800.0,231502.0,75
201700056530,17,3,23,910,1,2,7,1.0,6.0,75117,M,4888700.0,230462.0,75
201700056531,17,3,23,1813,1,2,2,2.0,7.0,75117,M,4888810.0,228871.0,75
201700056532,17,3,24,2120,5,2,2,1.0,3.0,75117,M,4887960.0,228202.0,75
201700056533,17,3,25,1019,1,2,7,1.0,6.0,75117,M,4887510.0,229601.0,75
201700056534,17,3,25,1315,1,2,4,1.0,3.0,75117,M,4888170.0,231491.0,75
201700056535,17,3,25,1545,1,2,3,1.0,3.0,75117,M,4889030.0,231712.0,75
201700056536,17,3,26,1300,1,2,2,1.0,3.0,75117,M,4887960.0,230499.0,75
201700056537,17,3,26,2100,5,2,7,1.0,4.0,75117,M,4888230.0,231172.0,75
201700056538,17,3,27,1550,1,2,1,1.0,4.0,75117,M,4889940.0,231879.0,75
201700056539,17,3,28,1105,1,2,1,1.0,3.0,75117,M,4888310.0,232483.0,75
201700056540,17,3,28,1830,1,2,1,1.0,3.0,75117,M,4888910.0,229311.0,75
201700056541,17,4,2,1245,1,2,4,1.0,6.0,75117,M,4888750.0,232556.0,75
201700056542,17,4,3,2050,2,2,7,1.0,3.0,75117,M,4888070.0,228525.0,75
201700056543,17,4,4,720,1,2,1,1.0,6.0,75117,M,4888540.0,229384.0,75
201700056544,17,4,4,1240,1,2,2,1.0,6.0,75117,M,4888090.0,229211.0,75
201700056545,17,4,5,827,1,2,4,1.0,6.0,75117,M,4888260.0,228274.0,75
201700056546,17,4,5,845,1,2,4,1.0,6.0,75117,M,4888440.0,230125.0,75
201700056547,17,4,5,1910,1,2,7,1.0,3.0,75117,M,4888260.0,231037.0,75
201700056548,17,4,5,2100,5,2,1,1.0,2.0,75117,M,4888800.0,231502.0,75
201700056549,17,4,8,45,5,2,2,1.0,3.0,75117,M,4888840.0,231728.0,75
201700056550,17,4,8,1000,1,2,7,1.0,6.0,75116,M,4886810.0,229565.0,75
201700056551,17,4,8,1115,1,2,4,1.0,6.0,75117,M,4887580.0,229650.0,75
201700056552,17,4,10,1315,1,2,7,1.0,6.0,75117,M,4888860.0,231562.0,75
201700056553,17,4,11,1310,1,2,5,1.0,6.0,75117,M,4888420.0,228924.0,75
201700056554,17,4,12,1000,1,2,2,1.0,3.0,75117,M,4889250.0,232472.0,75
201700056555,17,4,13,1000,1,2,1,1.0,2.0,75117,M,4888090.0,230988.0,75
201700056556,17,4,13,1435,1,2,2,1.0,3.0,75117,M,4888330.0,230191.0,75
201700056557,17,4,14,1005,1,2,5,1.0,3.0,75117,M,4889180.0,230158.0,75
201700056558,17,4,14,1910,1,2,1,1.0,6.0,75117,M,4888110.0,231467.0,75
201700056559,17,4,14,2130,5,2,2,1.0,3.0,75117,M,4888700.0,232300.0,75
201700056560,17,4,16,1405,1,2,3,1.0,6.0,75117,M,4888820.0,231050.0,75
201700056561,17,4,16,1910,1,2,3,1.0,6.0,75117,M,4888830.0,229392.0,75
201700056562,17,4,18,1800,1,2,2,1.0,3.0,75117,M,4889250.0,232472.0,75
201700056563,17,4,19,945,1,2,7,1.0,3.0,75117,M,4888350.0,232684.0,75
201700056564,17,4,20,930,1,2,1,1.0,2.0,75117,M,4888310.0,230822.0,75
201700056565,17,4,21,2230,5,2,7,1.0,2.0,75117,M,4887860.0,228190.0,75
201700056566,17,4,22,725,1,2,4,1.0,3.0,75117,M,4887860.0,228190.0,75
201700056567,17,4,22,1800,1,2,7,1.0,3.0,75117,M,4887860.0,228190.0,75
201700056568,17,4,23,1835,1,2,3,1.0,3.0,75117,M,4888800.0,232460.0,75
201700056569,17,4,26,1810,1,2,7,8.0,7.0,75117,M,4888750.0,230430.0,75
201700056570,17,4,27,1045,1,2,1,1.0,6.0,75117,M,4889480.0,232799.0,75
201700056571,17,4,28,104,5,2,2,1.0,6.0,75117,M,4888700.0,232300.0,75
201700056572,17,4,28,1830,1,2,5,3.0,6.0,75117,M,4889750.0,232433.0,75
201700056573,17,4,28,2115,5,2,1,1.0,6.0,75117,M,4889100.0,231948.0,75
201700056574,17,5,2,1920,1,2,5,1.0,3.0,75117,M,4888220.0,230446.0,75
201700056575,17,5,3,910,1,2,2,2.0,6.0,75117,M,4888290.0,229637.0,75