Num_Acc,an,mois,jour,hrmn,lum,agg,int,atm,col,com,gps,lat,long,dep
201700056576,17,5,3,1130,1,2,1,2.0,3.0,75117,M,4888800.0,230450.0,75
201700056577,17,5,3,1430,1,2,1,2.0,6.0,75117,M,4888070.0,231121.0,75
201700056578,17,5,6,135,5,2,5,1.0,1.0,75117,M,4889010.0,230388.0,75
201700056579,17,5,4,1300,1,2,4,1.0,3.0,75117,M,4887970.0,228948.0,75
201700056580,17,5,4,1000,1,2,5,1.0,3.0,75117,M,4889180.0,230158.0,75
201700056581,17,5,9,1700,1,2,2,1.0,6.0,75117,M,4888400.0,232238.0,75
201700056582,17,5,9,1805,1,2,2,1.0,6.0,75117,M,4889660.0,232715.0,75
201700056583,17,5,10,850,1,2,1,1.0,3.0,75117,M,4888070.0,231190.0,75
201700056584,17,5,10,900,1,2,5,1.0,3.0,75117,M,4888420.0,228924.0,75
201700056585,17,5,10,2030,1,2,3,1.0,6.0,75117,M,4889270.0,231657.0,75
201700056586,17,5,12,1840,1,2,1,1.0,6.0,75117,M,4888390.0,230411.0,75
201700056587,17,5,13,1415,1,2,3,1.0,3.0,75117,M,4888880.0,232328.0,75
201700056588,17,5,15,1250,1,2,7,1.0,3.0,75117,M,4888520.0,230719.0,75
201700056589,17,5,15,1800,1,2,4,1.0,3.0,75117,M,4887900.0,228177.0,75
201700056590,17,5,16,1820,1,2,4,1.0,3.0,75117,M,4889810.0,232400.0,75
201700056591,17,5,18,1015,1,2,2,1.0,3.0,75117,M,4888450.0,231947.0,75
201700056592,17,5,18,2345,5,2,7,2.0,3.0,75117,M,4888520.0,230719.0,75
201700056593,17,5,19,2350,5,2,2,2.0,6.0,75117,M,4889580.0,232187.0,75
201700056594,17,5,20,220,5,2,7,2.0,6.0,75117,M,4887530.0,229473.0,75
201700056595,17,5,20,1730,1,2,1,1.0,1.0,75117,M,4888280.0,231966.0,75
201700056596,17,5,20,1945,1,2,7,1.0,6.0,75117,M,4887780.0,229796.0,75
201700056597,17,5,21,1310,1,2,3,1.0,2.0,75117,M,4888800.0,232460.0,75
201700056598,17,5,22,1045,1,2,2,7.0,2.0,75117,M,4888780.0,231115.0,75
201700056599,17,5,22,1705,1,2,1,1.0,6.0,75117,M,4889330.0,231548.0,75
201700056600,17,5,22,2340,5,2,5,1.0,3.0,75117,M,4889240.0,230099.0,75
201700056601,17,5,25,1320,1,2,3,1.0,6.0,75117,M,4888020.0,229070.0,75
201700056602,17,5,31,1015,1,2,7,1.0,3.0,75117,M,4888480.0,229793.0,75
201700056603,17,5,31,1210,1,2,2,1.0,6.0,75117,M,4888720.0,231938.0,75
201700056604,17,5,31,1855,1,2,1,1.0,3.0,75117,M,4888010.0,230731.0,75
201700056605,17,6,1,1100,1,2,5,1.0,6.0,75117,M,4889530.0,231621.0,75
201700056606,17,6,2,950,1,2,1,1.0,6.0,75117,M,4888660.0,231388.0,75
201700056607,17,6,3,420,5,2,7,1.0,3.0,75117,M,4887400.0,229417.0,75
201700056608,17,6,8,1310,1,2,7,1.0,2.0,75117,M,4887780.0,228388.0,75
201700056609,17,6,9,1050,1,2,1,1.0,7.0,75117,M,4889480.0,232101.0,75
201700056610,17,6,9,605,2,2,1,1.0,6.0,75117,M,4889100.0,230267.0,75
201700056611,17,6,11,155,5,2,7,1.0,3.0,75117,M,4888540.0,229332.0,75
201700056612,17,6,11,1440,1,2,1,1.0,3.0,75117,M,4888310.0,232464.0,75
201700056613,17,6,12,1900,1,2,5,1.0,3.0,75117,M,4889180.0,230158.0,75
201700056614,17,6,13,30,5,2,4,1.0,3.0,75117,M,4887670.0,229447.0,75
201700056615,17,6,14,1700,1,2,1,1.0,7.0,75117,M,4888750.0,229607.0,75
201700056616,17,6,16,1450,1,2,1,1.0,6.0,75117,M,4888330.0,230688.0,75
201700056617,17,6,16,1545,1,2,1,1.0,6.0,75117,M,4888530.0,229463.0,75
201700056618,17,6,16,2000,1,2,1,1.0,7.0,75117,M,4888570.0,229104.0,75
201700056619,17,6,16,2200,5,2,2,1.0,3.0,75117,M,4889900.0,232203.0,75
201700056620,17,6,19,900,1,2,1,1.0,6.0,75117,M,4889100.0,230267.0,75
201700056621,17,6,19,1640,1,2,5,1.0,6.0,75117,M,4889630.0,231022.0,75
201700056622,17,6,19,1730,1,2,7,1.0,3.0,75117,M,4887430.0,229541.0,75
201700056623,17,6,20,845,1,2,2,1.0,6.0,75117,M,4888380.0,230476.0,75
201700056624,17,6,20,1705,1,2,1,1.0,6.0,75108,M,4888210.0,232442.0,75
201700056625,17,6,21,915,1,2,3,1.0,6.0,75117,M,4888880.0,229780.0,75
201700056626,17,6,21,1820,1,2,1,1.0,5.0,75117,M,4888450.0,230098.0,75
201700056627,17,6,21,2000,1,2,2,1.0,6.0,75117,M,4888200.0,231353.0,75
201700056628,17,6,22,1855,1,2,2,1.0,2.0,75117,M,4887630.0,228721.0,75
201700056629,17,6,23,1310,1,2,2,1.0,2.0,75117,M,4887870.0,229418.0,75
201700056630,17,6,24,1915,1,2,3,1.0,6.0,75117,M,4889030.0,230089.0,75
201700056631,17,6,24,2015,1,2,1,1.0,6.0,75117,M,4888670.0,229321.0,75
201700056632,17,6,25,2325,5,2,2,1.0,3.0,75117,M,4888310.0,229346.0,75
201700056633,17,6,26,1430,1,2,3,1.0,6.0,75117,M,4888410.0,231406.0,75
201700056634,17,6,26,1600,1,2,7,1.0,3.0,75117,M,4888190.0,231128.0,75
201700056635,17,6,27,502,5,2,2,2.0,3.0,75117,M,4889750.0,232318.0,75
201700056636,17,6,27,930,1,2,4,1.0,3.0,75116,M,4886520.0,224923.0,75
201700056637,17,6,27,1555,1,2,1,1.0,4.0,75108,M,4887750.0,232286.0,75
201700056638,17,6,28,1330,1,2,1,1.0,6.0,75117,M,4888680.0,231225.0,75
201700056639,17,6,28,1415,1,2,5,1.0,6.0,75117,M,4888220.0,230446.0,75
201700056640,17,6,28,1630,1,2,1,8.0,4.0,75117,M,4889340.0,230378.0,75
201700056641,17,6,29,1000,1,2,2,1.0,3.0,75117,M,4889630.0,231022.0,75
201700056642,17,6,29,1025,1,2,1,1.0,6.0,75117,M,4888360.0,232721.0,75
201700056643,17,6,30,1700,1,2,2,2.0,6.0,75117,M,4888310.0,228749.0,75
201700056644,17,7,1,1400,1,2,2,2.0,3.0,75117,M,4889250.0,232472.0,75
201700056645,17,7,2,1115,1,2,7,8.0,3.0,75117,M,4888760.0,230461.0,75
201700056646,17,7,2,1720,1,2,1,1.0,3.0,75117,M,4888250.0,230956.0,75
201700056647,17,7,3,915,1,2,3,1.0,3.0,75117,M,4888440.0,230125.0,75
201700056648,17,7,4,820,1,2,4,1.0,7.0,75117,M,4888540.0,229723.0,75
201700056649,17,7,4,1515,1,2,7,1.0,6.0,75117,M,4888120.0,229552.0,75
201700056650,17,7,4,2040,1,2,2,1.0,6.0,75117,M,4888910.0,231610.0,75
201700056651,17,7,4,1405,1,2,2,1.0,2.0,75117,M,4888800.0,229968.0,75
201700056652,17,7,5,835,1,2,2,7.0,6.0,75117,M,4888150.0,229965.0,75
201700056653,17,7,5,915,1,2,2,7.0,6.0,75117,M,4888220.0,232028.0,75
201700056654,17,7,6,1245,1,2,2,1.0,3.0,75117,M,4889420.0,232057.0,75
201700056655,17,7,7,440,5,2,7,1.0,3.0,75117,M,4887740.0,228374.0,75
201700056656,17,7,7,1525,1,2,5,1.0,3.0,75117,M,4888710.0,228957.0,75
201700056657,17,7,8,45,5,2,2,1.0,3.0,75116,M,4885730.0,227299.0,75
201700056658,17,7,8,920,1,2,5,1.0,6.0,75117,M,4888780.0,231115.0,75
201700056659,17,7,9,530,2,2,7,1.0,6.0,75117,M,4887930.0,228062.0,75
201700056660,17,7,10,1010,1,2,2,2.0,6.0,75117,M,4889110.0,230252.0,75
201700056661,17,7,11,1210,1,2,4,1.0,3.0,75117,M,4888480.0,229838.0,75
201700056662,17,7,13,820,1,2,1,1.0,6.0,75117,M,4888060.0,231081.0,75
201700056663,17,7,13,900,1,2,1,1.0,1.0,75117,M,4889490.0,231240.0,75
201700056664,17,7,16,705,1,2,7,1.0,3.0,75116,M,4887820.0,228123.0,75
201700056665,17,7,16,1835,1,2,3,1.0,3.0,75117,M,4889580.0,232833.0,75
201700056666,17,7,17,2130,1,2,5,1.0,3.0,75117,M,4888750.0,229467.0,75
201700056667,17,7,17,2200,3,2,7,1.0,2.0,75117,M,4888600.0,228914.0,75
201700056668,17,7,18,820,1,2,1,1.0,3.0,75116,M,4887710.0,228467.0,75
201700056669,17,7,18,1240,1,2,2,1.0,6.0,75117,M,4888910.0,230789.0,75
201700056670,17,7,18,2100,2,2,3,1.0,6.0,75117,M,4889360.0,231860.0,75
201700056671,17,7,20,950,1,2,3,1.0,6.0,75117,M,4887900.0,229274.0,75
201700056672,17,7,20,1630,1,2,4,1.0,6.0,75117,M,4887770.0,229321.0,75
201700056673,17,7,20,1950,1,2,7,1.0,6.0,75117,M,4887820.0,228123.0,75
201700056674,17,7,21,2000,1,2,3,1.0,6.0,75117,M,4888610.0,229220.0,75
201700056675,17,7,23,15,3,2,2,1.0,3.0,75117,M,4888420.0,230266.0,75
201700056676,17,7,24,910,1,2,1,1.0,3.0,75117,M,4888010.0,230777.0,75
201700056677,17,7,24,1552,1,2,7,1.0,3.0,75117,M,4887850.0,229842.0,75
201700056678,17,7,26,1545,1,2,1,1.0,3.0,75117,M,4888640.0,229171.0,75
201700056679,17,7,26,2340,5,2,3,1.0,3.0,75117,M,4888190.0,228338.0,75
201700056680,17,7,28,950,1,2,1,1.0,6.0,75117,M,4889300.0,230215.0,75
201700056681,17,8,1,1755,1,2,1,1.0,6.0,75117,M,4888520.0,232045.0,75
201700056682,17,8,2,2130,5,2,1,1.0,2.0,75117,M,4888880.0,230121.0,75
201700056683,17,8,4,1500,1,2,7,1.0,6.0,75117,M,4887570.0,228890.0,75
201700056684,17,8,4,2130,5,2,4,8.0,6.0,75117,M,4888360.0,228559.0,75
201700056685,17,8,7,900,1,2,2,1.0,2.0,75117,M,4888900.0,230420.0,75
201700056686,17,8,12,128,5,2,1,1.0,6.0,75117,M,4887790.0,228371.0,75
201700056687,17,8,12,2315,5,2,3,2.0,7.0,75117,M,4888940.0,232229.0,75
201700056688,17,8,13,1510,1,2,1,1.0,6.0,75117,M,4888460.0,229466.0,75
201700056689,17,8,17,345,5,2,7,1.0,2.0,75117,M,4888540.0,229332.0,75
201700056690,17,8,18,605,2,2,5,2.0,3.0,75117,M,4887910.0,230309.0,75
201700056691,17,8,18,915,1,2,1,2.0,3.0,75116,M,4885300.0,224158.0,75
201700056692,17,8,19,1300,1,2,4,1.0,2.0,75117,M,4889630.0,231022.0,75
201700056693,17,8,22,1300,1,2,1,1.0,3.0,75117,M,4889900.0,232169.0,75
201700056694,17,8,24,40,5,2,2,1.0,3.0,75117,M,4888990.0,230392.0,75
201700056695,17,8,27,2220,5,2,2,1.0,3.0,75117,M,4887970.0,229122.0,75
201700056696,17,8,28,10,5,2,2,1.0,3.0,75117,M,4888370.0,229528.0,75
201700056697,17,8,28,1830,1,2,2,1.0,3.0,75117,M,4890040.0,232989.0,75
201700056698,17,8,29,2150,5,2,7,1.0,7.0,75117,M,4888420.0,230266.0,75
201700056699,17,8,30,1930,2,2,1,8.0,2.0,75117,M,4888080.0,229005.0,75
201700056700,17,8,31,1310,1,2,3,1.0,3.0,75117,M,4888540.0,232381.0,75
201700056701,17,8,31,1700,1,2,2,1.0,5.0,75117,M,4888160.0,230069.0,75
201700056702,17,8,31,2020,2,2,2,1.0,7.0,75117,M,4888030.0,229979.0,75
201700056703,17,9,1,1415,1,2,1,2.0,2.0,75117,M,4889340.0,230378.0,75
201700056704,17,9,3,540,5,2,5,1.0,3.0,75117,M,4888730.0,231404.0,75
201700056705,17,9,6,2040,5,2,4,1.0,6.0,75117,M,4888470.0,228647.0,75
201700056706,17,9,7,1400,1,2,1,1.0,6.0,75117,M,4888600.0,230621.0,75
201700056707,17,9,7,1500,1,2,7,1.0,6.0,75117,M,4888070.0,228525.0,75
201700056708,17,9,8,1450,1,2,7,2.0,3.0,75116,M,4887360.0,229276.0,75
201700056709,17,9,8,1645,1,2,3,2.0,3.0,75118,M,4889540.0,232824.0,75
201700056710,17,9,11,1635,1,2,5,2.0,6.0,75117,M,4889190.0,232209.0,75
201700056711,17,9,11,1915,1,2,2,1.0,3.0,75117,M,4887750.0,229435.0,75
201700056712,17,9,13,815,1,2,3,3.0,6.0,75117,M,4888800.0,232460.0,75
201700056713,17,9,14,1440,1,2,1,1.0,3.0,75117,M,4887870.0,228437.0,75
201700056714,17,9,15,1920,1,2,5,1.0,5.0,75117,M,4889750.0,232433.0,75
201700056715,17,9,15,2307,5,2,1,1.0,7.0,75117,M,4888460.0,230616.0,75
201700056716,17,9,16,1630,1,2,1,1.0,2.0,75117,M,4889830.0,231507.0,75
201700056717,17,9,16,2030,5,2,7,1.0,3.0,75117,M,4888260.0,231037.0,75
201700056718,17,9,18,1322,1,2,1,1.0,3.0,75117,M,4888800.0,231078.0,75
201700056719,17,9,18,2050,3,2,2,1.0,6.0,75117,M,4889420.0,232057.0,75
201700056720,17,9,20,1750,1,2,5,1.0,3.0,75117,M,4888420.0,228924.0,75
201700056721,17,9,20,1755,1,2,7,1.0,6.0,75117,M,4887790.0,229742.0,75
201700056722,17,9,21,1330,1,2,4,1.0,2.0,75117,M,4889550.0,230745.0,75
201700056723,17,9,27,1200,1,2,4,1.0,3.0,75117,M,4888040.0,228675.0,75
201700056724,17,9,27,1420,1,2,1,1.0,6.0,75117,M,4889240.0,231909.0,75
201700056725,17,9,27,1515,1,2,2,1.0,3.0,75117,M,4888220.0,230446.0,75
201700056726,17,9,27,1640,1,2,1,1.0,6.0,75117,M,4888100.0,229201.0,75
201700056727,17,9,27,1745,1,2,1,1.0,6.0,75117,M,4888820.0,232433.0,75
201700056728,17,9,27,1910,2,2,1,1.0,6.0,75116,M,4887790.0,228053.0,75
201700056729,17,9,27,2010,5,2,2,1.0,3.0,75117,M,4888370.0,229528.0,75
201700056730,17,9,28,940,1,2,2,8.0,3.0,75117,M,4888580.0,232635.0,75
201700056731,17,9,28,1015,1,2,6,2.0,3.0,75117,M,4887400.0,229417.0,75
201700056732,17,9,28,1830,2,2,2,1.0,3.0,75117,M,4888420.0,230266.0,75
201700056733,17,9,28,2035,5,2,7,1.0,3.0,75117,M,4888540.0,229101.0,75
201700056734,17,9,29,850,1,2,1,1.0,3.0,75117,M,4887730.0,229439.0,75
201700056735,17,9,29,1115,1,2,5,1.0,6.0,75108,M,4887910.0,230309.0,75
201700056736,17,9,29,1740,1,2,2,1.0,3.0,75117,M,4888010.0,228787.0,75
201700056737,17,9,29,2100,5,2,1,3.0,5.0,75117,M,4887980.0,230606.0,75
201700056738,17,10,2,2050,3,2,2,1.0,6.0,75117,M,4889580.0,232187.0,75
201700056739,17,10,3,9,5,2,4,3.0,6.0,75117,M,4888170.0,228521.0,75
201700056740,17,10,3,920,1,2,1,1.0,3.0,75117,M,4889740.0,232166.0,75
201700056741,17,10,3,1050,1,2,4,1.0,3.0,75117,M,4888170.0,231491.0,75
201700056742,17,10,3,1255,1,2,1,1.0,6.0,75117,M,4887540.0,229007.0,75
201700056743,17,10,3,1445,1,2,3,1.0,2.0,75117,M,4887900.0,229274.0,75
201700056744,17,10,3,1810,1,2,1,1.0,6.0,75117,M,4888490.0,229096.0,75
201700056745,17,10,4,1200,1,2,1,1.0,2.0,75117,M,4888950.0,230672.0,75
201700056746,17,10,6,920,1,2,2,1.0,3.0,75117,M,4888610.0,228799.0,75
201700056747,17,10,6,2000,5,2,1,1.0,6.0,75117,M,4888770.0,228797.0,75
201700056748,17,10,7,1335,1,2,7,1.0,6.0,75117,M,4888120.0,231530.0,75
201700056749,17,10,10,1345,1,2,3,1.0,2.0,75117,M,4888470.0,230781.0,75
201700056750,17,10,11,905,1,2,1,1.0,6.0,75117,M,4888770.0,231265.0,75
201700056751,17,10,11,850,1,2,2,1.0,6.0,75117,M,4887940.0,229072.0,75
201700056752,17,10,11,1820,2,2,1,1.0,2.0,75117,M,4888470.0,228660.0,75
201700056753,17,10,12,955,1,2,5,1.0,6.0,75117,M,4888380.0,230476.0,75
201700056754,17,10,12,1425,1,2,2,1.0,6.0,75117,M,4889440.0,231361.0,75
201700056755,17,10,12,1540,1,2,2,1.0,3.0,75117,M,4888660.0,230150.0,75
201700056756,17,10,13,800,1,2,1,1.0,6.0,75117,M,4889050.0,232031.0,75
201700056757,17,10,13,1105,1,2,2,1.0,3.0,75117,M,4889180.0,230158.0,75
201700056758,17,10,15,615,5,2,2,1.0,6.0,75117,M,4888350.0,230593.0,75
201700056759,17,10,17,1120,1,2,4,1.0,6.0,75117,M,4887950.0,228736.0,75
201700056760,17,10,20,25,5,2,2,1.0,5.0,75117,M,4887870.0,229418.0,75
201700056761,17,10,20,1230,1,2,2,1.0,3.0,75117,M,4888420.0,230266.0,75
201700056762,17,10,21,45,5,2,2,1.0,6.0,75117,M,4888400.0,230867.0,75
201700056763,17,10,22,2000,5,2,1,2.0,6.0,75117,M,4887720.0,229441.0,75
201700056764,17,10,23,1240,1,2,7,1.0,3.0,75116,M,4887440.0,229293.0,75
201700056765,17,10,23,2045,5,2,3,2.0,6.0,75117,M,4888610.0,229220.0,75
201700056766,17,10,24,845,2,2,1,2.0,3.0,75117,M,4890030.0,232985.0,75
201700056767,17,10,24,910,1,2,2,2.0,7.0,75117,M,4888800.0,229968.0,75
201700056768,17,10,25,1020,1,2,4,1.0,3.0,75117,M,4890040.0,232989.0,75
201700056769,17,10,25,750,5,2,2,1.0,3.0,75116,M,4887590.0,226213.0,75
201700056770,17,10,25,1510,1,2,7,1.0,3.0,75117,M,4888260.0,231037.0,75
201700056771,17,10,26,1040,1,2,2,1.0,6.0,75117,M,4888900.0,229324.0,75
201700056772,17,10,26,1852,5,2,1,1.0,6.0,75117,M,4889080.0,231769.0,75
201700056773,17,10,28,1245,1,2,1,1.0,2.0,75117,M,4889100.0,231790.0,75
201700056774,17,10,30,735,1,2,3,1.0,6.0,75117,M,4888630.0,229464.0,75
201700056775,17,10,30,1000,1,2,7,1.0,6.0,75117,M,4888760.0,230461.0,75
201700056776,17,10,30,1500,1,2,1,1.0,6.0,75117,M,4888520.0,232045.0,75
201700056777,17,10,31,1130,1,2,2,1.0,2.0,75117,M,4888400.0,228626.0,75
201700056778,17,10,31,1940,5,2,3,1.0,3.0,75117,M,4887690.0,228527.0,75
201700056779,17,10,31,2315,5,2,2,1.0,3.0,75117,M,4887870.0,230091.0,75
201700056780,17,11,1,1417,1,2,7,1.0,3.0,75117,M,4889900.0,232203.0,75
201700056781,17,11,2,915,1,2,2,1.0,3.0,75117,M,4888400.0,228626.0,75
201700056782,17,11,2,1020,1,2,1,1.0,6.0,75117,M,4889310.0,231034.0,75
201700056783,17,11,6,1005,1,2,2,1.0,3.0,75117,M,4888580.0,232163.0,75
201700056784,17,11,6,1015,1,2,2,1.0,6.0,75117,M,4888280.0,232324.0,75
201700056785,17,11,8,1056,1,2,5,1.0,3.0,75117,M,4888730.0,231404.0,75
201700056786,17,11,8,2051,5,2,7,1.0,2.0,75117,M,4888100.0,228416.0,75
201700056787,17,11,9,2245,5,2,7,2.0,3.0,75116,M,4887740.0,228374.0,75
201700056788,17,11,10,1025,1,2,2,2.0,7.0,75117,M,4888420.0,230266.0,75
201700056789,17,11,10,1230,1,2,2,2.0,2.0,75117,M,4888440.0,230125.0,75
201700056790,17,11,10,2340,5,2,1,1.0,2.0,75117,M,4888840.0,230439.0,75
201700056791,17,11,14,820,1,2,3,1.0,6.0,75117,M,4888360.0,229295.0,75
201700056792,17,11,14,1410,1,2,2,1.0,3.0,75117,M,4890100.0,233013.0,75
201700056793,17,11,14,1755,5,2,1,1.0,6.0,75117,M,4888940.0,232309.0,75
201700056794,17,11,15,800,2,2,1,8.0,2.0,75117,M,4888270.0,232274.0,75
201700056795,17,11,15,1830,5,2,1,1.0,6.0,75117,M,4888860.0,230433.0,75
201700056796,17,11,16,945,1,2,7,1.0,2.0,75117,M,4888450.0,229716.0,75
201700056797,17,11,16,1305,1,2,3,1.0,2.0,75117,M,4888670.0,230540.0,75
201700056798,17,11,16,2220,5,2,7,1.0,3.0,75117,M,4888260.0,231037.0,75
201700056799,17,11,20,2018,5,2,2,1.0,6.0,75117,M,4887710.0,229217.0,75
201700056800,17,11,21,1640,2,2,2,1.0,2.0,75117,M,4889500.0,232806.0,75
201700056801,17,11,23,1925,5,2,2,2.0,3.0,75117,M,4888690.0,231260.0,75
201700056802,17,11,25,2120,5,2,4,1.0,3.0,75117,M,4889320.0,230317.0,75
201700056803,17,11,26,2300,5,2,1,1.0,7.0,75117,M,4889130.0,229942.0,75
201700056804,17,11,27,1525,1,2,3,2.0,6.0,75117,M,4888350.0,230593.0,75
201700056805,17,11,28,945,1,2,1,1.0,3.0,75117,M,4888150.0,229566.0,75
201700056806,17,11,28,1725,5,2,2,2.0,6.0,75117,M,4889420.0,232057.0,75
201700056807,17,12,1,1930,5,2,3,1.0,3.0,75117,M,4888220.0,228604.0,75
201700056808,17,12,2,1730,5,2,2,1.0,6.0,75117,M,4888860.0,231562.0,75
201700056809,17,12,3,1310,1,2,2,2.0,3.0,75117,M,4888320.0,232531.0,75
201700056810,17,12,3,1800,5,2,2,2.0,3.0,75117,M,4889180.0,230158.0,75
201700056811,17,12,4,30,5,2,2,2.0,3.0,75117,M,4889060.0,232018.0,75
201700056812,17,12,5,930,1,2,1,1.0,6.0,75117,M,4888620.0,231872.0,75
201700056813,17,12,6,1125,1,2,1,1.0,6.0,75117,M,4887950.0,229918.0,75
201700056814,17,12,12,845,1,2,3,1.0,3.0,75117,M,4888420.0,228924.0,75
201700056815,17,12,13,1926,5,2,3,3.0,6.0,75117,M,4888380.0,228862.0,75
201700056816,17,12,14,1830,5,2,3,2.0,2.0,75117,M,4889160.0,232692.0,75
201700056817,17,12,14,2230,5,2,2,1.0,2.0,75117,M,4887970.0,229932.0,75
201700056818,17,12,15,900,1,2,3,1.0,6.0,75117,M,4889530.0,232147.0,75
201700056819,17,12,15,915,1,2,7,1.0,3.0,75117,M,4887790.0,229742.0,75
201700056820,17,12,18,730,4,2,2,2.0,3.0,75117,M,4888330.0,230723.0,75
201700056821,17,12,18,1425,1,2,7,1.0,6.0,75117,M,4888800.0,231670.0,75
201700056822,17,12,18,1845,5,2,1,1.0,4.0,75117,M,4889390.0,231266.0,75
201700056823,17,12,21,210,5,2,7,1.0,6.0,75117,M,4888260.0,231037.0,75
201700056824,17,12,21,1310,1,2,2,8.0,6.0,75117,M,4888240.0,229703.0,75
201700056825,17,12,21,1346,1,2,4,2.0,6.0,75117,M,4888480.0,229838.0,75
201700056826,17,12,21,2035,5,2,7,2.0,3.0,75117,M,4888260.0,231037.0,75
201700056827,17,12,22,1250,1,2,1,2.0,3.0,75117,M,4888070.0,229524.0,75
201700056828,17,12,27,1815,5,2,7,2.0,6.0,75117,M,4887440.0,229293.0,75
201700056829,17,12,28,1830,5,2,2,1.0,3.0,75117,M,4888380.0,230476.0,75
201700056830,17,1,1,1730,5,2,7,1.0,2.0,75118,M,4889020.0,235989.0,75
201700056831,17,1,2,1045,1,2,1,2.0,6.0,75118,M,4888590.0,234948.0,75
201700056832,17,1,3,815,1,2,3,1.0,6.0,75118,M,4889340.0,234029.0,75
201700056833,17,1,3,1520,1,2,5,1.0,6.0,75118,M,4889820.0,235248.0,75
201700056834,17,1,4,1400,1,2,2,2.0,3.0,75118,M,4888840.0,234956.0,75
201700056835,17,1,4,2130,5,2,5,1.0,6.0,75118,M,4889820.0,235248.0,75
201700056836,17,1,5,1740,2,2,3,8.0,3.0,75118,M,4889130.0,232682.0,75
201700056837,17,1,5,1845,2,2,1,1.0,6.0,75118,M,4889550.0,234885.0,75
201700056838,17,1,5,2345,5,2,2,1.0,3.0,75118,M,4888260.0,234190.0,75
201700056839,17,1,6,2100,5,2,7,1.0,2.0,75118,M,4889600.0,234594.0,75
201700056840,17,1,9,1625,1,2,1,2.0,6.0,75118,M,4889860.0,236350.0,75
201700056841,17,1,10,845,1,2,1,8.0,6.0,75118,M,4889940.0,235868.0,75
201700056842,17,1,12,2000,5,2,1,2.0,6.0,75118,M,4890010.0,234410.0,75
201700056843,17,1,13,900,1,2,5,1.0,6.0,75118,M,4889360.0,233637.0,75
201700056844,17,1,13,815,5,2,2,1.0,3.0,75118,M,4889070.0,232663.0,75
201700056845,17,1,13,1110,1,2,2,2.0,6.0,75118,M,4889190.0,236333.0,75
201700056846,17,1,14,1725,1,2,1,2.0,6.0,75118,M,4889870.0,236945.0,75
201700056847,17,1,15,1330,1,2,3,1.0,6.0,75118,M,4889090.0,235320.0,75
201700056848,17,1,16,1415,1,2,1,8.0,6.0,75118,M,4889870.0,236933.0,75
201700056849,17,1,19,2200,5,2,2,1.0,2.0,75118,M,4889710.0,235918.0,75
201700056850,17,1,20,1325,1,2,5,1.0,6.0,75118,M,4889680.0,233848.0,75
201700056851,17,1,21,2200,5,2,2,1.0,6.0,75118,M,4888830.0,235150.0,75
201700056852,17,1,23,1333,1,2,2,1.0,6.0,75118,M,4889840.0,235906.0,75
201700056853,17,1,23,1810,5,2,1,1.0,6.0,75118,M,4889070.0,235436.0,75
201700056854,17,1,25,2030,5,2,4,1.0,3.0,75118,M,4890090.0,236398.0,75
201700056855,17,1,26,1430,1,2,1,1.0,2.0,75118,M,4889610.0,233349.0,75
201700056856,17,1,28,2230,5,2,2,1.0,6.0,75118,M,4889100.0,233147.0,75
201700056857,17,1,29,1515,1,2,7,1.0,2.0,75118,M,4888490.0,235827.0,75
201700056858,17,1,29,1800,5,2,1,1.0,7.0,75118,M,4889590.0,235927.0,75
201700056859,17,1,30,1025,1,2,3,2.0,6.0,75118,M,4888680.0,235963.0,75
201700056860,17,1,31,305,5,2,2,2.0,2.0,75118,M,4889710.0,235918.0,75
201700056861,17,2,1,1030,1,2,3,8.0,6.0,75118,M,4889350.0,236292.0,75
201700056862,17,2,1,1210,1,2,5,1.0,2.0,75118,M,4889750.0,234456.0,75
201700056863,17,2,2,1125,1,2,5,7.0,6.0,75118,M,4889840.0,235906.0,75
201700056864,17,2,2,1755,2,2,5,1.0,6.0,75118,M,4889420.0,233255.0,75
201700056865,17,2,3,907,1,2,7,1.0,6.0,75118,M,4889600.0,234594.0,75
201700056866,17,2,3,2015,5,2,3,2.0,1.0,75118,M,4889380.0,233507.0,75
201700056867,17,2,4,940,1,2,1,2.0,6.0,75118,M,4888790.0,234955.0,75
201700056868,17,2,4,1630,1,2,3,2.0,6.0,75118,M,4889350.0,234559.0,75
201700056869,17,2,4,1810,5,2,1,1.0,6.0,75118,M,4889820.0,233702.0,75
201700056870,17,2,6,1345,1,2,5,1.0,3.0,75118,M,4889840.0,235906.0,75
201700056871,17,2,6,1505,1,2,1,8.0,6.0,75118,M,4889680.0,234528.0,75
201700056872,17,2,7,633,1,2,1,1.0,6.0,75118,M,4888440.0,232893.0,75
201700056873,17,2,7,915,1,2,1,2.0,7.0,75118,M,4889400.0,233394.0,75
201700056874,17,2,7,1400,1,2,2,8.0,6.0,75118,M,4888390.0,234946.0,75
201700056875,17,2,8,830,1,2,7,1.0,6.0,75118,M,4889240.0,234497.0,75
201700056876,17,2,8,745,2,2,4,8.0,6.0,75118,M,4888690.0,234763.0,75
201700056877,17,2,12,1620,1,2,4,1.0,6.0,75118,M,4888530.0,234948.0,75