Num_Acc,an,mois,jour,hrmn,lum,agg,int,atm,col,com,gps,lat,long,dep
201700056878,17,2,13,945,1,2,2,1.0,6.0,75118,M,4888990.0,236307.0,75
201700056879,17,2,13,1850,2,2,3,1.0,3.0,75118,M,4889860.0,236557.0,75
201700056880,17,2,18,1440,1,2,5,1.0,3.0,75118,M,4888730.0,234955.0,75
201700056881,17,2,18,1445,1,2,1,1.0,6.0,75118,M,4889320.0,233973.0,75
201700056882,17,2,19,1405,1,2,2,1.0,3.0,75118,M,4889430.0,234536.0,75
201700056883,17,2,23,1820,2,2,3,1.0,6.0,75118,M,4889000.0,236250.0,75
201700056884,17,2,25,215,5,2,3,1.0,3.0,75118,M,4889780.0,233922.0,75
201700056885,17,2,26,1730,2,2,3,1.0,6.0,75118,M,4888290.0,233616.0,75
201700056886,17,2,27,1430,1,2,3,1.0,5.0,75118,M,4888610.0,235947.0,75
201700056887,17,2,28,1750,1,2,5,8.0,3.0,75117,M,4890040.0,232989.0,75
201700056888,17,3,1,1015,1,2,1,2.0,3.0,75118,M,4889700.0,234516.0,75
201700056889,17,3,3,2325,3,2,1,1.0,6.0,75118,M,4889030.0,234563.0,75
201700056890,17,3,4,1500,1,2,3,2.0,6.0,75118,M,4889900.0,233634.0,75
201700056891,17,3,4,1930,5,2,2,8.0,6.0,75118,M,4888450.0,236478.0,75
201700056892,17,3,5,2030,5,2,1,2.0,6.0,75118,M,4888420.0,235489.0,75
201700056893,17,3,6,1300,1,2,3,3.0,6.0,75118,M,4889030.0,235828.0,75
201700056894,17,3,7,830,1,2,1,1.0,2.0,75118,M,4889630.0,234568.0,75
201700056895,17,3,9,1100,1,2,1,1.0,3.0,75117,M,4888990.0,232637.0,75
201700056896,17,3,9,1525,1,2,3,1.0,3.0,75118,M,4889090.0,235320.0,75
201700056897,17,3,10,25,5,2,4,1.0,3.0,75118,M,4889460.0,234710.0,75
201700056898,17,3,11,1515,1,2,3,1.0,6.0,75118,M,4889150.0,233648.0,75
201700056899,17,3,13,2010,5,2,5,1.0,6.0,75118,M,4889870.0,235905.0,75
201700056900,17,3,15,410,5,2,3,1.0,6.0,75118,M,4888630.0,232816.0,75
201700056901,17,3,15,1840,2,2,5,1.0,6.0,75118,M,4888830.0,235150.0,75
201700056902,17,3,16,1030,1,2,4,1.0,3.0,75118,M,4889210.0,234920.0,75
201700056903,17,3,16,1810,2,2,2,1.0,6.0,75118,M,4888840.0,234956.0,75
201700056904,17,3,16,2045,5,2,1,1.0,3.0,75118,M,4889320.0,233919.0,75
201700056905,17,3,17,1510,1,2,4,1.0,3.0,75118,M,4890040.0,232989.0,75
201700056906,17,3,17,1930,2,2,2,1.0,3.0,75118,M,4888580.0,232635.0,75
201700056907,17,3,20,750,1,2,7,1.0,6.0,75118,M,4889020.0,235989.0,75
201700056908,17,3,21,1250,1,2,1,1.0,6.0,75118,M,4890110.0,237020.0,75
201700056909,17,3,21,1720,1,2,3,1.0,4.0,75118,M,4889100.0,235984.0,75
201700056910,17,3,21,2100,5,2,2,1.0,3.0,75118,M,4889550.0,233856.0,75
201700056911,17,3,27,932,1,2,7,1.0,6.0,75118,M,4889020.0,235989.0,75
201700056912,17,3,27,1510,1,2,1,1.0,6.0,75118,M,4888360.0,234485.0,75
201700056913,17,3,28,1830,1,2,2,1.0,3.0,75118,M,4888840.0,234956.0,75
201700056914,17,3,28,1840,1,2,1,1.0,6.0,75118,M,4888880.0,234958.0,75
201700056915,17,3,29,1445,1,2,2,1.0,6.0,75118,M,4889870.0,235905.0,75
201700056916,17,3,30,1530,1,2,4,1.0,6.0,75118,M,4889730.0,233798.0,75
201700056917,17,3,30,1705,1,2,1,1.0,6.0,75118,M,4888900.0,235918.0,75
201700056918,17,3,31,825,1,2,1,1.0,3.0,75118,M,4889710.0,234506.0,75
201700056919,17,3,31,819,1,2,2,1.0,6.0,75118,M,4889800.0,234240.0,75
201700056920,17,3,31,1830,1,2,1,1.0,6.0,75118,M,4889390.0,234347.0,75
201700056921,17,3,31,2345,5,2,2,2.0,3.0,75118,M,4889550.0,232827.0,75
201700056922,17,4,2,1500,1,2,1,1.0,6.0,75118,M,4888910.0,234958.0,75
201700056923,17,4,4,1315,1,2,2,1.0,6.0,75118,M,4889930.0,234409.0,75
201700056924,17,4,6,1900,1,2,7,1.0,3.0,75118,M,4889510.0,235934.0,75
201700056925,17,4,8,2120,5,2,1,1.0,6.0,75118,M,4888690.0,232584.0,75
201700056926,17,4,9,1555,1,2,1,1.0,6.0,75118,M,4888320.0,233503.0,75
201700056927,17,4,9,2340,5,2,2,1.0,6.0,75118,M,4889920.0,233624.0,75
201700056928,17,4,10,1710,1,2,1,1.0,6.0,75118,M,4889920.0,236799.0,75
201700056929,17,4,13,1130,1,2,2,1.0,3.0,75118,M,4888390.0,234946.0,75
201700056930,17,4,13,1205,1,2,3,1.0,6.0,75118,M,4888610.0,235947.0,75
201700056931,17,4,16,620,2,2,3,1.0,6.0,75118,M,4889100.0,235984.0,75
201700056932,17,4,16,1420,1,2,4,1.0,6.0,75118,M,4888430.0,235607.0,75
201700056933,17,4,20,915,1,2,3,1.0,2.0,75118,M,4889090.0,235320.0,75
201700056934,17,4,20,1740,1,2,1,1.0,6.0,75118,M,4889950.0,234871.0,75
201700056935,17,4,24,1125,1,2,2,1.0,7.0,75118,M,4889340.0,233826.0,75
201700056936,17,4,24,1730,1,2,2,1.0,7.0,75118,M,4889480.0,234073.0,75
201700056937,17,4,5,5,5,2,1,1.0,3.0,75118,M,4889850.0,235291.0,75
201700056938,17,4,24,1250,1,2,7,1.0,3.0,75119,M,4889020.0,239656.0,75
201700056939,17,4,26,1135,1,2,1,1.0,6.0,75118,M,4889600.0,235926.0,75
201700056940,17,4,26,1530,1,2,1,1.0,6.0,75118,M,4888970.0,235989.0,75
201700056941,17,4,30,1608,1,2,2,1.0,6.0,75118,M,4888660.0,234954.0,75
201700056942,17,5,2,1200,1,2,2,1.0,3.0,75118,M,4889310.0,233776.0,75
201700056943,17,5,2,1145,1,2,1,1.0,6.0,75118,M,4889860.0,236224.0,75
201700056944,17,5,3,835,1,2,1,2.0,6.0,75118,M,4888530.0,233058.0,75
201700056945,17,5,4,1840,1,2,2,3.0,2.0,75118,M,4888660.0,234954.0,75
201700056946,17,5,4,1340,1,2,4,1.0,3.0,75118,M,4888930.0,233353.0,75
201700056947,17,5,8,1335,1,2,1,1.0,3.0,75118,M,4889470.0,233262.0,75
201700056948,17,5,8,2200,5,2,2,1.0,3.0,75118,M,4888220.0,233964.0,75
201700056949,17,5,9,820,1,2,5,1.0,6.0,75118,M,4889190.0,233349.0,75
201700056950,17,5,9,2226,5,2,4,1.0,6.0,75118,M,4889750.0,232936.0,75
201700056951,17,5,11,1720,1,2,3,1.0,6.0,75118,M,4889690.0,233829.0,75
201700056952,17,5,13,510,2,2,1,1.0,6.0,75118,M,4889110.0,234960.0,75
201700056953,17,5,13,1845,1,2,1,1.0,6.0,75118,M,4888610.0,236366.0,75
201700056954,17,5,14,3,5,2,1,1.0,2.0,75118,M,4889560.0,237078.0,75
201700056955,17,5,14,1100,1,2,4,8.0,4.0,75118,M,4889940.0,235938.0,75
201700056956,17,5,15,1210,1,2,1,1.0,6.0,75118,M,4890080.0,233118.0,75
201700056957,17,5,15,1905,1,2,5,1.0,6.0,75118,M,4888630.0,234753.0,75
201700056958,17,5,16,1230,1,2,1,1.0,2.0,75118,M,4888500.0,234948.0,75
201700056959,17,5,16,1835,1,2,4,1.0,6.0,75118,M,4889670.0,233622.0,75
201700056960,17,5,18,2330,5,2,7,2.0,2.0,75118,M,4888730.0,234955.0,75
201700056961,17,5,20,608,2,2,1,1.0,1.0,75118,M,4888690.0,233285.0,75
201700056962,17,5,20,2045,1,2,2,7.0,3.0,75118,M,4890130.0,234410.0,75
201700056963,17,5,21,600,1,2,2,1.0,3.0,75118,M,4889130.0,236325.0,75
201700056964,17,5,24,1540,1,2,2,1.0,6.0,75118,M,4888610.0,236113.0,75
201700056965,17,5,24,1755,1,2,1,1.0,6.0,75118,M,4889110.0,234961.0,75
201700056966,17,5,25,630,1,2,1,1.0,2.0,75118,M,4889030.0,234959.0,75
201700056967,17,5,26,50,5,2,3,1.0,6.0,75118,M,4888660.0,232598.0,75
201700056968,17,5,27,105,5,2,1,1.0,3.0,75118,M,4889860.0,236318.0,75
201700056969,17,5,27,1330,1,2,1,1.0,4.0,75118,M,4888900.0,234958.0,75
201700056970,17,5,27,1640,1,2,2,1.0,6.0,75118,M,4888370.0,234353.0,75
201700056971,17,5,28,2100,2,2,1,1.0,6.0,75118,M,4889690.0,234524.0,75
201700056972,17,5,29,1145,1,2,4,1.0,3.0,75118,M,4890040.0,237020.0,75
201700056973,17,5,30,720,1,2,2,8.0,3.0,75118,M,4889010.0,232922.0,75
201700056974,17,5,30,1210,1,2,7,1.0,6.0,75118,M,4888960.0,233843.0,75
201700056975,17,5,30,1420,1,2,4,1.0,1.0,75118,M,4888390.0,232722.0,75
201700056976,17,5,31,50,5,2,2,1.0,6.0,75118,M,4888390.0,234946.0,75
201700056977,17,6,1,1720,1,2,1,1.0,6.0,75118,M,4889060.0,234101.0,75
201700056978,17,6,3,1445,1,2,1,1.0,3.0,75118,M,4889830.0,237028.0,75
201700056979,17,6,4,2230,3,2,7,1.0,6.0,75119,M,4890090.0,237027.0,75
201700056980,17,6,6,1150,1,2,2,1.0,3.0,75118,M,4889010.0,232922.0,75
201700056981,17,6,7,550,2,2,1,1.0,3.0,75118,M,4888650.0,232604.0,75
201700056982,17,6,7,2240,5,2,5,1.0,3.0,75118,M,4889040.0,234845.0,75
201700056983,17,6,8,840,1,2,1,1.0,3.0,75118,M,4888530.0,233058.0,75
201700056984,17,6,9,2245,5,2,3,1.0,3.0,75118,M,4889250.0,234886.0,75
201700056985,17,6,10,2010,1,2,1,1.0,6.0,75118,M,4888420.0,235448.0,75
201700056986,17,6,11,948,1,2,4,1.0,3.0,75118,M,4888620.0,236313.0,75
201700056987,17,6,12,1420,1,2,1,1.0,6.0,75118,M,4888360.0,233358.0,75
201700056988,17,6,12,1700,1,2,2,1.0,3.0,75118,M,4889050.0,234958.0,75
201700056989,17,6,13,1350,1,2,3,1.0,6.0,75118,M,4889690.0,233829.0,75
201700056990,17,6,14,1200,1,2,1,1.0,3.0,75118,M,4889630.0,233500.0,75
201700056991,17,6,14,1300,1,2,5,1.0,2.0,75118,M,4890040.0,232989.0,75
201700056992,17,6,14,1440,1,2,3,1.0,6.0,75118,M,4889060.0,235453.0,75
201700056993,17,6,14,1718,1,2,3,1.0,6.0,75118,M,4889360.0,234791.0,75
201700056994,17,6,15,1750,1,2,5,1.0,6.0,75118,M,4889840.0,235906.0,75
201700056995,17,6,17,1715,1,2,2,1.0,3.0,75119,M,4888450.0,236478.0,75
201700056996,17,6,18,1315,1,2,5,1.0,6.0,75118,M,4888970.0,234014.0,75
201700056997,17,6,21,1520,1,2,3,1.0,7.0,75118,M,4888390.0,235075.0,75
201700056998,17,6,21,1715,1,2,3,1.0,6.0,75118,M,4889090.0,235320.0,75
201700056999,17,6,21,1550,1,2,7,1.0,1.0,75118,M,4888450.0,235932.0,75
201700057000,17,6,21,2145,2,2,2,1.0,6.0,75118,M,4888690.0,234763.0,75
201700057001,17,6,22,1130,1,2,2,1.0,3.0,75119,M,4888850.0,239190.0,75
201700057002,17,6,23,130,5,2,1,1.0,6.0,75118,M,4888540.0,233627.0,75
201700057003,17,6,24,135,5,2,5,1.0,3.0,75118,M,4889360.0,233637.0,75
201700057004,17,6,25,410,5,2,3,1.0,2.0,75118,M,4888490.0,232675.0,75
201700057005,17,6,30,2030,1,2,2,1.0,6.0,75118,M,4889610.0,233810.0,75
201700057006,17,7,3,1730,1,2,7,1.0,7.0,75118,M,4888480.0,235932.0,75
201700057007,17,7,3,1850,1,2,1,1.0,2.0,75118,M,4889100.0,235233.0,75
201700057008,17,7,3,1940,1,2,5,1.0,6.0,75118,M,4889800.0,234414.0,75
201700057009,17,7,4,1700,1,2,3,1.0,6.0,75118,M,4888450.0,232694.0,75
201700057010,17,7,5,825,1,2,7,1.0,3.0,75118,M,4888450.0,235932.0,75
201700057011,17,7,5,1730,1,2,1,1.0,3.0,75118,M,4888910.0,233167.0,75
201700057012,17,7,5,2245,5,2,1,1.0,2.0,75118,M,4888400.0,232843.0,75
201700057013,17,7,7,1130,1,2,5,1.0,6.0,75118,M,4889510.0,235291.0,75
201700057014,17,7,7,1900,1,2,1,1.0,6.0,75118,M,4889550.0,237064.0,75
201700057015,17,7,7,2058,1,2,3,1.0,3.0,75118,M,4888450.0,236420.0,75
201700057016,17,7,8,900,1,2,1,1.0,6.0,75118,M,4888530.0,233097.0,75
201700057017,17,7,8,1050,1,2,2,1.0,6.0,75118,M,4889310.0,233776.0,75
201700057018,17,7,9,1315,1,2,2,1.0,3.0,75118,M,4889430.0,234536.0,75
201700057019,17,7,12,2127,5,2,4,1.0,6.0,75118,M,4890070.0,236453.0,75
201700057020,17,7,13,1400,1,2,3,1.0,3.0,75118,M,4889220.0,234608.0,75
201700057021,17,7,14,1145,1,2,1,1.0,6.0,75118,M,4889160.0,235177.0,75
201700057022,17,7,14,1940,1,2,2,1.0,6.0,75118,M,4889630.0,234168.0,75
201700057023,17,7,15,1450,1,2,3,1.0,6.0,75118,M,4889200.0,235982.0,75
201700057024,17,7,19,1000,1,2,2,2.0,6.0,75118,M,4889240.0,234497.0,75
201700057025,17,7,19,2230,5,2,5,1.0,6.0,75118,M,4888890.0,234647.0,75
201700057026,17,7,20,1850,1,2,1,1.0,6.0,75118,M,4889050.0,235988.0,75
201700057027,17,7,21,1910,1,2,2,1.0,6.0,75118,M,4889500.0,232806.0,75
201700057028,17,7,22,842,1,2,3,2.0,6.0,75118,M,4888390.0,235075.0,75
201700057029,17,7,23,1320,1,2,1,1.0,2.0,75118,M,4890090.0,234576.0,75
201700057030,17,7,24,2000,1,2,3,1.0,6.0,75118,M,4888510.0,232669.0,75
201700057031,17,7,26,225,5,2,1,1.0,6.0,75118,M,4889120.0,234961.0,75
201700057032,17,7,26,1045,1,2,1,1.0,3.0,75118,M,4889590.0,235290.0,75
201700057033,17,8,1,1100,1,2,1,1.0,6.0,75118,M,4889710.0,234506.0,75
201700057034,17,8,1,1700,1,2,1,1.0,1.0,75118,M,4890120.0,233754.0,75
201700057035,17,8,3,1050,1,2,2,1.0,6.0,75118,M,4889050.0,234958.0,75
201700057036,17,8,3,1240,1,2,5,1.0,6.0,75118,M,4889150.0,234962.0,75
201700057037,17,8,7,711,1,2,2,1.0,3.0,75118,M,4889070.0,233333.0,75
201700057038,17,8,7,1200,1,2,3,1.0,6.0,75118,M,4888910.0,235988.0,75
201700057039,17,8,8,845,1,2,4,2.0,3.0,75118,M,4890050.0,234411.0,75
201700057040,17,8,8,1040,1,2,1,1.0,4.0,75118,M,4888800.0,235984.0,75
201700057041,17,8,8,1455,1,2,1,2.0,6.0,75118,M,4889490.0,236014.0,75
201700057042,17,8,12,655,1,2,3,2.0,6.0,75118,M,4889570.0,237135.0,75
201700057043,17,8,12,1955,2,2,2,2.0,2.0,75118,M,4889420.0,234593.0,75
201700057044,17,8,13,1510,1,2,3,1.0,6.0,75118,M,4888500.0,235584.0,75
201700057045,17,8,14,1640,1,2,3,1.0,6.0,75118,M,4888680.0,235963.0,75
201700057046,17,8,14,1700,1,2,1,1.0,4.0,75118,M,4889720.0,234494.0,75
201700057047,17,8,14,2140,5,2,1,1.0,6.0,75118,M,4890010.0,235859.0,75
201700057048,17,8,17,1830,1,2,1,8.0,6.0,75118,M,4889340.0,236387.0,75
201700057049,17,8,19,1740,1,2,5,1.0,6.0,75118,M,4888500.0,233750.0,75
201700057050,17,8,21,1450,1,2,4,1.0,2.0,75118,M,4890050.0,234411.0,75
201700057051,17,8,22,1815,1,2,5,1.0,6.0,75118,M,4888970.0,234014.0,75
201700057052,17,8,23,127,5,2,4,1.0,6.0,75118,M,4889530.0,234654.0,75
201700057053,17,8,23,1215,1,2,1,1.0,6.0,75118,M,4889740.0,235263.0,75
201700057054,17,8,23,2120,4,2,3,1.0,6.0,75118,M,4889270.0,235970.0,75
201700057055,17,8,26,2015,2,2,1,1.0,3.0,75118,M,4889720.0,234494.0,75
201700057056,17,8,27,2200,5,2,1,1.0,6.0,75118,M,4889860.0,236873.0,75
201700057057,17,8,28,15,5,2,7,1.0,6.0,75118,M,4888490.0,235827.0,75
201700057058,17,8,29,1540,1,2,1,1.0,6.0,75118,M,4889830.0,237028.0,75
201700057059,17,8,30,1805,1,2,2,2.0,3.0,75118,M,4889070.0,233333.0,75
201700057060,17,8,31,2320,5,2,3,1.0,6.0,75118,M,4889280.0,234192.0,75
201700057061,17,9,1,1355,1,2,3,1.0,3.0,75118,M,4888620.0,235034.0,75
201700057062,17,9,3,2030,5,2,1,1.0,1.0,75118,M,4889030.0,235900.0,75
201700057063,17,9,6,830,1,2,4,1.0,6.0,75118,M,4888570.0,233121.0,75
201700057064,17,9,8,1845,1,2,2,1.0,6.0,75118,M,4889050.0,233427.0,75
201700057065,17,9,13,1145,1,2,2,2.0,6.0,75118,M,4888920.0,234249.0,75
201700057066,17,9,13,1700,1,2,3,2.0,7.0,75118,M,4888910.0,235988.0,75
201700057067,17,9,13,2100,5,2,1,3.0,6.0,75118,M,4888980.0,234959.0,75
201700057068,17,9,14,830,1,2,7,1.0,2.0,75118,M,4889100.0,233147.0,75
201700057069,17,9,14,1300,1,2,2,1.0,6.0,75118,M,4889870.0,237027.0,75
201700057070,17,9,16,1728,1,2,3,8.0,2.0,75118,M,4889150.0,235170.0,75
201700057071,17,9,18,45,5,2,3,1.0,3.0,75118,M,4888860.0,235457.0,75
201700057072,17,9,18,1615,1,2,1,2.0,6.0,75118,M,4889610.0,235926.0,75
201700057073,17,9,19,1325,1,2,5,1.0,3.0,75118,M,4889580.0,234339.0,75
201700057074,17,9,20,25,5,2,2,1.0,3.0,75118,M,4889050.0,234958.0,75
201700057075,17,9,25,1140,1,2,5,1.0,3.0,75118,M,4889800.0,234414.0,75
201700057076,17,9,26,704,1,2,2,8.0,3.0,75118,M,4888450.0,235932.0,75
201700057077,17,9,26,1400,1,2,2,1.0,6.0,75118,M,4889800.0,234414.0,75
201700057078,17,9,27,1730,1,2,1,1.0,6.0,75118,M,4889540.0,236061.0,75
201700057079,17,9,27,1800,1,2,7,1.0,6.0,75118,M,4888410.0,233863.0,75
201700057080,17,9,29,2030,5,2,2,2.0,3.0,75118,M,4889710.0,235918.0,75
201700057081,17,10,3,1435,1,2,1,1.0,3.0,75118,M,4889860.0,236293.0,75
201700057082,17,10,6,800,1,2,1,1.0,3.0,75118,M,4888530.0,233059.0,75
201700057083,17,10,7,1350,1,2,4,1.0,6.0,75118,M,4889730.0,233798.0,75
201700057084,17,10,7,1855,5,2,1,2.0,7.0,75118,M,4889510.0,236886.0,75
201700057085,17,10,7,1910,2,2,1,8.0,6.0,75118,M,4888600.0,233824.0,75
201700057086,17,10,8,1442,1,2,7,8.0,6.0,75118,M,4889600.0,234594.0,75
201700057087,17,10,8,2130,5,2,2,1.0,6.0,75118,M,4888240.0,233791.0,75
201700057088,17,10,10,1000,1,2,1,8.0,3.0,75118,M,4889750.0,235259.0,75
201700057089,17,10,13,1020,1,2,4,1.0,2.0,75118,M,4889250.0,234886.0,75
201700057090,17,10,13,1420,1,2,3,1.0,6.0,75118,M,4889570.0,237135.0,75
201700057091,17,10,13,1808,1,2,7,1.0,6.0,75118,M,4888370.0,232734.0,75
201700057092,17,10,13,1145,1,2,4,1.0,2.0,75118,M,4889360.0,234791.0,75
201700057093,17,10,14,2130,5,2,2,1.0,3.0,75118,M,4888900.0,234812.0,75
201700057094,17,10,16,1315,1,2,1,1.0,6.0,75118,M,4889110.0,234755.0,75
201700057095,17,10,18,915,1,2,2,1.0,6.0,75118,M,4889460.0,234710.0,75
201700057096,17,10,18,1100,1,2,5,1.0,3.0,75118,M,4889840.0,235906.0,75
201700057097,17,10,18,1120,1,2,4,1.0,6.0,75118,M,4889510.0,235291.0,75
201700057098,17,10,18,1450,1,2,1,8.0,6.0,75118,M,4888910.0,234458.0,75
201700057099,17,10,18,1405,1,2,1,1.0,6.0,75118,M,4889080.0,233445.0,75
201700057100,17,10,19,1203,1,2,4,1.0,3.0,75118,M,4889250.0,234429.0,75
201700057101,17,10,19,1500,1,2,1,1.0,6.0,75118,M,4888490.0,236000.0,75
201700057102,17,10,23,1625,1,2,7,3.0,6.0,75118,M,4889560.0,234626.0,75
201700057103,17,10,24,1020,1,2,1,3.0,6.0,75117,M,4888690.0,232584.0,75
201700057104,17,10,26,1405,1,2,2,8.0,3.0,75118,M,4889110.0,234428.0,75
201700057105,17,10,27,1309,1,2,1,1.0,3.0,75118,M,4889130.0,236882.0,75
201700057106,17,10,27,1345,1,2,1,1.0,6.0,75118,M,4888840.0,235609.0,75
201700057107,17,10,30,1345,1,2,4,1.0,6.0,75118,M,4890050.0,234411.0,75
201700057108,17,10,31,920,1,2,1,1.0,3.0,75118,M,4889410.0,234754.0,75
201700057109,17,11,1,405,5,2,1,1.0,6.0,75118,M,4888420.0,233131.0,75
201700057110,17,11,2,1845,5,2,2,1.0,3.0,75118,M,4889820.0,235248.0,75
201700057111,17,11,3,1245,1,2,2,1.0,6.0,75118,M,4889850.0,235243.0,75
201700057112,17,11,6,815,1,2,1,1.0,3.0,75118,M,4889660.0,237034.0,75
201700057113,17,11,7,745,1,2,1,1.0,6.0,75118,M,4888550.0,234735.0,75
201700057114,17,11,7,1440,1,2,3,1.0,6.0,75118,M,4889520.0,232817.0,75
201700057115,17,11,8,1630,1,2,4,1.0,3.0,75118,M,4888550.0,234946.0,75
201700057116,17,11,9,1800,5,2,2,1.0,6.0,75118,M,4888480.0,235932.0,75
201700057117,17,11,12,117,5,2,2,2.0,3.0,75118,M,4889270.0,234008.0,75
201700057118,17,11,11,2330,5,2,1,2.0,6.0,75118,M,4890030.0,234411.0,75
201700057119,17,11,11,2335,5,2,1,2.0,6.0,75118,M,4890020.0,234411.0,75
201700057120,17,11,12,1230,1,2,1,2.0,6.0,75118,M,4888780.0,234955.0,75
201700057121,17,11,13,1405,1,2,1,1.0,6.0,75118,M,4888760.0,236713.0,75
201700057122,17,11,14,1150,1,2,1,1.0,6.0,75118,M,4889300.0,234527.0,75
201700057123,17,11,14,1345,1,2,5,1.0,2.0,75118,M,4888660.0,233262.0,75
201700057124,17,11,14,1805,5,2,2,1.0,6.0,75118,M,4889100.0,233147.0,75
201700057125,17,11,14,1910,5,2,4,1.0,6.0,75118,M,4888570.0,233121.0,75
201700057126,17,11,15,1245,1,2,2,1.0,6.0,75118,M,4889870.0,235905.0,75
201700057127,17,11,15,2030,3,2,1,1.0,2.0,75118,M,4890090.0,233525.0,75
201700057128,17,11,18,1315,1,2,3,8.0,3.0,75118,M,4888730.0,234955.0,75
201700057129,17,11,20,220,5,2,7,1.0,6.0,75118,M,4889530.0,235964.0,75
201700057130,17,11,21,840,1,2,5,8.0,3.0,75118,M,4888730.0,234955.0,75
201700057131,17,11,21,820,1,2,5,1.0,7.0,75118,M,4888980.0,234293.0,75
201700057132,17,11,22,615,5,2,2,1.0,6.0,75118,M,4888370.0,234353.0,75
201700057133,17,11,22,1125,1,2,2,1.0,6.0,75118,M,4889840.0,235906.0,75
201700057134,17,11,22,1530,1,2,4,1.0,6.0,75118,M,4889080.0,235987.0,75
201700057135,17,11,9,1025,1,2,2,1.0,6.0,75118,M,4889930.0,234409.0,75
201700057136,17,11,23,1240,1,2,3,1.0,6.0,75118,M,4889840.0,233683.0,75
201700057137,17,11,23,1345,1,2,3,1.0,6.0,75118,M,4888890.0,235455.0,75
201700057138,17,11,24,1820,2,2,4,1.0,3.0,75118,M,4888890.0,234647.0,75
201700057139,17,11,25,2030,5,2,3,1.0,3.0,75118,M,4888730.0,234955.0,75
201700057140,17,11,26,1100,1,2,2,1.0,3.0,75118,M,4889870.0,235905.0,75
201700057141,17,11,26,2050,5,2,1,1.0,7.0,75118,M,4888500.0,234948.0,75
201700057142,17,11,30,1335,1,2,4,1.0,6.0,75118,M,4889730.0,233798.0,75
201700057143,17,11,30,1945,5,2,3,8.0,6.0,75118,M,4888470.0,233358.0,75
201700057144,17,12,1,750,2,2,3,2.0,6.0,75118,M,4888910.0,235988.0,75
201700057145,17,12,1,1245,1,2,1,1.0,6.0,75118,M,4889710.0,234506.0,75
201700057146,17,12,2,1445,1,2,3,8.0,1.0,75118,M,4889030.0,233574.0,75
201700057147,17,12,4,1220,1,2,2,1.0,3.0,75118,M,4889170.0,234460.0,75
201700057148,17,12,4,1230,1,2,1,2.0,6.0,75118,M,4888520.0,234948.0,75
201700057149,17,12,6,1315,1,2,3,1.0,6.0,75118,M,4888660.0,232598.0,75
201700057150,17,12,8,1425,1,2,2,2.0,3.0,75118,M,4889870.0,235905.0,75
201700057151,17,12,9,1645,2,2,3,1.0,6.0,75118,M,4889640.0,234357.0,75
201700057152,17,12,10,1715,5,2,1,3.0,3.0,75118,M,4888850.0,234757.0,75
201700057153,17,12,11,1035,1,2,3,2.0,6.0,75117,M,4889300.0,232739.0,75
201700057154,17,12,11,1850,2,2,1,8.0,6.0,75118,M,4888970.0,233970.0,75
201700057155,17,12,13,715,5,2,5,2.0,6.0,75118,M,4889420.0,233255.0,75
201700057156,17,12,13,800,5,2,2,2.0,3.0,75118,M,4890040.0,232989.0,75
201700057157,17,12,13,930,2,2,3,3.0,7.0,75118,M,4888260.0,234190.0,75
201700057158,17,12,13,910,1,2,3,2.0,6.0,75118,M,4889610.0,233810.0,75
201700057159,17,12,14,1225,1,2,1,8.0,6.0,75118,M,4888620.0,234951.0,75
201700057160,17,12,14,1650,2,2,5,3.0,6.0,75118,M,4889120.0,233960.0,75
201700057161,17,12,15,925,1,2,5,8.0,7.0,75118,M,4888460.0,232950.0,75
201700057162,17,12,15,1425,1,2,2,2.0,6.0,75118,M,4889360.0,235100.0,75
201700057163,17,12,15,2045,5,2,2,2.0,6.0,75118,M,4889360.0,233637.0,75
201700057164,17,12,17,846,2,2,1,1.0,3.0,75118,M,4889370.0,233303.0,75
201700057165,17,12,17,2100,5,2,2,2.0,6.0,75118,M,4889920.0,233624.0,75
201700057166,17,12,18,1545,1,2,7,1.0,3.0,75118,M,4889550.0,235929.0,75
201700057167,17,12,20,1150,1,2,3,1.0,2.0,75118,M,4888420.0,234946.0,75
201700057168,17,12,21,1426,1,2,1,8.0,1.0,75118,M,4889370.0,236454.0,75
201700057169,17,12,21,1720,2,2,3,2.0,3.0,75118,M,4888630.0,232612.0,75
201700057170,17,12,21,2150,5,2,3,1.0,3.0,75118,M,4888660.0,232598.0,75
201700057171,17,12,23,2300,5,2,1,1.0,6.0,75118,M,4888440.0,233973.0,75
201700057172,17,12,24,1930,5,2,7,2.0,3.0,75119,M,4890090.0,237027.0,75
201700057173,17,12,30,2000,5,2,4,1.0,6.0,75118,M,4888500.0,234726.0,75
201700057174,17,12,31,1910,5,2,2,1.0,3.0,75118,M,4889170.0,234460.0,75
201700057175,17,1,4,920,1,2,1,1.0,6.0,75119,M,4889320.0,238030.0,75
201700057176,17,1,5,802,1,2,7,1.0,3.0,75110,M,4887840.0,237025.0,75
201700057177,17,1,6,1900,2,2,3,1.0,6.0,75119,M,4887650.0,237212.0,75
201700057178,17,1,8,1610,1,2,1,1.0,6.0,75119,M,4888540.0,238031.0,75
201700057179,17,1,12,1000,1,2,1,2.0,6.0,75119,M,4890140.0,238842.0,75