Num_Acc,an,mois,jour,hrmn,lum,agg,int,atm,col,com,gps,lat,long,dep
201700057180,17,1,12,1230,1,2,3,2.0,2.0,75119,M,4888730.0,236704.0,75
201700057181,17,1,12,1505,1,2,5,2.0,3.0,75119,M,4889580.0,238357.0,75
201700057182,17,1,12,1730,5,2,3,1.0,6.0,75119,M,4889000.0,238741.0,75
201700057183,17,1,13,305,5,2,7,1.0,6.0,75119,M,4889980.0,238781.0,75
201700057184,17,1,21,2030,5,2,5,1.0,3.0,75119,M,4889050.0,237686.0,75
201700057185,17,1,23,1000,1,2,1,1.0,6.0,75119,M,4888870.0,239791.0,75
201700057186,17,1,24,1540,1,2,1,1.0,6.0,75119,M,4888720.0,237277.0,75
201700057187,17,1,25,445,5,2,1,1.0,1.0,75119,M,4887650.0,240442.0,75
201700057188,17,1,28,10,5,2,7,1.0,6.0,75110,M,4887770.0,237054.0,75
201700057189,17,1,30,930,1,2,1,2.0,6.0,75119,M,4889440.0,237270.0,75
201700057190,17,2,1,1740,5,2,1,1.0,6.0,75118,M,4889460.0,235939.0,75
201700057191,17,2,1,2000,5,2,1,1.0,2.0,75119,M,4887620.0,240322.0,75
201700057192,17,2,2,30,5,2,7,1.0,3.0,75119,M,4889980.0,238781.0,75
201700057193,17,2,2,1500,1,2,2,2.0,6.0,75119,M,4889230.0,237910.0,75
201700057194,17,2,2,1950,5,2,1,1.0,6.0,75119,M,4888890.0,239341.0,75
201700057195,17,2,3,1635,1,2,3,2.0,6.0,75119,M,4888720.0,238714.0,75
201700057196,17,2,4,1830,2,2,7,2.0,6.0,75119,M,4887830.0,237062.0,75
201700057197,17,2,4,1710,2,2,1,2.0,6.0,75119,M,4889780.0,237030.0,75
201700057198,17,2,5,2130,5,2,1,8.0,2.0,75112,M,4883720.0,241272.0,75
201700057199,17,2,6,830,1,2,1,1.0,3.0,75110,M,4887630.0,236495.0,75
201700057200,17,2,8,1408,1,2,1,1.0,6.0,75119,M,4888480.0,237806.0,75
201700057201,17,2,9,1325,1,2,3,1.0,6.0,75119,M,4889880.0,237724.0,75
201700057202,17,2,11,40,5,2,1,1.0,2.0,75119,M,4888890.0,239373.0,75
201700057203,17,2,11,1805,2,2,3,8.0,3.0,75119,M,4888860.0,237919.0,75
201700057204,17,2,13,1930,5,2,5,1.0,6.0,75119,M,4887390.0,238529.0,75
201700057205,17,2,14,900,1,2,1,2.0,7.0,75119,M,4887360.0,238392.0,75
201700057206,17,2,15,1220,1,2,1,1.0,2.0,75119,M,4887610.0,238076.0,75
201700057207,17,2,15,2005,5,2,2,1.0,6.0,75119,M,4888330.0,239492.0,75
201700057208,17,2,16,1415,1,2,1,1.0,6.0,75119,M,4889250.0,238100.0,75
201700057209,17,2,16,1855,5,2,2,2.0,6.0,75119,M,4889430.0,238170.0,75
201700057210,17,2,16,1945,5,2,7,1.0,6.0,75119,M,4888250.0,238170.0,75
201700057211,17,2,17,1440,1,2,2,1.0,3.0,75119,M,4889530.0,237189.0,75
201700057212,17,2,21,2020,5,2,1,1.0,6.0,75119,M,4888930.0,239663.0,75
201700057213,17,2,22,110,5,2,7,1.0,3.0,75119,M,4888280.0,237033.0,75
201700057214,17,2,23,835,1,2,2,1.0,7.0,75119,M,4889530.0,237189.0,75
201700057215,17,2,23,1302,1,2,2,1.0,6.0,75119,M,4888780.0,238925.0,75
201700057216,17,2,23,1540,1,2,1,2.0,6.0,75119,M,4887300.0,238061.0,75
201700057217,17,2,24,1645,1,2,3,8.0,6.0,75119,M,4888430.0,236914.0,75
201700057218,17,2,28,820,1,2,1,8.0,3.0,75119,M,4889520.0,239414.0,75
201700057219,17,2,28,1605,1,2,4,1.0,6.0,75119,M,4890210.0,238491.0,75
201700057220,17,3,1,2010,5,2,1,2.0,3.0,75119,M,4888950.0,236974.0,75
201700057221,17,3,4,1615,1,2,1,3.0,6.0,75119,M,4887910.0,238319.0,75
201700057222,17,3,7,1005,1,2,3,1.0,3.0,75119,M,4888020.0,239860.0,75
201700057223,17,3,7,1015,1,2,1,1.0,3.0,75119,M,4888360.0,238924.0,75
201700057224,17,3,8,600,5,2,7,3.0,6.0,75119,M,4890030.0,238694.0,75
201700057225,17,3,8,555,2,2,2,2.0,3.0,75119,M,4890120.0,238942.0,75
201700057226,17,3,9,2250,5,2,1,1.0,6.0,75120,M,4887010.0,240297.0,75
201700057227,17,3,11,1850,5,2,7,1.0,2.0,75119,M,4890100.0,238813.0,75
201700057228,17,3,12,1210,1,2,2,1.0,6.0,75119,M,4888420.0,238419.0,75
201700057229,17,3,12,1650,1,2,1,1.0,3.0,75119,M,4888690.0,237239.0,75
201700057230,17,3,12,1825,1,2,1,1.0,6.0,75119,M,4887800.0,239129.0,75
201700057231,17,3,13,1615,1,2,1,1.0,3.0,75119,M,4888250.0,239379.0,75
201700057232,17,3,13,2130,5,2,5,1.0,2.0,75119,M,4888930.0,237125.0,75
201700057233,17,3,14,933,1,2,1,1.0,6.0,75119,M,4888050.0,240588.0,75
201700057234,17,3,14,1330,1,2,2,1.0,3.0,75119,M,4888620.0,239647.0,75
201700057235,17,3,14,1645,1,2,1,1.0,6.0,75119,M,4887880.0,237106.0,75
201700057236,17,3,14,1835,1,2,7,1.0,3.0,75119,M,4888640.0,239395.0,75
201700057237,17,3,14,1850,2,2,1,1.0,3.0,75119,M,4889660.0,239410.0,75
201700057238,17,3,17,1410,1,2,3,1.0,6.0,75119,M,4889110.0,237761.0,75
201700057239,17,3,18,1300,1,2,3,1.0,6.0,75118,M,4889570.0,237135.0,75
201700057240,17,3,20,1210,1,2,1,8.0,6.0,75119,M,4888110.0,237039.0,75
201700057241,17,3,21,948,1,2,1,1.0,3.0,75119,M,4888930.0,239554.0,75
201700057242,17,3,22,1745,2,2,2,1.0,1.0,75119,M,4888850.0,239190.0,75
201700057243,17,3,24,820,1,2,1,2.0,6.0,75119,M,4887860.0,239721.0,75
201700057244,17,3,25,1545,1,2,2,1.0,4.0,75119,M,4889480.0,238230.0,75
201700057245,17,3,29,1645,1,2,3,1.0,3.0,75119,M,4889570.0,237135.0,75
201700057246,17,3,30,2135,5,2,1,1.0,4.0,75119,M,4888300.0,238608.0,75
201700057247,17,3,31,2050,5,2,5,1.0,6.0,75119,M,4887560.0,238184.0,75
201700057248,17,4,2,1930,1,2,2,1.0,6.0,75119,M,4888430.0,239570.0,75
201700057249,17,4,3,1100,1,2,4,1.0,3.0,75119,M,4888420.0,238419.0,75
201700057250,17,4,4,1925,1,2,1,1.0,3.0,75119,M,4887800.0,239129.0,75
201700057251,17,4,5,950,1,2,7,1.0,6.0,75119,M,4888990.0,239559.0,75
201700057252,17,4,5,1330,1,2,4,1.0,6.0,75119,M,4888460.0,239196.0,75
201700057253,17,4,6,1658,1,2,2,1.0,6.0,75119,M,4887860.0,240008.0,75
201700057254,17,4,8,235,5,2,1,1.0,6.0,75119,M,4888320.0,236920.0,75
201700057255,17,4,8,1325,1,2,2,1.0,6.0,75119,M,4889480.0,238230.0,75
201700057256,17,4,8,1925,1,2,4,1.0,6.0,75119,M,4888270.0,238990.0,75
201700057257,17,4,10,1734,1,2,5,1.0,3.0,75119,M,4888620.0,239647.0,75
201700057258,17,4,11,20,5,2,2,1.0,6.0,75118,M,4889870.0,237027.0,75
201700057259,17,4,11,810,1,2,3,1.0,3.0,75119,M,4888880.0,239312.0,75
201700057260,17,4,14,1800,1,2,2,1.0,3.0,75119,M,4888360.0,239704.0,75
201700057261,17,4,17,1910,1,2,1,1.0,3.0,75119,M,4889550.0,238314.0,75
201700057262,17,4,20,819,1,2,1,1.0,6.0,75119,M,4888270.0,239014.0,75
201700057263,17,4,21,1010,1,2,1,1.0,6.0,75119,M,4887670.0,237458.0,75
201700057264,17,4,21,1904,2,2,4,1.0,3.0,75119,M,4889020.0,239656.0,75
201700057265,17,4,21,2115,2,2,1,1.0,3.0,75119,M,4887570.0,240080.0,75
201700057266,17,4,22,1140,1,2,1,1.0,6.0,75119,M,4887230.0,237783.0,75
201700057267,17,4,22,2320,5,2,3,1.0,6.0,75119,M,4889300.0,238006.0,75
201700057268,17,4,23,1100,1,2,3,8.0,6.0,75119,M,4888700.0,238631.0,75
201700057269,17,4,23,1725,1,2,3,1.0,6.0,75119,M,4888080.0,237039.0,75
201700057270,17,4,23,1930,2,2,7,1.0,3.0,75119,M,4890090.0,237027.0,75
201700057271,17,4,24,859,1,2,3,1.0,6.0,75119,M,4887640.0,239308.0,75
201700057272,17,4,24,1030,1,2,1,1.0,6.0,75119,M,4888100.0,237796.0,75
201700057273,17,4,24,1430,1,2,7,1.0,3.0,75119,M,4887790.0,240821.0,75
201700057274,17,4,24,2130,5,2,1,1.0,6.0,75119,M,4888880.0,239572.0,75
201700057275,17,4,25,810,1,2,2,2.0,2.0,75119,M,4887510.0,238935.0,75
201700057276,17,4,26,1825,1,2,2,8.0,6.0,75119,M,4887280.0,237981.0,75
201700057277,17,4,27,1945,2,2,1,1.0,6.0,75119,M,4888620.0,239069.0,75
201700057278,17,4,28,1130,1,2,4,2.0,3.0,75119,M,4888460.0,239196.0,75
201700057279,17,4,28,1145,1,2,3,8.0,6.0,75119,M,4887640.0,237685.0,75
201700057280,17,4,30,1400,1,2,1,1.0,3.0,75119,M,4888670.0,238507.0,75
201700057281,17,5,2,2010,1,2,1,1.0,3.0,75119,M,4888920.0,239387.0,75
201700057282,17,5,5,620,1,2,2,1.0,3.0,75119,M,4889870.0,237027.0,75
201700057283,17,5,6,1100,1,2,3,2.0,6.0,75119,M,4888720.0,238714.0,75
201700057284,17,5,6,1640,1,2,2,2.0,6.0,75119,M,4888430.0,236761.0,75
201700057285,17,5,7,1225,1,2,2,2.0,5.0,75119,M,4887830.0,237304.0,75
201700057286,17,5,9,1,5,2,2,1.0,3.0,75110,M,4887320.0,236421.0,75
201700057287,17,5,9,1510,1,2,1,1.0,6.0,75119,M,4889120.0,237771.0,75
201700057288,17,5,10,1655,1,2,1,1.0,3.0,75119,M,4889560.0,237269.0,75
201700057289,17,5,11,845,1,2,7,1.0,3.0,75119,M,4888960.0,239712.0,75
201700057290,17,5,13,2220,5,2,4,1.0,6.0,75119,M,4888460.0,239196.0,75
201700057291,17,5,14,1130,1,2,7,1.0,6.0,75119,M,4888410.0,236886.0,75
201700057292,17,5,15,1455,1,2,2,1.0,6.0,75119,M,4889220.0,237505.0,75
201700057293,17,5,17,1135,1,2,1,1.0,6.0,75119,M,4889050.0,237872.0,75
201700057294,17,5,18,1140,1,2,3,1.0,3.0,75119,M,4889330.0,237311.0,75
201700057295,17,5,18,1720,1,2,1,1.0,3.0,75119,M,4888280.0,239885.0,75
201700057296,17,5,18,1805,1,2,3,1.0,6.0,75119,M,4889060.0,237641.0,75
201700057297,17,5,19,1810,1,2,3,1.0,6.0,75119,M,4889420.0,237012.0,75
201700057298,17,5,20,1605,1,2,2,1.0,3.0,75119,M,4889980.0,237022.0,75
201700057299,17,5,20,1855,1,2,2,1.0,3.0,75119,M,4887520.0,239533.0,75
201700057300,17,5,21,2215,5,2,1,1.0,4.0,75119,M,4888530.0,237038.0,75
201700057301,17,5,22,1820,1,2,1,1.0,3.0,75119,M,4889130.0,236879.0,75
201700057302,17,5,24,940,1,2,1,1.0,2.0,75119,M,4889330.0,237715.0,75
201700057303,17,5,25,1130,1,2,7,1.0,6.0,75119,M,4887290.0,237620.0,75
201700057304,17,5,25,2330,5,2,1,1.0,6.0,75119,M,4887650.0,240416.0,75
201700057305,17,5,26,1015,1,2,1,1.0,2.0,75119,M,4889250.0,237465.0,75
201700057306,17,5,26,1045,1,2,1,1.0,3.0,75119,M,4889870.0,237275.0,75
201700057307,17,5,26,1645,1,2,1,1.0,4.0,75119,M,4888650.0,237187.0,75
201700057308,17,5,26,2330,5,2,1,1.0,6.0,75119,M,4888080.0,237393.0,75
201700057309,17,5,30,1855,1,2,1,1.0,6.0,75119,M,4888540.0,237496.0,75
201700057310,17,5,30,2000,1,2,1,1.0,2.0,75119,M,4889670.0,239280.0,75
201700057311,17,5,31,1535,1,2,7,1.0,6.0,75119,M,4890080.0,238890.0,75
201700057312,17,6,1,1020,1,2,3,1.0,6.0,75119,M,4888940.0,238091.0,75
201700057313,17,6,2,15,5,2,2,1.0,6.0,75119,M,4887950.0,238953.0,75
201700057314,17,6,2,1540,1,2,7,1.0,6.0,75119,M,4890080.0,238696.0,75
201700057315,17,6,3,1820,1,2,1,2.0,3.0,75119,M,4888380.0,237394.0,75
201700057316,17,6,3,2035,1,2,3,2.0,2.0,75119,M,4888360.0,237331.0,75
201700057317,17,6,5,1645,1,2,1,1.0,6.0,75119,M,4888220.0,239222.0,75
201700057318,17,6,5,2345,5,2,5,8.0,6.0,75119,M,4888410.0,236886.0,75
201700057319,17,6,6,800,1,2,1,1.0,3.0,75119,M,4888220.0,237101.0,75
201700057320,17,6,7,745,1,2,3,1.0,3.0,75119,M,4888720.0,238714.0,75
201700057321,17,6,8,220,5,2,5,1.0,3.0,75119,M,4888320.0,238791.0,75
201700057322,17,6,8,1500,1,2,2,1.0,3.0,75119,M,4889430.0,238170.0,75
201700057323,17,6,11,35,5,2,1,1.0,3.0,75119,M,4888270.0,238316.0,75
201700057324,17,6,11,2310,5,2,1,1.0,3.0,75119,M,4888840.0,239157.0,75
201700057325,17,6,13,2050,1,2,3,1.0,6.0,75119,M,4889200.0,237257.0,75
201700057326,17,6,14,1710,1,2,1,1.0,6.0,75119,M,4888310.0,238640.0,75
201700057327,17,6,15,1950,1,2,7,1.0,6.0,75119,M,4889980.0,238781.0,75
201700057328,17,6,20,1948,1,2,7,1.0,3.0,75119,M,4890080.0,238696.0,75
201700057329,17,6,21,613,1,2,1,1.0,1.0,75119,M,4887370.0,238470.0,75
201700057330,17,6,21,1955,1,2,1,9.0,7.0,75119,M,4888470.0,239446.0,75
201700057331,17,6,22,220,5,2,1,1.0,7.0,75119,M,4888490.0,237825.0,75
201700057332,17,6,22,740,1,2,3,1.0,6.0,75118,M,4889690.0,233829.0,75
201700057333,17,6,23,1904,2,2,3,1.0,6.0,75119,M,4889880.0,237724.0,75
201700057334,17,6,25,1430,1,2,3,1.0,3.0,75119,M,4888450.0,237692.0,75
201700057335,17,6,25,2030,1,2,5,1.0,3.0,75119,M,4889370.0,237331.0,75
201700057336,17,6,26,1715,1,2,1,1.0,2.0,75119,M,4889780.0,237030.0,75
201700057337,17,6,28,2155,2,2,2,1.0,3.0,75119,M,4888590.0,238220.0,75
201700057338,17,6,28,2305,5,2,1,1.0,2.0,75119,M,4888340.0,238895.0,75
201700057339,17,6,30,225,5,2,7,1.0,6.0,75119,M,4888410.0,236886.0,75
201700057340,17,6,30,850,1,2,2,1.0,3.0,75119,M,4888600.0,239808.0,75
201700057341,17,7,2,1900,2,2,1,1.0,3.0,75119,M,4888900.0,237497.0,75
201700057342,17,7,4,210,5,2,1,1.0,6.0,75119,M,4889540.0,238305.0,75
201700057343,17,7,5,730,1,2,1,1.0,3.0,75119,M,4887570.0,240060.0,75
201700057344,17,7,5,1700,1,2,5,1.0,6.0,75119,M,4889370.0,237331.0,75
201700057345,17,7,7,1700,1,2,7,1.0,3.0,75119,M,4889020.0,239656.0,75
201700057346,17,7,8,540,2,2,4,1.0,6.0,75119,M,4887690.0,237428.0,75
201700057347,17,7,9,250,5,2,2,1.0,3.0,75119,M,4887840.0,237423.0,75
201700057348,17,7,9,2240,5,2,3,3.0,6.0,75119,M,4889880.0,238684.0,75
201700057349,17,7,10,1052,1,2,3,2.0,3.0,75119,M,4888760.0,238032.0,75
201700057350,17,7,17,1700,1,2,1,1.0,6.0,75119,M,4888820.0,237645.0,75
201700057351,17,7,17,1930,1,2,1,1.0,3.0,75119,M,4887980.0,237041.0,75
201700057352,17,7,21,1410,1,2,3,1.0,3.0,75119,M,4888880.0,239312.0,75
201700057353,17,7,21,1530,1,2,1,1.0,1.0,75119,M,4888070.0,237992.0,75
201700057354,17,7,21,1640,1,2,3,1.0,6.0,75119,M,4888570.0,236837.0,75
201700057355,17,7,22,20,5,2,1,1.0,6.0,75119,M,4887840.0,239901.0,75
201700057356,17,7,22,1940,1,2,5,2.0,3.0,75119,M,4889060.0,237641.0,75
201700057357,17,7,25,1500,1,2,1,1.0,3.0,75119,M,4888540.0,238461.0,75
201700057358,17,7,27,1818,1,2,1,1.0,3.0,75119,M,4887410.0,238400.0,75
201700057359,17,7,28,1630,1,2,4,1.0,3.0,75119,M,4890030.0,238694.0,75
201700057360,17,7,28,2044,2,2,1,1.0,6.0,75119,M,4889880.0,237555.0,75
201700057361,17,7,30,1330,1,2,1,1.0,3.0,75119,M,4888290.0,237273.0,75
201700057362,17,8,1,1900,1,2,2,1.0,6.0,75119,M,4888040.0,239673.0,75
201700057363,17,8,1,1955,1,2,3,1.0,6.0,75119,M,4889820.0,238619.0,75
201700057364,17,8,2,1640,1,2,1,1.0,6.0,75119,M,4887360.0,238407.0,75
201700057365,17,8,3,1750,1,2,1,1.0,6.0,75119,M,4887600.0,237266.0,75
201700057366,17,8,3,1904,1,2,1,1.0,6.0,75119,M,4889890.0,238100.0,75
201700057367,17,8,7,1715,1,2,1,1.0,6.0,75119,M,4887690.0,237166.0,75
201700057368,17,8,8,1845,1,2,1,1.0,6.0,75119,M,4888840.0,236744.0,75
201700057369,17,8,10,620,2,2,1,8.0,3.0,75119,M,4887300.0,238078.0,75
201700057370,17,8,11,1450,1,2,3,1.0,6.0,75119,M,4887530.0,237862.0,75
201700057371,17,8,13,1805,1,2,1,1.0,6.0,75119,M,4889880.0,238354.0,75
201700057372,17,8,13,1300,1,2,3,1.0,2.0,75119,M,4888640.0,239281.0,75
201700057373,17,8,20,1720,1,2,3,1.0,6.0,75119,M,4888710.0,237548.0,75
201700057374,17,8,22,2005,1,2,3,1.0,6.0,75119,M,4888400.0,237783.0,75
201700057375,17,8,23,1434,1,2,1,1.0,7.0,75119,M,4888890.0,237479.0,75
201700057376,17,8,24,1800,1,2,2,1.0,6.0,75119,M,4889220.0,237505.0,75
201700057377,17,8,26,1800,1,2,6,1.0,6.0,75119,M,4889580.0,237930.0,75
201700057378,17,8,28,1755,1,2,1,1.0,6.0,75119,M,4888800.0,237377.0,75
201700057379,17,8,28,1915,1,2,1,1.0,6.0,75119,M,4888330.0,237221.0,75
201700057380,17,8,28,1917,1,2,3,1.0,3.0,75119,M,4888320.0,238106.0,75
201700057381,17,8,29,955,1,2,7,1.0,3.0,75119,M,4887770.0,237054.0,75
201700057382,17,8,29,1945,1,2,1,1.0,6.0,75119,M,4888940.0,237045.0,75
201700057383,17,8,31,1200,1,2,1,1.0,7.0,75119,M,4888160.0,240209.0,75
201700057384,17,8,31,1700,1,2,3,1.0,6.0,75119,M,4888860.0,237919.0,75
201700057385,17,9,1,450,5,2,2,1.0,6.0,75110,M,4888430.0,236461.0,75
201700057386,17,9,4,1810,1,2,7,8.0,2.0,75119,M,4888910.0,237853.0,75
201700057387,17,9,5,1400,1,2,3,1.0,6.0,75119,M,4887610.0,239469.0,75
201700057388,17,9,6,1600,1,2,1,1.0,3.0,75119,M,4888830.0,239139.0,75
201700057389,17,9,7,358,5,2,5,1.0,2.0,75110,M,4886970.0,235262.0,75
201700057390,17,9,8,1000,1,2,2,1.0,6.0,75119,M,4889230.0,237910.0,75
201700057391,17,9,9,225,5,2,1,2.0,3.0,75119,M,4889620.0,239342.0,75
201700057392,17,9,10,2100,5,2,3,1.0,6.0,75119,M,4887500.0,238261.0,75
201700057393,17,9,12,2110,5,2,3,1.0,6.0,75119,M,4889110.0,237761.0,75
201700057394,17,9,13,2045,5,2,7,3.0,6.0,75119,M,4888980.0,239716.0,75
201700057395,17,9,14,1415,1,2,2,2.0,3.0,75119,M,4889330.0,237311.0,75
201700057396,17,9,15,1730,2,2,1,1.0,2.0,75119,M,4888600.0,239745.0,75
201700057397,17,9,15,2000,5,2,5,1.0,6.0,75119,M,4887390.0,238529.0,75
201700057398,17,9,18,1135,1,2,2,1.0,2.0,75119,M,4888360.0,239704.0,75
201700057399,17,9,22,1115,1,2,3,1.0,6.0,75119,M,4887520.0,238229.0,75
201700057400,17,9,22,1617,1,2,3,1.0,6.0,75119,M,4889880.0,237724.0,75
201700057401,17,9,23,1215,1,2,3,1.0,3.0,75119,M,4888100.0,238920.0,75
201700057402,17,9,25,1255,1,2,3,1.0,6.0,75119,M,4888600.0,238901.0,75
201700057403,17,9,26,1740,1,2,1,1.0,2.0,75119,M,4889570.0,239436.0,75
201700057404,17,9,27,1258,1,2,1,1.0,6.0,75119,M,4889010.0,237741.0,75
201700057405,17,9,27,1713,1,2,2,1.0,6.0,75119,M,4888430.0,236761.0,75
201700057406,17,9,28,830,1,2,1,2.0,5.0,75119,M,4889180.0,239831.0,75
201700057407,17,9,28,1420,5,2,1,1.0,6.0,75119,M,4889660.0,239307.0,75
201700057408,17,9,29,1800,1,2,1,1.0,6.0,75119,M,4888930.0,238931.0,75
201700057409,17,10,1,630,5,2,3,1.0,6.0,75119,M,4888360.0,237331.0,75
201700057410,17,10,3,1615,1,2,1,1.0,6.0,75119,M,4889850.0,238651.0,75
201700057411,17,10,6,2030,5,2,3,1.0,6.0,75119,M,4887970.0,237674.0,75
201700057412,17,10,7,2055,5,2,1,2.0,2.0,75119,M,4889320.0,236969.0,75
201700057413,17,10,8,1430,1,2,1,1.0,3.0,75119,M,4887860.0,240206.0,75
201700057414,17,10,10,1505,1,2,1,1.0,6.0,75119,M,4889350.0,237320.0,75
201700057415,17,10,11,2250,5,2,2,1.0,6.0,75119,M,4889870.0,237027.0,75
201700057416,17,10,14,130,5,2,1,1.0,3.0,75118,M,4888370.0,232774.0,75
201700057417,17,10,15,1100,1,2,7,1.0,2.0,75119,M,4890030.0,238694.0,75
201700057418,17,10,17,1605,1,2,1,1.0,6.0,75119,M,4888710.0,238470.0,75
201700057419,17,10,17,1840,1,2,2,6.0,6.0,75119,M,4889230.0,237910.0,75
201700057420,17,10,17,2030,5,2,2,1.0,3.0,75119,M,4887950.0,238953.0,75
201700057421,17,10,17,1245,1,2,3,1.0,7.0,75119,M,4887550.0,239913.0,75
201700057422,17,10,19,2340,5,2,5,1.0,6.0,75119,M,4888930.0,238367.0,75
201700057423,17,10,20,2020,5,2,1,1.0,3.0,75119,M,4888610.0,237142.0,75
201700057424,17,10,22,2003,5,2,3,2.0,6.0,75119,M,4888530.0,238092.0,75
201700057425,17,10,23,1120,1,2,1,8.0,6.0,75120,M,4887220.0,237760.0,75
201700057426,17,10,23,1555,1,2,3,2.0,1.0,75119,M,4888460.0,239196.0,75
201700057427,17,10,24,745,5,2,1,2.0,6.0,75119,M,4889890.0,238100.0,75
201700057428,17,10,25,755,1,2,1,2.0,2.0,75119,M,4887870.0,240088.0,75
201700057429,17,10,25,1100,1,2,2,1.0,6.0,75119,M,4888930.0,237125.0,75
201700057430,17,10,25,1045,1,2,1,1.0,6.0,75119,M,4887950.0,237041.0,75
201700057431,17,10,26,1,5,2,4,1.0,2.0,75119,M,4889270.0,239550.0,75
201700057432,17,10,26,300,5,2,2,1.0,3.0,75120,M,4886470.0,240416.0,75
201700057433,17,10,26,855,1,2,2,1.0,6.0,75119,M,4889230.0,237910.0,75
201700057434,17,10,29,2145,5,2,4,1.0,6.0,75119,M,4888620.0,239647.0,75
201700057435,17,11,2,940,1,2,1,1.0,3.0,75119,M,4889390.0,238116.0,75
201700057436,17,11,2,900,1,2,3,1.0,6.0,75119,M,4889510.0,238273.0,75
201700057437,17,11,5,1300,1,2,1,1.0,6.0,75119,M,4889550.0,238314.0,75
201700057438,17,11,6,950,1,2,1,1.0,6.0,75119,M,4890040.0,237436.0,75
201700057439,17,11,6,1317,1,2,1,1.0,3.0,75119,M,4888740.0,238762.0,75
201700057440,17,11,6,1600,1,2,3,1.0,6.0,75119,M,4888730.0,237290.0,75
201700057441,17,11,9,1835,5,2,7,1.0,3.0,75119,M,4888620.0,239647.0,75
201700057442,17,11,11,910,1,2,1,2.0,6.0,75119,M,4890030.0,237571.0,75
201700057443,17,11,12,1300,1,2,4,2.0,3.0,75119,M,4890100.0,237163.0,75
201700057444,17,11,14,1700,1,2,2,1.0,3.0,75119,M,4888990.0,239559.0,75
201700057445,17,11,14,1830,5,2,1,1.0,3.0,75119,M,4888200.0,237149.0,75
201700057446,17,11,14,2015,5,2,1,1.0,3.0,75119,M,4888680.0,238552.0,75
201700057447,17,11,15,1215,1,2,3,2.0,3.0,75119,M,4889480.0,238230.0,75
201700057448,17,11,18,2010,5,2,2,1.0,6.0,75118,M,4888970.0,236807.0,75
201700057449,17,11,19,1800,5,2,1,1.0,2.0,75119,M,4888600.0,239838.0,75
201700057450,17,11,20,1700,5,2,1,1.0,6.0,75119,M,4887990.0,238910.0,75
201700057451,17,11,20,1805,5,2,1,1.0,6.0,75119,M,4888330.0,237217.0,75
201700057452,17,11,21,1825,5,2,1,1.0,2.0,75119,M,4889500.0,238256.0,75
201700057453,17,11,21,2230,5,2,1,1.0,3.0,75119,M,4888890.0,239341.0,75
201700057454,17,11,22,1018,1,2,2,1.0,7.0,75119,M,4888120.0,237325.0,75
201700057455,17,11,22,1405,1,2,1,1.0,7.0,75119,M,4888290.0,237094.0,75
201700057456,17,11,24,1415,1,2,3,8.0,6.0,75119,M,4887620.0,238132.0,75
201700057457,17,11,27,1135,1,2,2,1.0,6.0,75119,M,4888020.0,239413.0,75
201700057458,17,11,27,2320,5,2,7,2.0,4.0,75119,M,4890080.0,238696.0,75
201700057459,17,11,28,2330,5,2,3,1.0,2.0,75119,M,4888500.0,237878.0,75
201700057460,17,11,30,2000,5,2,3,4.0,3.0,75119,M,4888250.0,237038.0,75
201700057461,17,12,1,1655,2,2,2,1.0,6.0,75119,M,4888200.0,240247.0,75
201700057462,17,12,4,1405,1,2,2,1.0,6.0,75119,M,4888890.0,238857.0,75
201700057463,17,12,5,830,2,2,5,1.0,3.0,75119,M,4889820.0,238619.0,75
201700057464,17,12,5,1600,1,2,2,1.0,6.0,75119,M,4889110.0,237761.0,75
201700057465,17,12,8,1830,5,2,1,8.0,7.0,75119,M,4888380.0,237172.0,75
201700057466,17,12,9,2310,5,2,2,1.0,6.0,75119,M,4887390.0,238529.0,75
201700057467,17,12,10,1120,1,2,2,1.0,6.0,75119,M,4888200.0,240247.0,75
201700057468,17,12,11,955,1,2,7,2.0,3.0,75119,M,4888990.0,239559.0,75
201700057469,17,12,11,2130,5,2,3,1.0,1.0,75119,M,4888500.0,237878.0,75
201700057470,17,12,14,1630,2,2,1,3.0,3.0,75119,M,4888370.0,238958.0,75
201700057471,17,12,15,800,2,2,1,1.0,3.0,75119,M,4887820.0,240168.0,75
201700057472,17,12,15,1528,1,2,2,2.0,3.0,75119,M,4887840.0,237423.0,75
201700057473,17,12,15,1640,2,2,7,1.0,4.0,75119,M,4890100.0,238813.0,75
201700057474,17,12,16,1115,1,2,2,1.0,3.0,75119,M,4888610.0,238305.0,75
201700057475,17,12,16,1455,1,2,2,1.0,3.0,75119,M,4887380.0,237514.0,75
201700057476,17,12,16,2115,5,2,1,2.0,3.0,75119,M,4889000.0,237159.0,75
201700057477,17,12,18,455,5,2,7,2.0,3.0,75119,M,4889980.0,238781.0,75
201700057478,17,12,18,1845,5,2,7,1.0,6.0,75119,M,4887840.0,237025.0,75
201700057479,17,12,19,1243,1,2,1,1.0,2.0,75119,M,4889870.0,237206.0,75
201700057480,17,12,20,845,1,2,1,2.0,3.0,75119,M,4888670.0,237749.0,75
201700057481,17,12,26,1130,1,2,3,1.0,6.0,75119,M,4888850.0,239190.0,75