Num_Acc,an,mois,jour,hrmn,lum,agg,int,atm,col,com,gps,lat,long,dep
201700057482,17,12,26,2225,5,2,1,2.0,1.0,75119,M,4887820.0,237066.0,75
201700057483,17,1,2,1100,1,2,2,8.0,6.0,75120,M,4887080.0,239924.0,75
201700057484,17,1,3,815,1,2,4,1.0,3.0,75120,M,4884700.0,241503.0,75
201700057485,17,1,3,1745,5,2,3,1.0,6.0,75120,M,4886920.0,241086.0,75
201700057486,17,1,3,1950,5,2,1,1.0,3.0,75120,M,4885620.0,239476.0,75
201700057487,17,1,4,1842,5,2,7,2.0,3.0,75120,M,4887760.0,240810.0,75
201700057488,17,1,7,1115,1,2,1,1.0,6.0,75120,M,4886830.0,239991.0,75
201700057489,17,1,9,1325,1,2,1,2.0,3.0,75120,M,4885780.0,239971.0,75
201700057490,17,1,11,1350,1,2,2,2.0,6.0,75120,M,4887080.0,239924.0,75
201700057491,17,1,12,750,5,2,7,1.0,3.0,75120,M,4887810.0,240963.0,75
201700057492,17,1,15,2115,5,2,1,2.0,6.0,75120,M,4886660.0,238354.0,75
201700057493,17,1,18,900,1,2,1,1.0,6.0,75120,M,4886450.0,239880.0,75
201700057494,17,1,18,1600,2,2,1,1.0,3.0,75120,M,4884930.0,240651.0,75
201700057495,17,1,21,2330,5,2,1,1.0,2.0,75120,M,4885050.0,241520.0,75
201700057496,17,1,22,1400,1,2,7,1.0,3.0,75120,M,4886510.0,239830.0,75
201700057497,17,1,23,1900,5,2,1,1.0,3.0,75120,M,4886680.0,240011.0,75
201700057498,17,1,24,1210,1,2,1,1.0,3.0,75120,M,4885380.0,239656.0,75
201700057499,17,1,26,1615,1,2,1,1.0,6.0,75120,M,4885910.0,240627.0,75
201700057500,17,1,27,1500,1,2,1,1.0,6.0,75120,M,4885520.0,239704.0,75
201700057501,17,1,28,810,2,2,4,1.0,3.0,75120,M,4885460.0,241343.0,75
201700057502,17,2,1,1320,1,2,3,1.0,3.0,75120,M,4886950.0,239316.0,75
201700057503,17,2,1,1425,1,2,3,1.0,3.0,75120,M,4886050.0,240679.0,75
201700057504,17,2,1,2100,5,2,3,1.0,3.0,75120,M,4885810.0,240337.0,75
201700057505,17,2,2,35,5,2,4,1.0,2.0,75120,M,4885380.0,241459.0,75
201700057506,17,2,4,305,5,2,2,2.0,6.0,75120,M,4886520.0,241172.0,75
201700057507,17,2,4,2245,5,2,3,2.0,1.0,75120,M,4886730.0,240225.0,75
201700057508,17,2,5,2110,5,2,1,2.0,2.0,75120,M,4885060.0,241538.0,75
201700057509,17,2,8,1830,2,2,2,1.0,3.0,75120,M,4885350.0,241060.0,75
201700057510,17,2,9,1045,1,2,2,1.0,2.0,75120,M,4886060.0,240933.0,75
201700057511,17,2,9,1220,1,2,7,1.0,2.0,75120,M,4886490.0,239881.0,75
201700057512,17,2,10,1630,1,2,2,4.0,3.0,75120,M,4886460.0,240587.0,75
201700057513,17,2,11,125,5,2,2,1.0,6.0,75120,M,4885150.0,240623.0,75
201700057514,17,2,12,640,2,2,4,1.0,6.0,75120,M,4886400.0,241323.0,75
201700057515,17,2,13,1730,2,2,2,1.0,6.0,75120,M,4886490.0,239722.0,75
201700057516,17,2,14,1535,1,2,1,8.0,6.0,75120,M,4886320.0,238727.0,75
201700057517,17,2,14,1740,1,2,3,1.0,3.0,75120,M,4885810.0,240337.0,75
201700057518,17,2,16,1430,1,2,5,8.0,3.0,75120,M,4884660.0,241598.0,75
201700057519,17,2,18,1530,1,2,4,1.0,6.0,75120,M,4887730.0,240869.0,75
201700057520,17,2,19,1340,1,2,3,1.0,1.0,75120,M,4886340.0,238955.0,75
201700057521,17,2,19,2140,5,2,1,1.0,6.0,75120,M,4887780.0,240977.0,75
201700057522,17,2,21,1910,5,2,2,1.0,3.0,75120,M,4886470.0,240416.0,75
201700057523,17,2,23,1821,1,2,1,1.0,6.0,75120,M,4887400.0,241277.0,75
201700057524,17,2,24,1400,1,2,2,1.0,3.0,75120,M,4886400.0,239915.0,75
201700057525,17,2,25,2335,5,2,2,1.0,3.0,75120,M,4885920.0,240210.0,75
201700057526,17,2,27,2245,5,2,2,6.0,3.0,75120,M,4887010.0,239575.0,75
201700057527,17,2,28,1345,1,2,3,2.0,3.0,75120,M,4887530.0,239354.0,75
201700057528,17,2,28,1540,1,2,1,1.0,7.0,75120,M,4886490.0,241055.0,75
201700057529,17,3,1,750,1,2,3,1.0,6.0,75120,M,4885710.0,239366.0,75
201700057530,17,3,2,825,1,2,1,1.0,2.0,75112,M,4884750.0,240242.0,75
201700057531,17,3,2,1700,1,2,1,1.0,3.0,75120,M,4884950.0,241128.0,75
201700057532,17,3,3,1650,1,2,2,1.0,2.0,75120,M,4886460.0,240587.0,75
201700057533,17,3,5,1730,1,2,1,2.0,2.0,75120,M,4886440.0,241254.0,75
201700057534,17,3,6,1200,1,2,2,3.0,5.0,75120,M,4885770.0,240388.0,75
201700057535,17,3,6,1730,1,2,3,1.0,2.0,75120,M,4885970.0,240308.0,75
201700057536,17,3,7,1155,1,2,3,1.0,6.0,75120,M,4885350.0,240582.0,75
201700057537,17,3,7,1150,1,2,1,1.0,6.0,75120,M,4887230.0,238242.0,75
201700057538,17,3,10,900,1,2,1,1.0,2.0,75120,M,4887380.0,240521.0,75
201700057539,17,3,10,1400,1,2,1,1.0,6.0,75120,M,4886990.0,238927.0,75
201700057540,17,3,10,1417,1,2,1,1.0,2.0,75120,M,4886200.0,240011.0,75
201700057541,17,3,15,820,1,2,3,1.0,6.0,75120,M,4886800.0,239561.0,75
201700057542,17,3,19,1455,1,2,2,1.0,3.0,75120,M,4885770.0,240388.0,75
201700057543,17,3,20,2110,5,2,2,1.0,3.0,75120,M,4886450.0,240722.0,75
201700057544,17,3,21,1040,1,2,2,2.0,3.0,75120,M,4887520.0,239533.0,75
201700057545,17,3,21,1800,1,2,3,1.0,6.0,75120,M,4886690.0,238765.0,75
201700057546,17,3,21,2020,5,2,1,1.0,4.0,75120,M,4886840.0,241344.0,75
201700057547,17,3,22,2010,5,2,4,1.0,6.0,75120,M,4885590.0,240726.0,75
201700057548,17,3,24,930,1,2,1,2.0,3.0,75120,M,4885540.0,241525.0,75
201700057549,17,3,24,1945,5,2,2,8.0,3.0,75120,M,4887160.0,239225.0,75
201700057550,17,3,25,30,5,2,7,1.0,2.0,75119,M,4887810.0,240963.0,75
201700057551,17,3,25,2330,5,2,3,1.0,6.0,75120,M,4886740.0,238285.0,75
201700057552,17,3,26,1755,1,2,2,1.0,3.0,75120,M,4885350.0,241060.0,75
201700057553,17,3,26,1845,1,2,1,1.0,6.0,75120,M,4885590.0,241196.0,75
201700057554,17,3,27,1850,1,2,2,1.0,6.0,75120,M,4885440.0,241543.0,75
201700057555,17,3,28,1115,1,2,1,1.0,6.0,75120,M,4885680.0,239431.0,75
201700057556,17,3,30,855,1,2,2,1.0,3.0,75120,M,4886350.0,241069.0,75
201700057557,17,4,1,1800,1,2,1,1.0,6.0,75120,M,4886000.0,241130.0,75
201700057558,17,4,2,300,5,2,7,1.0,6.0,75120,M,4886290.0,238742.0,75
201700057559,17,4,2,1945,1,2,2,1.0,3.0,75120,M,4885350.0,241060.0,75
201700057560,17,4,5,1450,1,2,3,1.0,3.0,75120,M,4886410.0,239226.0,75
201700057561,17,4,7,1220,1,2,3,1.0,6.0,75120,M,4886800.0,239561.0,75
201700057562,17,4,7,1630,1,2,4,1.0,6.0,75120,M,4884880.0,241134.0,75
201700057563,17,4,8,920,1,2,2,1.0,3.0,75120,M,4885270.0,240609.0,75
201700057564,17,4,15,1625,1,2,1,1.0,6.0,75120,M,4884850.0,241131.0,75
201700057565,17,4,16,2130,5,2,2,1.0,3.0,75120,M,4886540.0,241157.0,75
201700057566,17,4,19,1745,1,2,3,1.0,3.0,75120,M,4885350.0,240582.0,75
201700057567,17,4,19,1845,1,2,1,1.0,5.0,75120,M,4885330.0,240590.0,75
201700057568,17,4,20,1200,1,2,2,1.0,3.0,75120,M,4884660.0,241598.0,75
201700057569,17,4,21,1005,1,2,7,1.0,6.0,75120,M,4886460.0,240944.0,75
201700057570,17,4,22,1445,1,2,1,1.0,6.0,75120,M,4886660.0,238354.0,75
201700057571,17,4,23,1810,1,2,7,1.0,6.0,75120,M,4887730.0,240869.0,75
201700057572,17,4,24,1215,1,2,3,1.0,2.0,75120,M,4886270.0,240665.0,75
201700057573,17,4,24,1845,1,2,2,1.0,6.0,75120,M,4886260.0,241090.0,75
201700057574,17,4,26,855,1,2,3,1.0,3.0,75120,M,4886340.0,240881.0,75
201700057575,17,4,28,1300,1,2,1,1.0,3.0,75120,M,4885600.0,241017.0,75
201700057576,17,5,2,1725,1,2,3,1.0,3.0,75120,M,4887290.0,240484.0,75
201700057577,17,5,5,1740,1,2,2,1.0,6.0,75120,M,4886400.0,239915.0,75
201700057578,17,5,6,2000,1,2,2,1.0,1.0,75120,M,4886450.0,240722.0,75
201700057579,17,5,6,2100,5,2,1,8.0,7.0,75120,M,4886460.0,240633.0,75
201700057580,17,5,6,2310,5,2,1,2.0,7.0,75120,M,4886650.0,238962.0,75
201700057581,17,5,7,2324,5,2,3,1.0,6.0,75120,M,4886780.0,238272.0,75
201700057582,17,5,13,1750,1,2,1,1.0,3.0,75120,M,4887220.0,237760.0,75
201700057583,17,5,15,1940,1,2,2,1.0,3.0,75120,M,4887500.0,240568.0,75
201700057584,17,5,16,925,1,2,4,1.0,2.0,75120,M,4886540.0,239892.0,75
201700057585,17,5,16,1510,1,2,2,1.0,6.0,75120,M,4886460.0,240587.0,75
201700057586,17,5,18,1910,2,2,1,3.0,6.0,75120,M,4887540.0,239053.0,75
201700057587,17,5,19,1530,1,2,1,1.0,7.0,75120,M,4884850.0,241131.0,75
201700057588,17,5,21,430,5,2,3,1.0,1.0,75120,M,4886990.0,238306.0,75
201700057589,17,5,22,2050,2,2,2,1.0,3.0,75120,M,4885480.0,239910.0,75
201700057590,17,5,23,1210,1,2,1,1.0,6.0,75120,M,4886330.0,238921.0,75
201700057591,17,5,23,1430,1,2,1,7.0,6.0,75120,M,4886990.0,237953.0,75
201700057592,17,5,23,1500,1,2,1,1.0,6.0,75120,M,4887420.0,239308.0,75
201700057593,17,5,24,110,5,2,2,1.0,3.0,75120,M,4886540.0,239487.0,75
201700057594,17,5,24,1505,1,2,1,1.0,6.0,75120,M,4886240.0,241402.0,75
201700057595,17,5,25,319,5,2,1,1.0,6.0,75120,M,4886320.0,238856.0,75
201700057596,17,5,25,1335,1,2,1,1.0,3.0,75120,M,4884690.0,241228.0,75
201700057597,17,5,26,2010,1,2,1,1.0,6.0,75120,M,4885610.0,241190.0,75
201700057598,17,5,27,2030,1,2,1,1.0,6.0,75120,M,4887170.0,241162.0,75
201700057599,17,6,1,2300,5,2,2,1.0,6.0,75120,M,4886460.0,240587.0,75
201700057600,17,6,4,1950,1,2,1,1.0,6.0,75120,M,4886540.0,239351.0,75
201700057601,17,6,7,1140,1,2,2,1.0,6.0,75120,M,4886480.0,240136.0,75
201700057602,17,6,9,850,1,2,1,8.0,6.0,75120,M,4887160.0,240321.0,75
201700057603,17,6,9,1620,1,2,1,1.0,4.0,75120,M,4886130.0,241108.0,75
201700057604,17,6,10,2020,1,2,4,1.0,6.0,75120,M,4886800.0,239603.0,75
201700057605,17,6,10,2130,1,2,1,1.0,6.0,75120,M,4885290.0,240712.0,75
201700057606,17,6,9,315,5,2,1,3.0,7.0,75120,M,4886040.0,238873.0,75
201700057607,17,6,15,1240,1,2,4,1.0,3.0,75120,M,4886650.0,241260.0,75
201700057608,17,6,15,1300,1,2,5,1.0,3.0,75119,M,4887720.0,240668.0,75
201700057609,17,6,16,1510,1,2,3,1.0,1.0,75119,M,4887250.0,237853.0,75
201700057610,17,6,17,45,5,2,1,1.0,6.0,75120,M,4887170.0,238815.0,75
201700057611,17,6,18,30,5,2,1,1.0,6.0,75120,M,4887160.0,239856.0,75
201700057612,17,6,18,2130,2,2,1,1.0,2.0,75120,M,4887160.0,240337.0,75
201700057613,17,6,18,2120,1,2,1,1.0,7.0,75120,M,4884970.0,241125.0,75
201700057614,17,6,19,828,1,2,2,1.0,3.0,75120,M,4884900.0,240772.0,75
201700057615,17,6,19,2015,1,2,2,1.0,6.0,75120,M,4884910.0,241308.0,75
201700057616,17,6,21,745,1,2,1,1.0,3.0,75120,M,4886340.0,238934.0,75
201700057617,17,6,21,2230,5,2,1,1.0,6.0,75120,M,4886810.0,238646.0,75
201700057618,17,6,22,330,5,2,2,1.0,2.0,75120,M,4887390.0,238529.0,75
201700057619,17,6,23,1226,1,2,3,1.0,3.0,75120,M,4885510.0,241154.0,75
201700057620,17,6,24,1725,1,2,2,1.0,6.0,75120,M,4886650.0,239989.0,75
201700057621,17,6,25,750,1,2,1,1.0,3.0,75120,M,4887190.0,240504.0,75
201700057622,17,6,25,1030,1,2,1,1.0,6.0,75120,M,4884840.0,239960.0,75
201700057623,17,6,25,1910,1,2,7,1.0,6.0,75120,M,4885390.0,241295.0,75
201700057624,17,6,25,2256,5,2,3,1.0,3.0,75120,M,4886630.0,239972.0,75
201700057625,17,6,25,2230,5,2,1,1.0,3.0,75120,M,4887290.0,239056.0,75
201700057626,17,6,27,2035,1,2,1,1.0,3.0,75120,M,4887070.0,239351.0,75
201700057627,17,6,28,1124,1,2,2,1.0,3.0,75120,M,4886490.0,239722.0,75
201700057628,17,6,28,1650,1,2,1,2.0,3.0,75120,M,4885010.0,239900.0,75
201700057629,17,6,28,2040,2,2,1,8.0,6.0,75120,M,4886940.0,240235.0,75
201700057630,17,7,1,850,1,2,2,3.0,6.0,75120,M,4886510.0,238502.0,75
201700057631,17,7,1,2315,5,2,2,1.0,6.0,75120,M,4886420.0,238613.0,75
201700057632,17,7,3,1807,1,2,3,1.0,6.0,75120,M,4886980.0,239775.0,75
201700057633,17,7,6,2210,5,2,1,1.0,3.0,75120,M,4886970.0,239364.0,75
201700057634,17,7,7,245,5,2,2,2.0,2.0,75120,M,4886450.0,240722.0,75
201700057635,17,7,8,800,1,2,7,1.0,3.0,75120,M,4886490.0,240870.0,75
201700057636,17,7,8,1545,1,2,5,1.0,6.0,75120,M,4886830.0,240139.0,75
201700057637,17,7,12,1230,1,2,1,1.0,6.0,75120,M,4885680.0,240458.0,75
201700057638,17,7,12,1730,1,2,1,1.0,4.0,75120,M,4887190.0,241278.0,75
201700057639,17,7,13,1600,1,2,1,1.0,2.0,75120,M,4886210.0,241364.0,75
201700057640,17,7,13,1740,1,2,1,8.0,6.0,75120,M,4887180.0,240225.0,75
201700057641,17,7,14,457,5,2,1,1.0,6.0,75120,M,4887700.0,241125.0,75
201700057642,17,7,18,2120,2,2,4,1.0,6.0,75120,M,4887730.0,240869.0,75
201700057643,17,7,20,1630,1,2,2,1.0,3.0,75120,M,4886470.0,240416.0,75
201700057644,17,7,21,1107,1,2,1,1.0,6.0,75120,M,4887120.0,240870.0,75
201700057645,17,7,21,2105,1,2,2,1.0,6.0,75120,M,4886460.0,240457.0,75
201700057646,17,7,21,2345,5,2,2,1.0,3.0,75120,M,4885270.0,240609.0,75
201700057647,17,7,22,805,1,2,7,1.0,3.0,75120,M,4886450.0,240858.0,75
201700057648,17,7,25,1340,1,2,1,8.0,6.0,75120,M,4885160.0,240665.0,75
201700057649,17,7,27,1740,1,2,2,1.0,6.0,75120,M,4887380.0,238806.0,75
201700057650,17,7,31,1505,1,2,1,1.0,2.0,75120,M,4886320.0,239974.0,75
201700057651,17,8,2,1810,1,2,3,1.0,6.0,75120,M,4886830.0,238628.0,75
201700057652,17,8,3,1450,1,2,3,1.0,6.0,75120,M,4887040.0,238676.0,75
201700057653,17,8,3,1900,1,2,2,1.0,3.0,75120,M,4885920.0,240210.0,75
201700057654,17,8,4,1240,1,2,4,1.0,3.0,75120,M,4884700.0,241503.0,75
201700057655,17,8,11,1654,1,2,1,1.0,6.0,75120,M,4887670.0,240695.0,75
201700057656,17,8,11,1930,1,2,2,1.0,3.0,75120,M,4886470.0,240416.0,75
201700057657,17,8,11,455,5,2,1,1.0,6.0,75120,M,4885200.0,241087.0,75
201700057658,17,8,12,2050,5,2,1,2.0,6.0,75120,M,4885310.0,241564.0,75
201700057659,17,8,14,1810,1,2,2,1.0,6.0,75120,M,4887410.0,241314.0,75
201700057660,17,8,17,1245,1,2,2,2.0,3.0,75120,M,4885760.0,239932.0,75
201700057661,17,8,20,1145,1,2,1,1.0,6.0,75120,M,4887140.0,240410.0,75
201700057662,17,8,22,1355,1,2,2,1.0,4.0,75120,M,4887080.0,237842.0,75
201700057663,17,8,23,930,1,2,3,1.0,3.0,75120,M,4884940.0,240649.0,75
201700057664,17,8,24,1720,1,2,1,1.0,3.0,75120,M,4885790.0,240364.0,75
201700057665,17,8,28,1035,1,2,2,1.0,6.0,75120,M,4887000.0,239449.0,75
201700057666,17,8,30,2100,5,2,1,8.0,7.0,75120,M,4886400.0,239186.0,75
201700057667,17,8,31,1450,1,2,1,1.0,6.0,75120,M,4885830.0,240317.0,75
201700057668,17,9,4,1525,1,2,1,1.0,6.0,75120,M,4886820.0,239012.0,75
201700057669,17,9,4,1520,1,2,1,1.0,7.0,75120,M,4886850.0,239571.0,75
201700057670,17,9,6,905,1,2,1,1.0,3.0,75120,M,4885580.0,241019.0,75
201700057671,17,9,6,1600,1,2,1,1.0,6.0,75120,M,4884800.0,240427.0,75
201700057672,17,9,6,2130,5,2,3,1.0,6.0,75120,M,4886370.0,240767.0,75
201700057673,17,9,6,2030,3,2,3,1.0,6.0,75120,M,4886740.0,238285.0,75
201700057674,17,9,7,1925,2,2,1,8.0,6.0,75120,M,4886970.0,238037.0,75
201700057675,17,9,9,1505,1,2,1,2.0,4.0,75120,M,4885340.0,240999.0,75
201700057676,17,9,9,2140,3,2,1,1.0,2.0,75120,M,4886460.0,239279.0,75
201700057677,17,9,12,2030,3,2,1,2.0,6.0,75120,M,4886500.0,239563.0,75
201700057678,17,9,15,150,5,2,1,1.0,6.0,75120,M,4885520.0,240535.0,75
201700057679,17,9,15,900,1,2,2,1.0,3.0,75120,M,4887510.0,238935.0,75
201700057680,17,9,15,1030,1,2,2,1.0,6.0,75120,M,4886650.0,239989.0,75
201700057681,17,9,15,1450,1,2,7,1.0,7.0,75120,M,4885390.0,241295.0,75
201700057682,17,9,19,845,1,2,1,2.0,6.0,75120,M,4885350.0,241086.0,75
201700057683,17,9,19,1300,1,2,1,1.0,1.0,75120,M,4885310.0,240594.0,75
201700057684,17,9,19,1605,1,2,4,1.0,6.0,75120,M,4884710.0,241398.0,75
201700057685,17,9,20,1800,1,2,2,1.0,3.0,75120,M,4886460.0,240587.0,75
201700057686,17,9,22,2055,5,2,1,1.0,6.0,75120,M,4886820.0,238773.0,75
201700057687,17,9,23,1815,1,2,1,1.0,6.0,75120,M,4887020.0,239688.0,75
201700057688,17,9,24,100,5,2,2,1.0,6.0,75120,M,4884740.0,240623.0,75
201700057689,17,9,26,1610,1,2,1,1.0,3.0,75120,M,4886790.0,238628.0,75
201700057690,17,9,26,1815,1,2,1,1.0,6.0,75120,M,4887420.0,239582.0,75
201700057691,17,9,27,2000,2,2,1,1.0,3.0,75120,M,4885940.0,241423.0,75
201700057692,17,9,29,1320,1,2,2,1.0,3.0,75120,M,4885350.0,241060.0,75
201700057693,17,9,30,150,5,2,1,2.0,7.0,75120,M,4886440.0,239345.0,75
201700057694,17,9,30,30,5,2,2,2.0,6.0,75120,M,4886830.0,238803.0,75
201700057695,17,10,1,30,5,2,1,2.0,4.0,75120,M,4886210.0,241364.0,75
201700057696,17,10,2,1535,1,2,2,1.0,6.0,75120,M,4885290.0,240077.0,75
201700057697,17,10,2,1720,1,2,1,1.0,6.0,75120,M,4885670.0,239509.0,75
201700057698,17,10,3,1720,2,2,2,1.0,6.0,75120,M,4887600.0,240250.0,75
201700057699,17,10,4,1120,1,2,3,1.0,6.0,75120,M,4886740.0,238285.0,75
201700057700,17,10,4,1950,5,2,1,1.0,3.0,75112,M,4884430.0,241389.0,75
201700057701,17,10,4,2200,5,2,7,1.0,6.0,75120,M,4887750.0,240962.0,75
201700057702,17,10,8,1310,1,2,1,1.0,6.0,75120,M,4887270.0,241221.0,75
201700057703,17,10,8,1840,1,2,1,8.0,6.0,75120,M,4887300.0,238050.0,75
201700057704,17,10,10,2325,5,2,1,1.0,2.0,75120,M,4886590.0,239769.0,75
201700057705,17,10,14,1330,1,2,2,1.0,3.0,75120,M,4887550.0,239789.0,75
201700057706,17,10,14,1940,5,2,2,1.0,3.0,75120,M,4884930.0,241632.0,75
201700057707,17,10,15,1650,1,2,7,1.0,2.0,75120,M,4886460.0,240944.0,75
201700057708,17,10,16,540,5,2,2,1.0,3.0,75120,M,4885350.0,241060.0,75
201700057709,17,10,19,305,5,2,3,1.0,1.0,75120,M,4887330.0,238188.0,75
201700057710,17,10,20,1940,5,2,7,1.0,3.0,75120,M,4886510.0,239830.0,75
201700057711,17,10,21,2335,5,2,2,1.0,6.0,75120,M,4886870.0,238965.0,75
201700057712,17,10,23,2025,5,2,3,2.0,3.0,75120,M,4887150.0,239567.0,75
201700057713,17,10,24,1,5,2,1,2.0,6.0,75120,M,4885730.0,240825.0,75
201700057714,17,10,26,1940,5,2,1,1.0,5.0,75120,M,4887540.0,239645.0,75
201700057715,17,10,27,2025,5,2,2,1.0,3.0,75120,M,4885350.0,241060.0,75
201700057716,17,10,29,300,5,2,4,1.0,3.0,75120,M,4886590.0,239934.0,75
201700057717,17,10,31,1355,1,2,3,1.0,3.0,75120,M,4886750.0,240072.0,75
201700057718,17,11,1,1400,1,2,2,1.0,3.0,75120,M,4885760.0,239932.0,75
201700057719,17,11,3,1210,1,2,7,1.0,3.0,75120,M,4886470.0,239862.0,75
201700057720,17,11,5,15,5,2,5,2.0,3.0,75120,M,4887170.0,240437.0,75
201700057721,17,11,5,240,5,2,2,2.0,6.0,75120,M,4884990.0,240225.0,75
201700057722,17,11,5,515,5,2,2,1.0,3.0,75120,M,4885440.0,241543.0,75
201700057723,17,11,6,1800,2,2,2,1.0,6.0,75120,M,4887840.0,241082.0,75
201700057724,17,11,7,2020,5,2,2,1.0,6.0,75120,M,4887080.0,239924.0,75
201700057725,17,11,8,210,5,2,3,1.0,7.0,75120,M,4887540.0,239221.0,75
201700057726,17,11,9,1805,5,2,2,1.0,6.0,75120,M,4886870.0,238965.0,75
201700057727,17,11,9,1820,5,2,1,1.0,6.0,75120,M,4886710.0,240886.0,75
201700057728,17,11,11,1415,1,2,1,2.0,6.0,75120,M,4887530.0,239635.0,75
201700057729,17,11,15,1215,1,2,3,1.0,6.0,75120,M,4886900.0,240209.0,75
201700057730,17,11,16,1145,1,2,1,1.0,6.0,75120,M,4887250.0,239110.0,75
201700057731,17,11,16,1635,1,2,2,1.0,3.0,75120,M,4885300.0,239711.0,75
201700057732,17,11,16,2120,5,2,5,1.0,2.0,75120,M,4887170.0,240437.0,75
201700057733,17,11,20,1320,1,2,3,8.0,3.0,75120,M,4886380.0,239109.0,75
201700057734,17,11,23,1450,1,2,2,3.0,3.0,75120,M,4884900.0,240921.0,75
201700057735,17,11,24,755,2,2,2,1.0,7.0,75120,M,4886730.0,238898.0,75
201700057736,17,11,25,2320,5,2,1,1.0,6.0,75119,M,4887530.0,239623.0,75
201700057737,17,11,26,335,5,2,2,1.0,2.0,75120,M,4887010.0,237933.0,75
201700057738,17,11,26,400,5,2,2,1.0,7.0,75120,M,4884730.0,241120.0,75
201700057739,17,11,26,1440,1,2,3,1.0,3.0,75120,M,4885970.0,240308.0,75
201700057740,17,11,27,1320,1,2,2,2.0,3.0,75120,M,4886400.0,239915.0,75
201700057741,17,11,27,1625,2,2,3,2.0,6.0,75120,M,4886390.0,239162.0,75
201700057742,17,11,28,1759,5,2,7,8.0,7.0,75120,M,4886510.0,239830.0,75
201700057743,17,11,28,2050,5,2,4,2.0,2.0,75120,M,4886430.0,241280.0,75
201700057744,17,11,29,740,5,2,7,1.0,6.0,75120,M,4886470.0,239862.0,75
201700057745,17,11,29,815,1,2,2,1.0,3.0,75120,M,4886350.0,241069.0,75
201700057746,17,11,29,910,1,2,2,1.0,6.0,75120,M,4886450.0,240722.0,75
201700057747,17,11,30,1100,1,2,1,2.0,3.0,75120,M,4887590.0,241263.0,75
201700057748,17,11,30,1645,2,2,1,8.0,6.0,75120,M,4886850.0,241092.0,75
201700057749,17,12,3,1355,1,2,4,2.0,6.0,75120,M,4885440.0,241543.0,75
201700057750,17,12,3,1600,1,2,4,2.0,6.0,75120,M,4886460.0,240587.0,75
201700057751,17,12,7,1750,5,2,4,2.0,6.0,75120,M,4885350.0,241377.0,75
201700057752,17,12,7,1815,5,2,3,2.0,6.0,75120,M,4886930.0,240052.0,75
201700057753,17,12,10,1730,5,2,7,2.0,6.0,75120,M,4886490.0,239881.0,75
201700057754,17,12,11,1910,2,2,5,2.0,5.0,75120,M,4887170.0,240437.0,75
201700057755,17,12,12,1940,5,2,1,8.0,4.0,75120,M,4886210.0,241364.0,75
201700057756,17,12,15,1725,5,2,4,2.0,2.0,75120,M,4886460.0,240587.0,75
201700057757,17,12,15,1800,5,2,3,2.0,6.0,75120,M,4885810.0,240337.0,75
201700057758,17,12,16,607,5,2,7,2.0,6.0,75120,M,4886490.0,239810.0,75
201700057759,17,12,18,930,1,2,1,1.0,7.0,75120,M,4886390.0,241341.0,75
201700057760,17,12,18,2155,5,2,1,1.0,2.0,75120,M,4886320.0,238868.0,75
201700057761,17,12,20,905,1,2,3,2.0,2.0,75120,M,4885380.0,241204.0,75
201700057762,17,12,21,1840,5,2,3,2.0,6.0,75120,M,4887000.0,239449.0,75
201700057763,17,12,24,350,5,2,2,1.0,3.0,75120,M,4885270.0,240609.0,75
201700057764,17,12,25,2150,5,2,7,1.0,3.0,75120,M,4885450.0,241434.0,75
201700057765,17,12,27,600,5,2,2,2.0,6.0,75120,M,4886460.0,240457.0,75
201700057766,17,12,27,1630,2,2,1,3.0,3.0,75120,M,4886470.0,240256.0,75
201700057767,17,12,29,1030,1,2,1,2.0,6.0,75120,M,4885650.0,241504.0,75
201700057768,17,12,30,610,5,2,3,2.0,6.0,75120,M,4885680.0,239595.0,75
201700057769,17,12,30,1950,5,2,3,1.0,1.0,75120,M,4887150.0,239567.0,75
201700057770,17,1,4,1318,1,2,5,1.0,3.0,75112,M,4884430.0,241032.0,75
201700057771,17,1,5,1825,5,2,2,1.0,6.0,75106,M,4884430.0,233299.0,75
201700057772,17,1,6,2334,5,2,1,1.0,6.0,75115,M,4883220.0,228943.0,75
201700057773,17,1,10,850,1,2,1,1.0,6.0,75116,M,4887560.0,228382.0,75
201700057774,17,1,12,1555,1,2,4,2.0,6.0,75113,M,4881730.0,236599.0,75
201700057775,17,1,12,2100,5,2,3,6.0,3.0,75115,M,4884860.0,228289.0,75
201700057776,17,1,13,2125,5,2,7,1.0,3.0,75115,M,4884260.0,230268.0,75
201700057777,17,1,15,2350,5,2,3,1.0,6.0,75116,M,4885880.0,228906.0,75
201700057778,17,1,17,1920,5,2,5,1.0,3.0,75104,M,4885040.0,236002.0,75
201700057779,17,1,21,905,1,2,2,1.0,6.0,75111,M,4886470.0,237012.0,75
201700057780,17,1,22,715,2,2,1,1.0,6.0,75120,M,4885600.0,241017.0,75
201700057781,17,1,24,1640,1,2,1,1.0,6.0,75103,M,4886190.0,236557.0,75
201700057782,17,1,25,838,1,2,3,8.0,3.0,75107,M,4885050.0,230203.0,75
201700057783,17,1,26,2326,5,2,5,1.0,6.0,75115,M,4883930.0,229196.0,75