Num_Acc,an,mois,jour,hrmn,lum,agg,int,atm,col,com,gps,lat,long,dep
201700057784,17,1,29,600,5,2,1,1.0,6.0,75116,M,4886200.0,226430.0,75
201700057785,17,1,30,1510,1,2,1,1.0,6.0,75114,M,4882780.0,232783.0,75
201700057786,17,1,31,1910,5,2,5,1.0,6.0,75115,M,4884440.0,231769.0,75
201700057787,17,2,3,1440,1,2,2,2.0,2.0,75107,M,4886290.0,231342.0,75
201700057788,17,2,4,1750,2,2,2,2.0,5.0,75112,M,4884690.0,236940.0,75
201700057789,17,2,5,640,5,2,3,2.0,6.0,75118,M,4889270.0,235232.0,75
201700057790,17,2,10,1910,5,2,7,1.0,6.0,75111,M,4885860.0,237991.0,75
201700057791,17,2,16,1000,1,2,2,8.0,7.0,75115,M,4883800.0,230142.0,75
201700057792,17,2,17,900,1,2,4,1.0,6.0,75120,M,4886850.0,241320.0,75
201700057793,17,2,18,1440,1,2,4,1.0,3.0,75112,M,4884450.0,241391.0,75
201700057794,17,2,18,1856,1,2,1,1.0,6.0,75105,M,4883850.0,234565.0,75
201700057795,17,2,22,650,1,2,1,1.0,6.0,75112,M,4882920.0,240049.0,75
201700057796,17,2,23,1720,1,2,2,1.0,6.0,75117,M,4888910.0,232273.0,75
201700057797,17,2,24,1239,1,2,2,1.0,3.0,75118,M,4888840.0,234956.0,75
201700057798,17,3,3,1510,1,2,3,1.0,6.0,75118,M,4888950.0,234387.0,75
201700057799,17,3,4,650,2,2,3,2.0,2.0,75108,M,4886610.0,231902.0,75
201700057800,17,3,6,1845,2,2,3,1.0,6.0,75119,M,4887530.0,238961.0,75
201700057801,17,3,7,1445,1,2,2,8.0,7.0,75107,M,4885800.0,231519.0,75
201700057802,17,3,10,725,1,2,1,1.0,4.0,75114,M,4882510.0,230340.0,75
201700057803,17,3,10,1720,1,2,1,1.0,6.0,75109,M,4888190.0,233171.0,75
201700057804,17,3,12,235,5,2,2,1.0,3.0,75108,M,4887390.0,231586.0,75
201700057805,17,3,12,650,2,2,2,1.0,6.0,75106,M,4885270.0,232935.0,75
201700057806,17,3,12,1545,1,2,5,1.0,6.0,75118,M,4888890.0,234647.0,75
201700057807,17,3,14,2105,5,2,1,1.0,6.0,75104,M,4885690.0,235061.0,75
201700057808,17,3,16,1645,1,2,1,1.0,6.0,75112,M,4884280.0,239195.0,75
201700057809,17,3,17,225,5,2,2,1.0,3.0,75108,M,4887840.0,231553.0,75
201700057810,17,3,21,1615,1,2,1,1.0,6.0,75116,M,4885810.0,227605.0,75
201700057811,17,3,23,1220,1,2,1,1.0,6.0,75118,M,4889370.0,234216.0,75
201700057812,17,3,24,140,5,2,2,1.0,3.0,75110,M,4888360.0,236050.0,75
201700057813,17,3,24,530,2,2,3,2.0,2.0,75110,M,4887160.0,234988.0,75
201700057814,17,3,28,200,5,2,1,1.0,6.0,75116,M,4884960.0,226804.0,75
201700057815,17,3,28,835,1,2,1,1.0,3.0,75118,M,4889990.0,235863.0,75
201700057816,17,3,29,815,1,2,2,1.0,6.0,75106,M,4884730.0,232791.0,75
201700057817,17,3,29,1730,1,2,1,1.0,6.0,75112,M,4882730.0,239147.0,75
201700057818,17,3,29,1925,2,2,3,1.0,3.0,75101,M,4885580.0,234250.0,75
201700057819,17,3,30,1720,1,2,1,1.0,6.0,75107,M,4886230.0,230597.0,75
201700057820,17,4,19,1737,1,2,2,1.0,6.0,75114,M,4882060.0,232415.0,75
201700057821,17,3,31,1300,1,2,1,1.0,6.0,75106,M,4884050.0,233412.0,75
201700057822,17,4,19,1445,1,2,1,1.0,3.0,75106,M,4885420.0,233111.0,75
201700057823,17,4,2,2100,5,2,1,1.0,6.0,75119,M,4888130.0,240019.0,75
201700057824,17,4,3,50,5,2,1,1.0,3.0,75110,M,4887760.0,235489.0,75
201700057825,17,4,4,440,5,2,7,1.0,6.0,75112,M,4884040.0,243863.0,75
201700057826,17,4,6,150,5,2,3,1.0,6.0,75114,M,4883190.0,232519.0,75
201700057827,17,4,7,1047,1,2,3,1.0,3.0,75114,M,4882880.0,232769.0,75
201700057828,17,4,8,1139,1,2,5,1.0,7.0,75106,M,4885770.0,233536.0,75
201700057829,17,4,8,1905,1,2,1,1.0,6.0,75117,M,4889080.0,231767.0,75
201700057830,17,4,8,2230,5,2,4,1.0,6.0,75118,M,4888430.0,235573.0,75
201700057831,17,4,9,230,5,2,7,1.0,3.0,75114,M,4884130.0,232486.0,75
201700057832,17,4,9,505,5,2,1,1.0,6.0,75119,M,4888090.0,240567.0,75
201700057833,17,4,9,1608,1,2,1,1.0,6.0,75114,M,4882030.0,233873.0,75
201700057834,17,4,12,1133,1,2,2,1.0,6.0,75118,M,4889930.0,234409.0,75
201700057835,17,4,12,1450,1,2,1,1.0,6.0,75119,M,4888500.0,237003.0,75
201700057836,17,4,13,748,1,2,2,1.0,3.0,75112,M,4883670.0,240346.0,75
201700057837,17,4,14,950,1,2,1,1.0,2.0,75113,M,4881720.0,236583.0,75
201700057838,17,4,15,400,4,2,4,1.0,6.0,75111,M,4885340.0,238266.0,75
201700057839,17,4,16,2150,5,2,1,1.0,6.0,75118,M,4888690.0,234250.0,75
201700057840,17,4,17,1,5,2,3,1.0,2.0,75118,M,4888580.0,232884.0,75
201700057841,17,4,19,940,1,2,1,1.0,3.0,75118,M,4888500.0,234948.0,75
201700057842,17,4,20,2300,5,2,4,1.0,6.0,75111,M,4885740.0,238081.0,75
201700057843,17,4,21,400,5,2,1,1.0,3.0,75104,M,4885480.0,235399.0,75
201700057844,17,4,21,1910,1,2,1,1.0,3.0,75114,M,4881840.0,233305.0,75
201700057845,17,4,22,1845,1,2,3,1.0,6.0,75103,M,4886280.0,235226.0,75
201700057846,17,4,23,1510,1,2,1,1.0,6.0,75111,M,4885870.0,237195.0,75
201700057847,17,4,25,310,5,2,1,1.0,6.0,75105,M,4884030.0,235950.0,75
201700057848,17,4,27,154,5,2,2,1.0,3.0,75101,M,4886660.0,232856.0,75
201700057849,17,4,27,2004,2,2,2,1.0,3.0,75112,M,4884430.0,241032.0,75
201700057850,17,4,27,2255,5,2,7,1.0,6.0,75116,M,4887170.0,227580.0,75
201700057851,17,5,4,1930,5,2,1,1.0,6.0,75119,M,4889260.0,239480.0,75
201700057852,17,5,5,1720,1,2,1,1.0,3.0,75114,M,4883290.0,233646.0,75
201700057853,17,5,9,1100,1,2,1,1.0,6.0,75119,M,4887690.0,239552.0,75
201700057854,17,5,9,948,1,2,3,1.0,6.0,75101,M,4886470.0,234044.0,75
201700057855,17,5,9,1750,1,2,1,1.0,6.0,75113,M,4882290.0,234738.0,75
201700057856,17,5,10,1225,1,2,1,1.0,6.0,75108,M,4886480.0,231154.0,75
201700057857,17,5,14,705,1,2,4,1.0,6.0,75119,M,4890020.0,238122.0,75
201700057858,17,5,15,952,1,2,1,1.0,7.0,75117,M,4888360.0,232715.0,75
201700057859,17,5,16,830,1,2,1,1.0,3.0,75113,M,4881770.0,236721.0,75
201700057860,17,5,16,1400,1,2,4,1.0,3.0,75113,M,4883550.0,235852.0,75
201700057861,17,5,16,2155,5,2,1,1.0,7.0,75120,M,4886110.0,238837.0,75
201700057862,17,5,17,646,2,2,1,1.0,4.0,75120,M,4885320.0,240872.0,75
201700057863,17,5,17,1300,1,2,2,1.0,6.0,75115,M,4883860.0,228937.0,75
201700057864,17,5,17,1845,1,2,1,1.0,6.0,75110,M,4888080.0,236475.0,75
201700057865,17,5,17,2018,2,2,5,3.0,2.0,75115,M,4884650.0,228538.0,75
201700057866,17,5,18,2335,5,2,1,2.0,6.0,75111,M,4884870.0,239400.0,75
201700057867,17,5,19,1320,1,2,2,2.0,3.0,75105,M,4883880.0,234978.0,75
201700057868,17,5,19,2245,5,2,3,1.0,6.0,75101,M,4886230.0,232567.0,75
201700057869,17,5,20,1619,1,2,2,7.0,3.0,75106,M,4885150.0,233704.0,75
201700057870,17,5,21,35,5,2,3,1.0,3.0,75119,M,4888400.0,237783.0,75
201700057871,17,5,23,1908,1,2,1,1.0,2.0,75109,M,4887620.0,234512.0,75
201700057872,17,5,24,1425,1,2,2,1.0,6.0,75118,M,4889310.0,234019.0,75
201700057873,17,5,26,1700,1,2,2,1.0,7.0,75107,M,4886240.0,230201.0,75
201700057874,17,5,27,340,5,2,7,1.0,6.0,75109,M,4887840.0,233754.0,75
201700057875,17,5,29,1935,1,2,5,1.0,3.0,75112,M,4884840.0,237598.0,75
201700057876,17,5,29,1917,1,2,1,1.0,6.0,75120,M,4884920.0,241367.0,75
201700057877,17,5,30,1032,1,2,3,1.0,6.0,75103,M,4886770.0,235483.0,75
201700057878,17,5,30,1310,1,2,1,1.0,7.0,75118,M,4889530.0,235291.0,75
201700057879,17,5,31,905,1,2,3,1.0,3.0,75109,M,4887140.0,233674.0,75
201700057880,17,5,31,1415,1,2,1,1.0,6.0,75114,M,4881920.0,232929.0,75
201700057881,17,6,1,220,5,2,2,1.0,3.0,75118,M,4889360.0,236443.0,75
201700057882,17,6,1,1140,1,2,1,1.0,6.0,75116,M,4884800.0,224963.0,75
201700057883,17,6,1,2115,5,2,1,1.0,6.0,75119,M,4889810.0,238295.0,75
201700057884,17,6,2,1032,1,2,7,1.0,6.0,75114,M,4882200.0,232532.0,75
201700057885,17,6,2,2130,2,2,1,1.0,6.0,75117,M,4888260.0,228311.0,75
201700057886,17,6,4,1742,1,2,1,1.0,6.0,75120,M,4886520.0,238781.0,75
201700057887,17,6,6,2245,5,2,2,1.0,3.0,75104,M,4885180.0,236697.0,75
201700057888,17,6,7,920,1,2,7,1.0,6.0,75118,M,4889240.0,234497.0,75
201700057889,17,6,9,1635,1,2,2,1.0,6.0,75113,M,4882420.0,237675.0,75
201700057890,17,6,9,2329,5,2,1,1.0,3.0,75102,M,4887180.0,234109.0,75
201700057891,17,6,11,320,5,2,3,1.0,3.0,75116,M,4886480.0,229561.0,75
201700057892,17,6,12,1550,1,2,7,1.0,3.0,75115,M,4883280.0,230043.0,75
201700057893,17,6,14,35,5,2,4,1.0,6.0,75102,M,4886970.0,234238.0,75
201700057894,17,6,16,1010,1,2,5,1.0,3.0,75101,M,4886650.0,233413.0,75
201700057895,17,6,16,1825,1,2,1,1.0,3.0,75112,M,4884400.0,244514.0,75
201700057896,17,6,17,908,1,2,1,1.0,3.0,75113,M,4882040.0,234379.0,75
201700057897,17,6,17,2015,1,2,1,1.0,6.0,75117,M,4889100.0,230267.0,75
201700057898,17,6,18,225,5,2,2,1.0,6.0,75115,M,4883610.0,227820.0,75
201700057899,17,6,18,2306,5,2,2,1.0,3.0,75109,M,4887220.0,233829.0,75
201700057900,17,6,19,1407,1,2,2,1.0,6.0,75106,M,4884560.0,232862.0,75
201700057901,17,6,19,2035,2,2,1,1.0,6.0,75114,M,4883280.0,232444.0,75
201700057902,17,6,20,1445,1,2,1,1.0,2.0,75108,M,4887190.0,230833.0,75
201700057903,17,6,22,1600,1,2,7,1.0,4.0,75104,M,4885650.0,235549.0,75
201700057904,17,6,23,659,1,2,2,1.0,6.0,75108,M,4887380.0,232064.0,75
201700057905,17,6,23,1212,1,2,4,1.0,6.0,75108,M,4886490.0,231637.0,75
201700057906,17,6,24,1230,1,2,1,1.0,2.0,75113,M,4882410.0,235795.0,75
201700057907,17,6,27,820,1,2,3,1.0,3.0,75112,M,4885110.0,237673.0,75
201700057908,17,6,25,740,1,2,3,1.0,2.0,75119,M,4889820.0,238619.0,75
201700057909,17,6,26,900,1,2,3,1.0,6.0,75110,M,4888250.0,236918.0,75
201700057910,17,6,27,33,5,2,3,1.0,6.0,75104,M,4884970.0,236150.0,75
201700057911,17,6,27,1631,1,2,2,2.0,3.0,75102,M,4886930.0,235421.0,75
201700057912,17,6,27,2130,2,2,3,1.0,6.0,75118,M,4889860.0,236396.0,75
201700057913,17,6,28,1910,1,2,1,1.0,6.0,75117,M,4888800.0,230132.0,75
201700057914,17,6,28,2305,5,2,1,1.0,2.0,75120,M,4886750.0,239123.0,75
201700057915,17,7,1,1410,1,2,7,1.0,3.0,75108,M,4886420.0,230214.0,75
201700057916,17,7,1,2142,5,2,2,1.0,3.0,75116,M,4887490.0,227109.0,75
201700057917,17,7,2,1600,1,2,5,1.0,3.0,75116,M,4886500.0,223445.0,75
201700057918,17,7,3,650,1,2,1,1.0,7.0,75112,M,4883630.0,241242.0,75
201700057919,17,7,3,1224,1,2,2,1.0,6.0,75102,M,4886760.0,234635.0,75
201700057920,17,7,3,1859,1,2,2,1.0,6.0,75101,M,4886530.0,234307.0,75
201700057921,17,7,3,2158,2,2,3,1.0,3.0,75115,M,4885290.0,228655.0,75
201700057922,17,7,4,1840,1,2,4,1.0,6.0,75114,M,4881930.0,232882.0,75
201700057923,17,7,4,2102,2,2,1,1.0,4.0,75116,M,4886970.0,225646.0,75
201700057924,17,7,5,1845,1,2,1,1.0,3.0,75114,M,4881660.0,233898.0,75
201700057925,17,7,5,1945,1,2,1,1.0,6.0,75110,M,4888200.0,236736.0,75
201700057926,17,7,6,105,5,2,1,6.0,7.0,75112,M,4883630.0,243143.0,75
201700057927,17,7,6,1900,1,2,2,1.0,3.0,75105,M,4885140.0,234314.0,75
201700057928,17,7,7,1140,1,2,1,1.0,4.0,75120,M,4887350.0,241158.0,75
201700057929,17,7,8,41,5,2,1,1.0,6.0,75101,M,4885740.0,234649.0,75
201700057930,17,7,9,245,5,2,4,1.0,6.0,75110,M,4888150.0,235134.0,75
201700057931,17,7,10,1345,1,2,1,2.0,3.0,75117,M,4888460.0,230017.0,75
201700057932,17,7,13,235,5,2,3,1.0,7.0,75115,M,4884620.0,227663.0,75
201700057933,17,7,13,1640,1,2,7,1.0,3.0,75113,M,4883100.0,235613.0,75
201700057934,17,7,15,1807,1,2,1,1.0,6.0,75117,M,4889010.0,229797.0,75
201700057935,17,7,15,1740,1,2,1,1.0,6.0,75116,M,4887050.0,227862.0,75
201700057936,17,7,16,430,5,2,3,1.0,6.0,75116,M,4885790.0,228795.0,75
201700057937,17,7,17,640,1,2,1,1.0,6.0,75114,M,4881990.0,232662.0,75
201700057938,17,7,18,2320,1,2,1,1.0,6.0,75116,M,4885950.0,226269.0,75
201700057939,17,7,20,1340,1,2,1,1.0,6.0,75106,M,4885630.0,234062.0,75
201700057940,17,7,22,2225,5,2,1,1.0,6.0,75119,M,4890020.0,238251.0,75
201700057941,17,7,28,1135,1,2,1,1.0,6.0,75117,M,4889110.0,231938.0,75
201700057942,17,7,28,1835,1,2,1,1.0,3.0,75112,M,4883830.0,241361.0,75
201700057943,17,7,28,2230,5,2,4,1.0,3.0,75114,M,4883620.0,232350.0,75
201700057944,17,7,29,1316,1,2,2,1.0,3.0,75119,M,4889430.0,238170.0,75
201700057945,17,7,29,1745,1,2,2,1.0,3.0,75115,M,4884940.0,228155.0,75
201700057946,17,7,30,105,5,2,5,1.0,6.0,75116,M,4886900.0,229155.0,75
201700057947,17,7,31,845,1,2,3,1.0,6.0,75108,M,4888220.0,232171.0,75
201700057948,17,8,2,1225,1,2,1,1.0,2.0,75112,M,4883810.0,241280.0,75
201700057949,17,8,2,1330,1,2,1,1.0,6.0,75113,M,4882550.0,238096.0,75
201700057950,17,8,2,1505,1,2,3,1.0,4.0,75107,M,4885820.0,229226.0,75
201700057951,17,8,3,1214,1,2,1,1.0,6.0,75104,M,4885350.0,235747.0,75
201700057952,17,8,3,2235,5,2,1,1.0,3.0,75117,M,4889400.0,230478.0,75
201700057953,17,8,4,1543,1,2,2,1.0,3.0,75111,M,4885540.0,238423.0,75
201700057954,17,8,10,934,1,2,3,1.0,6.0,75120,M,4886780.0,238272.0,75
201700057955,17,8,12,1610,1,2,1,2.0,1.0,75119,M,4889250.0,238818.0,75
201700057956,17,8,13,945,1,2,1,1.0,6.0,75118,M,4890090.0,234304.0,75
201700057957,17,8,14,215,5,2,1,1.0,7.0,75105,M,4884900.0,235769.0,75
201700057958,17,8,16,1957,1,2,2,1.0,6.0,75111,M,4886890.0,238042.0,75
201700057959,17,8,17,150,5,2,4,1.0,3.0,75114,M,4883270.0,232487.0,75
201700057960,17,8,17,1546,1,2,4,1.0,1.0,75119,M,4889060.0,237641.0,75
201700057961,17,8,18,2258,5,2,5,1.0,3.0,75116,M,4886690.0,227178.0,75
201700057962,17,8,21,1615,1,2,1,1.0,6.0,75114,M,4883570.0,231847.0,75
201700057963,17,8,21,2244,5,2,7,1.0,6.0,75115,M,4884580.0,227664.0,75
201700057964,17,8,22,2334,5,2,2,1.0,3.0,75115,M,4884940.0,228155.0,75
201700057965,17,8,25,1530,1,2,3,1.0,3.0,75115,M,4884890.0,230454.0,75
201700057966,17,8,26,520,5,2,7,1.0,3.0,75109,M,4888330.0,232749.0,75
201700057967,17,8,29,1215,1,2,2,1.0,3.0,75113,M,4882850.0,237290.0,75
201700057968,17,8,29,2215,5,2,1,1.0,6.0,75117,M,4887790.0,228371.0,75
201700057969,17,8,31,1433,1,2,1,1.0,6.0,75108,M,4887380.0,229825.0,75
201700057970,17,9,1,136,5,2,5,1.0,3.0,75114,M,4882870.0,230748.0,75
201700057971,17,9,3,1630,1,2,1,1.0,3.0,75120,M,4885940.0,241404.0,75
201700057972,17,9,4,1724,1,2,1,1.0,6.0,75116,M,4885500.0,228422.0,75
201700057973,17,9,7,740,2,2,1,1.0,6.0,75113,M,4883240.0,235988.0,75
201700057974,17,9,7,1229,1,2,1,1.0,6.0,75104,M,4885170.0,236442.0,75
201700057975,17,9,8,1436,1,2,3,8.0,3.0,75111,M,4885550.0,238964.0,75
201700057976,17,9,10,2052,5,2,1,1.0,6.0,75106,M,4884600.0,231811.0,75
201700057977,17,9,11,1500,1,2,4,1.0,6.0,75120,M,4887320.0,241340.0,75
201700057978,17,9,12,1320,1,2,1,1.0,6.0,75111,M,4886560.0,236780.0,75
201700057979,17,9,12,1755,1,2,7,1.0,2.0,75116,M,4883840.0,225701.0,75
201700057980,17,9,13,705,2,2,2,8.0,7.0,75105,M,4884710.0,234195.0,75
201700057981,17,9,14,940,1,2,1,1.0,6.0,75116,M,4886490.0,227417.0,75
201700057982,17,9,15,1415,1,2,2,1.0,2.0,75105,M,4884960.0,235032.0,75
201700057983,17,9,15,1800,1,2,1,1.0,6.0,75117,M,4889100.0,231790.0,75
201700057984,17,9,17,40,5,2,1,1.0,7.0,75112,M,4882880.0,238744.0,75
201700057985,17,9,19,2127,5,2,1,1.0,6.0,75112,M,4884430.0,241389.0,75
201700057986,17,9,27,1300,1,2,1,8.0,6.0,75116,M,4886610.0,228269.0,75
201700057987,17,9,22,958,1,2,2,1.0,3.0,75109,M,4887170.0,233819.0,75
201700057988,17,9,22,1146,1,2,3,8.0,6.0,75105,M,4884510.0,235466.0,75
201700057989,17,9,22,1750,1,2,1,8.0,6.0,75112,M,4884540.0,240195.0,75
201700057990,17,9,24,1240,1,2,1,1.0,6.0,75108,M,4886550.0,230525.0,75
201700057991,17,9,25,715,5,2,2,1.0,3.0,75107,M,4886000.0,231305.0,75
201700057992,17,9,26,1040,1,2,3,8.0,6.0,75109,M,4888130.0,232842.0,75
201700057993,17,9,26,1440,1,2,1,1.0,6.0,75107,M,4885660.0,231506.0,75
201700057994,17,9,26,1855,1,2,2,1.0,4.0,75112,M,4883350.0,238209.0,75
201700057995,17,9,27,930,1,2,1,1.0,6.0,75117,M,4890040.0,232647.0,75
201700057996,17,9,28,1230,1,2,1,8.0,6.0,75112,M,4884620.0,240043.0,75
201700057997,17,9,28,1635,1,2,1,1.0,6.0,75114,M,4883980.0,233624.0,75
201700057998,17,10,26,1819,2,2,3,8.0,6.0,75117,M,4888780.0,231115.0,75
201700057999,17,9,30,1102,1,2,1,1.0,2.0,75114,M,4882250.0,231501.0,75
201700058000,17,9,30,1750,1,2,1,1.0,2.0,75117,M,4890070.0,232707.0,75
201700058001,17,10,2,2308,5,2,2,3.0,6.0,75105,M,4884740.0,234082.0,75
201700058002,17,10,3,910,1,2,1,1.0,3.0,75114,M,4881660.0,234304.0,75
201700058003,17,10,4,856,1,2,1,1.0,2.0,75114,M,4881640.0,233733.0,75
201700058004,17,10,4,1136,1,2,2,1.0,3.0,75112,M,4882060.0,244532.0,75
201700058005,17,10,6,114,5,2,2,1.0,6.0,75105,M,4884370.0,235490.0,75
201700058006,17,10,9,820,1,2,2,1.0,4.0,75113,M,4882090.0,235076.0,75
201700058007,17,10,9,1820,2,2,1,1.0,5.0,75117,M,4887920.0,228120.0,75
201700058008,17,10,10,955,1,2,7,1.0,3.0,75118,M,4889530.0,235964.0,75
201700058009,17,10,10,1354,1,2,7,1.0,3.0,75103,M,4886730.0,236338.0,75
201700058010,17,10,10,1449,1,2,2,1.0,4.0,75110,M,4888110.0,236516.0,75
201700058011,17,10,12,1850,2,2,1,1.0,3.0,75116,M,4886540.0,229436.0,75
201700058012,17,10,13,22,5,2,3,1.0,6.0,75115,M,4883740.0,228506.0,75
201700058013,17,10,13,1500,1,2,1,1.0,6.0,75113,M,4882390.0,235802.0,75
201700058014,17,10,15,325,5,2,1,1.0,6.0,75112,M,4883380.0,240888.0,75
201700058015,17,10,17,1800,1,2,1,1.0,6.0,75117,M,4888280.0,228375.0,75
201700058016,17,10,18,2200,5,2,2,1.0,2.0,75113,M,4882970.0,234949.0,75
201700058017,17,10,19,820,1,2,1,1.0,3.0,75117,M,4890070.0,232571.0,75
201700058018,17,10,22,11,5,2,2,1.0,6.0,75120,M,4885380.0,241204.0,75
201700058019,17,10,22,1640,1,2,1,1.0,6.0,75105,M,4883820.0,234951.0,75
201700058020,17,10,24,1040,1,2,1,2.0,4.0,75114,M,4882130.0,232014.0,75
201700058021,17,10,25,1154,1,2,1,8.0,2.0,75120,M,4885050.0,241520.0,75
201700058022,17,10,27,1118,1,2,1,1.0,4.0,75115,M,4883450.0,227571.0,75
201700058023,17,10,27,2000,2,2,1,1.0,4.0,75113,M,4881690.0,234830.0,75
201700058024,17,10,28,2310,5,2,5,1.0,3.0,75118,M,4890130.0,234410.0,75
201700058025,17,10,30,647,5,2,7,1.0,3.0,75116,M,4887230.0,229527.0,75
201700058026,17,10,31,2010,5,2,7,1.0,2.0,75108,M,4887910.0,232363.0,75
201700058027,17,11,1,1237,1,2,7,1.0,6.0,75116,M,4887440.0,229293.0,75
201700058028,17,11,2,1606,2,2,1,1.0,4.0,75108,M,4886380.0,230180.0,75
201700058029,17,11,3,830,1,2,7,8.0,6.0,75117,M,4888380.0,230476.0,75
201700058030,17,11,4,13,5,2,2,1.0,3.0,75112,M,4884960.0,237428.0,75
201700058031,17,11,6,1055,1,2,3,1.0,6.0,75113,M,4884240.0,236363.0,75
201700058032,17,11,6,1849,5,2,1,1.0,3.0,75113,M,4881770.0,236721.0,75
201700058033,17,11,7,639,5,2,4,8.0,3.0,75114,M,4882060.0,232415.0,75
201700058034,17,11,7,1630,1,2,1,1.0,6.0,75115,M,4885320.0,228982.0,75
201700058035,17,11,8,1905,5,2,4,1.0,6.0,75114,M,4883940.0,233053.0,75
201700058036,17,11,8,1915,5,2,2,1.0,3.0,75115,M,4885020.0,228489.0,75
201700058037,17,11,9,1640,1,2,2,1.0,3.0,75117,M,4888520.0,230719.0,75
201700058038,17,11,10,506,5,2,3,2.0,6.0,75114,M,4882400.0,232570.0,75
201700058039,17,11,10,957,1,2,2,1.0,6.0,75114,M,4883500.0,232982.0,75
201700058040,17,11,10,1308,1,2,3,1.0,6.0,75114,M,4884150.0,232978.0,75
201700058041,17,11,10,1838,5,2,1,1.0,2.0,75116,M,4886990.0,227181.0,75
201700058042,17,11,11,220,5,2,1,2.0,6.0,75119,M,4888440.0,239849.0,75
201700058043,17,11,16,1855,5,2,1,1.0,6.0,75112,M,4884770.0,239971.0,75
201700058044,17,11,14,1314,1,2,2,1.0,3.0,75107,M,4885850.0,232311.0,75
201700058045,17,11,15,1208,1,2,2,1.0,6.0,75105,M,4884950.0,235439.0,75
201700058046,17,11,15,1250,1,2,2,1.0,3.0,75103,M,4885720.0,236175.0,75
201700058047,17,11,17,1502,1,2,4,1.0,2.0,75107,M,4885620.0,231501.0,75
201700058048,17,11,17,1855,5,2,1,1.0,3.0,75112,M,4884440.0,243988.0,75
201700058049,17,11,18,1650,2,2,1,1.0,6.0,75116,M,4884350.0,225548.0,75
201700058050,17,11,18,2308,5,2,2,1.0,3.0,75109,M,4887410.0,233974.0,75
201700058051,17,11,20,723,2,2,1,1.0,7.0,75116,M,4887110.0,224062.0,75
201700058052,17,11,21,1509,1,2,1,1.0,6.0,75114,M,4883480.0,231541.0,75
201700058053,17,11,23,2240,5,2,2,2.0,2.0,75108,M,4886610.0,229963.0,75
201700058054,17,11,24,1211,1,2,2,8.0,3.0,75115,M,4884530.0,231177.0,75
201700058055,17,11,24,1350,1,2,7,1.0,3.0,75112,M,4883550.0,240668.0,75
201700058056,17,11,25,1920,5,2,3,1.0,6.0,75117,M,4888540.0,231031.0,75
201700058057,17,11,26,315,5,2,1,1.0,6.0,75103,M,4885730.0,236812.0,75
201700058058,17,11,27,2012,5,2,1,2.0,4.0,75116,M,4886470.0,223499.0,75
201700058059,17,11,28,1622,2,2,1,8.0,3.0,75115,M,4885610.0,228979.0,75
201700058060,17,11,29,835,1,2,6,1.0,3.0,75117,M,4887430.0,229449.0,75
201700058061,17,12,1,234,5,2,1,8.0,7.0,75110,M,4887670.0,235571.0,75
201700058062,17,12,5,1310,1,2,1,1.0,4.0,75119,M,4889120.0,239551.0,75
201700058063,17,12,5,2030,5,2,4,1.0,6.0,75118,M,4889250.0,234886.0,75
201700058064,17,12,6,1852,5,2,2,1.0,6.0,75114,M,4882060.0,232415.0,75
201700058065,17,12,9,1408,1,2,4,1.0,6.0,75110,M,4887610.0,237214.0,75
201700058066,17,12,9,1813,5,2,2,1.0,6.0,75103,M,4886620.0,235251.0,75
201700058067,17,12,9,2110,5,2,7,1.0,7.0,75117,M,4887400.0,229417.0,75
201700058068,17,12,11,613,5,2,2,3.0,6.0,75116,M,4886010.0,227809.0,75
201700058069,17,12,11,2156,5,2,1,2.0,6.0,75116,M,4886760.0,228197.0,75
201700058070,17,12,12,840,1,2,3,1.0,6.0,75105,M,4885020.0,234819.0,75
201700058071,17,12,13,1441,1,2,7,8.0,3.0,75108,M,4886420.0,230214.0,75
201700058072,17,12,14,1503,1,2,4,2.0,3.0,75116,M,4885790.0,228795.0,75
201700058073,17,12,14,1805,5,2,3,8.0,3.0,75118,M,4889030.0,235828.0,75
201700058074,17,12,18,2314,5,2,1,1.0,6.0,75109,M,4887280.0,232867.0,75
201700058075,17,12,23,1,5,2,2,1.0,3.0,75117,M,4888720.0,231938.0,75
201700058076,17,12,24,303,5,2,1,1.0,6.0,75108,M,4886490.0,231713.0,75
201700058077,17,12,27,18,5,2,1,2.0,6.0,75108,M,4886570.0,232178.0,75
201700058078,17,12,29,1855,5,2,1,1.0,6.0,75113,M,4883780.0,236014.0,75
201700058079,17,1,1,1630,1,2,1,1.0,3.0,75120,M,4886610.0,241273.0,75
201700058080,17,1,2,635,5,2,1,8.0,4.0,75119,M,4888120.0,240340.0,75
201700058081,17,1,2,1950,5,2,1,1.0,2.0,75113,M,4881650.0,236476.0,75
201700058082,17,1,4,800,2,2,1,1.0,2.0,75116,M,4883640.0,225621.0,75
201700058083,17,1,4,2220,5,2,4,1.0,6.0,75114,M,4881890.0,233048.0,75
201700058084,17,1,5,1500,1,2,1,1.0,3.0,75113,M,4882600.0,238773.0,75
201700058085,17,1,5,1930,1,2,1,1.0,3.0,75118,M,4890100.0,234209.0,75