Num_Acc,an,mois,jour,hrmn,lum,agg,int,atm,col,com,gps,lat,long,dep
201700058086,17,1,6,1930,1,2,1,1.0,4.0,75119,M,4890070.0,237341.0,75
201700058087,17,1,10,2200,5,2,4,1.0,4.0,75116,M,4885800.0,226023.0,75
201700058088,17,1,11,1820,5,2,4,1.0,3.0,75114,M,4882400.0,230760.0,75
201700058089,17,1,12,1000,1,2,1,1.0,4.0,75119,M,4888310.0,240047.0,75
201700058090,17,1,15,545,5,2,1,1.0,2.0,75113,M,4882600.0,238773.0,75
201700058091,17,1,15,2040,5,2,1,2.0,6.0,75117,M,4888180.0,228236.0,75
201700058092,17,1,16,2345,5,2,4,1.0,7.0,75118,M,4890110.0,234756.0,75
201700058093,17,1,17,1900,1,2,1,1.0,4.0,75117,M,4890050.0,232531.0,75
201700058094,17,1,18,835,1,2,1,1.0,7.0,75119,M,4890030.0,238388.0,75
201700058095,17,1,19,1415,1,2,1,1.0,6.0,75116,M,4883490.0,226247.0,75
201700058096,17,1,19,1510,1,2,1,1.0,3.0,75117,M,4888200.0,228308.0,75
201700058097,17,1,20,811,2,2,1,1.0,6.0,75119,M,4889840.0,239384.0,75
201700058098,17,1,21,2130,5,2,4,1.0,5.0,75119,M,4889270.0,239550.0,75
201700058099,17,1,23,750,1,2,1,1.0,2.0,75112,M,4882980.0,240126.0,75
201700058100,17,1,23,858,1,2,1,1.0,7.0,75112,M,4882820.0,238832.0,75
201700058101,17,1,25,1810,5,2,1,1.0,2.0,75118,M,4890090.0,234304.0,75
201700058102,17,1,26,35,5,2,4,1.0,3.0,75113,M,4882040.0,237607.0,75
201700058103,17,1,28,5,5,2,1,1.0,2.0,75118,M,4890100.0,235394.0,75
201700058104,17,1,28,930,1,2,1,1.0,6.0,75114,M,4882260.0,231375.0,75
201700058105,17,1,29,1438,1,2,1,1.0,2.0,75118,M,4890100.0,235122.0,75
201700058106,17,1,30,630,5,2,1,2.0,4.0,75120,M,4885940.0,241404.0,75
201700058107,17,1,30,900,1,2,1,1.0,7.0,75119,M,4890040.0,238291.0,75
201700058108,17,1,31,1955,5,2,4,1.0,6.0,75114,M,4881690.0,233493.0,75
201700058109,17,2,2,1300,1,2,4,1.0,2.0,75114,M,4882200.0,231637.0,75
201700058110,17,2,2,2045,5,2,1,1.0,7.0,75119,M,4889910.0,239278.0,75
201700058111,17,2,2,2340,5,2,1,1.0,3.0,75113,M,4881680.0,235562.0,75
201700058112,17,2,3,200,5,2,1,1.0,6.0,75117,M,4889590.0,230909.0,75
201700058113,17,2,6,1145,1,2,1,1.0,2.0,75119,M,4890020.0,237248.0,75
201700058114,17,2,6,1840,5,2,4,1.0,2.0,75112,M,4882700.0,239006.0,75
201700058115,17,2,7,930,1,2,1,2.0,4.0,75117,M,4889220.0,230177.0,75
201700058116,17,2,7,1110,1,2,1,3.0,2.0,75120,M,4884700.0,241469.0,75
201700058117,17,2,8,1315,1,2,4,1.0,6.0,75114,M,4881680.0,233566.0,75
201700058118,17,2,11,1820,2,2,1,1.0,3.0,75118,M,4890070.0,236757.0,75
201700058119,17,2,12,640,3,2,4,1.0,6.0,75113,M,4881640.0,234717.0,75
201700058120,17,2,12,1345,1,2,1,1.0,6.0,75114,M,4881640.0,234307.0,75
201700058121,17,2,12,2336,5,2,1,1.0,6.0,75116,M,4887590.0,227782.0,75
201700058122,17,2,14,1740,2,2,1,1.0,3.0,75116,M,4884850.0,225328.0,75
201700058123,17,2,15,755,1,2,4,1.0,4.0,75112,M,4883070.0,240254.0,75
201700058124,17,2,15,2210,4,2,4,1.0,6.0,75119,M,4890020.0,238122.0,75
201700058125,17,2,16,1,5,2,4,1.0,2.0,75117,M,4889240.0,230099.0,75
201700058126,17,2,16,1715,1,2,4,1.0,4.0,75114,M,4881680.0,233566.0,75
201700058127,17,2,16,1940,5,2,1,8.0,2.0,75116,M,4886030.0,226329.0,75
201700058128,17,2,17,800,1,2,1,1.0,4.0,75117,M,4888600.0,228858.0,75
201700058129,17,2,17,1415,1,2,1,1.0,2.0,75112,M,4882650.0,239180.0,75
201700058130,17,2,17,1650,1,2,4,1.0,2.0,75119,M,4888090.0,240449.0,75
201700058131,17,2,19,640,1,2,4,5.0,6.0,75119,M,4888590.0,239752.0,75
201700058132,17,2,19,2155,5,2,1,1.0,6.0,75120,M,4885850.0,241411.0,75
201700058133,17,2,21,1430,1,2,1,1.0,6.0,75113,M,4882520.0,238532.0,75
201700058134,17,2,21,1745,2,2,4,1.0,6.0,75118,M,4890070.0,236453.0,75
201700058135,17,2,23,1135,1,2,4,6.0,6.0,75112,M,4882790.0,239460.0,75
201700058136,17,2,23,1330,1,2,1,1.0,4.0,75120,M,4887020.0,241321.0,75
201700058137,17,2,23,1900,2,2,4,1.0,2.0,75116,M,4886990.0,227174.0,75
201700058138,17,2,24,2330,5,2,4,1.0,6.0,75112,M,4883570.0,241210.0,75
201700058139,17,2,25,2300,5,2,1,1.0,2.0,75118,M,4890120.0,235434.0,75
201700058140,17,2,26,915,1,2,1,1.0,6.0,75112,M,4884160.0,241355.0,75
201700058141,17,2,28,1740,1,2,4,1.0,6.0,75112,M,4884460.0,241418.0,75
201700058142,17,3,1,1500,1,2,1,2.0,3.0,75116,M,4886300.0,226549.0,75
201700058143,17,3,1,1615,1,2,1,2.0,7.0,75112,M,4882730.0,239147.0,75
201700058144,17,3,2,1150,1,2,1,1.0,7.0,75116,M,4885400.0,225376.0,75
201700058145,17,3,2,1745,1,2,1,1.0,3.0,75114,M,4881930.0,232936.0,75
201700058146,17,3,3,1340,1,2,1,1.0,4.0,75120,M,4887590.0,240970.0,75
201700058147,17,3,3,1800,2,2,4,1.0,3.0,75118,M,4890070.0,236453.0,75
201700058148,17,3,7,825,1,2,1,1.0,3.0,75120,M,4885850.0,241411.0,75
201700058149,17,3,7,1800,1,2,1,1.0,4.0,75114,M,4882100.0,232143.0,75
201700058150,17,3,8,830,1,2,1,2.0,7.0,75114,M,4881990.0,232662.0,75
201700058151,17,3,8,910,1,2,1,2.0,7.0,75119,M,4890050.0,238971.0,75
201700058152,17,3,9,820,1,2,1,1.0,3.0,75119,M,4889310.0,239540.0,75
201700058153,17,3,9,1150,1,2,1,1.0,2.0,75117,M,4890020.0,232128.0,75
201700058154,17,3,10,810,1,2,1,1.0,2.0,75116,M,4883560.0,225845.0,75
201700058155,17,3,10,1300,1,2,1,1.0,4.0,75112,M,4883040.0,240251.0,75
201700058156,17,3,10,1640,1,2,4,1.0,2.0,75112,M,4882810.0,239020.0,75
201700058157,17,3,11,2140,5,2,1,1.0,7.0,75114,M,4881920.0,232929.0,75
201700058158,17,3,12,250,5,2,1,1.0,4.0,75112,M,4883630.0,241217.0,75
201700058159,17,3,12,950,1,2,1,1.0,6.0,75117,M,4889600.0,230828.0,75
201700058160,17,3,13,900,1,2,4,1.0,4.0,75116,M,4885100.0,225220.0,75
201700058161,17,3,14,1720,1,2,1,1.0,6.0,75116,M,4886770.0,226960.0,75
201700058162,17,3,15,1240,1,2,1,1.0,3.0,75120,M,4886480.0,241324.0,75
201700058163,17,3,16,1345,1,2,1,1.0,2.0,75118,M,4890090.0,236115.0,75
201700058164,17,3,16,1615,1,2,1,1.0,7.0,75115,M,4883340.0,227807.0,75
201700058165,17,3,17,1235,1,2,1,1.0,3.0,75119,M,4888170.0,240198.0,75
201700058166,17,3,17,1730,1,2,1,1.0,3.0,75113,M,4882280.0,238120.0,75
201700058167,17,3,20,1700,1,2,1,1.0,2.0,75118,M,4890080.0,235664.0,75
201700058168,17,3,20,1500,1,2,1,1.0,3.0,75120,M,4885850.0,241411.0,75
201700058169,17,3,21,200,5,2,1,1.0,7.0,75118,M,4890110.0,235731.0,75
201700058170,17,3,21,605,2,2,1,1.0,6.0,75120,M,4885230.0,241469.0,75
201700058171,17,3,21,1435,1,2,1,1.0,6.0,75115,M,4882900.0,228841.0,75
201700058172,17,3,22,1730,1,2,1,1.0,4.0,75120,M,4885050.0,241520.0,75
201700058173,17,3,22,2130,5,2,1,1.0,3.0,75112,M,4884250.0,241361.0,75
201700058174,17,3,23,1130,1,2,1,1.0,3.0,75119,M,4889570.0,239469.0,75
201700058175,17,3,23,900,1,2,1,1.0,3.0,75119,M,4890050.0,238427.0,75
201700058176,17,3,24,1935,5,2,1,1.0,4.0,75117,M,4890020.0,232128.0,75
201700058177,17,3,24,2300,5,2,1,1.0,5.0,75113,M,4881620.0,235818.0,75
201700058178,17,3,25,1750,1,2,1,1.0,4.0,75113,M,4881790.0,235204.0,75
201700058179,17,3,25,2305,5,2,4,1.0,6.0,75114,M,4881890.0,233048.0,75
201700058180,17,3,26,1240,1,2,1,1.0,4.0,75119,M,4890040.0,238154.0,75
201700058181,17,3,28,1530,1,2,1,1.0,3.0,75116,M,4887060.0,227264.0,75
201700058182,17,3,29,1830,1,2,1,1.0,3.0,75116,M,4884160.0,225418.0,75
201700058183,17,3,30,1725,1,2,1,1.0,7.0,75116,M,4887500.0,227620.0,75
201700058184,17,3,30,1740,1,2,1,1.0,4.0,75120,M,4887510.0,241049.0,75
201700058185,17,3,30,2035,5,2,1,1.0,3.0,75114,M,4881780.0,233402.0,75
201700058186,17,3,31,1630,1,2,1,1.0,3.0,75118,M,4890090.0,235706.0,75
201700058187,17,3,31,1710,1,2,1,1.0,5.0,75118,M,4890090.0,233525.0,75
201700058188,17,4,1,445,5,2,1,1.0,3.0,75120,M,4886210.0,241386.0,75
201700058189,17,4,1,1245,1,2,1,1.0,4.0,75120,M,4886660.0,241321.0,75
201700058190,17,4,1,1450,1,2,1,1.0,4.0,75115,M,4883520.0,227055.0,75
201700058191,17,4,2,1300,1,2,4,1.0,2.0,75112,M,4883070.0,240254.0,75
201700058192,17,4,2,2035,5,2,1,1.0,3.0,75113,M,4881640.0,234714.0,75
201700058193,17,4,3,800,1,2,1,1.0,3.0,75120,M,4885400.0,241392.0,75
201700058194,17,4,3,1025,1,2,1,1.0,5.0,75116,M,4887500.0,227620.0,75
201700058195,17,4,3,1645,1,2,1,1.0,4.0,75113,M,4881850.0,236952.0,75
201700058196,17,4,3,1530,1,2,1,1.0,3.0,75117,M,4888960.0,229686.0,75
201700058197,17,4,4,1000,1,2,1,1.0,2.0,75118,M,4890110.0,235123.0,75
201700058198,17,4,5,1145,1,2,1,1.0,2.0,75114,M,4881880.0,233181.0,75
201700058199,17,4,5,1610,1,2,1,1.0,2.0,75118,M,4890080.0,236799.0,75
201700058200,17,4,6,1120,1,2,1,1.0,2.0,75115,M,4882710.0,229438.0,75
201700058201,17,4,6,1610,1,2,4,1.0,3.0,75117,M,4890040.0,232236.0,75
201700058202,17,4,7,1000,1,2,4,1.0,2.0,75120,M,4886170.0,241371.0,75
201700058203,17,4,7,2000,2,2,1,1.0,2.0,75113,M,4881750.0,236708.0,75
201700058204,17,4,8,1345,1,2,1,1.0,3.0,75120,M,4887020.0,241321.0,75
201700058205,17,4,9,735,2,2,1,1.0,2.0,75120,M,4887350.0,241158.0,75
201700058206,17,4,9,1510,1,2,1,1.0,6.0,75119,M,4890060.0,237300.0,75
201700058207,17,4,12,1525,1,2,1,1.0,4.0,75120,M,4884970.0,241520.0,75
201700058208,17,4,12,1530,1,2,1,1.0,6.0,75119,M,4889220.0,239541.0,75
201700058209,17,4,12,1800,1,2,1,1.0,2.0,75119,M,4888230.0,240107.0,75
201700058210,17,4,12,1925,1,2,1,1.0,2.0,75116,M,4886990.0,227181.0,75
201700058211,17,4,13,855,1,2,1,1.0,4.0,75117,M,4890040.0,232259.0,75
201700058212,17,4,13,740,1,2,1,1.0,2.0,75114,M,4881680.0,233761.0,75
201700058213,17,4,13,1930,1,2,4,1.0,7.0,75120,M,4886170.0,241393.0,75
201700058214,17,4,14,750,1,2,1,1.0,2.0,75112,M,4882880.0,239902.0,75
201700058215,17,4,14,1040,1,2,1,1.0,3.0,75115,M,4882660.0,229569.0,75
201700058216,17,4,14,1410,1,2,1,1.0,2.0,75114,M,4882100.0,232143.0,75
201700058217,17,4,14,1520,1,2,4,1.0,2.0,75120,M,4885630.0,241392.0,75
201700058218,17,4,15,50,5,2,1,1.0,6.0,75117,M,4890070.0,232570.0,75
201700058219,17,4,16,625,5,2,1,1.0,6.0,75113,M,4882600.0,238773.0,75
201700058220,17,4,17,1350,1,2,1,1.0,2.0,75114,M,4882460.0,230471.0,75
201700058221,17,4,19,715,1,2,1,1.0,4.0,75116,M,4884830.0,225235.0,75
201700058222,17,4,19,910,1,2,1,1.0,3.0,75112,M,4883630.0,241217.0,75
201700058223,17,4,19,1530,1,2,1,1.0,2.0,75112,M,4882690.0,239092.0,75
201700058224,17,4,20,2005,2,2,1,1.0,3.0,75118,M,4890100.0,234072.0,75
201700058225,17,4,21,1011,1,2,1,1.0,2.0,75115,M,4883260.0,228036.0,75
201700058226,17,4,22,1300,1,2,1,1.0,3.0,75113,M,4881790.0,236830.0,75
201700058227,17,4,23,110,5,2,1,1.0,2.0,75113,M,4882120.0,237801.0,75
201700058228,17,4,23,1440,1,2,1,1.0,3.0,75120,M,4885940.0,241404.0,75
201700058229,17,4,23,1340,1,2,1,1.0,4.0,75117,M,4888580.0,228783.0,75
201700058230,17,4,23,1950,1,2,1,1.0,2.0,75118,M,4890100.0,234072.0,75
201700058231,17,4,24,800,1,2,1,1.0,3.0,75112,M,4883220.0,240526.0,75
201700058232,17,4,24,920,1,2,1,1.0,4.0,75119,M,4890030.0,237746.0,75
201700058233,17,4,24,1210,1,2,1,1.0,4.0,75116,M,4887070.0,227204.0,75
201700058234,17,4,24,1105,1,2,1,1.0,3.0,75116,M,4885480.0,225537.0,75
201700058235,17,4,24,810,1,2,1,1.0,4.0,75116,M,4884340.0,225454.0,75
201700058236,17,4,24,1455,1,2,1,1.0,3.0,75113,M,4881910.0,237198.0,75
201700058237,17,4,24,1810,1,2,1,1.0,2.0,75118,M,4890090.0,236389.0,75
201700058238,17,4,24,1627,1,2,1,1.0,2.0,75112,M,4883420.0,241007.0,75
201700058239,17,4,25,840,1,2,1,2.0,3.0,75112,M,4883100.0,240353.0,75
201700058240,17,4,25,1425,1,2,1,1.0,4.0,75118,M,4890070.0,233485.0,75
201700058241,17,4,25,1730,1,2,1,1.0,6.0,75113,M,4881970.0,237314.0,75
201700058242,17,4,25,1745,1,2,1,1.0,2.0,75112,M,4883630.0,241217.0,75
201700058243,17,4,26,940,1,2,4,1.0,6.0,75113,M,4881600.0,235693.0,75
201700058244,17,4,26,1510,1,2,1,1.0,6.0,75113,M,4881650.0,236476.0,75
201700058245,17,4,26,1840,1,2,1,1.0,7.0,75119,M,4889490.0,239492.0,75
201700058246,17,4,27,1950,2,2,1,1.0,2.0,75118,M,4890090.0,233662.0,75
201700058247,17,4,28,1000,1,2,1,8.0,7.0,75118,M,4890030.0,235911.0,75
201700058248,17,4,28,1230,1,2,1,1.0,3.0,75120,M,4887190.0,241278.0,75
201700058249,17,4,28,1255,1,2,1,2.0,2.0,75116,M,4885660.0,225754.0,75
201700058250,17,4,28,945,1,2,1,1.0,2.0,75115,M,4882740.0,229308.0,75
201700058251,17,4,28,2030,5,2,1,1.0,7.0,75118,M,4890080.0,234031.0,75
201700058252,17,4,28,2340,5,2,4,1.0,6.0,75119,M,4888090.0,240449.0,75
201700058253,17,4,30,215,5,2,1,1.0,4.0,75112,M,4884430.0,241389.0,75
201700058254,17,5,1,2023,2,2,1,1.0,6.0,75117,M,4888920.0,229562.0,75
201700058255,17,5,2,915,1,2,1,1.0,3.0,75117,M,4888780.0,229157.0,75
201700058256,17,5,2,1210,1,2,1,1.0,4.0,75112,M,4882920.0,240049.0,75
201700058257,17,5,2,1725,1,2,1,1.0,4.0,75116,M,4885190.0,225236.0,75
201700058258,17,5,3,1520,1,2,4,3.0,6.0,75119,M,4889990.0,239205.0,75
201700058259,17,5,4,1640,1,2,1,1.0,3.0,75119,M,4888950.0,239615.0,75
201700058260,17,5,6,1610,1,2,1,1.0,2.0,75116,M,4887350.0,227484.0,75
201700058261,17,5,7,1110,1,2,4,2.0,6.0,75117,M,4888210.0,228277.0,75
201700058262,17,5,9,805,1,2,1,1.0,6.0,75118,M,4890100.0,235122.0,75
201700058263,17,5,10,950,1,2,1,1.0,3.0,75113,M,4882070.0,237685.0,75
201700058264,17,5,10,1200,1,2,1,1.0,2.0,75116,M,4887370.0,227541.0,75
201700058265,17,5,10,1445,1,2,4,1.0,7.0,75114,M,4882090.0,232192.0,75
201700058266,17,5,11,1800,1,2,1,1.0,3.0,75116,M,4886970.0,227119.0,75
201700058267,17,5,12,910,1,2,1,1.0,3.0,75113,M,4882620.0,238765.0,75
201700058268,17,5,12,1000,1,2,1,1.0,6.0,75117,M,4889640.0,230946.0,75
201700058269,17,5,12,1900,1,2,2,2.0,3.0,75118,M,4890090.0,236689.0,75
201700058270,17,5,14,1845,1,2,1,1.0,2.0,75119,M,4890050.0,237476.0,75
201700058271,17,5,16,1820,1,2,1,1.0,3.0,75112,M,4882850.0,239802.0,75
201700058272,17,5,16,1910,1,2,1,1.0,4.0,75118,M,4890080.0,233388.0,75
201700058273,17,5,17,820,1,2,1,1.0,2.0,75118,M,4890110.0,234480.0,75
201700058274,17,5,17,1300,1,2,1,1.0,3.0,75115,M,4883100.0,228386.0,75
201700058275,17,5,20,1650,1,2,4,1.0,2.0,75112,M,4882700.0,239006.0,75
201700058276,17,5,20,2000,1,2,1,1.0,2.0,75113,M,4881780.0,235339.0,75
201700058277,17,5,21,1715,1,2,1,1.0,4.0,75112,M,4882850.0,239773.0,75
201700058278,17,5,22,845,1,2,1,1.0,2.0,75112,M,4882850.0,239773.0,75
201700058279,17,5,22,1800,1,2,1,1.0,3.0,75113,M,4881640.0,234443.0,75
201700058280,17,5,23,950,1,2,1,1.0,7.0,75117,M,4888580.0,228783.0,75
201700058281,17,5,23,935,1,2,1,1.0,2.0,75117,M,4888720.0,229056.0,75
201700058282,17,5,23,2250,5,2,4,1.0,7.0,75118,M,4890070.0,236662.0,75
201700058283,17,5,24,720,1,2,4,1.0,6.0,75115,M,4883480.0,226700.0,75
201700058284,17,5,24,855,1,2,1,1.0,3.0,75113,M,4881850.0,236952.0,75
201700058285,17,5,24,1100,1,2,1,1.0,7.0,75120,M,4887020.0,241321.0,75
201700058286,17,5,24,1630,1,2,1,1.0,6.0,75120,M,4887510.0,241028.0,75
201700058287,17,5,24,1830,1,2,1,1.0,4.0,75117,M,4890040.0,232259.0,75
201700058288,17,5,25,1430,1,2,1,1.0,3.0,75120,M,4884700.0,241446.0,75
201700058289,17,5,26,1330,1,2,1,1.0,2.0,75117,M,4888170.0,228254.0,75
201700058290,17,5,26,1755,1,2,1,1.0,2.0,75114,M,4882220.0,231628.0,75
201700058291,17,5,28,1555,1,2,1,1.0,4.0,75117,M,4889980.0,232004.0,75
201700058292,17,5,10,1100,1,2,1,1.0,3.0,75118,M,4890060.0,233214.0,75
201700058293,17,5,29,1930,1,2,1,1.0,4.0,75116,M,4885600.0,225659.0,75
201700058294,17,5,30,1435,1,2,4,1.0,6.0,75115,M,4883490.0,227333.0,75
201700058295,17,5,30,2030,1,2,1,1.0,4.0,75114,M,4882100.0,232143.0,75
201700058296,17,6,2,1755,1,2,1,1.0,3.0,75112,M,4884070.0,241346.0,75
201700058297,17,6,3,510,2,2,4,1.0,6.0,75120,M,4887550.0,241019.0,75
201700058298,17,6,3,1710,1,2,1,1.0,3.0,75114,M,4881960.0,232792.0,75
201700058299,17,6,5,1350,1,2,1,7.0,7.0,75112,M,4882920.0,240049.0,75
201700058300,17,6,5,1650,1,2,1,1.0,4.0,75117,M,4888540.0,228759.0,75
201700058301,17,6,5,1930,1,2,1,1.0,3.0,75112,M,4884520.0,241432.0,75
201700058302,17,6,6,244,5,2,1,2.0,6.0,75118,M,4890030.0,235915.0,75
201700058303,17,6,6,950,1,2,1,1.0,6.0,75116,M,4886920.0,227099.0,75
201700058304,17,6,6,1540,1,2,4,2.0,6.0,75119,M,4890020.0,238122.0,75
201700058305,17,6,7,855,1,2,1,1.0,6.0,75114,M,4881840.0,233305.0,75
201700058306,17,6,7,910,1,2,1,1.0,3.0,75116,M,4886690.0,226901.0,75
201700058307,17,6,7,1830,1,2,1,1.0,3.0,75113,M,4881830.0,236953.0,75
201700058308,17,6,7,1650,1,2,1,1.0,2.0,75118,M,4890080.0,233118.0,75
201700058309,17,6,8,1100,1,2,4,1.0,5.0,75117,M,4888470.0,228607.0,75
201700058310,17,6,9,1430,1,2,1,1.0,7.0,75119,M,4889660.0,239410.0,75
201700058311,17,6,9,1740,1,2,1,1.0,4.0,75117,M,4889910.0,231756.0,75
201700058312,17,6,9,1445,1,2,1,1.0,2.0,75117,M,4888410.0,228562.0,75
201700058313,17,6,10,1345,1,2,1,1.0,2.0,75118,M,4890080.0,235715.0,75
201700058314,17,6,12,645,1,2,4,1.0,2.0,75113,M,4882040.0,237607.0,75
201700058315,17,6,12,1015,1,2,1,1.0,2.0,75113,M,4882640.0,238893.0,75
201700058316,17,6,12,1715,1,2,1,1.0,3.0,75119,M,4888170.0,240198.0,75
201700058317,17,6,13,750,1,2,1,1.0,2.0,75117,M,4889520.0,230681.0,75
201700058318,17,6,13,1020,1,2,4,1.0,5.0,75116,M,4887380.0,227546.0,75
201700058319,17,6,13,1520,1,2,1,1.0,4.0,75119,M,4890050.0,238427.0,75
201700058320,17,6,14,1330,1,2,1,1.0,2.0,75118,M,4890080.0,233118.0,75
201700058321,17,6,14,1710,1,2,1,1.0,3.0,75116,M,4886660.0,226852.0,75
201700058322,17,6,15,505,5,2,1,1.0,2.0,75119,M,4890050.0,238795.0,75
201700058323,17,6,17,1900,5,2,1,1.0,2.0,75116,M,4884430.0,225486.0,75
201700058324,17,6,18,1210,1,2,1,1.0,2.0,75118,M,4890090.0,235529.0,75
201700058325,17,6,18,2005,1,2,1,1.0,2.0,75118,M,4890080.0,236799.0,75
201700058326,17,6,19,710,1,2,1,1.0,3.0,75119,M,4888450.0,239874.0,75
201700058327,17,6,20,800,1,2,1,1.0,2.0,75117,M,4889740.0,231269.0,75
201700058328,17,6,20,950,1,2,1,1.0,2.0,75120,M,4887510.0,241049.0,75
201700058329,17,6,20,1710,1,2,1,1.0,6.0,75116,M,4885740.0,225922.0,75
201700058330,17,6,20,1700,1,2,1,1.0,6.0,75116,M,4883500.0,226380.0,75
201700058331,17,6,21,1150,1,2,1,1.0,4.0,75118,M,4890090.0,236524.0,75
201700058332,17,6,21,930,1,2,1,1.0,2.0,75119,M,4889660.0,239410.0,75
201700058333,17,6,22,1530,1,2,1,1.0,5.0,75113,M,4881770.0,235070.0,75
201700058334,17,6,22,1610,1,2,1,1.0,2.0,75117,M,4889910.0,231756.0,75
201700058335,17,6,23,900,1,2,1,1.0,5.0,75114,M,4882000.0,232534.0,75
201700058336,17,6,23,1000,1,2,1,1.0,3.0,75118,M,4890110.0,234617.0,75
201700058337,17,6,23,1910,1,2,1,1.0,3.0,75119,M,4889220.0,239564.0,75
201700058338,17,6,24,640,1,2,4,1.0,3.0,75120,M,4884890.0,241485.0,75
201700058339,17,6,24,1845,1,2,1,1.0,4.0,75117,M,4888520.0,228683.0,75
201700058340,17,6,26,940,1,2,1,1.0,4.0,75116,M,4887370.0,227541.0,75
201700058341,17,6,26,2155,1,2,1,1.0,2.0,75119,M,4888170.0,240198.0,75
201700058342,17,6,27,125,5,2,1,1.0,5.0,75112,M,4883630.0,241242.0,75
201700058343,17,6,27,130,5,2,1,1.0,3.0,75119,M,4888000.0,240698.0,75
201700058344,17,6,27,740,1,2,1,2.0,2.0,75116,M,4883510.0,226244.0,75
201700058345,17,6,28,1330,1,2,1,1.0,3.0,75113,M,4882560.0,238652.0,75
201700058346,17,6,28,1545,1,2,1,1.0,3.0,75113,M,4882010.0,237435.0,75
201700058347,17,6,28,1830,1,2,1,1.0,2.0,75116,M,4886380.0,226628.0,75
201700058348,17,6,30,1125,1,2,1,2.0,3.0,75119,M,4890060.0,238699.0,75
201700058349,17,6,30,1740,1,2,1,8.0,2.0,75114,M,4881650.0,234171.0,75
201700058350,17,7,1,1610,5,2,1,1.0,3.0,75120,M,4887270.0,241221.0,75
201700058351,17,7,2,730,1,2,1,2.0,2.0,75115,M,4882850.0,228953.0,75
201700058352,17,7,4,745,1,2,1,1.0,3.0,75113,M,4881770.0,236721.0,75
201700058353,17,7,5,1530,1,2,1,1.0,3.0,75112,M,4883720.0,241249.0,75
201700058354,17,7,5,1440,1,2,1,1.0,2.0,75117,M,4890060.0,232297.0,75
201700058355,17,7,6,940,1,2,4,2.0,6.0,75113,M,4881890.0,237064.0,75
201700058356,17,7,6,1430,1,2,1,1.0,4.0,75120,M,4887020.0,241321.0,75
201700058357,17,7,6,1800,1,2,1,1.0,4.0,75118,M,4890060.0,233214.0,75
201700058358,17,7,8,900,1,2,4,1.0,3.0,75119,M,4888240.0,240095.0,75
201700058359,17,7,9,10,5,2,1,1.0,3.0,75112,M,4882880.0,239902.0,75
201700058360,17,7,9,755,1,2,1,1.0,3.0,75118,M,4890100.0,234345.0,75
201700058361,17,7,9,940,1,2,1,1.0,4.0,75113,M,4881610.0,236356.0,75
201700058362,17,7,10,915,1,2,1,2.0,3.0,75118,M,4890080.0,236074.0,75
201700058363,17,7,10,1040,1,2,1,2.0,4.0,75120,M,4886840.0,241320.0,75
201700058364,17,7,11,1100,1,2,1,1.0,3.0,75117,M,4888720.0,229056.0,75
201700058365,17,7,12,840,1,2,1,8.0,6.0,75115,M,4882770.0,229184.0,75
201700058366,17,7,12,1710,1,2,1,1.0,4.0,75119,M,4890030.0,237882.0,75
201700058367,17,7,12,2150,2,2,4,1.0,4.0,75118,M,4890070.0,236662.0,75
201700058368,17,7,13,135,5,2,1,1.0,6.0,75119,M,4890020.0,239101.0,75
201700058369,17,7,16,1455,1,2,1,1.0,6.0,75113,M,4881780.0,235339.0,75
201700058370,17,7,17,10,5,2,4,1.0,6.0,75116,M,4887650.0,227847.0,75
201700058371,17,7,17,1140,1,2,1,1.0,3.0,75119,M,4889910.0,239278.0,75
201700058372,17,7,18,1125,1,2,1,1.0,6.0,75119,M,4889390.0,239489.0,75
201700058373,17,7,18,845,1,2,1,1.0,4.0,75116,M,4886140.0,226432.0,75
201700058374,17,7,19,620,1,2,1,1.0,6.0,75119,M,4889490.0,239492.0,75
201700058375,17,7,19,1505,1,2,4,1.0,6.0,75116,M,4884670.0,225485.0,75
201700058376,17,7,20,1100,1,2,1,1.0,2.0,75120,M,4886210.0,241364.0,75
201700058377,17,7,20,1100,1,2,1,1.0,3.0,75114,M,4882330.0,231115.0,75
201700058378,17,7,20,1510,1,2,1,1.0,2.0,75116,M,4884490.0,225479.0,75
201700058379,17,7,20,1740,1,2,1,1.0,4.0,75113,M,4881620.0,235818.0,75
201700058380,17,7,21,1200,1,2,1,1.0,4.0,75118,M,4890080.0,234167.0,75
201700058381,17,7,21,1055,1,2,4,1.0,6.0,75114,M,4882250.0,231471.0,75
201700058382,17,7,21,1930,1,2,1,1.0,3.0,75118,M,4890080.0,235715.0,75
201700058383,17,7,22,1950,1,2,1,1.0,3.0,75119,M,4889480.0,239462.0,75
201700058384,17,7,23,2130,5,2,4,2.0,6.0,75120,M,4886340.0,241343.0,75
201700058385,17,7,24,635,1,2,1,1.0,3.0,75112,M,4883630.0,241242.0,75
201700058386,17,7,25,1430,1,2,1,1.0,4.0,75117,M,4889520.0,230681.0,75
201700058387,17,7,25,1900,1,2,1,1.0,5.0,75112,M,4884160.0,241376.0,75
201700058388,17,7,26,845,1,2,1,1.0,6.0,75112,M,4883550.0,241198.0,75