Num_Acc,an,mois,jour,hrmn,lum,agg,int,atm,col,com,gps,lat,long,dep
201700058389,17,7,26,1840,1,2,1,1.0,2.0,75112,M,4883330.0,240768.0,75
201700058390,17,7,26,1710,1,2,4,1.0,4.0,75117,M,4888470.0,228607.0,75
201700058391,17,7,27,950,1,2,1,1.0,2.0,75115,M,4883540.0,227189.0,75
201700058392,17,7,29,515,2,2,1,1.0,2.0,75115,M,4883470.0,227452.0,75
201700058393,17,7,30,1250,1,2,1,1.0,4.0,75113,M,4882620.0,238765.0,75
201700058394,17,7,31,1000,1,2,1,1.0,2.0,75116,M,4887040.0,227202.0,75
201700058395,17,7,31,2304,5,2,1,1.0,6.0,75112,M,4884340.0,241393.0,75
201700058396,17,8,2,1335,1,2,1,1.0,3.0,75113,M,4882620.0,238765.0,75
201700058397,17,8,4,740,1,2,1,1.0,2.0,75117,M,4890040.0,232164.0,75
201700058398,17,8,4,1930,1,2,1,1.0,2.0,75118,M,4890090.0,234304.0,75
201700058399,17,8,4,1740,1,2,1,1.0,3.0,75117,M,4889980.0,232004.0,75
201700058400,17,8,4,1800,1,2,1,1.0,2.0,75118,M,4890100.0,234849.0,75
201700058401,17,8,5,1125,1,2,1,1.0,6.0,75118,M,4890120.0,234889.0,75
201700058402,17,8,5,2210,5,2,1,1.0,6.0,75120,M,4886930.0,241346.0,75
201700058403,17,8,6,1845,1,2,1,1.0,3.0,75118,M,4890100.0,234849.0,75
201700058404,17,8,7,1745,1,2,4,1.0,6.0,75118,M,4890070.0,236662.0,75
201700058405,17,8,8,930,1,2,1,2.0,2.0,75119,M,4889970.0,239183.0,75
201700058406,17,8,8,1215,1,2,4,2.0,2.0,75117,M,4890060.0,232426.0,75
201700058407,17,8,8,1900,1,2,1,2.0,3.0,75112,M,4884250.0,241384.0,75
201700058408,17,8,9,1000,1,2,1,1.0,2.0,75116,M,4885070.0,225194.0,75
201700058409,17,8,9,1750,1,2,1,8.0,3.0,75116,M,4883710.0,225528.0,75
201700058410,17,8,12,2130,3,2,4,8.0,6.0,75120,M,4886340.0,241343.0,75
201700058411,17,8,16,855,1,2,1,1.0,6.0,75114,M,4882360.0,230986.0,75
201700058412,17,8,16,1745,1,2,1,1.0,2.0,75112,M,4882710.0,239050.0,75
201700058413,17,8,17,1110,1,2,1,8.0,2.0,75114,M,4882030.0,232406.0,75
201700058414,17,8,18,2015,1,2,1,1.0,2.0,75117,M,4888540.0,228759.0,75
201700058415,17,8,19,337,5,2,1,1.0,6.0,75118,M,4890070.0,236347.0,75
201700058416,17,8,19,2125,5,2,1,1.0,2.0,75116,M,4886200.0,226430.0,75
201700058417,17,8,20,805,1,2,1,1.0,6.0,75118,M,4890100.0,234209.0,75
201700058418,17,8,22,1445,1,2,4,1.0,3.0,75112,M,4882680.0,239014.0,75
201700058419,17,8,23,715,1,2,1,1.0,3.0,75112,M,4882820.0,239675.0,75
201700058420,17,8,24,310,5,2,1,1.0,7.0,75119,M,4888300.0,240022.0,75
201700058421,17,8,25,1305,1,2,1,3.0,2.0,75119,M,4889570.0,239469.0,75
201700058422,17,8,25,1750,1,2,1,1.0,4.0,75116,M,4887710.0,227977.0,75
201700058423,17,8,26,1415,1,2,1,1.0,4.0,75112,M,4882920.0,240024.0,75
201700058424,17,8,26,1600,1,2,1,1.0,7.0,75112,M,4883220.0,240526.0,75
201700058425,17,8,27,1000,1,2,1,1.0,6.0,75120,M,4886600.0,241268.0,75
201700058426,17,8,28,620,5,2,4,1.0,2.0,75113,M,4881890.0,237064.0,75
201700058427,17,8,28,1825,1,2,1,1.0,4.0,75112,M,4883100.0,240353.0,75
201700058428,17,8,28,1915,1,2,1,1.0,2.0,75116,M,4887140.0,227341.0,75
201700058429,17,8,29,1620,1,2,1,1.0,2.0,75120,M,4884880.0,241481.0,75
201700058430,17,8,30,1015,1,2,1,1.0,6.0,75116,M,4887570.0,227709.0,75
201700058431,17,8,30,1430,1,2,1,1.0,6.0,75116,M,4887220.0,227406.0,75
201700058432,17,8,31,1715,1,2,1,1.0,3.0,75117,M,4889160.0,230075.0,75
201700058433,17,9,1,1320,1,2,1,1.0,4.0,75112,M,4882800.0,239515.0,75
201700058434,17,9,2,910,1,2,4,1.0,6.0,75120,M,4886850.0,241320.0,75
201700058435,17,9,4,730,1,2,1,1.0,4.0,75118,M,4890100.0,235122.0,75
201700058436,17,9,4,1300,1,2,1,1.0,7.0,75115,M,4882870.0,228953.0,75
201700058437,17,9,4,1525,1,2,4,1.0,6.0,75118,M,4890090.0,235587.0,75
201700058438,17,9,6,1420,1,2,1,1.0,2.0,75120,M,4886840.0,241344.0,75
201700058439,17,9,6,1910,1,2,4,1.0,6.0,75116,M,4885990.0,226303.0,75
201700058440,17,9,8,1445,1,2,1,1.0,2.0,75112,M,4882850.0,239773.0,75
201700058441,17,9,8,1635,1,2,1,1.0,2.0,75113,M,4881600.0,236089.0,75
201700058442,17,9,9,215,5,2,4,2.0,4.0,75119,M,4888090.0,240449.0,75
201700058443,17,9,9,445,3,2,4,2.0,7.0,75120,M,4886340.0,241343.0,75
201700058444,17,9,11,1010,1,2,1,1.0,3.0,75116,M,4884770.0,225404.0,75
201700058445,17,9,11,1350,1,2,4,1.0,6.0,75119,M,4889270.0,239550.0,75
201700058446,17,9,11,1415,1,2,1,1.0,3.0,75114,M,4882080.0,232275.0,75
201700058447,17,9,11,1730,1,2,1,1.0,4.0,75118,M,4890120.0,234889.0,75
201700058448,17,9,13,920,1,2,1,1.0,2.0,75118,M,4890090.0,235706.0,75
201700058449,17,9,13,1240,1,2,1,2.0,2.0,75112,M,4882850.0,239802.0,75
201700058450,17,9,13,1955,5,2,1,3.0,2.0,75116,M,4883960.0,225390.0,75
201700058451,17,9,14,815,1,2,1,1.0,4.0,75116,M,4884220.0,225399.0,75
201700058452,17,9,14,1220,1,2,1,1.0,2.0,75112,M,4882730.0,239147.0,75
201700058453,17,9,15,1445,1,2,4,1.0,6.0,75114,M,4881890.0,233048.0,75
201700058454,17,9,16,1945,2,2,1,1.0,3.0,75117,M,4887950.0,228163.0,75
201700058455,17,9,17,1130,1,2,4,1.0,4.0,75120,M,4884870.0,241500.0,75
201700058456,17,9,17,1440,1,2,1,1.0,2.0,75120,M,4885850.0,241411.0,75
201700058457,17,9,17,1800,1,2,1,1.0,2.0,75118,M,4890080.0,236935.0,75
201700058458,17,9,18,1040,1,2,1,1.0,3.0,75113,M,4881650.0,236476.0,75
201700058459,17,9,18,1745,1,2,1,1.0,3.0,75119,M,4888090.0,240465.0,75
201700058460,17,9,18,1825,1,2,1,1.0,3.0,75117,M,4888780.0,229157.0,75
201700058461,17,9,19,800,1,2,1,2.0,2.0,75118,M,4890090.0,236115.0,75
201700058462,17,9,19,940,1,2,4,2.0,7.0,75120,M,4886340.0,241343.0,75
201700058463,17,9,21,1635,1,2,1,1.0,4.0,75120,M,4887760.0,240869.0,75
201700058464,17,9,21,1950,5,2,1,1.0,4.0,75117,M,4889160.0,230075.0,75
201700058465,17,9,22,855,1,2,1,2.0,2.0,75114,M,4881700.0,233503.0,75
201700058466,17,9,22,1545,1,2,1,1.0,4.0,75112,M,4884610.0,241428.0,75
201700058467,17,9,23,250,5,2,4,1.0,2.0,75116,M,4887520.0,227679.0,75
201700058468,17,9,23,1515,1,2,1,1.0,2.0,75118,M,4890120.0,235026.0,75
201700058469,17,9,24,2045,5,2,4,1.0,3.0,75118,M,4890090.0,236689.0,75
201700058470,17,9,24,2230,5,2,1,1.0,4.0,75113,M,4881650.0,236476.0,75
201700058471,17,9,25,343,5,2,4,1.0,2.0,75114,M,4881850.0,233302.0,75
201700058472,17,9,25,1630,1,2,1,1.0,4.0,75116,M,4886900.0,227042.0,75
201700058473,17,9,25,2345,5,2,1,2.0,6.0,75119,M,4888870.0,239662.0,75
201700058474,17,9,26,750,5,2,1,1.0,4.0,75116,M,4883770.0,225515.0,75
201700058475,17,9,26,910,1,2,1,1.0,3.0,75114,M,4881690.0,233629.0,75
201700058476,17,9,27,825,1,2,1,1.0,4.0,75112,M,4882920.0,240049.0,75
201700058477,17,9,28,300,5,2,1,1.0,6.0,75119,M,4890020.0,237842.0,75
201700058478,17,9,28,1735,1,2,1,1.0,3.0,75113,M,4881690.0,234830.0,75
201700058479,17,9,28,1725,1,2,1,1.0,6.0,75117,M,4889600.0,230828.0,75
201700058480,17,9,29,1640,1,2,4,1.0,3.0,75117,M,4889040.0,229886.0,75
201700058481,17,9,30,1850,1,2,1,1.0,3.0,75113,M,4881830.0,236953.0,75
201700058482,17,10,1,2210,5,2,1,8.0,6.0,75120,M,4886610.0,241272.0,75
201700058483,17,10,2,1013,1,2,1,1.0,3.0,75115,M,4882950.0,228729.0,75
201700058484,17,10,2,1550,1,2,4,1.0,2.0,75119,M,4889270.0,239550.0,75
201700058485,17,10,2,1810,1,2,1,1.0,2.0,75120,M,4887680.0,240920.0,75
201700058486,17,10,2,1745,1,2,1,1.0,3.0,75116,M,4887300.0,227473.0,75
201700058487,17,10,2,1820,2,2,1,1.0,2.0,75118,M,4890090.0,233935.0,75
201700058488,17,10,3,910,1,2,1,1.0,4.0,75115,M,4882610.0,229827.0,75
201700058489,17,10,3,848,1,2,4,1.0,2.0,75114,M,4882300.0,231204.0,75
201700058490,17,10,3,810,1,2,1,1.0,3.0,75116,M,4887270.0,227418.0,75
201700058491,17,10,4,2200,5,2,1,1.0,6.0,75115,M,4882620.0,229825.0,75
201700058492,17,10,5,810,1,2,1,1.0,2.0,75117,M,4888280.0,228375.0,75
201700058493,17,10,5,2045,5,2,1,1.0,3.0,75117,M,4890050.0,232531.0,75
201700058494,17,10,6,830,1,2,4,1.0,6.0,75117,M,4888210.0,228277.0,75
201700058495,17,10,7,415,5,2,4,1.0,6.0,75112,M,4882680.0,239014.0,75
201700058496,17,10,8,650,2,2,1,1.0,6.0,75119,M,4888870.0,239662.0,75
201700058497,17,10,8,1830,1,2,1,1.0,6.0,75112,M,4884430.0,241389.0,75
201700058498,17,10,9,750,1,2,1,1.0,3.0,75113,M,4881630.0,236351.0,75
201700058499,17,10,9,1300,1,2,1,1.0,2.0,75117,M,4889520.0,230681.0,75
201700058500,17,10,9,1610,1,2,1,1.0,4.0,75114,M,4882390.0,230857.0,75
201700058501,17,10,9,1940,5,2,1,2.0,3.0,75118,M,4890090.0,236389.0,75
201700058502,17,10,10,550,5,2,1,1.0,5.0,75117,M,4888410.0,228562.0,75
201700058503,17,10,10,950,1,2,4,1.0,2.0,75119,M,4888680.0,239691.0,75
201700058504,17,10,10,1850,2,2,1,1.0,6.0,75116,M,4887140.0,227341.0,75
201700058505,17,10,11,900,1,2,1,1.0,4.0,75119,M,4890040.0,238154.0,75
201700058506,17,10,13,1550,1,2,1,1.0,4.0,75116,M,4886360.0,226561.0,75
201700058507,17,10,13,2035,1,2,1,1.0,2.0,75118,M,4890080.0,233254.0,75
201700058508,17,10,13,1940,1,2,1,1.0,7.0,75112,M,4883900.0,241304.0,75
201700058509,17,10,17,1235,1,2,1,1.0,3.0,75116,M,4885540.0,225633.0,75
201700058510,17,10,18,1150,1,2,1,1.0,4.0,75112,M,4882800.0,239514.0,75
201700058511,17,10,20,1220,1,2,1,1.0,3.0,75116,M,4884400.0,225452.0,75
201700058512,17,10,21,1550,1,2,1,1.0,3.0,75112,M,4884610.0,241451.0,75
201700058513,17,10,21,2210,3,2,1,1.0,6.0,75117,M,4890040.0,232164.0,75
201700058514,17,10,23,200,5,2,1,2.0,6.0,75120,M,4886490.0,241293.0,75
201700058515,17,10,23,830,1,2,1,6.0,3.0,75112,M,4882820.0,239645.0,75
201700058516,17,10,23,915,1,2,1,1.0,4.0,75120,M,4886210.0,241364.0,75
201700058517,17,10,23,1550,1,2,1,2.0,2.0,75118,M,4890100.0,234986.0,75
201700058518,17,10,24,855,1,2,1,2.0,4.0,75120,M,4885940.0,241404.0,75
201700058519,17,10,25,935,1,2,1,1.0,2.0,75116,M,4883710.0,225528.0,75
201700058520,17,10,27,415,5,2,1,1.0,2.0,75118,M,4890120.0,234889.0,75
201700058521,17,10,27,1840,2,2,1,1.0,3.0,75120,M,4887360.0,241182.0,75
201700058522,17,10,28,1220,1,2,1,1.0,2.0,75118,M,4890080.0,234167.0,75
201700058523,17,10,28,2024,5,2,1,1.0,3.0,75118,M,4890100.0,234345.0,75
201700058524,17,10,29,1620,1,2,1,8.0,2.0,75113,M,4882340.0,238222.0,75
201700058525,17,10,31,1020,1,2,1,1.0,3.0,75114,M,4881780.0,233402.0,75
201700058526,17,10,31,1915,3,2,1,1.0,3.0,75119,M,4889570.0,239469.0,75
201700058527,17,11,1,1230,1,2,1,2.0,7.0,75120,M,4884970.0,241500.0,75
201700058528,17,11,2,220,5,2,1,1.0,6.0,75118,M,4890090.0,233935.0,75
201700058529,17,11,5,250,5,2,1,2.0,7.0,75117,M,4887880.0,228003.0,75
201700058530,17,11,7,1625,1,2,1,1.0,4.0,75112,M,4882850.0,239773.0,75
201700058531,17,11,8,730,2,2,1,1.0,3.0,75119,M,4890040.0,237436.0,75
201700058532,17,11,8,1350,1,2,1,1.0,2.0,75117,M,4890020.0,232128.0,75
201700058533,17,11,9,1815,5,2,4,1.0,2.0,75117,M,4888470.0,228647.0,75
201700058534,17,11,10,1920,5,2,1,1.0,3.0,75117,M,4889220.0,230177.0,75
201700058535,17,11,10,2330,5,2,1,1.0,2.0,75112,M,4882850.0,239773.0,75
201700058536,17,11,12,35,5,2,1,2.0,6.0,75120,M,4886560.0,241238.0,75
201700058537,17,11,12,1330,1,2,1,2.0,7.0,75118,M,4890030.0,235909.0,75
201700058538,17,11,12,1430,1,2,1,2.0,6.0,75120,M,4886440.0,241413.0,75
201700058539,17,11,12,1310,1,2,1,3.0,2.0,75112,M,4882980.0,240126.0,75
201700058540,17,11,12,1650,2,2,1,8.0,3.0,75113,M,4881780.0,235070.0,75
201700058541,17,11,13,1515,1,2,1,1.0,7.0,75114,M,4882440.0,230601.0,75
201700058542,17,11,14,945,1,2,1,1.0,3.0,75114,M,4882060.0,232277.0,75
201700058543,17,11,15,950,1,2,1,1.0,3.0,75118,M,4890090.0,233798.0,75
201700058544,17,11,15,810,5,2,1,1.0,2.0,75114,M,4882510.0,230340.0,75
201700058545,17,11,15,940,1,2,1,1.0,7.0,75120,M,4886370.0,241420.0,75
201700058546,17,11,16,1720,1,2,1,1.0,3.0,75115,M,4882560.0,230083.0,75
201700058547,17,11,16,1950,5,2,1,1.0,4.0,75116,M,4887450.0,227608.0,75
201700058548,17,11,17,755,1,2,1,1.0,3.0,75112,M,4882820.0,239645.0,75
201700058549,17,11,18,2040,3,2,1,1.0,4.0,75118,M,4890120.0,235162.0,75
201700058550,17,11,19,325,5,2,1,2.0,2.0,75117,M,4890070.0,232844.0,75
201700058551,17,11,20,1735,5,2,1,1.0,4.0,75119,M,4888780.0,239687.0,75
201700058552,17,11,22,1320,1,2,4,1.0,3.0,75112,M,4882770.0,239033.0,75
201700058553,17,11,22,1505,1,2,1,1.0,2.0,75114,M,4882200.0,231632.0,75
201700058554,17,11,23,900,1,2,1,1.0,3.0,75115,M,4882620.0,229825.0,75
201700058555,17,11,23,2000,5,2,1,1.0,6.0,75113,M,4881650.0,236476.0,75
201700058556,17,11,24,1145,1,2,1,1.0,7.0,75117,M,4889940.0,231879.0,75
201700058557,17,11,24,1855,5,2,1,1.0,3.0,75114,M,4881840.0,233305.0,75
201700058558,17,11,25,1655,5,2,1,1.0,6.0,75116,M,4885720.0,225851.0,75
201700058559,17,11,26,1650,1,2,1,1.0,2.0,75112,M,4882880.0,239930.0,75
201700058560,17,11,27,630,5,2,4,1.0,5.0,75116,M,4885100.0,225220.0,75
201700058561,17,11,27,1010,1,2,4,1.0,4.0,75115,M,4883350.0,227655.0,75
201700058562,17,11,27,1255,1,2,1,8.0,6.0,75119,M,4890020.0,237842.0,75
201700058563,17,11,28,20,5,2,4,3.0,6.0,75118,M,4890070.0,236453.0,75
201700058564,17,11,28,910,1,2,1,1.0,3.0,75117,M,4889160.0,230075.0,75
201700058565,17,11,28,1350,1,2,1,1.0,2.0,75116,M,4883500.0,226380.0,75
201700058566,17,11,29,940,1,2,1,1.0,4.0,75115,M,4883430.0,227574.0,75
201700058567,17,11,30,835,1,2,1,1.0,6.0,75112,M,4884610.0,241451.0,75
201700058568,17,11,30,1250,1,2,1,8.0,2.0,75118,M,4890090.0,233662.0,75
201700058569,17,11,30,1910,5,2,1,2.0,3.0,75116,M,4887270.0,227418.0,75
201700058570,17,12,1,110,5,2,4,8.0,7.0,75114,M,4881680.0,233566.0,75
201700058571,17,12,4,920,1,2,1,8.0,2.0,75113,M,4882600.0,238773.0,75
201700058572,17,12,4,825,3,2,1,2.0,7.0,75119,M,4888780.0,239664.0,75
201700058573,17,12,5,1615,1,2,1,1.0,4.0,75114,M,4882280.0,231373.0,75
201700058574,17,12,6,845,1,2,1,1.0,2.0,75116,M,4884690.0,225471.0,75
201700058575,17,12,6,1555,1,2,1,1.0,7.0,75120,M,4885150.0,241531.0,75
201700058576,17,12,7,750,5,2,1,1.0,4.0,75113,M,4882420.0,238317.0,75
201700058577,17,12,8,920,1,2,1,2.0,7.0,75112,M,4883280.0,240626.0,75
201700058578,17,12,8,1250,1,2,1,2.0,2.0,75117,M,4888120.0,228248.0,75
201700058579,17,12,9,1145,1,2,1,1.0,2.0,75116,M,4884050.0,225385.0,75
201700058580,17,12,9,1530,1,2,1,1.0,4.0,75114,M,4882170.0,231759.0,75
201700058581,17,12,10,1240,1,2,1,1.0,3.0,75113,M,4882560.0,238652.0,75
201700058582,17,12,10,2200,5,2,4,8.0,6.0,75120,M,4886340.0,241343.0,75
201700058583,17,12,14,915,1,2,1,1.0,2.0,75114,M,4881960.0,232792.0,75
201700058584,17,12,14,800,2,2,1,1.0,3.0,75116,M,4884340.0,225454.0,75
201700058585,17,12,14,1330,1,2,1,2.0,7.0,75116,M,4883710.0,225528.0,75
201700058586,17,12,14,2345,5,2,1,2.0,6.0,75113,M,4882120.0,237801.0,75
201700058587,17,12,16,233,5,2,1,1.0,6.0,75115,M,4883020.0,228614.0,75
201700058588,17,12,17,2100,5,2,1,2.0,7.0,75113,M,4882580.0,238645.0,75
201700058589,17,12,18,945,1,2,1,1.0,3.0,75120,M,4885670.0,241395.0,75
201700058590,17,12,18,1020,1,2,1,1.0,4.0,75113,M,4882340.0,238222.0,75
201700058591,17,12,18,1300,1,2,1,7.0,2.0,75120,M,4886840.0,241320.0,75
201700058592,17,12,18,1250,1,2,4,1.0,6.0,75117,M,4889040.0,229886.0,75
201700058593,17,12,18,1835,5,2,1,1.0,3.0,75114,M,4881660.0,233762.0,75
201700058594,17,12,19,1450,1,2,1,1.0,2.0,75116,M,4887040.0,227202.0,75
201700058595,17,12,19,1530,1,1,1,1.0,2.0,75116,M,4887300.0,227473.0,75
201700058596,17,12,19,1850,5,2,1,1.0,2.0,75118,M,4890080.0,236074.0,75
201700058597,17,12,19,1730,5,2,1,1.0,3.0,75119,M,4890040.0,238154.0,75
201700058598,17,12,20,1725,3,1,4,2.0,6.0,75116,M,4887730.0,227932.0,75
201700058599,17,12,20,2240,5,2,2,1.0,4.0,75116,M,4884070.0,225387.0,75
201700058600,17,12,21,1030,1,2,1,1.0,2.0,75116,M,4885720.0,225851.0,75
201700058601,17,12,21,1550,1,2,1,2.0,3.0,75113,M,4881790.0,236830.0,75
201700058602,17,12,21,1830,2,2,1,2.0,7.0,75118,M,4890160.0,235934.0,75
201700058603,17,12,21,1540,1,2,1,1.0,4.0,75116,M,4885270.0,225284.0,75
201700058604,17,12,23,550,5,2,1,1.0,2.0,75117,M,4890040.0,232259.0,75
201700058605,17,12,24,1420,1,2,1,1.0,2.0,75118,M,4890100.0,235122.0,75
201700058606,17,12,27,340,5,2,1,2.0,6.0,75117,M,4888180.0,228232.0,75
201700058607,17,12,27,1725,5,2,1,2.0,7.0,75120,M,4886030.0,241412.0,75
201700058608,17,12,27,1830,5,2,1,2.0,3.0,75113,M,4882030.0,237564.0,75
201700058609,17,12,28,1645,2,2,1,1.0,6.0,75116,M,4885470.0,225471.0,75
201700058610,17,12,29,600,5,2,4,1.0,5.0,75120,M,4886170.0,241393.0,75
201700058611,17,12,29,820,1,2,1,2.0,2.0,75120,M,4886300.0,241371.0,75
201700058612,17,12,29,1730,5,2,1,2.0,6.0,75116,M,4884670.0,225455.0,75
201700058613,17,12,30,2039,5,2,1,1.0,7.0,75117,M,4888520.0,228683.0,75
201700058614,17,2,11,1340,1,2,1,1.0,1.0,97224,A,,,972
201700058615,17,4,26,1840,3,1,3,2.0,3.0,97224,A,,,972
201700058616,17,4,29,345,3,2,1,1.0,6.0,97224,A,,,972
201700058617,17,5,18,2330,3,1,1,1.0,1.0,97224,A,,,972
201700058618,17,6,18,1900,5,2,1,2.0,1.0,97224,A,,,972
201700058619,17,6,29,210,5,2,1,1.0,6.0,97224,A,,,972
201700058620,17,7,24,2100,5,2,1,1.0,1.0,97224,A,,,972
201700058621,17,1,23,1915,3,1,1,1.0,6.0,97230,A,,,972
201700058622,17,7,15,1030,1,1,1,1.0,4.0,97230,A,,,972
201700058623,17,7,27,515,2,1,1,1.0,1.0,97230,A,,,972
201700058624,17,8,4,2055,5,2,1,1.0,6.0,97230,A,,,972
201700058625,17,8,15,1315,1,2,3,1.0,3.0,97230,A,,,972
201700058626,17,8,22,1700,1,1,1,1.0,6.0,97230,A,,,972
201700058627,17,8,24,1212,1,1,1,1.0,6.0,97230,A,,,972
201700058628,17,10,15,1200,1,1,1,1.0,4.0,97230,A,,,972
201700058629,17,1,4,30,3,1,1,2.0,6.0,97228,A,,,972
201700058630,17,1,5,655,1,1,1,1.0,6.0,97228,A,,,972
201700058631,17,1,26,1815,1,1,1,1.0,3.0,97228,A,,,972
201700058632,17,2,12,2110,5,2,1,2.0,2.0,97228,A,,,972
201700058633,17,2,16,1010,1,1,4,1.0,7.0,97228,A,,,972
201700058634,17,2,27,1739,1,1,3,1.0,3.0,97228,A,,,972
201700058635,17,4,1,5,3,2,6,1.0,1.0,97228,A,,,972
201700058636,17,5,23,450,2,2,2,1.0,6.0,97228,A,,,972
201700058637,17,6,27,1815,1,1,1,1.0,1.0,97228,A,,,972
201700058638,17,6,28,1100,1,1,1,1.0,6.0,97228,A,,,972
201700058639,17,7,1,540,1,1,1,1.0,1.0,97228,A,,,972
201700058640,17,7,6,1935,5,2,1,1.0,1.0,97228,A,,,972
201700058641,17,8,3,600,2,1,1,3.0,1.0,97228,A,,,972
201700058642,17,8,18,2345,3,1,1,1.0,6.0,97228,A,,,972
201700058643,17,8,27,2315,3,1,1,1.0,1.0,97228,A,,,972
201700058644,17,10,20,1145,1,2,1,1.0,1.0,97228,A,,,972
201700058645,17,11,25,2045,4,1,1,1.0,6.0,97228,A,,,972
201700058646,17,11,30,1605,1,1,1,2.0,3.0,97228,A,,,972
201700058647,17,2,28,2345,3,1,1,3.0,1.0,97104,A,,,971
201700058648,17,4,22,2245,5,2,1,1.0,1.0,97104,A,,,971
201700058649,17,6,10,2230,3,2,1,1.0,7.0,97124,A,,,971
201700058650,17,8,12,645,1,2,1,1.0,1.0,97104,A,,,971
201700058651,17,12,7,1240,1,1,1,2.0,6.0,97124,A,,,971
201700058652,17,1,14,1720,2,2,1,1.0,1.0,97134,A,,,971
201700058653,17,1,20,1,5,1,1,1.0,1.0,97134,A,,,971
201700058654,17,2,11,320,3,1,1,1.0,7.0,97134,A,,,971
201700058655,17,4,30,1230,1,1,1,1.0,6.0,97134,A,,,971
201700058656,17,5,18,1240,1,1,1,1.0,6.0,97134,A,,,971
201700058657,17,7,12,1730,1,2,1,1.0,3.0,97134,A,,,971
201700058658,17,9,25,1530,1,2,1,1.0,1.0,97134,A,,,971
201700058659,17,11,12,1921,3,2,1,1.0,6.0,97106,A,,,971
201700058660,17,1,13,715,1,1,9,2.0,1.0,97106,A,,,971
201700058661,17,2,12,1135,1,1,1,1.0,7.0,97106,A,,,971
201700058662,17,3,24,1400,1,1,1,1.0,1.0,97106,A,,,971
201700058663,17,5,28,1335,1,1,1,2.0,3.0,97106,A,,,971
201700058664,17,6,25,150,3,1,1,1.0,1.0,97106,A,,,971
201700058665,17,6,28,1700,1,1,1,2.0,1.0,97106,A,,,971
201700058666,17,8,1,1600,1,2,3,1.0,3.0,97106,A,,,971
201700058667,17,8,23,1925,3,2,1,1.0,3.0,97134,A,,,971
201700058668,17,1,19,30,3,1,1,1.0,1.0,97111,A,,,971
201700058669,17,1,29,530,3,1,9,1.0,1.0,97121,A,,,971
201700058670,17,8,12,1530,1,2,1,1.0,7.0,97121,A,,,971
201700058671,17,8,18,1010,1,2,4,1.0,6.0,97121,A,,,971
201700058672,17,10,28,230,4,1,4,1.0,6.0,97111,A,,,971
201700058673,17,11,11,1010,1,2,1,1.0,1.0,97121,A,,,971
201700058674,17,12,10,2010,3,1,1,1.0,5.0,97121,A,,,971
201700058675,17,12,29,1115,1,1,1,1.0,6.0,97121,A,1625716.0,6179073.0,971
201700058676,17,2,8,1935,3,1,1,1.0,6.0,97111,A,,,971
201700058677,17,2,12,1830,5,2,1,1.0,6.0,97111,A,,,971
201700058678,17,3,2,2140,5,2,1,1.0,6.0,97121,A,,,971
201700058679,17,5,30,1600,1,2,1,1.0,7.0,97111,A,,,971
201700058680,17,7,1,1915,2,1,1,1.0,5.0,97111,A,,,971
201700058681,17,7,20,1420,1,1,1,1.0,1.0,97111,A,,,971
201700058682,17,9,9,43,5,1,1,1.0,6.0,97121,A,,,971
201700058683,17,10,5,745,1,1,1,1.0,2.0,97111,A,,,971
201700058684,17,11,27,1945,5,1,1,1.0,6.0,97111,A,,,971
201700058685,17,11,29,1910,5,1,1,1.0,1.0,97111,A,,,971
201700058686,17,12,25,1010,1,1,1,1.0,5.0,97111,A,1634259.0,6177201.0,971
201700058687,17,1,17,800,1,1,1,1.0,3.0,97107,A,,,971
201700058688,17,1,18,1835,3,1,1,1.0,7.0,97114,A,,,971
201700058689,17,2,10,2115,3,1,1,1.0,5.0,97107,A,,,971
201700058690,17,2,11,630,1,1,1,2.0,3.0,97107,A,,,971
201700058691,17,2,17,1715,1,1,1,1.0,6.0,97114,A,,,971
201700058692,17,3,8,1715,1,1,3,1.0,2.0,97114,A,,,971
201700058693,17,3,15,1130,1,1,1,1.0,5.0,97107,A,,,971
201700058694,17,4,28,745,1,1,2,3.0,3.0,97114,A,,,971
201700058695,17,5,12,545,2,1,1,1.0,1.0,97107,A,,,971
201700058696,17,5,15,1200,1,2,3,1.0,6.0,97114,A,,,971
201700058697,17,6,2,1930,3,2,1,1.0,6.0,97107,A,,,971
201700058698,17,7,9,1600,1,1,1,1.0,6.0,97107,A,,,971
201700058699,17,7,24,1000,1,2,1,2.0,6.0,97107,A,,,971
201700058700,17,7,29,2115,3,1,1,1.0,6.0,97114,A,,,971
201700058701,17,8,2,1145,1,2,1,8.0,1.0,97114,A,,,971
201700058702,17,8,5,1945,4,1,2,1.0,3.0,97114,A,,,971
201700058703,17,9,11,825,1,1,1,1.0,3.0,97107,A,,,971
201700058704,17,10,1,730,1,1,1,1.0,5.0,97107,A,,,971
201700058705,17,10,25,1850,3,2,1,1.0,6.0,97107,A,,,971
201700058706,17,11,20,1500,1,1,1,1.0,1.0,97107,A,,,971
201700058707,17,11,27,900,1,1,1,1.0,2.0,97107,A,,,971
201700058708,17,11,21,1820,4,1,5,1.0,3.0,97114,A,,,971
201700058709,17,12,22,1505,1,1,1,1.0,1.0,97107,A,1608322.0,6156225.0,971
201700058710,17,1,4,1440,1,1,1,1.0,6.0,97131,A,,,971
201700058711,17,8,18,1555,1,1,1,2.0,6.0,97131,A,,,971