Num_Acc,an,mois,jour,hrmn,lum,agg,int,atm,col,com,gps,lat,long,dep
201700058712,17,1,26,1715,1,2,7,2.0,3.0,97115,A,,,971
201700058713,17,1,27,730,1,1,1,1.0,1.0,97115,A,,,971
201700058714,17,3,21,755,1,2,2,1.0,1.0,97115,A,,,971
201700058715,17,4,30,600,2,1,1,1.0,2.0,97115,A,,,971
201700058716,17,6,9,1835,2,2,1,1.0,3.0,97115,A,,,971
201700058717,17,6,13,1830,2,2,3,1.0,3.0,97115,A,,,971
201700058718,17,8,5,525,2,1,1,1.0,6.0,97115,A,,,971
201700058719,17,11,11,1500,1,1,9,1.0,3.0,97115,A,,,971
201700058720,17,11,13,745,1,1,1,1.0,3.0,97115,A,,,971
201700058721,17,11,16,1300,1,1,1,1.0,1.0,97115,A,,,971
201700058722,17,12,7,650,2,1,2,1.0,3.0,97115,A,,,971
201700058723,17,1,21,415,3,1,1,1.0,5.0,97118,A,,,971
201700058724,17,1,27,2000,3,1,1,1.0,6.0,97118,A,,,971
201700058725,17,1,31,1345,1,2,3,1.0,3.0,97118,A,,,971
201700058726,17,2,4,1745,2,1,3,1.0,3.0,97118,A,,,971
201700058727,17,2,7,1050,1,2,1,1.0,6.0,97118,A,,,971
201700058728,17,2,20,1530,1,2,1,1.0,6.0,97118,A,,,971
201700058729,17,2,28,930,1,1,1,2.0,6.0,97118,A,,,971
201700058730,17,3,6,1825,5,2,1,1.0,2.0,97118,A,,,971
201700058731,17,3,12,1030,1,1,1,1.0,3.0,97118,A,,,971
201700058732,17,3,12,1625,1,1,1,1.0,2.0,97118,A,,,971
201700058733,17,3,16,700,1,1,9,1.0,2.0,97118,A,,,971
201700058734,17,3,23,830,1,1,1,2.0,2.0,97118,A,,,971
201700058735,17,3,25,1430,1,1,1,1.0,6.0,97118,A,,,971
201700058736,17,3,31,1400,1,1,1,1.0,2.0,97118,A,,,971
201700058737,17,4,19,730,1,1,1,8.0,1.0,97118,A,,,971
201700058738,17,5,6,1,3,2,1,1.0,3.0,97118,A,,,971
201700058739,17,7,8,1300,1,2,3,1.0,2.0,97118,A,,,971
201700058740,17,7,9,1930,3,1,1,1.0,6.0,97118,A,,,971
201700058741,17,7,29,530,2,1,1,8.0,1.0,97118,A,,,971
201700058742,17,8,5,1930,3,1,2,1.0,3.0,97118,A,,,971
201700058743,17,9,1,1800,1,1,1,1.0,6.0,97118,A,,,971
201700058744,17,10,28,1700,1,1,1,2.0,6.0,97118,A,,,971
201700058745,17,11,10,715,1,2,1,3.0,6.0,97118,A,,,971
201700058746,17,11,11,1330,1,1,1,1.0,2.0,97118,A,,,971
201700058747,17,11,12,1220,1,1,1,1.0,1.0,97118,A,,,971
201700058748,17,11,19,1855,3,1,1,1.0,5.0,97118,A,,,971
201700058749,17,11,26,1300,1,1,1,1.0,2.0,97118,A,,,971
201700058750,17,12,20,1055,1,2,3,3.0,5.0,97118,A,1619823.0,6162857.0,971
201700058751,17,12,24,345,5,1,1,1.0,2.0,97118,A,1620038.0,6160622.0,971
201700058752,17,2,3,720,1,1,1,1.0,7.0,97129,A,,,971
201700058753,17,2,10,1345,1,2,9,1.0,2.0,97129,A,,,971
201700058754,17,2,28,500,5,2,1,1.0,7.0,97129,A,,,971
201700058755,17,3,23,1845,3,1,1,1.0,5.0,97129,A,,,971
201700058756,17,3,31,2130,5,2,1,1.0,1.0,97129,A,,,971
201700058757,17,5,8,1815,1,1,3,1.0,2.0,97129,A,,,971
201700058758,17,5,19,1925,5,1,3,1.0,1.0,97129,A,,,971
201700058759,17,5,20,1805,1,2,1,1.0,1.0,97129,A,,,971
201700058760,17,6,10,2220,3,1,1,1.0,6.0,97129,A,,,971
201700058761,17,7,8,1730,1,1,4,1.0,1.0,97129,A,,,971
201700058762,17,7,20,2130,3,1,1,1.0,7.0,97129,A,,,971
201700058763,17,7,28,2030,3,2,1,1.0,3.0,97129,A,,,971
201700058764,17,7,30,800,1,1,1,1.0,7.0,97129,A,,,971
201700058765,17,8,2,1100,1,1,1,1.0,6.0,97129,A,,,971
201700058766,17,8,5,500,1,1,2,1.0,3.0,97129,A,,,971
201700058767,17,8,3,2000,2,2,1,1.0,1.0,97129,A,,,971
201700058768,17,10,12,1700,1,1,1,1.0,1.0,97129,A,,,971
201700058769,17,10,13,1300,1,1,1,1.0,3.0,97129,A,,,971
201700058770,17,10,31,1900,3,2,1,1.0,6.0,97129,A,,,971
201700058771,17,12,19,1230,1,1,1,1.0,3.0,97129,A,,,971
201700058772,17,1,15,520,3,1,3,1.0,3.0,97112,A,,,971
201700058773,17,1,16,1215,1,1,1,3.0,6.0,97126,A,,,971
201700058774,17,2,10,720,1,1,1,2.0,6.0,97112,A,,,971
201700058775,17,3,25,2200,5,1,1,1.0,7.0,97112,A,,,971
201700058776,17,4,14,1400,1,1,1,1.0,6.0,97112,A,,,971
201700058777,17,6,7,750,1,1,1,1.0,7.0,97126,A,,,971
201700058778,17,7,16,1200,1,1,1,1.0,7.0,97126,A,,,971
201700058779,17,7,15,2110,3,1,1,1.0,7.0,97126,A,,,971
201700058780,17,7,22,1100,1,2,3,1.0,3.0,97126,A,,,971
201700058781,17,12,24,305,5,1,1,1.0,6.0,97108,A,,,971
201700058782,17,4,22,1215,1,1,1,1.0,3.0,97110,A,,,971
201700058783,17,7,19,1335,1,1,1,1.0,1.0,97110,A,,,971
201700058784,17,11,9,1945,3,2,1,1.0,7.0,97110,A,,,971
201700058785,17,11,17,1545,1,1,1,1.0,7.0,97110,A,,,971
201700058786,17,12,11,1800,3,1,1,1.0,1.0,97110,A,,,971
201700058787,17,12,23,1530,1,1,1,1.0,7.0,97110,A,,,971
201700058788,17,1,24,630,2,1,1,1.0,7.0,97117,A,,,971
201700058789,17,1,22,1000,1,1,1,1.0,2.0,97117,A,,,971
201700058790,17,3,28,1905,5,1,1,1.0,6.0,97117,A,,,971
201700058791,17,7,24,2345,5,1,1,1.0,6.0,97117,A,,,971
201700058792,17,8,4,500,3,1,1,3.0,5.0,97117,A,,,971
201700058793,17,9,25,1320,1,1,3,1.0,2.0,97117,A,,,971
201700058794,17,10,1,1920,3,1,1,3.0,6.0,97117,A,,,971
201700058795,17,10,13,1450,1,1,1,1.0,7.0,97117,A,,,971
201700058796,17,11,11,1245,1,1,1,1.0,7.0,97117,A,,,971
201700058797,17,1,4,830,1,2,3,1.0,3.0,97122,A,,,971
201700058798,17,2,4,1125,1,2,1,1.0,3.0,97119,A,,,971
201700058799,17,4,21,2029,3,1,1,1.0,1.0,97119,A,,,971
201700058800,17,7,19,1537,1,1,1,1.0,1.0,97102,A,,,971
201700058801,17,8,24,2100,5,2,1,1.0,2.0,97119,A,,,971
201700058802,17,8,26,2050,5,2,1,1.0,6.0,97122,A,,,971
201700058803,17,9,24,1820,4,1,1,1.0,1.0,97102,A,,,971
201700058804,17,10,30,1850,5,2,1,1.0,6.0,97119,A,,,971
201700058805,17,11,9,1600,1,2,1,1.0,3.0,97122,A,,,971
201700058806,17,11,12,1730,2,1,1,1.0,2.0,97102,A,,,971
201700058807,17,11,14,1845,3,2,2,1.0,6.0,97122,A,,,971
201700058808,17,12,19,1135,1,1,2,1.0,3.0,97119,A,,,971
201700058809,17,12,24,1700,1,1,1,1.0,1.0,97119,A,,,971
201700058810,17,1,13,1945,3,1,1,1.0,1.0,97125,A,,,971
201700058811,17,2,13,1120,1,1,3,1.0,3.0,97125,A,,,971
201700058812,17,3,16,1850,5,2,1,1.0,1.0,97125,A,,,971
201700058813,17,3,30,1815,1,1,2,1.0,3.0,97125,A,,,971
201700058814,17,4,28,2100,3,1,2,1.0,1.0,97125,A,,,971
201700058815,17,4,27,2000,5,2,6,1.0,6.0,97125,A,,,971
201700058816,17,6,5,2045,5,1,1,1.0,3.0,97125,A,,,971
201700058817,17,7,9,2100,3,1,1,1.0,6.0,97125,A,,,971
201700058818,17,8,20,200,3,1,1,2.0,6.0,97125,A,,,971
201700058819,17,11,11,1150,1,2,1,1.0,3.0,97125,A,,,971
201700058820,17,11,19,1945,3,1,2,1.0,3.0,97125,A,,,971
201700058821,17,1,13,2240,5,2,1,1.0,6.0,97128,A,,,971
201700058822,17,1,21,1345,1,2,1,1.0,1.0,97128,A,,,971
201700058823,17,2,17,1620,1,1,3,1.0,2.0,97128,A,,,971
201700058824,17,10,8,545,1,1,1,1.0,6.0,97128,A,,,971
201700058825,17,10,26,1430,1,1,1,3.0,6.0,97128,A,,,971
201700058826,17,11,30,2019,3,1,1,1.0,6.0,97128,A,,,971
201700058827,17,12,1,1200,1,2,1,1.0,6.0,97128,A,,,971
201700058828,17,12,27,1600,1,2,1,1.0,1.0,97128,A,,,971
201700058829,17,1,20,1630,1,2,1,1.0,6.0,97116,A,,,971
201700058830,17,2,19,1440,1,1,1,1.0,3.0,97116,A,,,971
201700058831,17,2,21,1530,1,2,3,1.0,3.0,97116,A,,,971
201700058832,17,3,25,430,2,1,1,1.0,6.0,97116,A,,,971
201700058833,17,6,10,615,1,2,2,1.0,3.0,97116,A,,,971
201700058834,17,6,12,210,5,2,1,1.0,1.0,97116,A,,,971
201700058835,17,6,13,1000,1,1,1,1.0,3.0,97116,A,,,971
201700058836,17,7,28,2330,3,1,1,1.0,2.0,97116,A,,,971
201700058837,17,8,14,1100,1,1,4,1.0,3.0,97116,A,,,971
201700058838,17,8,14,1845,2,1,1,1.0,5.0,97116,A,,,971
201700058839,17,8,23,1100,1,1,1,1.0,1.0,97116,A,,,971
201700058840,17,8,23,1400,1,1,1,1.0,5.0,97116,A,,,971
201700058841,17,8,23,1545,1,2,4,1.0,3.0,97116,A,,,971
201700058842,17,9,8,1330,1,2,3,1.0,5.0,97116,A,,,971
201700058843,17,9,8,1850,5,1,1,1.0,1.0,97116,A,,,971
201700058844,17,11,11,1325,1,1,1,1.0,3.0,97116,A,,,971
201700058845,17,12,23,640,1,1,1,1.0,6.0,97116,A,,,971
201700058846,17,1,13,700,1,1,1,1.0,7.0,97313,G,,,973
201700058847,17,2,8,2310,5,2,1,1.0,7.0,97305,G,,,973
201700058848,17,2,16,45,3,1,1,1.0,7.0,97305,G,,,973
201700058849,17,3,26,1545,1,1,1,1.0,6.0,97313,G,,,973
201700058850,17,4,19,1150,1,1,1,1.0,3.0,97305,G,,,973
201700058851,17,5,17,1915,3,1,1,8.0,3.0,97305,G,,,973
201700058852,17,7,1,450,5,1,1,3.0,3.0,97305,G,,,973
201700058853,17,7,15,1730,1,1,1,1.0,1.0,97305,G,,,973
201700058854,17,7,17,715,1,1,1,1.0,3.0,97305,G,,,973
201700058855,17,7,22,630,2,1,1,2.0,4.0,97305,G,,,973
201700058856,17,7,29,2140,5,1,1,1.0,3.0,97305,G,,,973
201700058857,17,8,4,1830,2,1,1,1.0,1.0,97305,G,,,973
201700058858,17,8,12,2150,5,2,1,1.0,1.0,97305,G,,,973
201700058859,17,8,12,2115,3,1,1,1.0,6.0,97313,G,,,973
201700058860,17,9,23,2340,5,2,1,1.0,6.0,97305,G,,,973
201700058861,17,9,23,1745,1,1,1,1.0,3.0,97305,G,,,973
201700058862,17,10,1,1900,5,1,1,1.0,3.0,97305,G,,,973
201700058863,17,10,7,800,1,1,1,1.0,1.0,97305,G,,,973
201700058864,17,10,17,1730,1,2,6,1.0,7.0,97305,G,,,973
201700058865,17,10,29,115,3,1,1,1.0,3.0,97305,G,,,973
201700058866,17,11,5,1900,3,1,1,1.0,1.0,97305,G,,,973
201700058867,17,11,16,600,2,1,1,1.0,4.0,97305,G,,,973
201700058868,17,11,18,745,1,2,1,1.0,3.0,97305,G,,,973
201700058869,17,11,18,1645,1,1,1,1.0,1.0,97313,G,,,973
201700058870,17,11,25,2350,3,1,1,1.0,1.0,97305,G,,,973
201700058871,17,11,29,555,1,1,1,1.0,3.0,97305,G,,,973
201700058872,17,1,30,2051,5,2,2,1.0,3.0,97304,G,,,973
201700058873,17,3,19,320,5,2,6,1.0,1.0,97304,G,,,973
201700058874,17,3,24,1040,1,2,1,1.0,6.0,97304,G,,,973
201700058875,17,3,24,1740,1,2,2,1.0,3.0,97304,G,,,973
201700058876,17,4,14,1940,3,2,1,1.0,3.0,97304,G,,,973
201700058877,17,4,14,1315,1,2,1,1.0,3.0,97304,G,,,973
201700058878,17,4,26,2200,3,2,1,1.0,6.0,97304,G,,,973
201700058879,17,5,10,1530,1,2,1,3.0,2.0,97304,G,,,973
201700058880,17,5,10,850,1,2,1,2.0,7.0,97304,G,,,973
201700058881,17,5,9,1210,1,2,1,3.0,2.0,97304,G,,,973
201700058882,17,6,19,1845,1,2,1,1.0,7.0,97304,G,,,973
201700058883,17,6,22,800,1,2,1,1.0,1.0,97304,G,,,973
201700058884,17,6,24,1842,3,2,1,3.0,1.0,97304,G,,,973
201700058885,17,7,12,1340,1,1,1,3.0,1.0,97304,G,,,973
201700058886,17,8,5,2320,3,1,1,1.0,7.0,97304,G,,,973
201700058887,17,8,19,600,2,1,1,1.0,3.0,97304,G,,,973
201700058888,17,8,26,30,3,1,1,1.0,7.0,97304,G,,,973
201700058889,17,10,17,600,4,2,1,1.0,6.0,97304,G,,,973
201700058890,17,11,1,715,1,2,6,1.0,6.0,97304,G,,,973
201700058891,17,11,8,645,2,2,1,2.0,3.0,97304,G,,,973
201700058892,17,12,18,1315,1,1,3,1.0,3.0,97304,G,,,973
201700058893,17,12,30,800,1,1,1,2.0,1.0,97305,G,,,973
201700058894,17,3,9,800,1,2,1,2.0,1.0,97312,G,,,973
201700058895,17,4,10,1430,1,1,1,2.0,2.0,97312,G,,,973
201700058896,17,12,9,50,5,2,1,2.0,1.0,97312,G,,,973
201700058897,17,12,19,1500,1,1,1,1.0,6.0,97312,G,523927.0,5295259.0,973
201700058898,17,4,26,1650,1,1,1,1.0,6.0,97303,G,,,973
201700058899,17,9,15,1532,1,1,1,1.0,7.0,97303,G,,,973
201700058900,17,10,31,30,3,1,1,1.0,7.0,97303,G,,,973
201700058901,17,12,9,2045,3,1,1,1.0,5.0,97303,G,,,973
201700058902,17,2,14,1940,5,2,1,1.0,7.0,97301,G,,,973
201700058903,17,2,10,2045,5,2,1,1.0,6.0,97308,G,,,973
201700058904,17,7,8,2100,5,2,2,1.0,6.0,97308,G,,,973
201700058905,17,7,9,1515,1,1,1,1.0,6.0,97310,G,,,973
201700058906,17,10,8,1130,1,1,1,1.0,2.0,97310,G,,,973
201700058907,17,1,13,2015,5,2,1,2.0,3.0,97311,G,,,973
201700058908,17,2,7,1900,5,2,1,1.0,3.0,97311,G,,,973
201700058909,17,2,13,2015,5,2,1,1.0,1.0,97311,G,,,973
201700058910,17,2,18,2000,4,2,6,1.0,7.0,97311,G,,,973
201700058911,17,2,25,450,5,2,1,1.0,5.0,97311,G,,,973
201700058912,17,3,12,1850,2,2,1,1.0,1.0,97311,G,,,973
201700058913,17,4,9,1205,1,2,1,8.0,6.0,97311,G,,,973
201700058914,17,4,18,1600,1,1,1,1.0,2.0,97311,G,,,973
201700058915,17,4,21,1940,5,2,1,1.0,6.0,97311,G,,,973
201700058916,17,5,20,2045,5,2,1,1.0,3.0,97311,G,,,973
201700058917,17,5,23,1700,1,2,9,1.0,6.0,97311,G,,,973
201700058918,17,5,25,2127,5,2,1,8.0,3.0,97311,G,,,973
201700058919,17,6,11,1530,1,1,9,8.0,1.0,97311,G,,,973
201700058920,17,6,25,1005,1,2,9,8.0,2.0,97311,G,,,973
201700058921,17,6,28,2245,5,2,9,1.0,1.0,97311,G,,,973
201700058922,17,7,13,1245,1,1,1,1.0,3.0,97311,G,,,973
201700058923,17,8,21,1950,2,1,1,1.0,5.0,97311,G,,,973
201700058924,17,9,2,1635,1,1,1,1.0,3.0,97311,G,,,973
201700058925,17,10,21,1010,1,2,1,1.0,1.0,97311,G,,,973
201700058926,17,11,4,1155,1,2,1,1.0,1.0,97311,G,,,973
201700058927,17,12,7,1600,1,2,1,1.0,3.0,97311,G,,,973
201700058928,17,12,13,1900,3,2,1,1.0,3.0,97311,G,,,973
201700058929,17,12,25,1130,1,2,1,1.0,3.0,97311,G,,,973
201700058930,17,5,10,1045,1,1,1,1.0,7.0,97306,G,,,973
201700058931,17,7,16,1330,1,1,1,1.0,6.0,97306,G,,,973
201700058932,17,8,24,1900,3,1,1,1.0,6.0,97306,G,,,973
201700058933,17,2,25,2000,5,1,1,1.0,7.0,97408,R,2092875.0,5534961.0,974
201700058934,17,3,17,1524,1,2,1,1.0,6.0,97408,R,2094477.0,5532827.0,974
201700058935,17,5,6,700,1,2,1,1.0,1.0,97408,R,2094300.0,5535582.0,974
201700058936,17,6,13,812,1,1,1,1.0,6.0,97408,R,2092453.0,5533894.0,974
201700058937,17,10,11,1550,1,1,1,1.0,1.0,97408,R,2093862.0,5532765.0,974
201700058938,17,1,15,1600,1,1,1,1.0,6.0,97418,R,2089808.0,5557016.0,974
201700058939,17,4,21,1600,1,2,6,1.0,6.0,97418,R,2128282.0,5556055.0,974
201700058940,17,7,18,1945,3,2,1,1.0,1.0,97418,R,2092222.0,5553794.0,974
201700058941,17,8,10,1800,2,1,1,1.0,7.0,97418,R,2093233.0,5552526.0,974
201700058942,17,9,7,1925,3,1,1,1.0,1.0,97418,R,2091276.0,5551998.0,974
201700058943,17,9,7,240,3,1,1,1.0,6.0,97418,R,2091453.0,5552720.0,974
201700058944,17,9,10,645,1,1,1,1.0,5.0,97418,R,2089991.0,5552539.0,974
201700058945,17,12,7,1250,1,1,6,1.0,3.0,97418,R,2089763.0,5551021.0,974
201700058946,17,12,9,1455,1,2,1,1.0,7.0,97418,R,2094687.0,5553066.0,974
201700058947,17,12,17,400,3,1,1,1.0,2.0,97418,R,2090255.0,5555695.0,974
201700058948,17,12,18,1115,1,1,1,1.0,7.0,97418,R,2092998.0,5557362.0,974
201700058949,17,2,27,2240,3,1,1,1.0,6.0,97420,R,2091578.0,5561807.0,974
201700058950,17,3,8,1315,1,1,1,1.0,3.0,97420,R,,,974
201700058951,17,4,21,1430,1,2,2,1.0,6.0,97420,R,2092999.0,5563531.0,974
201700058952,17,8,19,2042,3,1,1,2.0,7.0,97420,R,2091632.0,5561324.0,974
201700058953,17,8,22,2000,5,1,1,1.0,3.0,97420,R,2092930.0,5558367.0,974
201700058954,17,1,9,30,3,1,1,1.0,6.0,97402,R,2100575.0,5569641.0,974
201700058955,17,7,16,1715,1,1,1,1.0,1.0,97402,R,2098605.0,5565551.0,974
201700058956,17,12,18,2050,5,2,6,1.0,6.0,97402,R,2099522.0,5567732.0,974
201700058957,17,4,17,1115,1,1,3,7.0,2.0,97406,R,2111525.0,5565036.0,974
201700058958,17,6,4,950,1,1,1,1.0,7.0,97406,R,2111519.0,5565110.0,974
201700058959,17,1,29,1830,1,1,1,8.0,2.0,97415,R,2096993.0,5529890.0,974
201700058960,17,2,18,1330,1,2,1,1.0,7.0,97415,R,2100496.0,5527791.0,974
201700058961,17,4,26,1230,1,1,1,1.0,5.0,97415,R,2103391.0,5527949.0,974
201700058962,17,4,26,1905,3,1,1,1.0,2.0,97415,R,2097126.0,5531411.0,974
201700058963,17,4,24,1023,1,2,3,1.0,1.0,97415,R,2100204.0,5528047.0,974
201700058964,17,4,25,710,1,2,1,1.0,6.0,97415,R,2101468.0,5526211.0,974
201700058965,17,6,18,2045,5,2,1,1.0,1.0,97415,R,2099750.0,5528338.0,974
201700058966,17,9,10,2045,3,1,1,1.0,6.0,97415,R,2101348.0,5527261.0,974
201700058967,17,11,3,2330,3,1,1,1.0,6.0,97415,R,,,974
201700058968,17,9,15,1400,1,2,2,1.0,3.0,97415,R,2100808.0,5527485.0,974
201700058969,17,9,15,1225,1,1,1,1.0,2.0,97415,R,,,974
201700058970,17,1,21,415,5,1,1,1.0,7.0,97415,R,,,974
201700058971,17,1,25,545,2,1,6,1.0,7.0,97415,R,2103351.0,5522231.0,974
201700058972,17,3,17,515,2,1,1,1.0,7.0,97415,R,2104670.0,5523586.0,974
201700058973,17,3,9,745,1,1,1,1.0,6.0,97415,R,2102864.0,5522735.0,974
201700058974,17,5,4,600,2,2,1,1.0,6.0,97415,R,2106135.0,5522802.0,974
201700058975,17,7,17,30,3,1,1,1.0,5.0,97415,R,2110110.0,5526784.0,974
201700058976,17,5,18,1500,1,1,1,1.0,3.0,97415,R,2104667.0,5523624.0,974
201700058977,17,6,4,315,5,1,1,1.0,6.0,97415,R,2104826.0,5522576.0,974
201700058978,17,6,13,1640,1,2,1,1.0,3.0,97415,R,2108331.0,5523690.0,974
201700058979,17,6,18,45,4,1,1,1.0,6.0,97415,R,2104680.0,5523317.0,974
201700058980,17,8,25,1945,3,1,1,1.0,6.0,97415,R,,,974
201700058981,17,11,27,740,1,1,1,1.0,4.0,97415,R,,,974
201700058982,17,12,3,1215,1,1,6,1.0,2.0,97415,R,2104284.0,5524337.0,974
201700058983,17,12,9,940,1,2,3,1.0,3.0,97415,R,2105984.0,5526035.0,974
201700058984,17,12,17,420,3,1,1,1.0,2.0,97415,R,2107976.0,5525454.0,974
201700058985,17,8,8,1615,1,1,1,1.0,6.0,97415,R,2107203.0,5529307.0,974
201700058986,17,10,20,730,1,1,1,1.0,6.0,97415,R,2107310.0,5529381.0,974
201700058987,17,2,13,1000,1,1,1,1.0,6.0,97423,R,,,974
201700058988,17,4,10,1515,1,1,1,1.0,7.0,97423,R,2112288.0,5526347.0,974
201700058989,17,9,3,1530,1,1,3,1.0,3.0,97423,R,2112908.0,5526964.0,974
201700058990,17,1,16,1820,1,2,2,1.0,3.0,97414,R,2128408.0,5544053.0,974
201700058991,17,2,9,1820,1,1,1,1.0,1.0,97412,R,,,974
201700058992,17,12,7,1748,1,1,1,1.0,4.0,97404,R,,,974
201700058993,17,1,1,1545,1,1,1,1.0,6.0,97424,R,,,974
201700058994,17,6,7,2200,5,2,1,2.0,6.0,97424,R,2113882.0,5546843.0,974
201700058995,17,7,2,1925,3,1,1,1.0,6.0,97424,R,2116274.0,5546996.0,974
201700058996,17,10,29,130,3,2,1,1.0,7.0,97424,R,2116664.0,5547987.0,974
201700058997,17,11,20,1430,1,1,1,1.0,7.0,97424,R,2114306.0,5546448.0,974
201700058998,17,1,4,2130,3,2,1,1.0,7.0,97403,R,2126518.0,5546461.0,974
201700058999,17,1,6,755,1,2,3,1.0,3.0,97403,R,2124998.0,5547182.0,974
201700059000,17,2,5,1100,1,1,1,1.0,6.0,97403,R,,,974
201700059001,17,2,5,1730,1,1,1,2.0,7.0,97422,R,2117783.0,5557997.0,974
201700059002,17,2,25,530,1,1,1,1.0,7.0,97422,R,2122194.0,5555864.0,974
201700059003,17,3,16,515,3,1,1,3.0,7.0,97422,R,2121140.0,5556673.0,974
201700059004,17,4,16,1300,1,1,1,1.0,1.0,97422,R,2120699.0,5561692.0,974
201700059005,17,8,10,1730,1,1,1,2.0,7.0,97422,R,2122886.0,5552612.0,974
201700059006,17,10,5,1200,1,2,3,1.0,3.0,97422,R,2121815.0,5554885.0,974
201700059007,17,10,7,2215,3,1,2,1.0,3.0,97422,R,2120645.0,5559559.0,974
201700059008,17,10,14,1520,1,2,6,1.0,6.0,97422,R,2121770.0,5555041.0,974
201700059009,17,3,18,1115,1,1,1,2.0,1.0,97417,R,,,974
201700059010,17,3,19,1130,1,1,1,1.0,5.0,97417,R,2132154.0,5580001.0,974
201700059011,17,9,13,905,1,1,1,1.0,6.0,97417,R,2135511.0,5577843.0,974
201700059012,17,10,29,1145,1,1,1,1.0,3.0,97417,R,2133652.0,5580149.0,974
201700059013,17,1,9,1200,1,1,1,1.0,5.0,97607,Y,,,976
201700059014,17,1,31,1900,3,2,1,1.0,6.0,97607,Y,,,976
201700059015,17,2,16,620,1,2,1,1.0,6.0,97610,Y,,,976
201700059016,17,2,24,1900,3,1,9,1.0,3.0,97607,Y,,,976
201700059017,17,4,2,1900,3,1,1,2.0,1.0,97607,Y,,,976
201700059018,17,4,17,1615,1,2,1,1.0,6.0,97610,Y,,,976
201700059019,17,6,19,1715,1,2,9,1.0,6.0,97610,Y,,,976
201700059020,17,7,2,1850,3,2,1,1.0,1.0,97607,Y,,,976
201700059021,17,7,29,2015,3,2,1,3.0,7.0,97610,Y,1273681.0,4521551.0,976
201700059022,17,8,2,1020,1,1,9,1.0,6.0,97610,Y,,,976
201700059023,17,10,30,100,3,1,1,1.0,6.0,97610,Y,,,976
201700059024,17,11,22,630,1,1,1,1.0,7.0,97610,Y,,,976
201700059025,17,11,29,1745,1,2,1,1.0,6.0,97607,Y,,,976
201700059026,17,12,8,215,3,1,1,1.0,7.0,97610,Y,,,976
201700059027,17,2,15,655,1,1,1,1.0,2.0,97608,Y,1278586.0,4526123.0,976
201700059028,17,2,24,1830,5,2,9,1.0,2.0,97608,Y,,,976
201700059029,17,6,23,715,1,1,1,1.0,7.0,97608,Y,,,976
201700059030,17,12,8,710,1,2,3,1.0,3.0,97615,Y,,,976
201700059031,17,1,1,1600,1,1,1,1.0,2.0,97616,Y,,,976
201700059032,17,1,7,1345,1,2,1,1.0,7.0,97614,Y,,,976
201700059033,17,1,11,600,2,1,1,2.0,6.0,97605,Y,,,976
201700059034,17,1,30,915,1,2,1,1.0,6.0,97614,Y,,,976
201700059035,17,2,5,1315,1,2,1,1.0,6.0,97605,Y,1278001.0,4511871.0,976
201700059036,17,2,7,1945,3,2,1,1.0,1.0,97617,Y,,,976
201700059037,17,2,9,1215,1,1,1,2.0,6.0,97617,Y,,,976
201700059038,17,2,14,2045,3,2,1,1.0,1.0,97605,Y,,,976
201700059039,17,3,3,1005,1,1,1,2.0,7.0,97614,Y,,,976
201700059040,17,3,16,1945,3,1,1,1.0,6.0,97617,Y,,,976
201700059041,17,4,1,900,1,2,1,1.0,7.0,97616,Y,,,976
201700059042,17,4,1,1300,1,1,1,2.0,7.0,97614,Y,,,976
201700059043,17,4,3,700,1,1,1,1.0,7.0,97605,Y,,,976
201700059044,17,4,8,2315,5,2,1,1.0,7.0,97617,Y,,,976
201700059045,17,4,22,750,1,1,1,1.0,7.0,97605,Y,,,976
201700059046,17,5,2,650,1,2,1,1.0,6.0,97617,Y,,,976
201700059047,17,5,7,1800,5,2,1,1.0,1.0,97616,Y,,,976
201700059048,17,5,7,1655,1,1,1,1.0,6.0,97614,Y,,,976
201700059049,17,5,14,1230,1,1,1,7.0,6.0,97614,Y,,,976
201700059050,17,6,10,1900,3,1,9,1.0,6.0,97617,Y,,,976
201700059051,17,6,16,855,1,1,1,1.0,6.0,97614,Y,,,976
201700059052,17,6,19,1150,1,2,1,1.0,7.0,97617,Y,,,976
201700059053,17,6,29,1035,1,2,1,1.0,6.0,97605,Y,,,976
201700059054,17,8,1,1500,1,1,1,1.0,3.0,97614,Y,1283401.0,4513881.0,976
201700059055,17,9,30,1735,2,1,1,1.0,3.0,97616,Y,,,976
201700059056,17,10,4,540,2,1,1,1.0,1.0,97617,Y,,,976
201700059057,17,11,12,1015,1,1,9,1.0,6.0,97605,Y,,,976
201700059058,17,12,31,1210,1,2,2,1.0,3.0,97103,A,,,971
201700059059,17,1,12,1520,1,1,1,1.0,2.0,97103,A,,,971
201700059060,17,1,25,630,2,1,6,1.0,6.0,97103,A,,,971
201700059061,17,2,13,1010,1,2,1,1.0,1.0,97103,A,,,971
201700059062,17,2,22,2000,5,2,9,1.0,3.0,97103,A,,,971
201700059063,17,3,8,1920,5,2,1,1.0,6.0,97103,A,,,971
201700059064,17,2,6,750,1,2,3,1.0,3.0,97103,A,,,971
201700059065,17,4,28,1830,2,2,3,1.0,5.0,97103,A,,,971
201700059066,17,7,11,1445,1,2,3,1.0,3.0,97103,A,,,971
201700059067,17,7,29,1940,5,1,1,1.0,3.0,97103,A,,,971
201700059068,17,7,31,702,1,1,1,1.0,3.0,97103,A,,,971
201700059069,17,8,7,1350,1,1,1,1.0,3.0,97103,A,,,971
201700059070,17,9,2,2045,5,1,1,1.0,5.0,97103,A,,,971
201700059071,17,9,13,1310,1,2,3,1.0,3.0,97103,A,,,971
201700059072,17,8,10,830,1,1,1,1.0,3.0,97103,A,,,971
201700059073,17,10,30,1820,2,2,3,1.0,6.0,97103,A,,,971
201700059074,17,11,17,2000,5,2,1,1.0,6.0,97103,A,,,971
201700059075,17,11,21,1600,1,2,1,1.0,3.0,97103,A,,,971
201700059076,17,11,22,1620,1,1,1,1.0,2.0,97103,A,,,971
201700059077,17,11,22,1215,1,2,2,1.0,3.0,97103,A,,,971
201700059078,17,12,3,610,1,1,1,1.0,6.0,97103,A,,,971