Num_Acc,an,mois,jour,hrmn,lum,agg,int,atm,col,com,gps,lat,long,dep
201700059079,17,12,6,2110,5,2,1,1.0,1.0,97103,A,,,971
201700059080,17,11,25,2220,5,2,1,1.0,1.0,97360,G,,,973
201700059081,17,3,15,1200,1,2,9,1.0,6.0,97602,Y,,,976
201700059082,17,3,16,1500,1,1,1,1.0,2.0,97613,Y,,,976
201700059083,17,4,13,1830,3,2,1,1.0,6.0,97612,Y,1270001.0,4506401.0,976
201700059084,17,5,8,1300,1,1,1,1.0,1.0,97602,Y,,,976
201700059085,17,6,25,900,1,2,1,1.0,6.0,97602,Y,,,976
201700059086,17,9,7,1740,5,2,1,1.0,6.0,97601,Y,,,976
201700059087,17,9,12,800,1,2,3,1.0,1.0,97602,Y,,,976
201700059088,17,9,21,530,2,2,1,1.0,3.0,97602,Y,,,976
201700059089,17,11,28,1145,1,2,1,1.0,6.0,97613,Y,,,976
201700059090,17,12,17,1115,1,1,1,1.0,1.0,97601,Y,1273251.0,4505711.0,976
201700059091,17,12,22,715,1,2,1,1.0,1.0,97612,Y,1269502.0,4508105.0,976
201700059092,17,1,3,1615,1,1,1,1.0,2.0,97603,Y,,,976
201700059093,17,1,18,1600,1,1,1,3.0,7.0,97604,Y,,,976
201700059094,17,1,29,1,3,2,1,1.0,6.0,97606,Y,,,976
201700059095,17,3,1,1935,3,1,1,1.0,2.0,97606,Y,,,976
201700059096,17,3,3,1450,1,1,1,1.0,6.0,97603,Y,,,976
201700059097,17,3,13,800,1,1,1,1.0,7.0,97603,Y,,,976
201700059098,17,3,14,1530,1,1,1,1.0,7.0,97604,Y,,,976
201700059099,17,3,19,1035,1,2,1,1.0,7.0,97603,Y,,,976
201700059100,17,3,23,2226,3,1,1,1.0,5.0,97603,Y,,,976
201700059101,17,3,25,345,3,2,1,1.0,6.0,97606,Y,,,976
201700059102,17,4,6,1730,1,1,1,1.0,7.0,97603,Y,,,976
201700059103,17,4,9,1415,1,1,1,1.0,7.0,97603,Y,,,976
201700059104,17,4,23,1745,2,1,1,1.0,1.0,97609,Y,,,976
201700059105,17,5,2,915,5,2,1,1.0,6.0,97606,Y,,,976
201700059106,17,5,11,1615,1,2,1,1.0,7.0,97604,Y,,,976
201700059107,17,5,14,1130,1,1,1,1.0,6.0,97609,Y,,,976
201700059108,17,5,14,1900,3,1,1,1.0,2.0,97606,Y,,,976
201700059109,17,5,18,2000,3,1,1,1.0,6.0,97603,Y,,,976
201700059110,17,5,24,1438,1,2,1,1.0,3.0,97606,Y,,,976
201700059111,17,6,24,245,5,2,1,1.0,7.0,97606,Y,,,976
201700059112,17,6,30,2130,5,2,1,1.0,1.0,97606,Y,,,976
201700059113,17,7,1,1945,3,1,1,1.0,6.0,97606,Y,,,976
201700059114,17,9,25,1445,1,1,1,3.0,1.0,97603,Y,,,976
201700059115,17,10,1,930,1,1,1,1.0,5.0,97606,Y,,,976
201700059116,17,10,10,940,1,1,1,1.0,6.0,97603,Y,,,976
201700059117,17,11,25,950,1,2,1,2.0,3.0,97606,Y,1292839.0,4515271.0,976
201700059118,17,12,29,1220,1,2,1,1.0,6.0,97603,Y,,,976
201700059119,17,12,29,1645,1,2,1,1.0,6.0,97606,Y,,,976
201700059120,17,2,9,735,1,2,1,3.0,2.0,97309,G,,,973
201700059121,17,2,12,615,1,2,1,1.0,1.0,97309,G,,,973
201700059122,17,2,21,815,1,1,1,1.0,3.0,97309,G,,,973
201700059123,17,3,10,2320,4,2,9,1.0,3.0,97309,G,,,973
201700059124,17,3,12,2005,3,2,1,1.0,6.0,97309,G,,,973
201700059125,17,3,10,1745,1,2,1,1.0,3.0,97309,G,,,973
201700059126,17,3,15,735,1,2,3,1.0,3.0,97309,G,,,973
201700059127,17,3,14,815,1,2,1,1.0,3.0,97309,G,,,973
201700059128,17,3,26,430,5,2,1,1.0,6.0,97309,G,,,973
201700059129,17,4,8,940,1,2,1,2.0,7.0,97309,G,,,973
201700059130,17,4,12,1650,1,2,1,1.0,5.0,97309,G,,,973
201700059131,17,4,13,1600,1,2,1,1.0,3.0,97309,G,,,973
201700059132,17,4,15,1905,5,1,1,1.0,3.0,97309,G,,,973
201700059133,17,4,22,1715,1,2,1,1.0,6.0,97309,G,,,973
201700059134,17,5,10,840,1,2,1,1.0,5.0,97309,G,,,973
201700059135,17,5,10,825,1,2,1,1.0,3.0,97309,G,,,973
201700059136,17,6,7,1725,1,2,1,1.0,5.0,97309,G,,,973
201700059137,17,6,20,810,1,1,1,1.0,3.0,97309,G,,,973
201700059138,17,6,23,2130,3,1,1,1.0,1.0,97309,G,,,973
201700059139,17,7,1,1630,1,2,1,1.0,2.0,97309,G,,,973
201700059140,17,7,6,1640,1,1,1,2.0,2.0,97309,G,,,973
201700059141,17,8,15,1750,1,1,1,1.0,3.0,97309,G,,,973
201700059142,17,8,28,1830,2,1,1,1.0,1.0,97309,G,,,973
201700059143,17,8,30,810,1,1,1,1.0,3.0,97309,G,,,973
201700059144,17,8,29,1320,1,2,1,1.0,3.0,97309,G,,,973
201700059145,17,10,17,2300,5,1,1,1.0,3.0,97309,G,,,973
201700059146,17,10,21,800,1,2,1,1.0,3.0,97309,G,,,973
201700059147,17,11,1,420,5,2,9,1.0,1.0,97309,G,,,973
201700059148,17,11,24,800,1,2,1,1.0,3.0,97309,G,,,973
201700059149,17,11,29,645,1,1,1,8.0,6.0,97309,G,,,973
201700059150,17,1,12,1400,1,1,1,5.0,1.0,97415,R,2105703.0,5536093.0,974
201700059151,17,2,12,930,1,2,1,1.0,6.0,97415,R,2100443.0,5533455.0,974
201700059152,17,2,24,2350,3,1,1,1.0,7.0,97415,R,2099806.0,5533451.0,974
201700059153,17,11,6,745,1,1,3,1.0,3.0,97415,R,2098102.0,5531491.0,974
201700059154,17,1,7,1330,1,1,6,1.0,7.0,97307,G,,,973
201700059155,17,1,9,910,1,2,3,1.0,3.0,97307,G,,,973
201700059156,17,1,12,1530,1,1,6,1.0,3.0,97307,G,,,973
201700059157,17,1,12,1725,1,2,2,1.0,3.0,97307,G,,,973
201700059158,17,2,4,1400,1,2,1,1.0,6.0,97307,G,,,973
201700059159,17,2,5,200,4,1,6,2.0,3.0,97307,G,,,973
201700059160,17,2,5,2245,5,2,1,2.0,7.0,97307,G,,,973
201700059161,17,2,7,1750,1,1,1,1.0,3.0,97307,G,,,973
201700059162,17,2,8,1930,3,1,1,1.0,7.0,97307,G,,,973
201700059163,17,2,18,815,1,1,1,2.0,1.0,97307,G,,,973
201700059164,17,2,24,1900,3,2,1,1.0,1.0,97307,G,,,973
201700059165,17,2,28,1600,1,1,1,1.0,6.0,97307,G,,,973
201700059166,17,3,12,20,5,2,6,1.0,3.0,97307,G,,,973
201700059167,17,4,9,2020,5,2,1,2.0,3.0,97307,G,,,973
201700059168,17,4,16,330,3,2,1,1.0,1.0,97307,G,,,973
201700059169,17,4,26,1015,1,1,1,1.0,3.0,97307,G,,,973
201700059170,17,4,27,1910,3,1,1,2.0,6.0,97307,G,,,973
201700059171,17,5,6,20,3,1,1,5.0,7.0,97307,G,,,973
201700059172,17,5,10,1745,1,2,1,1.0,6.0,97307,G,,,973
201700059173,17,5,26,710,1,1,6,1.0,3.0,97307,G,,,973
201700059174,17,6,11,415,5,2,1,1.0,6.0,97307,G,,,973
201700059175,17,6,15,1230,1,2,1,1.0,6.0,97307,G,,,973
201700059176,17,7,9,1200,1,1,1,1.0,2.0,97307,G,,,973
201700059177,17,7,20,1800,1,1,1,1.0,6.0,97307,G,,,973
201700059178,17,7,21,2000,3,1,1,1.0,6.0,97307,G,,,973
201700059179,17,7,24,1945,3,1,1,1.0,1.0,97307,G,,,973
201700059180,17,8,1,1100,1,1,1,1.0,2.0,97307,G,,,973
201700059181,17,8,20,1250,1,1,1,1.0,1.0,97307,G,,,973
201700059182,17,8,20,2250,3,1,1,1.0,1.0,97307,G,,,973
201700059183,17,8,24,1115,1,2,1,1.0,6.0,97307,G,,,973
201700059184,17,8,30,5,5,1,1,1.0,3.0,97307,G,,,973
201700059185,17,9,4,1030,1,2,1,1.0,1.0,97307,G,,,973
201700059186,17,9,7,1830,2,1,1,1.0,6.0,97307,G,,,973
201700059187,17,9,10,1135,1,1,1,1.0,3.0,97307,G,,,973
201700059188,17,9,11,1945,3,2,1,1.0,6.0,97307,G,,,973
201700059189,17,9,14,1045,1,1,1,1.0,6.0,97307,G,,,973
201700059190,17,10,5,930,1,1,1,1.0,2.0,97307,G,,,973
201700059191,17,10,5,1850,5,1,6,1.0,3.0,97307,G,,,973
201700059192,17,10,9,1720,1,1,1,1.0,2.0,97307,G,,,973
201700059193,17,10,21,2015,5,1,1,1.0,3.0,97307,G,,,973
201700059194,17,10,6,1445,1,2,1,1.0,3.0,97307,G,,,973
201700059195,17,11,4,550,2,2,2,1.0,3.0,97307,G,,,973
201700059196,17,11,9,1730,1,1,1,1.0,6.0,97307,G,,,973
201700059197,17,11,17,1900,2,1,1,1.0,6.0,97307,G,,,973
201700059198,17,11,18,1900,3,1,1,1.0,6.0,97307,G,,,973
201700059199,17,11,30,830,1,2,1,1.0,6.0,97307,G,,,973
201700059200,17,12,9,1740,1,2,1,8.0,3.0,97307,G,,,973
201700059201,17,12,10,1400,1,1,1,1.0,3.0,97307,G,,,973
201700059202,17,12,21,10,4,2,1,1.0,6.0,97307,G,,,973
201700059203,17,12,23,2230,3,1,1,2.0,6.0,97307,G,,,973
201700059204,17,12,29,950,1,1,1,2.0,1.0,97307,G,,,973
201700059205,17,12,30,710,1,1,1,1.0,2.0,97307,G,,,973
201700059206,17,2,17,2045,5,2,1,1.0,6.0,97415,R,2102495.0,5526431.0,974
201700059207,17,4,15,320,3,1,1,2.0,3.0,97415,R,2101587.0,5526467.0,974
201700059208,17,4,14,1838,2,2,2,2.0,6.0,97415,R,2104216.0,5525374.0,974
201700059209,17,4,23,1100,1,2,3,1.0,6.0,97415,R,2101807.0,5526527.0,974
201700059210,17,6,8,1915,5,2,1,1.0,3.0,97415,R,2104691.0,5526748.0,974
201700059211,17,8,2,605,2,2,3,1.0,3.0,97415,R,2104214.0,5525371.0,974
201700059212,17,9,12,635,2,1,2,1.0,1.0,97415,R,2103416.0,5527675.0,974
201700059213,17,9,23,1250,1,1,1,1.0,1.0,97415,R,2104998.0,5530328.0,974
201700059214,17,10,29,1400,1,1,1,1.0,2.0,97415,R,2103975.0,5521868.0,974
201700059215,17,11,6,845,1,1,1,1.0,5.0,97415,R,2104246.0,5521941.0,974
201700059216,17,11,18,1300,1,2,1,1.0,6.0,97415,R,2102621.0,5530613.0,974
201700059217,17,8,31,630,1,1,1,1.0,1.0,97418,R,2089945.0,5554287.0,974
201700059218,17,5,17,747,1,1,9,1.0,7.0,97415,R,2103409.0,5527724.0,974
201700059219,17,1,13,1545,1,1,1,1.0,3.0,97413,R,2114993.0,5527557.0,974
201700059220,17,2,11,1950,5,2,3,1.0,1.0,97413,R,2122160.0,5530718.0,974
201700059221,17,2,12,1750,1,1,1,1.0,6.0,97413,R,2120982.0,5533512.0,974
201700059222,17,2,25,1030,1,2,1,1.0,2.0,97413,R,2115831.0,5528565.0,974
201700059223,17,3,19,1420,1,1,1,1.0,7.0,97413,R,,,974
201700059224,17,4,5,1015,1,2,1,1.0,6.0,97413,R,2117326.0,5528941.0,974
201700059225,17,4,13,1120,1,2,1,1.0,1.0,97413,R,2120272.0,5533387.0,974
201700059226,17,4,23,1840,4,2,9,1.0,6.0,97413,R,,,974
201700059227,17,5,4,1300,1,2,1,1.0,1.0,97413,R,2121821.0,5531168.0,974
201700059228,17,5,17,1550,1,2,1,1.0,7.0,97413,R,2122105.0,5530544.0,974
201700059229,17,6,6,1530,1,1,3,1.0,2.0,97413,R,2119354.0,5529054.0,974
201700059230,17,7,6,1345,1,2,3,1.0,3.0,97413,R,2121871.0,5531203.0,974
201700059231,17,7,11,1645,1,1,2,1.0,7.0,97413,R,2116611.0,5533334.0,974
201700059232,17,7,18,1816,2,2,1,1.0,7.0,97413,R,2118927.0,5528964.0,974
201700059233,17,11,15,2300,3,1,1,1.0,2.0,97413,R,2119466.0,5528520.0,974
201700059234,17,12,20,825,1,1,1,1.0,3.0,97413,R,2115010.0,5531988.0,974
201700059235,17,1,13,2020,3,1,1,1.0,6.0,97132,A,,,971
201700059236,17,6,28,2000,5,1,1,1.0,2.0,97109,A,,,971
201700059237,17,9,28,2220,3,1,1,1.0,1.0,97132,A,,,971
201700059238,17,3,14,1135,1,2,1,1.0,6.0,97414,R,2124696.0,5543287.0,974
201700059239,17,4,18,1025,1,2,6,1.0,3.0,97414,R,2129161.0,5540907.0,974
201700059240,17,5,30,1905,3,1,1,1.0,6.0,97414,R,2128474.0,5539470.0,974
201700059241,17,6,22,1635,1,2,6,1.0,5.0,97414,R,2127147.0,5543733.0,974
201700059242,17,8,18,1845,3,2,3,1.0,1.0,97414,R,2133321.0,5547368.0,974
201700059243,17,8,30,830,1,1,1,1.0,6.0,97414,R,2128461.0,5542282.0,974
201700059244,17,9,6,2110,3,2,4,1.0,3.0,97414,R,2128171.0,5540711.0,974
201700059245,17,9,18,1920,5,2,1,1.0,5.0,97414,R,2128463.0,5542282.0,974
201700059246,17,9,22,2145,3,1,1,1.0,7.0,97414,R,2124879.0,5543315.0,974
201700059247,17,10,31,2330,3,2,1,1.0,7.0,97414,R,2128398.0,5541735.0,974
201700059248,17,11,6,1810,2,2,1,7.0,6.0,97414,R,2128874.0,5541831.0,974
201700059249,17,11,25,1930,3,2,1,1.0,6.0,97414,R,2128270.0,5543020.0,974
201700059250,17,12,22,1955,3,2,3,1.0,3.0,97414,R,2127327.0,5540368.0,974
201700059251,17,12,24,1500,1,2,2,1.0,3.0,97414,R,2125556.0,5543358.0,974
201700059252,17,12,28,1645,1,2,2,1.0,3.0,97414,R,2128510.0,5541841.0,974
201700059253,17,1,21,1035,1,2,6,1.0,3.0,97410,R,2104785.0,5571747.0,974
201700059254,17,2,5,1200,1,2,1,8.0,1.0,97410,R,2107347.0,5570128.0,974
201700059255,17,2,7,1620,1,1,1,2.0,1.0,97410,R,,,974
201700059256,17,2,27,1105,1,1,1,1.0,7.0,97410,R,2103757.0,5567919.0,974
201700059257,17,3,28,2305,3,2,1,1.0,1.0,97410,R,2109687.0,5574856.0,974
201700059258,17,3,29,1930,5,2,4,2.0,2.0,97410,R,2104015.0,5571980.0,974
201700059259,17,4,1,1005,1,2,6,1.0,3.0,97410,R,2104747.0,5571746.0,974
201700059260,17,5,2,1450,1,1,1,3.0,6.0,97410,R,2107966.0,5569957.0,974
201700059261,17,5,2,1515,1,1,4,3.0,3.0,97410,R,2104789.0,5569369.0,974
201700059262,17,6,18,1615,1,2,3,1.0,3.0,97410,R,2105150.0,5568428.0,974
201700059263,17,7,30,200,3,1,1,1.0,6.0,97410,R,2100618.0,5569686.0,974
201700059264,17,8,19,2205,3,2,1,1.0,1.0,97410,R,2109831.0,5574883.0,974
201700059265,17,9,8,1850,3,1,1,2.0,5.0,97410,R,2101751.0,5569685.0,974
201700059266,17,9,17,600,1,2,1,1.0,6.0,97410,R,2105477.0,5571349.0,974
201700059267,17,10,12,1645,1,2,1,1.0,6.0,97410,R,2105380.0,5570003.0,974
201700059268,17,12,2,800,1,2,1,1.0,1.0,97410,R,2103975.0,5570956.0,974
201700059269,17,1,18,830,1,2,1,1.0,6.0,97229,A,,,972
201700059270,17,1,27,400,3,1,1,1.0,6.0,97229,A,,,972
201700059271,17,2,11,1120,1,2,1,1.0,2.0,97229,A,,,972
201700059272,17,2,21,825,1,2,6,1.0,2.0,97229,A,,,972
201700059273,17,3,5,2100,5,2,1,1.0,1.0,97229,A,,,972
201700059274,17,4,15,2155,3,1,1,1.0,5.0,97205,A,,,972
201700059275,17,4,30,2230,5,2,1,1.0,1.0,97205,A,,,972
201700059276,17,5,8,1255,1,1,1,3.0,1.0,97234,A,,,972
201700059277,17,6,5,2240,3,2,1,1.0,6.0,97229,A,,,972
201700059278,17,6,17,300,3,1,1,1.0,5.0,97229,A,,,972
201700059279,17,8,7,1530,1,1,1,1.0,6.0,97229,A,,,972
201700059280,17,8,14,1715,1,2,1,1.0,6.0,97229,A,,,972
201700059281,17,9,3,2045,3,1,1,1.0,7.0,97229,A,,,972
201700059282,17,11,7,1215,1,2,2,1.0,3.0,97229,A,,,972
201700059283,17,11,15,2010,5,2,1,1.0,6.0,97229,A,,,972
201700059284,17,11,25,800,1,1,1,1.0,1.0,97205,A,,,972
201700059285,17,2,7,1830,2,2,1,1.0,2.0,97219,A,,,972
201700059286,17,2,8,1605,1,2,1,1.0,6.0,97218,A,,,972
201700059287,17,5,15,945,1,2,1,1.0,6.0,97219,A,,,972
201700059288,17,10,10,2015,3,2,1,1.0,7.0,97218,A,,,972
201700059289,17,10,15,1315,1,2,1,1.0,3.0,97225,A,,,972
201700059290,17,10,20,40,3,2,1,1.0,6.0,97204,A,,,972
201700059291,17,1,1,515,3,1,1,1.0,1.0,97227,A,,,972
201700059292,17,2,5,145,3,1,1,1.0,6.0,97220,A,,,972
201700059293,17,2,26,1600,1,1,1,1.0,1.0,97217,A,,,972
201700059294,17,3,1,1840,5,1,1,1.0,6.0,97226,A,,,972
201700059295,17,3,20,1205,1,2,2,2.0,1.0,97227,A,,,972
201700059296,17,4,2,55,5,1,6,1.0,6.0,97227,A,,,972
201700059297,17,4,9,1440,1,2,1,1.0,1.0,97227,A,,,972
201700059298,17,4,16,2000,3,1,1,1.0,1.0,97220,A,,,972
201700059299,17,4,28,1130,1,1,1,1.0,5.0,97217,A,,,972
201700059300,17,4,29,1720,1,2,1,1.0,3.0,97220,A,,,972
201700059301,17,5,14,2200,5,2,1,1.0,1.0,97220,A,,,972
201700059302,17,5,19,1125,1,1,9,1.0,6.0,97220,A,,,972
201700059303,17,6,12,1055,1,1,2,1.0,6.0,97217,A,,,972
201700059304,17,6,17,1430,1,1,9,1.0,1.0,97227,A,,,972
201700059305,17,7,10,1200,1,1,1,1.0,3.0,97227,A,,,972
201700059306,17,7,16,2315,5,1,6,1.0,7.0,97226,A,,,972
201700059307,17,7,16,1615,1,1,1,1.0,5.0,97226,A,,,972
201700059308,17,8,6,1335,1,1,1,1.0,5.0,97217,A,,,972
201700059309,17,9,10,1845,3,1,9,1.0,5.0,97220,A,,,972
201700059310,17,10,18,645,1,1,1,1.0,5.0,97227,A,,,972
201700059311,17,10,26,935,1,1,1,1.0,6.0,97226,A,,,972
201700059312,17,11,17,1310,1,1,1,1.0,1.0,97220,A,,,972
201700059313,17,11,19,1840,3,1,1,1.0,7.0,97227,A,,,972
201700059314,17,11,21,630,1,1,1,1.0,2.0,97217,A,,,972
201700059315,17,12,21,1959,3,2,1,1.0,7.0,97217,A,,,972
201700059316,17,1,20,1230,1,2,1,1.0,6.0,97232,A,,,972
201700059317,17,1,23,1615,1,2,1,1.0,7.0,97210,A,,,972
201700059318,17,1,31,830,1,2,1,1.0,2.0,97210,A,,,972
201700059319,17,2,2,1547,1,2,1,1.0,7.0,97210,A,,,972
201700059320,17,2,4,1200,1,1,1,1.0,7.0,97210,A,,,972
201700059321,17,2,22,2008,5,2,1,1.0,1.0,97232,A,,,972
201700059322,17,3,11,1600,1,1,1,1.0,6.0,97210,A,,,972
201700059323,17,3,30,1535,1,2,1,1.0,7.0,97210,A,,,972
201700059324,17,5,14,1930,3,1,1,1.0,1.0,97210,A,,,972
201700059325,17,5,24,1645,1,1,1,1.0,7.0,97210,A,,,972
201700059326,17,5,25,830,1,2,1,1.0,3.0,97232,A,,,972
201700059327,17,8,9,1600,1,1,1,1.0,1.0,97232,A,,,972
201700059328,17,8,21,2245,3,1,1,2.0,6.0,97210,A,,,972
201700059329,17,9,2,2015,5,2,1,1.0,6.0,97210,A,,,972
201700059330,17,10,14,1215,1,1,1,1.0,1.0,97232,A,,,972
201700059331,17,10,21,1820,3,1,1,1.0,1.0,97232,A,,,972
201700059332,17,11,10,1900,3,1,1,2.0,1.0,97232,A,,,972
201700059333,17,12,30,1050,1,1,1,1.0,6.0,97210,A,,,972
201700059334,17,1,3,610,2,1,1,1.0,6.0,97221,A,,,972
201700059335,17,1,7,1140,1,2,3,1.0,1.0,97231,A,,,972
201700059336,17,1,12,700,1,2,1,1.0,6.0,97221,A,,,972
201700059337,17,1,15,200,3,1,1,2.0,1.0,97231,A,,,972
201700059338,17,1,15,2000,3,1,1,1.0,2.0,97221,A,,,972
201700059339,17,1,28,1845,3,1,2,1.0,1.0,97202,A,,,972
201700059340,17,2,22,1800,2,2,1,1.0,6.0,97231,A,,,972
201700059341,17,3,1,2300,3,1,1,1.0,1.0,97221,A,,,972
201700059342,17,3,3,745,2,2,3,1.0,3.0,97231,A,,,972
201700059343,17,3,15,2200,3,1,1,1.0,7.0,97206,A,,,972
201700059344,17,3,17,1215,1,1,1,1.0,2.0,97221,A,,,972
201700059345,17,4,2,1330,1,2,1,1.0,6.0,97206,A,,,972
201700059346,17,4,21,1440,1,2,1,1.0,6.0,97221,A,,,972
201700059347,17,5,21,1435,1,1,1,1.0,6.0,97206,A,,,972
201700059348,17,5,22,1505,1,2,3,1.0,3.0,97221,A,,,972
201700059349,17,6,11,1115,1,2,1,1.0,1.0,97231,A,,,972
201700059350,17,6,15,2100,5,2,1,1.0,1.0,97221,A,,,972
201700059351,17,8,21,720,1,1,1,1.0,5.0,97231,A,,,972
201700059352,17,9,30,830,1,2,1,3.0,6.0,97221,A,,,972
201700059353,17,10,23,1810,3,1,1,1.0,6.0,97202,A,,,972
201700059354,17,11,7,1700,1,1,3,1.0,2.0,97206,A,,,972
201700059355,17,11,19,1836,2,2,6,1.0,7.0,97206,A,,,972
201700059356,17,11,24,750,1,1,3,1.0,5.0,97231,A,,,972
201700059357,17,12,30,1300,1,1,3,1.0,1.0,97223,A,,,972
201700059358,17,2,3,1455,1,2,3,1.0,6.0,97207,A,,,972
201700059359,17,2,17,330,5,1,6,1.0,7.0,97207,A,,,972
201700059360,17,7,9,420,3,1,1,1.0,6.0,97207,A,,,972
201700059361,17,7,16,1600,1,1,1,1.0,6.0,97207,A,,,972
201700059362,17,9,4,905,1,2,1,1.0,1.0,97207,A,,,972
201700059363,17,10,20,1745,5,1,1,1.0,6.0,97223,A,,,972
201700059364,17,11,25,320,5,2,6,1.0,1.0,97207,A,,,972
201700059365,17,12,22,2115,5,2,1,3.0,6.0,97223,A,,,972
201700059366,17,2,15,2250,5,2,1,1.0,7.0,97201,A,,,972
201700059367,17,3,24,1830,2,1,1,1.0,1.0,97216,A,,,972
201700059368,17,7,15,1340,1,2,3,7.0,7.0,97214,A,,,972
201700059369,17,10,29,2125,3,1,1,1.0,2.0,97216,A,,,972
201700059370,17,11,1,1900,3,1,3,1.0,5.0,97214,A,,,972
201700059371,17,11,17,830,1,2,1,1.0,6.0,97214,A,,,972
201700059372,17,1,11,1000,1,1,1,1.0,2.0,97222,A,,,972
201700059373,17,1,17,725,1,1,1,1.0,6.0,97222,A,,,972
201700059374,17,1,26,1915,3,1,2,1.0,3.0,97222,A,,,972
201700059375,17,2,17,1730,2,2,1,1.0,5.0,97222,A,,,972
201700059376,17,2,18,2315,5,2,1,1.0,7.0,97222,A,,,972
201700059377,17,2,28,425,5,2,1,1.0,7.0,97222,A,,,972
201700059378,17,3,5,1745,1,1,1,1.0,1.0,97222,A,,,972
201700059379,17,3,9,715,1,1,1,2.0,2.0,97222,A,,,972
201700059380,17,5,17,1600,1,1,1,1.0,7.0,97212,A,,,972
201700059381,17,6,18,230,3,1,1,1.0,1.0,97222,A,,,972
201700059382,17,12,2,1710,1,2,1,1.0,3.0,97212,A,,,972
201700059383,17,12,17,200,3,1,1,1.0,6.0,97212,A,,,972
201700059384,17,2,12,1930,3,2,6,1.0,6.0,97404,R,2125804.0,5533058.0,974
201700059385,17,3,17,2110,5,1,1,1.0,1.0,97401,R,2120753.0,5535495.0,974
201700059386,17,7,9,1900,3,2,4,1.0,1.0,97404,R,2125144.0,5535462.0,974
201700059387,17,9,7,730,1,1,1,1.0,2.0,97404,R,,,974
201700059388,17,10,7,1440,1,1,1,1.0,5.0,97404,R,2128153.0,5536697.0,974
201700059389,17,10,5,1830,3,1,1,1.0,2.0,97404,R,2126879.0,5534020.0,974
201700059390,17,10,25,1520,1,2,1,1.0,7.0,97401,R,2124423.0,5533386.0,974
201700059391,17,11,17,630,1,2,1,1.0,7.0,97404,R,2124695.0,5536676.0,974
201700059392,17,1,6,1745,1,1,1,1.0,7.0,97405,R,2133847.0,5556568.0,974
201700059393,17,1,8,2005,3,1,1,1.0,6.0,97405,R,2136517.0,5554891.0,974
201700059394,17,2,10,515,3,2,1,1.0,6.0,97412,R,,,974
201700059395,17,2,10,835,1,2,1,1.0,1.0,97412,R,2138035.0,5565391.0,974
201700059396,17,2,26,2030,5,1,1,1.0,6.0,97412,R,2137357.0,5559591.0,974
201700059397,17,2,26,1620,1,1,1,1.0,2.0,97412,R,2137811.0,5566055.0,974
201700059398,17,2,28,2030,5,2,1,1.0,3.0,97412,R,2138035.0,5560846.0,974
201700059399,17,3,3,2045,3,2,3,1.0,6.0,97412,R,2138079.0,5564302.0,974
201700059400,17,4,1,345,3,1,6,1.0,6.0,97405,R,2136732.0,5555951.0,974
201700059401,17,4,30,1130,1,1,1,2.0,6.0,97405,R,,,974
201700059402,17,5,12,1225,1,2,1,1.0,3.0,97405,R,2136745.0,5557159.0,974
201700059403,17,6,1,800,1,2,3,1.0,6.0,97412,R,2138567.0,5561244.0,974
201700059404,17,7,6,1410,1,1,3,1.0,3.0,97405,R,2136736.0,5557151.0,974
201700059405,17,7,23,1550,1,2,1,1.0,2.0,97412,R,2137955.0,5560635.0,974
201700059406,17,8,6,150,3,1,1,1.0,1.0,97405,R,2136811.0,5558154.0,974
201700059407,17,9,14,650,1,1,1,1.0,3.0,97405,R,2135966.0,5556007.0,974
201700059408,17,9,23,1950,5,2,1,1.0,1.0,97405,R,2134152.0,5556039.0,974
201700059409,17,10,13,1550,1,2,1,1.0,6.0,97412,R,2137225.0,5562073.0,974
201700059410,17,10,24,1920,3,1,1,1.0,1.0,97405,R,2136807.0,5556120.0,974
201700059411,17,10,27,700,1,1,1,1.0,6.0,97405,R,2136528.0,5554734.0,974
201700059412,17,11,22,1200,1,1,1,2.0,6.0,97405,R,2133816.0,5555997.0,974
201700059413,17,11,30,715,1,2,1,1.0,7.0,97412,R,,,974
201700059414,17,12,25,15,4,1,1,1.0,6.0,97412,R,2133988.0,5566760.0,974
201700059415,17,1,7,1930,3,1,1,1.0,7.0,97422,R,2123886.0,5550936.0,974
201700059416,17,1,9,2310,3,2,1,1.0,1.0,97422,R,,,974
201700059417,17,2,20,1745,1,2,1,1.0,3.0,97422,R,2105188.0,5522712.0,974
201700059418,17,2,22,1755,1,2,1,1.0,3.0,97422,R,2128781.0,5550791.0,974
201700059419,17,3,11,5,4,2,1,1.0,6.0,97422,R,2124385.0,5551218.0,974
201700059420,17,3,26,1555,1,2,1,8.0,3.0,97422,R,2126519.0,5549661.0,974
201700059421,17,4,1,940,1,2,1,1.0,7.0,97422,R,2127680.0,5551904.0,974
201700059422,17,4,22,1415,1,1,1,1.0,7.0,97422,R,,,974
201700059423,17,5,15,1705,1,2,1,1.0,1.0,97422,R,2124057.0,5550188.0,974
201700059424,17,6,14,1815,5,2,3,1.0,3.0,97422,R,2127451.0,5551503.0,974
201700059425,17,6,20,1700,1,2,1,1.0,7.0,97422,R,2125381.0,5552251.0,974
201700059426,17,7,16,2000,5,2,6,1.0,3.0,97422,R,2125977.0,5552262.0,974
201700059427,17,7,24,1650,1,2,1,1.0,1.0,97422,R,2126246.0,5551970.0,974
201700059428,17,8,5,1915,5,2,1,1.0,1.0,97422,R,2127865.0,5553953.0,974
201700059429,17,8,6,1930,3,2,1,1.0,6.0,97422,R,2124049.0,5550113.0,974
201700059430,17,8,11,2040,5,2,1,1.0,6.0,97422,R,2127766.0,5551431.0,974
201700059431,17,8,31,1025,1,2,2,1.0,3.0,97422,R,2126992.0,5549418.0,974
201700059432,17,10,13,1200,1,2,1,1.0,7.0,97422,R,2126999.0,5550511.0,974
201700059433,17,10,22,2250,5,2,1,1.0,2.0,97422,R,2128531.0,5551678.0,974