Num_Acc,an,mois,jour,hrmn,lum,agg,int,atm,col,com,gps,lat,long,dep
201700059434,17,10,27,1915,3,2,1,1.0,6.0,97422,R,2136528.0,5549738.0,974
201700059435,17,12,12,2300,3,2,1,1.0,1.0,97422,R,2126752.0,5551253.0,974
201700059436,17,12,19,1845,1,2,1,1.0,6.0,97422,R,2126075.0,5550873.0,974
201700059437,17,12,21,955,1,2,2,1.0,3.0,97422,R,2123800.0,5551899.0,974
201700059438,17,12,31,520,5,2,1,1.0,7.0,97105,A,,,971
201700059439,17,2,5,1455,1,1,1,1.0,3.0,97105,A,,,971
201700059440,17,2,6,1225,1,2,1,1.0,3.0,97105,A,,,971
201700059441,17,3,24,2,5,2,1,1.0,3.0,97105,A,,,971
201700059442,17,4,11,2225,5,2,1,1.0,6.0,97105,A,1599168.0,6172868.0,971
201700059443,17,6,23,2340,3,2,3,1.0,2.0,97105,A,,,971
201700059444,17,9,30,1225,1,2,3,1.0,3.0,97105,A,1600101.0,6173871.0,971
201700059445,17,10,13,1235,1,2,3,1.0,3.0,97105,A,1599248.0,6172383.0,971
201700059446,17,12,2,1815,5,1,1,1.0,1.0,97105,A,1600474.0,6173981.0,971
201700059447,17,1,31,1310,1,2,1,1.0,6.0,97107,A,,,971
201700059448,17,2,16,2225,5,2,1,1.0,1.0,97107,A,1603257.0,6156931.0,971
201700059449,17,3,4,1500,1,2,1,1.0,3.0,97107,A,,,971
201700059450,17,4,5,1955,5,2,7,1.0,3.0,97107,A,,,971
201700059451,17,5,6,1500,1,2,3,1.0,3.0,97107,A,1604534.0,6156137.0,971
201700059452,17,5,13,140,5,2,1,1.0,6.0,97107,A,1602399.0,6133411.0,971
201700059453,17,5,19,600,1,2,1,1.0,7.0,97107,A,1603109.0,6157105.0,971
201700059454,17,6,3,1350,1,1,1,1.0,7.0,97107,A,1603870.0,6157204.0,971
201700059455,17,6,8,1510,1,1,3,1.0,7.0,97107,A,1604608.0,6156162.0,971
201700059456,17,7,5,820,1,2,1,1.0,2.0,97107,A,1602311.0,6133523.0,971
201700059457,17,7,25,915,1,1,2,1.0,3.0,97107,A,1604526.0,6156759.0,971
201700059458,17,8,21,1820,2,2,3,1.0,3.0,97107,A,1600000.0,6100000.0,971
201700059459,17,9,18,1615,1,2,1,6.0,7.0,97107,A,1624412.0,6133516.0,971
201700059460,17,10,11,1545,1,2,2,1.0,3.0,97107,A,1624677.0,6133487.0,971
201700059461,17,11,18,1840,5,2,3,1.0,3.0,97107,A,1605221.0,6156653.0,971
201700059462,17,11,30,1645,1,2,3,1.0,6.0,97107,A,1603817.0,6159813.0,971
201700059463,17,12,14,1825,5,2,7,1.0,2.0,97107,A,1604151.0,6157131.0,971
201700059464,17,12,24,145,5,2,1,1.0,2.0,97107,A,1604769.0,6156852.0,971
201700059465,17,1,1,1345,1,2,3,1.0,5.0,97113,A,,,971
201700059466,17,1,1,1750,1,1,1,1.0,7.0,97101,A,,,971
201700059467,17,1,2,1830,5,2,3,3.0,6.0,97101,A,,,971
201700059468,17,1,6,1945,3,1,1,1.0,1.0,97101,A,,,971
201700059469,17,1,6,1830,5,1,1,1.0,7.0,97101,A,,,971
201700059470,17,1,12,545,5,2,9,2.0,7.0,97101,A,,,971
201700059471,17,1,13,658,1,2,4,1.0,3.0,97120,A,,,971
201700059472,17,1,14,1230,1,2,9,1.0,3.0,97101,A,,,971
201700059473,17,1,4,1125,1,2,3,1.0,3.0,97101,A,,,971
201700059474,17,1,14,2000,3,2,1,2.0,7.0,97101,A,,,971
201700059475,17,1,18,1500,1,1,1,1.0,2.0,97101,A,,,971
201700059476,17,1,21,1900,5,2,1,1.0,2.0,97101,A,,,971
201700059477,17,1,26,2200,5,2,9,1.0,3.0,97101,A,,,971
201700059478,17,2,5,1315,1,1,3,1.0,3.0,97101,A,,,971
201700059479,17,2,6,1720,1,2,1,1.0,7.0,97101,A,,,971
201700059480,17,2,11,1910,5,2,1,1.0,7.0,97101,A,,,971
201700059481,17,2,14,715,1,1,1,1.0,4.0,97113,A,,,971
201700059482,17,2,15,650,1,2,3,1.0,6.0,97101,A,1627368.0,6150716.0,971
201700059483,17,2,18,2130,5,2,1,1.0,3.0,97113,A,,,971
201700059484,17,2,18,2037,5,1,1,1.0,7.0,97101,A,,,971
201700059485,17,2,23,540,5,1,1,1.0,7.0,97101,A,,,971
201700059486,17,11,13,1740,2,2,1,1.0,6.0,97101,A,1625001.0,6150001.0,971
201700059487,17,3,11,2310,5,2,1,1.0,2.0,97101,A,,,971
201700059488,17,3,6,1640,1,1,4,1.0,3.0,97113,A,,,971
201700059489,17,3,22,1715,1,1,1,1.0,3.0,97113,A,,,971
201700059490,17,3,23,2130,5,2,1,1.0,7.0,97120,A,,,971
201700059491,17,3,18,1008,1,2,1,1.0,7.0,97101,A,,,971
201700059492,17,3,25,1855,5,1,1,1.0,7.0,97101,A,,,971
201700059493,17,3,30,1710,1,2,3,1.0,3.0,97101,A,1650996.0,6126236.0,971
201700059494,17,4,2,2225,3,1,1,1.0,1.0,97113,A,1621001.0,6146543.0,971
201700059495,17,4,4,1042,1,2,2,1.0,2.0,97113,A,1621211.0,6149591.0,971
201700059496,17,4,7,1417,1,1,1,1.0,1.0,97101,A,1625724.0,6152021.0,971
201700059497,17,4,12,720,1,2,6,1.0,7.0,97101,A,1624684.0,6153394.0,971
201700059498,17,4,16,2350,3,2,1,1.0,3.0,97101,A,1626312.0,6149143.0,971
201700059499,17,4,19,1715,1,2,1,1.0,7.0,97113,A,1620645.0,6148781.0,971
201700059500,17,4,24,1600,1,2,1,1.0,7.0,97101,A,1624917.0,6153468.0,971
201700059501,17,4,27,1500,1,1,4,1.0,3.0,97101,A,1625034.0,6148854.0,971
201700059502,17,4,29,515,1,1,6,2.0,2.0,97113,A,1621731.0,6151503.0,971
201700059503,17,4,29,430,5,2,9,2.0,6.0,97101,A,1625312.0,6152416.0,971
201700059504,17,5,5,820,1,1,1,1.0,3.0,97113,A,1620912.0,6147107.0,971
201700059505,17,5,6,1645,1,1,1,1.0,3.0,97101,A,1625102.0,6152683.0,971
201700059506,17,4,26,1535,1,2,1,1.0,7.0,97113,A,1621010.0,6150022.0,971
201700059507,17,5,15,1440,1,2,1,1.0,3.0,97101,A,1627140.0,6150482.0,971
201700059508,17,5,27,2200,5,2,6,1.0,3.0,97101,A,1625149.0,6152641.0,971
201700059509,17,5,28,340,5,1,1,2.0,1.0,97113,A,1624032.0,6149653.0,971
201700059510,17,6,1,630,1,1,1,1.0,6.0,97101,A,1625922.0,6149707.0,971
201700059511,17,6,4,515,4,1,1,2.0,6.0,97120,A,1625325.0,6154756.0,971
201700059512,17,3,23,2025,2,2,1,1.0,3.0,97101,A,,,971
201700059513,17,6,10,855,1,2,1,1.0,3.0,97113,A,1621946.0,6151637.0,971
201700059514,17,6,13,2000,5,2,1,1.0,7.0,97101,A,1625237.0,6152524.0,971
201700059515,17,6,19,1450,1,1,1,1.0,3.0,97113,A,1622584.0,6147749.0,971
201700059516,17,6,26,2055,5,2,9,1.0,6.0,97101,A,1626701.0,6151701.0,971
201700059517,17,6,28,2315,5,1,1,1.0,6.0,97113,A,1621563.0,6146308.0,971
201700059518,17,6,24,2130,4,1,1,1.0,7.0,97113,A,1621654.0,6144568.0,971
201700059519,17,7,3,2122,3,2,2,2.0,1.0,97101,A,1625176.0,6151902.0,971
201700059520,17,7,5,2210,5,2,1,2.0,6.0,97113,A,1621096.0,6146538.0,971
201700059521,17,7,9,1949,4,1,4,1.0,1.0,97101,A,1623844.0,6150861.0,971
201700059522,17,7,11,930,1,1,1,1.0,3.0,97113,A,1621794.0,6148778.0,971
201700059523,17,7,11,1448,1,2,1,1.0,6.0,97120,A,1625205.0,6154658.0,971
201700059524,17,7,16,1730,1,1,1,1.0,1.0,97113,A,1623580.0,6150554.0,971
201700059525,17,7,18,750,1,2,1,1.0,6.0,97120,A,1624124.0,6153001.0,971
201700059526,17,7,19,1135,1,2,1,1.0,1.0,97113,A,1620707.0,6148483.0,971
201700059527,17,7,23,347,5,1,6,1.0,7.0,97101,A,1625897.0,6151113.0,971
201700059528,17,7,29,2220,5,2,1,1.0,2.0,97101,A,1626423.0,6151266.0,971
201700059529,17,8,6,405,3,1,1,1.0,2.0,97113,A,1621806.0,6149909.0,971
201700059530,17,8,8,1430,1,1,1,1.0,5.0,97101,A,1626637.0,6148586.0,971
201700059531,17,8,9,1905,5,1,1,1.0,1.0,97101,A,1624542.0,6150691.0,971
201700059532,17,8,13,105,3,1,1,1.0,6.0,97101,A,1627186.0,6153662.0,971
201700059533,17,8,6,625,1,1,1,1.0,2.0,97101,A,,,971
201700059534,17,8,17,2008,3,1,1,1.0,2.0,97101,A,1629278.0,6150232.0,971
201700059535,17,8,18,1813,5,2,1,1.0,6.0,97101,A,1625046.0,6152256.0,971
201700059536,17,8,18,1850,5,2,3,1.0,3.0,97120,A,1624847.0,6154155.0,971
201700059537,17,9,2,2250,5,2,1,1.0,2.0,97101,A,1623913.0,6152339.0,971
201700059538,17,9,2,2210,4,2,2,1.0,3.0,97101,A,1625177.0,6150139.0,971
201700059539,17,9,1,1500,1,1,1,1.0,6.0,97101,A,1615301.0,6131001.0,971
201700059540,17,9,11,1340,1,2,1,1.0,7.0,97120,A,1624798.0,6153797.0,971
201700059541,17,9,17,2055,5,2,2,1.0,6.0,97101,A,1627627.0,6150146.0,971
201700059542,17,9,20,955,1,2,1,1.0,2.0,97101,A,1627458.0,6150363.0,971
201700059543,17,9,22,2030,5,2,1,1.0,3.0,97120,A,1624411.0,6153539.0,971
201700059544,17,9,30,250,5,2,1,2.0,6.0,97101,A,1623792.0,6152293.0,971
201700059545,17,9,30,630,1,1,1,2.0,6.0,97101,A,1620001.0,6140001.0,971
201700059546,17,9,30,1315,1,2,2,1.0,5.0,97120,A,1624004.0,6153233.0,971
201700059547,17,10,8,20,5,2,1,1.0,5.0,97120,A,1625338.0,6152379.0,971
201700059548,17,10,8,1820,2,2,1,1.0,1.0,97101,A,1620001.0,6152001.0,971
201700059549,17,10,13,1830,5,1,1,1.0,4.0,97101,A,,,971
201700059550,17,10,14,1704,1,2,3,1.0,3.0,97120,A,1625184.0,6154544.0,971
201700059551,17,10,23,2350,4,1,1,1.0,6.0,97101,A,1624975.0,6152831.0,971
201700059552,17,11,1,1730,2,2,1,1.0,1.0,97120,A,1624790.0,6153274.0,971
201700059553,17,11,9,1430,1,2,1,1.0,3.0,97101,A,1623963.0,6151875.0,971
201700059554,17,11,12,1800,4,2,1,1.0,5.0,97120,A,1622470.0,6152714.0,971
201700059555,17,11,9,1730,1,2,1,1.0,6.0,97101,A,1624760.0,6152284.0,971
201700059556,17,11,17,1024,1,1,9,1.0,7.0,97101,A,1625201.0,6154101.0,971
201700059557,17,11,20,720,1,2,1,1.0,5.0,97120,A,1624587.0,6154083.0,971
201700059558,17,11,20,2005,5,1,1,1.0,5.0,97113,A,1621271.0,6147331.0,971
201700059559,17,11,24,1925,5,1,3,1.0,3.0,97101,A,1628850.0,6149624.0,971
201700059560,17,11,25,1408,1,2,3,1.0,3.0,97101,A,1623946.0,6153357.0,971
201700059561,17,11,26,530,2,1,1,1.0,7.0,97101,A,1626001.0,6152001.0,971
201700059562,17,11,26,1550,1,1,1,1.0,1.0,97101,A,1627109.0,6152528.0,971
201700059563,17,11,27,710,1,2,3,1.0,3.0,97120,A,,,971
201700059564,17,11,25,458,5,2,1,1.0,1.0,97120,A,1623066.0,6153121.0,971
201700059565,17,11,28,1433,1,1,1,1.0,1.0,97113,A,1620774.0,6146117.0,971
201700059566,17,11,30,2115,5,2,2,1.0,1.0,97101,A,1627687.0,6150819.0,971
201700059567,17,12,2,130,5,2,1,2.0,3.0,97113,A,1621855.0,6150141.0,971
201700059568,17,12,5,1310,1,2,1,1.0,7.0,97101,A,1625083.0,6152786.0,971
201700059569,17,12,11,1715,5,1,1,1.0,6.0,97101,A,1626104.0,6149501.0,971
201700059570,17,12,29,1905,5,1,1,1.0,3.0,97101,A,1625145.0,6147472.0,971
201700059571,17,12,2,1020,1,1,1,1.0,6.0,97209,A,1461469.0,6105151.0,972
201700059572,17,12,7,1425,1,2,2,1.0,3.0,97209,A,1461011.0,6107031.0,972
201700059573,17,12,8,1815,5,1,1,1.0,6.0,97209,A,1464021.0,6105947.0,972
201700059574,17,12,15,1225,1,1,1,1.0,6.0,97209,A,1461410.0,6104132.0,972
201700059575,17,12,15,1810,5,2,1,8.0,6.0,97209,A,1461410.0,6107004.0,972
201700059576,17,12,21,740,1,2,1,1.0,6.0,97209,A,1460701.0,6106931.0,972
201700059577,17,12,23,1328,1,1,1,1.0,6.0,97209,A,1461163.0,6107905.0,972
201700059578,17,12,25,1630,1,1,1,1.0,2.0,97209,A,1461823.0,6103548.0,972
201700059579,17,12,30,1730,1,2,1,1.0,6.0,97209,A,1459761.0,6105682.0,972
201700059580,17,1,11,1040,1,2,1,1.0,6.0,97209,A,1460750.0,6107214.0,972
201700059581,17,1,15,2250,5,1,1,1.0,2.0,97209,A,1463021.0,6107242.0,972
201700059582,17,1,15,200,5,2,1,1.0,2.0,97209,A,,,972
201700059583,17,1,18,605,1,1,1,1.0,2.0,97209,A,1461500.0,6106188.0,972
201700059584,17,1,25,2026,5,1,3,1.0,3.0,97209,A,1463549.0,6107203.0,972
201700059585,17,1,28,1439,1,2,1,1.0,1.0,97209,A,,,972
201700059586,17,1,28,1515,1,2,1,1.0,2.0,97209,A,,,972
201700059587,17,3,30,1305,1,2,9,1.0,6.0,97209,A,,,972
201700059588,17,2,1,955,1,1,1,1.0,6.0,97209,A,,,972
201700059589,17,2,3,1123,1,1,1,1.0,7.0,97209,A,,,972
201700059590,17,2,4,1300,1,2,1,1.0,6.0,97209,A,1459943.0,6105383.0,972
201700059591,17,2,4,2235,5,2,1,1.0,4.0,97209,A,1460658.0,6106677.0,972
201700059592,17,2,11,950,1,2,1,1.0,6.0,97209,A,,,972
201700059593,17,2,7,1150,1,1,1,1.0,4.0,97209,A,,,972
201700059594,17,2,14,2035,5,2,1,1.0,6.0,97209,A,1460354.0,6107248.0,972
201700059595,17,2,16,2020,5,1,1,1.0,1.0,97209,A,1461702.0,6104773.0,972
201700059596,17,2,17,905,1,1,1,1.0,6.0,97209,A,,,972
201700059597,17,2,24,1423,1,2,1,1.0,6.0,97209,A,1461221.0,6105331.0,972
201700059598,17,2,24,2225,5,2,1,1.0,6.0,97209,A,1461282.0,6105784.0,972
201700059599,17,2,26,2002,5,2,1,1.0,6.0,97209,A,1460997.0,6106194.0,972
201700059600,17,2,26,643,1,2,1,1.0,6.0,97209,A,,,972
201700059601,17,4,7,1830,1,2,1,1.0,6.0,97209,A,1460646.0,6105798.0,972
201700059602,17,3,1,1216,1,2,1,1.0,6.0,97209,A,,,972
201700059603,17,3,3,1115,1,1,1,1.0,6.0,97209,A,1460004.0,6105223.0,972
201700059604,17,3,6,1233,1,2,1,1.0,6.0,97209,A,,,972
201700059605,17,3,7,2011,5,2,1,1.0,6.0,97209,A,1460781.0,6106916.0,972
201700059606,17,3,13,1815,2,2,1,1.0,6.0,97209,A,1460545.0,6105956.0,972
201700059607,17,3,2,950,1,2,1,1.0,6.0,97209,A,1460377.0,6106125.0,972
201700059608,17,4,30,232,5,2,1,1.0,3.0,97209,A,,,972
201700059609,17,3,28,1100,1,2,1,1.0,4.0,97209,A,,,972
201700059610,17,3,29,1145,1,1,1,1.0,6.0,97209,A,,,972
201700059611,17,3,31,706,1,1,1,1.0,3.0,97209,A,1462130.0,6107134.0,972
201700059612,17,4,6,925,1,2,1,1.0,6.0,97209,A,,,972
201700059613,17,4,6,1720,1,2,1,1.0,6.0,97209,A,,,972
201700059614,17,4,12,1903,5,1,1,1.0,4.0,97209,A,1461768.0,6104063.0,972
201700059615,17,4,21,615,1,1,1,8.0,7.0,97209,A,,,972
201700059616,17,4,21,930,1,2,1,1.0,6.0,97209,A,1460541.0,6108441.0,972
201700059617,17,4,29,1645,1,2,1,1.0,6.0,97209,A,,,972
201700059618,17,5,8,1940,5,1,1,1.0,6.0,97209,A,,,972
201700059619,17,6,3,1930,5,1,1,1.0,3.0,97209,A,,,972
201700059620,17,6,21,1506,1,1,1,1.0,7.0,97209,A,,,972
201700059621,17,5,3,1603,1,1,1,1.0,6.0,97209,A,,,972
201700059622,17,5,4,1850,2,1,1,1.0,6.0,97209,A,,,972
201700059623,17,6,29,900,1,1,1,1.0,6.0,97209,A,,,972
201700059624,17,5,7,110,5,1,1,1.0,6.0,97209,A,1460469.0,6105596.0,972
201700059625,17,5,14,1943,5,2,1,1.0,6.0,97209,A,,,972
201700059626,17,5,15,1203,1,2,2,1.0,3.0,97209,A,1460901.0,6105802.0,972
201700059627,17,5,17,1017,1,1,1,1.0,6.0,97209,A,,,972
201700059628,17,5,18,1320,1,1,1,1.0,1.0,97209,A,1462191.0,6107801.0,972
201700059629,17,5,19,745,1,1,9,1.0,3.0,97209,A,1463270.0,6104076.0,972
201700059630,17,5,20,428,5,1,1,1.0,1.0,97209,A,,,972
201700059631,17,5,20,300,4,1,1,1.0,7.0,97209,A,,,972
201700059632,17,6,2,1228,1,1,1,1.0,6.0,97209,A,,,972
201700059633,17,6,3,755,1,2,1,1.0,6.0,97209,A,,,972
201700059634,17,6,3,830,1,1,1,1.0,6.0,97209,A,,,972
201700059635,17,6,17,1604,1,2,1,1.0,7.0,97209,A,,,972
201700059636,17,6,18,710,1,2,3,1.0,3.0,97209,A,,,972
201700059637,17,6,29,1526,1,2,1,1.0,6.0,97209,A,,,972
201700059638,17,7,7,115,5,1,1,1.0,6.0,97209,A,,,972
201700059639,17,7,8,155,5,1,1,8.0,7.0,97209,A,,,972
201700059640,17,7,8,1312,1,1,1,1.0,7.0,97209,A,,,972
201700059641,17,7,8,1853,2,1,1,1.0,2.0,97209,A,,,972
201700059642,17,7,29,1300,1,2,1,1.0,6.0,97209,A,,,972
201700059643,17,7,20,1740,1,2,1,1.0,6.0,97209,A,,,972
201700059644,17,7,30,655,1,1,9,1.0,6.0,97209,A,,,972
201700059645,17,7,30,1635,1,2,3,8.0,3.0,97209,A,,,972
201700059646,17,7,31,2150,5,1,1,8.0,6.0,97209,A,,,972
201700059647,17,8,4,705,1,2,1,1.0,6.0,97209,A,,,972
201700059648,17,8,7,1322,1,1,1,1.0,2.0,97209,A,,,972
201700059649,17,8,9,1330,1,1,1,1.0,6.0,97209,A,,,972
201700059650,17,8,12,1126,1,2,1,1.0,6.0,97209,A,,,972
201700059651,17,8,14,106,5,1,1,1.0,6.0,97209,A,,,972
201700059652,17,8,27,130,5,1,1,1.0,7.0,97209,A,,,972
201700059653,17,8,30,1702,1,2,1,1.0,6.0,97209,A,,,972
201700059654,17,9,30,551,2,1,1,1.0,1.0,97209,A,1462687.0,6107271.0,972
201700059655,17,10,7,532,2,2,1,8.0,7.0,97209,A,1460752.0,6107234.0,972
201700059656,17,9,13,635,1,2,1,1.0,6.0,97209,A,1460775.0,6107142.0,972
201700059657,17,9,13,1839,2,2,1,1.0,6.0,97209,A,1460712.0,6105752.0,972
201700059658,17,9,16,130,5,1,1,8.0,7.0,97209,A,1462276.0,6107833.0,972
201700059659,17,9,16,1145,1,2,1,1.0,6.0,97209,A,1460783.0,6105835.0,972
201700059660,17,9,22,1755,1,2,2,1.0,3.0,97209,A,1460675.0,6106674.0,972
201700059661,17,9,24,905,1,2,1,1.0,7.0,97209,A,1460896.0,6106719.0,972
201700059662,17,9,28,1229,1,1,1,1.0,6.0,97209,A,,,972
201700059663,17,10,5,1440,1,1,1,1.0,6.0,97209,A,1461668.0,6105897.0,972
201700059664,17,10,5,1650,1,1,1,1.0,6.0,97209,A,1461474.0,6105305.0,972
201700059665,17,10,16,1230,1,2,1,8.0,6.0,97209,A,1460701.0,6106828.0,972
201700059666,17,10,17,39,5,2,1,8.0,1.0,97209,A,1462165.0,6104302.0,972
201700059667,17,10,18,1200,1,2,2,1.0,6.0,97209,A,1460353.0,6107308.0,972
201700059668,17,10,23,1010,1,2,2,1.0,3.0,97209,A,1460548.0,6107255.0,972
201700059669,17,10,27,940,1,2,1,1.0,6.0,97209,A,1460733.0,6107238.0,972
201700059670,17,11,2,1040,1,2,1,1.0,6.0,97209,A,,,972
201700059671,17,11,4,645,1,2,1,1.0,6.0,97209,A,,,972
201700059672,17,11,4,1835,2,1,1,3.0,6.0,97209,A,1460499.0,6108844.0,972
201700059673,17,11,9,1955,5,1,1,1.0,6.0,97209,A,,,972
201700059674,17,11,11,247,5,2,1,1.0,7.0,97209,A,,,972
201700059675,17,11,12,1803,2,2,1,1.0,6.0,97209,A,,,972
201700059676,17,11,25,455,2,1,1,1.0,3.0,97209,A,1464091.0,6108369.0,972
201700059677,17,12,30,1205,1,1,1,1.0,5.0,97213,A,,,972
201700059678,17,1,5,1735,1,2,1,1.0,5.0,97213,A,1461439.0,6100474.0,972
201700059679,17,1,7,400,5,1,1,6.0,6.0,97213,A,,,972
201700059680,17,1,7,1030,1,1,3,1.0,3.0,97213,A,,,972
201700059681,17,1,8,405,5,1,6,1.0,3.0,97213,A,1461738.0,6103136.0,972
201700059682,17,1,8,1220,1,1,1,1.0,6.0,97213,A,1462617.0,6100805.0,972
201700059683,17,1,8,2305,5,1,1,1.0,2.0,97213,A,,,972
201700059684,17,1,12,1230,1,1,1,1.0,2.0,97213,A,1461855.0,6102491.0,972
201700059685,17,1,25,635,2,1,1,1.0,2.0,97213,A,1465212.0,6101289.0,972
201700059686,17,1,26,2255,3,1,1,1.0,3.0,97213,A,,,972
201700059687,17,1,27,1205,1,2,1,1.0,1.0,97213,A,,,972
201700059688,17,2,2,1825,2,1,1,1.0,2.0,97213,A,,,972
201700059689,17,2,8,1240,1,1,1,1.0,3.0,97213,A,1461883.0,6100181.0,972
201700059690,17,2,9,1455,1,2,2,1.0,3.0,97213,A,,,972
201700059691,17,2,9,1915,5,1,1,1.0,5.0,97213,A,,,972
201700059692,17,2,11,945,1,2,1,1.0,3.0,97213,A,1463038.0,6100541.0,972
201700059693,17,2,15,1330,1,1,1,1.0,5.0,97213,A,1464969.0,6100036.0,972
201700059694,17,2,18,1310,1,1,1,1.0,6.0,97213,A,1460959.0,6100617.0,972
201700059695,17,2,19,800,1,2,6,1.0,3.0,97213,A,,,972
201700059696,17,2,20,545,2,1,1,1.0,2.0,97213,A,,,972
201700059697,17,2,20,1247,1,2,6,1.0,2.0,97213,A,,,972
201700059698,17,2,21,1045,1,2,6,1.0,3.0,97213,A,,,972
201700059699,17,2,21,1435,1,2,3,1.0,3.0,97213,A,,,972
201700059700,17,2,26,5,5,1,1,1.0,2.0,97213,A,1461820.0,6102373.0,972
201700059701,17,2,26,547,2,2,1,1.0,3.0,97213,A,1465291.0,6100872.0,972
201700059702,17,2,26,1000,1,2,1,1.0,3.0,97213,A,,,972
201700059703,17,2,27,1315,1,1,6,1.0,3.0,97213,A,,,972
201700059704,17,2,12,1900,5,1,6,1.0,3.0,97213,A,,,972
201700059705,17,3,1,240,5,1,6,1.0,2.0,97213,A,,,972
201700059706,17,3,4,1030,1,2,1,1.0,3.0,97213,A,,,972
201700059707,17,3,16,600,2,1,1,1.0,3.0,97213,A,,,972
201700059708,17,3,18,840,1,1,1,1.0,1.0,97213,A,,,972
201700059709,17,3,24,538,2,2,6,1.0,2.0,97213,A,,,972
201700059710,17,3,25,1200,1,2,6,1.0,5.0,97213,A,1461875.0,6100522.0,972
201700059711,17,4,2,400,5,2,1,1.0,6.0,97213,A,,,972
201700059712,17,4,5,1955,5,1,1,1.0,6.0,97213,A,,,972
201700059713,17,4,16,330,5,1,1,1.0,1.0,97213,A,,,972
201700059714,17,4,20,1800,2,2,1,1.0,2.0,97213,A,,,972
201700059715,17,4,20,405,5,1,6,1.0,3.0,97213,A,,,972
201700059716,17,4,22,1340,1,1,1,1.0,2.0,97213,A,,,972
201700059717,17,4,23,10,5,1,1,2.0,6.0,97213,A,,,972
201700059718,17,4,24,305,5,1,1,1.0,6.0,97213,A,,,972
201700059719,17,4,24,725,1,2,1,1.0,2.0,97213,A,,,972
201700059720,17,4,27,2130,5,1,1,1.0,6.0,97213,A,,,972
201700059721,17,4,27,800,1,1,1,1.0,6.0,97213,A,1461801.0,6102999.0,972
201700059722,17,5,1,1405,1,1,1,1.0,3.0,97213,A,,,972
201700059723,17,5,1,1610,1,1,1,1.0,7.0,97213,A,,,972
201700059724,17,5,2,1415,1,2,1,1.0,3.0,97213,A,,,972
201700059725,17,5,4,1125,1,1,1,1.0,2.0,97213,A,,,972
201700059726,17,5,5,825,1,1,1,1.0,2.0,97213,A,,,972
201700059727,17,5,12,1145,1,1,1,1.0,2.0,97213,A,,,972
201700059728,17,5,14,805,1,2,1,1.0,3.0,97213,A,,,972
201700059729,17,5,18,1102,1,2,1,1.0,2.0,97213,A,,,972
201700059730,17,5,19,1945,3,1,1,1.0,1.0,97213,A,,,972
201700059731,17,5,23,1805,2,1,1,1.0,3.0,97213,A,,,972
201700059732,17,5,21,2050,1,1,1,1.0,2.0,97213,A,1460845.0,6100561.0,972
201700059733,17,5,27,205,5,1,1,1.0,6.0,97213,A,,,972
201700059734,17,5,27,1140,1,1,1,1.0,2.0,97213,A,,,972
201700059735,17,5,29,1225,1,1,1,1.0,4.0,97213,A,,,972
201700059736,17,5,29,1810,1,1,1,1.0,5.0,97213,A,,,972
201700059737,17,5,30,925,1,1,2,1.0,2.0,97213,A,,,972
201700059738,17,5,31,1640,1,1,1,1.0,2.0,97213,A,,,972
201700059739,17,6,4,1640,1,1,1,1.0,3.0,97213,A,,,972
201700059740,17,6,5,700,1,1,1,1.0,4.0,97213,A,,,972
201700059741,17,6,6,1915,5,1,1,1.0,6.0,97213,A,,,972
201700059742,17,6,7,1005,1,1,1,1.0,3.0,97213,A,,,972
201700059743,17,6,11,1710,2,2,1,1.0,3.0,97213,A,,,972
201700059744,17,6,13,1530,1,2,1,1.0,6.0,97613,Y,,,976
201700059745,17,6,15,740,1,1,1,1.0,3.0,97213,A,,,972
201700059746,17,6,15,1310,1,2,1,1.0,1.0,97213,A,,,972
201700059747,17,6,15,810,1,1,6,1.0,5.0,97213,A,,,972
201700059748,17,6,16,900,1,2,1,1.0,3.0,97213,A,,,972
201700059749,17,6,28,820,1,2,1,1.0,6.0,97213,A,,,972
201700059750,17,6,17,510,2,1,1,1.0,1.0,97213,A,,,972
201700059751,17,6,21,2205,5,1,1,1.0,2.0,97213,A,,,972
201700059752,17,6,24,328,5,2,1,2.0,6.0,97213,A,,,972
201700059753,17,6,21,1340,1,2,1,1.0,1.0,97213,A,,,972
201700059754,17,6,18,1230,1,2,1,1.0,3.0,97213,A,,,972
201700059755,17,6,28,1130,1,1,1,2.0,2.0,97213,A,,,972
201700059756,17,6,23,1644,1,1,3,1.0,3.0,97213,A,,,972
201700059757,17,6,26,23,5,1,1,1.0,2.0,97213,A,,,972
201700059758,17,6,29,2000,5,1,1,1.0,5.0,97213,A,,,972
201700059759,17,7,3,1630,1,1,1,1.0,2.0,97213,A,,,972
201700059760,17,7,4,2333,5,1,1,2.0,2.0,97213,A,,,972
201700059761,17,7,4,1548,1,2,1,1.0,3.0,97213,A,,,972
201700059762,17,7,6,1050,1,2,1,1.0,3.0,97213,A,,,972
201700059763,17,7,11,1620,1,1,1,1.0,5.0,97213,A,,,972
201700059764,17,7,12,219,5,1,1,2.0,3.0,97213,A,,,972
201700059765,17,7,16,2115,5,2,1,1.0,4.0,97213,A,,,972
201700059766,17,7,16,1920,5,1,1,1.0,3.0,97213,A,,,972
201700059767,17,7,16,1450,1,1,3,1.0,3.0,97213,A,,,972
201700059768,17,7,22,1450,1,1,1,1.0,6.0,97213,A,,,972
201700059769,17,7,22,2045,5,1,1,1.0,6.0,97213,A,,,972
201700059770,17,7,24,1051,1,2,1,1.0,2.0,97213,A,,,972
201700059771,17,7,24,1050,1,1,1,1.0,5.0,97213,A,,,972
201700059772,17,7,24,1700,2,1,1,1.0,6.0,97213,A,1461324.0,6101051.0,972