Num_Acc,an,mois,jour,hrmn,lum,agg,int,atm,col,com,gps,lat,long,dep
201700059773,17,7,24,1729,2,2,3,1.0,3.0,97213,A,,,972
201700059774,17,7,26,2100,5,1,1,1.0,5.0,97213,A,,,972
201700059775,17,7,28,2345,5,1,1,1.0,2.0,97213,A,,,972
201700059776,17,7,29,20,5,1,1,1.0,3.0,97213,A,,,972
201700059777,17,8,2,1510,1,1,6,1.0,2.0,97213,A,,,972
201700059778,17,8,3,936,1,1,6,1.0,3.0,97213,A,,,972
201700059779,17,8,12,1125,1,1,1,1.0,5.0,97213,A,,,972
201700059780,17,8,23,2030,4,1,1,1.0,3.0,97213,A,1463781.0,6100971.0,972
201700059781,17,8,27,2215,5,2,1,1.0,2.0,97213,A,,,972
201700059782,17,9,2,1220,1,1,1,1.0,2.0,97213,A,1461805.0,6101906.0,972
201700059783,17,9,4,1600,1,1,1,1.0,3.0,97213,A,,,972
201700059784,17,9,7,115,5,1,1,1.0,1.0,97213,A,1461500.0,6101324.0,972
201700059785,17,9,12,2110,5,1,1,8.0,4.0,97213,A,,,972
201700059786,17,9,13,815,1,2,6,1.0,4.0,97213,A,1461086.0,6100139.0,972
201700059787,17,9,15,1650,1,1,1,1.0,4.0,97213,A,1461815.0,6102956.0,972
201700059788,17,9,16,2020,5,1,1,1.0,4.0,97213,A,,,972
201700059789,17,9,27,2100,5,2,1,1.0,7.0,97213,A,,,972
201700059790,17,9,29,645,1,1,1,1.0,3.0,97213,A,,,972
201700059791,17,10,3,725,1,1,1,1.0,5.0,97213,A,,,972
201700059792,17,10,5,1445,1,1,1,1.0,6.0,97213,A,1460001.0,6100008.0,972
201700059793,17,10,7,755,1,1,1,1.0,4.0,97213,A,1463023.0,6100965.0,972
201700059794,17,10,9,1325,1,1,1,1.0,3.0,97213,A,1461842.0,6102031.0,972
201700059795,17,10,19,905,1,1,1,1.0,4.0,97213,A,1460469.0,6100283.0,972
201700059796,17,10,19,1605,1,1,1,1.0,4.0,97213,A,1460081.0,6100033.0,972
201700059797,17,11,6,802,2,1,1,1.0,2.0,97213,A,,,972
201700059798,17,11,8,1615,1,2,1,1.0,1.0,97213,A,,,972
201700059799,17,11,8,920,1,1,1,1.0,2.0,97213,A,1460673.0,6100417.0,972
201700059800,17,11,14,1854,3,1,6,1.0,2.0,97213,A,,,972
201700059801,17,12,10,2110,5,1,1,1.0,2.0,97213,A,,,972
201700059802,17,12,9,1445,1,1,1,1.0,4.0,97213,A,1461866.0,6102166.0,972
201700059803,17,12,16,1915,3,1,1,1.0,1.0,97213,A,1461708.0,6101758.0,972
201700059804,17,11,16,125,3,1,1,1.0,7.0,97213,A,1461847.0,6102061.0,972
201700059805,17,11,16,1410,1,1,1,1.0,4.0,97213,A,1461874.0,6100399.0,972
201700059806,17,11,17,1315,1,1,1,1.0,2.0,97213,A,1461820.0,6103001.0,972
201700059807,17,11,20,1200,1,1,1,1.0,3.0,97213,A,1462554.0,6100747.0,972
201700059808,17,11,22,710,1,2,1,1.0,6.0,97213,A,,,972
201700059809,17,11,24,1010,1,1,1,1.0,2.0,97213,A,,,972
201700059810,17,11,28,655,1,2,1,1.0,4.0,97213,A,,,972
201700059811,17,1,1,1409,1,2,1,1.0,6.0,97302,G,,,973
201700059812,17,1,1,1755,1,2,1,1.0,7.0,97302,G,,,973
201700059813,17,1,3,1055,1,2,1,1.0,3.0,97302,G,,,973
201700059814,17,1,3,1300,1,2,1,3.0,3.0,97302,G,,,973
201700059815,17,1,4,1045,1,2,1,1.0,6.0,97302,G,,,973
201700059816,17,1,4,1000,1,2,2,1.0,3.0,97302,G,,,973
201700059817,17,1,5,2054,1,2,1,1.0,1.0,97302,G,,,973
201700059818,17,1,8,1905,5,1,1,1.0,6.0,97302,G,492513.0,5232369.0,973
201700059819,17,1,8,2025,5,2,1,1.0,7.0,97302,G,,,973
201700059820,17,1,9,745,1,1,3,1.0,3.0,97302,G,,,973
201700059821,17,1,10,550,2,2,1,1.0,6.0,97302,G,,,973
201700059822,17,1,10,945,1,1,1,1.0,3.0,97302,G,490781.0,5232215.0,973
201700059823,17,1,10,1140,1,1,1,1.0,4.0,97302,G,493597.0,5229583.0,973
201700059824,17,1,12,735,1,1,1,1.0,3.0,97302,G,,,973
201700059825,17,1,14,710,1,2,6,2.0,3.0,97302,G,,,973
201700059826,17,1,14,854,1,2,1,1.0,7.0,97302,G,,,973
201700059827,17,1,16,755,1,2,1,3.0,1.0,97302,G,,,973
201700059828,17,1,15,2140,4,1,1,2.0,7.0,97302,G,,,973
201700059829,17,1,20,1610,1,2,1,1.0,1.0,97302,G,,,973
201700059830,17,1,22,1806,1,1,1,1.0,2.0,97302,G,,,973
201700059831,17,1,24,930,1,2,1,1.0,6.0,97302,G,,,973
201700059832,17,1,24,1003,1,2,1,1.0,3.0,97302,G,,,973
201700059833,17,1,24,1155,1,1,1,1.0,5.0,97302,G,,,973
201700059834,17,1,23,1920,5,2,1,1.0,3.0,97302,G,,,973
201700059835,17,1,25,714,1,2,3,1.0,1.0,97302,G,,,973
201700059836,17,1,28,1825,2,2,1,1.0,1.0,97302,G,,,973
201700059837,17,1,30,1622,1,1,2,1.0,1.0,97302,G,,,973
201700059838,17,1,30,1640,1,2,1,1.0,6.0,97302,G,,,973
201700059839,17,1,31,915,1,2,1,1.0,2.0,97302,G,,,973
201700059840,17,2,1,845,1,2,1,1.0,3.0,97302,G,,,973
201700059841,17,2,1,1505,1,2,1,1.0,2.0,97302,G,,,973
201700059842,17,2,1,1500,1,2,1,1.0,6.0,97302,G,491399.0,5232081.0,973
201700059843,17,2,2,755,1,2,6,1.0,3.0,97302,G,493732.0,5232571.0,973
201700059844,17,2,2,1145,1,2,1,1.0,3.0,97302,G,491470.0,5232093.0,973
201700059845,17,2,2,1245,1,2,3,1.0,3.0,97302,G,494416.0,5230939.0,973
201700059846,17,2,4,1938,5,2,1,1.0,3.0,97302,G,492001.0,5231001.0,973
201700059847,17,2,6,1830,2,2,3,1.0,3.0,97302,G,,,973
201700059848,17,2,7,1335,1,2,1,1.0,6.0,97302,G,493443.0,5232183.0,973
201700059849,17,2,8,1200,1,2,1,1.0,3.0,97302,G,490926.0,5232168.0,973
201700059850,17,2,9,1135,1,2,3,1.0,3.0,97302,G,494038.0,5231547.0,973
201700059851,17,2,10,715,1,1,3,1.0,2.0,97302,G,,,973
201700059852,17,2,10,1405,1,2,1,1.0,3.0,97302,G,494105.0,5233097.0,973
201700059853,17,2,11,115,5,1,1,1.0,1.0,97302,G,494351.0,5230701.0,973
201700059854,17,2,12,1455,1,2,1,1.0,3.0,97302,G,492349.0,5231548.0,973
201700059855,17,2,13,1630,1,2,1,1.0,3.0,97302,G,491156.0,5232141.0,973
201700059856,17,2,14,1110,1,2,6,1.0,2.0,97302,G,,,973
201700059857,17,2,14,2015,3,2,1,1.0,1.0,97302,G,,,973
201700059858,17,2,15,815,1,2,1,1.0,2.0,97302,G,494360.0,5230913.0,973
201700059859,17,2,15,900,1,1,1,1.0,5.0,97302,G,,,973
201700059860,17,2,15,1900,5,2,1,8.0,2.0,97302,G,493278.0,5233029.0,973
201700059861,17,2,17,610,2,2,1,2.0,6.0,97302,G,493627.0,5232726.0,973
201700059862,17,2,17,1948,5,2,1,1.0,3.0,97302,G,493736.0,5231465.0,973
201700059863,17,2,15,1210,1,2,3,1.0,3.0,97302,G,493622.0,5232731.0,973
201700059864,17,2,18,2345,5,1,1,1.0,2.0,97302,G,490276.0,5231424.0,973
201700059865,17,2,19,220,5,2,1,1.0,7.0,97302,G,491055.0,5232148.0,973
201700059866,17,2,20,1630,1,1,2,1.0,1.0,97302,G,494375.0,5230918.0,973
201700059867,17,2,21,1200,1,2,3,1.0,3.0,97302,G,492913.0,5230173.0,973
201700059868,17,2,21,1947,4,1,1,1.0,6.0,97302,G,493046.0,5231262.0,973
201700059869,17,2,24,130,5,2,1,2.0,2.0,97302,G,493591.0,5230774.0,973
201700059870,17,2,24,650,2,2,1,2.0,3.0,97302,G,492923.0,5230182.0,973
201700059871,17,2,23,1935,5,2,1,3.0,1.0,97302,G,493421.0,5232626.0,973
201700059872,17,2,24,1755,1,2,1,1.0,4.0,97302,G,490861.0,5232341.0,973
201700059873,17,2,24,1300,1,2,1,2.0,1.0,97302,G,490903.0,5232261.0,973
201700059874,17,2,25,955,1,2,1,1.0,3.0,97302,G,490740.0,5232223.0,973
201700059875,17,2,25,1835,2,1,1,1.0,7.0,97302,G,492984.0,5233352.0,973
201700059876,17,2,25,2200,5,2,3,1.0,3.0,97302,G,493954.0,5230098.0,973
201700059877,17,2,27,735,1,2,1,1.0,2.0,97302,G,492984.0,5233352.0,973
201700059878,17,2,28,630,5,2,1,2.0,6.0,97302,G,494363.0,5230916.0,973
201700059879,17,3,1,730,1,2,1,2.0,2.0,97302,G,494036.0,5230486.0,973
201700059880,17,3,1,2035,5,2,3,1.0,3.0,97302,G,492876.0,5229851.0,973
201700059881,17,3,3,415,5,2,1,1.0,6.0,97302,G,492543.0,5232411.0,973
201700059882,17,3,3,430,5,2,1,1.0,6.0,97302,G,492599.0,5230201.0,973
201700059883,17,3,10,1300,1,2,1,1.0,3.0,97302,G,494002.0,5233046.0,973
201700059884,17,3,12,2000,5,2,3,1.0,3.0,97302,G,494096.0,5233377.0,973
201700059885,17,3,13,1727,1,2,1,1.0,3.0,97302,G,494389.0,5230908.0,973
201700059886,17,3,14,2025,5,1,1,1.0,2.0,97302,G,,,973
201700059887,17,3,15,820,1,2,1,1.0,3.0,97302,G,,,973
201700059888,17,3,15,1222,1,2,1,1.0,3.0,97302,G,,,973
201700059889,17,3,20,1355,1,1,1,1.0,3.0,97302,G,,,973
201700059890,17,3,20,1740,1,1,1,1.0,6.0,97302,G,,,973
201700059891,17,3,21,954,1,2,6,1.0,3.0,97302,G,,,973
201700059892,17,3,22,810,1,2,1,1.0,3.0,97302,G,492904.0,5230177.0,973
201700059893,17,3,22,1240,1,2,1,1.0,7.0,97302,G,493409.0,5232635.0,973
201700059894,17,3,26,1855,3,2,1,1.0,3.0,97302,G,493630.0,5229652.0,973
201700059895,17,3,27,1300,1,2,1,1.0,6.0,97302,G,493332.0,5232691.0,973
201700059896,17,3,28,705,1,2,1,1.0,6.0,97302,G,494035.0,5230495.0,973
201700059897,17,3,29,1,5,1,1,1.0,2.0,97302,G,493212.0,5233373.0,973
201700059898,17,3,29,545,1,1,1,1.0,2.0,97302,G,493420.0,5228611.0,973
201700059899,17,3,30,1200,1,2,1,2.0,3.0,97302,G,493635.0,5229675.0,973
201700059900,17,3,31,1735,1,2,3,1.0,3.0,97302,G,493419.0,5232631.0,973
201700059901,17,3,29,1330,1,2,1,1.0,3.0,97302,G,492152.0,5232237.0,973
201700059902,17,4,4,1930,5,2,3,1.0,3.0,97302,G,492027.0,5231601.0,973
201700059903,17,4,6,220,5,2,1,1.0,1.0,97302,G,493643.0,5229673.0,973
201700059904,17,4,5,1320,1,2,1,1.0,3.0,97302,G,492027.0,5231601.0,973
201700059905,17,4,8,105,5,2,1,1.0,7.0,97302,G,492027.0,5231601.0,973
201700059906,17,4,6,1330,1,2,1,2.0,3.0,97302,G,493643.0,5229673.0,973
201700059907,17,4,9,1951,5,2,2,1.0,1.0,97302,G,491261.0,5230963.0,973
201700059908,17,4,9,2300,5,2,2,1.0,3.0,97302,G,493643.0,5229673.0,973
201700059909,17,4,10,910,1,1,1,1.0,3.0,97302,G,492010.0,5232008.0,973
201700059910,17,4,10,2135,5,2,3,2.0,2.0,97302,G,492032.0,5231598.0,973
201700059911,17,4,13,1038,1,2,1,1.0,6.0,97302,G,491256.0,5230954.0,973
201700059912,17,4,19,1950,3,1,1,1.0,1.0,97302,G,492893.0,5231346.0,973
201700059913,17,4,20,1745,1,2,1,1.0,3.0,97302,G,493220.0,5229671.0,973
201700059914,17,4,21,2020,5,2,1,1.0,3.0,97302,G,493825.0,5233312.0,973
201700059915,17,4,23,26,5,2,1,1.0,1.0,97302,G,,,973
201700059916,17,4,24,649,1,2,1,1.0,3.0,97302,G,493157.0,5232024.0,973
201700059917,17,4,23,2020,5,2,6,1.0,6.0,97302,G,489681.0,5232848.0,973
201700059918,17,4,24,1840,2,2,1,1.0,3.0,97302,G,494364.0,5230911.0,973
201700059919,17,4,26,55,5,1,1,1.0,6.0,97302,G,493999.0,5233305.0,973
201700059920,17,4,26,1615,1,2,1,1.0,2.0,97302,G,491256.0,5230954.0,973
201700059921,17,4,28,655,1,2,3,1.0,3.0,97302,G,493825.0,5233312.0,973
201700059922,17,4,30,1305,1,2,1,1.0,3.0,97302,G,493335.0,5232697.0,973
201700059923,17,5,2,1550,1,2,1,3.0,3.0,97302,G,493589.0,5231353.0,973
201700059924,17,5,2,1810,2,2,1,2.0,6.0,97302,G,490923.0,5232157.0,973
201700059925,17,5,6,950,1,2,2,1.0,3.0,97302,G,493982.0,5233074.0,973
201700059926,17,5,6,1915,5,2,1,2.0,3.0,97302,G,493464.0,5233076.0,973
201700059927,17,5,8,50,3,1,1,3.0,7.0,97302,G,489878.0,5232925.0,973
201700059928,17,5,10,755,1,2,1,2.0,7.0,97302,G,492001.0,5232901.0,973
201700059929,17,5,10,2300,5,2,6,2.0,3.0,97302,G,493899.0,5231922.0,973
201700059930,17,5,11,725,1,2,1,1.0,4.0,97302,G,494355.0,5230911.0,973
201700059931,17,5,6,1605,1,2,3,1.0,3.0,97302,G,493980.0,5233081.0,973
201700059932,17,5,11,2054,3,2,1,1.0,3.0,97302,G,492919.0,5230181.0,973
201700059933,17,5,17,1640,1,2,6,1.0,3.0,97302,G,490653.0,5231506.0,973
201700059934,17,5,17,1905,5,2,1,1.0,6.0,97302,G,493989.0,5233088.0,973
201700059935,17,5,18,1615,1,2,1,1.0,3.0,97302,G,492879.0,5229857.0,973
201700059936,17,5,20,755,1,2,1,1.0,3.0,97302,G,492879.0,5229857.0,973
201700059937,17,5,20,1550,1,2,6,1.0,2.0,97302,G,490658.0,5231514.0,973
201700059938,17,5,22,1430,1,2,1,1.0,3.0,97302,G,492918.0,5230187.0,973
201700059939,17,5,25,102,5,2,3,2.0,3.0,97302,G,494098.0,5233378.0,973
201700059940,17,5,26,1230,1,2,1,1.0,6.0,97302,G,493353.0,5232588.0,973
201700059941,17,5,27,200,5,2,3,1.0,3.0,97302,G,493980.0,5232853.0,973
201700059942,17,5,27,2000,3,2,2,3.0,3.0,97302,G,493823.0,5232859.0,973
201700059943,17,5,28,920,1,2,2,1.0,3.0,97302,G,492028.0,5231604.0,973
201700059944,17,5,28,2055,5,2,1,1.0,3.0,97302,G,492909.0,5230177.0,973
201700059945,17,5,31,1005,1,2,1,2.0,3.0,97302,G,494021.0,5233098.0,973
201700059946,17,6,1,700,1,2,1,1.0,6.0,97302,G,492042.0,5231607.0,973
201700059947,17,6,1,810,1,2,1,1.0,3.0,97302,G,494357.0,5230901.0,973
201700059948,17,6,1,1320,1,2,1,2.0,3.0,97302,G,492683.0,5230078.0,973
201700059949,17,6,2,1130,1,2,1,2.0,3.0,97302,G,493000.0,5232201.0,973
201700059950,17,6,2,1215,1,1,1,1.0,3.0,97302,G,490001.0,5232401.0,973
201700059951,17,6,3,1240,1,2,1,1.0,2.0,97302,G,492911.0,5230181.0,973
201700059952,17,6,2,2110,5,2,1,2.0,5.0,97302,G,492791.0,5232057.0,973
201700059953,17,6,4,2042,5,1,3,1.0,3.0,97302,G,492791.0,5232057.0,973
201700059954,17,6,5,1720,1,2,1,1.0,3.0,97302,G,493728.0,5233538.0,973
201700059955,17,6,6,840,1,2,1,1.0,3.0,97302,G,492919.0,5230182.0,973
201700059956,17,6,9,920,1,1,1,2.0,3.0,97302,G,491762.0,5230769.0,973
201700059957,17,6,9,2220,3,2,1,2.0,4.0,97302,G,492025.0,5231607.0,973
201700059958,17,6,10,1530,1,2,1,1.0,6.0,97302,G,493265.0,5233378.0,973
201700059959,17,6,10,1820,1,2,1,1.0,3.0,97302,G,493902.0,5231927.0,973
201700059960,17,6,12,1800,1,2,1,1.0,1.0,97302,G,491272.0,5230965.0,973
201700059961,17,6,13,810,1,2,1,1.0,3.0,97302,G,493873.0,5233221.0,973
201700059962,17,6,14,545,1,2,1,1.0,3.0,97302,G,494013.0,5232904.0,973
201700059963,17,6,15,1105,1,2,1,1.0,3.0,97302,G,493571.0,5231311.0,973
201700059964,17,6,16,1100,1,2,1,1.0,3.0,97302,G,493644.0,5229659.0,973
201700059965,17,6,16,1215,1,2,1,1.0,2.0,97302,G,492919.0,5230186.0,973
201700059966,17,6,17,924,1,2,3,1.0,3.0,97302,G,492161.0,5231936.0,973
201700059967,17,6,17,1830,1,2,1,1.0,6.0,97302,G,493629.0,5232189.0,973
201700059968,17,6,17,1935,5,2,1,1.0,6.0,97302,G,493153.0,5231718.0,973
201700059969,17,6,18,1350,1,2,1,2.0,3.0,97302,G,493644.0,5231485.0,973
201700059970,17,6,18,1905,3,2,1,1.0,3.0,97302,G,492750.0,5229017.0,973
201700059971,17,6,19,55,5,2,1,1.0,7.0,97302,G,494134.0,5230431.0,973
201700059972,17,6,19,1750,1,2,3,1.0,5.0,97302,G,491922.0,5231769.0,973
201700059973,17,6,19,1930,5,2,3,1.0,3.0,97302,G,492919.0,5230186.0,973
201700059974,17,6,21,1658,1,2,1,1.0,2.0,97302,G,493644.0,5229659.0,973
201700059975,17,6,22,837,1,2,1,2.0,3.0,97302,G,493232.0,5229711.0,973
201700059976,17,6,22,1410,1,2,6,1.0,3.0,97302,G,490773.0,5232191.0,973
201700059977,17,6,23,1646,1,2,2,1.0,3.0,97302,G,493883.0,5233176.0,973
201700059978,17,6,23,1814,1,2,1,1.0,3.0,97302,G,493644.0,5229659.0,973
201700059979,17,6,25,1515,1,2,1,1.0,3.0,97302,G,492575.0,5231592.0,973
201700059980,17,6,26,1405,1,2,1,1.0,2.0,97302,G,493644.0,5229659.0,973
201700059981,17,6,27,1135,1,1,1,1.0,3.0,97302,G,492701.0,5228982.0,973
201700059982,17,6,28,2130,5,2,1,1.0,3.0,97302,G,491971.0,5231737.0,973
201700059983,17,6,30,1915,5,2,6,3.0,3.0,97302,G,492721.0,5228991.0,973
201700059984,17,6,30,2310,5,2,1,1.0,2.0,97302,G,493102.0,5232637.0,973
201700059985,17,7,3,1417,1,2,1,1.0,7.0,97302,G,493872.0,5233216.0,973
201700059986,17,7,2,1900,5,2,1,1.0,1.0,97302,G,492888.0,5231363.0,973
201700059987,17,7,2,2118,5,1,1,1.0,6.0,97302,G,493626.0,5232732.0,973
201700059988,17,7,4,1025,1,2,1,1.0,2.0,97302,G,493621.0,5232733.0,973
201700059989,17,7,7,430,3,2,1,2.0,3.0,97302,G,492116.0,5230421.0,973
201700059990,17,7,6,2115,5,2,3,1.0,2.0,97302,G,492034.0,5231586.0,973
201700059991,17,7,7,1850,5,2,1,1.0,2.0,97302,G,493240.0,5231835.0,973
201700059992,17,7,8,815,1,2,1,1.0,3.0,97302,G,493239.0,5230838.0,973
201700059993,17,7,8,1945,5,2,3,1.0,6.0,97302,G,493072.0,5232437.0,973
201700059994,17,7,9,750,1,2,3,1.0,3.0,97302,G,491252.0,5230721.0,973
201700059995,17,7,13,2300,5,2,1,1.0,1.0,97302,G,492236.0,5232127.0,973
201700059996,17,7,13,2020,3,1,6,1.0,3.0,97302,G,489657.0,5232873.0,973
201700059997,17,7,15,1135,1,2,1,1.0,4.0,97302,G,494086.0,5232356.0,973
201700059998,17,7,16,1955,5,2,3,1.0,3.0,97302,G,494843.0,5230461.0,973
201700059999,17,7,18,2120,5,2,3,2.0,3.0,97302,G,491923.0,5231266.0,973
201700060000,17,7,19,1057,1,2,3,1.0,3.0,97302,G,493869.0,5233216.0,973
201700060001,17,7,19,1855,5,1,3,1.0,3.0,97302,G,492972.0,5231518.0,973
201700060002,17,7,19,1915,5,2,1,1.0,2.0,97302,G,490333.0,5232409.0,973
201700060003,17,7,20,1055,1,2,1,1.0,3.0,97302,G,492595.0,5231337.0,973
201700060004,17,7,20,1415,1,2,1,1.0,2.0,97302,G,493411.0,5231052.0,973
201700060005,17,7,20,1641,1,2,1,1.0,2.0,97302,G,492968.0,5229048.0,973
201700060006,17,4,10,1230,1,2,3,1.0,3.0,97302,G,492032.0,5231598.0,973
201700060007,17,7,21,802,1,2,3,1.0,3.0,97302,G,491224.0,5232127.0,973
201700060008,17,7,21,2145,5,2,4,1.0,1.0,97302,G,492183.0,5229881.0,973
201700060009,17,7,22,550,4,2,1,3.0,3.0,97302,G,493361.0,5231229.0,973
201700060010,17,7,26,1410,1,2,1,1.0,2.0,97302,G,492968.0,5229048.0,973
201700060011,17,7,26,2245,5,2,1,1.0,6.0,97302,G,492549.0,5231273.0,973
201700060012,17,7,27,1150,1,2,2,1.0,6.0,97302,G,494131.0,5232391.0,973
201700060013,17,7,28,641,1,2,1,1.0,6.0,97302,G,492039.0,5231761.0,973
201700060014,17,7,28,641,1,2,1,1.0,2.0,97302,G,492039.0,5231761.0,973
201700060015,17,7,30,1730,1,2,1,1.0,3.0,97302,G,,,973
201700060016,17,7,31,1140,1,2,1,1.0,6.0,97302,G,494147.0,5232894.0,973
201700060017,17,8,1,1150,1,2,9,1.0,3.0,97302,G,491921.0,5231701.0,973
201700060018,17,8,2,2050,5,2,1,1.0,3.0,97302,G,,,973
201700060019,17,8,3,1410,1,2,1,2.0,3.0,97302,G,493314.0,5230921.0,973
201700060020,17,8,4,2150,3,2,1,1.0,2.0,97302,G,493420.0,5231685.0,973
201700060021,17,8,6,1205,1,2,1,1.0,1.0,97302,G,455271.0,5219071.0,973
201700060022,17,8,7,1720,1,2,1,1.0,7.0,97302,G,,,973
201700060023,17,8,8,1900,4,2,6,1.0,7.0,97302,G,,,973
201700060024,17,8,9,1020,1,2,1,1.0,3.0,97302,G,,,973
201700060025,17,8,9,1116,1,2,1,1.0,6.0,97302,G,,,973
201700060026,17,8,10,1140,1,2,1,1.0,3.0,97302,G,,,973
201700060027,17,8,10,2245,5,1,6,1.0,7.0,97302,G,490695.0,5232247.0,973
201700060028,17,8,10,1955,5,2,2,1.0,3.0,97302,G,,,973
201700060029,17,8,14,1930,5,2,1,1.0,6.0,97302,G,,,973
201700060030,17,8,15,1300,1,2,1,1.0,7.0,97302,G,,,973
201700060031,17,8,16,1750,1,2,1,1.0,1.0,97302,G,492771.0,5229175.0,973
201700060032,17,8,21,1155,1,2,1,1.0,3.0,97302,G,,,973
201700060033,17,8,22,1130,1,2,1,1.0,3.0,97302,G,,,973
201700060034,17,8,21,1830,5,2,1,1.0,3.0,97302,G,493331.0,5230601.0,973
201700060035,17,8,24,1150,1,2,3,1.0,3.0,97302,G,500001.0,5200001.0,973
201700060036,17,8,25,1200,1,2,2,1.0,2.0,97302,G,493318.0,5231664.0,973
201700060037,17,8,26,1955,4,2,2,1.0,2.0,97302,G,493676.0,5233129.0,973
201700060038,17,8,28,610,2,2,1,1.0,3.0,97302,G,492837.0,5232521.0,973
201700060039,17,9,1,1,4,2,1,1.0,2.0,97302,G,493359.0,5231237.0,973
201700060040,17,9,4,1455,1,2,3,1.0,7.0,97302,G,491726.0,5229922.0,973
201700060041,17,9,4,1620,1,2,1,1.0,3.0,97302,G,494280.0,5230618.0,973
201700060042,17,9,2,525,5,2,1,1.0,6.0,97302,G,494046.0,5233018.0,973
201700060043,17,9,5,2015,5,2,1,1.0,3.0,97302,G,493786.0,5233538.0,973
201700060044,17,9,5,2125,5,1,1,1.0,3.0,97302,G,492617.0,5231361.0,973
201700060045,17,9,6,1150,1,2,1,1.0,6.0,97302,G,493871.0,5233391.0,973
201700060046,17,9,7,515,5,2,1,1.0,1.0,97302,G,493091.0,5232621.0,973
201700060047,17,9,7,900,1,2,1,1.0,4.0,97302,G,493251.0,5231081.0,973
201700060048,17,9,7,1055,1,2,1,1.0,2.0,97302,G,490419.0,5231975.0,973
201700060049,17,9,7,1655,1,2,1,1.0,5.0,97302,G,493644.0,5231431.0,973
201700060050,17,9,7,1335,1,1,1,1.0,3.0,97302,G,491649.0,5229578.0,973
201700060051,17,9,7,1425,1,1,1,1.0,3.0,97302,G,492953.0,5230751.0,973
201700060052,17,9,8,1140,1,1,3,1.0,3.0,97302,G,493169.0,5230709.0,973
201700060053,17,9,8,1630,1,2,1,1.0,3.0,97302,G,492911.0,5230101.0,973
201700060054,17,9,9,1940,5,2,1,1.0,1.0,97302,G,491471.0,5232091.0,973
201700060055,17,9,11,805,1,2,6,1.0,3.0,97302,G,,,973
201700060056,17,9,11,1605,1,2,1,1.0,1.0,97302,G,493590.0,5231353.0,973
201700060057,17,9,12,1000,1,2,1,1.0,5.0,97302,G,493571.0,5231254.0,973
201700060058,17,9,13,1900,5,1,1,1.0,3.0,97302,G,490163.0,5230709.0,973
201700060059,17,9,14,555,2,1,6,1.0,3.0,97302,G,489660.0,5232851.0,973
201700060060,17,9,14,1810,2,2,1,1.0,3.0,97302,G,494463.0,5231233.0,973
201700060061,17,9,15,1240,1,1,1,1.0,4.0,97302,G,492855.0,5230013.0,973
201700060062,17,9,15,1620,1,2,1,1.0,3.0,97302,G,492890.0,5231501.0,973
201700060063,17,9,16,1945,4,2,1,1.0,1.0,97302,G,492875.0,5229845.0,973
201700060064,17,9,18,610,1,2,6,1.0,3.0,97302,G,493711.0,5232501.0,973
201700060065,17,9,18,700,1,2,1,1.0,1.0,97302,G,491951.0,5231551.0,973
201700060066,17,9,19,2100,5,1,1,1.0,1.0,97302,G,493159.0,5231751.0,973
201700060067,17,9,20,927,1,2,1,1.0,6.0,97302,G,,,973
201700060068,17,9,20,1430,1,1,1,1.0,2.0,97302,G,490774.0,5230501.0,973
201700060069,17,9,20,2012,4,1,1,1.0,3.0,97302,G,491301.0,5230801.0,973
201700060070,17,9,5,700,1,2,1,1.0,3.0,97302,G,,,973
201700060071,17,9,22,1010,1,2,1,1.0,2.0,97302,G,494096.0,5232858.0,973
201700060072,17,9,23,745,1,2,1,1.0,6.0,97302,G,,,973
201700060073,17,9,23,2150,5,1,1,1.0,7.0,97302,G,491410.0,5230929.0,973
201700060074,17,9,20,2054,5,2,1,1.0,1.0,97302,G,,,973
201700060075,17,9,26,658,2,2,9,1.0,3.0,97302,G,,,973
201700060076,17,9,26,1950,5,2,1,1.0,7.0,97302,G,,,973
201700060077,17,9,26,1905,5,2,1,1.0,6.0,97302,G,,,973
201700060078,17,9,28,1810,5,1,1,1.0,3.0,97302,G,492770.0,5229168.0,973
201700060079,17,9,28,1905,5,2,6,1.0,3.0,97302,G,490731.0,5232231.0,973
201700060080,17,9,29,1705,1,2,3,1.0,3.0,97302,G,491495.0,5232094.0,973
201700060081,17,9,29,1750,2,2,1,1.0,3.0,97302,G,491252.0,5232104.0,973
201700060082,17,9,30,915,1,2,1,1.0,3.0,97302,G,434091.0,5232431.0,973
201700060083,17,10,2,1320,1,1,1,1.0,2.0,97302,G,490001.0,5232001.0,973
201700060084,17,10,4,1900,5,2,3,1.0,3.0,97302,G,493312.0,5230942.0,973
201700060085,17,10,5,635,1,1,9,1.0,3.0,97302,G,,,973
201700060086,17,10,6,700,1,2,1,2.0,1.0,97302,G,493161.0,5231491.0,973
201700060087,17,7,12,1650,1,2,1,1.0,7.0,97302,G,492888.0,5231363.0,973
201700060088,17,10,6,1310,1,2,1,1.0,6.0,97302,G,493247.0,5233011.0,973
201700060089,17,10,7,1215,1,2,3,1.0,3.0,97302,G,494441.0,5230979.0,973
201700060090,17,10,6,2119,5,1,2,1.0,3.0,97302,G,,,973