Num_Acc,an,mois,jour,hrmn,lum,agg,int,atm,col,com,gps,lat,long,dep
201700060091,17,10,7,1713,1,2,1,1.0,6.0,97302,G,,,973
201700060092,17,10,8,2355,5,2,6,1.0,3.0,97302,G,,,973
201700060093,17,10,9,1220,1,1,1,1.0,3.0,97302,G,490251.0,5231396.0,973
201700060094,17,10,9,1837,5,2,1,1.0,6.0,97302,G,,,973
201700060095,17,10,9,1909,5,2,1,1.0,3.0,97302,G,491254.0,5232345.0,973
201700060096,17,10,10,700,1,2,1,1.0,1.0,97302,G,,,973
201700060097,17,10,10,2145,5,2,3,1.0,3.0,97302,G,493732.0,5232507.0,973
201700060098,17,10,10,1145,1,2,1,1.0,3.0,97302,G,,,973
201700060099,17,10,12,1825,5,2,1,1.0,2.0,97302,G,493476.0,5230849.0,973
201700060100,17,10,8,2330,3,2,1,1.0,6.0,97302,G,492753.0,5229151.0,973
201700060101,17,10,13,1930,5,2,2,1.0,3.0,97302,G,493985.0,5233015.0,973
201700060102,17,10,11,1250,1,2,1,1.0,3.0,97302,G,492864.0,5230073.0,973
201700060103,17,10,14,1215,1,2,1,1.0,3.0,97302,G,,,973
201700060104,17,10,14,1200,1,1,1,1.0,3.0,97302,G,491585.0,5232121.0,973
201700060105,17,10,15,355,5,2,1,1.0,3.0,97302,G,,,973
201700060106,17,10,16,740,1,2,1,1.0,3.0,97302,G,,,973
201700060107,17,10,16,1555,1,2,1,1.0,6.0,97302,G,492005.0,5231976.0,973
201700060108,17,10,16,1700,1,2,1,1.0,5.0,97302,G,491022.0,5230822.0,973
201700060109,17,10,17,1110,1,2,1,1.0,6.0,97302,G,,,973
201700060110,17,10,17,1900,5,2,1,2.0,3.0,97302,G,491500.0,5232101.0,973
201700060111,17,10,17,2044,3,2,1,2.0,6.0,97302,G,491030.0,5230827.0,973
201700060112,17,10,18,1155,1,2,1,1.0,6.0,97302,G,494930.0,5232211.0,973
201700060113,17,10,12,1850,2,2,1,1.0,6.0,97302,G,492642.0,5232074.0,973
201700060114,17,10,19,830,1,2,1,1.0,5.0,97302,G,,,973
201700060115,17,10,19,1245,1,1,1,1.0,3.0,97302,G,493665.0,5230782.0,973
201700060116,17,10,20,1835,5,2,1,1.0,6.0,97302,G,492801.0,5231801.0,973
201700060117,17,10,21,1750,1,2,1,1.0,7.0,97302,G,492601.0,5230201.0,973
201700060118,17,10,26,930,1,2,1,1.0,2.0,97302,G,493759.0,5231584.0,973
201700060119,17,10,26,1210,1,2,1,1.0,1.0,97302,G,492796.0,5231392.0,973
201700060120,17,10,26,1950,5,1,1,1.0,1.0,97302,G,,,973
201700060121,17,10,27,1135,1,2,1,1.0,4.0,97302,G,,,973
201700060122,17,10,27,1430,1,2,2,1.0,3.0,97302,G,,,973
201700060123,17,10,27,1540,1,2,1,1.0,3.0,97302,G,492886.0,5231348.0,973
201700060124,17,10,29,30,5,2,1,1.0,2.0,97302,G,493727.0,5233515.0,973
201700060125,17,10,30,1405,1,2,1,1.0,2.0,97302,G,,,973
201700060126,17,10,31,1430,1,2,1,1.0,6.0,97302,G,,,973
201700060127,17,11,2,830,1,2,1,1.0,3.0,97302,G,,,973
201700060128,17,11,2,1310,1,2,1,1.0,3.0,97302,G,,,973
201700060129,17,11,4,2320,5,2,2,1.0,3.0,97302,G,,,973
201700060130,17,11,5,1905,5,1,1,2.0,1.0,97302,G,492760.0,5231704.0,973
201700060131,17,11,7,850,1,2,1,1.0,2.0,97302,G,,,973
201700060132,17,11,7,1030,1,2,1,1.0,6.0,97302,G,,,973
201700060133,17,11,8,834,1,1,1,2.0,3.0,97302,G,494337.0,5230685.0,973
201700060134,17,11,8,1912,5,2,2,1.0,3.0,97302,G,,,973
201700060135,17,11,9,1015,1,2,1,1.0,3.0,97302,G,,,973
201700060136,17,11,9,1740,1,2,1,1.0,6.0,97302,G,491063.0,5232143.0,973
201700060137,17,11,10,1535,1,2,1,1.0,2.0,97302,G,493547.0,5233158.0,973
201700060138,17,11,10,1745,1,2,1,1.0,3.0,97302,G,493750.0,5232477.0,973
201700060139,17,11,10,2335,5,2,1,2.0,2.0,97302,G,,,973
201700060140,17,11,12,2115,5,2,6,1.0,3.0,97302,G,493311.0,5230963.0,973
201700060141,17,11,14,720,1,2,6,1.0,3.0,97302,G,,,973
201700060142,17,11,14,820,1,2,3,1.0,3.0,97302,G,,,973
201700060143,17,11,14,1410,1,2,1,1.0,3.0,97302,G,,,973
201700060144,17,11,14,1550,1,1,1,1.0,2.0,97302,G,488273.0,5231877.0,973
201700060145,17,11,14,1050,1,2,1,2.0,7.0,97302,G,493801.0,5233028.0,973
201700060146,17,11,15,1415,1,2,2,1.0,3.0,97302,G,494371.0,5232971.0,973
201700060147,17,11,15,1855,3,2,1,1.0,3.0,97302,G,491871.0,5232191.0,973
201700060148,17,11,17,1425,1,2,1,1.0,3.0,97302,G,,,973
201700060149,17,11,17,1725,1,2,1,1.0,1.0,97302,G,,,973
201700060150,17,11,17,2125,1,2,1,1.0,3.0,97302,G,,,973
201700060151,17,11,16,1230,1,2,1,1.0,3.0,97302,G,492124.0,5233028.0,973
201700060152,17,11,21,615,2,2,1,1.0,6.0,97302,G,491226.0,5232132.0,973
201700060153,17,11,21,1755,1,2,1,1.0,3.0,97302,G,491240.0,5230551.0,973
201700060154,17,11,21,1810,2,2,1,1.0,3.0,97302,G,492793.0,5231851.0,973
201700060155,17,11,21,1615,1,1,1,1.0,7.0,97302,G,491340.0,5230815.0,973
201700060156,17,11,22,912,1,2,1,1.0,6.0,97302,G,493285.0,5230945.0,973
201700060157,17,11,22,1630,1,2,1,1.0,5.0,97302,G,491911.0,5231721.0,973
201700060158,17,11,23,2002,3,2,1,1.0,6.0,97302,G,,,973
201700060159,17,7,28,705,1,2,6,1.0,2.0,97302,G,491224.0,5232127.0,973
201700060160,17,11,24,2115,5,1,1,1.0,3.0,97302,G,493840.0,5229195.0,973
201700060161,17,11,25,600,2,1,6,1.0,6.0,97302,G,493159.0,5231751.0,973
201700060162,17,11,25,1030,1,2,1,1.0,3.0,97302,G,,,973
201700060163,17,11,26,1650,1,2,1,1.0,3.0,97302,G,491100.0,5232471.0,973
201700060164,17,11,27,1730,1,2,1,1.0,3.0,97302,G,491921.0,5231764.0,973
201700060165,17,11,27,2000,5,2,1,1.0,7.0,97302,G,491798.0,5233106.0,973
201700060166,17,11,28,700,1,2,1,1.0,1.0,97302,G,493201.0,5232841.0,973
201700060167,17,11,28,1940,3,2,1,1.0,2.0,97302,G,492890.0,5229681.0,973
201700060168,17,11,29,1420,1,1,1,1.0,3.0,97302,G,,,973
201700060169,17,11,29,1720,1,1,2,1.0,3.0,97302,G,,,973
201700060170,17,11,30,1,3,2,3,1.0,6.0,97302,G,,,973
201700060171,17,12,1,1115,1,2,1,1.0,2.0,97302,G,494309.0,5232529.0,973
201700060172,17,12,2,1745,1,1,1,1.0,6.0,97302,G,,,973
201700060173,17,12,5,1520,1,2,3,8.0,3.0,97302,G,,,973
201700060174,17,12,5,1855,5,1,6,1.0,3.0,97302,G,493237.0,5232649.0,973
201700060175,17,12,7,700,1,1,1,1.0,6.0,97302,G,493403.0,5233213.0,973
201700060176,17,12,7,950,1,2,1,1.0,3.0,97302,G,491901.0,5231598.0,973
201700060177,17,12,7,1242,1,1,1,1.0,6.0,97302,G,,,973
201700060178,17,12,7,1500,1,2,1,1.0,3.0,97302,G,,,973
201700060179,17,12,8,800,1,2,1,1.0,3.0,97302,G,493610.0,5231373.0,973
201700060180,17,12,10,1020,1,2,1,1.0,3.0,97302,G,,,973
201700060181,17,12,10,1020,1,2,1,1.0,2.0,97302,G,493961.0,5230538.0,973
201700060182,17,12,13,1715,1,2,2,1.0,3.0,97302,G,493618.0,5229619.0,973
201700060183,17,12,14,2150,5,2,3,1.0,3.0,97302,G,,,973
201700060184,17,12,17,305,5,2,9,2.0,7.0,97302,G,,,973
201700060185,17,12,19,633,2,1,1,2.0,6.0,97302,G,492184.0,5232252.0,973
201700060186,17,12,16,1340,1,2,1,1.0,3.0,97302,G,492117.0,5232213.0,973
201700060187,17,12,20,1049,1,2,2,1.0,3.0,97302,G,,,973
201700060188,17,12,20,1425,1,2,1,1.0,6.0,97302,G,491229.0,5232108.0,973
201700060189,17,12,21,1026,1,2,1,1.0,3.0,97302,G,,,973
201700060190,17,12,22,1725,1,2,1,1.0,3.0,97302,G,492871.0,5233311.0,973
201700060191,17,12,22,2010,3,2,1,1.0,3.0,97302,G,492649.0,5230865.0,973
201700060192,17,12,23,1025,1,2,1,3.0,2.0,97302,G,489764.0,5232791.0,973
201700060193,17,12,25,2020,5,2,1,3.0,7.0,97302,G,494075.0,5232369.0,973
201700060194,17,12,23,2127,5,2,8,2.0,6.0,97302,G,493369.0,5233041.0,973
201700060195,17,12,22,1010,1,2,2,1.0,6.0,97302,G,,,973
201700060196,17,12,27,850,1,2,1,3.0,2.0,97302,G,,,973
201700060197,17,12,30,1554,1,2,2,1.0,6.0,97302,G,493159.0,5231751.0,973
201700060198,17,1,1,15,5,1,1,1.0,6.0,97407,R,2093998.0,5530583.0,974
201700060199,17,12,26,2225,5,2,6,1.0,6.0,97407,R,2095585.0,5531203.0,974
201700060200,17,1,1,130,5,2,1,1.0,6.0,97407,R,2094234.0,5529232.0,974
201700060201,17,1,1,130,5,1,1,1.0,2.0,97407,R,,,974
201700060202,17,1,3,1845,1,2,1,1.0,2.0,97407,R,2093337.0,5529241.0,974
201700060203,17,1,5,1850,1,2,1,1.0,6.0,97407,R,2094588.0,5529756.0,974
201700060204,17,1,7,1715,1,2,1,1.0,2.0,97407,R,2094589.0,5532381.0,974
201700060205,17,1,1,800,1,1,1,1.0,6.0,97407,R,2094755.0,5529199.0,974
201700060206,17,2,1,1955,5,2,2,1.0,1.0,97407,R,2092642.0,5531869.0,974
201700060207,17,2,3,1555,1,1,1,1.0,3.0,97407,R,2093782.0,5530214.0,974
201700060208,17,2,8,1530,1,2,1,1.0,3.0,97407,R,2094315.0,5529715.0,974
201700060209,17,2,15,1125,1,2,1,1.0,6.0,97407,R,2094650.0,5530131.0,974
201700060210,17,2,23,1710,1,2,3,1.0,1.0,97407,R,,,974
201700060211,17,2,24,1500,1,2,1,1.0,6.0,97407,R,,,974
201700060212,17,2,28,1800,1,1,6,1.0,3.0,97407,R,2093059.0,5530859.0,974
201700060213,17,2,28,2010,3,2,1,1.0,3.0,97407,R,2095534.0,5531172.0,974
201700060214,17,3,1,845,1,1,1,1.0,6.0,97407,R,2094109.0,5532906.0,974
201700060215,17,3,5,1810,1,2,1,2.0,6.0,97407,R,2094974.0,5529749.0,974
201700060216,17,3,7,1610,1,2,3,1.0,3.0,97407,R,2094370.0,5529601.0,974
201700060217,17,3,10,715,1,2,1,1.0,6.0,97407,R,,,974
201700060218,17,3,25,735,1,1,3,1.0,3.0,97407,R,2093030.0,5529338.0,974
201700060219,17,3,27,1750,1,2,1,1.0,3.0,97407,R,2094558.0,5530051.0,974
201700060220,17,3,31,750,1,1,1,1.0,2.0,97407,R,2095894.0,5530822.0,974
201700060221,17,4,7,1005,1,2,1,1.0,2.0,97407,R,2093742.0,5528879.0,974
201700060222,17,4,10,1855,4,1,1,1.0,2.0,97407,R,2094299.0,5532903.0,974
201700060223,17,4,8,2345,3,2,1,1.0,7.0,97407,R,2093969.0,5555304.0,974
201700060224,17,4,14,1310,1,2,1,2.0,3.0,97407,R,2095646.0,5531289.0,974
201700060225,17,4,16,120,3,2,4,1.0,3.0,97407,R,2094368.0,5529745.0,974
201700060226,17,4,16,745,2,2,1,1.0,6.0,97407,R,2094539.0,5530041.0,974
201700060227,17,5,2,1900,3,1,1,2.0,4.0,97407,R,2095496.0,5531269.0,974
201700060228,17,5,5,545,2,1,1,1.0,6.0,97407,R,2095468.0,5531305.0,974
201700060229,17,5,7,2030,3,1,1,1.0,7.0,97407,R,2093489.0,5531249.0,974
201700060230,17,5,6,2100,5,1,1,1.0,3.0,97407,R,2094487.0,5529827.0,974
201700060231,17,5,20,1800,1,2,1,1.0,7.0,97407,R,2094414.0,5531228.0,974
201700060232,17,5,25,40,4,2,1,1.0,3.0,97407,R,2094366.0,5529746.0,974
201700060233,17,6,2,1820,1,1,1,1.0,1.0,97407,R,2096277.0,5532027.0,974
201700060234,17,6,4,1800,2,1,1,1.0,2.0,97407,R,2095414.0,5531386.0,974
201700060235,17,6,7,1955,5,2,1,1.0,6.0,97407,R,2094002.0,5530788.0,974
201700060236,17,6,11,1910,5,2,1,1.0,3.0,97407,R,2093765.0,5529119.0,974
201700060237,17,6,14,1445,1,1,1,1.0,2.0,97407,R,2095921.0,5530801.0,974
201700060238,17,6,13,1730,1,1,1,1.0,2.0,97407,R,2093482.0,5529873.0,974
201700060239,17,6,21,1310,1,2,1,1.0,3.0,97407,R,2093580.0,5530920.0,974
201700060240,17,6,23,1250,1,2,1,1.0,6.0,97407,R,2094181.0,5530261.0,974
201700060241,17,6,26,1435,1,2,1,1.0,6.0,97407,R,2093861.0,5529686.0,974
201700060242,17,6,29,1800,2,2,3,1.0,3.0,97407,R,2093925.0,5530571.0,974
201700060243,17,7,1,1720,1,2,1,1.0,6.0,97407,R,2095838.0,5531444.0,974
201700060244,17,6,30,815,1,1,1,1.0,7.0,97407,R,2095622.0,5531091.0,974
201700060245,17,6,30,1835,2,1,1,1.0,3.0,97407,R,2095329.0,5530741.0,974
201700060246,17,7,18,950,1,2,1,1.0,2.0,97407,R,2094566.0,5529800.0,974
201700060247,17,7,19,2210,5,1,1,1.0,3.0,97407,R,,,974
201700060248,17,7,23,1915,5,2,6,1.0,3.0,97407,R,2093958.0,5530324.0,974
201700060249,17,8,5,1630,1,2,1,1.0,2.0,97407,R,2093919.0,5530088.0,974
201700060250,17,8,8,1230,1,2,1,1.0,2.0,97407,R,2093298.0,5529336.0,974
201700060251,17,8,9,1630,1,1,1,1.0,4.0,97407,R,2094463.0,5532549.0,974
201700060252,17,8,10,750,1,2,1,1.0,2.0,97407,R,2094904.0,5530503.0,974
201700060253,17,8,10,1740,1,2,2,1.0,6.0,97407,R,2094005.0,5529071.0,974
201700060254,17,8,13,1655,1,1,1,1.0,6.0,97407,R,2093449.0,5531941.0,974
201700060255,17,8,21,1640,1,1,1,1.0,2.0,97407,R,2095077.0,5530324.0,974
201700060256,17,8,22,1230,1,2,1,1.0,6.0,97407,R,2094933.0,5530099.0,974
201700060257,17,8,23,750,1,1,1,1.0,4.0,97407,R,2094536.0,5532566.0,974
201700060258,17,8,24,1510,1,2,1,1.0,2.0,97407,R,2094856.0,5529382.0,974
201700060259,17,9,10,2115,3,2,1,1.0,7.0,97407,R,2095124.0,5529192.0,974
201700060260,17,7,1,55,3,2,1,1.0,7.0,97407,R,2092911.0,5529902.0,974
201700060261,17,8,31,825,1,2,1,1.0,6.0,97407,R,2094061.0,5529134.0,974
201700060262,17,9,15,2010,3,1,1,1.0,2.0,97407,R,2095181.0,5530491.0,974
201700060263,17,10,9,1550,1,2,6,1.0,1.0,97407,R,2094247.0,5529183.0,974
201700060264,17,10,12,50,5,2,2,1.0,3.0,97407,R,2093849.0,5529125.0,974
201700060265,17,10,25,1010,1,1,1,1.0,6.0,97407,R,2094550.0,5532483.0,974
201700060266,17,10,26,1940,5,2,1,1.0,3.0,97407,R,2093872.0,5529091.0,974
201700060267,17,8,14,225,3,2,1,1.0,6.0,97407,R,2093450.0,5531955.0,974
201700060268,17,8,19,105,5,2,1,1.0,2.0,97407,R,2093865.0,5529672.0,974
201700060269,17,11,15,2035,5,2,1,1.0,6.0,97407,R,2095618.0,5531221.0,974
201700060270,17,11,22,1230,1,1,1,2.0,3.0,97407,R,2094628.0,5530444.0,974
201700060271,17,11,28,1645,1,2,1,1.0,6.0,97407,R,2093169.0,5529874.0,974
201700060272,17,12,2,120,3,2,3,1.0,3.0,97407,R,2094226.0,5529476.0,974
201700060273,17,12,16,1735,1,2,1,1.0,6.0,97407,R,2092959.0,5530051.0,974
201700060274,17,12,19,1945,5,2,7,1.0,6.0,97407,R,2093529.0,5529186.0,974
201700060275,17,12,22,815,1,1,2,1.0,3.0,97407,R,2095803.0,5531731.0,974
201700060276,17,12,23,2025,5,1,1,1.0,2.0,97407,R,2095546.0,5531071.0,974
201700060277,17,12,25,610,1,2,1,1.0,6.0,97407,R,2093750.0,5529099.0,974
201700060278,17,12,27,1450,1,1,1,2.0,3.0,97407,R,2092907.0,5531429.0,974
201700060279,17,12,17,50,5,1,1,1.0,6.0,97407,R,2094918.0,5529929.0,974
201700060280,17,11,12,1745,1,2,1,1.0,4.0,97407,R,2093916.0,5529088.0,974
201700060281,17,12,31,1520,1,2,1,1.0,6.0,97407,R,2094868.0,5529057.0,974
201700060282,17,2,18,1225,1,1,9,1.0,1.0,97409,R,2097174.0,5567700.0,974
201700060283,17,12,20,1150,1,2,1,1.0,1.0,97409,R,2096835.0,5569837.0,974
201700060284,17,4,8,2330,5,2,1,1.0,6.0,97409,R,2093628.0,5564658.0,974
201700060285,17,4,30,845,1,2,6,1.0,6.0,97409,R,2096301.0,5565883.0,974
201700060286,17,11,29,1430,1,2,1,1.0,3.0,97409,R,2097184.0,5567466.0,974
201700060287,17,5,4,2000,3,1,1,2.0,1.0,97409,R,,,974
201700060288,17,6,9,1550,1,2,1,1.0,6.0,97409,R,2094929.0,5564193.0,974
201700060289,17,7,8,750,1,2,9,1.0,3.0,97409,R,2093253.0,5564798.0,974
201700060290,17,8,16,900,1,2,1,2.0,4.0,97409,R,2096171.0,5565256.0,974
201700060291,17,8,26,1020,1,2,1,1.0,3.0,97409,R,2096476.0,5565915.0,974
201700060292,17,9,11,2010,5,2,1,1.0,6.0,97409,R,2097378.0,5564646.0,974
201700060293,17,7,28,1405,1,2,1,1.0,7.0,97409,R,2097055.0,5562252.0,974
201700060294,17,9,25,1545,1,2,1,1.0,6.0,97409,R,2096541.0,5565615.0,974
201700060295,17,11,3,730,1,2,9,1.0,3.0,97409,R,2096622.0,5565943.0,974
201700060296,17,8,10,1210,1,2,1,1.0,3.0,97409,R,2096465.0,5565908.0,974
201700060297,17,12,7,710,1,2,1,1.0,6.0,97409,R,2097320.0,5565131.0,974
201700060298,17,11,11,1315,1,1,1,1.0,6.0,97409,R,2096548.0,5568853.0,974
201700060299,17,11,26,905,1,1,1,1.0,1.0,97409,R,2097799.0,5538264.0,974
201700060300,17,12,14,1805,1,2,6,1.0,7.0,97409,R,2096288.0,5565863.0,974
201700060301,17,12,14,1715,1,1,1,1.0,6.0,97409,R,2097071.0,5566664.0,974
201700060302,17,12,21,545,1,1,1,1.0,2.0,97409,R,,,974
201700060303,17,1,25,1200,1,2,1,1.0,2.0,97411,R,2089189.0,5546744.0,974
201700060304,17,2,4,1250,1,2,2,1.0,3.0,97411,R,2088928.0,5545747.0,974
201700060305,17,2,10,1500,1,2,4,1.0,1.0,97411,R,2090601.0,5544001.0,974
201700060306,17,2,13,2340,5,2,3,1.0,1.0,97411,R,2087645.0,5544823.0,974
201700060307,17,2,19,2110,5,2,1,2.0,5.0,97411,R,2088227.0,5546379.0,974
201700060308,17,3,12,30,3,2,1,1.0,7.0,97411,R,2119550.0,5543349.0,974
201700060309,17,3,26,545,5,2,1,9.0,6.0,97411,R,2088433.0,5546728.0,974
201700060310,17,3,25,1950,5,2,2,1.0,3.0,97411,R,2089200.0,5548198.0,974
201700060311,17,3,25,1535,1,1,1,1.0,2.0,97411,R,2089543.0,5537719.0,974
201700060312,17,4,7,1430,1,1,1,1.0,6.0,97411,R,2090838.0,5546738.0,974
201700060313,17,4,7,1540,1,2,1,1.0,6.0,97411,R,2088169.0,5544795.0,974
201700060314,17,4,9,335,4,2,1,1.0,6.0,97411,R,2089480.0,5547214.0,974
201700060315,17,4,11,1720,1,2,1,1.0,6.0,97411,R,2088877.0,5545295.0,974
201700060316,17,4,10,1210,1,2,1,1.0,6.0,97411,R,2089339.0,5548506.0,974
201700060317,17,5,6,1845,2,2,1,1.0,6.0,97411,R,2088905.0,5545007.0,974
201700060318,17,5,14,1713,1,1,1,1.0,6.0,97411,R,2089473.0,5549213.0,974
201700060319,17,5,18,1730,1,2,8,1.0,6.0,97411,R,2088981.0,5547753.0,974
201700060320,17,5,20,935,1,2,1,1.0,6.0,97411,R,2089622.0,5549185.0,974
201700060321,17,6,12,2000,5,1,1,1.0,6.0,97411,R,2088166.0,5539570.0,974
201700060322,17,6,20,1715,1,2,1,1.0,3.0,97411,R,2089567.0,5549009.0,974
201700060323,17,6,29,1850,3,2,1,1.0,6.0,97411,R,2089277.0,5541161.0,974
201700060324,17,6,30,1450,1,2,1,1.0,7.0,97411,R,2089698.0,5547492.0,974
201700060325,17,7,13,2000,5,2,1,1.0,3.0,97411,R,2089687.0,5548496.0,974
201700060326,17,7,15,1435,1,2,1,1.0,6.0,97411,R,2088040.0,5544915.0,974
201700060327,17,7,27,1315,1,2,1,1.0,6.0,97411,R,2088088.0,5545062.0,974
201700060328,17,8,16,1315,1,2,1,1.0,6.0,97411,R,,,974
201700060329,17,6,24,2330,5,2,1,1.0,6.0,97411,R,2087383.0,5544682.0,974
201700060330,17,8,24,715,1,2,1,1.0,6.0,97411,R,2089489.0,5546821.0,974
201700060331,17,9,1,1849,5,2,1,1.0,7.0,97411,R,2090128.0,5548760.0,974
201700060332,17,9,13,1545,1,2,1,1.0,6.0,97411,R,2089014.0,5546575.0,974
201700060333,17,9,19,1845,5,2,3,1.0,6.0,97411,R,2087894.0,5545844.0,974
201700060334,17,9,23,1100,1,2,2,1.0,3.0,97411,R,2088904.0,5545001.0,974
201700060335,17,9,29,1540,1,2,1,1.0,6.0,97411,R,2090096.0,5549253.0,974
201700060336,17,7,12,630,1,2,1,1.0,6.0,97411,R,2090389.0,5549506.0,974
201700060337,17,10,4,815,1,1,1,1.0,2.0,97411,R,2088088.0,5539901.0,974
201700060338,17,10,6,745,1,2,1,1.0,3.0,97411,R,2089237.0,5547118.0,974
201700060339,17,10,14,2125,5,2,3,1.0,3.0,97411,R,2089611.0,5549207.0,974
201700060340,17,10,19,2145,3,2,1,1.0,1.0,97411,R,2089580.0,5548225.0,974
201700060341,17,10,25,1725,1,2,2,1.0,2.0,97411,R,2088050.0,5545196.0,974
201700060342,17,10,30,2045,5,2,6,3.0,3.0,97411,R,2090548.0,5548412.0,974
201700060343,17,10,23,1145,1,1,1,1.0,6.0,97412,R,2089075.0,5545657.0,974
201700060344,17,11,6,907,1,2,1,1.0,7.0,97411,R,2090409.0,5548241.0,974
201700060345,17,11,7,1930,5,1,1,1.0,4.0,97411,R,2088751.0,5544178.0,974
201700060346,17,11,9,1920,5,2,1,1.0,6.0,97411,R,2088946.0,5545104.0,974
201700060347,17,11,25,1350,1,2,3,1.0,3.0,97411,R,2088501.0,5546801.0,974
201700060348,17,10,26,2230,5,1,1,1.0,2.0,97411,R,2088960.0,5544843.0,974
201700060349,17,9,23,115,5,2,9,1.0,6.0,97411,R,2090169.0,5540593.0,974
201700060350,17,12,8,1400,1,1,1,8.0,5.0,97411,R,2088702.0,5543516.0,974
201700060351,17,12,16,1255,1,1,1,2.0,3.0,97411,R,2087879.0,5544363.0,974
201700060352,17,12,19,810,1,2,1,1.0,6.0,97411,R,2088857.0,5545337.0,974
201700060353,17,12,20,1827,1,2,1,1.0,1.0,97411,R,2090899.0,5550451.0,974
201700060354,17,12,21,2035,3,2,1,1.0,2.0,97411,R,2088677.0,5547056.0,974
201700060355,17,1,1,345,5,1,1,1.0,6.0,97416,R,,,974
201700060356,17,1,5,1210,1,1,3,1.0,3.0,97416,R,2132432.0,5548940.0,974
201700060357,17,1,6,2010,5,1,1,1.0,2.0,97416,R,2130170.0,5545805.0,974
201700060358,17,11,24,1630,1,2,1,1.0,3.0,97416,R,2133015.0,5548305.0,974
201700060359,17,1,10,1700,1,1,1,1.0,6.0,97416,R,2100001.0,5550001.0,974
201700060360,17,12,22,1750,1,1,1,1.0,7.0,97416,R,2130375.0,5549963.0,974
201700060361,17,1,5,1800,1,1,1,1.0,2.0,97416,R,2128621.0,5545551.0,974
201700060362,17,12,2,250,5,2,1,1.0,6.0,97416,R,2133517.0,5547096.0,974
201700060363,17,1,10,1210,1,1,9,1.0,1.0,97416,R,2131359.0,5545673.0,974
201700060364,17,1,16,950,1,2,1,8.0,3.0,97416,R,2134360.0,5547025.0,974
201700060365,17,11,2,1145,1,2,1,1.0,6.0,97416,R,2134482.0,5548499.0,974
201700060366,17,1,16,2005,5,1,1,1.0,6.0,97416,R,2134640.0,5548454.0,974
201700060367,17,1,17,755,1,2,6,1.0,3.0,97416,R,2128434.0,5540733.0,974
201700060368,17,12,2,1950,3,1,9,1.0,5.0,97416,R,2129067.0,5551377.0,974
201700060369,17,12,27,1000,1,1,1,1.0,6.0,97416,R,2131377.0,5543129.0,974
201700060370,17,1,23,1010,1,2,3,1.0,6.0,97416,R,2133810.0,5547609.0,974
201700060371,17,12,25,1335,1,1,1,1.0,6.0,97416,R,2126076.0,5548202.0,974
201700060372,17,1,27,1220,1,2,1,1.0,3.0,97416,R,2133092.0,5552558.0,974
201700060373,17,11,23,217,5,2,2,1.0,3.0,97416,R,2133642.0,5547033.0,974
201700060374,17,1,26,650,1,2,9,1.0,6.0,97416,R,2128754.0,5551116.0,974
201700060375,17,2,10,650,1,1,1,1.0,3.0,97416,R,2132101.0,5544401.0,974
201700060376,17,2,9,1840,2,1,1,1.0,3.0,97416,R,,,974
201700060377,17,2,12,1640,1,1,1,1.0,3.0,97416,R,2134989.0,5550414.0,974
201700060378,17,2,14,2005,5,2,3,1.0,6.0,97416,R,2133826.0,5546111.0,974
201700060379,17,2,17,725,1,2,2,1.0,3.0,97416,R,2133506.0,5546492.0,974
201700060380,17,2,12,1020,1,1,1,1.0,2.0,97416,R,2130486.0,5542825.0,974
201700060381,17,2,19,700,2,1,1,1.0,7.0,97416,R,2131587.0,5549186.0,974
201700060382,17,2,20,1545,1,1,1,1.0,6.0,97416,R,2131645.0,5549106.0,974
201700060383,17,2,21,1855,2,1,1,2.0,5.0,97416,R,,,974
201700060384,17,3,1,1745,1,2,1,1.0,7.0,97416,R,2130514.0,5549562.0,974
201700060385,17,3,5,650,1,2,1,1.0,2.0,97416,R,2134356.0,5546942.0,974
201700060386,17,3,10,1745,1,1,1,1.0,5.0,97416,R,2133379.0,5574856.0,974
201700060387,17,3,11,2035,3,1,3,1.0,1.0,97416,R,2129079.0,5546654.0,974
201700060388,17,3,13,730,1,1,1,2.0,7.0,97416,R,2133001.0,5548001.0,974
201700060389,17,3,7,2100,5,2,1,1.0,7.0,97416,R,2134640.0,5548631.0,974
201700060390,17,3,17,1220,1,1,1,1.0,2.0,97416,R,,,974
201700060391,17,3,19,555,2,1,1,1.0,7.0,97416,R,2130271.0,5550113.0,974
201700060392,17,3,22,2105,5,2,9,2.0,1.0,97416,R,2135802.0,5552106.0,974
201700060393,17,3,19,1140,1,1,1,1.0,2.0,97416,R,2132662.0,5580032.0,974
201700060394,17,3,27,100,5,2,1,1.0,6.0,97416,R,2128113.0,5548191.0,974
201700060395,17,3,31,935,1,1,1,1.0,6.0,97416,R,2133001.0,5545001.0,974
201700060396,17,4,1,555,3,1,1,1.0,2.0,97416,R,,,974
201700060397,17,4,7,1555,1,2,1,1.0,1.0,97416,R,2133593.0,5547648.0,974
201700060398,17,4,7,1825,2,2,1,1.0,6.0,97416,R,2129556.0,5545540.0,974