Num_Acc,an,mois,jour,hrmn,lum,agg,int,atm,col,com,gps,lat,long,dep
201700060399,17,3,5,2020,5,2,1,1.0,7.0,97416,R,2131916.0,5554944.0,974
201700060400,17,1,8,2115,3,1,1,1.0,7.0,97416,R,,,974
201700060401,17,1,22,220,3,1,1,1.0,6.0,97416,R,2132623.0,5580032.0,974
201700060402,17,3,31,1020,1,1,3,1.0,3.0,97416,R,2132767.0,5544628.0,974
201700060403,17,4,4,1630,1,2,1,1.0,6.0,97416,R,2133900.0,5546358.0,974
201700060404,17,4,12,2220,3,1,1,1.0,6.0,97416,R,2128972.0,5551417.0,974
201700060405,17,4,17,600,3,1,1,1.0,1.0,97416,R,2129987.0,5542295.0,974
201700060406,17,4,21,245,5,2,1,1.0,6.0,97416,R,2102384.0,5526562.0,974
201700060407,17,5,2,1450,1,2,1,2.0,2.0,97416,R,2133280.0,5548157.0,974
201700060408,17,5,4,915,1,2,1,1.0,3.0,97416,R,2132139.0,5544453.0,974
201700060409,17,4,24,1655,1,1,9,1.0,7.0,97416,R,2134313.0,5551352.0,974
201700060410,17,5,8,1,3,1,1,1.0,3.0,97416,R,2127428.0,5547181.0,974
201700060411,17,5,9,625,2,2,1,1.0,6.0,97416,R,2133249.0,5548058.0,974
201700060412,17,2,26,1545,1,1,1,1.0,2.0,97416,R,2128489.0,5545553.0,974
201700060413,17,2,10,845,1,2,6,1.0,2.0,97416,R,2130369.0,5543025.0,974
201700060414,17,5,21,1840,2,2,6,1.0,1.0,97416,R,2134356.0,5546893.0,974
201700060415,17,5,21,1835,5,1,1,9.0,2.0,97416,R,2130423.0,5542915.0,974
201700060416,17,5,25,1930,2,1,1,1.0,3.0,97416,R,2134925.0,5550993.0,974
201700060417,17,5,30,1600,1,1,1,1.0,2.0,97416,R,2130528.0,5549902.0,974
201700060418,17,5,30,1800,1,1,1,1.0,3.0,97416,R,2133523.0,5545548.0,974
201700060419,17,3,3,834,1,1,1,1.0,7.0,97416,R,2132080.0,5547706.0,974
201700060420,17,3,8,1725,1,2,1,1.0,3.0,97416,R,2136188.0,5553122.0,974
201700060421,17,6,6,1840,5,2,3,2.0,6.0,97416,R,2133501.0,5548081.0,974
201700060422,17,6,2,2005,5,2,1,1.0,3.0,97416,R,2134353.0,5547005.0,974
201700060423,17,6,14,800,1,1,1,7.0,3.0,97416,R,2129562.0,5544465.0,974
201700060424,17,6,16,1645,1,2,1,1.0,6.0,97416,R,2131371.0,5547574.0,974
201700060425,17,6,12,920,1,1,1,1.0,7.0,97416,R,2129720.0,5543999.0,974
201700060426,17,6,17,120,5,2,1,1.0,6.0,97416,R,2134255.0,5548014.0,974
201700060427,17,6,18,2010,3,1,1,1.0,6.0,97416,R,2132786.0,5547776.0,974
201700060428,17,6,20,740,1,2,4,2.0,6.0,97416,R,2132773.0,5547815.0,974
201700060429,17,4,30,25,3,1,1,1.0,6.0,97416,R,2132623.0,5580032.0,974
201700060430,17,6,24,500,5,1,1,1.0,6.0,97416,R,2135844.0,5552198.0,974
201700060431,17,6,24,1655,1,1,1,1.0,3.0,97416,R,2131558.0,5544127.0,974
201700060432,17,6,25,1420,1,2,1,1.0,7.0,97416,R,2134377.0,5547385.0,974
201700060433,17,6,25,1835,5,2,3,1.0,3.0,97416,R,2133698.0,5546430.0,974
201700060434,17,6,29,1115,1,1,1,1.0,6.0,97416,R,2132207.0,5544628.0,974
201700060435,17,4,24,1610,1,1,1,1.0,4.0,97416,R,,,974
201700060436,17,7,1,820,1,1,1,1.0,6.0,97416,R,2135432.0,5552201.0,974
201700060437,17,7,6,1200,1,2,1,1.0,1.0,97416,R,2133641.0,5547041.0,974
201700060438,17,7,9,1855,5,2,4,2.0,7.0,97416,R,2129239.0,5547006.0,974
201700060439,17,5,28,1820,3,1,1,1.0,7.0,97416,R,2109936.0,5524834.0,974
201700060440,17,5,10,1245,1,2,3,1.0,2.0,97416,R,2132858.0,5548131.0,974
201700060441,17,7,12,1330,1,2,1,1.0,1.0,97416,R,2131399.0,5547605.0,974
201700060442,17,7,13,1920,3,2,6,1.0,3.0,97416,R,2133321.0,5547036.0,974
201700060443,17,7,14,820,1,2,1,1.0,3.0,97416,R,2133102.0,5547218.0,974
201700060444,17,6,29,820,1,1,1,1.0,1.0,97416,R,2133094.0,5551987.0,974
201700060445,17,7,18,1020,1,1,1,1.0,3.0,97416,R,2132264.0,5548007.0,974
201700060446,17,7,25,1730,2,2,1,1.0,4.0,97416,R,2129418.0,5551091.0,974
201700060447,17,7,26,2020,3,1,1,1.0,6.0,97416,R,2132338.0,5548158.0,974
201700060448,17,6,29,1100,1,2,1,1.0,2.0,97416,R,2133829.0,5545825.0,974
201700060449,17,7,29,330,5,1,1,1.0,1.0,97416,R,2132411.0,5548673.0,974
201700060450,17,7,31,1100,1,1,1,1.0,7.0,97416,R,2132207.0,5544628.0,974
201700060451,17,8,2,1014,1,2,2,1.0,6.0,97416,R,2133432.0,5547109.0,974
201700060452,17,5,29,2200,5,2,1,1.0,7.0,97416,R,2133335.0,5552289.0,974
201700060453,17,7,1,2000,5,2,1,1.0,6.0,97416,R,2131407.0,5547155.0,974
201700060454,17,8,4,900,1,2,3,1.0,6.0,97416,R,2134353.0,5547389.0,974
201700060455,17,8,4,1210,1,2,1,1.0,2.0,97416,R,2130568.0,5546357.0,974
201700060456,17,8,4,1900,5,2,1,1.0,7.0,97416,R,2129159.0,5550889.0,974
201700060457,17,8,5,1940,3,1,1,1.0,2.0,97416,R,2131645.0,5549106.0,974
201700060458,17,8,7,600,2,1,1,1.0,3.0,97416,R,2131659.0,5544290.0,974
201700060459,17,7,5,1131,1,2,1,1.0,7.0,97416,R,2132586.0,5547464.0,974
201700060460,17,8,3,1215,1,2,3,1.0,6.0,97416,R,2134011.0,5547174.0,974
201700060461,17,8,10,820,1,2,1,2.0,6.0,97416,R,2133753.0,5547001.0,974
201700060462,17,8,14,118,3,1,1,1.0,6.0,97416,R,2133048.0,5546905.0,974
201700060463,17,8,14,1400,1,2,9,1.0,3.0,97416,R,2133001.0,5547001.0,974
201700060464,17,8,18,1250,1,1,1,1.0,3.0,97416,R,,,974
201700060465,17,8,20,1220,1,2,1,1.0,1.0,97416,R,2133329.0,5548277.0,974
201700060466,17,8,20,1640,1,1,3,1.0,3.0,97416,R,2132530.0,5548748.0,974
201700060467,17,8,20,1846,3,1,1,1.0,5.0,97416,R,2132623.0,5580032.0,974
201700060468,17,6,23,330,3,1,9,1.0,6.0,97416,R,2128527.0,5551697.0,974
201700060469,17,8,31,30,5,1,1,1.0,7.0,97416,R,2132802.0,5547183.0,974
201700060470,17,9,1,1936,3,1,1,3.0,6.0,97416,R,2123661.0,5553581.0,974
201700060471,17,5,1,655,2,1,1,1.0,6.0,97416,R,2130358.0,5542729.0,974
201700060472,17,9,4,1855,3,1,1,1.0,2.0,97416,R,2132001.0,5544607.0,974
201700060473,17,9,5,1745,1,1,1,1.0,4.0,97416,R,2130011.0,5550478.0,974
201700060474,17,9,6,600,2,2,1,1.0,2.0,97416,R,2134172.0,5547277.0,974
201700060475,17,7,15,1945,2,2,1,1.0,2.0,97416,R,2132832.0,5547064.0,974
201700060476,17,7,3,1615,1,1,1,1.0,7.0,97416,R,2127688.0,5549071.0,974
201700060477,17,9,6,2000,5,1,3,1.0,3.0,97416,R,2129878.0,5544427.0,974
201700060478,17,8,10,800,1,2,1,1.0,7.0,97416,R,2127513.0,5547093.0,974
201700060479,17,8,21,1850,3,1,9,1.0,7.0,97416,R,2132402.0,5546735.0,974
201700060480,17,9,7,1233,1,1,1,1.0,6.0,97416,R,2134266.0,5549078.0,974
201700060481,17,7,2,610,2,2,1,1.0,2.0,97416,R,2133755.0,5547414.0,974
201700060482,17,7,24,1620,1,2,1,1.0,6.0,97416,R,2133487.0,5544654.0,974
201700060483,17,9,11,1335,1,1,1,9.0,1.0,97416,R,2129797.0,5548941.0,974
201700060484,17,8,31,1335,1,1,1,1.0,6.0,97416,R,2129691.0,5544727.0,974
201700060485,17,9,12,2000,5,1,1,1.0,3.0,97416,R,2127760.0,5548604.0,974
201700060486,17,7,22,853,1,1,1,1.0,2.0,97416,R,2130884.0,5549833.0,974
201700060487,17,7,27,1430,1,2,1,1.0,2.0,97416,R,,,974
201700060488,17,9,14,815,1,2,1,1.0,3.0,97416,R,2132521.0,5548787.0,974
201700060489,17,9,15,1340,1,2,1,1.0,2.0,97416,R,2134301.0,5548159.0,974
201700060490,17,9,16,202,3,1,1,1.0,7.0,97416,R,2132282.0,5548164.0,974
201700060491,17,7,4,1730,1,2,1,1.0,7.0,97416,R,2129692.0,5543997.0,974
201700060492,17,8,22,645,1,1,1,1.0,1.0,97416,R,2128387.0,5546214.0,974
201700060493,17,9,21,1710,1,1,1,1.0,6.0,97416,R,2133737.0,5551165.0,974
201700060494,17,9,22,2020,4,1,1,1.0,5.0,97416,R,2129908.0,5542141.0,974
201700060495,17,9,24,515,2,1,1,1.0,6.0,97416,R,2132207.0,5544628.0,974
201700060496,17,9,26,1925,5,2,1,1.0,6.0,97416,R,2134361.0,5547665.0,974
201700060497,17,9,27,805,1,1,1,1.0,3.0,97416,R,2131645.0,5549106.0,974
201700060498,17,9,28,630,1,2,1,1.0,2.0,97416,R,2132575.0,5547938.0,974
201700060499,17,10,1,14,3,1,1,2.0,6.0,97416,R,,,974
201700060500,17,10,3,820,1,2,1,1.0,6.0,97416,R,2134356.0,5548693.0,974
201700060501,17,10,3,1742,1,2,1,1.0,5.0,97416,R,2132171.0,5548372.0,974
201700060502,17,10,4,640,1,2,1,1.0,3.0,97416,R,2133515.0,5546530.0,974
201700060503,17,10,2,1645,1,2,1,1.0,4.0,97416,R,2134721.0,5549218.0,974
201700060504,17,10,7,1220,1,2,1,1.0,2.0,97416,R,2130886.0,5546824.0,974
201700060505,17,10,11,1315,1,2,1,1.0,3.0,97416,R,2135258.0,5550968.0,974
201700060506,17,10,14,420,5,2,1,1.0,7.0,97416,R,2130680.0,5547121.0,974
201700060507,17,10,15,1,3,2,4,1.0,3.0,97416,R,2134357.0,5547839.0,974
201700060508,17,10,17,1720,1,1,1,1.0,4.0,97416,R,2131634.0,5544252.0,974
201700060509,17,10,19,1450,1,1,1,1.0,7.0,97416,R,2131998.0,5545101.0,974
201700060510,17,10,29,1700,1,1,1,7.0,4.0,97416,R,2133244.0,5548036.0,974
201700060511,17,10,31,735,1,2,1,1.0,1.0,97416,R,2132812.0,5548531.0,974
201700060512,17,11,3,1430,1,2,2,1.0,3.0,97416,R,2134201.0,5547359.0,974
201700060513,17,11,5,1910,5,1,1,1.0,2.0,97416,R,2128883.0,5545607.0,974
201700060514,17,11,6,1750,1,2,1,1.0,6.0,97416,R,2130001.0,5540001.0,974
201700060515,17,11,7,220,5,2,1,1.0,7.0,97416,R,2129805.0,5545818.0,974
201700060516,17,11,3,740,1,1,6,1.0,2.0,97416,R,,,974
201700060517,17,11,7,1730,1,1,1,1.0,6.0,97416,R,2128181.0,5547461.0,974
201700060518,17,11,3,1225,1,1,1,1.0,6.0,97416,R,,,974
201700060519,17,11,11,1315,1,2,1,1.0,6.0,97416,R,2131957.0,5547825.0,974
201700060520,17,11,14,1615,1,2,6,1.0,7.0,97416,R,2133102.0,5547566.0,974
201700060521,17,11,23,1120,1,1,1,1.0,1.0,97416,R,2129825.0,5543833.0,974
201700060522,17,11,23,1530,1,2,2,1.0,3.0,97416,R,2133632.0,5547789.0,974
201700060523,17,11,25,1015,1,2,1,1.0,3.0,97416,R,2132741.0,5548270.0,974
201700060524,17,11,30,2145,5,2,2,1.0,3.0,97416,R,2133628.0,5547042.0,974
201700060525,17,12,2,1510,1,2,2,1.0,3.0,97416,R,2089072.0,5544919.0,974
201700060526,17,12,4,620,1,1,1,1.0,6.0,97416,R,2131101.0,5549601.0,974
201700060527,17,12,4,1540,1,1,1,1.0,6.0,97416,R,2133758.0,5553618.0,974
201700060528,17,12,5,1710,1,1,1,1.0,2.0,97416,R,,,974
201700060529,17,12,7,1430,1,2,1,1.0,2.0,97416,R,2135628.0,5551768.0,974
201700060530,17,7,28,2145,3,1,1,1.0,7.0,97416,R,2131308.0,5549488.0,974
201700060531,17,9,4,1030,1,2,6,1.0,6.0,97416,R,,,974
201700060532,17,12,1,1730,1,1,1,1.0,7.0,97416,R,2129265.0,5549441.0,974
201700060533,17,12,12,730,1,2,1,1.0,3.0,97416,R,2133336.0,5545925.0,974
201700060534,17,12,17,410,5,2,1,1.0,6.0,97416,R,2133603.0,5547921.0,974
201700060535,17,12,18,930,1,1,1,1.0,4.0,97416,R,2130161.0,5542509.0,974
201700060536,17,12,17,1130,1,2,1,1.0,7.0,97416,R,2128874.0,5546645.0,974
201700060537,17,12,18,1720,1,2,9,1.0,6.0,97416,R,2133001.0,5547001.0,974
201700060538,17,12,16,700,2,1,1,2.0,5.0,97416,R,2130694.0,5549904.0,974
201700060539,17,12,19,2210,3,2,1,1.0,6.0,97416,R,2129252.0,5545809.0,974
201700060540,17,12,31,1405,1,2,2,1.0,3.0,97416,R,2133595.0,5547026.0,974
201700060541,17,12,2,252,5,2,1,1.0,7.0,97611,Y,1279468.0,4521644.0,976
201700060542,17,12,12,1554,1,2,1,1.0,6.0,97611,Y,1275607.0,4523298.0,976
201700060543,17,12,2,630,2,2,1,1.0,6.0,97611,Y,1278082.0,4522487.0,976
201700060544,17,12,15,1030,1,2,1,1.0,6.0,97611,Y,1280708.0,4520709.0,976
201700060545,17,12,15,1520,1,2,1,1.0,6.0,97611,Y,1278651.0,4517486.0,976
201700060546,17,12,12,600,3,1,1,3.0,7.0,97611,Y,1279364.0,4519463.0,976
201700060547,17,12,16,1345,1,2,1,1.0,6.0,97611,Y,1279118.0,4522033.0,976
201700060548,17,12,4,640,2,2,3,1.0,3.0,97611,Y,1280761.0,4520519.0,976
201700060549,17,12,31,1155,1,2,1,1.0,2.0,97611,Y,1278138.0,4523441.0,976
201700060550,17,12,5,730,2,2,1,3.0,1.0,97611,Y,1279120.0,4522027.0,976
201700060551,17,1,2,745,1,2,1,1.0,3.0,97611,Y,,,976
201700060552,17,12,31,1300,1,2,1,1.0,2.0,97611,Y,1276981.0,4522391.0,976
201700060553,17,1,5,1930,3,1,1,1.0,7.0,97611,Y,,,976
201700060554,17,12,31,1400,1,2,1,1.0,2.0,97611,Y,1276961.0,4522395.0,976
201700060555,17,1,10,630,2,2,1,1.0,4.0,97611,Y,,,976
201700060556,17,12,8,1647,2,1,1,1.0,2.0,97611,Y,1279504.0,4519587.0,976
201700060557,17,1,12,1544,1,2,1,1.0,6.0,97611,Y,,,976
201700060558,17,12,8,140,3,2,1,1.0,6.0,97611,Y,1277654.0,4522584.0,976
201700060559,17,1,14,820,1,2,1,1.0,6.0,97611,Y,,,976
201700060560,17,1,15,1510,1,2,1,1.0,3.0,97611,Y,,,976
201700060561,17,1,14,1030,1,2,1,1.0,6.0,97611,Y,,,976
201700060562,17,1,22,1840,1,2,1,1.0,6.0,97611,Y,,,976
201700060563,17,1,21,1548,1,2,1,1.0,6.0,97611,Y,,,976
201700060564,17,1,1,2225,3,2,6,1.0,3.0,97611,Y,,,976
201700060565,17,1,19,610,2,2,1,2.0,2.0,97611,Y,,,976
201700060566,17,2,1,1630,1,2,1,1.0,3.0,97611,Y,1278911.0,4522435.0,976
201700060567,17,2,16,1540,1,2,1,1.0,6.0,97611,Y,1278288.0,4523264.0,976
201700060568,17,12,28,2253,5,2,1,1.0,1.0,97611,Y,1277416.0,4522175.0,976
201700060569,17,2,10,735,1,2,3,2.0,6.0,97611,Y,1280100.0,4520793.0,976
201700060570,17,2,2,526,2,2,6,1.0,7.0,97611,Y,1277584.0,4522451.0,976
201700060571,17,2,9,1038,1,2,4,1.0,2.0,97611,Y,1280201.0,4520796.0,976
201700060572,17,2,6,935,1,2,1,2.0,7.0,97611,Y,,,976
201700060573,17,2,15,1815,2,2,1,1.0,3.0,97611,Y,,,976
201700060574,17,2,8,1250,1,2,1,1.0,6.0,97611,Y,1278939.0,4521401.0,976
201700060575,17,2,3,1715,2,2,1,1.0,6.0,97611,Y,1279018.0,4522347.0,976
201700060576,17,2,28,2230,5,2,1,1.0,3.0,97611,Y,1278138.0,4523001.0,976
201700060577,17,2,28,1709,2,2,1,1.0,6.0,97611,Y,1278073.0,4522917.0,976
201700060578,17,2,28,828,1,2,1,1.0,6.0,97611,Y,1281614.0,4519913.0,976
201700060579,17,3,23,2010,3,2,1,1.0,3.0,97611,Y,1279540.0,4521586.0,976
201700060580,17,3,21,1250,1,2,1,1.0,3.0,97611,Y,1278099.0,4522636.0,976
201700060581,17,3,22,735,1,2,1,1.0,7.0,97611,Y,1279029.0,4522486.0,976
201700060582,17,3,10,735,1,2,1,1.0,3.0,97611,Y,1279221.0,4522101.0,976
201700060583,17,5,26,926,1,2,1,1.0,6.0,97611,Y,1276680.0,4522476.0,976
201700060584,17,3,23,415,2,2,1,1.0,3.0,97611,Y,1280331.0,4521284.0,976
201700060585,17,3,14,2016,3,2,1,1.0,6.0,97611,Y,1277183.0,4522062.0,976
201700060586,17,5,12,1730,5,2,9,1.0,6.0,97611,Y,1277585.0,4523206.0,976
201700060587,17,3,16,50,5,2,1,1.0,6.0,97611,Y,1277548.0,4522307.0,976
201700060588,17,4,2,350,4,2,1,2.0,6.0,97611,Y,,,976
201700060589,17,4,28,2000,3,2,1,1.0,3.0,97611,Y,,,976
201700060590,17,4,8,2055,5,2,1,1.0,3.0,97611,Y,,,976
201700060591,17,4,5,710,1,2,1,1.0,6.0,97611,Y,,,976
201700060592,17,4,15,1135,1,2,1,1.0,6.0,97611,Y,,,976
201700060593,17,4,25,1647,1,2,6,1.0,6.0,97611,Y,1278001.0,4520881.0,976
201700060594,17,4,6,940,1,2,1,1.0,1.0,97611,Y,,,976
201700060595,17,4,7,1210,1,2,1,1.0,6.0,97611,Y,1278094.0,4522971.0,976
201700060596,17,4,18,1700,1,2,9,1.0,6.0,97611,Y,,,976
201700060597,17,4,12,1800,2,2,1,1.0,6.0,97611,Y,1278588.0,4521819.0,976
201700060598,17,4,29,740,1,2,1,9.0,6.0,97611,Y,,,976
201700060599,17,4,14,2100,3,2,1,1.0,3.0,97611,Y,,,976
201700060600,17,4,7,1743,2,2,1,1.0,6.0,97611,Y,,,976
201700060601,17,4,14,810,1,2,1,1.0,5.0,97611,Y,1278640.0,4522421.0,976
201700060602,17,5,1,1825,2,2,1,1.0,7.0,97611,Y,1280813.0,4520425.0,976
201700060603,17,5,24,1620,1,2,9,1.0,3.0,97611,Y,1278408.0,4522965.0,976
201700060604,17,5,3,1258,1,2,1,1.0,1.0,97611,Y,1278243.0,4522999.0,976
201700060605,17,5,4,1845,2,2,1,1.0,7.0,97611,Y,1277907.0,4522707.0,976
201700060606,17,5,6,1455,1,2,4,1.0,3.0,97611,Y,1277590.0,4523202.0,976
201700060607,17,5,17,2018,2,2,1,1.0,3.0,97611,Y,1276281.0,4522591.0,976
201700060608,17,5,27,145,3,2,1,1.0,7.0,97611,Y,1278321.0,4523371.0,976
201700060609,17,5,16,1830,4,2,1,1.0,2.0,97611,Y,,,976
201700060610,17,5,30,2035,5,2,1,1.0,6.0,97611,Y,1277779.0,4522841.0,976
201700060611,17,5,25,655,1,2,1,1.0,6.0,97611,Y,1277361.0,4522288.0,976
201700060612,17,5,29,854,1,2,7,1.0,2.0,97611,Y,1280089.0,4520061.0,976
201700060613,17,5,1,1205,1,2,1,1.0,2.0,97611,Y,1278948.0,4521878.0,976
201700060614,17,5,23,1522,1,1,1,1.0,7.0,97611,Y,1281411.0,4520118.0,976
201700060615,17,6,12,1849,2,2,9,1.0,3.0,97611,Y,1277939.0,4522751.0,976
201700060616,17,6,9,745,1,2,1,1.0,6.0,97611,Y,1278693.0,4521831.0,976
201700060617,17,6,9,1740,2,2,1,1.0,6.0,97611,Y,,,976
201700060618,17,6,9,830,1,2,1,1.0,6.0,97611,Y,1277971.0,4523124.0,976
201700060619,17,6,16,707,1,2,1,1.0,6.0,97611,Y,1280651.0,4520828.0,976
201700060620,17,6,6,643,1,2,1,1.0,7.0,97611,Y,1280852.0,4520384.0,976
201700060621,17,6,14,1957,3,2,1,1.0,7.0,97611,Y,1277549.0,4523086.0,976
201700060622,17,6,13,1640,1,2,1,1.0,6.0,97611,Y,1280615.0,4520863.0,976
201700060623,17,7,3,1935,1,2,1,1.0,3.0,97611,Y,1280721.0,4520672.0,976
201700060624,17,6,15,945,1,2,1,1.0,2.0,97611,Y,1280071.0,4521558.0,976
201700060625,17,6,18,1150,1,2,1,1.0,6.0,97611,Y,1277442.0,4522191.0,976
201700060626,17,6,20,725,1,2,9,1.0,7.0,97611,Y,1281412.0,4520117.0,976
201700060627,17,6,10,1210,1,2,1,1.0,1.0,97611,Y,1280770.0,4521439.0,976
201700060628,17,6,23,1438,1,2,1,1.0,6.0,97611,Y,1275531.0,4523291.0,976
201700060629,17,6,29,630,1,2,1,1.0,3.0,97611,Y,1280635.0,4520849.0,976
201700060630,17,6,7,1815,2,2,1,1.0,3.0,97611,Y,1276935.0,4522406.0,976
201700060631,17,6,9,1740,2,2,1,1.0,6.0,97611,Y,1278801.0,4522411.0,976
201700060632,17,6,15,1130,1,2,1,1.0,5.0,97611,Y,1281017.0,4520281.0,976
201700060633,17,7,4,1943,5,2,1,1.0,6.0,97611,Y,1278589.0,4521871.0,976
201700060634,17,7,2,1640,2,2,1,1.0,1.0,97611,Y,1278428.0,4522953.0,976
201700060635,17,7,6,500,2,2,1,1.0,6.0,97611,Y,1276464.0,4522705.0,976
201700060636,17,7,7,1254,1,2,1,1.0,6.0,97611,Y,1278685.0,4522188.0,976
201700060637,17,7,18,1454,1,2,9,1.0,6.0,97611,Y,1278765.0,4522139.0,976
201700060638,17,7,22,40,3,2,1,1.0,3.0,97611,Y,1279072.0,4522289.0,976
201700060639,17,7,19,1029,1,2,4,1.0,6.0,97611,Y,1280097.0,4520681.0,976
201700060640,17,7,27,2351,3,1,1,1.0,6.0,97611,Y,1275935.0,4522932.0,976
201700060641,17,7,28,725,1,2,9,1.0,1.0,97611,Y,1278330.0,4523115.0,976
201700060642,17,7,10,1930,5,2,1,1.0,3.0,97611,Y,1277211.0,4522213.0,976
201700060643,17,7,30,318,5,2,9,1.0,6.0,97611,Y,1276781.0,4522446.0,976
201700060644,17,7,30,1635,1,2,1,1.0,6.0,97611,Y,1277218.0,4522054.0,976
201700060645,17,7,31,915,1,1,1,1.0,6.0,97611,Y,1277219.0,4522494.0,976
201700060646,17,8,1,1007,1,2,1,1.0,6.0,97611,Y,1277548.0,4522357.0,976
201700060647,17,8,8,932,1,1,1,1.0,2.0,97611,Y,1280022.0,4520416.0,976
201700060648,17,8,9,1924,3,1,1,1.0,6.0,97611,Y,1280879.0,4520233.0,976
201700060649,17,8,9,1552,1,2,1,1.0,6.0,97611,Y,1277101.0,4522304.0,976
201700060650,17,8,12,505,2,1,1,1.0,2.0,97611,Y,1297159.0,4522174.0,976
201700060651,17,8,15,1830,2,2,1,1.0,3.0,97611,Y,1280121.0,4521452.0,976
201700060652,17,8,18,1116,1,1,1,1.0,6.0,97611,Y,1275751.0,4523274.0,976
201700060653,17,8,23,1855,2,1,1,1.0,2.0,97611,Y,1277543.0,4523121.0,976
201700060654,17,8,27,915,1,2,1,1.0,6.0,97611,Y,1280066.0,4520511.0,976
201700060655,17,9,10,720,1,2,1,1.0,1.0,97611,Y,1280095.0,4520691.0,976
201700060656,17,9,19,925,1,2,1,1.0,6.0,97611,Y,1277968.0,4523271.0,976
201700060657,17,9,5,1655,1,2,1,1.0,3.0,97611,Y,1280714.0,4520621.0,976
201700060658,17,9,22,1245,1,2,1,1.0,7.0,97611,Y,1277032.0,4522379.0,976
201700060659,17,9,23,1040,1,2,1,1.0,6.0,97611,Y,1279749.0,4521577.0,976
201700060660,17,9,8,745,1,2,1,1.0,6.0,97611,Y,1280063.0,4520547.0,976
201700060661,17,9,8,1446,1,2,1,1.0,6.0,97611,Y,1276084.0,4522652.0,976
201700060662,17,9,15,1730,2,2,1,1.0,1.0,97611,Y,1280651.0,4520828.0,976
201700060663,17,9,9,255,5,2,1,1.0,1.0,97611,Y,1277565.0,4522385.0,976
201700060664,17,9,10,2255,3,2,1,1.0,7.0,97611,Y,1276273.0,4522591.0,976
201700060665,17,9,10,1550,1,2,1,1.0,7.0,97611,Y,1279625.0,4521596.0,976
201700060666,17,9,12,1110,1,1,1,1.0,1.0,97611,Y,1275947.0,4522766.0,976
201700060667,17,8,25,1655,1,2,1,1.0,2.0,97611,Y,1278340.0,4523334.0,976
201700060668,17,9,27,1840,2,2,1,1.0,6.0,97611,Y,1278096.0,4522473.0,976
201700060669,17,9,15,1820,2,2,1,1.0,3.0,97611,Y,1276925.0,4522407.0,976
201700060670,17,9,16,1500,1,2,1,1.0,6.0,97611,Y,1278122.0,4522123.0,976
201700060671,17,10,9,1545,1,1,1,1.0,6.0,97611,Y,1276079.0,4522648.0,976
201700060672,17,10,19,523,2,2,1,1.0,3.0,97611,Y,1276756.0,4522462.0,976
201700060673,17,10,9,1518,1,2,9,1.0,3.0,97611,Y,1277666.0,4523191.0,976
201700060674,17,10,14,915,1,1,1,1.0,2.0,97611,Y,1275460.0,4523426.0,976
201700060675,17,10,5,740,1,1,1,1.0,2.0,97611,Y,1279145.0,4522192.0,976
201700060676,17,10,9,1450,1,2,1,1.0,6.0,97611,Y,1277986.0,4523295.0,976
201700060677,17,10,7,2210,3,2,1,1.0,2.0,97611,Y,1278077.0,4522951.0,976
201700060678,17,10,1,35,3,1,1,1.0,6.0,97611,Y,1279251.0,4522062.0,976
201700060679,17,10,7,1615,1,2,1,1.0,6.0,97611,Y,1277573.0,4522422.0,976
201700060680,17,10,8,1610,1,2,1,1.0,3.0,97611,Y,1277452.0,4522281.0,976
201700060681,17,10,9,1040,1,2,9,1.0,6.0,97611,Y,1278864.0,4517786.0,976
201700060682,17,10,13,914,1,2,1,1.0,7.0,97611,Y,1281989.0,4519591.0,976
201700060683,17,10,2,825,1,1,1,1.0,2.0,97611,Y,1278568.0,4517386.0,976
201700060684,17,10,22,806,1,2,1,1.0,3.0,97611,Y,1280561.0,4520911.0,976
201700060685,17,10,5,644,1,1,1,1.0,7.0,97611,Y,1280278.0,4521378.0,976
201700060686,17,10,7,2210,3,2,1,1.0,6.0,97611,Y,1277981.0,4522921.0,976
201700060687,17,10,3,1435,1,1,1,1.0,3.0,97611,Y,1280278.0,4521379.0,976
201700060688,17,10,19,1415,1,2,1,1.0,3.0,97611,Y,1276433.0,4522543.0,976
201700060689,17,10,31,1203,1,1,9,1.0,6.0,97611,Y,1278890.0,4522196.0,976
201700060690,17,10,14,915,1,1,1,1.0,2.0,97611,Y,1275640.0,4523296.0,976
201700060691,17,12,7,1825,3,2,1,1.0,7.0,97611,Y,1276679.0,4522479.0,976
201700060692,17,11,7,1904,3,2,1,1.0,6.0,97611,Y,1276433.0,4522543.0,976
201700060693,17,11,10,1900,3,2,1,1.0,6.0,97611,Y,1278371.0,4523251.0,976
201700060694,17,11,10,1907,3,1,9,1.0,1.0,97611,Y,1280604.0,4520865.0,976
201700060695,17,11,12,820,1,2,1,1.0,1.0,97611,Y,1277549.0,4522361.0,976
201700060696,17,11,14,1203,1,2,3,1.0,1.0,97611,Y,1280702.0,4520721.0,976
201700060697,17,11,19,1030,1,2,1,1.0,6.0,97611,Y,1280703.0,4520703.0,976
201700060698,17,11,25,624,1,1,6,1.0,7.0,97611,Y,1278296.0,4523434.0,976
201700060699,17,11,26,1745,2,2,1,1.0,3.0,97611,Y,1280711.0,4520617.0,976
201700060700,17,11,28,1405,1,2,1,1.0,3.0,97611,Y,1276210.0,4522609.0,976
201700060701,17,11,30,1939,3,2,1,1.0,6.0,97611,Y,1281342.0,4520169.0,976